solid right_paddle_hitter_frame
  facet normal 0.404081058 -0.100192576 0.909219416
    outer loop
      vertex -0.0779642069 -0.0178050668 0.0617045266
      vertex -0.0777539966 -0.0197339403 0.061398549
      vertex -0.0723305523 -0.0185870731 0.0591146079
    endloop
  endfacet
  facet normal 0.405403466 0.154114116 0.9010532
    outer loop
      vertex -0.078586684 -0.0149543261 0.0616728573
      vertex -0.0782000919 -0.0165058556 0.0617642912
      vertex -0.0729276017 -0.0153913143 0.0592014544
    endloop
  endfacet
  facet normal 0.232328654 0.0507174386 0.971314129
    outer loop
      vertex -0.0673744163 -0.0142158906 0.0578118127
      vertex -0.0680585037 -0.0110386863 0.057809541
      vertex -0.0729276017 -0.0153913143 0.0592014544
    endloop
  endfacet
  facet normal 0.208735914 0.0782363905 0.97483762
    outer loop
      vertex -0.0729276017 -0.0153913143 0.0592014544
      vertex -0.0680585037 -0.0110386863 0.057809541
      vertex -0.073688339 -0.0122304614 0.0591106695
    endloop
  endfacet
  facet normal 0.405144722 0.123526136 0.905869222
    outer loop
      vertex -0.0729276017 -0.0153913143 0.0592014544
      vertex -0.073688339 -0.0122304614 0.0591106695
      vertex -0.078586684 -0.0149543261 0.0616728573
    endloop
  endfacet
  facet normal 0.32533077 0.267966672 0.906837225
    outer loop
      vertex -0.078586684 -0.0149543261 0.0616728573
      vertex -0.073688339 -0.0122304614 0.0591106695
      vertex -0.0791018049 -0.0133752178 0.0613910386
    endloop
  endfacet
  facet normal 0.214956719 0.0470148751 0.975491266
    outer loop
      vertex -0.06669031 -0.0173930913 0.0578141936
      vertex -0.0673744163 -0.0142158906 0.0578118127
      vertex -0.0723305523 -0.0185870731 0.0591146079
    endloop
  endfacet
  facet normal 0.239072857 0.0182821051 0.970829508
    outer loop
      vertex -0.0723305523 -0.0185870731 0.0591146079
      vertex -0.0673744163 -0.0142158906 0.0578118127
      vertex -0.0729276017 -0.0153913143 0.0592014544
    endloop
  endfacet
  facet normal 0.423313062 0.0545097097 0.90434216
    outer loop
      vertex -0.0723305523 -0.0185870731 0.0591146079
      vertex -0.0729276017 -0.0153913143 0.0592014544
      vertex -0.0779642069 -0.0178050668 0.0617045266
    endloop
  endfacet
  facet normal 0.430588637 0.0366941954 0.901802064
    outer loop
      vertex -0.0779642069 -0.0178050668 0.0617045266
      vertex -0.0729276017 -0.0153913143 0.0592014544
      vertex -0.0782000919 -0.0165058556 0.0617642912
    endloop
  endfacet
  facet normal 0.949378326 0.200947067 -0.241456146
    outer loop
      vertex 0.0844976874 0.0108722721 -0.0275147143
      vertex 0.0816569219 0.0242745033 -0.0275305437
      vertex 0.083604219 0.0246967147 -0.0195226143
    endloop
  endfacet
  facet normal 0.949378326 0.200947067 -0.241456146
    outer loop
      vertex 0.0844976874 0.0108722721 -0.0275147143
      vertex 0.083604219 0.0246967147 -0.0195226143
      vertex 0.0864449845 0.0112944835 -0.0195067849
    endloop
  endfacet
  facet normal 0.97106961 0.2056867 -0.121312798
    outer loop
      vertex 0.0864449845 0.0112944835 -0.0195067849
      vertex 0.083604219 0.0246967147 -0.0195226143
      vertex 0.0849293337 0.0249907057 -0.00841703677
    endloop
  endfacet
  facet normal 0.97106961 0.2056867 -0.121312798
    outer loop
      vertex 0.0864449845 0.0112944835 -0.0195067849
      vertex 0.0849293337 0.0249907057 -0.00841703677
      vertex 0.0877700992 0.0115884745 -0.00840120733
    endloop
  endfacet
  facet normal 0.977446065 0.2072296 0.0406827119
    outer loop
      vertex 0.0877700992 0.0115884745 -0.00840120733
      vertex 0.0849293337 0.0249907057 -0.00841703677
      vertex 0.0844771251 0.0249081836 0.00286811574
    endloop
  endfacet
  facet normal 0.977446065 0.2072296 0.0406827119
    outer loop
      vertex 0.0877700992 0.0115884745 -0.00840120733
      vertex 0.0844771251 0.0249081836 0.00286811574
      vertex 0.0873178905 0.0115059524 0.00288394518
    endloop
  endfacet
  facet normal 0.957899881 0.203277963 0.20274587
    outer loop
      vertex 0.0873178905 0.0115059524 0.00288394518
      vertex 0.0844771251 0.0249081836 0.00286811574
      vertex 0.0823465545 0.0244689926 0.0133746238
    endloop
  endfacet
  facet normal 0.957899881 0.203277963 0.20274587
    outer loop
      vertex 0.0873178905 0.0115059524 0.00288394518
      vertex 0.0823465545 0.0244689926 0.0133746238
      vertex 0.08518732 0.0110667614 0.0133904533
    endloop
  endfacet
  facet normal 0.917692376 0.194924913 0.34618634
    outer loop
      vertex 0.08518732 0.0110667614 0.0133904533
      vertex 0.0823465545 0.0244689926 0.0133746238
      vertex 0.0779408122 0.0235495477 0.0255713467
    endloop
  endfacet
  facet normal 0.917692376 0.194924913 0.34618634
    outer loop
      vertex 0.08518732 0.0110667614 0.0133904533
      vertex 0.0779408122 0.0235495477 0.0255713467
      vertex 0.0807815777 0.0101473165 0.0255871762
    endloop
  endfacet
  facet normal -0.842048074 -0.177880851 0.509228283
    outer loop
      vertex -0.118469091 -0.035967521 0.0823988737
      vertex -0.118216564 -0.0354834921 0.0829855245
      vertex -0.122484786 -0.015346772 0.0829617409
    endloop
  endfacet
  facet normal -0.842049157 -0.177880122 0.509226747
    outer loop
      vertex -0.123227341 -0.0147873278 0.0819292955
      vertex -0.124069379 -0.0143169564 0.0807012223
      vertex -0.123355354 -0.0391314686 0.0732138618
    endloop
  endfacet
  facet normal -0.842046417 -0.177880606 0.509231108
    outer loop
      vertex -0.118469091 -0.035967521 0.0823988737
      vertex -0.122484786 -0.015346772 0.0829617409
      vertex -0.119553846 -0.0373972118 0.0801057533
    endloop
  endfacet
  facet normal -0.842044797 -0.17788015 0.509233947
    outer loop
      vertex -0.118216564 -0.0354834921 0.0829855245
      vertex -0.117809653 -0.0344560941 0.0840172527
      vertex -0.122484786 -0.015346772 0.0829617409
    endloop
  endfacet
  facet normal -0.842049515 -0.177881766 0.50922558
    outer loop
      vertex -0.122484786 -0.015346772 0.0829617409
      vertex -0.117809653 -0.0344560941 0.0840172527
      vertex -0.117527549 -0.0333394439 0.0848738033
    endloop
  endfacet
  facet normal -0.842045299 -0.177879791 0.509233241
    outer loop
      vertex -0.122484786 -0.015346772 0.0829617409
      vertex -0.117527549 -0.0333394439 0.0848738033
      vertex -0.121939271 -0.0158577121 0.0836853049
    endloop
  endfacet
  facet normal -0.842045518 -0.17788167 0.509232222
    outer loop
      vertex -0.124069379 -0.0143169564 0.0807012223
      vertex -0.124804797 -0.0140400405 0.0795818959
      vertex -0.123355354 -0.0391314686 0.0732138618
    endloop
  endfacet
  facet normal -0.842048951 -0.177880529 0.509226945
    outer loop
      vertex -0.123355354 -0.0391314686 0.0732138618
      vertex -0.124804797 -0.0140400405 0.0795818959
      vertex -0.12628936 -0.01383064 0.0772001939
    endloop
  endfacet
  facet normal -0.842047497 -0.177880728 0.509229279
    outer loop
      vertex -0.123355354 -0.0391314686 0.0732138618
      vertex -0.12628936 -0.01383064 0.0772001939
      vertex -0.128656969 -0.0141193827 0.0731843199
    endloop
  endfacet
  facet normal -0.842047428 -0.17788104 0.509229284
    outer loop
      vertex -0.123227341 -0.0147873278 0.0819292955
      vertex -0.123355354 -0.0391314686 0.0732138618
      vertex -0.122484786 -0.015346772 0.0829617409
    endloop
  endfacet
  facet normal -0.842048557 -0.177880335 0.509227665
    outer loop
      vertex -0.122484786 -0.015346772 0.0829617409
      vertex -0.123355354 -0.0391314686 0.0732138618
      vertex -0.121038617 -0.0384086213 0.0772972703
    endloop
  endfacet
  facet normal -0.842048118 -0.177880474 0.509228342
    outer loop
      vertex -0.122484786 -0.015346772 0.0829617409
      vertex -0.121038617 -0.0384086213 0.0772972703
      vertex -0.119553846 -0.0373972118 0.0801057533
    endloop
  endfacet
  facet normal -0.842048552 -0.177881143 0.509227391
    outer loop
      vertex -0.119787486 -0.0191918841 0.0860787805
      vertex -0.120749982 -0.0173770458 0.085121167
      vertex -0.117527549 -0.0333394439 0.0848738033
    endloop
  endfacet
  facet normal -0.842049611 -0.177881329 0.509225575
    outer loop
      vertex -0.117527549 -0.0333394439 0.0848738033
      vertex -0.120749982 -0.0173770458 0.085121167
      vertex -0.120985995 -0.0170227744 0.0848546522
    endloop
  endfacet
  facet normal -0.842049152 -0.177881231 0.509226367
    outer loop
      vertex -0.117527549 -0.0333394439 0.0848738033
      vertex -0.120985995 -0.0170227744 0.0848546522
      vertex -0.121939271 -0.0158577121 0.0836853049
    endloop
  endfacet
  facet normal -0.842055261 -0.177879467 0.509216882
    outer loop
      vertex -0.117313615 -0.0307185733 0.0861430739
      vertex -0.117519958 -0.0280988395 0.0867169844
      vertex -0.117416066 -0.0326330052 0.0853049101
    endloop
  endfacet
  facet normal -0.842054983 -0.17787959 0.509217298
    outer loop
      vertex -0.117416066 -0.0326330052 0.0853049101
      vertex -0.117519958 -0.0280988395 0.0867169844
      vertex -0.118077842 -0.0249287383 0.0869018315
    endloop
  endfacet
  facet normal -0.842040799 -0.177882988 0.509239566
    outer loop
      vertex -0.117416066 -0.0326330052 0.0853049101
      vertex -0.118077842 -0.0249287383 0.0869018315
      vertex -0.117527549 -0.0333394439 0.0848738033
    endloop
  endfacet
  facet normal -0.842047817 -0.17788083 0.509228715
    outer loop
      vertex -0.117527549 -0.0333394439 0.0848738033
      vertex -0.118077842 -0.0249287383 0.0869018315
      vertex -0.118976929 -0.0213978112 0.0866485274
    endloop
  endfacet
  facet normal -0.842045628 -0.177881089 0.509232244
    outer loop
      vertex -0.117527549 -0.0333394439 0.0848738033
      vertex -0.118976929 -0.0213978112 0.0866485274
      vertex -0.119787486 -0.0191918841 0.0860787805
    endloop
  endfacet
  facet normal 0.852643627 0.181306933 0.490027185
    outer loop
      vertex 0.0807815777 0.0101473165 0.0255871762
      vertex 0.0779408122 0.0235495477 0.0255713467
      vertex 0.0729706398 0.0225067293 0.0346052455
    endloop
  endfacet
  facet normal 0.852643627 0.181306933 0.490027185
    outer loop
      vertex 0.0807815777 0.0101473165 0.0255871762
      vertex 0.0729706398 0.0225067293 0.0346052455
      vertex 0.0758114053 0.00910449812 0.0346210749
    endloop
  endfacet
  facet normal 0.761875514 0.162229402 0.627078402
    outer loop
      vertex 0.0758114053 0.00910449812 0.0346210749
      vertex 0.0729706398 0.0225067293 0.0346052455
      vertex 0.0666640765 0.0211794322 0.0426108517
    endloop
  endfacet
  facet normal 0.761875514 0.162229402 0.627078402
    outer loop
      vertex 0.0758114053 0.00910449812 0.0346210749
      vertex 0.0666640765 0.0211794322 0.0426108517
      vertex 0.069504842 0.00777720099 0.0426266812
    endloop
  endfacet
  facet normal 0.666706344 0.142180632 0.731633322
    outer loop
      vertex 0.069504842 0.00777720099 0.0426266812
      vertex 0.0666640765 0.0211794322 0.0426108517
      vertex 0.0584732919 0.0194525081 0.0504103643
    endloop
  endfacet
  facet normal 0.666706344 0.142180632 0.731633322
    outer loop
      vertex 0.069504842 0.00777720099 0.0426266812
      vertex 0.0584732919 0.0194525081 0.0504103643
      vertex 0.0613140573 0.00605027686 0.0504261937
    endloop
  endfacet
  facet normal 0.575689372 0.122979112 0.80836742
    outer loop
      vertex 0.0613140573 0.00605027686 0.0504261937
      vertex 0.0584732919 0.0194525081 0.0504103643
      vertex 0.0478745575 0.0172152948 0.0582987441
    endloop
  endfacet
  facet normal 0.575689372 0.122979112 0.80836742
    outer loop
      vertex 0.0613140573 0.00605027686 0.0504261937
      vertex 0.0478745575 0.0172152948 0.0582987441
      vertex 0.0507153229 0.00381306355 0.0583145735
    endloop
  endfacet
  facet normal 0.494234562 0.105778149 0.862869156
    outer loop
      vertex 0.0507153229 0.00381306355 0.0583145735
      vertex 0.0478745575 0.0172152948 0.0582987441
      vertex 0.0335779964 0.0141950743 0.0668577798
    endloop
  endfacet
  facet normal 0.494234562 0.105778149 0.862869156
    outer loop
      vertex 0.0507153229 0.00381306355 0.0583145735
      vertex 0.0335779964 0.0141950743 0.0668577798
      vertex 0.0364187619 0.00079284314 0.0668736092
    endloop
  endfacet
  facet normal 0.40386621 0.0866799771 0.910702293
    outer loop
      vertex 0.0364187619 0.00079284314 0.0668736092
      vertex 0.0335779964 0.0141950743 0.0668577798
      vertex 0.021328677 0.0116053896 0.0725364303
    endloop
  endfacet
  facet normal 0.40386621 0.0866799771 0.910702293
    outer loop
      vertex 0.0364187619 0.00079284314 0.0668736092
      vertex 0.021328677 0.0116053896 0.0725364303
      vertex 0.0241694424 -0.00179684162 0.0725522598
    endloop
  endfacet
  facet normal 0.299383762 0.0645823663 0.951944579
    outer loop
      vertex 0.0241694424 -0.00179684162 0.0725522598
      vertex 0.021328677 0.0116053896 0.0725364303
      vertex 0.00970388863 0.00914588984 0.0763592507
    endloop
  endfacet
  facet normal 0.299383762 0.0645823663 0.951944579
    outer loop
      vertex 0.0241694424 -0.00179684162 0.0725522598
      vertex 0.00970388863 0.00914588984 0.0763592507
      vertex 0.0125446541 -0.00425634136 0.0763750802
    endloop
  endfacet
  facet normal 0.17188069 0.037594877 0.984400149
    outer loop
      vertex 0.0125446541 -0.00425634136 0.0763750802
      vertex 0.00970388863 0.00914588984 0.0763592507
      vertex -0.00233517817 0.00659666136 0.0785586826
    endloop
  endfacet
  facet normal 0.17188069 0.037594877 0.984400149
    outer loop
      vertex 0.0125446541 -0.00425634136 0.0763750802
      vertex -0.00233517817 0.00659666136 0.0785586826
      vertex 0.000505587298 -0.00680556984 0.078574512
    endloop
  endfacet
  facet normal 0.0246048315 0.00639601564 0.999676794
    outer loop
      vertex 0.000505587298 -0.00680556984 0.078574512
      vertex -0.00233517817 0.00659666136 0.0785586826
      vertex -0.014985807 0.00391559514 0.0788872035
    endloop
  endfacet
  facet normal 0.0246048315 0.00639601564 0.999676794
    outer loop
      vertex 0.000505587298 -0.00680556984 0.078574512
      vertex -0.014985807 0.00391559514 0.0788872035
      vertex -0.0121450416 -0.00948663606 0.0789030329
    endloop
  endfacet
  facet normal -0.842047847 -0.177880803 0.509228675
    outer loop
      vertex -0.0436437518 -0.0125459662 0.0257488793
      vertex -0.0428972733 -0.0160677203 0.0257530388
      vertex -0.0133530897 -0.00606365946 0.0781011249
    endloop
  endfacet
  facet normal -0.842047979 -0.177880261 0.509228646
    outer loop
      vertex -0.0133530897 -0.00606365946 0.0781011249
      vertex -0.0428972733 -0.0160677203 0.0257530388
      vertex -0.0121450416 -0.00948663606 0.0789030329
    endloop
  endfacet
  facet normal -0.842048941 -0.177881037 0.509226784
    outer loop
      vertex -0.0133530897 -0.00606365946 0.0781011249
      vertex -0.0121450416 -0.00948663606 0.0789030329
      vertex -0.0147008981 0.000295063048 0.0780936146
    endloop
  endfacet
  facet normal -0.842048941 -0.177881037 0.509226784
    outer loop
      vertex -0.0147008981 0.000295063048 0.0780936146
      vertex -0.0121450416 -0.00948663606 0.0789030329
      vertex -0.014985807 0.00391559514 0.0788872035
    endloop
  endfacet
  facet normal -0.842047729 -0.177881356 0.509228676
    outer loop
      vertex -0.0147008981 0.000295063048 0.0780936146
      vertex -0.014985807 0.00391559514 0.0788872035
      vertex -0.0449915602 -0.00618724369 0.0257413689
    endloop
  endfacet
  facet normal -0.842047863 -0.177880806 0.509228647
    outer loop
      vertex -0.0449915602 -0.00618724369 0.0257413689
      vertex -0.014985807 0.00391559514 0.0788872035
      vertex -0.0457380388 -0.00266548912 0.0257372094
    endloop
  endfacet
  facet normal 0.0955411764 0.0212826503 0.995197936
    outer loop
      vertex -0.0658648181 -0.0105739685 0.0575890043
      vertex -0.0680585037 -0.0110386863 0.057809541
      vertex -0.0673744163 -0.0142158906 0.0578118127
    endloop
  endfacet
  facet normal -0.522086785 -0.109663633 0.845812791
    outer loop
      vertex -0.0447790577 -0.0127407316 0.0645908468
      vertex -0.0461268661 -0.00638200911 0.0645833364
      vertex -0.0529601123 -0.00783560292 0.0601769784
    endloop
  endfacet
  facet normal -0.522086785 -0.109663633 0.845812791
    outer loop
      vertex -0.0447790577 -0.0127407316 0.0645908468
      vertex -0.0529601123 -0.00783560292 0.0601769784
      vertex -0.051612304 -0.0141943254 0.0601844888
    endloop
  endfacet
  facet normal -0.313682081 -0.0653698906 0.947275213
    outer loop
      vertex -0.051612304 -0.0141943254 0.0601844888
      vertex -0.0529601123 -0.00783560292 0.0601769784
      vertex -0.0590429913 -0.00912742727 0.0580735385
    endloop
  endfacet
  facet normal -0.313682081 -0.0653698906 0.947275213
    outer loop
      vertex -0.051612304 -0.0141943254 0.0601844888
      vertex -0.0590429913 -0.00912742727 0.0580735385
      vertex -0.0576951829 -0.0154861498 0.0580810488
    endloop
  endfacet
  facet normal -0.0680475669 -0.0132452439 0.997594152
    outer loop
      vertex -0.0576951829 -0.0154861498 0.0580810488
      vertex -0.0590429913 -0.00912742727 0.0580735385
      vertex -0.0658648181 -0.0105739685 0.0575890043
    endloop
  endfacet
  facet normal -0.0680475669 -0.0132452439 0.997594152
    outer loop
      vertex -0.0576951829 -0.0154861498 0.0580810488
      vertex -0.0658648181 -0.0105739685 0.0575890043
      vertex -0.0645170097 -0.016932691 0.0575965146
    endloop
  endfacet
  facet normal 0.095313381 0.0213782838 0.995217729
    outer loop
      vertex -0.0645170097 -0.016932691 0.0575965146
      vertex -0.0658648181 -0.0105739685 0.0575890043
      vertex -0.0673744163 -0.0142158906 0.0578118127
    endloop
  endfacet
  facet normal 0.095183455 0.0212404142 0.995233116
    outer loop
      vertex -0.0645170097 -0.016932691 0.0575965146
      vertex -0.0673744163 -0.0142158906 0.0578118127
      vertex -0.06669031 -0.0173930913 0.0578141936
    endloop
  endfacet
  facet normal -0.205131577 -0.0423252193 0.977818803
    outer loop
      vertex -0.0133530897 -0.00606365946 0.0781011249
      vertex -0.0147008981 0.000295063048 0.0780936146
      vertex -0.0249055993 -0.00187058636 0.0758590819
    endloop
  endfacet
  facet normal -0.205131577 -0.0423252193 0.977818803
    outer loop
      vertex -0.0133530897 -0.00606365946 0.0781011249
      vertex -0.0249055993 -0.00187058636 0.0758590819
      vertex -0.0235577909 -0.00822930887 0.0758665923
    endloop
  endfacet
  facet normal -0.357408139 -0.0746574294 0.930959554
    outer loop
      vertex -0.0235577909 -0.00822930887 0.0758665923
      vertex -0.0249055993 -0.00187058636 0.0758590819
      vertex -0.0349938072 -0.00401368182 0.071814217
    endloop
  endfacet
  facet normal -0.357408139 -0.0746574294 0.930959554
    outer loop
      vertex -0.0235577909 -0.00822930887 0.0758665923
      vertex -0.0349938072 -0.00401368182 0.071814217
      vertex -0.0336459989 -0.0103724043 0.0718217274
    endloop
  endfacet
  facet normal -0.503845576 -0.10578363 0.857291933
    outer loop
      vertex -0.0336459989 -0.0103724043 0.0718217274
      vertex -0.0349938072 -0.00401368182 0.071814217
      vertex -0.0436048023 -0.00584513096 0.0665273959
    endloop
  endfacet
  facet normal -0.503845576 -0.10578363 0.857291933
    outer loop
      vertex -0.0336459989 -0.0103724043 0.0718217274
      vertex -0.0436048023 -0.00584513096 0.0665273959
      vertex -0.0422569939 -0.0122038535 0.0665349062
    endloop
  endfacet
  facet normal -0.589113059 -0.123926557 0.798491084
    outer loop
      vertex -0.0422569939 -0.0122038535 0.0665349062
      vertex -0.0436048023 -0.00584513096 0.0665273959
      vertex -0.0461268661 -0.00638200911 0.0645833364
    endloop
  endfacet
  facet normal -0.589113059 -0.123926557 0.798491084
    outer loop
      vertex -0.0422569939 -0.0122038535 0.0665349062
      vertex -0.0461268661 -0.00638200911 0.0645833364
      vertex -0.0447790577 -0.0127407316 0.0645908468
    endloop
  endfacet
  facet normal 0.265729618 -0.962034478 0.0622690398
    outer loop
      vertex -0.0726505387 -0.0270420708 0.0435939065
      vertex -0.0707282942 -0.0265837281 0.0424720677
      vertex -0.0707172309 -0.026295395 0.0468794987
    endloop
  endfacet
  facet normal 0.326703067 -0.921556385 0.209759232
    outer loop
      vertex -0.0663499768 -0.0248898566 0.0462525304
      vertex -0.0697696954 -0.025567778 0.0486004116
      vertex -0.0707172309 -0.026295395 0.0468794987
    endloop
  endfacet
  facet normal 0.506284991 -0.675216793 0.536430601
    outer loop
      vertex -0.0613557962 -0.0222250533 0.0465729176
      vertex -0.0572420075 -0.0198215354 0.0457156701
      vertex -0.062469291 -0.0218594572 0.0480840214
    endloop
  endfacet
  facet normal 0.53995494 -0.455465938 0.707813141
    outer loop
      vertex -0.0617986511 -0.0182279508 0.0504316367
      vertex -0.0620395246 -0.020188917 0.0493535379
      vertex -0.0561301203 -0.0187060648 0.0457997422
    endloop
  endfacet
  facet normal 0.399620948 -0.852973164 0.335767597
    outer loop
      vertex -0.0697696954 -0.025567778 0.0486004116
      vertex -0.0663499768 -0.0248898566 0.0462525304
      vertex -0.0689466312 -0.0245431468 0.0502237643
    endloop
  endfacet
  facet normal 0.38101061 -0.865676403 0.324707992
    outer loop
      vertex -0.0663499768 -0.0248898566 0.0462525304
      vertex -0.0641503014 -0.0237636782 0.0466738517
      vertex -0.0689466312 -0.0245431468 0.0502237643
    endloop
  endfacet
  facet normal 0.427547183 -0.810869005 0.399618397
    outer loop
      vertex -0.0689466312 -0.0245431468 0.0502237643
      vertex -0.0641503014 -0.0237636782 0.0466738517
      vertex -0.0630843035 -0.0231894748 0.0466984735
    endloop
  endfacet
  facet normal 0.467103856 -0.732265765 0.495581312
    outer loop
      vertex -0.0689466312 -0.0245431468 0.0502237643
      vertex -0.0630843035 -0.0231894748 0.0466984735
      vertex -0.062469291 -0.0218594572 0.0480840214
    endloop
  endfacet
  facet normal 0.414810061 -0.741374978 0.527537445
    outer loop
      vertex -0.062469291 -0.0218594572 0.0480840214
      vertex -0.0630843035 -0.0231894748 0.0466984735
      vertex -0.0630801177 -0.0231871854 0.0466983997
    endloop
  endfacet
  facet normal 0.44762171 -0.735980955 0.50790436
    outer loop
      vertex -0.062469291 -0.0218594572 0.0480840214
      vertex -0.0630801177 -0.0231871854 0.0466983997
      vertex -0.0613557962 -0.0222250533 0.0465729176
    endloop
  endfacet
  facet normal 0.194941063 -0.978754607 0.0635405552
    outer loop
      vertex -0.0707282942 -0.0265837281 0.0424720677
      vertex -0.0694173325 -0.026203931 0.0443003157
      vertex -0.0707172309 -0.026295395 0.0468794987
    endloop
  endfacet
  facet normal 0.280024596 -0.953977317 0.107300995
    outer loop
      vertex -0.0707172309 -0.026295395 0.0468794987
      vertex -0.0694173325 -0.026203931 0.0443003157
      vertex -0.0681243559 -0.0257010767 0.0453967297
    endloop
  endfacet
  facet normal 0.326059368 -0.923989827 0.199820139
    outer loop
      vertex -0.0707172309 -0.026295395 0.0468794987
      vertex -0.0681243559 -0.0257010767 0.0453967297
      vertex -0.0663499768 -0.0248898566 0.0462525304
    endloop
  endfacet
  facet normal 0.264569954 -0.96249367 0.0600722485
    outer loop
      vertex -0.0763188251 -0.0276519207 0.0499785802
      vertex -0.0780539886 -0.0283303052 0.0467513217
      vertex -0.0726505387 -0.0270420708 0.0435939065
    endloop
  endfacet
  facet normal 0.266929492 -0.961751812 0.0614987718
    outer loop
      vertex -0.0726505387 -0.0270420708 0.0435939065
      vertex -0.0707172309 -0.026295395 0.0468794987
      vertex -0.0763188251 -0.0276519207 0.0499785802
    endloop
  endfacet
  facet normal 0.335598307 -0.919639571 0.204051063
    outer loop
      vertex -0.0763188251 -0.0276519207 0.0499785802
      vertex -0.0707172309 -0.026295395 0.0468794987
      vertex -0.0697696954 -0.025567778 0.0486004116
    endloop
  endfacet
  facet normal 0.335794788 -0.919217679 0.20562276
    outer loop
      vertex -0.0763188251 -0.0276519207 0.0499785802
      vertex -0.0697696954 -0.025567778 0.0486004116
      vertex -0.0751241807 -0.026669071 0.0524213906
    endloop
  endfacet
  facet normal 0.409848511 -0.850698002 0.329146027
    outer loop
      vertex -0.0751241807 -0.026669071 0.0524213906
      vertex -0.0697696954 -0.025567778 0.0486004116
      vertex -0.0689466312 -0.0245431468 0.0502237643
    endloop
  endfacet
  facet normal 0.414297248 -0.838849741 0.353113158
    outer loop
      vertex -0.0751241807 -0.026669071 0.0524213906
      vertex -0.0689466312 -0.0245431468 0.0502237643
      vertex -0.0742475559 -0.0253795393 0.0544562628
    endloop
  endfacet
  facet normal 0.462814553 -0.77736968 0.426027076
    outer loop
      vertex -0.0742475559 -0.0253795393 0.0544562628
      vertex -0.0689466312 -0.0245431468 0.0502237643
      vertex -0.062469291 -0.0218594572 0.0480840214
    endloop
  endfacet
  facet normal 0.474982815 -0.746880459 0.465361049
    outer loop
      vertex -0.0742475559 -0.0253795393 0.0544562628
      vertex -0.062469291 -0.0218594572 0.0480840214
      vertex -0.0739628091 -0.0247247647 0.055216508
    endloop
  endfacet
  facet normal 0.53294584 -0.476381219 0.699306561
    outer loop
      vertex -0.0499712738 -0.0154137104 0.0433350349
      vertex -0.0617986511 -0.0182279508 0.0504316367
      vertex -0.050260097 -0.0155898512 0.0434351582
    endloop
  endfacet
  facet normal 0.533433509 -0.472466268 0.701586999
    outer loop
      vertex -0.050260097 -0.0155898512 0.0434351582
      vertex -0.0617986511 -0.0182279508 0.0504316367
      vertex -0.0561301203 -0.0187060648 0.0457997422
    endloop
  endfacet
  facet normal 0.551298931 -0.593706189 0.586159066
    outer loop
      vertex -0.050260097 -0.0155898512 0.0434351582
      vertex -0.0561301203 -0.0187060648 0.0457997422
      vertex -0.0572420075 -0.0198215354 0.0457156701
    endloop
  endfacet
  facet normal 0.523783873 -0.569825388 0.633205718
    outer loop
      vertex -0.0572420075 -0.0198215354 0.0457156701
      vertex -0.0561301203 -0.0187060648 0.0457997422
      vertex -0.0620395246 -0.020188917 0.0493535379
    endloop
  endfacet
  facet normal 0.512334376 -0.599270451 0.615132842
    outer loop
      vertex -0.0572420075 -0.0198215354 0.0457156701
      vertex -0.0620395246 -0.020188917 0.0493535379
      vertex -0.062469291 -0.0218594572 0.0480840214
    endloop
  endfacet
  facet normal 0.532946538 -0.594601321 0.60201101
    outer loop
      vertex -0.062469291 -0.0218594572 0.0480840214
      vertex -0.0620395246 -0.020188917 0.0493535379
      vertex -0.0736515971 -0.0236803251 0.0561850043
    endloop
  endfacet
  facet normal 0.507256554 -0.662375855 0.551315713
    outer loop
      vertex -0.062469291 -0.0218594572 0.0480840214
      vertex -0.0736515971 -0.0236803251 0.0561850043
      vertex -0.0739628091 -0.0247247647 0.055216508
    endloop
  endfacet
  facet normal 0.540424078 -0.386125804 0.747561823
    outer loop
      vertex -0.0499712738 -0.0154137104 0.0433350349
      vertex -0.0499245156 -0.0146617584 0.043689626
      vertex -0.0617986511 -0.0182279508 0.0504316367
    endloop
  endfacet
  facet normal 0.533079275 -0.242627058 0.810529825
    outer loop
      vertex -0.0617986511 -0.0182279508 0.0504316367
      vertex -0.0499245156 -0.0146617584 0.043689626
      vertex -0.0499457758 -0.013860299 0.0439435205
    endloop
  endfacet
  facet normal 0.546383368 -0.358007631 0.757162962
    outer loop
      vertex -0.0617986511 -0.0182279508 0.0504316367
      vertex -0.0499457758 -0.013860299 0.0439435205
      vertex -0.0703384554 -0.0181680793 0.0566224327
    endloop
  endfacet
  facet normal 0.558814454 -0.191340183 0.806917183
    outer loop
      vertex -0.0734356931 -0.0188219179 0.0586123217
      vertex -0.0734022766 -0.019236704 0.0584908237
      vertex -0.0703384554 -0.0181680793 0.0566224327
    endloop
  endfacet
  facet normal 0.567291257 -0.260632786 0.781185753
    outer loop
      vertex -0.0703384554 -0.0181680793 0.0566224327
      vertex -0.0734022766 -0.019236704 0.0584908237
      vertex -0.0733518825 -0.0205436498 0.0580181818
    endloop
  endfacet
  facet normal 0.565917218 -0.257742205 0.783138978
    outer loop
      vertex -0.0703384554 -0.0181680793 0.0566224327
      vertex -0.0733518825 -0.0205436498 0.0580181818
      vertex -0.0617986511 -0.0182279508 0.0504316367
    endloop
  endfacet
  facet normal 0.561444174 -0.359944207 0.745131269
    outer loop
      vertex -0.0617986511 -0.0182279508 0.0504316367
      vertex -0.0733518825 -0.0205436498 0.0580181818
      vertex -0.073378597 -0.0216494358 0.0575041482
    endloop
  endfacet
  facet normal 0.558451759 -0.451271035 0.696050347
    outer loop
      vertex -0.0617986511 -0.0182279508 0.0504316367
      vertex -0.073378597 -0.0216494358 0.0575041482
      vertex -0.0620395246 -0.020188917 0.0493535379
    endloop
  endfacet
  facet normal 0.556845344 -0.45867468 0.692488845
    outer loop
      vertex -0.0620395246 -0.020188917 0.0493535379
      vertex -0.073378597 -0.0216494358 0.0575041482
      vertex -0.0734895251 -0.0228022877 0.0568297486
    endloop
  endfacet
  facet normal 0.538534945 -0.561034997 0.62866513
    outer loop
      vertex -0.0620395246 -0.020188917 0.0493535379
      vertex -0.0734895251 -0.0228022877 0.0568297486
      vertex -0.0736515971 -0.0236803251 0.0561850043
    endloop
  endfacet
  facet normal 0.268272883 -0.961009813 0.0670059689
    outer loop
      vertex -0.109537851 -0.0353864333 0.0716043793
      vertex -0.11216336 -0.0364629838 0.0666761226
      vertex -0.100699489 -0.0337296749 0.0599795672
    endloop
  endfacet
  facet normal 0.268272838 -0.961009824 0.0670059953
    outer loop
      vertex -0.11216336 -0.0364629838 0.0666761226
      vertex -0.109537851 -0.0353864333 0.0716043793
      vertex -0.123355354 -0.0391314686 0.0732138618
    endloop
  endfacet
  facet normal 0.560105602 -0.1909976 0.806102742
    outer loop
      vertex -0.0734356931 -0.0188219179 0.0586123217
      vertex -0.0755952436 -0.0192780136 0.0600047784
      vertex -0.0734022766 -0.019236704 0.0584908237
    endloop
  endfacet
  facet normal 0.560436184 -0.187582185 0.806674784
    outer loop
      vertex -0.0734022766 -0.019236704 0.0584908237
      vertex -0.0755952436 -0.0192780136 0.0600047784
      vertex -0.0777539966 -0.0197339403 0.061398549
    endloop
  endfacet
  facet normal 0.556571936 -0.263478866 0.787912792
    outer loop
      vertex -0.0734022766 -0.019236704 0.0584908237
      vertex -0.0777539966 -0.0197339403 0.061398549
      vertex -0.0733518825 -0.0205436498 0.0580181818
    endloop
  endfacet
  facet normal 0.552733411 -0.459776092 0.695047999
    outer loop
      vertex -0.0955695849 -0.0280616474 0.0709097243
      vertex -0.0734895251 -0.0228022877 0.0568297486
      vertex -0.073378597 -0.0216494358 0.0575041482
    endloop
  endfacet
  facet normal 0.555530326 -0.408834466 0.724044499
    outer loop
      vertex -0.0955695849 -0.0280616474 0.0709097243
      vertex -0.073378597 -0.0216494358 0.0575041482
      vertex -0.0953744113 -0.0256234344 0.0721367216
    endloop
  endfacet
  facet normal 0.535778429 -0.561771222 0.630360666
    outer loop
      vertex -0.0734895251 -0.0228022877 0.0568297486
      vertex -0.0955695849 -0.0280616474 0.0709097243
      vertex -0.0736515971 -0.0236803251 0.0561850043
    endloop
  endfacet
  facet normal 0.507267859 -0.654846723 0.560227712
    outer loop
      vertex -0.0736515971 -0.0236803251 0.0561850043
      vertex -0.0955695849 -0.0280616474 0.0709097243
      vertex -0.0961775227 -0.0300526737 0.0691328936
    endloop
  endfacet
  facet normal 0.505158032 -0.662924471 0.552581676
    outer loop
      vertex -0.0736515971 -0.0236803251 0.0561850043
      vertex -0.0961775227 -0.0300526737 0.0691328936
      vertex -0.0739628091 -0.0247247647 0.055216508
    endloop
  endfacet
  facet normal 0.471971536 -0.747663758 0.467163541
    outer loop
      vertex -0.0739628091 -0.0247247647 0.055216508
      vertex -0.0961775227 -0.0300526737 0.0691328936
      vertex -0.0742475559 -0.0253795393 0.0544562628
    endloop
  endfacet
  facet normal 0.428430521 -0.82025153 0.378991709
    outer loop
      vertex -0.0742475559 -0.0253795393 0.0544562628
      vertex -0.0961775227 -0.0300526737 0.0691328936
      vertex -0.0970995436 -0.0315171142 0.067005703
    endloop
  endfacet
  facet normal 0.417834165 -0.837968804 0.351031186
    outer loop
      vertex -0.0742475559 -0.0253795393 0.0544562628
      vertex -0.0970995436 -0.0315171142 0.067005703
      vertex -0.0751241807 -0.026669071 0.0524213906
    endloop
  endfacet
  facet normal 0.358808887 -0.901795361 0.240876127
    outer loop
      vertex -0.0751241807 -0.026669071 0.0524213906
      vertex -0.0970995436 -0.0315171142 0.067005703
      vertex -0.0982009242 -0.032565744 0.064720444
    endloop
  endfacet
  facet normal 0.342114411 -0.91770607 0.201923993
    outer loop
      vertex -0.0751241807 -0.026669071 0.0524213906
      vertex -0.0982009242 -0.032565744 0.064720444
      vertex -0.0763188251 -0.0276519207 0.0499785802
    endloop
  endfacet
  facet normal 0.263820635 -0.9643425 0.0210289067
    outer loop
      vertex -0.123355354 -0.0391314686 0.0732138618
      vertex -0.109537851 -0.0353864333 0.0716043793
      vertex -0.121038617 -0.0384086213 0.0772972703
    endloop
  endfacet
  facet normal 0.341477915 -0.917788348 0.202626212
    outer loop
      vertex -0.121038617 -0.0384086213 0.0772972703
      vertex -0.109537851 -0.0353864333 0.0716043793
      vertex -0.10835383 -0.0344161656 0.0740037896
    endloop
  endfacet
  facet normal 0.333602725 -0.929326505 0.158308146
    outer loop
      vertex -0.121038617 -0.0384086213 0.0772972703
      vertex -0.10835383 -0.0344161656 0.0740037896
      vertex -0.119553846 -0.0373972118 0.0801057533
    endloop
  endfacet
  facet normal 0.408785259 -0.848636481 0.335724195
    outer loop
      vertex -0.119553846 -0.0373972118 0.0801057533
      vertex -0.10835383 -0.0344161656 0.0740037896
      vertex -0.118469091 -0.035967521 0.0823988737
    endloop
  endfacet
  facet normal 0.427017081 -0.828910086 0.361337074
    outer loop
      vertex -0.118469091 -0.035967521 0.0823988737
      vertex -0.10835383 -0.0344161656 0.0740037896
      vertex -0.107377984 -0.0329444913 0.0762265977
    endloop
  endfacet
  facet normal 0.456186187 -0.772788955 0.441238477
    outer loop
      vertex -0.118469091 -0.035967521 0.0823988737
      vertex -0.107377984 -0.0329444913 0.0762265977
      vertex -0.118216564 -0.0354834921 0.0829855245
    endloop
  endfacet
  facet normal 0.485744822 -0.707653428 0.513106805
    outer loop
      vertex -0.118216564 -0.0354834921 0.0829855245
      vertex -0.107377984 -0.0329444913 0.0762265977
      vertex -0.117809653 -0.0344560941 0.0840172527
    endloop
  endfacet
  facet normal 0.52889167 -0.610279165 0.589773636
    outer loop
      vertex -0.117809653 -0.0344560941 0.0840172527
      vertex -0.107377984 -0.0329444913 0.0762265977
      vertex -0.10682536 -0.0307793882 0.0779714008
    endloop
  endfacet
  facet normal 0.531007022 -0.596107872 0.602234961
    outer loop
      vertex -0.117809653 -0.0344560941 0.0840172527
      vertex -0.10682536 -0.0307793882 0.0779714008
      vertex -0.117527549 -0.0333394439 0.0848738033
    endloop
  endfacet
  facet normal 0.551269549 -0.496279331 0.670677799
    outer loop
      vertex -0.117527549 -0.0333394439 0.0848738033
      vertex -0.10682536 -0.0307793882 0.0779714008
      vertex -0.117416066 -0.0326330052 0.0853049101
    endloop
  endfacet
  facet normal 0.572237281 -0.365992257 0.733889748
    outer loop
      vertex -0.117416066 -0.0326330052 0.0853049101
      vertex -0.10682536 -0.0307793882 0.0779714008
      vertex -0.106687623 -0.0281970358 0.0791518273
    endloop
  endfacet
  facet normal 0.571192916 -0.354655189 0.740242089
    outer loop
      vertex -0.117416066 -0.0326330052 0.0853049101
      vertex -0.106687623 -0.0281970358 0.0791518273
      vertex -0.117313615 -0.0307185733 0.0861430739
    endloop
  endfacet
  facet normal 0.569719422 -0.173661197 0.803281749
    outer loop
      vertex -0.117313615 -0.0307185733 0.0861430739
      vertex -0.106687623 -0.0281970358 0.0791518273
      vertex -0.106855359 -0.0254497825 0.0798647201
    endloop
  endfacet
  facet normal 0.559144158 -0.135155655 0.817979682
    outer loop
      vertex -0.117313615 -0.0307185733 0.0861430739
      vertex -0.106855359 -0.0254497825 0.0798647201
      vertex -0.117519958 -0.0280988395 0.0867169844
    endloop
  endfacet
  facet normal 0.560952851 -0.360074958 0.745438075
    outer loop
      vertex -0.073378597 -0.0216494358 0.0575041482
      vertex -0.0733518825 -0.0205436498 0.0580181818
      vertex -0.0953744113 -0.0256234344 0.0721367216
    endloop
  endfacet
  facet normal 0.562606862 -0.241789658 0.790576549
    outer loop
      vertex -0.0953744113 -0.0256234344 0.0721367216
      vertex -0.0733518825 -0.0205436498 0.0580181818
      vertex -0.0777539966 -0.0197339403 0.061398549
    endloop
  endfacet
  facet normal 0.552675456 -0.163551398 0.817190786
    outer loop
      vertex -0.0953744113 -0.0256234344 0.0721367216
      vertex -0.0777539966 -0.0197339403 0.061398549
      vertex -0.0955565812 -0.0229668534 0.0727916095
    endloop
  endfacet
  facet normal 0.546939579 -0.0726932556 0.834010064
    outer loop
      vertex -0.0955565812 -0.0229668534 0.0727916095
      vertex -0.0777539966 -0.0197339403 0.061398549
      vertex -0.0779642069 -0.0178050668 0.0617045266
    endloop
  endfacet
  facet normal 0.529106835 0.0262161384 0.848150147
    outer loop
      vertex -0.107304022 -0.0226531178 0.0801103916
      vertex -0.0955565812 -0.0229668534 0.0727916095
      vertex -0.0960110048 -0.0202678339 0.0729916693
    endloop
  endfacet
  facet normal 0.527546857 0.0258807413 0.849131616
    outer loop
      vertex -0.0960110048 -0.0202678339 0.0729916693
      vertex -0.0955565812 -0.0229668534 0.0727916095
      vertex -0.0779642069 -0.0178050668 0.0617045266
    endloop
  endfacet
  facet normal 0.523925602 0.0560271129 0.849919365
    outer loop
      vertex -0.0960110048 -0.0202678339 0.0729916693
      vertex -0.0779642069 -0.0178050668 0.0617045266
      vertex -0.0782000919 -0.0165058556 0.0617642912
    endloop
  endfacet
  facet normal 0.526234493 0.0430891463 0.849247069
    outer loop
      vertex -0.118077842 -0.0249287383 0.0869018315
      vertex -0.117519958 -0.0280988395 0.0867169844
      vertex -0.107304022 -0.0226531178 0.0801103916
    endloop
  endfacet
  facet normal 0.538346064 0.0123449055 0.842633442
    outer loop
      vertex -0.107304022 -0.0226531178 0.0801103916
      vertex -0.117519958 -0.0280988395 0.0867169844
      vertex -0.106855359 -0.0254497825 0.0798647201
    endloop
  endfacet
  facet normal 0.528954605 0.0103152314 0.848587428
    outer loop
      vertex -0.107304022 -0.0226531178 0.0801103916
      vertex -0.106855359 -0.0254497825 0.0798647201
      vertex -0.0955565812 -0.0229668534 0.0727916095
    endloop
  endfacet
  facet normal 0.549954516 -0.178160749 0.815971064
    outer loop
      vertex -0.0955565812 -0.0229668534 0.0727916095
      vertex -0.106855359 -0.0254497825 0.0798647201
      vertex -0.106687623 -0.0281970358 0.0791518273
    endloop
  endfacet
  facet normal 0.546598429 -0.164906403 0.820996977
    outer loop
      vertex -0.0955565812 -0.0229668534 0.0727916095
      vertex -0.106687623 -0.0281970358 0.0791518273
      vertex -0.0953744113 -0.0256234344 0.0721367216
    endloop
  endfacet
  facet normal 0.548845432 -0.371562802 0.748805566
    outer loop
      vertex -0.0953744113 -0.0256234344 0.0721367216
      vertex -0.106687623 -0.0281970358 0.0791518273
      vertex -0.10682536 -0.0307793882 0.0779714008
    endloop
  endfacet
  facet normal 0.553766826 -0.409253554 0.725157798
    outer loop
      vertex -0.0953744113 -0.0256234344 0.0721367216
      vertex -0.10682536 -0.0307793882 0.0779714008
      vertex -0.0955695849 -0.0280616474 0.0709097243
    endloop
  endfacet
  facet normal 0.520967413 -0.61226491 0.594747538
    outer loop
      vertex -0.0955695849 -0.0280616474 0.0709097243
      vertex -0.10682536 -0.0307793882 0.0779714008
      vertex -0.107377984 -0.0329444913 0.0762265977
    endloop
  endfacet
  facet normal 0.518643022 -0.651974485 0.553117246
    outer loop
      vertex -0.0955695849 -0.0280616474 0.0709097243
      vertex -0.107377984 -0.0329444913 0.0762265977
      vertex -0.0961775227 -0.0300526737 0.0691328936
    endloop
  endfacet
  facet normal 0.437921123 -0.826090202 0.354683053
    outer loop
      vertex -0.0961775227 -0.0300526737 0.0691328936
      vertex -0.107377984 -0.0329444913 0.0762265977
      vertex -0.10835383 -0.0344161656 0.0740037896
    endloop
  endfacet
  facet normal 0.441269536 -0.817005363 0.37119191
    outer loop
      vertex -0.0961775227 -0.0300526737 0.0691328936
      vertex -0.10835383 -0.0344161656 0.0740037896
      vertex -0.0970995436 -0.0315171142 0.067005703
    endloop
  endfacet
  facet normal 0.356066825 -0.914113388 0.19394105
    outer loop
      vertex -0.0970995436 -0.0315171142 0.067005703
      vertex -0.10835383 -0.0344161656 0.0740037896
      vertex -0.109537851 -0.0353864333 0.0716043793
    endloop
  endfacet
  facet normal 0.367124338 -0.899753332 0.235931477
    outer loop
      vertex -0.0970995436 -0.0315171142 0.067005703
      vertex -0.109537851 -0.0353864333 0.0716043793
      vertex -0.0982009242 -0.032565744 0.064720444
    endloop
  endfacet
  facet normal 0.287608584 -0.954172464 0.0826813853
    outer loop
      vertex -0.0982009242 -0.032565744 0.064720444
      vertex -0.109537851 -0.0353864333 0.0716043793
      vertex -0.100699489 -0.0337296749 0.0599795672
    endloop
  endfacet
  facet normal 0.275438205 -0.95711368 0.0898175859
    outer loop
      vertex -0.0982009242 -0.032565744 0.064720444
      vertex -0.100699489 -0.0337296749 0.0599795672
      vertex -0.0763188251 -0.0276519207 0.0499785802
    endloop
  endfacet
  facet normal 0.264575969 -0.962492237 0.0600687133
    outer loop
      vertex -0.0763188251 -0.0276519207 0.0499785802
      vertex -0.100699489 -0.0337296749 0.0599795672
      vertex -0.0780539886 -0.0283303052 0.0467513217
    endloop
  endfacet
  facet normal 0.328454904 0.63699949 0.697387285
    outer loop
      vertex -0.0764466741 -0.00885097937 0.0568132706
      vertex -0.0757633112 -0.0100859155 0.0576194221
      vertex -0.0649174677 -0.00661128828 0.0493375013
    endloop
  endfacet
  facet normal 0.325907629 0.640390501 0.6954741
    outer loop
      vertex -0.0649174677 -0.00661128828 0.0493375013
      vertex -0.0757633112 -0.0100859155 0.0576194221
      vertex -0.0639022668 -0.00830346257 0.0504199149
    endloop
  endfacet
  facet normal 0.308402861 0.636956143 0.706522857
    outer loop
      vertex -0.0649174677 -0.00661128828 0.0493375013
      vertex -0.0639022668 -0.00830346257 0.0504199149
      vertex -0.0589129357 -0.00557723191 0.0457842356
    endloop
  endfacet
  facet normal 0.268620905 0.726888658 0.632040892
    outer loop
      vertex -0.0764466741 -0.00885097937 0.0568132706
      vertex -0.0649174677 -0.00661128828 0.0493375013
      vertex -0.0768708244 -0.00822340054 0.0562717799
    endloop
  endfacet
  facet normal 0.245646864 0.761052383 0.60038062
    outer loop
      vertex -0.0768708244 -0.00822340054 0.0562717799
      vertex -0.0649174677 -0.00661128828 0.0493375013
      vertex -0.0659874018 -0.00526162996 0.0480644177
    endloop
  endfacet
  facet normal 0.182443989 0.822481459 0.538737822
    outer loop
      vertex -0.0768708244 -0.00822340054 0.0562717799
      vertex -0.0659874018 -0.00526162996 0.0480644177
      vertex -0.0779321597 -0.00702603079 0.0548031988
    endloop
  endfacet
  facet normal 0.108453506 0.89760265 0.427255566
    outer loop
      vertex -0.0779321597 -0.00702603079 0.0548031988
      vertex -0.0659874018 -0.00526162996 0.0480644177
      vertex -0.0729975293 -0.00543172271 0.0502011917
    endloop
  endfacet
  facet normal 0.0660871203 0.918793028 0.389168171
    outer loop
      vertex -0.0779321597 -0.00702603079 0.0548031988
      vertex -0.0729975293 -0.00543172271 0.0502011917
      vertex -0.079129405 -0.00617348903 0.0529937319
    endloop
  endfacet
  facet normal 0.03337894 0.945332001 0.324396754
    outer loop
      vertex -0.0729975293 -0.00543172271 0.0502011917
      vertex -0.0741647281 -0.00483278787 0.0485759214
      vertex -0.079129405 -0.00617348903 0.0529937319
    endloop
  endfacet
  facet normal -0.0774290803 0.97487994 0.20883927
    outer loop
      vertex -0.079129405 -0.00617348903 0.0529937319
      vertex -0.0741647281 -0.00483278787 0.0485759214
      vertex -0.07532515 -0.00455604453 0.0468538223
    endloop
  endfacet
  facet normal -0.0279273798 0.970759339 0.238424763
    outer loop
      vertex -0.079129405 -0.00617348903 0.0529937319
      vertex -0.07532515 -0.00455604453 0.0468538223
      vertex -0.080522708 -0.00566137614 0.0507454349
    endloop
  endfacet
  facet normal -0.132470546 0.985812943 0.103074715
    outer loop
      vertex -0.080522708 -0.00566137614 0.0507454349
      vertex -0.07532515 -0.00455604453 0.0468538223
      vertex -0.0823108491 -0.00558223368 0.0476904113
    endloop
  endfacet
  facet normal -0.138739022 0.988831813 0.0544346357
    outer loop
      vertex -0.0823108491 -0.00558223368 0.0476904113
      vertex -0.07532515 -0.00455604453 0.0468538223
      vertex -0.0773935575 -0.00466534304 0.0435674772
    endloop
  endfacet
  facet normal -0.177075787 0.984167298 0.00767427079
    outer loop
      vertex -0.0823108491 -0.00558223368 0.0476904113
      vertex -0.0773935575 -0.00466534304 0.0435674772
      vertex -0.0828565049 -0.00567287909 0.0467245609
    endloop
  endfacet
  facet normal 0.126193355 0.86649134 0.482978255
    outer loop
      vertex -0.0659874018 -0.00526162996 0.0480644177
      vertex -0.0675391885 -0.00426241161 0.0466772147
      vertex -0.0729975293 -0.00543172271 0.0502011917
    endloop
  endfacet
  facet normal 0.0196203668 0.939453013 0.34211559
    outer loop
      vertex -0.0729975293 -0.00543172271 0.0502011917
      vertex -0.0675391885 -0.00426241161 0.0466772147
      vertex -0.070276545 -0.00408976622 0.0463601163
    endloop
  endfacet
  facet normal 0.0126300327 0.941148893 0.337756188
    outer loop
      vertex -0.0729975293 -0.00543172271 0.0502011917
      vertex -0.070276545 -0.00408976622 0.0463601163
      vertex -0.0741647281 -0.00483278787 0.0485759214
    endloop
  endfacet
  facet normal -0.0608288142 0.97365679 0.219755115
    outer loop
      vertex -0.0741647281 -0.00483278787 0.0485759214
      vertex -0.070276545 -0.00408976622 0.0463601163
      vertex -0.0723031787 -0.00404576176 0.0456041705
    endloop
  endfacet
  facet normal -0.0780649306 0.974742096 0.209245581
    outer loop
      vertex -0.0741647281 -0.00483278787 0.0485759214
      vertex -0.0723031787 -0.00404576176 0.0456041705
      vertex -0.07532515 -0.00455604453 0.0468538223
    endloop
  endfacet
  facet normal -0.119837397 0.986345458 0.112967407
    outer loop
      vertex -0.07532515 -0.00455604453 0.0468538223
      vertex -0.0723031787 -0.00404576176 0.0456041705
      vertex -0.0740107394 -0.00411095616 0.0443619942
    endloop
  endfacet
  facet normal -0.179565519 0.980454272 0.0804092328
    outer loop
      vertex -0.07532515 -0.00455604453 0.0468538223
      vertex -0.0740107394 -0.00411095616 0.0443619942
      vertex -0.0773935575 -0.00466534304 0.0435674772
    endloop
  endfacet
  facet normal -0.169158512 0.985039594 0.0328997964
    outer loop
      vertex -0.0773935575 -0.00466534304 0.0435674772
      vertex -0.0740107394 -0.00411095616 0.0443619942
      vertex -0.0753108756 -0.00427831534 0.042688012
    endloop
  endfacet
  facet normal -0.186340267 0.982444679 -0.0089306636
    outer loop
      vertex -0.0773935575 -0.00466534304 0.0435674772
      vertex -0.0753108756 -0.00427831534 0.042688012
      vertex -0.0754501253 -0.00430692904 0.0424457528
    endloop
  endfacet
  facet normal 0.395151256 0.44125226 0.805699651
    outer loop
      vertex -0.0512935972 -0.00750151475 0.0439360101
      vertex -0.051599193 -0.00676092537 0.0436802943
      vertex -0.0539074341 -0.00805361511 0.0455203182
    endloop
  endfacet
  facet normal 0.38154502 0.45996906 0.801780432
    outer loop
      vertex -0.0539074341 -0.00805361511 0.0455203182
      vertex -0.051599193 -0.00676092537 0.0436802943
      vertex -0.0639022668 -0.00830346257 0.0504199149
    endloop
  endfacet
  facet normal 0.355657894 0.552670135 0.753699664
    outer loop
      vertex -0.0539074341 -0.00805361511 0.0455203182
      vertex -0.0639022668 -0.00830346257 0.0504199149
      vertex -0.074783503 -0.0124631884 0.0586048114
    endloop
  endfacet
  facet normal 0.398726699 0.486554771 0.777355437
    outer loop
      vertex -0.074783503 -0.0124631884 0.0586048114
      vertex -0.0639022668 -0.00830346257 0.0504199149
      vertex -0.0757633112 -0.0100859155 0.0576194221
    endloop
  endfacet
  facet normal 0.352444098 0.537152536 0.766322589
    outer loop
      vertex -0.051599193 -0.00676092537 0.0436802943
      vertex -0.0517604682 -0.00643041891 0.0435227994
      vertex -0.0639022668 -0.00830346257 0.0504199149
    endloop
  endfacet
  facet normal 0.319998099 0.606326816 0.727989703
    outer loop
      vertex -0.0639022668 -0.00830346257 0.0504199149
      vertex -0.0517604682 -0.00643041891 0.0435227994
      vertex -0.0519468248 -0.00609340875 0.0433240266
    endloop
  endfacet
  facet normal 0.295451933 0.649929895 0.700213743
    outer loop
      vertex -0.0639022668 -0.00830346257 0.0504199149
      vertex -0.0519468248 -0.00609340875 0.0433240266
      vertex -0.0589129357 -0.00557723191 0.0457842356
    endloop
  endfacet
  facet normal 0.271147657 0.743037798 0.611860914
    outer loop
      vertex -0.0589129357 -0.00557723191 0.0457842356
      vertex -0.0519468248 -0.00609340875 0.0433240266
      vertex -0.0594134984 -0.00512819476 0.045460755
    endloop
  endfacet
  facet normal 0.248438207 0.733066403 0.633160411
    outer loop
      vertex -0.0589129357 -0.00557723191 0.0457842356
      vertex -0.0594134984 -0.00512819476 0.045460755
      vertex -0.0649174677 -0.00661128828 0.0493375013
    endloop
  endfacet
  facet normal 0.214568664 0.771007705 0.599589366
    outer loop
      vertex -0.0649174677 -0.00661128828 0.0493375013
      vertex -0.0594134984 -0.00512819476 0.045460755
      vertex -0.063919175 -0.00460165787 0.0463960835
    endloop
  endfacet
  facet normal 0.242983622 0.760555279 0.602091877
    outer loop
      vertex -0.0649174677 -0.00661128828 0.0493375013
      vertex -0.063919175 -0.00460165787 0.0463960835
      vertex -0.0659874018 -0.00526162996 0.0480644177
    endloop
  endfacet
  facet normal 0.126250153 0.858926547 0.496292339
    outer loop
      vertex -0.0659874018 -0.00526162996 0.0480644177
      vertex -0.063919175 -0.00460165787 0.0463960835
      vertex -0.0670707668 -0.00430009374 0.0466758933
    endloop
  endfacet
  facet normal 0.0694474006 0.844680658 0.530746309
    outer loop
      vertex -0.0659874018 -0.00526162996 0.0480644177
      vertex -0.0670707668 -0.00430009374 0.0466758933
      vertex -0.0675391885 -0.00426241161 0.0466772147
    endloop
  endfacet
  facet normal 0.489878223 0.207629515 0.846704973
    outer loop
      vertex -0.118077842 -0.0249287383 0.0869018315
      vertex -0.107304022 -0.0226531178 0.0801103916
      vertex -0.108028421 -0.0199154865 0.0798581835
    endloop
  endfacet
  facet normal 0.398546967 0.486526284 0.777465427
    outer loop
      vertex -0.074783503 -0.0124631884 0.0586048114
      vertex -0.0757633112 -0.0100859155 0.0576194221
      vertex -0.0769430524 -0.0129192893 0.0599972681
    endloop
  endfacet
  facet normal 0.399212984 0.486156388 0.777355105
    outer loop
      vertex -0.0769430524 -0.0129192893 0.0599972681
      vertex -0.0757633112 -0.0100859155 0.0576194221
      vertex -0.0791018049 -0.0133752178 0.0613910386
    endloop
  endfacet
  facet normal 0.4984983 0.174254417 0.849196587
    outer loop
      vertex -0.0782000919 -0.0165058556 0.0617642912
      vertex -0.078586684 -0.0149543261 0.0616728573
      vertex -0.0960110048 -0.0202678339 0.0729916693
    endloop
  endfacet
  facet normal 0.492651599 0.192366618 0.848698702
    outer loop
      vertex -0.0960110048 -0.0202678339 0.0729916693
      vertex -0.078586684 -0.0149543261 0.0616728573
      vertex -0.0966905453 -0.0176170107 0.0727852908
    endloop
  endfacet
  facet normal 0.499201578 0.187795697 0.845890395
    outer loop
      vertex -0.118077842 -0.0249287383 0.0869018315
      vertex -0.108028421 -0.0199154865 0.0798581835
      vertex -0.118976929 -0.0213978112 0.0866485274
    endloop
  endfacet
  facet normal 0.446299286 0.39098974 0.804949669
    outer loop
      vertex -0.118976929 -0.0213978112 0.0866485274
      vertex -0.108028421 -0.0199154865 0.0798581835
      vertex -0.108989318 -0.0173380453 0.0791390017
    endloop
  endfacet
  facet normal 0.45456529 0.375624247 0.807636566
    outer loop
      vertex -0.118976929 -0.0213978112 0.0866485274
      vertex -0.108989318 -0.0173380453 0.0791390017
      vertex -0.119787486 -0.0191918841 0.0860787805
    endloop
  endfacet
  facet normal 0.368102992 0.579066756 0.727448884
    outer loop
      vertex -0.119787486 -0.0191918841 0.0860787805
      vertex -0.108989318 -0.0173380453 0.0791390017
      vertex -0.120749982 -0.0173770458 0.085121167
    endloop
  endfacet
  facet normal 0.371680713 0.567887255 0.734409636
    outer loop
      vertex -0.120749982 -0.0173770458 0.085121167
      vertex -0.108989318 -0.0173380453 0.0791390017
      vertex -0.110162297 -0.0150363092 0.0779528066
    endloop
  endfacet
  facet normal 0.293643601 0.691855026 0.659628728
    outer loop
      vertex -0.120749982 -0.0173770458 0.085121167
      vertex -0.110162297 -0.0150363092 0.0779528066
      vertex -0.120985995 -0.0170227744 0.0848546522
    endloop
  endfacet
  facet normal 0.230940096 0.776880829 0.58576689
    outer loop
      vertex -0.120985995 -0.0170227744 0.0848546522
      vertex -0.110162297 -0.0150363092 0.0779528066
      vertex -0.121939271 -0.0158577121 0.0836853049
    endloop
  endfacet
  facet normal 0.233086822 0.773284797 0.5896619
    outer loop
      vertex -0.121939271 -0.0158577121 0.0836853049
      vertex -0.110162297 -0.0150363092 0.0779528066
      vertex -0.111544939 -0.0132855353 0.0762033784
    endloop
  endfacet
  facet normal 0.144796662 0.856407597 0.495580421
    outer loop
      vertex -0.121939271 -0.0158577121 0.0836853049
      vertex -0.111544939 -0.0132855353 0.0762033784
      vertex -0.122484786 -0.015346772 0.0829617409
    endloop
  endfacet
  facet normal 0.0913464359 0.901588826 0.422839706
    outer loop
      vertex -0.122484786 -0.015346772 0.0829617409
      vertex -0.111544939 -0.0132855353 0.0762033784
      vertex -0.123227341 -0.0147873278 0.0819292955
    endloop
  endfacet
  facet normal 0.0557219813 0.932005922 0.358134083
    outer loop
      vertex -0.123227341 -0.0147873278 0.0819292955
      vertex -0.111544939 -0.0132855353 0.0762033784
      vertex -0.113032857 -0.0123413407 0.0739777169
    endloop
  endfacet
  facet normal 0.0360697047 0.941248959 0.335781734
    outer loop
      vertex -0.123227341 -0.0147873278 0.0819292955
      vertex -0.113032857 -0.0123413407 0.0739777169
      vertex -0.124069379 -0.0143169564 0.0807012223
    endloop
  endfacet
  facet normal -0.0195482748 0.967479425 0.252193234
    outer loop
      vertex -0.124069379 -0.0143169564 0.0807012223
      vertex -0.113032857 -0.0123413407 0.0739777169
      vertex -0.124804797 -0.0140400405 0.0795818959
    endloop
  endfacet
  facet normal -0.0491138517 0.97980592 0.193825151
    outer loop
      vertex -0.124804797 -0.0140400405 0.0795818959
      vertex -0.113032857 -0.0123413407 0.0739777169
      vertex -0.114507545 -0.0119402895 0.071576687
    endloop
  endfacet
  facet normal -0.0900045994 0.985656341 0.142761166
    outer loop
      vertex -0.124804797 -0.0140400405 0.0795818959
      vertex -0.114507545 -0.0119402895 0.071576687
      vertex -0.12628936 -0.01383064 0.0772001939
    endloop
  endfacet
  facet normal -0.131538815 0.989665706 0.0570905462
    outer loop
      vertex -0.12628936 -0.01383064 0.0772001939
      vertex -0.114507545 -0.0119402895 0.071576687
      vertex -0.117341673 -0.0120326181 0.0666472678
    endloop
  endfacet
  facet normal -0.166144456 0.985729572 0.027078234
    outer loop
      vertex -0.12628936 -0.01383064 0.0772001939
      vertex -0.117341673 -0.0120326181 0.0666472678
      vertex -0.128656969 -0.0141193827 0.0731843199
    endloop
  endfacet
  facet normal 0.0590047174 0.924449583 0.37671131
    outer loop
      vertex -0.100131031 -0.0114007193 0.0691108637
      vertex -0.079129405 -0.00617348903 0.0529937319
      vertex -0.101566864 -0.0104410821 0.06698081
    endloop
  endfacet
  facet normal -0.0337212909 0.969743959 0.241784054
    outer loop
      vertex -0.101566864 -0.0104410821 0.06698081
      vertex -0.079129405 -0.00617348903 0.0529937319
      vertex -0.080522708 -0.00566137614 0.0507454349
    endloop
  endfacet
  facet normal -0.036845157 0.970571311 0.237978498
    outer loop
      vertex -0.101566864 -0.0104410821 0.06698081
      vertex -0.080522708 -0.00566137614 0.0507454349
      vertex -0.102997865 -0.00993462346 0.0646937143
    endloop
  endfacet
  facet normal -0.126021911 0.98704185 0.0993320897
    outer loop
      vertex -0.102997865 -0.00993462346 0.0646937143
      vertex -0.080522708 -0.00566137614 0.0507454349
      vertex -0.0823108491 -0.00558223368 0.0476904113
    endloop
  endfacet
  facet normal -0.135981477 0.986868954 0.0871705588
    outer loop
      vertex -0.102997865 -0.00993462346 0.0646937143
      vertex -0.0823108491 -0.00558223368 0.0476904113
      vertex -0.105751503 -0.0098951603 0.0599514161
    endloop
  endfacet
  facet normal -0.17706861 0.984168622 0.0076700919
    outer loop
      vertex -0.105751503 -0.0098951603 0.0599514161
      vertex -0.0823108491 -0.00558223368 0.0476904113
      vertex -0.0828565049 -0.00567287909 0.0467245609
    endloop
  endfacet
  facet normal 0.254525892 0.724607529 0.640437741
    outer loop
      vertex -0.0764466741 -0.00885097937 0.0568132706
      vertex -0.0768708244 -0.00822340054 0.0562717799
      vertex -0.100131031 -0.0114007193 0.0691108637
    endloop
  endfacet
  facet normal 0.184355554 0.822792928 0.537610293
    outer loop
      vertex -0.100131031 -0.0114007193 0.0691108637
      vertex -0.0768708244 -0.00822340054 0.0562717799
      vertex -0.0779321597 -0.00702603079 0.0548031988
    endloop
  endfacet
  facet normal 0.0686974522 0.919242134 0.387652627
    outer loop
      vertex -0.100131031 -0.0114007193 0.0691108637
      vertex -0.0779321597 -0.00702603079 0.0548031988
      vertex -0.079129405 -0.00617348903 0.0529937319
    endloop
  endfacet
  facet normal 0.466424809 0.300621001 0.831910399
    outer loop
      vertex -0.078586684 -0.0149543261 0.0616728573
      vertex -0.0791018049 -0.0133752178 0.0613910386
      vertex -0.0966905453 -0.0176170107 0.0727852908
    endloop
  endfacet
  facet normal 0.381441213 0.502504242 0.775881491
    outer loop
      vertex -0.0966905453 -0.0176170107 0.0727852908
      vertex -0.0791018049 -0.0133752178 0.0613910386
      vertex -0.0757633112 -0.0100859155 0.0576194221
    endloop
  endfacet
  facet normal 0.450280318 0.377877678 0.808984608
    outer loop
      vertex -0.0966905453 -0.0176170107 0.0727852908
      vertex -0.0757633112 -0.0100859155 0.0576194221
      vertex -0.0976014927 -0.0151164566 0.0721243118
    endloop
  endfacet
  facet normal 0.320125046 0.635687917 0.702439198
    outer loop
      vertex -0.0976014927 -0.0151164566 0.0721243118
      vertex -0.0757633112 -0.0100859155 0.0576194221
      vertex -0.0764466741 -0.00885097937 0.0568132706
    endloop
  endfacet
  facet normal 0.344012197 0.601142276 0.721306851
    outer loop
      vertex -0.0976014927 -0.0151164566 0.0721243118
      vertex -0.0764466741 -0.00885097937 0.0568132706
      vertex -0.0987684693 -0.0129698737 0.0708918993
    endloop
  endfacet
  facet normal 0.201866771 0.806322409 0.55596221
    outer loop
      vertex -0.0987684693 -0.0129698737 0.0708918993
      vertex -0.0764466741 -0.00885097937 0.0568132706
      vertex -0.100131031 -0.0114007193 0.0691108637
    endloop
  endfacet
  facet normal -0.132808914 0.9874614 0.0853333252
    outer loop
      vertex -0.105751503 -0.0098951603 0.0599514161
      vertex -0.117341673 -0.0120326181 0.0666472678
      vertex -0.102997865 -0.00993462346 0.0646937143
    endloop
  endfacet
  facet normal -0.136467478 0.988829528 0.0599399005
    outer loop
      vertex -0.102997865 -0.00993462346 0.0646937143
      vertex -0.117341673 -0.0120326181 0.0666472678
      vertex -0.114507545 -0.0119402895 0.071576687
    endloop
  endfacet
  facet normal -0.029585777 0.971853625 0.233720374
    outer loop
      vertex -0.102997865 -0.00993462346 0.0646937143
      vertex -0.114507545 -0.0119402895 0.071576687
      vertex -0.101566864 -0.0104410821 0.06698081
    endloop
  endfacet
  facet normal -0.0454980165 0.980397783 0.191703202
    outer loop
      vertex -0.101566864 -0.0104410821 0.06698081
      vertex -0.114507545 -0.0119402895 0.071576687
      vertex -0.113032857 -0.0123413407 0.0739777169
    endloop
  endfacet
  facet normal 0.0716897112 0.926607561 0.369132785
    outer loop
      vertex -0.101566864 -0.0104410821 0.06698081
      vertex -0.113032857 -0.0123413407 0.0739777169
      vertex -0.100131031 -0.0114007193 0.0691108637
    endloop
  endfacet
  facet normal 0.0649512443 0.933515609 0.352604514
    outer loop
      vertex -0.100131031 -0.0114007193 0.0691108637
      vertex -0.113032857 -0.0123413407 0.0739777169
      vertex -0.111544939 -0.0132855353 0.0762033784
    endloop
  endfacet
  facet normal 0.209275086 0.807569839 0.551393591
    outer loop
      vertex -0.100131031 -0.0114007193 0.0691108637
      vertex -0.111544939 -0.0132855353 0.0762033784
      vertex -0.0987684693 -0.0129698737 0.0708918993
    endloop
  endfacet
  facet normal 0.227489631 0.772312277 0.593112312
    outer loop
      vertex -0.0987684693 -0.0129698737 0.0708918993
      vertex -0.111544939 -0.0132855353 0.0762033784
      vertex -0.110162297 -0.0150363092 0.0779528066
    endloop
  endfacet
  facet normal 0.339766866 0.600360577 0.72396523
    outer loop
      vertex -0.0987684693 -0.0129698737 0.0708918993
      vertex -0.110162297 -0.0150363092 0.0779528066
      vertex -0.0976014927 -0.0151164566 0.0721243118
    endloop
  endfacet
  facet normal 0.350548432 0.563967631 0.74770068
    outer loop
      vertex -0.0976014927 -0.0151164566 0.0721243118
      vertex -0.110162297 -0.0150363092 0.0779528066
      vertex -0.108989318 -0.0173380453 0.0791390017
    endloop
  endfacet
  facet normal 0.432299813 0.374334328 0.820360093
    outer loop
      vertex -0.0976014927 -0.0151164566 0.0721243118
      vertex -0.108989318 -0.0173380453 0.0791390017
      vertex -0.0966905453 -0.0176170107 0.0727852908
    endloop
  endfacet
  facet normal 0.429992453 0.387799147 0.815302589
    outer loop
      vertex -0.0966905453 -0.0176170107 0.0727852908
      vertex -0.108989318 -0.0173380453 0.0791390017
      vertex -0.108028421 -0.0199154865 0.0798581835
    endloop
  endfacet
  facet normal 0.491111518 0.192046903 0.849663147
    outer loop
      vertex -0.0966905453 -0.0176170107 0.0727852908
      vertex -0.108028421 -0.0199154865 0.0798581835
      vertex -0.0960110048 -0.0202678339 0.0729916693
    endloop
  endfacet
  facet normal 0.489878172 0.207629504 0.846705005
    outer loop
      vertex -0.0960110048 -0.0202678339 0.0729916693
      vertex -0.108028421 -0.0199154865 0.0798581835
      vertex -0.107304022 -0.0226531178 0.0801103916
    endloop
  endfacet
  facet normal 0.919574258 0.194511699 -0.341391833
    outer loop
      vertex 0.0816569219 0.0242745033 -0.0275305437
      vertex 0.0844976874 0.0108722721 -0.0275147143
      vertex 0.0814731601 0.0102211263 -0.0360325891
    endloop
  endfacet
  facet normal 0.919574258 0.194511699 -0.341391833
    outer loop
      vertex 0.0816569219 0.0242745033 -0.0275305437
      vertex 0.0814731601 0.0102211263 -0.0360325891
      vertex 0.0786323946 0.0236233575 -0.0360484186
    endloop
  endfacet
  facet normal 0.876679262 0.185298444 -0.443957159
    outer loop
      vertex 0.0786323946 0.0236233575 -0.0360484186
      vertex 0.0814731601 0.0102211263 -0.0360325891
      vertex 0.0775175893 0.00937305139 -0.0441975973
    endloop
  endfacet
  facet normal 0.876679262 0.185298444 -0.443957159
    outer loop
      vertex 0.0786323946 0.0236233575 -0.0360484186
      vertex 0.0775175893 0.00937305139 -0.0441975973
      vertex 0.0746768238 0.0227752826 -0.0442134268
    endloop
  endfacet
  facet normal -0.615240001 0.0666024349 -0.785521391
    outer loop
      vertex -0.0922113482 -0.0178711934 0.0371581492
      vertex -0.0924070279 -0.0162236968 0.0374510977
      vertex -0.0877198758 -0.015234435 0.03386388
    endloop
  endfacet
  facet normal -0.472393876 -0.289996807 -0.832313569
    outer loop
      vertex -0.0910592196 -0.0225824193 0.037458608
      vertex -0.0916211604 -0.0207288468 0.0371317207
      vertex -0.0870746516 -0.0184200177 0.0337468234
    endloop
  endfacet
  facet normal -0.697276325 -0.148264386 -0.701301218
    outer loop
      vertex -0.0830644269 -0.0175749223 0.0295809497
      vertex -0.0823841456 -0.0207529418 0.0295764482
      vertex -0.0870746516 -0.0184200177 0.0337468234
    endloop
  endfacet
  facet normal -0.702494837 -0.182934094 -0.687776214
    outer loop
      vertex -0.0870746516 -0.0184200177 0.0337468234
      vertex -0.0823841456 -0.0207529418 0.0295764482
      vertex -0.0863639585 -0.0215914468 0.033864455
    endloop
  endfacet
  facet normal -0.578650602 -0.159338814 -0.799859127
    outer loop
      vertex -0.0870746516 -0.0184200177 0.0337468234
      vertex -0.0863639585 -0.0215914468 0.033864455
      vertex -0.0910592196 -0.0225824193 0.037458608
    endloop
  endfacet
  facet normal -0.569463898 -0.0546926339 -0.820194846
    outer loop
      vertex -0.0922113482 -0.0178711934 0.0371581492
      vertex -0.0877198758 -0.015234435 0.03386388
      vertex -0.0919269888 -0.0194446096 0.0370656369
    endloop
  endfacet
  facet normal -0.709315497 -0.150894341 -0.68855096
    outer loop
      vertex -0.0837447901 -0.0143969207 0.0295853789
      vertex -0.0830644269 -0.0175749223 0.0295809497
      vertex -0.0877198758 -0.015234435 0.03386388
    endloop
  endfacet
  facet normal -0.703572067 -0.116747488 -0.700968167
    outer loop
      vertex -0.0877198758 -0.015234435 0.03386388
      vertex -0.0830644269 -0.0175749223 0.0295809497
      vertex -0.0870746516 -0.0184200177 0.0337468234
    endloop
  endfacet
  facet normal -0.550965809 -0.0810751465 -0.830580218
    outer loop
      vertex -0.0877198758 -0.015234435 0.03386388
      vertex -0.0870746516 -0.0184200177 0.0337468234
      vertex -0.0919269888 -0.0194446096 0.0370656369
    endloop
  endfacet
  facet normal -0.531781188 -0.169336942 -0.829779349
    outer loop
      vertex -0.0919269888 -0.0194446096 0.0370656369
      vertex -0.0870746516 -0.0184200177 0.0337468234
      vertex -0.0916211604 -0.0207288468 0.0371317207
    endloop
  endfacet
  facet normal 0.178859174 0.0367501232 -0.983188092
    outer loop
      vertex 0.0205506809 -0.00274735233 -0.0827856121
      vertex 0.0177099155 0.0106548789 -0.0828014415
      vertex 0.0302135962 0.0133079894 -0.0804276331
    endloop
  endfacet
  facet normal 0.178859174 0.0367501232 -0.983188092
    outer loop
      vertex 0.0205506809 -0.00274735233 -0.0827856121
      vertex 0.0302135962 0.0133079894 -0.0804276331
      vertex 0.0330543617 -9.42418153e-05 -0.0804118037
    endloop
  endfacet
  facet normal 0.319968494 0.0667049683 -0.945077039
    outer loop
      vertex 0.0330543617 -9.42418153e-05 -0.0804118037
      vertex 0.0302135962 0.0133079894 -0.0804276331
      vertex 0.040132437 0.01541455 -0.0769207924
    endloop
  endfacet
  facet normal 0.319968494 0.0667049683 -0.945077039
    outer loop
      vertex 0.0330543617 -9.42418153e-05 -0.0804118037
      vertex 0.040132437 0.01541455 -0.0769207924
      vertex 0.0429732025 0.00201231875 -0.076904963
    endloop
  endfacet
  facet normal 0.466149707 0.0977675543 -0.879287186
    outer loop
      vertex 0.0429732025 0.00201231875 -0.076904963
      vertex 0.040132437 0.01541455 -0.0769207924
      vertex 0.0498464272 0.0174799017 -0.0715413235
    endloop
  endfacet
  facet normal 0.466149707 0.0977675543 -0.879287186
    outer loop
      vertex 0.0429732025 0.00201231875 -0.076904963
      vertex 0.0498464272 0.0174799017 -0.0715413235
      vertex 0.0526871927 0.00407767053 -0.0715254941
    endloop
  endfacet
  facet normal 0.599004827 0.126032363 -0.790764858
    outer loop
      vertex 0.0526871927 0.00407767053 -0.0715254941
      vertex 0.0498464272 0.0174799017 -0.0715413235
      vertex 0.0584997527 0.0193221679 -0.0646928036
    endloop
  endfacet
  facet normal 0.599004827 0.126032363 -0.790764858
    outer loop
      vertex 0.0526871927 0.00407767053 -0.0715254941
      vertex 0.0584997527 0.0193221679 -0.0646928036
      vertex 0.0613405182 0.00591993665 -0.0646769741
    endloop
  endfacet
  facet normal 0.68885372 0.145172063 -0.710215195
    outer loop
      vertex 0.0613405182 0.00591993665 -0.0646769741
      vertex 0.0584997527 0.0193221679 -0.0646928036
      vertex 0.0642317522 0.0205439961 -0.0588834594
    endloop
  endfacet
  facet normal 0.68885372 0.145172063 -0.710215195
    outer loop
      vertex 0.0613405182 0.00591993665 -0.0646769741
      vertex 0.0642317522 0.0205439961 -0.0588834594
      vertex 0.0670725177 0.00714176491 -0.05886763
    endloop
  endfacet
  facet normal -0.858913085 -0.181491435 0.478883255
    outer loop
      vertex -0.133226278 -0.0172163657 0.0638151856
      vertex -0.13345855 -0.0176961152 0.0632167686
      vertex -0.129190328 -0.0378328354 0.0632405521
    endloop
  endfacet
  facet normal -0.858912054 -0.181492176 0.478884822
    outer loop
      vertex -0.128483365 -0.0383997992 0.0642936732
      vertex -0.127683662 -0.0388791149 0.0655463393
      vertex -0.128656969 -0.0141193827 0.0731843199
    endloop
  endfacet
  facet normal -0.858914644 -0.18149166 0.478880374
    outer loop
      vertex -0.133226278 -0.0172163657 0.0638151856
      vertex -0.129190328 -0.0378328354 0.0632405521
      vertex -0.132220692 -0.0158034013 0.0661542961
    endloop
  endfacet
  facet normal -0.858916166 -0.181492095 0.478877478
    outer loop
      vertex -0.13345855 -0.0176961152 0.0632167686
      vertex -0.133829819 -0.0187159829 0.0621643352
      vertex -0.129190328 -0.0378328354 0.0632405521
    endloop
  endfacet
  facet normal -0.858911737 -0.18149054 0.478886012
    outer loop
      vertex -0.129190328 -0.0378328354 0.0632405521
      vertex -0.133829819 -0.0187159829 0.0621643352
      vertex -0.134082339 -0.0198263828 0.0612905991
    endloop
  endfacet
  facet normal -0.858915688 -0.18149246 0.478878198
    outer loop
      vertex -0.129190328 -0.0378328354 0.0632405521
      vertex -0.134082339 -0.0198263828 0.0612905991
      vertex -0.129710899 -0.037316626 0.0625024975
    endloop
  endfacet
  facet normal -0.858915504 -0.181490588 0.478879237
    outer loop
      vertex -0.127683662 -0.0388791149 0.0655463393
      vertex -0.126986853 -0.0391641869 0.0666880938
      vertex -0.128656969 -0.0141193827 0.0731843199
    endloop
  endfacet
  facet normal -0.858912253 -0.181491768 0.47888462
    outer loop
      vertex -0.128656969 -0.0141193827 0.0731843199
      vertex -0.126986853 -0.0391641869 0.0666880938
      vertex -0.125584423 -0.0393909414 0.0691175088
    endloop
  endfacet
  facet normal -0.858913627 -0.181491552 0.478882239
    outer loop
      vertex -0.128656969 -0.0141193827 0.0731843199
      vertex -0.125584423 -0.0393909414 0.0691175088
      vertex -0.123355354 -0.0391314686 0.0732138618
    endloop
  endfacet
  facet normal -0.858913695 -0.18149124 0.478882234
    outer loop
      vertex -0.128483365 -0.0383997992 0.0642936732
      vertex -0.128656969 -0.0141193827 0.0731843199
      vertex -0.129190328 -0.0378328354 0.0632405521
    endloop
  endfacet
  facet normal -0.858912623 -0.181491957 0.478883886
    outer loop
      vertex -0.129190328 -0.0378328354 0.0632405521
      vertex -0.128656969 -0.0141193827 0.0731843199
      vertex -0.130832834 -0.0148124674 0.0690190776
    endloop
  endfacet
  facet normal -0.858913038 -0.181491813 0.478883195
    outer loop
      vertex -0.129190328 -0.0378328354 0.0632405521
      vertex -0.130832834 -0.0148124674 0.0690190776
      vertex -0.132220692 -0.0158034013 0.0661542961
    endloop
  endfacet
  facet normal -0.858912638 -0.18149115 0.478884165
    outer loop
      vertex -0.13178027 -0.033965042 0.0600611469
      vertex -0.130850729 -0.0357868421 0.0610379045
      vertex -0.134082339 -0.0198263828 0.0612905991
    endloop
  endfacet
  facet normal -0.858911641 -0.181490978 0.478886018
    outer loop
      vertex -0.134082339 -0.0198263828 0.0612905991
      vertex -0.130850729 -0.0357868421 0.0610379045
      vertex -0.130623894 -0.0361430523 0.0613097502
    endloop
  endfacet
  facet normal -0.858912072 -0.18149107 0.47888521
    outer loop
      vertex -0.134082339 -0.0198263828 0.0612905991
      vertex -0.130623894 -0.0361430523 0.0613097502
      vertex -0.129710899 -0.037316626 0.0625024975
    endloop
  endfacet
  facet normal -0.85890629 -0.181492903 0.478894885
    outer loop
      vertex -0.134252392 -0.0224379837 0.0599958374
      vertex -0.134026149 -0.0250535127 0.0594103667
      vertex -0.134178916 -0.0205296736 0.0608508333
    endloop
  endfacet
  facet normal -0.858906554 -0.181492776 0.47889446
    outer loop
      vertex -0.134178916 -0.0205296736 0.0608508333
      vertex -0.134026149 -0.0250535127 0.0594103667
      vertex -0.13346175 -0.0282222374 0.059221735
    endloop
  endfacet
  facet normal -0.85891997 -0.181489217 0.478871746
    outer loop
      vertex -0.134178916 -0.0205296736 0.0608508333
      vertex -0.13346175 -0.0282222374 0.059221735
      vertex -0.134082339 -0.0198263828 0.0612905991
    endloop
  endfacet
  facet normal -0.858913327 -0.181491453 0.478882814
    outer loop
      vertex -0.134082339 -0.0198263828 0.0612905991
      vertex -0.13346175 -0.0282222374 0.059221735
      vertex -0.132571257 -0.0317549799 0.0594800313
    endloop
  endfacet
  facet normal -0.858915394 -0.181491169 0.478879215
    outer loop
      vertex -0.134082339 -0.0198263828 0.0612905991
      vertex -0.132571257 -0.0317549799 0.0594800313
      vertex -0.13178027 -0.033965042 0.0600611469
    endloop
  endfacet
  facet normal -0.827398331 -0.176007023 -0.5333231
    outer loop
      vertex -0.0718159155 -0.0222614111 -0.0284621125
      vertex -0.074656681 -0.00885917989 -0.0284779419
      vertex -0.0679050474 -0.00744101351 -0.0394204599
    endloop
  endfacet
  facet normal -0.827398331 -0.176007023 -0.5333231
    outer loop
      vertex -0.0718159155 -0.0222614111 -0.0284621125
      vertex -0.0679050474 -0.00744101351 -0.0394204599
      vertex -0.0650642819 -0.0208432447 -0.0394046305
    endloop
  endfacet
  facet normal -0.739174512 -0.157450452 -0.65485143
    outer loop
      vertex -0.0650642819 -0.0208432447 -0.0394046305
      vertex -0.0679050474 -0.00744101351 -0.0394204599
      vertex -0.0598943992 -0.00575421821 -0.048868181
    endloop
  endfacet
  facet normal -0.739174512 -0.157450452 -0.65485143
    outer loop
      vertex -0.0650642819 -0.0208432447 -0.0394046305
      vertex -0.0598943992 -0.00575421821 -0.048868181
      vertex -0.0570536337 -0.0191564494 -0.0488523515
    endloop
  endfacet
  facet normal -0.646637122 -0.137948671 -0.750220365
    outer loop
      vertex -0.0570536337 -0.0191564494 -0.0488523515
      vertex -0.0598943992 -0.00575421821 -0.048868181
      vertex -0.0507317354 -0.00382182802 -0.057121075
    endloop
  endfacet
  facet normal -0.646637122 -0.137948671 -0.750220365
    outer loop
      vertex -0.0570536337 -0.0191564494 -0.0488523515
      vertex -0.0507317354 -0.00382182802 -0.057121075
      vertex -0.04789097 -0.0172240592 -0.0571052456
    endloop
  endfacet
  facet normal -0.558500335 -0.119350458 -0.82087322
    outer loop
      vertex -0.04789097 -0.0172240592 -0.0571052456
      vertex -0.0507317354 -0.00382182802 -0.057121075
      vertex -0.0396899991 -0.00149067144 -0.0649725165
    endloop
  endfacet
  facet normal -0.558500335 -0.119350458 -0.82087322
    outer loop
      vertex -0.04789097 -0.0172240592 -0.0571052456
      vertex -0.0396899991 -0.00149067144 -0.0649725165
      vertex -0.0368492336 -0.0148929026 -0.0649566871
    endloop
  endfacet
  facet normal -0.472050198 -0.101091125 -0.875756356
    outer loop
      vertex -0.0368492336 -0.0148929026 -0.0649566871
      vertex -0.0396899991 -0.00149067144 -0.0649725165
      vertex -0.0251800374 0.00157523533 -0.0731475828
    endloop
  endfacet
  facet normal -0.472050198 -0.101091125 -0.875756356
    outer loop
      vertex -0.0368492336 -0.0148929026 -0.0649566871
      vertex -0.0251800374 0.00157523533 -0.0731475828
      vertex -0.0223392719 -0.0118269959 -0.0731317533
    endloop
  endfacet
  facet normal -0.384559325 -0.0825979184 -0.919397471
    outer loop
      vertex -0.0223392719 -0.0118269959 -0.0731317533
      vertex -0.0251800374 0.00157523533 -0.0731475828
      vertex -0.0131264433 0.0041239156 -0.0784182495
    endloop
  endfacet
  facet normal -0.384559325 -0.0825979184 -0.919397471
    outer loop
      vertex -0.0223392719 -0.0118269959 -0.0731317533
      vertex -0.0131264433 0.0041239156 -0.0784182495
      vertex -0.0102856778 -0.0092783156 -0.0784024201
    endloop
  endfacet
  facet normal -0.273492718 -0.0591040264 -0.960056481
    outer loop
      vertex -0.0102856778 -0.0092783156 -0.0784024201
      vertex -0.0131264433 0.0041239156 -0.0784182495
      vertex -0.00238009968 0.00639795238 -0.0816195731
    endloop
  endfacet
  facet normal -0.273492718 -0.0591040264 -0.960056481
    outer loop
      vertex -0.0102856778 -0.0092783156 -0.0784024201
      vertex -0.00238009968 0.00639795238 -0.0816195731
      vertex 0.000460665788 -0.00700427882 -0.0816037437
    endloop
  endfacet
  facet normal -0.136923836 -0.0301921051 -0.990121356
    outer loop
      vertex 0.000460665788 -0.00700427882 -0.0816037437
      vertex -0.00238009968 0.00639795238 -0.0816195731
      vertex 0.00757492413 0.00850633849 -0.0830605446
    endloop
  endfacet
  facet normal -0.136923836 -0.0301921051 -0.990121356
    outer loop
      vertex 0.000460665788 -0.00700427882 -0.0816037437
      vertex 0.00757492413 0.00850633849 -0.0830605446
      vertex 0.0104156896 -0.00489589271 -0.0830447152
    endloop
  endfacet
  facet normal 0.024697726 0.00405424771 -0.999686744
    outer loop
      vertex 0.0104156896 -0.00489589271 -0.0830447152
      vertex 0.00757492413 0.00850633849 -0.0830605446
      vertex 0.0177099155 0.0106548789 -0.0828014415
    endloop
  endfacet
  facet normal 0.024697726 0.00405424771 -0.999686744
    outer loop
      vertex 0.0104156896 -0.00489589271 -0.0830447152
      vertex 0.0177099155 0.0106548789 -0.0828014415
      vertex 0.0205506809 -0.00274735233 -0.0827856121
    endloop
  endfacet
  facet normal -0.858913298 -0.181491481 0.478882855
    outer loop
      vertex -0.0449915602 -0.00618724369 0.0257413689
      vertex -0.0457380388 -0.00266548912 0.0257372094
      vertex -0.0734761503 -0.0122879708 -0.0276600485
    endloop
  endfacet
  facet normal -0.858913167 -0.181492023 0.478882884
    outer loop
      vertex -0.0734761503 -0.0122879708 -0.0276600485
      vertex -0.0457380388 -0.00266548912 0.0257372094
      vertex -0.074656681 -0.00885917989 -0.0284779419
    endloop
  endfacet
  facet normal -0.858912269 -0.181491261 0.478884784
    outer loop
      vertex -0.0734761503 -0.0122879708 -0.0276600485
      vertex -0.074656681 -0.00885917989 -0.0284779419
      vertex -0.0721283419 -0.0186466933 -0.0276525382
    endloop
  endfacet
  facet normal -0.858912269 -0.181491261 0.478884784
    outer loop
      vertex -0.0721283419 -0.0186466933 -0.0276525382
      vertex -0.074656681 -0.00885917989 -0.0284779419
      vertex -0.0718159155 -0.0222614111 -0.0284621125
    endloop
  endfacet
  facet normal -0.858913415 -0.181490928 0.478882854
    outer loop
      vertex -0.0721283419 -0.0186466933 -0.0276525382
      vertex -0.0718159155 -0.0222614111 -0.0284621125
      vertex -0.0436437518 -0.0125459662 0.0257488793
    endloop
  endfacet
  facet normal -0.858913283 -0.181491478 0.478882884
    outer loop
      vertex -0.0436437518 -0.0125459662 0.0257488793
      vertex -0.0718159155 -0.0222614111 -0.0284621125
      vertex -0.0428972733 -0.0160677203 0.0257530388
    endloop
  endfacet
  facet normal -0.787309708 -0.167724493 -0.593305923
    outer loop
      vertex -0.0830644269 -0.0175749223 0.0295809497
      vertex -0.0837447901 -0.0143969207 0.0295853789
      vertex -0.0824365796 -0.0141217718 0.0277716164
    endloop
  endfacet
  facet normal -0.787345183 -0.16769739 -0.593266507
    outer loop
      vertex -0.0830644269 -0.0175749223 0.0295809497
      vertex -0.0824365796 -0.0141217718 0.0277716164
      vertex -0.0823841456 -0.0207529418 0.0295764482
    endloop
  endfacet
  facet normal -0.78754812 -0.167630791 -0.593015916
    outer loop
      vertex -0.0823841456 -0.0207529418 0.0295764482
      vertex -0.0824365796 -0.0141217718 0.0277716164
      vertex -0.0810887713 -0.0204804943 0.0277791267
    endloop
  endfacet
  facet normal -0.873075162 -0.185591411 -0.450883122
    outer loop
      vertex -0.0810887713 -0.0204804943 0.0277791267
      vertex -0.0824365796 -0.0141217718 0.0277716164
      vertex -0.0793517679 -0.013475278 0.0215321807
    endloop
  endfacet
  facet normal -0.873075162 -0.185591411 -0.450883122
    outer loop
      vertex -0.0810887713 -0.0204804943 0.0277791267
      vertex -0.0793517679 -0.013475278 0.0215321807
      vertex -0.0780039595 -0.0198340005 0.021539691
    endloop
  endfacet
  facet normal -0.956529047 -0.202995248 -0.209392243
    outer loop
      vertex -0.0780039595 -0.0198340005 0.021539691
      vertex -0.0793517679 -0.013475278 0.0215321807
      vertex -0.078005517 -0.0131975055 0.015113058
    endloop
  endfacet
  facet normal -0.956529047 -0.202995248 -0.209392243
    outer loop
      vertex -0.0780039595 -0.0198340005 0.021539691
      vertex -0.078005517 -0.0131975055 0.015113058
      vertex -0.0766577087 -0.019556228 0.0151205683
    endloop
  endfacet
  facet normal -0.977951721 -0.207258517 0.0255800378
    outer loop
      vertex -0.0766577087 -0.019556228 0.0151205683
      vertex -0.078005517 -0.0131975055 0.015113058
      vertex -0.0782102296 -0.0132506491 0.00685609429
    endloop
  endfacet
  facet normal -0.977951721 -0.207258517 0.0255800378
    outer loop
      vertex -0.0766577087 -0.019556228 0.0151205683
      vertex -0.0782102296 -0.0132506491 0.00685609429
      vertex -0.0768624212 -0.0196093716 0.00686360461
    endloop
  endfacet
  facet normal -0.972498298 -0.20600446 0.108670253
    outer loop
      vertex -0.0768624212 -0.0196093716 0.00686360461
      vertex -0.0782102296 -0.0132506491 0.00685609429
      vertex -0.0785527629 -0.0133270448 0.00364591583
    endloop
  endfacet
  facet normal -0.972498298 -0.20600446 0.108670253
    outer loop
      vertex -0.0768624212 -0.0196093716 0.00686360461
      vertex -0.0785527629 -0.0133270448 0.00364591583
      vertex -0.0772049545 -0.0196857673 0.00365342615
    endloop
  endfacet
  facet normal -0.97825995 -0.207349712 0.00368338264
    outer loop
      vertex -0.0772049545 -0.0196857673 0.00365342615
      vertex -0.0785527629 -0.0133270448 0.00364591583
      vertex -0.0785873054 -0.0133464952 -0.00662308353
    endloop
  endfacet
  facet normal -0.97825995 -0.207349712 0.00368338264
    outer loop
      vertex -0.0772049545 -0.0196857673 0.00365342615
      vertex -0.0785873054 -0.0133464952 -0.00662308353
      vertex -0.0772394971 -0.0197052177 -0.00661557321
    endloop
  endfacet
  facet normal -0.965202019 -0.204778367 -0.162637273
    outer loop
      vertex -0.0772394971 -0.0197052177 -0.00661557321
      vertex -0.0785873054 -0.0133464952 -0.00662308353
      vertex -0.0768221221 -0.0129852535 -0.0175537451
    endloop
  endfacet
  facet normal -0.965202019 -0.204778367 -0.162637273
    outer loop
      vertex -0.0772394971 -0.0197052177 -0.00661557321
      vertex -0.0768221221 -0.0129852535 -0.0175537451
      vertex -0.0754743138 -0.019343976 -0.0175462348
    endloop
  endfacet
  facet normal -0.926629039 -0.196788648 -0.320363624
    outer loop
      vertex -0.0754743138 -0.019343976 -0.0175462348
      vertex -0.0768221221 -0.0129852535 -0.0175537451
      vertex -0.0734761503 -0.0122879708 -0.0276600485
    endloop
  endfacet
  facet normal -0.926629039 -0.196788648 -0.320363624
    outer loop
      vertex -0.0754743138 -0.019343976 -0.0175462348
      vertex -0.0734761503 -0.0122879708 -0.0276600485
      vertex -0.0721283419 -0.0186466933 -0.0276525382
    endloop
  endfacet
  facet normal -0.244646347 -0.619292753 -0.746072819
    outer loop
      vertex -0.0846407814 -0.0251896298 0.036765416
      vertex -0.0853904983 -0.0239687128 0.0359978105
      vertex -0.0725172898 -0.0224320733 0.0305010104
    endloop
  endfacet
  facet normal -0.243140156 -0.622903719 -0.743554854
    outer loop
      vertex -0.0725172898 -0.0224320733 0.0305010104
      vertex -0.0853904983 -0.0239687128 0.0359978105
      vertex -0.0734906757 -0.0207310645 0.0293943059
    endloop
  endfacet
  facet normal -0.261303998 -0.627005283 -0.73388323
    outer loop
      vertex -0.0725172898 -0.0224320733 0.0305010104
      vertex -0.0734906757 -0.0207310645 0.0293943059
      vertex -0.0665297017 -0.0209324828 0.02708789
    endloop
  endfacet
  facet normal -0.188982468 -0.710063472 -0.678303393
    outer loop
      vertex -0.0846407814 -0.0251896298 0.036765416
      vertex -0.0725172898 -0.0224320733 0.0305010104
      vertex -0.0841833465 -0.0258101755 0.0372875711
    endloop
  endfacet
  facet normal -0.16219438 -0.743421097 -0.648859041
    outer loop
      vertex -0.0841833465 -0.0258101755 0.0372875711
      vertex -0.0725172898 -0.0224320733 0.0305010104
      vertex -0.0715128101 -0.0237955596 0.0318121172
    endloop
  endfacet
  facet normal -0.119851695 -0.809256991 -0.575098855
    outer loop
      vertex -0.0841833465 -0.0258101755 0.0372875711
      vertex -0.0715128101 -0.0237955596 0.0318121172
      vertex -0.0830572414 -0.0269938619 0.0387185267
    endloop
  endfacet
  facet normal -0.0362491209 -0.882347477 -0.469200311
    outer loop
      vertex -0.0830572414 -0.0269938619 0.0387185267
      vertex -0.0715128101 -0.0237955596 0.0318121172
      vertex -0.0764950939 -0.0261591766 0.0366418986
    endloop
  endfacet
  facet normal -0.0166941808 -0.908357484 -0.417861203
    outer loop
      vertex -0.0830572414 -0.0269938619 0.0387185267
      vertex -0.0764950939 -0.0261591766 0.0366418986
      vertex -0.0818107661 -0.0278360025 0.0404993952
    endloop
  endfacet
  facet normal 0.0312453983 -0.931678593 -0.361937459
    outer loop
      vertex -0.0764950939 -0.0261591766 0.0366418986
      vertex -0.075467562 -0.0267876188 0.0383483032
      vertex -0.0818107661 -0.0278360025 0.0404993952
    endloop
  endfacet
  facet normal 0.0878800945 -0.972671892 -0.2149104
    outer loop
      vertex -0.0818107661 -0.0278360025 0.0404993952
      vertex -0.075467562 -0.0267876188 0.0383483032
      vertex -0.0744541076 -0.0270954128 0.0401557778
    endloop
  endfacet
  facet normal 0.0838810007 -0.958937886 -0.270928235
    outer loop
      vertex -0.0818107661 -0.0278360025 0.0404993952
      vertex -0.0744541076 -0.0270954128 0.0401557778
      vertex -0.080387132 -0.0283417053 0.0427300722
    endloop
  endfacet
  facet normal 0.155522947 -0.980942457 -0.116466773
    outer loop
      vertex -0.080387132 -0.0283417053 0.0427300722
      vertex -0.0744541076 -0.0270954128 0.0401557778
      vertex -0.0785942374 -0.0284198453 0.0457823346
    endloop
  endfacet
  facet normal 0.194498651 -0.977048458 -0.0868710868
    outer loop
      vertex -0.0785942374 -0.0284198453 0.0457823346
      vertex -0.0744541076 -0.0270954128 0.0401557778
      vertex -0.0726505387 -0.0270420708 0.0435939065
    endloop
  endfacet
  facet normal 0.215280105 -0.976096635 -0.0298301011
    outer loop
      vertex -0.0785942374 -0.0284198453 0.0457823346
      vertex -0.0726505387 -0.0270420708 0.0435939065
      vertex -0.0780539886 -0.0283303052 0.0467513217
    endloop
  endfacet
  facet normal -0.0846718189 -0.85771864 -0.507099021
    outer loop
      vertex -0.0715128101 -0.0237955596 0.0318121172
      vertex -0.0707349634 -0.0249582939 0.0336489127
      vertex -0.0764950939 -0.0261591766 0.0366418986
    endloop
  endfacet
  facet normal 0.00840172036 -0.933532619 -0.358394003
    outer loop
      vertex -0.0764950939 -0.0261591766 0.0366418986
      vertex -0.0707349634 -0.0249582939 0.0336489127
      vertex -0.0716394232 -0.0259003677 0.0360815918
    endloop
  endfacet
  facet normal 0.0094596819 -0.936482032 -0.350587961
    outer loop
      vertex -0.0764950939 -0.0261591766 0.0366418986
      vertex -0.0716394232 -0.0259003677 0.0360815918
      vertex -0.075467562 -0.0267876188 0.0383483032
    endloop
  endfacet
  facet normal 0.0857511961 -0.968391249 -0.234233047
    outer loop
      vertex -0.075467562 -0.0267876188 0.0383483032
      vertex -0.0716394232 -0.0259003677 0.0360815918
      vertex -0.0718965598 -0.026426878 0.038164211
    endloop
  endfacet
  facet normal 0.0872117644 -0.972809588 -0.214559115
    outer loop
      vertex -0.075467562 -0.0267876188 0.0383483032
      vertex -0.0718965598 -0.026426878 0.038164211
      vertex -0.0744541076 -0.0270954128 0.0401557778
    endloop
  endfacet
  facet normal 0.153017684 -0.979335247 -0.13224244
    outer loop
      vertex -0.0744541076 -0.0270954128 0.0401557778
      vertex -0.0718965598 -0.026426878 0.038164211
      vertex -0.0716356945 -0.0266673356 0.0402467923
    endloop
  endfacet
  facet normal 0.151883808 -0.986299885 -0.0643727155
    outer loop
      vertex -0.0744541076 -0.0270954128 0.0401557778
      vertex -0.0716356945 -0.0266673356 0.0402467923
      vertex -0.0726505387 -0.0270420708 0.0435939065
    endloop
  endfacet
  facet normal 0.197911052 -0.978964479 -0.0495960117
    outer loop
      vertex -0.0726505387 -0.0270420708 0.0435939065
      vertex -0.0716356945 -0.0266673356 0.0402467923
      vertex -0.0708609277 -0.0266109744 0.0422259687
    endloop
  endfacet
  facet normal 0.224629347 -0.97435502 -0.0131890394
    outer loop
      vertex -0.0726505387 -0.0270420708 0.0435939065
      vertex -0.0708609277 -0.0266109744 0.0422259687
      vertex -0.0707282942 -0.0265837281 0.0424720677
    endloop
  endfacet
  facet normal -0.365724456 -0.435035176 -0.822794032
    outer loop
      vertex -0.0621579343 -0.0164747668 0.0219703185
      vertex -0.0618531752 -0.0172155326 0.0222265203
      vertex -0.0648271209 -0.0170388423 0.0234549908
    endloop
  endfacet
  facet normal -0.362790552 -0.456006691 -0.812675159
    outer loop
      vertex -0.0648271209 -0.0170388423 0.0234549908
      vertex -0.0618531752 -0.0172155326 0.0222265203
      vertex -0.0734906757 -0.0207310645 0.0293943059
    endloop
  endfacet
  facet normal -0.305604391 -0.542095052 -0.782776412
    outer loop
      vertex -0.0648271209 -0.0170388423 0.0234549908
      vertex -0.0734906757 -0.0207310645 0.0293943059
      vertex -0.086507603 -0.0216204475 0.0350921785
    endloop
  endfacet
  facet normal -0.326448648 -0.471284184 -0.819342724
    outer loop
      vertex -0.086507603 -0.0216204475 0.0350921785
      vertex -0.0734906757 -0.0207310645 0.0293943059
      vertex -0.0853904983 -0.0239687128 0.0359978105
    endloop
  endfacet
  facet normal -0.322396353 -0.530804647 -0.783777403
    outer loop
      vertex -0.0618531752 -0.0172155326 0.0222265203
      vertex -0.0616918367 -0.0175460253 0.0223839784
      vertex -0.0734906757 -0.0207310645 0.0293943059
    endloop
  endfacet
  facet normal -0.283530229 -0.59862154 -0.749174787
    outer loop
      vertex -0.0734906757 -0.0207310645 0.0293943059
      vertex -0.0616918367 -0.0175460253 0.0223839784
      vertex -0.0615050236 -0.0178829395 0.0225824861
    endloop
  endfacet
  facet normal -0.257823963 -0.641979906 -0.722072437
    outer loop
      vertex -0.0734906757 -0.0207310645 0.0293943059
      vertex -0.0615050236 -0.0178829395 0.0225824861
      vertex -0.0665297017 -0.0209324828 0.02708789
    endloop
  endfacet
  facet normal -0.165951596 -0.720812751 -0.672970316
    outer loop
      vertex -0.0665297017 -0.0209324828 0.02708789
      vertex -0.0615050236 -0.0178829395 0.0225824861
      vertex -0.0663442797 -0.0214481012 0.0275944401
    endloop
  endfacet
  facet normal -0.197058141 -0.722211348 -0.663007435
    outer loop
      vertex -0.0665297017 -0.0209324828 0.02708789
      vertex -0.0663442797 -0.0214481012 0.0275944401
      vertex -0.0725172898 -0.0224320733 0.0305010104
    endloop
  endfacet
  facet normal -0.17237986 -0.762094427 -0.624097162
    outer loop
      vertex -0.0725172898 -0.0224320733 0.0305010104
      vertex -0.0663442797 -0.0214481012 0.0275944401
      vertex -0.0689839379 -0.023484275 0.030809934
    endloop
  endfacet
  facet normal -0.164975568 -0.744074271 -0.647407554
    outer loop
      vertex -0.0725172898 -0.0224320733 0.0305010104
      vertex -0.0689839379 -0.023484275 0.030809934
      vertex -0.0715128101 -0.0237955596 0.0318121172
    endloop
  endfacet
  facet normal -0.0981512268 -0.852989918 -0.512615389
    outer loop
      vertex -0.0715128101 -0.0237955596 0.0318121172
      vertex -0.0689839379 -0.023484275 0.030809934
      vertex -0.0705359538 -0.0247795985 0.0332625139
    endloop
  endfacet
  facet normal -0.15686296 -0.863149589 -0.479965414
    outer loop
      vertex -0.0715128101 -0.0237955596 0.0318121172
      vertex -0.0705359538 -0.0247795985 0.0332625139
      vertex -0.0707349634 -0.0249582939 0.0336489127
    endloop
  endfacet
  facet normal -0.429270528 -0.194824579 -0.881912806
    outer loop
      vertex -0.13346175 -0.0282222374 0.059221735
      vertex -0.122240253 -0.025850775 0.053235795
      vertex -0.121515119 -0.0285882505 0.053487576
    endloop
  endfacet
  facet normal -0.326630143 -0.471332014 -0.819242871
    outer loop
      vertex -0.086507603 -0.0216204475 0.0350921785
      vertex -0.0853904983 -0.0239687128 0.0359978105
      vertex -0.0887830635 -0.0221013581 0.0362760796
    endloop
  endfacet
  facet normal -0.326352751 -0.470762831 -0.819680571
    outer loop
      vertex -0.0887830635 -0.0221013581 0.0362760796
      vertex -0.0853904983 -0.0239687128 0.0359978105
      vertex -0.0910592196 -0.0225824193 0.037458608
    endloop
  endfacet
  facet normal -0.44036982 -0.15041627 -0.885126752
    outer loop
      vertex -0.110477986 -0.0233650306 0.0469613887
      vertex -0.0919269888 -0.0194446096 0.0370656369
      vertex -0.0916211604 -0.0207288468 0.0371317207
    endloop
  endfacet
  facet normal -0.434764061 -0.180137784 -0.882343805
    outer loop
      vertex -0.110477986 -0.0233650306 0.0469613887
      vertex -0.0916211604 -0.0207288468 0.0371317207
      vertex -0.109797863 -0.0260157307 0.0471674285
    endloop
  endfacet
  facet normal -0.430481372 -0.173276771 -0.885810899
    outer loop
      vertex -0.13346175 -0.0282222374 0.059221735
      vertex -0.121515119 -0.0285882505 0.053487576
      vertex -0.132571257 -0.0317549799 0.0594800313
    endloop
  endfacet
  facet normal -0.357593887 -0.372248371 -0.856479867
    outer loop
      vertex -0.132571257 -0.0317549799 0.0594800313
      vertex -0.121515119 -0.0285882505 0.053487576
      vertex -0.120552143 -0.0311652531 0.0542055503
    endloop
  endfacet
  facet normal -0.360854759 -0.355825434 -0.862074303
    outer loop
      vertex -0.132571257 -0.0317549799 0.0594800313
      vertex -0.120552143 -0.0311652531 0.0542055503
      vertex -0.13178027 -0.033965042 0.0600611469
    endloop
  endfacet
  facet normal -0.269903046 -0.558319642 -0.784494438
    outer loop
      vertex -0.13178027 -0.033965042 0.0600611469
      vertex -0.120552143 -0.0311652531 0.0542055503
      vertex -0.130850729 -0.0357868421 0.0610379045
    endloop
  endfacet
  facet normal -0.277572882 -0.548004668 -0.789078056
    outer loop
      vertex -0.130850729 -0.0357868421 0.0610379045
      vertex -0.120552143 -0.0311652531 0.0542055503
      vertex -0.119375691 -0.0334662545 0.0553897279
    endloop
  endfacet
  facet normal -0.211697695 -0.674541822 -0.707232222
    outer loop
      vertex -0.130850729 -0.0357868421 0.0610379045
      vertex -0.119375691 -0.0334662545 0.0553897279
      vertex -0.130623894 -0.0361430523 0.0613097502
    endloop
  endfacet
  facet normal -0.15164575 -0.760127587 -0.631830372
    outer loop
      vertex -0.130623894 -0.0361430523 0.0613097502
      vertex -0.119375691 -0.0334662545 0.0553897279
      vertex -0.129710899 -0.037316626 0.0625024975
    endloop
  endfacet
  facet normal -0.155059322 -0.756799623 -0.634988927
    outer loop
      vertex -0.129710899 -0.037316626 0.0625024975
      vertex -0.119375691 -0.0334662545 0.0553897279
      vertex -0.117987954 -0.0352159509 0.0571361961
    endloop
  endfacet
  facet normal -0.0900307989 -0.844837318 -0.527393934
    outer loop
      vertex -0.129710899 -0.037316626 0.0625024975
      vertex -0.117987954 -0.0352159509 0.0571361961
      vertex -0.129190328 -0.0378328354 0.0632405521
    endloop
  endfacet
  facet normal -0.0389663526 -0.89052217 -0.453268009
    outer loop
      vertex -0.129190328 -0.0378328354 0.0632405521
      vertex -0.117987954 -0.0352159509 0.0571361961
      vertex -0.128483365 -0.0383997992 0.0642936732
    endloop
  endfacet
  facet normal 0.00879935996 -0.918373979 -0.395615731
    outer loop
      vertex -0.128483365 -0.0383997992 0.0642936732
      vertex -0.117987954 -0.0352159509 0.0571361961
      vertex -0.116493546 -0.0361587753 0.0593580877
    endloop
  endfacet
  facet normal 0.0216292921 -0.929058546 -0.369299868
    outer loop
      vertex -0.128483365 -0.0383997992 0.0642936732
      vertex -0.116493546 -0.0361587753 0.0593580877
      vertex -0.127683662 -0.0388791149 0.0655463393
    endloop
  endfacet
  facet normal 0.075050347 -0.955753373 -0.284434413
    outer loop
      vertex -0.127683662 -0.0388791149 0.0655463393
      vertex -0.116493546 -0.0361587753 0.0593580877
      vertex -0.126986853 -0.0391641869 0.0666880938
    endloop
  endfacet
  facet normal 0.114666052 -0.965956237 -0.231905682
    outer loop
      vertex -0.126986853 -0.0391641869 0.0666880938
      vertex -0.116493546 -0.0361587753 0.0593580877
      vertex -0.115011861 -0.0365583492 0.0617550532
    endloop
  endfacet
  facet normal 0.141099172 -0.974861225 -0.172443077
    outer loop
      vertex -0.126986853 -0.0391641869 0.0666880938
      vertex -0.115011861 -0.0365583492 0.0617550532
      vertex -0.125584423 -0.0393909414 0.0691175088
    endloop
  endfacet
  facet normal 0.195773163 -0.976094532 -0.0944051546
    outer loop
      vertex -0.125584423 -0.0393909414 0.0691175088
      vertex -0.115011861 -0.0365583492 0.0617550532
      vertex -0.11216336 -0.0364629838 0.0666761226
    endloop
  endfacet
  facet normal 0.204327557 -0.9776624 -0.0492593194
    outer loop
      vertex -0.125584423 -0.0393909414 0.0691175088
      vertex -0.11216336 -0.0364629838 0.0666761226
      vertex -0.123355354 -0.0391314686 0.0732138618
    endloop
  endfacet
  facet normal -0.00765949783 -0.913601712 -0.406538122
    outer loop
      vertex -0.10634668 -0.0322297609 0.0508356411
      vertex -0.0818107661 -0.0278360025 0.0404993952
      vertex -0.104904636 -0.0331880851 0.0529620868
    endloop
  endfacet
  facet normal 0.0781564519 -0.960356076 -0.267596295
    outer loop
      vertex -0.104904636 -0.0331880851 0.0529620868
      vertex -0.0818107661 -0.0278360025 0.0404993952
      vertex -0.080387132 -0.0283417053 0.0427300722
    endloop
  endfacet
  facet normal 0.0802113013 -0.961408891 -0.26317122
    outer loop
      vertex -0.104904636 -0.0331880851 0.0529620868
      vertex -0.080387132 -0.0283417053 0.0427300722
      vertex -0.103466968 -0.0336931369 0.0552453096
    endloop
  endfacet
  facet normal 0.161927975 -0.979455691 -0.120191015
    outer loop
      vertex -0.103466968 -0.0336931369 0.0552453096
      vertex -0.080387132 -0.0283417053 0.0427300722
      vertex -0.0785942374 -0.0284198453 0.0457823346
    endloop
  endfacet
  facet normal 0.167645991 -0.980179021 -0.105564712
    outer loop
      vertex -0.103466968 -0.0336931369 0.0552453096
      vertex -0.0785942374 -0.0284198453 0.0457823346
      vertex -0.100699489 -0.0337296749 0.0599795672
    endloop
  endfacet
  facet normal 0.215298494 -0.976092254 -0.0298407587
    outer loop
      vertex -0.100699489 -0.0337296749 0.0599795672
      vertex -0.0785942374 -0.0284198453 0.0457823346
      vertex -0.0780539886 -0.0283303052 0.0467513217
    endloop
  endfacet
  facet normal -0.203039975 -0.713730294 -0.670346057
    outer loop
      vertex -0.0846407814 -0.0251896298 0.036765416
      vertex -0.0841833465 -0.0258101755 0.0372875711
      vertex -0.10634668 -0.0322297609 0.0508356411
    endloop
  endfacet
  facet normal -0.117954073 -0.808763673 -0.576184135
    outer loop
      vertex -0.10634668 -0.0322297609 0.0508356411
      vertex -0.0841833465 -0.0258101755 0.0372875711
      vertex -0.0830572414 -0.0269938619 0.0387185267
    endloop
  endfacet
  facet normal -0.0141158812 -0.907710358 -0.419359806
    outer loop
      vertex -0.10634668 -0.0322297609 0.0508356411
      vertex -0.0830572414 -0.0269938619 0.0387185267
      vertex -0.0818107661 -0.0278360025 0.0404993952
    endloop
  endfacet
  facet normal -0.40186823 -0.275820938 -0.873169363
    outer loop
      vertex -0.0916211604 -0.0207288468 0.0371317207
      vertex -0.0910592196 -0.0225824193 0.037458608
      vertex -0.109797863 -0.0260157307 0.0471674285
    endloop
  endfacet
  facet normal -0.328061244 -0.49122642 -0.806890591
    outer loop
      vertex -0.109797863 -0.0260157307 0.0471674285
      vertex -0.0910592196 -0.0225824193 0.037458608
      vertex -0.0853904983 -0.0239687128 0.0359978105
    endloop
  endfacet
  facet normal -0.363214697 -0.359482847 -0.859562195
    outer loop
      vertex -0.109797863 -0.0260157307 0.0471674285
      vertex -0.0853904983 -0.0239687128 0.0359978105
      vertex -0.108884989 -0.0285158772 0.0478272883
    endloop
  endfacet
  facet normal -0.253018185 -0.621509848 -0.741422489
    outer loop
      vertex -0.108884989 -0.0285158772 0.0478272883
      vertex -0.0853904983 -0.0239687128 0.0359978105
      vertex -0.0846407814 -0.0251896298 0.036765416
    endloop
  endfacet
  facet normal -0.268761244 -0.585243401 -0.765021278
    outer loop
      vertex -0.108884989 -0.0285158772 0.0478272883
      vertex -0.0846407814 -0.0251896298 0.036765416
      vertex -0.107714438 -0.0306617059 0.0490576244
    endloop
  endfacet
  facet normal -0.130587528 -0.791263073 -0.597368936
    outer loop
      vertex -0.107714438 -0.0306617059 0.0490576244
      vertex -0.0846407814 -0.0251896298 0.036765416
      vertex -0.10634668 -0.0322297609 0.0508356411
    endloop
  endfacet
  facet normal -0.429270581 -0.194824591 -0.881912778
    outer loop
      vertex -0.122240253 -0.025850775 0.053235795
      vertex -0.110477986 -0.0233650306 0.0469613887
      vertex -0.121515119 -0.0285882505 0.053487576
    endloop
  endfacet
  facet normal -0.435969983 -0.180396819 -0.881695617
    outer loop
      vertex -0.121515119 -0.0285882505 0.053487576
      vertex -0.110477986 -0.0233650306 0.0469613887
      vertex -0.109797863 -0.0260157307 0.0471674285
    endloop
  endfacet
  facet normal -0.374562676 -0.376088119 -0.847502524
    outer loop
      vertex -0.121515119 -0.0285882505 0.053487576
      vertex -0.109797863 -0.0260157307 0.0471674285
      vertex -0.120552143 -0.0311652531 0.0542055503
    endloop
  endfacet
  facet normal -0.381899162 -0.363685926 -0.849638498
    outer loop
      vertex -0.120552143 -0.0311652531 0.0542055503
      vertex -0.109797863 -0.0260157307 0.0471674285
      vertex -0.108884989 -0.0285158772 0.0478272883
    endloop
  endfacet
  facet normal -0.299391729 -0.553159587 -0.777418204
    outer loop
      vertex -0.120552143 -0.0311652531 0.0542055503
      vertex -0.108884989 -0.0285158772 0.0478272883
      vertex -0.119375691 -0.0334662545 0.0553897279
    endloop
  endfacet
  facet normal -0.273132973 -0.586282282 -0.762673892
    outer loop
      vertex -0.119375691 -0.0334662545 0.0553897279
      vertex -0.108884989 -0.0285158772 0.0478272883
      vertex -0.107714438 -0.0306617059 0.0490576244
    endloop
  endfacet
  facet normal -0.160759656 -0.758214003 -0.631876458
    outer loop
      vertex -0.119375691 -0.0334662545 0.0553897279
      vertex -0.107714438 -0.0306617059 0.0490576244
      vertex -0.117987954 -0.0352159509 0.0571361961
    endloop
  endfacet
  facet normal -0.123053627 -0.789353574 -0.601480457
    outer loop
      vertex -0.117987954 -0.0352159509 0.0571361961
      vertex -0.107714438 -0.0306617059 0.0490576244
      vertex -0.10634668 -0.0322297609 0.0508356411
    endloop
  endfacet
  facet normal 0.018035311 -0.915982413 -0.400812858
    outer loop
      vertex -0.117987954 -0.0352159509 0.0571361961
      vertex -0.10634668 -0.0322297609 0.0508356411
      vertex -0.116493546 -0.0361587753 0.0593580877
    endloop
  endfacet
  facet normal 0.00504222274 -0.910396081 -0.413707084
    outer loop
      vertex -0.116493546 -0.0361587753 0.0593580877
      vertex -0.10634668 -0.0322297609 0.0508356411
      vertex -0.104904636 -0.0331880851 0.0529620868
    endloop
  endfacet
  facet normal 0.118247461 -0.965027488 -0.233964709
    outer loop
      vertex -0.116493546 -0.0361587753 0.0593580877
      vertex -0.104904636 -0.0331880851 0.0529620868
      vertex -0.115011861 -0.0365583492 0.0617550532
    endloop
  endfacet
  facet normal 0.0874282566 -0.959632705 -0.267322597
    outer loop
      vertex -0.115011861 -0.0365583492 0.0617550532
      vertex -0.104904636 -0.0331880851 0.0529620868
      vertex -0.103466968 -0.0336931369 0.0552453096
    endloop
  endfacet
  facet normal 0.190918852 -0.977325259 -0.0915714462
    outer loop
      vertex -0.115011861 -0.0365583492 0.0617550532
      vertex -0.103466968 -0.0336931369 0.0552453096
      vertex -0.11216336 -0.0364629838 0.0666761226
    endloop
  endfacet
  facet normal 0.170790002 -0.979436925 -0.107396862
    outer loop
      vertex -0.11216336 -0.0364629838 0.0666761226
      vertex -0.103466968 -0.0336931369 0.0552453096
      vertex -0.100699489 -0.0337296749 0.0599795672
    endloop
  endfacet
  facet normal -0.431025203 0.691117637 -0.580149711
    outer loop
      vertex -0.0733746066 -0.00624694295 0.0316945976
      vertex -0.0700799766 -0.00708523976 0.0282481936
      vertex -0.0750309209 -0.00719773236 0.0317925134
    endloop
  endfacet
  facet normal -0.492856076 0.465416797 -0.735173512
    outer loop
      vertex -0.0755942913 -0.0108065763 0.029382584
      vertex -0.075395233 -0.00885444454 0.0304849738
      vertex -0.0693125171 -0.00780365 0.0270723835
    endloop
  endfacet
  facet normal -0.367282832 0.868576578 -0.332683107
    outer loop
      vertex -0.0761527717 -0.00522424892 0.0365300462
      vertex -0.0751792156 -0.00568000058 0.0342653516
      vertex -0.080545992 -0.00704775255 0.036619326
    endloop
  endfacet
  facet normal -0.392692356 0.818233487 -0.419865066
    outer loop
      vertex -0.080545992 -0.00704775255 0.036619326
      vertex -0.0751792156 -0.00568000058 0.0342653516
      vertex -0.0745477799 -0.00589557601 0.0332546673
    endloop
  endfacet
  facet normal -0.431645221 0.739757324 -0.516179722
    outer loop
      vertex -0.080545992 -0.00704775255 0.036619326
      vertex -0.0745477799 -0.00589557601 0.0332546673
      vertex -0.0750309209 -0.00719773236 0.0317925134
    endloop
  endfacet
  facet normal -0.484509794 0.726660107 -0.487047584
    outer loop
      vertex -0.0750309209 -0.00719773236 0.0317925134
      vertex -0.0745477799 -0.00589557601 0.0332546673
      vertex -0.0745451463 -0.00589642565 0.0332507798
    endloop
  endfacet
  facet normal -0.451849736 0.735087904 -0.50544791
    outer loop
      vertex -0.0750309209 -0.00719773236 0.0317925134
      vertex -0.0745451463 -0.00589642565 0.0332507798
      vertex -0.0733746066 -0.00624694295 0.0316945976
    endloop
  endfacet
  facet normal -0.364375811 0.860419449 -0.356242389
    outer loop
      vertex -0.080545992 -0.00704775255 0.036619326
      vertex -0.0798625946 -0.00605262861 0.038323813
      vertex -0.0761527717 -0.00522424892 0.0365300462
    endloop
  endfacet
  facet normal -0.312017697 0.924659051 -0.218290164
    outer loop
      vertex -0.0761527717 -0.00522424892 0.0365300462
      vertex -0.0798625946 -0.00605262861 0.038323813
      vertex -0.0790620266 -0.00535606229 0.0401301013
    endloop
  endfacet
  facet normal -0.304693832 0.928504027 -0.212230865
    outer loop
      vertex -0.0761527717 -0.00522424892 0.0365300462
      vertex -0.0790620266 -0.00535606229 0.0401301013
      vertex -0.0764746603 -0.00485592082 0.0386035976
    endloop
  endfacet
  facet normal -0.227640486 0.970077463 -0.0844365181
    outer loop
      vertex -0.0773935575 -0.00466534304 0.0435674772
      vertex -0.0754501253 -0.00430692904 0.0424457528
      vertex -0.0790620266 -0.00535606229 0.0401301013
    endloop
  endfacet
  facet normal -0.265495956 0.963847801 -0.0225679826
    outer loop
      vertex -0.0790620266 -0.00535606229 0.0401301013
      vertex -0.0754501253 -0.00430692904 0.0424457528
      vertex -0.0762847831 -0.00458612499 0.040340817
    endloop
  endfacet
  facet normal -0.256669266 0.95891175 -0.12086829
    outer loop
      vertex -0.0790620266 -0.00535606229 0.0401301013
      vertex -0.0762847831 -0.00458612499 0.040340817
      vertex -0.0764746603 -0.00485592082 0.0386035976
    endloop
  endfacet
  facet normal -0.226500165 0.970536479 -0.0821986458
    outer loop
      vertex -0.0845862613 -0.00635015834 0.0434941657
      vertex -0.0828565049 -0.00567287909 0.0467245609
      vertex -0.0773935575 -0.00466534304 0.0435674772
    endloop
  endfacet
  facet normal -0.226417263 0.970307789 -0.0850765411
    outer loop
      vertex -0.0773935575 -0.00466534304 0.0435674772
      vertex -0.0790620266 -0.00535606229 0.0401301013
      vertex -0.0845862613 -0.00635015834 0.0434941657
    endloop
  endfacet
  facet normal -0.302656511 0.926599383 -0.223187409
    outer loop
      vertex -0.0845862613 -0.00635015834 0.0434941657
      vertex -0.0790620266 -0.00535606229 0.0401301013
      vertex -0.0798625946 -0.00605262861 0.038323813
    endloop
  endfacet
  facet normal -0.303760887 0.925985676 -0.22423169
    outer loop
      vertex -0.0845862613 -0.00635015834 0.0434941657
      vertex -0.0798625946 -0.00605262861 0.038323813
      vertex -0.0858051659 -0.00733813357 0.0410654483
    endloop
  endfacet
  facet normal -0.353541577 0.862594142 -0.361855911
    outer loop
      vertex -0.0858051659 -0.00733813357 0.0410654483
      vertex -0.0798625946 -0.00605262861 0.038323813
      vertex -0.080545992 -0.00704775255 0.036619326
    endloop
  endfacet
  facet normal -0.368077419 0.848614882 -0.379962887
    outer loop
      vertex -0.0858051659 -0.00733813357 0.0410654483
      vertex -0.080545992 -0.00704775255 0.036619326
      vertex -0.086729563 -0.00863775849 0.0390583278
    endloop
  endfacet
  facet normal -0.388883366 0.792989705 -0.468974472
    outer loop
      vertex -0.086729563 -0.00863775849 0.0390583278
      vertex -0.080545992 -0.00704775255 0.036619326
      vertex -0.0750309209 -0.00719773236 0.0317925134
    endloop
  endfacet
  facet normal -0.407186684 0.761204578 -0.504744088
    outer loop
      vertex -0.086729563 -0.00863775849 0.0390583278
      vertex -0.0750309209 -0.00719773236 0.0317925134
      vertex -0.0870411559 -0.00929820404 0.0383136777
    endloop
  endfacet
  facet normal -0.495233329 0.484348967 -0.721214273
    outer loop
      vertex -0.0634805746 -0.00856263785 0.0225714778
      vertex -0.0755942913 -0.0108065763 0.029382584
      vertex -0.0637477184 -0.00850395949 0.0227943233
    endloop
  endfacet
  facet normal -0.495735358 0.480431089 -0.723486298
    outer loop
      vertex -0.0637477184 -0.00850395949 0.0227943233
      vertex -0.0755942913 -0.0108065763 0.029382584
      vertex -0.0693125171 -0.00780365 0.0270723835
    endloop
  endfacet
  facet normal -0.42778372 0.619801646 -0.657911095
    outer loop
      vertex -0.0637477184 -0.00850395949 0.0227943233
      vertex -0.0693125171 -0.00780365 0.0270723835
      vertex -0.0700799766 -0.00708523976 0.0282481936
    endloop
  endfacet
  facet normal -0.472332252 0.5806957 -0.663094825
    outer loop
      vertex -0.0700799766 -0.00708523976 0.0282481936
      vertex -0.0693125171 -0.00780365 0.0270723835
      vertex -0.075395233 -0.00885444454 0.0304849738
    endloop
  endfacet
  facet normal -0.471260826 0.607948084 -0.63899324
    outer loop
      vertex -0.0700799766 -0.00708523976 0.0282481936
      vertex -0.075395233 -0.00885444454 0.0304849738
      vertex -0.0750309209 -0.00719773236 0.0317925134
    endloop
  endfacet
  facet normal -0.449587647 0.612212834 -0.650435542
    outer loop
      vertex -0.0750309209 -0.00719773236 0.0317925134
      vertex -0.075395233 -0.00885444454 0.0304849738
      vertex -0.0873968446 -0.0103520414 0.0373710186
    endloop
  endfacet
  facet normal -0.439178132 0.676758869 -0.590863776
    outer loop
      vertex -0.0750309209 -0.00719773236 0.0317925134
      vertex -0.0873968446 -0.0103520414 0.0373710186
      vertex -0.0870411559 -0.00929820404 0.0383136777
    endloop
  endfacet
  facet normal -0.504860615 0.393639511 -0.768221124
    outer loop
      vertex -0.0634805746 -0.00856263785 0.0225714778
      vertex -0.0635278525 -0.00931469964 0.0222171886
      vertex -0.0755942913 -0.0108065763 0.029382584
    endloop
  endfacet
  facet normal -0.517204622 0.245980899 -0.819751655
    outer loop
      vertex -0.0755942913 -0.0108065763 0.029382584
      vertex -0.0635278525 -0.00931469964 0.0222171886
      vertex -0.0635057557 -0.0101159825 0.0219628081
    endloop
  endfacet
  facet normal -0.501670693 0.367454327 -0.783137174
    outer loop
      vertex -0.0755942913 -0.0108065763 0.029382584
      vertex -0.0635057557 -0.0101159825 0.0219628081
      vertex -0.0845980634 -0.0145729845 0.0333830908
    endloop
  endfacet
  facet normal -0.486982113 0.206516157 -0.848645685
    outer loop
      vertex -0.0878554128 -0.015261718 0.0350846682
      vertex -0.0878651524 -0.0148419289 0.0351924119
      vertex -0.0845980634 -0.0145729845 0.0333830908
    endloop
  endfacet
  facet normal -0.4827468 0.278494999 -0.830298779
    outer loop
      vertex -0.0845980634 -0.0145729845 0.0333830908
      vertex -0.0878651524 -0.0148419289 0.0351924119
      vertex -0.087844883 -0.0135200535 0.0356240044
    endloop
  endfacet
  facet normal -0.484119314 0.275024074 -0.830656517
    outer loop
      vertex -0.0845980634 -0.0145729845 0.0333830908
      vertex -0.087844883 -0.0135200535 0.0356240044
      vertex -0.0755942913 -0.0108065763 0.029382584
    endloop
  endfacet
  facet normal -0.485415291 0.376007447 -0.789297406
    outer loop
      vertex -0.0755942913 -0.0108065763 0.029382584
      vertex -0.087844883 -0.0135200535 0.0356240044
      vertex -0.0877627909 -0.012402568 0.0361058685
    endloop
  endfacet
  facet normal -0.473416015 0.469237048 -0.74544877
    outer loop
      vertex -0.0755942913 -0.0108065763 0.029382584
      vertex -0.0877627909 -0.012402568 0.0361058685
      vertex -0.075395233 -0.00885444454 0.0304849738
    endloop
  endfacet
  facet normal -0.473403846 0.476303867 -0.740961149
    outer loop
      vertex -0.075395233 -0.00885444454 0.0304849738
      vertex -0.0877627909 -0.012402568 0.0361058685
      vertex -0.0875979305 -0.0112383215 0.036748938
    endloop
  endfacet
  facet normal -0.459232968 0.577789602 -0.67473273
    outer loop
      vertex -0.075395233 -0.00885444454 0.0304849738
      vertex -0.0875979305 -0.0112383215 0.036748938
      vertex -0.0873968446 -0.0103520414 0.0373710186
    endloop
  endfacet
  facet normal -0.230200563 0.969053582 -0.0891226987
    outer loop
      vertex -0.119981555 -0.0131122054 0.0617273609
      vertex -0.117341673 -0.0120326181 0.0666472678
      vertex -0.105751503 -0.0098951603 0.0599514161
    endloop
  endfacet
  facet normal -0.230200491 0.969053596 -0.0891227407
    outer loop
      vertex -0.117341673 -0.0120326181 0.0666472678
      vertex -0.119981555 -0.0131122054 0.0617273609
      vertex -0.128656969 -0.0141193827 0.0731843199
    endloop
  endfacet
  facet normal -0.194560343 0.978975535 -0.061263153
    outer loop
      vertex -0.128656969 -0.0141193827 0.0731843199
      vertex -0.119981555 -0.0131122054 0.0617273609
      vertex -0.130832834 -0.0148124674 0.0690190776
    endloop
  endfacet
  facet normal -0.298263806 0.92691853 -0.227729533
    outer loop
      vertex -0.130832834 -0.0148124674 0.0690190776
      vertex -0.119981555 -0.0131122054 0.0617273609
      vertex -0.121172573 -0.0140839505 0.059332015
    endloop
  endfacet
  facet normal -0.268057502 0.943174638 -0.19638426
    outer loop
      vertex -0.130832834 -0.0148124674 0.0690190776
      vertex -0.121172573 -0.0140839505 0.059332015
      vertex -0.132220692 -0.0158034013 0.0661542961
    endloop
  endfacet
  facet normal -0.358916204 0.859172616 -0.364693809
    outer loop
      vertex -0.132220692 -0.0158034013 0.0661542961
      vertex -0.121172573 -0.0140839505 0.059332015
      vertex -0.133226278 -0.0172163657 0.0638151856
    endloop
  endfacet
  facet normal -0.366265002 0.841745676 -0.396628496
    outer loop
      vertex -0.133226278 -0.0172163657 0.0638151856
      vertex -0.121172573 -0.0140839505 0.059332015
      vertex -0.122154908 -0.0155569949 0.0571129768
    endloop
  endfacet
  facet normal -0.403233461 0.783976597 -0.47199944
    outer loop
      vertex -0.133226278 -0.0172163657 0.0638151856
      vertex -0.122154908 -0.0155569949 0.0571129768
      vertex -0.13345855 -0.0176961152 0.0632167686
    endloop
  endfacet
  facet normal -0.430518858 0.71932135 -0.545188323
    outer loop
      vertex -0.13345855 -0.0176961152 0.0632167686
      vertex -0.122154908 -0.0155569949 0.0571129768
      vertex -0.133829819 -0.0187159829 0.0621643352
    endloop
  endfacet
  facet normal -0.445906643 0.627811744 -0.63798094
    outer loop
      vertex -0.133829819 -0.0187159829 0.0621643352
      vertex -0.122154908 -0.0155569949 0.0571129768
      vertex -0.122712628 -0.0177231755 0.0553711337
    endloop
  endfacet
  facet normal -0.451103545 0.612989559 -0.64865198
    outer loop
      vertex -0.133829819 -0.0187159829 0.0621643352
      vertex -0.122712628 -0.0177231755 0.0553711337
      vertex -0.134082339 -0.0198263828 0.0612905991
    endloop
  endfacet
  facet normal -0.469058793 0.51364767 -0.718435745
    outer loop
      vertex -0.134082339 -0.0198263828 0.0612905991
      vertex -0.122712628 -0.0177231755 0.0553711337
      vertex -0.134178916 -0.0205296736 0.0608508333
    endloop
  endfacet
  facet normal -0.472989194 0.386960857 -0.791544388
    outer loop
      vertex -0.134178916 -0.0205296736 0.0608508333
      vertex -0.122712628 -0.0177231755 0.0553711337
      vertex -0.122853838 -0.0203062625 0.0541927247
    endloop
  endfacet
  facet normal -0.475329907 0.374908743 -0.795930219
    outer loop
      vertex -0.134178916 -0.0205296736 0.0608508333
      vertex -0.122853838 -0.0203062625 0.0541927247
      vertex -0.134252392 -0.0224379837 0.0599958374
    endloop
  endfacet
  facet normal -0.473645722 0.193959312 -0.859092262
    outer loop
      vertex -0.134252392 -0.0224379837 0.0599958374
      vertex -0.122853838 -0.0203062625 0.0541927247
      vertex -0.12268818 -0.0230539546 0.0534810394
    endloop
  endfacet
  facet normal -0.478956733 0.152097377 -0.864561644
    outer loop
      vertex -0.134252392 -0.0224379837 0.0599958374
      vertex -0.12268818 -0.0230539546 0.0534810394
      vertex -0.134026149 -0.0250535127 0.0594103667
    endloop
  endfacet
  facet normal -0.489867037 0.176821264 -0.853677062
    outer loop
      vertex -0.11111207 -0.0180088994 0.0478148785
      vertex -0.0924070279 -0.0162236968 0.0374510977
      vertex -0.110931827 -0.0206658879 0.0471611097
    endloop
  endfacet
  facet normal -0.480342112 0.0979302472 -0.871596881
    outer loop
      vertex -0.110931827 -0.0206658879 0.0471611097
      vertex -0.0924070279 -0.0162236968 0.0374510977
      vertex -0.0922113482 -0.0178711934 0.0371581492
    endloop
  endfacet
  facet normal -0.485615501 0.206735095 -0.849375174
    outer loop
      vertex -0.0878554128 -0.015261718 0.0350846682
      vertex -0.0901308723 -0.0157426337 0.0362685693
      vertex -0.0878651524 -0.0148419289 0.0351924119
    endloop
  endfacet
  facet normal -0.484904341 0.20353962 -0.85055241
    outer loop
      vertex -0.0878651524 -0.0148419289 0.0351924119
      vertex -0.0901308723 -0.0157426337 0.0362685693
      vertex -0.0924070279 -0.0162236968 0.0374510977
    endloop
  endfacet
  facet normal -0.494064302 0.276685232 -0.824224331
    outer loop
      vertex -0.0878651524 -0.0148419289 0.0351924119
      vertex -0.0924070279 -0.0162236968 0.0374510977
      vertex -0.087844883 -0.0135200535 0.0356240044
    endloop
  endfacet
  facet normal -0.486974307 0.257768837 -0.834512583
    outer loop
      vertex -0.087844883 -0.0135200535 0.0356240044
      vertex -0.0924070279 -0.0162236968 0.0374510977
      vertex -0.11111207 -0.0180088994 0.0478148785
    endloop
  endfacet
  facet normal -0.485932842 0.375925048 -0.789018144
    outer loop
      vertex -0.087844883 -0.0135200535 0.0356240044
      vertex -0.11111207 -0.0180088994 0.0478148785
      vertex -0.0877627909 -0.012402568 0.0361058685
    endloop
  endfacet
  facet normal -0.485280478 0.423676727 -0.764853508
    outer loop
      vertex -0.0877627909 -0.012402568 0.0361058685
      vertex -0.11111207 -0.0180088994 0.0478148785
      vertex -0.110913322 -0.0155699322 0.0490397994
    endloop
  endfacet
  facet normal -0.477730226 0.475622466 -0.738618373
    outer loop
      vertex -0.0877627909 -0.012402568 0.0361058685
      vertex -0.110913322 -0.0155699322 0.0490397994
      vertex -0.0875979305 -0.0112383215 0.036748938
    endloop
  endfacet
  facet normal -0.462115746 0.57733438 -0.673152324
    outer loop
      vertex -0.0875979305 -0.0112383215 0.036748938
      vertex -0.110913322 -0.0155699322 0.0490397994
      vertex -0.0873968446 -0.0103520414 0.0373710186
    endloop
  endfacet
  facet normal -0.444362803 0.668136793 -0.596770413
    outer loop
      vertex -0.0873968446 -0.0103520414 0.0373710186
      vertex -0.110913322 -0.0155699322 0.0490397994
      vertex -0.110300188 -0.0135778065 0.0508136112
    endloop
  endfacet
  facet normal -0.441348257 0.676405622 -0.589650024
    outer loop
      vertex -0.0873968446 -0.0103520414 0.0373710186
      vertex -0.110300188 -0.0135778065 0.0508136112
      vertex -0.0870411559 -0.00929820404 0.0383136777
    endloop
  endfacet
  facet normal -0.410287659 0.760696505 -0.50299589
    outer loop
      vertex -0.0870411559 -0.00929820404 0.0383136777
      vertex -0.110300188 -0.0135778065 0.0508136112
      vertex -0.086729563 -0.00863775849 0.0390583278
    endloop
  endfacet
  facet normal -0.377826946 0.83094271 -0.408388309
    outer loop
      vertex -0.086729563 -0.00863775849 0.0390583278
      vertex -0.110300188 -0.0135778065 0.0508136112
      vertex -0.109371956 -0.012112053 0.0529371938
    endloop
  endfacet
  facet normal -0.364476607 0.849241974 -0.382027319
    outer loop
      vertex -0.086729563 -0.00863775849 0.0390583278
      vertex -0.109371956 -0.012112053 0.0529371938
      vertex -0.0858051659 -0.00733813357 0.0410654483
    endloop
  endfacet
  facet normal -0.317779773 0.910464021 -0.264709807
    outer loop
      vertex -0.0858051659 -0.00733813357 0.0410654483
      vertex -0.109371956 -0.012112053 0.0529371938
      vertex -0.108263908 -0.0110620164 0.0552185799
    endloop
  endfacet
  facet normal -0.297363998 0.927160759 -0.227920118
    outer loop
      vertex -0.0858051659 -0.00733813357 0.0410654483
      vertex -0.108263908 -0.0110620164 0.0552185799
      vertex -0.0845862613 -0.00635015834 0.0434941657
    endloop
  endfacet
  facet normal -0.468411167 -0.0133925995 -0.883409088
    outer loop
      vertex -0.122240253 -0.025850775 0.053235795
      vertex -0.110931827 -0.0206658879 0.0471611097
      vertex -0.110477986 -0.0233650306 0.0469613887
    endloop
  endfacet
  facet normal -0.469644522 -0.0136487404 -0.882750097
    outer loop
      vertex -0.110477986 -0.0233650306 0.0469613887
      vertex -0.110931827 -0.0206658879 0.0471611097
      vertex -0.0922113482 -0.0178711934 0.0371581492
    endloop
  endfacet
  facet normal -0.465135559 -0.0320473338 -0.884659189
    outer loop
      vertex -0.110477986 -0.0233650306 0.0469613887
      vertex -0.0922113482 -0.0178711934 0.0371581492
      vertex -0.0919269888 -0.0194446096 0.0370656369
    endloop
  endfacet
  facet normal -0.465458798 -0.0302486996 -0.884552499
    outer loop
      vertex -0.13346175 -0.0282222374 0.059221735
      vertex -0.134026149 -0.0250535127 0.0594103667
      vertex -0.122240253 -0.025850775 0.053235795
    endloop
  endfacet
  facet normal -0.463883938 0.0033871391 -0.885889507
    outer loop
      vertex -0.122240253 -0.025850775 0.053235795
      vertex -0.134026149 -0.0250535127 0.0594103667
      vertex -0.12268818 -0.0230539546 0.0534810394
    endloop
  endfacet
  facet normal -0.47370823 0.0013569859 -0.8806808
    outer loop
      vertex -0.122240253 -0.025850775 0.053235795
      vertex -0.12268818 -0.0230539546 0.0534810394
      vertex -0.110931827 -0.0206658879 0.0471611097
    endloop
  endfacet
  facet normal -0.494524726 0.18987178 -0.848170975
    outer loop
      vertex -0.110931827 -0.0206658879 0.0471611097
      vertex -0.12268818 -0.0230539546 0.0534810394
      vertex -0.122853838 -0.0203062625 0.0541927247
    endloop
  endfacet
  facet normal -0.49619779 0.175554803 -0.850275405
    outer loop
      vertex -0.110931827 -0.0206658879 0.0471611097
      vertex -0.122853838 -0.0203062625 0.0541927247
      vertex -0.11111207 -0.0180088994 0.0478148785
    endloop
  endfacet
  facet normal -0.497688802 0.38237083 -0.778523221
    outer loop
      vertex -0.11111207 -0.0180088994 0.0478148785
      vertex -0.122853838 -0.0203062625 0.0541927247
      vertex -0.122712628 -0.0177231755 0.0553711337
    endloop
  endfacet
  facet normal -0.487132844 0.423331868 -0.763866298
    outer loop
      vertex -0.11111207 -0.0180088994 0.0478148785
      vertex -0.122712628 -0.0177231755 0.0553711337
      vertex -0.110913322 -0.0155699322 0.0490397994
    endloop
  endfacet
  facet normal -0.454237595 0.62636315 -0.633511967
    outer loop
      vertex -0.110913322 -0.0155699322 0.0490397994
      vertex -0.122712628 -0.0177231755 0.0553711337
      vertex -0.122154908 -0.0155569949 0.0571129768
    endloop
  endfacet
  facet normal -0.432421835 0.670190692 -0.603204603
    outer loop
      vertex -0.110913322 -0.0155699322 0.0490397994
      vertex -0.122154908 -0.0155569949 0.0571129768
      vertex -0.110300188 -0.0135778065 0.0508136112
    endloop
  endfacet
  facet normal -0.35493431 0.843623453 -0.402890934
    outer loop
      vertex -0.110300188 -0.0135778065 0.0508136112
      vertex -0.122154908 -0.0155569949 0.0571129768
      vertex -0.121172573 -0.0140839505 0.059332015
    endloop
  endfacet
  facet normal -0.364537864 0.833216786 -0.41576668
    outer loop
      vertex -0.110300188 -0.0135778065 0.0508136112
      vertex -0.121172573 -0.0140839505 0.059332015
      vertex -0.109371956 -0.012112053 0.0529371938
    endloop
  endfacet
  facet normal -0.283317084 0.929483746 -0.236202024
    outer loop
      vertex -0.109371956 -0.012112053 0.0529371938
      vertex -0.121172573 -0.0140839505 0.059332015
      vertex -0.119981555 -0.0131122054 0.0617273609
    endloop
  endfacet
  facet normal -0.309281257 0.911974381 -0.269532619
    outer loop
      vertex -0.109371956 -0.012112053 0.0529371938
      vertex -0.119981555 -0.0131122054 0.0617273609
      vertex -0.108263908 -0.0110620164 0.0552185799
    endloop
  endfacet
  facet normal -0.232642828 0.96578539 -0.114611933
    outer loop
      vertex -0.108263908 -0.0110620164 0.0552185799
      vertex -0.119981555 -0.0131122054 0.0617273609
      vertex -0.105751503 -0.0098951603 0.0599514161
    endloop
  endfacet
  facet normal -0.244981993 0.963548327 -0.107510206
    outer loop
      vertex -0.108263908 -0.0110620164 0.0552185799
      vertex -0.105751503 -0.0098951603 0.0599514161
      vertex -0.0845862613 -0.00635015834 0.0434941657
    endloop
  endfacet
  facet normal -0.226480552 0.970540103 -0.0822099076
    outer loop
      vertex -0.0845862613 -0.00635015834 0.0434941657
      vertex -0.105751503 -0.0098951603 0.0599514161
      vertex -0.0828565049 -0.00567287909 0.0467245609
    endloop
  endfacet
  facet normal -0.207355144 0.978265051 -0.00115543363
    outer loop
      vertex 0.021328677 0.0116053896 0.0725364303
      vertex 0.0335779964 0.0141950743 0.0668577798
      vertex -0.0457380388 -0.00266548912 0.0257372094
    endloop
  endfacet
  facet normal -0.207355144 0.978265051 -0.00115543363
    outer loop
      vertex 0.083604219 0.0246967147 -0.0195226143
      vertex 0.0816569219 0.0242745033 -0.0275305437
      vertex -0.0457380388 -0.00266548912 0.0257372094
    endloop
  endfacet
  facet normal -0.207355144 0.978265051 -0.00115543363
    outer loop
      vertex -0.0131264433 0.0041239156 -0.0784182495
      vertex -0.0251800374 0.00157523533 -0.0731475828
      vertex -0.0457380388 -0.00266548912 0.0257372094
    endloop
  endfacet
  facet normal -0.207355144 0.978265051 -0.00115543363
    outer loop
      vertex -0.0457380388 -0.00266548912 0.0257372094
      vertex -0.0251800374 0.00157523533 -0.0731475828
      vertex -0.0396899991 -0.00149067144 -0.0649725165
    endloop
  endfacet
  facet normal -0.207355144 0.978265051 -0.00115543363
    outer loop
      vertex -0.0457380388 -0.00266548912 0.0257372094
      vertex -0.0396899991 -0.00149067144 -0.0649725165
      vertex -0.0507317354 -0.00382182802 -0.057121075
    endloop
  endfacet
  facet normal -0.207355144 0.978265051 -0.00115543363
    outer loop
      vertex 0.0816569219 0.0242745033 -0.0275305437
      vertex 0.0786323946 0.0236233575 -0.0360484186
      vertex -0.0457380388 -0.00266548912 0.0257372094
    endloop
  endfacet
  facet normal -0.207355144 0.978265051 -0.00115543363
    outer loop
      vertex -0.0457380388 -0.00266548912 0.0257372094
      vertex 0.0786323946 0.0236233575 -0.0360484186
      vertex 0.0746768238 0.0227752826 -0.0442134268
    endloop
  endfacet
  facet normal -0.207355144 0.978265051 -0.00115543363
    outer loop
      vertex -0.0457380388 -0.00266548912 0.0257372094
      vertex 0.0746768238 0.0227752826 -0.0442134268
      vertex 0.0698408294 0.0217411953 -0.0518669849
    endloop
  endfacet
  facet normal -0.207355144 0.978265051 -0.00115543363
    outer loop
      vertex -0.0507317354 -0.00382182802 -0.057121075
      vertex -0.0598943992 -0.00575421821 -0.048868181
      vertex -0.0457380388 -0.00266548912 0.0257372094
    endloop
  endfacet
  facet normal -0.207355144 0.978265051 -0.00115543363
    outer loop
      vertex -0.0457380388 -0.00266548912 0.0257372094
      vertex -0.0598943992 -0.00575421821 -0.048868181
      vertex -0.0679050474 -0.00744101351 -0.0394204599
    endloop
  endfacet
  facet normal -0.207355144 0.978265051 -0.00115543363
    outer loop
      vertex -0.0457380388 -0.00266548912 0.0257372094
      vertex -0.0679050474 -0.00744101351 -0.0394204599
      vertex -0.074656681 -0.00885917989 -0.0284779419
    endloop
  endfacet
  facet normal -0.207355144 0.978265051 -0.00115543363
    outer loop
      vertex -0.014985807 0.00391559514 0.0788872035
      vertex -0.00233517817 0.00659666136 0.0785586826
      vertex -0.0457380388 -0.00266548912 0.0257372094
    endloop
  endfacet
  facet normal -0.207355144 0.978265051 -0.00115543363
    outer loop
      vertex -0.0457380388 -0.00266548912 0.0257372094
      vertex -0.00233517817 0.00659666136 0.0785586826
      vertex 0.00970388863 0.00914588984 0.0763592507
    endloop
  endfacet
  facet normal -0.207355144 0.978265051 -0.00115543363
    outer loop
      vertex -0.0457380388 -0.00266548912 0.0257372094
      vertex 0.00970388863 0.00914588984 0.0763592507
      vertex 0.021328677 0.0116053896 0.0725364303
    endloop
  endfacet
  facet normal -0.207355144 0.978265051 -0.00115543363
    outer loop
      vertex 0.0335779964 0.0141950743 0.0668577798
      vertex 0.0478745575 0.0172152948 0.0582987441
      vertex -0.0457380388 -0.00266548912 0.0257372094
    endloop
  endfacet
  facet normal -0.207355144 0.978265051 -0.00115543363
    outer loop
      vertex -0.0457380388 -0.00266548912 0.0257372094
      vertex 0.0478745575 0.0172152948 0.0582987441
      vertex 0.0584732919 0.0194525081 0.0504103643
    endloop
  endfacet
  facet normal -0.207355144 0.978265051 -0.00115543363
    outer loop
      vertex -0.0457380388 -0.00266548912 0.0257372094
      vertex 0.0584732919 0.0194525081 0.0504103643
      vertex 0.0666640765 0.0211794322 0.0426108517
    endloop
  endfacet
  facet normal -0.207355144 0.978265051 -0.00115543363
    outer loop
      vertex 0.0698408294 0.0217411953 -0.0518669849
      vertex 0.0642317522 0.0205439961 -0.0588834594
      vertex -0.0457380388 -0.00266548912 0.0257372094
    endloop
  endfacet
  facet normal -0.207355144 0.978265051 -0.00115543363
    outer loop
      vertex -0.0457380388 -0.00266548912 0.0257372094
      vertex 0.0642317522 0.0205439961 -0.0588834594
      vertex 0.0584997527 0.0193221679 -0.0646928036
    endloop
  endfacet
  facet normal -0.207355144 0.978265051 -0.00115543363
    outer loop
      vertex -0.0457380388 -0.00266548912 0.0257372094
      vertex 0.0584997527 0.0193221679 -0.0646928036
      vertex 0.0498464272 0.0174799017 -0.0715413235
    endloop
  endfacet
  facet normal -0.207355144 0.978265051 -0.00115543363
    outer loop
      vertex 0.0498464272 0.0174799017 -0.0715413235
      vertex 0.040132437 0.01541455 -0.0769207924
      vertex -0.0457380388 -0.00266548912 0.0257372094
    endloop
  endfacet
  facet normal -0.207355144 0.978265051 -0.00115543363
    outer loop
      vertex -0.0457380388 -0.00266548912 0.0257372094
      vertex 0.040132437 0.01541455 -0.0769207924
      vertex 0.0302135962 0.0133079894 -0.0804276331
    endloop
  endfacet
  facet normal -0.207355144 0.978265051 -0.00115543363
    outer loop
      vertex -0.0457380388 -0.00266548912 0.0257372094
      vertex 0.0302135962 0.0133079894 -0.0804276331
      vertex 0.0177099155 0.0106548789 -0.0828014415
    endloop
  endfacet
  facet normal -0.207355144 0.978265051 -0.00115543363
    outer loop
      vertex 0.0177099155 0.0106548789 -0.0828014415
      vertex 0.00757492413 0.00850633849 -0.0830605446
      vertex -0.0457380388 -0.00266548912 0.0257372094
    endloop
  endfacet
  facet normal -0.207355144 0.978265051 -0.00115543363
    outer loop
      vertex -0.0457380388 -0.00266548912 0.0257372094
      vertex 0.00757492413 0.00850633849 -0.0830605446
      vertex -0.00238009968 0.00639795238 -0.0816195731
    endloop
  endfacet
  facet normal -0.207355144 0.978265051 -0.00115543363
    outer loop
      vertex -0.0457380388 -0.00266548912 0.0257372094
      vertex -0.00238009968 0.00639795238 -0.0816195731
      vertex -0.0131264433 0.0041239156 -0.0784182495
    endloop
  endfacet
  facet normal -0.207355144 0.978265051 -0.00115543363
    outer loop
      vertex 0.0666640765 0.0211794322 0.0426108517
      vertex 0.0729706398 0.0225067293 0.0346052455
      vertex -0.0457380388 -0.00266548912 0.0257372094
    endloop
  endfacet
  facet normal -0.207355144 0.978265051 -0.00115543363
    outer loop
      vertex -0.0457380388 -0.00266548912 0.0257372094
      vertex 0.0729706398 0.0225067293 0.0346052455
      vertex 0.0779408122 0.0235495477 0.0255713467
    endloop
  endfacet
  facet normal -0.207355144 0.978265051 -0.00115543363
    outer loop
      vertex -0.0457380388 -0.00266548912 0.0257372094
      vertex 0.0779408122 0.0235495477 0.0255713467
      vertex 0.0823465545 0.0244689926 0.0133746238
    endloop
  endfacet
  facet normal -0.207355144 0.978265051 -0.00115543363
    outer loop
      vertex 0.0823465545 0.0244689926 0.0133746238
      vertex 0.0844771251 0.0249081836 0.00286811574
      vertex -0.0457380388 -0.00266548912 0.0257372094
    endloop
  endfacet
  facet normal -0.207355144 0.978265051 -0.00115543363
    outer loop
      vertex -0.0457380388 -0.00266548912 0.0257372094
      vertex 0.0844771251 0.0249081836 0.00286811574
      vertex 0.0849293337 0.0249907057 -0.00841703677
    endloop
  endfacet
  facet normal -0.207355144 0.978265051 -0.00115543363
    outer loop
      vertex -0.0457380388 -0.00266548912 0.0257372094
      vertex 0.0849293337 0.0249907057 -0.00841703677
      vertex 0.083604219 0.0246967147 -0.0195226143
    endloop
  endfacet
  facet normal 0.207355144 -0.978265051 0.00115543363
    outer loop
      vertex -0.04789097 -0.0172240592 -0.0571052456
      vertex -0.0368492336 -0.0148929026 -0.0649566871
      vertex -0.0428972733 -0.0160677203 0.0257530388
    endloop
  endfacet
  facet normal 0.207355144 -0.978265051 0.00115543363
    outer loop
      vertex 0.0613405182 0.00591993665 -0.0646769741
      vertex 0.0670725177 0.00714176491 -0.05886763
      vertex -0.0428972733 -0.0160677203 0.0257530388
    endloop
  endfacet
  facet normal 0.207355144 -0.978265051 0.00115543363
    outer loop
      vertex 0.0613140573 0.00605027686 0.0504261937
      vertex 0.0507153229 0.00381306355 0.0583145735
      vertex -0.0428972733 -0.0160677203 0.0257530388
    endloop
  endfacet
  facet normal 0.207355144 -0.978265051 0.00115543363
    outer loop
      vertex -0.0428972733 -0.0160677203 0.0257530388
      vertex 0.0507153229 0.00381306355 0.0583145735
      vertex 0.0364187619 0.00079284314 0.0668736092
    endloop
  endfacet
  facet normal 0.207355144 -0.978265051 0.00115543363
    outer loop
      vertex -0.0428972733 -0.0160677203 0.0257530388
      vertex 0.0364187619 0.00079284314 0.0668736092
      vertex 0.0241694424 -0.00179684162 0.0725522598
    endloop
  endfacet
  facet normal 0.207355144 -0.978265051 0.00115543363
    outer loop
      vertex 0.0670725177 0.00714176491 -0.05886763
      vertex 0.0726815949 0.00833896406 -0.0518511554
      vertex -0.0428972733 -0.0160677203 0.0257530388
    endloop
  endfacet
  facet normal 0.207355144 -0.978265051 0.00115543363
    outer loop
      vertex -0.0428972733 -0.0160677203 0.0257530388
      vertex 0.0726815949 0.00833896406 -0.0518511554
      vertex 0.0775175893 0.00937305139 -0.0441975973
    endloop
  endfacet
  facet normal 0.207355144 -0.978265051 0.00115543363
    outer loop
      vertex -0.0428972733 -0.0160677203 0.0257530388
      vertex 0.0775175893 0.00937305139 -0.0441975973
      vertex 0.0814731601 0.0102211263 -0.0360325891
    endloop
  endfacet
  facet normal 0.207355144 -0.978265051 0.00115543363
    outer loop
      vertex 0.0241694424 -0.00179684162 0.0725522598
      vertex 0.0125446541 -0.00425634136 0.0763750802
      vertex -0.0428972733 -0.0160677203 0.0257530388
    endloop
  endfacet
  facet normal 0.207355144 -0.978265051 0.00115543363
    outer loop
      vertex -0.0428972733 -0.0160677203 0.0257530388
      vertex 0.0125446541 -0.00425634136 0.0763750802
      vertex 0.000505587298 -0.00680556984 0.078574512
    endloop
  endfacet
  facet normal 0.207355144 -0.978265051 0.00115543363
    outer loop
      vertex -0.0428972733 -0.0160677203 0.0257530388
      vertex 0.000505587298 -0.00680556984 0.078574512
      vertex -0.0121450416 -0.00948663606 0.0789030329
    endloop
  endfacet
  facet normal 0.207355144 -0.978265051 0.00115543363
    outer loop
      vertex -0.0718159155 -0.0222614111 -0.0284621125
      vertex -0.0650642819 -0.0208432447 -0.0394046305
      vertex -0.0428972733 -0.0160677203 0.0257530388
    endloop
  endfacet
  facet normal 0.207355144 -0.978265051 0.00115543363
    outer loop
      vertex -0.0428972733 -0.0160677203 0.0257530388
      vertex -0.0650642819 -0.0208432447 -0.0394046305
      vertex -0.0570536337 -0.0191564494 -0.0488523515
    endloop
  endfacet
  facet normal 0.207355144 -0.978265051 0.00115543363
    outer loop
      vertex -0.0428972733 -0.0160677203 0.0257530388
      vertex -0.0570536337 -0.0191564494 -0.0488523515
      vertex -0.04789097 -0.0172240592 -0.0571052456
    endloop
  endfacet
  facet normal 0.207355144 -0.978265051 0.00115543363
    outer loop
      vertex -0.0368492336 -0.0148929026 -0.0649566871
      vertex -0.0223392719 -0.0118269959 -0.0731317533
      vertex -0.0428972733 -0.0160677203 0.0257530388
    endloop
  endfacet
  facet normal 0.207355144 -0.978265051 0.00115543363
    outer loop
      vertex -0.0428972733 -0.0160677203 0.0257530388
      vertex -0.0223392719 -0.0118269959 -0.0731317533
      vertex -0.0102856778 -0.0092783156 -0.0784024201
    endloop
  endfacet
  facet normal 0.207355144 -0.978265051 0.00115543363
    outer loop
      vertex -0.0428972733 -0.0160677203 0.0257530388
      vertex -0.0102856778 -0.0092783156 -0.0784024201
      vertex 0.000460665788 -0.00700427882 -0.0816037437
    endloop
  endfacet
  facet normal 0.207355144 -0.978265051 0.00115543363
    outer loop
      vertex 0.0814731601 0.0102211263 -0.0360325891
      vertex 0.0844976874 0.0108722721 -0.0275147143
      vertex -0.0428972733 -0.0160677203 0.0257530388
    endloop
  endfacet
  facet normal 0.207355144 -0.978265051 0.00115543363
    outer loop
      vertex -0.0428972733 -0.0160677203 0.0257530388
      vertex 0.0844976874 0.0108722721 -0.0275147143
      vertex 0.0864449845 0.0112944835 -0.0195067849
    endloop
  endfacet
  facet normal 0.207355144 -0.978265051 0.00115543363
    outer loop
      vertex -0.0428972733 -0.0160677203 0.0257530388
      vertex 0.0864449845 0.0112944835 -0.0195067849
      vertex 0.0877700992 0.0115884745 -0.00840120733
    endloop
  endfacet
  facet normal 0.207355144 -0.978265051 0.00115543363
    outer loop
      vertex 0.0877700992 0.0115884745 -0.00840120733
      vertex 0.0873178905 0.0115059524 0.00288394518
      vertex -0.0428972733 -0.0160677203 0.0257530388
    endloop
  endfacet
  facet normal 0.207355144 -0.978265051 0.00115543363
    outer loop
      vertex -0.0428972733 -0.0160677203 0.0257530388
      vertex 0.0873178905 0.0115059524 0.00288394518
      vertex 0.08518732 0.0110667614 0.0133904533
    endloop
  endfacet
  facet normal 0.207355144 -0.978265051 0.00115543363
    outer loop
      vertex -0.0428972733 -0.0160677203 0.0257530388
      vertex 0.08518732 0.0110667614 0.0133904533
      vertex 0.0807815777 0.0101473165 0.0255871762
    endloop
  endfacet
  facet normal 0.207355144 -0.978265051 0.00115543363
    outer loop
      vertex 0.0807815777 0.0101473165 0.0255871762
      vertex 0.0758114053 0.00910449812 0.0346210749
      vertex -0.0428972733 -0.0160677203 0.0257530388
    endloop
  endfacet
  facet normal 0.207355144 -0.978265051 0.00115543363
    outer loop
      vertex -0.0428972733 -0.0160677203 0.0257530388
      vertex 0.0758114053 0.00910449812 0.0346210749
      vertex 0.069504842 0.00777720099 0.0426266812
    endloop
  endfacet
  facet normal 0.207355144 -0.978265051 0.00115543363
    outer loop
      vertex -0.0428972733 -0.0160677203 0.0257530388
      vertex 0.069504842 0.00777720099 0.0426266812
      vertex 0.0613140573 0.00605027686 0.0504261937
    endloop
  endfacet
  facet normal 0.207355144 -0.978265051 0.00115543363
    outer loop
      vertex 0.000460665788 -0.00700427882 -0.0816037437
      vertex 0.0104156896 -0.00489589271 -0.0830447152
      vertex -0.0428972733 -0.0160677203 0.0257530388
    endloop
  endfacet
  facet normal 0.207355144 -0.978265051 0.00115543363
    outer loop
      vertex -0.0428972733 -0.0160677203 0.0257530388
      vertex 0.0104156896 -0.00489589271 -0.0830447152
      vertex 0.0205506809 -0.00274735233 -0.0827856121
    endloop
  endfacet
  facet normal 0.207355144 -0.978265051 0.00115543363
    outer loop
      vertex -0.0428972733 -0.0160677203 0.0257530388
      vertex 0.0205506809 -0.00274735233 -0.0827856121
      vertex 0.0330543617 -9.42418153e-05 -0.0804118037
    endloop
  endfacet
  facet normal 0.207355144 -0.978265051 0.00115543363
    outer loop
      vertex 0.0330543617 -9.42418153e-05 -0.0804118037
      vertex 0.0429732025 0.00201231875 -0.076904963
      vertex -0.0428972733 -0.0160677203 0.0257530388
    endloop
  endfacet
  facet normal 0.207355144 -0.978265051 0.00115543363
    outer loop
      vertex -0.0428972733 -0.0160677203 0.0257530388
      vertex 0.0429732025 0.00201231875 -0.076904963
      vertex 0.0526871927 0.00407767053 -0.0715254941
    endloop
  endfacet
  facet normal 0.207355144 -0.978265051 0.00115543363
    outer loop
      vertex -0.0428972733 -0.0160677203 0.0257530388
      vertex 0.0526871927 0.00407767053 -0.0715254941
      vertex 0.0613405182 0.00591993665 -0.0646769741
    endloop
  endfacet
  facet normal 0.821795041 0.17354843 -0.542709731
    outer loop
      vertex 0.0746768238 0.0227752826 -0.0442134268
      vertex 0.0775175893 0.00937305139 -0.0441975973
      vertex 0.0726815949 0.00833896406 -0.0518511554
    endloop
  endfacet
  facet normal 0.821795041 0.17354843 -0.542709731
    outer loop
      vertex 0.0746768238 0.0227752826 -0.0442134268
      vertex 0.0726815949 0.00833896406 -0.0518511554
      vertex 0.0698408294 0.0217411953 -0.0518669849
    endloop
  endfacet
  facet normal 0.757570069 0.159828663 -0.632884182
    outer loop
      vertex 0.0698408294 0.0217411953 -0.0518669849
      vertex 0.0726815949 0.00833896406 -0.0518511554
      vertex 0.0670725177 0.00714176491 -0.05886763
    endloop
  endfacet
  facet normal 0.757570069 0.159828663 -0.632884182
    outer loop
      vertex 0.0698408294 0.0217411953 -0.0518669849
      vertex 0.0670725177 0.00714176491 -0.05886763
      vertex 0.0642317522 0.0205439961 -0.0588834594
    endloop
  endfacet
  facet normal 0.473012351 -0.866443769 -0.159795212
    outer loop
      vertex -0.0615050236 -0.0178829395 0.0225824861
      vertex -0.0499712738 -0.0154137104 0.0433350349
      vertex -0.050260097 -0.0155898512 0.0434351582
    endloop
  endfacet
  facet normal 0.472853572 -0.866535519 -0.159767626
    outer loop
      vertex -0.0716394232 -0.0259003677 0.0360815918
      vertex -0.0707349634 -0.0249582939 0.0336489127
      vertex -0.0630843035 -0.0231894748 0.0466984735
    endloop
  endfacet
  facet normal 0.471145768 -0.867677373 -0.158611605
    outer loop
      vertex -0.0707349634 -0.0249582939 0.0336489127
      vertex -0.0705359538 -0.0247795985 0.0332625139
      vertex -0.0630843035 -0.0231894748 0.0466984735
    endloop
  endfacet
  facet normal 0.472077925 -0.86706249 -0.159201355
    outer loop
      vertex -0.0630843035 -0.0231894748 0.0466984735
      vertex -0.0705359538 -0.0247795985 0.0332625139
      vertex -0.0689839379 -0.023484275 0.030809934
    endloop
  endfacet
  facet normal 0.473532564 -0.866166415 -0.159758108
    outer loop
      vertex -0.0630843035 -0.0231894748 0.0466984735
      vertex -0.0689839379 -0.023484275 0.030809934
      vertex -0.0663442797 -0.0214481012 0.0275944401
    endloop
  endfacet
  facet normal 0.472973977 -0.866469047 -0.159771738
    outer loop
      vertex -0.050260097 -0.0155898512 0.0434351582
      vertex -0.0572420075 -0.0198215354 0.0457156701
      vertex -0.0615050236 -0.0178829395 0.0225824861
    endloop
  endfacet
  facet normal 0.472955238 -0.866479746 -0.159769182
    outer loop
      vertex -0.0615050236 -0.0178829395 0.0225824861
      vertex -0.0572420075 -0.0198215354 0.0457156701
      vertex -0.0613557962 -0.0222250533 0.0465729176
    endloop
  endfacet
  facet normal 0.47289679 -0.866510682 -0.159774417
    outer loop
      vertex -0.0615050236 -0.0178829395 0.0225824861
      vertex -0.0613557962 -0.0222250533 0.0465729176
      vertex -0.0663442797 -0.0214481012 0.0275944401
    endloop
  endfacet
  facet normal 0.472131091 -0.866961791 -0.159591621
    outer loop
      vertex -0.0663442797 -0.0214481012 0.0275944401
      vertex -0.0613557962 -0.0222250533 0.0465729176
      vertex -0.0630801177 -0.0231871854 0.0466983997
    endloop
  endfacet
  facet normal 0.471556777 -0.867286913 -0.159523089
    outer loop
      vertex -0.0663442797 -0.0214481012 0.0275944401
      vertex -0.0630801177 -0.0231871854 0.0466983997
      vertex -0.0630843035 -0.0231894748 0.0466984735
    endloop
  endfacet
  facet normal 0.472692161 -0.866803557 -0.158788271
    outer loop
      vertex -0.0708609277 -0.0266109744 0.0422259687
      vertex -0.0630843035 -0.0231894748 0.0466984735
      vertex -0.0707282942 -0.0265837281 0.0424720677
    endloop
  endfacet
  facet normal 0.471269191 -0.868253936 -0.155049841
    outer loop
      vertex -0.0707282942 -0.0265837281 0.0424720677
      vertex -0.0630843035 -0.0231894748 0.0466984735
      vertex -0.0641503014 -0.0237636782 0.0466738517
    endloop
  endfacet
  facet normal 0.473441969 -0.866047132 -0.16067068
    outer loop
      vertex -0.0708609277 -0.0266109744 0.0422259687
      vertex -0.0716356945 -0.0266673356 0.0402467923
      vertex -0.0630843035 -0.0231894748 0.0466984735
    endloop
  endfacet
  facet normal 0.47266893 -0.866725983 -0.159280111
    outer loop
      vertex -0.0630843035 -0.0231894748 0.0466984735
      vertex -0.0716356945 -0.0266673356 0.0402467923
      vertex -0.0718965598 -0.026426878 0.038164211
    endloop
  endfacet
  facet normal 0.47356156 -0.866018949 -0.160470024
    outer loop
      vertex -0.0630843035 -0.0231894748 0.0466984735
      vertex -0.0718965598 -0.026426878 0.038164211
      vertex -0.0716394232 -0.0259003677 0.0360815918
    endloop
  endfacet
  facet normal 0.474046845 -0.865624681 -0.161162963
    outer loop
      vertex -0.0641503014 -0.0237636782 0.0466738517
      vertex -0.0663499768 -0.0248898566 0.0462525304
      vertex -0.0707282942 -0.0265837281 0.0424720677
    endloop
  endfacet
  facet normal 0.473165651 -0.866356501 -0.159814515
    outer loop
      vertex -0.0707282942 -0.0265837281 0.0424720677
      vertex -0.0663499768 -0.0248898566 0.0462525304
      vertex -0.0681243559 -0.0257010767 0.0453967297
    endloop
  endfacet
  facet normal 0.471104827 -0.867899522 -0.157514007
    outer loop
      vertex -0.0707282942 -0.0265837281 0.0424720677
      vertex -0.0681243559 -0.0257010767 0.0453967297
      vertex -0.0694173325 -0.026203931 0.0443003157
    endloop
  endfacet
  facet normal 0.850522742 0.180125397 -0.494131467
    outer loop
      vertex -0.0499712738 -0.0154137104 0.0433350349
      vertex -0.0615050236 -0.0178829395 0.0225824861
      vertex -0.0499245156 -0.0146617584 0.043689626
    endloop
  endfacet
  facet normal 0.850455805 0.180419031 -0.494139553
    outer loop
      vertex -0.0499245156 -0.0146617584 0.043689626
      vertex -0.0615050236 -0.0178829395 0.0225824861
      vertex -0.0616918367 -0.0175460253 0.0223839784
    endloop
  endfacet
  facet normal 0.850745305 0.179100347 -0.494120929
    outer loop
      vertex -0.0499245156 -0.0146617584 0.043689626
      vertex -0.0616918367 -0.0175460253 0.0223839784
      vertex -0.0499457758 -0.013860299 0.0439435205
    endloop
  endfacet
  facet normal 0.850579926 0.179802072 -0.494150791
    outer loop
      vertex -0.0499457758 -0.013860299 0.0439435205
      vertex -0.0616918367 -0.0175460253 0.0223839784
      vertex -0.0618531752 -0.0172155326 0.0222265203
    endloop
  endfacet
  facet normal 0.85073933 0.179103128 -0.494130207
    outer loop
      vertex -0.0499457758 -0.013860299 0.0439435205
      vertex -0.0618531752 -0.0172155326 0.0222265203
      vertex -0.0621579343 -0.0164747668 0.0219703185
    endloop
  endfacet
  facet normal 0.207348866 -0.978266385 0.00115219139
    outer loop
      vertex -0.0810887713 -0.0204804943 0.0277791267
      vertex -0.0780039595 -0.0198340005 0.021539691
      vertex -0.0648271209 -0.0170388423 0.0234549908
    endloop
  endfacet
  facet normal 0.207356967 -0.978264665 0.00115441697
    outer loop
      vertex -0.0621579343 -0.0164747668 0.0219703185
      vertex -0.0721283419 -0.0186466933 -0.0276525382
      vertex -0.0436437518 -0.0125459662 0.0257488793
    endloop
  endfacet
  facet normal 0.207354367 -0.978265265 0.00111271062
    outer loop
      vertex -0.0648271209 -0.0170388423 0.0234549908
      vertex -0.0780039595 -0.0198340005 0.021539691
      vertex -0.0621579343 -0.0164747668 0.0219703185
    endloop
  endfacet
  facet normal 0.207354023 -0.978265286 0.00115724916
    outer loop
      vertex -0.0447790577 -0.0127407316 0.0645908468
      vertex -0.051612304 -0.0141943254 0.0601844888
      vertex -0.0499457758 -0.013860299 0.0439435205
    endloop
  endfacet
  facet normal 0.207355144 -0.978265051 0.00115543363
    outer loop
      vertex -0.0910592196 -0.0225824193 0.037458608
      vertex -0.0863639585 -0.0215914468 0.033864455
      vertex -0.0887830619 -0.0221013568 0.0362760828
    endloop
  endfacet
  facet normal 0.207352072 -0.978265705 0.00115221413
    outer loop
      vertex -0.0887830619 -0.0221013568 0.0362760828
      vertex -0.0863639585 -0.0215914468 0.033864455
      vertex -0.086507603 -0.0216204475 0.0350921785
    endloop
  endfacet
  facet normal 0.207353256 -0.978265451 0.00115502045
    outer loop
      vertex -0.0780039595 -0.0198340005 0.021539691
      vertex -0.0766577087 -0.019556228 0.0151205683
      vertex -0.0621579343 -0.0164747668 0.0219703185
    endloop
  endfacet
  facet normal 0.207353045 -0.978265496 0.00115548854
    outer loop
      vertex -0.0621579343 -0.0164747668 0.0219703185
      vertex -0.0766577087 -0.019556228 0.0151205683
      vertex -0.0768624212 -0.0196093716 0.00686360461
    endloop
  endfacet
  facet normal 0.207352846 -0.978265537 0.00115569037
    outer loop
      vertex -0.0621579343 -0.0164747668 0.0219703185
      vertex -0.0768624212 -0.0196093716 0.00686360461
      vertex -0.0772049545 -0.0196857673 0.00365342615
    endloop
  endfacet
  facet normal 0.207354525 -0.97826518 0.00115730282
    outer loop
      vertex -0.051612304 -0.0141943254 0.0601844888
      vertex -0.0576951829 -0.0154861498 0.0580810488
      vertex -0.0499457758 -0.013860299 0.0439435205
    endloop
  endfacet
  facet normal 0.207354998 -0.978265079 0.00115757366
    outer loop
      vertex -0.0499457758 -0.013860299 0.0439435205
      vertex -0.0576951829 -0.0154861498 0.0580810488
      vertex -0.0645170097 -0.016932691 0.0575965146
    endloop
  endfacet
  facet normal 0.20735539 -0.978264995 0.00115801133
    outer loop
      vertex -0.0499457758 -0.013860299 0.0439435205
      vertex -0.0645170097 -0.016932691 0.0575965146
      vertex -0.06669031 -0.0173930913 0.0578141936
    endloop
  endfacet
  facet normal 0.207349385 -0.978266275 0.0011518863
    outer loop
      vertex -0.086507603 -0.0216204475 0.0350921785
      vertex -0.0863639585 -0.0215914468 0.033864455
      vertex -0.0648271209 -0.0170388423 0.0234549908
    endloop
  endfacet
  facet normal 0.207347678 -0.978266642 0.00114819319
    outer loop
      vertex -0.0648271209 -0.0170388423 0.0234549908
      vertex -0.0863639585 -0.0215914468 0.033864455
      vertex -0.0823841456 -0.0207529418 0.0295764482
    endloop
  endfacet
  facet normal 0.207348399 -0.978266486 0.00115035457
    outer loop
      vertex -0.0648271209 -0.0170388423 0.0234549908
      vertex -0.0823841456 -0.0207529418 0.0295764482
      vertex -0.0810887713 -0.0204804943 0.0277791267
    endloop
  endfacet
  facet normal 0.207356977 -0.978264663 0.00115436889
    outer loop
      vertex -0.0621579343 -0.0164747668 0.0219703185
      vertex -0.0436437518 -0.0125459662 0.0257488793
      vertex -0.0499457758 -0.013860299 0.0439435205
    endloop
  endfacet
  facet normal 0.207356931 -0.978264673 0.00115435254
    outer loop
      vertex -0.0499457758 -0.013860299 0.0439435205
      vertex -0.0436437518 -0.0125459662 0.0257488793
      vertex -0.0133530897 -0.00606365946 0.0781011249
    endloop
  endfacet
  facet normal 0.207354892 -0.978265103 0.00115663592
    outer loop
      vertex -0.0499457758 -0.013860299 0.0439435205
      vertex -0.0133530897 -0.00606365946 0.0781011249
      vertex -0.0235577909 -0.00822930887 0.0758665923
    endloop
  endfacet
  facet normal 0.207353136 -0.978265476 0.00115544119
    outer loop
      vertex -0.0772049545 -0.0196857673 0.00365342615
      vertex -0.0772394971 -0.0197052177 -0.00661557321
      vertex -0.0621579343 -0.0164747668 0.0219703185
    endloop
  endfacet
  facet normal 0.207353617 -0.978265375 0.00115517632
    outer loop
      vertex -0.0621579343 -0.0164747668 0.0219703185
      vertex -0.0772394971 -0.0197052177 -0.00661557321
      vertex -0.0754743138 -0.019343976 -0.0175462348
    endloop
  endfacet
  facet normal 0.207354004 -0.978265293 0.00115503972
    outer loop
      vertex -0.0621579343 -0.0164747668 0.0219703185
      vertex -0.0754743138 -0.019343976 -0.0175462348
      vertex -0.0721283419 -0.0186466933 -0.0276525382
    endloop
  endfacet
  facet normal 0.207354578 -0.978265169 0.00115690649
    outer loop
      vertex -0.0235577909 -0.00822930887 0.0758665923
      vertex -0.0336459989 -0.0103724043 0.0718217274
      vertex -0.0499457758 -0.013860299 0.0439435205
    endloop
  endfacet
  facet normal 0.20735411 -0.978265268 0.00115719274
    outer loop
      vertex -0.0499457758 -0.013860299 0.0439435205
      vertex -0.0336459989 -0.0103724043 0.0718217274
      vertex -0.0422569939 -0.0122038535 0.0665349062
    endloop
  endfacet
  facet normal 0.207353752 -0.978265343 0.00115732012
    outer loop
      vertex -0.0499457758 -0.013860299 0.0439435205
      vertex -0.0422569939 -0.0122038535 0.0665349062
      vertex -0.0447790577 -0.0127407316 0.0645908468
    endloop
  endfacet
  facet normal 0.207355144 -0.978265051 0.00115543363
    outer loop
      vertex -0.0777539966 -0.0197339403 0.061398549
      vertex -0.0755952456 -0.0192780131 0.0600047752
      vertex -0.0723305523 -0.0185870731 0.0591146079
    endloop
  endfacet
  facet normal 0.207356277 -0.978264805 0.00115977925
    outer loop
      vertex -0.0723305523 -0.0185870731 0.0591146079
      vertex -0.0755952456 -0.0192780131 0.0600047752
      vertex -0.0734356931 -0.0188219179 0.0586123217
    endloop
  endfacet
  facet normal 0.20735616 -0.97826483 0.00116004639
    outer loop
      vertex -0.0723305523 -0.0185870731 0.0591146079
      vertex -0.0734356931 -0.0188219179 0.0586123217
      vertex -0.06669031 -0.0173930913 0.0578141936
    endloop
  endfacet
  facet normal 0.207376734 -0.978260236 0.00134214384
    outer loop
      vertex -0.06669031 -0.0173930913 0.0578141936
      vertex -0.0734356931 -0.0188219179 0.0586123217
      vertex -0.0703384554 -0.0181680793 0.0566224327
    endloop
  endfacet
  facet normal 0.207411999 -0.978252908 0.00122942712
    outer loop
      vertex -0.06669031 -0.0173930913 0.0578141936
      vertex -0.0703384554 -0.0181680793 0.0566224327
      vertex -0.0499457758 -0.013860299 0.0439435205
    endloop
  endfacet
  facet normal 0.0809002208 0.983472208 -0.161980157
    outer loop
      vertex -0.0519468248 -0.00609340875 0.0433240266
      vertex -0.0634805746 -0.00856263785 0.0225714778
      vertex -0.0637477184 -0.00850395949 0.0227943233
    endloop
  endfacet
  facet normal 0.0807779874 0.983504599 -0.161844435
    outer loop
      vertex -0.070276545 -0.00408976622 0.0463601163
      vertex -0.0675391885 -0.00426241161 0.0466772147
      vertex -0.0745477799 -0.00589557601 0.0332546673
    endloop
  endfacet
  facet normal 0.0786917414 0.983845551 -0.160796585
    outer loop
      vertex -0.0675391885 -0.00426241161 0.0466772147
      vertex -0.0670707668 -0.00430009374 0.0466758933
      vertex -0.0745477799 -0.00589557601 0.0332546673
    endloop
  endfacet
  facet normal 0.0797940879 0.983659807 -0.161388625
    outer loop
      vertex -0.0745477799 -0.00589557601 0.0332546673
      vertex -0.0670707668 -0.00430009374 0.0466758933
      vertex -0.063919175 -0.00460165787 0.0463960835
    endloop
  endfacet
  facet normal 0.081186565 0.983365189 -0.162485834
    outer loop
      vertex -0.0745477799 -0.00589557601 0.0332546673
      vertex -0.063919175 -0.00460165787 0.0463960835
      vertex -0.0594134984 -0.00512819476 0.045460755
    endloop
  endfacet
  facet normal 0.0808556037 0.983479951 -0.161955419
    outer loop
      vertex -0.0637477184 -0.00850395949 0.0227943233
      vertex -0.0700799766 -0.00708523976 0.0282481936
      vertex -0.0519468248 -0.00609340875 0.0433240266
    endloop
  endfacet
  facet normal 0.0808418062 0.983483776 -0.161939075
    outer loop
      vertex -0.0519468248 -0.00609340875 0.0433240266
      vertex -0.0700799766 -0.00708523976 0.0282481936
      vertex -0.0733746066 -0.00624694295 0.0316945976
    endloop
  endfacet
  facet normal 0.0808106187 0.983495774 -0.161881769
    outer loop
      vertex -0.0519468248 -0.00609340875 0.0433240266
      vertex -0.0733746066 -0.00624694295 0.0316945976
      vertex -0.0594134984 -0.00512819476 0.045460755
    endloop
  endfacet
  facet normal 0.0801767115 0.98365118 -0.161251514
    outer loop
      vertex -0.0594134984 -0.00512819476 0.045460755
      vertex -0.0733746066 -0.00624694295 0.0316945976
      vertex -0.0745451463 -0.00589642565 0.0332507798
    endloop
  endfacet
  facet normal 0.0798785457 0.983735077 -0.16088728
    outer loop
      vertex -0.0594134984 -0.00512819476 0.045460755
      vertex -0.0745451463 -0.00589642565 0.0332507798
      vertex -0.0745477799 -0.00589557601 0.0332546673
    endloop
  endfacet
  facet normal 0.0799921222 0.983519395 -0.162144566
    outer loop
      vertex -0.0753108756 -0.00427831534 0.042688012
      vertex -0.0745477799 -0.00589557601 0.0332546673
      vertex -0.0754501253 -0.00430692904 0.0424457528
    endloop
  endfacet
  facet normal 0.0755705845 0.98378965 -0.162625369
    outer loop
      vertex -0.0754501253 -0.00430692904 0.0424457528
      vertex -0.0745477799 -0.00589557601 0.0332546673
      vertex -0.0751792156 -0.00568000058 0.0342653516
    endloop
  endfacet
  facet normal 0.0819493912 0.983388047 -0.161963718
    outer loop
      vertex -0.0753108756 -0.00427831534 0.042688012
      vertex -0.0740107394 -0.00411095616 0.0443619942
      vertex -0.0745477799 -0.00589557601 0.0332546673
    endloop
  endfacet
  facet normal 0.080227338 0.98353973 -0.161904827
    outer loop
      vertex -0.0745477799 -0.00589557601 0.0332546673
      vertex -0.0740107394 -0.00411095616 0.0443619942
      vertex -0.0723031787 -0.00404576176 0.0456041705
    endloop
  endfacet
  facet normal 0.0818428769 0.983362603 -0.16217193
    outer loop
      vertex -0.0745477799 -0.00589557601 0.0332546673
      vertex -0.0723031787 -0.00404576176 0.0456041705
      vertex -0.070276545 -0.00408976622 0.0463601163
    endloop
  endfacet
  facet normal 0.0827544612 0.983265269 -0.162299444
    outer loop
      vertex -0.0751792156 -0.00568000058 0.0342653516
      vertex -0.0761527717 -0.00522424892 0.0365300462
      vertex -0.0754501253 -0.00430692904 0.0424457528
    endloop
  endfacet
  facet normal 0.0809918735 0.983442033 -0.1621175
    outer loop
      vertex -0.0754501253 -0.00430692904 0.0424457528
      vertex -0.0761527717 -0.00522424892 0.0365300462
      vertex -0.0764746603 -0.00485592082 0.0386035976
    endloop
  endfacet
  facet normal 0.0776344453 0.983850331 -0.161280561
    outer loop
      vertex -0.0754501253 -0.00430692904 0.0424457528
      vertex -0.0764746603 -0.00485592082 0.0386035976
      vertex -0.0762847831 -0.00458612499 0.040340817
    endloop
  endfacet
  facet normal 0.850697357 0.179301598 -0.494130494
    outer loop
      vertex -0.0634805746 -0.00856263785 0.0225714778
      vertex -0.0519468248 -0.00609340875 0.0433240266
      vertex -0.0635278525 -0.00931469964 0.0222171886
    endloop
  endfacet
  facet normal 0.850764001 0.179007901 -0.494122237
    outer loop
      vertex -0.0635278525 -0.00931469964 0.0222171886
      vertex -0.0519468248 -0.00609340875 0.0433240266
      vertex -0.0517604682 -0.00643041891 0.0435227994
    endloop
  endfacet
  facet normal 0.85047461 0.180326608 -0.494140924
    outer loop
      vertex -0.0635278525 -0.00931469964 0.0222171886
      vertex -0.0517604682 -0.00643041891 0.0435227994
      vertex -0.0635057557 -0.0101159825 0.0219628081
    endloop
  endfacet
  facet normal 0.850640316 0.179624953 -0.494111252
    outer loop
      vertex -0.0635057557 -0.0101159825 0.0219628081
      vertex -0.0517604682 -0.00643041891 0.0435227994
      vertex -0.051599193 -0.00676092537 0.0436802943
    endloop
  endfacet
  facet normal 0.850480588 0.180323828 -0.494131649
    outer loop
      vertex -0.0635057557 -0.0101159825 0.0219628081
      vertex -0.051599193 -0.00676092537 0.0436802943
      vertex -0.0512935972 -0.00750151475 0.0439360101
    endloop
  endfacet
  facet normal -0.207355636 0.978264955 -0.00114822401
    outer loop
      vertex -0.0658648181 -0.0105739685 0.0575890043
      vertex -0.0590429913 -0.00912742727 0.0580735385
      vertex -0.0539074341 -0.00805361511 0.0455203182
    endloop
  endfacet
  facet normal -0.207353343 0.978265431 -0.00115652272
    outer loop
      vertex -0.0512935972 -0.00750151475 0.0439360101
      vertex -0.0147008981 0.000295063048 0.0780936146
      vertex -0.0449915602 -0.00618724369 0.0257413689
    endloop
  endfacet
  facet normal -0.207319501 0.978272631 -0.0011327845
    outer loop
      vertex -0.0539074341 -0.00805361511 0.0455203182
      vertex -0.0590429913 -0.00912742727 0.0580735385
      vertex -0.0512935972 -0.00750151475 0.0439360101
    endloop
  endfacet
  facet normal -0.207357258 0.978264602 -0.00115537831
    outer loop
      vertex -0.0782102296 -0.0132506491 0.00685609429
      vertex -0.078005517 -0.0131975055 0.015113058
      vertex -0.0635057557 -0.0101159825 0.0219628081
    endloop
  endfacet
  facet normal -0.207355144 0.978265051 -0.00115543363
    outer loop
      vertex -0.0791018049 -0.0133752178 0.0613910386
      vertex -0.073688339 -0.0122304614 0.0591106695
      vertex -0.076943054 -0.0129192906 0.0599972649
    endloop
  endfacet
  facet normal -0.207353937 0.978265312 -0.00115080155
    outer loop
      vertex -0.076943054 -0.0129192906 0.0599972649
      vertex -0.073688339 -0.0122304614 0.0591106695
      vertex -0.074783503 -0.0124631884 0.0586048114
    endloop
  endfacet
  facet normal -0.207355767 0.978264921 -0.00115355059
    outer loop
      vertex -0.0590429913 -0.00912742727 0.0580735385
      vertex -0.0529601123 -0.00783560292 0.0601769784
      vertex -0.0512935972 -0.00750151475 0.0439360101
    endloop
  endfacet
  facet normal -0.207356273 0.978264814 -0.00115360465
    outer loop
      vertex -0.0512935972 -0.00750151475 0.0439360101
      vertex -0.0529601123 -0.00783560292 0.0601769784
      vertex -0.0461268661 -0.00638200911 0.0645833364
    endloop
  endfacet
  facet normal -0.207356546 0.978264756 -0.00115353316
    outer loop
      vertex -0.0512935972 -0.00750151475 0.0439360101
      vertex -0.0461268661 -0.00638200911 0.0645833364
      vertex -0.0436048023 -0.00584513096 0.0665273959
    endloop
  endfacet
  facet normal -0.207357045 0.978264647 -0.00115584987
    outer loop
      vertex -0.078005517 -0.0131975055 0.015113058
      vertex -0.0793517679 -0.013475278 0.0215321807
      vertex -0.0635057557 -0.0101159825 0.0219628081
    endloop
  endfacet
  facet normal -0.207357031 0.97826465 -0.00115640802
    outer loop
      vertex -0.0635057557 -0.0101159825 0.0219628081
      vertex -0.0793517679 -0.013475278 0.0215321807
      vertex -0.0824365796 -0.0141217718 0.0277716164
    endloop
  endfacet
  facet normal -0.207357199 0.978264613 -0.00115698245
    outer loop
      vertex -0.0635057557 -0.0101159825 0.0219628081
      vertex -0.0824365796 -0.0141217718 0.0277716164
      vertex -0.0837447901 -0.0143969207 0.0295853789
    endloop
  endfacet
  facet normal -0.20735501 0.978265087 -0.00114837522
    outer loop
      vertex -0.074783503 -0.0124631884 0.0586048114
      vertex -0.073688339 -0.0122304614 0.0591106695
      vertex -0.0539074341 -0.00805361511 0.0455203182
    endloop
  endfacet
  facet normal -0.207352862 0.978265546 -0.00114510767
    outer loop
      vertex -0.0539074341 -0.00805361511 0.0455203182
      vertex -0.073688339 -0.0122304614 0.0591106695
      vertex -0.0680585037 -0.0110386863 0.057809541
    endloop
  endfacet
  facet normal -0.207354321 0.978265235 -0.00114686332
    outer loop
      vertex -0.0539074341 -0.00805361511 0.0455203182
      vertex -0.0680585037 -0.0110386863 0.057809541
      vertex -0.0658648181 -0.0105739685 0.0575890043
    endloop
  endfacet
  facet normal -0.207353297 0.978265441 -0.00115650625
    outer loop
      vertex -0.0512935972 -0.00750151475 0.0439360101
      vertex -0.0449915602 -0.00618724369 0.0257413689
      vertex -0.0635057557 -0.0101159825 0.0219628081
    endloop
  endfacet
  facet normal -0.207353307 0.978265439 -0.00115645782
    outer loop
      vertex -0.0635057557 -0.0101159825 0.0219628081
      vertex -0.0449915602 -0.00618724369 0.0257413689
      vertex -0.0734761503 -0.0122879708 -0.0276600485
    endloop
  endfacet
  facet normal -0.207356292 0.978264807 -0.00115583045
    outer loop
      vertex -0.0635057557 -0.0101159825 0.0219628081
      vertex -0.0734761503 -0.0122879708 -0.0276600485
      vertex -0.0768221221 -0.0129852535 -0.0175537451
    endloop
  endfacet
  facet normal -0.207356185 0.978264832 -0.00115366148
    outer loop
      vertex -0.0436048023 -0.00584513096 0.0665273959
      vertex -0.0349938072 -0.00401368182 0.071814217
      vertex -0.0512935972 -0.00750151475 0.0439360101
    endloop
  endfacet
  facet normal -0.207355713 0.978264932 -0.00115394985
    outer loop
      vertex -0.0512935972 -0.00750151475 0.0439360101
      vertex -0.0349938072 -0.00401368182 0.071814217
      vertex -0.0249055993 -0.00187058636 0.0758590819
    endloop
  endfacet
  facet normal -0.207355398 0.978264998 -0.00115422243
    outer loop
      vertex -0.0512935972 -0.00750151475 0.0439360101
      vertex -0.0249055993 -0.00187058636 0.0758590819
      vertex -0.0147008981 0.000295063048 0.0780936146
    endloop
  endfacet
  facet normal -0.207356682 0.978264724 -0.00115569284
    outer loop
      vertex -0.0768221221 -0.0129852535 -0.0175537451
      vertex -0.0785873054 -0.0133464952 -0.00662308353
      vertex -0.0635057557 -0.0101159825 0.0219628081
    endloop
  endfacet
  facet normal -0.207357166 0.978264622 -0.00115542601
    outer loop
      vertex -0.0635057557 -0.0101159825 0.0219628081
      vertex -0.0785873054 -0.0133464952 -0.00662308353
      vertex -0.0785527629 -0.0133270448 0.00364591583
    endloop
  endfacet
  facet normal -0.207357458 0.97826456 -0.00115517498
    outer loop
      vertex -0.0635057557 -0.0101159825 0.0219628081
      vertex -0.0785527629 -0.0133270448 0.00364591583
      vertex -0.0782102296 -0.0132506491 0.00685609429
    endloop
  endfacet
  facet normal -0.207355144 0.978265051 -0.00115543363
    outer loop
      vertex -0.0924070279 -0.0162236968 0.0374510977
      vertex -0.0901308703 -0.0157426343 0.0362685725
      vertex -0.0877198758 -0.015234435 0.03386388
    endloop
  endfacet
  facet normal -0.207358418 0.978264353 -0.00115886433
    outer loop
      vertex -0.0877198758 -0.015234435 0.03386388
      vertex -0.0901308703 -0.0157426343 0.0362685725
      vertex -0.0878554128 -0.015261718 0.0350846682
    endloop
  endfacet
  facet normal -0.207358713 0.97826429 -0.00115889842
    outer loop
      vertex -0.0877198758 -0.015234435 0.03386388
      vertex -0.0878554128 -0.015261718 0.0350846682
      vertex -0.0837447901 -0.0143969207 0.0295853789
    endloop
  endfacet
  facet normal -0.207501109 0.978233958 -0.00127010696
    outer loop
      vertex -0.0837447901 -0.0143969207 0.0295853789
      vertex -0.0878554128 -0.015261718 0.0350846682
      vertex -0.0845980634 -0.0145729845 0.0333830908
    endloop
  endfacet
  facet normal -0.207388429 0.978257887 -0.00124368064
    outer loop
      vertex -0.0837447901 -0.0143969207 0.0295853789
      vertex -0.0845980634 -0.0145729845 0.0333830908
      vertex -0.0635057557 -0.0101159825 0.0219628081
    endloop
  endfacet
endsolid right_paddle_hitter_frame
