[2026-06-07 15:24:05,166][ogn_registration][INFO] - Looking for Python nodes to register in omni.kit.mainwindow-1.0.3
[2026-06-07 15:24:05,167][ogn_registration][INFO] -  -> Registered nodes from module omni.kit.mainwindow at /root/.venvs/isaaclab-mosaic/lib/python3.10/site-packages/omni/data/Kit/Isaac-Sim/4.5/exts/3/omni.kit.mainwindow-1.0.3+d02c707b
[2026-06-07 15:24:05,167][ogn_registration][INFO] - Registering nodes in /root/.venvs/isaaclab-mosaic/lib/python3.10/site-packages/omni/data/Kit/Isaac-Sim/4.5/exts/3/omni.kit.mainwindow-1.0.3+d02c707b imported as omni.kit.mainwindow with AutoNode config {}
[2026-06-07 15:24:05,167][ogn_registration][INFO] - Registering Python Node Types from omni.kit.mainwindow at /root/.venvs/isaaclab-mosaic/lib/python3.10/site-packages/omni/data/Kit/Isaac-Sim/4.5/exts/3/omni.kit.mainwindow-1.0.3+d02c707b in omni.kit.mainwindow
[2026-06-07 15:24:05,167][ogn_registration][INFO] - ========================================================================================================================
[2026-06-07 15:24:05,168][ogn_registration][INFO] - No dependency on omni.graph, therefore no nodes to register in omni.kit.mainwindow
[2026-06-07 15:24:05,168][ogn_registration][INFO] - ...None found, no registration to do
[2026-06-07 15:24:05,168][ogn_registration][INFO] - ...Skipping: No OmniGraph presence in the module omni.kit.mainwindow - No nodes in this module, do not remember it
[2026-06-07 15:24:05,168][ogn_registration][INFO] - Destroying registration record for omni.kit.mainwindow
[2026-06-07 15:24:05,168][ogn_registration][INFO] - OGN register omni.kit.mainwindow-1.0.3 took 1377578.000000
[2026-06-07 15:24:05,170][ogn_registration][INFO] - Looking for Python nodes to register in omni.uiaudio-1.0.0
[2026-06-07 15:24:05,170][ogn_registration][INFO] -  -> Registered nodes from module omni.kit.uiaudio at /root/.venvs/isaaclab-mosaic/lib/python3.10/site-packages/omni/data/Kit/Isaac-Sim/4.5/exts/3/omni.uiaudio-1.0.0+d02c707b.lx64.r.cp310
[2026-06-07 15:24:05,170][ogn_registration][INFO] - Registering nodes in /root/.venvs/isaaclab-mosaic/lib/python3.10/site-packages/omni/data/Kit/Isaac-Sim/4.5/exts/3/omni.uiaudio-1.0.0+d02c707b.lx64.r.cp310 imported as omni.kit.uiaudio with AutoNode config {}
[2026-06-07 15:24:05,170][ogn_registration][INFO] - Registering Python Node Types from omni.kit.uiaudio at /root/.venvs/isaaclab-mosaic/lib/python3.10/site-packages/omni/data/Kit/Isaac-Sim/4.5/exts/3/omni.uiaudio-1.0.0+d02c707b.lx64.r.cp310 in omni.uiaudio
[2026-06-07 15:24:05,170][ogn_registration][INFO] - ========================================================================================================================
[2026-06-07 15:24:05,171][ogn_registration][INFO] - No dependency on omni.graph, therefore no nodes to register in omni.uiaudio
[2026-06-07 15:24:05,171][ogn_registration][INFO] - ...None found, no registration to do
[2026-06-07 15:24:05,171][ogn_registration][INFO] - ...Skipping: No OmniGraph presence in the module omni.kit.uiaudio - No nodes in this module, do not remember it
[2026-06-07 15:24:05,171][ogn_registration][INFO] - Destroying registration record for omni.uiaudio
[2026-06-07 15:24:05,171][ogn_registration][INFO] - OGN register omni.uiaudio-1.0.0 took 723038.000000
[2026-06-07 15:24:05,171][ogn_registration][INFO] - Looking for Python nodes to register in omni.kit.uiapp-0.0.0
[2026-06-07 15:24:05,171][ogn_registration][INFO] - OGN register omni.kit.uiapp-0.0.0 took 71894.000000
[2026-06-07 15:24:05,194][ogn_registration][INFO] - Looking for Python nodes to register in omni.kit.asset_converter-2.8.9
[2026-06-07 15:24:05,194][ogn_registration][INFO] -  -> Registered nodes from module asset_converter_native_bindings at /root/.venvs/isaaclab-mosaic/lib/python3.10/site-packages/omni/data/Kit/Isaac-Sim/4.5/exts/3/omni.kit.asset_converter-2.8.9+106.5.0.lx64.r.cp310
[2026-06-07 15:24:05,194][ogn_registration][INFO] - Registering nodes in /root/.venvs/isaaclab-mosaic/lib/python3.10/site-packages/omni/data/Kit/Isaac-Sim/4.5/exts/3/omni.kit.asset_converter-2.8.9+106.5.0.lx64.r.cp310 imported as asset_converter_native_bindings with AutoNode config {}
[2026-06-07 15:24:05,194][ogn_registration][INFO] - Registering Python Node Types from asset_converter_native_bindings at /root/.venvs/isaaclab-mosaic/lib/python3.10/site-packages/omni/data/Kit/Isaac-Sim/4.5/exts/3/omni.kit.asset_converter-2.8.9+106.5.0.lx64.r.cp310 in omni.kit.asset_converter
[2026-06-07 15:24:05,194][ogn_registration][INFO] - ========================================================================================================================
[2026-06-07 15:24:05,195][ogn_registration][INFO] - No dependency on omni.graph, therefore no nodes to register in omni.kit.asset_converter
[2026-06-07 15:24:05,195][ogn_registration][INFO] - ...None found, no registration to do
[2026-06-07 15:24:05,195][ogn_registration][INFO] - ...Skipping: No OmniGraph presence in the module asset_converter_native_bindings - No nodes in this module, do not remember it
[2026-06-07 15:24:05,195][ogn_registration][INFO] - Destroying registration record for omni.kit.asset_converter
[2026-06-07 15:24:05,195][ogn_registration][INFO] -  -> Registered nodes from module omni.kit.asset_converter at /root/.venvs/isaaclab-mosaic/lib/python3.10/site-packages/omni/data/Kit/Isaac-Sim/4.5/exts/3/omni.kit.asset_converter-2.8.9+106.5.0.lx64.r.cp310
[2026-06-07 15:24:05,195][ogn_registration][INFO] - Registering nodes in /root/.venvs/isaaclab-mosaic/lib/python3.10/site-packages/omni/data/Kit/Isaac-Sim/4.5/exts/3/omni.kit.asset_converter-2.8.9+106.5.0.lx64.r.cp310 imported as omni.kit.asset_converter with AutoNode config {}
[2026-06-07 15:24:05,195][ogn_registration][INFO] - Registering Python Node Types from omni.kit.asset_converter at /root/.venvs/isaaclab-mosaic/lib/python3.10/site-packages/omni/data/Kit/Isaac-Sim/4.5/exts/3/omni.kit.asset_converter-2.8.9+106.5.0.lx64.r.cp310 in omni.kit.asset_converter
[2026-06-07 15:24:05,195][ogn_registration][INFO] - ========================================================================================================================
[2026-06-07 15:24:05,195][ogn_registration][INFO] - No dependency on omni.graph, therefore no nodes to register in omni.kit.asset_converter
[2026-06-07 15:24:05,195][ogn_registration][INFO] - ...None found, no registration to do
[2026-06-07 15:24:05,195][ogn_registration][INFO] - ...Skipping: No OmniGraph presence in the module omni.kit.asset_converter - No nodes in this module, do not remember it
[2026-06-07 15:24:05,195][ogn_registration][INFO] - Destroying registration record for omni.kit.asset_converter
[2026-06-07 15:24:05,195][ogn_registration][INFO] - OGN register omni.kit.asset_converter-2.8.9 took 1858926.000000
[2026-06-07 15:24:05,197][ogn_registration][INFO] - Looking for Python nodes to register in omni.kit.window.file_importer-1.1.14
[2026-06-07 15:24:05,197][ogn_registration][INFO] -  -> Registered nodes from module omni.kit.window.file_importer at /root/.venvs/isaaclab-mosaic/lib/python3.10/site-packages/omni/data/Kit/Isaac-Sim/4.5/exts/3/omni.kit.window.file_importer-1.1.14+d02c707b
[2026-06-07 15:24:05,197][ogn_registration][INFO] - Registering nodes in /root/.venvs/isaaclab-mosaic/lib/python3.10/site-packages/omni/data/Kit/Isaac-Sim/4.5/exts/3/omni.kit.window.file_importer-1.1.14+d02c707b imported as omni.kit.window.file_importer with AutoNode config {}
[2026-06-07 15:24:05,198][ogn_registration][INFO] - Registering Python Node Types from omni.kit.window.file_importer at /root/.venvs/isaaclab-mosaic/lib/python3.10/site-packages/omni/data/Kit/Isaac-Sim/4.5/exts/3/omni.kit.window.file_importer-1.1.14+d02c707b in omni.kit.window.file_importer
[2026-06-07 15:24:05,198][ogn_registration][INFO] - ========================================================================================================================
[2026-06-07 15:24:05,198][ogn_registration][INFO] - No dependency on omni.graph, therefore no nodes to register in omni.kit.window.file_importer
[2026-06-07 15:24:05,198][ogn_registration][INFO] - ...None found, no registration to do
[2026-06-07 15:24:05,198][ogn_registration][INFO] - ...Skipping: No OmniGraph presence in the module omni.kit.window.file_importer - No nodes in this module, do not remember it
[2026-06-07 15:24:05,198][ogn_registration][INFO] - Destroying registration record for omni.kit.window.file_importer
[2026-06-07 15:24:05,199][ogn_registration][INFO] - OGN register omni.kit.window.file_importer-1.1.14 took 1226387.000000
[2026-06-07 15:24:05,199][ogn_registration][INFO] - Looking for Python nodes to register in omni.kit.window.drop_support-1.0.4
[2026-06-07 15:24:05,199][ogn_registration][INFO] -  -> Registered nodes from module omni.kit.window.drop_support at /root/.venvs/isaaclab-mosaic/lib/python3.10/site-packages/omni/data/Kit/Isaac-Sim/4.5/exts/3/omni.kit.window.drop_support-1.0.4+d02c707b
[2026-06-07 15:24:05,199][ogn_registration][INFO] - Registering nodes in /root/.venvs/isaaclab-mosaic/lib/python3.10/site-packages/omni/data/Kit/Isaac-Sim/4.5/exts/3/omni.kit.window.drop_support-1.0.4+d02c707b imported as omni.kit.window.drop_support with AutoNode config {}
[2026-06-07 15:24:05,199][ogn_registration][INFO] - Registering Python Node Types from omni.kit.window.drop_support at /root/.venvs/isaaclab-mosaic/lib/python3.10/site-packages/omni/data/Kit/Isaac-Sim/4.5/exts/3/omni.kit.window.drop_support-1.0.4+d02c707b in omni.kit.window.drop_support
[2026-06-07 15:24:05,200][ogn_registration][INFO] - ========================================================================================================================
[2026-06-07 15:24:05,200][ogn_registration][INFO] - No dependency on omni.graph, therefore no nodes to register in omni.kit.window.drop_support
[2026-06-07 15:24:05,200][ogn_registration][INFO] - ...None found, no registration to do
[2026-06-07 15:24:05,200][ogn_registration][INFO] - ...Skipping: No OmniGraph presence in the module omni.kit.window.drop_support - No nodes in this module, do not remember it
[2026-06-07 15:24:05,200][ogn_registration][INFO] - Destroying registration record for omni.kit.window.drop_support
[2026-06-07 15:24:05,200][ogn_registration][INFO] - OGN register omni.kit.window.drop_support-1.0.4 took 816452.000000
[2026-06-07 15:24:05,201][ogn_registration][INFO] - Looking for Python nodes to register in omni.kit.manipulator.viewport-107.0.1
[2026-06-07 15:24:05,202][ogn_registration][INFO] -  -> Registered nodes from module omni.kit.manipulator.viewport at /root/.venvs/isaaclab-mosaic/lib/python3.10/site-packages/omni/data/Kit/Isaac-Sim/4.5/exts/3/omni.kit.manipulator.viewport-107.0.1+d02c707b
[2026-06-07 15:24:05,202][ogn_registration][INFO] - Registering nodes in /root/.venvs/isaaclab-mosaic/lib/python3.10/site-packages/omni/data/Kit/Isaac-Sim/4.5/exts/3/omni.kit.manipulator.viewport-107.0.1+d02c707b imported as omni.kit.manipulator.viewport with AutoNode config {}
[2026-06-07 15:24:05,202][ogn_registration][INFO] - Registering Python Node Types from omni.kit.manipulator.viewport at /root/.venvs/isaaclab-mosaic/lib/python3.10/site-packages/omni/data/Kit/Isaac-Sim/4.5/exts/3/omni.kit.manipulator.viewport-107.0.1+d02c707b in omni.kit.manipulator.viewport
[2026-06-07 15:24:05,202][ogn_registration][INFO] - ========================================================================================================================
[2026-06-07 15:24:05,202][ogn_registration][INFO] - No dependency on omni.graph, therefore no nodes to register in omni.kit.manipulator.viewport
[2026-06-07 15:24:05,202][ogn_registration][INFO] - ...None found, no registration to do
[2026-06-07 15:24:05,202][ogn_registration][INFO] - ...Skipping: No OmniGraph presence in the module omni.kit.manipulator.viewport - No nodes in this module, do not remember it
[2026-06-07 15:24:05,202][ogn_registration][INFO] - Destroying registration record for omni.kit.manipulator.viewport
[2026-06-07 15:24:05,202][ogn_registration][INFO] - OGN register omni.kit.manipulator.viewport-107.0.1 took 805251.000000
[2026-06-07 15:24:05,212][ogn_registration][INFO] - Looking for Python nodes to register in omni.graph.visualization.nodes-2.1.1
[2026-06-07 15:24:05,212][ogn_registration][INFO] -  -> Registered nodes from module omni.graph.visualization.nodes at /root/.venvs/isaaclab-mosaic/lib/python3.10/site-packages/omni/data/Kit/Isaac-Sim/4.5/exts/3/omni.graph.visualization.nodes-2.1.1
[2026-06-07 15:24:05,212][ogn_registration][INFO] - Registering nodes in /root/.venvs/isaaclab-mosaic/lib/python3.10/site-packages/omni/data/Kit/Isaac-Sim/4.5/exts/3/omni.graph.visualization.nodes-2.1.1 imported as omni.graph.visualization.nodes with AutoNode config {}
[2026-06-07 15:24:05,212][ogn_registration][INFO] - Registering Python Node Types from omni.graph.visualization.nodes at /root/.venvs/isaaclab-mosaic/lib/python3.10/site-packages/omni/data/Kit/Isaac-Sim/4.5/exts/3/omni.graph.visualization.nodes-2.1.1 in omni.graph.visualization.nodes
[2026-06-07 15:24:05,212][ogn_registration][INFO] - ========================================================================================================================
[2026-06-07 15:24:05,213][ogn_registration][INFO] - Finding OmniGraph extension content manager for omni.graph.visualization.nodes-2.1.1 in module omni.graph.visualization.nodes at /root/.venvs/isaaclab-mosaic/lib/python3.10/site-packages/omni/data/Kit/Isaac-Sim/4.5/exts/3/omni.graph.visualization.nodes-2.1.1
[2026-06-07 15:24:05,213][ogn_registration][INFO] - -> New generated folder /root/.venvs/isaaclab-mosaic/lib/python3.10/site-packages/omni/data/Kit/Isaac-Sim/4.5/exts/3/omni.graph.visualization.nodes-2.1.1/ogn/omni.graph.visualization.nodes is not a directory
[2026-06-07 15:24:05,214][ogn_registration][INFO] - Creating OmniGraph extension management class
[2026-06-07 15:24:05,214][ogn_registration][INFO] - Created base content manager for module omni.graph.visualization.nodes (/root/.venvs/isaaclab-mosaic/lib/python3.10/site-packages/omni/data/Kit/Isaac-Sim/4.5/exts/3/omni.graph.visualization.nodes-2.1.1/omni/graph/visualization/nodes/__init__.py - /root/.venvs/isaaclab-mosaic/lib/python3.10/site-packages/omni/data/Kit/Isaac-Sim/4.5/exts/3/omni.graph.visualization.nodes-2.1.1/omni/graph/visualization/nodes) in extension omni.graph.visualization.nodes-2.1.1 at /root/.venvs/isaaclab-mosaic/lib/python3.10/site-packages/omni/data/Kit/Isaac-Sim/4.5/exts/3/omni.graph.visualization.nodes-2.1.1 using cache /root/.venvs/isaaclab-mosaic/lib/python3.10/site-packages/omni/cache/ogn_generated/1.79.1/omni.graph.visualization.nodes-2.1.1/omni.graph.visualization.nodes/ogn
[2026-06-07 15:24:05,214][ogn_registration][INFO] - Creating 1.18 extension manager for omni.graph.visualization.nodes-2.1.1 in <module 'omni.graph.visualization.nodes' from '/root/.venvs/isaaclab-mosaic/lib/python3.10/site-packages/omni/data/Kit/Isaac-Sim/4.5/exts/3/omni.graph.visualization.nodes-2.1.1/omni/graph/visualization/nodes/__init__.py'> at /root/.venvs/isaaclab-mosaic/lib/python3.10/site-packages/omni/data/Kit/Isaac-Sim/4.5/exts/3/omni.graph.visualization.nodes-2.1.1
[2026-06-07 15:24:05,214][ogn_registration][INFO] - Using cache directory /root/.venvs/isaaclab-mosaic/lib/python3.10/site-packages/omni/cache/ogn_generated/1.79.1/omni.graph.visualization.nodes-2.1.1/omni.graph.visualization.nodes/ogn
[2026-06-07 15:24:05,214][ogn_registration][INFO] - Scanning for V1.18 node in /root/.venvs/isaaclab-mosaic/lib/python3.10/site-packages/omni/data/Kit/Isaac-Sim/4.5/exts/3/omni.graph.visualization.nodes-2.1.1/omni/graph/visualization/nodes/ogn
[2026-06-07 15:24:05,214][ogn_registration][INFO] - Scanning omni.graph.visualization.nodes-2.1.1 for nodes in OGN path /root/.venvs/isaaclab-mosaic/lib/python3.10/site-packages/omni/data/Kit/Isaac-Sim/4.5/exts/3/omni.graph.visualization.nodes-2.1.1/omni/graph/visualization/nodes/ogn
[2026-06-07 15:24:05,214][ogn_registration][INFO] - _walk_with_excludes(start=/root/.venvs/isaaclab-mosaic/lib/python3.10/site-packages/omni/data/Kit/Isaac-Sim/4.5/exts/3/omni.graph.visualization.nodes-2.1.1/omni/graph/visualization/nodes/ogn, exclude=['__pycache__'])
[2026-06-07 15:24:05,215][ogn_registration][INFO] -    ... walked /root/.venvs/isaaclab-mosaic/lib/python3.10/site-packages/omni/data/Kit/Isaac-Sim/4.5/exts/3/omni.graph.visualization.nodes-2.1.1/omni/graph/visualization/nodes/ogn, ['nodes', 'tests'], ['OgnDrawScreenSpaceTextDatabase.py', 'OgnDrawLineDatabase.py', '__ogn_files_prebuilt', 'OgnDrawLabelDatabase.py']
[2026-06-07 15:24:05,216][ogn_registration][INFO] - ....Adding scanned directory /root/.venvs/isaaclab-mosaic/lib/python3.10/site-packages/omni/data/Kit/Isaac-Sim/4.5/exts/3/omni.graph.visualization.nodes-2.1.1/omni/graph/visualization/nodes/ogn/nodes
[2026-06-07 15:24:05,216][ogn_registration][INFO] -    ... walked /root/.venvs/isaaclab-mosaic/lib/python3.10/site-packages/omni/data/Kit/Isaac-Sim/4.5/exts/3/omni.graph.visualization.nodes-2.1.1/omni/graph/visualization/nodes/ogn/nodes, [], ['OgnDrawLabel.ogn', 'OgnDrawLine.py', 'OgnDrawLine.ogn', 'OgnDrawScreenSpaceText.ogn', 'OgnDrawScreenSpaceText.py', 'OgnDrawLabel.py']
[2026-06-07 15:24:05,217][ogn_registration][INFO] -    ... walked /root/.venvs/isaaclab-mosaic/lib/python3.10/site-packages/omni/data/Kit/Isaac-Sim/4.5/exts/3/omni.graph.visualization.nodes-2.1.1/omni/graph/visualization/nodes/ogn/tests, ['usd'], ['TestOgnDrawLabel.py', 'TestOgnDrawLine.py', '__init__.py', 'TestOgnDrawScreenSpaceText.py']
[2026-06-07 15:24:05,217][ogn_registration][INFO] - ....Adding scanned directory /root/.venvs/isaaclab-mosaic/lib/python3.10/site-packages/omni/data/Kit/Isaac-Sim/4.5/exts/3/omni.graph.visualization.nodes-2.1.1/omni/graph/visualization/nodes/ogn/tests/usd
[2026-06-07 15:24:05,217][ogn_registration][INFO] -    ... walked /root/.venvs/isaaclab-mosaic/lib/python3.10/site-packages/omni/data/Kit/Isaac-Sim/4.5/exts/3/omni.graph.visualization.nodes-2.1.1/omni/graph/visualization/nodes/ogn/tests/usd, [], ['OgnDrawLineTemplate.usda', 'OgnDrawScreenSpaceTextTemplate.usda', 'OgnDrawLabelTemplate.usda']
[2026-06-07 15:24:05,219][ogn_registration][INFO] - ...extracted db versions VersionProperties.GENERATOR = (1, 27, 1), VersionProperties.TARGET = (2, 103, 1) from /root/.venvs/isaaclab-mosaic/lib/python3.10/site-packages/omni/data/Kit/Isaac-Sim/4.5/exts/3/omni.graph.visualization.nodes-2.1.1/omni/graph/visualization/nodes/ogn/OgnDrawScreenSpaceTextDatabase.py (True)
[2026-06-07 15:24:05,219][ogn_registration][INFO] - ...found file of type FileType.PYTHON_DB - /root/.venvs/isaaclab-mosaic/lib/python3.10/site-packages/omni/data/Kit/Isaac-Sim/4.5/exts/3/omni.graph.visualization.nodes-2.1.1/omni/graph/visualization/nodes/ogn/OgnDrawScreenSpaceTextDatabase.py
[2026-06-07 15:24:05,219][ogn_registration][INFO] - ...found file of type FileType.PYTHON_DB - /root/.venvs/isaaclab-mosaic/lib/python3.10/site-packages/omni/data/Kit/Isaac-Sim/4.5/exts/3/omni.graph.visualization.nodes-2.1.1/omni/graph/visualization/nodes/ogn/OgnDrawLineDatabase.py
[2026-06-07 15:24:05,219][ogn_registration][INFO] - ...found file of type FileType.PYTHON_DB - /root/.venvs/isaaclab-mosaic/lib/python3.10/site-packages/omni/data/Kit/Isaac-Sim/4.5/exts/3/omni.graph.visualization.nodes-2.1.1/omni/graph/visualization/nodes/ogn/OgnDrawLabelDatabase.py
[2026-06-07 15:24:05,219][ogn_registration][INFO] - ...found file of type FileType.PYTHON - /root/.venvs/isaaclab-mosaic/lib/python3.10/site-packages/omni/data/Kit/Isaac-Sim/4.5/exts/3/omni.graph.visualization.nodes-2.1.1/omni/graph/visualization/nodes/ogn/nodes/OgnDrawLine.py
[2026-06-07 15:24:05,219][ogn_registration][INFO] - ...found file of type FileType.PYTHON - /root/.venvs/isaaclab-mosaic/lib/python3.10/site-packages/omni/data/Kit/Isaac-Sim/4.5/exts/3/omni.graph.visualization.nodes-2.1.1/omni/graph/visualization/nodes/ogn/nodes/OgnDrawScreenSpaceText.py
[2026-06-07 15:24:05,219][ogn_registration][INFO] - ...found file of type FileType.PYTHON - /root/.venvs/isaaclab-mosaic/lib/python3.10/site-packages/omni/data/Kit/Isaac-Sim/4.5/exts/3/omni.graph.visualization.nodes-2.1.1/omni/graph/visualization/nodes/ogn/nodes/OgnDrawLabel.py
[2026-06-07 15:24:05,219][ogn_registration][INFO] - ...found file of type FileType.TEST - /root/.venvs/isaaclab-mosaic/lib/python3.10/site-packages/omni/data/Kit/Isaac-Sim/4.5/exts/3/omni.graph.visualization.nodes-2.1.1/omni/graph/visualization/nodes/ogn/tests/TestOgnDrawLabel.py
[2026-06-07 15:24:05,219][ogn_registration][INFO] - ...found file of type FileType.TEST - /root/.venvs/isaaclab-mosaic/lib/python3.10/site-packages/omni/data/Kit/Isaac-Sim/4.5/exts/3/omni.graph.visualization.nodes-2.1.1/omni/graph/visualization/nodes/ogn/tests/TestOgnDrawLine.py
[2026-06-07 15:24:05,219][ogn_registration][INFO] - ...found file of type FileType.PYTHON - /root/.venvs/isaaclab-mosaic/lib/python3.10/site-packages/omni/data/Kit/Isaac-Sim/4.5/exts/3/omni.graph.visualization.nodes-2.1.1/omni/graph/visualization/nodes/ogn/tests/__init__.py
[2026-06-07 15:24:05,219][ogn_registration][INFO] - ...found file of type FileType.TEST - /root/.venvs/isaaclab-mosaic/lib/python3.10/site-packages/omni/data/Kit/Isaac-Sim/4.5/exts/3/omni.graph.visualization.nodes-2.1.1/omni/graph/visualization/nodes/ogn/tests/TestOgnDrawScreenSpaceText.py
[2026-06-07 15:24:05,219][ogn_registration][INFO] - ...found file of type FileType.USD - /root/.venvs/isaaclab-mosaic/lib/python3.10/site-packages/omni/data/Kit/Isaac-Sim/4.5/exts/3/omni.graph.visualization.nodes-2.1.1/omni/graph/visualization/nodes/ogn/tests/usd/OgnDrawLineTemplate.usda
[2026-06-07 15:24:05,219][ogn_registration][INFO] - ...found file of type FileType.USD - /root/.venvs/isaaclab-mosaic/lib/python3.10/site-packages/omni/data/Kit/Isaac-Sim/4.5/exts/3/omni.graph.visualization.nodes-2.1.1/omni/graph/visualization/nodes/ogn/tests/usd/OgnDrawScreenSpaceTextTemplate.usda
[2026-06-07 15:24:05,220][ogn_registration][INFO] - ...found file of type FileType.USD - /root/.venvs/isaaclab-mosaic/lib/python3.10/site-packages/omni/data/Kit/Isaac-Sim/4.5/exts/3/omni.graph.visualization.nodes-2.1.1/omni/graph/visualization/nodes/ogn/tests/usd/OgnDrawLabelTemplate.usda
[2026-06-07 15:24:05,220][ogn_registration][INFO] - ...constructing node type definition for OgnDrawLabel at /root/.venvs/isaaclab-mosaic/lib/python3.10/site-packages/omni/data/Kit/Isaac-Sim/4.5/exts/3/omni.graph.visualization.nodes-2.1.1/omni/graph/visualization/nodes/ogn/nodes/OgnDrawLabel.ogn
[2026-06-07 15:24:05,220][ogn_registration][INFO] - Creating node type definition for OgnDrawLabel at /root/.venvs/isaaclab-mosaic/lib/python3.10/site-packages/omni/data/Kit/Isaac-Sim/4.5/exts/3/omni.graph.visualization.nodes-2.1.1/omni/graph/visualization/nodes/ogn/nodes/OgnDrawLabel.ogn
[2026-06-07 15:24:05,220][ogn_registration][INFO] - ...constructing node type definition for OgnDrawLine at /root/.venvs/isaaclab-mosaic/lib/python3.10/site-packages/omni/data/Kit/Isaac-Sim/4.5/exts/3/omni.graph.visualization.nodes-2.1.1/omni/graph/visualization/nodes/ogn/nodes/OgnDrawLine.ogn
[2026-06-07 15:24:05,220][ogn_registration][INFO] - Creating node type definition for OgnDrawLine at /root/.venvs/isaaclab-mosaic/lib/python3.10/site-packages/omni/data/Kit/Isaac-Sim/4.5/exts/3/omni.graph.visualization.nodes-2.1.1/omni/graph/visualization/nodes/ogn/nodes/OgnDrawLine.ogn
[2026-06-07 15:24:05,221][ogn_registration][INFO] - ...constructing node type definition for OgnDrawScreenSpaceText at /root/.venvs/isaaclab-mosaic/lib/python3.10/site-packages/omni/data/Kit/Isaac-Sim/4.5/exts/3/omni.graph.visualization.nodes-2.1.1/omni/graph/visualization/nodes/ogn/nodes/OgnDrawScreenSpaceText.ogn
[2026-06-07 15:24:05,221][ogn_registration][INFO] - Creating node type definition for OgnDrawScreenSpaceText at /root/.venvs/isaaclab-mosaic/lib/python3.10/site-packages/omni/data/Kit/Isaac-Sim/4.5/exts/3/omni.graph.visualization.nodes-2.1.1/omni/graph/visualization/nodes/ogn/nodes/OgnDrawScreenSpaceText.ogn
[2026-06-07 15:24:05,221][ogn_registration][INFO] - Adding 4 files at version VersionProperties.GENERATOR = (1, 27, 1), VersionProperties.TARGET = (2, 103, 1)
[2026-06-07 15:24:05,221][ogn_registration][INFO] - add generated file(/root/.venvs/isaaclab-mosaic/lib/python3.10/site-packages/omni/data/Kit/Isaac-Sim/4.5/exts/3/omni.graph.visualization.nodes-2.1.1/omni/graph/visualization/nodes/ogn/OgnDrawLabelDatabase.py, FileType.PYTHON_DB)
[2026-06-07 15:24:05,221][ogn_registration][INFO] - add user file(/root/.venvs/isaaclab-mosaic/lib/python3.10/site-packages/omni/data/Kit/Isaac-Sim/4.5/exts/3/omni.graph.visualization.nodes-2.1.1/omni/graph/visualization/nodes/ogn/nodes/OgnDrawLabel.py, FileType.PYTHON)
[2026-06-07 15:24:05,221][ogn_registration][INFO] - add generated file(/root/.venvs/isaaclab-mosaic/lib/python3.10/site-packages/omni/data/Kit/Isaac-Sim/4.5/exts/3/omni.graph.visualization.nodes-2.1.1/omni/graph/visualization/nodes/ogn/tests/TestOgnDrawLabel.py, FileType.TEST)
[2026-06-07 15:24:05,222][ogn_registration][INFO] - add generated file(/root/.venvs/isaaclab-mosaic/lib/python3.10/site-packages/omni/data/Kit/Isaac-Sim/4.5/exts/3/omni.graph.visualization.nodes-2.1.1/omni/graph/visualization/nodes/ogn/tests/usd/OgnDrawLabelTemplate.usda, FileType.USD)
[2026-06-07 15:24:05,222][ogn_registration][INFO] - Adding 4 files at version VersionProperties.GENERATOR = (1, 27, 1), VersionProperties.TARGET = (2, 103, 1)
[2026-06-07 15:24:05,222][ogn_registration][INFO] - add generated file(/root/.venvs/isaaclab-mosaic/lib/python3.10/site-packages/omni/data/Kit/Isaac-Sim/4.5/exts/3/omni.graph.visualization.nodes-2.1.1/omni/graph/visualization/nodes/ogn/OgnDrawLineDatabase.py, FileType.PYTHON_DB)
[2026-06-07 15:24:05,222][ogn_registration][INFO] - add user file(/root/.venvs/isaaclab-mosaic/lib/python3.10/site-packages/omni/data/Kit/Isaac-Sim/4.5/exts/3/omni.graph.visualization.nodes-2.1.1/omni/graph/visualization/nodes/ogn/nodes/OgnDrawLine.py, FileType.PYTHON)
[2026-06-07 15:24:05,222][ogn_registration][INFO] - add generated file(/root/.venvs/isaaclab-mosaic/lib/python3.10/site-packages/omni/data/Kit/Isaac-Sim/4.5/exts/3/omni.graph.visualization.nodes-2.1.1/omni/graph/visualization/nodes/ogn/tests/TestOgnDrawLine.py, FileType.TEST)
[2026-06-07 15:24:05,222][ogn_registration][INFO] - add generated file(/root/.venvs/isaaclab-mosaic/lib/python3.10/site-packages/omni/data/Kit/Isaac-Sim/4.5/exts/3/omni.graph.visualization.nodes-2.1.1/omni/graph/visualization/nodes/ogn/tests/usd/OgnDrawLineTemplate.usda, FileType.USD)
[2026-06-07 15:24:05,222][ogn_registration][INFO] - Adding 4 files at version VersionProperties.GENERATOR = (1, 27, 1), VersionProperties.TARGET = (2, 103, 1)
[2026-06-07 15:24:05,222][ogn_registration][INFO] - add generated file(/root/.venvs/isaaclab-mosaic/lib/python3.10/site-packages/omni/data/Kit/Isaac-Sim/4.5/exts/3/omni.graph.visualization.nodes-2.1.1/omni/graph/visualization/nodes/ogn/OgnDrawScreenSpaceTextDatabase.py, FileType.PYTHON_DB)
[2026-06-07 15:24:05,222][ogn_registration][INFO] - add user file(/root/.venvs/isaaclab-mosaic/lib/python3.10/site-packages/omni/data/Kit/Isaac-Sim/4.5/exts/3/omni.graph.visualization.nodes-2.1.1/omni/graph/visualization/nodes/ogn/nodes/OgnDrawScreenSpaceText.py, FileType.PYTHON)
[2026-06-07 15:24:05,222][ogn_registration][INFO] - add generated file(/root/.venvs/isaaclab-mosaic/lib/python3.10/site-packages/omni/data/Kit/Isaac-Sim/4.5/exts/3/omni.graph.visualization.nodes-2.1.1/omni/graph/visualization/nodes/ogn/tests/TestOgnDrawScreenSpaceText.py, FileType.TEST)
[2026-06-07 15:24:05,222][ogn_registration][INFO] - add generated file(/root/.venvs/isaaclab-mosaic/lib/python3.10/site-packages/omni/data/Kit/Isaac-Sim/4.5/exts/3/omni.graph.visualization.nodes-2.1.1/omni/graph/visualization/nodes/ogn/tests/usd/OgnDrawScreenSpaceTextTemplate.usda, FileType.USD)
[2026-06-07 15:24:05,222][ogn_registration][INFO] - Cache path /root/.venvs/isaaclab-mosaic/lib/python3.10/site-packages/omni/cache/ogn_generated/1.79.1/omni.graph.visualization.nodes-2.1.1/omni.graph.visualization.nodes/ogn is not a directory
[2026-06-07 15:24:05,222][ogn_registration][INFO] - omni.graph.visualization.nodes: Time to scan the extension for node types = 0.010386
[2026-06-07 15:24:05,222][ogn_registration][INFO] - Ensuring node types in extension omni.graph.visualization.nodes are up to date
[2026-06-07 15:24:05,223][ogn_registration][INFO] - omni.graph.visualization.nodes: Time to update the out-of-date generated code = 0.000158
[2026-06-07 15:24:05,223][ogn_registration][INFO] - Attempting OGN 1.18 Python imports for omni.graph.visualization.nodes-2.1.1
[2026-06-07 15:24:05,223][ogn_registration][INFO] - Importing omni.graph.visualization.nodes.ogn and omni.graph.visualization.nodes.ogn.tests with tests
[2026-06-07 15:24:05,223][ogn_registration][INFO] - --- Finding module omni.graph.visualization.nodes.ogn in <module 'omni.graph.visualization.nodes' from '/root/.venvs/isaaclab-mosaic/lib/python3.10/site-packages/omni/data/Kit/Isaac-Sim/4.5/exts/3/omni.graph.visualization.nodes-2.1.1/omni/graph/visualization/nodes/__init__.py'> with submodule name ogn
[2026-06-07 15:24:05,223][ogn_registration][INFO] - --X module was not already imported
[2026-06-07 15:24:05,223][ogn_registration][INFO] - ... Trying to import omni.graph.visualization.nodes.ogn directly
[2026-06-07 15:24:05,223][ogn_registration][INFO] - --> Found the module at <module 'omni.graph.visualization.nodes.ogn' (<_frozen_importlib_external._NamespaceLoader object at 0x7efc8a96a620>)>
[2026-06-07 15:24:05,223][ogn_registration][INFO] - -> Found .ogn module, looking for ogn.tests too
[2026-06-07 15:24:05,223][ogn_registration][INFO] - --- Finding module omni.graph.visualization.nodes.ogn.tests in <module 'omni.graph.visualization.nodes.ogn' (<_frozen_importlib_external._NamespaceLoader object at 0x7efc8a96a620>)> with submodule name ogn.tests
[2026-06-07 15:24:05,223][ogn_registration][INFO] - --X module was not already imported
[2026-06-07 15:24:05,223][ogn_registration][INFO] - ... Trying to import omni.graph.visualization.nodes.ogn.tests directly
[2026-06-07 15:24:05,224][ogn_registration][INFO] - --> Found the module at <module 'omni.graph.visualization.nodes.ogn.tests' from '/root/.venvs/isaaclab-mosaic/lib/python3.10/site-packages/omni/data/Kit/Isaac-Sim/4.5/exts/3/omni.graph.visualization.nodes-2.1.1/omni/graph/visualization/nodes/ogn/tests/__init__.py'>
[2026-06-07 15:24:05,225][ogn_registration][INFO] - Importing module omni.graph.visualization.nodes.ogn.OgnDrawLabelDatabase from /root/.venvs/isaaclab-mosaic/lib/python3.10/site-packages/omni/data/Kit/Isaac-Sim/4.5/exts/3/omni.graph.visualization.nodes-2.1.1/omni/graph/visualization/nodes/ogn/OgnDrawLabelDatabase.py
[2026-06-07 15:24:05,226][ogn_registration][INFO] - ... created the module as <module 'omni.graph.visualization.nodes.ogn.OgnDrawLabelDatabase' from '/root/.venvs/isaaclab-mosaic/lib/python3.10/site-packages/omni/data/Kit/Isaac-Sim/4.5/exts/3/omni.graph.visualization.nodes-2.1.1/omni/graph/visualization/nodes/ogn/OgnDrawLabelDatabase.py'>
[2026-06-07 15:24:05,226][ogn_registration][INFO] - ...Import DB omni.graph.visualization.nodes.ogn.OgnDrawLabelDatabase into ['OgnDrawLabelDatabase', '__builtins__', '__cached__', '__doc__', '__file__', '__loader__', '__name__', '__package__', '__spec__', '_og', 'numpy', 'og', 'ogn', 'sys', 'traceback'] from /root/.venvs/isaaclab-mosaic/lib/python3.10/site-packages/omni/data/Kit/Isaac-Sim/4.5/exts/3/omni.graph.visualization.nodes-2.1.1/omni/graph/visualization/nodes/ogn/OgnDrawLabelDatabase.py
[2026-06-07 15:24:05,227][ogn_registration][INFO] - Importing module omni.graph.visualization.nodes.ogn.nodes.OgnDrawLabel from /root/.venvs/isaaclab-mosaic/lib/python3.10/site-packages/omni/data/Kit/Isaac-Sim/4.5/exts/3/omni.graph.visualization.nodes-2.1.1/omni/graph/visualization/nodes/ogn/nodes/OgnDrawLabel.py
[2026-06-07 15:24:05,227][ogn_registration][INFO] - ... created the module as <module 'omni.graph.visualization.nodes.ogn.nodes.OgnDrawLabel' from '/root/.venvs/isaaclab-mosaic/lib/python3.10/site-packages/omni/data/Kit/Isaac-Sim/4.5/exts/3/omni.graph.visualization.nodes-2.1.1/omni/graph/visualization/nodes/ogn/nodes/OgnDrawLabel.py'>
[2026-06-07 15:24:05,227][ogn_registration][INFO] - ...Import Node omni.graph.visualization.nodes.ogn.nodes.OgnDrawLabel into <module 'omni.graph.visualization.nodes.ogn.nodes.OgnDrawLabel' from '/root/.venvs/isaaclab-mosaic/lib/python3.10/site-packages/omni/data/Kit/Isaac-Sim/4.5/exts/3/omni.graph.visualization.nodes-2.1.1/omni/graph/visualization/nodes/ogn/nodes/OgnDrawLabel.py'> from /root/.venvs/isaaclab-mosaic/lib/python3.10/site-packages/omni/data/Kit/Isaac-Sim/4.5/exts/3/omni.graph.visualization.nodes-2.1.1/omni/graph/visualization/nodes/ogn/nodes/OgnDrawLabel.py
[2026-06-07 15:24:05,228][ogn_registration][INFO] - Importing module omni.graph.visualization.nodes.ogn.tests.TestOgnDrawLabel from /root/.venvs/isaaclab-mosaic/lib/python3.10/site-packages/omni/data/Kit/Isaac-Sim/4.5/exts/3/omni.graph.visualization.nodes-2.1.1/omni/graph/visualization/nodes/ogn/tests/TestOgnDrawLabel.py
[2026-06-07 15:24:05,228][ogn_registration][INFO] - ... created the module as <module 'omni.graph.visualization.nodes.ogn.tests.TestOgnDrawLabel' from '/root/.venvs/isaaclab-mosaic/lib/python3.10/site-packages/omni/data/Kit/Isaac-Sim/4.5/exts/3/omni.graph.visualization.nodes-2.1.1/omni/graph/visualization/nodes/ogn/tests/TestOgnDrawLabel.py'>
[2026-06-07 15:24:05,228][ogn_registration][INFO] - ...Imported test omni.graph.visualization.nodes.ogn.tests.TestOgnDrawLabel into <module 'omni.graph.visualization.nodes.ogn.tests.TestOgnDrawLabel' from '/root/.venvs/isaaclab-mosaic/lib/python3.10/site-packages/omni/data/Kit/Isaac-Sim/4.5/exts/3/omni.graph.visualization.nodes-2.1.1/omni/graph/visualization/nodes/ogn/tests/TestOgnDrawLabel.py'> from /root/.venvs/isaaclab-mosaic/lib/python3.10/site-packages/omni/data/Kit/Isaac-Sim/4.5/exts/3/omni.graph.visualization.nodes-2.1.1/omni/graph/visualization/nodes/ogn/tests/TestOgnDrawLabel.py
[2026-06-07 15:24:05,228][ogn_registration][INFO] - Importing module omni.graph.visualization.nodes.ogn.OgnDrawLineDatabase from /root/.venvs/isaaclab-mosaic/lib/python3.10/site-packages/omni/data/Kit/Isaac-Sim/4.5/exts/3/omni.graph.visualization.nodes-2.1.1/omni/graph/visualization/nodes/ogn/OgnDrawLineDatabase.py
[2026-06-07 15:24:05,228][ogn_registration][INFO] - ... created the module as <module 'omni.graph.visualization.nodes.ogn.OgnDrawLineDatabase' from '/root/.venvs/isaaclab-mosaic/lib/python3.10/site-packages/omni/data/Kit/Isaac-Sim/4.5/exts/3/omni.graph.visualization.nodes-2.1.1/omni/graph/visualization/nodes/ogn/OgnDrawLineDatabase.py'>
[2026-06-07 15:24:05,228][ogn_registration][INFO] - ...Import DB omni.graph.visualization.nodes.ogn.OgnDrawLineDatabase into ['OgnDrawLineDatabase', '__builtins__', '__cached__', '__doc__', '__file__', '__loader__', '__name__', '__package__', '__spec__', '_og', 'numpy', 'og', 'ogn', 'sys', 'traceback'] from /root/.venvs/isaaclab-mosaic/lib/python3.10/site-packages/omni/data/Kit/Isaac-Sim/4.5/exts/3/omni.graph.visualization.nodes-2.1.1/omni/graph/visualization/nodes/ogn/OgnDrawLineDatabase.py
[2026-06-07 15:24:05,229][ogn_registration][INFO] - Importing module omni.graph.visualization.nodes.ogn.nodes.OgnDrawLine from /root/.venvs/isaaclab-mosaic/lib/python3.10/site-packages/omni/data/Kit/Isaac-Sim/4.5/exts/3/omni.graph.visualization.nodes-2.1.1/omni/graph/visualization/nodes/ogn/nodes/OgnDrawLine.py
[2026-06-07 15:24:05,229][ogn_registration][INFO] - ... created the module as <module 'omni.graph.visualization.nodes.ogn.nodes.OgnDrawLine' from '/root/.venvs/isaaclab-mosaic/lib/python3.10/site-packages/omni/data/Kit/Isaac-Sim/4.5/exts/3/omni.graph.visualization.nodes-2.1.1/omni/graph/visualization/nodes/ogn/nodes/OgnDrawLine.py'>
[2026-06-07 15:24:05,229][ogn_registration][INFO] - ...Import Node omni.graph.visualization.nodes.ogn.nodes.OgnDrawLine into <module 'omni.graph.visualization.nodes.ogn.nodes.OgnDrawLine' from '/root/.venvs/isaaclab-mosaic/lib/python3.10/site-packages/omni/data/Kit/Isaac-Sim/4.5/exts/3/omni.graph.visualization.nodes-2.1.1/omni/graph/visualization/nodes/ogn/nodes/OgnDrawLine.py'> from /root/.venvs/isaaclab-mosaic/lib/python3.10/site-packages/omni/data/Kit/Isaac-Sim/4.5/exts/3/omni.graph.visualization.nodes-2.1.1/omni/graph/visualization/nodes/ogn/nodes/OgnDrawLine.py
[2026-06-07 15:24:05,229][ogn_registration][INFO] - Importing module omni.graph.visualization.nodes.ogn.tests.TestOgnDrawLine from /root/.venvs/isaaclab-mosaic/lib/python3.10/site-packages/omni/data/Kit/Isaac-Sim/4.5/exts/3/omni.graph.visualization.nodes-2.1.1/omni/graph/visualization/nodes/ogn/tests/TestOgnDrawLine.py
[2026-06-07 15:24:05,229][ogn_registration][INFO] - ... created the module as <module 'omni.graph.visualization.nodes.ogn.tests.TestOgnDrawLine' from '/root/.venvs/isaaclab-mosaic/lib/python3.10/site-packages/omni/data/Kit/Isaac-Sim/4.5/exts/3/omni.graph.visualization.nodes-2.1.1/omni/graph/visualization/nodes/ogn/tests/TestOgnDrawLine.py'>
[2026-06-07 15:24:05,229][ogn_registration][INFO] - ...Imported test omni.graph.visualization.nodes.ogn.tests.TestOgnDrawLine into <module 'omni.graph.visualization.nodes.ogn.tests.TestOgnDrawLine' from '/root/.venvs/isaaclab-mosaic/lib/python3.10/site-packages/omni/data/Kit/Isaac-Sim/4.5/exts/3/omni.graph.visualization.nodes-2.1.1/omni/graph/visualization/nodes/ogn/tests/TestOgnDrawLine.py'> from /root/.venvs/isaaclab-mosaic/lib/python3.10/site-packages/omni/data/Kit/Isaac-Sim/4.5/exts/3/omni.graph.visualization.nodes-2.1.1/omni/graph/visualization/nodes/ogn/tests/TestOgnDrawLine.py
[2026-06-07 15:24:05,229][ogn_registration][INFO] - Importing module omni.graph.visualization.nodes.ogn.OgnDrawScreenSpaceTextDatabase from /root/.venvs/isaaclab-mosaic/lib/python3.10/site-packages/omni/data/Kit/Isaac-Sim/4.5/exts/3/omni.graph.visualization.nodes-2.1.1/omni/graph/visualization/nodes/ogn/OgnDrawScreenSpaceTextDatabase.py
[2026-06-07 15:24:05,230][ogn_registration][INFO] - ... created the module as <module 'omni.graph.visualization.nodes.ogn.OgnDrawScreenSpaceTextDatabase' from '/root/.venvs/isaaclab-mosaic/lib/python3.10/site-packages/omni/data/Kit/Isaac-Sim/4.5/exts/3/omni.graph.visualization.nodes-2.1.1/omni/graph/visualization/nodes/ogn/OgnDrawScreenSpaceTextDatabase.py'>
[2026-06-07 15:24:05,230][ogn_registration][INFO] - ...Import DB omni.graph.visualization.nodes.ogn.OgnDrawScreenSpaceTextDatabase into ['OgnDrawScreenSpaceTextDatabase', '__builtins__', '__cached__', '__doc__', '__file__', '__loader__', '__name__', '__package__', '__spec__', '_og', 'numpy', 'og', 'ogn', 'sys', 'traceback'] from /root/.venvs/isaaclab-mosaic/lib/python3.10/site-packages/omni/data/Kit/Isaac-Sim/4.5/exts/3/omni.graph.visualization.nodes-2.1.1/omni/graph/visualization/nodes/ogn/OgnDrawScreenSpaceTextDatabase.py
[2026-06-07 15:24:05,230][ogn_registration][INFO] - Importing module omni.graph.visualization.nodes.ogn.nodes.OgnDrawScreenSpaceText from /root/.venvs/isaaclab-mosaic/lib/python3.10/site-packages/omni/data/Kit/Isaac-Sim/4.5/exts/3/omni.graph.visualization.nodes-2.1.1/omni/graph/visualization/nodes/ogn/nodes/OgnDrawScreenSpaceText.py
[2026-06-07 15:24:05,230][ogn_registration][INFO] - ... created the module as <module 'omni.graph.visualization.nodes.ogn.nodes.OgnDrawScreenSpaceText' from '/root/.venvs/isaaclab-mosaic/lib/python3.10/site-packages/omni/data/Kit/Isaac-Sim/4.5/exts/3/omni.graph.visualization.nodes-2.1.1/omni/graph/visualization/nodes/ogn/nodes/OgnDrawScreenSpaceText.py'>
[2026-06-07 15:24:05,230][ogn_registration][INFO] - ...Import Node omni.graph.visualization.nodes.ogn.nodes.OgnDrawScreenSpaceText into <module 'omni.graph.visualization.nodes.ogn.nodes.OgnDrawScreenSpaceText' from '/root/.venvs/isaaclab-mosaic/lib/python3.10/site-packages/omni/data/Kit/Isaac-Sim/4.5/exts/3/omni.graph.visualization.nodes-2.1.1/omni/graph/visualization/nodes/ogn/nodes/OgnDrawScreenSpaceText.py'> from /root/.venvs/isaaclab-mosaic/lib/python3.10/site-packages/omni/data/Kit/Isaac-Sim/4.5/exts/3/omni.graph.visualization.nodes-2.1.1/omni/graph/visualization/nodes/ogn/nodes/OgnDrawScreenSpaceText.py
[2026-06-07 15:24:05,230][ogn_registration][INFO] - Importing module omni.graph.visualization.nodes.ogn.tests.TestOgnDrawScreenSpaceText from /root/.venvs/isaaclab-mosaic/lib/python3.10/site-packages/omni/data/Kit/Isaac-Sim/4.5/exts/3/omni.graph.visualization.nodes-2.1.1/omni/graph/visualization/nodes/ogn/tests/TestOgnDrawScreenSpaceText.py
[2026-06-07 15:24:05,230][ogn_registration][INFO] - ... created the module as <module 'omni.graph.visualization.nodes.ogn.tests.TestOgnDrawScreenSpaceText' from '/root/.venvs/isaaclab-mosaic/lib/python3.10/site-packages/omni/data/Kit/Isaac-Sim/4.5/exts/3/omni.graph.visualization.nodes-2.1.1/omni/graph/visualization/nodes/ogn/tests/TestOgnDrawScreenSpaceText.py'>
[2026-06-07 15:24:05,231][ogn_registration][INFO] - ...Imported test omni.graph.visualization.nodes.ogn.tests.TestOgnDrawScreenSpaceText into <module 'omni.graph.visualization.nodes.ogn.tests.TestOgnDrawScreenSpaceText' from '/root/.venvs/isaaclab-mosaic/lib/python3.10/site-packages/omni/data/Kit/Isaac-Sim/4.5/exts/3/omni.graph.visualization.nodes-2.1.1/omni/graph/visualization/nodes/ogn/tests/TestOgnDrawScreenSpaceText.py'> from /root/.venvs/isaaclab-mosaic/lib/python3.10/site-packages/omni/data/Kit/Isaac-Sim/4.5/exts/3/omni.graph.visualization.nodes-2.1.1/omni/graph/visualization/nodes/ogn/tests/TestOgnDrawScreenSpaceText.py
[2026-06-07 15:24:05,231][ogn_registration][INFO] - omni.graph.visualization.nodes: Time to import the generated objects = 0.008142
[2026-06-07 15:24:05,231][ogn_registration][INFO] - Registering the nodes in omni.graph.visualization.nodes
[2026-06-07 15:24:05,231][ogn_registration][INFO] - -- node implementations {'OgnDrawLabelDatabase': <class 'omni.graph.visualization.nodes.ogn.nodes.OgnDrawLabel.OgnDrawLabel'>, 'OgnDrawLineDatabase': <class 'omni.graph.visualization.nodes.ogn.nodes.OgnDrawLine.OgnDrawLine'>, 'OgnDrawScreenSpaceTextDatabase': <class 'omni.graph.visualization.nodes.ogn.nodes.OgnDrawScreenSpaceText.OgnDrawScreenSpaceText'>}
[2026-06-07 15:24:05,231][ogn_registration][INFO] - Found the database class <class 'omni.graph.visualization.nodes.ogn.OgnDrawLabelDatabase.OgnDrawLabelDatabase'> with node module <class 'omni.graph.visualization.nodes.ogn.nodes.OgnDrawLabel.OgnDrawLabel'>
[2026-06-07 15:24:05,231][ogn_registration][INFO] - Registered okay, adding the deregister function <function OgnDrawLabelDatabase.deregister at 0x7efc753a84c0>
[2026-06-07 15:24:05,231][ogn_registration][INFO] - ...Registered through database OgnDrawLabelDatabase
[2026-06-07 15:24:05,232][ogn_registration][INFO] - Found the database class <class 'omni.graph.visualization.nodes.ogn.OgnDrawLineDatabase.OgnDrawLineDatabase'> with node module <class 'omni.graph.visualization.nodes.ogn.nodes.OgnDrawLine.OgnDrawLine'>
[2026-06-07 15:24:05,232][ogn_registration][INFO] - Registered okay, adding the deregister function <function OgnDrawLineDatabase.deregister at 0x7efc753a9cf0>
[2026-06-07 15:24:05,232][ogn_registration][INFO] - ...Registered through database OgnDrawLineDatabase
[2026-06-07 15:24:05,232][ogn_registration][INFO] - Found the database class <class 'omni.graph.visualization.nodes.ogn.OgnDrawScreenSpaceTextDatabase.OgnDrawScreenSpaceTextDatabase'> with node module <class 'omni.graph.visualization.nodes.ogn.nodes.OgnDrawScreenSpaceText.OgnDrawScreenSpaceText'>
[2026-06-07 15:24:05,232][ogn_registration][INFO] - Registered okay, adding the deregister function <function OgnDrawScreenSpaceTextDatabase.deregister at 0x7efc753ab640>
[2026-06-07 15:24:05,232][ogn_registration][INFO] - ...Registered through database OgnDrawScreenSpaceTextDatabase
[2026-06-07 15:24:05,232][ogn_registration][INFO] - omni.graph.visualization.nodes: Time to register the generated objects = 0.001452
[2026-06-07 15:24:05,232][ogn_registration][INFO] - OGN register omni.graph.visualization.nodes-2.1.1 took 20532038.000000
[2026-06-07 15:24:05,233][ogn_registration][INFO] - Looking for Python nodes to register in omni.kit.window.content_browser_registry-0.0.6
[2026-06-07 15:24:05,233][ogn_registration][INFO] -  -> Registered nodes from module omni.kit.window.content_browser_registry at /root/.venvs/isaaclab-mosaic/lib/python3.10/site-packages/omni/data/Kit/Isaac-Sim/4.5/exts/3/omni.kit.window.content_browser_registry-0.0.6+d02c707b
[2026-06-07 15:24:05,233][ogn_registration][INFO] - Registering nodes in /root/.venvs/isaaclab-mosaic/lib/python3.10/site-packages/omni/data/Kit/Isaac-Sim/4.5/exts/3/omni.kit.window.content_browser_registry-0.0.6+d02c707b imported as omni.kit.window.content_browser_registry with AutoNode config {}
[2026-06-07 15:24:05,233][ogn_registration][INFO] - Registering Python Node Types from omni.kit.window.content_browser_registry at /root/.venvs/isaaclab-mosaic/lib/python3.10/site-packages/omni/data/Kit/Isaac-Sim/4.5/exts/3/omni.kit.window.content_browser_registry-0.0.6+d02c707b in omni.kit.window.content_browser_registry
[2026-06-07 15:24:05,233][ogn_registration][INFO] - ========================================================================================================================
[2026-06-07 15:24:05,234][ogn_registration][INFO] - No dependency on omni.graph, therefore no nodes to register in omni.kit.window.content_browser_registry
[2026-06-07 15:24:05,234][ogn_registration][INFO] - ...None found, no registration to do
[2026-06-07 15:24:05,234][ogn_registration][INFO] - ...Skipping: No OmniGraph presence in the module omni.kit.window.content_browser_registry - No nodes in this module, do not remember it
[2026-06-07 15:24:05,234][ogn_registration][INFO] - Destroying registration record for omni.kit.window.content_browser_registry
[2026-06-07 15:24:05,234][ogn_registration][INFO] - OGN register omni.kit.window.content_browser_registry-0.0.6 took 1091575.000000
[2026-06-07 15:24:05,239][ogn_registration][INFO] - Looking for Python nodes to register in omni.kit.window.file-1.3.57
[2026-06-07 15:24:05,239][ogn_registration][INFO] -  -> Registered nodes from module omni.kit.window.file at /root/.venvs/isaaclab-mosaic/lib/python3.10/site-packages/omni/data/Kit/Isaac-Sim/4.5/exts/3/omni.kit.window.file-1.3.57+d02c707b
[2026-06-07 15:24:05,239][ogn_registration][INFO] - Registering nodes in /root/.venvs/isaaclab-mosaic/lib/python3.10/site-packages/omni/data/Kit/Isaac-Sim/4.5/exts/3/omni.kit.window.file-1.3.57+d02c707b imported as omni.kit.window.file with AutoNode config {}
[2026-06-07 15:24:05,239][ogn_registration][INFO] - Registering Python Node Types from omni.kit.window.file at /root/.venvs/isaaclab-mosaic/lib/python3.10/site-packages/omni/data/Kit/Isaac-Sim/4.5/exts/3/omni.kit.window.file-1.3.57+d02c707b in omni.kit.window.file
[2026-06-07 15:24:05,239][ogn_registration][INFO] - ========================================================================================================================
[2026-06-07 15:24:05,240][ogn_registration][INFO] - No dependency on omni.graph, therefore no nodes to register in omni.kit.window.file
[2026-06-07 15:24:05,240][ogn_registration][INFO] - ...None found, no registration to do
[2026-06-07 15:24:05,240][ogn_registration][INFO] - ...Skipping: No OmniGraph presence in the module omni.kit.window.file - No nodes in this module, do not remember it
[2026-06-07 15:24:05,240][ogn_registration][INFO] - Destroying registration record for omni.kit.window.file
[2026-06-07 15:24:05,240][ogn_registration][INFO] - OGN register omni.kit.window.file-1.3.57 took 1165443.000000
[2026-06-07 15:24:05,241][ogn_registration][INFO] - Looking for Python nodes to register in omni.kit.widget.highlight_label-1.0.3
[2026-06-07 15:24:05,241][ogn_registration][INFO] -  -> Registered nodes from module omni.kit.widget.highlight_label at /root/.venvs/isaaclab-mosaic/lib/python3.10/site-packages/omni/data/Kit/Isaac-Sim/4.5/exts/3/omni.kit.widget.highlight_label-1.0.3+d02c707b
[2026-06-07 15:24:05,241][ogn_registration][INFO] - Registering nodes in /root/.venvs/isaaclab-mosaic/lib/python3.10/site-packages/omni/data/Kit/Isaac-Sim/4.5/exts/3/omni.kit.widget.highlight_label-1.0.3+d02c707b imported as omni.kit.widget.highlight_label with AutoNode config {}
[2026-06-07 15:24:05,241][ogn_registration][INFO] - Registering Python Node Types from omni.kit.widget.highlight_label at /root/.venvs/isaaclab-mosaic/lib/python3.10/site-packages/omni/data/Kit/Isaac-Sim/4.5/exts/3/omni.kit.widget.highlight_label-1.0.3+d02c707b in omni.kit.widget.highlight_label
[2026-06-07 15:24:05,241][ogn_registration][INFO] - ========================================================================================================================
[2026-06-07 15:24:05,241][ogn_registration][INFO] - No dependency on omni.graph, therefore no nodes to register in omni.kit.widget.highlight_label
[2026-06-07 15:24:05,242][ogn_registration][INFO] - ...None found, no registration to do
[2026-06-07 15:24:05,242][ogn_registration][INFO] - ...Skipping: No OmniGraph presence in the module omni.kit.widget.highlight_label - No nodes in this module, do not remember it
[2026-06-07 15:24:05,242][ogn_registration][INFO] - Destroying registration record for omni.kit.widget.highlight_label
[2026-06-07 15:24:05,242][ogn_registration][INFO] - OGN register omni.kit.widget.highlight_label-1.0.3 took 871345.000000
[2026-06-07 15:24:05,244][ogn_registration][INFO] - Looking for Python nodes to register in omni.kit.property.adapter.core-1.0.2
[2026-06-07 15:24:05,244][ogn_registration][INFO] -  -> Registered nodes from module omni.kit.property.adapter.core at /root/.venvs/isaaclab-mosaic/lib/python3.10/site-packages/omni/data/Kit/Isaac-Sim/4.5/exts/3/omni.kit.property.adapter.core-1.0.2+d02c707b
[2026-06-07 15:24:05,244][ogn_registration][INFO] - Registering nodes in /root/.venvs/isaaclab-mosaic/lib/python3.10/site-packages/omni/data/Kit/Isaac-Sim/4.5/exts/3/omni.kit.property.adapter.core-1.0.2+d02c707b imported as omni.kit.property.adapter.core with AutoNode config {}
[2026-06-07 15:24:05,244][ogn_registration][INFO] - Registering Python Node Types from omni.kit.property.adapter.core at /root/.venvs/isaaclab-mosaic/lib/python3.10/site-packages/omni/data/Kit/Isaac-Sim/4.5/exts/3/omni.kit.property.adapter.core-1.0.2+d02c707b in omni.kit.property.adapter.core
[2026-06-07 15:24:05,244][ogn_registration][INFO] - ========================================================================================================================
[2026-06-07 15:24:05,245][ogn_registration][INFO] - No dependency on omni.graph, therefore no nodes to register in omni.kit.property.adapter.core
[2026-06-07 15:24:05,245][ogn_registration][INFO] - ...None found, no registration to do
[2026-06-07 15:24:05,245][ogn_registration][INFO] - ...Skipping: No OmniGraph presence in the module omni.kit.property.adapter.core - No nodes in this module, do not remember it
[2026-06-07 15:24:05,245][ogn_registration][INFO] - Destroying registration record for omni.kit.property.adapter.core
[2026-06-07 15:24:05,245][ogn_registration][INFO] - OGN register omni.kit.property.adapter.core-1.0.2 took 933701.000000
[2026-06-07 15:24:05,246][ogn_registration][INFO] - Looking for Python nodes to register in omni.kit.widget.zoombar-1.0.5
[2026-06-07 15:24:05,246][ogn_registration][INFO] -  -> Registered nodes from module omni.kit.widget.zoombar at /root/.venvs/isaaclab-mosaic/lib/python3.10/site-packages/omni/data/Kit/Isaac-Sim/4.5/exts/3/omni.kit.widget.zoombar-1.0.5
[2026-06-07 15:24:05,246][ogn_registration][INFO] - Registering nodes in /root/.venvs/isaaclab-mosaic/lib/python3.10/site-packages/omni/data/Kit/Isaac-Sim/4.5/exts/3/omni.kit.widget.zoombar-1.0.5 imported as omni.kit.widget.zoombar with AutoNode config {}
[2026-06-07 15:24:05,246][ogn_registration][INFO] - Registering Python Node Types from omni.kit.widget.zoombar at /root/.venvs/isaaclab-mosaic/lib/python3.10/site-packages/omni/data/Kit/Isaac-Sim/4.5/exts/3/omni.kit.widget.zoombar-1.0.5 in omni.kit.widget.zoombar
[2026-06-07 15:24:05,246][ogn_registration][INFO] - ========================================================================================================================
[2026-06-07 15:24:05,247][ogn_registration][INFO] - No dependency on omni.graph, therefore no nodes to register in omni.kit.widget.zoombar
[2026-06-07 15:24:05,247][ogn_registration][INFO] - ...None found, no registration to do
[2026-06-07 15:24:05,247][ogn_registration][INFO] - ...Skipping: No OmniGraph presence in the module omni.kit.widget.zoombar - No nodes in this module, do not remember it
[2026-06-07 15:24:05,247][ogn_registration][INFO] - Destroying registration record for omni.kit.widget.zoombar
[2026-06-07 15:24:05,247][ogn_registration][INFO] - OGN register omni.kit.widget.zoombar-1.0.5 took 815491.000000
[2026-06-07 15:24:05,280][ogn_registration][INFO] - Looking for Python nodes to register in omni.kit.window.content_browser-2.10.3
[2026-06-07 15:24:05,280][ogn_registration][INFO] -  -> Registered nodes from module omni.kit.window.content_browser at /root/.venvs/isaaclab-mosaic/lib/python3.10/site-packages/omni/data/Kit/Isaac-Sim/4.5/exts/3/omni.kit.window.content_browser-2.10.3+d02c707b
[2026-06-07 15:24:05,280][ogn_registration][INFO] - Registering nodes in /root/.venvs/isaaclab-mosaic/lib/python3.10/site-packages/omni/data/Kit/Isaac-Sim/4.5/exts/3/omni.kit.window.content_browser-2.10.3+d02c707b imported as omni.kit.window.content_browser with AutoNode config {}
[2026-06-07 15:24:05,280][ogn_registration][INFO] - Registering Python Node Types from omni.kit.window.content_browser at /root/.venvs/isaaclab-mosaic/lib/python3.10/site-packages/omni/data/Kit/Isaac-Sim/4.5/exts/3/omni.kit.window.content_browser-2.10.3+d02c707b in omni.kit.window.content_browser
[2026-06-07 15:24:05,280][ogn_registration][INFO] - ========================================================================================================================
[2026-06-07 15:24:05,281][ogn_registration][INFO] - No dependency on omni.graph, therefore no nodes to register in omni.kit.window.content_browser
[2026-06-07 15:24:05,281][ogn_registration][INFO] - ...None found, no registration to do
[2026-06-07 15:24:05,281][ogn_registration][INFO] - ...Skipping: No OmniGraph presence in the module omni.kit.window.content_browser - No nodes in this module, do not remember it
[2026-06-07 15:24:05,281][ogn_registration][INFO] - Destroying registration record for omni.kit.window.content_browser
[2026-06-07 15:24:05,281][ogn_registration][INFO] - OGN register omni.kit.window.content_browser-2.10.3 took 1499707.000000
[2026-06-07 15:24:05,295][ogn_registration][INFO] - Looking for Python nodes to register in omni.kit.window.property-1.11.5
[2026-06-07 15:24:05,295][ogn_registration][INFO] -  -> Registered nodes from module omni.kit.window.property at /root/.venvs/isaaclab-mosaic/lib/python3.10/site-packages/omni/data/Kit/Isaac-Sim/4.5/exts/3/omni.kit.window.property-1.11.5+d02c707b
[2026-06-07 15:24:05,296][ogn_registration][INFO] - Registering nodes in /root/.venvs/isaaclab-mosaic/lib/python3.10/site-packages/omni/data/Kit/Isaac-Sim/4.5/exts/3/omni.kit.window.property-1.11.5+d02c707b imported as omni.kit.window.property with AutoNode config {}
[2026-06-07 15:24:05,296][ogn_registration][INFO] - Registering Python Node Types from omni.kit.window.property at /root/.venvs/isaaclab-mosaic/lib/python3.10/site-packages/omni/data/Kit/Isaac-Sim/4.5/exts/3/omni.kit.window.property-1.11.5+d02c707b in omni.kit.window.property
[2026-06-07 15:24:05,296][ogn_registration][INFO] - ========================================================================================================================
[2026-06-07 15:24:05,296][ogn_registration][INFO] - No dependency on omni.graph, therefore no nodes to register in omni.kit.window.property
[2026-06-07 15:24:05,296][ogn_registration][INFO] - ...None found, no registration to do
[2026-06-07 15:24:05,296][ogn_registration][INFO] - ...Skipping: No OmniGraph presence in the module omni.kit.window.property - No nodes in this module, do not remember it
[2026-06-07 15:24:05,296][ogn_registration][INFO] - Destroying registration record for omni.kit.window.property
[2026-06-07 15:24:05,296][ogn_registration][INFO] - OGN register omni.kit.window.property-1.11.5 took 968917.000000
[2026-06-07 15:24:05,297][ogn_registration][INFO] - Looking for Python nodes to register in omni.kit.property.adapter.usd-1.0.2
[2026-06-07 15:24:05,298][ogn_registration][INFO] -  -> Registered nodes from module omni.kit.property.adapter.usd at /root/.venvs/isaaclab-mosaic/lib/python3.10/site-packages/omni/data/Kit/Isaac-Sim/4.5/exts/3/omni.kit.property.adapter.usd-1.0.2+d02c707b
[2026-06-07 15:24:05,298][ogn_registration][INFO] - Registering nodes in /root/.venvs/isaaclab-mosaic/lib/python3.10/site-packages/omni/data/Kit/Isaac-Sim/4.5/exts/3/omni.kit.property.adapter.usd-1.0.2+d02c707b imported as omni.kit.property.adapter.usd with AutoNode config {}
[2026-06-07 15:24:05,298][ogn_registration][INFO] - Registering Python Node Types from omni.kit.property.adapter.usd at /root/.venvs/isaaclab-mosaic/lib/python3.10/site-packages/omni/data/Kit/Isaac-Sim/4.5/exts/3/omni.kit.property.adapter.usd-1.0.2+d02c707b in omni.kit.property.adapter.usd
[2026-06-07 15:24:05,298][ogn_registration][INFO] - ========================================================================================================================
[2026-06-07 15:24:05,298][ogn_registration][INFO] - No dependency on omni.graph, therefore no nodes to register in omni.kit.property.adapter.usd
[2026-06-07 15:24:05,298][ogn_registration][INFO] - ...None found, no registration to do
[2026-06-07 15:24:05,298][ogn_registration][INFO] - ...Skipping: No OmniGraph presence in the module omni.kit.property.adapter.usd - No nodes in this module, do not remember it
[2026-06-07 15:24:05,298][ogn_registration][INFO] - Destroying registration record for omni.kit.property.adapter.usd
[2026-06-07 15:24:05,299][ogn_registration][INFO] - OGN register omni.kit.property.adapter.usd-1.0.2 took 960281.000000
[2026-06-07 15:24:05,300][ogn_registration][INFO] - Looking for Python nodes to register in omni.kit.property.adapter.fabric-1.0.3
[2026-06-07 15:24:05,300][ogn_registration][INFO] -  -> Registered nodes from module omni.kit.property.adapter.fabric at /root/.venvs/isaaclab-mosaic/lib/python3.10/site-packages/omni/data/Kit/Isaac-Sim/4.5/exts/3/omni.kit.property.adapter.fabric-1.0.3+d02c707b
[2026-06-07 15:24:05,300][ogn_registration][INFO] - Registering nodes in /root/.venvs/isaaclab-mosaic/lib/python3.10/site-packages/omni/data/Kit/Isaac-Sim/4.5/exts/3/omni.kit.property.adapter.fabric-1.0.3+d02c707b imported as omni.kit.property.adapter.fabric with AutoNode config {}
[2026-06-07 15:24:05,301][ogn_registration][INFO] - Registering Python Node Types from omni.kit.property.adapter.fabric at /root/.venvs/isaaclab-mosaic/lib/python3.10/site-packages/omni/data/Kit/Isaac-Sim/4.5/exts/3/omni.kit.property.adapter.fabric-1.0.3+d02c707b in omni.kit.property.adapter.fabric
[2026-06-07 15:24:05,301][ogn_registration][INFO] - ========================================================================================================================
[2026-06-07 15:24:05,301][ogn_registration][INFO] - No dependency on omni.graph, therefore no nodes to register in omni.kit.property.adapter.fabric
[2026-06-07 15:24:05,301][ogn_registration][INFO] - ...None found, no registration to do
[2026-06-07 15:24:05,301][ogn_registration][INFO] - ...Skipping: No OmniGraph presence in the module omni.kit.property.adapter.fabric - No nodes in this module, do not remember it
[2026-06-07 15:24:05,301][ogn_registration][INFO] - Destroying registration record for omni.kit.property.adapter.fabric
[2026-06-07 15:24:05,301][ogn_registration][INFO] - OGN register omni.kit.property.adapter.fabric-1.0.3 took 985788.000000
[2026-06-07 15:24:05,306][ogn_registration][INFO] - Looking for Python nodes to register in omni.kit.browser.core-2.3.11
[2026-06-07 15:24:05,306][ogn_registration][INFO] -  -> Registered nodes from module omni.kit.browser.core at /root/.venvs/isaaclab-mosaic/lib/python3.10/site-packages/omni/data/Kit/Isaac-Sim/4.5/exts/3/omni.kit.browser.core-2.3.11
[2026-06-07 15:24:05,306][ogn_registration][INFO] - Registering nodes in /root/.venvs/isaaclab-mosaic/lib/python3.10/site-packages/omni/data/Kit/Isaac-Sim/4.5/exts/3/omni.kit.browser.core-2.3.11 imported as omni.kit.browser.core with AutoNode config {}
[2026-06-07 15:24:05,306][ogn_registration][INFO] - Registering Python Node Types from omni.kit.browser.core at /root/.venvs/isaaclab-mosaic/lib/python3.10/site-packages/omni/data/Kit/Isaac-Sim/4.5/exts/3/omni.kit.browser.core-2.3.11 in omni.kit.browser.core
[2026-06-07 15:24:05,306][ogn_registration][INFO] - ========================================================================================================================
[2026-06-07 15:24:05,307][ogn_registration][INFO] - No dependency on omni.graph, therefore no nodes to register in omni.kit.browser.core
[2026-06-07 15:24:05,307][ogn_registration][INFO] - ...None found, no registration to do
[2026-06-07 15:24:05,307][ogn_registration][INFO] - ...Skipping: No OmniGraph presence in the module omni.kit.browser.core - No nodes in this module, do not remember it
[2026-06-07 15:24:05,307][ogn_registration][INFO] - Destroying registration record for omni.kit.browser.core
[2026-06-07 15:24:05,307][ogn_registration][INFO] - OGN register omni.kit.browser.core-2.3.11 took 1197112.000000
[2026-06-07 15:24:05,308][ogn_registration][INFO] - Looking for Python nodes to register in omni.ui_query-1.1.7
[2026-06-07 15:24:05,308][ogn_registration][INFO] -  -> Registered nodes from module omni.ui_query at /root/.venvs/isaaclab-mosaic/lib/python3.10/site-packages/omni/data/Kit/Isaac-Sim/4.5/exts/3/omni.ui_query-1.1.7+d02c707b
[2026-06-07 15:24:05,308][ogn_registration][INFO] - Registering nodes in /root/.venvs/isaaclab-mosaic/lib/python3.10/site-packages/omni/data/Kit/Isaac-Sim/4.5/exts/3/omni.ui_query-1.1.7+d02c707b imported as omni.ui_query with AutoNode config {}
[2026-06-07 15:24:05,308][ogn_registration][INFO] - Registering Python Node Types from omni.ui_query at /root/.venvs/isaaclab-mosaic/lib/python3.10/site-packages/omni/data/Kit/Isaac-Sim/4.5/exts/3/omni.ui_query-1.1.7+d02c707b in omni.ui_query
[2026-06-07 15:24:05,308][ogn_registration][INFO] - ========================================================================================================================
[2026-06-07 15:24:05,308][ogn_registration][INFO] - No dependency on omni.graph, therefore no nodes to register in omni.ui_query
[2026-06-07 15:24:05,309][ogn_registration][INFO] - ...None found, no registration to do
[2026-06-07 15:24:05,309][ogn_registration][INFO] - ...Skipping: No OmniGraph presence in the module omni.ui_query - No nodes in this module, do not remember it
[2026-06-07 15:24:05,309][ogn_registration][INFO] - Destroying registration record for omni.ui_query
[2026-06-07 15:24:05,309][ogn_registration][INFO] - OGN register omni.ui_query-1.1.7 took 820020.000000
[2026-06-07 15:24:05,321][ogn_registration][INFO] - Looking for Python nodes to register in omni.kit.property.usd-4.2.16
[2026-06-07 15:24:05,321][ogn_registration][INFO] -  -> Registered nodes from module omni.kit.property.usd at /root/.venvs/isaaclab-mosaic/lib/python3.10/site-packages/omni/data/Kit/Isaac-Sim/4.5/exts/3/omni.kit.property.usd-4.2.16+d02c707b
[2026-06-07 15:24:05,321][ogn_registration][INFO] - Registering nodes in /root/.venvs/isaaclab-mosaic/lib/python3.10/site-packages/omni/data/Kit/Isaac-Sim/4.5/exts/3/omni.kit.property.usd-4.2.16+d02c707b imported as omni.kit.property.usd with AutoNode config {}
[2026-06-07 15:24:05,321][ogn_registration][INFO] - Registering Python Node Types from omni.kit.property.usd at /root/.venvs/isaaclab-mosaic/lib/python3.10/site-packages/omni/data/Kit/Isaac-Sim/4.5/exts/3/omni.kit.property.usd-4.2.16+d02c707b in omni.kit.property.usd
[2026-06-07 15:24:05,321][ogn_registration][INFO] - ========================================================================================================================
[2026-06-07 15:24:05,322][ogn_registration][INFO] - No dependency on omni.graph, therefore no nodes to register in omni.kit.property.usd
[2026-06-07 15:24:05,322][ogn_registration][INFO] - ...None found, no registration to do
[2026-06-07 15:24:05,322][ogn_registration][INFO] - ...Skipping: No OmniGraph presence in the module omni.kit.property.usd - No nodes in this module, do not remember it
[2026-06-07 15:24:05,322][ogn_registration][INFO] - Destroying registration record for omni.kit.property.usd
[2026-06-07 15:24:05,322][ogn_registration][INFO] - OGN register omni.kit.property.usd-4.2.16 took 1398488.000000
[2026-06-07 15:24:05,328][ogn_registration][INFO] - Looking for Python nodes to register in omni.kit.browser.folder.core-1.10.1
[2026-06-07 15:24:05,328][ogn_registration][INFO] -  -> Registered nodes from module omni.kit.browser.folder.core at /root/.venvs/isaaclab-mosaic/lib/python3.10/site-packages/omni/data/Kit/Isaac-Sim/4.5/exts/3/omni.kit.browser.folder.core-1.10.1
[2026-06-07 15:24:05,328][ogn_registration][INFO] - Registering nodes in /root/.venvs/isaaclab-mosaic/lib/python3.10/site-packages/omni/data/Kit/Isaac-Sim/4.5/exts/3/omni.kit.browser.folder.core-1.10.1 imported as omni.kit.browser.folder.core with AutoNode config {}
[2026-06-07 15:24:05,328][ogn_registration][INFO] - Registering Python Node Types from omni.kit.browser.folder.core at /root/.venvs/isaaclab-mosaic/lib/python3.10/site-packages/omni/data/Kit/Isaac-Sim/4.5/exts/3/omni.kit.browser.folder.core-1.10.1 in omni.kit.browser.folder.core
[2026-06-07 15:24:05,328][ogn_registration][INFO] - ========================================================================================================================
[2026-06-07 15:24:05,329][ogn_registration][INFO] - No dependency on omni.graph, therefore no nodes to register in omni.kit.browser.folder.core
[2026-06-07 15:24:05,329][ogn_registration][INFO] - ...None found, no registration to do
[2026-06-07 15:24:05,329][ogn_registration][INFO] - ...Skipping: No OmniGraph presence in the module omni.kit.browser.folder.core - No nodes in this module, do not remember it
[2026-06-07 15:24:05,329][ogn_registration][INFO] - Destroying registration record for omni.kit.browser.folder.core
[2026-06-07 15:24:05,329][ogn_registration][INFO] - OGN register omni.kit.browser.folder.core-1.10.1 took 1233139.000000
[2026-06-07 15:24:05,343][ogn_registration][INFO] - Looking for Python nodes to register in isaacsim.examples.browser-0.1.8
[2026-06-07 15:24:05,344][ogn_registration][INFO] -  -> Registered nodes from module isaacsim.examples.browser at /root/.venvs/isaaclab-mosaic/lib/python3.10/site-packages/isaacsim/exts/isaacsim.examples.browser
[2026-06-07 15:24:05,344][ogn_registration][INFO] - Registering nodes in /root/.venvs/isaaclab-mosaic/lib/python3.10/site-packages/isaacsim/exts/isaacsim.examples.browser imported as isaacsim.examples.browser with AutoNode config {}
[2026-06-07 15:24:05,344][ogn_registration][INFO] - Registering Python Node Types from isaacsim.examples.browser at /root/.venvs/isaaclab-mosaic/lib/python3.10/site-packages/isaacsim/exts/isaacsim.examples.browser in isaacsim.examples.browser
[2026-06-07 15:24:05,344][ogn_registration][INFO] - ========================================================================================================================
[2026-06-07 15:24:05,345][ogn_registration][INFO] - No dependency on omni.graph, therefore no nodes to register in isaacsim.examples.browser
[2026-06-07 15:24:05,345][ogn_registration][INFO] - ...None found, no registration to do
[2026-06-07 15:24:05,345][ogn_registration][INFO] - ...Skipping: No OmniGraph presence in the module isaacsim.examples.browser - No nodes in this module, do not remember it
[2026-06-07 15:24:05,345][ogn_registration][INFO] - Destroying registration record for isaacsim.examples.browser
[2026-06-07 15:24:05,345][ogn_registration][INFO] - OGN register isaacsim.examples.browser-0.1.8 took 1479509.000000
[2026-06-07 15:24:05,346][ogn_registration][INFO] - Looking for Python nodes to register in omni.kit.ui_test-1.3.3
[2026-06-07 15:24:05,347][ogn_registration][INFO] -  -> Registered nodes from module omni.kit.ui_test at /root/.venvs/isaaclab-mosaic/lib/python3.10/site-packages/omni/data/Kit/Isaac-Sim/4.5/exts/3/omni.kit.ui_test-1.3.3+d02c707b
[2026-06-07 15:24:05,347][ogn_registration][INFO] - Registering nodes in /root/.venvs/isaaclab-mosaic/lib/python3.10/site-packages/omni/data/Kit/Isaac-Sim/4.5/exts/3/omni.kit.ui_test-1.3.3+d02c707b imported as omni.kit.ui_test with AutoNode config {}
[2026-06-07 15:24:05,347][ogn_registration][INFO] - Registering Python Node Types from omni.kit.ui_test at /root/.venvs/isaaclab-mosaic/lib/python3.10/site-packages/omni/data/Kit/Isaac-Sim/4.5/exts/3/omni.kit.ui_test-1.3.3+d02c707b in omni.kit.ui_test
[2026-06-07 15:24:05,347][ogn_registration][INFO] - ========================================================================================================================
[2026-06-07 15:24:05,347][ogn_registration][INFO] - No dependency on omni.graph, therefore no nodes to register in omni.kit.ui_test
[2026-06-07 15:24:05,347][ogn_registration][INFO] - ...None found, no registration to do
[2026-06-07 15:24:05,347][ogn_registration][INFO] - ...Skipping: No OmniGraph presence in the module omni.kit.ui_test - No nodes in this module, do not remember it
[2026-06-07 15:24:05,347][ogn_registration][INFO] - Destroying registration record for omni.kit.ui_test
[2026-06-07 15:24:05,347][ogn_registration][INFO] - OGN register omni.kit.ui_test-1.3.3 took 816563.000000
[2026-06-07 15:24:05,348][ogn_registration][INFO] - Looking for Python nodes to register in omni.kit.widget.prompt-1.0.7
[2026-06-07 15:24:05,349][ogn_registration][INFO] -  -> Registered nodes from module omni.kit.widget.prompt at /root/.venvs/isaaclab-mosaic/lib/python3.10/site-packages/omni/data/Kit/Isaac-Sim/4.5/exts/3/omni.kit.widget.prompt-1.0.7+d02c707b
[2026-06-07 15:24:05,349][ogn_registration][INFO] - Registering nodes in /root/.venvs/isaaclab-mosaic/lib/python3.10/site-packages/omni/data/Kit/Isaac-Sim/4.5/exts/3/omni.kit.widget.prompt-1.0.7+d02c707b imported as omni.kit.widget.prompt with AutoNode config {}
[2026-06-07 15:24:05,349][ogn_registration][INFO] - Registering Python Node Types from omni.kit.widget.prompt at /root/.venvs/isaaclab-mosaic/lib/python3.10/site-packages/omni/data/Kit/Isaac-Sim/4.5/exts/3/omni.kit.widget.prompt-1.0.7+d02c707b in omni.kit.widget.prompt
[2026-06-07 15:24:05,349][ogn_registration][INFO] - ========================================================================================================================
[2026-06-07 15:24:05,349][ogn_registration][INFO] - No dependency on omni.graph, therefore no nodes to register in omni.kit.widget.prompt
[2026-06-07 15:24:05,349][ogn_registration][INFO] - ...None found, no registration to do
[2026-06-07 15:24:05,349][ogn_registration][INFO] - ...Skipping: No OmniGraph presence in the module omni.kit.widget.prompt - No nodes in this module, do not remember it
[2026-06-07 15:24:05,349][ogn_registration][INFO] - Destroying registration record for omni.kit.widget.prompt
[2026-06-07 15:24:05,349][ogn_registration][INFO] - OGN register omni.kit.widget.prompt-1.0.7 took 898315.000000
[2026-06-07 15:24:05,368][ogn_registration][INFO] - Looking for Python nodes to register in omni.kit.window.extensions-1.4.25
[2026-06-07 15:24:05,369][ogn_registration][INFO] -  -> Registered nodes from module omni.kit.window.extensions at /root/.venvs/isaaclab-mosaic/lib/python3.10/site-packages/omni/data/Kit/Isaac-Sim/4.5/exts/3/omni.kit.window.extensions-1.4.25+d02c707b
[2026-06-07 15:24:05,369][ogn_registration][INFO] - Registering nodes in /root/.venvs/isaaclab-mosaic/lib/python3.10/site-packages/omni/data/Kit/Isaac-Sim/4.5/exts/3/omni.kit.window.extensions-1.4.25+d02c707b imported as omni.kit.window.extensions with AutoNode config {}
[2026-06-07 15:24:05,369][ogn_registration][INFO] - Registering Python Node Types from omni.kit.window.extensions at /root/.venvs/isaaclab-mosaic/lib/python3.10/site-packages/omni/data/Kit/Isaac-Sim/4.5/exts/3/omni.kit.window.extensions-1.4.25+d02c707b in omni.kit.window.extensions
[2026-06-07 15:24:05,369][ogn_registration][INFO] - ========================================================================================================================
[2026-06-07 15:24:05,369][ogn_registration][INFO] - No dependency on omni.graph, therefore no nodes to register in omni.kit.window.extensions
[2026-06-07 15:24:05,370][ogn_registration][INFO] - ...None found, no registration to do
[2026-06-07 15:24:05,370][ogn_registration][INFO] - ...Skipping: No OmniGraph presence in the module omni.kit.window.extensions - No nodes in this module, do not remember it
[2026-06-07 15:24:05,370][ogn_registration][INFO] - Destroying registration record for omni.kit.window.extensions
[2026-06-07 15:24:05,370][ogn_registration][INFO] - OGN register omni.kit.window.extensions-1.4.25 took 1165072.000000
[2026-06-07 15:24:05,373][ogn_registration][INFO] - Looking for Python nodes to register in isaacsim.gui.components-1.0.9
[2026-06-07 15:24:05,373][ogn_registration][INFO] -  -> Registered nodes from module isaacsim.gui.components at /root/.venvs/isaaclab-mosaic/lib/python3.10/site-packages/isaacsim/exts/isaacsim.gui.components
[2026-06-07 15:24:05,373][ogn_registration][INFO] - Registering nodes in /root/.venvs/isaaclab-mosaic/lib/python3.10/site-packages/isaacsim/exts/isaacsim.gui.components imported as isaacsim.gui.components with AutoNode config {}
[2026-06-07 15:24:05,373][ogn_registration][INFO] - Registering Python Node Types from isaacsim.gui.components at /root/.venvs/isaaclab-mosaic/lib/python3.10/site-packages/isaacsim/exts/isaacsim.gui.components in isaacsim.gui.components
[2026-06-07 15:24:05,373][ogn_registration][INFO] - ========================================================================================================================
[2026-06-07 15:24:05,375][ogn_registration][INFO] - Finding OmniGraph extension content manager for isaacsim.gui.components-1.0.9 in module isaacsim.gui.components at /root/.venvs/isaaclab-mosaic/lib/python3.10/site-packages/isaacsim/exts/isaacsim.gui.components
[2026-06-07 15:24:05,375][ogn_registration][INFO] - -> New generated folder /root/.venvs/isaaclab-mosaic/lib/python3.10/site-packages/isaacsim/exts/isaacsim.gui.components/ogn/isaacsim.gui.components is not a directory
[2026-06-07 15:24:05,375][ogn_registration][INFO] - -> Old ogn/ folder /root/.venvs/isaaclab-mosaic/lib/python3.10/site-packages/isaacsim/exts/isaacsim.gui.components/isaacsim/gui/components/ogn is not a directory
[2026-06-07 15:24:05,375][ogn_registration][INFO] - _walk_with_excludes(start=/root/.venvs/isaaclab-mosaic/lib/python3.10/site-packages/isaacsim/exts/isaacsim.gui.components/isaacsim/gui/components, exclude=['__pycache__'])
[2026-06-07 15:24:05,375][ogn_registration][INFO] -    ... walked /root/.venvs/isaaclab-mosaic/lib/python3.10/site-packages/isaacsim/exts/isaacsim.gui.components/isaacsim/gui/components, ['element_wrappers', 'tests'], ['widgets.py', 'callbacks.py', 'print_to_screen.py', 'ui_utils.py', '__init__.py', 'dpad.py', 'style.py', 'menu.py']
[2026-06-07 15:24:05,376][ogn_registration][INFO] -    ... walked /root/.venvs/isaaclab-mosaic/lib/python3.10/site-packages/isaacsim/exts/isaacsim.gui.components/isaacsim/gui/components/element_wrappers, [], ['__init__.py', 'ui_widget_wrappers.py', 'base_ui_element_wrappers.py']
[2026-06-07 15:24:05,376][ogn_registration][INFO] -    ... walked /root/.venvs/isaaclab-mosaic/lib/python3.10/site-packages/isaacsim/exts/isaacsim.gui.components/isaacsim/gui/components/tests, [], ['test_screen_printer.py', 'test_ui.py', '__init__.py', 'test_ui_widget_wrappers.py']
[2026-06-07 15:24:05,376][ogn_registration][INFO] - -> Extension contents not recognized as containing OmniGraph Python information
[2026-06-07 15:24:05,376][ogn_registration][INFO] - ...None found, no registration to do
[2026-06-07 15:24:05,376][ogn_registration][INFO] - ...Skipping: No OmniGraph presence in the module isaacsim.gui.components - No nodes in this module, do not remember it
[2026-06-07 15:24:05,376][ogn_registration][INFO] - Destroying registration record for isaacsim.gui.components
[2026-06-07 15:24:05,376][ogn_registration][INFO] -  -> Registered nodes from module isaacsim.gui.components.tests at /root/.venvs/isaaclab-mosaic/lib/python3.10/site-packages/isaacsim/exts/isaacsim.gui.components
[2026-06-07 15:24:05,376][ogn_registration][INFO] - Registering nodes in /root/.venvs/isaaclab-mosaic/lib/python3.10/site-packages/isaacsim/exts/isaacsim.gui.components imported as isaacsim.gui.components.tests with AutoNode config {}
[2026-06-07 15:24:05,376][ogn_registration][INFO] - Registering Python Node Types from isaacsim.gui.components.tests at /root/.venvs/isaaclab-mosaic/lib/python3.10/site-packages/isaacsim/exts/isaacsim.gui.components in isaacsim.gui.components
[2026-06-07 15:24:05,376][ogn_registration][INFO] - ========================================================================================================================
[2026-06-07 15:24:05,377][ogn_registration][INFO] - Finding OmniGraph extension content manager for isaacsim.gui.components-1.0.9 in module isaacsim.gui.components.tests at /root/.venvs/isaaclab-mosaic/lib/python3.10/site-packages/isaacsim/exts/isaacsim.gui.components
[2026-06-07 15:24:05,377][ogn_registration][INFO] - -> New generated folder /root/.venvs/isaaclab-mosaic/lib/python3.10/site-packages/isaacsim/exts/isaacsim.gui.components/ogn/isaacsim.gui.components.tests is not a directory
[2026-06-07 15:24:05,377][ogn_registration][INFO] - -> Old ogn/ folder /root/.venvs/isaaclab-mosaic/lib/python3.10/site-packages/isaacsim/exts/isaacsim.gui.components/isaacsim/gui/components/tests/ogn is not a directory
[2026-06-07 15:24:05,377][ogn_registration][INFO] - _walk_with_excludes(start=/root/.venvs/isaaclab-mosaic/lib/python3.10/site-packages/isaacsim/exts/isaacsim.gui.components/isaacsim/gui/components/tests, exclude=['__pycache__'])
[2026-06-07 15:24:05,377][ogn_registration][INFO] -    ... walked /root/.venvs/isaaclab-mosaic/lib/python3.10/site-packages/isaacsim/exts/isaacsim.gui.components/isaacsim/gui/components/tests, [], ['test_screen_printer.py', 'test_ui.py', '__init__.py', 'test_ui_widget_wrappers.py']
[2026-06-07 15:24:05,378][ogn_registration][INFO] - -> Extension contents not recognized as containing OmniGraph Python information
[2026-06-07 15:24:05,378][ogn_registration][INFO] - ...None found, no registration to do
[2026-06-07 15:24:05,378][ogn_registration][INFO] - ...Skipping: No OmniGraph presence in the module isaacsim.gui.components.tests - No nodes in this module, do not remember it
[2026-06-07 15:24:05,378][ogn_registration][INFO] - Destroying registration record for isaacsim.gui.components
[2026-06-07 15:24:05,378][ogn_registration][INFO] - OGN register isaacsim.gui.components-1.0.9 took 4532332.000000
[2026-06-07 15:24:05,403][ogn_registration][INFO] - Looking for Python nodes to register in omni.kit.tool.asset_importer-2.12.6
[2026-06-07 15:24:05,403][ogn_registration][INFO] -  -> Registered nodes from module omni.kit.tool.asset_importer at /root/.venvs/isaaclab-mosaic/lib/python3.10/site-packages/omni/data/Kit/Isaac-Sim/4.5/exts/3/omni.kit.tool.asset_importer-2.12.6+106.5.0
[2026-06-07 15:24:05,403][ogn_registration][INFO] - Registering nodes in /root/.venvs/isaaclab-mosaic/lib/python3.10/site-packages/omni/data/Kit/Isaac-Sim/4.5/exts/3/omni.kit.tool.asset_importer-2.12.6+106.5.0 imported as omni.kit.tool.asset_importer with AutoNode config {}
[2026-06-07 15:24:05,403][ogn_registration][INFO] - Registering Python Node Types from omni.kit.tool.asset_importer at /root/.venvs/isaaclab-mosaic/lib/python3.10/site-packages/omni/data/Kit/Isaac-Sim/4.5/exts/3/omni.kit.tool.asset_importer-2.12.6+106.5.0 in omni.kit.tool.asset_importer
[2026-06-07 15:24:05,403][ogn_registration][INFO] - ========================================================================================================================
[2026-06-07 15:24:05,404][ogn_registration][INFO] - No dependency on omni.graph, therefore no nodes to register in omni.kit.tool.asset_importer
[2026-06-07 15:24:05,404][ogn_registration][INFO] - ...None found, no registration to do
[2026-06-07 15:24:05,404][ogn_registration][INFO] - ...Skipping: No OmniGraph presence in the module omni.kit.tool.asset_importer - No nodes in this module, do not remember it
[2026-06-07 15:24:05,404][ogn_registration][INFO] - Destroying registration record for omni.kit.tool.asset_importer
[2026-06-07 15:24:05,404][ogn_registration][INFO] - OGN register omni.kit.tool.asset_importer-2.12.6 took 1341462.000000
[2026-06-07 15:24:05,444][ogn_registration][INFO] - Looking for Python nodes to register in isaacsim.asset.importer.urdf-2.3.14
[2026-06-07 15:24:05,444][ogn_registration][INFO] -  -> Registered nodes from module isaacsim.asset.importer.urdf at /root/.venvs/isaaclab-mosaic/lib/python3.10/site-packages/omni/data/Kit/Isaac-Sim/4.5/exts/3/isaacsim.asset.importer.urdf-2.3.14+106.5.0.lx64.r.cp310
[2026-06-07 15:24:05,444][ogn_registration][INFO] - Registering nodes in /root/.venvs/isaaclab-mosaic/lib/python3.10/site-packages/omni/data/Kit/Isaac-Sim/4.5/exts/3/isaacsim.asset.importer.urdf-2.3.14+106.5.0.lx64.r.cp310 imported as isaacsim.asset.importer.urdf with AutoNode config {}
[2026-06-07 15:24:05,444][ogn_registration][INFO] - Registering Python Node Types from isaacsim.asset.importer.urdf at /root/.venvs/isaaclab-mosaic/lib/python3.10/site-packages/omni/data/Kit/Isaac-Sim/4.5/exts/3/isaacsim.asset.importer.urdf-2.3.14+106.5.0.lx64.r.cp310 in isaacsim.asset.importer.urdf
[2026-06-07 15:24:05,444][ogn_registration][INFO] - ========================================================================================================================
[2026-06-07 15:24:05,446][ogn_registration][INFO] - Finding OmniGraph extension content manager for isaacsim.asset.importer.urdf-2.3.14 in module isaacsim.asset.importer.urdf at /root/.venvs/isaaclab-mosaic/lib/python3.10/site-packages/omni/data/Kit/Isaac-Sim/4.5/exts/3/isaacsim.asset.importer.urdf-2.3.14+106.5.0.lx64.r.cp310
[2026-06-07 15:24:05,446][ogn_registration][INFO] - -> New generated folder /root/.venvs/isaaclab-mosaic/lib/python3.10/site-packages/omni/data/Kit/Isaac-Sim/4.5/exts/3/isaacsim.asset.importer.urdf-2.3.14+106.5.0.lx64.r.cp310/ogn/isaacsim.asset.importer.urdf is not a directory
[2026-06-07 15:24:05,446][ogn_registration][INFO] - -> Old ogn/ folder /root/.venvs/isaaclab-mosaic/lib/python3.10/site-packages/omni/data/Kit/Isaac-Sim/4.5/exts/3/isaacsim.asset.importer.urdf-2.3.14+106.5.0.lx64.r.cp310/isaacsim/asset/importer/urdf/ogn is not a directory
[2026-06-07 15:24:05,446][ogn_registration][INFO] - _walk_with_excludes(start=/root/.venvs/isaaclab-mosaic/lib/python3.10/site-packages/omni/data/Kit/Isaac-Sim/4.5/exts/3/isaacsim.asset.importer.urdf-2.3.14+106.5.0.lx64.r.cp310/isaacsim/asset/importer/urdf, exclude=['__pycache__'])
[2026-06-07 15:24:05,447][ogn_registration][INFO] -    ... walked /root/.venvs/isaaclab-mosaic/lib/python3.10/site-packages/omni/data/Kit/Isaac-Sim/4.5/exts/3/isaacsim.asset.importer.urdf-2.3.14+106.5.0.lx64.r.cp310/isaacsim/asset/importer/urdf, ['tests', 'scripts'], ['_urdf.cpython-310-x86_64-linux-gnu.so', '__init__.py']
[2026-06-07 15:24:05,447][ogn_registration][INFO] -    ... walked /root/.venvs/isaaclab-mosaic/lib/python3.10/site-packages/omni/data/Kit/Isaac-Sim/4.5/exts/3/isaacsim.asset.importer.urdf-2.3.14+106.5.0.lx64.r.cp310/isaacsim/asset/importer/urdf/tests, [], ['__init__.py', 'test_urdf.py']
[2026-06-07 15:24:05,447][ogn_registration][INFO] -    ... walked /root/.venvs/isaaclab-mosaic/lib/python3.10/site-packages/omni/data/Kit/Isaac-Sim/4.5/exts/3/isaacsim.asset.importer.urdf-2.3.14+106.5.0.lx64.r.cp310/isaacsim/asset/importer/urdf/scripts, ['samples', 'ui'], ['__init__.py', 'extension.py', 'commands.py']
[2026-06-07 15:24:05,448][ogn_registration][INFO] -    ... walked /root/.venvs/isaaclab-mosaic/lib/python3.10/site-packages/omni/data/Kit/Isaac-Sim/4.5/exts/3/isaacsim.asset.importer.urdf-2.3.14+106.5.0.lx64.r.cp310/isaacsim/asset/importer/urdf/scripts/samples, [], ['import_carter.py', 'import_kaya.py', 'import_franka.py', 'common.py', 'import_ur10.py']
[2026-06-07 15:24:05,448][ogn_registration][INFO] -    ... walked /root/.venvs/isaaclab-mosaic/lib/python3.10/site-packages/omni/data/Kit/Isaac-Sim/4.5/exts/3/isaacsim.asset.importer.urdf-2.3.14+106.5.0.lx64.r.cp310/isaacsim/asset/importer/urdf/scripts/ui, [], ['ui_utils.py', 'UrdfJointWidgetWithID.py', 'UrdfLinkWidget.py', '__init__.py', 'UrdfOptionWidget.py', 'style.py', 'menu.py', 'resetable_widget.py']
[2026-06-07 15:24:05,448][ogn_registration][INFO] - -> Extension contents not recognized as containing OmniGraph Python information
[2026-06-07 15:24:05,448][ogn_registration][INFO] - ...None found, no registration to do
[2026-06-07 15:24:05,448][ogn_registration][INFO] - ...Skipping: No OmniGraph presence in the module isaacsim.asset.importer.urdf - No nodes in this module, do not remember it
[2026-06-07 15:24:05,448][ogn_registration][INFO] - Destroying registration record for isaacsim.asset.importer.urdf
[2026-06-07 15:24:05,448][ogn_registration][INFO] -  -> Registered nodes from module isaacsim.asset.importer.urdf.tests at /root/.venvs/isaaclab-mosaic/lib/python3.10/site-packages/omni/data/Kit/Isaac-Sim/4.5/exts/3/isaacsim.asset.importer.urdf-2.3.14+106.5.0.lx64.r.cp310
[2026-06-07 15:24:05,448][ogn_registration][INFO] - Registering nodes in /root/.venvs/isaaclab-mosaic/lib/python3.10/site-packages/omni/data/Kit/Isaac-Sim/4.5/exts/3/isaacsim.asset.importer.urdf-2.3.14+106.5.0.lx64.r.cp310 imported as isaacsim.asset.importer.urdf.tests with AutoNode config {}
[2026-06-07 15:24:05,448][ogn_registration][INFO] - Registering Python Node Types from isaacsim.asset.importer.urdf.tests at /root/.venvs/isaaclab-mosaic/lib/python3.10/site-packages/omni/data/Kit/Isaac-Sim/4.5/exts/3/isaacsim.asset.importer.urdf-2.3.14+106.5.0.lx64.r.cp310 in isaacsim.asset.importer.urdf
[2026-06-07 15:24:05,448][ogn_registration][INFO] - ========================================================================================================================
[2026-06-07 15:24:05,449][ogn_registration][INFO] - Finding OmniGraph extension content manager for isaacsim.asset.importer.urdf-2.3.14 in module isaacsim.asset.importer.urdf.tests at /root/.venvs/isaaclab-mosaic/lib/python3.10/site-packages/omni/data/Kit/Isaac-Sim/4.5/exts/3/isaacsim.asset.importer.urdf-2.3.14+106.5.0.lx64.r.cp310
[2026-06-07 15:24:05,449][ogn_registration][INFO] - -> New generated folder /root/.venvs/isaaclab-mosaic/lib/python3.10/site-packages/omni/data/Kit/Isaac-Sim/4.5/exts/3/isaacsim.asset.importer.urdf-2.3.14+106.5.0.lx64.r.cp310/ogn/isaacsim.asset.importer.urdf.tests is not a directory
[2026-06-07 15:24:05,450][ogn_registration][INFO] - -> Old ogn/ folder /root/.venvs/isaaclab-mosaic/lib/python3.10/site-packages/omni/data/Kit/Isaac-Sim/4.5/exts/3/isaacsim.asset.importer.urdf-2.3.14+106.5.0.lx64.r.cp310/isaacsim/asset/importer/urdf/tests/ogn is not a directory
[2026-06-07 15:24:05,450][ogn_registration][INFO] - _walk_with_excludes(start=/root/.venvs/isaaclab-mosaic/lib/python3.10/site-packages/omni/data/Kit/Isaac-Sim/4.5/exts/3/isaacsim.asset.importer.urdf-2.3.14+106.5.0.lx64.r.cp310/isaacsim/asset/importer/urdf/tests, exclude=['__pycache__'])
[2026-06-07 15:24:05,450][ogn_registration][INFO] -    ... walked /root/.venvs/isaaclab-mosaic/lib/python3.10/site-packages/omni/data/Kit/Isaac-Sim/4.5/exts/3/isaacsim.asset.importer.urdf-2.3.14+106.5.0.lx64.r.cp310/isaacsim/asset/importer/urdf/tests, [], ['__init__.py', 'test_urdf.py']
[2026-06-07 15:24:05,450][ogn_registration][INFO] - -> Extension contents not recognized as containing OmniGraph Python information
[2026-06-07 15:24:05,450][ogn_registration][INFO] - ...None found, no registration to do
[2026-06-07 15:24:05,450][ogn_registration][INFO] - ...Skipping: No OmniGraph presence in the module isaacsim.asset.importer.urdf.tests - No nodes in this module, do not remember it
[2026-06-07 15:24:05,450][ogn_registration][INFO] - Destroying registration record for isaacsim.asset.importer.urdf
[2026-06-07 15:24:05,450][ogn_registration][INFO] -  -> Registered nodes from module isaacsim.asset.importer.urdf.scripts.ui at /root/.venvs/isaaclab-mosaic/lib/python3.10/site-packages/omni/data/Kit/Isaac-Sim/4.5/exts/3/isaacsim.asset.importer.urdf-2.3.14+106.5.0.lx64.r.cp310
[2026-06-07 15:24:05,450][ogn_registration][INFO] - Registering nodes in /root/.venvs/isaaclab-mosaic/lib/python3.10/site-packages/omni/data/Kit/Isaac-Sim/4.5/exts/3/isaacsim.asset.importer.urdf-2.3.14+106.5.0.lx64.r.cp310 imported as isaacsim.asset.importer.urdf.scripts.ui with AutoNode config {}
[2026-06-07 15:24:05,450][ogn_registration][INFO] - Registering Python Node Types from isaacsim.asset.importer.urdf.scripts.ui at /root/.venvs/isaaclab-mosaic/lib/python3.10/site-packages/omni/data/Kit/Isaac-Sim/4.5/exts/3/isaacsim.asset.importer.urdf-2.3.14+106.5.0.lx64.r.cp310 in isaacsim.asset.importer.urdf
[2026-06-07 15:24:05,450][ogn_registration][INFO] - ========================================================================================================================
[2026-06-07 15:24:05,451][ogn_registration][INFO] - Finding OmniGraph extension content manager for isaacsim.asset.importer.urdf-2.3.14 in module isaacsim.asset.importer.urdf.scripts.ui at /root/.venvs/isaaclab-mosaic/lib/python3.10/site-packages/omni/data/Kit/Isaac-Sim/4.5/exts/3/isaacsim.asset.importer.urdf-2.3.14+106.5.0.lx64.r.cp310
[2026-06-07 15:24:05,451][ogn_registration][INFO] - -> New generated folder /root/.venvs/isaaclab-mosaic/lib/python3.10/site-packages/omni/data/Kit/Isaac-Sim/4.5/exts/3/isaacsim.asset.importer.urdf-2.3.14+106.5.0.lx64.r.cp310/ogn/isaacsim.asset.importer.urdf.scripts.ui is not a directory
[2026-06-07 15:24:05,452][ogn_registration][INFO] - -> Old ogn/ folder /root/.venvs/isaaclab-mosaic/lib/python3.10/site-packages/omni/data/Kit/Isaac-Sim/4.5/exts/3/isaacsim.asset.importer.urdf-2.3.14+106.5.0.lx64.r.cp310/isaacsim/asset/importer/urdf/scripts/ui/ogn is not a directory
[2026-06-07 15:24:05,452][ogn_registration][INFO] - _walk_with_excludes(start=/root/.venvs/isaaclab-mosaic/lib/python3.10/site-packages/omni/data/Kit/Isaac-Sim/4.5/exts/3/isaacsim.asset.importer.urdf-2.3.14+106.5.0.lx64.r.cp310/isaacsim/asset/importer/urdf/scripts/ui, exclude=['__pycache__'])
[2026-06-07 15:24:05,452][ogn_registration][INFO] -    ... walked /root/.venvs/isaaclab-mosaic/lib/python3.10/site-packages/omni/data/Kit/Isaac-Sim/4.5/exts/3/isaacsim.asset.importer.urdf-2.3.14+106.5.0.lx64.r.cp310/isaacsim/asset/importer/urdf/scripts/ui, [], ['ui_utils.py', 'UrdfJointWidgetWithID.py', 'UrdfLinkWidget.py', '__init__.py', 'UrdfOptionWidget.py', 'style.py', 'menu.py', 'resetable_widget.py']
[2026-06-07 15:24:05,452][ogn_registration][INFO] - -> Extension contents not recognized as containing OmniGraph Python information
[2026-06-07 15:24:05,452][ogn_registration][INFO] - ...None found, no registration to do
[2026-06-07 15:24:05,452][ogn_registration][INFO] - ...Skipping: No OmniGraph presence in the module isaacsim.asset.importer.urdf.scripts.ui - No nodes in this module, do not remember it
[2026-06-07 15:24:05,452][ogn_registration][INFO] - Destroying registration record for isaacsim.asset.importer.urdf
[2026-06-07 15:24:05,452][ogn_registration][INFO] -  -> Registered nodes from module isaacsim.asset.importer.urdf.scripts.samples.import_carter at /root/.venvs/isaaclab-mosaic/lib/python3.10/site-packages/omni/data/Kit/Isaac-Sim/4.5/exts/3/isaacsim.asset.importer.urdf-2.3.14+106.5.0.lx64.r.cp310
[2026-06-07 15:24:05,452][ogn_registration][INFO] - Registering nodes in /root/.venvs/isaaclab-mosaic/lib/python3.10/site-packages/omni/data/Kit/Isaac-Sim/4.5/exts/3/isaacsim.asset.importer.urdf-2.3.14+106.5.0.lx64.r.cp310 imported as isaacsim.asset.importer.urdf.scripts.samples.import_carter with AutoNode config {}
[2026-06-07 15:24:05,452][ogn_registration][INFO] - Registering Python Node Types from isaacsim.asset.importer.urdf.scripts.samples.import_carter at /root/.venvs/isaaclab-mosaic/lib/python3.10/site-packages/omni/data/Kit/Isaac-Sim/4.5/exts/3/isaacsim.asset.importer.urdf-2.3.14+106.5.0.lx64.r.cp310 in isaacsim.asset.importer.urdf
[2026-06-07 15:24:05,452][ogn_registration][INFO] - ========================================================================================================================
[2026-06-07 15:24:05,453][ogn_registration][INFO] - Finding OmniGraph extension content manager for isaacsim.asset.importer.urdf-2.3.14 in module isaacsim.asset.importer.urdf.scripts.samples.import_carter at /root/.venvs/isaaclab-mosaic/lib/python3.10/site-packages/omni/data/Kit/Isaac-Sim/4.5/exts/3/isaacsim.asset.importer.urdf-2.3.14+106.5.0.lx64.r.cp310
[2026-06-07 15:24:05,453][ogn_registration][INFO] - -> New generated folder /root/.venvs/isaaclab-mosaic/lib/python3.10/site-packages/omni/data/Kit/Isaac-Sim/4.5/exts/3/isaacsim.asset.importer.urdf-2.3.14+106.5.0.lx64.r.cp310/ogn/isaacsim.asset.importer.urdf.scripts.samples.import_carter is not a directory
[2026-06-07 15:24:05,454][ogn_registration][INFO] - -> Old ogn/ folder /root/.venvs/isaaclab-mosaic/lib/python3.10/site-packages/omni/data/Kit/Isaac-Sim/4.5/exts/3/isaacsim.asset.importer.urdf-2.3.14+106.5.0.lx64.r.cp310/isaacsim/asset/importer/urdf/scripts/samples/import_carter/ogn is not a directory
[2026-06-07 15:24:05,454][ogn_registration][INFO] - _walk_with_excludes(start=/root/.venvs/isaaclab-mosaic/lib/python3.10/site-packages/omni/data/Kit/Isaac-Sim/4.5/exts/3/isaacsim.asset.importer.urdf-2.3.14+106.5.0.lx64.r.cp310/isaacsim/asset/importer/urdf/scripts/samples/import_carter, exclude=['__pycache__'])
[2026-06-07 15:24:05,454][ogn_registration][INFO] - -> Extension contents not recognized as containing OmniGraph Python information
[2026-06-07 15:24:05,454][ogn_registration][INFO] - ...None found, no registration to do
[2026-06-07 15:24:05,454][ogn_registration][INFO] - ...Skipping: No OmniGraph presence in the module isaacsim.asset.importer.urdf.scripts.samples.import_carter - No nodes in this module, do not remember it
[2026-06-07 15:24:05,454][ogn_registration][INFO] - Destroying registration record for isaacsim.asset.importer.urdf
[2026-06-07 15:24:05,454][ogn_registration][INFO] -  -> Registered nodes from module isaacsim.asset.importer.urdf.scripts.samples.import_franka at /root/.venvs/isaaclab-mosaic/lib/python3.10/site-packages/omni/data/Kit/Isaac-Sim/4.5/exts/3/isaacsim.asset.importer.urdf-2.3.14+106.5.0.lx64.r.cp310
[2026-06-07 15:24:05,454][ogn_registration][INFO] - Registering nodes in /root/.venvs/isaaclab-mosaic/lib/python3.10/site-packages/omni/data/Kit/Isaac-Sim/4.5/exts/3/isaacsim.asset.importer.urdf-2.3.14+106.5.0.lx64.r.cp310 imported as isaacsim.asset.importer.urdf.scripts.samples.import_franka with AutoNode config {}
[2026-06-07 15:24:05,454][ogn_registration][INFO] - Registering Python Node Types from isaacsim.asset.importer.urdf.scripts.samples.import_franka at /root/.venvs/isaaclab-mosaic/lib/python3.10/site-packages/omni/data/Kit/Isaac-Sim/4.5/exts/3/isaacsim.asset.importer.urdf-2.3.14+106.5.0.lx64.r.cp310 in isaacsim.asset.importer.urdf
[2026-06-07 15:24:05,454][ogn_registration][INFO] - ========================================================================================================================
[2026-06-07 15:24:05,455][ogn_registration][INFO] - Finding OmniGraph extension content manager for isaacsim.asset.importer.urdf-2.3.14 in module isaacsim.asset.importer.urdf.scripts.samples.import_franka at /root/.venvs/isaaclab-mosaic/lib/python3.10/site-packages/omni/data/Kit/Isaac-Sim/4.5/exts/3/isaacsim.asset.importer.urdf-2.3.14+106.5.0.lx64.r.cp310
[2026-06-07 15:24:05,455][ogn_registration][INFO] - -> New generated folder /root/.venvs/isaaclab-mosaic/lib/python3.10/site-packages/omni/data/Kit/Isaac-Sim/4.5/exts/3/isaacsim.asset.importer.urdf-2.3.14+106.5.0.lx64.r.cp310/ogn/isaacsim.asset.importer.urdf.scripts.samples.import_franka is not a directory
[2026-06-07 15:24:05,455][ogn_registration][INFO] - -> Old ogn/ folder /root/.venvs/isaaclab-mosaic/lib/python3.10/site-packages/omni/data/Kit/Isaac-Sim/4.5/exts/3/isaacsim.asset.importer.urdf-2.3.14+106.5.0.lx64.r.cp310/isaacsim/asset/importer/urdf/scripts/samples/import_franka/ogn is not a directory
[2026-06-07 15:24:05,455][ogn_registration][INFO] - _walk_with_excludes(start=/root/.venvs/isaaclab-mosaic/lib/python3.10/site-packages/omni/data/Kit/Isaac-Sim/4.5/exts/3/isaacsim.asset.importer.urdf-2.3.14+106.5.0.lx64.r.cp310/isaacsim/asset/importer/urdf/scripts/samples/import_franka, exclude=['__pycache__'])
[2026-06-07 15:24:05,455][ogn_registration][INFO] - -> Extension contents not recognized as containing OmniGraph Python information
[2026-06-07 15:24:05,456][ogn_registration][INFO] - ...None found, no registration to do
[2026-06-07 15:24:05,456][ogn_registration][INFO] - ...Skipping: No OmniGraph presence in the module isaacsim.asset.importer.urdf.scripts.samples.import_franka - No nodes in this module, do not remember it
[2026-06-07 15:24:05,456][ogn_registration][INFO] - Destroying registration record for isaacsim.asset.importer.urdf
[2026-06-07 15:24:05,456][ogn_registration][INFO] -  -> Registered nodes from module isaacsim.asset.importer.urdf.scripts.samples.import_kaya at /root/.venvs/isaaclab-mosaic/lib/python3.10/site-packages/omni/data/Kit/Isaac-Sim/4.5/exts/3/isaacsim.asset.importer.urdf-2.3.14+106.5.0.lx64.r.cp310
[2026-06-07 15:24:05,456][ogn_registration][INFO] - Registering nodes in /root/.venvs/isaaclab-mosaic/lib/python3.10/site-packages/omni/data/Kit/Isaac-Sim/4.5/exts/3/isaacsim.asset.importer.urdf-2.3.14+106.5.0.lx64.r.cp310 imported as isaacsim.asset.importer.urdf.scripts.samples.import_kaya with AutoNode config {}
[2026-06-07 15:24:05,456][ogn_registration][INFO] - Registering Python Node Types from isaacsim.asset.importer.urdf.scripts.samples.import_kaya at /root/.venvs/isaaclab-mosaic/lib/python3.10/site-packages/omni/data/Kit/Isaac-Sim/4.5/exts/3/isaacsim.asset.importer.urdf-2.3.14+106.5.0.lx64.r.cp310 in isaacsim.asset.importer.urdf
[2026-06-07 15:24:05,456][ogn_registration][INFO] - ========================================================================================================================
[2026-06-07 15:24:05,457][ogn_registration][INFO] - Finding OmniGraph extension content manager for isaacsim.asset.importer.urdf-2.3.14 in module isaacsim.asset.importer.urdf.scripts.samples.import_kaya at /root/.venvs/isaaclab-mosaic/lib/python3.10/site-packages/omni/data/Kit/Isaac-Sim/4.5/exts/3/isaacsim.asset.importer.urdf-2.3.14+106.5.0.lx64.r.cp310
[2026-06-07 15:24:05,457][ogn_registration][INFO] - -> New generated folder /root/.venvs/isaaclab-mosaic/lib/python3.10/site-packages/omni/data/Kit/Isaac-Sim/4.5/exts/3/isaacsim.asset.importer.urdf-2.3.14+106.5.0.lx64.r.cp310/ogn/isaacsim.asset.importer.urdf.scripts.samples.import_kaya is not a directory
[2026-06-07 15:24:05,457][ogn_registration][INFO] - -> Old ogn/ folder /root/.venvs/isaaclab-mosaic/lib/python3.10/site-packages/omni/data/Kit/Isaac-Sim/4.5/exts/3/isaacsim.asset.importer.urdf-2.3.14+106.5.0.lx64.r.cp310/isaacsim/asset/importer/urdf/scripts/samples/import_kaya/ogn is not a directory
[2026-06-07 15:24:05,457][ogn_registration][INFO] - _walk_with_excludes(start=/root/.venvs/isaaclab-mosaic/lib/python3.10/site-packages/omni/data/Kit/Isaac-Sim/4.5/exts/3/isaacsim.asset.importer.urdf-2.3.14+106.5.0.lx64.r.cp310/isaacsim/asset/importer/urdf/scripts/samples/import_kaya, exclude=['__pycache__'])
[2026-06-07 15:24:05,457][ogn_registration][INFO] - -> Extension contents not recognized as containing OmniGraph Python information
[2026-06-07 15:24:05,457][ogn_registration][INFO] - ...None found, no registration to do
[2026-06-07 15:24:05,457][ogn_registration][INFO] - ...Skipping: No OmniGraph presence in the module isaacsim.asset.importer.urdf.scripts.samples.import_kaya - No nodes in this module, do not remember it
[2026-06-07 15:24:05,457][ogn_registration][INFO] - Destroying registration record for isaacsim.asset.importer.urdf
[2026-06-07 15:24:05,457][ogn_registration][INFO] -  -> Registered nodes from module isaacsim.asset.importer.urdf.scripts.samples.import_ur10 at /root/.venvs/isaaclab-mosaic/lib/python3.10/site-packages/omni/data/Kit/Isaac-Sim/4.5/exts/3/isaacsim.asset.importer.urdf-2.3.14+106.5.0.lx64.r.cp310
[2026-06-07 15:24:05,457][ogn_registration][INFO] - Registering nodes in /root/.venvs/isaaclab-mosaic/lib/python3.10/site-packages/omni/data/Kit/Isaac-Sim/4.5/exts/3/isaacsim.asset.importer.urdf-2.3.14+106.5.0.lx64.r.cp310 imported as isaacsim.asset.importer.urdf.scripts.samples.import_ur10 with AutoNode config {}
[2026-06-07 15:24:05,458][ogn_registration][INFO] - Registering Python Node Types from isaacsim.asset.importer.urdf.scripts.samples.import_ur10 at /root/.venvs/isaaclab-mosaic/lib/python3.10/site-packages/omni/data/Kit/Isaac-Sim/4.5/exts/3/isaacsim.asset.importer.urdf-2.3.14+106.5.0.lx64.r.cp310 in isaacsim.asset.importer.urdf
[2026-06-07 15:24:05,458][ogn_registration][INFO] - ========================================================================================================================
[2026-06-07 15:24:05,459][ogn_registration][INFO] - Finding OmniGraph extension content manager for isaacsim.asset.importer.urdf-2.3.14 in module isaacsim.asset.importer.urdf.scripts.samples.import_ur10 at /root/.venvs/isaaclab-mosaic/lib/python3.10/site-packages/omni/data/Kit/Isaac-Sim/4.5/exts/3/isaacsim.asset.importer.urdf-2.3.14+106.5.0.lx64.r.cp310
[2026-06-07 15:24:05,459][ogn_registration][INFO] - -> New generated folder /root/.venvs/isaaclab-mosaic/lib/python3.10/site-packages/omni/data/Kit/Isaac-Sim/4.5/exts/3/isaacsim.asset.importer.urdf-2.3.14+106.5.0.lx64.r.cp310/ogn/isaacsim.asset.importer.urdf.scripts.samples.import_ur10 is not a directory
[2026-06-07 15:24:05,459][ogn_registration][INFO] - -> Old ogn/ folder /root/.venvs/isaaclab-mosaic/lib/python3.10/site-packages/omni/data/Kit/Isaac-Sim/4.5/exts/3/isaacsim.asset.importer.urdf-2.3.14+106.5.0.lx64.r.cp310/isaacsim/asset/importer/urdf/scripts/samples/import_ur10/ogn is not a directory
[2026-06-07 15:24:05,459][ogn_registration][INFO] - _walk_with_excludes(start=/root/.venvs/isaaclab-mosaic/lib/python3.10/site-packages/omni/data/Kit/Isaac-Sim/4.5/exts/3/isaacsim.asset.importer.urdf-2.3.14+106.5.0.lx64.r.cp310/isaacsim/asset/importer/urdf/scripts/samples/import_ur10, exclude=['__pycache__'])
[2026-06-07 15:24:05,459][ogn_registration][INFO] - -> Extension contents not recognized as containing OmniGraph Python information
[2026-06-07 15:24:05,459][ogn_registration][INFO] - ...None found, no registration to do
[2026-06-07 15:24:05,459][ogn_registration][INFO] - ...Skipping: No OmniGraph presence in the module isaacsim.asset.importer.urdf.scripts.samples.import_ur10 - No nodes in this module, do not remember it
[2026-06-07 15:24:05,459][ogn_registration][INFO] - Destroying registration record for isaacsim.asset.importer.urdf
[2026-06-07 15:24:05,459][ogn_registration][INFO] - OGN register isaacsim.asset.importer.urdf-2.3.14 took 15433300.000000
