MEMORY
  total           16311 KB
  struct            158 KB
  buffer            793 KB
  arena           15360 KB, used 0.8%

SIZES
  narena                15728640
  nbuffer               811680
  nplugin               0
  maxuse_stack          49096
  maxuse_arena          121808
  maxuse_con            14
  maxuse_efc            91
  ncon                  7
  ne                    0
  nf                    35
  nl                    0
  nefc                  63
  nJ                    2583
  nY                    0
  nA                    0
  nisland               1
  nidof                 35
  ntree_awake           2
  nbody_awake           34
  nparent_awake         33
  nv_awake              41
  flg_energypos         0
  flg_energyvel         0
  flg_subtreevel        0
  flg_rnepost           1
  threadpool            0

TIMER
    0:  duration =  1e+02      number = 1388
    1:  duration =  1e+02      number = 1389
    2:  duration =  0          number = 0
    3:  duration =  70         number = 1389
    4:  duration =  2.4        number = 1389
    5:  duration =  0.73       number = 1389
    6:  duration =  25         number = 1389
    7:  duration =  2.6        number = 1388
    8:  duration =  4.1        number = 1389
    9:  duration =  2.6        number = 1389
    10:  duration =  57         number = 1389
    11:  duration =  5.6        number = 1389
    12:  duration =  0.039      number = 1389
    13:  duration =  5.9        number = 1389
    14:  duration =  34         number = 1389

SOLVER STAT
  solver_fwdinv =   0         0       
  ISLAND 0
    solver_niter = 1
    solver_nnz = 1225
      0:  improvement =  5e-06       gradient =  9.9e-16     lineslope =  7.5e-19 
          nactive = 63   nchange = 0   neval = 2   nupdate = 0

ENERGY =   0         0       

TIME =  6.9     

QPOS
  -0.25    
   0.2     
   0.77    
   1       
   0.025   
   0.049   
   0.074   
  -0.36    
  -0.12    
   0.058   
   0.23    
   0.02    
   0.078   
  -0.17    
  -0.32    
  -0.027   
   0.33    
  -0.25    
   0.15    
  -0.05    
  -0.047   
  -0.00044 
  -0.05    
   0.61    
  -0.00099 
  -0.0055  
  -0.68    
  -0.014   
   0.098   
  -0.68    
  -0.43    
   0.45    
   0.89    
   0.9     
   0.015   
  -0.3     
   1.8     
   0       
  -2.4e+02 
   1       
   0       
   0       
   0       

QVEL
  -0.0024  
   0.027   
  -0.0018  
  -0.00039 
   0.0013  
   0.0013  
  -0.0012  
  -0.046   
  -0.01    
   2.3e-05 
  -0.0032  
   0.036   
   0.00043 
  -0.041   
  -0.0023  
  -0.006   
   0.0034  
  -0.1     
  -0.0086  
  -0.011   
   0.0058  
   0.0048  
   0.012   
   0.019   
  -0.046   
  -0.0008  
   0.0022  
   0.017   
   0.00056 
  -0.029   
  -0.033   
   0.019   
   0.0089  
  -0.0023  
  -0.023   
   0       
   0       
  -68      
   0       
   0       
   0       

QACC_WARMSTART
   0.028   
  -0.18    
   0.014   
   0.013   
   0.013   
  -0.087   
  -0.0011  
   0.31    
  -0.0094  
   0.0097  
   0.042   
  -0.29    
  -0.0025  
   0.26    
   0.032   
  -0.072   
   0.096   
   0.84    
   0.12    
   0.056   
  -0.038   
  -0.064   
  -0.15    
  -0.15    
   0.43    
   0.004   
  -0.0066  
  -0.22    
  -0.00029 
   0.21    
   0.22    
  -0.15    
  -0.011   
   0.0038  
   0.17    
   0       
   0       
  -9.8     
   0       
   0       
   0       

CTRL
   12      
   14      
  -6.9     
  -4.2     
  -6.1     
   1.1     
  -2.3     
   2.4     
  -1.2     
  -1.4     
   4       
  -2.2     
   0.45    
   2.2     
  -8.3     
  -1.8     
   2.7     
   1.3     
  -1.6     
   0.0054  
  -0.37    
   0.085   
  -2.8     
  -1.6     
  -0.42    
  -0.46    
   0.026   
   0.055   
  -0.13    

QFRC_APPLIED
   0       
   0       
   0       
   0       
   0       
   0       
   0       
   0       
   0       
   0       
   0       
   0       
   0       
   0       
   0       
   0       
   0       
   0       
   0       
   0       
   0       
   0       
   0       
   0       
   0       
   0       
   0       
   0       
   0       
   0       
   0       
   0       
   0       
   0       
   0       
   0       
   0       
   0       
   0       
   0       
   0       

XFRC_APPLIED
   0         0         0         0         0         0       
   0         0         0         0         0         0       
   0         0         0         0         0         0       
   0         0         0         0         0         0       
   0         0         0         0         0         0       
   0         0         0         0         0         0       
   0         0         0         0         0         0       
   0         0         0         0         0         0       
   0         0         0         0         0         0       
   0         0         0         0         0         0       
   0         0         0         0         0         0       
   0         0         0         0         0         0       
   0         0         0         0         0         0       
   0         0         0         0         0         0       
   0         0         0         0         0         0       
   0         0         0         0         0         0       
   0         0         0         0         0         0       
   0         0         0         0         0         0       
   0         0         0         0         0         0       
   0         0         0         0         0         0       
   0         0         0         0         0         0       
   0         0         0         0         0         0       
   0         0         0         0         0         0       
   0         0         0         0         0         0       
   0         0         0         0         0         0       
   0         0         0         0         0         0       
   0         0         0         0         0         0       
   0         0         0         0         0         0       
   0         0         0         0         0         0       
   0         0         0         0         0         0       
   0         0         0         0         0         0       
   0         0         0         0         0         0       
   0         0         0         0         0         0       
   0         0         0         0         0         0       

QACC
   0.028   
  -0.18    
   0.014   
   0.013   
   0.013   
  -0.087   
  -0.0011  
   0.31    
  -0.0094  
   0.0097  
   0.042   
  -0.29    
  -0.0025  
   0.26    
   0.032   
  -0.072   
   0.096   
   0.84    
   0.12    
   0.056   
  -0.038   
  -0.064   
  -0.15    
  -0.15    
   0.43    
   0.004   
  -0.0066  
  -0.22    
  -0.00029 
   0.21    
   0.22    
  -0.15    
  -0.011   
   0.0038  
   0.17    
   0       
   0       
  -9.8     
   0       
   0       
   0       

SENSOR
  -0.012   
   0.0075  
  -0.0074  
  -0.93    
  -0.14    
   9.8     
  -0.00046 
   0.0012  
   0.0017  
  -0.92    
   0.37    
   9.8     

TREE_ASLEEP
  -11
  -11

XPOS
   0         0         0       
  -0.25      0.2       0.77    
  -0.27      0.27      0.67    
  -0.27      0.32      0.65    
  -0.19      0.32      0.54    
  -0.19      0.31      0.35    
  -0.18      0.29      0.052   
  -0.18      0.29      0.034   
  -0.25      0.14      0.67    
  -0.24      0.089     0.63    
  -0.18      0.064     0.52    
  -0.21      0.014     0.34    
  -0.28     -0.059     0.054   
  -0.28     -0.063     0.037   
  -0.25      0.2       0.77    
  -0.25      0.19      0.81    
  -0.25      0.19      0.81    
  -0.23      0.3       1.1     
  -0.23      0.34      1.1     
  -0.24      0.4       0.98    
  -0.24      0.45      0.91    
  -0.14      0.46      0.9     
  -0.099     0.47      0.9     
  -0.053     0.47      0.9     
  -0.21      0.097     1.1     
  -0.2       0.058     1.1     
  -0.14      0.022     0.98    
  -0.08      0.0085    0.93    
   0.0088    0.017     0.88    
   0.043     0.024     0.87    
   0.084     0.031     0.85    
   0.28     -0.0035    0.86    
   0         0         0       
   1.8       0        -2.4e+02 

XQUAT
   1         0         0         0       
   1         0.025     0.049     0.074   
   0.99      0.038    -0.13      0.068   
   0.97     -0.014    -0.22      0.052   
   0.97     -0.02     -0.22      0.08    
   1        -0.036    -0.015     0.074   
   1        -0.037    -0.0049    0.074   
   1         0.0017   -0.0021    0.074   
   1         0.031    -0.035     0.071   
   0.98     -0.12     -0.13      0.048   
   0.98     -0.12     -0.13      0.035   
   0.99     -0.12      0.12      0.0038  
   0.99     -0.12     -0.0033    0.019   
   1        -0.046    -0.0018    0.019   
   1         0.024     0.049     0.049   
   1         0.00053   0.048     0.05    
   1         0.00054   0.048     0.05    
   0.99      0.14      0.03      0.039   
   0.95      0.3       0.036     0.034   
   0.95      0.3       0.036     0.033   
   0.95      0.3       0.033     0.032   
   1        -0.03      0.021     0.042   
   1        -0.03      0.013     0.042   
   1        -0.029     0.015     0.091   
   0.95     -0.11     -0.29      0.099   
   0.93     -0.18     -0.3       0.077   
   0.89     -0.24     -0.25      0.29    
   0.91     -0.34      0.16      0.15    
   0.97      0.09      0.21      0.067   
   0.97      0.09      0.22      0.067   
   0.97      0.056     0.23     -0.078   
   0.032    -0.99      0.09     -0.052   
   1         0         0         0       
   1         0         0         0       

XMAT
   1         0         0         0         1         0         0         0         1       
   0.98     -0.14      0.1       0.15      0.99     -0.043    -0.093     0.057     0.99    
   0.96     -0.14     -0.25      0.12      0.99     -0.092     0.26      0.057     0.96    
   0.9      -0.095    -0.43      0.11      0.99      0.0046    0.42     -0.05      0.91    
   0.89     -0.15     -0.43      0.16      0.99      0.0046    0.42     -0.074     0.91    
   0.99     -0.15     -0.035     0.15      0.99      0.07      0.024    -0.074     1       
   0.99     -0.15     -0.015     0.15      0.99      0.073     0.0044   -0.074     1       
   0.99     -0.15     -0.0039    0.15      0.99     -0.0038    0.0044    0.0032    1       
   0.99     -0.14     -0.066     0.14      0.99     -0.067     0.075     0.057     1       
   0.96     -0.063    -0.27      0.13      0.97      0.22      0.25     -0.25      0.94    
   0.96     -0.037    -0.27      0.1       0.97      0.22      0.25     -0.24      0.94    
   0.97     -0.037     0.23     -0.022     0.97      0.24     -0.23     -0.24      0.94    
   1        -0.037    -0.011     0.038     0.97      0.24      0.0019   -0.24      0.97    
   1        -0.038    -0.0054    0.038     1         0.092     0.0019   -0.092     1       
   0.99     -0.095     0.1       0.1       0.99     -0.043    -0.096     0.052     0.99    
   0.99     -0.1       0.096     0.1       0.99      0.0038   -0.096     0.0059    1       
   0.99     -0.1       0.096     0.1       0.99      0.0037   -0.096     0.0059    1       
   1        -0.069     0.069     0.086     0.96     -0.28     -0.047     0.28      0.96    
   1        -0.043     0.088     0.086     0.81     -0.57     -0.047     0.58      0.81    
   1        -0.041     0.088     0.085     0.81     -0.57     -0.048     0.58      0.81    
   1        -0.041     0.083     0.082     0.81     -0.58     -0.044     0.58      0.81    
   1        -0.084     0.039     0.082     0.99      0.062    -0.044    -0.058     1       
   1        -0.084     0.024     0.083     0.99      0.06     -0.029    -0.058     1       
   0.98     -0.18      0.024     0.18      0.98      0.06     -0.035    -0.055     1       
   0.81     -0.12     -0.57      0.25      0.96      0.15      0.53     -0.27      0.81    
   0.81     -0.038    -0.58      0.25      0.92      0.29      0.53     -0.38      0.76    
   0.71     -0.39     -0.58      0.63      0.72      0.29      0.3      -0.58      0.76    
   0.9      -0.39      0.19      0.17      0.72      0.67     -0.4      -0.58      0.71    
   0.9      -0.091     0.42      0.17      0.97     -0.15     -0.4       0.2       0.89    
   0.89     -0.091     0.44      0.17      0.97     -0.14     -0.41      0.2       0.89    
   0.88      0.18      0.44     -0.12      0.98     -0.14     -0.45      0.073     0.89    
   0.98     -0.18      0.11     -0.18     -0.98      0.054     0.098    -0.073    -0.99    
   1         0         0         0         1         0         0         0         1       
   1         0         0         0         1         0         0         0         1       

XIPOS
   0         0         0       
  -0.26      0.2       0.7     
  -0.27      0.32      0.65    
  -0.2       0.32      0.58    
  -0.18      0.3       0.38    
  -0.18      0.31      0.23    
  -0.19      0.29      0.063   
  -0.15      0.29      0.018   
  -0.24      0.093     0.64    
  -0.19      0.074     0.56    
  -0.2       0.035     0.36    
  -0.23     -0.019     0.22    
  -0.29     -0.056     0.065   
  -0.25     -0.063     0.02    
  -0.24      0.2       0.79    
  -0.25      0.19      0.81    
  -0.23      0.2       1       
  -0.23      0.33      1.1     
  -0.24      0.38      1       
  -0.24      0.44      0.92    
  -0.17      0.46      0.9     
  -0.12      0.47      0.9     
  -0.076     0.47      0.9     
   0.017     0.48      0.9     
  -0.2       0.06      1.1     
  -0.16      0.033     1       
  -0.09      0.01      0.93    
  -0.022     0.0094    0.9     
   0.024     0.02      0.87    
   0.063     0.029     0.86    
   0.1       0.028     0.84    
   0.25      0.0029    0.85    
   1.4       0         0.73    
   1.8       0        -2.4e+02 

XIMAT
   1         0         0         0         1         0         0         0         1       
   0.98     -0.14      0.1       0.15      0.99     -0.043    -0.093     0.057     0.99    
   0.95     -0.3      -0.052     0.2       0.76     -0.62      0.22      0.58      0.78    
   1        -0.016    -0.026     0.017     1         0.031     0.025    -0.031     1       
  -0.33     -0.94      0.069     0.92     -0.31      0.23     -0.2       0.14      0.97    
   0.6      -0.8      -0.041     0.8       0.59      0.14     -0.089    -0.12      0.99    
  -0.15     -0.46      0.87      0.99     -0.0025    0.16     -0.074     0.89      0.46    
   0.057     0.15      0.99      0.0038   -0.99      0.15      1        -0.0047   -0.057   
   1        -0.042    -0.061     0.068     0.86      0.51      0.031    -0.51      0.86    
   0.98     -0.14      0.14      0.1       0.96      0.27     -0.17     -0.25      0.95    
   0.18     -0.95      0.26      0.97      0.21      0.099    -0.15      0.24      0.96    
   0.7       0.67      0.23     -0.71      0.68      0.17     -0.041    -0.29      0.96    
  -0.037    -0.46      0.88      0.97      0.2       0.14     -0.24      0.86      0.44    
   0.056     0.038     1         0.095    -0.99      0.033     0.99      0.093    -0.059   
  -0.032    -0.74      0.68     -0.065    -0.67     -0.74      1        -0.067    -0.026   
   0.096    -0.99      0.1       0.0038   -0.1      -0.99      1         0.096    -0.0059  
   0.99     -0.1       0.13      0.1       0.99      0.0078   -0.14      0.0061    0.99    
  -0.17     -0.93     -0.32      0.71      0.11     -0.69      0.68     -0.35      0.64    
  -0.06     -1         0.05      0.82     -0.077    -0.56      0.57      0.0073    0.82    
   0.0017   -0.99     -0.14      0.84      0.081    -0.54      0.55     -0.12      0.83    
   0.36      0.16      0.92      0.74     -0.65     -0.18      0.57      0.74     -0.36    
   0.04     -0.97     -0.24      0.061     0.24     -0.97      1         0.024     0.069   
  -0.043     0.14      0.99      0.75     -0.65      0.13      0.66      0.75     -0.078   
  -0.11      0.021     0.99      0.99      0.019     0.11     -0.016     1        -0.023   
   0.26     -0.48     -0.84      0.81     -0.36      0.46     -0.52     -0.8       0.3     
  -0.035    -0.79     -0.61      0.93     -0.25      0.27     -0.36     -0.56      0.75    
  -0.44     -0.55     -0.71      0.7      -0.71      0.11     -0.56     -0.45      0.69    
  -0.73      0.21      0.65      0.54      0.76      0.36     -0.42      0.61     -0.67    
   0.42     -0.82      0.38     -0.15     -0.47     -0.87      0.89      0.31     -0.32    
  -0.37      0.3       0.88      0.79      0.59      0.13     -0.48      0.74     -0.46    
   0.2      -0.97      0.098     0.98      0.2      -0.065     0.044     0.11      0.99    
   0.98     -0.18      0.11     -0.18     -0.98      0.054     0.098    -0.073    -0.99    
   0         0         1         0        -1         0         1         0         0       
   1         0         0         0         1         0         0         0         1       

XANCHOR
  -0.25      0.2       0.77    
  -0.27      0.27      0.67    
  -0.27      0.32      0.65    
  -0.19      0.32      0.54    
  -0.19      0.31      0.35    
  -0.18      0.29      0.052   
  -0.18      0.29      0.034   
  -0.25      0.14      0.67    
  -0.24      0.089     0.63    
  -0.18      0.064     0.52    
  -0.21      0.014     0.34    
  -0.28     -0.059     0.054   
  -0.28     -0.063     0.037   
  -0.25      0.2       0.77    
  -0.25      0.19      0.81    
  -0.25      0.19      0.81    
  -0.23      0.3       1.1     
  -0.23      0.34      1.1     
  -0.24      0.4       0.98    
  -0.24      0.45      0.91    
  -0.14      0.46      0.9     
  -0.099     0.47      0.9     
  -0.053     0.47      0.9     
  -0.21      0.097     1.1     
  -0.2       0.058     1.1     
  -0.14      0.022     0.98    
  -0.08      0.0085    0.93    
   0.0088    0.017     0.88    
   0.043     0.024     0.87    
   0.084     0.031     0.85    
   1.8       0        -2.4e+02 

XAXIS
   0         0         1       
  -0.14      0.99      0.057   
   0.9       0.11      0.42    
  -0.43      0.0046    0.91    
  -0.15      0.99     -0.074   
  -0.15      0.99     -0.074   
   0.99      0.15      0.0044  
  -0.14      0.99      0.057   
   0.96      0.13      0.25    
  -0.27      0.22      0.94    
  -0.037     0.97     -0.24    
  -0.037     0.97     -0.24    
   1         0.038     0.0019  
   0.1      -0.043     0.99    
   0.99      0.1      -0.096   
  -0.1       0.99      0.0059  
  -0.069     0.96      0.28    
   1         0.086    -0.047   
   0.088    -0.57      0.81    
  -0.041     0.81      0.58    
   1         0.082    -0.044   
  -0.084     0.99     -0.058   
   0.024     0.06      1       
  -0.12      0.96     -0.27    
   0.81      0.25      0.53    
  -0.58      0.29      0.76    
  -0.39      0.72     -0.58    
   0.9       0.17     -0.4     
  -0.091     0.97      0.2     
   0.44     -0.14      0.89    
   0         0         1       

GEOM_XPOS
   0         0         0       
  -0.26      0.2       0.69    
  -0.26      0.2       0.69    
  -0.26      0.2       0.69    
  -0.27      0.31      0.65    
  -0.27      0.31      0.65    
  -0.21      0.32      0.6     
  -0.21      0.32      0.6     
  -0.18      0.31      0.45    
  -0.18      0.31      0.45    
  -0.17      0.31      0.23    
  -0.17      0.31      0.23    
  -0.18      0.29      0.043   
  -0.18      0.29      0.043   
  -0.15      0.29      0.02    
  -0.23      0.31      0.004   
  -0.22      0.26      0.0038  
  -0.063     0.34      0.0047  
  -0.054     0.28      0.0046  
  -0.24      0.093     0.64    
  -0.24      0.093     0.64    
  -0.19      0.078     0.58    
  -0.19      0.078     0.58    
  -0.19      0.043     0.43    
  -0.19      0.043     0.43    
  -0.23     -0.018     0.22    
  -0.23     -0.018     0.22    
  -0.28     -0.061     0.045   
  -0.28     -0.061     0.045   
  -0.25     -0.063     0.023   
  -0.33     -0.043     0.0045  
  -0.33     -0.092     0.0091  
  -0.16     -0.031     0.0043  
  -0.16     -0.091     0.0099  
  -0.24      0.2       0.79    
  -0.25      0.19      0.81    
  -0.23      0.2       0.96    
  -0.23      0.2       0.96    
  -0.22      0.2       1       
  -0.22      0.2       1       
  -0.2       0.2       1.2     
  -0.2       0.2       1.2     
  -0.23      0.33      1.1     
  -0.23      0.34      1.1     
  -0.24      0.36      1       
  -0.24      0.37      1       
  -0.24      0.43      0.94    
  -0.24      0.43      0.94    
  -0.18      0.46      0.91    
  -0.18      0.46      0.91    
  -0.12      0.47      0.9     
  -0.12      0.47      0.9     
  -0.076     0.47      0.9     
  -0.076     0.47      0.9     
  -0.033     0.48      0.9     
  -0.033     0.48      0.9     
   0.052     0.49      0.9     
  -0.2       0.062     1.1     
  -0.2       0.057     1.1     
  -0.18      0.04      1       
  -0.17      0.036     1       
  -0.11      0.016     0.95    
  -0.11      0.016     0.95    
  -0.03      0.0056    0.9     
  -0.03      0.0056    0.9     
   0.026     0.02      0.87    
   0.026     0.02      0.87    
   0.063     0.028     0.86    
   0.063     0.028     0.86    
   0.17      0.027     0.8     
   0.27     -0.00016   0.85    
   0.27     -0.00016   0.85    
   1.4       0         0.73    
   1.4       0         0.76    
   1.4       0         0.84    
   0.18      0.62      0.36    
   0.18     -0.62      0.36    
   2.6       0.62      0.36    
   2.6      -0.62      0.36    
   1.8       0        -2.4e+02 

GEOM_XMAT
   1         0         0         0         1         0         0         0         1       
   0.98     -0.14      0.1       0.15      0.99     -0.043    -0.093     0.057     0.99    
  -0.14      0.077     0.99      0.99     -0.044     0.15      0.055     1        -0.07    
  -0.14      0.077     0.99      0.99     -0.044     0.15      0.055     1        -0.07    
   0.9      -0.41     -0.15      0.21      0.71     -0.67      0.38      0.58      0.72    
   0.9      -0.41     -0.15      0.21      0.71     -0.67      0.38      0.58      0.72    
   0.99     -0.08     -0.088     0.084     1         0.046     0.084    -0.053     1       
   0.99     -0.08     -0.088     0.084     1         0.046     0.084    -0.053     1       
  -0.2      -0.98      0.013     0.97     -0.19      0.12     -0.11      0.036     0.99    
  -0.2      -0.98      0.013     0.97     -0.19      0.12     -0.11      0.036     0.99    
   0.006    -1        -0.017     0.99      0.0037    0.13     -0.13     -0.018     0.99    
   0.006    -1        -0.017     0.99      0.0037    0.13     -0.13     -0.018     0.99    
  -0.15     -0.83      0.54      0.99     -0.083     0.14     -0.074     0.55      0.83    
  -0.15     -0.83      0.54      0.99     -0.083     0.14     -0.074     0.55      0.83    
   0.077     0.15      0.99      0.0064   -0.99      0.15      1        -0.005    -0.077   
   0.99     -0.15     -0.0039    0.15      0.99     -0.0038    0.0044    0.0032    1       
   0.99     -0.15     -0.0039    0.15      0.99     -0.0038    0.0044    0.0032    1       
   0.99     -0.15     -0.0039    0.15      0.99     -0.0038    0.0044    0.0032    1       
   0.99     -0.15     -0.0039    0.15      0.99     -0.0038    0.0044    0.0032    1       
   0.98      0.074    -0.18      0.036     0.84      0.54      0.19     -0.53      0.82    
   0.98      0.074    -0.18      0.036     0.84      0.54      0.19     -0.53      0.82    
   0.99     -0.077     0.079     0.055     0.97      0.25     -0.096    -0.24      0.97    
   0.99     -0.077     0.079     0.055     0.97      0.25     -0.096    -0.24      0.97    
   0.018    -0.98      0.19      0.98      0.058     0.2      -0.21      0.18      0.96    
   0.018    -0.98      0.19      0.98      0.058     0.2      -0.21      0.18      0.96    
  -0.17     -0.95      0.26      0.98     -0.12      0.19     -0.14      0.29      0.95    
  -0.17     -0.95      0.26      0.98     -0.12      0.19     -0.14      0.29      0.95    
  -0.037    -0.84      0.55      0.97      0.1       0.22     -0.24      0.54      0.81    
  -0.037    -0.84      0.55      0.97      0.1       0.22     -0.24      0.54      0.81    
   0.076     0.038     1         0.096    -0.99      0.031     0.99      0.094    -0.079   
   1        -0.038    -0.0054    0.038     1         0.092     0.0019   -0.092     1       
   1        -0.038    -0.0054    0.038     1         0.092     0.0019   -0.092     1       
   1        -0.038    -0.0054    0.038     1         0.092     0.0019   -0.092     1       
   1        -0.038    -0.0054    0.038     1         0.092     0.0019   -0.092     1       
  -0.018     0.094     1        -0.054    -0.99      0.093     1        -0.052     0.023   
  -0.1       0.096     0.99      0.99      0.0038    0.1       0.0059    1        -0.096   
   0.99     -0.1       0.11      0.1       0.99      0.00089  -0.1       0.01      0.99    
   0.99     -0.1       0.11      0.1       0.99      0.00089  -0.1       0.01      0.99    
   0.1       0.031     0.99      0.0043   -1         0.03      1         0.0012   -0.1     
   0.1       0.031     0.99      0.0043   -1         0.03      1         0.0012   -0.1     
   0.98     -0.1       0.14      0.1       0.99      0.0082   -0.14      0.0059    0.99    
   0.98     -0.1       0.14      0.1       0.99      0.0082   -0.14      0.0059    0.99    
   0.036    -1         0.088     0.65     -0.044    -0.76      0.76      0.085     0.64    
  -0.069    -0.069     1         0.28      0.96      0.086    -0.96      0.28     -0.047   
  -0.035    -0.99      0.095     0.77     -0.088    -0.64      0.64      0.05      0.76    
   1        -0.043     0.088     0.086     0.81     -0.57     -0.047     0.58      0.81    
  -0.15     -0.97     -0.17      0.87     -0.051    -0.49      0.47     -0.22      0.86    
  -0.15     -0.97     -0.17      0.87     -0.051    -0.49      0.47     -0.22      0.86    
   0.29      0.17      0.94      0.76     -0.64     -0.12      0.58      0.75     -0.32    
   0.29      0.17      0.94      0.76     -0.64     -0.12      0.58      0.75     -0.32    
   0.039    -1         0.052     0.062    -0.049    -1         1         0.042     0.06    
   0.039    -1         0.052     0.062    -0.049    -1         1         0.042     0.06    
   0.1       0.045     0.99     -0.64     -0.76      0.1       0.76     -0.64     -0.051   
   0.1       0.045     0.99     -0.64     -0.76      0.1       0.76     -0.64     -0.051   
  -0.28     -0.96     -0.013     0.96     -0.28      0.051    -0.053     0.0015    1       
  -0.28     -0.96     -0.013     0.96     -0.28      0.051    -0.053     0.0015    1       
   0.083     0.055     1         1         0.015    -0.084    -0.02      1        -0.053   
   0.17     -0.82     -0.55      0.69     -0.3       0.66     -0.7      -0.49      0.52    
   0.57     -0.12      0.81     -0.15      0.96      0.25     -0.81     -0.27      0.53    
   0.0082   -0.81     -0.58      0.9      -0.25      0.37     -0.44     -0.52      0.73    
   0.81     -0.038    -0.58      0.25      0.92      0.29      0.53     -0.38      0.76    
  -0.39     -0.6      -0.7       0.81     -0.58      0.052    -0.44     -0.54      0.72    
  -0.39     -0.6      -0.7       0.81     -0.58      0.052    -0.44     -0.54      0.72    
  -0.67      0.23      0.7       0.58      0.75      0.31     -0.45      0.62     -0.64    
  -0.67      0.23      0.7       0.58      0.75      0.31     -0.45      0.62     -0.64    
   0.42     -0.9       0.12     -0.15     -0.2      -0.97      0.89      0.39     -0.22    
   0.42     -0.9       0.12     -0.15     -0.2      -0.97      0.89      0.39     -0.22    
   0.27      0.37      0.89      0.59     -0.79      0.15      0.76      0.48     -0.44    
   0.27      0.37      0.89      0.59     -0.79      0.15      0.76      0.48     -0.44    
   0.11     -0.49      0.86     -0.99     -0.014     0.12     -0.046    -0.87     -0.49    
  -0.38      0.55      0.75     -0.92     -0.14     -0.36     -0.091    -0.82      0.56    
  -0.38      0.55      0.75     -0.92     -0.14     -0.36     -0.091    -0.82      0.56    
   1         0         0         0         1         0         0         0         1       
   1         0         0         0         1         0         0         0         1       
   1         0         0         0         1         0         0         0         1       
   1         0         0         0         1         0         0         0         1       
   1         0         0         0         1         0         0         0         1       
   1         0         0         0         1         0         0         0         1       
   1         0         0         0         1         0         0         0         1       
   1         0         0         0         1         0         0         0         1       

SITE_XPOS
  -0.21      0.21      0.68    
  -0.27      0.19      0.97    

SITE_XMAT
   0.98     -0.14      0.1       0.15      0.99     -0.043    -0.093     0.057     0.99    
   0.99     -0.1       0.096     0.1       0.99      0.0037   -0.096     0.0059    1       

LIGHT_XPOS
   1         0         3.5     

LIGHT_XDIR
   0         0        -1       

SUBTREE_COM
   1.2       0.025     0.72    
  -0.2       0.19      0.69    
  -0.2       0.31      0.4     
  -0.18      0.31      0.34    
  -0.18      0.3       0.26    
  -0.17      0.3       0.18    
  -0.15      0.29      0.023   
  -0.15      0.29      0.018   
  -0.22      0.03      0.39    
  -0.21      0.016     0.33    
  -0.22     -0.0046    0.25    
  -0.24     -0.03      0.17    
  -0.26     -0.063     0.025   
  -0.25     -0.063     0.02    
  -0.18      0.21      0.97    
  -0.18      0.21      0.98    
  -0.18      0.21      0.98    
  -0.18      0.42      0.96    
  -0.17      0.44      0.93    
  -0.15      0.46      0.91    
  -0.1       0.47      0.9     
  -0.052     0.47      0.9     
  -0.044     0.47      0.9     
   0.017     0.48      0.9     
  -0.068     0.027     0.95    
  -0.035     0.019     0.92    
   0.0031    0.015     0.89    
   0.051     0.017     0.87    
   0.1       0.022     0.86    
   0.11      0.022     0.85    
   0.2       0.011     0.85    
   0.25      0.0029    0.85    
   1.4       0         0.73    
   1.8       0        -2.4e+02 

CDOF
   0         0         0         1         0         0       
   0         0         0         0         1         0       
   0         0         0         0         0         1       
   0.98      0.15     -0.093    -0.012     0.074    -0.013   
  -0.14      0.99      0.057    -0.078    -0.0088   -0.046   
   0.1      -0.043     0.99      0.0099    0.055     0.0014  
  -0.14      0.99      0.057     0.023     0.0065   -0.055   
   0.9       0.11      0.42      0.059    -0.012    -0.12    
  -0.43      0.0046    0.91      0.12      0.055     0.056   
  -0.15      0.99     -0.074     0.33      0.051     0.031   
  -0.15      0.99     -0.074     0.62      0.096     0.038   
   0.99      0.15      0.0044    0.098    -0.65     -0.092   
  -0.14      0.99      0.057     0.023     0.0065   -0.055   
   0.96      0.13      0.25     -0.018    -0.048     0.093   
  -0.27      0.22      0.94     -0.081     0.028    -0.03    
  -0.037     0.97     -0.24      0.39      0.011    -0.015   
  -0.037     0.97     -0.24      0.68      0.0044   -0.085   
   1         0.038     0.0019    0.025    -0.65      0.25    
   0.1      -0.043     0.99      0.0099    0.055     0.0014  
   0.99      0.1      -0.096    -0.013     0.12     -0.0089  
  -0.1       0.99      0.0059   -0.12     -0.012    -0.046   
  -0.069     0.96      0.28     -0.33     -0.017    -0.021   
   1         0.086    -0.047    -0.038     0.36     -0.15    
   0.088    -0.57      0.81      0.34      0.06      0.0057  
  -0.041     0.81      0.58     -0.031     0.01     -0.017   
   1         0.082    -0.044    -0.029     0.21     -0.27    
  -0.084     0.99     -0.058    -0.22     -0.012     0.13    
   0.024     0.06      1         0.27     -0.14      0.0021  
  -0.12      0.96     -0.27     -0.33     -0.048    -0.02    
   0.81      0.25      0.53     -0.16      0.3       0.11    
  -0.58      0.29      0.76     -0.21     -0.22     -0.079   
  -0.39      0.72     -0.58     -0.065    -0.022     0.017   
   0.9       0.17     -0.4       0.037     0.26      0.19    
  -0.091     0.97      0.2      -0.2      -0.066     0.22    
   0.44     -0.14      0.89     -0.12     -0.19      0.028   
   0         0         0         1         0         0       
   0         0         0         0         1         0       
   0         0         0         0         0         1       
   1         0         0         0         0         0       
   0         1         0         0         0         0       
   0         0         1         0         0         0       

CINERT
   0         0         0         0         0         0         0         0         0         0       
   0.011     0.021     0.02      0.0022    0.00057  -0.0001   -0.21      0.037     0.015     3.8     
   0.025     0.0093    0.028     0.011    -0.0035    0.007    -0.088     0.17     -0.055     1.4     
   0.048     0.022     0.027     0.00053  -0.00042   0.022    -0.004     0.2      -0.17      1.5     
   0.19      0.17      0.023    -0.0045    0.011     0.056     0.038     0.19     -0.52      1.7     
   0.45      0.42      0.028    -0.0049    0.02      0.1       0.044     0.22     -0.89      1.9     
   0.03      0.029     0.00074  -0.00012   0.00077   0.0046    0.0012    0.0072   -0.047     0.074   
   0.28      0.28      0.0094   -0.0033    0.021     0.041     0.031     0.061    -0.41      0.61    
   0.019     0.0073    0.016    -0.0049   -0.0027   -0.0074   -0.05     -0.13     -0.074     1.4     
   0.051     0.03      0.023     0.0024    0.0026   -0.024     0.02     -0.18     -0.2       1.5     
   0.23      0.19      0.043     0.00086   0.00049  -0.087     0.0058   -0.26     -0.56      1.7     
   0.52      0.44      0.089    -0.013    -0.031    -0.19     -0.061    -0.41     -0.91      1.9     
   0.034     0.03      0.0051   -0.0016   -0.004    -0.011    -0.0064   -0.018    -0.046     0.074   
   0.31      0.28      0.043    -0.0081   -0.021    -0.1      -0.032    -0.15     -0.41      0.61    
   0.0021    0.0025    0.00055   6e-05     0.00087  -0.00014  -0.009     0.0014    0.021     0.21    
   0.0013    0.0015    0.0002    1.7e-05   0.0005   -4.6e-05  -0.004     0.00037   0.011     0.086   
   0.86      0.85      0.035     0.0023    0.053    -0.014    -0.21      0.043     2.4       7.8     
   0.11      0.099     0.016     0.0033    0.0086   -0.038    -0.023     0.1       0.27      0.72    
   0.089     0.068     0.024     0.0047    0.008    -0.039    -0.025     0.12      0.21      0.64    
   0.085     0.04      0.047     0.0069    0.0064   -0.041    -0.028     0.18      0.17      0.73    
   0.072     0.028     0.045    -0.0049   -0.0038   -0.035     0.018     0.16      0.13      0.6     
   0.01      0.0043    0.0071   -0.0019   -0.0015   -0.0049    0.007     0.023     0.018     0.085   
   0.058     0.029     0.045    -0.017    -0.013    -0.028     0.061     0.13      0.1       0.48    
   0.033     0.024     0.035    -0.016    -0.011    -0.015     0.056     0.075     0.052     0.25    
   0.11      0.099     0.013     0.00018  -0.00046   0.035     0.0013   -0.093     0.27      0.72    
   0.084     0.069     0.018     0.0041   -0.0082    0.033     0.026    -0.1       0.21      0.64    
   0.067     0.052     0.034     0.015    -0.019     0.032     0.082    -0.13      0.18      0.73    
   0.045     0.045     0.039     0.02     -0.022     0.022     0.11     -0.11      0.12      0.6     
   0.0054    0.0073    0.0069    0.0033   -0.0035    0.0027    0.019    -0.015     0.016     0.085   
   0.026     0.047     0.047     0.021    -0.021     0.013     0.13     -0.078     0.08      0.48    
   0.0041    0.0098    0.01      0.0042   -0.0038    0.002     0.026    -0.014     0.012     0.085   
   0.011     0.041     0.043     0.015    -0.013     0.0054    0.081    -0.034     0.029     0.18    
   46        1.4e+02   1.9e+02   0         0         0        -4.9e-14   0         0         2.2e+02 
   4.3e-07   4.3e-07   4.3e-07   0         0         0         0         0         0         0.0027  

ACTUATOR_LENGTH
  -0.36    
  -0.12    
   0.058   
   0.23    
   0.02    
   0.077   
  -0.17    
  -0.32    
  -0.027   
   0.33    
  -0.25    
   0.15    
  -0.05    
  -0.047   
  -0.00047 
  -0.05    
   0.61    
  -0.0011  
  -0.0053  
  -0.68    
  -0.014   
   0.098   
  -0.68    
  -0.43    
   0.45    
   0.89    
   0.9     
   0.015   
  -0.3     

actuator_moment
-------------------------------------------
       x                                   |
        x                                  |
         x                                 |
          x                                |
           x                               |
            x                              |
             x                             |
              x                            |
               x                           |
                x                          |
                 x                         |
                  x                        |
                   x                       |
                    x                      |
                     x                     |
                      x                    |
                       x                   |
                        x                  |
                         x                 |
                          x                |
                           x               |
                            x              |
                             x             |
                              x            |
                               x           |
                                x          |
                                 x         |
                                  x        |
                                   x       |
-------------------------------------------

ACTUATOR_MOMENT
     6:  1       
     7:  1       
     8:  1       
     9:  1       
    10:  1       
    11:  1       
    12:  1       
    13:  1       
    14:  1       
    15:  1       
    16:  1       
    17:  1       
    18:  1       
    19:  1       
    20:  1       
    21:  1       
    22:  1       
    23:  1       
    24:  1       
    25:  1       
    26:  1       
    27:  1       
    28:  1       
    29:  1       
    30:  1       
    31:  1       
    32:  1       
    33:  1       
    34:  1       

CRB
   0         0         0         0         0         0         0         0         0         0       
   3.9       3.4       0.82      0.036    -0.049    -0.26     -5.1e-16  -2.2e-16   0         33      
   1         0.93      0.12     -0.0014    0.05      0.23      0.022     0.85     -2.1       7.2     
   1         0.92      0.089    -0.012     0.053     0.23      0.11      0.68     -2         5.8     
   0.95      0.9       0.062    -0.013     0.053     0.2       0.11      0.48     -1.9       4.3     
   0.76      0.73      0.039    -0.0084    0.042     0.15      0.075     0.29     -1.3       2.6     
   0.31      0.31      0.01     -0.0034    0.022     0.046     0.032     0.069    -0.46      0.68    
   0.28      0.28      0.0094   -0.0033    0.021     0.041     0.031     0.061    -0.41      0.61    
   1.2       0.97      0.22     -0.024    -0.055    -0.43     -0.12     -1.2      -2.2       7.2     
   1.1       0.97      0.2      -0.02     -0.053    -0.42     -0.072    -1        -2.1       5.8     
   1.1       0.94      0.18     -0.022    -0.055    -0.39     -0.093    -0.84     -1.9       4.3     
   0.87      0.74      0.14     -0.023    -0.056    -0.31     -0.099    -0.58     -1.4       2.6     
   0.35      0.31      0.048    -0.0096   -0.025    -0.12     -0.038    -0.17     -0.45      0.68    
   0.31      0.28      0.043    -0.0081   -0.021    -0.1      -0.032    -0.15     -0.41      0.61    
   1.7       1.5       0.47      0.059    -0.043    -0.07      0.31      0.27      4.3       15      
   1.7       1.5       0.47      0.059    -0.044    -0.07      0.32      0.27      4.3       15      
   1.7       1.5       0.47      0.059    -0.045    -0.07      0.32      0.27      4.2       15      
   0.46      0.29      0.22     -0.025    -0.0062   -0.2       0.065     0.8       0.94      3.5     
   0.35      0.19      0.2      -0.028    -0.015    -0.16      0.089     0.7       0.67      2.8     
   0.26      0.12      0.18     -0.033    -0.023    -0.12      0.11      0.58      0.46      2.2     
   0.17      0.085     0.13     -0.04     -0.029    -0.083     0.14      0.4       0.3       1.4     
   0.1       0.057     0.087    -0.035    -0.025    -0.048     0.12      0.23      0.17      0.82    
   0.091     0.052     0.08     -0.033    -0.024    -0.043     0.12      0.21      0.15      0.74    
   0.033     0.024     0.035    -0.016    -0.011    -0.015     0.056     0.075     0.052     0.25    
   0.35      0.37      0.21      0.082    -0.091     0.14      0.47     -0.58      0.91      3.5     
   0.24      0.27      0.2       0.082    -0.091     0.11      0.47     -0.48      0.64      2.8     
   0.16      0.2       0.18      0.078    -0.083     0.077     0.44     -0.38      0.44      2.2     
   0.092     0.15      0.15      0.063    -0.063     0.045     0.36     -0.25      0.26      1.4     
   0.047     0.11      0.11      0.043    -0.041     0.023     0.25     -0.14      0.14      0.83    
   0.041     0.098     0.1       0.04     -0.038     0.02      0.23     -0.13      0.12      0.75    
   0.015     0.051     0.053     0.019    -0.017     0.0075    0.11     -0.048     0.041     0.26    
   0.011     0.041     0.043     0.015    -0.013     0.0054    0.081    -0.034     0.029     0.18    
   46        1.4e+02   1.9e+02   0         0         0        -4.9e-14   0         0         2.2e+02 
   4.3e-07   4.3e-07   4.3e-07   0         0         0         0         0         0         0.0027  

QM
   33      
   0         33      
   0         0         33      
  -0.42      2.5      -0.45      4.1     
  -2.6      -0.29     -1.5       0.037     3.7     
   0.33      1.8       0.045     0.33     -0.45      0.98    
  -2        -0.25     -0.54     -0.051     1.1       0.12      0.91    
  -0.16      1.8      -0.12      0.94     -0.036     0.24     -0.023     0.76    
   0.072    -0.45      0.036    -0.26     -0.0066   -0.062    -0.0066   -0.21      0.076   
  -0.45     -0.07     -0.037    -0.0079    0.31      0.02      0.27     -0.015     0.0013    0.13    
  -0.019    -0.0041   -0.016    -0.0022    0.018     5.3e-05   0.016    -0.00095   8.2e-05   0.0088    0.013   
  -0.0015    0.0099    3.2e-05   0.0076    9.4e-05   0.0019    9.5e-05   0.0064   -0.0019   -3.2e-05  -2.7e-05   0.01    
  -1.9      -0.28     -0.11      0.056     1        -0.46                                                                  0.84    
  -0.12      1.7      -0.43      1        -0.076     0.12                                                                 -0.057     0.74    
   0.012    -0.48      0.12     -0.31      0.037    -0.029                                                                 0.029    -0.22      0.088   
  -0.45      0.0025    0.078     0.038     0.29     -0.12                                                                  0.25      0.0065   -0.00059   0.12    
  -0.02     -0.0045   -0.015     0.0034    0.016    -0.0061                                                                0.014     0.00035   8.8e-06   0.0074    0.013   
  -0.00038   0.0099   -0.00092   0.0078   -0.00085   0.00073                                                              -0.00073   0.0062   -0.002     5.7e-05  -5.4e-05   0.01    
  -0.3       0.71      0.061    -0.11     -0.028     0.5                                                                                                                               0.51    
   0.26     -2.5       0.1       0.99     -0.01     -0.078                                                                                                                            -0.078     0.89    
   2.4       0.25     -1         0.085     0.85     -0.047                                                                                                                            -0.047     0.042     0.76    
  -0.47      0.022    -0.19     -0.071    -0.016     0.12                                                                                                                              0.12     -0.067    -0.0048    0.13    
  -0.017     0.35      0.28      0.014    -0.029     0.041                                                                                                                             0.041     0.031    -0.031    -0.016     0.091   
  -0.013     0.18      0.13      0.005    -0.024     0.038                                                                                                                             0.038     0.014    -0.026    -0.013     0.043     0.051   
  -0.031     0.11     -0.16     -0.055     0.035     0.022                                                                                                                             0.022    -0.052     0.032     0.038    -0.002     1.8e-05   0.044   
   9e-05    -0.00038   0.0013    0.00075  -0.00051  -7.5e-05                                                                                                                          -7.5e-05   0.00076  -0.00047  -0.00046   0.00048   0.00014  -0.00041   0.01    
  -0.0011   -0.0025   -0.041    -0.0095    0.012    -0.0019                                                                                                                           -0.0019   -0.01      0.012     0.01     -0.0054   -0.0069    0.0081   -0.00022   0.015   
  -0.0033    0.018    -0.00099  -0.0031    0.0006    0.0059                                                                                                                            0.0059   -0.0023    0.00024   0.0022    0.0025    0.0042    0.0032   -7.1e-05   5.4e-07   0.012   
  -0.44     -0.18     -0.45      0.12      0.05     -0.12                                                                                                                             -0.12      0.11      0.082                                                                           0.21    
  -0.041     0.56     -0.21     -0.034     0.062     0.14                                                                                                                              0.14     -0.013     0.053                                                                           0.0034    0.17    
  -0.046     0.12     -0.08      0.0029    0.024     0.033                                                                                                                             0.033     0.0069    0.024                                                                           0.018     0.047     0.031   
  -0.05     -0.14     -0.14      0.049     0.036    -0.056                                                                                                                            -0.056     0.041     0.044                                                                           0.067    -0.028    -0.0041    0.05    
  -0.002    -0.012    -0.0094    0.0044    0.0038   -0.0063                                                                                                                           -0.0063    0.0037    0.0044                                                                          0.0064   -0.003    -0.0019    0.005     0.012   
  -0.0094    0.0096   -0.05      0.011     0.021     0.0027                                                                                                                            0.0027    0.011     0.022                                                                           0.02      0.011     0.007     0.009     0.0015    0.019   
   0.0048    0.027     0.0021   -0.0039    0.00053   0.014                                                                                                                             0.014    -0.0028   -0.00065                                                                        -0.006     0.011     0.0054   -0.0067   -0.0019    0.0006    0.014   
                                                                                                                                                                                                                                                                                                                                                                 0.0027  
                                                                                                                                                                                                                                                                                                                                                                 0         0.0027  
                                                                                                                                                                                                                                                                                                                                                                 0         0         0.0027  
                                                                                                                                                                                                                                                                                                                                                                 0         0         0         4.3e-07 
                                                                                                                                                                                                                                                                                                                                                                 0         0         0         0         4.3e-07 
                                                                                                                                                                                                                                                                                                                                                                 0         0         0         0         0         4.3e-07 

M
     0:  33      
     0:  0          1:  33      
     0:  0          1:  0          2:  33      
     0: -0.42       1:  2.5        2: -0.45       3:  4.1     
     0: -2.6        1: -0.29       2: -1.5        3:  0.037      4:  3.7     
     0:  0.33       1:  1.8        2:  0.045      3:  0.33       4: -0.45       5:  0.98    
     0: -2          1: -0.25       2: -0.54       3: -0.051      4:  1.1        5:  0.12       6:  0.91    
     0: -0.16       1:  1.8        2: -0.12       3:  0.94       4: -0.036      5:  0.24       6: -0.023      7:  0.76    
     0:  0.072      1: -0.45       2:  0.036      3: -0.26       4: -0.0066     5: -0.062      6: -0.0066     7: -0.21       8:  0.076   
     0: -0.45       1: -0.07       2: -0.037      3: -0.0079     4:  0.31       5:  0.02       6:  0.27       7: -0.015      8:  0.0013     9:  0.13    
     0: -0.019      1: -0.0041     2: -0.016      3: -0.0022     4:  0.018      5:  5.3e-05    6:  0.016      7: -0.00095    8:  8.2e-05    9:  0.0088    10:  0.013   
     0: -0.0015     1:  0.0099     2:  3.2e-05    3:  0.0076     4:  9.4e-05    5:  0.0019     6:  9.5e-05    7:  0.0064     8: -0.0019     9: -3.2e-05   10: -2.7e-05   11:  0.01    
     0: -1.9        1: -0.28       2: -0.11       3:  0.056      4:  1          5: -0.46      12:  0.84    
     0: -0.12       1:  1.7        2: -0.43       3:  1          4: -0.076      5:  0.12      12: -0.057     13:  0.74    
     0:  0.012      1: -0.48       2:  0.12       3: -0.31       4:  0.037      5: -0.029     12:  0.029     13: -0.22      14:  0.088   
     0: -0.45       1:  0.0025     2:  0.078      3:  0.038      4:  0.29       5: -0.12      12:  0.25      13:  0.0065    14: -0.00059   15:  0.12    
     0: -0.02       1: -0.0045     2: -0.015      3:  0.0034     4:  0.016      5: -0.0061    12:  0.014     13:  0.00035   14:  8.8e-06   15:  0.0074    16:  0.013   
     0: -0.00038    1:  0.0099     2: -0.00092    3:  0.0078     4: -0.00085    5:  0.00073   12: -0.00073   13:  0.0062    14: -0.002     15:  5.7e-05   16: -5.4e-05   17:  0.01    
     0: -0.3        1:  0.71       2:  0.061      3: -0.11       4: -0.028      5:  0.5       18:  0.51    
     0:  0.26       1: -2.5        2:  0.1        3:  0.99       4: -0.01       5: -0.078     18: -0.078     19:  0.89    
     0:  2.4        1:  0.25       2: -1          3:  0.085      4:  0.85       5: -0.047     18: -0.047     19:  0.042     20:  0.76    
     0: -0.47       1:  0.022      2: -0.19       3: -0.071      4: -0.016      5:  0.12      18:  0.12      19: -0.067     20: -0.0048    21:  0.13    
     0: -0.017      1:  0.35       2:  0.28       3:  0.014      4: -0.029      5:  0.041     18:  0.041     19:  0.031     20: -0.031     21: -0.016     22:  0.091   
     0: -0.013      1:  0.18       2:  0.13       3:  0.005      4: -0.024      5:  0.038     18:  0.038     19:  0.014     20: -0.026     21: -0.013     22:  0.043     23:  0.051   
     0: -0.031      1:  0.11       2: -0.16       3: -0.055      4:  0.035      5:  0.022     18:  0.022     19: -0.052     20:  0.032     21:  0.038     22: -0.002     23:  1.8e-05   24:  0.044   
     0:  9e-05      1: -0.00038    2:  0.0013     3:  0.00075    4: -0.00051    5: -7.5e-05   18: -7.5e-05   19:  0.00076   20: -0.00047   21: -0.00046   22:  0.00048   23:  0.00014   24: -0.00041   25:  0.01    
     0: -0.0011     1: -0.0025     2: -0.041      3: -0.0095     4:  0.012      5: -0.0019    18: -0.0019    19: -0.01      20:  0.012     21:  0.01      22: -0.0054    23: -0.0069    24:  0.0081    25: -0.00022   26:  0.015   
     0: -0.0033     1:  0.018      2: -0.00099    3: -0.0031     4:  0.0006     5:  0.0059    18:  0.0059    19: -0.0023    20:  0.00024   21:  0.0022    22:  0.0025    23:  0.0042    24:  0.0032    25: -7.1e-05   26:  5.4e-07   27:  0.012   
     0: -0.44       1: -0.18       2: -0.45       3:  0.12       4:  0.05       5: -0.12      18: -0.12      19:  0.11      20:  0.082     28:  0.21    
     0: -0.041      1:  0.56       2: -0.21       3: -0.034      4:  0.062      5:  0.14      18:  0.14      19: -0.013     20:  0.053     28:  0.0034    29:  0.17    
     0: -0.046      1:  0.12       2: -0.08       3:  0.0029     4:  0.024      5:  0.033     18:  0.033     19:  0.0069    20:  0.024     28:  0.018     29:  0.047     30:  0.031   
     0: -0.05       1: -0.14       2: -0.14       3:  0.049      4:  0.036      5: -0.056     18: -0.056     19:  0.041     20:  0.044     28:  0.067     29: -0.028     30: -0.0041    31:  0.05    
     0: -0.002      1: -0.012      2: -0.0094     3:  0.0044     4:  0.0038     5: -0.0063    18: -0.0063    19:  0.0037    20:  0.0044    28:  0.0064    29: -0.003     30: -0.0019    31:  0.005     32:  0.012   
     0: -0.0094     1:  0.0096     2: -0.05       3:  0.011      4:  0.021      5:  0.0027    18:  0.0027    19:  0.011     20:  0.022     28:  0.02      29:  0.011     30:  0.007     31:  0.009     32:  0.0015    33:  0.019   
     0:  0.0048     1:  0.027      2:  0.0021     3: -0.0039     4:  0.00053    5:  0.014     18:  0.014     19: -0.0028    20: -0.00065   28: -0.006     29:  0.011     30:  0.0054    31: -0.0067    32: -0.0019    33:  0.0006    34:  0.014   
    35:  0.0027  
    36:  0.0027  
    37:  0.0027  
    38:  4.3e-07 
    39:  4.3e-07 
    40:  4.3e-07 

QLD
     0:  8.4     
     0: -0.032      1:  12      
     0:  0.025      1:  0.031      2:  28      
     0: -0.44       1:  2.1        2:  0.56       3:  0.3     
     0: -4.7        1: -0.52       2:  2.5        3:  0.1        4:  0.15    
     0: -0.62       1:  1.5        2:  0.78       3:  0.51       4:  0.019      5:  0.12    
     0: -2.9        1: -0.31       2: -1.4        3: -0.13       4:  1.3        5:  0.22       6:  0.34    
     0: -0.007      1:  3          2: -0.13       3:  1.2        4: -0.14       5:  0.41       6: -0.096      7:  0.19    
     0:  1          1: -5.9        2:  0.48       3: -3.4        4: -0.13       5: -0.81       6: -0.12       7: -2.7        8:  0.076   
     0: -3.7        1: -0.56       2: -0.22       3: -0.053      4:  2.5        5:  0.17       6:  2.1        7: -0.12       8:  0.011      9:  0.12    
     0: -1.5        1: -0.32       2: -1.2        3: -0.17       4:  1.4        5:  0.0045     6:  1.3        7: -0.073      8:  0.006      9:  0.69      10:  0.013   
     0: -0.14       1:  0.95       2:  0.0031     3:  0.73       4:  0.009      5:  0.18       6:  0.0091     7:  0.62       8: -0.18       9: -0.0031    10: -0.0026    11:  0.01    
     0: -3.2        1: -0.42       2: -0.93       3:  0.23       4:  1.3        5: -0.61      12:  0.33    
     0: -0.42       1:  3.1        2: -0.76       3:  1.4        4:  0.032      5:  0.27      12:  0.044     13:  0.17    
     0:  0.11       1: -5.5        2:  1.4        3: -3.5        4:  0.43       5: -0.34      12:  0.35      13: -2.5       14:  0.088   
     0: -3.7        1:  0.042      2:  0.73       3:  0.3        4:  2.4        5: -1         12:  2         13:  0.052     14: -0.0049    15:  0.12    
     0: -1.5        1: -0.35       2: -1.2        3:  0.27       4:  1.2        5: -0.48      12:  1.1       13:  0.03      14: -0.00013   15:  0.58      16:  0.013   
     0: -0.036      1:  0.96       2: -0.088      3:  0.76       4: -0.082      5:  0.07      12: -0.07      13:  0.6       14: -0.19      15:  0.0055    16: -0.0052    17:  0.01    
     0: -0.17       1:  0.34       2: -0.52       3: -0.009      4:  0.038      5:  0.93      18:  0.14    
     0:  0.32       1: -3.1        2:  0.14       3:  1.1        4: -0.053      5:  0.047     18:  0.047     19:  0.74    
     0:  3.7        1:  0.29       2: -0.93       3:  0.12       4:  1.1        5:  0.00018   18:  0.00018   19:  0.061     20:  0.62    
     0: -4.7        1: -0.12       2: -0.16       3: -0.23       4: -0.55       5:  1.2       18:  1.2       19: -0.19      20: -0.41      21:  0.097   
     0: -0.15       1:  3.7        2:  2.9        3:  0.13       4: -0.13       5:  0.17      18:  0.17      19:  0.3       20: -0.14      21: -0.068     22:  0.054   
     0: -0.21       1:  3.6        2:  2.6        3:  0.11       4: -0.45       5:  0.73      18:  0.73      19:  0.29      20: -0.48      21: -0.24      22:  0.85      23:  0.046   
     0: -0.74       1:  2.7        2: -3.4        3: -1.2        4:  0.73       5:  0.55      18:  0.55      19: -1.2       20:  0.66      21:  0.81      22:  0.008     23:  0.068     24:  0.039   
     0:  0.0051     1: -0.03       2:  0.07       3:  0.057      4: -0.031      5: -0.0066    18: -0.0066    19:  0.057     20: -0.028     21: -0.028     22:  0.04      23:  0.0064    24: -0.026     25:  0.01    
     0: -0.076      1: -0.17       2: -2.8        3: -0.64       4:  0.82       5: -0.13      18: -0.13      19: -0.69      20:  0.8       21:  0.7       22: -0.36      23: -0.47      24:  0.55      25: -0.015     26:  0.015   
     0: -0.28       1:  1.5        2: -0.084      3: -0.26       4:  0.051      5:  0.5       18:  0.5       19: -0.2       20:  0.02      21:  0.18      22:  0.21      23:  0.36      24:  0.27      25: -0.006     26:  4.6e-05   27:  0.012   
     0: -3.5        1: -1          2: -1.9        3:  0.56       4: -0.23       5: -0.76      18: -0.76      19:  0.53      20: -0.0095    28:  0.098   
     0:  0.0055     1:  3.6        2: -1.7        3: -0.19       4:  0.45       5:  0.72      18:  0.72      19: -0.057     20:  0.39      28:  0.055     29:  0.09    
     0: -1.9        1:  3.5        2: -2.9        3:  0.2        4:  0.74       5:  0.83      18:  0.83      19:  0.31      20:  0.77      28:  0.76      29:  1.4       30:  0.026   
     0: -1          1: -3.1        2: -2.7        3:  0.98       4:  0.62       5: -1.2       18: -1.2       19:  0.81      20:  0.78      28:  1.3       29: -0.66      30: -0.11      31:  0.041   
     0: -0.049      1: -0.76       2: -0.44       3:  0.25       4:  0.19       5: -0.4       18: -0.4       19:  0.21      20:  0.22      28:  0.34      29: -0.21      30: -0.15      31:  0.29      32:  0.011   
     0: -0.52       1:  0.45       2: -2.7        3:  0.63       4:  1.1        5:  0.11      18:  0.11      19:  0.59      20:  1.2       28:  1.1       29:  0.57      30:  0.37      31:  0.5       32:  0.083     33:  0.019   
     0:  0.34       1:  2          2:  0.15       3: -0.28       4:  0.038      5:  1         18:  1         19: -0.2       20: -0.047     28: -0.43      29:  0.76      30:  0.39      31: -0.48      32: -0.14      33:  0.043     34:  0.014   
    35:  0.0027  
    36:  0.0027  
    37:  0.0027  
    38:  4.3e-07 
    39:  4.3e-07 
    40:  4.3e-07 

QLDIAGINV
   0.12    
   0.085   
   0.036   
   3.4     
   6.8     
   8.2     
   2.9     
   5.3     
   13      
   8.4     
   78      
   96      
   3.1     
   5.8     
   11      
   8.4     
   78      
   96      
   7.2     
   1.3     
   1.6     
   10      
   18      
   22      
   26      
   96      
   68      
   84      
   10      
   11      
   39      
   24      
   88      
   54      
   72      
   3.7e+02 
   3.7e+02 
   3.7e+02 
   2.3e+06 
   2.3e+06 
   2.3e+06 

M: inertia structure
-------------------------------------------
 x                                         |
 xx                                        |
 xxx                                       |
 xxxx                                      |
 xxxxx                                     |
 xxxxxx                                    |
 xxxxxxx                                   |
 xxxxxxxx                                  |
 xxxxxxxxx                                 |
 xxxxxxxxxx                                |
 xxxxxxxxxxx                               |
 xxxxxxxxxxxx                              |
 xxxxxx      x                             |
 xxxxxx      xx                            |
 xxxxxx      xxx                           |
 xxxxxx      xxxx                          |
 xxxxxx      xxxxx                         |
 xxxxxx      xxxxxx                        |
 xxxxxx            x                       |
 xxxxxx            xx                      |
 xxxxxx            xxx                     |
 xxxxxx            xxxx                    |
 xxxxxx            xxxxx                   |
 xxxxxx            xxxxxx                  |
 xxxxxx            xxxxxxx                 |
 xxxxxx            xxxxxxxx                |
 xxxxxx            xxxxxxxxx               |
 xxxxxx            xxxxxxxxxx              |
 xxxxxx            xxx       x             |
 xxxxxx            xxx       xx            |
 xxxxxx            xxx       xxx           |
 xxxxxx            xxx       xxxx          |
 xxxxxx            xxx       xxxxx         |
 xxxxxx            xxx       xxxxxx        |
 xxxxxx            xxx       xxxxxxx       |
                                    x      |
                                     x     |
                                      x    |
                                       x   |
                                        x  |
                                         x |
-------------------------------------------

iM: block-diagonal inertia (nnzs are island ids)
-------------------------------------
 0                                   |
 00                                  |
 000                                 |
 0000                                |
 00000                               |
 000000                              |
 0000000                             |
 00000000                            |
 000000000                           |
 0000000000                          |
 00000000000                         |
 000000000000                        |
 000000      0                       |
 000000      00                      |
 000000      000                     |
 000000      0000                    |
 000000      00000                   |
 000000      000000                  |
 000000            0                 |
 000000            00                |
 000000            000               |
 000000            0000              |
 000000            00000             |
 000000            000000            |
 000000            0000000           |
 000000            00000000          |
 000000            000000000         |
 000000            0000000000        |
 000000            000       0       |
 000000            000       00      |
 000000            000       000     |
 000000            000       0000    |
 000000            000       00000   |
 000000            000       000000  |
 000000            000       0000000 |
-------------------------------------

QH
     0:  8.4     
     0: -0.032      1:  12      
     0:  0.025      1:  0.031      2:  28      
     0: -0.44       1:  2.1        2:  0.56       3:  0.3     
     0: -4.7        1: -0.52       2:  2.5        3:  0.1        4:  0.15    
     0: -0.62       1:  1.5        2:  0.78       3:  0.51       4:  0.019      5:  0.12    
     0: -2.9        1: -0.31       2: -1.4        3: -0.13       4:  1.3        5:  0.22       6:  0.34    
     0: -0.007      1:  3          2: -0.13       3:  1.2        4: -0.14       5:  0.41       6: -0.096      7:  0.19    
     0:  1          1: -5.9        2:  0.48       3: -3.4        4: -0.13       5: -0.81       6: -0.12       7: -2.7        8:  0.076   
     0: -3.7        1: -0.56       2: -0.22       3: -0.053      4:  2.5        5:  0.17       6:  2.1        7: -0.12       8:  0.011      9:  0.12    
     0: -1.5        1: -0.32       2: -1.2        3: -0.17       4:  1.4        5:  0.0045     6:  1.3        7: -0.073      8:  0.006      9:  0.69      10:  0.013   
     0: -0.14       1:  0.95       2:  0.0031     3:  0.73       4:  0.009      5:  0.18       6:  0.0091     7:  0.62       8: -0.18       9: -0.0031    10: -0.0026    11:  0.01    
     0: -3.2        1: -0.42       2: -0.93       3:  0.23       4:  1.3        5: -0.61      12:  0.33    
     0: -0.42       1:  3.1        2: -0.76       3:  1.4        4:  0.032      5:  0.27      12:  0.044     13:  0.17    
     0:  0.11       1: -5.5        2:  1.4        3: -3.5        4:  0.43       5: -0.34      12:  0.35      13: -2.5       14:  0.088   
     0: -3.7        1:  0.042      2:  0.73       3:  0.3        4:  2.4        5: -1         12:  2         13:  0.052     14: -0.0049    15:  0.12    
     0: -1.5        1: -0.35       2: -1.2        3:  0.27       4:  1.2        5: -0.48      12:  1.1       13:  0.03      14: -0.00013   15:  0.58      16:  0.013   
     0: -0.036      1:  0.96       2: -0.088      3:  0.75       4: -0.082      5:  0.07      12: -0.07      13:  0.6       14: -0.19      15:  0.0055    16: -0.0052    17:  0.01    
     0: -0.17       1:  0.34       2: -0.52       3: -0.009      4:  0.038      5:  0.93      18:  0.14    
     0:  0.32       1: -3.1        2:  0.14       3:  1.1        4: -0.053      5:  0.047     18:  0.047     19:  0.74    
     0:  3.7        1:  0.29       2: -0.93       3:  0.12       4:  1.1        5:  0.00017   18:  0.00017   19:  0.061     20:  0.62    
     0: -4.7        1: -0.12       2: -0.16       3: -0.23       4: -0.55       5:  1.2       18:  1.2       19: -0.19      20: -0.41      21:  0.097   
     0: -0.15       1:  3.7        2:  2.9        3:  0.13       4: -0.13       5:  0.17      18:  0.17      19:  0.3       20: -0.14      21: -0.068     22:  0.054   
     0: -0.21       1:  3.6        2:  2.6        3:  0.11       4: -0.45       5:  0.73      18:  0.73      19:  0.29      20: -0.48      21: -0.24      22:  0.85      23:  0.046   
     0: -0.74       1:  2.7        2: -3.4        3: -1.2        4:  0.73       5:  0.55      18:  0.55      19: -1.2       20:  0.66      21:  0.81      22:  0.008     23:  0.068     24:  0.039   
     0:  0.0051     1: -0.03       2:  0.07       3:  0.057      4: -0.031      5: -0.0066    18: -0.0066    19:  0.057     20: -0.028     21: -0.028     22:  0.04      23:  0.0064    24: -0.026     25:  0.01    
     0: -0.076      1: -0.17       2: -2.8        3: -0.64       4:  0.82       5: -0.13      18: -0.13      19: -0.69      20:  0.8       21:  0.7       22: -0.36      23: -0.47      24:  0.55      25: -0.015     26:  0.015   
     0: -0.28       1:  1.5        2: -0.084      3: -0.26       4:  0.05       5:  0.5       18:  0.5       19: -0.2       20:  0.02      21:  0.18      22:  0.21      23:  0.36      24:  0.27      25: -0.006     26:  4.6e-05   27:  0.012   
     0: -3.5        1: -1          2: -1.9        3:  0.56       4: -0.23       5: -0.76      18: -0.76      19:  0.53      20: -0.0094    28:  0.098   
     0:  0.0054     1:  3.6        2: -1.7        3: -0.19       4:  0.45       5:  0.72      18:  0.72      19: -0.057     20:  0.39      28:  0.055     29:  0.09    
     0: -1.9        1:  3.5        2: -2.9        3:  0.2        4:  0.74       5:  0.83      18:  0.83      19:  0.31      20:  0.77      28:  0.76      29:  1.4       30:  0.026   
     0: -1          1: -3.1        2: -2.7        3:  0.98       4:  0.62       5: -1.2       18: -1.2       19:  0.81      20:  0.78      28:  1.3       29: -0.66      30: -0.11      31:  0.041   
     0: -0.049      1: -0.76       2: -0.44       3:  0.25       4:  0.19       5: -0.4       18: -0.4       19:  0.21      20:  0.22      28:  0.34      29: -0.21      30: -0.15      31:  0.29      32:  0.011   
     0: -0.52       1:  0.45       2: -2.7        3:  0.63       4:  1.1        5:  0.11      18:  0.11      19:  0.59      20:  1.2       28:  1.1       29:  0.57      30:  0.37      31:  0.5       32:  0.083     33:  0.019   
     0:  0.34       1:  2          2:  0.15       3: -0.28       4:  0.038      5:  1         18:  1         19: -0.2       20: -0.047     28: -0.43      29:  0.76      30:  0.39      31: -0.48      32: -0.14      33:  0.043     34:  0.014   
    35:  0.0027  
    36:  0.0027  
    37:  0.0027  
    38:  4.3e-07 
    39:  4.3e-07 
    40:  4.3e-07 

QHDIAGINV
   0.12    
   0.085   
   0.036   
   3.4     
   6.8     
   8.2     
   2.9     
   5.3     
   13      
   8.4     
   78      
   96      
   3.1     
   5.8     
   11      
   8.4     
   78      
   96      
   7.2     
   1.3     
   1.6     
   10      
   18      
   22      
   26      
   96      
   68      
   84      
   10      
   11      
   39      
   24      
   88      
   54      
   72      
   3.7e+02 
   3.7e+02 
   3.7e+02 
   2.3e+06 
   2.3e+06 
   2.3e+06 

TREE_AWAKE
  1 1

BODY_AWAKE
  -1 1 1 1 1 1 1 1 1 1 1 1 1 1 1 1 1 1 1 1 1 1 1 1 1 1 1 1 1 1 1 1 -1 1

BODY_AWAKE_IND
  0 1 2 3 4 5 6 7 8 9 10 11 12 13 14 15 16 17 18 19 20 21 22 23 24 25 26 27 28 29 30 31 32 33

PARENT_AWAKE_IND
  1 2 3 4 5 6 7 8 9 10 11 12 13 14 15 16 17 18 19 20 21 22 23 24 25 26 27 28 29 30 31 32 33

DOF_AWAKE_IND
  0 1 2 3 4 5 6 7 8 9 10 11 12 13 14 15 16 17 18 19 20 21 22 23 24 25 26 27 28 29 30 31 32 33 34 35 36 37 38 39 40

CONTACT
  0:
     dim           3
     geoms         floor : 15
     exclude       0
     efc_address   35
     solref         0.02      1       
     solimp         0.9       0.95      0.001     0.5       2       
     dist          -0.001   
     includemargin  0       
     pos           -0.23      0.31     -0.00051 
     frame          0         0         1         0         1         0        -1         0         0       
     friction       1         1         0.005     0.0001    0.0001  
     mu             1       
     force          97       -6.1       0.037     0         0         0       
  1:
     dim           3
     geoms         floor : 16
     exclude       0
     efc_address   39
     solref         0.02      1       
     solimp         0.9       0.95      0.001     0.5       2       
     dist          -0.0012  
     includemargin  0       
     pos           -0.22      0.26     -0.00059 
     frame          0         0         1         0         1         0        -1         0         0       
     friction       1         1         0.005     0.0001    0.0001  
     mu             1       
     force          1.1e+02  -5.8      -2.5       0         0         0       
  2:
     dim           3
     geoms         floor : 17
     exclude       0
     efc_address   43
     solref         0.02      1       
     solimp         0.9       0.95      0.001     0.5       2       
     dist          -0.00026 
     includemargin  0       
     pos           -0.063     0.34     -0.00013 
     frame          0         0         1         0         1         0        -1         0         0       
     friction       1         1         0.005     0.0001    0.0001  
     mu             1       
     force          12        1.2       0.8       0         0         0       
  3:
     dim           3
     geoms         floor : 18
     exclude       0
     efc_address   47
     solref         0.02      1       
     solimp         0.9       0.95      0.001     0.5       2       
     dist          -0.00045 
     includemargin  0       
     pos           -0.054     0.28     -0.00022 
     frame          0         0         1         0         1         0        -1         0         0       
     friction       1         1         0.005     0.0001    0.0001  
     mu             1       
     force          24        1.7      -0.87      0         0         0       
  4:
     dim           3
     geoms         floor : 30
     exclude       0
     efc_address   51
     solref         0.02      1       
     solimp         0.9       0.95      0.001     0.5       2       
     dist          -0.00051 
     includemargin  0       
     pos           -0.33     -0.043    -0.00026 
     frame          0         0         1         0         1         0        -1         0         0       
     friction       1         1         0.005     0.0001    0.0001  
     mu             1       
     force          31        0.7       0.87      0         0         0       
  5:
     dim           3
     geoms         floor : 32
     exclude       0
     efc_address   55
     solref         0.02      1       
     solimp         0.9       0.95      0.001     0.5       2       
     dist          -0.00065 
     includemargin  0       
     pos           -0.16     -0.031    -0.00033 
     frame          0         0         1         0         1         0        -1         0         0       
     friction       1         1         0.005     0.0001    0.0001  
     mu             1       
     force          48        3.5       1.2       0         0         0       
  6:
     dim           3
     geoms         hitter_table_top : right_racket_face_collision
     exclude       0
     efc_address   59
     solref         0.02      1       
     solimp         0.9       0.95      0.001     0.5       2       
     dist          -0.00033 
     includemargin  0       
     pos            0.18      0.044     0.76    
     frame          8.3e-14   2.5e-13   1        -2.1e-26   1        -2.5e-13  -1         0         8.3e-14 
     friction       1         1         0.005     0.0001    0.0001  
     mu             1       
     force          4.1      -0.2      -0.21      0         0         0       

EFC_TYPE
  1
  1
  1
  1
  1
  1
  1
  1
  1
  1
  1
  1
  1
  1
  1
  1
  1
  1
  1
  1
  1
  1
  1
  1
  1
  1
  1
  1
  1
  1
  1
  1
  1
  1
  1
  6
  6
  6
  6
  6
  6
  6
  6
  6
  6
  6
  6
  6
  6
  6
  6
  6
  6
  6
  6
  6
  6
  6
  6
  6
  6
  6
  6

EFC_ID
  0
  1
  2
  3
  4
  5
  6
  7
  8
  9
  10
  11
  12
  13
  14
  15
  16
  17
  18
  19
  20
  21
  22
  23
  24
  25
  26
  27
  28
  29
  30
  31
  32
  33
  34
  0
  0
  0
  0
  1
  1
  1
  1
  2
  2
  2
  2
  3
  3
  3
  3
  4
  4
  4
  4
  5
  5
  5
  5
  6
  6
  6
  6

EFC_J
   1         0         0         0         0         0         0         0         0         0         0         0         0         0         0         0         0         0         0         0         0         0         0         0         0         0         0         0         0         0         0         0         0         0         0         0         0         0         0         0         0       
   0         1         0         0         0         0         0         0         0         0         0         0         0         0         0         0         0         0         0         0         0         0         0         0         0         0         0         0         0         0         0         0         0         0         0         0         0         0         0         0         0       
   0         0         1         0         0         0         0         0         0         0         0         0         0         0         0         0         0         0         0         0         0         0         0         0         0         0         0         0         0         0         0         0         0         0         0         0         0         0         0         0         0       
   0         0         0         1         0         0         0         0         0         0         0         0         0         0         0         0         0         0         0         0         0         0         0         0         0         0         0         0         0         0         0         0         0         0         0         0         0         0         0         0         0       
   0         0         0         0         1         0         0         0         0         0         0         0         0         0         0         0         0         0         0         0         0         0         0         0         0         0         0         0         0         0         0         0         0         0         0         0         0         0         0         0         0       
   0         0         0         0         0         1         0         0         0         0         0         0         0         0         0         0         0         0         0         0         0         0         0         0         0         0         0         0         0         0         0         0         0         0         0         0         0         0         0         0         0       
   0         0         0         0         0         0         1         0         0         0         0         0         0         0         0         0         0         0         0         0         0         0         0         0         0         0         0         0         0         0         0         0         0         0         0         0         0         0         0         0         0       
   0         0         0         0         0         0         0         1         0         0         0         0         0         0         0         0         0         0         0         0         0         0         0         0         0         0         0         0         0         0         0         0         0         0         0         0         0         0         0         0         0       
   0         0         0         0         0         0         0         0         1         0         0         0         0         0         0         0         0         0         0         0         0         0         0         0         0         0         0         0         0         0         0         0         0         0         0         0         0         0         0         0         0       
   0         0         0         0         0         0         0         0         0         1         0         0         0         0         0         0         0         0         0         0         0         0         0         0         0         0         0         0         0         0         0         0         0         0         0         0         0         0         0         0         0       
   0         0         0         0         0         0         0         0         0         0         1         0         0         0         0         0         0         0         0         0         0         0         0         0         0         0         0         0         0         0         0         0         0         0         0         0         0         0         0         0         0       
   0         0         0         0         0         0         0         0         0         0         0         1         0         0         0         0         0         0         0         0         0         0         0         0         0         0         0         0         0         0         0         0         0         0         0         0         0         0         0         0         0       
   0         0         0         0         0         0         0         0         0         0         0         0         1         0         0         0         0         0         0         0         0         0         0         0         0         0         0         0         0         0         0         0         0         0         0         0         0         0         0         0         0       
   0         0         0         0         0         0         0         0         0         0         0         0         0         1         0         0         0         0         0         0         0         0         0         0         0         0         0         0         0         0         0         0         0         0         0         0         0         0         0         0         0       
   0         0         0         0         0         0         0         0         0         0         0         0         0         0         1         0         0         0         0         0         0         0         0         0         0         0         0         0         0         0         0         0         0         0         0         0         0         0         0         0         0       
   0         0         0         0         0         0         0         0         0         0         0         0         0         0         0         1         0         0         0         0         0         0         0         0         0         0         0         0         0         0         0         0         0         0         0         0         0         0         0         0         0       
   0         0         0         0         0         0         0         0         0         0         0         0         0         0         0         0         1         0         0         0         0         0         0         0         0         0         0         0         0         0         0         0         0         0         0         0         0         0         0         0         0       
   0         0         0         0         0         0         0         0         0         0         0         0         0         0         0         0         0         1         0         0         0         0         0         0         0         0         0         0         0         0         0         0         0         0         0         0         0         0         0         0         0       
   0         0         0         0         0         0         0         0         0         0         0         0         0         0         0         0         0         0         1         0         0         0         0         0         0         0         0         0         0         0         0         0         0         0         0         0         0         0         0         0         0       
   0         0         0         0         0         0         0         0         0         0         0         0         0         0         0         0         0         0         0         1         0         0         0         0         0         0         0         0         0         0         0         0         0         0         0         0         0         0         0         0         0       
   0         0         0         0         0         0         0         0         0         0         0         0         0         0         0         0         0         0         0         0         1         0         0         0         0         0         0         0         0         0         0         0         0         0         0         0         0         0         0         0         0       
   0         0         0         0         0         0         0         0         0         0         0         0         0         0         0         0         0         0         0         0         0         1         0         0         0         0         0         0         0         0         0         0         0         0         0         0         0         0         0         0         0       
   0         0         0         0         0         0         0         0         0         0         0         0         0         0         0         0         0         0         0         0         0         0         1         0         0         0         0         0         0         0         0         0         0         0         0         0         0         0         0         0         0       
   0         0         0         0         0         0         0         0         0         0         0         0         0         0         0         0         0         0         0         0         0         0         0         1         0         0         0         0         0         0         0         0         0         0         0         0         0         0         0         0         0       
   0         0         0         0         0         0         0         0         0         0         0         0         0         0         0         0         0         0         0         0         0         0         0         0         1         0         0         0         0         0         0         0         0         0         0         0         0         0         0         0         0       
   0         0         0         0         0         0         0         0         0         0         0         0         0         0         0         0         0         0         0         0         0         0         0         0         0         1         0         0         0         0         0         0         0         0         0         0         0         0         0         0         0       
   0         0         0         0         0         0         0         0         0         0         0         0         0         0         0         0         0         0         0         0         0         0         0         0         0         0         1         0         0         0         0         0         0         0         0         0         0         0         0         0         0       
   0         0         0         0         0         0         0         0         0         0         0         0         0         0         0         0         0         0         0         0         0         0         0         0         0         0         0         1         0         0         0         0         0         0         0         0         0         0         0         0         0       
   0         0         0         0         0         0         0         0         0         0         0         0         0         0         0         0         0         0         0         0         0         0         0         0         0         0         0         0         1         0         0         0         0         0         0         0         0         0         0         0         0       
   0         0         0         0         0         0         0         0         0         0         0         0         0         0         0         0         0         0         0         0         0         0         0         0         0         0         0         0         0         1         0         0         0         0         0         0         0         0         0         0         0       
   0         0         0         0         0         0         0         0         0         0         0         0         0         0         0         0         0         0         0         0         0         0         0         0         0         0         0         0         0         0         1         0         0         0         0         0         0         0         0         0         0       
   0         0         0         0         0         0         0         0         0         0         0         0         0         0         0         0         0         0         0         0         0         0         0         0         0         0         0         0         0         0         0         1         0         0         0         0         0         0         0         0         0       
   0         0         0         0         0         0         0         0         0         0         0         0         0         0         0         0         0         0         0         0         0         0         0         0         0         0         0         0         0         0         0         0         1         0         0         0         0         0         0         0         0       
   0         0         0         0         0         0         0         0         0         0         0         0         0         0         0         0         0         0         0         0         0         0         0         0         0         0         0         0         0         0         0         0         0         1         0         0         0         0         0         0         0       
   0         0         0         0         0         0         0         0         0         0         0         0         0         0         0         0         0         0         0         0         0         0         0         0         0         0         0         0         0         0         0         0         0         0         1         0         0         0         0         0         0       
   0         1         1         0.86     -0.14      0.11     -0.14      0.58     -0.26     -0.0061    0.046     0.059     0         0         0         0         0         0         0         0         0         0         0         0         0         0         0         0         0         0         0         0         0         0         0         0         0         0         0         0         0       
   0        -1         1        -0.65      0.076    -0.085     0.051    -0.61      0.27      0.091     0.053    -0.0089    0         0         0         0         0         0         0         0         0         0         0         0         0         0         0         0         0         0         0         0         0         0         0         0         0         0         0         0         0       
  -1         0         1         0.21      0.73      0.086     0.62      0.046    -0.0053    0.39      0.1       0.03      0         0         0         0         0         0         0         0         0         0         0         0         0         0         0         0         0         0         0         0         0         0         0         0         0         0         0         0         0       
   1         0         1        -0.0015   -0.8      -0.063    -0.71     -0.08      0.02     -0.3      -0.00056   0.02      0         0         0         0         0         0         0         0         0         0         0         0         0         0         0         0         0         0         0         0         0         0         0         0         0         0         0         0         0       
   0         1         1         0.81     -0.14      0.11     -0.14      0.54     -0.23     -0.0067    0.045     0.0092    0         0         0         0         0         0         0         0         0         0         0         0         0         0         0         0         0         0         0         0         0         0         0         0         0         0         0         0         0       
   0        -1         1        -0.7       0.076    -0.097     0.051    -0.66      0.29      0.092     0.054    -0.059     0         0         0         0         0         0         0         0         0         0         0         0         0         0         0         0         0         0         0         0         0         0         0         0         0         0         0         0         0       
  -1         0         1         0.16      0.73      0.032     0.62     -0.02     -0.029     0.39      0.1      -0.02      0         0         0         0         0         0         0         0         0         0         0         0         0         0         0         0         0         0         0         0         0         0         0         0         0         0         0         0         0       
   1         0         1        -0.056    -0.8      -0.018    -0.71     -0.1       0.085    -0.31     -0.0043   -0.03      0         0         0         0         0         0         0         0         0         0         0         0         0         0         0         0         0         0         0         0         0         0         0         0         0         0         0         0         0       
   0         1         1         0.85     -0.3       0.28     -0.3       0.66     -0.12     -0.19     -0.14      0.064     0         0         0         0         0         0         0         0         0         0         0         0         0         0         0         0         0         0         0         0         0         0         0         0         0         0         0         0         0       
   0        -1         1        -0.63     -0.1      -0.24     -0.13     -0.68      0.11     -0.066    -0.1      -0.0043    0         0         0         0         0         0         0         0         0         0         0         0         0         0         0         0         0         0         0         0         0         0         0         0         0         0         0         0         0       
  -1         0         1         0.21      0.57      0.13      0.46      0.068     0.0084    0.22     -0.072     0.035     0         0         0         0         0         0         0         0         0         0         0         0         0         0         0         0         0         0         0         0         0         0         0         0         0         0         0         0         0       
   1         0         1         0.0061   -0.97     -0.083    -0.88     -0.084    -0.021    -0.47     -0.17      0.025     0         0         0         0         0         0         0         0         0         0         0         0         0         0         0         0         0         0         0         0         0         0         0         0         0         0         0         0         0       
   0         1         1         0.79     -0.3       0.29     -0.3       0.61     -0.087    -0.19     -0.14      0.0046    0         0         0         0         0         0         0         0         0         0         0         0         0         0         0         0         0         0         0         0         0         0         0         0         0         0         0         0         0       
   0        -1         1        -0.69     -0.1      -0.26     -0.13     -0.73      0.12     -0.065    -0.1      -0.064     0         0         0         0         0         0         0         0         0         0         0         0         0         0         0         0         0         0         0         0         0         0         0         0         0         0         0         0         0       
  -1         0         1         0.16      0.56      0.062     0.45     -0.011    -0.02      0.22     -0.068    -0.025     0         0         0         0         0         0         0         0         0         0         0         0         0         0         0         0         0         0         0         0         0         0         0         0         0         0         0         0         0       
   1         0         1        -0.059    -0.97     -0.029    -0.88     -0.11      0.058    -0.48     -0.17     -0.035     0         0         0         0         0         0         0         0         0         0         0         0         0         0         0         0         0         0         0         0         0         0         0         0         0         0         0         0         0       
   0         1         1         0.54     -0.00047  -0.031     0         0         0         0         0         0         0.0052    0.47     -0.22      0.14      0.059     0.059     0         0         0         0         0         0         0         0         0         0         0         0         0         0         0         0         0         0         0         0         0         0         0       
   0        -1         1        -0.99      0.23     -0.024     0         0         0         0         0         0         0.21     -0.7       0.34      0.1       0.038    -0.015     0         0         0         0         0         0         0         0         0         0         0         0         0         0         0         0         0         0         0         0         0         0         0       
  -1         0         1        -0.087     0.86     -0.3       0         0         0         0         0         0         0.75     -0.068     0.079     0.46      0.097     0.024     0         0         0         0         0         0         0         0         0         0         0         0         0         0         0         0         0         0         0         0         0         0         0       
   1         0         1        -0.36     -0.63      0.24      0         0         0         0         0         0        -0.54     -0.16      0.045    -0.22     -0.0001    0.021     0         0         0         0         0         0         0         0         0         0         0         0         0         0         0         0         0         0         0         0         0         0         0       
   0         1         1         0.51     -0.16      0.15      0         0         0         0         0         0        -0.15      0.5      -0.1      -0.07     -0.15      0.064     0         0         0         0         0         0         0         0         0         0         0         0         0         0         0         0         0         0         0         0         0         0         0       
   0        -1         1        -0.99      0.052    -0.18      0         0         0         0         0         0         0.027    -0.75      0.14     -0.022    -0.086    -0.01      0         0         0         0         0         0         0         0         0         0         0         0         0         0         0         0         0         0         0         0         0         0         0       
  -1         0         1        -0.1       0.69     -0.28      0         0         0         0         0         0         0.58     -0.075     0.048     0.29     -0.071     0.029     0         0         0         0         0         0         0         0         0         0         0         0         0         0         0         0         0         0         0         0         0         0         0       
   1         0         1        -0.37     -0.8       0.24      0         0         0         0         0         0        -0.71     -0.18     -0.0068   -0.38     -0.16      0.026     0         0         0         0         0         0         0         0         0         0         0         0         0         0         0         0         0         0         0         0         0         0         0       
   8.3e-14   1         1        -0.24     -0.38      0.43      0         0         0         0         0         0         0         0         0         0         0         0         0.43     -0.18     -0.41      0         0         0         0         0         0         0        -0.51      0.33      0.0045   -0.41      0.038    -0.12      0.14      0         0         0         0         0         0       
   8.3e-14  -1         1        -0.19     -0.42     -0.42      0         0         0         0         0         0         0         0         0         0         0         0        -0.42     -0.21     -0.41      0         0         0         0         0         0         0        -0.22     -0.55     -0.21      0.014    -0.046    -0.15     -0.1       0         0         0         0         0         0       
  -1         2.5e-13   1        -0.2      -0.4      -0.15      0         0         0         0         0         0         0         0         0         0         0         0        -0.15     -0.17     -0.35      0         0         0         0         0         0         0        -0.063    -0.038    -0.023    -0.099     0.0055   -0.025     0.018     0         0         0         0         0         0       
   1         2.5e-13   1        -0.23     -0.4       0.16      0         0         0         0         0         0         0         0         0         0         0         0         0.16     -0.21     -0.46      0         0         0         0         0         0         0        -0.67     -0.17     -0.19     -0.3      -0.014    -0.24      0.02      0         0         0         0         0         0       

IEFC_J
   1         0         0         0         0         0         0         0         0         0         0         0         0         0         0         0         0         0         0         0         0         0         0         0         0         0         0         0         0         0         0         0         0         0         0       ......... ......... ......... ......... ......... ......... 
   0         1         0         0         0         0         0         0         0         0         0         0         0         0         0         0         0         0         0         0         0         0         0         0         0         0         0         0         0         0         0         0         0         0         0       ......... ......... ......... ......... ......... ......... 
   0         0         1         0         0         0         0         0         0         0         0         0         0         0         0         0         0         0         0         0         0         0         0         0         0         0         0         0         0         0         0         0         0         0         0       ......... ......... ......... ......... ......... ......... 
   0         0         0         1         0         0         0         0         0         0         0         0         0         0         0         0         0         0         0         0         0         0         0         0         0         0         0         0         0         0         0         0         0         0         0       ......... ......... ......... ......... ......... ......... 
   0         0         0         0         1         0         0         0         0         0         0         0         0         0         0         0         0         0         0         0         0         0         0         0         0         0         0         0         0         0         0         0         0         0         0       ......... ......... ......... ......... ......... ......... 
   0         0         0         0         0         1         0         0         0         0         0         0         0         0         0         0         0         0         0         0         0         0         0         0         0         0         0         0         0         0         0         0         0         0         0       ......... ......... ......... ......... ......... ......... 
   0         0         0         0         0         0         1         0         0         0         0         0         0         0         0         0         0         0         0         0         0         0         0         0         0         0         0         0         0         0         0         0         0         0         0       ......... ......... ......... ......... ......... ......... 
   0         0         0         0         0         0         0         1         0         0         0         0         0         0         0         0         0         0         0         0         0         0         0         0         0         0         0         0         0         0         0         0         0         0         0       ......... ......... ......... ......... ......... ......... 
   0         0         0         0         0         0         0         0         1         0         0         0         0         0         0         0         0         0         0         0         0         0         0         0         0         0         0         0         0         0         0         0         0         0         0       ......... ......... ......... ......... ......... ......... 
   0         0         0         0         0         0         0         0         0         1         0         0         0         0         0         0         0         0         0         0         0         0         0         0         0         0         0         0         0         0         0         0         0         0         0       ......... ......... ......... ......... ......... ......... 
   0         0         0         0         0         0         0         0         0         0         1         0         0         0         0         0         0         0         0         0         0         0         0         0         0         0         0         0         0         0         0         0         0         0         0       ......... ......... ......... ......... ......... ......... 
   0         0         0         0         0         0         0         0         0         0         0         1         0         0         0         0         0         0         0         0         0         0         0         0         0         0         0         0         0         0         0         0         0         0         0       ......... ......... ......... ......... ......... ......... 
   0         0         0         0         0         0         0         0         0         0         0         0         1         0         0         0         0         0         0         0         0         0         0         0         0         0         0         0         0         0         0         0         0         0         0       ......... ......... ......... ......... ......... ......... 
   0         0         0         0         0         0         0         0         0         0         0         0         0         1         0         0         0         0         0         0         0         0         0         0         0         0         0         0         0         0         0         0         0         0         0       ......... ......... ......... ......... ......... ......... 
   0         0         0         0         0         0         0         0         0         0         0         0         0         0         1         0         0         0         0         0         0         0         0         0         0         0         0         0         0         0         0         0         0         0         0       ......... ......... ......... ......... ......... ......... 
   0         0         0         0         0         0         0         0         0         0         0         0         0         0         0         1         0         0         0         0         0         0         0         0         0         0         0         0         0         0         0         0         0         0         0       ......... ......... ......... ......... ......... ......... 
   0         0         0         0         0         0         0         0         0         0         0         0         0         0         0         0         1         0         0         0         0         0         0         0         0         0         0         0         0         0         0         0         0         0         0       ......... ......... ......... ......... ......... ......... 
   0         0         0         0         0         0         0         0         0         0         0         0         0         0         0         0         0         1         0         0         0         0         0         0         0         0         0         0         0         0         0         0         0         0         0       ......... ......... ......... ......... ......... ......... 
   0         0         0         0         0         0         0         0         0         0         0         0         0         0         0         0         0         0         1         0         0         0         0         0         0         0         0         0         0         0         0         0         0         0         0       ......... ......... ......... ......... ......... ......... 
   0         0         0         0         0         0         0         0         0         0         0         0         0         0         0         0         0         0         0         1         0         0         0         0         0         0         0         0         0         0         0         0         0         0         0       ......... ......... ......... ......... ......... ......... 
   0         0         0         0         0         0         0         0         0         0         0         0         0         0         0         0         0         0         0         0         1         0         0         0         0         0         0         0         0         0         0         0         0         0         0       ......... ......... ......... ......... ......... ......... 
   0         0         0         0         0         0         0         0         0         0         0         0         0         0         0         0         0         0         0         0         0         1         0         0         0         0         0         0         0         0         0         0         0         0         0       ......... ......... ......... ......... ......... ......... 
   0         0         0         0         0         0         0         0         0         0         0         0         0         0         0         0         0         0         0         0         0         0         1         0         0         0         0         0         0         0         0         0         0         0         0       ......... ......... ......... ......... ......... ......... 
   0         0         0         0         0         0         0         0         0         0         0         0         0         0         0         0         0         0         0         0         0         0         0         1         0         0         0         0         0         0         0         0         0         0         0       ......... ......... ......... ......... ......... ......... 
   0         0         0         0         0         0         0         0         0         0         0         0         0         0         0         0         0         0         0         0         0         0         0         0         1         0         0         0         0         0         0         0         0         0         0       ......... ......... ......... ......... ......... ......... 
   0         0         0         0         0         0         0         0         0         0         0         0         0         0         0         0         0         0         0         0         0         0         0         0         0         1         0         0         0         0         0         0         0         0         0       ......... ......... ......... ......... ......... ......... 
   0         0         0         0         0         0         0         0         0         0         0         0         0         0         0         0         0         0         0         0         0         0         0         0         0         0         1         0         0         0         0         0         0         0         0       ......... ......... ......... ......... ......... ......... 
   0         0         0         0         0         0         0         0         0         0         0         0         0         0         0         0         0         0         0         0         0         0         0         0         0         0         0         1         0         0         0         0         0         0         0       ......... ......... ......... ......... ......... ......... 
   0         0         0         0         0         0         0         0         0         0         0         0         0         0         0         0         0         0         0         0         0         0         0         0         0         0         0         0         1         0         0         0         0         0         0       ......... ......... ......... ......... ......... ......... 
   0         0         0         0         0         0         0         0         0         0         0         0         0         0         0         0         0         0         0         0         0         0         0         0         0         0         0         0         0         1         0         0         0         0         0       ......... ......... ......... ......... ......... ......... 
   0         0         0         0         0         0         0         0         0         0         0         0         0         0         0         0         0         0         0         0         0         0         0         0         0         0         0         0         0         0         1         0         0         0         0       ......... ......... ......... ......... ......... ......... 
   0         0         0         0         0         0         0         0         0         0         0         0         0         0         0         0         0         0         0         0         0         0         0         0         0         0         0         0         0         0         0         1         0         0         0       ......... ......... ......... ......... ......... ......... 
   0         0         0         0         0         0         0         0         0         0         0         0         0         0         0         0         0         0         0         0         0         0         0         0         0         0         0         0         0         0         0         0         1         0         0       ......... ......... ......... ......... ......... ......... 
   0         0         0         0         0         0         0         0         0         0         0         0         0         0         0         0         0         0         0         0         0         0         0         0         0         0         0         0         0         0         0         0         0         1         0       ......... ......... ......... ......... ......... ......... 
   0         0         0         0         0         0         0         0         0         0         0         0         0         0         0         0         0         0         0         0         0         0         0         0         0         0         0         0         0         0         0         0         0         0         1       ......... ......... ......... ......... ......... ......... 
   0         1         1         0.86     -0.14      0.11     -0.14      0.58     -0.26     -0.0061    0.046     0.059     0         0         0         0         0         0         0         0         0         0         0         0         0         0         0         0         0         0         0         0         0         0         0       ......... ......... ......... ......... ......... ......... 
   0        -1         1        -0.65      0.076    -0.085     0.051    -0.61      0.27      0.091     0.053    -0.0089    0         0         0         0         0         0         0         0         0         0         0         0         0         0         0         0         0         0         0         0         0         0         0       ......... ......... ......... ......... ......... ......... 
  -1         0         1         0.21      0.73      0.086     0.62      0.046    -0.0053    0.39      0.1       0.03      0         0         0         0         0         0         0         0         0         0         0         0         0         0         0         0         0         0         0         0         0         0         0       ......... ......... ......... ......... ......... ......... 
   1         0         1        -0.0015   -0.8      -0.063    -0.71     -0.08      0.02     -0.3      -0.00056   0.02      0         0         0         0         0         0         0         0         0         0         0         0         0         0         0         0         0         0         0         0         0         0         0       ......... ......... ......... ......... ......... ......... 
   0         1         1         0.81     -0.14      0.11     -0.14      0.54     -0.23     -0.0067    0.045     0.0092    0         0         0         0         0         0         0         0         0         0         0         0         0         0         0         0         0         0         0         0         0         0         0       ......... ......... ......... ......... ......... ......... 
   0        -1         1        -0.7       0.076    -0.097     0.051    -0.66      0.29      0.092     0.054    -0.059     0         0         0         0         0         0         0         0         0         0         0         0         0         0         0         0         0         0         0         0         0         0         0       ......... ......... ......... ......... ......... ......... 
  -1         0         1         0.16      0.73      0.032     0.62     -0.02     -0.029     0.39      0.1      -0.02      0         0         0         0         0         0         0         0         0         0         0         0         0         0         0         0         0         0         0         0         0         0         0       ......... ......... ......... ......... ......... ......... 
   1         0         1        -0.056    -0.8      -0.018    -0.71     -0.1       0.085    -0.31     -0.0043   -0.03      0         0         0         0         0         0         0         0         0         0         0         0         0         0         0         0         0         0         0         0         0         0         0       ......... ......... ......... ......... ......... ......... 
   0         1         1         0.85     -0.3       0.28     -0.3       0.66     -0.12     -0.19     -0.14      0.064     0         0         0         0         0         0         0         0         0         0         0         0         0         0         0         0         0         0         0         0         0         0         0       ......... ......... ......... ......... ......... ......... 
   0        -1         1        -0.63     -0.1      -0.24     -0.13     -0.68      0.11     -0.066    -0.1      -0.0043    0         0         0         0         0         0         0         0         0         0         0         0         0         0         0         0         0         0         0         0         0         0         0       ......... ......... ......... ......... ......... ......... 
  -1         0         1         0.21      0.57      0.13      0.46      0.068     0.0084    0.22     -0.072     0.035     0         0         0         0         0         0         0         0         0         0         0         0         0         0         0         0         0         0         0         0         0         0         0       ......... ......... ......... ......... ......... ......... 
   1         0         1         0.0061   -0.97     -0.083    -0.88     -0.084    -0.021    -0.47     -0.17      0.025     0         0         0         0         0         0         0         0         0         0         0         0         0         0         0         0         0         0         0         0         0         0         0       ......... ......... ......... ......... ......... ......... 
   0         1         1         0.79     -0.3       0.29     -0.3       0.61     -0.087    -0.19     -0.14      0.0046    0         0         0         0         0         0         0         0         0         0         0         0         0         0         0         0         0         0         0         0         0         0         0       ......... ......... ......... ......... ......... ......... 
   0        -1         1        -0.69     -0.1      -0.26     -0.13     -0.73      0.12     -0.065    -0.1      -0.064     0         0         0         0         0         0         0         0         0         0         0         0         0         0         0         0         0         0         0         0         0         0         0       ......... ......... ......... ......... ......... ......... 
  -1         0         1         0.16      0.56      0.062     0.45     -0.011    -0.02      0.22     -0.068    -0.025     0         0         0         0         0         0         0         0         0         0         0         0         0         0         0         0         0         0         0         0         0         0         0       ......... ......... ......... ......... ......... ......... 
   1         0         1        -0.059    -0.97     -0.029    -0.88     -0.11      0.058    -0.48     -0.17     -0.035     0         0         0         0         0         0         0         0         0         0         0         0         0         0         0         0         0         0         0         0         0         0         0       ......... ......... ......... ......... ......... ......... 
   0         1         1         0.54     -0.00047  -0.031     0         0         0         0         0         0         0.0052    0.47     -0.22      0.14      0.059     0.059     0         0         0         0         0         0         0         0         0         0         0         0         0         0         0         0         0       ......... ......... ......... ......... ......... ......... 
   0        -1         1        -0.99      0.23     -0.024     0         0         0         0         0         0         0.21     -0.7       0.34      0.1       0.038    -0.015     0         0         0         0         0         0         0         0         0         0         0         0         0         0         0         0         0       ......... ......... ......... ......... ......... ......... 
  -1         0         1        -0.087     0.86     -0.3       0         0         0         0         0         0         0.75     -0.068     0.079     0.46      0.097     0.024     0         0         0         0         0         0         0         0         0         0         0         0         0         0         0         0         0       ......... ......... ......... ......... ......... ......... 
   1         0         1        -0.36     -0.63      0.24      0         0         0         0         0         0        -0.54     -0.16      0.045    -0.22     -0.0001    0.021     0         0         0         0         0         0         0         0         0         0         0         0         0         0         0         0         0       ......... ......... ......... ......... ......... ......... 
   0         1         1         0.51     -0.16      0.15      0         0         0         0         0         0        -0.15      0.5      -0.1      -0.07     -0.15      0.064     0         0         0         0         0         0         0         0         0         0         0         0         0         0         0         0         0       ......... ......... ......... ......... ......... ......... 
   0        -1         1        -0.99      0.052    -0.18      0         0         0         0         0         0         0.027    -0.75      0.14     -0.022    -0.086    -0.01      0         0         0         0         0         0         0         0         0         0         0         0         0         0         0         0         0       ......... ......... ......... ......... ......... ......... 
  -1         0         1        -0.1       0.69     -0.28      0         0         0         0         0         0         0.58     -0.075     0.048     0.29     -0.071     0.029     0         0         0         0         0         0         0         0         0         0         0         0         0         0         0         0         0       ......... ......... ......... ......... ......... ......... 
   1         0         1        -0.37     -0.8       0.24      0         0         0         0         0         0        -0.71     -0.18     -0.0068   -0.38     -0.16      0.026     0         0         0         0         0         0         0         0         0         0         0         0         0         0         0         0         0       ......... ......... ......... ......... ......... ......... 
   8.3e-14   1         1        -0.24     -0.38      0.43      0         0         0         0         0         0         0         0         0         0         0         0         0.43     -0.18     -0.41      0         0         0         0         0         0         0        -0.51      0.33      0.0045   -0.41      0.038    -0.12      0.14    ......... ......... ......... ......... ......... ......... 
   8.3e-14  -1         1        -0.19     -0.42     -0.42      0         0         0         0         0         0         0         0         0         0         0         0        -0.42     -0.21     -0.41      0         0         0         0         0         0         0        -0.22     -0.55     -0.21      0.014    -0.046    -0.15     -0.1     ......... ......... ......... ......... ......... ......... 
  -1         2.5e-13   1        -0.2      -0.4      -0.15      0         0         0         0         0         0         0         0         0         0         0         0        -0.15     -0.17     -0.35      0         0         0         0         0         0         0        -0.063    -0.038    -0.023    -0.099     0.0055   -0.025     0.018   ......... ......... ......... ......... ......... ......... 
   1         2.5e-13   1        -0.23     -0.4       0.16      0         0         0         0         0         0         0         0         0         0         0         0         0.16     -0.21     -0.46      0         0         0         0         0         0         0        -0.67     -0.17     -0.19     -0.3      -0.014    -0.24      0.02    ......... ......... ......... ......... ......... ......... 

EFC_POS
   0       
   0       
   0       
   0       
   0       
   0       
   0       
   0       
   0       
   0       
   0       
   0       
   0       
   0       
   0       
   0       
   0       
   0       
   0       
   0       
   0       
   0       
   0       
   0       
   0       
   0       
   0       
   0       
   0       
   0       
   0       
   0       
   0       
   0       
   0       
  -0.001   
  -0.001   
  -0.001   
  -0.001   
  -0.0012  
  -0.0012  
  -0.0012  
  -0.0012  
  -0.00026 
  -0.00026 
  -0.00026 
  -0.00026 
  -0.00045 
  -0.00045 
  -0.00045 
  -0.00045 
  -0.00051 
  -0.00051 
  -0.00051 
  -0.00051 
  -0.00065 
  -0.00065 
  -0.00065 
  -0.00065 
  -0.00033 
  -0.00033 
  -0.00033 
  -0.00033 

EFC_MARGIN
   0       
   0       
   0       
   0       
   0       
   0       
   0       
   0       
   0       
   0       
   0       
   0       
   0       
   0       
   0       
   0       
   0       
   0       
   0       
   0       
   0       
   0       
   0       
   0       
   0       
   0       
   0       
   0       
   0       
   0       
   0       
   0       
   0       
   0       
   0       
   0       
   0       
   0       
   0       
   0       
   0       
   0       
   0       
   0       
   0       
   0       
   0       
   0       
   0       
   0       
   0       
   0       
   0       
   0       
   0       
   0       
   0       
   0       
   0       
   0       
   0       
   0       
   0       

EFC_FRICTIONLOSS
   0.1     
   0.1     
   0.1     
   0.1     
   0.1     
   0.1     
   0.1     
   0.1     
   0.1     
   0.1     
   0.1     
   0.1     
   0.1     
   0.1     
   0.1     
   0.1     
   0.1     
   0.1     
   0.1     
   0.1     
   0.1     
   0.1     
   0.1     
   0.1     
   0.1     
   0.1     
   0.1     
   0.1     
   0.1     
   0.1     
   0.1     
   0.1     
   0.1     
   0.1     
   0.1     
   0       
   0       
   0       
   0       
   0       
   0       
   0       
   0       
   0       
   0       
   0       
   0       
   0       
   0       
   0       
   0       
   0       
   0       
   0       
   0       
   0       
   0       
   0       
   0       
   0       
   0       
   0       
   0       

EFC_DIAGA
   0.079   
   0.079   
   0.079   
   7.7     
   7.7     
   7.7     
   17      
   7.9     
   60      
   24      
   82      
   97      
   17      
   7.9     
   60      
   24      
   82      
   97      
   18      
   7.4     
   21      
   17      
   20      
   37      
   40      
   96      
   81      
   89      
   17      
   19      
   34      
   39      
   91      
   71      
   83      
   2.1     
   2.1     
   2.1     
   2.1     
   2.1     
   2.1     
   2.1     
   2.1     
   2.1     
   2.1     
   2.1     
   2.1     
   2.1     
   2.1     
   2.1     
   2.1     
   2.1     
   2.1     
   2.1     
   2.1     
   2.1     
   2.1     
   2.1     
   2.1     
   8.5     
   8.5     
   8.5     
   8.5     

EFC_KBIP
   0         1.1e+02   0.9       0       
   0         1.1e+02   0.9       0       
   0         1.1e+02   0.9       0       
   0         1.1e+02   0.9       0       
   0         1.1e+02   0.9       0       
   0         1.1e+02   0.9       0       
   0         1.1e+02   0.9       0       
   0         1.1e+02   0.9       0       
   0         1.1e+02   0.9       0       
   0         1.1e+02   0.9       0       
   0         1.1e+02   0.9       0       
   0         1.1e+02   0.9       0       
   0         1.1e+02   0.9       0       
   0         1.1e+02   0.9       0       
   0         1.1e+02   0.9       0       
   0         1.1e+02   0.9       0       
   0         1.1e+02   0.9       0       
   0         1.1e+02   0.9       0       
   0         1.1e+02   0.9       0       
   0         1.1e+02   0.9       0       
   0         1.1e+02   0.9       0       
   0         1.1e+02   0.9       0       
   0         1.1e+02   0.9       0       
   0         1.1e+02   0.9       0       
   0         1.1e+02   0.9       0       
   0         1.1e+02   0.9       0       
   0         1.1e+02   0.9       0       
   0         1.1e+02   0.9       0       
   0         1.1e+02   0.9       0       
   0         1.1e+02   0.9       0       
   0         1.1e+02   0.9       0       
   0         1.1e+02   0.9       0       
   0         1.1e+02   0.9       0       
   0         1.1e+02   0.9       0       
   0         1.1e+02   0.9       0       
   2.8e+03   1.1e+02   0.95      0       
   2.8e+03   1.1e+02   0.95      0       
   2.8e+03   1.1e+02   0.95      0       
   2.8e+03   1.1e+02   0.95      0       
   2.8e+03   1.1e+02   0.95      0       
   2.8e+03   1.1e+02   0.95      0       
   2.8e+03   1.1e+02   0.95      0       
   2.8e+03   1.1e+02   0.95      0       
   2.8e+03   1.1e+02   0.91     -51      
   2.8e+03   1.1e+02   0.91     -51      
   2.8e+03   1.1e+02   0.91     -51      
   2.8e+03   1.1e+02   0.91     -51      
   2.8e+03   1.1e+02   0.92     -89      
   2.8e+03   1.1e+02   0.92     -89      
   2.8e+03   1.1e+02   0.92     -89      
   2.8e+03   1.1e+02   0.92     -89      
   2.8e+03   1.1e+02   0.93     -98      
   2.8e+03   1.1e+02   0.93     -98      
   2.8e+03   1.1e+02   0.93     -98      
   2.8e+03   1.1e+02   0.93     -98      
   2.8e+03   1.1e+02   0.94     -70      
   2.8e+03   1.1e+02   0.94     -70      
   2.8e+03   1.1e+02   0.94     -70      
   2.8e+03   1.1e+02   0.94     -70      
   2.8e+03   1.1e+02   0.91     -67      
   2.8e+03   1.1e+02   0.91     -67      
   2.8e+03   1.1e+02   0.91     -67      
   2.8e+03   1.1e+02   0.91     -67      

EFC_D
   1.1e+02 
   1.1e+02 
   1.1e+02 
   1.2     
   1.2     
   1.2     
   0.52    
   1.1     
   0.15    
   0.37    
   0.11    
   0.093   
   0.52    
   1.1     
   0.15    
   0.37    
   0.11    
   0.093   
   0.5     
   1.2     
   0.42    
   0.53    
   0.45    
   0.24    
   0.23    
   0.093   
   0.11    
   0.1     
   0.53    
   0.47    
   0.27    
   0.23    
   0.098   
   0.13    
   0.11    
   9       
   9       
   9       
   9       
   9       
   9       
   9       
   9       
   4.6     
   4.6     
   4.6     
   4.6     
   5.4     
   5.4     
   5.4     
   5.4     
   5.9     
   5.9     
   5.9     
   5.9     
   7.1     
   7.1     
   7.1     
   7.1     
   1.2     
   1.2     
   1.2     
   1.2     

EFC_R
   0.0087  
   0.0087  
   0.0087  
   0.85    
   0.85    
   0.85    
   1.9     
   0.88    
   6.6     
   2.7     
   9.2     
   11      
   1.9     
   0.88    
   6.6     
   2.7     
   9.2     
   11      
   2       
   0.83    
   2.4     
   1.9     
   2.2     
   4.1     
   4.4     
   11      
   9       
   9.9     
   1.9     
   2.1     
   3.7     
   4.3     
   10      
   7.9     
   9.2     
   0.11    
   0.11    
   0.11    
   0.11    
   0.11    
   0.11    
   0.11    
   0.11    
   0.22    
   0.22    
   0.22    
   0.22    
   0.18    
   0.18    
   0.18    
   0.18    
   0.17    
   0.17    
   0.17    
   0.17    
   0.14    
   0.14    
   0.14    
   0.14    
   0.83    
   0.83    
   0.83    
   0.83    

ACTUATOR_VELOCITY
  -0.0011  
  -0.047   
  -0.01    
  -2.6e-05 
  -0.0034  
   0.038   
   0.00044 
  -0.042   
  -0.0025  
  -0.0056  
   0.0029  
  -0.11    
  -0.0092  
  -0.011   
   0.006   
   0.0051  
   0.012   
   0.019   
  -0.049   
  -0.00082 
   0.0023  
   0.018   
   0.00056 
  -0.03    
  -0.035   
   0.02    
   0.0089  
  -0.0023  
  -0.024   

CVEL
   0         0         0         0         0         0       
  -0.00045   0.0011    0.0018   -0.0027    0.028    -0.0019  
  -0.00028  -7.4e-05   0.0018   -0.0027    0.028    -0.0019  
  -0.043    -0.0052   -0.018    -0.0055    0.028     0.004   
  -0.039    -0.0052   -0.028    -0.0067    0.028     0.0034  
  -0.039    -0.0052   -0.028    -0.0067    0.028     0.0034  
  -0.038    -0.0086   -0.027    -0.0089    0.028     0.0033  
  -0.00075  -0.003    -0.027    -0.0052    0.003    -0.0002  
  -0.00051   0.0015    0.0019   -0.0026    0.028    -0.0019  
  -0.041    -0.0038   -0.0085   -0.0019    0.03     -0.0058  
  -0.04     -0.0043   -0.011    -0.0017    0.03     -0.0058  
  -0.04     -0.0098   -0.0095   -0.0039    0.03     -0.0057  
  -0.04     -0.0069   -0.01     -0.0019    0.03     -0.0059  
  -0.15     -0.011    -0.01     -0.0045    0.1      -0.033   
  -0.0014    0.0014   -0.0073   -0.0027    0.027    -0.0019  
  -0.013     0.00032  -0.0062   -0.0026    0.026    -0.0018  
  -0.013     0.0063   -0.0062   -0.0033    0.026    -0.0021  
  -0.014     0.011    -0.0047   -0.005     0.026    -0.0022  
  -0.0012    0.012    -0.0053   -0.0055    0.03     -0.004   
   0.00054   0.0011    0.01      0.001     0.032    -0.0039  
   0.0026   -0.038    -0.018     0.0025    0.031    -0.0031  
   0.0017   -0.038    -0.018     0.0025    0.031    -0.0029  
   0.0015   -0.036    -0.018     0.002     0.031    -0.0026  
   0.002    -0.035    -0.00027   0.0067    0.028    -0.0026  
  -0.013     0.0068   -0.0063   -0.0035    0.026    -0.0021  
  -0.037    -0.00064  -0.022     0.0013    0.017    -0.0053  
  -0.017    -0.011    -0.048     0.0087    0.025    -0.0026  
  -0.025     0.0037   -0.06      0.0074    0.024    -0.0023  
  -0.017     0.0052   -0.063     0.0077    0.026    -0.00056 
  -0.017     0.003    -0.064     0.0082    0.027    -0.0011  
  -0.027     0.0064   -0.085     0.011     0.031    -0.0017  
  -0.027     0.0064   -0.085     0.011     0.031    -0.0017  
   0         0         0         0         0         0       
   0         0         0         0         0        -68      

CDOF_DOT
   0         0         0         0         0         0       
   0         0         0         0         0         0       
   0         0         0         0         0         0       
  -0         0         0        -0.0023   -0.0021   -0.028   
   0        -0         0         0.0034    0.00042   0.0015  
   0         0        -0         0.028     0.0024   -0.0027  
  -0.0018   -0.00024  -0.00029   0.0034    0.00044   0.0014  
  -0.00022   0.0017    3.6e-05   0.012    -0.00047  -0.025   
  -0.0046    0.047    -0.0024    0.026     0.0035    0.01    
   0.028     0.0012   -0.039    -0.0042   -0.0088   -0.0028  
   0.028     0.0012   -0.039    -0.003    -0.017    -0.003   
   0.004    -0.027     0.0028   -0.017    -0.0029   -0.003   
  -0.0018   -0.00024  -0.00029   0.0034    0.00044   0.0014  
   0.00013   0.0019   -0.0015    0.0074   -0.0012   -0.027   
  -0.0016    0.04     -0.01      0.03      0.0028    0.0062  
   0.012    -0.0093   -0.039    -0.0014   -0.005     0.00069 
   0.012    -0.0093   -0.039    -0.00082  -0.011     0.0038  
   0.00038  -0.01      0.0054   -0.0081    0.0038   -0.0035  
   0.0011    0.00063  -8.7e-05   0.028     0.0025   -0.0027  
   0.00059  -0.0073   -0.0016   -0.0016   -0.0021   -0.028   
   0.0062    0.00069  -0.012     0.0019    0.00038   0.0002  
   0.0077    0.0041   -0.012     0.009     0.0028    0.00088 
  -0.00012  -0.0053   -0.012    -0.00096  -0.0043   -0.031   
   0.0069    0.00048  -0.00041   0.023     0.0023   -0.0037  
  -0.0078   -0.00074   0.00049   0.021    -0.00073   0.0022  
   0.0031   -0.018     0.038     0.013    -0.0018   -0.031   
   0.02      0.0016   -0.0015   -0.0039    0.0041   -0.0035  
  -0.035    -0.002     0.00098   0.028    -0.0069    0.0088  
   0.0042   -0.0028   -0.012    -0.0054    0.0011    0.0027  
   0.0052    0.0018   -0.0089    0.017     0.0026   -0.025   
   0.0059    0.041    -0.011     0.0098    0.0038    0.018   
   0.041     0.0088   -0.017    -0.014     0.0094    0.016   
   0.0085   -0.064    -0.0076    0.0067    0.0035   -0.027   
   0.063     0.0093   -0.016     0.0029    0.015     0.012   
  -0.0066   -0.013     0.0011    0.012     0.00033  -0.0093  
   0         0         0         0         0         0       
   0         0         0         0         0         0       
   0         0         0         0         0         0       
   0         0         0         0        -68        0       
   0         0         0         68        0         0       
   0         0         0         0         0         0       

QFRC_BIAS
  -0.0027  
   0.00075 
   3.3e+02 
  -4.4     
  -15      
   0.44    
  -5.3     
  -1.2     
   0.36    
  -0.36    
  -0.15    
   0.00031 
  -1.1     
  -4.2     
   1.2     
   0.76    
  -0.15    
  -0.009   
   0.6     
   0.99    
  -10      
  -1.9     
   2.7     
   1.3     
  -1.5     
   0.013   
  -0.4     
  -0.0097  
  -4.4     
  -2       
  -0.79    
  -1.4     
  -0.093   
  -0.49    
   0.021   
   0       
   0       
   0.026   
   0       
   0       
   0       

QFRC_SPRING
   0       
   0       
   0       
   0       
   0       
   0       
   0       
   0       
   0       
   0       
   0       
   0       
   0       
   0       
   0       
   0       
   0       
   0       
   0       
   0       
   0       
   0       
   0       
   0       
   0       
   0       
   0       
   0       
   0       
   0       
   0       
   0       
   0       
   0       
   0       
   0       
   0       
   0       
   0       
   0       
   0       

QFRC_DAMPER
   2.6e-06 
  -2.8e-05 
   1.9e-06 
   4.6e-07 
  -1.2e-06 
  -1.7e-06 
   1.1e-06 
   4.7e-05 
   1e-05   
   2.6e-08 
   3.4e-06 
  -3.8e-05 
  -4.4e-07 
   4.2e-05 
   2.5e-06 
   5.6e-06 
  -2.9e-06 
   0.00011 
   9.2e-06 
   1.1e-05 
  -6e-06   
  -5.1e-06 
  -1.2e-05 
  -1.9e-05 
   4.9e-05 
   8.2e-07 
  -2.3e-06 
  -1.8e-05 
  -5.6e-07 
   3e-05   
   3.5e-05 
  -2e-05   
  -8.9e-06 
   2.3e-06 
   2.4e-05 
   0       
   0       
   0       
   0       
   0       
   0       

QFRC_GRAVCOMP
   0       
   0       
   0       
   0       
   0       
   0       
   0       
   0       
   0       
   0       
   0       
   0       
   0       
   0       
   0       
   0       
   0       
   0       
   0       
   0       
   0       
   0       
   0       
   0       
   0       
   0       
   0       
   0       
   0       
   0       
   0       
   0       
   0       
   0       
   0       
   0       
   0       
   0       
   0       
   0       
   0       

QFRC_FLUID
   0       
   0       
   0       
   0       
   0       
   0       
   0       
   0       
   0       
   0       
   0       
   0       
   0       
   0       
   0       
   0       
   0       
   0       
   0       
   0       
   0       
   0       
   0       
   0       
   0       
   0       
   0       
   0       
   0       
   0       
   0       
   0       
   0       
   0       
   0       
   0       
   0       
   0       
   0       
   0       
   0       

QFRC_PASSIVE
   2.6e-06 
  -2.8e-05 
   1.9e-06 
   4.6e-07 
  -1.2e-06 
  -1.7e-06 
   1.1e-06 
   4.7e-05 
   1e-05   
   2.6e-08 
   3.4e-06 
  -3.8e-05 
  -4.4e-07 
   4.2e-05 
   2.5e-06 
   5.6e-06 
  -2.9e-06 
   0.00011 
   9.2e-06 
   1.1e-05 
  -6e-06   
  -5.1e-06 
  -1.2e-05 
  -1.9e-05 
   4.9e-05 
   8.2e-07 
  -2.3e-06 
  -1.8e-05 
  -5.6e-07 
   3e-05   
   3.5e-05 
  -2e-05   
  -8.9e-06 
   2.3e-06 
   2.4e-05 
   0       
   0       
   0       
   0       
   0       
   0       

EFC_VEL
  -0.0026  
   0.028   
  -0.0019  
  -0.00046 
   0.0012  
   0.0017  
  -0.0011  
  -0.047   
  -0.01    
  -2.6e-05 
  -0.0034  
   0.038   
   0.00044 
  -0.042   
  -0.0025  
  -0.0056  
   0.0029  
  -0.11    
  -0.0092  
  -0.011   
   0.006   
   0.0051  
   0.012   
   0.019   
  -0.049   
  -0.00082 
   0.0023  
   0.018   
   0.00056 
  -0.03    
  -0.035   
   0.02    
   0.0089  
  -0.0023  
  -0.024   
   0.0029  
  -0.0037  
  -0.00039 
  -0.00036 
   0.0028  
  -0.0034  
   0.001   
  -0.0016  
  -0.0012  
   0.0014  
  -0.00073 
   0.00094 
  -0.0013  
   0.0017  
   0.00095 
  -0.0006  
  -0.0005  
   0.00066 
  -0.00062 
   0.00078 
  -0.0021  
   0.0026  
  -0.00057 
   0.0011  
   0.00059 
  -0.00093 
   0.00083 
  -0.0012  

EFC_AREF
   0.27    
  -2.9     
   0.2     
   0.048   
  -0.13    
  -0.18    
   0.12    
   5       
   1.1     
   0.0027  
   0.36    
  -4       
  -0.046   
   4.4     
   0.26    
   0.59    
  -0.31    
   11      
   0.97    
   1.2     
  -0.63    
  -0.54    
  -1.3     
  -2       
   5.1     
   0.087   
  -0.24    
  -1.9     
  -0.059   
   3.1     
   3.6     
  -2.1     
  -0.94    
   0.24    
   2.5     
   2.4     
   3.1     
   2.7     
   2.7     
   2.8     
   3.4     
   3       
   3.3     
   0.77    
   0.5     
   0.72    
   0.55    
   1.3     
   0.96    
   1       
   1.2     
   1.4     
   1.2     
   1.4     
   1.2     
   1.9     
   1.4     
   1.8     
   1.6     
   0.78    
   0.94    
   0.75    
   0.96    

SUBTREE_LINVEL
   0         0         0       
   0         0         0       
   0         0         0       
   0         0         0       
   0         0         0       
   0         0         0       
   0         0         0       
   0         0         0       
   0         0         0       
   0         0         0       
   0         0         0       
   0         0         0       
   0         0         0       
   0         0         0       
   0         0         0       
   0         0         0       
   0         0         0       
   0         0         0       
   0         0         0       
   0         0         0       
   0         0         0       
   0         0         0       
   0         0         0       
   0         0         0       
   0         0         0       
   0         0         0       
   0         0         0       
   0         0         0       
   0         0         0       
   0         0         0       
   0         0         0       
   0         0         0       
   0         0         0       
   0         0         0       

SUBTREE_ANGMOM
   0         0         0       
   0         0         0       
   0         0         0       
   0         0         0       
   0         0         0       
   0         0         0       
   0         0         0       
   0         0         0       
   0         0         0       
   0         0         0       
   0         0         0       
   0         0         0       
   0         0         0       
   0         0         0       
   0         0         0       
   0         0         0       
   0         0         0       
   0         0         0       
   0         0         0       
   0         0         0       
   0         0         0       
   0         0         0       
   0         0         0       
   0         0         0       
   0         0         0       
   0         0         0       
   0         0         0       
   0         0         0       
   0         0         0       
   0         0         0       
   0         0         0       
   0         0         0       
   0         0         0       
   0         0         0       

ACTUATOR_FORCE
   12      
   14      
  -6.9     
  -4.2     
  -6.1     
   1.1     
  -2.3     
   2.4     
  -1.2     
  -1.4     
   4       
  -2.2     
   0.45    
   2.2     
  -8.3     
  -1.8     
   2.7     
   1.3     
  -1.6     
   0.0054  
  -0.37    
   0.085   
  -2.8     
  -1.6     
  -0.42    
  -0.46    
   0.026   
   0.055   
  -0.13    

QFRC_ACTUATOR
   0       
   0       
   0       
   0       
   0       
   0       
   12      
   14      
  -6.9     
  -4.2     
  -6.1     
   1.1     
  -2.3     
   2.4     
  -1.2     
  -1.4     
   4       
  -2.2     
   0.45    
   2.2     
  -8.3     
  -1.8     
   2.7     
   1.3     
  -1.6     
   0.0054  
  -0.37    
   0.085   
  -2.8     
  -1.6     
  -0.42    
  -0.46    
   0.026   
   0.055   
  -0.13    
   0       
   0       
   0       
   0       
   0       
   0       

QFRC_SMOOTH
   0.0027  
  -0.00078 
  -3.3e+02 
   4.4     
   15      
  -0.44    
   18      
   15      
  -7.3     
  -3.8     
  -5.9     
   1.1     
  -1.2     
   6.6     
  -2.3     
  -2.2     
   4.1     
  -2.2     
  -0.15    
   1.2     
   1.8     
   0.091   
   0.023   
   0.057   
  -0.11    
  -0.0077  
   0.029   
   0.094   
   1.6     
   0.39    
   0.37    
   0.91    
   0.12    
   0.55    
  -0.15    
   0       
   0       
  -0.026   
   0       
   0       
   0       

QACC_SMOOTH
   2.8     
   2       
  -8.8     
  -58      
  -13      
  -50      
   85      
   63      
  -1.4e+02 
  -1.2e+02 
  -4.8e+02 
   94      
   15      
   90      
  -1.5     
  -57      
   3.4e+02 
  -2.2e+02 
   41      
   71      
  -0.099   
   17      
   4.9     
   2.3     
  -25      
  -1.7     
   5.9     
   11      
  -20      
  -14      
   24      
   15      
   4.5     
   31      
  -9       
   0       
   0       
  -9.8     
   0       
   0       
   0       

EFC_B
   2.6     
   4.9     
  -9       
  -58      
  -13      
  -50      
   85      
   58      
  -1.4e+02 
  -1.2e+02 
  -4.8e+02 
   98      
   15      
   85      
  -1.8     
  -58      
   3.4e+02 
  -2.3e+02 
   40      
   70      
   0.53    
   17      
   6.2     
   4.3     
  -30      
  -1.7     
   6.1     
   13      
  -20      
  -17      
   21      
   17      
   5.4     
   30      
  -11      
  -18      
  -82      
  -76      
  -24      
  -26      
  -89      
  -79      
  -36      
   60      
   28      
   15      
   73      
   50      
   20      
   12      
   58      
   3.5     
  -6.5     
   1.7     
  -4.7     
  -61      
  -39      
  -48      
  -52      
  -9.8     
  -3.3     
  -7.7     
  -5.4     

EFC_FORCE
   0.1     
  -0.1     
   0.1     
   0.041   
  -0.1     
  -0.1     
   0.063   
   0.1     
   0.1     
  -0.0026  
   0.035   
  -0.1     
  -0.023   
   0.1     
   0.035   
   0.1     
  -0.044   
   0.1     
   0.1     
   0.1     
  -0.1     
  -0.1     
  -0.1     
  -0.1     
   0.1     
   0.0077  
  -0.026   
  -0.1     
  -0.031   
   0.1     
   0.1     
  -0.1     
  -0.091   
   0.03    
   0.1     
   21      
   27      
   24      
   24      
   25      
   31      
   27      
   29      
   3.5     
   2.3     
   3.3     
   2.5     
   7       
   5.3     
   5.7     
   6.5     
   8       
   7.3     
   8.1     
   7.2     
   14      
   10      
   13      
   11      
   0.94    
   1.1     
   0.93    
   1.1     

EFC_STATE
  3
  3
  2
  2
  2
  2
  3
  3
  2
  2
  2
  3
  3
  3
  2
  2
  3
  2
  3
  3
  3
  3
  3
  3
  2
  2
  3
  3
  2
  2
  3
  3
  3
  3
  2
  1
  1
  1
  1
  1
  1
  1
  1
  0
  0
  0
  0
  0
  0
  0
  0
  0
  1
  0
  1
  1
  1
  1
  1
  1
  1
  1
  1

QFRC_CONSTRAINT
   0.72    
  -5.1     
   3.3e+02 
  -4.3     
  -15      
   0.24    
  -18      
  -15      
   7.3     
   3.8     
   5.9     
  -1.1     
   1.2     
  -6.7     
   2.4     
   2.2     
  -4.1     
   2.2     
   0.06    
  -0.7     
  -1.8     
  -0.1     
  -0.1     
  -0.1     
   0.1     
   0.0077  
  -0.026   
  -0.1     
  -1.6     
  -0.44    
  -0.37    
  -0.9     
  -0.12    
  -0.55    
   0.15    
   0       
   0       
   0       
   0       
   0       
   0       

QFRC_INVERSE
   0       
   0       
   0       
   0       
   0       
   0       
   0       
   0       
   0       
   0       
   0       
   0       
   0       
   0       
   0       
   0       
   0       
   0       
   0       
   0       
   0       
   0       
   0       
   0       
   0       
   0       
   0       
   0       
   0       
   0       
   0       
   0       
   0       
   0       
   0       
   0       
   0       
   0       
   0       
   0       
   0       

CACC
   0         0         0        -0        -0         9.8     
   0.002     0.019    -0.087     0.026    -0.19      9.8     
   0.0022    0.017    -0.087     0.026    -0.19      9.8     
   0.28      0.051     0.045     0.044    -0.19      9.8     
   0.29      0.05      0.037     0.043    -0.19      9.8     
   0.29      0.06      0.036     0.046    -0.19      9.8     
   0.28      0.1       0.033     0.072    -0.19      9.8     
  -0.0036    0.058     0.032     0.043     0.00072   9.8     
   0.0024    0.016    -0.087     0.026    -0.19      9.8     
   0.26      0.049    -0.022     0.021    -0.2       9.8     
   0.25      0.056     0.0083    0.018    -0.2       9.8     
   0.25     -0.014     0.026    -0.0095   -0.2       9.8     
   0.25      0.08      0.0025    0.056    -0.2       9.8     
   1.1       0.11      0.0035    0.078    -0.75      10      
   0.014     0.013     0.036     0.027    -0.18      9.8     
   0.07      0.019     0.03      0.026    -0.17      9.8     
   0.073    -0.019     0.03      0.031    -0.17      9.8     
   0.078    -0.08      0.012     0.052    -0.17      9.8     
  -0.071    -0.093     0.019     0.058    -0.23      9.8     
  -0.084    -0.0087   -0.1       0.009    -0.24      9.8     
  -0.1       0.34      0.15     -0.0052   -0.23      9.8     
  -0.098     0.34      0.15     -0.0053   -0.23      9.8     
  -0.097     0.33      0.15     -0.0038   -0.23      9.8     
  -0.1       0.32     -0.068    -0.061    -0.2       9.8     
   0.073    -0.019     0.03      0.031    -0.17      9.8     
   0.24      0.034     0.14     -0.0034   -0.11      9.8     
   0.12      0.095     0.3      -0.05     -0.16      9.8     
   0.18     -0.013     0.39     -0.04     -0.15      9.8     
   0.17     -0.015     0.4      -0.04     -0.16      9.8     
   0.17     -0.012     0.4      -0.041    -0.16      9.8     
   0.24     -0.036     0.55     -0.062    -0.19      9.8     
   0.24     -0.036     0.55     -0.062    -0.19      9.8     
   0         0         0         0         0         9.8     
   0         0         0         0         0         0       

CFRC_INT
   0.24      4.9       0.12      0.31     -0.3       2.2e+03 
   0.054    -0.076    -0.1       0.1      -0.098     0.1     
  -7.7       1.5      -0.61     -2.3       8.2      -1.7e+02 
  -9.4       0.67     -0.62     -2.4       8.5      -1.9e+02 
  -11        0.63     -0.61     -2.4       8.7      -2e+02   
  -13        1        -0.61     -2.5       8.9      -2.2e+02 
  -15        1.5      -0.6      -2.5       9        -2.4e+02 
  -15        1.5      -0.6      -2.5       9        -2.4e+02 
   3.3      -2.3       0.44      2.1      -5        -7.8     
   4.7      -2.8       0.43      2.1      -4.8      -21      
   6.4      -2.6       0.43      2.1      -4.5      -36      
   9.1      -2.5       0.43      2.1      -4.3      -53      
   13       -3.1       0.43      2.1      -4.2      -72      
   13       -3.2       0.43      2.1      -4.2      -72      
   4.1      -1.4       0.029     0.19     -2.6       1.4e+02 
   4        -1.5       0.027     0.18     -2.6       1.4e+02 
   4        -1.5       0.026     0.18     -2.5       1.4e+02 
   8.1      -0.61     -0.033     0.091    -0.71      35      
   7        -0.84     -0.035     0.076    -0.57      27      
   5.8      -1.1      -0.038     0.06     -0.44      21      
   3.9      -1.4      -0.038     0.037    -0.28      14      
   2.3      -1.2      -0.029     0.02     -0.16      8       
   2.1      -1.1      -0.027     0.018    -0.14      7.2     
   0.74     -0.54     -0.013     0.0063   -0.049     2.5     
  -4.9      -3         0.019    -0.11     -0.3       30      
  -4.1      -3         0.016    -0.13     -0.15      23      
  -3.1      -2.8       0.018    -0.15     -0.034     17      
  -1.8      -2         0.026    -0.17      0.077     9.9     
  -0.78     -0.93      0.036    -0.19      0.15      4       
  -0.63     -0.74      0.037    -0.19      0.16      3.2     
   0.13      0.51      0.045    -0.2       0.2      -1.5     
   0.26      0.76      0.047    -0.21      0.2      -2.4     
   0.19      4.9       0.23      0.21     -0.2       2.2e+03 
   0         0         0         0         0         0       

CFRC_EXT
   0         0         0         0         0         0       
   0         0         0         0         0         0       
   0         0         0         0         0         0       
   0         0         0         0         0         0       
   0         0         0         0         0         0       
   0         0         0         0         0         0       
   0         0         0         0         0         0       
   16       -1.8       0.6       2.5      -9         2.4e+02 
   0         0         0         0         0         0       
   0         0         0         0         0         0       
   0         0         0         0         0         0       
   0         0         0         0         0         0       
   0         0         0         0         0         0       
  -15        3.5      -0.42     -2.1       4.2       78      
   0         0         0         0         0         0       
   0         0         0         0         0         0       
   0         0         0         0         0         0       
   0         0         0         0         0         0       
   0         0         0         0         0         0       
   0         0         0         0         0         0       
   0         0         0         0         0         0       
   0         0         0         0         0         0       
   0         0         0         0         0         0       
   0         0         0         0         0         0       
   0         0         0         0         0         0       
   0         0         0         0         0         0       
   0         0         0         0         0         0       
   0         0         0         0         0         0       
   0         0         0         0         0         0       
   0         0         0         0         0         0       
   0         0         0         0         0         0       
  -0.59     -1.6      -0.044     0.21     -0.2       4.1     
  -0.19     -4.9      -0.23     -0.21      0.2      -4.1     
   0         0         0         0         0         0       

TREE_ISLAND
  0 -1

ISLAND_NTREE
  1

ISLAND_ITREEADR
  0

MAP_ITREE2TREE
  0 1

DOF_ISLAND            0 0 0 0 0 0 0 0 0 0 0 0 0 0 0 0 0 0 0 0 0 0 0 0 0 0 0 0 0 0 0 0 0 0 0 -1 -1 -1 -1 -1 -1

ISLAND_NV             35

ISLAND_IDOFADR        0

MAP_IDOF2DOF          0 1 2 3 4 5 6 7 8 9 10 11 12 13 14 15 16 17 18 19 20 21 22 23 24 25 26 27 28 29 30 31 32 33 34 | 35 36 37 38 39 40

EFC_ISLAND            0 0 0 0 0 0 0 0 0 0 0 0 0 0 0 0 0 0 0 0 0 0 0 0 0 0 0 0 0 0 0 0 0 0 0 0 0 0 0 0 0 0 0 0 0 0 0 0 0 0 0 0 0 0 0 0 0 0 0 0 0 0 0

ISLAND_NEFC           63

ISLAND_IEFCADR        0

MAP_IEFC2EFC          0 1 2 3 4 5 6 7 8 9 10 11 12 13 14 15 16 17 18 19 20 21 22 23 24 25 26 27 28 29 30 31 32 33 34 35 36 37 38 39 40 41 42 43 44 45 46 47 48 49 50 51 52 53 54 55 56 57 58 59 60 61 62

