[32m2026-08-08 13:40:37.716[0m | [1mINFO    [0m | [36m__main__[0m:[36mmain[0m:[36m27[0m - [1mLog saved to /home/loco1/BOB/Hitter/RobotBridge2-chingmu-ghost-mujoco-20260731/deploy/outputs/2026-08-08/13-40-37/eval.log[0m
[32m2026-08-08 13:40:38.555[0m | [1mINFO    [0m | [36mutils.motion_lib.torch_humanoid_batch[0m:[36m<module>[0m:[36m41[0m - [1mUsing Humanoid Batch[0m
[32m2026-08-08 13:40:38.681[0m | [1mINFO    [0m | [36msimulator.base_sim[0m:[36m_setup[0m:[36m41[0m - [1mRobot-level Control Frequency Set to 200.0HZ[0m
[32m2026-08-08 13:40:38.681[0m | [1mINFO    [0m | [36msimulator.base_sim[0m:[36m_setup[0m:[36m42[0m - [1mPolicy-level Control Frequency Set to 50.0HZ[0m
[32m2026-08-08 13:40:38.682[0m | [1mINFO    [0m | [36msimulator.base_sim[0m:[36m_load_asset[0m:[36m55[0m - [1mJoint left_hip_pitch_joint  Default Angles -0.31200000643730164  P_gain 40.179237365722656  D_gain 2.557889938354492 [0m
[32m2026-08-08 13:40:38.682[0m | [1mINFO    [0m | [36msimulator.base_sim[0m:[36m_load_asset[0m:[36m55[0m - [1mJoint left_hip_roll_joint  Default Angles 0.0  P_gain 99.09842681884766  D_gain 6.308802127838135 [0m
[32m2026-08-08 13:40:38.682[0m | [1mINFO    [0m | [36msimulator.base_sim[0m:[36m_load_asset[0m:[36m55[0m - [1mJoint left_hip_yaw_joint  Default Angles 0.0  P_gain 40.179237365722656  D_gain 2.557889938354492 [0m
[32m2026-08-08 13:40:38.682[0m | [1mINFO    [0m | [36msimulator.base_sim[0m:[36m_load_asset[0m:[36m55[0m - [1mJoint left_knee_joint  Default Angles 0.6690000295639038  P_gain 99.09842681884766  D_gain 6.308802127838135 [0m
[32m2026-08-08 13:40:38.682[0m | [1mINFO    [0m | [36msimulator.base_sim[0m:[36m_load_asset[0m:[36m55[0m - [1mJoint left_ankle_pitch_joint  Default Angles -0.3630000054836273  P_gain 28.501245498657227  D_gain 1.814445972442627 [0m
[32m2026-08-08 13:40:38.682[0m | [1mINFO    [0m | [36msimulator.base_sim[0m:[36m_load_asset[0m:[36m55[0m - [1mJoint left_ankle_roll_joint  Default Angles 0.0  P_gain 28.501245498657227  D_gain 1.814445972442627 [0m
[32m2026-08-08 13:40:38.682[0m | [1mINFO    [0m | [36msimulator.base_sim[0m:[36m_load_asset[0m:[36m55[0m - [1mJoint right_hip_pitch_joint  Default Angles -0.31200000643730164  P_gain 40.179237365722656  D_gain 2.557889938354492 [0m
[32m2026-08-08 13:40:38.682[0m | [1mINFO    [0m | [36msimulator.base_sim[0m:[36m_load_asset[0m:[36m55[0m - [1mJoint right_hip_roll_joint  Default Angles 0.0  P_gain 99.09842681884766  D_gain 6.308802127838135 [0m
[32m2026-08-08 13:40:38.682[0m | [1mINFO    [0m | [36msimulator.base_sim[0m:[36m_load_asset[0m:[36m55[0m - [1mJoint right_hip_yaw_joint  Default Angles 0.0  P_gain 40.179237365722656  D_gain 2.557889938354492 [0m
[32m2026-08-08 13:40:38.682[0m | [1mINFO    [0m | [36msimulator.base_sim[0m:[36m_load_asset[0m:[36m55[0m - [1mJoint right_knee_joint  Default Angles 0.6690000295639038  P_gain 99.09842681884766  D_gain 6.308802127838135 [0m
[32m2026-08-08 13:40:38.682[0m | [1mINFO    [0m | [36msimulator.base_sim[0m:[36m_load_asset[0m:[36m55[0m - [1mJoint right_ankle_pitch_joint  Default Angles -0.3630000054836273  P_gain 28.501245498657227  D_gain 1.814445972442627 [0m
[32m2026-08-08 13:40:38.682[0m | [1mINFO    [0m | [36msimulator.base_sim[0m:[36m_load_asset[0m:[36m55[0m - [1mJoint right_ankle_roll_joint  Default Angles 0.0  P_gain 28.501245498657227  D_gain 1.814445972442627 [0m
[32m2026-08-08 13:40:38.682[0m | [1mINFO    [0m | [36msimulator.base_sim[0m:[36m_load_asset[0m:[36m55[0m - [1mJoint waist_yaw_joint  Default Angles 0.0  P_gain 40.179237365722656  D_gain 2.557889938354492 [0m
[32m2026-08-08 13:40:38.682[0m | [1mINFO    [0m | [36msimulator.base_sim[0m:[36m_load_asset[0m:[36m55[0m - [1mJoint waist_roll_joint  Default Angles 0.0  P_gain 28.501245498657227  D_gain 1.814445972442627 [0m
[32m2026-08-08 13:40:38.682[0m | [1mINFO    [0m | [36msimulator.base_sim[0m:[36m_load_asset[0m:[36m55[0m - [1mJoint waist_pitch_joint  Default Angles 0.0  P_gain 28.501245498657227  D_gain 1.814445972442627 [0m
[32m2026-08-08 13:40:38.682[0m | [1mINFO    [0m | [36msimulator.base_sim[0m:[36m_load_asset[0m:[36m55[0m - [1mJoint left_shoulder_pitch_joint  Default Angles 0.20000000298023224  P_gain 14.250622749328613  D_gain 0.9072229862213135 [0m
[32m2026-08-08 13:40:38.682[0m | [1mINFO    [0m | [36msimulator.base_sim[0m:[36m_load_asset[0m:[36m55[0m - [1mJoint left_shoulder_roll_joint  Default Angles 0.20000000298023224  P_gain 14.250622749328613  D_gain 0.9072229862213135 [0m
[32m2026-08-08 13:40:38.682[0m | [1mINFO    [0m | [36msimulator.base_sim[0m:[36m_load_asset[0m:[36m55[0m - [1mJoint left_shoulder_yaw_joint  Default Angles 0.0  P_gain 14.250622749328613  D_gain 0.9072229862213135 [0m
[32m2026-08-08 13:40:38.682[0m | [1mINFO    [0m | [36msimulator.base_sim[0m:[36m_load_asset[0m:[36m55[0m - [1mJoint left_elbow_joint  Default Angles 0.6000000238418579  P_gain 14.250622749328613  D_gain 0.9072229862213135 [0m
[32m2026-08-08 13:40:38.682[0m | [1mINFO    [0m | [36msimulator.base_sim[0m:[36m_load_asset[0m:[36m55[0m - [1mJoint left_wrist_roll_joint  Default Angles 0.0  P_gain 14.250622749328613  D_gain 0.9072229862213135 [0m
[32m2026-08-08 13:40:38.682[0m | [1mINFO    [0m | [36msimulator.base_sim[0m:[36m_load_asset[0m:[36m55[0m - [1mJoint left_wrist_pitch_joint  Default Angles 0.0  P_gain 16.77832794189453  D_gain 1.068142056465149 [0m
[32m2026-08-08 13:40:38.682[0m | [1mINFO    [0m | [36msimulator.base_sim[0m:[36m_load_asset[0m:[36m55[0m - [1mJoint left_wrist_yaw_joint  Default Angles 0.0  P_gain 16.77832794189453  D_gain 1.068142056465149 [0m
[32m2026-08-08 13:40:38.682[0m | [1mINFO    [0m | [36msimulator.base_sim[0m:[36m_load_asset[0m:[36m55[0m - [1mJoint right_shoulder_pitch_joint  Default Angles 0.20000000298023224  P_gain 14.250622749328613  D_gain 0.9072229862213135 [0m
[32m2026-08-08 13:40:38.682[0m | [1mINFO    [0m | [36msimulator.base_sim[0m:[36m_load_asset[0m:[36m55[0m - [1mJoint right_shoulder_roll_joint  Default Angles -0.20000000298023224  P_gain 14.250622749328613  D_gain 0.9072229862213135 [0m
[32m2026-08-08 13:40:38.682[0m | [1mINFO    [0m | [36msimulator.base_sim[0m:[36m_load_asset[0m:[36m55[0m - [1mJoint right_shoulder_yaw_joint  Default Angles 0.0  P_gain 14.250622749328613  D_gain 0.9072229862213135 [0m
[32m2026-08-08 13:40:38.682[0m | [1mINFO    [0m | [36msimulator.base_sim[0m:[36m_load_asset[0m:[36m55[0m - [1mJoint right_elbow_joint  Default Angles 0.6000000238418579  P_gain 14.250622749328613  D_gain 0.9072229862213135 [0m
[32m2026-08-08 13:40:38.682[0m | [1mINFO    [0m | [36msimulator.base_sim[0m:[36m_load_asset[0m:[36m55[0m - [1mJoint right_wrist_roll_joint  Default Angles 0.0  P_gain 14.250622749328613  D_gain 0.9072229862213135 [0m
[32m2026-08-08 13:40:38.682[0m | [1mINFO    [0m | [36msimulator.base_sim[0m:[36m_load_asset[0m:[36m55[0m - [1mJoint right_wrist_pitch_joint  Default Angles 0.0  P_gain 16.77832794189453  D_gain 1.068142056465149 [0m
[32m2026-08-08 13:40:38.683[0m | [1mINFO    [0m | [36msimulator.base_sim[0m:[36m_load_asset[0m:[36m55[0m - [1mJoint right_wrist_yaw_joint  Default Angles 0.0  P_gain 16.77832794189453  D_gain 1.068142056465149 [0m
[32m2026-08-08 13:40:38.683[0m | [1mINFO    [0m | [36msimulator.base_sim[0m:[36m_load_asset[0m:[36m56[0m - [1mTotal Number of dof: 29[0m
[32m2026-08-08 13:40:38.683[0m | [1mINFO    [0m | [36msimulator.base_sim[0m:[36m_load_asset[0m:[36m57[0m - [1mNumber of Action: 29[0m
mujoco time step :  0.005
[32m2026-08-08 13:40:38.791[0m | [1mINFO    [0m | [36msimulator.mujoco[0m:[36m__init__[0m:[36m156[0m - [1mVisualization Marker: True[0m
[32m2026-08-08 13:40:38.980[0m | [1mINFO    [0m | [36msimulator.mujoco[0m:[36m_init_hitter_ball_input[0m:[36m798[0m - [1mHITTER HIL safety banner: simulator=Mujoco robot_backend=mujoco ball_pipeline=chingmu_ghost channel=vicon_state_data read_only=true ghost_collision=false control_publication_count=0[0m
[32m2026-08-08 13:40:38.981[0m | [1mINFO    [0m | [36mutils.history_handler[0m:[36m__init__[0m:[36m19[0m - [1mHistory Handler initialized![0m
[32m2026-08-08 13:40:38.983[0m | [1mINFO    [0m | [36menvs.hitter[0m:[36m__init__[0m:[36m110[0m - [1mHITTER ball planner configured.[0m
[32m2026-08-08 13:40:38.987[0m | [1mINFO    [0m | [36magents.base_agent[0m:[36mload_onnx_policy[0m:[36m22[0m - [1mLoading ONNX Checkpoint from /home/loco1/BOB/Hitter/RobotBridge2-chingmu-ghost-mujoco-20260731/deploy/data/model/hitter/hitter_model14100_8x4090_poswin001_velstd18_velwin003_104_20260808.onnx[0m
[32m2026-08-08 13:40:38.987[0m | [1mINFO    [0m | [36menvs.hitter[0m:[36mconfigure_from_modelmeta[0m:[36m161[0m - [1mApplying HITTER joint configuration from ONNX model.[0m
[32m2026-08-08 13:40:38.990[0m | [1mINFO    [0m | [36menvs.hitter[0m:[36mconfigure_from_modelmeta[0m:[36m203[0m - [1mHITTER policy metadata configured, 29 degrees of freedom.[0m
[32m2026-08-08 13:40:38.990[0m | [1mINFO    [0m | [36magents.hitter_agent[0m:[36mload_onnx_policy[0m:[36m22[0m - [1mHITTER policy metadata loaded. Joints: 29 Anchor body: pelvis[0m
In run
[32m2026-08-08 13:40:38.990[0m | [1mINFO    [0m | [36msimulator.mujoco[0m:[36mcalibrate[0m:[36m1098[0m - [1mResetting envs with ref_dof_pos=['-0.312', '0.000', '0.000', '0.669', '-0.363', '0.000', '-0.312', '0.000', '0.000', '0.669', '-0.363', '0.000', '0.000', '0.000', '0.000', '0.200', '0.200', '0.000', '0.600', '0.000', '0.000', '0.000', '0.200', '-0.200', '0.000', '0.600', '0.000', '0.000', '0.000'][0m
[32m2026-08-08 13:40:38.992[0m | [1mINFO    [0m | [36menvs.hitter[0m:[36m_capture_hitter_waiting_base_target[0m:[36m593[0m - [1mHITTER waiting base target captured in mode=capture_current at world position [-0.4000000059604645, 0.0, 0.7929999828338623].[0m
[32m2026-08-08 13:40:38.992[0m | [1mINFO    [0m | [36menvs.base_env[0m:[36m_update_obs[0m:[36m92[0m - [1mReceive observation: ['actions', 'root_quat', 'root_rpy', 'base_ang_vel', 'base_lin_vel', 'dof_pos', 'dof_vel', 'projected_gravity'][0m
[32m2026-08-08 13:40:38.993[0m | [1mINFO    [0m | [36menvs.hitter[0m:[36m_log_hitter_status[0m:[36m1029[0m - [1mHITTER realtime status: phase=waiting submitted=0 completed=0 failed=0 dropped=0 result_age_s=nan epoch=None generation=None policy_tts=0.920[0m
[32m2026-08-08 13:40:39.994[0m | [1mINFO    [0m | [36menvs.hitter[0m:[36m_log_hitter_status[0m:[36m1029[0m - [1mHITTER realtime status: phase=waiting submitted=0 completed=0 failed=0 dropped=0 result_age_s=nan epoch=None generation=None policy_tts=0.920[0m
[32m2026-08-08 13:40:40.994[0m | [1mINFO    [0m | [36menvs.hitter[0m:[36m_log_hitter_status[0m:[36m1029[0m - [1mHITTER realtime status: phase=waiting submitted=0 completed=0 failed=0 dropped=0 result_age_s=nan epoch=None generation=None policy_tts=0.920[0m
[32m2026-08-08 13:40:41.995[0m | [1mINFO    [0m | [36menvs.hitter[0m:[36m_log_hitter_status[0m:[36m1029[0m - [1mHITTER realtime status: phase=waiting submitted=0 completed=0 failed=0 dropped=0 result_age_s=nan epoch=None generation=None policy_tts=0.920[0m
[32m2026-08-08 13:40:42.995[0m | [1mINFO    [0m | [36menvs.hitter[0m:[36m_log_hitter_status[0m:[36m1029[0m - [1mHITTER realtime status: phase=waiting submitted=0 completed=0 failed=0 dropped=0 result_age_s=nan epoch=None generation=None policy_tts=0.920[0m
[32m2026-08-08 13:40:43.995[0m | [1mINFO    [0m | [36menvs.hitter[0m:[36m_log_hitter_status[0m:[36m1029[0m - [1mHITTER realtime status: phase=waiting submitted=0 completed=0 failed=0 dropped=0 result_age_s=nan epoch=None generation=None policy_tts=0.920[0m
[32m2026-08-08 13:40:45.014[0m | [1mINFO    [0m | [36menvs.hitter[0m:[36m_log_hitter_status[0m:[36m1029[0m - [1mHITTER realtime status: phase=waiting submitted=0 completed=0 failed=0 dropped=0 result_age_s=nan epoch=None generation=None policy_tts=0.920[0m
[32m2026-08-08 13:40:46.015[0m | [1mINFO    [0m | [36menvs.hitter[0m:[36m_log_hitter_status[0m:[36m1029[0m - [1mHITTER realtime status: phase=waiting submitted=0 completed=0 failed=0 dropped=0 result_age_s=nan epoch=None generation=None policy_tts=0.920[0m
[32m2026-08-08 13:40:47.034[0m | [1mINFO    [0m | [36menvs.hitter[0m:[36m_log_hitter_status[0m:[36m1029[0m - [1mHITTER realtime status: phase=waiting submitted=0 completed=0 failed=0 dropped=0 result_age_s=nan epoch=None generation=None policy_tts=0.920[0m
[32m2026-08-08 13:40:48.034[0m | [1mINFO    [0m | [36menvs.hitter[0m:[36m_log_hitter_status[0m:[36m1029[0m - [1mHITTER realtime status: phase=waiting submitted=0 completed=0 failed=0 dropped=0 result_age_s=nan epoch=None generation=None policy_tts=0.920[0m
[32m2026-08-08 13:40:49.035[0m | [1mINFO    [0m | [36menvs.hitter[0m:[36m_log_hitter_status[0m:[36m1029[0m - [1mHITTER realtime status: phase=waiting submitted=0 completed=0 failed=0 dropped=0 result_age_s=nan epoch=None generation=None policy_tts=0.920[0m
[32m2026-08-08 13:40:50.035[0m | [1mINFO    [0m | [36menvs.hitter[0m:[36m_log_hitter_status[0m:[36m1029[0m - [1mHITTER realtime status: phase=waiting submitted=0 completed=0 failed=0 dropped=0 result_age_s=nan epoch=None generation=None policy_tts=0.920[0m
[32m2026-08-08 13:40:51.035[0m | [1mINFO    [0m | [36menvs.hitter[0m:[36m_log_hitter_status[0m:[36m1029[0m - [1mHITTER realtime status: phase=waiting submitted=0 completed=0 failed=0 dropped=0 result_age_s=nan epoch=None generation=None policy_tts=0.920[0m
[32m2026-08-08 13:40:52.054[0m | [1mINFO    [0m | [36menvs.hitter[0m:[36m_log_hitter_status[0m:[36m1029[0m - [1mHITTER realtime status: phase=waiting submitted=0 completed=0 failed=0 dropped=0 result_age_s=nan epoch=None generation=None policy_tts=0.920[0m
[32m2026-08-08 13:40:53.055[0m | [1mINFO    [0m | [36menvs.hitter[0m:[36m_log_hitter_status[0m:[36m1029[0m - [1mHITTER realtime status: phase=waiting submitted=0 completed=0 failed=0 dropped=0 result_age_s=nan epoch=None generation=None policy_tts=0.920[0m
[32m2026-08-08 13:40:54.055[0m | [1mINFO    [0m | [36menvs.hitter[0m:[36m_log_hitter_status[0m:[36m1029[0m - [1mHITTER realtime status: phase=waiting submitted=0 completed=0 failed=0 dropped=0 result_age_s=nan epoch=None generation=None policy_tts=0.920[0m
[32m2026-08-08 13:40:55.074[0m | [1mINFO    [0m | [36menvs.hitter[0m:[36m_log_hitter_status[0m:[36m1029[0m - [1mHITTER realtime status: phase=waiting submitted=0 completed=0 failed=0 dropped=0 result_age_s=nan epoch=None generation=None policy_tts=0.920[0m
[32m2026-08-08 13:40:56.075[0m | [1mINFO    [0m | [36menvs.hitter[0m:[36m_log_hitter_status[0m:[36m1029[0m - [1mHITTER realtime status: phase=waiting submitted=0 completed=0 failed=0 dropped=0 result_age_s=nan epoch=None generation=None policy_tts=0.920[0m
[32m2026-08-08 13:40:57.075[0m | [1mINFO    [0m | [36menvs.hitter[0m:[36m_log_hitter_status[0m:[36m1029[0m - [1mHITTER realtime status: phase=waiting submitted=0 completed=0 failed=0 dropped=0 result_age_s=nan epoch=None generation=None policy_tts=0.920[0m
[32m2026-08-08 13:40:58.075[0m | [1mINFO    [0m | [36menvs.hitter[0m:[36m_log_hitter_status[0m:[36m1029[0m - [1mHITTER realtime status: phase=waiting submitted=0 completed=0 failed=0 dropped=0 result_age_s=nan epoch=None generation=None policy_tts=0.920[0m
[32m2026-08-08 13:40:59.094[0m | [1mINFO    [0m | [36menvs.hitter[0m:[36m_log_hitter_status[0m:[36m1029[0m - [1mHITTER realtime status: phase=waiting submitted=0 completed=0 failed=0 dropped=0 result_age_s=nan epoch=None generation=None policy_tts=0.920[0m
[32m2026-08-08 13:41:00.095[0m | [1mINFO    [0m | [36menvs.hitter[0m:[36m_log_hitter_status[0m:[36m1029[0m - [1mHITTER realtime status: phase=waiting submitted=0 completed=0 failed=0 dropped=0 result_age_s=nan epoch=None generation=None policy_tts=0.920[0m
[32m2026-08-08 13:41:01.095[0m | [1mINFO    [0m | [36menvs.hitter[0m:[36m_log_hitter_status[0m:[36m1029[0m - [1mHITTER realtime status: phase=waiting submitted=0 completed=0 failed=0 dropped=0 result_age_s=nan epoch=None generation=None policy_tts=0.920[0m
[32m2026-08-08 13:41:02.114[0m | [1mINFO    [0m | [36menvs.hitter[0m:[36m_log_hitter_status[0m:[36m1029[0m - [1mHITTER realtime status: phase=waiting submitted=0 completed=0 failed=0 dropped=0 result_age_s=nan epoch=None generation=None policy_tts=0.920[0m
[32m2026-08-08 13:41:03.114[0m | [1mINFO    [0m | [36menvs.hitter[0m:[36m_log_hitter_status[0m:[36m1029[0m - [1mHITTER realtime status: phase=waiting submitted=0 completed=0 failed=0 dropped=0 result_age_s=nan epoch=None generation=None policy_tts=0.920[0m
[32m2026-08-08 13:41:04.114[0m | [1mINFO    [0m | [36menvs.hitter[0m:[36m_log_hitter_status[0m:[36m1029[0m - [1mHITTER realtime status: phase=waiting submitted=0 completed=0 failed=0 dropped=0 result_age_s=nan epoch=None generation=None policy_tts=0.920[0m
[32m2026-08-08 13:41:05.115[0m | [1mINFO    [0m | [36menvs.hitter[0m:[36m_log_hitter_status[0m:[36m1029[0m - [1mHITTER realtime status: phase=waiting submitted=0 completed=0 failed=0 dropped=0 result_age_s=nan epoch=None generation=None policy_tts=0.920[0m
[32m2026-08-08 13:41:06.115[0m | [1mINFO    [0m | [36menvs.hitter[0m:[36m_log_hitter_status[0m:[36m1029[0m - [1mHITTER realtime status: phase=waiting submitted=0 completed=0 failed=0 dropped=0 result_age_s=nan epoch=None generation=None policy_tts=0.920[0m
[32m2026-08-08 13:41:07.134[0m | [1mINFO    [0m | [36menvs.hitter[0m:[36m_log_hitter_status[0m:[36m1029[0m - [1mHITTER realtime status: phase=waiting submitted=0 completed=0 failed=0 dropped=0 result_age_s=nan epoch=None generation=None policy_tts=0.920[0m
[32m2026-08-08 13:41:08.134[0m | [1mINFO    [0m | [36menvs.hitter[0m:[36m_log_hitter_status[0m:[36m1029[0m - [1mHITTER realtime status: phase=waiting submitted=0 completed=0 failed=0 dropped=0 result_age_s=nan epoch=None generation=None policy_tts=0.920[0m
[32m2026-08-08 13:41:09.135[0m | [1mINFO    [0m | [36menvs.hitter[0m:[36m_log_hitter_status[0m:[36m1029[0m - [1mHITTER realtime status: phase=waiting submitted=0 completed=0 failed=0 dropped=0 result_age_s=nan epoch=None generation=None policy_tts=0.920[0m
[32m2026-08-08 13:41:10.135[0m | [1mINFO    [0m | [36menvs.hitter[0m:[36m_log_hitter_status[0m:[36m1029[0m - [1mHITTER realtime status: phase=waiting submitted=0 completed=0 failed=0 dropped=0 result_age_s=nan epoch=None generation=None policy_tts=0.920[0m
[32m2026-08-08 13:41:11.154[0m | [1mINFO    [0m | [36menvs.hitter[0m:[36m_log_hitter_status[0m:[36m1029[0m - [1mHITTER realtime status: phase=waiting submitted=0 completed=0 failed=0 dropped=0 result_age_s=nan epoch=None generation=None policy_tts=0.920[0m
[32m2026-08-08 13:41:12.154[0m | [1mINFO    [0m | [36menvs.hitter[0m:[36m_log_hitter_status[0m:[36m1029[0m - [1mHITTER realtime status: phase=waiting submitted=0 completed=0 failed=0 dropped=0 result_age_s=nan epoch=None generation=None policy_tts=0.920[0m
[32m2026-08-08 13:41:13.154[0m | [1mINFO    [0m | [36menvs.hitter[0m:[36m_log_hitter_status[0m:[36m1029[0m - [1mHITTER realtime status: phase=waiting submitted=0 completed=0 failed=0 dropped=0 result_age_s=nan epoch=None generation=None policy_tts=0.920[0m
[32m2026-08-08 13:41:14.155[0m | [1mINFO    [0m | [36menvs.hitter[0m:[36m_log_hitter_status[0m:[36m1029[0m - [1mHITTER realtime status: phase=waiting submitted=0 completed=0 failed=0 dropped=0 result_age_s=nan epoch=None generation=None policy_tts=0.920[0m
[32m2026-08-08 13:41:15.155[0m | [1mINFO    [0m | [36menvs.hitter[0m:[36m_log_hitter_status[0m:[36m1029[0m - [1mHITTER realtime status: phase=waiting submitted=0 completed=0 failed=0 dropped=0 result_age_s=nan epoch=None generation=None policy_tts=0.920[0m
[32m2026-08-08 13:41:16.174[0m | [1mINFO    [0m | [36menvs.hitter[0m:[36m_log_hitter_status[0m:[36m1029[0m - [1mHITTER realtime status: phase=waiting submitted=0 completed=0 failed=0 dropped=0 result_age_s=nan epoch=None generation=None policy_tts=0.920[0m
[32m2026-08-08 13:41:17.174[0m | [1mINFO    [0m | [36menvs.hitter[0m:[36m_log_hitter_status[0m:[36m1029[0m - [1mHITTER realtime status: phase=waiting submitted=0 completed=0 failed=0 dropped=0 result_age_s=nan epoch=None generation=None policy_tts=0.920[0m
[32m2026-08-08 13:41:18.175[0m | [1mINFO    [0m | [36menvs.hitter[0m:[36m_log_hitter_status[0m:[36m1029[0m - [1mHITTER realtime status: phase=waiting submitted=0 completed=0 failed=0 dropped=0 result_age_s=nan epoch=None generation=None policy_tts=0.920[0m
[32m2026-08-08 13:41:19.175[0m | [1mINFO    [0m | [36menvs.hitter[0m:[36m_log_hitter_status[0m:[36m1029[0m - [1mHITTER realtime status: phase=waiting submitted=0 completed=0 failed=0 dropped=0 result_age_s=nan epoch=None generation=None policy_tts=0.920[0m
[32m2026-08-08 13:41:20.175[0m | [1mINFO    [0m | [36menvs.hitter[0m:[36m_log_hitter_status[0m:[36m1029[0m - [1mHITTER realtime status: phase=waiting submitted=0 completed=0 failed=0 dropped=0 result_age_s=nan epoch=None generation=None policy_tts=0.920[0m
[32m2026-08-08 13:41:21.194[0m | [1mINFO    [0m | [36menvs.hitter[0m:[36m_log_hitter_status[0m:[36m1029[0m - [1mHITTER realtime status: phase=waiting submitted=0 completed=0 failed=0 dropped=0 result_age_s=nan epoch=None generation=None policy_tts=0.920[0m
[32m2026-08-08 13:41:22.194[0m | [1mINFO    [0m | [36menvs.hitter[0m:[36m_log_hitter_status[0m:[36m1029[0m - [1mHITTER realtime status: phase=waiting submitted=0 completed=0 failed=0 dropped=0 result_age_s=nan epoch=None generation=None policy_tts=0.920[0m
[32m2026-08-08 13:41:23.194[0m | [1mINFO    [0m | [36menvs.hitter[0m:[36m_log_hitter_status[0m:[36m1029[0m - [1mHITTER realtime status: phase=waiting submitted=0 completed=0 failed=0 dropped=0 result_age_s=nan epoch=None generation=None policy_tts=0.920[0m
[32m2026-08-08 13:41:24.195[0m | [1mINFO    [0m | [36menvs.hitter[0m:[36m_log_hitter_status[0m:[36m1029[0m - [1mHITTER realtime status: phase=waiting submitted=0 completed=0 failed=0 dropped=0 result_age_s=nan epoch=None generation=None policy_tts=0.920[0m
[32m2026-08-08 13:41:25.195[0m | [1mINFO    [0m | [36menvs.hitter[0m:[36m_log_hitter_status[0m:[36m1029[0m - [1mHITTER realtime status: phase=waiting submitted=0 completed=0 failed=0 dropped=0 result_age_s=nan epoch=None generation=None policy_tts=0.920[0m
[32m2026-08-08 13:41:26.214[0m | [1mINFO    [0m | [36menvs.hitter[0m:[36m_log_hitter_status[0m:[36m1029[0m - [1mHITTER realtime status: phase=waiting submitted=0 completed=0 failed=0 dropped=0 result_age_s=nan epoch=None generation=None policy_tts=0.920[0m
[32m2026-08-08 13:41:27.215[0m | [1mINFO    [0m | [36menvs.hitter[0m:[36m_log_hitter_status[0m:[36m1029[0m - [1mHITTER realtime status: phase=waiting submitted=0 completed=0 failed=0 dropped=0 result_age_s=nan epoch=None generation=None policy_tts=0.920[0m
[32m2026-08-08 13:41:28.234[0m | [1mINFO    [0m | [36menvs.hitter[0m:[36m_log_hitter_status[0m:[36m1029[0m - [1mHITTER realtime status: phase=waiting submitted=0 completed=0 failed=0 dropped=0 result_age_s=nan epoch=None generation=None policy_tts=0.920[0m
[32m2026-08-08 13:41:29.234[0m | [1mINFO    [0m | [36menvs.hitter[0m:[36m_log_hitter_status[0m:[36m1029[0m - [1mHITTER realtime status: phase=waiting submitted=0 completed=0 failed=0 dropped=0 result_age_s=nan epoch=None generation=None policy_tts=0.920[0m
[32m2026-08-08 13:41:30.235[0m | [1mINFO    [0m | [36menvs.hitter[0m:[36m_log_hitter_status[0m:[36m1029[0m - [1mHITTER realtime status: phase=waiting submitted=0 completed=0 failed=0 dropped=0 result_age_s=nan epoch=None generation=None policy_tts=0.920[0m
[32m2026-08-08 13:41:31.254[0m | [1mINFO    [0m | [36menvs.hitter[0m:[36m_log_hitter_status[0m:[36m1029[0m - [1mHITTER realtime status: phase=waiting submitted=0 completed=0 failed=0 dropped=0 result_age_s=nan epoch=None generation=None policy_tts=0.920[0m
[32m2026-08-08 13:41:32.255[0m | [1mINFO    [0m | [36menvs.hitter[0m:[36m_log_hitter_status[0m:[36m1029[0m - [1mHITTER realtime status: phase=waiting submitted=0 completed=0 failed=0 dropped=0 result_age_s=nan epoch=None generation=None policy_tts=0.920[0m
[32m2026-08-08 13:41:33.274[0m | [1mINFO    [0m | [36menvs.hitter[0m:[36m_log_hitter_status[0m:[36m1029[0m - [1mHITTER realtime status: phase=waiting submitted=0 completed=0 failed=0 dropped=0 result_age_s=nan epoch=None generation=None policy_tts=0.920[0m
[32m2026-08-08 13:41:34.275[0m | [1mINFO    [0m | [36menvs.hitter[0m:[36m_log_hitter_status[0m:[36m1029[0m - [1mHITTER realtime status: phase=waiting submitted=0 completed=0 failed=0 dropped=0 result_age_s=nan epoch=None generation=None policy_tts=0.920[0m
[32m2026-08-08 13:41:35.275[0m | [1mINFO    [0m | [36menvs.hitter[0m:[36m_log_hitter_status[0m:[36m1029[0m - [1mHITTER realtime status: phase=waiting submitted=0 completed=0 failed=0 dropped=0 result_age_s=nan epoch=None generation=None policy_tts=0.920[0m
[32m2026-08-08 13:41:36.294[0m | [1mINFO    [0m | [36menvs.hitter[0m:[36m_log_hitter_status[0m:[36m1029[0m - [1mHITTER realtime status: phase=waiting submitted=0 completed=0 failed=0 dropped=0 result_age_s=nan epoch=None generation=None policy_tts=0.920[0m
[32m2026-08-08 13:41:37.294[0m | [1mINFO    [0m | [36menvs.hitter[0m:[36m_log_hitter_status[0m:[36m1029[0m - [1mHITTER realtime status: phase=waiting submitted=0 completed=0 failed=0 dropped=0 result_age_s=nan epoch=None generation=None policy_tts=0.920[0m
[32m2026-08-08 13:41:38.294[0m | [1mINFO    [0m | [36menvs.hitter[0m:[36m_log_hitter_status[0m:[36m1029[0m - [1mHITTER realtime status: phase=waiting submitted=0 completed=0 failed=0 dropped=0 result_age_s=nan epoch=None generation=None policy_tts=0.920[0m
[32m2026-08-08 13:41:39.295[0m | [1mINFO    [0m | [36menvs.hitter[0m:[36m_log_hitter_status[0m:[36m1029[0m - [1mHITTER realtime status: phase=waiting submitted=0 completed=0 failed=0 dropped=0 result_age_s=nan epoch=None generation=None policy_tts=0.920[0m
[32m2026-08-08 13:41:40.295[0m | [1mINFO    [0m | [36menvs.hitter[0m:[36m_log_hitter_status[0m:[36m1029[0m - [1mHITTER realtime status: phase=waiting submitted=0 completed=0 failed=0 dropped=0 result_age_s=nan epoch=None generation=None policy_tts=0.920[0m
[32m2026-08-08 13:41:41.295[0m | [1mINFO    [0m | [36menvs.hitter[0m:[36m_log_hitter_status[0m:[36m1029[0m - [1mHITTER realtime status: phase=waiting submitted=0 completed=0 failed=0 dropped=0 result_age_s=nan epoch=None generation=None policy_tts=0.920[0m
[32m2026-08-08 13:41:42.295[0m | [1mINFO    [0m | [36menvs.hitter[0m:[36m_log_hitter_status[0m:[36m1029[0m - [1mHITTER realtime status: phase=waiting submitted=0 completed=0 failed=0 dropped=0 result_age_s=nan epoch=None generation=None policy_tts=0.920[0m
[32m2026-08-08 13:41:43.295[0m | [1mINFO    [0m | [36menvs.hitter[0m:[36m_log_hitter_status[0m:[36m1029[0m - [1mHITTER realtime status: phase=waiting submitted=0 completed=0 failed=0 dropped=0 result_age_s=nan epoch=None generation=None policy_tts=0.920[0m
[32m2026-08-08 13:41:44.314[0m | [1mINFO    [0m | [36menvs.hitter[0m:[36m_log_hitter_status[0m:[36m1029[0m - [1mHITTER realtime status: phase=waiting submitted=0 completed=0 failed=0 dropped=0 result_age_s=nan epoch=None generation=None policy_tts=0.920[0m
[32m2026-08-08 13:41:45.315[0m | [1mINFO    [0m | [36menvs.hitter[0m:[36m_log_hitter_status[0m:[36m1029[0m - [1mHITTER realtime status: phase=waiting submitted=0 completed=0 failed=0 dropped=0 result_age_s=nan epoch=None generation=None policy_tts=0.920[0m
[32m2026-08-08 13:41:46.334[0m | [1mINFO    [0m | [36menvs.hitter[0m:[36m_log_hitter_status[0m:[36m1029[0m - [1mHITTER realtime status: phase=waiting submitted=0 completed=0 failed=0 dropped=0 result_age_s=nan epoch=None generation=None policy_tts=0.920[0m
[32m2026-08-08 13:41:47.335[0m | [1mINFO    [0m | [36menvs.hitter[0m:[36m_log_hitter_status[0m:[36m1029[0m - [1mHITTER realtime status: phase=waiting submitted=0 completed=0 failed=0 dropped=0 result_age_s=nan epoch=None generation=None policy_tts=0.920[0m
[32m2026-08-08 13:41:48.335[0m | [1mINFO    [0m | [36menvs.hitter[0m:[36m_log_hitter_status[0m:[36m1029[0m - [1mHITTER realtime status: phase=waiting submitted=0 completed=0 failed=0 dropped=0 result_age_s=nan epoch=None generation=None policy_tts=0.920[0m
[32m2026-08-08 13:41:49.335[0m | [1mINFO    [0m | [36menvs.hitter[0m:[36m_log_hitter_status[0m:[36m1029[0m - [1mHITTER realtime status: phase=waiting submitted=0 completed=0 failed=0 dropped=0 result_age_s=nan epoch=None generation=None policy_tts=0.920[0m
[32m2026-08-08 13:41:50.335[0m | [1mINFO    [0m | [36menvs.hitter[0m:[36m_log_hitter_status[0m:[36m1029[0m - [1mHITTER realtime status: phase=waiting submitted=0 completed=0 failed=0 dropped=0 result_age_s=nan epoch=None generation=None policy_tts=0.920[0m
[32m2026-08-08 13:41:51.335[0m | [1mINFO    [0m | [36menvs.hitter[0m:[36m_log_hitter_status[0m:[36m1029[0m - [1mHITTER realtime status: phase=waiting submitted=0 completed=0 failed=0 dropped=0 result_age_s=nan epoch=None generation=None policy_tts=0.920[0m
[32m2026-08-08 13:41:52.354[0m | [1mINFO    [0m | [36menvs.hitter[0m:[36m_log_hitter_status[0m:[36m1029[0m - [1mHITTER realtime status: phase=waiting submitted=0 completed=0 failed=0 dropped=0 result_age_s=nan epoch=None generation=None policy_tts=0.920[0m
[32m2026-08-08 13:41:53.354[0m | [1mINFO    [0m | [36menvs.hitter[0m:[36m_log_hitter_status[0m:[36m1029[0m - [1mHITTER realtime status: phase=waiting submitted=0 completed=0 failed=0 dropped=0 result_age_s=nan epoch=None generation=None policy_tts=0.920[0m
[32m2026-08-08 13:41:54.355[0m | [1mINFO    [0m | [36menvs.hitter[0m:[36m_log_hitter_status[0m:[36m1029[0m - [1mHITTER realtime status: phase=waiting submitted=0 completed=0 failed=0 dropped=0 result_age_s=nan epoch=None generation=None policy_tts=0.920[0m
[32m2026-08-08 13:41:55.374[0m | [1mINFO    [0m | [36menvs.hitter[0m:[36m_log_hitter_status[0m:[36m1029[0m - [1mHITTER realtime status: phase=waiting submitted=0 completed=0 failed=0 dropped=0 result_age_s=nan epoch=None generation=None policy_tts=0.920[0m
[32m2026-08-08 13:41:56.375[0m | [1mINFO    [0m | [36menvs.hitter[0m:[36m_log_hitter_status[0m:[36m1029[0m - [1mHITTER realtime status: phase=waiting submitted=0 completed=0 failed=0 dropped=0 result_age_s=nan epoch=None generation=None policy_tts=0.920[0m
[32m2026-08-08 13:41:57.394[0m | [1mINFO    [0m | [36menvs.hitter[0m:[36m_log_hitter_status[0m:[36m1029[0m - [1mHITTER realtime status: phase=waiting submitted=0 completed=0 failed=0 dropped=0 result_age_s=nan epoch=None generation=None policy_tts=0.920[0m
[32m2026-08-08 13:41:58.395[0m | [1mINFO    [0m | [36menvs.hitter[0m:[36m_log_hitter_status[0m:[36m1029[0m - [1mHITTER realtime status: phase=waiting submitted=0 completed=0 failed=0 dropped=0 result_age_s=nan epoch=None generation=None policy_tts=0.920[0m
[32m2026-08-08 13:41:59.395[0m | [1mINFO    [0m | [36menvs.hitter[0m:[36m_log_hitter_status[0m:[36m1029[0m - [1mHITTER realtime status: phase=waiting submitted=0 completed=0 failed=0 dropped=0 result_age_s=nan epoch=None generation=None policy_tts=0.920[0m
[32m2026-08-08 13:42:00.414[0m | [1mINFO    [0m | [36menvs.hitter[0m:[36m_log_hitter_status[0m:[36m1029[0m - [1mHITTER realtime status: phase=waiting submitted=0 completed=0 failed=0 dropped=0 result_age_s=nan epoch=None generation=None policy_tts=0.920[0m
[32m2026-08-08 13:42:01.414[0m | [1mINFO    [0m | [36menvs.hitter[0m:[36m_log_hitter_status[0m:[36m1029[0m - [1mHITTER realtime status: phase=waiting submitted=0 completed=0 failed=0 dropped=0 result_age_s=nan epoch=None generation=None policy_tts=0.920[0m
[32m2026-08-08 13:42:02.415[0m | [1mINFO    [0m | [36menvs.hitter[0m:[36m_log_hitter_status[0m:[36m1029[0m - [1mHITTER realtime status: phase=waiting submitted=0 completed=0 failed=0 dropped=0 result_age_s=nan epoch=None generation=None policy_tts=0.920[0m
[32m2026-08-08 13:42:03.415[0m | [1mINFO    [0m | [36menvs.hitter[0m:[36m_log_hitter_status[0m:[36m1029[0m - [1mHITTER realtime status: phase=waiting submitted=0 completed=0 failed=0 dropped=0 result_age_s=nan epoch=None generation=None policy_tts=0.920[0m
[32m2026-08-08 13:42:04.434[0m | [1mINFO    [0m | [36menvs.hitter[0m:[36m_log_hitter_status[0m:[36m1029[0m - [1mHITTER realtime status: phase=waiting submitted=0 completed=0 failed=0 dropped=0 result_age_s=nan epoch=None generation=None policy_tts=0.920[0m
[32m2026-08-08 13:42:05.435[0m | [1mINFO    [0m | [36menvs.hitter[0m:[36m_log_hitter_status[0m:[36m1029[0m - [1mHITTER realtime status: phase=waiting submitted=0 completed=0 failed=0 dropped=0 result_age_s=nan epoch=None generation=None policy_tts=0.920[0m
[32m2026-08-08 13:42:06.435[0m | [1mINFO    [0m | [36menvs.hitter[0m:[36m_log_hitter_status[0m:[36m1029[0m - [1mHITTER realtime status: phase=waiting submitted=0 completed=0 failed=0 dropped=0 result_age_s=nan epoch=None generation=None policy_tts=0.920[0m
[32m2026-08-08 13:42:07.454[0m | [1mINFO    [0m | [36menvs.hitter[0m:[36m_log_hitter_status[0m:[36m1029[0m - [1mHITTER realtime status: phase=waiting submitted=0 completed=0 failed=0 dropped=0 result_age_s=nan epoch=None generation=None policy_tts=0.920[0m
[32m2026-08-08 13:42:08.454[0m | [1mINFO    [0m | [36menvs.hitter[0m:[36m_log_hitter_status[0m:[36m1029[0m - [1mHITTER realtime status: phase=waiting submitted=0 completed=0 failed=0 dropped=0 result_age_s=nan epoch=None generation=None policy_tts=0.920[0m
[32m2026-08-08 13:42:09.455[0m | [1mINFO    [0m | [36menvs.hitter[0m:[36m_log_hitter_status[0m:[36m1029[0m - [1mHITTER realtime status: phase=waiting submitted=0 completed=0 failed=0 dropped=0 result_age_s=nan epoch=None generation=None policy_tts=0.920[0m
[32m2026-08-08 13:42:10.455[0m | [1mINFO    [0m | [36menvs.hitter[0m:[36m_log_hitter_status[0m:[36m1029[0m - [1mHITTER realtime status: phase=waiting submitted=0 completed=0 failed=0 dropped=0 result_age_s=nan epoch=None generation=None policy_tts=0.920[0m
[32m2026-08-08 13:42:11.474[0m | [1mINFO    [0m | [36menvs.hitter[0m:[36m_log_hitter_status[0m:[36m1029[0m - [1mHITTER realtime status: phase=waiting submitted=0 completed=0 failed=0 dropped=0 result_age_s=nan epoch=None generation=None policy_tts=0.920[0m
[32m2026-08-08 13:42:12.474[0m | [1mINFO    [0m | [36menvs.hitter[0m:[36m_log_hitter_status[0m:[36m1029[0m - [1mHITTER realtime status: phase=waiting submitted=0 completed=0 failed=0 dropped=0 result_age_s=nan epoch=None generation=None policy_tts=0.920[0m
[32m2026-08-08 13:42:13.475[0m | [1mINFO    [0m | [36menvs.hitter[0m:[36m_log_hitter_status[0m:[36m1029[0m - [1mHITTER realtime status: phase=waiting submitted=0 completed=0 failed=0 dropped=0 result_age_s=nan epoch=None generation=None policy_tts=0.920[0m
[32m2026-08-08 13:42:14.475[0m | [1mINFO    [0m | [36menvs.hitter[0m:[36m_log_hitter_status[0m:[36m1029[0m - [1mHITTER realtime status: phase=waiting submitted=0 completed=0 failed=0 dropped=0 result_age_s=nan epoch=None generation=None policy_tts=0.920[0m
[32m2026-08-08 13:42:15.475[0m | [1mINFO    [0m | [36menvs.hitter[0m:[36m_log_hitter_status[0m:[36m1029[0m - [1mHITTER realtime status: phase=waiting submitted=0 completed=0 failed=0 dropped=0 result_age_s=nan epoch=None generation=None policy_tts=0.920[0m
[32m2026-08-08 13:42:16.475[0m | [1mINFO    [0m | [36menvs.hitter[0m:[36m_log_hitter_status[0m:[36m1029[0m - [1mHITTER realtime status: phase=waiting submitted=0 completed=0 failed=0 dropped=0 result_age_s=nan epoch=None generation=None policy_tts=0.920[0m
[32m2026-08-08 13:42:17.494[0m | [1mINFO    [0m | [36menvs.hitter[0m:[36m_log_hitter_status[0m:[36m1029[0m - [1mHITTER realtime status: phase=waiting submitted=0 completed=0 failed=0 dropped=0 result_age_s=nan epoch=None generation=None policy_tts=0.920[0m
[32m2026-08-08 13:42:18.494[0m | [1mINFO    [0m | [36menvs.hitter[0m:[36m_log_hitter_status[0m:[36m1029[0m - [1mHITTER realtime status: phase=waiting submitted=0 completed=0 failed=0 dropped=0 result_age_s=nan epoch=None generation=None policy_tts=0.920[0m
[32m2026-08-08 13:42:19.494[0m | [1mINFO    [0m | [36menvs.hitter[0m:[36m_log_hitter_status[0m:[36m1029[0m - [1mHITTER realtime status: phase=waiting submitted=0 completed=0 failed=0 dropped=0 result_age_s=nan epoch=None generation=None policy_tts=0.920[0m
[32m2026-08-08 13:42:20.494[0m | [1mINFO    [0m | [36menvs.hitter[0m:[36m_log_hitter_status[0m:[36m1029[0m - [1mHITTER realtime status: phase=waiting submitted=0 completed=0 failed=0 dropped=0 result_age_s=nan epoch=None generation=None policy_tts=0.920[0m
[32m2026-08-08 13:42:21.495[0m | [1mINFO    [0m | [36menvs.hitter[0m:[36m_log_hitter_status[0m:[36m1029[0m - [1mHITTER realtime status: phase=waiting submitted=0 completed=0 failed=0 dropped=0 result_age_s=nan epoch=None generation=None policy_tts=0.920[0m
[32m2026-08-08 13:42:22.495[0m | [1mINFO    [0m | [36menvs.hitter[0m:[36m_log_hitter_status[0m:[36m1029[0m - [1mHITTER realtime status: phase=waiting submitted=0 completed=0 failed=0 dropped=0 result_age_s=nan epoch=None generation=None policy_tts=0.920[0m
[32m2026-08-08 13:42:23.495[0m | [1mINFO    [0m | [36menvs.hitter[0m:[36m_log_hitter_status[0m:[36m1029[0m - [1mHITTER realtime status: phase=waiting submitted=0 completed=0 failed=0 dropped=0 result_age_s=nan epoch=None generation=None policy_tts=0.920[0m
[32m2026-08-08 13:42:24.514[0m | [1mINFO    [0m | [36menvs.hitter[0m:[36m_log_hitter_status[0m:[36m1029[0m - [1mHITTER realtime status: phase=waiting submitted=0 completed=0 failed=0 dropped=0 result_age_s=nan epoch=None generation=None policy_tts=0.920[0m
[32m2026-08-08 13:42:25.514[0m | [1mINFO    [0m | [36menvs.hitter[0m:[36m_log_hitter_status[0m:[36m1029[0m - [1mHITTER realtime status: phase=waiting submitted=0 completed=0 failed=0 dropped=0 result_age_s=nan epoch=None generation=None policy_tts=0.920[0m
[32m2026-08-08 13:42:26.515[0m | [1mINFO    [0m | [36menvs.hitter[0m:[36m_log_hitter_status[0m:[36m1029[0m - [1mHITTER realtime status: phase=waiting submitted=0 completed=0 failed=0 dropped=0 result_age_s=nan epoch=None generation=None policy_tts=0.920[0m
[32m2026-08-08 13:42:27.515[0m | [1mINFO    [0m | [36menvs.hitter[0m:[36m_log_hitter_status[0m:[36m1029[0m - [1mHITTER realtime status: phase=waiting submitted=0 completed=0 failed=0 dropped=0 result_age_s=nan epoch=None generation=None policy_tts=0.920[0m
[32m2026-08-08 13:42:28.534[0m | [1mINFO    [0m | [36menvs.hitter[0m:[36m_log_hitter_status[0m:[36m1029[0m - [1mHITTER realtime status: phase=waiting submitted=0 completed=0 failed=0 dropped=0 result_age_s=nan epoch=None generation=None policy_tts=0.920[0m
[32m2026-08-08 13:42:29.226[0m | [1mINFO    [0m | [36menvs.hitter[0m:[36m_log_hitter_lifecycle_transition[0m:[36m956[0m - [1mHITTER lifecycle transition: waiting -> tracking[0m
[32m2026-08-08 13:42:29.243[0m | [1mINFO    [0m | [36menvs.hitter[0m:[36m_consume_hitter_planner_result[0m:[36m937[0m - [1mHITTER command armed: epoch=1 generation=144 type=backhand tts=0.857s[0m
[32m2026-08-08 13:42:29.243[0m | [1mINFO    [0m | [36menvs.hitter[0m:[36m_log_hitter_lifecycle_transition[0m:[36m956[0m - [1mHITTER lifecycle transition: tracking -> armed[0m
[32m2026-08-08 13:42:29.314[0m | [1mINFO    [0m | [36menvs.hitter[0m:[36m_consume_hitter_planner_result[0m:[36m937[0m - [1mHITTER command overridden: epoch=1 generation=165 type=forehand tts=0.660s[0m
[32m2026-08-08 13:42:29.334[0m | [1mINFO    [0m | [36menvs.hitter[0m:[36m_consume_hitter_planner_result[0m:[36m937[0m - [1mHITTER command overridden: epoch=1 generation=173 type=forehand tts=0.595s[0m
[32m2026-08-08 13:42:29.354[0m | [1mINFO    [0m | [36menvs.hitter[0m:[36m_consume_hitter_planner_result[0m:[36m937[0m - [1mHITTER command overridden: epoch=1 generation=179 type=forehand tts=0.566s[0m
[32m2026-08-08 13:42:29.374[0m | [1mINFO    [0m | [36menvs.hitter[0m:[36m_consume_hitter_planner_result[0m:[36m937[0m - [1mHITTER command overridden: epoch=1 generation=183 type=forehand tts=0.546s[0m
[32m2026-08-08 13:42:29.394[0m | [1mINFO    [0m | [36menvs.hitter[0m:[36m_consume_hitter_planner_result[0m:[36m937[0m - [1mHITTER command overridden: epoch=1 generation=190 type=forehand tts=0.523s[0m
[32m2026-08-08 13:42:29.414[0m | [1mINFO    [0m | [36menvs.hitter[0m:[36m_consume_hitter_planner_result[0m:[36m937[0m - [1mHITTER command overridden: epoch=1 generation=194 type=forehand tts=0.503s[0m
[32m2026-08-08 13:42:29.434[0m | [1mINFO    [0m | [36menvs.hitter[0m:[36m_consume_hitter_planner_result[0m:[36m937[0m - [1mHITTER command overridden: epoch=1 generation=202 type=forehand tts=0.490s[0m
[32m2026-08-08 13:42:29.454[0m | [1mINFO    [0m | [36menvs.hitter[0m:[36m_consume_hitter_planner_result[0m:[36m937[0m - [1mHITTER command overridden: epoch=1 generation=208 type=forehand tts=0.486s[0m
[32m2026-08-08 13:42:29.474[0m | [1mINFO    [0m | [36menvs.hitter[0m:[36m_consume_hitter_planner_result[0m:[36m937[0m - [1mHITTER command overridden: epoch=1 generation=215 type=forehand tts=0.492s[0m
[32m2026-08-08 13:42:29.494[0m | [1mINFO    [0m | [36menvs.hitter[0m:[36m_consume_hitter_planner_result[0m:[36m937[0m - [1mHITTER command overridden: epoch=1 generation=219 type=forehand tts=0.495s[0m
[32m2026-08-08 13:42:29.499[0m | [1mINFO    [0m | [36menvs.hitter[0m:[36m_consume_hitter_planner_result[0m:[36m937[0m - [1mHITTER command overridden: epoch=1 generation=222 type=forehand tts=0.513s[0m
[32m2026-08-08 13:42:29.515[0m | [1mINFO    [0m | [36menvs.hitter[0m:[36m_consume_hitter_planner_result[0m:[36m937[0m - [1mHITTER command overridden: epoch=1 generation=226 type=forehand tts=0.531s[0m
[32m2026-08-08 13:42:29.534[0m | [1mINFO    [0m | [36menvs.hitter[0m:[36m_consume_hitter_planner_result[0m:[36m937[0m - [1mHITTER command overridden: epoch=1 generation=232 type=forehand tts=0.570s[0m
[32m2026-08-08 13:42:29.535[0m | [1mINFO    [0m | [36menvs.hitter[0m:[36m_log_hitter_status[0m:[36m1029[0m - [1mHITTER realtime status: phase=armed submitted=67 completed=22 failed=45 dropped=0 result_age_s=0.005 epoch=1 generation=232 policy_tts=0.570[0m
[32m2026-08-08 13:42:29.554[0m | [1mINFO    [0m | [36menvs.hitter[0m:[36m_consume_hitter_planner_result[0m:[36m937[0m - [1mHITTER command overridden: epoch=1 generation=236 type=forehand tts=0.595s[0m
[32m2026-08-08 13:42:29.574[0m | [1mINFO    [0m | [36menvs.hitter[0m:[36m_consume_hitter_planner_result[0m:[36m937[0m - [1mHITTER command overridden: epoch=1 generation=243 type=forehand tts=0.662s[0m
[32m2026-08-08 13:42:30.254[0m | [1mINFO    [0m | [36menvs.hitter[0m:[36m_log_hitter_strike_target[0m:[36m708[0m - [1mHITTER strike target: epoch=1 generation=243 type=forehand v_ball_in_w_mps=[-0.8836,-0.6435,-1.9368] speed_ball_in_mps=2.2240 v_ball_out_w_mps=[4.6875,2.0338,2.2978] speed_ball_out_mps=5.6026 v_racket_target_w_mps=[1.5379,0.5000,1.1690] speed_racket_mps=1.9955[0m
[32m2026-08-08 13:42:30.254[0m | [1mINFO    [0m | [36menvs.hitter[0m:[36m_log_hitter_advance_transitions[0m:[36m979[0m - [1mHITTER lifecycle transition: armed -> recovery[0m
[32m2026-08-08 13:42:30.554[0m | [1mINFO    [0m | [36menvs.hitter[0m:[36m_log_hitter_status[0m:[36m1029[0m - [1mHITTER realtime status: phase=recovery submitted=147 completed=25 failed=117 dropped=5 result_age_s=0.007 epoch=2 generation=527 policy_tts=0.000[0m
[32m2026-08-08 13:42:31.274[0m | [1mINFO    [0m | [36menvs.hitter[0m:[36m_log_hitter_advance_transitions[0m:[36m995[0m - [1mHITTER lifecycle transition: recovery -> waiting[0m
[32m2026-08-08 13:42:31.554[0m | [1mINFO    [0m | [36menvs.hitter[0m:[36m_log_hitter_status[0m:[36m1029[0m - [1mHITTER realtime status: phase=waiting submitted=233 completed=25 failed=203 dropped=5 result_age_s=0.001 epoch=2 generation=829 policy_tts=0.920[0m
[32m2026-08-08 13:42:32.208[0m | [1mINFO    [0m | [36menvs.hitter[0m:[36m_log_hitter_lifecycle_transition[0m:[36m956[0m - [1mHITTER lifecycle transition: waiting -> tracking[0m
[32m2026-08-08 13:42:32.223[0m | [1mINFO    [0m | [36menvs.hitter[0m:[36m_consume_hitter_planner_result[0m:[36m937[0m - [1mHITTER command armed: epoch=2 generation=1026 type=forehand tts=0.857s[0m
[32m2026-08-08 13:42:32.223[0m | [1mINFO    [0m | [36menvs.hitter[0m:[36m_log_hitter_lifecycle_transition[0m:[36m956[0m - [1mHITTER lifecycle transition: tracking -> armed[0m
[32m2026-08-08 13:42:32.254[0m | [1mINFO    [0m | [36menvs.hitter[0m:[36m_consume_hitter_planner_result[0m:[36m937[0m - [1mHITTER command overridden: epoch=2 generation=1037 type=forehand tts=0.629s[0m
[32m2026-08-08 13:42:32.274[0m | [1mINFO    [0m | [36menvs.hitter[0m:[36m_consume_hitter_planner_result[0m:[36m937[0m - [1mHITTER command overridden: epoch=2 generation=1040 type=forehand tts=0.579s[0m
[32m2026-08-08 13:42:32.294[0m | [1mINFO    [0m | [36menvs.hitter[0m:[36m_consume_hitter_planner_result[0m:[36m937[0m - [1mHITTER command overridden: epoch=2 generation=1047 type=forehand tts=0.498s[0m
[32m2026-08-08 13:42:32.314[0m | [1mINFO    [0m | [36menvs.hitter[0m:[36m_consume_hitter_planner_result[0m:[36m937[0m - [1mHITTER command overridden: epoch=2 generation=1055 type=forehand tts=0.425s[0m
[32m2026-08-08 13:42:32.334[0m | [1mINFO    [0m | [36menvs.hitter[0m:[36m_consume_hitter_planner_result[0m:[36m937[0m - [1mHITTER command overridden: epoch=2 generation=1059 type=forehand tts=0.386s[0m
[32m2026-08-08 13:42:32.354[0m | [1mINFO    [0m | [36menvs.hitter[0m:[36m_consume_hitter_planner_result[0m:[36m937[0m - [1mHITTER command overridden: epoch=2 generation=1065 type=forehand tts=0.348s[0m
[32m2026-08-08 13:42:32.374[0m | [1mINFO    [0m | [36menvs.hitter[0m:[36m_consume_hitter_planner_result[0m:[36m937[0m - [1mHITTER command overridden: epoch=2 generation=1073 type=forehand tts=0.320s[0m
[32m2026-08-08 13:42:32.555[0m | [1mINFO    [0m | [36menvs.hitter[0m:[36m_log_hitter_status[0m:[36m1029[0m - [1mHITTER realtime status: phase=armed submitted=315 completed=38 failed=270 dropped=7 result_age_s=0.001 epoch=2 generation=1127 policy_tts=0.139[0m
[32m2026-08-08 13:42:32.694[0m | [1mINFO    [0m | [36menvs.hitter[0m:[36m_log_hitter_strike_target[0m:[36m708[0m - [1mHITTER strike target: epoch=2 generation=1073 type=forehand v_ball_in_w_mps=[-2.0211,-0.3082,0.9713] speed_ball_in_mps=2.2635 v_ball_out_w_mps=[4.6875,0.9234,2.0518] speed_ball_out_mps=5.1995 v_racket_target_w_mps=[1.8132,0.3329,0.2920] speed_racket_mps=1.8665[0m
[32m2026-08-08 13:42:32.694[0m | [1mINFO    [0m | [36menvs.hitter[0m:[36m_log_hitter_advance_transitions[0m:[36m979[0m - [1mHITTER lifecycle transition: armed -> recovery[0m
[32m2026-08-08 13:42:33.555[0m | [1mINFO    [0m | [36menvs.hitter[0m:[36m_log_hitter_status[0m:[36m1029[0m - [1mHITTER realtime status: phase=recovery submitted=330 completed=38 failed=285 dropped=7 result_age_s=0.821 epoch=3 generation=1182 policy_tts=0.000[0m
[32m2026-08-08 13:42:33.654[0m | [1mINFO    [0m | [36menvs.hitter[0m:[36m_log_hitter_advance_transitions[0m:[36m995[0m - [1mHITTER lifecycle transition: recovery -> waiting[0m
[32m2026-08-08 13:42:34.614[0m | [1mINFO    [0m | [36menvs.hitter[0m:[36m_log_hitter_status[0m:[36m1029[0m - [1mHITTER realtime status: phase=waiting submitted=417 completed=38 failed=371 dropped=7 result_age_s=0.012 epoch=4 generation=1477 policy_tts=0.920[0m
[32m2026-08-08 13:42:34.666[0m | [1mINFO    [0m | [36menvs.hitter[0m:[36m_consume_hitter_planner_result[0m:[36m937[0m - [1mHITTER command armed: epoch=4 generation=1500 type=backhand tts=0.692s[0m
[32m2026-08-08 13:42:34.666[0m | [1mINFO    [0m | [36menvs.hitter[0m:[36m_log_hitter_lifecycle_transition[0m:[36m956[0m - [1mHITTER lifecycle transition: waiting -> armed[0m
[32m2026-08-08 13:42:34.671[0m | [1mINFO    [0m | [36menvs.hitter[0m:[36m_consume_hitter_planner_result[0m:[36m937[0m - [1mHITTER command overridden: epoch=4 generation=1503 type=backhand tts=0.650s[0m
[32m2026-08-08 13:42:34.694[0m | [1mINFO    [0m | [36menvs.hitter[0m:[36m_consume_hitter_planner_result[0m:[36m937[0m - [1mHITTER command overridden: epoch=4 generation=1510 type=forehand tts=0.560s[0m
[32m2026-08-08 13:42:34.714[0m | [1mINFO    [0m | [36menvs.hitter[0m:[36m_consume_hitter_planner_result[0m:[36m937[0m - [1mHITTER command overridden: epoch=4 generation=1516 type=forehand tts=0.493s[0m
[32m2026-08-08 13:42:34.734[0m | [1mINFO    [0m | [36menvs.hitter[0m:[36m_consume_hitter_planner_result[0m:[36m937[0m - [1mHITTER command overridden: epoch=4 generation=1520 type=forehand tts=0.454s[0m
[32m2026-08-08 13:42:34.794[0m | [1mINFO    [0m | [36menvs.hitter[0m:[36m_consume_hitter_planner_result[0m:[36m937[0m - [1mHITTER command overridden: epoch=4 generation=1537 type=forehand tts=0.309s[0m
[32m2026-08-08 13:42:34.795[0m | [1mINFO    [0m | [36menvs.hitter[0m:[36m_consume_hitter_planner_result[0m:[36m937[0m - [1mHITTER command overridden: epoch=4 generation=1540 type=forehand tts=0.305s[0m
[32m2026-08-08 13:42:34.814[0m | [1mINFO    [0m | [36menvs.hitter[0m:[36m_consume_hitter_planner_result[0m:[36m937[0m - [1mHITTER command overridden: epoch=4 generation=1544 type=forehand tts=0.282s[0m
[32m2026-08-08 13:42:34.834[0m | [1mINFO    [0m | [36menvs.hitter[0m:[36m_consume_hitter_planner_result[0m:[36m937[0m - [1mHITTER command overridden: epoch=4 generation=1552 type=forehand tts=0.258s[0m
[32m2026-08-08 13:42:34.858[0m | [1mINFO    [0m | [36menvs.hitter[0m:[36m_consume_hitter_planner_result[0m:[36m937[0m - [1mHITTER command overridden: epoch=4 generation=1559 type=forehand tts=0.235s[0m
[32m2026-08-08 13:42:34.874[0m | [1mINFO    [0m | [36menvs.hitter[0m:[36m_consume_hitter_planner_result[0m:[36m937[0m - [1mHITTER command overridden: epoch=4 generation=1563 type=forehand tts=0.221s[0m
[32m2026-08-08 13:42:34.894[0m | [1mINFO    [0m | [36menvs.hitter[0m:[36m_consume_hitter_planner_result[0m:[36m937[0m - [1mHITTER command overridden: epoch=4 generation=1570 type=forehand tts=0.211s[0m
[32m2026-08-08 13:42:34.914[0m | [1mINFO    [0m | [36menvs.hitter[0m:[36m_consume_hitter_planner_result[0m:[36m937[0m - [1mHITTER command overridden: epoch=4 generation=1574 type=forehand tts=0.199s[0m
[32m2026-08-08 13:42:34.934[0m | [1mINFO    [0m | [36menvs.hitter[0m:[36m_consume_hitter_planner_result[0m:[36m937[0m - [1mHITTER command overridden: epoch=4 generation=1581 type=forehand tts=0.194s[0m
[32m2026-08-08 13:42:34.954[0m | [1mINFO    [0m | [36menvs.hitter[0m:[36m_consume_hitter_planner_result[0m:[36m937[0m - [1mHITTER command overridden: epoch=4 generation=1588 type=forehand tts=0.193s[0m
[32m2026-08-08 13:42:34.975[0m | [1mINFO    [0m | [36menvs.hitter[0m:[36m_consume_hitter_planner_result[0m:[36m937[0m - [1mHITTER command overridden: epoch=4 generation=1592 type=forehand tts=0.185s[0m
[32m2026-08-08 13:42:34.994[0m | [1mINFO    [0m | [36menvs.hitter[0m:[36m_consume_hitter_planner_result[0m:[36m937[0m - [1mHITTER command overridden: epoch=4 generation=1598 type=forehand tts=0.189s[0m
[32m2026-08-08 13:42:35.014[0m | [1mINFO    [0m | [36menvs.hitter[0m:[36m_consume_hitter_planner_result[0m:[36m937[0m - [1mHITTER command overridden: epoch=4 generation=1606 type=forehand tts=0.216s[0m
[32m2026-08-08 13:42:35.034[0m | [1mINFO    [0m | [36menvs.hitter[0m:[36m_consume_hitter_planner_result[0m:[36m937[0m - [1mHITTER command overridden: epoch=4 generation=1612 type=forehand tts=0.251s[0m
[32m2026-08-08 13:42:35.294[0m | [1mINFO    [0m | [36menvs.hitter[0m:[36m_log_hitter_strike_target[0m:[36m708[0m - [1mHITTER strike target: epoch=4 generation=1612 type=forehand v_ball_in_w_mps=[-1.1766,-2.4184,-2.4970] speed_ball_in_mps=3.6699 v_ball_out_w_mps=[4.6875,2.7133,2.2427] speed_ball_out_mps=5.8621 v_racket_target_w_mps=[0.9743,0.5000,0.7875] speed_racket_mps=1.3488[0m
[32m2026-08-08 13:42:35.295[0m | [1mINFO    [0m | [36menvs.hitter[0m:[36m_log_hitter_advance_transitions[0m:[36m979[0m - [1mHITTER lifecycle transition: armed -> recovery[0m
[32m2026-08-08 13:42:35.614[0m | [1mINFO    [0m | [36menvs.hitter[0m:[36m_log_hitter_status[0m:[36m1029[0m - [1mHITTER realtime status: phase=recovery submitted=457 completed=68 failed=380 dropped=9 result_age_s=0.548 epoch=4 generation=1622 policy_tts=0.000[0m
[32m2026-08-08 13:42:36.354[0m | [1mINFO    [0m | [36menvs.hitter[0m:[36m_log_hitter_advance_transitions[0m:[36m995[0m - [1mHITTER lifecycle transition: recovery -> waiting[0m
[32m2026-08-08 13:42:36.614[0m | [1mINFO    [0m | [36menvs.hitter[0m:[36m_log_hitter_status[0m:[36m1029[0m - [1mHITTER realtime status: phase=waiting submitted=457 completed=68 failed=380 dropped=9 result_age_s=1.548 epoch=4 generation=1622 policy_tts=0.920[0m
[32m2026-08-08 13:42:37.615[0m | [1mINFO    [0m | [36menvs.hitter[0m:[36m_log_hitter_status[0m:[36m1029[0m - [1mHITTER realtime status: phase=waiting submitted=457 completed=68 failed=380 dropped=9 result_age_s=2.548 epoch=4 generation=1622 policy_tts=0.920[0m
[32m2026-08-08 13:42:38.574[0m | [1mINFO    [0m | [36menvs.hitter[0m:[36m_log_hitter_lifecycle_transition[0m:[36m956[0m - [1mHITTER lifecycle transition: waiting -> tracking[0m
[32m2026-08-08 13:42:38.614[0m | [1mINFO    [0m | [36menvs.hitter[0m:[36m_consume_hitter_planner_result[0m:[36m937[0m - [1mHITTER command armed: epoch=6 generation=1906 type=backhand tts=0.628s[0m
[32m2026-08-08 13:42:38.614[0m | [1mINFO    [0m | [36menvs.hitter[0m:[36m_log_hitter_lifecycle_transition[0m:[36m956[0m - [1mHITTER lifecycle transition: tracking -> armed[0m
[32m2026-08-08 13:42:38.635[0m | [1mINFO    [0m | [36menvs.hitter[0m:[36m_consume_hitter_planner_result[0m:[36m937[0m - [1mHITTER command overridden: epoch=6 generation=1910 type=backhand tts=0.550s[0m
[32m2026-08-08 13:42:38.635[0m | [1mINFO    [0m | [36menvs.hitter[0m:[36m_log_hitter_status[0m:[36m1029[0m - [1mHITTER realtime status: phase=armed submitted=535 completed=72 failed=453 dropped=9 result_age_s=0.008 epoch=6 generation=1910 policy_tts=0.550[0m
[32m2026-08-08 13:42:38.654[0m | [1mINFO    [0m | [36menvs.hitter[0m:[36m_consume_hitter_planner_result[0m:[36m937[0m - [1mHITTER command overridden: epoch=6 generation=1917 type=backhand tts=0.453s[0m
[32m2026-08-08 13:42:38.674[0m | [1mINFO    [0m | [36menvs.hitter[0m:[36m_consume_hitter_planner_result[0m:[36m937[0m - [1mHITTER command overridden: epoch=6 generation=1921 type=backhand tts=0.395s[0m
[32m2026-08-08 13:42:38.714[0m | [1mINFO    [0m | [36menvs.hitter[0m:[36m_consume_hitter_planner_result[0m:[36m937[0m - [1mHITTER command overridden: epoch=6 generation=1936 type=backhand tts=0.273s[0m
[32m2026-08-08 13:42:38.734[0m | [1mINFO    [0m | [36menvs.hitter[0m:[36m_consume_hitter_planner_result[0m:[36m937[0m - [1mHITTER command overridden: epoch=6 generation=1940 type=forehand tts=0.243s[0m
[32m2026-08-08 13:42:38.754[0m | [1mINFO    [0m | [36menvs.hitter[0m:[36m_consume_hitter_planner_result[0m:[36m937[0m - [1mHITTER command overridden: epoch=6 generation=1946 type=forehand tts=0.214s[0m
[32m2026-08-08 13:42:38.774[0m | [1mINFO    [0m | [36menvs.hitter[0m:[36m_consume_hitter_planner_result[0m:[36m937[0m - [1mHITTER command overridden: epoch=6 generation=1953 type=forehand tts=0.188s[0m
[32m2026-08-08 13:42:38.794[0m | [1mINFO    [0m | [36menvs.hitter[0m:[36m_consume_hitter_planner_result[0m:[36m937[0m - [1mHITTER command overridden: epoch=6 generation=1960 type=forehand tts=0.165s[0m
[32m2026-08-08 13:42:38.814[0m | [1mINFO    [0m | [36menvs.hitter[0m:[36m_consume_hitter_planner_result[0m:[36m937[0m - [1mHITTER command overridden: epoch=6 generation=1964 type=forehand tts=0.145s[0m
[32m2026-08-08 13:42:38.834[0m | [1mINFO    [0m | [36menvs.hitter[0m:[36m_consume_hitter_planner_result[0m:[36m937[0m - [1mHITTER command overridden: epoch=6 generation=1972 type=forehand tts=0.130s[0m
[32m2026-08-08 13:42:38.854[0m | [1mINFO    [0m | [36menvs.hitter[0m:[36m_consume_hitter_planner_result[0m:[36m937[0m - [1mHITTER command overridden: epoch=6 generation=1975 type=forehand tts=0.113s[0m
[32m2026-08-08 13:42:38.874[0m | [1mINFO    [0m | [36menvs.hitter[0m:[36m_consume_hitter_planner_result[0m:[36m937[0m - [1mHITTER command overridden: epoch=6 generation=1982 type=forehand tts=0.102s[0m
[32m2026-08-08 13:42:38.894[0m | [1mINFO    [0m | [36menvs.hitter[0m:[36m_consume_hitter_planner_result[0m:[36m937[0m - [1mHITTER command overridden: epoch=6 generation=1989 type=forehand tts=0.097s[0m
[32m2026-08-08 13:42:38.914[0m | [1mINFO    [0m | [36menvs.hitter[0m:[36m_consume_hitter_planner_result[0m:[36m937[0m - [1mHITTER command overridden: epoch=6 generation=1996 type=forehand tts=0.102s[0m
[32m2026-08-08 13:42:38.934[0m | [1mINFO    [0m | [36menvs.hitter[0m:[36m_consume_hitter_planner_result[0m:[36m937[0m - [1mHITTER command overridden: epoch=6 generation=1999 type=forehand tts=0.096s[0m
[32m2026-08-08 13:42:38.954[0m | [1mINFO    [0m | [36menvs.hitter[0m:[36m_consume_hitter_planner_result[0m:[36m937[0m - [1mHITTER command overridden: epoch=6 generation=2003 type=forehand tts=0.095s[0m
[32m2026-08-08 13:42:39.054[0m | [1mINFO    [0m | [36menvs.hitter[0m:[36m_log_hitter_strike_target[0m:[36m708[0m - [1mHITTER strike target: epoch=6 generation=2003 type=forehand v_ball_in_w_mps=[-1.7831,-2.8267,-1.2086] speed_ball_in_mps=3.5539 v_ball_out_w_mps=[4.6875,1.7070,1.7144] speed_ball_out_mps=5.2750 v_racket_target_w_mps=[0.9551,0.5000,0.4314] speed_racket_mps=1.1612[0m
[32m2026-08-08 13:42:39.054[0m | [1mINFO    [0m | [36menvs.hitter[0m:[36m_log_hitter_advance_transitions[0m:[36m979[0m - [1mHITTER lifecycle transition: armed -> recovery[0m
[32m2026-08-08 13:42:39.635[0m | [1mINFO    [0m | [36menvs.hitter[0m:[36m_log_hitter_status[0m:[36m1029[0m - [1mHITTER realtime status: phase=recovery submitted=560 completed=96 failed=455 dropped=9 result_age_s=0.693 epoch=6 generation=2003 policy_tts=0.000[0m
[32m2026-08-08 13:42:40.194[0m | [1mINFO    [0m | [36menvs.hitter[0m:[36m_log_hitter_advance_transitions[0m:[36m995[0m - [1mHITTER lifecycle transition: recovery -> waiting[0m
[32m2026-08-08 13:42:40.635[0m | [1mINFO    [0m | [36menvs.hitter[0m:[36m_log_hitter_status[0m:[36m1029[0m - [1mHITTER realtime status: phase=waiting submitted=560 completed=96 failed=455 dropped=9 result_age_s=1.694 epoch=6 generation=2003 policy_tts=0.920[0m
[32m2026-08-08 13:42:41.635[0m | [1mINFO    [0m | [36menvs.hitter[0m:[36m_log_hitter_status[0m:[36m1029[0m - [1mHITTER realtime status: phase=waiting submitted=560 completed=96 failed=455 dropped=9 result_age_s=2.694 epoch=6 generation=2003 policy_tts=0.920[0m
[32m2026-08-08 13:42:42.635[0m | [1mINFO    [0m | [36menvs.hitter[0m:[36m_log_hitter_status[0m:[36m1029[0m - [1mHITTER realtime status: phase=waiting submitted=560 completed=96 failed=455 dropped=9 result_age_s=3.694 epoch=6 generation=2003 policy_tts=0.920[0m
[32m2026-08-08 13:42:43.654[0m | [1mINFO    [0m | [36menvs.hitter[0m:[36m_log_hitter_status[0m:[36m1029[0m - [1mHITTER realtime status: phase=waiting submitted=560 completed=96 failed=455 dropped=9 result_age_s=4.713 epoch=6 generation=2003 policy_tts=0.920[0m
[32m2026-08-08 13:42:44.655[0m | [1mINFO    [0m | [36menvs.hitter[0m:[36m_log_hitter_status[0m:[36m1029[0m - [1mHITTER realtime status: phase=waiting submitted=567 completed=96 failed=462 dropped=9 result_age_s=0.001 epoch=8 generation=2028 policy_tts=0.920[0m
[32m2026-08-08 13:42:45.441[0m | [1mINFO    [0m | [36menvs.hitter[0m:[36m_consume_hitter_planner_result[0m:[36m937[0m - [1mHITTER command armed: epoch=8 generation=2256 type=forehand tts=0.644s[0m
[32m2026-08-08 13:42:45.441[0m | [1mINFO    [0m | [36menvs.hitter[0m:[36m_log_hitter_lifecycle_transition[0m:[36m956[0m - [1mHITTER lifecycle transition: waiting -> armed[0m
[32m2026-08-08 13:42:45.452[0m | [1mINFO    [0m | [36menvs.hitter[0m:[36m_consume_hitter_planner_result[0m:[36m937[0m - [1mHITTER command overridden: epoch=8 generation=2260 type=forehand tts=0.545s[0m
[32m2026-08-08 13:42:45.466[0m | [1mINFO    [0m | [36menvs.hitter[0m:[36m_consume_hitter_planner_result[0m:[36m937[0m - [1mHITTER command overridden: epoch=8 generation=2264 type=forehand tts=0.460s[0m
[32m2026-08-08 13:42:45.514[0m | [1mINFO    [0m | [36menvs.hitter[0m:[36m_consume_hitter_planner_result[0m:[36m937[0m - [1mHITTER command overridden: epoch=8 generation=2276 type=forehand tts=0.290s[0m
[32m2026-08-08 13:42:45.534[0m | [1mINFO    [0m | [36menvs.hitter[0m:[36m_consume_hitter_planner_result[0m:[36m937[0m - [1mHITTER command overridden: epoch=8 generation=2284 type=forehand tts=0.244s[0m
[32m2026-08-08 13:42:45.554[0m | [1mINFO    [0m | [36menvs.hitter[0m:[36m_consume_hitter_planner_result[0m:[36m937[0m - [1mHITTER command overridden: epoch=8 generation=2288 type=forehand tts=0.215s[0m
[32m2026-08-08 13:42:45.574[0m | [1mINFO    [0m | [36menvs.hitter[0m:[36m_consume_hitter_planner_result[0m:[36m937[0m - [1mHITTER command overridden: epoch=8 generation=2296 type=forehand tts=0.186s[0m
[32m2026-08-08 13:42:45.594[0m | [1mINFO    [0m | [36menvs.hitter[0m:[36m_consume_hitter_planner_result[0m:[36m937[0m - [1mHITTER command overridden: epoch=8 generation=2303 type=forehand tts=0.164s[0m
[32m2026-08-08 13:42:45.614[0m | [1mINFO    [0m | [36menvs.hitter[0m:[36m_consume_hitter_planner_result[0m:[36m937[0m - [1mHITTER command overridden: epoch=8 generation=2307 type=forehand tts=0.144s[0m
[32m2026-08-08 13:42:45.634[0m | [1mINFO    [0m | [36menvs.hitter[0m:[36m_consume_hitter_planner_result[0m:[36m937[0m - [1mHITTER command overridden: epoch=8 generation=2314 type=forehand tts=0.130s[0m
[32m2026-08-08 13:42:45.654[0m | [1mINFO    [0m | [36menvs.hitter[0m:[36m_consume_hitter_planner_result[0m:[36m937[0m - [1mHITTER command overridden: epoch=8 generation=2321 type=forehand tts=0.118s[0m
[32m2026-08-08 13:42:45.674[0m | [1mINFO    [0m | [36menvs.hitter[0m:[36m_consume_hitter_planner_result[0m:[36m937[0m - [1mHITTER command overridden: epoch=8 generation=2327 type=forehand tts=0.110s[0m
[32m2026-08-08 13:42:45.674[0m | [1mINFO    [0m | [36menvs.hitter[0m:[36m_log_hitter_status[0m:[36m1029[0m - [1mHITTER realtime status: phase=armed submitted=650 completed=114 failed=526 dropped=10 result_age_s=0.001 epoch=8 generation=2327 policy_tts=0.110[0m
[32m2026-08-08 13:42:45.694[0m | [1mINFO    [0m | [36menvs.hitter[0m:[36m_consume_hitter_planner_result[0m:[36m937[0m - [1mHITTER command overridden: epoch=8 generation=2330 type=forehand tts=0.097s[0m
[32m2026-08-08 13:42:45.714[0m | [1mINFO    [0m | [36menvs.hitter[0m:[36m_consume_hitter_planner_result[0m:[36m937[0m - [1mHITTER command overridden: epoch=8 generation=2338 type=forehand tts=0.102s[0m
[32m2026-08-08 13:42:45.734[0m | [1mINFO    [0m | [36menvs.hitter[0m:[36m_consume_hitter_planner_result[0m:[36m937[0m - [1mHITTER command overridden: epoch=8 generation=2344 type=forehand tts=0.116s[0m
[32m2026-08-08 13:42:45.754[0m | [1mINFO    [0m | [36menvs.hitter[0m:[36m_mark_hitter_track_ended[0m:[36m890[0m - [1mHITTER track ended: ended_epoch=8 invalid_epoch=9 generation=2347[0m
[32m2026-08-08 13:42:45.854[0m | [1mINFO    [0m | [36menvs.hitter[0m:[36m_log_hitter_strike_target[0m:[36m708[0m - [1mHITTER strike target: epoch=8 generation=2344 type=forehand v_ball_in_w_mps=[-1.6801,-3.4502,-1.2949] speed_ball_in_mps=4.0501 v_ball_out_w_mps=[4.6875,2.3241,1.6991] speed_ball_out_mps=5.5010 v_racket_target_w_mps=[0.7907,0.5000,0.3718] speed_racket_mps=1.0066[0m
[32m2026-08-08 13:42:45.854[0m | [1mINFO    [0m | [36menvs.hitter[0m:[36m_log_hitter_advance_transitions[0m:[36m979[0m - [1mHITTER lifecycle transition: armed -> recovery[0m
[32m2026-08-08 13:42:46.675[0m | [1mINFO    [0m | [36menvs.hitter[0m:[36m_log_hitter_status[0m:[36m1029[0m - [1mHITTER realtime status: phase=recovery submitted=656 completed=119 failed=527 dropped=10 result_age_s=0.938 epoch=9 generation=2347 policy_tts=0.000[0m
[32m2026-08-08 13:42:47.134[0m | [1mINFO    [0m | [36menvs.hitter[0m:[36m_log_hitter_advance_transitions[0m:[36m995[0m - [1mHITTER lifecycle transition: recovery -> waiting[0m
[32m2026-08-08 13:42:47.675[0m | [1mINFO    [0m | [36menvs.hitter[0m:[36m_log_hitter_status[0m:[36m1029[0m - [1mHITTER realtime status: phase=waiting submitted=656 completed=119 failed=527 dropped=10 result_age_s=1.938 epoch=9 generation=2347 policy_tts=0.920[0m
[32m2026-08-08 13:42:48.675[0m | [1mINFO    [0m | [36menvs.hitter[0m:[36m_log_hitter_status[0m:[36m1029[0m - [1mHITTER realtime status: phase=waiting submitted=656 completed=119 failed=527 dropped=10 result_age_s=2.938 epoch=9 generation=2347 policy_tts=0.920[0m
[32m2026-08-08 13:42:49.675[0m | [1mINFO    [0m | [36menvs.hitter[0m:[36m_log_hitter_status[0m:[36m1029[0m - [1mHITTER realtime status: phase=waiting submitted=656 completed=119 failed=527 dropped=10 result_age_s=3.938 epoch=9 generation=2347 policy_tts=0.920[0m
[32m2026-08-08 13:42:50.601[0m | [1mINFO    [0m | [36menvs.hitter[0m:[36m_consume_hitter_planner_result[0m:[36m937[0m - [1mHITTER command armed: epoch=10 generation=2576 type=backhand tts=0.644s[0m
[32m2026-08-08 13:42:50.602[0m | [1mINFO    [0m | [36menvs.hitter[0m:[36m_log_hitter_lifecycle_transition[0m:[36m956[0m - [1mHITTER lifecycle transition: waiting -> armed[0m
[32m2026-08-08 13:42:50.614[0m | [1mINFO    [0m | [36menvs.hitter[0m:[36m_consume_hitter_planner_result[0m:[36m937[0m - [1mHITTER command overridden: epoch=10 generation=2580 type=backhand tts=0.575s[0m
[32m2026-08-08 13:42:50.629[0m | [1mINFO    [0m | [36menvs.hitter[0m:[36m_consume_hitter_planner_result[0m:[36m937[0m - [1mHITTER command overridden: epoch=10 generation=2584 type=backhand tts=0.514s[0m
[32m2026-08-08 13:42:50.640[0m | [1mINFO    [0m | [36menvs.hitter[0m:[36m_consume_hitter_planner_result[0m:[36m937[0m - [1mHITTER command overridden: epoch=10 generation=2587 type=backhand tts=0.474s[0m
[32m2026-08-08 13:42:50.654[0m | [1mINFO    [0m | [36menvs.hitter[0m:[36m_consume_hitter_planner_result[0m:[36m937[0m - [1mHITTER command overridden: epoch=10 generation=2591 type=backhand tts=0.427s[0m
[32m2026-08-08 13:42:50.674[0m | [1mINFO    [0m | [36menvs.hitter[0m:[36m_consume_hitter_planner_result[0m:[36m937[0m - [1mHITTER command overridden: epoch=10 generation=2595 type=backhand tts=0.378s[0m
[32m2026-08-08 13:42:50.681[0m | [1mINFO    [0m | [36menvs.hitter[0m:[36m_log_hitter_status[0m:[36m1029[0m - [1mHITTER realtime status: phase=armed submitted=729 completed=125 failed=592 dropped=12 result_age_s=0.002 epoch=10 generation=2599 policy_tts=0.371[0m
[32m2026-08-08 13:42:50.715[0m | [1mINFO    [0m | [36menvs.hitter[0m:[36m_consume_hitter_planner_result[0m:[36m937[0m - [1mHITTER command overridden: epoch=10 generation=2610 type=forehand tts=0.281s[0m
[32m2026-08-08 13:42:50.739[0m | [1mINFO    [0m | [36menvs.hitter[0m:[36m_consume_hitter_planner_result[0m:[36m937[0m - [1mHITTER command overridden: epoch=10 generation=2614 type=forehand tts=0.258s[0m
[32m2026-08-08 13:42:50.740[0m | [1mINFO    [0m | [36menvs.hitter[0m:[36m_consume_hitter_planner_result[0m:[36m937[0m - [1mHITTER command overridden: epoch=10 generation=2617 type=forehand tts=0.252s[0m
[32m2026-08-08 13:42:50.754[0m | [1mINFO    [0m | [36menvs.hitter[0m:[36m_consume_hitter_planner_result[0m:[36m937[0m - [1mHITTER command overridden: epoch=10 generation=2620 type=forehand tts=0.238s[0m
[32m2026-08-08 13:42:50.774[0m | [1mINFO    [0m | [36menvs.hitter[0m:[36m_consume_hitter_planner_result[0m:[36m937[0m - [1mHITTER command overridden: epoch=10 generation=2628 type=forehand tts=0.218s[0m
[32m2026-08-08 13:42:50.794[0m | [1mINFO    [0m | [36menvs.hitter[0m:[36m_consume_hitter_planner_result[0m:[36m937[0m - [1mHITTER command overridden: epoch=10 generation=2634 type=forehand tts=0.200s[0m
[32m2026-08-08 13:42:50.814[0m | [1mINFO    [0m | [36menvs.hitter[0m:[36m_consume_hitter_planner_result[0m:[36m937[0m - [1mHITTER command overridden: epoch=10 generation=2638 type=forehand tts=0.183s[0m
[32m2026-08-08 13:42:50.834[0m | [1mINFO    [0m | [36menvs.hitter[0m:[36m_consume_hitter_planner_result[0m:[36m937[0m - [1mHITTER command overridden: epoch=10 generation=2646 type=forehand tts=0.175s[0m
[32m2026-08-08 13:42:50.855[0m | [1mINFO    [0m | [36menvs.hitter[0m:[36m_consume_hitter_planner_result[0m:[36m937[0m - [1mHITTER command overridden: epoch=10 generation=2649 type=forehand tts=0.161s[0m
[32m2026-08-08 13:42:50.874[0m | [1mINFO    [0m | [36menvs.hitter[0m:[36m_consume_hitter_planner_result[0m:[36m937[0m - [1mHITTER command overridden: epoch=10 generation=2656 type=forehand tts=0.157s[0m
[32m2026-08-08 13:42:50.894[0m | [1mINFO    [0m | [36menvs.hitter[0m:[36m_consume_hitter_planner_result[0m:[36m937[0m - [1mHITTER command overridden: epoch=10 generation=2663 type=forehand tts=0.155s[0m
[32m2026-08-08 13:42:50.914[0m | [1mINFO    [0m | [36menvs.hitter[0m:[36m_consume_hitter_planner_result[0m:[36m937[0m - [1mHITTER command overridden: epoch=10 generation=2669 type=forehand tts=0.155s[0m
[32m2026-08-08 13:42:50.934[0m | [1mINFO    [0m | [36menvs.hitter[0m:[36m_consume_hitter_planner_result[0m:[36m937[0m - [1mHITTER command overridden: epoch=10 generation=2673 type=forehand tts=0.152s[0m
[32m2026-08-08 13:42:50.955[0m | [1mINFO    [0m | [36menvs.hitter[0m:[36m_consume_hitter_planner_result[0m:[36m937[0m - [1mHITTER command overridden: epoch=10 generation=2680 type=forehand tts=0.171s[0m
[32m2026-08-08 13:42:50.974[0m | [1mINFO    [0m | [36menvs.hitter[0m:[36m_consume_hitter_planner_result[0m:[36m937[0m - [1mHITTER command overridden: epoch=10 generation=2686 type=forehand tts=0.198s[0m
[32m2026-08-08 13:42:50.980[0m | [1mINFO    [0m | [36menvs.hitter[0m:[36m_consume_hitter_planner_result[0m:[36m937[0m - [1mHITTER command overridden: epoch=10 generation=2689 type=forehand tts=0.225s[0m
[32m2026-08-08 13:42:50.994[0m | [1mINFO    [0m | [36menvs.hitter[0m:[36m_consume_hitter_planner_result[0m:[36m937[0m - [1mHITTER command overridden: epoch=10 generation=2693 type=forehand tts=0.270s[0m
[32m2026-08-08 13:42:51.274[0m | [1mINFO    [0m | [36menvs.hitter[0m:[36m_log_hitter_strike_target[0m:[36m708[0m - [1mHITTER strike target: epoch=10 generation=2693 type=forehand v_ball_in_w_mps=[-0.7538,-2.4893,-2.6542] speed_ball_in_mps=3.7161 v_ball_out_w_mps=[4.6875,2.8634,2.3685] speed_ball_out_mps=5.9818 v_racket_target_w_mps=[0.9366,0.5000,0.8646] speed_racket_mps=1.3692[0m
[32m2026-08-08 13:42:51.275[0m | [1mINFO    [0m | [36menvs.hitter[0m:[36m_log_hitter_advance_transitions[0m:[36m979[0m - [1mHITTER lifecycle transition: armed -> recovery[0m
[32m2026-08-08 13:42:51.694[0m | [1mINFO    [0m | [36menvs.hitter[0m:[36m_log_hitter_status[0m:[36m1029[0m - [1mHITTER realtime status: phase=recovery submitted=758 completed=151 failed=595 dropped=12 result_age_s=0.681 epoch=10 generation=2700 policy_tts=0.000[0m
[32m2026-08-08 13:42:52.134[0m | [1mINFO    [0m | [36menvs.hitter[0m:[36m_mark_hitter_track_ended[0m:[36m890[0m - [1mHITTER track ended: ended_epoch=12 invalid_epoch=13 generation=2711[0m
[32m2026-08-08 13:42:52.554[0m | [1mINFO    [0m | [36menvs.hitter[0m:[36m_log_hitter_advance_transitions[0m:[36m995[0m - [1mHITTER lifecycle transition: recovery -> waiting[0m
[32m2026-08-08 13:42:52.694[0m | [1mINFO    [0m | [36menvs.hitter[0m:[36m_log_hitter_status[0m:[36m1029[0m - [1mHITTER realtime status: phase=waiting submitted=761 completed=151 failed=598 dropped=12 result_age_s=0.577 epoch=13 generation=2711 policy_tts=0.920[0m
[32m2026-08-08 13:42:53.705[0m | [1mINFO    [0m | [36menvs.hitter[0m:[36m_log_hitter_status[0m:[36m1029[0m - [1mHITTER realtime status: phase=waiting submitted=826 completed=151 failed=661 dropped=12 result_age_s=0.010 epoch=13 generation=2930 policy_tts=0.920[0m
[32m2026-08-08 13:42:53.770[0m | [1mINFO    [0m | [36menvs.hitter[0m:[36m_log_hitter_lifecycle_transition[0m:[36m956[0m - [1mHITTER lifecycle transition: waiting -> tracking[0m
[32m2026-08-08 13:42:53.814[0m | [1mINFO    [0m | [36menvs.hitter[0m:[36m_consume_hitter_planner_result[0m:[36m937[0m - [1mHITTER command armed: epoch=13 generation=2972 type=forehand tts=0.716s[0m
[32m2026-08-08 13:42:53.814[0m | [1mINFO    [0m | [36menvs.hitter[0m:[36m_log_hitter_lifecycle_transition[0m:[36m956[0m - [1mHITTER lifecycle transition: tracking -> armed[0m
[32m2026-08-08 13:42:53.834[0m | [1mINFO    [0m | [36menvs.hitter[0m:[36m_consume_hitter_planner_result[0m:[36m937[0m - [1mHITTER command overridden: epoch=13 generation=2979 type=forehand tts=0.571s[0m
[32m2026-08-08 13:42:53.854[0m | [1mINFO    [0m | [36menvs.hitter[0m:[36m_consume_hitter_planner_result[0m:[36m937[0m - [1mHITTER command overridden: epoch=13 generation=2983 type=forehand tts=0.500s[0m
[32m2026-08-08 13:42:53.860[0m | [1mINFO    [0m | [36menvs.hitter[0m:[36m_consume_hitter_planner_result[0m:[36m937[0m - [1mHITTER command overridden: epoch=13 generation=2986 type=forehand tts=0.465s[0m
[32m2026-08-08 13:42:53.934[0m | [1mINFO    [0m | [36menvs.hitter[0m:[36m_consume_hitter_planner_result[0m:[36m937[0m - [1mHITTER command overridden: epoch=13 generation=3008 type=forehand tts=0.266s[0m
[32m2026-08-08 13:42:53.954[0m | [1mINFO    [0m | [36menvs.hitter[0m:[36m_consume_hitter_planner_result[0m:[36m937[0m - [1mHITTER command overridden: epoch=13 generation=3015 type=forehand tts=0.235s[0m
[32m2026-08-08 13:42:53.975[0m | [1mINFO    [0m | [36menvs.hitter[0m:[36m_consume_hitter_planner_result[0m:[36m937[0m - [1mHITTER command overridden: epoch=13 generation=3018 type=forehand tts=0.213s[0m
[32m2026-08-08 13:42:53.994[0m | [1mINFO    [0m | [36menvs.hitter[0m:[36m_consume_hitter_planner_result[0m:[36m937[0m - [1mHITTER command overridden: epoch=13 generation=3025 type=forehand tts=0.194s[0m
[32m2026-08-08 13:42:54.014[0m | [1mINFO    [0m | [36menvs.hitter[0m:[36m_consume_hitter_planner_result[0m:[36m937[0m - [1mHITTER command overridden: epoch=13 generation=3032 type=forehand tts=0.180s[0m
[32m2026-08-08 13:42:54.034[0m | [1mINFO    [0m | [36menvs.hitter[0m:[36m_consume_hitter_planner_result[0m:[36m937[0m - [1mHITTER command overridden: epoch=13 generation=3039 type=forehand tts=0.169s[0m
[32m2026-08-08 13:42:54.054[0m | [1mINFO    [0m | [36menvs.hitter[0m:[36m_consume_hitter_planner_result[0m:[36m937[0m - [1mHITTER command overridden: epoch=13 generation=3042 type=forehand tts=0.156s[0m
[32m2026-08-08 13:42:54.060[0m | [1mINFO    [0m | [36menvs.hitter[0m:[36m_consume_hitter_planner_result[0m:[36m937[0m - [1mHITTER command overridden: epoch=13 generation=3046 type=forehand tts=0.166s[0m
[32m2026-08-08 13:42:54.075[0m | [1mINFO    [0m | [36menvs.hitter[0m:[36m_consume_hitter_planner_result[0m:[36m937[0m - [1mHITTER command overridden: epoch=13 generation=3050 type=forehand tts=0.173s[0m
[32m2026-08-08 13:42:54.094[0m | [1mINFO    [0m | [36menvs.hitter[0m:[36m_consume_hitter_planner_result[0m:[36m937[0m - [1mHITTER command overridden: epoch=13 generation=3057 type=forehand tts=0.216s[0m
[32m2026-08-08 13:42:54.114[0m | [1mINFO    [0m | [36menvs.hitter[0m:[36m_mark_hitter_track_ended[0m:[36m890[0m - [1mHITTER track ended: ended_epoch=13 invalid_epoch=14 generation=3064[0m
[32m2026-08-08 13:42:54.314[0m | [1mINFO    [0m | [36menvs.hitter[0m:[36m_log_hitter_strike_target[0m:[36m708[0m - [1mHITTER strike target: epoch=13 generation=3057 type=forehand v_ball_in_w_mps=[-1.2923,-3.2758,-2.5502] speed_ball_in_mps=4.3479 v_ball_out_w_mps=[4.6875,2.9966,2.3503] speed_ball_out_mps=6.0395 v_racket_target_w_mps=[0.7725,0.5000,0.6331] speed_racket_mps=1.1169[0m
[32m2026-08-08 13:42:54.314[0m | [1mINFO    [0m | [36menvs.hitter[0m:[36m_log_hitter_advance_transitions[0m:[36m979[0m - [1mHITTER lifecycle transition: armed -> recovery[0m
[32m2026-08-08 13:42:54.714[0m | [1mINFO    [0m | [36menvs.hitter[0m:[36m_log_hitter_status[0m:[36m1029[0m - [1mHITTER realtime status: phase=recovery submitted=860 completed=174 failed=673 dropped=13 result_age_s=0.600 epoch=14 generation=3064 policy_tts=0.000[0m
[32m2026-08-08 13:42:55.474[0m | [1mINFO    [0m | [36menvs.hitter[0m:[36m_log_hitter_advance_transitions[0m:[36m995[0m - [1mHITTER lifecycle transition: recovery -> waiting[0m
[32m2026-08-08 13:42:55.714[0m | [1mINFO    [0m | [36menvs.hitter[0m:[36m_log_hitter_status[0m:[36m1029[0m - [1mHITTER realtime status: phase=waiting submitted=879 completed=174 failed=692 dropped=13 result_age_s=0.000 epoch=15 generation=3128 policy_tts=0.920[0m
[32m2026-08-08 13:42:56.279[0m | [1mINFO    [0m | [36menvs.hitter[0m:[36m_consume_hitter_planner_result[0m:[36m937[0m - [1mHITTER command armed: epoch=15 generation=3295 type=backhand tts=0.742s[0m
[32m2026-08-08 13:42:56.279[0m | [1mINFO    [0m | [36menvs.hitter[0m:[36m_log_hitter_lifecycle_transition[0m:[36m956[0m - [1mHITTER lifecycle transition: waiting -> armed[0m
[32m2026-08-08 13:42:56.285[0m | [1mINFO    [0m | [36menvs.hitter[0m:[36m_consume_hitter_planner_result[0m:[36m937[0m - [1mHITTER command overridden: epoch=15 generation=3298 type=backhand tts=0.676s[0m
[32m2026-08-08 13:42:56.314[0m | [1mINFO    [0m | [36menvs.hitter[0m:[36m_consume_hitter_planner_result[0m:[36m937[0m - [1mHITTER command overridden: epoch=15 generation=3306 type=backhand tts=0.527s[0m
[32m2026-08-08 13:42:56.334[0m | [1mINFO    [0m | [36menvs.hitter[0m:[36m_consume_hitter_planner_result[0m:[36m937[0m - [1mHITTER command overridden: epoch=15 generation=3313 type=backhand tts=0.430s[0m
[32m2026-08-08 13:42:56.374[0m | [1mINFO    [0m | [36menvs.hitter[0m:[36m_consume_hitter_planner_result[0m:[36m937[0m - [1mHITTER command overridden: epoch=15 generation=3323 type=forehand tts=0.324s[0m
[32m2026-08-08 13:42:56.395[0m | [1mINFO    [0m | [36menvs.hitter[0m:[36m_consume_hitter_planner_result[0m:[36m937[0m - [1mHITTER command overridden: epoch=15 generation=3331 type=forehand tts=0.282s[0m
[32m2026-08-08 13:42:56.414[0m | [1mINFO    [0m | [36menvs.hitter[0m:[36m_consume_hitter_planner_result[0m:[36m937[0m - [1mHITTER command overridden: epoch=15 generation=3335 type=forehand tts=0.255s[0m
[32m2026-08-08 13:42:56.434[0m | [1mINFO    [0m | [36menvs.hitter[0m:[36m_consume_hitter_planner_result[0m:[36m937[0m - [1mHITTER command overridden: epoch=15 generation=3342 type=forehand tts=0.226s[0m
[32m2026-08-08 13:42:56.454[0m | [1mINFO    [0m | [36menvs.hitter[0m:[36m_consume_hitter_planner_result[0m:[36m937[0m - [1mHITTER command overridden: epoch=15 generation=3346 type=forehand tts=0.203s[0m
[32m2026-08-08 13:42:56.461[0m | [1mINFO    [0m | [36menvs.hitter[0m:[36m_consume_hitter_planner_result[0m:[36m937[0m - [1mHITTER command overridden: epoch=15 generation=3350 type=forehand tts=0.195s[0m
[32m2026-08-08 13:42:56.474[0m | [1mINFO    [0m | [36menvs.hitter[0m:[36m_consume_hitter_planner_result[0m:[36m937[0m - [1mHITTER command overridden: epoch=15 generation=3354 type=forehand tts=0.181s[0m
[32m2026-08-08 13:42:56.494[0m | [1mINFO    [0m | [36menvs.hitter[0m:[36m_consume_hitter_planner_result[0m:[36m937[0m - [1mHITTER command overridden: epoch=15 generation=3361 type=forehand tts=0.165s[0m
[32m2026-08-08 13:42:56.514[0m | [1mINFO    [0m | [36menvs.hitter[0m:[36m_consume_hitter_planner_result[0m:[36m937[0m - [1mHITTER command overridden: epoch=15 generation=3365 type=forehand tts=0.150s[0m
[32m2026-08-08 13:42:56.534[0m | [1mINFO    [0m | [36menvs.hitter[0m:[36m_consume_hitter_planner_result[0m:[36m937[0m - [1mHITTER command overridden: epoch=15 generation=3373 type=forehand tts=0.144s[0m
[32m2026-08-08 13:42:56.554[0m | [1mINFO    [0m | [36menvs.hitter[0m:[36m_consume_hitter_planner_result[0m:[36m937[0m - [1mHITTER command overridden: epoch=15 generation=3377 type=forehand tts=0.134s[0m
[32m2026-08-08 13:42:56.574[0m | [1mINFO    [0m | [36menvs.hitter[0m:[36m_consume_hitter_planner_result[0m:[36m937[0m - [1mHITTER command overridden: epoch=15 generation=3384 type=forehand tts=0.136s[0m
[32m2026-08-08 13:42:56.594[0m | [1mINFO    [0m | [36menvs.hitter[0m:[36m_consume_hitter_planner_result[0m:[36m937[0m - [1mHITTER command overridden: epoch=15 generation=3388 type=forehand tts=0.133s[0m
[32m2026-08-08 13:42:56.614[0m | [1mINFO    [0m | [36menvs.hitter[0m:[36m_consume_hitter_planner_result[0m:[36m937[0m - [1mHITTER command overridden: epoch=15 generation=3395 type=forehand tts=0.160s[0m
[32m2026-08-08 13:42:56.715[0m | [1mINFO    [0m | [36menvs.hitter[0m:[36m_log_hitter_status[0m:[36m1029[0m - [1mHITTER realtime status: phase=armed submitted=955 completed=202 failed=738 dropped=15 result_age_s=0.085 epoch=15 generation=3402 policy_tts=0.059[0m
[32m2026-08-08 13:42:56.775[0m | [1mINFO    [0m | [36menvs.hitter[0m:[36m_log_hitter_strike_target[0m:[36m708[0m - [1mHITTER strike target: epoch=15 generation=3395 type=forehand v_ball_in_w_mps=[-1.5464,-3.5246,-2.0448] speed_ball_in_mps=4.3584 v_ball_out_w_mps=[4.6875,2.6348,1.9670] speed_ball_out_mps=5.7257 v_racket_target_w_mps=[0.7154,0.5000,0.4604] speed_racket_mps=0.9868[0m
[32m2026-08-08 13:42:56.775[0m | [1mINFO    [0m | [36menvs.hitter[0m:[36m_log_hitter_advance_transitions[0m:[36m979[0m - [1mHITTER lifecycle transition: armed -> recovery[0m
[32m2026-08-08 13:42:57.715[0m | [1mINFO    [0m | [36menvs.hitter[0m:[36m_log_hitter_status[0m:[36m1029[0m - [1mHITTER realtime status: phase=recovery submitted=955 completed=202 failed=738 dropped=15 result_age_s=1.085 epoch=15 generation=3402 policy_tts=0.000[0m
[32m2026-08-08 13:42:57.934[0m | [1mINFO    [0m | [36menvs.hitter[0m:[36m_log_hitter_advance_transitions[0m:[36m995[0m - [1mHITTER lifecycle transition: recovery -> waiting[0m
[32m2026-08-08 13:42:58.715[0m | [1mINFO    [0m | [36menvs.hitter[0m:[36m_log_hitter_status[0m:[36m1029[0m - [1mHITTER realtime status: phase=waiting submitted=955 completed=202 failed=738 dropped=15 result_age_s=2.085 epoch=15 generation=3402 policy_tts=0.920[0m
[32m2026-08-08 13:42:59.691[0m | [1mINFO    [0m | [36menvs.hitter[0m:[36m_consume_hitter_planner_result[0m:[36m937[0m - [1mHITTER command armed: epoch=17 generation=3597 type=forehand tts=0.671s[0m
[32m2026-08-08 13:42:59.691[0m | [1mINFO    [0m | [36menvs.hitter[0m:[36m_log_hitter_lifecycle_transition[0m:[36m956[0m - [1mHITTER lifecycle transition: waiting -> armed[0m
[32m2026-08-08 13:42:59.700[0m | [1mINFO    [0m | [36menvs.hitter[0m:[36m_consume_hitter_planner_result[0m:[36m937[0m - [1mHITTER command overridden: epoch=17 generation=3600 type=forehand tts=0.616s[0m
[32m2026-08-08 13:42:59.714[0m | [1mINFO    [0m | [36menvs.hitter[0m:[36m_consume_hitter_planner_result[0m:[36m937[0m - [1mHITTER command overridden: epoch=17 generation=3604 type=forehand tts=0.556s[0m
[32m2026-08-08 13:42:59.715[0m | [1mINFO    [0m | [36menvs.hitter[0m:[36m_log_hitter_status[0m:[36m1029[0m - [1mHITTER realtime status: phase=armed submitted=1009 completed=205 failed=787 dropped=17 result_age_s=0.008 epoch=17 generation=3604 policy_tts=0.555[0m
[32m2026-08-08 13:42:59.794[0m | [1mINFO    [0m | [36menvs.hitter[0m:[36m_consume_hitter_planner_result[0m:[36m937[0m - [1mHITTER command overridden: epoch=17 generation=3628 type=forehand tts=0.304s[0m
[32m2026-08-08 13:42:59.814[0m | [1mINFO    [0m | [36menvs.hitter[0m:[36m_consume_hitter_planner_result[0m:[36m937[0m - [1mHITTER command overridden: epoch=17 generation=3636 type=forehand tts=0.274s[0m
[32m2026-08-08 13:42:59.834[0m | [1mINFO    [0m | [36menvs.hitter[0m:[36m_consume_hitter_planner_result[0m:[36m937[0m - [1mHITTER command overridden: epoch=17 generation=3642 type=forehand tts=0.254s[0m
[32m2026-08-08 13:42:59.855[0m | [1mINFO    [0m | [36menvs.hitter[0m:[36m_consume_hitter_planner_result[0m:[36m937[0m - [1mHITTER command overridden: epoch=17 generation=3646 type=forehand tts=0.234s[0m
[32m2026-08-08 13:42:59.874[0m | [1mINFO    [0m | [36menvs.hitter[0m:[36m_consume_hitter_planner_result[0m:[36m937[0m - [1mHITTER command overridden: epoch=17 generation=3653 type=forehand tts=0.218s[0m
[32m2026-08-08 13:42:59.894[0m | [1mINFO    [0m | [36menvs.hitter[0m:[36m_consume_hitter_planner_result[0m:[36m937[0m - [1mHITTER command overridden: epoch=17 generation=3660 type=forehand tts=0.202s[0m
[32m2026-08-08 13:42:59.914[0m | [1mINFO    [0m | [36menvs.hitter[0m:[36m_consume_hitter_planner_result[0m:[36m937[0m - [1mHITTER command overridden: epoch=17 generation=3663 type=forehand tts=0.186s[0m
[32m2026-08-08 13:42:59.934[0m | [1mINFO    [0m | [36menvs.hitter[0m:[36m_consume_hitter_planner_result[0m:[36m937[0m - [1mHITTER command overridden: epoch=17 generation=3670 type=forehand tts=0.180s[0m
[32m2026-08-08 13:42:59.954[0m | [1mINFO    [0m | [36menvs.hitter[0m:[36m_consume_hitter_planner_result[0m:[36m937[0m - [1mHITTER command overridden: epoch=17 generation=3677 type=forehand tts=0.180s[0m
[32m2026-08-08 13:42:59.976[0m | [1mINFO    [0m | [36menvs.hitter[0m:[36m_consume_hitter_planner_result[0m:[36m937[0m - [1mHITTER command overridden: epoch=17 generation=3681 type=forehand tts=0.175s[0m
[32m2026-08-08 13:42:59.979[0m | [1mINFO    [0m | [36menvs.hitter[0m:[36m_consume_hitter_planner_result[0m:[36m937[0m - [1mHITTER command overridden: epoch=17 generation=3685 type=forehand tts=0.191s[0m
[32m2026-08-08 13:43:00.034[0m | [1mINFO    [0m | [36menvs.hitter[0m:[36m_mark_hitter_track_ended[0m:[36m890[0m - [1mHITTER track ended: ended_epoch=17 invalid_epoch=18 generation=3699[0m
[32m2026-08-08 13:43:00.174[0m | [1mINFO    [0m | [36menvs.hitter[0m:[36m_log_hitter_strike_target[0m:[36m708[0m - [1mHITTER strike target: epoch=17 generation=3685 type=forehand v_ball_in_w_mps=[-1.5391,-2.7514,-2.4691] speed_ball_in_mps=4.0045 v_ball_out_w_mps=[4.6875,2.4551,2.2862] speed_ball_out_mps=5.7643 v_racket_target_w_mps=[0.8572,0.5000,0.6547] speed_racket_mps=1.1889[0m
[32m2026-08-08 13:43:00.175[0m | [1mINFO    [0m | [36menvs.hitter[0m:[36m_log_hitter_advance_transitions[0m:[36m979[0m - [1mHITTER lifecycle transition: armed -> recovery[0m
[32m2026-08-08 13:43:00.734[0m | [1mINFO    [0m | [36menvs.hitter[0m:[36m_log_hitter_status[0m:[36m1029[0m - [1mHITTER realtime status: phase=recovery submitted=1036 completed=224 failed=795 dropped=17 result_age_s=0.714 epoch=18 generation=3699 policy_tts=0.000[0m
[32m2026-08-08 13:43:01.374[0m | [1mINFO    [0m | [36menvs.hitter[0m:[36m_log_hitter_advance_transitions[0m:[36m995[0m - [1mHITTER lifecycle transition: recovery -> waiting[0m
[32m2026-08-08 13:43:01.735[0m | [1mINFO    [0m | [36menvs.hitter[0m:[36m_log_hitter_status[0m:[36m1029[0m - [1mHITTER realtime status: phase=waiting submitted=1039 completed=224 failed=798 dropped=17 result_age_s=0.001 epoch=19 generation=3706 policy_tts=0.920[0m
[32m2026-08-08 13:43:02.502[0m | [1mINFO    [0m | [36menvs.hitter[0m:[36m_consume_hitter_planner_result[0m:[36m937[0m - [1mHITTER command armed: epoch=19 generation=3935 type=backhand tts=0.695s[0m
[32m2026-08-08 13:43:02.502[0m | [1mINFO    [0m | [36menvs.hitter[0m:[36m_log_hitter_lifecycle_transition[0m:[36m956[0m - [1mHITTER lifecycle transition: waiting -> armed[0m
[32m2026-08-08 13:43:02.514[0m | [1mINFO    [0m | [36menvs.hitter[0m:[36m_consume_hitter_planner_result[0m:[36m937[0m - [1mHITTER command overridden: epoch=19 generation=3939 type=backhand tts=0.601s[0m
[32m2026-08-08 13:43:02.534[0m | [1mINFO    [0m | [36menvs.hitter[0m:[36m_consume_hitter_planner_result[0m:[36m937[0m - [1mHITTER command overridden: epoch=19 generation=3942 type=backhand tts=0.530s[0m
[32m2026-08-08 13:43:02.554[0m | [1mINFO    [0m | [36menvs.hitter[0m:[36m_consume_hitter_planner_result[0m:[36m937[0m - [1mHITTER command overridden: epoch=19 generation=3949 type=backhand tts=0.414s[0m
[32m2026-08-08 13:43:02.594[0m | [1mINFO    [0m | [36menvs.hitter[0m:[36m_consume_hitter_planner_result[0m:[36m937[0m - [1mHITTER command overridden: epoch=19 generation=3960 type=backhand tts=0.279s[0m
[32m2026-08-08 13:43:02.614[0m | [1mINFO    [0m | [36menvs.hitter[0m:[36m_consume_hitter_planner_result[0m:[36m937[0m - [1mHITTER command overridden: epoch=19 generation=3967 type=forehand tts=0.238s[0m
[32m2026-08-08 13:43:02.634[0m | [1mINFO    [0m | [36menvs.hitter[0m:[36m_consume_hitter_planner_result[0m:[36m937[0m - [1mHITTER command overridden: epoch=19 generation=3975 type=forehand tts=0.207s[0m
[32m2026-08-08 13:43:02.654[0m | [1mINFO    [0m | [36menvs.hitter[0m:[36m_consume_hitter_planner_result[0m:[36m937[0m - [1mHITTER command overridden: epoch=19 generation=3979 type=forehand tts=0.185s[0m
[32m2026-08-08 13:43:02.674[0m | [1mINFO    [0m | [36menvs.hitter[0m:[36m_consume_hitter_planner_result[0m:[36m937[0m - [1mHITTER command overridden: epoch=19 generation=3987 type=forehand tts=0.167s[0m
[32m2026-08-08 13:43:02.694[0m | [1mINFO    [0m | [36menvs.hitter[0m:[36m_consume_hitter_planner_result[0m:[36m937[0m - [1mHITTER command overridden: epoch=19 generation=3993 type=forehand tts=0.152s[0m
[32m2026-08-08 13:43:02.714[0m | [1mINFO    [0m | [36menvs.hitter[0m:[36m_consume_hitter_planner_result[0m:[36m937[0m - [1mHITTER command overridden: epoch=19 generation=3997 type=forehand tts=0.138s[0m
[32m2026-08-08 13:43:02.734[0m | [1mINFO    [0m | [36menvs.hitter[0m:[36m_consume_hitter_planner_result[0m:[36m937[0m - [1mHITTER command overridden: epoch=19 generation=4004 type=forehand tts=0.132s[0m
[32m2026-08-08 13:43:02.754[0m | [1mINFO    [0m | [36menvs.hitter[0m:[36m_consume_hitter_planner_result[0m:[36m937[0m - [1mHITTER command overridden: epoch=19 generation=4011 type=forehand tts=0.131s[0m
[32m2026-08-08 13:43:02.755[0m | [1mINFO    [0m | [36menvs.hitter[0m:[36m_log_hitter_status[0m:[36m1029[0m - [1mHITTER realtime status: phase=armed submitted=1124 completed=244 failed=862 dropped=18 result_age_s=0.001 epoch=19 generation=4011 policy_tts=0.131[0m
[32m2026-08-08 13:43:02.774[0m | [1mINFO    [0m | [36menvs.hitter[0m:[36m_consume_hitter_planner_result[0m:[36m937[0m - [1mHITTER command overridden: epoch=19 generation=4014 type=forehand tts=0.121s[0m
[32m2026-08-08 13:43:02.794[0m | [1mINFO    [0m | [36menvs.hitter[0m:[36m_consume_hitter_planner_result[0m:[36m937[0m - [1mHITTER command overridden: epoch=19 generation=4021 type=forehand tts=0.133s[0m
[32m2026-08-08 13:43:02.814[0m | [1mINFO    [0m | [36menvs.hitter[0m:[36m_consume_hitter_planner_result[0m:[36m937[0m - [1mHITTER command overridden: epoch=19 generation=4029 type=forehand tts=0.175s[0m
[32m2026-08-08 13:43:02.834[0m | [1mINFO    [0m | [36menvs.hitter[0m:[36m_consume_hitter_planner_result[0m:[36m937[0m - [1mHITTER command overridden: epoch=19 generation=4035 type=forehand tts=0.269s[0m
[32m2026-08-08 13:43:03.114[0m | [1mINFO    [0m | [36menvs.hitter[0m:[36m_log_hitter_strike_target[0m:[36m708[0m - [1mHITTER strike target: epoch=19 generation=4035 type=forehand v_ball_in_w_mps=[-0.8332,-3.6783,-2.5747] speed_ball_in_mps=4.5665 v_ball_out_w_mps=[4.6875,3.6351,2.3634] speed_ball_out_mps=6.3853 v_racket_target_w_mps=[0.7313,0.5000,0.6541] speed_racket_mps=1.1012[0m
[32m2026-08-08 13:43:03.114[0m | [1mINFO    [0m | [36menvs.hitter[0m:[36m_log_hitter_advance_transitions[0m:[36m979[0m - [1mHITTER lifecycle transition: armed -> recovery[0m
[32m2026-08-08 13:43:03.754[0m | [1mINFO    [0m | [36menvs.hitter[0m:[36m_log_hitter_status[0m:[36m1029[0m - [1mHITTER realtime status: phase=recovery submitted=1132 completed=251 failed=863 dropped=18 result_age_s=0.911 epoch=19 generation=4038 policy_tts=0.000[0m
[32m2026-08-08 13:43:04.354[0m | [1mINFO    [0m | [36menvs.hitter[0m:[36m_log_hitter_advance_transitions[0m:[36m995[0m - [1mHITTER lifecycle transition: recovery -> waiting[0m
[32m2026-08-08 13:43:04.755[0m | [1mINFO    [0m | [36menvs.hitter[0m:[36m_log_hitter_status[0m:[36m1029[0m - [1mHITTER realtime status: phase=waiting submitted=1132 completed=251 failed=863 dropped=18 result_age_s=1.912 epoch=19 generation=4038 policy_tts=0.920[0m
[32m2026-08-08 13:43:05.755[0m | [1mINFO    [0m | [36menvs.hitter[0m:[36m_log_hitter_status[0m:[36m1029[0m - [1mHITTER realtime status: phase=waiting submitted=1132 completed=251 failed=863 dropped=18 result_age_s=2.912 epoch=19 generation=4038 policy_tts=0.920[0m
[32m2026-08-08 13:43:06.015[0m | [1mINFO    [0m | [36msimulator.mujoco[0m:[36mcalibrate[0m:[36m1098[0m - [1mResetting envs with ref_dof_pos=['-0.312', '0.000', '0.000', '0.669', '-0.363', '0.000', '-0.312', '0.000', '0.000', '0.669', '-0.363', '0.000', '0.000', '0.000', '0.000', '0.200', '0.200', '0.000', '0.600', '0.000', '0.000', '0.000', '0.200', '-0.200', '0.000', '0.600', '0.000', '0.000', '0.000'][0m
[32m2026-08-08 13:43:06.016[0m | [1mINFO    [0m | [36menvs.hitter[0m:[36m_capture_hitter_waiting_base_target[0m:[36m593[0m - [1mHITTER waiting base target captured in mode=capture_current at world position [-0.4000000059604645, 0.0, 0.7929999828338623].[0m
[32m2026-08-08 13:43:06.017[0m | [1mINFO    [0m | [36menvs.hitter[0m:[36m_log_hitter_status[0m:[36m1029[0m - [1mHITTER realtime status: phase=waiting submitted=1132 completed=251 failed=863 dropped=18 result_age_s=3.173 epoch=19 generation=4038 policy_tts=0.920[0m
[32m2026-08-08 13:43:07.034[0m | [1mINFO    [0m | [36menvs.hitter[0m:[36m_log_hitter_status[0m:[36m1029[0m - [1mHITTER realtime status: phase=waiting submitted=1132 completed=251 failed=863 dropped=18 result_age_s=4.191 epoch=19 generation=4038 policy_tts=0.920[0m
[32m2026-08-08 13:43:08.035[0m | [1mINFO    [0m | [36menvs.hitter[0m:[36m_log_hitter_status[0m:[36m1029[0m - [1mHITTER realtime status: phase=waiting submitted=1132 completed=251 failed=863 dropped=18 result_age_s=5.192 epoch=19 generation=4038 policy_tts=0.920[0m
[32m2026-08-08 13:43:09.054[0m | [1mINFO    [0m | [36menvs.hitter[0m:[36m_log_hitter_status[0m:[36m1029[0m - [1mHITTER realtime status: phase=waiting submitted=1140 completed=251 failed=871 dropped=18 result_age_s=0.000 epoch=23 generation=4067 policy_tts=0.920[0m
[32m2026-08-08 13:43:10.056[0m | [1mINFO    [0m | [36menvs.hitter[0m:[36m_log_hitter_status[0m:[36m1029[0m - [1mHITTER realtime status: phase=waiting submitted=1213 completed=251 failed=937 dropped=25 result_age_s=0.005 epoch=23 generation=4324 policy_tts=0.920[0m
[32m2026-08-08 13:43:10.824[0m | [1mINFO    [0m | [36menvs.hitter[0m:[36m_consume_hitter_planner_result[0m:[36m937[0m - [1mHITTER command armed: epoch=23 generation=4530 type=forehand tts=0.685s[0m
[32m2026-08-08 13:43:10.824[0m | [1mINFO    [0m | [36menvs.hitter[0m:[36m_log_hitter_lifecycle_transition[0m:[36m956[0m - [1mHITTER lifecycle transition: waiting -> armed[0m
[32m2026-08-08 13:43:10.833[0m | [1mINFO    [0m | [36menvs.hitter[0m:[36m_consume_hitter_planner_result[0m:[36m937[0m - [1mHITTER command overridden: epoch=23 generation=4533 type=forehand tts=0.637s[0m
[32m2026-08-08 13:43:10.850[0m | [1mINFO    [0m | [36menvs.hitter[0m:[36m_consume_hitter_planner_result[0m:[36m937[0m - [1mHITTER command overridden: epoch=23 generation=4537 type=forehand tts=0.575s[0m
[32m2026-08-08 13:43:10.864[0m | [1mINFO    [0m | [36menvs.hitter[0m:[36m_consume_hitter_planner_result[0m:[36m937[0m - [1mHITTER command overridden: epoch=23 generation=4541 type=forehand tts=0.526s[0m
[32m2026-08-08 13:43:10.877[0m | [1mINFO    [0m | [36menvs.hitter[0m:[36m_consume_hitter_planner_result[0m:[36m937[0m - [1mHITTER command overridden: epoch=23 generation=4545 type=forehand tts=0.482s[0m
[32m2026-08-08 13:43:10.888[0m | [1mINFO    [0m | [36menvs.hitter[0m:[36m_consume_hitter_planner_result[0m:[36m937[0m - [1mHITTER command overridden: epoch=23 generation=4548 type=forehand tts=0.450s[0m
[32m2026-08-08 13:43:10.894[0m | [1mINFO    [0m | [36menvs.hitter[0m:[36m_consume_hitter_planner_result[0m:[36m937[0m - [1mHITTER command overridden: epoch=23 generation=4552 type=forehand tts=0.417s[0m
[32m2026-08-08 13:43:10.974[0m | [1mINFO    [0m | [36menvs.hitter[0m:[36m_consume_hitter_planner_result[0m:[36m937[0m - [1mHITTER command overridden: epoch=23 generation=4575 type=forehand tts=0.273s[0m
[32m2026-08-08 13:43:10.994[0m | [1mINFO    [0m | [36menvs.hitter[0m:[36m_consume_hitter_planner_result[0m:[36m937[0m - [1mHITTER command overridden: epoch=23 generation=4581 type=forehand tts=0.254s[0m
[32m2026-08-08 13:43:11.014[0m | [1mINFO    [0m | [36menvs.hitter[0m:[36m_consume_hitter_planner_result[0m:[36m937[0m - [1mHITTER command overridden: epoch=23 generation=4588 type=forehand tts=0.241s[0m
[32m2026-08-08 13:43:11.034[0m | [1mINFO    [0m | [36menvs.hitter[0m:[36m_consume_hitter_planner_result[0m:[36m937[0m - [1mHITTER command overridden: epoch=23 generation=4591 type=forehand tts=0.227s[0m
[32m2026-08-08 13:43:11.054[0m | [1mINFO    [0m | [36menvs.hitter[0m:[36m_consume_hitter_planner_result[0m:[36m937[0m - [1mHITTER command overridden: epoch=23 generation=4599 type=forehand tts=0.224s[0m
[32m2026-08-08 13:43:11.074[0m | [1mINFO    [0m | [36menvs.hitter[0m:[36m_consume_hitter_planner_result[0m:[36m937[0m - [1mHITTER command overridden: epoch=23 generation=4603 type=forehand tts=0.217s[0m
[32m2026-08-08 13:43:11.075[0m | [1mINFO    [0m | [36menvs.hitter[0m:[36m_log_hitter_status[0m:[36m1029[0m - [1mHITTER realtime status: phase=armed submitted=1296 completed=268 failed=999 dropped=28 result_age_s=0.011 epoch=23 generation=4603 policy_tts=0.217[0m
[32m2026-08-08 13:43:11.094[0m | [1mINFO    [0m | [36menvs.hitter[0m:[36m_consume_hitter_planner_result[0m:[36m937[0m - [1mHITTER command overridden: epoch=23 generation=4610 type=forehand tts=0.228s[0m
[32m2026-08-08 13:43:11.334[0m | [1mINFO    [0m | [36menvs.hitter[0m:[36m_log_hitter_strike_target[0m:[36m708[0m - [1mHITTER strike target: epoch=23 generation=4610 type=forehand v_ball_in_w_mps=[-1.7886,-2.1875,-2.3986] speed_ball_in_mps=3.7064 v_ball_out_w_mps=[4.6875,2.1027,2.3174] speed_ball_out_mps=5.6360 v_racket_target_w_mps=[0.9693,0.5000,0.7059] speed_racket_mps=1.2992[0m
[32m2026-08-08 13:43:11.334[0m | [1mINFO    [0m | [36menvs.hitter[0m:[36m_log_hitter_advance_transitions[0m:[36m979[0m - [1mHITTER lifecycle transition: armed -> recovery[0m
[32m2026-08-08 13:43:12.075[0m | [1mINFO    [0m | [36menvs.hitter[0m:[36m_log_hitter_status[0m:[36m1029[0m - [1mHITTER realtime status: phase=recovery submitted=1306 completed=271 failed=1007 dropped=28 result_age_s=0.884 epoch=23 generation=4641 policy_tts=0.000[0m
[32m2026-08-08 13:43:12.554[0m | [1mINFO    [0m | [36menvs.hitter[0m:[36m_log_hitter_advance_transitions[0m:[36m995[0m - [1mHITTER lifecycle transition: recovery -> waiting[0m
[32m2026-08-08 13:43:13.084[0m | [1mINFO    [0m | [36menvs.hitter[0m:[36m_log_hitter_status[0m:[36m1029[0m - [1mHITTER realtime status: phase=waiting submitted=1365 completed=271 failed=1066 dropped=28 result_age_s=0.003 epoch=25 generation=4839 policy_tts=0.920[0m
[32m2026-08-08 13:43:13.094[0m | [1mINFO    [0m | [36menvs.hitter[0m:[36m_consume_hitter_planner_result[0m:[36m937[0m - [1mHITTER command armed: epoch=25 generation=4849 type=backhand tts=0.918s[0m
[32m2026-08-08 13:43:13.094[0m | [1mINFO    [0m | [36menvs.hitter[0m:[36m_log_hitter_lifecycle_transition[0m:[36m956[0m - [1mHITTER lifecycle transition: waiting -> armed[0m
[32m2026-08-08 13:43:13.104[0m | [1mINFO    [0m | [36menvs.hitter[0m:[36m_consume_hitter_planner_result[0m:[36m937[0m - [1mHITTER command overridden: epoch=25 generation=4855 type=backhand tts=0.576s[0m
[32m2026-08-08 13:43:13.116[0m | [1mINFO    [0m | [36menvs.hitter[0m:[36m_consume_hitter_planner_result[0m:[36m937[0m - [1mHITTER command overridden: epoch=25 generation=4858 type=backhand tts=0.529s[0m
[32m2026-08-08 13:43:13.130[0m | [1mINFO    [0m | [36menvs.hitter[0m:[36m_consume_hitter_planner_result[0m:[36m937[0m - [1mHITTER command overridden: epoch=25 generation=4862 type=backhand tts=0.477s[0m
[32m2026-08-08 13:43:13.142[0m | [1mINFO    [0m | [36menvs.hitter[0m:[36m_consume_hitter_planner_result[0m:[36m937[0m - [1mHITTER command overridden: epoch=25 generation=4864 type=backhand tts=0.454s[0m
[32m2026-08-08 13:43:13.148[0m | [1mINFO    [0m | [36menvs.hitter[0m:[36m_consume_hitter_planner_result[0m:[36m937[0m - [1mHITTER command overridden: epoch=25 generation=4869 type=forehand tts=0.412s[0m
[32m2026-08-08 13:43:13.158[0m | [1mINFO    [0m | [36menvs.hitter[0m:[36m_consume_hitter_planner_result[0m:[36m937[0m - [1mHITTER command overridden: epoch=25 generation=4872 type=forehand tts=0.386s[0m
[32m2026-08-08 13:43:13.174[0m | [1mINFO    [0m | [36menvs.hitter[0m:[36m_consume_hitter_planner_result[0m:[36m937[0m - [1mHITTER command overridden: epoch=25 generation=4875 type=forehand tts=0.357s[0m
[32m2026-08-08 13:43:13.234[0m | [1mINFO    [0m | [36menvs.hitter[0m:[36m_consume_hitter_planner_result[0m:[36m937[0m - [1mHITTER command overridden: epoch=25 generation=4895 type=forehand tts=0.264s[0m
[32m2026-08-08 13:43:13.254[0m | [1mINFO    [0m | [36menvs.hitter[0m:[36m_consume_hitter_planner_result[0m:[36m937[0m - [1mHITTER command overridden: epoch=25 generation=4899 type=forehand tts=0.244s[0m
[32m2026-08-08 13:43:13.274[0m | [1mINFO    [0m | [36menvs.hitter[0m:[36m_consume_hitter_planner_result[0m:[36m937[0m - [1mHITTER command overridden: epoch=25 generation=4906 type=forehand tts=0.229s[0m
[32m2026-08-08 13:43:13.294[0m | [1mINFO    [0m | [36menvs.hitter[0m:[36m_consume_hitter_planner_result[0m:[36m937[0m - [1mHITTER command overridden: epoch=25 generation=4913 type=forehand tts=0.222s[0m
[32m2026-08-08 13:43:13.314[0m | [1mINFO    [0m | [36menvs.hitter[0m:[36m_consume_hitter_planner_result[0m:[36m937[0m - [1mHITTER command overridden: epoch=25 generation=4916 type=forehand tts=0.209s[0m
[32m2026-08-08 13:43:13.334[0m | [1mINFO    [0m | [36menvs.hitter[0m:[36m_consume_hitter_planner_result[0m:[36m937[0m - [1mHITTER command overridden: epoch=25 generation=4923 type=forehand tts=0.201s[0m
[32m2026-08-08 13:43:13.354[0m | [1mINFO    [0m | [36menvs.hitter[0m:[36m_consume_hitter_planner_result[0m:[36m937[0m - [1mHITTER command overridden: epoch=25 generation=4930 type=forehand tts=0.191s[0m
[32m2026-08-08 13:43:13.374[0m | [1mINFO    [0m | [36menvs.hitter[0m:[36m_consume_hitter_planner_result[0m:[36m937[0m - [1mHITTER command overridden: epoch=25 generation=4936 type=forehand tts=0.178s[0m
[32m2026-08-08 13:43:13.394[0m | [1mINFO    [0m | [36menvs.hitter[0m:[36m_consume_hitter_planner_result[0m:[36m937[0m - [1mHITTER command overridden: epoch=25 generation=4940 type=forehand tts=0.163s[0m
[32m2026-08-08 13:43:13.414[0m | [1mINFO    [0m | [36menvs.hitter[0m:[36m_consume_hitter_planner_result[0m:[36m937[0m - [1mHITTER command overridden: epoch=25 generation=4947 type=forehand tts=0.152s[0m
[32m2026-08-08 13:43:13.434[0m | [1mINFO    [0m | [36menvs.hitter[0m:[36m_consume_hitter_planner_result[0m:[36m937[0m - [1mHITTER command overridden: epoch=25 generation=4955 type=forehand tts=0.151s[0m
[32m2026-08-08 13:43:13.454[0m | [1mINFO    [0m | [36menvs.hitter[0m:[36m_consume_hitter_planner_result[0m:[36m937[0m - [1mHITTER command overridden: epoch=25 generation=4959 type=forehand tts=0.144s[0m
[32m2026-08-08 13:43:13.474[0m | [1mINFO    [0m | [36menvs.hitter[0m:[36m_consume_hitter_planner_result[0m:[36m937[0m - [1mHITTER command overridden: epoch=25 generation=4967 type=forehand tts=0.154s[0m
[32m2026-08-08 13:43:13.494[0m | [1mINFO    [0m | [36menvs.hitter[0m:[36m_mark_hitter_track_ended[0m:[36m890[0m - [1mHITTER track ended: ended_epoch=25 invalid_epoch=26 generation=4970[0m
[32m2026-08-08 13:43:13.634[0m | [1mINFO    [0m | [36menvs.hitter[0m:[36m_log_hitter_strike_target[0m:[36m708[0m - [1mHITTER strike target: epoch=25 generation=4967 type=forehand v_ball_in_w_mps=[-1.2912,-1.9737,-0.8985] speed_ball_in_mps=2.5239 v_ball_out_w_mps=[4.6875,1.7980,1.5579] speed_ball_out_mps=5.2567 v_racket_target_w_mps=[1.3773,0.5000,0.5659] speed_racket_mps=1.5707[0m
[32m2026-08-08 13:43:13.634[0m | [1mINFO    [0m | [36menvs.hitter[0m:[36m_log_hitter_advance_transitions[0m:[36m979[0m - [1mHITTER lifecycle transition: armed -> recovery[0m
[32m2026-08-08 13:43:14.094[0m | [1mINFO    [0m | [36menvs.hitter[0m:[36m_log_hitter_status[0m:[36m1029[0m - [1mHITTER realtime status: phase=recovery submitted=1400 completed=300 failed=1072 dropped=28 result_age_s=0.613 epoch=26 generation=4970 policy_tts=0.000[0m
[32m2026-08-08 13:43:14.475[0m | [1mINFO    [0m | [36menvs.hitter[0m:[36m_log_hitter_advance_transitions[0m:[36m995[0m - [1mHITTER lifecycle transition: recovery -> waiting[0m
[32m2026-08-08 13:43:15.095[0m | [1mINFO    [0m | [36menvs.hitter[0m:[36m_log_hitter_status[0m:[36m1029[0m - [1mHITTER realtime status: phase=waiting submitted=1462 completed=300 failed=1134 dropped=28 result_age_s=0.005 epoch=27 generation=5185 policy_tts=0.920[0m
[32m2026-08-08 13:43:15.334[0m | [1mINFO    [0m | [36menvs.hitter[0m:[36m_log_hitter_lifecycle_transition[0m:[36m956[0m - [1mHITTER lifecycle transition: waiting -> tracking[0m
[32m2026-08-08 13:43:15.374[0m | [1mINFO    [0m | [36menvs.hitter[0m:[36m_consume_hitter_planner_result[0m:[36m937[0m - [1mHITTER command armed: epoch=27 generation=5268 type=backhand tts=0.658s[0m
[32m2026-08-08 13:43:15.375[0m | [1mINFO    [0m | [36menvs.hitter[0m:[36m_log_hitter_lifecycle_transition[0m:[36m956[0m - [1mHITTER lifecycle transition: tracking -> armed[0m
[32m2026-08-08 13:43:15.394[0m | [1mINFO    [0m | [36menvs.hitter[0m:[36m_consume_hitter_planner_result[0m:[36m937[0m - [1mHITTER command overridden: epoch=27 generation=5272 type=backhand tts=0.592s[0m
[32m2026-08-08 13:43:15.400[0m | [1mINFO    [0m | [36menvs.hitter[0m:[36m_consume_hitter_planner_result[0m:[36m937[0m - [1mHITTER command overridden: epoch=27 generation=5276 type=forehand tts=0.548s[0m
[32m2026-08-08 13:43:15.414[0m | [1mINFO    [0m | [36menvs.hitter[0m:[36m_consume_hitter_planner_result[0m:[36m937[0m - [1mHITTER command overridden: epoch=27 generation=5279 type=forehand tts=0.507s[0m
[32m2026-08-08 13:43:15.434[0m | [1mINFO    [0m | [36menvs.hitter[0m:[36m_consume_hitter_planner_result[0m:[36m937[0m - [1mHITTER command overridden: epoch=27 generation=5286 type=forehand tts=0.435s[0m
[32m2026-08-08 13:43:15.494[0m | [1mINFO    [0m | [36menvs.hitter[0m:[36m_consume_hitter_planner_result[0m:[36m937[0m - [1mHITTER command overridden: epoch=27 generation=5303 type=forehand tts=0.278s[0m
[32m2026-08-08 13:43:15.514[0m | [1mINFO    [0m | [36menvs.hitter[0m:[36m_consume_hitter_planner_result[0m:[36m937[0m - [1mHITTER command overridden: epoch=27 generation=5311 type=forehand tts=0.245s[0m
[32m2026-08-08 13:43:15.534[0m | [1mINFO    [0m | [36menvs.hitter[0m:[36m_consume_hitter_planner_result[0m:[36m937[0m - [1mHITTER command overridden: epoch=27 generation=5315 type=forehand tts=0.221s[0m
[32m2026-08-08 13:43:15.554[0m | [1mINFO    [0m | [36menvs.hitter[0m:[36m_consume_hitter_planner_result[0m:[36m937[0m - [1mHITTER command overridden: epoch=27 generation=5322 type=forehand tts=0.196s[0m
[32m2026-08-08 13:43:15.575[0m | [1mINFO    [0m | [36menvs.hitter[0m:[36m_consume_hitter_planner_result[0m:[36m937[0m - [1mHITTER command overridden: epoch=27 generation=5329 type=forehand tts=0.177s[0m
[32m2026-08-08 13:43:15.594[0m | [1mINFO    [0m | [36menvs.hitter[0m:[36m_consume_hitter_planner_result[0m:[36m937[0m - [1mHITTER command overridden: epoch=27 generation=5335 type=forehand tts=0.164s[0m
[32m2026-08-08 13:43:15.614[0m | [1mINFO    [0m | [36menvs.hitter[0m:[36m_consume_hitter_planner_result[0m:[36m937[0m - [1mHITTER command overridden: epoch=27 generation=5339 type=forehand tts=0.150s[0m
[32m2026-08-08 13:43:15.634[0m | [1mINFO    [0m | [36menvs.hitter[0m:[36m_consume_hitter_planner_result[0m:[36m937[0m - [1mHITTER command overridden: epoch=27 generation=5346 type=forehand tts=0.146s[0m
[32m2026-08-08 13:43:15.654[0m | [1mINFO    [0m | [36menvs.hitter[0m:[36m_consume_hitter_planner_result[0m:[36m937[0m - [1mHITTER command overridden: epoch=27 generation=5350 type=forehand tts=0.138s[0m
[32m2026-08-08 13:43:15.674[0m | [1mINFO    [0m | [36menvs.hitter[0m:[36m_consume_hitter_planner_result[0m:[36m937[0m - [1mHITTER command overridden: epoch=27 generation=5358 type=forehand tts=0.153s[0m
[32m2026-08-08 13:43:15.694[0m | [1mINFO    [0m | [36menvs.hitter[0m:[36m_consume_hitter_planner_result[0m:[36m937[0m - [1mHITTER command overridden: epoch=27 generation=5362 type=forehand tts=0.159s[0m
[32m2026-08-08 13:43:15.714[0m | [1mINFO    [0m | [36menvs.hitter[0m:[36m_consume_hitter_planner_result[0m:[36m937[0m - [1mHITTER command overridden: epoch=27 generation=5369 type=forehand tts=0.221s[0m
[32m2026-08-08 13:43:15.935[0m | [1mINFO    [0m | [36menvs.hitter[0m:[36m_log_hitter_strike_target[0m:[36m708[0m - [1mHITTER strike target: epoch=27 generation=5369 type=forehand v_ball_in_w_mps=[-1.1053,-3.3392,-2.1937] speed_ball_in_mps=4.1454 v_ball_out_w_mps=[4.6875,3.1226,2.1956] speed_ball_out_mps=6.0451 v_racket_target_w_mps=[0.8277,0.5000,0.6272] speed_racket_mps=1.1526[0m
[32m2026-08-08 13:43:15.935[0m | [1mINFO    [0m | [36menvs.hitter[0m:[36m_log_hitter_advance_transitions[0m:[36m979[0m - [1mHITTER lifecycle transition: armed -> recovery[0m
[32m2026-08-08 13:43:16.114[0m | [1mINFO    [0m | [36menvs.hitter[0m:[36m_log_hitter_status[0m:[36m1029[0m - [1mHITTER realtime status: phase=recovery submitted=1513 completed=327 failed=1157 dropped=29 result_age_s=0.394 epoch=27 generation=5373 policy_tts=0.000[0m
[32m2026-08-08 13:43:17.115[0m | [1mINFO    [0m | [36menvs.hitter[0m:[36m_log_hitter_status[0m:[36m1029[0m - [1mHITTER realtime status: phase=recovery submitted=1544 completed=327 failed=1188 dropped=29 result_age_s=0.001 epoch=29 generation=5482 policy_tts=0.000[0m
[32m2026-08-08 13:43:17.214[0m | [1mINFO    [0m | [36menvs.hitter[0m:[36m_log_hitter_advance_transitions[0m:[36m995[0m - [1mHITTER lifecycle transition: recovery -> waiting[0m
[32m2026-08-08 13:43:17.614[0m | [1mINFO    [0m | [36menvs.hitter[0m:[36m_consume_hitter_planner_result[0m:[36m937[0m - [1mHITTER command armed: epoch=29 generation=5629 type=forehand tts=0.594s[0m
[32m2026-08-08 13:43:17.615[0m | [1mINFO    [0m | [36menvs.hitter[0m:[36m_log_hitter_lifecycle_transition[0m:[36m956[0m - [1mHITTER lifecycle transition: waiting -> armed[0m
[32m2026-08-08 13:43:17.634[0m | [1mINFO    [0m | [36menvs.hitter[0m:[36m_consume_hitter_planner_result[0m:[36m937[0m - [1mHITTER command overridden: epoch=29 generation=5637 type=forehand tts=0.494s[0m
[32m2026-08-08 13:43:17.654[0m | [1mINFO    [0m | [36menvs.hitter[0m:[36m_consume_hitter_planner_result[0m:[36m937[0m - [1mHITTER command overridden: epoch=29 generation=5641 type=forehand tts=0.447s[0m
[32m2026-08-08 13:43:17.734[0m | [1mINFO    [0m | [36menvs.hitter[0m:[36m_consume_hitter_planner_result[0m:[36m937[0m - [1mHITTER command overridden: epoch=29 generation=5665 type=forehand tts=0.278s[0m
[32m2026-08-08 13:43:17.754[0m | [1mINFO    [0m | [36menvs.hitter[0m:[36m_consume_hitter_planner_result[0m:[36m937[0m - [1mHITTER command overridden: epoch=29 generation=5671 type=forehand tts=0.259s[0m
[32m2026-08-08 13:43:17.774[0m | [1mINFO    [0m | [36menvs.hitter[0m:[36m_consume_hitter_planner_result[0m:[36m937[0m - [1mHITTER command overridden: epoch=29 generation=5678 type=forehand tts=0.247s[0m
[32m2026-08-08 13:43:17.794[0m | [1mINFO    [0m | [36menvs.hitter[0m:[36m_consume_hitter_planner_result[0m:[36m937[0m - [1mHITTER command overridden: epoch=29 generation=5685 type=forehand tts=0.236s[0m
[32m2026-08-08 13:43:17.814[0m | [1mINFO    [0m | [36menvs.hitter[0m:[36m_consume_hitter_planner_result[0m:[36m937[0m - [1mHITTER command overridden: epoch=29 generation=5688 type=forehand tts=0.221s[0m
[32m2026-08-08 13:43:17.834[0m | [1mINFO    [0m | [36menvs.hitter[0m:[36m_consume_hitter_planner_result[0m:[36m937[0m - [1mHITTER command overridden: epoch=29 generation=5696 type=forehand tts=0.214s[0m
[32m2026-08-08 13:43:17.854[0m | [1mINFO    [0m | [36menvs.hitter[0m:[36m_consume_hitter_planner_result[0m:[36m937[0m - [1mHITTER command overridden: epoch=29 generation=5703 type=forehand tts=0.218s[0m
[32m2026-08-08 13:43:17.874[0m | [1mINFO    [0m | [36menvs.hitter[0m:[36m_consume_hitter_planner_result[0m:[36m937[0m - [1mHITTER command overridden: epoch=29 generation=5707 type=forehand tts=0.220s[0m
[32m2026-08-08 13:43:18.094[0m | [1mINFO    [0m | [36menvs.hitter[0m:[36m_log_hitter_strike_target[0m:[36m708[0m - [1mHITTER strike target: epoch=29 generation=5707 type=forehand v_ball_in_w_mps=[-1.5714,-2.2619,-2.3059] speed_ball_in_mps=3.5920 v_ball_out_w_mps=[4.6875,2.2612,2.2618] speed_ball_out_mps=5.6746 v_racket_target_w_mps=[1.0040,0.5000,0.7327] speed_racket_mps=1.3397[0m
[32m2026-08-08 13:43:18.095[0m | [1mINFO    [0m | [36menvs.hitter[0m:[36m_log_hitter_advance_transitions[0m:[36m979[0m - [1mHITTER lifecycle transition: armed -> recovery[0m
[32m2026-08-08 13:43:18.116[0m | [1mINFO    [0m | [36menvs.hitter[0m:[36m_log_hitter_status[0m:[36m1029[0m - [1mHITTER realtime status: phase=recovery submitted=1613 completed=347 failed=1236 dropped=30 result_age_s=0.172 epoch=29 generation=5730 policy_tts=0.000[0m
[32m2026-08-08 13:43:19.134[0m | [1mINFO    [0m | [36menvs.hitter[0m:[36m_log_hitter_status[0m:[36m1029[0m - [1mHITTER realtime status: phase=recovery submitted=1613 completed=347 failed=1236 dropped=30 result_age_s=1.191 epoch=29 generation=5730 policy_tts=0.000[0m
[32m2026-08-08 13:43:19.274[0m | [1mINFO    [0m | [36menvs.hitter[0m:[36m_log_hitter_advance_transitions[0m:[36m995[0m - [1mHITTER lifecycle transition: recovery -> waiting[0m
[32m2026-08-08 13:43:20.135[0m | [1mINFO    [0m | [36menvs.hitter[0m:[36m_log_hitter_status[0m:[36m1029[0m - [1mHITTER realtime status: phase=waiting submitted=1613 completed=347 failed=1236 dropped=30 result_age_s=2.191 epoch=29 generation=5730 policy_tts=0.920[0m
[32m2026-08-08 13:43:21.170[0m | [1mINFO    [0m | [36menvs.hitter[0m:[36m_log_hitter_status[0m:[36m1029[0m - [1mHITTER realtime status: phase=waiting submitted=1668 completed=347 failed=1289 dropped=30 result_age_s=0.003 epoch=31 generation=5918 policy_tts=0.920[0m
[32m2026-08-08 13:43:21.354[0m | [1mINFO    [0m | [36menvs.hitter[0m:[36m_consume_hitter_planner_result[0m:[36m937[0m - [1mHITTER command armed: epoch=31 generation=5983 type=backhand tts=0.510s[0m
[32m2026-08-08 13:43:21.354[0m | [1mINFO    [0m | [36menvs.hitter[0m:[36m_log_hitter_lifecycle_transition[0m:[36m956[0m - [1mHITTER lifecycle transition: waiting -> armed[0m
[32m2026-08-08 13:43:21.374[0m | [1mINFO    [0m | [36menvs.hitter[0m:[36m_consume_hitter_planner_result[0m:[36m937[0m - [1mHITTER command overridden: epoch=31 generation=5990 type=backhand tts=0.423s[0m
[32m2026-08-08 13:43:21.394[0m | [1mINFO    [0m | [36menvs.hitter[0m:[36m_consume_hitter_planner_result[0m:[36m937[0m - [1mHITTER command overridden: epoch=31 generation=5993 type=forehand tts=0.381s[0m
[32m2026-08-08 13:43:21.434[0m | [1mINFO    [0m | [36menvs.hitter[0m:[36m_consume_hitter_planner_result[0m:[36m937[0m - [1mHITTER command overridden: epoch=31 generation=6008 type=forehand tts=0.270s[0m
[32m2026-08-08 13:43:21.454[0m | [1mINFO    [0m | [36menvs.hitter[0m:[36m_consume_hitter_planner_result[0m:[36m937[0m - [1mHITTER command overridden: epoch=31 generation=6012 type=forehand tts=0.247s[0m
[32m2026-08-08 13:43:21.474[0m | [1mINFO    [0m | [36menvs.hitter[0m:[36m_consume_hitter_planner_result[0m:[36m937[0m - [1mHITTER command overridden: epoch=31 generation=6019 type=forehand tts=0.225s[0m
[32m2026-08-08 13:43:21.494[0m | [1mINFO    [0m | [36menvs.hitter[0m:[36m_consume_hitter_planner_result[0m:[36m937[0m - [1mHITTER command overridden: epoch=31 generation=6025 type=forehand tts=0.208s[0m
[32m2026-08-08 13:43:21.514[0m | [1mINFO    [0m | [36menvs.hitter[0m:[36m_consume_hitter_planner_result[0m:[36m937[0m - [1mHITTER command overridden: epoch=31 generation=6032 type=forehand tts=0.195s[0m
[32m2026-08-08 13:43:21.534[0m | [1mINFO    [0m | [36menvs.hitter[0m:[36m_consume_hitter_planner_result[0m:[36m937[0m - [1mHITTER command overridden: epoch=31 generation=6036 type=forehand tts=0.181s[0m
[32m2026-08-08 13:43:21.554[0m | [1mINFO    [0m | [36menvs.hitter[0m:[36m_consume_hitter_planner_result[0m:[36m937[0m - [1mHITTER command overridden: epoch=31 generation=6042 type=forehand tts=0.175s[0m
[32m2026-08-08 13:43:21.574[0m | [1mINFO    [0m | [36menvs.hitter[0m:[36m_consume_hitter_planner_result[0m:[36m937[0m - [1mHITTER command overridden: epoch=31 generation=6050 type=forehand tts=0.180s[0m
[32m2026-08-08 13:43:21.594[0m | [1mINFO    [0m | [36menvs.hitter[0m:[36m_consume_hitter_planner_result[0m:[36m937[0m - [1mHITTER command overridden: epoch=31 generation=6054 type=forehand tts=0.176s[0m
[32m2026-08-08 13:43:21.614[0m | [1mINFO    [0m | [36menvs.hitter[0m:[36m_consume_hitter_planner_result[0m:[36m937[0m - [1mHITTER command overridden: epoch=31 generation=6061 type=forehand tts=0.193s[0m
[32m2026-08-08 13:43:21.634[0m | [1mINFO    [0m | [36menvs.hitter[0m:[36m_consume_hitter_planner_result[0m:[36m937[0m - [1mHITTER command overridden: epoch=31 generation=6065 type=forehand tts=0.198s[0m
[32m2026-08-08 13:43:21.654[0m | [1mINFO    [0m | [36menvs.hitter[0m:[36m_consume_hitter_planner_result[0m:[36m937[0m - [1mHITTER command overridden: epoch=31 generation=6073 type=forehand tts=0.230s[0m
[32m2026-08-08 13:43:21.674[0m | [1mINFO    [0m | [36menvs.hitter[0m:[36m_consume_hitter_planner_result[0m:[36m937[0m - [1mHITTER command overridden: epoch=31 generation=6080 type=forehand tts=0.260s[0m
[32m2026-08-08 13:43:21.694[0m | [1mINFO    [0m | [36menvs.hitter[0m:[36m_consume_hitter_planner_result[0m:[36m937[0m - [1mHITTER command overridden: epoch=31 generation=6083 type=forehand tts=0.266s[0m
[32m2026-08-08 13:43:21.714[0m | [1mINFO    [0m | [36menvs.hitter[0m:[36m_consume_hitter_planner_result[0m:[36m937[0m - [1mHITTER command overridden: epoch=31 generation=6090 type=forehand tts=0.313s[0m
[32m2026-08-08 13:43:22.034[0m | [1mINFO    [0m | [36menvs.hitter[0m:[36m_log_hitter_strike_target[0m:[36m708[0m - [1mHITTER strike target: epoch=31 generation=6090 type=forehand v_ball_in_w_mps=[-0.7096,-1.5476,-2.6466] speed_ball_in_mps=3.1470 v_ball_out_w_mps=[4.6875,2.2647,2.3027] speed_ball_out_mps=5.6925 v_racket_target_w_mps=[1.1097,0.5000,1.0176] speed_racket_mps=1.5865[0m
[32m2026-08-08 13:43:22.034[0m | [1mINFO    [0m | [36menvs.hitter[0m:[36m_log_hitter_advance_transitions[0m:[36m979[0m - [1mHITTER lifecycle transition: armed -> recovery[0m
[32m2026-08-08 13:43:22.174[0m | [1mINFO    [0m | [36menvs.hitter[0m:[36m_log_hitter_status[0m:[36m1029[0m - [1mHITTER realtime status: phase=recovery submitted=1718 completed=376 failed=1309 dropped=33 result_age_s=0.394 epoch=31 generation=6111 policy_tts=0.000[0m
[32m2026-08-08 13:43:23.174[0m | [1mINFO    [0m | [36menvs.hitter[0m:[36m_log_hitter_status[0m:[36m1029[0m - [1mHITTER realtime status: phase=recovery submitted=1718 completed=376 failed=1309 dropped=33 result_age_s=1.394 epoch=31 generation=6111 policy_tts=0.000[0m
[32m2026-08-08 13:43:23.414[0m | [1mINFO    [0m | [36menvs.hitter[0m:[36m_log_hitter_advance_transitions[0m:[36m995[0m - [1mHITTER lifecycle transition: recovery -> waiting[0m
[32m2026-08-08 13:43:24.175[0m | [1mINFO    [0m | [36menvs.hitter[0m:[36m_log_hitter_status[0m:[36m1029[0m - [1mHITTER realtime status: phase=waiting submitted=1756 completed=376 failed=1347 dropped=33 result_age_s=0.008 epoch=33 generation=6246 policy_tts=0.920[0m
[32m2026-08-08 13:43:24.254[0m | [1mINFO    [0m | [36menvs.hitter[0m:[36m_consume_hitter_planner_result[0m:[36m937[0m - [1mHITTER command armed: epoch=33 generation=6271 type=forehand tts=0.519s[0m
[32m2026-08-08 13:43:24.255[0m | [1mINFO    [0m | [36menvs.hitter[0m:[36m_log_hitter_lifecycle_transition[0m:[36m956[0m - [1mHITTER lifecycle transition: waiting -> armed[0m
[32m2026-08-08 13:43:24.275[0m | [1mINFO    [0m | [36menvs.hitter[0m:[36m_consume_hitter_planner_result[0m:[36m937[0m - [1mHITTER command overridden: epoch=33 generation=6274 type=forehand tts=0.437s[0m
[32m2026-08-08 13:43:24.314[0m | [1mINFO    [0m | [36menvs.hitter[0m:[36m_consume_hitter_planner_result[0m:[36m937[0m - [1mHITTER command overridden: epoch=33 generation=6289 type=forehand tts=0.275s[0m
[32m2026-08-08 13:43:24.335[0m | [1mINFO    [0m | [36menvs.hitter[0m:[36m_consume_hitter_planner_result[0m:[36m937[0m - [1mHITTER command overridden: epoch=33 generation=6293 type=forehand tts=0.244s[0m
[32m2026-08-08 13:43:24.354[0m | [1mINFO    [0m | [36menvs.hitter[0m:[36m_consume_hitter_planner_result[0m:[36m937[0m - [1mHITTER command overridden: epoch=33 generation=6299 type=forehand tts=0.213s[0m
[32m2026-08-08 13:43:24.374[0m | [1mINFO    [0m | [36menvs.hitter[0m:[36m_consume_hitter_planner_result[0m:[36m937[0m - [1mHITTER command overridden: epoch=33 generation=6307 type=forehand tts=0.184s[0m
[32m2026-08-08 13:43:24.394[0m | [1mINFO    [0m | [36menvs.hitter[0m:[36m_consume_hitter_planner_result[0m:[36m937[0m - [1mHITTER command overridden: epoch=33 generation=6311 type=forehand tts=0.164s[0m
[32m2026-08-08 13:43:24.414[0m | [1mINFO    [0m | [36menvs.hitter[0m:[36m_consume_hitter_planner_result[0m:[36m937[0m - [1mHITTER command overridden: epoch=33 generation=6318 type=forehand tts=0.149s[0m
[32m2026-08-08 13:43:24.434[0m | [1mINFO    [0m | [36menvs.hitter[0m:[36m_consume_hitter_planner_result[0m:[36m937[0m - [1mHITTER command overridden: epoch=33 generation=6325 type=forehand tts=0.143s[0m
[32m2026-08-08 13:43:24.454[0m | [1mINFO    [0m | [36menvs.hitter[0m:[36m_consume_hitter_planner_result[0m:[36m937[0m - [1mHITTER command overridden: epoch=33 generation=6328 type=forehand tts=0.132s[0m
[32m2026-08-08 13:43:24.474[0m | [1mINFO    [0m | [36menvs.hitter[0m:[36m_consume_hitter_planner_result[0m:[36m937[0m - [1mHITTER command overridden: epoch=33 generation=6336 type=forehand tts=0.151s[0m
[32m2026-08-08 13:43:24.494[0m | [1mINFO    [0m | [36menvs.hitter[0m:[36m_consume_hitter_planner_result[0m:[36m937[0m - [1mHITTER command overridden: epoch=33 generation=6340 type=forehand tts=0.164s[0m
[32m2026-08-08 13:43:24.534[0m | [1mINFO    [0m | [36menvs.hitter[0m:[36m_mark_hitter_track_ended[0m:[36m890[0m - [1mHITTER track ended: ended_epoch=33 invalid_epoch=34 generation=6355[0m
[32m2026-08-08 13:43:24.674[0m | [1mINFO    [0m | [36menvs.hitter[0m:[36m_log_hitter_strike_target[0m:[36m708[0m - [1mHITTER strike target: epoch=33 generation=6340 type=forehand v_ball_in_w_mps=[-1.7934,-3.8588,-1.8470] speed_ball_in_mps=4.6388 v_ball_out_w_mps=[4.6875,2.6478,1.9071] speed_ball_out_mps=5.7115 v_racket_target_w_mps=[0.6282,0.5000,0.3639] speed_racket_mps=0.8815[0m
[32m2026-08-08 13:43:24.675[0m | [1mINFO    [0m | [36menvs.hitter[0m:[36m_log_hitter_advance_transitions[0m:[36m979[0m - [1mHITTER lifecycle transition: armed -> recovery[0m
[32m2026-08-08 13:43:25.194[0m | [1mINFO    [0m | [36menvs.hitter[0m:[36m_log_hitter_status[0m:[36m1029[0m - [1mHITTER realtime status: phase=recovery submitted=1786 completed=397 failed=1356 dropped=33 result_age_s=0.664 epoch=34 generation=6355 policy_tts=0.000[0m
[32m2026-08-08 13:43:25.934[0m | [1mINFO    [0m | [36menvs.hitter[0m:[36m_log_hitter_advance_transitions[0m:[36m995[0m - [1mHITTER lifecycle transition: recovery -> waiting[0m
[32m2026-08-08 13:43:26.195[0m | [1mINFO    [0m | [36menvs.hitter[0m:[36m_log_hitter_status[0m:[36m1029[0m - [1mHITTER realtime status: phase=waiting submitted=1826 completed=397 failed=1396 dropped=33 result_age_s=0.001 epoch=35 generation=6498 policy_tts=0.920[0m
[32m2026-08-08 13:43:26.578[0m | [1mINFO    [0m | [36menvs.hitter[0m:[36m_consume_hitter_planner_result[0m:[36m937[0m - [1mHITTER command armed: epoch=35 generation=6608 type=backhand tts=0.761s[0m
[32m2026-08-08 13:43:26.578[0m | [1mINFO    [0m | [36menvs.hitter[0m:[36m_log_hitter_lifecycle_transition[0m:[36m956[0m - [1mHITTER lifecycle transition: waiting -> armed[0m
[32m2026-08-08 13:43:26.589[0m | [1mINFO    [0m | [36menvs.hitter[0m:[36m_consume_hitter_planner_result[0m:[36m937[0m - [1mHITTER command overridden: epoch=35 generation=6612 type=backhand tts=0.662s[0m
[32m2026-08-08 13:43:26.603[0m | [1mINFO    [0m | [36menvs.hitter[0m:[36m_consume_hitter_planner_result[0m:[36m937[0m - [1mHITTER command overridden: epoch=35 generation=6616 type=backhand tts=0.579s[0m
[32m2026-08-08 13:43:26.614[0m | [1mINFO    [0m | [36menvs.hitter[0m:[36m_consume_hitter_planner_result[0m:[36m937[0m - [1mHITTER command overridden: epoch=35 generation=6620 type=backhand tts=0.520s[0m
[32m2026-08-08 13:43:26.634[0m | [1mINFO    [0m | [36menvs.hitter[0m:[36m_consume_hitter_planner_result[0m:[36m937[0m - [1mHITTER command overridden: epoch=35 generation=6623 type=backhand tts=0.471s[0m
[32m2026-08-08 13:43:26.639[0m | [1mINFO    [0m | [36menvs.hitter[0m:[36m_consume_hitter_planner_result[0m:[36m937[0m - [1mHITTER command overridden: epoch=35 generation=6627 type=backhand tts=0.434s[0m
[32m2026-08-08 13:43:26.694[0m | [1mINFO    [0m | [36menvs.hitter[0m:[36m_consume_hitter_planner_result[0m:[36m937[0m - [1mHITTER command overridden: epoch=35 generation=6643 type=forehand tts=0.293s[0m
[32m2026-08-08 13:43:26.717[0m | [1mINFO    [0m | [36menvs.hitter[0m:[36m_consume_hitter_planner_result[0m:[36m937[0m - [1mHITTER command overridden: epoch=35 generation=6650 type=forehand tts=0.248s[0m
[32m2026-08-08 13:43:26.734[0m | [1mINFO    [0m | [36menvs.hitter[0m:[36m_consume_hitter_planner_result[0m:[36m937[0m - [1mHITTER command overridden: epoch=35 generation=6653 type=forehand tts=0.224s[0m
[32m2026-08-08 13:43:26.754[0m | [1mINFO    [0m | [36menvs.hitter[0m:[36m_consume_hitter_planner_result[0m:[36m937[0m - [1mHITTER command overridden: epoch=35 generation=6660 type=forehand tts=0.200s[0m
[32m2026-08-08 13:43:26.774[0m | [1mINFO    [0m | [36menvs.hitter[0m:[36m_consume_hitter_planner_result[0m:[36m937[0m - [1mHITTER command overridden: epoch=35 generation=6666 type=forehand tts=0.189s[0m
[32m2026-08-08 13:43:26.794[0m | [1mINFO    [0m | [36menvs.hitter[0m:[36m_consume_hitter_planner_result[0m:[36m937[0m - [1mHITTER command overridden: epoch=35 generation=6674 type=forehand tts=0.181s[0m
[32m2026-08-08 13:43:26.814[0m | [1mINFO    [0m | [36menvs.hitter[0m:[36m_consume_hitter_planner_result[0m:[36m937[0m - [1mHITTER command overridden: epoch=35 generation=6678 type=forehand tts=0.166s[0m
[32m2026-08-08 13:43:26.834[0m | [1mINFO    [0m | [36menvs.hitter[0m:[36m_consume_hitter_planner_result[0m:[36m937[0m - [1mHITTER command overridden: epoch=35 generation=6684 type=forehand tts=0.153s[0m
[32m2026-08-08 13:43:26.855[0m | [1mINFO    [0m | [36menvs.hitter[0m:[36m_consume_hitter_planner_result[0m:[36m937[0m - [1mHITTER command overridden: epoch=35 generation=6692 type=forehand tts=0.150s[0m
[32m2026-08-08 13:43:26.874[0m | [1mINFO    [0m | [36menvs.hitter[0m:[36m_consume_hitter_planner_result[0m:[36m937[0m - [1mHITTER command overridden: epoch=35 generation=6696 type=forehand tts=0.143s[0m
[32m2026-08-08 13:43:26.894[0m | [1mINFO    [0m | [36menvs.hitter[0m:[36m_consume_hitter_planner_result[0m:[36m937[0m - [1mHITTER command overridden: epoch=35 generation=6703 type=forehand tts=0.156s[0m
[32m2026-08-08 13:43:26.914[0m | [1mINFO    [0m | [36menvs.hitter[0m:[36m_consume_hitter_planner_result[0m:[36m937[0m - [1mHITTER command overridden: epoch=35 generation=6707 type=forehand tts=0.159s[0m
[32m2026-08-08 13:43:26.934[0m | [1mINFO    [0m | [36menvs.hitter[0m:[36m_consume_hitter_planner_result[0m:[36m937[0m - [1mHITTER command overridden: epoch=35 generation=6715 type=forehand tts=0.212s[0m
[32m2026-08-08 13:43:27.154[0m | [1mINFO    [0m | [36menvs.hitter[0m:[36m_log_hitter_strike_target[0m:[36m708[0m - [1mHITTER strike target: epoch=35 generation=6715 type=forehand v_ball_in_w_mps=[-1.1302,-3.0490,-2.0136] speed_ball_in_mps=3.8247 v_ball_out_w_mps=[4.6875,2.6669,1.9276] speed_ball_out_mps=5.7272 v_racket_target_w_mps=[0.8801,0.5000,0.5962] speed_racket_mps=1.1748[0m
[32m2026-08-08 13:43:27.154[0m | [1mINFO    [0m | [36menvs.hitter[0m:[36m_log_hitter_advance_transitions[0m:[36m979[0m - [1mHITTER lifecycle transition: armed -> recovery[0m
[32m2026-08-08 13:43:27.214[0m | [1mINFO    [0m | [36menvs.hitter[0m:[36m_log_hitter_status[0m:[36m1029[0m - [1mHITTER realtime status: phase=recovery submitted=1891 completed=425 failed=1432 dropped=34 result_age_s=0.234 epoch=35 generation=6729 policy_tts=0.000[0m
[32m2026-08-08 13:43:28.215[0m | [1mINFO    [0m | [36menvs.hitter[0m:[36m_log_hitter_status[0m:[36m1029[0m - [1mHITTER realtime status: phase=recovery submitted=1891 completed=425 failed=1432 dropped=34 result_age_s=1.235 epoch=35 generation=6729 policy_tts=0.000[0m
[32m2026-08-08 13:43:28.314[0m | [1mINFO    [0m | [36menvs.hitter[0m:[36m_log_hitter_advance_transitions[0m:[36m995[0m - [1mHITTER lifecycle transition: recovery -> waiting[0m
[32m2026-08-08 13:43:29.215[0m | [1mINFO    [0m | [36menvs.hitter[0m:[36m_log_hitter_status[0m:[36m1029[0m - [1mHITTER realtime status: phase=waiting submitted=1891 completed=425 failed=1432 dropped=34 result_age_s=2.235 epoch=35 generation=6729 policy_tts=0.920[0m
[32m2026-08-08 13:43:30.234[0m | [1mINFO    [0m | [36menvs.hitter[0m:[36m_log_hitter_status[0m:[36m1029[0m - [1mHITTER realtime status: phase=waiting submitted=1891 completed=425 failed=1432 dropped=34 result_age_s=3.254 epoch=35 generation=6729 policy_tts=0.920[0m
[32m2026-08-08 13:43:31.234[0m | [1mINFO    [0m | [36menvs.hitter[0m:[36m_log_hitter_status[0m:[36m1029[0m - [1mHITTER realtime status: phase=waiting submitted=1891 completed=425 failed=1432 dropped=34 result_age_s=4.254 epoch=35 generation=6729 policy_tts=0.920[0m
[32m2026-08-08 13:43:32.234[0m | [1mINFO    [0m | [36menvs.hitter[0m:[36m_log_hitter_status[0m:[36m1029[0m - [1mHITTER realtime status: phase=waiting submitted=1935 completed=425 failed=1476 dropped=34 result_age_s=0.013 epoch=37 generation=6888 policy_tts=0.920[0m
[32m2026-08-08 13:43:32.401[0m | [1mINFO    [0m | [36menvs.hitter[0m:[36m_consume_hitter_planner_result[0m:[36m937[0m - [1mHITTER command armed: epoch=37 generation=6937 type=backhand tts=0.707s[0m
[32m2026-08-08 13:43:32.402[0m | [1mINFO    [0m | [36menvs.hitter[0m:[36m_log_hitter_lifecycle_transition[0m:[36m956[0m - [1mHITTER lifecycle transition: waiting -> armed[0m
[32m2026-08-08 13:43:32.412[0m | [1mINFO    [0m | [36menvs.hitter[0m:[36m_consume_hitter_planner_result[0m:[36m937[0m - [1mHITTER command overridden: epoch=37 generation=6940 type=backhand tts=0.654s[0m
[32m2026-08-08 13:43:32.434[0m | [1mINFO    [0m | [36menvs.hitter[0m:[36m_consume_hitter_planner_result[0m:[36m937[0m - [1mHITTER command overridden: epoch=37 generation=6944 type=backhand tts=0.582s[0m
[32m2026-08-08 13:43:32.454[0m | [1mINFO    [0m | [36menvs.hitter[0m:[36m_consume_hitter_planner_result[0m:[36m937[0m - [1mHITTER command overridden: epoch=37 generation=6952 type=backhand tts=0.486s[0m
[32m2026-08-08 13:43:32.474[0m | [1mINFO    [0m | [36menvs.hitter[0m:[36m_consume_hitter_planner_result[0m:[36m937[0m - [1mHITTER command overridden: epoch=37 generation=6959 type=forehand tts=0.420s[0m
[32m2026-08-08 13:43:32.534[0m | [1mINFO    [0m | [36menvs.hitter[0m:[36m_consume_hitter_planner_result[0m:[36m937[0m - [1mHITTER command overridden: epoch=37 generation=6977 type=forehand tts=0.277s[0m
[32m2026-08-08 13:43:32.554[0m | [1mINFO    [0m | [36menvs.hitter[0m:[36m_consume_hitter_planner_result[0m:[36m937[0m - [1mHITTER command overridden: epoch=37 generation=6983 type=forehand tts=0.247s[0m
[32m2026-08-08 13:43:32.574[0m | [1mINFO    [0m | [36menvs.hitter[0m:[36m_consume_hitter_planner_result[0m:[36m937[0m - [1mHITTER command overridden: epoch=37 generation=6987 type=forehand tts=0.225s[0m
[32m2026-08-08 13:43:32.594[0m | [1mINFO    [0m | [36menvs.hitter[0m:[36m_consume_hitter_planner_result[0m:[36m937[0m - [1mHITTER command overridden: epoch=37 generation=6995 type=forehand tts=0.207s[0m
[32m2026-08-08 13:43:32.614[0m | [1mINFO    [0m | [36menvs.hitter[0m:[36m_consume_hitter_planner_result[0m:[36m937[0m - [1mHITTER command overridden: epoch=37 generation=6998 type=forehand tts=0.190s[0m
[32m2026-08-08 13:43:32.634[0m | [1mINFO    [0m | [36menvs.hitter[0m:[36m_consume_hitter_planner_result[0m:[36m937[0m - [1mHITTER command overridden: epoch=37 generation=7006 type=forehand tts=0.179s[0m
[32m2026-08-08 13:43:32.654[0m | [1mINFO    [0m | [36menvs.hitter[0m:[36m_consume_hitter_planner_result[0m:[36m937[0m - [1mHITTER command overridden: epoch=37 generation=7012 type=forehand tts=0.171s[0m
[32m2026-08-08 13:43:32.674[0m | [1mINFO    [0m | [36menvs.hitter[0m:[36m_consume_hitter_planner_result[0m:[36m937[0m - [1mHITTER command overridden: epoch=37 generation=7016 type=forehand tts=0.163s[0m
[32m2026-08-08 13:43:32.694[0m | [1mINFO    [0m | [36menvs.hitter[0m:[36m_consume_hitter_planner_result[0m:[36m937[0m - [1mHITTER command overridden: epoch=37 generation=7024 type=forehand tts=0.181s[0m
[32m2026-08-08 13:43:32.714[0m | [1mINFO    [0m | [36menvs.hitter[0m:[36m_consume_hitter_planner_result[0m:[36m937[0m - [1mHITTER command overridden: epoch=37 generation=7031 type=forehand tts=0.217s[0m
[32m2026-08-08 13:43:32.934[0m | [1mINFO    [0m | [36menvs.hitter[0m:[36m_log_hitter_strike_target[0m:[36m708[0m - [1mHITTER strike target: epoch=37 generation=7031 type=forehand v_ball_in_w_mps=[-1.4946,-3.1695,-2.2685] speed_ball_in_mps=4.1744 v_ball_out_w_mps=[4.6875,2.5884,2.2000] speed_ball_out_mps=5.7890 v_racket_target_w_mps=[0.7950,0.5000,0.5747] speed_racket_mps=1.1011[0m
[32m2026-08-08 13:43:32.934[0m | [1mINFO    [0m | [36menvs.hitter[0m:[36m_log_hitter_advance_transitions[0m:[36m979[0m - [1mHITTER lifecycle transition: armed -> recovery[0m
[32m2026-08-08 13:43:33.235[0m | [1mINFO    [0m | [36menvs.hitter[0m:[36m_log_hitter_status[0m:[36m1029[0m - [1mHITTER realtime status: phase=recovery submitted=1978 completed=449 failed=1495 dropped=34 result_age_s=0.464 epoch=38 generation=7049 policy_tts=0.000[0m
[32m2026-08-08 13:43:34.094[0m | [1mINFO    [0m | [36menvs.hitter[0m:[36m_log_hitter_advance_transitions[0m:[36m995[0m - [1mHITTER lifecycle transition: recovery -> waiting[0m
[32m2026-08-08 13:43:34.235[0m | [1mINFO    [0m | [36menvs.hitter[0m:[36m_log_hitter_status[0m:[36m1029[0m - [1mHITTER realtime status: phase=waiting submitted=2007 completed=449 failed=1524 dropped=34 result_age_s=0.008 epoch=40 generation=7153 policy_tts=0.920[0m
[32m2026-08-08 13:43:34.414[0m | [1mINFO    [0m | [36menvs.hitter[0m:[36m_log_hitter_lifecycle_transition[0m:[36m956[0m - [1mHITTER lifecycle transition: waiting -> tracking[0m
[32m2026-08-08 13:43:34.454[0m | [1mINFO    [0m | [36menvs.hitter[0m:[36m_consume_hitter_planner_result[0m:[36m937[0m - [1mHITTER command armed: epoch=40 generation=7218 type=backhand tts=0.504s[0m
[32m2026-08-08 13:43:34.454[0m | [1mINFO    [0m | [36menvs.hitter[0m:[36m_log_hitter_lifecycle_transition[0m:[36m956[0m - [1mHITTER lifecycle transition: tracking -> armed[0m
[32m2026-08-08 13:43:34.494[0m | [1mINFO    [0m | [36menvs.hitter[0m:[36m_consume_hitter_planner_result[0m:[36m937[0m - [1mHITTER command overridden: epoch=40 generation=7231 type=backhand tts=0.258s[0m
[32m2026-08-08 13:43:34.514[0m | [1mINFO    [0m | [36menvs.hitter[0m:[36m_consume_hitter_planner_result[0m:[36m937[0m - [1mHITTER command overridden: epoch=40 generation=7235 type=backhand tts=0.214s[0m
[32m2026-08-08 13:43:34.534[0m | [1mINFO    [0m | [36menvs.hitter[0m:[36m_consume_hitter_planner_result[0m:[36m937[0m - [1mHITTER command overridden: epoch=40 generation=7242 type=forehand tts=0.171s[0m
[32m2026-08-08 13:43:34.554[0m | [1mINFO    [0m | [36menvs.hitter[0m:[36m_consume_hitter_planner_result[0m:[36m937[0m - [1mHITTER command overridden: epoch=40 generation=7249 type=forehand tts=0.146s[0m
[32m2026-08-08 13:43:34.574[0m | [1mINFO    [0m | [36menvs.hitter[0m:[36m_consume_hitter_planner_result[0m:[36m937[0m - [1mHITTER command overridden: epoch=40 generation=7255 type=forehand tts=0.129s[0m
[32m2026-08-08 13:43:34.594[0m | [1mINFO    [0m | [36menvs.hitter[0m:[36m_consume_hitter_planner_result[0m:[36m937[0m - [1mHITTER command overridden: epoch=40 generation=7259 type=forehand tts=0.113s[0m
[32m2026-08-08 13:43:34.614[0m | [1mINFO    [0m | [36menvs.hitter[0m:[36m_mark_hitter_track_ended[0m:[36m890[0m - [1mHITTER track ended: ended_epoch=41 invalid_epoch=42 generation=7267[0m
[32m2026-08-08 13:43:34.694[0m | [1mINFO    [0m | [36menvs.hitter[0m:[36m_mark_hitter_track_ended[0m:[36m890[0m - [1mHITTER track ended: ended_epoch=42 invalid_epoch=43 generation=7290[0m
[32m2026-08-08 13:43:34.714[0m | [1mINFO    [0m | [36menvs.hitter[0m:[36m_log_hitter_strike_target[0m:[36m708[0m - [1mHITTER strike target: epoch=40 generation=7259 type=forehand v_ball_in_w_mps=[-4.5218,-2.4991,-1.2798] speed_ball_in_mps=5.3226 v_ball_out_w_mps=[4.6875,1.2224,1.7984] speed_ball_out_mps=5.1673 v_racket_target_w_mps=[0.3040,0.1228,0.1016] speed_racket_mps=0.3433[0m
[32m2026-08-08 13:43:34.715[0m | [1mINFO    [0m | [36menvs.hitter[0m:[36m_log_hitter_advance_transitions[0m:[36m979[0m - [1mHITTER lifecycle transition: armed -> recovery[0m
[32m2026-08-08 13:43:35.235[0m | [1mINFO    [0m | [36menvs.hitter[0m:[36m_log_hitter_status[0m:[36m1029[0m - [1mHITTER realtime status: phase=recovery submitted=2052 completed=462 failed=1556 dropped=34 result_age_s=0.005 epoch=45 generation=7310 policy_tts=0.000[0m
[32m2026-08-08 13:43:36.014[0m | [1mINFO    [0m | [36menvs.hitter[0m:[36m_log_hitter_advance_transitions[0m:[36m995[0m - [1mHITTER lifecycle transition: recovery -> waiting[0m
[32m2026-08-08 13:43:36.254[0m | [1mINFO    [0m | [36menvs.hitter[0m:[36m_log_hitter_status[0m:[36m1029[0m - [1mHITTER realtime status: phase=waiting submitted=2137 completed=480 failed=1623 dropped=34 result_age_s=0.007 epoch=48 generation=7613 policy_tts=0.920[0m
[32m2026-08-08 13:43:36.394[0m | [1mINFO    [0m | [36menvs.hitter[0m:[36m_consume_hitter_planner_result[0m:[36m937[0m - [1mHITTER command armed: epoch=48 generation=7655 type=backhand tts=0.560s[0m
[32m2026-08-08 13:43:36.395[0m | [1mINFO    [0m | [36menvs.hitter[0m:[36m_log_hitter_lifecycle_transition[0m:[36m956[0m - [1mHITTER lifecycle transition: waiting -> armed[0m
[32m2026-08-08 13:43:36.434[0m | [1mINFO    [0m | [36menvs.hitter[0m:[36m_consume_hitter_planner_result[0m:[36m937[0m - [1mHITTER command overridden: epoch=48 generation=7668 type=forehand tts=0.272s[0m
[32m2026-08-08 13:43:36.454[0m | [1mINFO    [0m | [36menvs.hitter[0m:[36m_consume_hitter_planner_result[0m:[36m937[0m - [1mHITTER command overridden: epoch=48 generation=7671 type=forehand tts=0.239s[0m
[32m2026-08-08 13:43:36.474[0m | [1mINFO    [0m | [36menvs.hitter[0m:[36m_consume_hitter_planner_result[0m:[36m937[0m - [1mHITTER command overridden: epoch=48 generation=7679 type=forehand tts=0.197s[0m
[32m2026-08-08 13:43:36.494[0m | [1mINFO    [0m | [36menvs.hitter[0m:[36m_consume_hitter_planner_result[0m:[36m937[0m - [1mHITTER command overridden: epoch=48 generation=7686 type=forehand tts=0.173s[0m
[32m2026-08-08 13:43:36.514[0m | [1mINFO    [0m | [36menvs.hitter[0m:[36m_consume_hitter_planner_result[0m:[36m937[0m - [1mHITTER command overridden: epoch=48 generation=7690 type=forehand tts=0.156s[0m
[32m2026-08-08 13:43:36.534[0m | [1mINFO    [0m | [36menvs.hitter[0m:[36m_consume_hitter_planner_result[0m:[36m937[0m - [1mHITTER command overridden: epoch=48 generation=7697 type=forehand tts=0.150s[0m
[32m2026-08-08 13:43:36.554[0m | [1mINFO    [0m | [36menvs.hitter[0m:[36m_consume_hitter_planner_result[0m:[36m937[0m - [1mHITTER command overridden: epoch=48 generation=7704 type=forehand tts=0.153s[0m
[32m2026-08-08 13:43:36.574[0m | [1mINFO    [0m | [36menvs.hitter[0m:[36m_consume_hitter_planner_result[0m:[36m937[0m - [1mHITTER command overridden: epoch=48 generation=7708 type=forehand tts=0.154s[0m
[32m2026-08-08 13:43:36.594[0m | [1mINFO    [0m | [36menvs.hitter[0m:[36m_consume_hitter_planner_result[0m:[36m937[0m - [1mHITTER command overridden: epoch=48 generation=7714 type=forehand tts=0.186s[0m
[32m2026-08-08 13:43:36.794[0m | [1mINFO    [0m | [36menvs.hitter[0m:[36m_log_hitter_strike_target[0m:[36m708[0m - [1mHITTER strike target: epoch=48 generation=7714 type=forehand v_ball_in_w_mps=[-1.7110,-3.1493,-1.8022] speed_ball_in_mps=4.0116 v_ball_out_w_mps=[4.6875,2.1355,1.9019] speed_ball_out_mps=5.4909 v_racket_target_w_mps=[0.8039,0.5000,0.4654] speed_racket_mps=1.0549[0m
[32m2026-08-08 13:43:36.794[0m | [1mINFO    [0m | [36menvs.hitter[0m:[36m_log_hitter_advance_transitions[0m:[36m979[0m - [1mHITTER lifecycle transition: armed -> recovery[0m
[32m2026-08-08 13:43:36.894[0m | [1mINFO    [0m | [36menvs.hitter[0m:[36m_mark_hitter_track_ended[0m:[36m890[0m - [1mHITTER track ended: ended_epoch=50 invalid_epoch=51 generation=7779[0m
[32m2026-08-08 13:43:37.254[0m | [1mINFO    [0m | [36menvs.hitter[0m:[36m_log_hitter_status[0m:[36m1029[0m - [1mHITTER realtime status: phase=recovery submitted=2215 completed=509 failed=1672 dropped=34 result_age_s=0.001 epoch=51 generation=7888 policy_tts=0.000[0m
[32m2026-08-08 13:43:37.334[0m | [1mINFO    [0m | [36menvs.hitter[0m:[36m_mark_hitter_track_ended[0m:[36m890[0m - [1mHITTER track ended: ended_epoch=51 invalid_epoch=52 generation=7909[0m
[32m2026-08-08 13:43:37.514[0m | [1mINFO    [0m | [36menvs.hitter[0m:[36m_mark_hitter_track_ended[0m:[36m890[0m - [1mHITTER track ended: ended_epoch=53 invalid_epoch=55 generation=7917[0m
[32m2026-08-08 13:43:38.056[0m | [1mINFO    [0m | [36menvs.hitter[0m:[36m_log_hitter_advance_transitions[0m:[36m995[0m - [1mHITTER lifecycle transition: recovery -> waiting[0m
[32m2026-08-08 13:43:38.074[0m | [1mINFO    [0m | [36menvs.hitter[0m:[36m_mark_hitter_track_ended[0m:[36m890[0m - [1mHITTER track ended: ended_epoch=56 invalid_epoch=57 generation=8085[0m
[32m2026-08-08 13:43:38.255[0m | [1mINFO    [0m | [36menvs.hitter[0m:[36m_log_hitter_status[0m:[36m1029[0m - [1mHITTER realtime status: phase=waiting submitted=2277 completed=523 failed=1720 dropped=34 result_age_s=0.100 epoch=57 generation=8110 policy_tts=0.920[0m
[32m2026-08-08 13:43:39.034[0m | [1mINFO    [0m | [36menvs.hitter[0m:[36m_consume_hitter_planner_result[0m:[36m937[0m - [1mHITTER command armed: epoch=59 generation=8251 type=backhand tts=0.635s[0m
[32m2026-08-08 13:43:39.035[0m | [1mINFO    [0m | [36menvs.hitter[0m:[36m_log_hitter_lifecycle_transition[0m:[36m956[0m - [1mHITTER lifecycle transition: waiting -> armed[0m
[32m2026-08-08 13:43:39.054[0m | [1mINFO    [0m | [36menvs.hitter[0m:[36m_consume_hitter_planner_result[0m:[36m937[0m - [1mHITTER command overridden: epoch=59 generation=8258 type=backhand tts=0.447s[0m
[32m2026-08-08 13:43:39.075[0m | [1mINFO    [0m | [36menvs.hitter[0m:[36m_consume_hitter_planner_result[0m:[36m937[0m - [1mHITTER command overridden: epoch=59 generation=8261 type=backhand tts=0.379s[0m
[32m2026-08-08 13:43:39.094[0m | [1mINFO    [0m | [36menvs.hitter[0m:[36m_consume_hitter_planner_result[0m:[36m937[0m - [1mHITTER command overridden: epoch=59 generation=8268 type=forehand tts=0.282s[0m
[32m2026-08-08 13:43:39.114[0m | [1mINFO    [0m | [36menvs.hitter[0m:[36m_consume_hitter_planner_result[0m:[36m937[0m - [1mHITTER command overridden: epoch=59 generation=8275 type=forehand tts=0.233s[0m
[32m2026-08-08 13:43:39.134[0m | [1mINFO    [0m | [36menvs.hitter[0m:[36m_consume_hitter_planner_result[0m:[36m937[0m - [1mHITTER command overridden: epoch=59 generation=8282 type=forehand tts=0.199s[0m
[32m2026-08-08 13:43:39.154[0m | [1mINFO    [0m | [36menvs.hitter[0m:[36m_consume_hitter_planner_result[0m:[36m937[0m - [1mHITTER command overridden: epoch=59 generation=8285 type=forehand tts=0.175s[0m
[32m2026-08-08 13:43:39.174[0m | [1mINFO    [0m | [36menvs.hitter[0m:[36m_consume_hitter_planner_result[0m:[36m937[0m - [1mHITTER command overridden: epoch=59 generation=8293 type=forehand tts=0.151s[0m
[32m2026-08-08 13:43:39.194[0m | [1mINFO    [0m | [36menvs.hitter[0m:[36m_consume_hitter_planner_result[0m:[36m937[0m - [1mHITTER command overridden: epoch=59 generation=8300 type=forehand tts=0.133s[0m
[32m2026-08-08 13:43:39.214[0m | [1mINFO    [0m | [36menvs.hitter[0m:[36m_consume_hitter_planner_result[0m:[36m937[0m - [1mHITTER command overridden: epoch=59 generation=8304 type=forehand tts=0.117s[0m
[32m2026-08-08 13:43:39.234[0m | [1mINFO    [0m | [36menvs.hitter[0m:[36m_consume_hitter_planner_result[0m:[36m937[0m - [1mHITTER command overridden: epoch=59 generation=8312 type=forehand tts=0.112s[0m
[32m2026-08-08 13:43:39.254[0m | [1mINFO    [0m | [36menvs.hitter[0m:[36m_consume_hitter_planner_result[0m:[36m937[0m - [1mHITTER command overridden: epoch=59 generation=8316 type=forehand tts=0.103s[0m
[32m2026-08-08 13:43:39.260[0m | [1mINFO    [0m | [36menvs.hitter[0m:[36m_consume_hitter_planner_result[0m:[36m937[0m - [1mHITTER command overridden: epoch=59 generation=8319 type=forehand tts=0.108s[0m
[32m2026-08-08 13:43:39.261[0m | [1mINFO    [0m | [36menvs.hitter[0m:[36m_log_hitter_status[0m:[36m1029[0m - [1mHITTER realtime status: phase=armed submitted=2335 completed=542 failed=1759 dropped=34 result_age_s=0.001 epoch=59 generation=8319 policy_tts=0.108[0m
[32m2026-08-08 13:43:39.274[0m | [1mINFO    [0m | [36menvs.hitter[0m:[36m_consume_hitter_planner_result[0m:[36m937[0m - [1mHITTER command overridden: epoch=59 generation=8323 type=forehand tts=0.112s[0m
[32m2026-08-08 13:43:39.294[0m | [1mINFO    [0m | [36menvs.hitter[0m:[36m_consume_hitter_planner_result[0m:[36m937[0m - [1mHITTER command overridden: epoch=59 generation=8330 type=forehand tts=0.147s[0m
[32m2026-08-08 13:43:39.314[0m | [1mINFO    [0m | [36menvs.hitter[0m:[36m_consume_hitter_planner_result[0m:[36m937[0m - [1mHITTER command overridden: epoch=59 generation=8333 type=forehand tts=0.172s[0m
[32m2026-08-08 13:43:39.335[0m | [1mINFO    [0m | [36menvs.hitter[0m:[36m_mark_hitter_track_ended[0m:[36m890[0m - [1mHITTER track ended: ended_epoch=59 invalid_epoch=60 generation=8343[0m
[32m2026-08-08 13:43:39.494[0m | [1mINFO    [0m | [36menvs.hitter[0m:[36m_log_hitter_strike_target[0m:[36m708[0m - [1mHITTER strike target: epoch=59 generation=8333 type=forehand v_ball_in_w_mps=[-1.1736,-4.0520,-1.9129] speed_ball_in_mps=4.6320 v_ball_out_w_mps=[4.6875,2.9350,2.0502] speed_ball_out_mps=5.8983 v_racket_target_w_mps=[0.6328,0.5000,0.4279] speed_racket_mps=0.9130[0m
[32m2026-08-08 13:43:39.494[0m | [1mINFO    [0m | [36menvs.hitter[0m:[36m_log_hitter_advance_transitions[0m:[36m979[0m - [1mHITTER lifecycle transition: armed -> recovery[0m
[32m2026-08-08 13:43:40.274[0m | [1mINFO    [0m | [36menvs.hitter[0m:[36m_log_hitter_status[0m:[36m1029[0m - [1mHITTER realtime status: phase=recovery submitted=2372 completed=546 failed=1792 dropped=34 result_age_s=0.010 epoch=61 generation=8448 policy_tts=0.000[0m
[32m2026-08-08 13:43:40.594[0m | [1mINFO    [0m | [36menvs.hitter[0m:[36m_mark_hitter_track_ended[0m:[36m890[0m - [1mHITTER track ended: ended_epoch=61 invalid_epoch=62 generation=8547[0m
[32m2026-08-08 13:43:40.614[0m | [1mINFO    [0m | [36menvs.hitter[0m:[36m_log_hitter_advance_transitions[0m:[36m995[0m - [1mHITTER lifecycle transition: recovery -> waiting[0m
[32m2026-08-08 13:43:41.274[0m | [1mINFO    [0m | [36menvs.hitter[0m:[36m_log_hitter_status[0m:[36m1029[0m - [1mHITTER realtime status: phase=waiting submitted=2410 completed=566 failed=1810 dropped=34 result_age_s=0.003 epoch=62 generation=8578 policy_tts=0.920[0m
[32m2026-08-08 13:43:41.574[0m | [1mINFO    [0m | [36menvs.hitter[0m:[36m_consume_hitter_planner_result[0m:[36m937[0m - [1mHITTER command armed: epoch=62 generation=8667 type=backhand tts=0.576s[0m
[32m2026-08-08 13:43:41.575[0m | [1mINFO    [0m | [36menvs.hitter[0m:[36m_log_hitter_lifecycle_transition[0m:[36m956[0m - [1mHITTER lifecycle transition: waiting -> armed[0m
[32m2026-08-08 13:43:41.594[0m | [1mINFO    [0m | [36menvs.hitter[0m:[36m_consume_hitter_planner_result[0m:[36m937[0m - [1mHITTER command overridden: epoch=62 generation=8674 type=backhand tts=0.361s[0m
[32m2026-08-08 13:43:41.634[0m | [1mINFO    [0m | [36menvs.hitter[0m:[36m_consume_hitter_planner_result[0m:[36m937[0m - [1mHITTER command overridden: epoch=62 generation=8684 type=backhand tts=0.215s[0m
[32m2026-08-08 13:43:41.654[0m | [1mINFO    [0m | [36menvs.hitter[0m:[36m_consume_hitter_planner_result[0m:[36m937[0m - [1mHITTER command overridden: epoch=62 generation=8691 type=forehand tts=0.170s[0m
[32m2026-08-08 13:43:41.674[0m | [1mINFO    [0m | [36menvs.hitter[0m:[36m_consume_hitter_planner_result[0m:[36m937[0m - [1mHITTER command overridden: epoch=62 generation=8698 type=forehand tts=0.137s[0m
[32m2026-08-08 13:43:41.694[0m | [1mINFO    [0m | [36menvs.hitter[0m:[36m_consume_hitter_planner_result[0m:[36m937[0m - [1mHITTER command overridden: epoch=62 generation=8702 type=forehand tts=0.114s[0m
[32m2026-08-08 13:43:41.714[0m | [1mINFO    [0m | [36menvs.hitter[0m:[36m_consume_hitter_planner_result[0m:[36m937[0m - [1mHITTER command overridden: epoch=62 generation=8708 type=forehand tts=0.096s[0m
[32m2026-08-08 13:43:41.734[0m | [1mINFO    [0m | [36menvs.hitter[0m:[36m_consume_hitter_planner_result[0m:[36m937[0m - [1mHITTER command overridden: epoch=62 generation=8716 type=forehand tts=0.087s[0m
[32m2026-08-08 13:43:41.754[0m | [1mINFO    [0m | [36menvs.hitter[0m:[36m_consume_hitter_planner_result[0m:[36m937[0m - [1mHITTER command overridden: epoch=62 generation=8720 type=forehand tts=0.076s[0m
[32m2026-08-08 13:43:41.774[0m | [1mINFO    [0m | [36menvs.hitter[0m:[36m_consume_hitter_planner_result[0m:[36m937[0m - [1mHITTER command overridden: epoch=62 generation=8727 type=forehand tts=0.082s[0m
[32m2026-08-08 13:43:41.834[0m | [1mINFO    [0m | [36menvs.hitter[0m:[36m_mark_hitter_track_ended[0m:[36m890[0m - [1mHITTER track ended: ended_epoch=63 invalid_epoch=64 generation=8742[0m
[32m2026-08-08 13:43:41.874[0m | [1mINFO    [0m | [36menvs.hitter[0m:[36m_log_hitter_strike_target[0m:[36m708[0m - [1mHITTER strike target: epoch=62 generation=8727 type=forehand v_ball_in_w_mps=[-3.0400,-5.0124,-1.2514] speed_ball_in_mps=5.9943 v_ball_out_w_mps=[4.6875,1.9626,1.8575] speed_ball_out_mps=5.4106 v_racket_target_w_mps=[0.0953,0.0861,0.0384] speed_racket_mps=0.1340[0m
[32m2026-08-08 13:43:41.875[0m | [1mINFO    [0m | [36menvs.hitter[0m:[36m_log_hitter_advance_transitions[0m:[36m979[0m - [1mHITTER lifecycle transition: armed -> recovery[0m
[32m2026-08-08 13:43:42.274[0m | [1mINFO    [0m | [36menvs.hitter[0m:[36m_log_hitter_status[0m:[36m1029[0m - [1mHITTER realtime status: phase=recovery submitted=2456 completed=584 failed=1838 dropped=34 result_age_s=0.457 epoch=64 generation=8742 policy_tts=0.000[0m
[32m2026-08-08 13:43:43.068[0m | [1mINFO    [0m | [36menvs.hitter[0m:[36m_log_hitter_advance_transitions[0m:[36m995[0m - [1mHITTER lifecycle transition: recovery -> waiting[0m
[32m2026-08-08 13:43:43.114[0m | [1mINFO    [0m | [36menvs.hitter[0m:[36m_consume_hitter_planner_result[0m:[36m937[0m - [1mHITTER command armed: epoch=65 generation=8926 type=backhand tts=0.557s[0m
[32m2026-08-08 13:43:43.115[0m | [1mINFO    [0m | [36menvs.hitter[0m:[36m_log_hitter_lifecycle_transition[0m:[36m956[0m - [1mHITTER lifecycle transition: waiting -> armed[0m
[32m2026-08-08 13:43:43.134[0m | [1mINFO    [0m | [36menvs.hitter[0m:[36m_consume_hitter_planner_result[0m:[36m937[0m - [1mHITTER command overridden: epoch=65 generation=8930 type=backhand tts=0.458s[0m
[32m2026-08-08 13:43:43.194[0m | [1mINFO    [0m | [36menvs.hitter[0m:[36m_consume_hitter_planner_result[0m:[36m937[0m - [1mHITTER command overridden: epoch=65 generation=8948 type=backhand tts=0.209s[0m
[32m2026-08-08 13:43:43.214[0m | [1mINFO    [0m | [36menvs.hitter[0m:[36m_consume_hitter_planner_result[0m:[36m937[0m - [1mHITTER command overridden: epoch=65 generation=8955 type=forehand tts=0.162s[0m
[32m2026-08-08 13:43:43.234[0m | [1mINFO    [0m | [36menvs.hitter[0m:[36m_consume_hitter_planner_result[0m:[36m937[0m - [1mHITTER command overridden: epoch=65 generation=8959 type=forehand tts=0.133s[0m
[32m2026-08-08 13:43:43.254[0m | [1mINFO    [0m | [36menvs.hitter[0m:[36m_consume_hitter_planner_result[0m:[36m937[0m - [1mHITTER command overridden: epoch=65 generation=8967 type=forehand tts=0.105s[0m
[32m2026-08-08 13:43:43.274[0m | [1mINFO    [0m | [36menvs.hitter[0m:[36m_consume_hitter_planner_result[0m:[36m937[0m - [1mHITTER command overridden: epoch=65 generation=8974 type=forehand tts=0.091s[0m
[32m2026-08-08 13:43:43.275[0m | [1mINFO    [0m | [36menvs.hitter[0m:[36m_log_hitter_status[0m:[36m1029[0m - [1mHITTER realtime status: phase=armed submitted=2521 completed=597 failed=1890 dropped=34 result_age_s=0.001 epoch=65 generation=8974 policy_tts=0.090[0m
[32m2026-08-08 13:43:43.294[0m | [1mINFO    [0m | [36menvs.hitter[0m:[36m_consume_hitter_planner_result[0m:[36m937[0m - [1mHITTER command overridden: epoch=65 generation=8978 type=forehand tts=0.078s[0m
[32m2026-08-08 13:43:43.315[0m | [1mINFO    [0m | [36menvs.hitter[0m:[36m_consume_hitter_planner_result[0m:[36m937[0m - [1mHITTER command overridden: epoch=65 generation=8985 type=forehand tts=0.080s[0m
[32m2026-08-08 13:43:43.334[0m | [1mINFO    [0m | [36menvs.hitter[0m:[36m_consume_hitter_planner_result[0m:[36m937[0m - [1mHITTER command overridden: epoch=65 generation=8992 type=forehand tts=0.106s[0m
[32m2026-08-08 13:43:43.354[0m | [1mINFO    [0m | [36menvs.hitter[0m:[36m_consume_hitter_planner_result[0m:[36m937[0m - [1mHITTER command overridden: epoch=65 generation=8998 type=forehand tts=0.220s[0m
[32m2026-08-08 13:43:43.574[0m | [1mINFO    [0m | [36menvs.hitter[0m:[36m_log_hitter_strike_target[0m:[36m708[0m - [1mHITTER strike target: epoch=65 generation=8998 type=forehand v_ball_in_w_mps=[-1.1061,-5.7743,-2.1517] speed_ball_in_mps=6.2606 v_ball_out_w_mps=[4.6875,4.3599,2.2947] speed_ball_out_mps=6.8005 v_racket_target_w_mps=[0.3658,0.5000,0.2807] speed_racket_mps=0.6801[0m
[32m2026-08-08 13:43:43.575[0m | [1mINFO    [0m | [36menvs.hitter[0m:[36m_log_hitter_advance_transitions[0m:[36m979[0m - [1mHITTER lifecycle transition: armed -> recovery[0m
[32m2026-08-08 13:43:44.294[0m | [1mINFO    [0m | [36menvs.hitter[0m:[36m_log_hitter_status[0m:[36m1029[0m - [1mHITTER realtime status: phase=recovery submitted=2528 completed=604 failed=1890 dropped=34 result_age_s=0.940 epoch=65 generation=8998 policy_tts=0.000[0m
[32m2026-08-08 13:43:44.914[0m | [1mINFO    [0m | [36menvs.hitter[0m:[36m_log_hitter_advance_transitions[0m:[36m995[0m - [1mHITTER lifecycle transition: recovery -> waiting[0m
[32m2026-08-08 13:43:45.135[0m | [1mINFO    [0m | [36msimulator.mujoco[0m:[36mcalibrate[0m:[36m1098[0m - [1mResetting envs with ref_dof_pos=['-0.312', '0.000', '0.000', '0.669', '-0.363', '0.000', '-0.312', '0.000', '0.000', '0.669', '-0.363', '0.000', '0.000', '0.000', '0.000', '0.200', '0.200', '0.000', '0.600', '0.000', '0.000', '0.000', '0.200', '-0.200', '0.000', '0.600', '0.000', '0.000', '0.000'][0m
[32m2026-08-08 13:43:45.136[0m | [1mINFO    [0m | [36menvs.hitter[0m:[36m_capture_hitter_waiting_base_target[0m:[36m593[0m - [1mHITTER waiting base target captured in mode=capture_current at world position [-0.4000000059604645, 0.0, 0.7929999828338623].[0m
[32m2026-08-08 13:43:45.137[0m | [1mINFO    [0m | [36menvs.hitter[0m:[36m_log_hitter_status[0m:[36m1029[0m - [1mHITTER realtime status: phase=waiting submitted=2528 completed=604 failed=1890 dropped=34 result_age_s=1.783 epoch=65 generation=8998 policy_tts=0.920[0m
[32m2026-08-08 13:43:46.154[0m | [1mINFO    [0m | [36menvs.hitter[0m:[36m_log_hitter_status[0m:[36m1029[0m - [1mHITTER realtime status: phase=waiting submitted=2528 completed=604 failed=1890 dropped=34 result_age_s=2.800 epoch=65 generation=8998 policy_tts=0.920[0m
[32m2026-08-08 13:43:47.155[0m | [1mINFO    [0m | [36menvs.hitter[0m:[36m_log_hitter_status[0m:[36m1029[0m - [1mHITTER realtime status: phase=waiting submitted=2528 completed=604 failed=1890 dropped=34 result_age_s=3.801 epoch=65 generation=8998 policy_tts=0.920[0m
[32m2026-08-08 13:43:48.162[0m | [1mINFO    [0m | [36menvs.hitter[0m:[36m_log_hitter_status[0m:[36m1029[0m - [1mHITTER realtime status: phase=waiting submitted=2584 completed=604 failed=1945 dropped=35 result_age_s=0.003 epoch=68 generation=9182 policy_tts=0.920[0m
[32m2026-08-08 13:43:48.172[0m | [1mINFO    [0m | [36menvs.hitter[0m:[36m_consume_hitter_planner_result[0m:[36m937[0m - [1mHITTER command armed: epoch=68 generation=9195 type=backhand tts=0.565s[0m
[32m2026-08-08 13:43:48.172[0m | [1mINFO    [0m | [36menvs.hitter[0m:[36m_log_hitter_lifecycle_transition[0m:[36m956[0m - [1mHITTER lifecycle transition: waiting -> armed[0m
[32m2026-08-08 13:43:48.182[0m | [1mINFO    [0m | [36menvs.hitter[0m:[36m_consume_hitter_planner_result[0m:[36m937[0m - [1mHITTER command overridden: epoch=68 generation=9198 type=backhand tts=0.514s[0m
[32m2026-08-08 13:43:48.200[0m | [1mINFO    [0m | [36menvs.hitter[0m:[36m_consume_hitter_planner_result[0m:[36m937[0m - [1mHITTER command overridden: epoch=68 generation=9202 type=backhand tts=0.445s[0m
[32m2026-08-08 13:43:48.205[0m | [1mINFO    [0m | [36menvs.hitter[0m:[36m_consume_hitter_planner_result[0m:[36m937[0m - [1mHITTER command overridden: epoch=68 generation=9205 type=backhand tts=0.404s[0m
[32m2026-08-08 13:43:48.214[0m | [1mINFO    [0m | [36menvs.hitter[0m:[36m_consume_hitter_planner_result[0m:[36m937[0m - [1mHITTER command overridden: epoch=68 generation=9208 type=backhand tts=0.364s[0m
[32m2026-08-08 13:43:48.234[0m | [1mINFO    [0m | [36menvs.hitter[0m:[36m_consume_hitter_planner_result[0m:[36m937[0m - [1mHITTER command overridden: epoch=68 generation=9212 type=backhand tts=0.310s[0m
[32m2026-08-08 13:43:48.274[0m | [1mINFO    [0m | [36menvs.hitter[0m:[36m_consume_hitter_planner_result[0m:[36m937[0m - [1mHITTER command overridden: epoch=68 generation=9226 type=forehand tts=0.196s[0m
[32m2026-08-08 13:43:48.294[0m | [1mINFO    [0m | [36menvs.hitter[0m:[36m_consume_hitter_planner_result[0m:[36m937[0m - [1mHITTER command overridden: epoch=68 generation=9230 type=forehand tts=0.171s[0m
[32m2026-08-08 13:43:48.314[0m | [1mINFO    [0m | [36menvs.hitter[0m:[36m_consume_hitter_planner_result[0m:[36m937[0m - [1mHITTER command overridden: epoch=68 generation=9238 type=forehand tts=0.148s[0m
[32m2026-08-08 13:43:48.334[0m | [1mINFO    [0m | [36menvs.hitter[0m:[36m_consume_hitter_planner_result[0m:[36m937[0m - [1mHITTER command overridden: epoch=68 generation=9242 type=forehand tts=0.130s[0m
[32m2026-08-08 13:43:48.354[0m | [1mINFO    [0m | [36menvs.hitter[0m:[36m_consume_hitter_planner_result[0m:[36m937[0m - [1mHITTER command overridden: epoch=68 generation=9250 type=forehand tts=0.119s[0m
[32m2026-08-08 13:43:48.374[0m | [1mINFO    [0m | [36menvs.hitter[0m:[36m_consume_hitter_planner_result[0m:[36m937[0m - [1mHITTER command overridden: epoch=68 generation=9253 type=forehand tts=0.104s[0m
[32m2026-08-08 13:43:48.394[0m | [1mINFO    [0m | [36menvs.hitter[0m:[36m_consume_hitter_planner_result[0m:[36m937[0m - [1mHITTER command overridden: epoch=68 generation=9260 type=forehand tts=0.101s[0m
[32m2026-08-08 13:43:48.414[0m | [1mINFO    [0m | [36menvs.hitter[0m:[36m_consume_hitter_planner_result[0m:[36m937[0m - [1mHITTER command overridden: epoch=68 generation=9267 type=forehand tts=0.104s[0m
[32m2026-08-08 13:43:48.435[0m | [1mINFO    [0m | [36menvs.hitter[0m:[36m_consume_hitter_planner_result[0m:[36m937[0m - [1mHITTER command overridden: epoch=68 generation=9271 type=forehand tts=0.100s[0m
[32m2026-08-08 13:43:48.454[0m | [1mINFO    [0m | [36menvs.hitter[0m:[36m_consume_hitter_planner_result[0m:[36m937[0m - [1mHITTER command overridden: epoch=68 generation=9278 type=forehand tts=0.118s[0m
[32m2026-08-08 13:43:48.574[0m | [1mINFO    [0m | [36menvs.hitter[0m:[36m_log_hitter_strike_target[0m:[36m708[0m - [1mHITTER strike target: epoch=68 generation=9278 type=forehand v_ball_in_w_mps=[-1.5627,-3.3635,-0.9831] speed_ball_in_mps=3.8368 v_ball_out_w_mps=[4.6875,2.0702,1.9131] speed_ball_out_mps=5.4697 v_racket_target_w_mps=[0.8703,0.5000,0.4033] speed_racket_mps=1.0817[0m
[32m2026-08-08 13:43:48.574[0m | [1mINFO    [0m | [36menvs.hitter[0m:[36m_log_hitter_advance_transitions[0m:[36m979[0m - [1mHITTER lifecycle transition: armed -> recovery[0m
[32m2026-08-08 13:43:49.174[0m | [1mINFO    [0m | [36menvs.hitter[0m:[36m_log_hitter_status[0m:[36m1029[0m - [1mHITTER realtime status: phase=recovery submitted=2619 completed=626 failed=1958 dropped=35 result_age_s=0.004 epoch=70 generation=9316 policy_tts=0.000[0m
[32m2026-08-08 13:43:49.894[0m | [1mINFO    [0m | [36menvs.hitter[0m:[36m_log_hitter_advance_transitions[0m:[36m995[0m - [1mHITTER lifecycle transition: recovery -> waiting[0m
[32m2026-08-08 13:43:50.175[0m | [1mINFO    [0m | [36menvs.hitter[0m:[36m_log_hitter_status[0m:[36m1029[0m - [1mHITTER realtime status: phase=waiting submitted=2669 completed=646 failed=1988 dropped=35 result_age_s=0.425 epoch=70 generation=9489 policy_tts=0.920[0m
[32m2026-08-08 13:43:50.854[0m | [1mINFO    [0m | [36menvs.hitter[0m:[36m_consume_hitter_planner_result[0m:[36m937[0m - [1mHITTER command armed: epoch=71 generation=9655 type=backhand tts=0.587s[0m
[32m2026-08-08 13:43:50.854[0m | [1mINFO    [0m | [36menvs.hitter[0m:[36m_log_hitter_lifecycle_transition[0m:[36m956[0m - [1mHITTER lifecycle transition: waiting -> armed[0m
[32m2026-08-08 13:43:50.894[0m | [1mINFO    [0m | [36menvs.hitter[0m:[36m_consume_hitter_planner_result[0m:[36m937[0m - [1mHITTER command overridden: epoch=71 generation=9665 type=backhand tts=0.348s[0m
[32m2026-08-08 13:43:50.914[0m | [1mINFO    [0m | [36menvs.hitter[0m:[36m_consume_hitter_planner_result[0m:[36m937[0m - [1mHITTER command overridden: epoch=71 generation=9672 type=backhand tts=0.269s[0m
[32m2026-08-08 13:43:50.934[0m | [1mINFO    [0m | [36menvs.hitter[0m:[36m_consume_hitter_planner_result[0m:[36m937[0m - [1mHITTER command overridden: epoch=71 generation=9679 type=backhand tts=0.212s[0m
[32m2026-08-08 13:43:50.954[0m | [1mINFO    [0m | [36menvs.hitter[0m:[36m_consume_hitter_planner_result[0m:[36m937[0m - [1mHITTER command overridden: epoch=71 generation=9683 type=backhand tts=0.179s[0m
[32m2026-08-08 13:43:50.974[0m | [1mINFO    [0m | [36menvs.hitter[0m:[36m_consume_hitter_planner_result[0m:[36m937[0m - [1mHITTER command overridden: epoch=71 generation=9689 type=forehand tts=0.146s[0m
[32m2026-08-08 13:43:50.994[0m | [1mINFO    [0m | [36menvs.hitter[0m:[36m_consume_hitter_planner_result[0m:[36m937[0m - [1mHITTER command overridden: epoch=71 generation=9696 type=forehand tts=0.119s[0m
[32m2026-08-08 13:43:51.014[0m | [1mINFO    [0m | [36menvs.hitter[0m:[36m_consume_hitter_planner_result[0m:[36m937[0m - [1mHITTER command overridden: epoch=71 generation=9700 type=forehand tts=0.096s[0m
[32m2026-08-08 13:43:51.034[0m | [1mINFO    [0m | [36menvs.hitter[0m:[36m_consume_hitter_planner_result[0m:[36m937[0m - [1mHITTER command overridden: epoch=71 generation=9708 type=forehand tts=0.077s[0m
[32m2026-08-08 13:43:51.054[0m | [1mINFO    [0m | [36menvs.hitter[0m:[36m_consume_hitter_planner_result[0m:[36m937[0m - [1mHITTER command overridden: epoch=71 generation=9712 type=forehand tts=0.060s[0m
[32m2026-08-08 13:43:51.060[0m | [1mINFO    [0m | [36menvs.hitter[0m:[36m_consume_hitter_planner_result[0m:[36m937[0m - [1mHITTER command overridden: epoch=71 generation=9716 type=forehand tts=0.061s[0m
[32m2026-08-08 13:43:51.074[0m | [1mINFO    [0m | [36menvs.hitter[0m:[36m_consume_hitter_planner_result[0m:[36m937[0m - [1mHITTER command overridden: epoch=71 generation=9720 type=forehand tts=0.052s[0m
[32m2026-08-08 13:43:51.094[0m | [1mINFO    [0m | [36menvs.hitter[0m:[36m_consume_hitter_planner_result[0m:[36m937[0m - [1mHITTER command overridden: epoch=71 generation=9723 type=forehand tts=0.038s[0m
[32m2026-08-08 13:43:51.134[0m | [1mINFO    [0m | [36menvs.hitter[0m:[36m_log_hitter_strike_target[0m:[36m708[0m - [1mHITTER strike target: epoch=71 generation=9723 type=forehand v_ball_in_w_mps=[-3.8375,-3.4892,-0.6557] speed_ball_in_mps=5.2279 v_ball_out_w_mps=[4.6875,1.0404,1.4182] speed_ball_out_mps=5.0066 v_racket_target_w_mps=[0.2466,0.1310,0.0600] speed_racket_mps=0.2856[0m
[32m2026-08-08 13:43:51.134[0m | [1mINFO    [0m | [36menvs.hitter[0m:[36m_log_hitter_advance_transitions[0m:[36m979[0m - [1mHITTER lifecycle transition: armed -> recovery[0m
[32m2026-08-08 13:43:51.194[0m | [1mINFO    [0m | [36menvs.hitter[0m:[36m_log_hitter_status[0m:[36m1029[0m - [1mHITTER realtime status: phase=recovery submitted=2735 completed=667 failed=2033 dropped=35 result_age_s=0.114 epoch=71 generation=9723 policy_tts=0.000[0m
[32m2026-08-08 13:43:52.194[0m | [1mINFO    [0m | [36menvs.hitter[0m:[36m_log_hitter_status[0m:[36m1029[0m - [1mHITTER realtime status: phase=recovery submitted=2762 completed=667 failed=2059 dropped=35 result_age_s=0.013 epoch=73 generation=9817 policy_tts=0.000[0m
[32m2026-08-08 13:43:52.434[0m | [1mINFO    [0m | [36menvs.hitter[0m:[36m_log_hitter_advance_transitions[0m:[36m995[0m - [1mHITTER lifecycle transition: recovery -> waiting[0m
[32m2026-08-08 13:43:52.435[0m | [1mINFO    [0m | [36menvs.hitter[0m:[36m_log_hitter_advance_transitions[0m:[36m1001[0m - [1mHITTER lifecycle transition: waiting -> armed[0m
[32m2026-08-08 13:43:52.435[0m | [1mINFO    [0m | [36menvs.hitter[0m:[36m_update_hitter_command[0m:[36m1069[0m - [1mHITTER cached command armed after recovery: epoch=73 generation=9885[0m
[32m2026-08-08 13:43:52.435[0m | [1mINFO    [0m | [36menvs.hitter[0m:[36m_consume_hitter_planner_result[0m:[36m937[0m - [1mHITTER command overridden: epoch=73 generation=9889 type=backhand tts=0.418s[0m
[32m2026-08-08 13:43:52.474[0m | [1mINFO    [0m | [36menvs.hitter[0m:[36m_consume_hitter_planner_result[0m:[36m937[0m - [1mHITTER command overridden: epoch=73 generation=9903 type=forehand tts=0.228s[0m
[32m2026-08-08 13:43:52.494[0m | [1mINFO    [0m | [36menvs.hitter[0m:[36m_consume_hitter_planner_result[0m:[36m937[0m - [1mHITTER command overridden: epoch=73 generation=9909 type=forehand tts=0.180s[0m
[32m2026-08-08 13:43:52.514[0m | [1mINFO    [0m | [36menvs.hitter[0m:[36m_consume_hitter_planner_result[0m:[36m937[0m - [1mHITTER command overridden: epoch=73 generation=9913 type=forehand tts=0.147s[0m
[32m2026-08-08 13:43:52.534[0m | [1mINFO    [0m | [36menvs.hitter[0m:[36m_consume_hitter_planner_result[0m:[36m937[0m - [1mHITTER command overridden: epoch=73 generation=9921 type=forehand tts=0.113s[0m
[32m2026-08-08 13:43:52.554[0m | [1mINFO    [0m | [36menvs.hitter[0m:[36m_consume_hitter_planner_result[0m:[36m937[0m - [1mHITTER command overridden: epoch=73 generation=9925 type=forehand tts=0.089s[0m
[32m2026-08-08 13:43:52.574[0m | [1mINFO    [0m | [36menvs.hitter[0m:[36m_consume_hitter_planner_result[0m:[36m937[0m - [1mHITTER command overridden: epoch=73 generation=9933 type=forehand tts=0.068s[0m
[32m2026-08-08 13:43:52.594[0m | [1mINFO    [0m | [36menvs.hitter[0m:[36m_consume_hitter_planner_result[0m:[36m937[0m - [1mHITTER command overridden: epoch=73 generation=9940 type=forehand tts=0.052s[0m
[32m2026-08-08 13:43:52.614[0m | [1mINFO    [0m | [36menvs.hitter[0m:[36m_consume_hitter_planner_result[0m:[36m937[0m - [1mHITTER command overridden: epoch=73 generation=9943 type=forehand tts=0.035s[0m
[32m2026-08-08 13:43:52.615[0m | [1mINFO    [0m | [36menvs.hitter[0m:[36m_mark_hitter_track_ended[0m:[36m890[0m - [1mHITTER track ended: ended_epoch=73 invalid_epoch=74 generation=9947[0m
[32m2026-08-08 13:43:52.654[0m | [1mINFO    [0m | [36menvs.hitter[0m:[36m_log_hitter_strike_target[0m:[36m708[0m - [1mHITTER strike target: epoch=73 generation=9943 type=forehand v_ball_in_w_mps=[-4.8570,-3.2753,-0.3006] speed_ball_in_mps=5.8659 v_ball_out_w_mps=[4.6875,1.0510,1.5580] speed_ball_out_mps=5.0502 v_racket_target_w_mps=[0.0118,0.0053,0.0023] speed_racket_mps=0.0131[0m
[32m2026-08-08 13:43:52.654[0m | [1mINFO    [0m | [36menvs.hitter[0m:[36m_log_hitter_advance_transitions[0m:[36m979[0m - [1mHITTER lifecycle transition: armed -> recovery[0m
[32m2026-08-08 13:43:53.194[0m | [1mINFO    [0m | [36menvs.hitter[0m:[36m_log_hitter_status[0m:[36m1029[0m - [1mHITTER realtime status: phase=recovery submitted=2797 completed=684 failed=2078 dropped=35 result_age_s=0.580 epoch=74 generation=9947 policy_tts=0.000[0m
[32m2026-08-08 13:43:54.014[0m | [1mINFO    [0m | [36menvs.hitter[0m:[36m_log_hitter_advance_transitions[0m:[36m995[0m - [1mHITTER lifecycle transition: recovery -> waiting[0m
[32m2026-08-08 13:43:54.195[0m | [1mINFO    [0m | [36menvs.hitter[0m:[36m_log_hitter_status[0m:[36m1029[0m - [1mHITTER realtime status: phase=waiting submitted=2860 completed=704 failed=2121 dropped=35 result_age_s=0.075 epoch=75 generation=10166 policy_tts=0.920[0m
[32m2026-08-08 13:43:55.196[0m | [1mINFO    [0m | [36menvs.hitter[0m:[36m_log_hitter_status[0m:[36m1029[0m - [1mHITTER realtime status: phase=waiting submitted=2885 completed=704 failed=2146 dropped=35 result_age_s=0.008 epoch=76 generation=10257 policy_tts=0.920[0m
[32m2026-08-08 13:43:55.474[0m | [1mINFO    [0m | [36menvs.hitter[0m:[36m_consume_hitter_planner_result[0m:[36m937[0m - [1mHITTER command armed: epoch=76 generation=10342 type=backhand tts=0.557s[0m
[32m2026-08-08 13:43:55.475[0m | [1mINFO    [0m | [36menvs.hitter[0m:[36m_log_hitter_lifecycle_transition[0m:[36m956[0m - [1mHITTER lifecycle transition: waiting -> armed[0m
[32m2026-08-08 13:43:55.494[0m | [1mINFO    [0m | [36menvs.hitter[0m:[36m_consume_hitter_planner_result[0m:[36m937[0m - [1mHITTER command overridden: epoch=76 generation=10345 type=backhand tts=0.473s[0m
[32m2026-08-08 13:43:55.514[0m | [1mINFO    [0m | [36menvs.hitter[0m:[36m_consume_hitter_planner_result[0m:[36m937[0m - [1mHITTER command overridden: epoch=76 generation=10353 type=backhand tts=0.327s[0m
[32m2026-08-08 13:43:55.534[0m | [1mINFO    [0m | [36menvs.hitter[0m:[36m_consume_hitter_planner_result[0m:[36m937[0m - [1mHITTER command overridden: epoch=76 generation=10359 type=backhand tts=0.262s[0m
[32m2026-08-08 13:43:55.554[0m | [1mINFO    [0m | [36menvs.hitter[0m:[36m_consume_hitter_planner_result[0m:[36m937[0m - [1mHITTER command overridden: epoch=76 generation=10363 type=backhand tts=0.218s[0m
[32m2026-08-08 13:43:55.574[0m | [1mINFO    [0m | [36menvs.hitter[0m:[36m_consume_hitter_planner_result[0m:[36m937[0m - [1mHITTER command overridden: epoch=76 generation=10371 type=forehand tts=0.164s[0m
[32m2026-08-08 13:43:55.594[0m | [1mINFO    [0m | [36menvs.hitter[0m:[36m_consume_hitter_planner_result[0m:[36m937[0m - [1mHITTER command overridden: epoch=76 generation=10378 type=forehand tts=0.128s[0m
[32m2026-08-08 13:43:55.614[0m | [1mINFO    [0m | [36menvs.hitter[0m:[36m_consume_hitter_planner_result[0m:[36m937[0m - [1mHITTER command overridden: epoch=76 generation=10382 type=forehand tts=0.102s[0m
[32m2026-08-08 13:43:55.634[0m | [1mINFO    [0m | [36menvs.hitter[0m:[36m_consume_hitter_planner_result[0m:[36m937[0m - [1mHITTER command overridden: epoch=76 generation=10389 type=forehand tts=0.076s[0m
[32m2026-08-08 13:43:55.654[0m | [1mINFO    [0m | [36menvs.hitter[0m:[36m_consume_hitter_planner_result[0m:[36m937[0m - [1mHITTER command overridden: epoch=76 generation=10393 type=forehand tts=0.057s[0m
[32m2026-08-08 13:43:55.660[0m | [1mINFO    [0m | [36menvs.hitter[0m:[36m_consume_hitter_planner_result[0m:[36m937[0m - [1mHITTER command overridden: epoch=76 generation=10397 type=forehand tts=0.052s[0m
[32m2026-08-08 13:43:55.674[0m | [1mINFO    [0m | [36menvs.hitter[0m:[36m_consume_hitter_planner_result[0m:[36m937[0m - [1mHITTER command overridden: epoch=76 generation=10401 type=forehand tts=0.041s[0m
[32m2026-08-08 13:43:55.694[0m | [1mINFO    [0m | [36menvs.hitter[0m:[36m_consume_hitter_planner_result[0m:[36m937[0m - [1mHITTER command overridden: epoch=76 generation=10404 type=forehand tts=0.025s[0m
[32m2026-08-08 13:43:55.734[0m | [1mINFO    [0m | [36menvs.hitter[0m:[36m_log_hitter_strike_target[0m:[36m708[0m - [1mHITTER strike target: epoch=76 generation=10404 type=forehand v_ball_in_w_mps=[-4.9707,-4.3609,-0.1429] speed_ball_in_mps=6.6141 v_ball_out_w_mps=[4.6875,1.1619,1.4478] speed_ball_out_mps=5.0417 v_racket_target_w_mps=[0.0000,-0.1768,0.0000] speed_racket_mps=0.1768[0m
[32m2026-08-08 13:43:55.734[0m | [1mINFO    [0m | [36menvs.hitter[0m:[36m_log_hitter_advance_transitions[0m:[36m979[0m - [1mHITTER lifecycle transition: armed -> recovery[0m
[32m2026-08-08 13:43:56.214[0m | [1mINFO    [0m | [36menvs.hitter[0m:[36m_log_hitter_status[0m:[36m1029[0m - [1mHITTER realtime status: phase=recovery submitted=2926 completed=722 failed=2169 dropped=35 result_age_s=0.533 epoch=76 generation=10404 policy_tts=0.000[0m
[32m2026-08-08 13:43:57.114[0m | [1mINFO    [0m | [36menvs.hitter[0m:[36m_log_hitter_advance_transitions[0m:[36m995[0m - [1mHITTER lifecycle transition: recovery -> waiting[0m
[32m2026-08-08 13:43:57.194[0m | [1mINFO    [0m | [36menvs.hitter[0m:[36m_consume_hitter_planner_result[0m:[36m937[0m - [1mHITTER command armed: epoch=78 generation=10592 type=forehand tts=0.313s[0m
[32m2026-08-08 13:43:57.194[0m | [1mINFO    [0m | [36menvs.hitter[0m:[36m_log_hitter_lifecycle_transition[0m:[36m956[0m - [1mHITTER lifecycle transition: waiting -> armed[0m
[32m2026-08-08 13:43:57.215[0m | [1mINFO    [0m | [36menvs.hitter[0m:[36m_log_hitter_status[0m:[36m1029[0m - [1mHITTER realtime status: phase=armed submitted=2979 completed=724 failed=2220 dropped=35 result_age_s=0.004 epoch=78 generation=10599 policy_tts=0.292[0m
[32m2026-08-08 13:43:57.274[0m | [1mINFO    [0m | [36menvs.hitter[0m:[36m_consume_hitter_planner_result[0m:[36m937[0m - [1mHITTER command overridden: epoch=78 generation=10617 type=forehand tts=0.144s[0m
[32m2026-08-08 13:43:57.294[0m | [1mINFO    [0m | [36menvs.hitter[0m:[36m_consume_hitter_planner_result[0m:[36m937[0m - [1mHITTER command overridden: epoch=78 generation=10624 type=forehand tts=0.119s[0m
[32m2026-08-08 13:43:57.314[0m | [1mINFO    [0m | [36menvs.hitter[0m:[36m_consume_hitter_planner_result[0m:[36m937[0m - [1mHITTER command overridden: epoch=78 generation=10627 type=forehand tts=0.098s[0m
[32m2026-08-08 13:43:57.414[0m | [1mINFO    [0m | [36menvs.hitter[0m:[36m_log_hitter_strike_target[0m:[36m708[0m - [1mHITTER strike target: epoch=78 generation=10627 type=forehand v_ball_in_w_mps=[-1.7868,-0.4324,-0.8811] speed_ball_in_mps=2.0386 v_ball_out_w_mps=[4.6875,1.1274,2.2512] speed_ball_out_mps=5.3209 v_racket_target_w_mps=[1.7062,0.4111,0.8255] speed_racket_mps=1.9395[0m
[32m2026-08-08 13:43:57.414[0m | [1mINFO    [0m | [36menvs.hitter[0m:[36m_log_hitter_advance_transitions[0m:[36m979[0m - [1mHITTER lifecycle transition: armed -> recovery[0m
[32m2026-08-08 13:43:58.234[0m | [1mINFO    [0m | [36menvs.hitter[0m:[36m_log_hitter_status[0m:[36m1029[0m - [1mHITTER realtime status: phase=recovery submitted=2987 completed=728 failed=2224 dropped=35 result_age_s=0.930 epoch=78 generation=10627 policy_tts=0.000[0m
[32m2026-08-08 13:43:59.065[0m | [1mINFO    [0m | [36menvs.hitter[0m:[36m_log_hitter_advance_transitions[0m:[36m995[0m - [1mHITTER lifecycle transition: recovery -> waiting[0m
[32m2026-08-08 13:43:59.244[0m | [1mINFO    [0m | [36menvs.hitter[0m:[36m_log_hitter_status[0m:[36m1029[0m - [1mHITTER realtime status: phase=waiting submitted=3068 completed=728 failed=2301 dropped=38 result_age_s=0.012 epoch=80 generation=10894 policy_tts=0.920[0m
[32m2026-08-08 13:43:59.247[0m | [1mINFO    [0m | [36menvs.hitter[0m:[36m_consume_hitter_planner_result[0m:[36m937[0m - [1mHITTER command armed: epoch=80 generation=10898 type=forehand tts=0.315s[0m
[32m2026-08-08 13:43:59.247[0m | [1mINFO    [0m | [36menvs.hitter[0m:[36m_log_hitter_lifecycle_transition[0m:[36m956[0m - [1mHITTER lifecycle transition: waiting -> armed[0m
[32m2026-08-08 13:43:59.256[0m | [1mINFO    [0m | [36menvs.hitter[0m:[36m_consume_hitter_planner_result[0m:[36m937[0m - [1mHITTER command overridden: epoch=80 generation=10901 type=forehand tts=0.299s[0m
[32m2026-08-08 13:43:59.267[0m | [1mINFO    [0m | [36menvs.hitter[0m:[36m_consume_hitter_planner_result[0m:[36m937[0m - [1mHITTER command overridden: epoch=80 generation=10904 type=forehand tts=0.285s[0m
[32m2026-08-08 13:43:59.280[0m | [1mINFO    [0m | [36menvs.hitter[0m:[36m_consume_hitter_planner_result[0m:[36m937[0m - [1mHITTER command overridden: epoch=80 generation=10908 type=forehand tts=0.268s[0m
[32m2026-08-08 13:43:59.296[0m | [1mINFO    [0m | [36menvs.hitter[0m:[36m_consume_hitter_planner_result[0m:[36m937[0m - [1mHITTER command overridden: epoch=80 generation=10912 type=forehand tts=0.250s[0m
[32m2026-08-08 13:43:59.395[0m | [1mINFO    [0m | [36menvs.hitter[0m:[36m_mark_hitter_track_ended[0m:[36m890[0m - [1mHITTER track ended: ended_epoch=80 invalid_epoch=81 generation=10944[0m
[32m2026-08-08 13:43:59.554[0m | [1mINFO    [0m | [36menvs.hitter[0m:[36m_log_hitter_strike_target[0m:[36m708[0m - [1mHITTER strike target: epoch=80 generation=10912 type=forehand v_ball_in_w_mps=[-1.2728,-0.1438,-0.6216] speed_ball_in_mps=1.4237 v_ball_out_w_mps=[4.6875,1.2872,2.3021] speed_ball_out_mps=5.3786 v_racket_target_w_mps=[1.9800,0.4754,0.9712] speed_racket_mps=2.2560[0m
[32m2026-08-08 13:43:59.554[0m | [1mINFO    [0m | [36menvs.hitter[0m:[36m_log_hitter_advance_transitions[0m:[36m979[0m - [1mHITTER lifecycle transition: armed -> recovery[0m
[32m2026-08-08 13:44:00.254[0m | [1mINFO    [0m | [36menvs.hitter[0m:[36m_log_hitter_status[0m:[36m1029[0m - [1mHITTER realtime status: phase=recovery submitted=3081 completed=733 failed=2310 dropped=38 result_age_s=0.860 epoch=81 generation=10944 policy_tts=0.000[0m
[32m2026-08-08 13:44:01.120[0m | [1mINFO    [0m | [36menvs.hitter[0m:[36m_log_hitter_advance_transitions[0m:[36m995[0m - [1mHITTER lifecycle transition: recovery -> waiting[0m
[32m2026-08-08 13:44:01.234[0m | [1mINFO    [0m | [36menvs.hitter[0m:[36m_consume_hitter_planner_result[0m:[36m937[0m - [1mHITTER command armed: epoch=86 generation=11213 type=forehand tts=0.484s[0m
[32m2026-08-08 13:44:01.234[0m | [1mINFO    [0m | [36menvs.hitter[0m:[36m_log_hitter_lifecycle_transition[0m:[36m956[0m - [1mHITTER lifecycle transition: waiting -> armed[0m
[32m2026-08-08 13:44:01.254[0m | [1mINFO    [0m | [36menvs.hitter[0m:[36m_log_hitter_status[0m:[36m1029[0m - [1mHITTER realtime status: phase=armed submitted=3158 completed=734 failed=2386 dropped=38 result_age_s=0.001 epoch=86 generation=11220 policy_tts=0.464[0m
[32m2026-08-08 13:44:01.294[0m | [1mINFO    [0m | [36menvs.hitter[0m:[36m_consume_hitter_planner_result[0m:[36m937[0m - [1mHITTER command overridden: epoch=86 generation=11230 type=forehand tts=0.318s[0m
[32m2026-08-08 13:44:01.314[0m | [1mINFO    [0m | [36menvs.hitter[0m:[36m_consume_hitter_planner_result[0m:[36m937[0m - [1mHITTER command overridden: epoch=86 generation=11238 type=forehand tts=0.285s[0m
[32m2026-08-08 13:44:01.334[0m | [1mINFO    [0m | [36menvs.hitter[0m:[36m_consume_hitter_planner_result[0m:[36m937[0m - [1mHITTER command overridden: epoch=86 generation=11241 type=forehand tts=0.263s[0m
[32m2026-08-08 13:44:01.340[0m | [1mINFO    [0m | [36menvs.hitter[0m:[36m_consume_hitter_planner_result[0m:[36m937[0m - [1mHITTER command overridden: epoch=86 generation=11245 type=forehand tts=0.254s[0m
[32m2026-08-08 13:44:01.354[0m | [1mINFO    [0m | [36menvs.hitter[0m:[36m_consume_hitter_planner_result[0m:[36m937[0m - [1mHITTER command overridden: epoch=86 generation=11249 type=forehand tts=0.245s[0m
[32m2026-08-08 13:44:01.614[0m | [1mINFO    [0m | [36menvs.hitter[0m:[36m_log_hitter_strike_target[0m:[36m708[0m - [1mHITTER strike target: epoch=86 generation=11249 type=forehand v_ball_in_w_mps=[-1.6274,-0.5277,-0.3263] speed_ball_in_mps=1.7416 v_ball_out_w_mps=[4.6875,1.4107,2.2668] speed_ball_out_mps=5.3945 v_racket_target_w_mps=[1.8904,0.5000,0.7763] speed_racket_mps=2.1039[0m
[32m2026-08-08 13:44:01.614[0m | [1mINFO    [0m | [36menvs.hitter[0m:[36m_log_hitter_advance_transitions[0m:[36m979[0m - [1mHITTER lifecycle transition: armed -> recovery[0m
[32m2026-08-08 13:44:02.254[0m | [1mINFO    [0m | [36menvs.hitter[0m:[36m_log_hitter_status[0m:[36m1029[0m - [1mHITTER realtime status: phase=recovery submitted=3177 completed=740 failed=2399 dropped=38 result_age_s=0.010 epoch=90 generation=11286 policy_tts=0.000[0m
[32m2026-08-08 13:44:02.315[0m | [1mINFO    [0m | [36menvs.hitter[0m:[36m_mark_hitter_track_ended[0m:[36m890[0m - [1mHITTER track ended: ended_epoch=91 invalid_epoch=93 generation=11306[0m
[32m2026-08-08 13:44:02.454[0m | [1mINFO    [0m | [36menvs.hitter[0m:[36m_mark_hitter_track_ended[0m:[36m890[0m - [1mHITTER track ended: ended_epoch=95 invalid_epoch=97 generation=11347[0m
[32m2026-08-08 13:44:02.995[0m | [1mINFO    [0m | [36menvs.hitter[0m:[36m_log_hitter_advance_transitions[0m:[36m995[0m - [1mHITTER lifecycle transition: recovery -> waiting[0m
[32m2026-08-08 13:44:03.254[0m | [1mINFO    [0m | [36menvs.hitter[0m:[36m_log_hitter_status[0m:[36m1029[0m - [1mHITTER realtime status: phase=waiting submitted=3261 completed=740 failed=2482 dropped=38 result_age_s=0.005 epoch=98 generation=11582 policy_tts=0.920[0m
[32m2026-08-08 13:44:03.474[0m | [1mINFO    [0m | [36menvs.hitter[0m:[36m_consume_hitter_planner_result[0m:[36m937[0m - [1mHITTER command armed: epoch=98 generation=11650 type=forehand tts=0.343s[0m
[32m2026-08-08 13:44:03.475[0m | [1mINFO    [0m | [36menvs.hitter[0m:[36m_log_hitter_lifecycle_transition[0m:[36m956[0m - [1mHITTER lifecycle transition: waiting -> armed[0m
[32m2026-08-08 13:44:03.494[0m | [1mINFO    [0m | [36menvs.hitter[0m:[36m_consume_hitter_planner_result[0m:[36m937[0m - [1mHITTER command overridden: epoch=98 generation=11658 type=forehand tts=0.289s[0m
[32m2026-08-08 13:44:03.514[0m | [1mINFO    [0m | [36menvs.hitter[0m:[36m_consume_hitter_planner_result[0m:[36m937[0m - [1mHITTER command overridden: epoch=98 generation=11665 type=forehand tts=0.260s[0m
[32m2026-08-08 13:44:03.574[0m | [1mINFO    [0m | [36menvs.hitter[0m:[36m_mark_hitter_track_ended[0m:[36m890[0m - [1mHITTER track ended: ended_epoch=98 invalid_epoch=99 generation=11683[0m
[32m2026-08-08 13:44:03.775[0m | [1mINFO    [0m | [36menvs.hitter[0m:[36m_log_hitter_strike_target[0m:[36m708[0m - [1mHITTER strike target: epoch=98 generation=11665 type=forehand v_ball_in_w_mps=[-1.5654,-0.2975,-0.2313] speed_ball_in_mps=1.6102 v_ball_out_w_mps=[4.6875,1.3170,2.2348] speed_ball_out_mps=5.3574 v_racket_target_w_mps=[1.9616,0.5000,0.7737] speed_racket_mps=2.1672[0m
[32m2026-08-08 13:44:03.775[0m | [1mINFO    [0m | [36menvs.hitter[0m:[36m_log_hitter_advance_transitions[0m:[36m979[0m - [1mHITTER lifecycle transition: armed -> recovery[0m
[32m2026-08-08 13:44:04.255[0m | [1mINFO    [0m | [36menvs.hitter[0m:[36m_log_hitter_status[0m:[36m1029[0m - [1mHITTER realtime status: phase=recovery submitted=3292 completed=745 failed=2508 dropped=39 result_age_s=0.631 epoch=103 generation=11698 policy_tts=0.000[0m
[32m2026-08-08 13:44:05.274[0m | [1mINFO    [0m | [36menvs.hitter[0m:[36m_log_hitter_status[0m:[36m1029[0m - [1mHITTER realtime status: phase=recovery submitted=3292 completed=745 failed=2508 dropped=39 result_age_s=1.650 epoch=103 generation=11698 policy_tts=0.000[0m
[32m2026-08-08 13:44:05.334[0m | [1mINFO    [0m | [36menvs.hitter[0m:[36m_log_hitter_advance_transitions[0m:[36m995[0m - [1mHITTER lifecycle transition: recovery -> waiting[0m
[32m2026-08-08 13:44:06.275[0m | [1mINFO    [0m | [36menvs.hitter[0m:[36m_log_hitter_status[0m:[36m1029[0m - [1mHITTER realtime status: phase=waiting submitted=3292 completed=745 failed=2508 dropped=39 result_age_s=2.651 epoch=103 generation=11698 policy_tts=0.920[0m
[32m2026-08-08 13:44:07.294[0m | [1mINFO    [0m | [36menvs.hitter[0m:[36m_log_hitter_status[0m:[36m1029[0m - [1mHITTER realtime status: phase=waiting submitted=3292 completed=745 failed=2508 dropped=39 result_age_s=3.670 epoch=103 generation=11698 policy_tts=0.920[0m
[32m2026-08-08 13:44:08.294[0m | [1mINFO    [0m | [36menvs.hitter[0m:[36m_log_hitter_status[0m:[36m1029[0m - [1mHITTER realtime status: phase=waiting submitted=3292 completed=745 failed=2508 dropped=39 result_age_s=4.670 epoch=103 generation=11698 policy_tts=0.920[0m
[32m2026-08-08 13:44:09.294[0m | [1mINFO    [0m | [36menvs.hitter[0m:[36m_log_hitter_status[0m:[36m1029[0m - [1mHITTER realtime status: phase=waiting submitted=3292 completed=745 failed=2508 dropped=39 result_age_s=5.670 epoch=103 generation=11698 policy_tts=0.920[0m
[32m2026-08-08 13:44:10.295[0m | [1mINFO    [0m | [36menvs.hitter[0m:[36m_log_hitter_status[0m:[36m1029[0m - [1mHITTER realtime status: phase=waiting submitted=3292 completed=745 failed=2508 dropped=39 result_age_s=6.671 epoch=103 generation=11698 policy_tts=0.920[0m
[32m2026-08-08 13:44:11.295[0m | [1mINFO    [0m | [36menvs.hitter[0m:[36m_log_hitter_status[0m:[36m1029[0m - [1mHITTER realtime status: phase=waiting submitted=3292 completed=745 failed=2508 dropped=39 result_age_s=7.671 epoch=103 generation=11698 policy_tts=0.920[0m
[32m2026-08-08 13:44:12.295[0m | [1mINFO    [0m | [36menvs.hitter[0m:[36m_log_hitter_status[0m:[36m1029[0m - [1mHITTER realtime status: phase=waiting submitted=3292 completed=745 failed=2508 dropped=39 result_age_s=8.671 epoch=103 generation=11698 policy_tts=0.920[0m
[32m2026-08-08 13:44:13.314[0m | [1mINFO    [0m | [36menvs.hitter[0m:[36m_log_hitter_status[0m:[36m1029[0m - [1mHITTER realtime status: phase=waiting submitted=3292 completed=745 failed=2508 dropped=39 result_age_s=9.690 epoch=103 generation=11698 policy_tts=0.920[0m
[32m2026-08-08 13:44:14.315[0m | [1mINFO    [0m | [36menvs.hitter[0m:[36m_log_hitter_status[0m:[36m1029[0m - [1mHITTER realtime status: phase=waiting submitted=3292 completed=745 failed=2508 dropped=39 result_age_s=10.691 epoch=103 generation=11698 policy_tts=0.920[0m
[32m2026-08-08 13:44:15.334[0m | [1mINFO    [0m | [36menvs.hitter[0m:[36m_log_hitter_status[0m:[36m1029[0m - [1mHITTER realtime status: phase=waiting submitted=3292 completed=745 failed=2508 dropped=39 result_age_s=11.710 epoch=103 generation=11698 policy_tts=0.920[0m
[32m2026-08-08 13:44:16.335[0m | [1mINFO    [0m | [36menvs.hitter[0m:[36m_log_hitter_status[0m:[36m1029[0m - [1mHITTER realtime status: phase=waiting submitted=3292 completed=745 failed=2508 dropped=39 result_age_s=12.711 epoch=103 generation=11698 policy_tts=0.920[0m
[32m2026-08-08 13:44:17.336[0m | [1mINFO    [0m | [36menvs.hitter[0m:[36m_log_hitter_status[0m:[36m1029[0m - [1mHITTER realtime status: phase=waiting submitted=3292 completed=745 failed=2508 dropped=39 result_age_s=13.711 epoch=103 generation=11698 policy_tts=0.920[0m
[32m2026-08-08 13:44:18.354[0m | [1mINFO    [0m | [36menvs.hitter[0m:[36m_log_hitter_status[0m:[36m1029[0m - [1mHITTER realtime status: phase=waiting submitted=3292 completed=745 failed=2508 dropped=39 result_age_s=14.730 epoch=103 generation=11698 policy_tts=0.920[0m
[32m2026-08-08 13:44:19.354[0m | [1mINFO    [0m | [36menvs.hitter[0m:[36m_log_hitter_status[0m:[36m1029[0m - [1mHITTER realtime status: phase=waiting submitted=3292 completed=745 failed=2508 dropped=39 result_age_s=15.730 epoch=103 generation=11698 policy_tts=0.920[0m
[32m2026-08-08 13:44:20.355[0m | [1mINFO    [0m | [36menvs.hitter[0m:[36m_log_hitter_status[0m:[36m1029[0m - [1mHITTER realtime status: phase=waiting submitted=3292 completed=745 failed=2508 dropped=39 result_age_s=16.731 epoch=103 generation=11698 policy_tts=0.920[0m
[32m2026-08-08 13:44:21.355[0m | [1mINFO    [0m | [36menvs.hitter[0m:[36m_log_hitter_status[0m:[36m1029[0m - [1mHITTER realtime status: phase=waiting submitted=3292 completed=745 failed=2508 dropped=39 result_age_s=17.731 epoch=103 generation=11698 policy_tts=0.920[0m
[32m2026-08-08 13:44:22.374[0m | [1mINFO    [0m | [36menvs.hitter[0m:[36m_log_hitter_status[0m:[36m1029[0m - [1mHITTER realtime status: phase=waiting submitted=3292 completed=745 failed=2508 dropped=39 result_age_s=18.750 epoch=103 generation=11698 policy_tts=0.920[0m
[32m2026-08-08 13:44:23.375[0m | [1mINFO    [0m | [36menvs.hitter[0m:[36m_log_hitter_status[0m:[36m1029[0m - [1mHITTER realtime status: phase=waiting submitted=3292 completed=745 failed=2508 dropped=39 result_age_s=19.751 epoch=103 generation=11698 policy_tts=0.920[0m
[32m2026-08-08 13:44:24.375[0m | [1mINFO    [0m | [36menvs.hitter[0m:[36m_log_hitter_status[0m:[36m1029[0m - [1mHITTER realtime status: phase=waiting submitted=3292 completed=745 failed=2508 dropped=39 result_age_s=20.751 epoch=103 generation=11698 policy_tts=0.920[0m
[32m2026-08-08 13:44:25.394[0m | [1mINFO    [0m | [36menvs.hitter[0m:[36m_log_hitter_status[0m:[36m1029[0m - [1mHITTER realtime status: phase=waiting submitted=3292 completed=745 failed=2508 dropped=39 result_age_s=21.770 epoch=103 generation=11698 policy_tts=0.920[0m
[32m2026-08-08 13:44:26.395[0m | [1mINFO    [0m | [36menvs.hitter[0m:[36m_log_hitter_status[0m:[36m1029[0m - [1mHITTER realtime status: phase=waiting submitted=3292 completed=745 failed=2508 dropped=39 result_age_s=22.771 epoch=103 generation=11698 policy_tts=0.920[0m
[32m2026-08-08 13:44:27.395[0m | [1mINFO    [0m | [36menvs.hitter[0m:[36m_log_hitter_status[0m:[36m1029[0m - [1mHITTER realtime status: phase=waiting submitted=3292 completed=745 failed=2508 dropped=39 result_age_s=23.771 epoch=103 generation=11698 policy_tts=0.920[0m
[32m2026-08-08 13:44:28.414[0m | [1mINFO    [0m | [36menvs.hitter[0m:[36m_log_hitter_status[0m:[36m1029[0m - [1mHITTER realtime status: phase=waiting submitted=3292 completed=745 failed=2508 dropped=39 result_age_s=24.790 epoch=103 generation=11698 policy_tts=0.920[0m
[32m2026-08-08 13:44:29.414[0m | [1mINFO    [0m | [36menvs.hitter[0m:[36m_log_hitter_status[0m:[36m1029[0m - [1mHITTER realtime status: phase=waiting submitted=3292 completed=745 failed=2508 dropped=39 result_age_s=25.790 epoch=103 generation=11698 policy_tts=0.920[0m
[32m2026-08-08 13:44:30.415[0m | [1mINFO    [0m | [36menvs.hitter[0m:[36m_log_hitter_status[0m:[36m1029[0m - [1mHITTER realtime status: phase=waiting submitted=3292 completed=745 failed=2508 dropped=39 result_age_s=26.791 epoch=103 generation=11698 policy_tts=0.920[0m
[32m2026-08-08 13:44:31.415[0m | [1mINFO    [0m | [36menvs.hitter[0m:[36m_log_hitter_status[0m:[36m1029[0m - [1mHITTER realtime status: phase=waiting submitted=3292 completed=745 failed=2508 dropped=39 result_age_s=27.791 epoch=103 generation=11698 policy_tts=0.920[0m
[32m2026-08-08 13:44:32.434[0m | [1mINFO    [0m | [36menvs.hitter[0m:[36m_log_hitter_status[0m:[36m1029[0m - [1mHITTER realtime status: phase=waiting submitted=3292 completed=745 failed=2508 dropped=39 result_age_s=28.810 epoch=103 generation=11698 policy_tts=0.920[0m
[32m2026-08-08 13:44:33.435[0m | [1mINFO    [0m | [36menvs.hitter[0m:[36m_log_hitter_status[0m:[36m1029[0m - [1mHITTER realtime status: phase=waiting submitted=3292 completed=745 failed=2508 dropped=39 result_age_s=29.811 epoch=103 generation=11698 policy_tts=0.920[0m
[32m2026-08-08 13:44:34.435[0m | [1mINFO    [0m | [36menvs.hitter[0m:[36m_log_hitter_status[0m:[36m1029[0m - [1mHITTER realtime status: phase=waiting submitted=3292 completed=745 failed=2508 dropped=39 result_age_s=30.811 epoch=103 generation=11698 policy_tts=0.920[0m
[32m2026-08-08 13:44:35.454[0m | [1mINFO    [0m | [36menvs.hitter[0m:[36m_log_hitter_status[0m:[36m1029[0m - [1mHITTER realtime status: phase=waiting submitted=3292 completed=745 failed=2508 dropped=39 result_age_s=31.830 epoch=103 generation=11698 policy_tts=0.920[0m
[32m2026-08-08 13:44:36.454[0m | [1mINFO    [0m | [36menvs.hitter[0m:[36m_log_hitter_status[0m:[36m1029[0m - [1mHITTER realtime status: phase=waiting submitted=3292 completed=745 failed=2508 dropped=39 result_age_s=32.830 epoch=103 generation=11698 policy_tts=0.920[0m
[32m2026-08-08 13:44:37.454[0m | [1mINFO    [0m | [36menvs.hitter[0m:[36m_log_hitter_status[0m:[36m1029[0m - [1mHITTER realtime status: phase=waiting submitted=3292 completed=745 failed=2508 dropped=39 result_age_s=33.830 epoch=103 generation=11698 policy_tts=0.920[0m
[32m2026-08-08 13:44:38.455[0m | [1mINFO    [0m | [36menvs.hitter[0m:[36m_log_hitter_status[0m:[36m1029[0m - [1mHITTER realtime status: phase=waiting submitted=3292 completed=745 failed=2508 dropped=39 result_age_s=34.831 epoch=103 generation=11698 policy_tts=0.920[0m
[32m2026-08-08 13:44:39.455[0m | [1mINFO    [0m | [36menvs.hitter[0m:[36m_log_hitter_status[0m:[36m1029[0m - [1mHITTER realtime status: phase=waiting submitted=3292 completed=745 failed=2508 dropped=39 result_age_s=35.831 epoch=103 generation=11698 policy_tts=0.920[0m
[32m2026-08-08 13:44:40.474[0m | [1mINFO    [0m | [36menvs.hitter[0m:[36m_log_hitter_status[0m:[36m1029[0m - [1mHITTER realtime status: phase=waiting submitted=3292 completed=745 failed=2508 dropped=39 result_age_s=36.850 epoch=103 generation=11698 policy_tts=0.920[0m
[32m2026-08-08 13:44:41.508[0m | [1mINFO    [0m | [36m__main__[0m:[36mmain[0m:[36m27[0m - [1mLog saved to /home/loco1/BOB/Hitter/RobotBridge2-chingmu-ghost-mujoco-20260731/deploy/outputs/2026-08-08/13-44-41/eval.log[0m
[32m2026-08-08 13:44:42.333[0m | [1mINFO    [0m | [36mutils.motion_lib.torch_humanoid_batch[0m:[36m<module>[0m:[36m41[0m - [1mUsing Humanoid Batch[0m
[32m2026-08-08 13:44:42.457[0m | [1mINFO    [0m | [36msimulator.base_sim[0m:[36m_setup[0m:[36m41[0m - [1mRobot-level Control Frequency Set to 200.0HZ[0m
[32m2026-08-08 13:44:42.457[0m | [1mINFO    [0m | [36msimulator.base_sim[0m:[36m_setup[0m:[36m42[0m - [1mPolicy-level Control Frequency Set to 50.0HZ[0m
[32m2026-08-08 13:44:42.458[0m | [1mINFO    [0m | [36msimulator.base_sim[0m:[36m_load_asset[0m:[36m55[0m - [1mJoint left_hip_pitch_joint  Default Angles -0.31200000643730164  P_gain 40.179237365722656  D_gain 2.557889938354492 [0m
[32m2026-08-08 13:44:42.458[0m | [1mINFO    [0m | [36msimulator.base_sim[0m:[36m_load_asset[0m:[36m55[0m - [1mJoint left_hip_roll_joint  Default Angles 0.0  P_gain 99.09842681884766  D_gain 6.308802127838135 [0m
[32m2026-08-08 13:44:42.458[0m | [1mINFO    [0m | [36msimulator.base_sim[0m:[36m_load_asset[0m:[36m55[0m - [1mJoint left_hip_yaw_joint  Default Angles 0.0  P_gain 40.179237365722656  D_gain 2.557889938354492 [0m
[32m2026-08-08 13:44:42.458[0m | [1mINFO    [0m | [36msimulator.base_sim[0m:[36m_load_asset[0m:[36m55[0m - [1mJoint left_knee_joint  Default Angles 0.6690000295639038  P_gain 99.09842681884766  D_gain 6.308802127838135 [0m
[32m2026-08-08 13:44:42.458[0m | [1mINFO    [0m | [36msimulator.base_sim[0m:[36m_load_asset[0m:[36m55[0m - [1mJoint left_ankle_pitch_joint  Default Angles -0.3630000054836273  P_gain 28.501245498657227  D_gain 1.814445972442627 [0m
[32m2026-08-08 13:44:42.458[0m | [1mINFO    [0m | [36msimulator.base_sim[0m:[36m_load_asset[0m:[36m55[0m - [1mJoint left_ankle_roll_joint  Default Angles 0.0  P_gain 28.501245498657227  D_gain 1.814445972442627 [0m
[32m2026-08-08 13:44:42.458[0m | [1mINFO    [0m | [36msimulator.base_sim[0m:[36m_load_asset[0m:[36m55[0m - [1mJoint right_hip_pitch_joint  Default Angles -0.31200000643730164  P_gain 40.179237365722656  D_gain 2.557889938354492 [0m
[32m2026-08-08 13:44:42.458[0m | [1mINFO    [0m | [36msimulator.base_sim[0m:[36m_load_asset[0m:[36m55[0m - [1mJoint right_hip_roll_joint  Default Angles 0.0  P_gain 99.09842681884766  D_gain 6.308802127838135 [0m
[32m2026-08-08 13:44:42.458[0m | [1mINFO    [0m | [36msimulator.base_sim[0m:[36m_load_asset[0m:[36m55[0m - [1mJoint right_hip_yaw_joint  Default Angles 0.0  P_gain 40.179237365722656  D_gain 2.557889938354492 [0m
[32m2026-08-08 13:44:42.458[0m | [1mINFO    [0m | [36msimulator.base_sim[0m:[36m_load_asset[0m:[36m55[0m - [1mJoint right_knee_joint  Default Angles 0.6690000295639038  P_gain 99.09842681884766  D_gain 6.308802127838135 [0m
[32m2026-08-08 13:44:42.458[0m | [1mINFO    [0m | [36msimulator.base_sim[0m:[36m_load_asset[0m:[36m55[0m - [1mJoint right_ankle_pitch_joint  Default Angles -0.3630000054836273  P_gain 28.501245498657227  D_gain 1.814445972442627 [0m
[32m2026-08-08 13:44:42.458[0m | [1mINFO    [0m | [36msimulator.base_sim[0m:[36m_load_asset[0m:[36m55[0m - [1mJoint right_ankle_roll_joint  Default Angles 0.0  P_gain 28.501245498657227  D_gain 1.814445972442627 [0m
[32m2026-08-08 13:44:42.458[0m | [1mINFO    [0m | [36msimulator.base_sim[0m:[36m_load_asset[0m:[36m55[0m - [1mJoint waist_yaw_joint  Default Angles 0.0  P_gain 40.179237365722656  D_gain 2.557889938354492 [0m
[32m2026-08-08 13:44:42.458[0m | [1mINFO    [0m | [36msimulator.base_sim[0m:[36m_load_asset[0m:[36m55[0m - [1mJoint waist_roll_joint  Default Angles 0.0  P_gain 28.501245498657227  D_gain 1.814445972442627 [0m
[32m2026-08-08 13:44:42.458[0m | [1mINFO    [0m | [36msimulator.base_sim[0m:[36m_load_asset[0m:[36m55[0m - [1mJoint waist_pitch_joint  Default Angles 0.0  P_gain 28.501245498657227  D_gain 1.814445972442627 [0m
[32m2026-08-08 13:44:42.458[0m | [1mINFO    [0m | [36msimulator.base_sim[0m:[36m_load_asset[0m:[36m55[0m - [1mJoint left_shoulder_pitch_joint  Default Angles 0.20000000298023224  P_gain 14.250622749328613  D_gain 0.9072229862213135 [0m
[32m2026-08-08 13:44:42.458[0m | [1mINFO    [0m | [36msimulator.base_sim[0m:[36m_load_asset[0m:[36m55[0m - [1mJoint left_shoulder_roll_joint  Default Angles 0.20000000298023224  P_gain 14.250622749328613  D_gain 0.9072229862213135 [0m
[32m2026-08-08 13:44:42.458[0m | [1mINFO    [0m | [36msimulator.base_sim[0m:[36m_load_asset[0m:[36m55[0m - [1mJoint left_shoulder_yaw_joint  Default Angles 0.0  P_gain 14.250622749328613  D_gain 0.9072229862213135 [0m
[32m2026-08-08 13:44:42.458[0m | [1mINFO    [0m | [36msimulator.base_sim[0m:[36m_load_asset[0m:[36m55[0m - [1mJoint left_elbow_joint  Default Angles 0.6000000238418579  P_gain 14.250622749328613  D_gain 0.9072229862213135 [0m
[32m2026-08-08 13:44:42.458[0m | [1mINFO    [0m | [36msimulator.base_sim[0m:[36m_load_asset[0m:[36m55[0m - [1mJoint left_wrist_roll_joint  Default Angles 0.0  P_gain 14.250622749328613  D_gain 0.9072229862213135 [0m
[32m2026-08-08 13:44:42.458[0m | [1mINFO    [0m | [36msimulator.base_sim[0m:[36m_load_asset[0m:[36m55[0m - [1mJoint left_wrist_pitch_joint  Default Angles 0.0  P_gain 16.77832794189453  D_gain 1.068142056465149 [0m
[32m2026-08-08 13:44:42.458[0m | [1mINFO    [0m | [36msimulator.base_sim[0m:[36m_load_asset[0m:[36m55[0m - [1mJoint left_wrist_yaw_joint  Default Angles 0.0  P_gain 16.77832794189453  D_gain 1.068142056465149 [0m
[32m2026-08-08 13:44:42.458[0m | [1mINFO    [0m | [36msimulator.base_sim[0m:[36m_load_asset[0m:[36m55[0m - [1mJoint right_shoulder_pitch_joint  Default Angles 0.20000000298023224  P_gain 14.250622749328613  D_gain 0.9072229862213135 [0m
[32m2026-08-08 13:44:42.458[0m | [1mINFO    [0m | [36msimulator.base_sim[0m:[36m_load_asset[0m:[36m55[0m - [1mJoint right_shoulder_roll_joint  Default Angles -0.20000000298023224  P_gain 14.250622749328613  D_gain 0.9072229862213135 [0m
[32m2026-08-08 13:44:42.458[0m | [1mINFO    [0m | [36msimulator.base_sim[0m:[36m_load_asset[0m:[36m55[0m - [1mJoint right_shoulder_yaw_joint  Default Angles 0.0  P_gain 14.250622749328613  D_gain 0.9072229862213135 [0m
[32m2026-08-08 13:44:42.458[0m | [1mINFO    [0m | [36msimulator.base_sim[0m:[36m_load_asset[0m:[36m55[0m - [1mJoint right_elbow_joint  Default Angles 0.6000000238418579  P_gain 14.250622749328613  D_gain 0.9072229862213135 [0m
[32m2026-08-08 13:44:42.458[0m | [1mINFO    [0m | [36msimulator.base_sim[0m:[36m_load_asset[0m:[36m55[0m - [1mJoint right_wrist_roll_joint  Default Angles 0.0  P_gain 14.250622749328613  D_gain 0.9072229862213135 [0m
[32m2026-08-08 13:44:42.459[0m | [1mINFO    [0m | [36msimulator.base_sim[0m:[36m_load_asset[0m:[36m55[0m - [1mJoint right_wrist_pitch_joint  Default Angles 0.0  P_gain 16.77832794189453  D_gain 1.068142056465149 [0m
[32m2026-08-08 13:44:42.459[0m | [1mINFO    [0m | [36msimulator.base_sim[0m:[36m_load_asset[0m:[36m55[0m - [1mJoint right_wrist_yaw_joint  Default Angles 0.0  P_gain 16.77832794189453  D_gain 1.068142056465149 [0m
[32m2026-08-08 13:44:42.459[0m | [1mINFO    [0m | [36msimulator.base_sim[0m:[36m_load_asset[0m:[36m56[0m - [1mTotal Number of dof: 29[0m
[32m2026-08-08 13:44:42.459[0m | [1mINFO    [0m | [36msimulator.base_sim[0m:[36m_load_asset[0m:[36m57[0m - [1mNumber of Action: 29[0m
mujoco time step :  0.005
[32m2026-08-08 13:44:42.555[0m | [1mINFO    [0m | [36msimulator.mujoco[0m:[36m__init__[0m:[36m156[0m - [1mVisualization Marker: True[0m
[32m2026-08-08 13:44:42.777[0m | [1mINFO    [0m | [36msimulator.mujoco[0m:[36m_init_hitter_ball_input[0m:[36m798[0m - [1mHITTER HIL safety banner: simulator=Mujoco robot_backend=mujoco ball_pipeline=chingmu_ghost channel=vicon_state_data read_only=true ghost_collision=false control_publication_count=0[0m
[32m2026-08-08 13:44:42.778[0m | [1mINFO    [0m | [36mutils.history_handler[0m:[36m__init__[0m:[36m19[0m - [1mHistory Handler initialized![0m
[32m2026-08-08 13:44:42.780[0m | [1mINFO    [0m | [36menvs.hitter[0m:[36m__init__[0m:[36m110[0m - [1mHITTER ball planner configured.[0m
[32m2026-08-08 13:44:42.784[0m | [1mINFO    [0m | [36magents.base_agent[0m:[36mload_onnx_policy[0m:[36m22[0m - [1mLoading ONNX Checkpoint from /home/loco1/BOB/Hitter/RobotBridge2-chingmu-ghost-mujoco-20260731/deploy/data/model/hitter/hitter_model14100_8x4090_poswin001_velstd18_velwin003_104_20260808.onnx[0m
[32m2026-08-08 13:44:42.784[0m | [1mINFO    [0m | [36menvs.hitter[0m:[36mconfigure_from_modelmeta[0m:[36m161[0m - [1mApplying HITTER joint configuration from ONNX model.[0m
[32m2026-08-08 13:44:42.787[0m | [1mINFO    [0m | [36menvs.hitter[0m:[36mconfigure_from_modelmeta[0m:[36m203[0m - [1mHITTER policy metadata configured, 29 degrees of freedom.[0m
[32m2026-08-08 13:44:42.787[0m | [1mINFO    [0m | [36magents.hitter_agent[0m:[36mload_onnx_policy[0m:[36m22[0m - [1mHITTER policy metadata loaded. Joints: 29 Anchor body: pelvis[0m
In run
[32m2026-08-08 13:44:42.787[0m | [1mINFO    [0m | [36msimulator.mujoco[0m:[36mcalibrate[0m:[36m1098[0m - [1mResetting envs with ref_dof_pos=['-0.312', '0.000', '0.000', '0.669', '-0.363', '0.000', '-0.312', '0.000', '0.000', '0.669', '-0.363', '0.000', '0.000', '0.000', '0.000', '0.200', '0.200', '0.000', '0.600', '0.000', '0.000', '0.000', '0.200', '-0.200', '0.000', '0.600', '0.000', '0.000', '0.000'][0m
[32m2026-08-08 13:44:42.788[0m | [1mINFO    [0m | [36menvs.hitter[0m:[36m_capture_hitter_waiting_base_target[0m:[36m593[0m - [1mHITTER waiting base target captured in mode=capture_current at world position [-0.4000000059604645, 0.0, 0.7929999828338623].[0m
[32m2026-08-08 13:44:42.789[0m | [1mINFO    [0m | [36menvs.base_env[0m:[36m_update_obs[0m:[36m92[0m - [1mReceive observation: ['actions', 'root_quat', 'root_rpy', 'base_ang_vel', 'base_lin_vel', 'dof_pos', 'dof_vel', 'projected_gravity'][0m
[32m2026-08-08 13:44:42.790[0m | [1mINFO    [0m | [36menvs.hitter[0m:[36m_log_hitter_status[0m:[36m1029[0m - [1mHITTER realtime status: phase=waiting submitted=0 completed=0 failed=0 dropped=0 result_age_s=nan epoch=None generation=None policy_tts=0.920[0m
[32m2026-08-08 13:44:43.791[0m | [1mINFO    [0m | [36menvs.hitter[0m:[36m_log_hitter_status[0m:[36m1029[0m - [1mHITTER realtime status: phase=waiting submitted=0 completed=0 failed=0 dropped=0 result_age_s=nan epoch=None generation=None policy_tts=0.920[0m
[32m2026-08-08 13:44:44.792[0m | [1mINFO    [0m | [36menvs.hitter[0m:[36m_log_hitter_status[0m:[36m1029[0m - [1mHITTER realtime status: phase=waiting submitted=0 completed=0 failed=0 dropped=0 result_age_s=nan epoch=None generation=None policy_tts=0.920[0m
[32m2026-08-08 13:44:45.811[0m | [1mINFO    [0m | [36menvs.hitter[0m:[36m_log_hitter_status[0m:[36m1029[0m - [1mHITTER realtime status: phase=waiting submitted=0 completed=0 failed=0 dropped=0 result_age_s=nan epoch=None generation=None policy_tts=0.920[0m
[32m2026-08-08 13:44:46.811[0m | [1mINFO    [0m | [36menvs.hitter[0m:[36m_log_hitter_status[0m:[36m1029[0m - [1mHITTER realtime status: phase=waiting submitted=0 completed=0 failed=0 dropped=0 result_age_s=nan epoch=None generation=None policy_tts=0.920[0m
[32m2026-08-08 13:44:47.812[0m | [1mINFO    [0m | [36menvs.hitter[0m:[36m_log_hitter_status[0m:[36m1029[0m - [1mHITTER realtime status: phase=waiting submitted=0 completed=0 failed=0 dropped=0 result_age_s=nan epoch=None generation=None policy_tts=0.920[0m
[32m2026-08-08 13:44:48.812[0m | [1mINFO    [0m | [36menvs.hitter[0m:[36m_log_hitter_status[0m:[36m1029[0m - [1mHITTER realtime status: phase=waiting submitted=0 completed=0 failed=0 dropped=0 result_age_s=nan epoch=None generation=None policy_tts=0.920[0m
[32m2026-08-08 13:44:49.831[0m | [1mINFO    [0m | [36menvs.hitter[0m:[36m_log_hitter_status[0m:[36m1029[0m - [1mHITTER realtime status: phase=waiting submitted=0 completed=0 failed=0 dropped=0 result_age_s=nan epoch=None generation=None policy_tts=0.920[0m
[32m2026-08-08 13:44:50.831[0m | [1mINFO    [0m | [36menvs.hitter[0m:[36m_log_hitter_status[0m:[36m1029[0m - [1mHITTER realtime status: phase=waiting submitted=0 completed=0 failed=0 dropped=0 result_age_s=nan epoch=None generation=None policy_tts=0.920[0m
[32m2026-08-08 13:44:51.832[0m | [1mINFO    [0m | [36menvs.hitter[0m:[36m_log_hitter_status[0m:[36m1029[0m - [1mHITTER realtime status: phase=waiting submitted=0 completed=0 failed=0 dropped=0 result_age_s=nan epoch=None generation=None policy_tts=0.920[0m
[32m2026-08-08 13:44:52.851[0m | [1mINFO    [0m | [36menvs.hitter[0m:[36m_log_hitter_status[0m:[36m1029[0m - [1mHITTER realtime status: phase=waiting submitted=0 completed=0 failed=0 dropped=0 result_age_s=nan epoch=None generation=None policy_tts=0.920[0m
[32m2026-08-08 13:44:53.852[0m | [1mINFO    [0m | [36menvs.hitter[0m:[36m_log_hitter_status[0m:[36m1029[0m - [1mHITTER realtime status: phase=waiting submitted=0 completed=0 failed=0 dropped=0 result_age_s=nan epoch=None generation=None policy_tts=0.920[0m
[32m2026-08-08 13:44:54.852[0m | [1mINFO    [0m | [36menvs.hitter[0m:[36m_log_hitter_status[0m:[36m1029[0m - [1mHITTER realtime status: phase=waiting submitted=0 completed=0 failed=0 dropped=0 result_age_s=nan epoch=None generation=None policy_tts=0.920[0m
[32m2026-08-08 13:44:55.852[0m | [1mINFO    [0m | [36menvs.hitter[0m:[36m_log_hitter_status[0m:[36m1029[0m - [1mHITTER realtime status: phase=waiting submitted=0 completed=0 failed=0 dropped=0 result_age_s=nan epoch=None generation=None policy_tts=0.920[0m
[32m2026-08-08 13:44:56.852[0m | [1mINFO    [0m | [36menvs.hitter[0m:[36m_log_hitter_status[0m:[36m1029[0m - [1mHITTER realtime status: phase=waiting submitted=0 completed=0 failed=0 dropped=0 result_age_s=nan epoch=None generation=None policy_tts=0.920[0m
[32m2026-08-08 13:44:57.871[0m | [1mINFO    [0m | [36menvs.hitter[0m:[36m_log_hitter_status[0m:[36m1029[0m - [1mHITTER realtime status: phase=waiting submitted=0 completed=0 failed=0 dropped=0 result_age_s=nan epoch=None generation=None policy_tts=0.920[0m
[32m2026-08-08 13:44:58.872[0m | [1mINFO    [0m | [36menvs.hitter[0m:[36m_log_hitter_status[0m:[36m1029[0m - [1mHITTER realtime status: phase=waiting submitted=0 completed=0 failed=0 dropped=0 result_age_s=nan epoch=None generation=None policy_tts=0.920[0m
[32m2026-08-08 13:44:59.891[0m | [1mINFO    [0m | [36menvs.hitter[0m:[36m_log_hitter_status[0m:[36m1029[0m - [1mHITTER realtime status: phase=waiting submitted=0 completed=0 failed=0 dropped=0 result_age_s=nan epoch=None generation=None policy_tts=0.920[0m
[32m2026-08-08 13:45:00.891[0m | [1mINFO    [0m | [36menvs.hitter[0m:[36m_log_hitter_status[0m:[36m1029[0m - [1mHITTER realtime status: phase=waiting submitted=0 completed=0 failed=0 dropped=0 result_age_s=nan epoch=None generation=None policy_tts=0.920[0m
[32m2026-08-08 13:45:01.892[0m | [1mINFO    [0m | [36menvs.hitter[0m:[36m_log_hitter_status[0m:[36m1029[0m - [1mHITTER realtime status: phase=waiting submitted=0 completed=0 failed=0 dropped=0 result_age_s=nan epoch=None generation=None policy_tts=0.920[0m
[32m2026-08-08 13:45:02.911[0m | [1mINFO    [0m | [36menvs.hitter[0m:[36m_log_hitter_status[0m:[36m1029[0m - [1mHITTER realtime status: phase=waiting submitted=0 completed=0 failed=0 dropped=0 result_age_s=nan epoch=None generation=None policy_tts=0.920[0m
[32m2026-08-08 13:45:03.912[0m | [1mINFO    [0m | [36menvs.hitter[0m:[36m_log_hitter_status[0m:[36m1029[0m - [1mHITTER realtime status: phase=waiting submitted=0 completed=0 failed=0 dropped=0 result_age_s=nan epoch=None generation=None policy_tts=0.920[0m
[32m2026-08-08 13:45:04.912[0m | [1mINFO    [0m | [36menvs.hitter[0m:[36m_log_hitter_status[0m:[36m1029[0m - [1mHITTER realtime status: phase=waiting submitted=0 completed=0 failed=0 dropped=0 result_age_s=nan epoch=None generation=None policy_tts=0.920[0m
[32m2026-08-08 13:45:05.912[0m | [1mINFO    [0m | [36menvs.hitter[0m:[36m_log_hitter_status[0m:[36m1029[0m - [1mHITTER realtime status: phase=waiting submitted=0 completed=0 failed=0 dropped=0 result_age_s=nan epoch=None generation=None policy_tts=0.920[0m
[32m2026-08-08 13:45:06.931[0m | [1mINFO    [0m | [36menvs.hitter[0m:[36m_log_hitter_status[0m:[36m1029[0m - [1mHITTER realtime status: phase=waiting submitted=0 completed=0 failed=0 dropped=0 result_age_s=nan epoch=None generation=None policy_tts=0.920[0m
[32m2026-08-08 13:45:07.932[0m | [1mINFO    [0m | [36menvs.hitter[0m:[36m_log_hitter_status[0m:[36m1029[0m - [1mHITTER realtime status: phase=waiting submitted=0 completed=0 failed=0 dropped=0 result_age_s=nan epoch=None generation=None policy_tts=0.920[0m
[32m2026-08-08 13:45:08.951[0m | [1mINFO    [0m | [36menvs.hitter[0m:[36m_log_hitter_status[0m:[36m1029[0m - [1mHITTER realtime status: phase=waiting submitted=0 completed=0 failed=0 dropped=0 result_age_s=nan epoch=None generation=None policy_tts=0.920[0m
[32m2026-08-08 13:45:09.952[0m | [1mINFO    [0m | [36menvs.hitter[0m:[36m_log_hitter_status[0m:[36m1029[0m - [1mHITTER realtime status: phase=waiting submitted=0 completed=0 failed=0 dropped=0 result_age_s=nan epoch=None generation=None policy_tts=0.920[0m
[32m2026-08-08 13:45:10.952[0m | [1mINFO    [0m | [36menvs.hitter[0m:[36m_log_hitter_status[0m:[36m1029[0m - [1mHITTER realtime status: phase=waiting submitted=0 completed=0 failed=0 dropped=0 result_age_s=nan epoch=None generation=None policy_tts=0.920[0m
[32m2026-08-08 13:45:11.952[0m | [1mINFO    [0m | [36menvs.hitter[0m:[36m_log_hitter_status[0m:[36m1029[0m - [1mHITTER realtime status: phase=waiting submitted=5 completed=0 failed=5 dropped=0 result_age_s=0.001 epoch=1 generation=15 policy_tts=0.920[0m
[32m2026-08-08 13:45:12.491[0m | [1mINFO    [0m | [36menvs.hitter[0m:[36m_log_hitter_lifecycle_transition[0m:[36m956[0m - [1mHITTER lifecycle transition: waiting -> tracking[0m
[32m2026-08-08 13:45:12.946[0m | [1mINFO    [0m | [36menvs.hitter[0m:[36m_mark_hitter_track_ended[0m:[36m890[0m - [1mHITTER track ended: ended_epoch=1 invalid_epoch=2 generation=294[0m
[32m2026-08-08 13:45:12.946[0m | [1mINFO    [0m | [36menvs.hitter[0m:[36m_log_hitter_lifecycle_transition[0m:[36m956[0m - [1mHITTER lifecycle transition: tracking -> waiting[0m
[32m2026-08-08 13:45:12.955[0m | [1mINFO    [0m | [36menvs.hitter[0m:[36m_log_hitter_status[0m:[36m1029[0m - [1mHITTER realtime status: phase=waiting submitted=82 completed=5 failed=74 dropped=3 result_age_s=0.010 epoch=2 generation=294 policy_tts=0.920[0m
[32m2026-08-08 13:45:13.971[0m | [1mINFO    [0m | [36menvs.hitter[0m:[36m_log_hitter_status[0m:[36m1029[0m - [1mHITTER realtime status: phase=waiting submitted=130 completed=5 failed=122 dropped=3 result_age_s=0.000 epoch=2 generation=459 policy_tts=0.920[0m
[32m2026-08-08 13:45:14.425[0m | [1mINFO    [0m | [36menvs.hitter[0m:[36m_consume_hitter_planner_result[0m:[36m937[0m - [1mHITTER command armed: epoch=2 generation=591 type=backhand tts=0.763s[0m
[32m2026-08-08 13:45:14.426[0m | [1mINFO    [0m | [36menvs.hitter[0m:[36m_log_hitter_lifecycle_transition[0m:[36m956[0m - [1mHITTER lifecycle transition: waiting -> armed[0m
[32m2026-08-08 13:45:14.451[0m | [1mINFO    [0m | [36menvs.hitter[0m:[36m_consume_hitter_planner_result[0m:[36m937[0m - [1mHITTER command overridden: epoch=2 generation=598 type=backhand tts=0.617s[0m
[32m2026-08-08 13:45:14.471[0m | [1mINFO    [0m | [36menvs.hitter[0m:[36m_consume_hitter_planner_result[0m:[36m937[0m - [1mHITTER command overridden: epoch=2 generation=605 type=backhand tts=0.512s[0m
[32m2026-08-08 13:45:14.491[0m | [1mINFO    [0m | [36menvs.hitter[0m:[36m_consume_hitter_planner_result[0m:[36m937[0m - [1mHITTER command overridden: epoch=2 generation=611 type=backhand tts=0.433s[0m
[32m2026-08-08 13:45:14.511[0m | [1mINFO    [0m | [36menvs.hitter[0m:[36m_consume_hitter_planner_result[0m:[36m937[0m - [1mHITTER command overridden: epoch=2 generation=615 type=backhand tts=0.379s[0m
[32m2026-08-08 13:45:14.531[0m | [1mINFO    [0m | [36menvs.hitter[0m:[36m_consume_hitter_planner_result[0m:[36m937[0m - [1mHITTER command overridden: epoch=2 generation=622 type=forehand tts=0.316s[0m
[32m2026-08-08 13:45:14.551[0m | [1mINFO    [0m | [36menvs.hitter[0m:[36m_consume_hitter_planner_result[0m:[36m937[0m - [1mHITTER command overridden: epoch=2 generation=629 type=forehand tts=0.285s[0m
[32m2026-08-08 13:45:14.571[0m | [1mINFO    [0m | [36menvs.hitter[0m:[36m_consume_hitter_planner_result[0m:[36m937[0m - [1mHITTER command overridden: epoch=2 generation=633 type=forehand tts=0.280s[0m
[32m2026-08-08 13:45:14.892[0m | [1mINFO    [0m | [36menvs.hitter[0m:[36m_log_hitter_strike_target[0m:[36m708[0m - [1mHITTER strike target: epoch=2 generation=633 type=forehand v_ball_in_w_mps=[-3.7140,-1.2661,1.3657] speed_ball_in_mps=4.1547 v_ball_out_w_mps=[4.6875,1.4924,2.0090] speed_ball_out_mps=5.3138 v_racket_target_w_mps=[0.9271,0.3044,0.0710] speed_racket_mps=0.9783[0m
[32m2026-08-08 13:45:14.895[0m | [1mINFO    [0m | [36menvs.hitter[0m:[36m_log_hitter_advance_transitions[0m:[36m979[0m - [1mHITTER lifecycle transition: armed -> recovery[0m
[32m2026-08-08 13:45:14.971[0m | [1mINFO    [0m | [36menvs.hitter[0m:[36m_log_hitter_status[0m:[36m1029[0m - [1mHITTER realtime status: phase=recovery submitted=200 completed=19 failed=174 dropped=7 result_age_s=0.056 epoch=3 generation=690 policy_tts=0.000[0m
[32m2026-08-08 13:45:15.012[0m | [1mINFO    [0m | [36menvs.hitter[0m:[36m_mark_hitter_track_ended[0m:[36m890[0m - [1mHITTER track ended: ended_epoch=3 invalid_epoch=4 generation=699[0m
[32m2026-08-08 13:45:15.971[0m | [1mINFO    [0m | [36menvs.hitter[0m:[36m_log_hitter_advance_transitions[0m:[36m995[0m - [1mHITTER lifecycle transition: recovery -> waiting[0m
[32m2026-08-08 13:45:15.972[0m | [1mINFO    [0m | [36menvs.hitter[0m:[36m_log_hitter_status[0m:[36m1029[0m - [1mHITTER realtime status: phase=waiting submitted=225 completed=19 failed=199 dropped=7 result_age_s=0.007 epoch=4 generation=784 policy_tts=0.920[0m
[32m2026-08-08 13:45:16.730[0m | [1mINFO    [0m | [36menvs.hitter[0m:[36m_consume_hitter_planner_result[0m:[36m937[0m - [1mHITTER command armed: epoch=4 generation=999 type=backhand tts=0.574s[0m
[32m2026-08-08 13:45:16.730[0m | [1mINFO    [0m | [36menvs.hitter[0m:[36m_log_hitter_lifecycle_transition[0m:[36m956[0m - [1mHITTER lifecycle transition: waiting -> armed[0m
[32m2026-08-08 13:45:16.743[0m | [1mINFO    [0m | [36menvs.hitter[0m:[36m_consume_hitter_planner_result[0m:[36m937[0m - [1mHITTER command overridden: epoch=4 generation=1002 type=backhand tts=0.506s[0m
[32m2026-08-08 13:45:16.749[0m | [1mINFO    [0m | [36menvs.hitter[0m:[36m_consume_hitter_planner_result[0m:[36m937[0m - [1mHITTER command overridden: epoch=4 generation=1005 type=backhand tts=0.457s[0m
[32m2026-08-08 13:45:16.762[0m | [1mINFO    [0m | [36menvs.hitter[0m:[36m_consume_hitter_planner_result[0m:[36m937[0m - [1mHITTER command overridden: epoch=4 generation=1009 type=backhand tts=0.394s[0m
[32m2026-08-08 13:45:16.811[0m | [1mINFO    [0m | [36menvs.hitter[0m:[36m_consume_hitter_planner_result[0m:[36m937[0m - [1mHITTER command overridden: epoch=4 generation=1023 type=forehand tts=0.277s[0m
[32m2026-08-08 13:45:16.831[0m | [1mINFO    [0m | [36menvs.hitter[0m:[36m_consume_hitter_planner_result[0m:[36m937[0m - [1mHITTER command overridden: epoch=4 generation=1030 type=forehand tts=0.252s[0m
[32m2026-08-08 13:45:16.851[0m | [1mINFO    [0m | [36menvs.hitter[0m:[36m_consume_hitter_planner_result[0m:[36m937[0m - [1mHITTER command overridden: epoch=4 generation=1033 type=forehand tts=0.237s[0m
[32m2026-08-08 13:45:16.991[0m | [1mINFO    [0m | [36menvs.hitter[0m:[36m_log_hitter_status[0m:[36m1029[0m - [1mHITTER realtime status: phase=armed submitted=309 completed=27 failed=268 dropped=12 result_age_s=0.027 epoch=4 generation=1070 policy_tts=0.096[0m
[32m2026-08-08 13:45:17.091[0m | [1mINFO    [0m | [36menvs.hitter[0m:[36m_log_hitter_strike_target[0m:[36m708[0m - [1mHITTER strike target: epoch=4 generation=1033 type=forehand v_ball_in_w_mps=[-5.0409,-1.6011,-2.5636] speed_ball_in_mps=5.8776 v_ball_out_w_mps=[4.6875,1.3281,2.3436] speed_ball_out_mps=5.4064 v_racket_target_w_mps=[0.1912,0.0576,0.0965] speed_racket_mps=0.2218[0m
[32m2026-08-08 13:45:17.091[0m | [1mINFO    [0m | [36menvs.hitter[0m:[36m_log_hitter_advance_transitions[0m:[36m979[0m - [1mHITTER lifecycle transition: armed -> recovery[0m
[32m2026-08-08 13:45:17.992[0m | [1mINFO    [0m | [36menvs.hitter[0m:[36m_log_hitter_status[0m:[36m1029[0m - [1mHITTER realtime status: phase=recovery submitted=311 completed=27 failed=272 dropped=12 result_age_s=0.975 epoch=4 generation=1081 policy_tts=0.000[0m
[32m2026-08-08 13:45:18.331[0m | [1mINFO    [0m | [36menvs.hitter[0m:[36m_log_hitter_advance_transitions[0m:[36m995[0m - [1mHITTER lifecycle transition: recovery -> waiting[0m
[32m2026-08-08 13:45:18.992[0m | [1mINFO    [0m | [36menvs.hitter[0m:[36m_log_hitter_status[0m:[36m1029[0m - [1mHITTER realtime status: phase=waiting submitted=366 completed=27 failed=327 dropped=12 result_age_s=0.010 epoch=6 generation=1275 policy_tts=0.920[0m
[32m2026-08-08 13:45:19.851[0m | [1mINFO    [0m | [36menvs.hitter[0m:[36m_consume_hitter_planner_result[0m:[36m937[0m - [1mHITTER command armed: epoch=6 generation=1528 type=backhand tts=0.900s[0m
[32m2026-08-08 13:45:19.851[0m | [1mINFO    [0m | [36menvs.hitter[0m:[36m_log_hitter_lifecycle_transition[0m:[36m956[0m - [1mHITTER lifecycle transition: waiting -> armed[0m
[32m2026-08-08 13:45:19.891[0m | [1mINFO    [0m | [36menvs.hitter[0m:[36m_consume_hitter_planner_result[0m:[36m937[0m - [1mHITTER command overridden: epoch=6 generation=1539 type=backhand tts=0.621s[0m
[32m2026-08-08 13:45:19.911[0m | [1mINFO    [0m | [36menvs.hitter[0m:[36m_consume_hitter_planner_result[0m:[36m937[0m - [1mHITTER command overridden: epoch=6 generation=1546 type=backhand tts=0.517s[0m
[32m2026-08-08 13:45:19.931[0m | [1mINFO    [0m | [36menvs.hitter[0m:[36m_consume_hitter_planner_result[0m:[36m937[0m - [1mHITTER command overridden: epoch=6 generation=1549 type=backhand tts=0.466s[0m
[32m2026-08-08 13:45:19.933[0m | [1mINFO    [0m | [36menvs.hitter[0m:[36m_consume_hitter_planner_result[0m:[36m937[0m - [1mHITTER command overridden: epoch=6 generation=1552 type=backhand tts=0.436s[0m
[32m2026-08-08 13:45:19.951[0m | [1mINFO    [0m | [36menvs.hitter[0m:[36m_consume_hitter_planner_result[0m:[36m937[0m - [1mHITTER command overridden: epoch=6 generation=1556 type=backhand tts=0.383s[0m
[32m2026-08-08 13:45:19.991[0m | [1mINFO    [0m | [36menvs.hitter[0m:[36m_consume_hitter_planner_result[0m:[36m937[0m - [1mHITTER command overridden: epoch=6 generation=1570 type=backhand tts=0.269s[0m
[32m2026-08-08 13:45:20.011[0m | [1mINFO    [0m | [36menvs.hitter[0m:[36m_consume_hitter_planner_result[0m:[36m937[0m - [1mHITTER command overridden: epoch=6 generation=1574 type=forehand tts=0.241s[0m
[32m2026-08-08 13:45:20.011[0m | [1mINFO    [0m | [36menvs.hitter[0m:[36m_log_hitter_status[0m:[36m1029[0m - [1mHITTER realtime status: phase=armed submitted=450 completed=39 failed=388 dropped=23 result_age_s=0.007 epoch=6 generation=1574 policy_tts=0.241[0m
[32m2026-08-08 13:45:20.031[0m | [1mINFO    [0m | [36menvs.hitter[0m:[36m_consume_hitter_planner_result[0m:[36m937[0m - [1mHITTER command overridden: epoch=6 generation=1581 type=forehand tts=0.211s[0m
[32m2026-08-08 13:45:20.051[0m | [1mINFO    [0m | [36menvs.hitter[0m:[36m_consume_hitter_planner_result[0m:[36m937[0m - [1mHITTER command overridden: epoch=6 generation=1588 type=forehand tts=0.195s[0m
[32m2026-08-08 13:45:20.071[0m | [1mINFO    [0m | [36menvs.hitter[0m:[36m_consume_hitter_planner_result[0m:[36m937[0m - [1mHITTER command overridden: epoch=6 generation=1591 type=forehand tts=0.182s[0m
[32m2026-08-08 13:45:20.091[0m | [1mINFO    [0m | [36menvs.hitter[0m:[36m_consume_hitter_planner_result[0m:[36m937[0m - [1mHITTER command overridden: epoch=6 generation=1599 type=forehand tts=0.198s[0m
[32m2026-08-08 13:45:20.111[0m | [1mINFO    [0m | [36menvs.hitter[0m:[36m_consume_hitter_planner_result[0m:[36m937[0m - [1mHITTER command overridden: epoch=6 generation=1606 type=forehand tts=0.228s[0m
[32m2026-08-08 13:45:20.131[0m | [1mINFO    [0m | [36menvs.hitter[0m:[36m_consume_hitter_planner_result[0m:[36m937[0m - [1mHITTER command overridden: epoch=6 generation=1609 type=forehand tts=0.237s[0m
[32m2026-08-08 13:45:20.191[0m | [1mINFO    [0m | [36menvs.hitter[0m:[36m_consume_hitter_planner_result[0m:[36m937[0m - [1mHITTER command overridden: epoch=6 generation=1628 type=forehand tts=0.541s[0m
[32m2026-08-08 13:45:20.751[0m | [1mINFO    [0m | [36menvs.hitter[0m:[36m_log_hitter_strike_target[0m:[36m708[0m - [1mHITTER strike target: epoch=6 generation=1628 type=forehand v_ball_in_w_mps=[-0.7952,-0.9792,-0.4573] speed_ball_in_mps=1.3418 v_ball_out_w_mps=[4.6875,2.0709,1.8325] speed_ball_out_mps=5.4424 v_racket_target_w_mps=[1.9319,0.5000,0.8069] speed_racket_mps=2.1525[0m
[32m2026-08-08 13:45:20.751[0m | [1mINFO    [0m | [36menvs.hitter[0m:[36m_log_hitter_advance_transitions[0m:[36m979[0m - [1mHITTER lifecycle transition: armed -> recovery[0m
[32m2026-08-08 13:45:21.012[0m | [1mINFO    [0m | [36menvs.hitter[0m:[36m_log_hitter_status[0m:[36m1029[0m - [1mHITTER realtime status: phase=recovery submitted=525 completed=52 failed=449 dropped=24 result_age_s=0.004 epoch=7 generation=1827 policy_tts=0.000[0m
[32m2026-08-08 13:45:21.591[0m | [1mINFO    [0m | [36menvs.hitter[0m:[36m_log_hitter_advance_transitions[0m:[36m995[0m - [1mHITTER lifecycle transition: recovery -> waiting[0m
[32m2026-08-08 13:45:22.012[0m | [1mINFO    [0m | [36menvs.hitter[0m:[36m_log_hitter_status[0m:[36m1029[0m - [1mHITTER realtime status: phase=waiting submitted=608 completed=52 failed=532 dropped=24 result_age_s=0.007 epoch=7 generation=2126 policy_tts=0.920[0m
[32m2026-08-08 13:45:23.012[0m | [1mINFO    [0m | [36menvs.hitter[0m:[36m_log_hitter_status[0m:[36m1029[0m - [1mHITTER realtime status: phase=waiting submitted=692 completed=52 failed=616 dropped=24 result_age_s=0.010 epoch=7 generation=2425 policy_tts=0.920[0m
[32m2026-08-08 13:45:23.151[0m | [1mINFO    [0m | [36menvs.hitter[0m:[36m_log_hitter_lifecycle_transition[0m:[36m956[0m - [1mHITTER lifecycle transition: waiting -> tracking[0m
[32m2026-08-08 13:45:23.171[0m | [1mINFO    [0m | [36menvs.hitter[0m:[36m_consume_hitter_planner_result[0m:[36m937[0m - [1mHITTER command armed: epoch=7 generation=2473 type=backhand tts=0.709s[0m
[32m2026-08-08 13:45:23.171[0m | [1mINFO    [0m | [36menvs.hitter[0m:[36m_log_hitter_lifecycle_transition[0m:[36m956[0m - [1mHITTER lifecycle transition: tracking -> armed[0m
[32m2026-08-08 13:45:23.191[0m | [1mINFO    [0m | [36menvs.hitter[0m:[36m_consume_hitter_planner_result[0m:[36m937[0m - [1mHITTER command overridden: epoch=7 generation=2481 type=backhand tts=0.545s[0m
[32m2026-08-08 13:45:23.211[0m | [1mINFO    [0m | [36menvs.hitter[0m:[36m_consume_hitter_planner_result[0m:[36m937[0m - [1mHITTER command overridden: epoch=7 generation=2487 type=backhand tts=0.449s[0m
[32m2026-08-08 13:45:23.231[0m | [1mINFO    [0m | [36menvs.hitter[0m:[36m_consume_hitter_planner_result[0m:[36m937[0m - [1mHITTER command overridden: epoch=7 generation=2490 type=forehand tts=0.397s[0m
[32m2026-08-08 13:45:23.271[0m | [1mINFO    [0m | [36menvs.hitter[0m:[36m_consume_hitter_planner_result[0m:[36m937[0m - [1mHITTER command overridden: epoch=7 generation=2504 type=forehand tts=0.257s[0m
[32m2026-08-08 13:45:23.291[0m | [1mINFO    [0m | [36menvs.hitter[0m:[36m_consume_hitter_planner_result[0m:[36m937[0m - [1mHITTER command overridden: epoch=7 generation=2507 type=forehand tts=0.229s[0m
[32m2026-08-08 13:45:23.292[0m | [1mINFO    [0m | [36menvs.hitter[0m:[36m_consume_hitter_planner_result[0m:[36m937[0m - [1mHITTER command overridden: epoch=7 generation=2511 type=forehand tts=0.219s[0m
[32m2026-08-08 13:45:23.311[0m | [1mINFO    [0m | [36menvs.hitter[0m:[36m_consume_hitter_planner_result[0m:[36m937[0m - [1mHITTER command overridden: epoch=7 generation=2515 type=forehand tts=0.195s[0m
[32m2026-08-08 13:45:23.331[0m | [1mINFO    [0m | [36menvs.hitter[0m:[36m_consume_hitter_planner_result[0m:[36m937[0m - [1mHITTER command overridden: epoch=7 generation=2522 type=forehand tts=0.170s[0m
[32m2026-08-08 13:45:23.351[0m | [1mINFO    [0m | [36menvs.hitter[0m:[36m_consume_hitter_planner_result[0m:[36m937[0m - [1mHITTER command overridden: epoch=7 generation=2529 type=forehand tts=0.153s[0m
[32m2026-08-08 13:45:23.371[0m | [1mINFO    [0m | [36menvs.hitter[0m:[36m_consume_hitter_planner_result[0m:[36m937[0m - [1mHITTER command overridden: epoch=7 generation=2532 type=forehand tts=0.137s[0m
[32m2026-08-08 13:45:23.372[0m | [1mINFO    [0m | [36menvs.hitter[0m:[36m_consume_hitter_planner_result[0m:[36m937[0m - [1mHITTER command overridden: epoch=7 generation=2535 type=forehand tts=0.142s[0m
[32m2026-08-08 13:45:23.391[0m | [1mINFO    [0m | [36menvs.hitter[0m:[36m_consume_hitter_planner_result[0m:[36m937[0m - [1mHITTER command overridden: epoch=7 generation=2539 type=forehand tts=0.134s[0m
[32m2026-08-08 13:45:23.411[0m | [1mINFO    [0m | [36menvs.hitter[0m:[36m_consume_hitter_planner_result[0m:[36m937[0m - [1mHITTER command overridden: epoch=7 generation=2547 type=forehand tts=0.151s[0m
[32m2026-08-08 13:45:23.431[0m | [1mINFO    [0m | [36menvs.hitter[0m:[36m_consume_hitter_planner_result[0m:[36m937[0m - [1mHITTER command overridden: epoch=7 generation=2550 type=forehand tts=0.154s[0m
[32m2026-08-08 13:45:23.451[0m | [1mINFO    [0m | [36menvs.hitter[0m:[36m_consume_hitter_planner_result[0m:[36m937[0m - [1mHITTER command overridden: epoch=7 generation=2557 type=forehand tts=0.237s[0m
[32m2026-08-08 13:45:23.691[0m | [1mINFO    [0m | [36menvs.hitter[0m:[36m_log_hitter_strike_target[0m:[36m708[0m - [1mHITTER strike target: epoch=7 generation=2557 type=forehand v_ball_in_w_mps=[-1.3177,-4.0608,-2.4603] speed_ball_in_mps=4.9274 v_ball_out_w_mps=[4.6875,3.4936,2.3828] speed_ball_out_mps=6.3132 v_racket_target_w_mps=[0.6446,0.5000,0.5199] speed_racket_mps=0.9674[0m
[32m2026-08-08 13:45:23.691[0m | [1mINFO    [0m | [36menvs.hitter[0m:[36m_log_hitter_advance_transitions[0m:[36m979[0m - [1mHITTER lifecycle transition: armed -> recovery[0m
[32m2026-08-08 13:45:24.031[0m | [1mINFO    [0m | [36menvs.hitter[0m:[36m_log_hitter_status[0m:[36m1029[0m - [1mHITTER realtime status: phase=recovery submitted=732 completed=75 failed=632 dropped=25 result_age_s=0.540 epoch=7 generation=2567 policy_tts=0.000[0m
[32m2026-08-08 13:45:24.751[0m | [1mINFO    [0m | [36menvs.hitter[0m:[36m_log_hitter_advance_transitions[0m:[36m995[0m - [1mHITTER lifecycle transition: recovery -> waiting[0m
[32m2026-08-08 13:45:25.032[0m | [1mINFO    [0m | [36menvs.hitter[0m:[36m_log_hitter_status[0m:[36m1029[0m - [1mHITTER realtime status: phase=waiting submitted=732 completed=75 failed=632 dropped=25 result_age_s=1.541 epoch=7 generation=2567 policy_tts=0.920[0m
[32m2026-08-08 13:45:26.051[0m | [1mINFO    [0m | [36menvs.hitter[0m:[36m_log_hitter_status[0m:[36m1029[0m - [1mHITTER realtime status: phase=waiting submitted=732 completed=75 failed=632 dropped=25 result_age_s=2.560 epoch=7 generation=2567 policy_tts=0.920[0m
[32m2026-08-08 13:45:27.052[0m | [1mINFO    [0m | [36menvs.hitter[0m:[36m_log_hitter_status[0m:[36m1029[0m - [1mHITTER realtime status: phase=waiting submitted=732 completed=75 failed=632 dropped=25 result_age_s=3.561 epoch=7 generation=2567 policy_tts=0.920[0m
[32m2026-08-08 13:45:28.071[0m | [1mINFO    [0m | [36menvs.hitter[0m:[36m_log_hitter_status[0m:[36m1029[0m - [1mHITTER realtime status: phase=waiting submitted=732 completed=75 failed=632 dropped=25 result_age_s=4.580 epoch=7 generation=2567 policy_tts=0.920[0m
[32m2026-08-08 13:45:29.072[0m | [1mINFO    [0m | [36menvs.hitter[0m:[36m_log_hitter_status[0m:[36m1029[0m - [1mHITTER realtime status: phase=waiting submitted=732 completed=75 failed=632 dropped=25 result_age_s=5.581 epoch=7 generation=2567 policy_tts=0.920[0m
[32m2026-08-08 13:45:30.072[0m | [1mINFO    [0m | [36menvs.hitter[0m:[36m_log_hitter_status[0m:[36m1029[0m - [1mHITTER realtime status: phase=waiting submitted=732 completed=75 failed=632 dropped=25 result_age_s=6.581 epoch=7 generation=2567 policy_tts=0.920[0m
[32m2026-08-08 13:45:31.091[0m | [1mINFO    [0m | [36menvs.hitter[0m:[36m_log_hitter_status[0m:[36m1029[0m - [1mHITTER realtime status: phase=waiting submitted=732 completed=75 failed=632 dropped=25 result_age_s=7.600 epoch=7 generation=2567 policy_tts=0.920[0m
[32m2026-08-08 13:45:32.092[0m | [1mINFO    [0m | [36menvs.hitter[0m:[36m_log_hitter_status[0m:[36m1029[0m - [1mHITTER realtime status: phase=waiting submitted=732 completed=75 failed=632 dropped=25 result_age_s=8.601 epoch=7 generation=2567 policy_tts=0.920[0m
[32m2026-08-08 13:45:33.092[0m | [1mINFO    [0m | [36menvs.hitter[0m:[36m_log_hitter_status[0m:[36m1029[0m - [1mHITTER realtime status: phase=waiting submitted=732 completed=75 failed=632 dropped=25 result_age_s=9.601 epoch=7 generation=2567 policy_tts=0.920[0m
[32m2026-08-08 13:45:34.111[0m | [1mINFO    [0m | [36menvs.hitter[0m:[36m_log_hitter_status[0m:[36m1029[0m - [1mHITTER realtime status: phase=waiting submitted=732 completed=75 failed=632 dropped=25 result_age_s=10.620 epoch=7 generation=2567 policy_tts=0.920[0m
[32m2026-08-08 13:45:35.112[0m | [1mINFO    [0m | [36menvs.hitter[0m:[36m_log_hitter_status[0m:[36m1029[0m - [1mHITTER realtime status: phase=waiting submitted=732 completed=75 failed=632 dropped=25 result_age_s=11.621 epoch=7 generation=2567 policy_tts=0.920[0m
[32m2026-08-08 13:45:36.131[0m | [1mINFO    [0m | [36menvs.hitter[0m:[36m_log_hitter_status[0m:[36m1029[0m - [1mHITTER realtime status: phase=waiting submitted=732 completed=75 failed=632 dropped=25 result_age_s=12.640 epoch=7 generation=2567 policy_tts=0.920[0m
[32m2026-08-08 13:45:37.131[0m | [1mINFO    [0m | [36menvs.hitter[0m:[36m_log_hitter_status[0m:[36m1029[0m - [1mHITTER realtime status: phase=waiting submitted=732 completed=75 failed=632 dropped=25 result_age_s=13.640 epoch=7 generation=2567 policy_tts=0.920[0m
[32m2026-08-08 13:45:38.132[0m | [1mINFO    [0m | [36menvs.hitter[0m:[36m_log_hitter_status[0m:[36m1029[0m - [1mHITTER realtime status: phase=waiting submitted=732 completed=75 failed=632 dropped=25 result_age_s=14.641 epoch=7 generation=2567 policy_tts=0.920[0m
[32m2026-08-08 13:45:39.132[0m | [1mINFO    [0m | [36menvs.hitter[0m:[36m_log_hitter_status[0m:[36m1029[0m - [1mHITTER realtime status: phase=waiting submitted=732 completed=75 failed=632 dropped=25 result_age_s=15.641 epoch=7 generation=2567 policy_tts=0.920[0m
[32m2026-08-08 13:45:40.151[0m | [1mINFO    [0m | [36menvs.hitter[0m:[36m_log_hitter_status[0m:[36m1029[0m - [1mHITTER realtime status: phase=waiting submitted=732 completed=75 failed=632 dropped=25 result_age_s=16.660 epoch=7 generation=2567 policy_tts=0.920[0m
[32m2026-08-08 13:45:41.152[0m | [1mINFO    [0m | [36menvs.hitter[0m:[36m_log_hitter_status[0m:[36m1029[0m - [1mHITTER realtime status: phase=waiting submitted=732 completed=75 failed=632 dropped=25 result_age_s=17.661 epoch=7 generation=2567 policy_tts=0.920[0m
[32m2026-08-08 13:45:42.152[0m | [1mINFO    [0m | [36menvs.hitter[0m:[36m_log_hitter_status[0m:[36m1029[0m - [1mHITTER realtime status: phase=waiting submitted=732 completed=75 failed=632 dropped=25 result_age_s=18.661 epoch=7 generation=2567 policy_tts=0.920[0m
[32m2026-08-08 13:45:43.152[0m | [1mINFO    [0m | [36menvs.hitter[0m:[36m_log_hitter_status[0m:[36m1029[0m - [1mHITTER realtime status: phase=waiting submitted=732 completed=75 failed=632 dropped=25 result_age_s=19.661 epoch=7 generation=2567 policy_tts=0.920[0m
[32m2026-08-08 13:45:44.171[0m | [1mINFO    [0m | [36menvs.hitter[0m:[36m_log_hitter_status[0m:[36m1029[0m - [1mHITTER realtime status: phase=waiting submitted=732 completed=75 failed=632 dropped=25 result_age_s=20.680 epoch=7 generation=2567 policy_tts=0.920[0m
[32m2026-08-08 13:45:45.171[0m | [1mINFO    [0m | [36menvs.hitter[0m:[36m_log_hitter_status[0m:[36m1029[0m - [1mHITTER realtime status: phase=waiting submitted=732 completed=75 failed=632 dropped=25 result_age_s=21.680 epoch=7 generation=2567 policy_tts=0.920[0m
[32m2026-08-08 13:45:46.172[0m | [1mINFO    [0m | [36menvs.hitter[0m:[36m_log_hitter_status[0m:[36m1029[0m - [1mHITTER realtime status: phase=waiting submitted=732 completed=75 failed=632 dropped=25 result_age_s=22.681 epoch=7 generation=2567 policy_tts=0.920[0m
[32m2026-08-08 13:45:47.172[0m | [1mINFO    [0m | [36menvs.hitter[0m:[36m_log_hitter_status[0m:[36m1029[0m - [1mHITTER realtime status: phase=waiting submitted=732 completed=75 failed=632 dropped=25 result_age_s=23.681 epoch=7 generation=2567 policy_tts=0.920[0m
[32m2026-08-08 13:45:48.191[0m | [1mINFO    [0m | [36menvs.hitter[0m:[36m_log_hitter_status[0m:[36m1029[0m - [1mHITTER realtime status: phase=waiting submitted=732 completed=75 failed=632 dropped=25 result_age_s=24.700 epoch=7 generation=2567 policy_tts=0.920[0m
[32m2026-08-08 13:45:49.191[0m | [1mINFO    [0m | [36menvs.hitter[0m:[36m_log_hitter_status[0m:[36m1029[0m - [1mHITTER realtime status: phase=waiting submitted=732 completed=75 failed=632 dropped=25 result_age_s=25.700 epoch=7 generation=2567 policy_tts=0.920[0m
[32m2026-08-08 13:45:50.192[0m | [1mINFO    [0m | [36menvs.hitter[0m:[36m_log_hitter_status[0m:[36m1029[0m - [1mHITTER realtime status: phase=waiting submitted=732 completed=75 failed=632 dropped=25 result_age_s=26.701 epoch=7 generation=2567 policy_tts=0.920[0m
[32m2026-08-08 13:45:51.192[0m | [1mINFO    [0m | [36menvs.hitter[0m:[36m_log_hitter_status[0m:[36m1029[0m - [1mHITTER realtime status: phase=waiting submitted=732 completed=75 failed=632 dropped=25 result_age_s=27.701 epoch=7 generation=2567 policy_tts=0.920[0m
[32m2026-08-08 13:45:52.211[0m | [1mINFO    [0m | [36menvs.hitter[0m:[36m_log_hitter_status[0m:[36m1029[0m - [1mHITTER realtime status: phase=waiting submitted=732 completed=75 failed=632 dropped=25 result_age_s=28.720 epoch=7 generation=2567 policy_tts=0.920[0m
[32m2026-08-08 13:45:53.212[0m | [1mINFO    [0m | [36menvs.hitter[0m:[36m_log_hitter_status[0m:[36m1029[0m - [1mHITTER realtime status: phase=waiting submitted=732 completed=75 failed=632 dropped=25 result_age_s=29.721 epoch=7 generation=2567 policy_tts=0.920[0m
[32m2026-08-08 13:45:54.212[0m | [1mINFO    [0m | [36menvs.hitter[0m:[36m_log_hitter_status[0m:[36m1029[0m - [1mHITTER realtime status: phase=waiting submitted=732 completed=75 failed=632 dropped=25 result_age_s=30.721 epoch=7 generation=2567 policy_tts=0.920[0m
[32m2026-08-08 13:45:55.231[0m | [1mINFO    [0m | [36menvs.hitter[0m:[36m_log_hitter_status[0m:[36m1029[0m - [1mHITTER realtime status: phase=waiting submitted=732 completed=75 failed=632 dropped=25 result_age_s=31.740 epoch=7 generation=2567 policy_tts=0.920[0m
[32m2026-08-08 13:45:56.231[0m | [1mINFO    [0m | [36menvs.hitter[0m:[36m_log_hitter_status[0m:[36m1029[0m - [1mHITTER realtime status: phase=waiting submitted=732 completed=75 failed=632 dropped=25 result_age_s=32.740 epoch=7 generation=2567 policy_tts=0.920[0m
[32m2026-08-08 13:45:57.232[0m | [1mINFO    [0m | [36menvs.hitter[0m:[36m_log_hitter_status[0m:[36m1029[0m - [1mHITTER realtime status: phase=waiting submitted=732 completed=75 failed=632 dropped=25 result_age_s=33.741 epoch=7 generation=2567 policy_tts=0.920[0m
[32m2026-08-08 13:45:58.232[0m | [1mINFO    [0m | [36menvs.hitter[0m:[36m_log_hitter_status[0m:[36m1029[0m - [1mHITTER realtime status: phase=waiting submitted=732 completed=75 failed=632 dropped=25 result_age_s=34.741 epoch=7 generation=2567 policy_tts=0.920[0m
[32m2026-08-08 13:45:59.251[0m | [1mINFO    [0m | [36menvs.hitter[0m:[36m_log_hitter_status[0m:[36m1029[0m - [1mHITTER realtime status: phase=waiting submitted=732 completed=75 failed=632 dropped=25 result_age_s=35.760 epoch=7 generation=2567 policy_tts=0.920[0m
[32m2026-08-08 13:46:00.252[0m | [1mINFO    [0m | [36menvs.hitter[0m:[36m_log_hitter_status[0m:[36m1029[0m - [1mHITTER realtime status: phase=waiting submitted=732 completed=75 failed=632 dropped=25 result_age_s=36.761 epoch=7 generation=2567 policy_tts=0.920[0m
[32m2026-08-08 13:46:01.252[0m | [1mINFO    [0m | [36menvs.hitter[0m:[36m_log_hitter_status[0m:[36m1029[0m - [1mHITTER realtime status: phase=waiting submitted=732 completed=75 failed=632 dropped=25 result_age_s=37.761 epoch=7 generation=2567 policy_tts=0.920[0m
[32m2026-08-08 13:46:02.252[0m | [1mINFO    [0m | [36menvs.hitter[0m:[36m_log_hitter_status[0m:[36m1029[0m - [1mHITTER realtime status: phase=waiting submitted=732 completed=75 failed=632 dropped=25 result_age_s=38.761 epoch=7 generation=2567 policy_tts=0.920[0m
[32m2026-08-08 13:46:03.271[0m | [1mINFO    [0m | [36menvs.hitter[0m:[36m_log_hitter_status[0m:[36m1029[0m - [1mHITTER realtime status: phase=waiting submitted=732 completed=75 failed=632 dropped=25 result_age_s=39.780 epoch=7 generation=2567 policy_tts=0.920[0m
[32m2026-08-08 13:46:04.271[0m | [1mINFO    [0m | [36menvs.hitter[0m:[36m_log_hitter_status[0m:[36m1029[0m - [1mHITTER realtime status: phase=waiting submitted=732 completed=75 failed=632 dropped=25 result_age_s=40.780 epoch=7 generation=2567 policy_tts=0.920[0m
[32m2026-08-08 13:46:05.272[0m | [1mINFO    [0m | [36menvs.hitter[0m:[36m_log_hitter_status[0m:[36m1029[0m - [1mHITTER realtime status: phase=waiting submitted=732 completed=75 failed=632 dropped=25 result_age_s=41.781 epoch=7 generation=2567 policy_tts=0.920[0m
[32m2026-08-08 13:46:06.291[0m | [1mINFO    [0m | [36menvs.hitter[0m:[36m_log_hitter_status[0m:[36m1029[0m - [1mHITTER realtime status: phase=waiting submitted=732 completed=75 failed=632 dropped=25 result_age_s=42.800 epoch=7 generation=2567 policy_tts=0.920[0m
[32m2026-08-08 13:46:07.291[0m | [1mINFO    [0m | [36menvs.hitter[0m:[36m_log_hitter_status[0m:[36m1029[0m - [1mHITTER realtime status: phase=waiting submitted=732 completed=75 failed=632 dropped=25 result_age_s=43.800 epoch=7 generation=2567 policy_tts=0.920[0m
[32m2026-08-08 13:46:08.291[0m | [1mINFO    [0m | [36menvs.hitter[0m:[36m_log_hitter_status[0m:[36m1029[0m - [1mHITTER realtime status: phase=waiting submitted=732 completed=75 failed=632 dropped=25 result_age_s=44.800 epoch=7 generation=2567 policy_tts=0.920[0m
[32m2026-08-08 13:46:09.291[0m | [1mINFO    [0m | [36menvs.hitter[0m:[36m_log_hitter_status[0m:[36m1029[0m - [1mHITTER realtime status: phase=waiting submitted=732 completed=75 failed=632 dropped=25 result_age_s=45.800 epoch=7 generation=2567 policy_tts=0.920[0m
[32m2026-08-08 13:46:10.291[0m | [1mINFO    [0m | [36menvs.hitter[0m:[36m_log_hitter_status[0m:[36m1029[0m - [1mHITTER realtime status: phase=waiting submitted=732 completed=75 failed=632 dropped=25 result_age_s=46.800 epoch=7 generation=2567 policy_tts=0.920[0m
[32m2026-08-08 13:46:11.292[0m | [1mINFO    [0m | [36menvs.hitter[0m:[36m_log_hitter_status[0m:[36m1029[0m - [1mHITTER realtime status: phase=waiting submitted=732 completed=75 failed=632 dropped=25 result_age_s=47.801 epoch=7 generation=2567 policy_tts=0.920[0m
[32m2026-08-08 13:46:12.292[0m | [1mINFO    [0m | [36menvs.hitter[0m:[36m_log_hitter_status[0m:[36m1029[0m - [1mHITTER realtime status: phase=waiting submitted=732 completed=75 failed=632 dropped=25 result_age_s=48.801 epoch=7 generation=2567 policy_tts=0.920[0m
[32m2026-08-08 13:46:13.292[0m | [1mINFO    [0m | [36menvs.hitter[0m:[36m_log_hitter_status[0m:[36m1029[0m - [1mHITTER realtime status: phase=waiting submitted=732 completed=75 failed=632 dropped=25 result_age_s=49.801 epoch=7 generation=2567 policy_tts=0.920[0m
[32m2026-08-08 13:46:14.311[0m | [1mINFO    [0m | [36menvs.hitter[0m:[36m_log_hitter_status[0m:[36m1029[0m - [1mHITTER realtime status: phase=waiting submitted=732 completed=75 failed=632 dropped=25 result_age_s=50.820 epoch=7 generation=2567 policy_tts=0.920[0m
[32m2026-08-08 13:46:15.311[0m | [1mINFO    [0m | [36menvs.hitter[0m:[36m_log_hitter_status[0m:[36m1029[0m - [1mHITTER realtime status: phase=waiting submitted=732 completed=75 failed=632 dropped=25 result_age_s=51.820 epoch=7 generation=2567 policy_tts=0.920[0m
[32m2026-08-08 13:46:16.311[0m | [1mINFO    [0m | [36menvs.hitter[0m:[36m_log_hitter_status[0m:[36m1029[0m - [1mHITTER realtime status: phase=waiting submitted=732 completed=75 failed=632 dropped=25 result_age_s=52.820 epoch=7 generation=2567 policy_tts=0.920[0m
[32m2026-08-08 13:46:17.312[0m | [1mINFO    [0m | [36menvs.hitter[0m:[36m_log_hitter_status[0m:[36m1029[0m - [1mHITTER realtime status: phase=waiting submitted=732 completed=75 failed=632 dropped=25 result_age_s=53.821 epoch=7 generation=2567 policy_tts=0.920[0m
[32m2026-08-08 13:46:18.312[0m | [1mINFO    [0m | [36menvs.hitter[0m:[36m_log_hitter_status[0m:[36m1029[0m - [1mHITTER realtime status: phase=waiting submitted=732 completed=75 failed=632 dropped=25 result_age_s=54.821 epoch=7 generation=2567 policy_tts=0.920[0m
[32m2026-08-08 13:46:19.312[0m | [1mINFO    [0m | [36menvs.hitter[0m:[36m_log_hitter_status[0m:[36m1029[0m - [1mHITTER realtime status: phase=waiting submitted=732 completed=75 failed=632 dropped=25 result_age_s=55.821 epoch=7 generation=2567 policy_tts=0.920[0m
[32m2026-08-08 13:46:20.331[0m | [1mINFO    [0m | [36menvs.hitter[0m:[36m_log_hitter_status[0m:[36m1029[0m - [1mHITTER realtime status: phase=waiting submitted=732 completed=75 failed=632 dropped=25 result_age_s=56.840 epoch=7 generation=2567 policy_tts=0.920[0m
[32m2026-08-08 13:46:21.331[0m | [1mINFO    [0m | [36menvs.hitter[0m:[36m_log_hitter_status[0m:[36m1029[0m - [1mHITTER realtime status: phase=waiting submitted=732 completed=75 failed=632 dropped=25 result_age_s=57.840 epoch=7 generation=2567 policy_tts=0.920[0m
[32m2026-08-08 13:46:22.332[0m | [1mINFO    [0m | [36menvs.hitter[0m:[36m_log_hitter_status[0m:[36m1029[0m - [1mHITTER realtime status: phase=waiting submitted=732 completed=75 failed=632 dropped=25 result_age_s=58.841 epoch=7 generation=2567 policy_tts=0.920[0m
[32m2026-08-08 13:46:23.351[0m | [1mINFO    [0m | [36menvs.hitter[0m:[36m_log_hitter_status[0m:[36m1029[0m - [1mHITTER realtime status: phase=waiting submitted=732 completed=75 failed=632 dropped=25 result_age_s=59.860 epoch=7 generation=2567 policy_tts=0.920[0m
[32m2026-08-08 13:46:24.351[0m | [1mINFO    [0m | [36menvs.hitter[0m:[36m_log_hitter_status[0m:[36m1029[0m - [1mHITTER realtime status: phase=waiting submitted=732 completed=75 failed=632 dropped=25 result_age_s=60.860 epoch=7 generation=2567 policy_tts=0.920[0m
[32m2026-08-08 13:46:25.351[0m | [1mINFO    [0m | [36menvs.hitter[0m:[36m_log_hitter_status[0m:[36m1029[0m - [1mHITTER realtime status: phase=waiting submitted=732 completed=75 failed=632 dropped=25 result_age_s=61.860 epoch=7 generation=2567 policy_tts=0.920[0m
[32m2026-08-08 13:46:26.352[0m | [1mINFO    [0m | [36menvs.hitter[0m:[36m_log_hitter_status[0m:[36m1029[0m - [1mHITTER realtime status: phase=waiting submitted=732 completed=75 failed=632 dropped=25 result_age_s=62.861 epoch=7 generation=2567 policy_tts=0.920[0m
[32m2026-08-08 13:46:27.371[0m | [1mINFO    [0m | [36menvs.hitter[0m:[36m_log_hitter_status[0m:[36m1029[0m - [1mHITTER realtime status: phase=waiting submitted=732 completed=75 failed=632 dropped=25 result_age_s=63.880 epoch=7 generation=2567 policy_tts=0.920[0m
[32m2026-08-08 13:46:28.371[0m | [1mINFO    [0m | [36menvs.hitter[0m:[36m_log_hitter_status[0m:[36m1029[0m - [1mHITTER realtime status: phase=waiting submitted=732 completed=75 failed=632 dropped=25 result_age_s=64.880 epoch=7 generation=2567 policy_tts=0.920[0m
[32m2026-08-08 13:46:29.372[0m | [1mINFO    [0m | [36menvs.hitter[0m:[36m_log_hitter_status[0m:[36m1029[0m - [1mHITTER realtime status: phase=waiting submitted=732 completed=75 failed=632 dropped=25 result_age_s=65.881 epoch=7 generation=2567 policy_tts=0.920[0m
[32m2026-08-08 13:46:30.372[0m | [1mINFO    [0m | [36menvs.hitter[0m:[36m_log_hitter_status[0m:[36m1029[0m - [1mHITTER realtime status: phase=waiting submitted=732 completed=75 failed=632 dropped=25 result_age_s=66.881 epoch=7 generation=2567 policy_tts=0.920[0m
[32m2026-08-08 13:46:31.372[0m | [1mINFO    [0m | [36menvs.hitter[0m:[36m_log_hitter_status[0m:[36m1029[0m - [1mHITTER realtime status: phase=waiting submitted=732 completed=75 failed=632 dropped=25 result_age_s=67.881 epoch=7 generation=2567 policy_tts=0.920[0m
[32m2026-08-08 13:46:32.391[0m | [1mINFO    [0m | [36menvs.hitter[0m:[36m_log_hitter_status[0m:[36m1029[0m - [1mHITTER realtime status: phase=waiting submitted=732 completed=75 failed=632 dropped=25 result_age_s=68.900 epoch=7 generation=2567 policy_tts=0.920[0m
[32m2026-08-08 13:46:33.392[0m | [1mINFO    [0m | [36menvs.hitter[0m:[36m_log_hitter_status[0m:[36m1029[0m - [1mHITTER realtime status: phase=waiting submitted=732 completed=75 failed=632 dropped=25 result_age_s=69.901 epoch=7 generation=2567 policy_tts=0.920[0m
[32m2026-08-08 13:46:34.411[0m | [1mINFO    [0m | [36menvs.hitter[0m:[36m_log_hitter_status[0m:[36m1029[0m - [1mHITTER realtime status: phase=waiting submitted=732 completed=75 failed=632 dropped=25 result_age_s=70.920 epoch=7 generation=2567 policy_tts=0.920[0m
[32m2026-08-08 13:46:35.411[0m | [1mINFO    [0m | [36menvs.hitter[0m:[36m_log_hitter_status[0m:[36m1029[0m - [1mHITTER realtime status: phase=waiting submitted=732 completed=75 failed=632 dropped=25 result_age_s=71.920 epoch=7 generation=2567 policy_tts=0.920[0m
[32m2026-08-08 13:46:36.412[0m | [1mINFO    [0m | [36menvs.hitter[0m:[36m_log_hitter_status[0m:[36m1029[0m - [1mHITTER realtime status: phase=waiting submitted=732 completed=75 failed=632 dropped=25 result_age_s=72.921 epoch=7 generation=2567 policy_tts=0.920[0m
[32m2026-08-08 13:46:37.412[0m | [1mINFO    [0m | [36menvs.hitter[0m:[36m_log_hitter_status[0m:[36m1029[0m - [1mHITTER realtime status: phase=waiting submitted=732 completed=75 failed=632 dropped=25 result_age_s=73.921 epoch=7 generation=2567 policy_tts=0.920[0m
[32m2026-08-08 13:46:38.431[0m | [1mINFO    [0m | [36menvs.hitter[0m:[36m_log_hitter_status[0m:[36m1029[0m - [1mHITTER realtime status: phase=waiting submitted=732 completed=75 failed=632 dropped=25 result_age_s=74.940 epoch=7 generation=2567 policy_tts=0.920[0m
[32m2026-08-08 13:46:39.432[0m | [1mINFO    [0m | [36menvs.hitter[0m:[36m_log_hitter_status[0m:[36m1029[0m - [1mHITTER realtime status: phase=waiting submitted=732 completed=75 failed=632 dropped=25 result_age_s=75.941 epoch=7 generation=2567 policy_tts=0.920[0m
[32m2026-08-08 13:46:40.432[0m | [1mINFO    [0m | [36menvs.hitter[0m:[36m_log_hitter_status[0m:[36m1029[0m - [1mHITTER realtime status: phase=waiting submitted=732 completed=75 failed=632 dropped=25 result_age_s=76.941 epoch=7 generation=2567 policy_tts=0.920[0m
[32m2026-08-08 13:46:41.451[0m | [1mINFO    [0m | [36menvs.hitter[0m:[36m_log_hitter_status[0m:[36m1029[0m - [1mHITTER realtime status: phase=waiting submitted=732 completed=75 failed=632 dropped=25 result_age_s=77.960 epoch=7 generation=2567 policy_tts=0.920[0m
[32m2026-08-08 13:46:42.452[0m | [1mINFO    [0m | [36menvs.hitter[0m:[36m_log_hitter_status[0m:[36m1029[0m - [1mHITTER realtime status: phase=waiting submitted=732 completed=75 failed=632 dropped=25 result_age_s=78.961 epoch=7 generation=2567 policy_tts=0.920[0m
[32m2026-08-08 13:46:43.471[0m | [1mINFO    [0m | [36menvs.hitter[0m:[36m_log_hitter_status[0m:[36m1029[0m - [1mHITTER realtime status: phase=waiting submitted=732 completed=75 failed=632 dropped=25 result_age_s=79.980 epoch=7 generation=2567 policy_tts=0.920[0m
[32m2026-08-08 13:46:44.472[0m | [1mINFO    [0m | [36menvs.hitter[0m:[36m_log_hitter_status[0m:[36m1029[0m - [1mHITTER realtime status: phase=waiting submitted=732 completed=75 failed=632 dropped=25 result_age_s=80.981 epoch=7 generation=2567 policy_tts=0.920[0m
[32m2026-08-08 13:46:45.491[0m | [1mINFO    [0m | [36menvs.hitter[0m:[36m_log_hitter_status[0m:[36m1029[0m - [1mHITTER realtime status: phase=waiting submitted=732 completed=75 failed=632 dropped=25 result_age_s=82.000 epoch=7 generation=2567 policy_tts=0.920[0m
[32m2026-08-08 13:46:46.491[0m | [1mINFO    [0m | [36menvs.hitter[0m:[36m_log_hitter_status[0m:[36m1029[0m - [1mHITTER realtime status: phase=waiting submitted=732 completed=75 failed=632 dropped=25 result_age_s=83.000 epoch=7 generation=2567 policy_tts=0.920[0m
[32m2026-08-08 13:46:47.492[0m | [1mINFO    [0m | [36menvs.hitter[0m:[36m_log_hitter_status[0m:[36m1029[0m - [1mHITTER realtime status: phase=waiting submitted=732 completed=75 failed=632 dropped=25 result_age_s=84.001 epoch=7 generation=2567 policy_tts=0.920[0m
[32m2026-08-08 13:46:48.511[0m | [1mINFO    [0m | [36menvs.hitter[0m:[36m_log_hitter_status[0m:[36m1029[0m - [1mHITTER realtime status: phase=waiting submitted=732 completed=75 failed=632 dropped=25 result_age_s=85.020 epoch=7 generation=2567 policy_tts=0.920[0m
[32m2026-08-08 13:46:49.511[0m | [1mINFO    [0m | [36menvs.hitter[0m:[36m_log_hitter_status[0m:[36m1029[0m - [1mHITTER realtime status: phase=waiting submitted=732 completed=75 failed=632 dropped=25 result_age_s=86.020 epoch=7 generation=2567 policy_tts=0.920[0m
[32m2026-08-08 13:46:50.511[0m | [1mINFO    [0m | [36menvs.hitter[0m:[36m_log_hitter_status[0m:[36m1029[0m - [1mHITTER realtime status: phase=waiting submitted=732 completed=75 failed=632 dropped=25 result_age_s=87.020 epoch=7 generation=2567 policy_tts=0.920[0m
[32m2026-08-08 13:46:51.512[0m | [1mINFO    [0m | [36menvs.hitter[0m:[36m_log_hitter_status[0m:[36m1029[0m - [1mHITTER realtime status: phase=waiting submitted=732 completed=75 failed=632 dropped=25 result_age_s=88.021 epoch=7 generation=2567 policy_tts=0.920[0m
[32m2026-08-08 13:46:52.531[0m | [1mINFO    [0m | [36menvs.hitter[0m:[36m_log_hitter_status[0m:[36m1029[0m - [1mHITTER realtime status: phase=waiting submitted=732 completed=75 failed=632 dropped=25 result_age_s=89.040 epoch=7 generation=2567 policy_tts=0.920[0m
[32m2026-08-08 13:46:53.532[0m | [1mINFO    [0m | [36menvs.hitter[0m:[36m_log_hitter_status[0m:[36m1029[0m - [1mHITTER realtime status: phase=waiting submitted=732 completed=75 failed=632 dropped=25 result_age_s=90.041 epoch=7 generation=2567 policy_tts=0.920[0m
[32m2026-08-08 13:46:54.532[0m | [1mINFO    [0m | [36menvs.hitter[0m:[36m_log_hitter_status[0m:[36m1029[0m - [1mHITTER realtime status: phase=waiting submitted=732 completed=75 failed=632 dropped=25 result_age_s=91.041 epoch=7 generation=2567 policy_tts=0.920[0m
[32m2026-08-08 13:46:55.551[0m | [1mINFO    [0m | [36menvs.hitter[0m:[36m_log_hitter_status[0m:[36m1029[0m - [1mHITTER realtime status: phase=waiting submitted=732 completed=75 failed=632 dropped=25 result_age_s=92.060 epoch=7 generation=2567 policy_tts=0.920[0m
[32m2026-08-08 13:46:56.551[0m | [1mINFO    [0m | [36menvs.hitter[0m:[36m_log_hitter_status[0m:[36m1029[0m - [1mHITTER realtime status: phase=waiting submitted=732 completed=75 failed=632 dropped=25 result_age_s=93.060 epoch=7 generation=2567 policy_tts=0.920[0m
[32m2026-08-08 13:46:57.551[0m | [1mINFO    [0m | [36menvs.hitter[0m:[36m_log_hitter_status[0m:[36m1029[0m - [1mHITTER realtime status: phase=waiting submitted=732 completed=75 failed=632 dropped=25 result_age_s=94.060 epoch=7 generation=2567 policy_tts=0.920[0m
[32m2026-08-08 13:46:58.552[0m | [1mINFO    [0m | [36menvs.hitter[0m:[36m_log_hitter_status[0m:[36m1029[0m - [1mHITTER realtime status: phase=waiting submitted=732 completed=75 failed=632 dropped=25 result_age_s=95.061 epoch=7 generation=2567 policy_tts=0.920[0m
[32m2026-08-08 13:46:59.571[0m | [1mINFO    [0m | [36menvs.hitter[0m:[36m_log_hitter_status[0m:[36m1029[0m - [1mHITTER realtime status: phase=waiting submitted=732 completed=75 failed=632 dropped=25 result_age_s=96.080 epoch=7 generation=2567 policy_tts=0.920[0m
[32m2026-08-08 13:47:00.572[0m | [1mINFO    [0m | [36menvs.hitter[0m:[36m_log_hitter_status[0m:[36m1029[0m - [1mHITTER realtime status: phase=waiting submitted=732 completed=75 failed=632 dropped=25 result_age_s=97.081 epoch=7 generation=2567 policy_tts=0.920[0m
[32m2026-08-08 13:47:01.572[0m | [1mINFO    [0m | [36menvs.hitter[0m:[36m_log_hitter_status[0m:[36m1029[0m - [1mHITTER realtime status: phase=waiting submitted=732 completed=75 failed=632 dropped=25 result_age_s=98.081 epoch=7 generation=2567 policy_tts=0.920[0m
[32m2026-08-08 13:47:02.572[0m | [1mINFO    [0m | [36menvs.hitter[0m:[36m_log_hitter_status[0m:[36m1029[0m - [1mHITTER realtime status: phase=waiting submitted=732 completed=75 failed=632 dropped=25 result_age_s=99.081 epoch=7 generation=2567 policy_tts=0.920[0m
[32m2026-08-08 13:47:03.572[0m | [1mINFO    [0m | [36menvs.hitter[0m:[36m_log_hitter_status[0m:[36m1029[0m - [1mHITTER realtime status: phase=waiting submitted=732 completed=75 failed=632 dropped=25 result_age_s=100.081 epoch=7 generation=2567 policy_tts=0.920[0m
[32m2026-08-08 13:47:04.591[0m | [1mINFO    [0m | [36menvs.hitter[0m:[36m_log_hitter_status[0m:[36m1029[0m - [1mHITTER realtime status: phase=waiting submitted=732 completed=75 failed=632 dropped=25 result_age_s=101.100 epoch=7 generation=2567 policy_tts=0.920[0m
[32m2026-08-08 13:47:05.592[0m | [1mINFO    [0m | [36menvs.hitter[0m:[36m_log_hitter_status[0m:[36m1029[0m - [1mHITTER realtime status: phase=waiting submitted=732 completed=75 failed=632 dropped=25 result_age_s=102.101 epoch=7 generation=2567 policy_tts=0.920[0m
[32m2026-08-08 13:47:06.611[0m | [1mINFO    [0m | [36menvs.hitter[0m:[36m_log_hitter_status[0m:[36m1029[0m - [1mHITTER realtime status: phase=waiting submitted=732 completed=75 failed=632 dropped=25 result_age_s=103.120 epoch=7 generation=2567 policy_tts=0.920[0m
[32m2026-08-08 13:47:07.611[0m | [1mINFO    [0m | [36menvs.hitter[0m:[36m_log_hitter_status[0m:[36m1029[0m - [1mHITTER realtime status: phase=waiting submitted=732 completed=75 failed=632 dropped=25 result_age_s=104.120 epoch=7 generation=2567 policy_tts=0.920[0m
[32m2026-08-08 13:47:08.612[0m | [1mINFO    [0m | [36menvs.hitter[0m:[36m_log_hitter_status[0m:[36m1029[0m - [1mHITTER realtime status: phase=waiting submitted=732 completed=75 failed=632 dropped=25 result_age_s=105.121 epoch=7 generation=2567 policy_tts=0.920[0m
[32m2026-08-08 13:47:09.631[0m | [1mINFO    [0m | [36menvs.hitter[0m:[36m_log_hitter_status[0m:[36m1029[0m - [1mHITTER realtime status: phase=waiting submitted=732 completed=75 failed=632 dropped=25 result_age_s=106.140 epoch=7 generation=2567 policy_tts=0.920[0m
[32m2026-08-08 13:47:10.631[0m | [1mINFO    [0m | [36menvs.hitter[0m:[36m_log_hitter_status[0m:[36m1029[0m - [1mHITTER realtime status: phase=waiting submitted=732 completed=75 failed=632 dropped=25 result_age_s=107.140 epoch=7 generation=2567 policy_tts=0.920[0m
[32m2026-08-08 13:47:11.632[0m | [1mINFO    [0m | [36menvs.hitter[0m:[36m_log_hitter_status[0m:[36m1029[0m - [1mHITTER realtime status: phase=waiting submitted=732 completed=75 failed=632 dropped=25 result_age_s=108.142 epoch=7 generation=2567 policy_tts=0.920[0m
[32m2026-08-08 13:47:12.651[0m | [1mINFO    [0m | [36menvs.hitter[0m:[36m_log_hitter_status[0m:[36m1029[0m - [1mHITTER realtime status: phase=waiting submitted=732 completed=75 failed=632 dropped=25 result_age_s=109.160 epoch=7 generation=2567 policy_tts=0.920[0m
[32m2026-08-08 13:47:13.651[0m | [1mINFO    [0m | [36menvs.hitter[0m:[36m_log_hitter_status[0m:[36m1029[0m - [1mHITTER realtime status: phase=waiting submitted=732 completed=75 failed=632 dropped=25 result_age_s=110.160 epoch=7 generation=2567 policy_tts=0.920[0m
[32m2026-08-08 13:47:14.652[0m | [1mINFO    [0m | [36menvs.hitter[0m:[36m_log_hitter_status[0m:[36m1029[0m - [1mHITTER realtime status: phase=waiting submitted=732 completed=75 failed=632 dropped=25 result_age_s=111.161 epoch=7 generation=2567 policy_tts=0.920[0m
[32m2026-08-08 13:47:15.652[0m | [1mINFO    [0m | [36menvs.hitter[0m:[36m_log_hitter_status[0m:[36m1029[0m - [1mHITTER realtime status: phase=waiting submitted=732 completed=75 failed=632 dropped=25 result_age_s=112.161 epoch=7 generation=2567 policy_tts=0.920[0m
[32m2026-08-08 13:47:16.652[0m | [1mINFO    [0m | [36menvs.hitter[0m:[36m_log_hitter_status[0m:[36m1029[0m - [1mHITTER realtime status: phase=waiting submitted=732 completed=75 failed=632 dropped=25 result_age_s=113.162 epoch=7 generation=2567 policy_tts=0.920[0m
[32m2026-08-08 13:47:17.671[0m | [1mINFO    [0m | [36menvs.hitter[0m:[36m_log_hitter_status[0m:[36m1029[0m - [1mHITTER realtime status: phase=waiting submitted=732 completed=75 failed=632 dropped=25 result_age_s=114.180 epoch=7 generation=2567 policy_tts=0.920[0m
[32m2026-08-08 13:47:18.671[0m | [1mINFO    [0m | [36menvs.hitter[0m:[36m_log_hitter_status[0m:[36m1029[0m - [1mHITTER realtime status: phase=waiting submitted=732 completed=75 failed=632 dropped=25 result_age_s=115.180 epoch=7 generation=2567 policy_tts=0.920[0m
[32m2026-08-08 13:47:19.672[0m | [1mINFO    [0m | [36menvs.hitter[0m:[36m_log_hitter_status[0m:[36m1029[0m - [1mHITTER realtime status: phase=waiting submitted=732 completed=75 failed=632 dropped=25 result_age_s=116.181 epoch=7 generation=2567 policy_tts=0.920[0m
[32m2026-08-08 13:47:20.672[0m | [1mINFO    [0m | [36menvs.hitter[0m:[36m_log_hitter_status[0m:[36m1029[0m - [1mHITTER realtime status: phase=waiting submitted=732 completed=75 failed=632 dropped=25 result_age_s=117.181 epoch=7 generation=2567 policy_tts=0.920[0m
[32m2026-08-08 13:47:21.672[0m | [1mINFO    [0m | [36menvs.hitter[0m:[36m_log_hitter_status[0m:[36m1029[0m - [1mHITTER realtime status: phase=waiting submitted=732 completed=75 failed=632 dropped=25 result_age_s=118.181 epoch=7 generation=2567 policy_tts=0.920[0m
[32m2026-08-08 13:47:22.691[0m | [1mINFO    [0m | [36menvs.hitter[0m:[36m_log_hitter_status[0m:[36m1029[0m - [1mHITTER realtime status: phase=waiting submitted=732 completed=75 failed=632 dropped=25 result_age_s=119.200 epoch=7 generation=2567 policy_tts=0.920[0m
[32m2026-08-08 13:47:23.691[0m | [1mINFO    [0m | [36menvs.hitter[0m:[36m_log_hitter_status[0m:[36m1029[0m - [1mHITTER realtime status: phase=waiting submitted=732 completed=75 failed=632 dropped=25 result_age_s=120.200 epoch=7 generation=2567 policy_tts=0.920[0m
[32m2026-08-08 13:47:24.692[0m | [1mINFO    [0m | [36menvs.hitter[0m:[36m_log_hitter_status[0m:[36m1029[0m - [1mHITTER realtime status: phase=waiting submitted=732 completed=75 failed=632 dropped=25 result_age_s=121.201 epoch=7 generation=2567 policy_tts=0.920[0m
[32m2026-08-08 13:47:25.711[0m | [1mINFO    [0m | [36menvs.hitter[0m:[36m_log_hitter_status[0m:[36m1029[0m - [1mHITTER realtime status: phase=waiting submitted=732 completed=75 failed=632 dropped=25 result_age_s=122.220 epoch=7 generation=2567 policy_tts=0.920[0m
[32m2026-08-08 13:47:26.711[0m | [1mINFO    [0m | [36menvs.hitter[0m:[36m_log_hitter_status[0m:[36m1029[0m - [1mHITTER realtime status: phase=waiting submitted=732 completed=75 failed=632 dropped=25 result_age_s=123.220 epoch=7 generation=2567 policy_tts=0.920[0m
[32m2026-08-08 13:47:27.712[0m | [1mINFO    [0m | [36menvs.hitter[0m:[36m_log_hitter_status[0m:[36m1029[0m - [1mHITTER realtime status: phase=waiting submitted=732 completed=75 failed=632 dropped=25 result_age_s=124.221 epoch=7 generation=2567 policy_tts=0.920[0m
[32m2026-08-08 13:47:28.731[0m | [1mINFO    [0m | [36menvs.hitter[0m:[36m_log_hitter_status[0m:[36m1029[0m - [1mHITTER realtime status: phase=waiting submitted=732 completed=75 failed=632 dropped=25 result_age_s=125.240 epoch=7 generation=2567 policy_tts=0.920[0m
[32m2026-08-08 13:47:29.731[0m | [1mINFO    [0m | [36menvs.hitter[0m:[36m_log_hitter_status[0m:[36m1029[0m - [1mHITTER realtime status: phase=waiting submitted=732 completed=75 failed=632 dropped=25 result_age_s=126.240 epoch=7 generation=2567 policy_tts=0.920[0m
[32m2026-08-08 13:47:30.732[0m | [1mINFO    [0m | [36menvs.hitter[0m:[36m_log_hitter_status[0m:[36m1029[0m - [1mHITTER realtime status: phase=waiting submitted=732 completed=75 failed=632 dropped=25 result_age_s=127.241 epoch=7 generation=2567 policy_tts=0.920[0m
[32m2026-08-08 13:47:31.732[0m | [1mINFO    [0m | [36menvs.hitter[0m:[36m_log_hitter_status[0m:[36m1029[0m - [1mHITTER realtime status: phase=waiting submitted=732 completed=75 failed=632 dropped=25 result_age_s=128.241 epoch=7 generation=2567 policy_tts=0.920[0m
[32m2026-08-08 13:47:32.732[0m | [1mINFO    [0m | [36menvs.hitter[0m:[36m_log_hitter_status[0m:[36m1029[0m - [1mHITTER realtime status: phase=waiting submitted=732 completed=75 failed=632 dropped=25 result_age_s=129.242 epoch=7 generation=2567 policy_tts=0.920[0m
[32m2026-08-08 13:47:33.751[0m | [1mINFO    [0m | [36menvs.hitter[0m:[36m_log_hitter_status[0m:[36m1029[0m - [1mHITTER realtime status: phase=waiting submitted=732 completed=75 failed=632 dropped=25 result_age_s=130.260 epoch=7 generation=2567 policy_tts=0.920[0m
[32m2026-08-08 13:47:34.752[0m | [1mINFO    [0m | [36menvs.hitter[0m:[36m_log_hitter_status[0m:[36m1029[0m - [1mHITTER realtime status: phase=waiting submitted=732 completed=75 failed=632 dropped=25 result_age_s=131.261 epoch=7 generation=2567 policy_tts=0.920[0m
[32m2026-08-08 13:47:35.771[0m | [1mINFO    [0m | [36menvs.hitter[0m:[36m_log_hitter_status[0m:[36m1029[0m - [1mHITTER realtime status: phase=waiting submitted=732 completed=75 failed=632 dropped=25 result_age_s=132.280 epoch=7 generation=2567 policy_tts=0.920[0m
[32m2026-08-08 13:47:36.771[0m | [1mINFO    [0m | [36menvs.hitter[0m:[36m_log_hitter_status[0m:[36m1029[0m - [1mHITTER realtime status: phase=waiting submitted=732 completed=75 failed=632 dropped=25 result_age_s=133.280 epoch=7 generation=2567 policy_tts=0.920[0m
[32m2026-08-08 13:47:37.772[0m | [1mINFO    [0m | [36menvs.hitter[0m:[36m_log_hitter_status[0m:[36m1029[0m - [1mHITTER realtime status: phase=waiting submitted=732 completed=75 failed=632 dropped=25 result_age_s=134.281 epoch=7 generation=2567 policy_tts=0.920[0m
[32m2026-08-08 13:47:38.791[0m | [1mINFO    [0m | [36menvs.hitter[0m:[36m_log_hitter_status[0m:[36m1029[0m - [1mHITTER realtime status: phase=waiting submitted=732 completed=75 failed=632 dropped=25 result_age_s=135.300 epoch=7 generation=2567 policy_tts=0.920[0m
[32m2026-08-08 13:47:39.791[0m | [1mINFO    [0m | [36menvs.hitter[0m:[36m_log_hitter_status[0m:[36m1029[0m - [1mHITTER realtime status: phase=waiting submitted=732 completed=75 failed=632 dropped=25 result_age_s=136.300 epoch=7 generation=2567 policy_tts=0.920[0m
[32m2026-08-08 13:47:40.791[0m | [1mINFO    [0m | [36menvs.hitter[0m:[36m_log_hitter_status[0m:[36m1029[0m - [1mHITTER realtime status: phase=waiting submitted=732 completed=75 failed=632 dropped=25 result_age_s=137.300 epoch=7 generation=2567 policy_tts=0.920[0m
[32m2026-08-08 13:47:41.792[0m | [1mINFO    [0m | [36menvs.hitter[0m:[36m_log_hitter_status[0m:[36m1029[0m - [1mHITTER realtime status: phase=waiting submitted=732 completed=75 failed=632 dropped=25 result_age_s=138.301 epoch=7 generation=2567 policy_tts=0.920[0m
[32m2026-08-08 13:47:42.792[0m | [1mINFO    [0m | [36menvs.hitter[0m:[36m_log_hitter_status[0m:[36m1029[0m - [1mHITTER realtime status: phase=waiting submitted=732 completed=75 failed=632 dropped=25 result_age_s=139.301 epoch=7 generation=2567 policy_tts=0.920[0m
[32m2026-08-08 13:47:43.792[0m | [1mINFO    [0m | [36menvs.hitter[0m:[36m_log_hitter_status[0m:[36m1029[0m - [1mHITTER realtime status: phase=waiting submitted=732 completed=75 failed=632 dropped=25 result_age_s=140.301 epoch=7 generation=2567 policy_tts=0.920[0m
[32m2026-08-08 13:47:44.811[0m | [1mINFO    [0m | [36menvs.hitter[0m:[36m_log_hitter_status[0m:[36m1029[0m - [1mHITTER realtime status: phase=waiting submitted=732 completed=75 failed=632 dropped=25 result_age_s=141.320 epoch=7 generation=2567 policy_tts=0.920[0m
[32m2026-08-08 13:47:45.811[0m | [1mINFO    [0m | [36menvs.hitter[0m:[36m_log_hitter_status[0m:[36m1029[0m - [1mHITTER realtime status: phase=waiting submitted=732 completed=75 failed=632 dropped=25 result_age_s=142.320 epoch=7 generation=2567 policy_tts=0.920[0m
[32m2026-08-08 13:47:46.812[0m | [1mINFO    [0m | [36menvs.hitter[0m:[36m_log_hitter_status[0m:[36m1029[0m - [1mHITTER realtime status: phase=waiting submitted=732 completed=75 failed=632 dropped=25 result_age_s=143.321 epoch=7 generation=2567 policy_tts=0.920[0m
[32m2026-08-08 13:47:47.812[0m | [1mINFO    [0m | [36menvs.hitter[0m:[36m_log_hitter_status[0m:[36m1029[0m - [1mHITTER realtime status: phase=waiting submitted=732 completed=75 failed=632 dropped=25 result_age_s=144.321 epoch=7 generation=2567 policy_tts=0.920[0m
[32m2026-08-08 13:47:48.812[0m | [1mINFO    [0m | [36menvs.hitter[0m:[36m_log_hitter_status[0m:[36m1029[0m - [1mHITTER realtime status: phase=waiting submitted=732 completed=75 failed=632 dropped=25 result_age_s=145.321 epoch=7 generation=2567 policy_tts=0.920[0m
[32m2026-08-08 13:47:49.812[0m | [1mINFO    [0m | [36menvs.hitter[0m:[36m_log_hitter_status[0m:[36m1029[0m - [1mHITTER realtime status: phase=waiting submitted=732 completed=75 failed=632 dropped=25 result_age_s=146.321 epoch=7 generation=2567 policy_tts=0.920[0m
[32m2026-08-08 13:47:50.812[0m | [1mINFO    [0m | [36menvs.hitter[0m:[36m_log_hitter_status[0m:[36m1029[0m - [1mHITTER realtime status: phase=waiting submitted=732 completed=75 failed=632 dropped=25 result_age_s=147.321 epoch=7 generation=2567 policy_tts=0.920[0m
[32m2026-08-08 13:47:51.831[0m | [1mINFO    [0m | [36menvs.hitter[0m:[36m_log_hitter_status[0m:[36m1029[0m - [1mHITTER realtime status: phase=waiting submitted=732 completed=75 failed=632 dropped=25 result_age_s=148.340 epoch=7 generation=2567 policy_tts=0.920[0m
[32m2026-08-08 13:47:52.832[0m | [1mINFO    [0m | [36menvs.hitter[0m:[36m_log_hitter_status[0m:[36m1029[0m - [1mHITTER realtime status: phase=waiting submitted=732 completed=75 failed=632 dropped=25 result_age_s=149.341 epoch=7 generation=2567 policy_tts=0.920[0m
[32m2026-08-08 13:47:53.832[0m | [1mINFO    [0m | [36menvs.hitter[0m:[36m_log_hitter_status[0m:[36m1029[0m - [1mHITTER realtime status: phase=waiting submitted=732 completed=75 failed=632 dropped=25 result_age_s=150.341 epoch=7 generation=2567 policy_tts=0.920[0m
[32m2026-08-08 13:47:54.832[0m | [1mINFO    [0m | [36menvs.hitter[0m:[36m_log_hitter_status[0m:[36m1029[0m - [1mHITTER realtime status: phase=waiting submitted=732 completed=75 failed=632 dropped=25 result_age_s=151.341 epoch=7 generation=2567 policy_tts=0.920[0m
[32m2026-08-08 13:47:55.851[0m | [1mINFO    [0m | [36menvs.hitter[0m:[36m_log_hitter_status[0m:[36m1029[0m - [1mHITTER realtime status: phase=waiting submitted=732 completed=75 failed=632 dropped=25 result_age_s=152.360 epoch=7 generation=2567 policy_tts=0.920[0m
[32m2026-08-08 13:47:56.851[0m | [1mINFO    [0m | [36menvs.hitter[0m:[36m_log_hitter_status[0m:[36m1029[0m - [1mHITTER realtime status: phase=waiting submitted=732 completed=75 failed=632 dropped=25 result_age_s=153.360 epoch=7 generation=2567 policy_tts=0.920[0m
[32m2026-08-08 13:47:57.851[0m | [1mINFO    [0m | [36menvs.hitter[0m:[36m_log_hitter_status[0m:[36m1029[0m - [1mHITTER realtime status: phase=waiting submitted=732 completed=75 failed=632 dropped=25 result_age_s=154.360 epoch=7 generation=2567 policy_tts=0.920[0m
[32m2026-08-08 13:47:58.852[0m | [1mINFO    [0m | [36menvs.hitter[0m:[36m_log_hitter_status[0m:[36m1029[0m - [1mHITTER realtime status: phase=waiting submitted=732 completed=75 failed=632 dropped=25 result_age_s=155.361 epoch=7 generation=2567 policy_tts=0.920[0m
[32m2026-08-08 13:47:59.871[0m | [1mINFO    [0m | [36menvs.hitter[0m:[36m_log_hitter_status[0m:[36m1029[0m - [1mHITTER realtime status: phase=waiting submitted=732 completed=75 failed=632 dropped=25 result_age_s=156.380 epoch=7 generation=2567 policy_tts=0.920[0m
[32m2026-08-08 13:48:00.872[0m | [1mINFO    [0m | [36menvs.hitter[0m:[36m_log_hitter_status[0m:[36m1029[0m - [1mHITTER realtime status: phase=waiting submitted=732 completed=75 failed=632 dropped=25 result_age_s=157.381 epoch=7 generation=2567 policy_tts=0.920[0m
[32m2026-08-08 13:48:01.872[0m | [1mINFO    [0m | [36menvs.hitter[0m:[36m_log_hitter_status[0m:[36m1029[0m - [1mHITTER realtime status: phase=waiting submitted=732 completed=75 failed=632 dropped=25 result_age_s=158.381 epoch=7 generation=2567 policy_tts=0.920[0m
[32m2026-08-08 13:48:02.891[0m | [1mINFO    [0m | [36menvs.hitter[0m:[36m_log_hitter_status[0m:[36m1029[0m - [1mHITTER realtime status: phase=waiting submitted=732 completed=75 failed=632 dropped=25 result_age_s=159.400 epoch=7 generation=2567 policy_tts=0.920[0m
[32m2026-08-08 13:48:03.891[0m | [1mINFO    [0m | [36menvs.hitter[0m:[36m_log_hitter_status[0m:[36m1029[0m - [1mHITTER realtime status: phase=waiting submitted=732 completed=75 failed=632 dropped=25 result_age_s=160.400 epoch=7 generation=2567 policy_tts=0.920[0m
[32m2026-08-08 13:48:04.891[0m | [1mINFO    [0m | [36menvs.hitter[0m:[36m_log_hitter_status[0m:[36m1029[0m - [1mHITTER realtime status: phase=waiting submitted=732 completed=75 failed=632 dropped=25 result_age_s=161.400 epoch=7 generation=2567 policy_tts=0.920[0m
[32m2026-08-08 13:48:05.892[0m | [1mINFO    [0m | [36menvs.hitter[0m:[36m_log_hitter_status[0m:[36m1029[0m - [1mHITTER realtime status: phase=waiting submitted=732 completed=75 failed=632 dropped=25 result_age_s=162.401 epoch=7 generation=2567 policy_tts=0.920[0m
[32m2026-08-08 13:48:06.911[0m | [1mINFO    [0m | [36menvs.hitter[0m:[36m_log_hitter_status[0m:[36m1029[0m - [1mHITTER realtime status: phase=waiting submitted=732 completed=75 failed=632 dropped=25 result_age_s=163.420 epoch=7 generation=2567 policy_tts=0.920[0m
[32m2026-08-08 13:48:07.912[0m | [1mINFO    [0m | [36menvs.hitter[0m:[36m_log_hitter_status[0m:[36m1029[0m - [1mHITTER realtime status: phase=waiting submitted=732 completed=75 failed=632 dropped=25 result_age_s=164.421 epoch=7 generation=2567 policy_tts=0.920[0m
[32m2026-08-08 13:48:08.931[0m | [1mINFO    [0m | [36menvs.hitter[0m:[36m_log_hitter_status[0m:[36m1029[0m - [1mHITTER realtime status: phase=waiting submitted=732 completed=75 failed=632 dropped=25 result_age_s=165.440 epoch=7 generation=2567 policy_tts=0.920[0m
[32m2026-08-08 13:48:09.931[0m | [1mINFO    [0m | [36menvs.hitter[0m:[36m_log_hitter_status[0m:[36m1029[0m - [1mHITTER realtime status: phase=waiting submitted=732 completed=75 failed=632 dropped=25 result_age_s=166.440 epoch=7 generation=2567 policy_tts=0.920[0m
[32m2026-08-08 13:48:10.932[0m | [1mINFO    [0m | [36menvs.hitter[0m:[36m_log_hitter_status[0m:[36m1029[0m - [1mHITTER realtime status: phase=waiting submitted=732 completed=75 failed=632 dropped=25 result_age_s=167.441 epoch=7 generation=2567 policy_tts=0.920[0m
[32m2026-08-08 13:48:11.951[0m | [1mINFO    [0m | [36menvs.hitter[0m:[36m_log_hitter_status[0m:[36m1029[0m - [1mHITTER realtime status: phase=waiting submitted=732 completed=75 failed=632 dropped=25 result_age_s=168.460 epoch=7 generation=2567 policy_tts=0.920[0m
[32m2026-08-08 13:48:12.952[0m | [1mINFO    [0m | [36menvs.hitter[0m:[36m_log_hitter_status[0m:[36m1029[0m - [1mHITTER realtime status: phase=waiting submitted=732 completed=75 failed=632 dropped=25 result_age_s=169.461 epoch=7 generation=2567 policy_tts=0.920[0m
[32m2026-08-08 13:48:13.952[0m | [1mINFO    [0m | [36menvs.hitter[0m:[36m_log_hitter_status[0m:[36m1029[0m - [1mHITTER realtime status: phase=waiting submitted=732 completed=75 failed=632 dropped=25 result_age_s=170.461 epoch=7 generation=2567 policy_tts=0.920[0m
[32m2026-08-08 13:48:14.971[0m | [1mINFO    [0m | [36menvs.hitter[0m:[36m_log_hitter_status[0m:[36m1029[0m - [1mHITTER realtime status: phase=waiting submitted=732 completed=75 failed=632 dropped=25 result_age_s=171.480 epoch=7 generation=2567 policy_tts=0.920[0m
[32m2026-08-08 13:48:15.972[0m | [1mINFO    [0m | [36menvs.hitter[0m:[36m_log_hitter_status[0m:[36m1029[0m - [1mHITTER realtime status: phase=waiting submitted=732 completed=75 failed=632 dropped=25 result_age_s=172.481 epoch=7 generation=2567 policy_tts=0.920[0m
[32m2026-08-08 13:48:16.972[0m | [1mINFO    [0m | [36menvs.hitter[0m:[36m_log_hitter_status[0m:[36m1029[0m - [1mHITTER realtime status: phase=waiting submitted=732 completed=75 failed=632 dropped=25 result_age_s=173.481 epoch=7 generation=2567 policy_tts=0.920[0m
[32m2026-08-08 13:48:17.991[0m | [1mINFO    [0m | [36menvs.hitter[0m:[36m_log_hitter_status[0m:[36m1029[0m - [1mHITTER realtime status: phase=waiting submitted=732 completed=75 failed=632 dropped=25 result_age_s=174.500 epoch=7 generation=2567 policy_tts=0.920[0m
[32m2026-08-08 13:48:18.991[0m | [1mINFO    [0m | [36menvs.hitter[0m:[36m_log_hitter_status[0m:[36m1029[0m - [1mHITTER realtime status: phase=waiting submitted=732 completed=75 failed=632 dropped=25 result_age_s=175.500 epoch=7 generation=2567 policy_tts=0.920[0m
[32m2026-08-08 13:48:19.992[0m | [1mINFO    [0m | [36menvs.hitter[0m:[36m_log_hitter_status[0m:[36m1029[0m - [1mHITTER realtime status: phase=waiting submitted=732 completed=75 failed=632 dropped=25 result_age_s=176.501 epoch=7 generation=2567 policy_tts=0.920[0m
[32m2026-08-08 13:48:20.992[0m | [1mINFO    [0m | [36menvs.hitter[0m:[36m_log_hitter_status[0m:[36m1029[0m - [1mHITTER realtime status: phase=waiting submitted=732 completed=75 failed=632 dropped=25 result_age_s=177.501 epoch=7 generation=2567 policy_tts=0.920[0m
[32m2026-08-08 13:48:22.011[0m | [1mINFO    [0m | [36menvs.hitter[0m:[36m_log_hitter_status[0m:[36m1029[0m - [1mHITTER realtime status: phase=waiting submitted=732 completed=75 failed=632 dropped=25 result_age_s=178.520 epoch=7 generation=2567 policy_tts=0.920[0m
[32m2026-08-08 13:48:23.012[0m | [1mINFO    [0m | [36menvs.hitter[0m:[36m_log_hitter_status[0m:[36m1029[0m - [1mHITTER realtime status: phase=waiting submitted=732 completed=75 failed=632 dropped=25 result_age_s=179.521 epoch=7 generation=2567 policy_tts=0.920[0m
[32m2026-08-08 13:48:24.012[0m | [1mINFO    [0m | [36menvs.hitter[0m:[36m_log_hitter_status[0m:[36m1029[0m - [1mHITTER realtime status: phase=waiting submitted=732 completed=75 failed=632 dropped=25 result_age_s=180.521 epoch=7 generation=2567 policy_tts=0.920[0m
[32m2026-08-08 13:48:25.012[0m | [1mINFO    [0m | [36menvs.hitter[0m:[36m_log_hitter_status[0m:[36m1029[0m - [1mHITTER realtime status: phase=waiting submitted=732 completed=75 failed=632 dropped=25 result_age_s=181.521 epoch=7 generation=2567 policy_tts=0.920[0m
[32m2026-08-08 13:48:26.031[0m | [1mINFO    [0m | [36menvs.hitter[0m:[36m_log_hitter_status[0m:[36m1029[0m - [1mHITTER realtime status: phase=waiting submitted=732 completed=75 failed=632 dropped=25 result_age_s=182.540 epoch=7 generation=2567 policy_tts=0.920[0m
[32m2026-08-08 13:48:27.032[0m | [1mINFO    [0m | [36menvs.hitter[0m:[36m_log_hitter_status[0m:[36m1029[0m - [1mHITTER realtime status: phase=waiting submitted=732 completed=75 failed=632 dropped=25 result_age_s=183.541 epoch=7 generation=2567 policy_tts=0.920[0m
[32m2026-08-08 13:48:28.032[0m | [1mINFO    [0m | [36menvs.hitter[0m:[36m_log_hitter_status[0m:[36m1029[0m - [1mHITTER realtime status: phase=waiting submitted=732 completed=75 failed=632 dropped=25 result_age_s=184.541 epoch=7 generation=2567 policy_tts=0.920[0m
[32m2026-08-08 13:48:29.051[0m | [1mINFO    [0m | [36menvs.hitter[0m:[36m_log_hitter_status[0m:[36m1029[0m - [1mHITTER realtime status: phase=waiting submitted=732 completed=75 failed=632 dropped=25 result_age_s=185.560 epoch=7 generation=2567 policy_tts=0.920[0m
[32m2026-08-08 13:48:30.051[0m | [1mINFO    [0m | [36menvs.hitter[0m:[36m_log_hitter_status[0m:[36m1029[0m - [1mHITTER realtime status: phase=waiting submitted=732 completed=75 failed=632 dropped=25 result_age_s=186.560 epoch=7 generation=2567 policy_tts=0.920[0m
[32m2026-08-08 13:48:31.051[0m | [1mINFO    [0m | [36menvs.hitter[0m:[36m_log_hitter_status[0m:[36m1029[0m - [1mHITTER realtime status: phase=waiting submitted=732 completed=75 failed=632 dropped=25 result_age_s=187.560 epoch=7 generation=2567 policy_tts=0.920[0m
[32m2026-08-08 13:48:32.052[0m | [1mINFO    [0m | [36menvs.hitter[0m:[36m_log_hitter_status[0m:[36m1029[0m - [1mHITTER realtime status: phase=waiting submitted=732 completed=75 failed=632 dropped=25 result_age_s=188.561 epoch=7 generation=2567 policy_tts=0.920[0m
[32m2026-08-08 13:48:33.052[0m | [1mINFO    [0m | [36menvs.hitter[0m:[36m_log_hitter_status[0m:[36m1029[0m - [1mHITTER realtime status: phase=waiting submitted=732 completed=75 failed=632 dropped=25 result_age_s=189.561 epoch=7 generation=2567 policy_tts=0.920[0m
[32m2026-08-08 13:48:34.071[0m | [1mINFO    [0m | [36menvs.hitter[0m:[36m_log_hitter_status[0m:[36m1029[0m - [1mHITTER realtime status: phase=waiting submitted=732 completed=75 failed=632 dropped=25 result_age_s=190.580 epoch=7 generation=2567 policy_tts=0.920[0m
[32m2026-08-08 13:48:35.072[0m | [1mINFO    [0m | [36menvs.hitter[0m:[36m_log_hitter_status[0m:[36m1029[0m - [1mHITTER realtime status: phase=waiting submitted=732 completed=75 failed=632 dropped=25 result_age_s=191.581 epoch=7 generation=2567 policy_tts=0.920[0m
[32m2026-08-08 13:48:36.072[0m | [1mINFO    [0m | [36menvs.hitter[0m:[36m_log_hitter_status[0m:[36m1029[0m - [1mHITTER realtime status: phase=waiting submitted=732 completed=75 failed=632 dropped=25 result_age_s=192.581 epoch=7 generation=2567 policy_tts=0.920[0m
[32m2026-08-08 13:48:37.091[0m | [1mINFO    [0m | [36menvs.hitter[0m:[36m_log_hitter_status[0m:[36m1029[0m - [1mHITTER realtime status: phase=waiting submitted=732 completed=75 failed=632 dropped=25 result_age_s=193.600 epoch=7 generation=2567 policy_tts=0.920[0m
[32m2026-08-08 13:48:38.091[0m | [1mINFO    [0m | [36menvs.hitter[0m:[36m_log_hitter_status[0m:[36m1029[0m - [1mHITTER realtime status: phase=waiting submitted=732 completed=75 failed=632 dropped=25 result_age_s=194.600 epoch=7 generation=2567 policy_tts=0.920[0m
[32m2026-08-08 13:48:39.092[0m | [1mINFO    [0m | [36menvs.hitter[0m:[36m_log_hitter_status[0m:[36m1029[0m - [1mHITTER realtime status: phase=waiting submitted=732 completed=75 failed=632 dropped=25 result_age_s=195.601 epoch=7 generation=2567 policy_tts=0.920[0m
[32m2026-08-08 13:48:40.092[0m | [1mINFO    [0m | [36menvs.hitter[0m:[36m_log_hitter_status[0m:[36m1029[0m - [1mHITTER realtime status: phase=waiting submitted=732 completed=75 failed=632 dropped=25 result_age_s=196.601 epoch=7 generation=2567 policy_tts=0.920[0m
[32m2026-08-08 13:48:41.092[0m | [1mINFO    [0m | [36menvs.hitter[0m:[36m_log_hitter_status[0m:[36m1029[0m - [1mHITTER realtime status: phase=waiting submitted=732 completed=75 failed=632 dropped=25 result_age_s=197.601 epoch=7 generation=2567 policy_tts=0.920[0m
[32m2026-08-08 13:48:42.111[0m | [1mINFO    [0m | [36menvs.hitter[0m:[36m_log_hitter_status[0m:[36m1029[0m - [1mHITTER realtime status: phase=waiting submitted=732 completed=75 failed=632 dropped=25 result_age_s=198.620 epoch=7 generation=2567 policy_tts=0.920[0m
[32m2026-08-08 13:48:43.112[0m | [1mINFO    [0m | [36menvs.hitter[0m:[36m_log_hitter_status[0m:[36m1029[0m - [1mHITTER realtime status: phase=waiting submitted=732 completed=75 failed=632 dropped=25 result_age_s=199.621 epoch=7 generation=2567 policy_tts=0.920[0m
[32m2026-08-08 13:48:44.131[0m | [1mINFO    [0m | [36menvs.hitter[0m:[36m_log_hitter_status[0m:[36m1029[0m - [1mHITTER realtime status: phase=waiting submitted=732 completed=75 failed=632 dropped=25 result_age_s=200.640 epoch=7 generation=2567 policy_tts=0.920[0m
[32m2026-08-08 13:48:45.131[0m | [1mINFO    [0m | [36menvs.hitter[0m:[36m_log_hitter_status[0m:[36m1029[0m - [1mHITTER realtime status: phase=waiting submitted=732 completed=75 failed=632 dropped=25 result_age_s=201.640 epoch=7 generation=2567 policy_tts=0.920[0m
[32m2026-08-08 13:48:46.132[0m | [1mINFO    [0m | [36menvs.hitter[0m:[36m_log_hitter_status[0m:[36m1029[0m - [1mHITTER realtime status: phase=waiting submitted=732 completed=75 failed=632 dropped=25 result_age_s=202.641 epoch=7 generation=2567 policy_tts=0.920[0m
[32m2026-08-08 13:48:47.132[0m | [1mINFO    [0m | [36menvs.hitter[0m:[36m_log_hitter_status[0m:[36m1029[0m - [1mHITTER realtime status: phase=waiting submitted=732 completed=75 failed=632 dropped=25 result_age_s=203.641 epoch=7 generation=2567 policy_tts=0.920[0m
[32m2026-08-08 13:48:48.151[0m | [1mINFO    [0m | [36menvs.hitter[0m:[36m_log_hitter_status[0m:[36m1029[0m - [1mHITTER realtime status: phase=waiting submitted=732 completed=75 failed=632 dropped=25 result_age_s=204.660 epoch=7 generation=2567 policy_tts=0.920[0m
[32m2026-08-08 13:48:49.152[0m | [1mINFO    [0m | [36menvs.hitter[0m:[36m_log_hitter_status[0m:[36m1029[0m - [1mHITTER realtime status: phase=waiting submitted=732 completed=75 failed=632 dropped=25 result_age_s=205.661 epoch=7 generation=2567 policy_tts=0.920[0m
[32m2026-08-08 13:48:50.171[0m | [1mINFO    [0m | [36menvs.hitter[0m:[36m_log_hitter_status[0m:[36m1029[0m - [1mHITTER realtime status: phase=waiting submitted=732 completed=75 failed=632 dropped=25 result_age_s=206.680 epoch=7 generation=2567 policy_tts=0.920[0m
[32m2026-08-08 13:48:51.171[0m | [1mINFO    [0m | [36menvs.hitter[0m:[36m_log_hitter_status[0m:[36m1029[0m - [1mHITTER realtime status: phase=waiting submitted=732 completed=75 failed=632 dropped=25 result_age_s=207.680 epoch=7 generation=2567 policy_tts=0.920[0m
[32m2026-08-08 13:48:52.172[0m | [1mINFO    [0m | [36menvs.hitter[0m:[36m_log_hitter_status[0m:[36m1029[0m - [1mHITTER realtime status: phase=waiting submitted=732 completed=75 failed=632 dropped=25 result_age_s=208.681 epoch=7 generation=2567 policy_tts=0.920[0m
[32m2026-08-08 13:48:53.191[0m | [1mINFO    [0m | [36menvs.hitter[0m:[36m_log_hitter_status[0m:[36m1029[0m - [1mHITTER realtime status: phase=waiting submitted=732 completed=75 failed=632 dropped=25 result_age_s=209.700 epoch=7 generation=2567 policy_tts=0.920[0m
[32m2026-08-08 13:48:54.191[0m | [1mINFO    [0m | [36menvs.hitter[0m:[36m_log_hitter_status[0m:[36m1029[0m - [1mHITTER realtime status: phase=waiting submitted=732 completed=75 failed=632 dropped=25 result_age_s=210.700 epoch=7 generation=2567 policy_tts=0.920[0m
[32m2026-08-08 13:48:55.191[0m | [1mINFO    [0m | [36menvs.hitter[0m:[36m_log_hitter_status[0m:[36m1029[0m - [1mHITTER realtime status: phase=waiting submitted=732 completed=75 failed=632 dropped=25 result_age_s=211.700 epoch=7 generation=2567 policy_tts=0.920[0m
[32m2026-08-08 13:48:56.192[0m | [1mINFO    [0m | [36menvs.hitter[0m:[36m_log_hitter_status[0m:[36m1029[0m - [1mHITTER realtime status: phase=waiting submitted=732 completed=75 failed=632 dropped=25 result_age_s=212.701 epoch=7 generation=2567 policy_tts=0.920[0m
[32m2026-08-08 13:48:57.211[0m | [1mINFO    [0m | [36menvs.hitter[0m:[36m_log_hitter_status[0m:[36m1029[0m - [1mHITTER realtime status: phase=waiting submitted=732 completed=75 failed=632 dropped=25 result_age_s=213.720 epoch=7 generation=2567 policy_tts=0.920[0m
[32m2026-08-08 13:48:58.211[0m | [1mINFO    [0m | [36menvs.hitter[0m:[36m_log_hitter_status[0m:[36m1029[0m - [1mHITTER realtime status: phase=waiting submitted=732 completed=75 failed=632 dropped=25 result_age_s=214.720 epoch=7 generation=2567 policy_tts=0.920[0m
[32m2026-08-08 13:48:59.212[0m | [1mINFO    [0m | [36menvs.hitter[0m:[36m_log_hitter_status[0m:[36m1029[0m - [1mHITTER realtime status: phase=waiting submitted=732 completed=75 failed=632 dropped=25 result_age_s=215.721 epoch=7 generation=2567 policy_tts=0.920[0m
[32m2026-08-08 13:49:00.212[0m | [1mINFO    [0m | [36menvs.hitter[0m:[36m_log_hitter_status[0m:[36m1029[0m - [1mHITTER realtime status: phase=waiting submitted=732 completed=75 failed=632 dropped=25 result_age_s=216.721 epoch=7 generation=2567 policy_tts=0.920[0m
[32m2026-08-08 13:49:01.231[0m | [1mINFO    [0m | [36menvs.hitter[0m:[36m_log_hitter_status[0m:[36m1029[0m - [1mHITTER realtime status: phase=waiting submitted=732 completed=75 failed=632 dropped=25 result_age_s=217.740 epoch=7 generation=2567 policy_tts=0.920[0m
[32m2026-08-08 13:49:02.231[0m | [1mINFO    [0m | [36menvs.hitter[0m:[36m_log_hitter_status[0m:[36m1029[0m - [1mHITTER realtime status: phase=waiting submitted=732 completed=75 failed=632 dropped=25 result_age_s=218.740 epoch=7 generation=2567 policy_tts=0.920[0m
[32m2026-08-08 13:49:03.232[0m | [1mINFO    [0m | [36menvs.hitter[0m:[36m_log_hitter_status[0m:[36m1029[0m - [1mHITTER realtime status: phase=waiting submitted=732 completed=75 failed=632 dropped=25 result_age_s=219.741 epoch=7 generation=2567 policy_tts=0.920[0m
[32m2026-08-08 13:49:04.251[0m | [1mINFO    [0m | [36menvs.hitter[0m:[36m_log_hitter_status[0m:[36m1029[0m - [1mHITTER realtime status: phase=waiting submitted=732 completed=75 failed=632 dropped=25 result_age_s=220.760 epoch=7 generation=2567 policy_tts=0.920[0m
[32m2026-08-08 13:49:05.251[0m | [1mINFO    [0m | [36menvs.hitter[0m:[36m_log_hitter_status[0m:[36m1029[0m - [1mHITTER realtime status: phase=waiting submitted=732 completed=75 failed=632 dropped=25 result_age_s=221.760 epoch=7 generation=2567 policy_tts=0.920[0m
[32m2026-08-08 13:49:06.251[0m | [1mINFO    [0m | [36menvs.hitter[0m:[36m_log_hitter_status[0m:[36m1029[0m - [1mHITTER realtime status: phase=waiting submitted=732 completed=75 failed=632 dropped=25 result_age_s=222.760 epoch=7 generation=2567 policy_tts=0.920[0m
[32m2026-08-08 13:49:07.252[0m | [1mINFO    [0m | [36menvs.hitter[0m:[36m_log_hitter_status[0m:[36m1029[0m - [1mHITTER realtime status: phase=waiting submitted=732 completed=75 failed=632 dropped=25 result_age_s=223.761 epoch=7 generation=2567 policy_tts=0.920[0m
[32m2026-08-08 13:49:08.252[0m | [1mINFO    [0m | [36menvs.hitter[0m:[36m_log_hitter_status[0m:[36m1029[0m - [1mHITTER realtime status: phase=waiting submitted=732 completed=75 failed=632 dropped=25 result_age_s=224.761 epoch=7 generation=2567 policy_tts=0.920[0m
[32m2026-08-08 13:49:09.252[0m | [1mINFO    [0m | [36menvs.hitter[0m:[36m_log_hitter_status[0m:[36m1029[0m - [1mHITTER realtime status: phase=waiting submitted=732 completed=75 failed=632 dropped=25 result_age_s=225.761 epoch=7 generation=2567 policy_tts=0.920[0m
[32m2026-08-08 13:49:10.271[0m | [1mINFO    [0m | [36menvs.hitter[0m:[36m_log_hitter_status[0m:[36m1029[0m - [1mHITTER realtime status: phase=waiting submitted=732 completed=75 failed=632 dropped=25 result_age_s=226.780 epoch=7 generation=2567 policy_tts=0.920[0m
[32m2026-08-08 13:49:11.272[0m | [1mINFO    [0m | [36menvs.hitter[0m:[36m_log_hitter_status[0m:[36m1029[0m - [1mHITTER realtime status: phase=waiting submitted=732 completed=75 failed=632 dropped=25 result_age_s=227.781 epoch=7 generation=2567 policy_tts=0.920[0m
[32m2026-08-08 13:49:12.272[0m | [1mINFO    [0m | [36menvs.hitter[0m:[36m_log_hitter_status[0m:[36m1029[0m - [1mHITTER realtime status: phase=waiting submitted=732 completed=75 failed=632 dropped=25 result_age_s=228.781 epoch=7 generation=2567 policy_tts=0.920[0m
[32m2026-08-08 13:49:13.291[0m | [1mINFO    [0m | [36menvs.hitter[0m:[36m_log_hitter_status[0m:[36m1029[0m - [1mHITTER realtime status: phase=waiting submitted=732 completed=75 failed=632 dropped=25 result_age_s=229.800 epoch=7 generation=2567 policy_tts=0.920[0m
[32m2026-08-08 13:49:14.291[0m | [1mINFO    [0m | [36menvs.hitter[0m:[36m_log_hitter_status[0m:[36m1029[0m - [1mHITTER realtime status: phase=waiting submitted=732 completed=75 failed=632 dropped=25 result_age_s=230.800 epoch=7 generation=2567 policy_tts=0.920[0m
[32m2026-08-08 13:49:15.292[0m | [1mINFO    [0m | [36menvs.hitter[0m:[36m_log_hitter_status[0m:[36m1029[0m - [1mHITTER realtime status: phase=waiting submitted=732 completed=75 failed=632 dropped=25 result_age_s=231.801 epoch=7 generation=2567 policy_tts=0.920[0m
[32m2026-08-08 13:49:16.292[0m | [1mINFO    [0m | [36menvs.hitter[0m:[36m_log_hitter_status[0m:[36m1029[0m - [1mHITTER realtime status: phase=waiting submitted=732 completed=75 failed=632 dropped=25 result_age_s=232.801 epoch=7 generation=2567 policy_tts=0.920[0m
[32m2026-08-08 13:49:17.292[0m | [1mINFO    [0m | [36menvs.hitter[0m:[36m_log_hitter_status[0m:[36m1029[0m - [1mHITTER realtime status: phase=waiting submitted=732 completed=75 failed=632 dropped=25 result_age_s=233.801 epoch=7 generation=2567 policy_tts=0.920[0m
[32m2026-08-08 13:49:18.292[0m | [1mINFO    [0m | [36menvs.hitter[0m:[36m_log_hitter_status[0m:[36m1029[0m - [1mHITTER realtime status: phase=waiting submitted=732 completed=75 failed=632 dropped=25 result_age_s=234.801 epoch=7 generation=2567 policy_tts=0.920[0m
[32m2026-08-08 13:49:19.311[0m | [1mINFO    [0m | [36menvs.hitter[0m:[36m_log_hitter_status[0m:[36m1029[0m - [1mHITTER realtime status: phase=waiting submitted=732 completed=75 failed=632 dropped=25 result_age_s=235.820 epoch=7 generation=2567 policy_tts=0.920[0m
[32m2026-08-08 13:49:20.312[0m | [1mINFO    [0m | [36menvs.hitter[0m:[36m_log_hitter_status[0m:[36m1029[0m - [1mHITTER realtime status: phase=waiting submitted=732 completed=75 failed=632 dropped=25 result_age_s=236.821 epoch=7 generation=2567 policy_tts=0.920[0m
[32m2026-08-08 13:49:21.312[0m | [1mINFO    [0m | [36menvs.hitter[0m:[36m_log_hitter_status[0m:[36m1029[0m - [1mHITTER realtime status: phase=waiting submitted=732 completed=75 failed=632 dropped=25 result_age_s=237.821 epoch=7 generation=2567 policy_tts=0.920[0m
[32m2026-08-08 13:49:22.312[0m | [1mINFO    [0m | [36menvs.hitter[0m:[36m_log_hitter_status[0m:[36m1029[0m - [1mHITTER realtime status: phase=waiting submitted=732 completed=75 failed=632 dropped=25 result_age_s=238.821 epoch=7 generation=2567 policy_tts=0.920[0m
[32m2026-08-08 13:49:23.312[0m | [1mINFO    [0m | [36menvs.hitter[0m:[36m_log_hitter_status[0m:[36m1029[0m - [1mHITTER realtime status: phase=waiting submitted=732 completed=75 failed=632 dropped=25 result_age_s=239.821 epoch=7 generation=2567 policy_tts=0.920[0m
[32m2026-08-08 13:49:24.331[0m | [1mINFO    [0m | [36menvs.hitter[0m:[36m_log_hitter_status[0m:[36m1029[0m - [1mHITTER realtime status: phase=waiting submitted=732 completed=75 failed=632 dropped=25 result_age_s=240.840 epoch=7 generation=2567 policy_tts=0.920[0m
[32m2026-08-08 13:49:25.331[0m | [1mINFO    [0m | [36menvs.hitter[0m:[36m_log_hitter_status[0m:[36m1029[0m - [1mHITTER realtime status: phase=waiting submitted=732 completed=75 failed=632 dropped=25 result_age_s=241.840 epoch=7 generation=2567 policy_tts=0.920[0m
[32m2026-08-08 13:49:26.332[0m | [1mINFO    [0m | [36menvs.hitter[0m:[36m_log_hitter_status[0m:[36m1029[0m - [1mHITTER realtime status: phase=waiting submitted=732 completed=75 failed=632 dropped=25 result_age_s=242.841 epoch=7 generation=2567 policy_tts=0.920[0m
[32m2026-08-08 13:49:27.332[0m | [1mINFO    [0m | [36menvs.hitter[0m:[36m_log_hitter_status[0m:[36m1029[0m - [1mHITTER realtime status: phase=waiting submitted=732 completed=75 failed=632 dropped=25 result_age_s=243.841 epoch=7 generation=2567 policy_tts=0.920[0m
[32m2026-08-08 13:49:28.351[0m | [1mINFO    [0m | [36menvs.hitter[0m:[36m_log_hitter_status[0m:[36m1029[0m - [1mHITTER realtime status: phase=waiting submitted=732 completed=75 failed=632 dropped=25 result_age_s=244.860 epoch=7 generation=2567 policy_tts=0.920[0m
[32m2026-08-08 13:49:29.352[0m | [1mINFO    [0m | [36menvs.hitter[0m:[36m_log_hitter_status[0m:[36m1029[0m - [1mHITTER realtime status: phase=waiting submitted=732 completed=75 failed=632 dropped=25 result_age_s=245.861 epoch=7 generation=2567 policy_tts=0.920[0m
[32m2026-08-08 13:49:30.352[0m | [1mINFO    [0m | [36menvs.hitter[0m:[36m_log_hitter_status[0m:[36m1029[0m - [1mHITTER realtime status: phase=waiting submitted=732 completed=75 failed=632 dropped=25 result_age_s=246.861 epoch=7 generation=2567 policy_tts=0.920[0m
[32m2026-08-08 13:49:31.371[0m | [1mINFO    [0m | [36menvs.hitter[0m:[36m_log_hitter_status[0m:[36m1029[0m - [1mHITTER realtime status: phase=waiting submitted=732 completed=75 failed=632 dropped=25 result_age_s=247.880 epoch=7 generation=2567 policy_tts=0.920[0m
[32m2026-08-08 13:49:32.371[0m | [1mINFO    [0m | [36menvs.hitter[0m:[36m_log_hitter_status[0m:[36m1029[0m - [1mHITTER realtime status: phase=waiting submitted=732 completed=75 failed=632 dropped=25 result_age_s=248.880 epoch=7 generation=2567 policy_tts=0.920[0m
[32m2026-08-08 13:49:33.372[0m | [1mINFO    [0m | [36menvs.hitter[0m:[36m_log_hitter_status[0m:[36m1029[0m - [1mHITTER realtime status: phase=waiting submitted=732 completed=75 failed=632 dropped=25 result_age_s=249.881 epoch=7 generation=2567 policy_tts=0.920[0m
[32m2026-08-08 13:49:34.372[0m | [1mINFO    [0m | [36menvs.hitter[0m:[36m_log_hitter_status[0m:[36m1029[0m - [1mHITTER realtime status: phase=waiting submitted=732 completed=75 failed=632 dropped=25 result_age_s=250.881 epoch=7 generation=2567 policy_tts=0.920[0m
[32m2026-08-08 13:49:35.391[0m | [1mINFO    [0m | [36menvs.hitter[0m:[36m_log_hitter_status[0m:[36m1029[0m - [1mHITTER realtime status: phase=waiting submitted=732 completed=75 failed=632 dropped=25 result_age_s=251.900 epoch=7 generation=2567 policy_tts=0.920[0m
[32m2026-08-08 13:49:36.391[0m | [1mINFO    [0m | [36menvs.hitter[0m:[36m_log_hitter_status[0m:[36m1029[0m - [1mHITTER realtime status: phase=waiting submitted=732 completed=75 failed=632 dropped=25 result_age_s=252.900 epoch=7 generation=2567 policy_tts=0.920[0m
[32m2026-08-08 13:49:37.392[0m | [1mINFO    [0m | [36menvs.hitter[0m:[36m_log_hitter_status[0m:[36m1029[0m - [1mHITTER realtime status: phase=waiting submitted=732 completed=75 failed=632 dropped=25 result_age_s=253.901 epoch=7 generation=2567 policy_tts=0.920[0m
[32m2026-08-08 13:49:38.411[0m | [1mINFO    [0m | [36menvs.hitter[0m:[36m_log_hitter_status[0m:[36m1029[0m - [1mHITTER realtime status: phase=waiting submitted=732 completed=75 failed=632 dropped=25 result_age_s=254.920 epoch=7 generation=2567 policy_tts=0.920[0m
[32m2026-08-08 13:49:39.412[0m | [1mINFO    [0m | [36menvs.hitter[0m:[36m_log_hitter_status[0m:[36m1029[0m - [1mHITTER realtime status: phase=waiting submitted=732 completed=75 failed=632 dropped=25 result_age_s=255.921 epoch=7 generation=2567 policy_tts=0.920[0m
[32m2026-08-08 13:49:40.412[0m | [1mINFO    [0m | [36menvs.hitter[0m:[36m_log_hitter_status[0m:[36m1029[0m - [1mHITTER realtime status: phase=waiting submitted=732 completed=75 failed=632 dropped=25 result_age_s=256.921 epoch=7 generation=2567 policy_tts=0.920[0m
[32m2026-08-08 13:49:41.412[0m | [1mINFO    [0m | [36menvs.hitter[0m:[36m_log_hitter_status[0m:[36m1029[0m - [1mHITTER realtime status: phase=waiting submitted=732 completed=75 failed=632 dropped=25 result_age_s=257.921 epoch=7 generation=2567 policy_tts=0.920[0m
[32m2026-08-08 13:49:42.431[0m | [1mINFO    [0m | [36menvs.hitter[0m:[36m_log_hitter_status[0m:[36m1029[0m - [1mHITTER realtime status: phase=waiting submitted=732 completed=75 failed=632 dropped=25 result_age_s=258.940 epoch=7 generation=2567 policy_tts=0.920[0m
[32m2026-08-08 13:49:43.432[0m | [1mINFO    [0m | [36menvs.hitter[0m:[36m_log_hitter_status[0m:[36m1029[0m - [1mHITTER realtime status: phase=waiting submitted=732 completed=75 failed=632 dropped=25 result_age_s=259.941 epoch=7 generation=2567 policy_tts=0.920[0m
[32m2026-08-08 13:49:44.451[0m | [1mINFO    [0m | [36menvs.hitter[0m:[36m_log_hitter_status[0m:[36m1029[0m - [1mHITTER realtime status: phase=waiting submitted=732 completed=75 failed=632 dropped=25 result_age_s=260.960 epoch=7 generation=2567 policy_tts=0.920[0m
[32m2026-08-08 13:49:45.451[0m | [1mINFO    [0m | [36menvs.hitter[0m:[36m_log_hitter_status[0m:[36m1029[0m - [1mHITTER realtime status: phase=waiting submitted=732 completed=75 failed=632 dropped=25 result_age_s=261.960 epoch=7 generation=2567 policy_tts=0.920[0m
[32m2026-08-08 13:49:46.452[0m | [1mINFO    [0m | [36menvs.hitter[0m:[36m_log_hitter_status[0m:[36m1029[0m - [1mHITTER realtime status: phase=waiting submitted=732 completed=75 failed=632 dropped=25 result_age_s=262.961 epoch=7 generation=2567 policy_tts=0.920[0m
[32m2026-08-08 13:49:47.452[0m | [1mINFO    [0m | [36menvs.hitter[0m:[36m_log_hitter_status[0m:[36m1029[0m - [1mHITTER realtime status: phase=waiting submitted=732 completed=75 failed=632 dropped=25 result_age_s=263.961 epoch=7 generation=2567 policy_tts=0.920[0m
[32m2026-08-08 13:49:48.471[0m | [1mINFO    [0m | [36menvs.hitter[0m:[36m_log_hitter_status[0m:[36m1029[0m - [1mHITTER realtime status: phase=waiting submitted=732 completed=75 failed=632 dropped=25 result_age_s=264.980 epoch=7 generation=2567 policy_tts=0.920[0m
[32m2026-08-08 13:49:49.471[0m | [1mINFO    [0m | [36menvs.hitter[0m:[36m_log_hitter_status[0m:[36m1029[0m - [1mHITTER realtime status: phase=waiting submitted=732 completed=75 failed=632 dropped=25 result_age_s=265.980 epoch=7 generation=2567 policy_tts=0.920[0m
[32m2026-08-08 13:49:50.472[0m | [1mINFO    [0m | [36menvs.hitter[0m:[36m_log_hitter_status[0m:[36m1029[0m - [1mHITTER realtime status: phase=waiting submitted=732 completed=75 failed=632 dropped=25 result_age_s=266.981 epoch=7 generation=2567 policy_tts=0.920[0m
[32m2026-08-08 13:49:51.472[0m | [1mINFO    [0m | [36menvs.hitter[0m:[36m_log_hitter_status[0m:[36m1029[0m - [1mHITTER realtime status: phase=waiting submitted=732 completed=75 failed=632 dropped=25 result_age_s=267.981 epoch=7 generation=2567 policy_tts=0.920[0m
[32m2026-08-08 13:49:52.491[0m | [1mINFO    [0m | [36menvs.hitter[0m:[36m_log_hitter_status[0m:[36m1029[0m - [1mHITTER realtime status: phase=waiting submitted=732 completed=75 failed=632 dropped=25 result_age_s=269.000 epoch=7 generation=2567 policy_tts=0.920[0m
[32m2026-08-08 13:49:53.491[0m | [1mINFO    [0m | [36menvs.hitter[0m:[36m_log_hitter_status[0m:[36m1029[0m - [1mHITTER realtime status: phase=waiting submitted=732 completed=75 failed=632 dropped=25 result_age_s=270.000 epoch=7 generation=2567 policy_tts=0.920[0m
[32m2026-08-08 13:49:54.492[0m | [1mINFO    [0m | [36menvs.hitter[0m:[36m_log_hitter_status[0m:[36m1029[0m - [1mHITTER realtime status: phase=waiting submitted=732 completed=75 failed=632 dropped=25 result_age_s=271.001 epoch=7 generation=2567 policy_tts=0.920[0m
[32m2026-08-08 13:49:55.492[0m | [1mINFO    [0m | [36menvs.hitter[0m:[36m_log_hitter_status[0m:[36m1029[0m - [1mHITTER realtime status: phase=waiting submitted=732 completed=75 failed=632 dropped=25 result_age_s=272.001 epoch=7 generation=2567 policy_tts=0.920[0m
[32m2026-08-08 13:49:56.511[0m | [1mINFO    [0m | [36menvs.hitter[0m:[36m_log_hitter_status[0m:[36m1029[0m - [1mHITTER realtime status: phase=waiting submitted=732 completed=75 failed=632 dropped=25 result_age_s=273.020 epoch=7 generation=2567 policy_tts=0.920[0m
[32m2026-08-08 13:49:57.512[0m | [1mINFO    [0m | [36menvs.hitter[0m:[36m_log_hitter_status[0m:[36m1029[0m - [1mHITTER realtime status: phase=waiting submitted=732 completed=75 failed=632 dropped=25 result_age_s=274.021 epoch=7 generation=2567 policy_tts=0.920[0m
[32m2026-08-08 13:49:58.512[0m | [1mINFO    [0m | [36menvs.hitter[0m:[36m_log_hitter_status[0m:[36m1029[0m - [1mHITTER realtime status: phase=waiting submitted=732 completed=75 failed=632 dropped=25 result_age_s=275.021 epoch=7 generation=2567 policy_tts=0.920[0m
[32m2026-08-08 13:49:59.531[0m | [1mINFO    [0m | [36menvs.hitter[0m:[36m_log_hitter_status[0m:[36m1029[0m - [1mHITTER realtime status: phase=waiting submitted=732 completed=75 failed=632 dropped=25 result_age_s=276.040 epoch=7 generation=2567 policy_tts=0.920[0m
[32m2026-08-08 13:50:00.531[0m | [1mINFO    [0m | [36menvs.hitter[0m:[36m_log_hitter_status[0m:[36m1029[0m - [1mHITTER realtime status: phase=waiting submitted=732 completed=75 failed=632 dropped=25 result_age_s=277.040 epoch=7 generation=2567 policy_tts=0.920[0m
[32m2026-08-08 13:50:01.531[0m | [1mINFO    [0m | [36menvs.hitter[0m:[36m_log_hitter_status[0m:[36m1029[0m - [1mHITTER realtime status: phase=waiting submitted=732 completed=75 failed=632 dropped=25 result_age_s=278.040 epoch=7 generation=2567 policy_tts=0.920[0m
[32m2026-08-08 13:50:02.531[0m | [1mINFO    [0m | [36menvs.hitter[0m:[36m_log_hitter_status[0m:[36m1029[0m - [1mHITTER realtime status: phase=waiting submitted=732 completed=75 failed=632 dropped=25 result_age_s=279.040 epoch=7 generation=2567 policy_tts=0.920[0m
[32m2026-08-08 13:50:03.532[0m | [1mINFO    [0m | [36menvs.hitter[0m:[36m_log_hitter_status[0m:[36m1029[0m - [1mHITTER realtime status: phase=waiting submitted=732 completed=75 failed=632 dropped=25 result_age_s=280.041 epoch=7 generation=2567 policy_tts=0.920[0m
[32m2026-08-08 13:50:04.532[0m | [1mINFO    [0m | [36menvs.hitter[0m:[36m_log_hitter_status[0m:[36m1029[0m - [1mHITTER realtime status: phase=waiting submitted=732 completed=75 failed=632 dropped=25 result_age_s=281.041 epoch=7 generation=2567 policy_tts=0.920[0m
[32m2026-08-08 13:50:05.551[0m | [1mINFO    [0m | [36menvs.hitter[0m:[36m_log_hitter_status[0m:[36m1029[0m - [1mHITTER realtime status: phase=waiting submitted=732 completed=75 failed=632 dropped=25 result_age_s=282.060 epoch=7 generation=2567 policy_tts=0.920[0m
[32m2026-08-08 13:50:06.552[0m | [1mINFO    [0m | [36menvs.hitter[0m:[36m_log_hitter_status[0m:[36m1029[0m - [1mHITTER realtime status: phase=waiting submitted=732 completed=75 failed=632 dropped=25 result_age_s=283.061 epoch=7 generation=2567 policy_tts=0.920[0m
[32m2026-08-08 13:50:07.552[0m | [1mINFO    [0m | [36menvs.hitter[0m:[36m_log_hitter_status[0m:[36m1029[0m - [1mHITTER realtime status: phase=waiting submitted=732 completed=75 failed=632 dropped=25 result_age_s=284.061 epoch=7 generation=2567 policy_tts=0.920[0m
[32m2026-08-08 13:50:08.552[0m | [1mINFO    [0m | [36menvs.hitter[0m:[36m_log_hitter_status[0m:[36m1029[0m - [1mHITTER realtime status: phase=waiting submitted=732 completed=75 failed=632 dropped=25 result_age_s=285.061 epoch=7 generation=2567 policy_tts=0.920[0m
[32m2026-08-08 13:50:09.571[0m | [1mINFO    [0m | [36menvs.hitter[0m:[36m_log_hitter_status[0m:[36m1029[0m - [1mHITTER realtime status: phase=waiting submitted=732 completed=75 failed=632 dropped=25 result_age_s=286.080 epoch=7 generation=2567 policy_tts=0.920[0m
[32m2026-08-08 13:50:10.571[0m | [1mINFO    [0m | [36menvs.hitter[0m:[36m_log_hitter_status[0m:[36m1029[0m - [1mHITTER realtime status: phase=waiting submitted=732 completed=75 failed=632 dropped=25 result_age_s=287.080 epoch=7 generation=2567 policy_tts=0.920[0m
[32m2026-08-08 13:50:11.572[0m | [1mINFO    [0m | [36menvs.hitter[0m:[36m_log_hitter_status[0m:[36m1029[0m - [1mHITTER realtime status: phase=waiting submitted=732 completed=75 failed=632 dropped=25 result_age_s=288.081 epoch=7 generation=2567 policy_tts=0.920[0m
[32m2026-08-08 13:50:12.591[0m | [1mINFO    [0m | [36menvs.hitter[0m:[36m_log_hitter_status[0m:[36m1029[0m - [1mHITTER realtime status: phase=waiting submitted=732 completed=75 failed=632 dropped=25 result_age_s=289.100 epoch=7 generation=2567 policy_tts=0.920[0m
[32m2026-08-08 13:50:13.591[0m | [1mINFO    [0m | [36menvs.hitter[0m:[36m_log_hitter_status[0m:[36m1029[0m - [1mHITTER realtime status: phase=waiting submitted=732 completed=75 failed=632 dropped=25 result_age_s=290.100 epoch=7 generation=2567 policy_tts=0.920[0m
[32m2026-08-08 13:50:14.592[0m | [1mINFO    [0m | [36menvs.hitter[0m:[36m_log_hitter_status[0m:[36m1029[0m - [1mHITTER realtime status: phase=waiting submitted=732 completed=75 failed=632 dropped=25 result_age_s=291.101 epoch=7 generation=2567 policy_tts=0.920[0m
[32m2026-08-08 13:50:15.611[0m | [1mINFO    [0m | [36menvs.hitter[0m:[36m_log_hitter_status[0m:[36m1029[0m - [1mHITTER realtime status: phase=waiting submitted=732 completed=75 failed=632 dropped=25 result_age_s=292.120 epoch=7 generation=2567 policy_tts=0.920[0m
[32m2026-08-08 13:50:16.611[0m | [1mINFO    [0m | [36menvs.hitter[0m:[36m_log_hitter_status[0m:[36m1029[0m - [1mHITTER realtime status: phase=waiting submitted=732 completed=75 failed=632 dropped=25 result_age_s=293.120 epoch=7 generation=2567 policy_tts=0.920[0m
[32m2026-08-08 13:50:17.612[0m | [1mINFO    [0m | [36menvs.hitter[0m:[36m_log_hitter_status[0m:[36m1029[0m - [1mHITTER realtime status: phase=waiting submitted=732 completed=75 failed=632 dropped=25 result_age_s=294.121 epoch=7 generation=2567 policy_tts=0.920[0m
[32m2026-08-08 13:50:18.612[0m | [1mINFO    [0m | [36menvs.hitter[0m:[36m_log_hitter_status[0m:[36m1029[0m - [1mHITTER realtime status: phase=waiting submitted=732 completed=75 failed=632 dropped=25 result_age_s=295.121 epoch=7 generation=2567 policy_tts=0.920[0m
[32m2026-08-08 13:50:19.631[0m | [1mINFO    [0m | [36menvs.hitter[0m:[36m_log_hitter_status[0m:[36m1029[0m - [1mHITTER realtime status: phase=waiting submitted=732 completed=75 failed=632 dropped=25 result_age_s=296.140 epoch=7 generation=2567 policy_tts=0.920[0m
[32m2026-08-08 13:50:20.631[0m | [1mINFO    [0m | [36menvs.hitter[0m:[36m_log_hitter_status[0m:[36m1029[0m - [1mHITTER realtime status: phase=waiting submitted=732 completed=75 failed=632 dropped=25 result_age_s=297.140 epoch=7 generation=2567 policy_tts=0.920[0m
[32m2026-08-08 13:50:21.632[0m | [1mINFO    [0m | [36menvs.hitter[0m:[36m_log_hitter_status[0m:[36m1029[0m - [1mHITTER realtime status: phase=waiting submitted=732 completed=75 failed=632 dropped=25 result_age_s=298.141 epoch=7 generation=2567 policy_tts=0.920[0m
[32m2026-08-08 13:50:22.651[0m | [1mINFO    [0m | [36menvs.hitter[0m:[36m_log_hitter_status[0m:[36m1029[0m - [1mHITTER realtime status: phase=waiting submitted=732 completed=75 failed=632 dropped=25 result_age_s=299.160 epoch=7 generation=2567 policy_tts=0.920[0m
[32m2026-08-08 13:50:23.651[0m | [1mINFO    [0m | [36menvs.hitter[0m:[36m_log_hitter_status[0m:[36m1029[0m - [1mHITTER realtime status: phase=waiting submitted=732 completed=75 failed=632 dropped=25 result_age_s=300.160 epoch=7 generation=2567 policy_tts=0.920[0m
[32m2026-08-08 13:50:24.652[0m | [1mINFO    [0m | [36menvs.hitter[0m:[36m_log_hitter_status[0m:[36m1029[0m - [1mHITTER realtime status: phase=waiting submitted=732 completed=75 failed=632 dropped=25 result_age_s=301.161 epoch=7 generation=2567 policy_tts=0.920[0m
[32m2026-08-08 13:50:25.652[0m | [1mINFO    [0m | [36menvs.hitter[0m:[36m_log_hitter_status[0m:[36m1029[0m - [1mHITTER realtime status: phase=waiting submitted=732 completed=75 failed=632 dropped=25 result_age_s=302.161 epoch=7 generation=2567 policy_tts=0.920[0m
[32m2026-08-08 13:50:26.671[0m | [1mINFO    [0m | [36menvs.hitter[0m:[36m_log_hitter_status[0m:[36m1029[0m - [1mHITTER realtime status: phase=waiting submitted=732 completed=75 failed=632 dropped=25 result_age_s=303.180 epoch=7 generation=2567 policy_tts=0.920[0m
[32m2026-08-08 13:50:27.671[0m | [1mINFO    [0m | [36menvs.hitter[0m:[36m_log_hitter_status[0m:[36m1029[0m - [1mHITTER realtime status: phase=waiting submitted=732 completed=75 failed=632 dropped=25 result_age_s=304.180 epoch=7 generation=2567 policy_tts=0.920[0m
[32m2026-08-08 13:50:28.672[0m | [1mINFO    [0m | [36menvs.hitter[0m:[36m_log_hitter_status[0m:[36m1029[0m - [1mHITTER realtime status: phase=waiting submitted=732 completed=75 failed=632 dropped=25 result_age_s=305.181 epoch=7 generation=2567 policy_tts=0.920[0m
[32m2026-08-08 13:50:29.691[0m | [1mINFO    [0m | [36menvs.hitter[0m:[36m_log_hitter_status[0m:[36m1029[0m - [1mHITTER realtime status: phase=waiting submitted=732 completed=75 failed=632 dropped=25 result_age_s=306.200 epoch=7 generation=2567 policy_tts=0.920[0m
[32m2026-08-08 13:50:30.691[0m | [1mINFO    [0m | [36menvs.hitter[0m:[36m_log_hitter_status[0m:[36m1029[0m - [1mHITTER realtime status: phase=waiting submitted=732 completed=75 failed=632 dropped=25 result_age_s=307.200 epoch=7 generation=2567 policy_tts=0.920[0m
[32m2026-08-08 13:50:31.692[0m | [1mINFO    [0m | [36menvs.hitter[0m:[36m_log_hitter_status[0m:[36m1029[0m - [1mHITTER realtime status: phase=waiting submitted=732 completed=75 failed=632 dropped=25 result_age_s=308.201 epoch=7 generation=2567 policy_tts=0.920[0m
[32m2026-08-08 13:50:32.711[0m | [1mINFO    [0m | [36menvs.hitter[0m:[36m_log_hitter_status[0m:[36m1029[0m - [1mHITTER realtime status: phase=waiting submitted=732 completed=75 failed=632 dropped=25 result_age_s=309.220 epoch=7 generation=2567 policy_tts=0.920[0m
[32m2026-08-08 13:50:33.711[0m | [1mINFO    [0m | [36menvs.hitter[0m:[36m_log_hitter_status[0m:[36m1029[0m - [1mHITTER realtime status: phase=waiting submitted=732 completed=75 failed=632 dropped=25 result_age_s=310.220 epoch=7 generation=2567 policy_tts=0.920[0m
[32m2026-08-08 13:50:34.712[0m | [1mINFO    [0m | [36menvs.hitter[0m:[36m_log_hitter_status[0m:[36m1029[0m - [1mHITTER realtime status: phase=waiting submitted=732 completed=75 failed=632 dropped=25 result_age_s=311.221 epoch=7 generation=2567 policy_tts=0.920[0m
[32m2026-08-08 13:50:35.712[0m | [1mINFO    [0m | [36menvs.hitter[0m:[36m_log_hitter_status[0m:[36m1029[0m - [1mHITTER realtime status: phase=waiting submitted=732 completed=75 failed=632 dropped=25 result_age_s=312.221 epoch=7 generation=2567 policy_tts=0.920[0m
[32m2026-08-08 13:50:36.712[0m | [1mINFO    [0m | [36menvs.hitter[0m:[36m_log_hitter_status[0m:[36m1029[0m - [1mHITTER realtime status: phase=waiting submitted=732 completed=75 failed=632 dropped=25 result_age_s=313.221 epoch=7 generation=2567 policy_tts=0.920[0m
[32m2026-08-08 13:50:37.731[0m | [1mINFO    [0m | [36menvs.hitter[0m:[36m_log_hitter_status[0m:[36m1029[0m - [1mHITTER realtime status: phase=waiting submitted=732 completed=75 failed=632 dropped=25 result_age_s=314.240 epoch=7 generation=2567 policy_tts=0.920[0m
[32m2026-08-08 13:50:38.732[0m | [1mINFO    [0m | [36menvs.hitter[0m:[36m_log_hitter_status[0m:[36m1029[0m - [1mHITTER realtime status: phase=waiting submitted=732 completed=75 failed=632 dropped=25 result_age_s=315.241 epoch=7 generation=2567 policy_tts=0.920[0m
[32m2026-08-08 13:50:39.751[0m | [1mINFO    [0m | [36menvs.hitter[0m:[36m_log_hitter_status[0m:[36m1029[0m - [1mHITTER realtime status: phase=waiting submitted=732 completed=75 failed=632 dropped=25 result_age_s=316.260 epoch=7 generation=2567 policy_tts=0.920[0m
[32m2026-08-08 13:50:40.751[0m | [1mINFO    [0m | [36menvs.hitter[0m:[36m_log_hitter_status[0m:[36m1029[0m - [1mHITTER realtime status: phase=waiting submitted=732 completed=75 failed=632 dropped=25 result_age_s=317.260 epoch=7 generation=2567 policy_tts=0.920[0m
[32m2026-08-08 13:50:41.752[0m | [1mINFO    [0m | [36menvs.hitter[0m:[36m_log_hitter_status[0m:[36m1029[0m - [1mHITTER realtime status: phase=waiting submitted=732 completed=75 failed=632 dropped=25 result_age_s=318.261 epoch=7 generation=2567 policy_tts=0.920[0m
[32m2026-08-08 13:50:42.771[0m | [1mINFO    [0m | [36menvs.hitter[0m:[36m_log_hitter_status[0m:[36m1029[0m - [1mHITTER realtime status: phase=waiting submitted=732 completed=75 failed=632 dropped=25 result_age_s=319.280 epoch=7 generation=2567 policy_tts=0.920[0m
[32m2026-08-08 13:50:43.771[0m | [1mINFO    [0m | [36menvs.hitter[0m:[36m_log_hitter_status[0m:[36m1029[0m - [1mHITTER realtime status: phase=waiting submitted=732 completed=75 failed=632 dropped=25 result_age_s=320.280 epoch=7 generation=2567 policy_tts=0.920[0m
[32m2026-08-08 13:50:44.772[0m | [1mINFO    [0m | [36menvs.hitter[0m:[36m_log_hitter_status[0m:[36m1029[0m - [1mHITTER realtime status: phase=waiting submitted=732 completed=75 failed=632 dropped=25 result_age_s=321.281 epoch=7 generation=2567 policy_tts=0.920[0m
[32m2026-08-08 13:50:45.791[0m | [1mINFO    [0m | [36menvs.hitter[0m:[36m_log_hitter_status[0m:[36m1029[0m - [1mHITTER realtime status: phase=waiting submitted=732 completed=75 failed=632 dropped=25 result_age_s=322.300 epoch=7 generation=2567 policy_tts=0.920[0m
[32m2026-08-08 13:50:46.791[0m | [1mINFO    [0m | [36menvs.hitter[0m:[36m_log_hitter_status[0m:[36m1029[0m - [1mHITTER realtime status: phase=waiting submitted=732 completed=75 failed=632 dropped=25 result_age_s=323.300 epoch=7 generation=2567 policy_tts=0.920[0m
[32m2026-08-08 13:50:47.792[0m | [1mINFO    [0m | [36menvs.hitter[0m:[36m_log_hitter_status[0m:[36m1029[0m - [1mHITTER realtime status: phase=waiting submitted=732 completed=75 failed=632 dropped=25 result_age_s=324.301 epoch=7 generation=2567 policy_tts=0.920[0m
[32m2026-08-08 13:50:48.792[0m | [1mINFO    [0m | [36menvs.hitter[0m:[36m_log_hitter_status[0m:[36m1029[0m - [1mHITTER realtime status: phase=waiting submitted=732 completed=75 failed=632 dropped=25 result_age_s=325.302 epoch=7 generation=2567 policy_tts=0.920[0m
[32m2026-08-08 13:50:49.811[0m | [1mINFO    [0m | [36menvs.hitter[0m:[36m_log_hitter_status[0m:[36m1029[0m - [1mHITTER realtime status: phase=waiting submitted=732 completed=75 failed=632 dropped=25 result_age_s=326.320 epoch=7 generation=2567 policy_tts=0.920[0m
[32m2026-08-08 13:50:50.811[0m | [1mINFO    [0m | [36menvs.hitter[0m:[36m_log_hitter_status[0m:[36m1029[0m - [1mHITTER realtime status: phase=waiting submitted=732 completed=75 failed=632 dropped=25 result_age_s=327.320 epoch=7 generation=2567 policy_tts=0.920[0m
[32m2026-08-08 13:50:51.812[0m | [1mINFO    [0m | [36menvs.hitter[0m:[36m_log_hitter_status[0m:[36m1029[0m - [1mHITTER realtime status: phase=waiting submitted=732 completed=75 failed=632 dropped=25 result_age_s=328.321 epoch=7 generation=2567 policy_tts=0.920[0m
[32m2026-08-08 13:50:52.812[0m | [1mINFO    [0m | [36menvs.hitter[0m:[36m_log_hitter_status[0m:[36m1029[0m - [1mHITTER realtime status: phase=waiting submitted=732 completed=75 failed=632 dropped=25 result_age_s=329.321 epoch=7 generation=2567 policy_tts=0.920[0m
[32m2026-08-08 13:50:53.831[0m | [1mINFO    [0m | [36menvs.hitter[0m:[36m_log_hitter_status[0m:[36m1029[0m - [1mHITTER realtime status: phase=waiting submitted=732 completed=75 failed=632 dropped=25 result_age_s=330.340 epoch=7 generation=2567 policy_tts=0.920[0m
[32m2026-08-08 13:50:54.831[0m | [1mINFO    [0m | [36menvs.hitter[0m:[36m_log_hitter_status[0m:[36m1029[0m - [1mHITTER realtime status: phase=waiting submitted=732 completed=75 failed=632 dropped=25 result_age_s=331.340 epoch=7 generation=2567 policy_tts=0.920[0m
[32m2026-08-08 13:50:55.831[0m | [1mINFO    [0m | [36menvs.hitter[0m:[36m_log_hitter_status[0m:[36m1029[0m - [1mHITTER realtime status: phase=waiting submitted=732 completed=75 failed=632 dropped=25 result_age_s=332.340 epoch=7 generation=2567 policy_tts=0.920[0m
[32m2026-08-08 13:50:56.832[0m | [1mINFO    [0m | [36menvs.hitter[0m:[36m_log_hitter_status[0m:[36m1029[0m - [1mHITTER realtime status: phase=waiting submitted=732 completed=75 failed=632 dropped=25 result_age_s=333.341 epoch=7 generation=2567 policy_tts=0.920[0m
[32m2026-08-08 13:50:57.851[0m | [1mINFO    [0m | [36menvs.hitter[0m:[36m_log_hitter_status[0m:[36m1029[0m - [1mHITTER realtime status: phase=waiting submitted=732 completed=75 failed=632 dropped=25 result_age_s=334.360 epoch=7 generation=2567 policy_tts=0.920[0m
[32m2026-08-08 13:50:58.852[0m | [1mINFO    [0m | [36menvs.hitter[0m:[36m_log_hitter_status[0m:[36m1029[0m - [1mHITTER realtime status: phase=waiting submitted=732 completed=75 failed=632 dropped=25 result_age_s=335.361 epoch=7 generation=2567 policy_tts=0.920[0m
[32m2026-08-08 13:50:59.852[0m | [1mINFO    [0m | [36menvs.hitter[0m:[36m_log_hitter_status[0m:[36m1029[0m - [1mHITTER realtime status: phase=waiting submitted=732 completed=75 failed=632 dropped=25 result_age_s=336.361 epoch=7 generation=2567 policy_tts=0.920[0m
[32m2026-08-08 13:51:00.852[0m | [1mINFO    [0m | [36menvs.hitter[0m:[36m_log_hitter_status[0m:[36m1029[0m - [1mHITTER realtime status: phase=waiting submitted=732 completed=75 failed=632 dropped=25 result_age_s=337.361 epoch=7 generation=2567 policy_tts=0.920[0m
[32m2026-08-08 13:51:01.852[0m | [1mINFO    [0m | [36menvs.hitter[0m:[36m_log_hitter_status[0m:[36m1029[0m - [1mHITTER realtime status: phase=waiting submitted=732 completed=75 failed=632 dropped=25 result_age_s=338.361 epoch=7 generation=2567 policy_tts=0.920[0m
[32m2026-08-08 13:51:02.871[0m | [1mINFO    [0m | [36menvs.hitter[0m:[36m_log_hitter_status[0m:[36m1029[0m - [1mHITTER realtime status: phase=waiting submitted=732 completed=75 failed=632 dropped=25 result_age_s=339.380 epoch=7 generation=2567 policy_tts=0.920[0m
[32m2026-08-08 13:51:03.872[0m | [1mINFO    [0m | [36menvs.hitter[0m:[36m_log_hitter_status[0m:[36m1029[0m - [1mHITTER realtime status: phase=waiting submitted=732 completed=75 failed=632 dropped=25 result_age_s=340.381 epoch=7 generation=2567 policy_tts=0.920[0m
[32m2026-08-08 13:51:04.891[0m | [1mINFO    [0m | [36menvs.hitter[0m:[36m_log_hitter_status[0m:[36m1029[0m - [1mHITTER realtime status: phase=waiting submitted=732 completed=75 failed=632 dropped=25 result_age_s=341.400 epoch=7 generation=2567 policy_tts=0.920[0m
[32m2026-08-08 13:51:05.891[0m | [1mINFO    [0m | [36menvs.hitter[0m:[36m_log_hitter_status[0m:[36m1029[0m - [1mHITTER realtime status: phase=waiting submitted=732 completed=75 failed=632 dropped=25 result_age_s=342.400 epoch=7 generation=2567 policy_tts=0.920[0m
[32m2026-08-08 13:51:06.892[0m | [1mINFO    [0m | [36menvs.hitter[0m:[36m_log_hitter_status[0m:[36m1029[0m - [1mHITTER realtime status: phase=waiting submitted=732 completed=75 failed=632 dropped=25 result_age_s=343.401 epoch=7 generation=2567 policy_tts=0.920[0m
[32m2026-08-08 13:51:07.911[0m | [1mINFO    [0m | [36menvs.hitter[0m:[36m_log_hitter_status[0m:[36m1029[0m - [1mHITTER realtime status: phase=waiting submitted=732 completed=75 failed=632 dropped=25 result_age_s=344.420 epoch=7 generation=2567 policy_tts=0.920[0m
[32m2026-08-08 13:51:08.912[0m | [1mINFO    [0m | [36menvs.hitter[0m:[36m_log_hitter_status[0m:[36m1029[0m - [1mHITTER realtime status: phase=waiting submitted=732 completed=75 failed=632 dropped=25 result_age_s=345.421 epoch=7 generation=2567 policy_tts=0.920[0m
[32m2026-08-08 13:51:09.912[0m | [1mINFO    [0m | [36menvs.hitter[0m:[36m_log_hitter_status[0m:[36m1029[0m - [1mHITTER realtime status: phase=waiting submitted=732 completed=75 failed=632 dropped=25 result_age_s=346.421 epoch=7 generation=2567 policy_tts=0.920[0m
[32m2026-08-08 13:51:10.931[0m | [1mINFO    [0m | [36menvs.hitter[0m:[36m_log_hitter_status[0m:[36m1029[0m - [1mHITTER realtime status: phase=waiting submitted=732 completed=75 failed=632 dropped=25 result_age_s=347.440 epoch=7 generation=2567 policy_tts=0.920[0m
[32m2026-08-08 13:51:11.931[0m | [1mINFO    [0m | [36menvs.hitter[0m:[36m_log_hitter_status[0m:[36m1029[0m - [1mHITTER realtime status: phase=waiting submitted=732 completed=75 failed=632 dropped=25 result_age_s=348.440 epoch=7 generation=2567 policy_tts=0.920[0m
[32m2026-08-08 13:51:12.931[0m | [1mINFO    [0m | [36menvs.hitter[0m:[36m_log_hitter_status[0m:[36m1029[0m - [1mHITTER realtime status: phase=waiting submitted=732 completed=75 failed=632 dropped=25 result_age_s=349.440 epoch=7 generation=2567 policy_tts=0.920[0m
[32m2026-08-08 13:51:13.932[0m | [1mINFO    [0m | [36menvs.hitter[0m:[36m_log_hitter_status[0m:[36m1029[0m - [1mHITTER realtime status: phase=waiting submitted=732 completed=75 failed=632 dropped=25 result_age_s=350.441 epoch=7 generation=2567 policy_tts=0.920[0m
[32m2026-08-08 13:51:14.951[0m | [1mINFO    [0m | [36menvs.hitter[0m:[36m_log_hitter_status[0m:[36m1029[0m - [1mHITTER realtime status: phase=waiting submitted=732 completed=75 failed=632 dropped=25 result_age_s=351.460 epoch=7 generation=2567 policy_tts=0.920[0m
[32m2026-08-08 13:51:15.951[0m | [1mINFO    [0m | [36menvs.hitter[0m:[36m_log_hitter_status[0m:[36m1029[0m - [1mHITTER realtime status: phase=waiting submitted=732 completed=75 failed=632 dropped=25 result_age_s=352.460 epoch=7 generation=2567 policy_tts=0.920[0m
[32m2026-08-08 13:51:16.951[0m | [1mINFO    [0m | [36menvs.hitter[0m:[36m_log_hitter_status[0m:[36m1029[0m - [1mHITTER realtime status: phase=waiting submitted=732 completed=75 failed=632 dropped=25 result_age_s=353.460 epoch=7 generation=2567 policy_tts=0.920[0m
[32m2026-08-08 13:51:17.952[0m | [1mINFO    [0m | [36menvs.hitter[0m:[36m_log_hitter_status[0m:[36m1029[0m - [1mHITTER realtime status: phase=waiting submitted=732 completed=75 failed=632 dropped=25 result_age_s=354.461 epoch=7 generation=2567 policy_tts=0.920[0m
[32m2026-08-08 13:51:18.952[0m | [1mINFO    [0m | [36menvs.hitter[0m:[36m_log_hitter_status[0m:[36m1029[0m - [1mHITTER realtime status: phase=waiting submitted=732 completed=75 failed=632 dropped=25 result_age_s=355.461 epoch=7 generation=2567 policy_tts=0.920[0m
[32m2026-08-08 13:51:19.971[0m | [1mINFO    [0m | [36menvs.hitter[0m:[36m_log_hitter_status[0m:[36m1029[0m - [1mHITTER realtime status: phase=waiting submitted=732 completed=75 failed=632 dropped=25 result_age_s=356.480 epoch=7 generation=2567 policy_tts=0.920[0m
[32m2026-08-08 13:51:20.971[0m | [1mINFO    [0m | [36menvs.hitter[0m:[36m_log_hitter_status[0m:[36m1029[0m - [1mHITTER realtime status: phase=waiting submitted=732 completed=75 failed=632 dropped=25 result_age_s=357.480 epoch=7 generation=2567 policy_tts=0.920[0m
[32m2026-08-08 13:51:21.971[0m | [1mINFO    [0m | [36menvs.hitter[0m:[36m_log_hitter_status[0m:[36m1029[0m - [1mHITTER realtime status: phase=waiting submitted=732 completed=75 failed=632 dropped=25 result_age_s=358.480 epoch=7 generation=2567 policy_tts=0.920[0m
[32m2026-08-08 13:51:22.972[0m | [1mINFO    [0m | [36menvs.hitter[0m:[36m_log_hitter_status[0m:[36m1029[0m - [1mHITTER realtime status: phase=waiting submitted=732 completed=75 failed=632 dropped=25 result_age_s=359.481 epoch=7 generation=2567 policy_tts=0.920[0m
[32m2026-08-08 13:51:23.991[0m | [1mINFO    [0m | [36menvs.hitter[0m:[36m_log_hitter_status[0m:[36m1029[0m - [1mHITTER realtime status: phase=waiting submitted=732 completed=75 failed=632 dropped=25 result_age_s=360.500 epoch=7 generation=2567 policy_tts=0.920[0m
[32m2026-08-08 13:51:24.991[0m | [1mINFO    [0m | [36menvs.hitter[0m:[36m_log_hitter_status[0m:[36m1029[0m - [1mHITTER realtime status: phase=waiting submitted=732 completed=75 failed=632 dropped=25 result_age_s=361.500 epoch=7 generation=2567 policy_tts=0.920[0m
[32m2026-08-08 13:51:25.992[0m | [1mINFO    [0m | [36menvs.hitter[0m:[36m_log_hitter_status[0m:[36m1029[0m - [1mHITTER realtime status: phase=waiting submitted=732 completed=75 failed=632 dropped=25 result_age_s=362.501 epoch=7 generation=2567 policy_tts=0.920[0m
[32m2026-08-08 13:51:26.992[0m | [1mINFO    [0m | [36menvs.hitter[0m:[36m_log_hitter_status[0m:[36m1029[0m - [1mHITTER realtime status: phase=waiting submitted=732 completed=75 failed=632 dropped=25 result_age_s=363.501 epoch=7 generation=2567 policy_tts=0.920[0m
[32m2026-08-08 13:51:27.992[0m | [1mINFO    [0m | [36menvs.hitter[0m:[36m_log_hitter_status[0m:[36m1029[0m - [1mHITTER realtime status: phase=waiting submitted=732 completed=75 failed=632 dropped=25 result_age_s=364.501 epoch=7 generation=2567 policy_tts=0.920[0m
[32m2026-08-08 13:51:28.992[0m | [1mINFO    [0m | [36menvs.hitter[0m:[36m_log_hitter_status[0m:[36m1029[0m - [1mHITTER realtime status: phase=waiting submitted=732 completed=75 failed=632 dropped=25 result_age_s=365.501 epoch=7 generation=2567 policy_tts=0.920[0m
[32m2026-08-08 13:51:30.011[0m | [1mINFO    [0m | [36menvs.hitter[0m:[36m_log_hitter_status[0m:[36m1029[0m - [1mHITTER realtime status: phase=waiting submitted=732 completed=75 failed=632 dropped=25 result_age_s=366.520 epoch=7 generation=2567 policy_tts=0.920[0m
[32m2026-08-08 13:51:31.012[0m | [1mINFO    [0m | [36menvs.hitter[0m:[36m_log_hitter_status[0m:[36m1029[0m - [1mHITTER realtime status: phase=waiting submitted=732 completed=75 failed=632 dropped=25 result_age_s=367.521 epoch=7 generation=2567 policy_tts=0.920[0m
[32m2026-08-08 13:51:32.012[0m | [1mINFO    [0m | [36menvs.hitter[0m:[36m_log_hitter_status[0m:[36m1029[0m - [1mHITTER realtime status: phase=waiting submitted=732 completed=75 failed=632 dropped=25 result_age_s=368.521 epoch=7 generation=2567 policy_tts=0.920[0m
[32m2026-08-08 13:51:33.031[0m | [1mINFO    [0m | [36menvs.hitter[0m:[36m_log_hitter_status[0m:[36m1029[0m - [1mHITTER realtime status: phase=waiting submitted=732 completed=75 failed=632 dropped=25 result_age_s=369.540 epoch=7 generation=2567 policy_tts=0.920[0m
[32m2026-08-08 13:51:34.031[0m | [1mINFO    [0m | [36menvs.hitter[0m:[36m_log_hitter_status[0m:[36m1029[0m - [1mHITTER realtime status: phase=waiting submitted=732 completed=75 failed=632 dropped=25 result_age_s=370.540 epoch=7 generation=2567 policy_tts=0.920[0m
[32m2026-08-08 13:51:35.032[0m | [1mINFO    [0m | [36menvs.hitter[0m:[36m_log_hitter_status[0m:[36m1029[0m - [1mHITTER realtime status: phase=waiting submitted=732 completed=75 failed=632 dropped=25 result_age_s=371.541 epoch=7 generation=2567 policy_tts=0.920[0m
[32m2026-08-08 13:51:36.051[0m | [1mINFO    [0m | [36menvs.hitter[0m:[36m_log_hitter_status[0m:[36m1029[0m - [1mHITTER realtime status: phase=waiting submitted=732 completed=75 failed=632 dropped=25 result_age_s=372.560 epoch=7 generation=2567 policy_tts=0.920[0m
[32m2026-08-08 13:51:37.051[0m | [1mINFO    [0m | [36menvs.hitter[0m:[36m_log_hitter_status[0m:[36m1029[0m - [1mHITTER realtime status: phase=waiting submitted=732 completed=75 failed=632 dropped=25 result_age_s=373.560 epoch=7 generation=2567 policy_tts=0.920[0m
[32m2026-08-08 13:51:38.051[0m | [1mINFO    [0m | [36menvs.hitter[0m:[36m_log_hitter_status[0m:[36m1029[0m - [1mHITTER realtime status: phase=waiting submitted=732 completed=75 failed=632 dropped=25 result_age_s=374.560 epoch=7 generation=2567 policy_tts=0.920[0m
[32m2026-08-08 13:51:39.052[0m | [1mINFO    [0m | [36menvs.hitter[0m:[36m_log_hitter_status[0m:[36m1029[0m - [1mHITTER realtime status: phase=waiting submitted=732 completed=75 failed=632 dropped=25 result_age_s=375.561 epoch=7 generation=2567 policy_tts=0.920[0m
[32m2026-08-08 13:51:40.071[0m | [1mINFO    [0m | [36menvs.hitter[0m:[36m_log_hitter_status[0m:[36m1029[0m - [1mHITTER realtime status: phase=waiting submitted=732 completed=75 failed=632 dropped=25 result_age_s=376.580 epoch=7 generation=2567 policy_tts=0.920[0m
[32m2026-08-08 13:51:41.072[0m | [1mINFO    [0m | [36menvs.hitter[0m:[36m_log_hitter_status[0m:[36m1029[0m - [1mHITTER realtime status: phase=waiting submitted=732 completed=75 failed=632 dropped=25 result_age_s=377.581 epoch=7 generation=2567 policy_tts=0.920[0m
[32m2026-08-08 13:51:42.091[0m | [1mINFO    [0m | [36menvs.hitter[0m:[36m_log_hitter_status[0m:[36m1029[0m - [1mHITTER realtime status: phase=waiting submitted=732 completed=75 failed=632 dropped=25 result_age_s=378.600 epoch=7 generation=2567 policy_tts=0.920[0m
[32m2026-08-08 13:51:43.091[0m | [1mINFO    [0m | [36menvs.hitter[0m:[36m_log_hitter_status[0m:[36m1029[0m - [1mHITTER realtime status: phase=waiting submitted=732 completed=75 failed=632 dropped=25 result_age_s=379.600 epoch=7 generation=2567 policy_tts=0.920[0m
[32m2026-08-08 13:51:44.092[0m | [1mINFO    [0m | [36menvs.hitter[0m:[36m_log_hitter_status[0m:[36m1029[0m - [1mHITTER realtime status: phase=waiting submitted=732 completed=75 failed=632 dropped=25 result_age_s=380.601 epoch=7 generation=2567 policy_tts=0.920[0m
[32m2026-08-08 13:51:45.092[0m | [1mINFO    [0m | [36menvs.hitter[0m:[36m_log_hitter_status[0m:[36m1029[0m - [1mHITTER realtime status: phase=waiting submitted=732 completed=75 failed=632 dropped=25 result_age_s=381.601 epoch=7 generation=2567 policy_tts=0.920[0m
[32m2026-08-08 13:51:46.111[0m | [1mINFO    [0m | [36menvs.hitter[0m:[36m_log_hitter_status[0m:[36m1029[0m - [1mHITTER realtime status: phase=waiting submitted=732 completed=75 failed=632 dropped=25 result_age_s=382.620 epoch=7 generation=2567 policy_tts=0.920[0m
[32m2026-08-08 13:51:47.111[0m | [1mINFO    [0m | [36menvs.hitter[0m:[36m_log_hitter_status[0m:[36m1029[0m - [1mHITTER realtime status: phase=waiting submitted=732 completed=75 failed=632 dropped=25 result_age_s=383.620 epoch=7 generation=2567 policy_tts=0.920[0m
[32m2026-08-08 13:51:48.112[0m | [1mINFO    [0m | [36menvs.hitter[0m:[36m_log_hitter_status[0m:[36m1029[0m - [1mHITTER realtime status: phase=waiting submitted=732 completed=75 failed=632 dropped=25 result_age_s=384.621 epoch=7 generation=2567 policy_tts=0.920[0m
[32m2026-08-08 13:51:49.131[0m | [1mINFO    [0m | [36menvs.hitter[0m:[36m_log_hitter_status[0m:[36m1029[0m - [1mHITTER realtime status: phase=waiting submitted=732 completed=75 failed=632 dropped=25 result_age_s=385.640 epoch=7 generation=2567 policy_tts=0.920[0m
[32m2026-08-08 13:51:50.131[0m | [1mINFO    [0m | [36menvs.hitter[0m:[36m_log_hitter_status[0m:[36m1029[0m - [1mHITTER realtime status: phase=waiting submitted=732 completed=75 failed=632 dropped=25 result_age_s=386.640 epoch=7 generation=2567 policy_tts=0.920[0m
[32m2026-08-08 13:51:51.132[0m | [1mINFO    [0m | [36menvs.hitter[0m:[36m_log_hitter_status[0m:[36m1029[0m - [1mHITTER realtime status: phase=waiting submitted=732 completed=75 failed=632 dropped=25 result_age_s=387.641 epoch=7 generation=2567 policy_tts=0.920[0m
[32m2026-08-08 13:51:52.151[0m | [1mINFO    [0m | [36menvs.hitter[0m:[36m_log_hitter_status[0m:[36m1029[0m - [1mHITTER realtime status: phase=waiting submitted=732 completed=75 failed=632 dropped=25 result_age_s=388.660 epoch=7 generation=2567 policy_tts=0.920[0m
[32m2026-08-08 13:51:53.152[0m | [1mINFO    [0m | [36menvs.hitter[0m:[36m_log_hitter_status[0m:[36m1029[0m - [1mHITTER realtime status: phase=waiting submitted=732 completed=75 failed=632 dropped=25 result_age_s=389.661 epoch=7 generation=2567 policy_tts=0.920[0m
[32m2026-08-08 13:51:54.152[0m | [1mINFO    [0m | [36menvs.hitter[0m:[36m_log_hitter_status[0m:[36m1029[0m - [1mHITTER realtime status: phase=waiting submitted=732 completed=75 failed=632 dropped=25 result_age_s=390.661 epoch=7 generation=2567 policy_tts=0.920[0m
[32m2026-08-08 13:51:55.171[0m | [1mINFO    [0m | [36menvs.hitter[0m:[36m_log_hitter_status[0m:[36m1029[0m - [1mHITTER realtime status: phase=waiting submitted=732 completed=75 failed=632 dropped=25 result_age_s=391.680 epoch=7 generation=2567 policy_tts=0.920[0m
[32m2026-08-08 13:51:56.172[0m | [1mINFO    [0m | [36menvs.hitter[0m:[36m_log_hitter_status[0m:[36m1029[0m - [1mHITTER realtime status: phase=waiting submitted=732 completed=75 failed=632 dropped=25 result_age_s=392.681 epoch=7 generation=2567 policy_tts=0.920[0m
[32m2026-08-08 13:51:57.172[0m | [1mINFO    [0m | [36menvs.hitter[0m:[36m_log_hitter_status[0m:[36m1029[0m - [1mHITTER realtime status: phase=waiting submitted=732 completed=75 failed=632 dropped=25 result_age_s=393.682 epoch=7 generation=2567 policy_tts=0.920[0m
[32m2026-08-08 13:51:58.191[0m | [1mINFO    [0m | [36menvs.hitter[0m:[36m_log_hitter_status[0m:[36m1029[0m - [1mHITTER realtime status: phase=waiting submitted=732 completed=75 failed=632 dropped=25 result_age_s=394.700 epoch=7 generation=2567 policy_tts=0.920[0m
[32m2026-08-08 13:51:59.192[0m | [1mINFO    [0m | [36menvs.hitter[0m:[36m_log_hitter_status[0m:[36m1029[0m - [1mHITTER realtime status: phase=waiting submitted=732 completed=75 failed=632 dropped=25 result_age_s=395.701 epoch=7 generation=2567 policy_tts=0.920[0m
[32m2026-08-08 13:52:00.211[0m | [1mINFO    [0m | [36menvs.hitter[0m:[36m_log_hitter_status[0m:[36m1029[0m - [1mHITTER realtime status: phase=waiting submitted=732 completed=75 failed=632 dropped=25 result_age_s=396.720 epoch=7 generation=2567 policy_tts=0.920[0m
[32m2026-08-08 13:52:01.211[0m | [1mINFO    [0m | [36menvs.hitter[0m:[36m_log_hitter_status[0m:[36m1029[0m - [1mHITTER realtime status: phase=waiting submitted=732 completed=75 failed=632 dropped=25 result_age_s=397.720 epoch=7 generation=2567 policy_tts=0.920[0m
[32m2026-08-08 13:52:02.211[0m | [1mINFO    [0m | [36menvs.hitter[0m:[36m_log_hitter_status[0m:[36m1029[0m - [1mHITTER realtime status: phase=waiting submitted=732 completed=75 failed=632 dropped=25 result_age_s=398.720 epoch=7 generation=2567 policy_tts=0.920[0m
[32m2026-08-08 13:52:03.212[0m | [1mINFO    [0m | [36menvs.hitter[0m:[36m_log_hitter_status[0m:[36m1029[0m - [1mHITTER realtime status: phase=waiting submitted=732 completed=75 failed=632 dropped=25 result_age_s=399.721 epoch=7 generation=2567 policy_tts=0.920[0m
[32m2026-08-08 13:52:04.231[0m | [1mINFO    [0m | [36menvs.hitter[0m:[36m_log_hitter_status[0m:[36m1029[0m - [1mHITTER realtime status: phase=waiting submitted=732 completed=75 failed=632 dropped=25 result_age_s=400.740 epoch=7 generation=2567 policy_tts=0.920[0m
[32m2026-08-08 13:52:05.232[0m | [1mINFO    [0m | [36menvs.hitter[0m:[36m_log_hitter_status[0m:[36m1029[0m - [1mHITTER realtime status: phase=waiting submitted=732 completed=75 failed=632 dropped=25 result_age_s=401.741 epoch=7 generation=2567 policy_tts=0.920[0m
[32m2026-08-08 13:52:06.251[0m | [1mINFO    [0m | [36menvs.hitter[0m:[36m_log_hitter_status[0m:[36m1029[0m - [1mHITTER realtime status: phase=waiting submitted=732 completed=75 failed=632 dropped=25 result_age_s=402.760 epoch=7 generation=2567 policy_tts=0.920[0m
[32m2026-08-08 13:52:07.252[0m | [1mINFO    [0m | [36menvs.hitter[0m:[36m_log_hitter_status[0m:[36m1029[0m - [1mHITTER realtime status: phase=waiting submitted=732 completed=75 failed=632 dropped=25 result_age_s=403.761 epoch=7 generation=2567 policy_tts=0.920[0m
[32m2026-08-08 13:52:08.271[0m | [1mINFO    [0m | [36menvs.hitter[0m:[36m_log_hitter_status[0m:[36m1029[0m - [1mHITTER realtime status: phase=waiting submitted=732 completed=75 failed=632 dropped=25 result_age_s=404.780 epoch=7 generation=2567 policy_tts=0.920[0m
[32m2026-08-08 13:52:09.271[0m | [1mINFO    [0m | [36menvs.hitter[0m:[36m_log_hitter_status[0m:[36m1029[0m - [1mHITTER realtime status: phase=waiting submitted=732 completed=75 failed=632 dropped=25 result_age_s=405.780 epoch=7 generation=2567 policy_tts=0.920[0m
[32m2026-08-08 13:52:10.272[0m | [1mINFO    [0m | [36menvs.hitter[0m:[36m_log_hitter_status[0m:[36m1029[0m - [1mHITTER realtime status: phase=waiting submitted=732 completed=75 failed=632 dropped=25 result_age_s=406.781 epoch=7 generation=2567 policy_tts=0.920[0m
[32m2026-08-08 13:52:11.291[0m | [1mINFO    [0m | [36menvs.hitter[0m:[36m_log_hitter_status[0m:[36m1029[0m - [1mHITTER realtime status: phase=waiting submitted=732 completed=75 failed=632 dropped=25 result_age_s=407.800 epoch=7 generation=2567 policy_tts=0.920[0m
[32m2026-08-08 13:52:12.292[0m | [1mINFO    [0m | [36menvs.hitter[0m:[36m_log_hitter_status[0m:[36m1029[0m - [1mHITTER realtime status: phase=waiting submitted=732 completed=75 failed=632 dropped=25 result_age_s=408.801 epoch=7 generation=2567 policy_tts=0.920[0m
[32m2026-08-08 13:52:13.311[0m | [1mINFO    [0m | [36menvs.hitter[0m:[36m_log_hitter_status[0m:[36m1029[0m - [1mHITTER realtime status: phase=waiting submitted=732 completed=75 failed=632 dropped=25 result_age_s=409.820 epoch=7 generation=2567 policy_tts=0.920[0m
[32m2026-08-08 13:52:14.312[0m | [1mINFO    [0m | [36menvs.hitter[0m:[36m_log_hitter_status[0m:[36m1029[0m - [1mHITTER realtime status: phase=waiting submitted=732 completed=75 failed=632 dropped=25 result_age_s=410.821 epoch=7 generation=2567 policy_tts=0.920[0m
[32m2026-08-08 13:52:15.331[0m | [1mINFO    [0m | [36menvs.hitter[0m:[36m_log_hitter_status[0m:[36m1029[0m - [1mHITTER realtime status: phase=waiting submitted=732 completed=75 failed=632 dropped=25 result_age_s=411.840 epoch=7 generation=2567 policy_tts=0.920[0m
[32m2026-08-08 13:52:16.331[0m | [1mINFO    [0m | [36menvs.hitter[0m:[36m_log_hitter_status[0m:[36m1029[0m - [1mHITTER realtime status: phase=waiting submitted=732 completed=75 failed=632 dropped=25 result_age_s=412.840 epoch=7 generation=2567 policy_tts=0.920[0m
[32m2026-08-08 13:52:17.331[0m | [1mINFO    [0m | [36menvs.hitter[0m:[36m_log_hitter_status[0m:[36m1029[0m - [1mHITTER realtime status: phase=waiting submitted=732 completed=75 failed=632 dropped=25 result_age_s=413.840 epoch=7 generation=2567 policy_tts=0.920[0m
[32m2026-08-08 13:52:18.332[0m | [1mINFO    [0m | [36menvs.hitter[0m:[36m_log_hitter_status[0m:[36m1029[0m - [1mHITTER realtime status: phase=waiting submitted=732 completed=75 failed=632 dropped=25 result_age_s=414.841 epoch=7 generation=2567 policy_tts=0.920[0m
[32m2026-08-08 13:52:19.351[0m | [1mINFO    [0m | [36menvs.hitter[0m:[36m_log_hitter_status[0m:[36m1029[0m - [1mHITTER realtime status: phase=waiting submitted=732 completed=75 failed=632 dropped=25 result_age_s=415.860 epoch=7 generation=2567 policy_tts=0.920[0m
[32m2026-08-08 13:52:20.351[0m | [1mINFO    [0m | [36menvs.hitter[0m:[36m_log_hitter_status[0m:[36m1029[0m - [1mHITTER realtime status: phase=waiting submitted=732 completed=75 failed=632 dropped=25 result_age_s=416.860 epoch=7 generation=2567 policy_tts=0.920[0m
[32m2026-08-08 13:52:21.352[0m | [1mINFO    [0m | [36menvs.hitter[0m:[36m_log_hitter_status[0m:[36m1029[0m - [1mHITTER realtime status: phase=waiting submitted=732 completed=75 failed=632 dropped=25 result_age_s=417.861 epoch=7 generation=2567 policy_tts=0.920[0m
[32m2026-08-08 13:52:22.371[0m | [1mINFO    [0m | [36menvs.hitter[0m:[36m_log_hitter_status[0m:[36m1029[0m - [1mHITTER realtime status: phase=waiting submitted=732 completed=75 failed=632 dropped=25 result_age_s=418.880 epoch=7 generation=2567 policy_tts=0.920[0m
[32m2026-08-08 13:52:23.372[0m | [1mINFO    [0m | [36menvs.hitter[0m:[36m_log_hitter_status[0m:[36m1029[0m - [1mHITTER realtime status: phase=waiting submitted=732 completed=75 failed=632 dropped=25 result_age_s=419.881 epoch=7 generation=2567 policy_tts=0.920[0m
[32m2026-08-08 13:52:24.372[0m | [1mINFO    [0m | [36menvs.hitter[0m:[36m_log_hitter_status[0m:[36m1029[0m - [1mHITTER realtime status: phase=waiting submitted=732 completed=75 failed=632 dropped=25 result_age_s=420.881 epoch=7 generation=2567 policy_tts=0.920[0m
[32m2026-08-08 13:52:25.391[0m | [1mINFO    [0m | [36menvs.hitter[0m:[36m_log_hitter_status[0m:[36m1029[0m - [1mHITTER realtime status: phase=waiting submitted=732 completed=75 failed=632 dropped=25 result_age_s=421.900 epoch=7 generation=2567 policy_tts=0.920[0m
[32m2026-08-08 13:52:26.392[0m | [1mINFO    [0m | [36menvs.hitter[0m:[36m_log_hitter_status[0m:[36m1029[0m - [1mHITTER realtime status: phase=waiting submitted=732 completed=75 failed=632 dropped=25 result_age_s=422.901 epoch=7 generation=2567 policy_tts=0.920[0m
[32m2026-08-08 13:52:27.392[0m | [1mINFO    [0m | [36menvs.hitter[0m:[36m_log_hitter_status[0m:[36m1029[0m - [1mHITTER realtime status: phase=waiting submitted=732 completed=75 failed=632 dropped=25 result_age_s=423.901 epoch=7 generation=2567 policy_tts=0.920[0m
[32m2026-08-08 13:52:28.411[0m | [1mINFO    [0m | [36menvs.hitter[0m:[36m_log_hitter_status[0m:[36m1029[0m - [1mHITTER realtime status: phase=waiting submitted=732 completed=75 failed=632 dropped=25 result_age_s=424.920 epoch=7 generation=2567 policy_tts=0.920[0m
[32m2026-08-08 13:52:29.411[0m | [1mINFO    [0m | [36menvs.hitter[0m:[36m_log_hitter_status[0m:[36m1029[0m - [1mHITTER realtime status: phase=waiting submitted=732 completed=75 failed=632 dropped=25 result_age_s=425.920 epoch=7 generation=2567 policy_tts=0.920[0m
[32m2026-08-08 13:52:30.412[0m | [1mINFO    [0m | [36menvs.hitter[0m:[36m_log_hitter_status[0m:[36m1029[0m - [1mHITTER realtime status: phase=waiting submitted=732 completed=75 failed=632 dropped=25 result_age_s=426.921 epoch=7 generation=2567 policy_tts=0.920[0m
[32m2026-08-08 13:52:31.431[0m | [1mINFO    [0m | [36menvs.hitter[0m:[36m_log_hitter_status[0m:[36m1029[0m - [1mHITTER realtime status: phase=waiting submitted=732 completed=75 failed=632 dropped=25 result_age_s=427.940 epoch=7 generation=2567 policy_tts=0.920[0m
[32m2026-08-08 13:52:32.431[0m | [1mINFO    [0m | [36menvs.hitter[0m:[36m_log_hitter_status[0m:[36m1029[0m - [1mHITTER realtime status: phase=waiting submitted=732 completed=75 failed=632 dropped=25 result_age_s=428.940 epoch=7 generation=2567 policy_tts=0.920[0m
[32m2026-08-08 13:52:33.432[0m | [1mINFO    [0m | [36menvs.hitter[0m:[36m_log_hitter_status[0m:[36m1029[0m - [1mHITTER realtime status: phase=waiting submitted=732 completed=75 failed=632 dropped=25 result_age_s=429.941 epoch=7 generation=2567 policy_tts=0.920[0m
[32m2026-08-08 13:52:34.451[0m | [1mINFO    [0m | [36menvs.hitter[0m:[36m_log_hitter_status[0m:[36m1029[0m - [1mHITTER realtime status: phase=waiting submitted=732 completed=75 failed=632 dropped=25 result_age_s=430.960 epoch=7 generation=2567 policy_tts=0.920[0m
[32m2026-08-08 13:52:35.452[0m | [1mINFO    [0m | [36menvs.hitter[0m:[36m_log_hitter_status[0m:[36m1029[0m - [1mHITTER realtime status: phase=waiting submitted=732 completed=75 failed=632 dropped=25 result_age_s=431.961 epoch=7 generation=2567 policy_tts=0.920[0m
[32m2026-08-08 13:52:36.452[0m | [1mINFO    [0m | [36menvs.hitter[0m:[36m_log_hitter_status[0m:[36m1029[0m - [1mHITTER realtime status: phase=waiting submitted=732 completed=75 failed=632 dropped=25 result_age_s=432.961 epoch=7 generation=2567 policy_tts=0.920[0m
[32m2026-08-08 13:52:37.471[0m | [1mINFO    [0m | [36menvs.hitter[0m:[36m_log_hitter_status[0m:[36m1029[0m - [1mHITTER realtime status: phase=waiting submitted=732 completed=75 failed=632 dropped=25 result_age_s=433.980 epoch=7 generation=2567 policy_tts=0.920[0m
[32m2026-08-08 13:52:38.472[0m | [1mINFO    [0m | [36menvs.hitter[0m:[36m_log_hitter_status[0m:[36m1029[0m - [1mHITTER realtime status: phase=waiting submitted=732 completed=75 failed=632 dropped=25 result_age_s=434.981 epoch=7 generation=2567 policy_tts=0.920[0m
[32m2026-08-08 13:52:39.472[0m | [1mINFO    [0m | [36menvs.hitter[0m:[36m_log_hitter_status[0m:[36m1029[0m - [1mHITTER realtime status: phase=waiting submitted=732 completed=75 failed=632 dropped=25 result_age_s=435.981 epoch=7 generation=2567 policy_tts=0.920[0m
[32m2026-08-08 13:52:40.491[0m | [1mINFO    [0m | [36menvs.hitter[0m:[36m_log_hitter_status[0m:[36m1029[0m - [1mHITTER realtime status: phase=waiting submitted=732 completed=75 failed=632 dropped=25 result_age_s=437.000 epoch=7 generation=2567 policy_tts=0.920[0m
[32m2026-08-08 13:52:41.492[0m | [1mINFO    [0m | [36menvs.hitter[0m:[36m_log_hitter_status[0m:[36m1029[0m - [1mHITTER realtime status: phase=waiting submitted=732 completed=75 failed=632 dropped=25 result_age_s=438.001 epoch=7 generation=2567 policy_tts=0.920[0m
[32m2026-08-08 13:52:42.492[0m | [1mINFO    [0m | [36menvs.hitter[0m:[36m_log_hitter_status[0m:[36m1029[0m - [1mHITTER realtime status: phase=waiting submitted=732 completed=75 failed=632 dropped=25 result_age_s=439.001 epoch=7 generation=2567 policy_tts=0.920[0m
[32m2026-08-08 13:52:43.511[0m | [1mINFO    [0m | [36menvs.hitter[0m:[36m_log_hitter_status[0m:[36m1029[0m - [1mHITTER realtime status: phase=waiting submitted=732 completed=75 failed=632 dropped=25 result_age_s=440.020 epoch=7 generation=2567 policy_tts=0.920[0m
[32m2026-08-08 13:52:44.512[0m | [1mINFO    [0m | [36menvs.hitter[0m:[36m_log_hitter_status[0m:[36m1029[0m - [1mHITTER realtime status: phase=waiting submitted=732 completed=75 failed=632 dropped=25 result_age_s=441.021 epoch=7 generation=2567 policy_tts=0.920[0m
[32m2026-08-08 13:52:45.512[0m | [1mINFO    [0m | [36menvs.hitter[0m:[36m_log_hitter_status[0m:[36m1029[0m - [1mHITTER realtime status: phase=waiting submitted=732 completed=75 failed=632 dropped=25 result_age_s=442.021 epoch=7 generation=2567 policy_tts=0.920[0m
[32m2026-08-08 13:52:46.531[0m | [1mINFO    [0m | [36menvs.hitter[0m:[36m_log_hitter_status[0m:[36m1029[0m - [1mHITTER realtime status: phase=waiting submitted=732 completed=75 failed=632 dropped=25 result_age_s=443.040 epoch=7 generation=2567 policy_tts=0.920[0m
[32m2026-08-08 13:52:47.531[0m | [1mINFO    [0m | [36menvs.hitter[0m:[36m_log_hitter_status[0m:[36m1029[0m - [1mHITTER realtime status: phase=waiting submitted=732 completed=75 failed=632 dropped=25 result_age_s=444.040 epoch=7 generation=2567 policy_tts=0.920[0m
[32m2026-08-08 13:52:48.532[0m | [1mINFO    [0m | [36menvs.hitter[0m:[36m_log_hitter_status[0m:[36m1029[0m - [1mHITTER realtime status: phase=waiting submitted=732 completed=75 failed=632 dropped=25 result_age_s=445.041 epoch=7 generation=2567 policy_tts=0.920[0m
[32m2026-08-08 13:52:49.551[0m | [1mINFO    [0m | [36menvs.hitter[0m:[36m_log_hitter_status[0m:[36m1029[0m - [1mHITTER realtime status: phase=waiting submitted=732 completed=75 failed=632 dropped=25 result_age_s=446.060 epoch=7 generation=2567 policy_tts=0.920[0m
[32m2026-08-08 13:52:50.551[0m | [1mINFO    [0m | [36menvs.hitter[0m:[36m_log_hitter_status[0m:[36m1029[0m - [1mHITTER realtime status: phase=waiting submitted=732 completed=75 failed=632 dropped=25 result_age_s=447.060 epoch=7 generation=2567 policy_tts=0.920[0m
[32m2026-08-08 13:52:51.551[0m | [1mINFO    [0m | [36menvs.hitter[0m:[36m_log_hitter_status[0m:[36m1029[0m - [1mHITTER realtime status: phase=waiting submitted=732 completed=75 failed=632 dropped=25 result_age_s=448.060 epoch=7 generation=2567 policy_tts=0.920[0m
[32m2026-08-08 13:52:52.551[0m | [1mINFO    [0m | [36menvs.hitter[0m:[36m_log_hitter_status[0m:[36m1029[0m - [1mHITTER realtime status: phase=waiting submitted=732 completed=75 failed=632 dropped=25 result_age_s=449.060 epoch=7 generation=2567 policy_tts=0.920[0m
[32m2026-08-08 13:52:53.552[0m | [1mINFO    [0m | [36menvs.hitter[0m:[36m_log_hitter_status[0m:[36m1029[0m - [1mHITTER realtime status: phase=waiting submitted=732 completed=75 failed=632 dropped=25 result_age_s=450.061 epoch=7 generation=2567 policy_tts=0.920[0m
[32m2026-08-08 13:52:54.571[0m | [1mINFO    [0m | [36menvs.hitter[0m:[36m_log_hitter_status[0m:[36m1029[0m - [1mHITTER realtime status: phase=waiting submitted=732 completed=75 failed=632 dropped=25 result_age_s=451.080 epoch=7 generation=2567 policy_tts=0.920[0m
[32m2026-08-08 13:52:55.571[0m | [1mINFO    [0m | [36menvs.hitter[0m:[36m_log_hitter_status[0m:[36m1029[0m - [1mHITTER realtime status: phase=waiting submitted=732 completed=75 failed=632 dropped=25 result_age_s=452.080 epoch=7 generation=2567 policy_tts=0.920[0m
[32m2026-08-08 13:52:56.572[0m | [1mINFO    [0m | [36menvs.hitter[0m:[36m_log_hitter_status[0m:[36m1029[0m - [1mHITTER realtime status: phase=waiting submitted=732 completed=75 failed=632 dropped=25 result_age_s=453.081 epoch=7 generation=2567 policy_tts=0.920[0m
[32m2026-08-08 13:52:57.572[0m | [1mINFO    [0m | [36menvs.hitter[0m:[36m_log_hitter_status[0m:[36m1029[0m - [1mHITTER realtime status: phase=waiting submitted=732 completed=75 failed=632 dropped=25 result_age_s=454.081 epoch=7 generation=2567 policy_tts=0.920[0m
[32m2026-08-08 13:52:58.591[0m | [1mINFO    [0m | [36menvs.hitter[0m:[36m_log_hitter_status[0m:[36m1029[0m - [1mHITTER realtime status: phase=waiting submitted=732 completed=75 failed=632 dropped=25 result_age_s=455.100 epoch=7 generation=2567 policy_tts=0.920[0m
[32m2026-08-08 13:52:59.591[0m | [1mINFO    [0m | [36menvs.hitter[0m:[36m_log_hitter_status[0m:[36m1029[0m - [1mHITTER realtime status: phase=waiting submitted=732 completed=75 failed=632 dropped=25 result_age_s=456.100 epoch=7 generation=2567 policy_tts=0.920[0m
[32m2026-08-08 13:53:00.592[0m | [1mINFO    [0m | [36menvs.hitter[0m:[36m_log_hitter_status[0m:[36m1029[0m - [1mHITTER realtime status: phase=waiting submitted=732 completed=75 failed=632 dropped=25 result_age_s=457.101 epoch=7 generation=2567 policy_tts=0.920[0m
[32m2026-08-08 13:53:01.611[0m | [1mINFO    [0m | [36menvs.hitter[0m:[36m_log_hitter_status[0m:[36m1029[0m - [1mHITTER realtime status: phase=waiting submitted=732 completed=75 failed=632 dropped=25 result_age_s=458.120 epoch=7 generation=2567 policy_tts=0.920[0m
[32m2026-08-08 13:53:02.611[0m | [1mINFO    [0m | [36menvs.hitter[0m:[36m_log_hitter_status[0m:[36m1029[0m - [1mHITTER realtime status: phase=waiting submitted=732 completed=75 failed=632 dropped=25 result_age_s=459.120 epoch=7 generation=2567 policy_tts=0.920[0m
[32m2026-08-08 13:53:03.612[0m | [1mINFO    [0m | [36menvs.hitter[0m:[36m_log_hitter_status[0m:[36m1029[0m - [1mHITTER realtime status: phase=waiting submitted=732 completed=75 failed=632 dropped=25 result_age_s=460.121 epoch=7 generation=2567 policy_tts=0.920[0m
[32m2026-08-08 13:53:04.612[0m | [1mINFO    [0m | [36menvs.hitter[0m:[36m_log_hitter_status[0m:[36m1029[0m - [1mHITTER realtime status: phase=waiting submitted=732 completed=75 failed=632 dropped=25 result_age_s=461.121 epoch=7 generation=2567 policy_tts=0.920[0m
[32m2026-08-08 13:53:05.612[0m | [1mINFO    [0m | [36menvs.hitter[0m:[36m_log_hitter_status[0m:[36m1029[0m - [1mHITTER realtime status: phase=waiting submitted=732 completed=75 failed=632 dropped=25 result_age_s=462.121 epoch=7 generation=2567 policy_tts=0.920[0m
[32m2026-08-08 13:53:06.612[0m | [1mINFO    [0m | [36menvs.hitter[0m:[36m_log_hitter_status[0m:[36m1029[0m - [1mHITTER realtime status: phase=waiting submitted=732 completed=75 failed=632 dropped=25 result_age_s=463.121 epoch=7 generation=2567 policy_tts=0.920[0m
[32m2026-08-08 13:53:07.631[0m | [1mINFO    [0m | [36menvs.hitter[0m:[36m_log_hitter_status[0m:[36m1029[0m - [1mHITTER realtime status: phase=waiting submitted=732 completed=75 failed=632 dropped=25 result_age_s=464.140 epoch=7 generation=2567 policy_tts=0.920[0m
[32m2026-08-08 13:53:08.631[0m | [1mINFO    [0m | [36menvs.hitter[0m:[36m_log_hitter_status[0m:[36m1029[0m - [1mHITTER realtime status: phase=waiting submitted=732 completed=75 failed=632 dropped=25 result_age_s=465.140 epoch=7 generation=2567 policy_tts=0.920[0m
[32m2026-08-08 13:53:09.632[0m | [1mINFO    [0m | [36menvs.hitter[0m:[36m_log_hitter_status[0m:[36m1029[0m - [1mHITTER realtime status: phase=waiting submitted=732 completed=75 failed=632 dropped=25 result_age_s=466.141 epoch=7 generation=2567 policy_tts=0.920[0m
[32m2026-08-08 13:53:10.651[0m | [1mINFO    [0m | [36menvs.hitter[0m:[36m_log_hitter_status[0m:[36m1029[0m - [1mHITTER realtime status: phase=waiting submitted=732 completed=75 failed=632 dropped=25 result_age_s=467.160 epoch=7 generation=2567 policy_tts=0.920[0m
[32m2026-08-08 13:53:11.652[0m | [1mINFO    [0m | [36menvs.hitter[0m:[36m_log_hitter_status[0m:[36m1029[0m - [1mHITTER realtime status: phase=waiting submitted=732 completed=75 failed=632 dropped=25 result_age_s=468.161 epoch=7 generation=2567 policy_tts=0.920[0m
[32m2026-08-08 13:53:12.652[0m | [1mINFO    [0m | [36menvs.hitter[0m:[36m_log_hitter_status[0m:[36m1029[0m - [1mHITTER realtime status: phase=waiting submitted=732 completed=75 failed=632 dropped=25 result_age_s=469.161 epoch=7 generation=2567 policy_tts=0.920[0m
[32m2026-08-08 13:53:13.671[0m | [1mINFO    [0m | [36menvs.hitter[0m:[36m_log_hitter_status[0m:[36m1029[0m - [1mHITTER realtime status: phase=waiting submitted=732 completed=75 failed=632 dropped=25 result_age_s=470.180 epoch=7 generation=2567 policy_tts=0.920[0m
[32m2026-08-08 13:53:14.671[0m | [1mINFO    [0m | [36menvs.hitter[0m:[36m_log_hitter_status[0m:[36m1029[0m - [1mHITTER realtime status: phase=waiting submitted=732 completed=75 failed=632 dropped=25 result_age_s=471.180 epoch=7 generation=2567 policy_tts=0.920[0m
[32m2026-08-08 13:53:15.672[0m | [1mINFO    [0m | [36menvs.hitter[0m:[36m_log_hitter_status[0m:[36m1029[0m - [1mHITTER realtime status: phase=waiting submitted=732 completed=75 failed=632 dropped=25 result_age_s=472.181 epoch=7 generation=2567 policy_tts=0.920[0m
[32m2026-08-08 13:53:16.672[0m | [1mINFO    [0m | [36menvs.hitter[0m:[36m_log_hitter_status[0m:[36m1029[0m - [1mHITTER realtime status: phase=waiting submitted=732 completed=75 failed=632 dropped=25 result_age_s=473.181 epoch=7 generation=2567 policy_tts=0.920[0m
[32m2026-08-08 13:53:17.672[0m | [1mINFO    [0m | [36menvs.hitter[0m:[36m_log_hitter_status[0m:[36m1029[0m - [1mHITTER realtime status: phase=waiting submitted=732 completed=75 failed=632 dropped=25 result_age_s=474.181 epoch=7 generation=2567 policy_tts=0.920[0m
[32m2026-08-08 13:53:18.672[0m | [1mINFO    [0m | [36menvs.hitter[0m:[36m_log_hitter_status[0m:[36m1029[0m - [1mHITTER realtime status: phase=waiting submitted=732 completed=75 failed=632 dropped=25 result_age_s=475.181 epoch=7 generation=2567 policy_tts=0.920[0m
[32m2026-08-08 13:53:19.691[0m | [1mINFO    [0m | [36menvs.hitter[0m:[36m_log_hitter_status[0m:[36m1029[0m - [1mHITTER realtime status: phase=waiting submitted=732 completed=75 failed=632 dropped=25 result_age_s=476.200 epoch=7 generation=2567 policy_tts=0.920[0m
[32m2026-08-08 13:53:20.692[0m | [1mINFO    [0m | [36menvs.hitter[0m:[36m_log_hitter_status[0m:[36m1029[0m - [1mHITTER realtime status: phase=waiting submitted=732 completed=75 failed=632 dropped=25 result_age_s=477.201 epoch=7 generation=2567 policy_tts=0.920[0m
[32m2026-08-08 13:53:21.692[0m | [1mINFO    [0m | [36menvs.hitter[0m:[36m_log_hitter_status[0m:[36m1029[0m - [1mHITTER realtime status: phase=waiting submitted=732 completed=75 failed=632 dropped=25 result_age_s=478.201 epoch=7 generation=2567 policy_tts=0.920[0m
[32m2026-08-08 13:53:22.711[0m | [1mINFO    [0m | [36menvs.hitter[0m:[36m_log_hitter_status[0m:[36m1029[0m - [1mHITTER realtime status: phase=waiting submitted=732 completed=75 failed=632 dropped=25 result_age_s=479.220 epoch=7 generation=2567 policy_tts=0.920[0m
[32m2026-08-08 13:53:23.712[0m | [1mINFO    [0m | [36menvs.hitter[0m:[36m_log_hitter_status[0m:[36m1029[0m - [1mHITTER realtime status: phase=waiting submitted=732 completed=75 failed=632 dropped=25 result_age_s=480.221 epoch=7 generation=2567 policy_tts=0.920[0m
[32m2026-08-08 13:53:24.712[0m | [1mINFO    [0m | [36menvs.hitter[0m:[36m_log_hitter_status[0m:[36m1029[0m - [1mHITTER realtime status: phase=waiting submitted=732 completed=75 failed=632 dropped=25 result_age_s=481.221 epoch=7 generation=2567 policy_tts=0.920[0m
[32m2026-08-08 13:53:25.731[0m | [1mINFO    [0m | [36menvs.hitter[0m:[36m_log_hitter_status[0m:[36m1029[0m - [1mHITTER realtime status: phase=waiting submitted=732 completed=75 failed=632 dropped=25 result_age_s=482.240 epoch=7 generation=2567 policy_tts=0.920[0m
[32m2026-08-08 13:53:26.732[0m | [1mINFO    [0m | [36menvs.hitter[0m:[36m_log_hitter_status[0m:[36m1029[0m - [1mHITTER realtime status: phase=waiting submitted=732 completed=75 failed=632 dropped=25 result_age_s=483.241 epoch=7 generation=2567 policy_tts=0.920[0m
[32m2026-08-08 13:53:27.732[0m | [1mINFO    [0m | [36menvs.hitter[0m:[36m_log_hitter_status[0m:[36m1029[0m - [1mHITTER realtime status: phase=waiting submitted=732 completed=75 failed=632 dropped=25 result_age_s=484.241 epoch=7 generation=2567 policy_tts=0.920[0m
[32m2026-08-08 13:53:28.751[0m | [1mINFO    [0m | [36menvs.hitter[0m:[36m_log_hitter_status[0m:[36m1029[0m - [1mHITTER realtime status: phase=waiting submitted=732 completed=75 failed=632 dropped=25 result_age_s=485.260 epoch=7 generation=2567 policy_tts=0.920[0m
[32m2026-08-08 13:53:29.751[0m | [1mINFO    [0m | [36menvs.hitter[0m:[36m_log_hitter_status[0m:[36m1029[0m - [1mHITTER realtime status: phase=waiting submitted=732 completed=75 failed=632 dropped=25 result_age_s=486.260 epoch=7 generation=2567 policy_tts=0.920[0m
[32m2026-08-08 13:53:30.752[0m | [1mINFO    [0m | [36menvs.hitter[0m:[36m_log_hitter_status[0m:[36m1029[0m - [1mHITTER realtime status: phase=waiting submitted=732 completed=75 failed=632 dropped=25 result_age_s=487.261 epoch=7 generation=2567 policy_tts=0.920[0m
[32m2026-08-08 13:53:31.771[0m | [1mINFO    [0m | [36menvs.hitter[0m:[36m_log_hitter_status[0m:[36m1029[0m - [1mHITTER realtime status: phase=waiting submitted=732 completed=75 failed=632 dropped=25 result_age_s=488.280 epoch=7 generation=2567 policy_tts=0.920[0m
