[2026-08-14 08:54:36,850][ogn_registration][INFO] - Looking for Python nodes to register in omni.kit.mainwindow-1.0.3
[2026-08-14 08:54:36,850][ogn_registration][INFO] -  -> Registered nodes from module omni.kit.mainwindow at /home/loco1/miniconda3/envs/isaaclab/lib/python3.10/site-packages/isaacsim/extscache/omni.kit.mainwindow-1.0.3+d02c707b
[2026-08-14 08:54:36,850][ogn_registration][INFO] - Registering nodes in /home/loco1/miniconda3/envs/isaaclab/lib/python3.10/site-packages/isaacsim/extscache/omni.kit.mainwindow-1.0.3+d02c707b imported as omni.kit.mainwindow with AutoNode config {}
[2026-08-14 08:54:36,850][ogn_registration][INFO] - Registering Python Node Types from omni.kit.mainwindow at /home/loco1/miniconda3/envs/isaaclab/lib/python3.10/site-packages/isaacsim/extscache/omni.kit.mainwindow-1.0.3+d02c707b in omni.kit.mainwindow
[2026-08-14 08:54:36,850][ogn_registration][INFO] - ========================================================================================================================
[2026-08-14 08:54:36,850][ogn_registration][INFO] - No dependency on omni.graph, therefore no nodes to register in omni.kit.mainwindow
[2026-08-14 08:54:36,850][ogn_registration][INFO] - ...None found, no registration to do
[2026-08-14 08:54:36,850][ogn_registration][INFO] - ...Skipping: No OmniGraph presence in the module omni.kit.mainwindow - No nodes in this module, do not remember it
[2026-08-14 08:54:36,850][ogn_registration][INFO] - Destroying registration record for omni.kit.mainwindow
[2026-08-14 08:54:36,850][ogn_registration][INFO] - OGN register omni.kit.mainwindow-1.0.3 took 750902.000000
[2026-08-14 08:54:36,857][ogn_registration][INFO] - Looking for Python nodes to register in omni.uiaudio-1.0.0
[2026-08-14 08:54:36,857][ogn_registration][INFO] -  -> Registered nodes from module omni.kit.uiaudio at /home/loco1/miniconda3/envs/isaaclab/lib/python3.10/site-packages/isaacsim/extscache/omni.uiaudio-1.0.0+d02c707b.lx64.r.cp310
[2026-08-14 08:54:36,857][ogn_registration][INFO] - Registering nodes in /home/loco1/miniconda3/envs/isaaclab/lib/python3.10/site-packages/isaacsim/extscache/omni.uiaudio-1.0.0+d02c707b.lx64.r.cp310 imported as omni.kit.uiaudio with AutoNode config {}
[2026-08-14 08:54:36,857][ogn_registration][INFO] - Registering Python Node Types from omni.kit.uiaudio at /home/loco1/miniconda3/envs/isaaclab/lib/python3.10/site-packages/isaacsim/extscache/omni.uiaudio-1.0.0+d02c707b.lx64.r.cp310 in omni.uiaudio
[2026-08-14 08:54:36,857][ogn_registration][INFO] - ========================================================================================================================
[2026-08-14 08:54:36,857][ogn_registration][INFO] - No dependency on omni.graph, therefore no nodes to register in omni.uiaudio
[2026-08-14 08:54:36,857][ogn_registration][INFO] - ...None found, no registration to do
[2026-08-14 08:54:36,857][ogn_registration][INFO] - ...Skipping: No OmniGraph presence in the module omni.kit.uiaudio - No nodes in this module, do not remember it
[2026-08-14 08:54:36,857][ogn_registration][INFO] - Destroying registration record for omni.uiaudio
[2026-08-14 08:54:36,857][ogn_registration][INFO] - OGN register omni.uiaudio-1.0.0 took 441349.000000
[2026-08-14 08:54:36,857][ogn_registration][INFO] - Looking for Python nodes to register in omni.kit.uiapp-0.0.0
[2026-08-14 08:54:36,857][ogn_registration][INFO] - OGN register omni.kit.uiapp-0.0.0 took 30910.000000
[2026-08-14 08:54:36,878][ogn_registration][INFO] - Looking for Python nodes to register in omni.kit.asset_converter-2.8.3
[2026-08-14 08:54:36,878][ogn_registration][INFO] -  -> Registered nodes from module asset_converter_native_bindings at /home/loco1/miniconda3/envs/isaaclab/lib/python3.10/site-packages/isaacsim/extscache/omni.kit.asset_converter-2.8.3+106.5.0.lx64.r.cp310
[2026-08-14 08:54:36,878][ogn_registration][INFO] - Registering nodes in /home/loco1/miniconda3/envs/isaaclab/lib/python3.10/site-packages/isaacsim/extscache/omni.kit.asset_converter-2.8.3+106.5.0.lx64.r.cp310 imported as asset_converter_native_bindings with AutoNode config {}
[2026-08-14 08:54:36,878][ogn_registration][INFO] - Registering Python Node Types from asset_converter_native_bindings at /home/loco1/miniconda3/envs/isaaclab/lib/python3.10/site-packages/isaacsim/extscache/omni.kit.asset_converter-2.8.3+106.5.0.lx64.r.cp310 in omni.kit.asset_converter
[2026-08-14 08:54:36,878][ogn_registration][INFO] - ========================================================================================================================
[2026-08-14 08:54:36,878][ogn_registration][INFO] - No dependency on omni.graph, therefore no nodes to register in omni.kit.asset_converter
[2026-08-14 08:54:36,878][ogn_registration][INFO] - ...None found, no registration to do
[2026-08-14 08:54:36,879][ogn_registration][INFO] - ...Skipping: No OmniGraph presence in the module asset_converter_native_bindings - No nodes in this module, do not remember it
[2026-08-14 08:54:36,879][ogn_registration][INFO] - Destroying registration record for omni.kit.asset_converter
[2026-08-14 08:54:36,879][ogn_registration][INFO] -  -> Registered nodes from module omni.kit.asset_converter at /home/loco1/miniconda3/envs/isaaclab/lib/python3.10/site-packages/isaacsim/extscache/omni.kit.asset_converter-2.8.3+106.5.0.lx64.r.cp310
[2026-08-14 08:54:36,879][ogn_registration][INFO] - Registering nodes in /home/loco1/miniconda3/envs/isaaclab/lib/python3.10/site-packages/isaacsim/extscache/omni.kit.asset_converter-2.8.3+106.5.0.lx64.r.cp310 imported as omni.kit.asset_converter with AutoNode config {}
[2026-08-14 08:54:36,879][ogn_registration][INFO] - Registering Python Node Types from omni.kit.asset_converter at /home/loco1/miniconda3/envs/isaaclab/lib/python3.10/site-packages/isaacsim/extscache/omni.kit.asset_converter-2.8.3+106.5.0.lx64.r.cp310 in omni.kit.asset_converter
[2026-08-14 08:54:36,879][ogn_registration][INFO] - ========================================================================================================================
[2026-08-14 08:54:36,879][ogn_registration][INFO] - No dependency on omni.graph, therefore no nodes to register in omni.kit.asset_converter
[2026-08-14 08:54:36,879][ogn_registration][INFO] - ...None found, no registration to do
[2026-08-14 08:54:36,879][ogn_registration][INFO] - ...Skipping: No OmniGraph presence in the module omni.kit.asset_converter - No nodes in this module, do not remember it
[2026-08-14 08:54:36,879][ogn_registration][INFO] - Destroying registration record for omni.kit.asset_converter
[2026-08-14 08:54:36,879][ogn_registration][INFO] - OGN register omni.kit.asset_converter-2.8.3 took 1516789.000000
[2026-08-14 08:54:36,881][ogn_registration][INFO] - Looking for Python nodes to register in omni.kit.window.file_importer-1.1.14
[2026-08-14 08:54:36,881][ogn_registration][INFO] -  -> Registered nodes from module omni.kit.window.file_importer at /home/loco1/miniconda3/envs/isaaclab/lib/python3.10/site-packages/isaacsim/extscache/omni.kit.window.file_importer-1.1.14+d02c707b
[2026-08-14 08:54:36,881][ogn_registration][INFO] - Registering nodes in /home/loco1/miniconda3/envs/isaaclab/lib/python3.10/site-packages/isaacsim/extscache/omni.kit.window.file_importer-1.1.14+d02c707b imported as omni.kit.window.file_importer with AutoNode config {}
[2026-08-14 08:54:36,881][ogn_registration][INFO] - Registering Python Node Types from omni.kit.window.file_importer at /home/loco1/miniconda3/envs/isaaclab/lib/python3.10/site-packages/isaacsim/extscache/omni.kit.window.file_importer-1.1.14+d02c707b in omni.kit.window.file_importer
[2026-08-14 08:54:36,881][ogn_registration][INFO] - ========================================================================================================================
[2026-08-14 08:54:36,882][ogn_registration][INFO] - No dependency on omni.graph, therefore no nodes to register in omni.kit.window.file_importer
[2026-08-14 08:54:36,882][ogn_registration][INFO] - ...None found, no registration to do
[2026-08-14 08:54:36,882][ogn_registration][INFO] - ...Skipping: No OmniGraph presence in the module omni.kit.window.file_importer - No nodes in this module, do not remember it
[2026-08-14 08:54:36,882][ogn_registration][INFO] - Destroying registration record for omni.kit.window.file_importer
[2026-08-14 08:54:36,882][ogn_registration][INFO] - OGN register omni.kit.window.file_importer-1.1.14 took 911407.000000
[2026-08-14 08:54:36,883][ogn_registration][INFO] - Looking for Python nodes to register in omni.kit.window.drop_support-1.0.4
[2026-08-14 08:54:36,883][ogn_registration][INFO] -  -> Registered nodes from module omni.kit.window.drop_support at /home/loco1/miniconda3/envs/isaaclab/lib/python3.10/site-packages/isaacsim/extscache/omni.kit.window.drop_support-1.0.4+d02c707b
[2026-08-14 08:54:36,883][ogn_registration][INFO] - Registering nodes in /home/loco1/miniconda3/envs/isaaclab/lib/python3.10/site-packages/isaacsim/extscache/omni.kit.window.drop_support-1.0.4+d02c707b imported as omni.kit.window.drop_support with AutoNode config {}
[2026-08-14 08:54:36,883][ogn_registration][INFO] - Registering Python Node Types from omni.kit.window.drop_support at /home/loco1/miniconda3/envs/isaaclab/lib/python3.10/site-packages/isaacsim/extscache/omni.kit.window.drop_support-1.0.4+d02c707b in omni.kit.window.drop_support
[2026-08-14 08:54:36,883][ogn_registration][INFO] - ========================================================================================================================
[2026-08-14 08:54:36,883][ogn_registration][INFO] - No dependency on omni.graph, therefore no nodes to register in omni.kit.window.drop_support
[2026-08-14 08:54:36,883][ogn_registration][INFO] - ...None found, no registration to do
[2026-08-14 08:54:36,883][ogn_registration][INFO] - ...Skipping: No OmniGraph presence in the module omni.kit.window.drop_support - No nodes in this module, do not remember it
[2026-08-14 08:54:36,883][ogn_registration][INFO] - Destroying registration record for omni.kit.window.drop_support
[2026-08-14 08:54:36,883][ogn_registration][INFO] - OGN register omni.kit.window.drop_support-1.0.4 took 674652.000000
[2026-08-14 08:54:36,884][ogn_registration][INFO] - Looking for Python nodes to register in omni.kit.widget.zoombar-1.0.5
[2026-08-14 08:54:36,884][ogn_registration][INFO] -  -> Registered nodes from module omni.kit.widget.zoombar at /home/loco1/miniconda3/envs/isaaclab/lib/python3.10/site-packages/isaacsim/extscache/omni.kit.widget.zoombar-1.0.5
[2026-08-14 08:54:36,884][ogn_registration][INFO] - Registering nodes in /home/loco1/miniconda3/envs/isaaclab/lib/python3.10/site-packages/isaacsim/extscache/omni.kit.widget.zoombar-1.0.5 imported as omni.kit.widget.zoombar with AutoNode config {}
[2026-08-14 08:54:36,884][ogn_registration][INFO] - Registering Python Node Types from omni.kit.widget.zoombar at /home/loco1/miniconda3/envs/isaaclab/lib/python3.10/site-packages/isaacsim/extscache/omni.kit.widget.zoombar-1.0.5 in omni.kit.widget.zoombar
[2026-08-14 08:54:36,884][ogn_registration][INFO] - ========================================================================================================================
[2026-08-14 08:54:36,885][ogn_registration][INFO] - No dependency on omni.graph, therefore no nodes to register in omni.kit.widget.zoombar
[2026-08-14 08:54:36,885][ogn_registration][INFO] - ...None found, no registration to do
[2026-08-14 08:54:36,885][ogn_registration][INFO] - ...Skipping: No OmniGraph presence in the module omni.kit.widget.zoombar - No nodes in this module, do not remember it
[2026-08-14 08:54:36,885][ogn_registration][INFO] - Destroying registration record for omni.kit.widget.zoombar
[2026-08-14 08:54:36,885][ogn_registration][INFO] - OGN register omni.kit.widget.zoombar-1.0.5 took 610887.000000
[2026-08-14 08:54:36,887][ogn_registration][INFO] - Looking for Python nodes to register in omni.kit.property.adapter.core-1.0.2
[2026-08-14 08:54:36,887][ogn_registration][INFO] -  -> Registered nodes from module omni.kit.property.adapter.core at /home/loco1/miniconda3/envs/isaaclab/lib/python3.10/site-packages/isaacsim/extscache/omni.kit.property.adapter.core-1.0.2+d02c707b
[2026-08-14 08:54:36,887][ogn_registration][INFO] - Registering nodes in /home/loco1/miniconda3/envs/isaaclab/lib/python3.10/site-packages/isaacsim/extscache/omni.kit.property.adapter.core-1.0.2+d02c707b imported as omni.kit.property.adapter.core with AutoNode config {}
[2026-08-14 08:54:36,887][ogn_registration][INFO] - Registering Python Node Types from omni.kit.property.adapter.core at /home/loco1/miniconda3/envs/isaaclab/lib/python3.10/site-packages/isaacsim/extscache/omni.kit.property.adapter.core-1.0.2+d02c707b in omni.kit.property.adapter.core
[2026-08-14 08:54:36,887][ogn_registration][INFO] - ========================================================================================================================
[2026-08-14 08:54:36,887][ogn_registration][INFO] - No dependency on omni.graph, therefore no nodes to register in omni.kit.property.adapter.core
[2026-08-14 08:54:36,887][ogn_registration][INFO] - ...None found, no registration to do
[2026-08-14 08:54:36,887][ogn_registration][INFO] - ...Skipping: No OmniGraph presence in the module omni.kit.property.adapter.core - No nodes in this module, do not remember it
[2026-08-14 08:54:36,887][ogn_registration][INFO] - Destroying registration record for omni.kit.property.adapter.core
[2026-08-14 08:54:36,887][ogn_registration][INFO] - OGN register omni.kit.property.adapter.core-1.0.2 took 680253.000000
[2026-08-14 08:54:36,892][ogn_registration][INFO] - Looking for Python nodes to register in omni.kit.browser.core-2.3.11
[2026-08-14 08:54:36,892][ogn_registration][INFO] -  -> Registered nodes from module omni.kit.browser.core at /home/loco1/miniconda3/envs/isaaclab/lib/python3.10/site-packages/isaacsim/extscache/omni.kit.browser.core-2.3.11
[2026-08-14 08:54:36,892][ogn_registration][INFO] - Registering nodes in /home/loco1/miniconda3/envs/isaaclab/lib/python3.10/site-packages/isaacsim/extscache/omni.kit.browser.core-2.3.11 imported as omni.kit.browser.core with AutoNode config {}
[2026-08-14 08:54:36,892][ogn_registration][INFO] - Registering Python Node Types from omni.kit.browser.core at /home/loco1/miniconda3/envs/isaaclab/lib/python3.10/site-packages/isaacsim/extscache/omni.kit.browser.core-2.3.11 in omni.kit.browser.core
[2026-08-14 08:54:36,892][ogn_registration][INFO] - ========================================================================================================================
[2026-08-14 08:54:36,894][ogn_registration][INFO] - No dependency on omni.graph, therefore no nodes to register in omni.kit.browser.core
[2026-08-14 08:54:36,894][ogn_registration][INFO] - ...None found, no registration to do
[2026-08-14 08:54:36,894][ogn_registration][INFO] - ...Skipping: No OmniGraph presence in the module omni.kit.browser.core - No nodes in this module, do not remember it
[2026-08-14 08:54:36,894][ogn_registration][INFO] - Destroying registration record for omni.kit.browser.core
[2026-08-14 08:54:36,894][ogn_registration][INFO] - OGN register omni.kit.browser.core-2.3.11 took 2097502.000000
[2026-08-14 08:54:36,905][ogn_registration][INFO] - Looking for Python nodes to register in omni.kit.browser.folder.core-1.10.1
[2026-08-14 08:54:36,906][ogn_registration][INFO] -  -> Registered nodes from module omni.kit.browser.folder.core at /home/loco1/miniconda3/envs/isaaclab/lib/python3.10/site-packages/isaacsim/extscache/omni.kit.browser.folder.core-1.10.1
[2026-08-14 08:54:36,906][ogn_registration][INFO] - Registering nodes in /home/loco1/miniconda3/envs/isaaclab/lib/python3.10/site-packages/isaacsim/extscache/omni.kit.browser.folder.core-1.10.1 imported as omni.kit.browser.folder.core with AutoNode config {}
[2026-08-14 08:54:36,906][ogn_registration][INFO] - Registering Python Node Types from omni.kit.browser.folder.core at /home/loco1/miniconda3/envs/isaaclab/lib/python3.10/site-packages/isaacsim/extscache/omni.kit.browser.folder.core-1.10.1 in omni.kit.browser.folder.core
[2026-08-14 08:54:36,906][ogn_registration][INFO] - ========================================================================================================================
[2026-08-14 08:54:36,907][ogn_registration][INFO] - No dependency on omni.graph, therefore no nodes to register in omni.kit.browser.folder.core
[2026-08-14 08:54:36,907][ogn_registration][INFO] - ...None found, no registration to do
[2026-08-14 08:54:36,907][ogn_registration][INFO] - ...Skipping: No OmniGraph presence in the module omni.kit.browser.folder.core - No nodes in this module, do not remember it
[2026-08-14 08:54:36,907][ogn_registration][INFO] - Destroying registration record for omni.kit.browser.folder.core
[2026-08-14 08:54:36,907][ogn_registration][INFO] - OGN register omni.kit.browser.folder.core-1.10.1 took 1409654.000000
[2026-08-14 08:54:36,909][ogn_registration][INFO] - Looking for Python nodes to register in omni.kit.property.adapter.fabric-1.0.3
[2026-08-14 08:54:36,909][ogn_registration][INFO] -  -> Registered nodes from module omni.kit.property.adapter.fabric at /home/loco1/miniconda3/envs/isaaclab/lib/python3.10/site-packages/isaacsim/extscache/omni.kit.property.adapter.fabric-1.0.3+d02c707b
[2026-08-14 08:54:36,909][ogn_registration][INFO] - Registering nodes in /home/loco1/miniconda3/envs/isaaclab/lib/python3.10/site-packages/isaacsim/extscache/omni.kit.property.adapter.fabric-1.0.3+d02c707b imported as omni.kit.property.adapter.fabric with AutoNode config {}
[2026-08-14 08:54:36,909][ogn_registration][INFO] - Registering Python Node Types from omni.kit.property.adapter.fabric at /home/loco1/miniconda3/envs/isaaclab/lib/python3.10/site-packages/isaacsim/extscache/omni.kit.property.adapter.fabric-1.0.3+d02c707b in omni.kit.property.adapter.fabric
[2026-08-14 08:54:36,909][ogn_registration][INFO] - ========================================================================================================================
[2026-08-14 08:54:36,910][ogn_registration][INFO] - No dependency on omni.graph, therefore no nodes to register in omni.kit.property.adapter.fabric
[2026-08-14 08:54:36,910][ogn_registration][INFO] - ...None found, no registration to do
[2026-08-14 08:54:36,910][ogn_registration][INFO] - ...Skipping: No OmniGraph presence in the module omni.kit.property.adapter.fabric - No nodes in this module, do not remember it
[2026-08-14 08:54:36,910][ogn_registration][INFO] - Destroying registration record for omni.kit.property.adapter.fabric
[2026-08-14 08:54:36,910][ogn_registration][INFO] - OGN register omni.kit.property.adapter.fabric-1.0.3 took 1428749.000000
[2026-08-14 08:54:36,921][ogn_registration][INFO] - Looking for Python nodes to register in isaacsim.examples.browser-0.1.8
[2026-08-14 08:54:36,921][ogn_registration][INFO] -  -> Registered nodes from module isaacsim.examples.browser at /home/loco1/miniconda3/envs/isaaclab/lib/python3.10/site-packages/isaacsim/exts/isaacsim.examples.browser
[2026-08-14 08:54:36,921][ogn_registration][INFO] - Registering nodes in /home/loco1/miniconda3/envs/isaaclab/lib/python3.10/site-packages/isaacsim/exts/isaacsim.examples.browser imported as isaacsim.examples.browser with AutoNode config {}
[2026-08-14 08:54:36,921][ogn_registration][INFO] - Registering Python Node Types from isaacsim.examples.browser at /home/loco1/miniconda3/envs/isaaclab/lib/python3.10/site-packages/isaacsim/exts/isaacsim.examples.browser in isaacsim.examples.browser
[2026-08-14 08:54:36,921][ogn_registration][INFO] - ========================================================================================================================
[2026-08-14 08:54:36,922][ogn_registration][INFO] - No dependency on omni.graph, therefore no nodes to register in isaacsim.examples.browser
[2026-08-14 08:54:36,922][ogn_registration][INFO] - ...None found, no registration to do
[2026-08-14 08:54:36,922][ogn_registration][INFO] - ...Skipping: No OmniGraph presence in the module isaacsim.examples.browser - No nodes in this module, do not remember it
[2026-08-14 08:54:36,922][ogn_registration][INFO] - Destroying registration record for isaacsim.examples.browser
[2026-08-14 08:54:36,922][ogn_registration][INFO] - OGN register isaacsim.examples.browser-0.1.8 took 915355.000000
[2026-08-14 08:54:36,923][ogn_registration][INFO] - Looking for Python nodes to register in omni.kit.property.adapter.usd-1.0.2
[2026-08-14 08:54:36,923][ogn_registration][INFO] -  -> Registered nodes from module omni.kit.property.adapter.usd at /home/loco1/miniconda3/envs/isaaclab/lib/python3.10/site-packages/isaacsim/extscache/omni.kit.property.adapter.usd-1.0.2+d02c707b
[2026-08-14 08:54:36,923][ogn_registration][INFO] - Registering nodes in /home/loco1/miniconda3/envs/isaaclab/lib/python3.10/site-packages/isaacsim/extscache/omni.kit.property.adapter.usd-1.0.2+d02c707b imported as omni.kit.property.adapter.usd with AutoNode config {}
[2026-08-14 08:54:36,923][ogn_registration][INFO] - Registering Python Node Types from omni.kit.property.adapter.usd at /home/loco1/miniconda3/envs/isaaclab/lib/python3.10/site-packages/isaacsim/extscache/omni.kit.property.adapter.usd-1.0.2+d02c707b in omni.kit.property.adapter.usd
[2026-08-14 08:54:36,923][ogn_registration][INFO] - ========================================================================================================================
[2026-08-14 08:54:36,924][ogn_registration][INFO] - No dependency on omni.graph, therefore no nodes to register in omni.kit.property.adapter.usd
[2026-08-14 08:54:36,924][ogn_registration][INFO] - ...None found, no registration to do
[2026-08-14 08:54:36,924][ogn_registration][INFO] - ...Skipping: No OmniGraph presence in the module omni.kit.property.adapter.usd - No nodes in this module, do not remember it
[2026-08-14 08:54:36,924][ogn_registration][INFO] - Destroying registration record for omni.kit.property.adapter.usd
[2026-08-14 08:54:36,924][ogn_registration][INFO] - OGN register omni.kit.property.adapter.usd-1.0.2 took 597041.000000
[2026-08-14 08:54:36,924][ogn_registration][INFO] - Looking for Python nodes to register in omni.kit.window.content_browser_registry-0.0.6
[2026-08-14 08:54:36,924][ogn_registration][INFO] -  -> Registered nodes from module omni.kit.window.content_browser_registry at /home/loco1/miniconda3/envs/isaaclab/lib/python3.10/site-packages/isaacsim/extscache/omni.kit.window.content_browser_registry-0.0.6+d02c707b
[2026-08-14 08:54:36,925][ogn_registration][INFO] - Registering nodes in /home/loco1/miniconda3/envs/isaaclab/lib/python3.10/site-packages/isaacsim/extscache/omni.kit.window.content_browser_registry-0.0.6+d02c707b imported as omni.kit.window.content_browser_registry with AutoNode config {}
[2026-08-14 08:54:36,925][ogn_registration][INFO] - Registering Python Node Types from omni.kit.window.content_browser_registry at /home/loco1/miniconda3/envs/isaaclab/lib/python3.10/site-packages/isaacsim/extscache/omni.kit.window.content_browser_registry-0.0.6+d02c707b in omni.kit.window.content_browser_registry
[2026-08-14 08:54:36,925][ogn_registration][INFO] - ========================================================================================================================
[2026-08-14 08:54:36,925][ogn_registration][INFO] - No dependency on omni.graph, therefore no nodes to register in omni.kit.window.content_browser_registry
[2026-08-14 08:54:36,925][ogn_registration][INFO] - ...None found, no registration to do
[2026-08-14 08:54:36,925][ogn_registration][INFO] - ...Skipping: No OmniGraph presence in the module omni.kit.window.content_browser_registry - No nodes in this module, do not remember it
[2026-08-14 08:54:36,925][ogn_registration][INFO] - Destroying registration record for omni.kit.window.content_browser_registry
[2026-08-14 08:54:36,925][ogn_registration][INFO] - OGN register omni.kit.window.content_browser_registry-0.0.6 took 619081.000000
[2026-08-14 08:54:36,926][ogn_registration][INFO] - Looking for Python nodes to register in omni.kit.widget.highlight_label-1.0.3
[2026-08-14 08:54:36,926][ogn_registration][INFO] -  -> Registered nodes from module omni.kit.widget.highlight_label at /home/loco1/miniconda3/envs/isaaclab/lib/python3.10/site-packages/isaacsim/extscache/omni.kit.widget.highlight_label-1.0.3+d02c707b
[2026-08-14 08:54:36,926][ogn_registration][INFO] - Registering nodes in /home/loco1/miniconda3/envs/isaaclab/lib/python3.10/site-packages/isaacsim/extscache/omni.kit.widget.highlight_label-1.0.3+d02c707b imported as omni.kit.widget.highlight_label with AutoNode config {}
[2026-08-14 08:54:36,926][ogn_registration][INFO] - Registering Python Node Types from omni.kit.widget.highlight_label at /home/loco1/miniconda3/envs/isaaclab/lib/python3.10/site-packages/isaacsim/extscache/omni.kit.widget.highlight_label-1.0.3+d02c707b in omni.kit.widget.highlight_label
[2026-08-14 08:54:36,926][ogn_registration][INFO] - ========================================================================================================================
[2026-08-14 08:54:36,926][ogn_registration][INFO] - No dependency on omni.graph, therefore no nodes to register in omni.kit.widget.highlight_label
[2026-08-14 08:54:36,926][ogn_registration][INFO] - ...None found, no registration to do
[2026-08-14 08:54:36,926][ogn_registration][INFO] - ...Skipping: No OmniGraph presence in the module omni.kit.widget.highlight_label - No nodes in this module, do not remember it
[2026-08-14 08:54:36,926][ogn_registration][INFO] - Destroying registration record for omni.kit.widget.highlight_label
[2026-08-14 08:54:36,926][ogn_registration][INFO] - OGN register omni.kit.widget.highlight_label-1.0.3 took 492037.000000
[2026-08-14 08:54:36,929][ogn_registration][INFO] - Looking for Python nodes to register in omni.kit.window.file-1.3.57
[2026-08-14 08:54:36,930][ogn_registration][INFO] -  -> Registered nodes from module omni.kit.window.file at /home/loco1/miniconda3/envs/isaaclab/lib/python3.10/site-packages/isaacsim/extscache/omni.kit.window.file-1.3.57+d02c707b
[2026-08-14 08:54:36,930][ogn_registration][INFO] - Registering nodes in /home/loco1/miniconda3/envs/isaaclab/lib/python3.10/site-packages/isaacsim/extscache/omni.kit.window.file-1.3.57+d02c707b imported as omni.kit.window.file with AutoNode config {}
[2026-08-14 08:54:36,930][ogn_registration][INFO] - Registering Python Node Types from omni.kit.window.file at /home/loco1/miniconda3/envs/isaaclab/lib/python3.10/site-packages/isaacsim/extscache/omni.kit.window.file-1.3.57+d02c707b in omni.kit.window.file
[2026-08-14 08:54:36,930][ogn_registration][INFO] - ========================================================================================================================
[2026-08-14 08:54:36,930][ogn_registration][INFO] - No dependency on omni.graph, therefore no nodes to register in omni.kit.window.file
[2026-08-14 08:54:36,930][ogn_registration][INFO] - ...None found, no registration to do
[2026-08-14 08:54:36,930][ogn_registration][INFO] - ...Skipping: No OmniGraph presence in the module omni.kit.window.file - No nodes in this module, do not remember it
[2026-08-14 08:54:36,930][ogn_registration][INFO] - Destroying registration record for omni.kit.window.file
[2026-08-14 08:54:36,930][ogn_registration][INFO] - OGN register omni.kit.window.file-1.3.57 took 686147.000000
[2026-08-14 08:54:36,937][ogn_registration][INFO] - Looking for Python nodes to register in omni.kit.window.property-1.11.5
[2026-08-14 08:54:36,937][ogn_registration][INFO] -  -> Registered nodes from module omni.kit.window.property at /home/loco1/miniconda3/envs/isaaclab/lib/python3.10/site-packages/isaacsim/extscache/omni.kit.window.property-1.11.5+d02c707b
[2026-08-14 08:54:36,937][ogn_registration][INFO] - Registering nodes in /home/loco1/miniconda3/envs/isaaclab/lib/python3.10/site-packages/isaacsim/extscache/omni.kit.window.property-1.11.5+d02c707b imported as omni.kit.window.property with AutoNode config {}
[2026-08-14 08:54:36,937][ogn_registration][INFO] - Registering Python Node Types from omni.kit.window.property at /home/loco1/miniconda3/envs/isaaclab/lib/python3.10/site-packages/isaacsim/extscache/omni.kit.window.property-1.11.5+d02c707b in omni.kit.window.property
[2026-08-14 08:54:36,937][ogn_registration][INFO] - ========================================================================================================================
[2026-08-14 08:54:36,938][ogn_registration][INFO] - No dependency on omni.graph, therefore no nodes to register in omni.kit.window.property
[2026-08-14 08:54:36,938][ogn_registration][INFO] - ...None found, no registration to do
[2026-08-14 08:54:36,938][ogn_registration][INFO] - ...Skipping: No OmniGraph presence in the module omni.kit.window.property - No nodes in this module, do not remember it
[2026-08-14 08:54:36,938][ogn_registration][INFO] - Destroying registration record for omni.kit.window.property
[2026-08-14 08:54:36,938][ogn_registration][INFO] - OGN register omni.kit.window.property-1.11.5 took 675308.000000
[2026-08-14 08:54:36,955][ogn_registration][INFO] - Looking for Python nodes to register in omni.kit.window.content_browser-2.10.3
[2026-08-14 08:54:36,955][ogn_registration][INFO] -  -> Registered nodes from module omni.kit.window.content_browser at /home/loco1/miniconda3/envs/isaaclab/lib/python3.10/site-packages/isaacsim/extscache/omni.kit.window.content_browser-2.10.3+d02c707b
[2026-08-14 08:54:36,955][ogn_registration][INFO] - Registering nodes in /home/loco1/miniconda3/envs/isaaclab/lib/python3.10/site-packages/isaacsim/extscache/omni.kit.window.content_browser-2.10.3+d02c707b imported as omni.kit.window.content_browser with AutoNode config {}
[2026-08-14 08:54:36,955][ogn_registration][INFO] - Registering Python Node Types from omni.kit.window.content_browser at /home/loco1/miniconda3/envs/isaaclab/lib/python3.10/site-packages/isaacsim/extscache/omni.kit.window.content_browser-2.10.3+d02c707b in omni.kit.window.content_browser
[2026-08-14 08:54:36,955][ogn_registration][INFO] - ========================================================================================================================
[2026-08-14 08:54:36,956][ogn_registration][INFO] - No dependency on omni.graph, therefore no nodes to register in omni.kit.window.content_browser
[2026-08-14 08:54:36,956][ogn_registration][INFO] - ...None found, no registration to do
[2026-08-14 08:54:36,956][ogn_registration][INFO] - ...Skipping: No OmniGraph presence in the module omni.kit.window.content_browser - No nodes in this module, do not remember it
[2026-08-14 08:54:36,956][ogn_registration][INFO] - Destroying registration record for omni.kit.window.content_browser
[2026-08-14 08:54:36,956][ogn_registration][INFO] - OGN register omni.kit.window.content_browser-2.10.3 took 983890.000000
[2026-08-14 08:54:36,964][ogn_registration][INFO] - Looking for Python nodes to register in omni.kit.property.usd-4.2.16
[2026-08-14 08:54:36,964][ogn_registration][INFO] -  -> Registered nodes from module omni.kit.property.usd at /home/loco1/miniconda3/envs/isaaclab/lib/python3.10/site-packages/isaacsim/extscache/omni.kit.property.usd-4.2.16+d02c707b
[2026-08-14 08:54:36,964][ogn_registration][INFO] - Registering nodes in /home/loco1/miniconda3/envs/isaaclab/lib/python3.10/site-packages/isaacsim/extscache/omni.kit.property.usd-4.2.16+d02c707b imported as omni.kit.property.usd with AutoNode config {}
[2026-08-14 08:54:36,964][ogn_registration][INFO] - Registering Python Node Types from omni.kit.property.usd at /home/loco1/miniconda3/envs/isaaclab/lib/python3.10/site-packages/isaacsim/extscache/omni.kit.property.usd-4.2.16+d02c707b in omni.kit.property.usd
[2026-08-14 08:54:36,964][ogn_registration][INFO] - ========================================================================================================================
[2026-08-14 08:54:36,965][ogn_registration][INFO] - No dependency on omni.graph, therefore no nodes to register in omni.kit.property.usd
[2026-08-14 08:54:36,965][ogn_registration][INFO] - ...None found, no registration to do
[2026-08-14 08:54:36,965][ogn_registration][INFO] - ...Skipping: No OmniGraph presence in the module omni.kit.property.usd - No nodes in this module, do not remember it
[2026-08-14 08:54:36,965][ogn_registration][INFO] - Destroying registration record for omni.kit.property.usd
[2026-08-14 08:54:36,965][ogn_registration][INFO] - OGN register omni.kit.property.usd-4.2.16 took 1021876.000000
[2026-08-14 08:54:36,966][ogn_registration][INFO] - Looking for Python nodes to register in omni.kit.manipulator.viewport-107.0.1
[2026-08-14 08:54:36,966][ogn_registration][INFO] -  -> Registered nodes from module omni.kit.manipulator.viewport at /home/loco1/miniconda3/envs/isaaclab/lib/python3.10/site-packages/isaacsim/extscache/omni.kit.manipulator.viewport-107.0.1+d02c707b
[2026-08-14 08:54:36,966][ogn_registration][INFO] - Registering nodes in /home/loco1/miniconda3/envs/isaaclab/lib/python3.10/site-packages/isaacsim/extscache/omni.kit.manipulator.viewport-107.0.1+d02c707b imported as omni.kit.manipulator.viewport with AutoNode config {}
[2026-08-14 08:54:36,966][ogn_registration][INFO] - Registering Python Node Types from omni.kit.manipulator.viewport at /home/loco1/miniconda3/envs/isaaclab/lib/python3.10/site-packages/isaacsim/extscache/omni.kit.manipulator.viewport-107.0.1+d02c707b in omni.kit.manipulator.viewport
[2026-08-14 08:54:36,966][ogn_registration][INFO] - ========================================================================================================================
[2026-08-14 08:54:36,966][ogn_registration][INFO] - No dependency on omni.graph, therefore no nodes to register in omni.kit.manipulator.viewport
[2026-08-14 08:54:36,966][ogn_registration][INFO] - ...None found, no registration to do
[2026-08-14 08:54:36,966][ogn_registration][INFO] - ...Skipping: No OmniGraph presence in the module omni.kit.manipulator.viewport - No nodes in this module, do not remember it
[2026-08-14 08:54:36,966][ogn_registration][INFO] - Destroying registration record for omni.kit.manipulator.viewport
[2026-08-14 08:54:36,966][ogn_registration][INFO] - OGN register omni.kit.manipulator.viewport-107.0.1 took 471543.000000
[2026-08-14 08:54:36,967][ogn_registration][INFO] - Looking for Python nodes to register in omni.ui_query-1.1.7
[2026-08-14 08:54:36,967][ogn_registration][INFO] -  -> Registered nodes from module omni.ui_query at /home/loco1/miniconda3/envs/isaaclab/lib/python3.10/site-packages/isaacsim/extscache/omni.ui_query-1.1.7+d02c707b
[2026-08-14 08:54:36,967][ogn_registration][INFO] - Registering nodes in /home/loco1/miniconda3/envs/isaaclab/lib/python3.10/site-packages/isaacsim/extscache/omni.ui_query-1.1.7+d02c707b imported as omni.ui_query with AutoNode config {}
[2026-08-14 08:54:36,967][ogn_registration][INFO] - Registering Python Node Types from omni.ui_query at /home/loco1/miniconda3/envs/isaaclab/lib/python3.10/site-packages/isaacsim/extscache/omni.ui_query-1.1.7+d02c707b in omni.ui_query
[2026-08-14 08:54:36,967][ogn_registration][INFO] - ========================================================================================================================
[2026-08-14 08:54:36,967][ogn_registration][INFO] - No dependency on omni.graph, therefore no nodes to register in omni.ui_query
[2026-08-14 08:54:36,967][ogn_registration][INFO] - ...None found, no registration to do
[2026-08-14 08:54:36,967][ogn_registration][INFO] - ...Skipping: No OmniGraph presence in the module omni.ui_query - No nodes in this module, do not remember it
[2026-08-14 08:54:36,967][ogn_registration][INFO] - Destroying registration record for omni.ui_query
[2026-08-14 08:54:36,967][ogn_registration][INFO] - OGN register omni.ui_query-1.1.7 took 479768.000000
[2026-08-14 08:54:36,972][ogn_registration][INFO] - Looking for Python nodes to register in omni.graph.visualization.nodes-2.1.1
[2026-08-14 08:54:36,972][ogn_registration][INFO] -  -> Registered nodes from module omni.graph.visualization.nodes at /home/loco1/miniconda3/envs/isaaclab/lib/python3.10/site-packages/isaacsim/extscache/omni.graph.visualization.nodes-2.1.1
[2026-08-14 08:54:36,972][ogn_registration][INFO] - Registering nodes in /home/loco1/miniconda3/envs/isaaclab/lib/python3.10/site-packages/isaacsim/extscache/omni.graph.visualization.nodes-2.1.1 imported as omni.graph.visualization.nodes with AutoNode config {}
[2026-08-14 08:54:36,972][ogn_registration][INFO] - Registering Python Node Types from omni.graph.visualization.nodes at /home/loco1/miniconda3/envs/isaaclab/lib/python3.10/site-packages/isaacsim/extscache/omni.graph.visualization.nodes-2.1.1 in omni.graph.visualization.nodes
[2026-08-14 08:54:36,972][ogn_registration][INFO] - ========================================================================================================================
[2026-08-14 08:54:36,972][ogn_registration][INFO] - Finding OmniGraph extension content manager for omni.graph.visualization.nodes-2.1.1 in module omni.graph.visualization.nodes at /home/loco1/miniconda3/envs/isaaclab/lib/python3.10/site-packages/isaacsim/extscache/omni.graph.visualization.nodes-2.1.1
[2026-08-14 08:54:36,973][ogn_registration][INFO] - -> New generated folder /home/loco1/miniconda3/envs/isaaclab/lib/python3.10/site-packages/isaacsim/extscache/omni.graph.visualization.nodes-2.1.1/ogn/omni.graph.visualization.nodes is not a directory
[2026-08-14 08:54:36,973][ogn_registration][INFO] - Creating OmniGraph extension management class
[2026-08-14 08:54:36,973][ogn_registration][INFO] - Created base content manager for module omni.graph.visualization.nodes (/home/loco1/miniconda3/envs/isaaclab/lib/python3.10/site-packages/isaacsim/extscache/omni.graph.visualization.nodes-2.1.1/omni/graph/visualization/nodes/__init__.py - /home/loco1/miniconda3/envs/isaaclab/lib/python3.10/site-packages/isaacsim/extscache/omni.graph.visualization.nodes-2.1.1/omni/graph/visualization/nodes) in extension omni.graph.visualization.nodes-2.1.1 at /home/loco1/miniconda3/envs/isaaclab/lib/python3.10/site-packages/isaacsim/extscache/omni.graph.visualization.nodes-2.1.1 using cache /home/loco1/miniconda3/envs/isaaclab/lib/python3.10/site-packages/omni/cache/ogn_generated/1.79.1/omni.graph.visualization.nodes-2.1.1/omni.graph.visualization.nodes/ogn
[2026-08-14 08:54:36,973][ogn_registration][INFO] - Creating 1.18 extension manager for omni.graph.visualization.nodes-2.1.1 in <module 'omni.graph.visualization.nodes' from '/home/loco1/miniconda3/envs/isaaclab/lib/python3.10/site-packages/isaacsim/extscache/omni.graph.visualization.nodes-2.1.1/omni/graph/visualization/nodes/__init__.py'> at /home/loco1/miniconda3/envs/isaaclab/lib/python3.10/site-packages/isaacsim/extscache/omni.graph.visualization.nodes-2.1.1
[2026-08-14 08:54:36,973][ogn_registration][INFO] - Using cache directory /home/loco1/miniconda3/envs/isaaclab/lib/python3.10/site-packages/omni/cache/ogn_generated/1.79.1/omni.graph.visualization.nodes-2.1.1/omni.graph.visualization.nodes/ogn
[2026-08-14 08:54:36,973][ogn_registration][INFO] - Scanning for V1.18 node in /home/loco1/miniconda3/envs/isaaclab/lib/python3.10/site-packages/isaacsim/extscache/omni.graph.visualization.nodes-2.1.1/omni/graph/visualization/nodes/ogn
[2026-08-14 08:54:36,973][ogn_registration][INFO] - Scanning omni.graph.visualization.nodes-2.1.1 for nodes in OGN path /home/loco1/miniconda3/envs/isaaclab/lib/python3.10/site-packages/isaacsim/extscache/omni.graph.visualization.nodes-2.1.1/omni/graph/visualization/nodes/ogn
[2026-08-14 08:54:36,973][ogn_registration][INFO] - _walk_with_excludes(start=/home/loco1/miniconda3/envs/isaaclab/lib/python3.10/site-packages/isaacsim/extscache/omni.graph.visualization.nodes-2.1.1/omni/graph/visualization/nodes/ogn, exclude=['__pycache__'])
[2026-08-14 08:54:36,973][ogn_registration][INFO] -    ... walked /home/loco1/miniconda3/envs/isaaclab/lib/python3.10/site-packages/isaacsim/extscache/omni.graph.visualization.nodes-2.1.1/omni/graph/visualization/nodes/ogn, ['tests', 'nodes'], ['__ogn_files_prebuilt', 'OgnDrawLineDatabase.py', 'OgnDrawScreenSpaceTextDatabase.py', 'OgnDrawLabelDatabase.py']
[2026-08-14 08:54:36,974][ogn_registration][INFO] - ....Adding scanned directory /home/loco1/miniconda3/envs/isaaclab/lib/python3.10/site-packages/isaacsim/extscache/omni.graph.visualization.nodes-2.1.1/omni/graph/visualization/nodes/ogn/nodes
[2026-08-14 08:54:36,974][ogn_registration][INFO] -    ... walked /home/loco1/miniconda3/envs/isaaclab/lib/python3.10/site-packages/isaacsim/extscache/omni.graph.visualization.nodes-2.1.1/omni/graph/visualization/nodes/ogn/tests, ['usd'], ['TestOgnDrawScreenSpaceText.py', '__init__.py', 'TestOgnDrawLabel.py', 'TestOgnDrawLine.py']
[2026-08-14 08:54:36,974][ogn_registration][INFO] - ....Adding scanned directory /home/loco1/miniconda3/envs/isaaclab/lib/python3.10/site-packages/isaacsim/extscache/omni.graph.visualization.nodes-2.1.1/omni/graph/visualization/nodes/ogn/tests/usd
[2026-08-14 08:54:36,974][ogn_registration][INFO] -    ... walked /home/loco1/miniconda3/envs/isaaclab/lib/python3.10/site-packages/isaacsim/extscache/omni.graph.visualization.nodes-2.1.1/omni/graph/visualization/nodes/ogn/tests/usd, [], ['OgnDrawLabelTemplate.usda', 'OgnDrawScreenSpaceTextTemplate.usda', 'OgnDrawLineTemplate.usda']
[2026-08-14 08:54:36,975][ogn_registration][INFO] -    ... walked /home/loco1/miniconda3/envs/isaaclab/lib/python3.10/site-packages/isaacsim/extscache/omni.graph.visualization.nodes-2.1.1/omni/graph/visualization/nodes/ogn/nodes, [], ['OgnDrawScreenSpaceText.ogn', 'OgnDrawLabel.py', 'OgnDrawLabel.ogn', 'OgnDrawScreenSpaceText.py', 'OgnDrawLine.ogn', 'OgnDrawLine.py']
[2026-08-14 08:54:36,976][ogn_registration][INFO] - ...extracted db versions VersionProperties.GENERATOR = (1, 27, 1), VersionProperties.TARGET = (2, 103, 1) from /home/loco1/miniconda3/envs/isaaclab/lib/python3.10/site-packages/isaacsim/extscache/omni.graph.visualization.nodes-2.1.1/omni/graph/visualization/nodes/ogn/OgnDrawLineDatabase.py (True)
[2026-08-14 08:54:36,976][ogn_registration][INFO] - ...found file of type FileType.PYTHON_DB - /home/loco1/miniconda3/envs/isaaclab/lib/python3.10/site-packages/isaacsim/extscache/omni.graph.visualization.nodes-2.1.1/omni/graph/visualization/nodes/ogn/OgnDrawLineDatabase.py
[2026-08-14 08:54:36,976][ogn_registration][INFO] - ...found file of type FileType.PYTHON_DB - /home/loco1/miniconda3/envs/isaaclab/lib/python3.10/site-packages/isaacsim/extscache/omni.graph.visualization.nodes-2.1.1/omni/graph/visualization/nodes/ogn/OgnDrawScreenSpaceTextDatabase.py
[2026-08-14 08:54:36,976][ogn_registration][INFO] - ...found file of type FileType.PYTHON_DB - /home/loco1/miniconda3/envs/isaaclab/lib/python3.10/site-packages/isaacsim/extscache/omni.graph.visualization.nodes-2.1.1/omni/graph/visualization/nodes/ogn/OgnDrawLabelDatabase.py
[2026-08-14 08:54:36,976][ogn_registration][INFO] - ...found file of type FileType.TEST - /home/loco1/miniconda3/envs/isaaclab/lib/python3.10/site-packages/isaacsim/extscache/omni.graph.visualization.nodes-2.1.1/omni/graph/visualization/nodes/ogn/tests/TestOgnDrawScreenSpaceText.py
[2026-08-14 08:54:36,976][ogn_registration][INFO] - ...found file of type FileType.PYTHON - /home/loco1/miniconda3/envs/isaaclab/lib/python3.10/site-packages/isaacsim/extscache/omni.graph.visualization.nodes-2.1.1/omni/graph/visualization/nodes/ogn/tests/__init__.py
[2026-08-14 08:54:36,976][ogn_registration][INFO] - ...found file of type FileType.TEST - /home/loco1/miniconda3/envs/isaaclab/lib/python3.10/site-packages/isaacsim/extscache/omni.graph.visualization.nodes-2.1.1/omni/graph/visualization/nodes/ogn/tests/TestOgnDrawLabel.py
[2026-08-14 08:54:36,976][ogn_registration][INFO] - ...found file of type FileType.TEST - /home/loco1/miniconda3/envs/isaaclab/lib/python3.10/site-packages/isaacsim/extscache/omni.graph.visualization.nodes-2.1.1/omni/graph/visualization/nodes/ogn/tests/TestOgnDrawLine.py
[2026-08-14 08:54:36,976][ogn_registration][INFO] - ...found file of type FileType.USD - /home/loco1/miniconda3/envs/isaaclab/lib/python3.10/site-packages/isaacsim/extscache/omni.graph.visualization.nodes-2.1.1/omni/graph/visualization/nodes/ogn/tests/usd/OgnDrawLabelTemplate.usda
[2026-08-14 08:54:36,976][ogn_registration][INFO] - ...found file of type FileType.USD - /home/loco1/miniconda3/envs/isaaclab/lib/python3.10/site-packages/isaacsim/extscache/omni.graph.visualization.nodes-2.1.1/omni/graph/visualization/nodes/ogn/tests/usd/OgnDrawScreenSpaceTextTemplate.usda
[2026-08-14 08:54:36,976][ogn_registration][INFO] - ...found file of type FileType.USD - /home/loco1/miniconda3/envs/isaaclab/lib/python3.10/site-packages/isaacsim/extscache/omni.graph.visualization.nodes-2.1.1/omni/graph/visualization/nodes/ogn/tests/usd/OgnDrawLineTemplate.usda
[2026-08-14 08:54:36,976][ogn_registration][INFO] - ...found file of type FileType.PYTHON - /home/loco1/miniconda3/envs/isaaclab/lib/python3.10/site-packages/isaacsim/extscache/omni.graph.visualization.nodes-2.1.1/omni/graph/visualization/nodes/ogn/nodes/OgnDrawLabel.py
[2026-08-14 08:54:36,976][ogn_registration][INFO] - ...found file of type FileType.PYTHON - /home/loco1/miniconda3/envs/isaaclab/lib/python3.10/site-packages/isaacsim/extscache/omni.graph.visualization.nodes-2.1.1/omni/graph/visualization/nodes/ogn/nodes/OgnDrawScreenSpaceText.py
[2026-08-14 08:54:36,976][ogn_registration][INFO] - ...found file of type FileType.PYTHON - /home/loco1/miniconda3/envs/isaaclab/lib/python3.10/site-packages/isaacsim/extscache/omni.graph.visualization.nodes-2.1.1/omni/graph/visualization/nodes/ogn/nodes/OgnDrawLine.py
[2026-08-14 08:54:36,976][ogn_registration][INFO] - ...constructing node type definition for OgnDrawScreenSpaceText at /home/loco1/miniconda3/envs/isaaclab/lib/python3.10/site-packages/isaacsim/extscache/omni.graph.visualization.nodes-2.1.1/omni/graph/visualization/nodes/ogn/nodes/OgnDrawScreenSpaceText.ogn
[2026-08-14 08:54:36,976][ogn_registration][INFO] - Creating node type definition for OgnDrawScreenSpaceText at /home/loco1/miniconda3/envs/isaaclab/lib/python3.10/site-packages/isaacsim/extscache/omni.graph.visualization.nodes-2.1.1/omni/graph/visualization/nodes/ogn/nodes/OgnDrawScreenSpaceText.ogn
[2026-08-14 08:54:36,976][ogn_registration][INFO] - ...constructing node type definition for OgnDrawLabel at /home/loco1/miniconda3/envs/isaaclab/lib/python3.10/site-packages/isaacsim/extscache/omni.graph.visualization.nodes-2.1.1/omni/graph/visualization/nodes/ogn/nodes/OgnDrawLabel.ogn
[2026-08-14 08:54:36,976][ogn_registration][INFO] - Creating node type definition for OgnDrawLabel at /home/loco1/miniconda3/envs/isaaclab/lib/python3.10/site-packages/isaacsim/extscache/omni.graph.visualization.nodes-2.1.1/omni/graph/visualization/nodes/ogn/nodes/OgnDrawLabel.ogn
[2026-08-14 08:54:36,976][ogn_registration][INFO] - ...constructing node type definition for OgnDrawLine at /home/loco1/miniconda3/envs/isaaclab/lib/python3.10/site-packages/isaacsim/extscache/omni.graph.visualization.nodes-2.1.1/omni/graph/visualization/nodes/ogn/nodes/OgnDrawLine.ogn
[2026-08-14 08:54:36,976][ogn_registration][INFO] - Creating node type definition for OgnDrawLine at /home/loco1/miniconda3/envs/isaaclab/lib/python3.10/site-packages/isaacsim/extscache/omni.graph.visualization.nodes-2.1.1/omni/graph/visualization/nodes/ogn/nodes/OgnDrawLine.ogn
[2026-08-14 08:54:36,977][ogn_registration][INFO] - Adding 4 files at version VersionProperties.GENERATOR = (1, 27, 1), VersionProperties.TARGET = (2, 103, 1)
[2026-08-14 08:54:36,977][ogn_registration][INFO] - add generated file(/home/loco1/miniconda3/envs/isaaclab/lib/python3.10/site-packages/isaacsim/extscache/omni.graph.visualization.nodes-2.1.1/omni/graph/visualization/nodes/ogn/OgnDrawScreenSpaceTextDatabase.py, FileType.PYTHON_DB)
[2026-08-14 08:54:36,977][ogn_registration][INFO] - add generated file(/home/loco1/miniconda3/envs/isaaclab/lib/python3.10/site-packages/isaacsim/extscache/omni.graph.visualization.nodes-2.1.1/omni/graph/visualization/nodes/ogn/tests/TestOgnDrawScreenSpaceText.py, FileType.TEST)
[2026-08-14 08:54:36,977][ogn_registration][INFO] - add generated file(/home/loco1/miniconda3/envs/isaaclab/lib/python3.10/site-packages/isaacsim/extscache/omni.graph.visualization.nodes-2.1.1/omni/graph/visualization/nodes/ogn/tests/usd/OgnDrawScreenSpaceTextTemplate.usda, FileType.USD)
[2026-08-14 08:54:36,977][ogn_registration][INFO] - add user file(/home/loco1/miniconda3/envs/isaaclab/lib/python3.10/site-packages/isaacsim/extscache/omni.graph.visualization.nodes-2.1.1/omni/graph/visualization/nodes/ogn/nodes/OgnDrawScreenSpaceText.py, FileType.PYTHON)
[2026-08-14 08:54:36,977][ogn_registration][INFO] - Adding 4 files at version VersionProperties.GENERATOR = (1, 27, 1), VersionProperties.TARGET = (2, 103, 1)
[2026-08-14 08:54:36,977][ogn_registration][INFO] - add generated file(/home/loco1/miniconda3/envs/isaaclab/lib/python3.10/site-packages/isaacsim/extscache/omni.graph.visualization.nodes-2.1.1/omni/graph/visualization/nodes/ogn/OgnDrawLabelDatabase.py, FileType.PYTHON_DB)
[2026-08-14 08:54:36,977][ogn_registration][INFO] - add generated file(/home/loco1/miniconda3/envs/isaaclab/lib/python3.10/site-packages/isaacsim/extscache/omni.graph.visualization.nodes-2.1.1/omni/graph/visualization/nodes/ogn/tests/TestOgnDrawLabel.py, FileType.TEST)
[2026-08-14 08:54:36,977][ogn_registration][INFO] - add generated file(/home/loco1/miniconda3/envs/isaaclab/lib/python3.10/site-packages/isaacsim/extscache/omni.graph.visualization.nodes-2.1.1/omni/graph/visualization/nodes/ogn/tests/usd/OgnDrawLabelTemplate.usda, FileType.USD)
[2026-08-14 08:54:36,977][ogn_registration][INFO] - add user file(/home/loco1/miniconda3/envs/isaaclab/lib/python3.10/site-packages/isaacsim/extscache/omni.graph.visualization.nodes-2.1.1/omni/graph/visualization/nodes/ogn/nodes/OgnDrawLabel.py, FileType.PYTHON)
[2026-08-14 08:54:36,977][ogn_registration][INFO] - Adding 4 files at version VersionProperties.GENERATOR = (1, 27, 1), VersionProperties.TARGET = (2, 103, 1)
[2026-08-14 08:54:36,977][ogn_registration][INFO] - add generated file(/home/loco1/miniconda3/envs/isaaclab/lib/python3.10/site-packages/isaacsim/extscache/omni.graph.visualization.nodes-2.1.1/omni/graph/visualization/nodes/ogn/OgnDrawLineDatabase.py, FileType.PYTHON_DB)
[2026-08-14 08:54:36,977][ogn_registration][INFO] - add generated file(/home/loco1/miniconda3/envs/isaaclab/lib/python3.10/site-packages/isaacsim/extscache/omni.graph.visualization.nodes-2.1.1/omni/graph/visualization/nodes/ogn/tests/TestOgnDrawLine.py, FileType.TEST)
[2026-08-14 08:54:36,977][ogn_registration][INFO] - add generated file(/home/loco1/miniconda3/envs/isaaclab/lib/python3.10/site-packages/isaacsim/extscache/omni.graph.visualization.nodes-2.1.1/omni/graph/visualization/nodes/ogn/tests/usd/OgnDrawLineTemplate.usda, FileType.USD)
[2026-08-14 08:54:36,977][ogn_registration][INFO] - add user file(/home/loco1/miniconda3/envs/isaaclab/lib/python3.10/site-packages/isaacsim/extscache/omni.graph.visualization.nodes-2.1.1/omni/graph/visualization/nodes/ogn/nodes/OgnDrawLine.py, FileType.PYTHON)
[2026-08-14 08:54:36,977][ogn_registration][INFO] - Cache path /home/loco1/miniconda3/envs/isaaclab/lib/python3.10/site-packages/omni/cache/ogn_generated/1.79.1/omni.graph.visualization.nodes-2.1.1/omni.graph.visualization.nodes/ogn is not a directory
[2026-08-14 08:54:36,977][ogn_registration][INFO] - omni.graph.visualization.nodes: Time to scan the extension for node types = 0.005475
[2026-08-14 08:54:36,978][ogn_registration][INFO] - Ensuring node types in extension omni.graph.visualization.nodes are up to date
[2026-08-14 08:54:36,978][ogn_registration][INFO] - omni.graph.visualization.nodes: Time to update the out-of-date generated code = 0.000132
[2026-08-14 08:54:36,978][ogn_registration][INFO] - Attempting OGN 1.18 Python imports for omni.graph.visualization.nodes-2.1.1
[2026-08-14 08:54:36,978][ogn_registration][INFO] - Importing omni.graph.visualization.nodes.ogn and omni.graph.visualization.nodes.ogn.tests with tests
[2026-08-14 08:54:36,978][ogn_registration][INFO] - --- Finding module omni.graph.visualization.nodes.ogn in <module 'omni.graph.visualization.nodes' from '/home/loco1/miniconda3/envs/isaaclab/lib/python3.10/site-packages/isaacsim/extscache/omni.graph.visualization.nodes-2.1.1/omni/graph/visualization/nodes/__init__.py'> with submodule name ogn
[2026-08-14 08:54:36,978][ogn_registration][INFO] - --X module was not already imported
[2026-08-14 08:54:36,978][ogn_registration][INFO] - ... Trying to import omni.graph.visualization.nodes.ogn directly
[2026-08-14 08:54:36,978][ogn_registration][INFO] - --> Found the module at <module 'omni.graph.visualization.nodes.ogn' (<_frozen_importlib_external._NamespaceLoader object at 0x785a4ddaa110>)>
[2026-08-14 08:54:36,978][ogn_registration][INFO] - -> Found .ogn module, looking for ogn.tests too
[2026-08-14 08:54:36,978][ogn_registration][INFO] - --- Finding module omni.graph.visualization.nodes.ogn.tests in <module 'omni.graph.visualization.nodes.ogn' (<_frozen_importlib_external._NamespaceLoader object at 0x785a4ddaa110>)> with submodule name ogn.tests
[2026-08-14 08:54:36,978][ogn_registration][INFO] - --X module was not already imported
[2026-08-14 08:54:36,979][ogn_registration][INFO] - ... Trying to import omni.graph.visualization.nodes.ogn.tests directly
[2026-08-14 08:54:36,979][ogn_registration][INFO] - --> Found the module at <module 'omni.graph.visualization.nodes.ogn.tests' from '/home/loco1/miniconda3/envs/isaaclab/lib/python3.10/site-packages/isaacsim/extscache/omni.graph.visualization.nodes-2.1.1/omni/graph/visualization/nodes/ogn/tests/__init__.py'>
[2026-08-14 08:54:36,980][ogn_registration][INFO] - Importing module omni.graph.visualization.nodes.ogn.OgnDrawScreenSpaceTextDatabase from /home/loco1/miniconda3/envs/isaaclab/lib/python3.10/site-packages/isaacsim/extscache/omni.graph.visualization.nodes-2.1.1/omni/graph/visualization/nodes/ogn/OgnDrawScreenSpaceTextDatabase.py
[2026-08-14 08:54:36,980][ogn_registration][INFO] - ... created the module as <module 'omni.graph.visualization.nodes.ogn.OgnDrawScreenSpaceTextDatabase' from '/home/loco1/miniconda3/envs/isaaclab/lib/python3.10/site-packages/isaacsim/extscache/omni.graph.visualization.nodes-2.1.1/omni/graph/visualization/nodes/ogn/OgnDrawScreenSpaceTextDatabase.py'>
[2026-08-14 08:54:36,980][ogn_registration][INFO] - ...Import DB omni.graph.visualization.nodes.ogn.OgnDrawScreenSpaceTextDatabase into ['OgnDrawScreenSpaceTextDatabase', '__builtins__', '__cached__', '__doc__', '__file__', '__loader__', '__name__', '__package__', '__spec__', '_og', 'numpy', 'og', 'ogn', 'sys', 'traceback'] from /home/loco1/miniconda3/envs/isaaclab/lib/python3.10/site-packages/isaacsim/extscache/omni.graph.visualization.nodes-2.1.1/omni/graph/visualization/nodes/ogn/OgnDrawScreenSpaceTextDatabase.py
[2026-08-14 08:54:36,980][ogn_registration][INFO] - Importing module omni.graph.visualization.nodes.ogn.nodes.OgnDrawScreenSpaceText from /home/loco1/miniconda3/envs/isaaclab/lib/python3.10/site-packages/isaacsim/extscache/omni.graph.visualization.nodes-2.1.1/omni/graph/visualization/nodes/ogn/nodes/OgnDrawScreenSpaceText.py
[2026-08-14 08:54:36,981][ogn_registration][INFO] - ... created the module as <module 'omni.graph.visualization.nodes.ogn.nodes.OgnDrawScreenSpaceText' from '/home/loco1/miniconda3/envs/isaaclab/lib/python3.10/site-packages/isaacsim/extscache/omni.graph.visualization.nodes-2.1.1/omni/graph/visualization/nodes/ogn/nodes/OgnDrawScreenSpaceText.py'>
[2026-08-14 08:54:36,981][ogn_registration][INFO] - ...Import Node omni.graph.visualization.nodes.ogn.nodes.OgnDrawScreenSpaceText into <module 'omni.graph.visualization.nodes.ogn.nodes.OgnDrawScreenSpaceText' from '/home/loco1/miniconda3/envs/isaaclab/lib/python3.10/site-packages/isaacsim/extscache/omni.graph.visualization.nodes-2.1.1/omni/graph/visualization/nodes/ogn/nodes/OgnDrawScreenSpaceText.py'> from /home/loco1/miniconda3/envs/isaaclab/lib/python3.10/site-packages/isaacsim/extscache/omni.graph.visualization.nodes-2.1.1/omni/graph/visualization/nodes/ogn/nodes/OgnDrawScreenSpaceText.py
[2026-08-14 08:54:36,981][ogn_registration][INFO] - Importing module omni.graph.visualization.nodes.ogn.tests.TestOgnDrawScreenSpaceText from /home/loco1/miniconda3/envs/isaaclab/lib/python3.10/site-packages/isaacsim/extscache/omni.graph.visualization.nodes-2.1.1/omni/graph/visualization/nodes/ogn/tests/TestOgnDrawScreenSpaceText.py
[2026-08-14 08:54:36,981][ogn_registration][INFO] - ... created the module as <module 'omni.graph.visualization.nodes.ogn.tests.TestOgnDrawScreenSpaceText' from '/home/loco1/miniconda3/envs/isaaclab/lib/python3.10/site-packages/isaacsim/extscache/omni.graph.visualization.nodes-2.1.1/omni/graph/visualization/nodes/ogn/tests/TestOgnDrawScreenSpaceText.py'>
[2026-08-14 08:54:36,981][ogn_registration][INFO] - ...Imported test omni.graph.visualization.nodes.ogn.tests.TestOgnDrawScreenSpaceText into <module 'omni.graph.visualization.nodes.ogn.tests.TestOgnDrawScreenSpaceText' from '/home/loco1/miniconda3/envs/isaaclab/lib/python3.10/site-packages/isaacsim/extscache/omni.graph.visualization.nodes-2.1.1/omni/graph/visualization/nodes/ogn/tests/TestOgnDrawScreenSpaceText.py'> from /home/loco1/miniconda3/envs/isaaclab/lib/python3.10/site-packages/isaacsim/extscache/omni.graph.visualization.nodes-2.1.1/omni/graph/visualization/nodes/ogn/tests/TestOgnDrawScreenSpaceText.py
[2026-08-14 08:54:36,981][ogn_registration][INFO] - Importing module omni.graph.visualization.nodes.ogn.OgnDrawLabelDatabase from /home/loco1/miniconda3/envs/isaaclab/lib/python3.10/site-packages/isaacsim/extscache/omni.graph.visualization.nodes-2.1.1/omni/graph/visualization/nodes/ogn/OgnDrawLabelDatabase.py
[2026-08-14 08:54:36,981][ogn_registration][INFO] - ... created the module as <module 'omni.graph.visualization.nodes.ogn.OgnDrawLabelDatabase' from '/home/loco1/miniconda3/envs/isaaclab/lib/python3.10/site-packages/isaacsim/extscache/omni.graph.visualization.nodes-2.1.1/omni/graph/visualization/nodes/ogn/OgnDrawLabelDatabase.py'>
[2026-08-14 08:54:36,981][ogn_registration][INFO] - ...Import DB omni.graph.visualization.nodes.ogn.OgnDrawLabelDatabase into ['OgnDrawLabelDatabase', '__builtins__', '__cached__', '__doc__', '__file__', '__loader__', '__name__', '__package__', '__spec__', '_og', 'numpy', 'og', 'ogn', 'sys', 'traceback'] from /home/loco1/miniconda3/envs/isaaclab/lib/python3.10/site-packages/isaacsim/extscache/omni.graph.visualization.nodes-2.1.1/omni/graph/visualization/nodes/ogn/OgnDrawLabelDatabase.py
[2026-08-14 08:54:36,981][ogn_registration][INFO] - Importing module omni.graph.visualization.nodes.ogn.nodes.OgnDrawLabel from /home/loco1/miniconda3/envs/isaaclab/lib/python3.10/site-packages/isaacsim/extscache/omni.graph.visualization.nodes-2.1.1/omni/graph/visualization/nodes/ogn/nodes/OgnDrawLabel.py
[2026-08-14 08:54:36,981][ogn_registration][INFO] - ... created the module as <module 'omni.graph.visualization.nodes.ogn.nodes.OgnDrawLabel' from '/home/loco1/miniconda3/envs/isaaclab/lib/python3.10/site-packages/isaacsim/extscache/omni.graph.visualization.nodes-2.1.1/omni/graph/visualization/nodes/ogn/nodes/OgnDrawLabel.py'>
[2026-08-14 08:54:36,981][ogn_registration][INFO] - ...Import Node omni.graph.visualization.nodes.ogn.nodes.OgnDrawLabel into <module 'omni.graph.visualization.nodes.ogn.nodes.OgnDrawLabel' from '/home/loco1/miniconda3/envs/isaaclab/lib/python3.10/site-packages/isaacsim/extscache/omni.graph.visualization.nodes-2.1.1/omni/graph/visualization/nodes/ogn/nodes/OgnDrawLabel.py'> from /home/loco1/miniconda3/envs/isaaclab/lib/python3.10/site-packages/isaacsim/extscache/omni.graph.visualization.nodes-2.1.1/omni/graph/visualization/nodes/ogn/nodes/OgnDrawLabel.py
[2026-08-14 08:54:36,981][ogn_registration][INFO] - Importing module omni.graph.visualization.nodes.ogn.tests.TestOgnDrawLabel from /home/loco1/miniconda3/envs/isaaclab/lib/python3.10/site-packages/isaacsim/extscache/omni.graph.visualization.nodes-2.1.1/omni/graph/visualization/nodes/ogn/tests/TestOgnDrawLabel.py
[2026-08-14 08:54:36,981][ogn_registration][INFO] - ... created the module as <module 'omni.graph.visualization.nodes.ogn.tests.TestOgnDrawLabel' from '/home/loco1/miniconda3/envs/isaaclab/lib/python3.10/site-packages/isaacsim/extscache/omni.graph.visualization.nodes-2.1.1/omni/graph/visualization/nodes/ogn/tests/TestOgnDrawLabel.py'>
[2026-08-14 08:54:36,981][ogn_registration][INFO] - ...Imported test omni.graph.visualization.nodes.ogn.tests.TestOgnDrawLabel into <module 'omni.graph.visualization.nodes.ogn.tests.TestOgnDrawLabel' from '/home/loco1/miniconda3/envs/isaaclab/lib/python3.10/site-packages/isaacsim/extscache/omni.graph.visualization.nodes-2.1.1/omni/graph/visualization/nodes/ogn/tests/TestOgnDrawLabel.py'> from /home/loco1/miniconda3/envs/isaaclab/lib/python3.10/site-packages/isaacsim/extscache/omni.graph.visualization.nodes-2.1.1/omni/graph/visualization/nodes/ogn/tests/TestOgnDrawLabel.py
[2026-08-14 08:54:36,982][ogn_registration][INFO] - Importing module omni.graph.visualization.nodes.ogn.OgnDrawLineDatabase from /home/loco1/miniconda3/envs/isaaclab/lib/python3.10/site-packages/isaacsim/extscache/omni.graph.visualization.nodes-2.1.1/omni/graph/visualization/nodes/ogn/OgnDrawLineDatabase.py
[2026-08-14 08:54:36,982][ogn_registration][INFO] - ... created the module as <module 'omni.graph.visualization.nodes.ogn.OgnDrawLineDatabase' from '/home/loco1/miniconda3/envs/isaaclab/lib/python3.10/site-packages/isaacsim/extscache/omni.graph.visualization.nodes-2.1.1/omni/graph/visualization/nodes/ogn/OgnDrawLineDatabase.py'>
[2026-08-14 08:54:36,982][ogn_registration][INFO] - ...Import DB omni.graph.visualization.nodes.ogn.OgnDrawLineDatabase into ['OgnDrawLineDatabase', '__builtins__', '__cached__', '__doc__', '__file__', '__loader__', '__name__', '__package__', '__spec__', '_og', 'numpy', 'og', 'ogn', 'sys', 'traceback'] from /home/loco1/miniconda3/envs/isaaclab/lib/python3.10/site-packages/isaacsim/extscache/omni.graph.visualization.nodes-2.1.1/omni/graph/visualization/nodes/ogn/OgnDrawLineDatabase.py
[2026-08-14 08:54:36,982][ogn_registration][INFO] - Importing module omni.graph.visualization.nodes.ogn.nodes.OgnDrawLine from /home/loco1/miniconda3/envs/isaaclab/lib/python3.10/site-packages/isaacsim/extscache/omni.graph.visualization.nodes-2.1.1/omni/graph/visualization/nodes/ogn/nodes/OgnDrawLine.py
[2026-08-14 08:54:36,982][ogn_registration][INFO] - ... created the module as <module 'omni.graph.visualization.nodes.ogn.nodes.OgnDrawLine' from '/home/loco1/miniconda3/envs/isaaclab/lib/python3.10/site-packages/isaacsim/extscache/omni.graph.visualization.nodes-2.1.1/omni/graph/visualization/nodes/ogn/nodes/OgnDrawLine.py'>
[2026-08-14 08:54:36,982][ogn_registration][INFO] - ...Import Node omni.graph.visualization.nodes.ogn.nodes.OgnDrawLine into <module 'omni.graph.visualization.nodes.ogn.nodes.OgnDrawLine' from '/home/loco1/miniconda3/envs/isaaclab/lib/python3.10/site-packages/isaacsim/extscache/omni.graph.visualization.nodes-2.1.1/omni/graph/visualization/nodes/ogn/nodes/OgnDrawLine.py'> from /home/loco1/miniconda3/envs/isaaclab/lib/python3.10/site-packages/isaacsim/extscache/omni.graph.visualization.nodes-2.1.1/omni/graph/visualization/nodes/ogn/nodes/OgnDrawLine.py
[2026-08-14 08:54:36,982][ogn_registration][INFO] - Importing module omni.graph.visualization.nodes.ogn.tests.TestOgnDrawLine from /home/loco1/miniconda3/envs/isaaclab/lib/python3.10/site-packages/isaacsim/extscache/omni.graph.visualization.nodes-2.1.1/omni/graph/visualization/nodes/ogn/tests/TestOgnDrawLine.py
[2026-08-14 08:54:36,982][ogn_registration][INFO] - ... created the module as <module 'omni.graph.visualization.nodes.ogn.tests.TestOgnDrawLine' from '/home/loco1/miniconda3/envs/isaaclab/lib/python3.10/site-packages/isaacsim/extscache/omni.graph.visualization.nodes-2.1.1/omni/graph/visualization/nodes/ogn/tests/TestOgnDrawLine.py'>
[2026-08-14 08:54:36,982][ogn_registration][INFO] - ...Imported test omni.graph.visualization.nodes.ogn.tests.TestOgnDrawLine into <module 'omni.graph.visualization.nodes.ogn.tests.TestOgnDrawLine' from '/home/loco1/miniconda3/envs/isaaclab/lib/python3.10/site-packages/isaacsim/extscache/omni.graph.visualization.nodes-2.1.1/omni/graph/visualization/nodes/ogn/tests/TestOgnDrawLine.py'> from /home/loco1/miniconda3/envs/isaaclab/lib/python3.10/site-packages/isaacsim/extscache/omni.graph.visualization.nodes-2.1.1/omni/graph/visualization/nodes/ogn/tests/TestOgnDrawLine.py
[2026-08-14 08:54:36,982][ogn_registration][INFO] - omni.graph.visualization.nodes: Time to import the generated objects = 0.004668
[2026-08-14 08:54:36,982][ogn_registration][INFO] - Registering the nodes in omni.graph.visualization.nodes
[2026-08-14 08:54:36,982][ogn_registration][INFO] - -- node implementations {'OgnDrawScreenSpaceTextDatabase': <class 'omni.graph.visualization.nodes.ogn.nodes.OgnDrawScreenSpaceText.OgnDrawScreenSpaceText'>, 'OgnDrawLabelDatabase': <class 'omni.graph.visualization.nodes.ogn.nodes.OgnDrawLabel.OgnDrawLabel'>, 'OgnDrawLineDatabase': <class 'omni.graph.visualization.nodes.ogn.nodes.OgnDrawLine.OgnDrawLine'>}
[2026-08-14 08:54:36,982][ogn_registration][INFO] - Found the database class <class 'omni.graph.visualization.nodes.ogn.OgnDrawScreenSpaceTextDatabase.OgnDrawScreenSpaceTextDatabase'> with node module <class 'omni.graph.visualization.nodes.ogn.nodes.OgnDrawScreenSpaceText.OgnDrawScreenSpaceText'>
[2026-08-14 08:54:36,983][ogn_registration][INFO] - Registered okay, adding the deregister function <function OgnDrawScreenSpaceTextDatabase.deregister at 0x784a37d069e0>
[2026-08-14 08:54:36,983][ogn_registration][INFO] - ...Registered through database OgnDrawScreenSpaceTextDatabase
[2026-08-14 08:54:36,983][ogn_registration][INFO] - Found the database class <class 'omni.graph.visualization.nodes.ogn.OgnDrawLabelDatabase.OgnDrawLabelDatabase'> with node module <class 'omni.graph.visualization.nodes.ogn.nodes.OgnDrawLabel.OgnDrawLabel'>
[2026-08-14 08:54:36,983][ogn_registration][INFO] - Registered okay, adding the deregister function <function OgnDrawLabelDatabase.deregister at 0x784a37d30790>
[2026-08-14 08:54:36,983][ogn_registration][INFO] - ...Registered through database OgnDrawLabelDatabase
[2026-08-14 08:54:36,983][ogn_registration][INFO] - Found the database class <class 'omni.graph.visualization.nodes.ogn.OgnDrawLineDatabase.OgnDrawLineDatabase'> with node module <class 'omni.graph.visualization.nodes.ogn.nodes.OgnDrawLine.OgnDrawLine'>
[2026-08-14 08:54:36,983][ogn_registration][INFO] - Registered okay, adding the deregister function <function OgnDrawLineDatabase.deregister at 0x784a37d31ea0>
[2026-08-14 08:54:36,983][ogn_registration][INFO] - ...Registered through database OgnDrawLineDatabase
[2026-08-14 08:54:36,983][ogn_registration][INFO] - omni.graph.visualization.nodes: Time to register the generated objects = 0.000656
[2026-08-14 08:54:36,983][ogn_registration][INFO] - OGN register omni.graph.visualization.nodes-2.1.1 took 11101555.000000
[2026-08-14 08:54:36,984][ogn_registration][INFO] - Looking for Python nodes to register in omni.kit.ui_test-1.3.3
[2026-08-14 08:54:36,984][ogn_registration][INFO] -  -> Registered nodes from module omni.kit.ui_test at /home/loco1/miniconda3/envs/isaaclab/lib/python3.10/site-packages/isaacsim/extscache/omni.kit.ui_test-1.3.3+d02c707b
[2026-08-14 08:54:36,984][ogn_registration][INFO] - Registering nodes in /home/loco1/miniconda3/envs/isaaclab/lib/python3.10/site-packages/isaacsim/extscache/omni.kit.ui_test-1.3.3+d02c707b imported as omni.kit.ui_test with AutoNode config {}
[2026-08-14 08:54:36,985][ogn_registration][INFO] - Registering Python Node Types from omni.kit.ui_test at /home/loco1/miniconda3/envs/isaaclab/lib/python3.10/site-packages/isaacsim/extscache/omni.kit.ui_test-1.3.3+d02c707b in omni.kit.ui_test
[2026-08-14 08:54:36,985][ogn_registration][INFO] - ========================================================================================================================
[2026-08-14 08:54:36,985][ogn_registration][INFO] - No dependency on omni.graph, therefore no nodes to register in omni.kit.ui_test
[2026-08-14 08:54:36,985][ogn_registration][INFO] - ...None found, no registration to do
[2026-08-14 08:54:36,985][ogn_registration][INFO] - ...Skipping: No OmniGraph presence in the module omni.kit.ui_test - No nodes in this module, do not remember it
[2026-08-14 08:54:36,985][ogn_registration][INFO] - Destroying registration record for omni.kit.ui_test
[2026-08-14 08:54:36,985][ogn_registration][INFO] - OGN register omni.kit.ui_test-1.3.3 took 531531.000000
[2026-08-14 08:54:36,995][ogn_registration][INFO] - Looking for Python nodes to register in omni.kit.window.extensions-1.4.25
[2026-08-14 08:54:36,995][ogn_registration][INFO] -  -> Registered nodes from module omni.kit.window.extensions at /home/loco1/miniconda3/envs/isaaclab/lib/python3.10/site-packages/isaacsim/extscache/omni.kit.window.extensions-1.4.25+d02c707b
[2026-08-14 08:54:36,995][ogn_registration][INFO] - Registering nodes in /home/loco1/miniconda3/envs/isaaclab/lib/python3.10/site-packages/isaacsim/extscache/omni.kit.window.extensions-1.4.25+d02c707b imported as omni.kit.window.extensions with AutoNode config {}
[2026-08-14 08:54:36,995][ogn_registration][INFO] - Registering Python Node Types from omni.kit.window.extensions at /home/loco1/miniconda3/envs/isaaclab/lib/python3.10/site-packages/isaacsim/extscache/omni.kit.window.extensions-1.4.25+d02c707b in omni.kit.window.extensions
[2026-08-14 08:54:36,995][ogn_registration][INFO] - ========================================================================================================================
[2026-08-14 08:54:36,995][ogn_registration][INFO] - No dependency on omni.graph, therefore no nodes to register in omni.kit.window.extensions
[2026-08-14 08:54:36,995][ogn_registration][INFO] - ...None found, no registration to do
[2026-08-14 08:54:36,995][ogn_registration][INFO] - ...Skipping: No OmniGraph presence in the module omni.kit.window.extensions - No nodes in this module, do not remember it
[2026-08-14 08:54:36,995][ogn_registration][INFO] - Destroying registration record for omni.kit.window.extensions
[2026-08-14 08:54:36,995][ogn_registration][INFO] - OGN register omni.kit.window.extensions-1.4.25 took 596263.000000
[2026-08-14 08:54:36,996][ogn_registration][INFO] - Looking for Python nodes to register in omni.kit.widget.prompt-1.0.7
[2026-08-14 08:54:36,996][ogn_registration][INFO] -  -> Registered nodes from module omni.kit.widget.prompt at /home/loco1/miniconda3/envs/isaaclab/lib/python3.10/site-packages/isaacsim/extscache/omni.kit.widget.prompt-1.0.7+d02c707b
[2026-08-14 08:54:36,996][ogn_registration][INFO] - Registering nodes in /home/loco1/miniconda3/envs/isaaclab/lib/python3.10/site-packages/isaacsim/extscache/omni.kit.widget.prompt-1.0.7+d02c707b imported as omni.kit.widget.prompt with AutoNode config {}
[2026-08-14 08:54:36,996][ogn_registration][INFO] - Registering Python Node Types from omni.kit.widget.prompt at /home/loco1/miniconda3/envs/isaaclab/lib/python3.10/site-packages/isaacsim/extscache/omni.kit.widget.prompt-1.0.7+d02c707b in omni.kit.widget.prompt
[2026-08-14 08:54:36,996][ogn_registration][INFO] - ========================================================================================================================
[2026-08-14 08:54:36,996][ogn_registration][INFO] - No dependency on omni.graph, therefore no nodes to register in omni.kit.widget.prompt
[2026-08-14 08:54:36,996][ogn_registration][INFO] - ...None found, no registration to do
[2026-08-14 08:54:36,996][ogn_registration][INFO] - ...Skipping: No OmniGraph presence in the module omni.kit.widget.prompt - No nodes in this module, do not remember it
[2026-08-14 08:54:36,996][ogn_registration][INFO] - Destroying registration record for omni.kit.widget.prompt
[2026-08-14 08:54:36,997][ogn_registration][INFO] - OGN register omni.kit.widget.prompt-1.0.7 took 464187.000000
[2026-08-14 08:54:36,999][ogn_registration][INFO] - Looking for Python nodes to register in isaacsim.gui.components-1.0.9
[2026-08-14 08:54:36,999][ogn_registration][INFO] -  -> Registered nodes from module isaacsim.gui.components at /home/loco1/miniconda3/envs/isaaclab/lib/python3.10/site-packages/isaacsim/exts/isaacsim.gui.components
[2026-08-14 08:54:36,999][ogn_registration][INFO] - Registering nodes in /home/loco1/miniconda3/envs/isaaclab/lib/python3.10/site-packages/isaacsim/exts/isaacsim.gui.components imported as isaacsim.gui.components with AutoNode config {}
[2026-08-14 08:54:36,999][ogn_registration][INFO] - Registering Python Node Types from isaacsim.gui.components at /home/loco1/miniconda3/envs/isaaclab/lib/python3.10/site-packages/isaacsim/exts/isaacsim.gui.components in isaacsim.gui.components
[2026-08-14 08:54:36,999][ogn_registration][INFO] - ========================================================================================================================
[2026-08-14 08:54:37,000][ogn_registration][INFO] - Finding OmniGraph extension content manager for isaacsim.gui.components-1.0.9 in module isaacsim.gui.components at /home/loco1/miniconda3/envs/isaaclab/lib/python3.10/site-packages/isaacsim/exts/isaacsim.gui.components
[2026-08-14 08:54:37,000][ogn_registration][INFO] - -> New generated folder /home/loco1/miniconda3/envs/isaaclab/lib/python3.10/site-packages/isaacsim/exts/isaacsim.gui.components/ogn/isaacsim.gui.components is not a directory
[2026-08-14 08:54:37,000][ogn_registration][INFO] - -> Old ogn/ folder /home/loco1/miniconda3/envs/isaaclab/lib/python3.10/site-packages/isaacsim/exts/isaacsim.gui.components/isaacsim/gui/components/ogn is not a directory
[2026-08-14 08:54:37,000][ogn_registration][INFO] - _walk_with_excludes(start=/home/loco1/miniconda3/envs/isaaclab/lib/python3.10/site-packages/isaacsim/exts/isaacsim.gui.components/isaacsim/gui/components, exclude=['__pycache__'])
[2026-08-14 08:54:37,000][ogn_registration][INFO] -    ... walked /home/loco1/miniconda3/envs/isaaclab/lib/python3.10/site-packages/isaacsim/exts/isaacsim.gui.components/isaacsim/gui/components, ['tests', 'element_wrappers'], ['__init__.py', 'callbacks.py', 'ui_utils.py', 'print_to_screen.py', 'menu.py', 'style.py', 'widgets.py', 'dpad.py']
[2026-08-14 08:54:37,000][ogn_registration][INFO] -    ... walked /home/loco1/miniconda3/envs/isaaclab/lib/python3.10/site-packages/isaacsim/exts/isaacsim.gui.components/isaacsim/gui/components/tests, [], ['__init__.py', 'test_ui.py', 'test_screen_printer.py', 'test_ui_widget_wrappers.py']
[2026-08-14 08:54:37,000][ogn_registration][INFO] -    ... walked /home/loco1/miniconda3/envs/isaaclab/lib/python3.10/site-packages/isaacsim/exts/isaacsim.gui.components/isaacsim/gui/components/element_wrappers, [], ['__init__.py', 'ui_widget_wrappers.py', 'base_ui_element_wrappers.py']
[2026-08-14 08:54:37,000][ogn_registration][INFO] - -> Extension contents not recognized as containing OmniGraph Python information
[2026-08-14 08:54:37,000][ogn_registration][INFO] - ...None found, no registration to do
[2026-08-14 08:54:37,001][ogn_registration][INFO] - ...Skipping: No OmniGraph presence in the module isaacsim.gui.components - No nodes in this module, do not remember it
[2026-08-14 08:54:37,001][ogn_registration][INFO] - Destroying registration record for isaacsim.gui.components
[2026-08-14 08:54:37,001][ogn_registration][INFO] -  -> Registered nodes from module isaacsim.gui.components.tests at /home/loco1/miniconda3/envs/isaaclab/lib/python3.10/site-packages/isaacsim/exts/isaacsim.gui.components
[2026-08-14 08:54:37,001][ogn_registration][INFO] - Registering nodes in /home/loco1/miniconda3/envs/isaaclab/lib/python3.10/site-packages/isaacsim/exts/isaacsim.gui.components imported as isaacsim.gui.components.tests with AutoNode config {}
[2026-08-14 08:54:37,001][ogn_registration][INFO] - Registering Python Node Types from isaacsim.gui.components.tests at /home/loco1/miniconda3/envs/isaaclab/lib/python3.10/site-packages/isaacsim/exts/isaacsim.gui.components in isaacsim.gui.components
[2026-08-14 08:54:37,001][ogn_registration][INFO] - ========================================================================================================================
[2026-08-14 08:54:37,001][ogn_registration][INFO] - Finding OmniGraph extension content manager for isaacsim.gui.components-1.0.9 in module isaacsim.gui.components.tests at /home/loco1/miniconda3/envs/isaaclab/lib/python3.10/site-packages/isaacsim/exts/isaacsim.gui.components
[2026-08-14 08:54:37,001][ogn_registration][INFO] - -> New generated folder /home/loco1/miniconda3/envs/isaaclab/lib/python3.10/site-packages/isaacsim/exts/isaacsim.gui.components/ogn/isaacsim.gui.components.tests is not a directory
[2026-08-14 08:54:37,001][ogn_registration][INFO] - -> Old ogn/ folder /home/loco1/miniconda3/envs/isaaclab/lib/python3.10/site-packages/isaacsim/exts/isaacsim.gui.components/isaacsim/gui/components/tests/ogn is not a directory
[2026-08-14 08:54:37,001][ogn_registration][INFO] - _walk_with_excludes(start=/home/loco1/miniconda3/envs/isaaclab/lib/python3.10/site-packages/isaacsim/exts/isaacsim.gui.components/isaacsim/gui/components/tests, exclude=['__pycache__'])
[2026-08-14 08:54:37,001][ogn_registration][INFO] -    ... walked /home/loco1/miniconda3/envs/isaaclab/lib/python3.10/site-packages/isaacsim/exts/isaacsim.gui.components/isaacsim/gui/components/tests, [], ['__init__.py', 'test_ui.py', 'test_screen_printer.py', 'test_ui_widget_wrappers.py']
[2026-08-14 08:54:37,001][ogn_registration][INFO] - -> Extension contents not recognized as containing OmniGraph Python information
[2026-08-14 08:54:37,001][ogn_registration][INFO] - ...None found, no registration to do
[2026-08-14 08:54:37,001][ogn_registration][INFO] - ...Skipping: No OmniGraph presence in the module isaacsim.gui.components.tests - No nodes in this module, do not remember it
[2026-08-14 08:54:37,002][ogn_registration][INFO] - Destroying registration record for isaacsim.gui.components
[2026-08-14 08:54:37,002][ogn_registration][INFO] - OGN register isaacsim.gui.components-1.0.9 took 2385328.000000
[2026-08-14 08:54:37,011][ogn_registration][INFO] - Looking for Python nodes to register in omni.kit.tool.asset_importer-2.12.2
[2026-08-14 08:54:37,011][ogn_registration][INFO] -  -> Registered nodes from module omni.kit.tool.asset_importer at /home/loco1/miniconda3/envs/isaaclab/lib/python3.10/site-packages/isaacsim/extscache/omni.kit.tool.asset_importer-2.12.2+106.5.0
[2026-08-14 08:54:37,012][ogn_registration][INFO] - Registering nodes in /home/loco1/miniconda3/envs/isaaclab/lib/python3.10/site-packages/isaacsim/extscache/omni.kit.tool.asset_importer-2.12.2+106.5.0 imported as omni.kit.tool.asset_importer with AutoNode config {}
[2026-08-14 08:54:37,012][ogn_registration][INFO] - Registering Python Node Types from omni.kit.tool.asset_importer at /home/loco1/miniconda3/envs/isaaclab/lib/python3.10/site-packages/isaacsim/extscache/omni.kit.tool.asset_importer-2.12.2+106.5.0 in omni.kit.tool.asset_importer
[2026-08-14 08:54:37,012][ogn_registration][INFO] - ========================================================================================================================
[2026-08-14 08:54:37,012][ogn_registration][INFO] - No dependency on omni.graph, therefore no nodes to register in omni.kit.tool.asset_importer
[2026-08-14 08:54:37,012][ogn_registration][INFO] - ...None found, no registration to do
[2026-08-14 08:54:37,012][ogn_registration][INFO] - ...Skipping: No OmniGraph presence in the module omni.kit.tool.asset_importer - No nodes in this module, do not remember it
[2026-08-14 08:54:37,012][ogn_registration][INFO] - Destroying registration record for omni.kit.tool.asset_importer
[2026-08-14 08:54:37,012][ogn_registration][INFO] - OGN register omni.kit.tool.asset_importer-2.12.2 took 846871.000000
[2026-08-14 08:54:37,034][ogn_registration][INFO] - Looking for Python nodes to register in isaacsim.asset.importer.urdf-2.3.10
[2026-08-14 08:54:37,035][ogn_registration][INFO] -  -> Registered nodes from module isaacsim.asset.importer.urdf at /home/loco1/miniconda3/envs/isaaclab/lib/python3.10/site-packages/isaacsim/extscache/isaacsim.asset.importer.urdf-2.3.10+106.4.0.lx64.r.cp310
[2026-08-14 08:54:37,035][ogn_registration][INFO] - Registering nodes in /home/loco1/miniconda3/envs/isaaclab/lib/python3.10/site-packages/isaacsim/extscache/isaacsim.asset.importer.urdf-2.3.10+106.4.0.lx64.r.cp310 imported as isaacsim.asset.importer.urdf with AutoNode config {}
[2026-08-14 08:54:37,035][ogn_registration][INFO] - Registering Python Node Types from isaacsim.asset.importer.urdf at /home/loco1/miniconda3/envs/isaaclab/lib/python3.10/site-packages/isaacsim/extscache/isaacsim.asset.importer.urdf-2.3.10+106.4.0.lx64.r.cp310 in isaacsim.asset.importer.urdf
[2026-08-14 08:54:37,035][ogn_registration][INFO] - ========================================================================================================================
[2026-08-14 08:54:37,036][ogn_registration][INFO] - Finding OmniGraph extension content manager for isaacsim.asset.importer.urdf-2.3.10 in module isaacsim.asset.importer.urdf at /home/loco1/miniconda3/envs/isaaclab/lib/python3.10/site-packages/isaacsim/extscache/isaacsim.asset.importer.urdf-2.3.10+106.4.0.lx64.r.cp310
[2026-08-14 08:54:37,036][ogn_registration][INFO] - -> New generated folder /home/loco1/miniconda3/envs/isaaclab/lib/python3.10/site-packages/isaacsim/extscache/isaacsim.asset.importer.urdf-2.3.10+106.4.0.lx64.r.cp310/ogn/isaacsim.asset.importer.urdf is not a directory
[2026-08-14 08:54:37,036][ogn_registration][INFO] - -> Old ogn/ folder /home/loco1/miniconda3/envs/isaaclab/lib/python3.10/site-packages/isaacsim/extscache/isaacsim.asset.importer.urdf-2.3.10+106.4.0.lx64.r.cp310/isaacsim/asset/importer/urdf/ogn is not a directory
[2026-08-14 08:54:37,036][ogn_registration][INFO] - _walk_with_excludes(start=/home/loco1/miniconda3/envs/isaaclab/lib/python3.10/site-packages/isaacsim/extscache/isaacsim.asset.importer.urdf-2.3.10+106.4.0.lx64.r.cp310/isaacsim/asset/importer/urdf, exclude=['__pycache__'])
[2026-08-14 08:54:37,036][ogn_registration][INFO] -    ... walked /home/loco1/miniconda3/envs/isaaclab/lib/python3.10/site-packages/isaacsim/extscache/isaacsim.asset.importer.urdf-2.3.10+106.4.0.lx64.r.cp310/isaacsim/asset/importer/urdf, ['tests', 'scripts'], ['_urdf.cpython-310-x86_64-linux-gnu.so', '__init__.py']
[2026-08-14 08:54:37,036][ogn_registration][INFO] -    ... walked /home/loco1/miniconda3/envs/isaaclab/lib/python3.10/site-packages/isaacsim/extscache/isaacsim.asset.importer.urdf-2.3.10+106.4.0.lx64.r.cp310/isaacsim/asset/importer/urdf/tests, [], ['__init__.py', 'test_urdf.py']
[2026-08-14 08:54:37,036][ogn_registration][INFO] -    ... walked /home/loco1/miniconda3/envs/isaaclab/lib/python3.10/site-packages/isaacsim/extscache/isaacsim.asset.importer.urdf-2.3.10+106.4.0.lx64.r.cp310/isaacsim/asset/importer/urdf/scripts, ['samples', 'ui'], ['commands.py', '__init__.py', 'extension.py']
[2026-08-14 08:54:37,036][ogn_registration][INFO] -    ... walked /home/loco1/miniconda3/envs/isaaclab/lib/python3.10/site-packages/isaacsim/extscache/isaacsim.asset.importer.urdf-2.3.10+106.4.0.lx64.r.cp310/isaacsim/asset/importer/urdf/scripts/samples, [], ['import_ur10.py', 'import_kaya.py', 'common.py', 'import_carter.py', 'import_franka.py']
[2026-08-14 08:54:37,036][ogn_registration][INFO] -    ... walked /home/loco1/miniconda3/envs/isaaclab/lib/python3.10/site-packages/isaacsim/extscache/isaacsim.asset.importer.urdf-2.3.10+106.4.0.lx64.r.cp310/isaacsim/asset/importer/urdf/scripts/ui, [], ['__init__.py', 'ui_utils.py', 'UrdfJointWidgetWithID.py', 'menu.py', 'style.py', 'UrdfLinkWidget.py', 'resetable_widget.py', 'UrdfOptionWidget.py']
[2026-08-14 08:54:37,036][ogn_registration][INFO] - -> Extension contents not recognized as containing OmniGraph Python information
[2026-08-14 08:54:37,036][ogn_registration][INFO] - ...None found, no registration to do
[2026-08-14 08:54:37,036][ogn_registration][INFO] - ...Skipping: No OmniGraph presence in the module isaacsim.asset.importer.urdf - No nodes in this module, do not remember it
[2026-08-14 08:54:37,036][ogn_registration][INFO] - Destroying registration record for isaacsim.asset.importer.urdf
[2026-08-14 08:54:37,036][ogn_registration][INFO] -  -> Registered nodes from module isaacsim.asset.importer.urdf.tests at /home/loco1/miniconda3/envs/isaaclab/lib/python3.10/site-packages/isaacsim/extscache/isaacsim.asset.importer.urdf-2.3.10+106.4.0.lx64.r.cp310
[2026-08-14 08:54:37,036][ogn_registration][INFO] - Registering nodes in /home/loco1/miniconda3/envs/isaaclab/lib/python3.10/site-packages/isaacsim/extscache/isaacsim.asset.importer.urdf-2.3.10+106.4.0.lx64.r.cp310 imported as isaacsim.asset.importer.urdf.tests with AutoNode config {}
[2026-08-14 08:54:37,036][ogn_registration][INFO] - Registering Python Node Types from isaacsim.asset.importer.urdf.tests at /home/loco1/miniconda3/envs/isaaclab/lib/python3.10/site-packages/isaacsim/extscache/isaacsim.asset.importer.urdf-2.3.10+106.4.0.lx64.r.cp310 in isaacsim.asset.importer.urdf
[2026-08-14 08:54:37,036][ogn_registration][INFO] - ========================================================================================================================
[2026-08-14 08:54:37,037][ogn_registration][INFO] - Finding OmniGraph extension content manager for isaacsim.asset.importer.urdf-2.3.10 in module isaacsim.asset.importer.urdf.tests at /home/loco1/miniconda3/envs/isaaclab/lib/python3.10/site-packages/isaacsim/extscache/isaacsim.asset.importer.urdf-2.3.10+106.4.0.lx64.r.cp310
[2026-08-14 08:54:37,037][ogn_registration][INFO] - -> New generated folder /home/loco1/miniconda3/envs/isaaclab/lib/python3.10/site-packages/isaacsim/extscache/isaacsim.asset.importer.urdf-2.3.10+106.4.0.lx64.r.cp310/ogn/isaacsim.asset.importer.urdf.tests is not a directory
[2026-08-14 08:54:37,037][ogn_registration][INFO] - -> Old ogn/ folder /home/loco1/miniconda3/envs/isaaclab/lib/python3.10/site-packages/isaacsim/extscache/isaacsim.asset.importer.urdf-2.3.10+106.4.0.lx64.r.cp310/isaacsim/asset/importer/urdf/tests/ogn is not a directory
[2026-08-14 08:54:37,037][ogn_registration][INFO] - _walk_with_excludes(start=/home/loco1/miniconda3/envs/isaaclab/lib/python3.10/site-packages/isaacsim/extscache/isaacsim.asset.importer.urdf-2.3.10+106.4.0.lx64.r.cp310/isaacsim/asset/importer/urdf/tests, exclude=['__pycache__'])
[2026-08-14 08:54:37,037][ogn_registration][INFO] -    ... walked /home/loco1/miniconda3/envs/isaaclab/lib/python3.10/site-packages/isaacsim/extscache/isaacsim.asset.importer.urdf-2.3.10+106.4.0.lx64.r.cp310/isaacsim/asset/importer/urdf/tests, [], ['__init__.py', 'test_urdf.py']
[2026-08-14 08:54:37,037][ogn_registration][INFO] - -> Extension contents not recognized as containing OmniGraph Python information
[2026-08-14 08:54:37,037][ogn_registration][INFO] - ...None found, no registration to do
[2026-08-14 08:54:37,038][ogn_registration][INFO] - ...Skipping: No OmniGraph presence in the module isaacsim.asset.importer.urdf.tests - No nodes in this module, do not remember it
[2026-08-14 08:54:37,038][ogn_registration][INFO] - Destroying registration record for isaacsim.asset.importer.urdf
[2026-08-14 08:54:37,038][ogn_registration][INFO] -  -> Registered nodes from module isaacsim.asset.importer.urdf.scripts.ui at /home/loco1/miniconda3/envs/isaaclab/lib/python3.10/site-packages/isaacsim/extscache/isaacsim.asset.importer.urdf-2.3.10+106.4.0.lx64.r.cp310
[2026-08-14 08:54:37,038][ogn_registration][INFO] - Registering nodes in /home/loco1/miniconda3/envs/isaaclab/lib/python3.10/site-packages/isaacsim/extscache/isaacsim.asset.importer.urdf-2.3.10+106.4.0.lx64.r.cp310 imported as isaacsim.asset.importer.urdf.scripts.ui with AutoNode config {}
[2026-08-14 08:54:37,038][ogn_registration][INFO] - Registering Python Node Types from isaacsim.asset.importer.urdf.scripts.ui at /home/loco1/miniconda3/envs/isaaclab/lib/python3.10/site-packages/isaacsim/extscache/isaacsim.asset.importer.urdf-2.3.10+106.4.0.lx64.r.cp310 in isaacsim.asset.importer.urdf
[2026-08-14 08:54:37,038][ogn_registration][INFO] - ========================================================================================================================
[2026-08-14 08:54:37,038][ogn_registration][INFO] - Finding OmniGraph extension content manager for isaacsim.asset.importer.urdf-2.3.10 in module isaacsim.asset.importer.urdf.scripts.ui at /home/loco1/miniconda3/envs/isaaclab/lib/python3.10/site-packages/isaacsim/extscache/isaacsim.asset.importer.urdf-2.3.10+106.4.0.lx64.r.cp310
[2026-08-14 08:54:37,038][ogn_registration][INFO] - -> New generated folder /home/loco1/miniconda3/envs/isaaclab/lib/python3.10/site-packages/isaacsim/extscache/isaacsim.asset.importer.urdf-2.3.10+106.4.0.lx64.r.cp310/ogn/isaacsim.asset.importer.urdf.scripts.ui is not a directory
[2026-08-14 08:54:37,038][ogn_registration][INFO] - -> Old ogn/ folder /home/loco1/miniconda3/envs/isaaclab/lib/python3.10/site-packages/isaacsim/extscache/isaacsim.asset.importer.urdf-2.3.10+106.4.0.lx64.r.cp310/isaacsim/asset/importer/urdf/scripts/ui/ogn is not a directory
[2026-08-14 08:54:37,038][ogn_registration][INFO] - _walk_with_excludes(start=/home/loco1/miniconda3/envs/isaaclab/lib/python3.10/site-packages/isaacsim/extscache/isaacsim.asset.importer.urdf-2.3.10+106.4.0.lx64.r.cp310/isaacsim/asset/importer/urdf/scripts/ui, exclude=['__pycache__'])
[2026-08-14 08:54:37,039][ogn_registration][INFO] -    ... walked /home/loco1/miniconda3/envs/isaaclab/lib/python3.10/site-packages/isaacsim/extscache/isaacsim.asset.importer.urdf-2.3.10+106.4.0.lx64.r.cp310/isaacsim/asset/importer/urdf/scripts/ui, [], ['__init__.py', 'ui_utils.py', 'UrdfJointWidgetWithID.py', 'menu.py', 'style.py', 'UrdfLinkWidget.py', 'resetable_widget.py', 'UrdfOptionWidget.py']
[2026-08-14 08:54:37,039][ogn_registration][INFO] - -> Extension contents not recognized as containing OmniGraph Python information
[2026-08-14 08:54:37,039][ogn_registration][INFO] - ...None found, no registration to do
[2026-08-14 08:54:37,039][ogn_registration][INFO] - ...Skipping: No OmniGraph presence in the module isaacsim.asset.importer.urdf.scripts.ui - No nodes in this module, do not remember it
[2026-08-14 08:54:37,039][ogn_registration][INFO] - Destroying registration record for isaacsim.asset.importer.urdf
[2026-08-14 08:54:37,039][ogn_registration][INFO] -  -> Registered nodes from module isaacsim.asset.importer.urdf.scripts.samples.import_carter at /home/loco1/miniconda3/envs/isaaclab/lib/python3.10/site-packages/isaacsim/extscache/isaacsim.asset.importer.urdf-2.3.10+106.4.0.lx64.r.cp310
[2026-08-14 08:54:37,039][ogn_registration][INFO] - Registering nodes in /home/loco1/miniconda3/envs/isaaclab/lib/python3.10/site-packages/isaacsim/extscache/isaacsim.asset.importer.urdf-2.3.10+106.4.0.lx64.r.cp310 imported as isaacsim.asset.importer.urdf.scripts.samples.import_carter with AutoNode config {}
[2026-08-14 08:54:37,039][ogn_registration][INFO] - Registering Python Node Types from isaacsim.asset.importer.urdf.scripts.samples.import_carter at /home/loco1/miniconda3/envs/isaaclab/lib/python3.10/site-packages/isaacsim/extscache/isaacsim.asset.importer.urdf-2.3.10+106.4.0.lx64.r.cp310 in isaacsim.asset.importer.urdf
[2026-08-14 08:54:37,039][ogn_registration][INFO] - ========================================================================================================================
[2026-08-14 08:54:37,039][ogn_registration][INFO] - Finding OmniGraph extension content manager for isaacsim.asset.importer.urdf-2.3.10 in module isaacsim.asset.importer.urdf.scripts.samples.import_carter at /home/loco1/miniconda3/envs/isaaclab/lib/python3.10/site-packages/isaacsim/extscache/isaacsim.asset.importer.urdf-2.3.10+106.4.0.lx64.r.cp310
[2026-08-14 08:54:37,039][ogn_registration][INFO] - -> New generated folder /home/loco1/miniconda3/envs/isaaclab/lib/python3.10/site-packages/isaacsim/extscache/isaacsim.asset.importer.urdf-2.3.10+106.4.0.lx64.r.cp310/ogn/isaacsim.asset.importer.urdf.scripts.samples.import_carter is not a directory
[2026-08-14 08:54:37,039][ogn_registration][INFO] - -> Old ogn/ folder /home/loco1/miniconda3/envs/isaaclab/lib/python3.10/site-packages/isaacsim/extscache/isaacsim.asset.importer.urdf-2.3.10+106.4.0.lx64.r.cp310/isaacsim/asset/importer/urdf/scripts/samples/import_carter/ogn is not a directory
[2026-08-14 08:54:37,040][ogn_registration][INFO] - _walk_with_excludes(start=/home/loco1/miniconda3/envs/isaaclab/lib/python3.10/site-packages/isaacsim/extscache/isaacsim.asset.importer.urdf-2.3.10+106.4.0.lx64.r.cp310/isaacsim/asset/importer/urdf/scripts/samples/import_carter, exclude=['__pycache__'])
[2026-08-14 08:54:37,040][ogn_registration][INFO] - -> Extension contents not recognized as containing OmniGraph Python information
[2026-08-14 08:54:37,040][ogn_registration][INFO] - ...None found, no registration to do
[2026-08-14 08:54:37,040][ogn_registration][INFO] - ...Skipping: No OmniGraph presence in the module isaacsim.asset.importer.urdf.scripts.samples.import_carter - No nodes in this module, do not remember it
[2026-08-14 08:54:37,040][ogn_registration][INFO] - Destroying registration record for isaacsim.asset.importer.urdf
[2026-08-14 08:54:37,040][ogn_registration][INFO] -  -> Registered nodes from module isaacsim.asset.importer.urdf.scripts.samples.import_franka at /home/loco1/miniconda3/envs/isaaclab/lib/python3.10/site-packages/isaacsim/extscache/isaacsim.asset.importer.urdf-2.3.10+106.4.0.lx64.r.cp310
[2026-08-14 08:54:37,040][ogn_registration][INFO] - Registering nodes in /home/loco1/miniconda3/envs/isaaclab/lib/python3.10/site-packages/isaacsim/extscache/isaacsim.asset.importer.urdf-2.3.10+106.4.0.lx64.r.cp310 imported as isaacsim.asset.importer.urdf.scripts.samples.import_franka with AutoNode config {}
[2026-08-14 08:54:37,040][ogn_registration][INFO] - Registering Python Node Types from isaacsim.asset.importer.urdf.scripts.samples.import_franka at /home/loco1/miniconda3/envs/isaaclab/lib/python3.10/site-packages/isaacsim/extscache/isaacsim.asset.importer.urdf-2.3.10+106.4.0.lx64.r.cp310 in isaacsim.asset.importer.urdf
[2026-08-14 08:54:37,040][ogn_registration][INFO] - ========================================================================================================================
[2026-08-14 08:54:37,040][ogn_registration][INFO] - Finding OmniGraph extension content manager for isaacsim.asset.importer.urdf-2.3.10 in module isaacsim.asset.importer.urdf.scripts.samples.import_franka at /home/loco1/miniconda3/envs/isaaclab/lib/python3.10/site-packages/isaacsim/extscache/isaacsim.asset.importer.urdf-2.3.10+106.4.0.lx64.r.cp310
[2026-08-14 08:54:37,040][ogn_registration][INFO] - -> New generated folder /home/loco1/miniconda3/envs/isaaclab/lib/python3.10/site-packages/isaacsim/extscache/isaacsim.asset.importer.urdf-2.3.10+106.4.0.lx64.r.cp310/ogn/isaacsim.asset.importer.urdf.scripts.samples.import_franka is not a directory
[2026-08-14 08:54:37,040][ogn_registration][INFO] - -> Old ogn/ folder /home/loco1/miniconda3/envs/isaaclab/lib/python3.10/site-packages/isaacsim/extscache/isaacsim.asset.importer.urdf-2.3.10+106.4.0.lx64.r.cp310/isaacsim/asset/importer/urdf/scripts/samples/import_franka/ogn is not a directory
[2026-08-14 08:54:37,040][ogn_registration][INFO] - _walk_with_excludes(start=/home/loco1/miniconda3/envs/isaaclab/lib/python3.10/site-packages/isaacsim/extscache/isaacsim.asset.importer.urdf-2.3.10+106.4.0.lx64.r.cp310/isaacsim/asset/importer/urdf/scripts/samples/import_franka, exclude=['__pycache__'])
[2026-08-14 08:54:37,041][ogn_registration][INFO] - -> Extension contents not recognized as containing OmniGraph Python information
[2026-08-14 08:54:37,041][ogn_registration][INFO] - ...None found, no registration to do
[2026-08-14 08:54:37,041][ogn_registration][INFO] - ...Skipping: No OmniGraph presence in the module isaacsim.asset.importer.urdf.scripts.samples.import_franka - No nodes in this module, do not remember it
[2026-08-14 08:54:37,041][ogn_registration][INFO] - Destroying registration record for isaacsim.asset.importer.urdf
[2026-08-14 08:54:37,041][ogn_registration][INFO] -  -> Registered nodes from module isaacsim.asset.importer.urdf.scripts.samples.import_kaya at /home/loco1/miniconda3/envs/isaaclab/lib/python3.10/site-packages/isaacsim/extscache/isaacsim.asset.importer.urdf-2.3.10+106.4.0.lx64.r.cp310
[2026-08-14 08:54:37,041][ogn_registration][INFO] - Registering nodes in /home/loco1/miniconda3/envs/isaaclab/lib/python3.10/site-packages/isaacsim/extscache/isaacsim.asset.importer.urdf-2.3.10+106.4.0.lx64.r.cp310 imported as isaacsim.asset.importer.urdf.scripts.samples.import_kaya with AutoNode config {}
[2026-08-14 08:54:37,041][ogn_registration][INFO] - Registering Python Node Types from isaacsim.asset.importer.urdf.scripts.samples.import_kaya at /home/loco1/miniconda3/envs/isaaclab/lib/python3.10/site-packages/isaacsim/extscache/isaacsim.asset.importer.urdf-2.3.10+106.4.0.lx64.r.cp310 in isaacsim.asset.importer.urdf
[2026-08-14 08:54:37,041][ogn_registration][INFO] - ========================================================================================================================
[2026-08-14 08:54:37,041][ogn_registration][INFO] - Finding OmniGraph extension content manager for isaacsim.asset.importer.urdf-2.3.10 in module isaacsim.asset.importer.urdf.scripts.samples.import_kaya at /home/loco1/miniconda3/envs/isaaclab/lib/python3.10/site-packages/isaacsim/extscache/isaacsim.asset.importer.urdf-2.3.10+106.4.0.lx64.r.cp310
[2026-08-14 08:54:37,041][ogn_registration][INFO] - -> New generated folder /home/loco1/miniconda3/envs/isaaclab/lib/python3.10/site-packages/isaacsim/extscache/isaacsim.asset.importer.urdf-2.3.10+106.4.0.lx64.r.cp310/ogn/isaacsim.asset.importer.urdf.scripts.samples.import_kaya is not a directory
[2026-08-14 08:54:37,041][ogn_registration][INFO] - -> Old ogn/ folder /home/loco1/miniconda3/envs/isaaclab/lib/python3.10/site-packages/isaacsim/extscache/isaacsim.asset.importer.urdf-2.3.10+106.4.0.lx64.r.cp310/isaacsim/asset/importer/urdf/scripts/samples/import_kaya/ogn is not a directory
[2026-08-14 08:54:37,041][ogn_registration][INFO] - _walk_with_excludes(start=/home/loco1/miniconda3/envs/isaaclab/lib/python3.10/site-packages/isaacsim/extscache/isaacsim.asset.importer.urdf-2.3.10+106.4.0.lx64.r.cp310/isaacsim/asset/importer/urdf/scripts/samples/import_kaya, exclude=['__pycache__'])
[2026-08-14 08:54:37,041][ogn_registration][INFO] - -> Extension contents not recognized as containing OmniGraph Python information
[2026-08-14 08:54:37,042][ogn_registration][INFO] - ...None found, no registration to do
[2026-08-14 08:54:37,042][ogn_registration][INFO] - ...Skipping: No OmniGraph presence in the module isaacsim.asset.importer.urdf.scripts.samples.import_kaya - No nodes in this module, do not remember it
[2026-08-14 08:54:37,042][ogn_registration][INFO] - Destroying registration record for isaacsim.asset.importer.urdf
[2026-08-14 08:54:37,042][ogn_registration][INFO] -  -> Registered nodes from module isaacsim.asset.importer.urdf.scripts.samples.import_ur10 at /home/loco1/miniconda3/envs/isaaclab/lib/python3.10/site-packages/isaacsim/extscache/isaacsim.asset.importer.urdf-2.3.10+106.4.0.lx64.r.cp310
[2026-08-14 08:54:37,042][ogn_registration][INFO] - Registering nodes in /home/loco1/miniconda3/envs/isaaclab/lib/python3.10/site-packages/isaacsim/extscache/isaacsim.asset.importer.urdf-2.3.10+106.4.0.lx64.r.cp310 imported as isaacsim.asset.importer.urdf.scripts.samples.import_ur10 with AutoNode config {}
[2026-08-14 08:54:37,042][ogn_registration][INFO] - Registering Python Node Types from isaacsim.asset.importer.urdf.scripts.samples.import_ur10 at /home/loco1/miniconda3/envs/isaaclab/lib/python3.10/site-packages/isaacsim/extscache/isaacsim.asset.importer.urdf-2.3.10+106.4.0.lx64.r.cp310 in isaacsim.asset.importer.urdf
[2026-08-14 08:54:37,042][ogn_registration][INFO] - ========================================================================================================================
[2026-08-14 08:54:37,042][ogn_registration][INFO] - Finding OmniGraph extension content manager for isaacsim.asset.importer.urdf-2.3.10 in module isaacsim.asset.importer.urdf.scripts.samples.import_ur10 at /home/loco1/miniconda3/envs/isaaclab/lib/python3.10/site-packages/isaacsim/extscache/isaacsim.asset.importer.urdf-2.3.10+106.4.0.lx64.r.cp310
[2026-08-14 08:54:37,042][ogn_registration][INFO] - -> New generated folder /home/loco1/miniconda3/envs/isaaclab/lib/python3.10/site-packages/isaacsim/extscache/isaacsim.asset.importer.urdf-2.3.10+106.4.0.lx64.r.cp310/ogn/isaacsim.asset.importer.urdf.scripts.samples.import_ur10 is not a directory
[2026-08-14 08:54:37,042][ogn_registration][INFO] - -> Old ogn/ folder /home/loco1/miniconda3/envs/isaaclab/lib/python3.10/site-packages/isaacsim/extscache/isaacsim.asset.importer.urdf-2.3.10+106.4.0.lx64.r.cp310/isaacsim/asset/importer/urdf/scripts/samples/import_ur10/ogn is not a directory
[2026-08-14 08:54:37,042][ogn_registration][INFO] - _walk_with_excludes(start=/home/loco1/miniconda3/envs/isaaclab/lib/python3.10/site-packages/isaacsim/extscache/isaacsim.asset.importer.urdf-2.3.10+106.4.0.lx64.r.cp310/isaacsim/asset/importer/urdf/scripts/samples/import_ur10, exclude=['__pycache__'])
[2026-08-14 08:54:37,042][ogn_registration][INFO] - -> Extension contents not recognized as containing OmniGraph Python information
[2026-08-14 08:54:37,042][ogn_registration][INFO] - ...None found, no registration to do
[2026-08-14 08:54:37,042][ogn_registration][INFO] - ...Skipping: No OmniGraph presence in the module isaacsim.asset.importer.urdf.scripts.samples.import_ur10 - No nodes in this module, do not remember it
[2026-08-14 08:54:37,042][ogn_registration][INFO] - Destroying registration record for isaacsim.asset.importer.urdf
[2026-08-14 08:54:37,043][ogn_registration][INFO] - OGN register isaacsim.asset.importer.urdf-2.3.10 took 8001326.000000
