[INFO][AppLauncher]: Using device: cuda:0
[INFO][AppLauncher]: Loading experience file: /home/sijie/third_party/IsaacLab/apps/isaaclab.python.headless.kit
[Warning] [simulation_app.simulation_app] Modules: ['omni.kit_app'] were loaded before SimulationApp was started and might not be loaded correctly.
[Warning] [simulation_app.simulation_app] Please check to make sure no extra omniverse or pxr modules are imported before the call to SimulationApp(...)
Loading user config located at: '/home/sijie/.venvs/isaaclab-mosaic/lib/python3.10/site-packages/omni/data/Kit/Isaac-Sim/4.5/user.config.json'
[Info] [carb] Logging to file: /home/sijie/.venvs/isaaclab-mosaic/lib/python3.10/site-packages/omni/logs/Kit/Isaac-Sim/4.5/kit_20260625_231654.log
2026-06-25 15:16:54 [0ms] [Warning] [omni.kit.app.plugin] No crash reporter present, dumps uploading isn't available.
2026-06-25 15:16:54 [2ms] [Warning] [omni.ext.plugin] [ext: rendering_modes] Extensions config 'extension.toml' doesn't exist '/home/sijie/third_party/IsaacLab/apps/rendering_modes' or '/home/sijie/third_party/IsaacLab/apps/rendering_modes/config'
2026-06-25 15:16:54 [118ms] [Warning] [omni.usd_config.extension] Enable omni.materialx.libs extension to use MaterialX
2026-06-25 15:16:55 [329ms] [Warning] [omni.datastore] OmniHub is inaccessible
2026-06-25 15:16:55 [393ms] [Warning] [omni.isaac.dynamic_control] omni.isaac.dynamic_control is deprecated as of Isaac Sim 4.5. No action is needed from end-users.

|---------------------------------------------------------------------------------------------|
| Driver Version: 580.159.03    | Graphics API: Vulkan
|=============================================================================================|
| GPU | Name                             | Active | LDA | GPU Memory | Vendor-ID | LUID       |
|     |                                  |        |     |            | Device-ID | UUID       |
|     |                                  |        |     |            | Bus-ID    |            |
|---------------------------------------------------------------------------------------------|
| 0   | NVIDIA GeForce RTX 4090          | Yes: 0 |     | 24564   MB | 10de      | 0          |
|     |                                  |        |     |            | 2684      | 61102075.. |
|     |                                  |        |     |            | 1         |            |
|=============================================================================================|
| OS: 22.04.5 LTS (Jammy Jellyfish) ubuntu, Version: 22.04.5, Kernel: 6.8.0-111-generic
| XServer Vendor: The X.Org Foundation, XServer Version: 12101004 (1.21.1.4)
| Processor: Intel(R) Core(TM) i9-14900K
| Cores: 24 | Logical Cores: 32
|---------------------------------------------------------------------------------------------|
| Total Memory (MB): 128551 | Free Memory: 96907
| Total Page/Swap (MB): 2047 | Free Page/Swap: 1172
|---------------------------------------------------------------------------------------------|
2026-06-25 15:17:03 [8,527ms] [Warning] [gpu.foundation.plugin] IOMMU is enabled.
[INFO]: Parsing configuration from: <class 'whole_body_tracking.tasks.hitter.config.g1.flat_env_cfg.G1HitterStrikingPlannerDomainFlatEnvCfg'>
[INFO]: Parsing configuration from: whole_body_tracking.tasks.hitter.config.g1.agents.rsl_rl_ppo_cfg:G1HitterStrikingPlannerDomainPPORunnerCfg
[INFO] Motion path: /home/sijie/Hitter/MOSAIC-main/data/hitter_motions/wechat_20260608_g1_npz_strike43_fixed_racket_roll055_arm155_peak43_aligned
[INFO] Force strike type: None
[INFO] Motion group sampling ratios: {'forehand': 0.5, 'backhand': 0.5}
[INFO] Racket y offset ranges: forehand=(-0.3, -0.15), backhand=(-0.08, 0.08)
[INFO] Logging experiment in directory: /home/sijie/Hitter/MOSAIC-main/logs/rsl_rl/hitter_striking_g1
Setting seed: 42
[INFO]: Base environment:
	Environment device    : cuda:0
	Environment seed      : 42
	Physics step-size     : 0.005
	Rendering step-size   : 0.02
	Environment step-size : 0.02
[INFO]: Time taken for scene creation : 7.517756 seconds
[INFO]: Scene manager:  <class InteractiveScene>
	Number of environments: 16000
	Environment spacing   : 2.5
	Source prim name      : /World/envs/env_0
	Global prim paths     : ['/World/ground']
	Replicate physics     : True
[INFO]: Starting the simulation. This may take a few seconds. Please wait...
[INFO]: Time taken for simulation start : 22.002122 seconds
2026-06-25 15:17:34 [39,725ms] [Warning] [carb.windowing-glfw.gamepad] Joystick with unknown remapping detected (will be ignored):  Mouse passthrough (absolute) [03000000efbe0000adde000011010000]
2026-06-25 15:17:34 [39,725ms] [Warning] [carb.windowing-glfw.gamepad] Joystick with unknown remapping detected (will be ignored):  Telink Xiaomi Wireless Keyboard and Mouse Combo 2 Consumer Control [03000000172700005550000011010000]
2026-06-25 15:17:34 [39,726ms] [Error] [gpu.foundation.plugin] DriverShaderCacheManager::init() called without a shutdown()!

|---------------------------------------------------------------------------------------------|
| Driver Version: 580.159.03    | Graphics API: Vulkan
|=============================================================================================|
| GPU | Name                             | Active | LDA | GPU Memory | Vendor-ID | LUID       |
|     |                                  |        |     |            | Device-ID | UUID       |
|     |                                  |        |     |            | Bus-ID    |            |
|---------------------------------------------------------------------------------------------|
| 0   | NVIDIA GeForce RTX 4090          | Yes: 0 |     | 24564   MB | 10de      | 0          |
|     |                                  |        |     |            | 2684      | 61102075.. |
|     |                                  |        |     |            | 1         |            |
|=============================================================================================|
| OS: 22.04.5 LTS (Jammy Jellyfish) ubuntu, Version: 22.04.5, Kernel: 6.8.0-111-generic
| XServer Vendor: The X.Org Foundation, XServer Version: 12101004 (1.21.1.4)
| Processor: Intel(R) Core(TM) i9-14900K
| Cores: 24 | Logical Cores: 32
|---------------------------------------------------------------------------------------------|
| Total Memory (MB): 128551 | Free Memory: 87145
| Total Page/Swap (MB): 2047 | Free Page/Swap: 1172
|---------------------------------------------------------------------------------------------|
2026-06-25 15:17:34 [40,098ms] [Warning] [gpu.foundation.plugin] IOMMU is enabled.
2026-06-25 15:17:35 [40,575ms] [Warning] [omni.graph.visualization.nodes._impl.extension] No Viewport Window to add omni.graph.visualization.nodes-2.1.1 scene to
2026-06-25 15:17:35 [40,678ms] [Warning] [omni.usd] Warning: in GetNodeDiscoveryResults at line 136 of /builds/omniverse/usd-ci/USD/pxr/usd/usdShade/shaderDefUtils.cpp -- Unable to resolve info:sourceAsset </UsdPreviewSurface.info:mdl:sourceAsset> with value @UsdPreviewSurface.mdl@.

2026-06-25 15:17:35 [40,678ms] [Warning] [omni.usd] Warning: in GetNodeDiscoveryResults at line 136 of /builds/omniverse/usd-ci/USD/pxr/usd/usdShade/shaderDefUtils.cpp -- Unable to resolve info:sourceAsset </UsdUVTexture.info:mdl:sourceAsset> with value @UsdPreviewSurface.mdl@.

2026-06-25 15:17:35 [40,678ms] [Warning] [omni.usd] Warning: in GetNodeDiscoveryResults at line 136 of /builds/omniverse/usd-ci/USD/pxr/usd/usdShade/shaderDefUtils.cpp -- Unable to resolve info:sourceAsset </UsdPrimvarReader_float.info:mdl:sourceAsset> with value @UsdPreviewSurface.mdl@.

2026-06-25 15:17:35 [40,678ms] [Warning] [omni.usd] Warning: in GetNodeDiscoveryResults at line 136 of /builds/omniverse/usd-ci/USD/pxr/usd/usdShade/shaderDefUtils.cpp -- Unable to resolve info:sourceAsset </UsdPrimvarReader_float2.info:mdl:sourceAsset> with value @UsdPreviewSurface.mdl@.

2026-06-25 15:17:35 [40,678ms] [Warning] [omni.usd] Warning: in GetNodeDiscoveryResults at line 136 of /builds/omniverse/usd-ci/USD/pxr/usd/usdShade/shaderDefUtils.cpp -- Unable to resolve info:sourceAsset </UsdPrimvarReader_float3.info:mdl:sourceAsset> with value @UsdPreviewSurface.mdl@.

2026-06-25 15:17:35 [40,678ms] [Warning] [omni.usd] Warning: in GetNodeDiscoveryResults at line 136 of /builds/omniverse/usd-ci/USD/pxr/usd/usdShade/shaderDefUtils.cpp -- Unable to resolve info:sourceAsset </UsdPrimvarReader_float4.info:mdl:sourceAsset> with value @UsdPreviewSurface.mdl@.

2026-06-25 15:17:35 [40,678ms] [Warning] [omni.usd] Warning: in GetNodeDiscoveryResults at line 136 of /builds/omniverse/usd-ci/USD/pxr/usd/usdShade/shaderDefUtils.cpp -- Unable to resolve info:sourceAsset </UsdPrimvarReader_int.info:mdl:sourceAsset> with value @UsdPreviewSurface.mdl@.

2026-06-25 15:17:35 [40,678ms] [Warning] [omni.usd] Warning: in GetNodeDiscoveryResults at line 136 of /builds/omniverse/usd-ci/USD/pxr/usd/usdShade/shaderDefUtils.cpp -- Unable to resolve info:sourceAsset </UsdPrimvarReader_string.info:mdl:sourceAsset> with value @UsdPreviewSurface.mdl@.

2026-06-25 15:17:35 [40,678ms] [Warning] [omni.usd] Warning: in GetNodeDiscoveryResults at line 136 of /builds/omniverse/usd-ci/USD/pxr/usd/usdShade/shaderDefUtils.cpp -- Unable to resolve info:sourceAsset </UsdPrimvarReader_normal.info:mdl:sourceAsset> with value @UsdPreviewSurface.mdl@.

2026-06-25 15:17:35 [40,678ms] [Warning] [omni.usd] Warning: in GetNodeDiscoveryResults at line 136 of /builds/omniverse/usd-ci/USD/pxr/usd/usdShade/shaderDefUtils.cpp -- Unable to resolve info:sourceAsset </UsdPrimvarReader_point.info:mdl:sourceAsset> with value @UsdPreviewSurface.mdl@.

2026-06-25 15:17:35 [40,678ms] [Warning] [omni.usd] Warning: in GetNodeDiscoveryResults at line 136 of /builds/omniverse/usd-ci/USD/pxr/usd/usdShade/shaderDefUtils.cpp -- Unable to resolve info:sourceAsset </UsdPrimvarReader_vector.info:mdl:sourceAsset> with value @UsdPreviewSurface.mdl@.

2026-06-25 15:17:35 [40,678ms] [Warning] [omni.usd] Warning: in GetNodeDiscoveryResults at line 136 of /builds/omniverse/usd-ci/USD/pxr/usd/usdShade/shaderDefUtils.cpp -- Unable to resolve info:sourceAsset </UsdPrimvarReader_matrix.info:mdl:sourceAsset> with value @UsdPreviewSurface.mdl@.

2026-06-25 15:17:35 [40,678ms] [Warning] [omni.usd] Warning: in GetNodeDiscoveryResults at line 136 of /builds/omniverse/usd-ci/USD/pxr/usd/usdShade/shaderDefUtils.cpp -- Unable to resolve info:sourceAsset </UsdTransform2d.info:mdl:sourceAsset> with value @UsdPreviewSurface.mdl@.

[MultiMotionLoader] Motion group distribution:
  - backhand: 5 motions
  - forehand: 4 motions
[MultiMotionCommand] Registered motion groups: ['backhand', 'forehand']
[MultiMotionCommand]   - Group 'backhand': 5 motions
[MultiMotionCommand]   - Group 'forehand': 4 motions
[MultiMotionCommand] Assigning 16000 environments with ratios: backhand=8000/16000, forehand=8000/16000
[INFO] Command Manager:  <CommandManager> contains 1 active terms.
+----------------------------------------+
|          Active Command Terms          |
+-------+--------+-----------------------+
| Index | Name   |          Type         |
+-------+--------+-----------------------+
|   0   | motion | HitterStrikingCommand |
+-------+--------+-----------------------+

[INFO] Event Manager:  <EventManager> contains 2 active terms.
+---------------------------------------+
| Active Event Terms in Mode: 'startup' |
+---------+-----------------------------+
|  Index  | Name                        |
+---------+-----------------------------+
|    0    | physics_material            |
|    1    | add_joint_default_pos       |
|    2    | base_com                    |
+---------+-----------------------------+
+----------------------------------------------+
|    Active Event Terms in Mode: 'interval'    |
+-------+------------+-------------------------+
| Index | Name       | Interval time range (s) |
+-------+------------+-------------------------+
|   0   | push_robot |        (1.0, 3.0)       |
+-------+------------+-------------------------+

[INFO] Recorder Manager:  <RecorderManager> contains 0 active terms.
+---------------------+
| Active Recorder Terms |
+-----------+---------+
|   Index   | Name    |
+-----------+---------+
+-----------+---------+

[INFO] Action Manager:  <ActionManager> contains 1 active terms.
+------------------------------------+
|  Active Action Terms (shape: 29)   |
+--------+-------------+-------------+
| Index  | Name        |   Dimension |
+--------+-------------+-------------+
|   0    | joint_pos   |          29 |
+--------+-------------+-------------+

[INFO] Observation Manager: <ObservationManager> contains 2 groups.
+---------------------------------------------------------+
| Active Observation Terms in Group: 'policy' (shape: (105,)) |
+-----------+---------------------------------+-----------+
|   Index   | Name                            |   Shape   |
+-----------+---------------------------------+-----------+
|     0     | base_ang_vel                    |    (3,)   |
|     1     | projected_gravity               |    (3,)   |
|     2     | base_forward_xy                 |    (2,)   |
|     3     | base_target_pos                 |    (3,)   |
|     4     | racket_target_pos               |    (3,)   |
|     5     | racket_target_vel               |    (3,)   |
|     6     | time_to_strike                  |    (1,)   |
|     7     | joint_pos                       |   (29,)   |
|     8     | joint_vel                       |   (29,)   |
|     9     | actions                         |   (29,)   |
+-----------+---------------------------------+-----------+
+------------------------------------------------------------+
| Active Observation Terms in Group: 'critic' (shape: (302,)) |
+----------+------------------------------------+------------+
|  Index   | Name                               |   Shape    |
+----------+------------------------------------+------------+
|    0     | base_ang_vel                       |    (3,)    |
|    1     | projected_gravity                  |    (3,)    |
|    2     | base_forward_xy                    |    (2,)    |
|    3     | motion_anchor_pos_b                |    (3,)    |
|    4     | motion_anchor_ori_b                |    (6,)    |
|    5     | base_target_pos                    |    (3,)    |
|    6     | racket_target_pos                  |    (3,)    |
|    7     | racket_target_vel                  |    (3,)    |
|    8     | time_to_strike                     |    (1,)    |
|    9     | joint_pos                          |   (29,)    |
|    10    | joint_vel                          |   (29,)    |
|    11    | actions                            |   (29,)    |
|    12    | base_lin_vel                       |    (3,)    |
|    13    | body_pose                          |   (126,)   |
|    14    | time_left                          |    (1,)    |
|    15    | reference_joint_state              |   (58,)    |
+----------+------------------------------------+------------+

[INFO] Termination Manager:  <TerminationManager> contains 3 active terms.
+-------------------------------+
|    Active Termination Terms   |
+-------+------------+----------+
| Index | Name       | Time Out |
+-------+------------+----------+
|   0   | time_out   |   True   |
|   1   | anchor_pos |  False   |
|   2   | anchor_ori |  False   |
+-------+------------+----------+

[INFO] Reward Manager:  <RewardManager> contains 22 active terms.
+------------------------------------------------+
|              Active Reward Terms               |
+-------+-----------------------------+----------+
| Index | Name                        |   Weight |
+-------+-----------------------------+----------+
|   0   | motion_global_anchor_pos    |      0.5 |
|   1   | motion_global_anchor_ori    |      0.5 |
|   2   | motion_body_pos             |      1.0 |
|   3   | motion_body_ori             |      1.0 |
|   4   | motion_body_lin_vel         |      1.5 |
|   5   | motion_body_ang_vel         |      1.5 |
|   6   | motion_anchor_lin_vel       |      1.0 |
|   7   | base_pos                    |      5.0 |
|   8   | racket_pos                  |     80.0 |
|   9   | racket_vel                  |     80.0 |
|   10  | racket_ori                  |     30.0 |
|   11  | torso_forward_lean_l2       |     -2.0 |
|   12  | base_ang_vel_xy_l2          |     -0.4 |
|   13  | undesired_contacts          |    -0.05 |
|   14  | hitter_foot_slip_l2         |     -2.0 |
|   15  | hitter_hit_unstable_support |     -6.0 |
|   16  | hitter_foot_edge_drag       |     -1.0 |
|   17  | hip_yaw_default             |      2.0 |
|   18  | action_rate_l2              |     -0.1 |
|   19  | joint_limit                 |    -10.0 |
|   20  | joint_acc                   | -2.5e-07 |
|   21  | joint_torque                |   -1e-05 |
+-------+-----------------------------+----------+

[INFO] Curriculum Manager:  <CurriculumManager> contains 0 active terms.
+----------------------+
| Active Curriculum Terms |
+-----------+----------+
|   Index   | Name     |
+-----------+----------+
+-----------+----------+

[INFO]: Completed setting up the environment...
Actor MLP: Sequential(
  (0): Linear(in_features=105, out_features=512, bias=True)
  (1): ELU(alpha=1.0)
  (2): Linear(in_features=512, out_features=256, bias=True)
  (3): ELU(alpha=1.0)
  (4): Linear(in_features=256, out_features=128, bias=True)
  (5): ELU(alpha=1.0)
  (6): Linear(in_features=128, out_features=29, bias=True)
)
Critic MLP: Sequential(
  (0): Linear(in_features=302, out_features=512, bias=True)
  (1): ELU(alpha=1.0)
  (2): Linear(in_features=512, out_features=256, bias=True)
  (3): ELU(alpha=1.0)
  (4): Linear(in_features=256, out_features=128, bias=True)
  (5): ELU(alpha=1.0)
  (6): Linear(in_features=128, out_features=1, bias=True)
)
################################################################################
                     [1m Learning iteration 0/200000 [0m                      

                       Computation: 90554 steps/s (collection: 3.904s, learning 0.336s)
             Mean action noise std: 0.99
          Mean value_function loss: 1.6789
               Mean surrogate loss: -0.0005
                 Mean entropy loss: 41.0425
               Mean approx_kl loss: 0.0167
           Mean clip_fraction loss: 0.1759
              Mean ratio_mean loss: 0.9996
          Mean advantage_mean loss: 0.0000
           Mean advantage_std loss: 1.0000
      Mean explained_variance loss: 0.0336
                       Mean reward: -3.27
               Mean episode length: 22.96
Episode_Reward/motion_global_anchor_pos: 0.0111
Episode_Reward/motion_global_anchor_ori: 0.0088
    Episode_Reward/motion_body_pos: 0.0149
    Episode_Reward/motion_body_ori: 0.0044
Episode_Reward/motion_body_lin_vel: 0.0124
Episode_Reward/motion_body_ang_vel: 0.0015
Episode_Reward/motion_anchor_lin_vel: 0.0177
           Episode_Reward/base_pos: 0.0391
         Episode_Reward/racket_pos: 0.0000
         Episode_Reward/racket_vel: 0.0000
         Episode_Reward/racket_ori: 0.0000
Episode_Reward/torso_forward_lean_l2: -0.0034
 Episode_Reward/base_ang_vel_xy_l2: -0.1082
 Episode_Reward/undesired_contacts: -0.0002
Episode_Reward/hitter_foot_slip_l2: -0.0278
Episode_Reward/hitter_hit_unstable_support: 0.0000
Episode_Reward/hitter_foot_edge_drag: -0.0076
    Episode_Reward/hip_yaw_default: 0.0263
     Episode_Reward/action_rate_l2: -0.1400
        Episode_Reward/joint_limit: -0.0023
          Episode_Reward/joint_acc: -0.0055
       Episode_Reward/joint_torque: -0.0012
   Metrics/motion/error_anchor_pos: 0.1175
   Metrics/motion/error_anchor_rot: 0.2738
Metrics/motion/error_anchor_lin_vel: 0.5569
Metrics/motion/error_anchor_ang_vel: 3.8975
     Metrics/motion/error_body_pos: 5.3746
     Metrics/motion/error_body_rot: 0.7839
 Metrics/motion/error_body_lin_vel: 0.9316
 Metrics/motion/error_body_ang_vel: 5.4659
    Metrics/motion/error_joint_pos: 1.6814
    Metrics/motion/error_joint_vel: 18.6913
   Metrics/motion/sampling_entropy: 0.0000
 Metrics/motion/sampling_top1_prob: 0.0000
  Metrics/motion/sampling_top1_bin: 0.0000
Metrics/motion/motion_sampling_prob_mean: 0.1065
Metrics/motion/motion_sampling_prob_std: 0.0000
Metrics/motion/motion_sampling_prob_min: 0.1065
Metrics/motion/motion_sampling_prob_max: 0.1065
Metrics/motion/motion_sampling_prob_entropy: 0.9583
Metrics/motion/hitter_strike_racket_pos_error: 0.0000
Metrics/motion/hitter_strike_racket_vel_error: 0.0000
Metrics/motion/hitter_strike_racket_ori_error: 0.0000
      Episode_Termination/time_out: 32.7917
    Episode_Termination/anchor_pos: 0.1667
    Episode_Termination/anchor_ori: 0.0000
--------------------------------------------------------------------------------
                   Total timesteps: 384000
                    Iteration time: 4.24s
                      Time elapsed: 00:00:04
                               ETA: 19:35:08

Could not find git repository in /home/sijie/Hitter/MOSAIC-main/source/rsl_rl/rsl_rl/__init__.py. Skipping.
Could not find git repository in /home/sijie/Hitter/MOSAIC-main/scripts/rsl_rl/train.py. Skipping.
################################################################################
                     [1m Learning iteration 1/200000 [0m                      

                       Computation: 123223 steps/s (collection: 2.814s, learning 0.302s)
             Mean action noise std: 0.99
          Mean value_function loss: 4.1221
               Mean surrogate loss: -0.0061
                 Mean entropy loss: 40.8599
               Mean approx_kl loss: 0.0076
           Mean clip_fraction loss: 0.1026
              Mean ratio_mean loss: 0.9997
          Mean advantage_mean loss: -0.0000
           Mean advantage_std loss: 1.0000
      Mean explained_variance loss: 0.0479
                       Mean reward: -10.85
               Mean episode length: 47.47
Episode_Reward/motion_global_anchor_pos: 0.0209
Episode_Reward/motion_global_anchor_ori: 0.0144
    Episode_Reward/motion_body_pos: 0.0297
    Episode_Reward/motion_body_ori: 0.0050
Episode_Reward/motion_body_lin_vel: 0.0253
Episode_Reward/motion_body_ang_vel: 0.0056
Episode_Reward/motion_anchor_lin_vel: 0.0366
           Episode_Reward/base_pos: 0.0794
         Episode_Reward/racket_pos: 0.0000
         Episode_Reward/racket_vel: 0.0007
         Episode_Reward/racket_ori: 0.0067
Episode_Reward/torso_forward_lean_l2: -0.0461
 Episode_Reward/base_ang_vel_xy_l2: -0.4350
 Episode_Reward/undesired_contacts: -0.0006
Episode_Reward/hitter_foot_slip_l2: -0.0892
Episode_Reward/hitter_hit_unstable_support: -0.0267
Episode_Reward/hitter_foot_edge_drag: -0.0179
    Episode_Reward/hip_yaw_default: 0.0709
     Episode_Reward/action_rate_l2: -0.4152
        Episode_Reward/joint_limit: -0.0167
          Episode_Reward/joint_acc: -0.0143
       Episode_Reward/joint_torque: -0.0033
   Metrics/motion/error_anchor_pos: 0.6009
   Metrics/motion/error_anchor_rot: 1.1417
Metrics/motion/error_anchor_lin_vel: 1.9243
Metrics/motion/error_anchor_ang_vel: 4.6769
     Metrics/motion/error_body_pos: 0.5206
     Metrics/motion/error_body_rot: 1.5304
 Metrics/motion/error_body_lin_vel: 2.3926
 Metrics/motion/error_body_ang_vel: 5.9673
    Metrics/motion/error_joint_pos: 1.9447
    Metrics/motion/error_joint_vel: 19.8791
   Metrics/motion/sampling_entropy: 0.0000
 Metrics/motion/sampling_top1_prob: 0.0000
  Metrics/motion/sampling_top1_bin: 0.0000
Metrics/motion/motion_sampling_prob_mean: 0.1111
Metrics/motion/motion_sampling_prob_std: 0.0000
Metrics/motion/motion_sampling_prob_min: 0.1111
Metrics/motion/motion_sampling_prob_max: 0.1111
Metrics/motion/motion_sampling_prob_entropy: 1.0000
Metrics/motion/hitter_strike_racket_pos_error: 0.1464
Metrics/motion/hitter_strike_racket_vel_error: 0.6352
Metrics/motion/hitter_strike_racket_ori_error: 0.1372
      Episode_Termination/time_out: 21.5417
    Episode_Termination/anchor_pos: 444.7917
    Episode_Termination/anchor_ori: 3.0833
--------------------------------------------------------------------------------
                   Total timesteps: 768000
                    Iteration time: 3.12s
                      Time elapsed: 00:00:07
                               ETA: 12:21:19

################################################################################
                     [1m Learning iteration 2/200000 [0m                      

                       Computation: 125863 steps/s (collection: 2.753s, learning 0.298s)
             Mean action noise std: 0.98
          Mean value_function loss: 2.2961
               Mean surrogate loss: -0.0058
                 Mean entropy loss: 40.6909
               Mean approx_kl loss: 0.0099
           Mean clip_fraction loss: 0.1459
              Mean ratio_mean loss: 0.9998
          Mean advantage_mean loss: 0.0000
           Mean advantage_std loss: 1.0000
      Mean explained_variance loss: 0.0397
                       Mean reward: -8.20
               Mean episode length: 39.92
Episode_Reward/motion_global_anchor_pos: 0.0279
Episode_Reward/motion_global_anchor_ori: 0.0181
    Episode_Reward/motion_body_pos: 0.0395
    Episode_Reward/motion_body_ori: 0.0063
Episode_Reward/motion_body_lin_vel: 0.0424
Episode_Reward/motion_body_ang_vel: 0.0082
Episode_Reward/motion_anchor_lin_vel: 0.0540
           Episode_Reward/base_pos: 0.1008
         Episode_Reward/racket_pos: 0.0004
         Episode_Reward/racket_vel: 0.0029
         Episode_Reward/racket_ori: 0.0252
Episode_Reward/torso_forward_lean_l2: -0.0729
 Episode_Reward/base_ang_vel_xy_l2: -0.5914
 Episode_Reward/undesired_contacts: -0.0009
Episode_Reward/hitter_foot_slip_l2: -0.1115
Episode_Reward/hitter_hit_unstable_support: -0.0518
Episode_Reward/hitter_foot_edge_drag: -0.0239
    Episode_Reward/hip_yaw_default: 0.0911
     Episode_Reward/action_rate_l2: -0.5384
        Episode_Reward/joint_limit: -0.0201
          Episode_Reward/joint_acc: -0.0183
       Episode_Reward/joint_torque: -0.0045
   Metrics/motion/error_anchor_pos: 0.6512
   Metrics/motion/error_anchor_rot: 1.2264
Metrics/motion/error_anchor_lin_vel: 1.9995
Metrics/motion/error_anchor_ang_vel: 4.5795
     Metrics/motion/error_body_pos: 0.5461
     Metrics/motion/error_body_rot: 1.4654
 Metrics/motion/error_body_lin_vel: 2.4469
 Metrics/motion/error_body_ang_vel: 5.7864
    Metrics/motion/error_joint_pos: 2.0142
    Metrics/motion/error_joint_vel: 19.6452
   Metrics/motion/sampling_entropy: 0.0000
 Metrics/motion/sampling_top1_prob: 0.0000
  Metrics/motion/sampling_top1_bin: 0.0000
Metrics/motion/motion_sampling_prob_mean: 0.1111
Metrics/motion/motion_sampling_prob_std: 0.0000
Metrics/motion/motion_sampling_prob_min: 0.1111
Metrics/motion/motion_sampling_prob_max: 0.1111
Metrics/motion/motion_sampling_prob_entropy: 1.0000
Metrics/motion/hitter_strike_racket_pos_error: 0.4990
Metrics/motion/hitter_strike_racket_vel_error: 2.2709
Metrics/motion/hitter_strike_racket_ori_error: 0.5187
      Episode_Termination/time_out: 4.2917
    Episode_Termination/anchor_pos: 284.7083
    Episode_Termination/anchor_ori: 0.8333
--------------------------------------------------------------------------------
                   Total timesteps: 1152000
                    Iteration time: 3.05s
                      Time elapsed: 00:00:10
                               ETA: 00:44:03

################################################################################
                     [1m Learning iteration 3/200000 [0m                      

                       Computation: 124624 steps/s (collection: 2.784s, learning 0.297s)
             Mean action noise std: 0.98
          Mean value_function loss: 2.3093
               Mean surrogate loss: -0.0012
                 Mean entropy loss: 40.5555
               Mean approx_kl loss: 0.0131
           Mean clip_fraction loss: 0.1953
              Mean ratio_mean loss: 1.0000
          Mean advantage_mean loss: 0.0000
           Mean advantage_std loss: 1.0000
      Mean explained_variance loss: 0.1341
                       Mean reward: -9.54
               Mean episode length: 46.52
Episode_Reward/motion_global_anchor_pos: 0.0251
Episode_Reward/motion_global_anchor_ori: 0.0171
    Episode_Reward/motion_body_pos: 0.0373
    Episode_Reward/motion_body_ori: 0.0069
Episode_Reward/motion_body_lin_vel: 0.0357
Episode_Reward/motion_body_ang_vel: 0.0075
Episode_Reward/motion_anchor_lin_vel: 0.0471
           Episode_Reward/base_pos: 0.0922
         Episode_Reward/racket_pos: 0.0003
         Episode_Reward/racket_vel: 0.0021
         Episode_Reward/racket_ori: 0.0180
Episode_Reward/torso_forward_lean_l2: -0.0634
 Episode_Reward/base_ang_vel_xy_l2: -0.5243
 Episode_Reward/undesired_contacts: -0.0008
Episode_Reward/hitter_foot_slip_l2: -0.1034
Episode_Reward/hitter_hit_unstable_support: -0.0496
Episode_Reward/hitter_foot_edge_drag: -0.0214
    Episode_Reward/hip_yaw_default: 0.0863
     Episode_Reward/action_rate_l2: -0.4873
        Episode_Reward/joint_limit: -0.0194
          Episode_Reward/joint_acc: -0.0167
       Episode_Reward/joint_torque: -0.0040
   Metrics/motion/error_anchor_pos: 0.6539
   Metrics/motion/error_anchor_rot: 1.1822
Metrics/motion/error_anchor_lin_vel: 2.0338
Metrics/motion/error_anchor_ang_vel: 4.5331
     Metrics/motion/error_body_pos: 0.5432
     Metrics/motion/error_body_rot: 1.4740
 Metrics/motion/error_body_lin_vel: 2.4908
 Metrics/motion/error_body_ang_vel: 5.9680
    Metrics/motion/error_joint_pos: 1.9506
    Metrics/motion/error_joint_vel: 19.6817
   Metrics/motion/sampling_entropy: 0.0000
 Metrics/motion/sampling_top1_prob: 0.0000
  Metrics/motion/sampling_top1_bin: 0.0000
Metrics/motion/motion_sampling_prob_mean: 0.1111
Metrics/motion/motion_sampling_prob_std: 0.0000
Metrics/motion/motion_sampling_prob_min: 0.1111
Metrics/motion/motion_sampling_prob_max: 0.1111
Metrics/motion/motion_sampling_prob_entropy: 1.0000
Metrics/motion/hitter_strike_racket_pos_error: 0.3704
Metrics/motion/hitter_strike_racket_vel_error: 1.6514
Metrics/motion/hitter_strike_racket_ori_error: 0.3670
      Episode_Termination/time_out: 0.2917
    Episode_Termination/anchor_pos: 395.0833
    Episode_Termination/anchor_ori: 1.2500
--------------------------------------------------------------------------------
                   Total timesteps: 1536000
                    Iteration time: 3.08s
                      Time elapsed: 00:00:13
                               ETA: 19:20:40

################################################################################
                     [1m Learning iteration 4/200000 [0m                      

                       Computation: 126698 steps/s (collection: 2.728s, learning 0.303s)
             Mean action noise std: 0.97
          Mean value_function loss: 1.9101
               Mean surrogate loss: -0.0016
                 Mean entropy loss: 40.3731
               Mean approx_kl loss: 0.0139
           Mean clip_fraction loss: 0.2069
              Mean ratio_mean loss: 0.9997
          Mean advantage_mean loss: -0.0000
           Mean advantage_std loss: 1.0000
      Mean explained_variance loss: 0.1640
                       Mean reward: -8.30
               Mean episode length: 42.77
Episode_Reward/motion_global_anchor_pos: 0.0255
Episode_Reward/motion_global_anchor_ori: 0.0173
    Episode_Reward/motion_body_pos: 0.0381
    Episode_Reward/motion_body_ori: 0.0070
Episode_Reward/motion_body_lin_vel: 0.0371
Episode_Reward/motion_body_ang_vel: 0.0078
Episode_Reward/motion_anchor_lin_vel: 0.0482
           Episode_Reward/base_pos: 0.0910
         Episode_Reward/racket_pos: 0.0003
         Episode_Reward/racket_vel: 0.0019
         Episode_Reward/racket_ori: 0.0181
Episode_Reward/torso_forward_lean_l2: -0.0623
 Episode_Reward/base_ang_vel_xy_l2: -0.5057
 Episode_Reward/undesired_contacts: -0.0008
Episode_Reward/hitter_foot_slip_l2: -0.1042
Episode_Reward/hitter_hit_unstable_support: -0.0427
Episode_Reward/hitter_foot_edge_drag: -0.0216
    Episode_Reward/hip_yaw_default: 0.0894
     Episode_Reward/action_rate_l2: -0.4890
        Episode_Reward/joint_limit: -0.0194
          Episode_Reward/joint_acc: -0.0167
       Episode_Reward/joint_torque: -0.0040
   Metrics/motion/error_anchor_pos: 0.6568
   Metrics/motion/error_anchor_rot: 1.1670
Metrics/motion/error_anchor_lin_vel: 2.0325
Metrics/motion/error_anchor_ang_vel: 4.5030
     Metrics/motion/error_body_pos: 0.5401
     Metrics/motion/error_body_rot: 1.4502
 Metrics/motion/error_body_lin_vel: 2.4833
 Metrics/motion/error_body_ang_vel: 5.8323
    Metrics/motion/error_joint_pos: 1.9643
    Metrics/motion/error_joint_vel: 19.5606
   Metrics/motion/sampling_entropy: 0.0000
 Metrics/motion/sampling_top1_prob: 0.0000
  Metrics/motion/sampling_top1_bin: 0.0000
Metrics/motion/motion_sampling_prob_mean: 0.1111
Metrics/motion/motion_sampling_prob_std: 0.0000
Metrics/motion/motion_sampling_prob_min: 0.1111
Metrics/motion/motion_sampling_prob_max: 0.1111
Metrics/motion/motion_sampling_prob_entropy: 1.0000
Metrics/motion/hitter_strike_racket_pos_error: 0.3500
Metrics/motion/hitter_strike_racket_vel_error: 1.5893
Metrics/motion/hitter_strike_racket_ori_error: 0.3597
      Episode_Termination/time_out: 0.0833
    Episode_Termination/anchor_pos: 348.7083
    Episode_Termination/anchor_ori: 0.7083
--------------------------------------------------------------------------------
                   Total timesteps: 1920000
                    Iteration time: 3.03s
                      Time elapsed: 00:00:16
                               ETA: 15:32:59

################################################################################
                     [1m Learning iteration 5/200000 [0m                      

                       Computation: 124625 steps/s (collection: 2.779s, learning 0.302s)
             Mean action noise std: 0.97
          Mean value_function loss: 1.5207
               Mean surrogate loss: -0.0021
                 Mean entropy loss: 40.2857
               Mean approx_kl loss: 0.0118
           Mean clip_fraction loss: 0.1730
              Mean ratio_mean loss: 0.9999
          Mean advantage_mean loss: -0.0000
           Mean advantage_std loss: 1.0000
      Mean explained_variance loss: 0.2950
                       Mean reward: -8.26
               Mean episode length: 44.64
Episode_Reward/motion_global_anchor_pos: 0.0253
Episode_Reward/motion_global_anchor_ori: 0.0177
    Episode_Reward/motion_body_pos: 0.0381
    Episode_Reward/motion_body_ori: 0.0070
Episode_Reward/motion_body_lin_vel: 0.0368
Episode_Reward/motion_body_ang_vel: 0.0079
Episode_Reward/motion_anchor_lin_vel: 0.0477
           Episode_Reward/base_pos: 0.0908
         Episode_Reward/racket_pos: 0.0004
         Episode_Reward/racket_vel: 0.0021
         Episode_Reward/racket_ori: 0.0191
Episode_Reward/torso_forward_lean_l2: -0.0603
 Episode_Reward/base_ang_vel_xy_l2: -0.4898
 Episode_Reward/undesired_contacts: -0.0008
Episode_Reward/hitter_foot_slip_l2: -0.1033
Episode_Reward/hitter_hit_unstable_support: -0.0472
Episode_Reward/hitter_foot_edge_drag: -0.0213
    Episode_Reward/hip_yaw_default: 0.0902
     Episode_Reward/action_rate_l2: -0.4805
        Episode_Reward/joint_limit: -0.0198
          Episode_Reward/joint_acc: -0.0165
       Episode_Reward/joint_torque: -0.0039
   Metrics/motion/error_anchor_pos: 0.6600
   Metrics/motion/error_anchor_rot: 1.1414
Metrics/motion/error_anchor_lin_vel: 2.0300
Metrics/motion/error_anchor_ang_vel: 4.4363
     Metrics/motion/error_body_pos: 0.5358
     Metrics/motion/error_body_rot: 1.4191
 Metrics/motion/error_body_lin_vel: 2.4883
 Metrics/motion/error_body_ang_vel: 5.8327
    Metrics/motion/error_joint_pos: 1.9589
    Metrics/motion/error_joint_vel: 19.4898
   Metrics/motion/sampling_entropy: 0.0000
 Metrics/motion/sampling_top1_prob: 0.0000
  Metrics/motion/sampling_top1_bin: 0.0000
Metrics/motion/motion_sampling_prob_mean: 0.1111
Metrics/motion/motion_sampling_prob_std: 0.0000
Metrics/motion/motion_sampling_prob_min: 0.1111
Metrics/motion/motion_sampling_prob_max: 0.1111
Metrics/motion/motion_sampling_prob_entropy: 1.0000
Metrics/motion/hitter_strike_racket_pos_error: 0.3737
Metrics/motion/hitter_strike_racket_vel_error: 1.6998
Metrics/motion/hitter_strike_racket_ori_error: 0.3780
      Episode_Termination/time_out: 0.0000
    Episode_Termination/anchor_pos: 366.5417
    Episode_Termination/anchor_ori: 0.2083
--------------------------------------------------------------------------------
                   Total timesteps: 2304000
                    Iteration time: 3.08s
                      Time elapsed: 00:00:19
                               ETA: 13:29:11

################################################################################
                     [1m Learning iteration 6/200000 [0m                      

                       Computation: 124094 steps/s (collection: 2.794s, learning 0.300s)
             Mean action noise std: 0.96
          Mean value_function loss: 1.1782
               Mean surrogate loss: -0.0042
                 Mean entropy loss: 40.0646
               Mean approx_kl loss: 0.0113
           Mean clip_fraction loss: 0.1694
              Mean ratio_mean loss: 0.9999
          Mean advantage_mean loss: -0.0000
           Mean advantage_std loss: 1.0000
      Mean explained_variance loss: 0.4236
                       Mean reward: -8.05
               Mean episode length: 43.39
Episode_Reward/motion_global_anchor_pos: 0.0251
Episode_Reward/motion_global_anchor_ori: 0.0178
    Episode_Reward/motion_body_pos: 0.0380
    Episode_Reward/motion_body_ori: 0.0070
Episode_Reward/motion_body_lin_vel: 0.0364
Episode_Reward/motion_body_ang_vel: 0.0080
Episode_Reward/motion_anchor_lin_vel: 0.0471
           Episode_Reward/base_pos: 0.0882
         Episode_Reward/racket_pos: 0.0004
         Episode_Reward/racket_vel: 0.0018
         Episode_Reward/racket_ori: 0.0174
Episode_Reward/torso_forward_lean_l2: -0.0578
 Episode_Reward/base_ang_vel_xy_l2: -0.4699
 Episode_Reward/undesired_contacts: -0.0008
Episode_Reward/hitter_foot_slip_l2: -0.1022
Episode_Reward/hitter_hit_unstable_support: -0.0432
Episode_Reward/hitter_foot_edge_drag: -0.0209
    Episode_Reward/hip_yaw_default: 0.0910
     Episode_Reward/action_rate_l2: -0.4719
        Episode_Reward/joint_limit: -0.0196
          Episode_Reward/joint_acc: -0.0161
       Episode_Reward/joint_torque: -0.0039
   Metrics/motion/error_anchor_pos: 0.6602
   Metrics/motion/error_anchor_rot: 1.1198
Metrics/motion/error_anchor_lin_vel: 2.0261
Metrics/motion/error_anchor_ang_vel: 4.3779
     Metrics/motion/error_body_pos: 0.5323
     Metrics/motion/error_body_rot: 1.4029
 Metrics/motion/error_body_lin_vel: 2.4844
 Metrics/motion/error_body_ang_vel: 5.7706
    Metrics/motion/error_joint_pos: 1.9674
    Metrics/motion/error_joint_vel: 19.2864
   Metrics/motion/sampling_entropy: 0.0000
 Metrics/motion/sampling_top1_prob: 0.0000
  Metrics/motion/sampling_top1_bin: 0.0000
Metrics/motion/motion_sampling_prob_mean: 0.1111
Metrics/motion/motion_sampling_prob_std: 0.0000
Metrics/motion/motion_sampling_prob_min: 0.1111
Metrics/motion/motion_sampling_prob_max: 0.1111
Metrics/motion/motion_sampling_prob_entropy: 1.0000
Metrics/motion/hitter_strike_racket_pos_error: 0.3460
Metrics/motion/hitter_strike_racket_vel_error: 1.5720
Metrics/motion/hitter_strike_racket_ori_error: 0.3584
      Episode_Termination/time_out: 0.0000
    Episode_Termination/anchor_pos: 360.0000
    Episode_Termination/anchor_ori: 0.3750
--------------------------------------------------------------------------------
                   Total timesteps: 2688000
                    Iteration time: 3.09s
                      Time elapsed: 00:00:22
                               ETA: 12:07:01

################################################################################
                     [1m Learning iteration 7/200000 [0m                      

                       Computation: 124552 steps/s (collection: 2.781s, learning 0.302s)
             Mean action noise std: 0.96
          Mean value_function loss: 1.0014
               Mean surrogate loss: -0.0003
                 Mean entropy loss: 39.8669
               Mean approx_kl loss: 0.0143
           Mean clip_fraction loss: 0.2143
              Mean ratio_mean loss: 0.9998
          Mean advantage_mean loss: 0.0000
           Mean advantage_std loss: 1.0000
      Mean explained_variance loss: 0.4839
                       Mean reward: -7.60
               Mean episode length: 43.36
Episode_Reward/motion_global_anchor_pos: 0.0252
Episode_Reward/motion_global_anchor_ori: 0.0182
    Episode_Reward/motion_body_pos: 0.0383
    Episode_Reward/motion_body_ori: 0.0070
Episode_Reward/motion_body_lin_vel: 0.0370
Episode_Reward/motion_body_ang_vel: 0.0083
Episode_Reward/motion_anchor_lin_vel: 0.0474
           Episode_Reward/base_pos: 0.0904
         Episode_Reward/racket_pos: 0.0004
         Episode_Reward/racket_vel: 0.0025
         Episode_Reward/racket_ori: 0.0185
Episode_Reward/torso_forward_lean_l2: -0.0559
 Episode_Reward/base_ang_vel_xy_l2: -0.4536
 Episode_Reward/undesired_contacts: -0.0008
Episode_Reward/hitter_foot_slip_l2: -0.1018
Episode_Reward/hitter_hit_unstable_support: -0.0444
Episode_Reward/hitter_foot_edge_drag: -0.0208
    Episode_Reward/hip_yaw_default: 0.0932
     Episode_Reward/action_rate_l2: -0.4673
        Episode_Reward/joint_limit: -0.0197
          Episode_Reward/joint_acc: -0.0161
       Episode_Reward/joint_torque: -0.0038
   Metrics/motion/error_anchor_pos: 0.6611
   Metrics/motion/error_anchor_rot: 1.0960
Metrics/motion/error_anchor_lin_vel: 2.0131
Metrics/motion/error_anchor_ang_vel: 4.3168
     Metrics/motion/error_body_pos: 0.5289
     Metrics/motion/error_body_rot: 1.3827
 Metrics/motion/error_body_lin_vel: 2.4803
 Metrics/motion/error_body_ang_vel: 5.7213
    Metrics/motion/error_joint_pos: 1.9674
    Metrics/motion/error_joint_vel: 19.1169
   Metrics/motion/sampling_entropy: 0.0000
 Metrics/motion/sampling_top1_prob: 0.0000
  Metrics/motion/sampling_top1_bin: 0.0000
Metrics/motion/motion_sampling_prob_mean: 0.1111
Metrics/motion/motion_sampling_prob_std: 0.0000
Metrics/motion/motion_sampling_prob_min: 0.1111
Metrics/motion/motion_sampling_prob_max: 0.1111
Metrics/motion/motion_sampling_prob_entropy: 1.0000
Metrics/motion/hitter_strike_racket_pos_error: 0.3648
Metrics/motion/hitter_strike_racket_vel_error: 1.6575
Metrics/motion/hitter_strike_racket_ori_error: 0.3689
      Episode_Termination/time_out: 0.0000
    Episode_Termination/anchor_pos: 359.0833
    Episode_Termination/anchor_ori: 0.0833
--------------------------------------------------------------------------------
                   Total timesteps: 3072000
                    Iteration time: 3.08s
                      Time elapsed: 00:00:25
                               ETA: 11:00:39

################################################################################
                     [1m Learning iteration 8/200000 [0m                      

                       Computation: 124693 steps/s (collection: 2.779s, learning 0.301s)
             Mean action noise std: 0.95
          Mean value_function loss: 0.6900
               Mean surrogate loss: -0.0059
                 Mean entropy loss: 39.6226
               Mean approx_kl loss: 0.0127
           Mean clip_fraction loss: 0.1850
              Mean ratio_mean loss: 0.9997
          Mean advantage_mean loss: 0.0000
           Mean advantage_std loss: 1.0000
      Mean explained_variance loss: 0.6579
                       Mean reward: -7.69
               Mean episode length: 44.97
Episode_Reward/motion_global_anchor_pos: 0.0254
Episode_Reward/motion_global_anchor_ori: 0.0187
    Episode_Reward/motion_body_pos: 0.0389
    Episode_Reward/motion_body_ori: 0.0071
Episode_Reward/motion_body_lin_vel: 0.0379
Episode_Reward/motion_body_ang_vel: 0.0085
Episode_Reward/motion_anchor_lin_vel: 0.0481
           Episode_Reward/base_pos: 0.0914
         Episode_Reward/racket_pos: 0.0005
         Episode_Reward/racket_vel: 0.0021
         Episode_Reward/racket_ori: 0.0186
Episode_Reward/torso_forward_lean_l2: -0.0550
 Episode_Reward/base_ang_vel_xy_l2: -0.4441
 Episode_Reward/undesired_contacts: -0.0008
Episode_Reward/hitter_foot_slip_l2: -0.1022
Episode_Reward/hitter_hit_unstable_support: -0.0440
Episode_Reward/hitter_foot_edge_drag: -0.0209
    Episode_Reward/hip_yaw_default: 0.0959
     Episode_Reward/action_rate_l2: -0.4645
        Episode_Reward/joint_limit: -0.0201
          Episode_Reward/joint_acc: -0.0161
       Episode_Reward/joint_torque: -0.0038
   Metrics/motion/error_anchor_pos: 0.6636
   Metrics/motion/error_anchor_rot: 1.0760
Metrics/motion/error_anchor_lin_vel: 2.0049
Metrics/motion/error_anchor_ang_vel: 4.2696
     Metrics/motion/error_body_pos: 0.5263
     Metrics/motion/error_body_rot: 1.3618
 Metrics/motion/error_body_lin_vel: 2.4757
 Metrics/motion/error_body_ang_vel: 5.7179
    Metrics/motion/error_joint_pos: 1.9821
    Metrics/motion/error_joint_vel: 19.0344
   Metrics/motion/sampling_entropy: 0.0000
 Metrics/motion/sampling_top1_prob: 0.0000
  Metrics/motion/sampling_top1_bin: 0.0000
Metrics/motion/motion_sampling_prob_mean: 0.1111
Metrics/motion/motion_sampling_prob_std: 0.0000
Metrics/motion/motion_sampling_prob_min: 0.1111
Metrics/motion/motion_sampling_prob_max: 0.1111
Metrics/motion/motion_sampling_prob_entropy: 1.0000
Metrics/motion/hitter_strike_racket_pos_error: 0.3696
Metrics/motion/hitter_strike_racket_vel_error: 1.6691
Metrics/motion/hitter_strike_racket_ori_error: 0.3760
      Episode_Termination/time_out: 0.0000
    Episode_Termination/anchor_pos: 361.7083
    Episode_Termination/anchor_ori: 0.1667
--------------------------------------------------------------------------------
                   Total timesteps: 3456000
                    Iteration time: 3.08s
                      Time elapsed: 00:00:28
                               ETA: 10:07:44

################################################################################
                     [1m Learning iteration 9/200000 [0m                      

                       Computation: 125324 steps/s (collection: 2.762s, learning 0.302s)
             Mean action noise std: 0.94
          Mean value_function loss: 0.5702
               Mean surrogate loss: -0.0034
                 Mean entropy loss: 39.4517
               Mean approx_kl loss: 0.0130
           Mean clip_fraction loss: 0.1866
              Mean ratio_mean loss: 0.9995
          Mean advantage_mean loss: -0.0000
           Mean advantage_std loss: 1.0000
      Mean explained_variance loss: 0.7150
                       Mean reward: -7.37
               Mean episode length: 45.77
Episode_Reward/motion_global_anchor_pos: 0.0250
Episode_Reward/motion_global_anchor_ori: 0.0188
    Episode_Reward/motion_body_pos: 0.0385
    Episode_Reward/motion_body_ori: 0.0072
Episode_Reward/motion_body_lin_vel: 0.0375
Episode_Reward/motion_body_ang_vel: 0.0086
Episode_Reward/motion_anchor_lin_vel: 0.0472
           Episode_Reward/base_pos: 0.0908
         Episode_Reward/racket_pos: 0.0004
         Episode_Reward/racket_vel: 0.0023
         Episode_Reward/racket_ori: 0.0183
Episode_Reward/torso_forward_lean_l2: -0.0521
 Episode_Reward/base_ang_vel_xy_l2: -0.4196
 Episode_Reward/undesired_contacts: -0.0008
Episode_Reward/hitter_foot_slip_l2: -0.1011
Episode_Reward/hitter_hit_unstable_support: -0.0423
Episode_Reward/hitter_foot_edge_drag: -0.0204
    Episode_Reward/hip_yaw_default: 0.0967
     Episode_Reward/action_rate_l2: -0.4527
        Episode_Reward/joint_limit: -0.0204
          Episode_Reward/joint_acc: -0.0156
       Episode_Reward/joint_torque: -0.0037
   Metrics/motion/error_anchor_pos: 0.6640
   Metrics/motion/error_anchor_rot: 1.0501
Metrics/motion/error_anchor_lin_vel: 1.9982
Metrics/motion/error_anchor_ang_vel: 4.1880
     Metrics/motion/error_body_pos: 0.5214
     Metrics/motion/error_body_rot: 1.3228
 Metrics/motion/error_body_lin_vel: 2.4688
 Metrics/motion/error_body_ang_vel: 5.6581
    Metrics/motion/error_joint_pos: 1.9861
    Metrics/motion/error_joint_vel: 18.9342
   Metrics/motion/sampling_entropy: 0.0000
 Metrics/motion/sampling_top1_prob: 0.0000
  Metrics/motion/sampling_top1_bin: 0.0000
Metrics/motion/motion_sampling_prob_mean: 0.1111
Metrics/motion/motion_sampling_prob_std: 0.0000
Metrics/motion/motion_sampling_prob_min: 0.1111
Metrics/motion/motion_sampling_prob_max: 0.1111
Metrics/motion/motion_sampling_prob_entropy: 1.0000
Metrics/motion/hitter_strike_racket_pos_error: 0.3532
Metrics/motion/hitter_strike_racket_vel_error: 1.6126
Metrics/motion/hitter_strike_racket_ori_error: 0.3568
      Episode_Termination/time_out: 0.0000
    Episode_Termination/anchor_pos: 364.5833
    Episode_Termination/anchor_ori: 0.0000
--------------------------------------------------------------------------------
                   Total timesteps: 3840000
                    Iteration time: 3.06s
                      Time elapsed: 00:00:31
                               ETA: 09:20:13

################################################################################
                     [1m Learning iteration 10/200000 [0m                     

                       Computation: 125152 steps/s (collection: 2.767s, learning 0.301s)
             Mean action noise std: 0.94
          Mean value_function loss: 0.4130
               Mean surrogate loss: -0.0053
                 Mean entropy loss: 39.2272
               Mean approx_kl loss: 0.0135
           Mean clip_fraction loss: 0.2012
              Mean ratio_mean loss: 1.0001
          Mean advantage_mean loss: -0.0000
           Mean advantage_std loss: 1.0000
      Mean explained_variance loss: 0.7883
                       Mean reward: -7.14
               Mean episode length: 45.81
Episode_Reward/motion_global_anchor_pos: 0.0250
Episode_Reward/motion_global_anchor_ori: 0.0192
    Episode_Reward/motion_body_pos: 0.0387
    Episode_Reward/motion_body_ori: 0.0073
Episode_Reward/motion_body_lin_vel: 0.0377
Episode_Reward/motion_body_ang_vel: 0.0089
Episode_Reward/motion_anchor_lin_vel: 0.0470
           Episode_Reward/base_pos: 0.0910
         Episode_Reward/racket_pos: 0.0004
         Episode_Reward/racket_vel: 0.0022
         Episode_Reward/racket_ori: 0.0190
Episode_Reward/torso_forward_lean_l2: -0.0492
 Episode_Reward/base_ang_vel_xy_l2: -0.3974
 Episode_Reward/undesired_contacts: -0.0008
Episode_Reward/hitter_foot_slip_l2: -0.1004
Episode_Reward/hitter_hit_unstable_support: -0.0418
Episode_Reward/hitter_foot_edge_drag: -0.0201
    Episode_Reward/hip_yaw_default: 0.0991
     Episode_Reward/action_rate_l2: -0.4449
        Episode_Reward/joint_limit: -0.0203
          Episode_Reward/joint_acc: -0.0154
       Episode_Reward/joint_torque: -0.0036
   Metrics/motion/error_anchor_pos: 0.6650
   Metrics/motion/error_anchor_rot: 1.0028
Metrics/motion/error_anchor_lin_vel: 2.0173
Metrics/motion/error_anchor_ang_vel: 4.0603
     Metrics/motion/error_body_pos: 0.5161
     Metrics/motion/error_body_rot: 1.2923
 Metrics/motion/error_body_lin_vel: 2.4591
 Metrics/motion/error_body_ang_vel: 5.5629
    Metrics/motion/error_joint_pos: 1.9976
    Metrics/motion/error_joint_vel: 18.8251
   Metrics/motion/sampling_entropy: 0.0000
 Metrics/motion/sampling_top1_prob: 0.0000
  Metrics/motion/sampling_top1_bin: 0.0000
Metrics/motion/motion_sampling_prob_mean: 0.1111
Metrics/motion/motion_sampling_prob_std: 0.0000
Metrics/motion/motion_sampling_prob_min: 0.1111
Metrics/motion/motion_sampling_prob_max: 0.1111
Metrics/motion/motion_sampling_prob_entropy: 1.0000
Metrics/motion/hitter_strike_racket_pos_error: 0.3563
Metrics/motion/hitter_strike_racket_vel_error: 1.6324
Metrics/motion/hitter_strike_racket_ori_error: 0.3563
      Episode_Termination/time_out: 0.0000
    Episode_Termination/anchor_pos: 361.7917
    Episode_Termination/anchor_ori: 0.0000
--------------------------------------------------------------------------------
                   Total timesteps: 4224000
                    Iteration time: 3.07s
                      Time elapsed: 00:00:34
                               ETA: 08:42:36

################################################################################
                     [1m Learning iteration 11/200000 [0m                     

                       Computation: 124981 steps/s (collection: 2.774s, learning 0.298s)
             Mean action noise std: 0.93
          Mean value_function loss: 0.3367
               Mean surrogate loss: -0.0037
                 Mean entropy loss: 38.9964
               Mean approx_kl loss: 0.0162
           Mean clip_fraction loss: 0.2310
              Mean ratio_mean loss: 0.9995
          Mean advantage_mean loss: 0.0000
           Mean advantage_std loss: 1.0000
      Mean explained_variance loss: 0.8166
                       Mean reward: -6.53
               Mean episode length: 44.87
Episode_Reward/motion_global_anchor_pos: 0.0251
Episode_Reward/motion_global_anchor_ori: 0.0193
    Episode_Reward/motion_body_pos: 0.0391
    Episode_Reward/motion_body_ori: 0.0073
Episode_Reward/motion_body_lin_vel: 0.0383
Episode_Reward/motion_body_ang_vel: 0.0091
Episode_Reward/motion_anchor_lin_vel: 0.0470
           Episode_Reward/base_pos: 0.0892
         Episode_Reward/racket_pos: 0.0005
         Episode_Reward/racket_vel: 0.0024
         Episode_Reward/racket_ori: 0.0189
Episode_Reward/torso_forward_lean_l2: -0.0472
 Episode_Reward/base_ang_vel_xy_l2: -0.3769
 Episode_Reward/undesired_contacts: -0.0008
Episode_Reward/hitter_foot_slip_l2: -0.0991
Episode_Reward/hitter_hit_unstable_support: -0.0416
Episode_Reward/hitter_foot_edge_drag: -0.0200
    Episode_Reward/hip_yaw_default: 0.1012
     Episode_Reward/action_rate_l2: -0.4376
        Episode_Reward/joint_limit: -0.0201
          Episode_Reward/joint_acc: -0.0152
       Episode_Reward/joint_torque: -0.0036
   Metrics/motion/error_anchor_pos: 0.6629
   Metrics/motion/error_anchor_rot: 0.9729
Metrics/motion/error_anchor_lin_vel: 2.0177
Metrics/motion/error_anchor_ang_vel: 3.9740
     Metrics/motion/error_body_pos: 0.5114
     Metrics/motion/error_body_rot: 1.2638
 Metrics/motion/error_body_lin_vel: 2.4517
 Metrics/motion/error_body_ang_vel: 5.5096
    Metrics/motion/error_joint_pos: 2.0030
    Metrics/motion/error_joint_vel: 18.7366
   Metrics/motion/sampling_entropy: 0.0000
 Metrics/motion/sampling_top1_prob: 0.0000
  Metrics/motion/sampling_top1_bin: 0.0000
Metrics/motion/motion_sampling_prob_mean: 0.1111
Metrics/motion/motion_sampling_prob_std: 0.0000
Metrics/motion/motion_sampling_prob_min: 0.1111
Metrics/motion/motion_sampling_prob_max: 0.1111
Metrics/motion/motion_sampling_prob_entropy: 1.0000
Metrics/motion/hitter_strike_racket_pos_error: 0.3565
Metrics/motion/hitter_strike_racket_vel_error: 1.6019
Metrics/motion/hitter_strike_racket_ori_error: 0.3577
      Episode_Termination/time_out: 0.0000
    Episode_Termination/anchor_pos: 367.0417
    Episode_Termination/anchor_ori: 0.0000
--------------------------------------------------------------------------------
                   Total timesteps: 4608000
                    Iteration time: 3.07s
                      Time elapsed: 00:00:38
                               ETA: 08:12:25

################################################################################
                     [1m Learning iteration 12/200000 [0m                     

                       Computation: 125890 steps/s (collection: 2.752s, learning 0.298s)
             Mean action noise std: 0.92
          Mean value_function loss: 0.2688
               Mean surrogate loss: -0.0052
                 Mean entropy loss: 38.7944
               Mean approx_kl loss: 0.0133
           Mean clip_fraction loss: 0.1964
              Mean ratio_mean loss: 1.0001
          Mean advantage_mean loss: 0.0000
           Mean advantage_std loss: 1.0000
      Mean explained_variance loss: 0.8478
                       Mean reward: -6.17
               Mean episode length: 42.63
Episode_Reward/motion_global_anchor_pos: 0.0250
Episode_Reward/motion_global_anchor_ori: 0.0194
    Episode_Reward/motion_body_pos: 0.0393
    Episode_Reward/motion_body_ori: 0.0073
Episode_Reward/motion_body_lin_vel: 0.0381
Episode_Reward/motion_body_ang_vel: 0.0093
Episode_Reward/motion_anchor_lin_vel: 0.0465
           Episode_Reward/base_pos: 0.0903
         Episode_Reward/racket_pos: 0.0005
         Episode_Reward/racket_vel: 0.0023
         Episode_Reward/racket_ori: 0.0186
Episode_Reward/torso_forward_lean_l2: -0.0435
 Episode_Reward/base_ang_vel_xy_l2: -0.3594
 Episode_Reward/undesired_contacts: -0.0008
Episode_Reward/hitter_foot_slip_l2: -0.0975
Episode_Reward/hitter_hit_unstable_support: -0.0401
Episode_Reward/hitter_foot_edge_drag: -0.0197
    Episode_Reward/hip_yaw_default: 0.1034
     Episode_Reward/action_rate_l2: -0.4283
        Episode_Reward/joint_limit: -0.0195
          Episode_Reward/joint_acc: -0.0149
       Episode_Reward/joint_torque: -0.0035
   Metrics/motion/error_anchor_pos: 0.6631
   Metrics/motion/error_anchor_rot: 0.9477
Metrics/motion/error_anchor_lin_vel: 2.0222
Metrics/motion/error_anchor_ang_vel: 3.8533
     Metrics/motion/error_body_pos: 0.5082
     Metrics/motion/error_body_rot: 1.2498
 Metrics/motion/error_body_lin_vel: 2.4423
 Metrics/motion/error_body_ang_vel: 5.4361
    Metrics/motion/error_joint_pos: 2.0182
    Metrics/motion/error_joint_vel: 18.5411
   Metrics/motion/sampling_entropy: 0.0000
 Metrics/motion/sampling_top1_prob: 0.0000
  Metrics/motion/sampling_top1_bin: 0.0000
Metrics/motion/motion_sampling_prob_mean: 0.1111
Metrics/motion/motion_sampling_prob_std: 0.0000
Metrics/motion/motion_sampling_prob_min: 0.1111
Metrics/motion/motion_sampling_prob_max: 0.1111
Metrics/motion/motion_sampling_prob_entropy: 1.0000
Metrics/motion/hitter_strike_racket_pos_error: 0.3484
Metrics/motion/hitter_strike_racket_vel_error: 1.5752
Metrics/motion/hitter_strike_racket_ori_error: 0.3494
      Episode_Termination/time_out: 0.0000
    Episode_Termination/anchor_pos: 362.5417
    Episode_Termination/anchor_ori: 0.0000
--------------------------------------------------------------------------------
                   Total timesteps: 4992000
                    Iteration time: 3.05s
                      Time elapsed: 00:00:41
                               ETA: 07:41:10

################################################################################
                     [1m Learning iteration 13/200000 [0m                     

                       Computation: 126706 steps/s (collection: 2.735s, learning 0.296s)
             Mean action noise std: 0.91
          Mean value_function loss: 0.2112
               Mean surrogate loss: -0.0088
                 Mean entropy loss: 38.5066
               Mean approx_kl loss: 0.0129
           Mean clip_fraction loss: 0.1846
              Mean ratio_mean loss: 1.0000
          Mean advantage_mean loss: -0.0000
           Mean advantage_std loss: 1.0000
      Mean explained_variance loss: 0.8845
                       Mean reward: -5.88
               Mean episode length: 43.49
Episode_Reward/motion_global_anchor_pos: 0.0250
Episode_Reward/motion_global_anchor_ori: 0.0195
    Episode_Reward/motion_body_pos: 0.0393
    Episode_Reward/motion_body_ori: 0.0073
Episode_Reward/motion_body_lin_vel: 0.0385
Episode_Reward/motion_body_ang_vel: 0.0095
Episode_Reward/motion_anchor_lin_vel: 0.0465
           Episode_Reward/base_pos: 0.0898
         Episode_Reward/racket_pos: 0.0004
         Episode_Reward/racket_vel: 0.0026
         Episode_Reward/racket_ori: 0.0190
Episode_Reward/torso_forward_lean_l2: -0.0433
 Episode_Reward/base_ang_vel_xy_l2: -0.3423
 Episode_Reward/undesired_contacts: -0.0008
Episode_Reward/hitter_foot_slip_l2: -0.0969
Episode_Reward/hitter_hit_unstable_support: -0.0388
Episode_Reward/hitter_foot_edge_drag: -0.0196
    Episode_Reward/hip_yaw_default: 0.1058
     Episode_Reward/action_rate_l2: -0.4203
        Episode_Reward/joint_limit: -0.0197
          Episode_Reward/joint_acc: -0.0146
       Episode_Reward/joint_torque: -0.0034
   Metrics/motion/error_anchor_pos: 0.6629
   Metrics/motion/error_anchor_rot: 0.9208
Metrics/motion/error_anchor_lin_vel: 2.0236
Metrics/motion/error_anchor_ang_vel: 3.7637
     Metrics/motion/error_body_pos: 0.5051
     Metrics/motion/error_body_rot: 1.2143
 Metrics/motion/error_body_lin_vel: 2.4312
 Metrics/motion/error_body_ang_vel: 5.3659
    Metrics/motion/error_joint_pos: 2.0316
    Metrics/motion/error_joint_vel: 18.4929
   Metrics/motion/sampling_entropy: 0.0000
 Metrics/motion/sampling_top1_prob: 0.0000
  Metrics/motion/sampling_top1_bin: 0.0000
Metrics/motion/motion_sampling_prob_mean: 0.1111
Metrics/motion/motion_sampling_prob_std: 0.0000
Metrics/motion/motion_sampling_prob_min: 0.1111
Metrics/motion/motion_sampling_prob_max: 0.1111
Metrics/motion/motion_sampling_prob_entropy: 1.0000
Metrics/motion/hitter_strike_racket_pos_error: 0.3422
Metrics/motion/hitter_strike_racket_vel_error: 1.5537
Metrics/motion/hitter_strike_racket_ori_error: 0.3401
      Episode_Termination/time_out: 0.0000
    Episode_Termination/anchor_pos: 365.3333
    Episode_Termination/anchor_ori: 0.0000
--------------------------------------------------------------------------------
                   Total timesteps: 5376000
                    Iteration time: 3.03s
                      Time elapsed: 00:00:44
                               ETA: 07:09:43

################################################################################
                     [1m Learning iteration 14/200000 [0m                     

                       Computation: 126150 steps/s (collection: 2.746s, learning 0.298s)
             Mean action noise std: 0.91
          Mean value_function loss: 0.1733
               Mean surrogate loss: -0.0103
                 Mean entropy loss: 38.1647
               Mean approx_kl loss: 0.0135
           Mean clip_fraction loss: 0.2026
              Mean ratio_mean loss: 1.0000
          Mean advantage_mean loss: -0.0000
           Mean advantage_std loss: 1.0000
      Mean explained_variance loss: 0.9053
                       Mean reward: -5.83
               Mean episode length: 45.00
Episode_Reward/motion_global_anchor_pos: 0.0249
Episode_Reward/motion_global_anchor_ori: 0.0198
    Episode_Reward/motion_body_pos: 0.0394
    Episode_Reward/motion_body_ori: 0.0074
Episode_Reward/motion_body_lin_vel: 0.0386
Episode_Reward/motion_body_ang_vel: 0.0097
Episode_Reward/motion_anchor_lin_vel: 0.0461
           Episode_Reward/base_pos: 0.0901
         Episode_Reward/racket_pos: 0.0003
         Episode_Reward/racket_vel: 0.0025
         Episode_Reward/racket_ori: 0.0185
Episode_Reward/torso_forward_lean_l2: -0.0400
 Episode_Reward/base_ang_vel_xy_l2: -0.3229
 Episode_Reward/undesired_contacts: -0.0007
Episode_Reward/hitter_foot_slip_l2: -0.0953
Episode_Reward/hitter_hit_unstable_support: -0.0371
Episode_Reward/hitter_foot_edge_drag: -0.0192
    Episode_Reward/hip_yaw_default: 0.1081
     Episode_Reward/action_rate_l2: -0.4089
        Episode_Reward/joint_limit: -0.0200
          Episode_Reward/joint_acc: -0.0144
       Episode_Reward/joint_torque: -0.0033
   Metrics/motion/error_anchor_pos: 0.6615
   Metrics/motion/error_anchor_rot: 0.8976
Metrics/motion/error_anchor_lin_vel: 2.0171
Metrics/motion/error_anchor_ang_vel: 3.6946
     Metrics/motion/error_body_pos: 0.5010
     Metrics/motion/error_body_rot: 1.1902
 Metrics/motion/error_body_lin_vel: 2.4216
 Metrics/motion/error_body_ang_vel: 5.3419
    Metrics/motion/error_joint_pos: 2.0388
    Metrics/motion/error_joint_vel: 18.2690
   Metrics/motion/sampling_entropy: 0.0000
 Metrics/motion/sampling_top1_prob: 0.0000
  Metrics/motion/sampling_top1_bin: 0.0000
Metrics/motion/motion_sampling_prob_mean: 0.1111
Metrics/motion/motion_sampling_prob_std: 0.0000
Metrics/motion/motion_sampling_prob_min: 0.1111
Metrics/motion/motion_sampling_prob_max: 0.1111
Metrics/motion/motion_sampling_prob_entropy: 1.0000
Metrics/motion/hitter_strike_racket_pos_error: 0.3380
Metrics/motion/hitter_strike_racket_vel_error: 1.5132
Metrics/motion/hitter_strike_racket_ori_error: 0.3383
      Episode_Termination/time_out: 0.0000
    Episode_Termination/anchor_pos: 368.5833
    Episode_Termination/anchor_ori: 0.0417
--------------------------------------------------------------------------------
                   Total timesteps: 5760000
                    Iteration time: 3.04s
                      Time elapsed: 00:00:47
                               ETA: 06:45:25

################################################################################
                     [1m Learning iteration 15/200000 [0m                     

                       Computation: 126117 steps/s (collection: 2.748s, learning 0.297s)
             Mean action noise std: 0.90
          Mean value_function loss: 0.1785
               Mean surrogate loss: -0.0106
                 Mean entropy loss: 37.9204
               Mean approx_kl loss: 0.0154
           Mean clip_fraction loss: 0.2296
              Mean ratio_mean loss: 0.9999
          Mean advantage_mean loss: -0.0000
           Mean advantage_std loss: 1.0000
      Mean explained_variance loss: 0.9081
                       Mean reward: -4.98
               Mean episode length: 41.26
Episode_Reward/motion_global_anchor_pos: 0.0249
Episode_Reward/motion_global_anchor_ori: 0.0201
    Episode_Reward/motion_body_pos: 0.0395
    Episode_Reward/motion_body_ori: 0.0074
Episode_Reward/motion_body_lin_vel: 0.0388
Episode_Reward/motion_body_ang_vel: 0.0100
Episode_Reward/motion_anchor_lin_vel: 0.0460
           Episode_Reward/base_pos: 0.0892
         Episode_Reward/racket_pos: 0.0004
         Episode_Reward/racket_vel: 0.0023
         Episode_Reward/racket_ori: 0.0191
Episode_Reward/torso_forward_lean_l2: -0.0384
 Episode_Reward/base_ang_vel_xy_l2: -0.3085
 Episode_Reward/undesired_contacts: -0.0008
Episode_Reward/hitter_foot_slip_l2: -0.0943
Episode_Reward/hitter_hit_unstable_support: -0.0363
Episode_Reward/hitter_foot_edge_drag: -0.0189
    Episode_Reward/hip_yaw_default: 0.1105
     Episode_Reward/action_rate_l2: -0.4004
        Episode_Reward/joint_limit: -0.0199
          Episode_Reward/joint_acc: -0.0140
       Episode_Reward/joint_torque: -0.0032
   Metrics/motion/error_anchor_pos: 0.6615
   Metrics/motion/error_anchor_rot: 0.8660
Metrics/motion/error_anchor_lin_vel: 2.0151
Metrics/motion/error_anchor_ang_vel: 3.6151
     Metrics/motion/error_body_pos: 0.4984
     Metrics/motion/error_body_rot: 1.1684
 Metrics/motion/error_body_lin_vel: 2.4133
 Metrics/motion/error_body_ang_vel: 5.3067
    Metrics/motion/error_joint_pos: 2.0540
    Metrics/motion/error_joint_vel: 18.2213
   Metrics/motion/sampling_entropy: 0.0000
 Metrics/motion/sampling_top1_prob: 0.0000
  Metrics/motion/sampling_top1_bin: 0.0000
Metrics/motion/motion_sampling_prob_mean: 0.1111
Metrics/motion/motion_sampling_prob_std: 0.0000
Metrics/motion/motion_sampling_prob_min: 0.1111
Metrics/motion/motion_sampling_prob_max: 0.1111
Metrics/motion/motion_sampling_prob_entropy: 1.0000
Metrics/motion/hitter_strike_racket_pos_error: 0.3372
Metrics/motion/hitter_strike_racket_vel_error: 1.5279
Metrics/motion/hitter_strike_racket_ori_error: 0.3368
      Episode_Termination/time_out: 0.0000
    Episode_Termination/anchor_pos: 372.7917
    Episode_Termination/anchor_ori: 0.0417
--------------------------------------------------------------------------------
                   Total timesteps: 6144000
                    Iteration time: 3.04s
                      Time elapsed: 00:00:50
                               ETA: 06:24:18

################################################################################
                     [1m Learning iteration 16/200000 [0m                     

                       Computation: 123662 steps/s (collection: 2.802s, learning 0.304s)
             Mean action noise std: 0.89
          Mean value_function loss: 0.1447
               Mean surrogate loss: -0.0126
                 Mean entropy loss: 37.6787
               Mean approx_kl loss: 0.0126
           Mean clip_fraction loss: 0.1905
              Mean ratio_mean loss: 1.0000
          Mean advantage_mean loss: 0.0000
           Mean advantage_std loss: 1.0000
      Mean explained_variance loss: 0.9228
                       Mean reward: -4.75
               Mean episode length: 40.42
Episode_Reward/motion_global_anchor_pos: 0.0246
Episode_Reward/motion_global_anchor_ori: 0.0205
    Episode_Reward/motion_body_pos: 0.0394
    Episode_Reward/motion_body_ori: 0.0075
Episode_Reward/motion_body_lin_vel: 0.0386
Episode_Reward/motion_body_ang_vel: 0.0101
Episode_Reward/motion_anchor_lin_vel: 0.0453
           Episode_Reward/base_pos: 0.0891
         Episode_Reward/racket_pos: 0.0005
         Episode_Reward/racket_vel: 0.0026
         Episode_Reward/racket_ori: 0.0193
Episode_Reward/torso_forward_lean_l2: -0.0356
 Episode_Reward/base_ang_vel_xy_l2: -0.2914
 Episode_Reward/undesired_contacts: -0.0008
Episode_Reward/hitter_foot_slip_l2: -0.0929
Episode_Reward/hitter_hit_unstable_support: -0.0348
Episode_Reward/hitter_foot_edge_drag: -0.0186
    Episode_Reward/hip_yaw_default: 0.1108
     Episode_Reward/action_rate_l2: -0.3901
        Episode_Reward/joint_limit: -0.0199
          Episode_Reward/joint_acc: -0.0137
       Episode_Reward/joint_torque: -0.0032
   Metrics/motion/error_anchor_pos: 0.6612
   Metrics/motion/error_anchor_rot: 0.8353
Metrics/motion/error_anchor_lin_vel: 2.0156
Metrics/motion/error_anchor_ang_vel: 3.5009
     Metrics/motion/error_body_pos: 0.4953
     Metrics/motion/error_body_rot: 1.1466
 Metrics/motion/error_body_lin_vel: 2.4037
 Metrics/motion/error_body_ang_vel: 5.2585
    Metrics/motion/error_joint_pos: 2.0650
    Metrics/motion/error_joint_vel: 18.1254
   Metrics/motion/sampling_entropy: 0.0000
 Metrics/motion/sampling_top1_prob: 0.0000
  Metrics/motion/sampling_top1_bin: 0.0000
Metrics/motion/motion_sampling_prob_mean: 0.1111
Metrics/motion/motion_sampling_prob_std: 0.0000
Metrics/motion/motion_sampling_prob_min: 0.1111
Metrics/motion/motion_sampling_prob_max: 0.1111
Metrics/motion/motion_sampling_prob_entropy: 1.0000
Metrics/motion/hitter_strike_racket_pos_error: 0.3254
Metrics/motion/hitter_strike_racket_vel_error: 1.4643
Metrics/motion/hitter_strike_racket_ori_error: 0.3215
      Episode_Termination/time_out: 0.0000
    Episode_Termination/anchor_pos: 368.2500
    Episode_Termination/anchor_ori: 0.0417
--------------------------------------------------------------------------------
                   Total timesteps: 6528000
                    Iteration time: 3.11s
                      Time elapsed: 00:00:53
                               ETA: 06:17:32

################################################################################
                     [1m Learning iteration 17/200000 [0m                     

                       Computation: 130991 steps/s (collection: 2.667s, learning 0.264s)
             Mean action noise std: 0.88
          Mean value_function loss: 0.1392
               Mean surrogate loss: -0.0106
                 Mean entropy loss: 37.4553
               Mean approx_kl loss: 0.0133
           Mean clip_fraction loss: 0.1893
              Mean ratio_mean loss: 1.0001
          Mean advantage_mean loss: -0.0000
           Mean advantage_std loss: 1.0000
      Mean explained_variance loss: 0.9287
                       Mean reward: -4.28
               Mean episode length: 41.32
Episode_Reward/motion_global_anchor_pos: 0.0245
Episode_Reward/motion_global_anchor_ori: 0.0205
    Episode_Reward/motion_body_pos: 0.0395
    Episode_Reward/motion_body_ori: 0.0076
Episode_Reward/motion_body_lin_vel: 0.0387
Episode_Reward/motion_body_ang_vel: 0.0103
Episode_Reward/motion_anchor_lin_vel: 0.0450
           Episode_Reward/base_pos: 0.0896
         Episode_Reward/racket_pos: 0.0004
         Episode_Reward/racket_vel: 0.0025
         Episode_Reward/racket_ori: 0.0195
Episode_Reward/torso_forward_lean_l2: -0.0336
 Episode_Reward/base_ang_vel_xy_l2: -0.2755
 Episode_Reward/undesired_contacts: -0.0008
Episode_Reward/hitter_foot_slip_l2: -0.0921
Episode_Reward/hitter_hit_unstable_support: -0.0335
Episode_Reward/hitter_foot_edge_drag: -0.0183
    Episode_Reward/hip_yaw_default: 0.1129
     Episode_Reward/action_rate_l2: -0.3814
        Episode_Reward/joint_limit: -0.0201
          Episode_Reward/joint_acc: -0.0135
       Episode_Reward/joint_torque: -0.0031
   Metrics/motion/error_anchor_pos: 0.6625
   Metrics/motion/error_anchor_rot: 0.8167
Metrics/motion/error_anchor_lin_vel: 2.0201
Metrics/motion/error_anchor_ang_vel: 3.4175
     Metrics/motion/error_body_pos: 0.4924
     Metrics/motion/error_body_rot: 1.1291
 Metrics/motion/error_body_lin_vel: 2.3938
 Metrics/motion/error_body_ang_vel: 5.2150
    Metrics/motion/error_joint_pos: 2.0728
    Metrics/motion/error_joint_vel: 17.9764
   Metrics/motion/sampling_entropy: 0.0000
 Metrics/motion/sampling_top1_prob: 0.0000
  Metrics/motion/sampling_top1_bin: 0.0000
Metrics/motion/motion_sampling_prob_mean: 0.1111
Metrics/motion/motion_sampling_prob_std: 0.0000
Metrics/motion/motion_sampling_prob_min: 0.1111
Metrics/motion/motion_sampling_prob_max: 0.1111
Metrics/motion/motion_sampling_prob_entropy: 1.0000
Metrics/motion/hitter_strike_racket_pos_error: 0.3157
Metrics/motion/hitter_strike_racket_vel_error: 1.4122
Metrics/motion/hitter_strike_racket_ori_error: 0.3052
      Episode_Termination/time_out: 0.0000
    Episode_Termination/anchor_pos: 371.5000
    Episode_Termination/anchor_ori: 0.0000
--------------------------------------------------------------------------------
                   Total timesteps: 6912000
                    Iteration time: 2.93s
                      Time elapsed: 00:00:56
                               ETA: 05:39:20

################################################################################
                     [1m Learning iteration 18/200000 [0m                     

                       Computation: 138345 steps/s (collection: 2.510s, learning 0.265s)
             Mean action noise std: 0.87
          Mean value_function loss: 0.1423
               Mean surrogate loss: -0.0118
                 Mean entropy loss: 37.0450
               Mean approx_kl loss: 0.0130
           Mean clip_fraction loss: 0.2032
              Mean ratio_mean loss: 1.0003
          Mean advantage_mean loss: -0.0000
           Mean advantage_std loss: 1.0000
      Mean explained_variance loss: 0.9297
                       Mean reward: -4.19
               Mean episode length: 43.22
Episode_Reward/motion_global_anchor_pos: 0.0246
Episode_Reward/motion_global_anchor_ori: 0.0206
    Episode_Reward/motion_body_pos: 0.0398
    Episode_Reward/motion_body_ori: 0.0076
Episode_Reward/motion_body_lin_vel: 0.0391
Episode_Reward/motion_body_ang_vel: 0.0107
Episode_Reward/motion_anchor_lin_vel: 0.0449
           Episode_Reward/base_pos: 0.0901
         Episode_Reward/racket_pos: 0.0005
         Episode_Reward/racket_vel: 0.0025
         Episode_Reward/racket_ori: 0.0203
Episode_Reward/torso_forward_lean_l2: -0.0309
 Episode_Reward/base_ang_vel_xy_l2: -0.2612
 Episode_Reward/undesired_contacts: -0.0008
Episode_Reward/hitter_foot_slip_l2: -0.0901
Episode_Reward/hitter_hit_unstable_support: -0.0327
Episode_Reward/hitter_foot_edge_drag: -0.0181
    Episode_Reward/hip_yaw_default: 0.1150
     Episode_Reward/action_rate_l2: -0.3724
        Episode_Reward/joint_limit: -0.0197
          Episode_Reward/joint_acc: -0.0133
       Episode_Reward/joint_torque: -0.0030
   Metrics/motion/error_anchor_pos: 0.6602
   Metrics/motion/error_anchor_rot: 0.7882
Metrics/motion/error_anchor_lin_vel: 2.0320
Metrics/motion/error_anchor_ang_vel: 3.2950
     Metrics/motion/error_body_pos: 0.4896
     Metrics/motion/error_body_rot: 1.1147
 Metrics/motion/error_body_lin_vel: 2.3904
 Metrics/motion/error_body_ang_vel: 5.1104
    Metrics/motion/error_joint_pos: 2.0838
    Metrics/motion/error_joint_vel: 17.8029
   Metrics/motion/sampling_entropy: 0.0000
 Metrics/motion/sampling_top1_prob: 0.0000
  Metrics/motion/sampling_top1_bin: 0.0000
Metrics/motion/motion_sampling_prob_mean: 0.1111
Metrics/motion/motion_sampling_prob_std: 0.0000
Metrics/motion/motion_sampling_prob_min: 0.1111
Metrics/motion/motion_sampling_prob_max: 0.1111
Metrics/motion/motion_sampling_prob_entropy: 1.0000
Metrics/motion/hitter_strike_racket_pos_error: 0.3180
Metrics/motion/hitter_strike_racket_vel_error: 1.4316
Metrics/motion/hitter_strike_racket_ori_error: 0.3047
      Episode_Termination/time_out: 0.0000
    Episode_Termination/anchor_pos: 379.2083
    Episode_Termination/anchor_ori: 0.0000
--------------------------------------------------------------------------------
                   Total timesteps: 7296000
                    Iteration time: 2.78s
                      Time elapsed: 00:00:59
                               ETA: 04:37:48

################################################################################
                     [1m Learning iteration 19/200000 [0m                     

                       Computation: 135290 steps/s (collection: 2.556s, learning 0.282s)
             Mean action noise std: 0.86
          Mean value_function loss: 0.2018
               Mean surrogate loss: -0.0091
                 Mean entropy loss: 36.8114
               Mean approx_kl loss: 0.0149
           Mean clip_fraction loss: 0.2277
              Mean ratio_mean loss: 1.0002
          Mean advantage_mean loss: 0.0000
           Mean advantage_std loss: 1.0000
      Mean explained_variance loss: 0.9014
                       Mean reward: -4.15
               Mean episode length: 43.65
Episode_Reward/motion_global_anchor_pos: 0.0243
Episode_Reward/motion_global_anchor_ori: 0.0212
    Episode_Reward/motion_body_pos: 0.0397
    Episode_Reward/motion_body_ori: 0.0076
Episode_Reward/motion_body_lin_vel: 0.0388
Episode_Reward/motion_body_ang_vel: 0.0108
Episode_Reward/motion_anchor_lin_vel: 0.0440
           Episode_Reward/base_pos: 0.0901
         Episode_Reward/racket_pos: 0.0004
         Episode_Reward/racket_vel: 0.0026
         Episode_Reward/racket_ori: 0.0198
Episode_Reward/torso_forward_lean_l2: -0.0275
 Episode_Reward/base_ang_vel_xy_l2: -0.2446
 Episode_Reward/undesired_contacts: -0.0008
Episode_Reward/hitter_foot_slip_l2: -0.0879
Episode_Reward/hitter_hit_unstable_support: -0.0316
Episode_Reward/hitter_foot_edge_drag: -0.0175
    Episode_Reward/hip_yaw_default: 0.1161
     Episode_Reward/action_rate_l2: -0.3596
        Episode_Reward/joint_limit: -0.0197
          Episode_Reward/joint_acc: -0.0129
       Episode_Reward/joint_torque: -0.0029
   Metrics/motion/error_anchor_pos: 0.6567
   Metrics/motion/error_anchor_rot: 0.7423
Metrics/motion/error_anchor_lin_vel: 2.0318
Metrics/motion/error_anchor_ang_vel: 3.2283
     Metrics/motion/error_body_pos: 0.4863
     Metrics/motion/error_body_rot: 1.0920
 Metrics/motion/error_body_lin_vel: 2.3816
 Metrics/motion/error_body_ang_vel: 5.0786
    Metrics/motion/error_joint_pos: 2.1020
    Metrics/motion/error_joint_vel: 17.7064
   Metrics/motion/sampling_entropy: 0.0000
 Metrics/motion/sampling_top1_prob: 0.0000
  Metrics/motion/sampling_top1_bin: 0.0000
Metrics/motion/motion_sampling_prob_mean: 0.1111
Metrics/motion/motion_sampling_prob_std: 0.0000
Metrics/motion/motion_sampling_prob_min: 0.1111
Metrics/motion/motion_sampling_prob_max: 0.1111
Metrics/motion/motion_sampling_prob_entropy: 1.0000
Metrics/motion/hitter_strike_racket_pos_error: 0.3038
Metrics/motion/hitter_strike_racket_vel_error: 1.3633
Metrics/motion/hitter_strike_racket_ori_error: 0.2915
      Episode_Termination/time_out: 0.0000
    Episode_Termination/anchor_pos: 380.1250
    Episode_Termination/anchor_ori: 0.0000
--------------------------------------------------------------------------------
                   Total timesteps: 7680000
                    Iteration time: 2.84s
                      Time elapsed: 00:01:01
                               ETA: 03:52:53

################################################################################
                     [1m Learning iteration 20/200000 [0m                     

                       Computation: 137004 steps/s (collection: 2.532s, learning 0.271s)
             Mean action noise std: 0.85
          Mean value_function loss: 0.1547
               Mean surrogate loss: -0.0098
                 Mean entropy loss: 36.5467
               Mean approx_kl loss: 0.0125
           Mean clip_fraction loss: 0.1792
              Mean ratio_mean loss: 0.9998
          Mean advantage_mean loss: -0.0000
           Mean advantage_std loss: 1.0000
      Mean explained_variance loss: 0.9095
                       Mean reward: -3.40
               Mean episode length: 41.70
Episode_Reward/motion_global_anchor_pos: 0.0240
Episode_Reward/motion_global_anchor_ori: 0.0212
    Episode_Reward/motion_body_pos: 0.0394
    Episode_Reward/motion_body_ori: 0.0076
Episode_Reward/motion_body_lin_vel: 0.0383
Episode_Reward/motion_body_ang_vel: 0.0110
Episode_Reward/motion_anchor_lin_vel: 0.0432
           Episode_Reward/base_pos: 0.0881
         Episode_Reward/racket_pos: 0.0004
         Episode_Reward/racket_vel: 0.0023
         Episode_Reward/racket_ori: 0.0205
Episode_Reward/torso_forward_lean_l2: -0.0255
 Episode_Reward/base_ang_vel_xy_l2: -0.2309
 Episode_Reward/undesired_contacts: -0.0008
Episode_Reward/hitter_foot_slip_l2: -0.0861
Episode_Reward/hitter_hit_unstable_support: -0.0300
Episode_Reward/hitter_foot_edge_drag: -0.0172
    Episode_Reward/hip_yaw_default: 0.1165
     Episode_Reward/action_rate_l2: -0.3478
        Episode_Reward/joint_limit: -0.0195
          Episode_Reward/joint_acc: -0.0125
       Episode_Reward/joint_torque: -0.0028
   Metrics/motion/error_anchor_pos: 0.6557
   Metrics/motion/error_anchor_rot: 0.7176
Metrics/motion/error_anchor_lin_vel: 2.0268
Metrics/motion/error_anchor_ang_vel: 3.1661
     Metrics/motion/error_body_pos: 0.4836
     Metrics/motion/error_body_rot: 1.0682
 Metrics/motion/error_body_lin_vel: 2.3705
 Metrics/motion/error_body_ang_vel: 5.0195
    Metrics/motion/error_joint_pos: 2.1192
    Metrics/motion/error_joint_vel: 17.5569
   Metrics/motion/sampling_entropy: 0.0000
 Metrics/motion/sampling_top1_prob: 0.0000
  Metrics/motion/sampling_top1_bin: 0.0000
Metrics/motion/motion_sampling_prob_mean: 0.1111
Metrics/motion/motion_sampling_prob_std: 0.0000
Metrics/motion/motion_sampling_prob_min: 0.1111
Metrics/motion/motion_sampling_prob_max: 0.1111
Metrics/motion/motion_sampling_prob_entropy: 1.0000
Metrics/motion/hitter_strike_racket_pos_error: 0.2981
Metrics/motion/hitter_strike_racket_vel_error: 1.3246
Metrics/motion/hitter_strike_racket_ori_error: 0.2699
      Episode_Termination/time_out: 0.0000
    Episode_Termination/anchor_pos: 382.0833
    Episode_Termination/anchor_ori: 0.0000
--------------------------------------------------------------------------------
                   Total timesteps: 8064000
                    Iteration time: 2.80s
                      Time elapsed: 00:01:04
                               ETA: 03:06:35

################################################################################
                     [1m Learning iteration 21/200000 [0m                     

                       Computation: 136816 steps/s (collection: 2.544s, learning 0.263s)
             Mean action noise std: 0.85
          Mean value_function loss: 0.1292
               Mean surrogate loss: -0.0106
                 Mean entropy loss: 36.1862
               Mean approx_kl loss: 0.0121
           Mean clip_fraction loss: 0.1740
              Mean ratio_mean loss: 0.9997
          Mean advantage_mean loss: -0.0000
           Mean advantage_std loss: 1.0000
      Mean explained_variance loss: 0.9149
                       Mean reward: -3.38
               Mean episode length: 42.16
Episode_Reward/motion_global_anchor_pos: 0.0240
Episode_Reward/motion_global_anchor_ori: 0.0215
    Episode_Reward/motion_body_pos: 0.0395
    Episode_Reward/motion_body_ori: 0.0076
Episode_Reward/motion_body_lin_vel: 0.0385
Episode_Reward/motion_body_ang_vel: 0.0112
Episode_Reward/motion_anchor_lin_vel: 0.0430
           Episode_Reward/base_pos: 0.0889
         Episode_Reward/racket_pos: 0.0004
         Episode_Reward/racket_vel: 0.0024
         Episode_Reward/racket_ori: 0.0205
Episode_Reward/torso_forward_lean_l2: -0.0240
 Episode_Reward/base_ang_vel_xy_l2: -0.2206
 Episode_Reward/undesired_contacts: -0.0008
Episode_Reward/hitter_foot_slip_l2: -0.0848
Episode_Reward/hitter_hit_unstable_support: -0.0290
Episode_Reward/hitter_foot_edge_drag: -0.0169
    Episode_Reward/hip_yaw_default: 0.1186
     Episode_Reward/action_rate_l2: -0.3394
        Episode_Reward/joint_limit: -0.0194
          Episode_Reward/joint_acc: -0.0123
       Episode_Reward/joint_torque: -0.0027
   Metrics/motion/error_anchor_pos: 0.6545
   Metrics/motion/error_anchor_rot: 0.6881
Metrics/motion/error_anchor_lin_vel: 2.0308
Metrics/motion/error_anchor_ang_vel: 3.0765
     Metrics/motion/error_body_pos: 0.4822
     Metrics/motion/error_body_rot: 1.0572
 Metrics/motion/error_body_lin_vel: 2.3635
 Metrics/motion/error_body_ang_vel: 4.9945
    Metrics/motion/error_joint_pos: 2.1340
    Metrics/motion/error_joint_vel: 17.4554
   Metrics/motion/sampling_entropy: 0.0000
 Metrics/motion/sampling_top1_prob: 0.0000
  Metrics/motion/sampling_top1_bin: 0.0000
Metrics/motion/motion_sampling_prob_mean: 0.1111
Metrics/motion/motion_sampling_prob_std: 0.0000
Metrics/motion/motion_sampling_prob_min: 0.1111
Metrics/motion/motion_sampling_prob_max: 0.1111
Metrics/motion/motion_sampling_prob_entropy: 1.0000
Metrics/motion/hitter_strike_racket_pos_error: 0.2921
Metrics/motion/hitter_strike_racket_vel_error: 1.3264
Metrics/motion/hitter_strike_racket_ori_error: 0.2722
      Episode_Termination/time_out: 0.0000
    Episode_Termination/anchor_pos: 381.0000
    Episode_Termination/anchor_ori: 0.0000
--------------------------------------------------------------------------------
                   Total timesteps: 8448000
                    Iteration time: 2.81s
                      Time elapsed: 00:01:07
                               ETA: 02:25:05

################################################################################
                     [1m Learning iteration 22/200000 [0m                     

                       Computation: 139133 steps/s (collection: 2.494s, learning 0.266s)
             Mean action noise std: 0.84
          Mean value_function loss: 0.1207
               Mean surrogate loss: -0.0097
                 Mean entropy loss: 35.8316
               Mean approx_kl loss: 0.0135
           Mean clip_fraction loss: 0.1996
              Mean ratio_mean loss: 0.9999
          Mean advantage_mean loss: -0.0000
           Mean advantage_std loss: 1.0000
      Mean explained_variance loss: 0.9118
                       Mean reward: -2.91
               Mean episode length: 41.74
Episode_Reward/motion_global_anchor_pos: 0.0238
Episode_Reward/motion_global_anchor_ori: 0.0217
    Episode_Reward/motion_body_pos: 0.0394
    Episode_Reward/motion_body_ori: 0.0076
Episode_Reward/motion_body_lin_vel: 0.0382
Episode_Reward/motion_body_ang_vel: 0.0115
Episode_Reward/motion_anchor_lin_vel: 0.0423
           Episode_Reward/base_pos: 0.0897
         Episode_Reward/racket_pos: 0.0003
         Episode_Reward/racket_vel: 0.0022
         Episode_Reward/racket_ori: 0.0211
Episode_Reward/torso_forward_lean_l2: -0.0216
 Episode_Reward/base_ang_vel_xy_l2: -0.2084
 Episode_Reward/undesired_contacts: -0.0008
Episode_Reward/hitter_foot_slip_l2: -0.0829
Episode_Reward/hitter_hit_unstable_support: -0.0281
Episode_Reward/hitter_foot_edge_drag: -0.0165
    Episode_Reward/hip_yaw_default: 0.1193
     Episode_Reward/action_rate_l2: -0.3282
        Episode_Reward/joint_limit: -0.0195
          Episode_Reward/joint_acc: -0.0120
       Episode_Reward/joint_torque: -0.0026
   Metrics/motion/error_anchor_pos: 0.6530
   Metrics/motion/error_anchor_rot: 0.6617
Metrics/motion/error_anchor_lin_vel: 2.0411
Metrics/motion/error_anchor_ang_vel: 2.9799
     Metrics/motion/error_body_pos: 0.4804
     Metrics/motion/error_body_rot: 1.0408
 Metrics/motion/error_body_lin_vel: 2.3504
 Metrics/motion/error_body_ang_vel: 4.9097
    Metrics/motion/error_joint_pos: 2.1489
    Metrics/motion/error_joint_vel: 17.2859
   Metrics/motion/sampling_entropy: 0.0000
 Metrics/motion/sampling_top1_prob: 0.0000
  Metrics/motion/sampling_top1_bin: 0.0000
Metrics/motion/motion_sampling_prob_mean: 0.1111
Metrics/motion/motion_sampling_prob_std: 0.0000
Metrics/motion/motion_sampling_prob_min: 0.1111
Metrics/motion/motion_sampling_prob_max: 0.1111
Metrics/motion/motion_sampling_prob_entropy: 1.0000
Metrics/motion/hitter_strike_racket_pos_error: 0.2872
Metrics/motion/hitter_strike_racket_vel_error: 1.3021
Metrics/motion/hitter_strike_racket_ori_error: 0.2600
      Episode_Termination/time_out: 0.0000
    Episode_Termination/anchor_pos: 388.5417
    Episode_Termination/anchor_ori: 0.0000
--------------------------------------------------------------------------------
                   Total timesteps: 8832000
                    Iteration time: 2.76s
                      Time elapsed: 00:01:10
                               ETA: 01:40:25

################################################################################
                     [1m Learning iteration 23/200000 [0m                     

                       Computation: 138009 steps/s (collection: 2.519s, learning 0.264s)
             Mean action noise std: 0.83
          Mean value_function loss: 0.1237
               Mean surrogate loss: -0.0098
                 Mean entropy loss: 35.5206
               Mean approx_kl loss: 0.0114
           Mean clip_fraction loss: 0.1655
              Mean ratio_mean loss: 0.9998
          Mean advantage_mean loss: -0.0000
           Mean advantage_std loss: 1.0000
      Mean explained_variance loss: 0.9042
                       Mean reward: -2.41
               Mean episode length: 40.00
Episode_Reward/motion_global_anchor_pos: 0.0237
Episode_Reward/motion_global_anchor_ori: 0.0218
    Episode_Reward/motion_body_pos: 0.0393
    Episode_Reward/motion_body_ori: 0.0077
Episode_Reward/motion_body_lin_vel: 0.0383
Episode_Reward/motion_body_ang_vel: 0.0118
Episode_Reward/motion_anchor_lin_vel: 0.0420
           Episode_Reward/base_pos: 0.0892
         Episode_Reward/racket_pos: 0.0004
         Episode_Reward/racket_vel: 0.0020
         Episode_Reward/racket_ori: 0.0215
Episode_Reward/torso_forward_lean_l2: -0.0199
 Episode_Reward/base_ang_vel_xy_l2: -0.1985
 Episode_Reward/undesired_contacts: -0.0008
Episode_Reward/hitter_foot_slip_l2: -0.0813
Episode_Reward/hitter_hit_unstable_support: -0.0262
Episode_Reward/hitter_foot_edge_drag: -0.0161
    Episode_Reward/hip_yaw_default: 0.1205
     Episode_Reward/action_rate_l2: -0.3181
        Episode_Reward/joint_limit: -0.0196
          Episode_Reward/joint_acc: -0.0116
       Episode_Reward/joint_torque: -0.0026
   Metrics/motion/error_anchor_pos: 0.6501
   Metrics/motion/error_anchor_rot: 0.6415
Metrics/motion/error_anchor_lin_vel: 2.0348
Metrics/motion/error_anchor_ang_vel: 2.9259
     Metrics/motion/error_body_pos: 0.4781
     Metrics/motion/error_body_rot: 1.0250
 Metrics/motion/error_body_lin_vel: 2.3414
 Metrics/motion/error_body_ang_vel: 4.8813
    Metrics/motion/error_joint_pos: 2.1555
    Metrics/motion/error_joint_vel: 17.0990
   Metrics/motion/sampling_entropy: 0.0000
 Metrics/motion/sampling_top1_prob: 0.0000
  Metrics/motion/sampling_top1_bin: 0.0000
Metrics/motion/motion_sampling_prob_mean: 0.1111
Metrics/motion/motion_sampling_prob_std: 0.0000
Metrics/motion/motion_sampling_prob_min: 0.1111
Metrics/motion/motion_sampling_prob_max: 0.1111
Metrics/motion/motion_sampling_prob_entropy: 1.0000
Metrics/motion/hitter_strike_racket_pos_error: 0.2671
Metrics/motion/hitter_strike_racket_vel_error: 1.2063
Metrics/motion/hitter_strike_racket_ori_error: 0.2397
      Episode_Termination/time_out: 0.0000
    Episode_Termination/anchor_pos: 389.4583
    Episode_Termination/anchor_ori: 0.0000
--------------------------------------------------------------------------------
                   Total timesteps: 9216000
                    Iteration time: 2.78s
                      Time elapsed: 00:01:13
                               ETA: 01:02:35

################################################################################
                     [1m Learning iteration 24/200000 [0m                     

                       Computation: 138469 steps/s (collection: 2.504s, learning 0.269s)
             Mean action noise std: 0.82
          Mean value_function loss: 0.1151
               Mean surrogate loss: -0.0094
                 Mean entropy loss: 35.1553
               Mean approx_kl loss: 0.0128
           Mean clip_fraction loss: 0.1841
              Mean ratio_mean loss: 0.9996
          Mean advantage_mean loss: 0.0000
           Mean advantage_std loss: 1.0000
      Mean explained_variance loss: 0.9006
                       Mean reward: -2.60
               Mean episode length: 40.46
Episode_Reward/motion_global_anchor_pos: 0.0236
Episode_Reward/motion_global_anchor_ori: 0.0219
    Episode_Reward/motion_body_pos: 0.0394
    Episode_Reward/motion_body_ori: 0.0078
Episode_Reward/motion_body_lin_vel: 0.0382
Episode_Reward/motion_body_ang_vel: 0.0122
Episode_Reward/motion_anchor_lin_vel: 0.0417
           Episode_Reward/base_pos: 0.0872
         Episode_Reward/racket_pos: 0.0003
         Episode_Reward/racket_vel: 0.0022
         Episode_Reward/racket_ori: 0.0229
Episode_Reward/torso_forward_lean_l2: -0.0186
 Episode_Reward/base_ang_vel_xy_l2: -0.1897
 Episode_Reward/undesired_contacts: -0.0008
Episode_Reward/hitter_foot_slip_l2: -0.0799
Episode_Reward/hitter_hit_unstable_support: -0.0252
Episode_Reward/hitter_foot_edge_drag: -0.0158
    Episode_Reward/hip_yaw_default: 0.1219
     Episode_Reward/action_rate_l2: -0.3089
        Episode_Reward/joint_limit: -0.0192
          Episode_Reward/joint_acc: -0.0113
       Episode_Reward/joint_torque: -0.0025
   Metrics/motion/error_anchor_pos: 0.6506
   Metrics/motion/error_anchor_rot: 0.6263
Metrics/motion/error_anchor_lin_vel: 2.0485
Metrics/motion/error_anchor_ang_vel: 2.8839
     Metrics/motion/error_body_pos: 0.4771
     Metrics/motion/error_body_rot: 1.0142
 Metrics/motion/error_body_lin_vel: 2.3400
 Metrics/motion/error_body_ang_vel: 4.8337
    Metrics/motion/error_joint_pos: 2.1579
    Metrics/motion/error_joint_vel: 17.0309
   Metrics/motion/sampling_entropy: 0.0000
 Metrics/motion/sampling_top1_prob: 0.0000
  Metrics/motion/sampling_top1_bin: 0.0000
Metrics/motion/motion_sampling_prob_mean: 0.1111
Metrics/motion/motion_sampling_prob_std: 0.0000
Metrics/motion/motion_sampling_prob_min: 0.1111
Metrics/motion/motion_sampling_prob_max: 0.1111
Metrics/motion/motion_sampling_prob_entropy: 1.0000
Metrics/motion/hitter_strike_racket_pos_error: 0.2673
Metrics/motion/hitter_strike_racket_vel_error: 1.2068
Metrics/motion/hitter_strike_racket_ori_error: 0.2279
      Episode_Termination/time_out: 0.0000
    Episode_Termination/anchor_pos: 395.6667
    Episode_Termination/anchor_ori: 0.0000
--------------------------------------------------------------------------------
                   Total timesteps: 9600000
                    Iteration time: 2.77s
                      Time elapsed: 00:01:15
                               ETA: 00:26:33

################################################################################
                     [1m Learning iteration 25/200000 [0m                     

                       Computation: 137838 steps/s (collection: 2.513s, learning 0.273s)
             Mean action noise std: 0.81
          Mean value_function loss: 0.1042
               Mean surrogate loss: -0.0108
                 Mean entropy loss: 34.7625
               Mean approx_kl loss: 0.0137
           Mean clip_fraction loss: 0.2019
              Mean ratio_mean loss: 0.9994
          Mean advantage_mean loss: 0.0000
           Mean advantage_std loss: 1.0000
      Mean explained_variance loss: 0.8894
                       Mean reward: -2.19
               Mean episode length: 42.25
Episode_Reward/motion_global_anchor_pos: 0.0233
Episode_Reward/motion_global_anchor_ori: 0.0222
    Episode_Reward/motion_body_pos: 0.0390
    Episode_Reward/motion_body_ori: 0.0077
Episode_Reward/motion_body_lin_vel: 0.0376
Episode_Reward/motion_body_ang_vel: 0.0124
Episode_Reward/motion_anchor_lin_vel: 0.0407
           Episode_Reward/base_pos: 0.0909
         Episode_Reward/racket_pos: 0.0003
         Episode_Reward/racket_vel: 0.0023
         Episode_Reward/racket_ori: 0.0224
Episode_Reward/torso_forward_lean_l2: -0.0167
 Episode_Reward/base_ang_vel_xy_l2: -0.1787
 Episode_Reward/undesired_contacts: -0.0008
Episode_Reward/hitter_foot_slip_l2: -0.0779
Episode_Reward/hitter_hit_unstable_support: -0.0243
Episode_Reward/hitter_foot_edge_drag: -0.0153
    Episode_Reward/hip_yaw_default: 0.1220
     Episode_Reward/action_rate_l2: -0.2971
        Episode_Reward/joint_limit: -0.0191
          Episode_Reward/joint_acc: -0.0110
       Episode_Reward/joint_torque: -0.0024
   Metrics/motion/error_anchor_pos: 0.6490
   Metrics/motion/error_anchor_rot: 0.5934
Metrics/motion/error_anchor_lin_vel: 2.0552
Metrics/motion/error_anchor_ang_vel: 2.8204
     Metrics/motion/error_body_pos: 0.4754
     Metrics/motion/error_body_rot: 1.0022
 Metrics/motion/error_body_lin_vel: 2.3341
 Metrics/motion/error_body_ang_vel: 4.7648
    Metrics/motion/error_joint_pos: 2.1744
    Metrics/motion/error_joint_vel: 16.9352
   Metrics/motion/sampling_entropy: 0.0000
 Metrics/motion/sampling_top1_prob: 0.0000
  Metrics/motion/sampling_top1_bin: 0.0000
Metrics/motion/motion_sampling_prob_mean: 0.1111
Metrics/motion/motion_sampling_prob_std: 0.0000
Metrics/motion/motion_sampling_prob_min: 0.1111
Metrics/motion/motion_sampling_prob_max: 0.1111
Metrics/motion/motion_sampling_prob_entropy: 1.0000
Metrics/motion/hitter_strike_racket_pos_error: 0.2596
Metrics/motion/hitter_strike_racket_vel_error: 1.1604
Metrics/motion/hitter_strike_racket_ori_error: 0.2185
      Episode_Termination/time_out: 0.0000
    Episode_Termination/anchor_pos: 391.5417
    Episode_Termination/anchor_ori: 0.0000
--------------------------------------------------------------------------------
                   Total timesteps: 9984000
                    Iteration time: 2.79s
                      Time elapsed: 00:01:18
                               ETA: 23:54:54

################################################################################
                     [1m Learning iteration 26/200000 [0m                     

                       Computation: 136697 steps/s (collection: 2.545s, learning 0.264s)
             Mean action noise std: 0.80
          Mean value_function loss: 0.0962
               Mean surrogate loss: -0.0041
                 Mean entropy loss: 34.5832
               Mean approx_kl loss: 0.0159
           Mean clip_fraction loss: 0.2109
              Mean ratio_mean loss: 0.9998
          Mean advantage_mean loss: 0.0000
           Mean advantage_std loss: 1.0000
      Mean explained_variance loss: 0.8842
                       Mean reward: -1.83
               Mean episode length: 40.33
Episode_Reward/motion_global_anchor_pos: 0.0233
Episode_Reward/motion_global_anchor_ori: 0.0229
    Episode_Reward/motion_body_pos: 0.0392
    Episode_Reward/motion_body_ori: 0.0078
Episode_Reward/motion_body_lin_vel: 0.0379
Episode_Reward/motion_body_ang_vel: 0.0126
Episode_Reward/motion_anchor_lin_vel: 0.0405
           Episode_Reward/base_pos: 0.0889
         Episode_Reward/racket_pos: 0.0002
         Episode_Reward/racket_vel: 0.0022
         Episode_Reward/racket_ori: 0.0233
Episode_Reward/torso_forward_lean_l2: -0.0154
 Episode_Reward/base_ang_vel_xy_l2: -0.1696
 Episode_Reward/undesired_contacts: -0.0008
Episode_Reward/hitter_foot_slip_l2: -0.0768
Episode_Reward/hitter_hit_unstable_support: -0.0238
Episode_Reward/hitter_foot_edge_drag: -0.0150
    Episode_Reward/hip_yaw_default: 0.1234
     Episode_Reward/action_rate_l2: -0.2887
        Episode_Reward/joint_limit: -0.0191
          Episode_Reward/joint_acc: -0.0108
       Episode_Reward/joint_torque: -0.0024
   Metrics/motion/error_anchor_pos: 0.6459
   Metrics/motion/error_anchor_rot: 0.5574
Metrics/motion/error_anchor_lin_vel: 2.0626
Metrics/motion/error_anchor_ang_vel: 2.7281
     Metrics/motion/error_body_pos: 0.4737
     Metrics/motion/error_body_rot: 0.9840
 Metrics/motion/error_body_lin_vel: 2.3211
 Metrics/motion/error_body_ang_vel: 4.7335
    Metrics/motion/error_joint_pos: 2.1925
    Metrics/motion/error_joint_vel: 16.8125
   Metrics/motion/sampling_entropy: 0.0000
 Metrics/motion/sampling_top1_prob: 0.0000
  Metrics/motion/sampling_top1_bin: 0.0000
Metrics/motion/motion_sampling_prob_mean: 0.1111
Metrics/motion/motion_sampling_prob_std: 0.0000
Metrics/motion/motion_sampling_prob_min: 0.1111
Metrics/motion/motion_sampling_prob_max: 0.1111
Metrics/motion/motion_sampling_prob_entropy: 1.0000
Metrics/motion/hitter_strike_racket_pos_error: 0.2536
Metrics/motion/hitter_strike_racket_vel_error: 1.1308
Metrics/motion/hitter_strike_racket_ori_error: 0.2028
      Episode_Termination/time_out: 0.0000
    Episode_Termination/anchor_pos: 401.8750
    Episode_Termination/anchor_ori: 0.0000
--------------------------------------------------------------------------------
                   Total timesteps: 10368000
                    Iteration time: 2.81s
                      Time elapsed: 00:01:21
                               ETA: 23:28:28

################################################################################
                     [1m Learning iteration 27/200000 [0m                     

                       Computation: 137176 steps/s (collection: 2.534s, learning 0.265s)
             Mean action noise std: 0.79
          Mean value_function loss: 0.0830
               Mean surrogate loss: -0.0105
                 Mean entropy loss: 34.0751
               Mean approx_kl loss: 0.0148
           Mean clip_fraction loss: 0.2224
              Mean ratio_mean loss: 0.9997
          Mean advantage_mean loss: 0.0000
           Mean advantage_std loss: 1.0000
      Mean explained_variance loss: 0.8765
                       Mean reward: -1.51
               Mean episode length: 39.60
Episode_Reward/motion_global_anchor_pos: 0.0230
Episode_Reward/motion_global_anchor_ori: 0.0228
    Episode_Reward/motion_body_pos: 0.0390
    Episode_Reward/motion_body_ori: 0.0078
Episode_Reward/motion_body_lin_vel: 0.0373
Episode_Reward/motion_body_ang_vel: 0.0128
Episode_Reward/motion_anchor_lin_vel: 0.0396
           Episode_Reward/base_pos: 0.0898
         Episode_Reward/racket_pos: 0.0002
         Episode_Reward/racket_vel: 0.0019
         Episode_Reward/racket_ori: 0.0228
Episode_Reward/torso_forward_lean_l2: -0.0140
 Episode_Reward/base_ang_vel_xy_l2: -0.1589
 Episode_Reward/undesired_contacts: -0.0008
Episode_Reward/hitter_foot_slip_l2: -0.0743
Episode_Reward/hitter_hit_unstable_support: -0.0222
Episode_Reward/hitter_foot_edge_drag: -0.0144
    Episode_Reward/hip_yaw_default: 0.1234
     Episode_Reward/action_rate_l2: -0.2780
        Episode_Reward/joint_limit: -0.0185
          Episode_Reward/joint_acc: -0.0105
       Episode_Reward/joint_torque: -0.0023
   Metrics/motion/error_anchor_pos: 0.6441
   Metrics/motion/error_anchor_rot: 0.5374
Metrics/motion/error_anchor_lin_vel: 2.0799
Metrics/motion/error_anchor_ang_vel: 2.6605
     Metrics/motion/error_body_pos: 0.4721
     Metrics/motion/error_body_rot: 0.9752
 Metrics/motion/error_body_lin_vel: 2.3180
 Metrics/motion/error_body_ang_vel: 4.6524
    Metrics/motion/error_joint_pos: 2.2002
    Metrics/motion/error_joint_vel: 16.6913
   Metrics/motion/sampling_entropy: 0.0000
 Metrics/motion/sampling_top1_prob: 0.0000
  Metrics/motion/sampling_top1_bin: 0.0000
Metrics/motion/motion_sampling_prob_mean: 0.1111
Metrics/motion/motion_sampling_prob_std: 0.0000
Metrics/motion/motion_sampling_prob_min: 0.1111
Metrics/motion/motion_sampling_prob_max: 0.1111
Metrics/motion/motion_sampling_prob_entropy: 1.0000
Metrics/motion/hitter_strike_racket_pos_error: 0.2327
Metrics/motion/hitter_strike_racket_vel_error: 1.0566
Metrics/motion/hitter_strike_racket_ori_error: 0.1840
      Episode_Termination/time_out: 0.0000
    Episode_Termination/anchor_pos: 401.0833
    Episode_Termination/anchor_ori: 0.0000
--------------------------------------------------------------------------------
                   Total timesteps: 10752000
                    Iteration time: 2.80s
                      Time elapsed: 00:01:24
                               ETA: 23:02:45

################################################################################
                     [1m Learning iteration 28/200000 [0m                     

                       Computation: 132148 steps/s (collection: 2.602s, learning 0.303s)
             Mean action noise std: 0.79
          Mean value_function loss: 0.0912
               Mean surrogate loss: -0.0076
                 Mean entropy loss: 33.9704
               Mean approx_kl loss: 0.0130
           Mean clip_fraction loss: 0.1896
              Mean ratio_mean loss: 0.9996
          Mean advantage_mean loss: 0.0000
           Mean advantage_std loss: 1.0000
      Mean explained_variance loss: 0.8605
                       Mean reward: -1.41
               Mean episode length: 37.64
Episode_Reward/motion_global_anchor_pos: 0.0230
Episode_Reward/motion_global_anchor_ori: 0.0228
    Episode_Reward/motion_body_pos: 0.0390
    Episode_Reward/motion_body_ori: 0.0078
Episode_Reward/motion_body_lin_vel: 0.0371
Episode_Reward/motion_body_ang_vel: 0.0131
Episode_Reward/motion_anchor_lin_vel: 0.0392
           Episode_Reward/base_pos: 0.0908
         Episode_Reward/racket_pos: 0.0002
         Episode_Reward/racket_vel: 0.0023
         Episode_Reward/racket_ori: 0.0228
Episode_Reward/torso_forward_lean_l2: -0.0128
 Episode_Reward/base_ang_vel_xy_l2: -0.1526
 Episode_Reward/undesired_contacts: -0.0008
Episode_Reward/hitter_foot_slip_l2: -0.0731
Episode_Reward/hitter_hit_unstable_support: -0.0220
Episode_Reward/hitter_foot_edge_drag: -0.0142
    Episode_Reward/hip_yaw_default: 0.1243
     Episode_Reward/action_rate_l2: -0.2698
        Episode_Reward/joint_limit: -0.0184
          Episode_Reward/joint_acc: -0.0103
       Episode_Reward/joint_torque: -0.0022
   Metrics/motion/error_anchor_pos: 0.6417
   Metrics/motion/error_anchor_rot: 0.5222
Metrics/motion/error_anchor_lin_vel: 2.0883
Metrics/motion/error_anchor_ang_vel: 2.6068
     Metrics/motion/error_body_pos: 0.4713
     Metrics/motion/error_body_rot: 0.9681
 Metrics/motion/error_body_lin_vel: 2.3195
 Metrics/motion/error_body_ang_vel: 4.6188
    Metrics/motion/error_joint_pos: 2.2051
    Metrics/motion/error_joint_vel: 16.5537
   Metrics/motion/sampling_entropy: 0.0000
 Metrics/motion/sampling_top1_prob: 0.0000
  Metrics/motion/sampling_top1_bin: 0.0000
Metrics/motion/motion_sampling_prob_mean: 0.1111
Metrics/motion/motion_sampling_prob_std: 0.0000
Metrics/motion/motion_sampling_prob_min: 0.1111
Metrics/motion/motion_sampling_prob_max: 0.1111
Metrics/motion/motion_sampling_prob_entropy: 1.0000
Metrics/motion/hitter_strike_racket_pos_error: 0.2323
Metrics/motion/hitter_strike_racket_vel_error: 1.0402
Metrics/motion/hitter_strike_racket_ori_error: 0.1818
      Episode_Termination/time_out: 0.0000
    Episode_Termination/anchor_pos: 407.2500
    Episode_Termination/anchor_ori: 0.0000
--------------------------------------------------------------------------------
                   Total timesteps: 11136000
                    Iteration time: 2.91s
                      Time elapsed: 00:01:27
                               ETA: 22:51:03

################################################################################
                     [1m Learning iteration 29/200000 [0m                     

                       Computation: 127909 steps/s (collection: 2.703s, learning 0.299s)
             Mean action noise std: 0.78
          Mean value_function loss: 0.0828
               Mean surrogate loss: -0.0099
                 Mean entropy loss: 33.5388
               Mean approx_kl loss: 0.0123
           Mean clip_fraction loss: 0.1867
              Mean ratio_mean loss: 0.9999
          Mean advantage_mean loss: 0.0000
           Mean advantage_std loss: 1.0000
      Mean explained_variance loss: 0.8540
                       Mean reward: -1.16
               Mean episode length: 37.16
Episode_Reward/motion_global_anchor_pos: 0.0228
Episode_Reward/motion_global_anchor_ori: 0.0230
    Episode_Reward/motion_body_pos: 0.0390
    Episode_Reward/motion_body_ori: 0.0079
Episode_Reward/motion_body_lin_vel: 0.0372
Episode_Reward/motion_body_ang_vel: 0.0134
Episode_Reward/motion_anchor_lin_vel: 0.0389
           Episode_Reward/base_pos: 0.0899
         Episode_Reward/racket_pos: 0.0002
         Episode_Reward/racket_vel: 0.0023
         Episode_Reward/racket_ori: 0.0241
Episode_Reward/torso_forward_lean_l2: -0.0121
 Episode_Reward/base_ang_vel_xy_l2: -0.1472
 Episode_Reward/undesired_contacts: -0.0008
Episode_Reward/hitter_foot_slip_l2: -0.0721
Episode_Reward/hitter_hit_unstable_support: -0.0210
Episode_Reward/hitter_foot_edge_drag: -0.0139
    Episode_Reward/hip_yaw_default: 0.1252
     Episode_Reward/action_rate_l2: -0.2636
        Episode_Reward/joint_limit: -0.0180
          Episode_Reward/joint_acc: -0.0101
       Episode_Reward/joint_torque: -0.0022
   Metrics/motion/error_anchor_pos: 0.6422
   Metrics/motion/error_anchor_rot: 0.5134
Metrics/motion/error_anchor_lin_vel: 2.0953
Metrics/motion/error_anchor_ang_vel: 2.5657
     Metrics/motion/error_body_pos: 0.4708
     Metrics/motion/error_body_rot: 0.9611
 Metrics/motion/error_body_lin_vel: 2.3153
 Metrics/motion/error_body_ang_vel: 4.5914
    Metrics/motion/error_joint_pos: 2.2121
    Metrics/motion/error_joint_vel: 16.4773
   Metrics/motion/sampling_entropy: 0.0000
 Metrics/motion/sampling_top1_prob: 0.0000
  Metrics/motion/sampling_top1_bin: 0.0000
Metrics/motion/motion_sampling_prob_mean: 0.1111
Metrics/motion/motion_sampling_prob_std: 0.0000
Metrics/motion/motion_sampling_prob_min: 0.1111
Metrics/motion/motion_sampling_prob_max: 0.1111
Metrics/motion/motion_sampling_prob_entropy: 1.0000
Metrics/motion/hitter_strike_racket_pos_error: 0.2291
Metrics/motion/hitter_strike_racket_vel_error: 1.0295
Metrics/motion/hitter_strike_racket_ori_error: 0.1708
      Episode_Termination/time_out: 0.0000
    Episode_Termination/anchor_pos: 404.6667
    Episode_Termination/anchor_ori: 0.0000
--------------------------------------------------------------------------------
                   Total timesteps: 11520000
                    Iteration time: 3.00s
                      Time elapsed: 00:01:30
                               ETA: 22:50:49

################################################################################
                     [1m Learning iteration 30/200000 [0m                     

                       Computation: 119708 steps/s (collection: 2.901s, learning 0.307s)
             Mean action noise std: 0.77
          Mean value_function loss: 0.0869
               Mean surrogate loss: -0.0068
                 Mean entropy loss: 33.1941
               Mean approx_kl loss: 0.0138
           Mean clip_fraction loss: 0.2064
              Mean ratio_mean loss: 0.9998
          Mean advantage_mean loss: -0.0000
           Mean advantage_std loss: 1.0000
      Mean explained_variance loss: 0.8275
                       Mean reward: -1.26
               Mean episode length: 39.89
Episode_Reward/motion_global_anchor_pos: 0.0230
Episode_Reward/motion_global_anchor_ori: 0.0231
    Episode_Reward/motion_body_pos: 0.0391
    Episode_Reward/motion_body_ori: 0.0079
Episode_Reward/motion_body_lin_vel: 0.0375
Episode_Reward/motion_body_ang_vel: 0.0137
Episode_Reward/motion_anchor_lin_vel: 0.0391
           Episode_Reward/base_pos: 0.0898
         Episode_Reward/racket_pos: 0.0002
         Episode_Reward/racket_vel: 0.0020
         Episode_Reward/racket_ori: 0.0252
Episode_Reward/torso_forward_lean_l2: -0.0117
 Episode_Reward/base_ang_vel_xy_l2: -0.1422
 Episode_Reward/undesired_contacts: -0.0008
Episode_Reward/hitter_foot_slip_l2: -0.0714
Episode_Reward/hitter_hit_unstable_support: -0.0201
Episode_Reward/hitter_foot_edge_drag: -0.0137
    Episode_Reward/hip_yaw_default: 0.1261
     Episode_Reward/action_rate_l2: -0.2568
        Episode_Reward/joint_limit: -0.0181
          Episode_Reward/joint_acc: -0.0099
       Episode_Reward/joint_torque: -0.0021
   Metrics/motion/error_anchor_pos: 0.6390
   Metrics/motion/error_anchor_rot: 0.5092
Metrics/motion/error_anchor_lin_vel: 2.0947
Metrics/motion/error_anchor_ang_vel: 2.5324
     Metrics/motion/error_body_pos: 0.4703
     Metrics/motion/error_body_rot: 0.9589
 Metrics/motion/error_body_lin_vel: 2.3053
 Metrics/motion/error_body_ang_vel: 4.5205
    Metrics/motion/error_joint_pos: 2.2206
    Metrics/motion/error_joint_vel: 16.2903
   Metrics/motion/sampling_entropy: 0.0000
 Metrics/motion/sampling_top1_prob: 0.0000
  Metrics/motion/sampling_top1_bin: 0.0000
Metrics/motion/motion_sampling_prob_mean: 0.1111
Metrics/motion/motion_sampling_prob_std: 0.0000
Metrics/motion/motion_sampling_prob_min: 0.1111
Metrics/motion/motion_sampling_prob_max: 0.1111
Metrics/motion/motion_sampling_prob_entropy: 1.0000
Metrics/motion/hitter_strike_racket_pos_error: 0.2269
Metrics/motion/hitter_strike_racket_vel_error: 1.0223
Metrics/motion/hitter_strike_racket_ori_error: 0.1587
      Episode_Termination/time_out: 0.0000
    Episode_Termination/anchor_pos: 403.8333
    Episode_Termination/anchor_ori: 0.0000
--------------------------------------------------------------------------------
                   Total timesteps: 11904000
                    Iteration time: 3.21s
                      Time elapsed: 00:01:33
                               ETA: 23:12:42

################################################################################
                     [1m Learning iteration 31/200000 [0m                     

                       Computation: 125566 steps/s (collection: 2.753s, learning 0.305s)
             Mean action noise std: 0.76
          Mean value_function loss: 0.0724
               Mean surrogate loss: -0.0063
                 Mean entropy loss: 32.8993
               Mean approx_kl loss: 0.0135
           Mean clip_fraction loss: 0.1842
              Mean ratio_mean loss: 0.9992
          Mean advantage_mean loss: -0.0000
           Mean advantage_std loss: 1.0000
      Mean explained_variance loss: 0.8191
                       Mean reward: -1.12
               Mean episode length: 38.18
Episode_Reward/motion_global_anchor_pos: 0.0228
Episode_Reward/motion_global_anchor_ori: 0.0233
    Episode_Reward/motion_body_pos: 0.0390
    Episode_Reward/motion_body_ori: 0.0079
Episode_Reward/motion_body_lin_vel: 0.0371
Episode_Reward/motion_body_ang_vel: 0.0140
Episode_Reward/motion_anchor_lin_vel: 0.0385
           Episode_Reward/base_pos: 0.0899
         Episode_Reward/racket_pos: 0.0002
         Episode_Reward/racket_vel: 0.0024
         Episode_Reward/racket_ori: 0.0252
Episode_Reward/torso_forward_lean_l2: -0.0107
 Episode_Reward/base_ang_vel_xy_l2: -0.1349
 Episode_Reward/undesired_contacts: -0.0008
Episode_Reward/hitter_foot_slip_l2: -0.0698
Episode_Reward/hitter_hit_unstable_support: -0.0194
Episode_Reward/hitter_foot_edge_drag: -0.0133
    Episode_Reward/hip_yaw_default: 0.1265
     Episode_Reward/action_rate_l2: -0.2483
        Episode_Reward/joint_limit: -0.0178
          Episode_Reward/joint_acc: -0.0095
       Episode_Reward/joint_torque: -0.0020
   Metrics/motion/error_anchor_pos: 0.6388
   Metrics/motion/error_anchor_rot: 0.4897
Metrics/motion/error_anchor_lin_vel: 2.1112
Metrics/motion/error_anchor_ang_vel: 2.4611
     Metrics/motion/error_body_pos: 0.4691
     Metrics/motion/error_body_rot: 0.9498
 Metrics/motion/error_body_lin_vel: 2.3102
 Metrics/motion/error_body_ang_vel: 4.4866
    Metrics/motion/error_joint_pos: 2.2193
    Metrics/motion/error_joint_vel: 16.1910
   Metrics/motion/sampling_entropy: 0.0000
 Metrics/motion/sampling_top1_prob: 0.0000
  Metrics/motion/sampling_top1_bin: 0.0000
Metrics/motion/motion_sampling_prob_mean: 0.1111
Metrics/motion/motion_sampling_prob_std: 0.0000
Metrics/motion/motion_sampling_prob_min: 0.1111
Metrics/motion/motion_sampling_prob_max: 0.1111
Metrics/motion/motion_sampling_prob_entropy: 1.0000
Metrics/motion/hitter_strike_racket_pos_error: 0.2170
Metrics/motion/hitter_strike_racket_vel_error: 0.9716
Metrics/motion/hitter_strike_racket_ori_error: 0.1495
      Episode_Termination/time_out: 0.0000
    Episode_Termination/anchor_pos: 414.7500
    Episode_Termination/anchor_ori: 0.0000
--------------------------------------------------------------------------------
                   Total timesteps: 12288000
                    Iteration time: 3.06s
                      Time elapsed: 00:01:36
                               ETA: 23:17:39

################################################################################
                     [1m Learning iteration 32/200000 [0m                     

                       Computation: 126015 steps/s (collection: 2.747s, learning 0.300s)
             Mean action noise std: 0.75
          Mean value_function loss: 0.0677
               Mean surrogate loss: -0.0107
                 Mean entropy loss: 32.5330
               Mean approx_kl loss: 0.0119
           Mean clip_fraction loss: 0.1806
              Mean ratio_mean loss: 0.9998
          Mean advantage_mean loss: -0.0000
           Mean advantage_std loss: 1.0000
      Mean explained_variance loss: 0.8215
                       Mean reward: -0.61
               Mean episode length: 38.86
Episode_Reward/motion_global_anchor_pos: 0.0228
Episode_Reward/motion_global_anchor_ori: 0.0236
    Episode_Reward/motion_body_pos: 0.0392
    Episode_Reward/motion_body_ori: 0.0079
Episode_Reward/motion_body_lin_vel: 0.0373
Episode_Reward/motion_body_ang_vel: 0.0144
Episode_Reward/motion_anchor_lin_vel: 0.0385
           Episode_Reward/base_pos: 0.0917
         Episode_Reward/racket_pos: 0.0002
         Episode_Reward/racket_vel: 0.0023
         Episode_Reward/racket_ori: 0.0258
Episode_Reward/torso_forward_lean_l2: -0.0103
 Episode_Reward/base_ang_vel_xy_l2: -0.1308
 Episode_Reward/undesired_contacts: -0.0008
Episode_Reward/hitter_foot_slip_l2: -0.0688
Episode_Reward/hitter_hit_unstable_support: -0.0190
Episode_Reward/hitter_foot_edge_drag: -0.0131
    Episode_Reward/hip_yaw_default: 0.1277
     Episode_Reward/action_rate_l2: -0.2423
        Episode_Reward/joint_limit: -0.0174
          Episode_Reward/joint_acc: -0.0094
       Episode_Reward/joint_torque: -0.0020
   Metrics/motion/error_anchor_pos: 0.6380
   Metrics/motion/error_anchor_rot: 0.4805
Metrics/motion/error_anchor_lin_vel: 2.1176
Metrics/motion/error_anchor_ang_vel: 2.4511
     Metrics/motion/error_body_pos: 0.4688
     Metrics/motion/error_body_rot: 0.9484
 Metrics/motion/error_body_lin_vel: 2.3104
 Metrics/motion/error_body_ang_vel: 4.4563
    Metrics/motion/error_joint_pos: 2.2259
    Metrics/motion/error_joint_vel: 16.0863
   Metrics/motion/sampling_entropy: 0.0000
 Metrics/motion/sampling_top1_prob: 0.0000
  Metrics/motion/sampling_top1_bin: 0.0000
Metrics/motion/motion_sampling_prob_mean: 0.1111
Metrics/motion/motion_sampling_prob_std: 0.0000
Metrics/motion/motion_sampling_prob_min: 0.1111
Metrics/motion/motion_sampling_prob_max: 0.1111
Metrics/motion/motion_sampling_prob_entropy: 1.0000
Metrics/motion/hitter_strike_racket_pos_error: 0.2173
Metrics/motion/hitter_strike_racket_vel_error: 0.9723
Metrics/motion/hitter_strike_racket_ori_error: 0.1497
      Episode_Termination/time_out: 0.0000
    Episode_Termination/anchor_pos: 407.6250
    Episode_Termination/anchor_ori: 0.0000
--------------------------------------------------------------------------------
                   Total timesteps: 12672000
                    Iteration time: 3.05s
                      Time elapsed: 00:01:39
                               ETA: 23:21:10

################################################################################
                     [1m Learning iteration 33/200000 [0m                     

                       Computation: 128346 steps/s (collection: 2.684s, learning 0.308s)
             Mean action noise std: 0.74
          Mean value_function loss: 0.0615
               Mean surrogate loss: -0.0093
                 Mean entropy loss: 32.1150
               Mean approx_kl loss: 0.0144
           Mean clip_fraction loss: 0.2154
              Mean ratio_mean loss: 0.9997
          Mean advantage_mean loss: 0.0000
           Mean advantage_std loss: 1.0000
      Mean explained_variance loss: 0.8212
                       Mean reward: -0.79
               Mean episode length: 39.20
Episode_Reward/motion_global_anchor_pos: 0.0226
Episode_Reward/motion_global_anchor_ori: 0.0237
    Episode_Reward/motion_body_pos: 0.0389
    Episode_Reward/motion_body_ori: 0.0080
Episode_Reward/motion_body_lin_vel: 0.0368
Episode_Reward/motion_body_ang_vel: 0.0145
Episode_Reward/motion_anchor_lin_vel: 0.0377
           Episode_Reward/base_pos: 0.0894
         Episode_Reward/racket_pos: 0.0002
         Episode_Reward/racket_vel: 0.0024
         Episode_Reward/racket_ori: 0.0245
Episode_Reward/torso_forward_lean_l2: -0.0096
 Episode_Reward/base_ang_vel_xy_l2: -0.1241
 Episode_Reward/undesired_contacts: -0.0008
Episode_Reward/hitter_foot_slip_l2: -0.0674
Episode_Reward/hitter_hit_unstable_support: -0.0175
Episode_Reward/hitter_foot_edge_drag: -0.0127
    Episode_Reward/hip_yaw_default: 0.1271
     Episode_Reward/action_rate_l2: -0.2336
        Episode_Reward/joint_limit: -0.0174
          Episode_Reward/joint_acc: -0.0091
       Episode_Reward/joint_torque: -0.0020
   Metrics/motion/error_anchor_pos: 0.6369
   Metrics/motion/error_anchor_rot: 0.4628
Metrics/motion/error_anchor_lin_vel: 2.1277
Metrics/motion/error_anchor_ang_vel: 2.3777
     Metrics/motion/error_body_pos: 0.4680
     Metrics/motion/error_body_rot: 0.9429
 Metrics/motion/error_body_lin_vel: 2.3046
 Metrics/motion/error_body_ang_vel: 4.4073
    Metrics/motion/error_joint_pos: 2.2289
    Metrics/motion/error_joint_vel: 15.9394
   Metrics/motion/sampling_entropy: 0.0000
 Metrics/motion/sampling_top1_prob: 0.0000
  Metrics/motion/sampling_top1_bin: 0.0000
Metrics/motion/motion_sampling_prob_mean: 0.1111
Metrics/motion/motion_sampling_prob_std: 0.0000
Metrics/motion/motion_sampling_prob_min: 0.1111
Metrics/motion/motion_sampling_prob_max: 0.1111
Metrics/motion/motion_sampling_prob_entropy: 1.0000
Metrics/motion/hitter_strike_racket_pos_error: 0.2036
Metrics/motion/hitter_strike_racket_vel_error: 0.9034
Metrics/motion/hitter_strike_racket_ori_error: 0.1389
      Episode_Termination/time_out: 0.0000
    Episode_Termination/anchor_pos: 411.7500
    Episode_Termination/anchor_ori: 0.0000
--------------------------------------------------------------------------------
                   Total timesteps: 13056000
                    Iteration time: 2.99s
                      Time elapsed: 00:01:42
                               ETA: 23:19:04

################################################################################
                     [1m Learning iteration 34/200000 [0m                     

                       Computation: 128010 steps/s (collection: 2.704s, learning 0.296s)
             Mean action noise std: 0.73
          Mean value_function loss: 0.0612
               Mean surrogate loss: -0.0052
                 Mean entropy loss: 31.8581
               Mean approx_kl loss: 0.0152
           Mean clip_fraction loss: 0.2168
              Mean ratio_mean loss: 0.9997
          Mean advantage_mean loss: -0.0000
           Mean advantage_std loss: 1.0000
      Mean explained_variance loss: 0.8144
                       Mean reward: -0.44
               Mean episode length: 40.89
Episode_Reward/motion_global_anchor_pos: 0.0228
Episode_Reward/motion_global_anchor_ori: 0.0239
    Episode_Reward/motion_body_pos: 0.0392
    Episode_Reward/motion_body_ori: 0.0080
Episode_Reward/motion_body_lin_vel: 0.0373
Episode_Reward/motion_body_ang_vel: 0.0150
Episode_Reward/motion_anchor_lin_vel: 0.0380
           Episode_Reward/base_pos: 0.0924
         Episode_Reward/racket_pos: 0.0002
         Episode_Reward/racket_vel: 0.0025
         Episode_Reward/racket_ori: 0.0265
Episode_Reward/torso_forward_lean_l2: -0.0092
 Episode_Reward/base_ang_vel_xy_l2: -0.1203
 Episode_Reward/undesired_contacts: -0.0009
Episode_Reward/hitter_foot_slip_l2: -0.0668
Episode_Reward/hitter_hit_unstable_support: -0.0172
Episode_Reward/hitter_foot_edge_drag: -0.0125
    Episode_Reward/hip_yaw_default: 0.1284
     Episode_Reward/action_rate_l2: -0.2279
        Episode_Reward/joint_limit: -0.0168
          Episode_Reward/joint_acc: -0.0089
       Episode_Reward/joint_torque: -0.0019
   Metrics/motion/error_anchor_pos: 0.6349
   Metrics/motion/error_anchor_rot: 0.4564
Metrics/motion/error_anchor_lin_vel: 2.1380
Metrics/motion/error_anchor_ang_vel: 2.3357
     Metrics/motion/error_body_pos: 0.4676
     Metrics/motion/error_body_rot: 0.9367
 Metrics/motion/error_body_lin_vel: 2.3055
 Metrics/motion/error_body_ang_vel: 4.3693
    Metrics/motion/error_joint_pos: 2.2379
    Metrics/motion/error_joint_vel: 15.8326
   Metrics/motion/sampling_entropy: 0.0000
 Metrics/motion/sampling_top1_prob: 0.0000
  Metrics/motion/sampling_top1_bin: 0.0000
Metrics/motion/motion_sampling_prob_mean: 0.1111
Metrics/motion/motion_sampling_prob_std: 0.0000
Metrics/motion/motion_sampling_prob_min: 0.1111
Metrics/motion/motion_sampling_prob_max: 0.1111
Metrics/motion/motion_sampling_prob_entropy: 1.0000
Metrics/motion/hitter_strike_racket_pos_error: 0.2054
Metrics/motion/hitter_strike_racket_vel_error: 0.9201
Metrics/motion/hitter_strike_racket_ori_error: 0.1312
      Episode_Termination/time_out: 0.0000
    Episode_Termination/anchor_pos: 409.7083
    Episode_Termination/anchor_ori: 0.0000
--------------------------------------------------------------------------------
                   Total timesteps: 13440000
                    Iteration time: 3.00s
                      Time elapsed: 00:01:45
                               ETA: 23:17:50

################################################################################
                     [1m Learning iteration 35/200000 [0m                     

                       Computation: 127767 steps/s (collection: 2.705s, learning 0.300s)
             Mean action noise std: 0.72
          Mean value_function loss: 0.0574
               Mean surrogate loss: -0.0083
                 Mean entropy loss: 31.3793
               Mean approx_kl loss: 0.0147
           Mean clip_fraction loss: 0.2259
              Mean ratio_mean loss: 1.0000
          Mean advantage_mean loss: 0.0000
           Mean advantage_std loss: 1.0000
      Mean explained_variance loss: 0.8216
                       Mean reward: -0.11
               Mean episode length: 39.65
Episode_Reward/motion_global_anchor_pos: 0.0230
Episode_Reward/motion_global_anchor_ori: 0.0244
    Episode_Reward/motion_body_pos: 0.0395
    Episode_Reward/motion_body_ori: 0.0080
Episode_Reward/motion_body_lin_vel: 0.0380
Episode_Reward/motion_body_ang_vel: 0.0155
Episode_Reward/motion_anchor_lin_vel: 0.0385
           Episode_Reward/base_pos: 0.0934
         Episode_Reward/racket_pos: 0.0002
         Episode_Reward/racket_vel: 0.0027
         Episode_Reward/racket_ori: 0.0278
Episode_Reward/torso_forward_lean_l2: -0.0091
 Episode_Reward/base_ang_vel_xy_l2: -0.1169
 Episode_Reward/undesired_contacts: -0.0009
Episode_Reward/hitter_foot_slip_l2: -0.0667
Episode_Reward/hitter_hit_unstable_support: -0.0174
Episode_Reward/hitter_foot_edge_drag: -0.0124
    Episode_Reward/hip_yaw_default: 0.1301
     Episode_Reward/action_rate_l2: -0.2234
        Episode_Reward/joint_limit: -0.0168
          Episode_Reward/joint_acc: -0.0088
       Episode_Reward/joint_torque: -0.0019
   Metrics/motion/error_anchor_pos: 0.6334
   Metrics/motion/error_anchor_rot: 0.4443
Metrics/motion/error_anchor_lin_vel: 2.1404
Metrics/motion/error_anchor_ang_vel: 2.3283
     Metrics/motion/error_body_pos: 0.4675
     Metrics/motion/error_body_rot: 0.9368
 Metrics/motion/error_body_lin_vel: 2.2969
 Metrics/motion/error_body_ang_vel: 4.3119
    Metrics/motion/error_joint_pos: 2.2506
    Metrics/motion/error_joint_vel: 15.6695
   Metrics/motion/sampling_entropy: 0.0000
 Metrics/motion/sampling_top1_prob: 0.0000
  Metrics/motion/sampling_top1_bin: 0.0000
Metrics/motion/motion_sampling_prob_mean: 0.1111
Metrics/motion/motion_sampling_prob_std: 0.0000
Metrics/motion/motion_sampling_prob_min: 0.1111
Metrics/motion/motion_sampling_prob_max: 0.1111
Metrics/motion/motion_sampling_prob_entropy: 1.0000
Metrics/motion/hitter_strike_racket_pos_error: 0.2136
Metrics/motion/hitter_strike_racket_vel_error: 0.9605
Metrics/motion/hitter_strike_racket_ori_error: 0.1366
      Episode_Termination/time_out: 0.0000
    Episode_Termination/anchor_pos: 412.9167
    Episode_Termination/anchor_ori: 0.0000
--------------------------------------------------------------------------------
                   Total timesteps: 13824000
                    Iteration time: 3.01s
                      Time elapsed: 00:01:48
                               ETA: 23:17:12

################################################################################
                     [1m Learning iteration 36/200000 [0m                     

                       Computation: 129649 steps/s (collection: 2.661s, learning 0.301s)
             Mean action noise std: 0.72
          Mean value_function loss: 0.0591
               Mean surrogate loss: -0.0067
                 Mean entropy loss: 31.1088
               Mean approx_kl loss: 0.0152
           Mean clip_fraction loss: 0.2201
              Mean ratio_mean loss: 0.9993
          Mean advantage_mean loss: 0.0000
           Mean advantage_std loss: 1.0000
      Mean explained_variance loss: 0.8242
                       Mean reward: -0.08
               Mean episode length: 37.04
Episode_Reward/motion_global_anchor_pos: 0.0231
Episode_Reward/motion_global_anchor_ori: 0.0248
    Episode_Reward/motion_body_pos: 0.0398
    Episode_Reward/motion_body_ori: 0.0081
Episode_Reward/motion_body_lin_vel: 0.0383
Episode_Reward/motion_body_ang_vel: 0.0159
Episode_Reward/motion_anchor_lin_vel: 0.0384
           Episode_Reward/base_pos: 0.0936
         Episode_Reward/racket_pos: 0.0002
         Episode_Reward/racket_vel: 0.0025
         Episode_Reward/racket_ori: 0.0282
Episode_Reward/torso_forward_lean_l2: -0.0087
 Episode_Reward/base_ang_vel_xy_l2: -0.1125
 Episode_Reward/undesired_contacts: -0.0009
Episode_Reward/hitter_foot_slip_l2: -0.0661
Episode_Reward/hitter_hit_unstable_support: -0.0167
Episode_Reward/hitter_foot_edge_drag: -0.0122
    Episode_Reward/hip_yaw_default: 0.1312
     Episode_Reward/action_rate_l2: -0.2179
        Episode_Reward/joint_limit: -0.0164
          Episode_Reward/joint_acc: -0.0086
       Episode_Reward/joint_torque: -0.0019
   Metrics/motion/error_anchor_pos: 0.6340
   Metrics/motion/error_anchor_rot: 0.4315
Metrics/motion/error_anchor_lin_vel: 2.1505
Metrics/motion/error_anchor_ang_vel: 2.2812
     Metrics/motion/error_body_pos: 0.4672
     Metrics/motion/error_body_rot: 0.9358
 Metrics/motion/error_body_lin_vel: 2.3025
 Metrics/motion/error_body_ang_vel: 4.2829
    Metrics/motion/error_joint_pos: 2.2560
    Metrics/motion/error_joint_vel: 15.5341
   Metrics/motion/sampling_entropy: 0.0000
 Metrics/motion/sampling_top1_prob: 0.0000
  Metrics/motion/sampling_top1_bin: 0.0000
Metrics/motion/motion_sampling_prob_mean: 0.1111
Metrics/motion/motion_sampling_prob_std: 0.0000
Metrics/motion/motion_sampling_prob_min: 0.1111
Metrics/motion/motion_sampling_prob_max: 0.1111
Metrics/motion/motion_sampling_prob_entropy: 1.0000
Metrics/motion/hitter_strike_racket_pos_error: 0.2099
Metrics/motion/hitter_strike_racket_vel_error: 0.9525
Metrics/motion/hitter_strike_racket_ori_error: 0.1291
      Episode_Termination/time_out: 0.0000
    Episode_Termination/anchor_pos: 408.6667
    Episode_Termination/anchor_ori: 0.0000
--------------------------------------------------------------------------------
                   Total timesteps: 14208000
                    Iteration time: 2.96s
                      Time elapsed: 00:01:51
                               ETA: 23:12:39

################################################################################
                     [1m Learning iteration 37/200000 [0m                     

                       Computation: 123513 steps/s (collection: 2.804s, learning 0.305s)
             Mean action noise std: 0.71
          Mean value_function loss: 0.0585
               Mean surrogate loss: -0.0074
                 Mean entropy loss: 30.7145
               Mean approx_kl loss: 0.0153
           Mean clip_fraction loss: 0.2210
              Mean ratio_mean loss: 0.9996
          Mean advantage_mean loss: -0.0000
           Mean advantage_std loss: 1.0000
      Mean explained_variance loss: 0.8278
                       Mean reward: 0.19
               Mean episode length: 39.56
Episode_Reward/motion_global_anchor_pos: 0.0232
Episode_Reward/motion_global_anchor_ori: 0.0245
    Episode_Reward/motion_body_pos: 0.0399
    Episode_Reward/motion_body_ori: 0.0082
Episode_Reward/motion_body_lin_vel: 0.0385
Episode_Reward/motion_body_ang_vel: 0.0162
Episode_Reward/motion_anchor_lin_vel: 0.0385
           Episode_Reward/base_pos: 0.0936
         Episode_Reward/racket_pos: 0.0002
         Episode_Reward/racket_vel: 0.0026
         Episode_Reward/racket_ori: 0.0295
Episode_Reward/torso_forward_lean_l2: -0.0086
 Episode_Reward/base_ang_vel_xy_l2: -0.1092
 Episode_Reward/undesired_contacts: -0.0009
Episode_Reward/hitter_foot_slip_l2: -0.0653
Episode_Reward/hitter_hit_unstable_support: -0.0156
Episode_Reward/hitter_foot_edge_drag: -0.0119
    Episode_Reward/hip_yaw_default: 0.1319
     Episode_Reward/action_rate_l2: -0.2120
        Episode_Reward/joint_limit: -0.0161
          Episode_Reward/joint_acc: -0.0084
       Episode_Reward/joint_torque: -0.0018
   Metrics/motion/error_anchor_pos: 0.6313
   Metrics/motion/error_anchor_rot: 0.4425
Metrics/motion/error_anchor_lin_vel: 2.1583
Metrics/motion/error_anchor_ang_vel: 2.2540
     Metrics/motion/error_body_pos: 0.4670
     Metrics/motion/error_body_rot: 0.9321
 Metrics/motion/error_body_lin_vel: 2.3005
 Metrics/motion/error_body_ang_vel: 4.2518
    Metrics/motion/error_joint_pos: 2.2549
    Metrics/motion/error_joint_vel: 15.4077
   Metrics/motion/sampling_entropy: 0.0000
 Metrics/motion/sampling_top1_prob: 0.0000
  Metrics/motion/sampling_top1_bin: 0.0000
Metrics/motion/motion_sampling_prob_mean: 0.1111
Metrics/motion/motion_sampling_prob_std: 0.0000
Metrics/motion/motion_sampling_prob_min: 0.1111
Metrics/motion/motion_sampling_prob_max: 0.1111
Metrics/motion/motion_sampling_prob_entropy: 1.0000
Metrics/motion/hitter_strike_racket_pos_error: 0.2072
Metrics/motion/hitter_strike_racket_vel_error: 0.9414
Metrics/motion/hitter_strike_racket_ori_error: 0.1239
      Episode_Termination/time_out: 0.0000
    Episode_Termination/anchor_pos: 404.6250
    Episode_Termination/anchor_ori: 0.0000
--------------------------------------------------------------------------------
                   Total timesteps: 14592000
                    Iteration time: 3.11s
                      Time elapsed: 00:01:54
                               ETA: 23:21:15

################################################################################
                     [1m Learning iteration 38/200000 [0m                     

                       Computation: 127474 steps/s (collection: 2.720s, learning 0.292s)
             Mean action noise std: 0.70
          Mean value_function loss: 0.0579
               Mean surrogate loss: -0.0072
                 Mean entropy loss: 30.3662
               Mean approx_kl loss: 0.0145
           Mean clip_fraction loss: 0.2125
              Mean ratio_mean loss: 0.9997
          Mean advantage_mean loss: 0.0000
           Mean advantage_std loss: 1.0000
      Mean explained_variance loss: 0.8410
                       Mean reward: 0.30
               Mean episode length: 42.07
Episode_Reward/motion_global_anchor_pos: 0.0233
Episode_Reward/motion_global_anchor_ori: 0.0248
    Episode_Reward/motion_body_pos: 0.0402
    Episode_Reward/motion_body_ori: 0.0082
Episode_Reward/motion_body_lin_vel: 0.0390
Episode_Reward/motion_body_ang_vel: 0.0167
Episode_Reward/motion_anchor_lin_vel: 0.0387
           Episode_Reward/base_pos: 0.0948
         Episode_Reward/racket_pos: 0.0002
         Episode_Reward/racket_vel: 0.0026
         Episode_Reward/racket_ori: 0.0300
Episode_Reward/torso_forward_lean_l2: -0.0084
 Episode_Reward/base_ang_vel_xy_l2: -0.1055
 Episode_Reward/undesired_contacts: -0.0009
Episode_Reward/hitter_foot_slip_l2: -0.0647
Episode_Reward/hitter_hit_unstable_support: -0.0152
Episode_Reward/hitter_foot_edge_drag: -0.0116
    Episode_Reward/hip_yaw_default: 0.1334
     Episode_Reward/action_rate_l2: -0.2068
        Episode_Reward/joint_limit: -0.0157
          Episode_Reward/joint_acc: -0.0082
       Episode_Reward/joint_torque: -0.0018
   Metrics/motion/error_anchor_pos: 0.6315
   Metrics/motion/error_anchor_rot: 0.4320
Metrics/motion/error_anchor_lin_vel: 2.1687
Metrics/motion/error_anchor_ang_vel: 2.2146
     Metrics/motion/error_body_pos: 0.4671
     Metrics/motion/error_body_rot: 0.9349
 Metrics/motion/error_body_lin_vel: 2.3013
 Metrics/motion/error_body_ang_vel: 4.1955
    Metrics/motion/error_joint_pos: 2.2641
    Metrics/motion/error_joint_vel: 15.2715
   Metrics/motion/sampling_entropy: 0.0000
 Metrics/motion/sampling_top1_prob: 0.0000
  Metrics/motion/sampling_top1_bin: 0.0000
Metrics/motion/motion_sampling_prob_mean: 0.1111
Metrics/motion/motion_sampling_prob_std: 0.0000
Metrics/motion/motion_sampling_prob_min: 0.1111
Metrics/motion/motion_sampling_prob_max: 0.1111
Metrics/motion/motion_sampling_prob_entropy: 1.0000
Metrics/motion/hitter_strike_racket_pos_error: 0.2072
Metrics/motion/hitter_strike_racket_vel_error: 0.9409
Metrics/motion/hitter_strike_racket_ori_error: 0.1193
      Episode_Termination/time_out: 0.0000
    Episode_Termination/anchor_pos: 411.0000
    Episode_Termination/anchor_ori: 0.0000
--------------------------------------------------------------------------------
                   Total timesteps: 14976000
                    Iteration time: 3.01s
                      Time elapsed: 00:01:57
                               ETA: 23:21:09

################################################################################
                     [1m Learning iteration 39/200000 [0m                     

                       Computation: 140465 steps/s (collection: 2.473s, learning 0.261s)
             Mean action noise std: 0.69
          Mean value_function loss: 0.0631
               Mean surrogate loss: -0.0078
                 Mean entropy loss: 30.0211
               Mean approx_kl loss: 0.0133
           Mean clip_fraction loss: 0.1989
              Mean ratio_mean loss: 0.9999
          Mean advantage_mean loss: -0.0000
           Mean advantage_std loss: 1.0000
      Mean explained_variance loss: 0.8394
                       Mean reward: 0.29
               Mean episode length: 37.91
Episode_Reward/motion_global_anchor_pos: 0.0235
Episode_Reward/motion_global_anchor_ori: 0.0251
    Episode_Reward/motion_body_pos: 0.0406
    Episode_Reward/motion_body_ori: 0.0082
Episode_Reward/motion_body_lin_vel: 0.0397
Episode_Reward/motion_body_ang_vel: 0.0173
Episode_Reward/motion_anchor_lin_vel: 0.0392
           Episode_Reward/base_pos: 0.0984
         Episode_Reward/racket_pos: 0.0002
         Episode_Reward/racket_vel: 0.0028
         Episode_Reward/racket_ori: 0.0327
Episode_Reward/torso_forward_lean_l2: -0.0083
 Episode_Reward/base_ang_vel_xy_l2: -0.1030
 Episode_Reward/undesired_contacts: -0.0010
Episode_Reward/hitter_foot_slip_l2: -0.0643
Episode_Reward/hitter_hit_unstable_support: -0.0151
Episode_Reward/hitter_foot_edge_drag: -0.0115
    Episode_Reward/hip_yaw_default: 0.1346
     Episode_Reward/action_rate_l2: -0.2032
        Episode_Reward/joint_limit: -0.0157
          Episode_Reward/joint_acc: -0.0081
       Episode_Reward/joint_torque: -0.0017
   Metrics/motion/error_anchor_pos: 0.6327
   Metrics/motion/error_anchor_rot: 0.4312
Metrics/motion/error_anchor_lin_vel: 2.1710
Metrics/motion/error_anchor_ang_vel: 2.1917
     Metrics/motion/error_body_pos: 0.4670
     Metrics/motion/error_body_rot: 0.9361
 Metrics/motion/error_body_lin_vel: 2.3003
 Metrics/motion/error_body_ang_vel: 4.1557
    Metrics/motion/error_joint_pos: 2.2669
    Metrics/motion/error_joint_vel: 15.1309
   Metrics/motion/sampling_entropy: 0.0000
 Metrics/motion/sampling_top1_prob: 0.0000
  Metrics/motion/sampling_top1_bin: 0.0000
Metrics/motion/motion_sampling_prob_mean: 0.1111
Metrics/motion/motion_sampling_prob_std: 0.0000
Metrics/motion/motion_sampling_prob_min: 0.1111
Metrics/motion/motion_sampling_prob_max: 0.1111
Metrics/motion/motion_sampling_prob_entropy: 1.0000
Metrics/motion/hitter_strike_racket_pos_error: 0.2088
Metrics/motion/hitter_strike_racket_vel_error: 0.9679
Metrics/motion/hitter_strike_racket_ori_error: 0.1129
      Episode_Termination/time_out: 0.0000
    Episode_Termination/anchor_pos: 406.8333
    Episode_Termination/anchor_ori: 0.0000
--------------------------------------------------------------------------------
                   Total timesteps: 15360000
                    Iteration time: 2.73s
                      Time elapsed: 00:02:00
                               ETA: 22:57:51

################################################################################
                     [1m Learning iteration 40/200000 [0m                     

                       Computation: 140672 steps/s (collection: 2.465s, learning 0.265s)
             Mean action noise std: 0.68
          Mean value_function loss: 0.0583
               Mean surrogate loss: -0.0085
                 Mean entropy loss: 29.6577
               Mean approx_kl loss: 0.0137
           Mean clip_fraction loss: 0.2018
              Mean ratio_mean loss: 0.9996
          Mean advantage_mean loss: -0.0000
           Mean advantage_std loss: 1.0000
      Mean explained_variance loss: 0.8605
                       Mean reward: 0.33
               Mean episode length: 38.97
Episode_Reward/motion_global_anchor_pos: 0.0236
Episode_Reward/motion_global_anchor_ori: 0.0254
    Episode_Reward/motion_body_pos: 0.0409
    Episode_Reward/motion_body_ori: 0.0082
Episode_Reward/motion_body_lin_vel: 0.0400
Episode_Reward/motion_body_ang_vel: 0.0177
Episode_Reward/motion_anchor_lin_vel: 0.0394
           Episode_Reward/base_pos: 0.0945
         Episode_Reward/racket_pos: 0.0002
         Episode_Reward/racket_vel: 0.0025
         Episode_Reward/racket_ori: 0.0338
Episode_Reward/torso_forward_lean_l2: -0.0082
 Episode_Reward/base_ang_vel_xy_l2: -0.1004
 Episode_Reward/undesired_contacts: -0.0010
Episode_Reward/hitter_foot_slip_l2: -0.0640
Episode_Reward/hitter_hit_unstable_support: -0.0147
Episode_Reward/hitter_foot_edge_drag: -0.0113
    Episode_Reward/hip_yaw_default: 0.1359
     Episode_Reward/action_rate_l2: -0.1989
        Episode_Reward/joint_limit: -0.0152
          Episode_Reward/joint_acc: -0.0079
       Episode_Reward/joint_torque: -0.0017
   Metrics/motion/error_anchor_pos: 0.6316
   Metrics/motion/error_anchor_rot: 0.4262
Metrics/motion/error_anchor_lin_vel: 2.1855
Metrics/motion/error_anchor_ang_vel: 2.1688
     Metrics/motion/error_body_pos: 0.4672
     Metrics/motion/error_body_rot: 0.9447
 Metrics/motion/error_body_lin_vel: 2.3036
 Metrics/motion/error_body_ang_vel: 4.1144
    Metrics/motion/error_joint_pos: 2.2728
    Metrics/motion/error_joint_vel: 15.0063
   Metrics/motion/sampling_entropy: 0.0000
 Metrics/motion/sampling_top1_prob: 0.0000
  Metrics/motion/sampling_top1_bin: 0.0000
Metrics/motion/motion_sampling_prob_mean: 0.1111
Metrics/motion/motion_sampling_prob_std: 0.0000
Metrics/motion/motion_sampling_prob_min: 0.1111
Metrics/motion/motion_sampling_prob_max: 0.1111
Metrics/motion/motion_sampling_prob_entropy: 1.0000
Metrics/motion/hitter_strike_racket_pos_error: 0.2172
Metrics/motion/hitter_strike_racket_vel_error: 1.0024
Metrics/motion/hitter_strike_racket_ori_error: 0.1142
      Episode_Termination/time_out: 0.0000
    Episode_Termination/anchor_pos: 405.3750
    Episode_Termination/anchor_ori: 0.0000
--------------------------------------------------------------------------------
                   Total timesteps: 15744000
                    Iteration time: 2.73s
                      Time elapsed: 00:02:02
                               ETA: 22:35:21

################################################################################
                     [1m Learning iteration 41/200000 [0m                     

                       Computation: 140544 steps/s (collection: 2.470s, learning 0.262s)
             Mean action noise std: 0.68
          Mean value_function loss: 0.0619
               Mean surrogate loss: -0.0074
                 Mean entropy loss: 29.3434
               Mean approx_kl loss: 0.0129
           Mean clip_fraction loss: 0.1866
              Mean ratio_mean loss: 0.9995
          Mean advantage_mean loss: -0.0000
           Mean advantage_std loss: 1.0000
      Mean explained_variance loss: 0.8646
                       Mean reward: 0.70
               Mean episode length: 40.05
Episode_Reward/motion_global_anchor_pos: 0.0236
Episode_Reward/motion_global_anchor_ori: 0.0257
    Episode_Reward/motion_body_pos: 0.0410
    Episode_Reward/motion_body_ori: 0.0083
Episode_Reward/motion_body_lin_vel: 0.0402
Episode_Reward/motion_body_ang_vel: 0.0182
Episode_Reward/motion_anchor_lin_vel: 0.0394
           Episode_Reward/base_pos: 0.0980
         Episode_Reward/racket_pos: 0.0003
         Episode_Reward/racket_vel: 0.0027
         Episode_Reward/racket_ori: 0.0351
Episode_Reward/torso_forward_lean_l2: -0.0080
 Episode_Reward/base_ang_vel_xy_l2: -0.0966
 Episode_Reward/undesired_contacts: -0.0010
Episode_Reward/hitter_foot_slip_l2: -0.0632
Episode_Reward/hitter_hit_unstable_support: -0.0145
Episode_Reward/hitter_foot_edge_drag: -0.0112
    Episode_Reward/hip_yaw_default: 0.1367
     Episode_Reward/action_rate_l2: -0.1940
        Episode_Reward/joint_limit: -0.0150
          Episode_Reward/joint_acc: -0.0077
       Episode_Reward/joint_torque: -0.0017
   Metrics/motion/error_anchor_pos: 0.6325
   Metrics/motion/error_anchor_rot: 0.4151
Metrics/motion/error_anchor_lin_vel: 2.1928
Metrics/motion/error_anchor_ang_vel: 2.1297
     Metrics/motion/error_body_pos: 0.4670
     Metrics/motion/error_body_rot: 0.9388
 Metrics/motion/error_body_lin_vel: 2.3051
 Metrics/motion/error_body_ang_vel: 4.0828
    Metrics/motion/error_joint_pos: 2.2728
    Metrics/motion/error_joint_vel: 14.8933
   Metrics/motion/sampling_entropy: 0.0000
 Metrics/motion/sampling_top1_prob: 0.0000
  Metrics/motion/sampling_top1_bin: 0.0000
Metrics/motion/motion_sampling_prob_mean: 0.1111
Metrics/motion/motion_sampling_prob_std: 0.0000
Metrics/motion/motion_sampling_prob_min: 0.1111
Metrics/motion/motion_sampling_prob_max: 0.1111
Metrics/motion/motion_sampling_prob_entropy: 1.0000
Metrics/motion/hitter_strike_racket_pos_error: 0.2165
Metrics/motion/hitter_strike_racket_vel_error: 0.9901
Metrics/motion/hitter_strike_racket_ori_error: 0.1065
      Episode_Termination/time_out: 0.0000
    Episode_Termination/anchor_pos: 402.4583
    Episode_Termination/anchor_ori: 0.0000
--------------------------------------------------------------------------------
                   Total timesteps: 16128000
                    Iteration time: 2.73s
                      Time elapsed: 00:02:05
                               ETA: 22:14:07

################################################################################
                     [1m Learning iteration 42/200000 [0m                     

                       Computation: 139754 steps/s (collection: 2.487s, learning 0.261s)
             Mean action noise std: 0.67
          Mean value_function loss: 0.0586
               Mean surrogate loss: -0.0065
                 Mean entropy loss: 28.9548
               Mean approx_kl loss: 0.0158
           Mean clip_fraction loss: 0.2324
              Mean ratio_mean loss: 0.9996
          Mean advantage_mean loss: 0.0000
           Mean advantage_std loss: 1.0000
      Mean explained_variance loss: 0.8715
                       Mean reward: 0.76
               Mean episode length: 38.48
Episode_Reward/motion_global_anchor_pos: 0.0238
Episode_Reward/motion_global_anchor_ori: 0.0262
    Episode_Reward/motion_body_pos: 0.0413
    Episode_Reward/motion_body_ori: 0.0084
Episode_Reward/motion_body_lin_vel: 0.0407
Episode_Reward/motion_body_ang_vel: 0.0187
Episode_Reward/motion_anchor_lin_vel: 0.0396
           Episode_Reward/base_pos: 0.0965
         Episode_Reward/racket_pos: 0.0003
         Episode_Reward/racket_vel: 0.0027
         Episode_Reward/racket_ori: 0.0362
Episode_Reward/torso_forward_lean_l2: -0.0077
 Episode_Reward/base_ang_vel_xy_l2: -0.0932
 Episode_Reward/undesired_contacts: -0.0010
Episode_Reward/hitter_foot_slip_l2: -0.0629
Episode_Reward/hitter_hit_unstable_support: -0.0136
Episode_Reward/hitter_foot_edge_drag: -0.0110
    Episode_Reward/hip_yaw_default: 0.1378
     Episode_Reward/action_rate_l2: -0.1895
        Episode_Reward/joint_limit: -0.0147
          Episode_Reward/joint_acc: -0.0075
       Episode_Reward/joint_torque: -0.0017
   Metrics/motion/error_anchor_pos: 0.6317
   Metrics/motion/error_anchor_rot: 0.4033
Metrics/motion/error_anchor_lin_vel: 2.1977
Metrics/motion/error_anchor_ang_vel: 2.0858
     Metrics/motion/error_body_pos: 0.4666
     Metrics/motion/error_body_rot: 0.9361
 Metrics/motion/error_body_lin_vel: 2.3078
 Metrics/motion/error_body_ang_vel: 4.0304
    Metrics/motion/error_joint_pos: 2.2688
    Metrics/motion/error_joint_vel: 14.7264
   Metrics/motion/sampling_entropy: 0.0000
 Metrics/motion/sampling_top1_prob: 0.0000
  Metrics/motion/sampling_top1_bin: 0.0000
Metrics/motion/motion_sampling_prob_mean: 0.1111
Metrics/motion/motion_sampling_prob_std: 0.0000
Metrics/motion/motion_sampling_prob_min: 0.1111
Metrics/motion/motion_sampling_prob_max: 0.1111
Metrics/motion/motion_sampling_prob_entropy: 1.0000
Metrics/motion/hitter_strike_racket_pos_error: 0.2113
Metrics/motion/hitter_strike_racket_vel_error: 0.9810
Metrics/motion/hitter_strike_racket_ori_error: 0.0988
      Episode_Termination/time_out: 0.0000
    Episode_Termination/anchor_pos: 401.5000
    Episode_Termination/anchor_ori: 0.0000
--------------------------------------------------------------------------------
                   Total timesteps: 16512000
                    Iteration time: 2.75s
                      Time elapsed: 00:02:08
                               ETA: 21:55:04

################################################################################
                     [1m Learning iteration 43/200000 [0m                     

                       Computation: 140658 steps/s (collection: 2.466s, learning 0.264s)
             Mean action noise std: 0.66
          Mean value_function loss: 0.0613
               Mean surrogate loss: -0.0066
                 Mean entropy loss: 28.6897
               Mean approx_kl loss: 0.0134
           Mean clip_fraction loss: 0.1989
              Mean ratio_mean loss: 0.9996
          Mean advantage_mean loss: -0.0000
           Mean advantage_std loss: 1.0000
      Mean explained_variance loss: 0.8738
                       Mean reward: 1.01
               Mean episode length: 40.85
Episode_Reward/motion_global_anchor_pos: 0.0241
Episode_Reward/motion_global_anchor_ori: 0.0265
    Episode_Reward/motion_body_pos: 0.0418
    Episode_Reward/motion_body_ori: 0.0084
Episode_Reward/motion_body_lin_vel: 0.0418
Episode_Reward/motion_body_ang_vel: 0.0193
Episode_Reward/motion_anchor_lin_vel: 0.0404
           Episode_Reward/base_pos: 0.0995
         Episode_Reward/racket_pos: 0.0003
         Episode_Reward/racket_vel: 0.0031
         Episode_Reward/racket_ori: 0.0399
Episode_Reward/torso_forward_lean_l2: -0.0077
 Episode_Reward/base_ang_vel_xy_l2: -0.0923
 Episode_Reward/undesired_contacts: -0.0010
Episode_Reward/hitter_foot_slip_l2: -0.0629
Episode_Reward/hitter_hit_unstable_support: -0.0140
Episode_Reward/hitter_foot_edge_drag: -0.0108
    Episode_Reward/hip_yaw_default: 0.1401
     Episode_Reward/action_rate_l2: -0.1874
        Episode_Reward/joint_limit: -0.0142
          Episode_Reward/joint_acc: -0.0074
       Episode_Reward/joint_torque: -0.0017
   Metrics/motion/error_anchor_pos: 0.6328
   Metrics/motion/error_anchor_rot: 0.4049
Metrics/motion/error_anchor_lin_vel: 2.1969
Metrics/motion/error_anchor_ang_vel: 2.0476
     Metrics/motion/error_body_pos: 0.4668
     Metrics/motion/error_body_rot: 0.9418
 Metrics/motion/error_body_lin_vel: 2.3010
 Metrics/motion/error_body_ang_vel: 4.0163
    Metrics/motion/error_joint_pos: 2.2782
    Metrics/motion/error_joint_vel: 14.6617
   Metrics/motion/sampling_entropy: 0.0000
 Metrics/motion/sampling_top1_prob: 0.0000
  Metrics/motion/sampling_top1_bin: 0.0000
Metrics/motion/motion_sampling_prob_mean: 0.1111
Metrics/motion/motion_sampling_prob_std: 0.0000
Metrics/motion/motion_sampling_prob_min: 0.1111
Metrics/motion/motion_sampling_prob_max: 0.1111
Metrics/motion/motion_sampling_prob_entropy: 1.0000
Metrics/motion/hitter_strike_racket_pos_error: 0.2274
Metrics/motion/hitter_strike_racket_vel_error: 1.0428
Metrics/motion/hitter_strike_racket_ori_error: 0.0991
      Episode_Termination/time_out: 0.0000
    Episode_Termination/anchor_pos: 401.0417
    Episode_Termination/anchor_ori: 0.0000
--------------------------------------------------------------------------------
                   Total timesteps: 16896000
                    Iteration time: 2.73s
                      Time elapsed: 00:02:11
                               ETA: 21:35:32

################################################################################
                     [1m Learning iteration 44/200000 [0m                     

                       Computation: 141867 steps/s (collection: 2.447s, learning 0.259s)
             Mean action noise std: 0.66
          Mean value_function loss: 0.0656
               Mean surrogate loss: -0.0044
                 Mean entropy loss: 28.3958
               Mean approx_kl loss: 0.0140
           Mean clip_fraction loss: 0.2031
              Mean ratio_mean loss: 0.9998
          Mean advantage_mean loss: 0.0000
           Mean advantage_std loss: 1.0000
      Mean explained_variance loss: 0.8803
                       Mean reward: 1.14
               Mean episode length: 40.31
Episode_Reward/motion_global_anchor_pos: 0.0242
Episode_Reward/motion_global_anchor_ori: 0.0270
    Episode_Reward/motion_body_pos: 0.0420
    Episode_Reward/motion_body_ori: 0.0085
Episode_Reward/motion_body_lin_vel: 0.0422
Episode_Reward/motion_body_ang_vel: 0.0198
Episode_Reward/motion_anchor_lin_vel: 0.0406
           Episode_Reward/base_pos: 0.0980
         Episode_Reward/racket_pos: 0.0004
         Episode_Reward/racket_vel: 0.0035
         Episode_Reward/racket_ori: 0.0400
Episode_Reward/torso_forward_lean_l2: -0.0075
 Episode_Reward/base_ang_vel_xy_l2: -0.0902
 Episode_Reward/undesired_contacts: -0.0010
Episode_Reward/hitter_foot_slip_l2: -0.0625
Episode_Reward/hitter_hit_unstable_support: -0.0133
Episode_Reward/hitter_foot_edge_drag: -0.0107
    Episode_Reward/hip_yaw_default: 0.1412
     Episode_Reward/action_rate_l2: -0.1840
        Episode_Reward/joint_limit: -0.0141
          Episode_Reward/joint_acc: -0.0073
       Episode_Reward/joint_torque: -0.0016
   Metrics/motion/error_anchor_pos: 0.6330
   Metrics/motion/error_anchor_rot: 0.3981
Metrics/motion/error_anchor_lin_vel: 2.2023
Metrics/motion/error_anchor_ang_vel: 2.0249
     Metrics/motion/error_body_pos: 0.4666
     Metrics/motion/error_body_rot: 0.9383
 Metrics/motion/error_body_lin_vel: 2.2980
 Metrics/motion/error_body_ang_vel: 3.9583
    Metrics/motion/error_joint_pos: 2.2845
    Metrics/motion/error_joint_vel: 14.4733
   Metrics/motion/sampling_entropy: 0.0000
 Metrics/motion/sampling_top1_prob: 0.0000
  Metrics/motion/sampling_top1_bin: 0.0000
Metrics/motion/motion_sampling_prob_mean: 0.1111
Metrics/motion/motion_sampling_prob_std: 0.0000
Metrics/motion/motion_sampling_prob_min: 0.1111
Metrics/motion/motion_sampling_prob_max: 0.1111
Metrics/motion/motion_sampling_prob_entropy: 1.0000
Metrics/motion/hitter_strike_racket_pos_error: 0.2246
Metrics/motion/hitter_strike_racket_vel_error: 1.0376
Metrics/motion/hitter_strike_racket_ori_error: 0.0982
      Episode_Termination/time_out: 0.0000
    Episode_Termination/anchor_pos: 397.2500
    Episode_Termination/anchor_ori: 0.0000
--------------------------------------------------------------------------------
                   Total timesteps: 17280000
                    Iteration time: 2.71s
                      Time elapsed: 00:02:13
                               ETA: 21:15:09

################################################################################
                     [1m Learning iteration 45/200000 [0m                     

                       Computation: 141346 steps/s (collection: 2.453s, learning 0.263s)
             Mean action noise std: 0.65
          Mean value_function loss: 0.0651
               Mean surrogate loss: -0.0063
                 Mean entropy loss: 28.0615
               Mean approx_kl loss: 0.0131
           Mean clip_fraction loss: 0.1928
              Mean ratio_mean loss: 0.9997
          Mean advantage_mean loss: -0.0000
           Mean advantage_std loss: 1.0000
      Mean explained_variance loss: 0.8861
                       Mean reward: 1.18
               Mean episode length: 39.49
Episode_Reward/motion_global_anchor_pos: 0.0243
Episode_Reward/motion_global_anchor_ori: 0.0272
    Episode_Reward/motion_body_pos: 0.0422
    Episode_Reward/motion_body_ori: 0.0086
Episode_Reward/motion_body_lin_vel: 0.0427
Episode_Reward/motion_body_ang_vel: 0.0203
Episode_Reward/motion_anchor_lin_vel: 0.0408
           Episode_Reward/base_pos: 0.0969
         Episode_Reward/racket_pos: 0.0003
         Episode_Reward/racket_vel: 0.0034
         Episode_Reward/racket_ori: 0.0423
Episode_Reward/torso_forward_lean_l2: -0.0073
 Episode_Reward/base_ang_vel_xy_l2: -0.0869
 Episode_Reward/undesired_contacts: -0.0010
Episode_Reward/hitter_foot_slip_l2: -0.0623
Episode_Reward/hitter_hit_unstable_support: -0.0125
Episode_Reward/hitter_foot_edge_drag: -0.0106
    Episode_Reward/hip_yaw_default: 0.1423
     Episode_Reward/action_rate_l2: -0.1802
        Episode_Reward/joint_limit: -0.0139
          Episode_Reward/joint_acc: -0.0072
       Episode_Reward/joint_torque: -0.0016
   Metrics/motion/error_anchor_pos: 0.6332
   Metrics/motion/error_anchor_rot: 0.3905
Metrics/motion/error_anchor_lin_vel: 2.2035
Metrics/motion/error_anchor_ang_vel: 1.9813
     Metrics/motion/error_body_pos: 0.4665
     Metrics/motion/error_body_rot: 0.9336
 Metrics/motion/error_body_lin_vel: 2.2949
 Metrics/motion/error_body_ang_vel: 3.9418
    Metrics/motion/error_joint_pos: 2.2830
    Metrics/motion/error_joint_vel: 14.4239
   Metrics/motion/sampling_entropy: 0.0000
 Metrics/motion/sampling_top1_prob: 0.0000
  Metrics/motion/sampling_top1_bin: 0.0000
Metrics/motion/motion_sampling_prob_mean: 0.1111
Metrics/motion/motion_sampling_prob_std: 0.0000
Metrics/motion/motion_sampling_prob_min: 0.1111
Metrics/motion/motion_sampling_prob_max: 0.1111
Metrics/motion/motion_sampling_prob_entropy: 1.0000
Metrics/motion/hitter_strike_racket_pos_error: 0.2239
Metrics/motion/hitter_strike_racket_vel_error: 1.0319
Metrics/motion/hitter_strike_racket_ori_error: 0.0869
      Episode_Termination/time_out: 0.0000
    Episode_Termination/anchor_pos: 393.0000
    Episode_Termination/anchor_ori: 0.0000
--------------------------------------------------------------------------------
                   Total timesteps: 17664000
                    Iteration time: 2.72s
                      Time elapsed: 00:02:16
                               ETA: 20:56:23

################################################################################
                     [1m Learning iteration 46/200000 [0m                     

                       Computation: 139539 steps/s (collection: 2.472s, learning 0.280s)
             Mean action noise std: 0.64
          Mean value_function loss: 0.0636
               Mean surrogate loss: -0.0067
                 Mean entropy loss: 27.7437
               Mean approx_kl loss: 0.0138
           Mean clip_fraction loss: 0.2091
              Mean ratio_mean loss: 0.9999
          Mean advantage_mean loss: 0.0000
           Mean advantage_std loss: 1.0000
      Mean explained_variance loss: 0.8935
                       Mean reward: 1.19
               Mean episode length: 41.76
Episode_Reward/motion_global_anchor_pos: 0.0247
Episode_Reward/motion_global_anchor_ori: 0.0273
    Episode_Reward/motion_body_pos: 0.0428
    Episode_Reward/motion_body_ori: 0.0087
Episode_Reward/motion_body_lin_vel: 0.0438
Episode_Reward/motion_body_ang_vel: 0.0209
Episode_Reward/motion_anchor_lin_vel: 0.0417
           Episode_Reward/base_pos: 0.1002
         Episode_Reward/racket_pos: 0.0003
         Episode_Reward/racket_vel: 0.0036
         Episode_Reward/racket_ori: 0.0445
Episode_Reward/torso_forward_lean_l2: -0.0075
 Episode_Reward/base_ang_vel_xy_l2: -0.0864
 Episode_Reward/undesired_contacts: -0.0010
Episode_Reward/hitter_foot_slip_l2: -0.0622
Episode_Reward/hitter_hit_unstable_support: -0.0124
Episode_Reward/hitter_foot_edge_drag: -0.0105
    Episode_Reward/hip_yaw_default: 0.1446
     Episode_Reward/action_rate_l2: -0.1786
        Episode_Reward/joint_limit: -0.0136
          Episode_Reward/joint_acc: -0.0070
       Episode_Reward/joint_torque: -0.0016
   Metrics/motion/error_anchor_pos: 0.6348
   Metrics/motion/error_anchor_rot: 0.3995
Metrics/motion/error_anchor_lin_vel: 2.2053
Metrics/motion/error_anchor_ang_vel: 1.9541
     Metrics/motion/error_body_pos: 0.4666
     Metrics/motion/error_body_rot: 0.9370
 Metrics/motion/error_body_lin_vel: 2.2985
 Metrics/motion/error_body_ang_vel: 3.9120
    Metrics/motion/error_joint_pos: 2.2881
    Metrics/motion/error_joint_vel: 14.2829
   Metrics/motion/sampling_entropy: 0.0000
 Metrics/motion/sampling_top1_prob: 0.0000
  Metrics/motion/sampling_top1_bin: 0.0000
Metrics/motion/motion_sampling_prob_mean: 0.1111
Metrics/motion/motion_sampling_prob_std: 0.0000
Metrics/motion/motion_sampling_prob_min: 0.1111
Metrics/motion/motion_sampling_prob_max: 0.1111
Metrics/motion/motion_sampling_prob_entropy: 1.0000
Metrics/motion/hitter_strike_racket_pos_error: 0.2354
Metrics/motion/hitter_strike_racket_vel_error: 1.0757
Metrics/motion/hitter_strike_racket_ori_error: 0.0887
      Episode_Termination/time_out: 0.0000
    Episode_Termination/anchor_pos: 392.0000
    Episode_Termination/anchor_ori: 0.0000
--------------------------------------------------------------------------------
                   Total timesteps: 18048000
                    Iteration time: 2.75s
                      Time elapsed: 00:02:19
                               ETA: 20:40:54

################################################################################
                     [1m Learning iteration 47/200000 [0m                     

                       Computation: 138955 steps/s (collection: 2.505s, learning 0.259s)
             Mean action noise std: 0.64
          Mean value_function loss: 0.0656
               Mean surrogate loss: -0.0066
                 Mean entropy loss: 27.4995
               Mean approx_kl loss: 0.0125
           Mean clip_fraction loss: 0.1808
              Mean ratio_mean loss: 0.9995
          Mean advantage_mean loss: 0.0000
           Mean advantage_std loss: 1.0000
      Mean explained_variance loss: 0.9015
                       Mean reward: 1.26
               Mean episode length: 40.29
Episode_Reward/motion_global_anchor_pos: 0.0250
Episode_Reward/motion_global_anchor_ori: 0.0278
    Episode_Reward/motion_body_pos: 0.0433
    Episode_Reward/motion_body_ori: 0.0087
Episode_Reward/motion_body_lin_vel: 0.0447
Episode_Reward/motion_body_ang_vel: 0.0215
Episode_Reward/motion_anchor_lin_vel: 0.0424
           Episode_Reward/base_pos: 0.0993
         Episode_Reward/racket_pos: 0.0003
         Episode_Reward/racket_vel: 0.0036
         Episode_Reward/racket_ori: 0.0478
Episode_Reward/torso_forward_lean_l2: -0.0075
 Episode_Reward/base_ang_vel_xy_l2: -0.0856
 Episode_Reward/undesired_contacts: -0.0010
Episode_Reward/hitter_foot_slip_l2: -0.0623
Episode_Reward/hitter_hit_unstable_support: -0.0125
Episode_Reward/hitter_foot_edge_drag: -0.0105
    Episode_Reward/hip_yaw_default: 0.1464
     Episode_Reward/action_rate_l2: -0.1766
        Episode_Reward/joint_limit: -0.0134
          Episode_Reward/joint_acc: -0.0069
       Episode_Reward/joint_torque: -0.0016
   Metrics/motion/error_anchor_pos: 0.6368
   Metrics/motion/error_anchor_rot: 0.3981
Metrics/motion/error_anchor_lin_vel: 2.2116
Metrics/motion/error_anchor_ang_vel: 1.9315
     Metrics/motion/error_body_pos: 0.4668
     Metrics/motion/error_body_rot: 0.9344
 Metrics/motion/error_body_lin_vel: 2.3020
 Metrics/motion/error_body_ang_vel: 3.9133
    Metrics/motion/error_joint_pos: 2.2822
    Metrics/motion/error_joint_vel: 14.2191
   Metrics/motion/sampling_entropy: 0.0000
 Metrics/motion/sampling_top1_prob: 0.0000
  Metrics/motion/sampling_top1_bin: 0.0000
Metrics/motion/motion_sampling_prob_mean: 0.1111
Metrics/motion/motion_sampling_prob_std: 0.0000
Metrics/motion/motion_sampling_prob_min: 0.1111
Metrics/motion/motion_sampling_prob_max: 0.1111
Metrics/motion/motion_sampling_prob_entropy: 1.0000
Metrics/motion/hitter_strike_racket_pos_error: 0.2432
Metrics/motion/hitter_strike_racket_vel_error: 1.1058
Metrics/motion/hitter_strike_racket_ori_error: 0.0835
      Episode_Termination/time_out: 0.0000
    Episode_Termination/anchor_pos: 389.5000
    Episode_Termination/anchor_ori: 0.0000
--------------------------------------------------------------------------------
                   Total timesteps: 18432000
                    Iteration time: 2.76s
                      Time elapsed: 00:02:22
                               ETA: 20:26:51

################################################################################
                     [1m Learning iteration 48/200000 [0m                     

                       Computation: 139846 steps/s (collection: 2.468s, learning 0.278s)
             Mean action noise std: 0.63
          Mean value_function loss: 0.0664
               Mean surrogate loss: -0.0071
                 Mean entropy loss: 27.1520
               Mean approx_kl loss: 0.0127
           Mean clip_fraction loss: 0.1869
              Mean ratio_mean loss: 0.9997
          Mean advantage_mean loss: -0.0000
           Mean advantage_std loss: 1.0000
      Mean explained_variance loss: 0.9105
                       Mean reward: 1.36
               Mean episode length: 39.81
Episode_Reward/motion_global_anchor_pos: 0.0249
Episode_Reward/motion_global_anchor_ori: 0.0278
    Episode_Reward/motion_body_pos: 0.0432
    Episode_Reward/motion_body_ori: 0.0088
Episode_Reward/motion_body_lin_vel: 0.0445
Episode_Reward/motion_body_ang_vel: 0.0218
Episode_Reward/motion_anchor_lin_vel: 0.0422
           Episode_Reward/base_pos: 0.0986
         Episode_Reward/racket_pos: 0.0003
         Episode_Reward/racket_vel: 0.0037
         Episode_Reward/racket_ori: 0.0485
Episode_Reward/torso_forward_lean_l2: -0.0075
 Episode_Reward/base_ang_vel_xy_l2: -0.0828
 Episode_Reward/undesired_contacts: -0.0010
Episode_Reward/hitter_foot_slip_l2: -0.0615
Episode_Reward/hitter_hit_unstable_support: -0.0121
Episode_Reward/hitter_foot_edge_drag: -0.0102
    Episode_Reward/hip_yaw_default: 0.1465
     Episode_Reward/action_rate_l2: -0.1721
        Episode_Reward/joint_limit: -0.0131
          Episode_Reward/joint_acc: -0.0067
       Episode_Reward/joint_torque: -0.0016
   Metrics/motion/error_anchor_pos: 0.6368
   Metrics/motion/error_anchor_rot: 0.3979
Metrics/motion/error_anchor_lin_vel: 2.2192
Metrics/motion/error_anchor_ang_vel: 1.9079
     Metrics/motion/error_body_pos: 0.4667
     Metrics/motion/error_body_rot: 0.9334
 Metrics/motion/error_body_lin_vel: 2.3057
 Metrics/motion/error_body_ang_vel: 3.8856
    Metrics/motion/error_joint_pos: 2.2773
    Metrics/motion/error_joint_vel: 14.0573
   Metrics/motion/sampling_entropy: 0.0000
 Metrics/motion/sampling_top1_prob: 0.0000
  Metrics/motion/sampling_top1_bin: 0.0000
Metrics/motion/motion_sampling_prob_mean: 0.1111
Metrics/motion/motion_sampling_prob_std: 0.0000
Metrics/motion/motion_sampling_prob_min: 0.1111
Metrics/motion/motion_sampling_prob_max: 0.1111
Metrics/motion/motion_sampling_prob_entropy: 1.0000
Metrics/motion/hitter_strike_racket_pos_error: 0.2489
Metrics/motion/hitter_strike_racket_vel_error: 1.1005
Metrics/motion/hitter_strike_racket_ori_error: 0.0800
      Episode_Termination/time_out: 0.0000
    Episode_Termination/anchor_pos: 390.7500
    Episode_Termination/anchor_ori: 0.0000
--------------------------------------------------------------------------------
                   Total timesteps: 18816000
                    Iteration time: 2.75s
                      Time elapsed: 00:02:24
                               ETA: 20:12:12

################################################################################
                     [1m Learning iteration 49/200000 [0m                     

                       Computation: 141172 steps/s (collection: 2.457s, learning 0.263s)
             Mean action noise std: 0.63
          Mean value_function loss: 0.0733
               Mean surrogate loss: -0.0060
                 Mean entropy loss: 26.8767
               Mean approx_kl loss: 0.0151
           Mean clip_fraction loss: 0.2190
              Mean ratio_mean loss: 0.9993
          Mean advantage_mean loss: 0.0000
           Mean advantage_std loss: 1.0000
      Mean explained_variance loss: 0.9123
                       Mean reward: 1.78
               Mean episode length: 41.63
Episode_Reward/motion_global_anchor_pos: 0.0251
Episode_Reward/motion_global_anchor_ori: 0.0281
    Episode_Reward/motion_body_pos: 0.0437
    Episode_Reward/motion_body_ori: 0.0089
Episode_Reward/motion_body_lin_vel: 0.0454
Episode_Reward/motion_body_ang_vel: 0.0225
Episode_Reward/motion_anchor_lin_vel: 0.0428
           Episode_Reward/base_pos: 0.0990
         Episode_Reward/racket_pos: 0.0003
         Episode_Reward/racket_vel: 0.0043
         Episode_Reward/racket_ori: 0.0517
Episode_Reward/torso_forward_lean_l2: -0.0076
 Episode_Reward/base_ang_vel_xy_l2: -0.0817
 Episode_Reward/undesired_contacts: -0.0010
Episode_Reward/hitter_foot_slip_l2: -0.0616
Episode_Reward/hitter_hit_unstable_support: -0.0121
Episode_Reward/hitter_foot_edge_drag: -0.0101
    Episode_Reward/hip_yaw_default: 0.1484
     Episode_Reward/action_rate_l2: -0.1705
        Episode_Reward/joint_limit: -0.0129
          Episode_Reward/joint_acc: -0.0066
       Episode_Reward/joint_torque: -0.0016
   Metrics/motion/error_anchor_pos: 0.6392
   Metrics/motion/error_anchor_rot: 0.3954
Metrics/motion/error_anchor_lin_vel: 2.2242
Metrics/motion/error_anchor_ang_vel: 1.8816
     Metrics/motion/error_body_pos: 0.4666
     Metrics/motion/error_body_rot: 0.9323
 Metrics/motion/error_body_lin_vel: 2.3113
 Metrics/motion/error_body_ang_vel: 3.8436
    Metrics/motion/error_joint_pos: 2.2774
    Metrics/motion/error_joint_vel: 13.9758
   Metrics/motion/sampling_entropy: 0.0000
 Metrics/motion/sampling_top1_prob: 0.0000
  Metrics/motion/sampling_top1_bin: 0.0000
Metrics/motion/motion_sampling_prob_mean: 0.1111
Metrics/motion/motion_sampling_prob_std: 0.0000
Metrics/motion/motion_sampling_prob_min: 0.1111
Metrics/motion/motion_sampling_prob_max: 0.1111
Metrics/motion/motion_sampling_prob_entropy: 1.0000
Metrics/motion/hitter_strike_racket_pos_error: 0.2564
Metrics/motion/hitter_strike_racket_vel_error: 1.1358
Metrics/motion/hitter_strike_racket_ori_error: 0.0783
      Episode_Termination/time_out: 0.0000
    Episode_Termination/anchor_pos: 383.0000
    Episode_Termination/anchor_ori: 0.0000
--------------------------------------------------------------------------------
                   Total timesteps: 19200000
                    Iteration time: 2.72s
                      Time elapsed: 00:02:27
                               ETA: 19:56:24

################################################################################
                     [1m Learning iteration 50/200000 [0m                     

                       Computation: 139998 steps/s (collection: 2.476s, learning 0.267s)
             Mean action noise std: 0.62
          Mean value_function loss: 0.0741
               Mean surrogate loss: -0.0049
                 Mean entropy loss: 26.6698
               Mean approx_kl loss: 0.0118
           Mean clip_fraction loss: 0.1710
              Mean ratio_mean loss: 0.9999
          Mean advantage_mean loss: -0.0000
           Mean advantage_std loss: 1.0000
      Mean explained_variance loss: 0.9135
                       Mean reward: 1.58
               Mean episode length: 39.94
Episode_Reward/motion_global_anchor_pos: 0.0256
Episode_Reward/motion_global_anchor_ori: 0.0285
    Episode_Reward/motion_body_pos: 0.0444
    Episode_Reward/motion_body_ori: 0.0089
Episode_Reward/motion_body_lin_vel: 0.0469
Episode_Reward/motion_body_ang_vel: 0.0233
Episode_Reward/motion_anchor_lin_vel: 0.0441
           Episode_Reward/base_pos: 0.1014
         Episode_Reward/racket_pos: 0.0003
         Episode_Reward/racket_vel: 0.0044
         Episode_Reward/racket_ori: 0.0553
Episode_Reward/torso_forward_lean_l2: -0.0077
 Episode_Reward/base_ang_vel_xy_l2: -0.0815
 Episode_Reward/undesired_contacts: -0.0011
Episode_Reward/hitter_foot_slip_l2: -0.0620
Episode_Reward/hitter_hit_unstable_support: -0.0122
Episode_Reward/hitter_foot_edge_drag: -0.0101
    Episode_Reward/hip_yaw_default: 0.1509
     Episode_Reward/action_rate_l2: -0.1697
        Episode_Reward/joint_limit: -0.0125
          Episode_Reward/joint_acc: -0.0066
       Episode_Reward/joint_torque: -0.0016
   Metrics/motion/error_anchor_pos: 0.6399
   Metrics/motion/error_anchor_rot: 0.3999
Metrics/motion/error_anchor_lin_vel: 2.2262
Metrics/motion/error_anchor_ang_vel: 1.8690
     Metrics/motion/error_body_pos: 0.4667
     Metrics/motion/error_body_rot: 0.9361
 Metrics/motion/error_body_lin_vel: 2.3057
 Metrics/motion/error_body_ang_vel: 3.8140
    Metrics/motion/error_joint_pos: 2.2766
    Metrics/motion/error_joint_vel: 13.9364
   Metrics/motion/sampling_entropy: 0.0000
 Metrics/motion/sampling_top1_prob: 0.0000
  Metrics/motion/sampling_top1_bin: 0.0000
Metrics/motion/motion_sampling_prob_mean: 0.1111
Metrics/motion/motion_sampling_prob_std: 0.0000
Metrics/motion/motion_sampling_prob_min: 0.1111
Metrics/motion/motion_sampling_prob_max: 0.1111
Metrics/motion/motion_sampling_prob_entropy: 1.0000
Metrics/motion/hitter_strike_racket_pos_error: 0.2674
Metrics/motion/hitter_strike_racket_vel_error: 1.1990
Metrics/motion/hitter_strike_racket_ori_error: 0.0764
      Episode_Termination/time_out: 0.0000
    Episode_Termination/anchor_pos: 379.3333
    Episode_Termination/anchor_ori: 0.0000
--------------------------------------------------------------------------------
                   Total timesteps: 19584000
                    Iteration time: 2.74s
                      Time elapsed: 00:02:30
                               ETA: 19:42:42

################################################################################
                     [1m Learning iteration 51/200000 [0m                     

                       Computation: 141291 steps/s (collection: 2.459s, learning 0.259s)
             Mean action noise std: 0.62
          Mean value_function loss: 0.0704
               Mean surrogate loss: -0.0069
                 Mean entropy loss: 26.3467
               Mean approx_kl loss: 0.0123
           Mean clip_fraction loss: 0.1888
              Mean ratio_mean loss: 1.0001
          Mean advantage_mean loss: 0.0000
           Mean advantage_std loss: 1.0000
      Mean explained_variance loss: 0.9234
                       Mean reward: 1.84
               Mean episode length: 42.97
Episode_Reward/motion_global_anchor_pos: 0.0256
Episode_Reward/motion_global_anchor_ori: 0.0286
    Episode_Reward/motion_body_pos: 0.0445
    Episode_Reward/motion_body_ori: 0.0090
Episode_Reward/motion_body_lin_vel: 0.0469
Episode_Reward/motion_body_ang_vel: 0.0237
Episode_Reward/motion_anchor_lin_vel: 0.0441
           Episode_Reward/base_pos: 0.1019
         Episode_Reward/racket_pos: 0.0004
         Episode_Reward/racket_vel: 0.0047
         Episode_Reward/racket_ori: 0.0563
Episode_Reward/torso_forward_lean_l2: -0.0077
 Episode_Reward/base_ang_vel_xy_l2: -0.0802
 Episode_Reward/undesired_contacts: -0.0011
Episode_Reward/hitter_foot_slip_l2: -0.0614
Episode_Reward/hitter_hit_unstable_support: -0.0117
Episode_Reward/hitter_foot_edge_drag: -0.0100
    Episode_Reward/hip_yaw_default: 0.1515
     Episode_Reward/action_rate_l2: -0.1668
        Episode_Reward/joint_limit: -0.0123
          Episode_Reward/joint_acc: -0.0065
       Episode_Reward/joint_torque: -0.0015
   Metrics/motion/error_anchor_pos: 0.6411
   Metrics/motion/error_anchor_rot: 0.4018
Metrics/motion/error_anchor_lin_vel: 2.2338
Metrics/motion/error_anchor_ang_vel: 1.8392
     Metrics/motion/error_body_pos: 0.4662
     Metrics/motion/error_body_rot: 0.9315
 Metrics/motion/error_body_lin_vel: 2.3075
 Metrics/motion/error_body_ang_vel: 3.7704
    Metrics/motion/error_joint_pos: 2.2657
    Metrics/motion/error_joint_vel: 13.7790
   Metrics/motion/sampling_entropy: 0.0000
 Metrics/motion/sampling_top1_prob: 0.0000
  Metrics/motion/sampling_top1_bin: 0.0000
Metrics/motion/motion_sampling_prob_mean: 0.1111
Metrics/motion/motion_sampling_prob_std: 0.0000
Metrics/motion/motion_sampling_prob_min: 0.1111
Metrics/motion/motion_sampling_prob_max: 0.1111
Metrics/motion/motion_sampling_prob_entropy: 1.0000
Metrics/motion/hitter_strike_racket_pos_error: 0.2651
Metrics/motion/hitter_strike_racket_vel_error: 1.1749
Metrics/motion/hitter_strike_racket_ori_error: 0.0695
      Episode_Termination/time_out: 0.0000
    Episode_Termination/anchor_pos: 378.2083
    Episode_Termination/anchor_ori: 0.0000
--------------------------------------------------------------------------------
                   Total timesteps: 19968000
                    Iteration time: 2.72s
                      Time elapsed: 00:02:33
                               ETA: 19:27:56

################################################################################
                     [1m Learning iteration 52/200000 [0m                     

                       Computation: 141719 steps/s (collection: 2.449s, learning 0.261s)
             Mean action noise std: 0.61
          Mean value_function loss: 0.0692
               Mean surrogate loss: -0.0061
                 Mean entropy loss: 26.1275
               Mean approx_kl loss: 0.0130
           Mean clip_fraction loss: 0.1899
              Mean ratio_mean loss: 0.9995
          Mean advantage_mean loss: 0.0000
           Mean advantage_std loss: 1.0000
      Mean explained_variance loss: 0.9274
                       Mean reward: 2.03
               Mean episode length: 42.56
Episode_Reward/motion_global_anchor_pos: 0.0262
Episode_Reward/motion_global_anchor_ori: 0.0287
    Episode_Reward/motion_body_pos: 0.0453
    Episode_Reward/motion_body_ori: 0.0090
Episode_Reward/motion_body_lin_vel: 0.0484
Episode_Reward/motion_body_ang_vel: 0.0245
Episode_Reward/motion_anchor_lin_vel: 0.0453
           Episode_Reward/base_pos: 0.1009
         Episode_Reward/racket_pos: 0.0004
         Episode_Reward/racket_vel: 0.0047
         Episode_Reward/racket_ori: 0.0596
Episode_Reward/torso_forward_lean_l2: -0.0079
 Episode_Reward/base_ang_vel_xy_l2: -0.0797
 Episode_Reward/undesired_contacts: -0.0011
Episode_Reward/hitter_foot_slip_l2: -0.0615
Episode_Reward/hitter_hit_unstable_support: -0.0118
Episode_Reward/hitter_foot_edge_drag: -0.0100
    Episode_Reward/hip_yaw_default: 0.1539
     Episode_Reward/action_rate_l2: -0.1662
        Episode_Reward/joint_limit: -0.0121
          Episode_Reward/joint_acc: -0.0064
       Episode_Reward/joint_torque: -0.0016
   Metrics/motion/error_anchor_pos: 0.6411
   Metrics/motion/error_anchor_rot: 0.4039
Metrics/motion/error_anchor_lin_vel: 2.2383
Metrics/motion/error_anchor_ang_vel: 1.8435
     Metrics/motion/error_body_pos: 0.4663
     Metrics/motion/error_body_rot: 0.9325
 Metrics/motion/error_body_lin_vel: 2.3043
 Metrics/motion/error_body_ang_vel: 3.7833
    Metrics/motion/error_joint_pos: 2.2668
    Metrics/motion/error_joint_vel: 13.7658
   Metrics/motion/sampling_entropy: 0.0000
 Metrics/motion/sampling_top1_prob: 0.0000
  Metrics/motion/sampling_top1_bin: 0.0000
Metrics/motion/motion_sampling_prob_mean: 0.1111
Metrics/motion/motion_sampling_prob_std: 0.0000
Metrics/motion/motion_sampling_prob_min: 0.1111
Metrics/motion/motion_sampling_prob_max: 0.1111
Metrics/motion/motion_sampling_prob_entropy: 1.0000
Metrics/motion/hitter_strike_racket_pos_error: 0.2747
Metrics/motion/hitter_strike_racket_vel_error: 1.2284
Metrics/motion/hitter_strike_racket_ori_error: 0.0686
      Episode_Termination/time_out: 0.0000
    Episode_Termination/anchor_pos: 375.5417
    Episode_Termination/anchor_ori: 0.0000
--------------------------------------------------------------------------------
                   Total timesteps: 20352000
                    Iteration time: 2.71s
                      Time elapsed: 00:02:35
                               ETA: 19:13:12

################################################################################
                     [1m Learning iteration 53/200000 [0m                     

                       Computation: 141873 steps/s (collection: 2.448s, learning 0.258s)
             Mean action noise std: 0.61
          Mean value_function loss: 0.0706
               Mean surrogate loss: -0.0069
                 Mean entropy loss: 25.8122
               Mean approx_kl loss: 0.0149
           Mean clip_fraction loss: 0.2168
              Mean ratio_mean loss: 0.9992
          Mean advantage_mean loss: 0.0000
           Mean advantage_std loss: 1.0000
      Mean explained_variance loss: 0.9309
                       Mean reward: 2.21
               Mean episode length: 42.98
Episode_Reward/motion_global_anchor_pos: 0.0262
Episode_Reward/motion_global_anchor_ori: 0.0292
    Episode_Reward/motion_body_pos: 0.0454
    Episode_Reward/motion_body_ori: 0.0091
Episode_Reward/motion_body_lin_vel: 0.0487
Episode_Reward/motion_body_ang_vel: 0.0250
Episode_Reward/motion_anchor_lin_vel: 0.0455
           Episode_Reward/base_pos: 0.1023
         Episode_Reward/racket_pos: 0.0004
         Episode_Reward/racket_vel: 0.0047
         Episode_Reward/racket_ori: 0.0600
Episode_Reward/torso_forward_lean_l2: -0.0077
 Episode_Reward/base_ang_vel_xy_l2: -0.0778
 Episode_Reward/undesired_contacts: -0.0011
Episode_Reward/hitter_foot_slip_l2: -0.0614
Episode_Reward/hitter_hit_unstable_support: -0.0112
Episode_Reward/hitter_foot_edge_drag: -0.0098
    Episode_Reward/hip_yaw_default: 0.1547
     Episode_Reward/action_rate_l2: -0.1635
        Episode_Reward/joint_limit: -0.0118
          Episode_Reward/joint_acc: -0.0063
       Episode_Reward/joint_torque: -0.0015
   Metrics/motion/error_anchor_pos: 0.6417
   Metrics/motion/error_anchor_rot: 0.3908
Metrics/motion/error_anchor_lin_vel: 2.2393
Metrics/motion/error_anchor_ang_vel: 1.8047
     Metrics/motion/error_body_pos: 0.4663
     Metrics/motion/error_body_rot: 0.9325
 Metrics/motion/error_body_lin_vel: 2.3091
 Metrics/motion/error_body_ang_vel: 3.7288
    Metrics/motion/error_joint_pos: 2.2595
    Metrics/motion/error_joint_vel: 13.6700
   Metrics/motion/sampling_entropy: 0.0000
 Metrics/motion/sampling_top1_prob: 0.0000
  Metrics/motion/sampling_top1_bin: 0.0000
Metrics/motion/motion_sampling_prob_mean: 0.1111
Metrics/motion/motion_sampling_prob_std: 0.0000
Metrics/motion/motion_sampling_prob_min: 0.1111
Metrics/motion/motion_sampling_prob_max: 0.1111
Metrics/motion/motion_sampling_prob_entropy: 1.0000
Metrics/motion/hitter_strike_racket_pos_error: 0.2729
Metrics/motion/hitter_strike_racket_vel_error: 1.2134
Metrics/motion/hitter_strike_racket_ori_error: 0.0625
      Episode_Termination/time_out: 0.0000
    Episode_Termination/anchor_pos: 371.4167
    Episode_Termination/anchor_ori: 0.0000
--------------------------------------------------------------------------------
                   Total timesteps: 20736000
                    Iteration time: 2.71s
                      Time elapsed: 00:02:38
                               ETA: 18:58:49

################################################################################
                     [1m Learning iteration 54/200000 [0m                     

                       Computation: 142493 steps/s (collection: 2.435s, learning 0.260s)
             Mean action noise std: 0.60
          Mean value_function loss: 0.0720
               Mean surrogate loss: -0.0055
                 Mean entropy loss: 25.6427
               Mean approx_kl loss: 0.0137
           Mean clip_fraction loss: 0.2002
              Mean ratio_mean loss: 0.9998
          Mean advantage_mean loss: -0.0000
           Mean advantage_std loss: 1.0000
      Mean explained_variance loss: 0.9356
                       Mean reward: 2.03
               Mean episode length: 42.78
Episode_Reward/motion_global_anchor_pos: 0.0265
Episode_Reward/motion_global_anchor_ori: 0.0297
    Episode_Reward/motion_body_pos: 0.0460
    Episode_Reward/motion_body_ori: 0.0091
Episode_Reward/motion_body_lin_vel: 0.0498
Episode_Reward/motion_body_ang_vel: 0.0257
Episode_Reward/motion_anchor_lin_vel: 0.0464
           Episode_Reward/base_pos: 0.1022
         Episode_Reward/racket_pos: 0.0005
         Episode_Reward/racket_vel: 0.0053
         Episode_Reward/racket_ori: 0.0630
Episode_Reward/torso_forward_lean_l2: -0.0077
 Episode_Reward/base_ang_vel_xy_l2: -0.0775
 Episode_Reward/undesired_contacts: -0.0011
Episode_Reward/hitter_foot_slip_l2: -0.0621
Episode_Reward/hitter_hit_unstable_support: -0.0109
Episode_Reward/hitter_foot_edge_drag: -0.0097
    Episode_Reward/hip_yaw_default: 0.1567
     Episode_Reward/action_rate_l2: -0.1625
        Episode_Reward/joint_limit: -0.0113
          Episode_Reward/joint_acc: -0.0062
       Episode_Reward/joint_torque: -0.0015
   Metrics/motion/error_anchor_pos: 0.6445
   Metrics/motion/error_anchor_rot: 0.3918
Metrics/motion/error_anchor_lin_vel: 2.2429
Metrics/motion/error_anchor_ang_vel: 1.7798
     Metrics/motion/error_body_pos: 0.4663
     Metrics/motion/error_body_rot: 0.9338
 Metrics/motion/error_body_lin_vel: 2.3108
 Metrics/motion/error_body_ang_vel: 3.7224
    Metrics/motion/error_joint_pos: 2.2592
    Metrics/motion/error_joint_vel: 13.6242
   Metrics/motion/sampling_entropy: 0.0000
 Metrics/motion/sampling_top1_prob: 0.0000
  Metrics/motion/sampling_top1_bin: 0.0000
Metrics/motion/motion_sampling_prob_mean: 0.1111
Metrics/motion/motion_sampling_prob_std: 0.0000
Metrics/motion/motion_sampling_prob_min: 0.1111
Metrics/motion/motion_sampling_prob_max: 0.1111
Metrics/motion/motion_sampling_prob_entropy: 1.0000
Metrics/motion/hitter_strike_racket_pos_error: 0.2880
Metrics/motion/hitter_strike_racket_vel_error: 1.2823
Metrics/motion/hitter_strike_racket_ori_error: 0.0652
      Episode_Termination/time_out: 0.0000
    Episode_Termination/anchor_pos: 368.0000
    Episode_Termination/anchor_ori: 0.0000
--------------------------------------------------------------------------------
                   Total timesteps: 21120000
                    Iteration time: 2.69s
                      Time elapsed: 00:02:41
                               ETA: 18:44:16

################################################################################
                     [1m Learning iteration 55/200000 [0m                     

                       Computation: 140120 steps/s (collection: 2.480s, learning 0.260s)
             Mean action noise std: 0.60
          Mean value_function loss: 0.0728
               Mean surrogate loss: -0.0066
                 Mean entropy loss: 25.2989
               Mean approx_kl loss: 0.0147
           Mean clip_fraction loss: 0.2203
              Mean ratio_mean loss: 0.9997
          Mean advantage_mean loss: -0.0000
           Mean advantage_std loss: 1.0000
      Mean explained_variance loss: 0.9377
                       Mean reward: 2.25
               Mean episode length: 43.31
Episode_Reward/motion_global_anchor_pos: 0.0269
Episode_Reward/motion_global_anchor_ori: 0.0302
    Episode_Reward/motion_body_pos: 0.0467
    Episode_Reward/motion_body_ori: 0.0092
Episode_Reward/motion_body_lin_vel: 0.0510
Episode_Reward/motion_body_ang_vel: 0.0264
Episode_Reward/motion_anchor_lin_vel: 0.0473
           Episode_Reward/base_pos: 0.1040
         Episode_Reward/racket_pos: 0.0004
         Episode_Reward/racket_vel: 0.0057
         Episode_Reward/racket_ori: 0.0658
Episode_Reward/torso_forward_lean_l2: -0.0074
 Episode_Reward/base_ang_vel_xy_l2: -0.0769
 Episode_Reward/undesired_contacts: -0.0011
Episode_Reward/hitter_foot_slip_l2: -0.0624
Episode_Reward/hitter_hit_unstable_support: -0.0108
Episode_Reward/hitter_foot_edge_drag: -0.0097
    Episode_Reward/hip_yaw_default: 0.1592
     Episode_Reward/action_rate_l2: -0.1617
        Episode_Reward/joint_limit: -0.0111
          Episode_Reward/joint_acc: -0.0061
       Episode_Reward/joint_torque: -0.0015
   Metrics/motion/error_anchor_pos: 0.6459
   Metrics/motion/error_anchor_rot: 0.3890
Metrics/motion/error_anchor_lin_vel: 2.2480
Metrics/motion/error_anchor_ang_vel: 1.7612
     Metrics/motion/error_body_pos: 0.4663
     Metrics/motion/error_body_rot: 0.9345
 Metrics/motion/error_body_lin_vel: 2.3138
 Metrics/motion/error_body_ang_vel: 3.6992
    Metrics/motion/error_joint_pos: 2.2524
    Metrics/motion/error_joint_vel: 13.5738
   Metrics/motion/sampling_entropy: 0.0000
 Metrics/motion/sampling_top1_prob: 0.0000
  Metrics/motion/sampling_top1_bin: 0.0000
Metrics/motion/motion_sampling_prob_mean: 0.1111
Metrics/motion/motion_sampling_prob_std: 0.0000
Metrics/motion/motion_sampling_prob_min: 0.1111
Metrics/motion/motion_sampling_prob_max: 0.1111
Metrics/motion/motion_sampling_prob_entropy: 1.0000
Metrics/motion/hitter_strike_racket_pos_error: 0.2964
Metrics/motion/hitter_strike_racket_vel_error: 1.3159
Metrics/motion/hitter_strike_racket_ori_error: 0.0667
      Episode_Termination/time_out: 0.0000
    Episode_Termination/anchor_pos: 364.6667
    Episode_Termination/anchor_ori: 0.0000
--------------------------------------------------------------------------------
                   Total timesteps: 21504000
                    Iteration time: 2.74s
                      Time elapsed: 00:02:43
                               ETA: 18:32:56

################################################################################
                     [1m Learning iteration 56/200000 [0m                     

                       Computation: 141087 steps/s (collection: 2.464s, learning 0.258s)
             Mean action noise std: 0.59
          Mean value_function loss: 0.0730
               Mean surrogate loss: -0.0054
                 Mean entropy loss: 25.1111
               Mean approx_kl loss: 0.0151
           Mean clip_fraction loss: 0.2197
              Mean ratio_mean loss: 0.9994
          Mean advantage_mean loss: 0.0000
           Mean advantage_std loss: 1.0000
      Mean explained_variance loss: 0.9412
                       Mean reward: 2.70
               Mean episode length: 44.87
Episode_Reward/motion_global_anchor_pos: 0.0271
Episode_Reward/motion_global_anchor_ori: 0.0302
    Episode_Reward/motion_body_pos: 0.0470
    Episode_Reward/motion_body_ori: 0.0092
Episode_Reward/motion_body_lin_vel: 0.0517
Episode_Reward/motion_body_ang_vel: 0.0270
Episode_Reward/motion_anchor_lin_vel: 0.0479
           Episode_Reward/base_pos: 0.1056
         Episode_Reward/racket_pos: 0.0005
         Episode_Reward/racket_vel: 0.0054
         Episode_Reward/racket_ori: 0.0675
Episode_Reward/torso_forward_lean_l2: -0.0076
 Episode_Reward/base_ang_vel_xy_l2: -0.0760
 Episode_Reward/undesired_contacts: -0.0011
Episode_Reward/hitter_foot_slip_l2: -0.0623
Episode_Reward/hitter_hit_unstable_support: -0.0105
Episode_Reward/hitter_foot_edge_drag: -0.0096
    Episode_Reward/hip_yaw_default: 0.1602
     Episode_Reward/action_rate_l2: -0.1598
        Episode_Reward/joint_limit: -0.0108
          Episode_Reward/joint_acc: -0.0060
       Episode_Reward/joint_torque: -0.0015
   Metrics/motion/error_anchor_pos: 0.6463
   Metrics/motion/error_anchor_rot: 0.3958
Metrics/motion/error_anchor_lin_vel: 2.2451
Metrics/motion/error_anchor_ang_vel: 1.7357
     Metrics/motion/error_body_pos: 0.4665
     Metrics/motion/error_body_rot: 0.9408
 Metrics/motion/error_body_lin_vel: 2.3072
 Metrics/motion/error_body_ang_vel: 3.6859
    Metrics/motion/error_joint_pos: 2.2554
    Metrics/motion/error_joint_vel: 13.4431
   Metrics/motion/sampling_entropy: 0.0000
 Metrics/motion/sampling_top1_prob: 0.0000
  Metrics/motion/sampling_top1_bin: 0.0000
Metrics/motion/motion_sampling_prob_mean: 0.1111
Metrics/motion/motion_sampling_prob_std: 0.0000
Metrics/motion/motion_sampling_prob_min: 0.1111
Metrics/motion/motion_sampling_prob_max: 0.1111
Metrics/motion/motion_sampling_prob_entropy: 1.0000
Metrics/motion/hitter_strike_racket_pos_error: 0.3055
Metrics/motion/hitter_strike_racket_vel_error: 1.3470
Metrics/motion/hitter_strike_racket_ori_error: 0.0649
      Episode_Termination/time_out: 0.0000
    Episode_Termination/anchor_pos: 363.9583
    Episode_Termination/anchor_ori: 0.0000
--------------------------------------------------------------------------------
                   Total timesteps: 21888000
                    Iteration time: 2.72s
                      Time elapsed: 00:02:46
                               ETA: 18:20:54

################################################################################
                     [1m Learning iteration 57/200000 [0m                     

                       Computation: 142009 steps/s (collection: 2.446s, learning 0.259s)
             Mean action noise std: 0.59
          Mean value_function loss: 0.0763
               Mean surrogate loss: -0.0054
                 Mean entropy loss: 24.9225
               Mean approx_kl loss: 0.0119
           Mean clip_fraction loss: 0.1742
              Mean ratio_mean loss: 0.9999
          Mean advantage_mean loss: 0.0000
           Mean advantage_std loss: 1.0000
      Mean explained_variance loss: 0.9404
                       Mean reward: 2.60
               Mean episode length: 45.08
Episode_Reward/motion_global_anchor_pos: 0.0273
Episode_Reward/motion_global_anchor_ori: 0.0304
    Episode_Reward/motion_body_pos: 0.0474
    Episode_Reward/motion_body_ori: 0.0093
Episode_Reward/motion_body_lin_vel: 0.0524
Episode_Reward/motion_body_ang_vel: 0.0276
Episode_Reward/motion_anchor_lin_vel: 0.0484
           Episode_Reward/base_pos: 0.1045
         Episode_Reward/racket_pos: 0.0004
         Episode_Reward/racket_vel: 0.0061
         Episode_Reward/racket_ori: 0.0708
Episode_Reward/torso_forward_lean_l2: -0.0078
 Episode_Reward/base_ang_vel_xy_l2: -0.0755
 Episode_Reward/undesired_contacts: -0.0011
Episode_Reward/hitter_foot_slip_l2: -0.0626
Episode_Reward/hitter_hit_unstable_support: -0.0105
Episode_Reward/hitter_foot_edge_drag: -0.0095
    Episode_Reward/hip_yaw_default: 0.1617
     Episode_Reward/action_rate_l2: -0.1584
        Episode_Reward/joint_limit: -0.0104
          Episode_Reward/joint_acc: -0.0058
       Episode_Reward/joint_torque: -0.0015
   Metrics/motion/error_anchor_pos: 0.6489
   Metrics/motion/error_anchor_rot: 0.3971
Metrics/motion/error_anchor_lin_vel: 2.2479
Metrics/motion/error_anchor_ang_vel: 1.7199
     Metrics/motion/error_body_pos: 0.4664
     Metrics/motion/error_body_rot: 0.9383
 Metrics/motion/error_body_lin_vel: 2.3145
 Metrics/motion/error_body_ang_vel: 3.6854
    Metrics/motion/error_joint_pos: 2.2456
    Metrics/motion/error_joint_vel: 13.3494
   Metrics/motion/sampling_entropy: 0.0000
 Metrics/motion/sampling_top1_prob: 0.0000
  Metrics/motion/sampling_top1_bin: 0.0000
Metrics/motion/motion_sampling_prob_mean: 0.1111
Metrics/motion/motion_sampling_prob_std: 0.0000
Metrics/motion/motion_sampling_prob_min: 0.1111
Metrics/motion/motion_sampling_prob_max: 0.1111
Metrics/motion/motion_sampling_prob_entropy: 1.0000
Metrics/motion/hitter_strike_racket_pos_error: 0.3163
Metrics/motion/hitter_strike_racket_vel_error: 1.3860
Metrics/motion/hitter_strike_racket_ori_error: 0.0627
      Episode_Termination/time_out: 0.0000
    Episode_Termination/anchor_pos: 357.8750
    Episode_Termination/anchor_ori: 0.0000
--------------------------------------------------------------------------------
                   Total timesteps: 22272000
                    Iteration time: 2.70s
                      Time elapsed: 00:02:49
                               ETA: 18:08:16

################################################################################
                     [1m Learning iteration 58/200000 [0m                     

                       Computation: 141759 steps/s (collection: 2.451s, learning 0.258s)
             Mean action noise std: 0.58
          Mean value_function loss: 0.0757
               Mean surrogate loss: -0.0065
                 Mean entropy loss: 24.6116
               Mean approx_kl loss: 0.0127
           Mean clip_fraction loss: 0.1940
              Mean ratio_mean loss: 1.0000
          Mean advantage_mean loss: 0.0000
           Mean advantage_std loss: 1.0000
      Mean explained_variance loss: 0.9447
                       Mean reward: 2.46
               Mean episode length: 44.94
Episode_Reward/motion_global_anchor_pos: 0.0277
Episode_Reward/motion_global_anchor_ori: 0.0311
    Episode_Reward/motion_body_pos: 0.0480
    Episode_Reward/motion_body_ori: 0.0093
Episode_Reward/motion_body_lin_vel: 0.0535
Episode_Reward/motion_body_ang_vel: 0.0283
Episode_Reward/motion_anchor_lin_vel: 0.0493
           Episode_Reward/base_pos: 0.1061
         Episode_Reward/racket_pos: 0.0004
         Episode_Reward/racket_vel: 0.0068
         Episode_Reward/racket_ori: 0.0731
Episode_Reward/torso_forward_lean_l2: -0.0081
 Episode_Reward/base_ang_vel_xy_l2: -0.0748
 Episode_Reward/undesired_contacts: -0.0011
Episode_Reward/hitter_foot_slip_l2: -0.0632
Episode_Reward/hitter_hit_unstable_support: -0.0104
Episode_Reward/hitter_foot_edge_drag: -0.0095
    Episode_Reward/hip_yaw_default: 0.1638
     Episode_Reward/action_rate_l2: -0.1577
        Episode_Reward/joint_limit: -0.0100
          Episode_Reward/joint_acc: -0.0058
       Episode_Reward/joint_torque: -0.0015
   Metrics/motion/error_anchor_pos: 0.6513
   Metrics/motion/error_anchor_rot: 0.3871
Metrics/motion/error_anchor_lin_vel: 2.2499
Metrics/motion/error_anchor_ang_vel: 1.7181
     Metrics/motion/error_body_pos: 0.4662
     Metrics/motion/error_body_rot: 0.9400
 Metrics/motion/error_body_lin_vel: 2.3202
 Metrics/motion/error_body_ang_vel: 3.6781
    Metrics/motion/error_joint_pos: 2.2421
    Metrics/motion/error_joint_vel: 13.3706
   Metrics/motion/sampling_entropy: 0.0000
 Metrics/motion/sampling_top1_prob: 0.0000
  Metrics/motion/sampling_top1_bin: 0.0000
Metrics/motion/motion_sampling_prob_mean: 0.1111
Metrics/motion/motion_sampling_prob_std: 0.0000
Metrics/motion/motion_sampling_prob_min: 0.1111
Metrics/motion/motion_sampling_prob_max: 0.1111
Metrics/motion/motion_sampling_prob_entropy: 1.0000
Metrics/motion/hitter_strike_racket_pos_error: 0.3231
Metrics/motion/hitter_strike_racket_vel_error: 1.3898
Metrics/motion/hitter_strike_racket_ori_error: 0.0600
      Episode_Termination/time_out: 0.0000
    Episode_Termination/anchor_pos: 359.3750
    Episode_Termination/anchor_ori: 0.0000
--------------------------------------------------------------------------------
                   Total timesteps: 22656000
                    Iteration time: 2.71s
                      Time elapsed: 00:02:52
                               ETA: 17:56:20

################################################################################
                     [1m Learning iteration 59/200000 [0m                     

                       Computation: 142148 steps/s (collection: 2.441s, learning 0.260s)
             Mean action noise std: 0.58
          Mean value_function loss: 0.0751
               Mean surrogate loss: -0.0070
                 Mean entropy loss: 24.3955
               Mean approx_kl loss: 0.0138
           Mean clip_fraction loss: 0.2091
              Mean ratio_mean loss: 0.9997
          Mean advantage_mean loss: -0.0000
           Mean advantage_std loss: 1.0000
      Mean explained_variance loss: 0.9476
                       Mean reward: 2.78
               Mean episode length: 46.88
Episode_Reward/motion_global_anchor_pos: 0.0279
Episode_Reward/motion_global_anchor_ori: 0.0314
    Episode_Reward/motion_body_pos: 0.0484
    Episode_Reward/motion_body_ori: 0.0095
Episode_Reward/motion_body_lin_vel: 0.0543
Episode_Reward/motion_body_ang_vel: 0.0290
Episode_Reward/motion_anchor_lin_vel: 0.0497
           Episode_Reward/base_pos: 0.1048
         Episode_Reward/racket_pos: 0.0006
         Episode_Reward/racket_vel: 0.0070
         Episode_Reward/racket_ori: 0.0753
Episode_Reward/torso_forward_lean_l2: -0.0080
 Episode_Reward/base_ang_vel_xy_l2: -0.0741
 Episode_Reward/undesired_contacts: -0.0011
Episode_Reward/hitter_foot_slip_l2: -0.0631
Episode_Reward/hitter_hit_unstable_support: -0.0103
Episode_Reward/hitter_foot_edge_drag: -0.0093
    Episode_Reward/hip_yaw_default: 0.1651
     Episode_Reward/action_rate_l2: -0.1563
        Episode_Reward/joint_limit: -0.0099
          Episode_Reward/joint_acc: -0.0057
       Episode_Reward/joint_torque: -0.0015
   Metrics/motion/error_anchor_pos: 0.6516
   Metrics/motion/error_anchor_rot: 0.3852
Metrics/motion/error_anchor_lin_vel: 2.2524
Metrics/motion/error_anchor_ang_vel: 1.6893
     Metrics/motion/error_body_pos: 0.4665
     Metrics/motion/error_body_rot: 0.9376
 Metrics/motion/error_body_lin_vel: 2.3184
 Metrics/motion/error_body_ang_vel: 3.6228
    Metrics/motion/error_joint_pos: 2.2402
    Metrics/motion/error_joint_vel: 13.2405
   Metrics/motion/sampling_entropy: 0.0000
 Metrics/motion/sampling_top1_prob: 0.0000
  Metrics/motion/sampling_top1_bin: 0.0000
Metrics/motion/motion_sampling_prob_mean: 0.1111
Metrics/motion/motion_sampling_prob_std: 0.0000
Metrics/motion/motion_sampling_prob_min: 0.1111
Metrics/motion/motion_sampling_prob_max: 0.1111
Metrics/motion/motion_sampling_prob_entropy: 1.0000
Metrics/motion/hitter_strike_racket_pos_error: 0.3295
Metrics/motion/hitter_strike_racket_vel_error: 1.4240
Metrics/motion/hitter_strike_racket_ori_error: 0.0596
      Episode_Termination/time_out: 0.0000
    Episode_Termination/anchor_pos: 349.1667
    Episode_Termination/anchor_ori: 0.0000
--------------------------------------------------------------------------------
                   Total timesteps: 23040000
                    Iteration time: 2.70s
                      Time elapsed: 00:02:54
                               ETA: 17:44:22

################################################################################
                     [1m Learning iteration 60/200000 [0m                     

                       Computation: 141630 steps/s (collection: 2.452s, learning 0.259s)
             Mean action noise std: 0.57
          Mean value_function loss: 0.0789
               Mean surrogate loss: -0.0040
                 Mean entropy loss: 24.2368
               Mean approx_kl loss: 0.0146
           Mean clip_fraction loss: 0.2094
              Mean ratio_mean loss: 0.9994
          Mean advantage_mean loss: 0.0000
           Mean advantage_std loss: 1.0000
      Mean explained_variance loss: 0.9491
                       Mean reward: 2.73
               Mean episode length: 45.52
Episode_Reward/motion_global_anchor_pos: 0.0280
Episode_Reward/motion_global_anchor_ori: 0.0318
    Episode_Reward/motion_body_pos: 0.0486
    Episode_Reward/motion_body_ori: 0.0095
Episode_Reward/motion_body_lin_vel: 0.0549
Episode_Reward/motion_body_ang_vel: 0.0295
Episode_Reward/motion_anchor_lin_vel: 0.0501
           Episode_Reward/base_pos: 0.1070
         Episode_Reward/racket_pos: 0.0004
         Episode_Reward/racket_vel: 0.0070
         Episode_Reward/racket_ori: 0.0763
Episode_Reward/torso_forward_lean_l2: -0.0077
 Episode_Reward/base_ang_vel_xy_l2: -0.0730
 Episode_Reward/undesired_contacts: -0.0011
Episode_Reward/hitter_foot_slip_l2: -0.0632
Episode_Reward/hitter_hit_unstable_support: -0.0098
Episode_Reward/hitter_foot_edge_drag: -0.0092
    Episode_Reward/hip_yaw_default: 0.1661
     Episode_Reward/action_rate_l2: -0.1544
        Episode_Reward/joint_limit: -0.0095
          Episode_Reward/joint_acc: -0.0057
       Episode_Reward/joint_torque: -0.0015
   Metrics/motion/error_anchor_pos: 0.6521
   Metrics/motion/error_anchor_rot: 0.3799
Metrics/motion/error_anchor_lin_vel: 2.2518
Metrics/motion/error_anchor_ang_vel: 1.6865
     Metrics/motion/error_body_pos: 0.4662
     Metrics/motion/error_body_rot: 0.9311
 Metrics/motion/error_body_lin_vel: 2.3168
 Metrics/motion/error_body_ang_vel: 3.6136
    Metrics/motion/error_joint_pos: 2.2484
    Metrics/motion/error_joint_vel: 13.1909
   Metrics/motion/sampling_entropy: 0.0000
 Metrics/motion/sampling_top1_prob: 0.0000
  Metrics/motion/sampling_top1_bin: 0.0000
Metrics/motion/motion_sampling_prob_mean: 0.1111
Metrics/motion/motion_sampling_prob_std: 0.0000
Metrics/motion/motion_sampling_prob_min: 0.1111
Metrics/motion/motion_sampling_prob_max: 0.1111
Metrics/motion/motion_sampling_prob_entropy: 1.0000
Metrics/motion/hitter_strike_racket_pos_error: 0.3359
Metrics/motion/hitter_strike_racket_vel_error: 1.4457
Metrics/motion/hitter_strike_racket_ori_error: 0.0593
      Episode_Termination/time_out: 0.0000
    Episode_Termination/anchor_pos: 349.5833
    Episode_Termination/anchor_ori: 0.0000
--------------------------------------------------------------------------------
                   Total timesteps: 23424000
                    Iteration time: 2.71s
                      Time elapsed: 00:02:57
                               ETA: 17:33:21

################################################################################
                     [1m Learning iteration 61/200000 [0m                     

                       Computation: 142736 steps/s (collection: 2.430s, learning 0.261s)
             Mean action noise std: 0.57
          Mean value_function loss: 0.0821
               Mean surrogate loss: -0.0057
                 Mean entropy loss: 23.9534
               Mean approx_kl loss: 0.0145
           Mean clip_fraction loss: 0.2188
              Mean ratio_mean loss: 0.9997
          Mean advantage_mean loss: 0.0000
           Mean advantage_std loss: 1.0000
      Mean explained_variance loss: 0.9489
                       Mean reward: 2.91
               Mean episode length: 46.36
Episode_Reward/motion_global_anchor_pos: 0.0286
Episode_Reward/motion_global_anchor_ori: 0.0325
    Episode_Reward/motion_body_pos: 0.0496
    Episode_Reward/motion_body_ori: 0.0095
Episode_Reward/motion_body_lin_vel: 0.0569
Episode_Reward/motion_body_ang_vel: 0.0306
Episode_Reward/motion_anchor_lin_vel: 0.0517
           Episode_Reward/base_pos: 0.1132
         Episode_Reward/racket_pos: 0.0005
         Episode_Reward/racket_vel: 0.0071
         Episode_Reward/racket_ori: 0.0793
Episode_Reward/torso_forward_lean_l2: -0.0076
 Episode_Reward/base_ang_vel_xy_l2: -0.0729
 Episode_Reward/undesired_contacts: -0.0012
Episode_Reward/hitter_foot_slip_l2: -0.0641
Episode_Reward/hitter_hit_unstable_support: -0.0093
Episode_Reward/hitter_foot_edge_drag: -0.0092
    Episode_Reward/hip_yaw_default: 0.1693
     Episode_Reward/action_rate_l2: -0.1551
        Episode_Reward/joint_limit: -0.0096
          Episode_Reward/joint_acc: -0.0056
       Episode_Reward/joint_torque: -0.0015
   Metrics/motion/error_anchor_pos: 0.6534
   Metrics/motion/error_anchor_rot: 0.3725
Metrics/motion/error_anchor_lin_vel: 2.2489
Metrics/motion/error_anchor_ang_vel: 1.6628
     Metrics/motion/error_body_pos: 0.4667
     Metrics/motion/error_body_rot: 0.9355
 Metrics/motion/error_body_lin_vel: 2.3122
 Metrics/motion/error_body_ang_vel: 3.6137
    Metrics/motion/error_joint_pos: 2.2547
    Metrics/motion/error_joint_vel: 13.1818
   Metrics/motion/sampling_entropy: 0.0000
 Metrics/motion/sampling_top1_prob: 0.0000
  Metrics/motion/sampling_top1_bin: 0.0000
Metrics/motion/motion_sampling_prob_mean: 0.1111
Metrics/motion/motion_sampling_prob_std: 0.0000
Metrics/motion/motion_sampling_prob_min: 0.1111
Metrics/motion/motion_sampling_prob_max: 0.1111
Metrics/motion/motion_sampling_prob_entropy: 1.0000
Metrics/motion/hitter_strike_racket_pos_error: 0.3418
Metrics/motion/hitter_strike_racket_vel_error: 1.4728
Metrics/motion/hitter_strike_racket_ori_error: 0.0581
      Episode_Termination/time_out: 0.0000
    Episode_Termination/anchor_pos: 347.2917
    Episode_Termination/anchor_ori: 0.0000
--------------------------------------------------------------------------------
                   Total timesteps: 23808000
                    Iteration time: 2.69s
                      Time elapsed: 00:03:00
                               ETA: 17:21:33

################################################################################
                     [1m Learning iteration 62/200000 [0m                     

                       Computation: 139788 steps/s (collection: 2.464s, learning 0.283s)
             Mean action noise std: 0.57
          Mean value_function loss: 0.0854
               Mean surrogate loss: -0.0010
                 Mean entropy loss: 23.8681
               Mean approx_kl loss: 0.0160
           Mean clip_fraction loss: 0.2078
              Mean ratio_mean loss: 0.9995
          Mean advantage_mean loss: 0.0000
           Mean advantage_std loss: 1.0000
      Mean explained_variance loss: 0.9497
                       Mean reward: 3.25
               Mean episode length: 47.82
Episode_Reward/motion_global_anchor_pos: 0.0286
Episode_Reward/motion_global_anchor_ori: 0.0328
    Episode_Reward/motion_body_pos: 0.0497
    Episode_Reward/motion_body_ori: 0.0095
Episode_Reward/motion_body_lin_vel: 0.0573
Episode_Reward/motion_body_ang_vel: 0.0311
Episode_Reward/motion_anchor_lin_vel: 0.0518
           Episode_Reward/base_pos: 0.1086
         Episode_Reward/racket_pos: 0.0006
         Episode_Reward/racket_vel: 0.0081
         Episode_Reward/racket_ori: 0.0809
Episode_Reward/torso_forward_lean_l2: -0.0075
 Episode_Reward/base_ang_vel_xy_l2: -0.0721
 Episode_Reward/undesired_contacts: -0.0012
Episode_Reward/hitter_foot_slip_l2: -0.0641
Episode_Reward/hitter_hit_unstable_support: -0.0091
Episode_Reward/hitter_foot_edge_drag: -0.0090
    Episode_Reward/hip_yaw_default: 0.1698
     Episode_Reward/action_rate_l2: -0.1532
        Episode_Reward/joint_limit: -0.0092
          Episode_Reward/joint_acc: -0.0054
       Episode_Reward/joint_torque: -0.0015
   Metrics/motion/error_anchor_pos: 0.6537
   Metrics/motion/error_anchor_rot: 0.3644
Metrics/motion/error_anchor_lin_vel: 2.2480
Metrics/motion/error_anchor_ang_vel: 1.6400
     Metrics/motion/error_body_pos: 0.4665
     Metrics/motion/error_body_rot: 0.9350
 Metrics/motion/error_body_lin_vel: 2.3116
 Metrics/motion/error_body_ang_vel: 3.5718
    Metrics/motion/error_joint_pos: 2.2555
    Metrics/motion/error_joint_vel: 13.1159
   Metrics/motion/sampling_entropy: 0.0000
 Metrics/motion/sampling_top1_prob: 0.0000
  Metrics/motion/sampling_top1_bin: 0.0000
Metrics/motion/motion_sampling_prob_mean: 0.1111
Metrics/motion/motion_sampling_prob_std: 0.0000
Metrics/motion/motion_sampling_prob_min: 0.1111
Metrics/motion/motion_sampling_prob_max: 0.1111
Metrics/motion/motion_sampling_prob_entropy: 1.0000
Metrics/motion/hitter_strike_racket_pos_error: 0.3474
Metrics/motion/hitter_strike_racket_vel_error: 1.4806
Metrics/motion/hitter_strike_racket_ori_error: 0.0558
      Episode_Termination/time_out: 0.0000
    Episode_Termination/anchor_pos: 345.2917
    Episode_Termination/anchor_ori: 0.0000
--------------------------------------------------------------------------------
                   Total timesteps: 24192000
                    Iteration time: 2.75s
                      Time elapsed: 00:03:02
                               ETA: 17:13:08

################################################################################
                     [1m Learning iteration 63/200000 [0m                     

                       Computation: 138204 steps/s (collection: 2.510s, learning 0.269s)
             Mean action noise std: 0.56
          Mean value_function loss: 0.0820
               Mean surrogate loss: -0.0073
                 Mean entropy loss: 23.5959
               Mean approx_kl loss: 0.0117
           Mean clip_fraction loss: 0.1741
              Mean ratio_mean loss: 0.9999
          Mean advantage_mean loss: -0.0000
           Mean advantage_std loss: 1.0000
      Mean explained_variance loss: 0.9519
                       Mean reward: 3.11
               Mean episode length: 47.64
Episode_Reward/motion_global_anchor_pos: 0.0291
Episode_Reward/motion_global_anchor_ori: 0.0332
    Episode_Reward/motion_body_pos: 0.0504
    Episode_Reward/motion_body_ori: 0.0096
Episode_Reward/motion_body_lin_vel: 0.0588
Episode_Reward/motion_body_ang_vel: 0.0319
Episode_Reward/motion_anchor_lin_vel: 0.0531
           Episode_Reward/base_pos: 0.1120
         Episode_Reward/racket_pos: 0.0005
         Episode_Reward/racket_vel: 0.0079
         Episode_Reward/racket_ori: 0.0843
Episode_Reward/torso_forward_lean_l2: -0.0076
 Episode_Reward/base_ang_vel_xy_l2: -0.0723
 Episode_Reward/undesired_contacts: -0.0012
Episode_Reward/hitter_foot_slip_l2: -0.0648
Episode_Reward/hitter_hit_unstable_support: -0.0090
Episode_Reward/hitter_foot_edge_drag: -0.0090
    Episode_Reward/hip_yaw_default: 0.1725
     Episode_Reward/action_rate_l2: -0.1534
        Episode_Reward/joint_limit: -0.0089
          Episode_Reward/joint_acc: -0.0055
       Episode_Reward/joint_torque: -0.0016
   Metrics/motion/error_anchor_pos: 0.6560
   Metrics/motion/error_anchor_rot: 0.3678
Metrics/motion/error_anchor_lin_vel: 2.2482
Metrics/motion/error_anchor_ang_vel: 1.6137
     Metrics/motion/error_body_pos: 0.4667
     Metrics/motion/error_body_rot: 0.9393
 Metrics/motion/error_body_lin_vel: 2.3163
 Metrics/motion/error_body_ang_vel: 3.5846
    Metrics/motion/error_joint_pos: 2.2524
    Metrics/motion/error_joint_vel: 13.0845
   Metrics/motion/sampling_entropy: 0.0000
 Metrics/motion/sampling_top1_prob: 0.0000
  Metrics/motion/sampling_top1_bin: 0.0000
Metrics/motion/motion_sampling_prob_mean: 0.1111
Metrics/motion/motion_sampling_prob_std: 0.0000
Metrics/motion/motion_sampling_prob_min: 0.1111
Metrics/motion/motion_sampling_prob_max: 0.1111
Metrics/motion/motion_sampling_prob_entropy: 1.0000
Metrics/motion/hitter_strike_racket_pos_error: 0.3598
Metrics/motion/hitter_strike_racket_vel_error: 1.5387
Metrics/motion/hitter_strike_racket_ori_error: 0.0552
      Episode_Termination/time_out: 0.0000
    Episode_Termination/anchor_pos: 338.0000
    Episode_Termination/anchor_ori: 0.0000
--------------------------------------------------------------------------------
                   Total timesteps: 24576000
                    Iteration time: 2.78s
                      Time elapsed: 00:03:05
                               ETA: 17:06:36

################################################################################
                     [1m Learning iteration 64/200000 [0m                     

                       Computation: 141002 steps/s (collection: 2.463s, learning 0.260s)
             Mean action noise std: 0.56
          Mean value_function loss: 0.0822
               Mean surrogate loss: -0.0068
                 Mean entropy loss: 23.4361
               Mean approx_kl loss: 0.0111
           Mean clip_fraction loss: 0.1604
              Mean ratio_mean loss: 0.9998
          Mean advantage_mean loss: -0.0000
           Mean advantage_std loss: 1.0000
      Mean explained_variance loss: 0.9539
                       Mean reward: 3.40
               Mean episode length: 47.59
Episode_Reward/motion_global_anchor_pos: 0.0294
Episode_Reward/motion_global_anchor_ori: 0.0336
    Episode_Reward/motion_body_pos: 0.0510
    Episode_Reward/motion_body_ori: 0.0097
Episode_Reward/motion_body_lin_vel: 0.0598
Episode_Reward/motion_body_ang_vel: 0.0326
Episode_Reward/motion_anchor_lin_vel: 0.0538
           Episode_Reward/base_pos: 0.1127
         Episode_Reward/racket_pos: 0.0006
         Episode_Reward/racket_vel: 0.0091
         Episode_Reward/racket_ori: 0.0866
Episode_Reward/torso_forward_lean_l2: -0.0077
 Episode_Reward/base_ang_vel_xy_l2: -0.0718
 Episode_Reward/undesired_contacts: -0.0012
Episode_Reward/hitter_foot_slip_l2: -0.0655
Episode_Reward/hitter_hit_unstable_support: -0.0090
Episode_Reward/hitter_foot_edge_drag: -0.0089
    Episode_Reward/hip_yaw_default: 0.1744
     Episode_Reward/action_rate_l2: -0.1531
        Episode_Reward/joint_limit: -0.0087
          Episode_Reward/joint_acc: -0.0054
       Episode_Reward/joint_torque: -0.0016
   Metrics/motion/error_anchor_pos: 0.6570
   Metrics/motion/error_anchor_rot: 0.3665
Metrics/motion/error_anchor_lin_vel: 2.2410
Metrics/motion/error_anchor_ang_vel: 1.6185
     Metrics/motion/error_body_pos: 0.4668
     Metrics/motion/error_body_rot: 0.9332
 Metrics/motion/error_body_lin_vel: 2.3148
 Metrics/motion/error_body_ang_vel: 3.5563
    Metrics/motion/error_joint_pos: 2.2542
    Metrics/motion/error_joint_vel: 12.9688
   Metrics/motion/sampling_entropy: 0.0000
 Metrics/motion/sampling_top1_prob: 0.0000
  Metrics/motion/sampling_top1_bin: 0.0000
Metrics/motion/motion_sampling_prob_mean: 0.1111
Metrics/motion/motion_sampling_prob_std: 0.0000
Metrics/motion/motion_sampling_prob_min: 0.1111
Metrics/motion/motion_sampling_prob_max: 0.1111
Metrics/motion/motion_sampling_prob_entropy: 1.0000
Metrics/motion/hitter_strike_racket_pos_error: 0.3712
Metrics/motion/hitter_strike_racket_vel_error: 1.5666
Metrics/motion/hitter_strike_racket_ori_error: 0.0558
      Episode_Termination/time_out: 0.0000
    Episode_Termination/anchor_pos: 340.7500
    Episode_Termination/anchor_ori: 0.0000
--------------------------------------------------------------------------------
                   Total timesteps: 24960000
                    Iteration time: 2.72s
                      Time elapsed: 00:03:08
                               ETA: 16:57:27

################################################################################
                     [1m Learning iteration 65/200000 [0m                     

                       Computation: 142104 steps/s (collection: 2.443s, learning 0.260s)
             Mean action noise std: 0.56
          Mean value_function loss: 0.0831
               Mean surrogate loss: -0.0075
                 Mean entropy loss: 23.1801
               Mean approx_kl loss: 0.0125
           Mean clip_fraction loss: 0.1861
              Mean ratio_mean loss: 0.9997
          Mean advantage_mean loss: -0.0000
           Mean advantage_std loss: 1.0000
      Mean explained_variance loss: 0.9556
                       Mean reward: 3.11
               Mean episode length: 45.88
Episode_Reward/motion_global_anchor_pos: 0.0297
Episode_Reward/motion_global_anchor_ori: 0.0341
    Episode_Reward/motion_body_pos: 0.0514
    Episode_Reward/motion_body_ori: 0.0098
Episode_Reward/motion_body_lin_vel: 0.0606
Episode_Reward/motion_body_ang_vel: 0.0332
Episode_Reward/motion_anchor_lin_vel: 0.0544
           Episode_Reward/base_pos: 0.1102
         Episode_Reward/racket_pos: 0.0006
         Episode_Reward/racket_vel: 0.0096
         Episode_Reward/racket_ori: 0.0884
Episode_Reward/torso_forward_lean_l2: -0.0078
 Episode_Reward/base_ang_vel_xy_l2: -0.0711
 Episode_Reward/undesired_contacts: -0.0013
Episode_Reward/hitter_foot_slip_l2: -0.0655
Episode_Reward/hitter_hit_unstable_support: -0.0084
Episode_Reward/hitter_foot_edge_drag: -0.0088
    Episode_Reward/hip_yaw_default: 0.1757
     Episode_Reward/action_rate_l2: -0.1518
        Episode_Reward/joint_limit: -0.0085
          Episode_Reward/joint_acc: -0.0054
       Episode_Reward/joint_torque: -0.0016
   Metrics/motion/error_anchor_pos: 0.6571
   Metrics/motion/error_anchor_rot: 0.3610
Metrics/motion/error_anchor_lin_vel: 2.2442
Metrics/motion/error_anchor_ang_vel: 1.6022
     Metrics/motion/error_body_pos: 0.4667
     Metrics/motion/error_body_rot: 0.9315
 Metrics/motion/error_body_lin_vel: 2.3119
 Metrics/motion/error_body_ang_vel: 3.5385
    Metrics/motion/error_joint_pos: 2.2548
    Metrics/motion/error_joint_vel: 12.9639
   Metrics/motion/sampling_entropy: 0.0000
 Metrics/motion/sampling_top1_prob: 0.0000
  Metrics/motion/sampling_top1_bin: 0.0000
Metrics/motion/motion_sampling_prob_mean: 0.1111
Metrics/motion/motion_sampling_prob_std: 0.0000
Metrics/motion/motion_sampling_prob_min: 0.1111
Metrics/motion/motion_sampling_prob_max: 0.1111
Metrics/motion/motion_sampling_prob_entropy: 1.0000
Metrics/motion/hitter_strike_racket_pos_error: 0.3805
Metrics/motion/hitter_strike_racket_vel_error: 1.5933
Metrics/motion/hitter_strike_racket_ori_error: 0.0564
      Episode_Termination/time_out: 0.0000
    Episode_Termination/anchor_pos: 331.3333
    Episode_Termination/anchor_ori: 0.0000
--------------------------------------------------------------------------------
                   Total timesteps: 25344000
                    Iteration time: 2.70s
                      Time elapsed: 00:03:11
                               ETA: 16:47:31

################################################################################
                     [1m Learning iteration 66/200000 [0m                     

                       Computation: 141200 steps/s (collection: 2.455s, learning 0.264s)
             Mean action noise std: 0.55
          Mean value_function loss: 0.0856
               Mean surrogate loss: -0.0053
                 Mean entropy loss: 23.0241
               Mean approx_kl loss: 0.0138
           Mean clip_fraction loss: 0.2008
              Mean ratio_mean loss: 0.9995
          Mean advantage_mean loss: 0.0000
           Mean advantage_std loss: 1.0000
      Mean explained_variance loss: 0.9570
                       Mean reward: 3.61
               Mean episode length: 49.65
Episode_Reward/motion_global_anchor_pos: 0.0302
Episode_Reward/motion_global_anchor_ori: 0.0345
    Episode_Reward/motion_body_pos: 0.0522
    Episode_Reward/motion_body_ori: 0.0098
Episode_Reward/motion_body_lin_vel: 0.0624
Episode_Reward/motion_body_ang_vel: 0.0342
Episode_Reward/motion_anchor_lin_vel: 0.0558
           Episode_Reward/base_pos: 0.1096
         Episode_Reward/racket_pos: 0.0006
         Episode_Reward/racket_vel: 0.0099
         Episode_Reward/racket_ori: 0.0935
Episode_Reward/torso_forward_lean_l2: -0.0081
 Episode_Reward/base_ang_vel_xy_l2: -0.0718
 Episode_Reward/undesired_contacts: -0.0013
Episode_Reward/hitter_foot_slip_l2: -0.0661
Episode_Reward/hitter_hit_unstable_support: -0.0088
Episode_Reward/hitter_foot_edge_drag: -0.0088
    Episode_Reward/hip_yaw_default: 0.1785
     Episode_Reward/action_rate_l2: -0.1522
        Episode_Reward/joint_limit: -0.0083
          Episode_Reward/joint_acc: -0.0053
       Episode_Reward/joint_torque: -0.0016
   Metrics/motion/error_anchor_pos: 0.6593
   Metrics/motion/error_anchor_rot: 0.3653
Metrics/motion/error_anchor_lin_vel: 2.2395
Metrics/motion/error_anchor_ang_vel: 1.6153
     Metrics/motion/error_body_pos: 0.4667
     Metrics/motion/error_body_rot: 0.9310
 Metrics/motion/error_body_lin_vel: 2.3167
 Metrics/motion/error_body_ang_vel: 3.5415
    Metrics/motion/error_joint_pos: 2.2523
    Metrics/motion/error_joint_vel: 12.9149
   Metrics/motion/sampling_entropy: 0.0000
 Metrics/motion/sampling_top1_prob: 0.0000
  Metrics/motion/sampling_top1_bin: 0.0000
Metrics/motion/motion_sampling_prob_mean: 0.1111
Metrics/motion/motion_sampling_prob_std: 0.0000
Metrics/motion/motion_sampling_prob_min: 0.1111
Metrics/motion/motion_sampling_prob_max: 0.1111
Metrics/motion/motion_sampling_prob_entropy: 1.0000
Metrics/motion/hitter_strike_racket_pos_error: 0.3999
Metrics/motion/hitter_strike_racket_vel_error: 1.6711
Metrics/motion/hitter_strike_racket_ori_error: 0.0555
      Episode_Termination/time_out: 0.0000
    Episode_Termination/anchor_pos: 327.9583
    Episode_Termination/anchor_ori: 0.0000
--------------------------------------------------------------------------------
                   Total timesteps: 25728000
                    Iteration time: 2.72s
                      Time elapsed: 00:03:13
                               ETA: 16:38:44

################################################################################
                     [1m Learning iteration 67/200000 [0m                     

                       Computation: 141068 steps/s (collection: 2.459s, learning 0.263s)
             Mean action noise std: 0.55
          Mean value_function loss: 0.0888
               Mean surrogate loss: -0.0055
                 Mean entropy loss: 22.8174
               Mean approx_kl loss: 0.0132
           Mean clip_fraction loss: 0.1880
              Mean ratio_mean loss: 0.9996
          Mean advantage_mean loss: 0.0000
           Mean advantage_std loss: 1.0000
      Mean explained_variance loss: 0.9572
                       Mean reward: 3.71
               Mean episode length: 49.71
Episode_Reward/motion_global_anchor_pos: 0.0306
Episode_Reward/motion_global_anchor_ori: 0.0349
    Episode_Reward/motion_body_pos: 0.0529
    Episode_Reward/motion_body_ori: 0.0099
Episode_Reward/motion_body_lin_vel: 0.0639
Episode_Reward/motion_body_ang_vel: 0.0351
Episode_Reward/motion_anchor_lin_vel: 0.0568
           Episode_Reward/base_pos: 0.1120
         Episode_Reward/racket_pos: 0.0007
         Episode_Reward/racket_vel: 0.0109
         Episode_Reward/racket_ori: 0.0943
Episode_Reward/torso_forward_lean_l2: -0.0084
 Episode_Reward/base_ang_vel_xy_l2: -0.0711
 Episode_Reward/undesired_contacts: -0.0013
Episode_Reward/hitter_foot_slip_l2: -0.0669
Episode_Reward/hitter_hit_unstable_support: -0.0085
Episode_Reward/hitter_foot_edge_drag: -0.0088
    Episode_Reward/hip_yaw_default: 0.1809
     Episode_Reward/action_rate_l2: -0.1523
        Episode_Reward/joint_limit: -0.0080
          Episode_Reward/joint_acc: -0.0053
       Episode_Reward/joint_torque: -0.0016
   Metrics/motion/error_anchor_pos: 0.6603
   Metrics/motion/error_anchor_rot: 0.3643
Metrics/motion/error_anchor_lin_vel: 2.2411
Metrics/motion/error_anchor_ang_vel: 1.5718
     Metrics/motion/error_body_pos: 0.4664
     Metrics/motion/error_body_rot: 0.9255
 Metrics/motion/error_body_lin_vel: 2.3120
 Metrics/motion/error_body_ang_vel: 3.5252
    Metrics/motion/error_joint_pos: 2.2523
    Metrics/motion/error_joint_vel: 12.9157
   Metrics/motion/sampling_entropy: 0.0000
 Metrics/motion/sampling_top1_prob: 0.0000
  Metrics/motion/sampling_top1_bin: 0.0000
Metrics/motion/motion_sampling_prob_mean: 0.1111
Metrics/motion/motion_sampling_prob_std: 0.0000
Metrics/motion/motion_sampling_prob_min: 0.1111
Metrics/motion/motion_sampling_prob_max: 0.1111
Metrics/motion/motion_sampling_prob_entropy: 1.0000
Metrics/motion/hitter_strike_racket_pos_error: 0.4001
Metrics/motion/hitter_strike_racket_vel_error: 1.6670
Metrics/motion/hitter_strike_racket_ori_error: 0.0558
      Episode_Termination/time_out: 0.0000
    Episode_Termination/anchor_pos: 323.9167
    Episode_Termination/anchor_ori: 0.0000
--------------------------------------------------------------------------------
                   Total timesteps: 26112000
                    Iteration time: 2.72s
                      Time elapsed: 00:03:16
                               ETA: 16:30:20

################################################################################
                     [1m Learning iteration 68/200000 [0m                     

                       Computation: 142456 steps/s (collection: 2.433s, learning 0.263s)
             Mean action noise std: 0.55
          Mean value_function loss: 0.0892
               Mean surrogate loss: -0.0061
                 Mean entropy loss: 22.6071
               Mean approx_kl loss: 0.0134
           Mean clip_fraction loss: 0.1957
              Mean ratio_mean loss: 0.9996
          Mean advantage_mean loss: -0.0000
           Mean advantage_std loss: 1.0000
      Mean explained_variance loss: 0.9582
                       Mean reward: 4.27
               Mean episode length: 52.35
Episode_Reward/motion_global_anchor_pos: 0.0310
Episode_Reward/motion_global_anchor_ori: 0.0354
    Episode_Reward/motion_body_pos: 0.0537
    Episode_Reward/motion_body_ori: 0.0099
Episode_Reward/motion_body_lin_vel: 0.0654
Episode_Reward/motion_body_ang_vel: 0.0360
Episode_Reward/motion_anchor_lin_vel: 0.0580
           Episode_Reward/base_pos: 0.1133
         Episode_Reward/racket_pos: 0.0007
         Episode_Reward/racket_vel: 0.0107
         Episode_Reward/racket_ori: 0.0983
Episode_Reward/torso_forward_lean_l2: -0.0086
 Episode_Reward/base_ang_vel_xy_l2: -0.0713
 Episode_Reward/undesired_contacts: -0.0013
Episode_Reward/hitter_foot_slip_l2: -0.0679
Episode_Reward/hitter_hit_unstable_support: -0.0083
Episode_Reward/hitter_foot_edge_drag: -0.0086
    Episode_Reward/hip_yaw_default: 0.1835
     Episode_Reward/action_rate_l2: -0.1527
        Episode_Reward/joint_limit: -0.0078
          Episode_Reward/joint_acc: -0.0052
       Episode_Reward/joint_torque: -0.0016
   Metrics/motion/error_anchor_pos: 0.6644
   Metrics/motion/error_anchor_rot: 0.3628
Metrics/motion/error_anchor_lin_vel: 2.2361
Metrics/motion/error_anchor_ang_vel: 1.5783
     Metrics/motion/error_body_pos: 0.4668
     Metrics/motion/error_body_rot: 0.9292
 Metrics/motion/error_body_lin_vel: 2.3155
 Metrics/motion/error_body_ang_vel: 3.5248
    Metrics/motion/error_joint_pos: 2.2626
    Metrics/motion/error_joint_vel: 12.9489
   Metrics/motion/sampling_entropy: 0.0000
 Metrics/motion/sampling_top1_prob: 0.0000
  Metrics/motion/sampling_top1_bin: 0.0000
Metrics/motion/motion_sampling_prob_mean: 0.1111
Metrics/motion/motion_sampling_prob_std: 0.0000
Metrics/motion/motion_sampling_prob_min: 0.1111
Metrics/motion/motion_sampling_prob_max: 0.1111
Metrics/motion/motion_sampling_prob_entropy: 1.0000
Metrics/motion/hitter_strike_racket_pos_error: 0.4144
Metrics/motion/hitter_strike_racket_vel_error: 1.7429
Metrics/motion/hitter_strike_racket_ori_error: 0.0565
      Episode_Termination/time_out: 0.0000
    Episode_Termination/anchor_pos: 319.3333
    Episode_Termination/anchor_ori: 0.0000
--------------------------------------------------------------------------------
                   Total timesteps: 26496000
                    Iteration time: 2.70s
                      Time elapsed: 00:03:19
                               ETA: 16:20:53

################################################################################
                     [1m Learning iteration 69/200000 [0m                     

                       Computation: 140273 steps/s (collection: 2.477s, learning 0.260s)
             Mean action noise std: 0.54
          Mean value_function loss: 0.0952
               Mean surrogate loss: -0.0019
                 Mean entropy loss: 22.5088
               Mean approx_kl loss: 0.0139
           Mean clip_fraction loss: 0.1889
              Mean ratio_mean loss: 0.9997
          Mean advantage_mean loss: -0.0000
           Mean advantage_std loss: 1.0000
      Mean explained_variance loss: 0.9568
                       Mean reward: 3.92
               Mean episode length: 50.59
Episode_Reward/motion_global_anchor_pos: 0.0314
Episode_Reward/motion_global_anchor_ori: 0.0360
    Episode_Reward/motion_body_pos: 0.0544
    Episode_Reward/motion_body_ori: 0.0100
Episode_Reward/motion_body_lin_vel: 0.0670
Episode_Reward/motion_body_ang_vel: 0.0368
Episode_Reward/motion_anchor_lin_vel: 0.0591
           Episode_Reward/base_pos: 0.1159
         Episode_Reward/racket_pos: 0.0007
         Episode_Reward/racket_vel: 0.0113
         Episode_Reward/racket_ori: 0.1021
Episode_Reward/torso_forward_lean_l2: -0.0087
 Episode_Reward/base_ang_vel_xy_l2: -0.0711
 Episode_Reward/undesired_contacts: -0.0014
Episode_Reward/hitter_foot_slip_l2: -0.0685
Episode_Reward/hitter_hit_unstable_support: -0.0079
Episode_Reward/hitter_foot_edge_drag: -0.0086
    Episode_Reward/hip_yaw_default: 0.1858
     Episode_Reward/action_rate_l2: -0.1526
        Episode_Reward/joint_limit: -0.0075
          Episode_Reward/joint_acc: -0.0052
       Episode_Reward/joint_torque: -0.0016
   Metrics/motion/error_anchor_pos: 0.6653
   Metrics/motion/error_anchor_rot: 0.3604
Metrics/motion/error_anchor_lin_vel: 2.2325
Metrics/motion/error_anchor_ang_vel: 1.5745
     Metrics/motion/error_body_pos: 0.4664
     Metrics/motion/error_body_rot: 0.9241
 Metrics/motion/error_body_lin_vel: 2.3176
 Metrics/motion/error_body_ang_vel: 3.5105
    Metrics/motion/error_joint_pos: 2.2582
    Metrics/motion/error_joint_vel: 12.8628
   Metrics/motion/sampling_entropy: 0.0000
 Metrics/motion/sampling_top1_prob: 0.0000
  Metrics/motion/sampling_top1_bin: 0.0000
Metrics/motion/motion_sampling_prob_mean: 0.1111
Metrics/motion/motion_sampling_prob_std: 0.0000
Metrics/motion/motion_sampling_prob_min: 0.1111
Metrics/motion/motion_sampling_prob_max: 0.1111
Metrics/motion/motion_sampling_prob_entropy: 1.0000
Metrics/motion/hitter_strike_racket_pos_error: 0.4264
Metrics/motion/hitter_strike_racket_vel_error: 1.7879
Metrics/motion/hitter_strike_racket_ori_error: 0.0557
      Episode_Termination/time_out: 0.0000
    Episode_Termination/anchor_pos: 315.5417
    Episode_Termination/anchor_ori: 0.0000
--------------------------------------------------------------------------------
                   Total timesteps: 26880000
                    Iteration time: 2.74s
                      Time elapsed: 00:03:21
                               ETA: 16:13:42

################################################################################
                     [1m Learning iteration 70/200000 [0m                     

                       Computation: 142379 steps/s (collection: 2.437s, learning 0.260s)
             Mean action noise std: 0.54
          Mean value_function loss: 0.0996
               Mean surrogate loss: -0.0064
                 Mean entropy loss: 22.2737
               Mean approx_kl loss: 0.0134
           Mean clip_fraction loss: 0.2016
              Mean ratio_mean loss: 0.9998
          Mean advantage_mean loss: -0.0000
           Mean advantage_std loss: 1.0000
      Mean explained_variance loss: 0.9561
                       Mean reward: 3.53
               Mean episode length: 49.58
Episode_Reward/motion_global_anchor_pos: 0.0319
Episode_Reward/motion_global_anchor_ori: 0.0367
    Episode_Reward/motion_body_pos: 0.0551
    Episode_Reward/motion_body_ori: 0.0101
Episode_Reward/motion_body_lin_vel: 0.0684
Episode_Reward/motion_body_ang_vel: 0.0376
Episode_Reward/motion_anchor_lin_vel: 0.0602
           Episode_Reward/base_pos: 0.1152
         Episode_Reward/racket_pos: 0.0007
         Episode_Reward/racket_vel: 0.0132
         Episode_Reward/racket_ori: 0.1039
Episode_Reward/torso_forward_lean_l2: -0.0092
 Episode_Reward/base_ang_vel_xy_l2: -0.0709
 Episode_Reward/undesired_contacts: -0.0014
Episode_Reward/hitter_foot_slip_l2: -0.0692
Episode_Reward/hitter_hit_unstable_support: -0.0080
Episode_Reward/hitter_foot_edge_drag: -0.0086
    Episode_Reward/hip_yaw_default: 0.1882
     Episode_Reward/action_rate_l2: -0.1528
        Episode_Reward/joint_limit: -0.0074
          Episode_Reward/joint_acc: -0.0052
       Episode_Reward/joint_torque: -0.0017
   Metrics/motion/error_anchor_pos: 0.6659
   Metrics/motion/error_anchor_rot: 0.3591
Metrics/motion/error_anchor_lin_vel: 2.2286
Metrics/motion/error_anchor_ang_vel: 1.5581
     Metrics/motion/error_body_pos: 0.4664
     Metrics/motion/error_body_rot: 0.9255
 Metrics/motion/error_body_lin_vel: 2.3181
 Metrics/motion/error_body_ang_vel: 3.5231
    Metrics/motion/error_joint_pos: 2.2613
    Metrics/motion/error_joint_vel: 12.8182
   Metrics/motion/sampling_entropy: 0.0000
 Metrics/motion/sampling_top1_prob: 0.0000
  Metrics/motion/sampling_top1_bin: 0.0000
Metrics/motion/motion_sampling_prob_mean: 0.1111
Metrics/motion/motion_sampling_prob_std: 0.0000
Metrics/motion/motion_sampling_prob_min: 0.1111
Metrics/motion/motion_sampling_prob_max: 0.1111
Metrics/motion/motion_sampling_prob_entropy: 1.0000
Metrics/motion/hitter_strike_racket_pos_error: 0.4366
Metrics/motion/hitter_strike_racket_vel_error: 1.8075
Metrics/motion/hitter_strike_racket_ori_error: 0.0580
      Episode_Termination/time_out: 0.0000
    Episode_Termination/anchor_pos: 311.0833
    Episode_Termination/anchor_ori: 0.0000
--------------------------------------------------------------------------------
                   Total timesteps: 27264000
                    Iteration time: 2.70s
                      Time elapsed: 00:03:24
                               ETA: 16:04:50

################################################################################
                     [1m Learning iteration 71/200000 [0m                     

                       Computation: 142753 steps/s (collection: 2.430s, learning 0.260s)
             Mean action noise std: 0.54
          Mean value_function loss: 0.0961
               Mean surrogate loss: -0.0047
                 Mean entropy loss: 22.1691
               Mean approx_kl loss: 0.0140
           Mean clip_fraction loss: 0.2081
              Mean ratio_mean loss: 0.9998
          Mean advantage_mean loss: -0.0000
           Mean advantage_std loss: 1.0000
      Mean explained_variance loss: 0.9587
                       Mean reward: 3.97
               Mean episode length: 52.88
Episode_Reward/motion_global_anchor_pos: 0.0324
Episode_Reward/motion_global_anchor_ori: 0.0371
    Episode_Reward/motion_body_pos: 0.0558
    Episode_Reward/motion_body_ori: 0.0101
Episode_Reward/motion_body_lin_vel: 0.0701
Episode_Reward/motion_body_ang_vel: 0.0385
Episode_Reward/motion_anchor_lin_vel: 0.0613
           Episode_Reward/base_pos: 0.1162
         Episode_Reward/racket_pos: 0.0007
         Episode_Reward/racket_vel: 0.0134
         Episode_Reward/racket_ori: 0.1060
Episode_Reward/torso_forward_lean_l2: -0.0093
 Episode_Reward/base_ang_vel_xy_l2: -0.0708
 Episode_Reward/undesired_contacts: -0.0015
Episode_Reward/hitter_foot_slip_l2: -0.0698
Episode_Reward/hitter_hit_unstable_support: -0.0082
Episode_Reward/hitter_foot_edge_drag: -0.0086
    Episode_Reward/hip_yaw_default: 0.1907
     Episode_Reward/action_rate_l2: -0.1533
        Episode_Reward/joint_limit: -0.0072
          Episode_Reward/joint_acc: -0.0052
       Episode_Reward/joint_torque: -0.0017
   Metrics/motion/error_anchor_pos: 0.6667
   Metrics/motion/error_anchor_rot: 0.3590
Metrics/motion/error_anchor_lin_vel: 2.2233
Metrics/motion/error_anchor_ang_vel: 1.5523
     Metrics/motion/error_body_pos: 0.4661
     Metrics/motion/error_body_rot: 0.9238
 Metrics/motion/error_body_lin_vel: 2.3195
 Metrics/motion/error_body_ang_vel: 3.5140
    Metrics/motion/error_joint_pos: 2.2642
    Metrics/motion/error_joint_vel: 12.8240
   Metrics/motion/sampling_entropy: 0.0000
 Metrics/motion/sampling_top1_prob: 0.0000
  Metrics/motion/sampling_top1_bin: 0.0000
Metrics/motion/motion_sampling_prob_mean: 0.1111
Metrics/motion/motion_sampling_prob_std: 0.0000
Metrics/motion/motion_sampling_prob_min: 0.1111
Metrics/motion/motion_sampling_prob_max: 0.1111
Metrics/motion/motion_sampling_prob_entropy: 1.0000
Metrics/motion/hitter_strike_racket_pos_error: 0.4429
Metrics/motion/hitter_strike_racket_vel_error: 1.8388
Metrics/motion/hitter_strike_racket_ori_error: 0.0579
      Episode_Termination/time_out: 0.0000
    Episode_Termination/anchor_pos: 308.9167
    Episode_Termination/anchor_ori: 0.0000
--------------------------------------------------------------------------------
                   Total timesteps: 27648000
                    Iteration time: 2.69s
                      Time elapsed: 00:03:27
                               ETA: 15:55:53

################################################################################
                     [1m Learning iteration 72/200000 [0m                     

                       Computation: 142979 steps/s (collection: 2.420s, learning 0.266s)
             Mean action noise std: 0.53
          Mean value_function loss: 0.1017
               Mean surrogate loss: -0.0031
                 Mean entropy loss: 21.9750
               Mean approx_kl loss: 0.0146
           Mean clip_fraction loss: 0.2063
              Mean ratio_mean loss: 0.9997
          Mean advantage_mean loss: -0.0000
           Mean advantage_std loss: 1.0000
      Mean explained_variance loss: 0.9581
                       Mean reward: 4.35
               Mean episode length: 53.91
Episode_Reward/motion_global_anchor_pos: 0.0327
Episode_Reward/motion_global_anchor_ori: 0.0377
    Episode_Reward/motion_body_pos: 0.0566
    Episode_Reward/motion_body_ori: 0.0102
Episode_Reward/motion_body_lin_vel: 0.0715
Episode_Reward/motion_body_ang_vel: 0.0394
Episode_Reward/motion_anchor_lin_vel: 0.0623
           Episode_Reward/base_pos: 0.1183
         Episode_Reward/racket_pos: 0.0007
         Episode_Reward/racket_vel: 0.0143
         Episode_Reward/racket_ori: 0.1081
Episode_Reward/torso_forward_lean_l2: -0.0092
 Episode_Reward/base_ang_vel_xy_l2: -0.0713
 Episode_Reward/undesired_contacts: -0.0015
Episode_Reward/hitter_foot_slip_l2: -0.0707
Episode_Reward/hitter_hit_unstable_support: -0.0078
Episode_Reward/hitter_foot_edge_drag: -0.0085
    Episode_Reward/hip_yaw_default: 0.1931
     Episode_Reward/action_rate_l2: -0.1537
        Episode_Reward/joint_limit: -0.0069
          Episode_Reward/joint_acc: -0.0051
       Episode_Reward/joint_torque: -0.0017
   Metrics/motion/error_anchor_pos: 0.6700
   Metrics/motion/error_anchor_rot: 0.3578
Metrics/motion/error_anchor_lin_vel: 2.2155
Metrics/motion/error_anchor_ang_vel: 1.5490
     Metrics/motion/error_body_pos: 0.4659
     Metrics/motion/error_body_rot: 0.9169
 Metrics/motion/error_body_lin_vel: 2.3219
 Metrics/motion/error_body_ang_vel: 3.5052
    Metrics/motion/error_joint_pos: 2.2568
    Metrics/motion/error_joint_vel: 12.7686
   Metrics/motion/sampling_entropy: 0.0000
 Metrics/motion/sampling_top1_prob: 0.0000
  Metrics/motion/sampling_top1_bin: 0.0000
Metrics/motion/motion_sampling_prob_mean: 0.1111
Metrics/motion/motion_sampling_prob_std: 0.0000
Metrics/motion/motion_sampling_prob_min: 0.1111
Metrics/motion/motion_sampling_prob_max: 0.1111
Metrics/motion/motion_sampling_prob_entropy: 1.0000
Metrics/motion/hitter_strike_racket_pos_error: 0.4549
Metrics/motion/hitter_strike_racket_vel_error: 1.8665
Metrics/motion/hitter_strike_racket_ori_error: 0.0588
      Episode_Termination/time_out: 0.0000
    Episode_Termination/anchor_pos: 306.0833
    Episode_Termination/anchor_ori: 0.0000
--------------------------------------------------------------------------------
                   Total timesteps: 28032000
                    Iteration time: 2.69s
                      Time elapsed: 00:03:30
                               ETA: 15:46:58

################################################################################
                     [1m Learning iteration 73/200000 [0m                     

                       Computation: 142113 steps/s (collection: 2.443s, learning 0.259s)
             Mean action noise std: 0.53
          Mean value_function loss: 0.0998
               Mean surrogate loss: -0.0070
                 Mean entropy loss: 21.7455
               Mean approx_kl loss: 0.0122
           Mean clip_fraction loss: 0.1847
              Mean ratio_mean loss: 0.9999
          Mean advantage_mean loss: -0.0000
           Mean advantage_std loss: 1.0000
      Mean explained_variance loss: 0.9590
                       Mean reward: 4.52
               Mean episode length: 53.29
Episode_Reward/motion_global_anchor_pos: 0.0335
Episode_Reward/motion_global_anchor_ori: 0.0383
    Episode_Reward/motion_body_pos: 0.0575
    Episode_Reward/motion_body_ori: 0.0103
Episode_Reward/motion_body_lin_vel: 0.0733
Episode_Reward/motion_body_ang_vel: 0.0405
Episode_Reward/motion_anchor_lin_vel: 0.0638
           Episode_Reward/base_pos: 0.1183
         Episode_Reward/racket_pos: 0.0008
         Episode_Reward/racket_vel: 0.0154
         Episode_Reward/racket_ori: 0.1119
Episode_Reward/torso_forward_lean_l2: -0.0091
 Episode_Reward/base_ang_vel_xy_l2: -0.0711
 Episode_Reward/undesired_contacts: -0.0016
Episode_Reward/hitter_foot_slip_l2: -0.0715
Episode_Reward/hitter_hit_unstable_support: -0.0076
Episode_Reward/hitter_foot_edge_drag: -0.0085
    Episode_Reward/hip_yaw_default: 0.1964
     Episode_Reward/action_rate_l2: -0.1543
        Episode_Reward/joint_limit: -0.0068
          Episode_Reward/joint_acc: -0.0052
       Episode_Reward/joint_torque: -0.0017
   Metrics/motion/error_anchor_pos: 0.6706
   Metrics/motion/error_anchor_rot: 0.3559
Metrics/motion/error_anchor_lin_vel: 2.2178
Metrics/motion/error_anchor_ang_vel: 1.5463
     Metrics/motion/error_body_pos: 0.4654
     Metrics/motion/error_body_rot: 0.9137
 Metrics/motion/error_body_lin_vel: 2.3316
 Metrics/motion/error_body_ang_vel: 3.4846
    Metrics/motion/error_joint_pos: 2.2438
    Metrics/motion/error_joint_vel: 12.7132
   Metrics/motion/sampling_entropy: 0.0000
 Metrics/motion/sampling_top1_prob: 0.0000
  Metrics/motion/sampling_top1_bin: 0.0000
Metrics/motion/motion_sampling_prob_mean: 0.1111
Metrics/motion/motion_sampling_prob_std: 0.0000
Metrics/motion/motion_sampling_prob_min: 0.1111
Metrics/motion/motion_sampling_prob_max: 0.1111
Metrics/motion/motion_sampling_prob_entropy: 1.0000
Metrics/motion/hitter_strike_racket_pos_error: 0.4676
Metrics/motion/hitter_strike_racket_vel_error: 1.8990
Metrics/motion/hitter_strike_racket_ori_error: 0.0587
      Episode_Termination/time_out: 0.0000
    Episode_Termination/anchor_pos: 298.5000
    Episode_Termination/anchor_ori: 0.0000
--------------------------------------------------------------------------------
                   Total timesteps: 28416000
                    Iteration time: 2.70s
                      Time elapsed: 00:03:32
                               ETA: 15:39:02

################################################################################
                     [1m Learning iteration 74/200000 [0m                     

                       Computation: 140742 steps/s (collection: 2.469s, learning 0.259s)
             Mean action noise std: 0.53
          Mean value_function loss: 0.1058
               Mean surrogate loss: -0.0043
                 Mean entropy loss: 21.6294
               Mean approx_kl loss: 0.0132
           Mean clip_fraction loss: 0.1924
              Mean ratio_mean loss: 0.9998
          Mean advantage_mean loss: -0.0000
           Mean advantage_std loss: 1.0000
      Mean explained_variance loss: 0.9587
                       Mean reward: 4.30
               Mean episode length: 53.53
Episode_Reward/motion_global_anchor_pos: 0.0340
Episode_Reward/motion_global_anchor_ori: 0.0388
    Episode_Reward/motion_body_pos: 0.0584
    Episode_Reward/motion_body_ori: 0.0103
Episode_Reward/motion_body_lin_vel: 0.0748
Episode_Reward/motion_body_ang_vel: 0.0415
Episode_Reward/motion_anchor_lin_vel: 0.0651
           Episode_Reward/base_pos: 0.1189
         Episode_Reward/racket_pos: 0.0009
         Episode_Reward/racket_vel: 0.0165
         Episode_Reward/racket_ori: 0.1140
Episode_Reward/torso_forward_lean_l2: -0.0092
 Episode_Reward/base_ang_vel_xy_l2: -0.0713
 Episode_Reward/undesired_contacts: -0.0016
Episode_Reward/hitter_foot_slip_l2: -0.0722
Episode_Reward/hitter_hit_unstable_support: -0.0076
Episode_Reward/hitter_foot_edge_drag: -0.0085
    Episode_Reward/hip_yaw_default: 0.1995
     Episode_Reward/action_rate_l2: -0.1549
        Episode_Reward/joint_limit: -0.0065
          Episode_Reward/joint_acc: -0.0052
       Episode_Reward/joint_torque: -0.0017
   Metrics/motion/error_anchor_pos: 0.6742
   Metrics/motion/error_anchor_rot: 0.3564
Metrics/motion/error_anchor_lin_vel: 2.2163
Metrics/motion/error_anchor_ang_vel: 1.5289
     Metrics/motion/error_body_pos: 0.4649
     Metrics/motion/error_body_rot: 0.9082
 Metrics/motion/error_body_lin_vel: 2.3386
 Metrics/motion/error_body_ang_vel: 3.4989
    Metrics/motion/error_joint_pos: 2.2319
    Metrics/motion/error_joint_vel: 12.7641
   Metrics/motion/sampling_entropy: 0.0000
 Metrics/motion/sampling_top1_prob: 0.0000
  Metrics/motion/sampling_top1_bin: 0.0000
Metrics/motion/motion_sampling_prob_mean: 0.1111
Metrics/motion/motion_sampling_prob_std: 0.0000
Metrics/motion/motion_sampling_prob_min: 0.1111
Metrics/motion/motion_sampling_prob_max: 0.1111
Metrics/motion/motion_sampling_prob_entropy: 1.0000
Metrics/motion/hitter_strike_racket_pos_error: 0.4772
Metrics/motion/hitter_strike_racket_vel_error: 1.9276
Metrics/motion/hitter_strike_racket_ori_error: 0.0602
      Episode_Termination/time_out: 0.0000
    Episode_Termination/anchor_pos: 296.5417
    Episode_Termination/anchor_ori: 0.0000
--------------------------------------------------------------------------------
                   Total timesteps: 28800000
                    Iteration time: 2.73s
                      Time elapsed: 00:03:35
                               ETA: 15:32:29

################################################################################
                     [1m Learning iteration 75/200000 [0m                     

                       Computation: 141039 steps/s (collection: 2.455s, learning 0.268s)
             Mean action noise std: 0.53
          Mean value_function loss: 0.1080
               Mean surrogate loss: -0.0030
                 Mean entropy loss: 21.4591
               Mean approx_kl loss: 0.0136
           Mean clip_fraction loss: 0.1918
              Mean ratio_mean loss: 0.9998
          Mean advantage_mean loss: 0.0000
           Mean advantage_std loss: 1.0000
      Mean explained_variance loss: 0.9595
                       Mean reward: 4.71
               Mean episode length: 54.42
Episode_Reward/motion_global_anchor_pos: 0.0342
Episode_Reward/motion_global_anchor_ori: 0.0392
    Episode_Reward/motion_body_pos: 0.0587
    Episode_Reward/motion_body_ori: 0.0104
Episode_Reward/motion_body_lin_vel: 0.0756
Episode_Reward/motion_body_ang_vel: 0.0422
Episode_Reward/motion_anchor_lin_vel: 0.0656
           Episode_Reward/base_pos: 0.1189
         Episode_Reward/racket_pos: 0.0008
         Episode_Reward/racket_vel: 0.0172
         Episode_Reward/racket_ori: 0.1162
Episode_Reward/torso_forward_lean_l2: -0.0092
 Episode_Reward/base_ang_vel_xy_l2: -0.0705
 Episode_Reward/undesired_contacts: -0.0016
Episode_Reward/hitter_foot_slip_l2: -0.0724
Episode_Reward/hitter_hit_unstable_support: -0.0073
Episode_Reward/hitter_foot_edge_drag: -0.0084
    Episode_Reward/hip_yaw_default: 0.2007
     Episode_Reward/action_rate_l2: -0.1539
        Episode_Reward/joint_limit: -0.0060
          Episode_Reward/joint_acc: -0.0051
       Episode_Reward/joint_torque: -0.0017
   Metrics/motion/error_anchor_pos: 0.6758
   Metrics/motion/error_anchor_rot: 0.3548
Metrics/motion/error_anchor_lin_vel: 2.2180
Metrics/motion/error_anchor_ang_vel: 1.5068
     Metrics/motion/error_body_pos: 0.4650
     Metrics/motion/error_body_rot: 0.9074
 Metrics/motion/error_body_lin_vel: 2.3418
 Metrics/motion/error_body_ang_vel: 3.4741
    Metrics/motion/error_joint_pos: 2.2294
    Metrics/motion/error_joint_vel: 12.6841
   Metrics/motion/sampling_entropy: 0.0000
 Metrics/motion/sampling_top1_prob: 0.0000
  Metrics/motion/sampling_top1_bin: 0.0000
Metrics/motion/motion_sampling_prob_mean: 0.1111
Metrics/motion/motion_sampling_prob_std: 0.0000
Metrics/motion/motion_sampling_prob_min: 0.1111
Metrics/motion/motion_sampling_prob_max: 0.1111
Metrics/motion/motion_sampling_prob_entropy: 1.0000
Metrics/motion/hitter_strike_racket_pos_error: 0.4894
Metrics/motion/hitter_strike_racket_vel_error: 1.9695
Metrics/motion/hitter_strike_racket_ori_error: 0.0616
      Episode_Termination/time_out: 0.0000
    Episode_Termination/anchor_pos: 292.2500
    Episode_Termination/anchor_ori: 0.0000
--------------------------------------------------------------------------------
                   Total timesteps: 29184000
                    Iteration time: 2.72s
                      Time elapsed: 00:03:38
                               ETA: 15:25:51

################################################################################
                     [1m Learning iteration 76/200000 [0m                     

                       Computation: 142379 steps/s (collection: 2.424s, learning 0.273s)
             Mean action noise std: 0.52
          Mean value_function loss: 0.1065
               Mean surrogate loss: -0.0064
                 Mean entropy loss: 21.2490
               Mean approx_kl loss: 0.0117
           Mean clip_fraction loss: 0.1757
              Mean ratio_mean loss: 0.9999
          Mean advantage_mean loss: 0.0000
           Mean advantage_std loss: 1.0000
      Mean explained_variance loss: 0.9599
                       Mean reward: 4.68
               Mean episode length: 54.10
Episode_Reward/motion_global_anchor_pos: 0.0347
Episode_Reward/motion_global_anchor_ori: 0.0400
    Episode_Reward/motion_body_pos: 0.0596
    Episode_Reward/motion_body_ori: 0.0105
Episode_Reward/motion_body_lin_vel: 0.0774
Episode_Reward/motion_body_ang_vel: 0.0432
Episode_Reward/motion_anchor_lin_vel: 0.0669
           Episode_Reward/base_pos: 0.1203
         Episode_Reward/racket_pos: 0.0010
         Episode_Reward/racket_vel: 0.0183
         Episode_Reward/racket_ori: 0.1176
Episode_Reward/torso_forward_lean_l2: -0.0092
 Episode_Reward/base_ang_vel_xy_l2: -0.0703
 Episode_Reward/undesired_contacts: -0.0016
Episode_Reward/hitter_foot_slip_l2: -0.0734
Episode_Reward/hitter_hit_unstable_support: -0.0073
Episode_Reward/hitter_foot_edge_drag: -0.0084
    Episode_Reward/hip_yaw_default: 0.2037
     Episode_Reward/action_rate_l2: -0.1544
        Episode_Reward/joint_limit: -0.0059
          Episode_Reward/joint_acc: -0.0051
       Episode_Reward/joint_torque: -0.0018
   Metrics/motion/error_anchor_pos: 0.6778
   Metrics/motion/error_anchor_rot: 0.3474
Metrics/motion/error_anchor_lin_vel: 2.2226
Metrics/motion/error_anchor_ang_vel: 1.5073
     Metrics/motion/error_body_pos: 0.4645
     Metrics/motion/error_body_rot: 0.9043
 Metrics/motion/error_body_lin_vel: 2.3476
 Metrics/motion/error_body_ang_vel: 3.4505
    Metrics/motion/error_joint_pos: 2.2257
    Metrics/motion/error_joint_vel: 12.6502
   Metrics/motion/sampling_entropy: 0.0000
 Metrics/motion/sampling_top1_prob: 0.0000
  Metrics/motion/sampling_top1_bin: 0.0000
Metrics/motion/motion_sampling_prob_mean: 0.1111
Metrics/motion/motion_sampling_prob_std: 0.0000
Metrics/motion/motion_sampling_prob_min: 0.1111
Metrics/motion/motion_sampling_prob_max: 0.1111
Metrics/motion/motion_sampling_prob_entropy: 1.0000
Metrics/motion/hitter_strike_racket_pos_error: 0.4896
Metrics/motion/hitter_strike_racket_vel_error: 1.9651
Metrics/motion/hitter_strike_racket_ori_error: 0.0625
      Episode_Termination/time_out: 0.0000
    Episode_Termination/anchor_pos: 291.0417
    Episode_Termination/anchor_ori: 0.0000
--------------------------------------------------------------------------------
                   Total timesteps: 29568000
                    Iteration time: 2.70s
                      Time elapsed: 00:03:40
                               ETA: 15:18:17

################################################################################
                     [1m Learning iteration 77/200000 [0m                     

                       Computation: 141930 steps/s (collection: 2.436s, learning 0.269s)
             Mean action noise std: 0.52
          Mean value_function loss: 0.1110
               Mean surrogate loss: -0.0041
                 Mean entropy loss: 21.1273
               Mean approx_kl loss: 0.0134
           Mean clip_fraction loss: 0.1891
              Mean ratio_mean loss: 0.9993
          Mean advantage_mean loss: 0.0000
           Mean advantage_std loss: 1.0000
      Mean explained_variance loss: 0.9600
                       Mean reward: 4.60
               Mean episode length: 53.06
Episode_Reward/motion_global_anchor_pos: 0.0356
Episode_Reward/motion_global_anchor_ori: 0.0406
    Episode_Reward/motion_body_pos: 0.0609
    Episode_Reward/motion_body_ori: 0.0106
Episode_Reward/motion_body_lin_vel: 0.0799
Episode_Reward/motion_body_ang_vel: 0.0445
Episode_Reward/motion_anchor_lin_vel: 0.0688
           Episode_Reward/base_pos: 0.1214
         Episode_Reward/racket_pos: 0.0009
         Episode_Reward/racket_vel: 0.0170
         Episode_Reward/racket_ori: 0.1194
Episode_Reward/torso_forward_lean_l2: -0.0092
 Episode_Reward/base_ang_vel_xy_l2: -0.0711
 Episode_Reward/undesired_contacts: -0.0017
Episode_Reward/hitter_foot_slip_l2: -0.0740
Episode_Reward/hitter_hit_unstable_support: -0.0072
Episode_Reward/hitter_foot_edge_drag: -0.0084
    Episode_Reward/hip_yaw_default: 0.2074
     Episode_Reward/action_rate_l2: -0.1556
        Episode_Reward/joint_limit: -0.0059
          Episode_Reward/joint_acc: -0.0051
       Episode_Reward/joint_torque: -0.0018
   Metrics/motion/error_anchor_pos: 0.6777
   Metrics/motion/error_anchor_rot: 0.3479
Metrics/motion/error_anchor_lin_vel: 2.2209
Metrics/motion/error_anchor_ang_vel: 1.4907
     Metrics/motion/error_body_pos: 0.4641
     Metrics/motion/error_body_rot: 0.9008
 Metrics/motion/error_body_lin_vel: 2.3445
 Metrics/motion/error_body_ang_vel: 3.4626
    Metrics/motion/error_joint_pos: 2.2254
    Metrics/motion/error_joint_vel: 12.6220
   Metrics/motion/sampling_entropy: 0.0000
 Metrics/motion/sampling_top1_prob: 0.0000
  Metrics/motion/sampling_top1_bin: 0.0000
Metrics/motion/motion_sampling_prob_mean: 0.1111
Metrics/motion/motion_sampling_prob_std: 0.0000
Metrics/motion/motion_sampling_prob_min: 0.1111
Metrics/motion/motion_sampling_prob_max: 0.1111
Metrics/motion/motion_sampling_prob_entropy: 1.0000
Metrics/motion/hitter_strike_racket_pos_error: 0.4983
Metrics/motion/hitter_strike_racket_vel_error: 2.0188
Metrics/motion/hitter_strike_racket_ori_error: 0.0625
      Episode_Termination/time_out: 0.0000
    Episode_Termination/anchor_pos: 284.3750
    Episode_Termination/anchor_ori: 0.0000
--------------------------------------------------------------------------------
                   Total timesteps: 29952000
                    Iteration time: 2.71s
                      Time elapsed: 00:03:43
                               ETA: 15:11:16

################################################################################
                     [1m Learning iteration 78/200000 [0m                     

                       Computation: 142774 steps/s (collection: 2.426s, learning 0.264s)
             Mean action noise std: 0.52
          Mean value_function loss: 0.1123
               Mean surrogate loss: -0.0034
                 Mean entropy loss: 20.9656
               Mean approx_kl loss: 0.0117
           Mean clip_fraction loss: 0.1687
              Mean ratio_mean loss: 1.0001
          Mean advantage_mean loss: -0.0000
           Mean advantage_std loss: 1.0000
      Mean explained_variance loss: 0.9614
                       Mean reward: 4.85
               Mean episode length: 57.02
Episode_Reward/motion_global_anchor_pos: 0.0360
Episode_Reward/motion_global_anchor_ori: 0.0411
    Episode_Reward/motion_body_pos: 0.0615
    Episode_Reward/motion_body_ori: 0.0107
Episode_Reward/motion_body_lin_vel: 0.0814
Episode_Reward/motion_body_ang_vel: 0.0453
Episode_Reward/motion_anchor_lin_vel: 0.0697
           Episode_Reward/base_pos: 0.1201
         Episode_Reward/racket_pos: 0.0009
         Episode_Reward/racket_vel: 0.0207
         Episode_Reward/racket_ori: 0.1233
Episode_Reward/torso_forward_lean_l2: -0.0089
 Episode_Reward/base_ang_vel_xy_l2: -0.0706
 Episode_Reward/undesired_contacts: -0.0017
Episode_Reward/hitter_foot_slip_l2: -0.0749
Episode_Reward/hitter_hit_unstable_support: -0.0071
Episode_Reward/hitter_foot_edge_drag: -0.0084
    Episode_Reward/hip_yaw_default: 0.2096
     Episode_Reward/action_rate_l2: -0.1557
        Episode_Reward/joint_limit: -0.0059
          Episode_Reward/joint_acc: -0.0051
       Episode_Reward/joint_torque: -0.0018
   Metrics/motion/error_anchor_pos: 0.6771
   Metrics/motion/error_anchor_rot: 0.3456
Metrics/motion/error_anchor_lin_vel: 2.2131
Metrics/motion/error_anchor_ang_vel: 1.4525
     Metrics/motion/error_body_pos: 0.4636
     Metrics/motion/error_body_rot: 0.8912
 Metrics/motion/error_body_lin_vel: 2.3448
 Metrics/motion/error_body_ang_vel: 3.4388
    Metrics/motion/error_joint_pos: 2.2347
    Metrics/motion/error_joint_vel: 12.6168
   Metrics/motion/sampling_entropy: 0.0000
 Metrics/motion/sampling_top1_prob: 0.0000
  Metrics/motion/sampling_top1_bin: 0.0000
Metrics/motion/motion_sampling_prob_mean: 0.1111
Metrics/motion/motion_sampling_prob_std: 0.0000
Metrics/motion/motion_sampling_prob_min: 0.1111
Metrics/motion/motion_sampling_prob_max: 0.1111
Metrics/motion/motion_sampling_prob_entropy: 1.0000
Metrics/motion/hitter_strike_racket_pos_error: 0.5191
Metrics/motion/hitter_strike_racket_vel_error: 2.0432
Metrics/motion/hitter_strike_racket_ori_error: 0.0650
      Episode_Termination/time_out: 0.0000
    Episode_Termination/anchor_pos: 283.5417
    Episode_Termination/anchor_ori: 0.0000
--------------------------------------------------------------------------------
                   Total timesteps: 30336000
                    Iteration time: 2.69s
                      Time elapsed: 00:03:46
                               ETA: 15:03:46

################################################################################
                     [1m Learning iteration 79/200000 [0m                     

                       Computation: 141102 steps/s (collection: 2.458s, learning 0.263s)
             Mean action noise std: 0.52
          Mean value_function loss: 0.1122
               Mean surrogate loss: -0.0045
                 Mean entropy loss: 20.7655
               Mean approx_kl loss: 0.0136
           Mean clip_fraction loss: 0.2040
              Mean ratio_mean loss: 0.9999
          Mean advantage_mean loss: -0.0000
           Mean advantage_std loss: 1.0000
      Mean explained_variance loss: 0.9619
                       Mean reward: 4.93
               Mean episode length: 58.22
Episode_Reward/motion_global_anchor_pos: 0.0366
Episode_Reward/motion_global_anchor_ori: 0.0417
    Episode_Reward/motion_body_pos: 0.0625
    Episode_Reward/motion_body_ori: 0.0107
Episode_Reward/motion_body_lin_vel: 0.0833
Episode_Reward/motion_body_ang_vel: 0.0465
Episode_Reward/motion_anchor_lin_vel: 0.0713
           Episode_Reward/base_pos: 0.1217
         Episode_Reward/racket_pos: 0.0010
         Episode_Reward/racket_vel: 0.0199
         Episode_Reward/racket_ori: 0.1244
Episode_Reward/torso_forward_lean_l2: -0.0088
 Episode_Reward/base_ang_vel_xy_l2: -0.0711
 Episode_Reward/undesired_contacts: -0.0018
Episode_Reward/hitter_foot_slip_l2: -0.0754
Episode_Reward/hitter_hit_unstable_support: -0.0072
Episode_Reward/hitter_foot_edge_drag: -0.0083
    Episode_Reward/hip_yaw_default: 0.2126
     Episode_Reward/action_rate_l2: -0.1565
        Episode_Reward/joint_limit: -0.0058
          Episode_Reward/joint_acc: -0.0051
       Episode_Reward/joint_torque: -0.0018
   Metrics/motion/error_anchor_pos: 0.6781
   Metrics/motion/error_anchor_rot: 0.3463
Metrics/motion/error_anchor_lin_vel: 2.2080
Metrics/motion/error_anchor_ang_vel: 1.4743
     Metrics/motion/error_body_pos: 0.4630
     Metrics/motion/error_body_rot: 0.8839
 Metrics/motion/error_body_lin_vel: 2.3420
 Metrics/motion/error_body_ang_vel: 3.4485
    Metrics/motion/error_joint_pos: 2.2396
    Metrics/motion/error_joint_vel: 12.5832
   Metrics/motion/sampling_entropy: 0.0000
 Metrics/motion/sampling_top1_prob: 0.0000
  Metrics/motion/sampling_top1_bin: 0.0000
Metrics/motion/motion_sampling_prob_mean: 0.1111
Metrics/motion/motion_sampling_prob_std: 0.0000
Metrics/motion/motion_sampling_prob_min: 0.1111
Metrics/motion/motion_sampling_prob_max: 0.1111
Metrics/motion/motion_sampling_prob_entropy: 1.0000
Metrics/motion/hitter_strike_racket_pos_error: 0.5211
Metrics/motion/hitter_strike_racket_vel_error: 2.0768
Metrics/motion/hitter_strike_racket_ori_error: 0.0661
      Episode_Termination/time_out: 0.0000
    Episode_Termination/anchor_pos: 275.2083
    Episode_Termination/anchor_ori: 0.0000
--------------------------------------------------------------------------------
                   Total timesteps: 30720000
                    Iteration time: 2.72s
                      Time elapsed: 00:03:48
                               ETA: 14:57:46

################################################################################
                     [1m Learning iteration 80/200000 [0m                     

                       Computation: 141714 steps/s (collection: 2.441s, learning 0.269s)
             Mean action noise std: 0.51
          Mean value_function loss: 0.1178
               Mean surrogate loss: -0.0005
                 Mean entropy loss: 20.7022
               Mean approx_kl loss: 0.0152
           Mean clip_fraction loss: 0.1882
              Mean ratio_mean loss: 1.0000
          Mean advantage_mean loss: -0.0000
           Mean advantage_std loss: 1.0000
      Mean explained_variance loss: 0.9616
                       Mean reward: 5.21
               Mean episode length: 60.20
Episode_Reward/motion_global_anchor_pos: 0.0369
Episode_Reward/motion_global_anchor_ori: 0.0425
    Episode_Reward/motion_body_pos: 0.0632
    Episode_Reward/motion_body_ori: 0.0107
Episode_Reward/motion_body_lin_vel: 0.0850
Episode_Reward/motion_body_ang_vel: 0.0473
Episode_Reward/motion_anchor_lin_vel: 0.0725
           Episode_Reward/base_pos: 0.1226
         Episode_Reward/racket_pos: 0.0010
         Episode_Reward/racket_vel: 0.0217
         Episode_Reward/racket_ori: 0.1263
Episode_Reward/torso_forward_lean_l2: -0.0088
 Episode_Reward/base_ang_vel_xy_l2: -0.0710
 Episode_Reward/undesired_contacts: -0.0018
Episode_Reward/hitter_foot_slip_l2: -0.0760
Episode_Reward/hitter_hit_unstable_support: -0.0070
Episode_Reward/hitter_foot_edge_drag: -0.0083
    Episode_Reward/hip_yaw_default: 0.2150
     Episode_Reward/action_rate_l2: -0.1568
        Episode_Reward/joint_limit: -0.0060
          Episode_Reward/joint_acc: -0.0051
       Episode_Reward/joint_torque: -0.0019
   Metrics/motion/error_anchor_pos: 0.6791
   Metrics/motion/error_anchor_rot: 0.3443
Metrics/motion/error_anchor_lin_vel: 2.2029
Metrics/motion/error_anchor_ang_vel: 1.4640
     Metrics/motion/error_body_pos: 0.4622
     Metrics/motion/error_body_rot: 0.8758
 Metrics/motion/error_body_lin_vel: 2.3410
 Metrics/motion/error_body_ang_vel: 3.4303
    Metrics/motion/error_joint_pos: 2.2388
    Metrics/motion/error_joint_vel: 12.6260
   Metrics/motion/sampling_entropy: 0.0000
 Metrics/motion/sampling_top1_prob: 0.0000
  Metrics/motion/sampling_top1_bin: 0.0000
Metrics/motion/motion_sampling_prob_mean: 0.1111
Metrics/motion/motion_sampling_prob_std: 0.0000
Metrics/motion/motion_sampling_prob_min: 0.1111
Metrics/motion/motion_sampling_prob_max: 0.1111
Metrics/motion/motion_sampling_prob_entropy: 1.0000
Metrics/motion/hitter_strike_racket_pos_error: 0.5295
Metrics/motion/hitter_strike_racket_vel_error: 2.0992
Metrics/motion/hitter_strike_racket_ori_error: 0.0652
      Episode_Termination/time_out: 0.0000
    Episode_Termination/anchor_pos: 275.6250
    Episode_Termination/anchor_ori: 0.0000
--------------------------------------------------------------------------------
                   Total timesteps: 31104000
                    Iteration time: 2.71s
                      Time elapsed: 00:03:51
                               ETA: 14:51:26

################################################################################
                     [1m Learning iteration 81/200000 [0m                     

                       Computation: 136782 steps/s (collection: 2.513s, learning 0.294s)
             Mean action noise std: 0.51
          Mean value_function loss: 0.1153
               Mean surrogate loss: -0.0054
                 Mean entropy loss: 20.5484
               Mean approx_kl loss: 0.0107
           Mean clip_fraction loss: 0.1502
              Mean ratio_mean loss: 0.9997
          Mean advantage_mean loss: 0.0000
           Mean advantage_std loss: 1.0000
      Mean explained_variance loss: 0.9633
                       Mean reward: 5.30
               Mean episode length: 58.68
Episode_Reward/motion_global_anchor_pos: 0.0378
Episode_Reward/motion_global_anchor_ori: 0.0426
    Episode_Reward/motion_body_pos: 0.0647
    Episode_Reward/motion_body_ori: 0.0109
Episode_Reward/motion_body_lin_vel: 0.0875
Episode_Reward/motion_body_ang_vel: 0.0486
Episode_Reward/motion_anchor_lin_vel: 0.0746
           Episode_Reward/base_pos: 0.1257
         Episode_Reward/racket_pos: 0.0011
         Episode_Reward/racket_vel: 0.0215
         Episode_Reward/racket_ori: 0.1300
Episode_Reward/torso_forward_lean_l2: -0.0087
 Episode_Reward/base_ang_vel_xy_l2: -0.0718
 Episode_Reward/undesired_contacts: -0.0019
Episode_Reward/hitter_foot_slip_l2: -0.0770
Episode_Reward/hitter_hit_unstable_support: -0.0067
Episode_Reward/hitter_foot_edge_drag: -0.0084
    Episode_Reward/hip_yaw_default: 0.2194
     Episode_Reward/action_rate_l2: -0.1588
        Episode_Reward/joint_limit: -0.0057
          Episode_Reward/joint_acc: -0.0052
       Episode_Reward/joint_torque: -0.0019
   Metrics/motion/error_anchor_pos: 0.6818
   Metrics/motion/error_anchor_rot: 0.3531
Metrics/motion/error_anchor_lin_vel: 2.2027
Metrics/motion/error_anchor_ang_vel: 1.4721
     Metrics/motion/error_body_pos: 0.4624
     Metrics/motion/error_body_rot: 0.8824
 Metrics/motion/error_body_lin_vel: 2.3446
 Metrics/motion/error_body_ang_vel: 3.4517
    Metrics/motion/error_joint_pos: 2.2363
    Metrics/motion/error_joint_vel: 12.5299
   Metrics/motion/sampling_entropy: 0.0000
 Metrics/motion/sampling_top1_prob: 0.0000
  Metrics/motion/sampling_top1_bin: 0.0000
Metrics/motion/motion_sampling_prob_mean: 0.1111
Metrics/motion/motion_sampling_prob_std: 0.0000
Metrics/motion/motion_sampling_prob_min: 0.1111
Metrics/motion/motion_sampling_prob_max: 0.1111
Metrics/motion/motion_sampling_prob_entropy: 1.0000
Metrics/motion/hitter_strike_racket_pos_error: 0.5433
Metrics/motion/hitter_strike_racket_vel_error: 2.1751
Metrics/motion/hitter_strike_racket_ori_error: 0.0654
      Episode_Termination/time_out: 0.0000
    Episode_Termination/anchor_pos: 268.9167
    Episode_Termination/anchor_ori: 0.0000
--------------------------------------------------------------------------------
                   Total timesteps: 31488000
                    Iteration time: 2.81s
                      Time elapsed: 00:03:54
                               ETA: 14:49:13

################################################################################
                     [1m Learning iteration 82/200000 [0m                     

                       Computation: 132672 steps/s (collection: 2.601s, learning 0.293s)
             Mean action noise std: 0.51
          Mean value_function loss: 0.1183
               Mean surrogate loss: -0.0050
                 Mean entropy loss: 20.3974
               Mean approx_kl loss: 0.0117
           Mean clip_fraction loss: 0.1734
              Mean ratio_mean loss: 0.9999
          Mean advantage_mean loss: 0.0000
           Mean advantage_std loss: 1.0000
      Mean explained_variance loss: 0.9637
                       Mean reward: 5.02
               Mean episode length: 58.52
Episode_Reward/motion_global_anchor_pos: 0.0383
Episode_Reward/motion_global_anchor_ori: 0.0432
    Episode_Reward/motion_body_pos: 0.0655
    Episode_Reward/motion_body_ori: 0.0109
Episode_Reward/motion_body_lin_vel: 0.0893
Episode_Reward/motion_body_ang_vel: 0.0497
Episode_Reward/motion_anchor_lin_vel: 0.0760
           Episode_Reward/base_pos: 0.1226
         Episode_Reward/racket_pos: 0.0010
         Episode_Reward/racket_vel: 0.0227
         Episode_Reward/racket_ori: 0.1321
Episode_Reward/torso_forward_lean_l2: -0.0089
 Episode_Reward/base_ang_vel_xy_l2: -0.0719
 Episode_Reward/undesired_contacts: -0.0019
Episode_Reward/hitter_foot_slip_l2: -0.0777
Episode_Reward/hitter_hit_unstable_support: -0.0071
Episode_Reward/hitter_foot_edge_drag: -0.0084
    Episode_Reward/hip_yaw_default: 0.2224
     Episode_Reward/action_rate_l2: -0.1596
        Episode_Reward/joint_limit: -0.0056
          Episode_Reward/joint_acc: -0.0052
       Episode_Reward/joint_torque: -0.0019
   Metrics/motion/error_anchor_pos: 0.6824
   Metrics/motion/error_anchor_rot: 0.3480
Metrics/motion/error_anchor_lin_vel: 2.2012
Metrics/motion/error_anchor_ang_vel: 1.4854
     Metrics/motion/error_body_pos: 0.4618
     Metrics/motion/error_body_rot: 0.8758
 Metrics/motion/error_body_lin_vel: 2.3453
 Metrics/motion/error_body_ang_vel: 3.4323
    Metrics/motion/error_joint_pos: 2.2322
    Metrics/motion/error_joint_vel: 12.5495
   Metrics/motion/sampling_entropy: 0.0000
 Metrics/motion/sampling_top1_prob: 0.0000
  Metrics/motion/sampling_top1_bin: 0.0000
Metrics/motion/motion_sampling_prob_mean: 0.1111
Metrics/motion/motion_sampling_prob_std: 0.0000
Metrics/motion/motion_sampling_prob_min: 0.1111
Metrics/motion/motion_sampling_prob_max: 0.1111
Metrics/motion/motion_sampling_prob_entropy: 1.0000
Metrics/motion/hitter_strike_racket_pos_error: 0.5566
Metrics/motion/hitter_strike_racket_vel_error: 2.1774
Metrics/motion/hitter_strike_racket_ori_error: 0.0645
      Episode_Termination/time_out: 0.0000
    Episode_Termination/anchor_pos: 262.5417
    Episode_Termination/anchor_ori: 0.0000
--------------------------------------------------------------------------------
                   Total timesteps: 31872000
                    Iteration time: 2.89s
                      Time elapsed: 00:03:57
                               ETA: 14:50:33

################################################################################
                     [1m Learning iteration 83/200000 [0m                     

                       Computation: 133224 steps/s (collection: 2.588s, learning 0.294s)
             Mean action noise std: 0.51
          Mean value_function loss: 0.1208
               Mean surrogate loss: -0.0051
                 Mean entropy loss: 20.2480
               Mean approx_kl loss: 0.0126
           Mean clip_fraction loss: 0.1853
              Mean ratio_mean loss: 0.9997
          Mean advantage_mean loss: 0.0000
           Mean advantage_std loss: 1.0000
      Mean explained_variance loss: 0.9640
                       Mean reward: 6.03
               Mean episode length: 64.62
Episode_Reward/motion_global_anchor_pos: 0.0388
Episode_Reward/motion_global_anchor_ori: 0.0436
    Episode_Reward/motion_body_pos: 0.0664
    Episode_Reward/motion_body_ori: 0.0111
Episode_Reward/motion_body_lin_vel: 0.0909
Episode_Reward/motion_body_ang_vel: 0.0507
Episode_Reward/motion_anchor_lin_vel: 0.0773
           Episode_Reward/base_pos: 0.1242
         Episode_Reward/racket_pos: 0.0009
         Episode_Reward/racket_vel: 0.0225
         Episode_Reward/racket_ori: 0.1328
Episode_Reward/torso_forward_lean_l2: -0.0091
 Episode_Reward/base_ang_vel_xy_l2: -0.0726
 Episode_Reward/undesired_contacts: -0.0020
Episode_Reward/hitter_foot_slip_l2: -0.0783
Episode_Reward/hitter_hit_unstable_support: -0.0068
Episode_Reward/hitter_foot_edge_drag: -0.0083
    Episode_Reward/hip_yaw_default: 0.2251
     Episode_Reward/action_rate_l2: -0.1603
        Episode_Reward/joint_limit: -0.0055
          Episode_Reward/joint_acc: -0.0052
       Episode_Reward/joint_torque: -0.0020
   Metrics/motion/error_anchor_pos: 0.6833
   Metrics/motion/error_anchor_rot: 0.3536
Metrics/motion/error_anchor_lin_vel: 2.1966
Metrics/motion/error_anchor_ang_vel: 1.4782
     Metrics/motion/error_body_pos: 0.4616
     Metrics/motion/error_body_rot: 0.8739
 Metrics/motion/error_body_lin_vel: 2.3462
 Metrics/motion/error_body_ang_vel: 3.4465
    Metrics/motion/error_joint_pos: 2.2350
    Metrics/motion/error_joint_vel: 12.4943
   Metrics/motion/sampling_entropy: 0.0000
 Metrics/motion/sampling_top1_prob: 0.0000
  Metrics/motion/sampling_top1_bin: 0.0000
Metrics/motion/motion_sampling_prob_mean: 0.1111
Metrics/motion/motion_sampling_prob_std: 0.0000
Metrics/motion/motion_sampling_prob_min: 0.1111
Metrics/motion/motion_sampling_prob_max: 0.1111
Metrics/motion/motion_sampling_prob_entropy: 1.0000
Metrics/motion/hitter_strike_racket_pos_error: 0.5581
Metrics/motion/hitter_strike_racket_vel_error: 2.2192
Metrics/motion/hitter_strike_racket_ori_error: 0.0642
      Episode_Termination/time_out: 0.0000
    Episode_Termination/anchor_pos: 260.2917
    Episode_Termination/anchor_ori: 0.0000
--------------------------------------------------------------------------------
                   Total timesteps: 32256000
                    Iteration time: 2.88s
                      Time elapsed: 00:04:00
                               ETA: 14:51:23

################################################################################
                     [1m Learning iteration 84/200000 [0m                     

                       Computation: 132615 steps/s (collection: 2.604s, learning 0.291s)
             Mean action noise std: 0.51
          Mean value_function loss: 0.1214
               Mean surrogate loss: -0.0021
                 Mean entropy loss: 20.1733
               Mean approx_kl loss: 0.0126
           Mean clip_fraction loss: 0.1751
              Mean ratio_mean loss: 1.0001
          Mean advantage_mean loss: 0.0000
           Mean advantage_std loss: 1.0000
      Mean explained_variance loss: 0.9640
                       Mean reward: 5.59
               Mean episode length: 62.76
Episode_Reward/motion_global_anchor_pos: 0.0397
Episode_Reward/motion_global_anchor_ori: 0.0444
    Episode_Reward/motion_body_pos: 0.0677
    Episode_Reward/motion_body_ori: 0.0111
Episode_Reward/motion_body_lin_vel: 0.0939
Episode_Reward/motion_body_ang_vel: 0.0522
Episode_Reward/motion_anchor_lin_vel: 0.0795
           Episode_Reward/base_pos: 0.1291
         Episode_Reward/racket_pos: 0.0009
         Episode_Reward/racket_vel: 0.0214
         Episode_Reward/racket_ori: 0.1335
Episode_Reward/torso_forward_lean_l2: -0.0093
 Episode_Reward/base_ang_vel_xy_l2: -0.0727
 Episode_Reward/undesired_contacts: -0.0021
Episode_Reward/hitter_foot_slip_l2: -0.0789
Episode_Reward/hitter_hit_unstable_support: -0.0067
Episode_Reward/hitter_foot_edge_drag: -0.0084
    Episode_Reward/hip_yaw_default: 0.2296
     Episode_Reward/action_rate_l2: -0.1621
        Episode_Reward/joint_limit: -0.0055
          Episode_Reward/joint_acc: -0.0052
       Episode_Reward/joint_torque: -0.0020
   Metrics/motion/error_anchor_pos: 0.6835
   Metrics/motion/error_anchor_rot: 0.3495
Metrics/motion/error_anchor_lin_vel: 2.1958
Metrics/motion/error_anchor_ang_vel: 1.4728
     Metrics/motion/error_body_pos: 0.4614
     Metrics/motion/error_body_rot: 0.8665
 Metrics/motion/error_body_lin_vel: 2.3452
 Metrics/motion/error_body_ang_vel: 3.4091
    Metrics/motion/error_joint_pos: 2.2341
    Metrics/motion/error_joint_vel: 12.4737
   Metrics/motion/sampling_entropy: 0.0000
 Metrics/motion/sampling_top1_prob: 0.0000
  Metrics/motion/sampling_top1_bin: 0.0000
Metrics/motion/motion_sampling_prob_mean: 0.1111
Metrics/motion/motion_sampling_prob_std: 0.0000
Metrics/motion/motion_sampling_prob_min: 0.1111
Metrics/motion/motion_sampling_prob_max: 0.1111
Metrics/motion/motion_sampling_prob_entropy: 1.0000
Metrics/motion/hitter_strike_racket_pos_error: 0.5538
Metrics/motion/hitter_strike_racket_vel_error: 2.2350
Metrics/motion/hitter_strike_racket_ori_error: 0.0667
      Episode_Termination/time_out: 0.0000
    Episode_Termination/anchor_pos: 252.0417
    Episode_Termination/anchor_ori: 0.0000
--------------------------------------------------------------------------------
                   Total timesteps: 32640000
                    Iteration time: 2.90s
                      Time elapsed: 00:04:03
                               ETA: 14:52:42

################################################################################
                     [1m Learning iteration 85/200000 [0m                     

                       Computation: 130759 steps/s (collection: 2.640s, learning 0.297s)
             Mean action noise std: 0.50
          Mean value_function loss: 0.1256
               Mean surrogate loss: -0.0052
                 Mean entropy loss: 19.9822
               Mean approx_kl loss: 0.0114
           Mean clip_fraction loss: 0.1708
              Mean ratio_mean loss: 1.0001
          Mean advantage_mean loss: -0.0000
           Mean advantage_std loss: 1.0000
      Mean explained_variance loss: 0.9638
                       Mean reward: 5.31
               Mean episode length: 58.77
Episode_Reward/motion_global_anchor_pos: 0.0408
Episode_Reward/motion_global_anchor_ori: 0.0455
    Episode_Reward/motion_body_pos: 0.0692
    Episode_Reward/motion_body_ori: 0.0111
Episode_Reward/motion_body_lin_vel: 0.0970
Episode_Reward/motion_body_ang_vel: 0.0540
Episode_Reward/motion_anchor_lin_vel: 0.0819
           Episode_Reward/base_pos: 0.1311
         Episode_Reward/racket_pos: 0.0009
         Episode_Reward/racket_vel: 0.0232
         Episode_Reward/racket_ori: 0.1356
Episode_Reward/torso_forward_lean_l2: -0.0092
 Episode_Reward/base_ang_vel_xy_l2: -0.0729
 Episode_Reward/undesired_contacts: -0.0022
Episode_Reward/hitter_foot_slip_l2: -0.0797
Episode_Reward/hitter_hit_unstable_support: -0.0066
Episode_Reward/hitter_foot_edge_drag: -0.0085
    Episode_Reward/hip_yaw_default: 0.2345
     Episode_Reward/action_rate_l2: -0.1642
        Episode_Reward/joint_limit: -0.0058
          Episode_Reward/joint_acc: -0.0053
       Episode_Reward/joint_torque: -0.0020
   Metrics/motion/error_anchor_pos: 0.6842
   Metrics/motion/error_anchor_rot: 0.3370
Metrics/motion/error_anchor_lin_vel: 2.1990
Metrics/motion/error_anchor_ang_vel: 1.4573
     Metrics/motion/error_body_pos: 0.4612
     Metrics/motion/error_body_rot: 0.8682
 Metrics/motion/error_body_lin_vel: 2.3483
 Metrics/motion/error_body_ang_vel: 3.3982
    Metrics/motion/error_joint_pos: 2.2396
    Metrics/motion/error_joint_vel: 12.4673
   Metrics/motion/sampling_entropy: 0.0000
 Metrics/motion/sampling_top1_prob: 0.0000
  Metrics/motion/sampling_top1_bin: 0.0000
Metrics/motion/motion_sampling_prob_mean: 0.1111
Metrics/motion/motion_sampling_prob_std: 0.0000
Metrics/motion/motion_sampling_prob_min: 0.1111
Metrics/motion/motion_sampling_prob_max: 0.1111
Metrics/motion/motion_sampling_prob_entropy: 1.0000
Metrics/motion/hitter_strike_racket_pos_error: 0.5641
Metrics/motion/hitter_strike_racket_vel_error: 2.2440
Metrics/motion/hitter_strike_racket_ori_error: 0.0669
      Episode_Termination/time_out: 0.0000
    Episode_Termination/anchor_pos: 256.4583
    Episode_Termination/anchor_ori: 0.0000
--------------------------------------------------------------------------------
                   Total timesteps: 33024000
                    Iteration time: 2.94s
                      Time elapsed: 00:04:06
                               ETA: 14:55:35

################################################################################
                     [1m Learning iteration 86/200000 [0m                     

                       Computation: 131351 steps/s (collection: 2.628s, learning 0.296s)
             Mean action noise std: 0.50
          Mean value_function loss: 0.1293
               Mean surrogate loss: -0.0041
                 Mean entropy loss: 19.8681
               Mean approx_kl loss: 0.0128
           Mean clip_fraction loss: 0.1861
              Mean ratio_mean loss: 0.9997
          Mean advantage_mean loss: 0.0000
           Mean advantage_std loss: 1.0000
      Mean explained_variance loss: 0.9637
                       Mean reward: 5.54
               Mean episode length: 62.44
Episode_Reward/motion_global_anchor_pos: 0.0413
Episode_Reward/motion_global_anchor_ori: 0.0462
    Episode_Reward/motion_body_pos: 0.0701
    Episode_Reward/motion_body_ori: 0.0112
Episode_Reward/motion_body_lin_vel: 0.0988
Episode_Reward/motion_body_ang_vel: 0.0550
Episode_Reward/motion_anchor_lin_vel: 0.0834
           Episode_Reward/base_pos: 0.1290
         Episode_Reward/racket_pos: 0.0008
         Episode_Reward/racket_vel: 0.0242
         Episode_Reward/racket_ori: 0.1370
Episode_Reward/torso_forward_lean_l2: -0.0091
 Episode_Reward/base_ang_vel_xy_l2: -0.0734
 Episode_Reward/undesired_contacts: -0.0023
Episode_Reward/hitter_foot_slip_l2: -0.0800
Episode_Reward/hitter_hit_unstable_support: -0.0065
Episode_Reward/hitter_foot_edge_drag: -0.0085
    Episode_Reward/hip_yaw_default: 0.2374
     Episode_Reward/action_rate_l2: -0.1650
        Episode_Reward/joint_limit: -0.0055
          Episode_Reward/joint_acc: -0.0053
       Episode_Reward/joint_torque: -0.0020
   Metrics/motion/error_anchor_pos: 0.6844
   Metrics/motion/error_anchor_rot: 0.3351
Metrics/motion/error_anchor_lin_vel: 2.1962
Metrics/motion/error_anchor_ang_vel: 1.4432
     Metrics/motion/error_body_pos: 0.4605
     Metrics/motion/error_body_rot: 0.8643
 Metrics/motion/error_body_lin_vel: 2.3489
 Metrics/motion/error_body_ang_vel: 3.4000
    Metrics/motion/error_joint_pos: 2.2349
    Metrics/motion/error_joint_vel: 12.4119
   Metrics/motion/sampling_entropy: 0.0000
 Metrics/motion/sampling_top1_prob: 0.0000
  Metrics/motion/sampling_top1_bin: 0.0000
Metrics/motion/motion_sampling_prob_mean: 0.1111
Metrics/motion/motion_sampling_prob_std: 0.0000
Metrics/motion/motion_sampling_prob_min: 0.1111
Metrics/motion/motion_sampling_prob_max: 0.1111
Metrics/motion/motion_sampling_prob_entropy: 1.0000
Metrics/motion/hitter_strike_racket_pos_error: 0.5677
Metrics/motion/hitter_strike_racket_vel_error: 2.2640
Metrics/motion/hitter_strike_racket_ori_error: 0.0675
      Episode_Termination/time_out: 0.0000
    Episode_Termination/anchor_pos: 246.7500
    Episode_Termination/anchor_ori: 0.0000
--------------------------------------------------------------------------------
                   Total timesteps: 33408000
                    Iteration time: 2.92s
                      Time elapsed: 00:04:09
                               ETA: 14:57:54

################################################################################
                     [1m Learning iteration 87/200000 [0m                     

                       Computation: 130492 steps/s (collection: 2.648s, learning 0.294s)
             Mean action noise std: 0.50
          Mean value_function loss: 0.1345
               Mean surrogate loss: -0.0054
                 Mean entropy loss: 19.6997
               Mean approx_kl loss: 0.0128
           Mean clip_fraction loss: 0.1861
              Mean ratio_mean loss: 0.9996
          Mean advantage_mean loss: -0.0000
           Mean advantage_std loss: 1.0000
      Mean explained_variance loss: 0.9634
                       Mean reward: 6.00
               Mean episode length: 67.85
Episode_Reward/motion_global_anchor_pos: 0.0416
Episode_Reward/motion_global_anchor_ori: 0.0468
    Episode_Reward/motion_body_pos: 0.0705
    Episode_Reward/motion_body_ori: 0.0113
Episode_Reward/motion_body_lin_vel: 0.0997
Episode_Reward/motion_body_ang_vel: 0.0557
Episode_Reward/motion_anchor_lin_vel: 0.0839
           Episode_Reward/base_pos: 0.1266
         Episode_Reward/racket_pos: 0.0009
         Episode_Reward/racket_vel: 0.0260
         Episode_Reward/racket_ori: 0.1370
Episode_Reward/torso_forward_lean_l2: -0.0092
 Episode_Reward/base_ang_vel_xy_l2: -0.0726
 Episode_Reward/undesired_contacts: -0.0023
Episode_Reward/hitter_foot_slip_l2: -0.0801
Episode_Reward/hitter_hit_unstable_support: -0.0061
Episode_Reward/hitter_foot_edge_drag: -0.0084
    Episode_Reward/hip_yaw_default: 0.2387
     Episode_Reward/action_rate_l2: -0.1643
        Episode_Reward/joint_limit: -0.0054
          Episode_Reward/joint_acc: -0.0053
       Episode_Reward/joint_torque: -0.0021
   Metrics/motion/error_anchor_pos: 0.6839
   Metrics/motion/error_anchor_rot: 0.3234
Metrics/motion/error_anchor_lin_vel: 2.1959
Metrics/motion/error_anchor_ang_vel: 1.4216
     Metrics/motion/error_body_pos: 0.4600
     Metrics/motion/error_body_rot: 0.8632
 Metrics/motion/error_body_lin_vel: 2.3486
 Metrics/motion/error_body_ang_vel: 3.4148
    Metrics/motion/error_joint_pos: 2.2323
    Metrics/motion/error_joint_vel: 12.3897
   Metrics/motion/sampling_entropy: 0.0000
 Metrics/motion/sampling_top1_prob: 0.0000
  Metrics/motion/sampling_top1_bin: 0.0000
Metrics/motion/motion_sampling_prob_mean: 0.1111
Metrics/motion/motion_sampling_prob_std: 0.0000
Metrics/motion/motion_sampling_prob_min: 0.1111
Metrics/motion/motion_sampling_prob_max: 0.1111
Metrics/motion/motion_sampling_prob_entropy: 1.0000
Metrics/motion/hitter_strike_racket_pos_error: 0.5710
Metrics/motion/hitter_strike_racket_vel_error: 2.2366
Metrics/motion/hitter_strike_racket_ori_error: 0.0682
      Episode_Termination/time_out: 0.0000
    Episode_Termination/anchor_pos: 243.0000
    Episode_Termination/anchor_ori: 0.0000
--------------------------------------------------------------------------------
                   Total timesteps: 33792000
                    Iteration time: 2.94s
                      Time elapsed: 00:04:11
                               ETA: 15:00:53

################################################################################
                     [1m Learning iteration 88/200000 [0m                     

                       Computation: 129825 steps/s (collection: 2.664s, learning 0.294s)
             Mean action noise std: 0.50
          Mean value_function loss: 0.1740
               Mean surrogate loss: 0.0022
                 Mean entropy loss: 19.6458
               Mean approx_kl loss: 0.0160
           Mean clip_fraction loss: 0.1813
              Mean ratio_mean loss: 0.9996
          Mean advantage_mean loss: -0.0000
           Mean advantage_std loss: 1.0000
      Mean explained_variance loss: 0.9602
                       Mean reward: 6.30
               Mean episode length: 68.05
Episode_Reward/motion_global_anchor_pos: 0.0424
Episode_Reward/motion_global_anchor_ori: 0.0475
    Episode_Reward/motion_body_pos: 0.0716
    Episode_Reward/motion_body_ori: 0.0113
Episode_Reward/motion_body_lin_vel: 0.1022
Episode_Reward/motion_body_ang_vel: 0.0574
Episode_Reward/motion_anchor_lin_vel: 0.0859
           Episode_Reward/base_pos: 0.1271
         Episode_Reward/racket_pos: 0.0010
         Episode_Reward/racket_vel: 0.0248
         Episode_Reward/racket_ori: 0.1370
Episode_Reward/torso_forward_lean_l2: -0.0093
 Episode_Reward/base_ang_vel_xy_l2: -0.0730
 Episode_Reward/undesired_contacts: -0.0024
Episode_Reward/hitter_foot_slip_l2: -0.0810
Episode_Reward/hitter_hit_unstable_support: -0.0063
Episode_Reward/hitter_foot_edge_drag: -0.0084
    Episode_Reward/hip_yaw_default: 0.2429
     Episode_Reward/action_rate_l2: -0.1658
        Episode_Reward/joint_limit: -0.0053
          Episode_Reward/joint_acc: -0.0053
       Episode_Reward/joint_torque: -0.0021
   Metrics/motion/error_anchor_pos: 0.6867
   Metrics/motion/error_anchor_rot: 0.3241
Metrics/motion/error_anchor_lin_vel: 2.1976
Metrics/motion/error_anchor_ang_vel: 1.4210
     Metrics/motion/error_body_pos: 0.4606
     Metrics/motion/error_body_rot: 0.8642
 Metrics/motion/error_body_lin_vel: 2.3575
 Metrics/motion/error_body_ang_vel: 3.3681
    Metrics/motion/error_joint_pos: 2.2336
    Metrics/motion/error_joint_vel: 12.3518
   Metrics/motion/sampling_entropy: 0.0000
 Metrics/motion/sampling_top1_prob: 0.0000
  Metrics/motion/sampling_top1_bin: 0.0000
Metrics/motion/motion_sampling_prob_mean: 0.1111
Metrics/motion/motion_sampling_prob_std: 0.0000
Metrics/motion/motion_sampling_prob_min: 0.1111
Metrics/motion/motion_sampling_prob_max: 0.1111
Metrics/motion/motion_sampling_prob_entropy: 1.0000
Metrics/motion/hitter_strike_racket_pos_error: 0.5716
Metrics/motion/hitter_strike_racket_vel_error: 2.2682
Metrics/motion/hitter_strike_racket_ori_error: 0.0712
      Episode_Termination/time_out: 0.0000
    Episode_Termination/anchor_pos: 247.1250
    Episode_Termination/anchor_ori: 0.0000
--------------------------------------------------------------------------------
                   Total timesteps: 34176000
                    Iteration time: 2.96s
                      Time elapsed: 00:04:14
                               ETA: 15:04:22

################################################################################
                     [1m Learning iteration 89/200000 [0m                     

                       Computation: 131076 steps/s (collection: 2.637s, learning 0.293s)
             Mean action noise std: 0.50
          Mean value_function loss: 0.1440
               Mean surrogate loss: -0.0050
                 Mean entropy loss: 19.5659
               Mean approx_kl loss: 0.0082
           Mean clip_fraction loss: 0.1148
              Mean ratio_mean loss: 1.0001
          Mean advantage_mean loss: -0.0000
           Mean advantage_std loss: 1.0000
      Mean explained_variance loss: 0.9634
                       Mean reward: 5.77
               Mean episode length: 62.59
Episode_Reward/motion_global_anchor_pos: 0.0434
Episode_Reward/motion_global_anchor_ori: 0.0485
    Episode_Reward/motion_body_pos: 0.0731
    Episode_Reward/motion_body_ori: 0.0114
Episode_Reward/motion_body_lin_vel: 0.1054
Episode_Reward/motion_body_ang_vel: 0.0591
Episode_Reward/motion_anchor_lin_vel: 0.0884
           Episode_Reward/base_pos: 0.1268
         Episode_Reward/racket_pos: 0.0008
         Episode_Reward/racket_vel: 0.0240
         Episode_Reward/racket_ori: 0.1383
Episode_Reward/torso_forward_lean_l2: -0.0097
 Episode_Reward/base_ang_vel_xy_l2: -0.0740
 Episode_Reward/undesired_contacts: -0.0025
Episode_Reward/hitter_foot_slip_l2: -0.0815
Episode_Reward/hitter_hit_unstable_support: -0.0059
Episode_Reward/hitter_foot_edge_drag: -0.0086
    Episode_Reward/hip_yaw_default: 0.2478
     Episode_Reward/action_rate_l2: -0.1681
        Episode_Reward/joint_limit: -0.0052
          Episode_Reward/joint_acc: -0.0054
       Episode_Reward/joint_torque: -0.0021
   Metrics/motion/error_anchor_pos: 0.6880
   Metrics/motion/error_anchor_rot: 0.3247
Metrics/motion/error_anchor_lin_vel: 2.1948
Metrics/motion/error_anchor_ang_vel: 1.4133
     Metrics/motion/error_body_pos: 0.4605
     Metrics/motion/error_body_rot: 0.8624
 Metrics/motion/error_body_lin_vel: 2.3582
 Metrics/motion/error_body_ang_vel: 3.3927
    Metrics/motion/error_joint_pos: 2.2285
    Metrics/motion/error_joint_vel: 12.3182
   Metrics/motion/sampling_entropy: 0.0000
 Metrics/motion/sampling_top1_prob: 0.0000
  Metrics/motion/sampling_top1_bin: 0.0000
Metrics/motion/motion_sampling_prob_mean: 0.1111
Metrics/motion/motion_sampling_prob_std: 0.0000
Metrics/motion/motion_sampling_prob_min: 0.1111
Metrics/motion/motion_sampling_prob_max: 0.1111
Metrics/motion/motion_sampling_prob_entropy: 1.0000
Metrics/motion/hitter_strike_racket_pos_error: 0.5765
Metrics/motion/hitter_strike_racket_vel_error: 2.2912
Metrics/motion/hitter_strike_racket_ori_error: 0.0707
      Episode_Termination/time_out: 0.0000
    Episode_Termination/anchor_pos: 230.5833
    Episode_Termination/anchor_ori: 0.0000
--------------------------------------------------------------------------------
                   Total timesteps: 34560000
                    Iteration time: 2.93s
                      Time elapsed: 00:04:17
                               ETA: 15:06:44

################################################################################
                     [1m Learning iteration 90/200000 [0m                     

                       Computation: 130086 steps/s (collection: 2.651s, learning 0.301s)
             Mean action noise std: 0.49
          Mean value_function loss: 0.1617
               Mean surrogate loss: -0.0027
                 Mean entropy loss: 19.4676
               Mean approx_kl loss: 0.0103
           Mean clip_fraction loss: 0.1410
              Mean ratio_mean loss: 0.9999
          Mean advantage_mean loss: 0.0000
           Mean advantage_std loss: 1.0000
      Mean explained_variance loss: 0.9612
                       Mean reward: 6.01
               Mean episode length: 65.11
Episode_Reward/motion_global_anchor_pos: 0.0438
Episode_Reward/motion_global_anchor_ori: 0.0489
    Episode_Reward/motion_body_pos: 0.0740
    Episode_Reward/motion_body_ori: 0.0115
Episode_Reward/motion_body_lin_vel: 0.1072
Episode_Reward/motion_body_ang_vel: 0.0601
Episode_Reward/motion_anchor_lin_vel: 0.0896
           Episode_Reward/base_pos: 0.1277
         Episode_Reward/racket_pos: 0.0009
         Episode_Reward/racket_vel: 0.0242
         Episode_Reward/racket_ori: 0.1408
Episode_Reward/torso_forward_lean_l2: -0.0098
 Episode_Reward/base_ang_vel_xy_l2: -0.0739
 Episode_Reward/undesired_contacts: -0.0026
Episode_Reward/hitter_foot_slip_l2: -0.0822
Episode_Reward/hitter_hit_unstable_support: -0.0064
Episode_Reward/hitter_foot_edge_drag: -0.0085
    Episode_Reward/hip_yaw_default: 0.2505
     Episode_Reward/action_rate_l2: -0.1688
        Episode_Reward/joint_limit: -0.0049
          Episode_Reward/joint_acc: -0.0054
       Episode_Reward/joint_torque: -0.0021
   Metrics/motion/error_anchor_pos: 0.6888
   Metrics/motion/error_anchor_rot: 0.3224
Metrics/motion/error_anchor_lin_vel: 2.2013
Metrics/motion/error_anchor_ang_vel: 1.3972
     Metrics/motion/error_body_pos: 0.4607
     Metrics/motion/error_body_rot: 0.8732
 Metrics/motion/error_body_lin_vel: 2.3611
 Metrics/motion/error_body_ang_vel: 3.4033
    Metrics/motion/error_joint_pos: 2.2299
    Metrics/motion/error_joint_vel: 12.3193
   Metrics/motion/sampling_entropy: 0.0000
 Metrics/motion/sampling_top1_prob: 0.0000
  Metrics/motion/sampling_top1_bin: 0.0000
Metrics/motion/motion_sampling_prob_mean: 0.1111
Metrics/motion/motion_sampling_prob_std: 0.0000
Metrics/motion/motion_sampling_prob_min: 0.1111
Metrics/motion/motion_sampling_prob_max: 0.1111
Metrics/motion/motion_sampling_prob_entropy: 1.0000
Metrics/motion/hitter_strike_racket_pos_error: 0.5834
Metrics/motion/hitter_strike_racket_vel_error: 2.3072
Metrics/motion/hitter_strike_racket_ori_error: 0.0685
      Episode_Termination/time_out: 0.0000
    Episode_Termination/anchor_pos: 232.4583
    Episode_Termination/anchor_ori: 0.0000
--------------------------------------------------------------------------------
                   Total timesteps: 34944000
                    Iteration time: 2.95s
                      Time elapsed: 00:04:20
                               ETA: 15:09:51

################################################################################
                     [1m Learning iteration 91/200000 [0m                     

                       Computation: 133390 steps/s (collection: 2.584s, learning 0.295s)
             Mean action noise std: 0.49
          Mean value_function loss: 0.1526
               Mean surrogate loss: -0.0039
                 Mean entropy loss: 19.3497
               Mean approx_kl loss: 0.0118
           Mean clip_fraction loss: 0.1680
              Mean ratio_mean loss: 0.9997
          Mean advantage_mean loss: -0.0000
           Mean advantage_std loss: 1.0000
      Mean explained_variance loss: 0.9627
                       Mean reward: 6.28
               Mean episode length: 65.13
Episode_Reward/motion_global_anchor_pos: 0.0445
Episode_Reward/motion_global_anchor_ori: 0.0498
    Episode_Reward/motion_body_pos: 0.0750
    Episode_Reward/motion_body_ori: 0.0115
Episode_Reward/motion_body_lin_vel: 0.1096
Episode_Reward/motion_body_ang_vel: 0.0615
Episode_Reward/motion_anchor_lin_vel: 0.0916
           Episode_Reward/base_pos: 0.1263
         Episode_Reward/racket_pos: 0.0007
         Episode_Reward/racket_vel: 0.0237
         Episode_Reward/racket_ori: 0.1416
Episode_Reward/torso_forward_lean_l2: -0.0101
 Episode_Reward/base_ang_vel_xy_l2: -0.0745
 Episode_Reward/undesired_contacts: -0.0027
Episode_Reward/hitter_foot_slip_l2: -0.0823
Episode_Reward/hitter_hit_unstable_support: -0.0065
Episode_Reward/hitter_foot_edge_drag: -0.0086
    Episode_Reward/hip_yaw_default: 0.2542
     Episode_Reward/action_rate_l2: -0.1705
        Episode_Reward/joint_limit: -0.0050
          Episode_Reward/joint_acc: -0.0054
       Episode_Reward/joint_torque: -0.0022
   Metrics/motion/error_anchor_pos: 0.6887
   Metrics/motion/error_anchor_rot: 0.3227
Metrics/motion/error_anchor_lin_vel: 2.1966
Metrics/motion/error_anchor_ang_vel: 1.4220
     Metrics/motion/error_body_pos: 0.4610
     Metrics/motion/error_body_rot: 0.8726
 Metrics/motion/error_body_lin_vel: 2.3557
 Metrics/motion/error_body_ang_vel: 3.3911
    Metrics/motion/error_joint_pos: 2.2428
    Metrics/motion/error_joint_vel: 12.2546
   Metrics/motion/sampling_entropy: 0.0000
 Metrics/motion/sampling_top1_prob: 0.0000
  Metrics/motion/sampling_top1_bin: 0.0000
Metrics/motion/motion_sampling_prob_mean: 0.1111
Metrics/motion/motion_sampling_prob_std: 0.0000
Metrics/motion/motion_sampling_prob_min: 0.1111
Metrics/motion/motion_sampling_prob_max: 0.1111
Metrics/motion/motion_sampling_prob_entropy: 1.0000
Metrics/motion/hitter_strike_racket_pos_error: 0.5896
Metrics/motion/hitter_strike_racket_vel_error: 2.3534
Metrics/motion/hitter_strike_racket_ori_error: 0.0685
      Episode_Termination/time_out: 0.0000
    Episode_Termination/anchor_pos: 223.5417
    Episode_Termination/anchor_ori: 0.0000
--------------------------------------------------------------------------------
                   Total timesteps: 35328000
                    Iteration time: 2.88s
                      Time elapsed: 00:04:23
                               ETA: 15:10:15

################################################################################
                     [1m Learning iteration 92/200000 [0m                     

                       Computation: 130677 steps/s (collection: 2.640s, learning 0.298s)
             Mean action noise std: 0.49
          Mean value_function loss: 0.1606
               Mean surrogate loss: -0.0045
                 Mean entropy loss: 19.2653
               Mean approx_kl loss: 0.0116
           Mean clip_fraction loss: 0.1678
              Mean ratio_mean loss: 0.9998
          Mean advantage_mean loss: -0.0000
           Mean advantage_std loss: 1.0000
      Mean explained_variance loss: 0.9623
                       Mean reward: 6.67
               Mean episode length: 72.15
Episode_Reward/motion_global_anchor_pos: 0.0462
Episode_Reward/motion_global_anchor_ori: 0.0510
    Episode_Reward/motion_body_pos: 0.0776
    Episode_Reward/motion_body_ori: 0.0116
Episode_Reward/motion_body_lin_vel: 0.1150
Episode_Reward/motion_body_ang_vel: 0.0643
Episode_Reward/motion_anchor_lin_vel: 0.0959
           Episode_Reward/base_pos: 0.1337
         Episode_Reward/racket_pos: 0.0010
         Episode_Reward/racket_vel: 0.0241
         Episode_Reward/racket_ori: 0.1440
Episode_Reward/torso_forward_lean_l2: -0.0104
 Episode_Reward/base_ang_vel_xy_l2: -0.0769
 Episode_Reward/undesired_contacts: -0.0029
Episode_Reward/hitter_foot_slip_l2: -0.0842
Episode_Reward/hitter_hit_unstable_support: -0.0065
Episode_Reward/hitter_foot_edge_drag: -0.0089
    Episode_Reward/hip_yaw_default: 0.2628
     Episode_Reward/action_rate_l2: -0.1757
        Episode_Reward/joint_limit: -0.0050
          Episode_Reward/joint_acc: -0.0056
       Episode_Reward/joint_torque: -0.0022
   Metrics/motion/error_anchor_pos: 0.6912
   Metrics/motion/error_anchor_rot: 0.3257
Metrics/motion/error_anchor_lin_vel: 2.1929
Metrics/motion/error_anchor_ang_vel: 1.4200
     Metrics/motion/error_body_pos: 0.4606
     Metrics/motion/error_body_rot: 0.8704
 Metrics/motion/error_body_lin_vel: 2.3566
 Metrics/motion/error_body_ang_vel: 3.3641
    Metrics/motion/error_joint_pos: 2.2407
    Metrics/motion/error_joint_vel: 12.2170
   Metrics/motion/sampling_entropy: 0.0000
 Metrics/motion/sampling_top1_prob: 0.0000
  Metrics/motion/sampling_top1_bin: 0.0000
Metrics/motion/motion_sampling_prob_mean: 0.1111
Metrics/motion/motion_sampling_prob_std: 0.0000
Metrics/motion/motion_sampling_prob_min: 0.1111
Metrics/motion/motion_sampling_prob_max: 0.1111
Metrics/motion/motion_sampling_prob_entropy: 1.0000
Metrics/motion/hitter_strike_racket_pos_error: 0.5889
Metrics/motion/hitter_strike_racket_vel_error: 2.3932
Metrics/motion/hitter_strike_racket_ori_error: 0.0724
      Episode_Termination/time_out: 0.0000
    Episode_Termination/anchor_pos: 221.0000
    Episode_Termination/anchor_ori: 0.0000
--------------------------------------------------------------------------------
                   Total timesteps: 35712000
                    Iteration time: 2.94s
                      Time elapsed: 00:04:26
                               ETA: 15:12:48

################################################################################
                     [1m Learning iteration 93/200000 [0m                     

                       Computation: 131710 steps/s (collection: 2.622s, learning 0.294s)
             Mean action noise std: 0.49
          Mean value_function loss: 0.1826
               Mean surrogate loss: -0.0023
                 Mean entropy loss: 19.1766
               Mean approx_kl loss: 0.0112
           Mean clip_fraction loss: 0.1540
              Mean ratio_mean loss: 0.9999
          Mean advantage_mean loss: -0.0000
           Mean advantage_std loss: 1.0000
      Mean explained_variance loss: 0.9612
                       Mean reward: 6.57
               Mean episode length: 67.27
Episode_Reward/motion_global_anchor_pos: 0.0474
Episode_Reward/motion_global_anchor_ori: 0.0525
    Episode_Reward/motion_body_pos: 0.0792
    Episode_Reward/motion_body_ori: 0.0116
Episode_Reward/motion_body_lin_vel: 0.1182
Episode_Reward/motion_body_ang_vel: 0.0661
Episode_Reward/motion_anchor_lin_vel: 0.0983
           Episode_Reward/base_pos: 0.1339
         Episode_Reward/racket_pos: 0.0008
         Episode_Reward/racket_vel: 0.0252
         Episode_Reward/racket_ori: 0.1455
Episode_Reward/torso_forward_lean_l2: -0.0106
 Episode_Reward/base_ang_vel_xy_l2: -0.0772
 Episode_Reward/undesired_contacts: -0.0030
Episode_Reward/hitter_foot_slip_l2: -0.0852
Episode_Reward/hitter_hit_unstable_support: -0.0065
Episode_Reward/hitter_foot_edge_drag: -0.0090
    Episode_Reward/hip_yaw_default: 0.2680
     Episode_Reward/action_rate_l2: -0.1780
        Episode_Reward/joint_limit: -0.0049
          Episode_Reward/joint_acc: -0.0056
       Episode_Reward/joint_torque: -0.0023
   Metrics/motion/error_anchor_pos: 0.6927
   Metrics/motion/error_anchor_rot: 0.3135
Metrics/motion/error_anchor_lin_vel: 2.2005
Metrics/motion/error_anchor_ang_vel: 1.4139
     Metrics/motion/error_body_pos: 0.4599
     Metrics/motion/error_body_rot: 0.8590
 Metrics/motion/error_body_lin_vel: 2.3626
 Metrics/motion/error_body_ang_vel: 3.3583
    Metrics/motion/error_joint_pos: 2.2374
    Metrics/motion/error_joint_vel: 12.2402
   Metrics/motion/sampling_entropy: 0.0000
 Metrics/motion/sampling_top1_prob: 0.0000
  Metrics/motion/sampling_top1_bin: 0.0000
Metrics/motion/motion_sampling_prob_mean: 0.1111
Metrics/motion/motion_sampling_prob_std: 0.0000
Metrics/motion/motion_sampling_prob_min: 0.1111
Metrics/motion/motion_sampling_prob_max: 0.1111
Metrics/motion/motion_sampling_prob_entropy: 1.0000
Metrics/motion/hitter_strike_racket_pos_error: 0.5896
Metrics/motion/hitter_strike_racket_vel_error: 2.3665
Metrics/motion/hitter_strike_racket_ori_error: 0.0699
      Episode_Termination/time_out: 0.0000
    Episode_Termination/anchor_pos: 222.5000
    Episode_Termination/anchor_ori: 0.0000
--------------------------------------------------------------------------------
                   Total timesteps: 36096000
                    Iteration time: 2.92s
                      Time elapsed: 00:04:29
                               ETA: 15:14:28

