*deleting   .git/refs/tags/
*deleting   .git/refs/remotes/origin/HEAD
*deleting   .git/refs/remotes/origin/
*deleting   .git/refs/remotes/
*deleting   .git/refs/heads/main
*deleting   .git/refs/heads/
*deleting   .git/refs/
*deleting   .git/objects/pack/pack-e7cc7aa079900c0ade4299a585389e34d26e84d9.pack
*deleting   .git/objects/pack/pack-e7cc7aa079900c0ade4299a585389e34d26e84d9.idx
*deleting   .git/objects/pack/
*deleting   .git/objects/info/
*deleting   .git/objects/
*deleting   .git/logs/refs/remotes/origin/HEAD
*deleting   .git/logs/refs/remotes/origin/
*deleting   .git/logs/refs/remotes/
*deleting   .git/logs/refs/heads/main
*deleting   .git/logs/refs/heads/
*deleting   .git/logs/refs/
*deleting   .git/logs/HEAD
*deleting   .git/logs/
*deleting   .git/info/exclude
*deleting   .git/info/
*deleting   .git/hooks/update.sample
*deleting   .git/hooks/push-to-checkout.sample
*deleting   .git/hooks/prepare-commit-msg.sample
*deleting   .git/hooks/pre-receive.sample
*deleting   .git/hooks/pre-rebase.sample
*deleting   .git/hooks/pre-push.sample
*deleting   .git/hooks/pre-merge-commit.sample
*deleting   .git/hooks/pre-commit.sample
*deleting   .git/hooks/pre-applypatch.sample
*deleting   .git/hooks/post-update.sample
*deleting   .git/hooks/fsmonitor-watchman.sample
*deleting   .git/hooks/commit-msg.sample
*deleting   .git/hooks/applypatch-msg.sample
*deleting   .git/hooks/
*deleting   .git/branches/
*deleting   .git/packed-refs
*deleting   .git/index
*deleting   .git/description
*deleting   .git/config
*deleting   .git/HEAD
*deleting   .git/
.d....og... ./
.f....og... .gitignore
.f....og... LICENSE
.f....og... README.md
.f....og... requirements.txt
*deleting   tests/test_transition_safety.py
*deleting   unitree_sdk2/transition_safety.hpp
*deleting   unitree_sdk2/transition_options.hpp
.d....og... deploy/
.f....og... deploy/MUJOCO_LOG.TXT
.f....og... deploy/monitor_lcm.py
.f....og... deploy/run.py
.f....og... deploy/save_video.sh
.d....og... deploy/agents/
.f....og... deploy/agents/__init__.py
.f....og... deploy/agents/base_agent.py
.f....og... deploy/agents/gmt_agent.py
<f.st.og... deploy/agents/hitter_agent.py
.f....og... deploy/agents/level_agent.py
.f....og... deploy/agents/loco_hitter_agent.py
.f....og... deploy/agents/loco_mimic_agent.py
.f....og... deploy/agents/mosaic_agent.py
.f....og... deploy/agents/twist_agent.py
.d..t.og... deploy/config/
.f....og... deploy/config/eval.yaml
.f....og... deploy/config/gmt.yaml
.f....og... deploy/config/hitter.yaml
<f+++++++++ deploy/config/hitter_real.yaml
.f....og... deploy/config/level_locomotion.yaml
.f....og... deploy/config/loco_hitter.yaml
.f....og... deploy/config/loco_hitter_stand_hold.yaml
.f....og... deploy/config/loco_mimic.yaml
.f....og... deploy/config/mosaic.yaml
.f....og... deploy/config/twist.yaml
.d....og... deploy/config/agent/
.f....og... deploy/config/agent/gmt.yaml
<f.st.og... deploy/config/agent/hitter.yaml
.f....og... deploy/config/agent/level.yaml
.f....og... deploy/config/agent/loco_hitter.yaml
.f....og... deploy/config/agent/loco_mimic.yaml
.f....og... deploy/config/agent/mosaic.yaml
.f....og... deploy/config/agent/twist.yaml
.d....og... deploy/config/asset/
.f....og... deploy/config/asset/adam_lite_agx_23dof.yaml
.f....og... deploy/config/asset/g1_12dof.yaml
.f....og... deploy/config/asset/g1_23dof_gmt.yaml
.f....og... deploy/config/asset/g1_25dof_twist.yaml
.f....og... deploy/config/asset/g1_29_to_25dof_twist.yaml
.f....og... deploy/config/asset/g1_29dof.yaml
.f....og... deploy/config/asset/g1_29dof_anneal_12dof.yaml
.f....og... deploy/config/asset/g1_29dof_anneal_23dof.yaml
.f....og... deploy/config/asset/g1_hitter_racket.yaml
.f....og... deploy/config/asset/h1_19dof.yaml
.f....og... deploy/config/asset/h1_2_27dof_anneal_21dof.yaml
.d....og... deploy/config/control/
.f....og... deploy/config/control/adam_lite_agx_23dof.yaml
.f....og... deploy/config/control/g1_12dof.yaml
.f....og... deploy/config/control/g1_23dof_gmt.yaml
.f....og... deploy/config/control/g1_25dof_twist.yaml
.f....og... deploy/config/control/g1_29dof.yaml
.f....og... deploy/config/control/g1_29dof_anneal_23dof.yaml
.f....og... deploy/config/control/h1_19dof.yaml
.f....og... deploy/config/control/h1_2_27dof_anneal_21dof.yaml
.d....og... deploy/config/env/
.f....og... deploy/config/env/base_env.yaml
.f....og... deploy/config/env/gmt.yaml
.f....og... deploy/config/env/hitter.yaml
.f....og... deploy/config/env/level.yaml
.f....og... deploy/config/env/loco_hitter.yaml
.f....og... deploy/config/env/loco_mimic_switch.yaml
.f....og... deploy/config/env/mosaic.yaml
.f....og... deploy/config/env/twist.yaml
.d....og... deploy/config/locomotion/
.f....og... deploy/config/locomotion/level.yaml
.d....og... deploy/config/mimic/
.f....og... deploy/config/mimic/eval.yaml
.f....og... deploy/config/mimic/gmt.yaml
<f.st.og... deploy/config/mimic/hitter.yaml
.f....og... deploy/config/mimic/mosaic.yaml
.f....og... deploy/config/mimic/twist.yaml
.d....og... deploy/config/motion/
.f....og... deploy/config/motion/adam_lite_agx_23dof.yaml
.f....og... deploy/config/motion/g1_29dof_anneal_23dof.yaml
.f....og... deploy/config/motion/h1_19dof.yaml
.f....og... deploy/config/motion/h1_2_27dof_anneal_21dof.yaml
.d....og... deploy/config/obs/
.f....og... deploy/config/obs/gmt.yaml
.f....og... deploy/config/obs/hitter.yaml
.f....og... deploy/config/obs/level.yaml
.f....og... deploy/config/obs/mosaic.yaml
.d....og... deploy/config/robot/
.f....og... deploy/config/robot/adam_lite_agx_23dof.yaml
.f....og... deploy/config/robot/g1_12dof.yaml
.f....og... deploy/config/robot/g1_23dof_gmt.yaml
.f....og... deploy/config/robot/g1_25dof_twist.yaml
.f....og... deploy/config/robot/g1_29dof.yaml
.f....og... deploy/config/robot/g1_29dof_anneal_12dof.yaml
.f....og... deploy/config/robot/g1_29dof_anneal_23dof.yaml
.f....og... deploy/config/robot/g1_hitter_racket.yaml
.f....og... deploy/config/robot/h1_19dof.yaml
.f....og... deploy/config/robot/h1_2_27dof_anneal_21dof.yaml
.d....og... deploy/config/sim/
.f....og... deploy/config/sim/mujoco.yaml
.f....og... deploy/config/sim/real_world.yaml
.d....og... deploy/config/teleop/
.f....og... deploy/config/teleop/teleop.yaml
.d....og... deploy/data/
.d....og... deploy/data/assets/
.d....og... deploy/data/assets/adam/
.f....og... deploy/data/assets/adam/adam_lite_agx_23dof.urdf
.f....og... deploy/data/assets/adam/adam_lite_agx_23dof.usd
.f....og... deploy/data/assets/adam/adam_lite_agx_23dof.xml
.f....og... deploy/data/assets/adam/adam_lite_agx_23dof_fitmotionONLY.xml
.f....og... deploy/data/assets/adam/adam_std_29dof_anneal_23dof copy.xml
.f....og... deploy/data/assets/adam/adam_std_29dof_anneal_23dof.urdf
.f....og... deploy/data/assets/adam/adam_std_29dof_anneal_23dof.usd
.f....og... deploy/data/assets/adam/adam_std_29dof_anneal_23dof.xml
.f....og... deploy/data/assets/adam/adam_std_29dof_anneal_23dof_fitmotionONLY.xml
.d....og... deploy/data/assets/adam/assets/
.f....og... deploy/data/assets/adam/assets/L_index_distal.obj
.f....og... deploy/data/assets/adam/assets/L_index_proximal.obj
.f....og... deploy/data/assets/adam/assets/L_middle_distal.obj
.f....og... deploy/data/assets/adam/assets/L_middle_proximal.obj
.f....og... deploy/data/assets/adam/assets/L_pinky_distal.obj
.f....og... deploy/data/assets/adam/assets/L_pinky_proximal.obj
.f....og... deploy/data/assets/adam/assets/L_ring_distal.obj
.f....og... deploy/data/assets/adam/assets/L_ring_proximal.obj
.f....og... deploy/data/assets/adam/assets/L_thumb_distal.obj
.f....og... deploy/data/assets/adam/assets/L_thumb_intermediate.obj
.f....og... deploy/data/assets/adam/assets/L_thumb_proximal.obj
.f....og... deploy/data/assets/adam/assets/L_thumb_proximal_base.obj
.f....og... deploy/data/assets/adam/assets/R_index_distal.obj
.f....og... deploy/data/assets/adam/assets/R_index_distalR_middle_proximal.obj
.f....og... deploy/data/assets/adam/assets/R_index_proximal.obj
.f....og... deploy/data/assets/adam/assets/R_middle_distal.obj
.f....og... deploy/data/assets/adam/assets/R_middle_proximal.obj
.f....og... deploy/data/assets/adam/assets/R_pinky_distal.obj
.f....og... deploy/data/assets/adam/assets/R_pinky_proximal.obj
.f....og... deploy/data/assets/adam/assets/R_ring_distal.obj
.f....og... deploy/data/assets/adam/assets/R_ring_proximal.obj
.f....og... deploy/data/assets/adam/assets/R_thumb_distal.obj
.f....og... deploy/data/assets/adam/assets/R_thumb_intermediate.obj
.f....og... deploy/data/assets/adam/assets/R_thumb_proximal.obj
.f....og... deploy/data/assets/adam/assets/R_thumb_proximal_base.obj
.f....og... deploy/data/assets/adam/assets/anklePitchLeft.obj
.f....og... deploy/data/assets/adam/assets/anklePitchRight.obj
.f....og... deploy/data/assets/adam/assets/elbowLeft_0.obj
.f....og... deploy/data/assets/adam/assets/elbowLeft_1.obj
.f....og... deploy/data/assets/adam/assets/elbowRight_0.obj
.f....og... deploy/data/assets/adam/assets/elbowRight_1.obj
.f....og... deploy/data/assets/adam/assets/hipPitchLeft_0.obj
.f....og... deploy/data/assets/adam/assets/hipPitchLeft_1.obj
.f....og... deploy/data/assets/adam/assets/hipPitchLeft_2.obj
.f....og... deploy/data/assets/adam/assets/hipPitchLeft_3.obj
.f....og... deploy/data/assets/adam/assets/hipPitchRight_0.obj
.f....og... deploy/data/assets/adam/assets/hipPitchRight_1.obj
.f....og... deploy/data/assets/adam/assets/hipPitchRight_2.obj
.f....og... deploy/data/assets/adam/assets/hipPitchRight_3.obj
.f....og... deploy/data/assets/adam/assets/hipRollLeft_0.obj
.f....og... deploy/data/assets/adam/assets/hipRollLeft_1.obj
.f....og... deploy/data/assets/adam/assets/hipRollLeft_2.obj
.f....og... deploy/data/assets/adam/assets/hipRollLeft_3.obj
.f....og... deploy/data/assets/adam/assets/hipRollRight_0.obj
.f....og... deploy/data/assets/adam/assets/hipRollRight_1.obj
.f....og... deploy/data/assets/adam/assets/hipRollRight_2.obj
.f....og... deploy/data/assets/adam/assets/hipRollRight_3.obj
.f....og... deploy/data/assets/adam/assets/inspire_Left_0.obj
.f....og... deploy/data/assets/adam/assets/inspire_Left_1.obj
.f....og... deploy/data/assets/adam/assets/inspire_Right_0.obj
.f....og... deploy/data/assets/adam/assets/inspire_Right_1.obj
.f....og... deploy/data/assets/adam/assets/logo.png
.f....og... deploy/data/assets/adam/assets/material.mtl
.f....og... deploy/data/assets/adam/assets/pelvis_0.obj
.f....og... deploy/data/assets/adam/assets/pelvis_1.obj
.f....og... deploy/data/assets/adam/assets/pelvis_2.obj
.f....og... deploy/data/assets/adam/assets/shinLeft_0.obj
.f....og... deploy/data/assets/adam/assets/shinLeft_1.obj
.f....og... deploy/data/assets/adam/assets/shinLeft_2.obj
.f....og... deploy/data/assets/adam/assets/shinLeft_3.obj
.f....og... deploy/data/assets/adam/assets/shinRight_0.obj
.f....og... deploy/data/assets/adam/assets/shinRight_1.obj
.f....og... deploy/data/assets/adam/assets/shinRight_2.obj
.f....og... deploy/data/assets/adam/assets/shinRight_3.obj
.f....og... deploy/data/assets/adam/assets/shoulderPitchLeft.obj
.f....og... deploy/data/assets/adam/assets/shoulderPitchRight.obj
.f....og... deploy/data/assets/adam/assets/shoulderRollLeft_0.obj
.f....og... deploy/data/assets/adam/assets/shoulderRollLeft_1.obj
.f....og... deploy/data/assets/adam/assets/shoulderRollLeft_2.obj
.f....og... deploy/data/assets/adam/assets/shoulderRollLeft_3.obj
.f....og... deploy/data/assets/adam/assets/shoulderRollLeft_4.obj
.f....og... deploy/data/assets/adam/assets/shoulderRollRight_0.obj
.f....og... deploy/data/assets/adam/assets/shoulderRollRight_1.obj
.f....og... deploy/data/assets/adam/assets/shoulderRollRight_2.obj
.f....og... deploy/data/assets/adam/assets/shoulderRollRight_3.obj
.f....og... deploy/data/assets/adam/assets/shoulderRollRight_4.obj
.f....og... deploy/data/assets/adam/assets/shoulderYawLeft_0.obj
.f....og... deploy/data/assets/adam/assets/shoulderYawLeft_1.obj
.f....og... deploy/data/assets/adam/assets/shoulderYawRight_0.obj
.f....og... deploy/data/assets/adam/assets/shoulderYawRight_1.obj
.f....og... deploy/data/assets/adam/assets/thighLeft_0.obj
.f....og... deploy/data/assets/adam/assets/thighLeft_1.obj
.f....og... deploy/data/assets/adam/assets/thighLeft_2.obj
.f....og... deploy/data/assets/adam/assets/thighRight_0.obj
.f....og... deploy/data/assets/adam/assets/thighRight_1.obj
.f....og... deploy/data/assets/adam/assets/thighRight_2.obj
.f....og... deploy/data/assets/adam/assets/toeLeft_0.obj
.f....og... deploy/data/assets/adam/assets/toeLeft_1.obj
.f....og... deploy/data/assets/adam/assets/toeLeft_2.obj
.f....og... deploy/data/assets/adam/assets/toeLeft_3.obj
.f....og... deploy/data/assets/adam/assets/toeRight_0.obj
.f....og... deploy/data/assets/adam/assets/toeRight_1.obj
.f....og... deploy/data/assets/adam/assets/toeRight_2.obj
.f....og... deploy/data/assets/adam/assets/toeRight_3.obj
.f....og... deploy/data/assets/adam/assets/torso_0.obj
.f....og... deploy/data/assets/adam/assets/torso_1.obj
.f....og... deploy/data/assets/adam/assets/torso_2.obj
.f....og... deploy/data/assets/adam/assets/torso_3.obj
.f....og... deploy/data/assets/adam/assets/torso_4.obj
.f....og... deploy/data/assets/adam/assets/urdf.png
.f....og... deploy/data/assets/adam/assets/vn100-0001.obj
.f....og... deploy/data/assets/adam/assets/waistPitch_0.obj
.f....og... deploy/data/assets/adam/assets/waistPitch_1.obj
.f....og... deploy/data/assets/adam/assets/waistRoll_0.obj
.f....og... deploy/data/assets/adam/assets/waistRoll_1.obj
.f....og... deploy/data/assets/adam/assets/waistRoll_2.obj
.f....og... deploy/data/assets/adam/assets/wristPitchLeft.obj
.f....og... deploy/data/assets/adam/assets/wristPitchRight.obj
.f....og... deploy/data/assets/adam/assets/wristYawLeft_0.obj
.f....og... deploy/data/assets/adam/assets/wristYawLeft_0_lite.obj
.f....og... deploy/data/assets/adam/assets/wristYawLeft_1.obj
.f....og... deploy/data/assets/adam/assets/wristYawLeft_1_lite.obj
.f....og... deploy/data/assets/adam/assets/wristYawRight.obj
.f....og... deploy/data/assets/adam/assets/wristYawRight_0.obj
.f....og... deploy/data/assets/adam/assets/wristYawRight_0_lite.obj
.f....og... deploy/data/assets/adam/assets/wristYawRight_1.obj
.f....og... deploy/data/assets/adam/assets/wristYawRight_1_lite.obj
.d....og... deploy/data/assets/adam/meshes/
.f....og... deploy/data/assets/adam/meshes/L_index_distal.dae
.f....og... deploy/data/assets/adam/meshes/L_index_proximal.dae
.f....og... deploy/data/assets/adam/meshes/L_middle_distal.dae
.f....og... deploy/data/assets/adam/meshes/L_middle_proximal.dae
.f....og... deploy/data/assets/adam/meshes/L_pinky_distal.dae
.f....og... deploy/data/assets/adam/meshes/L_pinky_proximal.dae
.f....og... deploy/data/assets/adam/meshes/L_ring_distal.dae
.f....og... deploy/data/assets/adam/meshes/L_ring_proximal.dae
.f....og... deploy/data/assets/adam/meshes/L_thumb_distal.dae
.f....og... deploy/data/assets/adam/meshes/L_thumb_intermediate.dae
.f....og... deploy/data/assets/adam/meshes/L_thumb_proximal.dae
.f....og... deploy/data/assets/adam/meshes/L_thumb_proximal_base.dae
.f....og... deploy/data/assets/adam/meshes/R_index_distal.dae
.f....og... deploy/data/assets/adam/meshes/R_index_distalR_middle_proximal.dae
.f....og... deploy/data/assets/adam/meshes/R_index_proximal.dae
.f....og... deploy/data/assets/adam/meshes/R_middle_distal.dae
.f....og... deploy/data/assets/adam/meshes/R_middle_proximal.dae
.f....og... deploy/data/assets/adam/meshes/R_pinky_distal.dae
.f....og... deploy/data/assets/adam/meshes/R_pinky_proximal.dae
.f....og... deploy/data/assets/adam/meshes/R_ring_distal.dae
.f....og... deploy/data/assets/adam/meshes/R_ring_proximal.dae
.f....og... deploy/data/assets/adam/meshes/R_thumb_distal.dae
.f....og... deploy/data/assets/adam/meshes/R_thumb_intermediate.dae
.f....og... deploy/data/assets/adam/meshes/R_thumb_proximal.dae
.f....og... deploy/data/assets/adam/meshes/R_thumb_proximal_base.dae
.f....og... deploy/data/assets/adam/meshes/anklePitchLeft.dae
.f....og... deploy/data/assets/adam/meshes/anklePitchRight.dae
.f....og... deploy/data/assets/adam/meshes/elbowLeft.dae
.f....og... deploy/data/assets/adam/meshes/elbowRight.dae
.f....og... deploy/data/assets/adam/meshes/hipPitchLeft.dae
.f....og... deploy/data/assets/adam/meshes/hipPitchRight.dae
.f....og... deploy/data/assets/adam/meshes/hipRollLeft.dae
.f....og... deploy/data/assets/adam/meshes/hipRollRight.dae
.f....og... deploy/data/assets/adam/meshes/inspire_Left.dae
.f....og... deploy/data/assets/adam/meshes/inspire_Right.dae
.f....og... deploy/data/assets/adam/meshes/pelvis.dae
.f....og... deploy/data/assets/adam/meshes/shinLeft.dae
.f....og... deploy/data/assets/adam/meshes/shinRight.dae
.f....og... deploy/data/assets/adam/meshes/shoulderPitchLeft.dae
.f....og... deploy/data/assets/adam/meshes/shoulderPitchRight.dae
.f....og... deploy/data/assets/adam/meshes/shoulderRollLeft.dae
.f....og... deploy/data/assets/adam/meshes/shoulderRollRight.dae
.f....og... deploy/data/assets/adam/meshes/shoulderYawLeft.dae
.f....og... deploy/data/assets/adam/meshes/shoulderYawRight.dae
.f....og... deploy/data/assets/adam/meshes/thighLeft.dae
.f....og... deploy/data/assets/adam/meshes/thighRight.dae
.f....og... deploy/data/assets/adam/meshes/toeLeft.dae
.f....og... deploy/data/assets/adam/meshes/toeRight.dae
.f....og... deploy/data/assets/adam/meshes/torso.dae
.f....og... deploy/data/assets/adam/meshes/urdf.png
.f....og... deploy/data/assets/adam/meshes/vn100-0001.dae
.f....og... deploy/data/assets/adam/meshes/waistPitch.dae
.f....og... deploy/data/assets/adam/meshes/waistRoll.dae
.f....og... deploy/data/assets/adam/meshes/wristPitchLeft.dae
.f....og... deploy/data/assets/adam/meshes/wristPitchRight.dae
.f....og... deploy/data/assets/adam/meshes/wristYawLeft.dae
.f....og... deploy/data/assets/adam/meshes/wristYawLeftLite.dae
.f....og... deploy/data/assets/adam/meshes/wristYawRight.dae
.f....og... deploy/data/assets/adam/meshes/wristYawRightLite.dae
.d....og... deploy/data/assets/g1/
.f....og... deploy/data/assets/g1/g1_12dof.xml
.f....og... deploy/data/assets/g1/g1_23dof_gmt.xml
.f....og... deploy/data/assets/g1/g1_23dof_lock_wrist.xml
.f....og... deploy/data/assets/g1/g1_25dof_twist.xml
.f....og... deploy/data/assets/g1/g1_29dof.xml
.f....og... deploy/data/assets/g1/g1_29dof_anneal_23dof.urdf
.f....og... deploy/data/assets/g1/g1_29dof_anneal_23dof.xml
.f....og... deploy/data/assets/g1/g1_29dof_anneal_23dof_only.xml
.f....og... deploy/data/assets/g1/g1_29dof_hitter_racket.xml
.f....og... deploy/data/assets/g1/g1_29dof_hitter_racket_table_tennis.xml
.f....og... deploy/data/assets/g1/g1_29dof_hitter_racket_table_tennis.xml.bak-20260626_123415
.f....og... deploy/data/assets/g1/h5002_robotbridge_mjcf_load_audit_20260614_132748.json
.d....og... deploy/data/assets/g1/meshes/
.f....og... deploy/data/assets/g1/meshes/h5002_face_contact_hitter_frame.stl
.f....og... deploy/data/assets/g1/meshes/h5002_face_contact_hitter_frame.stl.ascii_backup
.f....og... deploy/data/assets/g1/meshes/h5002_handle_hitter_frame.stl
.f....og... deploy/data/assets/g1/meshes/h5002_handle_hitter_frame.stl.ascii_backup
.f....og... deploy/data/assets/g1/meshes/h5002_head_hitter_frame.stl
.f....og... deploy/data/assets/g1/meshes/h5002_head_hitter_frame.stl.ascii_backup
.f....og... deploy/data/assets/g1/meshes/head_link.STL
.f....og... deploy/data/assets/g1/meshes/left_ankle_pitch_link.STL
.f....og... deploy/data/assets/g1/meshes/left_ankle_roll_link.STL
.f....og... deploy/data/assets/g1/meshes/left_elbow_link.STL
.f....og... deploy/data/assets/g1/meshes/left_elbow_link_merge.STL
.f....og... deploy/data/assets/g1/meshes/left_hand_index_0_link.STL
.f....og... deploy/data/assets/g1/meshes/left_hand_index_1_link.STL
.f....og... deploy/data/assets/g1/meshes/left_hand_middle_0_link.STL
.f....og... deploy/data/assets/g1/meshes/left_hand_middle_1_link.STL
.f....og... deploy/data/assets/g1/meshes/left_hand_palm_link.STL
.f....og... deploy/data/assets/g1/meshes/left_hand_thumb_0_link.STL
.f....og... deploy/data/assets/g1/meshes/left_hand_thumb_1_link.STL
.f....og... deploy/data/assets/g1/meshes/left_hand_thumb_2_link.STL
.f....og... deploy/data/assets/g1/meshes/left_hip_pitch_link.STL
.f....og... deploy/data/assets/g1/meshes/left_hip_roll_link.STL
.f....og... deploy/data/assets/g1/meshes/left_hip_yaw_link.STL
.f....og... deploy/data/assets/g1/meshes/left_knee_link.STL
.f....og... deploy/data/assets/g1/meshes/left_rubber_hand.STL
.f....og... deploy/data/assets/g1/meshes/left_shoulder_pitch_link.STL
.f....og... deploy/data/assets/g1/meshes/left_shoulder_roll_link.STL
.f....og... deploy/data/assets/g1/meshes/left_shoulder_yaw_link.STL
.f....og... deploy/data/assets/g1/meshes/left_wrist_pitch_link.STL
.f....og... deploy/data/assets/g1/meshes/left_wrist_roll_link.STL
.f....og... deploy/data/assets/g1/meshes/left_wrist_roll_rubber_hand.STL
.f....og... deploy/data/assets/g1/meshes/left_wrist_yaw_link.STL
.f....og... deploy/data/assets/g1/meshes/logo_link.STL
.f....og... deploy/data/assets/g1/meshes/pelvis.STL
.f....og... deploy/data/assets/g1/meshes/pelvis_contour_link.STL
.f....og... deploy/data/assets/g1/meshes/right_ankle_pitch_link.STL
.f....og... deploy/data/assets/g1/meshes/right_ankle_roll_link.STL
.f....og... deploy/data/assets/g1/meshes/right_elbow_link.STL
.f....og... deploy/data/assets/g1/meshes/right_elbow_link_merge.STL
.f....og... deploy/data/assets/g1/meshes/right_hand_grip_hitter_frame.stl
.f....og... deploy/data/assets/g1/meshes/right_hand_grip_hitter_frame.stl.ascii-20260626_123415
.f....og... deploy/data/assets/g1/meshes/right_hand_index_0_link.STL
.f....og... deploy/data/assets/g1/meshes/right_hand_index_1_link.STL
.f....og... deploy/data/assets/g1/meshes/right_hand_middle_0_link.STL
.f....og... deploy/data/assets/g1/meshes/right_hand_middle_1_link.STL
.f....og... deploy/data/assets/g1/meshes/right_hand_palm_link.STL
.f....og... deploy/data/assets/g1/meshes/right_hand_thumb_0_link.STL
.f....og... deploy/data/assets/g1/meshes/right_hand_thumb_1_link.STL
.f....og... deploy/data/assets/g1/meshes/right_hand_thumb_2_link.STL
.f....og... deploy/data/assets/g1/meshes/right_hip_pitch_link.STL
.f....og... deploy/data/assets/g1/meshes/right_hip_roll_link.STL
.f....og... deploy/data/assets/g1/meshes/right_hip_yaw_link.STL
.f....og... deploy/data/assets/g1/meshes/right_knee_link.STL
.f....og... deploy/data/assets/g1/meshes/right_paddle_hitter_frame.stl
.f....og... deploy/data/assets/g1/meshes/right_paddle_hitter_frame.stl.ascii-20260626_123415
.f....og... deploy/data/assets/g1/meshes/right_rubber_hand.STL
.f....og... deploy/data/assets/g1/meshes/right_shoulder_pitch_link.STL
.f....og... deploy/data/assets/g1/meshes/right_shoulder_roll_link.STL
.f....og... deploy/data/assets/g1/meshes/right_shoulder_yaw_link.STL
.f....og... deploy/data/assets/g1/meshes/right_wrist_pitch_link.STL
.f....og... deploy/data/assets/g1/meshes/right_wrist_roll_link.STL
.f....og... deploy/data/assets/g1/meshes/right_wrist_roll_rubber_hand.STL
.f....og... deploy/data/assets/g1/meshes/right_wrist_yaw_link.STL
.f....og... deploy/data/assets/g1/meshes/torso_constraint_L_link.STL
.f....og... deploy/data/assets/g1/meshes/torso_constraint_L_rod_link.STL
.f....og... deploy/data/assets/g1/meshes/torso_constraint_R_link.STL
.f....og... deploy/data/assets/g1/meshes/torso_constraint_R_rod_link.STL
.f....og... deploy/data/assets/g1/meshes/torso_link.STL
.f....og... deploy/data/assets/g1/meshes/torso_link_23dof_rev_1_0.STL
.f....og... deploy/data/assets/g1/meshes/torso_link_rev_1_0.STL
.f....og... deploy/data/assets/g1/meshes/waist_constraint_L.STL
.f....og... deploy/data/assets/g1/meshes/waist_constraint_R.STL
.f....og... deploy/data/assets/g1/meshes/waist_roll_link.STL
.f....og... deploy/data/assets/g1/meshes/waist_roll_link_rev_1_0.STL
.f....og... deploy/data/assets/g1/meshes/waist_support_link.STL
.f....og... deploy/data/assets/g1/meshes/waist_yaw_link.STL
.f....og... deploy/data/assets/g1/meshes/waist_yaw_link_rev_1_0.STL
.d....og... deploy/data/assets/h1/
.f....og... deploy/data/assets/h1/h1_19dof.urdf
.f....og... deploy/data/assets/h1/h1_19dof.xml
.d....og... deploy/data/assets/h1/meshes/
.f....og... deploy/data/assets/h1/meshes/L_hand_base_link.STL
.f....og... deploy/data/assets/h1/meshes/L_hand_base_link.dae
.f....og... deploy/data/assets/h1/meshes/Link11_L.STL
.f....og... deploy/data/assets/h1/meshes/Link11_L.dae
.f....og... deploy/data/assets/h1/meshes/Link11_R.STL
.f....og... deploy/data/assets/h1/meshes/Link11_R.dae
.f....og... deploy/data/assets/h1/meshes/Link12_L.STL
.f....og... deploy/data/assets/h1/meshes/Link12_L.dae
.f....og... deploy/data/assets/h1/meshes/Link12_R.STL
.f....og... deploy/data/assets/h1/meshes/Link12_R.dae
.f....og... deploy/data/assets/h1/meshes/Link13_L.STL
.f....og... deploy/data/assets/h1/meshes/Link13_L.dae
.f....og... deploy/data/assets/h1/meshes/Link13_R.STL
.f....og... deploy/data/assets/h1/meshes/Link13_R.dae
.f....og... deploy/data/assets/h1/meshes/Link14_L.STL
.f....og... deploy/data/assets/h1/meshes/Link14_L.dae
.f....og... deploy/data/assets/h1/meshes/Link14_R.STL
.f....og... deploy/data/assets/h1/meshes/Link14_R.dae
.f....og... deploy/data/assets/h1/meshes/Link15_L.STL
.f....og... deploy/data/assets/h1/meshes/Link15_L.dae
.f....og... deploy/data/assets/h1/meshes/Link15_R.STL
.f....og... deploy/data/assets/h1/meshes/Link15_R.dae
.f....og... deploy/data/assets/h1/meshes/Link16_L.STL
.f....og... deploy/data/assets/h1/meshes/Link16_L.dae
.f....og... deploy/data/assets/h1/meshes/Link16_R.STL
.f....og... deploy/data/assets/h1/meshes/Link16_R.dae
.f....og... deploy/data/assets/h1/meshes/Link17_L.STL
.f....og... deploy/data/assets/h1/meshes/Link17_L.dae
.f....og... deploy/data/assets/h1/meshes/Link17_R.STL
.f....og... deploy/data/assets/h1/meshes/Link17_R.dae
.f....og... deploy/data/assets/h1/meshes/Link18_L.STL
.f....og... deploy/data/assets/h1/meshes/Link18_L.dae
.f....og... deploy/data/assets/h1/meshes/Link18_R.STL
.f....og... deploy/data/assets/h1/meshes/Link18_R.dae
.f....og... deploy/data/assets/h1/meshes/Link19_L.STL
.f....og... deploy/data/assets/h1/meshes/Link19_L.dae
.f....og... deploy/data/assets/h1/meshes/Link19_R.STL
.f....og... deploy/data/assets/h1/meshes/Link19_R.dae
.f....og... deploy/data/assets/h1/meshes/Link20_L.STL
.f....og... deploy/data/assets/h1/meshes/Link20_L.dae
.f....og... deploy/data/assets/h1/meshes/Link20_R.STL
.f....og... deploy/data/assets/h1/meshes/Link20_R.dae
.f....og... deploy/data/assets/h1/meshes/Link21_L.STL
.f....og... deploy/data/assets/h1/meshes/Link21_L.dae
.f....og... deploy/data/assets/h1/meshes/Link21_R.STL
.f....og... deploy/data/assets/h1/meshes/Link21_R.dae
.f....og... deploy/data/assets/h1/meshes/Link22_L.STL
.f....og... deploy/data/assets/h1/meshes/Link22_L.dae
.f....og... deploy/data/assets/h1/meshes/Link22_R.STL
.f....og... deploy/data/assets/h1/meshes/Link22_R.dae
.f....og... deploy/data/assets/h1/meshes/R_hand_base_link.STL
.f....og... deploy/data/assets/h1/meshes/R_hand_base_link.dae
.f....og... deploy/data/assets/h1/meshes/left_ankle_link.STL
.f....og... deploy/data/assets/h1/meshes/left_ankle_link.dae
.f....og... deploy/data/assets/h1/meshes/left_elbow_link.STL
.f....og... deploy/data/assets/h1/meshes/left_elbow_link.dae
.f....og... deploy/data/assets/h1/meshes/left_hand_link.STL
.f....og... deploy/data/assets/h1/meshes/left_hand_link.dae
.f....og... deploy/data/assets/h1/meshes/left_hip_pitch_link.STL
.f....og... deploy/data/assets/h1/meshes/left_hip_pitch_link.dae
.f....og... deploy/data/assets/h1/meshes/left_hip_roll_link.STL
.f....og... deploy/data/assets/h1/meshes/left_hip_roll_link.dae
.f....og... deploy/data/assets/h1/meshes/left_hip_yaw_link.STL
.f....og... deploy/data/assets/h1/meshes/left_hip_yaw_link.dae
.f....og... deploy/data/assets/h1/meshes/left_knee_link.STL
.f....og... deploy/data/assets/h1/meshes/left_knee_link.dae
.f....og... deploy/data/assets/h1/meshes/left_shoulder_pitch_link.STL
.f....og... deploy/data/assets/h1/meshes/left_shoulder_pitch_link.dae
.f....og... deploy/data/assets/h1/meshes/left_shoulder_roll_link.STL
.f....og... deploy/data/assets/h1/meshes/left_shoulder_roll_link.dae
.f....og... deploy/data/assets/h1/meshes/left_shoulder_yaw_link.STL
.f....og... deploy/data/assets/h1/meshes/left_shoulder_yaw_link.dae
.f....og... deploy/data/assets/h1/meshes/logo_link.STL
.f....og... deploy/data/assets/h1/meshes/logo_link.dae
.f....og... deploy/data/assets/h1/meshes/pelvis.STL
.f....og... deploy/data/assets/h1/meshes/pelvis.dae
.f....og... deploy/data/assets/h1/meshes/right_ankle_link.STL
.f....og... deploy/data/assets/h1/meshes/right_ankle_link.dae
.f....og... deploy/data/assets/h1/meshes/right_elbow_link.STL
.f....og... deploy/data/assets/h1/meshes/right_elbow_link.dae
.f....og... deploy/data/assets/h1/meshes/right_hand_link.STL
.f....og... deploy/data/assets/h1/meshes/right_hand_link.dae
.f....og... deploy/data/assets/h1/meshes/right_hip_pitch_link.STL
.f....og... deploy/data/assets/h1/meshes/right_hip_pitch_link.dae
.f....og... deploy/data/assets/h1/meshes/right_hip_roll_link.STL
.f....og... deploy/data/assets/h1/meshes/right_hip_roll_link.dae
.f....og... deploy/data/assets/h1/meshes/right_hip_yaw_link.STL
.f....og... deploy/data/assets/h1/meshes/right_hip_yaw_link.dae
.f....og... deploy/data/assets/h1/meshes/right_knee_link.STL
.f....og... deploy/data/assets/h1/meshes/right_knee_link.dae
.f....og... deploy/data/assets/h1/meshes/right_shoulder_pitch_link.STL
.f....og... deploy/data/assets/h1/meshes/right_shoulder_pitch_link.dae
.f....og... deploy/data/assets/h1/meshes/right_shoulder_roll_link.STL
.f....og... deploy/data/assets/h1/meshes/right_shoulder_roll_link.dae
.f....og... deploy/data/assets/h1/meshes/right_shoulder_yaw_link.STL
.f....og... deploy/data/assets/h1/meshes/right_shoulder_yaw_link.dae
.f....og... deploy/data/assets/h1/meshes/torso_link.STL
.f....og... deploy/data/assets/h1/meshes/torso_link.dae
.d....og... deploy/data/assets/h1_2/
.f....og... deploy/data/assets/h1_2/h1_2_27dof_anneal_21dof.urdf
.f....og... deploy/data/assets/h1_2/h1_2_27dof_anneal_21dof.usd
.f....og... deploy/data/assets/h1_2/h1_2_27dof_anneal_21dof.xml
.f....og... deploy/data/assets/h1_2/h1_2_27dof_anneal_21dof_fitmotionONLY.xml
.d....og... deploy/data/assets/h1_2/meshes/
.f....og... deploy/data/assets/h1_2/meshes/L_hand_base_link.STL
.f....og... deploy/data/assets/h1_2/meshes/L_index_intermediate.STL
.f....og... deploy/data/assets/h1_2/meshes/L_index_proximal.STL
.f....og... deploy/data/assets/h1_2/meshes/L_middle_intermediate.STL
.f....og... deploy/data/assets/h1_2/meshes/L_middle_proximal.STL
.f....og... deploy/data/assets/h1_2/meshes/L_pinky_intermediate.STL
.f....og... deploy/data/assets/h1_2/meshes/L_pinky_proximal.STL
.f....og... deploy/data/assets/h1_2/meshes/L_ring_intermediate.STL
.f....og... deploy/data/assets/h1_2/meshes/L_ring_proximal.STL
.f....og... deploy/data/assets/h1_2/meshes/L_thumb_distal.STL
.f....og... deploy/data/assets/h1_2/meshes/L_thumb_intermediate.STL
.f....og... deploy/data/assets/h1_2/meshes/L_thumb_proximal.STL
.f....og... deploy/data/assets/h1_2/meshes/L_thumb_proximal_base.STL
.f....og... deploy/data/assets/h1_2/meshes/R_hand_base_link.STL
.f....og... deploy/data/assets/h1_2/meshes/R_index_intermediate.STL
.f....og... deploy/data/assets/h1_2/meshes/R_index_proximal.STL
.f....og... deploy/data/assets/h1_2/meshes/R_middle_intermediate.STL
.f....og... deploy/data/assets/h1_2/meshes/R_middle_proximal.STL
.f....og... deploy/data/assets/h1_2/meshes/R_pinky_intermediate.STL
.f....og... deploy/data/assets/h1_2/meshes/R_pinky_proximal.STL
.f....og... deploy/data/assets/h1_2/meshes/R_ring_intermediate.STL
.f....og... deploy/data/assets/h1_2/meshes/R_ring_proximal.STL
.f....og... deploy/data/assets/h1_2/meshes/R_thumb_distal.STL
.f....og... deploy/data/assets/h1_2/meshes/R_thumb_intermediate.STL
.f....og... deploy/data/assets/h1_2/meshes/R_thumb_proximal.STL
.f....og... deploy/data/assets/h1_2/meshes/R_thumb_proximal_base.STL
.f....og... deploy/data/assets/h1_2/meshes/left_ankle_A_link.STL
.f....og... deploy/data/assets/h1_2/meshes/left_ankle_A_rod_link.STL
.f....og... deploy/data/assets/h1_2/meshes/left_ankle_B_link.STL
.f....og... deploy/data/assets/h1_2/meshes/left_ankle_B_rod_link.STL
.f....og... deploy/data/assets/h1_2/meshes/left_ankle_pitch_link.STL
.f....og... deploy/data/assets/h1_2/meshes/left_ankle_roll_link.STL
.f....og... deploy/data/assets/h1_2/meshes/left_elbow_pitch_link.STL
.f....og... deploy/data/assets/h1_2/meshes/left_elbow_roll_link.STL
.f....og... deploy/data/assets/h1_2/meshes/left_hand_link.STL
.f....og... deploy/data/assets/h1_2/meshes/left_hip_pitch_link.STL
.f....og... deploy/data/assets/h1_2/meshes/left_hip_roll_link.STL
.f....og... deploy/data/assets/h1_2/meshes/left_hip_yaw_link.STL
.f....og... deploy/data/assets/h1_2/meshes/left_knee_link.STL
.f....og... deploy/data/assets/h1_2/meshes/left_shoulder_pitch_link.STL
.f....og... deploy/data/assets/h1_2/meshes/left_shoulder_roll_link.STL
.f....og... deploy/data/assets/h1_2/meshes/left_shoulder_yaw_link.STL
.f....og... deploy/data/assets/h1_2/meshes/left_wrist_pitch_link.STL
.f....og... deploy/data/assets/h1_2/meshes/link11_L.STL
.f....og... deploy/data/assets/h1_2/meshes/link11_R.STL
.f....og... deploy/data/assets/h1_2/meshes/link12_L.STL
.f....og... deploy/data/assets/h1_2/meshes/link12_R.STL
.f....og... deploy/data/assets/h1_2/meshes/link13_L.STL
.f....og... deploy/data/assets/h1_2/meshes/link13_R.STL
.f....og... deploy/data/assets/h1_2/meshes/link14_L.STL
.f....og... deploy/data/assets/h1_2/meshes/link14_R.STL
.f....og... deploy/data/assets/h1_2/meshes/link15_L.STL
.f....og... deploy/data/assets/h1_2/meshes/link15_R.STL
.f....og... deploy/data/assets/h1_2/meshes/link16_L.STL
.f....og... deploy/data/assets/h1_2/meshes/link16_R.STL
.f....og... deploy/data/assets/h1_2/meshes/link17_L.STL
.f....og... deploy/data/assets/h1_2/meshes/link17_R.STL
.f....og... deploy/data/assets/h1_2/meshes/link18_L.STL
.f....og... deploy/data/assets/h1_2/meshes/link18_R.STL
.f....og... deploy/data/assets/h1_2/meshes/link19_L.STL
.f....og... deploy/data/assets/h1_2/meshes/link19_R.STL
.f....og... deploy/data/assets/h1_2/meshes/link20_L.STL
.f....og... deploy/data/assets/h1_2/meshes/link20_R.STL
.f....og... deploy/data/assets/h1_2/meshes/link21_L.STL
.f....og... deploy/data/assets/h1_2/meshes/link21_R.STL
.f....og... deploy/data/assets/h1_2/meshes/link22_L.STL
.f....og... deploy/data/assets/h1_2/meshes/link22_R.STL
.f....og... deploy/data/assets/h1_2/meshes/logo_link.STL
.f....og... deploy/data/assets/h1_2/meshes/pelvis.STL
.f....og... deploy/data/assets/h1_2/meshes/right_ankle_A_link.STL
.f....og... deploy/data/assets/h1_2/meshes/right_ankle_A_rod_link.STL
.f....og... deploy/data/assets/h1_2/meshes/right_ankle_B_link.STL
.f....og... deploy/data/assets/h1_2/meshes/right_ankle_B_rod_link.STL
.f....og... deploy/data/assets/h1_2/meshes/right_ankle_link.STL
.f....og... deploy/data/assets/h1_2/meshes/right_ankle_pitch_link.STL
.f....og... deploy/data/assets/h1_2/meshes/right_ankle_roll_link.STL
.f....og... deploy/data/assets/h1_2/meshes/right_elbow_pitch_link.STL
.f....og... deploy/data/assets/h1_2/meshes/right_elbow_roll_link.STL
.f....og... deploy/data/assets/h1_2/meshes/right_hand_link.STL
.f....og... deploy/data/assets/h1_2/meshes/right_hip_pitch_link.STL
.f....og... deploy/data/assets/h1_2/meshes/right_hip_roll_link.STL
.f....og... deploy/data/assets/h1_2/meshes/right_hip_yaw_link.STL
.f....og... deploy/data/assets/h1_2/meshes/right_knee_link.STL
.f....og... deploy/data/assets/h1_2/meshes/right_pitch_link.STL
.f....og... deploy/data/assets/h1_2/meshes/right_shoulder_pitch_link.STL
.f....og... deploy/data/assets/h1_2/meshes/right_shoulder_roll_link.STL
.f....og... deploy/data/assets/h1_2/meshes/right_shoulder_yaw_link.STL
.f....og... deploy/data/assets/h1_2/meshes/right_wrist_pitch_link.STL
.f....og... deploy/data/assets/h1_2/meshes/torso_link.STL
.f....og... deploy/data/assets/h1_2/meshes/wrist_yaw_link.STL
.d....og... deploy/envs/
.f....og... deploy/envs/__init__.py
.f....og... deploy/envs/base_env.py
.f....og... deploy/envs/gmt.py
<f.st.og... deploy/envs/hitter.py
.f....og... deploy/envs/level_locomotion.py
.f....og... deploy/envs/loco_hitter.py
.f....og... deploy/envs/loco_mimic_switch.py
.f....og... deploy/envs/locomotion.py
.f....og... deploy/envs/mosaic.py
.f....og... deploy/envs/twist.py
.d....og... deploy/mocap_bridge/
.f....og... deploy/mocap_bridge/README.md
.f....og... deploy/mocap_bridge/__init__.py
.f....og... deploy/mocap_bridge/build_cpp_probe.sh
.f....og... deploy/mocap_bridge/evaluate_planner_paper_style.py
.f....og... deploy/mocap_bridge/fit_ball_dynamics.py
.f....og... deploy/mocap_bridge/hitter_vicon_policy_dryrun.py
.f....og... deploy/mocap_bridge/monitor_vicon_lcm.py
.f....og... deploy/mocap_bridge/nexus_probe.py
.f....og... deploy/mocap_bridge/nexus_probe_cpp.cpp
.f....og... deploy/mocap_bridge/select_ball_segments.py
.f....og... deploy/mocap_bridge/vicon_rigid_unlabeled_probe.cpp
.f....og... deploy/mocap_bridge/vicon_table_lcm_bridge.cpp
.f....og... deploy/mocap_bridge/visualize_ball_trajectory.py
.d....og... deploy/mocap_bridge/bin/
.f....og... deploy/mocap_bridge/bin/nexus_probe_cpp
.f....og... deploy/mocap_bridge/bin/vicon_rigid_unlabeled_probe
.f....og... deploy/mocap_bridge/bin/vicon_table_lcm_bridge
.d....og... deploy/mocap_bridge/calibrations/
.f....og... deploy/mocap_bridge/calibrations/table_calibration_20260624_154050.json
.f....og... deploy/mocap_bridge/calibrations/table_calibration_20260624_154050.log
.f....og... deploy/mocap_bridge/calibrations/table_frame_latest.json
.d....og... deploy/simulator/
.f....og... deploy/simulator/__init__.py
.f....og... deploy/simulator/base_sim.py
.f....og... deploy/simulator/mujoco.py
.f....og... deploy/simulator/real_world.py
.f....og... deploy/simulator/real_world_new.py
.d....og... deploy/utils/
.f....og... deploy/utils/data_pub.py
.f....og... deploy/utils/dataset.py
.f....og... deploy/utils/dof.py
.f....og... deploy/utils/helpers.py
.f....og... deploy/utils/history_handler.py
.f....og... deploy/utils/hitter_planner.py
.f....og... deploy/utils/kinematics.py
.f....og... deploy/utils/metric.py
.f....og... deploy/utils/teleop.py
.f....og... deploy/utils/transformation.py
.d....og... deploy/utils/eval/
.f....og... deploy/utils/eval/bar_chart_by_metric.py
.f....og... deploy/utils/eval/bar_chart_by_work.py
.f....og... deploy/utils/eval/plot_work.py
.f....og... deploy/utils/eval/process_eval.py
.f....og... deploy/utils/eval/process_eval__error_only_all_success.py
.f....og... deploy/utils/eval/process_eval__error_only_success.py
.f....og... deploy/utils/eval/process_eval__joint_only_success.py
.f....og... deploy/utils/eval/process_eval_joint_pos_pro.py
.f....og... deploy/utils/eval/process_eval_joint_pos_pro_inter_success.py
.d....og... deploy/utils/motion_lib/
.f....og... deploy/utils/motion_lib/__init__.py
.f....og... deploy/utils/motion_lib/maths.py
.f....og... deploy/utils/motion_lib/motion_lib_base.py
.f....og... deploy/utils/motion_lib/motion_lib_robot.py
.f....og... deploy/utils/motion_lib/rotations.py
.f....og... deploy/utils/motion_lib/skeleton.py
.f....og... deploy/utils/motion_lib/torch_humanoid_batch.py
.d....og... deploy/utils/motion_lib/motion_utils/
.f....og... deploy/utils/motion_lib/motion_utils/__init__.py
.f....og... deploy/utils/motion_lib/motion_utils/flags.py
.f....og... deploy/utils/motion_lib/motion_utils/rotation_conversions.py
.d....og... deploy/videos_offline/
.d....og... deploy/videos_offline/hitter_command_only/
.f....og... deploy/videos_offline/hitter_command_only/episode_0001.mp4
.d....og... deploy/videos_offline/hitter_command_only_long_table_range/
.f....og... deploy/videos_offline/hitter_command_only_long_table_range/episode_0001.mp4
.d....og... deploy/videos_offline/hitter_continuous_smoke_20260603_152638/
.f....og... deploy/videos_offline/hitter_continuous_smoke_20260603_152638/episode_0001.mp4
.d....og... deploy/videos_offline/hitter_continuous_virtual_command_20260603_152524/
.d....og... deploy/videos_offline/hitter_continuous_virtual_command_5s_20260603_152735/
.f....og... deploy/videos_offline/hitter_continuous_virtual_command_5s_20260603_152735/episode_0001.mp4
.d....og... deploy/videos_offline/hitter_latest_20260603_150834/
.f....og... deploy/videos_offline/hitter_latest_20260603_150834/episode_0001.mp4
.f....og... deploy/videos_offline/hitter_latest_20260603_150834/episode_0003.mp4
.f....og... deploy/videos_offline/hitter_latest_20260603_150834/episode_0005.mp4
.f....og... deploy/videos_offline/hitter_latest_20260603_150834/episode_0007.mp4
.f....og... deploy/videos_offline/hitter_latest_20260603_150834/episode_0009.mp4
.f....og... deploy/videos_offline/hitter_latest_20260603_150834/episode_0011.mp4
.f....og... deploy/videos_offline/hitter_latest_20260603_150834/episode_0013.mp4
.f....og... deploy/videos_offline/hitter_latest_20260603_150834/episode_0015.mp4
.f....og... deploy/videos_offline/hitter_latest_20260603_150834/episode_0017.mp4
.f....og... deploy/videos_offline/hitter_latest_20260603_150834/episode_0019.mp4
.f....og... deploy/videos_offline/hitter_latest_20260603_150834/episode_0021.mp4
.f....og... deploy/videos_offline/hitter_latest_20260603_150834/episode_0023.mp4
.f....og... deploy/videos_offline/hitter_latest_20260603_150834/episode_0025.mp4
.f....og... deploy/videos_offline/hitter_latest_20260603_150834/episode_0027.mp4
.d....og... deploy/videos_offline/hitter_latest_20260626_1608/
.d....og... deploy/videos_offline/hitter_latest_20260626_1609/
.f....og... deploy/videos_offline/hitter_latest_20260626_1609/episode_0001.mp4
.d....og... deploy/videos_offline/hitter_latest_command/
.f....og... deploy/videos_offline/hitter_latest_command/episode_0001.mp4
.f....og... deploy/videos_offline/hitter_latest_command/episode_0003.mp4
.f....og... deploy/videos_offline/hitter_latest_command/episode_0005.mp4
.f....og... deploy/videos_offline/hitter_latest_command/episode_0007.mp4
.f....og... deploy/videos_offline/hitter_latest_command/episode_0009.mp4
.f....og... deploy/videos_offline/hitter_latest_command/episode_0011.mp4
.f....og... deploy/videos_offline/hitter_latest_command/episode_0013.mp4
.f....og... deploy/videos_offline/hitter_latest_command/episode_0015.mp4
.f....og... deploy/videos_offline/hitter_latest_command/episode_0017.mp4
.f....og... deploy/videos_offline/hitter_latest_command/episode_0019.mp4
.f....og... deploy/videos_offline/hitter_latest_command/episode_0021.mp4
.f....og... deploy/videos_offline/hitter_latest_command/episode_0023.mp4
.f....og... deploy/videos_offline/hitter_latest_command/episode_0025.mp4
.f....og... deploy/videos_offline/hitter_latest_command/episode_0027.mp4
.d....og... deploy/videos_offline/hitter_latest_mujoco_104/
.f....og... deploy/videos_offline/hitter_latest_mujoco_104/episode_0001.mp4
.d....og... deploy/videos_offline/hitter_latest_mujoco_104_test/
.f....og... deploy/videos_offline/hitter_latest_mujoco_104_test/episode_0001.mp4
.d....og... deploy/videos_offline/hitter_robotbridge_model1300_20s_20260606_1642/
.f....og... deploy/videos_offline/hitter_robotbridge_model1300_20s_20260606_1642/episode_0001.mp4
.d....og... deploy/videos_offline/hitter_robotbridge_model1300_20s_20260606_2344/
.f....og... deploy/videos_offline/hitter_robotbridge_model1300_20s_20260606_2344/episode_0001.mp4
.d....og... deploy/videos_offline/hitter_robotbridge_model1300_20s_20260607_1527/
.f....og... deploy/videos_offline/hitter_robotbridge_model1300_20s_20260607_1527/episode_0001.mp4
.d....og... deploy/videos_offline/hitter_robotbridge_model1300_20s_20260607_1536/
.f....og... deploy/videos_offline/hitter_robotbridge_model1300_20s_20260607_1536/episode_0001.mp4
.d....og... deploy/videos_offline/hitter_robotbridge_model2900_20s_20260605_2209/
.f....og... deploy/videos_offline/hitter_robotbridge_model2900_20s_20260605_2209/episode_0001.mp4
.d....og... deploy/videos_offline/hitter_robotbridge_userchanges_model1500_20s_20260605_114149/
.f....og... deploy/videos_offline/hitter_robotbridge_userchanges_model1500_20s_20260605_114149/episode_0001.mp4
.d....og... deploy/videos_offline/hitter_robotbridge_userchanges_model2400_20s_20260605_072424/
.f....og... deploy/videos_offline/hitter_robotbridge_userchanges_model2400_20s_20260605_072424/episode_0001.mp4
.d....og... deploy/videos_offline/hitter_robotbridge_userchanges_model800_20260604_184651/
.d....og... deploy/videos_offline/hitter_robotbridge_userchanges_model800_20260604_184933/
.f....og... deploy/videos_offline/hitter_robotbridge_userchanges_model800_20260604_184933/episode_0001.mp4
.d....og... deploy/videos_offline/hitter_training_style_virtual_command_20260603_153119/
.f....og... deploy/videos_offline/hitter_training_style_virtual_command_20260603_153119/episode_0001.mp4
.d....og... deploy/videos_offline/hitter_v21/
.f....og... deploy/videos_offline/hitter_v21/episode_0001.mp4
.f....og... deploy/videos_offline/hitter_v21/episode_0003.mp4
.f....og... deploy/videos_offline/hitter_v21/episode_0005.mp4
.f....og... deploy/videos_offline/hitter_v21/episode_0007.mp4
.f....og... deploy/videos_offline/hitter_v21/episode_0009.mp4
.f....og... deploy/videos_offline/hitter_v21/episode_0011.mp4
.f....og... deploy/videos_offline/hitter_v21/episode_0013.mp4
.f....og... deploy/videos_offline/hitter_v21/episode_0015.mp4
.f....og... deploy/videos_offline/hitter_v21/episode_0017.mp4
.f....og... deploy/videos_offline/hitter_v21/episode_0019.mp4
.f....og... deploy/videos_offline/hitter_v21/episode_0021.mp4
.f....og... deploy/videos_offline/hitter_v21/episode_0023.mp4
.f....og... deploy/videos_offline/hitter_v21/episode_0025.mp4
.f....og... deploy/videos_offline/hitter_v21/episode_0027.mp4
.d....og... deploy/videos_offline/hitter_virtual_command_20260603_152112/
.f....og... deploy/videos_offline/hitter_virtual_command_20260603_152112/episode_0001.mp4
.f....og... deploy/videos_offline/hitter_virtual_command_20260603_152112/episode_0003.mp4
.f....og... deploy/videos_offline/hitter_virtual_command_20260603_152112/episode_0005.mp4
.f....og... deploy/videos_offline/hitter_virtual_command_20260603_152112/episode_0007.mp4
.f....og... deploy/videos_offline/hitter_virtual_command_20260603_152112/episode_0009.mp4
.f....og... deploy/videos_offline/hitter_virtual_command_20260603_152112/episode_0011.mp4
.f....og... deploy/videos_offline/hitter_virtual_command_20260603_152112/episode_0013.mp4
.f....og... deploy/videos_offline/hitter_virtual_command_20260603_152112/episode_0015.mp4
.f....og... deploy/videos_offline/hitter_virtual_command_20260603_152112/episode_0017.mp4
.f....og... deploy/videos_offline/hitter_virtual_command_20260603_152112/episode_0019.mp4
.f....og... deploy/videos_offline/hitter_virtual_command_20260603_152112/episode_0021.mp4
.f....og... deploy/videos_offline/hitter_virtual_command_20260603_152112/episode_0023.mp4
.f....og... deploy/videos_offline/hitter_virtual_command_20260603_152112/episode_0025.mp4
.f....og... deploy/videos_offline/hitter_virtual_command_20260603_152112/episode_0027.mp4
.d....og... docs/
.d....og... docs/superpowers/
.d....og... docs/superpowers/plans/
.f....og... docs/superpowers/plans/2026-06-26-manual-ball-segment-selector.md
.d....og... docs/superpowers/specs/
.f....og... docs/superpowers/specs/2026-06-26-manual-ball-segment-selector-design.md
.d..t.og... tests/
.f....og... tests/test_evaluate_planner_paper_style.py
.f....og... tests/test_fit_ball_dynamics.py
<f+++++++++ tests/test_hitter_agent_startup.py
<f.st.og... tests/test_hitter_env_planner_wait.py
.f....og... tests/test_loco_hitter_switch.py
.f....og... tests/test_real_world_startup_defaults.py
.f....og... tests/test_select_ball_segments.py
.f....og... tests/test_visualize_ball_trajectory.py
.d....og... tests/cpp/
.f....og... tests/cpp/test_vicon_table_lcm_bridge_raw_ignore.cpp
.d..t.og... unitree_sdk2/
.f....og... unitree_sdk2/.gitignore
.f....og... unitree_sdk2/CMakeLists.txt
.f....og... unitree_sdk2/LICENSE
.f....og... unitree_sdk2/README.md
.f....og... unitree_sdk2/__init__.py
.f....og... unitree_sdk2/g1_dex3_example.cpp
.f....og... unitree_sdk2/g1_loco_mode.cpp
.f....og... unitree_sdk2/g1_loco_mode_options.hpp
<f.st.og... unitree_sdk2/trans.cpp
.d....og... unitree_sdk2/assets/
.f....og... unitree_sdk2/assets/remote_controller.hpp
.f....og... unitree_sdk2/assets/unitree_g1_29dof.hpp
.d....og... unitree_sdk2/build/
.f....og... unitree_sdk2/build/CMakeCache.txt
.f....og... unitree_sdk2/build/Makefile
.f....og... unitree_sdk2/build/cmake_install.cmake
.f....og... unitree_sdk2/build/unitree_sdk2Config.cmake
.f....og... unitree_sdk2/build/unitree_sdk2ConfigVersion.cmake
.d..t.og... unitree_sdk2/build/CMakeFiles/
.f....og... unitree_sdk2/build/CMakeFiles/CMakeDirectoryInformation.cmake
.f....og... unitree_sdk2/build/CMakeFiles/CMakeOutput.log
.f....og... unitree_sdk2/build/CMakeFiles/Makefile.cmake
.f....og... unitree_sdk2/build/CMakeFiles/Makefile2
.f....og... unitree_sdk2/build/CMakeFiles/TargetDirectories.txt
.f....og... unitree_sdk2/build/CMakeFiles/cmake.check_cache
.f....og... unitree_sdk2/build/CMakeFiles/progress.marks
.d....og... unitree_sdk2/build/CMakeFiles/3.22.1/
.f....og... unitree_sdk2/build/CMakeFiles/3.22.1/CMakeCCompiler.cmake
.f....og... unitree_sdk2/build/CMakeFiles/3.22.1/CMakeCXXCompiler.cmake
.f....og... unitree_sdk2/build/CMakeFiles/3.22.1/CMakeDetermineCompilerABI_C.bin
.f....og... unitree_sdk2/build/CMakeFiles/3.22.1/CMakeDetermineCompilerABI_CXX.bin
.f....og... unitree_sdk2/build/CMakeFiles/3.22.1/CMakeSystem.cmake
.d....og... unitree_sdk2/build/CMakeFiles/3.22.1/CompilerIdC/
.f....og... unitree_sdk2/build/CMakeFiles/3.22.1/CompilerIdC/CMakeCCompilerId.c
.f....og... unitree_sdk2/build/CMakeFiles/3.22.1/CompilerIdC/a.out
.d....og... unitree_sdk2/build/CMakeFiles/3.22.1/CompilerIdC/tmp/
.d....og... unitree_sdk2/build/CMakeFiles/3.22.1/CompilerIdCXX/
.f....og... unitree_sdk2/build/CMakeFiles/3.22.1/CompilerIdCXX/CMakeCXXCompilerId.cpp
.f....og... unitree_sdk2/build/CMakeFiles/3.22.1/CompilerIdCXX/a.out
.d....og... unitree_sdk2/build/CMakeFiles/3.22.1/CompilerIdCXX/tmp/
.d....og... unitree_sdk2/build/CMakeFiles/CMakeTmp/
.d....og... unitree_sdk2/build/CMakeFiles/g1_loco_mode.dir/
.f....og... unitree_sdk2/build/CMakeFiles/g1_loco_mode.dir/DependInfo.cmake
.f....og... unitree_sdk2/build/CMakeFiles/g1_loco_mode.dir/build.make
.f....og... unitree_sdk2/build/CMakeFiles/g1_loco_mode.dir/cmake_clean.cmake
.f....og... unitree_sdk2/build/CMakeFiles/g1_loco_mode.dir/compiler_depend.internal
.f....og... unitree_sdk2/build/CMakeFiles/g1_loco_mode.dir/compiler_depend.make
.f....og... unitree_sdk2/build/CMakeFiles/g1_loco_mode.dir/compiler_depend.ts
.f....og... unitree_sdk2/build/CMakeFiles/g1_loco_mode.dir/depend.make
.f....og... unitree_sdk2/build/CMakeFiles/g1_loco_mode.dir/flags.make
.f....og... unitree_sdk2/build/CMakeFiles/g1_loco_mode.dir/g1_loco_mode.cpp.o
.f....og... unitree_sdk2/build/CMakeFiles/g1_loco_mode.dir/g1_loco_mode.cpp.o.d
.f....og... unitree_sdk2/build/CMakeFiles/g1_loco_mode.dir/link.txt
.f....og... unitree_sdk2/build/CMakeFiles/g1_loco_mode.dir/progress.make
.d....og... unitree_sdk2/build/CMakeFiles/lcm_types_lib.dir/
.f....og... unitree_sdk2/build/CMakeFiles/lcm_types_lib.dir/DependInfo.cmake
.f....og... unitree_sdk2/build/CMakeFiles/lcm_types_lib.dir/build.make
.f....og... unitree_sdk2/build/CMakeFiles/lcm_types_lib.dir/cmake_clean.cmake
.f....og... unitree_sdk2/build/CMakeFiles/lcm_types_lib.dir/cmake_clean_target.cmake
.f....og... unitree_sdk2/build/CMakeFiles/lcm_types_lib.dir/compiler_depend.make
.f....og... unitree_sdk2/build/CMakeFiles/lcm_types_lib.dir/compiler_depend.ts
.f....og... unitree_sdk2/build/CMakeFiles/lcm_types_lib.dir/depend.make
.f....og... unitree_sdk2/build/CMakeFiles/lcm_types_lib.dir/flags.make
.f....og... unitree_sdk2/build/CMakeFiles/lcm_types_lib.dir/link.txt
.f....og... unitree_sdk2/build/CMakeFiles/lcm_types_lib.dir/progress.make
.d..t.og... unitree_sdk2/build/CMakeFiles/trans.dir/
.f....og... unitree_sdk2/build/CMakeFiles/trans.dir/DependInfo.cmake
.f....og... unitree_sdk2/build/CMakeFiles/trans.dir/build.make
.f....og... unitree_sdk2/build/CMakeFiles/trans.dir/cmake_clean.cmake
<f.st.og... unitree_sdk2/build/CMakeFiles/trans.dir/compiler_depend.internal
<f.st.og... unitree_sdk2/build/CMakeFiles/trans.dir/compiler_depend.make
.f....og... unitree_sdk2/build/CMakeFiles/trans.dir/compiler_depend.ts
.f....og... unitree_sdk2/build/CMakeFiles/trans.dir/depend.make
.f....og... unitree_sdk2/build/CMakeFiles/trans.dir/flags.make
.f....og... unitree_sdk2/build/CMakeFiles/trans.dir/link.txt
.f....og... unitree_sdk2/build/CMakeFiles/trans.dir/progress.make
<f.st.og... unitree_sdk2/build/CMakeFiles/trans.dir/trans.cpp.o
<f.st.og... unitree_sdk2/build/CMakeFiles/trans.dir/trans.cpp.o.d
.d..t.og... unitree_sdk2/build/bin/
.f....og... unitree_sdk2/build/bin/g1_loco_mode
<f.st.og... unitree_sdk2/build/bin/trans
.d....og... unitree_sdk2/build/lib/
.f....og... unitree_sdk2/build/lib/liblcm_types_lib.a
.d....og... unitree_sdk2/build/thirdparty/
.f....og... unitree_sdk2/build/thirdparty/Makefile
.f....og... unitree_sdk2/build/thirdparty/cmake_install.cmake
.d....og... unitree_sdk2/build/thirdparty/CMakeFiles/
.f....og... unitree_sdk2/build/thirdparty/CMakeFiles/CMakeDirectoryInformation.cmake
.f....og... unitree_sdk2/build/thirdparty/CMakeFiles/progress.marks
.d....og... unitree_sdk2/cmake/
.f....og... unitree_sdk2/cmake/unitree_sdk2Config.cmake.in
.f....og... unitree_sdk2/cmake/unitree_sdk2Targets.cmake
.d....og... unitree_sdk2/include/
.d....og... unitree_sdk2/include/unitree/
.d....og... unitree_sdk2/include/unitree/common/
.f....og... unitree_sdk2/include/unitree/common/any.hpp
.f....og... unitree_sdk2/include/unitree/common/assert.hpp
.f....og... unitree_sdk2/include/unitree/common/block_queue.hpp
.f....og... unitree_sdk2/include/unitree/common/decl.hpp
.f....og... unitree_sdk2/include/unitree/common/error.hpp
.f....og... unitree_sdk2/include/unitree/common/exception.hpp
.f....og... unitree_sdk2/include/unitree/common/os.hpp
.f....og... unitree_sdk2/include/unitree/common/string_tool.hpp
.d....og... unitree_sdk2/include/unitree/common/dds/
.f....og... unitree_sdk2/include/unitree/common/dds/dds_callback.hpp
.f....og... unitree_sdk2/include/unitree/common/dds/dds_easy_model.hpp
.f....og... unitree_sdk2/include/unitree/common/dds/dds_entity.hpp
.f....og... unitree_sdk2/include/unitree/common/dds/dds_error.hpp
.f....og... unitree_sdk2/include/unitree/common/dds/dds_exception.hpp
.f....og... unitree_sdk2/include/unitree/common/dds/dds_factory_model.hpp
.f....og... unitree_sdk2/include/unitree/common/dds/dds_native.hpp
.f....og... unitree_sdk2/include/unitree/common/dds/dds_parameter.hpp
.f....og... unitree_sdk2/include/unitree/common/dds/dds_qos.hpp
.f....og... unitree_sdk2/include/unitree/common/dds/dds_qos_parameter.hpp
.f....og... unitree_sdk2/include/unitree/common/dds/dds_qos_policy.hpp
.f....og... unitree_sdk2/include/unitree/common/dds/dds_qos_policy_parameter.hpp
.f....og... unitree_sdk2/include/unitree/common/dds/dds_qos_realize.hpp
.f....og... unitree_sdk2/include/unitree/common/dds/dds_topic_channel.hpp
.f....og... unitree_sdk2/include/unitree/common/dds/dds_traits.hpp
.d....og... unitree_sdk2/include/unitree/common/filesystem/
.f....og... unitree_sdk2/include/unitree/common/filesystem/directory.hpp
.f....og... unitree_sdk2/include/unitree/common/filesystem/file.hpp
.f....og... unitree_sdk2/include/unitree/common/filesystem/filesystem.hpp
.d....og... unitree_sdk2/include/unitree/common/json/
.f....og... unitree_sdk2/include/unitree/common/json/json.hpp
.f....og... unitree_sdk2/include/unitree/common/json/json_config.hpp
.f....og... unitree_sdk2/include/unitree/common/json/jsonize.hpp
.d....og... unitree_sdk2/include/unitree/common/lock/
.f....og... unitree_sdk2/include/unitree/common/lock/lock.hpp
.d....og... unitree_sdk2/include/unitree/common/log/
.f....og... unitree_sdk2/include/unitree/common/log/log.hpp
.f....og... unitree_sdk2/include/unitree/common/log/log_buffer.hpp
.f....og... unitree_sdk2/include/unitree/common/log/log_decl.hpp
.f....og... unitree_sdk2/include/unitree/common/log/log_initor.hpp
.f....og... unitree_sdk2/include/unitree/common/log/log_keeper.hpp
.f....og... unitree_sdk2/include/unitree/common/log/log_logger.hpp
.f....og... unitree_sdk2/include/unitree/common/log/log_policy.hpp
.f....og... unitree_sdk2/include/unitree/common/log/log_store.hpp
.f....og... unitree_sdk2/include/unitree/common/log/log_writer.hpp
.d....og... unitree_sdk2/include/unitree/common/service/
.f....og... unitree_sdk2/include/unitree/common/service/dds_service.hpp
.d....og... unitree_sdk2/include/unitree/common/service/base/
.f....og... unitree_sdk2/include/unitree/common/service/base/service_application.hpp
.f....og... unitree_sdk2/include/unitree/common/service/base/service_base.hpp
.f....og... unitree_sdk2/include/unitree/common/service/base/service_config.hpp
.f....og... unitree_sdk2/include/unitree/common/service/base/service_decl.hpp
.d....og... unitree_sdk2/include/unitree/common/thread/
.f....og... unitree_sdk2/include/unitree/common/thread/future.hpp
.f....og... unitree_sdk2/include/unitree/common/thread/recurrent_thread.hpp
.f....og... unitree_sdk2/include/unitree/common/thread/thread.hpp
.f....og... unitree_sdk2/include/unitree/common/thread/thread_decl.hpp
.f....og... unitree_sdk2/include/unitree/common/thread/thread_pool.hpp
.f....og... unitree_sdk2/include/unitree/common/thread/thread_task.hpp
.d....og... unitree_sdk2/include/unitree/common/time/
.f....og... unitree_sdk2/include/unitree/common/time/sleep.hpp
.f....og... unitree_sdk2/include/unitree/common/time/time_tool.hpp
.d....og... unitree_sdk2/include/unitree/idl/
.d....og... unitree_sdk2/include/unitree/idl/go2/
.f....og... unitree_sdk2/include/unitree/idl/go2/AudioData_.hpp
.f....og... unitree_sdk2/include/unitree/idl/go2/BmsCmd_.hpp
.f....og... unitree_sdk2/include/unitree/idl/go2/BmsState_.hpp
.f....og... unitree_sdk2/include/unitree/idl/go2/ConfigChangeStatus_.hpp
.f....og... unitree_sdk2/include/unitree/idl/go2/Error_.hpp
.f....og... unitree_sdk2/include/unitree/idl/go2/Go2FrontVideoData_.hpp
.f....og... unitree_sdk2/include/unitree/idl/go2/HeightMap_.hpp
.f....og... unitree_sdk2/include/unitree/idl/go2/IMUState_.hpp
.f....og... unitree_sdk2/include/unitree/idl/go2/InterfaceConfig_.hpp
.f....og... unitree_sdk2/include/unitree/idl/go2/LidarState_.hpp
.f....og... unitree_sdk2/include/unitree/idl/go2/LowCmd_.hpp
.f....og... unitree_sdk2/include/unitree/idl/go2/LowState_.hpp
.f....og... unitree_sdk2/include/unitree/idl/go2/MotorCmd_.hpp
.f....og... unitree_sdk2/include/unitree/idl/go2/MotorCmds_.hpp
.f....og... unitree_sdk2/include/unitree/idl/go2/MotorState_.hpp
.f....og... unitree_sdk2/include/unitree/idl/go2/MotorStates_.hpp
.f....og... unitree_sdk2/include/unitree/idl/go2/PathPoint_.hpp
.f....og... unitree_sdk2/include/unitree/idl/go2/Req_.hpp
.f....og... unitree_sdk2/include/unitree/idl/go2/Res_.hpp
.f....og... unitree_sdk2/include/unitree/idl/go2/SportModeCmd_.hpp
.f....og... unitree_sdk2/include/unitree/idl/go2/SportModeState_.hpp
.f....og... unitree_sdk2/include/unitree/idl/go2/TimeSpec_.hpp
.f....og... unitree_sdk2/include/unitree/idl/go2/UwbState_.hpp
.f....og... unitree_sdk2/include/unitree/idl/go2/UwbSwitch_.hpp
.f....og... unitree_sdk2/include/unitree/idl/go2/WirelessController_.hpp
.d....og... unitree_sdk2/include/unitree/idl/hg/
.f....og... unitree_sdk2/include/unitree/idl/hg/BmsCmd_.hpp
.f....og... unitree_sdk2/include/unitree/idl/hg/BmsState_.hpp
.f....og... unitree_sdk2/include/unitree/idl/hg/HandCmd_.hpp
.f....og... unitree_sdk2/include/unitree/idl/hg/HandState_.hpp
.f....og... unitree_sdk2/include/unitree/idl/hg/IMUState_.hpp
.f....og... unitree_sdk2/include/unitree/idl/hg/LowCmd_.hpp
.f....og... unitree_sdk2/include/unitree/idl/hg/LowState_.hpp
.f....og... unitree_sdk2/include/unitree/idl/hg/MainBoardState_.hpp
.f....og... unitree_sdk2/include/unitree/idl/hg/MotorCmd_.hpp
.f....og... unitree_sdk2/include/unitree/idl/hg/MotorState_.hpp
.f....og... unitree_sdk2/include/unitree/idl/hg/PressSensorState_.hpp
.d....og... unitree_sdk2/include/unitree/idl/hg_doubleimu/
.f....og... unitree_sdk2/include/unitree/idl/hg_doubleimu/doubleIMUState_.hpp
.d....og... unitree_sdk2/include/unitree/idl/ros2/
.f....og... unitree_sdk2/include/unitree/idl/ros2/Header_.hpp
.f....og... unitree_sdk2/include/unitree/idl/ros2/Imu_.hpp
.f....og... unitree_sdk2/include/unitree/idl/ros2/MapMetaData_.hpp
.f....og... unitree_sdk2/include/unitree/idl/ros2/OccupancyGrid_.hpp
.f....og... unitree_sdk2/include/unitree/idl/ros2/Odometry_.hpp
.f....og... unitree_sdk2/include/unitree/idl/ros2/Point32_.hpp
.f....og... unitree_sdk2/include/unitree/idl/ros2/PointCloud2_.hpp
.f....og... unitree_sdk2/include/unitree/idl/ros2/PointField_.hpp
.f....og... unitree_sdk2/include/unitree/idl/ros2/PointStamped_.hpp
.f....og... unitree_sdk2/include/unitree/idl/ros2/Point_.hpp
.f....og... unitree_sdk2/include/unitree/idl/ros2/Pose2D_.hpp
.f....og... unitree_sdk2/include/unitree/idl/ros2/PoseStamped_.hpp
.f....og... unitree_sdk2/include/unitree/idl/ros2/PoseWithCovarianceStamped_.hpp
.f....og... unitree_sdk2/include/unitree/idl/ros2/PoseWithCovariance_.hpp
.f....og... unitree_sdk2/include/unitree/idl/ros2/Pose_.hpp
.f....og... unitree_sdk2/include/unitree/idl/ros2/QuaternionStamped_.hpp
.f....og... unitree_sdk2/include/unitree/idl/ros2/Quaternion_.hpp
.f....og... unitree_sdk2/include/unitree/idl/ros2/String_.hpp
.f....og... unitree_sdk2/include/unitree/idl/ros2/Time_.hpp
.f....og... unitree_sdk2/include/unitree/idl/ros2/TwistStamped_.hpp
.f....og... unitree_sdk2/include/unitree/idl/ros2/TwistWithCovarianceStamped_.hpp
.f....og... unitree_sdk2/include/unitree/idl/ros2/TwistWithCovariance_.hpp
.f....og... unitree_sdk2/include/unitree/idl/ros2/Twist_.hpp
.f....og... unitree_sdk2/include/unitree/idl/ros2/Vector3_.hpp
.d....og... unitree_sdk2/include/unitree/robot/
.d....og... unitree_sdk2/include/unitree/robot/b2/
*deleting   unitree_sdk2/lcm_types/dex_command_lcmt.py
*deleting   unitree_sdk2/lcm_types/dex_command_lcmt.lcm
*deleting   unitree_sdk2/lcm_types/dex_command_lcmt.hpp
.d....og... unitree_sdk2/include/unitree/robot/b2/back_video/
.f....og... unitree_sdk2/include/unitree/robot/b2/back_video/back_video_api.hpp
.f....og... unitree_sdk2/include/unitree/robot/b2/back_video/back_video_client.hpp
.f....og... unitree_sdk2/include/unitree/robot/b2/back_video/back_video_error.hpp
.d....og... unitree_sdk2/include/unitree/robot/b2/config/
.f....og... unitree_sdk2/include/unitree/robot/b2/config/config_api.hpp
.f....og... unitree_sdk2/include/unitree/robot/b2/config/config_client.hpp
.f....og... unitree_sdk2/include/unitree/robot/b2/config/config_error.hpp
.d....og... unitree_sdk2/include/unitree/robot/b2/front_video/
.f....og... unitree_sdk2/include/unitree/robot/b2/front_video/front_video_api.hpp
.f....og... unitree_sdk2/include/unitree/robot/b2/front_video/front_video_client.hpp
.f....og... unitree_sdk2/include/unitree/robot/b2/front_video/front_video_error.hpp
.d....og... unitree_sdk2/include/unitree/robot/b2/motion_switcher/
.f....og... unitree_sdk2/include/unitree/robot/b2/motion_switcher/motion_switcher_api.hpp
.f....og... unitree_sdk2/include/unitree/robot/b2/motion_switcher/motion_switcher_client.hpp
.f....og... unitree_sdk2/include/unitree/robot/b2/motion_switcher/motion_switcher_error.hpp
.d....og... unitree_sdk2/include/unitree/robot/b2/robot_state/
.f....og... unitree_sdk2/include/unitree/robot/b2/robot_state/robot_state_api.hpp
.f....og... unitree_sdk2/include/unitree/robot/b2/robot_state/robot_state_client.hpp
.f....og... unitree_sdk2/include/unitree/robot/b2/robot_state/robot_state_error.hpp
.d....og... unitree_sdk2/include/unitree/robot/b2/sport/
.f....og... unitree_sdk2/include/unitree/robot/b2/sport/sport_api.hpp
.f....og... unitree_sdk2/include/unitree/robot/b2/sport/sport_client.hpp
.f....og... unitree_sdk2/include/unitree/robot/b2/sport/sport_error.hpp
.d....og... unitree_sdk2/include/unitree/robot/channel/
.f....og... unitree_sdk2/include/unitree/robot/channel/channel_factory.hpp
.f....og... unitree_sdk2/include/unitree/robot/channel/channel_labor.hpp
.f....og... unitree_sdk2/include/unitree/robot/channel/channel_namer.hpp
.f....og... unitree_sdk2/include/unitree/robot/channel/channel_publisher.hpp
.f....og... unitree_sdk2/include/unitree/robot/channel/channel_subscriber.hpp
.d....og... unitree_sdk2/include/unitree/robot/client/
.f....og... unitree_sdk2/include/unitree/robot/client/client.hpp
.f....og... unitree_sdk2/include/unitree/robot/client/client_base.hpp
.f....og... unitree_sdk2/include/unitree/robot/client/client_stub.hpp
.f....og... unitree_sdk2/include/unitree/robot/client/lease_client.hpp
.d....og... unitree_sdk2/include/unitree/robot/future/
.f....og... unitree_sdk2/include/unitree/robot/future/request_future.hpp
.d....og... unitree_sdk2/include/unitree/robot/g1/
.d....og... unitree_sdk2/include/unitree/robot/g1/audio/
.f....og... unitree_sdk2/include/unitree/robot/g1/audio/g1_audio_api.hpp
.f....og... unitree_sdk2/include/unitree/robot/g1/audio/g1_audio_client.hpp
.f....og... unitree_sdk2/include/unitree/robot/g1/audio/g1_audio_error.hpp
.d....og... unitree_sdk2/include/unitree/robot/g1/loco/
.f....og... unitree_sdk2/include/unitree/robot/g1/loco/g1_loco_api.hpp
.f....og... unitree_sdk2/include/unitree/robot/g1/loco/g1_loco_client.hpp
.f....og... unitree_sdk2/include/unitree/robot/g1/loco/g1_loco_error.hpp
.d....og... unitree_sdk2/include/unitree/robot/go2/
.d....og... unitree_sdk2/include/unitree/robot/go2/obstacles_avoid/
.f....og... unitree_sdk2/include/unitree/robot/go2/obstacles_avoid/obstacles_avoid_api.hpp
.f....og... unitree_sdk2/include/unitree/robot/go2/obstacles_avoid/obstacles_avoid_client.hpp
.d....og... unitree_sdk2/include/unitree/robot/go2/public/
.f....og... unitree_sdk2/include/unitree/robot/go2/public/jsonize_type.hpp
.d....og... unitree_sdk2/include/unitree/robot/go2/robot_state/
.f....og... unitree_sdk2/include/unitree/robot/go2/robot_state/robot_state_api.hpp
.f....og... unitree_sdk2/include/unitree/robot/go2/robot_state/robot_state_client.hpp
.f....og... unitree_sdk2/include/unitree/robot/go2/robot_state/robot_state_error.hpp
.d....og... unitree_sdk2/include/unitree/robot/go2/sport/
.f....og... unitree_sdk2/include/unitree/robot/go2/sport/sport_api.hpp
.f....og... unitree_sdk2/include/unitree/robot/go2/sport/sport_client.hpp
.f....og... unitree_sdk2/include/unitree/robot/go2/sport/sport_error.hpp
.d....og... unitree_sdk2/include/unitree/robot/go2/utrack/
.f....og... unitree_sdk2/include/unitree/robot/go2/utrack/utrack_api.hpp
.f....og... unitree_sdk2/include/unitree/robot/go2/utrack/utrack_client.hpp
.d....og... unitree_sdk2/include/unitree/robot/go2/video/
.f....og... unitree_sdk2/include/unitree/robot/go2/video/video_api.hpp
.f....og... unitree_sdk2/include/unitree/robot/go2/video/video_client.hpp
.f....og... unitree_sdk2/include/unitree/robot/go2/video/video_error.hpp
.d....og... unitree_sdk2/include/unitree/robot/go2/vui/
.f....og... unitree_sdk2/include/unitree/robot/go2/vui/vui_api.hpp
.f....og... unitree_sdk2/include/unitree/robot/go2/vui/vui_client.hpp
.f....og... unitree_sdk2/include/unitree/robot/go2/vui/vui_error.hpp
.d....og... unitree_sdk2/include/unitree/robot/h1/
.d....og... unitree_sdk2/include/unitree/robot/h1/loco/
.f....og... unitree_sdk2/include/unitree/robot/h1/loco/h1_loco_api.hpp
.f....og... unitree_sdk2/include/unitree/robot/h1/loco/h1_loco_client.hpp
.f....og... unitree_sdk2/include/unitree/robot/h1/loco/h1_loco_error.hpp
.d....og... unitree_sdk2/include/unitree/robot/internal/
.f....og... unitree_sdk2/include/unitree/robot/internal/internal.hpp
.f....og... unitree_sdk2/include/unitree/robot/internal/internal_api.hpp
.f....og... unitree_sdk2/include/unitree/robot/internal/internal_error.hpp
.f....og... unitree_sdk2/include/unitree/robot/internal/internal_request_response.hpp
.d....og... unitree_sdk2/include/unitree/robot/internal/internal_idl_decl/
.f....og... unitree_sdk2/include/unitree/robot/internal/internal_idl_decl/RequestHeader_.hpp
.f....og... unitree_sdk2/include/unitree/robot/internal/internal_idl_decl/RequestIdentity_.hpp
.f....og... unitree_sdk2/include/unitree/robot/internal/internal_idl_decl/RequestLease_.hpp
.f....og... unitree_sdk2/include/unitree/robot/internal/internal_idl_decl/RequestPolicy_.hpp
.f....og... unitree_sdk2/include/unitree/robot/internal/internal_idl_decl/Request_.hpp
.f....og... unitree_sdk2/include/unitree/robot/internal/internal_idl_decl/ResponseHeader_.hpp
.f....og... unitree_sdk2/include/unitree/robot/internal/internal_idl_decl/ResponseStatus_.hpp
.f....og... unitree_sdk2/include/unitree/robot/internal/internal_idl_decl/Response_.hpp
.d....og... unitree_sdk2/include/unitree/robot/serialize/
.f....og... unitree_sdk2/include/unitree/robot/serialize/serialize.hpp
.d....og... unitree_sdk2/include/unitree/robot/server/
.f....og... unitree_sdk2/include/unitree/robot/server/lease_server.hpp
.f....og... unitree_sdk2/include/unitree/robot/server/server.hpp
.f....og... unitree_sdk2/include/unitree/robot/server/server_base.hpp
.f....og... unitree_sdk2/include/unitree/robot/server/server_stub.hpp
.d..t.og... unitree_sdk2/lcm_types/
.f....og... unitree_sdk2/lcm_types/__init__.py
.f....og... unitree_sdk2/lcm_types/arm_lcmt.lcm
.f....og... unitree_sdk2/lcm_types/body_control_data_lcmt.hpp
.f....og... unitree_sdk2/lcm_types/body_control_data_lcmt.lcm
.f....og... unitree_sdk2/lcm_types/body_control_data_lcmt.py
.f....og... unitree_sdk2/lcm_types/camera_reference_data_lcmt.hpp
.f....og... unitree_sdk2/lcm_types/camera_reference_data_lcmt.lcm
.f....og... unitree_sdk2/lcm_types/camera_reference_data_lcmt.py
.f....og... unitree_sdk2/lcm_types/pd_tau_targets_lcmt.hpp
.f....og... unitree_sdk2/lcm_types/pd_tau_targets_lcmt.lcm
.f....og... unitree_sdk2/lcm_types/pd_tau_targets_lcmt.py
.f....og... unitree_sdk2/lcm_types/rc_command_lcmt.hpp
.f....og... unitree_sdk2/lcm_types/rc_command_lcmt.lcm
.f....og... unitree_sdk2/lcm_types/rc_command_lcmt.py
.f....og... unitree_sdk2/lcm_types/state_estimator_lcmt.hpp
.f....og... unitree_sdk2/lcm_types/state_estimator_lcmt.lcm
.f....og... unitree_sdk2/lcm_types/state_estimator_lcmt.py
.f....og... unitree_sdk2/lcm_types/transformation_t.hpp
.f....og... unitree_sdk2/lcm_types/transformation_t.lcm
.f....og... unitree_sdk2/lcm_types/transformation_t.py
.d....og... unitree_sdk2/lib/
.d....og... unitree_sdk2/lib/aarch64/
.f....og... unitree_sdk2/lib/aarch64/libunitree_sdk2.a
.d....og... unitree_sdk2/lib/x86_64/
.f....og... unitree_sdk2/lib/x86_64/libunitree_sdk2.a
.d....og... unitree_sdk2/licenses/
.d....og... unitree_sdk2/licenses/Tencent/
.d....og... unitree_sdk2/licenses/Tencent/rapidjson/
.f....og... unitree_sdk2/licenses/Tencent/rapidjson/LICENSE
.d....og... unitree_sdk2/licenses/eclipse-cyclonedds/
.d....og... unitree_sdk2/licenses/eclipse-cyclonedds/cyclonedds-cxx/
.f....og... unitree_sdk2/licenses/eclipse-cyclonedds/cyclonedds-cxx/LICENSE
.d....og... unitree_sdk2/licenses/eclipse-cyclonedds/cyclonedds/
.f....og... unitree_sdk2/licenses/eclipse-cyclonedds/cyclonedds/LICENSE
.d....og... unitree_sdk2/licenses/eclipse-iceoryx/
.d....og... unitree_sdk2/licenses/eclipse-iceoryx/iceoryx/
.f....og... unitree_sdk2/licenses/eclipse-iceoryx/iceoryx/LICENSE
.d....og... unitree_sdk2/thirdparty/
.f....og... unitree_sdk2/thirdparty/CMakeLists.txt
.d....og... unitree_sdk2/thirdparty/include/
.d....og... unitree_sdk2/thirdparty/include/dds/
.f....og... unitree_sdk2/thirdparty/include/dds/config.h
.f....og... unitree_sdk2/thirdparty/include/dds/dds.h
.f....og... unitree_sdk2/thirdparty/include/dds/export.h
.f....og... unitree_sdk2/thirdparty/include/dds/features.h
.f....og... unitree_sdk2/thirdparty/include/dds/version.h
.d....og... unitree_sdk2/thirdparty/include/dds/ddsc/
.f....og... unitree_sdk2/thirdparty/include/dds/ddsc/dds_basic_types.h
.f....og... unitree_sdk2/thirdparty/include/dds/ddsc/dds_data_allocator.h
.f....og... unitree_sdk2/thirdparty/include/dds/ddsc/dds_internal_api.h
.f....og... unitree_sdk2/thirdparty/include/dds/ddsc/dds_loan_api.h
.f....og... unitree_sdk2/thirdparty/include/dds/ddsc/dds_opcodes.h
.f....og... unitree_sdk2/thirdparty/include/dds/ddsc/dds_public_alloc.h
.f....og... unitree_sdk2/thirdparty/include/dds/ddsc/dds_public_error.h
.f....og... unitree_sdk2/thirdparty/include/dds/ddsc/dds_public_impl.h
.f....og... unitree_sdk2/thirdparty/include/dds/ddsc/dds_public_listener.h
.f....og... unitree_sdk2/thirdparty/include/dds/ddsc/dds_public_qos.h
.f....og... unitree_sdk2/thirdparty/include/dds/ddsc/dds_public_qosdefs.h
.f....og... unitree_sdk2/thirdparty/include/dds/ddsc/dds_public_status.h
.f....og... unitree_sdk2/thirdparty/include/dds/ddsc/dds_rhc.h
.f....og... unitree_sdk2/thirdparty/include/dds/ddsc/dds_statistics.h
.d....og... unitree_sdk2/thirdparty/include/dds/ddsi/
.f....og... unitree_sdk2/thirdparty/include/dds/ddsi/ddsi_acknack.h
.f....og... unitree_sdk2/thirdparty/include/dds/ddsi/ddsi_builtin_topic_if.h
.f....og... unitree_sdk2/thirdparty/include/dds/ddsi/ddsi_cdrstream.h
.f....og... unitree_sdk2/thirdparty/include/dds/ddsi/ddsi_cfgelems.h
.f....og... unitree_sdk2/thirdparty/include/dds/ddsi/ddsi_cfgunits.h
.f....og... unitree_sdk2/thirdparty/include/dds/ddsi/ddsi_config.h
.f....og... unitree_sdk2/thirdparty/include/dds/ddsi/ddsi_config_impl.h
.f....og... unitree_sdk2/thirdparty/include/dds/ddsi/ddsi_deadline.h
.f....og... unitree_sdk2/thirdparty/include/dds/ddsi/ddsi_deliver_locally.h
.f....og... unitree_sdk2/thirdparty/include/dds/ddsi/ddsi_domaingv.h
.f....og... unitree_sdk2/thirdparty/include/dds/ddsi/ddsi_endpoint.h
.f....og... unitree_sdk2/thirdparty/include/dds/ddsi/ddsi_entity.h
.f....og... unitree_sdk2/thirdparty/include/dds/ddsi/ddsi_entity_index.h
.f....og... unitree_sdk2/thirdparty/include/dds/ddsi/ddsi_entity_match.h
.f....og... unitree_sdk2/thirdparty/include/dds/ddsi/ddsi_guid.h
.f....og... unitree_sdk2/thirdparty/include/dds/ddsi/ddsi_handshake.h
.f....og... unitree_sdk2/thirdparty/include/dds/ddsi/ddsi_iid.h
.f....og... unitree_sdk2/thirdparty/include/dds/ddsi/ddsi_ipaddr.h
.f....og... unitree_sdk2/thirdparty/include/dds/ddsi/ddsi_keyhash.h
.f....og... unitree_sdk2/thirdparty/include/dds/ddsi/ddsi_lifespan.h
.f....og... unitree_sdk2/thirdparty/include/dds/ddsi/ddsi_list_genptr.h
.f....og... unitree_sdk2/thirdparty/include/dds/ddsi/ddsi_list_tmpl.h
.f....og... unitree_sdk2/thirdparty/include/dds/ddsi/ddsi_locator.h
.f....og... unitree_sdk2/thirdparty/include/dds/ddsi/ddsi_mcgroup.h
.f....og... unitree_sdk2/thirdparty/include/dds/ddsi/ddsi_ownip.h
.f....og... unitree_sdk2/thirdparty/include/dds/ddsi/ddsi_participant.h
.f....og... unitree_sdk2/thirdparty/include/dds/ddsi/ddsi_plist.h
.f....og... unitree_sdk2/thirdparty/include/dds/ddsi/ddsi_plist_generic.h
.f....og... unitree_sdk2/thirdparty/include/dds/ddsi/ddsi_pmd.h
.f....og... unitree_sdk2/thirdparty/include/dds/ddsi/ddsi_portmapping.h
.f....og... unitree_sdk2/thirdparty/include/dds/ddsi/ddsi_proxy_endpoint.h
.f....og... unitree_sdk2/thirdparty/include/dds/ddsi/ddsi_proxy_participant.h
.f....og... unitree_sdk2/thirdparty/include/dds/ddsi/ddsi_raweth.h
.f....og... unitree_sdk2/thirdparty/include/dds/ddsi/ddsi_rhc.h
.f....og... unitree_sdk2/thirdparty/include/dds/ddsi/ddsi_security_exchange.h
.f....og... unitree_sdk2/thirdparty/include/dds/ddsi/ddsi_security_msg.h
.f....og... unitree_sdk2/thirdparty/include/dds/ddsi/ddsi_security_omg.h
.f....og... unitree_sdk2/thirdparty/include/dds/ddsi/ddsi_security_util.h
.f....og... unitree_sdk2/thirdparty/include/dds/ddsi/ddsi_serdata.h
.f....og... unitree_sdk2/thirdparty/include/dds/ddsi/ddsi_serdata_default.h
.f....og... unitree_sdk2/thirdparty/include/dds/ddsi/ddsi_serdata_plist.h
.f....og... unitree_sdk2/thirdparty/include/dds/ddsi/ddsi_serdata_pserop.h
.f....og... unitree_sdk2/thirdparty/include/dds/ddsi/ddsi_sertopic.h
.f....og... unitree_sdk2/thirdparty/include/dds/ddsi/ddsi_sertype.h
.f....og... unitree_sdk2/thirdparty/include/dds/ddsi/ddsi_shm_transport.h
.f....og... unitree_sdk2/thirdparty/include/dds/ddsi/ddsi_ssl.h
.f....og... unitree_sdk2/thirdparty/include/dds/ddsi/ddsi_statistics.h
.f....og... unitree_sdk2/thirdparty/include/dds/ddsi/ddsi_tcp.h
.f....og... unitree_sdk2/thirdparty/include/dds/ddsi/ddsi_threadmon.h
.f....og... unitree_sdk2/thirdparty/include/dds/ddsi/ddsi_time.h
.f....og... unitree_sdk2/thirdparty/include/dds/ddsi/ddsi_tkmap.h
.f....og... unitree_sdk2/thirdparty/include/dds/ddsi/ddsi_topic.h
.f....og... unitree_sdk2/thirdparty/include/dds/ddsi/ddsi_tran.h
.f....og... unitree_sdk2/thirdparty/include/dds/ddsi/ddsi_typebuilder.h
.f....og... unitree_sdk2/thirdparty/include/dds/ddsi/ddsi_typelib.h
.f....og... unitree_sdk2/thirdparty/include/dds/ddsi/ddsi_typelookup.h
.f....og... unitree_sdk2/thirdparty/include/dds/ddsi/ddsi_typewrap.h
.f....og... unitree_sdk2/thirdparty/include/dds/ddsi/ddsi_udp.h
.f....og... unitree_sdk2/thirdparty/include/dds/ddsi/ddsi_vendor.h
.f....og... unitree_sdk2/thirdparty/include/dds/ddsi/ddsi_vnet.h
.f....og... unitree_sdk2/thirdparty/include/dds/ddsi/ddsi_wraddrset.h
.f....og... unitree_sdk2/thirdparty/include/dds/ddsi/ddsi_xqos.h
.f....og... unitree_sdk2/thirdparty/include/dds/ddsi/ddsi_xt_impl.h
.f....og... unitree_sdk2/thirdparty/include/dds/ddsi/ddsi_xt_typeinfo.h
.f....og... unitree_sdk2/thirdparty/include/dds/ddsi/ddsi_xt_typeinfo.idl
.f....og... unitree_sdk2/thirdparty/include/dds/ddsi/ddsi_xt_typelookup.h
.f....og... unitree_sdk2/thirdparty/include/dds/ddsi/ddsi_xt_typelookup.idl
.f....og... unitree_sdk2/thirdparty/include/dds/ddsi/ddsi_xt_typemap.h
.f....og... unitree_sdk2/thirdparty/include/dds/ddsi/ddsi_xt_typemap.idl
.f....og... unitree_sdk2/thirdparty/include/dds/ddsi/q_addrset.h
.f....og... unitree_sdk2/thirdparty/include/dds/ddsi/q_bitset.h
.f....og... unitree_sdk2/thirdparty/include/dds/ddsi/q_bswap.h
.f....og... unitree_sdk2/thirdparty/include/dds/ddsi/q_ddsi_discovery.h
.f....og... unitree_sdk2/thirdparty/include/dds/ddsi/q_debmon.h
.f....og... unitree_sdk2/thirdparty/include/dds/ddsi/q_feature_check.h
.f....og... unitree_sdk2/thirdparty/include/dds/ddsi/q_freelist.h
.f....og... unitree_sdk2/thirdparty/include/dds/ddsi/q_gc.h
.f....og... unitree_sdk2/thirdparty/include/dds/ddsi/q_hbcontrol.h
.f....og... unitree_sdk2/thirdparty/include/dds/ddsi/q_init.h
.f....og... unitree_sdk2/thirdparty/include/dds/ddsi/q_inverse_uint32_set.h
.f....og... unitree_sdk2/thirdparty/include/dds/ddsi/q_lat_estim.h
.f....og... unitree_sdk2/thirdparty/include/dds/ddsi/q_lease.h
.f....og... unitree_sdk2/thirdparty/include/dds/ddsi/q_log.h
.f....og... unitree_sdk2/thirdparty/include/dds/ddsi/q_misc.h
.f....og... unitree_sdk2/thirdparty/include/dds/ddsi/q_pcap.h
.f....og... unitree_sdk2/thirdparty/include/dds/ddsi/q_protocol.h
.f....og... unitree_sdk2/thirdparty/include/dds/ddsi/q_qosmatch.h
.f....og... unitree_sdk2/thirdparty/include/dds/ddsi/q_radmin.h
.f....og... unitree_sdk2/thirdparty/include/dds/ddsi/q_receive.h
.f....og... unitree_sdk2/thirdparty/include/dds/ddsi/q_rtps.h
.f....og... unitree_sdk2/thirdparty/include/dds/ddsi/q_sockwaitset.h
.f....og... unitree_sdk2/thirdparty/include/dds/ddsi/q_thread.h
.f....og... unitree_sdk2/thirdparty/include/dds/ddsi/q_transmit.h
.f....og... unitree_sdk2/thirdparty/include/dds/ddsi/q_unused.h
.f....og... unitree_sdk2/thirdparty/include/dds/ddsi/q_whc.h
.f....og... unitree_sdk2/thirdparty/include/dds/ddsi/q_xevent.h
.f....og... unitree_sdk2/thirdparty/include/dds/ddsi/q_xmsg.h
.f....og... unitree_sdk2/thirdparty/include/dds/ddsi/sysdeps.h
.d....og... unitree_sdk2/thirdparty/include/dds/ddsrt/
.f....og... unitree_sdk2/thirdparty/include/dds/ddsrt/align.h
.f....og... unitree_sdk2/thirdparty/include/dds/ddsrt/arch.h
.f....og... unitree_sdk2/thirdparty/include/dds/ddsrt/atomics.h
.f....og... unitree_sdk2/thirdparty/include/dds/ddsrt/attributes.h
.f....og... unitree_sdk2/thirdparty/include/dds/ddsrt/avl.h
.f....og... unitree_sdk2/thirdparty/include/dds/ddsrt/bswap.h
.f....og... unitree_sdk2/thirdparty/include/dds/ddsrt/cdtors.h
.f....og... unitree_sdk2/thirdparty/include/dds/ddsrt/circlist.h
.f....og... unitree_sdk2/thirdparty/include/dds/ddsrt/countargs.h
.f....og... unitree_sdk2/thirdparty/include/dds/ddsrt/dynlib.h
.f....og... unitree_sdk2/thirdparty/include/dds/ddsrt/endian.h
.f....og... unitree_sdk2/thirdparty/include/dds/ddsrt/environ.h
.f....og... unitree_sdk2/thirdparty/include/dds/ddsrt/expand_vars.h
.f....og... unitree_sdk2/thirdparty/include/dds/ddsrt/fibheap.h
.f....og... unitree_sdk2/thirdparty/include/dds/ddsrt/filesystem.h
.f....og... unitree_sdk2/thirdparty/include/dds/ddsrt/heap.h
.f....og... unitree_sdk2/thirdparty/include/dds/ddsrt/hopscotch.h
.f....og... unitree_sdk2/thirdparty/include/dds/ddsrt/ifaddrs.h
.f....og... unitree_sdk2/thirdparty/include/dds/ddsrt/io.h
.f....og... unitree_sdk2/thirdparty/include/dds/ddsrt/iovec.h
.f....og... unitree_sdk2/thirdparty/include/dds/ddsrt/log.h
.f....og... unitree_sdk2/thirdparty/include/dds/ddsrt/md5.h
.f....og... unitree_sdk2/thirdparty/include/dds/ddsrt/mh3.h
.f....og... unitree_sdk2/thirdparty/include/dds/ddsrt/misc.h
.f....og... unitree_sdk2/thirdparty/include/dds/ddsrt/netstat.h
.f....og... unitree_sdk2/thirdparty/include/dds/ddsrt/process.h
.f....og... unitree_sdk2/thirdparty/include/dds/ddsrt/random.h
.f....og... unitree_sdk2/thirdparty/include/dds/ddsrt/retcode.h
.f....og... unitree_sdk2/thirdparty/include/dds/ddsrt/rusage.h
.f....og... unitree_sdk2/thirdparty/include/dds/ddsrt/sched.h
.f....og... unitree_sdk2/thirdparty/include/dds/ddsrt/sockets.h
.f....og... unitree_sdk2/thirdparty/include/dds/ddsrt/static_assert.h
.f....og... unitree_sdk2/thirdparty/include/dds/ddsrt/string.h
.f....og... unitree_sdk2/thirdparty/include/dds/ddsrt/strtod.h
.f....og... unitree_sdk2/thirdparty/include/dds/ddsrt/strtol.h
.f....og... unitree_sdk2/thirdparty/include/dds/ddsrt/sync.h
.f....og... unitree_sdk2/thirdparty/include/dds/ddsrt/threads.h
.f....og... unitree_sdk2/thirdparty/include/dds/ddsrt/time.h
.f....og... unitree_sdk2/thirdparty/include/dds/ddsrt/types.h
.f....og... unitree_sdk2/thirdparty/include/dds/ddsrt/xmlparser.h
.d....og... unitree_sdk2/thirdparty/include/dds/ddsrt/atomics/
.f....og... unitree_sdk2/thirdparty/include/dds/ddsrt/atomics/arm.h
.f....og... unitree_sdk2/thirdparty/include/dds/ddsrt/atomics/gcc.h
.f....og... unitree_sdk2/thirdparty/include/dds/ddsrt/atomics/msvc.h
.f....og... unitree_sdk2/thirdparty/include/dds/ddsrt/atomics/sun.h
.d....og... unitree_sdk2/thirdparty/include/dds/ddsrt/filesystem/
.f....og... unitree_sdk2/thirdparty/include/dds/ddsrt/filesystem/posix.h
.f....og... unitree_sdk2/thirdparty/include/dds/ddsrt/filesystem/windows.h
.d....og... unitree_sdk2/thirdparty/include/dds/ddsrt/sockets/
.f....og... unitree_sdk2/thirdparty/include/dds/ddsrt/sockets/posix.h
.f....og... unitree_sdk2/thirdparty/include/dds/ddsrt/sockets/windows.h
.d....og... unitree_sdk2/thirdparty/include/dds/ddsrt/sync/
.f....og... unitree_sdk2/thirdparty/include/dds/ddsrt/sync/freertos.h
.f....og... unitree_sdk2/thirdparty/include/dds/ddsrt/sync/posix.h
.f....og... unitree_sdk2/thirdparty/include/dds/ddsrt/sync/windows.h
.d....og... unitree_sdk2/thirdparty/include/dds/ddsrt/threads/
.f....og... unitree_sdk2/thirdparty/include/dds/ddsrt/threads/freertos.h
.f....og... unitree_sdk2/thirdparty/include/dds/ddsrt/threads/posix.h
.f....og... unitree_sdk2/thirdparty/include/dds/ddsrt/threads/windows.h
.d....og... unitree_sdk2/thirdparty/include/dds/ddsrt/time/
.f....og... unitree_sdk2/thirdparty/include/dds/ddsrt/time/freertos.h
.d....og... unitree_sdk2/thirdparty/include/dds/ddsrt/types/
.f....og... unitree_sdk2/thirdparty/include/dds/ddsrt/types/posix.h
.f....og... unitree_sdk2/thirdparty/include/dds/ddsrt/types/vxworks.h
.f....og... unitree_sdk2/thirdparty/include/dds/ddsrt/types/windows.h
.d....og... unitree_sdk2/thirdparty/include/ddsc/
.f....og... unitree_sdk2/thirdparty/include/ddsc/dds.h
.d....og... unitree_sdk2/thirdparty/include/ddscxx/
.d....og... unitree_sdk2/thirdparty/include/ddscxx/dds/
.f....og... unitree_sdk2/thirdparty/include/ddscxx/dds/LICENSE
.f....og... unitree_sdk2/thirdparty/include/ddscxx/dds/dds.hpp
.f....og... unitree_sdk2/thirdparty/include/ddscxx/dds/features.hpp
.d....og... unitree_sdk2/thirdparty/include/ddscxx/dds/core/
.f....og... unitree_sdk2/thirdparty/include/ddscxx/dds/core/BuiltinTopicTypes.hpp
.f....og... unitree_sdk2/thirdparty/include/ddscxx/dds/core/Duration.hpp
.f....og... unitree_sdk2/thirdparty/include/ddscxx/dds/core/Entity.hpp
.f....og... unitree_sdk2/thirdparty/include/ddscxx/dds/core/Exception.hpp
.f....og... unitree_sdk2/thirdparty/include/ddscxx/dds/core/External.hpp
.f....og... unitree_sdk2/thirdparty/include/ddscxx/dds/core/InstanceHandle.hpp
.f....og... unitree_sdk2/thirdparty/include/ddscxx/dds/core/LengthUnlimited.hpp
.f....og... unitree_sdk2/thirdparty/include/ddscxx/dds/core/Optional.hpp
.f....og... unitree_sdk2/thirdparty/include/ddscxx/dds/core/QosProvider.hpp
.f....og... unitree_sdk2/thirdparty/include/ddscxx/dds/core/Reference.hpp
.f....og... unitree_sdk2/thirdparty/include/ddscxx/dds/core/SafeEnumeration.hpp
.f....og... unitree_sdk2/thirdparty/include/ddscxx/dds/core/TBuiltinTopicTypes.hpp
.f....og... unitree_sdk2/thirdparty/include/ddscxx/dds/core/TEntity.hpp
.f....og... unitree_sdk2/thirdparty/include/ddscxx/dds/core/TEntityQos.hpp
.f....og... unitree_sdk2/thirdparty/include/ddscxx/dds/core/TInstanceHandle.hpp
.f....og... unitree_sdk2/thirdparty/include/ddscxx/dds/core/TQosProvider.hpp
.f....og... unitree_sdk2/thirdparty/include/ddscxx/dds/core/Time.hpp
.f....og... unitree_sdk2/thirdparty/include/ddscxx/dds/core/Value.hpp
.f....og... unitree_sdk2/thirdparty/include/ddscxx/dds/core/WeakReference.hpp
.f....og... unitree_sdk2/thirdparty/include/ddscxx/dds/core/array.hpp
.f....og... unitree_sdk2/thirdparty/include/ddscxx/dds/core/conformance.hpp
.f....og... unitree_sdk2/thirdparty/include/ddscxx/dds/core/ddscore.hpp
.f....og... unitree_sdk2/thirdparty/include/ddscxx/dds/core/macros.hpp
.f....og... unitree_sdk2/thirdparty/include/ddscxx/dds/core/ref_traits.hpp
.f....og... unitree_sdk2/thirdparty/include/ddscxx/dds/core/refmacros.hpp
.f....og... unitree_sdk2/thirdparty/include/ddscxx/dds/core/types.hpp
.d....og... unitree_sdk2/thirdparty/include/ddscxx/dds/core/cond/
.f....og... unitree_sdk2/thirdparty/include/ddscxx/dds/core/cond/Condition.hpp
.f....og... unitree_sdk2/thirdparty/include/ddscxx/dds/core/cond/GuardCondition.hpp
.f....og... unitree_sdk2/thirdparty/include/ddscxx/dds/core/cond/StatusCondition.hpp
.f....og... unitree_sdk2/thirdparty/include/ddscxx/dds/core/cond/TCondition.hpp
.f....og... unitree_sdk2/thirdparty/include/ddscxx/dds/core/cond/TGuardCondition.hpp
.f....og... unitree_sdk2/thirdparty/include/ddscxx/dds/core/cond/TStatusCondition.hpp
.f....og... unitree_sdk2/thirdparty/include/ddscxx/dds/core/cond/TWaitSet.hpp
.f....og... unitree_sdk2/thirdparty/include/ddscxx/dds/core/cond/WaitSet.hpp
.d....og... unitree_sdk2/thirdparty/include/ddscxx/dds/core/cond/detail/
.f....og... unitree_sdk2/thirdparty/include/ddscxx/dds/core/cond/detail/Condition.hpp
.f....og... unitree_sdk2/thirdparty/include/ddscxx/dds/core/cond/detail/GuardCondition.hpp
.f....og... unitree_sdk2/thirdparty/include/ddscxx/dds/core/cond/detail/StatusCondition.hpp
.f....og... unitree_sdk2/thirdparty/include/ddscxx/dds/core/cond/detail/TConditionImpl.hpp
.f....og... unitree_sdk2/thirdparty/include/ddscxx/dds/core/cond/detail/TGuardConditionImpl.hpp
.f....og... unitree_sdk2/thirdparty/include/ddscxx/dds/core/cond/detail/TStatusConditionImpl.hpp
.f....og... unitree_sdk2/thirdparty/include/ddscxx/dds/core/cond/detail/TWaitSetImpl.hpp
.f....og... unitree_sdk2/thirdparty/include/ddscxx/dds/core/cond/detail/WaitSet.hpp
.d....og... unitree_sdk2/thirdparty/include/ddscxx/dds/core/detail/
.f....og... unitree_sdk2/thirdparty/include/ddscxx/dds/core/detail/BuiltinTopicTypes.hpp
.f....og... unitree_sdk2/thirdparty/include/ddscxx/dds/core/detail/Entity.hpp
.f....og... unitree_sdk2/thirdparty/include/ddscxx/dds/core/detail/InstanceHandle.hpp
.f....og... unitree_sdk2/thirdparty/include/ddscxx/dds/core/detail/QosProvider.hpp
.f....og... unitree_sdk2/thirdparty/include/ddscxx/dds/core/detail/ReferenceImpl.hpp
.f....og... unitree_sdk2/thirdparty/include/ddscxx/dds/core/detail/TEntityImpl.hpp
.f....og... unitree_sdk2/thirdparty/include/ddscxx/dds/core/detail/TEntityQosImpl.hpp
.f....og... unitree_sdk2/thirdparty/include/ddscxx/dds/core/detail/TInstanceHandleImpl.hpp
.f....og... unitree_sdk2/thirdparty/include/ddscxx/dds/core/detail/TQosProviderImpl.hpp
.f....og... unitree_sdk2/thirdparty/include/ddscxx/dds/core/detail/Value.hpp
.f....og... unitree_sdk2/thirdparty/include/ddscxx/dds/core/detail/WeakReferenceImpl.hpp
.f....og... unitree_sdk2/thirdparty/include/ddscxx/dds/core/detail/array.hpp
.f....og... unitree_sdk2/thirdparty/include/ddscxx/dds/core/detail/conformance.hpp
.f....og... unitree_sdk2/thirdparty/include/ddscxx/dds/core/detail/ddscore.hpp
.f....og... unitree_sdk2/thirdparty/include/ddscxx/dds/core/detail/export.hpp
.f....og... unitree_sdk2/thirdparty/include/ddscxx/dds/core/detail/inttypes.hpp
.f....og... unitree_sdk2/thirdparty/include/ddscxx/dds/core/detail/macros.hpp
.f....og... unitree_sdk2/thirdparty/include/ddscxx/dds/core/detail/module_docs.hpp
.f....og... unitree_sdk2/thirdparty/include/ddscxx/dds/core/detail/old_win_stdint.h
.f....og... unitree_sdk2/thirdparty/include/ddscxx/dds/core/detail/ref_traits.hpp
.d....og... unitree_sdk2/thirdparty/include/ddscxx/dds/core/policy/
.f....og... unitree_sdk2/thirdparty/include/ddscxx/dds/core/policy/CorePolicy.hpp
.f....og... unitree_sdk2/thirdparty/include/ddscxx/dds/core/policy/PolicyKind.hpp
.f....og... unitree_sdk2/thirdparty/include/ddscxx/dds/core/policy/QosPolicyCount.hpp
.f....og... unitree_sdk2/thirdparty/include/ddscxx/dds/core/policy/TCorePolicy.hpp
.f....og... unitree_sdk2/thirdparty/include/ddscxx/dds/core/policy/TQosPolicyCount.hpp
.d....og... unitree_sdk2/thirdparty/include/ddscxx/dds/core/policy/detail/
.f....og... unitree_sdk2/thirdparty/include/ddscxx/dds/core/policy/detail/CorePolicy.hpp
.f....og... unitree_sdk2/thirdparty/include/ddscxx/dds/core/policy/detail/QosPolicyCount.hpp
.f....og... unitree_sdk2/thirdparty/include/ddscxx/dds/core/policy/detail/TCorePolicyImpl.hpp
.f....og... unitree_sdk2/thirdparty/include/ddscxx/dds/core/policy/detail/TQosPolicyCountImpl.hpp
.d....og... unitree_sdk2/thirdparty/include/ddscxx/dds/core/status/
.f....og... unitree_sdk2/thirdparty/include/ddscxx/dds/core/status/State.hpp
.f....og... unitree_sdk2/thirdparty/include/ddscxx/dds/core/status/Status.hpp
.f....og... unitree_sdk2/thirdparty/include/ddscxx/dds/core/status/TStatus.hpp
.d....og... unitree_sdk2/thirdparty/include/ddscxx/dds/core/status/detail/
.f....og... unitree_sdk2/thirdparty/include/ddscxx/dds/core/status/detail/Status.hpp
.f....og... unitree_sdk2/thirdparty/include/ddscxx/dds/core/status/detail/TStatusImpl.hpp
.d....og... unitree_sdk2/thirdparty/include/ddscxx/dds/core/xtypes/
.f....og... unitree_sdk2/thirdparty/include/ddscxx/dds/core/xtypes/Annotations.hpp
.f....og... unitree_sdk2/thirdparty/include/ddscxx/dds/core/xtypes/CollectionTypes.hpp
.f....og... unitree_sdk2/thirdparty/include/ddscxx/dds/core/xtypes/DynamicData.hpp
.f....og... unitree_sdk2/thirdparty/include/ddscxx/dds/core/xtypes/DynamicType.hpp
.f....og... unitree_sdk2/thirdparty/include/ddscxx/dds/core/xtypes/MemberType.hpp
.f....og... unitree_sdk2/thirdparty/include/ddscxx/dds/core/xtypes/PrimitiveTypes.hpp
.f....og... unitree_sdk2/thirdparty/include/ddscxx/dds/core/xtypes/StructType.hpp
.f....og... unitree_sdk2/thirdparty/include/ddscxx/dds/core/xtypes/TAnnotation.hpp
.f....og... unitree_sdk2/thirdparty/include/ddscxx/dds/core/xtypes/TCollectionTypes.hpp
.f....og... unitree_sdk2/thirdparty/include/ddscxx/dds/core/xtypes/TDynamicData.hpp
.f....og... unitree_sdk2/thirdparty/include/ddscxx/dds/core/xtypes/TDynamicType.hpp
.f....og... unitree_sdk2/thirdparty/include/ddscxx/dds/core/xtypes/TMemberType.hpp
.f....og... unitree_sdk2/thirdparty/include/ddscxx/dds/core/xtypes/TStructType.hpp
.f....og... unitree_sdk2/thirdparty/include/ddscxx/dds/core/xtypes/TTypeProvider.hpp
.f....og... unitree_sdk2/thirdparty/include/ddscxx/dds/core/xtypes/TypeKind.hpp
.f....og... unitree_sdk2/thirdparty/include/ddscxx/dds/core/xtypes/TypeProvider.hpp
.f....og... unitree_sdk2/thirdparty/include/ddscxx/dds/core/xtypes/UnionCase.hpp
.f....og... unitree_sdk2/thirdparty/include/ddscxx/dds/core/xtypes/UnionType.hpp
.d....og... unitree_sdk2/thirdparty/include/ddscxx/dds/core/xtypes/detail/
.f....og... unitree_sdk2/thirdparty/include/ddscxx/dds/core/xtypes/detail/Annotation.hpp
.f....og... unitree_sdk2/thirdparty/include/ddscxx/dds/core/xtypes/detail/CollectionTypes.hpp
.f....og... unitree_sdk2/thirdparty/include/ddscxx/dds/core/xtypes/detail/DynamicData.hpp
.f....og... unitree_sdk2/thirdparty/include/ddscxx/dds/core/xtypes/detail/DynamicType.hpp
.f....og... unitree_sdk2/thirdparty/include/ddscxx/dds/core/xtypes/detail/MemberType.hpp
.f....og... unitree_sdk2/thirdparty/include/ddscxx/dds/core/xtypes/detail/PrimitiveTypes.hpp
.f....og... unitree_sdk2/thirdparty/include/ddscxx/dds/core/xtypes/detail/StructType.hpp
.f....og... unitree_sdk2/thirdparty/include/ddscxx/dds/core/xtypes/detail/TypeProvider.hpp
.f....og... unitree_sdk2/thirdparty/include/ddscxx/dds/core/xtypes/detail/UnionCase.hpp
.f....og... unitree_sdk2/thirdparty/include/ddscxx/dds/core/xtypes/detail/UnionType.hpp
.d....og... unitree_sdk2/thirdparty/include/ddscxx/dds/domain/
.f....og... unitree_sdk2/thirdparty/include/ddscxx/dds/domain/DomainParticipant.hpp
.f....og... unitree_sdk2/thirdparty/include/ddscxx/dds/domain/DomainParticipantListener.hpp
.f....og... unitree_sdk2/thirdparty/include/ddscxx/dds/domain/TDomainParticipant.hpp
.f....og... unitree_sdk2/thirdparty/include/ddscxx/dds/domain/ddsdomain.hpp
.f....og... unitree_sdk2/thirdparty/include/ddscxx/dds/domain/discovery.hpp
.f....og... unitree_sdk2/thirdparty/include/ddscxx/dds/domain/find.hpp
.d....og... unitree_sdk2/thirdparty/include/ddscxx/dds/domain/detail/
.f....og... unitree_sdk2/thirdparty/include/ddscxx/dds/domain/detail/DomainParticipant.hpp
.f....og... unitree_sdk2/thirdparty/include/ddscxx/dds/domain/detail/TDomainParticipantImpl.hpp
.f....og... unitree_sdk2/thirdparty/include/ddscxx/dds/domain/detail/ddsdomain.hpp
.d....og... unitree_sdk2/thirdparty/include/ddscxx/dds/domain/qos/
.f....og... unitree_sdk2/thirdparty/include/ddscxx/dds/domain/qos/DomainParticipantQos.hpp
.d....og... unitree_sdk2/thirdparty/include/ddscxx/dds/domain/qos/detail/
.f....og... unitree_sdk2/thirdparty/include/ddscxx/dds/domain/qos/detail/DomainParticipantQos.hpp
.d....og... unitree_sdk2/thirdparty/include/ddscxx/dds/pub/
.f....og... unitree_sdk2/thirdparty/include/ddscxx/dds/pub/AnyDataWriter.hpp
.f....og... unitree_sdk2/thirdparty/include/ddscxx/dds/pub/AnyDataWriterListener.hpp
.f....og... unitree_sdk2/thirdparty/include/ddscxx/dds/pub/CoherentSet.hpp
.f....og... unitree_sdk2/thirdparty/include/ddscxx/dds/pub/DataWriter.hpp
.f....og... unitree_sdk2/thirdparty/include/ddscxx/dds/pub/DataWriterListener.hpp
.f....og... unitree_sdk2/thirdparty/include/ddscxx/dds/pub/Publisher.hpp
.f....og... unitree_sdk2/thirdparty/include/ddscxx/dds/pub/PublisherListener.hpp
.f....og... unitree_sdk2/thirdparty/include/ddscxx/dds/pub/SuspendedPublication.hpp
.f....og... unitree_sdk2/thirdparty/include/ddscxx/dds/pub/TAnyDataWriter.hpp
.f....og... unitree_sdk2/thirdparty/include/ddscxx/dds/pub/TCoherentSet.hpp
.f....og... unitree_sdk2/thirdparty/include/ddscxx/dds/pub/TPublisher.hpp
.f....og... unitree_sdk2/thirdparty/include/ddscxx/dds/pub/TSuspendedPublication.hpp
.f....og... unitree_sdk2/thirdparty/include/ddscxx/dds/pub/ddspub.hpp
.f....og... unitree_sdk2/thirdparty/include/ddscxx/dds/pub/discovery.hpp
.f....og... unitree_sdk2/thirdparty/include/ddscxx/dds/pub/find.hpp
.d....og... unitree_sdk2/thirdparty/include/ddscxx/dds/pub/detail/
.f....og... unitree_sdk2/thirdparty/include/ddscxx/dds/pub/detail/AnyDataWriter.hpp
.f....og... unitree_sdk2/thirdparty/include/ddscxx/dds/pub/detail/CoherentSet.hpp
.f....og... unitree_sdk2/thirdparty/include/ddscxx/dds/pub/detail/DataWriter.hpp
.f....og... unitree_sdk2/thirdparty/include/ddscxx/dds/pub/detail/DataWriterImpl.hpp
.f....og... unitree_sdk2/thirdparty/include/ddscxx/dds/pub/detail/Publisher.hpp
.f....og... unitree_sdk2/thirdparty/include/ddscxx/dds/pub/detail/SuspendedPublication.hpp
.f....og... unitree_sdk2/thirdparty/include/ddscxx/dds/pub/detail/TAnyDataWriterImpl.hpp
.f....og... unitree_sdk2/thirdparty/include/ddscxx/dds/pub/detail/TCoherentSetImpl.hpp
.f....og... unitree_sdk2/thirdparty/include/ddscxx/dds/pub/detail/TPublisherImpl.hpp
.f....og... unitree_sdk2/thirdparty/include/ddscxx/dds/pub/detail/TSuspendedPublicationImpl.hpp
.f....og... unitree_sdk2/thirdparty/include/ddscxx/dds/pub/detail/ddspub.hpp
.f....og... unitree_sdk2/thirdparty/include/ddscxx/dds/pub/detail/discovery.hpp
.f....og... unitree_sdk2/thirdparty/include/ddscxx/dds/pub/detail/find.hpp
.d....og... unitree_sdk2/thirdparty/include/ddscxx/dds/pub/qos/
.f....og... unitree_sdk2/thirdparty/include/ddscxx/dds/pub/qos/DataWriterQos.hpp
.f....og... unitree_sdk2/thirdparty/include/ddscxx/dds/pub/qos/PublisherQos.hpp
.d....og... unitree_sdk2/thirdparty/include/ddscxx/dds/pub/qos/detail/
.f....og... unitree_sdk2/thirdparty/include/ddscxx/dds/pub/qos/detail/DataWriterQos.hpp
.f....og... unitree_sdk2/thirdparty/include/ddscxx/dds/pub/qos/detail/PublisherQos.hpp
.d....og... unitree_sdk2/thirdparty/include/ddscxx/dds/sub/
.f....og... unitree_sdk2/thirdparty/include/ddscxx/dds/sub/AnyDataReader.hpp
.f....og... unitree_sdk2/thirdparty/include/ddscxx/dds/sub/AnyDataReaderListener.hpp
.f....og... unitree_sdk2/thirdparty/include/ddscxx/dds/sub/CoherentAccess.hpp
.f....og... unitree_sdk2/thirdparty/include/ddscxx/dds/sub/DataReader.hpp
.f....og... unitree_sdk2/thirdparty/include/ddscxx/dds/sub/DataReaderListener.hpp
.f....og... unitree_sdk2/thirdparty/include/ddscxx/dds/sub/GenerationCount.hpp
.f....og... unitree_sdk2/thirdparty/include/ddscxx/dds/sub/LoanedSamples.hpp
.f....og... unitree_sdk2/thirdparty/include/ddscxx/dds/sub/Query.hpp
.f....og... unitree_sdk2/thirdparty/include/ddscxx/dds/sub/Rank.hpp
.f....og... unitree_sdk2/thirdparty/include/ddscxx/dds/sub/Sample.hpp
.f....og... unitree_sdk2/thirdparty/include/ddscxx/dds/sub/SampleInfo.hpp
.f....og... unitree_sdk2/thirdparty/include/ddscxx/dds/sub/SampleRef.hpp
.f....og... unitree_sdk2/thirdparty/include/ddscxx/dds/sub/SharedSamples.hpp
.f....og... unitree_sdk2/thirdparty/include/ddscxx/dds/sub/Subscriber.hpp
.f....og... unitree_sdk2/thirdparty/include/ddscxx/dds/sub/SubscriberListener.hpp
.f....og... unitree_sdk2/thirdparty/include/ddscxx/dds/sub/TAnyDataReader.hpp
.f....og... unitree_sdk2/thirdparty/include/ddscxx/dds/sub/TCoherentAccess.hpp
.f....og... unitree_sdk2/thirdparty/include/ddscxx/dds/sub/TDataReader.hpp
.f....og... unitree_sdk2/thirdparty/include/ddscxx/dds/sub/TGenerationCount.hpp
.f....og... unitree_sdk2/thirdparty/include/ddscxx/dds/sub/TQuery.hpp
.f....og... unitree_sdk2/thirdparty/include/ddscxx/dds/sub/TRank.hpp
.f....og... unitree_sdk2/thirdparty/include/ddscxx/dds/sub/TSample.hpp
.f....og... unitree_sdk2/thirdparty/include/ddscxx/dds/sub/TSampleInfo.hpp
.f....og... unitree_sdk2/thirdparty/include/ddscxx/dds/sub/TSampleRef.hpp
.f....og... unitree_sdk2/thirdparty/include/ddscxx/dds/sub/TSubscriber.hpp
.f....og... unitree_sdk2/thirdparty/include/ddscxx/dds/sub/ddssub.hpp
.f....og... unitree_sdk2/thirdparty/include/ddscxx/dds/sub/discovery.hpp
.f....og... unitree_sdk2/thirdparty/include/ddscxx/dds/sub/find.hpp
.d....og... unitree_sdk2/thirdparty/include/ddscxx/dds/sub/cond/
.f....og... unitree_sdk2/thirdparty/include/ddscxx/dds/sub/cond/QueryCondition.hpp
.f....og... unitree_sdk2/thirdparty/include/ddscxx/dds/sub/cond/ReadCondition.hpp
.f....og... unitree_sdk2/thirdparty/include/ddscxx/dds/sub/cond/TQueryCondition.hpp
.f....og... unitree_sdk2/thirdparty/include/ddscxx/dds/sub/cond/TReadCondition.hpp
.d....og... unitree_sdk2/thirdparty/include/ddscxx/dds/sub/cond/detail/
.f....og... unitree_sdk2/thirdparty/include/ddscxx/dds/sub/cond/detail/QueryCondition.hpp
.f....og... unitree_sdk2/thirdparty/include/ddscxx/dds/sub/cond/detail/ReadCondition.hpp
.f....og... unitree_sdk2/thirdparty/include/ddscxx/dds/sub/cond/detail/TQueryConditionImpl.hpp
.f....og... unitree_sdk2/thirdparty/include/ddscxx/dds/sub/cond/detail/TReadConditionImpl.hpp
.d....og... unitree_sdk2/thirdparty/include/ddscxx/dds/sub/detail/
.f....og... unitree_sdk2/thirdparty/include/ddscxx/dds/sub/detail/AnyDataReader.hpp
.f....og... unitree_sdk2/thirdparty/include/ddscxx/dds/sub/detail/CoherentAccess.hpp
.f....og... unitree_sdk2/thirdparty/include/ddscxx/dds/sub/detail/DataReader.hpp
.f....og... unitree_sdk2/thirdparty/include/ddscxx/dds/sub/detail/GenerationCount.hpp
.f....og... unitree_sdk2/thirdparty/include/ddscxx/dds/sub/detail/LoanedSamples.hpp
.f....og... unitree_sdk2/thirdparty/include/ddscxx/dds/sub/detail/LoanedSamplesImpl.hpp
.f....og... unitree_sdk2/thirdparty/include/ddscxx/dds/sub/detail/Manipulators.hpp
.f....og... unitree_sdk2/thirdparty/include/ddscxx/dds/sub/detail/Query.hpp
.f....og... unitree_sdk2/thirdparty/include/ddscxx/dds/sub/detail/Rank.hpp
.f....og... unitree_sdk2/thirdparty/include/ddscxx/dds/sub/detail/Sample.hpp
.f....og... unitree_sdk2/thirdparty/include/ddscxx/dds/sub/detail/SampleInfo.hpp
.f....og... unitree_sdk2/thirdparty/include/ddscxx/dds/sub/detail/SampleRef.hpp
.f....og... unitree_sdk2/thirdparty/include/ddscxx/dds/sub/detail/SamplesHolder.hpp
.f....og... unitree_sdk2/thirdparty/include/ddscxx/dds/sub/detail/SharedSamples.hpp
.f....og... unitree_sdk2/thirdparty/include/ddscxx/dds/sub/detail/SharedSamplesImpl.hpp
.f....og... unitree_sdk2/thirdparty/include/ddscxx/dds/sub/detail/Subscriber.hpp
.f....og... unitree_sdk2/thirdparty/include/ddscxx/dds/sub/detail/TAnyDataReaderImpl.hpp
.f....og... unitree_sdk2/thirdparty/include/ddscxx/dds/sub/detail/TCoherentAccessImpl.hpp
.f....og... unitree_sdk2/thirdparty/include/ddscxx/dds/sub/detail/TDataReaderImpl.hpp
.f....og... unitree_sdk2/thirdparty/include/ddscxx/dds/sub/detail/TGenerationCountImpl.hpp
.f....og... unitree_sdk2/thirdparty/include/ddscxx/dds/sub/detail/TQueryImpl.hpp
.f....og... unitree_sdk2/thirdparty/include/ddscxx/dds/sub/detail/TRankImpl.hpp
.f....og... unitree_sdk2/thirdparty/include/ddscxx/dds/sub/detail/TSampleImpl.hpp
.f....og... unitree_sdk2/thirdparty/include/ddscxx/dds/sub/detail/TSampleInfoImpl.hpp
.f....og... unitree_sdk2/thirdparty/include/ddscxx/dds/sub/detail/TSampleRefImpl.hpp
.f....og... unitree_sdk2/thirdparty/include/ddscxx/dds/sub/detail/TSubscriberImpl.hpp
.f....og... unitree_sdk2/thirdparty/include/ddscxx/dds/sub/detail/ddssub.hpp
.f....og... unitree_sdk2/thirdparty/include/ddscxx/dds/sub/detail/discovery.hpp
.f....og... unitree_sdk2/thirdparty/include/ddscxx/dds/sub/detail/find.hpp
.d....og... unitree_sdk2/thirdparty/include/ddscxx/dds/sub/qos/
.f....og... unitree_sdk2/thirdparty/include/ddscxx/dds/sub/qos/DataReaderQos.hpp
.f....og... unitree_sdk2/thirdparty/include/ddscxx/dds/sub/qos/SubscriberQos.hpp
.d....og... unitree_sdk2/thirdparty/include/ddscxx/dds/sub/qos/detail/
.f....og... unitree_sdk2/thirdparty/include/ddscxx/dds/sub/qos/detail/DataReaderQos.hpp
.f....og... unitree_sdk2/thirdparty/include/ddscxx/dds/sub/qos/detail/SubscriberQos.hpp
.d....og... unitree_sdk2/thirdparty/include/ddscxx/dds/sub/status/
.f....og... unitree_sdk2/thirdparty/include/ddscxx/dds/sub/status/DataState.hpp
.d....og... unitree_sdk2/thirdparty/include/ddscxx/dds/sub/status/detail/
.f....og... unitree_sdk2/thirdparty/include/ddscxx/dds/sub/status/detail/DataStateImpl.hpp
.d....og... unitree_sdk2/thirdparty/include/ddscxx/dds/topic/
.f....og... unitree_sdk2/thirdparty/include/ddscxx/dds/topic/AnyTopic.hpp
.f....og... unitree_sdk2/thirdparty/include/ddscxx/dds/topic/AnyTopicListener.hpp
.f....og... unitree_sdk2/thirdparty/include/ddscxx/dds/topic/BuiltinTopic.hpp
.f....og... unitree_sdk2/thirdparty/include/ddscxx/dds/topic/BuiltinTopicKey.hpp
.f....og... unitree_sdk2/thirdparty/include/ddscxx/dds/topic/ContentFilteredTopic.hpp
.f....og... unitree_sdk2/thirdparty/include/ddscxx/dds/topic/Filter.hpp
.f....og... unitree_sdk2/thirdparty/include/ddscxx/dds/topic/MultiTopic.hpp
.f....og... unitree_sdk2/thirdparty/include/ddscxx/dds/topic/TAnyTopic.hpp
.f....og... unitree_sdk2/thirdparty/include/ddscxx/dds/topic/TBuiltinTopic.hpp
.f....og... unitree_sdk2/thirdparty/include/ddscxx/dds/topic/TBuiltinTopicKey.hpp
.f....og... unitree_sdk2/thirdparty/include/ddscxx/dds/topic/TContentFilteredTopic.hpp
.f....og... unitree_sdk2/thirdparty/include/ddscxx/dds/topic/TFilter.hpp
.f....og... unitree_sdk2/thirdparty/include/ddscxx/dds/topic/TMultiTopic.hpp
.f....og... unitree_sdk2/thirdparty/include/ddscxx/dds/topic/TTopic.hpp
.f....og... unitree_sdk2/thirdparty/include/ddscxx/dds/topic/TTopicDescription.hpp
.f....og... unitree_sdk2/thirdparty/include/ddscxx/dds/topic/Topic.hpp
.f....og... unitree_sdk2/thirdparty/include/ddscxx/dds/topic/TopicDescription.hpp
.f....og... unitree_sdk2/thirdparty/include/ddscxx/dds/topic/TopicInstance.hpp
.f....og... unitree_sdk2/thirdparty/include/ddscxx/dds/topic/TopicListener.hpp
.f....og... unitree_sdk2/thirdparty/include/ddscxx/dds/topic/TopicTraits.hpp
.f....og... unitree_sdk2/thirdparty/include/ddscxx/dds/topic/ddstopic.hpp
.f....og... unitree_sdk2/thirdparty/include/ddscxx/dds/topic/discovery.hpp
.f....og... unitree_sdk2/thirdparty/include/ddscxx/dds/topic/find.hpp
.d....og... unitree_sdk2/thirdparty/include/ddscxx/dds/topic/detail/
.f....og... unitree_sdk2/thirdparty/include/ddscxx/dds/topic/detail/AnyTopic.hpp
.f....og... unitree_sdk2/thirdparty/include/ddscxx/dds/topic/detail/BuiltinTopic.hpp
.f....og... unitree_sdk2/thirdparty/include/ddscxx/dds/topic/detail/BuiltinTopicKey.hpp
.f....og... unitree_sdk2/thirdparty/include/ddscxx/dds/topic/detail/ContentFilteredTopic.hpp
.f....og... unitree_sdk2/thirdparty/include/ddscxx/dds/topic/detail/Filter.hpp
.f....og... unitree_sdk2/thirdparty/include/ddscxx/dds/topic/detail/MultiTopic.hpp
.f....og... unitree_sdk2/thirdparty/include/ddscxx/dds/topic/detail/TAnyTopicImpl.hpp
.f....og... unitree_sdk2/thirdparty/include/ddscxx/dds/topic/detail/TBuiltinTopicImpl.hpp
.f....og... unitree_sdk2/thirdparty/include/ddscxx/dds/topic/detail/TBuiltinTopicKeyImpl.hpp
.f....og... unitree_sdk2/thirdparty/include/ddscxx/dds/topic/detail/TContentFilteredTopicImpl.hpp
.f....og... unitree_sdk2/thirdparty/include/ddscxx/dds/topic/detail/TFilterImpl.hpp
.f....og... unitree_sdk2/thirdparty/include/ddscxx/dds/topic/detail/TTopicDescriptionImpl.hpp
.f....og... unitree_sdk2/thirdparty/include/ddscxx/dds/topic/detail/TTopicImpl.hpp
.f....og... unitree_sdk2/thirdparty/include/ddscxx/dds/topic/detail/Topic.hpp
.f....og... unitree_sdk2/thirdparty/include/ddscxx/dds/topic/detail/TopicDescription.hpp
.f....og... unitree_sdk2/thirdparty/include/ddscxx/dds/topic/detail/TopicInstanceImpl.hpp
.f....og... unitree_sdk2/thirdparty/include/ddscxx/dds/topic/detail/ddstopic.hpp
.f....og... unitree_sdk2/thirdparty/include/ddscxx/dds/topic/detail/discovery.hpp
.f....og... unitree_sdk2/thirdparty/include/ddscxx/dds/topic/detail/find.hpp
.d....og... unitree_sdk2/thirdparty/include/ddscxx/dds/topic/qos/
.f....og... unitree_sdk2/thirdparty/include/ddscxx/dds/topic/qos/TopicQos.hpp
.d....og... unitree_sdk2/thirdparty/include/ddscxx/dds/topic/qos/detail/
.f....og... unitree_sdk2/thirdparty/include/ddscxx/dds/topic/qos/detail/TopicQos.hpp
.d....og... unitree_sdk2/thirdparty/include/ddscxx/org/
.d....og... unitree_sdk2/thirdparty/include/ddscxx/org/eclipse/
.d....og... unitree_sdk2/thirdparty/include/ddscxx/org/eclipse/cyclonedds/
.f....og... unitree_sdk2/thirdparty/include/ddscxx/org/eclipse/cyclonedds/ForwardDeclarations.hpp
.d....og... unitree_sdk2/thirdparty/include/ddscxx/org/eclipse/cyclonedds/core/
.f....og... unitree_sdk2/thirdparty/include/ddscxx/org/eclipse/cyclonedds/core/DDScObjectDelegate.hpp
.f....og... unitree_sdk2/thirdparty/include/ddscxx/org/eclipse/cyclonedds/core/EntityDelegate.hpp
.f....og... unitree_sdk2/thirdparty/include/ddscxx/org/eclipse/cyclonedds/core/EntityRegistry.hpp
.f....og... unitree_sdk2/thirdparty/include/ddscxx/org/eclipse/cyclonedds/core/EntitySet.hpp
.f....og... unitree_sdk2/thirdparty/include/ddscxx/org/eclipse/cyclonedds/core/InstanceHandleDelegate.hpp
.f....og... unitree_sdk2/thirdparty/include/ddscxx/org/eclipse/cyclonedds/core/ListenerDispatcher.hpp
.f....og... unitree_sdk2/thirdparty/include/ddscxx/org/eclipse/cyclonedds/core/MiscUtils.hpp
.f....og... unitree_sdk2/thirdparty/include/ddscxx/org/eclipse/cyclonedds/core/Missing.hpp
.f....og... unitree_sdk2/thirdparty/include/ddscxx/org/eclipse/cyclonedds/core/Mutex.hpp
.f....og... unitree_sdk2/thirdparty/include/ddscxx/org/eclipse/cyclonedds/core/ObjectDelegate.hpp
.f....og... unitree_sdk2/thirdparty/include/ddscxx/org/eclipse/cyclonedds/core/ObjectSet.hpp
.f....og... unitree_sdk2/thirdparty/include/ddscxx/org/eclipse/cyclonedds/core/QosProviderDelegate.hpp
.f....og... unitree_sdk2/thirdparty/include/ddscxx/org/eclipse/cyclonedds/core/ReportUtils.hpp
.f....og... unitree_sdk2/thirdparty/include/ddscxx/org/eclipse/cyclonedds/core/ScopedLock.hpp
.f....og... unitree_sdk2/thirdparty/include/ddscxx/org/eclipse/cyclonedds/core/TimeHelper.hpp
.f....og... unitree_sdk2/thirdparty/include/ddscxx/org/eclipse/cyclonedds/core/WeakReferenceSet.hpp
.f....og... unitree_sdk2/thirdparty/include/ddscxx/org/eclipse/cyclonedds/core/config.hpp
.f....og... unitree_sdk2/thirdparty/include/ddscxx/org/eclipse/cyclonedds/core/type_helpers.hpp
.d....og... unitree_sdk2/thirdparty/include/ddscxx/org/eclipse/cyclonedds/core/cdr/
.f....og... unitree_sdk2/thirdparty/include/ddscxx/org/eclipse/cyclonedds/core/cdr/basic_cdr_ser.hpp
.f....og... unitree_sdk2/thirdparty/include/ddscxx/org/eclipse/cyclonedds/core/cdr/cdr_enums.hpp
.f....og... unitree_sdk2/thirdparty/include/ddscxx/org/eclipse/cyclonedds/core/cdr/cdr_stream.hpp
.f....og... unitree_sdk2/thirdparty/include/ddscxx/org/eclipse/cyclonedds/core/cdr/entity_properties.hpp
.f....og... unitree_sdk2/thirdparty/include/ddscxx/org/eclipse/cyclonedds/core/cdr/extended_cdr_v1_ser.hpp
.f....og... unitree_sdk2/thirdparty/include/ddscxx/org/eclipse/cyclonedds/core/cdr/extended_cdr_v2_ser.hpp
.f....og... unitree_sdk2/thirdparty/include/ddscxx/org/eclipse/cyclonedds/core/cdr/fragchain.hpp
.d....og... unitree_sdk2/thirdparty/include/ddscxx/org/eclipse/cyclonedds/core/cond/
.f....og... unitree_sdk2/thirdparty/include/ddscxx/org/eclipse/cyclonedds/core/cond/ConditionDelegate.hpp
.f....og... unitree_sdk2/thirdparty/include/ddscxx/org/eclipse/cyclonedds/core/cond/FunctorHolder.hpp
.f....og... unitree_sdk2/thirdparty/include/ddscxx/org/eclipse/cyclonedds/core/cond/GuardConditionDelegate.hpp
.f....og... unitree_sdk2/thirdparty/include/ddscxx/org/eclipse/cyclonedds/core/cond/ShadowParticipant.hpp
.f....og... unitree_sdk2/thirdparty/include/ddscxx/org/eclipse/cyclonedds/core/cond/StatusConditionDelegate.hpp
.f....og... unitree_sdk2/thirdparty/include/ddscxx/org/eclipse/cyclonedds/core/cond/WaitSetDelegate.hpp
.d....og... unitree_sdk2/thirdparty/include/ddscxx/org/eclipse/cyclonedds/core/policy/
.f....og... unitree_sdk2/thirdparty/include/ddscxx/org/eclipse/cyclonedds/core/policy/Policy.hpp
.f....og... unitree_sdk2/thirdparty/include/ddscxx/org/eclipse/cyclonedds/core/policy/PolicyDelegate.hpp
.f....og... unitree_sdk2/thirdparty/include/ddscxx/org/eclipse/cyclonedds/core/policy/ProprietaryPolicyKind.hpp
.f....og... unitree_sdk2/thirdparty/include/ddscxx/org/eclipse/cyclonedds/core/policy/QosPolicyCountDelegate.hpp
.f....og... unitree_sdk2/thirdparty/include/ddscxx/org/eclipse/cyclonedds/core/policy/TPolicy.hpp
.d....og... unitree_sdk2/thirdparty/include/ddscxx/org/eclipse/cyclonedds/core/status/
.f....og... unitree_sdk2/thirdparty/include/ddscxx/org/eclipse/cyclonedds/core/status/StatusDelegate.hpp
.d....og... unitree_sdk2/thirdparty/include/ddscxx/org/eclipse/cyclonedds/domain/
.f....og... unitree_sdk2/thirdparty/include/ddscxx/org/eclipse/cyclonedds/domain/Domain.hpp
.f....og... unitree_sdk2/thirdparty/include/ddscxx/org/eclipse/cyclonedds/domain/DomainParticipantDelegate.hpp
.f....og... unitree_sdk2/thirdparty/include/ddscxx/org/eclipse/cyclonedds/domain/DomainParticipantListener.hpp
.f....og... unitree_sdk2/thirdparty/include/ddscxx/org/eclipse/cyclonedds/domain/DomainParticipantRegistry.hpp
.f....og... unitree_sdk2/thirdparty/include/ddscxx/org/eclipse/cyclonedds/domain/DomainWrap.hpp
.d....og... unitree_sdk2/thirdparty/include/ddscxx/org/eclipse/cyclonedds/domain/qos/
.f....og... unitree_sdk2/thirdparty/include/ddscxx/org/eclipse/cyclonedds/domain/qos/DomainParticipantQosDelegate.hpp
.d....og... unitree_sdk2/thirdparty/include/ddscxx/org/eclipse/cyclonedds/pub/
.f....og... unitree_sdk2/thirdparty/include/ddscxx/org/eclipse/cyclonedds/pub/AnyDataWriterDelegate.hpp
.f....og... unitree_sdk2/thirdparty/include/ddscxx/org/eclipse/cyclonedds/pub/CoherentSetDelegate.hpp
.f....og... unitree_sdk2/thirdparty/include/ddscxx/org/eclipse/cyclonedds/pub/PublisherDelegate.hpp
.f....og... unitree_sdk2/thirdparty/include/ddscxx/org/eclipse/cyclonedds/pub/SuspendedPublicationDelegate.hpp
.d....og... unitree_sdk2/thirdparty/include/ddscxx/org/eclipse/cyclonedds/pub/qos/
.f....og... unitree_sdk2/thirdparty/include/ddscxx/org/eclipse/cyclonedds/pub/qos/DataWriterQosDelegate.hpp
.f....og... unitree_sdk2/thirdparty/include/ddscxx/org/eclipse/cyclonedds/pub/qos/PublisherQosDelegate.hpp
.d....og... unitree_sdk2/thirdparty/include/ddscxx/org/eclipse/cyclonedds/sub/
.f....og... unitree_sdk2/thirdparty/include/ddscxx/org/eclipse/cyclonedds/sub/AnyDataReaderDelegate.hpp
.f....og... unitree_sdk2/thirdparty/include/ddscxx/org/eclipse/cyclonedds/sub/BuiltinSubscriberDelegate.hpp
.f....og... unitree_sdk2/thirdparty/include/ddscxx/org/eclipse/cyclonedds/sub/CoherentAccessDelegate.hpp
.f....og... unitree_sdk2/thirdparty/include/ddscxx/org/eclipse/cyclonedds/sub/GenerationCountImpl.hpp
.f....og... unitree_sdk2/thirdparty/include/ddscxx/org/eclipse/cyclonedds/sub/QueryDelegate.hpp
.f....og... unitree_sdk2/thirdparty/include/ddscxx/org/eclipse/cyclonedds/sub/RankImpl.hpp
.f....og... unitree_sdk2/thirdparty/include/ddscxx/org/eclipse/cyclonedds/sub/SampleInfoImpl.hpp
.f....og... unitree_sdk2/thirdparty/include/ddscxx/org/eclipse/cyclonedds/sub/SubscriberDelegate.hpp
.d....og... unitree_sdk2/thirdparty/include/ddscxx/org/eclipse/cyclonedds/sub/cond/
.f....og... unitree_sdk2/thirdparty/include/ddscxx/org/eclipse/cyclonedds/sub/cond/QueryConditionDelegate.hpp
.f....og... unitree_sdk2/thirdparty/include/ddscxx/org/eclipse/cyclonedds/sub/cond/ReadConditionDelegate.hpp
.d....og... unitree_sdk2/thirdparty/include/ddscxx/org/eclipse/cyclonedds/sub/qos/
.f....og... unitree_sdk2/thirdparty/include/ddscxx/org/eclipse/cyclonedds/sub/qos/DataReaderQosDelegate.hpp
.f....og... unitree_sdk2/thirdparty/include/ddscxx/org/eclipse/cyclonedds/sub/qos/SubscriberQosDelegate.hpp
.d....og... unitree_sdk2/thirdparty/include/ddscxx/org/eclipse/cyclonedds/topic/
.f....og... unitree_sdk2/thirdparty/include/ddscxx/org/eclipse/cyclonedds/topic/AnyTopicDelegate.hpp
.f....og... unitree_sdk2/thirdparty/include/ddscxx/org/eclipse/cyclonedds/topic/AnyTopicListener.hpp
.f....og... unitree_sdk2/thirdparty/include/ddscxx/org/eclipse/cyclonedds/topic/BuiltinTopic.hpp
.f....og... unitree_sdk2/thirdparty/include/ddscxx/org/eclipse/cyclonedds/topic/BuiltinTopicCopy.hpp
.f....og... unitree_sdk2/thirdparty/include/ddscxx/org/eclipse/cyclonedds/topic/BuiltinTopicDelegate.hpp
.f....og... unitree_sdk2/thirdparty/include/ddscxx/org/eclipse/cyclonedds/topic/BuiltinTopicKeyDelegate.hpp
.f....og... unitree_sdk2/thirdparty/include/ddscxx/org/eclipse/cyclonedds/topic/BuiltinTopicTraits.hpp
.f....og... unitree_sdk2/thirdparty/include/ddscxx/org/eclipse/cyclonedds/topic/CDRBlob.hpp
.f....og... unitree_sdk2/thirdparty/include/ddscxx/org/eclipse/cyclonedds/topic/FilterDelegate.hpp
.f....og... unitree_sdk2/thirdparty/include/ddscxx/org/eclipse/cyclonedds/topic/TBuiltinTopic.hpp
.f....og... unitree_sdk2/thirdparty/include/ddscxx/org/eclipse/cyclonedds/topic/TopicDescriptionDelegate.hpp
.f....og... unitree_sdk2/thirdparty/include/ddscxx/org/eclipse/cyclonedds/topic/TopicListener.hpp
.f....og... unitree_sdk2/thirdparty/include/ddscxx/org/eclipse/cyclonedds/topic/TopicTraits.hpp
.f....og... unitree_sdk2/thirdparty/include/ddscxx/org/eclipse/cyclonedds/topic/datatopic.hpp
.f....og... unitree_sdk2/thirdparty/include/ddscxx/org/eclipse/cyclonedds/topic/discovery.hpp
.f....og... unitree_sdk2/thirdparty/include/ddscxx/org/eclipse/cyclonedds/topic/find.hpp
.f....og... unitree_sdk2/thirdparty/include/ddscxx/org/eclipse/cyclonedds/topic/hash.hpp
.d....og... unitree_sdk2/thirdparty/include/ddscxx/org/eclipse/cyclonedds/topic/qos/
.f....og... unitree_sdk2/thirdparty/include/ddscxx/org/eclipse/cyclonedds/topic/qos/TopicQosDelegate.hpp
.d....og... unitree_sdk2/thirdparty/lib/
.d....og... unitree_sdk2/thirdparty/lib/aarch64/
.f....og... unitree_sdk2/thirdparty/lib/aarch64/libddsc.so
.f....og... unitree_sdk2/thirdparty/lib/aarch64/libddsc.so.0
.f....og... unitree_sdk2/thirdparty/lib/aarch64/libddscxx.so
.f....og... unitree_sdk2/thirdparty/lib/aarch64/libddscxx.so.0
.d....og... unitree_sdk2/thirdparty/lib/x86_64/
.f....og... unitree_sdk2/thirdparty/lib/x86_64/libddsc.so
.f....og... unitree_sdk2/thirdparty/lib/x86_64/libddsc.so.0
.f....og... unitree_sdk2/thirdparty/lib/x86_64/libddscxx.so
.f....og... unitree_sdk2/thirdparty/lib/x86_64/libddscxx.so.0
.d....og... vicon_datastream_sdk/
.f....og... vicon_datastream_sdk/setup_env.sh
.d....og... vicon_datastream_sdk/ViconDataStreamSDK_1.13.0+167154h/
.f....og... vicon_datastream_sdk/ViconDataStreamSDK_1.13.0+167154h/ViconDataStreamSDK_1.13.0+167154h_Linux64.zip
.f....og... vicon_datastream_sdk/ViconDataStreamSDK_1.13.0+167154h/ViconDataStreamSDK_1.13.0+167154h_Mac.zip
.f....og... vicon_datastream_sdk/ViconDataStreamSDK_1.13.0+167154h/ViconDataStreamSDK_1.13.0+167154h_Win64.zip
.d....og... vicon_datastream_sdk/_downloads/
.f....og... vicon_datastream_sdk/_downloads/Vicon_DataStreamSDK_1.13.0.zip
.d....og... vicon_datastream_sdk/linux64/
.f....og... vicon_datastream_sdk/linux64/ViconDataStreamSDK-1.13.0+167154h.cdx.json
.d....og... vicon_datastream_sdk/linux64/Linux32/
.f....og... vicon_datastream_sdk/linux64/Linux32/DataStreamClient.h
.f....og... vicon_datastream_sdk/linux64/Linux32/DataStreamRetimingClient.h
.f....og... vicon_datastream_sdk/linux64/Linux32/IDataStreamClientBase.h
.f....og... vicon_datastream_sdk/linux64/Linux32/Vicon DataStream SDK Manual.pdf
.f....og... vicon_datastream_sdk/linux64/Linux32/ViconDataStreamSDKSourceLinux32-source.7z
.f....og... vicon_datastream_sdk/linux64/Linux32/ViconDataStreamSDKSourceLinux32-thirdparty.7z
.f....og... vicon_datastream_sdk/linux64/Linux32/ViconDataStreamSDK_CPPRetimerTest
.f....og... vicon_datastream_sdk/linux64/Linux32/ViconDataStreamSDK_CPPRetimerTest.cpp
.f....og... vicon_datastream_sdk/linux64/Linux32/ViconDataStreamSDK_CPPTest
.f....og... vicon_datastream_sdk/linux64/Linux32/ViconDataStreamSDK_CPPTest.cpp
.f....og... vicon_datastream_sdk/linux64/Linux32/ViconDataStreamSDK_CRetimerTest
.f....og... vicon_datastream_sdk/linux64/Linux32/ViconDataStreamSDK_CTest
.f....og... vicon_datastream_sdk/linux64/Linux32/libViconDataStreamSDK_C.so
.f....og... vicon_datastream_sdk/linux64/Linux32/libViconDataStreamSDK_CPP.so
.d....og... vicon_datastream_sdk/linux64/Linux64/
.f....og... vicon_datastream_sdk/linux64/Linux64/DataStreamClient.h
.f....og... vicon_datastream_sdk/linux64/Linux64/DataStreamRetimingClient.h
.f....og... vicon_datastream_sdk/linux64/Linux64/IDataStreamClientBase.h
.f....og... vicon_datastream_sdk/linux64/Linux64/Vicon DataStream SDK Manual.pdf
.f....og... vicon_datastream_sdk/linux64/Linux64/ViconDataStreamSDKSourceLinux64-source.7z
.f....og... vicon_datastream_sdk/linux64/Linux64/ViconDataStreamSDKSourceLinux64-thirdparty.7z
.f....og... vicon_datastream_sdk/linux64/Linux64/ViconDataStreamSDK_CPPRetimerTest
.f....og... vicon_datastream_sdk/linux64/Linux64/ViconDataStreamSDK_CPPRetimerTest.cpp
.f....og... vicon_datastream_sdk/linux64/Linux64/ViconDataStreamSDK_CPPTest
.f....og... vicon_datastream_sdk/linux64/Linux64/ViconDataStreamSDK_CPPTest.cpp
.f....og... vicon_datastream_sdk/linux64/Linux64/ViconDataStreamSDK_CRetimerTest
.f....og... vicon_datastream_sdk/linux64/Linux64/ViconDataStreamSDK_CTest
.f....og... vicon_datastream_sdk/linux64/Linux64/libViconDataStreamSDK_C.so
.f....og... vicon_datastream_sdk/linux64/Linux64/libViconDataStreamSDK_CPP.so
.d....og... vicon_datastream_sdk/linux64/Linux64/prebuilt_incompatible_backup_20260618220047/
.f....og... vicon_datastream_sdk/linux64/Linux64/prebuilt_incompatible_backup_20260618220047/libViconDataStreamSDK_C.so
.f....og... vicon_datastream_sdk/linux64/Linux64/prebuilt_incompatible_backup_20260618220047/libViconDataStreamSDK_CPP.so
