[2026-06-25 16:43:10,929][omni.kit.registry.nucleus.registry_manager][INFO] - 'trusted' is not set for registry 'kit/default' in '/exts/omni.kit.registry.nucleus/registries'
[2026-06-25 16:43:10,945][omni.kit.registry.nucleus.registry_manager][INFO] - 'trusted' is not set for registry 'kit/sdk' in '/exts/omni.kit.registry.nucleus/registries'
[2026-06-25 16:43:10,945][omni.kit.registry.nucleus.registry_manager][INFO] - 'trusted' is not set for registry 'kit/community' in '/exts/omni.kit.registry.nucleus/registries'
[2026-06-25 16:43:11,039][ogn_registration][INFO] - Looking for Python nodes to register in omni.kit.registry.nucleus-0.0.0
[2026-06-25 16:43:11,040][ogn_registration][INFO] -  -> Registered nodes from module omni.kit.registry.nucleus at /share/project/sijie/tmp/root-20260623-124001-extracted/.venvs/isaaclab-mosaic/lib/python3.10/site-packages/omni/extscore/omni.kit.registry.nucleus
[2026-06-25 16:43:11,040][ogn_registration][INFO] - Registering nodes in /share/project/sijie/tmp/root-20260623-124001-extracted/.venvs/isaaclab-mosaic/lib/python3.10/site-packages/omni/extscore/omni.kit.registry.nucleus imported as omni.kit.registry.nucleus with AutoNode config {}
[2026-06-25 16:43:11,040][ogn_registration][INFO] - Registering Python Node Types from omni.kit.registry.nucleus at /share/project/sijie/tmp/root-20260623-124001-extracted/.venvs/isaaclab-mosaic/lib/python3.10/site-packages/omni/extscore/omni.kit.registry.nucleus in omni.kit.registry.nucleus
[2026-06-25 16:43:11,040][ogn_registration][INFO] - ========================================================================================================================
[2026-06-25 16:43:11,041][ogn_registration][INFO] - No dependency on omni.graph, therefore no nodes to register in omni.kit.registry.nucleus
[2026-06-25 16:43:11,041][ogn_registration][INFO] - ...None found, no registration to do
[2026-06-25 16:43:11,041][ogn_registration][INFO] - ...Skipping: No OmniGraph presence in the module omni.kit.registry.nucleus - No nodes in this module, do not remember it
[2026-06-25 16:43:11,041][ogn_registration][INFO] - Destroying registration record for omni.kit.registry.nucleus
[2026-06-25 16:43:11,041][ogn_registration][INFO] - OGN register omni.kit.registry.nucleus-0.0.0 took 1618045.000000
[2026-06-25 16:43:17,214][packman.link][INFO] - Link path already set up '/share/project/sijie/tmp/root-20260623-124001-extracted/.venvs/isaaclab-mosaic/lib/python3.10/site-packages/omni/data/Kit/Isaac-Sim/4.5/exts/3/omni.kit.mainwindow-1.0.3+d02c707b' => '/root/.local/share/ov/data/exts/v2/omni.kit.mainwindow-843b2fa0b5a0d0ee'
[2026-06-25 16:43:18,324][packman.link][INFO] - Link path already set up '/share/project/sijie/tmp/root-20260623-124001-extracted/.venvs/isaaclab-mosaic/lib/python3.10/site-packages/omni/data/Kit/Isaac-Sim/4.5/exts/3/omni.uiaudio-1.0.0+d02c707b.lx64.r.cp310' => '/root/.local/share/ov/data/exts/v2/omni.uiaudio-f66a47f4c3e5cfbf'
[2026-06-25 16:43:18,666][packman.link][INFO] - Link path already set up '/share/project/sijie/tmp/root-20260623-124001-extracted/.venvs/isaaclab-mosaic/lib/python3.10/site-packages/omni/data/Kit/Isaac-Sim/4.5/exts/3/omni.kit.uiapp-0.0.0+d02c707b' => '/root/.local/share/ov/data/exts/v2/omni.kit.uiapp-bae3f5b4dc7a4b6b'
[2026-06-25 16:43:20,388][packman.link][INFO] - Created symbolic link
[2026-06-25 16:43:20,394][packman.link][INFO] - Created symbolic link
[2026-06-25 16:43:20,394][packman.link][INFO] - Created symbolic link
[2026-06-25 16:43:20,394][packman.link][INFO] - Created symbolic link
[2026-06-25 16:43:20,398][packman.link][INFO] - Link path already set up '/share/project/sijie/tmp/root-20260623-124001-extracted/.venvs/isaaclab-mosaic/lib/python3.10/site-packages/omni/data/Kit/Isaac-Sim/4.5/exts/3/omni.kit.asset_converter-2.8.9+106.5.0.lx64.r.cp310' => '/root/.local/share/ov/data/exts/v2/omni.kit.asset_converter-2.8.9+106.5.0.lx64.r.cp310'
[2026-06-25 16:43:20,839][packman.link][INFO] - Link path already set up '/share/project/sijie/tmp/root-20260623-124001-extracted/.venvs/isaaclab-mosaic/lib/python3.10/site-packages/omni/data/Kit/Isaac-Sim/4.5/exts/3/omni.kit.window.file_importer-1.1.14+d02c707b' => '/root/.local/share/ov/data/exts/v2/omni.kit.window.file_importer-81ae0aaf5c8f3762'
[2026-06-25 16:43:21,251][packman.link][INFO] - Link path already set up '/share/project/sijie/tmp/root-20260623-124001-extracted/.venvs/isaaclab-mosaic/lib/python3.10/site-packages/omni/data/Kit/Isaac-Sim/4.5/exts/3/omni.kit.window.drop_support-1.0.4+d02c707b' => '/root/.local/share/ov/data/exts/v2/omni.kit.window.drop_support-defc078e9ebfb13b'
[2026-06-25 16:43:21,671][packman.link][INFO] - Link path already set up '/share/project/sijie/tmp/root-20260623-124001-extracted/.venvs/isaaclab-mosaic/lib/python3.10/site-packages/omni/data/Kit/Isaac-Sim/4.5/exts/3/omni.kit.window.content_browser_registry-0.0.6+d02c707b' => '/root/.local/share/ov/data/exts/v2/omni.kit.window.content_browser_registry-aebf2f1a9736f90d'
[2026-06-25 16:43:22,065][packman.link][INFO] - Link path already set up '/share/project/sijie/tmp/root-20260623-124001-extracted/.venvs/isaaclab-mosaic/lib/python3.10/site-packages/omni/data/Kit/Isaac-Sim/4.5/exts/3/omni.kit.property.adapter.core-1.0.2+d02c707b' => '/root/.local/share/ov/data/exts/v2/omni.kit.property.adapter.core-44cbbb7f40a77bd6'
[2026-06-25 16:43:22,513][packman.link][INFO] - Link path already set up '/share/project/sijie/tmp/root-20260623-124001-extracted/.venvs/isaaclab-mosaic/lib/python3.10/site-packages/omni/data/Kit/Isaac-Sim/4.5/exts/3/omni.kit.property.adapter.usd-1.0.2+d02c707b' => '/root/.local/share/ov/data/exts/v2/omni.kit.property.adapter.usd-edae9214a6e5ec29'
[2026-06-25 16:43:22,938][packman.link][INFO] - Link path already set up '/share/project/sijie/tmp/root-20260623-124001-extracted/.venvs/isaaclab-mosaic/lib/python3.10/site-packages/omni/data/Kit/Isaac-Sim/4.5/exts/3/omni.kit.property.adapter.fabric-1.0.3+d02c707b' => '/root/.local/share/ov/data/exts/v2/omni.kit.property.adapter.fabric-3582f48a80fd32be'
[2026-06-25 16:43:23,386][packman.link][INFO] - Link path already set up '/share/project/sijie/tmp/root-20260623-124001-extracted/.venvs/isaaclab-mosaic/lib/python3.10/site-packages/omni/data/Kit/Isaac-Sim/4.5/exts/3/omni.kit.widget.highlight_label-1.0.3+d02c707b' => '/root/.local/share/ov/data/exts/v2/omni.kit.widget.highlight_label-04022ff081865489'
[2026-06-25 16:43:24,134][packman.link][INFO] - Link path already set up '/share/project/sijie/tmp/root-20260623-124001-extracted/.venvs/isaaclab-mosaic/lib/python3.10/site-packages/omni/data/Kit/Isaac-Sim/4.5/exts/3/omni.kit.window.file-1.3.57+d02c707b' => '/root/.local/share/ov/data/exts/v2/omni.kit.window.file-73395ed679b675b2'
[2026-06-25 16:43:24,943][packman.link][INFO] - Link path already set up '/share/project/sijie/tmp/root-20260623-124001-extracted/.venvs/isaaclab-mosaic/lib/python3.10/site-packages/omni/data/Kit/Isaac-Sim/4.5/exts/3/omni.kit.window.property-1.11.5+d02c707b' => '/root/.local/share/ov/data/exts/v2/omni.kit.window.property-2a8152c14b6fdc79'
[2026-06-25 16:43:26,529][packman.link][INFO] - Link path already set up '/share/project/sijie/tmp/root-20260623-124001-extracted/.venvs/isaaclab-mosaic/lib/python3.10/site-packages/omni/data/Kit/Isaac-Sim/4.5/exts/3/omni.kit.window.content_browser-2.10.3+d02c707b' => '/root/.local/share/ov/data/exts/v2/omni.kit.window.content_browser-305d07c6817be3cb'
[2026-06-25 16:43:27,177][packman.link][INFO] - Link path already set up '/share/project/sijie/tmp/root-20260623-124001-extracted/.venvs/isaaclab-mosaic/lib/python3.10/site-packages/omni/data/Kit/Isaac-Sim/4.5/exts/3/omni.kit.property.usd-4.2.16+d02c707b' => '/root/.local/share/ov/data/exts/v2/omni.kit.property.usd-921b807eb64516f6'
[2026-06-25 16:43:27,759][packman.link][INFO] - Link path already set up '/share/project/sijie/tmp/root-20260623-124001-extracted/.venvs/isaaclab-mosaic/lib/python3.10/site-packages/omni/data/Kit/Isaac-Sim/4.5/exts/3/omni.kit.widget.zoombar-1.0.5' => '/root/.local/share/ov/data/exts/v2/omni.kit.widget.zoombar-1.0.5'
[2026-06-25 16:43:28,463][packman.link][INFO] - Link path already set up '/share/project/sijie/tmp/root-20260623-124001-extracted/.venvs/isaaclab-mosaic/lib/python3.10/site-packages/omni/data/Kit/Isaac-Sim/4.5/exts/3/omni.kit.browser.core-2.3.11' => '/root/.local/share/ov/data/exts/v2/omni.kit.browser.core-2.3.11'
[2026-06-25 16:43:29,189][packman.link][INFO] - Link path already set up '/share/project/sijie/tmp/root-20260623-124001-extracted/.venvs/isaaclab-mosaic/lib/python3.10/site-packages/omni/data/Kit/Isaac-Sim/4.5/exts/3/omni.kit.manipulator.viewport-107.0.1+d02c707b' => '/root/.local/share/ov/data/exts/v2/omni.kit.manipulator.viewport-42d0814901f7dca9'
[2026-06-25 16:43:30,117][packman.link][INFO] - Link path already set up '/share/project/sijie/tmp/root-20260623-124001-extracted/.venvs/isaaclab-mosaic/lib/python3.10/site-packages/omni/data/Kit/Isaac-Sim/4.5/exts/3/omni.kit.browser.folder.core-1.10.1' => '/root/.local/share/ov/data/exts/v2/omni.kit.browser.folder.core-1.10.1'
[2026-06-25 16:43:30,428][packman.link][INFO] - Link path already set up '/share/project/sijie/tmp/root-20260623-124001-extracted/.venvs/isaaclab-mosaic/lib/python3.10/site-packages/omni/data/Kit/Isaac-Sim/4.5/exts/3/omni.ui_query-1.1.7+d02c707b' => '/root/.local/share/ov/data/exts/v2/omni.ui_query-bab2945db9bda927'
[2026-06-25 16:43:31,500][packman.link][INFO] - Link path already set up '/share/project/sijie/tmp/root-20260623-124001-extracted/.venvs/isaaclab-mosaic/lib/python3.10/site-packages/omni/data/Kit/Isaac-Sim/4.5/exts/3/omni.graph.visualization.nodes-2.1.1' => '/root/.local/share/ov/data/exts/v2/omni.graph.visualization.nodes-2.1.1'
[2026-06-25 16:43:31,810][packman.link][INFO] - Link path already set up '/share/project/sijie/tmp/root-20260623-124001-extracted/.venvs/isaaclab-mosaic/lib/python3.10/site-packages/omni/data/Kit/Isaac-Sim/4.5/exts/3/omni.kit.ui_test-1.3.3+d02c707b' => '/root/.local/share/ov/data/exts/v2/omni.kit.ui_test-46944f10c5f896b1'
[2026-06-25 16:43:32,628][packman.link][INFO] - Link path already set up '/share/project/sijie/tmp/root-20260623-124001-extracted/.venvs/isaaclab-mosaic/lib/python3.10/site-packages/omni/data/Kit/Isaac-Sim/4.5/exts/3/omni.kit.window.extensions-1.4.25+d02c707b' => '/root/.local/share/ov/data/exts/v2/omni.kit.window.extensions-8ff3785ccd1f9ba8'
[2026-06-25 16:43:32,945][packman.link][INFO] - Link path already set up '/share/project/sijie/tmp/root-20260623-124001-extracted/.venvs/isaaclab-mosaic/lib/python3.10/site-packages/omni/data/Kit/Isaac-Sim/4.5/exts/3/omni.kit.widget.prompt-1.0.7+d02c707b' => '/root/.local/share/ov/data/exts/v2/omni.kit.widget.prompt-754d5bd345917e1d'
[2026-06-25 16:43:34,080][packman.link][INFO] - Link path already set up '/share/project/sijie/tmp/root-20260623-124001-extracted/.venvs/isaaclab-mosaic/lib/python3.10/site-packages/omni/data/Kit/Isaac-Sim/4.5/exts/3/omni.kit.tool.asset_importer-2.12.6+106.5.0' => '/root/.local/share/ov/data/exts/v2/omni.kit.tool.asset_importer-2.12.6+106.5.0'
[2026-06-25 16:43:36,233][packman.link][INFO] - Created symbolic link
[2026-06-25 16:43:36,234][packman.link][INFO] - Created symbolic link
[2026-06-25 16:43:36,238][packman.link][INFO] - Link path already set up '/share/project/sijie/tmp/root-20260623-124001-extracted/.venvs/isaaclab-mosaic/lib/python3.10/site-packages/omni/data/Kit/Isaac-Sim/4.5/exts/3/isaacsim.asset.importer.urdf-2.3.14+106.5.0.lx64.r.cp310' => '/root/.local/share/ov/data/exts/v2/isaacsim.asset.importer.urdf-2.3.14+106.5.0.lx64.r.cp310'
[2026-06-25 16:43:36,633][ogn_registration][INFO] - Looking for Python nodes to register in omni.kit.mainwindow-1.0.3
[2026-06-25 16:43:36,634][ogn_registration][INFO] -  -> Registered nodes from module omni.kit.mainwindow at /share/project/sijie/tmp/root-20260623-124001-extracted/.venvs/isaaclab-mosaic/lib/python3.10/site-packages/omni/data/Kit/Isaac-Sim/4.5/exts/3/omni.kit.mainwindow-1.0.3+d02c707b
[2026-06-25 16:43:36,634][ogn_registration][INFO] - Registering nodes in /share/project/sijie/tmp/root-20260623-124001-extracted/.venvs/isaaclab-mosaic/lib/python3.10/site-packages/omni/data/Kit/Isaac-Sim/4.5/exts/3/omni.kit.mainwindow-1.0.3+d02c707b imported as omni.kit.mainwindow with AutoNode config {}
[2026-06-25 16:43:36,634][ogn_registration][INFO] - Registering Python Node Types from omni.kit.mainwindow at /share/project/sijie/tmp/root-20260623-124001-extracted/.venvs/isaaclab-mosaic/lib/python3.10/site-packages/omni/data/Kit/Isaac-Sim/4.5/exts/3/omni.kit.mainwindow-1.0.3+d02c707b in omni.kit.mainwindow
[2026-06-25 16:43:36,634][ogn_registration][INFO] - ========================================================================================================================
[2026-06-25 16:43:36,636][ogn_registration][INFO] - No dependency on omni.graph, therefore no nodes to register in omni.kit.mainwindow
[2026-06-25 16:43:36,636][ogn_registration][INFO] - ...None found, no registration to do
[2026-06-25 16:43:36,636][ogn_registration][INFO] - ...Skipping: No OmniGraph presence in the module omni.kit.mainwindow - No nodes in this module, do not remember it
[2026-06-25 16:43:36,636][ogn_registration][INFO] - Destroying registration record for omni.kit.mainwindow
[2026-06-25 16:43:36,636][ogn_registration][INFO] - OGN register omni.kit.mainwindow-1.0.3 took 2783684.000000
[2026-06-25 16:43:36,655][ogn_registration][INFO] - Looking for Python nodes to register in omni.uiaudio-1.0.0
[2026-06-25 16:43:36,655][ogn_registration][INFO] -  -> Registered nodes from module omni.kit.uiaudio at /share/project/sijie/tmp/root-20260623-124001-extracted/.venvs/isaaclab-mosaic/lib/python3.10/site-packages/omni/data/Kit/Isaac-Sim/4.5/exts/3/omni.uiaudio-1.0.0+d02c707b.lx64.r.cp310
[2026-06-25 16:43:36,655][ogn_registration][INFO] - Registering nodes in /share/project/sijie/tmp/root-20260623-124001-extracted/.venvs/isaaclab-mosaic/lib/python3.10/site-packages/omni/data/Kit/Isaac-Sim/4.5/exts/3/omni.uiaudio-1.0.0+d02c707b.lx64.r.cp310 imported as omni.kit.uiaudio with AutoNode config {}
[2026-06-25 16:43:36,655][ogn_registration][INFO] - Registering Python Node Types from omni.kit.uiaudio at /share/project/sijie/tmp/root-20260623-124001-extracted/.venvs/isaaclab-mosaic/lib/python3.10/site-packages/omni/data/Kit/Isaac-Sim/4.5/exts/3/omni.uiaudio-1.0.0+d02c707b.lx64.r.cp310 in omni.uiaudio
[2026-06-25 16:43:36,655][ogn_registration][INFO] - ========================================================================================================================
[2026-06-25 16:43:36,656][ogn_registration][INFO] - No dependency on omni.graph, therefore no nodes to register in omni.uiaudio
[2026-06-25 16:43:36,656][ogn_registration][INFO] - ...None found, no registration to do
[2026-06-25 16:43:36,656][ogn_registration][INFO] - ...Skipping: No OmniGraph presence in the module omni.kit.uiaudio - No nodes in this module, do not remember it
[2026-06-25 16:43:36,656][ogn_registration][INFO] - Destroying registration record for omni.uiaudio
[2026-06-25 16:43:36,656][ogn_registration][INFO] - OGN register omni.uiaudio-1.0.0 took 1332324.000000
[2026-06-25 16:43:36,657][ogn_registration][INFO] - Looking for Python nodes to register in omni.kit.uiapp-0.0.0
[2026-06-25 16:43:36,657][ogn_registration][INFO] - OGN register omni.kit.uiapp-0.0.0 took 83278.000000
[2026-06-25 16:43:36,691][ogn_registration][INFO] - Looking for Python nodes to register in omni.kit.asset_converter-2.8.9
[2026-06-25 16:43:36,691][ogn_registration][INFO] -  -> Registered nodes from module asset_converter_native_bindings at /share/project/sijie/tmp/root-20260623-124001-extracted/.venvs/isaaclab-mosaic/lib/python3.10/site-packages/omni/data/Kit/Isaac-Sim/4.5/exts/3/omni.kit.asset_converter-2.8.9+106.5.0.lx64.r.cp310
[2026-06-25 16:43:36,692][ogn_registration][INFO] - Registering nodes in /share/project/sijie/tmp/root-20260623-124001-extracted/.venvs/isaaclab-mosaic/lib/python3.10/site-packages/omni/data/Kit/Isaac-Sim/4.5/exts/3/omni.kit.asset_converter-2.8.9+106.5.0.lx64.r.cp310 imported as asset_converter_native_bindings with AutoNode config {}
[2026-06-25 16:43:36,692][ogn_registration][INFO] - Registering Python Node Types from asset_converter_native_bindings at /share/project/sijie/tmp/root-20260623-124001-extracted/.venvs/isaaclab-mosaic/lib/python3.10/site-packages/omni/data/Kit/Isaac-Sim/4.5/exts/3/omni.kit.asset_converter-2.8.9+106.5.0.lx64.r.cp310 in omni.kit.asset_converter
[2026-06-25 16:43:36,698][ogn_registration][INFO] - ========================================================================================================================
[2026-06-25 16:43:36,700][ogn_registration][INFO] - No dependency on omni.graph, therefore no nodes to register in omni.kit.asset_converter
[2026-06-25 16:43:36,700][ogn_registration][INFO] - ...None found, no registration to do
[2026-06-25 16:43:36,700][ogn_registration][INFO] - ...Skipping: No OmniGraph presence in the module asset_converter_native_bindings - No nodes in this module, do not remember it
[2026-06-25 16:43:36,700][ogn_registration][INFO] - Destroying registration record for omni.kit.asset_converter
[2026-06-25 16:43:36,700][ogn_registration][INFO] -  -> Registered nodes from module omni.kit.asset_converter at /share/project/sijie/tmp/root-20260623-124001-extracted/.venvs/isaaclab-mosaic/lib/python3.10/site-packages/omni/data/Kit/Isaac-Sim/4.5/exts/3/omni.kit.asset_converter-2.8.9+106.5.0.lx64.r.cp310
[2026-06-25 16:43:36,700][ogn_registration][INFO] - Registering nodes in /share/project/sijie/tmp/root-20260623-124001-extracted/.venvs/isaaclab-mosaic/lib/python3.10/site-packages/omni/data/Kit/Isaac-Sim/4.5/exts/3/omni.kit.asset_converter-2.8.9+106.5.0.lx64.r.cp310 imported as omni.kit.asset_converter with AutoNode config {}
[2026-06-25 16:43:36,700][ogn_registration][INFO] - Registering Python Node Types from omni.kit.asset_converter at /share/project/sijie/tmp/root-20260623-124001-extracted/.venvs/isaaclab-mosaic/lib/python3.10/site-packages/omni/data/Kit/Isaac-Sim/4.5/exts/3/omni.kit.asset_converter-2.8.9+106.5.0.lx64.r.cp310 in omni.kit.asset_converter
[2026-06-25 16:43:36,700][ogn_registration][INFO] - ========================================================================================================================
[2026-06-25 16:43:36,701][ogn_registration][INFO] - No dependency on omni.graph, therefore no nodes to register in omni.kit.asset_converter
[2026-06-25 16:43:36,701][ogn_registration][INFO] - ...None found, no registration to do
[2026-06-25 16:43:36,701][ogn_registration][INFO] - ...Skipping: No OmniGraph presence in the module omni.kit.asset_converter - No nodes in this module, do not remember it
[2026-06-25 16:43:36,701][ogn_registration][INFO] - Destroying registration record for omni.kit.asset_converter
[2026-06-25 16:43:36,701][ogn_registration][INFO] - OGN register omni.kit.asset_converter-2.8.9 took 10222666.000000
[2026-06-25 16:43:36,708][ogn_registration][INFO] - Looking for Python nodes to register in omni.kit.window.file_importer-1.1.14
[2026-06-25 16:43:36,708][ogn_registration][INFO] -  -> Registered nodes from module omni.kit.window.file_importer at /share/project/sijie/tmp/root-20260623-124001-extracted/.venvs/isaaclab-mosaic/lib/python3.10/site-packages/omni/data/Kit/Isaac-Sim/4.5/exts/3/omni.kit.window.file_importer-1.1.14+d02c707b
[2026-06-25 16:43:36,708][ogn_registration][INFO] - Registering nodes in /share/project/sijie/tmp/root-20260623-124001-extracted/.venvs/isaaclab-mosaic/lib/python3.10/site-packages/omni/data/Kit/Isaac-Sim/4.5/exts/3/omni.kit.window.file_importer-1.1.14+d02c707b imported as omni.kit.window.file_importer with AutoNode config {}
[2026-06-25 16:43:36,708][ogn_registration][INFO] - Registering Python Node Types from omni.kit.window.file_importer at /share/project/sijie/tmp/root-20260623-124001-extracted/.venvs/isaaclab-mosaic/lib/python3.10/site-packages/omni/data/Kit/Isaac-Sim/4.5/exts/3/omni.kit.window.file_importer-1.1.14+d02c707b in omni.kit.window.file_importer
[2026-06-25 16:43:36,708][ogn_registration][INFO] - ========================================================================================================================
[2026-06-25 16:43:36,710][ogn_registration][INFO] - No dependency on omni.graph, therefore no nodes to register in omni.kit.window.file_importer
[2026-06-25 16:43:36,710][ogn_registration][INFO] - ...None found, no registration to do
[2026-06-25 16:43:36,713][ogn_registration][INFO] - ...Skipping: No OmniGraph presence in the module omni.kit.window.file_importer - No nodes in this module, do not remember it
[2026-06-25 16:43:36,713][ogn_registration][INFO] - Destroying registration record for omni.kit.window.file_importer
[2026-06-25 16:43:36,713][ogn_registration][INFO] - OGN register omni.kit.window.file_importer-1.1.14 took 5400771.000000
[2026-06-25 16:43:36,776][ogn_registration][INFO] - Looking for Python nodes to register in omni.kit.window.drop_support-1.0.4
[2026-06-25 16:43:36,776][ogn_registration][INFO] -  -> Registered nodes from module omni.kit.window.drop_support at /share/project/sijie/tmp/root-20260623-124001-extracted/.venvs/isaaclab-mosaic/lib/python3.10/site-packages/omni/data/Kit/Isaac-Sim/4.5/exts/3/omni.kit.window.drop_support-1.0.4+d02c707b
[2026-06-25 16:43:36,777][ogn_registration][INFO] - Registering nodes in /share/project/sijie/tmp/root-20260623-124001-extracted/.venvs/isaaclab-mosaic/lib/python3.10/site-packages/omni/data/Kit/Isaac-Sim/4.5/exts/3/omni.kit.window.drop_support-1.0.4+d02c707b imported as omni.kit.window.drop_support with AutoNode config {}
[2026-06-25 16:43:36,777][ogn_registration][INFO] - Registering Python Node Types from omni.kit.window.drop_support at /share/project/sijie/tmp/root-20260623-124001-extracted/.venvs/isaaclab-mosaic/lib/python3.10/site-packages/omni/data/Kit/Isaac-Sim/4.5/exts/3/omni.kit.window.drop_support-1.0.4+d02c707b in omni.kit.window.drop_support
[2026-06-25 16:43:36,777][ogn_registration][INFO] - ========================================================================================================================
[2026-06-25 16:43:36,777][ogn_registration][INFO] - No dependency on omni.graph, therefore no nodes to register in omni.kit.window.drop_support
[2026-06-25 16:43:36,777][ogn_registration][INFO] - ...None found, no registration to do
[2026-06-25 16:43:36,777][ogn_registration][INFO] - ...Skipping: No OmniGraph presence in the module omni.kit.window.drop_support - No nodes in this module, do not remember it
[2026-06-25 16:43:36,778][ogn_registration][INFO] - Destroying registration record for omni.kit.window.drop_support
[2026-06-25 16:43:36,778][ogn_registration][INFO] - OGN register omni.kit.window.drop_support-1.0.4 took 1270306.000000
[2026-06-25 16:43:36,780][ogn_registration][INFO] - Looking for Python nodes to register in omni.kit.window.content_browser_registry-0.0.6
[2026-06-25 16:43:36,780][ogn_registration][INFO] -  -> Registered nodes from module omni.kit.window.content_browser_registry at /share/project/sijie/tmp/root-20260623-124001-extracted/.venvs/isaaclab-mosaic/lib/python3.10/site-packages/omni/data/Kit/Isaac-Sim/4.5/exts/3/omni.kit.window.content_browser_registry-0.0.6+d02c707b
[2026-06-25 16:43:36,780][ogn_registration][INFO] - Registering nodes in /share/project/sijie/tmp/root-20260623-124001-extracted/.venvs/isaaclab-mosaic/lib/python3.10/site-packages/omni/data/Kit/Isaac-Sim/4.5/exts/3/omni.kit.window.content_browser_registry-0.0.6+d02c707b imported as omni.kit.window.content_browser_registry with AutoNode config {}
[2026-06-25 16:43:36,780][ogn_registration][INFO] - Registering Python Node Types from omni.kit.window.content_browser_registry at /share/project/sijie/tmp/root-20260623-124001-extracted/.venvs/isaaclab-mosaic/lib/python3.10/site-packages/omni/data/Kit/Isaac-Sim/4.5/exts/3/omni.kit.window.content_browser_registry-0.0.6+d02c707b in omni.kit.window.content_browser_registry
[2026-06-25 16:43:36,781][ogn_registration][INFO] - ========================================================================================================================
[2026-06-25 16:43:36,782][ogn_registration][INFO] - No dependency on omni.graph, therefore no nodes to register in omni.kit.window.content_browser_registry
[2026-06-25 16:43:36,782][ogn_registration][INFO] - ...None found, no registration to do
[2026-06-25 16:43:36,782][ogn_registration][INFO] - ...Skipping: No OmniGraph presence in the module omni.kit.window.content_browser_registry - No nodes in this module, do not remember it
[2026-06-25 16:43:36,785][ogn_registration][INFO] - Destroying registration record for omni.kit.window.content_browser_registry
[2026-06-25 16:43:36,785][ogn_registration][INFO] - OGN register omni.kit.window.content_browser_registry-0.0.6 took 4626054.000000
[2026-06-25 16:43:36,790][ogn_registration][INFO] - Looking for Python nodes to register in omni.kit.property.adapter.core-1.0.2
[2026-06-25 16:43:36,790][ogn_registration][INFO] -  -> Registered nodes from module omni.kit.property.adapter.core at /share/project/sijie/tmp/root-20260623-124001-extracted/.venvs/isaaclab-mosaic/lib/python3.10/site-packages/omni/data/Kit/Isaac-Sim/4.5/exts/3/omni.kit.property.adapter.core-1.0.2+d02c707b
[2026-06-25 16:43:36,790][ogn_registration][INFO] - Registering nodes in /share/project/sijie/tmp/root-20260623-124001-extracted/.venvs/isaaclab-mosaic/lib/python3.10/site-packages/omni/data/Kit/Isaac-Sim/4.5/exts/3/omni.kit.property.adapter.core-1.0.2+d02c707b imported as omni.kit.property.adapter.core with AutoNode config {}
[2026-06-25 16:43:36,790][ogn_registration][INFO] - Registering Python Node Types from omni.kit.property.adapter.core at /share/project/sijie/tmp/root-20260623-124001-extracted/.venvs/isaaclab-mosaic/lib/python3.10/site-packages/omni/data/Kit/Isaac-Sim/4.5/exts/3/omni.kit.property.adapter.core-1.0.2+d02c707b in omni.kit.property.adapter.core
[2026-06-25 16:43:36,791][ogn_registration][INFO] - ========================================================================================================================
[2026-06-25 16:43:36,791][ogn_registration][INFO] - No dependency on omni.graph, therefore no nodes to register in omni.kit.property.adapter.core
[2026-06-25 16:43:36,792][ogn_registration][INFO] - ...None found, no registration to do
[2026-06-25 16:43:36,792][ogn_registration][INFO] - ...Skipping: No OmniGraph presence in the module omni.kit.property.adapter.core - No nodes in this module, do not remember it
[2026-06-25 16:43:36,792][ogn_registration][INFO] - Destroying registration record for omni.kit.property.adapter.core
[2026-06-25 16:43:36,792][ogn_registration][INFO] - OGN register omni.kit.property.adapter.core-1.0.2 took 1503458.000000
[2026-06-25 16:43:36,796][ogn_registration][INFO] - Looking for Python nodes to register in omni.kit.property.adapter.usd-1.0.2
[2026-06-25 16:43:36,796][ogn_registration][INFO] -  -> Registered nodes from module omni.kit.property.adapter.usd at /share/project/sijie/tmp/root-20260623-124001-extracted/.venvs/isaaclab-mosaic/lib/python3.10/site-packages/omni/data/Kit/Isaac-Sim/4.5/exts/3/omni.kit.property.adapter.usd-1.0.2+d02c707b
[2026-06-25 16:43:36,796][ogn_registration][INFO] - Registering nodes in /share/project/sijie/tmp/root-20260623-124001-extracted/.venvs/isaaclab-mosaic/lib/python3.10/site-packages/omni/data/Kit/Isaac-Sim/4.5/exts/3/omni.kit.property.adapter.usd-1.0.2+d02c707b imported as omni.kit.property.adapter.usd with AutoNode config {}
[2026-06-25 16:43:36,797][ogn_registration][INFO] - Registering Python Node Types from omni.kit.property.adapter.usd at /share/project/sijie/tmp/root-20260623-124001-extracted/.venvs/isaaclab-mosaic/lib/python3.10/site-packages/omni/data/Kit/Isaac-Sim/4.5/exts/3/omni.kit.property.adapter.usd-1.0.2+d02c707b in omni.kit.property.adapter.usd
[2026-06-25 16:43:36,797][ogn_registration][INFO] - ========================================================================================================================
[2026-06-25 16:43:36,798][ogn_registration][INFO] - No dependency on omni.graph, therefore no nodes to register in omni.kit.property.adapter.usd
[2026-06-25 16:43:36,798][ogn_registration][INFO] - ...None found, no registration to do
[2026-06-25 16:43:36,798][ogn_registration][INFO] - ...Skipping: No OmniGraph presence in the module omni.kit.property.adapter.usd - No nodes in this module, do not remember it
[2026-06-25 16:43:36,798][ogn_registration][INFO] - Destroying registration record for omni.kit.property.adapter.usd
[2026-06-25 16:43:36,798][ogn_registration][INFO] - OGN register omni.kit.property.adapter.usd-1.0.2 took 1553092.000000
[2026-06-25 16:43:36,814][ogn_registration][INFO] - Looking for Python nodes to register in omni.kit.property.adapter.fabric-1.0.3
[2026-06-25 16:43:36,814][ogn_registration][INFO] -  -> Registered nodes from module omni.kit.property.adapter.fabric at /share/project/sijie/tmp/root-20260623-124001-extracted/.venvs/isaaclab-mosaic/lib/python3.10/site-packages/omni/data/Kit/Isaac-Sim/4.5/exts/3/omni.kit.property.adapter.fabric-1.0.3+d02c707b
[2026-06-25 16:43:36,814][ogn_registration][INFO] - Registering nodes in /share/project/sijie/tmp/root-20260623-124001-extracted/.venvs/isaaclab-mosaic/lib/python3.10/site-packages/omni/data/Kit/Isaac-Sim/4.5/exts/3/omni.kit.property.adapter.fabric-1.0.3+d02c707b imported as omni.kit.property.adapter.fabric with AutoNode config {}
[2026-06-25 16:43:36,814][ogn_registration][INFO] - Registering Python Node Types from omni.kit.property.adapter.fabric at /share/project/sijie/tmp/root-20260623-124001-extracted/.venvs/isaaclab-mosaic/lib/python3.10/site-packages/omni/data/Kit/Isaac-Sim/4.5/exts/3/omni.kit.property.adapter.fabric-1.0.3+d02c707b in omni.kit.property.adapter.fabric
[2026-06-25 16:43:36,814][ogn_registration][INFO] - ========================================================================================================================
[2026-06-25 16:43:36,815][ogn_registration][INFO] - No dependency on omni.graph, therefore no nodes to register in omni.kit.property.adapter.fabric
[2026-06-25 16:43:36,816][ogn_registration][INFO] - ...None found, no registration to do
[2026-06-25 16:43:36,816][ogn_registration][INFO] - ...Skipping: No OmniGraph presence in the module omni.kit.property.adapter.fabric - No nodes in this module, do not remember it
[2026-06-25 16:43:36,816][ogn_registration][INFO] - Destroying registration record for omni.kit.property.adapter.fabric
[2026-06-25 16:43:36,816][ogn_registration][INFO] - OGN register omni.kit.property.adapter.fabric-1.0.3 took 1910719.000000
[2026-06-25 16:43:36,820][ogn_registration][INFO] - Looking for Python nodes to register in omni.kit.widget.highlight_label-1.0.3
[2026-06-25 16:43:36,820][ogn_registration][INFO] -  -> Registered nodes from module omni.kit.widget.highlight_label at /share/project/sijie/tmp/root-20260623-124001-extracted/.venvs/isaaclab-mosaic/lib/python3.10/site-packages/omni/data/Kit/Isaac-Sim/4.5/exts/3/omni.kit.widget.highlight_label-1.0.3+d02c707b
[2026-06-25 16:43:36,820][ogn_registration][INFO] - Registering nodes in /share/project/sijie/tmp/root-20260623-124001-extracted/.venvs/isaaclab-mosaic/lib/python3.10/site-packages/omni/data/Kit/Isaac-Sim/4.5/exts/3/omni.kit.widget.highlight_label-1.0.3+d02c707b imported as omni.kit.widget.highlight_label with AutoNode config {}
[2026-06-25 16:43:36,820][ogn_registration][INFO] - Registering Python Node Types from omni.kit.widget.highlight_label at /share/project/sijie/tmp/root-20260623-124001-extracted/.venvs/isaaclab-mosaic/lib/python3.10/site-packages/omni/data/Kit/Isaac-Sim/4.5/exts/3/omni.kit.widget.highlight_label-1.0.3+d02c707b in omni.kit.widget.highlight_label
[2026-06-25 16:43:36,820][ogn_registration][INFO] - ========================================================================================================================
[2026-06-25 16:43:36,821][ogn_registration][INFO] - No dependency on omni.graph, therefore no nodes to register in omni.kit.widget.highlight_label
[2026-06-25 16:43:36,821][ogn_registration][INFO] - ...None found, no registration to do
[2026-06-25 16:43:36,821][ogn_registration][INFO] - ...Skipping: No OmniGraph presence in the module omni.kit.widget.highlight_label - No nodes in this module, do not remember it
[2026-06-25 16:43:36,821][ogn_registration][INFO] - Destroying registration record for omni.kit.widget.highlight_label
[2026-06-25 16:43:36,821][ogn_registration][INFO] - OGN register omni.kit.widget.highlight_label-1.0.3 took 1522765.000000
[2026-06-25 16:43:36,844][ogn_registration][INFO] - Looking for Python nodes to register in omni.kit.window.file-1.3.57
[2026-06-25 16:43:36,844][ogn_registration][INFO] -  -> Registered nodes from module omni.kit.window.file at /share/project/sijie/tmp/root-20260623-124001-extracted/.venvs/isaaclab-mosaic/lib/python3.10/site-packages/omni/data/Kit/Isaac-Sim/4.5/exts/3/omni.kit.window.file-1.3.57+d02c707b
[2026-06-25 16:43:36,850][ogn_registration][INFO] - Registering nodes in /share/project/sijie/tmp/root-20260623-124001-extracted/.venvs/isaaclab-mosaic/lib/python3.10/site-packages/omni/data/Kit/Isaac-Sim/4.5/exts/3/omni.kit.window.file-1.3.57+d02c707b imported as omni.kit.window.file with AutoNode config {}
[2026-06-25 16:43:36,850][ogn_registration][INFO] - Registering Python Node Types from omni.kit.window.file at /share/project/sijie/tmp/root-20260623-124001-extracted/.venvs/isaaclab-mosaic/lib/python3.10/site-packages/omni/data/Kit/Isaac-Sim/4.5/exts/3/omni.kit.window.file-1.3.57+d02c707b in omni.kit.window.file
[2026-06-25 16:43:36,850][ogn_registration][INFO] - ========================================================================================================================
[2026-06-25 16:43:36,852][ogn_registration][INFO] - No dependency on omni.graph, therefore no nodes to register in omni.kit.window.file
[2026-06-25 16:43:36,852][ogn_registration][INFO] - ...None found, no registration to do
[2026-06-25 16:43:36,852][ogn_registration][INFO] - ...Skipping: No OmniGraph presence in the module omni.kit.window.file - No nodes in this module, do not remember it
[2026-06-25 16:43:36,852][ogn_registration][INFO] - Destroying registration record for omni.kit.window.file
[2026-06-25 16:43:36,852][ogn_registration][INFO] - OGN register omni.kit.window.file-1.3.57 took 8444147.000000
[2026-06-25 16:43:36,878][ogn_registration][INFO] - Looking for Python nodes to register in omni.kit.window.property-1.11.5
[2026-06-25 16:43:36,878][ogn_registration][INFO] -  -> Registered nodes from module omni.kit.window.property at /share/project/sijie/tmp/root-20260623-124001-extracted/.venvs/isaaclab-mosaic/lib/python3.10/site-packages/omni/data/Kit/Isaac-Sim/4.5/exts/3/omni.kit.window.property-1.11.5+d02c707b
[2026-06-25 16:43:36,878][ogn_registration][INFO] - Registering nodes in /share/project/sijie/tmp/root-20260623-124001-extracted/.venvs/isaaclab-mosaic/lib/python3.10/site-packages/omni/data/Kit/Isaac-Sim/4.5/exts/3/omni.kit.window.property-1.11.5+d02c707b imported as omni.kit.window.property with AutoNode config {}
[2026-06-25 16:43:36,878][ogn_registration][INFO] - Registering Python Node Types from omni.kit.window.property at /share/project/sijie/tmp/root-20260623-124001-extracted/.venvs/isaaclab-mosaic/lib/python3.10/site-packages/omni/data/Kit/Isaac-Sim/4.5/exts/3/omni.kit.window.property-1.11.5+d02c707b in omni.kit.window.property
[2026-06-25 16:43:36,878][ogn_registration][INFO] - ========================================================================================================================
[2026-06-25 16:43:36,879][ogn_registration][INFO] - No dependency on omni.graph, therefore no nodes to register in omni.kit.window.property
[2026-06-25 16:43:36,879][ogn_registration][INFO] - ...None found, no registration to do
[2026-06-25 16:43:36,879][ogn_registration][INFO] - ...Skipping: No OmniGraph presence in the module omni.kit.window.property - No nodes in this module, do not remember it
[2026-06-25 16:43:36,879][ogn_registration][INFO] - Destroying registration record for omni.kit.window.property
[2026-06-25 16:43:36,879][ogn_registration][INFO] - OGN register omni.kit.window.property-1.11.5 took 1555998.000000
[2026-06-25 16:43:36,933][ogn_registration][INFO] - Looking for Python nodes to register in omni.kit.window.content_browser-2.10.3
[2026-06-25 16:43:36,933][ogn_registration][INFO] -  -> Registered nodes from module omni.kit.window.content_browser at /share/project/sijie/tmp/root-20260623-124001-extracted/.venvs/isaaclab-mosaic/lib/python3.10/site-packages/omni/data/Kit/Isaac-Sim/4.5/exts/3/omni.kit.window.content_browser-2.10.3+d02c707b
[2026-06-25 16:43:36,933][ogn_registration][INFO] - Registering nodes in /share/project/sijie/tmp/root-20260623-124001-extracted/.venvs/isaaclab-mosaic/lib/python3.10/site-packages/omni/data/Kit/Isaac-Sim/4.5/exts/3/omni.kit.window.content_browser-2.10.3+d02c707b imported as omni.kit.window.content_browser with AutoNode config {}
[2026-06-25 16:43:36,939][ogn_registration][INFO] - Registering Python Node Types from omni.kit.window.content_browser at /share/project/sijie/tmp/root-20260623-124001-extracted/.venvs/isaaclab-mosaic/lib/python3.10/site-packages/omni/data/Kit/Isaac-Sim/4.5/exts/3/omni.kit.window.content_browser-2.10.3+d02c707b in omni.kit.window.content_browser
[2026-06-25 16:43:36,939][ogn_registration][INFO] - ========================================================================================================================
[2026-06-25 16:43:36,941][ogn_registration][INFO] - No dependency on omni.graph, therefore no nodes to register in omni.kit.window.content_browser
[2026-06-25 16:43:36,941][ogn_registration][INFO] - ...None found, no registration to do
[2026-06-25 16:43:36,941][ogn_registration][INFO] - ...Skipping: No OmniGraph presence in the module omni.kit.window.content_browser - No nodes in this module, do not remember it
[2026-06-25 16:43:36,941][ogn_registration][INFO] - Destroying registration record for omni.kit.window.content_browser
[2026-06-25 16:43:36,941][ogn_registration][INFO] - OGN register omni.kit.window.content_browser-2.10.3 took 7828610.000000
[2026-06-25 16:43:37,022][ogn_registration][INFO] - Looking for Python nodes to register in omni.kit.property.usd-4.2.16
[2026-06-25 16:43:37,023][ogn_registration][INFO] -  -> Registered nodes from module omni.kit.property.usd at /share/project/sijie/tmp/root-20260623-124001-extracted/.venvs/isaaclab-mosaic/lib/python3.10/site-packages/omni/data/Kit/Isaac-Sim/4.5/exts/3/omni.kit.property.usd-4.2.16+d02c707b
[2026-06-25 16:43:37,023][ogn_registration][INFO] - Registering nodes in /share/project/sijie/tmp/root-20260623-124001-extracted/.venvs/isaaclab-mosaic/lib/python3.10/site-packages/omni/data/Kit/Isaac-Sim/4.5/exts/3/omni.kit.property.usd-4.2.16+d02c707b imported as omni.kit.property.usd with AutoNode config {}
[2026-06-25 16:43:37,023][ogn_registration][INFO] - Registering Python Node Types from omni.kit.property.usd at /share/project/sijie/tmp/root-20260623-124001-extracted/.venvs/isaaclab-mosaic/lib/python3.10/site-packages/omni/data/Kit/Isaac-Sim/4.5/exts/3/omni.kit.property.usd-4.2.16+d02c707b in omni.kit.property.usd
[2026-06-25 16:43:37,023][ogn_registration][INFO] - ========================================================================================================================
[2026-06-25 16:43:37,025][ogn_registration][INFO] - No dependency on omni.graph, therefore no nodes to register in omni.kit.property.usd
[2026-06-25 16:43:37,025][ogn_registration][INFO] - ...None found, no registration to do
[2026-06-25 16:43:37,025][ogn_registration][INFO] - ...Skipping: No OmniGraph presence in the module omni.kit.property.usd - No nodes in this module, do not remember it
[2026-06-25 16:43:37,025][ogn_registration][INFO] - Destroying registration record for omni.kit.property.usd
[2026-06-25 16:43:37,025][ogn_registration][INFO] - OGN register omni.kit.property.usd-4.2.16 took 2527528.000000
[2026-06-25 16:43:37,028][ogn_registration][INFO] - Looking for Python nodes to register in omni.kit.widget.zoombar-1.0.5
[2026-06-25 16:43:37,028][ogn_registration][INFO] -  -> Registered nodes from module omni.kit.widget.zoombar at /share/project/sijie/tmp/root-20260623-124001-extracted/.venvs/isaaclab-mosaic/lib/python3.10/site-packages/omni/data/Kit/Isaac-Sim/4.5/exts/3/omni.kit.widget.zoombar-1.0.5
[2026-06-25 16:43:37,029][ogn_registration][INFO] - Registering nodes in /share/project/sijie/tmp/root-20260623-124001-extracted/.venvs/isaaclab-mosaic/lib/python3.10/site-packages/omni/data/Kit/Isaac-Sim/4.5/exts/3/omni.kit.widget.zoombar-1.0.5 imported as omni.kit.widget.zoombar with AutoNode config {}
[2026-06-25 16:43:37,029][ogn_registration][INFO] - Registering Python Node Types from omni.kit.widget.zoombar at /share/project/sijie/tmp/root-20260623-124001-extracted/.venvs/isaaclab-mosaic/lib/python3.10/site-packages/omni/data/Kit/Isaac-Sim/4.5/exts/3/omni.kit.widget.zoombar-1.0.5 in omni.kit.widget.zoombar
[2026-06-25 16:43:37,033][ogn_registration][INFO] - ========================================================================================================================
[2026-06-25 16:43:37,033][ogn_registration][INFO] - No dependency on omni.graph, therefore no nodes to register in omni.kit.widget.zoombar
[2026-06-25 16:43:37,033][ogn_registration][INFO] - ...None found, no registration to do
[2026-06-25 16:43:37,034][ogn_registration][INFO] - ...Skipping: No OmniGraph presence in the module omni.kit.widget.zoombar - No nodes in this module, do not remember it
[2026-06-25 16:43:37,034][ogn_registration][INFO] - Destroying registration record for omni.kit.widget.zoombar
[2026-06-25 16:43:37,034][ogn_registration][INFO] - OGN register omni.kit.widget.zoombar-1.0.5 took 5229667.000000
[2026-06-25 16:43:37,054][ogn_registration][INFO] - Looking for Python nodes to register in omni.kit.browser.core-2.3.11
[2026-06-25 16:43:37,055][ogn_registration][INFO] -  -> Registered nodes from module omni.kit.browser.core at /share/project/sijie/tmp/root-20260623-124001-extracted/.venvs/isaaclab-mosaic/lib/python3.10/site-packages/omni/data/Kit/Isaac-Sim/4.5/exts/3/omni.kit.browser.core-2.3.11
[2026-06-25 16:43:37,055][ogn_registration][INFO] - Registering nodes in /share/project/sijie/tmp/root-20260623-124001-extracted/.venvs/isaaclab-mosaic/lib/python3.10/site-packages/omni/data/Kit/Isaac-Sim/4.5/exts/3/omni.kit.browser.core-2.3.11 imported as omni.kit.browser.core with AutoNode config {}
[2026-06-25 16:43:37,055][ogn_registration][INFO] - Registering Python Node Types from omni.kit.browser.core at /share/project/sijie/tmp/root-20260623-124001-extracted/.venvs/isaaclab-mosaic/lib/python3.10/site-packages/omni/data/Kit/Isaac-Sim/4.5/exts/3/omni.kit.browser.core-2.3.11 in omni.kit.browser.core
[2026-06-25 16:43:37,055][ogn_registration][INFO] - ========================================================================================================================
[2026-06-25 16:43:37,056][ogn_registration][INFO] - No dependency on omni.graph, therefore no nodes to register in omni.kit.browser.core
[2026-06-25 16:43:37,056][ogn_registration][INFO] - ...None found, no registration to do
[2026-06-25 16:43:37,056][ogn_registration][INFO] - ...Skipping: No OmniGraph presence in the module omni.kit.browser.core - No nodes in this module, do not remember it
[2026-06-25 16:43:37,056][ogn_registration][INFO] - Destroying registration record for omni.kit.browser.core
[2026-06-25 16:43:37,056][ogn_registration][INFO] - OGN register omni.kit.browser.core-2.3.11 took 1868459.000000
[2026-06-25 16:43:37,061][ogn_registration][INFO] - Looking for Python nodes to register in omni.kit.manipulator.viewport-107.0.1
[2026-06-25 16:43:37,061][ogn_registration][INFO] -  -> Registered nodes from module omni.kit.manipulator.viewport at /share/project/sijie/tmp/root-20260623-124001-extracted/.venvs/isaaclab-mosaic/lib/python3.10/site-packages/omni/data/Kit/Isaac-Sim/4.5/exts/3/omni.kit.manipulator.viewport-107.0.1+d02c707b
[2026-06-25 16:43:37,061][ogn_registration][INFO] - Registering nodes in /share/project/sijie/tmp/root-20260623-124001-extracted/.venvs/isaaclab-mosaic/lib/python3.10/site-packages/omni/data/Kit/Isaac-Sim/4.5/exts/3/omni.kit.manipulator.viewport-107.0.1+d02c707b imported as omni.kit.manipulator.viewport with AutoNode config {}
[2026-06-25 16:43:37,061][ogn_registration][INFO] - Registering Python Node Types from omni.kit.manipulator.viewport at /share/project/sijie/tmp/root-20260623-124001-extracted/.venvs/isaaclab-mosaic/lib/python3.10/site-packages/omni/data/Kit/Isaac-Sim/4.5/exts/3/omni.kit.manipulator.viewport-107.0.1+d02c707b in omni.kit.manipulator.viewport
[2026-06-25 16:43:37,061][ogn_registration][INFO] - ========================================================================================================================
[2026-06-25 16:43:37,062][ogn_registration][INFO] - No dependency on omni.graph, therefore no nodes to register in omni.kit.manipulator.viewport
[2026-06-25 16:43:37,067][ogn_registration][INFO] - ...None found, no registration to do
[2026-06-25 16:43:37,067][ogn_registration][INFO] - ...Skipping: No OmniGraph presence in the module omni.kit.manipulator.viewport - No nodes in this module, do not remember it
[2026-06-25 16:43:37,067][ogn_registration][INFO] - Destroying registration record for omni.kit.manipulator.viewport
[2026-06-25 16:43:37,067][ogn_registration][INFO] - OGN register omni.kit.manipulator.viewport-107.0.1 took 5856675.000000
[2026-06-25 16:43:37,095][ogn_registration][INFO] - Looking for Python nodes to register in omni.kit.browser.folder.core-1.10.1
[2026-06-25 16:43:37,095][ogn_registration][INFO] -  -> Registered nodes from module omni.kit.browser.folder.core at /share/project/sijie/tmp/root-20260623-124001-extracted/.venvs/isaaclab-mosaic/lib/python3.10/site-packages/omni/data/Kit/Isaac-Sim/4.5/exts/3/omni.kit.browser.folder.core-1.10.1
[2026-06-25 16:43:37,095][ogn_registration][INFO] - Registering nodes in /share/project/sijie/tmp/root-20260623-124001-extracted/.venvs/isaaclab-mosaic/lib/python3.10/site-packages/omni/data/Kit/Isaac-Sim/4.5/exts/3/omni.kit.browser.folder.core-1.10.1 imported as omni.kit.browser.folder.core with AutoNode config {}
[2026-06-25 16:43:37,095][ogn_registration][INFO] - Registering Python Node Types from omni.kit.browser.folder.core at /share/project/sijie/tmp/root-20260623-124001-extracted/.venvs/isaaclab-mosaic/lib/python3.10/site-packages/omni/data/Kit/Isaac-Sim/4.5/exts/3/omni.kit.browser.folder.core-1.10.1 in omni.kit.browser.folder.core
[2026-06-25 16:43:37,095][ogn_registration][INFO] - ========================================================================================================================
[2026-06-25 16:43:37,097][ogn_registration][INFO] - No dependency on omni.graph, therefore no nodes to register in omni.kit.browser.folder.core
[2026-06-25 16:43:37,097][ogn_registration][INFO] - ...None found, no registration to do
[2026-06-25 16:43:37,097][ogn_registration][INFO] - ...Skipping: No OmniGraph presence in the module omni.kit.browser.folder.core - No nodes in this module, do not remember it
[2026-06-25 16:43:37,097][ogn_registration][INFO] - Destroying registration record for omni.kit.browser.folder.core
[2026-06-25 16:43:37,097][ogn_registration][INFO] - OGN register omni.kit.browser.folder.core-1.10.1 took 2031078.000000
[2026-06-25 16:43:37,101][ogn_registration][INFO] - Looking for Python nodes to register in omni.ui_query-1.1.7
[2026-06-25 16:43:37,101][ogn_registration][INFO] -  -> Registered nodes from module omni.ui_query at /share/project/sijie/tmp/root-20260623-124001-extracted/.venvs/isaaclab-mosaic/lib/python3.10/site-packages/omni/data/Kit/Isaac-Sim/4.5/exts/3/omni.ui_query-1.1.7+d02c707b
[2026-06-25 16:43:37,101][ogn_registration][INFO] - Registering nodes in /share/project/sijie/tmp/root-20260623-124001-extracted/.venvs/isaaclab-mosaic/lib/python3.10/site-packages/omni/data/Kit/Isaac-Sim/4.5/exts/3/omni.ui_query-1.1.7+d02c707b imported as omni.ui_query with AutoNode config {}
[2026-06-25 16:43:37,101][ogn_registration][INFO] - Registering Python Node Types from omni.ui_query at /share/project/sijie/tmp/root-20260623-124001-extracted/.venvs/isaaclab-mosaic/lib/python3.10/site-packages/omni/data/Kit/Isaac-Sim/4.5/exts/3/omni.ui_query-1.1.7+d02c707b in omni.ui_query
[2026-06-25 16:43:37,101][ogn_registration][INFO] - ========================================================================================================================
[2026-06-25 16:43:37,102][ogn_registration][INFO] - No dependency on omni.graph, therefore no nodes to register in omni.ui_query
[2026-06-25 16:43:37,102][ogn_registration][INFO] - ...None found, no registration to do
[2026-06-25 16:43:37,102][ogn_registration][INFO] - ...Skipping: No OmniGraph presence in the module omni.ui_query - No nodes in this module, do not remember it
[2026-06-25 16:43:37,102][ogn_registration][INFO] - Destroying registration record for omni.ui_query
[2026-06-25 16:43:37,106][ogn_registration][INFO] - OGN register omni.ui_query-1.1.7 took 5271997.000000
[2026-06-25 16:43:37,127][ogn_registration][INFO] - Looking for Python nodes to register in omni.graph.visualization.nodes-2.1.1
[2026-06-25 16:43:37,128][ogn_registration][INFO] -  -> Registered nodes from module omni.graph.visualization.nodes at /share/project/sijie/tmp/root-20260623-124001-extracted/.venvs/isaaclab-mosaic/lib/python3.10/site-packages/omni/data/Kit/Isaac-Sim/4.5/exts/3/omni.graph.visualization.nodes-2.1.1
[2026-06-25 16:43:37,128][ogn_registration][INFO] - Registering nodes in /share/project/sijie/tmp/root-20260623-124001-extracted/.venvs/isaaclab-mosaic/lib/python3.10/site-packages/omni/data/Kit/Isaac-Sim/4.5/exts/3/omni.graph.visualization.nodes-2.1.1 imported as omni.graph.visualization.nodes with AutoNode config {}
[2026-06-25 16:43:37,128][ogn_registration][INFO] - Registering Python Node Types from omni.graph.visualization.nodes at /share/project/sijie/tmp/root-20260623-124001-extracted/.venvs/isaaclab-mosaic/lib/python3.10/site-packages/omni/data/Kit/Isaac-Sim/4.5/exts/3/omni.graph.visualization.nodes-2.1.1 in omni.graph.visualization.nodes
[2026-06-25 16:43:37,128][ogn_registration][INFO] - ========================================================================================================================
[2026-06-25 16:43:37,129][ogn_registration][INFO] - Finding OmniGraph extension content manager for omni.graph.visualization.nodes-2.1.1 in module omni.graph.visualization.nodes at /share/project/sijie/tmp/root-20260623-124001-extracted/.venvs/isaaclab-mosaic/lib/python3.10/site-packages/omni/data/Kit/Isaac-Sim/4.5/exts/3/omni.graph.visualization.nodes-2.1.1
[2026-06-25 16:43:37,130][ogn_registration][INFO] - -> New generated folder /share/project/sijie/tmp/root-20260623-124001-extracted/.venvs/isaaclab-mosaic/lib/python3.10/site-packages/omni/data/Kit/Isaac-Sim/4.5/exts/3/omni.graph.visualization.nodes-2.1.1/ogn/omni.graph.visualization.nodes is not a directory
[2026-06-25 16:43:37,130][ogn_registration][INFO] - Creating OmniGraph extension management class
[2026-06-25 16:43:37,131][ogn_registration][INFO] - Created base content manager for module omni.graph.visualization.nodes (/share/project/sijie/tmp/root-20260623-124001-extracted/.venvs/isaaclab-mosaic/lib/python3.10/site-packages/omni/data/Kit/Isaac-Sim/4.5/exts/3/omni.graph.visualization.nodes-2.1.1/omni/graph/visualization/nodes/__init__.py - /share/project/sijie/tmp/root-20260623-124001-extracted/.venvs/isaaclab-mosaic/lib/python3.10/site-packages/omni/data/Kit/Isaac-Sim/4.5/exts/3/omni.graph.visualization.nodes-2.1.1/omni/graph/visualization/nodes) in extension omni.graph.visualization.nodes-2.1.1 at /share/project/sijie/tmp/root-20260623-124001-extracted/.venvs/isaaclab-mosaic/lib/python3.10/site-packages/omni/data/Kit/Isaac-Sim/4.5/exts/3/omni.graph.visualization.nodes-2.1.1 using cache /share/project/sijie/tmp/root-20260623-124001-extracted/.venvs/isaaclab-mosaic/lib/python3.10/site-packages/omni/cache/ogn_generated/1.79.1/omni.graph.visualization.nodes-2.1.1/omni.graph.visualization.nodes/ogn
[2026-06-25 16:43:37,131][ogn_registration][INFO] - Creating 1.18 extension manager for omni.graph.visualization.nodes-2.1.1 in <module 'omni.graph.visualization.nodes' from '/share/project/sijie/tmp/root-20260623-124001-extracted/.venvs/isaaclab-mosaic/lib/python3.10/site-packages/omni/data/Kit/Isaac-Sim/4.5/exts/3/omni.graph.visualization.nodes-2.1.1/omni/graph/visualization/nodes/__init__.py'> at /share/project/sijie/tmp/root-20260623-124001-extracted/.venvs/isaaclab-mosaic/lib/python3.10/site-packages/omni/data/Kit/Isaac-Sim/4.5/exts/3/omni.graph.visualization.nodes-2.1.1
[2026-06-25 16:43:37,131][ogn_registration][INFO] - Using cache directory /share/project/sijie/tmp/root-20260623-124001-extracted/.venvs/isaaclab-mosaic/lib/python3.10/site-packages/omni/cache/ogn_generated/1.79.1/omni.graph.visualization.nodes-2.1.1/omni.graph.visualization.nodes/ogn
[2026-06-25 16:43:37,131][ogn_registration][INFO] - Scanning for V1.18 node in /share/project/sijie/tmp/root-20260623-124001-extracted/.venvs/isaaclab-mosaic/lib/python3.10/site-packages/omni/data/Kit/Isaac-Sim/4.5/exts/3/omni.graph.visualization.nodes-2.1.1/omni/graph/visualization/nodes/ogn
[2026-06-25 16:43:37,137][ogn_registration][INFO] - Scanning omni.graph.visualization.nodes-2.1.1 for nodes in OGN path /share/project/sijie/tmp/root-20260623-124001-extracted/.venvs/isaaclab-mosaic/lib/python3.10/site-packages/omni/data/Kit/Isaac-Sim/4.5/exts/3/omni.graph.visualization.nodes-2.1.1/omni/graph/visualization/nodes/ogn
[2026-06-25 16:43:37,137][ogn_registration][INFO] - _walk_with_excludes(start=/share/project/sijie/tmp/root-20260623-124001-extracted/.venvs/isaaclab-mosaic/lib/python3.10/site-packages/omni/data/Kit/Isaac-Sim/4.5/exts/3/omni.graph.visualization.nodes-2.1.1/omni/graph/visualization/nodes/ogn, exclude=['__pycache__'])
[2026-06-25 16:43:37,185][ogn_registration][INFO] -    ... walked /share/project/sijie/tmp/root-20260623-124001-extracted/.venvs/isaaclab-mosaic/lib/python3.10/site-packages/omni/data/Kit/Isaac-Sim/4.5/exts/3/omni.graph.visualization.nodes-2.1.1/omni/graph/visualization/nodes/ogn, ['nodes', 'tests'], ['OgnDrawLabelDatabase.py', 'OgnDrawLineDatabase.py', 'OgnDrawScreenSpaceTextDatabase.py', '__ogn_files_prebuilt']
[2026-06-25 16:43:37,186][ogn_registration][INFO] - ....Adding scanned directory /share/project/sijie/tmp/root-20260623-124001-extracted/.venvs/isaaclab-mosaic/lib/python3.10/site-packages/omni/data/Kit/Isaac-Sim/4.5/exts/3/omni.graph.visualization.nodes-2.1.1/omni/graph/visualization/nodes/ogn/nodes
[2026-06-25 16:43:37,186][ogn_registration][INFO] -    ... walked /share/project/sijie/tmp/root-20260623-124001-extracted/.venvs/isaaclab-mosaic/lib/python3.10/site-packages/omni/data/Kit/Isaac-Sim/4.5/exts/3/omni.graph.visualization.nodes-2.1.1/omni/graph/visualization/nodes/ogn/nodes, [], ['OgnDrawLabel.ogn', 'OgnDrawLabel.py', 'OgnDrawLine.ogn', 'OgnDrawLine.py', 'OgnDrawScreenSpaceText.ogn', 'OgnDrawScreenSpaceText.py']
[2026-06-25 16:43:37,212][ogn_registration][INFO] -    ... walked /share/project/sijie/tmp/root-20260623-124001-extracted/.venvs/isaaclab-mosaic/lib/python3.10/site-packages/omni/data/Kit/Isaac-Sim/4.5/exts/3/omni.graph.visualization.nodes-2.1.1/omni/graph/visualization/nodes/ogn/tests, ['usd'], ['TestOgnDrawLabel.py', 'TestOgnDrawLine.py', 'TestOgnDrawScreenSpaceText.py', '__init__.py']
[2026-06-25 16:43:37,212][ogn_registration][INFO] - ....Adding scanned directory /share/project/sijie/tmp/root-20260623-124001-extracted/.venvs/isaaclab-mosaic/lib/python3.10/site-packages/omni/data/Kit/Isaac-Sim/4.5/exts/3/omni.graph.visualization.nodes-2.1.1/omni/graph/visualization/nodes/ogn/tests/usd
[2026-06-25 16:43:37,213][ogn_registration][INFO] -    ... walked /share/project/sijie/tmp/root-20260623-124001-extracted/.venvs/isaaclab-mosaic/lib/python3.10/site-packages/omni/data/Kit/Isaac-Sim/4.5/exts/3/omni.graph.visualization.nodes-2.1.1/omni/graph/visualization/nodes/ogn/tests/usd, [], ['OgnDrawLabelTemplate.usda', 'OgnDrawLineTemplate.usda', 'OgnDrawScreenSpaceTextTemplate.usda']
[2026-06-25 16:43:37,214][ogn_registration][INFO] - ...extracted db versions VersionProperties.GENERATOR = (1, 27, 1), VersionProperties.TARGET = (2, 103, 1) from /share/project/sijie/tmp/root-20260623-124001-extracted/.venvs/isaaclab-mosaic/lib/python3.10/site-packages/omni/data/Kit/Isaac-Sim/4.5/exts/3/omni.graph.visualization.nodes-2.1.1/omni/graph/visualization/nodes/ogn/OgnDrawLabelDatabase.py (True)
[2026-06-25 16:43:37,215][ogn_registration][INFO] - ...found file of type FileType.PYTHON_DB - /share/project/sijie/tmp/root-20260623-124001-extracted/.venvs/isaaclab-mosaic/lib/python3.10/site-packages/omni/data/Kit/Isaac-Sim/4.5/exts/3/omni.graph.visualization.nodes-2.1.1/omni/graph/visualization/nodes/ogn/OgnDrawLabelDatabase.py
[2026-06-25 16:43:37,215][ogn_registration][INFO] - ...found file of type FileType.PYTHON_DB - /share/project/sijie/tmp/root-20260623-124001-extracted/.venvs/isaaclab-mosaic/lib/python3.10/site-packages/omni/data/Kit/Isaac-Sim/4.5/exts/3/omni.graph.visualization.nodes-2.1.1/omni/graph/visualization/nodes/ogn/OgnDrawLineDatabase.py
[2026-06-25 16:43:37,220][ogn_registration][INFO] - ...found file of type FileType.PYTHON_DB - /share/project/sijie/tmp/root-20260623-124001-extracted/.venvs/isaaclab-mosaic/lib/python3.10/site-packages/omni/data/Kit/Isaac-Sim/4.5/exts/3/omni.graph.visualization.nodes-2.1.1/omni/graph/visualization/nodes/ogn/OgnDrawScreenSpaceTextDatabase.py
[2026-06-25 16:43:37,220][ogn_registration][INFO] - ...found file of type FileType.PYTHON - /share/project/sijie/tmp/root-20260623-124001-extracted/.venvs/isaaclab-mosaic/lib/python3.10/site-packages/omni/data/Kit/Isaac-Sim/4.5/exts/3/omni.graph.visualization.nodes-2.1.1/omni/graph/visualization/nodes/ogn/nodes/OgnDrawLabel.py
[2026-06-25 16:43:37,220][ogn_registration][INFO] - ...found file of type FileType.PYTHON - /share/project/sijie/tmp/root-20260623-124001-extracted/.venvs/isaaclab-mosaic/lib/python3.10/site-packages/omni/data/Kit/Isaac-Sim/4.5/exts/3/omni.graph.visualization.nodes-2.1.1/omni/graph/visualization/nodes/ogn/nodes/OgnDrawLine.py
[2026-06-25 16:43:37,220][ogn_registration][INFO] - ...found file of type FileType.PYTHON - /share/project/sijie/tmp/root-20260623-124001-extracted/.venvs/isaaclab-mosaic/lib/python3.10/site-packages/omni/data/Kit/Isaac-Sim/4.5/exts/3/omni.graph.visualization.nodes-2.1.1/omni/graph/visualization/nodes/ogn/nodes/OgnDrawScreenSpaceText.py
[2026-06-25 16:43:37,220][ogn_registration][INFO] - ...found file of type FileType.TEST - /share/project/sijie/tmp/root-20260623-124001-extracted/.venvs/isaaclab-mosaic/lib/python3.10/site-packages/omni/data/Kit/Isaac-Sim/4.5/exts/3/omni.graph.visualization.nodes-2.1.1/omni/graph/visualization/nodes/ogn/tests/TestOgnDrawLabel.py
[2026-06-25 16:43:37,220][ogn_registration][INFO] - ...found file of type FileType.TEST - /share/project/sijie/tmp/root-20260623-124001-extracted/.venvs/isaaclab-mosaic/lib/python3.10/site-packages/omni/data/Kit/Isaac-Sim/4.5/exts/3/omni.graph.visualization.nodes-2.1.1/omni/graph/visualization/nodes/ogn/tests/TestOgnDrawLine.py
[2026-06-25 16:43:37,220][ogn_registration][INFO] - ...found file of type FileType.TEST - /share/project/sijie/tmp/root-20260623-124001-extracted/.venvs/isaaclab-mosaic/lib/python3.10/site-packages/omni/data/Kit/Isaac-Sim/4.5/exts/3/omni.graph.visualization.nodes-2.1.1/omni/graph/visualization/nodes/ogn/tests/TestOgnDrawScreenSpaceText.py
[2026-06-25 16:43:37,220][ogn_registration][INFO] - ...found file of type FileType.PYTHON - /share/project/sijie/tmp/root-20260623-124001-extracted/.venvs/isaaclab-mosaic/lib/python3.10/site-packages/omni/data/Kit/Isaac-Sim/4.5/exts/3/omni.graph.visualization.nodes-2.1.1/omni/graph/visualization/nodes/ogn/tests/__init__.py
[2026-06-25 16:43:37,220][ogn_registration][INFO] - ...found file of type FileType.USD - /share/project/sijie/tmp/root-20260623-124001-extracted/.venvs/isaaclab-mosaic/lib/python3.10/site-packages/omni/data/Kit/Isaac-Sim/4.5/exts/3/omni.graph.visualization.nodes-2.1.1/omni/graph/visualization/nodes/ogn/tests/usd/OgnDrawLabelTemplate.usda
[2026-06-25 16:43:37,220][ogn_registration][INFO] - ...found file of type FileType.USD - /share/project/sijie/tmp/root-20260623-124001-extracted/.venvs/isaaclab-mosaic/lib/python3.10/site-packages/omni/data/Kit/Isaac-Sim/4.5/exts/3/omni.graph.visualization.nodes-2.1.1/omni/graph/visualization/nodes/ogn/tests/usd/OgnDrawLineTemplate.usda
[2026-06-25 16:43:37,220][ogn_registration][INFO] - ...found file of type FileType.USD - /share/project/sijie/tmp/root-20260623-124001-extracted/.venvs/isaaclab-mosaic/lib/python3.10/site-packages/omni/data/Kit/Isaac-Sim/4.5/exts/3/omni.graph.visualization.nodes-2.1.1/omni/graph/visualization/nodes/ogn/tests/usd/OgnDrawScreenSpaceTextTemplate.usda
[2026-06-25 16:43:37,221][ogn_registration][INFO] - ...constructing node type definition for OgnDrawLabel at /share/project/sijie/tmp/root-20260623-124001-extracted/.venvs/isaaclab-mosaic/lib/python3.10/site-packages/omni/data/Kit/Isaac-Sim/4.5/exts/3/omni.graph.visualization.nodes-2.1.1/omni/graph/visualization/nodes/ogn/nodes/OgnDrawLabel.ogn
[2026-06-25 16:43:37,225][ogn_registration][INFO] - Creating node type definition for OgnDrawLabel at /share/project/sijie/tmp/root-20260623-124001-extracted/.venvs/isaaclab-mosaic/lib/python3.10/site-packages/omni/data/Kit/Isaac-Sim/4.5/exts/3/omni.graph.visualization.nodes-2.1.1/omni/graph/visualization/nodes/ogn/nodes/OgnDrawLabel.ogn
[2026-06-25 16:43:37,225][ogn_registration][INFO] - ...constructing node type definition for OgnDrawLine at /share/project/sijie/tmp/root-20260623-124001-extracted/.venvs/isaaclab-mosaic/lib/python3.10/site-packages/omni/data/Kit/Isaac-Sim/4.5/exts/3/omni.graph.visualization.nodes-2.1.1/omni/graph/visualization/nodes/ogn/nodes/OgnDrawLine.ogn
[2026-06-25 16:43:37,225][ogn_registration][INFO] - Creating node type definition for OgnDrawLine at /share/project/sijie/tmp/root-20260623-124001-extracted/.venvs/isaaclab-mosaic/lib/python3.10/site-packages/omni/data/Kit/Isaac-Sim/4.5/exts/3/omni.graph.visualization.nodes-2.1.1/omni/graph/visualization/nodes/ogn/nodes/OgnDrawLine.ogn
[2026-06-25 16:43:37,226][ogn_registration][INFO] - ...constructing node type definition for OgnDrawScreenSpaceText at /share/project/sijie/tmp/root-20260623-124001-extracted/.venvs/isaaclab-mosaic/lib/python3.10/site-packages/omni/data/Kit/Isaac-Sim/4.5/exts/3/omni.graph.visualization.nodes-2.1.1/omni/graph/visualization/nodes/ogn/nodes/OgnDrawScreenSpaceText.ogn
[2026-06-25 16:43:37,226][ogn_registration][INFO] - Creating node type definition for OgnDrawScreenSpaceText at /share/project/sijie/tmp/root-20260623-124001-extracted/.venvs/isaaclab-mosaic/lib/python3.10/site-packages/omni/data/Kit/Isaac-Sim/4.5/exts/3/omni.graph.visualization.nodes-2.1.1/omni/graph/visualization/nodes/ogn/nodes/OgnDrawScreenSpaceText.ogn
[2026-06-25 16:43:37,226][ogn_registration][INFO] - Adding 4 files at version VersionProperties.GENERATOR = (1, 27, 1), VersionProperties.TARGET = (2, 103, 1)
[2026-06-25 16:43:37,226][ogn_registration][INFO] - add generated file(/share/project/sijie/tmp/root-20260623-124001-extracted/.venvs/isaaclab-mosaic/lib/python3.10/site-packages/omni/data/Kit/Isaac-Sim/4.5/exts/3/omni.graph.visualization.nodes-2.1.1/omni/graph/visualization/nodes/ogn/OgnDrawLabelDatabase.py, FileType.PYTHON_DB)
[2026-06-25 16:43:37,227][ogn_registration][INFO] - add user file(/share/project/sijie/tmp/root-20260623-124001-extracted/.venvs/isaaclab-mosaic/lib/python3.10/site-packages/omni/data/Kit/Isaac-Sim/4.5/exts/3/omni.graph.visualization.nodes-2.1.1/omni/graph/visualization/nodes/ogn/nodes/OgnDrawLabel.py, FileType.PYTHON)
[2026-06-25 16:43:37,227][ogn_registration][INFO] - add generated file(/share/project/sijie/tmp/root-20260623-124001-extracted/.venvs/isaaclab-mosaic/lib/python3.10/site-packages/omni/data/Kit/Isaac-Sim/4.5/exts/3/omni.graph.visualization.nodes-2.1.1/omni/graph/visualization/nodes/ogn/tests/TestOgnDrawLabel.py, FileType.TEST)
[2026-06-25 16:43:37,227][ogn_registration][INFO] - add generated file(/share/project/sijie/tmp/root-20260623-124001-extracted/.venvs/isaaclab-mosaic/lib/python3.10/site-packages/omni/data/Kit/Isaac-Sim/4.5/exts/3/omni.graph.visualization.nodes-2.1.1/omni/graph/visualization/nodes/ogn/tests/usd/OgnDrawLabelTemplate.usda, FileType.USD)
[2026-06-25 16:43:37,227][ogn_registration][INFO] - Adding 4 files at version VersionProperties.GENERATOR = (1, 27, 1), VersionProperties.TARGET = (2, 103, 1)
[2026-06-25 16:43:37,227][ogn_registration][INFO] - add generated file(/share/project/sijie/tmp/root-20260623-124001-extracted/.venvs/isaaclab-mosaic/lib/python3.10/site-packages/omni/data/Kit/Isaac-Sim/4.5/exts/3/omni.graph.visualization.nodes-2.1.1/omni/graph/visualization/nodes/ogn/OgnDrawLineDatabase.py, FileType.PYTHON_DB)
[2026-06-25 16:43:37,227][ogn_registration][INFO] - add user file(/share/project/sijie/tmp/root-20260623-124001-extracted/.venvs/isaaclab-mosaic/lib/python3.10/site-packages/omni/data/Kit/Isaac-Sim/4.5/exts/3/omni.graph.visualization.nodes-2.1.1/omni/graph/visualization/nodes/ogn/nodes/OgnDrawLine.py, FileType.PYTHON)
[2026-06-25 16:43:37,231][ogn_registration][INFO] - add generated file(/share/project/sijie/tmp/root-20260623-124001-extracted/.venvs/isaaclab-mosaic/lib/python3.10/site-packages/omni/data/Kit/Isaac-Sim/4.5/exts/3/omni.graph.visualization.nodes-2.1.1/omni/graph/visualization/nodes/ogn/tests/TestOgnDrawLine.py, FileType.TEST)
[2026-06-25 16:43:37,231][ogn_registration][INFO] - add generated file(/share/project/sijie/tmp/root-20260623-124001-extracted/.venvs/isaaclab-mosaic/lib/python3.10/site-packages/omni/data/Kit/Isaac-Sim/4.5/exts/3/omni.graph.visualization.nodes-2.1.1/omni/graph/visualization/nodes/ogn/tests/usd/OgnDrawLineTemplate.usda, FileType.USD)
[2026-06-25 16:43:37,231][ogn_registration][INFO] - Adding 4 files at version VersionProperties.GENERATOR = (1, 27, 1), VersionProperties.TARGET = (2, 103, 1)
[2026-06-25 16:43:37,231][ogn_registration][INFO] - add generated file(/share/project/sijie/tmp/root-20260623-124001-extracted/.venvs/isaaclab-mosaic/lib/python3.10/site-packages/omni/data/Kit/Isaac-Sim/4.5/exts/3/omni.graph.visualization.nodes-2.1.1/omni/graph/visualization/nodes/ogn/OgnDrawScreenSpaceTextDatabase.py, FileType.PYTHON_DB)
[2026-06-25 16:43:37,231][ogn_registration][INFO] - add user file(/share/project/sijie/tmp/root-20260623-124001-extracted/.venvs/isaaclab-mosaic/lib/python3.10/site-packages/omni/data/Kit/Isaac-Sim/4.5/exts/3/omni.graph.visualization.nodes-2.1.1/omni/graph/visualization/nodes/ogn/nodes/OgnDrawScreenSpaceText.py, FileType.PYTHON)
[2026-06-25 16:43:37,231][ogn_registration][INFO] - add generated file(/share/project/sijie/tmp/root-20260623-124001-extracted/.venvs/isaaclab-mosaic/lib/python3.10/site-packages/omni/data/Kit/Isaac-Sim/4.5/exts/3/omni.graph.visualization.nodes-2.1.1/omni/graph/visualization/nodes/ogn/tests/TestOgnDrawScreenSpaceText.py, FileType.TEST)
[2026-06-25 16:43:37,231][ogn_registration][INFO] - add generated file(/share/project/sijie/tmp/root-20260623-124001-extracted/.venvs/isaaclab-mosaic/lib/python3.10/site-packages/omni/data/Kit/Isaac-Sim/4.5/exts/3/omni.graph.visualization.nodes-2.1.1/omni/graph/visualization/nodes/ogn/tests/usd/OgnDrawScreenSpaceTextTemplate.usda, FileType.USD)
[2026-06-25 16:43:37,235][ogn_registration][INFO] - Cache path /share/project/sijie/tmp/root-20260623-124001-extracted/.venvs/isaaclab-mosaic/lib/python3.10/site-packages/omni/cache/ogn_generated/1.79.1/omni.graph.visualization.nodes-2.1.1/omni.graph.visualization.nodes/ogn is not a directory
[2026-06-25 16:43:37,235][ogn_registration][INFO] - omni.graph.visualization.nodes: Time to scan the extension for node types = 0.107118
[2026-06-25 16:43:37,235][ogn_registration][INFO] - Ensuring node types in extension omni.graph.visualization.nodes are up to date
[2026-06-25 16:43:37,235][ogn_registration][INFO] - omni.graph.visualization.nodes: Time to update the out-of-date generated code = 0.000241
[2026-06-25 16:43:37,235][ogn_registration][INFO] - Attempting OGN 1.18 Python imports for omni.graph.visualization.nodes-2.1.1
[2026-06-25 16:43:37,235][ogn_registration][INFO] - Importing omni.graph.visualization.nodes.ogn and omni.graph.visualization.nodes.ogn.tests with tests
[2026-06-25 16:43:37,235][ogn_registration][INFO] - --- Finding module omni.graph.visualization.nodes.ogn in <module 'omni.graph.visualization.nodes' from '/share/project/sijie/tmp/root-20260623-124001-extracted/.venvs/isaaclab-mosaic/lib/python3.10/site-packages/omni/data/Kit/Isaac-Sim/4.5/exts/3/omni.graph.visualization.nodes-2.1.1/omni/graph/visualization/nodes/__init__.py'> with submodule name ogn
[2026-06-25 16:43:37,236][ogn_registration][INFO] - --X module was not already imported
[2026-06-25 16:43:37,236][ogn_registration][INFO] - ... Trying to import omni.graph.visualization.nodes.ogn directly
[2026-06-25 16:43:37,236][ogn_registration][INFO] - --> Found the module at <module 'omni.graph.visualization.nodes.ogn' (<_frozen_importlib_external._NamespaceLoader object at 0x7fe7bd72ce80>)>
[2026-06-25 16:43:37,237][ogn_registration][INFO] - -> Found .ogn module, looking for ogn.tests too
[2026-06-25 16:43:37,237][ogn_registration][INFO] - --- Finding module omni.graph.visualization.nodes.ogn.tests in <module 'omni.graph.visualization.nodes.ogn' (<_frozen_importlib_external._NamespaceLoader object at 0x7fe7bd72ce80>)> with submodule name ogn.tests
[2026-06-25 16:43:37,242][ogn_registration][INFO] - --X module was not already imported
[2026-06-25 16:43:37,242][ogn_registration][INFO] - ... Trying to import omni.graph.visualization.nodes.ogn.tests directly
[2026-06-25 16:43:37,243][ogn_registration][INFO] - --> Found the module at <module 'omni.graph.visualization.nodes.ogn.tests' from '/share/project/sijie/tmp/root-20260623-124001-extracted/.venvs/isaaclab-mosaic/lib/python3.10/site-packages/omni/data/Kit/Isaac-Sim/4.5/exts/3/omni.graph.visualization.nodes-2.1.1/omni/graph/visualization/nodes/ogn/tests/__init__.py'>
[2026-06-25 16:43:37,245][ogn_registration][INFO] - Importing module omni.graph.visualization.nodes.ogn.OgnDrawLabelDatabase from /share/project/sijie/tmp/root-20260623-124001-extracted/.venvs/isaaclab-mosaic/lib/python3.10/site-packages/omni/data/Kit/Isaac-Sim/4.5/exts/3/omni.graph.visualization.nodes-2.1.1/omni/graph/visualization/nodes/ogn/OgnDrawLabelDatabase.py
[2026-06-25 16:43:37,251][ogn_registration][INFO] - ... created the module as <module 'omni.graph.visualization.nodes.ogn.OgnDrawLabelDatabase' from '/share/project/sijie/tmp/root-20260623-124001-extracted/.venvs/isaaclab-mosaic/lib/python3.10/site-packages/omni/data/Kit/Isaac-Sim/4.5/exts/3/omni.graph.visualization.nodes-2.1.1/omni/graph/visualization/nodes/ogn/OgnDrawLabelDatabase.py'>
[2026-06-25 16:43:37,251][ogn_registration][INFO] - ...Import DB omni.graph.visualization.nodes.ogn.OgnDrawLabelDatabase into ['OgnDrawLabelDatabase', '__builtins__', '__cached__', '__doc__', '__file__', '__loader__', '__name__', '__package__', '__spec__', '_og', 'numpy', 'og', 'ogn', 'sys', 'traceback'] from /share/project/sijie/tmp/root-20260623-124001-extracted/.venvs/isaaclab-mosaic/lib/python3.10/site-packages/omni/data/Kit/Isaac-Sim/4.5/exts/3/omni.graph.visualization.nodes-2.1.1/omni/graph/visualization/nodes/ogn/OgnDrawLabelDatabase.py
[2026-06-25 16:43:37,252][ogn_registration][INFO] - Importing module omni.graph.visualization.nodes.ogn.nodes.OgnDrawLabel from /share/project/sijie/tmp/root-20260623-124001-extracted/.venvs/isaaclab-mosaic/lib/python3.10/site-packages/omni/data/Kit/Isaac-Sim/4.5/exts/3/omni.graph.visualization.nodes-2.1.1/omni/graph/visualization/nodes/ogn/nodes/OgnDrawLabel.py
[2026-06-25 16:43:37,254][ogn_registration][INFO] - ... created the module as <module 'omni.graph.visualization.nodes.ogn.nodes.OgnDrawLabel' from '/share/project/sijie/tmp/root-20260623-124001-extracted/.venvs/isaaclab-mosaic/lib/python3.10/site-packages/omni/data/Kit/Isaac-Sim/4.5/exts/3/omni.graph.visualization.nodes-2.1.1/omni/graph/visualization/nodes/ogn/nodes/OgnDrawLabel.py'>
[2026-06-25 16:43:37,255][ogn_registration][INFO] - ...Import Node omni.graph.visualization.nodes.ogn.nodes.OgnDrawLabel into <module 'omni.graph.visualization.nodes.ogn.nodes.OgnDrawLabel' from '/share/project/sijie/tmp/root-20260623-124001-extracted/.venvs/isaaclab-mosaic/lib/python3.10/site-packages/omni/data/Kit/Isaac-Sim/4.5/exts/3/omni.graph.visualization.nodes-2.1.1/omni/graph/visualization/nodes/ogn/nodes/OgnDrawLabel.py'> from /share/project/sijie/tmp/root-20260623-124001-extracted/.venvs/isaaclab-mosaic/lib/python3.10/site-packages/omni/data/Kit/Isaac-Sim/4.5/exts/3/omni.graph.visualization.nodes-2.1.1/omni/graph/visualization/nodes/ogn/nodes/OgnDrawLabel.py
[2026-06-25 16:43:37,255][ogn_registration][INFO] - Importing module omni.graph.visualization.nodes.ogn.tests.TestOgnDrawLabel from /share/project/sijie/tmp/root-20260623-124001-extracted/.venvs/isaaclab-mosaic/lib/python3.10/site-packages/omni/data/Kit/Isaac-Sim/4.5/exts/3/omni.graph.visualization.nodes-2.1.1/omni/graph/visualization/nodes/ogn/tests/TestOgnDrawLabel.py
[2026-06-25 16:43:37,255][ogn_registration][INFO] - ... created the module as <module 'omni.graph.visualization.nodes.ogn.tests.TestOgnDrawLabel' from '/share/project/sijie/tmp/root-20260623-124001-extracted/.venvs/isaaclab-mosaic/lib/python3.10/site-packages/omni/data/Kit/Isaac-Sim/4.5/exts/3/omni.graph.visualization.nodes-2.1.1/omni/graph/visualization/nodes/ogn/tests/TestOgnDrawLabel.py'>
[2026-06-25 16:43:37,264][ogn_registration][INFO] - ...Imported test omni.graph.visualization.nodes.ogn.tests.TestOgnDrawLabel into <module 'omni.graph.visualization.nodes.ogn.tests.TestOgnDrawLabel' from '/share/project/sijie/tmp/root-20260623-124001-extracted/.venvs/isaaclab-mosaic/lib/python3.10/site-packages/omni/data/Kit/Isaac-Sim/4.5/exts/3/omni.graph.visualization.nodes-2.1.1/omni/graph/visualization/nodes/ogn/tests/TestOgnDrawLabel.py'> from /share/project/sijie/tmp/root-20260623-124001-extracted/.venvs/isaaclab-mosaic/lib/python3.10/site-packages/omni/data/Kit/Isaac-Sim/4.5/exts/3/omni.graph.visualization.nodes-2.1.1/omni/graph/visualization/nodes/ogn/tests/TestOgnDrawLabel.py
[2026-06-25 16:43:37,264][ogn_registration][INFO] - Importing module omni.graph.visualization.nodes.ogn.OgnDrawLineDatabase from /share/project/sijie/tmp/root-20260623-124001-extracted/.venvs/isaaclab-mosaic/lib/python3.10/site-packages/omni/data/Kit/Isaac-Sim/4.5/exts/3/omni.graph.visualization.nodes-2.1.1/omni/graph/visualization/nodes/ogn/OgnDrawLineDatabase.py
[2026-06-25 16:43:37,266][ogn_registration][INFO] - ... created the module as <module 'omni.graph.visualization.nodes.ogn.OgnDrawLineDatabase' from '/share/project/sijie/tmp/root-20260623-124001-extracted/.venvs/isaaclab-mosaic/lib/python3.10/site-packages/omni/data/Kit/Isaac-Sim/4.5/exts/3/omni.graph.visualization.nodes-2.1.1/omni/graph/visualization/nodes/ogn/OgnDrawLineDatabase.py'>
[2026-06-25 16:43:37,266][ogn_registration][INFO] - ...Import DB omni.graph.visualization.nodes.ogn.OgnDrawLineDatabase into ['OgnDrawLineDatabase', '__builtins__', '__cached__', '__doc__', '__file__', '__loader__', '__name__', '__package__', '__spec__', '_og', 'numpy', 'og', 'ogn', 'sys', 'traceback'] from /share/project/sijie/tmp/root-20260623-124001-extracted/.venvs/isaaclab-mosaic/lib/python3.10/site-packages/omni/data/Kit/Isaac-Sim/4.5/exts/3/omni.graph.visualization.nodes-2.1.1/omni/graph/visualization/nodes/ogn/OgnDrawLineDatabase.py
[2026-06-25 16:43:37,266][ogn_registration][INFO] - Importing module omni.graph.visualization.nodes.ogn.nodes.OgnDrawLine from /share/project/sijie/tmp/root-20260623-124001-extracted/.venvs/isaaclab-mosaic/lib/python3.10/site-packages/omni/data/Kit/Isaac-Sim/4.5/exts/3/omni.graph.visualization.nodes-2.1.1/omni/graph/visualization/nodes/ogn/nodes/OgnDrawLine.py
[2026-06-25 16:43:37,267][ogn_registration][INFO] - ... created the module as <module 'omni.graph.visualization.nodes.ogn.nodes.OgnDrawLine' from '/share/project/sijie/tmp/root-20260623-124001-extracted/.venvs/isaaclab-mosaic/lib/python3.10/site-packages/omni/data/Kit/Isaac-Sim/4.5/exts/3/omni.graph.visualization.nodes-2.1.1/omni/graph/visualization/nodes/ogn/nodes/OgnDrawLine.py'>
[2026-06-25 16:43:37,267][ogn_registration][INFO] - ...Import Node omni.graph.visualization.nodes.ogn.nodes.OgnDrawLine into <module 'omni.graph.visualization.nodes.ogn.nodes.OgnDrawLine' from '/share/project/sijie/tmp/root-20260623-124001-extracted/.venvs/isaaclab-mosaic/lib/python3.10/site-packages/omni/data/Kit/Isaac-Sim/4.5/exts/3/omni.graph.visualization.nodes-2.1.1/omni/graph/visualization/nodes/ogn/nodes/OgnDrawLine.py'> from /share/project/sijie/tmp/root-20260623-124001-extracted/.venvs/isaaclab-mosaic/lib/python3.10/site-packages/omni/data/Kit/Isaac-Sim/4.5/exts/3/omni.graph.visualization.nodes-2.1.1/omni/graph/visualization/nodes/ogn/nodes/OgnDrawLine.py
[2026-06-25 16:43:37,267][ogn_registration][INFO] - Importing module omni.graph.visualization.nodes.ogn.tests.TestOgnDrawLine from /share/project/sijie/tmp/root-20260623-124001-extracted/.venvs/isaaclab-mosaic/lib/python3.10/site-packages/omni/data/Kit/Isaac-Sim/4.5/exts/3/omni.graph.visualization.nodes-2.1.1/omni/graph/visualization/nodes/ogn/tests/TestOgnDrawLine.py
[2026-06-25 16:43:37,268][ogn_registration][INFO] - ... created the module as <module 'omni.graph.visualization.nodes.ogn.tests.TestOgnDrawLine' from '/share/project/sijie/tmp/root-20260623-124001-extracted/.venvs/isaaclab-mosaic/lib/python3.10/site-packages/omni/data/Kit/Isaac-Sim/4.5/exts/3/omni.graph.visualization.nodes-2.1.1/omni/graph/visualization/nodes/ogn/tests/TestOgnDrawLine.py'>
[2026-06-25 16:43:37,272][ogn_registration][INFO] - ...Imported test omni.graph.visualization.nodes.ogn.tests.TestOgnDrawLine into <module 'omni.graph.visualization.nodes.ogn.tests.TestOgnDrawLine' from '/share/project/sijie/tmp/root-20260623-124001-extracted/.venvs/isaaclab-mosaic/lib/python3.10/site-packages/omni/data/Kit/Isaac-Sim/4.5/exts/3/omni.graph.visualization.nodes-2.1.1/omni/graph/visualization/nodes/ogn/tests/TestOgnDrawLine.py'> from /share/project/sijie/tmp/root-20260623-124001-extracted/.venvs/isaaclab-mosaic/lib/python3.10/site-packages/omni/data/Kit/Isaac-Sim/4.5/exts/3/omni.graph.visualization.nodes-2.1.1/omni/graph/visualization/nodes/ogn/tests/TestOgnDrawLine.py
[2026-06-25 16:43:37,272][ogn_registration][INFO] - Importing module omni.graph.visualization.nodes.ogn.OgnDrawScreenSpaceTextDatabase from /share/project/sijie/tmp/root-20260623-124001-extracted/.venvs/isaaclab-mosaic/lib/python3.10/site-packages/omni/data/Kit/Isaac-Sim/4.5/exts/3/omni.graph.visualization.nodes-2.1.1/omni/graph/visualization/nodes/ogn/OgnDrawScreenSpaceTextDatabase.py
[2026-06-25 16:43:37,275][ogn_registration][INFO] - ... created the module as <module 'omni.graph.visualization.nodes.ogn.OgnDrawScreenSpaceTextDatabase' from '/share/project/sijie/tmp/root-20260623-124001-extracted/.venvs/isaaclab-mosaic/lib/python3.10/site-packages/omni/data/Kit/Isaac-Sim/4.5/exts/3/omni.graph.visualization.nodes-2.1.1/omni/graph/visualization/nodes/ogn/OgnDrawScreenSpaceTextDatabase.py'>
[2026-06-25 16:43:37,275][ogn_registration][INFO] - ...Import DB omni.graph.visualization.nodes.ogn.OgnDrawScreenSpaceTextDatabase into ['OgnDrawScreenSpaceTextDatabase', '__builtins__', '__cached__', '__doc__', '__file__', '__loader__', '__name__', '__package__', '__spec__', '_og', 'numpy', 'og', 'ogn', 'sys', 'traceback'] from /share/project/sijie/tmp/root-20260623-124001-extracted/.venvs/isaaclab-mosaic/lib/python3.10/site-packages/omni/data/Kit/Isaac-Sim/4.5/exts/3/omni.graph.visualization.nodes-2.1.1/omni/graph/visualization/nodes/ogn/OgnDrawScreenSpaceTextDatabase.py
[2026-06-25 16:43:37,275][ogn_registration][INFO] - Importing module omni.graph.visualization.nodes.ogn.nodes.OgnDrawScreenSpaceText from /share/project/sijie/tmp/root-20260623-124001-extracted/.venvs/isaaclab-mosaic/lib/python3.10/site-packages/omni/data/Kit/Isaac-Sim/4.5/exts/3/omni.graph.visualization.nodes-2.1.1/omni/graph/visualization/nodes/ogn/nodes/OgnDrawScreenSpaceText.py
[2026-06-25 16:43:37,276][ogn_registration][INFO] - ... created the module as <module 'omni.graph.visualization.nodes.ogn.nodes.OgnDrawScreenSpaceText' from '/share/project/sijie/tmp/root-20260623-124001-extracted/.venvs/isaaclab-mosaic/lib/python3.10/site-packages/omni/data/Kit/Isaac-Sim/4.5/exts/3/omni.graph.visualization.nodes-2.1.1/omni/graph/visualization/nodes/ogn/nodes/OgnDrawScreenSpaceText.py'>
[2026-06-25 16:43:37,276][ogn_registration][INFO] - ...Import Node omni.graph.visualization.nodes.ogn.nodes.OgnDrawScreenSpaceText into <module 'omni.graph.visualization.nodes.ogn.nodes.OgnDrawScreenSpaceText' from '/share/project/sijie/tmp/root-20260623-124001-extracted/.venvs/isaaclab-mosaic/lib/python3.10/site-packages/omni/data/Kit/Isaac-Sim/4.5/exts/3/omni.graph.visualization.nodes-2.1.1/omni/graph/visualization/nodes/ogn/nodes/OgnDrawScreenSpaceText.py'> from /share/project/sijie/tmp/root-20260623-124001-extracted/.venvs/isaaclab-mosaic/lib/python3.10/site-packages/omni/data/Kit/Isaac-Sim/4.5/exts/3/omni.graph.visualization.nodes-2.1.1/omni/graph/visualization/nodes/ogn/nodes/OgnDrawScreenSpaceText.py
[2026-06-25 16:43:37,276][ogn_registration][INFO] - Importing module omni.graph.visualization.nodes.ogn.tests.TestOgnDrawScreenSpaceText from /share/project/sijie/tmp/root-20260623-124001-extracted/.venvs/isaaclab-mosaic/lib/python3.10/site-packages/omni/data/Kit/Isaac-Sim/4.5/exts/3/omni.graph.visualization.nodes-2.1.1/omni/graph/visualization/nodes/ogn/tests/TestOgnDrawScreenSpaceText.py
[2026-06-25 16:43:37,285][ogn_registration][INFO] - ... created the module as <module 'omni.graph.visualization.nodes.ogn.tests.TestOgnDrawScreenSpaceText' from '/share/project/sijie/tmp/root-20260623-124001-extracted/.venvs/isaaclab-mosaic/lib/python3.10/site-packages/omni/data/Kit/Isaac-Sim/4.5/exts/3/omni.graph.visualization.nodes-2.1.1/omni/graph/visualization/nodes/ogn/tests/TestOgnDrawScreenSpaceText.py'>
[2026-06-25 16:43:37,285][ogn_registration][INFO] - ...Imported test omni.graph.visualization.nodes.ogn.tests.TestOgnDrawScreenSpaceText into <module 'omni.graph.visualization.nodes.ogn.tests.TestOgnDrawScreenSpaceText' from '/share/project/sijie/tmp/root-20260623-124001-extracted/.venvs/isaaclab-mosaic/lib/python3.10/site-packages/omni/data/Kit/Isaac-Sim/4.5/exts/3/omni.graph.visualization.nodes-2.1.1/omni/graph/visualization/nodes/ogn/tests/TestOgnDrawScreenSpaceText.py'> from /share/project/sijie/tmp/root-20260623-124001-extracted/.venvs/isaaclab-mosaic/lib/python3.10/site-packages/omni/data/Kit/Isaac-Sim/4.5/exts/3/omni.graph.visualization.nodes-2.1.1/omni/graph/visualization/nodes/ogn/tests/TestOgnDrawScreenSpaceText.py
[2026-06-25 16:43:37,285][ogn_registration][INFO] - omni.graph.visualization.nodes: Time to import the generated objects = 0.050020
[2026-06-25 16:43:37,285][ogn_registration][INFO] - Registering the nodes in omni.graph.visualization.nodes
[2026-06-25 16:43:37,285][ogn_registration][INFO] - -- node implementations {'OgnDrawLabelDatabase': <class 'omni.graph.visualization.nodes.ogn.nodes.OgnDrawLabel.OgnDrawLabel'>, 'OgnDrawLineDatabase': <class 'omni.graph.visualization.nodes.ogn.nodes.OgnDrawLine.OgnDrawLine'>, 'OgnDrawScreenSpaceTextDatabase': <class 'omni.graph.visualization.nodes.ogn.nodes.OgnDrawScreenSpaceText.OgnDrawScreenSpaceText'>}
[2026-06-25 16:43:37,285][ogn_registration][INFO] - Found the database class <class 'omni.graph.visualization.nodes.ogn.OgnDrawLabelDatabase.OgnDrawLabelDatabase'> with node module <class 'omni.graph.visualization.nodes.ogn.nodes.OgnDrawLabel.OgnDrawLabel'>
[2026-06-25 16:43:37,286][ogn_registration][INFO] - Registered okay, adding the deregister function <function OgnDrawLabelDatabase.deregister at 0x7fe315582b90>
[2026-06-25 16:43:37,286][ogn_registration][INFO] - ...Registered through database OgnDrawLabelDatabase
[2026-06-25 16:43:37,286][ogn_registration][INFO] - Found the database class <class 'omni.graph.visualization.nodes.ogn.OgnDrawLineDatabase.OgnDrawLineDatabase'> with node module <class 'omni.graph.visualization.nodes.ogn.nodes.OgnDrawLine.OgnDrawLine'>
[2026-06-25 16:43:37,287][ogn_registration][INFO] - Registered okay, adding the deregister function <function OgnDrawLineDatabase.deregister at 0x7fe3155c43a0>
[2026-06-25 16:43:37,287][ogn_registration][INFO] - ...Registered through database OgnDrawLineDatabase
[2026-06-25 16:43:37,287][ogn_registration][INFO] - Found the database class <class 'omni.graph.visualization.nodes.ogn.OgnDrawScreenSpaceTextDatabase.OgnDrawScreenSpaceTextDatabase'> with node module <class 'omni.graph.visualization.nodes.ogn.nodes.OgnDrawScreenSpaceText.OgnDrawScreenSpaceText'>
[2026-06-25 16:43:37,287][ogn_registration][INFO] - Registered okay, adding the deregister function <function OgnDrawScreenSpaceTextDatabase.deregister at 0x7fe3155c5cf0>
[2026-06-25 16:43:37,287][ogn_registration][INFO] - ...Registered through database OgnDrawScreenSpaceTextDatabase
[2026-06-25 16:43:37,287][ogn_registration][INFO] - omni.graph.visualization.nodes: Time to register the generated objects = 0.001900
[2026-06-25 16:43:37,287][ogn_registration][INFO] - OGN register omni.graph.visualization.nodes-2.1.1 took 159790839.000000
[2026-06-25 16:43:37,312][ogn_registration][INFO] - Looking for Python nodes to register in isaacsim.examples.browser-0.1.8
[2026-06-25 16:43:37,312][ogn_registration][INFO] -  -> Registered nodes from module isaacsim.examples.browser at /share/project/sijie/tmp/root-20260623-124001-extracted/.venvs/isaaclab-mosaic/lib/python3.10/site-packages/isaacsim/exts/isaacsim.examples.browser
[2026-06-25 16:43:37,317][ogn_registration][INFO] - Registering nodes in /share/project/sijie/tmp/root-20260623-124001-extracted/.venvs/isaaclab-mosaic/lib/python3.10/site-packages/isaacsim/exts/isaacsim.examples.browser imported as isaacsim.examples.browser with AutoNode config {}
[2026-06-25 16:43:37,317][ogn_registration][INFO] - Registering Python Node Types from isaacsim.examples.browser at /share/project/sijie/tmp/root-20260623-124001-extracted/.venvs/isaaclab-mosaic/lib/python3.10/site-packages/isaacsim/exts/isaacsim.examples.browser in isaacsim.examples.browser
[2026-06-25 16:43:37,318][ogn_registration][INFO] - ========================================================================================================================
[2026-06-25 16:43:37,320][ogn_registration][INFO] - No dependency on omni.graph, therefore no nodes to register in isaacsim.examples.browser
[2026-06-25 16:43:37,320][ogn_registration][INFO] - ...None found, no registration to do
[2026-06-25 16:43:37,320][ogn_registration][INFO] - ...Skipping: No OmniGraph presence in the module isaacsim.examples.browser - No nodes in this module, do not remember it
[2026-06-25 16:43:37,320][ogn_registration][INFO] - Destroying registration record for isaacsim.examples.browser
[2026-06-25 16:43:37,320][ogn_registration][INFO] - OGN register isaacsim.examples.browser-0.1.8 took 8224992.000000
[2026-06-25 16:43:37,329][ogn_registration][INFO] - Looking for Python nodes to register in omni.kit.ui_test-1.3.3
[2026-06-25 16:43:37,329][ogn_registration][INFO] -  -> Registered nodes from module omni.kit.ui_test at /share/project/sijie/tmp/root-20260623-124001-extracted/.venvs/isaaclab-mosaic/lib/python3.10/site-packages/omni/data/Kit/Isaac-Sim/4.5/exts/3/omni.kit.ui_test-1.3.3+d02c707b
[2026-06-25 16:43:37,329][ogn_registration][INFO] - Registering nodes in /share/project/sijie/tmp/root-20260623-124001-extracted/.venvs/isaaclab-mosaic/lib/python3.10/site-packages/omni/data/Kit/Isaac-Sim/4.5/exts/3/omni.kit.ui_test-1.3.3+d02c707b imported as omni.kit.ui_test with AutoNode config {}
[2026-06-25 16:43:37,329][ogn_registration][INFO] - Registering Python Node Types from omni.kit.ui_test at /share/project/sijie/tmp/root-20260623-124001-extracted/.venvs/isaaclab-mosaic/lib/python3.10/site-packages/omni/data/Kit/Isaac-Sim/4.5/exts/3/omni.kit.ui_test-1.3.3+d02c707b in omni.kit.ui_test
[2026-06-25 16:43:37,329][ogn_registration][INFO] - ========================================================================================================================
[2026-06-25 16:43:37,330][ogn_registration][INFO] - No dependency on omni.graph, therefore no nodes to register in omni.kit.ui_test
[2026-06-25 16:43:37,330][ogn_registration][INFO] - ...None found, no registration to do
[2026-06-25 16:43:37,330][ogn_registration][INFO] - ...Skipping: No OmniGraph presence in the module omni.kit.ui_test - No nodes in this module, do not remember it
[2026-06-25 16:43:37,330][ogn_registration][INFO] - Destroying registration record for omni.kit.ui_test
[2026-06-25 16:43:37,330][ogn_registration][INFO] - OGN register omni.kit.ui_test-1.3.3 took 1369434.000000
[2026-06-25 16:43:37,385][ogn_registration][INFO] - Looking for Python nodes to register in omni.kit.window.extensions-1.4.25
[2026-06-25 16:43:37,385][ogn_registration][INFO] -  -> Registered nodes from module omni.kit.window.extensions at /share/project/sijie/tmp/root-20260623-124001-extracted/.venvs/isaaclab-mosaic/lib/python3.10/site-packages/omni/data/Kit/Isaac-Sim/4.5/exts/3/omni.kit.window.extensions-1.4.25+d02c707b
[2026-06-25 16:43:37,385][ogn_registration][INFO] - Registering nodes in /share/project/sijie/tmp/root-20260623-124001-extracted/.venvs/isaaclab-mosaic/lib/python3.10/site-packages/omni/data/Kit/Isaac-Sim/4.5/exts/3/omni.kit.window.extensions-1.4.25+d02c707b imported as omni.kit.window.extensions with AutoNode config {}
[2026-06-25 16:43:37,386][ogn_registration][INFO] - Registering Python Node Types from omni.kit.window.extensions at /share/project/sijie/tmp/root-20260623-124001-extracted/.venvs/isaaclab-mosaic/lib/python3.10/site-packages/omni/data/Kit/Isaac-Sim/4.5/exts/3/omni.kit.window.extensions-1.4.25+d02c707b in omni.kit.window.extensions
[2026-06-25 16:43:37,398][ogn_registration][INFO] - ========================================================================================================================
[2026-06-25 16:43:37,399][ogn_registration][INFO] - No dependency on omni.graph, therefore no nodes to register in omni.kit.window.extensions
[2026-06-25 16:43:37,399][ogn_registration][INFO] - ...None found, no registration to do
[2026-06-25 16:43:37,399][ogn_registration][INFO] - ...Skipping: No OmniGraph presence in the module omni.kit.window.extensions - No nodes in this module, do not remember it
[2026-06-25 16:43:37,399][ogn_registration][INFO] - Destroying registration record for omni.kit.window.extensions
[2026-06-25 16:43:37,399][ogn_registration][INFO] - OGN register omni.kit.window.extensions-1.4.25 took 13885175.000000
[2026-06-25 16:43:37,404][ogn_registration][INFO] - Looking for Python nodes to register in omni.kit.widget.prompt-1.0.7
[2026-06-25 16:43:37,404][ogn_registration][INFO] -  -> Registered nodes from module omni.kit.widget.prompt at /share/project/sijie/tmp/root-20260623-124001-extracted/.venvs/isaaclab-mosaic/lib/python3.10/site-packages/omni/data/Kit/Isaac-Sim/4.5/exts/3/omni.kit.widget.prompt-1.0.7+d02c707b
[2026-06-25 16:43:37,405][ogn_registration][INFO] - Registering nodes in /share/project/sijie/tmp/root-20260623-124001-extracted/.venvs/isaaclab-mosaic/lib/python3.10/site-packages/omni/data/Kit/Isaac-Sim/4.5/exts/3/omni.kit.widget.prompt-1.0.7+d02c707b imported as omni.kit.widget.prompt with AutoNode config {}
[2026-06-25 16:43:37,405][ogn_registration][INFO] - Registering Python Node Types from omni.kit.widget.prompt at /share/project/sijie/tmp/root-20260623-124001-extracted/.venvs/isaaclab-mosaic/lib/python3.10/site-packages/omni/data/Kit/Isaac-Sim/4.5/exts/3/omni.kit.widget.prompt-1.0.7+d02c707b in omni.kit.widget.prompt
[2026-06-25 16:43:37,405][ogn_registration][INFO] - ========================================================================================================================
[2026-06-25 16:43:37,406][ogn_registration][INFO] - No dependency on omni.graph, therefore no nodes to register in omni.kit.widget.prompt
[2026-06-25 16:43:37,406][ogn_registration][INFO] - ...None found, no registration to do
[2026-06-25 16:43:37,406][ogn_registration][INFO] - ...Skipping: No OmniGraph presence in the module omni.kit.widget.prompt - No nodes in this module, do not remember it
[2026-06-25 16:43:37,406][ogn_registration][INFO] - Destroying registration record for omni.kit.widget.prompt
[2026-06-25 16:43:37,406][ogn_registration][INFO] - OGN register omni.kit.widget.prompt-1.0.7 took 1642872.000000
[2026-06-25 16:43:37,419][ogn_registration][INFO] - Looking for Python nodes to register in isaacsim.gui.components-1.0.9
[2026-06-25 16:43:37,419][ogn_registration][INFO] -  -> Registered nodes from module isaacsim.gui.components at /share/project/sijie/tmp/root-20260623-124001-extracted/.venvs/isaaclab-mosaic/lib/python3.10/site-packages/isaacsim/exts/isaacsim.gui.components
[2026-06-25 16:43:37,419][ogn_registration][INFO] - Registering nodes in /share/project/sijie/tmp/root-20260623-124001-extracted/.venvs/isaaclab-mosaic/lib/python3.10/site-packages/isaacsim/exts/isaacsim.gui.components imported as isaacsim.gui.components with AutoNode config {}
[2026-06-25 16:43:37,420][ogn_registration][INFO] - Registering Python Node Types from isaacsim.gui.components at /share/project/sijie/tmp/root-20260623-124001-extracted/.venvs/isaaclab-mosaic/lib/python3.10/site-packages/isaacsim/exts/isaacsim.gui.components in isaacsim.gui.components
[2026-06-25 16:43:37,420][ogn_registration][INFO] - ========================================================================================================================
[2026-06-25 16:43:37,422][ogn_registration][INFO] - Finding OmniGraph extension content manager for isaacsim.gui.components-1.0.9 in module isaacsim.gui.components at /share/project/sijie/tmp/root-20260623-124001-extracted/.venvs/isaaclab-mosaic/lib/python3.10/site-packages/isaacsim/exts/isaacsim.gui.components
[2026-06-25 16:43:37,429][ogn_registration][INFO] - -> New generated folder /share/project/sijie/tmp/root-20260623-124001-extracted/.venvs/isaaclab-mosaic/lib/python3.10/site-packages/isaacsim/exts/isaacsim.gui.components/ogn/isaacsim.gui.components is not a directory
[2026-06-25 16:43:37,434][ogn_registration][INFO] - -> Old ogn/ folder /share/project/sijie/tmp/root-20260623-124001-extracted/.venvs/isaaclab-mosaic/lib/python3.10/site-packages/isaacsim/exts/isaacsim.gui.components/isaacsim/gui/components/ogn is not a directory
[2026-06-25 16:43:37,434][ogn_registration][INFO] - _walk_with_excludes(start=/share/project/sijie/tmp/root-20260623-124001-extracted/.venvs/isaaclab-mosaic/lib/python3.10/site-packages/isaacsim/exts/isaacsim.gui.components/isaacsim/gui/components, exclude=['__pycache__'])
[2026-06-25 16:43:37,538][ogn_registration][INFO] -    ... walked /share/project/sijie/tmp/root-20260623-124001-extracted/.venvs/isaaclab-mosaic/lib/python3.10/site-packages/isaacsim/exts/isaacsim.gui.components/isaacsim/gui/components, ['tests', 'element_wrappers'], ['menu.py', 'widgets.py', 'dpad.py', 'ui_utils.py', 'style.py', 'callbacks.py', '__init__.py', 'print_to_screen.py']
[2026-06-25 16:43:37,539][ogn_registration][INFO] -    ... walked /share/project/sijie/tmp/root-20260623-124001-extracted/.venvs/isaaclab-mosaic/lib/python3.10/site-packages/isaacsim/exts/isaacsim.gui.components/isaacsim/gui/components/tests, [], ['test_screen_printer.py', 'test_ui_widget_wrappers.py', '__init__.py', 'test_ui.py']
[2026-06-25 16:43:37,540][ogn_registration][INFO] -    ... walked /share/project/sijie/tmp/root-20260623-124001-extracted/.venvs/isaaclab-mosaic/lib/python3.10/site-packages/isaacsim/exts/isaacsim.gui.components/isaacsim/gui/components/element_wrappers, [], ['ui_widget_wrappers.py', 'base_ui_element_wrappers.py', '__init__.py']
[2026-06-25 16:43:37,540][ogn_registration][INFO] - -> Extension contents not recognized as containing OmniGraph Python information
[2026-06-25 16:43:37,540][ogn_registration][INFO] - ...None found, no registration to do
[2026-06-25 16:43:37,540][ogn_registration][INFO] - ...Skipping: No OmniGraph presence in the module isaacsim.gui.components - No nodes in this module, do not remember it
[2026-06-25 16:43:37,540][ogn_registration][INFO] - Destroying registration record for isaacsim.gui.components
[2026-06-25 16:43:37,540][ogn_registration][INFO] -  -> Registered nodes from module isaacsim.gui.components.tests at /share/project/sijie/tmp/root-20260623-124001-extracted/.venvs/isaaclab-mosaic/lib/python3.10/site-packages/isaacsim/exts/isaacsim.gui.components
[2026-06-25 16:43:37,540][ogn_registration][INFO] - Registering nodes in /share/project/sijie/tmp/root-20260623-124001-extracted/.venvs/isaaclab-mosaic/lib/python3.10/site-packages/isaacsim/exts/isaacsim.gui.components imported as isaacsim.gui.components.tests with AutoNode config {}
[2026-06-25 16:43:37,540][ogn_registration][INFO] - Registering Python Node Types from isaacsim.gui.components.tests at /share/project/sijie/tmp/root-20260623-124001-extracted/.venvs/isaaclab-mosaic/lib/python3.10/site-packages/isaacsim/exts/isaacsim.gui.components in isaacsim.gui.components
[2026-06-25 16:43:37,540][ogn_registration][INFO] - ========================================================================================================================
[2026-06-25 16:43:37,542][ogn_registration][INFO] - Finding OmniGraph extension content manager for isaacsim.gui.components-1.0.9 in module isaacsim.gui.components.tests at /share/project/sijie/tmp/root-20260623-124001-extracted/.venvs/isaaclab-mosaic/lib/python3.10/site-packages/isaacsim/exts/isaacsim.gui.components
[2026-06-25 16:43:37,542][ogn_registration][INFO] - -> New generated folder /share/project/sijie/tmp/root-20260623-124001-extracted/.venvs/isaaclab-mosaic/lib/python3.10/site-packages/isaacsim/exts/isaacsim.gui.components/ogn/isaacsim.gui.components.tests is not a directory
[2026-06-25 16:43:37,548][ogn_registration][INFO] - -> Old ogn/ folder /share/project/sijie/tmp/root-20260623-124001-extracted/.venvs/isaaclab-mosaic/lib/python3.10/site-packages/isaacsim/exts/isaacsim.gui.components/isaacsim/gui/components/tests/ogn is not a directory
[2026-06-25 16:43:37,548][ogn_registration][INFO] - _walk_with_excludes(start=/share/project/sijie/tmp/root-20260623-124001-extracted/.venvs/isaaclab-mosaic/lib/python3.10/site-packages/isaacsim/exts/isaacsim.gui.components/isaacsim/gui/components/tests, exclude=['__pycache__'])
[2026-06-25 16:43:37,550][ogn_registration][INFO] -    ... walked /share/project/sijie/tmp/root-20260623-124001-extracted/.venvs/isaaclab-mosaic/lib/python3.10/site-packages/isaacsim/exts/isaacsim.gui.components/isaacsim/gui/components/tests, [], ['test_screen_printer.py', 'test_ui_widget_wrappers.py', '__init__.py', 'test_ui.py']
[2026-06-25 16:43:37,550][ogn_registration][INFO] - -> Extension contents not recognized as containing OmniGraph Python information
[2026-06-25 16:43:37,550][ogn_registration][INFO] - ...None found, no registration to do
[2026-06-25 16:43:37,550][ogn_registration][INFO] - ...Skipping: No OmniGraph presence in the module isaacsim.gui.components.tests - No nodes in this module, do not remember it
[2026-06-25 16:43:37,550][ogn_registration][INFO] - Destroying registration record for isaacsim.gui.components
[2026-06-25 16:43:37,550][ogn_registration][INFO] - OGN register isaacsim.gui.components-1.0.9 took 130605882.000000
[2026-06-25 16:43:37,597][ogn_registration][INFO] - Looking for Python nodes to register in omni.kit.tool.asset_importer-2.12.6
[2026-06-25 16:43:37,597][ogn_registration][INFO] -  -> Registered nodes from module omni.kit.tool.asset_importer at /share/project/sijie/tmp/root-20260623-124001-extracted/.venvs/isaaclab-mosaic/lib/python3.10/site-packages/omni/data/Kit/Isaac-Sim/4.5/exts/3/omni.kit.tool.asset_importer-2.12.6+106.5.0
[2026-06-25 16:43:37,597][ogn_registration][INFO] - Registering nodes in /share/project/sijie/tmp/root-20260623-124001-extracted/.venvs/isaaclab-mosaic/lib/python3.10/site-packages/omni/data/Kit/Isaac-Sim/4.5/exts/3/omni.kit.tool.asset_importer-2.12.6+106.5.0 imported as omni.kit.tool.asset_importer with AutoNode config {}
[2026-06-25 16:43:37,597][ogn_registration][INFO] - Registering Python Node Types from omni.kit.tool.asset_importer at /share/project/sijie/tmp/root-20260623-124001-extracted/.venvs/isaaclab-mosaic/lib/python3.10/site-packages/omni/data/Kit/Isaac-Sim/4.5/exts/3/omni.kit.tool.asset_importer-2.12.6+106.5.0 in omni.kit.tool.asset_importer
[2026-06-25 16:43:37,597][ogn_registration][INFO] - ========================================================================================================================
[2026-06-25 16:43:37,599][ogn_registration][INFO] - No dependency on omni.graph, therefore no nodes to register in omni.kit.tool.asset_importer
[2026-06-25 16:43:37,599][ogn_registration][INFO] - ...None found, no registration to do
[2026-06-25 16:43:37,599][ogn_registration][INFO] - ...Skipping: No OmniGraph presence in the module omni.kit.tool.asset_importer - No nodes in this module, do not remember it
[2026-06-25 16:43:37,599][ogn_registration][INFO] - Destroying registration record for omni.kit.tool.asset_importer
[2026-06-25 16:43:37,599][ogn_registration][INFO] - OGN register omni.kit.tool.asset_importer-2.12.6 took 2439802.000000
[2026-06-25 16:43:37,683][ogn_registration][INFO] - Looking for Python nodes to register in isaacsim.asset.importer.urdf-2.3.14
[2026-06-25 16:43:37,684][ogn_registration][INFO] -  -> Registered nodes from module isaacsim.asset.importer.urdf at /share/project/sijie/tmp/root-20260623-124001-extracted/.venvs/isaaclab-mosaic/lib/python3.10/site-packages/omni/data/Kit/Isaac-Sim/4.5/exts/3/isaacsim.asset.importer.urdf-2.3.14+106.5.0.lx64.r.cp310
[2026-06-25 16:43:37,684][ogn_registration][INFO] - Registering nodes in /share/project/sijie/tmp/root-20260623-124001-extracted/.venvs/isaaclab-mosaic/lib/python3.10/site-packages/omni/data/Kit/Isaac-Sim/4.5/exts/3/isaacsim.asset.importer.urdf-2.3.14+106.5.0.lx64.r.cp310 imported as isaacsim.asset.importer.urdf with AutoNode config {}
[2026-06-25 16:43:37,687][ogn_registration][INFO] - Registering Python Node Types from isaacsim.asset.importer.urdf at /share/project/sijie/tmp/root-20260623-124001-extracted/.venvs/isaaclab-mosaic/lib/python3.10/site-packages/omni/data/Kit/Isaac-Sim/4.5/exts/3/isaacsim.asset.importer.urdf-2.3.14+106.5.0.lx64.r.cp310 in isaacsim.asset.importer.urdf
[2026-06-25 16:43:37,687][ogn_registration][INFO] - ========================================================================================================================
[2026-06-25 16:43:37,690][ogn_registration][INFO] - Finding OmniGraph extension content manager for isaacsim.asset.importer.urdf-2.3.14 in module isaacsim.asset.importer.urdf at /share/project/sijie/tmp/root-20260623-124001-extracted/.venvs/isaaclab-mosaic/lib/python3.10/site-packages/omni/data/Kit/Isaac-Sim/4.5/exts/3/isaacsim.asset.importer.urdf-2.3.14+106.5.0.lx64.r.cp310
[2026-06-25 16:43:37,691][ogn_registration][INFO] - -> New generated folder /share/project/sijie/tmp/root-20260623-124001-extracted/.venvs/isaaclab-mosaic/lib/python3.10/site-packages/omni/data/Kit/Isaac-Sim/4.5/exts/3/isaacsim.asset.importer.urdf-2.3.14+106.5.0.lx64.r.cp310/ogn/isaacsim.asset.importer.urdf is not a directory
[2026-06-25 16:43:37,691][ogn_registration][INFO] - -> Old ogn/ folder /share/project/sijie/tmp/root-20260623-124001-extracted/.venvs/isaaclab-mosaic/lib/python3.10/site-packages/omni/data/Kit/Isaac-Sim/4.5/exts/3/isaacsim.asset.importer.urdf-2.3.14+106.5.0.lx64.r.cp310/isaacsim/asset/importer/urdf/ogn is not a directory
[2026-06-25 16:43:37,691][ogn_registration][INFO] - _walk_with_excludes(start=/share/project/sijie/tmp/root-20260623-124001-extracted/.venvs/isaaclab-mosaic/lib/python3.10/site-packages/omni/data/Kit/Isaac-Sim/4.5/exts/3/isaacsim.asset.importer.urdf-2.3.14+106.5.0.lx64.r.cp310/isaacsim/asset/importer/urdf, exclude=['__pycache__'])
[2026-06-25 16:43:37,755][ogn_registration][INFO] -    ... walked /share/project/sijie/tmp/root-20260623-124001-extracted/.venvs/isaaclab-mosaic/lib/python3.10/site-packages/omni/data/Kit/Isaac-Sim/4.5/exts/3/isaacsim.asset.importer.urdf-2.3.14+106.5.0.lx64.r.cp310/isaacsim/asset/importer/urdf, ['tests', 'scripts'], ['__init__.py', '_urdf.cpython-310-x86_64-linux-gnu.so']
[2026-06-25 16:43:37,756][ogn_registration][INFO] -    ... walked /share/project/sijie/tmp/root-20260623-124001-extracted/.venvs/isaaclab-mosaic/lib/python3.10/site-packages/omni/data/Kit/Isaac-Sim/4.5/exts/3/isaacsim.asset.importer.urdf-2.3.14+106.5.0.lx64.r.cp310/isaacsim/asset/importer/urdf/tests, [], ['__init__.py', 'test_urdf.py']
[2026-06-25 16:43:37,831][ogn_registration][INFO] -    ... walked /share/project/sijie/tmp/root-20260623-124001-extracted/.venvs/isaaclab-mosaic/lib/python3.10/site-packages/omni/data/Kit/Isaac-Sim/4.5/exts/3/isaacsim.asset.importer.urdf-2.3.14+106.5.0.lx64.r.cp310/isaacsim/asset/importer/urdf/scripts, ['ui', 'samples'], ['__init__.py', 'extension.py', 'commands.py']
[2026-06-25 16:43:37,831][ogn_registration][INFO] -    ... walked /share/project/sijie/tmp/root-20260623-124001-extracted/.venvs/isaaclab-mosaic/lib/python3.10/site-packages/omni/data/Kit/Isaac-Sim/4.5/exts/3/isaacsim.asset.importer.urdf-2.3.14+106.5.0.lx64.r.cp310/isaacsim/asset/importer/urdf/scripts/ui, [], ['__init__.py', 'resetable_widget.py', 'UrdfLinkWidget.py', 'ui_utils.py', 'style.py', 'UrdfOptionWidget.py', 'UrdfJointWidgetWithID.py', 'menu.py']
[2026-06-25 16:43:37,832][ogn_registration][INFO] -    ... walked /share/project/sijie/tmp/root-20260623-124001-extracted/.venvs/isaaclab-mosaic/lib/python3.10/site-packages/omni/data/Kit/Isaac-Sim/4.5/exts/3/isaacsim.asset.importer.urdf-2.3.14+106.5.0.lx64.r.cp310/isaacsim/asset/importer/urdf/scripts/samples, [], ['common.py', 'import_franka.py', 'import_kaya.py', 'import_carter.py', 'import_ur10.py']
[2026-06-25 16:43:37,838][ogn_registration][INFO] - -> Extension contents not recognized as containing OmniGraph Python information
[2026-06-25 16:43:37,838][ogn_registration][INFO] - ...None found, no registration to do
[2026-06-25 16:43:37,838][ogn_registration][INFO] - ...Skipping: No OmniGraph presence in the module isaacsim.asset.importer.urdf - No nodes in this module, do not remember it
[2026-06-25 16:43:37,838][ogn_registration][INFO] - Destroying registration record for isaacsim.asset.importer.urdf
[2026-06-25 16:43:37,838][ogn_registration][INFO] -  -> Registered nodes from module isaacsim.asset.importer.urdf.tests at /share/project/sijie/tmp/root-20260623-124001-extracted/.venvs/isaaclab-mosaic/lib/python3.10/site-packages/omni/data/Kit/Isaac-Sim/4.5/exts/3/isaacsim.asset.importer.urdf-2.3.14+106.5.0.lx64.r.cp310
[2026-06-25 16:43:37,838][ogn_registration][INFO] - Registering nodes in /share/project/sijie/tmp/root-20260623-124001-extracted/.venvs/isaaclab-mosaic/lib/python3.10/site-packages/omni/data/Kit/Isaac-Sim/4.5/exts/3/isaacsim.asset.importer.urdf-2.3.14+106.5.0.lx64.r.cp310 imported as isaacsim.asset.importer.urdf.tests with AutoNode config {}
[2026-06-25 16:43:37,838][ogn_registration][INFO] - Registering Python Node Types from isaacsim.asset.importer.urdf.tests at /share/project/sijie/tmp/root-20260623-124001-extracted/.venvs/isaaclab-mosaic/lib/python3.10/site-packages/omni/data/Kit/Isaac-Sim/4.5/exts/3/isaacsim.asset.importer.urdf-2.3.14+106.5.0.lx64.r.cp310 in isaacsim.asset.importer.urdf
[2026-06-25 16:43:37,838][ogn_registration][INFO] - ========================================================================================================================
[2026-06-25 16:43:37,840][ogn_registration][INFO] - Finding OmniGraph extension content manager for isaacsim.asset.importer.urdf-2.3.14 in module isaacsim.asset.importer.urdf.tests at /share/project/sijie/tmp/root-20260623-124001-extracted/.venvs/isaaclab-mosaic/lib/python3.10/site-packages/omni/data/Kit/Isaac-Sim/4.5/exts/3/isaacsim.asset.importer.urdf-2.3.14+106.5.0.lx64.r.cp310
[2026-06-25 16:43:37,841][ogn_registration][INFO] - -> New generated folder /share/project/sijie/tmp/root-20260623-124001-extracted/.venvs/isaaclab-mosaic/lib/python3.10/site-packages/omni/data/Kit/Isaac-Sim/4.5/exts/3/isaacsim.asset.importer.urdf-2.3.14+106.5.0.lx64.r.cp310/ogn/isaacsim.asset.importer.urdf.tests is not a directory
[2026-06-25 16:43:37,841][ogn_registration][INFO] - -> Old ogn/ folder /share/project/sijie/tmp/root-20260623-124001-extracted/.venvs/isaaclab-mosaic/lib/python3.10/site-packages/omni/data/Kit/Isaac-Sim/4.5/exts/3/isaacsim.asset.importer.urdf-2.3.14+106.5.0.lx64.r.cp310/isaacsim/asset/importer/urdf/tests/ogn is not a directory
[2026-06-25 16:43:37,841][ogn_registration][INFO] - _walk_with_excludes(start=/share/project/sijie/tmp/root-20260623-124001-extracted/.venvs/isaaclab-mosaic/lib/python3.10/site-packages/omni/data/Kit/Isaac-Sim/4.5/exts/3/isaacsim.asset.importer.urdf-2.3.14+106.5.0.lx64.r.cp310/isaacsim/asset/importer/urdf/tests, exclude=['__pycache__'])
[2026-06-25 16:43:37,841][ogn_registration][INFO] -    ... walked /share/project/sijie/tmp/root-20260623-124001-extracted/.venvs/isaaclab-mosaic/lib/python3.10/site-packages/omni/data/Kit/Isaac-Sim/4.5/exts/3/isaacsim.asset.importer.urdf-2.3.14+106.5.0.lx64.r.cp310/isaacsim/asset/importer/urdf/tests, [], ['__init__.py', 'test_urdf.py']
[2026-06-25 16:43:37,841][ogn_registration][INFO] - -> Extension contents not recognized as containing OmniGraph Python information
[2026-06-25 16:43:37,841][ogn_registration][INFO] - ...None found, no registration to do
[2026-06-25 16:43:37,841][ogn_registration][INFO] - ...Skipping: No OmniGraph presence in the module isaacsim.asset.importer.urdf.tests - No nodes in this module, do not remember it
[2026-06-25 16:43:37,841][ogn_registration][INFO] - Destroying registration record for isaacsim.asset.importer.urdf
[2026-06-25 16:43:37,841][ogn_registration][INFO] -  -> Registered nodes from module isaacsim.asset.importer.urdf.scripts.ui at /share/project/sijie/tmp/root-20260623-124001-extracted/.venvs/isaaclab-mosaic/lib/python3.10/site-packages/omni/data/Kit/Isaac-Sim/4.5/exts/3/isaacsim.asset.importer.urdf-2.3.14+106.5.0.lx64.r.cp310
[2026-06-25 16:43:37,846][ogn_registration][INFO] - Registering nodes in /share/project/sijie/tmp/root-20260623-124001-extracted/.venvs/isaaclab-mosaic/lib/python3.10/site-packages/omni/data/Kit/Isaac-Sim/4.5/exts/3/isaacsim.asset.importer.urdf-2.3.14+106.5.0.lx64.r.cp310 imported as isaacsim.asset.importer.urdf.scripts.ui with AutoNode config {}
[2026-06-25 16:43:37,846][ogn_registration][INFO] - Registering Python Node Types from isaacsim.asset.importer.urdf.scripts.ui at /share/project/sijie/tmp/root-20260623-124001-extracted/.venvs/isaaclab-mosaic/lib/python3.10/site-packages/omni/data/Kit/Isaac-Sim/4.5/exts/3/isaacsim.asset.importer.urdf-2.3.14+106.5.0.lx64.r.cp310 in isaacsim.asset.importer.urdf
[2026-06-25 16:43:37,846][ogn_registration][INFO] - ========================================================================================================================
[2026-06-25 16:43:37,849][ogn_registration][INFO] - Finding OmniGraph extension content manager for isaacsim.asset.importer.urdf-2.3.14 in module isaacsim.asset.importer.urdf.scripts.ui at /share/project/sijie/tmp/root-20260623-124001-extracted/.venvs/isaaclab-mosaic/lib/python3.10/site-packages/omni/data/Kit/Isaac-Sim/4.5/exts/3/isaacsim.asset.importer.urdf-2.3.14+106.5.0.lx64.r.cp310
[2026-06-25 16:43:37,849][ogn_registration][INFO] - -> New generated folder /share/project/sijie/tmp/root-20260623-124001-extracted/.venvs/isaaclab-mosaic/lib/python3.10/site-packages/omni/data/Kit/Isaac-Sim/4.5/exts/3/isaacsim.asset.importer.urdf-2.3.14+106.5.0.lx64.r.cp310/ogn/isaacsim.asset.importer.urdf.scripts.ui is not a directory
[2026-06-25 16:43:37,849][ogn_registration][INFO] - -> Old ogn/ folder /share/project/sijie/tmp/root-20260623-124001-extracted/.venvs/isaaclab-mosaic/lib/python3.10/site-packages/omni/data/Kit/Isaac-Sim/4.5/exts/3/isaacsim.asset.importer.urdf-2.3.14+106.5.0.lx64.r.cp310/isaacsim/asset/importer/urdf/scripts/ui/ogn is not a directory
[2026-06-25 16:43:37,849][ogn_registration][INFO] - _walk_with_excludes(start=/share/project/sijie/tmp/root-20260623-124001-extracted/.venvs/isaaclab-mosaic/lib/python3.10/site-packages/omni/data/Kit/Isaac-Sim/4.5/exts/3/isaacsim.asset.importer.urdf-2.3.14+106.5.0.lx64.r.cp310/isaacsim/asset/importer/urdf/scripts/ui, exclude=['__pycache__'])
[2026-06-25 16:43:37,849][ogn_registration][INFO] -    ... walked /share/project/sijie/tmp/root-20260623-124001-extracted/.venvs/isaaclab-mosaic/lib/python3.10/site-packages/omni/data/Kit/Isaac-Sim/4.5/exts/3/isaacsim.asset.importer.urdf-2.3.14+106.5.0.lx64.r.cp310/isaacsim/asset/importer/urdf/scripts/ui, [], ['__init__.py', 'resetable_widget.py', 'UrdfLinkWidget.py', 'ui_utils.py', 'style.py', 'UrdfOptionWidget.py', 'UrdfJointWidgetWithID.py', 'menu.py']
[2026-06-25 16:43:37,849][ogn_registration][INFO] - -> Extension contents not recognized as containing OmniGraph Python information
[2026-06-25 16:43:37,849][ogn_registration][INFO] - ...None found, no registration to do
[2026-06-25 16:43:37,849][ogn_registration][INFO] - ...Skipping: No OmniGraph presence in the module isaacsim.asset.importer.urdf.scripts.ui - No nodes in this module, do not remember it
[2026-06-25 16:43:37,849][ogn_registration][INFO] - Destroying registration record for isaacsim.asset.importer.urdf
[2026-06-25 16:43:37,849][ogn_registration][INFO] -  -> Registered nodes from module isaacsim.asset.importer.urdf.scripts.samples.import_carter at /share/project/sijie/tmp/root-20260623-124001-extracted/.venvs/isaaclab-mosaic/lib/python3.10/site-packages/omni/data/Kit/Isaac-Sim/4.5/exts/3/isaacsim.asset.importer.urdf-2.3.14+106.5.0.lx64.r.cp310
[2026-06-25 16:43:37,849][ogn_registration][INFO] - Registering nodes in /share/project/sijie/tmp/root-20260623-124001-extracted/.venvs/isaaclab-mosaic/lib/python3.10/site-packages/omni/data/Kit/Isaac-Sim/4.5/exts/3/isaacsim.asset.importer.urdf-2.3.14+106.5.0.lx64.r.cp310 imported as isaacsim.asset.importer.urdf.scripts.samples.import_carter with AutoNode config {}
[2026-06-25 16:43:37,856][ogn_registration][INFO] - Registering Python Node Types from isaacsim.asset.importer.urdf.scripts.samples.import_carter at /share/project/sijie/tmp/root-20260623-124001-extracted/.venvs/isaaclab-mosaic/lib/python3.10/site-packages/omni/data/Kit/Isaac-Sim/4.5/exts/3/isaacsim.asset.importer.urdf-2.3.14+106.5.0.lx64.r.cp310 in isaacsim.asset.importer.urdf
[2026-06-25 16:43:37,856][ogn_registration][INFO] - ========================================================================================================================
[2026-06-25 16:43:37,858][ogn_registration][INFO] - Finding OmniGraph extension content manager for isaacsim.asset.importer.urdf-2.3.14 in module isaacsim.asset.importer.urdf.scripts.samples.import_carter at /share/project/sijie/tmp/root-20260623-124001-extracted/.venvs/isaaclab-mosaic/lib/python3.10/site-packages/omni/data/Kit/Isaac-Sim/4.5/exts/3/isaacsim.asset.importer.urdf-2.3.14+106.5.0.lx64.r.cp310
[2026-06-25 16:43:37,858][ogn_registration][INFO] - -> New generated folder /share/project/sijie/tmp/root-20260623-124001-extracted/.venvs/isaaclab-mosaic/lib/python3.10/site-packages/omni/data/Kit/Isaac-Sim/4.5/exts/3/isaacsim.asset.importer.urdf-2.3.14+106.5.0.lx64.r.cp310/ogn/isaacsim.asset.importer.urdf.scripts.samples.import_carter is not a directory
[2026-06-25 16:43:37,859][ogn_registration][INFO] - -> Old ogn/ folder /share/project/sijie/tmp/root-20260623-124001-extracted/.venvs/isaaclab-mosaic/lib/python3.10/site-packages/omni/data/Kit/Isaac-Sim/4.5/exts/3/isaacsim.asset.importer.urdf-2.3.14+106.5.0.lx64.r.cp310/isaacsim/asset/importer/urdf/scripts/samples/import_carter/ogn is not a directory
[2026-06-25 16:43:37,859][ogn_registration][INFO] - _walk_with_excludes(start=/share/project/sijie/tmp/root-20260623-124001-extracted/.venvs/isaaclab-mosaic/lib/python3.10/site-packages/omni/data/Kit/Isaac-Sim/4.5/exts/3/isaacsim.asset.importer.urdf-2.3.14+106.5.0.lx64.r.cp310/isaacsim/asset/importer/urdf/scripts/samples/import_carter, exclude=['__pycache__'])
[2026-06-25 16:43:37,859][ogn_registration][INFO] - -> Extension contents not recognized as containing OmniGraph Python information
[2026-06-25 16:43:37,859][ogn_registration][INFO] - ...None found, no registration to do
[2026-06-25 16:43:37,859][ogn_registration][INFO] - ...Skipping: No OmniGraph presence in the module isaacsim.asset.importer.urdf.scripts.samples.import_carter - No nodes in this module, do not remember it
[2026-06-25 16:43:37,859][ogn_registration][INFO] - Destroying registration record for isaacsim.asset.importer.urdf
[2026-06-25 16:43:37,859][ogn_registration][INFO] -  -> Registered nodes from module isaacsim.asset.importer.urdf.scripts.samples.import_franka at /share/project/sijie/tmp/root-20260623-124001-extracted/.venvs/isaaclab-mosaic/lib/python3.10/site-packages/omni/data/Kit/Isaac-Sim/4.5/exts/3/isaacsim.asset.importer.urdf-2.3.14+106.5.0.lx64.r.cp310
[2026-06-25 16:43:37,859][ogn_registration][INFO] - Registering nodes in /share/project/sijie/tmp/root-20260623-124001-extracted/.venvs/isaaclab-mosaic/lib/python3.10/site-packages/omni/data/Kit/Isaac-Sim/4.5/exts/3/isaacsim.asset.importer.urdf-2.3.14+106.5.0.lx64.r.cp310 imported as isaacsim.asset.importer.urdf.scripts.samples.import_franka with AutoNode config {}
[2026-06-25 16:43:37,859][ogn_registration][INFO] - Registering Python Node Types from isaacsim.asset.importer.urdf.scripts.samples.import_franka at /share/project/sijie/tmp/root-20260623-124001-extracted/.venvs/isaaclab-mosaic/lib/python3.10/site-packages/omni/data/Kit/Isaac-Sim/4.5/exts/3/isaacsim.asset.importer.urdf-2.3.14+106.5.0.lx64.r.cp310 in isaacsim.asset.importer.urdf
[2026-06-25 16:43:37,859][ogn_registration][INFO] - ========================================================================================================================
[2026-06-25 16:43:37,861][ogn_registration][INFO] - Finding OmniGraph extension content manager for isaacsim.asset.importer.urdf-2.3.14 in module isaacsim.asset.importer.urdf.scripts.samples.import_franka at /share/project/sijie/tmp/root-20260623-124001-extracted/.venvs/isaaclab-mosaic/lib/python3.10/site-packages/omni/data/Kit/Isaac-Sim/4.5/exts/3/isaacsim.asset.importer.urdf-2.3.14+106.5.0.lx64.r.cp310
[2026-06-25 16:43:37,877][ogn_registration][INFO] - -> New generated folder /share/project/sijie/tmp/root-20260623-124001-extracted/.venvs/isaaclab-mosaic/lib/python3.10/site-packages/omni/data/Kit/Isaac-Sim/4.5/exts/3/isaacsim.asset.importer.urdf-2.3.14+106.5.0.lx64.r.cp310/ogn/isaacsim.asset.importer.urdf.scripts.samples.import_franka is not a directory
[2026-06-25 16:43:37,877][ogn_registration][INFO] - -> Old ogn/ folder /share/project/sijie/tmp/root-20260623-124001-extracted/.venvs/isaaclab-mosaic/lib/python3.10/site-packages/omni/data/Kit/Isaac-Sim/4.5/exts/3/isaacsim.asset.importer.urdf-2.3.14+106.5.0.lx64.r.cp310/isaacsim/asset/importer/urdf/scripts/samples/import_franka/ogn is not a directory
[2026-06-25 16:43:37,877][ogn_registration][INFO] - _walk_with_excludes(start=/share/project/sijie/tmp/root-20260623-124001-extracted/.venvs/isaaclab-mosaic/lib/python3.10/site-packages/omni/data/Kit/Isaac-Sim/4.5/exts/3/isaacsim.asset.importer.urdf-2.3.14+106.5.0.lx64.r.cp310/isaacsim/asset/importer/urdf/scripts/samples/import_franka, exclude=['__pycache__'])
[2026-06-25 16:43:37,878][ogn_registration][INFO] - -> Extension contents not recognized as containing OmniGraph Python information
[2026-06-25 16:43:37,878][ogn_registration][INFO] - ...None found, no registration to do
[2026-06-25 16:43:37,878][ogn_registration][INFO] - ...Skipping: No OmniGraph presence in the module isaacsim.asset.importer.urdf.scripts.samples.import_franka - No nodes in this module, do not remember it
[2026-06-25 16:43:37,878][ogn_registration][INFO] - Destroying registration record for isaacsim.asset.importer.urdf
[2026-06-25 16:43:37,878][ogn_registration][INFO] -  -> Registered nodes from module isaacsim.asset.importer.urdf.scripts.samples.import_kaya at /share/project/sijie/tmp/root-20260623-124001-extracted/.venvs/isaaclab-mosaic/lib/python3.10/site-packages/omni/data/Kit/Isaac-Sim/4.5/exts/3/isaacsim.asset.importer.urdf-2.3.14+106.5.0.lx64.r.cp310
[2026-06-25 16:43:37,878][ogn_registration][INFO] - Registering nodes in /share/project/sijie/tmp/root-20260623-124001-extracted/.venvs/isaaclab-mosaic/lib/python3.10/site-packages/omni/data/Kit/Isaac-Sim/4.5/exts/3/isaacsim.asset.importer.urdf-2.3.14+106.5.0.lx64.r.cp310 imported as isaacsim.asset.importer.urdf.scripts.samples.import_kaya with AutoNode config {}
[2026-06-25 16:43:37,878][ogn_registration][INFO] - Registering Python Node Types from isaacsim.asset.importer.urdf.scripts.samples.import_kaya at /share/project/sijie/tmp/root-20260623-124001-extracted/.venvs/isaaclab-mosaic/lib/python3.10/site-packages/omni/data/Kit/Isaac-Sim/4.5/exts/3/isaacsim.asset.importer.urdf-2.3.14+106.5.0.lx64.r.cp310 in isaacsim.asset.importer.urdf
[2026-06-25 16:43:37,878][ogn_registration][INFO] - ========================================================================================================================
[2026-06-25 16:43:37,880][ogn_registration][INFO] - Finding OmniGraph extension content manager for isaacsim.asset.importer.urdf-2.3.14 in module isaacsim.asset.importer.urdf.scripts.samples.import_kaya at /share/project/sijie/tmp/root-20260623-124001-extracted/.venvs/isaaclab-mosaic/lib/python3.10/site-packages/omni/data/Kit/Isaac-Sim/4.5/exts/3/isaacsim.asset.importer.urdf-2.3.14+106.5.0.lx64.r.cp310
[2026-06-25 16:43:37,880][ogn_registration][INFO] - -> New generated folder /share/project/sijie/tmp/root-20260623-124001-extracted/.venvs/isaaclab-mosaic/lib/python3.10/site-packages/omni/data/Kit/Isaac-Sim/4.5/exts/3/isaacsim.asset.importer.urdf-2.3.14+106.5.0.lx64.r.cp310/ogn/isaacsim.asset.importer.urdf.scripts.samples.import_kaya is not a directory
[2026-06-25 16:43:37,880][ogn_registration][INFO] - -> Old ogn/ folder /share/project/sijie/tmp/root-20260623-124001-extracted/.venvs/isaaclab-mosaic/lib/python3.10/site-packages/omni/data/Kit/Isaac-Sim/4.5/exts/3/isaacsim.asset.importer.urdf-2.3.14+106.5.0.lx64.r.cp310/isaacsim/asset/importer/urdf/scripts/samples/import_kaya/ogn is not a directory
[2026-06-25 16:43:37,884][ogn_registration][INFO] - _walk_with_excludes(start=/share/project/sijie/tmp/root-20260623-124001-extracted/.venvs/isaaclab-mosaic/lib/python3.10/site-packages/omni/data/Kit/Isaac-Sim/4.5/exts/3/isaacsim.asset.importer.urdf-2.3.14+106.5.0.lx64.r.cp310/isaacsim/asset/importer/urdf/scripts/samples/import_kaya, exclude=['__pycache__'])
[2026-06-25 16:43:37,884][ogn_registration][INFO] - -> Extension contents not recognized as containing OmniGraph Python information
[2026-06-25 16:43:37,884][ogn_registration][INFO] - ...None found, no registration to do
[2026-06-25 16:43:37,884][ogn_registration][INFO] - ...Skipping: No OmniGraph presence in the module isaacsim.asset.importer.urdf.scripts.samples.import_kaya - No nodes in this module, do not remember it
[2026-06-25 16:43:37,884][ogn_registration][INFO] - Destroying registration record for isaacsim.asset.importer.urdf
[2026-06-25 16:43:37,884][ogn_registration][INFO] -  -> Registered nodes from module isaacsim.asset.importer.urdf.scripts.samples.import_ur10 at /share/project/sijie/tmp/root-20260623-124001-extracted/.venvs/isaaclab-mosaic/lib/python3.10/site-packages/omni/data/Kit/Isaac-Sim/4.5/exts/3/isaacsim.asset.importer.urdf-2.3.14+106.5.0.lx64.r.cp310
[2026-06-25 16:43:37,884][ogn_registration][INFO] - Registering nodes in /share/project/sijie/tmp/root-20260623-124001-extracted/.venvs/isaaclab-mosaic/lib/python3.10/site-packages/omni/data/Kit/Isaac-Sim/4.5/exts/3/isaacsim.asset.importer.urdf-2.3.14+106.5.0.lx64.r.cp310 imported as isaacsim.asset.importer.urdf.scripts.samples.import_ur10 with AutoNode config {}
[2026-06-25 16:43:37,884][ogn_registration][INFO] - Registering Python Node Types from isaacsim.asset.importer.urdf.scripts.samples.import_ur10 at /share/project/sijie/tmp/root-20260623-124001-extracted/.venvs/isaaclab-mosaic/lib/python3.10/site-packages/omni/data/Kit/Isaac-Sim/4.5/exts/3/isaacsim.asset.importer.urdf-2.3.14+106.5.0.lx64.r.cp310 in isaacsim.asset.importer.urdf
[2026-06-25 16:43:37,884][ogn_registration][INFO] - ========================================================================================================================
[2026-06-25 16:43:37,886][ogn_registration][INFO] - Finding OmniGraph extension content manager for isaacsim.asset.importer.urdf-2.3.14 in module isaacsim.asset.importer.urdf.scripts.samples.import_ur10 at /share/project/sijie/tmp/root-20260623-124001-extracted/.venvs/isaaclab-mosaic/lib/python3.10/site-packages/omni/data/Kit/Isaac-Sim/4.5/exts/3/isaacsim.asset.importer.urdf-2.3.14+106.5.0.lx64.r.cp310
[2026-06-25 16:43:37,886][ogn_registration][INFO] - -> New generated folder /share/project/sijie/tmp/root-20260623-124001-extracted/.venvs/isaaclab-mosaic/lib/python3.10/site-packages/omni/data/Kit/Isaac-Sim/4.5/exts/3/isaacsim.asset.importer.urdf-2.3.14+106.5.0.lx64.r.cp310/ogn/isaacsim.asset.importer.urdf.scripts.samples.import_ur10 is not a directory
[2026-06-25 16:43:37,886][ogn_registration][INFO] - -> Old ogn/ folder /share/project/sijie/tmp/root-20260623-124001-extracted/.venvs/isaaclab-mosaic/lib/python3.10/site-packages/omni/data/Kit/Isaac-Sim/4.5/exts/3/isaacsim.asset.importer.urdf-2.3.14+106.5.0.lx64.r.cp310/isaacsim/asset/importer/urdf/scripts/samples/import_ur10/ogn is not a directory
[2026-06-25 16:43:37,887][ogn_registration][INFO] - _walk_with_excludes(start=/share/project/sijie/tmp/root-20260623-124001-extracted/.venvs/isaaclab-mosaic/lib/python3.10/site-packages/omni/data/Kit/Isaac-Sim/4.5/exts/3/isaacsim.asset.importer.urdf-2.3.14+106.5.0.lx64.r.cp310/isaacsim/asset/importer/urdf/scripts/samples/import_ur10, exclude=['__pycache__'])
[2026-06-25 16:43:37,887][ogn_registration][INFO] - -> Extension contents not recognized as containing OmniGraph Python information
[2026-06-25 16:43:37,887][ogn_registration][INFO] - ...None found, no registration to do
[2026-06-25 16:43:37,887][ogn_registration][INFO] - ...Skipping: No OmniGraph presence in the module isaacsim.asset.importer.urdf.scripts.samples.import_ur10 - No nodes in this module, do not remember it
[2026-06-25 16:43:37,891][ogn_registration][INFO] - Destroying registration record for isaacsim.asset.importer.urdf
[2026-06-25 16:43:37,891][ogn_registration][INFO] - OGN register isaacsim.asset.importer.urdf-2.3.14 took 207592175.000000
