[Warning] [simulation_app.simulation_app] Modules: ['omni.kit_app'] were loaded before SimulationApp was started and might not be loaded correctly.
[Warning] [simulation_app.simulation_app] Please check to make sure no extra omniverse or pxr modules are imported before the call to SimulationApp(...)
Loading user config located at: '/home/loco1/miniconda3/envs/isaaclab/lib/python3.10/site-packages/omni/data/Kit/Isaac-Sim/4.5/user.config.json'
[Info] [carb] Logging to file: /home/loco1/miniconda3/envs/isaaclab/lib/python3.10/site-packages/omni/logs/Kit/Isaac-Sim/4.5/kit_20260806_171001.log
2026-08-06 09:10:01 [0ms] [Warning] [omni.kit.app.plugin] No crash reporter present, dumps uploading isn't available.
2026-08-06 09:10:01 [3ms] [Warning] [omni.ext.plugin] [ext: rendering_modes] Extensions config 'extension.toml' doesn't exist '/home/loco1/robotics/IsaacLab/apps/rendering_modes' or '/home/loco1/robotics/IsaacLab/apps/rendering_modes/config'
2026-08-06 09:10:02 [259ms] [Warning] [omni.datastore] OmniHub is inaccessible
2026-08-06 09:10:02 [344ms] [Warning] [carb.windowing-glfw.plugin] GLFW initialization failed.
2026-08-06 09:10:02 [344ms] [Warning] [carb] Failed to startup plugin carb.windowing-glfw.plugin (interfaces: [carb::windowing::IGLContext v1.0],[carb::windowing::IWindowing v1.5]) (impl: carb.windowing-glfw.plugin)
2026-08-06 09:10:02 [369ms] [Warning] [omni.platforminfo.plugin] failed to open the default display.  Can't verify X Server version.
2026-08-06 09:10:02 [512ms] [Warning] [carb.windowing-glfw.plugin] GLFW initialization failed.
2026-08-06 09:10:02 [512ms] [Warning] [carb] Failed to startup plugin carb.windowing-glfw.plugin (interfaces: [carb::windowing::IGLContext v1.0],[carb::windowing::IWindowing v1.5]) (impl: carb.windowing-glfw.plugin)
2026-08-06 09:10:02 [512ms] [Error] [carb.glinterop.plugin] GLInteropContext::init: carb::windowing is not available
2026-08-06 09:10:02 [512ms] [Warning] [carb.cudainterop.plugin] CUDA_VISIBLE_DEVICES environment variable is set.
2026-08-06 09:10:02 [512ms] [Warning] [carb.cudainterop.plugin] Note CUDA device enumeration and Omniverse device enumeration are different.
2026-08-06 09:10:02 [512ms] [Warning] [carb.cudainterop.plugin] Setting CUDA_VISIBLE_DEVICES can lead to undesired behavior or crashes.
2026-08-06 09:10:02 [562ms] [Warning] [gpu.foundation.plugin] Skipping unsupported non-NVIDIA GPU: Intel(R) Graphics (RPL-S)
2026-08-06 09:10:02 [563ms] [Warning] [gpu.foundation.plugin] Skipping unsupported non-NVIDIA GPU: Intel(R) Graphics (RPL-S)

|---------------------------------------------------------------------------------------------|
| Driver Version: 550.90.07     | Graphics API: Vulkan
|=============================================================================================|
| GPU | Name                             | Active | LDA | GPU Memory | Vendor-ID | LUID       |
|     |                                  |        |     |            | Device-ID | UUID       |
|     |                                  |        |     |            | Bus-ID    |            |
|---------------------------------------------------------------------------------------------|
| 0   | NVIDIA GeForce RTX 4090          | Yes: 0 |     | 24810   MB | 10de      | 0          |
|     |                                  |        |     |            | 2684      | 9998656c.. |
|     |                                  |        |     |            | 1         |            |
|---------------------------------------------------------------------------------------------|
| 1   | Intel(R) Graphics (RPL-S)        |        |     | 96429   MB | 8086      | 0          |
|     |                                  |        |     |            | a780      | 868080a7.. |
|     |                                  |        |     |            | 0         |            |
|=============================================================================================|
| OS: 22.04.5 LTS (Jammy Jellyfish) ubuntu, Version: 22.04.5, Kernel: 6.8.0-136-generic
| Processor: Intel(R) Core(TM) i9-14900K
| Bare Metal Cores: 24 | Bare Metal Logical Cores: 48
| Available Cores:  32 
|---------------------------------------------------------------------------------------------|
| Total Memory (MB): 128572 | Free Memory: 114697
| Total Page/Swap (MB): 2047 | Free Page/Swap: 2047
|---------------------------------------------------------------------------------------------|
2026-08-06 09:10:03 [1,255ms] [Warning] [carb.windowing-glfw.plugin] GLFW initialization failed.
2026-08-06 09:10:03 [1,255ms] [Warning] [carb] Failed to startup plugin carb.windowing-glfw.plugin (interfaces: [carb::windowing::IGLContext v1.0],[carb::windowing::IWindowing v1.5]) (impl: carb.windowing-glfw.plugin)
2026-08-06 09:10:03 [1,264ms] [Warning] [carb.windowing-glfw.plugin] GLFW initialization failed.
2026-08-06 09:10:03 [1,264ms] [Warning] [carb] Failed to startup plugin carb.windowing-glfw.plugin (interfaces: [carb::windowing::IGLContext v1.0],[carb::windowing::IWindowing v1.5]) (impl: carb.windowing-glfw.plugin)
2026-08-06 09:10:03 [1,267ms] [Warning] [carb.windowing-glfw.plugin] GLFW initialization failed.
2026-08-06 09:10:03 [1,267ms] [Warning] [carb] Failed to startup plugin carb.windowing-glfw.plugin (interfaces: [carb::windowing::IGLContext v1.0],[carb::windowing::IWindowing v1.5]) (impl: carb.windowing-glfw.plugin)
2026-08-06 09:10:03 [1,290ms] [Warning] [carb.windowing-glfw.plugin] GLFW initialization failed.
2026-08-06 09:10:03 [1,290ms] [Warning] [carb] Failed to startup plugin carb.windowing-glfw.plugin (interfaces: [carb::windowing::IGLContext v1.0],[carb::windowing::IWindowing v1.5]) (impl: carb.windowing-glfw.plugin)
2026-08-06 09:10:03 [1,291ms] [Warning] [carb.windowing-glfw.plugin] GLFW initialization failed.
2026-08-06 09:10:03 [1,291ms] [Warning] [carb] Failed to startup plugin carb.windowing-glfw.plugin (interfaces: [carb::windowing::IGLContext v1.0],[carb::windowing::IWindowing v1.5]) (impl: carb.wi[INFO][AppLauncher]: Using device: cuda:0
[INFO][AppLauncher]: Loading experience file: /home/loco1/robotics/IsaacLab/apps/isaaclab.python.headless.rendering.kit
[INFO]: Parsing configuration from: <class 'whole_body_tracking.tasks.hitter.config.g1.flat_env_cfg.G1HitterStrikingPlannerDomainFlatEnvCfg'>
[INFO]: Parsing configuration from: whole_body_tracking.tasks.hitter.config.g1.agents.rsl_rl_ppo_cfg:G1HitterStrikingPlannerDomainPPORunnerCfg
[INFO]: Parsing configuration from: whole_body_tracking.tasks.hitter.config.g1.agents.rsl_rl_ppo_cfg:G1HitterStrikingPlannerDomainPPORunnerCfg
[INFO] Loading experiment from directory: /home/loco1/BOB/Hitter/MOSAIC-main/logs/rsl_rl/hitter_striking_g1
[INFO]: Loading model checkpoint from: /home/loco1/BOB/Hitter/MOSAIC-main/logs/rsl_rl/hitter_striking_g1/2026-08-06_16-25-02_hitter_vx0to4_vyneg14to14_vz0to4_tts030to092_posstd012_velstd2_velwin004_resume7300_8xa100_env50000_20260806_162058/model_7400.pt
[INFO]: Using motion directory or file from CLI: data/hitter_motions/iphone_manual_hitter_g1_npz_strike43_clean
[INFO]: Forcing motion playback to start from frame 10.
[INFO]: Raised motion_dataset_load_cap to 2 so every motion group is available during playback.
[INFO]: Zeroed motion randomization ranges for evaluation.
[INFO]: Disabled observation corruption/noise for evaluation.
[INFO]: Disabled event terms for evaluation.
[INFO]: Disabling timeout termination for playback run.
[INFO]: Base environment:
	Environment device    : cuda:0
	Environment seed      : None
	Physics step-size     : 0.005
	Rendering step-size   : 0.02
	Environment step-size : 0.02
[INFO]: Time taken for scene creation : 1.364899 seconds
[INFO]: Scene manager:  <class InteractiveScene>
	Number of environments: 1
	Environment spacing   : 2.5
	Source prim name      : /World/envs/env_0
	Global prim paths     : ['/World/ground']
	Replicate physics     : True
[INFO]: Starting the simulation. This may take a few seconds. Please wait...
[INFO]: Time taken for simulation start : 1.568086 seconds
[2026-08-06 17:10:13,679][ogn_registration][INFO] - Looking for Python nodes to register in omni.kit.mainwindow-1.0.3
[2026-08-06 17:10:13,679][ogn_registration][INFO] -  -> Registered nodes from module omni.kit.mainwindow at /home/loco1/miniconda3/envs/isaaclab/lib/python3.10/site-packages/isaacsim/extscache/omni.kit.mainwindow-1.0.3+d02c707b
[2026-08-06 17:10:13,679][ogn_registration][INFO] - Registering nodes in /home/loco1/miniconda3/envs/isaaclab/lib/python3.10/site-packages/isaacsim/extscache/omni.kit.mainwindow-1.0.3+d02c707b imported as omni.kit.mainwindow with AutoNode config {}
[2026-08-06 17:10:13,679][ogn_registration][INFO] - Registering Python Node Types from omni.kit.mainwindow at /home/loco1/miniconda3/envs/isaaclab/lib/python3.10/site-packages/isaacsim/extscache/omni.kit.mainwindow-1.0.3+d02c707b in omni.kit.mainwindow
[2026-08-06 17:10:13,679][ogn_registration][INFO] - ========================================================================================================================
[2026-08-06 17:10:13,680][ogn_registration][INFO] - No dependency on omni.graph, therefore no nodes to register in omni.kit.mainwindow
[2026-08-06 17:10:13,680][ogn_registration][INFO] - ...None found, no registration to do
[2026-08-06 17:10:13,680][ogn_registration][INFO] - ...Skipping: No OmniGraph presence in the module omni.kit.mainwindow - No nodes in this module, do not remember it
[2026-08-06 17:10:13,680][ogn_registration][INFO] - Destroying registration record for omni.kit.mainwindow
[2026-08-06 17:10:13,680][ogn_registration][INFO] - OGN register omni.kit.mainwindow-1.0.3 took 608499.000000
[2026-08-06 17:10:13,686][ogn_registration][INFO] - Looking for Python nodes to register in omni.uiaudio-1.0.0
[2026-08-06 17:10:13,686][ogn_registration][INFO] -  -> Registered nodes from module omni.kit.uiaudio at /home/loco1/miniconda3/envs/isaaclab/lib/python3.10/site-packages/isaacsim/extscache/omni.uiaudio-1.0.0+d02c707b.lx64.r.cp310
[2026-08-06 17:10:13,686][ogn_registration][INFO] - Registering nodes in /home/loco1/miniconda3/envs/isaaclab/lib/python3.10/site-packages/isaacsim/extscache/omni.uiaudio-1.0.0+d02c707b.lx64.r.cp310 imported as omni.kit.uiaudio with AutoNode config {}
[2026-08-06 17:10:13,686][ogn_registration][INFO] - Registering Python Node Types from omni.kit.uiaudio at /home/loco1/miniconda3/envs/isaaclab/lib/python3.10/site-packages/isaacsim/extscache/omni.uiaudio-1.0.0+d02c707b.lx64.r.cp310 in omni.uiaudio
[2026-08-06 17:10:13,686][ogn_registration][INFO] - ========================================================================================================================
[2026-08-06 17:10:13,686][ogn_registration][INFO] - No dependency on omni.graph, therefore no nodes to register in omni.uiaudio
[2026-08-06 17:10:13,686][ogn_registration][INFO] - ...None found, no registration to do
[2026-08-06 17:10:13,686][ogn_registration][INFO] - ...Skipping: No OmniGraph presence in the module omni.kit.uiaudio - No nodes in this module, do not remember it
[2026-08-06 17:10:13,686][ogn_registration][INFO] - Destroying registration record for omni.uiaudio
[2026-08-06 17:10:13,686][ogn_registration][INFO] - OGN register omni.uiaudio-1.0.0 took 407258.000000
[2026-08-06 17:10:13,686][ogn_registration][INFO] - Looking for Python nodes to register in omni.kit.uiapp-0.0.0
[2026-08-06 17:10:13,686][ogn_registration][INFO] - OGN register omni.kit.uiapp-0.0.0 took 28404.000000
[2026-08-06 17:10:13,706][ogn_registration][INFO] - Looking for Python nodes to register in omni.kit.asset_converter-2.8.3
[2026-08-06 17:10:13,706][ogn_registration][INFO] -  -> Registered nodes from module asset_converter_native_bindings at /home/loco1/miniconda3/envs/isaaclab/lib/python3.10/site-packages/isaacsim/extscache/omni.kit.asset_converter-2.8.3+106.5.0.lx64.r.cp310
[2026-08-06 17:10:13,706][ogn_registration][INFO] - Registering nodes in /home/loco1/miniconda3/envs/isaaclab/lib/python3.10/site-packages/isaacsim/extscache/omni.kit.asset_converter-2.8.3+106.5.0.lx64.r.cp310 imported as asset_converter_native_bindings with AutoNode config {}
[2026-08-06 17:10:13,706][ogn_registration][INFO] - Registering Python Node Types from asset_converter_native_bindings at /home/loco1/miniconda3/envs/isaaclab/lib/python3.10/site-packages/isaacsim/extscache/omni.kit.asset_converter-2.8.3+106.5.0.lx64.r.cp310 in omni.kit.asset_converter
[2026-08-06 17:10:13,706][ogn_registration][INFO] - ========================================================================================================================
[2026-08-06 17:10:13,706][ogn_registration][INFO] - No dependency on omni.graph, therefore no nodes to register in omni.kit.asset_converter
[2026-08-06 17:10:13,706][ogn_registration][INFO] - ...None found, no registration to do
[2026-08-06 17:10:13,706][ogn_registration][INFO] - ...Skipping: No OmniGraph presence in the module asset_converter_native_bindings - No nodes in this module, do not remember it
[2026-08-06 17:10:13,706][ogn_registration][INFO] - Destroying registration record for omni.kit.asset_converter
[2026-08-06 17:10:13,706][ogn_registration][INFO] -  -> Registered nodes from module omni.kit.asset_converter at /home/loco1/miniconda3/envs/isaaclab/lib/python3.10/site-packages/isaacsim/extscache/omni.kit.asset_converter-2.8.3+106.5.0.lx64.r.cp310
[2026-08-06 17:10:13,706][ogn_registration][INFO] - Registering nodes in /home/loco1/miniconda3/envs/isaaclab/lib/python3.10/site-packages/isaacsim/extscache/omni.kit.asset_converter-2.8.3+106.5.0.lx64.r.cp310 imported as omni.kit.asset_converter with AutoNode config {}
[2026-08-06 17:10:13,706][ogn_registration][INFO] - Registering Python Node Types from omni.kit.asset_converter at /home/loco1/miniconda3/envs/isaaclab/lib/python3.10/site-packages/isaacsim/extscache/omni.kit.asset_converter-2.8.3+106.5.0.lx64.r.cp310 in omni.kit.asset_converter
[2026-08-06 17:10:13,706][ogn_registration][INFO] - ========================================================================================================================
[2026-08-06 17:10:13,707][ogn_registration][INFO] - No dependency on omni.graph, therefore no nodes to register in omni.kit.asset_converter
[2026-08-06 17:10:13,707][ogn_registration][INFO] - ...None found, no registration to do
[2026-08-06 17:10:13,707][ogn_registration][INFO] - ...Skipping: No OmniGraph presence in the module omni.kit.asset_converter - No nodes in this module, do not remember it
[2026-08-06 17:10:13,707][ogn_registration][INFO] - Destroying registration record for omni.kit.asset_converter
[2026-08-06 17:10:13,707][ogn_registration][INFO] - OGN register omni.kit.asset_converter-2.8.3 took 923897.000000
[2026-08-06 17:10:13,708][ogn_registration][INFO] - Looking for Python nodes to register in omni.kit.window.file_importer-1.1.14
[2026-08-06 17:10:13,708][ogn_registration][INFO] -  -> Registered nodes from module omni.kit.window.file_importer at /home/loco1/miniconda3/envs/isaaclab/lib/python3.10/site-packages/isaacsim/extscache/omni.kit.window.file_importer-1.1.14+d02c707b
[2026-08-06 17:10:13,708][ogn_registration][INFO] - Registering nodes in /home/loco1/miniconda3/envs/isaaclab/lib/python3.10/site-packages/isaacsim/extscache/omni.kit.window.file_importer-1.1.14+d02c707b imported as omni.kit.window.file_importer with AutoNode config {}
[2026-08-06 17:10:13,708][ogn_registration][INFO] - Registering Python Node Types from omni.kit.window.file_importer at /home/loco1/miniconda3/envs/isaaclab/lib/python3.10/site-packages/isaacsim/extscache/omni.kit.window.file_importer-1.1.14+d02c707b in omni.kit.window.file_importer
[2026-08-06 17:10:13,708][ogn_registration][INFO] - ========================================================================================================================
[2026-08-06 17:10:13,709][ogn_registration][INFO] - No dependency on omni.graph, therefore no nodes to register in omni.kit.window.file_importer
[2026-08-06 17:10:13,709][ogn_registration][INFO] - ...None found, no registration to do
[2026-08-06 17:10:13,709][ogn_registration][INFO] - ...Skipping: No OmniGraph presence in the module omni.kit.window.file_importer - No nodes in this module, do not remember it
[2026-08-06 17:10:13,709][ogn_registration][INFO] - Destroying registration record for omni.kit.window.file_importer
[2026-08-06 17:10:13,709][ogn_registration][INFO] - OGN register omni.kit.window.file_importer-1.1.14 took 923586.000000
[2026-08-06 17:10:13,710][ogn_registration][INFO] - Looking for Python nodes to register in omni.kit.window.drop_support-1.0.4
[2026-08-06 17:10:13,710][ogn_registration][INFO] -  -> Registered nodes from module omni.kit.window.drop_support at /home/loco1/miniconda3/envs/isaaclab/lib/python3.10/site-packages/isaacsim/extscache/omni.kit.window.drop_support-1.0.4+d02c707b
[2026-08-06 17:10:13,710][ogn_registration][INFO] - Registering nodes in /home/loco1/miniconda3/envs/isaaclab/lib/python3.10/site-packages/isaacsim/extscache/omni.kit.window.drop_support-1.0.4+d02c707b imported as omni.kit.window.drop_support with AutoNode config {}
[2026-08-06 17:10:13,710][ogn_registration][INFO] - Registering Python Node Types from omni.kit.window.drop_support at /home/loco1/miniconda3/envs/isaaclab/lib/python3.10/site-packages/isaacsim/extscache/omni.kit.window.drop_support-1.0.4+d02c707b in omni.kit.window.drop_support
[2026-08-06 17:10:13,710][ogn_registration][INFO] - ========================================================================================================================
[2026-08-06 17:10:13,710][ogn_registration][INFO] - No dependency on omni.graph, therefore no nodes to register in omni.kit.window.drop_support
[2026-08-06 17:10:13,710][ogn_registration][INFO] - ...None found, no registration to do
[2026-08-06 17:10:13,710][ogn_registration][INFO] - ...Skipping: No OmniGraph presence in the module omni.kit.window.drop_support - No nodes in this module, do not remember it
[2026-08-06 17:10:13,710][ogn_registration][INFO] - Destroying registration record for omni.kit.window.drop_support
[2026-08-06 17:10:13,710][ogn_registration][INFO] - OGN register omni.kit.window.drop_support-1.0.4 took 648049.000000
[2026-08-06 17:10:13,711][ogn_registration][INFO] - Looking for Python nodes to register in omni.kit.widget.zoombar-1.0.5
[2026-08-06 17:10:13,711][ogn_registration][INFO] -  -> Registered nodes from module omni.kit.widget.zoombar at /home/loco1/miniconda3/envs/isaaclab/lib/python3.10/site-packages/isaacsim/extscache/omni.kit.widget.zoombar-1.0.5
[2026-08-06 17:10:13,711][ogn_registration][INFO] - Registering nodes in /home/loco1/miniconda3/envs/isaaclab/lib/python3.10/site-packages/isaacsim/extscache/omni.kit.widget.zoombar-1.0.5 imported as omni.kit.widget.zoombar with AutoNode config {}
[2026-08-06 17:10:13,711][ogn_registration][INFO] - Registering Python Node Types from omni.kit.widget.zoombar at /home/loco1/miniconda3/envs/isaaclab/lib/python3.10/site-packages/isaacsim/extscache/omni.kit.widget.zoombar-1.0.5 in omni.kit.widget.zoombar
[2026-08-06 17:10:13,711][ogn_registration][INFO] - ========================================================================================================================
[2026-08-06 17:10:13,712][ogn_registration][INFO] - No dependency on omni.graph, therefore no nodes to register in omni.kit.widget.zoombar
[2026-08-06 17:10:13,712][ogn_registration][INFO] - ...None found, no registration to do
[2026-08-06 17:10:13,712][ogn_registration][INFO] - ...Skipping: No OmniGraph presence in the module omni.kit.widget.zoombar - No nodes in this module, do not remember it
[2026-08-06 17:10:13,712][ogn_registration][INFO] - Destroying registration record for omni.kit.widget.zoombar
[2026-08-06 17:10:13,712][ogn_registration][INFO] - OGN register omni.kit.widget.zoombar-1.0.5 took 640999.000000
[2026-08-06 17:10:13,714][ogn_registration][INFO] - Looking for Python nodes to register in omni.kit.property.adapter.core-1.0.2
[2026-08-06 17:10:13,714][ogn_registration][INFO] -  -> Registered nodes from module omni.kit.property.adapter.core at /home/loco1/miniconda3/envs/isaaclab/lib/python3.10/site-packages/isaacsim/extscache/omni.kit.property.adapter.core-1.0.2+d02c707b
[2026-08-06 17:10:13,714][ogn_registration][INFO] - Registering nodes in /home/loco1/miniconda3/envs/isaaclab/lib/python3.10/site-packages/isaacsim/extscache/omni.kit.property.adapter.core-1.0.2+d02c707b imported as omni.kit.property.adapter.core with AutoNode config {}
[2026-08-06 17:10:13,714][ogn_registration][INFO] - Registering Python Node Types from omni.kit.property.adapter.core at /home/loco1/miniconda3/envs/isaaclab/lib/python3.10/site-packages/isaacsim/extscache/omni.kit.property.adapter.core-1.0.2+d02c707b in omni.kit.property.adapter.core
[2026-08-06 17:10:13,714][ogn_registration][INFO] - ========================================================================================================================
[2026-08-06 17:10:13,715][ogn_registration][INFO] - No dependency on omni.graph, therefore no nodes to register in omni.kit.property.adapter.core
[2026-08-06 17:10:13,715][ogn_registration][INFO] - ...None found, no registration to do
[2026-08-06 17:10:13,715][ogn_registration][INFO] - ...Skipping: No OmniGraph presence in the module omni.kit.property.adapter.core - No nodes in this module, do not remember it
[2026-08-06 17:10:13,715][ogn_registration][INFO] - Destroying registration record for omni.kit.property.adapter.core
[2026-08-06 17:10:13,715][ogn_registration][INFO] - OGN register omni.kit.property.adapter.core-1.0.2 took 566012.000000
[2026-08-06 17:10:13,718][ogn_registration][INFO] - Looking for Python nodes to register in omni.kit.browser.core-2.3.11
[2026-08-06 17:10:13,718][ogn_registration][INFO] -  -> Registered nodes from module omni.kit.browser.core at /home/loco1/miniconda3/envs/isaaclab/lib/python3.10/site-packages/isaacsim/extscache/omni.kit.browser.core-2.3.11
[2026-08-06 17:10:13,718][ogn_registration][INFO] - Registering nodes in /home/loco1/miniconda3/envs/isaaclab/lib/python3.10/site-packages/isaacsim/extscache/omni.kit.browser.core-2.3.11 imported as omni.kit.browser.core with AutoNode config {}
[2026-08-06 17:10:13,718][ogn_registration][INFO] - Registering Python Node Types from omni.kit.browser.core at /home/loco1/miniconda3/envs/isaaclab/lib/python3.10/site-packages/isaacsim/extscache/omni.kit.browser.core-2.3.11 in omni.kit.browser.core
[2026-08-06 17:10:13,718][ogn_registration][INFO] - ========================================================================================================================
[2026-08-06 17:10:13,718][ogn_registration][INFO] - No dependency on omni.graph, therefore no nodes to register in omni.kit.browser.core
[2026-08-06 17:10:13,718][ogn_registration][INFO] - ...None found, no registration to do
[2026-08-06 17:10:13,718][ogn_registration][INFO] - ...Skipping: No OmniGraph presence in the module omni.kit.browser.core - No nodes in this module, do not remember it
[2026-08-06 17:10:13,718][ogn_registration][INFO] - Destroying registration record for omni.kit.browser.core
[2026-08-06 17:10:13,718][ogn_registration][INFO] - OGN register omni.kit.browser.core-2.3.11 took 693548.000000
[2026-08-06 17:10:13,722][ogn_registration][INFO] - Looking for Python nodes to register in omni.kit.browser.folder.core-1.10.1
[2026-08-06 17:10:13,722][ogn_registration][INFO] -  -> Registered nodes from module omni.kit.browser.folder.core at /home/loco1/miniconda3/envs/isaaclab/lib/python3.10/site-packages/isaacsim/extscache/omni.kit.browser.folder.core-1.10.1
[2026-08-06 17:10:13,722][ogn_registration][INFO] - Registering nodes in /home/loco1/miniconda3/envs/isaaclab/lib/python3.10/site-packages/isaacsim/extscache/omni.kit.browser.folder.core-1.10.1 imported as omni.kit.browser.folder.core with AutoNode config {}
[2026-08-06 17:10:13,722][ogn_registration][INFO] - Registering Python Node Types from omni.kit.browser.folder.core at /home/loco1/miniconda3/envs/isaaclab/lib/python3.10/site-packages/isaacsim/extscache/omni.kit.browser.folder.core-1.10.1 in omni.kit.browser.folder.core
[2026-08-06 17:10:13,722][ogn_registration][INFO] - ========================================================================================================================
[2026-08-06 17:10:13,723][ogn_registration][INFO] - No dependency on omni.graph, therefore no nodes to register in omni.kit.browser.folder.core
[2026-08-06 17:10:13,723][ogn_registration][INFO] - ...None found, no registration to do
[2026-08-06 17:10:13,723][ogn_registration][INFO] - ...Skipping: No OmniGraph presence in the module omni.kit.browser.folder.core - No nodes in this module, do not remember it
[2026-08-06 17:10:13,723][ogn_registration][INFO] - Destroying registration record for omni.kit.browser.folder.core
[2026-08-06 17:10:13,723][ogn_registration][INFO] - OGN register omni.kit.browser.folder.core-1.10.1 took 795451.000000
[2026-08-06 17:10:13,724][ogn_registration][INFO] - Looking for Python nodes to register in omni.kit.property.adapter.fabric-1.0.3
[2026-08-06 17:10:13,724][ogn_registration][INFO] -  -> Registered nodes from module omni.kit.property.adapter.fabric at /home/loco1/miniconda3/envs/isaaclab/lib/python3.10/site-packages/isaacsim/extscache/omni.kit.property.adapter.fabric-1.0.3+d02c707b
[2026-08-06 17:10:13,724][ogn_registration][INFO] - Registering nodes in /home/loco1/miniconda3/envs/isaaclab/lib/python3.10/site-packages/isaacsim/extscache/omni.kit.property.adapter.fabric-1.0.3+d02c707b imported as omni.kit.property.adapter.fabric with AutoNode config {}
[2026-08-06 17:10:13,724][ogn_registration][INFO] - Registering Python Node Types from omni.kit.property.adapter.fabric at /home/loco1/miniconda3/envs/isaaclab/lib/python3.10/site-packages/isaacsim/extscache/omni.kit.property.adapter.fabric-1.0.3+d02c707b in omni.kit.property.adapter.fabric
[2026-08-06 17:10:13,724][ogn_registration][INFO] - ========================================================================================================================
[2026-08-06 17:10:13,725][ogn_registration][INFO] - No dependency on omni.graph, therefore no nodes to register in omni.kit.property.adapter.fabric
[2026-08-06 17:10:13,725][ogn_registration][INFO] - ...None found, no registration to do
[2026-08-06 17:10:13,725][ogn_registration][INFO] - ...Skipping: No OmniGraph presence in the module omni.kit.property.adapter.fabric - No nodes in this module, do not remember it
[2026-08-06 17:10:13,725][ogn_registration][INFO] - Destroying registration record for omni.kit.property.adapter.fabric
[2026-08-06 17:10:13,725][ogn_registration][INFO] - OGN register omni.kit.property.adapter.fabric-1.0.3 took 565708.000000
[2026-08-06 17:10:13,732][ogn_registration][INFO] - Looking for Python nodes to register in isaacsim.examples.browser-0.1.8
[2026-08-06 17:10:13,732][ogn_registration][INFO] -  -> Registered nodes from module isaacsim.examples.browser at /home/loco1/miniconda3/envs/isaaclab/lib/python3.10/site-packages/isaacsim/exts/isaacsim.examples.browser
[2026-08-06 17:10:13,732][ogn_registration][INFO] - Registering nodes in /home/loco1/miniconda3/envs/isaaclab/lib/python3.10/site-packages/isaacsim/exts/isaacsim.examples.browser imported as isaacsim.examples.browser with AutoNode config {}
[2026-08-06 17:10:13,733][ogn_registration][INFO] - Registering Python Node Types from isaacsim.examples.browser at /home/loco1/miniconda3/envs/isaaclab/lib/python3.10/site-packages/isaacsim/exts/isaacsim.examples.browser in isaacsim.examples.browser
[2026-08-06 17:10:13,733][ogn_registration][INFO] - ========================================================================================================================
[2026-08-06 17:10:13,733][ogn_registration][INFO] - No dependency on omni.graph, therefore no nodes to register in isaacsim.examples.browser
[2026-08-06 17:10:13,733][ogn_registration][INFO] - ...None found, no registration to do
[2026-08-06 17:10:13,733][ogn_registration][INFO] - ...Skipping: No OmniGraph presence in the module isaacsim.examples.browser - No nodes in this module, do not remember it
[2026-08-06 17:10:13,733][ogn_registration][INFO] - Destroying registration record for isaacsim.examples.browser
[2026-08-06 17:10:13,733][ogn_registration][INFO] - OGN register isaacsim.examples.browser-0.1.8 took 808940.000000
[2026-08-06 17:10:13,734][ogn_registration][INFO] - Looking for Python nodes to register in omni.kit.property.adapter.usd-1.0.2
[2026-08-06 17:10:13,734][ogn_registration][INFO] -  -> Registered nodes from module omni.kit.property.adapter.usd at /home/loco1/miniconda3/envs/isaaclab/lib/python3.10/site-packages/isaacsim/extscache/omni.kit.property.adapter.usd-1.0.2+d02c707b
[2026-08-06 17:10:13,734][ogn_registration][INFO] - Registering nodes in /home/loco1/miniconda3/envs/isaaclab/lib/python3.10/site-packages/isaacsim/extscache/omni.kit.property.adapter.usd-1.0.2+d02c707b imported as omni.kit.property.adapter.usd with AutoNode config {}
[2026-08-06 17:10:13,734][ogn_registration][INFO] - Registering Python Node Types from omni.kit.property.adapter.usd at /home/loco1/miniconda3/envs/isaaclab/lib/python3.10/site-packages/isaacsim/extscache/omni.kit.property.adapter.usd-1.0.2+d02c707b in omni.kit.property.adapter.usd
[2026-08-06 17:10:13,734][ogn_registration][INFO] - ========================================================================================================================
[2026-08-06 17:10:13,734][ogn_registration][INFO] - No dependency on omni.graph, therefore no nodes to register in omni.kit.property.adapter.usd
[2026-08-06 17:10:13,734][ogn_registration][INFO] - ...None found, no registration to do
[2026-08-06 17:10:13,734][ogn_registration][INFO] - ...Skipping: No OmniGraph presence in the module omni.kit.property.adapter.usd - No nodes in this module, do not remember it
[2026-08-06 17:10:13,734][ogn_registration][INFO] - Destroying registration record for omni.kit.property.adapter.usd
[2026-08-06 17:10:13,734][ogn_registration][INFO] - OGN register omni.kit.property.adapter.usd-1.0.2 took 484703.000000
[2026-08-06 17:10:13,735][ogn_registration][INFO] - Looking for Python nodes to register in omni.kit.window.content_browser_registry-0.0.6
[2026-08-06 17:10:13,735][ogn_registration][INFO] -  -> Registered nodes from module omni.kit.window.content_browser_registry at /home/loco1/miniconda3/envs/isaaclab/lib/python3.10/site-packages/isaacsim/extscache/omni.kit.window.content_browser_registry-0.0.6+d02c707b
[2026-08-06 17:10:13,735][ogn_registration][INFO] - Registering nodes in /home/loco1/miniconda3/envs/isaaclab/lib/python3.10/site-packages/isaacsim/extscache/omni.kit.window.content_browser_registry-0.0.6+d02c707b imported as omni.kit.window.content_browser_registry with AutoNode config {}
[2026-08-06 17:10:13,735][ogn_registration][INFO] - Registering Python Node Types from omni.kit.window.content_browser_registry at /home/loco1/miniconda3/envs/isaaclab/lib/python3.10/site-packages/isaacsim/extscache/omni.kit.window.content_browser_registry-0.0.6+d02c707b in omni.kit.window.content_browser_registry
[2026-08-06 17:10:13,735][ogn_registration][INFO] - ========================================================================================================================
[2026-08-06 17:10:13,736][ogn_registration][INFO] - No dependency on omni.graph, therefore no nodes to register in omni.kit.window.content_browser_registry
[2026-08-06 17:10:13,736][ogn_registration][INFO] - ...None found, no registration to do
[2026-08-06 17:10:13,736][ogn_registration][INFO] - ...Skipping: No OmniGraph presence in the module omni.kit.window.content_browser_registry - No nodes in this module, do not remember it
[2026-08-06 17:10:13,736][ogn_registration][INFO] - Destroying registration record for omni.kit.window.content_browser_registry
[2026-08-06 17:10:13,736][ogn_registration][INFO] - OGN register omni.kit.window.content_browser_registry-0.0.6 took 593671.000000
[2026-08-06 17:10:13,736][ogn_registration][INFO] - Looking for Python nodes to register in omni.kit.widget.highlight_label-1.0.3
[2026-08-06 17:10:13,736][ogn_registration][INFO] -  -> Registered nodes from module omni.kit.widget.highlight_label at /home/loco1/miniconda3/envs/isaaclab/lib/python3.10/site-packages/isaacsim/extscache/omni.kit.widget.highlight_label-1.0.3+d02c707b
[2026-08-06 17:10:13,736][ogn_registration][INFO] - Registering nodes in /home/loco1/miniconda3/envs/isaaclab/lib/python3.10/site-packages/isaacsim/extscache/omni.kit.widget.highlight_label-1.0.3+d02c707b imported as omni.kit.widget.highlight_label with AutoNode config {}
[2026-08-06 17:10:13,736][ogn_registration][INFO] - Registering Python Node Types from omni.kit.widget.highlight_label at /home/loco1/miniconda3/envs/isaaclab/lib/python3.10/site-packages/isaacsim/extscache/omni.kit.widget.highlight_label-1.0.3+d02c707b in omni.kit.widget.highlight_label
[2026-08-06 17:10:13,736][ogn_registration][INFO] - ========================================================================================================================
[2026-08-06 17:10:13,737][ogn_registration][INFO] - No dependency on omni.graph, therefore no nodes to register in omni.kit.widget.highlight_label
[2026-08-06 17:10:13,737][ogn_registration][INFO] - ...None found, no registration to do
[2026-08-06 17:10:13,737][ogn_registration][INFO] - ...Skipping: No OmniGraph presence in the module omni.kit.widget.highlight_label - No nodes in this module, do not remember it
[2026-08-06 17:10:13,737][ogn_registration][INFO] - Destroying registration record for omni.kit.widget.highlight_label
[2026-08-06 17:10:13,737][ogn_registration][INFO] - OGN register omni.kit.widget.highlight_label-1.0.3 took 416034.000000
[2026-08-06 17:10:13,739][ogn_registration][INFO] - Looking for Python nodes to register in omni.kit.window.file-1.3.57
[2026-08-06 17:10:13,739][ogn_registration][INFO] -  -> Registered nodes from module omni.kit.window.file at /home/loco1/miniconda3/envs/isaaclab/lib/python3.10/site-packages/isaacsim/extscache/omni.kit.window.file-1.3.57+d02c707b
[2026-08-06 17:10:13,739][ogn_registration][INFO] - Registering nodes in /home/loco1/miniconda3/envs/isaaclab/lib/python3.10/site-packages/isaacsim/extscache/omni.kit.window.file-1.3.57+d02c707b imported as omni.kit.window.file with AutoNode config {}
[2026-08-06 17:10:13,739][ogn_registration][INFO] - Registering Python Node Types from omni.kit.window.file at /home/loco1/miniconda3/envs/isaaclab/lib/python3.10/site-packages/isaacsim/extscache/omni.kit.window.file-1.3.57+d02c707b in omni.kit.window.file
[2026-08-06 17:10:13,739][ogn_registration][INFO] - ========================================================================================================================
[2026-08-06 17:10:13,740][ogn_registration][INFO] - No dependency on omni.graph, therefore no nodes to register in omni.kit.window.file
[2026-08-06 17:10:13,740][ogn_registration][INFO] - ...None found, no registration to do
[2026-08-06 17:10:13,740][ogn_registration][INFO] - ...Skipping: No OmniGraph presence in the module omni.kit.window.file - No nodes in this module, do not remember it
[2026-08-06 17:10:13,740][ogn_registration][INFO] - Destroying registration record for omni.kit.window.file
[2026-08-06 17:10:13,740][ogn_registration][INFO] - OGN register omni.kit.window.file-1.3.57 took 601297.000000
[2026-08-06 17:10:13,746][ogn_registration][INFO] - Looking for Python nodes to register in omni.kit.window.property-1.11.5
[2026-08-06 17:10:13,746][ogn_registration][INFO] -  -> Registered nodes from module omni.kit.window.property at /home/loco1/miniconda3/envs/isaaclab/lib/python3.10/site-packages/isaacsim/extscache/omni.kit.window.property-1.11.5+d02c707b
[2026-08-06 17:10:13,746][ogn_registration][INFO] - Registering nodes in /home/loco1/miniconda3/envs/isaaclab/lib/python3.10/site-packages/isaacsim/extscache/omni.kit.window.property-1.11.5+d02c707b imported as omni.kit.window.property with AutoNode config {}
[2026-08-06 17:10:13,746][ogn_registration][INFO] - Registering Python Node Types from omni.kit.window.property at /home/loco1/miniconda3/envs/isaaclab/lib/python3.10/site-packages/isaacsim/extscache/omni.kit.window.property-1.11.5+d02c707b in omni.kit.window.property
[2026-08-06 17:10:13,746][ogn_registration][INFO] - ========================================================================================================================
[2026-08-06 17:10:13,746][ogn_registration][INFO] - No dependency on omni.graph, therefore no nodes to register in omni.kit.window.property
[2026-08-06 17:10:13,746][ogn_registration][INFO] - ...None found, no registration to do
[2026-08-06 17:10:13,746][ogn_registration][INFO] - ...Skipping: No OmniGraph presence in the module omni.kit.window.property - No nodes in this module, do not remember it
[2026-08-06 17:10:13,746][ogn_registration][INFO] - Destroying registration record for omni.kit.window.property
[2026-08-06 17:10:13,746][ogn_registration][INFO] - OGN register omni.kit.window.property-1.11.5 took 446773.000000
[2026-08-06 17:10:13,760][ogn_registration][INFO] - Looking for Python nodes to register in omni.kit.window.content_browser-2.10.3
[2026-08-06 17:10:13,760][ogn_registration][INFO] -  -> Registered nodes from module omni.kit.window.content_browser at /home/loco1/miniconda3/envs/isaaclab/lib/python3.10/site-packages/isaacsim/extscache/omni.kit.window.content_browser-2.10.3+d02c707b
[2026-08-06 17:10:13,760][ogn_registration][INFO] - Registering nodes in /home/loco1/miniconda3/envs/isaaclab/lib/python3.10/site-packages/isaacsim/extscache/omni.kit.window.content_browser-2.10.3+d02c707b imported as omni.kit.window.content_browser with AutoNode config {}
[2026-08-06 17:10:13,760][ogn_registration][INFO] - Registering Python Node Types from omni.kit.window.content_browser at /home/loco1/miniconda3/envs/isaaclab/lib/python3.10/site-packages/isaacsim/extscache/omni.kit.window.content_browser-2.10.3+d02c707b in omni.kit.window.content_browser
[2026-08-06 17:10:13,760][ogn_registration][INFO] - ========================================================================================================================
[2026-08-06 17:10:13,761][ogn_registration][INFO] - No dependency on omni.graph, therefore no nodes to register in omni.kit.window.content_browser
[2026-08-06 17:10:13,761][ogn_registration][INFO] - ...None found, no registration to do
[2026-08-06 17:10:13,761][ogn_registration][INFO] - ...Skipping: No OmniGraph presence in the module omni.kit.window.content_browser - No nodes in this module, do not remember it
[2026-08-06 17:10:13,761][ogn_registration][INFO] - Destroying registration record for omni.kit.window.content_browser
[2026-08-06 17:10:13,761][ogn_registration][INFO] - OGN register omni.kit.window.content_browser-2.10.3 took 620828.000000
[2026-08-06 17:10:13,768][ogn_registration][INFO] - Looking for Python nodes to register in omni.kit.property.usd-4.2.16
[2026-08-06 17:10:13,768][ogn_registration][INFO] -  -> Registered nodes from module omni.kit.property.usd at /home/loco1/miniconda3/envs/isaaclab/lib/python3.10/site-packages/isaacsim/extscache/omni.kit.property.usd-4.2.16+d02c707b
[2026-08-06 17:10:13,768][ogn_registration][INFO] - Registering nodes in /home/loco1/miniconda3/envs/isaaclab/lib/python3.10/site-packages/isaacsim/extscache/omni.kit.property.usd-4.2.16+d02c707b imported as omni.kit.property.usd with AutoNode config {}
[2026-08-06 17:10:13,768][ogn_registration][INFO] - Registering Python Node Types from omni.kit.property.usd at /home/loco1/miniconda3/envs/isaaclab/lib/python3.10/site-packages/isaacsim/extscache/omni.kit.property.usd-4.2.16+d02c707b in omni.kit.property.usd
[2026-08-06 17:10:13,768][ogn_registration][INFO] - ========================================================================================================================
[2026-08-06 17:10:13,769][ogn_registration][INFO] - No dependency on omni.graph, therefore no nodes to register in omni.kit.property.usd
[2026-08-06 17:10:13,769][ogn_registration][INFO] - ...None found, no registration to do
[2026-08-06 17:10:13,769][ogn_registration][INFO] - ...Skipping: No OmniGraph presence in the module omni.kit.property.usd - No nodes in this module, do not remember it
[2026-08-06 17:10:13,769][ogn_registration][INFO] - Destroying registration record for omni.kit.property.usd
[2026-08-06 17:10:13,769][ogn_registration][INFO] - OGN register omni.kit.property.usd-4.2.16 took 754590.000000
[2026-08-06 17:10:13,770][ogn_registration][INFO] - Looking for Python nodes to register in omni.kit.manipulator.viewport-107.0.1
[2026-08-06 17:10:13,770][ogn_registration][INFO] -  -> Registered nodes from module omni.kit.manipulator.viewport at /home/loco1/miniconda3/envs/isaaclab/lib/python3.10/site-packages/isaacsim/extscache/omni.kit.manipulator.viewport-107.0.1+d02c707b
[2026-08-06 17:10:13,770][ogn_registration][INFO] - Registering nodes in /home/loco1/miniconda3/envs/isaaclab/lib/python3.10/site-packages/isaacsim/extscache/omni.kit.manipulator.viewport-107.0.1+d02c707b imported as omni.kit.manipulator.viewport with AutoNode config {}
[2026-08-06 17:10:13,770][ogn_registration][INFO] - Registering Python Node Types from omni.kit.manipulator.viewport at /home/loco1/miniconda3/envs/isaaclab/lib/python3.10/site-packages/isaacsim/extscache/omni.kit.manipulator.viewport-107.0.1+d02c707b in omni.kit.manipulator.viewport
[2026-08-06 17:10:13,770][ogn_registration][INFO] - ========================================================================================================================
[2026-08-06 17:10:13,770][ogn_registration][INFO] - No dependency on omni.graph, therefore no nodes to register in omni.kit.manipulator.viewport
[2026-08-06 17:10:13,770][ogn_registration][INFO] - ...None found, no registration to do
[2026-08-06 17:10:13,770][ogn_registration][INFO] - ...Skipping: No OmniGraph presence in the module omni.kit.manipulator.viewport - No nodes in this module, do not remember it
[2026-08-06 17:10:13,770][ogn_registration][INFO] - Destroying registration record for omni.kit.manipulator.viewport
[2026-08-06 17:10:13,770][ogn_registration][INFO] - OGN register omni.kit.manipulator.viewport-107.0.1 took 460793.000000
[2026-08-06 17:10:13,771][ogn_registration][INFO] - Looking for Python nodes to register in omni.ui_query-1.1.7
[2026-08-06 17:10:13,771][ogn_registration][INFO] -  -> Registered nodes from module omni.ui_query at /home/loco1/miniconda3/envs/isaaclab/lib/python3.10/site-packages/isaacsim/extscache/omni.ui_query-1.1.7+d02c707b
[2026-08-06 17:10:13,771][ogn_registration][INFO] - Registering nodes in /home/loco1/miniconda3/envs/isaaclab/lib/python3.10/site-packages/isaacsim/extscache/omni.ui_query-1.1.7+d02c707b imported as omni.ui_query with AutoNode config {}
[2026-08-06 17:10:13,771][ogn_registration][INFO] - Registering Python Node Types from omni.ui_query at /home/loco1/miniconda3/envs/isaaclab/lib/python3.10/site-packages/isaacsim/extscache/omni.ui_query-1.1.7+d02c707b in omni.ui_query
[2026-08-06 17:10:13,771][ogn_registration][INFO] - ========================================================================================================================
[2026-08-06 17:10:13,771][ogn_registration][INFO] - No dependency on omni.graph, therefore no nodes to register in omni.ui_query
[2026-08-06 17:10:13,771][ogn_registration][INFO] - ...None found, no registration to do
[2026-08-06 17:10:13,771][ogn_registration][INFO] - ...Skipping: No OmniGraph presence in the module omni.ui_query - No nodes in this module, do not remember it
[2026-08-06 17:10:13,771][ogn_registration][INFO] - Destroying registration record for omni.ui_query
[2026-08-06 17:10:13,771][ogn_registration][INFO] - OGN register omni.ui_query-1.1.7 took 403338.000000
[2026-08-06 17:10:13,775][ogn_registration][INFO] - Looking for Python nodes to register in omni.graph.visualization.nodes-2.1.1
[2026-08-06 17:10:13,775][ogn_registration][INFO] -  -> Registered nodes from module omni.graph.visualization.nodes at /home/loco1/miniconda3/envs/isaaclab/lib/python3.10/site-packages/isaacsim/extscache/omni.graph.visualization.nodes-2.1.1
[2026-08-06 17:10:13,776][ogn_registration][INFO] - Registering nodes in /home/loco1/miniconda3/envs/isaaclab/lib/python3.10/site-packages/isaacsim/extscache/omni.graph.visualization.nodes-2.1.1 imported as omni.graph.visualization.nodes with AutoNode config {}
[2026-08-06 17:10:13,776][ogn_registration][INFO] - Registering Python Node Types from omni.graph.visualization.nodes at /home/loco1/miniconda3/envs/isaaclab/lib/python3.10/site-packages/isaacsim/extscache/omni.graph.visualization.nodes-2.1.1 in omni.graph.visualization.nodes
[2026-08-06 17:10:13,776][ogn_registration][INFO] - ========================================================================================================================
[2026-08-06 17:10:13,776][ogn_registration][INFO] - Finding OmniGraph extension content manager for omni.graph.visualization.nodes-2.1.1 in module omni.graph.visualization.nodes at /home/loco1/miniconda3/envs/isaaclab/lib/python3.10/site-packages/isaacsim/extscache/omni.graph.visualization.nodes-2.1.1
[2026-08-06 17:10:13,776][ogn_registration][INFO] - -> New generated folder /home/loco1/miniconda3/envs/isaaclab/lib/python3.10/site-packages/isaacsim/extscache/omni.graph.visualization.nodes-2.1.1/ogn/omni.graph.visualization.nodes is not a directory
[2026-08-06 17:10:13,776][ogn_registration][INFO] - Creating OmniGraph extension management class
[2026-08-06 17:10:13,776][ogn_registration][INFO] - Created base content manager for module omni.graph.visualization.nodes (/home/loco1/miniconda3/envs/isaaclab/lib/python3.10/site-packages/isaacsim/extscache/omni.graph.visualization.nodes-2.1.1/omni/graph/visualization/nodes/__init__.py - /home/loco1/miniconda3/envs/isaaclab/lib/python3.10/site-packages/isaacsim/extscache/omni.graph.visualization.nodes-2.1.1/omni/graph/visualization/nodes) in extension omni.graph.visualization.nodes-2.1.1 at /home/loco1/miniconda3/envs/isaaclab/lib/python3.10/site-packages/isaacsim/extscache/omni.graph.visualization.nodes-2.1.1 using cache /home/loco1/miniconda3/envs/isaaclab/lib/python3.10/site-packages/omni/cache/ogn_generated/1.79.1/omni.graph.visualization.nodes-2.1.1/omni.graph.visualization.nodes/ogn
[2026-08-06 17:10:13,776][ogn_registration][INFO] - Creating 1.18 extension manager for omni.graph.visualization.nodes-2.1.1 in <module 'omni.graph.visualization.nodes' from '/home/loco1/miniconda3/envs/isaaclab/lib/python3.10/site-packages/isaacsim/extscache/omni.graph.visualization.nodes-2.1.1/omni/graph/visualization/nodes/__init__.py'> at /home/loco1/miniconda3/envs/isaaclab/lib/python3.10/site-packages/isaacsim/extscache/omni.graph.visualization.nodes-2.1.1
[2026-08-06 17:10:13,777][ogn_registration][INFO] - Using cache directory /home/loco1/miniconda3/envs/isaaclab/lib/python3.10/site-packages/omni/cache/ogn_generated/1.79.1/omni.graph.visualization.nodes-2.1.1/omni.graph.visualization.nodes/ogn
[2026-08-06 17:10:13,777][ogn_registration][INFO] - Scanning for V1.18 node in /home/loco1/miniconda3/envs/isaaclab/lib/python3.10/site-packages/isaacsim/extscache/omni.graph.visualization.nodes-2.1.1/omni/graph/visualization/nodes/ogn
[2026-08-06 17:10:13,777][ogn_registration][INFO] - Scanning omni.graph.visualization.nodes-2.1.1 for nodes in OGN path /home/loco1/miniconda3/envs/isaaclab/lib/python3.10/site-packages/isaacsim/extscache/omni.graph.visualization.nodes-2.1.1/omni/graph/visualization/nodes/ogn
[2026-08-06 17:10:13,777][ogn_registration][INFO] - _walk_with_excludes(start=/home/loco1/miniconda3/envs/isaaclab/lib/python3.10/site-packages/isaacsim/extscache/omni.graph.visualization.nodes-2.1.1/omni/graph/visualization/nodes/ogn, exclude=['__pycache__'])
[2026-08-06 17:10:13,777][ogn_registration][INFO] -    ... walked /home/loco1/miniconda3/envs/isaaclab/lib/python3.10/site-packages/isaacsim/extscache/omni.graph.visualization.nodes-2.1.1/omni/graph/visualization/nodes/ogn, ['tests', 'nodes'], ['__ogn_files_prebuilt', 'OgnDrawLineDatabase.py', 'OgnDrawScreenSpaceTextDatabase.py', 'OgnDrawLabelDatabase.py']
[2026-08-06 17:10:13,777][ogn_registration][INFO] - ....Adding scanned directory /home/loco1/miniconda3/envs/isaaclab/lib/python3.10/site-packages/isaacsim/extscache/omni.graph.visualization.nodes-2.1.1/omni/graph/visualization/nodes/ogn/nodes
[2026-08-06 17:10:13,777][ogn_registration][INFO] -    ... walked /home/loco1/miniconda3/envs/isaaclab/lib/python3.10/site-packages/isaacsim/extscache/omni.graph.visualization.nodes-2.1.1/omni/graph/visualization/nodes/ogn/tests, ['usd'], ['TestOgnDrawScreenSpaceText.py', '__init__.py', 'TestOgnDrawLabel.py', 'TestOgnDrawLine.py']
[2026-08-06 17:10:13,778][ogn_registration][INFO] -    ... walked /home/loco1/miniconda3/envs/isaaclab/lib/python3.10/site-packages/isaacsim/extscache/omni.graph.visualization.nodes-2.1.1/omni/graph/visualization/nodes/ogn/tests/usd, [], ['OgnDrawLabelTemplate.usda', 'OgnDrawScreenSpaceTextTemplate.usda', 'OgnDrawLineTemplate.usda']
[2026-08-06 17:10:13,778][ogn_registration][INFO] - ....Adding scanned directory /home/loco1/miniconda3/envs/isaaclab/lib/python3.10/site-packages/isaacsim/extscache/omni.graph.visualization.nodes-2.1.1/omni/graph/visualization/nodes/ogn/tests/usd
[2026-08-06 17:10:13,778][ogn_registration][INFO] -    ... walked /home/loco1/miniconda3/envs/isaaclab/lib/python3.10/site-packages/isaacsim/extscache/omni.graph.visualization.nodes-2.1.1/omni/graph/visualization/nodes/ogn/nodes, [], ['OgnDrawScreenSpaceText.ogn', 'OgnDrawLabel.py', 'OgnDrawLabel.ogn', 'OgnDrawScreenSpaceText.py', 'OgnDrawLine.ogn', 'OgnDrawLine.py']
[2026-08-06 17:10:13,779][ogn_registration][INFO] - ...extracted db versions VersionProperties.GENERATOR = (1, 27, 1), VersionProperties.TARGET = (2, 103, 1) from /home/loco1/miniconda3/envs/isaaclab/lib/python3.10/site-packages/isaacsim/extscache/omni.graph.visualization.nodes-2.1.1/omni/graph/visualization/nodes/ogn/OgnDrawLineDatabase.py (True)
[2026-08-06 17:10:13,779][ogn_registration][INFO] - ...found file of type FileType.PYTHON_DB - /home/loco1/miniconda3/envs/isaaclab/lib/python3.10/site-packages/isaacsim/extscache/omni.graph.visualization.nodes-2.1.1/omni/graph/visualization/nodes/ogn/OgnDrawLineDatabase.py
[2026-08-06 17:10:13,779][ogn_registration][INFO] - ...found file of type FileType.PYTHON_DB - /home/loco1/miniconda3/envs/isaaclab/lib/python3.10/site-packages/isaacsim/extscache/omni.graph.visualization.nodes-2.1.1/omni/graph/visualization/nodes/ogn/OgnDrawScreenSpaceTextDatabase.py
[2026-08-06 17:10:13,779][ogn_registration][INFO] - ...found file of type FileType.PYTHON_DB - /home/loco1/miniconda3/envs/isaaclab/lib/python3.10/site-packages/isaacsim/extscache/omni.graph.visualization.nodes-2.1.1/omni/graph/visualization/nodes/ogn/OgnDrawLabelDatabase.py
[2026-08-06 17:10:13,779][ogn_registration][INFO] - ...found file of type FileType.TEST - /home/loco1/miniconda3/envs/isaaclab/lib/python3.10/site-packages/isaacsim/extscache/omni.graph.visualization.nodes-2.1.1/omni/graph/visualization/nodes/ogn/tests/TestOgnDrawScreenSpaceText.py
[2026-08-06 17:10:13,779][ogn_registration][INFO] - ...found file of type FileType.PYTHON - /home/loco1/miniconda3/envs/isaaclab/lib/python3.10/site-packages/isaacsim/extscache/omni.graph.visualization.nodes-2.1.1/omni/graph/visualization/nodes/ogn/tests/__init__.py
[2026-08-06 17:10:13,779][ogn_registration][INFO] - ...found file of type FileType.TEST - /home/loco1/miniconda3/envs/isaaclab/lib/python3.10/site-packages/isaacsim/extscache/omni.graph.visualization.nodes-2.1.1/omni/graph/visualization/nodes/ogn/tests/TestOgnDrawLabel.py
[2026-08-06 17:10:13,779][ogn_registration][INFO] - ...found file of type FileType.TEST - /home/loco1/miniconda3/envs/isaaclab/lib/python3.10/site-packages/isaacsim/extscache/omni.graph.visualization.nodes-2.1.1/omni/graph/visualization/nodes/ogn/tests/TestOgnDrawLine.py
[2026-08-06 17:10:13,779][ogn_registration][INFO] - ...found file of type FileType.USD - /home/loco1/miniconda3/envs/isaaclab/lib/python3.10/site-packages/isaacsim/extscache/omni.graph.visualization.nodes-2.1.1/omni/graph/visualization/nodes/ogn/tests/usd/OgnDrawLabelTemplate.usda
[2026-08-06 17:10:13,779][ogn_registration][INFO] - ...found file of type FileType.USD - /home/loco1/miniconda3/envs/isaaclab/lib/python3.10/site-packages/isaacsim/extscache/omni.graph.visualization.nodes-2.1.1/omni/graph/visualization/nodes/ogn/tests/usd/OgnDrawScreenSpaceTextTemplate.usda
[2026-08-06 17:10:13,779][ogn_registration][INFO] - ...found file of type FileType.USD - /home/loco1/miniconda3/envs/isaaclab/lib/python3.10/site-packages/isaacsim/extscache/omni.graph.visualization.nodes-2.1.1/omni/graph/visualization/nodes/ogn/tests/usd/OgnDrawLineTemplate.usda
[2026-08-06 17:10:13,779][ogn_registration][INFO] - ...found file of type FileType.PYTHON - /home/loco1/miniconda3/envs/isaaclab/lib/python3.10/site-packages/isaacsim/extscache/omni.graph.visualization.nodes-2.1.1/omni/graph/visualization/nodes/ogn/nodes/OgnDrawLabel.py
[2026-08-06 17:10:13,779][ogn_registration][INFO] - ...found file of type FileType.PYTHON - /home/loco1/miniconda3/envs/isaaclab/lib/python3.10/site-packages/isaacsim/extscache/omni.graph.visualization.nodes-2.1.1/omni/graph/visualization/nodes/ogn/nodes/OgnDrawScreenSpaceText.py
[2026-08-06 17:10:13,779][ogn_registration][INFO] - ...found file of type FileType.PYTHON - /home/loco1/miniconda3/envs/isaaclab/lib/python3.10/site-packages/isaacsim/extscache/omni.graph.visualization.nodes-2.1.1/omni/graph/visualization/nodes/ogn/nodes/OgnDrawLine.py
[2026-08-06 17:10:13,779][ogn_registration][INFO] - ...constructing node type definition for OgnDrawScreenSpaceText at /home/loco1/miniconda3/envs/isaaclab/lib/python3.10/site-packages/isaacsim/extscache/omni.graph.visualization.nodes-2.1.1/omni/graph/visualization/nodes/ogn/nodes/OgnDrawScreenSpaceText.ogn
[2026-08-06 17:10:13,779][ogn_registration][INFO] - Creating node type definition for OgnDrawScreenSpaceText at /home/loco1/miniconda3/envs/isaaclab/lib/python3.10/site-packages/isaacsim/extscache/omni.graph.visualization.nodes-2.1.1/omni/graph/visualization/nodes/ogn/nodes/OgnDrawScreenSpaceText.ogn
[2026-08-06 17:10:13,779][ogn_registration][INFO] - ...constructing node type definition for OgnDrawLabel at /home/loco1/miniconda3/envs/isaaclab/lib/python3.10/site-packages/isaacsim/extscache/omni.graph.visualization.nodes-2.1.1/omni/graph/visualization/nodes/ogn/nodes/OgnDrawLabel.ogn
[2026-08-06 17:10:13,780][ogn_registration][INFO] - Creating node type definition for OgnDrawLabel at /home/loco1/miniconda3/envs/isaaclab/lib/python3.10/site-packages/isaacsim/extscache/omni.graph.visualization.nodes-2.1.1/omni/graph/visualization/nodes/ogn/nodes/OgnDrawLabel.ogn
[2026-08-06 17:10:13,780][ogn_registration][INFO] - ...constructing node type definition for OgnDrawLine at /home/loco1/miniconda3/envs/isaaclab/lib/python3.10/site-packages/isaacsim/extscache/omni.graph.visualization.nodes-2.1.1/omni/graph/visualization/nodes/ogn/nodes/OgnDrawLine.ogn
[2026-08-06 17:10:13,780][ogn_registration][INFO] - Creating node type definition for OgnDrawLine at /home/loco1/miniconda3/envs/isaaclab/lib/python3.10/site-packages/isaacsim/extscache/omni.graph.visualization.nodes-2.1.1/omni/graph/visualization/nodes/ogn/nodes/OgnDrawLine.ogn
[2026-08-06 17:10:13,780][ogn_registration][INFO] - Adding 4 files at version VersionProperties.GENERATOR = (1, 27, 1), VersionProperties.TARGET = (2, 103, 1)
[2026-08-06 17:10:13,780][ogn_registration][INFO] - add generated file(/home/loco1/miniconda3/envs/isaaclab/lib/python3.10/site-packages/isaacsim/extscache/omni.graph.visualization.nodes-2.1.1/omni/graph/visualization/nodes/ogn/OgnDrawScreenSpaceTextDatabase.py, FileType.PYTHON_DB)
[2026-08-06 17:10:13,780][ogn_registration][INFO] - add generated file(/home/loco1/miniconda3/envs/isaaclab/lib/python3.10/site-packages/isaacsim/extscache/omni.graph.visualization.nodes-2.1.1/omni/graph/visualization/nodes/ogn/tests/TestOgnDrawScreenSpaceText.py, FileType.TEST)
[2026-08-06 17:10:13,780][ogn_registration][INFO] - add generated file(/home/loco1/miniconda3/envs/isaaclab/lib/python3.10/site-packages/isaacsim/extscache/omni.graph.visualization.nodes-2.1.1/omni/graph/visualization/nodes/ogn/tests/usd/OgnDrawScreenSpaceTextTemplate.usda, FileType.USD)
[2026-08-06 17:10:13,780][ogn_registration][INFO] - add user file(/home/loco1/miniconda3/envs/isaaclab/lib/python3.10/site-packages/isaacsim/extscache/omni.graph.visualization.nodes-2.1.1/omni/graph/visualization/nodes/ogn/nodes/OgnDrawScreenSpaceText.py, FileType.PYTHON)
[2026-08-06 17:10:13,780][ogn_registration][INFO] - Adding 4 files at version VersionProperties.GENERATOR = (1, 27, 1), VersionProperties.TARGET = (2, 103, 1)
[2026-08-06 17:10:13,780][ogn_registration][INFO] - add generated file(/home/loco1/miniconda3/envs/isaaclab/lib/python3.10/site-packages/isaacsim/extscache/omni.graph.visualization.nodes-2.1.1/omni/graph/visualization/nodes/ogn/OgnDrawLabelDatabase.py, FileType.PYTHON_DB)
[2026-08-06 17:10:13,780][ogn_registration][INFO] - add generated file(/home/loco1/miniconda3/envs/isaaclab/lib/python3.10/site-packages/isaacsim/extscache/omni.graph.visualization.nodes-2.1.1/omni/graph/visualization/nodes/ogn/tests/TestOgnDrawLabel.py, FileType.TEST)
[2026-08-06 17:10:13,780][ogn_registration][INFO] - add generated file(/home/loco1/miniconda3/envs/isaaclab/lib/python3.10/site-packages/isaacsim/extscache/omni.graph.visualization.nodes-2.1.1/omni/graph/visualization/nodes/ogn/tests/usd/OgnDrawLabelTemplate.usda, FileType.USD)
[2026-08-06 17:10:13,780][ogn_registration][INFO] - add user file(/home/loco1/miniconda3/envs/isaaclab/lib/python3.10/site-packages/isaacsim/extscache/omni.graph.visualization.nodes-2.1.1/omni/graph/visualization/nodes/ogn/nodes/OgnDrawLabel.py, FileType.PYTHON)
[2026-08-06 17:10:13,780][ogn_registration][INFO] - Adding 4 files at version VersionProperties.GENERATOR = (1, 27, 1), VersionProperties.TARGET = (2, 103, 1)
[2026-08-06 17:10:13,780][ogn_registration][INFO] - add generated file(/home/loco1/miniconda3/envs/isaaclab/lib/python3.10/site-packages/isaacsim/extscache/omni.graph.visualization.nodes-2.1.1/omni/graph/visualization/nodes/ogn/OgnDrawLineDatabase.py, FileType.PYTHON_DB)
[2026-08-06 17:10:13,780][ogn_registration][INFO] - add generated file(/home/loco1/miniconda3/envs/isaaclab/lib/python3.10/site-packages/isaacsim/extscache/omni.graph.visualization.nodes-2.1.1/omni/graph/visualization/nodes/ogn/tests/TestOgnDrawLine.py, FileType.TEST)
[2026-08-06 17:10:13,780][ogn_registration][INFO] - add generated file(/home/loco1/miniconda3/envs/isaaclab/lib/python3.10/site-packages/isaacsim/extscache/omni.graph.visualization.nodes-2.1.1/omni/graph/visualization/nodes/ogn/tests/usd/OgnDrawLineTemplate.usda, FileType.USD)
[2026-08-06 17:10:13,780][ogn_registration][INFO] - add user file(/home/loco1/miniconda3/envs/isaaclab/lib/python3.10/site-packages/isaacsim/extscache/omni.graph.visualization.nodes-2.1.1/omni/graph/visualization/nodes/ogn/nodes/OgnDrawLine.py, FileType.PYTHON)
[2026-08-06 17:10:13,781][ogn_registration][INFO] - Cache path /home/loco1/miniconda3/envs/isaaclab/lib/python3.10/site-packages/omni/cache/ogn_generated/1.79.1/omni.graph.visualization.nodes-2.1.1/omni.graph.visualization.nodes/ogn is not a directory
[2026-08-06 17:10:13,781][ogn_registration][INFO] - omni.graph.visualization.nodes: Time to scan the extension for node types = 0.005026
[2026-08-06 17:10:13,781][ogn_registration][INFO] - Ensuring node types in extension omni.graph.visualization.nodes are up to date
[2026-08-06 17:10:13,781][ogn_registration][INFO] - omni.graph.visualization.nodes: Time to update the out-of-date generated code = 0.000055
[2026-08-06 17:10:13,781][ogn_registration][INFO] - Attempting OGN 1.18 Python imports for omni.graph.visualization.nodes-2.1.1
[2026-08-06 17:10:13,781][ogn_registration][INFO] - Importing omni.graph.visualization.nodes.ogn and omni.graph.visualization.nodes.ogn.tests with tests
[2026-08-06 17:10:13,781][ogn_registration][INFO] - --- Finding module omni.graph.visualization.nodes.ogn in <module 'omni.graph.visualization.nodes' from '/home/loco1/miniconda3/envs/isaaclab/lib/python3.10/site-packages/isaacsim/extscache/omni.graph.visualization.nodes-2.1.1/omni/graph/visualization/nodes/__init__.py'> with submodule name ogn
[2026-08-06 17:10:13,781][ogn_registration][INFO] - --X module was not already imported
[2026-08-06 17:10:13,781][ogn_registration][INFO] - ... Trying to import omni.graph.visualization.nodes.ogn directly
[2026-08-06 17:10:13,781][ogn_registration][INFO] - --> Found the module at <module 'omni.graph.visualization.nodes.ogn' (<_frozen_importlib_external._NamespaceLoader object at 0x795bce1bad10>)>
[2026-08-06 17:10:13,781][ogn_registration][INFO] - -> Found .ogn module, looking for ogn.tests too
[2026-08-06 17:10:13,781][ogn_registration][INFO] - --- Finding module omni.graph.visualization.nodes.ogn.tests in <module 'omni.graph.visualization.nodes.ogn' (<_frozen_importlib_external._NamespaceLoader object at 0x795bce1bad10>)> with submodule name ogn.tests
[2026-08-06 17:10:13,781][ogn_registration][INFO] - --X module was not already imported
[2026-08-06 17:10:13,781][ogn_registration][INFO] - ... Trying to import omni.graph.visualization.nodes.ogn.tests directly
[2026-08-06 17:10:13,781][ogn_registration][INFO] - --> Found the module at <module 'omni.graph.visualization.nodes.ogn.tests' from '/home/loco1/miniconda3/envs/isaaclab/lib/python3.10/site-packages/isaacsim/extscache/omni.graph.visualization.nodes-2.1.1/omni/graph/visualization/nodes/ogn/tests/__init__.py'>
[2026-08-06 17:10:13,782][ogn_registration][INFO] - Importing module omni.graph.visualization.nodes.ogn.OgnDrawScreenSpaceTextDatabase from /home/loco1/miniconda3/envs/isaaclab/lib/python3.10/site-packages/isaacsim/extscache/omni.graph.visualization.nodes-2.1.1/omni/graph/visualization/nodes/ogn/OgnDrawScreenSpaceTextDatabase.py
[2026-08-06 17:10:13,782][ogn_registration][INFO] - ... created the module as <module 'omni.graph.visualization.nodes.ogn.OgnDrawScreenSpaceTextDatabase' from '/home/loco1/miniconda3/envs/isaaclab/lib/python3.10/site-packages/isaacsim/extscache/omni.graph.visualization.nodes-2.1.1/omni/graph/visualization/nodes/ogn/OgnDrawScreenSpaceTextDatabase.py'>
[2026-08-06 17:10:13,782][ogn_registration][INFO] - ...Import DB omni.graph.visualization.nodes.ogn.OgnDrawScreenSpaceTextDatabase into ['OgnDrawScreenSpaceTextDatabase', '__builtins__', '__cached__', '__doc__', '__file__', '__loader__', '__name__', '__package__', '__spec__', '_og', 'numpy', 'og', 'ogn', 'sys', 'traceback'] from /home/loco1/miniconda3/envs/isaaclab/lib/python3.10/site-packages/isaacsim/extscache/omni.graph.visualization.nodes-2.1.1/omni/graph/visualization/nodes/ogn/OgnDrawScreenSpaceTextDatabase.py
[2026-08-06 17:10:13,782][ogn_registration][INFO] - Importing module omni.graph.visualization.nodes.ogn.nodes.OgnDrawScreenSpaceText from /home/loco1/miniconda3/envs/isaaclab/lib/python3.10/site-packages/isaacsim/extscache/omni.graph.visualization.nodes-2.1.1/omni/graph/visualization/nodes/ogn/nodes/OgnDrawScreenSpaceText.py
[2026-08-06 17:10:13,782][ogn_registration][INFO] - ... created the module as <module 'omni.graph.visualization.nodes.ogn.nodes.OgnDrawScreenSpaceText' from '/home/loco1/miniconda3/envs/isaaclab/lib/python3.10/site-packages/isaacsim/extscache/omni.graph.visualization.nodes-2.1.1/omni/graph/visualization/nodes/ogn/nodes/OgnDrawScreenSpaceText.py'>
[2026-08-06 17:10:13,783][ogn_registration][INFO] - ...Import Node omni.graph.visualization.nodes.ogn.nodes.OgnDrawScreenSpaceText into <module 'omni.graph.visualization.nodes.ogn.nodes.OgnDrawScreenSpaceText' from '/home/loco1/miniconda3/envs/isaaclab/lib/python3.10/site-packages/isaacsim/extscache/omni.graph.visualization.nodes-2.1.1/omni/graph/visualization/nodes/ogn/nodes/OgnDrawScreenSpaceText.py'> from /home/loco1/miniconda3/envs/isaaclab/lib/python3.10/site-packages/isaacsim/extscache/omni.graph.visualization.nodes-2.1.1/omni/graph/visualization/nodes/ogn/nodes/OgnDrawScreenSpaceText.py
[2026-08-06 17:10:13,783][ogn_registration][INFO] - Importing module omni.graph.visualization.nodes.ogn.tests.TestOgnDrawScreenSpaceText from /home/loco1/miniconda3/envs/isaaclab/lib/python3.10/site-packages/isaacsim/extscache/omni.graph.visualization.nodes-2.1.1/omni/graph/visualization/nodes/ogn/tests/TestOgnDrawScreenSpaceText.py
[2026-08-06 17:10:13,783][ogn_registration][INFO] - ... created the module as <module 'omni.graph.visualization.nodes.ogn.tests.TestOgnDrawScreenSpaceText' from '/home/loco1/miniconda3/envs/isaaclab/lib/python3.10/site-packages/isaacsim/extscache/omni.graph.visualization.nodes-2.1.1/omni/graph/visualization/nodes/ogn/tests/TestOgnDrawScreenSpaceText.py'>
[2026-08-06 17:10:13,783][ogn_registration][INFO] - ...Imported test omni.graph.visualization.nodes.ogn.tests.TestOgnDrawScreenSpaceText into <module 'omni.graph.visualization.nodes.ogn.tests.TestOgnDrawScreenSpaceText' from '/home/loco1/miniconda3/envs/isaaclab/lib/python3.10/site-packages/isaacsim/extscache/omni.graph.visualization.nodes-2.1.1/omni/graph/visualization/nodes/ogn/tests/TestOgnDrawScreenSpaceText.py'> from /home/loco1/miniconda3/envs/isaaclab/lib/python3.10/site-packages/isaacsim/extscache/omni.graph.visualization.nodes-2.1.1/omni/graph/visualization/nodes/ogn/tests/TestOgnDrawScreenSpaceText.py
[2026-08-06 17:10:13,783][ogn_registration][INFO] - Importing module omni.graph.visualization.nodes.ogn.OgnDrawLabelDatabase from /home/loco1/miniconda3/envs/isaaclab/lib/python3.10/site-packages/isaacsim/extscache/omni.graph.visualization.nodes-2.1.1/omni/graph/visualization/nodes/ogn/OgnDrawLabelDatabase.py
[2026-08-06 17:10:13,783][ogn_registration][INFO] - ... created the module as <module 'omni.graph.visualization.nodes.ogn.OgnDrawLabelDatabase' from '/home/loco1/miniconda3/envs/isaaclab/lib/python3.10/site-packages/isaacsim/extscache/omni.graph.visualization.nodes-2.1.1/omni/graph/visualization/nodes/ogn/OgnDrawLabelDatabase.py'>
[2026-08-06 17:10:13,783][ogn_registration][INFO] - ...Import DB omni.graph.visualization.nodes.ogn.OgnDrawLabelDatabase into ['OgnDrawLabelDatabase', '__builtins__', '__cached__', '__doc__', '__file__', '__loader__', '__name__', '__package__', '__spec__', '_og', 'numpy', 'og', 'ogn', 'sys', 'traceback'] from /home/loco1/miniconda3/envs/isaaclab/lib/python3.10/site-packages/isaacsim/extscache/omni.graph.visualization.nodes-2.1.1/omni/graph/visualization/nodes/ogn/OgnDrawLabelDatabase.py
[2026-08-06 17:10:13,783][ogn_registration][INFO] - Importing module omni.graph.visualization.nodes.ogn.nodes.OgnDrawLabel from /home/loco1/miniconda3/envs/isaaclab/lib/python3.10/site-packages/isaacsim/extscache/omni.graph.visualization.nodes-2.1.1/omni/graph/visualization/nodes/ogn/nodes/OgnDrawLabel.py
[2026-08-06 17:10:13,783][ogn_registration][INFO] - ... created the module as <module 'omni.graph.visualization.nodes.ogn.nodes.OgnDrawLabel' from '/home/loco1/miniconda3/envs/isaaclab/lib/python3.10/site-packages/isaacsim/extscache/omni.graph.visualization.nodes-2.1.1/omni/graph/visualization/nodes/ogn/nodes/OgnDrawLabel.py'>
[2026-08-06 17:10:13,784][ogn_registration][INFO] - ...Import Node omni.graph.visualization.nodes.ogn.nodes.OgnDrawLabel into <module 'omni.graph.visualization.nodes.ogn.nodes.OgnDrawLabel' from '/home/loco1/miniconda3/envs/isaaclab/lib/python3.10/site-packages/isaacsim/extscache/omni.graph.visualization.nodes-2.1.1/omni/graph/visualization/nodes/ogn/nodes/OgnDrawLabel.py'> from /home/loco1/miniconda3/envs/isaaclab/lib/python3.10/site-packages/isaacsim/extscache/omni.graph.visualization.nodes-2.1.1/omni/graph/visualization/nodes/ogn/nodes/OgnDrawLabel.py
[2026-08-06 17:10:13,784][ogn_registration][INFO] - Importing module omni.graph.visualization.nodes.ogn.tests.TestOgnDrawLabel from /home/loco1/miniconda3/envs/isaaclab/lib/python3.10/site-packages/isaacsim/extscache/omni.graph.visualization.nodes-2.1.1/omni/graph/visualization/nodes/ogn/tests/TestOgnDrawLabel.py
[2026-08-06 17:10:13,784][ogn_registration][INFO] - ... created the module as <module 'omni.graph.visualization.nodes.ogn.tests.TestOgnDrawLabel' from '/home/loco1/miniconda3/envs/isaaclab/lib/python3.10/site-packages/isaacsim/extscache/omni.graph.visualization.nodes-2.1.1/omni/graph/visualization/nodes/ogn/tests/TestOgnDrawLabel.py'>
[2026-08-06 17:10:13,784][ogn_registration][INFO] - ...Imported test omni.graph.visualization.nodes.ogn.tests.TestOgnDrawLabel into <module 'omni.graph.visualization.nodes.ogn.tests.TestOgnDrawLabel' from '/home/loco1/miniconda3/envs/isaaclab/lib/python3.10/site-packages/isaacsim/extscache/omni.graph.visualization.nodes-2.1.1/omni/graph/visualization/nodes/ogn/tests/TestOgnDrawLabel.py'> from /home/loco1/miniconda3/envs/isaaclab/lib/python3.10/site-packages/isaacsim/extscache/omni.graph.visualization.nodes-2.1.1/omni/graph/visualization/nodes/ogn/tests/TestOgnDrawLabel.py
[2026-08-06 17:10:13,784][ogn_registration][INFO] - Importing module omni.graph.visualization.nodes.ogn.OgnDrawLineDatabase from /home/loco1/miniconda3/envs/isaaclab/lib/python3.10/site-packages/isaacsim/extscache/omni.graph.visualization.nodes-2.1.1/omni/graph/visualization/nodes/ogn/OgnDrawLineDatabase.py
[2026-08-06 17:10:13,784][ogn_registration][INFO] - ... created the module as <module 'omni.graph.visualization.nodes.ogn.OgnDrawLineDatabase' from '/home/loco1/miniconda3/envs/isaaclab/lib/python3.10/site-packages/isaacsim/extscache/omni.graph.visualization.nodes-2.1.1/omni/graph/visualization/nodes/ogn/OgnDrawLineDatabase.py'>
[2026-08-06 17:10:13,784][ogn_registration][INFO] - ...Import DB omni.graph.visualization.nodes.ogn.OgnDrawLineDatabase into ['OgnDrawLineDatabase', '__builtins__', '__cached__', '__doc__', '__file__', '__loader__', '__name__', '__package__', '__spec__', '_og', 'numpy', 'og', 'ogn', 'sys', 'traceback'] from /home/loco1/miniconda3/envs/isaaclab/lib/python3.10/site-packages/isaacsim/extscache/omni.graph.visualization.nodes-2.1.1/omni/graph/visualization/nodes/ogn/OgnDrawLineDatabase.py
[2026-08-06 17:10:13,784][ogn_registration][INFO] - Importing module omni.graph.visualization.nodes.ogn.nodes.OgnDrawLine from /home/loco1/miniconda3/envs/isaaclab/lib/python3.10/site-packages/isaacsim/extscache/omni.graph.visualization.nodes-2.1.1/omni/graph/visualization/nodes/ogn/nodes/OgnDrawLine.py
[2026-08-06 17:10:13,784][ogn_registration][INFO] - ... created the module as <module 'omni.graph.visualization.nodes.ogn.nodes.OgnDrawLine' from '/home/loco1/miniconda3/envs/isaaclab/lib/python3.10/site-packages/isaacsim/extscache/omni.graph.visualization.nodes-2.1.1/omni/graph/visualization/nodes/ogn/nodes/OgnDrawLine.py'>
[2026-08-06 17:10:13,784][ogn_registration][INFO] - ...Import Node omni.graph.visualization.nodes.ogn.nodes.OgnDrawLine into <module 'omni.graph.visualization.nodes.ogn.nodes.OgnDrawLine' from '/home/loco1/miniconda3/envs/isaaclab/lib/python3.10/site-packages/isaacsim/extscache/omni.graph.visualization.nodes-2.1.1/omni/graph/visualization/nodes/ogn/nodes/OgnDrawLine.py'> from /home/loco1/miniconda3/envs/isaaclab/lib/python3.10/site-packages/isaacsim/extscache/omni.graph.visualization.nodes-2.1.1/omni/graph/visualization/nodes/ogn/nodes/OgnDrawLine.py
[2026-08-06 17:10:13,784][ogn_registration][INFO] - Importing module omni.graph.visualization.nodes.ogn.tests.TestOgnDrawLine from /home/loco1/miniconda3/envs/isaaclab/lib/python3.10/site-packages/isaacsim/extscache/omni.graph.visualization.nodes-2.1.1/omni/graph/visualization/nodes/ogn/tests/TestOgnDrawLine.py
[2026-08-06 17:10:13,784][ogn_registration][INFO] - ... created the module as <module 'omni.graph.visualization.nodes.ogn.tests.TestOgnDrawLine' from '/home/loco1/miniconda3/envs/isaaclab/lib/python3.10/site-packages/isaacsim/extscache/omni.graph.visualization.nodes-2.1.1/omni/graph/visualization/nodes/ogn/tests/TestOgnDrawLine.py'>
[2026-08-06 17:10:13,784][ogn_registration][INFO] - ...Imported test omni.graph.visualization.nodes.ogn.tests.TestOgnDrawLine into <module 'omni.graph.visualization.nodes.ogn.tests.TestOgnDrawLine' from '/home/loco1/miniconda3/envs/isaaclab/lib/python3.10/site-packages/isaacsim/extscache/omni.graph.visualization.nodes-2.1.1/omni/graph/visualization/nodes/ogn/tests/TestOgnDrawLine.py'> from /home/loco1/miniconda3/envs/isaaclab/lib/python3.10/site-packages/isaacsim/extscache/omni.graph.visualization.nodes-2.1.1/omni/graph/visualization/nodes/ogn/tests/TestOgnDrawLine.py
[2026-08-06 17:10:13,784][ogn_registration][INFO] - omni.graph.visualization.nodes: Time to import the generated objects = 0.003688
[2026-08-06 17:10:13,784][ogn_registration][INFO] - Registering the nodes in omni.graph.visualization.nodes
[2026-08-06 17:10:13,784][ogn_registration][INFO] - -- node implementations {'OgnDrawScreenSpaceTextDatabase': <class 'omni.graph.visualization.nodes.ogn.nodes.OgnDrawScreenSpaceText.OgnDrawScreenSpaceText'>, 'OgnDrawLabelDatabase': <class 'omni.graph.visualization.nodes.ogn.nodes.OgnDrawLabel.OgnDrawLabel'>, 'OgnDrawLineDatabase': <class 'omni.graph.visualization.nodes.ogn.nodes.OgnDrawLine.OgnDrawLine'>}
[2026-08-06 17:10:13,784][ogn_registration][INFO] - Found the database class <class 'omni.graph.visualization.nodes.ogn.OgnDrawScreenSpaceTextDatabase.OgnDrawScreenSpaceTextDatabase'> with node module <class 'omni.graph.visualization.nodes.ogn.nodes.OgnDrawScreenSpaceText.OgnDrawScreenSpaceText'>
[2026-08-06 17:10:13,785][ogn_registration][INFO] - Registered okay, adding the deregister function <function OgnDrawScreenSpaceTextDatabase.deregister at 0x795aa871f370>
[2026-08-06 17:10:13,785][ogn_registration][INFO] - ...Registered through database OgnDrawScreenSpaceTextDatabase
[2026-08-06 17:10:13,785][ogn_registration][INFO] - Found the database class <class 'omni.graph.visualization.nodes.ogn.OgnDrawLabelDatabase.OgnDrawLabelDatabase'> with node module <class 'omni.graph.visualization.nodes.ogn.nodes.OgnDrawLabel.OgnDrawLabel'>
[2026-08-06 17:10:13,785][ogn_registration][INFO] - Registered okay, adding the deregister function <function OgnDrawLabelDatabase.deregister at 0x795aa87593f0>
[2026-08-06 17:10:13,785][ogn_registration][INFO] - ...Registered through database OgnDrawLabelDatabase
[2026-08-06 17:10:13,785][ogn_registration][INFO] - Found the database class <class 'omni.graph.visualization.nodes.ogn.OgnDrawLineDatabase.OgnDrawLineDatabase'> with node module <class 'omni.graph.visualization.nodes.ogn.nodes.OgnDrawLine.OgnDrawLine'>
[2026-08-06 17:10:13,785][ogn_registration][INFO] - Registered okay, adding the deregister function <function OgnDrawLineDatabase.deregister at 0x795aa875aa70>
[2026-08-06 17:10:13,785][ogn_registration][INFO] - ...Registered through database OgnDrawLineDatabase
[2026-08-06 17:10:13,785][ogn_registration][INFO] - omni.graph.visualization.nodes: Time to register the generated objects = 0.000540
[2026-08-06 17:10:13,785][ogn_registration][INFO] - OGN register omni.graph.visualization.nodes-2.1.1 took 9480968.000000
[2026-08-06 17:10:13,786][ogn_registration][INFO] - Looking for Python nodes to register in omni.kit.ui_test-1.3.3
[2026-08-06 17:10:13,786][ogn_registration][INFO] -  -> Registered nodes from module omni.kit.ui_test at /home/loco1/miniconda3/envs/isaaclab/lib/python3.10/site-packages/isaacsim/extscache/omni.kit.ui_test-1.3.3+d02c707b
[2026-08-06 17:10:13,786][ogn_registration][INFO] - Registering nodes in /home/loco1/miniconda3/envs/isaaclab/lib/python3.10/site-packages/isaacsim/extscache/omni.kit.ui_test-1.3.3+d02c707b imported as omni.kit.ui_test with AutoNode config {}
[2026-08-06 17:10:13,786][ogn_registration][INFO] - Registering Python Node Types from omni.kit.ui_test at /home/loco1/miniconda3/envs/isaaclab/lib/python3.10/site-packages/isaacsim/extscache/omni.kit.ui_test-1.3.3+d02c707b in omni.kit.ui_test
[2026-08-06 17:10:13,786][ogn_registration][INFO] - ========================================================================================================================
[2026-08-06 17:10:13,786][ogn_registration][INFO] - No dependency on omni.graph, therefore no nodes to register in omni.kit.ui_test
[2026-08-06 17:10:13,786][ogn_registration][INFO] - ...None found, no registration to do
[2026-08-06 17:10:13,786][ogn_registration][INFO] - ...Skipping: No OmniGraph presence in the module omni.kit.ui_test - No nodes in this module, do not remember it
[2026-08-06 17:10:13,786][ogn_registration][INFO] - Destroying registration record for omni.kit.ui_test
[2026-08-06 17:10:13,786][ogn_registration][INFO] - OGN register omni.kit.ui_test-1.3.3 took 432109.000000
[2026-08-06 17:10:13,795][ogn_registration][INFO] - Looking for Python nodes to register in omni.kit.window.extensions-1.4.25
[2026-08-06 17:10:13,795][ogn_registration][INFO] -  -> Registered nodes from module omni.kit.window.extensions at /home/loco1/miniconda3/envs/isaaclab/lib/python3.10/site-packages/isaacsim/extscache/omni.kit.window.extensions-1.4.25+d02c707b
[2026-08-06 17:10:13,795][ogn_registration][INFO] - Registering nodes in /home/loco1/miniconda3/envs/isaaclab/lib/python3.10/site-packages/isaacsim/extscache/omni.kit.window.extensions-1.4.25+d02c707b imported as omni.kit.window.extensions with AutoNode config {}
[2026-08-06 17:10:13,795][ogn_registration][INFO] - Registering Python Node Types from omni.kit.window.extensions at /home/loco1/miniconda3/envs/isaaclab/lib/python3.10/site-packages/isaacsim/extscache/omni.kit.window.extensions-1.4.25+d02c707b in omni.kit.window.extensions
[2026-08-06 17:10:13,796][ogn_registration][INFO] - ========================================================================================================================
[2026-08-06 17:10:13,796][ogn_registration][INFO] - No dependency on omni.graph, therefore no nodes to register in omni.kit.window.extensions
[2026-08-06 17:10:13,796][ogn_registration][INFO] - ...None found, no registration to do
[2026-08-06 17:10:13,796][ogn_registration][INFO] - ...Skipping: No OmniGraph presence in the module omni.kit.window.extensions - No nodes in this module, do not remember it
[2026-08-06 17:10:13,796][ogn_registration][INFO] - Destroying registration record for omni.kit.window.extensions
[2026-08-06 17:10:13,796][ogn_registration][INFO] - OGN register omni.kit.window.extensions-1.4.25 took 522227.000000
[2026-08-06 17:10:13,796][ogn_registration][INFO] - Looking for Python nodes to register in omni.kit.widget.prompt-1.0.7
[2026-08-06 17:10:13,797][ogn_registration][INFO] -  -> Registered nodes from module omni.kit.widget.prompt at /home/loco1/miniconda3/envs/isaaclab/lib/python3.10/site-packages/isaacsim/extscache/omni.kit.widget.prompt-1.0.7+d02c707b
[2026-08-06 17:10:13,797][ogn_registration][INFO] - Registering nodes in /home/loco1/miniconda3/envs/isaaclab/lib/python3.10/site-packages/isaacsim/extscache/omni.kit.widget.prompt-1.0.7+d02c707b imported as omni.kit.widget.prompt with AutoNode config {}
[2026-08-06 17:10:13,797][ogn_registration][INFO] - Registering Python Node Types from omni.kit.widget.prompt at /home/loco1/miniconda3/envs/isaaclab/lib/python3.10/site-packages/isaacsim/extscache/omni.kit.widget.prompt-1.0.7+d02c707b in omni.kit.widget.prompt
[2026-08-06 17:10:13,797][ogn_registration][INFO] - ========================================================================================================================
[2026-08-06 17:10:13,797][ogn_registration][INFO] - No dependency on omni.graph, therefore no nodes to register in omni.kit.widget.prompt
[2026-08-06 17:10:13,797][ogn_registration][INFO] - ...None found, no registration to do
[2026-08-06 17:10:13,797][ogn_registration][INFO] - ...Skipping: No OmniGraph presence in the module omni.kit.widget.prompt - No nodes in this module, do not remember it
[2026-08-06 17:10:13,797][ogn_registration][INFO] - Destroying registration record for omni.kit.widget.prompt
[2026-08-06 17:10:13,797][ogn_registration][INFO] - OGN register omni.kit.widget.prompt-1.0.7 took 403577.000000
[2026-08-06 17:10:13,799][ogn_registration][INFO] - Looking for Python nodes to register in isaacsim.gui.components-1.0.9
[2026-08-06 17:10:13,799][ogn_registration][INFO] -  -> Registered nodes from module isaacsim.gui.components at /home/loco1/miniconda3/envs/isaaclab/lib/python3.10/site-packages/isaacsim/exts/isaacsim.gui.components
[2026-08-06 17:10:13,799][ogn_registration][INFO] - Registering nodes in /home/loco1/miniconda3/envs/isaaclab/lib/python3.10/site-packages/isaacsim/exts/isaacsim.gui.components imported as isaacsim.gui.components with AutoNode config {}
[2026-08-06 17:10:13,799][ogn_registration][INFO] - Registering Python Node Types from isaacsim.gui.components at /home/loco1/miniconda3/envs/isaaclab/lib/python3.10/site-packages/isaacsim/exts/isaacsim.gui.components in isaacsim.gui.components
[2026-08-06 17:10:13,799][ogn_registration][INFO] - ========================================================================================================================
[2026-08-06 17:10:13,800][ogn_registration][INFO] - Finding OmniGraph extension content manager for isaacsim.gui.components-1.0.9 in module isaacsim.gui.components at /home/loco1/miniconda3/envs/isaaclab/lib/python3.10/site-packages/isaacsim/exts/isaacsim.gui.components
[2026-08-06 17:10:13,800][ogn_registration][INFO] - -> New generated folder /home/loco1/miniconda3/envs/isaaclab/lib/python3.10/site-packages/isaacsim/exts/isaacsim.gui.components/ogn/isaacsim.gui.components is not a directory
[2026-08-06 17:10:13,800][ogn_registration][INFO] - -> Old ogn/ folder /home/loco1/miniconda3/envs/isaaclab/lib/python3.10/site-packages/isaacsim/exts/isaacsim.gui.components/isaacsim/gui/components/ogn is not a directory
[2026-08-06 17:10:13,800][ogn_registration][INFO] - _walk_with_excludes(start=/home/loco1/miniconda3/envs/isaaclab/lib/python3.10/site-packages/isaacsim/exts/isaacsim.gui.components/isaacsim/gui/components, exclude=['__pycache__'])
[2026-08-06 17:10:13,800][ogn_registration][INFO] -    ... walked /home/loco1/miniconda3/envs/isaaclab/lib/python3.10/site-packages/isaacsim/exts/isaacsim.gui.components/isaacsim/gui/components, ['tests', 'element_wrappers'], ['__init__.py', 'callbacks.py', 'ui_utils.py', 'print_to_screen.py', 'menu.py', 'style.py', 'widgets.py', 'dpad.py']
[2026-08-06 17:10:13,801][ogn_registration][INFO] -    ... walked /home/loco1/miniconda3/envs/isaaclab/lib/python3.10/site-packages/isaacsim/exts/isaacsim.gui.components/isaacsim/gui/components/tests, [], ['__init__.py', 'test_ui.py', 'test_screen_printer.py', 'test_ui_widget_wrappers.py']
[2026-08-06 17:10:13,801][ogn_registration][INFO] -    ... walked /home/loco1/miniconda3/envs/isaaclab/lib/python3.10/site-packages/isaacsim/exts/isaacsim.gui.components/isaacsim/gui/components/element_wrappers, [], ['__init__.py', 'ui_widget_wrappers.py', 'base_ui_element_wrappers.py']
[2026-08-06 17:10:13,801][ogn_registration][INFO] - -> Extension contents not recognized as containing OmniGraph Python information
[2026-08-06 17:10:13,801][ogn_registration][INFO] - ...None found, no registration to do
[2026-08-06 17:10:13,801][ogn_registration][INFO] - ...Skipping: No OmniGraph presence in the module isaacsim.gui.components - No nodes in this module, do not remember it
[2026-08-06 17:10:13,801][ogn_registration][INFO] - Destroying registration record for isaacsim.gui.components
[2026-08-06 17:10:13,801][ogn_registration][INFO] -  -> Registered nodes from module isaacsim.gui.components.tests at /home/loco1/miniconda3/envs/isaaclab/lib/python3.10/site-packages/isaacsim/exts/isaacsim.gui.components
[2026-08-06 17:10:13,801][ogn_registration][INFO] - Registering nodes in /home/loco1/miniconda3/envs/isaaclab/lib/python3.10/site-packages/isaacsim/exts/isaacsim.gui.components imported as isaacsim.gui.components.tests with AutoNode config {}
[2026-08-06 17:10:13,801][ogn_registration][INFO] - Registering Python Node Types from isaacsim.gui.components.tests at /home/loco1/miniconda3/envs/isaaclab/lib/python3.10/site-packages/isaacsim/exts/isaacsim.gui.components in isaacsim.gui.components
[2026-08-06 17:10:13,801][ogn_registration][INFO] - ========================================================================================================================
[2026-08-06 17:10:13,801][ogn_registration][INFO] - Finding OmniGraph extension content manager for isaacsim.gui.components-1.0.9 in module isaacsim.gui.components.tests at /home/loco1/miniconda3/envs/isaaclab/lib/python3.10/site-packages/isaacsim/exts/isaacsim.gui.components
[2026-08-06 17:10:13,801][ogn_registration][INFO] - -> New generated folder /home/loco1/miniconda3/envs/isaaclab/lib/python3.10/site-packages/isaacsim/exts/isaacsim.gui.components/ogn/isaacsim.gui.components.tests is not a directory
[2026-08-06 17:10:13,801][ogn_registration][INFO] - -> Old ogn/ folder /home/loco1/miniconda3/envs/isaaclab/lib/python3.10/site-packages/isaacsim/exts/isaacsim.gui.components/isaacsim/gui/components/tests/ogn is not a directory
[2026-08-06 17:10:13,801][ogn_registration][INFO] - _walk_with_excludes(start=/home/loco1/miniconda3/envs/isaaclab/lib/python3.10/site-packages/isaacsim/exts/isaacsim.gui.components/isaacsim/gui/components/tests, exclude=['__pycache__'])
[2026-08-06 17:10:13,801][ogn_registration][INFO] -    ... walked /home/loco1/miniconda3/envs/isaaclab/lib/python3.10/site-packages/isaacsim/exts/isaacsim.gui.components/isaacsim/gui/components/tests, [], ['__init__.py', 'test_ui.py', 'test_screen_printer.py', 'test_ui_widget_wrappers.py']
[2026-08-06 17:10:13,802][ogn_registration][INFO] - -> Extension contents not recognized as containing OmniGraph Python information
[2026-08-06 17:10:13,802][ogn_registration][INFO] - ...None found, no registration to do
[2026-08-06 17:10:13,802][ogn_registration][INFO] - ...Skipping: No OmniGraph presence in the module isaacsim.gui.components.tests - No nodes in this module, do not remember it
[2026-08-06 17:10:13,802][ogn_registration][INFO] - Destroying registration record for isaacsim.gui.components
[2026-08-06 17:10:13,802][ogn_registration][INFO] - OGN register isaacsim.gui.components-1.0.9 took 2314161.000000
[2026-08-06 17:10:13,809][ogn_registration][INFO] - Looking for Python nodes to register in omni.kit.tool.asset_importer-2.12.2
[2026-08-06 17:10:13,809][ogn_registration][INFO] -  -> Registered nodes from module omni.kit.tool.asset_importer at /home/loco1/miniconda3/envs/isaaclab/lib/python3.10/site-packages/isaacsim/extscache/omni.kit.tool.asset_importer-2.12.2+106.5.0
[2026-08-06 17:10:13,809][ogn_registration][INFO] - Registering nodes in /home/loco1/miniconda3/envs/isaaclab/lib/python3.10/site-packages/isaacsim/extscache/omni.kit.tool.asset_importer-2.12.2+106.5.0 imported as omni.kit.tool.asset_importer with AutoNode config {}
[2026-08-06 17:10:13,809][ogn_registration][INFO] - Registering Python Node Types from omni.kit.tool.asset_importer at /home/loco1/miniconda3/envs/isaaclab/lib/python3.10/site-packages/isaacsim/extscache/omni.kit.tool.asset_importer-2.12.2+106.5.0 in omni.kit.tool.asset_importer
[2026-08-06 17:10:13,809][ogn_registration][INFO] - ========================================================================================================================
[2026-08-06 17:10:13,809][ogn_registration][INFO] - No dependency on omni.graph, therefore no nodes to register in omni.kit.tool.asset_importer
[2026-08-06 17:10:13,810][ogn_registration][INFO] - ...None found, no registration to do
[2026-08-06 17:10:13,810][ogn_registration][INFO] - ...Skipping: No OmniGraph presence in the module omni.kit.tool.asset_importer - No nodes in this module, do not remember it
[2026-08-06 17:10:13,810][ogn_registration][INFO] - Destroying registration record for omni.kit.tool.asset_importer
[2026-08-06 17:10:13,810][ogn_registration][INFO] - OGN register omni.kit.tool.asset_importer-2.12.2 took 751324.000000
[2026-08-06 17:10:13,831][ogn_registration][INFO] - Looking for Python nodes to register in isaacsim.asset.importer.urdf-2.3.10
[2026-08-06 17:10:13,831][ogn_registration][INFO] -  -> Registered nodes from module isaacsim.asset.importer.urdf at /home/loco1/miniconda3/envs/isaaclab/lib/python3.10/site-packages/isaacsim/extscache/isaacsim.asset.importer.urdf-2.3.10+106.4.0.lx64.r.cp310
[2026-08-06 17:10:13,831][ogn_registration][INFO] - Registering nodes in /home/loco1/miniconda3/envs/isaaclab/lib/python3.10/site-packages/isaacsim/extscache/isaacsim.asset.importer.urdf-2.3.10+106.4.0.lx64.r.cp310 imported as isaacsim.asset.importer.urdf with AutoNode config {}
[2026-08-06 17:10:13,831][ogn_registration][INFO] - Registering Python Node Types from isaacsim.asset.importer.urdf at /home/loco1/miniconda3/envs/isaaclab/lib/python3.10/site-packages/isaacsim/extscache/isaacsim.asset.importer.urdf-2.3.10+106.4.0.lx64.r.cp310 in isaacsim.asset.importer.urdf
[2026-08-06 17:10:13,831][ogn_registration][INFO] - ========================================================================================================================
[2026-08-06 17:10:13,832][ogn_registration][INFO] - Finding OmniGraph extension content manager for isaacsim.asset.importer.urdf-2.3.10 in module isaacsim.asset.importer.urdf at /home/loco1/miniconda3/envs/isaaclab/lib/python3.10/site-packages/isaacsim/extscache/isaacsim.asset.importer.urdf-2.3.10+106.4.0.lx64.r.cp310
[2026-08-06 17:10:13,832][ogn_registration][INFO] - -> New generated folder /home/loco1/miniconda3/envs/isaaclab/lib/python3.10/site-packages/isaacsim/extscache/isaacsim.asset.importer.urdf-2.3.10+106.4.0.lx64.r.cp310/ogn/isaacsim.asset.importer.urdf is not a directory
[2026-08-06 17:10:13,832][ogn_registration][INFO] - -> Old ogn/ folder /home/loco1/miniconda3/envs/isaaclab/lib/python3.10/site-packages/isaacsim/extscache/isaacsim.asset.importer.urdf-2.3.10+106.4.0.lx64.r.cp310/isaacsim/asset/importer/urdf/ogn is not a directory
[2026-08-06 17:10:13,832][ogn_registration][INFO] - _walk_with_excludes(start=/home/loco1/miniconda3/envs/isaaclab/lib/python3.10/site-packages/isaacsim/extscache/isaacsim.asset.importer.urdf-2.3.10+106.4.0.lx64.r.cp310/isaacsim/asset/importer/urdf, exclude=['__pycache__'])
[2026-08-06 17:10:13,833][ogn_registration][INFO] -    ... walked /home/loco1/miniconda3/envs/isaaclab/lib/python3.10/site-packages/isaacsim/extscache/isaacsim.asset.importer.urdf-2.3.10+106.4.0.lx64.r.cp310/isaacsim/asset/importer/urdf, ['tests', 'scripts'], ['_urdf.cpython-310-x86_64-linux-gnu.so', '__init__.py']
[2026-08-06 17:10:13,833][ogn_registration][INFO] -    ... walked /home/loco1/miniconda3/envs/isaaclab/lib/python3.10/site-packages/isaacsim/extscache/isaacsim.asset.importer.urdf-2.3.10+106.4.0.lx64.r.cp310/isaacsim/asset/importer/urdf/tests, [], ['__init__.py', 'test_urdf.py']
[2026-08-06 17:10:13,833][ogn_registration][INFO] -    ... walked /home/loco1/miniconda3/envs/isaaclab/lib/python3.10/site-packages/isaacsim/extscache/isaacsim.asset.importer.urdf-2.3.10+106.4.0.lx64.r.cp310/isaacsim/asset/importer/urdf/scripts, ['samples', 'ui'], ['commands.py', '__init__.py', 'extension.py']
[2026-08-06 17:10:13,833][ogn_registration][INFO] -    ... walked /home/loco1/miniconda3/envs/isaaclab/lib/python3.10/site-packages/isaacsim/extscache/isaacsim.asset.importer.urdf-2.3.10+106.4.0.lx64.r.cp310/isaacsim/asset/importer/urdf/scripts/samples, [], ['import_ur10.py', 'import_kaya.py', 'common.py', 'import_carter.py', 'import_franka.py']
[2026-08-06 17:10:13,833][ogn_registration][INFO] -    ... walked /home/loco1/miniconda3/envs/isaaclab/lib/python3.10/site-packages/isaacsim/extscache/isaacsim.asset.importer.urdf-2.3.10+106.4.0.lx64.r.cp310/isaacsim/asset/importer/urdf/scripts/ui, [], ['__init__.py', 'ui_utils.py', 'UrdfJointWidgetWithID.py', 'menu.py', 'style.py', 'UrdfLinkWidget.py', 'resetable_widget.py', 'UrdfOptionWidget.py']
[2026-08-06 17:10:13,833][ogn_registration][INFO] - -> Extension contents not recognized as containing OmniGraph Python information
[2026-08-06 17:10:13,833][ogn_registration][INFO] - ...None found, no registration to do
[2026-08-06 17:10:13,833][ogn_registration][INFO] - ...Skipping: No OmniGraph presence in the module isaacsim.asset.importer.urdf - No nodes in this module, do not remember it
[2026-08-06 17:10:13,833][ogn_registration][INFO] - Destroying registration record for isaacsim.asset.importer.urdf
[2026-08-06 17:10:13,833][ogn_registration][INFO] -  -> Registered nodes from module isaacsim.asset.importer.urdf.tests at /home/loco1/miniconda3/envs/isaaclab/lib/python3.10/site-packages/isaacsim/extscache/isaacsim.asset.importer.urdf-2.3.10+106.4.0.lx64.r.cp310
[2026-08-06 17:10:13,833][ogn_registration][INFO] - Registering nodes in /home/loco1/miniconda3/envs/isaaclab/lib/python3.10/site-packages/isaacsim/extscache/isaacsim.asset.importer.urdf-2.3.10+106.4.0.lx64.r.cp310 imported as isaacsim.asset.importer.urdf.tests with AutoNode config {}
[2026-08-06 17:10:13,833][ogn_registration][INFO] - Registering Python Node Types from isaacsim.asset.importer.urdf.tests at /home/loco1/miniconda3/envs/isaaclab/lib/python3.10/site-packages/isaacsim/extscache/isaacsim.asset.importer.urdf-2.3.10+106.4.0.lx64.r.cp310 in isaacsim.asset.importer.urdf
[2026-08-06 17:10:13,833][ogn_registration][INFO] - ========================================================================================================================
[2026-08-06 17:10:13,834][ogn_registration][INFO] - Finding OmniGraph extension content manager for isaacsim.asset.importer.urdf-2.3.10 in module isaacsim.asset.importer.urdf.tests at /home/loco1/miniconda3/envs/isaaclab/lib/python3.10/site-packages/isaacsim/extscache/isaacsim.asset.importer.urdf-2.3.10+106.4.0.lx64.r.cp310
[2026-08-06 17:10:13,834][ogn_registration][INFO] - -> New generated folder /home/loco1/miniconda3/envs/isaaclab/lib/python3.10/site-packages/isaacsim/extscache/isaacsim.asset.importer.urdf-2.3.10+106.4.0.lx64.r.cp310/ogn/isaacsim.asset.importer.urdf.tests is not a directory
[2026-08-06 17:10:13,834][ogn_registration][INFO] - -> Old ogn/ folder /home/loco1/miniconda3/envs/isaaclab/lib/python3.10/site-packages/isaacsim/extscache/isaacsim.asset.importer.urdf-2.3.10+106.4.0.lx64.r.cp310/isaacsim/asset/importer/urdf/tests/ogn is not a directory
[2026-08-06 17:10:13,834][ogn_registration][INFO] - _walk_with_excludes(start=/home/loco1/miniconda3/envs/isaaclab/lib/python3.10/site-packages/isaacsim/extscache/isaacsim.asset.importer.urdf-2.3.10+106.4.0.lx64.r.cp310/isaacsim/asset/importer/urdf/tests, exclude=['__pycache__'])
[2026-08-06 17:10:13,834][ogn_registration][INFO] -    ... walked /home/loco1/miniconda3/envs/isaaclab/lib/python3.10/site-packages/isaacsim/extscache/isaacsim.asset.importer.urdf-2.3.10+106.4.0.lx64.r.cp310/isaacsim/asset/importer/urdf/tests, [], ['__init__.py', 'test_urdf.py']
[2026-08-06 17:10:13,834][ogn_registration][INFO] - -> Extension contents not recognized as containing OmniGraph Python information
[2026-08-06 17:10:13,834][ogn_registration][INFO] - ...None found, no registration to do
[2026-08-06 17:10:13,834][ogn_registration][INFO] - ...Skipping: No OmniGraph presence in the module isaacsim.asset.importer.urdf.tests - No nodes in this module, do not remember it
[2026-08-06 17:10:13,834][ogn_registration][INFO] - Destroying registration record for isaacsim.asset.importer.urdf
[2026-08-06 17:10:13,834][ogn_registration][INFO] -  -> Registered nodes from module isaacsim.asset.importer.urdf.scripts.ui at /home/loco1/miniconda3/envs/isaaclab/lib/python3.10/site-packages/isaacsim/extscache/isaacsim.asset.importer.urdf-2.3.10+106.4.0.lx64.r.cp310
[2026-08-06 17:10:13,834][ogn_registration][INFO] - Registering nodes in /home/loco1/miniconda3/envs/isaaclab/lib/python3.10/site-packages/isaacsim/extscache/isaacsim.asset.importer.urdf-2.3.10+106.4.0.lx64.r.cp310 imported as isaacsim.asset.importer.urdf.scripts.ui with AutoNode config {}
[2026-08-06 17:10:13,834][ogn_registration][INFO] - Registering Python Node Types from isaacsim.asset.importer.urdf.scripts.ui at /home/loco1/miniconda3/envs/isaaclab/lib/python3.10/site-packages/isaacsim/extscache/isaacsim.asset.importer.urdf-2.3.10+106.4.0.lx64.r.cp310 in isaacsim.asset.importer.urdf
[2026-08-06 17:10:13,834][ogn_registration][INFO] - ========================================================================================================================
[2026-08-06 17:10:13,835][ogn_registration][INFO] - Finding OmniGraph extension content manager for isaacsim.asset.importer.urdf-2.3.10 in module isaacsim.asset.importer.urdf.scripts.ui at /home/loco1/miniconda3/envs/isaaclab/lib/python3.10/site-packages/isaacsim/extscache/isaacsim.asset.importer.urdf-2.3.10+106.4.0.lx64.r.cp310
[2026-08-06 17:10:13,835][ogn_registration][INFO] - -> New generated folder /home/loco1/miniconda3/envs/isaaclab/lib/python3.10/site-packages/isaacsim/extscache/isaacsim.asset.importer.urdf-2.3.10+106.4.0.lx64.r.cp310/ogn/isaacsim.asset.importer.urdf.scripts.ui is not a directory
[2026-08-06 17:10:13,835][ogn_registration][INFO] - -> Old ogn/ folder /home/loco1/miniconda3/envs/isaaclab/lib/python3.10/site-packages/isaacsim/extscache/isaacsim.asset.importer.urdf-2.3.10+106.4.0.lx64.r.cp310/isaacsim/asset/importer/urdf/scripts/ui/ogn is not a directory
[2026-08-06 17:10:13,835][ogn_registration][INFO] - _walk_with_excludes(start=/home/loco1/miniconda3/envs/isaaclab/lib/python3.10/site-packages/isaacsim/extscache/isaacsim.asset.importer.urdf-2.3.10+106.4.0.lx64.r.cp310/isaacsim/asset/importer/urdf/scripts/ui, exclude=['__pycache__'])
[2026-08-06 17:10:13,835][ogn_registration][INFO] -    ... walked /home/loco1/miniconda3/envs/isaaclab/lib/python3.10/site-packages/isaacsim/extscache/isaacsim.asset.importer.urdf-2.3.10+106.4.0.lx64.r.cp310/isaacsim/asset/importer/urdf/scripts/ui, [], ['__init__.py', 'ui_utils.py', 'UrdfJointWidgetWithID.py', 'menu.py', 'style.py', 'UrdfLinkWidget.py', 'resetable_widget.py', 'UrdfOptionWidget.py']
[2026-08-06 17:10:13,835][ogn_registration][INFO] - -> Extension contents not recognized as containing OmniGraph Python information
[2026-08-06 17:10:13,835][ogn_registration][INFO] - ...None found, no registration to do
[2026-08-06 17:10:13,835][ogn_registration][INFO] - ...Skipping: No OmniGraph presence in the module isaacsim.asset.importer.urdf.scripts.ui - No nodes in this module, do not remember it
[2026-08-06 17:10:13,835][ogn_registration][INFO] - Destroying registration record for isaacsim.asset.importer.urdf
[2026-08-06 17:10:13,835][ogn_registration][INFO] -  -> Registered nodes from module isaacsim.asset.importer.urdf.scripts.samples.import_carter at /home/loco1/miniconda3/envs/isaaclab/lib/python3.10/site-packages/isaacsim/extscache/isaacsim.asset.importer.urdf-2.3.10+106.4.0.lx64.r.cp310
[2026-08-06 17:10:13,835][ogn_registration][INFO] - Registering nodes in /home/loco1/miniconda3/envs/isaaclab/lib/python3.10/site-packages/isaacsim/extscache/isaacsim.asset.importer.urdf-2.3.10+106.4.0.lx64.r.cp310 imported as isaacsim.asset.importer.urdf.scripts.samples.import_carter with AutoNode config {}
[2026-08-06 17:10:13,835][ogn_registration][INFO] - Registering Python Node Types from isaacsim.asset.importer.urdf.scripts.samples.import_carter at /home/loco1/miniconda3/envs/isaaclab/lib/python3.10/site-packages/isaacsim/extscache/isaacsim.asset.importer.urdf-2.3.10+106.4.0.lx64.r.cp310 in isaacsim.asset.importer.urdf
[2026-08-06 17:10:13,835][ogn_registration][INFO] - ========================================================================================================================
[2026-08-06 17:10:13,836][ogn_registration][INFO] - Finding OmniGraph extension content manager for isaacsim.asset.importer.urdf-2.3.10 in module isaacsim.asset.importer.urdf.scripts.samples.import_carter at /home/loco1/miniconda3/envs/isaaclab/lib/python3.10/site-packages/isaacsim/extscache/isaacsim.asset.importer.urdf-2.3.10+106.4.0.lx64.r.cp310
[2026-08-06 17:10:13,836][ogn_registration][INFO] - -> New generated folder /home/loco1/miniconda3/envs/isaaclab/lib/python3.10/site-packages/isaacsim/extscache/isaacsim.asset.importer.urdf-2.3.10+106.4.0.lx64.r.cp310/ogn/isaacsim.asset.importer.urdf.scripts.samples.import_carter is not a directory
[2026-08-06 17:10:13,836][ogn_registration][INFO] - -> Old ogn/ folder /home/loco1/miniconda3/envs/isaaclab/lib/python3.10/site-packages/isaacsim/extscache/isaacsim.asset.importer.urdf-2.3.10+106.4.0.lx64.r.cp310/isaacsim/asset/importer/urdf/scripts/samples/import_carter/ogn is not a directory
[2026-08-06 17:10:13,836][ogn_registration][INFO] - _walk_with_excludes(start=/home/loco1/miniconda3/envs/isaaclab/lib/python3.10/site-packages/isaacsim/extscache/isaacsim.asset.importer.urdf-2.3.10+106.4.0.lx64.r.cp310/isaacsim/asset/importer/urdf/scripts/samples/import_carter, exclude=['__pycache__'])
[2026-08-06 17:10:13,836][ogn_registration][INFO] - -> Extension contents not recognized as containing OmniGraph Python information
[2026-08-06 17:10:13,836][ogn_registration][INFO] - ...None found, no registration to do
[2026-08-06 17:10:13,836][ogn_registration][INFO] - ...Skipping: No OmniGraph presence in the module isaacsim.asset.importer.urdf.scripts.samples.import_carter - No nodes in this module, do not remember it
[2026-08-06 17:10:13,836][ogn_registration][INFO] - Destroying registration record for isaacsim.asset.importer.urdf
[2026-08-06 17:10:13,836][ogn_registration][INFO] -  -> Registered nodes from module isaacsim.asset.importer.urdf.scripts.samples.import_franka at /home/loco1/miniconda3/envs/isaaclab/lib/python3.10/site-packages/isaacsim/extscache/isaacsim.asset.importer.urdf-2.3.10+106.4.0.lx64.r.cp310
[2026-08-06 17:10:13,836][ogn_registration][INFO] - Registering nodes in /home/loco1/miniconda3/envs/isaaclab/lib/python3.10/site-packages/isaacsim/extscache/isaacsim.asset.importer.urdf-2.3.10+106.4.0.lx64.r.cp310 imported as isaacsim.asset.importer.urdf.scripts.samples.import_franka with AutoNode config {}
[2026-08-06 17:10:13,836][ogn_registration][INFO] - Registering Python Node Types from isaacsim.asset.importer.urdf.scripts.samples.import_franka at /home/loco1/miniconda3/envs/isaaclab/lib/python3.10/site-packages/isaacsim/extscache/isaacsim.asset.importer.urdf-2.3.10+106.4.0.lx64.r.cp310 in isaacsim.asset.importer.urdf
[2026-08-06 17:10:13,836][ogn_registration][INFO] - ========================================================================================================================
[2026-08-06 17:10:13,837][ogn_registration][INFO] - Finding OmniGraph extension content manager for isaacsim.asset.importer.urdf-2.3.10 in module isaacsim.asset.importer.urdf.scripts.samples.import_franka at /home/loco1/miniconda3/envs/isaaclab/lib/python3.10/site-packages/isaacsim/extscache/isaacsim.asset.importer.urdf-2.3.10+106.4.0.lx64.r.cp310
[2026-08-06 17:10:13,837][ogn_registration][INFO] - -> New generated folder /home/loco1/miniconda3/envs/isaaclab/lib/python3.10/site-packages/isaacsim/extscache/isaacsim.asset.importer.urdf-2.3.10+106.4.0.lx64.r.cp310/ogn/isaacsim.asset.importer.urdf.scripts.samples.import_franka is not a directory
[2026-08-06 17:10:13,837][ogn_registration][INFO] - -> Old ogn/ folder /home/loco1/miniconda3/envs/isaaclab/lib/python3.10/site-packages/isaacsim/extscache/isaacsim.asset.importer.urdf-2.3.10+106.4.0.lx64.r.cp310/isaacsim/asset/importer/urdf/scripts/samples/import_franka/ogn is not a directory
[2026-08-06 17:10:13,837][ogn_registration][INFO] - _walk_with_excludes(start=/home/loco1/miniconda3/envs/isaaclab/lib/python3.10/site-packages/isaacsim/extscache/isaacsim.asset.importer.urdf-2.3.10+106.4.0.lx64.r.cp310/isaacsim/asset/importer/urdf/scripts/samples/import_franka, exclude=['__pycache__'])
[2026-08-06 17:10:13,837][ogn_registration][INFO] - -> Extension contents not recognized as containing OmniGraph Python information
[2026-08-06 17:10:13,837][ogn_registration][INFO] - ...None found, no registration to do
[2026-08-06 17:10:13,837][ogn_registration][INFO] - ...Skipping: No OmniGraph presence in the module isaacsim.asset.importer.urdf.scripts.samples.import_franka - No nodes in this module, do not remember it
[2026-08-06 17:10:13,837][ogn_registration][INFO] - Destroying registration record for isaacsim.asset.importer.urdf
[2026-08-06 17:10:13,837][ogn_registration][INFO] -  -> Registered nodes from module isaacsim.asset.importer.urdf.scripts.samples.import_kaya at /home/loco1/miniconda3/envs/isaaclab/lib/python3.10/site-packages/isaacsim/extscache/isaacsim.asset.importer.urdf-2.3.10+106.4.0.lx64.r.cp310
[2026-08-06 17:10:13,837][ogn_registration][INFO] - Registering nodes in /home/loco1/miniconda3/envs/isaaclab/lib/python3.10/site-packages/isaacsim/extscache/isaacsim.asset.importer.urdf-2.3.10+106.4.0.lx64.r.cp310 imported as isaacsim.asset.importer.urdf.scripts.samples.import_kaya with AutoNode config {}
[2026-08-06 17:10:13,837][ogn_registration][INFO] - Registering Python Node Types from isaacsim.asset.importer.urdf.scripts.samples.import_kaya at /home/loco1/miniconda3/envs/isaaclab/lib/python3.10/site-packages/isaacsim/extscache/isaacsim.asset.importer.urdf-2.3.10+106.4.0.lx64.r.cp310 in isaacsim.asset.importer.urdf
[2026-08-06 17:10:13,837][ogn_registration][INFO] - ========================================================================================================================
[2026-08-06 17:10:13,838][ogn_registration][INFO] - Finding OmniGraph extension content manager for isaacsim.asset.importer.urdf-2.3.10 in module isaacsim.asset.importer.urdf.scripts.samples.import_kaya at /home/loco1/miniconda3/envs/isaaclab/lib/python3.10/site-packages/isaacsim/extscache/isaacsim.asset.importer.urdf-2.3.10+106.4.0.lx64.r.cp310
[2026-08-06 17:10:13,838][ogn_registration][INFO] - -> New generated folder /home/loco1/miniconda3/envs/isaaclab/lib/python3.10/site-packages/isaacsim/extscache/isaacsim.asset.importer.urdf-2.3.10+106.4.0.lx64.r.cp310/ogn/isaacsim.asset.importer.urdf.scripts.samples.import_kaya is not a directory
[2026-08-06 17:10:13,838][ogn_registration][INFO] - -> Old ogn/ folder /home/loco1/miniconda3/envs/isaaclab/lib/python3.10/site-packages/isaacsim/extscache/isaacsim.asset.importer.urdf-2.3.10+106.4.0.lx64.r.cp310/isaacsim/asset/importer/urdf/scripts/samples/import_kaya/ogn is not a directory
[2026-08-06 17:10:13,838][ogn_registration][INFO] - _walk_with_excludes(start=/home/loco1/miniconda3/envs/isaaclab/lib/python3.10/site-packages/isaacsim/extscache/isaacsim.asset.importer.urdf-2.3.10+106.4.0.lx64.r.cp310/isaacsim/asset/importer/urdf/scripts/samples/import_kaya, exclude=['__pycache__'])
[2026-08-06 17:10:13,838][ogn_registration][INFO] - -> Extension contents not recognized as containing OmniGraph Python information
[2026-08-06 17:10:13,838][ogn_registration][INFO] - ...None found, no registration to do
[2026-08-06 17:10:13,838][ogn_registration][INFO] - ...Skipping: No OmniGraph presence in the module isaacsim.asset.importer.urdf.scripts.samples.import_kaya - No nodes in this module, do not remember it
[2026-08-06 17:10:13,838][ogn_registration][INFO] - Destroying registration record for isaacsim.asset.importer.urdf
[2026-08-06 17:10:13,838][ogn_registration][INFO] -  -> Registered nodes from module isaacsim.asset.importer.urdf.scripts.samples.import_ur10 at /home/loco1/miniconda3/envs/isaaclab/lib/python3.10/site-packages/isaacsim/extscache/isaacsim.asset.importer.urdf-2.3.10+106.4.0.lx64.r.cp310
[2026-08-06 17:10:13,838][ogn_registration][INFO] - Registering nodes in /home/loco1/miniconda3/envs/isaaclab/lib/python3.10/site-packages/isaacsim/extscache/isaacsim.asset.importer.urdf-2.3.10+106.4.0.lx64.r.cp310 imported as isaacsim.asset.importer.urdf.scripts.samples.import_ur10 with AutoNode config {}
[2026-08-06 17:10:13,838][ogn_registration][INFO] - Registering Python Node Types from isaacsim.asset.importer.urdf.scripts.samples.import_ur10 at /home/loco1/miniconda3/envs/isaaclab/lib/python3.10/site-packages/isaacsim/extscache/isaacsim.asset.importer.urdf-2.3.10+106.4.0.lx64.r.cp310 in isaacsim.asset.importer.urdf
[2026-08-06 17:10:13,838][ogn_registration][INFO] - ========================================================================================================================
[2026-08-06 17:10:13,839][ogn_registration][INFO] - Finding OmniGraph extension content manager for isaacsim.asset.importer.urdf-2.3.10 in module isaacsim.asset.importer.urdf.scripts.samples.import_ur10 at /home/loco1/miniconda3/envs/isaaclab/lib/python3.10/site-packages/isaacsim/extscache/isaacsim.asset.importer.urdf-2.3.10+106.4.0.lx64.r.cp310
[2026-08-06 17:10:13,839][ogn_registration][INFO] - -> New generated folder /home/loco1/miniconda3/envs/isaaclab/lib/python3.10/site-packages/isaacsim/extscache/isaacsim.asset.importer.urdf-2.3.10+106.4.0.lx64.r.cp310/ogn/isaacsim.asset.importer.urdf.scripts.samples.import_ur10 is not a directory
[2026-08-06 17:10:13,839][ogn_registration][INFO] - -> Old ogn/ folder /home/loco1/miniconda3/envs/isaaclab/lib/python3.10/site-packages/isaacsim/extscache/isaacsim.asset.importer.urdf-2.3.10+106.4.0.lx64.r.cp310/isaacsim/asset/importer/urdf/scripts/samples/import_ur10/ogn is not a directory
[2026-08-06 17:10:13,839][ogn_registration][INFO] - _walk_with_excludes(start=/home/loco1/miniconda3/envs/isaaclab/lib/python3.10/site-packages/isaacsim/extscache/isaacsim.asset.importer.urdf-2.3.10+106.4.0.lx64.r.cp310/isaacsim/asset/importer/urdf/scripts/samples/import_ur10, exclude=['__pycache__'])
[2026-08-06 17:10:13,839][ogn_registration][INFO] - -> Extension contents not recognized as containing OmniGraph Python information
[2026-08-06 17:10:13,839][ogn_registration][INFO] - ...None found, no registration to do
[2026-08-06 17:10:13,839][ogn_registration][INFO] - ...Skipping: No OmniGraph presence in the module isaacsim.asset.importer.urdf.scripts.samples.import_ur10 - No nodes in this module, do not remember it
[2026-08-06 17:10:13,839][ogn_registration][INFO] - Destroying registration record for isaacsim.asset.importer.urdf
[2026-08-06 17:10:13,839][ogn_registration][INFO] - OGN register isaacsim.asset.importer.urdf-2.3.10 took 7544500.000000
ndowing-glfw.plugin)
2026-08-06 09:10:03 [1,292ms] [Warning] [carb.windowing-glfw.plugin] GLFW initialization failed.
2026-08-06 09:10:03 [1,292ms] [Warning] [carb] Failed to startup plugin carb.windowing-glfw.plugin (interfaces: [carb::windowing::IGLContext v1.0],[carb::windowing::IWindowing v1.5]) (impl: carb.windowing-glfw.plugin)
2026-08-06 09:10:03 [1,587ms] [Warning] [omni.isaac.dynamic_control] omni.isaac.dynamic_control is deprecated as of Isaac Sim 4.5. No action is needed from end-users.
2026-08-06 09:10:04 [2,825ms] [Warning] [omni.log] Source: omni.hydra was already registered.
2026-08-06 09:10:05 [3,311ms] [Warning] [omni.replicator.core.scripts.extension] No material configuration file, adding configuration to material settings directly.
2026-08-06 09:10:07 [5,972ms] [Warning] [omni.usd-abi.plugin] No setting was found for '/rtx-defaults/ambientOcclusion/enabled'
2026-08-06 09:10:07 [5,972ms] [Warning] [omni.usd-abi.plugin] No setting was found for '/rtx-defaults/directLighting/sampledLighting/enabled'
2026-08-06 09:10:07 [5,972ms] [Warning] [omni.usd-abi.plugin] No setting was found for '/rtx-defaults/indirectDiffuse/enabled'
2026-08-06 09:10:07 [5,972ms] [Warning] [omni.usd-abi.plugin] No setting was found for '/rtx-defaults/raytracing/cached/enabled'
2026-08-06 09:10:07 [5,972ms] [Warning] [omni.usd-abi.plugin] No setting was found for '/rtx-defaults/reflections/enabled'
2026-08-06 09:10:07 [5,972ms] [Warning] [omni.usd-abi.plugin] No setting was found for '/rtx-defaults/sceneDb/ambientLightIntensity'
2026-08-06 09:10:07 [5,972ms] [Warning] [omni.usd-abi.plugin] No setting was found for '/rtx-defaults/translucency/enabled'
2026-08-06 09:10:07 [5,972ms] [Warning] [omni.usd-abi.plugin] No setting was found for '/rtx-defaults/viewTile/limit'
2026-08-06 09:10:08 [6,153ms] [Warning] [rtx.scenedb.plugin] SceneDbContext : TLAS limit buffer size 2774424832
2026-08-06 09:10:08 [6,153ms] [Warning] [rtx.scenedb.plugin] SceneDbContext : TLAS limit : valid true, within: false
2026-08-06 09:10:08 [6,249ms] [Warning] [omni.usd-abi.plugin] No setting was found for '/rtx-defaults/directLighting/sampledLighting/samplesPerPixel'
2026-08-06 09:10:08 [6,249ms] [Warning] [omni.usd-abi.plugin] No setting was found for '/rtx-defaults/pathtracing/maxSamplesPerLaunch'
2026-08-06 09:10:08 [6,250ms] [Warning] [omni.usd-abi.plugin] No setting was found for '/rtx-defaults-transient/meshlights/forceDisable'
2026-08-06 09:10:08 [6,275ms] [Warning] [omni.usd-abi.plugin] No setting was found for '/rtx-defaults/post/dlss/execMode'
2026-08-06 09:10:10 [8,697ms] [Warning] [isaaclab.envs.manager_based_env] Seed not set for the environment. The environment creation may not be deterministic.
2026-08-06 09:10:13 [11,572ms] [Warning] [omni.hydra.scene_delegate.plugin] Calling getBypassRenderSkelMeshProcessing for prim /World/envs/env_0/Robot/left_ankle_pitch_link/visuals.proto_mesh_id0 that has not been populated
2026-08-06 09:10:14 [12,511ms] [Warning] [isaaclab.utils.math] The function 'quat_rotate_inverse' will be deprecated in favor of the faster method 'quat_apply_inverse'. Please use 'quat_apply_inverse' instead....
2026-08-06 09:10:14 [12,988ms] [Warning] [isaaclab.utils.math] The function 'quat_rotate_inverse' will be deprecated in favor of the faster method 'quat_apply_inverse'. Please use 'quat_apply_inverse' instead....
2026-08-06 09:10:15 [13,366ms] [Warning] [isaaclab.utils.math] The function 'quat_rotate_inverse' will be deprecated in favor of the faster method 'quat_apply_inverse'. Please use 'quat_apply_inverse' instead....
2026-08-06 09:10:15 [13,368ms] [Warning] [isaaclab.utils.math] The function 'quat_rotate_inverse' will be deprecated in favor of the faster method 'quat_apply_inverse'. Please use 'quat_apply_inverse' instead....
2026-08-06 09:10:15 [13,437ms] [Warning] [isaaclab.utils.math] The function 'quat_rotate_inverse' will be deprecated in favor of the faster method 'quat_apply_inverse'. Please use 'quat_apply_inverse' instead....
2026-08-06 09:10:15 [13,806ms] [Warning] [isaaclab.utils.math] The function 'quat_rotate_[MultiMotionLoader] Motion group distribution:
  - backhand: 1 motions
  - forehand: 1 motions
[MultiMotionCommand] Registered motion groups: ['backhand', 'forehand']
[MultiMotionCommand]   - Group 'backhand': 1 motions
[MultiMotionCommand]   - Group 'forehand': 1 motions
[MultiMotionCommand] Assigning 1 environments with ratios: forehand=1/1
[INFO] Command Manager:  <CommandManager> contains 1 active terms.
+----------------------------------------+
|          Active Command Terms          |
+-------+--------+-----------------------+
| Index | Name   |          Type         |
+-------+--------+-----------------------+
|   0   | motion | HitterStrikingCommand |
+-------+--------+-----------------------+

[INFO] Event Manager:  <EventManager> contains 0 active terms.

[INFO] Recorder Manager:  <RecorderManager> contains 0 active terms.
+---------------------+
| Active Recorder Terms |
+-----------+---------+
|   Index   | Name    |
+-----------+---------+
+-----------+---------+

[INFO] Action Manager:  <ActionManager> contains 1 active terms.
+------------------------------------+
|  Active Action Terms (shape: 29)   |
+--------+-------------+-------------+
| Index  | Name        |   Dimension |
+--------+-------------+-------------+
|   0    | joint_pos   |          29 |
+--------+-------------+-------------+

[INFO] Observation Manager: <ObservationManager> contains 2 groups.
+---------------------------------------------------------+
| Active Observation Terms in Group: 'policy' (shape: (104,)) |
+-----------+---------------------------------+-----------+
|   Index   | Name                            |   Shape   |
+-----------+---------------------------------+-----------+
|     0     | base_ang_vel                    |    (3,)   |
|     1     | projected_gravity               |    (3,)   |
|     2     | base_forward_xy                 |    (2,)   |
|     3     | base_target_xy                  |    (2,)   |
|     4     | racket_target_pos               |    (3,)   |
|     5     | racket_target_vel               |    (3,)   |
|     6     | time_to_strike                  |    (1,)   |
|     7     | joint_pos                       |   (29,)   |
|     8     | joint_vel                       |   (29,)   |
|     9     | actions                         |   (29,)   |
+-----------+---------------------------------+-----------+
+------------------------------------------------------------+
| Active Observation Terms in Group: 'critic' (shape: (301,)) |
+----------+------------------------------------+------------+
|  Index   | Name                               |   Shape    |
+----------+------------------------------------+------------+
|    0     | base_ang_vel                       |    (3,)    |
|    1     | projected_gravity                  |    (3,)    |
|    2     | base_forward_xy                    |    (2,)    |
|    3     | motion_anchor_pos_b                |    (3,)    |
|    4     | motion_anchor_ori_b                |    (6,)    |
|    5     | base_target_xy                     |    (2,)    |
|    6     | racket_target_pos                  |    (3,)    |
|    7     | racket_target_vel                  |    (3,)    |
|    8     | time_to_strike                     |    (1,)    |
|    9     | joint_pos                          |   (29,)    |
|    10    | joint_vel                          |   (29,)    |
|    11    | actions                            |   (29,)    |
|    12    | base_lin_vel                       |    (3,)    |
|    13    | body_pose                          |   (126,)   |
|    14    | time_left                          |    (1,)    |
|    15    | reference_joint_state              |   (58,)    |
+----------+------------------------------------+------------+

[INFO] Termination Manager:  <TerminationManager> contains 2 active terms.
+-------------------------------+
|    Active Termination Terms   |
+-------+------------+----------+
| Index | Name       | Time Out |
+-------+------------+----------+
|   0   | anchor_pos |  False   |
|   1   | anchor_ori |  False   |
+-------+------------+----------+

[INFO] Reward Manager:  <RewardManager> contains 22 active terms.
+------------------------------------------------+
|              Active Reward Terms               |
+-------+-----------------------------+----------+
| Index | Name                        |   Weight |
+-------+-----------------------------+----------+
|   0   | motion_global_anchor_pos    |      0.5 |
|   1   | motion_global_anchor_ori    |      0.5 |
|   2   | motion_body_pos             |      1.0 |
|   3   | motion_body_ori             |      1.0 |
|   4   | motion_body_lin_vel         |      1.5 |
|   5   | motion_body_ang_vel         |      1.5 |
|   6   | motion_anchor_lin_vel       |      1.0 |
|   7   | base_pos                    |      5.0 |
|   8   | racket_pos                  |     80.0 |
|   9   | racket_vel                  |     30.0 |
|   10  | racket_ori                  |     30.0 |
|   11  | torso_forward_lean_l2       |     -2.0 |
|   12  | base_ang_vel_xy_l2          |     -0.4 |
|   13  | undesired_contacts          |    -0.05 |
|   14  | hitter_foot_slip_l2         |     -2.0 |
|   15  | hitter_hit_unstable_support |     -6.0 |
|   16  | hitter_foot_edge_drag       |     -1.0 |
|   17  | hip_yaw_default             |      2.0 |
|   18  | action_rate_l2              |     -0.1 |
|   19  | joint_limit                 |    -10.0 |
|   20  | joint_acc                   | -2.5e-07 |
|   21  | joint_torque                |   -1e-05 |
+-------+-----------------------------+----------+

[INFO] Curriculum Manager:  <CurriculumManager> contains 0 active terms.
+----------------------+
| Active Curriculum Terms |
+-----------+----------+
|   Index   | Name     |
+-----------+----------+
+-----------+----------+

[INFO]: Completed setting up the environment...
[INFO] Recording videos during training.
        video_folder: /home/loco1/BOB/Hitter/MOSAIC-main/logs/rsl_rl/hitter_striking_g1/2026-08-06_16-25-02_hitter_vx0to4_vyneg14to14_vz0to4_tts030to092_posstd012_velstd2_velwin004_resume7300_8xa100_env50000_20260806_162058/videos/play
        step_trigger: lambda step: step == 0
        video_length: 1
        disable_logger: True
Actor MLP: Sequential(
  (0): Linear(in_features=104, out_features=512, bias=True)
  (1): ELU(alpha=1.0)
  (2): Linear(in_features=512, out_features=256, bias=True)
  (3): ELU(alpha=1.0)
  (4): Linear(in_features=256, out_features=128, bias=True)
  (5): ELU(alpha=1.0)
  (6): Linear(in_features=128, out_features=29, bias=True)
)
Critic MLP: Sequential(
  (0): Linear(in_features=301, out_features=512, bias=True)
  (1): ELU(alpha=1.0)
  (2): Linear(in_features=512, out_features=256, bias=True)
  (3): ELU(alpha=1.0)
  (4): Linear(in_features=256, out_features=128, bias=True)
  (5): ELU(alpha=1.0)
  (6): Linear(in_features=128, out_features=1, bias=True)
)
[Runner] reset_noise_std_on_resume = False
[Runner] freeze_normalizer_on_resume = False
inverse' will be deprecated in favor of the faster method 'quat_apply_inverse'. Please use 'quat_apply_inverse' instead....
2026-08-06 09:10:15 [13,807ms] [Warning] [isaaclab.utils.math] The function 'quat_rotate_inverse' will be deprecated in favor of the faster method 'quat_apply_inverse'. Please use 'quat_apply_inverse' instead....
2026-08-06 09:10:15 [13,849ms] [Warning] [isaaclab.utils.math] The function 'quat_rotate_inverse' will be deprecated in favor of the faster method 'quat_apply_inverse'. Please use 'quat_apply_inverse' instead....
2026-08-06 09:10:15 [13,850ms] [Warning] [isaaclab.utils.math] The function 'quat_rotate_inverse' will be deprecated in favor of the faster method 'quat_apply_inverse'. Please use 'quat_apply_inverse' instead....
2026-08-06 09:10:15 [13,851ms] [Warning] [isaaclab.utils.math] The function 'quat_rotate_inverse' will be deprecated in favor of the faster method 'quat_apply_inverse'. Please use 'quat_apply_inverse' instead....
2026-08-06 09:10:15 [13,851ms] [Warning] [isaaclab.utils.math] The function 'quat_rotate_inverse' will be deprecated in favor of the faster method 'quat_apply_inverse'. Please use 'quat_apply_inverse' instead....
2026-08-06 09:10:15 [13,852ms] [Warning] [isaaclab.utils.math] The function 'quat_rotate_inverse' will be deprecated in favor of the faster method 'quat_apply_inverse'. Please use 'quat_apply_inverse' instead....
2026-08-06 09:10:15 [13,872ms] [Warning] [isaaclab.utils.math] The function 'quat_rotate_inverse' will be deprecated in favor of the faster method 'quat_apply_inverse'. Please use 'quat_apply_inverse' instead....
2026-08-06 09:10:15 [13,872ms] [Warning] [isaaclab.utils.math] The function 'quat_rotate_inverse' will be deprecated in favor of the faster method 'quat_apply_inverse'. Please use 'quat_apply_inverse' instead....
2026-08-06 09:10:16 [14,119ms] [Warning] [isaaclab.utils.math] The function 'quat_rotate_inverse' will be deprecated in favor of the faster method 'quat_apply_inverse'. Please use 'quat_apply_inverse' instead....
2026-08-06 09:10:16 [14,124ms] [Warning] [isaaclab.utils.math] The function 'quat_rotate_inverse' will be deprecated in favor of the faster method 'quat_apply_inverse'. Please use 'quat_apply_inverse' instead....
2026-08-06 09:10:16 [14,394ms] [Warning] [isaaclab.utils.math] The function 'quat_rotate_inverse' will be deprecated in favor of the faster method 'quat_apply_inverse'. Please use 'quat_apply_inverse' instead....
2026-08-06 09:10:16 [14,395ms] [Warning] [isaaclab.utils.math] The function 'quat_rotate_inverse' will be deprecated in favor of the faster method 'quat_apply_inverse'. Please use 'quat_apply_inverse' instead....
2026-08-06 09:10:16 [14,395ms] [Warning] [isaaclab.utils.math] The function 'quat_rotate_inverse' will be deprecated in favor of the faster method 'quat_apply_inverse'. Please use 'quat_apply_inverse' instead....
2026-08-06 09:10:16 [14,396ms] [Warning] [isaaclab.utils.math] The function 'quat_rotate_inverse' will be deprecated in favor of the faster method 'quat_apply_inverse'. Please use 'quat_apply_inverse' instead....
