host_time_s,elapsed_s,frame_number,channel,name,ball_valid,ball_occluded,ball_x_m,ball_y_m,ball_z_m,ball_qx,ball_qy,ball_qz,ball_qw,base_valid,base_x_m,base_y_m,base_z_m,base_qx,base_qy,base_qz,base_qw,clean_segment_id
1782463481.410410404,23.575107574,6612,vicon_state_data,ball,1,0,-0.072863753,-0.026570950,1.042309887,0.000000000,0.000000000,0.000000000,1.000000000,1,-0.865235964,-0.383448903,0.819988807,0.000000000,0.000000000,-0.004368812,0.999990457,8
1782463481.413371801,23.578068972,6613,vicon_state_data,ball,1,0,-0.073194911,-0.026457391,1.042807756,0.000000000,0.000000000,0.000000000,1.000000000,1,-0.865217969,-0.383392354,0.819994200,0.000000000,0.000000000,-0.004352755,0.999990527,8
1782463481.416602850,23.581300020,6614,vicon_state_data,ball,1,0,-0.071384020,-0.028920158,1.044909940,0.000000000,0.000000000,0.000000000,1.000000000,1,-0.865210279,-0.383364938,0.820011278,0.000000000,0.000000000,-0.004348824,0.999990544,8
1782463481.419904709,23.584601879,6615,vicon_state_data,ball,1,0,-0.072100249,-0.028315785,1.045257596,0.000000000,0.000000000,0.000000000,1.000000000,1,-0.865187941,-0.383304587,0.819995715,0.000000000,0.000000000,-0.004380002,0.999990408,8
1782463481.423382282,23.588079453,6616,vicon_state_data,ball,1,0,-0.071836331,-0.028423054,1.045850703,0.000000000,0.000000000,0.000000000,1.000000000,1,-0.865166458,-0.383269677,0.820009131,0.000000000,0.000000000,-0.004343817,0.999990566,8
1782463481.426924944,23.591622114,6617,vicon_state_data,ball,1,0,-0.074548433,-0.025496375,1.046302473,0.000000000,0.000000000,0.000000000,1.000000000,1,-0.865163926,-0.383230202,0.820011751,0.000000000,0.000000000,-0.004286458,0.999990813,8
1782463481.430144310,23.594841480,6618,vicon_state_data,ball,1,0,-0.074761266,-0.025546532,1.047034248,0.000000000,0.000000000,0.000000000,1.000000000,1,-0.865143715,-0.383186792,0.820032530,0.000000000,0.000000000,-0.004198540,0.999991186,8
1782463481.433388948,23.598086119,6619,vicon_state_data,ball,1,0,-0.075083300,-0.024814216,1.047635497,0.000000000,0.000000000,0.000000000,1.000000000,1,-0.865143048,-0.383112946,0.820023195,0.000000000,0.000000000,-0.004180892,0.999991260,8
1782463481.436674356,23.601371527,6620,vicon_state_data,ball,1,0,-0.075485185,-0.024282834,1.048652013,0.000000000,0.000000000,0.000000000,1.000000000,1,-0.865114746,-0.383066783,0.820020868,0.000000000,0.000000000,-0.004147720,0.999991398,8
1782463481.440053701,23.604750872,6621,vicon_state_data,ball,1,0,-0.075541733,-0.024633874,1.048292201,0.000000000,0.000000000,0.000000000,1.000000000,1,-0.865098917,-0.382990044,0.820012331,0.000000000,0.000000000,-0.004139010,0.999991434,8
1782463481.443578005,23.608275175,6622,vicon_state_data,ball,1,0,-0.076174289,-0.024299046,1.048992721,0.000000000,0.000000000,0.000000000,1.000000000,1,-0.865093428,-0.382945798,0.820005486,0.000000000,0.000000000,-0.004096105,0.999991611,8
1782463481.446715117,23.611412287,6623,vicon_state_data,ball,1,0,-0.076378778,-0.023845192,1.050463411,0.000000000,0.000000000,0.000000000,1.000000000,1,-0.865080581,-0.382861260,0.819996184,0.000000000,0.000000000,-0.004050917,0.999991795,8
1782463481.449985027,23.614682198,6624,vicon_state_data,ball,1,0,-0.076222297,-0.023217174,1.051760172,0.000000000,0.000000000,0.000000000,1.000000000,1,-0.865067812,-0.382807875,0.819993960,0.000000000,0.000000000,-0.003974603,0.999992101,8
1782463481.453435421,23.618132591,6625,vicon_state_data,ball,1,0,-0.076744417,-0.023248001,1.051492640,0.000000000,0.000000000,0.000000000,1.000000000,1,-0.865068619,-0.382774844,0.820012000,0.000000000,0.000000000,-0.003975877,0.999992096,8
1782463481.457070112,23.621767282,6626,vicon_state_data,ball,1,0,-0.076822742,-0.022954806,1.052669991,0.000000000,0.000000000,0.000000000,1.000000000,1,-0.865059589,-0.382720589,0.820020762,0.000000000,0.000000000,-0.003921854,0.999992310,8
1782463481.460171223,23.624868393,6627,vicon_state_data,ball,1,0,-0.077024300,-0.022698317,1.053299251,0.000000000,0.000000000,0.000000000,1.000000000,1,-0.865056718,-0.382633669,0.820018912,0.000000000,0.000000000,-0.003753057,0.999992957,8
1782463481.463432789,23.628129959,6628,vicon_state_data,ball,1,0,-0.077143411,-0.020296280,1.056905135,0.000000000,0.000000000,0.000000000,1.000000000,1,-0.865044806,-0.382587179,0.820010822,0.000000000,0.000000000,-0.003708119,0.999993125,8
1782463481.466657877,23.631355047,6629,vicon_state_data,ball,1,0,-0.077093855,-0.020475692,1.056747958,0.000000000,0.000000000,0.000000000,1.000000000,1,-0.865017608,-0.382704765,0.819998599,0.000000000,0.000000000,-0.003763669,0.999992917,8
1782463481.470007181,23.634704351,6630,vicon_state_data,ball,1,0,-0.073211445,-0.025982129,1.055257376,0.000000000,0.000000000,0.000000000,1.000000000,1,-0.865004989,-0.382639649,0.819986074,0.000000000,0.000000000,-0.003709784,0.999993119,8
1782463481.473328114,23.638025284,6631,vicon_state_data,ball,1,0,-0.077427075,-0.018117437,1.060331194,0.000000000,0.000000000,0.000000000,1.000000000,1,-0.864995616,-0.382576348,0.819962509,0.000000000,0.000000000,-0.003579074,0.999993595,8
1782463481.476866484,23.641563654,6632,vicon_state_data,ball,1,0,-0.077539596,-0.018380609,1.061130544,0.000000000,0.000000000,0.000000000,1.000000000,1,-0.865009778,-0.382320106,0.820031114,0.000000000,0.000000000,-0.003078081,0.999995263,8
1782463481.480089188,23.644786358,6633,vicon_state_data,ball,1,0,-0.077622998,-0.020213801,1.059541512,0.000000000,0.000000000,0.000000000,1.000000000,1,-0.864997223,-0.382430906,0.819991989,0.000000000,0.000000000,-0.003227733,0.999994791,8
1782463481.483555794,23.648252964,6634,vicon_state_data,ball,1,0,-0.077390673,-0.017174978,1.062010394,0.000000000,0.000000000,0.000000000,1.000000000,1,-0.864996485,-0.382397731,0.820038841,0.000000000,0.000000000,-0.003051555,0.999995344,8
1782463481.487188339,23.651885509,6635,vicon_state_data,ball,1,0,-0.077742343,-0.017373002,1.063221921,0.000000000,0.000000000,0.000000000,1.000000000,1,-0.864994229,-0.382181079,0.820053122,0.000000000,0.000000000,-0.002558397,0.999996727,8
1782463481.490186453,23.654883623,6636,vicon_state_data,ball,1,0,-0.090632844,-0.016212697,1.051977210,0.000000000,0.000000000,0.000000000,1.000000000,1,-0.864983858,-0.382260530,0.820023971,0.000000000,0.000000000,-0.002616913,0.999996576,8
1782463481.493580341,23.658277512,6637,vicon_state_data,ball,1,0,-0.097003842,-0.010112333,1.057027720,0.000000000,0.000000000,0.000000000,1.000000000,1,-0.865004139,-0.382182557,0.820029903,0.000000000,0.000000000,-0.002345120,0.999997250,8
1782463481.496799707,23.661496878,6638,vicon_state_data,ball,1,0,-0.096962027,-0.009801975,1.057934574,0.000000000,0.000000000,0.000000000,1.000000000,1,-0.865021131,-0.382115375,0.820083300,0.000000000,0.000000000,-0.001895591,0.999998203,8
1782463481.500010014,23.664707184,6639,vicon_state_data,ball,1,0,-0.078355424,-0.016796797,1.065306372,0.000000000,0.000000000,0.000000000,1.000000000,1,-0.865041239,-0.382030562,0.820114086,0.000000000,0.000000000,-0.001624436,0.999998681,8
1782463481.503583193,23.668280363,6640,vicon_state_data,ball,1,0,-0.078350152,-0.017106075,1.064625846,0.000000000,0.000000000,0.000000000,1.000000000,1,-0.865054345,-0.381931338,0.820118942,0.000000000,0.000000000,-0.001245351,0.999999225,8
1782463481.506740570,23.671437740,6641,vicon_state_data,ball,1,0,-0.078040140,-0.010825758,1.069637953,0.000000000,0.000000000,0.000000000,1.000000000,1,-0.865069264,-0.381850478,0.820139115,0.000000000,0.000000000,-0.000917702,0.999999579,8
1782463481.510487556,23.675184727,6642,vicon_state_data,ball,1,0,-0.078189053,-0.010205604,1.070557048,0.000000000,0.000000000,0.000000000,1.000000000,1,-0.865076970,-0.381802010,0.820157513,0.000000000,0.000000000,-0.000757922,0.999999713,8
1782463481.513651609,23.678348780,6643,vicon_state_data,ball,1,0,-0.078346970,-0.009727602,1.071371811,0.000000000,0.000000000,0.000000000,1.000000000,1,-0.865087233,-0.381534520,0.820217240,0.000000000,0.000000000,-0.000196577,0.999999981,8
1782463481.517136574,23.681833744,6644,vicon_state_data,ball,1,0,-0.079289791,-0.014320077,1.067840747,0.000000000,0.000000000,0.000000000,1.000000000,1,-0.865120818,-0.381455580,0.820291901,0.000000000,0.000000000,0.000184039,0.999999983,8
1782463481.520055056,23.684752226,6645,vicon_state_data,ball,1,0,-0.080931640,-0.018087009,1.067652440,0.000000000,0.000000000,0.000000000,1.000000000,1,-0.865194606,-0.381256463,0.820370822,0.000000000,0.000000000,0.001151724,0.999999337,8
1782463481.523406744,23.688103914,6646,vicon_state_data,ball,1,0,-0.080073638,-0.015006486,1.069009162,0.000000000,0.000000000,0.000000000,1.000000000,1,-0.865239913,-0.381261409,0.820419232,0.000000000,0.000000000,0.001623923,0.999998681,8
1782463481.526789904,23.691487074,6647,vicon_state_data,ball,1,0,-0.080194953,-0.014566992,1.069762326,0.000000000,0.000000000,0.000000000,1.000000000,1,-0.865228181,-0.381143777,0.820415895,0.000000000,0.000000000,0.001566445,0.999998773,8
1782463481.530059099,23.694756269,6648,vicon_state_data,ball,1,0,-0.080272516,-0.014067191,1.070717973,0.000000000,0.000000000,0.000000000,1.000000000,1,-0.864679818,-0.381910082,0.820022585,0.000000000,0.000000000,-0.004270509,0.999990881,8
1782463481.533945799,23.698642969,6649,vicon_state_data,ball,1,0,-0.079660968,-0.012846836,1.072242040,0.000000000,0.000000000,0.000000000,1.000000000,1,-0.864667860,-0.381777699,0.820086586,0.000000000,0.000000000,-0.004287299,0.999990809,8
1782463481.536916971,23.701614141,6650,vicon_state_data,ball,1,0,-0.079565753,-0.006464313,1.077236291,0.000000000,0.000000000,0.000000000,1.000000000,1,-0.864637552,-0.381810366,0.819999912,0.000000000,0.000000000,-0.004281419,0.999990835,8
1782463481.540270567,23.704967737,6651,vicon_state_data,ball,1,0,-0.095245604,-0.006574955,1.068803223,0.000000000,0.000000000,0.000000000,1.000000000,1,-0.864626657,-0.381708380,0.820007907,0.000000000,0.000000000,-0.004309018,0.999990716,8
1782463481.543655872,23.708353043,6652,vicon_state_data,ball,1,0,-0.098263332,-0.003946406,1.071610622,0.000000000,0.000000000,0.000000000,1.000000000,1,-0.864617932,-0.381774958,0.820092363,0.000000000,0.000000000,-0.004673222,0.999989080,8
1782463481.546890020,23.711587191,6653,vicon_state_data,ball,1,0,-0.098405866,-0.003479671,1.072565308,0.000000000,0.000000000,0.000000000,1.000000000,1,-0.864600479,-0.381667187,0.819988424,0.000000000,0.000000000,-0.004348167,0.999990547,8
1782463481.550175428,23.714872599,6654,vicon_state_data,ball,1,0,-0.098640465,-0.002981287,1.073612617,0.000000000,0.000000000,0.000000000,1.000000000,1,-0.864605096,-0.381678365,0.820113821,0.000000000,0.000000000,-0.004538137,0.999989703,8
1782463481.553627491,23.718324661,6655,vicon_state_data,ball,1,0,-0.096454823,-0.004580555,1.073056168,0.000000000,0.000000000,0.000000000,1.000000000,1,-0.864599580,-0.381702237,0.820120194,0.000000000,0.000000000,-0.004508142,0.999989838,8
1782463481.556881189,23.721578360,6656,vicon_state_data,ball,1,0,-0.096802858,-0.003209017,1.074299219,0.000000000,0.000000000,0.000000000,1.000000000,1,-0.864569630,-0.381586956,0.820013685,0.000000000,0.000000000,-0.004150408,0.999991387,8
1782463481.560101986,23.724799156,6657,vicon_state_data,ball,1,0,-0.099457866,-0.001863061,1.076680196,0.000000000,0.000000000,0.000000000,1.000000000,1,-0.864626630,-0.381464657,0.820126033,0.000000000,0.000000000,-0.003825184,0.999992684,8
1782463481.563563824,23.728260994,6658,vicon_state_data,ball,1,0,-0.099702870,-0.001569348,1.077604635,0.000000000,0.000000000,0.000000000,1.000000000,1,-0.864575872,-0.381449760,0.820161024,0.000000000,0.000000000,-0.003993939,0.999992024,8
1782463481.567088127,23.731785297,6659,vicon_state_data,ball,1,0,-0.100052306,-0.001103935,1.078562341,0.000000000,0.000000000,0.000000000,1.000000000,1,-0.864574094,-0.381340222,0.820061736,0.000000000,0.000000000,-0.003720969,0.999993077,8
1782463481.570358992,23.735056162,6660,vicon_state_data,ball,1,0,-0.100401504,-0.000597935,1.079477970,0.000000000,0.000000000,0.000000000,1.000000000,1,-0.864589678,-0.381299685,0.820082175,0.000000000,0.000000000,-0.003498653,0.999993880,8
1782463481.573414087,23.738111258,6661,vicon_state_data,ball,1,0,-0.083988314,-0.005498959,1.080494231,0.000000000,0.000000000,0.000000000,1.000000000,1,-0.864536824,-0.381372663,0.820117706,0.000000000,0.000000000,-0.004129790,0.999991472,8
1782463481.576908588,23.741605759,6662,vicon_state_data,ball,1,0,-0.098790118,-0.001659194,1.079795309,0.000000000,0.000000000,0.000000000,1.000000000,1,-0.864481637,-0.381216277,0.819966764,0.000000000,0.000000000,-0.003827884,0.999992674,8
1782463481.580179453,23.744876623,6663,vicon_state_data,ball,1,0,-0.084888364,-0.004713437,1.082054041,0.000000000,0.000000000,0.000000000,1.000000000,1,-0.864497473,-0.381259620,0.820098446,0.000000000,0.000000000,-0.004095652,0.999991613,8
1782463481.583487749,23.748184919,6664,vicon_state_data,ball,1,0,-0.085363171,-0.004322626,1.082854447,0.000000000,0.000000000,0.000000000,1.000000000,1,-0.864492925,-0.381255766,0.820138943,0.000000000,0.000000000,-0.004115931,0.999991530,8
1782463481.586773157,23.751470327,6665,vicon_state_data,ball,1,0,-0.085848415,-0.003950464,1.083588361,0.000000000,0.000000000,0.000000000,1.000000000,1,-0.864470379,-0.381209560,0.820104283,0.000000000,0.000000000,-0.004054669,0.999991780,8
1782463481.590192318,23.754889488,6666,vicon_state_data,ball,1,0,-0.086535972,-0.001939972,1.082724309,0.000000000,0.000000000,0.000000000,1.000000000,1,-0.864471345,-0.381204122,0.820131738,0.000000000,0.000000000,-0.004114108,0.999991537,8
1782463481.593709707,23.758406878,6667,vicon_state_data,ball,1,0,-0.086765594,-0.003247564,1.085257737,0.000000000,0.000000000,0.000000000,1.000000000,1,-0.864472645,-0.381202475,0.820171235,0.000000000,0.000000000,-0.004078427,0.999991683,8
1782463481.597118378,23.761815548,6668,vicon_state_data,ball,1,0,-0.087238411,-0.002981727,1.086062098,0.000000000,0.000000000,0.000000000,1.000000000,1,-0.864529229,-0.381028595,0.820198489,0.000000000,0.000000000,-0.003178614,0.999994948,8
1782463481.600144386,23.764841557,6669,vicon_state_data,ball,1,0,-0.087748862,-0.002531287,1.086855112,0.000000000,0.000000000,0.000000000,1.000000000,1,-0.864433183,-0.380962786,0.820075764,0.000000000,0.000000000,-0.003487555,0.999993918,8
1782463481.603439808,23.768136978,6670,vicon_state_data,ball,1,0,-0.088217734,-0.002082152,1.087642718,0.000000000,0.000000000,0.000000000,1.000000000,1,-0.864452306,-0.380934538,0.820117607,0.000000000,0.000000000,-0.003430729,0.999994115,8
1782463481.606735945,23.771433115,6671,vicon_state_data,ball,1,0,-0.088717967,-0.001709655,1.088498231,0.000000000,0.000000000,0.000000000,1.000000000,1,-0.864381349,-0.381001042,0.820154574,0.000000000,0.000000000,-0.004197559,0.999991190,8
1782463481.610351324,23.775048494,6672,vicon_state_data,ball,1,0,-0.089162677,-0.001212355,1.089322329,0.000000000,0.000000000,0.000000000,1.000000000,1,-0.864419402,-0.380874190,0.820134149,0.000000000,0.000000000,-0.003451801,0.999994043,8
1782463481.613480330,23.778177500,6673,vicon_state_data,ball,1,0,-0.089701454,-0.000811752,1.090165573,0.000000000,0.000000000,0.000000000,1.000000000,1,-0.864403033,-0.380810041,0.820144701,0.000000000,0.000000000,-0.003350488,0.999994387,8
1782463481.616765499,23.781462669,6674,vicon_state_data,ball,1,0,-0.090168584,-0.000504636,1.091055750,0.000000000,0.000000000,0.000000000,1.000000000,1,-0.864385639,-0.380789598,0.820128549,0.000000000,0.000000000,-0.003432252,0.999994110,8
1782463481.620384932,23.785082102,6675,vicon_state_data,ball,1,0,-0.090593594,0.000031341,1.091793292,0.000000000,0.000000000,0.000000000,1.000000000,1,-0.864429853,-0.380781437,0.820221976,0.000000000,0.000000000,-0.003144342,0.999995057,8
1782463481.623579502,23.788276672,6676,vicon_state_data,ball,1,0,-0.091131460,0.001554124,1.091779288,0.000000000,0.000000000,0.000000000,1.000000000,1,-0.864458588,-0.380790447,0.820314083,0.000000000,0.000000000,-0.003229900,0.999994784,8
1782463481.626983881,23.791681051,6677,vicon_state_data,ball,1,0,-0.091598287,0.000911992,1.093443899,0.000000000,0.000000000,0.000000000,1.000000000,1,-0.864436857,-0.380785373,0.820264289,0.000000000,0.000000000,-0.003285011,0.999994604,8
1782463481.630132437,23.794829607,6678,vicon_state_data,ball,1,0,-0.091985579,0.001235054,1.094357418,0.000000000,0.000000000,0.000000000,1.000000000,1,-0.864436077,-0.380722172,0.820302721,0.000000000,0.000000000,-0.002942113,0.999995672,8
1782463481.633315086,23.798012257,6679,vicon_state_data,ball,1,0,-0.092467507,0.001724162,1.095111670,0.000000000,0.000000000,0.000000000,1.000000000,1,-0.864408027,-0.380675877,0.820312181,0.000000000,0.000000000,-0.002969380,0.999995591,8
1782463481.636696577,23.801393747,6680,vicon_state_data,ball,1,0,-0.092902249,0.002216118,1.095895353,0.000000000,0.000000000,0.000000000,1.000000000,1,-0.864389294,-0.380625781,0.820258545,0.000000000,0.000000000,-0.003116709,0.999995143,8
1782463481.640146494,23.804843664,6681,vicon_state_data,ball,1,0,-0.093336202,0.002795375,1.096666049,0.000000000,0.000000000,0.000000000,1.000000000,1,-0.864369920,-0.380551062,0.820234131,0.000000000,0.000000000,-0.002852919,0.999995930,8
1782463481.643719435,23.808416605,6682,vicon_state_data,ball,1,0,-0.093654477,0.002848337,1.096452627,0.000000000,0.000000000,0.000000000,1.000000000,1,-0.864334706,-0.380509445,0.820201704,0.000000000,0.000000000,-0.002984000,0.999995548,8
1782463481.647054434,23.811751604,6683,vicon_state_data,ball,1,0,-0.094116812,0.003314018,1.097256957,0.000000000,0.000000000,0.000000000,1.000000000,1,-0.864259657,-0.380424038,0.820056957,0.000000000,0.000000000,-0.003092749,0.999995217,8
1782463481.650182247,23.814879417,6684,vicon_state_data,ball,1,0,-0.094527601,0.003732569,1.097914850,0.000000000,0.000000000,0.000000000,1.000000000,1,-0.864286054,-0.380407686,0.820118420,0.000000000,0.000000000,-0.002874294,0.999995869,8
1782463481.653390646,23.818087816,6685,vicon_state_data,ball,1,0,-0.094945721,0.004147899,1.098620368,0.000000000,0.000000000,0.000000000,1.000000000,1,-0.864291893,-0.380377276,0.820140692,0.000000000,0.000000000,-0.002862182,0.999995904,8
1782463481.656645536,23.821342707,6686,vicon_state_data,ball,1,0,-0.095381619,0.004655046,1.099357653,0.000000000,0.000000000,0.000000000,1.000000000,1,-0.864225174,-0.380337749,0.820073141,0.000000000,0.000000000,-0.002955458,0.999995633,8
1782463481.660051346,23.824748516,6687,vicon_state_data,ball,1,0,-0.095854938,0.005137422,1.099989025,0.000000000,0.000000000,0.000000000,1.000000000,1,-0.864276888,-0.380324930,0.820193790,0.000000000,0.000000000,-0.002625087,0.999996554,8
1782463481.663354158,23.828051329,6688,vicon_state_data,ball,1,0,-0.096362776,0.005619217,1.100594446,0.000000000,0.000000000,0.000000000,1.000000000,1,-0.864259847,-0.380221983,0.820187766,0.000000000,0.000000000,-0.002539906,0.999996774,8
1782463481.667080402,23.831777573,6689,vicon_state_data,ball,1,0,-0.097059524,0.006923129,1.102169867,0.000000000,0.000000000,0.000000000,1.000000000,1,-0.864173854,-0.380196039,0.820061285,0.000000000,0.000000000,-0.002822742,0.999996016,8
1782463481.670046568,23.834743738,6690,vicon_state_data,ball,1,0,-0.097474226,0.007517777,1.102806786,0.000000000,0.000000000,0.000000000,1.000000000,1,-0.864227186,-0.380192076,0.820195344,0.000000000,0.000000000,-0.002565957,0.999996708,8
1782463481.673710108,23.838407278,6691,vicon_state_data,ball,1,0,-0.098002445,0.008150559,1.103408456,0.000000000,0.000000000,0.000000000,1.000000000,1,-0.864268227,-0.380149286,0.820263302,0.000000000,0.000000000,-0.002304828,0.999997344,8
1782463481.676800251,23.841497421,6692,vicon_state_data,ball,1,0,-0.098293943,0.007695529,1.103264995,0.000000000,0.000000000,0.000000000,1.000000000,1,-0.864280380,-0.380126676,0.820301871,0.000000000,0.000000000,-0.002246773,0.999997476,8
1782463481.680124044,23.844821215,6693,vicon_state_data,ball,1,0,-0.098768936,0.008188090,1.103863095,0.000000000,0.000000000,0.000000000,1.000000000,1,-0.864274259,-0.380027886,0.820335606,0.000000000,0.000000000,-0.002249026,0.999997471,8
1782463481.683396339,23.848093510,6694,vicon_state_data,ball,1,0,-0.099248211,0.008790119,1.104519639,0.000000000,0.000000000,0.000000000,1.000000000,1,-0.864272442,-0.379857583,0.820291077,0.000000000,0.000000000,-0.001934725,0.999998128,8
1782463481.686654806,23.851351976,6695,vicon_state_data,ball,1,0,-0.099749540,0.009307702,1.105117638,0.000000000,0.000000000,0.000000000,1.000000000,1,-0.864389546,-0.379885717,0.820411977,0.000000000,0.000000000,-0.001536141,0.999998820,8
1782463481.690022230,23.854719400,6696,vicon_state_data,ball,1,0,-0.100236500,0.009922962,1.105736646,0.000000000,0.000000000,0.000000000,1.000000000,1,-0.864461660,-0.379912567,0.820485251,0.000000000,0.000000000,-0.001228052,0.999999246,8
1782463481.693435192,23.858132362,6697,vicon_state_data,ball,1,0,-0.100752929,0.010523483,1.106386669,0.000000000,0.000000000,0.000000000,1.000000000,1,-0.864535255,-0.379905541,0.820589571,0.000000000,0.000000000,-0.000901056,0.999999594,8
1782463481.696681976,23.861379147,6698,vicon_state_data,ball,1,0,-0.101266178,0.011113942,1.107086059,0.000000000,0.000000000,0.000000000,1.000000000,1,-0.864366044,-0.380091052,0.820560286,0.000000000,0.000000000,-0.001707651,0.999998542,8
1782463481.699977160,23.864674330,6699,vicon_state_data,ball,1,0,-0.101834540,0.011653086,1.107740473,0.000000000,0.000000000,0.000000000,1.000000000,1,-0.864374565,-0.380065171,0.820571646,0.000000000,0.000000000,-0.001469507,0.999998920,8
1782463481.703356266,23.868053436,6700,vicon_state_data,ball,1,0,-0.102449687,0.012276957,1.108423927,0.000000000,0.000000000,0.000000000,1.000000000,1,-0.864459002,-0.380039849,0.820620752,0.000000000,0.000000000,-0.001020258,0.999999480,8
1782463481.706702232,23.871399403,6701,vicon_state_data,ball,1,0,-0.103028856,0.012881976,1.109146250,0.000000000,0.000000000,0.000000000,1.000000000,1,-0.864428109,-0.379973816,0.820576514,0.000000000,0.000000000,-0.000983420,0.999999516,8
1782463481.709993124,23.874690294,6702,vicon_state_data,ball,1,0,-0.103700891,0.013437417,1.109924896,0.000000000,0.000000000,0.000000000,1.000000000,1,-0.863673594,-0.380226914,0.820111583,0.000000000,0.000000000,-0.005202963,0.999986464,8
1782463481.713356018,23.878053188,6703,vicon_state_data,ball,1,0,-0.104461365,0.014084411,1.110746632,0.000000000,0.000000000,0.000000000,1.000000000,1,-0.863688566,-0.380187062,0.820147117,0.000000000,0.000000000,-0.005016278,0.999987418,8
1782463481.716649771,23.881346941,6704,vicon_state_data,ball,1,0,-0.105177379,0.014720906,1.111522747,0.000000000,0.000000000,0.000000000,1.000000000,1,-0.863736310,-0.380214009,0.820224247,0.000000000,0.000000000,-0.004847492,0.999988251,8
1782463481.719979525,23.884676695,6705,vicon_state_data,ball,1,0,-0.105881247,0.015442652,1.112274223,0.000000000,0.000000000,0.000000000,1.000000000,1,-0.863761643,-0.380128996,0.820266747,0.000000000,0.000000000,-0.004629554,0.999989284,8
1782463481.723547459,23.888244629,6706,vicon_state_data,ball,1,0,-0.106677358,0.016110609,1.113067506,0.000000000,0.000000000,0.000000000,1.000000000,1,-0.863732522,-0.380130439,0.820231706,0.000000000,0.000000000,-0.004650414,0.999989187,8
1782463481.726934195,23.891631365,6707,vicon_state_data,ball,1,0,-0.107477768,0.016832007,1.113823066,0.000000000,0.000000000,0.000000000,1.000000000,1,-0.863723671,-0.380078778,0.820213263,0.000000000,0.000000000,-0.004661264,0.999989136,8
1782463481.730387926,23.895085096,6708,vicon_state_data,ball,1,0,-0.108243364,0.017502703,1.114592087,0.000000000,0.000000000,0.000000000,1.000000000,1,-0.863746639,-0.380027524,0.820266819,0.000000000,0.000000000,-0.004345872,0.999990557,8
1782463481.733390093,23.898087263,6709,vicon_state_data,ball,1,0,-0.109077470,0.018157397,1.115338931,0.000000000,0.000000000,0.000000000,1.000000000,1,-0.863732325,-0.380040087,0.820268838,0.000000000,0.000000000,-0.004367408,0.999990463,8
1782463481.736693621,23.901390791,6710,vicon_state_data,ball,1,0,-0.110195508,0.018676822,1.115820848,0.000000000,0.000000000,0.000000000,1.000000000,1,-0.863692761,-0.379959422,0.820241886,0.000000000,0.000000000,-0.004366356,0.999990467,8
1782463481.740293264,23.904990435,6711,vicon_state_data,ball,1,0,-0.111021105,0.019382176,1.116565620,0.000000000,0.000000000,0.000000000,1.000000000,1,-0.863685616,-0.379913117,0.820235645,0.000000000,0.000000000,-0.004325811,0.999990644,8
1782463481.743623495,23.908320665,6712,vicon_state_data,ball,1,0,-0.112009111,0.019989590,1.117222416,0.000000000,0.000000000,0.000000000,1.000000000,1,-0.863657982,-0.379821204,0.820245362,0.000000000,0.000000000,-0.004249561,0.999990971,8
1782463481.747055769,23.911752939,6713,vicon_state_data,ball,1,0,-0.112998002,0.020660209,1.117721381,0.000000000,0.000000000,0.000000000,1.000000000,1,-0.863793499,-0.379712660,0.820365414,0.000000000,0.000000000,-0.003420432,0.999994150,8
1782463481.750091076,23.914788246,6714,vicon_state_data,ball,1,0,-0.113878055,0.021346611,1.118216642,0.000000000,0.000000000,0.000000000,1.000000000,1,-0.863382879,-0.379996944,0.819973906,0.000000000,0.000000000,-0.005480710,0.999984981,8
1782463481.753392220,23.918089390,6715,vicon_state_data,ball,1,0,-0.114817983,0.021944719,1.118743263,0.000000000,0.000000000,0.000000000,1.000000000,1,-0.863400125,-0.379887741,0.819980363,0.000000000,0.000000000,-0.005260744,0.999986162,8
1782463481.756648540,23.921345711,6716,vicon_state_data,ball,1,0,-0.115672874,0.022709565,1.119311279,0.000000000,0.000000000,0.000000000,1.000000000,1,-0.863392432,-0.379925915,0.820003392,0.000000000,0.000000000,-0.005312691,0.999985888,8
1782463481.759898424,23.924595594,6717,vicon_state_data,ball,1,0,-0.116545285,0.023289554,1.119884292,0.000000000,0.000000000,0.000000000,1.000000000,1,-0.863367252,-0.379866562,0.819983188,0.000000000,0.000000000,-0.005256337,0.999986185,8
1782463481.763404369,23.928101540,6718,vicon_state_data,ball,1,0,-0.117423375,0.023986960,1.120488827,0.000000000,0.000000000,0.000000000,1.000000000,1,-0.863318879,-0.379876217,0.819934800,0.000000000,0.000000000,-0.005473962,0.999985018,8
1782463481.766627550,23.931324720,6719,vicon_state_data,ball,1,0,-0.118138675,0.024670592,1.120953940,0.000000000,0.000000000,0.000000000,1.000000000,1,-0.863284465,-0.379756318,0.819901013,0.000000000,0.000000000,-0.005432709,0.999985243,8
1782463481.769966364,23.934663534,6720,vicon_state_data,ball,1,0,-0.118923481,0.025280608,1.121426923,0.000000000,0.000000000,0.000000000,1.000000000,1,-0.863307805,-0.379761082,0.819898488,0.000000000,0.000000000,-0.005217349,0.999986390,8
1782463481.773283958,23.937981129,6721,vicon_state_data,ball,1,0,-0.119715118,0.025908035,1.121983898,0.000000000,0.000000000,0.000000000,1.000000000,1,-0.862955421,-0.380054572,0.819663705,0.000000000,0.000000000,-0.008642014,0.999962657,8
1782463481.776682377,23.941379547,6722,vicon_state_data,ball,1,0,-0.119995392,0.026368021,1.122239728,0.000000000,0.000000000,0.000000000,1.000000000,1,-0.863178132,-0.379619023,0.819744537,0.000000000,0.000000000,-0.005560298,0.999984541,8
1782463481.780080795,23.944777966,6723,vicon_state_data,ball,1,0,-0.120371129,0.026898795,1.122660035,0.000000000,0.000000000,0.000000000,1.000000000,1,-0.863156558,-0.379583432,0.819738324,0.000000000,0.000000000,-0.005610373,0.999984262,8
1782463481.783366680,23.948063850,6724,vicon_state_data,ball,1,0,-0.121128481,0.027597929,1.123223615,0.000000000,0.000000000,0.000000000,1.000000000,1,-0.862932742,-0.380002369,0.819676317,0.000000000,0.000000000,-0.008609954,0.999962934,8
1782463481.786989212,23.951686382,6725,vicon_state_data,ball,1,0,-0.121837105,0.028281343,1.123783120,0.000000000,0.000000000,0.000000000,1.000000000,1,-0.862966747,-0.379913074,0.819698025,0.000000000,0.000000000,-0.008230053,0.999966133,8
1782463481.790214062,23.954911232,6726,vicon_state_data,ball,1,0,-0.122609937,0.029061654,1.124392094,0.000000000,0.000000000,0.000000000,1.000000000,1,-0.862965022,-0.379852306,0.819683150,0.000000000,0.000000000,-0.008228005,0.999966149,8
1782463481.793395758,23.958092928,6727,vicon_state_data,ball,1,0,-0.123472633,0.029801833,1.125094273,0.000000000,0.000000000,0.000000000,1.000000000,1,-0.862929721,-0.379863601,0.819674673,0.000000000,0.000000000,-0.008215693,0.999966251,8
1782463481.797174931,23.961872101,6728,vicon_state_data,ball,1,0,-0.124224101,0.030499567,1.125718397,0.000000000,0.000000000,0.000000000,1.000000000,1,-0.863131703,-0.379468252,0.819688217,0.000000000,0.000000000,-0.005423711,0.999985292,8
1782463481.800065756,23.964762926,6729,vicon_state_data,ball,1,0,-0.125117425,0.031329494,1.126308002,0.000000000,0.000000000,0.000000000,1.000000000,1,-0.862944001,-0.379780107,0.819698151,0.000000000,0.000000000,-0.007936963,0.999968502,8
1782463481.803337097,23.968034267,6730,vicon_state_data,ball,1,0,-0.125848242,0.032065188,1.126859747,0.000000000,0.000000000,0.000000000,1.000000000,1,-0.862951774,-0.379718760,0.819759200,0.000000000,0.000000000,-0.007746070,0.999969999,8
1782463481.806615353,23.971312523,6731,vicon_state_data,ball,1,0,-0.126628675,0.032844723,1.127381273,0.000000000,0.000000000,0.000000000,1.000000000,1,-0.862987616,-0.379685753,0.819808361,0.000000000,0.000000000,-0.007438900,0.999972331,8
1782463481.810070992,23.974768162,6732,vicon_state_data,ball,1,0,-0.127509595,0.033621841,1.127986979,0.000000000,0.000000000,0.000000000,1.000000000,1,-0.862973486,-0.379640436,0.819854727,0.000000000,0.000000000,-0.007304329,0.999973323,8
1782463481.813413143,23.978110313,6733,vicon_state_data,ball,1,0,-0.128334859,0.034341719,1.128552059,0.000000000,0.000000000,0.000000000,1.000000000,1,-0.863105027,-0.379317978,0.819763356,0.000000000,0.000000000,-0.005071933,0.999987138,8
1782463481.816965818,23.981662989,6734,vicon_state_data,ball,1,0,-0.129106933,0.035199528,1.129020821,0.000000000,0.000000000,0.000000000,1.000000000,1,-0.862963361,-0.379602013,0.819891925,0.000000000,0.000000000,-0.007160190,0.999974366,8
1782463481.820106983,23.984804153,6735,vicon_state_data,ball,1,0,-0.129588924,0.035990500,1.129222998,0.000000000,0.000000000,0.000000000,1.000000000,1,-0.863089526,-0.379263014,0.819787971,0.000000000,0.000000000,-0.004988056,0.999987560,8
1782463481.823400974,23.988098145,6736,vicon_state_data,ball,1,0,-0.130326052,0.036770079,1.129624631,0.000000000,0.000000000,0.000000000,1.000000000,1,-0.862952347,-0.379532562,0.819931737,0.000000000,0.000000000,-0.007052621,0.999975130,8
1782463481.826806784,23.991503954,6737,vicon_state_data,ball,1,0,-0.131152790,0.037601276,1.130018203,0.000000000,0.000000000,0.000000000,1.000000000,1,-0.862929052,-0.379556984,0.819899072,0.000000000,0.000000000,-0.007186746,0.999974175,8
1782463481.830131292,23.994828463,6738,vicon_state_data,ball,1,0,-0.131995073,0.038381173,1.130402217,0.000000000,0.000000000,0.000000000,1.000000000,1,-0.862904110,-0.379522774,0.819837765,0.000000000,0.000000000,-0.007302107,0.999973339,8
1782463481.833426476,23.998123646,6739,vicon_state_data,ball,1,0,-0.132833636,0.039237005,1.130725186,0.000000000,0.000000000,0.000000000,1.000000000,1,-0.862892848,-0.379498921,0.819875502,0.000000000,0.000000000,-0.007312716,0.999973262,8
1782463481.836905956,24.001603127,6740,vicon_state_data,ball,1,0,-0.133607357,0.040029325,1.130953683,0.000000000,0.000000000,0.000000000,1.000000000,1,-0.862901105,-0.379414378,0.819838410,0.000000000,0.000000000,-0.007089030,0.999974873,8
1782463481.840379477,24.005076647,6741,vicon_state_data,ball,1,0,-0.134546343,0.040902765,1.131301930,0.000000000,0.000000000,0.000000000,1.000000000,1,-0.862856829,-0.379447455,0.819830530,0.000000000,0.000000000,-0.007312026,0.999973267,8
1782463481.843570709,24.008267879,6742,vicon_state_data,ball,1,0,-0.135425080,0.041721861,1.131601387,0.000000000,0.000000000,0.000000000,1.000000000,1,-0.862822224,-0.379383644,0.819753078,0.000000000,0.000000000,-0.007411961,0.999972531,8
1782463481.847107172,24.011804342,6743,vicon_state_data,ball,1,0,-0.136283860,0.042355983,1.132110194,0.000000000,0.000000000,0.000000000,1.000000000,1,-0.862764857,-0.379278905,0.819741494,0.000000000,0.000000000,-0.007358989,0.999972922,8
1782463481.850096226,24.014793396,6744,vicon_state_data,ball,1,0,-0.137212559,0.043380616,1.132065785,0.000000000,0.000000000,0.000000000,1.000000000,1,-0.862951622,-0.379042922,0.819689800,0.000000000,0.000000000,-0.005173685,0.999986616,8
1782463481.853343725,24.018040895,6745,vicon_state_data,ball,1,0,-0.138045221,0.044244798,1.132154161,0.000000000,0.000000000,0.000000000,1.000000000,1,-0.862929570,-0.379040437,0.819695597,0.000000000,0.000000000,-0.005297472,0.999985968,8
1782463481.856654406,24.021351576,6746,vicon_state_data,ball,1,0,-0.138914309,0.045124407,1.132296704,0.000000000,0.000000000,0.000000000,1.000000000,1,-0.862767456,-0.379298362,0.819741894,0.000000000,0.000000000,-0.007413176,0.999972522,8
1782463481.860000372,24.024697542,6747,vicon_state_data,ball,1,0,-0.139762835,0.046008787,1.132209647,0.000000000,0.000000000,0.000000000,1.000000000,1,-0.862789543,-0.379243722,0.819770666,0.000000000,0.000000000,-0.007096948,0.999974816,8
1782463481.863638639,24.028335810,6748,vicon_state_data,ball,1,0,-0.140672534,0.046861851,1.132325020,0.000000000,0.000000000,0.000000000,1.000000000,1,-0.862988857,-0.378728298,0.819645837,0.000000000,0.000000000,-0.004465187,0.999990031,8
1782463481.866743565,24.031440735,6749,vicon_state_data,ball,1,0,-0.141557197,0.047682125,1.132467975,0.000000000,0.000000000,0.000000000,1.000000000,1,-0.862786040,-0.379113340,0.819754993,0.000000000,0.000000000,-0.006853509,0.999976514,8
1782463481.870073557,24.034770727,6750,vicon_state_data,ball,1,0,-0.142485768,0.048484576,1.132576828,0.000000000,0.000000000,0.000000000,1.000000000,1,-0.862780799,-0.379092934,0.819769380,0.000000000,0.000000000,-0.006772476,0.999977067,8
1782463481.873359919,24.038057089,6751,vicon_state_data,ball,1,0,-0.143353231,0.049260695,1.132595412,0.000000000,0.000000000,0.000000000,1.000000000,1,-0.862779542,-0.379042955,0.819747473,0.000000000,0.000000000,-0.006687820,0.999977636,8
1782463481.876807213,24.041504383,6752,vicon_state_data,ball,1,0,-0.144289596,0.050052558,1.132714780,0.000000000,0.000000000,0.000000000,1.000000000,1,-0.862975330,-0.378610288,0.819679228,0.000000000,0.000000000,-0.004191808,0.999991214,8
1782463481.880218983,24.044916153,6753,vicon_state_data,ball,1,0,-0.145184126,0.050845042,1.132741283,0.000000000,0.000000000,0.000000000,1.000000000,1,-0.862726325,-0.379079854,0.819796343,0.000000000,0.000000000,-0.006834233,0.999976646,8
1782463481.883740425,24.048437595,6754,vicon_state_data,ball,1,0,-0.146071858,0.051591637,1.132726241,0.000000000,0.000000000,0.000000000,1.000000000,1,-0.862850580,-0.378781933,0.819708810,0.000000000,0.000000000,-0.004970942,0.999987645,8
1782463481.886909962,24.051607132,6755,vicon_state_data,ball,1,0,-0.146947178,0.052344559,1.132707083,0.000000000,0.000000000,0.000000000,1.000000000,1,-0.862744945,-0.378939466,0.819780605,0.000000000,0.000000000,-0.006459758,0.999979136,8
1782463481.890218496,24.054915667,6756,vicon_state_data,ball,1,0,-0.147780278,0.053080784,1.132677674,0.000000000,0.000000000,0.000000000,1.000000000,1,-0.862868420,-0.378721003,0.819851137,0.000000000,0.000000000,-0.005029970,0.999987350,8
1782463481.893496513,24.058193684,6757,vicon_state_data,ball,1,0,-0.148596782,0.053902705,1.132666851,0.000000000,0.000000000,0.000000000,1.000000000,1,-0.862851074,-0.378620442,0.819757955,0.000000000,0.000000000,-0.004545193,0.999989671,8
1782463481.896861792,24.061558962,6758,vicon_state_data,ball,1,0,-0.149466952,0.054645048,1.132592995,0.000000000,0.000000000,0.000000000,1.000000000,1,-0.862853823,-0.378653341,0.819759948,0.000000000,0.000000000,-0.004592795,0.999989453,8
1782463481.900023699,24.064720869,6759,vicon_state_data,ball,1,0,-0.150323019,0.055411056,1.132462849,0.000000000,0.000000000,0.000000000,1.000000000,1,-0.862713583,-0.378846553,0.819770875,0.000000000,0.000000000,-0.006289955,0.999980218,8
1782463481.903270483,24.067967653,6760,vicon_state_data,ball,1,0,-0.151185021,0.056139338,1.132349260,0.000000000,0.000000000,0.000000000,1.000000000,1,-0.862851752,-0.378564996,0.819812114,0.000000000,0.000000000,-0.004716771,0.999988876,8
1782463481.906709671,24.071406841,6761,vicon_state_data,ball,1,0,-0.151985690,0.056901312,1.132216222,0.000000000,0.000000000,0.000000000,1.000000000,1,-0.862682676,-0.378826540,0.819756927,0.000000000,0.000000000,-0.006262284,0.999980392,8
1782463481.910171509,24.074868679,6762,vicon_state_data,ball,1,0,-0.152821322,0.057572385,1.132033934,0.000000000,0.000000000,0.000000000,1.000000000,1,-0.862814001,-0.378569435,0.819697140,0.000000000,0.000000000,-0.004420520,0.999990229,8
1782463481.913360834,24.078058004,6763,vicon_state_data,ball,1,0,-0.153640965,0.058328431,1.131822727,0.000000000,0.000000000,0.000000000,1.000000000,1,-0.862679297,-0.378753561,0.819736598,0.000000000,0.000000000,-0.006186240,0.999980865,8
1782463481.917068005,24.081765175,6764,vicon_state_data,ball,1,0,-0.154440787,0.059025231,1.131608168,0.000000000,0.000000000,0.000000000,1.000000000,1,-0.862809833,-0.378514324,0.819700687,0.000000000,0.000000000,-0.004246187,0.999990985,8
1782463481.920238733,24.084935904,6765,vicon_state_data,ball,1,0,-0.155259140,0.059795385,1.131361069,0.000000000,0.000000000,0.000000000,1.000000000,1,-0.862672673,-0.378723858,0.819754054,0.000000000,0.000000000,-0.006101818,0.999981384,8
1782463481.923399687,24.088096857,6766,vicon_state_data,ball,1,0,-0.156070576,0.060447838,1.131088329,0.000000000,0.000000000,0.000000000,1.000000000,1,-0.862667621,-0.378705649,0.819751988,0.000000000,0.000000000,-0.006069826,0.999981578,8
1782463481.926817417,24.091514587,6767,vicon_state_data,ball,1,0,-0.156976137,0.061253821,1.130721399,0.000000000,0.000000000,0.000000000,1.000000000,1,-0.862785582,-0.378460125,0.819701899,0.000000000,0.000000000,-0.004184669,0.999991244,8
1782463481.930049419,24.094746590,6768,vicon_state_data,ball,1,0,-0.157945115,0.062056090,1.130257879,0.000000000,0.000000000,0.000000000,1.000000000,1,-0.862641267,-0.378684883,0.819733179,0.000000000,0.000000000,-0.006150412,0.999981086,8
1782463481.933322668,24.098019838,6769,vicon_state_data,ball,1,0,-0.158949977,0.062887592,1.129769144,0.000000000,0.000000000,0.000000000,1.000000000,1,-0.862649943,-0.378657492,0.819749789,0.000000000,0.000000000,-0.005975539,0.999982146,8
1782463481.936551332,24.101248503,6770,vicon_state_data,ball,1,0,-0.159935147,0.063749718,1.129297082,0.000000000,0.000000000,0.000000000,1.000000000,1,-0.862625441,-0.378649597,0.819733338,0.000000000,0.000000000,-0.006033956,0.999981796,8
1782463481.940021992,24.104719162,6771,vicon_state_data,ball,1,0,-0.160929954,0.064541753,1.128835887,0.000000000,0.000000000,0.000000000,1.000000000,1,-0.862592534,-0.378694719,0.819724474,0.000000000,0.000000000,-0.006230612,0.999980590,8
1782463481.943346024,24.108043194,6772,vicon_state_data,ball,1,0,-0.161863616,0.065400274,1.128391053,0.000000000,0.000000000,0.000000000,1.000000000,1,-0.862605078,-0.378633217,0.819737520,0.000000000,0.000000000,-0.006138086,0.999981162,8
1782463481.946703911,24.111401081,6773,vicon_state_data,ball,1,0,-0.162825881,0.066206087,1.127900993,0.000000000,0.000000000,0.000000000,1.000000000,1,-0.862763344,-0.378367776,0.819710787,0.000000000,0.000000000,-0.003883627,0.999992459,8
1782463481.949909449,24.114606619,6774,vicon_state_data,ball,1,0,-0.163691949,0.066939047,1.127415101,0.000000000,0.000000000,0.000000000,1.000000000,1,-0.862576587,-0.378663185,0.819762962,0.000000000,0.000000000,-0.006114107,0.999981309,8
1782463481.953530073,24.118227243,6775,vicon_state_data,ball,1,0,-0.164636545,0.067796593,1.126846973,0.000000000,0.000000000,0.000000000,1.000000000,1,-0.862585950,-0.378696084,0.819781585,0.000000000,0.000000000,-0.006165391,0.999980994,8
1782463481.957033396,24.121730566,6776,vicon_state_data,ball,1,0,-0.165521677,0.068649919,1.126294330,0.000000000,0.000000000,0.000000000,1.000000000,1,-0.862753915,-0.378353173,0.819769534,0.000000000,0.000000000,-0.003796218,0.999992794,8
1782463481.960083485,24.124780655,6777,vicon_state_data,ball,1,0,-0.166259068,0.069336457,1.125729434,0.000000000,0.000000000,0.000000000,1.000000000,1,-0.862587116,-0.378652354,0.819834380,0.000000000,0.000000000,-0.005965801,0.999982204,8
1782463481.963317156,24.128014326,6778,vicon_state_data,ball,1,0,-0.167262173,0.070172438,1.125307368,0.000000000,0.000000000,0.000000000,1.000000000,1,-0.862605833,-0.378626927,0.819846277,0.000000000,0.000000000,-0.005749598,0.999983471,8
1782463481.966688871,24.131386042,6779,vicon_state_data,ball,1,0,-0.168064240,0.070819573,1.124726885,0.000000000,0.000000000,0.000000000,1.000000000,1,-0.862763046,-0.378341835,0.819781989,0.000000000,0.000000000,-0.003599210,0.999993523,8
1782463481.970342875,24.135040045,6780,vicon_state_data,ball,1,0,-0.168809354,0.071701923,1.124034963,0.000000000,0.000000000,0.000000000,1.000000000,1,-0.862738769,-0.378336236,0.819767134,0.000000000,0.000000000,-0.003590202,0.999993555,8
1782463481.973530054,24.138227224,6781,vicon_state_data,ball,1,0,-0.169611992,0.072461699,1.123374362,0.000000000,0.000000000,0.000000000,1.000000000,1,-0.862737314,-0.378335047,0.819756711,0.000000000,0.000000000,-0.003525166,0.999993787,8
1782463481.976951361,24.141648531,6782,vicon_state_data,ball,1,0,-0.170346456,0.073204612,1.122727272,0.000000000,0.000000000,0.000000000,1.000000000,1,-0.862537967,-0.378653242,0.819705373,0.000000000,0.000000000,-0.006055375,0.999981666,8
1782463481.980094671,24.144791842,6783,vicon_state_data,ball,1,0,-0.171077435,0.073890591,1.122171606,0.000000000,0.000000000,0.000000000,1.000000000,1,-0.862531069,-0.378663145,0.819715057,0.000000000,0.000000000,-0.006097664,0.999981409,8
1782463481.983316898,24.148014069,6784,vicon_state_data,ball,1,0,-0.171808943,0.074723033,1.121334042,0.000000000,0.000000000,0.000000000,1.000000000,1,-0.862540034,-0.378611398,0.819696899,0.000000000,0.000000000,-0.005881412,0.999982704,8
1782463481.986817837,24.151515007,6785,vicon_state_data,ball,1,0,-0.172510084,0.075534641,1.120548945,0.000000000,0.000000000,0.000000000,1.000000000,1,-0.862503405,-0.378632383,0.819691902,0.000000000,0.000000000,-0.006108361,0.999981344,8
1782463481.990478277,24.155175447,6786,vicon_state_data,ball,1,0,-0.173228041,0.076279939,1.120025896,0.000000000,0.000000000,0.000000000,1.000000000,1,-0.862689644,-0.378306683,0.819671513,0.000000000,0.000000000,-0.003614082,0.999993469,8
1782463481.993536711,24.158233881,6787,vicon_state_data,ball,1,0,-0.173964918,0.077018052,1.119263238,0.000000000,0.000000000,0.000000000,1.000000000,1,-0.862465195,-0.378669016,0.819693332,0.000000000,0.000000000,-0.006259409,0.999980410,8
1782463481.996861219,24.161558390,6788,vicon_state_data,ball,1,0,-0.174793311,0.077754770,1.118794494,0.000000000,0.000000000,0.000000000,1.000000000,1,-0.862653358,-0.378310198,0.819659469,0.000000000,0.000000000,-0.003695687,0.999993171,8
1782463482.000071526,24.164768696,6789,vicon_state_data,ball,1,0,-0.175473103,0.078552005,1.118135550,0.000000000,0.000000000,0.000000000,1.000000000,1,-0.862650795,-0.378292100,0.819652602,0.000000000,0.000000000,-0.003811640,0.999992736,8
1782463482.003632545,24.168329716,6790,vicon_state_data,ball,1,0,-0.176203779,0.079291174,1.117262448,0.000000000,0.000000000,0.000000000,1.000000000,1,-0.862468034,-0.378607229,0.819701764,0.000000000,0.000000000,-0.006097758,0.999981408,8
1782463482.006738424,24.171435595,6791,vicon_state_data,ball,1,0,-0.177018274,0.079939924,1.116833629,0.000000000,0.000000000,0.000000000,1.000000000,1,-0.862453721,-0.378608665,0.819695265,0.000000000,0.000000000,-0.006128885,0.999981218,8
1782463482.010480165,24.175177336,6792,vicon_state_data,ball,1,0,-0.177808076,0.080726469,1.116188338,0.000000000,0.000000000,0.000000000,1.000000000,1,-0.862447494,-0.378630774,0.819721203,0.000000000,0.000000000,-0.006078135,0.999981528,8
1782463482.013476372,24.178173542,6793,vicon_state_data,ball,1,0,-0.178454505,0.081472045,1.115327470,0.000000000,0.000000000,0.000000000,1.000000000,1,-0.862444697,-0.378606086,0.819687934,0.000000000,0.000000000,-0.006078573,0.999981525,8
1782463482.016834974,24.181532145,6794,vicon_state_data,ball,1,0,-0.179199266,0.082260453,1.114515780,0.000000000,0.000000000,0.000000000,1.000000000,1,-0.862489903,-0.378537652,0.819764527,0.000000000,0.000000000,-0.005575884,0.999984455,8
1782463482.020442486,24.185139656,6795,vicon_state_data,ball,1,0,-0.179925326,0.082938943,1.113830360,0.000000000,0.000000000,0.000000000,1.000000000,1,-0.862624763,-0.378293421,0.819707196,0.000000000,0.000000000,-0.003736045,0.999993021,8
1782463482.023429155,24.188126326,6796,vicon_state_data,ball,1,0,-0.180700707,0.083685123,1.113161466,0.000000000,0.000000000,0.000000000,1.000000000,1,-0.862466152,-0.378403939,0.819606860,0.000000000,0.000000000,-0.004667785,0.999989106,8
1782463482.026711702,24.191408873,6797,vicon_state_data,ball,1,0,-0.181422364,0.084442084,1.112264414,0.000000000,0.000000000,0.000000000,1.000000000,1,-0.862624582,-0.378294570,0.819733437,0.000000000,0.000000000,-0.003584828,0.999993574,8
1782463482.030021191,24.194718361,6798,vicon_state_data,ball,1,0,-0.182121921,0.085210713,1.111273682,0.000000000,0.000000000,0.000000000,1.000000000,1,-0.862611858,-0.378312419,0.819710143,0.000000000,0.000000000,-0.003709378,0.999993120,8
1782463482.033437967,24.198135138,6799,vicon_state_data,ball,1,0,-0.182815694,0.085987632,1.110346401,0.000000000,0.000000000,0.000000000,1.000000000,1,-0.862612053,-0.378322625,0.819738749,0.000000000,0.000000000,-0.003600483,0.999993518,8
1782463482.036938667,24.201635838,6800,vicon_state_data,ball,1,0,-0.183484181,0.086751527,1.109492250,0.000000000,0.000000000,0.000000000,1.000000000,1,-0.862608690,-0.378330042,0.819711595,0.000000000,0.000000000,-0.003634662,0.999993395,8
1782463482.040191174,24.204888344,6801,vicon_state_data,ball,1,0,-0.184204981,0.087508520,1.108525029,0.000000000,0.000000000,0.000000000,1.000000000,1,-0.862590902,-0.378361289,0.819720288,0.000000000,0.000000000,-0.003653357,0.999993326,8
1782463482.043323755,24.208020926,6802,vicon_state_data,ball,1,0,-0.184929898,0.088311733,1.107630078,0.000000000,0.000000000,0.000000000,1.000000000,1,-0.862459712,-0.378607428,0.819757169,0.000000000,0.000000000,-0.005452817,0.999985133,8
1782463482.046745062,24.211442232,6803,vicon_state_data,ball,1,0,-0.185707444,0.089099535,1.106770110,0.000000000,0.000000000,0.000000000,1.000000000,1,-0.862615418,-0.378327023,0.819731883,0.000000000,0.000000000,-0.003390187,0.999994253,8
1782463482.050354004,24.215051174,6804,vicon_state_data,ball,1,0,-0.186419785,0.089871996,1.105783597,0.000000000,0.000000000,0.000000000,1.000000000,1,-0.862604707,-0.378324209,0.819708668,0.000000000,0.000000000,-0.003378797,0.999994292,8
1782463482.053308725,24.218005896,6805,vicon_state_data,ball,1,0,-0.187049792,0.091005010,1.104413570,0.000000000,0.000000000,0.000000000,1.000000000,1,-0.862616636,-0.378336667,0.819710605,0.000000000,0.000000000,-0.003263396,0.999994675,8
1782463482.056615591,24.221312761,6806,vicon_state_data,ball,1,0,-0.187875869,0.091421353,1.103849565,0.000000000,0.000000000,0.000000000,1.000000000,1,-0.862455412,-0.378623654,0.819796031,0.000000000,0.000000000,-0.005332110,0.999985784,8
1782463482.059995413,24.224692583,6807,vicon_state_data,ball,1,0,-0.188705016,0.092214959,1.102939290,0.000000000,0.000000000,0.000000000,1.000000000,1,-0.862621296,-0.378319794,0.819740972,0.000000000,0.000000000,-0.003184958,0.999994928,8
1782463482.063291550,24.227988720,6808,vicon_state_data,ball,1,0,-0.189510661,0.092898949,1.102035886,0.000000000,0.000000000,0.000000000,1.000000000,1,-0.862642617,-0.378284697,0.819759074,0.000000000,0.000000000,-0.002972024,0.999995584,8
1782463482.066669941,24.231367111,6809,vicon_state_data,ball,1,0,-0.190260294,0.093618412,1.101017449,0.000000000,0.000000000,0.000000000,1.000000000,1,-0.862487490,-0.378606431,0.819822250,0.000000000,0.000000000,-0.005075886,0.999987118,8
1782463482.070003748,24.234700918,6810,vicon_state_data,ball,1,0,-0.191089100,0.094384012,1.100151848,0.000000000,0.000000000,0.000000000,1.000000000,1,-0.862643339,-0.378265763,0.819798919,0.000000000,0.000000000,-0.002857254,0.999995918,8
1782463482.073243856,24.237941027,6811,vicon_state_data,ball,1,0,-0.192093502,0.095214129,1.098627698,0.000000000,0.000000000,0.000000000,1.000000000,1,-0.862497097,-0.378561181,0.819882789,0.000000000,0.000000000,-0.004832287,0.999988324,8
1782463482.077435970,24.242133141,6812,vicon_state_data,ball,1,0,-0.192874914,0.095956321,1.097536374,0.000000000,0.000000000,0.000000000,1.000000000,1,-0.862502021,-0.378558225,0.819919702,0.000000000,0.000000000,-0.004659946,0.999989142,8
1782463482.080280542,24.244977713,6813,vicon_state_data,ball,1,0,-0.193759432,0.096532160,1.096626154,0.000000000,0.000000000,0.000000000,1.000000000,1,-0.862440165,-0.378520604,0.819894894,0.000000000,0.000000000,-0.004842594,0.999988275,8
1782463482.083485365,24.248182535,6814,vicon_state_data,ball,1,0,-0.194137190,0.097504334,1.096340849,0.000000000,0.000000000,0.000000000,1.000000000,1,-0.862426947,-0.378545086,0.819856856,0.000000000,0.000000000,-0.004953969,0.999987729,8
1782463482.086700439,24.251397610,6815,vicon_state_data,ball,1,0,-0.194847021,0.098183308,1.095367907,0.000000000,0.000000000,0.000000000,1.000000000,1,-0.862461211,-0.378536180,0.819946334,0.000000000,0.000000000,-0.004703624,0.999988938,8
1782463482.089980841,24.254678011,6816,vicon_state_data,ball,1,0,-0.195579278,0.098864067,1.094352094,0.000000000,0.000000000,0.000000000,1.000000000,1,-0.862482264,-0.378554858,0.820008406,0.000000000,0.000000000,-0.004524135,0.999989766,8
1782463482.093405962,24.258103132,6817,vicon_state_data,ball,1,0,-0.196283442,0.099521773,1.093362487,0.000000000,0.000000000,0.000000000,1.000000000,1,-0.862461363,-0.378573658,0.819967530,0.000000000,0.000000000,-0.004671793,0.999989087,8
1782463482.097086430,24.261783600,6818,vicon_state_data,ball,1,0,-0.196928522,0.100158806,1.092571783,0.000000000,0.000000000,0.000000000,1.000000000,1,-0.862468795,-0.378588030,0.819969898,0.000000000,0.000000000,-0.004525473,0.999989760,8
1782463482.100188971,24.264886141,6819,vicon_state_data,ball,1,0,-0.197624663,0.100946798,1.091729478,0.000000000,0.000000000,0.000000000,1.000000000,1,-0.862656776,-0.378383504,0.820000588,0.000000000,0.000000000,-0.002670552,0.999996434,8
1782463482.103356361,24.268053532,6820,vicon_state_data,ball,1,0,-0.198234935,0.101606747,1.090775687,0.000000000,0.000000000,0.000000000,1.000000000,1,-0.862609245,-0.378337369,0.819880541,0.000000000,0.000000000,-0.002638639,0.999996519,8
1782463482.106650829,24.271348000,6821,vicon_state_data,ball,1,0,-0.198840082,0.102240606,1.089974873,0.000000000,0.000000000,0.000000000,1.000000000,1,-0.862475395,-0.378627674,0.819951660,0.000000000,0.000000000,-0.004571204,0.999989552,8
1782463482.110076666,24.274773836,6822,vicon_state_data,ball,1,0,-0.199458924,0.102957560,1.089212740,0.000000000,0.000000000,0.000000000,1.000000000,1,-0.862619588,-0.378391506,0.819878708,0.000000000,0.000000000,-0.002714132,0.999996317,8
1782463482.113500118,24.278197289,6823,vicon_state_data,ball,1,0,-0.200009287,0.103523628,1.088404562,0.000000000,0.000000000,0.000000000,1.000000000,1,-0.862609330,-0.378352747,0.819868406,0.000000000,0.000000000,-0.002621042,0.999996565,8
1782463482.116667032,24.281364202,6824,vicon_state_data,ball,1,0,-0.200578349,0.104192840,1.087622480,0.000000000,0.000000000,0.000000000,1.000000000,1,-0.862612441,-0.378398505,0.819812662,0.000000000,0.000000000,-0.002729087,0.999996276,8
1782463482.119955540,24.284652710,6825,vicon_state_data,ball,1,0,-0.201058569,0.104749416,1.086941534,0.000000000,0.000000000,0.000000000,1.000000000,1,-0.862596176,-0.378387664,0.819826361,0.000000000,0.000000000,-0.002615960,0.999996578,8
1782463482.123247385,24.287944555,6826,vicon_state_data,ball,1,0,-0.201500875,0.105428599,1.086257077,0.000000000,0.000000000,0.000000000,1.000000000,1,-0.862512639,-0.378648739,0.819907197,0.000000000,0.000000000,-0.004205342,0.999991158,8
1782463482.126737833,24.291435003,6827,vicon_state_data,ball,1,0,-0.201947251,0.106050181,1.085619165,0.000000000,0.000000000,0.000000000,1.000000000,1,-0.862550826,-0.378617005,0.819927918,0.000000000,0.000000000,-0.003846490,0.999992602,8
1782463482.130096674,24.294793844,6828,vicon_state_data,ball,1,0,-0.202344946,0.106727199,1.085086269,0.000000000,0.000000000,0.000000000,1.000000000,1,-0.862512403,-0.378664354,0.819924908,0.000000000,0.000000000,-0.004110373,0.999991552,8
1782463482.133427620,24.298124790,6829,vicon_state_data,ball,1,0,-0.202776121,0.107430559,1.084523830,0.000000000,0.000000000,0.000000000,1.000000000,1,-0.862630828,-0.378430793,0.819785205,0.000000000,0.000000000,-0.002449031,0.999997001,8
1782463482.136659622,24.301356792,6830,vicon_state_data,ball,1,0,-0.203189402,0.108222022,1.083979566,0.000000000,0.000000000,0.000000000,1.000000000,1,-0.862509346,-0.378672187,0.819893962,0.000000000,0.000000000,-0.004022388,0.999991910,8
1782463482.139976740,24.304673910,6831,vicon_state_data,ball,1,0,-0.203531923,0.108887946,1.083516280,0.000000000,0.000000000,0.000000000,1.000000000,1,-0.862512457,-0.378648788,0.819944111,0.000000000,0.000000000,-0.003862403,0.999992541,8
1782463482.143358946,24.308056116,6832,vicon_state_data,ball,1,0,-0.203930521,0.109641870,1.083080379,0.000000000,0.000000000,0.000000000,1.000000000,1,-0.862503329,-0.378646795,0.819933624,0.000000000,0.000000000,-0.003782221,0.999992847,8
1782463482.146911860,24.311609030,6833,vicon_state_data,ball,1,0,-0.204336277,0.110338251,1.082642445,0.000000000,0.000000000,0.000000000,1.000000000,1,-0.862474976,-0.378672323,0.819935115,0.000000000,0.000000000,-0.003965963,0.999992136,8
1782463482.150439739,24.315136909,6834,vicon_state_data,ball,1,0,-0.204696974,0.111140760,1.082286071,0.000000000,0.000000000,0.000000000,1.000000000,1,-0.862493975,-0.378673992,0.819921490,0.000000000,0.000000000,-0.003866889,0.999992524,8
1782463482.153456211,24.318153381,6835,vicon_state_data,ball,1,0,-0.205103604,0.111899422,1.081887435,0.000000000,0.000000000,0.000000000,1.000000000,1,-0.862624184,-0.378488035,0.819813114,0.000000000,0.000000000,-0.002337199,0.999997269,8
1782463482.156725407,24.321422577,6836,vicon_state_data,ball,1,0,-0.205481151,0.112663917,1.081501265,0.000000000,0.000000000,0.000000000,1.000000000,1,-0.862494902,-0.378764732,0.819893084,0.000000000,0.000000000,-0.004018335,0.999991926,8
1782463482.160094023,24.324791193,6837,vicon_state_data,ball,1,0,-0.205920550,0.113425608,1.081137596,0.000000000,0.000000000,0.000000000,1.000000000,1,-0.862572231,-0.378608731,0.819774397,0.000000000,0.000000000,-0.002620767,0.999996566,8
1782463482.163393974,24.328091145,6838,vicon_state_data,ball,1,0,-0.206378628,0.114253902,1.080801284,0.000000000,0.000000000,0.000000000,1.000000000,1,-0.862588715,-0.378604042,0.819778963,0.000000000,0.000000000,-0.002588515,0.999996650,8
1782463482.166847944,24.331545115,6839,vicon_state_data,ball,1,0,-0.206775127,0.114988898,1.080470894,0.000000000,0.000000000,0.000000000,1.000000000,1,-0.862478137,-0.378830044,0.819969947,0.000000000,0.000000000,-0.004062386,0.999991748,8
1782463482.170346975,24.335044146,6840,vicon_state_data,ball,1,0,-0.207203362,0.115727677,1.080155576,0.000000000,0.000000000,0.000000000,1.000000000,1,-0.862462551,-0.378852180,0.819941463,0.000000000,0.000000000,-0.004122774,0.999991501,8
1782463482.173581123,24.338278294,6841,vicon_state_data,ball,1,0,-0.207598416,0.116521322,1.079922368,0.000000000,0.000000000,0.000000000,1.000000000,1,-0.862478322,-0.378804006,0.819895568,0.000000000,0.000000000,-0.003900583,0.999992393,8
1782463482.176796913,24.341494083,6842,vicon_state_data,ball,1,0,-0.208008417,0.117277338,1.079672158,0.000000000,0.000000000,0.000000000,1.000000000,1,-0.862614792,-0.378660904,0.819824066,0.000000000,0.000000000,-0.002307202,0.999997338,8
1782463482.180049419,24.344746590,6843,vicon_state_data,ball,1,0,-0.208398853,0.118094847,1.079426202,0.000000000,0.000000000,0.000000000,1.000000000,1,-0.862486857,-0.378922299,0.819871816,0.000000000,0.000000000,-0.004113190,0.999991541,8
1782463482.183535337,24.348232508,6844,vicon_state_data,ball,1,0,-0.208733185,0.118943114,1.079193226,0.000000000,0.000000000,0.000000000,1.000000000,1,-0.862602912,-0.378651447,0.819816383,0.000000000,0.000000000,-0.002288976,0.999997380,8
1782463482.186827660,24.351524830,6845,vicon_state_data,ball,1,0,-0.209085612,0.119712052,1.079044030,0.000000000,0.000000000,0.000000000,1.000000000,1,-0.862635231,-0.378663186,0.819763196,0.000000000,0.000000000,-0.002156744,0.999997674,8
1782463482.190681458,24.355378628,6846,vicon_state_data,ball,1,0,-0.209412491,0.120484567,1.078845832,0.000000000,0.000000000,0.000000000,1.000000000,1,-0.862520490,-0.378963307,0.819879979,0.000000000,0.000000000,-0.003946288,0.999992213,8
1782463482.193571568,24.358268738,6847,vicon_state_data,ball,1,0,-0.209716844,0.121308619,1.078703377,0.000000000,0.000000000,0.000000000,1.000000000,1,-0.862691983,-0.378584841,0.819906280,0.000000000,0.000000000,-0.001969479,0.999998061,8
1782463482.196920395,24.361617565,6848,vicon_state_data,ball,1,0,-0.209959572,0.122158008,1.078504823,0.000000000,0.000000000,0.000000000,1.000000000,1,-0.862670396,-0.378600500,0.819712823,0.000000000,0.000000000,-0.001831196,0.999998323,8
1782463482.200022697,24.364719868,6849,vicon_state_data,ball,1,0,-0.210191951,0.122993909,1.078377437,0.000000000,0.000000000,0.000000000,1.000000000,1,-0.862690518,-0.378607960,0.819865596,0.000000000,0.000000000,-0.001951571,0.999998096,8
1782463482.203352213,24.368049383,6850,vicon_state_data,ball,1,0,-0.210381912,0.123823160,1.078259512,0.000000000,0.000000000,0.000000000,1.000000000,1,-0.862685192,-0.378665916,0.819862768,0.000000000,0.000000000,-0.001983190,0.999998033,8
1782463482.206690788,24.371387959,6851,vicon_state_data,ball,1,0,-0.210585306,0.124664711,1.078218872,0.000000000,0.000000000,0.000000000,1.000000000,1,-0.862661300,-0.378703828,0.819691036,0.000000000,0.000000000,-0.001858119,0.999998274,8
1782463482.210086584,24.374783754,6852,vicon_state_data,ball,1,0,-0.210729780,0.125526711,1.078246447,0.000000000,0.000000000,0.000000000,1.000000000,1,-0.862563720,-0.378929261,0.819797544,0.000000000,0.000000000,-0.003327818,0.999994463,8
1782463482.213333845,24.378031015,6853,vicon_state_data,ball,1,0,-0.210872434,0.126383798,1.078227349,0.000000000,0.000000000,0.000000000,1.000000000,1,-0.862573275,-0.378959923,0.819809216,0.000000000,0.000000000,-0.003355450,0.999994370,8
1782463482.216641426,24.381338596,6854,vicon_state_data,ball,1,0,-0.210984155,0.127253270,1.078189434,0.000000000,0.000000000,0.000000000,1.000000000,1,-0.862650348,-0.378714227,0.819739618,0.000000000,0.000000000,-0.001737223,0.999998491,8
1782463482.219912767,24.384609938,6855,vicon_state_data,ball,1,0,-0.211115998,0.128106293,1.078200219,0.000000000,0.000000000,0.000000000,1.000000000,1,-0.862542284,-0.378999689,0.819875012,0.000000000,0.000000000,-0.003228206,0.999994789,8
1782463482.223547697,24.388244867,6856,vicon_state_data,ball,1,0,-0.211169595,0.128957081,1.078308254,0.000000000,0.000000000,0.000000000,1.000000000,1,-0.862551707,-0.378959612,0.819897705,0.000000000,0.000000000,-0.003123160,0.999995123,8
1782463482.226819992,24.391517162,6857,vicon_state_data,ball,1,0,-0.211223556,0.129805012,1.078460482,0.000000000,0.000000000,0.000000000,1.000000000,1,-0.862538658,-0.379067823,0.819882453,0.000000000,0.000000000,-0.003342789,0.999994413,8
1782463482.230149746,24.394846916,6858,vicon_state_data,ball,1,0,-0.211291216,0.130707339,1.078622172,0.000000000,0.000000000,0.000000000,1.000000000,1,-0.862670868,-0.378892277,0.819752687,0.000000000,0.000000000,-0.001930530,0.999998137,8
1782463482.233290434,24.397987604,6859,vicon_state_data,ball,1,0,-0.211331151,0.131585215,1.078771753,0.000000000,0.000000000,0.000000000,1.000000000,1,-0.862536666,-0.379131795,0.819906606,0.000000000,0.000000000,-0.003368755,0.999994326,8
1782463482.236754179,24.401451349,6860,vicon_state_data,ball,1,0,-0.211345949,0.132465398,1.078897127,0.000000000,0.000000000,0.000000000,1.000000000,1,-0.862643298,-0.378922678,0.819773240,0.000000000,0.000000000,-0.001889208,0.999998215,8
1782463482.240193367,24.404890537,6861,vicon_state_data,ball,1,0,-0.211296141,0.133349716,1.079129535,0.000000000,0.000000000,0.000000000,1.000000000,1,-0.862686622,-0.378969052,0.819795806,0.000000000,0.000000000,-0.001857349,0.999998275,8
1782463482.243561029,24.408258200,6862,vicon_state_data,ball,1,0,-0.211286613,0.134275817,1.079301901,0.000000000,0.000000000,0.000000000,1.000000000,1,-0.862664189,-0.379054355,0.819786279,0.000000000,0.000000000,-0.002032623,0.999997934,8
1782463482.246922493,24.411619663,6863,vicon_state_data,ball,1,0,-0.211192258,0.135209422,1.079493898,0.000000000,0.000000000,0.000000000,1.000000000,1,-0.862589671,-0.379352415,0.819968859,0.000000000,0.000000000,-0.003462201,0.999994007,8
1782463482.250109673,24.414806843,6864,vicon_state_data,ball,1,0,-0.211101063,0.136155604,1.079701243,0.000000000,0.000000000,0.000000000,1.000000000,1,-0.862680035,-0.379128139,0.819811729,0.000000000,0.000000000,-0.001915356,0.999998166,8
1782463482.253560781,24.418257952,6865,vicon_state_data,ball,1,0,-0.210973978,0.137071793,1.079962976,0.000000000,0.000000000,0.000000000,1.000000000,1,-0.862557845,-0.379407304,0.819896982,0.000000000,0.000000000,-0.003652333,0.999993330,8
1782463482.257055044,24.421752214,6866,vicon_state_data,ball,1,0,-0.210861759,0.138131161,1.080224940,0.000000000,0.000000000,0.000000000,1.000000000,1,-0.862582166,-0.379415367,0.819904259,0.000000000,0.000000000,-0.003591648,0.999993550,8
1782463482.260048151,24.424745321,6867,vicon_state_data,ball,1,0,-0.210714879,0.139117724,1.080502327,0.000000000,0.000000000,0.000000000,1.000000000,1,-0.862555365,-0.379472011,0.819890715,0.000000000,0.000000000,-0.003745223,0.999992987,8
1782463482.263730764,24.428427935,6868,vicon_state_data,ball,1,0,-0.210494840,0.140096120,1.080745036,0.000000000,0.000000000,0.000000000,1.000000000,1,-0.862586599,-0.379498038,0.819941536,0.000000000,0.000000000,-0.003597356,0.999993529,8
1782463482.266891718,24.431588888,6869,vicon_state_data,ball,1,0,-0.210196220,0.141107153,1.080898211,0.000000000,0.000000000,0.000000000,1.000000000,1,-0.862556693,-0.379562245,0.819835312,0.000000000,0.000000000,-0.003922368,0.999992307,8
1782463482.270005941,24.434703112,6870,vicon_state_data,ball,1,0,-0.209943470,0.142179745,1.081093122,0.000000000,0.000000000,0.000000000,1.000000000,1,-0.862523467,-0.379472012,0.819849081,0.000000000,0.000000000,-0.003716862,0.999993092,8
1782463482.273247242,24.437944412,6871,vicon_state_data,ball,1,0,-0.209662780,0.143220122,1.081357358,0.000000000,0.000000000,0.000000000,1.000000000,1,-0.862572919,-0.379540173,0.819905341,0.000000000,0.000000000,-0.003636406,0.999993388,8
1782463482.276795626,24.441492796,6872,vicon_state_data,ball,1,0,-0.209301371,0.144296835,1.081580258,0.000000000,0.000000000,0.000000000,1.000000000,1,-0.862601026,-0.379555378,0.819886702,0.000000000,0.000000000,-0.003485597,0.999993925,8
1782463482.279999256,24.444696426,6873,vicon_state_data,ball,1,0,-0.208933070,0.145345980,1.081796899,0.000000000,0.000000000,0.000000000,1.000000000,1,-0.862588791,-0.379611593,0.819907146,0.000000000,0.000000000,-0.003562136,0.999993656,8
1782463482.283256054,24.447953224,6874,vicon_state_data,ball,1,0,-0.208561422,0.146462750,1.082053699,0.000000000,0.000000000,0.000000000,1.000000000,1,-0.862649110,-0.379601996,0.819989568,0.000000000,0.000000000,-0.003195460,0.999994895,8
1782463482.286637545,24.451334715,6875,vicon_state_data,ball,1,0,-0.208109328,0.147606830,1.082249248,0.000000000,0.000000000,0.000000000,1.000000000,1,-0.862612566,-0.379654067,0.819935635,0.000000000,0.000000000,-0.003465737,0.999993994,8
1782463482.289940834,24.454638004,6876,vicon_state_data,ball,1,0,-0.207625217,0.148697380,1.082509903,0.000000000,0.000000000,0.000000000,1.000000000,1,-0.862603081,-0.379622232,0.819963698,0.000000000,0.000000000,-0.003247968,0.999994725,8
1782463482.293326855,24.458024025,6877,vicon_state_data,ball,1,0,-0.207145466,0.149888855,1.082768091,0.000000000,0.000000000,0.000000000,1.000000000,1,-0.862624543,-0.379728846,0.819954418,0.000000000,0.000000000,-0.003344690,0.999994407,8
1782463482.296900749,24.461597919,6878,vicon_state_data,ball,1,0,-0.206676304,0.151045624,1.083056876,0.000000000,0.000000000,0.000000000,1.000000000,1,-0.862687047,-0.379740647,0.820037699,0.000000000,0.000000000,-0.003015214,0.999995454,8
1782463482.300215006,24.464912176,6879,vicon_state_data,ball,1,0,-0.206119214,0.152281752,1.083350197,0.000000000,0.000000000,0.000000000,1.000000000,1,-0.862690847,-0.379713986,0.820014470,0.000000000,0.000000000,-0.002894063,0.999995812,8
1782463482.303546190,24.468243361,6880,vicon_state_data,ball,1,0,-0.205644177,0.153393824,1.083776371,0.000000000,0.000000000,0.000000000,1.000000000,1,-0.862704600,-0.379838620,0.820075066,0.000000000,0.000000000,-0.002935677,0.999995691,8
1782463482.306771278,24.471468449,6881,vicon_state_data,ball,1,0,-0.205166906,0.154597787,1.084191586,0.000000000,0.000000000,0.000000000,1.000000000,1,-0.862723113,-0.379864677,0.820111333,0.000000000,0.000000000,-0.002789728,0.999996109,8
1782463482.310017347,24.474714518,6882,vicon_state_data,ball,1,0,-0.204591203,0.155854564,1.084538263,0.000000000,0.000000000,0.000000000,1.000000000,1,-0.862795642,-0.379648719,0.819860907,0.000000000,0.000000000,-0.001542170,0.999998811,8
1782463482.313470125,24.478167295,6883,vicon_state_data,ball,1,0,-0.204080333,0.157092024,1.084987932,0.000000000,0.000000000,0.000000000,1.000000000,1,-0.862743339,-0.379938237,0.820050669,0.000000000,0.000000000,-0.002808318,0.999996057,8
1782463482.316663504,24.481360674,6884,vicon_state_data,ball,1,0,-0.203496112,0.158369166,1.085454448,0.000000000,0.000000000,0.000000000,1.000000000,1,-0.862768748,-0.379982079,0.820124256,0.000000000,0.000000000,-0.002746250,0.999996229,8
1782463482.319964170,24.484661341,6885,vicon_state_data,ball,1,0,-0.202915916,0.159604343,1.086016064,0.000000000,0.000000000,0.000000000,1.000000000,1,-0.862785875,-0.379950419,0.820095634,0.000000000,0.000000000,-0.002553801,0.999996739,8
1782463482.323544979,24.488242149,6886,vicon_state_data,ball,1,0,-0.202298442,0.160872779,1.086544473,0.000000000,0.000000000,0.000000000,1.000000000,1,-0.862821640,-0.379794984,0.819858557,0.000000000,0.000000000,-0.001366824,0.999999066,8
1782463482.326941013,24.491638184,6887,vicon_state_data,ball,1,0,-0.201659969,0.162212793,1.087164530,0.000000000,0.000000000,0.000000000,1.000000000,1,-0.862779041,-0.380005971,0.820054754,0.000000000,0.000000000,-0.002494103,0.999996890,8
1782463482.330079317,24.494776487,6888,vicon_state_data,ball,1,0,-0.200998463,0.163571025,1.087832704,0.000000000,0.000000000,0.000000000,1.000000000,1,-0.862773374,-0.380077186,0.820043092,0.000000000,0.000000000,-0.002663969,0.999996452,8
1782463482.333486795,24.498183966,6889,vicon_state_data,ball,1,0,-0.200392600,0.164935593,1.088525899,0.000000000,0.000000000,0.000000000,1.000000000,1,-0.862866745,-0.379845600,0.819905279,0.000000000,0.000000000,-0.001072298,0.999999425,8
1782463482.336669922,24.501367092,6890,vicon_state_data,ball,1,0,-0.199695577,0.166373719,1.089186974,0.000000000,0.000000000,0.000000000,1.000000000,1,-0.862818743,-0.380133229,0.820093489,0.000000000,0.000000000,-0.002356478,0.999997224,8
1782463482.340039015,24.504736185,6891,vicon_state_data,ball,1,0,-0.199098900,0.167783805,1.090138999,0.000000000,0.000000000,0.000000000,1.000000000,1,-0.862798259,-0.380157530,0.820075965,0.000000000,0.000000000,-0.002539960,0.999996774,8
1782463482.343417883,24.508115053,6892,vicon_state_data,ball,1,0,-0.198369514,0.169361586,1.090856341,0.000000000,0.000000000,0.000000000,1.000000000,1,-0.862819431,-0.380204602,0.820041553,0.000000000,0.000000000,-0.002424993,0.999997060,8
1782463482.346860886,24.511558056,6893,vicon_state_data,ball,1,0,-0.197749432,0.170865905,1.091736048,0.000000000,0.000000000,0.000000000,1.000000000,1,-0.862847979,-0.380196970,0.820027088,0.000000000,0.000000000,-0.002252017,0.999997464,8
1782463482.350012302,24.514709473,6894,vicon_state_data,ball,1,0,-0.196989836,0.172489026,1.092560779,0.000000000,0.000000000,0.000000000,1.000000000,1,-0.862834008,-0.380297856,0.820093077,0.000000000,0.000000000,-0.002364191,0.999997205,8
1782463482.353322506,24.518019676,6895,vicon_state_data,ball,1,0,-0.196276101,0.173982849,1.093612433,0.000000000,0.000000000,0.000000000,1.000000000,1,-0.862937925,-0.380019203,0.819891719,0.000000000,0.000000000,-0.000754555,0.999999715,8
1782463482.356857538,24.521554708,6896,vicon_state_data,ball,1,0,-0.195533099,0.175509118,1.094665262,0.000000000,0.000000000,0.000000000,1.000000000,1,-0.862859529,-0.380348405,0.820133216,0.000000000,0.000000000,-0.002219971,0.999997536,8
1782463482.360378981,24.525076151,6897,vicon_state_data,ball,1,0,-0.194894569,0.177028644,1.095864656,0.000000000,0.000000000,0.000000000,1.000000000,1,-0.862947056,-0.380096902,0.819906893,0.000000000,0.000000000,-0.000668212,0.999999777,8
1782463482.363568306,24.528265476,6898,vicon_state_data,ball,1,0,-0.194048994,0.178491493,1.096873588,0.000000000,0.000000000,0.000000000,1.000000000,1,-0.862918346,-0.380364138,0.820099350,0.000000000,0.000000000,-0.001880872,0.999998231,8
1782463482.366710424,24.531407595,6899,vicon_state_data,ball,1,0,-0.193311598,0.179927679,1.097944720,0.000000000,0.000000000,0.000000000,1.000000000,1,-0.862896089,-0.380460290,0.820098685,0.000000000,0.000000000,-0.002083040,0.999997830,8
1782463482.370139122,24.534836292,6900,vicon_state_data,ball,1,0,-0.192442677,0.181365547,1.098914663,0.000000000,0.000000000,0.000000000,1.000000000,1,-0.862981627,-0.380232518,0.819911951,0.000000000,0.000000000,-0.000497403,0.999999876,8
1782463482.373342752,24.538039923,6901,vicon_state_data,ball,1,0,-0.191810971,0.182888240,1.100190636,0.000000000,0.000000000,0.000000000,1.000000000,1,-0.862891782,-0.380513454,0.820044983,0.000000000,0.000000000,-0.002234102,0.999997504,8
1782463482.376780987,24.541478157,6902,vicon_state_data,ball,1,0,-0.191166805,0.184463437,1.101485294,0.000000000,0.000000000,0.000000000,1.000000000,1,-0.863092042,-0.380273152,0.820037564,0.000000000,0.000000000,-0.000005764,1.000000000,8
1782463482.380241871,24.544939041,6903,vicon_state_data,ball,1,0,-0.190592817,0.186030639,1.102849280,0.000000000,0.000000000,0.000000000,1.000000000,1,-0.863123904,-0.380318254,0.820040273,0.000000000,0.000000000,0.000179480,0.999999984,8
1782463482.383306265,24.548003435,6904,vicon_state_data,ball,1,0,-0.189971799,0.187711760,1.104274710,0.000000000,0.000000000,0.000000000,1.000000000,1,-0.863131860,-0.380319900,0.820034768,0.000000000,0.000000000,0.000300048,0.999999955,8
1782463482.386701107,24.551398277,6905,vicon_state_data,ball,1,0,-0.189392360,0.189311441,1.105705113,0.000000000,0.000000000,0.000000000,1.000000000,1,-0.862989768,-0.380640051,0.820121053,0.000000000,0.000000000,-0.001744317,0.999998479,8
1782463482.389993668,24.554690838,6906,vicon_state_data,ball,1,0,-0.188793520,0.190933447,1.107195927,0.000000000,0.000000000,0.000000000,1.000000000,1,-0.863157018,-0.380414667,0.820031256,0.000000000,0.000000000,0.000265079,0.999999965,8
1782463482.393346310,24.558043480,6907,vicon_state_data,ball,1,0,-0.188198741,0.192509945,1.108663159,0.000000000,0.000000000,0.000000000,1.000000000,1,-0.863178846,-0.380469299,0.820036120,0.000000000,0.000000000,0.000356203,0.999999937,8
1782463482.396714211,24.561411381,6908,vicon_state_data,ball,1,0,-0.187585468,0.194209801,1.110219155,0.000000000,0.000000000,0.000000000,1.000000000,1,-0.862999952,-0.380540653,0.819875996,0.000000000,0.000000000,-0.000870371,0.999999621,8
1782463482.400188208,24.564885378,6909,vicon_state_data,ball,1,0,-0.187005752,0.195852952,1.111818974,0.000000000,0.000000000,0.000000000,1.000000000,1,-0.863070859,-0.380622228,0.819962368,0.000000000,0.000000000,-0.000794765,0.999999684,8
1782463482.403575897,24.568273067,6910,vicon_state_data,ball,1,0,-0.186405789,0.197486949,1.113433410,0.000000000,0.000000000,0.000000000,1.000000000,1,-0.862899491,-0.380740285,0.819775262,0.000000000,0.000000000,-0.001533937,0.999998824,8
1782463482.406738281,24.571435452,6911,vicon_state_data,ball,1,0,-0.185804004,0.199114034,1.115090869,0.000000000,0.000000000,0.000000000,1.000000000,1,-0.863115954,-0.380676612,0.820006610,0.000000000,0.000000000,-0.000594401,0.999999823,8
1782463482.410467148,24.575164318,6912,vicon_state_data,ball,1,0,-0.184786023,0.200085363,1.116181187,0.000000000,0.000000000,0.000000000,1.000000000,1,-0.862949034,-0.380812409,0.819813228,0.000000000,0.000000000,-0.001410086,0.999999006,8
1782463482.413459301,24.578156471,6913,vicon_state_data,ball,1,0,-0.184509571,0.202267467,1.118407570,0.000000000,0.000000000,0.000000000,1.000000000,1,-0.862955302,-0.380852348,0.819815570,0.000000000,0.000000000,-0.001442041,0.999998960,8
1782463482.416744232,24.581441402,6914,vicon_state_data,ball,1,0,-0.183906334,0.203920930,1.120195351,0.000000000,0.000000000,0.000000000,1.000000000,1,-0.862967441,-0.380892834,0.819831502,0.000000000,0.000000000,-0.001378771,0.999999049,8
1782463482.420004368,24.584701538,6915,vicon_state_data,ball,1,0,-0.183300978,0.205559307,1.121993093,0.000000000,0.000000000,0.000000000,1.000000000,1,-0.863351116,-0.380675817,0.820166961,0.000000000,0.000000000,0.000790322,0.999999688,8
1782463482.423515797,24.588212967,6916,vicon_state_data,ball,1,0,-0.182693470,0.207178998,1.123801676,0.000000000,0.000000000,0.000000000,1.000000000,1,-0.863234111,-0.380782591,0.820060211,0.000000000,0.000000000,0.000107562,0.999999994,8
1782463482.426677465,24.591374636,6917,vicon_state_data,ball,1,0,-0.182076052,0.208879468,1.125725103,0.000000000,0.000000000,0.000000000,1.000000000,1,-0.863290367,-0.380844191,0.820151881,0.000000000,0.000000000,0.000323293,0.999999948,8
1782463482.430083990,24.594781160,6918,vicon_state_data,ball,1,0,-0.181433299,0.210489015,1.127618173,0.000000000,0.000000000,0.000000000,1.000000000,1,-0.863330602,-0.380883445,0.820187414,0.000000000,0.000000000,0.000391014,0.999999924,8
1782463482.433304071,24.598001242,6919,vicon_state_data,ball,1,0,-0.180258671,0.211356491,1.128865870,0.000000000,0.000000000,0.000000000,1.000000000,1,-0.863337686,-0.380925567,0.820190673,0.000000000,0.000000000,0.000468280,0.999999890,8
1782463482.436631918,24.601329088,6920,vicon_state_data,ball,1,0,-0.179598041,0.212999537,1.130825265,0.000000000,0.000000000,0.000000000,1.000000000,1,-0.863502023,-0.380868627,0.820341495,0.000000000,0.000000000,0.001213322,0.999999264,8
1782463482.439948082,24.604645252,6921,vicon_state_data,ball,1,0,-0.179554487,0.215348313,1.133432898,0.000000000,0.000000000,0.000000000,1.000000000,1,-0.863535861,-0.380893304,0.820342965,0.000000000,0.000000000,0.001379043,0.999999049,8
1782463482.443940163,24.608637333,6922,vicon_state_data,ball,1,0,-0.178967354,0.217005544,1.135447357,0.000000000,0.000000000,0.000000000,1.000000000,1,-0.863411328,-0.381025356,0.820238592,0.000000000,0.000000000,0.000802288,0.999999678,8
1782463482.446735144,24.611432314,6923,vicon_state_data,ball,1,0,-0.178341826,0.218643178,1.137449062,0.000000000,0.000000000,0.000000000,1.000000000,1,-0.863456854,-0.381045108,0.820232106,0.000000000,0.000000000,0.001009483,0.999999490,8
1782463482.450070381,24.614767551,6924,vicon_state_data,ball,1,0,-0.177078004,0.219534282,1.138814021,0.000000000,0.000000000,0.000000000,1.000000000,1,-0.863613489,-0.380999049,0.820369683,0.000000000,0.000000000,0.001739185,0.999998488,8
1782463482.453553200,24.618250370,6925,vicon_state_data,ball,1,0,-0.176420273,0.221150341,1.140842224,0.000000000,0.000000000,0.000000000,1.000000000,1,-0.863486178,-0.381116000,0.820232317,0.000000000,0.000000000,0.001134759,0.999999356,8
1782463482.456844330,24.621541500,6926,vicon_state_data,ball,1,0,-0.176522561,0.223566928,1.143627215,0.000000000,0.000000000,0.000000000,1.000000000,1,-0.863625388,-0.381092792,0.820377436,0.000000000,0.000000000,0.001849315,0.999998290,8
1782463482.460053205,24.624750376,6927,vicon_state_data,ball,1,0,-0.175227061,0.224415157,1.145009428,0.000000000,0.000000000,0.000000000,1.000000000,1,-0.863495471,-0.381180123,0.820214150,0.000000000,0.000000000,0.001242202,0.999999228,8
1782463482.463459492,24.628156662,6928,vicon_state_data,ball,1,0,-0.174718450,0.226066978,1.147140783,0.000000000,0.000000000,0.000000000,1.000000000,1,-0.863516002,-0.381183798,0.820206962,0.000000000,0.000000000,0.001385366,0.999999040,8
1782463482.466871262,24.631568432,6929,vicon_state_data,ball,1,0,-0.174179794,0.227706591,1.149254598,0.000000000,0.000000000,0.000000000,1.000000000,1,-0.863505239,-0.381235394,0.820202027,0.000000000,0.000000000,0.001347446,0.999999092,8
1782463482.470100641,24.634797812,6930,vicon_state_data,ball,1,0,-0.173682595,0.229305375,1.151449451,0.000000000,0.000000000,0.000000000,1.000000000,1,-0.863502309,-0.381295790,0.820164932,0.000000000,0.000000000,0.001105327,0.999999389,8
1782463482.473328590,24.638025761,6931,vicon_state_data,ball,1,0,-0.173201229,0.230835850,1.153569750,0.000000000,0.000000000,0.000000000,1.000000000,1,-0.863493434,-0.381310559,0.820119242,0.000000000,0.000000000,0.001039856,0.999999459,8
1782463482.476599216,24.641296387,6932,vicon_state_data,ball,1,0,-0.172725461,0.232420971,1.155750575,0.000000000,0.000000000,0.000000000,1.000000000,1,-0.863532578,-0.381329710,0.820184547,0.000000000,0.000000000,0.001252476,0.999999216,8
1782463482.480177402,24.644874573,6933,vicon_state_data,ball,1,0,-0.172290916,0.234013138,1.157968551,0.000000000,0.000000000,0.000000000,1.000000000,1,-0.863471726,-0.381329215,0.820055643,0.000000000,0.000000000,0.001137503,0.999999353,8
1782463482.483448267,24.648145437,6934,vicon_state_data,ball,1,0,-0.171886909,0.235533875,1.160178878,0.000000000,0.000000000,0.000000000,1.000000000,1,-0.863545291,-0.381344318,0.820134462,0.000000000,0.000000000,0.001457845,0.999998937,8
1782463482.486626148,24.651323318,6935,vicon_state_data,ball,1,0,-0.171515582,0.237140194,1.162357923,0.000000000,0.000000000,0.000000000,1.000000000,1,-0.863379098,-0.381682561,0.820178596,0.000000000,0.000000000,-0.000472524,0.999999888,8
1782463482.490146399,24.654843569,6936,vicon_state_data,ball,1,0,-0.171152653,0.238706026,1.164675864,0.000000000,0.000000000,0.000000000,1.000000000,1,-0.863582097,-0.381475291,0.820206422,0.000000000,0.000000000,0.001503456,0.999998870,8
1782463482.493808746,24.658505917,6937,vicon_state_data,ball,1,0,-0.170813337,0.240282387,1.166972676,0.000000000,0.000000000,0.000000000,1.000000000,1,-0.863561993,-0.381470842,0.820135514,0.000000000,0.000000000,0.001516108,0.999998851,8
1782463482.496913910,24.661611080,6938,vicon_state_data,ball,1,0,-0.170529159,0.241758581,1.169214595,0.000000000,0.000000000,0.000000000,1.000000000,1,-0.863532364,-0.381514962,0.820106440,0.000000000,0.000000000,0.001444648,0.999998956,8
1782463482.500014544,24.664711714,6939,vicon_state_data,ball,1,0,-0.170268251,0.243227036,1.171590688,0.000000000,0.000000000,0.000000000,1.000000000,1,-0.863583986,-0.381515278,0.820137870,0.000000000,0.000000000,0.001735617,0.999998494,8
1782463482.503479242,24.668176413,6940,vicon_state_data,ball,1,0,-0.170168152,0.244756404,1.173984858,0.000000000,0.000000000,0.000000000,1.000000000,1,-0.863624233,-0.381617557,0.820194658,0.000000000,0.000000000,0.001790043,0.999998398,8
1782463482.506584644,24.671281815,6941,vicon_state_data,ball,1,0,-0.170186407,0.246295541,1.176361006,0.000000000,0.000000000,0.000000000,1.000000000,1,-0.863602986,-0.381731100,0.820154562,0.000000000,0.000000000,0.001496315,0.999998881,8
1782463482.509950876,24.674648046,6942,vicon_state_data,ball,1,0,-0.170252713,0.247878039,1.178740025,0.000000000,0.000000000,0.000000000,1.000000000,1,-0.863614035,-0.381763313,0.820180814,0.000000000,0.000000000,0.001649240,0.999998640,8
1782463482.513501644,24.678198814,6943,vicon_state_data,ball,1,0,-0.170393733,0.249412892,1.181191716,0.000000000,0.000000000,0.000000000,1.000000000,1,-0.863602678,-0.381799829,0.820152177,0.000000000,0.000000000,0.001509309,0.999998861,8
1782463482.516688585,24.681385756,6944,vicon_state_data,ball,1,0,-0.170548502,0.250985311,1.183625279,0.000000000,0.000000000,0.000000000,1.000000000,1,-0.863655118,-0.381852022,0.820200530,0.000000000,0.000000000,0.001628364,0.999998674,8
1782463482.520225763,24.684922934,6945,vicon_state_data,ball,1,0,-0.170714651,0.252548601,1.186025591,0.000000000,0.000000000,0.000000000,1.000000000,1,-0.863640625,-0.381888393,0.820144464,0.000000000,0.000000000,0.001567382,0.999998772,8
1782463482.523371935,24.688069105,6946,vicon_state_data,ball,1,0,-0.170996931,0.254041297,1.188494517,0.000000000,0.000000000,0.000000000,1.000000000,1,-0.863628614,-0.381907604,0.820113663,0.000000000,0.000000000,0.001605320,0.999998711,8
1782463482.526587248,24.691284418,6947,vicon_state_data,ball,1,0,-0.171248270,0.255604548,1.190848879,0.000000000,0.000000000,0.000000000,1.000000000,1,-0.863685673,-0.381997973,0.820158280,0.000000000,0.000000000,0.001767400,0.999998438,8
1782463482.530148983,24.694846153,6948,vicon_state_data,ball,1,0,-0.171578396,0.257082319,1.193290686,0.000000000,0.000000000,0.000000000,1.000000000,1,-0.863527909,-0.382215038,0.820139944,0.000000000,0.000000000,-0.000034073,0.999999999,8
1782463482.533883333,24.698580503,6949,vicon_state_data,ball,1,0,-0.171952025,0.258656585,1.195702320,0.000000000,0.000000000,0.000000000,1.000000000,1,-0.863693778,-0.382057781,0.820165085,0.000000000,0.000000000,0.001569343,0.999998769,8
1782463482.536858797,24.701555967,6950,vicon_state_data,ball,1,0,-0.172334837,0.260147268,1.198136996,0.000000000,0.000000000,0.000000000,1.000000000,1,-0.863725626,-0.382109197,0.820142657,0.000000000,0.000000000,0.001697951,0.999998558,8
1782463482.540114641,24.704811811,6951,vicon_state_data,ball,1,0,-0.172823969,0.261709983,1.200545803,0.000000000,0.000000000,0.000000000,1.000000000,1,-0.863670779,-0.382089675,0.820015189,0.000000000,0.000000000,0.001682646,0.999998584,8
1782463482.543384314,24.708081484,6952,vicon_state_data,ball,1,0,-0.173276290,0.263255067,1.203001678,0.000000000,0.000000000,0.000000000,1.000000000,1,-0.863564588,-0.382430488,0.820098073,0.000000000,0.000000000,-0.000028398,1.000000000,8
1782463482.546869278,24.711566448,6953,vicon_state_data,ball,1,0,-0.173841973,0.264804137,1.205463740,0.000000000,0.000000000,0.000000000,1.000000000,1,-0.863605776,-0.382410735,0.820135585,0.000000000,0.000000000,0.000292533,0.999999957,8
1782463482.550440550,24.715137720,6954,vicon_state_data,ball,1,0,-0.174382292,0.266284268,1.207848345,0.000000000,0.000000000,0.000000000,1.000000000,1,-0.863551480,-0.382415887,0.820095695,0.000000000,0.000000000,-0.000058552,0.999999998,8
1782463482.553674459,24.718371630,6955,vicon_state_data,ball,1,0,-0.174995245,0.267781880,1.210307860,0.000000000,0.000000000,0.000000000,1.000000000,1,-0.863715160,-0.382146738,0.820060840,0.000000000,0.000000000,0.001705530,0.999998546,8
1782463482.556875944,24.721573114,6956,vicon_state_data,ball,1,0,-0.175667888,0.269268351,1.212719285,0.000000000,0.000000000,0.000000000,1.000000000,1,-0.863742221,-0.382310756,0.820042757,0.000000000,0.000000000,0.001824671,0.999998335,8
1782463482.560085058,24.724782228,6957,vicon_state_data,ball,1,0,-0.176360173,0.270742989,1.215083796,0.000000000,0.000000000,0.000000000,1.000000000,1,-0.863630086,-0.382582966,0.820098028,0.000000000,0.000000000,0.000290823,0.999999958,8
1782463482.563461542,24.728158712,6958,vicon_state_data,ball,1,0,-0.177102738,0.272232353,1.217489748,0.000000000,0.000000000,0.000000000,1.000000000,1,-0.863620444,-0.382620517,0.820080838,0.000000000,0.000000000,0.000201799,0.999999980,8
1782463482.566726446,24.731423616,6959,vicon_state_data,ball,1,0,-0.177857043,0.273688175,1.219829306,0.000000000,0.000000000,0.000000000,1.000000000,1,-0.863634569,-0.382691072,0.820067152,0.000000000,0.000000000,0.000146573,0.999999989,8
1782463482.570474863,24.735172033,6960,vicon_state_data,ball,1,0,-0.178669564,0.275176447,1.222192515,0.000000000,0.000000000,0.000000000,1.000000000,1,-0.863706564,-0.382452225,0.819936990,0.000000000,0.000000000,0.001244892,0.999999225,8
1782463482.573366642,24.738063812,6961,vicon_state_data,ball,1,0,-0.179532370,0.276629359,1.224572448,0.000000000,0.000000000,0.000000000,1.000000000,1,-0.863810013,-0.382532428,0.820090480,0.000000000,0.000000000,0.001678504,0.999998591,8
1782463482.576868773,24.741565943,6962,vicon_state_data,ball,1,0,-0.180395377,0.278029579,1.226884955,0.000000000,0.000000000,0.000000000,1.000000000,1,-0.863680214,-0.382839240,0.820086861,0.000000000,0.000000000,0.000380864,0.999999927,8
1782463482.580321312,24.745018482,6963,vicon_state_data,ball,1,0,-0.181299052,0.279453024,1.229133550,0.000000000,0.000000000,0.000000000,1.000000000,1,-0.863833063,-0.382628677,0.820027254,0.000000000,0.000000000,0.001949047,0.999998101,8
1782463482.583499193,24.748196363,6964,vicon_state_data,ball,1,0,-0.182261275,0.280937115,1.231475107,0.000000000,0.000000000,0.000000000,1.000000000,1,-0.863673929,-0.382845853,0.820038869,0.000000000,0.000000000,0.000275638,0.999999962,8
1782463482.586819410,24.751516581,6965,vicon_state_data,ball,1,0,-0.183185532,0.282377382,1.233754319,0.000000000,0.000000000,0.000000000,1.000000000,1,-0.863765008,-0.382747624,0.819892629,0.000000000,0.000000000,0.001551250,0.999998797,8
1782463482.590049982,24.754747152,6966,vicon_state_data,ball,1,0,-0.184195189,0.283818435,1.236051566,0.000000000,0.000000000,0.000000000,1.000000000,1,-0.863789867,-0.382765254,0.819891735,0.000000000,0.000000000,0.001702966,0.999998550,8
1782463482.593515158,24.758212328,6967,vicon_state_data,ball,1,0,-0.185233099,0.285264118,1.238361865,0.000000000,0.000000000,0.000000000,1.000000000,1,-0.863791665,-0.382795435,0.819903294,0.000000000,0.000000000,0.001453017,0.999998944,8
1782463482.596949816,24.761646986,6968,vicon_state_data,ball,1,0,-0.186647456,0.287146836,1.241055694,0.000000000,0.000000000,0.000000000,1.000000000,1,-0.863816082,-0.382890696,0.819902494,0.000000000,0.000000000,0.001687719,0.999998576,8
1782463482.599989653,24.764686823,6969,vicon_state_data,ball,1,0,-0.187332168,0.288094723,1.242852851,0.000000000,0.000000000,0.000000000,1.000000000,1,-0.863839206,-0.382872085,0.819936918,0.000000000,0.000000000,0.001648238,0.999998642,8
1782463482.603309631,24.768006802,6970,vicon_state_data,ball,1,0,-0.188475478,0.289515649,1.245146402,0.000000000,0.000000000,0.000000000,1.000000000,1,-0.863873163,-0.382950918,0.819934766,0.000000000,0.000000000,0.001843634,0.999998301,8
1782463482.606582880,24.771280050,6971,vicon_state_data,ball,1,0,-0.189898994,0.291354463,1.247662994,0.000000000,0.000000000,0.000000000,1.000000000,1,-0.863797497,-0.383152854,0.820094203,0.000000000,0.000000000,0.000598624,0.999999821,8
1782463482.610117912,24.774815083,6972,vicon_state_data,ball,1,0,-0.190797972,0.292356557,1.249613703,0.000000000,0.000000000,0.000000000,1.000000000,1,-0.863829240,-0.383249069,0.820095667,0.000000000,0.000000000,0.000831744,0.999999654,8
1782463482.613407850,24.778105021,6973,vicon_state_data,ball,1,0,-0.192018518,0.293789863,1.251837046,0.000000000,0.000000000,0.000000000,1.000000000,1,-0.863813871,-0.383255500,0.820090683,0.000000000,0.000000000,0.000566460,0.999999840,8
1782463482.616768837,24.781466007,6974,vicon_state_data,ball,1,0,-0.193656030,0.295658038,1.254357444,0.000000000,0.000000000,0.000000000,1.000000000,1,-0.863850363,-0.383247665,0.820071306,0.000000000,0.000000000,0.000835631,0.999999651,8
1782463482.620094299,24.784791470,6975,vicon_state_data,ball,1,0,-0.194644900,0.296688206,1.256289108,0.000000000,0.000000000,0.000000000,1.000000000,1,-0.863902988,-0.383367645,0.820152498,0.000000000,0.000000000,0.001108641,0.999999385,8
1782463482.623437405,24.788134575,6976,vicon_state_data,ball,1,0,-0.196030028,0.298094813,1.258433422,0.000000000,0.000000000,0.000000000,1.000000000,1,-0.863903116,-0.383391361,0.820115721,0.000000000,0.000000000,0.001114313,0.999999379,8
1782463482.627037525,24.791734695,6977,vicon_state_data,ball,1,0,-0.197834188,0.300012159,1.261050658,0.000000000,0.000000000,0.000000000,1.000000000,1,-0.863920025,-0.383424134,0.820163741,0.000000000,0.000000000,0.001088871,0.999999407,8
1782463482.630220652,24.794917822,6978,vicon_state_data,ball,1,0,-0.199298374,0.301473611,1.263256314,0.000000000,0.000000000,0.000000000,1.000000000,1,-0.863984809,-0.383287662,0.819939693,0.000000000,0.000000000,0.002111630,0.999997771,8
1782463482.633413076,24.798110247,6979,vicon_state_data,ball,1,0,-0.200834057,0.302923608,1.265426253,0.000000000,0.000000000,0.000000000,1.000000000,1,-0.863997422,-0.383334441,0.819951127,0.000000000,0.000000000,0.002130261,0.999997731,8
1782463482.636638403,24.801335573,6980,vicon_state_data,ball,1,0,-0.202405090,0.304348665,1.267575751,0.000000000,0.000000000,0.000000000,1.000000000,1,-0.863994426,-0.383341296,0.819961180,0.000000000,0.000000000,0.001901546,0.999998192,8
1782463482.639878750,24.804575920,6981,vicon_state_data,ball,1,0,-0.204009644,0.305768246,1.269725514,0.000000000,0.000000000,0.000000000,1.000000000,1,-0.863922019,-0.383649271,0.820118982,0.000000000,0.000000000,0.000552531,0.999999847,8
1782463482.643640518,24.808337688,6982,vicon_state_data,ball,1,0,-0.205871812,0.307281860,1.272013942,0.000000000,0.000000000,0.000000000,1.000000000,1,-0.863971960,-0.383519205,0.819922985,0.000000000,0.000000000,0.001634999,0.999998663,8
1782463482.646996498,24.811693668,6983,vicon_state_data,ball,1,0,-0.207297774,0.308653495,1.273970619,0.000000000,0.000000000,0.000000000,1.000000000,1,-0.864006822,-0.383516809,0.819937852,0.000000000,0.000000000,0.001798540,0.999998383,8
1782463482.650061607,24.814758778,6984,vicon_state_data,ball,1,0,-0.209042519,0.310018910,1.276035896,0.000000000,0.000000000,0.000000000,1.000000000,1,-0.864239858,-0.383333863,0.820228511,0.000000000,0.000000000,0.001085848,0.999999410,8
1782463482.653344631,24.818041801,6985,vicon_state_data,ball,1,0,-0.211060367,0.311493451,1.278214832,0.000000000,0.000000000,0.000000000,1.000000000,1,-0.864275270,-0.383342441,0.820230534,0.000000000,0.000000000,0.001153627,0.999999335,8
1782463482.656638861,24.821336031,6986,vicon_state_data,ball,1,0,-0.212831624,0.312843098,1.280223468,0.000000000,0.000000000,0.000000000,1.000000000,1,-0.864326251,-0.383207366,0.820113364,0.000000000,0.000000000,0.003340329,0.999994421,8
1782463482.660322189,24.825019360,6987,vicon_state_data,ball,1,0,-0.214639140,0.314203127,1.282256908,0.000000000,0.000000000,0.000000000,1.000000000,1,-0.864292402,-0.383470442,0.820244937,0.000000000,0.000000000,0.001130226,0.999999361,8
1782463482.663737774,24.828434944,6988,vicon_state_data,ball,1,0,-0.216524250,0.315567600,1.284226770,0.000000000,0.000000000,0.000000000,1.000000000,1,-0.864329753,-0.383532906,0.820256408,0.000000000,0.000000000,0.001174624,0.999999310,8
1782463482.666949987,24.831647158,6989,vicon_state_data,ball,1,0,-0.218365197,0.316918485,1.286164884,0.000000000,0.000000000,0.000000000,1.000000000,1,-0.864267992,-0.383500769,0.820122349,0.000000000,0.000000000,0.002463204,0.999996966,8
1782463482.670063972,24.834761143,6990,vicon_state_data,ball,1,0,-0.219949508,0.318168978,1.287887807,0.000000000,0.000000000,0.000000000,1.000000000,1,-0.864389231,-0.383410290,0.820121037,0.000000000,0.000000000,0.003529685,0.999993771,8
1782463482.673302889,24.838000059,6991,vicon_state_data,ball,1,0,-0.222217440,0.319551012,1.289941867,0.000000000,0.000000000,0.000000000,1.000000000,1,-0.864319231,-0.383550303,0.820190447,0.000000000,0.000000000,0.001305204,0.999999148,8
1782463482.676928043,24.841625214,6992,vicon_state_data,ball,1,0,-0.224167395,0.320784461,1.291757394,0.000000000,0.000000000,0.000000000,1.000000000,1,-0.864307729,-0.383645366,0.820131842,0.000000000,0.000000000,0.002491710,0.999996896,8
1782463482.680233002,24.844930172,6993,vicon_state_data,ball,1,0,-0.226135926,0.322063606,1.293597413,0.000000000,0.000000000,0.000000000,1.000000000,1,-0.864428430,-0.383533695,0.820121387,0.000000000,0.000000000,0.003623677,0.999993434,8
1782463482.683599710,24.848296881,6994,vicon_state_data,ball,1,0,-0.228138684,0.323363428,1.295410045,0.000000000,0.000000000,0.000000000,1.000000000,1,-0.863174327,-0.384369929,0.820453979,0.000000000,0.000000000,0.000000000,1.000000000,8
1782463482.686648846,24.851346016,6995,vicon_state_data,ball,1,0,-0.230181031,0.324624636,1.297151016,0.000000000,0.000000000,0.000000000,1.000000000,1,-0.863174327,-0.384369929,0.820453979,0.000000000,0.000000000,0.000000000,1.000000000,8
1782463482.689912319,24.854609489,6996,vicon_state_data,ball,1,0,-0.232217191,0.325850265,1.298840092,0.000000000,0.000000000,0.000000000,1.000000000,1,-0.863174327,-0.384369929,0.820453979,0.000000000,0.000000000,0.000000000,1.000000000,8
1782463482.693293810,24.857990980,6997,vicon_state_data,ball,1,0,-0.234195462,0.327127257,1.300506915,0.000000000,0.000000000,0.000000000,1.000000000,1,-0.863174327,-0.384369929,0.820453979,0.000000000,0.000000000,0.000000000,1.000000000,8
1782463482.696712255,24.861409426,6998,vicon_state_data,ball,1,0,-0.236327415,0.328291907,1.302186615,0.000000000,0.000000000,0.000000000,1.000000000,1,-0.864108104,-0.384666915,0.820257142,0.000000000,0.000000000,0.000569890,0.999999838,8
1782463482.699930429,24.864627600,6999,vicon_state_data,ball,1,0,-0.238439085,0.329492637,1.303813202,0.000000000,0.000000000,0.000000000,1.000000000,1,-0.864116763,-0.384735634,0.820243581,0.000000000,0.000000000,0.000479673,0.999999885,8
1782463482.703248739,24.867945910,7000,vicon_state_data,ball,1,0,-0.240525164,0.330653735,1.305334819,0.000000000,0.000000000,0.000000000,1.000000000,1,-0.864226993,-0.384500846,0.820007721,0.000000000,0.000000000,0.002040351,0.999997918,8
1782463482.706616402,24.871313572,7001,vicon_state_data,ball,1,0,-0.242642083,0.331785557,1.306851430,0.000000000,0.000000000,0.000000000,1.000000000,1,-0.864117939,-0.384715971,0.820205217,0.000000000,0.000000000,0.000500069,0.999999875,8
1782463482.710451126,24.875148296,7002,vicon_state_data,ball,1,0,-0.244822852,0.332956049,1.308422079,0.000000000,0.000000000,0.000000000,1.000000000,1,-0.864142225,-0.384914735,0.820219315,0.000000000,0.000000000,0.000413017,0.999999915,8
1782463482.713770151,24.878467321,7003,vicon_state_data,ball,1,0,-0.247084595,0.334085502,1.309957244,0.000000000,0.000000000,0.000000000,1.000000000,1,-0.864133942,-0.384851157,0.820203853,0.000000000,0.000000000,0.000435164,0.999999905,8
1782463482.716805220,24.881502390,7004,vicon_state_data,ball,1,0,-0.249260590,0.335203276,1.311361033,0.000000000,0.000000000,0.000000000,1.000000000,1,-0.864242816,-0.384592855,0.819921557,0.000000000,0.000000000,0.001964261,0.999998071,8
1782463482.719997883,24.884695053,7005,vicon_state_data,ball,1,0,-0.251493131,0.336326587,1.312766866,0.000000000,0.000000000,0.000000000,1.000000000,1,-0.864173319,-0.384897906,0.820200046,0.000000000,0.000000000,0.000586189,0.999999828,8
1782463482.723422527,24.888119698,7006,vicon_state_data,ball,1,0,-0.253798359,0.337424552,1.314141343,0.000000000,0.000000000,0.000000000,1.000000000,1,-0.864159032,-0.385011905,0.820181582,0.000000000,0.000000000,0.000377643,0.999999929,8
1782463482.726622105,24.891319275,7007,vicon_state_data,ball,1,0,-0.256089451,0.338524389,1.315514508,0.000000000,0.000000000,0.000000000,1.000000000,1,-0.864200388,-0.384985403,0.820208777,0.000000000,0.000000000,0.000659245,0.999999783,8
1782463482.730033875,24.894731045,7008,vicon_state_data,ball,1,0,-0.258439255,0.339542160,1.316833453,0.000000000,0.000000000,0.000000000,1.000000000,1,-0.864224381,-0.385015519,0.820205694,0.000000000,0.000000000,0.000714476,0.999999745,8
1782463482.733224869,24.897922039,7009,vicon_state_data,ball,1,0,-0.260839950,0.340605893,1.318098098,0.000000000,0.000000000,0.000000000,1.000000000,1,-0.864198788,-0.385152197,0.820149388,0.000000000,0.000000000,0.000421688,0.999999911,8
1782463482.736635208,24.901332378,7010,vicon_state_data,ball,1,0,-0.263181544,0.341623007,1.319335485,0.000000000,0.000000000,0.000000000,1.000000000,1,-0.864308168,-0.384874034,0.819904059,0.000000000,0.000000000,0.002129369,0.999997733,8
1782463482.740191221,24.904888391,7011,vicon_state_data,ball,1,0,-0.265607955,0.342661488,1.320534120,0.000000000,0.000000000,0.000000000,1.000000000,1,-0.864286380,-0.385176113,0.820196160,0.000000000,0.000000000,0.001017787,0.999999482,8
1782463482.743375540,24.908072710,7012,vicon_state_data,ball,1,0,-0.268085534,0.343633700,1.321700930,0.000000000,0.000000000,0.000000000,1.000000000,1,-0.864349010,-0.384984800,0.819904443,0.000000000,0.000000000,0.002213956,0.999997549,8
1782463482.746753693,24.911450863,7013,vicon_state_data,ball,1,0,-0.270122734,0.344238121,1.322337667,0.000000000,0.000000000,0.000000000,1.000000000,1,-0.864246972,-0.385347573,0.820170273,0.000000000,0.000000000,0.000546600,0.999999851,8
1782463482.749942780,24.914639950,7014,vicon_state_data,ball,1,0,-0.272627622,0.345195712,1.323454639,0.000000000,0.000000000,0.000000000,1.000000000,1,-0.864285658,-0.385402518,0.820190453,0.000000000,0.000000000,0.000660711,0.999999782,8
1782463482.753309250,24.918006420,7015,vicon_state_data,ball,1,0,-0.275122584,0.346121955,1.324543833,0.000000000,0.000000000,0.000000000,1.000000000,1,-0.864414384,-0.385234272,0.819974525,0.000000000,0.000000000,0.002489869,0.999996900,8
1782463482.757119894,24.921817064,7016,vicon_state_data,ball,1,0,-0.277632705,0.347008841,1.325571367,0.000000000,0.000000000,0.000000000,1.000000000,1,-0.864332752,-0.385497220,0.820225949,0.000000000,0.000000000,0.000826111,0.999999659,8
1782463482.760103703,24.924800873,7017,vicon_state_data,ball,1,0,-0.280160236,0.347902712,1.326558728,0.000000000,0.000000000,0.000000000,1.000000000,1,-0.864380906,-0.385628104,0.820261763,0.000000000,0.000000000,0.001013887,0.999999486,8
1782463482.763705969,24.928403139,7018,vicon_state_data,ball,1,0,-0.282684603,0.348799734,1.327528686,0.000000000,0.000000000,0.000000000,1.000000000,1,-0.864373762,-0.385700006,0.820265849,0.000000000,0.000000000,0.000826401,0.999999659,8
1782463482.766848803,24.931545973,7019,vicon_state_data,ball,1,0,-0.285216983,0.349608957,1.328508816,0.000000000,0.000000000,0.000000000,1.000000000,1,-0.864399316,-0.385729717,0.820261717,0.000000000,0.000000000,0.001016317,0.999999484,8
1782463482.770479679,24.935176849,7020,vicon_state_data,ball,1,0,-0.287743483,0.350505238,1.329358323,0.000000000,0.000000000,0.000000000,1.000000000,1,-0.864481137,-0.385471644,0.819997491,0.000000000,0.000000000,0.002515562,0.999996836,8
1782463482.773434401,24.938131571,7021,vicon_state_data,ball,1,0,-0.290254694,0.351345601,1.330224368,0.000000000,0.000000000,0.000000000,1.000000000,1,-0.864520032,-0.385503775,0.820014969,0.000000000,0.000000000,0.002677514,0.999996415,8
1782463482.776747227,24.941444397,7022,vicon_state_data,ball,1,0,-0.292789476,0.352152939,1.331006447,0.000000000,0.000000000,0.000000000,1.000000000,1,-0.864479871,-0.385863241,0.820312758,0.000000000,0.000000000,0.001281442,0.999999179,8
1782463482.780114889,24.944812059,7023,vicon_state_data,ball,1,0,-0.295311055,0.352934931,1.331759133,0.000000000,0.000000000,0.000000000,1.000000000,1,-0.864548714,-0.385626825,0.820043876,0.000000000,0.000000000,0.002653693,0.999996479,8
1782463482.783336878,24.948034048,7024,vicon_state_data,ball,1,0,-0.297827533,0.353650523,1.332424735,0.000000000,0.000000000,0.000000000,1.000000000,1,-0.864516940,-0.385952660,0.820337554,0.000000000,0.000000000,0.001254529,0.999999213,8
1782463482.786823511,24.951520681,7025,vicon_state_data,ball,1,0,-0.300287035,0.354446249,1.333097688,0.000000000,0.000000000,0.000000000,1.000000000,1,-0.864558316,-0.385977209,0.820368629,0.000000000,0.000000000,0.001474019,0.999998914,8
1782463482.790068150,24.954765320,7026,vicon_state_data,ball,1,0,-0.302783453,0.355175934,1.333662798,0.000000000,0.000000000,0.000000000,1.000000000,1,-0.864605846,-0.385744243,0.820057776,0.000000000,0.000000000,0.002811531,0.999996048,8
1782463482.793436766,24.958133936,7027,vicon_state_data,ball,1,0,-0.305267083,0.355952908,1.334205852,0.000000000,0.000000000,0.000000000,1.000000000,1,-0.864615095,-0.385782930,0.820069530,0.000000000,0.000000000,0.002799598,0.999996081,8
1782463482.797004461,24.961701632,7028,vicon_state_data,ball,1,0,-0.307758586,0.356630258,1.334617882,0.000000000,0.000000000,0.000000000,1.000000000,1,-0.864612294,-0.386124636,0.820398643,0.000000000,0.000000000,0.001536435,0.999998820,8
1782463482.800021410,24.964718580,7029,vicon_state_data,ball,1,0,-0.310243877,0.357354814,1.335004015,0.000000000,0.000000000,0.000000000,1.000000000,1,-0.864635752,-0.386106761,0.820383034,0.000000000,0.000000000,0.001805076,0.999998371,8
1782463482.803433895,24.968131065,7030,vicon_state_data,ball,1,0,-0.312717018,0.358077116,1.335364513,0.000000000,0.000000000,0.000000000,1.000000000,1,-0.864647307,-0.386197900,0.820413068,0.000000000,0.000000000,0.001617356,0.999998692,8
1782463482.806721449,24.971418619,7031,vicon_state_data,ball,1,0,-0.315174020,0.358791495,1.335645438,0.000000000,0.000000000,0.000000000,1.000000000,1,-0.864668810,-0.386244412,0.820416394,0.000000000,0.000000000,0.001744089,0.999998479,8
1782463482.809987545,24.974684715,7032,vicon_state_data,ball,1,0,-0.317637496,0.359487611,1.335794397,0.000000000,0.000000000,0.000000000,1.000000000,1,-0.864677689,-0.386280842,0.820412350,0.000000000,0.000000000,0.001725447,0.999998511,8
1782463482.813568830,24.978266001,7033,vicon_state_data,ball,1,0,-0.320094097,0.360159968,1.335875593,0.000000000,0.000000000,0.000000000,1.000000000,1,-0.864823309,-0.385968433,0.820208193,0.000000000,0.000000000,0.003660321,0.999993301,8
1782463482.816833735,24.981530905,7034,vicon_state_data,ball,1,0,-0.322200444,0.360494911,1.335530880,0.000000000,0.000000000,0.000000000,1.000000000,1,-0.864858291,-0.386031473,0.820248626,0.000000000,0.000000000,0.003738582,0.999993011,8
1782463482.820256233,24.984953403,7035,vicon_state_data,ball,1,0,-0.324987212,0.361578144,1.335904032,0.000000000,0.000000000,0.000000000,1.000000000,1,-0.864884290,-0.386072796,0.820242514,0.000000000,0.000000000,0.003856114,0.999992565,8
1782463482.823446989,24.988144159,7036,vicon_state_data,ball,1,0,-0.327438677,0.362220349,1.335774421,0.000000000,0.000000000,0.000000000,1.000000000,1,-0.864914620,-0.386116841,0.820261613,0.000000000,0.000000000,0.003955127,0.999992178,8
1782463482.826717138,24.991414309,7037,vicon_state_data,ball,1,0,-0.329850234,0.362810703,1.335553306,0.000000000,0.000000000,0.000000000,1.000000000,1,-0.864915665,-0.386171314,0.820249347,0.000000000,0.000000000,0.003925611,0.999992295,8
1782463482.829974413,24.994671583,7038,vicon_state_data,ball,1,0,-0.332277418,0.363524447,1.335389305,0.000000000,0.000000000,0.000000000,1.000000000,1,-0.864919201,-0.386207876,0.820244778,0.000000000,0.000000000,0.003994164,0.999992023,8
1782463482.833412170,24.998109341,7039,vicon_state_data,ball,1,0,-0.334705259,0.364164413,1.335127891,0.000000000,0.000000000,0.000000000,1.000000000,1,-0.864943283,-0.386226544,0.820252432,0.000000000,0.000000000,0.004030865,0.999991876,8
1782463482.836647272,25.001344442,7040,vicon_state_data,ball,1,0,-0.337130346,0.364739218,1.334746841,0.000000000,0.000000000,0.000000000,1.000000000,1,-0.864950534,-0.386287920,0.820241159,0.000000000,0.000000000,0.004019947,0.999991920,8
1782463482.840281487,25.004978657,7041,vicon_state_data,ball,1,0,-0.339537972,0.365317841,1.334445623,0.000000000,0.000000000,0.000000000,1.000000000,1,-0.864974199,-0.386323255,0.820251608,0.000000000,0.000000000,0.004055298,0.999991777,8
1782463482.843508005,25.008205175,7042,vicon_state_data,ball,1,0,-0.341983821,0.366008946,1.333972318,0.000000000,0.000000000,0.000000000,1.000000000,1,-0.865010648,-0.386355170,0.820302077,0.000000000,0.000000000,0.004183018,0.999991251,8
1782463482.847000122,25.011697292,7043,vicon_state_data,ball,1,0,-0.344387425,0.366379243,1.333604609,0.000000000,0.000000000,0.000000000,1.000000000,1,-0.864990957,-0.386406412,0.820240022,0.000000000,0.000000000,0.004010861,0.999991956,8
1782463482.850123882,25.014821053,7044,vicon_state_data,ball,1,0,-0.346797342,0.366843831,1.333207615,0.000000000,0.000000000,0.000000000,1.000000000,1,-0.865008555,-0.386403732,0.820214535,0.000000000,0.000000000,0.004163883,0.999991331,8
1782463482.853583097,25.018280268,7045,vicon_state_data,ball,1,0,-0.349291964,0.367572402,1.332677110,0.000000000,0.000000000,0.000000000,1.000000000,1,-0.865032597,-0.386466550,0.820207633,0.000000000,0.000000000,0.004237369,0.999991022,8
1782463482.856686831,25.021384001,7046,vicon_state_data,ball,1,0,-0.351491703,0.367746306,1.332004248,0.000000000,0.000000000,0.000000000,1.000000000,1,-0.865066926,-0.386461879,0.820224205,0.000000000,0.000000000,0.004376912,0.999990421,8
1782463482.859955311,25.024652481,7047,vicon_state_data,ball,1,0,-0.353964100,0.368045494,1.331889821,0.000000000,0.000000000,0.000000000,1.000000000,1,-0.865075385,-0.386499624,0.820184162,0.000000000,0.000000000,0.004403696,0.999990304,8
1782463482.863335609,25.028032780,7048,vicon_state_data,ball,1,0,-0.356352050,0.368296433,1.331421446,0.000000000,0.000000000,0.000000000,1.000000000,1,-0.865068662,-0.386460230,0.820149082,0.000000000,0.000000000,0.004357619,0.999990506,8
1782463482.866776466,25.031473637,7049,vicon_state_data,ball,1,0,-0.358696235,0.368587466,1.330963851,0.000000000,0.000000000,0.000000000,1.000000000,1,-0.865076205,-0.386462897,0.820127058,0.000000000,0.000000000,0.004412699,0.999990264,8
1782463482.870501518,25.035198689,7050,vicon_state_data,ball,1,0,-0.361186868,0.369248479,1.330427248,0.000000000,0.000000000,0.000000000,1.000000000,1,-0.865112989,-0.386566270,0.820183026,0.000000000,0.000000000,0.004579653,0.999989513,8
1782463482.873603582,25.038300753,7051,vicon_state_data,ball,1,0,-0.363265799,0.369068186,1.329712572,0.000000000,0.000000000,0.000000000,1.000000000,1,-0.865144842,-0.386611993,0.820230155,0.000000000,0.000000000,0.004583506,0.999989496,8
1782463482.876721144,25.041418314,7052,vicon_state_data,ball,1,0,-0.365426950,0.368988488,1.329210164,0.000000000,0.000000000,0.000000000,1.000000000,1,-0.865157319,-0.386644543,0.820221370,0.000000000,0.000000000,0.004629546,0.999989284,8
1782463482.880280256,25.044977427,7053,vicon_state_data,ball,1,0,-0.368099099,0.369413495,1.328952399,0.000000000,0.000000000,0.000000000,1.000000000,1,-0.865166021,-0.386617906,0.820196379,0.000000000,0.000000000,0.004534101,0.999989721,8
1782463482.883719683,25.048416853,7054,vicon_state_data,ball,1,0,-0.370460731,0.369608454,1.328323676,0.000000000,0.000000000,0.000000000,1.000000000,1,-0.865194156,-0.386735618,0.820251398,0.000000000,0.000000000,0.004689460,0.999989004,8
1782463482.886924744,25.051621914,7055,vicon_state_data,ball,1,0,-0.372860536,0.369817384,1.327593971,0.000000000,0.000000000,0.000000000,1.000000000,1,-0.865213668,-0.386759551,0.820242022,0.000000000,0.000000000,0.004639518,0.999989237,8
1782463482.890098572,25.054795742,7056,vicon_state_data,ball,1,0,-0.375325958,0.370151122,1.326495480,0.000000000,0.000000000,0.000000000,1.000000000,1,-0.865208546,-0.386708330,0.820216271,0.000000000,0.000000000,0.004622008,0.999989318,8
1782463482.893281221,25.057978392,7057,vicon_state_data,ball,1,0,-0.377723181,0.370183733,1.325775927,0.000000000,0.000000000,0.000000000,1.000000000,1,-0.865231118,-0.386799096,0.820222062,0.000000000,0.000000000,0.004715924,0.999988880,8
1782463482.896707535,25.061404705,7058,vicon_state_data,ball,1,0,-0.380381777,0.370472372,1.324999987,0.000000000,0.000000000,0.000000000,1.000000000,1,-0.865217932,-0.386836146,0.820175353,0.000000000,0.000000000,0.004714362,0.999988887,8
1782463482.900030375,25.064727545,7059,vicon_state_data,ball,1,0,-0.382669981,0.370580996,1.323582351,0.000000000,0.000000000,0.000000000,1.000000000,1,-0.865259102,-0.386873138,0.820214799,0.000000000,0.000000000,0.004771525,0.999988616,8
1782463482.903260469,25.067957640,7060,vicon_state_data,ball,1,0,-0.385197824,0.370815147,1.322343451,0.000000000,0.000000000,0.000000000,1.000000000,1,-0.865234117,-0.386916782,0.820152934,0.000000000,0.000000000,0.004570097,0.999989557,8
1782463482.906584024,25.071281195,7061,vicon_state_data,ball,1,0,-0.387617468,0.370837801,1.320743864,0.000000000,0.000000000,0.000000000,1.000000000,1,-0.865277166,-0.386963898,0.820199422,0.000000000,0.000000000,0.004709460,0.999988910,8
1782463482.910232067,25.074929237,7062,vicon_state_data,ball,1,0,-0.389984577,0.370931659,1.319280172,0.000000000,0.000000000,0.000000000,1.000000000,1,-0.865304341,-0.386947839,0.820211956,0.000000000,0.000000000,0.004853213,0.999988223,8
1782463482.913520098,25.078217268,7063,vicon_state_data,ball,1,0,-0.391904968,0.371027238,1.317574529,0.000000000,0.000000000,0.000000000,1.000000000,1,-0.865305922,-0.386990626,0.820198562,0.000000000,0.000000000,0.004763947,0.999988652,8
1782463482.916698694,25.081395864,7064,vicon_state_data,ball,1,0,-0.394167266,0.371116964,1.315883825,0.000000000,0.000000000,0.000000000,1.000000000,1,-0.865316034,-0.387042009,0.820192654,0.000000000,0.000000000,0.004811298,0.999988426,8
1782463482.919947624,25.084644794,7065,vicon_state_data,ball,1,0,-0.396435995,0.371193059,1.314064209,0.000000000,0.000000000,0.000000000,1.000000000,1,-0.865333197,-0.386989622,0.820141000,0.000000000,0.000000000,0.004940352,0.999987796,8
1782463482.923310995,25.088008165,7066,vicon_state_data,ball,1,0,-0.398750794,0.371375672,1.312124842,0.000000000,0.000000000,0.000000000,1.000000000,1,-0.865286155,-0.386999936,0.820116613,0.000000000,0.000000000,0.004870206,0.999988140,8
1782463482.926667213,25.091364384,7067,vicon_state_data,ball,1,0,-0.401349889,0.371802706,1.309964531,0.000000000,0.000000000,0.000000000,1.000000000,1,-0.865357229,-0.387135799,0.820180392,0.000000000,0.000000000,0.004800139,0.999988479,8
1782463482.930119991,25.094817162,7068,vicon_state_data,ball,1,0,-0.403820763,0.372086391,1.307740927,0.000000000,0.000000000,0.000000000,1.000000000,1,-0.865399382,-0.387221855,0.820264589,0.000000000,0.000000000,0.004903451,0.999987978,8
1782463482.933713913,25.098411083,7069,vicon_state_data,ball,1,0,-0.406140620,0.372263619,1.305478829,0.000000000,0.000000000,0.000000000,1.000000000,1,-0.865422331,-0.387201459,0.820240779,0.000000000,0.000000000,0.004952554,0.999987736,8
1782463482.936826468,25.101523638,7070,vicon_state_data,ball,1,0,-0.408760472,0.373415752,1.303280263,0.000000000,0.000000000,0.000000000,1.000000000,1,-0.865266913,-0.387170875,0.820015805,0.000000000,0.000000000,0.004593446,0.999989450,8
1782463482.940453529,25.105150700,7071,vicon_state_data,ball,1,0,-0.411299220,0.373031108,1.301060530,0.000000000,0.000000000,0.000000000,1.000000000,1,-0.865336518,-0.387196756,0.820114650,0.000000000,0.000000000,0.004960220,0.999987698,8
1782463482.943523407,25.108220577,7072,vicon_state_data,ball,1,0,-0.413593561,0.372884901,1.298518849,0.000000000,0.000000000,0.000000000,1.000000000,1,-0.865310565,-0.387203045,0.820006472,0.000000000,0.000000000,0.004725985,0.999988832,8
1782463482.946880579,25.111577749,7073,vicon_state_data,ball,1,0,-0.415968985,0.372986549,1.295838945,0.000000000,0.000000000,0.000000000,1.000000000,1,-0.865355258,-0.387205120,0.820061208,0.000000000,0.000000000,0.005071677,0.999987139,8
1782463482.949969292,25.114666462,7074,vicon_state_data,ball,1,0,-0.418399564,0.373140986,1.293047108,0.000000000,0.000000000,0.000000000,1.000000000,1,-0.865411541,-0.387342479,0.820122188,0.000000000,0.000000000,0.004865019,0.999988166,8
1782463482.953274727,25.117971897,7075,vicon_state_data,ball,1,0,-0.420803699,0.373342755,1.290234884,0.000000000,0.000000000,0.000000000,1.000000000,1,-0.865348093,-0.387564657,0.820272587,0.000000000,0.000000000,0.004065027,0.999991738,8
1782463482.956638098,25.121335268,7076,vicon_state_data,ball,1,0,-0.423211913,0.373556844,1.287321078,0.000000000,0.000000000,0.000000000,1.000000000,1,-0.865365458,-0.387483800,0.820307752,0.000000000,0.000000000,0.004585996,0.999989484,8
1782463482.960009813,25.124706984,7077,vicon_state_data,ball,1,0,-0.425652526,0.373679247,1.284226168,0.000000000,0.000000000,0.000000000,1.000000000,1,-0.865357155,-0.387441673,0.820218115,0.000000000,0.000000000,0.004686870,0.999989017,8
1782463482.963845730,25.128542900,7078,vicon_state_data,ball,1,0,-0.428107759,0.373807423,1.281139979,0.000000000,0.000000000,0.000000000,1.000000000,1,-0.865455679,-0.387465250,0.820080433,0.000000000,0.000000000,0.004904192,0.999987974,8
1782463482.967022181,25.131719351,7079,vicon_state_data,ball,1,0,-0.430288998,0.373887995,1.277408393,0.000000000,0.000000000,0.000000000,1.000000000,1,-0.865413365,-0.387657376,0.820264226,0.000000000,0.000000000,0.004335001,0.999990604,8
1782463482.970197678,25.134894848,7080,vicon_state_data,ball,1,0,-0.432850342,0.374044072,1.274221036,0.000000000,0.000000000,0.000000000,1.000000000,1,-0.865444442,-0.387670377,0.820263407,0.000000000,0.000000000,0.004449939,0.999990099,8
1782463482.973462343,25.138159513,7081,vicon_state_data,ball,1,0,-0.435291640,0.374222677,1.270847109,0.000000000,0.000000000,0.000000000,1.000000000,1,-0.865557623,-0.387566157,0.820170492,0.000000000,0.000000000,0.005341986,0.999985731,8
1782463482.976702452,25.141399622,7082,vicon_state_data,ball,1,0,-0.437484705,0.374625403,1.267644964,0.000000000,0.000000000,0.000000000,1.000000000,1,-0.865470424,-0.387668943,0.820241002,0.000000000,0.000000000,0.004679584,0.999989051,8
1782463482.980116129,25.144813299,7083,vicon_state_data,ball,1,0,-0.439477020,0.375197454,1.264540703,0.000000000,0.000000000,0.000000000,1.000000000,1,-0.865558396,-0.387530240,0.820126945,0.000000000,0.000000000,0.005555145,0.999984570,8
1782463482.983280420,25.147977591,7084,vicon_state_data,ball,1,0,-0.442577198,0.374581613,1.259488858,0.000000000,0.000000000,0.000000000,1.000000000,1,-0.865510186,-0.387698124,0.820218688,0.000000000,0.000000000,0.004772495,0.999988612,8
1782463482.986873150,25.151570320,7085,vicon_state_data,ball,1,0,-0.444991265,0.374687904,1.255609881,0.000000000,0.000000000,0.000000000,1.000000000,1,-0.865510201,-0.387591956,0.820037124,0.000000000,0.000000000,0.005318325,0.999985858,8
1782463482.990195990,25.154893160,7086,vicon_state_data,ball,1,0,-0.447261992,0.374894911,1.251607721,0.000000000,0.000000000,0.000000000,1.000000000,1,-0.865534457,-0.387588834,0.820064382,0.000000000,0.000000000,0.005512859,0.999984804,8
1782463482.993414402,25.158111572,7087,vicon_state_data,ball,1,0,-0.448811112,0.375377952,1.248405450,0.000000000,0.000000000,0.000000000,1.000000000,1,-0.865543478,-0.387868413,0.820278969,0.000000000,0.000000000,0.004856454,0.999988207,8
1782463482.997015953,25.161713123,7088,vicon_state_data,ball,1,0,-0.452040549,0.374878860,1.243885481,0.000000000,0.000000000,0.000000000,1.000000000,1,-0.865669443,-0.387653684,0.820192600,0.000000000,0.000000000,0.005964710,0.999982211,8
1782463483.000087500,25.164784670,7089,vicon_state_data,ball,1,0,-0.453057819,0.374733426,1.239830049,0.000000000,0.000000000,0.000000000,1.000000000,1,-0.865524098,-0.387840370,0.820260533,0.000000000,0.000000000,0.005112424,0.999986931,8
1782463483.003479481,25.168176651,7090,vicon_state_data,ball,1,0,-0.440260195,0.371729638,1.236864579,0.000000000,0.000000000,0.000000000,1.000000000,1,-0.865619048,-0.387754406,0.820138963,0.000000000,0.000000000,0.005761429,0.999983403,8
1782463483.006657362,25.171354532,7091,vicon_state_data,ball,1,0,-0.426959946,0.368982988,1.234452341,0.000000000,0.000000000,0.000000000,1.000000000,1,-0.865575945,-0.388055395,0.820337966,0.000000000,0.000000000,0.004836154,0.999988306,8
1782463483.010050058,25.174747229,7092,vicon_state_data,ball,1,0,-0.414047844,0.365767832,1.231927007,0.000000000,0.000000000,0.000000000,1.000000000,1,-0.865572855,-0.387974546,0.820286308,0.000000000,0.000000000,0.005254372,0.999986196,8
1782463483.013331175,25.178028345,7093,vicon_state_data,ball,1,0,-0.401427653,0.362687166,1.229164316,0.000000000,0.000000000,0.000000000,1.000000000,1,-0.865588036,-0.388078007,0.820302802,0.000000000,0.000000000,0.005043702,0.999987280,8
1782463483.016709566,25.181406736,7094,vicon_state_data,ball,1,0,-0.388898044,0.359684037,1.226394940,0.000000000,0.000000000,0.000000000,1.000000000,1,-0.865687175,-0.387897188,0.820115624,0.000000000,0.000000000,0.005882719,0.999982697,8
1782463483.019974709,25.184671879,7095,vicon_state_data,ball,1,0,-0.376047386,0.356792762,1.223731353,0.000000000,0.000000000,0.000000000,1.000000000,1,-0.865702391,-0.387861223,0.820074986,0.000000000,0.000000000,0.006102339,0.999981381,8
1782463483.023585320,25.188282490,7096,vicon_state_data,ball,1,0,-0.363170129,0.353910154,1.221012095,0.000000000,0.000000000,0.000000000,1.000000000,1,-0.865689214,-0.388022523,0.820154454,0.000000000,0.000000000,0.005717104,0.999983657,8
1782463483.026867151,25.191564322,7097,vicon_state_data,ball,1,0,-0.350255291,0.351022303,1.218252576,0.000000000,0.000000000,0.000000000,1.000000000,1,-0.865799935,-0.387895837,0.820410146,0.000000000,0.000000000,0.006971536,0.999975699,8
1782463483.030112028,25.194809198,7098,vicon_state_data,ball,1,0,-0.337316655,0.348175592,1.215334504,0.000000000,0.000000000,0.000000000,1.000000000,1,-0.865727785,-0.388051700,0.820319424,0.000000000,0.000000000,0.006246844,0.999980488,8
1782463483.033528328,25.198225498,7099,vicon_state_data,ball,1,0,-0.324374932,0.345316274,1.212294804,0.000000000,0.000000000,0.000000000,1.000000000,1,-0.865753932,-0.388058632,0.820327357,0.000000000,0.000000000,0.006313771,0.999980068,8
1782463483.036690474,25.201387644,7100,vicon_state_data,ball,1,0,-0.311437861,0.342404096,1.209085930,0.000000000,0.000000000,0.000000000,1.000000000,1,-0.865735829,-0.388017579,0.820023704,0.000000000,0.000000000,0.006085543,0.999981483,8
1782463483.039909601,25.204606771,7101,vicon_state_data,ball,1,0,-0.298288011,0.339746018,1.205935905,0.000000000,0.000000000,0.000000000,1.000000000,1,-0.865754446,-0.388092613,0.819995018,0.000000000,0.000000000,0.006267377,0.999980360,8
1782463483.043433428,25.208130598,7102,vicon_state_data,ball,1,0,-0.285551756,0.336673599,1.202256609,0.000000000,0.000000000,0.000000000,1.000000000,1,-0.865723734,-0.388102756,0.819973756,0.000000000,0.000000000,0.005892963,0.999982636,8
1782463483.046756983,25.211454153,7103,vicon_state_data,ball,1,0,-0.272913859,0.333484316,1.198352439,0.000000000,0.000000000,0.000000000,1.000000000,1,-0.865831055,-0.388058184,0.820310468,0.000000000,0.000000000,0.006905684,0.999976155,8
1782463483.050236464,25.214933634,7104,vicon_state_data,ball,1,0,-0.260184697,0.330379391,1.194435991,0.000000000,0.000000000,0.000000000,1.000000000,1,-0.865762804,-0.388262856,0.820273807,0.000000000,0.000000000,0.006057301,0.999981654,8
1782463483.053467989,25.218165159,7105,vicon_state_data,ball,1,0,-0.247431454,0.327335932,1.190501433,0.000000000,0.000000000,0.000000000,1.000000000,1,-0.865749111,-0.388285655,0.819973445,0.000000000,0.000000000,0.005890691,0.999982650,8
1782463483.056575060,25.221272230,7106,vicon_state_data,ball,1,0,-0.234685147,0.324247898,1.186416806,0.000000000,0.000000000,0.000000000,1.000000000,1,-0.865856762,-0.388168365,0.820318334,0.000000000,0.000000000,0.006858439,0.999976481,8
1782463483.059973717,25.224670887,7107,vicon_state_data,ball,1,0,-0.222035769,0.321168248,1.182236323,0.000000000,0.000000000,0.000000000,1.000000000,1,-0.865903341,-0.388249845,0.820347509,0.000000000,0.000000000,0.007131093,0.999974573,8
1782463483.063376427,25.228073597,7108,vicon_state_data,ball,1,0,-0.209294683,0.318043224,1.177795454,0.000000000,0.000000000,0.000000000,1.000000000,1,-0.865772945,-0.388307244,0.819969850,0.000000000,0.000000000,0.006112631,0.999981318,8
1782463483.066637754,25.231334925,7109,vicon_state_data,ball,1,0,-0.196679024,0.315035115,1.173344027,0.000000000,0.000000000,0.000000000,1.000000000,1,-0.865786181,-0.388248145,0.819944738,0.000000000,0.000000000,0.006001196,0.999981993,8
1782463483.069984198,25.234681368,7110,vicon_state_data,ball,1,0,-0.184051022,0.312064024,1.168787377,0.000000000,0.000000000,0.000000000,1.000000000,1,-0.865779965,-0.388388851,0.819945692,0.000000000,0.000000000,0.006095273,0.999981424,8
1782463483.073219299,25.237916470,7111,vicon_state_data,ball,1,0,-0.171503108,0.309121295,1.164111994,0.000000000,0.000000000,0.000000000,1.000000000,1,-0.865818295,-0.388472507,0.820315930,0.000000000,0.000000000,0.006157143,0.999981045,8
1782463483.077068090,25.241765261,7112,vicon_state_data,ball,1,0,-0.159034154,0.306234934,1.159353583,0.000000000,0.000000000,0.000000000,1.000000000,1,-0.865771272,-0.388405464,0.819931111,0.000000000,0.000000000,0.005817585,0.999983078,8
1782463483.080072880,25.244770050,7113,vicon_state_data,ball,1,0,-0.146587225,0.303325346,1.154511034,0.000000000,0.000000000,0.000000000,1.000000000,1,-0.865829692,-0.388348987,0.819966945,0.000000000,0.000000000,0.006149318,0.999981093,8
1782463483.083491564,25.248188734,7114,vicon_state_data,ball,1,0,-0.134174292,0.300480725,1.149603662,0.000000000,0.000000000,0.000000000,1.000000000,1,-0.865785263,-0.388491830,0.819955345,0.000000000,0.000000000,0.005926339,0.999982439,8
1782463483.086632490,25.251329660,7115,vicon_state_data,ball,1,0,-0.121776790,0.297549087,1.144695908,0.000000000,0.000000000,0.000000000,1.000000000,1,-0.865774166,-0.388540185,0.819939318,0.000000000,0.000000000,0.005803073,0.999983162,8
1782463483.089956284,25.254653454,7116,vicon_state_data,ball,1,0,-0.109408440,0.294608528,1.139798995,0.000000000,0.000000000,0.000000000,1.000000000,1,-0.865921424,-0.388472254,0.820330007,0.000000000,0.000000000,0.007030772,0.999975284,8
1782463483.093331099,25.258028269,7117,vicon_state_data,ball,1,0,-0.096997861,0.291716401,1.134812404,0.000000000,0.000000000,0.000000000,1.000000000,1,-0.865932117,-0.388571343,0.820296463,0.000000000,0.000000000,0.006942966,0.999975897,8
1782463483.097200632,25.261897802,7118,vicon_state_data,ball,1,0,-0.084561752,0.288887564,1.129634326,0.000000000,0.000000000,0.000000000,1.000000000,1,-0.865899698,-0.388571886,0.820275315,0.000000000,0.000000000,0.006505427,0.999978839,8
1782463483.099963188,25.264660358,7119,vicon_state_data,ball,1,0,-0.072167502,0.286104715,1.124370296,0.000000000,0.000000000,0.000000000,1.000000000,1,-0.865896057,-0.388584674,0.820289576,0.000000000,0.000000000,0.006585782,0.999978314,8
1782463483.103456497,25.268153667,7120,vicon_state_data,ball,1,0,-0.059798628,0.283371257,1.118963695,0.000000000,0.000000000,0.000000000,1.000000000,1,-0.865987034,-0.388461444,0.820318272,0.000000000,0.000000000,0.007328113,0.999973149,8
1782463483.107053041,25.271750212,7121,vicon_state_data,ball,1,0,-0.047394881,0.280615737,1.113413991,0.000000000,0.000000000,0.000000000,1.000000000,1,-0.865878261,-0.388513770,0.819930062,0.000000000,0.000000000,0.006437951,0.999979276,8
1782463483.110000134,25.274697304,7122,vicon_state_data,ball,1,0,-0.034628390,0.277568882,1.107794237,0.000000000,0.000000000,0.000000000,1.000000000,1,-0.865841904,-0.388634960,0.819948772,0.000000000,0.000000000,0.006115460,0.999981300,8
1782463483.113489389,25.278186560,7123,vicon_state_data,ball,1,0,-0.022209114,0.274818120,1.102025455,0.000000000,0.000000000,0.000000000,1.000000000,1,-0.866908878,-0.387664835,0.821230685,0.000000000,0.000000000,0.014647074,0.999892726,8
1782463483.116652966,25.281350136,7124,vicon_state_data,ball,1,0,-0.009789083,0.272106540,1.096099709,0.000000000,0.000000000,0.000000000,1.000000000,1,-0.865877371,-0.388824075,0.820287292,0.000000000,0.000000000,0.006116151,0.999981296,8
1782463483.120090961,25.284788132,7125,vicon_state_data,ball,1,0,0.002573560,0.269282705,1.090012752,0.000000000,0.000000000,0.000000000,1.000000000,1,-0.866004001,-0.388626494,0.820326881,0.000000000,0.000000000,0.007347569,0.999973006,8
1782463483.123464823,25.288161993,7126,vicon_state_data,ball,1,0,0.014945932,0.266535713,1.083831708,0.000000000,0.000000000,0.000000000,1.000000000,1,-0.866027894,-0.388621474,0.820330593,0.000000000,0.000000000,0.007413083,0.999972523,8
1782463483.126701117,25.291398287,7127,vicon_state_data,ball,1,0,0.027110516,0.263694436,1.077752314,0.000000000,0.000000000,0.000000000,1.000000000,1,-0.865935061,-0.388871751,0.820269770,0.000000000,0.000000000,0.006596274,0.999978244,8
1782463483.130151272,25.294848442,7128,vicon_state_data,ball,1,0,0.039246565,0.260853246,1.071638966,0.000000000,0.000000000,0.000000000,1.000000000,1,-0.866046321,-0.388761455,0.820328867,0.000000000,0.000000000,0.007562655,0.999971403,8
1782463483.133378506,25.298075676,7129,vicon_state_data,ball,1,0,0.051307657,0.258097469,1.065392239,0.000000000,0.000000000,0.000000000,1.000000000,1,-0.865862203,-0.388852212,0.819916210,0.000000000,0.000000000,0.005933361,0.999982397,8
1782463483.136940241,25.301637411,7130,vicon_state_data,ball,1,0,0.063287433,0.255377795,1.058874991,0.000000000,0.000000000,0.000000000,1.000000000,1,-0.865938151,-0.388946773,0.820306313,0.000000000,0.000000000,0.006334838,0.999979935,8
1782463483.140136480,25.304833651,7131,vicon_state_data,ball,1,0,0.075336397,0.252739912,1.051868338,0.000000000,0.000000000,0.000000000,1.000000000,1,-0.865677902,-0.389163868,0.819756363,0.000000000,0.000000000,0.004512633,0.999989818,8
1782463483.143918991,25.308616161,7132,vicon_state_data,ball,1,0,0.087449920,0.249918404,1.045234184,0.000000000,0.000000000,0.000000000,1.000000000,1,-0.865544078,-0.389480171,0.819905150,0.000000000,0.000000000,0.002885491,0.999995837,8
1782463483.146939039,25.311636209,7133,vicon_state_data,ball,1,0,0.099547201,0.247063681,1.038509618,0.000000000,0.000000000,0.000000000,1.000000000,1,-0.866100267,-0.388849325,0.820373662,0.000000000,0.000000000,0.007901076,0.999968786,8
1782463483.150075436,25.314772606,7134,vicon_state_data,ball,1,0,0.111608484,0.244283386,1.031756996,0.000000000,0.000000000,0.000000000,1.000000000,1,-0.866098239,-0.388838044,0.820383291,0.000000000,0.000000000,0.007690903,0.999970425,8
1782463483.153369904,25.318067074,7135,vicon_state_data,ball,1,0,0.123734995,0.241427500,1.024929451,0.000000000,0.000000000,0.000000000,1.000000000,1,-0.865621201,-0.389580223,0.819961506,0.000000000,0.000000000,0.003402726,0.999994211,8
1782463483.156736612,25.321433783,7136,vicon_state_data,ball,1,0,0.135869366,0.238610216,1.017928386,0.000000000,0.000000000,0.000000000,1.000000000,1,-0.866470776,-0.388349395,0.820357511,0.000000000,0.000000000,0.010339333,0.999946548,8
1782463483.160043240,25.324740410,7137,vicon_state_data,ball,1,0,0.147815716,0.235927777,1.010682973,0.000000000,0.000000000,0.000000000,1.000000000,1,-0.865939630,-0.389043382,0.819962484,0.000000000,0.000000000,0.006361418,0.999979766,8
1782463483.163751841,25.328449011,7138,vicon_state_data,ball,1,0,0.159656187,0.233234413,1.003224946,0.000000000,0.000000000,0.000000000,1.000000000,1,-0.866022981,-0.388921419,0.819957254,0.000000000,0.000000000,0.007142128,0.999974495,8
1782463483.166836739,25.331533909,7139,vicon_state_data,ball,1,0,0.171569643,0.230645698,0.995944278,0.000000000,0.000000000,0.000000000,1.000000000,1,-0.866013089,-0.389190198,0.820324564,0.000000000,0.000000000,0.006796878,0.999976901,8
1782463483.170362473,25.335059643,7140,vicon_state_data,ball,1,0,0.183604218,0.228042522,0.988637399,0.000000000,0.000000000,0.000000000,1.000000000,1,-0.865991978,-0.389181334,0.820298596,0.000000000,0.000000000,0.006537683,0.999978629,8
1782463483.173395872,25.338093042,7141,vicon_state_data,ball,1,0,0.195494977,0.225643150,0.981317327,0.000000000,0.000000000,0.000000000,1.000000000,1,-0.866008560,-0.389233744,0.820313886,0.000000000,0.000000000,0.006713179,0.999977466,8
1782463483.176658154,25.341355324,7142,vicon_state_data,ball,1,0,0.207575376,0.222712600,0.973465897,0.000000000,0.000000000,0.000000000,1.000000000,1,-0.865990282,-0.389226157,0.820294474,0.000000000,0.000000000,0.006489317,0.999978944,8
1782463483.180027485,25.344724655,7143,vicon_state_data,ball,1,0,0.219407999,0.220227523,0.965759069,0.000000000,0.000000000,0.000000000,1.000000000,1,-0.866022856,-0.389244353,0.820280422,0.000000000,0.000000000,0.006916811,0.999976079,8
1782463483.183345556,25.348042727,7144,vicon_state_data,ball,1,0,0.231192339,0.217736890,0.957953604,0.000000000,0.000000000,0.000000000,1.000000000,1,-0.865988258,-0.389100040,0.819939547,0.000000000,0.000000000,0.006685604,0.999977651,8
1782463483.186769485,25.351466656,7145,vicon_state_data,ball,1,0,0.243035917,0.215338763,0.950276525,0.000000000,0.000000000,0.000000000,1.000000000,1,-0.865982791,-0.389172889,0.819906125,0.000000000,0.000000000,0.006783154,0.999976994,8
1782463483.190029144,25.354726315,7146,vicon_state_data,ball,1,0,0.255192806,0.212336868,0.941764846,0.000000000,0.000000000,0.000000000,1.000000000,1,-0.866042692,-0.389316248,0.820304208,0.000000000,0.000000000,0.006925695,0.999976017,8
1782463483.193283796,25.357980967,7147,vicon_state_data,ball,1,0,0.267204790,0.209538195,0.933302233,0.000000000,0.000000000,0.000000000,1.000000000,1,-0.866069117,-0.389292684,0.820314173,0.000000000,0.000000000,0.007250275,0.999973716,8
1782463483.196788788,25.361485958,7148,vicon_state_data,ball,1,0,0.278871826,0.206972880,0.924954293,0.000000000,0.000000000,0.000000000,1.000000000,1,-0.866165697,-0.389081901,0.820417742,0.000000000,0.000000000,0.008157869,0.999966724,8
1782463483.200141907,25.364839077,7149,vicon_state_data,ball,1,0,0.291034345,0.204321222,0.916958493,0.000000000,0.000000000,0.000000000,1.000000000,1,-0.866018712,-0.389219229,0.819928636,0.000000000,0.000000000,0.006927868,0.999976002,8
1782463483.203375340,25.368072510,7150,vicon_state_data,ball,1,0,0.302692279,0.201490557,0.908054913,0.000000000,0.000000000,0.000000000,1.000000000,1,-0.866183453,-0.389104251,0.820404313,0.000000000,0.000000000,0.008202930,0.999966355,8
1782463483.206762075,25.371459246,7151,vicon_state_data,ball,1,0,0.314564694,0.198703825,0.899383988,0.000000000,0.000000000,0.000000000,1.000000000,1,-0.866011472,-0.389211269,0.819939014,0.000000000,0.000000000,0.006717387,0.999977438,8
1782463483.209981918,25.374679089,7152,vicon_state_data,ball,1,0,0.326363151,0.196125631,0.890360738,0.000000000,0.000000000,0.000000000,1.000000000,1,-0.866059923,-0.389343438,0.820334473,0.000000000,0.000000000,0.006906887,0.999976147,8
1782463483.213391066,25.378088236,7153,vicon_state_data,ball,1,0,0.338277928,0.193588540,0.881842535,0.000000000,0.000000000,0.000000000,1.000000000,1,-0.866024248,-0.389214454,0.819956426,0.000000000,0.000000000,0.006849470,0.999976542,8
1782463483.216690063,25.381387234,7154,vicon_state_data,ball,1,0,0.349970088,0.191068898,0.872811007,0.000000000,0.000000000,0.000000000,1.000000000,1,-0.866115119,-0.389301180,0.820379881,0.000000000,0.000000000,0.007368241,0.999972854,8
1782463483.220489025,25.385186195,7155,vicon_state_data,ball,1,0,0.361556518,0.188605977,0.863723111,0.000000000,0.000000000,0.000000000,1.000000000,1,-0.866096457,-0.389354051,0.820362681,0.000000000,0.000000000,0.007203780,0.999974052,8
1782463483.223630905,25.388328075,7156,vicon_state_data,ball,1,0,0.373127674,0.186162339,0.854442297,0.000000000,0.000000000,0.000000000,1.000000000,1,-0.866018057,-0.389325244,0.819969662,0.000000000,0.000000000,0.006763620,0.999977126,8
1782463483.226734638,25.391431808,7157,vicon_state_data,ball,1,0,0.384603155,0.183560490,0.845278571,0.000000000,0.000000000,0.000000000,1.000000000,1,-0.866095523,-0.389205870,0.819965813,0.000000000,0.000000000,0.007510738,0.999971794,8
1782463483.230044365,25.394741535,7158,vicon_state_data,ball,1,0,0.396123209,0.180880405,0.836050075,0.000000000,0.000000000,0.000000000,1.000000000,1,-0.866106480,-0.389394972,0.820379983,0.000000000,0.000000000,0.007198662,0.999974089,8
1782463483.233347416,25.398044586,7159,vicon_state_data,ball,1,0,0.407629500,0.178245891,0.826795980,0.000000000,0.000000000,0.000000000,1.000000000,1,-0.866034048,-0.389310765,0.819955271,0.000000000,0.000000000,0.006812780,0.999976793,8
1782463483.236693621,25.401390791,7160,vicon_state_data,ball,1,0,0.419158732,0.175715293,0.817355638,0.000000000,0.000000000,0.000000000,1.000000000,1,-0.866107218,-0.389401507,0.820361419,0.000000000,0.000000000,0.007203168,0.999974057,8
1782463483.240082979,25.404780149,7161,vicon_state_data,ball,1,0,0.430697308,0.173154251,0.807805427,0.000000000,0.000000000,0.000000000,1.000000000,1,-0.866136967,-0.389394890,0.820396852,0.000000000,0.000000000,0.007344355,0.999973030,8
1782463483.243336201,25.408033371,7162,vicon_state_data,ball,1,0,0.442190647,0.170611059,0.798105664,0.000000000,0.000000000,0.000000000,1.000000000,1,-0.866105812,-0.389448311,0.820354045,0.000000000,0.000000000,0.007100504,0.999974791,8
1782463483.246676207,25.411373377,7163,vicon_state_data,ball,1,0,0.453712100,0.168045936,0.788214847,0.000000000,0.000000000,0.000000000,1.000000000,1,-0.866130111,-0.389424337,0.820353077,0.000000000,0.000000000,0.007327035,0.999973157,8
1782463483.250147104,25.414844275,7164,vicon_state_data,ball,1,0,0.465199937,0.165515768,0.778243774,0.000000000,0.000000000,0.000000000,1.000000000,1,-0.866037582,-0.389392643,0.819947496,0.000000000,0.000000000,0.006877647,0.999976349,8
1782463483.253468513,25.418165684,7165,vicon_state_data,ball,1,0,0.476705704,0.163028973,0.768167947,0.000000000,0.000000000,0.000000000,1.000000000,1,-0.866056340,-0.389421413,0.819986041,0.000000000,0.000000000,0.006968325,0.999975721,8
1782463483.256667376,25.421364546,7166,vicon_state_data,ball,1,0,0.487038950,0.160981475,0.771868500,0.000000000,0.000000000,0.000000000,1.000000000,1,-0.866096718,-0.389584031,0.820359051,0.000000000,0.000000000,0.007101512,0.999974784,8
1782463483.260159731,25.424856901,7167,vicon_state_data,ball,1,0,0.496722480,0.159015888,0.780576947,0.000000000,0.000000000,0.000000000,1.000000000,1,-0.866076303,-0.389395032,0.820004464,0.000000000,0.000000000,0.007016412,0.999975385,8
1782463483.263450384,25.428147554,7168,vicon_state_data,ball,1,0,0.506083271,0.157113061,0.789182985,0.000000000,0.000000000,0.000000000,1.000000000,1,-0.866076262,-0.389388850,0.819962831,0.000000000,0.000000000,0.007022384,0.999975343,8
1782463483.267241240,25.431938410,7169,vicon_state_data,ball,1,0,0.515654651,0.155089120,0.797896335,0.000000000,0.000000000,0.000000000,1.000000000,1,-0.866056848,-0.389460216,0.819948051,0.000000000,0.000000000,0.006829309,0.999976680,8
1782463483.270395279,25.435092449,7170,vicon_state_data,ball,1,0,0.525135645,0.153118335,0.806562599,0.000000000,0.000000000,0.000000000,1.000000000,1,-0.866059198,-0.389600160,0.820302143,0.000000000,0.000000000,0.006557039,0.999978502,8
1782463483.273494720,25.438191891,7171,vicon_state_data,ball,1,0,0.534201542,0.151276400,0.815535509,0.000000000,0.000000000,0.000000000,1.000000000,1,-0.866033571,-0.389468921,0.819956472,0.000000000,0.000000000,0.006635367,0.999977986,8
1782463483.276597500,25.441294670,7172,vicon_state_data,ball,1,0,0.543349197,0.149095835,0.823821846,0.000000000,0.000000000,0.000000000,1.000000000,1,-0.866015858,-0.389531378,0.819954288,0.000000000,0.000000000,0.006548331,0.999978559,8
1782463483.280007601,25.444704771,7173,vicon_state_data,ball,1,0,0.552693949,0.147149946,0.832081918,0.000000000,0.000000000,0.000000000,1.000000000,1,-0.866056355,-0.389686885,0.820380160,0.000000000,0.000000000,0.006443308,0.999979242,8
1782463483.283340454,25.448037624,7174,vicon_state_data,ball,1,0,0.562173453,0.145302125,0.840353341,0.000000000,0.000000000,0.000000000,1.000000000,1,-0.866068681,-0.389705784,0.820383450,0.000000000,0.000000000,0.006514703,0.999978779,8
1782463483.286988258,25.451685429,7175,vicon_state_data,ball,1,0,0.571840086,0.143569785,0.848275376,0.000000000,0.000000000,0.000000000,1.000000000,1,-0.866046749,-0.389739320,0.820360252,0.000000000,0.000000000,0.006301131,0.999980148,8
1782463483.290071964,25.454769135,7176,vicon_state_data,ball,1,0,0.581292541,0.141869476,0.856624648,0.000000000,0.000000000,0.000000000,1.000000000,1,-0.866052062,-0.389571798,0.819983844,0.000000000,0.000000000,0.006691179,0.999977614,8
1782463483.293392420,25.458089590,7177,vicon_state_data,ball,1,0,0.591068736,0.139845172,0.864345441,0.000000000,0.000000000,0.000000000,1.000000000,1,-0.866072225,-0.389541177,0.819982870,0.000000000,0.000000000,0.006984647,0.999975607,8
1782463483.296880722,25.461577892,7178,vicon_state_data,ball,1,0,0.601114978,0.137648735,0.871504347,0.000000000,0.000000000,0.000000000,1.000000000,1,-0.866064149,-0.389530267,0.820020027,0.000000000,0.000000000,0.006910433,0.999976123,8
1782463483.300077915,25.464775085,7179,vicon_state_data,ball,1,0,0.610731385,0.135513249,0.878946702,0.000000000,0.000000000,0.000000000,1.000000000,1,-0.866062093,-0.389774675,0.820387041,0.000000000,0.000000000,0.006345712,0.999979866,8
1782463483.303341150,25.468038321,7180,vicon_state_data,ball,1,0,0.620119512,0.133397842,0.886258350,0.000000000,0.000000000,0.000000000,1.000000000,1,-0.866094434,-0.389560197,0.820044544,0.000000000,0.000000000,0.006954503,0.999975817,8
1782463483.306608915,25.471306086,7181,vicon_state_data,ball,1,0,0.629595797,0.131487173,0.893196892,0.000000000,0.000000000,0.000000000,1.000000000,1,-0.866072999,-0.389811833,0.820429692,0.000000000,0.000000000,0.006385587,0.999979612,8
1782463483.309982061,25.474679232,7182,vicon_state_data,ball,1,0,0.638908564,0.129876148,0.899890545,0.000000000,0.000000000,0.000000000,1.000000000,1,-0.866083940,-0.389602828,0.820056257,0.000000000,0.000000000,0.006929702,0.999975989,8
1782463483.313496828,25.478193998,7183,vicon_state_data,ball,1,0,0.648003434,0.128225917,0.906817186,0.000000000,0.000000000,0.000000000,1.000000000,1,-0.866122649,-0.389748632,0.820453933,0.000000000,0.000000000,0.006746393,0.999977243,8
1782463483.317096233,25.481793404,7184,vicon_state_data,ball,1,0,0.657116481,0.126353953,0.914034793,0.000000000,0.000000000,0.000000000,1.000000000,1,-0.866123679,-0.389700218,0.820403180,0.000000000,0.000000000,0.006943537,0.999975893,8
1782463483.320202589,25.484899759,7185,vicon_state_data,ball,1,0,0.666341934,0.124282659,0.921482315,0.000000000,0.000000000,0.000000000,1.000000000,1,-0.866623495,-0.389889816,0.820992478,0.000000000,0.000000000,0.009380548,0.999956002,8
1782463483.323526621,25.488223791,7186,vicon_state_data,ball,1,0,0.675869587,0.122345554,0.928269774,0.000000000,0.000000000,0.000000000,1.000000000,1,-0.866111027,-0.389831260,0.820445118,0.000000000,0.000000000,0.006536910,0.999978634,8
1782463483.326878071,25.491575241,7187,vicon_state_data,ball,1,0,0.685380555,0.120554666,0.934825683,0.000000000,0.000000000,0.000000000,1.000000000,1,-0.866147131,-0.389793870,0.820460594,0.000000000,0.000000000,0.007084148,0.999974907,8
1782463483.330236912,25.494934082,7188,vicon_state_data,ball,1,0,0.694919564,0.118969696,0.940915039,0.000000000,0.000000000,0.000000000,1.000000000,1,-0.866110495,-0.389783621,0.820409546,0.000000000,0.000000000,0.006686580,0.999977645,8
1782463483.333334923,25.498032093,7189,vicon_state_data,ball,1,0,0.704463948,0.117216241,0.946830806,0.000000000,0.000000000,0.000000000,1.000000000,1,-0.866119168,-0.389765639,0.820413721,0.000000000,0.000000000,0.006764488,0.999977121,8
1782463483.336690664,25.501387835,7190,vicon_state_data,ball,1,0,0.713749183,0.115344111,0.952801660,0.000000000,0.000000000,0.000000000,1.000000000,1,-0.866140865,-0.389582311,0.820105245,0.000000000,0.000000000,0.007279696,0.999973503,8
1782463483.339946508,25.504643679,7191,vicon_state_data,ball,1,0,0.722941803,0.113399098,0.958668842,0.000000000,0.000000000,0.000000000,1.000000000,1,-0.866136595,-0.389564447,0.820072694,0.000000000,0.000000000,0.007606777,0.999971068,8
1782463483.343255281,25.507952452,7192,vicon_state_data,ball,1,0,0.732175295,0.111558171,0.964275730,0.000000000,0.000000000,0.000000000,1.000000000,1,-0.866148415,-0.389518231,0.820093707,0.000000000,0.000000000,0.007538706,0.999971584,8
1782463483.347328186,25.512025356,7193,vicon_state_data,ball,1,0,0.741241897,0.109831329,0.970224394,0.000000000,0.000000000,0.000000000,1.000000000,1,-0.866137230,-0.389460728,0.820032769,0.000000000,0.000000000,0.007521327,0.999971714,8
1782463483.350024462,25.514721632,7194,vicon_state_data,ball,1,0,0.750131264,0.107800397,0.976089288,0.000000000,0.000000000,0.000000000,1.000000000,1,-0.866101641,-0.389680796,0.820375380,0.000000000,0.000000000,0.006971543,0.999975698,8
1782463483.353550673,25.518247843,7195,vicon_state_data,ball,1,0,0.759000512,0.105805767,0.981601921,0.000000000,0.000000000,0.000000000,1.000000000,1,-0.866120021,-0.389513593,0.820028659,0.000000000,0.000000000,0.007364706,0.999972880,8
1782463483.356640100,25.521337271,7196,vicon_state_data,ball,1,0,0.768286570,0.104049910,0.986835406,0.000000000,0.000000000,0.000000000,1.000000000,1,-0.866123021,-0.389680928,0.820331023,0.000000000,0.000000000,0.007211933,0.999973994,8
1782463483.359998703,25.524695873,7197,vicon_state_data,ball,1,0,0.777380582,0.102374010,0.992324710,0.000000000,0.000000000,0.000000000,1.000000000,1,-0.866112279,-0.389615663,0.820317569,0.000000000,0.000000000,0.007152401,0.999974421,8
1782463483.364034891,25.528732061,7198,vicon_state_data,ball,1,0,0.786813641,0.100754107,0.997640152,0.000000000,0.000000000,0.000000000,1.000000000,1,-0.866133609,-0.389396274,0.819994636,0.000000000,0.000000000,0.007622897,0.999970945,8
1782463483.366998672,25.531695843,7199,vicon_state_data,ball,1,0,0.796118131,0.098945198,1.002960249,0.000000000,0.000000000,0.000000000,1.000000000,1,-0.866107412,-0.389614062,0.820280958,0.000000000,0.000000000,0.007347702,0.999973005,8
1782463483.370510340,25.535207510,7200,vicon_state_data,ball,1,0,0.805710109,0.096893027,1.007758032,0.000000000,0.000000000,0.000000000,1.000000000,1,-0.865710624,-0.390119727,0.819919141,0.000000000,0.000000000,0.003885723,0.999992451,8
1782463483.373438358,25.538135529,7201,vicon_state_data,ball,1,0,0.815280928,0.095176159,1.012191844,0.000000000,0.000000000,0.000000000,1.000000000,1,-0.866113919,-0.389542662,0.820303187,0.000000000,0.000000000,0.007364944,0.999972878,8
1782463483.376863480,25.541560650,7202,vicon_state_data,ball,1,0,0.824683113,0.092788137,1.016669568,0.000000000,0.000000000,0.000000000,1.000000000,1,-0.865697018,-0.390153348,0.819870943,0.000000000,0.000000000,0.003773066,0.999992882,8
1782463483.380176783,25.544873953,7203,vicon_state_data,ball,1,0,0.833848766,0.090753092,1.021157025,0.000000000,0.000000000,0.000000000,1.000000000,1,-0.865705511,-0.390140123,0.819909925,0.000000000,0.000000000,0.003855748,0.999992567,8
1782463483.383478880,25.548176050,7204,vicon_state_data,ball,1,0,0.843012173,0.088951759,1.025092641,0.000000000,0.000000000,0.000000000,1.000000000,1,-0.866645844,-0.388635317,0.820386056,0.000000000,0.000000000,0.011570916,0.999933055,8
1782463483.386727571,25.551424742,7205,vicon_state_data,ball,1,0,0.852071940,0.087398438,1.029012028,0.000000000,0.000000000,0.000000000,1.000000000,1,-0.866645980,-0.388634688,0.820336441,0.000000000,0.000000000,0.011820234,0.999930139,8
1782463483.389947653,25.554644823,7206,vicon_state_data,ball,1,0,0.860929287,0.085810678,1.033073722,0.000000000,0.000000000,0.000000000,1.000000000,1,-0.866637796,-0.388648731,0.820340984,0.000000000,0.000000000,0.011772013,0.999930707,8
1782463483.393713713,25.558410883,7207,vicon_state_data,ball,1,0,0.869795736,0.083932819,1.037511905,0.000000000,0.000000000,0.000000000,1.000000000,1,-0.867172530,-0.388193887,0.821329092,0.000000000,0.000000000,0.016569913,0.999862710,8
1782463483.396735907,25.561433077,7208,vicon_state_data,ball,1,0,0.878805575,0.081893441,1.042110504,0.000000000,0.000000000,0.000000000,1.000000000,1,-0.865899028,-0.389657484,0.819757067,0.000000000,0.000000000,0.006409906,0.999979456,8
1782463483.400291920,25.564989090,7209,vicon_state_data,ball,1,0,0.888151606,0.079761535,1.046116331,0.000000000,0.000000000,0.000000000,1.000000000,1,-0.865755243,-0.390018496,0.819957865,0.000000000,0.000000000,0.004627545,0.999989293,8
1782463483.403441668,25.568138838,7210,vicon_state_data,ball,1,0,0.897346654,0.078322510,1.049887653,0.000000000,0.000000000,0.000000000,1.000000000,1,-0.865727079,-0.389942342,0.819936749,0.000000000,0.000000000,0.004429581,0.999990189,8
1782463483.406719446,25.571416616,7211,vicon_state_data,ball,1,0,0.906671738,0.076606284,1.053259687,0.000000000,0.000000000,0.000000000,1.000000000,1,-0.865753426,-0.389916843,0.819942303,0.000000000,0.000000000,0.004743232,0.999988751,8
1782463483.410197258,25.574894428,7212,vicon_state_data,ball,1,0,0.915973210,0.074779290,1.056459431,0.000000000,0.000000000,0.000000000,1.000000000,1,-0.866236940,-0.389138345,0.820433231,0.000000000,0.000000000,0.009137953,0.999958248,8
1782463483.413398981,25.578096151,7213,vicon_state_data,ball,1,0,0.924923632,0.072920306,1.059726002,0.000000000,0.000000000,0.000000000,1.000000000,1,-0.865872525,-0.389598976,0.819801390,0.000000000,0.000000000,0.006427649,0.999979342,8
1782463483.416624308,25.581321478,7214,vicon_state_data,ball,1,0,0.933886958,0.070975138,1.062876368,0.000000000,0.000000000,0.000000000,1.000000000,1,-0.866166840,-0.389267441,0.820391157,0.000000000,0.000000000,0.008715978,0.999962015,8
1782463483.419942379,25.584639549,7215,vicon_state_data,ball,1,0,0.942942118,0.069124921,1.065577993,0.000000000,0.000000000,0.000000000,1.000000000,1,-0.865719634,-0.389888464,0.819967768,0.000000000,0.000000000,0.004665628,0.999989116,8
1782463483.423440933,25.588138103,7216,vicon_state_data,ball,1,0,0.951842505,0.067313356,1.068489665,0.000000000,0.000000000,0.000000000,1.000000000,1,-0.865863360,-0.389529995,0.819816118,0.000000000,0.000000000,0.006280974,0.999980274,8
1782463483.427078724,25.591775894,7217,vicon_state_data,ball,1,0,0.960359517,0.065476239,1.071703292,0.000000000,0.000000000,0.000000000,1.000000000,1,-0.866077513,-0.389324209,0.820329469,0.000000000,0.000000000,0.007837478,0.999969286,8
1782463483.430156946,25.594854116,7218,vicon_state_data,ball,1,0,0.969011345,0.063686094,1.074804968,0.000000000,0.000000000,0.000000000,1.000000000,1,-0.866152067,-0.388970299,0.820000473,0.000000000,0.000000000,0.008715368,0.999962020,8
1782463483.433368206,25.598065376,7219,vicon_state_data,ball,1,0,0.977956725,0.061887504,1.077457406,0.000000000,0.000000000,0.000000000,1.000000000,1,-0.866134871,-0.389164002,0.820318765,0.000000000,0.000000000,0.008491244,0.999963949,8
1782463483.436691284,25.601388454,7220,vicon_state_data,ball,1,0,0.987014424,0.060247878,1.080085277,0.000000000,0.000000000,0.000000000,1.000000000,1,-0.866096620,-0.389096842,0.819982970,0.000000000,0.000000000,0.008428915,0.999964476,8
1782463483.439998865,25.604696035,7221,vicon_state_data,ball,1,0,0.996069044,0.058661308,1.082830311,0.000000000,0.000000000,0.000000000,1.000000000,1,-0.866115957,-0.389197221,0.820351473,0.000000000,0.000000000,0.008504610,0.999963835,8
1782463483.443389416,25.608086586,7222,vicon_state_data,ball,1,0,1.005213132,0.056877042,1.085309082,0.000000000,0.000000000,0.000000000,1.000000000,1,-0.866150726,-0.389051789,0.820323315,0.000000000,0.000000000,0.008938763,0.999960048,8
1782463483.446927071,25.611624241,7223,vicon_state_data,ball,1,0,1.014722739,0.054912352,1.087080459,0.000000000,0.000000000,0.000000000,1.000000000,1,-0.866150947,-0.388897346,0.819957246,0.000000000,0.000000000,0.009086177,0.999958720,8
1782463483.449972630,25.614669800,7224,vicon_state_data,ball,1,0,1.024143133,0.052951210,1.089098926,0.000000000,0.000000000,0.000000000,1.000000000,1,-0.866108875,-0.388958823,0.819961916,0.000000000,0.000000000,0.008812739,0.999961167,8
1782463483.453386784,25.618083954,7225,vicon_state_data,ball,1,0,1.033094698,0.050927875,1.090823242,0.000000000,0.000000000,0.000000000,1.000000000,1,-0.866105909,-0.388900571,0.819937585,0.000000000,0.000000000,0.008695260,0.999962196,8
1782463483.456767082,25.621464252,7226,vicon_state_data,ball,1,0,1.041981536,0.049008918,1.092510908,0.000000000,0.000000000,0.000000000,1.000000000,1,-0.867121493,-0.387935803,0.821294064,0.000000000,0.000000000,0.017148527,0.999852953,8
1782463483.460337400,25.625034571,7227,vicon_state_data,ball,1,0,1.050946653,0.047414419,1.093820221,0.000000000,0.000000000,0.000000000,1.000000000,1,-0.866134279,-0.389040150,0.820310462,0.000000000,0.000000000,0.009165760,0.999957994,8
1782463483.463392735,25.628089905,7228,vicon_state_data,ball,1,0,1.059728884,0.046009289,1.095117211,0.000000000,0.000000000,0.000000000,1.000000000,1,-0.866161082,-0.388897165,0.820326048,0.000000000,0.000000000,0.009443153,0.999955412,8
1782463483.466741085,25.631438255,7229,vicon_state_data,ball,1,0,1.068326835,0.044396100,1.096535757,0.000000000,0.000000000,0.000000000,1.000000000,1,-0.866574227,-0.388253237,0.820336575,0.000000000,0.000000000,0.012175020,0.999925882,8
1782463483.469959259,25.634656429,7230,vicon_state_data,ball,1,0,1.076956416,0.042598869,1.098195421,0.000000000,0.000000000,0.000000000,1.000000000,1,-0.866639529,-0.388269790,0.820424820,0.000000000,0.000000000,0.012770803,0.999918450,8
1782463483.473376989,25.638074160,7231,vicon_state_data,ball,1,0,1.085814650,0.040499729,1.100138545,0.000000000,0.000000000,0.000000000,1.000000000,1,-0.866653075,-0.388248325,0.820447702,0.000000000,0.000000000,0.012876853,0.999917090,8
1782463483.476708174,25.641405344,7232,vicon_state_data,ball,1,0,1.095004290,0.038699849,1.101472254,0.000000000,0.000000000,0.000000000,1.000000000,1,-0.867128981,-0.387799902,0.821286918,0.000000000,0.000000000,0.017615741,0.999844831,8
1782463483.480092525,25.644789696,7233,vicon_state_data,ball,1,0,1.104007156,0.037171599,1.102394921,0.000000000,0.000000000,0.000000000,1.000000000,1,-0.866132870,-0.388885349,0.820345366,0.000000000,0.000000000,0.009287869,0.999956867,8
1782463483.483474731,25.648171902,7234,vicon_state_data,ball,1,0,1.113053459,0.035739810,1.103188789,0.000000000,0.000000000,0.000000000,1.000000000,1,-0.867095167,-0.387734221,0.821324665,0.000000000,0.000000000,0.017275391,0.999850769,8
1782463483.486675978,25.651373148,7235,vicon_state_data,ball,1,0,1.122046347,0.034044049,1.103798665,0.000000000,0.000000000,0.000000000,1.000000000,1,-0.866143251,-0.388798544,0.820359182,0.000000000,0.000000000,0.009581416,0.999954097,8
1782463483.489999771,25.654696941,7236,vicon_state_data,ball,1,0,1.130828861,0.032243035,1.104367117,0.000000000,0.000000000,0.000000000,1.000000000,1,-0.866430587,-0.388437292,0.820553864,0.000000000,0.000000000,0.012205300,0.999925513,8
1782463483.493241787,25.657938957,7237,vicon_state_data,ball,1,0,1.139587398,0.030410920,1.104903388,0.000000000,0.000000000,0.000000000,1.000000000,1,-0.867078142,-0.387641931,0.821279325,0.000000000,0.000000000,0.017467308,0.999847435,8
1782463483.496723175,25.661420345,7238,vicon_state_data,ball,1,0,1.148502414,0.028658933,1.104857419,0.000000000,0.000000000,0.000000000,1.000000000,1,-0.866251965,-0.388452152,0.820039612,0.000000000,0.000000000,0.010576964,0.999944062,8
1782463483.500245571,25.664942741,7239,vicon_state_data,ball,1,0,1.157104609,0.027030559,1.105226219,0.000000000,0.000000000,0.000000000,1.000000000,1,-0.866559747,-0.388253687,0.820689037,0.000000000,0.000000000,0.013234404,0.999912421,8
1782463483.503585577,25.668282747,7240,vicon_state_data,ball,1,0,1.165519816,0.025245307,1.105398462,0.000000000,0.000000000,0.000000000,1.000000000,1,-0.866130773,-0.388696676,0.820293546,0.000000000,0.000000000,0.009861265,0.999951377,8
1782463483.506891012,25.671588182,7241,vicon_state_data,ball,1,0,1.173846505,0.023678899,1.106149926,0.000000000,0.000000000,0.000000000,1.000000000,1,-0.866229612,-0.388358323,0.820082011,0.000000000,0.000000000,0.010344322,0.999946496,8
1782463483.510227442,25.674924612,7242,vicon_state_data,ball,1,0,1.182630428,0.021844012,1.106151859,0.000000000,0.000000000,0.000000000,1.000000000,1,-0.866231965,-0.388341817,0.820035472,0.000000000,0.000000000,0.010630441,0.999943495,8
1782463483.513469696,25.678166866,7243,vicon_state_data,ball,1,0,1.191479089,0.020356321,1.106258090,0.000000000,0.000000000,0.000000000,1.000000000,1,-0.866453123,-0.388176911,0.820592106,0.000000000,0.000000000,0.012617353,0.999920398,8
1782463483.516720057,25.681417227,7244,vicon_state_data,ball,1,0,1.200441342,0.018779479,1.106178930,0.000000000,0.000000000,0.000000000,1.000000000,1,-0.866512254,-0.388166000,0.820619138,0.000000000,0.000000000,0.012964112,0.999915962,8
1782463483.520119905,25.684817076,7245,vicon_state_data,ball,1,0,1.209377811,0.017061568,1.106012867,0.000000000,0.000000000,0.000000000,1.000000000,1,-0.866453553,-0.388038992,0.820533634,0.000000000,0.000000000,0.012871633,0.999917157,8
1782463483.523377657,25.688074827,7246,vicon_state_data,ball,1,0,1.218591789,0.015263630,1.105089283,0.000000000,0.000000000,0.000000000,1.000000000,1,-0.866542658,-0.388061013,0.820675566,0.000000000,0.000000000,0.013414757,0.999910018,8
1782463483.526696444,25.691393614,7247,vicon_state_data,ball,1,0,1.227639036,0.013163497,1.104452874,0.000000000,0.000000000,0.000000000,1.000000000,1,-0.866657430,-0.387932688,0.820770551,0.000000000,0.000000000,0.014226721,0.999898795,8
1782463483.530456305,25.695153475,7248,vicon_state_data,ball,1,0,1.236378813,0.011348800,1.103611347,0.000000000,0.000000000,0.000000000,1.000000000,1,-0.866597821,-0.387895497,0.820745356,0.000000000,0.000000000,0.013992047,0.999902107,8
1782463483.533475637,25.698172808,7249,vicon_state_data,ball,1,0,1.245141140,0.009701100,1.102552081,0.000000000,0.000000000,0.000000000,1.000000000,1,-0.866744415,-0.387694160,0.820797824,0.000000000,0.000000000,0.015415763,0.999881170,8
1782463483.536788225,25.701485395,7250,vicon_state_data,ball,1,0,1.253816056,0.008268938,1.101224597,0.000000000,0.000000000,0.000000000,1.000000000,1,-0.866344113,-0.387936085,0.820139458,0.000000000,0.000000000,0.011712563,0.999931406,8
1782463483.540057898,25.704755068,7251,vicon_state_data,ball,1,0,1.262263319,0.006749274,1.100023156,0.000000000,0.000000000,0.000000000,1.000000000,1,-0.866821300,-0.387567318,0.820969602,0.000000000,0.000000000,0.015845802,0.999874447,8
1782463483.543348074,25.708045244,7252,vicon_state_data,ball,1,0,1.270353123,0.005161047,1.099316857,0.000000000,0.000000000,0.000000000,1.000000000,1,-0.866885651,-0.387499736,0.821033055,0.000000000,0.000000000,0.016377991,0.999865872,8
1782463483.546747446,25.711444616,7253,vicon_state_data,ball,1,0,1.279078671,0.003482977,1.098038926,0.000000000,0.000000000,0.000000000,1.000000000,1,-0.866455934,-0.387744765,0.820275700,0.000000000,0.000000000,0.012856322,0.999917354,8
1782463483.550107479,25.714804649,7254,vicon_state_data,ball,1,0,1.287764398,0.001364990,1.097378542,0.000000000,0.000000000,0.000000000,1.000000000,1,-0.866888754,-0.387471223,0.821052229,0.000000000,0.000000000,0.016563726,0.999862812,8
1782463483.553472757,25.718169928,7255,vicon_state_data,ball,1,0,1.296696403,-0.000322265,1.096096127,0.000000000,0.000000000,0.000000000,1.000000000,1,-0.866838922,-0.387398807,0.820965911,0.000000000,0.000000000,0.016622058,0.999861844,8
1782463483.556648970,25.721346140,7256,vicon_state_data,ball,1,0,1.305490467,-0.001691332,1.094448890,0.000000000,0.000000000,0.000000000,1.000000000,1,-0.866886886,-0.387403390,0.821084737,0.000000000,0.000000000,0.016745844,0.999859779,8
1782463483.560214281,25.724911451,7257,vicon_state_data,ball,1,0,1.314184767,-0.002998986,1.092614957,0.000000000,0.000000000,0.000000000,1.000000000,1,-0.866891768,-0.387360751,0.821087898,0.000000000,0.000000000,0.016943431,0.999856450,8
1782463483.563555002,25.728252172,7258,vicon_state_data,ball,1,0,1.322741347,-0.004491298,1.090733968,0.000000000,0.000000000,0.000000000,1.000000000,1,-0.866429942,-0.387697050,0.820279320,0.000000000,0.000000000,0.013003541,0.999915450,8
1782463483.566705942,25.731403112,7259,vicon_state_data,ball,1,0,1.331558579,-0.006589873,1.088508700,0.000000000,0.000000000,0.000000000,1.000000000,1,-0.866399503,-0.387614649,0.820281522,0.000000000,0.000000000,0.012820920,0.999917809,8
1782463483.570109606,25.734806776,7260,vicon_state_data,ball,1,0,1.340128023,-0.008331598,1.086493282,0.000000000,0.000000000,0.000000000,1.000000000,1,-0.866403714,-0.387581676,0.820286621,0.000000000,0.000000000,0.012844268,0.999917509,8
1782463483.573437691,25.738134861,7261,vicon_state_data,ball,1,0,1.348733574,-0.009994188,1.083800766,0.000000000,0.000000000,0.000000000,1.000000000,1,-0.866413422,-0.387523155,0.820278231,0.000000000,0.000000000,0.012913112,0.999916622,8
1782463483.576622486,25.741319656,7262,vicon_state_data,ball,1,0,1.357055376,-0.011569472,1.081543178,0.000000000,0.000000000,0.000000000,1.000000000,1,-0.866392037,-0.387487072,0.820272013,0.000000000,0.000000000,0.012944142,0.999916221,8
1782463483.580444336,25.745141506,7263,vicon_state_data,ball,1,0,1.364881661,-0.013286927,1.079488603,0.000000000,0.000000000,0.000000000,1.000000000,1,-0.866846583,-0.387201337,0.821087118,0.000000000,0.000000000,0.016893799,0.999857290,8
1782463483.583625793,25.748322964,7264,vicon_state_data,ball,1,0,1.373279331,-0.014864730,1.077281821,0.000000000,0.000000000,0.000000000,1.000000000,1,-0.866373391,-0.387421961,0.820252248,0.000000000,0.000000000,0.013069327,0.999914593,8
1782463483.587132215,25.751829386,7265,vicon_state_data,ball,1,0,1.381766435,-0.016570879,1.074743517,0.000000000,0.000000000,0.000000000,1.000000000,1,-0.866430248,-0.387403997,0.820355692,0.000000000,0.000000000,0.013273731,0.999911900,8
1782463483.590097189,25.754794359,7266,vicon_state_data,ball,1,0,1.390382911,-0.017994630,1.072320116,0.000000000,0.000000000,0.000000000,1.000000000,1,-0.866426971,-0.387397441,0.820369621,0.000000000,0.000000000,0.013241599,0.999912326,8
1782463483.593372583,25.758069754,7267,vicon_state_data,ball,1,0,1.398977804,-0.019479674,1.069712221,0.000000000,0.000000000,0.000000000,1.000000000,1,-0.866375972,-0.387297766,0.820226823,0.000000000,0.000000000,0.013244998,0.999912281,8
1782463483.598330259,25.763027430,7268,vicon_state_data,ball,1,0,1.407762521,-0.021154981,1.066815188,0.000000000,0.000000000,0.000000000,1.000000000,1,-0.866359456,-0.387267770,0.820282432,0.000000000,0.000000000,0.013278339,0.999911839,8
1782463483.600178242,25.764875412,7269,vicon_state_data,ball,1,0,1.416752859,-0.022939498,1.063352872,0.000000000,0.000000000,0.000000000,1.000000000,1,-0.866353764,-0.387161591,0.820225921,0.000000000,0.000000000,0.013467139,0.999909314,8
1782463483.603426933,25.768124104,7270,vicon_state_data,ball,1,0,1.425391261,-0.024466827,1.059934286,0.000000000,0.000000000,0.000000000,1.000000000,1,-0.866349665,-0.387245903,0.820303014,0.000000000,0.000000000,0.013056010,0.999914767,8
1782463483.606678247,25.771375418,7271,vicon_state_data,ball,1,0,1.433999029,-0.026780227,1.056745937,0.000000000,0.000000000,0.000000000,1.000000000,1,-0.866739197,-0.386940320,0.821025731,0.000000000,0.000000000,0.016894086,0.999857285,8
1782463483.610415459,25.775112629,7272,vicon_state_data,ball,1,0,1.442617116,-0.028294436,1.052941924,0.000000000,0.000000000,0.000000000,1.000000000,1,-0.866598785,-0.386610528,0.820428514,0.000000000,0.000000000,0.014802489,0.999890437,8
1782463483.613848686,25.778545856,7273,vicon_state_data,ball,1,0,1.450909625,-0.029693068,1.049157540,0.000000000,0.000000000,0.000000000,1.000000000,1,-0.866407338,-0.387023475,0.820365173,0.000000000,0.000000000,0.013749069,0.999905477,8
1782463483.616873503,25.781570673,7274,vicon_state_data,ball,1,0,1.459047301,-0.031045389,1.045536703,0.000000000,0.000000000,0.000000000,1.000000000,1,-0.866320464,-0.386966344,0.820255272,0.000000000,0.000000000,0.013689455,0.999906295,8
1782463483.620087862,25.784785032,7275,vicon_state_data,ball,1,0,1.467120847,-0.032580030,1.041683148,0.000000000,0.000000000,0.000000000,1.000000000,1,-0.866312117,-0.386903832,0.820258670,0.000000000,0.000000000,0.013642928,0.999906931,8
1782463483.623321056,25.788018227,7276,vicon_state_data,ball,1,0,1.475310458,-0.034353010,1.038336447,0.000000000,0.000000000,0.000000000,1.000000000,1,-0.866354714,-0.386989244,0.820342350,0.000000000,0.000000000,0.013470357,0.999909271,8
1782463483.626708746,25.791405916,7277,vicon_state_data,ball,1,0,1.483790231,-0.036313951,1.035147017,0.000000000,0.000000000,0.000000000,1.000000000,1,-0.866689369,-0.386545336,0.820948319,0.000000000,0.000000000,0.017598999,0.999845126,8
1782463483.630457163,25.795154333,7278,vicon_state_data,ball,1,0,1.492423449,-0.037946511,1.031313970,0.000000000,0.000000000,0.000000000,1.000000000,1,-0.866305145,-0.386899076,0.820302226,0.000000000,0.000000000,0.013575107,0.999907854,8
1782463483.633621216,25.798318386,7279,vicon_state_data,ball,1,0,1.500888488,-0.039244073,1.027149843,0.000000000,0.000000000,0.000000000,1.000000000,1,-0.866290326,-0.386848371,0.820274992,0.000000000,0.000000000,0.013536833,0.999908373,8
1782463483.636739016,25.801436186,7280,vicon_state_data,ball,1,0,1.509245119,-0.040533506,1.022893481,0.000000000,0.000000000,0.000000000,1.000000000,1,-0.866339541,-0.386807015,0.820362893,0.000000000,0.000000000,0.013935042,0.999902903,8
1782463483.640002966,25.804700136,7281,vicon_state_data,ball,1,0,1.517715915,-0.042282487,1.018357067,0.000000000,0.000000000,0.000000000,1.000000000,1,-0.866219221,-0.386744411,0.820216007,0.000000000,0.000000000,0.013591041,0.999907638,8
1782463483.643848658,25.808545828,7282,vicon_state_data,ball,1,0,1.526187180,-0.044075377,1.013540171,0.000000000,0.000000000,0.000000000,1.000000000,1,-0.866334890,-0.386803885,0.820407459,0.000000000,0.000000000,0.013823519,0.999904451,8
1782463483.647037029,25.811734200,7283,vicon_state_data,ball,1,0,1.534388814,-0.045734315,1.009096060,0.000000000,0.000000000,0.000000000,1.000000000,1,-0.866285093,-0.386738428,0.820347719,0.000000000,0.000000000,0.014019421,0.999901723,8
1782463483.650106907,25.814804077,7284,vicon_state_data,ball,1,0,1.542777255,-0.047297392,1.003837553,0.000000000,0.000000000,0.000000000,1.000000000,1,-0.866301170,-0.386741383,0.820396059,0.000000000,0.000000000,0.013977514,0.999902310,8
1782463483.653356791,25.818053961,7285,vicon_state_data,ball,1,0,1.550747410,-0.048767810,0.999087480,0.000000000,0.000000000,0.000000000,1.000000000,1,-0.866275254,-0.386722216,0.820352868,0.000000000,0.000000000,0.013737103,0.999905642,8
1782463483.656913042,25.821610212,7286,vicon_state_data,ball,1,0,1.558222769,-0.050472711,0.994703726,0.000000000,0.000000000,0.000000000,1.000000000,1,-0.866261306,-0.386641982,0.820350065,0.000000000,0.000000000,0.014051905,0.999901267,8
1782463483.660077810,25.824774981,7287,vicon_state_data,ball,1,0,1.566406842,-0.052138919,0.989829394,0.000000000,0.000000000,0.000000000,1.000000000,1,-0.866220650,-0.386576791,0.820340200,0.000000000,0.000000000,0.013884043,0.999903612,8
1782463483.663363934,25.828061104,7288,vicon_state_data,ball,1,0,1.574502677,-0.053466350,0.984786247,0.000000000,0.000000000,0.000000000,1.000000000,1,-0.866257931,-0.386695109,0.820408420,0.000000000,0.000000000,0.013613471,0.999907332,8
1782463483.667038679,25.831735849,7289,vicon_state_data,ball,1,0,1.582867692,-0.054984620,0.979883484,0.000000000,0.000000000,0.000000000,1.000000000,1,-0.866193424,-0.386537757,0.820348536,0.000000000,0.000000000,0.013976097,0.999902330,8
1782463483.670163631,25.834860802,7290,vicon_state_data,ball,1,0,1.591272135,-0.056592250,0.974939161,0.000000000,0.000000000,0.000000000,1.000000000,1,-0.866281706,-0.386582607,0.820484082,0.000000000,0.000000000,0.014103489,0.999900541,8
1782463483.673425436,25.838122606,7291,vicon_state_data,ball,1,0,1.599783987,-0.058228456,0.969404003,0.000000000,0.000000000,0.000000000,1.000000000,1,-0.866226422,-0.386590956,0.820429914,0.000000000,0.000000000,0.013725754,0.999905797,8
1782463483.676646709,25.841343880,7292,vicon_state_data,ball,1,0,1.608563796,-0.059877970,0.963438088,0.000000000,0.000000000,0.000000000,1.000000000,1,-0.866143711,-0.386454614,0.820344722,0.000000000,0.000000000,0.014007359,0.999901892,8
1782463483.680064440,25.844761610,7293,vicon_state_data,ball,1,0,1.616893871,-0.061505573,0.957567975,0.000000000,0.000000000,0.000000000,1.000000000,1,-0.866173877,-0.386504065,0.820404752,0.000000000,0.000000000,0.013886745,0.999903575,8
1782463483.683367968,25.848065138,7294,vicon_state_data,ball,1,0,1.624752667,-0.062998968,0.951619605,0.000000000,0.000000000,0.000000000,1.000000000,1,-0.866175052,-0.386442917,0.820432201,0.000000000,0.000000000,0.014021248,0.999901697,8
1782463483.686642408,25.851339579,7295,vicon_state_data,ball,1,0,1.633456741,-0.064806153,0.945150769,0.000000000,0.000000000,0.000000000,1.000000000,1,-0.866143735,-0.386442917,0.820386838,0.000000000,0.000000000,0.013876885,0.999903711,8
1782463483.690356970,25.855054140,7296,vicon_state_data,ball,1,0,1.641357780,-0.066220175,0.939228689,0.000000000,0.000000000,0.000000000,1.000000000,1,-0.866142340,-0.386399588,0.820408135,0.000000000,0.000000000,0.013964104,0.999902497,8
1782463483.693557739,25.858254910,7297,vicon_state_data,ball,1,0,1.648346988,-0.067475330,0.934151685,0.000000000,0.000000000,0.000000000,1.000000000,1,-0.866070798,-0.386294111,0.820350507,0.000000000,0.000000000,0.013924612,0.999903048,8
1782463483.697020531,25.861717701,7298,vicon_state_data,ball,1,0,1.656746119,-0.069130963,0.926974697,0.000000000,0.000000000,0.000000000,1.000000000,1,-0.866114041,-0.386302252,0.820407733,0.000000000,0.000000000,0.014057390,0.999901190,8
1782463483.700066328,25.864763498,7299,vicon_state_data,ball,1,0,1.664727445,-0.070702830,0.921097148,0.000000000,0.000000000,0.000000000,1.000000000,1,-0.866073742,-0.386295530,0.820397192,0.000000000,0.000000000,0.013953426,0.999902646,8
1782463483.703355312,25.868052483,7300,vicon_state_data,ball,1,0,1.672826411,-0.072554438,0.915249015,0.000000000,0.000000000,0.000000000,1.000000000,1,-0.865999269,-0.386196007,0.820341928,0.000000000,0.000000000,0.013911503,0.999903230,8
1782463483.706716776,25.871413946,7301,vicon_state_data,ball,1,0,1.681076120,-0.074254577,0.909088618,0.000000000,0.000000000,0.000000000,1.000000000,1,-0.865979134,-0.386144823,0.820319203,0.000000000,0.000000000,0.013882664,0.999903631,8
1782463483.710065603,25.874762774,7302,vicon_state_data,ball,1,0,1.689246860,-0.075468950,0.902544198,0.000000000,0.000000000,0.000000000,1.000000000,1,-0.866006845,-0.386206879,0.820358249,0.000000000,0.000000000,0.013705472,0.999906076,8
1782463483.713502169,25.878199339,7303,vicon_state_data,ball,1,0,1.697630171,-0.076953013,0.895466965,0.000000000,0.000000000,0.000000000,1.000000000,1,-0.865989122,-0.386149889,0.820345662,0.000000000,0.000000000,0.013820701,0.999904490,8
1782463483.716641426,25.881338596,7304,vicon_state_data,ball,1,0,1.705677397,-0.078459351,0.888593180,0.000000000,0.000000000,0.000000000,1.000000000,1,-0.865865573,-0.386118050,0.820250924,0.000000000,0.000000000,0.013398107,0.999910241,8
1782463483.720250130,25.884947300,7305,vicon_state_data,ball,1,0,1.714022300,-0.080391341,0.881213802,0.000000000,0.000000000,0.000000000,1.000000000,1,-0.865916073,-0.386104210,0.820328746,0.000000000,0.000000000,0.013569080,0.999907936,8
1782463483.723478556,25.888175726,7306,vicon_state_data,ball,1,0,1.721889493,-0.081872101,0.873887460,0.000000000,0.000000000,0.000000000,1.000000000,1,-0.865882083,-0.386095519,0.820322365,0.000000000,0.000000000,0.013504566,0.999908809,8
1782463483.726852179,25.891549349,7307,vicon_state_data,ball,1,0,1.729602924,-0.083331911,0.866803562,0.000000000,0.000000000,0.000000000,1.000000000,1,-0.865865723,-0.386032774,0.820305657,0.000000000,0.000000000,0.013518669,0.999908619,8
1782463483.730436325,25.895133495,7308,vicon_state_data,ball,1,0,1.737338863,-0.085002706,0.859616009,0.000000000,0.000000000,0.000000000,1.000000000,1,-0.865861146,-0.386036493,0.820335594,0.000000000,0.000000000,0.013370386,0.999910612,8
1782463483.733426094,25.898123264,7309,vicon_state_data,ball,1,0,1.745002377,-0.086204114,0.852144832,0.000000000,0.000000000,0.000000000,1.000000000,1,-0.865842446,-0.385977951,0.820316507,0.000000000,0.000000000,0.013491441,0.999908986,8
1782463483.736746550,25.901443720,7310,vicon_state_data,ball,1,0,1.752311070,-0.087764836,0.845362292,0.000000000,0.000000000,0.000000000,1.000000000,1,-0.865760026,-0.385859334,0.820227638,0.000000000,0.000000000,0.013409631,0.999910087,8
1782463483.739934206,25.904631376,7311,vicon_state_data,ball,1,0,1.760264977,-0.089174142,0.837743682,0.000000000,0.000000000,0.000000000,1.000000000,1,-0.865738141,-0.385823517,0.820220992,0.000000000,0.000000000,0.013409903,0.999910083,8
1782463483.743345737,25.908042908,7312,vicon_state_data,ball,1,0,1.768297093,-0.090766531,0.830287069,0.000000000,0.000000000,0.000000000,1.000000000,1,-0.865733387,-0.385849237,0.820194372,0.000000000,0.000000000,0.013143028,0.999913627,8
1782463483.746959448,25.911656618,7313,vicon_state_data,ball,1,0,1.776465928,-0.092254216,0.822774133,0.000000000,0.000000000,0.000000000,1.000000000,1,-0.865649994,-0.385852405,0.820115975,0.000000000,0.000000000,0.012649186,0.999919996,8
1782463483.750265598,25.914962769,7314,vicon_state_data,ball,1,0,1.784650666,-0.093924785,0.814830962,0.000000000,0.000000000,0.000000000,1.000000000,1,-0.865640460,-0.385818052,0.820114107,0.000000000,0.000000000,0.012716818,0.999919138,8
1782463483.753555775,25.918252945,7315,vicon_state_data,ball,1,0,1.792913915,-0.095452279,0.806505559,0.000000000,0.000000000,0.000000000,1.000000000,1,-0.865900359,-0.385654884,0.820690389,0.000000000,0.000000000,0.015289973,0.999883102,8
1782463483.756664276,25.921361446,7316,vicon_state_data,ball,1,0,1.800552850,-0.096880183,0.798383121,0.000000000,0.000000000,0.000000000,1.000000000,1,-0.865882045,-0.385614719,0.820672619,0.000000000,0.000000000,0.015215067,0.999884244,8
1782463483.760019302,25.924716473,7317,vicon_state_data,ball,1,0,1.808339020,-0.098679824,0.790218123,0.000000000,0.000000000,0.000000000,1.000000000,1,-0.865572679,-0.385752432,0.820062076,0.000000000,0.000000000,0.012511631,0.999921726,8
1782463483.763427019,25.928124189,7318,vicon_state_data,ball,1,0,1.816480903,-0.100150217,0.781249572,0.000000000,0.000000000,0.000000000,1.000000000,1,-0.865850325,-0.385563178,0.820647993,0.000000000,0.000000000,0.015111811,0.999885810,8
1782463483.766769648,25.931466818,7319,vicon_state_data,ball,1,0,1.823960211,-0.101593320,0.772788149,0.000000000,0.000000000,0.000000000,1.000000000,1,-0.865858859,-0.385499688,0.820674933,0.000000000,0.000000000,0.015298727,0.999882968,8
1782463483.769916773,25.934613943,7320,vicon_state_data,ball,1,0,1.831450864,-0.102806182,0.764275613,0.000000000,0.000000000,0.000000000,1.000000000,1,-0.865855010,-0.385461498,0.820671768,0.000000000,0.000000000,0.015398769,0.999881432,8
1782463483.773262739,25.937959909,7321,vicon_state_data,ball,1,0,1.838644656,-0.104212355,0.757225106,0.000000000,0.000000000,0.000000000,1.000000000,1,-0.865829432,-0.385417952,0.820672064,0.000000000,0.000000000,0.015399748,0.999881417,8
1782463483.776556253,25.941253424,7322,vicon_state_data,ball,1,0,1.845219795,-0.105512178,0.765130506,0.000000000,0.000000000,0.000000000,1.000000000,1,-0.865837645,-0.385372405,0.820684477,0.000000000,0.000000000,0.015500421,0.999879861,8
1782463483.780675650,25.945372820,7323,vicon_state_data,ball,1,0,1.852146309,-0.107261731,0.773325473,0.000000000,0.000000000,0.000000000,1.000000000,1,-0.865576675,-0.385435272,0.820087921,0.000000000,0.000000000,0.013199320,0.999912885,8
1782463483.783818007,25.948515177,7324,vicon_state_data,ball,1,0,1.859036182,-0.108509244,0.780679694,0.000000000,0.000000000,0.000000000,1.000000000,1,-0.865574585,-0.385394795,0.820081582,0.000000000,0.000000000,0.013282295,0.999911786,8
1782463483.786787510,25.951484680,7325,vicon_state_data,ball,1,0,1.865915089,-0.109616829,0.787693697,0.000000000,0.000000000,0.000000000,1.000000000,1,-0.865560876,-0.385346485,0.820093972,0.000000000,0.000000000,0.013241573,0.999912327,8
1782463483.789980650,25.954677820,7326,vicon_state_data,ball,1,0,1.872574539,-0.110805897,0.794637739,0.000000000,0.000000000,0.000000000,1.000000000,1,-0.865868613,-0.385177230,0.820787278,0.000000000,0.000000000,0.016055939,0.999871095,8
1782463483.793303013,25.958000183,7327,vicon_state_data,ball,1,0,1.879357325,-0.112195818,0.800913539,0.000000000,0.000000000,0.000000000,1.000000000,1,-0.865864364,-0.385133433,0.820794218,0.000000000,0.000000000,0.016117486,0.999870105,8
1782463483.796880484,25.961577654,7328,vicon_state_data,ball,1,0,1.885712411,-0.113392698,0.807843279,0.000000000,0.000000000,0.000000000,1.000000000,1,-0.865357292,-0.385498672,0.820052652,0.000000000,0.000000000,0.011985703,0.999928169,8
1782463483.799963713,25.964660883,7329,vicon_state_data,ball,1,0,1.892088641,-0.114524513,0.814608034,0.000000000,0.000000000,0.000000000,1.000000000,1,-0.865426177,-0.385335272,0.820097727,0.000000000,0.000000000,0.012719905,0.999919099,8
1782463483.803723097,25.968420267,7330,vicon_state_data,ball,1,0,1.898215229,-0.116247763,0.820873987,0.000000000,0.000000000,0.000000000,1.000000000,1,-0.865433335,-0.385260820,0.820097602,0.000000000,0.000000000,0.012835484,0.999917622,8
1782463483.806904316,25.971601486,7331,vicon_state_data,ball,1,0,1.904348645,-0.117145177,0.828299813,0.000000000,0.000000000,0.000000000,1.000000000,1,-0.865421916,-0.385191364,0.820108301,0.000000000,0.000000000,0.013003956,0.999915445,8
1782463483.810130119,25.974827290,7332,vicon_state_data,ball,1,0,1.911027286,-0.118299466,0.834782871,0.000000000,0.000000000,0.000000000,1.000000000,1,-0.865696543,-0.385047314,0.820733953,0.000000000,0.000000000,0.015272676,0.999883366,8
1782463483.813599586,25.978296757,7333,vicon_state_data,ball,1,0,1.918496643,-0.119785522,0.841033016,0.000000000,0.000000000,0.000000000,1.000000000,1,-0.865373899,-0.385156941,0.820094021,0.000000000,0.000000000,0.012713988,0.999919174,8
1782463483.816776276,25.981473446,7334,vicon_state_data,ball,1,0,1.925275715,-0.121050529,0.846984759,0.000000000,0.000000000,0.000000000,1.000000000,1,-0.865602262,-0.385052515,0.820700359,0.000000000,0.000000000,0.014799911,0.999890475,8
1782463483.820125103,25.984822273,7335,vicon_state_data,ball,1,0,1.931939267,-0.122080581,0.852710673,0.000000000,0.000000000,0.000000000,1.000000000,1,-0.865289476,-0.385109673,0.820067627,0.000000000,0.000000000,0.012447238,0.999922530,8
1782463483.823242664,25.987939835,7336,vicon_state_data,ball,1,0,1.938365743,-0.123483748,0.858691139,0.000000000,0.000000000,0.000000000,1.000000000,1,-0.865369922,-0.385204113,0.820547090,0.000000000,0.000000000,0.013133075,0.999913757,8
1782463483.826864243,25.991561413,7337,vicon_state_data,ball,1,0,1.945244037,-0.124702113,0.863925168,0.000000000,0.000000000,0.000000000,1.000000000,1,-0.865573263,-0.384867627,0.820650077,0.000000000,0.000000000,0.014939323,0.999888402,8
1782463483.830465794,25.995162964,7338,vicon_state_data,ball,1,0,1.951595471,-0.125996280,0.869657281,0.000000000,0.000000000,0.000000000,1.000000000,1,-0.865495230,-0.384914340,0.820604496,0.000000000,0.000000000,0.014463116,0.999895404,8
1782463483.833643913,25.998341084,7339,vicon_state_data,ball,1,0,1.957551059,-0.127107324,0.874630748,0.000000000,0.000000000,0.000000000,1.000000000,1,-0.865531821,-0.384789402,0.820618930,0.000000000,0.000000000,0.015016704,0.999887243,8
1782463483.836695910,26.001393080,7340,vicon_state_data,ball,1,0,1.963829995,-0.128366634,0.880653897,0.000000000,0.000000000,0.000000000,1.000000000,1,-0.865508739,-0.384756866,0.820592658,0.000000000,0.000000000,0.014919252,0.999888702,8
1782463483.839979887,26.004677057,7341,vicon_state_data,ball,1,0,1.970686415,-0.129550776,0.886663609,0.000000000,0.000000000,0.000000000,1.000000000,1,-0.865520848,-0.384672222,0.820608992,0.000000000,0.000000000,0.015176965,0.999884823,8
1782463483.843480587,26.008177757,7342,vicon_state_data,ball,1,0,1.977338945,-0.131249092,0.892331206,0.000000000,0.000000000,0.000000000,1.000000000,1,-0.865570872,-0.384605648,0.820707776,0.000000000,0.000000000,0.015652777,0.999877488,8
1782463483.846940994,26.011638165,7343,vicon_state_data,ball,1,0,1.984029625,-0.132172024,0.897205126,0.000000000,0.000000000,0.000000000,1.000000000,1,-0.865477648,-0.384635387,0.820641221,0.000000000,0.000000000,0.015063686,0.999886536,8
1782463483.850277662,26.014974833,7344,vicon_state_data,ball,1,0,1.990844299,-0.133747659,0.901827140,0.000000000,0.000000000,0.000000000,1.000000000,1,-0.865532201,-0.384465385,0.820708080,0.000000000,0.000000000,0.015801029,0.999875156,8
1782463483.853593588,26.018290758,7345,vicon_state_data,ball,1,0,1.997415831,-0.134805575,0.906207490,0.000000000,0.000000000,0.000000000,1.000000000,1,-0.865932710,-0.384030899,0.821211025,0.000000000,0.000000000,0.019047210,0.999818585,8
1782463483.856767416,26.021464586,7346,vicon_state_data,ball,1,0,2.003522176,-0.136062627,0.910666389,0.000000000,0.000000000,0.000000000,1.000000000,1,-0.865228034,-0.384491110,0.820080594,0.000000000,0.000000000,0.013516581,0.999908647,8
1782463483.860070944,26.024768114,7347,vicon_state_data,ball,1,0,2.009868015,-0.137148397,0.915117432,0.000000000,0.000000000,0.000000000,1.000000000,1,-0.865384954,-0.384274728,0.820233482,0.000000000,0.000000000,0.014670779,0.999892378,8
1782463483.863675833,26.028373003,7348,vicon_state_data,ball,1,0,2.016096191,-0.138414920,0.919736319,0.000000000,0.000000000,0.000000000,1.000000000,1,-0.865247108,-0.384380732,0.820087260,0.000000000,0.000000000,0.013802737,0.999904738,8
1782463483.866874218,26.031571388,7349,vicon_state_data,ball,1,0,2.022123043,-0.139612801,0.924359635,0.000000000,0.000000000,0.000000000,1.000000000,1,-0.865369023,-0.384156621,0.820216479,0.000000000,0.000000000,0.014791541,0.999890599,8
1782463483.870303154,26.035000324,7350,vicon_state_data,ball,1,0,2.029542205,-0.141155464,0.928750475,0.000000000,0.000000000,0.000000000,1.000000000,1,-0.865923312,-0.383747606,0.821188493,0.000000000,0.000000000,0.019633963,0.999807235,8
1782463483.873557329,26.038254499,7351,vicon_state_data,ball,1,0,2.036802215,-0.142654498,0.932905002,0.000000000,0.000000000,0.000000000,1.000000000,1,-0.865895424,-0.383723403,0.821164225,0.000000000,0.000000000,0.019495505,0.999809945,8
1782463483.876801491,26.041498661,7352,vicon_state_data,ball,1,0,2.043557635,-0.144829860,0.937403569,0.000000000,0.000000000,0.000000000,1.000000000,1,-0.865866887,-0.383709619,0.821166421,0.000000000,0.000000000,0.019442340,0.999810980,8
1782463483.880136490,26.044833660,7353,vicon_state_data,ball,1,0,2.049826785,-0.145392606,0.940833257,0.000000000,0.000000000,0.000000000,1.000000000,1,-0.865825879,-0.383712609,0.821162306,0.000000000,0.000000000,0.019290750,0.999813916,8
1782463483.883285522,26.047982693,7354,vicon_state_data,ball,1,0,2.055865796,-0.146055077,0.944268005,0.000000000,0.000000000,0.000000000,1.000000000,1,-0.865822794,-0.383614309,0.821135114,0.000000000,0.000000000,0.019362666,0.999812526,8
1782463483.886670828,26.051367998,7355,vicon_state_data,ball,1,0,2.062612965,-0.147610159,0.947565283,0.000000000,0.000000000,0.000000000,1.000000000,1,-0.865306019,-0.383893443,0.820251836,0.000000000,0.000000000,0.014976345,0.999887848,8
1782463483.890074730,26.054771900,7356,vicon_state_data,ball,1,0,2.068806331,-0.148544215,0.950916589,0.000000000,0.000000000,0.000000000,1.000000000,1,-0.865274317,-0.383865257,0.820230336,0.000000000,0.000000000,0.014952550,0.999888204,8
1782463483.893447876,26.058145046,7357,vicon_state_data,ball,1,0,2.074804181,-0.149736703,0.954523014,0.000000000,0.000000000,0.000000000,1.000000000,1,-0.865791470,-0.383409338,0.821127252,0.000000000,0.000000000,0.019684616,0.999806239,8
1782463483.896891117,26.061588287,7358,vicon_state_data,ball,1,0,2.080794323,-0.151000726,0.958030978,0.000000000,0.000000000,0.000000000,1.000000000,1,-0.865752861,-0.383382152,0.821103508,0.000000000,0.000000000,0.019499951,0.999809858,8
1782463483.900229454,26.064926624,7359,vicon_state_data,ball,1,0,2.087391776,-0.152221108,0.962005938,0.000000000,0.000000000,0.000000000,1.000000000,1,-0.865760354,-0.383263138,0.821103310,0.000000000,0.000000000,0.019716405,0.999805613,8
1782463483.903525114,26.068222284,7360,vicon_state_data,ball,1,0,2.093786749,-0.153654686,0.965785527,0.000000000,0.000000000,0.000000000,1.000000000,1,-0.865733899,-0.383180142,0.821075444,0.000000000,0.000000000,0.019817737,0.999803609,8
1782463483.907045603,26.071742773,7361,vicon_state_data,ball,1,0,2.100417132,-0.154704286,0.968594548,0.000000000,0.000000000,0.000000000,1.000000000,1,-0.865723356,-0.383090157,0.821061280,0.000000000,0.000000000,0.019950529,0.999800968,8
1782463483.910010338,26.074707508,7362,vicon_state_data,ball,1,0,2.106844451,-0.155685930,0.971354764,0.000000000,0.000000000,0.000000000,1.000000000,1,-0.865713144,-0.383053433,0.821067253,0.000000000,0.000000000,0.019949257,0.999800994,8
1782463483.913508654,26.078205824,7363,vicon_state_data,ball,1,0,2.113203718,-0.157245729,0.973741325,0.000000000,0.000000000,0.000000000,1.000000000,1,-0.865187028,-0.383378392,0.820181973,0.000000000,0.000000000,0.015314888,0.999882720,8
1782463483.916913271,26.081610441,7364,vicon_state_data,ball,1,0,2.119461367,-0.158455080,0.976268804,0.000000000,0.000000000,0.000000000,1.000000000,1,-0.865192958,-0.383326006,0.820221932,0.000000000,0.000000000,0.015311983,0.999882765,8
1782463483.920109749,26.084806919,7365,vicon_state_data,ball,1,0,2.125741635,-0.159123706,0.978723344,0.000000000,0.000000000,0.000000000,1.000000000,1,-0.865668579,-0.382944021,0.821084793,0.000000000,0.000000000,0.019936476,0.999801249,8
1782463483.923489332,26.088186502,7366,vicon_state_data,ball,1,0,2.131881271,-0.160435363,0.981292732,0.000000000,0.000000000,0.000000000,1.000000000,1,-0.865694749,-0.382860817,0.821157683,0.000000000,0.000000000,0.020063374,0.999798710,8
1782463483.926710367,26.091407537,7367,vicon_state_data,ball,1,0,2.137769165,-0.161701486,0.984463424,0.000000000,0.000000000,0.000000000,1.000000000,1,-0.865690942,-0.382780053,0.821172491,0.000000000,0.000000000,0.020226879,0.999795416,8
1782463483.930058479,26.094755650,7368,vicon_state_data,ball,1,0,2.144384935,-0.162978074,0.986467266,0.000000000,0.000000000,0.000000000,1.000000000,1,-0.865629874,-0.382738486,0.821092170,0.000000000,0.000000000,0.020198794,0.999795984,8
1782463483.933362007,26.098059177,7369,vicon_state_data,ball,1,0,2.150967852,-0.164236567,0.988976939,0.000000000,0.000000000,0.000000000,1.000000000,1,-0.865230964,-0.383079010,0.820406176,0.000000000,0.000000000,0.015810597,0.999875005,8
1782463483.936875820,26.101572990,7370,vicon_state_data,ball,1,0,2.157606806,-0.165576127,0.990846397,0.000000000,0.000000000,0.000000000,1.000000000,1,-0.865635620,-0.382633676,0.821134693,0.000000000,0.000000000,0.020297444,0.999793986,8
1782463483.940136194,26.104833364,7371,vicon_state_data,ball,1,0,2.164289794,-0.166606221,0.992233633,0.000000000,0.000000000,0.000000000,1.000000000,1,-0.865694922,-0.382268409,0.821259174,0.000000000,0.000000000,0.008814418,0.999961152,8
1782463483.943656921,26.108354092,7372,vicon_state_data,ball,1,0,2.170323548,-0.167955063,0.993902405,0.000000000,0.000000000,0.000000000,1.000000000,1,-0.865531804,-0.382397461,0.820661415,0.000000000,0.000000000,0.017576854,0.999845515,8
1782463483.946919918,26.111617088,7373,vicon_state_data,ball,1,0,2.177208030,-0.169204719,0.994977702,0.000000000,0.000000000,0.000000000,1.000000000,1,-0.865108378,-0.382906993,0.820358363,0.000000000,0.000000000,0.015914769,0.999873352,8
1782463483.950016975,26.114714146,7374,vicon_state_data,ball,1,0,2.183385118,-0.170362301,0.996470416,0.000000000,0.000000000,0.000000000,1.000000000,1,-0.865558923,-0.382554391,0.821174641,0.000000000,0.000000000,0.020013847,0.999799703,8
1782463483.953382730,26.118079901,7375,vicon_state_data,ball,1,0,2.189388171,-0.171649246,0.998060838,0.000000000,0.000000000,0.000000000,1.000000000,1,-0.865047267,-0.382861567,0.820254480,0.000000000,0.000000000,0.015565427,0.999878851,8
1782463483.956637144,26.121334314,7376,vicon_state_data,ball,1,0,2.195332901,-0.172861966,0.999639088,0.000000000,0.000000000,0.000000000,1.000000000,1,-0.865141761,-0.382744327,0.820413079,0.000000000,0.000000000,0.015987214,0.999872196,8
1782463483.959906578,26.124603748,7377,vicon_state_data,ball,1,0,2.201477866,-0.174101400,1.001053868,0.000000000,0.000000000,0.000000000,1.000000000,1,-0.865138430,-0.382715685,0.820424758,0.000000000,0.000000000,0.016033571,0.999871454,8
1782463483.963782310,26.128479481,7378,vicon_state_data,ball,1,0,2.207844284,-0.175631558,1.003030977,0.000000000,0.000000000,0.000000000,1.000000000,1,-0.865550545,-0.382291406,0.821145064,0.000000000,0.000000000,0.020535902,0.999789116,8
1782463483.966878891,26.131576061,7379,vicon_state_data,ball,1,0,2.214475049,-0.176608190,1.003951098,0.000000000,0.000000000,0.000000000,1.000000000,1,-0.865166001,-0.382604643,0.820493185,0.000000000,0.000000000,0.016350233,0.999866326,8
1782463483.970459461,26.135156631,7380,vicon_state_data,ball,1,0,2.220747427,-0.177647392,1.004684712,0.000000000,0.000000000,0.000000000,1.000000000,1,-0.865125498,-0.382511032,0.820444407,0.000000000,0.000000000,0.016415912,0.999865250,8
1782463483.973384619,26.138081789,7381,vicon_state_data,ball,1,0,2.227126355,-0.178777350,1.005025905,0.000000000,0.000000000,0.000000000,1.000000000,1,-0.865115397,-0.382563697,0.820486945,0.000000000,0.000000000,0.016144884,0.999869663,8
1782463483.976655245,26.141352415,7382,vicon_state_data,ball,1,0,2.233540241,-0.179774861,1.005437586,0.000000000,0.000000000,0.000000000,1.000000000,1,-0.865058326,-0.382375733,0.820421878,0.000000000,0.000000000,0.016060235,0.999871026,8
1782463483.980062723,26.144759893,7383,vicon_state_data,ball,1,0,2.239660400,-0.180883651,1.005997974,0.000000000,0.000000000,0.000000000,1.000000000,1,-0.864945891,-0.382357849,0.820248909,0.000000000,0.000000000,0.015746899,0.999876010,8
1782463483.983262539,26.147959709,7384,vicon_state_data,ball,1,0,2.245696748,-0.182140577,1.006583362,0.000000000,0.000000000,0.000000000,1.000000000,1,-0.864992106,-0.382314773,0.820371151,0.000000000,0.000000000,0.015889082,0.999873761,8
1782463483.986750603,26.151447773,7385,vicon_state_data,ball,1,0,2.251474575,-0.183429574,1.007607321,0.000000000,0.000000000,0.000000000,1.000000000,1,-0.865002708,-0.382205544,0.820416318,0.000000000,0.000000000,0.016079400,0.999870718,8
1782463483.990244150,26.154941320,7386,vicon_state_data,ball,1,0,2.257826959,-0.184585026,1.008024398,0.000000000,0.000000000,0.000000000,1.000000000,1,-0.864988179,-0.382122218,0.820416020,0.000000000,0.000000000,0.016200486,0.999868764,8
1782463483.993514061,26.158211231,7387,vicon_state_data,ball,1,0,2.264391670,-0.185833788,1.008078755,0.000000000,0.000000000,0.000000000,1.000000000,1,-0.864917388,-0.382071713,0.820335048,0.000000000,0.000000000,0.015872014,0.999874032,8
1782463483.996761560,26.161458731,7388,vicon_state_data,ball,1,0,2.270705390,-0.187086068,1.007991022,0.000000000,0.000000000,0.000000000,1.000000000,1,-0.864975520,-0.382068009,0.820481045,0.000000000,0.000000000,0.015938010,0.999872982,8
1782463483.999978542,26.164675713,7389,vicon_state_data,ball,1,0,2.277452290,-0.188227602,1.007501647,0.000000000,0.000000000,0.000000000,1.000000000,1,-0.864930241,-0.381967468,0.820417676,0.000000000,0.000000000,0.016058795,0.999871049,8
1782463484.003367901,26.168065071,7390,vicon_state_data,ball,1,0,2.283434122,-0.189187172,1.007261509,0.000000000,0.000000000,0.000000000,1.000000000,1,-0.864903972,-0.381993451,0.820441475,0.000000000,0.000000000,0.015703338,0.999876695,8
1782463484.006616831,26.171314001,7391,vicon_state_data,ball,1,0,2.290076651,-0.190632704,1.006126447,0.000000000,0.000000000,0.000000000,1.000000000,1,-0.864936035,-0.381939626,0.820480069,0.000000000,0.000000000,0.015997690,0.999872029,8
1782463484.009929657,26.174626827,7392,vicon_state_data,ball,1,0,2.296180901,-0.191835798,1.005563992,0.000000000,0.000000000,0.000000000,1.000000000,1,-0.864900053,-0.381886748,0.820474614,0.000000000,0.000000000,0.016094224,0.999870480,8
1782463484.013531208,26.178228378,7393,vicon_state_data,ball,1,0,2.302163157,-0.193093813,1.005126640,0.000000000,0.000000000,0.000000000,1.000000000,1,-0.864900951,-0.381885397,0.820445722,0.000000000,0.000000000,0.016284621,0.999867397,8
1782463484.017046452,26.181743622,7394,vicon_state_data,ball,1,0,2.307944371,-0.194292767,1.004682571,0.000000000,0.000000000,0.000000000,1.000000000,1,-0.864877047,-0.381806638,0.820434196,0.000000000,0.000000000,0.016084774,0.999870632,8
1782463484.019986629,26.184683800,7395,vicon_state_data,ball,1,0,2.313950577,-0.195565385,1.004318155,0.000000000,0.000000000,0.000000000,1.000000000,1,-0.864719209,-0.381932187,0.820278121,0.000000000,0.000000000,0.015273346,0.999883356,8
1782463484.023322344,26.188019514,7396,vicon_state_data,ball,1,0,2.320124162,-0.196923182,1.004243657,0.000000000,0.000000000,0.000000000,1.000000000,1,-0.864753953,-0.381945770,0.820337041,0.000000000,0.000000000,0.015276741,0.999883304,8
1782463484.026616573,26.191313744,7397,vicon_state_data,ball,1,0,2.326303571,-0.198110376,1.003227065,0.000000000,0.000000000,0.000000000,1.000000000,1,-0.864762886,-0.381894108,0.820376831,0.000000000,0.000000000,0.015318202,0.999882669,8
1782463484.030045033,26.194742203,7398,vicon_state_data,ball,1,0,2.332696588,-0.199198873,1.001984925,0.000000000,0.000000000,0.000000000,1.000000000,1,-0.864911416,-0.381776006,0.820567913,0.000000000,0.000000000,0.016358347,0.999866193,8
1782463484.033735752,26.198432922,7399,vicon_state_data,ball,1,0,2.339201919,-0.200489893,1.000474482,0.000000000,0.000000000,0.000000000,1.000000000,1,-0.864752687,-0.381868815,0.820423438,0.000000000,0.000000000,0.015324351,0.999882575,8
1782463484.036731482,26.201428652,7400,vicon_state_data,ball,1,0,2.345346842,-0.201216869,0.998786469,0.000000000,0.000000000,0.000000000,1.000000000,1,-0.864732629,-0.381814333,0.820420583,0.000000000,0.000000000,0.015377604,0.999881758,8
1782463484.040179968,26.204877138,7401,vicon_state_data,ball,1,0,2.351410733,-0.202299807,0.997259151,0.000000000,0.000000000,0.000000000,1.000000000,1,-0.864682125,-0.381722374,0.820349621,0.000000000,0.000000000,0.015465151,0.999880407,8
1782463484.043757677,26.208454847,7402,vicon_state_data,ball,1,0,2.357328346,-0.203506234,0.995833840,0.000000000,0.000000000,0.000000000,1.000000000,1,-0.864710598,-0.381689350,0.820384708,0.000000000,0.000000000,0.015434577,0.999880880,8
1782463484.047463655,26.212160826,7403,vicon_state_data,ball,1,0,2.362993897,-0.204846570,0.994755029,0.000000000,0.000000000,0.000000000,1.000000000,1,-0.864671026,-0.381567544,0.820306284,0.000000000,0.000000000,0.015782995,0.999875441,8
1782463484.050577402,26.215274572,7404,vicon_state_data,ball,1,0,2.369087999,-0.206026626,0.993274064,0.000000000,0.000000000,0.000000000,1.000000000,1,-0.864674506,-0.381599823,0.820362625,0.000000000,0.000000000,0.015623672,0.999877943,8
1782463484.053760767,26.218457937,7405,vicon_state_data,ball,1,0,2.375561333,-0.207191122,0.991401479,0.000000000,0.000000000,0.000000000,1.000000000,1,-0.864632934,-0.381501892,0.820327937,0.000000000,0.000000000,0.015783189,0.999875438,8
1782463484.057071686,26.221768856,7406,vicon_state_data,ball,1,0,2.381690905,-0.208498446,0.989454092,0.000000000,0.000000000,0.000000000,1.000000000,1,-0.864624224,-0.381477228,0.820333424,0.000000000,0.000000000,0.015701345,0.999876726,8
1782463484.060290337,26.224987507,7407,vicon_state_data,ball,1,0,2.388116628,-0.209812989,0.986846338,0.000000000,0.000000000,0.000000000,1.000000000,1,-0.864588942,-0.381428347,0.820339068,0.000000000,0.000000000,0.015654306,0.999877464,8
1782463484.063627481,26.228324652,7408,vicon_state_data,ball,1,0,2.394140988,-0.210527526,0.984375596,0.000000000,0.000000000,0.000000000,1.000000000,1,-0.864521332,-0.381368526,0.820243266,0.000000000,0.000000000,0.015615060,0.999878078,8
1782463484.066823721,26.231520891,7409,vicon_state_data,ball,1,0,2.400298018,-0.211893911,0.981858333,0.000000000,0.000000000,0.000000000,1.000000000,1,-0.864557264,-0.381357632,0.820342904,0.000000000,0.000000000,0.015652386,0.999877494,8
1782463484.070124865,26.234822035,7410,vicon_state_data,ball,1,0,2.406658741,-0.213221093,0.978870814,0.000000000,0.000000000,0.000000000,1.000000000,1,-0.864480788,-0.381342728,0.820278435,0.000000000,0.000000000,0.015368985,0.999881890,8
1782463484.073492289,26.238189459,7411,vicon_state_data,ball,1,0,2.412581159,-0.214519740,0.976345198,0.000000000,0.000000000,0.000000000,1.000000000,1,-0.864495911,-0.381323149,0.820309108,0.000000000,0.000000000,0.015356949,0.999882075,8
1782463484.076656342,26.241353512,7412,vicon_state_data,ball,1,0,2.418284608,-0.215740580,0.974017762,0.000000000,0.000000000,0.000000000,1.000000000,1,-0.864468059,-0.381262165,0.820273840,0.000000000,0.000000000,0.015398977,0.999881429,8
1782463484.080223560,26.244920731,7413,vicon_state_data,ball,1,0,2.424040188,-0.216930244,0.971588018,0.000000000,0.000000000,0.000000000,1.000000000,1,-0.864467449,-0.381186017,0.820251743,0.000000000,0.000000000,0.015429943,0.999880951,8
1782463484.083435774,26.248132944,7414,vicon_state_data,ball,1,0,2.429868142,-0.218515858,0.969743269,0.000000000,0.000000000,0.000000000,1.000000000,1,-0.864395870,-0.381158499,0.820222085,0.000000000,0.000000000,0.015222105,0.999884137,8
1782463484.086670399,26.251367569,7415,vicon_state_data,ball,1,0,2.436046681,-0.219533393,0.966727432,0.000000000,0.000000000,0.000000000,1.000000000,1,-0.864402453,-0.381109567,0.820182564,0.000000000,0.000000000,0.015358228,0.999882055,8
1782463484.089951754,26.254648924,7416,vicon_state_data,ball,1,0,2.442215065,-0.220549775,0.963748233,0.000000000,0.000000000,0.000000000,1.000000000,1,-0.864403550,-0.381082660,0.820217490,0.000000000,0.000000000,0.015444164,0.999880732,8
1782463484.093683720,26.258380890,7417,vicon_state_data,ball,1,0,2.448557783,-0.221612230,0.960315055,0.000000000,0.000000000,0.000000000,1.000000000,1,-0.864371743,-0.381037105,0.820205866,0.000000000,0.000000000,0.015371798,0.999881847,8
1782463484.096698284,26.261395454,7418,vicon_state_data,ball,1,0,2.454682831,-0.222480235,0.956510662,0.000000000,0.000000000,0.000000000,1.000000000,1,-0.864253580,-0.380957023,0.820090091,0.000000000,0.000000000,0.015097946,0.999886020,8
1782463484.100328445,26.265025616,7419,vicon_state_data,ball,1,0,2.460653520,-0.223557303,0.953055558,0.000000000,0.000000000,0.000000000,1.000000000,1,-0.864270832,-0.380913503,0.820129401,0.000000000,0.000000000,0.015201039,0.999884458,8
1782463484.103517771,26.268214941,7420,vicon_state_data,ball,1,0,2.466369599,-0.224735557,0.949607435,0.000000000,0.000000000,0.000000000,1.000000000,1,-0.864207417,-0.380835928,0.820080870,0.000000000,0.000000000,0.015154174,0.999885169,8
1782463484.106688976,26.271386147,7421,vicon_state_data,ball,1,0,2.472112759,-0.225951211,0.946179106,0.000000000,0.000000000,0.000000000,1.000000000,1,-0.864151664,-0.380770904,0.820010295,0.000000000,0.000000000,0.015002737,0.999887453,8
1782463484.110056639,26.274753809,7422,vicon_state_data,ball,1,0,2.477799198,-0.227308796,0.943179520,0.000000000,0.000000000,0.000000000,1.000000000,1,-0.864434623,-0.380632233,0.820625550,0.000000000,0.000000000,0.017511489,0.999846662,8
1782463484.113430500,26.278127670,7423,vicon_state_data,ball,1,0,2.483845661,-0.228335415,0.939411391,0.000000000,0.000000000,0.000000000,1.000000000,1,-0.864102646,-0.380811755,0.819987257,0.000000000,0.000000000,0.014480666,0.999895150,8
1782463484.116680384,26.281377554,7424,vicon_state_data,ball,1,0,2.490023858,-0.229590313,0.935448744,0.000000000,0.000000000,0.000000000,1.000000000,1,-0.864107598,-0.380755125,0.820035391,0.000000000,0.000000000,0.014635019,0.999892902,8
1782463484.119981289,26.284678459,7425,vicon_state_data,ball,1,0,2.496262433,-0.230973175,0.930912095,0.000000000,0.000000000,0.000000000,1.000000000,1,-0.864367182,-0.380580060,0.820646889,0.000000000,0.000000000,0.017345150,0.999849562,8
1782463484.123800755,26.288497925,7426,vicon_state_data,ball,1,0,2.502565059,-0.231860315,0.926313878,0.000000000,0.000000000,0.000000000,1.000000000,1,-0.864348396,-0.380537816,0.820646998,0.000000000,0.000000000,0.017345561,0.999849554,8
1782463484.126775742,26.291472912,7427,vicon_state_data,ball,1,0,2.508221575,-0.233241662,0.922251585,0.000000000,0.000000000,0.000000000,1.000000000,1,-0.864323942,-0.380398712,0.820661317,0.000000000,0.000000000,0.017805913,0.999841462,8
1782463484.130703211,26.295400381,7428,vicon_state_data,ball,1,0,2.514533717,-0.234411119,0.917037129,0.000000000,0.000000000,0.000000000,1.000000000,1,-0.864303724,-0.380342209,0.820599137,0.000000000,0.000000000,0.017734986,0.999842723,8
1782463484.133485079,26.298182249,7429,vicon_state_data,ball,1,0,2.520395568,-0.235710320,0.912524424,0.000000000,0.000000000,0.000000000,1.000000000,1,-0.864346918,-0.380388895,0.820670736,0.000000000,0.000000000,0.017621237,0.999844734,8
1782463484.136746168,26.301443338,7430,vicon_state_data,ball,1,0,2.525953975,-0.236982895,0.908258784,0.000000000,0.000000000,0.000000000,1.000000000,1,-0.863990966,-0.380632588,0.820042547,0.000000000,0.000000000,0.014328458,0.999897342,8
1782463484.139991760,26.304688931,7431,vicon_state_data,ball,1,0,2.531474027,-0.238187961,0.903898056,0.000000000,0.000000000,0.000000000,1.000000000,1,-0.864282416,-0.380222085,0.820648526,0.000000000,0.000000000,0.017965864,0.999838601,8
1782463484.143827438,26.308524609,7432,vicon_state_data,ball,1,0,2.537226748,-0.239389064,0.899464844,0.000000000,0.000000000,0.000000000,1.000000000,1,-0.864011253,-0.380506580,0.820081859,0.000000000,0.000000000,0.014713285,0.999891754,8
1782463484.147264719,26.311961889,7433,vicon_state_data,ball,1,0,2.543001550,-0.240933515,0.895479359,0.000000000,0.000000000,0.000000000,1.000000000,1,-0.864336857,-0.380116529,0.820769955,0.000000000,0.000000000,0.018683138,0.999825455,8
1782463484.150374889,26.315072060,7434,vicon_state_data,ball,1,0,2.549011127,-0.241838886,0.890480144,0.000000000,0.000000000,0.000000000,1.000000000,1,-0.864409170,-0.380067729,0.820720025,0.000000000,0.000000000,0.018746401,0.999824271,8
1782463484.153487921,26.318185091,7435,vicon_state_data,ball,1,0,2.555067949,-0.242968023,0.885217837,0.000000000,0.000000000,0.000000000,1.000000000,1,-0.864341032,-0.379948852,0.820683867,0.000000000,0.000000000,0.018917420,0.999821050,8
1782463484.156805277,26.321502447,7436,vicon_state_data,ball,1,0,2.561193132,-0.243714046,0.879390690,0.000000000,0.000000000,0.000000000,1.000000000,1,-0.863942223,-0.380241340,0.820005426,0.000000000,0.000000000,0.015047241,0.999886784,8
1782463484.160269499,26.324966669,7437,vicon_state_data,ball,1,0,2.566975169,-0.244770357,0.873974998,0.000000000,0.000000000,0.000000000,1.000000000,1,-0.864617720,-0.379220739,0.820666629,0.000000000,0.000000000,0.021239554,0.999774415,8
1782463484.163829327,26.328526497,7438,vicon_state_data,ball,1,0,2.572633642,-0.245986373,0.868516397,0.000000000,0.000000000,0.000000000,1.000000000,1,-0.864369128,-0.379697919,0.820631925,0.000000000,0.000000000,0.019515178,0.999809561,8
1782463484.166880608,26.331577778,7439,vicon_state_data,ball,1,0,2.578169286,-0.247205993,0.863151370,0.000000000,0.000000000,0.000000000,1.000000000,1,-0.863966845,-0.379947246,0.819932132,0.000000000,0.000000000,0.015590869,0.999878455,8
1782463484.170422316,26.335119486,7440,vicon_state_data,ball,1,0,2.583499470,-0.248518468,0.858145469,0.000000000,0.000000000,0.000000000,1.000000000,1,-0.863174327,-0.384369929,0.820453979,0.000000000,0.000000000,0.000000000,1.000000000,8
1782463484.173787117,26.338484287,7441,vicon_state_data,ball,1,0,2.589382370,-0.249700343,0.852502222,0.000000000,0.000000000,0.000000000,1.000000000,1,-0.864794829,-0.379654884,0.821114386,0.000000000,0.000000000,0.021002641,0.999779420,8
1782463484.176842690,26.341539860,7442,vicon_state_data,ball,1,0,2.595321639,-0.250886049,0.846615854,0.000000000,0.000000000,0.000000000,1.000000000,1,-0.864798622,-0.379601576,0.821134333,0.000000000,0.000000000,0.021144240,0.999776436,8
1782463484.180129051,26.344826221,7443,vicon_state_data,ball,1,0,2.601380895,-0.252137673,0.840412782,0.000000000,0.000000000,0.000000000,1.000000000,1,-0.864726912,-0.379456875,0.821081946,0.000000000,0.000000000,0.021384631,0.999771323,8
1782463484.183398724,26.348095894,7444,vicon_state_data,ball,1,0,2.607451404,-0.253205249,0.833883341,0.000000000,0.000000000,0.000000000,1.000000000,1,-0.864361119,-0.379733166,0.820495106,0.000000000,0.000000000,0.017321470,0.999849972,8
1782463484.186752796,26.351449966,7445,vicon_state_data,ball,1,0,2.612987287,-0.254116090,0.827590885,0.000000000,0.000000000,0.000000000,1.000000000,1,-0.864762967,-0.379426794,0.821163363,0.000000000,0.000000000,0.021422232,0.999770518,8
1782463484.190145016,26.354842186,7446,vicon_state_data,ball,1,0,2.619243111,-0.255501225,0.820612002,0.000000000,0.000000000,0.000000000,1.000000000,1,-0.864703529,-0.379312283,0.821170347,0.000000000,0.000000000,0.021751402,0.999763410,8
1782463484.193512917,26.358210087,7447,vicon_state_data,ball,1,0,2.624979624,-0.256789247,0.814191269,0.000000000,0.000000000,0.000000000,1.000000000,1,-0.864198248,-0.379801177,0.820441311,0.000000000,0.000000000,0.015828827,0.999874716,8
1782463484.196710110,26.361407280,7448,vicon_state_data,ball,1,0,2.630395040,-0.258123562,0.807938181,0.000000000,0.000000000,0.000000000,1.000000000,1,-0.864325462,-0.379579787,0.820510454,0.000000000,0.000000000,0.017475646,0.999847289,8
1782463484.200139284,26.364836454,7449,vicon_state_data,ball,1,0,2.635673180,-0.259255849,0.801705264,0.000000000,0.000000000,0.000000000,1.000000000,1,-0.864335945,-0.379515969,0.820575751,0.000000000,0.000000000,0.017633236,0.999844522,8
1782463484.203375816,26.368072987,7450,vicon_state_data,ball,1,0,2.641120938,-0.260402791,0.795315934,0.000000000,0.000000000,0.000000000,1.000000000,1,-0.864155615,-0.379743125,0.820426445,0.000000000,0.000000000,0.015524306,0.999879491,8
1782463484.206843615,26.371540785,7451,vicon_state_data,ball,1,0,2.646633748,-0.261993711,0.789495024,0.000000000,0.000000000,0.000000000,1.000000000,1,-0.864175478,-0.379699148,0.820509049,0.000000000,0.000000000,0.015846820,0.999874431,8
1782463484.210125923,26.374823093,7452,vicon_state_data,ball,1,0,2.652412799,-0.262932259,0.782754830,0.000000000,0.000000000,0.000000000,1.000000000,1,-0.864694251,-0.379163093,0.821227972,0.000000000,0.000000000,0.021646185,0.999765694,8
1782463484.213714838,26.378412008,7453,vicon_state_data,ball,1,0,2.658406723,-0.263871414,0.775468641,0.000000000,0.000000000,0.000000000,1.000000000,1,-0.864138763,-0.379664438,0.820488484,0.000000000,0.000000000,0.015409508,0.999881266,8
1782463484.216961861,26.381659031,7454,vicon_state_data,ball,1,0,2.664394031,-0.264691243,0.767852108,0.000000000,0.000000000,0.000000000,1.000000000,1,-0.864032494,-0.379563080,0.820375209,0.000000000,0.000000000,0.015301474,0.999882926,8
1782463484.220077038,26.384774208,7455,vicon_state_data,ball,1,0,2.669945745,-0.265814245,0.760661045,0.000000000,0.000000000,0.000000000,1.000000000,1,-0.864021621,-0.379537909,0.820382573,0.000000000,0.000000000,0.015419638,0.999881110,8
1782463484.223527670,26.388224840,7456,vicon_state_data,ball,1,0,2.675567884,-0.266935448,0.755169575,0.000000000,0.000000000,0.000000000,1.000000000,1,-0.864074005,-0.379584536,0.820416997,0.000000000,0.000000000,0.015184877,0.999884703,8
1782463484.226797104,26.391494274,7457,vicon_state_data,ball,1,0,2.681519994,-0.268121960,0.761221090,0.000000000,0.000000000,0.000000000,1.000000000,1,-0.864125987,-0.379490642,0.820520138,0.000000000,0.000000000,0.015818513,0.999874879,8
1782463484.230105162,26.394802332,7458,vicon_state_data,ball,1,0,2.687116306,-0.269424489,0.767695227,0.000000000,0.000000000,0.000000000,1.000000000,1,-0.864206774,-0.379210956,0.820513913,0.000000000,0.000000000,0.017529718,0.999846343,8
1782463484.233655453,26.398352623,7459,vicon_state_data,ball,1,0,2.693293763,-0.270631807,0.773358850,0.000000000,0.000000000,0.000000000,1.000000000,1,-0.863954317,-0.379391462,0.820277702,0.000000000,0.000000000,0.015161285,0.999885061,8
1782463484.237456083,26.402153254,7460,vicon_state_data,ball,1,0,2.699647648,-0.271761074,0.778826022,0.000000000,0.000000000,0.000000000,1.000000000,1,-0.864047615,-0.379394436,0.820404788,0.000000000,0.000000000,0.015383259,0.999881671,8
1782463484.240556955,26.405254126,7461,vicon_state_data,ball,1,0,2.705897965,-0.273133784,0.784233578,0.000000000,0.000000000,0.000000000,1.000000000,1,-0.863970690,-0.379290308,0.820348726,0.000000000,0.000000000,0.015478066,0.999880208,8
1782463484.243568659,26.408265829,7462,vicon_state_data,ball,1,0,2.712443256,-0.274212432,0.789195361,0.000000000,0.000000000,0.000000000,1.000000000,1,-0.863977427,-0.379251363,0.820377176,0.000000000,0.000000000,0.015654198,0.999877466,8
1782463484.246770144,26.411467314,7463,vicon_state_data,ball,1,0,2.718932185,-0.275407207,0.793987424,0.000000000,0.000000000,0.000000000,1.000000000,1,-0.863890200,-0.379250549,0.820274751,0.000000000,0.000000000,0.015301121,0.999882931,8
1782463484.250048876,26.414746046,7464,vicon_state_data,ball,1,0,2.724734563,-0.276061313,0.799264911,0.000000000,0.000000000,0.000000000,1.000000000,1,-0.863977523,-0.379235015,0.820361280,0.000000000,0.000000000,0.015250875,0.999883699,8
1782463484.253399611,26.418096781,7465,vicon_state_data,ball,1,0,2.731500408,-0.277469008,0.803447026,0.000000000,0.000000000,0.000000000,1.000000000,1,-0.863887875,-0.379222936,0.820308437,0.000000000,0.000000000,0.015107145,0.999885881,8
1782463484.256780863,26.421478033,7466,vicon_state_data,ball,1,0,2.737636187,-0.278808610,0.808329371,0.000000000,0.000000000,0.000000000,1.000000000,1,-0.863903685,-0.379162329,0.820382845,0.000000000,0.000000000,0.015621324,0.999877980,8
1782463484.260051966,26.424749136,7467,vicon_state_data,ball,1,0,2.743576811,-0.280171970,0.813245285,0.000000000,0.000000000,0.000000000,1.000000000,1,-0.863902761,-0.379115378,0.820388432,0.000000000,0.000000000,0.015673800,0.999877158,8
1782463484.263627529,26.428324699,7468,vicon_state_data,ball,1,0,2.749365003,-0.281283116,0.818240442,0.000000000,0.000000000,0.000000000,1.000000000,1,-0.863848497,-0.379184671,0.820360080,0.000000000,0.000000000,0.015130230,0.999885532,8
1782463484.266857386,26.431554556,7469,vicon_state_data,ball,1,0,2.755196241,-0.282465988,0.823030771,0.000000000,0.000000000,0.000000000,1.000000000,1,-0.863915198,-0.379060145,0.820466360,0.000000000,0.000000000,0.015883574,0.999873848,8
1782463484.270071745,26.434768915,7470,vicon_state_data,ball,1,0,2.760964404,-0.284021475,0.828377485,0.000000000,0.000000000,0.000000000,1.000000000,1,-0.863811566,-0.379137043,0.820296910,0.000000000,0.000000000,0.014966113,0.999888001,8
1782463484.273371935,26.438069105,7471,vicon_state_data,ball,1,0,2.767119831,-0.285223465,0.833039815,0.000000000,0.000000000,0.000000000,1.000000000,1,-0.863937230,-0.379038309,0.820513788,0.000000000,0.000000000,0.015903530,0.999873531,8
1782463484.276725292,26.441422462,7472,vicon_state_data,ball,1,0,2.773317971,-0.285945823,0.837309483,0.000000000,0.000000000,0.000000000,1.000000000,1,-0.864003698,-0.378975262,0.820584724,0.000000000,0.000000000,0.016354955,0.999866249,8
1782463484.280025482,26.444722652,7473,vicon_state_data,ball,1,0,2.779844682,-0.286859419,0.841113387,0.000000000,0.000000000,0.000000000,1.000000000,1,-0.863973867,-0.378937909,0.820557209,0.000000000,0.000000000,0.016169897,0.999869259,8
1782463484.283672810,26.448369980,7474,vicon_state_data,ball,1,0,2.786149066,-0.287761342,0.844893289,0.000000000,0.000000000,0.000000000,1.000000000,1,-0.863916189,-0.378959495,0.820535274,0.000000000,0.000000000,0.015851335,0.999874360,8
1782463484.286881685,26.451578856,7475,vicon_state_data,ball,1,0,2.792366591,-0.288880551,0.848733743,0.000000000,0.000000000,0.000000000,1.000000000,1,-0.863934979,-0.378946557,0.820546567,0.000000000,0.000000000,0.016042553,0.999871310,8
1782463484.290060043,26.454757214,7476,vicon_state_data,ball,1,0,2.798354687,-0.290080608,0.852463757,0.000000000,0.000000000,0.000000000,1.000000000,1,-0.864041145,-0.378832107,0.820746945,0.000000000,0.000000000,0.016879287,0.999857535,8
1782463484.293590069,26.458287239,7477,vicon_state_data,ball,1,0,2.804190297,-0.291331716,0.856299779,0.000000000,0.000000000,0.000000000,1.000000000,1,-0.864024050,-0.378826439,0.820755085,0.000000000,0.000000000,0.016862428,0.999857819,8
1782463484.296963930,26.461661100,7478,vicon_state_data,ball,1,0,2.809984632,-0.292525444,0.860172615,0.000000000,0.000000000,0.000000000,1.000000000,1,-0.864065376,-0.378803566,0.820777332,0.000000000,0.000000000,0.016964963,0.999856085,8
1782463484.300343037,26.465040207,7479,vicon_state_data,ball,1,0,2.815862778,-0.293764676,0.863895053,0.000000000,0.000000000,0.000000000,1.000000000,1,-0.864100848,-0.378760140,0.820844066,0.000000000,0.000000000,0.017148058,0.999852961,8
1782463484.303384066,26.468081236,7480,vicon_state_data,ball,1,0,2.822380052,-0.294874842,0.866668363,0.000000000,0.000000000,0.000000000,1.000000000,1,-0.864039217,-0.378779117,0.820745045,0.000000000,0.000000000,0.016763349,0.999859485,8
1782463484.306752443,26.471449614,7481,vicon_state_data,ball,1,0,2.828650973,-0.296079983,0.869685337,0.000000000,0.000000000,0.000000000,1.000000000,1,-0.864049885,-0.378735564,0.820803545,0.000000000,0.000000000,0.016989124,0.999855674,8
1782463484.309984684,26.474681854,7482,vicon_state_data,ball,1,0,2.834917636,-0.297270118,0.872575300,0.000000000,0.000000000,0.000000000,1.000000000,1,-0.864071943,-0.378698243,0.820802345,0.000000000,0.000000000,0.016997193,0.999855537,8
1782463484.313461781,26.478158951,7483,vicon_state_data,ball,1,0,2.841113434,-0.298459337,0.875398188,0.000000000,0.000000000,0.000000000,1.000000000,1,-0.863820119,-0.378671866,0.820668038,0.000000000,0.000000000,0.016518320,0.999863563,8
1782463484.316654921,26.481352091,7484,vicon_state_data,ball,1,0,2.847306154,-0.299503931,0.877976679,0.000000000,0.000000000,0.000000000,1.000000000,1,-0.863672392,-0.378790878,0.820416940,0.000000000,0.000000000,0.015389584,0.999881573,8
1782463484.319992781,26.484689951,7485,vicon_state_data,ball,1,0,2.853457882,-0.300679908,0.880540394,0.000000000,0.000000000,0.000000000,1.000000000,1,-0.863665944,-0.378770535,0.820450057,0.000000000,0.000000000,0.015423141,0.999881056,8
1782463484.323381662,26.488078833,7486,vicon_state_data,ball,1,0,2.859513791,-0.302065401,0.883188622,0.000000000,0.000000000,0.000000000,1.000000000,1,-0.863791617,-0.378581855,0.820639150,0.000000000,0.000000000,0.016392466,0.999865635,8
1782463484.326674700,26.491371870,7487,vicon_state_data,ball,1,0,2.865290695,-0.303475951,0.885846251,0.000000000,0.000000000,0.000000000,1.000000000,1,-0.863651437,-0.378708246,0.820504318,0.000000000,0.000000000,0.015491975,0.999879992,8
1782463484.330355883,26.495053053,7488,vicon_state_data,ball,1,0,2.870909900,-0.304596217,0.888466627,0.000000000,0.000000000,0.000000000,1.000000000,1,-0.863648851,-0.378684345,0.820504827,0.000000000,0.000000000,0.015574446,0.999878711,8
1782463484.333398819,26.498095989,7489,vicon_state_data,ball,1,0,2.876680651,-0.305662099,0.891004197,0.000000000,0.000000000,0.000000000,1.000000000,1,-0.863776706,-0.378497588,0.820733111,0.000000000,0.000000000,0.016399524,0.999865519,8
1782463484.336827993,26.501525164,7490,vicon_state_data,ball,1,0,2.882552114,-0.306834166,0.893376639,0.000000000,0.000000000,0.000000000,1.000000000,1,-0.863645631,-0.378646157,0.820601017,0.000000000,0.000000000,0.015638924,0.999877705,8
1782463484.340404034,26.505101204,7491,vicon_state_data,ball,1,0,2.888646185,-0.307877143,0.895751803,0.000000000,0.000000000,0.000000000,1.000000000,1,-0.863753912,-0.378448429,0.820604662,0.000000000,0.000000000,0.016455131,0.999864605,8
1782463484.343555927,26.508253098,7492,vicon_state_data,ball,1,0,2.894793552,-0.308806581,0.897898769,0.000000000,0.000000000,0.000000000,1.000000000,1,-0.864005265,-0.377897580,0.821487304,0.000000000,0.000000000,0.009385871,0.999955952,8
1782463484.346991301,26.511688471,7493,vicon_state_data,ball,1,0,2.900913634,-0.309693164,0.899773273,0.000000000,0.000000000,0.000000000,1.000000000,1,-0.864091077,-0.378262241,0.821044724,0.000000000,0.000000000,0.018297800,0.999832581,8
1782463484.350147247,26.514844418,7494,vicon_state_data,ball,1,0,2.907116408,-0.310726670,0.901497520,0.000000000,0.000000000,0.000000000,1.000000000,1,-0.863719399,-0.378465088,0.820827007,0.000000000,0.000000000,0.016367463,0.999866044,8
1782463484.353420496,26.518117666,7495,vicon_state_data,ball,1,0,2.913245117,-0.311882092,0.903014500,0.000000000,0.000000000,0.000000000,1.000000000,1,-0.863704631,-0.378410852,0.820705736,0.000000000,0.000000000,0.016573717,0.999862647,8
1782463484.356805563,26.521502733,7496,vicon_state_data,ball,1,0,2.919110343,-0.313165719,0.904500266,0.000000000,0.000000000,0.000000000,1.000000000,1,-0.863717244,-0.378398046,0.820727408,0.000000000,0.000000000,0.016528818,0.999863390,8
1782463484.360009432,26.524706602,7497,vicon_state_data,ball,1,0,2.924887272,-0.314519060,0.905969788,0.000000000,0.000000000,0.000000000,1.000000000,1,-0.863615513,-0.378460539,0.820605115,0.000000000,0.000000000,0.015918446,0.999873294,8
1782463484.363533974,26.528231144,7498,vicon_state_data,ball,1,0,2.930789920,-0.315635489,0.907345022,0.000000000,0.000000000,0.000000000,1.000000000,1,-0.863714129,-0.378360170,0.820772928,0.000000000,0.000000000,0.016345506,0.999866403,8
1782463484.366749525,26.531446695,7499,vicon_state_data,ball,1,0,2.936731172,-0.316735133,0.908375007,0.000000000,0.000000000,0.000000000,1.000000000,1,-0.863697150,-0.378279895,0.820806873,0.000000000,0.000000000,0.016647204,0.999861426,8
1782463484.370447159,26.535144329,7500,vicon_state_data,ball,1,0,2.942839048,-0.318025444,0.909422408,0.000000000,0.000000000,0.000000000,1.000000000,1,-0.863659724,-0.378281244,0.820921671,0.000000000,0.000000000,0.016464927,0.999864444,8
1782463484.373477221,26.538174391,7501,vicon_state_data,ball,1,0,2.948899501,-0.319226051,0.910173026,0.000000000,0.000000000,0.000000000,1.000000000,1,-0.863667458,-0.378297738,0.821012477,0.000000000,0.000000000,0.016290038,0.999867309,8
1782463484.376752853,26.541450024,7502,vicon_state_data,ball,1,0,2.955074755,-0.320475364,0.910840202,0.000000000,0.000000000,0.000000000,1.000000000,1,-0.864136862,-0.377536709,0.821239724,0.000000000,0.000000000,0.022011956,0.999757708,8
1782463484.380180120,26.544877291,7503,vicon_state_data,ball,1,0,2.961139748,-0.321656109,0.911465358,0.000000000,0.000000000,0.000000000,1.000000000,1,-0.863686673,-0.378211796,0.820953541,0.000000000,0.000000000,0.016428349,0.999865046,8
1782463484.383338928,26.548036098,7504,vicon_state_data,ball,1,0,2.967266747,-0.322719017,0.911856390,0.000000000,0.000000000,0.000000000,1.000000000,1,-0.864149558,-0.377508771,0.821331690,0.000000000,0.000000000,0.021940089,0.999759287,8
1782463484.386751175,26.551448345,7505,vicon_state_data,ball,1,0,2.973339226,-0.324011483,0.912349408,0.000000000,0.000000000,0.000000000,1.000000000,1,-0.864131273,-0.377492606,0.821315526,0.000000000,0.000000000,0.021868966,0.999760846,8
1782463484.390055895,26.554753065,7506,vicon_state_data,ball,1,0,2.979308042,-0.325472390,0.912784871,0.000000000,0.000000000,0.000000000,1.000000000,1,-0.863658759,-0.378113461,0.820872737,0.000000000,0.000000000,0.016436367,0.999864914,8
1782463484.393345833,26.558043003,7507,vicon_state_data,ball,1,0,2.984930614,-0.326931239,0.913210986,0.000000000,0.000000000,0.000000000,1.000000000,1,-0.863804631,-0.377630576,0.820871760,0.000000000,0.000000000,0.020304798,0.999793836,8
1782463484.396740437,26.561437607,7508,vicon_state_data,ball,1,0,2.990462433,-0.327968807,0.913630352,0.000000000,0.000000000,0.000000000,1.000000000,1,-0.863564431,-0.377808135,0.820367111,0.000000000,0.000000000,0.016904088,0.999857116,8
1782463484.400139093,26.564836264,7509,vicon_state_data,ball,1,0,2.996038828,-0.329009914,0.913844697,0.000000000,0.000000000,0.000000000,1.000000000,1,-0.863665607,-0.377824771,0.820539511,0.000000000,0.000000000,0.017139483,0.999853108,8
1782463484.403466940,26.568164110,7510,vicon_state_data,ball,1,0,3.001870890,-0.330202671,0.914052264,0.000000000,0.000000000,0.000000000,1.000000000,1,-0.863831445,-0.377649982,0.820987489,0.000000000,0.000000000,0.019647246,0.999806974,8
1782463484.406902313,26.571599483,7511,vicon_state_data,ball,1,0,3.007805475,-0.331195123,0.914213921,0.000000000,0.000000000,0.000000000,1.000000000,1,-0.863625045,-0.377688022,0.820470934,0.000000000,0.000000000,0.017318070,0.999850031,8
1782463484.410471678,26.575168848,7512,vicon_state_data,ball,1,0,3.013778182,-0.332114588,0.914214052,0.000000000,0.000000000,0.000000000,1.000000000,1,-0.864091223,-0.377286180,0.821304389,0.000000000,0.000000000,0.021895026,0.999760275,8
1782463484.413540363,26.578237534,7513,vicon_state_data,ball,1,0,3.019891368,-0.332997373,0.913981415,0.000000000,0.000000000,0.000000000,1.000000000,1,-0.863477638,-0.377882407,0.820300806,0.000000000,0.000000000,0.016097889,0.999870421,8
1782463484.416677237,26.581374407,7514,vicon_state_data,ball,1,0,3.026027321,-0.334062270,0.913492450,0.000000000,0.000000000,0.000000000,1.000000000,1,-0.863455341,-0.377817112,0.820289901,0.000000000,0.000000000,0.016109750,0.999870230,8
1782463484.420056820,26.584753990,7515,vicon_state_data,ball,1,0,3.032074281,-0.335309498,0.912869960,0.000000000,0.000000000,0.000000000,1.000000000,1,-0.863637501,-0.377659469,0.820520886,0.000000000,0.000000000,0.017278158,0.999850721,8
1782463484.423260927,26.587958097,7516,vicon_state_data,ball,1,0,3.037675263,-0.336544152,0.912224070,0.000000000,0.000000000,0.000000000,1.000000000,1,-0.863488160,-0.377824424,0.820357769,0.000000000,0.000000000,0.016192855,0.999868887,8
1782463484.426726580,26.591423750,7517,vicon_state_data,ball,1,0,3.042492548,-0.337735309,0.911407942,0.000000000,0.000000000,0.000000000,1.000000000,1,-0.863477612,-0.377832328,0.820369450,0.000000000,0.000000000,0.016067493,0.999870909,8
1782463484.429965973,26.594663143,7518,vicon_state_data,ball,1,0,3.047728955,-0.336295557,0.911880092,0.000000000,0.000000000,0.000000000,1.000000000,1,-0.863605598,-0.377664067,0.820518014,0.000000000,0.000000000,0.017106698,0.999853670,8
1782463484.433297634,26.597994804,7519,vicon_state_data,ball,1,0,3.053715966,-0.338242649,0.910107679,0.000000000,0.000000000,0.000000000,1.000000000,1,-0.863472427,-0.377723342,0.820365763,0.000000000,0.000000000,0.016324231,0.999866751,8
1782463484.436585903,26.601283073,7520,vicon_state_data,ball,1,0,3.059726659,-0.338882010,0.909425210,0.000000000,0.000000000,0.000000000,1.000000000,1,-0.863469534,-0.377720976,0.820365241,0.000000000,0.000000000,0.016350363,0.999866324,8
1782463484.440023899,26.604721069,7521,vicon_state_data,ball,1,0,3.066692420,-0.342214516,0.906951513,0.000000000,0.000000000,0.000000000,1.000000000,1,-0.863429124,-0.377732534,0.820308663,0.000000000,0.000000000,0.016266446,0.999867693,8
1782463484.443312168,26.608009338,7522,vicon_state_data,ball,1,0,3.072741943,-0.343221234,0.905631041,0.000000000,0.000000000,0.000000000,1.000000000,1,-0.863770468,-0.377402694,0.820968033,0.000000000,0.000000000,0.019877221,0.999802429,8
1782463484.446694613,26.611391783,7523,vicon_state_data,ball,1,0,3.077186612,-0.342002947,0.905400899,0.000000000,0.000000000,0.000000000,1.000000000,1,-0.863747497,-0.377409625,0.820944419,0.000000000,0.000000000,0.019697475,0.999805986,8
1782463484.449998617,26.614695787,7524,vicon_state_data,ball,1,0,3.081147527,-0.341016447,0.905276131,0.000000000,0.000000000,0.000000000,1.000000000,1,-0.863697408,-0.377381884,0.820898744,0.000000000,0.000000000,0.019681836,0.999806294,8
1782463484.453549862,26.618247032,7525,vicon_state_data,ball,1,0,3.085281249,-0.341313909,0.904708879,0.000000000,0.000000000,0.000000000,1.000000000,1,-0.863448375,-0.377666209,0.820358223,0.000000000,0.000000000,0.016330751,0.999866644,8
1782463484.456879616,26.621576786,7526,vicon_state_data,ball,1,0,3.088772336,-0.340928799,0.904940948,0.000000000,0.000000000,0.000000000,1.000000000,1,-0.863436163,-0.377656829,0.820352224,0.000000000,0.000000000,0.016341541,0.999866468,8
1782463484.460443020,26.625140190,7527,vicon_state_data,ball,1,0,3.100810258,-0.349767499,0.900884088,0.000000000,0.000000000,0.000000000,1.000000000,1,-0.863391517,-0.377654668,0.820368951,0.000000000,0.000000000,0.016201852,0.999868741,8
1782463484.463638544,26.628335714,7528,vicon_state_data,ball,1,0,3.103617296,-0.351061699,0.902267885,0.000000000,0.000000000,0.000000000,1.000000000,1,-0.863356321,-0.377653159,0.820278317,0.000000000,0.000000000,0.015998617,0.999872014,8
1782463484.466840506,26.631537676,7529,vicon_state_data,ball,1,0,3.105468124,-0.352818295,0.903998606,0.000000000,0.000000000,0.000000000,1.000000000,1,-0.863265881,-0.377686552,0.820173368,0.000000000,0.000000000,0.015281670,0.999883228,8
1782463484.470007181,26.634704351,7530,vicon_state_data,ball,1,0,3.106941616,-0.354803439,0.905608629,0.000000000,0.000000000,0.000000000,1.000000000,1,-0.863657842,-0.377349434,0.820912860,0.000000000,0.000000000,0.019259367,0.999814521,8
1782463484.473347425,26.638044596,7531,vicon_state_data,ball,1,0,3.108670467,-0.356360364,0.907753983,0.000000000,0.000000000,0.000000000,1.000000000,1,-0.864016095,-0.376978845,0.821339781,0.000000000,0.000000000,0.022066761,0.999756499,8
1782463484.476687431,26.641384602,7532,vicon_state_data,ball,1,0,3.110027784,-0.358302995,0.909594417,0.000000000,0.000000000,0.000000000,1.000000000,1,-0.863382206,-0.377557947,0.820300596,0.000000000,0.000000000,0.016281602,0.999867446,8
1782463484.480134964,26.644832134,7533,vicon_state_data,ball,1,0,3.100356558,-0.350854793,0.916426557,0.000000000,0.000000000,0.000000000,1.000000000,1,-0.863390308,-0.377562873,0.820320552,0.000000000,0.000000000,0.016236494,0.999868179,8
1782463484.483432770,26.648129940,7534,vicon_state_data,ball,1,0,3.101192028,-0.352567032,0.918098510,0.000000000,0.000000000,0.000000000,1.000000000,1,-0.863700919,-0.377227677,0.820929958,0.000000000,0.000000000,0.019859639,0.999802778,8
1782463484.486828804,26.651525974,7535,vicon_state_data,ball,1,0,3.095786653,-0.348384623,0.922549324,0.000000000,0.000000000,0.000000000,1.000000000,1,-0.863279609,-0.377578618,0.820164692,0.000000000,0.000000000,0.015621950,0.999877970,8
1782463484.490018368,26.654715538,7536,vicon_state_data,ball,1,0,3.101520300,-0.354126689,0.921701460,0.000000000,0.000000000,0.000000000,1.000000000,1,-0.863388656,-0.377499054,0.820329639,0.000000000,0.000000000,0.016376153,0.999865902,8
1782463484.493239880,26.657937050,7537,vicon_state_data,ball,1,0,3.102267148,-0.355932895,0.922538097,0.000000000,0.000000000,0.000000000,1.000000000,1,-0.863364209,-0.377496365,0.820275368,0.000000000,0.000000000,0.016289529,0.999867317,8
1782463484.496757030,26.661454201,7538,vicon_state_data,ball,1,0,3.102012731,-0.356361360,0.923629532,0.000000000,0.000000000,0.000000000,1.000000000,1,-0.863367199,-0.377476227,0.820278063,0.000000000,0.000000000,0.016262019,0.999867765,8
1782463484.500014782,26.664711952,7539,vicon_state_data,ball,1,0,3.103017537,-0.358557443,0.923457460,0.000000000,0.000000000,0.000000000,1.000000000,1,-0.863692719,-0.377189836,0.820950659,0.000000000,0.000000000,0.019778226,0.999804392,8
1782463484.503434896,26.668132067,7540,vicon_state_data,ball,1,0,3.103519604,-0.360262065,0.923516203,0.000000000,0.000000000,0.000000000,1.000000000,1,-0.863387703,-0.377475368,0.820314111,0.000000000,0.000000000,0.016349387,0.999866340,8
1782463484.506632566,26.671329737,7541,vicon_state_data,ball,1,0,3.112826777,-0.369480737,0.919142830,0.000000000,0.000000000,0.000000000,1.000000000,1,-0.863283253,-0.377525199,0.820221205,0.000000000,0.000000000,0.015773185,0.999875596,8
1782463484.510070562,26.674767733,7542,vicon_state_data,ball,1,0,3.112728613,-0.370524326,0.919275946,0.000000000,0.000000000,0.000000000,1.000000000,1,-0.863383528,-0.377467335,0.820332549,0.000000000,0.000000000,0.016406345,0.999865407,8
1782463484.513761997,26.678459167,7543,vicon_state_data,ball,1,0,3.112471218,-0.371814127,0.919107402,0.000000000,0.000000000,0.000000000,1.000000000,1,-0.863332120,-0.377440594,0.820264935,0.000000000,0.000000000,0.016524096,0.999863468,8
1782463484.516750574,26.681447744,7544,vicon_state_data,ball,1,0,3.112514113,-0.372805860,0.918801029,0.000000000,0.000000000,0.000000000,1.000000000,1,-0.863341233,-0.377424714,0.820284914,0.000000000,0.000000000,0.016253247,0.999867907,8
1782463484.520208359,26.684905529,7545,vicon_state_data,ball,1,0,3.112417055,-0.373882978,0.918310141,0.000000000,0.000000000,0.000000000,1.000000000,1,-0.863268960,-0.377481759,0.820187503,0.000000000,0.000000000,0.015733869,0.999876215,8
1782463484.523498774,26.688195944,7546,vicon_state_data,ball,1,0,3.112120861,-0.375292995,0.917826290,0.000000000,0.000000000,0.000000000,1.000000000,1,-0.863284234,-0.377473400,0.820219084,0.000000000,0.000000000,0.015831165,0.999874679,8
1782463484.526665449,26.691362619,7547,vicon_state_data,ball,1,0,3.105902532,-0.371736341,0.920244883,0.000000000,0.000000000,0.000000000,1.000000000,1,-0.863661138,-0.377169804,0.820954381,0.000000000,0.000000000,0.019680577,0.999806319,8
1782463484.530458212,26.695155382,7548,vicon_state_data,ball,1,0,3.105754006,-0.372352463,0.918221285,0.000000000,0.000000000,0.000000000,1.000000000,1,-0.863380007,-0.377472482,0.820382305,0.000000000,0.000000000,0.016237671,0.999868160,8
1782463484.533519506,26.698216677,7549,vicon_state_data,ball,1,0,3.111188820,-0.379034444,0.915622681,0.000000000,0.000000000,0.000000000,1.000000000,1,-0.863377176,-0.377463671,0.820371163,0.000000000,0.000000000,0.016291967,0.999867277,8
1782463484.536704302,26.701401472,7550,vicon_state_data,ball,1,0,3.110673216,-0.380218177,0.914893573,0.000000000,0.000000000,0.000000000,1.000000000,1,-0.863655288,-0.377209309,0.820955679,0.000000000,0.000000000,0.019446267,0.999810903,8
1782463484.540023327,26.704720497,7551,vicon_state_data,ball,1,0,3.109703413,-0.381853341,0.914992448,0.000000000,0.000000000,0.000000000,1.000000000,1,-0.863370120,-0.377450272,0.820356687,0.000000000,0.000000000,0.016348076,0.999866361,8
1782463484.543269396,26.707966566,7552,vicon_state_data,ball,1,0,3.110153767,-0.382160481,0.912826372,0.000000000,0.000000000,0.000000000,1.000000000,1,-0.863357683,-0.377430283,0.820340318,0.000000000,0.000000000,0.016220608,0.999868437,8
1782463484.546738863,26.711436033,7553,vicon_state_data,ball,1,0,3.109475038,-0.383827491,0.911578674,0.000000000,0.000000000,0.000000000,1.000000000,1,-0.863316833,-0.377438911,0.820293425,0.000000000,0.000000000,0.016033284,0.999871459,8
1782463484.550089836,26.714787006,7554,vicon_state_data,ball,1,0,3.102937222,-0.378856724,0.914404338,0.000000000,0.000000000,0.000000000,1.000000000,1,-0.863284967,-0.377421398,0.820237163,0.000000000,0.000000000,0.016013010,0.999871784,8
1782463484.553642511,26.718339682,7555,vicon_state_data,ball,1,0,3.103074382,-0.380115905,0.912710545,0.000000000,0.000000000,0.000000000,1.000000000,1,-0.863305628,-0.377457925,0.820280576,0.000000000,0.000000000,0.015959039,0.999872646,8
1782463484.556663036,26.721360207,7556,vicon_state_data,ball,1,0,3.103174707,-0.381233827,0.910936198,0.000000000,0.000000000,0.000000000,1.000000000,1,-0.863544118,-0.377165412,0.820778479,0.000000000,0.000000000,0.019102684,0.999817527,8
1782463484.560086727,26.724783897,7557,vicon_state_data,ball,1,0,3.103319607,-0.382546918,0.908837643,0.000000000,0.000000000,0.000000000,1.000000000,1,-0.863353714,-0.377413763,0.820322927,0.000000000,0.000000000,0.016177027,0.999869143,8
1782463484.563572407,26.728269577,7558,vicon_state_data,ball,1,0,3.103312293,-0.383982554,0.906566481,0.000000000,0.000000000,0.000000000,1.000000000,1,-0.863572101,-0.377215897,0.820859278,0.000000000,0.000000000,0.018977826,0.999819905,8
1782463484.566713572,26.731410742,7559,vicon_state_data,ball,1,0,3.103228486,-0.385114717,0.904579228,0.000000000,0.000000000,0.000000000,1.000000000,1,-0.863604906,-0.377187247,0.820979056,0.000000000,0.000000000,0.019267704,0.999814361,8
1782463484.570095301,26.734792471,7560,vicon_state_data,ball,1,0,3.103163670,-0.386513774,0.902206655,0.000000000,0.000000000,0.000000000,1.000000000,1,-0.863202947,-0.377500642,0.820151908,0.000000000,0.000000000,0.015094902,0.999886065,8
1782463484.573301554,26.737998724,7561,vicon_state_data,ball,1,0,3.103058974,-0.387669019,0.899997583,0.000000000,0.000000000,0.000000000,1.000000000,1,-0.863209388,-0.377455017,0.820170817,0.000000000,0.000000000,0.015243615,0.999883809,8
1782463484.576669455,26.741366625,7562,vicon_state_data,ball,1,0,3.103069489,-0.389440274,0.897265886,0.000000000,0.000000000,0.000000000,1.000000000,1,-0.863444372,-0.377229244,0.820480562,0.000000000,0.000000000,0.016752976,0.999859659,8
1782463484.580268145,26.744965315,7563,vicon_state_data,ball,1,0,3.102978016,-0.390882361,0.894703752,0.000000000,0.000000000,0.000000000,1.000000000,1,-0.863985061,-0.376804508,0.821394683,0.000000000,0.000000000,0.022029380,0.999757324,8
1782463484.583891630,26.748588800,7564,vicon_state_data,ball,1,0,3.102855428,-0.391973242,0.892290509,0.000000000,0.000000000,0.000000000,1.000000000,1,-0.863546329,-0.377198069,0.820563779,0.000000000,0.000000000,0.017482658,0.999847167,8
1782463484.586686134,26.751383305,7565,vicon_state_data,ball,1,0,3.102728468,-0.393403982,0.889562382,0.000000000,0.000000000,0.000000000,1.000000000,1,-0.863350016,-0.377430347,0.820347768,0.000000000,0.000000000,0.016188179,0.999868963,8
1782463484.590052128,26.754749298,7566,vicon_state_data,ball,1,0,3.102598018,-0.394890042,0.886719009,0.000000000,0.000000000,0.000000000,1.000000000,1,-0.863348620,-0.377442158,0.820354660,0.000000000,0.000000000,0.016150381,0.999869574,8
1782463484.593393326,26.758090496,7567,vicon_state_data,ball,1,0,3.102398126,-0.396345507,0.883723759,0.000000000,0.000000000,0.000000000,1.000000000,1,-0.863297965,-0.377433993,0.820268690,0.000000000,0.000000000,0.016017889,0.999871705,8
1782463484.596884966,26.761582136,7568,vicon_state_data,ball,1,0,3.102121811,-0.397350359,0.880983038,0.000000000,0.000000000,0.000000000,1.000000000,1,-0.863341664,-0.377411232,0.820343274,0.000000000,0.000000000,0.016095510,0.999870459,8
1782463484.600029707,26.764726877,7569,vicon_state_data,ball,1,0,3.102946023,-0.402156989,0.875976843,0.000000000,0.000000000,0.000000000,1.000000000,1,-0.863659346,-0.377172739,0.821000886,0.000000000,0.000000000,0.019477464,0.999810296,8
1782463484.603889465,26.768586636,7570,vicon_state_data,ball,1,0,3.101960224,-0.402708653,0.875334186,0.000000000,0.000000000,0.000000000,1.000000000,1,-0.863359280,-0.377443384,0.820366276,0.000000000,0.000000000,0.016064059,0.999870965,8
1782463484.606681347,26.771378517,7571,vicon_state_data,ball,1,0,3.100466472,-0.403117986,0.875817281,0.000000000,0.000000000,0.000000000,1.000000000,1,-0.863351533,-0.377471126,0.820394656,0.000000000,0.000000000,0.016004268,0.999871924,8
1782463484.610119820,26.774816990,7572,vicon_state_data,ball,1,0,3.099004923,-0.403536021,0.876317023,0.000000000,0.000000000,0.000000000,1.000000000,1,-0.863377642,-0.377455580,0.820394450,0.000000000,0.000000000,0.016049015,0.999871206,8
1782463484.613554001,26.778251171,7573,vicon_state_data,ball,1,0,3.097472454,-0.404124037,0.876644178,0.000000000,0.000000000,0.000000000,1.000000000,1,-0.863371379,-0.377471424,0.820443274,0.000000000,0.000000000,0.016264758,0.999867720,8
1782463484.616828442,26.781525612,7574,vicon_state_data,ball,1,0,3.096005688,-0.404526740,0.876811127,0.000000000,0.000000000,0.000000000,1.000000000,1,-0.863368417,-0.377458426,0.820423169,0.000000000,0.000000000,0.016213301,0.999868556,8
1782463484.620034933,26.784732103,7575,vicon_state_data,ball,1,0,3.094515835,-0.405019251,0.876867075,0.000000000,0.000000000,0.000000000,1.000000000,1,-0.863334948,-0.377526622,0.820336216,0.000000000,0.000000000,0.015803619,0.999875115,8
1782463484.623305559,26.788002729,7576,vicon_state_data,ball,1,0,3.092990521,-0.405415031,0.876818894,0.000000000,0.000000000,0.000000000,1.000000000,1,-0.863639117,-0.377195812,0.820960558,0.000000000,0.000000000,0.019329847,0.999813161,8
1782463484.627023220,26.791720390,7577,vicon_state_data,ball,1,0,3.091563838,-0.405830090,0.876822203,0.000000000,0.000000000,0.000000000,1.000000000,1,-0.863239919,-0.377528798,0.820190864,0.000000000,0.000000000,0.015172971,0.999884884,8
1782463484.630392313,26.795089483,7578,vicon_state_data,ball,1,0,3.090060792,-0.406262273,0.876649605,0.000000000,0.000000000,0.000000000,1.000000000,1,-0.863351032,-0.377488441,0.820324900,0.000000000,0.000000000,0.016036718,0.999871404,8
1782463484.633463860,26.798161030,7579,vicon_state_data,ball,1,0,3.088703359,-0.406600607,0.876300960,0.000000000,0.000000000,0.000000000,1.000000000,1,-0.863540757,-0.377275666,0.820512842,0.000000000,0.000000000,0.017284182,0.999850617,8
1782463484.636781931,26.801479101,7580,vicon_state_data,ball,1,0,3.087280889,-0.406990345,0.876028481,0.000000000,0.000000000,0.000000000,1.000000000,1,-0.863409772,-0.377464881,0.820359423,0.000000000,0.000000000,0.016411555,0.999865321,8
1782463484.640043974,26.804741144,7581,vicon_state_data,ball,1,0,3.085839416,-0.407287379,0.875559675,0.000000000,0.000000000,0.000000000,1.000000000,1,-0.863407924,-0.377454784,0.820346572,0.000000000,0.000000000,0.016328712,0.999866678,8
1782463484.643579245,26.808276415,7582,vicon_state_data,ball,1,0,3.084209433,-0.407766449,0.874866915,0.000000000,0.000000000,0.000000000,1.000000000,1,-0.863381862,-0.377432258,0.820296020,0.000000000,0.000000000,0.016213636,0.999868550,8
1782463484.646782160,26.811479330,7583,vicon_state_data,ball,1,0,3.082529995,-0.408193784,0.874241056,0.000000000,0.000000000,0.000000000,1.000000000,1,-0.863381950,-0.377470732,0.820295946,0.000000000,0.000000000,0.016178147,0.999869125,8
1782463484.650045872,26.814743042,7584,vicon_state_data,ball,1,0,3.080952758,-0.408628082,0.873465753,0.000000000,0.000000000,0.000000000,1.000000000,1,-0.863746946,-0.377222367,0.821091403,0.000000000,0.000000000,0.019976992,0.999800440,8
1782463484.653329849,26.818027020,7585,vicon_state_data,ball,1,0,3.079134289,-0.409224995,0.872683967,0.000000000,0.000000000,0.000000000,1.000000000,1,-0.863555220,-0.377314565,0.820469606,0.000000000,0.000000000,0.017380443,0.999848949,8
1782463484.656623363,26.821320534,7586,vicon_state_data,ball,1,0,3.077510941,-0.409716138,0.871697705,0.000000000,0.000000000,0.000000000,1.000000000,1,-0.863448393,-0.377516300,0.820408676,0.000000000,0.000000000,0.016537946,0.999863239,8
1782463484.660020113,26.824717283,7587,vicon_state_data,ball,1,0,3.075812506,-0.410269420,0.870590922,0.000000000,0.000000000,0.000000000,1.000000000,1,-0.863565593,-0.377302932,0.820490304,0.000000000,0.000000000,0.017421761,0.999848230,8
1782463484.663449049,26.828146219,7588,vicon_state_data,ball,1,0,3.074219805,-0.410855539,0.869342525,0.000000000,0.000000000,0.000000000,1.000000000,1,-0.863608179,-0.377337445,0.820549156,0.000000000,0.000000000,0.017673854,0.999843805,8
1782463484.666647196,26.831344366,7589,vicon_state_data,ball,1,0,3.072635635,-0.411362495,0.867991457,0.000000000,0.000000000,0.000000000,1.000000000,1,-0.863516125,-0.377357582,0.820410572,0.000000000,0.000000000,0.017079507,0.999854135,8
1782463484.669904947,26.834602118,7590,vicon_state_data,ball,1,0,3.071040256,-0.411979860,0.866611875,0.000000000,0.000000000,0.000000000,1.000000000,1,-0.863580324,-0.377346709,0.820488668,0.000000000,0.000000000,0.017440780,0.999847898,8
1782463484.673322916,26.838020086,7591,vicon_state_data,ball,1,0,3.069479557,-0.412447133,0.864984130,0.000000000,0.000000000,0.000000000,1.000000000,1,-0.863373591,-0.377565714,0.820237026,0.000000000,0.000000000,0.016064268,0.999870961,8
1782463484.676812649,26.841509819,7592,vicon_state_data,ball,1,0,3.067916399,-0.413142741,0.863304572,0.000000000,0.000000000,0.000000000,1.000000000,1,-0.863791811,-0.377289637,0.821001328,0.000000000,0.000000000,0.020038032,0.999799218,8
1782463484.680498838,26.845196009,7593,vicon_state_data,ball,1,0,3.066333353,-0.413619142,0.861423204,0.000000000,0.000000000,0.000000000,1.000000000,1,-0.863387733,-0.377561319,0.820251483,0.000000000,0.000000000,0.016091935,0.999870516,8
1782463484.683540583,26.848237753,7594,vicon_state_data,ball,1,0,3.064858845,-0.414168773,0.859514828,0.000000000,0.000000000,0.000000000,1.000000000,1,-0.863766620,-0.377343235,0.820973962,0.000000000,0.000000000,0.019830416,0.999803358,8
1782463484.686834097,26.851531267,7595,vicon_state_data,ball,1,0,3.063260697,-0.414683153,0.857395564,0.000000000,0.000000000,0.000000000,1.000000000,1,-0.863459200,-0.377633337,0.820331091,0.000000000,0.000000000,0.016455819,0.999864594,8
1782463484.690112591,26.854809761,7596,vicon_state_data,ball,1,0,3.061781062,-0.415209301,0.855238429,0.000000000,0.000000000,0.000000000,1.000000000,1,-0.863608797,-0.377433468,0.820484165,0.000000000,0.000000000,0.017501270,0.999846841,8
1782463484.693373919,26.858071089,7597,vicon_state_data,ball,1,0,3.060209478,-0.415720785,0.852935266,0.000000000,0.000000000,0.000000000,1.000000000,1,-0.864074753,-0.377055319,0.821325138,0.000000000,0.000000000,0.022121442,0.999755291,8
1782463484.696784735,26.861481905,7598,vicon_state_data,ball,1,0,3.058688477,-0.416193735,0.850524513,0.000000000,0.000000000,0.000000000,1.000000000,1,-0.864081962,-0.377057515,0.821319412,0.000000000,0.000000000,0.022101594,0.999755730,8
1782463484.700060606,26.864757776,7599,vicon_state_data,ball,1,0,3.057098849,-0.416699657,0.848001073,0.000000000,0.000000000,0.000000000,1.000000000,1,-0.863386355,-0.377664375,0.820186037,0.000000000,0.000000000,0.015943224,0.999872899,8
1782463484.703271866,26.867969036,7600,vicon_state_data,ball,1,0,3.055526213,-0.417125627,0.845312575,0.000000000,0.000000000,0.000000000,1.000000000,1,-0.863584178,-0.377478452,0.820433849,0.000000000,0.000000000,0.017290913,0.999850501,8
1782463484.706775665,26.871472836,7601,vicon_state_data,ball,1,0,3.053954665,-0.417577420,0.842562786,0.000000000,0.000000000,0.000000000,1.000000000,1,-0.863516264,-0.377432951,0.820318147,0.000000000,0.000000000,0.017478595,0.999847238,8
1782463484.710514069,26.875211239,7602,vicon_state_data,ball,1,0,3.052333912,-0.418061920,0.839681812,0.000000000,0.000000000,0.000000000,1.000000000,1,-0.864055511,-0.377142342,0.821294561,0.000000000,0.000000000,0.021904344,0.999760071,8
1782463484.713787556,26.878484726,7603,vicon_state_data,ball,1,0,3.050785629,-0.418528877,0.836740028,0.000000000,0.000000000,0.000000000,1.000000000,1,-0.863605339,-0.377518692,0.820477303,0.000000000,0.000000000,0.017481608,0.999847185,8
1782463484.716817141,26.881514311,7604,vicon_state_data,ball,1,0,3.049159235,-0.419071526,0.833744178,0.000000000,0.000000000,0.000000000,1.000000000,1,-0.863409270,-0.377721229,0.820220975,0.000000000,0.000000000,0.015959590,0.999872638,8
1782463484.720121861,26.884819031,7605,vicon_state_data,ball,1,0,3.047598558,-0.419587030,0.830565126,0.000000000,0.000000000,0.000000000,1.000000000,1,-0.863602220,-0.377555867,0.820456142,0.000000000,0.000000000,0.017288819,0.999850537,8
1782463484.723398209,26.888095379,7606,vicon_state_data,ball,1,0,3.046006814,-0.420231535,0.827339160,0.000000000,0.000000000,0.000000000,1.000000000,1,-0.863811336,-0.377496792,0.821003974,0.000000000,0.000000000,0.019739079,0.999805165,8
1782463484.726600170,26.891297340,7607,vicon_state_data,ball,1,0,3.044424412,-0.420831540,0.823997033,0.000000000,0.000000000,0.000000000,1.000000000,1,-0.864085314,-0.377267501,0.821337869,0.000000000,0.000000000,0.021850167,0.999761257,8
1782463484.730073929,26.894771099,7608,vicon_state_data,ball,1,0,3.042833661,-0.421510786,0.820587861,0.000000000,0.000000000,0.000000000,1.000000000,1,-0.863421383,-0.377806708,0.820232038,0.000000000,0.000000000,0.015888688,0.999873767,8
1782463484.733420610,26.898117781,7609,vicon_state_data,ball,1,0,3.041359348,-0.422134898,0.817057126,0.000000000,0.000000000,0.000000000,1.000000000,1,-0.864044905,-0.377244586,0.821202651,0.000000000,0.000000000,0.022044613,0.999756988,8
1782463484.736629963,26.901327133,7610,vicon_state_data,ball,1,0,3.039834253,-0.422765219,0.813429417,0.000000000,0.000000000,0.000000000,1.000000000,1,-0.863909971,-0.377555014,0.821056797,0.000000000,0.000000000,0.020279638,0.999794347,8
1782463484.740434408,26.905131578,7611,vicon_state_data,ball,1,0,3.038414853,-0.423355625,0.809704232,0.000000000,0.000000000,0.000000000,1.000000000,1,-0.863917600,-0.377555797,0.821033451,0.000000000,0.000000000,0.020238106,0.999795189,8
1782463484.743418217,26.908115387,7612,vicon_state_data,ball,1,0,3.036971773,-0.423953801,0.805864271,0.000000000,0.000000000,0.000000000,1.000000000,1,-0.863578193,-0.377749380,0.820356236,0.000000000,0.000000000,0.016939047,0.999856524,8
1782463484.746802330,26.911499500,7613,vicon_state_data,ball,1,0,3.035560507,-0.424509775,0.801911148,0.000000000,0.000000000,0.000000000,1.000000000,1,-0.864071549,-0.377364417,0.821170847,0.000000000,0.000000000,0.022009443,0.999757763,8
1782463484.750045776,26.914742947,7614,vicon_state_data,ball,1,0,3.034012752,-0.425131856,0.797932906,0.000000000,0.000000000,0.000000000,1.000000000,1,-0.863648995,-0.378078056,0.820817196,0.000000000,0.000000000,0.016374948,0.999865922,8
1782463484.753418684,26.918115854,7615,vicon_state_data,ball,1,0,3.032587385,-0.425717426,0.793736424,0.000000000,0.000000000,0.000000000,1.000000000,1,-0.863671726,-0.378141298,0.820940197,0.000000000,0.000000000,0.016174393,0.999869186,8
1782463484.756825686,26.921522856,7616,vicon_state_data,ball,1,0,3.031112645,-0.426190121,0.789535618,0.000000000,0.000000000,0.000000000,1.000000000,1,-0.863680845,-0.378089702,0.820742736,0.000000000,0.000000000,0.016532331,0.999863332,8
1782463484.760424614,26.925121784,7617,vicon_state_data,ball,1,0,3.029602408,-0.426770878,0.785204312,0.000000000,0.000000000,0.000000000,1.000000000,1,-0.863612448,-0.377860134,0.820304083,0.000000000,0.000000000,0.016903338,0.999857128,8
1782463484.763526440,26.928223610,7618,vicon_state_data,ball,1,0,3.028187736,-0.427212562,0.780804324,0.000000000,0.000000000,0.000000000,1.000000000,1,-0.863706449,-0.378108843,0.820737184,0.000000000,0.000000000,0.016473962,0.999864295,8
1782463484.766794205,26.931491375,7619,vicon_state_data,ball,1,0,3.026782598,-0.427612765,0.776108027,0.000000000,0.000000000,0.000000000,1.000000000,1,-0.863731485,-0.378022845,0.820696011,0.000000000,0.000000000,0.017007747,0.999855358,8
1782463484.770184040,26.934881210,7620,vicon_state_data,ball,1,0,3.025266005,-0.428060740,0.771462274,0.000000000,0.000000000,0.000000000,1.000000000,1,-0.863708380,-0.378080552,0.820654069,0.000000000,0.000000000,0.016731724,0.999860015,8
1782463484.773508310,26.938205481,7621,vicon_state_data,ball,1,0,3.023411720,-0.428798767,0.766965846,0.000000000,0.000000000,0.000000000,1.000000000,1,-0.863694388,-0.378134759,0.820577319,0.000000000,0.000000000,0.016475496,0.999864270,8
1782463484.776714802,26.941411972,7622,vicon_state_data,ball,1,0,3.021917368,-0.429213824,0.762055127,0.000000000,0.000000000,0.000000000,1.000000000,1,-0.864018308,-0.377446574,0.821419072,0.000000000,0.000000000,0.009740713,0.999952558,8
1782463484.780158758,26.944855928,7623,vicon_state_data,ball,1,0,3.020307031,-0.429729080,0.757156088,0.000000000,0.000000000,0.000000000,1.000000000,1,-0.864082205,-0.378056909,0.821082075,0.000000000,0.000000000,0.018444986,0.999829877,8
1782463484.783485889,26.948183060,7624,vicon_state_data,ball,1,0,3.018652712,-0.430298470,0.752087635,0.000000000,0.000000000,0.000000000,1.000000000,1,-0.863729484,-0.378313878,0.820794358,0.000000000,0.000000000,0.016366891,0.999866053,8
1782463484.787585258,26.952282429,7625,vicon_state_data,ball,1,0,3.016923066,-0.430953196,0.747099761,0.000000000,0.000000000,0.000000000,1.000000000,1,-0.863782345,-0.378321929,0.820782248,0.000000000,0.000000000,0.016499405,0.999863876,8
1782463484.790556908,26.955254078,7626,vicon_state_data,ball,1,0,3.015205648,-0.431574165,0.741847070,0.000000000,0.000000000,0.000000000,1.000000000,1,-0.863695823,-0.378349826,0.820657439,0.000000000,0.000000000,0.016566717,0.999862763,8
1782463484.793620825,26.958317995,7627,vicon_state_data,ball,1,0,3.013601029,-0.432097621,0.736427468,0.000000000,0.000000000,0.000000000,1.000000000,1,-0.863756408,-0.378400265,0.820740894,0.000000000,0.000000000,0.016501506,0.999863841,8
1782463484.796798944,26.961496115,7628,vicon_state_data,ball,1,0,3.011885010,-0.432800908,0.730973791,0.000000000,0.000000000,0.000000000,1.000000000,1,-0.863757847,-0.378462401,0.820765037,0.000000000,0.000000000,0.016395914,0.999865578,8
1782463484.800049067,26.964746237,7629,vicon_state_data,ball,1,0,3.010242510,-0.433336442,0.725307708,0.000000000,0.000000000,0.000000000,1.000000000,1,-0.863777207,-0.378463299,0.820751971,0.000000000,0.000000000,0.016485197,0.999864110,8
1782463484.803400040,26.968097210,7630,vicon_state_data,ball,1,0,3.008599782,-0.433853515,0.719546475,0.000000000,0.000000000,0.000000000,1.000000000,1,-0.863795014,-0.378501710,0.820759647,0.000000000,0.000000000,0.016525627,0.999863443,8
1782463484.806695938,26.971393108,7631,vicon_state_data,ball,1,0,3.006978494,-0.434481042,0.713667087,0.000000000,0.000000000,0.000000000,1.000000000,1,-0.863790790,-0.378543014,0.820653843,0.000000000,0.000000000,0.016250747,0.999867948,8
1782463484.810024738,26.974721909,7632,vicon_state_data,ball,1,0,3.005326730,-0.435048382,0.707721424,0.000000000,0.000000000,0.000000000,1.000000000,1,-0.863654913,-0.378679523,0.820593908,0.000000000,0.000000000,0.015775180,0.999875564,8
1782463484.813412905,26.978110075,7633,vicon_state_data,ball,1,0,3.003733923,-0.435645812,0.701622068,0.000000000,0.000000000,0.000000000,1.000000000,1,-0.863732916,-0.378710219,0.820623878,0.000000000,0.000000000,0.015634766,0.999877770,8
1782463484.816834211,26.981531382,7634,vicon_state_data,ball,1,0,3.002090330,-0.436270225,0.695484895,0.000000000,0.000000000,0.000000000,1.000000000,1,-0.863699562,-0.378712405,0.820531306,0.000000000,0.000000000,0.015767963,0.999875678,8
1782463484.820323944,26.985021114,7635,vicon_state_data,ball,1,0,3.000515473,-0.436950073,0.689162020,0.000000000,0.000000000,0.000000000,1.000000000,1,-0.863731667,-0.378740926,0.820488370,0.000000000,0.000000000,0.015758273,0.999875831,8
1782463484.823567867,26.988265038,7636,vicon_state_data,ball,1,0,2.998939859,-0.437537458,0.682759805,0.000000000,0.000000000,0.000000000,1.000000000,1,-0.863715540,-0.378775030,0.820523412,0.000000000,0.000000000,0.015707561,0.999876629,8
1782463484.826680422,26.991377592,7637,vicon_state_data,ball,1,0,2.997403025,-0.438170330,0.676289568,0.000000000,0.000000000,0.000000000,1.000000000,1,-0.863727520,-0.378809611,0.820527454,0.000000000,0.000000000,0.015832790,0.999874654,8
1782463484.830046177,26.994743347,7638,vicon_state_data,ball,1,0,2.995866296,-0.438741040,0.669652669,0.000000000,0.000000000,0.000000000,1.000000000,1,-0.863747155,-0.378851771,0.820452514,0.000000000,0.000000000,0.015768828,0.999875664,8
1782463484.833591461,26.998288631,7639,vicon_state_data,ball,1,0,2.994336255,-0.439367376,0.662936598,0.000000000,0.000000000,0.000000000,1.000000000,1,-0.863730244,-0.378897227,0.820449158,0.000000000,0.000000000,0.015604263,0.999878246,8
1782463484.836673737,27.001370907,7640,vicon_state_data,ball,1,0,2.992772201,-0.440026691,0.656176951,0.000000000,0.000000000,0.000000000,1.000000000,1,-0.863756755,-0.378912781,0.820438305,0.000000000,0.000000000,0.015696547,0.999876802,8
1782463484.839923382,27.004620552,7641,vicon_state_data,ball,1,0,2.991341289,-0.440622139,0.649286142,0.000000000,0.000000000,0.000000000,1.000000000,1,-0.863783302,-0.378895715,0.820477053,0.000000000,0.000000000,0.015868587,0.999874086,8
1782463484.843357086,27.008054256,7642,vicon_state_data,ball,1,0,2.989805828,-0.441227694,0.642267437,0.000000000,0.000000000,0.000000000,1.000000000,1,-0.863777628,-0.378966866,0.820488162,0.000000000,0.000000000,0.015798863,0.999875190,8
1782463484.847047329,27.011744499,7643,vicon_state_data,ball,1,0,2.988335278,-0.441801887,0.635174495,0.000000000,0.000000000,0.000000000,1.000000000,1,-0.863800350,-0.378959999,0.820428142,0.000000000,0.000000000,0.015747078,0.999876007,8
1782463484.850389481,27.015086651,7644,vicon_state_data,ball,1,0,2.986842317,-0.442415786,0.628028796,0.000000000,0.000000000,0.000000000,1.000000000,1,-0.863779681,-0.379013618,0.820464450,0.000000000,0.000000000,0.015764164,0.999875738,8
1782463484.853398085,27.018095255,7645,vicon_state_data,ball,1,0,2.985387612,-0.443006123,0.620806448,0.000000000,0.000000000,0.000000000,1.000000000,1,-0.863781934,-0.379044869,0.820416102,0.000000000,0.000000000,0.015658041,0.999877405,8
1782463484.856679678,27.021376848,7646,vicon_state_data,ball,1,0,2.983950658,-0.443594392,0.613505324,0.000000000,0.000000000,0.000000000,1.000000000,1,-0.863786567,-0.379078875,0.820463169,0.000000000,0.000000000,0.015647750,0.999877566,8
1782463484.860292912,27.024990082,7647,vicon_state_data,ball,1,0,2.982346693,-0.444167538,0.605823495,0.000000000,0.000000000,0.000000000,1.000000000,1,-0.863787110,-0.379111338,0.820402653,0.000000000,0.000000000,0.015579745,0.999878628,8
1782463484.863463402,27.028160572,7648,vicon_state_data,ball,1,0,2.980903458,-0.444682326,0.598290535,0.000000000,0.000000000,0.000000000,1.000000000,1,-0.863795943,-0.379153984,0.820454909,0.000000000,0.000000000,0.015567924,0.999878813,8
1782463484.866877556,27.031574726,7649,vicon_state_data,ball,1,0,2.979413276,-0.445308806,0.590805582,0.000000000,0.000000000,0.000000000,1.000000000,1,-0.863736048,-0.379215851,0.820377376,0.000000000,0.000000000,0.015198234,0.999884500,8
1782463484.870131016,27.034828186,7650,vicon_state_data,ball,1,0,2.978661990,-0.445453808,0.582607164,0.000000000,0.000000000,0.000000000,1.000000000,1,-0.863742586,-0.379247963,0.820326004,0.000000000,0.000000000,0.015137509,0.999885421,8
1782463484.873374224,27.038071394,7651,vicon_state_data,ball,1,0,2.977164732,-0.445983457,0.574785591,0.000000000,0.000000000,0.000000000,1.000000000,1,-0.863737992,-0.379262766,0.820246626,0.000000000,0.000000000,0.015071247,0.999886422,8
1782463484.876609087,27.041306257,7652,vicon_state_data,ball,1,0,2.975681128,-0.446532034,0.566897106,0.000000000,0.000000000,0.000000000,1.000000000,1,-0.863542786,-0.379347954,0.820032949,0.000000000,0.000000000,0.013880342,0.999903663,8
1782463484.880100965,27.044798136,7653,vicon_state_data,ball,1,0,2.974123782,-0.447125456,0.558887248,0.000000000,0.000000000,0.000000000,1.000000000,1,-0.863552598,-0.379395679,0.820006033,0.000000000,0.000000000,0.013561257,0.999908042,8
1782463484.883474827,27.048171997,7654,vicon_state_data,ball,1,0,2.972593485,-0.447745817,0.550843943,0.000000000,0.000000000,0.000000000,1.000000000,1,-0.863492751,-0.379504622,0.819883247,0.000000000,0.000000000,0.012777760,0.999918361,8
1782463484.886766434,27.051463604,7655,vicon_state_data,ball,1,0,2.971029184,-0.448386270,0.542698703,0.000000000,0.000000000,0.000000000,1.000000000,1,-0.863648608,-0.379336376,0.820102359,0.000000000,0.000000000,0.014424555,0.999895961,8
1782463484.889969587,27.054666758,7656,vicon_state_data,ball,1,0,2.969423690,-0.449053925,0.534472413,0.000000000,0.000000000,0.000000000,1.000000000,1,-0.863626139,-0.379410523,0.820008998,0.000000000,0.000000000,0.013870968,0.999903793,8
1782463484.893364429,27.058061600,7657,vicon_state_data,ball,1,0,2.967850391,-0.449709154,0.526103715,0.000000000,0.000000000,0.000000000,1.000000000,1,-0.863593445,-0.379480701,0.819943272,0.000000000,0.000000000,0.013338830,0.999911034,8
1782463484.896976948,27.061674118,7658,vicon_state_data,ball,1,0,2.966038260,-0.450634510,0.518029631,0.000000000,0.000000000,0.000000000,1.000000000,1,-0.863644771,-0.379454455,0.820006966,0.000000000,0.000000000,0.013892326,0.999903497,8
1782463484.900145769,27.064842939,7659,vicon_state_data,ball,1,0,2.964491971,-0.451352773,0.510095776,0.000000000,0.000000000,0.000000000,1.000000000,1,-0.863626155,-0.379493215,0.819963082,0.000000000,0.000000000,0.013571556,0.999907902,8
