host_time_s,elapsed_s,frame_number,channel,name,ball_valid,ball_occluded,ball_x_m,ball_y_m,ball_z_m,ball_qx,ball_qy,ball_qz,ball_qw,base_valid,base_x_m,base_y_m,base_z_m,base_qx,base_qy,base_qz,base_qw,clean_segment_id
1782463463.963577509,6.128274679,1825,vicon_state_data,ball,1,0,-0.193258364,0.188084149,1.159775557,0.000000000,0.000000000,0.000000000,1.000000000,1,-0.867292237,-0.379179797,0.820622282,0.000000000,0.000000000,0.015978429,0.999872337,2
1782463463.967322350,6.132019520,1826,vicon_state_data,ball,1,0,-0.192165611,0.188995249,1.161027698,0.000000000,0.000000000,0.000000000,1.000000000,1,-0.867234269,-0.379179740,0.820579036,0.000000000,0.000000000,0.015747979,0.999875993,2
1782463463.970015287,6.134712458,1827,vicon_state_data,ball,1,0,-0.190989308,0.189919191,1.162357136,0.000000000,0.000000000,0.000000000,1.000000000,1,-0.867227382,-0.379130692,0.820572090,0.000000000,0.000000000,0.015782588,0.999875447,2
1782463463.973505974,6.138203144,1828,vicon_state_data,ball,1,0,-0.189862300,0.190818444,1.163696007,0.000000000,0.000000000,0.000000000,1.000000000,1,-0.867181412,-0.379083513,0.820556934,0.000000000,0.000000000,0.015682911,0.999877016,2
1782463463.976625919,6.141323090,1829,vicon_state_data,ball,1,0,-0.188734608,0.191876675,1.165171137,0.000000000,0.000000000,0.000000000,1.000000000,1,-0.867150833,-0.379027507,0.820560271,0.000000000,0.000000000,0.015664465,0.999877305,2
1782463463.980159283,6.144856453,1830,vicon_state_data,ball,1,0,-0.187602401,0.192823632,1.166521750,0.000000000,0.000000000,0.000000000,1.000000000,1,-0.867116754,-0.379030736,0.820561672,0.000000000,0.000000000,0.015457388,0.999880527,2
1782463463.983446598,6.148143768,1831,vicon_state_data,ball,1,0,-0.186448497,0.193884463,1.168200133,0.000000000,0.000000000,0.000000000,1.000000000,1,-0.866793848,-0.379147978,0.819907587,0.000000000,0.000000000,0.012727705,0.999918999,2
1782463463.986672163,6.151369333,1832,vicon_state_data,ball,1,0,-0.185246066,0.194820227,1.169782120,0.000000000,0.000000000,0.000000000,1.000000000,1,-0.867152114,-0.378870871,0.820616630,0.000000000,0.000000000,0.015970009,0.999872471,2
1782463463.989997149,6.154694319,1833,vicon_state_data,ball,1,0,-0.183673835,0.197660427,1.174040289,0.000000000,0.000000000,0.000000000,1.000000000,1,-0.867122750,-0.378824231,0.820633624,0.000000000,0.000000000,0.015955823,0.999872698,2
1782463463.993295908,6.157993078,1834,vicon_state_data,ball,1,0,-0.182895668,0.196796769,1.173582845,0.000000000,0.000000000,0.000000000,1.000000000,1,-0.867063720,-0.378839185,0.820604643,0.000000000,0.000000000,0.015640307,0.999877683,2
1782463463.996951580,6.161648750,1835,vicon_state_data,ball,1,0,-0.181684917,0.197890228,1.175465446,0.000000000,0.000000000,0.000000000,1.000000000,1,-0.866688819,-0.379041842,0.819967428,0.000000000,0.000000000,0.012552035,0.999921220,2
1782463464.000318527,6.165015697,1836,vicon_state_data,ball,1,0,-0.180470255,0.198945725,1.177373894,0.000000000,0.000000000,0.000000000,1.000000000,1,-0.866717190,-0.378935441,0.820016512,0.000000000,0.000000000,0.012837453,0.999917597,2
1782463464.003278494,6.167975664,1837,vicon_state_data,ball,1,0,-0.179177050,0.199932410,1.179145948,0.000000000,0.000000000,0.000000000,1.000000000,1,-0.867001546,-0.378724567,0.820629365,0.000000000,0.000000000,0.015535319,0.999879320,2
1782463464.006699800,6.171396971,1838,vicon_state_data,ball,1,0,-0.177922219,0.201003878,1.181058718,0.000000000,0.000000000,0.000000000,1.000000000,1,-0.866666982,-0.378855903,0.819986046,0.000000000,0.000000000,0.012687759,0.999919507,2
1782463464.009917021,6.174614191,1839,vicon_state_data,ball,1,0,-0.176686465,0.202133521,1.183054202,0.000000000,0.000000000,0.000000000,1.000000000,1,-0.866999210,-0.378576731,0.820648786,0.000000000,0.000000000,0.015876192,0.999873965,2
1782463464.013357162,6.178054333,1840,vicon_state_data,ball,1,0,-0.175432659,0.203302329,1.185115723,0.000000000,0.000000000,0.000000000,1.000000000,1,-0.866669621,-0.378747685,0.820007076,0.000000000,0.000000000,0.012992339,0.999915596,2
1782463464.016924620,6.181621790,1841,vicon_state_data,ball,1,0,-0.174111107,0.204362400,1.187071959,0.000000000,0.000000000,0.000000000,1.000000000,1,-0.866718311,-0.378621712,0.820054294,0.000000000,0.000000000,0.013737085,0.999905642,2
1782463464.020108461,6.184805632,1842,vicon_state_data,ball,1,0,-0.172827389,0.205528295,1.189194403,0.000000000,0.000000000,0.000000000,1.000000000,1,-0.866944506,-0.378459251,0.820641502,0.000000000,0.000000000,0.015847020,0.999874428,2
1782463464.023553610,6.188250780,1843,vicon_state_data,ball,1,0,-0.171581690,0.206634917,1.191388954,0.000000000,0.000000000,0.000000000,1.000000000,1,-0.866930779,-0.378432147,0.820634227,0.000000000,0.000000000,0.015847080,0.999874427,2
1782463464.026699543,6.191396713,1844,vicon_state_data,ball,1,0,-0.170345771,0.207731242,1.193646823,0.000000000,0.000000000,0.000000000,1.000000000,1,-0.866910230,-0.378410285,0.820643950,0.000000000,0.000000000,0.015860269,0.999874218,2
1782463464.030111074,6.194808245,1845,vicon_state_data,ball,1,0,-0.169063770,0.208862392,1.195888935,0.000000000,0.000000000,0.000000000,1.000000000,1,-0.867216631,-0.377918174,0.820453244,0.000000000,0.000000000,0.018740180,0.999824387,2
1782463464.033396244,6.198093414,1846,vicon_state_data,ball,1,0,-0.167861020,0.209980991,1.198273603,0.000000000,0.000000000,0.000000000,1.000000000,1,-0.867391564,-0.377662582,0.820570616,0.000000000,0.000000000,0.020388586,0.999792131,2
1782463464.036750078,6.201447248,1847,vicon_state_data,ball,1,0,-0.166675230,0.211181510,1.200797202,0.000000000,0.000000000,0.000000000,1.000000000,1,-0.867514173,-0.377504093,0.820683226,0.000000000,0.000000000,0.021570470,0.999767330,2
1782463464.039882660,6.204579830,1848,vicon_state_data,ball,1,0,-0.165465694,0.212326762,1.203179163,0.000000000,0.000000000,0.000000000,1.000000000,1,-0.867513655,-0.377455725,0.820709055,0.000000000,0.000000000,0.021871257,0.999760795,2
1782463464.043574810,6.208271980,1849,vicon_state_data,ball,1,0,-0.164292477,0.213458006,1.205691588,0.000000000,0.000000000,0.000000000,1.000000000,1,-0.867646348,-0.377286974,0.820808097,0.000000000,0.000000000,0.022933944,0.999736983,2
1782463464.046757460,6.211454630,1850,vicon_state_data,ball,1,0,-0.163114549,0.214641529,1.208374143,0.000000000,0.000000000,0.000000000,1.000000000,1,-0.867072252,-0.377574417,0.820721324,0.000000000,0.000000000,0.018025413,0.999837529,2
1782463464.049996614,6.214693785,1851,vicon_state_data,ball,1,0,-0.162037040,0.215835088,1.211069848,0.000000000,0.000000000,0.000000000,1.000000000,1,-0.866711122,-0.378161083,0.820602730,0.000000000,0.000000000,0.015596526,0.999878367,2
1782463464.053256750,6.217953920,1852,vicon_state_data,ball,1,0,-0.160973660,0.216992240,1.213775165,0.000000000,0.000000000,0.000000000,1.000000000,1,-0.866681038,-0.378167212,0.820600055,0.000000000,0.000000000,0.015484901,0.999880102,2
1782463464.056612968,6.221310139,1853,vicon_state_data,ball,1,0,-0.159927475,0.218193262,1.216605194,0.000000000,0.000000000,0.000000000,1.000000000,1,-0.866747508,-0.378741431,0.820596471,0.000000000,0.000000000,0.012360505,0.999923606,2
1782463464.060530424,6.225227594,1854,vicon_state_data,ball,1,0,-0.158920562,0.219295606,1.219320463,0.000000000,0.000000000,0.000000000,1.000000000,1,-0.866959613,-0.377517813,0.820727139,0.000000000,0.000000000,0.017810529,0.999841380,2
1782463464.063477278,6.228174448,1855,vicon_state_data,ball,1,0,-0.157961233,0.220432534,1.222108923,0.000000000,0.000000000,0.000000000,1.000000000,1,-0.867055269,-0.378268930,0.820918328,0.000000000,0.000000000,0.014047461,0.999901330,2
1782463464.066748142,6.231445312,1856,vicon_state_data,ball,1,0,-0.157027694,0.221614235,1.224892393,0.000000000,0.000000000,0.000000000,1.000000000,1,-0.866560700,-0.378146116,0.820570850,0.000000000,0.000000000,0.015265636,0.999883473,2
1782463464.069962502,6.234659672,1857,vicon_state_data,ball,1,0,-0.155996332,0.222207683,1.227931519,0.000000000,0.000000000,0.000000000,1.000000000,1,-0.866872045,-0.377475327,0.820692089,0.000000000,0.000000000,0.017619776,0.999844760,2
1782463464.073611498,6.238308668,1858,vicon_state_data,ball,1,0,-0.155309559,0.223907828,1.230515746,0.000000000,0.000000000,0.000000000,1.000000000,1,-0.866889625,-0.378076117,0.820749551,0.000000000,0.000000000,0.014280150,0.999898033,2
1782463464.076649666,6.241346836,1859,vicon_state_data,ball,1,0,-0.154487272,0.225100978,1.233369441,0.000000000,0.000000000,0.000000000,1.000000000,1,-0.866453704,-0.378081491,0.820515543,0.000000000,0.000000000,0.014891261,0.999889119,2
1782463464.080546856,6.245244026,1860,vicon_state_data,ball,1,0,-0.153694356,0.226159737,1.236216679,0.000000000,0.000000000,0.000000000,1.000000000,1,-0.866702385,-0.377431987,0.820588929,0.000000000,0.000000000,0.016922602,0.999856803,2
1782463464.083321095,6.248018265,1861,vicon_state_data,ball,1,0,-0.152926753,0.227382682,1.239118208,0.000000000,0.000000000,0.000000000,1.000000000,1,-0.866652556,-0.377426254,0.820554552,0.000000000,0.000000000,0.016604013,0.999862144,2
1782463464.086616516,6.251313686,1862,vicon_state_data,ball,1,0,-0.152814668,0.229232578,1.242820437,0.000000000,0.000000000,0.000000000,1.000000000,1,-0.866648171,-0.377383643,0.820585749,0.000000000,0.000000000,0.016771135,0.999859355,2
1782463464.089937449,6.254634619,1863,vicon_state_data,ball,1,0,-0.151494528,0.229558960,1.244988220,0.000000000,0.000000000,0.000000000,1.000000000,1,-0.866561843,-0.377369446,0.820506399,0.000000000,0.000000000,0.016409564,0.999865354,2
1782463464.093299866,6.257997036,1864,vicon_state_data,ball,1,0,-0.150837763,0.230717447,1.247963820,0.000000000,0.000000000,0.000000000,1.000000000,1,-0.866328605,-0.378358430,0.820369466,0.000000000,0.000000000,0.012245319,0.999925023,2
1782463464.097116232,6.261813402,1865,vicon_state_data,ball,1,0,-0.150243488,0.231850220,1.250915304,0.000000000,0.000000000,0.000000000,1.000000000,1,-0.866636578,-0.377899282,0.820699203,0.000000000,0.000000000,0.013507384,0.999908771,2
1782463464.099987268,6.264684439,1866,vicon_state_data,ball,1,0,-0.149672301,0.232977805,1.253958356,0.000000000,0.000000000,0.000000000,1.000000000,1,-0.866605618,-0.377967105,0.820728573,0.000000000,0.000000000,0.013157110,0.999913441,2
1782463464.103343964,6.268041134,1867,vicon_state_data,ball,1,0,-0.149148529,0.234083717,1.256935176,0.000000000,0.000000000,0.000000000,1.000000000,1,-0.866065119,-0.377977461,0.820354813,0.000000000,0.000000000,0.013409985,0.999910082,2
1782463464.106663227,6.271360397,1868,vicon_state_data,ball,1,0,-0.148676720,0.235077076,1.259920859,0.000000000,0.000000000,0.000000000,1.000000000,1,-0.866354503,-0.377316133,0.820473446,0.000000000,0.000000000,0.015668471,0.999877242,2
1782463464.109876633,6.274573803,1869,vicon_state_data,ball,1,0,-0.148198674,0.236218538,1.262965053,0.000000000,0.000000000,0.000000000,1.000000000,1,-0.866225199,-0.377371992,0.820379387,0.000000000,0.000000000,0.014873179,0.999889388,2
1782463464.113778114,6.278475285,1870,vicon_state_data,ball,1,0,-0.147806664,0.237266891,1.265933047,0.000000000,0.000000000,0.000000000,1.000000000,1,-0.866211991,-0.377365032,0.820409555,0.000000000,0.000000000,0.014833506,0.999889977,2
1782463464.116904497,6.281601667,1871,vicon_state_data,ball,1,0,-0.147453154,0.238357045,1.268933182,0.000000000,0.000000000,0.000000000,1.000000000,1,-0.866172835,-0.377402850,0.820412908,0.000000000,0.000000000,0.014613336,0.999893220,2
1782463464.120131254,6.284828424,1872,vicon_state_data,ball,1,0,-0.147197242,0.239504514,1.271940355,0.000000000,0.000000000,0.000000000,1.000000000,1,-0.866368871,-0.378046477,0.820800017,0.000000000,0.000000000,0.011910712,0.999929065,2
1782463464.123430729,6.288127899,1873,vicon_state_data,ball,1,0,-0.146955163,0.240574008,1.274893617,0.000000000,0.000000000,0.000000000,1.000000000,1,-0.866122570,-0.377426474,0.820453440,0.000000000,0.000000000,0.014302898,0.999897708,2
1782463464.126712799,6.291409969,1874,vicon_state_data,ball,1,0,-0.146749240,0.241609024,1.277782402,0.000000000,0.000000000,0.000000000,1.000000000,1,-0.866153722,-0.377330457,0.820481326,0.000000000,0.000000000,0.014891293,0.999889119,2
1782463464.130002737,6.294699907,1875,vicon_state_data,ball,1,0,-0.146610466,0.242737285,1.280652518,0.000000000,0.000000000,0.000000000,1.000000000,1,-0.866113968,-0.377378630,0.820504014,0.000000000,0.000000000,0.014659780,0.999892540,2
1782463464.133300304,6.297997475,1876,vicon_state_data,ball,1,0,-0.146558529,0.243899448,1.283563623,0.000000000,0.000000000,0.000000000,1.000000000,1,-0.865981326,-0.377383622,0.820357685,0.000000000,0.000000000,0.014116059,0.999900363,2
1782463464.136676550,6.301373720,1877,vicon_state_data,ball,1,0,-0.146534956,0.244972355,1.286333302,0.000000000,0.000000000,0.000000000,1.000000000,1,-0.866011895,-0.377351596,0.820413996,0.000000000,0.000000000,0.014409951,0.999896171,2
1782463464.140358210,6.305055380,1878,vicon_state_data,ball,1,0,-0.146535076,0.246149147,1.289135135,0.000000000,0.000000000,0.000000000,1.000000000,1,-0.866213076,-0.377962300,0.820758783,0.000000000,0.000000000,0.011948637,0.999928612,2
1782463464.143348932,6.308046103,1879,vicon_state_data,ball,1,0,-0.146678349,0.247256398,1.291853786,0.000000000,0.000000000,0.000000000,1.000000000,1,-0.865935720,-0.377346060,0.820387823,0.000000000,0.000000000,0.014200048,0.999899174,2
1782463464.146807194,6.311504364,1880,vicon_state_data,ball,1,0,-0.147809782,0.249346851,1.295647519,0.000000000,0.000000000,0.000000000,1.000000000,1,-0.863174327,-0.384369929,0.820453979,0.000000000,0.000000000,0.000000000,1.000000000,2
1782463464.149919510,6.314616680,1881,vicon_state_data,ball,1,0,-0.148024645,0.250503333,1.298302242,0.000000000,0.000000000,0.000000000,1.000000000,1,-0.863174327,-0.384369929,0.820453979,0.000000000,0.000000000,0.000000000,1.000000000,2
1782463464.153450012,6.318147182,1882,vicon_state_data,ball,1,0,-0.147276743,0.250733273,1.299768900,0.000000000,0.000000000,0.000000000,1.000000000,1,-0.863174327,-0.384369929,0.820453979,0.000000000,0.000000000,0.000000000,1.000000000,2
1782463464.156543732,6.321240902,1883,vicon_state_data,ball,1,0,-0.148524121,0.252760858,1.303345598,0.000000000,0.000000000,0.000000000,1.000000000,1,-0.863174327,-0.384369929,0.820453979,0.000000000,0.000000000,0.000000000,1.000000000,2
1782463464.159816265,6.324513435,1884,vicon_state_data,ball,1,0,-0.148916543,0.253963264,1.305843669,0.000000000,0.000000000,0.000000000,1.000000000,1,-0.863174327,-0.384369929,0.820453979,0.000000000,0.000000000,0.000000000,1.000000000,2
1782463464.163162708,6.327859879,1885,vicon_state_data,ball,1,0,-0.149261025,0.255123758,1.308226645,0.000000000,0.000000000,0.000000000,1.000000000,1,-0.863174327,-0.384369929,0.820453979,0.000000000,0.000000000,0.000000000,1.000000000,2
1782463464.166916609,6.331613779,1886,vicon_state_data,ball,1,0,-0.149775982,0.256297932,1.310645991,0.000000000,0.000000000,0.000000000,1.000000000,1,-0.863174327,-0.384369929,0.820453979,0.000000000,0.000000000,0.000000000,1.000000000,2
1782463464.170023918,6.334721088,1887,vicon_state_data,ball,1,0,-0.150339266,0.257574283,1.313072074,0.000000000,0.000000000,0.000000000,1.000000000,1,-0.863174327,-0.384369929,0.820453979,0.000000000,0.000000000,0.000000000,1.000000000,2
1782463464.173232317,6.337929487,1888,vicon_state_data,ball,1,0,-0.150887881,0.258750581,1.315323888,0.000000000,0.000000000,0.000000000,1.000000000,1,-0.863174327,-0.384369929,0.820453979,0.000000000,0.000000000,0.000000000,1.000000000,2
1782463464.176676750,6.341373920,1889,vicon_state_data,ball,1,0,-0.151496501,0.259936367,1.317497199,0.000000000,0.000000000,0.000000000,1.000000000,1,-0.865837385,-0.376762128,0.820619630,0.000000000,0.000000000,0.006738367,0.999977297,2
1782463464.180014849,6.344712019,1890,vicon_state_data,ball,1,0,-0.152224852,0.261217753,1.319765557,0.000000000,0.000000000,0.000000000,1.000000000,1,-0.865613996,-0.377422739,0.820175164,0.000000000,0.000000000,0.014356442,0.999896941,2
1782463464.183352947,6.348050117,1891,vicon_state_data,ball,1,0,-0.152941790,0.262410405,1.321823651,0.000000000,0.000000000,0.000000000,1.000000000,1,-0.865398947,-0.377661257,0.820102864,0.000000000,0.000000000,0.012656194,0.999919907,2
1782463464.186600924,6.351298094,1892,vicon_state_data,ball,1,0,-0.153806816,0.263678181,1.323906644,0.000000000,0.000000000,0.000000000,1.000000000,1,-0.864900374,-0.378250176,0.820072389,0.000000000,0.000000000,0.008207380,0.999966319,2
1782463464.189840078,6.354537249,1893,vicon_state_data,ball,1,0,-0.154560109,0.264897693,1.325780504,0.000000000,0.000000000,0.000000000,1.000000000,1,-0.865048455,-0.377999532,0.819957528,0.000000000,0.000000000,0.009845528,0.999951532,2
1782463464.193199158,6.357896328,1894,vicon_state_data,ball,1,0,-0.155542421,0.266219800,1.327799045,0.000000000,0.000000000,0.000000000,1.000000000,1,-0.864781817,-0.378378541,0.820067755,0.000000000,0.000000000,0.007393373,0.999972669,2
1782463464.196551561,6.361248732,1895,vicon_state_data,ball,1,0,-0.156482640,0.267453447,1.329572984,0.000000000,0.000000000,0.000000000,1.000000000,1,-0.864743986,-0.378418141,0.820051654,0.000000000,0.000000000,0.007210067,0.999974007,2
1782463464.200034857,6.364732027,1896,vicon_state_data,ball,1,0,-0.157422711,0.268706114,1.331241860,0.000000000,0.000000000,0.000000000,1.000000000,1,-0.864722225,-0.378411301,0.820041421,0.000000000,0.000000000,0.007221683,0.999973923,2
1782463464.203287363,6.367984533,1897,vicon_state_data,ball,1,0,-0.158479193,0.269977086,1.332947142,0.000000000,0.000000000,0.000000000,1.000000000,1,-0.864725738,-0.378327094,0.820044593,0.000000000,0.000000000,0.007507685,0.999971817,2
1782463464.206693411,6.371390581,1898,vicon_state_data,ball,1,0,-0.159587105,0.271237356,1.334516392,0.000000000,0.000000000,0.000000000,1.000000000,1,-0.864831082,-0.377951178,0.819849698,0.000000000,0.000000000,0.008760899,0.999961623,2
1782463464.209925890,6.374623060,1899,vicon_state_data,ball,1,0,-0.160771338,0.272557473,1.336092032,0.000000000,0.000000000,0.000000000,1.000000000,1,-0.864822329,-0.378054593,0.820148033,0.000000000,0.000000000,0.008990994,0.999959580,2
1782463464.213362455,6.378059626,1900,vicon_state_data,ball,1,0,-0.162088688,0.273862447,1.337647593,0.000000000,0.000000000,0.000000000,1.000000000,1,-0.864738130,-0.378004990,0.819841486,0.000000000,0.000000000,0.008442989,0.999964357,2
1782463464.216740847,6.381438017,1901,vicon_state_data,ball,1,0,-0.163410480,0.275173036,1.339072602,0.000000000,0.000000000,0.000000000,1.000000000,1,-0.864771276,-0.378039109,0.820103449,0.000000000,0.000000000,0.008876016,0.999960607,2
1782463464.220007181,6.384704351,1902,vicon_state_data,ball,1,0,-0.164638803,0.276351368,1.340299442,0.000000000,0.000000000,0.000000000,1.000000000,1,-0.864682107,-0.378036031,0.819812305,0.000000000,0.000000000,0.008291966,0.999965621,2
1782463464.223578215,6.388275385,1903,vicon_state_data,ball,1,0,-0.166260365,0.277835490,1.341814614,0.000000000,0.000000000,0.000000000,1.000000000,1,-0.864688350,-0.378094782,0.820113801,0.000000000,0.000000000,0.008463095,0.999964187,2
1782463464.226821899,6.391519070,1904,vicon_state_data,ball,1,0,-0.167682662,0.279024438,1.342886635,0.000000000,0.000000000,0.000000000,1.000000000,1,-0.864606512,-0.378147556,0.820040369,0.000000000,0.000000000,0.008064001,0.999967485,2
1782463464.230400324,6.395097494,1905,vicon_state_data,ball,1,0,-0.169343997,0.280383084,1.344154202,0.000000000,0.000000000,0.000000000,1.000000000,1,-0.864667451,-0.378331322,0.820066881,0.000000000,0.000000000,0.006990565,0.999975566,2
1782463464.233263254,6.397960424,1906,vicon_state_data,ball,1,0,-0.171149444,0.281755328,1.345373985,0.000000000,0.000000000,0.000000000,1.000000000,1,-0.864602901,-0.378162521,0.820138274,0.000000000,0.000000000,0.008011855,0.999967905,2
1782463464.236620426,6.401317596,1907,vicon_state_data,ball,1,0,-0.172937101,0.283080411,1.346459602,0.000000000,0.000000000,0.000000000,1.000000000,1,-0.864513789,-0.378034513,0.819835369,0.000000000,0.000000000,0.007980783,0.999968153,2
1782463464.239869118,6.404566288,1908,vicon_state_data,ball,1,0,-0.174842930,0.284485669,1.347562068,0.000000000,0.000000000,0.000000000,1.000000000,1,-0.864512631,-0.378393261,0.819983392,0.000000000,0.000000000,0.006705927,0.999977515,2
1782463464.243300676,6.407997847,1909,vicon_state_data,ball,1,0,-0.176813993,0.285857983,1.348595566,0.000000000,0.000000000,0.000000000,1.000000000,1,-0.864451583,-0.378095884,0.819816016,0.000000000,0.000000000,0.007694812,0.999970394,2
1782463464.247555256,6.412252426,1910,vicon_state_data,ball,1,0,-0.178856957,0.287244362,1.349556222,0.000000000,0.000000000,0.000000000,1.000000000,1,-0.864376280,-0.378260229,0.820021557,0.000000000,0.000000000,0.007179149,0.999974230,2
1782463464.250345230,6.415042400,1911,vicon_state_data,ball,1,0,-0.181008322,0.288711726,1.350552254,0.000000000,0.000000000,0.000000000,1.000000000,1,-0.864361679,-0.378129228,0.819783844,0.000000000,0.000000000,0.007428921,0.999972405,2
1782463464.253308535,6.418005705,1912,vicon_state_data,ball,1,0,-0.183149249,0.290048543,1.351389679,0.000000000,0.000000000,0.000000000,1.000000000,1,-0.864105356,-0.378618184,0.819694621,0.000000000,0.000000000,0.004057672,0.999991768,2
1782463464.256680727,6.421377897,1913,vicon_state_data,ball,1,0,-0.185438141,0.291514265,1.352284742,0.000000000,0.000000000,0.000000000,1.000000000,1,-0.864240988,-0.378364284,0.819971988,0.000000000,0.000000000,0.006537155,0.999978633,2
1782463464.259951591,6.424648762,1914,vicon_state_data,ball,1,0,-0.187708292,0.292838009,1.353001715,0.000000000,0.000000000,0.000000000,1.000000000,1,-0.864363111,-0.378413436,0.820167643,0.000000000,0.000000000,0.006773252,0.999977061,2
1782463464.263401747,6.428098917,1915,vicon_state_data,ball,1,0,-0.189843437,0.293643268,1.353483505,0.000000000,0.000000000,0.000000000,1.000000000,1,-0.864259789,-0.378151244,0.819822636,0.000000000,0.000000000,0.007446573,0.999972274,2
1782463464.266710997,6.431408167,1916,vicon_state_data,ball,1,0,-0.192371237,0.295489751,1.354321655,0.000000000,0.000000000,0.000000000,1.000000000,1,-0.864306393,-0.378409688,0.820089809,0.000000000,0.000000000,0.006773626,0.999977059,2
1782463464.269999981,6.434697151,1917,vicon_state_data,ball,1,0,-0.194864749,0.296979042,1.354989720,0.000000000,0.000000000,0.000000000,1.000000000,1,-0.864213777,-0.378154281,0.819840886,0.000000000,0.000000000,0.007367005,0.999972863,2
1782463464.273487568,6.438184738,1918,vicon_state_data,ball,1,0,-0.197409739,0.298379680,1.355532230,0.000000000,0.000000000,0.000000000,1.000000000,1,-0.864226411,-0.378172384,0.819884346,0.000000000,0.000000000,0.007506491,0.999971826,2
1782463464.276688337,6.441385508,1919,vicon_state_data,ball,1,0,-0.200001539,0.299817965,1.356022114,0.000000000,0.000000000,0.000000000,1.000000000,1,-0.864118326,-0.378332662,0.820039828,0.000000000,0.000000000,0.006639614,0.999977958,2
1782463464.280583858,6.445281029,1920,vicon_state_data,ball,1,0,-0.202641730,0.301235418,1.356468589,0.000000000,0.000000000,0.000000000,1.000000000,1,-0.864229337,-0.378410693,0.820165819,0.000000000,0.000000000,0.006691930,0.999977609,2
1782463464.283392906,6.448090076,1921,vicon_state_data,ball,1,0,-0.205397048,0.302659629,1.356873606,0.000000000,0.000000000,0.000000000,1.000000000,1,-0.864163948,-0.378480888,0.820039460,0.000000000,0.000000000,0.006308295,0.999980103,2
1782463464.286624193,6.451321363,1922,vicon_state_data,ball,1,0,-0.208137312,0.304040250,1.357226067,0.000000000,0.000000000,0.000000000,1.000000000,1,-0.864047416,-0.378328637,0.820019886,0.000000000,0.000000000,0.006663127,0.999977801,2
1782463464.289930820,6.454627991,1923,vicon_state_data,ball,1,0,-0.210980811,0.305472079,1.357512725,0.000000000,0.000000000,0.000000000,1.000000000,1,-0.863805132,-0.378593769,0.819697641,0.000000000,0.000000000,0.004090199,0.999991635,2
1782463464.293489218,6.458186388,1924,vicon_state_data,ball,1,0,-0.213858882,0.306918563,1.357792254,0.000000000,0.000000000,0.000000000,1.000000000,1,-0.863739656,-0.378597249,0.819710353,0.000000000,0.000000000,0.003916438,0.999992331,2
1782463464.296794415,6.461491585,1925,vicon_state_data,ball,1,0,-0.216772975,0.308298141,1.357975152,0.000000000,0.000000000,0.000000000,1.000000000,1,-0.864059477,-0.378470686,0.820091635,0.000000000,0.000000000,0.006404574,0.999979491,2
1782463464.300117254,6.464814425,1926,vicon_state_data,ball,1,0,-0.219770781,0.309679499,1.358090210,0.000000000,0.000000000,0.000000000,1.000000000,1,-0.863990451,-0.378408731,0.820030184,0.000000000,0.000000000,0.006267425,0.999980360,2
1782463464.303334236,6.468031406,1927,vicon_state_data,ball,1,0,-0.222798685,0.311117209,1.358192815,0.000000000,0.000000000,0.000000000,1.000000000,1,-0.863917145,-0.378193374,0.819813143,0.000000000,0.000000000,0.007083050,0.999974915,2
1782463464.306754351,6.471451521,1928,vicon_state_data,ball,1,0,-0.225918063,0.312492003,1.358164349,0.000000000,0.000000000,0.000000000,1.000000000,1,-0.863845189,-0.378390097,0.820030023,0.000000000,0.000000000,0.006337288,0.999979919,2
1782463464.309946299,6.474643469,1929,vicon_state_data,ball,1,0,-0.229126960,0.313933710,1.358140770,0.000000000,0.000000000,0.000000000,1.000000000,1,-0.863957862,-0.378405384,0.820165515,0.000000000,0.000000000,0.006436244,0.999979287,2
1782463464.313239813,6.477936983,1930,vicon_state_data,ball,1,0,-0.232347539,0.315364032,1.358038022,0.000000000,0.000000000,0.000000000,1.000000000,1,-0.863949461,-0.378492440,0.820190943,0.000000000,0.000000000,0.006381903,0.999979635,2
1782463464.316611528,6.481308699,1931,vicon_state_data,ball,1,0,-0.235660456,0.316730138,1.357859714,0.000000000,0.000000000,0.000000000,1.000000000,1,-0.863938136,-0.378495528,0.820290267,0.000000000,0.000000000,0.006456083,0.999979159,2
1782463464.319872856,6.484570026,1932,vicon_state_data,ball,1,0,-0.239027383,0.318114795,1.357625345,0.000000000,0.000000000,0.000000000,1.000000000,1,-0.863742738,-0.378444365,0.820057629,0.000000000,0.000000000,0.006093694,0.999981433,2
1782463464.323510170,6.488207340,1933,vicon_state_data,ball,1,0,-0.242434689,0.319496236,1.357339760,0.000000000,0.000000000,0.000000000,1.000000000,1,-0.863886309,-0.378470985,0.820220586,0.000000000,0.000000000,0.006459716,0.999979136,2
1782463464.326913595,6.491610765,1934,vicon_state_data,ball,1,0,-0.245927985,0.320873504,1.356985212,0.000000000,0.000000000,0.000000000,1.000000000,1,-0.863824366,-0.378460094,0.820161766,0.000000000,0.000000000,0.006279373,0.999980285,2
1782463464.330184460,6.494881630,1935,vicon_state_data,ball,1,0,-0.249462838,0.322178759,1.356556895,0.000000000,0.000000000,0.000000000,1.000000000,1,-0.863800291,-0.378499630,0.820211072,0.000000000,0.000000000,0.006291449,0.999980209,2
1782463464.333559752,6.498256922,1936,vicon_state_data,ball,1,0,-0.253095323,0.323568253,1.356139708,0.000000000,0.000000000,0.000000000,1.000000000,1,-0.863793652,-0.378468424,0.820185722,0.000000000,0.000000000,0.006319504,0.999980032,2
1782463464.336694479,6.501391649,1937,vicon_state_data,ball,1,0,-0.256749403,0.324864281,1.355585775,0.000000000,0.000000000,0.000000000,1.000000000,1,-0.863642173,-0.378430437,0.820025619,0.000000000,0.000000000,0.006215630,0.999980683,2
1782463464.340022326,6.504719496,1938,vicon_state_data,ball,1,0,-0.260452767,0.326187199,1.355087364,0.000000000,0.000000000,0.000000000,1.000000000,1,-0.863637805,-0.378256615,0.819818852,0.000000000,0.000000000,0.006765724,0.999977112,2
1782463464.343274832,6.507972002,1939,vicon_state_data,ball,1,0,-0.264221717,0.327429053,1.354493539,0.000000000,0.000000000,0.000000000,1.000000000,1,-0.863703716,-0.378509704,0.820060865,0.000000000,0.000000000,0.005867466,0.999982786,2
1782463464.346631050,6.511328220,1940,vicon_state_data,ball,1,0,-0.268012255,0.328653483,1.353816845,0.000000000,0.000000000,0.000000000,1.000000000,1,-0.863550773,-0.378437516,0.820059697,0.000000000,0.000000000,0.006056399,0.999981660,2
1782463464.350052834,6.514750004,1941,vicon_state_data,ball,1,0,-0.271922173,0.329798674,1.353173225,0.000000000,0.000000000,0.000000000,1.000000000,1,-0.863544181,-0.378413966,0.820163906,0.000000000,0.000000000,0.006245849,0.999980494,2
1782463464.353710413,6.518407583,1942,vicon_state_data,ball,1,0,-0.275794548,0.331022995,1.352444194,0.000000000,0.000000000,0.000000000,1.000000000,1,-0.863636308,-0.378474240,0.820258140,0.000000000,0.000000000,0.006273769,0.999980320,2
1782463464.357137442,6.521834612,1943,vicon_state_data,ball,1,0,-0.279751746,0.332020830,1.351689675,0.000000000,0.000000000,0.000000000,1.000000000,1,-0.863297054,-0.378564557,0.819832180,0.000000000,0.000000000,0.004249069,0.999990973,2
1782463464.360189676,6.524886847,1944,vicon_state_data,ball,1,0,-0.283764222,0.333079331,1.350939512,0.000000000,0.000000000,0.000000000,1.000000000,1,-0.863367401,-0.378414908,0.820005128,0.000000000,0.000000000,0.005745249,0.999983496,2
1782463464.363351583,6.528048754,1945,vicon_state_data,ball,1,0,-0.287801206,0.334037737,1.350108731,0.000000000,0.000000000,0.000000000,1.000000000,1,-0.863522127,-0.378455461,0.820291447,0.000000000,0.000000000,0.006232722,0.999980576,2
1782463464.366739511,6.531436682,1946,vicon_state_data,ball,1,0,-0.291876145,0.335036109,1.349311571,0.000000000,0.000000000,0.000000000,1.000000000,1,-0.863385983,-0.378252389,0.819843245,0.000000000,0.000000000,0.006516653,0.999978766,2
1782463464.370162487,6.534859657,1947,vicon_state_data,ball,1,0,-0.295902250,0.335844465,1.348396913,0.000000000,0.000000000,0.000000000,1.000000000,1,-0.863427377,-0.378468393,0.820197663,0.000000000,0.000000000,0.005925772,0.999982442,2
1782463464.373458624,6.538155794,1948,vicon_state_data,ball,1,0,-0.299985578,0.336640416,1.347517102,0.000000000,0.000000000,0.000000000,1.000000000,1,-0.863382317,-0.378423608,0.820158034,0.000000000,0.000000000,0.005996338,0.999982022,2
1782463464.376734495,6.541431665,1949,vicon_state_data,ball,1,0,-0.304017117,0.337429049,1.346591062,0.000000000,0.000000000,0.000000000,1.000000000,1,-0.863247841,-0.378399416,0.820014998,0.000000000,0.000000000,0.005739784,0.999983527,2
1782463464.380060911,6.544758081,1950,vicon_state_data,ball,1,0,-0.308081748,0.338098588,1.345527676,0.000000000,0.000000000,0.000000000,1.000000000,1,-0.863393942,-0.378474760,0.820310195,0.000000000,0.000000000,0.006188447,0.999980851,2
1782463464.384343386,6.549040556,1951,vicon_state_data,ball,1,0,-0.312088479,0.338732707,1.344482715,0.000000000,0.000000000,0.000000000,1.000000000,1,-0.863200574,-0.378411292,0.820011157,0.000000000,0.000000000,0.005744595,0.999983500,2
1782463464.387240410,6.551937580,1952,vicon_state_data,ball,1,0,-0.316102830,0.339305076,1.343398470,0.000000000,0.000000000,0.000000000,1.000000000,1,-0.863322084,-0.378529925,0.820120175,0.000000000,0.000000000,0.005765471,0.999983380,2
1782463464.390320778,6.555017948,1953,vicon_state_data,ball,1,0,-0.319648356,0.339637326,1.341864806,0.000000000,0.000000000,0.000000000,1.000000000,1,-0.863262896,-0.378547876,0.820106945,0.000000000,0.000000000,0.005592773,0.999984360,2
1782463464.393501043,6.558198214,1954,vicon_state_data,ball,1,0,-0.323960383,0.340273917,1.341044882,0.000000000,0.000000000,0.000000000,1.000000000,1,-0.863113240,-0.378500016,0.820005248,0.000000000,0.000000000,0.005485231,0.999984956,2
1782463464.396726370,6.561423540,1955,vicon_state_data,ball,1,0,-0.327926524,0.340751604,1.339920110,0.000000000,0.000000000,0.000000000,1.000000000,1,-0.863069188,-0.378543976,0.819955510,0.000000000,0.000000000,0.005316935,0.999985865,2
1782463464.400421858,6.565119028,1956,vicon_state_data,ball,1,0,-0.331509402,0.340938813,1.338390170,0.000000000,0.000000000,0.000000000,1.000000000,1,-0.863102663,-0.378396387,0.819785776,0.000000000,0.000000000,0.005995424,0.999982027,2
1782463464.403624535,6.568321705,1957,vicon_state_data,ball,1,0,-0.335714382,0.341368335,1.337456932,0.000000000,0.000000000,0.000000000,1.000000000,1,-0.863154757,-0.378642660,0.820211302,0.000000000,0.000000000,0.005570270,0.999984486,2
1782463464.406762600,6.571459770,1958,vicon_state_data,ball,1,0,-0.339376097,0.341612072,1.335971492,0.000000000,0.000000000,0.000000000,1.000000000,1,-0.863027104,-0.378675884,0.819897321,0.000000000,0.000000000,0.004762270,0.999988660,2
1782463464.410138845,6.574836016,1959,vicon_state_data,ball,1,0,-0.343453413,0.341905683,1.334879924,0.000000000,0.000000000,0.000000000,1.000000000,1,-0.863098781,-0.378637402,0.820026265,0.000000000,0.000000000,0.005343267,0.999985725,2
1782463464.413436413,6.578133583,1960,vicon_state_data,ball,1,0,-0.347313995,0.342175974,1.333402594,0.000000000,0.000000000,0.000000000,1.000000000,1,-0.862963354,-0.378619524,0.819941535,0.000000000,0.000000000,0.005295495,0.999985979,2
1782463464.416992188,6.581689358,1961,vicon_state_data,ball,1,0,-0.351235922,0.342463281,1.331844827,0.000000000,0.000000000,0.000000000,1.000000000,1,-0.862814142,-0.378787281,0.819693338,0.000000000,0.000000000,0.003505378,0.999993856,2
1782463464.420090437,6.584787607,1962,vicon_state_data,ball,1,0,-0.355049567,0.342682222,1.330175858,0.000000000,0.000000000,0.000000000,1.000000000,1,-0.863064101,-0.378680409,0.820051749,0.000000000,0.000000000,0.005383845,0.999985507,2
1782463464.423313379,6.588010550,1963,vicon_state_data,ball,1,0,-0.358862127,0.342876216,1.328393479,0.000000000,0.000000000,0.000000000,1.000000000,1,-0.863007264,-0.378723510,0.819996350,0.000000000,0.000000000,0.005225958,0.999986345,2
1782463464.426683664,6.591380835,1964,vicon_state_data,ball,1,0,-0.362712456,0.343094226,1.326526718,0.000000000,0.000000000,0.000000000,1.000000000,1,-0.862885544,-0.378671063,0.819952625,0.000000000,0.000000000,0.005131548,0.999986834,2
1782463464.430050135,6.594747305,1965,vicon_state_data,ball,1,0,-0.366486595,0.343248926,1.324465249,0.000000000,0.000000000,0.000000000,1.000000000,1,-0.862966342,-0.378780779,0.820015982,0.000000000,0.000000000,0.005157488,0.999986700,2
1782463464.433716297,6.598413467,1966,vicon_state_data,ball,1,0,-0.370061612,0.343266463,1.322165588,0.000000000,0.000000000,0.000000000,1.000000000,1,-0.862988767,-0.378806981,0.820042611,0.000000000,0.000000000,0.005213931,0.999986407,2
1782463464.436705351,6.601402521,1967,vicon_state_data,ball,1,0,-0.372679505,0.342782134,1.318972394,0.000000000,0.000000000,0.000000000,1.000000000,1,-0.862970960,-0.378836183,0.820111676,0.000000000,0.000000000,0.005307127,0.999985917,2
1782463464.440275431,6.604972601,1968,vicon_state_data,ball,1,0,-0.376778876,0.342955585,1.316938334,0.000000000,0.000000000,0.000000000,1.000000000,1,-0.862880206,-0.378648503,0.819800578,0.000000000,0.000000000,0.005825021,0.999983034,2
1782463464.443409204,6.608106375,1969,vicon_state_data,ball,1,0,-0.380923596,0.343642098,1.314997881,0.000000000,0.000000000,0.000000000,1.000000000,1,-0.862709013,-0.378928139,0.819773747,0.000000000,0.000000000,0.003832119,0.999992657,2
1782463464.446733236,6.611430407,1970,vicon_state_data,ball,1,0,-0.384988306,0.344362555,1.313005093,0.000000000,0.000000000,0.000000000,1.000000000,1,-0.862861221,-0.378764709,0.820069322,0.000000000,0.000000000,0.005725874,0.999983607,2
1782463464.450349569,6.615046740,1971,vicon_state_data,ball,1,0,-0.388582398,0.344245796,1.310165012,0.000000000,0.000000000,0.000000000,1.000000000,1,-0.862749059,-0.378935191,0.819908292,0.000000000,0.000000000,0.004592962,0.999989452,2
1782463464.453294516,6.617991686,1972,vicon_state_data,ball,1,0,-0.391965072,0.343926672,1.306924430,0.000000000,0.000000000,0.000000000,1.000000000,1,-0.862789669,-0.378860683,0.820060506,0.000000000,0.000000000,0.005355831,0.999985657,2
1782463464.456684589,6.621381760,1973,vicon_state_data,ball,1,0,-0.395651779,0.343894754,1.303992098,0.000000000,0.000000000,0.000000000,1.000000000,1,-0.862737849,-0.378972049,0.820027441,0.000000000,0.000000000,0.004753127,0.999988704,2
1782463464.459959984,6.624657154,1974,vicon_state_data,ball,1,0,-0.399782240,0.344333817,1.301782184,0.000000000,0.000000000,0.000000000,1.000000000,1,-0.862656314,-0.379043827,0.819933021,0.000000000,0.000000000,0.004175074,0.999991284,2
1782463464.463339329,6.628036499,1975,vicon_state_data,ball,1,0,-0.403338060,0.344130534,1.298371195,0.000000000,0.000000000,0.000000000,1.000000000,1,-0.862687899,-0.378871801,0.819862805,0.000000000,0.000000000,0.005188964,0.999986537,2
1782463464.467138529,6.631835699,1976,vicon_state_data,ball,1,0,-0.406886767,0.344534269,1.295276346,0.000000000,0.000000000,0.000000000,1.000000000,1,-0.862673276,-0.378904964,0.819953328,0.000000000,0.000000000,0.005229142,0.999986328,2
1782463464.470335245,6.635032415,1977,vicon_state_data,ball,1,0,-0.410956846,0.344459585,1.292025400,0.000000000,0.000000000,0.000000000,1.000000000,1,-0.862654523,-0.378916241,0.819842239,0.000000000,0.000000000,0.005019681,0.999987401,2
1782463464.473437786,6.638134956,1978,vicon_state_data,ball,1,0,-0.414744425,0.344745867,1.288793813,0.000000000,0.000000000,0.000000000,1.000000000,1,-0.862550040,-0.379093078,0.819840323,0.000000000,0.000000000,0.003978215,0.999992087,2
1782463464.476654530,6.641351700,1979,vicon_state_data,ball,1,0,-0.418838515,0.345063058,1.284875033,0.000000000,0.000000000,0.000000000,1.000000000,1,-0.862590229,-0.379002102,0.819803978,0.000000000,0.000000000,0.004839406,0.999988290,2
1782463464.480071306,6.644768476,1980,vicon_state_data,ball,1,0,-0.422898171,0.345280102,1.281724826,0.000000000,0.000000000,0.000000000,1.000000000,1,-0.862507952,-0.379149142,0.819838078,0.000000000,0.000000000,0.003953795,0.999992184,2
1782463464.483912706,6.648609877,1981,vicon_state_data,ball,1,0,-0.426780309,0.345637392,1.278213157,0.000000000,0.000000000,0.000000000,1.000000000,1,-0.862437968,-0.379264928,0.819711028,0.000000000,0.000000000,0.003140805,0.999995068,2
1782463464.487068892,6.651766062,1982,vicon_state_data,ball,1,0,-0.430589932,0.345886075,1.274496869,0.000000000,0.000000000,0.000000000,1.000000000,1,-0.862424068,-0.379275473,0.819753412,0.000000000,0.000000000,0.003186515,0.999994923,2
1782463464.490214348,6.654911518,1983,vicon_state_data,ball,1,0,-0.434335377,0.346068372,1.270458947,0.000000000,0.000000000,0.000000000,1.000000000,1,-0.862500471,-0.379197078,0.819929498,0.000000000,0.000000000,0.004332140,0.999990616,2
1782463464.493417740,6.658114910,1984,vicon_state_data,ball,1,0,-0.438161018,0.346268542,1.266439325,0.000000000,0.000000000,0.000000000,1.000000000,1,-0.862339211,-0.379395187,0.819680908,0.000000000,0.000000000,0.002629526,0.999996543,2
1782463464.497096539,6.661793709,1985,vicon_state_data,ball,1,0,-0.441769158,0.346849546,1.262786093,0.000000000,0.000000000,0.000000000,1.000000000,1,-0.862433367,-0.379410897,0.820013111,0.000000000,0.000000000,0.003613963,0.999993470,2
1782463464.500120878,6.664818048,1986,vicon_state_data,ball,1,0,-0.445650342,0.346808921,1.258803655,0.000000000,0.000000000,0.000000000,1.000000000,1,-0.862248868,-0.379530476,0.819661260,0.000000000,0.000000000,0.002057602,0.999997883,2
1782463464.503287554,6.667984724,1987,vicon_state_data,ball,1,0,-0.449453006,0.347017571,1.254433012,0.000000000,0.000000000,0.000000000,1.000000000,1,-0.862354122,-0.379526371,0.819979833,0.000000000,0.000000000,0.003300207,0.999994554,2
1782463464.506970167,6.671667337,1988,vicon_state_data,ball,1,0,-0.453268279,0.347207085,1.250034709,0.000000000,0.000000000,0.000000000,1.000000000,1,-0.862265006,-0.379579624,0.819751089,0.000000000,0.000000000,0.002432203,0.999997042,2
1782463464.510081053,6.674778223,1989,vicon_state_data,ball,1,0,-0.457034125,0.347470072,1.245503896,0.000000000,0.000000000,0.000000000,1.000000000,1,-0.862394013,-0.379326426,0.819816648,0.000000000,0.000000000,0.004395422,0.999990340,2
1782463464.513622999,6.678320169,1990,vicon_state_data,ball,1,0,-0.460450689,0.347831189,1.241074327,0.000000000,0.000000000,0.000000000,1.000000000,1,-0.862436421,-0.379461189,0.820174570,0.000000000,0.000000000,0.004515622,0.999989805,2
1782463464.516798735,6.681495905,1991,vicon_state_data,ball,1,0,-0.464920341,0.347666137,1.236055066,0.000000000,0.000000000,0.000000000,1.000000000,1,-0.862388230,-0.379501345,0.820151830,0.000000000,0.000000000,0.004295058,0.999990776,2
1782463464.520019770,6.684716940,1992,vicon_state_data,ball,1,0,-0.468634325,0.347874072,1.231177794,0.000000000,0.000000000,0.000000000,1.000000000,1,-0.862355767,-0.379540926,0.820028553,0.000000000,0.000000000,0.003936361,0.999992253,2
1782463464.523277760,6.687974930,1993,vicon_state_data,ball,1,0,-0.469686869,0.347597984,1.226678262,0.000000000,0.000000000,0.000000000,1.000000000,1,-0.862311478,-0.379615608,0.819968866,0.000000000,0.000000000,0.003550054,0.999993699,2
1782463464.526738167,6.691435337,1994,vicon_state_data,ball,1,0,-0.455225767,0.344820195,1.224695644,0.000000000,0.000000000,0.000000000,1.000000000,1,-0.862298243,-0.379593424,0.820010245,0.000000000,0.000000000,0.003778418,0.999992862,2
1782463464.530345201,6.695042372,1995,vicon_state_data,ball,1,0,-0.440414623,0.342522218,1.222955673,0.000000000,0.000000000,0.000000000,1.000000000,1,-0.862216609,-0.379806546,0.820105008,0.000000000,0.000000000,0.002890253,0.999995823,2
1782463464.533530712,6.698227882,1996,vicon_state_data,ball,1,0,-0.426277588,0.340017307,1.220885453,0.000000000,0.000000000,0.000000000,1.000000000,1,-0.862253334,-0.379548334,0.819906419,0.000000000,0.000000000,0.004068354,0.999991724,2
1782463464.536877871,6.701575041,1997,vicon_state_data,ball,1,0,-0.411444910,0.337766894,1.219033036,0.000000000,0.000000000,0.000000000,1.000000000,1,-0.862299750,-0.379714984,0.820084322,0.000000000,0.000000000,0.003814478,0.999992725,2
1782463464.539960623,6.704657793,1998,vicon_state_data,ball,1,0,-0.397056568,0.335170958,1.216873505,0.000000000,0.000000000,0.000000000,1.000000000,1,-0.862369891,-0.379486629,0.819970988,0.000000000,0.000000000,0.004904465,0.999987973,2
1782463464.543519974,6.708217144,1999,vicon_state_data,ball,1,0,-0.382937548,0.332340534,1.214139160,0.000000000,0.000000000,0.000000000,1.000000000,1,-0.862416060,-0.379609379,0.820284953,0.000000000,0.000000000,0.004926421,0.999987865,2
1782463464.546825409,6.711522579,2000,vicon_state_data,ball,1,0,-0.368624495,0.329595920,1.211580820,0.000000000,0.000000000,0.000000000,1.000000000,1,-0.862276992,-0.379555638,0.819888375,0.000000000,0.000000000,0.004523962,0.999989767,2
1782463464.549914360,6.714611530,2001,vicon_state_data,ball,1,0,-0.354307181,0.326797892,1.209118939,0.000000000,0.000000000,0.000000000,1.000000000,1,-0.862257900,-0.379778680,0.820153642,0.000000000,0.000000000,0.003906134,0.999992371,2
1782463464.553306103,6.718003273,2002,vicon_state_data,ball,1,0,-0.339950019,0.324028314,1.206493700,0.000000000,0.000000000,0.000000000,1.000000000,1,-0.862840398,-0.378584112,0.820214627,0.000000000,0.000000000,0.007859493,0.999969114,2
1782463464.556880236,6.721577406,2003,vicon_state_data,ball,1,0,-0.325551209,0.321284629,1.203722242,0.000000000,0.000000000,0.000000000,1.000000000,1,-0.862732214,-0.378816237,0.820175174,0.000000000,0.000000000,0.007282776,0.999973480,2
1782463464.560391665,6.725088835,2004,vicon_state_data,ball,1,0,-0.311189991,0.318506694,1.200884059,0.000000000,0.000000000,0.000000000,1.000000000,1,-0.862602631,-0.379012797,0.820141522,0.000000000,0.000000000,0.006696167,0.999977580,2
1782463464.563656330,6.728353500,2005,vicon_state_data,ball,1,0,-0.296918827,0.315780868,1.197835221,0.000000000,0.000000000,0.000000000,1.000000000,1,-0.862470532,-0.379319098,0.820071372,0.000000000,0.000000000,0.005960765,0.999982234,2
1782463464.566734314,6.731431484,2006,vicon_state_data,ball,1,0,-0.282675258,0.312995382,1.194735616,0.000000000,0.000000000,0.000000000,1.000000000,1,-0.862429476,-0.379359549,0.820022362,0.000000000,0.000000000,0.005837057,0.999982964,2
1782463464.569978476,6.734675646,2007,vicon_state_data,ball,1,0,-0.268437121,0.310320255,1.191468418,0.000000000,0.000000000,0.000000000,1.000000000,1,-0.862438730,-0.379401630,0.820065995,0.000000000,0.000000000,0.005907748,0.999982549,2
1782463464.573318005,6.738015175,2008,vicon_state_data,ball,1,0,-0.254162529,0.307805238,1.188084179,0.000000000,0.000000000,0.000000000,1.000000000,1,-0.862413578,-0.379364160,0.819957087,0.000000000,0.000000000,0.005895678,0.999982620,2
1782463464.576869965,6.741567135,2009,vicon_state_data,ball,1,0,-0.239666489,0.305802375,1.184776196,0.000000000,0.000000000,0.000000000,1.000000000,1,-0.862438840,-0.379431994,0.820091560,0.000000000,0.000000000,0.006100420,0.999981392,2
1782463464.580244303,6.744941473,2010,vicon_state_data,ball,1,0,-0.225506309,0.303341103,1.181205120,0.000000000,0.000000000,0.000000000,1.000000000,1,-0.862402086,-0.379566815,0.820062505,0.000000000,0.000000000,0.005828870,0.999983012,2
1782463464.583571434,6.748268604,2011,vicon_state_data,ball,1,0,-0.211428229,0.300984890,1.177487615,0.000000000,0.000000000,0.000000000,1.000000000,1,-0.862385786,-0.379517947,0.820040563,0.000000000,0.000000000,0.005929569,0.999982420,2
1782463464.586858749,6.751555920,2012,vicon_state_data,ball,1,0,-0.197288190,0.298707349,1.173665057,0.000000000,0.000000000,0.000000000,1.000000000,1,-0.862399511,-0.379636123,0.820093020,0.000000000,0.000000000,0.005913359,0.999982516,2
1782463464.590048313,6.754745483,2013,vicon_state_data,ball,1,0,-0.183175119,0.296264918,1.169804828,0.000000000,0.000000000,0.000000000,1.000000000,1,-0.862362770,-0.379621707,0.820033228,0.000000000,0.000000000,0.005836841,0.999982965,2
1782463464.593281269,6.757978439,2014,vicon_state_data,ball,1,0,-0.169071341,0.293746684,1.165839381,0.000000000,0.000000000,0.000000000,1.000000000,1,-0.862354798,-0.379625860,0.820044437,0.000000000,0.000000000,0.005890444,0.999982651,2
1782463464.596818924,6.761516094,2015,vicon_state_data,ball,1,0,-0.154957007,0.291163667,1.161835645,0.000000000,0.000000000,0.000000000,1.000000000,1,-0.862327669,-0.379638429,0.819986873,0.000000000,0.000000000,0.005795406,0.999983206,2
1782463464.599893570,6.764590740,2016,vicon_state_data,ball,1,0,-0.140870734,0.288522636,1.157784813,0.000000000,0.000000000,0.000000000,1.000000000,1,-0.862322090,-0.379742544,0.820070473,0.000000000,0.000000000,0.005808865,0.999983128,2
1782463464.603234291,6.767931461,2017,vicon_state_data,ball,1,0,-0.126810400,0.285877707,1.153564419,0.000000000,0.000000000,0.000000000,1.000000000,1,-0.862307702,-0.379787978,0.820107818,0.000000000,0.000000000,0.005791664,0.999983228,2
1782463464.606580973,6.771278143,2018,vicon_state_data,ball,1,0,-0.112768072,0.283210592,1.149104390,0.000000000,0.000000000,0.000000000,1.000000000,1,-0.862295566,-0.379785015,0.820067499,0.000000000,0.000000000,0.005808459,0.999983131,2
1782463464.609908581,6.774605751,2019,vicon_state_data,ball,1,0,-0.098725404,0.280538670,1.144522373,0.000000000,0.000000000,0.000000000,1.000000000,1,-0.862257097,-0.379857708,0.820021707,0.000000000,0.000000000,0.005528848,0.999984716,2
1782463464.613533974,6.778231144,2020,vicon_state_data,ball,1,0,-0.084733467,0.277943505,1.139786895,0.000000000,0.000000000,0.000000000,1.000000000,1,-0.862260119,-0.379897701,0.820100107,0.000000000,0.000000000,0.005629385,0.999984155,2
1782463464.616864681,6.781561852,2021,vicon_state_data,ball,1,0,-0.070792900,0.275463028,1.134968224,0.000000000,0.000000000,0.000000000,1.000000000,1,-0.862235585,-0.379893453,0.820064083,0.000000000,0.000000000,0.005691795,0.999983802,2
1782463464.620210886,6.784908056,2022,vicon_state_data,ball,1,0,-0.056856162,0.273036371,1.130030832,0.000000000,0.000000000,0.000000000,1.000000000,1,-0.862217819,-0.379962680,0.820050365,0.000000000,0.000000000,0.005507018,0.999984836,2
1782463464.623322487,6.788019657,2023,vicon_state_data,ball,1,0,-0.042968994,0.270666448,1.125051859,0.000000000,0.000000000,0.000000000,1.000000000,1,-0.862200702,-0.379983051,0.820002644,0.000000000,0.000000000,0.005459659,0.999985096,2
1782463464.626654625,6.791351795,2024,vicon_state_data,ball,1,0,-0.029114460,0.268400442,1.120035320,0.000000000,0.000000000,0.000000000,1.000000000,1,-0.862195055,-0.380028554,0.820025874,0.000000000,0.000000000,0.005455298,0.999985120,2
1782463464.629994392,6.794691563,2025,vicon_state_data,ball,1,0,-0.015286042,0.266177028,1.114940127,0.000000000,0.000000000,0.000000000,1.000000000,1,-0.862187312,-0.380064699,0.820047146,0.000000000,0.000000000,0.005497547,0.999984888,2
1782463464.633312941,6.798010111,2026,vicon_state_data,ball,1,0,-0.001430644,0.263880723,1.109678550,0.000000000,0.000000000,0.000000000,1.000000000,1,-0.862126389,-0.380025035,0.819923398,0.000000000,0.000000000,0.005260532,0.999986163,2
1782463464.636613131,6.801310301,2027,vicon_state_data,ball,1,0,0.012446914,0.261519332,1.104283315,0.000000000,0.000000000,0.000000000,1.000000000,1,-0.862104855,-0.380091981,0.819916235,0.000000000,0.000000000,0.005028146,0.999987359,2
1782463464.640096426,6.804793596,2028,vicon_state_data,ball,1,0,0.026252665,0.259143681,1.098855838,0.000000000,0.000000000,0.000000000,1.000000000,1,-0.862139111,-0.380186553,0.820070159,0.000000000,0.000000000,0.005317457,0.999985862,2
1782463464.643364668,6.808061838,2029,vicon_state_data,ball,1,0,0.040041953,0.256745881,1.093278399,0.000000000,0.000000000,0.000000000,1.000000000,1,-0.862128353,-0.380230131,0.820091296,0.000000000,0.000000000,0.005255063,0.999986192,2
1782463464.646664619,6.811361790,2030,vicon_state_data,ball,1,0,0.053742897,0.254134680,1.087335320,0.000000000,0.000000000,0.000000000,1.000000000,1,-0.862041933,-0.380166085,0.820055042,0.000000000,0.000000000,0.005303683,0.999985935,2
1782463464.649976730,6.814673901,2031,vicon_state_data,ball,1,0,0.067327201,0.251440778,1.081281762,0.000000000,0.000000000,0.000000000,1.000000000,1,-0.862082070,-0.380292275,0.820104618,0.000000000,0.000000000,0.005213371,0.999986410,2
1782463464.653393269,6.818090439,2032,vicon_state_data,ball,1,0,0.080843623,0.248825454,1.075207341,0.000000000,0.000000000,0.000000000,1.000000000,1,-0.862079111,-0.380328418,0.820126065,0.000000000,0.000000000,0.005190945,0.999986527,2
1782463464.656720638,6.821417809,2033,vicon_state_data,ball,1,0,0.094251360,0.246321256,1.069175028,0.000000000,0.000000000,0.000000000,1.000000000,1,-0.862067863,-0.380367287,0.820123846,0.000000000,0.000000000,0.005184672,0.999986559,2
1782463464.659921885,6.824619055,2034,vicon_state_data,ball,1,0,0.107740380,0.243727687,1.063072950,0.000000000,0.000000000,0.000000000,1.000000000,1,-0.862044542,-0.380414367,0.820059652,0.000000000,0.000000000,0.005037352,0.999987312,2
1782463464.663240433,6.827937603,2035,vicon_state_data,ball,1,0,0.121378678,0.241139701,1.056902020,0.000000000,0.000000000,0.000000000,1.000000000,1,-0.862028571,-0.380452633,0.820113185,0.000000000,0.000000000,0.005138026,0.999986800,2
1782463464.667037964,6.831735134,2036,vicon_state_data,ball,1,0,0.134942153,0.238596864,1.050563933,0.000000000,0.000000000,0.000000000,1.000000000,1,-0.862026871,-0.380556456,0.820145388,0.000000000,0.000000000,0.004985634,0.999987572,2
1782463464.670304537,6.835001707,2037,vicon_state_data,ball,1,0,0.148519870,0.236188184,1.044108625,0.000000000,0.000000000,0.000000000,1.000000000,1,-0.862001649,-0.380548445,0.820099021,0.000000000,0.000000000,0.004968511,0.999987657,2
1782463464.673471451,6.838168621,2038,vicon_state_data,ball,1,0,0.162149415,0.233948667,1.037591101,0.000000000,0.000000000,0.000000000,1.000000000,1,-0.862056692,-0.380520697,0.820117554,0.000000000,0.000000000,0.005545590,0.999984623,2
1782463464.676570892,6.841268063,2039,vicon_state_data,ball,1,0,0.175648603,0.231828271,1.030882279,0.000000000,0.000000000,0.000000000,1.000000000,1,-0.862042870,-0.380540476,0.820115326,0.000000000,0.000000000,0.005493496,0.999984911,2
1782463464.679930925,6.844628096,2040,vicon_state_data,ball,1,0,0.189048592,0.229675335,1.023988958,0.000000000,0.000000000,0.000000000,1.000000000,1,-0.862070431,-0.380604957,0.820180595,0.000000000,0.000000000,0.005546269,0.999984619,2
1782463464.683284521,6.847981691,2041,vicon_state_data,ball,1,0,0.202622072,0.227352373,1.016984260,0.000000000,0.000000000,0.000000000,1.000000000,1,-0.862027629,-0.380622885,0.820115083,0.000000000,0.000000000,0.005307232,0.999985917,2
1782463464.686559916,6.851257086,2042,vicon_state_data,ball,1,0,0.216207638,0.224795953,1.009810873,0.000000000,0.000000000,0.000000000,1.000000000,1,-0.861977500,-0.380807187,0.820181063,0.000000000,0.000000000,0.004781714,0.999988568,2
1782463464.689999819,6.854696989,2043,vicon_state_data,ball,1,0,0.229605246,0.222274686,1.002682887,0.000000000,0.000000000,0.000000000,1.000000000,1,-0.862060515,-0.380709513,0.820173333,0.000000000,0.000000000,0.005569116,0.999984492,2
1782463464.693182468,6.857879639,2044,vicon_state_data,ball,1,0,0.243021949,0.219728658,0.995625231,0.000000000,0.000000000,0.000000000,1.000000000,1,-0.862061407,-0.380760245,0.820191026,0.000000000,0.000000000,0.005540635,0.999984651,2
1782463464.696948051,6.861645222,2045,vicon_state_data,ball,1,0,0.255874458,0.217714486,0.988638456,0.000000000,0.000000000,0.000000000,1.000000000,1,-0.862041412,-0.380799492,0.820190519,0.000000000,0.000000000,0.005515612,0.999984789,2
1782463464.700183868,6.864881039,2046,vicon_state_data,ball,1,0,0.269209667,0.215201071,0.981119802,0.000000000,0.000000000,0.000000000,1.000000000,1,-0.862011540,-0.380826779,0.820139400,0.000000000,0.000000000,0.005386165,0.999985495,2
1782463464.703282356,6.867979527,2047,vicon_state_data,ball,1,0,0.282541393,0.212572657,0.973496769,0.000000000,0.000000000,0.000000000,1.000000000,1,-0.862014755,-0.380863067,0.820177166,0.000000000,0.000000000,0.005393701,0.999985454,2
1782463464.706658840,6.871356010,2048,vicon_state_data,ball,1,0,0.295809791,0.210042190,0.965810911,0.000000000,0.000000000,0.000000000,1.000000000,1,-0.862023961,-0.380907675,0.820183288,0.000000000,0.000000000,0.005342249,0.999985730,2
1782463464.709852219,6.874549389,2049,vicon_state_data,ball,1,0,0.309032840,0.207605550,0.958007044,0.000000000,0.000000000,0.000000000,1.000000000,1,-0.861951382,-0.380979720,0.820124781,0.000000000,0.000000000,0.004896663,0.999988011,2
1782463464.713751554,6.878448725,2050,vicon_state_data,ball,1,0,0.322301626,0.205293095,0.950058352,0.000000000,0.000000000,0.000000000,1.000000000,1,-0.861979346,-0.380991184,0.820155591,0.000000000,0.000000000,0.005000076,0.999987500,2
1782463464.717470884,6.882168055,2051,vicon_state_data,ball,1,0,0.335471354,0.202986611,0.942012609,0.000000000,0.000000000,0.000000000,1.000000000,1,-0.861922175,-0.381038641,0.820103112,0.000000000,0.000000000,0.004728660,0.999988820,2
1782463464.721150160,6.885847330,2052,vicon_state_data,ball,1,0,0.348589567,0.200754475,0.933966594,0.000000000,0.000000000,0.000000000,1.000000000,1,-0.861959747,-0.381083130,0.820187819,0.000000000,0.000000000,0.004896834,0.999988010,2
1782463464.723453760,6.888150930,2053,vicon_state_data,ball,1,0,0.361691541,0.198594492,0.925784134,0.000000000,0.000000000,0.000000000,1.000000000,1,-0.861940884,-0.381123162,0.820212469,0.000000000,0.000000000,0.004901122,0.999987989,2
1782463464.726623535,6.891320705,2054,vicon_state_data,ball,1,0,0.374819241,0.196401291,0.917468235,0.000000000,0.000000000,0.000000000,1.000000000,1,-0.861902257,-0.381160639,0.820139897,0.000000000,0.000000000,0.004618153,0.999989336,2
1782463464.730106354,6.894803524,2055,vicon_state_data,ball,1,0,0.387957921,0.194148417,0.908930965,0.000000000,0.000000000,0.000000000,1.000000000,1,-0.861862909,-0.381187758,0.820087850,0.000000000,0.000000000,0.004484755,0.999989943,2
1782463464.733688116,6.898385286,2056,vicon_state_data,ball,1,0,0.401016522,0.191881602,0.900464331,0.000000000,0.000000000,0.000000000,1.000000000,1,-0.861863371,-0.381226850,0.820144423,0.000000000,0.000000000,0.004561762,0.999989595,2
1782463464.737026215,6.901723385,2057,vicon_state_data,ball,1,0,0.414112260,0.189616475,0.891837770,0.000000000,0.000000000,0.000000000,1.000000000,1,-0.861835896,-0.381273720,0.820107554,0.000000000,0.000000000,0.004428099,0.999990196,2
1782463464.740101099,6.904798269,2058,vicon_state_data,ball,1,0,0.427088162,0.187374546,0.883203528,0.000000000,0.000000000,0.000000000,1.000000000,1,-0.861863414,-0.381315578,0.820136256,0.000000000,0.000000000,0.004523784,0.999989768,2
1782463464.743284941,6.907982111,2059,vicon_state_data,ball,1,0,0.439840945,0.185083385,0.874733865,0.000000000,0.000000000,0.000000000,1.000000000,1,-0.861815086,-0.381360284,0.820124174,0.000000000,0.000000000,0.004332231,0.999990616,2
1782463464.746863365,6.911560535,2060,vicon_state_data,ball,1,0,0.452881584,0.182381349,0.865327118,0.000000000,0.000000000,0.000000000,1.000000000,1,-0.861840571,-0.381391162,0.820163585,0.000000000,0.000000000,0.004441997,0.999990134,2
1782463464.749981880,6.914679050,2061,vicon_state_data,ball,1,0,0.465524474,0.180017168,0.856693096,0.000000000,0.000000000,0.000000000,1.000000000,1,-0.861830168,-0.381403955,0.820160550,0.000000000,0.000000000,0.004493437,0.999989904,2
1782463464.753329515,6.918026686,2062,vicon_state_data,ball,1,0,0.478161635,0.177772554,0.847261430,0.000000000,0.000000000,0.000000000,1.000000000,1,-0.861809533,-0.381467698,0.820123910,0.000000000,0.000000000,0.004313143,0.999990698,2
1782463464.756544828,6.921241999,2063,vicon_state_data,ball,1,0,0.491023584,0.175443112,0.837916973,0.000000000,0.000000000,0.000000000,1.000000000,1,-0.861803815,-0.381519942,0.820143380,0.000000000,0.000000000,0.004304968,0.999990734,2
1782463464.760222673,6.924919844,2064,vicon_state_data,ball,1,0,0.503878899,0.173020927,0.828589725,0.000000000,0.000000000,0.000000000,1.000000000,1,-0.861786919,-0.381549967,0.820130230,0.000000000,0.000000000,0.004176806,0.999991277,2
1782463464.763262749,6.927959919,2065,vicon_state_data,ball,1,0,0.516827672,0.170762493,0.819068084,0.000000000,0.000000000,0.000000000,1.000000000,1,-0.861780327,-0.381574793,0.820078620,0.000000000,0.000000000,0.004194332,0.999991204,2
1782463464.766588926,6.931286097,2066,vicon_state_data,ball,1,0,0.529783498,0.168384498,0.809738605,0.000000000,0.000000000,0.000000000,1.000000000,1,-0.861816491,-0.381627338,0.820180379,0.000000000,0.000000000,0.004344342,0.999990563,2
1782463464.770036697,6.934733868,2067,vicon_state_data,ball,1,0,0.542447035,0.166566518,0.800242686,0.000000000,0.000000000,0.000000000,1.000000000,1,-0.861786776,-0.381627304,0.820108412,0.000000000,0.000000000,0.004336023,0.999990599,2
1782463464.773229122,6.937926292,2068,vicon_state_data,ball,1,0,0.555348249,0.164220051,0.790368634,0.000000000,0.000000000,0.000000000,1.000000000,1,-0.861771497,-0.381693540,0.820096499,0.000000000,0.000000000,0.004166022,0.999991322,2
1782463464.776703835,6.941401005,2069,vicon_state_data,ball,1,0,0.568032140,0.162149998,0.780484317,0.000000000,0.000000000,0.000000000,1.000000000,1,-0.861782150,-0.381763240,0.820102628,0.000000000,0.000000000,0.004132037,0.999991463,2
1782463464.780217409,6.944914579,2070,vicon_state_data,ball,1,0,0.580742166,0.159931577,0.770505077,0.000000000,0.000000000,0.000000000,1.000000000,1,-0.861786988,-0.381842696,0.820133766,0.000000000,0.000000000,0.003918683,0.999992322,2
1782463464.783287764,6.947984934,2071,vicon_state_data,ball,1,0,0.592550715,0.157846632,0.769590066,0.000000000,0.000000000,0.000000000,1.000000000,1,-0.861751295,-0.381838775,0.820085452,0.000000000,0.000000000,0.003965630,0.999992137,2
1782463464.786564112,6.951261282,2072,vicon_state_data,ball,1,0,0.603374841,0.155834440,0.778431006,0.000000000,0.000000000,0.000000000,1.000000000,1,-0.861760148,-0.381897391,0.820089301,0.000000000,0.000000000,0.003880649,0.999992470,2
1782463464.789848328,6.954545498,2073,vicon_state_data,ball,1,0,0.614279835,0.153849796,0.787108979,0.000000000,0.000000000,0.000000000,1.000000000,1,-0.861750671,-0.381974744,0.820108668,0.000000000,0.000000000,0.003906451,0.999992370,2
1782463464.793412685,6.958109856,2074,vicon_state_data,ball,1,0,0.625140149,0.151865383,0.795725004,0.000000000,0.000000000,0.000000000,1.000000000,1,-0.861764986,-0.382000201,0.820146606,0.000000000,0.000000000,0.003847679,0.999992598,2
1782463464.796624899,6.961322069,2075,vicon_state_data,ball,1,0,0.635997770,0.150091424,0.804242900,0.000000000,0.000000000,0.000000000,1.000000000,1,-0.861697653,-0.382007542,0.820059903,0.000000000,0.000000000,0.003746896,0.999992980,2
1782463464.799958467,6.964655638,2076,vicon_state_data,ball,1,0,0.646804687,0.148452193,0.812712393,0.000000000,0.000000000,0.000000000,1.000000000,1,-0.861685247,-0.382049893,0.820045258,0.000000000,0.000000000,0.003542133,0.999993727,2
1782463464.803279877,6.967977047,2077,vicon_state_data,ball,1,0,0.657529577,0.146878561,0.821110824,0.000000000,0.000000000,0.000000000,1.000000000,1,-0.861678520,-0.382120895,0.820035708,0.000000000,0.000000000,0.003469041,0.999993983,2
1782463464.806695938,6.971393108,2078,vicon_state_data,ball,1,0,0.668249453,0.145319221,0.829289579,0.000000000,0.000000000,0.000000000,1.000000000,1,-0.861718116,-0.382232680,0.820105204,0.000000000,0.000000000,0.003363761,0.999994343,2
1782463464.809990406,6.974687576,2079,vicon_state_data,ball,1,0,0.678839786,0.143863486,0.837668991,0.000000000,0.000000000,0.000000000,1.000000000,1,-0.861669547,-0.382196628,0.820050623,0.000000000,0.000000000,0.003409385,0.999994188,2
1782463464.813290834,6.977988005,2080,vicon_state_data,ball,1,0,0.689591130,0.142150948,0.845610292,0.000000000,0.000000000,0.000000000,1.000000000,1,-0.861664255,-0.382200724,0.820057774,0.000000000,0.000000000,0.003448687,0.999994053,2
1782463464.816814661,6.981511831,2081,vicon_state_data,ball,1,0,0.700095246,0.140528380,0.853617983,0.000000000,0.000000000,0.000000000,1.000000000,1,-0.861635809,-0.382211810,0.820006339,0.000000000,0.000000000,0.003441088,0.999994079,2
1782463464.819913149,6.984610319,2082,vicon_state_data,ball,1,0,0.710397177,0.138413197,0.861347318,0.000000000,0.000000000,0.000000000,1.000000000,1,-0.861644716,-0.382333179,0.820079339,0.000000000,0.000000000,0.003219330,0.999994818,2
1782463464.823279619,6.987976789,2083,vicon_state_data,ball,1,0,0.720990330,0.136720773,0.868710480,0.000000000,0.000000000,0.000000000,1.000000000,1,-0.861616375,-0.382316896,0.819980684,0.000000000,0.000000000,0.003246740,0.999994729,2
1782463464.826571226,6.991268396,2084,vicon_state_data,ball,1,0,0.731669847,0.134880925,0.875949899,0.000000000,0.000000000,0.000000000,1.000000000,1,-0.861704055,-0.382444285,0.820119433,0.000000000,0.000000000,0.003233051,0.999994774,2
1782463464.829943657,6.994640827,2085,vicon_state_data,ball,1,0,0.742413158,0.133171972,0.883556594,0.000000000,0.000000000,0.000000000,1.000000000,1,-0.861612986,-0.382393884,0.820013331,0.000000000,0.000000000,0.003283995,0.999994608,2
1782463464.833284855,6.997982025,2086,vicon_state_data,ball,1,0,0.753079832,0.131718379,0.890975041,0.000000000,0.000000000,0.000000000,1.000000000,1,-0.861579581,-0.382484925,0.820078691,0.000000000,0.000000000,0.003176093,0.999994956,2
1782463464.836704731,7.001401901,2087,vicon_state_data,ball,1,0,0.763864057,0.130542357,0.897620579,0.000000000,0.000000000,0.000000000,1.000000000,1,-0.861683959,-0.382542457,0.820103302,0.000000000,0.000000000,0.003283108,0.999994611,2
1782463464.840061903,7.004759073,2088,vicon_state_data,ball,1,0,0.774530137,0.128440800,0.904724294,0.000000000,0.000000000,0.000000000,1.000000000,1,-0.861620850,-0.382624593,0.820104286,0.000000000,0.000000000,0.003023537,0.999995429,2
1782463464.843624353,7.008321524,2089,vicon_state_data,ball,1,0,0.785074855,0.126591226,0.911435849,0.000000000,0.000000000,0.000000000,1.000000000,1,-0.861567051,-0.382539866,0.820023596,0.000000000,0.000000000,0.003075081,0.999995272,2
1782463464.846969604,7.011666775,2090,vicon_state_data,ball,1,0,0.795613812,0.124665247,0.917975481,0.000000000,0.000000000,0.000000000,1.000000000,1,-0.861543273,-0.382417795,0.820006102,0.000000000,0.000000000,0.003374834,0.999994305,2
1782463464.850176334,7.014873505,2091,vicon_state_data,ball,1,0,0.806164600,0.122482196,0.924689130,0.000000000,0.000000000,0.000000000,1.000000000,1,-0.861538045,-0.382650395,0.820024422,0.000000000,0.000000000,0.002808205,0.999996057,2
1782463464.853434563,7.018131733,2092,vicon_state_data,ball,1,0,0.816680105,0.121016681,0.930859819,0.000000000,0.000000000,0.000000000,1.000000000,1,-0.861510205,-0.382601037,0.819979173,0.000000000,0.000000000,0.002817453,0.999996031,2
1782463464.856935263,7.021632433,2093,vicon_state_data,ball,1,0,0.827293363,0.119278122,0.937007700,0.000000000,0.000000000,0.000000000,1.000000000,1,-0.861513264,-0.382721655,0.819986491,0.000000000,0.000000000,0.002703506,0.999996346,2
1782463464.859995365,7.024692535,2094,vicon_state_data,ball,1,0,0.837920839,0.117715282,0.943083909,0.000000000,0.000000000,0.000000000,1.000000000,1,-0.861529911,-0.382881929,0.819964809,0.000000000,0.000000000,0.002275011,0.999997412,2
1782463464.863332033,7.028029203,2095,vicon_state_data,ball,1,0,0.848410162,0.116211144,0.948981743,0.000000000,0.000000000,0.000000000,1.000000000,1,-0.861537719,-0.382893695,0.819920891,0.000000000,0.000000000,0.002346753,0.999997246,2
1782463464.866793394,7.031490564,2096,vicon_state_data,ball,1,0,0.858845931,0.114744719,0.954577655,0.000000000,0.000000000,0.000000000,1.000000000,1,-0.861640182,-0.382471284,0.820201172,0.000000000,0.000000000,0.004041448,0.999991833,2
1782463464.870337486,7.035034657,2097,vicon_state_data,ball,1,0,0.869177071,0.113243011,0.960567678,0.000000000,0.000000000,0.000000000,1.000000000,1,-0.861493816,-0.382549229,0.819906910,0.000000000,0.000000000,0.002676450,0.999996418,2
1782463464.873541117,7.038238287,2098,vicon_state_data,ball,1,0,0.879571267,0.111514479,0.965633868,0.000000000,0.000000000,0.000000000,1.000000000,1,-0.861569123,-0.382654197,0.820011595,0.000000000,0.000000000,0.002870186,0.999995881,2
1782463464.876683474,7.041380644,2099,vicon_state_data,ball,1,0,0.889860054,0.110032576,0.971410567,0.000000000,0.000000000,0.000000000,1.000000000,1,-0.861516490,-0.382649380,0.819947853,0.000000000,0.000000000,0.002776548,0.999996145,2
1782463464.880104780,7.044801950,2100,vicon_state_data,ball,1,0,0.899740009,0.108228316,0.977277795,0.000000000,0.000000000,0.000000000,1.000000000,1,-0.861645930,-0.382648540,0.820192086,0.000000000,0.000000000,0.004009595,0.999991962,2
1782463464.883345366,7.048042536,2101,vicon_state_data,ball,1,0,0.909997551,0.106488745,0.982442996,0.000000000,0.000000000,0.000000000,1.000000000,1,-0.861511824,-0.382738351,0.819932904,0.000000000,0.000000000,0.002686048,0.999996393,2
1782463464.886569500,7.051266670,2102,vicon_state_data,ball,1,0,0.920420264,0.104654859,0.987637387,0.000000000,0.000000000,0.000000000,1.000000000,1,-0.861631808,-0.382731219,0.820176172,0.000000000,0.000000000,0.003911138,0.999992351,2
1782463464.890093803,7.054790974,2103,vicon_state_data,ball,1,0,0.930901575,0.103151215,0.993038373,0.000000000,0.000000000,0.000000000,1.000000000,1,-0.861596209,-0.382676111,0.820110272,0.000000000,0.000000000,0.003945599,0.999992216,2
1782463464.893499613,7.058196783,2104,vicon_state_data,ball,1,0,0.941403352,0.101762787,0.997948000,0.000000000,0.000000000,0.000000000,1.000000000,1,-0.861608463,-0.382726776,0.820138331,0.000000000,0.000000000,0.004030299,0.999991878,2
1782463464.896997452,7.061694622,2105,vicon_state_data,ball,1,0,0.952136354,0.099800859,1.002826222,0.000000000,0.000000000,0.000000000,1.000000000,1,-0.861539428,-0.382927201,0.819941160,0.000000000,0.000000000,0.002682577,0.999996402,2
1782463464.900032043,7.064729214,2106,vicon_state_data,ball,1,0,0.962260028,0.098205870,1.007463169,0.000000000,0.000000000,0.000000000,1.000000000,1,-0.861633552,-0.382836315,0.820197950,0.000000000,0.000000000,0.004081601,0.999991670,2
1782463464.903332710,7.068029881,2107,vicon_state_data,ball,1,0,0.972552881,0.096309775,1.011937847,0.000000000,0.000000000,0.000000000,1.000000000,1,-0.861551629,-0.382997352,0.819976906,0.000000000,0.000000000,0.002722371,0.999996294,2
1782463464.906569004,7.071266174,2108,vicon_state_data,ball,1,0,0.982653588,0.094323340,1.016770469,0.000000000,0.000000000,0.000000000,1.000000000,1,-0.861649680,-0.383070877,0.820022648,0.000000000,0.000000000,0.003321567,0.999994484,2
1782463464.909877777,7.074574947,2109,vicon_state_data,ball,1,0,0.992994228,0.092421273,1.021046779,0.000000000,0.000000000,0.000000000,1.000000000,1,-0.861568312,-0.383286515,0.819884231,0.000000000,0.000000000,0.002434961,0.999997035,2
1782463464.913435698,7.078132868,2110,vicon_state_data,ball,1,0,1.003436986,0.090892237,1.025087322,0.000000000,0.000000000,0.000000000,1.000000000,1,-0.861652385,-0.383133202,0.820016367,0.000000000,0.000000000,0.003313906,0.999994509,2
1782463464.917036057,7.081733227,2111,vicon_state_data,ball,1,0,1.013822148,0.089300502,1.029189007,0.000000000,0.000000000,0.000000000,1.000000000,1,-0.861650443,-0.383429883,0.820043175,0.000000000,0.000000000,0.002746033,0.999996230,2
1782463464.920209408,7.084906578,2112,vicon_state_data,ball,1,0,1.024220855,0.087682962,1.033056052,0.000000000,0.000000000,0.000000000,1.000000000,1,-0.861631172,-0.383509778,0.819982363,0.000000000,0.000000000,0.002383822,0.999997159,2
1782463464.923351288,7.088048458,2113,vicon_state_data,ball,1,0,1.034510962,0.086178273,1.036601626,0.000000000,0.000000000,0.000000000,1.000000000,1,-0.861608674,-0.383544134,0.820045824,0.000000000,0.000000000,0.002474407,0.999996939,2
1782463464.926620245,7.091317415,2114,vicon_state_data,ball,1,0,1.044638741,0.084663397,1.040068199,0.000000000,0.000000000,0.000000000,1.000000000,1,-0.861602482,-0.383404741,0.819940780,0.000000000,0.000000000,0.002448240,0.999997003,2
1782463464.930448294,7.095145464,2115,vicon_state_data,ball,1,0,1.054669214,0.083008670,1.043407436,0.000000000,0.000000000,0.000000000,1.000000000,1,-0.861624177,-0.383581238,0.819997400,0.000000000,0.000000000,0.002252466,0.999997463,2
1782463464.933667421,7.098364592,2116,vicon_state_data,ball,1,0,1.064805368,0.081537726,1.046843051,0.000000000,0.000000000,0.000000000,1.000000000,1,-0.861628181,-0.383834209,0.820020541,0.000000000,0.000000000,0.001821086,0.999998342,2
1782463464.936833858,7.101531029,2117,vicon_state_data,ball,1,0,1.074656328,0.079978448,1.050822397,0.000000000,0.000000000,0.000000000,1.000000000,1,-0.861625309,-0.383926518,0.820035478,0.000000000,0.000000000,0.001644492,0.999998648,2
1782463464.940036058,7.104733229,2118,vicon_state_data,ball,1,0,1.084411226,0.078091566,1.054149935,0.000000000,0.000000000,0.000000000,1.000000000,1,-0.861604402,-0.383914099,0.820007090,0.000000000,0.000000000,0.001639754,0.999998656,2
1782463464.943361521,7.108058691,2119,vicon_state_data,ball,1,0,1.094492078,0.076348466,1.057180926,0.000000000,0.000000000,0.000000000,1.000000000,1,-0.861665862,-0.383984294,0.819982865,0.000000000,0.000000000,0.001926175,0.999998145,2
1782463464.946749449,7.111446619,2120,vicon_state_data,ball,1,0,1.104822563,0.074665526,1.060413183,0.000000000,0.000000000,0.000000000,1.000000000,1,-0.861685729,-0.384022277,0.820019178,0.000000000,0.000000000,0.001940761,0.999998117,2
1782463464.950096846,7.114794016,2121,vicon_state_data,ball,1,0,1.115122380,0.073182095,1.063514704,0.000000000,0.000000000,0.000000000,1.000000000,1,-0.861663254,-0.384173963,0.820047273,0.000000000,0.000000000,0.001246973,0.999999223,2
1782463464.953189135,7.117886305,2122,vicon_state_data,ball,1,0,1.125406712,0.071684821,1.066145535,0.000000000,0.000000000,0.000000000,1.000000000,1,-0.861634834,-0.384146970,0.820031016,0.000000000,0.000000000,0.001365352,0.999999068,2
1782463464.956549883,7.121247053,2123,vicon_state_data,ball,1,0,1.135676143,0.069659719,1.069012839,0.000000000,0.000000000,0.000000000,1.000000000,1,-0.861656019,-0.384242539,0.820040492,0.000000000,0.000000000,0.001278238,0.999999183,2
1782463464.959846497,7.124543667,2124,vicon_state_data,ball,1,0,1.145778114,0.068100181,1.071258211,0.000000000,0.000000000,0.000000000,1.000000000,1,-0.861689200,-0.384321636,0.820085921,0.000000000,0.000000000,0.001280386,0.999999180,2
1782463464.963541269,7.128238440,2125,vicon_state_data,ball,1,0,1.155885960,0.066316877,1.073596718,0.000000000,0.000000000,0.000000000,1.000000000,1,-0.861700650,-0.384391418,0.820091019,0.000000000,0.000000000,0.001210965,0.999999267,2
1782463464.966688156,7.131385326,2126,vicon_state_data,ball,1,0,1.165848560,0.064333066,1.076040930,0.000000000,0.000000000,0.000000000,1.000000000,1,-0.861753434,-0.384519234,0.820113450,0.000000000,0.000000000,0.001089127,0.999999407,2
1782463464.969923496,7.134620667,2127,vicon_state_data,ball,1,0,1.175999444,0.062497679,1.078417581,0.000000000,0.000000000,0.000000000,1.000000000,1,-0.861754357,-0.384477143,0.820031069,0.000000000,0.000000000,0.001449103,0.999998950,2
1782463464.973192692,7.137889862,2128,vicon_state_data,ball,1,0,1.186204482,0.061082834,1.080393242,0.000000000,0.000000000,0.000000000,1.000000000,1,-0.861756005,-0.384524205,0.820030612,0.000000000,0.000000000,0.001326478,0.999999120,2
1782463464.976607800,7.141304970,2129,vicon_state_data,ball,1,0,1.196439056,0.059563008,1.082280262,0.000000000,0.000000000,0.000000000,1.000000000,1,-0.861805123,-0.384771661,0.820105021,0.000000000,0.000000000,0.000950162,0.999999549,2
1782463464.980360031,7.145057201,2130,vicon_state_data,ball,1,0,1.206622176,0.057926197,1.084006759,0.000000000,0.000000000,0.000000000,1.000000000,1,-0.861775302,-0.384721977,0.820103660,0.000000000,0.000000000,0.000881327,0.999999612,2
1782463464.983836412,7.148533583,2131,vicon_state_data,ball,1,0,1.216693989,0.056464197,1.085204482,0.000000000,0.000000000,0.000000000,1.000000000,1,-0.861799635,-0.384810092,0.820114811,0.000000000,0.000000000,0.000866784,0.999999624,2
1782463464.986982346,7.151679516,2132,vicon_state_data,ball,1,0,1.226609494,0.055019711,1.086669043,0.000000000,0.000000000,0.000000000,1.000000000,1,-0.861773309,-0.384833848,0.820021216,0.000000000,0.000000000,0.000739305,0.999999727,2
1782463464.990056753,7.154753923,2133,vicon_state_data,ball,1,0,1.236472746,0.053469427,1.087971096,0.000000000,0.000000000,0.000000000,1.000000000,1,-0.861776986,-0.384885082,0.820022320,0.000000000,0.000000000,0.000801166,0.999999679,2
1782463464.993396997,7.158094168,2134,vicon_state_data,ball,1,0,1.246372545,0.052199571,1.089478482,0.000000000,0.000000000,0.000000000,1.000000000,1,-0.861833028,-0.385055470,0.820149076,0.000000000,0.000000000,0.000537338,0.999999856,2
1782463464.996728182,7.161425352,2135,vicon_state_data,ball,1,0,1.255739988,0.050303896,1.091067992,0.000000000,0.000000000,0.000000000,1.000000000,1,-0.861837965,-0.385023852,0.820135195,0.000000000,0.000000000,0.000692349,0.999999760,2
1782463465.000005484,7.164702654,2136,vicon_state_data,ball,1,0,1.265307505,0.048485028,1.092415176,0.000000000,0.000000000,0.000000000,1.000000000,1,-0.861832160,-0.385060160,0.820024285,0.000000000,0.000000000,0.000809134,0.999999673,2
1782463465.003326178,7.168023348,2137,vicon_state_data,ball,1,0,1.275312532,0.046802599,1.093199727,0.000000000,0.000000000,0.000000000,1.000000000,1,-0.861834678,-0.385134314,0.820128968,0.000000000,0.000000000,0.000519227,0.999999865,2
1782463465.006728888,7.171426058,2138,vicon_state_data,ball,1,0,1.285536380,0.045112505,1.094383660,0.000000000,0.000000000,0.000000000,1.000000000,1,-0.861942121,-0.385129668,0.820162455,0.000000000,0.000000000,0.001363713,0.999999070,2
1782463465.010113239,7.174810410,2139,vicon_state_data,ball,1,0,1.295670774,0.043756905,1.095226778,0.000000000,0.000000000,0.000000000,1.000000000,1,-0.861980956,-0.385097280,0.820224210,0.000000000,0.000000000,0.001520670,0.999998844,2
1782463465.013422489,7.178119659,2140,vicon_state_data,ball,1,0,1.305871082,0.041833950,1.095975573,0.000000000,0.000000000,0.000000000,1.000000000,1,-0.861821136,-0.385158390,0.819980158,0.000000000,0.000000000,0.000460055,0.999999894,2
1782463465.016589403,7.181286573,2141,vicon_state_data,ball,1,0,1.315651542,0.040128324,1.096628657,0.000000000,0.000000000,0.000000000,1.000000000,1,-0.861975645,-0.385138871,0.820231013,0.000000000,0.000000000,0.001570537,0.999998767,2
1782463465.019941807,7.184638977,2142,vicon_state_data,ball,1,0,1.325675168,0.038737404,1.096548525,0.000000000,0.000000000,0.000000000,1.000000000,1,-0.861963149,-0.385196397,0.820195916,0.000000000,0.000000000,0.001361839,0.999999073,2
1782463465.023253202,7.187950373,2143,vicon_state_data,ball,1,0,1.335293082,0.037285480,1.097269942,0.000000000,0.000000000,0.000000000,1.000000000,1,-0.862017344,-0.385287180,0.820263052,0.000000000,0.000000000,0.001662796,0.999998618,2
1782463465.026696920,7.191394091,2144,vicon_state_data,ball,1,0,1.345236005,0.035181074,1.097460600,0.000000000,0.000000000,0.000000000,1.000000000,1,-0.861922583,-0.385362161,0.820139001,0.000000000,0.000000000,0.000768326,0.999999705,2
1782463465.030071974,7.194769144,2145,vicon_state_data,ball,1,0,1.355296212,0.033428919,1.097513641,0.000000000,0.000000000,0.000000000,1.000000000,1,-0.862015062,-0.385347555,0.820249269,0.000000000,0.000000000,0.001423302,0.999998987,2
1782463465.033466101,7.198163271,2146,vicon_state_data,ball,1,0,1.365164623,0.031901961,1.097745791,0.000000000,0.000000000,0.000000000,1.000000000,1,-0.862024933,-0.385350494,0.820288498,0.000000000,0.000000000,0.001373360,0.999999057,2
1782463465.036755085,7.201452255,2147,vicon_state_data,ball,1,0,1.375276369,0.030503510,1.097270987,0.000000000,0.000000000,0.000000000,1.000000000,1,-0.862030410,-0.385437013,0.820259743,0.000000000,0.000000000,0.001079751,0.999999417,2
1782463465.040040970,7.204738140,2148,vicon_state_data,ball,1,0,1.385266408,0.028899045,1.096822009,0.000000000,0.000000000,0.000000000,1.000000000,1,-0.862013241,-0.385474018,0.820213073,0.000000000,0.000000000,0.001133701,0.999999357,2
1782463465.043317080,7.208014250,2149,vicon_state_data,ball,1,0,1.395125425,0.027443922,1.095938397,0.000000000,0.000000000,0.000000000,1.000000000,1,-0.862032345,-0.385507321,0.820246023,0.000000000,0.000000000,0.001031741,0.999999468,2
1782463465.046639681,7.211336851,2150,vicon_state_data,ball,1,0,1.404776163,0.026111428,1.095315196,0.000000000,0.000000000,0.000000000,1.000000000,1,-0.862082117,-0.385359073,0.820302346,0.000000000,0.000000000,0.001486425,0.999998895,2
1782463465.050139666,7.214836836,2151,vicon_state_data,ball,1,0,1.414436770,0.024770566,1.094675659,0.000000000,0.000000000,0.000000000,1.000000000,1,-0.862084623,-0.385560573,0.820288144,0.000000000,0.000000000,0.001238493,0.999999233,2
1782463465.053255320,7.217952490,2152,vicon_state_data,ball,1,0,1.424064816,0.023426924,1.094063126,0.000000000,0.000000000,0.000000000,1.000000000,1,-0.862032453,-0.385647034,0.820182372,0.000000000,0.000000000,0.000644320,0.999999792,2
1782463465.057050943,7.221748114,2153,vicon_state_data,ball,1,0,1.433076307,0.021265932,1.093438539,0.000000000,0.000000000,0.000000000,1.000000000,1,-0.862101143,-0.385657616,0.820257410,0.000000000,0.000000000,0.001041819,0.999999457,2
1782463465.060131073,7.224828243,2154,vicon_state_data,ball,1,0,1.442580768,0.019666660,1.092840453,0.000000000,0.000000000,0.000000000,1.000000000,1,-0.862074956,-0.385702022,0.820169453,0.000000000,0.000000000,0.000788740,0.999999689,2
1782463465.063794136,7.228491306,2155,vicon_state_data,ball,1,0,1.452418408,0.017971365,1.091618229,0.000000000,0.000000000,0.000000000,1.000000000,1,-0.862125599,-0.385753234,0.820261971,0.000000000,0.000000000,0.001039115,0.999999460,2
1782463465.066700220,7.231397390,2156,vicon_state_data,ball,1,0,1.462440079,0.016427736,1.090779621,0.000000000,0.000000000,0.000000000,1.000000000,1,-0.862098407,-0.385881755,0.820192063,0.000000000,0.000000000,0.000717657,0.999999742,2
1782463465.069943190,7.234640360,2157,vicon_state_data,ball,1,0,1.472355280,0.015179833,1.089347512,0.000000000,0.000000000,0.000000000,1.000000000,1,-0.862088553,-0.386054962,0.820219452,0.000000000,0.000000000,-0.000001925,1.000000000,2
1782463465.073471785,7.238168955,2158,vicon_state_data,ball,1,0,1.482316787,0.013185596,1.088078086,0.000000000,0.000000000,0.000000000,1.000000000,1,-0.862147222,-0.385991841,0.820177106,0.000000000,0.000000000,0.000702296,0.999999753,2
1782463465.076712847,7.241410017,2159,vicon_state_data,ball,1,0,1.491700911,0.011490895,1.086942821,0.000000000,0.000000000,0.000000000,1.000000000,1,-0.862138947,-0.386056726,0.820151373,0.000000000,0.000000000,0.000746053,0.999999722,2
1782463465.080131531,7.244828701,2160,vicon_state_data,ball,1,0,1.501537324,0.010129083,1.084573712,0.000000000,0.000000000,0.000000000,1.000000000,1,-0.862074012,-0.386142161,0.820075304,0.000000000,0.000000000,-0.000111533,0.999999994,2
1782463465.083338737,7.248035908,2161,vicon_state_data,ball,1,0,1.511163377,0.008633698,1.082945551,0.000000000,0.000000000,0.000000000,1.000000000,1,-0.862087431,-0.386209766,0.820054215,0.000000000,0.000000000,-0.000115009,0.999999993,2
1782463465.086640596,7.251337767,2162,vicon_state_data,ball,1,0,1.520683913,0.006714667,1.081494071,0.000000000,0.000000000,0.000000000,1.000000000,1,-0.862100374,-0.386227949,0.820073891,0.000000000,0.000000000,-0.000081891,0.999999997,2
1782463465.090298891,7.254996061,2163,vicon_state_data,ball,1,0,1.530476593,0.005102472,1.079505014,0.000000000,0.000000000,0.000000000,1.000000000,1,-0.862103837,-0.386416069,0.820178431,0.000000000,0.000000000,-0.000584835,0.999999829,2
1782463465.093505859,7.258203030,2164,vicon_state_data,ball,1,0,1.540294331,0.003775247,1.077402370,0.000000000,0.000000000,0.000000000,1.000000000,1,-0.862106801,-0.386453016,0.820148735,0.000000000,0.000000000,-0.000651180,0.999999788,2
1782463465.096944332,7.261641502,2165,vicon_state_data,ball,1,0,1.550328656,0.002256482,1.075010732,0.000000000,0.000000000,0.000000000,1.000000000,1,-0.862099499,-0.386417586,0.820014565,0.000000000,0.000000000,-0.000370726,0.999999931,2
1782463465.099963427,7.264660597,2166,vicon_state_data,ball,1,0,1.559943955,0.000749141,1.072552839,0.000000000,0.000000000,0.000000000,1.000000000,1,-0.862123167,-0.386566458,0.820131539,0.000000000,0.000000000,-0.000980785,0.999999519,2
1782463465.103444815,7.268141985,2167,vicon_state_data,ball,1,0,1.569569362,-0.000647951,1.069699480,0.000000000,0.000000000,0.000000000,1.000000000,1,-0.862197458,-0.386399379,0.820119331,0.000000000,0.000000000,-0.000012709,1.000000000,2
1782463465.106858015,7.271555185,2168,vicon_state_data,ball,1,0,1.578939518,-0.001953386,1.067109323,0.000000000,0.000000000,0.000000000,1.000000000,1,-0.862140747,-0.386463681,0.820028806,0.000000000,0.000000000,-0.000456627,0.999999896,2
1782463465.110198498,7.274895668,2169,vicon_state_data,ball,1,0,1.588410620,-0.003155001,1.064559515,0.000000000,0.000000000,0.000000000,1.000000000,1,-0.862230072,-0.386476265,0.820155441,0.000000000,0.000000000,-0.000043779,0.999999999,2
1782463465.113505840,7.278203011,2170,vicon_state_data,ball,1,0,1.597693153,-0.004460083,1.061771628,0.000000000,0.000000000,0.000000000,1.000000000,1,-0.862179845,-0.386638111,0.820128011,0.000000000,0.000000000,-0.000809104,0.999999673,2
1782463465.116666555,7.281363726,2171,vicon_state_data,ball,1,0,1.606505689,-0.006646795,1.059212469,0.000000000,0.000000000,0.000000000,1.000000000,1,-0.862221915,-0.386672722,0.820160005,0.000000000,0.000000000,-0.000946303,0.999999552,2
1782463465.120040655,7.284737825,2172,vicon_state_data,ball,1,0,1.615687280,-0.008321466,1.056493457,0.000000000,0.000000000,0.000000000,1.000000000,1,-0.862223903,-0.386725444,0.820139969,0.000000000,0.000000000,-0.001141956,0.999999348,2
1782463465.123341084,7.288038254,2173,vicon_state_data,ball,1,0,1.625450397,-0.009921195,1.053432087,0.000000000,0.000000000,0.000000000,1.000000000,1,-0.862345222,-0.386642298,0.820194596,0.000000000,0.000000000,-0.000383380,0.999999927,2
1782463465.126580477,7.291277647,2174,vicon_state_data,ball,1,0,1.635161079,-0.011189521,1.050591142,0.000000000,0.000000000,0.000000000,1.000000000,1,-0.862338848,-0.386665404,0.820156004,0.000000000,0.000000000,-0.000491452,0.999999879,2
1782463465.129976034,7.294673204,2175,vicon_state_data,ball,1,0,1.644773839,-0.012529766,1.047202348,0.000000000,0.000000000,0.000000000,1.000000000,1,-0.862290590,-0.386769196,0.820082255,0.000000000,0.000000000,-0.001129600,0.999999362,2
1782463465.133303642,7.298000813,2176,vicon_state_data,ball,1,0,1.654562628,-0.014550449,1.044061905,0.000000000,0.000000000,0.000000000,1.000000000,1,-0.862373844,-0.386785458,0.820144922,0.000000000,0.000000000,-0.000488928,0.999999880,2
1782463465.136987686,7.301684856,2177,vicon_state_data,ball,1,0,1.663535759,-0.016302029,1.040421082,0.000000000,0.000000000,0.000000000,1.000000000,1,-0.862371272,-0.386704960,0.820053992,0.000000000,0.000000000,-0.000447597,0.999999900,2
1782463465.140466928,7.305164099,2178,vicon_state_data,ball,1,0,1.673195409,-0.017541144,1.036199351,0.000000000,0.000000000,0.000000000,1.000000000,1,-0.862391641,-0.386804432,0.820067464,0.000000000,0.000000000,-0.000570955,0.999999837,2
1782463465.143489361,7.308186531,2179,vicon_state_data,ball,1,0,1.682490316,-0.018968277,1.032706016,0.000000000,0.000000000,0.000000000,1.000000000,1,-0.862403637,-0.386808363,0.820064277,0.000000000,0.000000000,-0.000689907,0.999999762,2
1782463465.146739483,7.311436653,2180,vicon_state_data,ball,1,0,1.691733448,-0.020775111,1.029302641,0.000000000,0.000000000,0.000000000,1.000000000,1,-0.862412112,-0.386846638,0.820040623,0.000000000,0.000000000,-0.000649146,0.999999789,2
1782463465.149975061,7.314672232,2181,vicon_state_data,ball,1,0,1.701462887,-0.022490891,1.025667005,0.000000000,0.000000000,0.000000000,1.000000000,1,-0.862460116,-0.386875622,0.820079737,0.000000000,0.000000000,-0.000704629,0.999999752,2
1782463465.153362751,7.318059921,2182,vicon_state_data,ball,1,0,1.710920612,-0.023834480,1.021300700,0.000000000,0.000000000,0.000000000,1.000000000,1,-0.862452607,-0.386914655,0.820028763,0.000000000,0.000000000,-0.000659292,0.999999783,2
1782463465.156631947,7.321329117,2183,vicon_state_data,ball,1,0,1.720438910,-0.025148803,1.017146797,0.000000000,0.000000000,0.000000000,1.000000000,1,-0.862494046,-0.386910717,0.820101850,0.000000000,0.000000000,-0.000768736,0.999999705,2
1782463465.159956217,7.324653387,2184,vicon_state_data,ball,1,0,1.730134154,-0.026369954,1.011940044,0.000000000,0.000000000,0.000000000,1.000000000,1,-0.862480174,-0.386946430,0.820014992,0.000000000,0.000000000,-0.000827591,0.999999658,2
1782463465.163224459,7.327921629,2185,vicon_state_data,ball,1,0,1.739334809,-0.027717127,1.007280560,0.000000000,0.000000000,0.000000000,1.000000000,1,-0.862497906,-0.386962499,0.819998488,0.000000000,0.000000000,-0.000761581,0.999999710,2
1782463465.167107344,7.331804514,2186,vicon_state_data,ball,1,0,1.748441543,-0.029005020,1.002681440,0.000000000,0.000000000,0.000000000,1.000000000,1,-0.862509674,-0.387057410,0.820009335,0.000000000,0.000000000,-0.000859096,0.999999631,2
1782463465.170235872,7.334933043,2187,vicon_state_data,ball,1,0,1.757550780,-0.030352351,0.998074988,0.000000000,0.000000000,0.000000000,1.000000000,1,-0.862528810,-0.387073630,0.820014373,0.000000000,0.000000000,-0.000975985,0.999999524,2
1782463465.173388720,7.338085890,2188,vicon_state_data,ball,1,0,1.766587852,-0.031795180,0.993525352,0.000000000,0.000000000,0.000000000,1.000000000,1,-0.862488832,-0.387146755,0.820022901,0.000000000,0.000000000,-0.001542503,0.999998810,2
1782463465.176597834,7.341295004,2189,vicon_state_data,ball,1,0,1.775316070,-0.033778980,0.988402065,0.000000000,0.000000000,0.000000000,1.000000000,1,-0.862563866,-0.387205103,0.820045245,0.000000000,0.000000000,-0.001172314,0.999999313,2
1782463465.179929495,7.344626665,2190,vicon_state_data,ball,1,0,1.784064903,-0.035324012,0.984396452,0.000000000,0.000000000,0.000000000,1.000000000,1,-0.862593399,-0.387203149,0.820048711,0.000000000,0.000000000,-0.001061605,0.999999436,2
1782463465.183368444,7.348065615,2191,vicon_state_data,ball,1,0,1.793506650,-0.036756413,0.979388205,0.000000000,0.000000000,0.000000000,1.000000000,1,-0.862619476,-0.387257698,0.820086393,0.000000000,0.000000000,-0.001238479,0.999999233,2
1782463465.186711311,7.351408482,2192,vicon_state_data,ball,1,0,1.802843045,-0.037959956,0.974528930,0.000000000,0.000000000,0.000000000,1.000000000,1,-0.862629250,-0.387294068,0.820075434,0.000000000,0.000000000,-0.001259339,0.999999207,2
1782463465.189937592,7.354634762,2193,vicon_state_data,ball,1,0,1.812281437,-0.039201814,0.969132746,0.000000000,0.000000000,0.000000000,1.000000000,1,-0.862656195,-0.387306511,0.820095437,0.000000000,0.000000000,-0.001302130,0.999999152,2
1782463465.193497181,7.358194351,2194,vicon_state_data,ball,1,0,1.821702404,-0.041336920,0.963787171,0.000000000,0.000000000,0.000000000,1.000000000,1,-0.862692011,-0.387168647,0.820117363,0.000000000,0.000000000,-0.001032454,0.999999467,2
1782463465.196880817,7.361577988,2195,vicon_state_data,ball,1,0,1.830650687,-0.042706694,0.958376095,0.000000000,0.000000000,0.000000000,1.000000000,1,-0.862709264,-0.387384502,0.820072490,0.000000000,0.000000000,-0.001396216,0.999999025,2
1782463465.200330973,7.365028143,2196,vicon_state_data,ball,1,0,1.839779143,-0.044109277,0.952573494,0.000000000,0.000000000,0.000000000,1.000000000,1,-0.862644866,-0.387350415,0.819938689,0.000000000,0.000000000,-0.001685026,0.999998580,2
1782463465.203294277,7.367991447,2197,vicon_state_data,ball,1,0,1.848713673,-0.045558022,0.946749780,0.000000000,0.000000000,0.000000000,1.000000000,1,-0.862671653,-0.387172151,0.819965919,0.000000000,0.000000000,-0.001294422,0.999999162,2
1782463465.206591606,7.371288776,2198,vicon_state_data,ball,1,0,1.857811000,-0.047222820,0.941583877,0.000000000,0.000000000,0.000000000,1.000000000,1,-0.862664043,-0.387442369,0.819997494,0.000000000,0.000000000,-0.001967709,0.999998064,2
1782463465.209858418,7.374555588,2199,vicon_state_data,ball,1,0,1.867076058,-0.048689155,0.935809238,0.000000000,0.000000000,0.000000000,1.000000000,1,-0.862683347,-0.387510569,0.820008116,0.000000000,0.000000000,-0.002123247,0.999997746,2
1782463465.213387489,7.378084660,2200,vicon_state_data,ball,1,0,1.876385092,-0.050136212,0.929712265,0.000000000,0.000000000,0.000000000,1.000000000,1,-0.862705222,-0.387479418,0.819946665,0.000000000,0.000000000,-0.001838215,0.999998310,2
1782463465.216766357,7.381463528,2201,vicon_state_data,ball,1,0,1.885779523,-0.051508762,0.923353483,0.000000000,0.000000000,0.000000000,1.000000000,1,-0.862714889,-0.387579154,0.820022173,0.000000000,0.000000000,-0.002136923,0.999997717,2
1782463465.220177174,7.384874344,2202,vicon_state_data,ball,1,0,1.894678270,-0.052735093,0.916993644,0.000000000,0.000000000,0.000000000,1.000000000,1,-0.862726189,-0.387628167,0.819996794,0.000000000,0.000000000,-0.002180937,0.999997622,2
1782463465.223554373,7.388251543,2203,vicon_state_data,ball,1,0,1.904005268,-0.053891357,0.909665642,0.000000000,0.000000000,0.000000000,1.000000000,1,-0.862747305,-0.387610527,0.820013313,0.000000000,0.000000000,-0.001971511,0.999998057,2
1782463465.226706982,7.391404152,2204,vicon_state_data,ball,1,0,1.912892625,-0.055185434,0.903044197,0.000000000,0.000000000,0.000000000,1.000000000,1,-0.862778307,-0.387653654,0.819977289,0.000000000,0.000000000,-0.002011509,0.999997977,2
1782463465.230070829,7.394768000,2205,vicon_state_data,ball,1,0,1.920901901,-0.054474567,0.898154444,0.000000000,0.000000000,0.000000000,1.000000000,1,-0.862795449,-0.387661942,0.820000220,0.000000000,0.000000000,-0.001979831,0.999998040,2
1782463465.233317852,7.398015022,2206,vicon_state_data,ball,1,0,1.929461143,-0.057500447,0.891633415,0.000000000,0.000000000,0.000000000,1.000000000,1,-0.862823851,-0.387721470,0.820006692,0.000000000,0.000000000,-0.002056952,0.999997884,2
1782463465.236566782,7.401263952,2207,vicon_state_data,ball,1,0,1.937957929,-0.059555505,0.884228300,0.000000000,0.000000000,0.000000000,1.000000000,1,-0.862843454,-0.387729063,0.819995742,0.000000000,0.000000000,-0.002098651,0.999997798,2
1782463465.239886284,7.404583454,2208,vicon_state_data,ball,1,0,1.946977098,-0.061212007,0.877270886,0.000000000,0.000000000,0.000000000,1.000000000,1,-0.862886013,-0.387788506,0.820017619,0.000000000,0.000000000,-0.002034116,0.999997931,2
1782463465.243357420,7.408054590,2209,vicon_state_data,ball,1,0,1.956135579,-0.062400198,0.870329698,0.000000000,0.000000000,0.000000000,1.000000000,1,-0.862921132,-0.387808346,0.820013844,0.000000000,0.000000000,-0.001988188,0.999998024,2
1782463465.246860266,7.411557436,2210,vicon_state_data,ball,1,0,1.965132872,-0.063535596,0.863613689,0.000000000,0.000000000,0.000000000,1.000000000,1,-0.862939536,-0.387848482,0.819942423,0.000000000,0.000000000,-0.002019593,0.999997961,2
1782463465.250277996,7.414975166,2211,vicon_state_data,ball,1,0,1.974266521,-0.064740335,0.856178319,0.000000000,0.000000000,0.000000000,1.000000000,1,-0.862969915,-0.387885581,0.820020031,0.000000000,0.000000000,-0.002082781,0.999997831,2
1782463465.253462076,7.418159246,2212,vicon_state_data,ball,1,0,1.983213795,-0.067132305,0.849123274,0.000000000,0.000000000,0.000000000,1.000000000,1,-0.862971384,-0.387898284,0.819952751,0.000000000,0.000000000,-0.002077503,0.999997842,2
1782463465.256669998,7.421367168,2213,vicon_state_data,ball,1,0,1.991384306,-0.067860847,0.842517645,0.000000000,0.000000000,0.000000000,1.000000000,1,-0.863021361,-0.387975072,0.820009504,0.000000000,0.000000000,-0.002161346,0.999997664,2
1782463465.260113239,7.424810410,2214,vicon_state_data,ball,1,0,2.000718971,-0.069601187,0.833440482,0.000000000,0.000000000,0.000000000,1.000000000,1,-0.863018632,-0.388016927,0.819928792,0.000000000,0.000000000,-0.002189510,0.999997603,2
1782463465.263315678,7.428012848,2215,vicon_state_data,ball,1,0,2.009412176,-0.071252361,0.826447967,0.000000000,0.000000000,0.000000000,1.000000000,1,-0.863090172,-0.388100218,0.820003182,0.000000000,0.000000000,-0.002262775,0.999997440,2
1782463465.266708851,7.431406021,2216,vicon_state_data,ball,1,0,2.018314898,-0.072821543,0.818994655,0.000000000,0.000000000,0.000000000,1.000000000,1,-0.863074885,-0.388040212,0.819931269,0.000000000,0.000000000,-0.002098694,0.999997798,2
1782463465.269865751,7.434562922,2217,vicon_state_data,ball,1,0,2.027164319,-0.074209890,0.811180936,0.000000000,0.000000000,0.000000000,1.000000000,1,-0.863125619,-0.388101699,0.819991661,0.000000000,0.000000000,-0.002305082,0.999997343,2
1782463465.273211956,7.437909126,2218,vicon_state_data,ball,1,0,2.036363708,-0.075556483,0.803219952,0.000000000,0.000000000,0.000000000,1.000000000,1,-0.863145976,-0.388142296,0.819991882,0.000000000,0.000000000,-0.002393539,0.999997135,2
1782463465.277316332,7.442013502,2219,vicon_state_data,ball,1,0,2.045359947,-0.076873603,0.795054759,0.000000000,0.000000000,0.000000000,1.000000000,1,-0.863181285,-0.388080283,0.819968996,0.000000000,0.000000000,-0.002007979,0.999997984,2
1782463465.280136585,7.444833755,2220,vicon_state_data,ball,1,0,2.054578281,-0.078006559,0.786158240,0.000000000,0.000000000,0.000000000,1.000000000,1,-0.863189308,-0.388145483,0.819945489,0.000000000,0.000000000,-0.002146047,0.999997697,2
1782463465.283437014,7.448134184,2221,vicon_state_data,ball,1,0,2.063178561,-0.079227295,0.777757687,0.000000000,0.000000000,0.000000000,1.000000000,1,-0.863226557,-0.388231601,0.820014381,0.000000000,0.000000000,-0.002550789,0.999996747,2
1782463465.286770105,7.451467276,2222,vicon_state_data,ball,1,0,2.071667698,-0.080533080,0.769059431,0.000000000,0.000000000,0.000000000,1.000000000,1,-0.863253720,-0.388289077,0.820021503,0.000000000,0.000000000,-0.002641138,0.999996512,2
1782463465.290045977,7.454743147,2223,vicon_state_data,ball,1,0,2.080120884,-0.082047958,0.760241245,0.000000000,0.000000000,0.000000000,1.000000000,1,-0.863267211,-0.388297103,0.820016150,0.000000000,0.000000000,-0.002643249,0.999996507,2
1782463465.293918610,7.458615780,2224,vicon_state_data,ball,1,0,2.088212736,-0.083534068,0.757847394,0.000000000,0.000000000,0.000000000,1.000000000,1,-0.863293488,-0.388244746,0.819989736,0.000000000,0.000000000,-0.002257484,0.999997452,2
1782463465.297363997,7.462061167,2225,vicon_state_data,ball,1,0,2.095268682,-0.084841063,0.765975427,0.000000000,0.000000000,0.000000000,1.000000000,1,-0.863263933,-0.388211814,0.820004533,0.000000000,0.000000000,-0.002479734,0.999996925,2
1782463465.300114155,7.464811325,2226,vicon_state_data,ball,1,0,2.103528544,-0.086040108,0.773032310,0.000000000,0.000000000,0.000000000,1.000000000,1,-0.863284578,-0.388237675,0.819925936,0.000000000,0.000000000,-0.002299680,0.999997356,2
1782463465.303235292,7.467932463,2227,vicon_state_data,ball,1,0,2.111567796,-0.086887414,0.780174097,0.000000000,0.000000000,0.000000000,1.000000000,1,-0.863357053,-0.388368626,0.820006360,0.000000000,0.000000000,-0.002393746,0.999997135,2
1782463465.306771994,7.471469164,2228,vicon_state_data,ball,1,0,2.119899898,-0.087986545,0.786780442,0.000000000,0.000000000,0.000000000,1.000000000,1,-0.863374869,-0.388495103,0.820050648,0.000000000,0.000000000,-0.002957572,0.999995626,2
1782463465.309952259,7.474649429,2229,vicon_state_data,ball,1,0,2.127373321,-0.089265937,0.793645570,0.000000000,0.000000000,0.000000000,1.000000000,1,-0.863405527,-0.388482068,0.820078709,0.000000000,0.000000000,-0.002960454,0.999995618,2
1782463465.313495159,7.478192329,2230,vicon_state_data,ball,1,0,2.135724936,-0.090922417,0.800101384,0.000000000,0.000000000,0.000000000,1.000000000,1,-0.863470567,-0.387986419,0.820149773,0.000000000,0.000000000,-0.001616314,0.999998694,2
1782463465.316682816,7.481379986,2231,vicon_state_data,ball,1,0,2.143278428,-0.092004137,0.806586617,0.000000000,0.000000000,0.000000000,1.000000000,1,-0.863435591,-0.388228754,0.819957840,0.000000000,0.000000000,-0.002085804,0.999997825,2
1782463465.319935322,7.484632492,2232,vicon_state_data,ball,1,0,2.150994273,-0.093351967,0.813583970,0.000000000,0.000000000,0.000000000,1.000000000,1,-0.863560942,-0.387908026,0.820277163,0.000000000,0.000000000,-0.000520680,0.999999864,2
1782463465.323228598,7.487925768,2233,vicon_state_data,ball,1,0,2.158750031,-0.094166090,0.819819180,0.000000000,0.000000000,0.000000000,1.000000000,1,-0.863594381,-0.387901777,0.820269194,0.000000000,0.000000000,-0.000590331,0.999999826,2
1782463465.326831102,7.491528273,2234,vicon_state_data,ball,1,0,2.167374837,-0.095745337,0.825890151,0.000000000,0.000000000,0.000000000,1.000000000,1,-0.863576343,-0.388381309,0.820037180,0.000000000,0.000000000,-0.002089435,0.999997817,2
1782463465.330345392,7.495042562,2235,vicon_state_data,ball,1,0,2.175644202,-0.097023718,0.831819874,0.000000000,0.000000000,0.000000000,1.000000000,1,-0.863587671,-0.388208860,0.820094684,0.000000000,0.000000000,-0.001943099,0.999998112,2
1782463465.333416939,7.498114109,2236,vicon_state_data,ball,1,0,2.184044359,-0.098227688,0.836959555,0.000000000,0.000000000,0.000000000,1.000000000,1,-0.863663992,-0.388006032,0.820291367,0.000000000,0.000000000,-0.000616041,0.999999810,2
1782463465.336686373,7.501383543,2237,vicon_state_data,ball,1,0,2.191812160,-0.099215595,0.842482273,0.000000000,0.000000000,0.000000000,1.000000000,1,-0.863731213,-0.388108322,0.820312062,0.000000000,0.000000000,-0.000865898,0.999999625,2
1782463465.340126991,7.504824162,2238,vicon_state_data,ball,1,0,2.199341992,-0.100375290,0.847744552,0.000000000,0.000000000,0.000000000,1.000000000,1,-0.863615995,-0.388119955,0.820077888,0.000000000,0.000000000,-0.001843765,0.999998300,2
1782463465.343284130,7.507981300,2239,vicon_state_data,ball,1,0,2.207184531,-0.101565525,0.853552454,0.000000000,0.000000000,0.000000000,1.000000000,1,-0.863705645,-0.388219205,0.820133071,0.000000000,0.000000000,-0.001884555,0.999998224,2
1782463465.346698523,7.511395693,2240,vicon_state_data,ball,1,0,2.214048939,-0.103195586,0.860481573,0.000000000,0.000000000,0.000000000,1.000000000,1,-0.863777749,-0.388026742,0.820265541,0.000000000,0.000000000,-0.000708347,0.999999749,2
1782463465.350285530,7.514982700,2241,vicon_state_data,ball,1,0,2.221842611,-0.104775235,0.865737325,0.000000000,0.000000000,0.000000000,1.000000000,1,-0.863835234,-0.388153919,0.820293490,0.000000000,0.000000000,-0.000967335,0.999999532,2
1782463465.353497744,7.518194914,2242,vicon_state_data,ball,1,0,2.229939171,-0.105551855,0.871024476,0.000000000,0.000000000,0.000000000,1.000000000,1,-0.863787777,-0.388293383,0.820119229,0.000000000,0.000000000,-0.002024761,0.999997950,2
1782463465.356890202,7.521587372,2243,vicon_state_data,ball,1,0,2.237917194,-0.106249626,0.876302329,0.000000000,0.000000000,0.000000000,1.000000000,1,-0.863848276,-0.388053050,0.820270116,0.000000000,0.000000000,-0.000689850,0.999999762,2
1782463465.359949827,7.524646997,2244,vicon_state_data,ball,1,0,2.245887032,-0.107188429,0.880931900,0.000000000,0.000000000,0.000000000,1.000000000,1,-0.863860982,-0.388088189,0.820254582,0.000000000,0.000000000,-0.000827922,0.999999657,2
1782463465.363522768,7.528219938,2245,vicon_state_data,ball,1,0,2.253745282,-0.109032677,0.886192909,0.000000000,0.000000000,0.000000000,1.000000000,1,-0.863802966,-0.388205517,0.820021391,0.000000000,0.000000000,-0.002097251,0.999997801,2
1782463465.366945744,7.531642914,2246,vicon_state_data,ball,1,0,2.261335658,-0.110127806,0.890751667,0.000000000,0.000000000,0.000000000,1.000000000,1,-0.863821516,-0.388279361,0.820045649,0.000000000,0.000000000,-0.002075547,0.999997846,2
1782463465.369978428,7.534675598,2247,vicon_state_data,ball,1,0,2.269026467,-0.111230738,0.895383309,0.000000000,0.000000000,0.000000000,1.000000000,1,-0.863976033,-0.388289934,0.820294099,0.000000000,0.000000000,-0.001230206,0.999999243,2
1782463465.373234510,7.537931681,2248,vicon_state_data,ball,1,0,2.276879908,-0.112916509,0.900710742,0.000000000,0.000000000,0.000000000,1.000000000,1,-0.864005263,-0.388313221,0.820293962,0.000000000,0.000000000,-0.001281070,0.999999179,2
1782463465.376702547,7.541399717,2249,vicon_state_data,ball,1,0,2.284814587,-0.113932314,0.905207469,0.000000000,0.000000000,0.000000000,1.000000000,1,-0.863963662,-0.388403758,0.820146707,0.000000000,0.000000000,-0.002080997,0.999997835,2
1782463465.379889011,7.544586182,2250,vicon_state_data,ball,1,0,2.293088483,-0.115222453,0.909305607,0.000000000,0.000000000,0.000000000,1.000000000,1,-0.863931575,-0.388388213,0.820052955,0.000000000,0.000000000,-0.002200076,0.999997580,2
1782463465.383275032,7.547972202,2251,vicon_state_data,ball,1,0,2.300873789,-0.116271050,0.912716496,0.000000000,0.000000000,0.000000000,1.000000000,1,-0.864079470,-0.388427106,0.820314972,0.000000000,0.000000000,-0.001388931,0.999999035,2
1782463465.387039661,7.551736832,2252,vicon_state_data,ball,1,0,2.309029009,-0.117357781,0.915680107,0.000000000,0.000000000,0.000000000,1.000000000,1,-0.864041055,-0.388495090,0.820127684,0.000000000,0.000000000,-0.002208700,0.999997561,2
1782463465.389925718,7.554622889,2253,vicon_state_data,ball,1,0,2.316768223,-0.118271622,0.919377978,0.000000000,0.000000000,0.000000000,1.000000000,1,-0.864007702,-0.388449821,0.820053826,0.000000000,0.000000000,-0.002283867,0.999997392,2
1782463465.393637657,7.558334827,2254,vicon_state_data,ball,1,0,2.324286142,-0.119509856,0.923149359,0.000000000,0.000000000,0.000000000,1.000000000,1,-0.864113858,-0.388356026,0.820271474,0.000000000,0.000000000,-0.001278196,0.999999183,2
1782463465.396748543,7.561445713,2255,vicon_state_data,ball,1,0,2.331827373,-0.120690127,0.927398316,0.000000000,0.000000000,0.000000000,1.000000000,1,-0.864167239,-0.388448737,0.820293667,0.000000000,0.000000000,-0.001413306,0.999999001,2
1782463465.400182009,7.564879179,2256,vicon_state_data,ball,1,0,2.338543347,-0.122107474,0.932168962,0.000000000,0.000000000,0.000000000,1.000000000,1,-0.864198571,-0.388507939,0.820275655,0.000000000,0.000000000,-0.001513699,0.999998854,2
1782463465.403238297,7.567935467,2257,vicon_state_data,ball,1,0,2.346580019,-0.123274008,0.935600484,0.000000000,0.000000000,0.000000000,1.000000000,1,-0.864222503,-0.388549391,0.820268371,0.000000000,0.000000000,-0.001573483,0.999998762,2
1782463465.406558275,7.571255445,2258,vicon_state_data,ball,1,0,2.354480179,-0.124034418,0.939190440,0.000000000,0.000000000,0.000000000,1.000000000,1,-0.864209166,-0.388504573,0.820248778,0.000000000,0.000000000,-0.001501742,0.999998872,2
1782463465.410104513,7.574801683,2259,vicon_state_data,ball,1,0,2.362538315,-0.124990682,0.942310429,0.000000000,0.000000000,0.000000000,1.000000000,1,-0.864196961,-0.388673603,0.820093207,0.000000000,0.000000000,-0.002484771,0.999996913,2
1782463465.413442135,7.578139305,2260,vicon_state_data,ball,1,0,2.369928362,-0.125810525,0.945357312,0.000000000,0.000000000,0.000000000,1.000000000,1,-0.864294969,-0.388619604,0.820276993,0.000000000,0.000000000,-0.001689245,0.999998573,2
1782463465.416844606,7.581541777,2261,vicon_state_data,ball,1,0,2.376750423,-0.127768499,0.949587771,0.000000000,0.000000000,0.000000000,1.000000000,1,-0.864304633,-0.388821457,0.820173619,0.000000000,0.000000000,-0.002732715,0.999996266,2
1782463465.419996738,7.584693909,2262,vicon_state_data,ball,1,0,2.384860447,-0.128709254,0.951473394,0.000000000,0.000000000,0.000000000,1.000000000,1,-0.864263796,-0.388663294,0.820085232,0.000000000,0.000000000,-0.002446031,0.999997008,2
1782463465.423174381,7.587871552,2263,vicon_state_data,ball,1,0,2.392702235,-0.130378414,0.954729664,0.000000000,0.000000000,0.000000000,1.000000000,1,-0.864367757,-0.388643753,0.820259559,0.000000000,0.000000000,-0.001806505,0.999998368,2
1782463465.426771402,7.591468573,2264,vicon_state_data,ball,1,0,2.400379309,-0.131500754,0.957692537,0.000000000,0.000000000,0.000000000,1.000000000,1,-0.864364068,-0.388632718,0.820255463,0.000000000,0.000000000,-0.001684798,0.999998581,2
1782463465.430303574,7.595000744,2265,vicon_state_data,ball,1,0,2.408333193,-0.132805775,0.960140105,0.000000000,0.000000000,0.000000000,1.000000000,1,-0.864383046,-0.388611563,0.820216449,0.000000000,0.000000000,-0.001795636,0.999998388,2
1782463465.433769703,7.598466873,2266,vicon_state_data,ball,1,0,2.416499162,-0.133905649,0.961926871,0.000000000,0.000000000,0.000000000,1.000000000,1,-0.864358765,-0.388807628,0.820056030,0.000000000,0.000000000,-0.002892836,0.999995816,2
1782463465.436686039,7.601383209,2267,vicon_state_data,ball,1,0,2.424066469,-0.134980963,0.964169907,0.000000000,0.000000000,0.000000000,1.000000000,1,-0.864352506,-0.388718324,0.820029103,0.000000000,0.000000000,-0.002845425,0.999995952,2
1782463465.439964771,7.604661942,2268,vicon_state_data,ball,1,0,2.432321305,-0.135573889,0.965182317,0.000000000,0.000000000,0.000000000,1.000000000,1,-0.864498264,-0.388740556,0.820289637,0.000000000,0.000000000,-0.002002370,0.999997995,2
1782463465.443360090,7.608057261,2269,vicon_state_data,ball,1,0,2.439720664,-0.136727057,0.967083941,0.000000000,0.000000000,0.000000000,1.000000000,1,-0.864423731,-0.388865021,0.820062169,0.000000000,0.000000000,-0.003101690,0.999995190,2
1782463465.446844816,7.611541986,2270,vicon_state_data,ball,1,0,2.447169079,-0.138042851,0.969154881,0.000000000,0.000000000,0.000000000,1.000000000,1,-0.864450066,-0.388864132,0.820056224,0.000000000,0.000000000,-0.003109934,0.999995164,2
1782463465.450110435,7.614807606,2271,vicon_state_data,ball,1,0,2.454576381,-0.139320421,0.971672132,0.000000000,0.000000000,0.000000000,1.000000000,1,-0.864576256,-0.388771464,0.820290498,0.000000000,0.000000000,-0.002083965,0.999997829,2
1782463465.453233957,7.617931128,2272,vicon_state_data,ball,1,0,2.461418923,-0.140806986,0.974359562,0.000000000,0.000000000,0.000000000,1.000000000,1,-0.864638927,-0.388908512,0.820316117,0.000000000,0.000000000,-0.001987103,0.999998026,2
1782463465.456859112,7.621556282,2273,vicon_state_data,ball,1,0,2.469378152,-0.141806569,0.976076807,0.000000000,0.000000000,0.000000000,1.000000000,1,-0.864515970,-0.388923413,0.820054468,0.000000000,0.000000000,-0.003221691,0.999994810,2
1782463465.459964275,7.624661446,2274,vicon_state_data,ball,1,0,2.477128098,-0.142492963,0.977762699,0.000000000,0.000000000,0.000000000,1.000000000,1,-0.864536294,-0.388956790,0.820048790,0.000000000,0.000000000,-0.003301470,0.999994550,2
1782463465.463386774,7.628083944,2275,vicon_state_data,ball,1,0,2.485060684,-0.143563649,0.978852421,0.000000000,0.000000000,0.000000000,1.000000000,1,-0.864664325,-0.388829242,0.820299700,0.000000000,0.000000000,-0.002174709,0.999997635,2
1782463465.466786146,7.631483316,2276,vicon_state_data,ball,1,0,2.491817915,-0.144227382,0.980469286,0.000000000,0.000000000,0.000000000,1.000000000,1,-0.864692795,-0.388864970,0.820295472,0.000000000,0.000000000,-0.002253157,0.999997462,2
1782463465.469914913,7.634612083,2277,vicon_state_data,ball,1,0,2.498907427,-0.146108105,0.982367284,0.000000000,0.000000000,0.000000000,1.000000000,1,-0.864722151,-0.388843259,0.820306419,0.000000000,0.000000000,-0.002259643,0.999997447,2
1782463465.473268270,7.637965441,2278,vicon_state_data,ball,1,0,2.506987299,-0.147249759,0.982483642,0.000000000,0.000000000,0.000000000,1.000000000,1,-0.864778203,-0.388914555,0.820313724,0.000000000,0.000000000,-0.002104627,0.999997785,2
1782463465.476603508,7.641300678,2279,vicon_state_data,ball,1,0,2.514690260,-0.149006092,0.984077880,0.000000000,0.000000000,0.000000000,1.000000000,1,-0.864797431,-0.388928943,0.820313979,0.000000000,0.000000000,-0.002101501,0.999997792,2
1782463465.480309248,7.645006418,2280,vicon_state_data,ball,1,0,2.522232992,-0.150013321,0.985088190,0.000000000,0.000000000,0.000000000,1.000000000,1,-0.864806983,-0.388862959,0.820312155,0.000000000,0.000000000,-0.002281766,0.999997397,2
1782463465.483641863,7.648339033,2281,vicon_state_data,ball,1,0,2.530210084,-0.151217988,0.985699245,0.000000000,0.000000000,0.000000000,1.000000000,1,-0.864824668,-0.388851962,0.820295881,0.000000000,0.000000000,-0.002273939,0.999997415,2
1782463465.486778021,7.651475191,2282,vicon_state_data,ball,1,0,2.538062348,-0.152056866,0.985646534,0.000000000,0.000000000,0.000000000,1.000000000,1,-0.864765549,-0.389018060,0.820071623,0.000000000,0.000000000,-0.003179160,0.999994946,2
1782463465.490014791,7.654711962,2283,vicon_state_data,ball,1,0,2.546101539,-0.152961737,0.985093934,0.000000000,0.000000000,0.000000000,1.000000000,1,-0.864879767,-0.388896822,0.820318048,0.000000000,0.000000000,-0.002377544,0.999997174,2
1782463465.493366003,7.658063173,2284,vicon_state_data,ball,1,0,2.553403453,-0.153972421,0.985167818,0.000000000,0.000000000,0.000000000,1.000000000,1,-0.864934953,-0.388907830,0.820326690,0.000000000,0.000000000,-0.002150945,0.999997687,2
1782463465.496856213,7.661553383,2285,vicon_state_data,ball,1,0,2.560682721,-0.155222260,0.985288559,0.000000000,0.000000000,0.000000000,1.000000000,1,-0.864928051,-0.388927045,0.820313518,0.000000000,0.000000000,-0.002516801,0.999996833,2
1782463465.500025511,7.664722681,2286,vicon_state_data,ball,1,0,2.568256744,-0.156498143,0.985643055,0.000000000,0.000000000,0.000000000,1.000000000,1,-0.864955578,-0.388902594,0.820342343,0.000000000,0.000000000,-0.002470513,0.999996948,2
1782463465.503273249,7.667970419,2287,vicon_state_data,ball,1,0,2.574421327,-0.157979296,0.987216112,0.000000000,0.000000000,0.000000000,1.000000000,1,-0.864990259,-0.388944212,0.820344533,0.000000000,0.000000000,-0.002559045,0.999996726,2
1782463465.506614447,7.671311617,2288,vicon_state_data,ball,1,0,2.582143017,-0.159266684,0.987134014,0.000000000,0.000000000,0.000000000,1.000000000,1,-0.865032987,-0.388965103,0.820345665,0.000000000,0.000000000,-0.002346805,0.999997246,2
1782463465.510199785,7.674896955,2289,vicon_state_data,ball,1,0,2.589858254,-0.159950930,0.987035945,0.000000000,0.000000000,0.000000000,1.000000000,1,-0.864946211,-0.389129912,0.820097551,0.000000000,0.000000000,-0.003588132,0.999993563,2
1782463465.513563633,7.678260803,2290,vicon_state_data,ball,1,0,2.597633870,-0.160940276,0.986850820,0.000000000,0.000000000,0.000000000,1.000000000,1,-0.865072143,-0.389060797,0.820345331,0.000000000,0.000000000,-0.002592004,0.999996641,2
1782463465.517017126,7.681714296,2291,vicon_state_data,ball,1,0,2.605092571,-0.161874056,0.986198155,0.000000000,0.000000000,0.000000000,1.000000000,1,-0.865090207,-0.388940281,0.820363663,0.000000000,0.000000000,-0.002601031,0.999996617,2
1782463465.520061016,7.684758186,2292,vicon_state_data,ball,1,0,2.613313261,-0.163462638,0.984790655,0.000000000,0.000000000,0.000000000,1.000000000,1,-0.865116677,-0.388958912,0.820360416,0.000000000,0.000000000,-0.002603456,0.999996611,2
1782463465.523247719,7.687944889,2293,vicon_state_data,ball,1,0,2.620088705,-0.164687744,0.984449349,0.000000000,0.000000000,0.000000000,1.000000000,1,-0.865153296,-0.388955666,0.820343727,0.000000000,0.000000000,-0.002621208,0.999996565,2
1782463465.526760340,7.691457510,2294,vicon_state_data,ball,1,0,2.627063716,-0.165849587,0.984121283,0.000000000,0.000000000,0.000000000,1.000000000,1,-0.865172989,-0.389032948,0.820368719,0.000000000,0.000000000,-0.002744842,0.999996233,2
1782463465.530017376,7.694714546,2295,vicon_state_data,ball,1,0,2.634431057,-0.167547366,0.984216106,0.000000000,0.000000000,0.000000000,1.000000000,1,-0.865189694,-0.389024123,0.820329766,0.000000000,0.000000000,-0.002908526,0.999995770,2
1782463465.533375502,7.698072672,2296,vicon_state_data,ball,1,0,2.642267058,-0.168502620,0.982947658,0.000000000,0.000000000,0.000000000,1.000000000,1,-0.865110784,-0.389111113,0.820084794,0.000000000,0.000000000,-0.003973208,0.999992107,2
1782463465.536657810,7.701354980,2297,vicon_state_data,ball,1,0,2.650109561,-0.169673091,0.981556859,0.000000000,0.000000000,0.000000000,1.000000000,1,-0.865237610,-0.389052780,0.820334883,0.000000000,0.000000000,-0.002997055,0.999995509,2
1782463465.540405989,7.705103159,2298,vicon_state_data,ball,1,0,2.657473559,-0.170299112,0.980067128,0.000000000,0.000000000,0.000000000,1.000000000,1,-0.865161522,-0.389424028,0.819968282,0.000000000,0.000000000,-0.004236875,0.999991024,2
1782463465.543328524,7.708025694,2299,vicon_state_data,ball,1,0,2.665182818,-0.171497615,0.977894007,0.000000000,0.000000000,0.000000000,1.000000000,1,-0.865329839,-0.389023480,0.820263977,0.000000000,0.000000000,-0.003131550,0.999995097,2
1782463465.546827316,7.711524487,2300,vicon_state_data,ball,1,0,2.672362379,-0.172614323,0.976248056,0.000000000,0.000000000,0.000000000,1.000000000,1,-0.865283384,-0.389297812,0.820078774,0.000000000,0.000000000,-0.003840360,0.999992626,2
1782463465.550014257,7.714711428,2301,vicon_state_data,ball,1,0,2.679462190,-0.173968612,0.974648852,0.000000000,0.000000000,0.000000000,1.000000000,1,-0.865377770,-0.389023292,0.820229176,0.000000000,0.000000000,-0.003121400,0.999995128,2
1782463465.553314447,7.718011618,2302,vicon_state_data,ball,1,0,2.686904231,-0.175016231,0.973466907,0.000000000,0.000000000,0.000000000,1.000000000,1,-0.865390846,-0.389370370,0.820143081,0.000000000,0.000000000,-0.003688821,0.999993196,2
1782463465.556868553,7.721565723,2303,vicon_state_data,ball,1,0,2.693407758,-0.176504578,0.972597909,0.000000000,0.000000000,0.000000000,1.000000000,1,-0.865297777,-0.389371545,0.819988569,0.000000000,0.000000000,-0.004399967,0.999990320,2
1782463465.560070038,7.724767208,2304,vicon_state_data,ball,1,0,2.700868621,-0.177593787,0.971026297,0.000000000,0.000000000,0.000000000,1.000000000,1,-0.865357324,-0.389410548,0.820107045,0.000000000,0.000000000,-0.004508832,0.999989835,2
1782463465.563191652,7.727888823,2305,vicon_state_data,ball,1,0,2.708337357,-0.178379109,0.969323658,0.000000000,0.000000000,0.000000000,1.000000000,1,-0.865388789,-0.389410803,0.820112488,0.000000000,0.000000000,-0.004603453,0.999989404,2
1782463465.566616774,7.731313944,2306,vicon_state_data,ball,1,0,2.715961545,-0.179559477,0.967292093,0.000000000,0.000000000,0.000000000,1.000000000,1,-0.865405309,-0.389479580,0.820075813,0.000000000,0.000000000,-0.004882882,0.999988079,2
1782463465.570035458,7.734732628,2307,vicon_state_data,ball,1,0,2.723397797,-0.180327862,0.964642564,0.000000000,0.000000000,0.000000000,1.000000000,1,-0.865429790,-0.389484491,0.820093125,0.000000000,0.000000000,-0.004876190,0.999988111,2
1782463465.573358059,7.738055229,2308,vicon_state_data,ball,1,0,2.731012791,-0.181908973,0.961866897,0.000000000,0.000000000,0.000000000,1.000000000,1,-0.865433784,-0.389401152,0.819993960,0.000000000,0.000000000,-0.004529738,0.999989741,2
1782463465.576986074,7.741683245,2309,vicon_state_data,ball,1,0,2.737822806,-0.183027242,0.959569650,0.000000000,0.000000000,0.000000000,1.000000000,1,-0.865467288,-0.389383898,0.819987361,0.000000000,0.000000000,-0.004504672,0.999989854,2
1782463465.580218077,7.744915247,2310,vicon_state_data,ball,1,0,2.744768217,-0.184159321,0.957359207,0.000000000,0.000000000,0.000000000,1.000000000,1,-0.865487229,-0.389365022,0.819993850,0.000000000,0.000000000,-0.004550962,0.999989644,2
1782463465.583470583,7.748167753,2311,vicon_state_data,ball,1,0,2.751965416,-0.185880500,0.955654519,0.000000000,0.000000000,0.000000000,1.000000000,1,-0.865519114,-0.389555750,0.820060275,0.000000000,0.000000000,-0.005378824,0.999985534,2
1782463465.586853027,7.751550198,2312,vicon_state_data,ball,1,0,2.759580729,-0.187034912,0.952953360,0.000000000,0.000000000,0.000000000,1.000000000,1,-0.865524106,-0.389455132,0.819992731,0.000000000,0.000000000,-0.004734366,0.999988793,2
1782463465.590023518,7.754720688,2313,vicon_state_data,ball,1,0,2.767414318,-0.187974109,0.949470808,0.000000000,0.000000000,0.000000000,1.000000000,1,-0.865534683,-0.389455163,0.820004650,0.000000000,0.000000000,-0.004814585,0.999988410,2
1782463465.593252182,7.757949352,2314,vicon_state_data,ball,1,0,2.774801965,-0.188803772,0.946044134,0.000000000,0.000000000,0.000000000,1.000000000,1,-0.865572206,-0.389587907,0.820099412,0.000000000,0.000000000,-0.005645521,0.999984064,2
1782463465.597008467,7.761705637,2315,vicon_state_data,ball,1,0,2.781984613,-0.189907935,0.942651036,0.000000000,0.000000000,0.000000000,1.000000000,1,-0.865603734,-0.389584619,0.820081469,0.000000000,0.000000000,-0.005657063,0.999983999,2
1782463465.600332975,7.765030146,2316,vicon_state_data,ball,1,0,2.789022630,-0.191071872,0.939375030,0.000000000,0.000000000,0.000000000,1.000000000,1,-0.865646014,-0.389554191,0.820109119,0.000000000,0.000000000,-0.005571823,0.999984477,2
1782463465.603388309,7.768085480,2317,vicon_state_data,ball,1,0,2.796146643,-0.192304748,0.936201192,0.000000000,0.000000000,0.000000000,1.000000000,1,-0.865666404,-0.389397648,0.820025542,0.000000000,0.000000000,-0.004805934,0.999988451,2
1782463465.606611967,7.771309137,2318,vicon_state_data,ball,1,0,2.803116850,-0.193419698,0.933161040,0.000000000,0.000000000,0.000000000,1.000000000,1,-0.865709878,-0.389524862,0.820085669,0.000000000,0.000000000,-0.005577755,0.999984444,2
1782463465.609886885,7.774584055,2319,vicon_state_data,ball,1,0,2.809536536,-0.194913494,0.930558414,0.000000000,0.000000000,0.000000000,1.000000000,1,-0.865727150,-0.389511372,0.820093848,0.000000000,0.000000000,-0.005562682,0.999984528,2
1782463465.613530159,7.778227329,2320,vicon_state_data,ball,1,0,2.816976179,-0.195879037,0.927163301,0.000000000,0.000000000,0.000000000,1.000000000,1,-0.865773317,-0.389478311,0.820093423,0.000000000,0.000000000,-0.005463803,0.999985073,2
1782463465.616713762,7.781410933,2321,vicon_state_data,ball,1,0,2.824259296,-0.196743155,0.923683622,0.000000000,0.000000000,0.000000000,1.000000000,1,-0.865800099,-0.389451675,0.820109164,0.000000000,0.000000000,-0.005409611,0.999985368,2
1782463465.620090961,7.784788132,2322,vicon_state_data,ball,1,0,2.832427126,-0.197881929,0.919149037,0.000000000,0.000000000,0.000000000,1.000000000,1,-0.865812356,-0.389397221,0.820106491,0.000000000,0.000000000,-0.005292577,0.999985994,2
1782463465.623484612,7.788181782,2323,vicon_state_data,ball,1,0,2.839463438,-0.199117029,0.915118296,0.000000000,0.000000000,0.000000000,1.000000000,1,-0.865869533,-0.389397633,0.820124607,0.000000000,0.000000000,-0.005237522,0.999986284,2
1782463465.626642227,7.791339397,2324,vicon_state_data,ball,1,0,2.846283865,-0.200323332,0.910987547,0.000000000,0.000000000,0.000000000,1.000000000,1,-0.865901522,-0.389419005,0.820116826,0.000000000,0.000000000,-0.005361302,0.999985628,2
1782463465.630030155,7.794727325,2325,vicon_state_data,ball,1,0,2.852988461,-0.201404637,0.907042346,0.000000000,0.000000000,0.000000000,1.000000000,1,-0.865947218,-0.389378595,0.820128963,0.000000000,0.000000000,-0.005234292,0.999986301,2
1782463465.633452177,7.798149347,2326,vicon_state_data,ball,1,0,2.859826234,-0.202373363,0.903054193,0.000000000,0.000000000,0.000000000,1.000000000,1,-0.865999681,-0.389293147,0.820116682,0.000000000,0.000000000,-0.005036752,0.999987315,2
1782463465.636635065,7.801332235,2327,vicon_state_data,ball,1,0,2.867167113,-0.203577983,0.898989980,0.000000000,0.000000000,0.000000000,1.000000000,1,-0.866004158,-0.389208983,0.820079001,0.000000000,0.000000000,-0.004553272,0.999989634,2
1782463465.639903307,7.804600477,2328,vicon_state_data,ball,1,0,2.874718658,-0.204770738,0.894513081,0.000000000,0.000000000,0.000000000,1.000000000,1,-0.866093671,-0.389226783,0.820213083,0.000000000,0.000000000,-0.004662150,0.999989132,2
1782463465.643237829,7.807934999,2329,vicon_state_data,ball,1,0,2.882064639,-0.205970518,0.889728587,0.000000000,0.000000000,0.000000000,1.000000000,1,-0.866132780,-0.389254408,0.820186567,0.000000000,0.000000000,-0.004778209,0.999988584,2
1782463465.646640301,7.811337471,2330,vicon_state_data,ball,1,0,2.889298686,-0.207006197,0.884675181,0.000000000,0.000000000,0.000000000,1.000000000,1,-0.866199880,-0.389185449,0.820270690,0.000000000,0.000000000,-0.004381840,0.999990400,2
1782463465.650528431,7.815225601,2331,vicon_state_data,ball,1,0,2.896299546,-0.208102232,0.879612038,0.000000000,0.000000000,0.000000000,1.000000000,1,-0.866222309,-0.389156875,0.820279705,0.000000000,0.000000000,-0.004300310,0.999990754,2
1782463465.653470039,7.818167210,2332,vicon_state_data,ball,1,0,2.903206703,-0.209338737,0.874692174,0.000000000,0.000000000,0.000000000,1.000000000,1,-0.866344028,-0.388457090,0.820240396,0.000000000,0.000000000,-0.002454238,0.999996988,2
1782463465.656881809,7.821578979,2333,vicon_state_data,ball,1,0,2.910143959,-0.210589003,0.869947424,0.000000000,0.000000000,0.000000000,1.000000000,1,-0.866346628,-0.388471295,0.820273275,0.000000000,0.000000000,-0.003256344,0.999994698,2
1782463465.660063028,7.824760199,2334,vicon_state_data,ball,1,0,2.916939357,-0.211659502,0.865093244,0.000000000,0.000000000,0.000000000,1.000000000,1,-0.866564870,-0.388101219,0.820343002,0.000000000,0.000000000,-0.001116767,0.999999376,2
1782463465.663476706,7.828173876,2335,vicon_state_data,ball,1,0,2.923670078,-0.212837195,0.860215400,0.000000000,0.000000000,0.000000000,1.000000000,1,-0.866666516,-0.387953259,0.820391952,0.000000000,0.000000000,-0.000512840,0.999999868,2
1782463465.666727066,7.831424236,2336,vicon_state_data,ball,1,0,2.931035621,-0.213924815,0.855211633,0.000000000,0.000000000,0.000000000,1.000000000,1,-0.866102106,-0.389167820,0.820289542,0.000000000,0.000000000,-0.005126362,0.999986860,2
1782463465.670163393,7.834860563,2337,vicon_state_data,ball,1,0,2.938393257,-0.214996168,0.849808522,0.000000000,0.000000000,0.000000000,1.000000000,1,-0.865444508,-0.389925825,0.819928958,0.000000000,0.000000000,-0.010948113,0.999940068,2
1782463465.673352003,7.838049173,2338,vicon_state_data,ball,1,0,2.945566696,-0.216104725,0.844058945,0.000000000,0.000000000,0.000000000,1.000000000,1,-0.866076499,-0.388654349,0.819964792,0.000000000,0.000000000,-0.007103229,0.999974772,2
1782463465.676599741,7.841296911,2339,vicon_state_data,ball,1,0,2.952461598,-0.216706819,0.838922503,0.000000000,0.000000000,0.000000000,1.000000000,1,-0.866129039,-0.388660715,0.819991765,0.000000000,0.000000000,-0.007108978,0.999974731,2
1782463465.680322886,7.845020056,2340,vicon_state_data,ball,1,0,2.958499485,-0.216655045,0.834499036,0.000000000,0.000000000,0.000000000,1.000000000,1,-0.866403576,-0.388411279,0.820433825,0.000000000,0.000000000,-0.004530803,0.999989736,2
1782463465.683440685,7.848137856,2341,vicon_state_data,ball,1,0,2.962331132,-0.216091966,0.835876613,0.000000000,0.000000000,0.000000000,1.000000000,1,-0.865694840,-0.389541156,0.819866194,0.000000000,0.000000000,-0.008625376,0.999962801,2
1782463465.686744690,7.851441860,2342,vicon_state_data,ball,1,0,2.964880069,-0.215404518,0.839146679,0.000000000,0.000000000,0.000000000,1.000000000,1,-0.865544931,-0.389834791,0.819929462,0.000000000,0.000000000,-0.011164725,0.999937673,2
1782463465.690406084,7.855103254,2343,vicon_state_data,ball,1,0,2.966792677,-0.214496471,0.842624969,0.000000000,0.000000000,0.000000000,1.000000000,1,-0.865538572,-0.389862269,0.819935347,0.000000000,0.000000000,-0.011454458,0.999934396,2
1782463465.694016933,7.858714104,2344,vicon_state_data,ball,1,0,2.968642782,-0.213453466,0.846306795,0.000000000,0.000000000,0.000000000,1.000000000,1,-0.865574882,-0.389830578,0.819954229,0.000000000,0.000000000,-0.011391036,0.999935120,2
1782463465.697772264,7.862469435,2345,vicon_state_data,ball,1,0,2.970649189,-0.212285062,0.850267090,0.000000000,0.000000000,0.000000000,1.000000000,1,-0.865589041,-0.389820552,0.819949431,0.000000000,0.000000000,-0.011496414,0.999933914,2
1782463465.700112820,7.864809990,2346,vicon_state_data,ball,1,0,2.972771620,-0.210982256,0.854191818,0.000000000,0.000000000,0.000000000,1.000000000,1,-0.865598481,-0.389816089,0.819936951,0.000000000,0.000000000,-0.011584537,0.999932897,2
1782463465.703322649,7.868019819,2347,vicon_state_data,ball,1,0,2.974853802,-0.209537710,0.857780380,0.000000000,0.000000000,0.000000000,1.000000000,1,-0.865601979,-0.389823253,0.819918348,0.000000000,0.000000000,-0.011836023,0.999929952,2
1782463465.706652880,7.871350050,2348,vicon_state_data,ball,1,0,2.977211949,-0.207891681,0.861141599,0.000000000,0.000000000,0.000000000,1.000000000,1,-0.865634224,-0.389832035,0.819962014,0.000000000,0.000000000,-0.011735829,0.999931133,2
1782463465.710039377,7.874736547,2349,vicon_state_data,ball,1,0,2.979428806,-0.206218929,0.864273542,0.000000000,0.000000000,0.000000000,1.000000000,1,-0.865644161,-0.389810924,0.819957817,0.000000000,0.000000000,-0.011801061,0.999930365,2
1782463465.713377476,7.878074646,2350,vicon_state_data,ball,1,0,2.981561868,-0.205461263,0.867780763,0.000000000,0.000000000,0.000000000,1.000000000,1,-0.865660738,-0.389809551,0.819940271,0.000000000,0.000000000,-0.011932506,0.999928805,2
1782463465.716644049,7.881341219,2351,vicon_state_data,ball,1,0,2.983758389,-0.205598062,0.871495423,0.000000000,0.000000000,0.000000000,1.000000000,1,-0.865674790,-0.389812222,0.819970896,0.000000000,0.000000000,-0.012066183,0.999927201,2
1782463465.720114708,7.884811878,2352,vicon_state_data,ball,1,0,2.985827491,-0.206105637,0.875325446,0.000000000,0.000000000,0.000000000,1.000000000,1,-0.865686129,-0.389805442,0.819932124,0.000000000,0.000000000,-0.012092501,0.999926883,2
1782463465.723472357,7.888169527,2353,vicon_state_data,ball,1,0,2.988045969,-0.206309434,0.878759440,0.000000000,0.000000000,0.000000000,1.000000000,1,-0.865703165,-0.389793993,0.819960881,0.000000000,0.000000000,-0.012238531,0.999925106,2
1782463465.726679802,7.891376972,2354,vicon_state_data,ball,1,0,2.990164830,-0.206664452,0.882183222,0.000000000,0.000000000,0.000000000,1.000000000,1,-0.865723782,-0.389775613,0.819956426,0.000000000,0.000000000,-0.012312335,0.999924200,2
1782463465.730047226,7.894744396,2355,vicon_state_data,ball,1,0,2.992349316,-0.206826178,0.885413068,0.000000000,0.000000000,0.000000000,1.000000000,1,-0.865750836,-0.389793468,0.819955625,0.000000000,0.000000000,-0.012272778,0.999924687,2
1782463465.733273745,7.897970915,2356,vicon_state_data,ball,1,0,2.994446056,-0.207060905,0.888495612,0.000000000,0.000000000,0.000000000,1.000000000,1,-0.865772577,-0.389717403,0.819923094,0.000000000,0.000000000,-0.012243363,0.999925047,2
1782463465.736580133,7.901277304,2357,vicon_state_data,ball,1,0,2.996732955,-0.207074710,0.891459390,0.000000000,0.000000000,0.000000000,1.000000000,1,-0.865823184,-0.389635054,0.819932998,0.000000000,0.000000000,-0.011951967,0.999928573,2
1782463465.740013123,7.904710293,2358,vicon_state_data,ball,1,0,2.999196423,-0.206783747,0.894037567,0.000000000,0.000000000,0.000000000,1.000000000,1,-0.865992572,-0.389321413,0.819840494,0.000000000,0.000000000,-0.009505998,0.999954817,2
1782463465.743745565,7.908442736,2359,vicon_state_data,ball,1,0,3.001265980,-0.207020497,0.896877347,0.000000000,0.000000000,0.000000000,1.000000000,1,-0.866001323,-0.389322781,0.819817804,0.000000000,0.000000000,-0.009594866,0.999953968,2
1782463465.747086763,7.911783934,2360,vicon_state_data,ball,1,0,3.003398211,-0.207310421,0.899697931,0.000000000,0.000000000,0.000000000,1.000000000,1,-0.865867027,-0.389624446,0.819879180,0.000000000,0.000000000,-0.012087453,0.999926944,2
1782463465.750143051,7.914840221,2361,vicon_state_data,ball,1,0,3.005561533,-0.207498372,0.902446787,0.000000000,0.000000000,0.000000000,1.000000000,1,-0.865848918,-0.389670960,0.819880628,0.000000000,0.000000000,-0.012524573,0.999921564,2
1782463465.753282547,7.917979717,2362,vicon_state_data,ball,1,0,3.007732159,-0.207709969,0.905026503,0.000000000,0.000000000,0.000000000,1.000000000,1,-0.865910399,-0.389585509,0.819879856,0.000000000,0.000000000,-0.012117710,0.999926578,2
1782463465.756701469,7.921398640,2363,vicon_state_data,ball,1,0,3.009960925,-0.207877569,0.907538224,0.000000000,0.000000000,0.000000000,1.000000000,1,-0.866201882,-0.389006099,0.819699699,0.000000000,0.000000000,-0.008795627,0.999961318,2
1782463465.760061264,7.924758434,2364,vicon_state_data,ball,1,0,3.012088957,-0.208226426,0.910109482,0.000000000,0.000000000,0.000000000,1.000000000,1,-0.866007523,-0.389442686,0.819840470,0.000000000,0.000000000,-0.011669350,0.999931911,2
1782463465.763383389,7.928080559,2365,vicon_state_data,ball,1,0,3.014034516,-0.208846458,0.912533477,0.000000000,0.000000000,0.000000000,1.000000000,1,-0.866034147,-0.389407009,0.819829744,0.000000000,0.000000000,-0.011585347,0.999932888,2
1782463465.766752005,7.931449175,2366,vicon_state_data,ball,1,0,3.015878768,-0.209513675,0.915094867,0.000000000,0.000000000,0.000000000,1.000000000,1,-0.866026846,-0.389412127,0.819800297,0.000000000,0.000000000,-0.011750633,0.999930959,2
1782463465.769963026,7.934660196,2367,vicon_state_data,ball,1,0,3.017935916,-0.209983977,0.917409282,0.000000000,0.000000000,0.000000000,1.000000000,1,-0.866204528,-0.389071410,0.819719149,0.000000000,0.000000000,-0.009347736,0.999956309,2
1782463465.773364067,7.938061237,2368,vicon_state_data,ball,1,0,3.020203968,-0.210143720,0.919287893,0.000000000,0.000000000,0.000000000,1.000000000,1,-0.866227949,-0.389025532,0.819723785,0.000000000,0.000000000,-0.009351635,0.999956273,2
1782463465.776597738,7.941294909,2369,vicon_state_data,ball,1,0,3.022604436,-0.210229714,0.921120935,0.000000000,0.000000000,0.000000000,1.000000000,1,-0.866253812,-0.389022355,0.819846205,0.000000000,0.000000000,-0.009948283,0.999950515,2
1782463465.780139208,7.944836378,2370,vicon_state_data,ball,1,0,3.025185147,-0.210315388,0.922800190,0.000000000,0.000000000,0.000000000,1.000000000,1,-0.866112025,-0.389278593,0.819783909,0.000000000,0.000000000,-0.011648743,0.999932151,2
1782463465.783344269,7.948041439,2371,vicon_state_data,ball,1,0,3.028145104,-0.210742878,0.924747238,0.000000000,0.000000000,0.000000000,1.000000000,1,-0.866139324,-0.389232536,0.819789674,0.000000000,0.000000000,-0.011649921,0.999932137,2
1782463465.786714315,7.951411486,2372,vicon_state_data,ball,1,0,3.032222701,-0.211152283,0.926780849,0.000000000,0.000000000,0.000000000,1.000000000,1,-0.866312221,-0.388881665,0.819728824,0.000000000,0.000000000,-0.009161927,0.999958029,2
1782463465.790124178,7.954821348,2373,vicon_state_data,ball,1,0,3.037827386,-0.210046000,0.927439282,0.000000000,0.000000000,0.000000000,1.000000000,1,-0.866171030,-0.389172829,0.819820213,0.000000000,0.000000000,-0.011607547,0.999932630,2
1782463465.793324232,7.958021402,2374,vicon_state_data,ball,1,0,3.042910594,-0.210987242,0.929934898,0.000000000,0.000000000,0.000000000,1.000000000,1,-0.866174886,-0.389194973,0.819783786,0.000000000,0.000000000,-0.011793387,0.999930456,2
1782463465.796849012,7.961546183,2375,vicon_state_data,ball,1,0,3.048690621,-0.210784201,0.931458381,0.000000000,0.000000000,0.000000000,1.000000000,1,-0.866368676,-0.388848236,0.819785853,0.000000000,0.000000000,-0.009168812,0.999957966,2
1782463465.799942255,7.964639425,2376,vicon_state_data,ball,1,0,3.054534905,-0.210683058,0.932938679,0.000000000,0.000000000,0.000000000,1.000000000,1,-0.866237004,-0.389080212,0.819820059,0.000000000,0.000000000,-0.011627806,0.999932395,2
1782463465.803471327,7.968168497,2377,vicon_state_data,ball,1,0,3.060313226,-0.210608315,0.934380524,0.000000000,0.000000000,0.000000000,1.000000000,1,-0.866210107,-0.389113972,0.819832091,0.000000000,0.000000000,-0.011951733,0.999928575,2
1782463465.806726933,7.971424103,2378,vicon_state_data,ball,1,0,3.066088970,-0.210698927,0.935791688,0.000000000,0.000000000,0.000000000,1.000000000,1,-0.866233242,-0.389096002,0.819847890,0.000000000,0.000000000,-0.011898783,0.999929207,2
1782463465.809974194,7.974671364,2379,vicon_state_data,ball,1,0,3.071791409,-0.210768746,0.937119690,0.000000000,0.000000000,0.000000000,1.000000000,1,-0.866245670,-0.389089584,0.819869819,0.000000000,0.000000000,-0.011954177,0.999928546,2
1782463465.813221455,7.977918625,2380,vicon_state_data,ball,1,0,3.077528411,-0.210811325,0.938373206,0.000000000,0.000000000,0.000000000,1.000000000,1,-0.866229169,-0.389087045,0.819834678,0.000000000,0.000000000,-0.012217576,0.999925363,2
1782463465.816637516,7.981334686,2381,vicon_state_data,ball,1,0,3.083180380,-0.210884885,0.939425863,0.000000000,0.000000000,0.000000000,1.000000000,1,-0.866257682,-0.389057330,0.819869946,0.000000000,0.000000000,-0.012133047,0.999926392,2
1782463465.819978952,7.984676123,2382,vicon_state_data,ball,1,0,3.088557979,-0.211087550,0.940684548,0.000000000,0.000000000,0.000000000,1.000000000,1,-0.866270544,-0.389049033,0.819927129,0.000000000,0.000000000,-0.012254820,0.999924907,2
1782463465.823365211,7.988062382,2383,vicon_state_data,ball,1,0,3.093386020,-0.211484577,0.942352551,0.000000000,0.000000000,0.000000000,1.000000000,1,-0.866286547,-0.389028489,0.819908067,0.000000000,0.000000000,-0.012313773,0.999924183,2
1782463465.826762199,7.991459370,2384,vicon_state_data,ball,1,0,3.098003949,-0.211417057,0.943682486,0.000000000,0.000000000,0.000000000,1.000000000,1,-0.866319729,-0.388956611,0.819894585,0.000000000,0.000000000,-0.012117688,0.999926578,2
1782463465.830129385,7.994826555,2385,vicon_state_data,ball,1,0,3.102571051,-0.211538724,0.945129741,0.000000000,0.000000000,0.000000000,1.000000000,1,-0.866349531,-0.388915629,0.819894364,0.000000000,0.000000000,-0.012062304,0.999927248,2
