host_time_s,elapsed_s,frame_number,channel,name,ball_valid,ball_occluded,ball_x_m,ball_y_m,ball_z_m,ball_qx,ball_qy,ball_qz,ball_qw,base_valid,base_x_m,base_y_m,base_z_m,base_qx,base_qy,base_qz,base_qw,clean_segment_id
1782463458.620011806,0.784708977,222,vicon_state_data,ball,1,0,-0.251344419,0.050160984,0.945999702,0.000000000,0.000000000,0.000000000,1.000000000,1,-0.868071386,-0.383198326,0.819765795,0.000000000,0.000000000,-0.010849916,0.999941138,0
1782463458.623321772,0.788018942,223,vicon_state_data,ball,1,0,-0.249429504,0.051958610,0.947110414,0.000000000,0.000000000,0.000000000,1.000000000,1,-0.867799402,-0.383542678,0.819714274,0.000000000,0.000000000,-0.014174492,0.999899537,0
1782463458.626649618,0.791346788,224,vicon_state_data,ball,1,0,-0.249014640,0.052320105,0.946485133,0.000000000,0.000000000,0.000000000,1.000000000,1,-0.867811843,-0.383473419,0.819704630,0.000000000,0.000000000,-0.014073396,0.999900965,0
1782463458.629871130,0.794568300,225,vicon_state_data,ball,1,0,-0.246919954,0.054167431,0.947668640,0.000000000,0.000000000,0.000000000,1.000000000,1,-0.867779644,-0.383499616,0.819693880,0.000000000,0.000000000,-0.014306786,0.999897653,0
1782463458.633430719,0.798127890,226,vicon_state_data,ball,1,0,-0.244815241,0.055971010,0.948797839,0.000000000,0.000000000,0.000000000,1.000000000,1,-0.868051958,-0.383059266,0.819748706,0.000000000,0.000000000,-0.010850598,0.999941131,0
1782463458.636865616,0.801562786,227,vicon_state_data,ball,1,0,-0.242603130,0.057770314,0.949950573,0.000000000,0.000000000,0.000000000,1.000000000,1,-0.867776058,-0.383440351,0.819676020,0.000000000,0.000000000,-0.014413435,0.999896121,0
1782463458.640135765,0.804832935,228,vicon_state_data,ball,1,0,-0.240354707,0.059558486,0.951125006,0.000000000,0.000000000,0.000000000,1.000000000,1,-0.867778249,-0.383404002,0.819677014,0.000000000,0.000000000,-0.014404199,0.999896254,0
1782463458.643356323,0.808053493,229,vicon_state_data,ball,1,0,-0.237988765,0.061346239,0.952309489,0.000000000,0.000000000,0.000000000,1.000000000,1,-0.867804224,-0.383312443,0.819722774,0.000000000,0.000000000,-0.014107910,0.999900478,0
1782463458.646713018,0.811410189,230,vicon_state_data,ball,1,0,-0.235615899,0.063088780,0.953515461,0.000000000,0.000000000,0.000000000,1.000000000,1,-0.868096269,-0.382834502,0.819768323,0.000000000,0.000000000,-0.010452384,0.999945372,0
1782463458.649931431,0.814628601,231,vicon_state_data,ball,1,0,-0.233103557,0.064839789,0.954827747,0.000000000,0.000000000,0.000000000,1.000000000,1,-0.867789158,-0.383270688,0.819699502,0.000000000,0.000000000,-0.014219357,0.999898900,0
1782463458.653434038,0.818131208,232,vicon_state_data,ball,1,0,-0.230560774,0.066585441,0.956212240,0.000000000,0.000000000,0.000000000,1.000000000,1,-0.867823294,-0.383144695,0.819708262,0.000000000,0.000000000,-0.013875670,0.999903728,0
1782463458.656762600,0.821459770,233,vicon_state_data,ball,1,0,-0.227991432,0.068416478,0.957451906,0.000000000,0.000000000,0.000000000,1.000000000,1,-0.867799978,-0.383157974,0.819694034,0.000000000,0.000000000,-0.014135949,0.999900082,0
1782463458.660191298,0.824888468,234,vicon_state_data,ball,1,0,-0.225325374,0.070264315,0.958811537,0.000000000,0.000000000,0.000000000,1.000000000,1,-0.867753021,-0.383136504,0.819677197,0.000000000,0.000000000,-0.014419033,0.999896040,0
1782463458.663468599,0.828165770,235,vicon_state_data,ball,1,0,-0.222626404,0.072051830,0.960276537,0.000000000,0.000000000,0.000000000,1.000000000,1,-0.867813538,-0.382996047,0.819712089,0.000000000,0.000000000,-0.013855130,0.999904013,0
1782463458.666652441,0.831349611,236,vicon_state_data,ball,1,0,-0.219885714,0.073792957,0.961905336,0.000000000,0.000000000,0.000000000,1.000000000,1,-0.867819050,-0.382957100,0.819739388,0.000000000,0.000000000,-0.013825575,0.999904422,0
1782463458.670069456,0.834766626,237,vicon_state_data,ball,1,0,-0.217091195,0.075537215,0.963581922,0.000000000,0.000000000,0.000000000,1.000000000,1,-0.867790662,-0.382944051,0.819717641,0.000000000,0.000000000,-0.014077425,0.999900908,0
1782463458.673307180,0.838004351,238,vicon_state_data,ball,1,0,-0.214242386,0.077227325,0.965161557,0.000000000,0.000000000,0.000000000,1.000000000,1,-0.867778528,-0.382930735,0.819778306,0.000000000,0.000000000,-0.014228372,0.999898772,0
1782463458.676787138,0.841484308,239,vicon_state_data,ball,1,0,-0.211335867,0.078891538,0.966980224,0.000000000,0.000000000,0.000000000,1.000000000,1,-0.867811018,-0.382828119,0.819756248,0.000000000,0.000000000,-0.013848096,0.999904111,0
1782463458.680182219,0.844879389,240,vicon_state_data,ball,1,0,-0.208359548,0.080510829,0.969017277,0.000000000,0.000000000,0.000000000,1.000000000,1,-0.867746127,-0.382889844,0.819741095,0.000000000,0.000000000,-0.014503452,0.999894819,0
1782463458.683491230,0.848188400,241,vicon_state_data,ball,1,0,-0.205385743,0.082090674,0.970893443,0.000000000,0.000000000,0.000000000,1.000000000,1,-0.867787651,-0.382779054,0.819774566,0.000000000,0.000000000,-0.014127897,0.999900196,0
1782463458.686701298,0.851398468,242,vicon_state_data,ball,1,0,-0.202324560,0.083645231,0.973059135,0.000000000,0.000000000,0.000000000,1.000000000,1,-0.867746592,-0.382799130,0.819779111,0.000000000,0.000000000,-0.014449166,0.999895605,0
1782463458.690057278,0.854754448,243,vicon_state_data,ball,1,0,-0.199275239,0.085131668,0.975123680,0.000000000,0.000000000,0.000000000,1.000000000,1,-0.867992738,-0.382381289,0.819821654,0.000000000,0.000000000,-0.011132972,0.999938027,0
1782463458.693443060,0.858140230,244,vicon_state_data,ball,1,0,-0.196194512,0.086604909,0.976949282,0.000000000,0.000000000,0.000000000,1.000000000,1,-0.867973976,-0.382356567,0.819794530,0.000000000,0.000000000,-0.011227324,0.999936972,0
1782463458.696559906,0.861257076,245,vicon_state_data,ball,1,0,-0.193073328,0.088055891,0.979079379,0.000000000,0.000000000,0.000000000,1.000000000,1,-0.867722266,-0.382720557,0.819785705,0.000000000,0.000000000,-0.014576502,0.999893757,0
1782463458.699973583,0.864670753,246,vicon_state_data,ball,1,0,-0.189877137,0.089454483,0.981257792,0.000000000,0.000000000,0.000000000,1.000000000,1,-0.867741264,-0.382641262,0.819791908,0.000000000,0.000000000,-0.014305220,0.999897675,0
1782463458.703387976,0.868085146,247,vicon_state_data,ball,1,0,-0.186582108,0.088887425,0.979150792,0.000000000,0.000000000,0.000000000,1.000000000,1,-0.867761421,-0.382564870,0.819836234,0.000000000,0.000000000,-0.014137157,0.999900065,0
1782463458.706570148,0.871267319,248,vicon_state_data,ball,1,0,-0.183366400,0.090260681,0.981299725,0.000000000,0.000000000,0.000000000,1.000000000,1,-0.867728784,-0.382549628,0.819804933,0.000000000,0.000000000,-0.014277107,0.999898077,0
1782463458.709893465,0.874590635,249,vicon_state_data,ball,1,0,-0.180144991,0.091604047,0.983563063,0.000000000,0.000000000,0.000000000,1.000000000,1,-0.867738454,-0.382506099,0.819792011,0.000000000,0.000000000,-0.014321466,0.999897443,0
1782463458.713138580,0.877835751,250,vicon_state_data,ball,1,0,-0.176878650,0.092993343,0.985646276,0.000000000,0.000000000,0.000000000,1.000000000,1,-0.867662296,-0.382671941,0.819744221,0.000000000,0.000000000,-0.015212332,0.999884286,0
1782463458.717015982,0.881713152,251,vicon_state_data,ball,1,0,-0.173664261,0.094360998,0.988034508,0.000000000,0.000000000,0.000000000,1.000000000,1,-0.867918412,-0.382170233,0.819782310,0.000000000,0.000000000,-0.011478064,0.999934125,0
1782463458.720179081,0.884876251,252,vicon_state_data,ball,1,0,-0.170409831,0.095757355,0.990312850,0.000000000,0.000000000,0.000000000,1.000000000,1,-0.867655743,-0.382534845,0.819722048,0.000000000,0.000000000,-0.015041460,0.999886871,0
1782463458.723453999,0.888151169,253,vicon_state_data,ball,1,0,-0.167162530,0.097125825,0.992619743,0.000000000,0.000000000,0.000000000,1.000000000,1,-0.867662246,-0.382491691,0.819725531,0.000000000,0.000000000,-0.014934475,0.999888475,0
1782463458.726656199,0.891353369,254,vicon_state_data,ball,1,0,-0.163948808,0.098553072,0.995088679,0.000000000,0.000000000,0.000000000,1.000000000,1,-0.867683793,-0.382320861,0.819798043,0.000000000,0.000000000,-0.014351672,0.999897009,0
1782463458.729894161,0.894591331,255,vicon_state_data,ball,1,0,-0.160753219,0.099895578,0.997437985,0.000000000,0.000000000,0.000000000,1.000000000,1,-0.867671505,-0.382270808,0.819789197,0.000000000,0.000000000,-0.014384684,0.999896535,0
1782463458.733242273,0.897939444,256,vicon_state_data,ball,1,0,-0.157537367,0.101236963,0.999916392,0.000000000,0.000000000,0.000000000,1.000000000,1,-0.867603037,-0.382418597,0.819718991,0.000000000,0.000000000,-0.015137896,0.999885415,0
1782463458.736766577,0.901463747,257,vicon_state_data,ball,1,0,-0.154387987,0.102669445,1.002558231,0.000000000,0.000000000,0.000000000,1.000000000,1,-0.867873524,-0.381868183,0.819804886,0.000000000,0.000000000,-0.011440957,0.999934550,0
1782463458.740080833,0.904778004,258,vicon_state_data,ball,1,0,-0.151237165,0.104050320,1.005102044,0.000000000,0.000000000,0.000000000,1.000000000,1,-0.867829831,-0.381936347,0.819777030,0.000000000,0.000000000,-0.011805562,0.999930312,0
1782463458.743638277,0.908335447,259,vicon_state_data,ball,1,0,-0.148156219,0.105386615,1.007653473,0.000000000,0.000000000,0.000000000,1.000000000,1,-0.867570065,-0.382318039,0.819718318,0.000000000,0.000000000,-0.015290625,0.999883092,0
1782463458.746903181,0.911600351,260,vicon_state_data,ball,1,0,-0.145074252,0.106829515,1.010291784,0.000000000,0.000000000,0.000000000,1.000000000,1,-0.867586356,-0.382256550,0.819729302,0.000000000,0.000000000,-0.015142309,0.999885349,0
1782463458.750007391,0.914704561,261,vicon_state_data,ball,1,0,-0.141965474,0.108174565,1.012914779,0.000000000,0.000000000,0.000000000,1.000000000,1,-0.867584891,-0.382195663,0.819702206,0.000000000,0.000000000,-0.015000949,0.999887479,0
1782463458.753265619,0.917962790,262,vicon_state_data,ball,1,0,-0.138905486,0.109509355,1.015558061,0.000000000,0.000000000,0.000000000,1.000000000,1,-0.867575799,-0.382134657,0.819684823,0.000000000,0.000000000,-0.014988532,0.999887666,0
1782463458.756524086,0.921221256,263,vicon_state_data,ball,1,0,-0.135905970,0.110894502,1.018299850,0.000000000,0.000000000,0.000000000,1.000000000,1,-0.867578338,-0.382113262,0.819708608,0.000000000,0.000000000,-0.014836518,0.999889933,0
1782463458.760099411,0.924796581,264,vicon_state_data,ball,1,0,-0.132878893,0.112351343,1.021070345,0.000000000,0.000000000,0.000000000,1.000000000,1,-0.867765330,-0.381758055,0.819680732,0.000000000,0.000000000,-0.012071449,0.999927137,0
1782463458.763322115,0.928019285,265,vicon_state_data,ball,1,0,-0.129879168,0.113845133,1.023833120,0.000000000,0.000000000,0.000000000,1.000000000,1,-0.867576267,-0.382007561,0.819639957,0.000000000,0.000000000,-0.014851564,0.999889709,0
1782463458.766713858,0.931411028,266,vicon_state_data,ball,1,0,-0.126880325,0.115252597,1.026673389,0.000000000,0.000000000,0.000000000,1.000000000,1,-0.867578852,-0.381979426,0.819656973,0.000000000,0.000000000,-0.014747547,0.999891249,0
1782463458.770324945,0.935022116,267,vicon_state_data,ball,1,0,-0.123875895,0.116648450,1.029551845,0.000000000,0.000000000,0.000000000,1.000000000,1,-0.867732580,-0.381650669,0.819709897,0.000000000,0.000000000,-0.012024253,0.999927706,0
1782463458.773430586,0.938127756,268,vicon_state_data,ball,1,0,-0.120926799,0.118200951,1.032568986,0.000000000,0.000000000,0.000000000,1.000000000,1,-0.867528671,-0.381946894,0.819635801,0.000000000,0.000000000,-0.015058480,0.999886615,0
1782463458.776993752,0.941690922,269,vicon_state_data,ball,1,0,-0.117953458,0.119659612,1.035560354,0.000000000,0.000000000,0.000000000,1.000000000,1,-0.867779246,-0.381488884,0.819692528,0.000000000,0.000000000,-0.011572346,0.999933038,0
1782463458.780309439,0.945006609,270,vicon_state_data,ball,1,0,-0.114919220,0.121028469,1.038428661,0.000000000,0.000000000,0.000000000,1.000000000,1,-0.867811659,-0.381617980,0.819885565,0.000000000,0.000000000,-0.012563341,0.999921078,0
1782463458.783478975,0.948176146,271,vicon_state_data,ball,1,0,-0.111926088,0.122539278,1.041481584,0.000000000,0.000000000,0.000000000,1.000000000,1,-0.867884323,-0.381370083,0.819763024,0.000000000,0.000000000,-0.010790489,0.999941781,0
1782463458.786634445,0.951331615,272,vicon_state_data,ball,1,0,-0.108956054,0.124077487,1.044463690,0.000000000,0.000000000,0.000000000,1.000000000,1,-0.868136683,-0.381178991,0.819860420,0.000000000,0.000000000,-0.010522890,0.999944633,0
1782463458.789904833,0.954602003,273,vicon_state_data,ball,1,0,-0.105983734,0.125583279,1.047532470,0.000000000,0.000000000,0.000000000,1.000000000,1,-0.868286954,-0.380829205,0.820147830,0.000000000,0.000000000,-0.008613698,0.999962901,0
1782463458.793353558,0.958050728,274,vicon_state_data,ball,1,0,-0.103017654,0.127001689,1.050575994,0.000000000,0.000000000,0.000000000,1.000000000,1,-0.868204686,-0.380922807,0.820134373,0.000000000,0.000000000,-0.009158803,0.999958057,0
1782463458.796840668,0.961537838,275,vicon_state_data,ball,1,0,-0.100030787,0.128527820,1.053579958,0.000000000,0.000000000,0.000000000,1.000000000,1,-0.868042059,-0.381144209,0.819924007,0.000000000,0.000000000,-0.010618719,0.999943620,0
1782463458.800193310,0.964890480,276,vicon_state_data,ball,1,0,-0.097078164,0.129937607,1.056580614,0.000000000,0.000000000,0.000000000,1.000000000,1,-0.868039972,-0.381029970,0.819936789,0.000000000,0.000000000,-0.010369091,0.999946240,0
1782463458.803326130,0.968023300,277,vicon_state_data,ball,1,0,-0.094198256,0.131359490,1.059664584,0.000000000,0.000000000,0.000000000,1.000000000,1,-0.868022108,-0.380956594,0.819932178,0.000000000,0.000000000,-0.010283709,0.999947121,0
1782463458.806614876,0.971312046,278,vicon_state_data,ball,1,0,-0.091302269,0.132879600,1.062770256,0.000000000,0.000000000,0.000000000,1.000000000,1,-0.868027913,-0.380922300,0.819922674,0.000000000,0.000000000,-0.010256761,0.999947398,0
1782463458.810331583,0.975028753,279,vicon_state_data,ball,1,0,-0.088438128,0.134304461,1.065832474,0.000000000,0.000000000,0.000000000,1.000000000,1,-0.868017739,-0.380859069,0.819920297,0.000000000,0.000000000,-0.010189432,0.999948086,0
1782463458.813459396,0.978156567,280,vicon_state_data,ball,1,0,-0.085624346,0.135698209,1.068834025,0.000000000,0.000000000,0.000000000,1.000000000,1,-0.868024993,-0.380845488,0.819949956,0.000000000,0.000000000,-0.010216442,0.999947811,0
1782463458.816749334,0.981446505,281,vicon_state_data,ball,1,0,-0.082821324,0.137106256,1.071852666,0.000000000,0.000000000,0.000000000,1.000000000,1,-0.868041738,-0.380756796,0.819937008,0.000000000,0.000000000,-0.010036273,0.999949635,0
1782463458.820065022,0.984762192,282,vicon_state_data,ball,1,0,-0.080114730,0.138577235,1.074950661,0.000000000,0.000000000,0.000000000,1.000000000,1,-0.868130149,-0.380514957,0.820120488,0.000000000,0.000000000,-0.008876210,0.999960606,0
1782463458.823432207,0.988129377,283,vicon_state_data,ball,1,0,-0.077449269,0.140020884,1.077992356,0.000000000,0.000000000,0.000000000,1.000000000,1,-0.868076643,-0.380430690,0.819966822,0.000000000,0.000000000,-0.008786169,0.999961401,0
1782463458.826750278,0.991447449,284,vicon_state_data,ball,1,0,-0.074780515,0.141472327,1.081065177,0.000000000,0.000000000,0.000000000,1.000000000,1,-0.868053337,-0.380322150,0.819940974,0.000000000,0.000000000,-0.008729167,0.999961900,0
1782463458.830025434,0.994722605,285,vicon_state_data,ball,1,0,-0.072214763,0.142968382,1.084136125,0.000000000,0.000000000,0.000000000,1.000000000,1,-0.868090481,-0.380368926,0.820114715,0.000000000,0.000000000,-0.008859493,0.999960754,0
1782463458.833302975,0.998000145,286,vicon_state_data,ball,1,0,-0.069673060,0.144442289,1.087197547,0.000000000,0.000000000,0.000000000,1.000000000,1,-0.868073369,-0.380342300,0.820115329,0.000000000,0.000000000,-0.008821859,0.999961087,0
1782463458.836669445,1.001366615,287,vicon_state_data,ball,1,0,-0.067155205,0.145883170,1.090230748,0.000000000,0.000000000,0.000000000,1.000000000,1,-0.868043174,-0.380282240,0.820076341,0.000000000,0.000000000,-0.008931303,0.999960115,0
1782463458.840270519,1.004967690,288,vicon_state_data,ball,1,0,-0.064766695,0.147331770,1.093280288,0.000000000,0.000000000,0.000000000,1.000000000,1,-0.867995086,-0.380219855,0.819969417,0.000000000,0.000000000,-0.008811530,0.999961178,0
1782463458.843862057,1.008559227,289,vicon_state_data,ball,1,0,-0.062358140,0.148783416,1.096346420,0.000000000,0.000000000,0.000000000,1.000000000,1,-0.868017385,-0.380189486,0.820133842,0.000000000,0.000000000,-0.008798688,0.999961291,0
1782463458.846978188,1.011675358,290,vicon_state_data,ball,1,0,-0.059564677,0.149639013,1.098656709,0.000000000,0.000000000,0.000000000,1.000000000,1,-0.867969678,-0.380127842,0.820000701,0.000000000,0.000000000,-0.008658917,0.999962511,0
1782463458.850030899,1.014728069,291,vicon_state_data,ball,1,0,-0.057760372,0.151796141,1.102487931,0.000000000,0.000000000,0.000000000,1.000000000,1,-0.868000682,-0.380136609,0.820169093,0.000000000,0.000000000,-0.008673562,0.999962384,0
1782463458.853246689,1.017943859,292,vicon_state_data,ball,1,0,-0.055544798,0.153342316,1.105607820,0.000000000,0.000000000,0.000000000,1.000000000,1,-0.867971569,-0.380072569,0.820125160,0.000000000,0.000000000,-0.008595173,0.999963061,0
1782463458.856714249,1.021411419,293,vicon_state_data,ball,1,0,-0.052655127,0.153551718,1.107686766,0.000000000,0.000000000,0.000000000,1.000000000,1,-0.867919338,-0.380051354,0.819992012,0.000000000,0.000000000,-0.008599206,0.999963026,0
1782463458.860089302,1.024786472,294,vicon_state_data,ball,1,0,-0.051305156,0.156304707,1.111808648,0.000000000,0.000000000,0.000000000,1.000000000,1,-0.867945442,-0.380046233,0.820149493,0.000000000,0.000000000,-0.008670634,0.999962409,0
1782463458.863816261,1.028513432,295,vicon_state_data,ball,1,0,-0.048525394,0.156556525,1.113974040,0.000000000,0.000000000,0.000000000,1.000000000,1,-0.867916075,-0.380006910,0.820121502,0.000000000,0.000000000,-0.008662129,0.999962483,0
1782463458.866886139,1.031583309,296,vicon_state_data,ball,1,0,-0.047313820,0.159295680,1.118169368,0.000000000,0.000000000,0.000000000,1.000000000,1,-0.867908280,-0.380030544,0.820147047,0.000000000,0.000000000,-0.008668990,0.999962424,0
1782463458.870117903,1.034815073,297,vicon_state_data,ball,1,0,-0.044583404,0.159511887,1.120224027,0.000000000,0.000000000,0.000000000,1.000000000,1,-0.867832052,-0.379963721,0.820004432,0.000000000,0.000000000,-0.008779799,0.999961457,0
1782463458.873373508,1.038070679,298,vicon_state_data,ball,1,0,-0.042852792,0.161104288,1.123594085,0.000000000,0.000000000,0.000000000,1.000000000,1,-0.867890121,-0.379939896,0.820185416,0.000000000,0.000000000,-0.008585334,0.999963145,0
1782463458.876813650,1.041510820,299,vicon_state_data,ball,1,0,-0.041744668,0.163903017,1.127775980,0.000000000,0.000000000,0.000000000,1.000000000,1,-0.867830479,-0.379906494,0.820134896,0.000000000,0.000000000,-0.008712301,0.999962047,0
1782463458.880072355,1.044769526,300,vicon_state_data,ball,1,0,-0.039561599,0.164151670,1.130231716,0.000000000,0.000000000,0.000000000,1.000000000,1,-0.867785757,-0.379974601,0.820020220,0.000000000,0.000000000,-0.008710271,0.999962065,0
1782463458.883396149,1.048093319,301,vicon_state_data,ball,1,0,-0.037893077,0.165631758,1.133348379,0.000000000,0.000000000,0.000000000,1.000000000,1,-0.867753762,-0.379943055,0.819975695,0.000000000,0.000000000,-0.008774752,0.999961501,0
1782463458.886849165,1.051546335,302,vicon_state_data,ball,1,0,-0.036237362,0.167059097,1.136438382,0.000000000,0.000000000,0.000000000,1.000000000,1,-0.867729928,-0.379890029,0.819984403,0.000000000,0.000000000,-0.008639957,0.999962675,0
1782463458.890017271,1.054714441,303,vicon_state_data,ball,1,0,-0.035124984,0.168546200,1.139959047,0.000000000,0.000000000,0.000000000,1.000000000,1,-0.867738411,-0.379906585,0.820137171,0.000000000,0.000000000,-0.008977638,0.999959700,0
1782463458.893375635,1.058072805,304,vicon_state_data,ball,1,0,-0.033568784,0.170246718,1.143031119,0.000000000,0.000000000,0.000000000,1.000000000,1,-0.867715074,-0.379773692,0.820073646,0.000000000,0.000000000,-0.008854334,0.999960800,0
1782463458.896694183,1.061391354,305,vicon_state_data,ball,1,0,-0.032399474,0.171513299,1.146314033,0.000000000,0.000000000,0.000000000,1.000000000,1,-0.867663872,-0.379688454,0.819968824,0.000000000,0.000000000,-0.008586618,0.999963134,0
1782463458.899896383,1.064593554,306,vicon_state_data,ball,1,0,-0.031466811,0.173009567,1.149738425,0.000000000,0.000000000,0.000000000,1.000000000,1,-0.867663631,-0.379684733,0.820067841,0.000000000,0.000000000,-0.008852325,0.999960817,0
1782463458.903400183,1.068097353,307,vicon_state_data,ball,1,0,-0.030989139,0.176107592,1.153914371,0.000000000,0.000000000,0.000000000,1.000000000,1,-0.867664191,-0.379784849,0.820149571,0.000000000,0.000000000,-0.008988765,0.999959600,0
1782463458.906638145,1.071335316,308,vicon_state_data,ball,1,0,-0.029673580,0.176569485,1.156471227,0.000000000,0.000000000,0.000000000,1.000000000,1,-0.867626511,-0.379758844,0.820123629,0.000000000,0.000000000,-0.009033154,0.999959200,0
1782463458.910123825,1.074820995,309,vicon_state_data,ball,1,0,-0.028920996,0.177951977,1.159703934,0.000000000,0.000000000,0.000000000,1.000000000,1,-0.867594267,-0.379661638,0.820019621,0.000000000,0.000000000,-0.008646085,0.999962622,0
1782463458.913298130,1.077995300,310,vicon_state_data,ball,1,0,-0.028594281,0.180683386,1.163583507,0.000000000,0.000000000,0.000000000,1.000000000,1,-0.867601547,-0.379679719,0.820173805,0.000000000,0.000000000,-0.008893474,0.999960452,0
1782463458.916564941,1.081262112,311,vicon_state_data,ball,1,0,-0.027570099,0.181166059,1.166145420,0.000000000,0.000000000,0.000000000,1.000000000,1,-0.867562437,-0.379662151,0.820209782,0.000000000,0.000000000,-0.008956545,0.999959889,0
1782463458.920192957,1.084890127,312,vicon_state_data,ball,1,0,-0.027331986,0.184590287,1.170609237,0.000000000,0.000000000,0.000000000,1.000000000,1,-0.867516580,-0.379694474,0.820135915,0.000000000,0.000000000,-0.009163876,0.999958011,0
1782463458.923406363,1.088103533,313,vicon_state_data,ball,1,0,-0.027093023,0.185445522,1.173235831,0.000000000,0.000000000,0.000000000,1.000000000,1,-0.867487248,-0.379591593,0.820014205,0.000000000,0.000000000,-0.008699982,0.999962154,0
1782463458.926697254,1.091394424,314,vicon_state_data,ball,1,0,-0.026445442,0.185869706,1.175731680,0.000000000,0.000000000,0.000000000,1.000000000,1,-0.867512269,-0.379669219,0.820188226,0.000000000,0.000000000,-0.009019694,0.999959322,0
1782463458.930067778,1.094764948,315,vicon_state_data,ball,1,0,-0.026528407,0.186393194,1.178784056,0.000000000,0.000000000,0.000000000,1.000000000,1,-0.867567646,-0.379545129,0.820205183,0.000000000,0.000000000,-0.008018398,0.999967852,0
1782463458.933211565,1.097908735,316,vicon_state_data,ball,1,0,-0.026609818,0.190452441,1.182576953,0.000000000,0.000000000,0.000000000,1.000000000,1,-0.867522217,-0.379509554,0.820159079,0.000000000,0.000000000,-0.008075226,0.999967395,0
1782463458.936817884,1.101515055,317,vicon_state_data,ball,1,0,-0.026327400,0.190816064,1.184908370,0.000000000,0.000000000,0.000000000,1.000000000,1,-0.867541780,-0.379465683,0.820261165,0.000000000,0.000000000,-0.007789320,0.999969663,0
1782463458.940224409,1.104921579,318,vicon_state_data,ball,1,0,-0.026668847,0.193043461,1.188285771,0.000000000,0.000000000,0.000000000,1.000000000,1,-0.867455965,-0.379473550,0.820155142,0.000000000,0.000000000,-0.008227317,0.999966155,0
1782463458.943635464,1.108332634,319,vicon_state_data,ball,1,0,-0.026757786,0.192849732,1.189980362,0.000000000,0.000000000,0.000000000,1.000000000,1,-0.867405835,-0.379553914,0.820201874,0.000000000,0.000000000,-0.009016019,0.999959355,0
1782463458.946964979,1.111662149,320,vicon_state_data,ball,1,0,-0.027105379,0.195800066,1.193610537,0.000000000,0.000000000,0.000000000,1.000000000,1,-0.867461556,-0.379454153,0.820191473,0.000000000,0.000000000,-0.008050006,0.999967598,0
1782463458.949973106,1.114670277,321,vicon_state_data,ball,1,0,-0.027902137,0.198265470,1.197070647,0.000000000,0.000000000,0.000000000,1.000000000,1,-0.867447000,-0.379401138,0.820215281,0.000000000,0.000000000,-0.007873535,0.999969003,0
1782463458.953360319,1.118057489,322,vicon_state_data,ball,1,0,-0.028100474,0.199128449,1.199118074,0.000000000,0.000000000,0.000000000,1.000000000,1,-0.867430080,-0.379381649,0.820212974,0.000000000,0.000000000,-0.007846564,0.999969215,0
1782463458.956628084,1.121325254,323,vicon_state_data,ball,1,0,-0.028870726,0.200838229,1.202090401,0.000000000,0.000000000,0.000000000,1.000000000,1,-0.867382341,-0.379326160,0.820128967,0.000000000,0.000000000,-0.007971171,0.999968230,0
1782463458.959991693,1.124688864,324,vicon_state_data,ball,1,0,-0.030026211,0.203866621,1.205582153,0.000000000,0.000000000,0.000000000,1.000000000,1,-0.867271402,-0.379421884,0.820126615,0.000000000,0.000000000,-0.009067145,0.999958893,0
1782463458.963352203,1.128049374,325,vicon_state_data,ball,1,0,-0.030528660,0.204509291,1.207593907,0.000000000,0.000000000,0.000000000,1.000000000,1,-0.867338345,-0.379250962,0.820152939,0.000000000,0.000000000,-0.007760639,0.999969886,0
1782463458.966680527,1.131377697,326,vicon_state_data,ball,1,0,-0.031545171,0.205820022,1.210215701,0.000000000,0.000000000,0.000000000,1.000000000,1,-0.867303224,-0.379229499,0.820120825,0.000000000,0.000000000,-0.007763439,0.999969864,0
1782463458.970119715,1.134816885,327,vicon_state_data,ball,1,0,-0.032930817,0.208119455,1.213494711,0.000000000,0.000000000,0.000000000,1.000000000,1,-0.867309117,-0.379217481,0.820176519,0.000000000,0.000000000,-0.007644126,0.999970783,0
1782463458.973230839,1.137928009,328,vicon_state_data,ball,1,0,-0.033715125,0.209634938,1.215525092,0.000000000,0.000000000,0.000000000,1.000000000,1,-0.867298091,-0.379175837,0.820219226,0.000000000,0.000000000,-0.007615644,0.999971001,0
1782463458.976830006,1.141527176,329,vicon_state_data,ball,1,0,-0.035059255,0.211163340,1.218177862,0.000000000,0.000000000,0.000000000,1.000000000,1,-0.867255992,-0.379205542,0.820168897,0.000000000,0.000000000,-0.007581061,0.999971263,0
1782463458.979937077,1.144634247,330,vicon_state_data,ball,1,0,-0.037025285,0.212390017,1.221294253,0.000000000,0.000000000,0.000000000,1.000000000,1,-0.867242909,-0.379195751,0.820207716,0.000000000,0.000000000,-0.007875582,0.999968987,0
1782463458.983261585,1.147958755,331,vicon_state_data,ball,1,0,-0.037820473,0.214181004,1.222960393,0.000000000,0.000000000,0.000000000,1.000000000,1,-0.867244908,-0.379149428,0.820232164,0.000000000,0.000000000,-0.007346287,0.999973016,0
1782463458.986551523,1.151248693,332,vicon_state_data,ball,1,0,-0.039555416,0.216250879,1.225810049,0.000000000,0.000000000,0.000000000,1.000000000,1,-0.867225592,-0.379104242,0.820259576,0.000000000,0.000000000,-0.007516046,0.999971754,0
1782463458.989846945,1.154544115,333,vicon_state_data,ball,1,0,-0.041532829,0.218383373,1.228927984,0.000000000,0.000000000,0.000000000,1.000000000,1,-0.867185916,-0.379079702,0.820234422,0.000000000,0.000000000,-0.007698927,0.999970363,0
1782463458.993862867,1.158560038,334,vicon_state_data,ball,1,0,-0.043285965,0.221558228,1.231540887,0.000000000,0.000000000,0.000000000,1.000000000,1,-0.867151408,-0.379053623,0.820245223,0.000000000,0.000000000,-0.007652150,0.999970722,0
1782463458.996959209,1.161656380,335,vicon_state_data,ball,1,0,-0.044873977,0.222243942,1.233435697,0.000000000,0.000000000,0.000000000,1.000000000,1,-0.867394355,-0.378765154,0.820356964,0.000000000,0.000000000,-0.005265285,0.999986138,0
1782463459.000131845,1.164829016,336,vicon_state_data,ball,1,0,-0.046967788,0.224444778,1.236158202,0.000000000,0.000000000,0.000000000,1.000000000,1,-0.867141964,-0.379059491,0.820279637,0.000000000,0.000000000,-0.007351631,0.999972976,0
1782463459.003349066,1.168046236,337,vicon_state_data,ball,1,0,-0.048613851,0.225533506,1.237821129,0.000000000,0.000000000,0.000000000,1.000000000,1,-0.867290452,-0.378646930,0.820287641,0.000000000,0.000000000,-0.004700776,0.999988951,0
1782463459.006552219,1.171249390,338,vicon_state_data,ball,1,0,-0.050890418,0.227434810,1.240449756,0.000000000,0.000000000,0.000000000,1.000000000,1,-0.867238858,-0.378844695,0.820312386,0.000000000,0.000000000,-0.006119154,0.999981278,0
1782463459.009999037,1.174696207,339,vicon_state_data,ball,1,0,-0.053274500,0.229404200,1.243072923,0.000000000,0.000000000,0.000000000,1.000000000,1,-0.867211588,-0.378887575,0.820304039,0.000000000,0.000000000,-0.006067490,0.999981593,0
1782463459.013312578,1.178009748,340,vicon_state_data,ball,1,0,-0.055061636,0.230369744,1.244420622,0.000000000,0.000000000,0.000000000,1.000000000,1,-0.867187397,-0.378883021,0.820319745,0.000000000,0.000000000,-0.006136843,0.999981169,0
1782463459.016504288,1.181201458,341,vicon_state_data,ball,1,0,-0.057697865,0.232417292,1.247021080,0.000000000,0.000000000,0.000000000,1.000000000,1,-0.867128841,-0.378824501,0.820312919,0.000000000,0.000000000,-0.006383101,0.999979628,0
1782463459.019942999,1.184640169,342,vicon_state_data,ball,1,0,-0.059591711,0.233457803,1.248181562,0.000000000,0.000000000,0.000000000,1.000000000,1,-0.867105121,-0.378867781,0.820313180,0.000000000,0.000000000,-0.006270585,0.999980340,0
1782463459.023463249,1.188160419,343,vicon_state_data,ball,1,0,-0.062440897,0.235440733,1.250694684,0.000000000,0.000000000,0.000000000,1.000000000,1,-0.867049940,-0.378863601,0.820280202,0.000000000,0.000000000,-0.006452719,0.999979181,0
1782463459.026867390,1.191564560,344,vicon_state_data,ball,1,0,-0.065077792,0.237763957,1.252682602,0.000000000,0.000000000,0.000000000,1.000000000,1,-0.866986116,-0.378832299,0.820239687,0.000000000,0.000000000,-0.006697285,0.999977573,0
1782463459.029956102,1.194653273,345,vicon_state_data,ball,1,0,-0.067597398,0.238570530,1.254173602,0.000000000,0.000000000,0.000000000,1.000000000,1,-0.866910171,-0.378570891,0.820196244,0.000000000,0.000000000,-0.006916102,0.999976083,0
1782463459.033280373,1.197977543,346,vicon_state_data,ball,1,0,-0.070510269,0.240468195,1.256264989,0.000000000,0.000000000,0.000000000,1.000000000,1,-0.866840338,-0.378621837,0.820167834,0.000000000,0.000000000,-0.006571675,0.999978406,0
1782463459.036743641,1.201440811,347,vicon_state_data,ball,1,0,-0.073081101,0.241827319,1.257469625,0.000000000,0.000000000,0.000000000,1.000000000,1,-0.866803910,-0.378807963,0.820161998,0.000000000,0.000000000,-0.007290071,0.999973427,0
1782463459.039946556,1.204643726,348,vicon_state_data,ball,1,0,-0.076784275,0.244048308,1.260029090,0.000000000,0.000000000,0.000000000,1.000000000,1,-0.866734967,-0.378796637,0.820113222,0.000000000,0.000000000,-0.007543123,0.999971550,0
1782463459.043526173,1.208223343,349,vicon_state_data,ball,1,0,-0.078941531,0.244686561,1.260432849,0.000000000,0.000000000,0.000000000,1.000000000,1,-0.866693053,-0.378767860,0.820143340,0.000000000,0.000000000,-0.007818558,0.999969435,0
1782463459.046818733,1.211515903,350,vicon_state_data,ball,1,0,-0.082340397,0.246448538,1.262377835,0.000000000,0.000000000,0.000000000,1.000000000,1,-0.866667941,-0.378809185,0.820147680,0.000000000,0.000000000,-0.007720647,0.999970195,0
1782463459.049914837,1.214612007,351,vicon_state_data,ball,1,0,-0.085167388,0.247541147,1.263192533,0.000000000,0.000000000,0.000000000,1.000000000,1,-0.866627889,-0.378831709,0.820149082,0.000000000,0.000000000,-0.007732483,0.999970104,0
1782463459.053347111,1.218044281,352,vicon_state_data,ball,1,0,-0.088873930,0.249728019,1.265235479,0.000000000,0.000000000,0.000000000,1.000000000,1,-0.866550486,-0.378540618,0.820101014,0.000000000,0.000000000,-0.007886941,0.999968898,0
1782463459.056610107,1.221307278,353,vicon_state_data,ball,1,0,-0.091744569,0.250540203,1.265727770,0.000000000,0.000000000,0.000000000,1.000000000,1,-0.866518356,-0.378551745,0.820111288,0.000000000,0.000000000,-0.007934382,0.999968522,0
1782463459.060229778,1.224926949,354,vicon_state_data,ball,1,0,-0.095604813,0.252432366,1.267698663,0.000000000,0.000000000,0.000000000,1.000000000,1,-0.866491824,-0.378690409,0.820111421,0.000000000,0.000000000,-0.008100091,0.999967194,0
1782463459.063356638,1.228053808,355,vicon_state_data,ball,1,0,-0.098652690,0.253179634,1.268095036,0.000000000,0.000000000,0.000000000,1.000000000,1,-0.866439026,-0.378566596,0.820061406,0.000000000,0.000000000,-0.007938456,0.999968490,0
1782463459.066604376,1.231301546,356,vicon_state_data,ball,1,0,-0.102604923,0.255174089,1.269782721,0.000000000,0.000000000,0.000000000,1.000000000,1,-0.866418598,-0.378748807,0.820076664,0.000000000,0.000000000,-0.008172505,0.999966605,0
1782463459.069834709,1.234531879,357,vicon_state_data,ball,1,0,-0.105956234,0.256244976,1.270272773,0.000000000,0.000000000,0.000000000,1.000000000,1,-0.866391363,-0.378709617,0.820088631,0.000000000,0.000000000,-0.008282530,0.999965699,0
1782463459.073405981,1.238103151,358,vicon_state_data,ball,1,0,-0.109792056,0.257676130,1.271384050,0.000000000,0.000000000,0.000000000,1.000000000,1,-0.866357620,-0.378551476,0.820054903,0.000000000,0.000000000,-0.007842958,0.999969244,0
1782463459.076777935,1.241475105,359,vicon_state_data,ball,1,0,-0.113578415,0.259148361,1.272292135,0.000000000,0.000000000,0.000000000,1.000000000,1,-0.866353647,-0.378675981,0.820138734,0.000000000,0.000000000,-0.008176407,0.999966573,0
1782463459.079953432,1.244650602,360,vicon_state_data,ball,1,0,-0.117118700,0.260490829,1.272553861,0.000000000,0.000000000,0.000000000,1.000000000,1,-0.866324588,-0.378674373,0.820125265,0.000000000,0.000000000,-0.008074895,0.999967398,0
1782463459.083293200,1.247990370,361,vicon_state_data,ball,1,0,-0.121308785,0.261938090,1.273663694,0.000000000,0.000000000,0.000000000,1.000000000,1,-0.866292249,-0.378485133,0.820131024,0.000000000,0.000000000,-0.007860812,0.999969103,0
1782463459.086539030,1.251236200,362,vicon_state_data,ball,1,0,-0.124974374,0.262644952,1.273887475,0.000000000,0.000000000,0.000000000,1.000000000,1,-0.866291028,-0.378702641,0.820134899,0.000000000,0.000000000,-0.007953713,0.999968369,0
1782463459.090110064,1.254807234,363,vicon_state_data,ball,1,0,-0.129007149,0.263902093,1.274466159,0.000000000,0.000000000,0.000000000,1.000000000,1,-0.866257743,-0.378679361,0.820148453,0.000000000,0.000000000,-0.007961873,0.999968304,0
1782463459.093710899,1.258408070,364,vicon_state_data,ball,1,0,-0.133228542,0.265131647,1.275115228,0.000000000,0.000000000,0.000000000,1.000000000,1,-0.866178478,-0.378622986,0.820056591,0.000000000,0.000000000,-0.008334433,0.999965268,0
1782463459.096705675,1.261402845,365,vicon_state_data,ball,1,0,-0.137135479,0.265849527,1.275207024,0.000000000,0.000000000,0.000000000,1.000000000,1,-0.866161823,-0.378429695,0.820079004,0.000000000,0.000000000,-0.008017359,0.999967860,0
1782463459.099951982,1.264649153,366,vicon_state_data,ball,1,0,-0.141405447,0.267058104,1.275540296,0.000000000,0.000000000,0.000000000,1.000000000,1,-0.866152922,-0.378581612,0.820126487,0.000000000,0.000000000,-0.008190982,0.999966453,0
1782463459.103286028,1.267983198,367,vicon_state_data,ball,1,0,-0.145783333,0.268212929,1.276086688,0.000000000,0.000000000,0.000000000,1.000000000,1,-0.866090343,-0.378563644,0.820076337,0.000000000,0.000000000,-0.008227637,0.999966152,0
1782463459.106791258,1.271488428,368,vicon_state_data,ball,1,0,-0.149937693,0.268802864,1.276020186,0.000000000,0.000000000,0.000000000,1.000000000,1,-0.865957903,-0.378463338,0.819913208,0.000000000,0.000000000,-0.008473932,0.999964096,0
1782463459.110174179,1.274871349,369,vicon_state_data,ball,1,0,-0.154182218,0.269386111,1.275989619,0.000000000,0.000000000,0.000000000,1.000000000,1,-0.865987535,-0.378545894,0.819985827,0.000000000,0.000000000,-0.008406043,0.999964669,0
1782463459.113265991,1.277963161,370,vicon_state_data,ball,1,0,-0.158693635,0.270530741,1.276305137,0.000000000,0.000000000,0.000000000,1.000000000,1,-0.865945273,-0.378541080,0.819996779,0.000000000,0.000000000,-0.008466807,0.999964156,0
1782463459.116720200,1.281417370,371,vicon_state_data,ball,1,0,-0.163507785,0.271509965,1.276720341,0.000000000,0.000000000,0.000000000,1.000000000,1,-0.865914752,-0.378526316,0.819981878,0.000000000,0.000000000,-0.008481812,0.999964029,0
1782463459.120010138,1.284707308,372,vicon_state_data,ball,1,0,-0.167133763,0.271455009,1.275653567,0.000000000,0.000000000,0.000000000,1.000000000,1,-0.865871914,-0.378516656,0.819970265,0.000000000,0.000000000,-0.008461009,0.999964205,0
1782463459.123647213,1.288344383,373,vicon_state_data,ball,1,0,-0.172208715,0.272621109,1.276397645,0.000000000,0.000000000,0.000000000,1.000000000,1,-0.865775928,-0.378432175,0.819907738,0.000000000,0.000000000,-0.008458508,0.999964226,0
1782463459.126816750,1.291513920,374,vicon_state_data,ball,1,0,-0.176224621,0.272833463,1.275883545,0.000000000,0.000000000,0.000000000,1.000000000,1,-0.865804103,-0.378505521,0.820003852,0.000000000,0.000000000,-0.008521373,0.999963692,0
1782463459.129950285,1.294647455,375,vicon_state_data,ball,1,0,-0.180302919,0.273049362,1.275153808,0.000000000,0.000000000,0.000000000,1.000000000,1,-0.865769510,-0.378520446,0.819965482,0.000000000,0.000000000,-0.008548614,0.999963460,0
1782463459.133188248,1.297885418,376,vicon_state_data,ball,1,0,-0.184942189,0.273771276,1.275124194,0.000000000,0.000000000,0.000000000,1.000000000,1,-0.865737619,-0.378447271,0.819967988,0.000000000,0.000000000,-0.008462618,0.999964191,0
1782463459.136508465,1.301205635,377,vicon_state_data,ball,1,0,-0.189087956,0.274039663,1.274330481,0.000000000,0.000000000,0.000000000,1.000000000,1,-0.865732588,-0.378484947,0.819996687,0.000000000,0.000000000,-0.008435877,0.999964417,0
1782463459.139944792,1.304641962,378,vicon_state_data,ball,1,0,-0.193476445,0.274587387,1.273780921,0.000000000,0.000000000,0.000000000,1.000000000,1,-0.865671832,-0.378526100,0.819931699,0.000000000,0.000000000,-0.008569574,0.999963281,0
1782463459.143479109,1.308176279,379,vicon_state_data,ball,1,0,-0.197917755,0.275135279,1.273123825,0.000000000,0.000000000,0.000000000,1.000000000,1,-0.865660936,-0.378510425,0.819981363,0.000000000,0.000000000,-0.008479858,0.999964045,0
1782463459.146593571,1.311290741,380,vicon_state_data,ball,1,0,-0.202325129,0.275674349,1.272374173,0.000000000,0.000000000,0.000000000,1.000000000,1,-0.865435053,-0.378638770,0.819812759,0.000000000,0.000000000,-0.009590730,0.999954008,0
1782463459.150204182,1.314901352,381,vicon_state_data,ball,1,0,-0.206776413,0.276291236,1.271564715,0.000000000,0.000000000,0.000000000,1.000000000,1,-0.865219508,-0.378858677,0.819788120,0.000000000,0.000000000,-0.010845801,0.999941183,0
1782463459.153537750,1.318234921,382,vicon_state_data,ball,1,0,-0.211864812,0.277760945,1.271161461,0.000000000,0.000000000,0.000000000,1.000000000,1,-0.865138280,-0.378852111,0.819715981,0.000000000,0.000000000,-0.011036264,0.999939099,0
1782463459.159620523,1.324317694,383,vicon_state_data,ball,1,0,-0.216244089,0.278136764,1.270158725,0.000000000,0.000000000,0.000000000,1.000000000,1,-0.864964669,-0.378967814,0.819631582,0.000000000,0.000000000,-0.011901719,0.999929172,0
1782463459.160115480,1.324812651,384,vicon_state_data,ball,1,0,-0.220996483,0.278911111,1.269094156,0.000000000,0.000000000,0.000000000,1.000000000,1,-0.864740209,-0.379127782,0.819512205,0.000000000,0.000000000,-0.012904275,0.999916736,0
1782463459.163342237,1.328039408,385,vicon_state_data,ball,1,0,-0.225102335,0.279105988,1.267894769,0.000000000,0.000000000,0.000000000,1.000000000,1,-0.864878802,-0.379034649,0.819660019,0.000000000,0.000000000,-0.012119028,0.999926562,0
1782463459.166622877,1.331320047,386,vicon_state_data,ball,1,0,-0.228840327,0.279028399,1.266132636,0.000000000,0.000000000,0.000000000,1.000000000,1,-0.864810044,-0.379113859,0.819632020,0.000000000,0.000000000,-0.012374900,0.999923428,0
1782463459.170041800,1.334738970,387,vicon_state_data,ball,1,0,-0.233178717,0.279451333,1.264593950,0.000000000,0.000000000,0.000000000,1.000000000,1,-0.864660450,-0.379197948,0.819486061,0.000000000,0.000000000,-0.013554428,0.999908135,0
1782463459.173282862,1.337980032,388,vicon_state_data,ball,1,0,-0.237884869,0.280181964,1.262763027,0.000000000,0.000000000,0.000000000,1.000000000,1,-0.864384272,-0.379548072,0.819302315,0.000000000,0.000000000,-0.016418926,0.999865200,0
1782463459.176915407,1.341612577,389,vicon_state_data,ball,1,0,-0.242306867,0.280776041,1.261069212,0.000000000,0.000000000,0.000000000,1.000000000,1,-0.864342988,-0.379528233,0.819298529,0.000000000,0.000000000,-0.016861738,0.999857831,0
1782463459.180223227,1.344920397,390,vicon_state_data,ball,1,0,-0.247209761,0.281823729,1.259851990,0.000000000,0.000000000,0.000000000,1.000000000,1,-0.864765903,-0.378956137,0.819661199,0.000000000,0.000000000,-0.011570804,0.999933056,0
1782463459.183461428,1.348158598,391,vicon_state_data,ball,1,0,-0.251535572,0.282252033,1.257912898,0.000000000,0.000000000,0.000000000,1.000000000,1,-0.864722807,-0.378895789,0.819668587,0.000000000,0.000000000,-0.011459775,0.999934335,0
1782463459.186727524,1.351424694,392,vicon_state_data,ball,1,0,-0.255890413,0.282582931,1.255847927,0.000000000,0.000000000,0.000000000,1.000000000,1,-0.864748848,-0.378959108,0.819746341,0.000000000,0.000000000,-0.011351901,0.999935565,0
1782463459.189966440,1.354663610,393,vicon_state_data,ball,1,0,-0.260298464,0.283097344,1.253759646,0.000000000,0.000000000,0.000000000,1.000000000,1,-0.864697507,-0.379035958,0.819752918,0.000000000,0.000000000,-0.011524290,0.999933593,0
1782463459.193266630,1.357963800,394,vicon_state_data,ball,1,0,-0.264729766,0.283623890,1.251579482,0.000000000,0.000000000,0.000000000,1.000000000,1,-0.865032841,-0.378768255,0.819955359,0.000000000,0.000000000,-0.009454465,0.999955306,0
1782463459.196588993,1.361286163,395,vicon_state_data,ball,1,0,-0.269297019,0.284209131,1.249630462,0.000000000,0.000000000,0.000000000,1.000000000,1,-0.865463280,-0.378430868,0.820307968,0.000000000,0.000000000,-0.007085702,0.999974896,0
1782463459.199909210,1.364606380,396,vicon_state_data,ball,1,0,-0.273723878,0.284773810,1.247200021,0.000000000,0.000000000,0.000000000,1.000000000,1,-0.865146305,-0.378583914,0.820067301,0.000000000,0.000000000,-0.008523203,0.999963677,0
1782463459.203393221,1.368090391,397,vicon_state_data,ball,1,0,-0.278141901,0.285271595,1.244728005,0.000000000,0.000000000,0.000000000,1.000000000,1,-0.865072166,-0.378577314,0.820046236,0.000000000,0.000000000,-0.008709743,0.999962069,0
1782463459.206795931,1.371493101,398,vicon_state_data,ball,1,0,-0.282346013,0.285715853,1.241663827,0.000000000,0.000000000,0.000000000,1.000000000,1,-0.865075706,-0.378562098,0.820089332,0.000000000,0.000000000,-0.008458662,0.999964225,0
1782463459.210000992,1.374698162,399,vicon_state_data,ball,1,0,-0.286811713,0.286195048,1.238915928,0.000000000,0.000000000,0.000000000,1.000000000,1,-0.865034292,-0.378559063,0.820062416,0.000000000,0.000000000,-0.008567423,0.999963299,0
1782463459.213219166,1.377916336,400,vicon_state_data,ball,1,0,-0.291320153,0.286787047,1.236283097,0.000000000,0.000000000,0.000000000,1.000000000,1,-0.865012764,-0.378543917,0.820053775,0.000000000,0.000000000,-0.008514525,0.999963751,0
1782463459.216576576,1.381273746,401,vicon_state_data,ball,1,0,-0.295756581,0.287330361,1.233381102,0.000000000,0.000000000,0.000000000,1.000000000,1,-0.864997557,-0.378324927,0.819962629,0.000000000,0.000000000,-0.007464236,0.999972142,0
1782463459.220193863,1.384891033,402,vicon_state_data,ball,1,0,-0.300169424,0.287893209,1.230343462,0.000000000,0.000000000,0.000000000,1.000000000,1,-0.864888370,-0.378464476,0.819920763,0.000000000,0.000000000,-0.008565789,0.999963313,0
1782463459.223586798,1.388283968,403,vicon_state_data,ball,1,0,-0.304421328,0.288590465,1.227407619,0.000000000,0.000000000,0.000000000,1.000000000,1,-0.864848420,-0.378521407,0.819934792,0.000000000,0.000000000,-0.008853117,0.999960810,0
1782463459.226775646,1.391472816,404,vicon_state_data,ball,1,0,-0.308418464,0.289594275,1.224901196,0.000000000,0.000000000,0.000000000,1.000000000,1,-0.864798189,-0.378518245,0.819883680,0.000000000,0.000000000,-0.008926676,0.999960156,0
1782463459.230076313,1.394773483,405,vicon_state_data,ball,1,0,-0.313319311,0.289376156,1.221093987,0.000000000,0.000000000,0.000000000,1.000000000,1,-0.864769878,-0.378465710,0.819879969,0.000000000,0.000000000,-0.008895914,0.999960431,0
1782463459.233284712,1.397981882,406,vicon_state_data,ball,1,0,-0.317689478,0.289944781,1.217683551,0.000000000,0.000000000,0.000000000,1.000000000,1,-0.864702768,-0.378422232,0.819799601,0.000000000,0.000000000,-0.008846863,0.999960866,0
1782463459.236564398,1.401261568,407,vicon_state_data,ball,1,0,-0.322083422,0.290462025,1.213978826,0.000000000,0.000000000,0.000000000,1.000000000,1,-0.864717220,-0.378485322,0.819861938,0.000000000,0.000000000,-0.008880755,0.999960565,0
1782463459.239853382,1.404550552,408,vicon_state_data,ball,1,0,-0.326442110,0.290952684,1.210285548,0.000000000,0.000000000,0.000000000,1.000000000,1,-0.864692501,-0.378481470,0.819852202,0.000000000,0.000000000,-0.008831772,0.999960999,0
1782463459.243515253,1.408212423,409,vicon_state_data,ball,1,0,-0.330049238,0.291887956,1.207027147,0.000000000,0.000000000,0.000000000,1.000000000,1,-0.864672061,-0.378517564,0.819862603,0.000000000,0.000000000,-0.008827331,0.999961038,0
1782463459.246721029,1.411418200,410,vicon_state_data,ball,1,0,-0.334984794,0.291901547,1.203023895,0.000000000,0.000000000,0.000000000,1.000000000,1,-0.864611093,-0.378497201,0.819855674,0.000000000,0.000000000,-0.008884198,0.999960535,0
1782463459.250276327,1.414973497,411,vicon_state_data,ball,1,0,-0.339343105,0.292412573,1.198887131,0.000000000,0.000000000,0.000000000,1.000000000,1,-0.864591470,-0.378503181,0.819854199,0.000000000,0.000000000,-0.008873665,0.999960628,0
1782463459.253289700,1.417986870,412,vicon_state_data,ball,1,0,-0.343679995,0.292962099,1.194893137,0.000000000,0.000000000,0.000000000,1.000000000,1,-0.864549910,-0.378470139,0.819851234,0.000000000,0.000000000,-0.008811038,0.999961182,0
1782463459.256511450,1.421208620,413,vicon_state_data,ball,1,0,-0.333092859,0.291384620,1.191832592,0.000000000,0.000000000,0.000000000,1.000000000,1,-0.864516283,-0.378492094,0.819858917,0.000000000,0.000000000,-0.008816449,0.999961134,0
1782463459.260014534,1.424711704,414,vicon_state_data,ball,1,0,-0.318046169,0.289197338,1.189289936,0.000000000,0.000000000,0.000000000,1.000000000,1,-0.864482172,-0.378500619,0.819867269,0.000000000,0.000000000,-0.008825277,0.999961056,0
1782463459.263488531,1.428185701,415,vicon_state_data,ball,1,0,-0.302719182,0.287230888,1.187201424,0.000000000,0.000000000,0.000000000,1.000000000,1,-0.864452993,-0.378474193,0.819883699,0.000000000,0.000000000,-0.008753445,0.999961688,0
1782463459.266627550,1.431324720,416,vicon_state_data,ball,1,0,-0.288057390,0.284859753,1.184767122,0.000000000,0.000000000,0.000000000,1.000000000,1,-0.864409411,-0.378534593,0.819860939,0.000000000,0.000000000,-0.008927105,0.999960153,0
1782463459.269879580,1.434576750,417,vicon_state_data,ball,1,0,-0.273043361,0.282682609,1.182540588,0.000000000,0.000000000,0.000000000,1.000000000,1,-0.864387986,-0.378604534,0.819869518,0.000000000,0.000000000,-0.008910911,0.999960297,0
1782463459.273473740,1.438170910,418,vicon_state_data,ball,1,0,-0.257615231,0.280708763,1.180453049,0.000000000,0.000000000,0.000000000,1.000000000,1,-0.864360494,-0.378590864,0.819902901,0.000000000,0.000000000,-0.008865581,0.999960700,0
1782463459.276602507,1.441299677,419,vicon_state_data,ball,1,0,-0.242713238,0.278463152,1.177887320,0.000000000,0.000000000,0.000000000,1.000000000,1,-0.864262421,-0.378544259,0.819842903,0.000000000,0.000000000,-0.008926453,0.999960158,0
1782463459.280174255,1.444871426,420,vicon_state_data,ball,1,0,-0.227505433,0.276192185,1.175262326,0.000000000,0.000000000,0.000000000,1.000000000,1,-0.864285623,-0.378707382,0.819907015,0.000000000,0.000000000,-0.008994355,0.999959550,0
1782463459.283340693,1.448037863,421,vicon_state_data,ball,1,0,-0.212376993,0.273726565,1.172279271,0.000000000,0.000000000,0.000000000,1.000000000,1,-0.864263191,-0.378726789,0.819932021,0.000000000,0.000000000,-0.008918352,0.999960231,0
1782463459.286765099,1.451462269,422,vicon_state_data,ball,1,0,-0.197358920,0.271126816,1.169070501,0.000000000,0.000000000,0.000000000,1.000000000,1,-0.864224203,-0.378731919,0.819931017,0.000000000,0.000000000,-0.008927725,0.999960147,0
1782463459.290049076,1.454746246,423,vicon_state_data,ball,1,0,-0.182446086,0.268671603,1.165848693,0.000000000,0.000000000,0.000000000,1.000000000,1,-0.864193781,-0.378721387,0.819933145,0.000000000,0.000000000,-0.008932571,0.999960104,0
1782463459.293377876,1.458075047,424,vicon_state_data,ball,1,0,-0.167503871,0.266351002,1.162568085,0.000000000,0.000000000,0.000000000,1.000000000,1,-0.864169127,-0.378703528,0.819942660,0.000000000,0.000000000,-0.008902528,0.999960372,0
1782463459.296725273,1.461422443,425,vicon_state_data,ball,1,0,-0.152530151,0.264226740,1.158740712,0.000000000,0.000000000,0.000000000,1.000000000,1,-0.864130856,-0.378756285,0.819926574,0.000000000,0.000000000,-0.008958105,0.999959875,0
1782463459.300035000,1.464732170,426,vicon_state_data,ball,1,0,-0.137566324,0.262282219,1.155125174,0.000000000,0.000000000,0.000000000,1.000000000,1,-0.864095876,-0.378741823,0.819901992,0.000000000,0.000000000,-0.008909660,0.999960308,0
1782463459.303330898,1.468028069,427,vicon_state_data,ball,1,0,-0.122710526,0.260357130,1.151490745,0.000000000,0.000000000,0.000000000,1.000000000,1,-0.864056440,-0.378757309,0.819881897,0.000000000,0.000000000,-0.008987494,0.999959612,0
1782463459.306599140,1.471296310,428,vicon_state_data,ball,1,0,-0.107751448,0.258822707,1.147983957,0.000000000,0.000000000,0.000000000,1.000000000,1,-0.864025154,-0.378715998,0.819917855,0.000000000,0.000000000,-0.008852029,0.999960820,0
1782463459.310406208,1.475103378,429,vicon_state_data,ball,1,0,-0.093146582,0.256833038,1.144210463,0.000000000,0.000000000,0.000000000,1.000000000,1,-0.863972193,-0.378706167,0.819863494,0.000000000,0.000000000,-0.008925437,0.999960167,0
1782463459.313495874,1.478193045,430,vicon_state_data,ball,1,0,-0.078512653,0.254702044,1.140520565,0.000000000,0.000000000,0.000000000,1.000000000,1,-0.863946180,-0.378699511,0.819867989,0.000000000,0.000000000,-0.008909863,0.999960306,0
1782463459.316665411,1.481362581,431,vicon_state_data,ball,1,0,-0.063801353,0.252599905,1.136771755,0.000000000,0.000000000,0.000000000,1.000000000,1,-0.863919643,-0.378760114,0.819888942,0.000000000,0.000000000,-0.008842798,0.999960902,0
1782463459.319890022,1.484587193,432,vicon_state_data,ball,1,0,-0.049046247,0.250454590,1.132929480,0.000000000,0.000000000,0.000000000,1.000000000,1,-0.863879681,-0.378764010,0.819899249,0.000000000,0.000000000,-0.008838520,0.999960940,0
1782463459.323213816,1.487910986,433,vicon_state_data,ball,1,0,-0.034234543,0.248299927,1.129061159,0.000000000,0.000000000,0.000000000,1.000000000,1,-0.863864660,-0.378754242,0.819938378,0.000000000,0.000000000,-0.008701164,0.999962144,0
1782463459.326680660,1.491377831,434,vicon_state_data,ball,1,0,-0.019341097,0.246165145,1.124920590,0.000000000,0.000000000,0.000000000,1.000000000,1,-0.863832626,-0.378818645,0.819902546,0.000000000,0.000000000,-0.008806792,0.999961219,0
1782463459.330092907,1.494790077,435,vicon_state_data,ball,1,0,-0.004498472,0.244058235,1.120510633,0.000000000,0.000000000,0.000000000,1.000000000,1,-0.863802636,-0.378755190,0.819909570,0.000000000,0.000000000,-0.008577033,0.999963217,0
1782463459.333544970,1.498242140,436,vicon_state_data,ball,1,0,0.010325151,0.241930499,1.115830110,0.000000000,0.000000000,0.000000000,1.000000000,1,-0.863784061,-0.378781102,0.819942533,0.000000000,0.000000000,-0.008568467,0.999963290,0
1782463459.336766720,1.501463890,437,vicon_state_data,ball,1,0,0.025094624,0.239798343,1.110958533,0.000000000,0.000000000,0.000000000,1.000000000,1,-0.863754391,-0.378770295,0.819950627,0.000000000,0.000000000,-0.008414073,0.999964601,0
1782463459.339888096,1.504585266,438,vicon_state_data,ball,1,0,0.039671473,0.237680146,1.106079366,0.000000000,0.000000000,0.000000000,1.000000000,1,-0.863727893,-0.378858356,0.819973271,0.000000000,0.000000000,-0.008448869,0.999964308,0
1782463459.343720675,1.508417845,439,vicon_state_data,ball,1,0,0.054250300,0.235612202,1.101161330,0.000000000,0.000000000,0.000000000,1.000000000,1,-0.863700745,-0.378897881,0.819964874,0.000000000,0.000000000,-0.008435866,0.999964417,0
1782463459.346654415,1.511351585,440,vicon_state_data,ball,1,0,0.068829582,0.233576633,1.096049842,0.000000000,0.000000000,0.000000000,1.000000000,1,-0.863662954,-0.378873244,0.819983765,0.000000000,0.000000000,-0.008279704,0.999965723,0
1782463459.349860430,1.514557600,441,vicon_state_data,ball,1,0,0.083363747,0.231526380,1.090943937,0.000000000,0.000000000,0.000000000,1.000000000,1,-0.863607929,-0.378829150,0.819953870,0.000000000,0.000000000,-0.008267413,0.999965824,0
1782463459.353200912,1.517898083,442,vicon_state_data,ball,1,0,0.097734401,0.229520800,1.085792915,0.000000000,0.000000000,0.000000000,1.000000000,1,-0.863639532,-0.378972925,0.819997192,0.000000000,0.000000000,-0.008152265,0.999966770,0
1782463459.356706858,1.521404028,443,vicon_state_data,ball,1,0,0.112027723,0.227575255,1.080539204,0.000000000,0.000000000,0.000000000,1.000000000,1,-0.863593896,-0.378946667,0.819952968,0.000000000,0.000000000,-0.008102965,0.999967170,0
1782463459.360412598,1.525109768,444,vicon_state_data,ball,1,0,0.126338818,0.225707453,1.075171593,0.000000000,0.000000000,0.000000000,1.000000000,1,-0.863575453,-0.378999461,0.819981966,0.000000000,0.000000000,-0.008169984,0.999966625,0
1782463459.363586903,1.528284073,445,vicon_state_data,ball,1,0,0.140727860,0.223839678,1.069881520,0.000000000,0.000000000,0.000000000,1.000000000,1,-0.863569718,-0.378935890,0.820007091,0.000000000,0.000000000,-0.007973365,0.999968212,0
1782463459.366934061,1.531631231,446,vicon_state_data,ball,1,0,0.155180838,0.221962235,1.064504845,0.000000000,0.000000000,0.000000000,1.000000000,1,-0.863481852,-0.378952261,0.819946999,0.000000000,0.000000000,-0.008122740,0.999967010,0
1782463459.370086432,1.534783602,447,vicon_state_data,ball,1,0,0.169657613,0.220007413,1.058866017,0.000000000,0.000000000,0.000000000,1.000000000,1,-0.863472061,-0.378973051,0.819957191,0.000000000,0.000000000,-0.008070765,0.999967431,0
1782463459.373449802,1.538146973,448,vicon_state_data,ball,1,0,0.184141908,0.217885589,1.053052580,0.000000000,0.000000000,0.000000000,1.000000000,1,-0.863470189,-0.379008073,0.819974830,0.000000000,0.000000000,-0.007961509,0.999968307,0
1782463459.376795292,1.541492462,449,vicon_state_data,ball,1,0,0.198524465,0.215657120,1.047079146,0.000000000,0.000000000,0.000000000,1.000000000,1,-0.863451316,-0.379052580,0.820014568,0.000000000,0.000000000,-0.008013051,0.999967895,0
1782463459.379974842,1.544672012,450,vicon_state_data,ball,1,0,0.212643599,0.213498744,1.040596042,0.000000000,0.000000000,0.000000000,1.000000000,1,-0.863363671,-0.378982313,0.819896609,0.000000000,0.000000000,-0.008071163,0.999967428,0
1782463459.383557081,1.548254251,451,vicon_state_data,ball,1,0,0.226886880,0.211523350,1.034568708,0.000000000,0.000000000,0.000000000,1.000000000,1,-0.863389855,-0.379085980,0.819987756,0.000000000,0.000000000,-0.007965741,0.999968273,0
1782463459.386610746,1.551307917,452,vicon_state_data,ball,1,0,0.240946189,0.209633154,1.027973082,0.000000000,0.000000000,0.000000000,1.000000000,1,-0.863363631,-0.379065395,0.819950958,0.000000000,0.000000000,-0.007906883,0.999968740,0
1782463459.389961243,1.554658413,453,vicon_state_data,ball,1,0,0.255253562,0.207653478,1.021341397,0.000000000,0.000000000,0.000000000,1.000000000,1,-0.863365069,-0.379083482,0.819999374,0.000000000,0.000000000,-0.007848941,0.999969197,0
1782463459.393398046,1.558095217,454,vicon_state_data,ball,1,0,0.269314014,0.205803169,1.014730111,0.000000000,0.000000000,0.000000000,1.000000000,1,-0.863320561,-0.379134351,0.819959647,0.000000000,0.000000000,-0.007971786,0.999968225,0
1782463459.396633387,1.561330557,455,vicon_state_data,ball,1,0,0.283583098,0.204193193,1.008418720,0.000000000,0.000000000,0.000000000,1.000000000,1,-0.863272361,-0.379154738,0.819923799,0.000000000,0.000000000,-0.007957304,0.999968340,0
1782463459.399824619,1.564521790,456,vicon_state_data,ball,1,0,0.297401015,0.202495750,1.001564523,0.000000000,0.000000000,0.000000000,1.000000000,1,-0.863259803,-0.379050172,0.819948041,0.000000000,0.000000000,-0.007691822,0.999970417,0
1782463459.403302431,1.567999601,457,vicon_state_data,ball,1,0,0.311233625,0.200697480,0.994749148,0.000000000,0.000000000,0.000000000,1.000000000,1,-0.863223907,-0.379157088,0.819937086,0.000000000,0.000000000,-0.007776104,0.999969766,0
1782463459.406654358,1.571351528,458,vicon_state_data,ball,1,0,0.325068163,0.198757838,0.987983132,0.000000000,0.000000000,0.000000000,1.000000000,1,-0.863203118,-0.379117856,0.819969993,0.000000000,0.000000000,-0.007658335,0.999970675,0
1782463459.410334110,1.575031281,459,vicon_state_data,ball,1,0,0.339016836,0.196745410,0.981222172,0.000000000,0.000000000,0.000000000,1.000000000,1,-0.863189954,-0.379156237,0.819982509,0.000000000,0.000000000,-0.007574284,0.999971315,0
1782463459.413288593,1.577985764,460,vicon_state_data,ball,1,0,0.352947212,0.194677595,0.974349841,0.000000000,0.000000000,0.000000000,1.000000000,1,-0.863134376,-0.378886215,0.819975560,0.000000000,0.000000000,-0.007319455,0.999973212,0
1782463459.416666985,1.581364155,461,vicon_state_data,ball,1,0,0.367032398,0.192610785,0.967420157,0.000000000,0.000000000,0.000000000,1.000000000,1,-0.863137071,-0.379090933,0.820015188,0.000000000,0.000000000,-0.007322477,0.999973190,0
1782463459.420289993,1.584987164,462,vicon_state_data,ball,1,0,0.381128764,0.190563765,0.960199400,0.000000000,0.000000000,0.000000000,1.000000000,1,-0.863116522,-0.379112536,0.819997137,0.000000000,0.000000000,-0.007355562,0.999972947,0
1782463459.423347235,1.588044405,463,vicon_state_data,ball,1,0,0.395232433,0.188477129,0.952617188,0.000000000,0.000000000,0.000000000,1.000000000,1,-0.863097583,-0.379124185,0.820036423,0.000000000,0.000000000,-0.007143274,0.999974486,0
1782463459.426673412,1.591370583,464,vicon_state_data,ball,1,0,0.409256264,0.186492898,0.944929634,0.000000000,0.000000000,0.000000000,1.000000000,1,-0.863072175,-0.379196480,0.820012058,0.000000000,0.000000000,-0.007170580,0.999974291,0
1782463459.429954290,1.594651461,465,vicon_state_data,ball,1,0,0.423141311,0.184442039,0.937079461,0.000000000,0.000000000,0.000000000,1.000000000,1,-0.863052425,-0.379187483,0.820023890,0.000000000,0.000000000,-0.007086151,0.999974893,0
1782463459.433582783,1.598279953,466,vicon_state_data,ball,1,0,0.436930596,0.182444017,0.929153174,0.000000000,0.000000000,0.000000000,1.000000000,1,-0.863017579,-0.379334018,0.819977972,0.000000000,0.000000000,-0.007282958,0.999973479,0
1782463459.436826706,1.601523876,467,vicon_state_data,ball,1,0,0.450714919,0.180584751,0.921198762,0.000000000,0.000000000,0.000000000,1.000000000,1,-0.862989719,-0.379351598,0.819962066,0.000000000,0.000000000,-0.007231580,0.999973852,0
1782463459.439996481,1.604693651,468,vicon_state_data,ball,1,0,0.464419216,0.178752341,0.913224251,0.000000000,0.000000000,0.000000000,1.000000000,1,-0.862966175,-0.379326040,0.820004308,0.000000000,0.000000000,-0.007206691,0.999974031,0
1782463459.443303823,1.608000994,469,vicon_state_data,ball,1,0,0.478117674,0.176922247,0.905050818,0.000000000,0.000000000,0.000000000,1.000000000,1,-0.862929766,-0.379358783,0.819976696,0.000000000,0.000000000,-0.007202836,0.999974059,0
1782463459.446548223,1.611245394,470,vicon_state_data,ball,1,0,0.491598988,0.175123690,0.897001425,0.000000000,0.000000000,0.000000000,1.000000000,1,-0.862901338,-0.379483906,0.819947454,0.000000000,0.000000000,-0.007457343,0.999972194,0
1782463459.450009108,1.614706278,471,vicon_state_data,ball,1,0,0.505152115,0.173369330,0.888703718,0.000000000,0.000000000,0.000000000,1.000000000,1,-0.862878730,-0.379526021,0.819945195,0.000000000,0.000000000,-0.007454831,0.999972212,0
1782463459.453292370,1.617989540,472,vicon_state_data,ball,1,0,0.518663305,0.171561600,0.880293894,0.000000000,0.000000000,0.000000000,1.000000000,1,-0.862857649,-0.379541750,0.819957811,0.000000000,0.000000000,-0.007399274,0.999972625,0
1782463459.456795454,1.621492624,473,vicon_state_data,ball,1,0,0.532243855,0.169749542,0.872032838,0.000000000,0.000000000,0.000000000,1.000000000,1,-0.862793448,-0.379504204,0.819934366,0.000000000,0.000000000,-0.007595604,0.999971153,0
1782463459.460131407,1.624828577,474,vicon_state_data,ball,1,0,0.545766237,0.167973726,0.863784086,0.000000000,0.000000000,0.000000000,1.000000000,1,-0.862776155,-0.379590016,0.819912340,0.000000000,0.000000000,-0.007540426,0.999971571,0
1782463459.463556528,1.628253698,475,vicon_state_data,ball,1,0,0.559441135,0.166110663,0.855136443,0.000000000,0.000000000,0.000000000,1.000000000,1,-0.862764397,-0.379687412,0.819965170,0.000000000,0.000000000,-0.007646245,0.999970767,0
1782463459.466672659,1.631369829,476,vicon_state_data,ball,1,0,0.573122469,0.164112790,0.846298080,0.000000000,0.000000000,0.000000000,1.000000000,1,-0.862734784,-0.379723009,0.819952713,0.000000000,0.000000000,-0.007583285,0.999971246,0
1782463459.469877720,1.634574890,477,vicon_state_data,ball,1,0,0.586777427,0.162246081,0.837061623,0.000000000,0.000000000,0.000000000,1.000000000,1,-0.862702558,-0.379771616,0.819944317,0.000000000,0.000000000,-0.007718642,0.999970211,0
1782463459.473328352,1.638025522,478,vicon_state_data,ball,1,0,0.600198870,0.160298764,0.828223321,0.000000000,0.000000000,0.000000000,1.000000000,1,-0.862663029,-0.379822282,0.819936154,0.000000000,0.000000000,-0.007769547,0.999969817,0
1782463459.476607561,1.641304731,479,vicon_state_data,ball,1,0,0.613796649,0.158341316,0.818869062,0.000000000,0.000000000,0.000000000,1.000000000,1,-0.862666767,-0.379852406,0.819999416,0.000000000,0.000000000,-0.007709783,0.999970279,0
1782463459.479978323,1.644675493,480,vicon_state_data,ball,1,0,0.627355932,0.156561919,0.809194141,0.000000000,0.000000000,0.000000000,1.000000000,1,-0.862640956,-0.379898317,0.820013074,0.000000000,0.000000000,-0.007747208,0.999969990,0
1782463459.483223200,1.647920370,481,vicon_state_data,ball,1,0,0.641005448,0.154698668,0.799458002,0.000000000,0.000000000,0.000000000,1.000000000,1,-0.862583974,-0.379882878,0.819973335,0.000000000,0.000000000,-0.007795258,0.999969617,0
1782463459.486571074,1.651268244,482,vicon_state_data,ball,1,0,0.654310444,0.153093993,0.789871094,0.000000000,0.000000000,0.000000000,1.000000000,1,-0.862567274,-0.379957564,0.819968958,0.000000000,0.000000000,-0.007792889,0.999969635,0
1782463459.490028381,1.654725552,483,vicon_state_data,ball,1,0,0.667449280,0.151647940,0.780294242,0.000000000,0.000000000,0.000000000,1.000000000,1,-0.862551493,-0.379949021,0.819980542,0.000000000,0.000000000,-0.007757582,0.999969910,0
1782463459.493375778,1.658072948,484,vicon_state_data,ball,1,0,0.680461873,0.150070803,0.770551387,0.000000000,0.000000000,0.000000000,1.000000000,1,-0.862519652,-0.379993510,0.819972011,0.000000000,0.000000000,-0.007813652,0.999969473,0
1782463459.496607065,1.661304235,485,vicon_state_data,ball,1,0,0.692775298,0.148354596,0.767534124,0.000000000,0.000000000,0.000000000,1.000000000,1,-0.862516804,-0.380081920,0.819999307,0.000000000,0.000000000,-0.007847932,0.999969205,0
1782463459.499871731,1.664568901,486,vicon_state_data,ball,1,0,0.704200979,0.146590539,0.776296467,0.000000000,0.000000000,0.000000000,1.000000000,1,-0.862477170,-0.380123622,0.819979072,0.000000000,0.000000000,-0.007801883,0.999969565,0
1782463459.503225803,1.667922974,487,vicon_state_data,ball,1,0,0.715885422,0.144983361,0.784629043,0.000000000,0.000000000,0.000000000,1.000000000,1,-0.862470486,-0.380117631,0.819999478,0.000000000,0.000000000,-0.007727638,0.999970141,0
1782463459.506574154,1.671271324,488,vicon_state_data,ball,1,0,0.727457758,0.143364191,0.793244236,0.000000000,0.000000000,0.000000000,1.000000000,1,-0.862383934,-0.380065339,0.819954190,0.000000000,0.000000000,-0.007885463,0.999968909,0
1782463459.509967327,1.674664497,489,vicon_state_data,ball,1,0,0.739287083,0.141514346,0.800872130,0.000000000,0.000000000,0.000000000,1.000000000,1,-0.862381678,-0.380153243,0.819956081,0.000000000,0.000000000,-0.007936518,0.999968505,0
1782463459.513255835,1.677953005,490,vicon_state_data,ball,1,0,0.750805824,0.139741654,0.808677941,0.000000000,0.000000000,0.000000000,1.000000000,1,-0.862348213,-0.380226325,0.819964252,0.000000000,0.000000000,-0.007992216,0.999968062,0
1782463459.516501188,1.681198359,491,vicon_state_data,ball,1,0,0.762211452,0.138333418,0.816462913,0.000000000,0.000000000,0.000000000,1.000000000,1,-0.862339337,-0.380219070,0.820023978,0.000000000,0.000000000,-0.007801494,0.999969568,0
1782463459.520076275,1.684773445,492,vicon_state_data,ball,1,0,0.773497486,0.137015660,0.824339465,0.000000000,0.000000000,0.000000000,1.000000000,1,-0.862289176,-0.380275342,0.819970681,0.000000000,0.000000000,-0.007932629,0.999968536,0
1782463459.523267269,1.687964439,493,vicon_state_data,ball,1,0,0.784686314,0.135605338,0.832071578,0.000000000,0.000000000,0.000000000,1.000000000,1,-0.862290300,-0.380294132,0.820015547,0.000000000,0.000000000,-0.007859352,0.999969115,0
1782463459.526872873,1.691570044,494,vicon_state_data,ball,1,0,0.795652072,0.134171771,0.839992857,0.000000000,0.000000000,0.000000000,1.000000000,1,-0.862255098,-0.380332814,0.820030627,0.000000000,0.000000000,-0.007873021,0.999969007,0
1782463459.529927254,1.694624424,495,vicon_state_data,ball,1,0,0.807005907,0.132815909,0.847740458,0.000000000,0.000000000,0.000000000,1.000000000,1,-0.862218005,-0.380347395,0.820000367,0.000000000,0.000000000,-0.007914475,0.999968680,0
1782463459.533210039,1.697907209,496,vicon_state_data,ball,1,0,0.818497842,0.131313098,0.855090477,0.000000000,0.000000000,0.000000000,1.000000000,1,-0.862172115,-0.380366984,0.819995632,0.000000000,0.000000000,-0.007942291,0.999968460,0
1782463459.536715269,1.701412439,497,vicon_state_data,ball,1,0,0.830075604,0.129420449,0.862097515,0.000000000,0.000000000,0.000000000,1.000000000,1,-0.862113001,-0.380276933,0.819946786,0.000000000,0.000000000,-0.008055700,0.999967552,0
1782463459.539859772,1.704556942,498,vicon_state_data,ball,1,0,0.841516476,0.128011237,0.868790442,0.000000000,0.000000000,0.000000000,1.000000000,1,-0.862141313,-0.380429053,0.820034711,0.000000000,0.000000000,-0.007874049,0.999968999,0
1782463459.543377399,1.708074570,499,vicon_state_data,ball,1,0,0.852971932,0.126937014,0.875318259,0.000000000,0.000000000,0.000000000,1.000000000,1,-0.862125007,-0.380472740,0.820047537,0.000000000,0.000000000,-0.007933257,0.999968531,0
1782463459.546901226,1.711598396,500,vicon_state_data,ball,1,0,0.864288130,0.125370253,0.881684630,0.000000000,0.000000000,0.000000000,1.000000000,1,-0.862110207,-0.380518928,0.820066128,0.000000000,0.000000000,-0.007934195,0.999968524,0
1782463459.550651312,1.715348482,501,vicon_state_data,ball,1,0,0.875240495,0.124313549,0.888063804,0.000000000,0.000000000,0.000000000,1.000000000,1,-0.862086194,-0.380550697,0.820081560,0.000000000,0.000000000,-0.007900549,0.999968790,0
1782463459.553381443,1.718078613,502,vicon_state_data,ball,1,0,0.886048522,0.122856578,0.894997977,0.000000000,0.000000000,0.000000000,1.000000000,1,-0.862054760,-0.380488346,0.820063432,0.000000000,0.000000000,-0.007730879,0.999970116,0
1782463459.556585789,1.721282959,503,vicon_state_data,ball,1,0,0.897301868,0.121191287,0.901379553,0.000000000,0.000000000,0.000000000,1.000000000,1,-0.862062163,-0.380584600,0.820097356,0.000000000,0.000000000,-0.007772652,0.999969792,0
1782463459.560578823,1.725275993,504,vicon_state_data,ball,1,0,0.908399916,0.119442653,0.908160843,0.000000000,0.000000000,0.000000000,1.000000000,1,-0.861993955,-0.380600774,0.820018368,0.000000000,0.000000000,-0.007813032,0.999969478,0
1782463459.563476801,1.728173971,505,vicon_state_data,ball,1,0,0.919789056,0.117991139,0.913926254,0.000000000,0.000000000,0.000000000,1.000000000,1,-0.862019240,-0.380663005,0.820091029,0.000000000,0.000000000,-0.007701895,0.999970340,0
1782463459.566697359,1.731394529,506,vicon_state_data,ball,1,0,0.931213841,0.115949140,0.919589456,0.000000000,0.000000000,0.000000000,1.000000000,1,-0.861972091,-0.380657323,0.820059772,0.000000000,0.000000000,-0.007726392,0.999970151,0
1782463459.570308447,1.735005617,507,vicon_state_data,ball,1,0,0.942448119,0.114270712,0.925216584,0.000000000,0.000000000,0.000000000,1.000000000,1,-0.861919872,-0.380701853,0.819978624,0.000000000,0.000000000,-0.007834736,0.999969308,0
1782463459.573608875,1.738306046,508,vicon_state_data,ball,1,0,0.953523451,0.113054982,0.930847858,0.000000000,0.000000000,0.000000000,1.000000000,1,-0.861898584,-0.380719736,0.819999907,0.000000000,0.000000000,-0.007787635,0.999969676,0
1782463459.576907873,1.741605043,509,vicon_state_data,ball,1,0,0.964565298,0.111717235,0.936551037,0.000000000,0.000000000,0.000000000,1.000000000,1,-0.861855619,-0.380710183,0.819970181,0.000000000,0.000000000,-0.007680469,0.999970505,0
1782463459.580151558,1.744848728,510,vicon_state_data,ball,1,0,0.975515650,0.110376896,0.941902594,0.000000000,0.000000000,0.000000000,1.000000000,1,-0.861845953,-0.380730658,0.819958267,0.000000000,0.000000000,-0.007741106,0.999970037,0
1782463459.583397865,1.748095036,511,vicon_state_data,ball,1,0,0.986483654,0.108798770,0.947825602,0.000000000,0.000000000,0.000000000,1.000000000,1,-0.861768092,-0.380982475,0.819831674,0.000000000,0.000000000,-0.008253508,0.999965939,0
1782463459.586811304,1.751508474,512,vicon_state_data,ball,1,0,0.997493966,0.107462172,0.953366049,0.000000000,0.000000000,0.000000000,1.000000000,1,-0.861765921,-0.381020604,0.819858326,0.000000000,0.000000000,-0.008184730,0.999966505,0
1782463459.590180635,1.754877806,513,vicon_state_data,ball,1,0,1.008744812,0.105878923,0.958524021,0.000000000,0.000000000,0.000000000,1.000000000,1,-0.861764329,-0.380771363,0.819913400,0.000000000,0.000000000,-0.007674746,0.999970549,0
1782463459.593778610,1.758475780,514,vicon_state_data,ball,1,0,1.019807501,0.104199826,0.963579484,0.000000000,0.000000000,0.000000000,1.000000000,1,-0.861724835,-0.381096679,0.819805749,0.000000000,0.000000000,-0.008179473,0.999966548,0
1782463459.596735477,1.761432648,515,vicon_state_data,ball,1,0,1.030899299,0.103061844,0.968201194,0.000000000,0.000000000,0.000000000,1.000000000,1,-0.861712471,-0.380875767,0.819883260,0.000000000,0.000000000,-0.007718882,0.999970209,0
1782463459.600023508,1.764720678,516,vicon_state_data,ball,1,0,1.041872051,0.102045422,0.972393778,0.000000000,0.000000000,0.000000000,1.000000000,1,-0.861689923,-0.380920492,0.819899045,0.000000000,0.000000000,-0.007664527,0.999970627,0
1782463459.603523254,1.768220425,517,vicon_state_data,ball,1,0,1.052906566,0.100598182,0.976829539,0.000000000,0.000000000,0.000000000,1.000000000,1,-0.861649863,-0.381206504,0.819794605,0.000000000,0.000000000,-0.008088080,0.999967291,0
1782463459.606770277,1.771467447,518,vicon_state_data,ball,1,0,1.063619925,0.099628886,0.981158050,0.000000000,0.000000000,0.000000000,1.000000000,1,-0.861631782,-0.381223493,0.819810387,0.000000000,0.000000000,-0.008071489,0.999967425,0
1782463459.610118866,1.774816036,519,vicon_state_data,ball,1,0,1.074226343,0.098145526,0.986173669,0.000000000,0.000000000,0.000000000,1.000000000,1,-0.861629732,-0.381259280,0.819806114,0.000000000,0.000000000,-0.007985541,0.999968115,0
1782463459.613337755,1.778034925,520,vicon_state_data,ball,1,0,1.085068159,0.096803851,0.990754975,0.000000000,0.000000000,0.000000000,1.000000000,1,-0.861622577,-0.381079251,0.819902165,0.000000000,0.000000000,-0.007614087,0.999971012,0
1782463459.616709471,1.781406641,521,vicon_state_data,ball,1,0,1.096279715,0.094818018,0.994789767,0.000000000,0.000000000,0.000000000,1.000000000,1,-0.861610198,-0.381067581,0.819907249,0.000000000,0.000000000,-0.007517463,0.999971743,0
1782463459.620857954,1.785555124,522,vicon_state_data,ball,1,0,1.107308336,0.093052535,0.998792994,0.000000000,0.000000000,0.000000000,1.000000000,1,-0.861637254,-0.380955263,0.819995765,0.000000000,0.000000000,-0.007060119,0.999975077,0
1782463459.623601675,1.788298845,523,vicon_state_data,ball,1,0,1.118332012,0.091441262,1.002564299,0.000000000,0.000000000,0.000000000,1.000000000,1,-0.861609502,-0.381081871,0.819951595,0.000000000,0.000000000,-0.007215503,0.999973968,0
1782463459.627337694,1.792034864,524,vicon_state_data,ball,1,0,1.129288310,0.090039540,1.006237245,0.000000000,0.000000000,0.000000000,1.000000000,1,-0.861587938,-0.381033072,0.819963367,0.000000000,0.000000000,-0.007032383,0.999975272,0
1782463459.630138874,1.794836044,525,vicon_state_data,ball,1,0,1.140147317,0.088907236,1.009914517,0.000000000,0.000000000,0.000000000,1.000000000,1,-0.861569216,-0.381051583,0.819964860,0.000000000,0.000000000,-0.007075016,0.999974972,0
1782463459.633426428,1.798123598,526,vicon_state_data,ball,1,0,1.150960965,0.087697021,1.013541564,0.000000000,0.000000000,0.000000000,1.000000000,1,-0.861524738,-0.381505567,0.819810482,0.000000000,0.000000000,-0.007790687,0.999969652,0
1782463459.636842728,1.801539898,527,vicon_state_data,ball,1,0,1.161546174,0.086468656,1.017020820,0.000000000,0.000000000,0.000000000,1.000000000,1,-0.861519443,-0.381560008,0.819808803,0.000000000,0.000000000,-0.007702435,0.999970336,0
1782463459.640047789,1.804744959,528,vicon_state_data,ball,1,0,1.172263921,0.085059936,1.020555547,0.000000000,0.000000000,0.000000000,1.000000000,1,-0.861507228,-0.381609101,0.819826493,0.000000000,0.000000000,-0.007745558,0.999970003,0
1782463459.643558502,1.808255672,529,vicon_state_data,ball,1,0,1.182958588,0.083896980,1.023938379,0.000000000,0.000000000,0.000000000,1.000000000,1,-0.861488019,-0.381612854,0.819801165,0.000000000,0.000000000,-0.007599376,0.999971124,0
1782463459.646687984,1.811385155,530,vicon_state_data,ball,1,0,1.193826883,0.082262979,1.026884453,0.000000000,0.000000000,0.000000000,1.000000000,1,-0.861497260,-0.381507157,0.819824283,0.000000000,0.000000000,-0.007281765,0.999973488,0
1782463459.650359869,1.815057039,531,vicon_state_data,ball,1,0,1.204622172,0.080928381,1.029801710,0.000000000,0.000000000,0.000000000,1.000000000,1,-0.861497868,-0.381399618,0.819947000,0.000000000,0.000000000,-0.006935808,0.999975947,0
1782463459.653687716,1.818384886,532,vicon_state_data,ball,1,0,1.215464565,0.079600850,1.032305629,0.000000000,0.000000000,0.000000000,1.000000000,1,-0.861471878,-0.381591214,0.819850216,0.000000000,0.000000000,-0.007088329,0.999974877,0
1782463459.656749725,1.821446896,533,vicon_state_data,ball,1,0,1.226447259,0.078432650,1.034764220,0.000000000,0.000000000,0.000000000,1.000000000,1,-0.861473466,-0.381400964,0.819980562,0.000000000,0.000000000,-0.006719266,0.999977425,0
1782463459.660601616,1.825298786,534,vicon_state_data,ball,1,0,1.237251609,0.077296276,1.037043232,0.000000000,0.000000000,0.000000000,1.000000000,1,-0.861439060,-0.381564732,0.819954621,0.000000000,0.000000000,-0.006972974,0.999975689,0
1782463459.663759708,1.828456879,535,vicon_state_data,ball,1,0,1.247762827,0.076209702,1.039324741,0.000000000,0.000000000,0.000000000,1.000000000,1,-0.861402267,-0.381836624,0.819832648,0.000000000,0.000000000,-0.007443573,0.999972296,0
1782463459.667029142,1.831726313,536,vicon_state_data,ball,1,0,1.258203854,0.074578058,1.042214661,0.000000000,0.000000000,0.000000000,1.000000000,1,-0.861451194,-0.381520946,0.819998626,0.000000000,0.000000000,-0.006612932,0.999978134,0
1782463459.670201778,1.834898949,537,vicon_state_data,ball,1,0,1.268853659,0.073021429,1.044761135,0.000000000,0.000000000,0.000000000,1.000000000,1,-0.861372540,-0.381951455,0.819832745,0.000000000,0.000000000,-0.007340677,0.999973057,0
1782463459.673289537,1.837986708,538,vicon_state_data,ball,1,0,1.279582451,0.071386933,1.046709207,0.000000000,0.000000000,0.000000000,1.000000000,1,-0.861409647,-0.381692677,0.819982253,0.000000000,0.000000000,-0.006642067,0.999977941,0
1782463459.676656723,1.841353893,539,vicon_state_data,ball,1,0,1.290420060,0.069593694,1.048391870,0.000000000,0.000000000,0.000000000,1.000000000,1,-0.861340259,-0.382031392,0.819832393,0.000000000,0.000000000,-0.007334713,0.999973101,0
1782463459.680188894,1.844886065,540,vicon_state_data,ball,1,0,1.301220614,0.068052837,1.050165254,0.000000000,0.000000000,0.000000000,1.000000000,1,-0.861370756,-0.381854787,0.819949364,0.000000000,0.000000000,-0.006779768,0.999977017,0
1782463459.683533669,1.848230839,541,vicon_state_data,ball,1,0,1.311891673,0.066789376,1.051840428,0.000000000,0.000000000,0.000000000,1.000000000,1,-0.861364728,-0.381918651,0.819972622,0.000000000,0.000000000,-0.006720831,0.999977415,0
1782463459.686783552,1.851480722,542,vicon_state_data,ball,1,0,1.322530701,0.065780433,1.053512530,0.000000000,0.000000000,0.000000000,1.000000000,1,-0.861324068,-0.382185845,0.819883681,0.000000000,0.000000000,-0.007144043,0.999974481,0
1782463459.690191984,1.854889154,543,vicon_state_data,ball,1,0,1.333098015,0.064524068,1.055019157,0.000000000,0.000000000,0.000000000,1.000000000,1,-0.861323937,-0.382015504,0.819948182,0.000000000,0.000000000,-0.006778108,0.999977028,0
1782463459.693310261,1.858007431,544,vicon_state_data,ball,1,0,1.343556884,0.063258263,1.056487521,0.000000000,0.000000000,0.000000000,1.000000000,1,-0.861321514,-0.382062726,0.819955407,0.000000000,0.000000000,-0.006770970,0.999977077,0
1782463459.696609259,1.861306429,545,vicon_state_data,ball,1,0,1.354042819,0.061965974,1.057952566,0.000000000,0.000000000,0.000000000,1.000000000,1,-0.861309176,-0.382144205,0.819965024,0.000000000,0.000000000,-0.006768330,0.999977095,0
1782463459.699909687,1.864606857,546,vicon_state_data,ball,1,0,1.364334092,0.060659026,1.059392622,0.000000000,0.000000000,0.000000000,1.000000000,1,-0.861253309,-0.382373186,0.819878997,0.000000000,0.000000000,-0.007188869,0.999974160,0
1782463459.703204393,1.867901564,547,vicon_state_data,ball,1,0,1.374891165,0.059055844,1.060270806,0.000000000,0.000000000,0.000000000,1.000000000,1,-0.861245025,-0.382411432,0.819886816,0.000000000,0.000000000,-0.007131489,0.999974571,0
1782463459.706534386,1.871231556,548,vicon_state_data,ball,1,0,1.385401902,0.057919603,1.061279550,0.000000000,0.000000000,0.000000000,1.000000000,1,-0.861243663,-0.382455267,0.819894557,0.000000000,0.000000000,-0.006983120,0.999975618,0
1782463459.709922791,1.874619961,549,vicon_state_data,ball,1,0,1.396041248,0.056298306,1.061750129,0.000000000,0.000000000,0.000000000,1.000000000,1,-0.861215660,-0.382468921,0.819886749,0.000000000,0.000000000,-0.007059645,0.999975080,0
1782463459.713426352,1.878123522,550,vicon_state_data,ball,1,0,1.406851036,0.055087959,1.062228282,0.000000000,0.000000000,0.000000000,1.000000000,1,-0.861212977,-0.382517926,0.819918930,0.000000000,0.000000000,-0.006932274,0.999975971,0
1782463459.716541767,1.881238937,551,vicon_state_data,ball,1,0,1.417329936,0.054015949,1.062646050,0.000000000,0.000000000,0.000000000,1.000000000,1,-0.861192687,-0.382529978,0.819905319,0.000000000,0.000000000,-0.006936688,0.999975941,0
1782463459.719928503,1.884625673,552,vicon_state_data,ball,1,0,1.427607272,0.052899114,1.063058674,0.000000000,0.000000000,0.000000000,1.000000000,1,-0.861172646,-0.382590457,0.819910352,0.000000000,0.000000000,-0.006990003,0.999975570,0
1782463459.723212719,1.887909889,553,vicon_state_data,ball,1,0,1.438055374,0.051092838,1.063937676,0.000000000,0.000000000,0.000000000,1.000000000,1,-0.861161222,-0.382648035,0.819883805,0.000000000,0.000000000,-0.006984594,0.999975607,0
1782463459.726758242,1.891455412,554,vicon_state_data,ball,1,0,1.448470492,0.049800673,1.063994868,0.000000000,0.000000000,0.000000000,1.000000000,1,-0.861155968,-0.382657490,0.819890941,0.000000000,0.000000000,-0.006893552,0.999976239,0
1782463459.730387926,1.895085096,555,vicon_state_data,ball,1,0,1.458899897,0.048292104,1.063919736,0.000000000,0.000000000,0.000000000,1.000000000,1,-0.861142410,-0.382725299,0.819862496,0.000000000,0.000000000,-0.006919080,0.999976063,0
1782463459.733351231,1.898048401,556,vicon_state_data,ball,1,0,1.469411489,0.046561954,1.063857897,0.000000000,0.000000000,0.000000000,1.000000000,1,-0.861148081,-0.382793233,0.819890763,0.000000000,0.000000000,-0.006954393,0.999975818,0
1782463459.736605406,1.901302576,557,vicon_state_data,ball,1,0,1.479989474,0.044991897,1.063552337,0.000000000,0.000000000,0.000000000,1.000000000,1,-0.861121620,-0.382818951,0.819876843,0.000000000,0.000000000,-0.006976211,0.999975666,0
1782463459.739870787,1.904567957,558,vicon_state_data,ball,1,0,1.490436829,0.044006576,1.063181785,0.000000000,0.000000000,0.000000000,1.000000000,1,-0.861128162,-0.382868363,0.819903198,0.000000000,0.000000000,-0.006908635,0.999976135,0
1782463459.743335009,1.908032179,559,vicon_state_data,ball,1,0,1.500870800,0.042960392,1.062905561,0.000000000,0.000000000,0.000000000,1.000000000,1,-0.861112507,-0.382913052,0.819878555,0.000000000,0.000000000,-0.006899064,0.999976201,0
1782463459.746595383,1.911292553,560,vicon_state_data,ball,1,0,1.511282274,0.041747261,1.062324797,0.000000000,0.000000000,0.000000000,1.000000000,1,-0.861098110,-0.382950388,0.819879740,0.000000000,0.000000000,-0.006906517,0.999976150,0
1782463459.749855042,1.914552212,561,vicon_state_data,ball,1,0,1.521696971,0.040523752,1.061661459,0.000000000,0.000000000,0.000000000,1.000000000,1,-0.861095404,-0.382977346,0.819887804,0.000000000,0.000000000,-0.006850697,0.999976534,0
1782463459.753169060,1.917866230,562,vicon_state_data,ball,1,0,1.531972496,0.039072883,1.060630593,0.000000000,0.000000000,0.000000000,1.000000000,1,-0.861093032,-0.383033096,0.819891494,0.000000000,0.000000000,-0.006905495,0.999976157,0
1782463459.756481171,1.921178341,563,vicon_state_data,ball,1,0,1.541809633,0.038086922,1.060487460,0.000000000,0.000000000,0.000000000,1.000000000,1,-0.861117903,-0.382850151,0.819986312,0.000000000,0.000000000,-0.006395653,0.999979548,0
1782463459.760351181,1.925048351,564,vicon_state_data,ball,1,0,1.551975000,0.036727808,1.059519945,0.000000000,0.000000000,0.000000000,1.000000000,1,-0.861115604,-0.382925958,0.820003717,0.000000000,0.000000000,-0.006369750,0.999979713,0
1782463459.763581753,1.928278923,565,vicon_state_data,ball,1,0,1.562221970,0.035228962,1.058553431,0.000000000,0.000000000,0.000000000,1.000000000,1,-0.861110478,-0.382987258,0.820011835,0.000000000,0.000000000,-0.006458314,0.999979145,0
1782463459.766656399,1.931353569,566,vicon_state_data,ball,1,0,1.572668810,0.033771570,1.057202945,0.000000000,0.000000000,0.000000000,1.000000000,1,-0.861107861,-0.382964060,0.820004702,0.000000000,0.000000000,-0.006300386,0.999980152,0
1782463459.769858122,1.934555292,567,vicon_state_data,ball,1,0,1.582959399,0.032699050,1.055745272,0.000000000,0.000000000,0.000000000,1.000000000,1,-0.861092907,-0.383222325,0.819937187,0.000000000,0.000000000,-0.006599402,0.999978224,0
1782463459.773143291,1.937840462,568,vicon_state_data,ball,1,0,1.593205566,0.032049189,1.054419530,0.000000000,0.000000000,0.000000000,1.000000000,1,-0.861098288,-0.383032222,0.820026837,0.000000000,0.000000000,-0.006225748,0.999980620,0
1782463459.776880980,1.941578150,569,vicon_state_data,ball,1,0,1.603581602,0.030249812,1.052979417,0.000000000,0.000000000,0.000000000,1.000000000,1,-0.861103796,-0.383158164,0.820032800,0.000000000,0.000000000,-0.006284175,0.999980254,0
1782463459.780101776,1.944798946,570,vicon_state_data,ball,1,0,1.613784201,0.028464849,1.051782867,0.000000000,0.000000000,0.000000000,1.000000000,1,-0.861040944,-0.383117611,0.819964254,0.000000000,0.000000000,-0.006264084,0.999980380,0
1782463459.783329010,1.948026180,571,vicon_state_data,ball,1,0,1.624108415,0.027154419,1.049934591,0.000000000,0.000000000,0.000000000,1.000000000,1,-0.861079116,-0.383389040,0.819967222,0.000000000,0.000000000,-0.006519400,0.999978748,0
1782463459.786550999,1.951248169,572,vicon_state_data,ball,1,0,1.634248411,0.025533014,1.047830973,0.000000000,0.000000000,0.000000000,1.000000000,1,-0.861037320,-0.383228541,0.819988365,0.000000000,0.000000000,-0.006226961,0.999980612,0
1782463459.789820433,1.954517603,573,vicon_state_data,ball,1,0,1.644539161,0.024168367,1.045612885,0.000000000,0.000000000,0.000000000,1.000000000,1,-0.861058865,-0.383445858,0.819975853,0.000000000,0.000000000,-0.006476358,0.999979028,0
1782463459.793728113,1.958425283,574,vicon_state_data,ball,1,0,1.654761850,0.022769330,1.043491453,0.000000000,0.000000000,0.000000000,1.000000000,1,-0.861091760,-0.383289174,0.820057685,0.000000000,0.000000000,-0.006023225,0.999981860,0
1782463459.796796083,1.961493254,575,vicon_state_data,ball,1,0,1.664951025,0.021891272,1.041282543,0.000000000,0.000000000,0.000000000,1.000000000,1,-0.861082989,-0.383326214,0.820063727,0.000000000,0.000000000,-0.006033850,0.999981796,0
1782463459.800338268,1.965035439,576,vicon_state_data,ball,1,0,1.675177057,0.020844427,1.038841850,0.000000000,0.000000000,0.000000000,1.000000000,1,-0.861083704,-0.383361296,0.820065134,0.000000000,0.000000000,-0.005924271,0.999982451,0
1782463459.803434610,1.968131781,577,vicon_state_data,ball,1,0,1.685417156,0.019565709,1.036303252,0.000000000,0.000000000,0.000000000,1.000000000,1,-0.861028151,-0.383328130,0.820011610,0.000000000,0.000000000,-0.005803321,0.999983161,0
1782463459.806623936,1.971321106,578,vicon_state_data,ball,1,0,1.695582543,0.018458077,1.033639417,0.000000000,0.000000000,0.000000000,1.000000000,1,-0.861078831,-0.383496229,0.820041899,0.000000000,0.000000000,-0.005970416,0.999982177,0
1782463459.810071468,1.974768639,579,vicon_state_data,ball,1,0,1.705462341,0.016964102,1.030652457,0.000000000,0.000000000,0.000000000,1.000000000,1,-0.861068874,-0.383533496,0.820012482,0.000000000,0.000000000,-0.005967821,0.999982192,0
1782463459.813350677,1.978047848,580,vicon_state_data,ball,1,0,1.715307874,0.015713440,1.027912349,0.000000000,0.000000000,0.000000000,1.000000000,1,-0.861075049,-0.383558603,0.820014546,0.000000000,0.000000000,-0.005896900,0.999982613,0
1782463459.816545486,1.981242657,581,vicon_state_data,ball,1,0,1.724903079,0.014687699,1.026292819,0.000000000,0.000000000,0.000000000,1.000000000,1,-0.861073496,-0.383600286,0.820008012,0.000000000,0.000000000,-0.005839236,0.999982952,0
1782463459.819844246,1.984541416,582,vicon_state_data,ball,1,0,1.734840589,0.013128919,1.023101485,0.000000000,0.000000000,0.000000000,1.000000000,1,-0.861002944,-0.383602542,0.819923686,0.000000000,0.000000000,-0.005893700,0.999982632,0
1782463459.823532581,1.988229752,583,vicon_state_data,ball,1,0,1.745212812,0.011997064,1.019868387,0.000000000,0.000000000,0.000000000,1.000000000,1,-0.861004909,-0.383686321,0.819933212,0.000000000,0.000000000,-0.005936795,0.999982377,0
1782463459.827028513,1.991725683,584,vicon_state_data,ball,1,0,1.755081909,0.010884035,1.016716633,0.000000000,0.000000000,0.000000000,1.000000000,1,-0.860997426,-0.383707829,0.819909086,0.000000000,0.000000000,-0.005942836,0.999982341,0
1782463459.830124140,1.994821310,585,vicon_state_data,ball,1,0,1.765328806,0.009975716,1.013461488,0.000000000,0.000000000,0.000000000,1.000000000,1,-0.861050235,-0.383769589,0.820031949,0.000000000,0.000000000,-0.005705905,0.999983721,0
1782463459.833258152,1.997955322,586,vicon_state_data,ball,1,0,1.775250066,0.008650272,1.010234728,0.000000000,0.000000000,0.000000000,1.000000000,1,-0.860994318,-0.383795675,0.819922685,0.000000000,0.000000000,-0.005876008,0.999982736,0
1782463459.836567879,2.001265049,587,vicon_state_data,ball,1,0,1.785449740,0.006753010,1.006534736,0.000000000,0.000000000,0.000000000,1.000000000,1,-0.861042528,-0.383931274,0.819995007,0.000000000,0.000000000,-0.005841041,0.999982941,0
1782463459.840005875,2.004703045,588,vicon_state_data,ball,1,0,1.795421144,0.005039282,1.003207614,0.000000000,0.000000000,0.000000000,1.000000000,1,-0.861036698,-0.383992239,0.819998576,0.000000000,0.000000000,-0.005796294,0.999983201,0
1782463459.843296528,2.007993698,589,vicon_state_data,ball,1,0,1.805393827,0.003609847,0.999179450,0.000000000,0.000000000,0.000000000,1.000000000,1,-0.861042117,-0.384022283,0.820026436,0.000000000,0.000000000,-0.005740496,0.999983523,0
1782463459.846638441,2.011335611,590,vicon_state_data,ball,1,0,1.815375800,0.002356575,0.995035770,0.000000000,0.000000000,0.000000000,1.000000000,1,-0.860993906,-0.384019257,0.819966163,0.000000000,0.000000000,-0.005711602,0.999983689,0
1782463459.849833012,2.014530182,591,vicon_state_data,ball,1,0,1.825360123,0.001213509,0.991046828,0.000000000,0.000000000,0.000000000,1.000000000,1,-0.860993156,-0.384077352,0.819994564,0.000000000,0.000000000,-0.005690169,0.999983811,0
1782463459.853196144,2.017893314,592,vicon_state_data,ball,1,0,1.835307633,0.000243623,0.986746344,0.000000000,0.000000000,0.000000000,1.000000000,1,-0.861062492,-0.384199994,0.820089211,0.000000000,0.000000000,-0.005622464,0.999984194,0
1782463459.857087851,2.021785021,593,vicon_state_data,ball,1,0,1.845381212,-0.000895124,0.982239627,0.000000000,0.000000000,0.000000000,1.000000000,1,-0.861057704,-0.384262707,0.820092986,0.000000000,0.000000000,-0.005644110,0.999984072,0
1782463459.860143661,2.024840832,594,vicon_state_data,ball,1,0,1.855238667,-0.002102381,0.977809928,0.000000000,0.000000000,0.000000000,1.000000000,1,-0.861059376,-0.384311790,0.820091281,0.000000000,0.000000000,-0.005544069,0.999984632,0
1782463459.863306046,2.028003216,595,vicon_state_data,ball,1,0,1.865079849,-0.003208067,0.973349847,0.000000000,0.000000000,0.000000000,1.000000000,1,-0.861048717,-0.384329074,0.820072226,0.000000000,0.000000000,-0.005493043,0.999984913,0
1782463459.866586924,2.031284094,596,vicon_state_data,ball,1,0,1.874798726,-0.004116355,0.968803268,0.000000000,0.000000000,0.000000000,1.000000000,1,-0.860998187,-0.384351213,0.820006812,0.000000000,0.000000000,-0.005616902,0.999984225,0
1782463459.869891167,2.034588337,597,vicon_state_data,ball,1,0,1.884423451,-0.005776609,0.964141325,0.000000000,0.000000000,0.000000000,1.000000000,1,-0.861014434,-0.384340673,0.820061979,0.000000000,0.000000000,-0.005531493,0.999984701,0
1782463459.873529196,2.038226366,598,vicon_state_data,ball,1,0,1.893809596,-0.007342008,0.959685068,0.000000000,0.000000000,0.000000000,1.000000000,1,-0.861044268,-0.384486023,0.820077443,0.000000000,0.000000000,-0.005563794,0.999984522,0
1782463459.876801491,2.041498661,599,vicon_state_data,ball,1,0,1.903450304,-0.008177628,0.955433314,0.000000000,0.000000000,0.000000000,1.000000000,1,-0.861055864,-0.384515665,0.820092435,0.000000000,0.000000000,-0.005546956,0.999984616,0
1782463459.879980803,2.044677973,600,vicon_state_data,ball,1,0,1.913377303,-0.009477541,0.950164441,0.000000000,0.000000000,0.000000000,1.000000000,1,-0.860994476,-0.384430331,0.820046508,0.000000000,0.000000000,-0.005498131,0.999984885,0
1782463459.883629799,2.048326969,601,vicon_state_data,ball,1,0,1.923261952,-0.010269955,0.945637453,0.000000000,0.000000000,0.000000000,1.000000000,1,-0.861028738,-0.384546418,0.820083922,0.000000000,0.000000000,-0.005479234,0.999984989,0
1782463459.886838198,2.051535368,602,vicon_state_data,ball,1,0,1.933114210,-0.011146566,0.940202022,0.000000000,0.000000000,0.000000000,1.000000000,1,-0.861006378,-0.384582699,0.820039900,0.000000000,0.000000000,-0.005483607,0.999984965,0
1782463459.890060186,2.054757357,603,vicon_state_data,ball,1,0,1.942838638,-0.012444310,0.934933588,0.000000000,0.000000000,0.000000000,1.000000000,1,-0.861030938,-0.384675714,0.820046453,0.000000000,0.000000000,-0.005581135,0.999984425,0
1782463459.893770933,2.058468103,604,vicon_state_data,ball,1,0,1.952623799,-0.014810446,0.929978485,0.000000000,0.000000000,0.000000000,1.000000000,1,-0.861003724,-0.384703373,0.820008678,0.000000000,0.000000000,-0.005515893,0.999984787,0
1782463459.896776199,2.061473370,605,vicon_state_data,ball,1,0,1.962327700,-0.016252227,0.924148058,0.000000000,0.000000000,0.000000000,1.000000000,1,-0.861015126,-0.384786488,0.819970438,0.000000000,0.000000000,-0.005645964,0.999984061,0
1782463459.899874210,2.064571381,606,vicon_state_data,ball,1,0,1.971924787,-0.017593019,0.918787940,0.000000000,0.000000000,0.000000000,1.000000000,1,-0.860974555,-0.384747876,0.819903949,0.000000000,0.000000000,-0.005608802,0.999984271,0
1782463459.903372526,2.068069696,607,vicon_state_data,ball,1,0,1.981569452,-0.018841646,0.912713381,0.000000000,0.000000000,0.000000000,1.000000000,1,-0.861009042,-0.384808528,0.819948265,0.000000000,0.000000000,-0.005469649,0.999985041,0
1782463459.906766415,2.071463585,608,vicon_state_data,ball,1,0,1.991339581,-0.019610189,0.906640895,0.000000000,0.000000000,0.000000000,1.000000000,1,-0.861058357,-0.384900509,0.819983688,0.000000000,0.000000000,-0.005165651,0.999986658,0
1782463459.910367727,2.075064898,609,vicon_state_data,ball,1,0,2.001089418,-0.020823096,0.900320264,0.000000000,0.000000000,0.000000000,1.000000000,1,-0.861077109,-0.384783143,0.820011065,0.000000000,0.000000000,-0.004685942,0.999989021,0
1782463459.913315296,2.078012466,610,vicon_state_data,ball,1,0,2.010781266,-0.022115899,0.894238777,0.000000000,0.000000000,0.000000000,1.000000000,1,-0.861161981,-0.384767308,0.820065782,0.000000000,0.000000000,-0.003879270,0.999992476,0
1782463459.916665554,2.081362724,611,vicon_state_data,ball,1,0,2.020353634,-0.023151170,0.887915283,0.000000000,0.000000000,0.000000000,1.000000000,1,-0.861299483,-0.384734736,0.820159668,0.000000000,0.000000000,-0.002645682,0.999996500,0
1782463459.919924498,2.084621668,612,vicon_state_data,ball,1,0,2.029848337,-0.024328042,0.881674038,0.000000000,0.000000000,0.000000000,1.000000000,1,-0.861389655,-0.384567204,0.820260737,0.000000000,0.000000000,-0.001494189,0.999998884,0
1782463459.923322201,2.088019371,613,vicon_state_data,ball,1,0,2.039051659,-0.025710247,0.874883298,0.000000000,0.000000000,0.000000000,1.000000000,1,-0.861667548,-0.384389420,0.820458931,0.000000000,0.000000000,0.001095013,0.999999400,0
1782463459.926790714,2.091487885,614,vicon_state_data,ball,1,0,2.048577715,-0.026758704,0.868628662,0.000000000,0.000000000,0.000000000,1.000000000,1,-0.861051835,-0.385181797,0.819944538,0.000000000,0.000000000,-0.005320435,0.999985846,0
1782463459.930196285,2.094893456,615,vicon_state_data,ball,1,0,2.057652149,-0.027884414,0.862972770,0.000000000,0.000000000,0.000000000,1.000000000,1,-0.861052598,-0.385203729,0.819948890,0.000000000,0.000000000,-0.005399481,0.999985423,0
1782463459.933684111,2.098381281,616,vicon_state_data,ball,1,0,2.067162500,-0.029257972,0.856297002,0.000000000,0.000000000,0.000000000,1.000000000,1,-0.861080332,-0.385179928,0.819994969,0.000000000,0.000000000,-0.005184766,0.999986559,0
1782463459.936683416,2.101380587,617,vicon_state_data,ball,1,0,2.076885265,-0.030260382,0.849486959,0.000000000,0.000000000,0.000000000,1.000000000,1,-0.861069149,-0.385296584,0.819958583,0.000000000,0.000000000,-0.005394672,0.999985449,0
1782463459.939904690,2.104601860,618,vicon_state_data,ball,1,0,2.086430720,-0.031492795,0.842947353,0.000000000,0.000000000,0.000000000,1.000000000,1,-0.861071063,-0.385347822,0.819959192,0.000000000,0.000000000,-0.005390579,0.999985471,0
1782463459.943309307,2.108006477,619,vicon_state_data,ball,1,0,2.095973106,-0.032295800,0.835699005,0.000000000,0.000000000,0.000000000,1.000000000,1,-0.861096640,-0.385352034,0.819974120,0.000000000,0.000000000,-0.005295918,0.999985977,0
1782463459.946635723,2.111332893,620,vicon_state_data,ball,1,0,2.105549032,-0.033459577,0.828208006,0.000000000,0.000000000,0.000000000,1.000000000,1,-0.861042832,-0.385438689,0.819954138,0.000000000,0.000000000,-0.006209411,0.999980721,0
1782463459.950087070,2.114784241,621,vicon_state_data,ball,1,0,2.114641418,-0.035699893,0.821840012,0.000000000,0.000000000,0.000000000,1.000000000,1,-0.861054704,-0.385465039,0.819959606,0.000000000,0.000000000,-0.006165276,0.999980995,0
1782463459.953278780,2.117975950,622,vicon_state_data,ball,1,0,2.124114638,-0.037212600,0.814409848,0.000000000,0.000000000,0.000000000,1.000000000,1,-0.861091496,-0.385563447,0.819967531,0.000000000,0.000000000,-0.006077007,0.999981535,0
1782463459.956610918,2.121308088,623,vicon_state_data,ball,1,0,2.133312256,-0.038149815,0.806671716,0.000000000,0.000000000,0.000000000,1.000000000,1,-0.861072376,-0.385496394,0.819945804,0.000000000,0.000000000,-0.006047806,0.999981712,0
1782463459.960311413,2.125008583,624,vicon_state_data,ball,1,0,2.142764992,-0.039695275,0.799019504,0.000000000,0.000000000,0.000000000,1.000000000,1,-0.861114234,-0.385595301,0.819957095,0.000000000,0.000000000,-0.005904387,0.999982569,0
1782463459.963636637,2.128333807,625,vicon_state_data,ball,1,0,2.152304167,-0.040452393,0.790910018,0.000000000,0.000000000,0.000000000,1.000000000,1,-0.861120617,-0.385478840,0.819967729,0.000000000,0.000000000,-0.005257107,0.999986181,0
1782463459.966652632,2.131349802,626,vicon_state_data,ball,1,0,2.161732939,-0.041610960,0.782918780,0.000000000,0.000000000,0.000000000,1.000000000,1,-0.861128282,-0.385676585,0.819992569,0.000000000,0.000000000,-0.005847910,0.999982901,0
1782463459.969900608,2.134597778,627,vicon_state_data,ball,1,0,2.171126909,-0.042794091,0.774886300,0.000000000,0.000000000,0.000000000,1.000000000,1,-0.861112293,-0.385669127,0.819983126,0.000000000,0.000000000,-0.005973131,0.999982161,0
1782463459.973228216,2.137925386,628,vicon_state_data,ball,1,0,2.180391658,-0.043952156,0.766908595,0.000000000,0.000000000,0.000000000,1.000000000,1,-0.861175337,-0.385690968,0.819984342,0.000000000,0.000000000,-0.005537707,0.999984667,0
1782463459.976630211,2.141327381,629,vicon_state_data,ball,1,0,2.189517666,-0.045080447,0.758863187,0.000000000,0.000000000,0.000000000,1.000000000,1,-0.861188065,-0.385666654,0.820008104,0.000000000,0.000000000,-0.005555609,0.999984567,0
1782463459.980138063,2.144835234,630,vicon_state_data,ball,1,0,2.198047138,-0.046228610,0.758199133,0.000000000,0.000000000,0.000000000,1.000000000,1,-0.861265417,-0.385385129,0.820028869,0.000000000,0.000000000,-0.004738872,0.999988771,0
1782463459.983466387,2.148163557,631,vicon_state_data,ball,1,0,2.206421733,-0.047194229,0.765805544,0.000000000,0.000000000,0.000000000,1.000000000,1,-0.861380441,-0.385328327,0.820046731,0.000000000,0.000000000,-0.004054845,0.999991779,0
1782463459.986770868,2.151468039,632,vicon_state_data,ball,1,0,2.214535211,-0.048153338,0.773441989,0.000000000,0.000000000,0.000000000,1.000000000,1,-0.861461406,-0.385158145,0.820087209,0.000000000,0.000000000,-0.003514867,0.999993823,0
1782463459.990060329,2.154757500,633,vicon_state_data,ball,1,0,2.223273929,-0.048957330,0.780171647,0.000000000,0.000000000,0.000000000,1.000000000,1,-0.861638116,-0.385143910,0.820361206,0.000000000,0.000000000,-0.002433338,0.999997039,0
1782463459.993359327,2.158056498,634,vicon_state_data,ball,1,0,2.232003398,-0.051029435,0.787377255,0.000000000,0.000000000,0.000000000,1.000000000,1,-0.861074459,-0.386081643,0.819915382,0.000000000,0.000000000,-0.005533685,0.999984689,0
1782463459.996866226,2.161563396,635,vicon_state_data,ball,1,0,2.241395125,-0.052513897,0.793080312,0.000000000,0.000000000,0.000000000,1.000000000,1,-0.861529853,-0.385343558,0.820698212,0.000000000,0.000000000,-0.001427989,0.999998980,0
1782463459.999922037,2.164619207,636,vicon_state_data,ball,1,0,2.249634923,-0.053723389,0.799465460,0.000000000,0.000000000,0.000000000,1.000000000,1,-0.861386207,-0.385491947,0.820289808,0.000000000,0.000000000,-0.003172445,0.999994968,0
1782463460.003249168,2.167946339,637,vicon_state_data,ball,1,0,2.257890340,-0.054713789,0.805753341,0.000000000,0.000000000,0.000000000,1.000000000,1,-0.861897254,-0.385039363,0.821101898,0.000000000,0.000000000,0.001404328,0.999999014,0
1782463460.006772280,2.171469450,638,vicon_state_data,ball,1,0,2.265898325,-0.056238188,0.812583094,0.000000000,0.000000000,0.000000000,1.000000000,1,-0.860812966,-0.386621015,0.819841800,0.000000000,0.000000000,-0.007505084,0.999971836,0
1782463460.010536194,2.175233364,639,vicon_state_data,ball,1,0,2.274344082,-0.057759470,0.818511093,0.000000000,0.000000000,0.000000000,1.000000000,1,-0.860854853,-0.386655679,0.819905016,0.000000000,0.000000000,-0.007445558,0.999972281,0
1782463460.013514519,2.178211689,640,vicon_state_data,ball,1,0,2.283047902,-0.059148137,0.824441553,0.000000000,0.000000000,0.000000000,1.000000000,1,-0.860812022,-0.386697664,0.819826018,0.000000000,0.000000000,-0.007589538,0.999971199,0
1782463460.016802073,2.181499243,641,vicon_state_data,ball,1,0,2.291792102,-0.059818155,0.829638983,0.000000000,0.000000000,0.000000000,1.000000000,1,-0.860528309,-0.387140591,0.819686696,0.000000000,0.000000000,-0.011160249,0.999937722,0
1782463460.019859791,2.184556961,642,vicon_state_data,ball,1,0,2.300350295,-0.061088714,0.835095524,0.000000000,0.000000000,0.000000000,1.000000000,1,-0.860537567,-0.387221392,0.819682794,0.000000000,0.000000000,-0.011074992,0.999938670,0
1782463460.023388386,2.188085556,643,vicon_state_data,ball,1,0,2.308668534,-0.062035804,0.840526847,0.000000000,0.000000000,0.000000000,1.000000000,1,-0.860824468,-0.386866845,0.819846281,0.000000000,0.000000000,-0.007716027,0.999970231,0
1782463460.027216911,2.191914082,644,vicon_state_data,ball,1,0,2.316820619,-0.063279410,0.845955010,0.000000000,0.000000000,0.000000000,1.000000000,1,-0.860753654,-0.386903715,0.819747540,0.000000000,0.000000000,-0.008163273,0.999966680,0
1782463460.029964685,2.194661856,645,vicon_state_data,ball,1,0,2.325053918,-0.064293525,0.851567973,0.000000000,0.000000000,0.000000000,1.000000000,1,-0.860495886,-0.387387560,0.819697137,0.000000000,0.000000000,-0.011635158,0.999932309,0
1782463460.033386469,2.198083639,646,vicon_state_data,ball,1,0,2.333623496,-0.065391143,0.857314230,0.000000000,0.000000000,0.000000000,1.000000000,1,-0.860829169,-0.387016864,0.819877792,0.000000000,0.000000000,-0.007962547,0.999968298,0
1782463460.036635160,2.201332331,647,vicon_state_data,ball,1,0,2.341829353,-0.066955972,0.863456877,0.000000000,0.000000000,0.000000000,1.000000000,1,-0.860519768,-0.387472948,0.819706471,0.000000000,0.000000000,-0.011558281,0.999933201,0
1782463460.039979696,2.204676867,648,vicon_state_data,ball,1,0,2.350459260,-0.067790128,0.868394273,0.000000000,0.000000000,0.000000000,1.000000000,1,-0.860759570,-0.387110058,0.819759794,0.000000000,0.000000000,-0.008406316,0.999964666,0
1782463460.043327093,2.208024263,649,vicon_state_data,ball,1,0,2.358953532,-0.068961425,0.873324562,0.000000000,0.000000000,0.000000000,1.000000000,1,-0.860814268,-0.387187187,0.819831274,0.000000000,0.000000000,-0.007888687,0.999968884,0
1782463460.046704531,2.211401701,650,vicon_state_data,ball,1,0,2.367777393,-0.069860798,0.877336768,0.000000000,0.000000000,0.000000000,1.000000000,1,-0.860835371,-0.387153402,0.819820874,0.000000000,0.000000000,-0.007922224,0.999968619,0
1782463460.050121546,2.214818716,651,vicon_state_data,ball,1,0,2.376055470,-0.071792343,0.882130789,0.000000000,0.000000000,0.000000000,1.000000000,1,-0.860850780,-0.387269681,0.819838646,0.000000000,0.000000000,-0.008057415,0.999967539,0
1782463460.053552866,2.218250036,652,vicon_state_data,ball,1,0,2.383773855,-0.073269174,0.887180280,0.000000000,0.000000000,0.000000000,1.000000000,1,-0.860849714,-0.387307851,0.819834431,0.000000000,0.000000000,-0.007943514,0.999968450,0
1782463460.056606293,2.221303463,653,vicon_state_data,ball,1,0,2.392042332,-0.074152609,0.891545534,0.000000000,0.000000000,0.000000000,1.000000000,1,-0.860914115,-0.387327303,0.819909630,0.000000000,0.000000000,-0.007871355,0.999969020,0
1782463460.060162067,2.224859238,654,vicon_state_data,ball,1,0,2.400455910,-0.075977052,0.896262246,0.000000000,0.000000000,0.000000000,1.000000000,1,-0.860899334,-0.387360444,0.819874635,0.000000000,0.000000000,-0.007921711,0.999968623,0
1782463460.063303947,2.228001118,655,vicon_state_data,ball,1,0,2.409079400,-0.076609646,0.899864346,0.000000000,0.000000000,0.000000000,1.000000000,1,-0.860941868,-0.387404362,0.819922562,0.000000000,0.000000000,-0.007881774,0.999968938,0
1782463460.066609383,2.231306553,656,vicon_state_data,ball,1,0,2.417582241,-0.078563447,0.903831279,0.000000000,0.000000000,0.000000000,1.000000000,1,-0.860952482,-0.387428813,0.819917138,0.000000000,0.000000000,-0.007738833,0.999970055,0
1782463460.069926977,2.234624147,657,vicon_state_data,ball,1,0,2.425984657,-0.078923860,0.907100060,0.000000000,0.000000000,0.000000000,1.000000000,1,-0.860962513,-0.387474406,0.819873994,0.000000000,0.000000000,-0.007885828,0.999968906,0
1782463460.073383331,2.238080502,658,vicon_state_data,ball,1,0,2.434007642,-0.080110800,0.910615429,0.000000000,0.000000000,0.000000000,1.000000000,1,-0.860938184,-0.387486977,0.819810278,0.000000000,0.000000000,-0.007904587,0.999968758,0
1782463460.076744556,2.241441727,659,vicon_state_data,ball,1,0,2.441993392,-0.081332308,0.914347860,0.000000000,0.000000000,0.000000000,1.000000000,1,-0.861001924,-0.387500979,0.819888762,0.000000000,0.000000000,-0.007748455,0.999969980,0
1782463460.080034256,2.244731426,660,vicon_state_data,ball,1,0,2.450258111,-0.082409526,0.918356768,0.000000000,0.000000000,0.000000000,1.000000000,1,-0.861001752,-0.387535507,0.819865218,0.000000000,0.000000000,-0.007726575,0.999970150,0
1782463460.083202124,2.247899294,661,vicon_state_data,ball,1,0,2.458276792,-0.083799941,0.923059124,0.000000000,0.000000000,0.000000000,1.000000000,1,-0.861152505,-0.387522023,0.819996545,0.000000000,0.000000000,-0.007120714,0.999974647,0
1782463460.086564302,2.251261473,662,vicon_state_data,ball,1,0,2.466865682,-0.084947733,0.926613453,0.000000000,0.000000000,0.000000000,1.000000000,1,-0.861161675,-0.387564934,0.819977357,0.000000000,0.000000000,-0.007039720,0.999975221,0
1782463460.089876652,2.254573822,663,vicon_state_data,ball,1,0,2.475341058,-0.085817163,0.929869606,0.000000000,0.000000000,0.000000000,1.000000000,1,-0.861202781,-0.387582972,0.820010234,0.000000000,0.000000000,-0.006926537,0.999976011,0
1782463460.093239546,2.257936716,664,vicon_state_data,ball,1,0,2.484006706,-0.086881411,0.932639104,0.000000000,0.000000000,0.000000000,1.000000000,1,-0.861089722,-0.387642875,0.819889613,0.000000000,0.000000000,-0.007637153,0.999970837,0
1782463460.096602201,2.261299372,665,vicon_state_data,ball,1,0,2.492730922,-0.087541283,0.934794243,0.000000000,0.000000000,0.000000000,1.000000000,1,-0.861192518,-0.387722108,0.819975234,0.000000000,0.000000000,-0.007199997,0.999974080,0
1782463460.099866152,2.264563322,666,vicon_state_data,ball,1,0,2.500489457,-0.089885150,0.938172792,0.000000000,0.000000000,0.000000000,1.000000000,1,-0.861233471,-0.387748551,0.819987970,0.000000000,0.000000000,-0.007131878,0.999974568,0
1782463460.103540182,2.268237352,667,vicon_state_data,ball,1,0,2.508225619,-0.090991556,0.941146151,0.000000000,0.000000000,0.000000000,1.000000000,1,-0.861244630,-0.387751389,0.819996864,0.000000000,0.000000000,-0.007087477,0.999974884,0
1782463460.106988192,2.271685362,668,vicon_state_data,ball,1,0,2.516258931,-0.092243847,0.944134803,0.000000000,0.000000000,0.000000000,1.000000000,1,-0.861227393,-0.387774046,0.819927536,0.000000000,0.000000000,-0.007155975,0.999974396,0
1782463460.110351086,2.275048256,669,vicon_state_data,ball,1,0,2.524488274,-0.093841479,0.947385713,0.000000000,0.000000000,0.000000000,1.000000000,1,-0.861300703,-0.387804958,0.819990134,0.000000000,0.000000000,-0.006905917,0.999976154,0
1782463460.113449574,2.278146744,670,vicon_state_data,ball,1,0,2.533014113,-0.094826988,0.949550802,0.000000000,0.000000000,0.000000000,1.000000000,1,-0.861309781,-0.387842316,0.819989141,0.000000000,0.000000000,-0.006941808,0.999975905,0
1782463460.116575956,2.281273127,671,vicon_state_data,ball,1,0,2.541504243,-0.096342433,0.951485223,0.000000000,0.000000000,0.000000000,1.000000000,1,-0.861305372,-0.387850429,0.819942049,0.000000000,0.000000000,-0.006888294,0.999976275,0
1782463460.120617151,2.285314322,672,vicon_state_data,ball,1,0,2.549599890,-0.097157851,0.953036364,0.000000000,0.000000000,0.000000000,1.000000000,1,-0.861340381,-0.387865315,0.819952106,0.000000000,0.000000000,-0.006826495,0.999976699,0
1782463460.123362780,2.288059950,673,vicon_state_data,ball,1,0,2.557433737,-0.098359746,0.954952232,0.000000000,0.000000000,0.000000000,1.000000000,1,-0.861360107,-0.387923872,0.819963735,0.000000000,0.000000000,-0.006830601,0.999976671,0
1782463460.126722574,2.291419744,674,vicon_state_data,ball,1,0,2.565313051,-0.099699416,0.957043601,0.000000000,0.000000000,0.000000000,1.000000000,1,-0.861183796,-0.387979959,0.819761642,0.000000000,0.000000000,-0.007711696,0.999970264,0
1782463460.130105495,2.294802666,675,vicon_state_data,ball,1,0,2.573758712,-0.100652187,0.959571889,0.000000000,0.000000000,0.000000000,1.000000000,1,-0.861334669,-0.387923852,0.819871942,0.000000000,0.000000000,-0.006850211,0.999976537,0
1782463460.133288860,2.297986031,676,vicon_state_data,ball,1,0,2.581414602,-0.102224069,0.962524524,0.000000000,0.000000000,0.000000000,1.000000000,1,-0.861410356,-0.387964912,0.819932615,0.000000000,0.000000000,-0.006648518,0.999977898,0
1782463460.136635065,2.301332235,677,vicon_state_data,ball,1,0,2.589914960,-0.103013912,0.964179161,0.000000000,0.000000000,0.000000000,1.000000000,1,-0.861434370,-0.388029521,0.819938312,0.000000000,0.000000000,-0.006654501,0.999977859,0
1782463460.139864922,2.304562092,678,vicon_state_data,ball,1,0,2.598482631,-0.104037804,0.965439362,0.000000000,0.000000000,0.000000000,1.000000000,1,-0.861395733,-0.388014456,0.819816636,0.000000000,0.000000000,-0.006744664,0.999977254,0
1782463460.143326044,2.308023214,679,vicon_state_data,ball,1,0,2.607189929,-0.105017651,0.966277011,0.000000000,0.000000000,0.000000000,1.000000000,1,-0.861423766,-0.388043793,0.819852735,0.000000000,0.000000000,-0.006557927,0.999978497,0
1782463460.146612883,2.311310053,680,vicon_state_data,ball,1,0,2.615512809,-0.105806626,0.966922871,0.000000000,0.000000000,0.000000000,1.000000000,1,-0.861412663,-0.388061506,0.819781879,0.000000000,0.000000000,-0.006711124,0.999977480,0
1782463460.149999142,2.314696312,681,vicon_state_data,ball,1,0,2.622924309,-0.108097228,0.968660379,0.000000000,0.000000000,0.000000000,1.000000000,1,-0.861429774,-0.388099460,0.819794141,0.000000000,0.000000000,-0.006700054,0.999977554,0
1782463460.153393745,2.318090916,682,vicon_state_data,ball,1,0,2.630564888,-0.109303214,0.969893302,0.000000000,0.000000000,0.000000000,1.000000000,1,-0.861477479,-0.388081140,0.819819091,0.000000000,0.000000000,-0.006487513,0.999978956,0
1782463460.156510115,2.321207285,683,vicon_state_data,ball,1,0,2.638532392,-0.110491814,0.971223450,0.000000000,0.000000000,0.000000000,1.000000000,1,-0.861276583,-0.388474711,0.819772814,0.000000000,0.000000000,-0.009342391,0.999956359,0
1782463460.160170555,2.324867725,684,vicon_state_data,ball,1,0,2.646725473,-0.111770206,0.972444863,0.000000000,0.000000000,0.000000000,1.000000000,1,-0.861309029,-0.388463206,0.819795125,0.000000000,0.000000000,-0.009241733,0.999957294,0
1782463460.163282871,2.327980042,685,vicon_state_data,ball,1,0,2.654946494,-0.113080347,0.973293769,0.000000000,0.000000000,0.000000000,1.000000000,1,-0.861320385,-0.388529975,0.819796363,0.000000000,0.000000000,-0.009315039,0.999956614,0
1782463460.166571379,2.331268549,686,vicon_state_data,ball,1,0,2.663382872,-0.114693817,0.973307053,0.000000000,0.000000000,0.000000000,1.000000000,1,-0.861378057,-0.388503639,0.819824052,0.000000000,0.000000000,-0.008959160,0.999959866,0
1782463460.169884443,2.334581614,687,vicon_state_data,ball,1,0,2.671252677,-0.115357234,0.973150437,0.000000000,0.000000000,0.000000000,1.000000000,1,-0.861400840,-0.388500190,0.819810599,0.000000000,0.000000000,-0.008855715,0.999960787,0
1782463460.173157215,2.337854385,688,vicon_state_data,ball,1,0,2.678959712,-0.116522725,0.973449270,0.000000000,0.000000000,0.000000000,1.000000000,1,-0.861416826,-0.388541808,0.819794409,0.000000000,0.000000000,-0.008939228,0.999960044,0
1782463460.176700354,2.341397524,689,vicon_state_data,ball,1,0,2.686804503,-0.117761468,0.973992675,0.000000000,0.000000000,0.000000000,1.000000000,1,-0.861435576,-0.388588273,0.819791780,0.000000000,0.000000000,-0.008851992,0.999960820,0
1782463460.180206060,2.344903231,690,vicon_state_data,ball,1,0,2.695286616,-0.118824848,0.974804223,0.000000000,0.000000000,0.000000000,1.000000000,1,-0.861467749,-0.388576848,0.819816602,0.000000000,0.000000000,-0.008652744,0.999962564,0
1782463460.183567286,2.348264456,691,vicon_state_data,ball,1,0,2.702654986,-0.120257695,0.975812590,0.000000000,0.000000000,0.000000000,1.000000000,1,-0.861277067,-0.388697850,0.819610434,0.000000000,0.000000000,-0.010149391,0.999948494,0
1782463460.186836481,2.351533651,692,vicon_state_data,ball,1,0,2.711020745,-0.120799691,0.975627609,0.000000000,0.000000000,0.000000000,1.000000000,1,-0.861302607,-0.388747805,0.819603041,0.000000000,0.000000000,-0.010156944,0.999948417,0
1782463460.190015554,2.354712725,693,vicon_state_data,ball,1,0,2.719712380,-0.121988149,0.975139780,0.000000000,0.000000000,0.000000000,1.000000000,1,-0.861553518,-0.388610643,0.819821593,0.000000000,0.000000000,-0.008465544,0.999964167,0
1782463460.193387747,2.358084917,694,vicon_state_data,ball,1,0,2.727907714,-0.122920527,0.974425455,0.000000000,0.000000000,0.000000000,1.000000000,1,-0.861778401,-0.388340899,0.819867040,0.000000000,0.000000000,-0.005846278,0.999982910,0
1782463460.196755648,2.361452818,695,vicon_state_data,ball,1,0,2.736302938,-0.123954003,0.973224905,0.000000000,0.000000000,0.000000000,1.000000000,1,-0.861573381,-0.388694159,0.819812455,0.000000000,0.000000000,-0.008520470,0.999963700,0
1782463460.199920654,2.364617825,696,vicon_state_data,ball,1,0,2.743262475,-0.126144481,0.973489044,0.000000000,0.000000000,0.000000000,1.000000000,1,-0.861597803,-0.388738673,0.819837335,0.000000000,0.000000000,-0.008468561,0.999964141,0
1782463460.203209400,2.367906570,697,vicon_state_data,ball,1,0,2.750798939,-0.127198631,0.973095623,0.000000000,0.000000000,0.000000000,1.000000000,1,-0.861633487,-0.388773321,0.819826483,0.000000000,0.000000000,-0.008428185,0.999964482,0
1782463460.206685781,2.371382952,698,vicon_state_data,ball,1,0,2.758463239,-0.128845686,0.973201000,0.000000000,0.000000000,0.000000000,1.000000000,1,-0.861681692,-0.388776050,0.819856655,0.000000000,0.000000000,-0.008278975,0.999965729,0
1782463460.209999084,2.374696255,699,vicon_state_data,ball,1,0,2.766597920,-0.129671500,0.972528776,0.000000000,0.000000000,0.000000000,1.000000000,1,-0.861700840,-0.388800672,0.819843980,0.000000000,0.000000000,-0.008190161,0.999966460,0
1782463460.213517427,2.378214598,700,vicon_state_data,ball,1,0,2.774816730,-0.131048147,0.971413060,0.000000000,0.000000000,0.000000000,1.000000000,1,-0.861733140,-0.388853256,0.819864782,0.000000000,0.000000000,-0.008129272,0.999966957,0
1782463460.216740608,2.381437778,701,vicon_state_data,ball,1,0,2.783336467,-0.132698831,0.969553929,0.000000000,0.000000000,0.000000000,1.000000000,1,-0.861733903,-0.388842133,0.819810134,0.000000000,0.000000000,-0.008272190,0.999965785,0
1782463460.219952583,2.384649754,702,vicon_state_data,ball,1,0,2.790746167,-0.133092630,0.968012410,0.000000000,0.000000000,0.000000000,1.000000000,1,-0.861945235,-0.388554162,0.819801609,0.000000000,0.000000000,-0.005850139,0.999982888,0
1782463460.223391533,2.388088703,703,vicon_state_data,ball,1,0,2.798506775,-0.134088003,0.966773615,0.000000000,0.000000000,0.000000000,1.000000000,1,-0.861801521,-0.388883428,0.819857169,0.000000000,0.000000000,-0.008131255,0.999966941,0
1782463460.226778030,2.391475201,704,vicon_state_data,ball,1,0,2.806405911,-0.135439491,0.965708820,0.000000000,0.000000000,0.000000000,1.000000000,1,-0.861817024,-0.388927258,0.819832247,0.000000000,0.000000000,-0.008248881,0.999965977,0
1782463460.230028391,2.394725561,705,vicon_state_data,ball,1,0,2.814472615,-0.136555988,0.964658512,0.000000000,0.000000000,0.000000000,1.000000000,1,-0.861880084,-0.388906255,0.819863813,0.000000000,0.000000000,-0.007992752,0.999968057,0
1782463460.233518362,2.398215532,706,vicon_state_data,ball,1,0,2.821696821,-0.137785192,0.963958288,0.000000000,0.000000000,0.000000000,1.000000000,1,-0.862057078,-0.388669358,0.819853159,0.000000000,0.000000000,-0.005863958,0.999982807,0
1782463460.236577988,2.401275158,707,vicon_state_data,ball,1,0,2.830354465,-0.138473729,0.961719062,0.000000000,0.000000000,0.000000000,1.000000000,1,-0.861914067,-0.388956408,0.819896376,0.000000000,0.000000000,-0.008117460,0.999967053,0
1782463460.240041494,2.404738665,708,vicon_state_data,ball,1,0,2.838844378,-0.139481639,0.959484754,0.000000000,0.000000000,0.000000000,1.000000000,1,-0.862109301,-0.388685717,0.819901290,0.000000000,0.000000000,-0.005623697,0.999984187,0
1782463460.243636847,2.408334017,709,vicon_state_data,ball,1,0,2.846739488,-0.140545736,0.957209905,0.000000000,0.000000000,0.000000000,1.000000000,1,-0.861934700,-0.389057734,0.819862923,0.000000000,0.000000000,-0.008299476,0.999965559,0
1782463460.246796131,2.411493301,710,vicon_state_data,ball,1,0,2.854265305,-0.142669526,0.955276948,0.000000000,0.000000000,0.000000000,1.000000000,1,-0.861940927,-0.389094600,0.819872313,0.000000000,0.000000000,-0.008466070,0.999964162,0
1782463460.250298262,2.414995432,711,vicon_state_data,ball,1,0,2.861481785,-0.143782388,0.953170424,0.000000000,0.000000000,0.000000000,1.000000000,1,-0.861984583,-0.389126270,0.819890731,0.000000000,0.000000000,-0.008250119,0.999965967,0
1782463460.253372431,2.418069601,712,vicon_state_data,ball,1,0,2.868919049,-0.144836479,0.951029219,0.000000000,0.000000000,0.000000000,1.000000000,1,-0.862203927,-0.388816304,0.819934218,0.000000000,0.000000000,-0.005726733,0.999983602,0
1782463460.256610870,2.421308041,713,vicon_state_data,ball,1,0,2.876395554,-0.146149290,0.949518029,0.000000000,0.000000000,0.000000000,1.000000000,1,-0.862020637,-0.389177689,0.819893854,0.000000000,0.000000000,-0.008447337,0.999964321,0
1782463460.260244370,2.424941540,714,vicon_state_data,ball,1,0,2.884490803,-0.147383855,0.947036618,0.000000000,0.000000000,0.000000000,1.000000000,1,-0.862018187,-0.389229576,0.819901521,0.000000000,0.000000000,-0.008587986,0.999963123,0
1782463460.263309240,2.428006411,715,vicon_state_data,ball,1,0,2.892580411,-0.148896197,0.944342868,0.000000000,0.000000000,0.000000000,1.000000000,1,-0.862330869,-0.388883142,0.820011588,0.000000000,0.000000000,-0.005303947,0.999985934,0
1782463460.266562700,2.431259871,716,vicon_state_data,ball,1,0,2.900610798,-0.149500537,0.940870588,0.000000000,0.000000000,0.000000000,1.000000000,1,-0.862111822,-0.389224070,0.819918117,0.000000000,0.000000000,-0.008177780,0.999966561,0
1782463460.270008326,2.434705496,717,vicon_state_data,ball,1,0,2.908138212,-0.150609440,0.937839823,0.000000000,0.000000000,0.000000000,1.000000000,1,-0.862342947,-0.388976861,0.819969634,0.000000000,0.000000000,-0.005428561,0.999985265,0
1782463460.273361921,2.438059092,718,vicon_state_data,ball,1,0,2.915803930,-0.151644230,0.934996740,0.000000000,0.000000000,0.000000000,1.000000000,1,-0.862382726,-0.389033262,0.819982902,0.000000000,0.000000000,-0.005524817,0.999984738,0
1782463460.276677370,2.441374540,719,vicon_state_data,ball,1,0,2.923650803,-0.152973599,0.932407885,0.000000000,0.000000000,0.000000000,1.000000000,1,-0.862118055,-0.389405757,0.819869342,0.000000000,0.000000000,-0.008708841,0.999962077,0
1782463460.279963493,2.444660664,720,vicon_state_data,ball,1,0,2.931524925,-0.154337112,0.929725015,0.000000000,0.000000000,0.000000000,1.000000000,1,-0.862136723,-0.389419756,0.819867601,0.000000000,0.000000000,-0.008655876,0.999962537,0
1782463460.283264160,2.447961330,721,vicon_state_data,ball,1,0,2.939704011,-0.155086233,0.926235339,0.000000000,0.000000000,0.000000000,1.000000000,1,-0.862201195,-0.389370180,0.819863276,0.000000000,0.000000000,-0.008305525,0.999965509,0
1782463460.286605835,2.451303005,722,vicon_state_data,ball,1,0,2.947774717,-0.156314582,0.922965614,0.000000000,0.000000000,0.000000000,1.000000000,1,-0.862390661,-0.389102312,0.819840061,0.000000000,0.000000000,-0.006004740,0.999981971,0
1782463460.289934874,2.454632044,723,vicon_state_data,ball,1,0,2.955726003,-0.157502033,0.919228911,0.000000000,0.000000000,0.000000000,1.000000000,1,-0.862228930,-0.389455484,0.819868893,0.000000000,0.000000000,-0.008416572,0.999964580,0
1782463460.293313742,2.458010912,724,vicon_state_data,ball,1,0,2.963300104,-0.158860714,0.915578829,0.000000000,0.000000000,0.000000000,1.000000000,1,-0.862239555,-0.389506965,0.819875328,0.000000000,0.000000000,-0.008556406,0.999963393,0
1782463460.296628475,2.461325645,725,vicon_state_data,ball,1,0,2.970723106,-0.160056793,0.911620402,0.000000000,0.000000000,0.000000000,1.000000000,1,-0.862580644,-0.389092862,0.819981650,0.000000000,0.000000000,-0.005137342,0.999986804,0
1782463460.300146341,2.464843512,726,vicon_state_data,ball,1,0,2.977573619,-0.161482930,0.908070686,0.000000000,0.000000000,0.000000000,1.000000000,1,-0.862300750,-0.389548748,0.819896224,0.000000000,0.000000000,-0.008555007,0.999963405,0
1782463460.303354025,2.468051195,727,vicon_state_data,ball,1,0,2.984853186,-0.162392299,0.904375739,0.000000000,0.000000000,0.000000000,1.000000000,1,-0.862341474,-0.389553822,0.819924069,0.000000000,0.000000000,-0.008460929,0.999964206,0
1782463460.306697845,2.471395016,728,vicon_state_data,ball,1,0,2.992454929,-0.163599610,0.900749127,0.000000000,0.000000000,0.000000000,1.000000000,1,-0.862174391,-0.389697054,0.819698713,0.000000000,0.000000000,-0.009847526,0.999951512,0
1782463460.310209036,2.474906206,729,vicon_state_data,ball,1,0,3.000327252,-0.164744226,0.896776498,0.000000000,0.000000000,0.000000000,1.000000000,1,-0.862453377,-0.389329739,0.819733277,0.000000000,0.000000000,-0.006405515,0.999979484,0
1782463460.313282490,2.477979660,730,vicon_state_data,ball,1,0,3.008266057,-0.165871724,0.892410071,0.000000000,0.000000000,0.000000000,1.000000000,1,-0.862203185,-0.389774111,0.819693303,0.000000000,0.000000000,-0.009994435,0.999950054,0
1782463460.316583633,2.481280804,731,vicon_state_data,ball,1,0,3.015826195,-0.166861304,0.887859503,0.000000000,0.000000000,0.000000000,1.000000000,1,-0.862345402,-0.389599282,0.819828525,0.000000000,0.000000000,-0.008604197,0.999962983,0
1782463460.320456505,2.485153675,732,vicon_state_data,ball,1,0,3.023258451,-0.167894624,0.883314739,0.000000000,0.000000000,0.000000000,1.000000000,1,-0.862460057,-0.389655654,0.819896911,0.000000000,0.000000000,-0.008311757,0.999965457,0
1782463460.323542118,2.488239288,733,vicon_state_data,ball,1,0,3.030739767,-0.169089027,0.878830646,0.000000000,0.000000000,0.000000000,1.000000000,1,-0.862468937,-0.389690377,0.819888516,0.000000000,0.000000000,-0.008496866,0.999963901,0
1782463460.326932907,2.491630077,734,vicon_state_data,ball,1,0,3.038439497,-0.170006779,0.878506450,0.000000000,0.000000000,0.000000000,1.000000000,1,-0.862501303,-0.389709863,0.819894554,0.000000000,0.000000000,-0.008467751,0.999964148,0
1782463460.329973936,2.494671106,735,vicon_state_data,ball,1,0,3.045707862,-0.170268383,0.882132608,0.000000000,0.000000000,0.000000000,1.000000000,1,-0.862814557,-0.389343768,0.819979067,0.000000000,0.000000000,-0.005119152,0.999986897,0
1782463460.333249331,2.497946501,736,vicon_state_data,ball,1,0,3.052485672,-0.169936028,0.886286201,0.000000000,0.000000000,0.000000000,1.000000000,1,-0.862780818,-0.389341476,0.819855253,0.000000000,0.000000000,-0.005428004,0.999985268,0
1782463460.336618185,2.501315355,737,vicon_state_data,ball,1,0,3.059179073,-0.169621209,0.890682486,0.000000000,0.000000000,0.000000000,1.000000000,1,-0.862573479,-0.389828313,0.819884929,0.000000000,0.000000000,-0.008568941,0.999963286,0
1782463460.339987755,2.504684925,738,vicon_state_data,ball,1,0,3.066118761,-0.169171690,0.894784126,0.000000000,0.000000000,0.000000000,1.000000000,1,-0.862622415,-0.389789676,0.819889331,0.000000000,0.000000000,-0.008378592,0.999964899,0
1782463460.343380213,2.508077383,739,vicon_state_data,ball,1,0,3.072828864,-0.168162336,0.898748095,0.000000000,0.000000000,0.000000000,1.000000000,1,-0.862415405,-0.390002056,0.819669676,0.000000000,0.000000000,-0.010327184,0.999946673,0
1782463460.346714020,2.511411190,740,vicon_state_data,ball,1,0,3.080598358,-0.169528537,0.901246184,0.000000000,0.000000000,0.000000000,1.000000000,1,-0.862635077,-0.389665936,0.819869505,0.000000000,0.000000000,-0.008090462,0.999967272,0
1782463460.350138903,2.514836073,741,vicon_state_data,ball,1,0,3.084481064,-0.168039999,0.904379706,0.000000000,0.000000000,0.000000000,1.000000000,1,-0.862532025,-0.389931063,0.819670277,0.000000000,0.000000000,-0.009625741,0.999953671,0
1782463460.353466988,2.518164158,742,vicon_state_data,ball,1,0,3.084430007,-0.164698395,0.906831672,0.000000000,0.000000000,0.000000000,1.000000000,1,-0.862525188,-0.389973664,0.819642966,0.000000000,0.000000000,-0.009865476,0.999951335,0
1782463460.356833458,2.521530628,743,vicon_state_data,ball,1,0,3.083875593,-0.161148465,0.909572257,0.000000000,0.000000000,0.000000000,1.000000000,1,-0.862586466,-0.389939577,0.819636046,0.000000000,0.000000000,-0.009660328,0.999953338,0
1782463460.360124111,2.524821281,744,vicon_state_data,ball,1,0,3.083579977,-0.158208036,0.912153220,0.000000000,0.000000000,0.000000000,1.000000000,1,-0.862599412,-0.389952774,0.819646957,0.000000000,0.000000000,-0.009659275,0.999953348,0
1782463460.363354683,2.528051853,745,vicon_state_data,ball,1,0,3.083544733,-0.155932450,0.914872227,0.000000000,0.000000000,0.000000000,1.000000000,1,-0.862609436,-0.390000335,0.819652839,0.000000000,0.000000000,-0.009706317,0.999952893,0
1782463460.366807222,2.531504393,746,vicon_state_data,ball,1,0,3.085429547,-0.156053435,0.918027808,0.000000000,0.000000000,0.000000000,1.000000000,1,-0.862633526,-0.390025257,0.819636841,0.000000000,0.000000000,-0.009759927,0.999952371,0
1782463460.370175838,2.534873009,747,vicon_state_data,ball,1,0,3.088122929,-0.157321969,0.921112933,0.000000000,0.000000000,0.000000000,1.000000000,1,-0.862696948,-0.389989320,0.819662776,0.000000000,0.000000000,-0.009596056,0.999953957,0
1782463460.373430252,2.538127422,748,vicon_state_data,ball,1,0,3.090687224,-0.158375041,0.924108131,0.000000000,0.000000000,0.000000000,1.000000000,1,-0.862724790,-0.389987178,0.819688340,0.000000000,0.000000000,-0.009403745,0.999955784,0
1782463460.376867771,2.541564941,749,vicon_state_data,ball,1,0,3.092778948,-0.158796040,0.927061901,0.000000000,0.000000000,0.000000000,1.000000000,1,-0.862743821,-0.390017638,0.819678930,0.000000000,0.000000000,-0.009480317,0.999955061,0
1782463460.379976034,2.544673204,750,vicon_state_data,ball,1,0,3.094621786,-0.159319851,0.929679266,0.000000000,0.000000000,0.000000000,1.000000000,1,-0.862808300,-0.389940091,0.819712852,0.000000000,0.000000000,-0.009012140,0.999959390,0
1782463460.383293152,2.547990322,751,vicon_state_data,ball,1,0,3.095090448,-0.160785232,0.931358275,0.000000000,0.000000000,0.000000000,1.000000000,1,-0.862812496,-0.390008039,0.819699864,0.000000000,0.000000000,-0.009287362,0.999956872,0
1782463460.386970997,2.551668167,752,vicon_state_data,ball,1,0,3.094990215,-0.161282384,0.933849816,0.000000000,0.000000000,0.000000000,1.000000000,1,-0.862798691,-0.389916267,0.819675944,0.000000000,0.000000000,-0.009014192,0.999959371,0
1782463460.390251637,2.554948807,753,vicon_state_data,ball,1,0,3.094622719,-0.161616239,0.936762684,0.000000000,0.000000000,0.000000000,1.000000000,1,-0.862864512,-0.390088699,0.819733268,0.000000000,0.000000000,-0.009313520,0.999956628,0
1782463460.393643379,2.558340549,754,vicon_state_data,ball,1,0,3.093598706,-0.162692740,0.939807977,0.000000000,0.000000000,0.000000000,1.000000000,1,-0.862961085,-0.389979950,0.819794739,0.000000000,0.000000000,-0.008710481,0.999962063,0
