[Warning] [simulation_app.simulation_app] Modules: ['omni.kit_app'] were loaded before SimulationApp was started and might not be loaded correctly.
[Warning] [simulation_app.simulation_app] Please check to make sure no extra omniverse or pxr modules are imported before the call to SimulationApp(...)
Loading user config located at: '/home/loco1/miniconda3/envs/isaaclab/lib/python3.10/site-packages/omni/data/Kit/Isaac-Sim/4.5/user.config.json'
[Info] [carb] Logging to file: /home/loco1/miniconda3/envs/isaaclab/lib/python3.10/site-packages/omni/logs/Kit/Isaac-Sim/4.5/kit_20260818_205950.log
2026-08-18 12:59:50 [0ms] [Warning] [omni.kit.app.plugin] No crash reporter present, dumps uploading isn't available.
2026-08-18 12:59:50 [2ms] [Warning] [omni.ext.plugin] [ext: rendering_modes] Extensions config 'extension.toml' doesn't exist '/home/loco1/robotics/IsaacLab/apps/rendering_modes' or '/home/loco1/robotics/IsaacLab/apps/rendering_modes/config'
2026-08-18 12:59:51 [307ms] [Warning] [omni.datastore] OmniHub is inaccessible
2026-08-18 12:59:51 [682ms] [Warning] [carb.cudainterop.plugin] CUDA_VISIBLE_DEVICES environment variable is set.
2026-08-18 12:59:51 [682ms] [Warning] [carb.cudainterop.plugin] Note CUDA device enumeration and Omniverse device enumeration are different.
2026-08-18 12:59:51 [682ms] [Warning] [carb.cudainterop.plugin] Setting CUDA_VISIBLE_DEVICES can lead to undesired behavior or crashes.
2026-08-18 12:59:51 [724ms] [Warning] [gpu.foundation.plugin] Skipping unsupported non-NVIDIA GPU: Intel(R) Graphics (RPL-S)
2026-08-18 12:59:51 [724ms] [Warning] [gpu.foundation.plugin] Skipping unsupported non-NVIDIA GPU: Intel(R) Graphics (RPL-S)

|---------------------------------------------------------------------------------------------|
| Driver Version: 550.90.07     | Graphics API: Vulkan
|=============================================================================================|
| GPU | Name                             | Active | LDA | GPU Memory | Vendor-ID | LUID       |
|     |                                  |        |     |            | Device-ID | UUID       |
|     |                                  |        |     |            | Bus-ID    |            |
|---------------------------------------------------------------------------------------------|
| 0   | NVIDIA GeForce RTX 4090          | Yes: 0 |     | 24810   MB | 10de      | 0          |
|     |                                  |        |     |            | 2684      | 9998656c.. |
|     |                                  |        |     |            | 1         |            |
|---------------------------------------------------------------------------------------------|
| 1   | Intel(R) Graphics (RPL-S)        |        |     | 96428   MB | 8086      | 0          |
|     |                                  |        |     |            | a780      | 868080a7.. |
|     |                                  |        |     |            | 0         |            |
|=============================================================================================|
| OS: 22.04.5 LTS (Jammy Jellyfish) ubuntu, Version: 22.04.5, Kernel: 6.8.0-136-generic
| XServer Vendor: The X.Org Foundation, XServer Version: 12101004 (1.21.1.4)
| Processor: Intel(R) Core(TM) i9-14900K
| Cores: 24 | Logical Cores: 32
|---------------------------------------------------------------------------------------------|
| Total Memory (MB): 128571 | Free Memory: 118647
| Total Page/Swap (MB): 2047 | Free Page/Swap: 2047
|---------------------------------------------------------------------------------------------|
2026-08-18 12:59:53 [2,531ms] [Warning] [omni.isaac.dynamic_control] omni.isaac.dynamic_control is deprecated as of Isaac Sim 4.5. No action is needed from end-users.
2026-08-18 12:59:54 [3,471ms] [Warning] [omni.log] Source: omni.hydra was already registered.
2026-08-18 12:59:54 [3,957ms] [Warning] [omni.replicator.core.scripts.extension] No material configuration file, adding configuration to material settings directly.
2026-08-18 12:59:57 [6,730ms] [Warning] [omni.usd-abi.plugin] N[INFO][AppLauncher]: Using device: cuda:0
[INFO][AppLauncher]: Loading experience file: /home/loco1/robotics/IsaacLab/apps/isaaclab.python.headless.rendering.kit
[INFO]: Parsing configuration from: <class 'whole_body_tracking.tasks.hitter.config.g1.flat_env_cfg.G1HitterStrikingPlannerDomainFlatEnvCfg'>
[INFO]: Parsing configuration from: whole_body_tracking.tasks.hitter.config.g1.agents.rsl_rl_ppo_cfg:G1HitterStrikingPlannerDomainPPORunnerCfg
[INFO]: Parsing configuration from: whole_body_tracking.tasks.hitter.config.g1.agents.rsl_rl_ppo_cfg:G1HitterStrikingPlannerDomainPPORunnerCfg
[INFO] Loading experiment from directory: /home/loco1/BOB/Hitter/MOSAIC-main/logs/rsl_rl/hitter_striking_g1
[INFO]: Loading model checkpoint from: /home/loco1/BOB/Hitter/MOSAIC-main/logs/rsl_rl/hitter_striking_g1/model20500_20260818_export/model_20500.pt
[INFO]: Using motion directory or file from CLI: /home/loco1/BOB/Hitter/MOSAIC-main/imports/8x4090_20260808_model17500/motion/20260806_mqy_g1_npz_raw_peak43_aligned
[INFO]: Forcing motion playback to start from frame 10.
[INFO]: Raised motion_dataset_load_cap to 2 so every motion group is available during playback.
[INFO]: Zeroed motion randomization ranges for evaluation.
[INFO]: Disabled observation corruption/noise for evaluation.
[INFO]: Disabled event terms for evaluation.
[INFO]: Disabling timeout termination for playback run.
[INFO]: Base environment:
	Environment device    : cuda:0
	Environment seed      : None
	Physics step-size     : 0.005
	Rendering step-size   : 0.02
	Environment step-size : 0.02
[INFO]: Time taken for scene creation : 5.709182 seconds
[INFO]: Scene manager:  <class InteractiveScene>
	Number of environments: 1
	Environment spacing   : 2.5
	Source prim name      : /World/envs/env_0
	Global prim paths     : ['/World/ground']
	Replicate physics     : True
[INFO]: Starting the simulation. This may take a few seconds. Please wait...
[INFO]: Time taken for simulation start : 1.965277 seconds
[2026-08-18 21:00:08,091][ogn_registration][INFO] - Looking for Python nodes to register in omni.kit.mainwindow-1.0.3
[2026-08-18 21:00:08,091][ogn_registration][INFO] -  -> Registered nodes from module omni.kit.mainwindow at /home/loco1/miniconda3/envs/isaaclab/lib/python3.10/site-packages/isaacsim/extscache/omni.kit.mainwindow-1.0.3+d02c707b
[2026-08-18 21:00:08,091][ogn_registration][INFO] - Registering nodes in /home/loco1/miniconda3/envs/isaaclab/lib/python3.10/site-packages/isaacsim/extscache/omni.kit.mainwindow-1.0.3+d02c707b imported as omni.kit.mainwindow with AutoNode config {}
[2026-08-18 21:00:08,091][ogn_registration][INFO] - Registering Python Node Types from omni.kit.mainwindow at /home/loco1/miniconda3/envs/isaaclab/lib/python3.10/site-packages/isaacsim/extscache/omni.kit.mainwindow-1.0.3+d02c707b in omni.kit.mainwindow
[2026-08-18 21:00:08,091][ogn_registration][INFO] - ========================================================================================================================
[2026-08-18 21:00:08,092][ogn_registration][INFO] - No dependency on omni.graph, therefore no nodes to register in omni.kit.mainwindow
[2026-08-18 21:00:08,092][ogn_registration][INFO] - ...None found, no registration to do
[2026-08-18 21:00:08,092][ogn_registration][INFO] - ...Skipping: No OmniGraph presence in the module omni.kit.mainwindow - No nodes in this module, do not remember it
[2026-08-18 21:00:08,092][ogn_registration][INFO] - Destroying registration record for omni.kit.mainwindow
[2026-08-18 21:00:08,092][ogn_registration][INFO] - OGN register omni.kit.mainwindow-1.0.3 took 595248.000000
[2026-08-18 21:00:08,098][ogn_registration][INFO] - Looking for Python nodes to register in omni.uiaudio-1.0.0
[2026-08-18 21:00:08,098][ogn_registration][INFO] -  -> Registered nodes from module omni.kit.uiaudio at /home/loco1/miniconda3/envs/isaaclab/lib/python3.10/site-packages/isaacsim/extscache/omni.uiaudio-1.0.0+d02c707b.lx64.r.cp310
[2026-08-18 21:00:08,098][ogn_registration][INFO] - Registering nodes in /home/loco1/miniconda3/envs/isaaclab/lib/python3.10/site-packages/isaacsim/extscache/omni.uiaudio-1.0.0+d02c707b.lx64.r.cp310 imported as omni.kit.uiaudio with AutoNode config {}
[2026-08-18 21:00:08,098][ogn_registration][INFO] - Registering Python Node Types from omni.kit.uiaudio at /home/loco1/miniconda3/envs/isaaclab/lib/python3.10/site-packages/isaacsim/extscache/omni.uiaudio-1.0.0+d02c707b.lx64.r.cp310 in omni.uiaudio
[2026-08-18 21:00:08,098][ogn_registration][INFO] - ========================================================================================================================
[2026-08-18 21:00:08,098][ogn_registration][INFO] - No dependency on omni.graph, therefore no nodes to register in omni.uiaudio
[2026-08-18 21:00:08,098][ogn_registration][INFO] - ...None found, no registration to do
[2026-08-18 21:00:08,098][ogn_registration][INFO] - ...Skipping: No OmniGraph presence in the module omni.kit.uiaudio - No nodes in this module, do not remember it
[2026-08-18 21:00:08,098][ogn_registration][INFO] - Destroying registration record for omni.uiaudio
[2026-08-18 21:00:08,099][ogn_registration][INFO] - OGN register omni.uiaudio-1.0.0 took 407314.000000
[2026-08-18 21:00:08,099][ogn_registration][INFO] - Looking for Python nodes to register in omni.kit.uiapp-0.0.0
[2026-08-18 21:00:08,099][ogn_registration][INFO] - OGN register omni.kit.uiapp-0.0.0 took 28555.000000
[2026-08-18 21:00:08,119][ogn_registration][INFO] - Looking for Python nodes to register in omni.kit.asset_converter-2.8.3
[2026-08-18 21:00:08,120][ogn_registration][INFO] -  -> Registered nodes from module asset_converter_native_bindings at /home/loco1/miniconda3/envs/isaaclab/lib/python3.10/site-packages/isaacsim/extscache/omni.kit.asset_converter-2.8.3+106.5.0.lx64.r.cp310
[2026-08-18 21:00:08,120][ogn_registration][INFO] - Registering nodes in /home/loco1/miniconda3/envs/isaaclab/lib/python3.10/site-packages/isaacsim/extscache/omni.kit.asset_converter-2.8.3+106.5.0.lx64.r.cp310 imported as asset_converter_native_bindings with AutoNode config {}
[2026-08-18 21:00:08,120][ogn_registration][INFO] - Registering Python Node Types from asset_converter_native_bindings at /home/loco1/miniconda3/envs/isaaclab/lib/python3.10/site-packages/isaacsim/extscache/omni.kit.asset_converter-2.8.3+106.5.0.lx64.r.cp310 in omni.kit.asset_converter
[2026-08-18 21:00:08,120][ogn_registration][INFO] - ========================================================================================================================
[2026-08-18 21:00:08,120][ogn_registration][INFO] - No dependency on omni.graph, therefore no nodes to register in omni.kit.asset_converter
[2026-08-18 21:00:08,120][ogn_registration][INFO] - ...None found, no registration to do
[2026-08-18 21:00:08,120][ogn_registration][INFO] - ...Skipping: No OmniGraph presence in the module asset_converter_native_bindings - No nodes in this module, do not remember it
[2026-08-18 21:00:08,120][ogn_registration][INFO] - Destroying registration record for omni.kit.asset_converter
[2026-08-18 21:00:08,120][ogn_registration][INFO] -  -> Registered nodes from module omni.kit.asset_converter at /home/loco1/miniconda3/envs/isaaclab/lib/python3.10/site-packages/isaacsim/extscache/omni.kit.asset_converter-2.8.3+106.5.0.lx64.r.cp310
[2026-08-18 21:00:08,120][ogn_registration][INFO] - Registering nodes in /home/loco1/miniconda3/envs/isaaclab/lib/python3.10/site-packages/isaacsim/extscache/omni.kit.asset_converter-2.8.3+106.5.0.lx64.r.cp310 imported as omni.kit.asset_converter with AutoNode config {}
[2026-08-18 21:00:08,120][ogn_registration][INFO] - Registering Python Node Types from omni.kit.asset_converter at /home/loco1/miniconda3/envs/isaaclab/lib/python3.10/site-packages/isaacsim/extscache/omni.kit.asset_converter-2.8.3+106.5.0.lx64.r.cp310 in omni.kit.asset_converter
[2026-08-18 21:00:08,120][ogn_registration][INFO] - ========================================================================================================================
[2026-08-18 21:00:08,120][ogn_registration][INFO] - No dependency on omni.graph, therefore no nodes to register in omni.kit.asset_converter
[2026-08-18 21:00:08,120][ogn_registration][INFO] - ...None found, no registration to do
[2026-08-18 21:00:08,120][ogn_registration][INFO] - ...Skipping: No OmniGraph presence in the module omni.kit.asset_converter - No nodes in this module, do not remember it
[2026-08-18 21:00:08,120][ogn_registration][INFO] - Destroying registration record for omni.kit.asset_converter
[2026-08-18 21:00:08,120][ogn_registration][INFO] - OGN register omni.kit.asset_converter-2.8.3 took 942618.000000
[2026-08-18 21:00:08,122][ogn_registration][INFO] - Looking for Python nodes to register in omni.kit.window.file_importer-1.1.14
[2026-08-18 21:00:08,122][ogn_registration][INFO] -  -> Registered nodes from module omni.kit.window.file_importer at /home/loco1/miniconda3/envs/isaaclab/lib/python3.10/site-packages/isaacsim/extscache/omni.kit.window.file_importer-1.1.14+d02c707b
[2026-08-18 21:00:08,122][ogn_registration][INFO] - Registering nodes in /home/loco1/miniconda3/envs/isaaclab/lib/python3.10/site-packages/isaacsim/extscache/omni.kit.window.file_importer-1.1.14+d02c707b imported as omni.kit.window.file_importer with AutoNode config {}
[2026-08-18 21:00:08,122][ogn_registration][INFO] - Registering Python Node Types from omni.kit.window.file_importer at /home/loco1/miniconda3/envs/isaaclab/lib/python3.10/site-packages/isaacsim/extscache/omni.kit.window.file_importer-1.1.14+d02c707b in omni.kit.window.file_importer
[2026-08-18 21:00:08,122][ogn_registration][INFO] - ========================================================================================================================
[2026-08-18 21:00:08,122][ogn_registration][INFO] - No dependency on omni.graph, therefore no nodes to register in omni.kit.window.file_importer
[2026-08-18 21:00:08,122][ogn_registration][INFO] - ...None found, no registration to do
[2026-08-18 21:00:08,122][ogn_registration][INFO] - ...Skipping: No OmniGraph presence in the module omni.kit.window.file_importer - No nodes in this module, do not remember it
[2026-08-18 21:00:08,122][ogn_registration][INFO] - Destroying registration record for omni.kit.window.file_importer
[2026-08-18 21:00:08,122][ogn_registration][INFO] - OGN register omni.kit.window.file_importer-1.1.14 took 615561.000000
[2026-08-18 21:00:08,123][ogn_registration][INFO] - Looking for Python nodes to register in omni.kit.window.drop_support-1.0.4
[2026-08-18 21:00:08,123][ogn_registration][INFO] -  -> Registered nodes from module omni.kit.window.drop_support at /home/loco1/miniconda3/envs/isaaclab/lib/python3.10/site-packages/isaacsim/extscache/omni.kit.window.drop_support-1.0.4+d02c707b
[2026-08-18 21:00:08,123][ogn_registration][INFO] - Registering nodes in /home/loco1/miniconda3/envs/isaaclab/lib/python3.10/site-packages/isaacsim/extscache/omni.kit.window.drop_support-1.0.4+d02c707b imported as omni.kit.window.drop_support with AutoNode config {}
[2026-08-18 21:00:08,123][ogn_registration][INFO] - Registering Python Node Types from omni.kit.window.drop_support at /home/loco1/miniconda3/envs/isaaclab/lib/python3.10/site-packages/isaacsim/extscache/omni.kit.window.drop_support-1.0.4+d02c707b in omni.kit.window.drop_support
[2026-08-18 21:00:08,123][ogn_registration][INFO] - ========================================================================================================================
[2026-08-18 21:00:08,123][ogn_registration][INFO] - No dependency on omni.graph, therefore no nodes to register in omni.kit.window.drop_support
[2026-08-18 21:00:08,123][ogn_registration][INFO] - ...None found, no registration to do
[2026-08-18 21:00:08,123][ogn_registration][INFO] - ...Skipping: No OmniGraph presence in the module omni.kit.window.drop_support - No nodes in this module, do not remember it
[2026-08-18 21:00:08,123][ogn_registration][INFO] - Destroying registration record for omni.kit.window.drop_support
[2026-08-18 21:00:08,123][ogn_registration][INFO] - OGN register omni.kit.window.drop_support-1.0.4 took 469020.000000
[2026-08-18 21:00:08,124][ogn_registration][INFO] - Looking for Python nodes to register in omni.kit.widget.zoombar-1.0.5
[2026-08-18 21:00:08,125][ogn_registration][INFO] -  -> Registered nodes from module omni.kit.widget.zoombar at /home/loco1/miniconda3/envs/isaaclab/lib/python3.10/site-packages/isaacsim/extscache/omni.kit.widget.zoombar-1.0.5
[2026-08-18 21:00:08,125][ogn_registration][INFO] - Registering nodes in /home/loco1/miniconda3/envs/isaaclab/lib/python3.10/site-packages/isaacsim/extscache/omni.kit.widget.zoombar-1.0.5 imported as omni.kit.widget.zoombar with AutoNode config {}
[2026-08-18 21:00:08,125][ogn_registration][INFO] - Registering Python Node Types from omni.kit.widget.zoombar at /home/loco1/miniconda3/envs/isaaclab/lib/python3.10/site-packages/isaacsim/extscache/omni.kit.widget.zoombar-1.0.5 in omni.kit.widget.zoombar
[2026-08-18 21:00:08,125][ogn_registration][INFO] - ========================================================================================================================
[2026-08-18 21:00:08,125][ogn_registration][INFO] - No dependency on omni.graph, therefore no nodes to register in omni.kit.widget.zoombar
[2026-08-18 21:00:08,125][ogn_registration][INFO] - ...None found, no registration to do
[2026-08-18 21:00:08,125][ogn_registration][INFO] - ...Skipping: No OmniGraph presence in the module omni.kit.widget.zoombar - No nodes in this module, do not remember it
[2026-08-18 21:00:08,125][ogn_registration][INFO] - Destroying registration record for omni.kit.widget.zoombar
[2026-08-18 21:00:08,125][ogn_registration][INFO] - OGN register omni.kit.widget.zoombar-1.0.5 took 946473.000000
[2026-08-18 21:00:08,128][ogn_registration][INFO] - Looking for Python nodes to register in omni.kit.property.adapter.core-1.0.2
[2026-08-18 21:00:08,128][ogn_registration][INFO] -  -> Registered nodes from module omni.kit.property.adapter.core at /home/loco1/miniconda3/envs/isaaclab/lib/python3.10/site-packages/isaacsim/extscache/omni.kit.property.adapter.core-1.0.2+d02c707b
[2026-08-18 21:00:08,128][ogn_registration][INFO] - Registering nodes in /home/loco1/miniconda3/envs/isaaclab/lib/python3.10/site-packages/isaacsim/extscache/omni.kit.property.adapter.core-1.0.2+d02c707b imported as omni.kit.property.adapter.core with AutoNode config {}
[2026-08-18 21:00:08,128][ogn_registration][INFO] - Registering Python Node Types from omni.kit.property.adapter.core at /home/loco1/miniconda3/envs/isaaclab/lib/python3.10/site-packages/isaacsim/extscache/omni.kit.property.adapter.core-1.0.2+d02c707b in omni.kit.property.adapter.core
[2026-08-18 21:00:08,128][ogn_registration][INFO] - ========================================================================================================================
[2026-08-18 21:00:08,129][ogn_registration][INFO] - No dependency on omni.graph, therefore no nodes to register in omni.kit.property.adapter.core
[2026-08-18 21:00:08,129][ogn_registration][INFO] - ...None found, no registration to do
[2026-08-18 21:00:08,129][ogn_registration][INFO] - ...Skipping: No OmniGraph presence in the module omni.kit.property.adapter.core - No nodes in this module, do not remember it
[2026-08-18 21:00:08,129][ogn_registration][INFO] - Destroying registration record for omni.kit.property.adapter.core
[2026-08-18 21:00:08,129][ogn_registration][INFO] - OGN register omni.kit.property.adapter.core-1.0.2 took 957417.000000
[2026-08-18 21:00:08,134][ogn_registration][INFO] - Looking for Python nodes to register in omni.kit.browser.core-2.3.11
[2026-08-18 21:00:08,135][ogn_registration][INFO] -  -> Registered nodes from module omni.kit.browser.core at /home/loco1/miniconda3/envs/isaaclab/lib/python3.10/site-packages/isaacsim/extscache/omni.kit.browser.core-2.3.11
[2026-08-18 21:00:08,135][ogn_registration][INFO] - Registering nodes in /home/loco1/miniconda3/envs/isaaclab/lib/python3.10/site-packages/isaacsim/extscache/omni.kit.browser.core-2.3.11 imported as omni.kit.browser.core with AutoNode config {}
[2026-08-18 21:00:08,135][ogn_registration][INFO] - Registering Python Node Types from omni.kit.browser.core at /home/loco1/miniconda3/envs/isaaclab/lib/python3.10/site-packages/isaacsim/extscache/omni.kit.browser.core-2.3.11 in omni.kit.browser.core
[2026-08-18 21:00:08,135][ogn_registration][INFO] - ========================================================================================================================
[2026-08-18 21:00:08,136][ogn_registration][INFO] - No dependency on omni.graph, therefore no nodes to register in omni.kit.browser.core
[2026-08-18 21:00:08,136][ogn_registration][INFO] - ...None found, no registration to do
[2026-08-18 21:00:08,136][ogn_registration][INFO] - ...Skipping: No OmniGraph presence in the module omni.kit.browser.core - No nodes in this module, do not remember it
[2026-08-18 21:00:08,136][ogn_registration][INFO] - Destroying registration record for omni.kit.browser.core
[2026-08-18 21:00:08,136][ogn_registration][INFO] - OGN register omni.kit.browser.core-2.3.11 took 1260682.000000
[2026-08-18 21:00:08,143][ogn_registration][INFO] - Looking for Python nodes to register in omni.kit.browser.folder.core-1.10.1
[2026-08-18 21:00:08,144][ogn_registration][INFO] -  -> Registered nodes from module omni.kit.browser.folder.core at /home/loco1/miniconda3/envs/isaaclab/lib/python3.10/site-packages/isaacsim/extscache/omni.kit.browser.folder.core-1.10.1
[2026-08-18 21:00:08,144][ogn_registration][INFO] - Registering nodes in /home/loco1/miniconda3/envs/isaaclab/lib/python3.10/site-packages/isaacsim/extscache/omni.kit.browser.folder.core-1.10.1 imported as omni.kit.browser.folder.core with AutoNode config {}
[2026-08-18 21:00:08,144][ogn_registration][INFO] - Registering Python Node Types from omni.kit.browser.folder.core at /home/loco1/miniconda3/envs/isaaclab/lib/python3.10/site-packages/isaacsim/extscache/omni.kit.browser.folder.core-1.10.1 in omni.kit.browser.folder.core
[2026-08-18 21:00:08,144][ogn_registration][INFO] - ========================================================================================================================
[2026-08-18 21:00:08,144][ogn_registration][INFO] - No dependency on omni.graph, therefore no nodes to register in omni.kit.browser.folder.core
[2026-08-18 21:00:08,144][ogn_registration][INFO] - ...None found, no registration to do
[2026-08-18 21:00:08,144][ogn_registration][INFO] - ...Skipping: No OmniGraph presence in the module omni.kit.browser.folder.core - No nodes in this module, do not remember it
[2026-08-18 21:00:08,144][ogn_registration][INFO] - Destroying registration record for omni.kit.browser.folder.core
[2026-08-18 21:00:08,144][ogn_registration][INFO] - OGN register omni.kit.browser.folder.core-1.10.1 took 822842.000000
[2026-08-18 21:00:08,146][ogn_registration][INFO] - Looking for Python nodes to register in omni.kit.property.adapter.fabric-1.0.3
[2026-08-18 21:00:08,146][ogn_registration][INFO] -  -> Registered nodes from module omni.kit.property.adapter.fabric at /home/loco1/miniconda3/envs/isaaclab/lib/python3.10/site-packages/isaacsim/extscache/omni.kit.property.adapter.fabric-1.0.3+d02c707b
[2026-08-18 21:00:08,146][ogn_registration][INFO] - Registering nodes in /home/loco1/miniconda3/envs/isaaclab/lib/python3.10/site-packages/isaacsim/extscache/omni.kit.property.adapter.fabric-1.0.3+d02c707b imported as omni.kit.property.adapter.fabric with AutoNode config {}
[2026-08-18 21:00:08,146][ogn_registration][INFO] - Registering Python Node Types from omni.kit.property.adapter.fabric at /home/loco1/miniconda3/envs/isaaclab/lib/python3.10/site-packages/isaacsim/extscache/omni.kit.property.adapter.fabric-1.0.3+d02c707b in omni.kit.property.adapter.fabric
[2026-08-18 21:00:08,146][ogn_registration][INFO] - ========================================================================================================================
[2026-08-18 21:00:08,147][ogn_registration][INFO] - No dependency on omni.graph, therefore no nodes to register in omni.kit.property.adapter.fabric
[2026-08-18 21:00:08,147][ogn_registration][INFO] - ...None found, no registration to do
[2026-08-18 21:00:08,147][ogn_registration][INFO] - ...Skipping: No OmniGraph presence in the module omni.kit.property.adapter.fabric - No nodes in this module, do not remember it
[2026-08-18 21:00:08,147][ogn_registration][INFO] - Destroying registration record for omni.kit.property.adapter.fabric
[2026-08-18 21:00:08,147][ogn_registration][INFO] - OGN register omni.kit.property.adapter.fabric-1.0.3 took 673262.000000
[2026-08-18 21:00:08,157][ogn_registration][INFO] - Looking for Python nodes to register in isaacsim.examples.browser-0.1.8
[2026-08-18 21:00:08,157][ogn_registration][INFO] -  -> Registered nodes from module isaacsim.examples.browser at /home/loco1/miniconda3/envs/isaaclab/lib/python3.10/site-packages/isaacsim/exts/isaacsim.examples.browser
[2026-08-18 21:00:08,157][ogn_registration][INFO] - Registering nodes in /home/loco1/miniconda3/envs/isaaclab/lib/python3.10/site-packages/isaacsim/exts/isaacsim.examples.browser imported as isaacsim.examples.browser with AutoNode config {}
[2026-08-18 21:00:08,157][ogn_registration][INFO] - Registering Python Node Types from isaacsim.examples.browser at /home/loco1/miniconda3/envs/isaaclab/lib/python3.10/site-packages/isaacsim/exts/isaacsim.examples.browser in isaacsim.examples.browser
[2026-08-18 21:00:08,157][ogn_registration][INFO] - ========================================================================================================================
[2026-08-18 21:00:08,157][ogn_registration][INFO] - No dependency on omni.graph, therefore no nodes to register in isaacsim.examples.browser
[2026-08-18 21:00:08,158][ogn_registration][INFO] - ...None found, no registration to do
[2026-08-18 21:00:08,158][ogn_registration][INFO] - ...Skipping: No OmniGraph presence in the module isaacsim.examples.browser - No nodes in this module, do not remember it
[2026-08-18 21:00:08,158][ogn_registration][INFO] - Destroying registration record for isaacsim.examples.browser
[2026-08-18 21:00:08,158][ogn_registration][INFO] - OGN register isaacsim.examples.browser-0.1.8 took 923722.000000
[2026-08-18 21:00:08,159][ogn_registration][INFO] - Looking for Python nodes to register in omni.kit.property.adapter.usd-1.0.2
[2026-08-18 21:00:08,159][ogn_registration][INFO] -  -> Registered nodes from module omni.kit.property.adapter.usd at /home/loco1/miniconda3/envs/isaaclab/lib/python3.10/site-packages/isaacsim/extscache/omni.kit.property.adapter.usd-1.0.2+d02c707b
[2026-08-18 21:00:08,159][ogn_registration][INFO] - Registering nodes in /home/loco1/miniconda3/envs/isaaclab/lib/python3.10/site-packages/isaacsim/extscache/omni.kit.property.adapter.usd-1.0.2+d02c707b imported as omni.kit.property.adapter.usd with AutoNode config {}
[2026-08-18 21:00:08,159][ogn_registration][INFO] - Registering Python Node Types from omni.kit.property.adapter.usd at /home/loco1/miniconda3/envs/isaaclab/lib/python3.10/site-packages/isaacsim/extscache/omni.kit.property.adapter.usd-1.0.2+d02c707b in omni.kit.property.adapter.usd
[2026-08-18 21:00:08,159][ogn_registration][INFO] - ========================================================================================================================
[2026-08-18 21:00:08,160][ogn_registration][INFO] - No dependency on omni.graph, therefore no nodes to register in omni.kit.property.adapter.usd
[2026-08-18 21:00:08,160][ogn_registration][INFO] - ...None found, no registration to do
[2026-08-18 21:00:08,160][ogn_registration][INFO] - ...Skipping: No OmniGraph presence in the module omni.kit.property.adapter.usd - No nodes in this module, do not remember it
[2026-08-18 21:00:08,160][ogn_registration][INFO] - Destroying registration record for omni.kit.property.adapter.usd
[2026-08-18 21:00:08,160][ogn_registration][INFO] - OGN register omni.kit.property.adapter.usd-1.0.2 took 669069.000000
[2026-08-18 21:00:08,161][ogn_registration][INFO] - Looking for Python nodes to register in omni.kit.window.content_browser_registry-0.0.6
[2026-08-18 21:00:08,161][ogn_registration][INFO] -  -> Registered nodes from module omni.kit.window.content_browser_registry at /home/loco1/miniconda3/envs/isaaclab/lib/python3.10/site-packages/isaacsim/extscache/omni.kit.window.content_browser_registry-0.0.6+d02c707b
[2026-08-18 21:00:08,162][ogn_registration][INFO] - Registering nodes in /home/loco1/miniconda3/envs/isaaclab/lib/python3.10/site-packages/isaacsim/extscache/omni.kit.window.content_browser_registry-0.0.6+d02c707b imported as omni.kit.window.content_browser_registry with AutoNode config {}
[2026-08-18 21:00:08,162][ogn_registration][INFO] - Registering Python Node Types from omni.kit.window.content_browser_registry at /home/loco1/miniconda3/envs/isaaclab/lib/python3.10/site-packages/isaacsim/extscache/omni.kit.window.content_browser_registry-0.0.6+d02c707b in omni.kit.window.content_browser_registry
[2026-08-18 21:00:08,162][ogn_registration][INFO] - ========================================================================================================================
[2026-08-18 21:00:08,162][ogn_registration][INFO] - No dependency on omni.graph, therefore no nodes to register in omni.kit.window.content_browser_registry
[2026-08-18 21:00:08,162][ogn_registration][INFO] - ...None found, no registration to do
[2026-08-18 21:00:08,162][ogn_registration][INFO] - ...Skipping: No OmniGraph presence in the module omni.kit.window.content_browser_registry - No nodes in this module, do not remember it
[2026-08-18 21:00:08,162][ogn_registration][INFO] - Destroying registration record for omni.kit.window.content_browser_registry
[2026-08-18 21:00:08,162][ogn_registration][INFO] - OGN register omni.kit.window.content_browser_registry-0.0.6 took 657664.000000
[2026-08-18 21:00:08,164][ogn_registration][INFO] - Looking for Python nodes to register in omni.kit.widget.highlight_label-1.0.3
[2026-08-18 21:00:08,164][ogn_registration][INFO] -  -> Registered nodes from module omni.kit.widget.highlight_label at /home/loco1/miniconda3/envs/isaaclab/lib/python3.10/site-packages/isaacsim/extscache/omni.kit.widget.highlight_label-1.0.3+d02c707b
[2026-08-18 21:00:08,164][ogn_registration][INFO] - Registering nodes in /home/loco1/miniconda3/envs/isaaclab/lib/python3.10/site-packages/isaacsim/extscache/omni.kit.widget.highlight_label-1.0.3+d02c707b imported as omni.kit.widget.highlight_label with AutoNode config {}
[2026-08-18 21:00:08,164][ogn_registration][INFO] - Registering Python Node Types from omni.kit.widget.highlight_label at /home/loco1/miniconda3/envs/isaaclab/lib/python3.10/site-packages/isaacsim/extscache/omni.kit.widget.highlight_label-1.0.3+d02c707b in omni.kit.widget.highlight_label
[2026-08-18 21:00:08,164][ogn_registration][INFO] - ========================================================================================================================
[2026-08-18 21:00:08,165][ogn_registration][INFO] - No dependency on omni.graph, therefore no nodes to register in omni.kit.widget.highlight_label
[2026-08-18 21:00:08,165][ogn_registration][INFO] - ...None found, no registration to do
[2026-08-18 21:00:08,165][ogn_registration][INFO] - ...Skipping: No OmniGraph presence in the module omni.kit.widget.highlight_label - No nodes in this module, do not remember it
[2026-08-18 21:00:08,165][ogn_registration][INFO] - Destroying registration record for omni.kit.widget.highlight_label
[2026-08-18 21:00:08,165][ogn_registration][INFO] - OGN register omni.kit.widget.highlight_label-1.0.3 took 552100.000000
[2026-08-18 21:00:08,168][ogn_registration][INFO] - Looking for Python nodes to register in omni.kit.window.file-1.3.57
[2026-08-18 21:00:08,169][ogn_registration][INFO] -  -> Registered nodes from module omni.kit.window.file at /home/loco1/miniconda3/envs/isaaclab/lib/python3.10/site-packages/isaacsim/extscache/omni.kit.window.file-1.3.57+d02c707b
[2026-08-18 21:00:08,169][ogn_registration][INFO] - Registering nodes in /home/loco1/miniconda3/envs/isaaclab/lib/python3.10/site-packages/isaacsim/extscache/omni.kit.window.file-1.3.57+d02c707b imported as omni.kit.window.file with AutoNode config {}
[2026-08-18 21:00:08,169][ogn_registration][INFO] - Registering Python Node Types from omni.kit.window.file at /home/loco1/miniconda3/envs/isaaclab/lib/python3.10/site-packages/isaacsim/extscache/omni.kit.window.file-1.3.57+d02c707b in omni.kit.window.file
[2026-08-18 21:00:08,169][ogn_registration][INFO] - ========================================================================================================================
[2026-08-18 21:00:08,169][ogn_registration][INFO] - No dependency on omni.graph, therefore no nodes to register in omni.kit.window.file
[2026-08-18 21:00:08,169][ogn_registration][INFO] - ...None found, no registration to do
[2026-08-18 21:00:08,169][ogn_registration][INFO] - ...Skipping: No OmniGraph presence in the module omni.kit.window.file - No nodes in this module, do not remember it
[2026-08-18 21:00:08,169][ogn_registration][INFO] - Destroying registration record for omni.kit.window.file
[2026-08-18 21:00:08,169][ogn_registration][INFO] - OGN register omni.kit.window.file-1.3.57 took 813916.000000
[2026-08-18 21:00:08,177][ogn_registration][INFO] - Looking for Python nodes to register in omni.kit.window.property-1.11.5
[2026-08-18 21:00:08,177][ogn_registration][INFO] -  -> Registered nodes from module omni.kit.window.property at /home/loco1/miniconda3/envs/isaaclab/lib/python3.10/site-packages/isaacsim/extscache/omni.kit.window.property-1.11.5+d02c707b
[2026-08-18 21:00:08,177][ogn_registration][INFO] - Registering nodes in /home/loco1/miniconda3/envs/isaaclab/lib/python3.10/site-packages/isaacsim/extscache/omni.kit.window.property-1.11.5+d02c707b imported as omni.kit.window.property with AutoNode config {}
[2026-08-18 21:00:08,177][ogn_registration][INFO] - Registering Python Node Types from omni.kit.window.property at /home/loco1/miniconda3/envs/isaaclab/lib/python3.10/site-packages/isaacsim/extscache/omni.kit.window.property-1.11.5+d02c707b in omni.kit.window.property
[2026-08-18 21:00:08,177][ogn_registration][INFO] - ========================================================================================================================
[2026-08-18 21:00:08,178][ogn_registration][INFO] - No dependency on omni.graph, therefore no nodes to register in omni.kit.window.property
[2026-08-18 21:00:08,178][ogn_registration][INFO] - ...None found, no registration to do
[2026-08-18 21:00:08,178][ogn_registration][INFO] - ...Skipping: No OmniGraph presence in the module omni.kit.window.property - No nodes in this module, do not remember it
[2026-08-18 21:00:08,178][ogn_registration][INFO] - Destroying registration record for omni.kit.window.property
[2026-08-18 21:00:08,178][ogn_registration][INFO] - OGN register omni.kit.window.property-1.11.5 took 473884.000000
[2026-08-18 21:00:08,192][ogn_registration][INFO] - Looking for Python nodes to register in omni.kit.window.content_browser-2.10.3
[2026-08-18 21:00:08,192][ogn_registration][INFO] -  -> Registered nodes from module omni.kit.window.content_browser at /home/loco1/miniconda3/envs/isaaclab/lib/python3.10/site-packages/isaacsim/extscache/omni.kit.window.content_browser-2.10.3+d02c707b
[2026-08-18 21:00:08,192][ogn_registration][INFO] - Registering nodes in /home/loco1/miniconda3/envs/isaaclab/lib/python3.10/site-packages/isaacsim/extscache/omni.kit.window.content_browser-2.10.3+d02c707b imported as omni.kit.window.content_browser with AutoNode config {}
[2026-08-18 21:00:08,192][ogn_registration][INFO] - Registering Python Node Types from omni.kit.window.content_browser at /home/loco1/miniconda3/envs/isaaclab/lib/python3.10/site-packages/isaacsim/extscache/omni.kit.window.content_browser-2.10.3+d02c707b in omni.kit.window.content_browser
[2026-08-18 21:00:08,192][ogn_registration][INFO] - ========================================================================================================================
[2026-08-18 21:00:08,193][ogn_registration][INFO] - No dependency on omni.graph, therefore no nodes to register in omni.kit.window.content_browser
[2026-08-18 21:00:08,193][ogn_registration][INFO] - ...None found, no registration to do
[2026-08-18 21:00:08,193][ogn_registration][INFO] - ...Skipping: No OmniGraph presence in the module omni.kit.window.content_browser - No nodes in this module, do not remember it
[2026-08-18 21:00:08,193][ogn_registration][INFO] - Destroying registration record for omni.kit.window.content_browser
[2026-08-18 21:00:08,193][ogn_registration][INFO] - OGN register omni.kit.window.content_browser-2.10.3 took 707287.000000
[2026-08-18 21:00:08,201][ogn_registration][INFO] - Looking for Python nodes to register in omni.kit.property.usd-4.2.16
[2026-08-18 21:00:08,201][ogn_registration][INFO] -  -> Registered nodes from module omni.kit.property.usd at /home/loco1/miniconda3/envs/isaaclab/lib/python3.10/site-packages/isaacsim/extscache/omni.kit.property.usd-4.2.16+d02c707b
[2026-08-18 21:00:08,201][ogn_registration][INFO] - Registering nodes in /home/loco1/miniconda3/envs/isaaclab/lib/python3.10/site-packages/isaacsim/extscache/omni.kit.property.usd-4.2.16+d02c707b imported as omni.kit.property.usd with AutoNode config {}
[2026-08-18 21:00:08,201][ogn_registration][INFO] - Registering Python Node Types from omni.kit.property.usd at /home/loco1/miniconda3/envs/isaaclab/lib/python3.10/site-packages/isaacsim/extscache/omni.kit.property.usd-4.2.16+d02c707b in omni.kit.property.usd
[2026-08-18 21:00:08,201][ogn_registration][INFO] - ========================================================================================================================
[2026-08-18 21:00:08,201][ogn_registration][INFO] - No dependency on omni.graph, therefore no nodes to register in omni.kit.property.usd
[2026-08-18 21:00:08,201][ogn_registration][INFO] - ...None found, no registration to do
[2026-08-18 21:00:08,201][ogn_registration][INFO] - ...Skipping: No OmniGraph presence in the module omni.kit.property.usd - No nodes in this module, do not remember it
[2026-08-18 21:00:08,202][ogn_registration][INFO] - Destroying registration record for omni.kit.property.usd
[2026-08-18 21:00:08,202][ogn_registration][INFO] - OGN register omni.kit.property.usd-4.2.16 took 807306.000000
[2026-08-18 21:00:08,202][ogn_registration][INFO] - Looking for Python nodes to register in omni.kit.manipulator.viewport-107.0.1
[2026-08-18 21:00:08,202][ogn_registration][INFO] -  -> Registered nodes from module omni.kit.manipulator.viewport at /home/loco1/miniconda3/envs/isaaclab/lib/python3.10/site-packages/isaacsim/extscache/omni.kit.manipulator.viewport-107.0.1+d02c707b
[2026-08-18 21:00:08,202][ogn_registration][INFO] - Registering nodes in /home/loco1/miniconda3/envs/isaaclab/lib/python3.10/site-packages/isaacsim/extscache/omni.kit.manipulator.viewport-107.0.1+d02c707b imported as omni.kit.manipulator.viewport with AutoNode config {}
[2026-08-18 21:00:08,203][ogn_registration][INFO] - Registering Python Node Types from omni.kit.manipulator.viewport at /home/loco1/miniconda3/envs/isaaclab/lib/python3.10/site-packages/isaacsim/extscache/omni.kit.manipulator.viewport-107.0.1+d02c707b in omni.kit.manipulator.viewport
[2026-08-18 21:00:08,203][ogn_registration][INFO] - ========================================================================================================================
[2026-08-18 21:00:08,203][ogn_registration][INFO] - No dependency on omni.graph, therefore no nodes to register in omni.kit.manipulator.viewport
[2026-08-18 21:00:08,203][ogn_registration][INFO] - ...None found, no registration to do
[2026-08-18 21:00:08,203][ogn_registration][INFO] - ...Skipping: No OmniGraph presence in the module omni.kit.manipulator.viewport - No nodes in this module, do not remember it
[2026-08-18 21:00:08,203][ogn_registration][INFO] - Destroying registration record for omni.kit.manipulator.viewport
[2026-08-18 21:00:08,203][ogn_registration][INFO] - OGN register omni.kit.manipulator.viewport-107.0.1 took 448033.000000
[2026-08-18 21:00:08,203][ogn_registration][INFO] - Looking for Python nodes to register in omni.ui_query-1.1.7
[2026-08-18 21:00:08,204][ogn_registration][INFO] -  -> Registered nodes from module omni.ui_query at /home/loco1/miniconda3/envs/isaaclab/lib/python3.10/site-packages/isaacsim/extscache/omni.ui_query-1.1.7+d02c707b
[2026-08-18 21:00:08,204][ogn_registration][INFO] - Registering nodes in /home/loco1/miniconda3/envs/isaaclab/lib/python3.10/site-packages/isaacsim/extscache/omni.ui_query-1.1.7+d02c707b imported as omni.ui_query with AutoNode config {}
[2026-08-18 21:00:08,204][ogn_registration][INFO] - Registering Python Node Types from omni.ui_query at /home/loco1/miniconda3/envs/isaaclab/lib/python3.10/site-packages/isaacsim/extscache/omni.ui_query-1.1.7+d02c707b in omni.ui_query
[2026-08-18 21:00:08,204][ogn_registration][INFO] - ========================================================================================================================
[2026-08-18 21:00:08,204][ogn_registration][INFO] - No dependency on omni.graph, therefore no nodes to register in omni.ui_query
[2026-08-18 21:00:08,204][ogn_registration][INFO] - ...None found, no registration to do
[2026-08-18 21:00:08,204][ogn_registration][INFO] - ...Skipping: No OmniGraph presence in the module omni.ui_query - No nodes in this module, do not remember it
[2026-08-18 21:00:08,204][ogn_registration][INFO] - Destroying registration record for omni.ui_query
[2026-08-18 21:00:08,204][ogn_registration][INFO] - OGN register omni.ui_query-1.1.7 took 415323.000000
[2026-08-18 21:00:08,208][ogn_registration][INFO] - Looking for Python nodes to register in omni.graph.visualization.nodes-2.1.1
[2026-08-18 21:00:08,208][ogn_registration][INFO] -  -> Registered nodes from module omni.graph.visualization.nodes at /home/loco1/miniconda3/envs/isaaclab/lib/python3.10/site-packages/isaacsim/extscache/omni.graph.visualization.nodes-2.1.1
[2026-08-18 21:00:08,208][ogn_registration][INFO] - Registering nodes in /home/loco1/miniconda3/envs/isaaclab/lib/python3.10/site-packages/isaacsim/extscache/omni.graph.visualization.nodes-2.1.1 imported as omni.graph.visualization.nodes with AutoNode config {}
[2026-08-18 21:00:08,208][ogn_registration][INFO] - Registering Python Node Types from omni.graph.visualization.nodes at /home/loco1/miniconda3/envs/isaaclab/lib/python3.10/site-packages/isaacsim/extscache/omni.graph.visualization.nodes-2.1.1 in omni.graph.visualization.nodes
[2026-08-18 21:00:08,208][ogn_registration][INFO] - ========================================================================================================================
[2026-08-18 21:00:08,209][ogn_registration][INFO] - Finding OmniGraph extension content manager for omni.graph.visualization.nodes-2.1.1 in module omni.graph.visualization.nodes at /home/loco1/miniconda3/envs/isaaclab/lib/python3.10/site-packages/isaacsim/extscache/omni.graph.visualization.nodes-2.1.1
[2026-08-18 21:00:08,209][ogn_registration][INFO] - -> New generated folder /home/loco1/miniconda3/envs/isaaclab/lib/python3.10/site-packages/isaacsim/extscache/omni.graph.visualization.nodes-2.1.1/ogn/omni.graph.visualization.nodes is not a directory
[2026-08-18 21:00:08,209][ogn_registration][INFO] - Creating OmniGraph extension management class
[2026-08-18 21:00:08,209][ogn_registration][INFO] - Created base content manager for module omni.graph.visualization.nodes (/home/loco1/miniconda3/envs/isaaclab/lib/python3.10/site-packages/isaacsim/extscache/omni.graph.visualization.nodes-2.1.1/omni/graph/visualization/nodes/__init__.py - /home/loco1/miniconda3/envs/isaaclab/lib/python3.10/site-packages/isaacsim/extscache/omni.graph.visualization.nodes-2.1.1/omni/graph/visualization/nodes) in extension omni.graph.visualization.nodes-2.1.1 at /home/loco1/miniconda3/envs/isaaclab/lib/python3.10/site-packages/isaacsim/extscache/omni.graph.visualization.nodes-2.1.1 using cache /home/loco1/miniconda3/envs/isaaclab/lib/python3.10/site-packages/omni/cache/ogn_generated/1.79.1/omni.graph.visualization.nodes-2.1.1/omni.graph.visualization.nodes/ogn
[2026-08-18 21:00:08,209][ogn_registration][INFO] - Creating 1.18 extension manager for omni.graph.visualization.nodes-2.1.1 in <module 'omni.graph.visualization.nodes' from '/home/loco1/miniconda3/envs/isaaclab/lib/python3.10/site-packages/isaacsim/extscache/omni.graph.visualization.nodes-2.1.1/omni/graph/visualization/nodes/__init__.py'> at /home/loco1/miniconda3/envs/isaaclab/lib/python3.10/site-packages/isaacsim/extscache/omni.graph.visualization.nodes-2.1.1
[2026-08-18 21:00:08,209][ogn_registration][INFO] - Using cache directory /home/loco1/miniconda3/envs/isaaclab/lib/python3.10/site-packages/omni/cache/ogn_generated/1.79.1/omni.graph.visualization.nodes-2.1.1/omni.graph.visualization.nodes/ogn
[2026-08-18 21:00:08,209][ogn_registration][INFO] - Scanning for V1.18 node in /home/loco1/miniconda3/envs/isaaclab/lib/python3.10/site-packages/isaacsim/extscache/omni.graph.visualization.nodes-2.1.1/omni/graph/visualization/nodes/ogn
[2026-08-18 21:00:08,209][ogn_registration][INFO] - Scanning omni.graph.visualization.nodes-2.1.1 for nodes in OGN path /home/loco1/miniconda3/envs/isaaclab/lib/python3.10/site-packages/isaacsim/extscache/omni.graph.visualization.nodes-2.1.1/omni/graph/visualization/nodes/ogn
[2026-08-18 21:00:08,209][ogn_registration][INFO] - _walk_with_excludes(start=/home/loco1/miniconda3/envs/isaaclab/lib/python3.10/site-packages/isaacsim/extscache/omni.graph.visualization.nodes-2.1.1/omni/graph/visualization/nodes/ogn, exclude=['__pycache__'])
[2026-08-18 21:00:08,210][ogn_registration][INFO] -    ... walked /home/loco1/miniconda3/envs/isaaclab/lib/python3.10/site-packages/isaacsim/extscache/omni.graph.visualization.nodes-2.1.1/omni/graph/visualization/nodes/ogn, ['tests', 'nodes'], ['__ogn_files_prebuilt', 'OgnDrawLineDatabase.py', 'OgnDrawScreenSpaceTextDatabase.py', 'OgnDrawLabelDatabase.py']
[2026-08-18 21:00:08,210][ogn_registration][INFO] - ....Adding scanned directory /home/loco1/miniconda3/envs/isaaclab/lib/python3.10/site-packages/isaacsim/extscache/omni.graph.visualization.nodes-2.1.1/omni/graph/visualization/nodes/ogn/nodes
[2026-08-18 21:00:08,210][ogn_registration][INFO] -    ... walked /home/loco1/miniconda3/envs/isaaclab/lib/python3.10/site-packages/isaacsim/extscache/omni.graph.visualization.nodes-2.1.1/omni/graph/visualization/nodes/ogn/tests, ['usd'], ['TestOgnDrawScreenSpaceText.py', '__init__.py', 'TestOgnDrawLabel.py', 'TestOgnDrawLine.py']
[2026-08-18 21:00:08,210][ogn_registration][INFO] - ....Adding scanned directory /home/loco1/miniconda3/envs/isaaclab/lib/python3.10/site-packages/isaacsim/extscache/omni.graph.visualization.nodes-2.1.1/omni/graph/visualization/nodes/ogn/tests/usd
[2026-08-18 21:00:08,210][ogn_registration][INFO] -    ... walked /home/loco1/miniconda3/envs/isaaclab/lib/python3.10/site-packages/isaacsim/extscache/omni.graph.visualization.nodes-2.1.1/omni/graph/visualization/nodes/ogn/tests/usd, [], ['OgnDrawLabelTemplate.usda', 'OgnDrawScreenSpaceTextTemplate.usda', 'OgnDrawLineTemplate.usda']
[2026-08-18 21:00:08,210][ogn_registration][INFO] -    ... walked /home/loco1/miniconda3/envs/isaaclab/lib/python3.10/site-packages/isaacsim/extscache/omni.graph.visualization.nodes-2.1.1/omni/graph/visualization/nodes/ogn/nodes, [], ['OgnDrawScreenSpaceText.ogn', 'OgnDrawLabel.py', 'OgnDrawLabel.ogn', 'OgnDrawScreenSpaceText.py', 'OgnDrawLine.ogn', 'OgnDrawLine.py']
[2026-08-18 21:00:08,211][ogn_registration][INFO] - ...extracted db versions VersionProperties.GENERATOR = (1, 27, 1), VersionProperties.TARGET = (2, 103, 1) from /home/loco1/miniconda3/envs/isaaclab/lib/python3.10/site-packages/isaacsim/extscache/omni.graph.visualization.nodes-2.1.1/omni/graph/visualization/nodes/ogn/OgnDrawLineDatabase.py (True)
[2026-08-18 21:00:08,211][ogn_registration][INFO] - ...found file of type FileType.PYTHON_DB - /home/loco1/miniconda3/envs/isaaclab/lib/python3.10/site-packages/isaacsim/extscache/omni.graph.visualization.nodes-2.1.1/omni/graph/visualization/nodes/ogn/OgnDrawLineDatabase.py
[2026-08-18 21:00:08,211][ogn_registration][INFO] - ...found file of type FileType.PYTHON_DB - /home/loco1/miniconda3/envs/isaaclab/lib/python3.10/site-packages/isaacsim/extscache/omni.graph.visualization.nodes-2.1.1/omni/graph/visualization/nodes/ogn/OgnDrawScreenSpaceTextDatabase.py
[2026-08-18 21:00:08,211][ogn_registration][INFO] - ...found file of type FileType.PYTHON_DB - /home/loco1/miniconda3/envs/isaaclab/lib/python3.10/site-packages/isaacsim/extscache/omni.graph.visualization.nodes-2.1.1/omni/graph/visualization/nodes/ogn/OgnDrawLabelDatabase.py
[2026-08-18 21:00:08,211][ogn_registration][INFO] - ...found file of type FileType.TEST - /home/loco1/miniconda3/envs/isaaclab/lib/python3.10/site-packages/isaacsim/extscache/omni.graph.visualization.nodes-2.1.1/omni/graph/visualization/nodes/ogn/tests/TestOgnDrawScreenSpaceText.py
[2026-08-18 21:00:08,211][ogn_registration][INFO] - ...found file of type FileType.PYTHON - /home/loco1/miniconda3/envs/isaaclab/lib/python3.10/site-packages/isaacsim/extscache/omni.graph.visualization.nodes-2.1.1/omni/graph/visualization/nodes/ogn/tests/__init__.py
[2026-08-18 21:00:08,211][ogn_registration][INFO] - ...found file of type FileType.TEST - /home/loco1/miniconda3/envs/isaaclab/lib/python3.10/site-packages/isaacsim/extscache/omni.graph.visualization.nodes-2.1.1/omni/graph/visualization/nodes/ogn/tests/TestOgnDrawLabel.py
[2026-08-18 21:00:08,211][ogn_registration][INFO] - ...found file of type FileType.TEST - /home/loco1/miniconda3/envs/isaaclab/lib/python3.10/site-packages/isaacsim/extscache/omni.graph.visualization.nodes-2.1.1/omni/graph/visualization/nodes/ogn/tests/TestOgnDrawLine.py
[2026-08-18 21:00:08,211][ogn_registration][INFO] - ...found file of type FileType.USD - /home/loco1/miniconda3/envs/isaaclab/lib/python3.10/site-packages/isaacsim/extscache/omni.graph.visualization.nodes-2.1.1/omni/graph/visualization/nodes/ogn/tests/usd/OgnDrawLabelTemplate.usda
[2026-08-18 21:00:08,211][ogn_registration][INFO] - ...found file of type FileType.USD - /home/loco1/miniconda3/envs/isaaclab/lib/python3.10/site-packages/isaacsim/extscache/omni.graph.visualization.nodes-2.1.1/omni/graph/visualization/nodes/ogn/tests/usd/OgnDrawScreenSpaceTextTemplate.usda
[2026-08-18 21:00:08,211][ogn_registration][INFO] - ...found file of type FileType.USD - /home/loco1/miniconda3/envs/isaaclab/lib/python3.10/site-packages/isaacsim/extscache/omni.graph.visualization.nodes-2.1.1/omni/graph/visualization/nodes/ogn/tests/usd/OgnDrawLineTemplate.usda
[2026-08-18 21:00:08,211][ogn_registration][INFO] - ...found file of type FileType.PYTHON - /home/loco1/miniconda3/envs/isaaclab/lib/python3.10/site-packages/isaacsim/extscache/omni.graph.visualization.nodes-2.1.1/omni/graph/visualization/nodes/ogn/nodes/OgnDrawLabel.py
[2026-08-18 21:00:08,211][ogn_registration][INFO] - ...found file of type FileType.PYTHON - /home/loco1/miniconda3/envs/isaaclab/lib/python3.10/site-packages/isaacsim/extscache/omni.graph.visualization.nodes-2.1.1/omni/graph/visualization/nodes/ogn/nodes/OgnDrawScreenSpaceText.py
[2026-08-18 21:00:08,211][ogn_registration][INFO] - ...found file of type FileType.PYTHON - /home/loco1/miniconda3/envs/isaaclab/lib/python3.10/site-packages/isaacsim/extscache/omni.graph.visualization.nodes-2.1.1/omni/graph/visualization/nodes/ogn/nodes/OgnDrawLine.py
[2026-08-18 21:00:08,211][ogn_registration][INFO] - ...constructing node type definition for OgnDrawScreenSpaceText at /home/loco1/miniconda3/envs/isaaclab/lib/python3.10/site-packages/isaacsim/extscache/omni.graph.visualization.nodes-2.1.1/omni/graph/visualization/nodes/ogn/nodes/OgnDrawScreenSpaceText.ogn
[2026-08-18 21:00:08,212][ogn_registration][INFO] - Creating node type definition for OgnDrawScreenSpaceText at /home/loco1/miniconda3/envs/isaaclab/lib/python3.10/site-packages/isaacsim/extscache/omni.graph.visualization.nodes-2.1.1/omni/graph/visualization/nodes/ogn/nodes/OgnDrawScreenSpaceText.ogn
[2026-08-18 21:00:08,212][ogn_registration][INFO] - ...constructing node type definition for OgnDrawLabel at /home/loco1/miniconda3/envs/isaaclab/lib/python3.10/site-packages/isaacsim/extscache/omni.graph.visualization.nodes-2.1.1/omni/graph/visualization/nodes/ogn/nodes/OgnDrawLabel.ogn
[2026-08-18 21:00:08,212][ogn_registration][INFO] - Creating node type definition for OgnDrawLabel at /home/loco1/miniconda3/envs/isaaclab/lib/python3.10/site-packages/isaacsim/extscache/omni.graph.visualization.nodes-2.1.1/omni/graph/visualization/nodes/ogn/nodes/OgnDrawLabel.ogn
[2026-08-18 21:00:08,212][ogn_registration][INFO] - ...constructing node type definition for OgnDrawLine at /home/loco1/miniconda3/envs/isaaclab/lib/python3.10/site-packages/isaacsim/extscache/omni.graph.visualization.nodes-2.1.1/omni/graph/visualization/nodes/ogn/nodes/OgnDrawLine.ogn
[2026-08-18 21:00:08,212][ogn_registration][INFO] - Creating node type definition for OgnDrawLine at /home/loco1/miniconda3/envs/isaaclab/lib/python3.10/site-packages/isaacsim/extscache/omni.graph.visualization.nodes-2.1.1/omni/graph/visualization/nodes/ogn/nodes/OgnDrawLine.ogn
[2026-08-18 21:00:08,212][ogn_registration][INFO] - Adding 4 files at version VersionProperties.GENERATOR = (1, 27, 1), VersionProperties.TARGET = (2, 103, 1)
[2026-08-18 21:00:08,212][ogn_registration][INFO] - add generated file(/home/loco1/miniconda3/envs/isaaclab/lib/python3.10/site-packages/isaacsim/extscache/omni.graph.visualization.nodes-2.1.1/omni/graph/visualization/nodes/ogn/OgnDrawScreenSpaceTextDatabase.py, FileType.PYTHON_DB)
[2026-08-18 21:00:08,212][ogn_registration][INFO] - add generated file(/home/loco1/miniconda3/envs/isaaclab/lib/python3.10/site-packages/isaacsim/extscache/omni.graph.visualization.nodes-2.1.1/omni/graph/visualization/nodes/ogn/tests/TestOgnDrawScreenSpaceText.py, FileType.TEST)
[2026-08-18 21:00:08,212][ogn_registration][INFO] - add generated file(/home/loco1/miniconda3/envs/isaaclab/lib/python3.10/site-packages/isaacsim/extscache/omni.graph.visualization.nodes-2.1.1/omni/graph/visualization/nodes/ogn/tests/usd/OgnDrawScreenSpaceTextTemplate.usda, FileType.USD)
[2026-08-18 21:00:08,212][ogn_registration][INFO] - add user file(/home/loco1/miniconda3/envs/isaaclab/lib/python3.10/site-packages/isaacsim/extscache/omni.graph.visualization.nodes-2.1.1/omni/graph/visualization/nodes/ogn/nodes/OgnDrawScreenSpaceText.py, FileType.PYTHON)
[2026-08-18 21:00:08,212][ogn_registration][INFO] - Adding 4 files at version VersionProperties.GENERATOR = (1, 27, 1), VersionProperties.TARGET = (2, 103, 1)
[2026-08-18 21:00:08,212][ogn_registration][INFO] - add generated file(/home/loco1/miniconda3/envs/isaaclab/lib/python3.10/site-packages/isaacsim/extscache/omni.graph.visualization.nodes-2.1.1/omni/graph/visualization/nodes/ogn/OgnDrawLabelDatabase.py, FileType.PYTHON_DB)
[2026-08-18 21:00:08,212][ogn_registration][INFO] - add generated file(/home/loco1/miniconda3/envs/isaaclab/lib/python3.10/site-packages/isaacsim/extscache/omni.graph.visualization.nodes-2.1.1/omni/graph/visualization/nodes/ogn/tests/TestOgnDrawLabel.py, FileType.TEST)
[2026-08-18 21:00:08,212][ogn_registration][INFO] - add generated file(/home/loco1/miniconda3/envs/isaaclab/lib/python3.10/site-packages/isaacsim/extscache/omni.graph.visualization.nodes-2.1.1/omni/graph/visualization/nodes/ogn/tests/usd/OgnDrawLabelTemplate.usda, FileType.USD)
[2026-08-18 21:00:08,212][ogn_registration][INFO] - add user file(/home/loco1/miniconda3/envs/isaaclab/lib/python3.10/site-packages/isaacsim/extscache/omni.graph.visualization.nodes-2.1.1/omni/graph/visualization/nodes/ogn/nodes/OgnDrawLabel.py, FileType.PYTHON)
[2026-08-18 21:00:08,212][ogn_registration][INFO] - Adding 4 files at version VersionProperties.GENERATOR = (1, 27, 1), VersionProperties.TARGET = (2, 103, 1)
[2026-08-18 21:00:08,212][ogn_registration][INFO] - add generated file(/home/loco1/miniconda3/envs/isaaclab/lib/python3.10/site-packages/isaacsim/extscache/omni.graph.visualization.nodes-2.1.1/omni/graph/visualization/nodes/ogn/OgnDrawLineDatabase.py, FileType.PYTHON_DB)
[2026-08-18 21:00:08,212][ogn_registration][INFO] - add generated file(/home/loco1/miniconda3/envs/isaaclab/lib/python3.10/site-packages/isaacsim/extscache/omni.graph.visualization.nodes-2.1.1/omni/graph/visualization/nodes/ogn/tests/TestOgnDrawLine.py, FileType.TEST)
[2026-08-18 21:00:08,212][ogn_registration][INFO] - add generated file(/home/loco1/miniconda3/envs/isaaclab/lib/python3.10/site-packages/isaacsim/extscache/omni.graph.visualization.nodes-2.1.1/omni/graph/visualization/nodes/ogn/tests/usd/OgnDrawLineTemplate.usda, FileType.USD)
[2026-08-18 21:00:08,213][ogn_registration][INFO] - add user file(/home/loco1/miniconda3/envs/isaaclab/lib/python3.10/site-packages/isaacsim/extscache/omni.graph.visualization.nodes-2.1.1/omni/graph/visualization/nodes/ogn/nodes/OgnDrawLine.py, FileType.PYTHON)
[2026-08-18 21:00:08,213][ogn_registration][INFO] - Cache path /home/loco1/miniconda3/envs/isaaclab/lib/python3.10/site-packages/omni/cache/ogn_generated/1.79.1/omni.graph.visualization.nodes-2.1.1/omni.graph.visualization.nodes/ogn is not a directory
[2026-08-18 21:00:08,213][ogn_registration][INFO] - omni.graph.visualization.nodes: Time to scan the extension for node types = 0.004329
[2026-08-18 21:00:08,213][ogn_registration][INFO] - Ensuring node types in extension omni.graph.visualization.nodes are up to date
[2026-08-18 21:00:08,213][ogn_registration][INFO] - omni.graph.visualization.nodes: Time to update the out-of-date generated code = 0.000057
[2026-08-18 21:00:08,213][ogn_registration][INFO] - Attempting OGN 1.18 Python imports for omni.graph.visualization.nodes-2.1.1
[2026-08-18 21:00:08,213][ogn_registration][INFO] - Importing omni.graph.visualization.nodes.ogn and omni.graph.visualization.nodes.ogn.tests with tests
[2026-08-18 21:00:08,213][ogn_registration][INFO] - --- Finding module omni.graph.visualization.nodes.ogn in <module 'omni.graph.visualization.nodes' from '/home/loco1/miniconda3/envs/isaaclab/lib/python3.10/site-packages/isaacsim/extscache/omni.graph.visualization.nodes-2.1.1/omni/graph/visualization/nodes/__init__.py'> with submodule name ogn
[2026-08-18 21:00:08,213][ogn_registration][INFO] - --X module was not already imported
[2026-08-18 21:00:08,213][ogn_registration][INFO] - ... Trying to import omni.graph.visualization.nodes.ogn directly
[2026-08-18 21:00:08,213][ogn_registration][INFO] - --> Found the module at <module 'omni.graph.visualization.nodes.ogn' (<_frozen_importlib_external._NamespaceLoader object at 0x730815fbaa40>)>
[2026-08-18 21:00:08,213][ogn_registration][INFO] - -> Found .ogn module, looking for ogn.tests too
[2026-08-18 21:00:08,213][ogn_registration][INFO] - --- Finding module omni.graph.visualization.nodes.ogn.tests in <module 'omni.graph.visualization.nodes.ogn' (<_frozen_importlib_external._NamespaceLoader object at 0x730815fbaa40>)> with submodule name ogn.tests
[2026-08-18 21:00:08,213][ogn_registration][INFO] - --X module was not already imported
[2026-08-18 21:00:08,213][ogn_registration][INFO] - ... Trying to import omni.graph.visualization.nodes.ogn.tests directly
[2026-08-18 21:00:08,213][ogn_registration][INFO] - --> Found the module at <module 'omni.graph.visualization.nodes.ogn.tests' from '/home/loco1/miniconda3/envs/isaaclab/lib/python3.10/site-packages/isaacsim/extscache/omni.graph.visualization.nodes-2.1.1/omni/graph/visualization/nodes/ogn/tests/__init__.py'>
[2026-08-18 21:00:08,214][ogn_registration][INFO] - Importing module omni.graph.visualization.nodes.ogn.OgnDrawScreenSpaceTextDatabase from /home/loco1/miniconda3/envs/isaaclab/lib/python3.10/site-packages/isaacsim/extscache/omni.graph.visualization.nodes-2.1.1/omni/graph/visualization/nodes/ogn/OgnDrawScreenSpaceTextDatabase.py
[2026-08-18 21:00:08,214][ogn_registration][INFO] - ... created the module as <module 'omni.graph.visualization.nodes.ogn.OgnDrawScreenSpaceTextDatabase' from '/home/loco1/miniconda3/envs/isaaclab/lib/python3.10/site-packages/isaacsim/extscache/omni.graph.visualization.nodes-2.1.1/omni/graph/visualization/nodes/ogn/OgnDrawScreenSpaceTextDatabase.py'>
[2026-08-18 21:00:08,214][ogn_registration][INFO] - ...Import DB omni.graph.visualization.nodes.ogn.OgnDrawScreenSpaceTextDatabase into ['OgnDrawScreenSpaceTextDatabase', '__builtins__', '__cached__', '__doc__', '__file__', '__loader__', '__name__', '__package__', '__spec__', '_og', 'numpy', 'og', 'ogn', 'sys', 'traceback'] from /home/loco1/miniconda3/envs/isaaclab/lib/python3.10/site-packages/isaacsim/extscache/omni.graph.visualization.nodes-2.1.1/omni/graph/visualization/nodes/ogn/OgnDrawScreenSpaceTextDatabase.py
[2026-08-18 21:00:08,214][ogn_registration][INFO] - Importing module omni.graph.visualization.nodes.ogn.nodes.OgnDrawScreenSpaceText from /home/loco1/miniconda3/envs/isaaclab/lib/python3.10/site-packages/isaacsim/extscache/omni.graph.visualization.nodes-2.1.1/omni/graph/visualization/nodes/ogn/nodes/OgnDrawScreenSpaceText.py
[2026-08-18 21:00:08,215][ogn_registration][INFO] - ... created the module as <module 'omni.graph.visualization.nodes.ogn.nodes.OgnDrawScreenSpaceText' from '/home/loco1/miniconda3/envs/isaaclab/lib/python3.10/site-packages/isaacsim/extscache/omni.graph.visualization.nodes-2.1.1/omni/graph/visualization/nodes/ogn/nodes/OgnDrawScreenSpaceText.py'>
[2026-08-18 21:00:08,215][ogn_registration][INFO] - ...Import Node omni.graph.visualization.nodes.ogn.nodes.OgnDrawScreenSpaceText into <module 'omni.graph.visualization.nodes.ogn.nodes.OgnDrawScreenSpaceText' from '/home/loco1/miniconda3/envs/isaaclab/lib/python3.10/site-packages/isaacsim/extscache/omni.graph.visualization.nodes-2.1.1/omni/graph/visualization/nodes/ogn/nodes/OgnDrawScreenSpaceText.py'> from /home/loco1/miniconda3/envs/isaaclab/lib/python3.10/site-packages/isaacsim/extscache/omni.graph.visualization.nodes-2.1.1/omni/graph/visualization/nodes/ogn/nodes/OgnDrawScreenSpaceText.py
[2026-08-18 21:00:08,215][ogn_registration][INFO] - Importing module omni.graph.visualization.nodes.ogn.tests.TestOgnDrawScreenSpaceText from /home/loco1/miniconda3/envs/isaaclab/lib/python3.10/site-packages/isaacsim/extscache/omni.graph.visualization.nodes-2.1.1/omni/graph/visualization/nodes/ogn/tests/TestOgnDrawScreenSpaceText.py
[2026-08-18 21:00:08,215][ogn_registration][INFO] - ... created the module as <module 'omni.graph.visualization.nodes.ogn.tests.TestOgnDrawScreenSpaceText' from '/home/loco1/miniconda3/envs/isaaclab/lib/python3.10/site-packages/isaacsim/extscache/omni.graph.visualization.nodes-2.1.1/omni/graph/visualization/nodes/ogn/tests/TestOgnDrawScreenSpaceText.py'>
[2026-08-18 21:00:08,215][ogn_registration][INFO] - ...Imported test omni.graph.visualization.nodes.ogn.tests.TestOgnDrawScreenSpaceText into <module 'omni.graph.visualization.nodes.ogn.tests.TestOgnDrawScreenSpaceText' from '/home/loco1/miniconda3/envs/isaaclab/lib/python3.10/site-packages/isaacsim/extscache/omni.graph.visualization.nodes-2.1.1/omni/graph/visualization/nodes/ogn/tests/TestOgnDrawScreenSpaceText.py'> from /home/loco1/miniconda3/envs/isaaclab/lib/python3.10/site-packages/isaacsim/extscache/omni.graph.visualization.nodes-2.1.1/omni/graph/visualization/nodes/ogn/tests/TestOgnDrawScreenSpaceText.py
[2026-08-18 21:00:08,215][ogn_registration][INFO] - Importing module omni.graph.visualization.nodes.ogn.OgnDrawLabelDatabase from /home/loco1/miniconda3/envs/isaaclab/lib/python3.10/site-packages/isaacsim/extscache/omni.graph.visualization.nodes-2.1.1/omni/graph/visualization/nodes/ogn/OgnDrawLabelDatabase.py
[2026-08-18 21:00:08,215][ogn_registration][INFO] - ... created the module as <module 'omni.graph.visualization.nodes.ogn.OgnDrawLabelDatabase' from '/home/loco1/miniconda3/envs/isaaclab/lib/python3.10/site-packages/isaacsim/extscache/omni.graph.visualization.nodes-2.1.1/omni/graph/visualization/nodes/ogn/OgnDrawLabelDatabase.py'>
[2026-08-18 21:00:08,215][ogn_registration][INFO] - ...Import DB omni.graph.visualization.nodes.ogn.OgnDrawLabelDatabase into ['OgnDrawLabelDatabase', '__builtins__', '__cached__', '__doc__', '__file__', '__loader__', '__name__', '__package__', '__spec__', '_og', 'numpy', 'og', 'ogn', 'sys', 'traceback'] from /home/loco1/miniconda3/envs/isaaclab/lib/python3.10/site-packages/isaacsim/extscache/omni.graph.visualization.nodes-2.1.1/omni/graph/visualization/nodes/ogn/OgnDrawLabelDatabase.py
[2026-08-18 21:00:08,215][ogn_registration][INFO] - Importing module omni.graph.visualization.nodes.ogn.nodes.OgnDrawLabel from /home/loco1/miniconda3/envs/isaaclab/lib/python3.10/site-packages/isaacsim/extscache/omni.graph.visualization.nodes-2.1.1/omni/graph/visualization/nodes/ogn/nodes/OgnDrawLabel.py
[2026-08-18 21:00:08,216][ogn_registration][INFO] - ... created the module as <module 'omni.graph.visualization.nodes.ogn.nodes.OgnDrawLabel' from '/home/loco1/miniconda3/envs/isaaclab/lib/python3.10/site-packages/isaacsim/extscache/omni.graph.visualization.nodes-2.1.1/omni/graph/visualization/nodes/ogn/nodes/OgnDrawLabel.py'>
[2026-08-18 21:00:08,216][ogn_registration][INFO] - ...Import Node omni.graph.visualization.nodes.ogn.nodes.OgnDrawLabel into <module 'omni.graph.visualization.nodes.ogn.nodes.OgnDrawLabel' from '/home/loco1/miniconda3/envs/isaaclab/lib/python3.10/site-packages/isaacsim/extscache/omni.graph.visualization.nodes-2.1.1/omni/graph/visualization/nodes/ogn/nodes/OgnDrawLabel.py'> from /home/loco1/miniconda3/envs/isaaclab/lib/python3.10/site-packages/isaacsim/extscache/omni.graph.visualization.nodes-2.1.1/omni/graph/visualization/nodes/ogn/nodes/OgnDrawLabel.py
[2026-08-18 21:00:08,216][ogn_registration][INFO] - Importing module omni.graph.visualization.nodes.ogn.tests.TestOgnDrawLabel from /home/loco1/miniconda3/envs/isaaclab/lib/python3.10/site-packages/isaacsim/extscache/omni.graph.visualization.nodes-2.1.1/omni/graph/visualization/nodes/ogn/tests/TestOgnDrawLabel.py
[2026-08-18 21:00:08,216][ogn_registration][INFO] - ... created the module as <module 'omni.graph.visualization.nodes.ogn.tests.TestOgnDrawLabel' from '/home/loco1/miniconda3/envs/isaaclab/lib/python3.10/site-packages/isaacsim/extscache/omni.graph.visualization.nodes-2.1.1/omni/graph/visualization/nodes/ogn/tests/TestOgnDrawLabel.py'>
[2026-08-18 21:00:08,216][ogn_registration][INFO] - ...Imported test omni.graph.visualization.nodes.ogn.tests.TestOgnDrawLabel into <module 'omni.graph.visualization.nodes.ogn.tests.TestOgnDrawLabel' from '/home/loco1/miniconda3/envs/isaaclab/lib/python3.10/site-packages/isaacsim/extscache/omni.graph.visualization.nodes-2.1.1/omni/graph/visualization/nodes/ogn/tests/TestOgnDrawLabel.py'> from /home/loco1/miniconda3/envs/isaaclab/lib/python3.10/site-packages/isaacsim/extscache/omni.graph.visualization.nodes-2.1.1/omni/graph/visualization/nodes/ogn/tests/TestOgnDrawLabel.py
[2026-08-18 21:00:08,216][ogn_registration][INFO] - Importing module omni.graph.visualization.nodes.ogn.OgnDrawLineDatabase from /home/loco1/miniconda3/envs/isaaclab/lib/python3.10/site-packages/isaacsim/extscache/omni.graph.visualization.nodes-2.1.1/omni/graph/visualization/nodes/ogn/OgnDrawLineDatabase.py
[2026-08-18 21:00:08,216][ogn_registration][INFO] - ... created the module as <module 'omni.graph.visualization.nodes.ogn.OgnDrawLineDatabase' from '/home/loco1/miniconda3/envs/isaaclab/lib/python3.10/site-packages/isaacsim/extscache/omni.graph.visualization.nodes-2.1.1/omni/graph/visualization/nodes/ogn/OgnDrawLineDatabase.py'>
[2026-08-18 21:00:08,216][ogn_registration][INFO] - ...Import DB omni.graph.visualization.nodes.ogn.OgnDrawLineDatabase into ['OgnDrawLineDatabase', '__builtins__', '__cached__', '__doc__', '__file__', '__loader__', '__name__', '__package__', '__spec__', '_og', 'numpy', 'og', 'ogn', 'sys', 'traceback'] from /home/loco1/miniconda3/envs/isaaclab/lib/python3.10/site-packages/isaacsim/extscache/omni.graph.visualization.nodes-2.1.1/omni/graph/visualization/nodes/ogn/OgnDrawLineDatabase.py
[2026-08-18 21:00:08,216][ogn_registration][INFO] - Importing module omni.graph.visualization.nodes.ogn.nodes.OgnDrawLine from /home/loco1/miniconda3/envs/isaaclab/lib/python3.10/site-packages/isaacsim/extscache/omni.graph.visualization.nodes-2.1.1/omni/graph/visualization/nodes/ogn/nodes/OgnDrawLine.py
[2026-08-18 21:00:08,216][ogn_registration][INFO] - ... created the module as <module 'omni.graph.visualization.nodes.ogn.nodes.OgnDrawLine' from '/home/loco1/miniconda3/envs/isaaclab/lib/python3.10/site-packages/isaacsim/extscache/omni.graph.visualization.nodes-2.1.1/omni/graph/visualization/nodes/ogn/nodes/OgnDrawLine.py'>
[2026-08-18 21:00:08,216][ogn_registration][INFO] - ...Import Node omni.graph.visualization.nodes.ogn.nodes.OgnDrawLine into <module 'omni.graph.visualization.nodes.ogn.nodes.OgnDrawLine' from '/home/loco1/miniconda3/envs/isaaclab/lib/python3.10/site-packages/isaacsim/extscache/omni.graph.visualization.nodes-2.1.1/omni/graph/visualization/nodes/ogn/nodes/OgnDrawLine.py'> from /home/loco1/miniconda3/envs/isaaclab/lib/python3.10/site-packages/isaacsim/extscache/omni.graph.visualization.nodes-2.1.1/omni/graph/visualization/nodes/ogn/nodes/OgnDrawLine.py
[2026-08-18 21:00:08,217][ogn_registration][INFO] - Importing module omni.graph.visualization.nodes.ogn.tests.TestOgnDrawLine from /home/loco1/miniconda3/envs/isaaclab/lib/python3.10/site-packages/isaacsim/extscache/omni.graph.visualization.nodes-2.1.1/omni/graph/visualization/nodes/ogn/tests/TestOgnDrawLine.py
[2026-08-18 21:00:08,217][ogn_registration][INFO] - ... created the module as <module 'omni.graph.visualization.nodes.ogn.tests.TestOgnDrawLine' from '/home/loco1/miniconda3/envs/isaaclab/lib/python3.10/site-packages/isaacsim/extscache/omni.graph.visualization.nodes-2.1.1/omni/graph/visualization/nodes/ogn/tests/TestOgnDrawLine.py'>
[2026-08-18 21:00:08,217][ogn_registration][INFO] - ...Imported test omni.graph.visualization.nodes.ogn.tests.TestOgnDrawLine into <module 'omni.graph.visualization.nodes.ogn.tests.TestOgnDrawLine' from '/home/loco1/miniconda3/envs/isaaclab/lib/python3.10/site-packages/isaacsim/extscache/omni.graph.visualization.nodes-2.1.1/omni/graph/visualization/nodes/ogn/tests/TestOgnDrawLine.py'> from /home/loco1/miniconda3/envs/isaaclab/lib/python3.10/site-packages/isaacsim/extscache/omni.graph.visualization.nodes-2.1.1/omni/graph/visualization/nodes/ogn/tests/TestOgnDrawLine.py
[2026-08-18 21:00:08,217][ogn_registration][INFO] - omni.graph.visualization.nodes: Time to import the generated objects = 0.003992
[2026-08-18 21:00:08,217][ogn_registration][INFO] - Registering the nodes in omni.graph.visualization.nodes
[2026-08-18 21:00:08,217][ogn_registration][INFO] - -- node implementations {'OgnDrawScreenSpaceTextDatabase': <class 'omni.graph.visualization.nodes.ogn.nodes.OgnDrawScreenSpaceText.OgnDrawScreenSpaceText'>, 'OgnDrawLabelDatabase': <class 'omni.graph.visualization.nodes.ogn.nodes.OgnDrawLabel.OgnDrawLabel'>, 'OgnDrawLineDatabase': <class 'omni.graph.visualization.nodes.ogn.nodes.OgnDrawLine.OgnDrawLine'>}
[2026-08-18 21:00:08,217][ogn_registration][INFO] - Found the database class <class 'omni.graph.visualization.nodes.ogn.OgnDrawScreenSpaceTextDatabase.OgnDrawScreenSpaceTextDatabase'> with node module <class 'omni.graph.visualization.nodes.ogn.nodes.OgnDrawScreenSpaceText.OgnDrawScreenSpaceText'>
[2026-08-18 21:00:08,217][ogn_registration][INFO] - Registered okay, adding the deregister function <function OgnDrawScreenSpaceTextDatabase.deregister at 0x7306993feb00>
[2026-08-18 21:00:08,217][ogn_registration][INFO] - ...Registered through database OgnDrawScreenSpaceTextDatabase
[2026-08-18 21:00:08,217][ogn_registration][INFO] - Found the database class <class 'omni.graph.visualization.nodes.ogn.OgnDrawLabelDatabase.OgnDrawLabelDatabase'> with node module <class 'omni.graph.visualization.nodes.ogn.nodes.OgnDrawLabel.OgnDrawLabel'>
[2026-08-18 21:00:08,217][ogn_registration][INFO] - Registered okay, adding the deregister function <function OgnDrawLabelDatabase.deregister at 0x730698f30b80>
[2026-08-18 21:00:08,217][ogn_registration][INFO] - ...Registered through database OgnDrawLabelDatabase
[2026-08-18 21:00:08,217][ogn_registration][INFO] - Found the database class <class 'omni.graph.visualization.nodes.ogn.OgnDrawLineDatabase.OgnDrawLineDatabase'> with node module <class 'omni.graph.visualization.nodes.ogn.nodes.OgnDrawLine.OgnDrawLine'>
[2026-08-18 21:00:08,217][ogn_registration][INFO] - Registered okay, adding the deregister function <function OgnDrawLineDatabase.deregister at 0x730698f32200>
[2026-08-18 21:00:08,217][ogn_registration][INFO] - ...Registered through database OgnDrawLineDatabase
[2026-08-18 21:00:08,217][ogn_registration][INFO] - omni.graph.visualization.nodes: Time to register the generated objects = 0.000581
[2026-08-18 21:00:08,217][ogn_registration][INFO] - OGN register omni.graph.visualization.nodes-2.1.1 took 9150655.000000
[2026-08-18 21:00:08,219][ogn_registration][INFO] - Looking for Python nodes to register in omni.kit.ui_test-1.3.3
[2026-08-18 21:00:08,219][ogn_registration][INFO] -  -> Registered nodes from module omni.kit.ui_test at /home/loco1/miniconda3/envs/isaaclab/lib/python3.10/site-packages/isaacsim/extscache/omni.kit.ui_test-1.3.3+d02c707b
[2026-08-18 21:00:08,219][ogn_registration][INFO] - Registering nodes in /home/loco1/miniconda3/envs/isaaclab/lib/python3.10/site-packages/isaacsim/extscache/omni.kit.ui_test-1.3.3+d02c707b imported as omni.kit.ui_test with AutoNode config {}
[2026-08-18 21:00:08,219][ogn_registration][INFO] - Registering Python Node Types from omni.kit.ui_test at /home/loco1/miniconda3/envs/isaaclab/lib/python3.10/site-packages/isaacsim/extscache/omni.kit.ui_test-1.3.3+d02c707b in omni.kit.ui_test
[2026-08-18 21:00:08,219][ogn_registration][INFO] - ========================================================================================================================
[2026-08-18 21:00:08,219][ogn_registration][INFO] - No dependency on omni.graph, therefore no nodes to register in omni.kit.ui_test
[2026-08-18 21:00:08,219][ogn_registration][INFO] - ...None found, no registration to do
[2026-08-18 21:00:08,219][ogn_registration][INFO] - ...Skipping: No OmniGraph presence in the module omni.kit.ui_test - No nodes in this module, do not remember it
[2026-08-18 21:00:08,219][ogn_registration][INFO] - Destroying registration record for omni.kit.ui_test
[2026-08-18 21:00:08,219][ogn_registration][INFO] - OGN register omni.kit.ui_test-1.3.3 took 496029.000000
[2026-08-18 21:00:08,228][ogn_registration][INFO] - Looking for Python nodes to register in omni.kit.window.extensions-1.4.25
[2026-08-18 21:00:08,229][ogn_registration][INFO] -  -> Registered nodes from module omni.kit.window.extensions at /home/loco1/miniconda3/envs/isaaclab/lib/python3.10/site-packages/isaacsim/extscache/omni.kit.window.extensions-1.4.25+d02c707b
[2026-08-18 21:00:08,229][ogn_registration][INFO] - Registering nodes in /home/loco1/miniconda3/envs/isaaclab/lib/python3.10/site-packages/isaacsim/extscache/omni.kit.window.extensions-1.4.25+d02c707b imported as omni.kit.window.extensions with AutoNode config {}
[2026-08-18 21:00:08,229][ogn_registration][INFO] - Registering Python Node Types from omni.kit.window.extensions at /home/loco1/miniconda3/envs/isaaclab/lib/python3.10/site-packages/isaacsim/extscache/omni.kit.window.extensions-1.4.25+d02c707b in omni.kit.window.extensions
[2026-08-18 21:00:08,229][ogn_registration][INFO] - ========================================================================================================================
[2026-08-18 21:00:08,229][ogn_registration][INFO] - No dependency on omni.graph, therefore no nodes to register in omni.kit.window.extensions
[2026-08-18 21:00:08,229][ogn_registration][INFO] - ...None found, no registration to do
[2026-08-18 21:00:08,229][ogn_registration][INFO] - ...Skipping: No OmniGraph presence in the module omni.kit.window.extensions - No nodes in this module, do not remember it
[2026-08-18 21:00:08,229][ogn_registration][INFO] - Destroying registration record for omni.kit.window.extensions
[2026-08-18 21:00:08,229][ogn_registration][INFO] - OGN register omni.kit.window.extensions-1.4.25 took 560363.000000
[2026-08-18 21:00:08,230][ogn_registration][INFO] - Looking for Python nodes to register in omni.kit.widget.prompt-1.0.7
[2026-08-18 21:00:08,230][ogn_registration][INFO] -  -> Registered nodes from module omni.kit.widget.prompt at /home/loco1/miniconda3/envs/isaaclab/lib/python3.10/site-packages/isaacsim/extscache/omni.kit.widget.prompt-1.0.7+d02c707b
[2026-08-18 21:00:08,230][ogn_registration][INFO] - Registering nodes in /home/loco1/miniconda3/envs/isaaclab/lib/python3.10/site-packages/isaacsim/extscache/omni.kit.widget.prompt-1.0.7+d02c707b imported as omni.kit.widget.prompt with AutoNode config {}
[2026-08-18 21:00:08,230][ogn_registration][INFO] - Registering Python Node Types from omni.kit.widget.prompt at /home/loco1/miniconda3/envs/isaaclab/lib/python3.10/site-packages/isaacsim/extscache/omni.kit.widget.prompt-1.0.7+d02c707b in omni.kit.widget.prompt
[2026-08-18 21:00:08,230][ogn_registration][INFO] - ========================================================================================================================
[2026-08-18 21:00:08,230][ogn_registration][INFO] - No dependency on omni.graph, therefore no nodes to register in omni.kit.widget.prompt
[2026-08-18 21:00:08,230][ogn_registration][INFO] - ...None found, no registration to do
[2026-08-18 21:00:08,230][ogn_registration][INFO] - ...Skipping: No OmniGraph presence in the module omni.kit.widget.prompt - No nodes in this module, do not remember it
[2026-08-18 21:00:08,230][ogn_registration][INFO] - Destroying registration record for omni.kit.widget.prompt
[2026-08-18 21:00:08,230][ogn_registration][INFO] - OGN register omni.kit.widget.prompt-1.0.7 took 474469.000000
[2026-08-18 21:00:08,233][ogn_registration][INFO] - Looking for Python nodes to register in isaacsim.gui.components-1.0.9
[2026-08-18 21:00:08,233][ogn_registration][INFO] -  -> Registered nodes from module isaacsim.gui.components at /home/loco1/miniconda3/envs/isaaclab/lib/python3.10/site-packages/isaacsim/exts/isaacsim.gui.components
[2026-08-18 21:00:08,233][ogn_registration][INFO] - Registering nodes in /home/loco1/miniconda3/envs/isaaclab/lib/python3.10/site-packages/isaacsim/exts/isaacsim.gui.components imported as isaacsim.gui.components with AutoNode config {}
[2026-08-18 21:00:08,233][ogn_registration][INFO] - Registering Python Node Types from isaacsim.gui.components at /home/loco1/miniconda3/envs/isaaclab/lib/python3.10/site-packages/isaacsim/exts/isaacsim.gui.components in isaacsim.gui.components
[2026-08-18 21:00:08,233][ogn_registration][INFO] - ========================================================================================================================
[2026-08-18 21:00:08,234][ogn_registration][INFO] - Finding OmniGraph extension content manager for isaacsim.gui.components-1.0.9 in module isaacsim.gui.components at /home/loco1/miniconda3/envs/isaaclab/lib/python3.10/site-packages/isaacsim/exts/isaacsim.gui.components
[2026-08-18 21:00:08,234][ogn_registration][INFO] - -> New generated folder /home/loco1/miniconda3/envs/isaaclab/lib/python3.10/site-packages/isaacsim/exts/isaacsim.gui.components/ogn/isaacsim.gui.components is not a directory
[2026-08-18 21:00:08,234][ogn_registration][INFO] - -> Old ogn/ folder /home/loco1/miniconda3/envs/isaaclab/lib/python3.10/site-packages/isaacsim/exts/isaacsim.gui.components/isaacsim/gui/components/ogn is not a directory
[2026-08-18 21:00:08,234][ogn_registration][INFO] - _walk_with_excludes(start=/home/loco1/miniconda3/envs/isaaclab/lib/python3.10/site-packages/isaacsim/exts/isaacsim.gui.components/isaacsim/gui/components, exclude=['__pycache__'])
[2026-08-18 21:00:08,234][ogn_registration][INFO] -    ... walked /home/loco1/miniconda3/envs/isaaclab/lib/python3.10/site-packages/isaacsim/exts/isaacsim.gui.components/isaacsim/gui/components, ['tests', 'element_wrappers'], ['__init__.py', 'callbacks.py', 'ui_utils.py', 'print_to_screen.py', 'menu.py', 'style.py', 'widgets.py', 'dpad.py']
[2026-08-18 21:00:08,234][ogn_registration][INFO] -    ... walked /home/loco1/miniconda3/envs/isaaclab/lib/python3.10/site-packages/isaacsim/exts/isaacsim.gui.components/isaacsim/gui/components/tests, [], ['__init__.py', 'test_ui.py', 'test_screen_printer.py', 'test_ui_widget_wrappers.py']
[2026-08-18 21:00:08,234][ogn_registration][INFO] -    ... walked /home/loco1/miniconda3/envs/isaaclab/lib/python3.10/site-packages/isaacsim/exts/isaacsim.gui.components/isaacsim/gui/components/element_wrappers, [], ['__init__.py', 'ui_widget_wrappers.py', 'base_ui_element_wrappers.py']
[2026-08-18 21:00:08,234][ogn_registration][INFO] - -> Extension contents not recognized as containing OmniGraph Python information
[2026-08-18 21:00:08,234][ogn_registration][INFO] - ...None found, no registration to do
[2026-08-18 21:00:08,234][ogn_registration][INFO] - ...Skipping: No OmniGraph presence in the module isaacsim.gui.components - No nodes in this module, do not remember it
[2026-08-18 21:00:08,235][ogn_registration][INFO] - Destroying registration record for isaacsim.gui.components
[2026-08-18 21:00:08,235][ogn_registration][INFO] -  -> Registered nodes from module isaacsim.gui.components.tests at /home/loco1/miniconda3/envs/isaaclab/lib/python3.10/site-packages/isaacsim/exts/isaacsim.gui.components
[2026-08-18 21:00:08,235][ogn_registration][INFO] - Registering nodes in /home/loco1/miniconda3/envs/isaaclab/lib/python3.10/site-packages/isaacsim/exts/isaacsim.gui.components imported as isaacsim.gui.components.tests with AutoNode config {}
[2026-08-18 21:00:08,235][ogn_registration][INFO] - Registering Python Node Types from isaacsim.gui.components.tests at /home/loco1/miniconda3/envs/isaaclab/lib/python3.10/site-packages/isaacsim/exts/isaacsim.gui.components in isaacsim.gui.components
[2026-08-18 21:00:08,235][ogn_registration][INFO] - ========================================================================================================================
[2026-08-18 21:00:08,235][ogn_registration][INFO] - Finding OmniGraph extension content manager for isaacsim.gui.components-1.0.9 in module isaacsim.gui.components.tests at /home/loco1/miniconda3/envs/isaaclab/lib/python3.10/site-packages/isaacsim/exts/isaacsim.gui.components
[2026-08-18 21:00:08,235][ogn_registration][INFO] - -> New generated folder /home/loco1/miniconda3/envs/isaaclab/lib/python3.10/site-packages/isaacsim/exts/isaacsim.gui.components/ogn/isaacsim.gui.components.tests is not a directory
[2026-08-18 21:00:08,235][ogn_registration][INFO] - -> Old ogn/ folder /home/loco1/miniconda3/envs/isaaclab/lib/python3.10/site-packages/isaacsim/exts/isaacsim.gui.components/isaacsim/gui/components/tests/ogn is not a directory
[2026-08-18 21:00:08,235][ogn_registration][INFO] - _walk_with_excludes(start=/home/loco1/miniconda3/envs/isaaclab/lib/python3.10/site-packages/isaacsim/exts/isaacsim.gui.components/isaacsim/gui/components/tests, exclude=['__pycache__'])
[2026-08-18 21:00:08,235][ogn_registration][INFO] -    ... walked /home/loco1/miniconda3/envs/isaaclab/lib/python3.10/site-packages/isaacsim/exts/isaacsim.gui.components/isaacsim/gui/components/tests, [], ['__init__.py', 'test_ui.py', 'test_screen_printer.py', 'test_ui_widget_wrappers.py']
[2026-08-18 21:00:08,235][ogn_registration][INFO] - -> Extension contents not recognized as containing OmniGraph Python information
[2026-08-18 21:00:08,235][ogn_registration][INFO] - ...None found, no registration to do
[2026-08-18 21:00:08,235][ogn_registration][INFO] - ...Skipping: No OmniGraph presence in the module isaacsim.gui.components.tests - No nodes in this module, do not remember it
[2026-08-18 21:00:08,235][ogn_registration][INFO] - Destroying registration record for isaacsim.gui.components
[2026-08-18 21:00:08,236][ogn_registration][INFO] - OGN register isaacsim.gui.components-1.0.9 took 2353929.000000
[2026-08-18 21:00:08,244][ogn_registration][INFO] - Looking for Python nodes to register in omni.kit.tool.asset_importer-2.12.2
[2026-08-18 21:00:08,244][ogn_registration][INFO] -  -> Registered nodes from module omni.kit.tool.asset_importer at /home/loco1/miniconda3/envs/isaaclab/lib/python3.10/site-packages/isaacsim/extscache/omni.kit.tool.asset_importer-2.12.2+106.5.0
[2026-08-18 21:00:08,244][ogn_registration][INFO] - Registering nodes in /home/loco1/miniconda3/envs/isaaclab/lib/python3.10/site-packages/isaacsim/extscache/omni.kit.tool.asset_importer-2.12.2+106.5.0 imported as omni.kit.tool.asset_importer with AutoNode config {}
[2026-08-18 21:00:08,244][ogn_registration][INFO] - Registering Python Node Types from omni.kit.tool.asset_importer at /home/loco1/miniconda3/envs/isaaclab/lib/python3.10/site-packages/isaacsim/extscache/omni.kit.tool.asset_importer-2.12.2+106.5.0 in omni.kit.tool.asset_importer
[2026-08-18 21:00:08,244][ogn_registration][INFO] - ========================================================================================================================
[2026-08-18 21:00:08,244][ogn_registration][INFO] - No dependency on omni.graph, therefore no nodes to register in omni.kit.tool.asset_importer
[2026-08-18 21:00:08,244][ogn_registration][INFO] - ...None found, no registration to do
[2026-08-18 21:00:08,244][ogn_registration][INFO] - ...Skipping: No OmniGraph presence in the module omni.kit.tool.asset_importer - No nodes in this module, do not remember it
[2026-08-18 21:00:08,244][ogn_registration][INFO] - Destroying registration record for omni.kit.tool.asset_importer
[2026-08-18 21:00:08,244][ogn_registration][INFO] - OGN register omni.kit.tool.asset_importer-2.12.2 took 694971.000000
[2026-08-18 21:00:08,267][ogn_registration][INFO] - Looking for Python nodes to register in isaacsim.asset.importer.urdf-2.3.10
[2026-08-18 21:00:08,267][ogn_registration][INFO] -  -> Registered nodes from module isaacsim.asset.importer.urdf at /home/loco1/miniconda3/envs/isaaclab/lib/python3.10/site-packages/isaacsim/extscache/isaacsim.asset.importer.urdf-2.3.10+106.4.0.lx64.r.cp310
[2026-08-18 21:00:08,267][ogn_registration][INFO] - Registering nodes in /home/loco1/miniconda3/envs/isaaclab/lib/python3.10/site-packages/isaacsim/extscache/isaacsim.asset.importer.urdf-2.3.10+106.4.0.lx64.r.cp310 imported as isaacsim.asset.importer.urdf with AutoNode config {}
[2026-08-18 21:00:08,267][ogn_registration][INFO] - Registering Python Node Types from isaacsim.asset.importer.urdf at /home/loco1/miniconda3/envs/isaaclab/lib/python3.10/site-packages/isaacsim/extscache/isaacsim.asset.importer.urdf-2.3.10+106.4.0.lx64.r.cp310 in isaacsim.asset.importer.urdf
[2026-08-18 21:00:08,267][ogn_registration][INFO] - ========================================================================================================================
[2026-08-18 21:00:08,268][ogn_registration][INFO] - Finding OmniGraph extension content manager for isaacsim.asset.importer.urdf-2.3.10 in module isaacsim.asset.importer.urdf at /home/loco1/miniconda3/envs/isaaclab/lib/python3.10/site-packages/isaacsim/extscache/isaacsim.asset.importer.urdf-2.3.10+106.4.0.lx64.r.cp310
[2026-08-18 21:00:08,268][ogn_registration][INFO] - -> New generated folder /home/loco1/miniconda3/envs/isaaclab/lib/python3.10/site-packages/isaacsim/extscache/isaacsim.asset.importer.urdf-2.3.10+106.4.0.lx64.r.cp310/ogn/isaacsim.asset.importer.urdf is not a directory
[2026-08-18 21:00:08,268][ogn_registration][INFO] - -> Old ogn/ folder /home/loco1/miniconda3/envs/isaaclab/lib/python3.10/site-packages/isaacsim/extscache/isaacsim.asset.importer.urdf-2.3.10+106.4.0.lx64.r.cp310/isaacsim/asset/importer/urdf/ogn is not a directory
[2026-08-18 21:00:08,268][ogn_registration][INFO] - _walk_with_excludes(start=/home/loco1/miniconda3/envs/isaaclab/lib/python3.10/site-packages/isaacsim/extscache/isaacsim.asset.importer.urdf-2.3.10+106.4.0.lx64.r.cp310/isaacsim/asset/importer/urdf, exclude=['__pycache__'])
[2026-08-18 21:00:08,268][ogn_registration][INFO] -    ... walked /home/loco1/miniconda3/envs/isaaclab/lib/python3.10/site-packages/isaacsim/extscache/isaacsim.asset.importer.urdf-2.3.10+106.4.0.lx64.r.cp310/isaacsim/asset/importer/urdf, ['tests', 'scripts'], ['_urdf.cpython-310-x86_64-linux-gnu.so', '__init__.py']
[2026-08-18 21:00:08,268][ogn_registration][INFO] -    ... walked /home/loco1/miniconda3/envs/isaaclab/lib/python3.10/site-packages/isaacsim/extscache/isaacsim.asset.importer.urdf-2.3.10+106.4.0.lx64.r.cp310/isaacsim/asset/importer/urdf/tests, [], ['__init__.py', 'test_urdf.py']
[2026-08-18 21:00:08,268][ogn_registration][INFO] -    ... walked /home/loco1/miniconda3/envs/isaaclab/lib/python3.10/site-packages/isaacsim/extscache/isaacsim.asset.importer.urdf-2.3.10+106.4.0.lx64.r.cp310/isaacsim/asset/importer/urdf/scripts, ['samples', 'ui'], ['commands.py', '__init__.py', 'extension.py']
[2026-08-18 21:00:08,268][ogn_registration][INFO] -    ... walked /home/loco1/miniconda3/envs/isaaclab/lib/python3.10/site-packages/isaacsim/extscache/isaacsim.asset.importer.urdf-2.3.10+106.4.0.lx64.r.cp310/isaacsim/asset/importer/urdf/scripts/samples, [], ['import_ur10.py', 'import_kaya.py', 'common.py', 'import_carter.py', 'import_franka.py']
[2026-08-18 21:00:08,268][ogn_registration][INFO] -    ... walked /home/loco1/miniconda3/envs/isaaclab/lib/python3.10/site-packages/isaacsim/extscache/isaacsim.asset.importer.urdf-2.3.10+106.4.0.lx64.r.cp310/isaacsim/asset/importer/urdf/scripts/ui, [], ['__init__.py', 'ui_utils.py', 'UrdfJointWidgetWithID.py', 'menu.py', 'style.py', 'UrdfLinkWidget.py', 'resetable_widget.py', 'UrdfOptionWidget.py']
[2026-08-18 21:00:08,269][ogn_registration][INFO] - -> Extension contents not recognized as containing OmniGraph Python information
[2026-08-18 21:00:08,269][ogn_registration][INFO] - ...None found, no registration to do
[2026-08-18 21:00:08,269][ogn_registration][INFO] - ...Skipping: No OmniGraph presence in the module isaacsim.asset.importer.urdf - No nodes in this module, do not remember it
[2026-08-18 21:00:08,269][ogn_registration][INFO] - Destroying registration record for isaacsim.asset.importer.urdf
[2026-08-18 21:00:08,269][ogn_registration][INFO] -  -> Registered nodes from module isaacsim.asset.importer.urdf.tests at /home/loco1/miniconda3/envs/isaaclab/lib/python3.10/site-packages/isaacsim/extscache/isaacsim.asset.importer.urdf-2.3.10+106.4.0.lx64.r.cp310
[2026-08-18 21:00:08,269][ogn_registration][INFO] - Registering nodes in /home/loco1/miniconda3/envs/isaaclab/lib/python3.10/site-packages/isaacsim/extscache/isaacsim.asset.importer.urdf-2.3.10+106.4.0.lx64.r.cp310 imported as isaacsim.asset.importer.urdf.tests with AutoNode config {}
[2026-08-18 21:00:08,269][ogn_registration][INFO] - Registering Python Node Types from isaacsim.asset.importer.urdf.tests at /home/loco1/miniconda3/envs/isaaclab/lib/python3.10/site-packages/isaacsim/extscache/isaacsim.asset.importer.urdf-2.3.10+106.4.0.lx64.r.cp310 in isaacsim.asset.importer.urdf
[2026-08-18 21:00:08,269][ogn_registration][INFO] - ========================================================================================================================
[2026-08-18 21:00:08,269][ogn_registration][INFO] - Finding OmniGraph extension content manager for isaacsim.asset.importer.urdf-2.3.10 in module isaacsim.asset.importer.urdf.tests at /home/loco1/miniconda3/envs/isaaclab/lib/python3.10/site-packages/isaacsim/extscache/isaacsim.asset.importer.urdf-2.3.10+106.4.0.lx64.r.cp310
[2026-08-18 21:00:08,269][ogn_registration][INFO] - -> New generated folder /home/loco1/miniconda3/envs/isaaclab/lib/python3.10/site-packages/isaacsim/extscache/isaacsim.asset.importer.urdf-2.3.10+106.4.0.lx64.r.cp310/ogn/isaacsim.asset.importer.urdf.tests is not a directory
[2026-08-18 21:00:08,270][ogn_registration][INFO] - -> Old ogn/ folder /home/loco1/miniconda3/envs/isaaclab/lib/python3.10/site-packages/isaacsim/extscache/isaacsim.asset.importer.urdf-2.3.10+106.4.0.lx64.r.cp310/isaacsim/asset/importer/urdf/tests/ogn is not a directory
[2026-08-18 21:00:08,270][ogn_registration][INFO] - _walk_with_excludes(start=/home/loco1/miniconda3/envs/isaaclab/lib/python3.10/site-packages/isaacsim/extscache/isaacsim.asset.importer.urdf-2.3.10+106.4.0.lx64.r.cp310/isaacsim/asset/importer/urdf/tests, exclude=['__pycache__'])
[2026-08-18 21:00:08,270][ogn_registration][INFO] -    ... walked /home/loco1/miniconda3/envs/isaaclab/lib/python3.10/site-packages/isaacsim/extscache/isaacsim.asset.importer.urdf-2.3.10+106.4.0.lx64.r.cp310/isaacsim/asset/importer/urdf/tests, [], ['__init__.py', 'test_urdf.py']
[2026-08-18 21:00:08,270][ogn_registration][INFO] - -> Extension contents not recognized as containing OmniGraph Python information
[2026-08-18 21:00:08,270][ogn_registration][INFO] - ...None found, no registration to do
[2026-08-18 21:00:08,270][ogn_registration][INFO] - ...Skipping: No OmniGraph presence in the module isaacsim.asset.importer.urdf.tests - No nodes in this module, do not remember it
[2026-08-18 21:00:08,270][ogn_registration][INFO] - Destroying registration record for isaacsim.asset.importer.urdf
[2026-08-18 21:00:08,270][ogn_registration][INFO] -  -> Registered nodes from module isaacsim.asset.importer.urdf.scripts.ui at /home/loco1/miniconda3/envs/isaaclab/lib/python3.10/site-packages/isaacsim/extscache/isaacsim.asset.importer.urdf-2.3.10+106.4.0.lx64.r.cp310
[2026-08-18 21:00:08,270][ogn_registration][INFO] - Registering nodes in /home/loco1/miniconda3/envs/isaaclab/lib/python3.10/site-packages/isaacsim/extscache/isaacsim.asset.importer.urdf-2.3.10+106.4.0.lx64.r.cp310 imported as isaacsim.asset.importer.urdf.scripts.ui with AutoNode config {}
[2026-08-18 21:00:08,270][ogn_registration][INFO] - Registering Python Node Types from isaacsim.asset.importer.urdf.scripts.ui at /home/loco1/miniconda3/envs/isaaclab/lib/python3.10/site-packages/isaacsim/extscache/isaacsim.asset.importer.urdf-2.3.10+106.4.0.lx64.r.cp310 in isaacsim.asset.importer.urdf
[2026-08-18 21:00:08,270][ogn_registration][INFO] - ========================================================================================================================
[2026-08-18 21:00:08,270][ogn_registration][INFO] - Finding OmniGraph extension content manager for isaacsim.asset.importer.urdf-2.3.10 in module isaacsim.asset.importer.urdf.scripts.ui at /home/loco1/miniconda3/envs/isaaclab/lib/python3.10/site-packages/isaacsim/extscache/isaacsim.asset.importer.urdf-2.3.10+106.4.0.lx64.r.cp310
[2026-08-18 21:00:08,271][ogn_registration][INFO] - -> New generated folder /home/loco1/miniconda3/envs/isaaclab/lib/python3.10/site-packages/isaacsim/extscache/isaacsim.asset.importer.urdf-2.3.10+106.4.0.lx64.r.cp310/ogn/isaacsim.asset.importer.urdf.scripts.ui is not a directory
[2026-08-18 21:00:08,271][ogn_registration][INFO] - -> Old ogn/ folder /home/loco1/miniconda3/envs/isaaclab/lib/python3.10/site-packages/isaacsim/extscache/isaacsim.asset.importer.urdf-2.3.10+106.4.0.lx64.r.cp310/isaacsim/asset/importer/urdf/scripts/ui/ogn is not a directory
[2026-08-18 21:00:08,271][ogn_registration][INFO] - _walk_with_excludes(start=/home/loco1/miniconda3/envs/isaaclab/lib/python3.10/site-packages/isaacsim/extscache/isaacsim.asset.importer.urdf-2.3.10+106.4.0.lx64.r.cp310/isaacsim/asset/importer/urdf/scripts/ui, exclude=['__pycache__'])
[2026-08-18 21:00:08,271][ogn_registration][INFO] -    ... walked /home/loco1/miniconda3/envs/isaaclab/lib/python3.10/site-packages/isaacsim/extscache/isaacsim.asset.importer.urdf-2.3.10+106.4.0.lx64.r.cp310/isaacsim/asset/importer/urdf/scripts/ui, [], ['__init__.py', 'ui_utils.py', 'UrdfJointWidgetWithID.py', 'menu.py', 'style.py', 'UrdfLinkWidget.py', 'resetable_widget.py', 'UrdfOptionWidget.py']
[2026-08-18 21:00:08,271][ogn_registration][INFO] - -> Extension contents not recognized as containing OmniGraph Python information
[2026-08-18 21:00:08,271][ogn_registration][INFO] - ...None found, no registration to do
[2026-08-18 21:00:08,271][ogn_registration][INFO] - ...Skipping: No OmniGraph presence in the module isaacsim.asset.importer.urdf.scripts.ui - No nodes in this module, do not remember it
[2026-08-18 21:00:08,271][ogn_registration][INFO] - Destroying registration record for isaacsim.asset.importer.urdf
[2026-08-18 21:00:08,271][ogn_registration][INFO] -  -> Registered nodes from module isaacsim.asset.importer.urdf.scripts.samples.import_carter at /home/loco1/miniconda3/envs/isaaclab/lib/python3.10/site-packages/isaacsim/extscache/isaacsim.asset.importer.urdf-2.3.10+106.4.0.lx64.r.cp310
[2026-08-18 21:00:08,271][ogn_registration][INFO] - Registering nodes in /home/loco1/miniconda3/envs/isaaclab/lib/python3.10/site-packages/isaacsim/extscache/isaacsim.asset.importer.urdf-2.3.10+106.4.0.lx64.r.cp310 imported as isaacsim.asset.importer.urdf.scripts.samples.import_carter with AutoNode config {}
[2026-08-18 21:00:08,271][ogn_registration][INFO] - Registering Python Node Types from isaacsim.asset.importer.urdf.scripts.samples.import_carter at /home/loco1/miniconda3/envs/isaaclab/lib/python3.10/site-packages/isaacsim/extscache/isaacsim.asset.importer.urdf-2.3.10+106.4.0.lx64.r.cp310 in isaacsim.asset.importer.urdf
[2026-08-18 21:00:08,271][ogn_registration][INFO] - ========================================================================================================================
[2026-08-18 21:00:08,272][ogn_registration][INFO] - Finding OmniGraph extension content manager for isaacsim.asset.importer.urdf-2.3.10 in module isaacsim.asset.importer.urdf.scripts.samples.import_carter at /home/loco1/miniconda3/envs/isaaclab/lib/python3.10/site-packages/isaacsim/extscache/isaacsim.asset.importer.urdf-2.3.10+106.4.0.lx64.r.cp310
[2026-08-18 21:00:08,272][ogn_registration][INFO] - -> New generated folder /home/loco1/miniconda3/envs/isaaclab/lib/python3.10/site-packages/isaacsim/extscache/isaacsim.asset.importer.urdf-2.3.10+106.4.0.lx64.r.cp310/ogn/isaacsim.asset.importer.urdf.scripts.samples.import_carter is not a directory
[2026-08-18 21:00:08,272][ogn_registration][INFO] - -> Old ogn/ folder /home/loco1/miniconda3/envs/isaaclab/lib/python3.10/site-packages/isaacsim/extscache/isaacsim.asset.importer.urdf-2.3.10+106.4.0.lx64.r.cp310/isaacsim/asset/importer/urdf/scripts/samples/import_carter/ogn is not a directory
[2026-08-18 21:00:08,272][ogn_registration][INFO] - _walk_with_excludes(start=/home/loco1/miniconda3/envs/isaaclab/lib/python3.10/site-packages/isaacsim/extscache/isaacsim.asset.importer.urdf-2.3.10+106.4.0.lx64.r.cp310/isaacsim/asset/importer/urdf/scripts/samples/import_carter, exclude=['__pycache__'])
[2026-08-18 21:00:08,272][ogn_registration][INFO] - -> Extension contents not recognized as containing OmniGraph Python information
[2026-08-18 21:00:08,272][ogn_registration][INFO] - ...None found, no registration to do
[2026-08-18 21:00:08,272][ogn_registration][INFO] - ...Skipping: No OmniGraph presence in the module isaacsim.asset.importer.urdf.scripts.samples.import_carter - No nodes in this module, do not remember it
[2026-08-18 21:00:08,272][ogn_registration][INFO] - Destroying registration record for isaacsim.asset.importer.urdf
[2026-08-18 21:00:08,272][ogn_registration][INFO] -  -> Registered nodes from module isaacsim.asset.importer.urdf.scripts.samples.import_franka at /home/loco1/miniconda3/envs/isaaclab/lib/python3.10/site-packages/isaacsim/extscache/isaacsim.asset.importer.urdf-2.3.10+106.4.0.lx64.r.cp310
[2026-08-18 21:00:08,272][ogn_registration][INFO] - Registering nodes in /home/loco1/miniconda3/envs/isaaclab/lib/python3.10/site-packages/isaacsim/extscache/isaacsim.asset.importer.urdf-2.3.10+106.4.0.lx64.r.cp310 imported as isaacsim.asset.importer.urdf.scripts.samples.import_franka with AutoNode config {}
[2026-08-18 21:00:08,272][ogn_registration][INFO] - Registering Python Node Types from isaacsim.asset.importer.urdf.scripts.samples.import_franka at /home/loco1/miniconda3/envs/isaaclab/lib/python3.10/site-packages/isaacsim/extscache/isaacsim.asset.importer.urdf-2.3.10+106.4.0.lx64.r.cp310 in isaacsim.asset.importer.urdf
[2026-08-18 21:00:08,272][ogn_registration][INFO] - ========================================================================================================================
[2026-08-18 21:00:08,272][ogn_registration][INFO] - Finding OmniGraph extension content manager for isaacsim.asset.importer.urdf-2.3.10 in module isaacsim.asset.importer.urdf.scripts.samples.import_franka at /home/loco1/miniconda3/envs/isaaclab/lib/python3.10/site-packages/isaacsim/extscache/isaacsim.asset.importer.urdf-2.3.10+106.4.0.lx64.r.cp310
[2026-08-18 21:00:08,273][ogn_registration][INFO] - -> New generated folder /home/loco1/miniconda3/envs/isaaclab/lib/python3.10/site-packages/isaacsim/extscache/isaacsim.asset.importer.urdf-2.3.10+106.4.0.lx64.r.cp310/ogn/isaacsim.asset.importer.urdf.scripts.samples.import_franka is not a directory
[2026-08-18 21:00:08,273][ogn_registration][INFO] - -> Old ogn/ folder /home/loco1/miniconda3/envs/isaaclab/lib/python3.10/site-packages/isaacsim/extscache/isaacsim.asset.importer.urdf-2.3.10+106.4.0.lx64.r.cp310/isaacsim/asset/importer/urdf/scripts/samples/import_franka/ogn is not a directory
[2026-08-18 21:00:08,273][ogn_registration][INFO] - _walk_with_excludes(start=/home/loco1/miniconda3/envs/isaaclab/lib/python3.10/site-packages/isaacsim/extscache/isaacsim.asset.importer.urdf-2.3.10+106.4.0.lx64.r.cp310/isaacsim/asset/importer/urdf/scripts/samples/import_franka, exclude=['__pycache__'])
[2026-08-18 21:00:08,273][ogn_registration][INFO] - -> Extension contents not recognized as containing OmniGraph Python information
[2026-08-18 21:00:08,273][ogn_registration][INFO] - ...None found, no registration to do
[2026-08-18 21:00:08,273][ogn_registration][INFO] - ...Skipping: No OmniGraph presence in the module isaacsim.asset.importer.urdf.scripts.samples.import_franka - No nodes in this module, do not remember it
[2026-08-18 21:00:08,273][ogn_registration][INFO] - Destroying registration record for isaacsim.asset.importer.urdf
[2026-08-18 21:00:08,273][ogn_registration][INFO] -  -> Registered nodes from module isaacsim.asset.importer.urdf.scripts.samples.import_kaya at /home/loco1/miniconda3/envs/isaaclab/lib/python3.10/site-packages/isaacsim/extscache/isaacsim.asset.importer.urdf-2.3.10+106.4.0.lx64.r.cp310
[2026-08-18 21:00:08,273][ogn_registration][INFO] - Registering nodes in /home/loco1/miniconda3/envs/isaaclab/lib/python3.10/site-packages/isaacsim/extscache/isaacsim.asset.importer.urdf-2.3.10+106.4.0.lx64.r.cp310 imported as isaacsim.asset.importer.urdf.scripts.samples.import_kaya with AutoNode config {}
[2026-08-18 21:00:08,273][ogn_registration][INFO] - Registering Python Node Types from isaacsim.asset.importer.urdf.scripts.samples.import_kaya at /home/loco1/miniconda3/envs/isaaclab/lib/python3.10/site-packages/isaacsim/extscache/isaacsim.asset.importer.urdf-2.3.10+106.4.0.lx64.r.cp310 in isaacsim.asset.importer.urdf
[2026-08-18 21:00:08,273][ogn_registration][INFO] - ========================================================================================================================
[2026-08-18 21:00:08,273][ogn_registration][INFO] - Finding OmniGraph extension content manager for isaacsim.asset.importer.urdf-2.3.10 in module isaacsim.asset.importer.urdf.scripts.samples.import_kaya at /home/loco1/miniconda3/envs/isaaclab/lib/python3.10/site-packages/isaacsim/extscache/isaacsim.asset.importer.urdf-2.3.10+106.4.0.lx64.r.cp310
[2026-08-18 21:00:08,273][ogn_registration][INFO] - -> New generated folder /home/loco1/miniconda3/envs/isaaclab/lib/python3.10/site-packages/isaacsim/extscache/isaacsim.asset.importer.urdf-2.3.10+106.4.0.lx64.r.cp310/ogn/isaacsim.asset.importer.urdf.scripts.samples.import_kaya is not a directory
[2026-08-18 21:00:08,273][ogn_registration][INFO] - -> Old ogn/ folder /home/loco1/miniconda3/envs/isaaclab/lib/python3.10/site-packages/isaacsim/extscache/isaacsim.asset.importer.urdf-2.3.10+106.4.0.lx64.r.cp310/isaacsim/asset/importer/urdf/scripts/samples/import_kaya/ogn is not a directory
[2026-08-18 21:00:08,274][ogn_registration][INFO] - _walk_with_excludes(start=/home/loco1/miniconda3/envs/isaaclab/lib/python3.10/site-packages/isaacsim/extscache/isaacsim.asset.importer.urdf-2.3.10+106.4.0.lx64.r.cp310/isaacsim/asset/importer/urdf/scripts/samples/import_kaya, exclude=['__pycache__'])
[2026-08-18 21:00:08,274][ogn_registration][INFO] - -> Extension contents not recognized as containing OmniGraph Python information
[2026-08-18 21:00:08,274][ogn_registration][INFO] - ...None found, no registration to do
[2026-08-18 21:00:08,274][ogn_registration][INFO] - ...Skipping: No OmniGraph presence in the module isaacsim.asset.importer.urdf.scripts.samples.import_kaya - No nodes in this module, do not remember it
[2026-08-18 21:00:08,274][ogn_registration][INFO] - Destroying registration record for isaacsim.asset.importer.urdf
[2026-08-18 21:00:08,274][ogn_registration][INFO] -  -> Registered nodes from module isaacsim.asset.importer.urdf.scripts.samples.import_ur10 at /home/loco1/miniconda3/envs/isaaclab/lib/python3.10/site-packages/isaacsim/extscache/isaacsim.asset.importer.urdf-2.3.10+106.4.0.lx64.r.cp310
[2026-08-18 21:00:08,274][ogn_registration][INFO] - Registering nodes in /home/loco1/miniconda3/envs/isaaclab/lib/python3.10/site-packages/isaacsim/extscache/isaacsim.asset.importer.urdf-2.3.10+106.4.0.lx64.r.cp310 imported as isaacsim.asset.importer.urdf.scripts.samples.import_ur10 with AutoNode config {}
[2026-08-18 21:00:08,274][ogn_registration][INFO] - Registering Python Node Types from isaacsim.asset.importer.urdf.scripts.samples.import_ur10 at /home/loco1/miniconda3/envs/isaaclab/lib/python3.10/site-packages/isaacsim/extscache/isaacsim.asset.importer.urdf-2.3.10+106.4.0.lx64.r.cp310 in isaacsim.asset.importer.urdf
[2026-08-18 21:00:08,274][ogn_registration][INFO] - ========================================================================================================================
[2026-08-18 21:00:08,274][ogn_registration][INFO] - Finding OmniGraph extension content manager for isaacsim.asset.importer.urdf-2.3.10 in module isaacsim.asset.importer.urdf.scripts.samples.import_ur10 at /home/loco1/miniconda3/envs/isaaclab/lib/python3.10/site-packages/isaacsim/extscache/isaacsim.asset.importer.urdf-2.3.10+106.4.0.lx64.r.cp310
[2026-08-18 21:00:08,274][ogn_registration][INFO] - -> New generated folder /home/loco1/miniconda3/envs/isaaclab/lib/python3.10/site-packages/isaacsim/extscache/isaacsim.asset.importer.urdf-2.3.10+106.4.0.lx64.r.cp310/ogn/isaacsim.asset.importer.urdf.scripts.samples.import_ur10 is not a directory
[2026-08-18 21:00:08,274][ogn_registration][INFO] - -> Old ogn/ folder /home/loco1/miniconda3/envs/isaaclab/lib/python3.10/site-packages/isaacsim/extscache/isaacsim.asset.importer.urdf-2.3.10+106.4.0.lx64.r.cp310/isaacsim/asset/importer/urdf/scripts/samples/import_ur10/ogn is not a directory
[2026-08-18 21:00:08,274][ogn_registration][INFO] - _walk_with_excludes(start=/home/loco1/miniconda3/envs/isaaclab/lib/python3.10/site-packages/isaacsim/extscache/isaacsim.asset.importer.urdf-2.3.10+106.4.0.lx64.r.cp310/isaacsim/asset/importer/urdf/scripts/samples/import_ur10, exclude=['__pycache__'])
[2026-08-18 21:00:08,274][ogn_registration][INFO] - -> Extension contents not recognized as containing OmniGraph Python information
[2026-08-18 21:00:08,274][ogn_registration][INFO] - ...None found, no registration to do
[2026-08-18 21:00:08,275][ogn_registration][INFO] - ...Skipping: No OmniGraph presence in the module isaacsim.asset.importer.urdf.scripts.samples.import_ur10 - No nodes in this module, do not remember it
[2026-08-18 21:00:08,275][ogn_registration][INFO] - Destroying registration record for isaacsim.asset.importer.urdf
[2026-08-18 21:00:08,275][ogn_registration][INFO] - OGN register isaacsim.asset.importer.urdf-2.3.10 took 7712192.000000
o setting was found for '/rtx-defaults/ambientOcclusion/enabled'
2026-08-18 12:59:57 [6,730ms] [Warning] [omni.usd-abi.plugin] No setting was found for '/rtx-defaults/directLighting/sampledLighting/enabled'
2026-08-18 12:59:57 [6,730ms] [Warning] [omni.usd-abi.plugin] No setting was found for '/rtx-defaults/indirectDiffuse/enabled'
2026-08-18 12:59:57 [6,730ms] [Warning] [omni.usd-abi.plugin] No setting was found for '/rtx-defaults/raytracing/cached/enabled'
2026-08-18 12:59:57 [6,730ms] [Warning] [omni.usd-abi.plugin] No setting was found for '/rtx-defaults/reflections/enabled'
2026-08-18 12:59:57 [6,730ms] [Warning] [omni.usd-abi.plugin] No setting was found for '/rtx-defaults/sceneDb/ambientLightIntensity'
2026-08-18 12:59:57 [6,730ms] [Warning] [omni.usd-abi.plugin] No setting was found for '/rtx-defaults/translucency/enabled'
2026-08-18 12:59:57 [6,730ms] [Warning] [omni.usd-abi.plugin] No setting was found for '/rtx-defaults/viewTile/limit'
2026-08-18 12:59:57 [6,896ms] [Warning] [rtx.scenedb.plugin] SceneDbContext : TLAS limit buffer size 2774424832
2026-08-18 12:59:57 [6,896ms] [Warning] [rtx.scenedb.plugin] SceneDbContext : TLAS limit : valid true, within: false
2026-08-18 12:59:57 [6,999ms] [Warning] [omni.usd-abi.plugin] No setting was found for '/rtx-defaults/directLighting/sampledLighting/samplesPerPixel'
2026-08-18 12:59:57 [6,999ms] [Warning] [omni.usd-abi.plugin] No setting was found for '/rtx-defaults/pathtracing/maxSamplesPerLaunch'
2026-08-18 12:59:57 [6,999ms] [Warning] [omni.usd-abi.plugin] No setting was found for '/rtx-defaults-transient/meshlights/forceDisable'
2026-08-18 12:59:57 [7,028ms] [Warning] [omni.usd-abi.plugin] No setting was found for '/rtx-defaults/post/dlss/execMode'
2026-08-18 13:00:00 [9,562ms] [Warning] [isaaclab.envs.manager_based_env] Seed not set for the environment. The environment creation may not be deterministic.
2026-08-18 13:00:08 [17,200ms] [Warning] [omni.hydra.scene_delegate.plugin] Calling getBypassRenderSkelMeshProcessing for prim /World/envs/env_0/Robot/right_hip_roll_link/visuals.proto_mesh_id0 that has not been populated
2026-08-18 13:00:08 [18,152ms] [Warning] [isaaclab.utils.math] The function 'quat_rotate_inverse' will be deprecated in favor of the faster method 'quat_apply_inverse'. Please use 'quat_apply_inverse' instead....
2026-08-18 13:00:09 [18,633ms] [Warning] [isaaclab.utils.math] The function 'quat_rotate_inverse' will be deprecated in favor of the faster method 'quat_apply_inverse'. Please use 'quat_apply_inverse' instead....
2026-08-18 13:00:09 [19,034ms] [Warning] [isaaclab.utils.math] The function 'quat_rotate_inverse' will be deprecated in favor of the faster method 'quat_apply_inverse'. Please use 'quat_apply_inverse' instead....
2026-08-18 13:00:09 [19,035ms] [Warning] [isaaclab.utils.math] The function 'quat_rotate_inverse' will be deprecated in favor of the faster method 'quat_apply_inverse'. Please use 'quat_apply_inverse' instead....
2026-08-18 13:00:09 [19,103ms] [Warning] [isaaclab.utils.math] The function 'quat_rotate_inverse' will be deprecated in favor of the faster method 'quat_apply_inverse'. Please use 'quat_apply_inverse' instead....
2026-08-18 13:00:10 [19,463ms] [Warning] [isaaclab.utils.math] The function 'quat_rotate_inverse' will be deprecated in favor of the faster method 'quat_apply_inverse'. Please use 'quat_apply_inverse' instead....
2026-08-18 13:00:10 [19,464ms] [Warning] [isaaclab.utils.math] The function 'quat_rotate_inverse' will be deprecated in favor of the faster method 'quat_apply_inverse'. Please use 'quat_apply_inverse' instead....
2026-08-18 13:00:10 [19,502ms] [Warning] [isaaclab.utils.math] The function 'quat_rotate_inverse' will be deprecated in favor of the faster method 'quat_apply_inverse'. Please use 'quat_apply_inverse' instead....
2026-08-18 13:00:10 [19,504ms] [Warning] [isaaclab.utils.math] The function 'quat_rotate_inverse' will be deprecated in favor of the faster method 'quat_apply_inverse'. Please use 'quat_apply_inverse' instead....
2026-08-18 13:00:10 [19,504ms] [Warning] [isaaclab.utils.math] T[MultiMotionLoader] Motion group distribution:
  - backhand: 1 motions
  - forehand: 1 motions
[MultiMotionCommand] Registered motion groups: ['backhand', 'forehand']
[MultiMotionCommand]   - Group 'backhand': 1 motions
[MultiMotionCommand]   - Group 'forehand': 1 motions
[MultiMotionCommand] Assigning 1 environments with ratios: forehand=1/1
[INFO] Command Manager:  <CommandManager> contains 1 active terms.
+----------------------------------------+
|          Active Command Terms          |
+-------+--------+-----------------------+
| Index | Name   |          Type         |
+-------+--------+-----------------------+
|   0   | motion | HitterStrikingCommand |
+-------+--------+-----------------------+

[INFO] Event Manager:  <EventManager> contains 0 active terms.

[INFO] Recorder Manager:  <RecorderManager> contains 0 active terms.
+---------------------+
| Active Recorder Terms |
+-----------+---------+
|   Index   | Name    |
+-----------+---------+
+-----------+---------+

[INFO] Action Manager:  <ActionManager> contains 1 active terms.
+------------------------------------+
|  Active Action Terms (shape: 29)   |
+--------+-------------+-------------+
| Index  | Name        |   Dimension |
+--------+-------------+-------------+
|   0    | joint_pos   |          29 |
+--------+-------------+-------------+

[INFO] Observation Manager: <ObservationManager> contains 2 groups.
+---------------------------------------------------------+
| Active Observation Terms in Group: 'policy' (shape: (104,)) |
+-----------+---------------------------------+-----------+
|   Index   | Name                            |   Shape   |
+-----------+---------------------------------+-----------+
|     0     | base_ang_vel                    |    (3,)   |
|     1     | projected_gravity               |    (3,)   |
|     2     | base_forward_xy                 |    (2,)   |
|     3     | base_target_xy                  |    (2,)   |
|     4     | racket_target_pos               |    (3,)   |
|     5     | racket_target_vel               |    (3,)   |
|     6     | time_to_strike                  |    (1,)   |
|     7     | joint_pos                       |   (29,)   |
|     8     | joint_vel                       |   (29,)   |
|     9     | actions                         |   (29,)   |
+-----------+---------------------------------+-----------+
+------------------------------------------------------------+
| Active Observation Terms in Group: 'critic' (shape: (301,)) |
+----------+------------------------------------+------------+
|  Index   | Name                               |   Shape    |
+----------+------------------------------------+------------+
|    0     | base_ang_vel                       |    (3,)    |
|    1     | projected_gravity                  |    (3,)    |
|    2     | base_forward_xy                    |    (2,)    |
|    3     | motion_anchor_pos_b                |    (3,)    |
|    4     | motion_anchor_ori_b                |    (6,)    |
|    5     | base_target_xy                     |    (2,)    |
|    6     | racket_target_pos                  |    (3,)    |
|    7     | racket_target_vel                  |    (3,)    |
|    8     | time_to_strike                     |    (1,)    |
|    9     | joint_pos                          |   (29,)    |
|    10    | joint_vel                          |   (29,)    |
|    11    | actions                            |   (29,)    |
|    12    | base_lin_vel                       |    (3,)    |
|    13    | body_pose                          |   (126,)   |
|    14    | time_left                          |    (1,)    |
|    15    | reference_joint_state              |   (58,)    |
+----------+------------------------------------+------------+

[INFO] Termination Manager:  <TerminationManager> contains 2 active terms.
+-------------------------------+
|    Active Termination Terms   |
+-------+------------+----------+
| Index | Name       | Time Out |
+-------+------------+----------+
|   0   | anchor_pos |  False   |
|   1   | anchor_ori |  False   |
+-------+------------+----------+

[INFO] Reward Manager:  <RewardManager> contains 22 active terms.
+------------------------------------------------+
|              Active Reward Terms               |
+-------+-----------------------------+----------+
| Index | Name                        |   Weight |
+-------+-----------------------------+----------+
|   0   | motion_global_anchor_pos    |      0.5 |
|   1   | motion_global_anchor_ori    |      0.5 |
|   2   | motion_body_pos             |      1.0 |
|   3   | motion_body_ori             |      1.0 |
|   4   | motion_body_lin_vel         |      1.5 |
|   5   | motion_body_ang_vel         |      1.5 |
|   6   | motion_anchor_lin_vel       |      1.0 |
|   7   | base_pos                    |      5.0 |
|   8   | racket_pos                  |     80.0 |
|   9   | racket_vel                  |     30.0 |
|   10  | racket_ori                  |     30.0 |
|   11  | torso_forward_lean_l2       |     -2.0 |
|   12  | base_ang_vel_xy_l2          |     -0.4 |
|   13  | undesired_contacts          |    -0.05 |
|   14  | hitter_foot_slip_l2         |     -2.0 |
|   15  | hitter_hit_unstable_support |     -6.0 |
|   16  | hitter_foot_edge_drag       |     -1.0 |
|   17  | hip_yaw_default             |      2.0 |
|   18  | action_rate_l2              |     -0.1 |
|   19  | joint_limit                 |    -10.0 |
|   20  | joint_acc                   | -2.5e-07 |
|   21  | joint_torque                |   -1e-05 |
+-------+-----------------------------+----------+

[INFO] Curriculum Manager:  <CurriculumManager> contains 0 active terms.
+----------------------+
| Active Curriculum Terms |
+-----------+----------+
|   Index   | Name     |
+-----------+----------+
+-----------+----------+

[INFO]: Completed setting up the environment...
[INFO] Recording videos during training.
        video_folder: /home/loco1/BOB/Hitter/MOSAIC-main/logs/rsl_rl/hitter_striking_g1/model20500_20260818_export/videos/play
        step_trigger: lambda step: step == 0
        video_length: 1
        disable_logger: True
Actor MLP: Sequential(
  (0): Linear(in_features=104, out_features=512, bias=True)
  (1): ELU(alpha=1.0)
  (2): Linear(in_features=512, out_features=256, bias=True)
  (3): ELU(alpha=1.0)
  (4): Linear(in_features=256, out_features=128, bias=True)
  (5): ELU(alpha=1.0)
  (6): Linear(in_features=128, out_features=29, bias=True)
)
Critic MLP: Sequential(
  (0): Linear(in_features=301, out_features=512, bias=True)
  (1): ELU(alpha=1.0)
  (2): Linear(in_features=512, out_features=256, bias=True)
  (3): ELU(alpha=1.0)
  (4): Linear(in_features=256, out_features=128, bias=True)
  (5): ELU(alpha=1.0)
  (6): Linear(in_features=128, out_features=1, bias=True)
)
[Runner] reset_noise_std_on_resume = False
[Runner] freeze_normalizer_on_resume = False
he function 'quat_rotate_inverse' will be deprecated in favor of the faster method 'quat_apply_inverse'. Please use 'quat_apply_inverse' instead....
2026-08-18 13:00:10 [19,505ms] [Warning] [isaaclab.utils.math] The function 'quat_rotate_inverse' will be deprecated in favor of the faster method 'quat_apply_inverse'. Please use 'quat_apply_inverse' instead....
2026-08-18 13:00:10 [19,506ms] [Warning] [isaaclab.utils.math] The function 'quat_rotate_inverse' will be deprecated in favor of the faster method 'quat_apply_inverse'. Please use 'quat_apply_inverse' instead....
2026-08-18 13:00:10 [19,526ms] [Warning] [isaaclab.utils.math] The function 'quat_rotate_inverse' will be deprecated in favor of the faster method 'quat_apply_inverse'. Please use 'quat_apply_inverse' instead....
2026-08-18 13:00:10 [19,526ms] [Warning] [isaaclab.utils.math] The function 'quat_rotate_inverse' will be deprecated in favor of the faster method 'quat_apply_inverse'. Please use 'quat_apply_inverse' instead....
2026-08-18 13:00:10 [19,774ms] [Warning] [isaaclab.utils.math] The function 'quat_rotate_inverse' will be deprecated in favor of the faster method 'quat_apply_inverse'. Please use 'quat_apply_inverse' instead....
2026-08-18 13:00:10 [19,776ms] [Warning] [isaaclab.utils.math] The function 'quat_rotate_inverse' will be deprecated in favor of the faster method 'quat_apply_inverse'. Please use 'quat_apply_inverse' instead....
2026-08-18 13:00:10 [20,049ms] [Warning] [isaaclab.utils.math] The function 'quat_rotate_inverse' will be deprecated in favor of the faster method 'quat_apply_inverse'. Please use 'quat_apply_inverse' instead....
2026-08-18 13:00:10 [20,050ms] [Warning] [isaaclab.utils.math] The function 'quat_rotate_inverse' will be deprecated in favor of the faster method 'quat_apply_inverse'. Please use 'quat_apply_inverse' instead....
2026-08-18 13:00:10 [20,050ms] [Warning] [isaaclab.utils.math] The function 'quat_rotate_inverse' will be deprecated in favor of the faster method 'quat_apply_inverse'. Please use 'quat_apply_inverse' instead....
2026-08-18 13:00:10 [20,051ms] [Warning] [isaaclab.utils.math] The function 'quat_rotate_inverse' will be deprecated in favor of the faster method 'quat_apply_inverse'. Please use 'quat_apply_inverse' instead....
