before_path,after_path,change,baseline_class,before_sha256,after_sha256
.gitignore,.gitignore,unchanged,changed,50be7a82c6caa62dee65f21a6364133e2eb47956745ddabe63beaeaa46943a31,50be7a82c6caa62dee65f21a6364133e2eb47956745ddabe63beaeaa46943a31
tracker_log.txt,tracker_log.txt,unchanged,added,66b535d7c210d26941b425fb570a183025a7027c5c2587dc6e0f3f4a5ae1e7e4,66b535d7c210d26941b425fb570a183025a7027c5c2587dc6e0f3f4a5ae1e7e4
.gitmodules,.gitmodules,unchanged,added,89481256d74c67598520522176fc70605a4c3c627a71c2258800c1e600c1b382,89481256d74c67598520522176fc70605a4c3c627a71c2258800c1e600c1b382
README.md,README.md,modified,changed,c6e2ac788e50ba7e4075a26d06923726f180cb1dacec140d222122e999a66051,8f361f2e0cfb206aeebcdfb2cdf6543fc2f255af991c9bf24b09630898406a6e
LICENSE,LICENSE,unchanged,same,c71d239df91726fc519c6eb72d318ec65820627232b2f796219e87dcf35d0ab4,c71d239df91726fc519c6eb72d318ec65820627232b2f796219e87dcf35d0ab4
requirements.txt,requirements.txt,unchanged,same,4d785d6eb616797ce7d88bf8115e23d78425b825038caf2261c0b8db268c2493,4d785d6eb616797ce7d88bf8115e23d78425b825038caf2261c0b8db268c2493
docs/hitter_task_observation_diagnostics.md,docs/hitter_task_observation_diagnostics.md,modified,added,dc3444159ce7b91199e96fa18694836300d8564df8458f58063584d49315ca01,0ea34a383e672c7823c13b170958d5672ce0654b8f08dea29f5677e19aa87e42
docs/superpowers/plans/2026-07-24-chingmu-pelvis-orientation-calibration.md,docs/superpowers/plans/2026-07-24-chingmu-pelvis-orientation-calibration.md,modified,added,748d8d3f69be084742cb3fb0fbb7e3a3b1d69af7c2dfb6f174bfc9da88c598ef,100f305a448cb0eebd187824ecaaec264c3d662af460e5c6c65bc2729fb9c094
docs/superpowers/plans/2026-08-15-real-world-forehand-racket-x-offset.md,docs/superpowers/plans/2026-08-15-real-world-forehand-racket-x-offset.md,unchanged,added,d305dde09e0b5b8c7c7428f77c4763ffb5a71056c4de72600aa4692d1c2323c9,d305dde09e0b5b8c7c7428f77c4763ffb5a71056c4de72600aa4692d1c2323c9
docs/superpowers/plans/2026-07-22-mujoco-two-serve-schedule.md,docs/superpowers/plans/2026-07-22-mujoco-two-serve-schedule.md,unchanged,added,07a79bd37f70a8ea4da20596c7b119ebd13a7b42b3b5333a9d52798e7462e06b,07a79bd37f70a8ea4da20596c7b119ebd13a7b42b3b5333a9d52798e7462e06b
docs/superpowers/plans/2026-08-15-hitter-backhand-edge-landing-bias.md,docs/superpowers/plans/2026-08-15-hitter-backhand-edge-landing-bias.md,unchanged,added,06cf15bc49e986ae36f48d527841181f53137d9915ae77260748f3557f5af322,06cf15bc49e986ae36f48d527841181f53137d9915ae77260748f3557f5af322
docs/superpowers/plans/2026-08-15-real-world-backhand-racket-y-decrement.md,docs/superpowers/plans/2026-08-15-real-world-backhand-racket-y-decrement.md,unchanged,added,023ce898a0060a0ad665ddaf4cfb1c85368678b4660e214b36211b2da76cd50b,023ce898a0060a0ad665ddaf4cfb1c85368678b4660e214b36211b2da76cd50b
docs/superpowers/plans/2026-08-07-hitter-real-world-policy-first-frame-transition.md,docs/superpowers/plans/2026-08-07-hitter-real-world-policy-first-frame-transition.md,unchanged,added,082bffe680dbc6bd89def0163cbe38cfdc0f4a64573bd25fd07eadf079dd58fd,082bffe680dbc6bd89def0163cbe38cfdc0f4a64573bd25fd07eadf079dd58fd
docs/superpowers/plans/2026-07-31-hitter-complete-planner-csv-export.md,docs/superpowers/plans/2026-07-31-hitter-complete-planner-csv-export.md,unchanged,added,76501efcd7019677296b11551071cc8d59b03f5a55a0797738b702f65f965708,76501efcd7019677296b11551071cc8d59b03f5a55a0797738b702f65f965708
docs/superpowers/plans/2026-08-13-hitter-max-hit-height-3m.md,docs/superpowers/plans/2026-08-13-hitter-max-hit-height-3m.md,unchanged,added,3fd3a45d4612c500598ec2c874ca793ec2bcaec3b369f955d338bf3c48b826e6,3fd3a45d4612c500598ec2c874ca793ec2bcaec3b369f955d338bf3c48b826e6
docs/superpowers/plans/2026-07-29-hitter-live-ball-diagnostics.md,docs/superpowers/plans/2026-07-29-hitter-live-ball-diagnostics.md,unchanged,added,19e45a5e9dbca25a738811c3c442d85325521139db5ccf42b6b64b5396e4a255,19e45a5e9dbca25a738811c3c442d85325521139db5ccf42b6b64b5396e4a255
docs/superpowers/plans/2026-08-14-hitter-model56600-onnx-deployment.md,docs/superpowers/plans/2026-08-14-hitter-model56600-onnx-deployment.md,unchanged,added,c5ba44392d6b60db77b44d59e5b0ac9c1c94e1aca1106533472adab4fd121cdd,c5ba44392d6b60db77b44d59e5b0ac9c1c94e1aca1106533472adab4fd121cdd
docs/superpowers/plans/2026-07-22-mujoco-air-model.md,docs/superpowers/plans/2026-07-22-mujoco-air-model.md,unchanged,added,73192380d41b1bc14284e616d14f6574bfa3723982f6a410c6031c38f04c79fd,73192380d41b1bc14284e616d14f6574bfa3723982f6a410c6031c38f04c79fd
docs/superpowers/plans/2026-07-31-chingmu-ball-far-edge-margin.md,docs/superpowers/plans/2026-07-31-chingmu-ball-far-edge-margin.md,unchanged,added,5b398550cfb236162ebf28c1c03fd757cba36132057420c7fc97e461ccab2835,5b398550cfb236162ebf28c1c03fd757cba36132057420c7fc97e461ccab2835
docs/superpowers/plans/2026-07-26-hitter-ready-arm-pose-editor.md,docs/superpowers/plans/2026-07-26-hitter-ready-arm-pose-editor.md,unchanged,added,de0441b59971b2a5392f92a28e1202b5cdcf33f04e52431a5e9d4e201be63b49,de0441b59971b2a5392f92a28e1202b5cdcf33f04e52431a5e9d4e201be63b49
docs/superpowers/plans/2026-07-27-hitter-task-observation-diagnostics.md,docs/superpowers/plans/2026-07-27-hitter-task-observation-diagnostics.md,unchanged,added,070bc324cfb8a8b4a7e06159af2a6fdc395568dcace90d3aa5dc124794bcbfe6,070bc324cfb8a8b4a7e06159af2a6fdc395568dcace90d3aa5dc124794bcbfe6
docs/superpowers/plans/2026-08-13-hitter-single-shot-track-id-safety.md,docs/superpowers/plans/2026-08-13-hitter-single-shot-track-id-safety.md,unchanged,added,099aed554cc59f97f225c2bbcfd048dd6abbf5c1c49bf26bfc6e7bc8d3359aa9,099aed554cc59f97f225c2bbcfd048dd6abbf5c1c49bf26bfc6e7bc8d3359aa9
docs/superpowers/plans/2026-08-13-hitter-armed-retain-last-good.md,docs/superpowers/plans/2026-08-13-hitter-armed-retain-last-good.md,unchanged,added,a801e2d2b6d7c9e1aaa6faca3163c24b57c2b5575391df0358defd9092e4ee5a,a801e2d2b6d7c9e1aaa6faca3163c24b57c2b5575391df0358defd9092e4ee5a
docs/superpowers/plans/2026-07-27-hitter-task-monitor-live-counter-display.md,docs/superpowers/plans/2026-07-27-hitter-task-monitor-live-counter-display.md,unchanged,added,3ba9bcafae3014ef932341261656e8b855a1dc106ac815788d4e7b416ea5dc17,3ba9bcafae3014ef932341261656e8b855a1dc106ac815788d4e7b416ea5dc17
docs/superpowers/plans/2026-08-16-hitter-strike-velocity-compensation.md,docs/superpowers/plans/2026-08-16-hitter-strike-velocity-compensation.md,unchanged,added,b7bc76cb655b65927f4e82d8bf87667912a93b21eec9925201ac08422b0f2e5c,b7bc76cb655b65927f4e82d8bf87667912a93b21eec9925201ac08422b0f2e5c
docs/superpowers/plans/2026-07-25-hitter-strike-target-logging.md,docs/superpowers/plans/2026-07-25-hitter-strike-target-logging.md,unchanged,added,1d123bffd5de9732a9222990702311ab6f94a619e8b837f77eb609705c1a75fa,1d123bffd5de9732a9222990702311ab6f94a619e8b837f77eb609705c1a75fa
docs/superpowers/plans/2026-07-22-mujoco-pure-physical-table-tennis.md,docs/superpowers/plans/2026-07-22-mujoco-pure-physical-table-tennis.md,unchanged,added,463ce5884024d091f22ce3e2101c7ccf1c0cca6b1765e0ad5238668538c9019d,463ce5884024d091f22ce3e2101c7ccf1c0cca6b1765e0ad5238668538c9019d
docs/superpowers/plans/2026-08-13-hitter-bounce-retention-and-minimum-racket-speed.md,docs/superpowers/plans/2026-08-13-hitter-bounce-retention-and-minimum-racket-speed.md,unchanged,added,4c3fe5f8707dcb69120ffe2fef350b5995726446a37d59ed3d26d44a82192531,4c3fe5f8707dcb69120ffe2fef350b5995726446a37d59ed3d26d44a82192531
docs/superpowers/specs/2026-07-25-hitter-strike-target-logging-design.md,docs/superpowers/specs/2026-07-25-hitter-strike-target-logging-design.md,unchanged,added,8f04c50530b4781fb9a3005106c46a9f2434c18b72cbd3f7db358b758ccbc167,8f04c50530b4781fb9a3005106c46a9f2434c18b72cbd3f7db358b758ccbc167
docs/superpowers/specs/2026-08-14-hitter-model56600-onnx-deployment-design.md,docs/superpowers/specs/2026-08-14-hitter-model56600-onnx-deployment-design.md,unchanged,added,69467d3ba858822d0cdc25e1f9eb117910c06e006c41823c60372d0d94db141d,69467d3ba858822d0cdc25e1f9eb117910c06e006c41823c60372d0d94db141d
docs/superpowers/specs/2026-07-26-hitter-ready-arm-pose-editor-design.md,docs/superpowers/specs/2026-07-26-hitter-ready-arm-pose-editor-design.md,unchanged,added,fb8d67694cbb7bd874d836e696ecd1c1314a1546b54386ec31fed5b6cc8a2717,fb8d67694cbb7bd874d836e696ecd1c1314a1546b54386ec31fed5b6cc8a2717
docs/superpowers/specs/2026-08-15-real-world-forehand-racket-x-offset-design.md,docs/superpowers/specs/2026-08-15-real-world-forehand-racket-x-offset-design.md,unchanged,added,ef1ad1ef670ca9204a27b9ecf347886918c538979de2dc594fdf46272867f50a,ef1ad1ef670ca9204a27b9ecf347886918c538979de2dc594fdf46272867f50a
docs/superpowers/specs/2026-08-13-hitter-single-shot-track-id-safety-design.md,docs/superpowers/specs/2026-08-13-hitter-single-shot-track-id-safety-design.md,unchanged,added,b57eee699b5a94ed2079ae101d661ea90d2b189f0fb447852e90bfa3e1a6b556,b57eee699b5a94ed2079ae101d661ea90d2b189f0fb447852e90bfa3e1a6b556
docs/superpowers/specs/2026-07-22-mujoco-pure-physical-table-tennis-design.md,docs/superpowers/specs/2026-07-22-mujoco-pure-physical-table-tennis-design.md,unchanged,added,926bd231269c73a8d78c6d1f1c386dc6827e740db617cef002029c9d39a707f3,926bd231269c73a8d78c6d1f1c386dc6827e740db617cef002029c9d39a707f3
docs/superpowers/specs/2026-07-29-hitter-live-ball-diagnostics-design.md,docs/superpowers/specs/2026-07-29-hitter-live-ball-diagnostics-design.md,unchanged,added,a3a4c548736d02a2fa30ba10d5c593702ae702802fb04c5fd55152659255b714,a3a4c548736d02a2fa30ba10d5c593702ae702802fb04c5fd55152659255b714
docs/superpowers/specs/2026-08-13-hitter-max-hit-height-3m-design.md,docs/superpowers/specs/2026-08-13-hitter-max-hit-height-3m-design.md,unchanged,added,daf3d279d4378f564221719918db29a3a2ae07f4e3b8df62dd2c4e45854ad4ba,daf3d279d4378f564221719918db29a3a2ae07f4e3b8df62dd2c4e45854ad4ba
docs/superpowers/specs/2026-08-07-hitter-real-world-policy-first-frame-transition-design.md,docs/superpowers/specs/2026-08-07-hitter-real-world-policy-first-frame-transition-design.md,unchanged,added,d4cbb0093c964c1d260da396a21a226e2191fefefec21e29f2c66e70a16b0d68,d4cbb0093c964c1d260da396a21a226e2191fefefec21e29f2c66e70a16b0d68
docs/superpowers/specs/2026-07-22-mujoco-two-serve-schedule-design.md,docs/superpowers/specs/2026-07-22-mujoco-two-serve-schedule-design.md,unchanged,added,cc00651f2d0b72f07677c99f552a8aeed31bef0e07fc52f216c108df9ee2bdf6,cc00651f2d0b72f07677c99f552a8aeed31bef0e07fc52f216c108df9ee2bdf6
docs/superpowers/specs/2026-08-13-hitter-armed-retain-last-good-design.md,docs/superpowers/specs/2026-08-13-hitter-armed-retain-last-good-design.md,unchanged,added,b4aecc1bdedb37c50e394d31bc0336f281cd939d827beb6094c8276c34084ed8,b4aecc1bdedb37c50e394d31bc0336f281cd939d827beb6094c8276c34084ed8
docs/superpowers/specs/2026-07-31-chingmu-ball-far-edge-margin-design.md,docs/superpowers/specs/2026-07-31-chingmu-ball-far-edge-margin-design.md,unchanged,added,b8dd5622eb2edb1607e50d891a4705eb20d4ce77b2fa18b6f24490984735ec30,b8dd5622eb2edb1607e50d891a4705eb20d4ce77b2fa18b6f24490984735ec30
docs/superpowers/specs/2026-07-31-hitter-complete-planner-csv-export-design.md,docs/superpowers/specs/2026-07-31-hitter-complete-planner-csv-export-design.md,unchanged,added,682b8a1dc79ef6449a32cb8c156a21b723fbb5d188912fda647955907f7ccb1a,682b8a1dc79ef6449a32cb8c156a21b723fbb5d188912fda647955907f7ccb1a
docs/superpowers/specs/2026-08-15-real-world-backhand-racket-y-decrement-design.md,docs/superpowers/specs/2026-08-15-real-world-backhand-racket-y-decrement-design.md,unchanged,added,f6c5b0302608a46913e09cc1bbe44551868ac82c8e12a4aa86d489efab8bb2f4,f6c5b0302608a46913e09cc1bbe44551868ac82c8e12a4aa86d489efab8bb2f4
docs/superpowers/specs/2026-08-15-hitter-backhand-edge-landing-bias-design.md,docs/superpowers/specs/2026-08-15-hitter-backhand-edge-landing-bias-design.md,unchanged,added,4eb74ced04a47adf94852b69897b2f1fc402dfe960590abcb1621e747c3c50f0,4eb74ced04a47adf94852b69897b2f1fc402dfe960590abcb1621e747c3c50f0
docs/superpowers/specs/2026-08-13-hitter-bounce-retention-and-minimum-racket-speed-design.md,docs/superpowers/specs/2026-08-13-hitter-bounce-retention-and-minimum-racket-speed-design.md,unchanged,added,7a794ac20b5e115497dd71064cf682b0a0a3d9b2daa8119679bc54113e0970ee,7a794ac20b5e115497dd71064cf682b0a0a3d9b2daa8119679bc54113e0970ee
docs/superpowers/specs/2026-07-27-hitter-task-observation-diagnostics-design.md,docs/superpowers/specs/2026-07-27-hitter-task-observation-diagnostics-design.md,unchanged,added,4560e96cbc932e00f4408bae52b219040e17cfc4efbe348e81a78b94b2d3d8fa,4560e96cbc932e00f4408bae52b219040e17cfc4efbe348e81a78b94b2d3d8fa
docs/superpowers/specs/2026-07-24-chingmu-pelvis-orientation-calibration-design.md,docs/superpowers/specs/2026-07-24-chingmu-pelvis-orientation-calibration-design.md,unchanged,added,b89453eafd13455dbc7bbd766bfbca56696ee997d80bd287470da6c9348e70a7,b89453eafd13455dbc7bbd766bfbca56696ee997d80bd287470da6c9348e70a7
docs/superpowers/specs/2026-08-16-hitter-strike-velocity-compensation-design.md,docs/superpowers/specs/2026-08-16-hitter-strike-velocity-compensation-design.md,unchanged,added,2a97cddf5fc4bb6b1c410802105cac98b4e053a4c1843af1ff22d0663f4a72cb,2a97cddf5fc4bb6b1c410802105cac98b4e053a4c1843af1ff22d0663f4a72cb
vicon_datastream_sdk/setup_env.sh,vicon_datastream_sdk/setup_env.sh,unchanged,added,2729c0f345c84ac29734e1c879616f29c4239d3347b0e12812ed060d95d3b213,2729c0f345c84ac29734e1c879616f29c4239d3347b0e12812ed060d95d3b213
vicon_datastream_sdk/linux64/Linux64/DataStreamRetimingClient.h,vicon_datastream_sdk/linux64/Linux64/DataStreamRetimingClient.h,unchanged,added,d80fc2bf9cbf6a820d706566a3c46e6eb646c07645164c2349fe5caad2ddbcae,d80fc2bf9cbf6a820d706566a3c46e6eb646c07645164c2349fe5caad2ddbcae
vicon_datastream_sdk/linux64/Linux64/IDataStreamClientBase.h,vicon_datastream_sdk/linux64/Linux64/IDataStreamClientBase.h,unchanged,added,bf31b8cbad183fc2128363bdaba0727427783cbd77e52222612e1c49ae275528,bf31b8cbad183fc2128363bdaba0727427783cbd77e52222612e1c49ae275528
vicon_datastream_sdk/linux64/Linux64/libViconDataStreamSDK_C.so,vicon_datastream_sdk/linux64/Linux64/libViconDataStreamSDK_C.so,unchanged,added,845f23f19a400a93749f7034215885d6903d0cec99ddd1fcbc22f61634b6cb47,845f23f19a400a93749f7034215885d6903d0cec99ddd1fcbc22f61634b6cb47
vicon_datastream_sdk/linux64/Linux64/libViconDataStreamSDK_CPP.so,vicon_datastream_sdk/linux64/Linux64/libViconDataStreamSDK_CPP.so,unchanged,added,9e11427982a03069a25a6e6bbd2d8eae7cb356cce02b237cd4e285a3385cdc26,9e11427982a03069a25a6e6bbd2d8eae7cb356cce02b237cd4e285a3385cdc26
vicon_datastream_sdk/linux64/Linux64/DataStreamClient.h,vicon_datastream_sdk/linux64/Linux64/DataStreamClient.h,unchanged,added,d3f2ac759796a95483cfeb81cb0901c55cc7095566f718f160f347e46ace625e,d3f2ac759796a95483cfeb81cb0901c55cc7095566f718f160f347e46ace625e
unitree_sdk2/trans.cpp,unitree_sdk2/trans.cpp,unchanged,same,85a428f628845ee0e44b00ac477e84fd23b03f5d7ccb29dae272dec15bb74fd4,85a428f628845ee0e44b00ac477e84fd23b03f5d7ccb29dae272dec15bb74fd4
unitree_sdk2/.gitignore,unitree_sdk2/.gitignore,unchanged,same,f829d6a9fe0ba86564da7ed36f76c5083f633aafc67b365a053cfeee38d2db5b,f829d6a9fe0ba86564da7ed36f76c5083f633aafc67b365a053cfeee38d2db5b
unitree_sdk2/__init__.py,unitree_sdk2/__init__.py,unchanged,same,e3b0c44298fc1c149afbf4c8996fb92427ae41e4649b934ca495991b7852b855,e3b0c44298fc1c149afbf4c8996fb92427ae41e4649b934ca495991b7852b855
unitree_sdk2/CMakeLists.txt,unitree_sdk2/CMakeLists.txt,unchanged,same,81e0910d47c42c010ef350f32d5347a4a8132d2b548c9e96c2d6d6135f98e7f5,81e0910d47c42c010ef350f32d5347a4a8132d2b548c9e96c2d6d6135f98e7f5
unitree_sdk2/README.md,unitree_sdk2/README.md,unchanged,same,e66651751b915f9d9484d882f276ede6928da2d302c3281ef9281bd3fc56248b,e66651751b915f9d9484d882f276ede6928da2d302c3281ef9281bd3fc56248b
unitree_sdk2/LICENSE,unitree_sdk2/LICENSE,unchanged,same,3e83dbd580cc82cfb666b0d1db48e2511fc092b4e2666b8f1d1ad5bedad65dbf,3e83dbd580cc82cfb666b0d1db48e2511fc092b4e2666b8f1d1ad5bedad65dbf
unitree_sdk2/g1_dex3_example.cpp,unitree_sdk2/g1_dex3_example.cpp,unchanged,same,0b639a74a0b3cf638ee921ee57a1c1056c2bedb76426612d97eab21e245cbb66,0b639a74a0b3cf638ee921ee57a1c1056c2bedb76426612d97eab21e245cbb66
unitree_sdk2/lib/aarch64/libunitree_sdk2.a,unitree_sdk2/lib/aarch64/libunitree_sdk2.a,unchanged,same,1c5104a7df7272331a17d43d364632f8375d79e3613b8069d05ba8bb548de7ba,1c5104a7df7272331a17d43d364632f8375d79e3613b8069d05ba8bb548de7ba
unitree_sdk2/lib/x86_64/libunitree_sdk2.a,unitree_sdk2/lib/x86_64/libunitree_sdk2.a,unchanged,same,fb45ae2fee30332f99f7bb45a6a565d883ac6cd81ea3de6d8b22fe1e8cbc9508,fb45ae2fee30332f99f7bb45a6a565d883ac6cd81ea3de6d8b22fe1e8cbc9508
unitree_sdk2/thirdparty/CMakeLists.txt,unitree_sdk2/thirdparty/CMakeLists.txt,unchanged,same,63325cae0d4b650728e313271ab9f37ee23046f7a096814e35706b68db72de95,63325cae0d4b650728e313271ab9f37ee23046f7a096814e35706b68db72de95
unitree_sdk2/thirdparty/lib/aarch64/libddscxx.so.0,unitree_sdk2/thirdparty/lib/aarch64/libddscxx.so.0,unchanged,same,e409c1c6476c548053e2d4029244ba39923d35c4b981646d18aeea9d949dc7bc,e409c1c6476c548053e2d4029244ba39923d35c4b981646d18aeea9d949dc7bc
unitree_sdk2/thirdparty/lib/aarch64/libddscxx.so,unitree_sdk2/thirdparty/lib/aarch64/libddscxx.so,unchanged,same,e409c1c6476c548053e2d4029244ba39923d35c4b981646d18aeea9d949dc7bc,e409c1c6476c548053e2d4029244ba39923d35c4b981646d18aeea9d949dc7bc
unitree_sdk2/thirdparty/lib/aarch64/libddsc.so,unitree_sdk2/thirdparty/lib/aarch64/libddsc.so,unchanged,same,d44b7eb58154808b495e96bcd0e4fb3bca230eee0f68b893b911795fe521a10f,d44b7eb58154808b495e96bcd0e4fb3bca230eee0f68b893b911795fe521a10f
unitree_sdk2/thirdparty/lib/aarch64/libddsc.so.0,unitree_sdk2/thirdparty/lib/aarch64/libddsc.so.0,unchanged,same,d44b7eb58154808b495e96bcd0e4fb3bca230eee0f68b893b911795fe521a10f,d44b7eb58154808b495e96bcd0e4fb3bca230eee0f68b893b911795fe521a10f
unitree_sdk2/thirdparty/lib/x86_64/libddscxx.so.0,unitree_sdk2/thirdparty/lib/x86_64/libddscxx.so.0,unchanged,same,d3e7c1b03123c2745839f2465041777ded090ad66d62f1372949209254f7ebe5,d3e7c1b03123c2745839f2465041777ded090ad66d62f1372949209254f7ebe5
unitree_sdk2/thirdparty/lib/x86_64/libddscxx.so,unitree_sdk2/thirdparty/lib/x86_64/libddscxx.so,unchanged,same,d3e7c1b03123c2745839f2465041777ded090ad66d62f1372949209254f7ebe5,d3e7c1b03123c2745839f2465041777ded090ad66d62f1372949209254f7ebe5
unitree_sdk2/thirdparty/lib/x86_64/libddsc.so,unitree_sdk2/thirdparty/lib/x86_64/libddsc.so,unchanged,same,4038630c231412f7b34a2ea60df192bbdebd0a57f22ac7f35c1b6d28323e695c,4038630c231412f7b34a2ea60df192bbdebd0a57f22ac7f35c1b6d28323e695c
unitree_sdk2/thirdparty/lib/x86_64/libddsc.so.0,unitree_sdk2/thirdparty/lib/x86_64/libddsc.so.0,unchanged,same,4038630c231412f7b34a2ea60df192bbdebd0a57f22ac7f35c1b6d28323e695c,4038630c231412f7b34a2ea60df192bbdebd0a57f22ac7f35c1b6d28323e695c
unitree_sdk2/thirdparty/include/ddscxx/org/eclipse/cyclonedds/ForwardDeclarations.hpp,unitree_sdk2/thirdparty/include/ddscxx/org/eclipse/cyclonedds/ForwardDeclarations.hpp,unchanged,same,a2db25bd90862ccea9e1478f2414ebd6f6eb92897f0648ac798470888e45287d,a2db25bd90862ccea9e1478f2414ebd6f6eb92897f0648ac798470888e45287d
unitree_sdk2/thirdparty/include/ddscxx/org/eclipse/cyclonedds/topic/CDRBlob.hpp,unitree_sdk2/thirdparty/include/ddscxx/org/eclipse/cyclonedds/topic/CDRBlob.hpp,unchanged,same,58d1a5f1a4e2757c240e23e47631f41d19497af2cc6b83075f0cf130103c2bc8,58d1a5f1a4e2757c240e23e47631f41d19497af2cc6b83075f0cf130103c2bc8
unitree_sdk2/thirdparty/include/ddscxx/org/eclipse/cyclonedds/topic/BuiltinTopicKeyDelegate.hpp,unitree_sdk2/thirdparty/include/ddscxx/org/eclipse/cyclonedds/topic/BuiltinTopicKeyDelegate.hpp,unchanged,same,f0304c60e89a1d4d13d01fc2fae358ba2aba5f3b24c6fb0e2cf7ad1ec125f214,f0304c60e89a1d4d13d01fc2fae358ba2aba5f3b24c6fb0e2cf7ad1ec125f214
unitree_sdk2/thirdparty/include/ddscxx/org/eclipse/cyclonedds/topic/FilterDelegate.hpp,unitree_sdk2/thirdparty/include/ddscxx/org/eclipse/cyclonedds/topic/FilterDelegate.hpp,unchanged,same,8c0d0a30678e0f80d63a7b6a26375af878466edbe3b3d697d5896d26a873ec4f,8c0d0a30678e0f80d63a7b6a26375af878466edbe3b3d697d5896d26a873ec4f
unitree_sdk2/thirdparty/include/ddscxx/org/eclipse/cyclonedds/topic/BuiltinTopicTraits.hpp,unitree_sdk2/thirdparty/include/ddscxx/org/eclipse/cyclonedds/topic/BuiltinTopicTraits.hpp,unchanged,same,685306d5879ec53c9b09fac14b6cc903ee112d741d19dd4fcdd8139944e0bb53,685306d5879ec53c9b09fac14b6cc903ee112d741d19dd4fcdd8139944e0bb53
unitree_sdk2/thirdparty/include/ddscxx/org/eclipse/cyclonedds/topic/TBuiltinTopic.hpp,unitree_sdk2/thirdparty/include/ddscxx/org/eclipse/cyclonedds/topic/TBuiltinTopic.hpp,unchanged,same,c68c7b924b25e3b60e36252d5a9c9365969959a35bf6a785097e96f07cca27dc,c68c7b924b25e3b60e36252d5a9c9365969959a35bf6a785097e96f07cca27dc
unitree_sdk2/thirdparty/include/ddscxx/org/eclipse/cyclonedds/topic/BuiltinTopic.hpp,unitree_sdk2/thirdparty/include/ddscxx/org/eclipse/cyclonedds/topic/BuiltinTopic.hpp,unchanged,same,82d5d577006004151f5b8466aa87b07712382ff593c20fee8b857d0deb5404a9,82d5d577006004151f5b8466aa87b07712382ff593c20fee8b857d0deb5404a9
unitree_sdk2/thirdparty/include/ddscxx/org/eclipse/cyclonedds/topic/find.hpp,unitree_sdk2/thirdparty/include/ddscxx/org/eclipse/cyclonedds/topic/find.hpp,unchanged,same,36c009c4a35b64b5fbff74b7c27a271f5d69be6dd86501440fba1f7baf459f55,36c009c4a35b64b5fbff74b7c27a271f5d69be6dd86501440fba1f7baf459f55
unitree_sdk2/thirdparty/include/ddscxx/org/eclipse/cyclonedds/topic/TopicDescriptionDelegate.hpp,unitree_sdk2/thirdparty/include/ddscxx/org/eclipse/cyclonedds/topic/TopicDescriptionDelegate.hpp,unchanged,same,bed94fcee5743f2f9d4754b598114c06d4b837596e15780a98e203a2cecf5556,bed94fcee5743f2f9d4754b598114c06d4b837596e15780a98e203a2cecf5556
unitree_sdk2/thirdparty/include/ddscxx/org/eclipse/cyclonedds/topic/AnyTopicListener.hpp,unitree_sdk2/thirdparty/include/ddscxx/org/eclipse/cyclonedds/topic/AnyTopicListener.hpp,unchanged,same,a6814eafa819d4c4d765c15ab9a31131909031f3ae09e641abeb3d27640adbd4,a6814eafa819d4c4d765c15ab9a31131909031f3ae09e641abeb3d27640adbd4
unitree_sdk2/thirdparty/include/ddscxx/org/eclipse/cyclonedds/topic/TopicTraits.hpp,unitree_sdk2/thirdparty/include/ddscxx/org/eclipse/cyclonedds/topic/TopicTraits.hpp,unchanged,same,e8889f86a3b695ef7e112f414c39da1880edf60597755669aa93182f4dfd983d,e8889f86a3b695ef7e112f414c39da1880edf60597755669aa93182f4dfd983d
unitree_sdk2/thirdparty/include/ddscxx/org/eclipse/cyclonedds/topic/BuiltinTopicCopy.hpp,unitree_sdk2/thirdparty/include/ddscxx/org/eclipse/cyclonedds/topic/BuiltinTopicCopy.hpp,unchanged,same,ea84e432e807d6886920489a9a132c7b11ed0373948ca610afe73f7a0cecf381,ea84e432e807d6886920489a9a132c7b11ed0373948ca610afe73f7a0cecf381
unitree_sdk2/thirdparty/include/ddscxx/org/eclipse/cyclonedds/topic/AnyTopicDelegate.hpp,unitree_sdk2/thirdparty/include/ddscxx/org/eclipse/cyclonedds/topic/AnyTopicDelegate.hpp,unchanged,same,f9a457367f00c577093d72f6c47bbcb78ceedd525b52cfc1914ffa31f6d14b19,f9a457367f00c577093d72f6c47bbcb78ceedd525b52cfc1914ffa31f6d14b19
unitree_sdk2/thirdparty/include/ddscxx/org/eclipse/cyclonedds/topic/TopicListener.hpp,unitree_sdk2/thirdparty/include/ddscxx/org/eclipse/cyclonedds/topic/TopicListener.hpp,unchanged,same,e5636a6682d59a825a40345fc9653063c3575f00372b416d4fe11ebe00d8b042,e5636a6682d59a825a40345fc9653063c3575f00372b416d4fe11ebe00d8b042
unitree_sdk2/thirdparty/include/ddscxx/org/eclipse/cyclonedds/topic/hash.hpp,unitree_sdk2/thirdparty/include/ddscxx/org/eclipse/cyclonedds/topic/hash.hpp,unchanged,same,7d37d8cba1b0b536c7d8da640b5458f60feccc381a47850d310eeb356879f896,7d37d8cba1b0b536c7d8da640b5458f60feccc381a47850d310eeb356879f896
unitree_sdk2/thirdparty/include/ddscxx/org/eclipse/cyclonedds/topic/discovery.hpp,unitree_sdk2/thirdparty/include/ddscxx/org/eclipse/cyclonedds/topic/discovery.hpp,unchanged,same,12c1828361591825ed7a21b93a211206cee04bb78f91ed7df42131b68f23272b,12c1828361591825ed7a21b93a211206cee04bb78f91ed7df42131b68f23272b
unitree_sdk2/thirdparty/include/ddscxx/org/eclipse/cyclonedds/topic/datatopic.hpp,unitree_sdk2/thirdparty/include/ddscxx/org/eclipse/cyclonedds/topic/datatopic.hpp,unchanged,same,aa6ffd6b8146e489c2f55960d4c5027aaf4d24da84ed2d16367b0c2ef222ade9,aa6ffd6b8146e489c2f55960d4c5027aaf4d24da84ed2d16367b0c2ef222ade9
unitree_sdk2/thirdparty/include/ddscxx/org/eclipse/cyclonedds/topic/BuiltinTopicDelegate.hpp,unitree_sdk2/thirdparty/include/ddscxx/org/eclipse/cyclonedds/topic/BuiltinTopicDelegate.hpp,unchanged,same,787ad325b40cfc21beef7bf25f0ff1ba49622dfdc859c7a884568c5304dea2d5,787ad325b40cfc21beef7bf25f0ff1ba49622dfdc859c7a884568c5304dea2d5
unitree_sdk2/thirdparty/include/ddscxx/org/eclipse/cyclonedds/topic/qos/TopicQosDelegate.hpp,unitree_sdk2/thirdparty/include/ddscxx/org/eclipse/cyclonedds/topic/qos/TopicQosDelegate.hpp,unchanged,same,f1f3c925ff68b3906acb4a28fd107ef15007e5728d59f8c7b0d8a8ef2b061cf8,f1f3c925ff68b3906acb4a28fd107ef15007e5728d59f8c7b0d8a8ef2b061cf8
unitree_sdk2/thirdparty/include/ddscxx/org/eclipse/cyclonedds/sub/SampleInfoImpl.hpp,unitree_sdk2/thirdparty/include/ddscxx/org/eclipse/cyclonedds/sub/SampleInfoImpl.hpp,unchanged,same,c435729fbecb9e5b028a17daefaacbc5ee09564d916d09e67b63327b7ecfcf46,c435729fbecb9e5b028a17daefaacbc5ee09564d916d09e67b63327b7ecfcf46
unitree_sdk2/thirdparty/include/ddscxx/org/eclipse/cyclonedds/sub/GenerationCountImpl.hpp,unitree_sdk2/thirdparty/include/ddscxx/org/eclipse/cyclonedds/sub/GenerationCountImpl.hpp,unchanged,same,6fe779b162fad9f169bca59551eb5d6dce055681027bf23b1c31d8dbd47e2777,6fe779b162fad9f169bca59551eb5d6dce055681027bf23b1c31d8dbd47e2777
unitree_sdk2/thirdparty/include/ddscxx/org/eclipse/cyclonedds/sub/CoherentAccessDelegate.hpp,unitree_sdk2/thirdparty/include/ddscxx/org/eclipse/cyclonedds/sub/CoherentAccessDelegate.hpp,unchanged,same,4832bf0ec0dde5e9b55f377c28b64c50051c89a54b1c71549b0f2356efc9ec09,4832bf0ec0dde5e9b55f377c28b64c50051c89a54b1c71549b0f2356efc9ec09
unitree_sdk2/thirdparty/include/ddscxx/org/eclipse/cyclonedds/sub/QueryDelegate.hpp,unitree_sdk2/thirdparty/include/ddscxx/org/eclipse/cyclonedds/sub/QueryDelegate.hpp,unchanged,same,1af1550f89aadac3f1ae70edac17cf2a3d29c9bd616aeb992a8ef568a7086736,1af1550f89aadac3f1ae70edac17cf2a3d29c9bd616aeb992a8ef568a7086736
unitree_sdk2/thirdparty/include/ddscxx/org/eclipse/cyclonedds/sub/SubscriberDelegate.hpp,unitree_sdk2/thirdparty/include/ddscxx/org/eclipse/cyclonedds/sub/SubscriberDelegate.hpp,unchanged,same,d9955eeaa9d41886f8e4e758e05130adce85b188f45070f74efcc71de51d2165,d9955eeaa9d41886f8e4e758e05130adce85b188f45070f74efcc71de51d2165
unitree_sdk2/thirdparty/include/ddscxx/org/eclipse/cyclonedds/sub/RankImpl.hpp,unitree_sdk2/thirdparty/include/ddscxx/org/eclipse/cyclonedds/sub/RankImpl.hpp,unchanged,same,f54a463b2276ccf5d36adce16f641a42a68defd6282aa96ebd4a0346c10b47aa,f54a463b2276ccf5d36adce16f641a42a68defd6282aa96ebd4a0346c10b47aa
unitree_sdk2/thirdparty/include/ddscxx/org/eclipse/cyclonedds/sub/BuiltinSubscriberDelegate.hpp,unitree_sdk2/thirdparty/include/ddscxx/org/eclipse/cyclonedds/sub/BuiltinSubscriberDelegate.hpp,unchanged,same,bfd35ff898b14328884f79886ef2003e0dca3a0c1242d5809617e40c1f9461e3,bfd35ff898b14328884f79886ef2003e0dca3a0c1242d5809617e40c1f9461e3
unitree_sdk2/thirdparty/include/ddscxx/org/eclipse/cyclonedds/sub/AnyDataReaderDelegate.hpp,unitree_sdk2/thirdparty/include/ddscxx/org/eclipse/cyclonedds/sub/AnyDataReaderDelegate.hpp,unchanged,same,9b1464285ffbe87e83c743bd4421a3da89e38f8bd97b0e01f11aa04e261e8cb1,9b1464285ffbe87e83c743bd4421a3da89e38f8bd97b0e01f11aa04e261e8cb1
unitree_sdk2/thirdparty/include/ddscxx/org/eclipse/cyclonedds/sub/cond/ReadConditionDelegate.hpp,unitree_sdk2/thirdparty/include/ddscxx/org/eclipse/cyclonedds/sub/cond/ReadConditionDelegate.hpp,unchanged,same,16a94dbbe9a57229524012195cdbd60bec12db3577d59eb4573c765a4e285539,16a94dbbe9a57229524012195cdbd60bec12db3577d59eb4573c765a4e285539
unitree_sdk2/thirdparty/include/ddscxx/org/eclipse/cyclonedds/sub/cond/QueryConditionDelegate.hpp,unitree_sdk2/thirdparty/include/ddscxx/org/eclipse/cyclonedds/sub/cond/QueryConditionDelegate.hpp,unchanged,same,d00dcc866eb86432c0a8a19b78572b6f12fa2fbcc566949539504ecfb2e89f17,d00dcc866eb86432c0a8a19b78572b6f12fa2fbcc566949539504ecfb2e89f17
unitree_sdk2/thirdparty/include/ddscxx/org/eclipse/cyclonedds/sub/qos/DataReaderQosDelegate.hpp,unitree_sdk2/thirdparty/include/ddscxx/org/eclipse/cyclonedds/sub/qos/DataReaderQosDelegate.hpp,unchanged,same,ee88c50de516ac2450322c2a8d1fd90a8da5dc4465b54dab43836aaf573891d7,ee88c50de516ac2450322c2a8d1fd90a8da5dc4465b54dab43836aaf573891d7
unitree_sdk2/thirdparty/include/ddscxx/org/eclipse/cyclonedds/sub/qos/SubscriberQosDelegate.hpp,unitree_sdk2/thirdparty/include/ddscxx/org/eclipse/cyclonedds/sub/qos/SubscriberQosDelegate.hpp,unchanged,same,4d3e149b849e413ed5e774fb4b5ac020c625780543ba521c623e105b34ac95d0,4d3e149b849e413ed5e774fb4b5ac020c625780543ba521c623e105b34ac95d0
unitree_sdk2/thirdparty/include/ddscxx/org/eclipse/cyclonedds/domain/DomainParticipantListener.hpp,unitree_sdk2/thirdparty/include/ddscxx/org/eclipse/cyclonedds/domain/DomainParticipantListener.hpp,unchanged,same,7a28cc2dbede90c64e5ab0e8c04fc30d5812d249c5d45782a18d6179398a2e54,7a28cc2dbede90c64e5ab0e8c04fc30d5812d249c5d45782a18d6179398a2e54
unitree_sdk2/thirdparty/include/ddscxx/org/eclipse/cyclonedds/domain/Domain.hpp,unitree_sdk2/thirdparty/include/ddscxx/org/eclipse/cyclonedds/domain/Domain.hpp,unchanged,same,9d2c1d8e91c79e7b3242921d21309341dce78b197687d4cfad6078fe10477bb4,9d2c1d8e91c79e7b3242921d21309341dce78b197687d4cfad6078fe10477bb4
unitree_sdk2/thirdparty/include/ddscxx/org/eclipse/cyclonedds/domain/DomainParticipantRegistry.hpp,unitree_sdk2/thirdparty/include/ddscxx/org/eclipse/cyclonedds/domain/DomainParticipantRegistry.hpp,unchanged,same,69b4d7a5adf4dff6a4ca4ae23a53f2ca7d6f4e7f8d9b7eb9bfb6593579f5211b,69b4d7a5adf4dff6a4ca4ae23a53f2ca7d6f4e7f8d9b7eb9bfb6593579f5211b
unitree_sdk2/thirdparty/include/ddscxx/org/eclipse/cyclonedds/domain/DomainParticipantDelegate.hpp,unitree_sdk2/thirdparty/include/ddscxx/org/eclipse/cyclonedds/domain/DomainParticipantDelegate.hpp,unchanged,same,76eec2fc96a037ca40470deada846b54796f069719ce947d46e1da81e493df30,76eec2fc96a037ca40470deada846b54796f069719ce947d46e1da81e493df30
unitree_sdk2/thirdparty/include/ddscxx/org/eclipse/cyclonedds/domain/DomainWrap.hpp,unitree_sdk2/thirdparty/include/ddscxx/org/eclipse/cyclonedds/domain/DomainWrap.hpp,unchanged,same,a5a1f9c215adbe0ab9258731c86283655806cb917be376f6a9b9a880dfc5f486,a5a1f9c215adbe0ab9258731c86283655806cb917be376f6a9b9a880dfc5f486
unitree_sdk2/thirdparty/include/ddscxx/org/eclipse/cyclonedds/domain/qos/DomainParticipantQosDelegate.hpp,unitree_sdk2/thirdparty/include/ddscxx/org/eclipse/cyclonedds/domain/qos/DomainParticipantQosDelegate.hpp,unchanged,same,9418e017a8042a5557a434ed8484c5435b2f40ba122e127b119670c54c92c558,9418e017a8042a5557a434ed8484c5435b2f40ba122e127b119670c54c92c558
unitree_sdk2/thirdparty/include/ddscxx/org/eclipse/cyclonedds/pub/AnyDataWriterDelegate.hpp,unitree_sdk2/thirdparty/include/ddscxx/org/eclipse/cyclonedds/pub/AnyDataWriterDelegate.hpp,unchanged,same,da0228d3531b9d504c2c43566250637e12e6bfd8482022898a311b9b1172c5a4,da0228d3531b9d504c2c43566250637e12e6bfd8482022898a311b9b1172c5a4
unitree_sdk2/thirdparty/include/ddscxx/org/eclipse/cyclonedds/pub/CoherentSetDelegate.hpp,unitree_sdk2/thirdparty/include/ddscxx/org/eclipse/cyclonedds/pub/CoherentSetDelegate.hpp,unchanged,same,213af6082864b59f7f2a30a43d5945408879efc52d007079c23dd71ae96a55d9,213af6082864b59f7f2a30a43d5945408879efc52d007079c23dd71ae96a55d9
unitree_sdk2/thirdparty/include/ddscxx/org/eclipse/cyclonedds/pub/PublisherDelegate.hpp,unitree_sdk2/thirdparty/include/ddscxx/org/eclipse/cyclonedds/pub/PublisherDelegate.hpp,unchanged,same,df9ef293beebad3fcb933138670246553c8a375ce826eece28654754604be7c6,df9ef293beebad3fcb933138670246553c8a375ce826eece28654754604be7c6
unitree_sdk2/thirdparty/include/ddscxx/org/eclipse/cyclonedds/pub/SuspendedPublicationDelegate.hpp,unitree_sdk2/thirdparty/include/ddscxx/org/eclipse/cyclonedds/pub/SuspendedPublicationDelegate.hpp,unchanged,same,a3e1d8f6c87bd7ed4c34e0f3a541a4c1beacf5758b471fc0ad593fe8005b8772,a3e1d8f6c87bd7ed4c34e0f3a541a4c1beacf5758b471fc0ad593fe8005b8772
unitree_sdk2/thirdparty/include/ddscxx/org/eclipse/cyclonedds/pub/qos/PublisherQosDelegate.hpp,unitree_sdk2/thirdparty/include/ddscxx/org/eclipse/cyclonedds/pub/qos/PublisherQosDelegate.hpp,unchanged,same,a71177dc001519951b3547ddeec093176825ec4ae038583dc97ce3cb864c3603,a71177dc001519951b3547ddeec093176825ec4ae038583dc97ce3cb864c3603
unitree_sdk2/thirdparty/include/ddscxx/org/eclipse/cyclonedds/pub/qos/DataWriterQosDelegate.hpp,unitree_sdk2/thirdparty/include/ddscxx/org/eclipse/cyclonedds/pub/qos/DataWriterQosDelegate.hpp,unchanged,same,3d129a25c45aa45ced433afd2546f2f06e98a5ff03ede6607d032d1ff308d922,3d129a25c45aa45ced433afd2546f2f06e98a5ff03ede6607d032d1ff308d922
unitree_sdk2/thirdparty/include/ddscxx/org/eclipse/cyclonedds/core/QosProviderDelegate.hpp,unitree_sdk2/thirdparty/include/ddscxx/org/eclipse/cyclonedds/core/QosProviderDelegate.hpp,unchanged,same,1ca27d533b08778bd1b5dfb70748b3a6bfd728d9d2df7ea4d32e63f528fecd10,1ca27d533b08778bd1b5dfb70748b3a6bfd728d9d2df7ea4d32e63f528fecd10
unitree_sdk2/thirdparty/include/ddscxx/org/eclipse/cyclonedds/core/ObjectDelegate.hpp,unitree_sdk2/thirdparty/include/ddscxx/org/eclipse/cyclonedds/core/ObjectDelegate.hpp,unchanged,same,64ac3e89a1f067387e1da7c5dfcf429cc26c37bed75ba9057cccc4fec278764e,64ac3e89a1f067387e1da7c5dfcf429cc26c37bed75ba9057cccc4fec278764e
unitree_sdk2/thirdparty/include/ddscxx/org/eclipse/cyclonedds/core/TimeHelper.hpp,unitree_sdk2/thirdparty/include/ddscxx/org/eclipse/cyclonedds/core/TimeHelper.hpp,unchanged,same,3e5980636d67f7ddf7c4d7469ec35618ccf3d6883c9106dfea612cb3ccde4e8c,3e5980636d67f7ddf7c4d7469ec35618ccf3d6883c9106dfea612cb3ccde4e8c
unitree_sdk2/thirdparty/include/ddscxx/org/eclipse/cyclonedds/core/ObjectSet.hpp,unitree_sdk2/thirdparty/include/ddscxx/org/eclipse/cyclonedds/core/ObjectSet.hpp,unchanged,same,e51723e17b81889355981774b793b6953004dde5cc74f06a160e6f965a80b8ae,e51723e17b81889355981774b793b6953004dde5cc74f06a160e6f965a80b8ae
unitree_sdk2/thirdparty/include/ddscxx/org/eclipse/cyclonedds/core/DDScObjectDelegate.hpp,unitree_sdk2/thirdparty/include/ddscxx/org/eclipse/cyclonedds/core/DDScObjectDelegate.hpp,unchanged,same,6b94f25bf06deb880db655bd555ff0d392340a4f871d05e7db55be7fb902ad6a,6b94f25bf06deb880db655bd555ff0d392340a4f871d05e7db55be7fb902ad6a
unitree_sdk2/thirdparty/include/ddscxx/org/eclipse/cyclonedds/core/ScopedLock.hpp,unitree_sdk2/thirdparty/include/ddscxx/org/eclipse/cyclonedds/core/ScopedLock.hpp,unchanged,same,87b5134d8c41539bd5e1e40ba310d032b09ee224641428abfd12ae61b306fb7b,87b5134d8c41539bd5e1e40ba310d032b09ee224641428abfd12ae61b306fb7b
unitree_sdk2/thirdparty/include/ddscxx/org/eclipse/cyclonedds/core/type_helpers.hpp,unitree_sdk2/thirdparty/include/ddscxx/org/eclipse/cyclonedds/core/type_helpers.hpp,unchanged,same,47ab82d168000b347c3191590f1ba87dbd8420b215a3e62d0e64007a686cced7,47ab82d168000b347c3191590f1ba87dbd8420b215a3e62d0e64007a686cced7
unitree_sdk2/thirdparty/include/ddscxx/org/eclipse/cyclonedds/core/WeakReferenceSet.hpp,unitree_sdk2/thirdparty/include/ddscxx/org/eclipse/cyclonedds/core/WeakReferenceSet.hpp,unchanged,same,945e0273ff38f8e98cf882cbfece525429f18ebc07100bbd892683564db8cdc0,945e0273ff38f8e98cf882cbfece525429f18ebc07100bbd892683564db8cdc0
unitree_sdk2/thirdparty/include/ddscxx/org/eclipse/cyclonedds/core/EntitySet.hpp,unitree_sdk2/thirdparty/include/ddscxx/org/eclipse/cyclonedds/core/EntitySet.hpp,unchanged,same,a1063a364b38990d35a6acccaebdcbc16e2e0a1749704d8a2de2476b2e7934bf,a1063a364b38990d35a6acccaebdcbc16e2e0a1749704d8a2de2476b2e7934bf
unitree_sdk2/thirdparty/include/ddscxx/org/eclipse/cyclonedds/core/ListenerDispatcher.hpp,unitree_sdk2/thirdparty/include/ddscxx/org/eclipse/cyclonedds/core/ListenerDispatcher.hpp,unchanged,same,db31e1945da8c1047cebb19897f260fef5b70b121bcae69db16c13f6a4256d66,db31e1945da8c1047cebb19897f260fef5b70b121bcae69db16c13f6a4256d66
unitree_sdk2/thirdparty/include/ddscxx/org/eclipse/cyclonedds/core/config.hpp,unitree_sdk2/thirdparty/include/ddscxx/org/eclipse/cyclonedds/core/config.hpp,unchanged,same,087ecc43fb93e387f9e76a284617795ce640ff28dc8dd8f795aafe63e3b24c5f,087ecc43fb93e387f9e76a284617795ce640ff28dc8dd8f795aafe63e3b24c5f
unitree_sdk2/thirdparty/include/ddscxx/org/eclipse/cyclonedds/core/Mutex.hpp,unitree_sdk2/thirdparty/include/ddscxx/org/eclipse/cyclonedds/core/Mutex.hpp,unchanged,same,061430033e0328e238b03e75a1f8abc99d77134fe6d737efb2fc9acec30c8caf,061430033e0328e238b03e75a1f8abc99d77134fe6d737efb2fc9acec30c8caf
unitree_sdk2/thirdparty/include/ddscxx/org/eclipse/cyclonedds/core/MiscUtils.hpp,unitree_sdk2/thirdparty/include/ddscxx/org/eclipse/cyclonedds/core/MiscUtils.hpp,unchanged,same,91422df0093743cbbbfb2a87078d864babcfd1511107c54a238bd12348b50a3d,91422df0093743cbbbfb2a87078d864babcfd1511107c54a238bd12348b50a3d
unitree_sdk2/thirdparty/include/ddscxx/org/eclipse/cyclonedds/core/EntityDelegate.hpp,unitree_sdk2/thirdparty/include/ddscxx/org/eclipse/cyclonedds/core/EntityDelegate.hpp,unchanged,same,ef659e8ed2cc2fb04e43b9947470b040aca67033e6969b594c56ad481f48ddc7,ef659e8ed2cc2fb04e43b9947470b040aca67033e6969b594c56ad481f48ddc7
unitree_sdk2/thirdparty/include/ddscxx/org/eclipse/cyclonedds/core/EntityRegistry.hpp,unitree_sdk2/thirdparty/include/ddscxx/org/eclipse/cyclonedds/core/EntityRegistry.hpp,unchanged,same,f565770e145c1bfa00da5fa05ef74436409c29ed68982da2eb11e8bcfd3818e0,f565770e145c1bfa00da5fa05ef74436409c29ed68982da2eb11e8bcfd3818e0
unitree_sdk2/thirdparty/include/ddscxx/org/eclipse/cyclonedds/core/InstanceHandleDelegate.hpp,unitree_sdk2/thirdparty/include/ddscxx/org/eclipse/cyclonedds/core/InstanceHandleDelegate.hpp,unchanged,same,4b92bb68e03b7d67142d108f7c70c10872389a85794c401972307d7890a8249e,4b92bb68e03b7d67142d108f7c70c10872389a85794c401972307d7890a8249e
unitree_sdk2/thirdparty/include/ddscxx/org/eclipse/cyclonedds/core/Missing.hpp,unitree_sdk2/thirdparty/include/ddscxx/org/eclipse/cyclonedds/core/Missing.hpp,unchanged,same,08eef96f6e479ba930e93495960a7b5d66ad536cacda4f58e8b6e5495a61c006,08eef96f6e479ba930e93495960a7b5d66ad536cacda4f58e8b6e5495a61c006
unitree_sdk2/thirdparty/include/ddscxx/org/eclipse/cyclonedds/core/ReportUtils.hpp,unitree_sdk2/thirdparty/include/ddscxx/org/eclipse/cyclonedds/core/ReportUtils.hpp,unchanged,same,542ce475907a1fc688244f0f3c64a2fabdca1d74a6c5fe3f206299d10bbc8d1d,542ce475907a1fc688244f0f3c64a2fabdca1d74a6c5fe3f206299d10bbc8d1d
unitree_sdk2/thirdparty/include/ddscxx/org/eclipse/cyclonedds/core/cond/WaitSetDelegate.hpp,unitree_sdk2/thirdparty/include/ddscxx/org/eclipse/cyclonedds/core/cond/WaitSetDelegate.hpp,unchanged,same,7e179a9757d389bc40bc13b7daf7ec452b1cdc544c29eeddd93e8bd12912b04e,7e179a9757d389bc40bc13b7daf7ec452b1cdc544c29eeddd93e8bd12912b04e
unitree_sdk2/thirdparty/include/ddscxx/org/eclipse/cyclonedds/core/cond/ConditionDelegate.hpp,unitree_sdk2/thirdparty/include/ddscxx/org/eclipse/cyclonedds/core/cond/ConditionDelegate.hpp,unchanged,same,9f7d8989db971ecf275e4b92171b05b460463fc724e676f0023093912661cf8a,9f7d8989db971ecf275e4b92171b05b460463fc724e676f0023093912661cf8a
unitree_sdk2/thirdparty/include/ddscxx/org/eclipse/cyclonedds/core/cond/GuardConditionDelegate.hpp,unitree_sdk2/thirdparty/include/ddscxx/org/eclipse/cyclonedds/core/cond/GuardConditionDelegate.hpp,unchanged,same,4aeb5dc15d08280c9335955ff814b1ec9250fb858a010472cbc2246787938413,4aeb5dc15d08280c9335955ff814b1ec9250fb858a010472cbc2246787938413
unitree_sdk2/thirdparty/include/ddscxx/org/eclipse/cyclonedds/core/cond/FunctorHolder.hpp,unitree_sdk2/thirdparty/include/ddscxx/org/eclipse/cyclonedds/core/cond/FunctorHolder.hpp,unchanged,same,4dee3c80994bc0f1dd0be221f742697d6cf79e669cdc5a855d71a8d329e923a0,4dee3c80994bc0f1dd0be221f742697d6cf79e669cdc5a855d71a8d329e923a0
unitree_sdk2/thirdparty/include/ddscxx/org/eclipse/cyclonedds/core/cond/ShadowParticipant.hpp,unitree_sdk2/thirdparty/include/ddscxx/org/eclipse/cyclonedds/core/cond/ShadowParticipant.hpp,unchanged,same,b4fb5e5e036586758ffb5564dfa9593ceeb915895c00d41a024972e0f712edbf,b4fb5e5e036586758ffb5564dfa9593ceeb915895c00d41a024972e0f712edbf
unitree_sdk2/thirdparty/include/ddscxx/org/eclipse/cyclonedds/core/cond/StatusConditionDelegate.hpp,unitree_sdk2/thirdparty/include/ddscxx/org/eclipse/cyclonedds/core/cond/StatusConditionDelegate.hpp,unchanged,same,148b4dba91ff4fbe30eca691ce2175edac1bca527074981283c6620c28f004a2,148b4dba91ff4fbe30eca691ce2175edac1bca527074981283c6620c28f004a2
unitree_sdk2/thirdparty/include/ddscxx/org/eclipse/cyclonedds/core/policy/PolicyDelegate.hpp,unitree_sdk2/thirdparty/include/ddscxx/org/eclipse/cyclonedds/core/policy/PolicyDelegate.hpp,unchanged,same,e6bb9264f8fb633c120a0c3d5087886e4e33fea46094834cbc81e17f0eb33256,e6bb9264f8fb633c120a0c3d5087886e4e33fea46094834cbc81e17f0eb33256
unitree_sdk2/thirdparty/include/ddscxx/org/eclipse/cyclonedds/core/policy/Policy.hpp,unitree_sdk2/thirdparty/include/ddscxx/org/eclipse/cyclonedds/core/policy/Policy.hpp,unchanged,same,47dbeaebd9f5058a7ccb6ce256831462d84b05e420318d75347c577277f376ba,47dbeaebd9f5058a7ccb6ce256831462d84b05e420318d75347c577277f376ba
unitree_sdk2/thirdparty/include/ddscxx/org/eclipse/cyclonedds/core/policy/ProprietaryPolicyKind.hpp,unitree_sdk2/thirdparty/include/ddscxx/org/eclipse/cyclonedds/core/policy/ProprietaryPolicyKind.hpp,unchanged,same,30c956510c8423380c49ddd2a386c08b6122c500bcfedfbba2b526f18c0d4dd8,30c956510c8423380c49ddd2a386c08b6122c500bcfedfbba2b526f18c0d4dd8
unitree_sdk2/thirdparty/include/ddscxx/org/eclipse/cyclonedds/core/policy/TPolicy.hpp,unitree_sdk2/thirdparty/include/ddscxx/org/eclipse/cyclonedds/core/policy/TPolicy.hpp,unchanged,same,5ba099986399302bd032ef772a08a69d2012bbfebd1a287dbe8e8dcb45887c49,5ba099986399302bd032ef772a08a69d2012bbfebd1a287dbe8e8dcb45887c49
unitree_sdk2/thirdparty/include/ddscxx/org/eclipse/cyclonedds/core/policy/QosPolicyCountDelegate.hpp,unitree_sdk2/thirdparty/include/ddscxx/org/eclipse/cyclonedds/core/policy/QosPolicyCountDelegate.hpp,unchanged,same,863439f87885ec9939a9aa9135e15b61b7cde28a5660d391136564b49d502fcd,863439f87885ec9939a9aa9135e15b61b7cde28a5660d391136564b49d502fcd
unitree_sdk2/thirdparty/include/ddscxx/org/eclipse/cyclonedds/core/cdr/basic_cdr_ser.hpp,unitree_sdk2/thirdparty/include/ddscxx/org/eclipse/cyclonedds/core/cdr/basic_cdr_ser.hpp,unchanged,same,6cb8ae56eacd1a3bdf81ed9f72cc9a0a6e77f002bbe30ff2b2d0df91da3671ec,6cb8ae56eacd1a3bdf81ed9f72cc9a0a6e77f002bbe30ff2b2d0df91da3671ec
unitree_sdk2/thirdparty/include/ddscxx/org/eclipse/cyclonedds/core/cdr/fragchain.hpp,unitree_sdk2/thirdparty/include/ddscxx/org/eclipse/cyclonedds/core/cdr/fragchain.hpp,unchanged,same,a2e02189fdfaeb727a5d52e4e6ecbccd89221fc26f1a454e435737ca27639c5b,a2e02189fdfaeb727a5d52e4e6ecbccd89221fc26f1a454e435737ca27639c5b
unitree_sdk2/thirdparty/include/ddscxx/org/eclipse/cyclonedds/core/cdr/entity_properties.hpp,unitree_sdk2/thirdparty/include/ddscxx/org/eclipse/cyclonedds/core/cdr/entity_properties.hpp,unchanged,same,05e38b64a4f595bb7b16cfd371be9db5fed268d020eb7cbe1e84ecaff6d16214,05e38b64a4f595bb7b16cfd371be9db5fed268d020eb7cbe1e84ecaff6d16214
unitree_sdk2/thirdparty/include/ddscxx/org/eclipse/cyclonedds/core/cdr/extended_cdr_v2_ser.hpp,unitree_sdk2/thirdparty/include/ddscxx/org/eclipse/cyclonedds/core/cdr/extended_cdr_v2_ser.hpp,unchanged,same,412eae16f4aff5d7e4ec547f74e64ef24c0a4c62ba13bc0b6abe0885c56fa3e5,412eae16f4aff5d7e4ec547f74e64ef24c0a4c62ba13bc0b6abe0885c56fa3e5
unitree_sdk2/thirdparty/include/ddscxx/org/eclipse/cyclonedds/core/cdr/extended_cdr_v1_ser.hpp,unitree_sdk2/thirdparty/include/ddscxx/org/eclipse/cyclonedds/core/cdr/extended_cdr_v1_ser.hpp,unchanged,same,1c4aca3ea0a1b14bcb90c203161cb016b197aeb286748beaed17863fed6e934c,1c4aca3ea0a1b14bcb90c203161cb016b197aeb286748beaed17863fed6e934c
unitree_sdk2/thirdparty/include/ddscxx/org/eclipse/cyclonedds/core/cdr/cdr_stream.hpp,unitree_sdk2/thirdparty/include/ddscxx/org/eclipse/cyclonedds/core/cdr/cdr_stream.hpp,unchanged,same,cf9cfe98117875815255e9155b8b05927f29a693cb26144c97f97ccfab678d4a,cf9cfe98117875815255e9155b8b05927f29a693cb26144c97f97ccfab678d4a
unitree_sdk2/thirdparty/include/ddscxx/org/eclipse/cyclonedds/core/cdr/cdr_enums.hpp,unitree_sdk2/thirdparty/include/ddscxx/org/eclipse/cyclonedds/core/cdr/cdr_enums.hpp,unchanged,same,f28c135edaa3bcde5fbd2f973478bcbad82e5a872c0b49f554c5557321d46a93,f28c135edaa3bcde5fbd2f973478bcbad82e5a872c0b49f554c5557321d46a93
unitree_sdk2/thirdparty/include/ddscxx/org/eclipse/cyclonedds/core/status/StatusDelegate.hpp,unitree_sdk2/thirdparty/include/ddscxx/org/eclipse/cyclonedds/core/status/StatusDelegate.hpp,unchanged,same,71ac9a67522e8d3430a5b53711b598b2fa2a6512697cf7fb9b1df95a99db8349,71ac9a67522e8d3430a5b53711b598b2fa2a6512697cf7fb9b1df95a99db8349
unitree_sdk2/thirdparty/include/ddscxx/dds/features.hpp,unitree_sdk2/thirdparty/include/ddscxx/dds/features.hpp,unchanged,same,d8b08e80aad9a1df58a525a1836e172a5850cb53f8b71dd3cb70963a24885552,d8b08e80aad9a1df58a525a1836e172a5850cb53f8b71dd3cb70963a24885552
unitree_sdk2/thirdparty/include/ddscxx/dds/dds.hpp,unitree_sdk2/thirdparty/include/ddscxx/dds/dds.hpp,unchanged,same,26e64f97075cc70b8ea5ef4dd1243f9652e95178632c1bac11a16bc66e8b8d13,26e64f97075cc70b8ea5ef4dd1243f9652e95178632c1bac11a16bc66e8b8d13
unitree_sdk2/thirdparty/include/ddscxx/dds/LICENSE,unitree_sdk2/thirdparty/include/ddscxx/dds/LICENSE,unchanged,same,f488e281725adde462c509094049f2d38c58cb65492636451c7a9a5322281ae4,f488e281725adde462c509094049f2d38c58cb65492636451c7a9a5322281ae4
unitree_sdk2/thirdparty/include/ddscxx/dds/topic/TAnyTopic.hpp,unitree_sdk2/thirdparty/include/ddscxx/dds/topic/TAnyTopic.hpp,unchanged,same,dd3df93e4d549dab7edd8901c90b7109d1223b9028a74a30235a85c5a3b80f90,dd3df93e4d549dab7edd8901c90b7109d1223b9028a74a30235a85c5a3b80f90
unitree_sdk2/thirdparty/include/ddscxx/dds/topic/Filter.hpp,unitree_sdk2/thirdparty/include/ddscxx/dds/topic/Filter.hpp,unchanged,same,c9eb3bcb8c57a5cd5a217d067c4013ad4c69111237ced78b108d2cf33f54523e,c9eb3bcb8c57a5cd5a217d067c4013ad4c69111237ced78b108d2cf33f54523e
unitree_sdk2/thirdparty/include/ddscxx/dds/topic/TBuiltinTopic.hpp,unitree_sdk2/thirdparty/include/ddscxx/dds/topic/TBuiltinTopic.hpp,unchanged,same,48062f7161314c6653fbdcd2c0bf1f73d962ce5c97f23776bccde713e5574205,48062f7161314c6653fbdcd2c0bf1f73d962ce5c97f23776bccde713e5574205
unitree_sdk2/thirdparty/include/ddscxx/dds/topic/BuiltinTopic.hpp,unitree_sdk2/thirdparty/include/ddscxx/dds/topic/BuiltinTopic.hpp,unchanged,same,ea1f342cd24779187a15a438c969eb02cd067a889d9a768779e26f369f37d4f6,ea1f342cd24779187a15a438c969eb02cd067a889d9a768779e26f369f37d4f6
unitree_sdk2/thirdparty/include/ddscxx/dds/topic/AnyTopic.hpp,unitree_sdk2/thirdparty/include/ddscxx/dds/topic/AnyTopic.hpp,unchanged,same,a8cf7287b5462781990979f40333310ec97c517e7cd159b57d4dbb86b0fe6ef3,a8cf7287b5462781990979f40333310ec97c517e7cd159b57d4dbb86b0fe6ef3
unitree_sdk2/thirdparty/include/ddscxx/dds/topic/find.hpp,unitree_sdk2/thirdparty/include/ddscxx/dds/topic/find.hpp,unchanged,same,0bb00ff0fa99ba5d5443b38a9a224a0e9db760b8d98207b4cf0da34a2ea804c0,0bb00ff0fa99ba5d5443b38a9a224a0e9db760b8d98207b4cf0da34a2ea804c0
unitree_sdk2/thirdparty/include/ddscxx/dds/topic/AnyTopicListener.hpp,unitree_sdk2/thirdparty/include/ddscxx/dds/topic/AnyTopicListener.hpp,unchanged,same,20bf78be98ad902f4119f827c28c6395f40228ceb8cb60e0c5b428507ec4a1b6,20bf78be98ad902f4119f827c28c6395f40228ceb8cb60e0c5b428507ec4a1b6
unitree_sdk2/thirdparty/include/ddscxx/dds/topic/TopicInstance.hpp,unitree_sdk2/thirdparty/include/ddscxx/dds/topic/TopicInstance.hpp,unchanged,same,2e41aaa84fb0554073a5c38b025a409b2cff4ff8cb879de85e8f3699191f3cf4,2e41aaa84fb0554073a5c38b025a409b2cff4ff8cb879de85e8f3699191f3cf4
unitree_sdk2/thirdparty/include/ddscxx/dds/topic/TopicTraits.hpp,unitree_sdk2/thirdparty/include/ddscxx/dds/topic/TopicTraits.hpp,unchanged,same,a5e82dea9c064e7dadf8c408385e2a0c25d869b64304c55e7cc23977f7afd9f8,a5e82dea9c064e7dadf8c408385e2a0c25d869b64304c55e7cc23977f7afd9f8
unitree_sdk2/thirdparty/include/ddscxx/dds/topic/TFilter.hpp,unitree_sdk2/thirdparty/include/ddscxx/dds/topic/TFilter.hpp,unchanged,same,83cb300b525570ed9180ff6f62d1f805a900daaacfcbf28a0608fa508ca6554a,83cb300b525570ed9180ff6f62d1f805a900daaacfcbf28a0608fa508ca6554a
unitree_sdk2/thirdparty/include/ddscxx/dds/topic/MultiTopic.hpp,unitree_sdk2/thirdparty/include/ddscxx/dds/topic/MultiTopic.hpp,unchanged,same,fce51f1255fdfefe489e4339554904d4c8188ea5de52c3858dd336cebe3ac1fc,fce51f1255fdfefe489e4339554904d4c8188ea5de52c3858dd336cebe3ac1fc
unitree_sdk2/thirdparty/include/ddscxx/dds/topic/ddstopic.hpp,unitree_sdk2/thirdparty/include/ddscxx/dds/topic/ddstopic.hpp,unchanged,same,610203a3b5150f5c2e5f5cf82f051ba5ee135275d8d9391b7cd34c95ff34dcf9,610203a3b5150f5c2e5f5cf82f051ba5ee135275d8d9391b7cd34c95ff34dcf9
unitree_sdk2/thirdparty/include/ddscxx/dds/topic/TopicListener.hpp,unitree_sdk2/thirdparty/include/ddscxx/dds/topic/TopicListener.hpp,unchanged,same,ac6747bdea8cba672f5c53a5943f867f104cb1cc65ad86102d7e9b819763611b,ac6747bdea8cba672f5c53a5943f867f104cb1cc65ad86102d7e9b819763611b
unitree_sdk2/thirdparty/include/ddscxx/dds/topic/TBuiltinTopicKey.hpp,unitree_sdk2/thirdparty/include/ddscxx/dds/topic/TBuiltinTopicKey.hpp,unchanged,same,deddb932fb936b6ecd89436d1bbb0e3632a2515b3a2286fd2aadfe666f841d35,deddb932fb936b6ecd89436d1bbb0e3632a2515b3a2286fd2aadfe666f841d35
unitree_sdk2/thirdparty/include/ddscxx/dds/topic/TopicDescription.hpp,unitree_sdk2/thirdparty/include/ddscxx/dds/topic/TopicDescription.hpp,unchanged,same,2fe739cee7e04791905fc2d8e95db9457e35db1b4f959734292c543fa9069bef,2fe739cee7e04791905fc2d8e95db9457e35db1b4f959734292c543fa9069bef
unitree_sdk2/thirdparty/include/ddscxx/dds/topic/discovery.hpp,unitree_sdk2/thirdparty/include/ddscxx/dds/topic/discovery.hpp,unchanged,same,663c3aba18f52c635c6ac9ec12c0bbbe408761b7951ff72e1136091044df21ea,663c3aba18f52c635c6ac9ec12c0bbbe408761b7951ff72e1136091044df21ea
unitree_sdk2/thirdparty/include/ddscxx/dds/topic/TContentFilteredTopic.hpp,unitree_sdk2/thirdparty/include/ddscxx/dds/topic/TContentFilteredTopic.hpp,unchanged,same,873c83a490cd68aa4f23dc96aa8932179b14d3b2339f899723f16db121b079c9,873c83a490cd68aa4f23dc96aa8932179b14d3b2339f899723f16db121b079c9
unitree_sdk2/thirdparty/include/ddscxx/dds/topic/TMultiTopic.hpp,unitree_sdk2/thirdparty/include/ddscxx/dds/topic/TMultiTopic.hpp,unchanged,same,1b32d8da612936bd2ad08362c88d28fc47a6225a8f0f56c3061599674a82ef72,1b32d8da612936bd2ad08362c88d28fc47a6225a8f0f56c3061599674a82ef72
unitree_sdk2/thirdparty/include/ddscxx/dds/topic/ContentFilteredTopic.hpp,unitree_sdk2/thirdparty/include/ddscxx/dds/topic/ContentFilteredTopic.hpp,unchanged,same,374681e6e175858f27377f5028aa423ec1efda1c71a99ca73773aaf91af2c6f3,374681e6e175858f27377f5028aa423ec1efda1c71a99ca73773aaf91af2c6f3
unitree_sdk2/thirdparty/include/ddscxx/dds/topic/TTopic.hpp,unitree_sdk2/thirdparty/include/ddscxx/dds/topic/TTopic.hpp,unchanged,same,c6ad39365f41cd33f8b12f7cbbfdd12b5eb29c27a1484f6a6a68d5d4f58b03fd,c6ad39365f41cd33f8b12f7cbbfdd12b5eb29c27a1484f6a6a68d5d4f58b03fd
unitree_sdk2/thirdparty/include/ddscxx/dds/topic/BuiltinTopicKey.hpp,unitree_sdk2/thirdparty/include/ddscxx/dds/topic/BuiltinTopicKey.hpp,unchanged,same,9a9e60865094d9eefb0343e10a677c7432ddb8de60235c23b2ee61cf6f7899ae,9a9e60865094d9eefb0343e10a677c7432ddb8de60235c23b2ee61cf6f7899ae
unitree_sdk2/thirdparty/include/ddscxx/dds/topic/Topic.hpp,unitree_sdk2/thirdparty/include/ddscxx/dds/topic/Topic.hpp,unchanged,same,ae545f80551106d67321dd960977a0c4cbcec8b835f99478a800691c1e779247,ae545f80551106d67321dd960977a0c4cbcec8b835f99478a800691c1e779247
unitree_sdk2/thirdparty/include/ddscxx/dds/topic/TTopicDescription.hpp,unitree_sdk2/thirdparty/include/ddscxx/dds/topic/TTopicDescription.hpp,unchanged,same,3d85bd2af71134dadf39fcb3c9eb5e16c0ef1e97d1ecd4434c4f9d1122663da7,3d85bd2af71134dadf39fcb3c9eb5e16c0ef1e97d1ecd4434c4f9d1122663da7
unitree_sdk2/thirdparty/include/ddscxx/dds/topic/qos/TopicQos.hpp,unitree_sdk2/thirdparty/include/ddscxx/dds/topic/qos/TopicQos.hpp,unchanged,same,28dc74b028720eac4d88ee212dc096322fa0564a9b768366e3eee21cd9101e7b,28dc74b028720eac4d88ee212dc096322fa0564a9b768366e3eee21cd9101e7b
unitree_sdk2/thirdparty/include/ddscxx/dds/topic/qos/detail/TopicQos.hpp,unitree_sdk2/thirdparty/include/ddscxx/dds/topic/qos/detail/TopicQos.hpp,unchanged,same,8039ce00930b2f8fb0dea208996ea64863870171146f8e0783f3d4a8e3635bc8,8039ce00930b2f8fb0dea208996ea64863870171146f8e0783f3d4a8e3635bc8
unitree_sdk2/thirdparty/include/ddscxx/dds/topic/detail/TContentFilteredTopicImpl.hpp,unitree_sdk2/thirdparty/include/ddscxx/dds/topic/detail/TContentFilteredTopicImpl.hpp,unchanged,same,d404c9115910e53171e130563b8195504388592f2e904ebd3fa6c248a55a478d,d404c9115910e53171e130563b8195504388592f2e904ebd3fa6c248a55a478d
unitree_sdk2/thirdparty/include/ddscxx/dds/topic/detail/Filter.hpp,unitree_sdk2/thirdparty/include/ddscxx/dds/topic/detail/Filter.hpp,unchanged,same,e50329dd1f9cd32404205432bc25eec6aae53307099843fa5113b6b9f30b07a2,e50329dd1f9cd32404205432bc25eec6aae53307099843fa5113b6b9f30b07a2
unitree_sdk2/thirdparty/include/ddscxx/dds/topic/detail/TFilterImpl.hpp,unitree_sdk2/thirdparty/include/ddscxx/dds/topic/detail/TFilterImpl.hpp,unchanged,same,8844e9d5532fd3211f25d15c8b0a592f68f8942832fc72e0954a64ce9fef40a0,8844e9d5532fd3211f25d15c8b0a592f68f8942832fc72e0954a64ce9fef40a0
unitree_sdk2/thirdparty/include/ddscxx/dds/topic/detail/TopicInstanceImpl.hpp,unitree_sdk2/thirdparty/include/ddscxx/dds/topic/detail/TopicInstanceImpl.hpp,unchanged,same,950abab1b1641c90e2a9e0d876d2ee2be4935d88a06436f82377364240c25444,950abab1b1641c90e2a9e0d876d2ee2be4935d88a06436f82377364240c25444
unitree_sdk2/thirdparty/include/ddscxx/dds/topic/detail/BuiltinTopic.hpp,unitree_sdk2/thirdparty/include/ddscxx/dds/topic/detail/BuiltinTopic.hpp,unchanged,same,f356d5d6e409c33118779392af5b98a57ebd89771d08b0c2fc01a8269a3a3deb,f356d5d6e409c33118779392af5b98a57ebd89771d08b0c2fc01a8269a3a3deb
unitree_sdk2/thirdparty/include/ddscxx/dds/topic/detail/AnyTopic.hpp,unitree_sdk2/thirdparty/include/ddscxx/dds/topic/detail/AnyTopic.hpp,unchanged,same,e2b910ccecf5734f060812deb2bcf27135c9e2587bfd6bfef2538788540f357b,e2b910ccecf5734f060812deb2bcf27135c9e2587bfd6bfef2538788540f357b
unitree_sdk2/thirdparty/include/ddscxx/dds/topic/detail/find.hpp,unitree_sdk2/thirdparty/include/ddscxx/dds/topic/detail/find.hpp,unchanged,same,1c8235350b95294a597838571590e41a6e39d979d76dfafa132d78de6096318f,1c8235350b95294a597838571590e41a6e39d979d76dfafa132d78de6096318f
unitree_sdk2/thirdparty/include/ddscxx/dds/topic/detail/TBuiltinTopicImpl.hpp,unitree_sdk2/thirdparty/include/ddscxx/dds/topic/detail/TBuiltinTopicImpl.hpp,unchanged,same,5209da2aeb7ef52ec27da23c5319791331b6f77cee50a76480022e4339679dac,5209da2aeb7ef52ec27da23c5319791331b6f77cee50a76480022e4339679dac
unitree_sdk2/thirdparty/include/ddscxx/dds/topic/detail/TAnyTopicImpl.hpp,unitree_sdk2/thirdparty/include/ddscxx/dds/topic/detail/TAnyTopicImpl.hpp,unchanged,same,7029e41014683f05846684543e56a1483a7ff67caac7eda8ace3c621d5700f03,7029e41014683f05846684543e56a1483a7ff67caac7eda8ace3c621d5700f03
unitree_sdk2/thirdparty/include/ddscxx/dds/topic/detail/MultiTopic.hpp,unitree_sdk2/thirdparty/include/ddscxx/dds/topic/detail/MultiTopic.hpp,unchanged,same,66603c1c65b9484b684dff4864438562be3ce0abfad14770f59cf72ace8aac66,66603c1c65b9484b684dff4864438562be3ce0abfad14770f59cf72ace8aac66
unitree_sdk2/thirdparty/include/ddscxx/dds/topic/detail/TTopicImpl.hpp,unitree_sdk2/thirdparty/include/ddscxx/dds/topic/detail/TTopicImpl.hpp,unchanged,same,f9be369ad1b3ced1cbd576de4490907a09789b7d1725becca37770727a4c39b9,f9be369ad1b3ced1cbd576de4490907a09789b7d1725becca37770727a4c39b9
unitree_sdk2/thirdparty/include/ddscxx/dds/topic/detail/ddstopic.hpp,unitree_sdk2/thirdparty/include/ddscxx/dds/topic/detail/ddstopic.hpp,unchanged,same,bd8c146229864a48dfdd18902166c307320b2445a4940232dbf7cc779d4e6714,bd8c146229864a48dfdd18902166c307320b2445a4940232dbf7cc779d4e6714
unitree_sdk2/thirdparty/include/ddscxx/dds/topic/detail/TopicDescription.hpp,unitree_sdk2/thirdparty/include/ddscxx/dds/topic/detail/TopicDescription.hpp,unchanged,same,2f5f57a986b03d344ad11de693cc0638d8bc55c145c8d76a5f472bd4b63ac994,2f5f57a986b03d344ad11de693cc0638d8bc55c145c8d76a5f472bd4b63ac994
unitree_sdk2/thirdparty/include/ddscxx/dds/topic/detail/discovery.hpp,unitree_sdk2/thirdparty/include/ddscxx/dds/topic/detail/discovery.hpp,unchanged,same,51082d1e0746f2b4e92bfa3d165c5acb0437b9d9c934d561e9098b7b35adbb45,51082d1e0746f2b4e92bfa3d165c5acb0437b9d9c934d561e9098b7b35adbb45
unitree_sdk2/thirdparty/include/ddscxx/dds/topic/detail/ContentFilteredTopic.hpp,unitree_sdk2/thirdparty/include/ddscxx/dds/topic/detail/ContentFilteredTopic.hpp,unchanged,same,058f8194e113c84f9919542f69a56a45bfff4d24b59506408d29cc76250a55d5,058f8194e113c84f9919542f69a56a45bfff4d24b59506408d29cc76250a55d5
unitree_sdk2/thirdparty/include/ddscxx/dds/topic/detail/TTopicDescriptionImpl.hpp,unitree_sdk2/thirdparty/include/ddscxx/dds/topic/detail/TTopicDescriptionImpl.hpp,unchanged,same,c8631d492e40048e13c6e173f3440ef366fea2d36bf444fd1839e53db3d331be,c8631d492e40048e13c6e173f3440ef366fea2d36bf444fd1839e53db3d331be
unitree_sdk2/thirdparty/include/ddscxx/dds/topic/detail/BuiltinTopicKey.hpp,unitree_sdk2/thirdparty/include/ddscxx/dds/topic/detail/BuiltinTopicKey.hpp,unchanged,same,766f1a3bf03deda5506a27a28c04475ed3bb45b501770e4d403e2ec2d4ab17e2,766f1a3bf03deda5506a27a28c04475ed3bb45b501770e4d403e2ec2d4ab17e2
unitree_sdk2/thirdparty/include/ddscxx/dds/topic/detail/Topic.hpp,unitree_sdk2/thirdparty/include/ddscxx/dds/topic/detail/Topic.hpp,unchanged,same,fbf92f48591ae0ce2f849fb1583ef992ba230f8838c9f454e3214968603d6b81,fbf92f48591ae0ce2f849fb1583ef992ba230f8838c9f454e3214968603d6b81
unitree_sdk2/thirdparty/include/ddscxx/dds/topic/detail/TBuiltinTopicKeyImpl.hpp,unitree_sdk2/thirdparty/include/ddscxx/dds/topic/detail/TBuiltinTopicKeyImpl.hpp,unchanged,same,d26fbb399d0d951a3062899475f283f31bb2697c8ba63f644f0d2af10b20b9a1,d26fbb399d0d951a3062899475f283f31bb2697c8ba63f644f0d2af10b20b9a1
unitree_sdk2/thirdparty/include/ddscxx/dds/sub/AnyDataReaderListener.hpp,unitree_sdk2/thirdparty/include/ddscxx/dds/sub/AnyDataReaderListener.hpp,unchanged,same,99f39f9e3d4e1dea58958c42cce56de22e5278a233964ab61f927b89dad24b27,99f39f9e3d4e1dea58958c42cce56de22e5278a233964ab61f927b89dad24b27
unitree_sdk2/thirdparty/include/ddscxx/dds/sub/AnyDataReader.hpp,unitree_sdk2/thirdparty/include/ddscxx/dds/sub/AnyDataReader.hpp,unchanged,same,0f5e25852c3bb83e9ee7830ed64e6a0fc897e91f111a9146530aa49d7485367c,0f5e25852c3bb83e9ee7830ed64e6a0fc897e91f111a9146530aa49d7485367c
unitree_sdk2/thirdparty/include/ddscxx/dds/sub/TSample.hpp,unitree_sdk2/thirdparty/include/ddscxx/dds/sub/TSample.hpp,unchanged,same,e1d6f2bd2812072d3733547d20338acd8ebb46091203c163e494d81ced814f95,e1d6f2bd2812072d3733547d20338acd8ebb46091203c163e494d81ced814f95
unitree_sdk2/thirdparty/include/ddscxx/dds/sub/SharedSamples.hpp,unitree_sdk2/thirdparty/include/ddscxx/dds/sub/SharedSamples.hpp,unchanged,same,77e02f6a5076d16311b9373a065ff7b2236e4f268d3e2050408aed33d8869827,77e02f6a5076d16311b9373a065ff7b2236e4f268d3e2050408aed33d8869827
unitree_sdk2/thirdparty/include/ddscxx/dds/sub/DataReader.hpp,unitree_sdk2/thirdparty/include/ddscxx/dds/sub/DataReader.hpp,unchanged,same,8b856364ae938322c6228e4fb101f98f5d7c2ea2fbb7fcdd4848fd518c7101e6,8b856364ae938322c6228e4fb101f98f5d7c2ea2fbb7fcdd4848fd518c7101e6
unitree_sdk2/thirdparty/include/ddscxx/dds/sub/Subscriber.hpp,unitree_sdk2/thirdparty/include/ddscxx/dds/sub/Subscriber.hpp,unchanged,same,4a3b489c83fd876712dd3b442bd8da301cb19b537f09d7a74ff31c27ef717d0c,4a3b489c83fd876712dd3b442bd8da301cb19b537f09d7a74ff31c27ef717d0c
unitree_sdk2/thirdparty/include/ddscxx/dds/sub/Query.hpp,unitree_sdk2/thirdparty/include/ddscxx/dds/sub/Query.hpp,unchanged,same,9326232e43c2af4a20d4a215c2b4f686a1bf578183db0c7cee0c38b0f8adc877,9326232e43c2af4a20d4a215c2b4f686a1bf578183db0c7cee0c38b0f8adc877
unitree_sdk2/thirdparty/include/ddscxx/dds/sub/TGenerationCount.hpp,unitree_sdk2/thirdparty/include/ddscxx/dds/sub/TGenerationCount.hpp,unchanged,same,fad9b1e19b4c42e14608f762f5b588365fbff0743b2ba4fc802d1ca4a48c7a12,fad9b1e19b4c42e14608f762f5b588365fbff0743b2ba4fc802d1ca4a48c7a12
unitree_sdk2/thirdparty/include/ddscxx/dds/sub/SampleInfo.hpp,unitree_sdk2/thirdparty/include/ddscxx/dds/sub/SampleInfo.hpp,unchanged,same,05e0e19b46f594a4fec343d7f30f1fbbd02f6fb5e1df6730e192671217162d10,05e0e19b46f594a4fec343d7f30f1fbbd02f6fb5e1df6730e192671217162d10
unitree_sdk2/thirdparty/include/ddscxx/dds/sub/DataReaderListener.hpp,unitree_sdk2/thirdparty/include/ddscxx/dds/sub/DataReaderListener.hpp,unchanged,same,abde8ed259e468fec8b16899612735d883cfff669657ee0bb99c1f06c6a9fa93,abde8ed259e468fec8b16899612735d883cfff669657ee0bb99c1f06c6a9fa93
unitree_sdk2/thirdparty/include/ddscxx/dds/sub/find.hpp,unitree_sdk2/thirdparty/include/ddscxx/dds/sub/find.hpp,unchanged,same,7fc7174870e15cfddf55b256515e4261616a2e4b16b303ea634534057cefcccb,7fc7174870e15cfddf55b256515e4261616a2e4b16b303ea634534057cefcccb
unitree_sdk2/thirdparty/include/ddscxx/dds/sub/TAnyDataReader.hpp,unitree_sdk2/thirdparty/include/ddscxx/dds/sub/TAnyDataReader.hpp,unchanged,same,de2885d5731c2a8befa8faff661377926faaf616aacc9432cf45df25f5e5ad24,de2885d5731c2a8befa8faff661377926faaf616aacc9432cf45df25f5e5ad24
unitree_sdk2/thirdparty/include/ddscxx/dds/sub/TCoherentAccess.hpp,unitree_sdk2/thirdparty/include/ddscxx/dds/sub/TCoherentAccess.hpp,unchanged,same,a01e1a1d5b0c21077e4167903f42d05c8ec262c3fb1ca2a5ecd05b68967535ba,a01e1a1d5b0c21077e4167903f42d05c8ec262c3fb1ca2a5ecd05b68967535ba
unitree_sdk2/thirdparty/include/ddscxx/dds/sub/GenerationCount.hpp,unitree_sdk2/thirdparty/include/ddscxx/dds/sub/GenerationCount.hpp,unchanged,same,7bc57c775b875ff539f8360d7c2ac5cc862cb930e0dc7f4cfc5afe4bab0d32c0,7bc57c775b875ff539f8360d7c2ac5cc862cb930e0dc7f4cfc5afe4bab0d32c0
unitree_sdk2/thirdparty/include/ddscxx/dds/sub/Sample.hpp,unitree_sdk2/thirdparty/include/ddscxx/dds/sub/Sample.hpp,unchanged,same,b6dab94dd207610711a98d4a25f548523f98969972c33509d5d0aef1f89bf8e1,b6dab94dd207610711a98d4a25f548523f98969972c33509d5d0aef1f89bf8e1
unitree_sdk2/thirdparty/include/ddscxx/dds/sub/Rank.hpp,unitree_sdk2/thirdparty/include/ddscxx/dds/sub/Rank.hpp,unchanged,same,5d259b4050938270c825947d9d0891208ca29c0cda681538d66714c96335f688,5d259b4050938270c825947d9d0891208ca29c0cda681538d66714c96335f688
unitree_sdk2/thirdparty/include/ddscxx/dds/sub/SampleRef.hpp,unitree_sdk2/thirdparty/include/ddscxx/dds/sub/SampleRef.hpp,unchanged,same,281f30f954f91127649246840bcc7fa6c363ec4db7cc1937b73980831b94f0ad,281f30f954f91127649246840bcc7fa6c363ec4db7cc1937b73980831b94f0ad
unitree_sdk2/thirdparty/include/ddscxx/dds/sub/TDataReader.hpp,unitree_sdk2/thirdparty/include/ddscxx/dds/sub/TDataReader.hpp,unchanged,same,654df4317e0f36481e2dfa26d351f08a37c5b6d8fd53ada3497fb287d43fdf30,654df4317e0f36481e2dfa26d351f08a37c5b6d8fd53ada3497fb287d43fdf30
unitree_sdk2/thirdparty/include/ddscxx/dds/sub/ddssub.hpp,unitree_sdk2/thirdparty/include/ddscxx/dds/sub/ddssub.hpp,unchanged,same,0d4fee16af5c1dfc1ec9b27bbab3a5be3dc64b5b08ca503f09d60814542f572f,0d4fee16af5c1dfc1ec9b27bbab3a5be3dc64b5b08ca503f09d60814542f572f
unitree_sdk2/thirdparty/include/ddscxx/dds/sub/discovery.hpp,unitree_sdk2/thirdparty/include/ddscxx/dds/sub/discovery.hpp,unchanged,same,d07b9d33305b72752c760fefe96def349d85efb53da8dd7fdb805d5345b84e8a,d07b9d33305b72752c760fefe96def349d85efb53da8dd7fdb805d5345b84e8a
unitree_sdk2/thirdparty/include/ddscxx/dds/sub/TRank.hpp,unitree_sdk2/thirdparty/include/ddscxx/dds/sub/TRank.hpp,unchanged,same,dfe999e1922813fd052e8ac3624f7c11bfaa32ba323d375ca82bffbc8b2392d9,dfe999e1922813fd052e8ac3624f7c11bfaa32ba323d375ca82bffbc8b2392d9
unitree_sdk2/thirdparty/include/ddscxx/dds/sub/TSampleInfo.hpp,unitree_sdk2/thirdparty/include/ddscxx/dds/sub/TSampleInfo.hpp,unchanged,same,82710785259e88b3c0572142713b8b780d76f5385f18aefa5677d962f750308c,82710785259e88b3c0572142713b8b780d76f5385f18aefa5677d962f750308c
unitree_sdk2/thirdparty/include/ddscxx/dds/sub/TSubscriber.hpp,unitree_sdk2/thirdparty/include/ddscxx/dds/sub/TSubscriber.hpp,unchanged,same,bca33de59b786a4b608487ca6a5f7cd4e9085fea2a8c1ac995e9327ee64845ce,bca33de59b786a4b608487ca6a5f7cd4e9085fea2a8c1ac995e9327ee64845ce
unitree_sdk2/thirdparty/include/ddscxx/dds/sub/CoherentAccess.hpp,unitree_sdk2/thirdparty/include/ddscxx/dds/sub/CoherentAccess.hpp,unchanged,same,74ea87e01991251df9bd03ad71561b2c5dd21f5b8fb2207df92411e91eb8c127,74ea87e01991251df9bd03ad71561b2c5dd21f5b8fb2207df92411e91eb8c127
unitree_sdk2/thirdparty/include/ddscxx/dds/sub/TQuery.hpp,unitree_sdk2/thirdparty/include/ddscxx/dds/sub/TQuery.hpp,unchanged,same,e5daf0cfadef0a3c424b70bf3104c7f38287753485f9b4b985c98bf6b9c0ebe0,e5daf0cfadef0a3c424b70bf3104c7f38287753485f9b4b985c98bf6b9c0ebe0
unitree_sdk2/thirdparty/include/ddscxx/dds/sub/TSampleRef.hpp,unitree_sdk2/thirdparty/include/ddscxx/dds/sub/TSampleRef.hpp,unchanged,same,3eb7ab28f3972b4b8475d7d8d20a21ccf7d21c194c951e3f650a46868a4a4faf,3eb7ab28f3972b4b8475d7d8d20a21ccf7d21c194c951e3f650a46868a4a4faf
unitree_sdk2/thirdparty/include/ddscxx/dds/sub/SubscriberListener.hpp,unitree_sdk2/thirdparty/include/ddscxx/dds/sub/SubscriberListener.hpp,unchanged,same,33791b827aa7bafefaa1d14bdee0936f44d4a2b166c43fe33b3f222703be406d,33791b827aa7bafefaa1d14bdee0936f44d4a2b166c43fe33b3f222703be406d
unitree_sdk2/thirdparty/include/ddscxx/dds/sub/LoanedSamples.hpp,unitree_sdk2/thirdparty/include/ddscxx/dds/sub/LoanedSamples.hpp,unchanged,same,e033760fc04de5f65493c3cf8178ad2ab2f73bf8bc675cbf89a186f988d903ed,e033760fc04de5f65493c3cf8178ad2ab2f73bf8bc675cbf89a186f988d903ed
unitree_sdk2/thirdparty/include/ddscxx/dds/sub/cond/ReadCondition.hpp,unitree_sdk2/thirdparty/include/ddscxx/dds/sub/cond/ReadCondition.hpp,unchanged,same,04f959bf0dcbfe9ec4ef78ed37552366158af6bdde89a63a542854114554cf2e,04f959bf0dcbfe9ec4ef78ed37552366158af6bdde89a63a542854114554cf2e
unitree_sdk2/thirdparty/include/ddscxx/dds/sub/cond/TQueryCondition.hpp,unitree_sdk2/thirdparty/include/ddscxx/dds/sub/cond/TQueryCondition.hpp,unchanged,same,defe9fb9955b69b6904548ae94beaa816c404b9711ea11c21219ee37671f5027,defe9fb9955b69b6904548ae94beaa816c404b9711ea11c21219ee37671f5027
unitree_sdk2/thirdparty/include/ddscxx/dds/sub/cond/QueryCondition.hpp,unitree_sdk2/thirdparty/include/ddscxx/dds/sub/cond/QueryCondition.hpp,unchanged,same,6a68930baad032da9ba464265bfc19c0828390adb1f519526c31f77c44b66f59,6a68930baad032da9ba464265bfc19c0828390adb1f519526c31f77c44b66f59
unitree_sdk2/thirdparty/include/ddscxx/dds/sub/cond/TReadCondition.hpp,unitree_sdk2/thirdparty/include/ddscxx/dds/sub/cond/TReadCondition.hpp,unchanged,same,a56070247b4e5d5ef410703e4be1d3f58fa6e0483729a535d2dea8d20d0a4896,a56070247b4e5d5ef410703e4be1d3f58fa6e0483729a535d2dea8d20d0a4896
unitree_sdk2/thirdparty/include/ddscxx/dds/sub/cond/detail/TQueryConditionImpl.hpp,unitree_sdk2/thirdparty/include/ddscxx/dds/sub/cond/detail/TQueryConditionImpl.hpp,unchanged,same,abecabdfc3e611a9738c234bad4486d9fce70f1c0fe9c67c0b65ac760f654c3b,abecabdfc3e611a9738c234bad4486d9fce70f1c0fe9c67c0b65ac760f654c3b
unitree_sdk2/thirdparty/include/ddscxx/dds/sub/cond/detail/ReadCondition.hpp,unitree_sdk2/thirdparty/include/ddscxx/dds/sub/cond/detail/ReadCondition.hpp,unchanged,same,1f53be84f82243a492ff31256fc4d6ed46d6d9dd7164a837feeb9a7e28147e57,1f53be84f82243a492ff31256fc4d6ed46d6d9dd7164a837feeb9a7e28147e57
unitree_sdk2/thirdparty/include/ddscxx/dds/sub/cond/detail/TReadConditionImpl.hpp,unitree_sdk2/thirdparty/include/ddscxx/dds/sub/cond/detail/TReadConditionImpl.hpp,unchanged,same,9b2c69dbdead179688d91125f066d98a4c2f47f38a111ce631ae76f7158f5128,9b2c69dbdead179688d91125f066d98a4c2f47f38a111ce631ae76f7158f5128
unitree_sdk2/thirdparty/include/ddscxx/dds/sub/cond/detail/QueryCondition.hpp,unitree_sdk2/thirdparty/include/ddscxx/dds/sub/cond/detail/QueryCondition.hpp,unchanged,same,295e9df11bc9bea802e2d9db69df2c1e26057ad17df88b63848503af005bdf20,295e9df11bc9bea802e2d9db69df2c1e26057ad17df88b63848503af005bdf20
unitree_sdk2/thirdparty/include/ddscxx/dds/sub/qos/SubscriberQos.hpp,unitree_sdk2/thirdparty/include/ddscxx/dds/sub/qos/SubscriberQos.hpp,unchanged,same,a1f143b9c0b7ed2c893b80f459cf5eca31c3f6b471f921eaee2abfab13bf1e72,a1f143b9c0b7ed2c893b80f459cf5eca31c3f6b471f921eaee2abfab13bf1e72
unitree_sdk2/thirdparty/include/ddscxx/dds/sub/qos/DataReaderQos.hpp,unitree_sdk2/thirdparty/include/ddscxx/dds/sub/qos/DataReaderQos.hpp,unchanged,same,3eeb26085ce8fc88ea652ce6e5421aa3c8b20243402a57282f8c6f1384f218fb,3eeb26085ce8fc88ea652ce6e5421aa3c8b20243402a57282f8c6f1384f218fb
unitree_sdk2/thirdparty/include/ddscxx/dds/sub/qos/detail/SubscriberQos.hpp,unitree_sdk2/thirdparty/include/ddscxx/dds/sub/qos/detail/SubscriberQos.hpp,unchanged,same,c1cc0e16de2241c452068366e2738fdaca106652b38e32dd69a254b47a489854,c1cc0e16de2241c452068366e2738fdaca106652b38e32dd69a254b47a489854
unitree_sdk2/thirdparty/include/ddscxx/dds/sub/qos/detail/DataReaderQos.hpp,unitree_sdk2/thirdparty/include/ddscxx/dds/sub/qos/detail/DataReaderQos.hpp,unchanged,same,476c07d8a8241ff7eeaad90e51ef0ed122e765745ce12ad97a5c6c083afd5e53,476c07d8a8241ff7eeaad90e51ef0ed122e765745ce12ad97a5c6c083afd5e53
unitree_sdk2/thirdparty/include/ddscxx/dds/sub/detail/SharedSamplesImpl.hpp,unitree_sdk2/thirdparty/include/ddscxx/dds/sub/detail/SharedSamplesImpl.hpp,unchanged,same,442a7aec85daf834d2e21a8ade1bcb61ccacf59d83fc7fd796c606bd9e7da99e,442a7aec85daf834d2e21a8ade1bcb61ccacf59d83fc7fd796c606bd9e7da99e
unitree_sdk2/thirdparty/include/ddscxx/dds/sub/detail/TSubscriberImpl.hpp,unitree_sdk2/thirdparty/include/ddscxx/dds/sub/detail/TSubscriberImpl.hpp,unchanged,same,0a687c71ed45a66efabc07d85006110b018cce61c2e588fa2bcaa1a806c46808,0a687c71ed45a66efabc07d85006110b018cce61c2e588fa2bcaa1a806c46808
unitree_sdk2/thirdparty/include/ddscxx/dds/sub/detail/TAnyDataReaderImpl.hpp,unitree_sdk2/thirdparty/include/ddscxx/dds/sub/detail/TAnyDataReaderImpl.hpp,unchanged,same,f0ccfd0a978740108ad632f5c774722dc5a5208d25a48e0e0ded3861a69d27e5,f0ccfd0a978740108ad632f5c774722dc5a5208d25a48e0e0ded3861a69d27e5
unitree_sdk2/thirdparty/include/ddscxx/dds/sub/detail/AnyDataReader.hpp,unitree_sdk2/thirdparty/include/ddscxx/dds/sub/detail/AnyDataReader.hpp,unchanged,same,d0710dfa3297ea790a9e8413473d8760a099c57cbfb679aea43d2ea902c60e03,d0710dfa3297ea790a9e8413473d8760a099c57cbfb679aea43d2ea902c60e03
unitree_sdk2/thirdparty/include/ddscxx/dds/sub/detail/SamplesHolder.hpp,unitree_sdk2/thirdparty/include/ddscxx/dds/sub/detail/SamplesHolder.hpp,unchanged,same,84691787a04b8b4515a46a37736e2207d8c7e6711afe7fdf395a357861a76355,84691787a04b8b4515a46a37736e2207d8c7e6711afe7fdf395a357861a76355
unitree_sdk2/thirdparty/include/ddscxx/dds/sub/detail/SharedSamples.hpp,unitree_sdk2/thirdparty/include/ddscxx/dds/sub/detail/SharedSamples.hpp,unchanged,same,32ae61b3a25f48debe4d8fbede67d8438b423d580b8c3f7dc9bf44d644f1c100,32ae61b3a25f48debe4d8fbede67d8438b423d580b8c3f7dc9bf44d644f1c100
unitree_sdk2/thirdparty/include/ddscxx/dds/sub/detail/DataReader.hpp,unitree_sdk2/thirdparty/include/ddscxx/dds/sub/detail/DataReader.hpp,unchanged,same,ce3a047d2a60c99ddf83dc7103355df2eaeffa8c793b73c2a88a409935549712,ce3a047d2a60c99ddf83dc7103355df2eaeffa8c793b73c2a88a409935549712
unitree_sdk2/thirdparty/include/ddscxx/dds/sub/detail/TSampleImpl.hpp,unitree_sdk2/thirdparty/include/ddscxx/dds/sub/detail/TSampleImpl.hpp,unchanged,same,b39a6c6c17c82e7de2b5d1377164dacbb687fea998d254cd33caf3f410699b01,b39a6c6c17c82e7de2b5d1377164dacbb687fea998d254cd33caf3f410699b01
unitree_sdk2/thirdparty/include/ddscxx/dds/sub/detail/Subscriber.hpp,unitree_sdk2/thirdparty/include/ddscxx/dds/sub/detail/Subscriber.hpp,unchanged,same,52805e2d1257652e8f0fc6f5a7b8f776768cb65603066f91df87a249522f4d02,52805e2d1257652e8f0fc6f5a7b8f776768cb65603066f91df87a249522f4d02
unitree_sdk2/thirdparty/include/ddscxx/dds/sub/detail/Query.hpp,unitree_sdk2/thirdparty/include/ddscxx/dds/sub/detail/Query.hpp,unchanged,same,6a872e35d8f4b3f0ca2b9586bcf7e6d60fe057dcfd88327c93b13d62ce0a358b,6a872e35d8f4b3f0ca2b9586bcf7e6d60fe057dcfd88327c93b13d62ce0a358b
unitree_sdk2/thirdparty/include/ddscxx/dds/sub/detail/SampleInfo.hpp,unitree_sdk2/thirdparty/include/ddscxx/dds/sub/detail/SampleInfo.hpp,unchanged,same,0c9684db42619335282162c42d0f7cd12b38cfe70c13f8cd8913ecc11c3893c5,0c9684db42619335282162c42d0f7cd12b38cfe70c13f8cd8913ecc11c3893c5
unitree_sdk2/thirdparty/include/ddscxx/dds/sub/detail/TSampleInfoImpl.hpp,unitree_sdk2/thirdparty/include/ddscxx/dds/sub/detail/TSampleInfoImpl.hpp,unchanged,same,3a20d24f516fd7a7296748858096bc0998afdca1fe3059fe13d410570ab68377,3a20d24f516fd7a7296748858096bc0998afdca1fe3059fe13d410570ab68377
unitree_sdk2/thirdparty/include/ddscxx/dds/sub/detail/find.hpp,unitree_sdk2/thirdparty/include/ddscxx/dds/sub/detail/find.hpp,unchanged,same,664dc9237a048fdfcf9d631e7668e08e08e2401192e536edde5ed6e65fc252a9,664dc9237a048fdfcf9d631e7668e08e08e2401192e536edde5ed6e65fc252a9
unitree_sdk2/thirdparty/include/ddscxx/dds/sub/detail/TDataReaderImpl.hpp,unitree_sdk2/thirdparty/include/ddscxx/dds/sub/detail/TDataReaderImpl.hpp,unchanged,same,6e5972639c0863f6eae282ba9051c5b5ebb8ad88d2f2f17c79388dcb077803cc,6e5972639c0863f6eae282ba9051c5b5ebb8ad88d2f2f17c79388dcb077803cc
unitree_sdk2/thirdparty/include/ddscxx/dds/sub/detail/TSampleRefImpl.hpp,unitree_sdk2/thirdparty/include/ddscxx/dds/sub/detail/TSampleRefImpl.hpp,unchanged,same,a9490818ba2f0592de9b911eaec8b6c67ae1e37ccfd5af6a4e91753731babfd1,a9490818ba2f0592de9b911eaec8b6c67ae1e37ccfd5af6a4e91753731babfd1
unitree_sdk2/thirdparty/include/ddscxx/dds/sub/detail/Manipulators.hpp,unitree_sdk2/thirdparty/include/ddscxx/dds/sub/detail/Manipulators.hpp,unchanged,same,c6e7c97934fc1fea45b91b05b3acec427ecec43da60f82e5c1cdec686de1cb23,c6e7c97934fc1fea45b91b05b3acec427ecec43da60f82e5c1cdec686de1cb23
unitree_sdk2/thirdparty/include/ddscxx/dds/sub/detail/GenerationCount.hpp,unitree_sdk2/thirdparty/include/ddscxx/dds/sub/detail/GenerationCount.hpp,unchanged,same,9fd11576b1077a2aaa53d771b304006335102fc6a1b98760e16766e02592c0aa,9fd11576b1077a2aaa53d771b304006335102fc6a1b98760e16766e02592c0aa
unitree_sdk2/thirdparty/include/ddscxx/dds/sub/detail/Sample.hpp,unitree_sdk2/thirdparty/include/ddscxx/dds/sub/detail/Sample.hpp,unchanged,same,2f29012d34d7440335fbcdf3342f2bce1d2735d855ce2309f969311edc9bc76a,2f29012d34d7440335fbcdf3342f2bce1d2735d855ce2309f969311edc9bc76a
unitree_sdk2/thirdparty/include/ddscxx/dds/sub/detail/Rank.hpp,unitree_sdk2/thirdparty/include/ddscxx/dds/sub/detail/Rank.hpp,unchanged,same,4b0c1aa07f72503b71ca2e647505de8f9f6301c6fada7c9b2e6899d15a0505c6,4b0c1aa07f72503b71ca2e647505de8f9f6301c6fada7c9b2e6899d15a0505c6
unitree_sdk2/thirdparty/include/ddscxx/dds/sub/detail/TRankImpl.hpp,unitree_sdk2/thirdparty/include/ddscxx/dds/sub/detail/TRankImpl.hpp,unchanged,same,ad3e442ecabb502ec7d4b392d6ca3a56ad648b1d99245ad852732d4594e9ef78,ad3e442ecabb502ec7d4b392d6ca3a56ad648b1d99245ad852732d4594e9ef78
unitree_sdk2/thirdparty/include/ddscxx/dds/sub/detail/SampleRef.hpp,unitree_sdk2/thirdparty/include/ddscxx/dds/sub/detail/SampleRef.hpp,unchanged,same,3a4bd14ef3913bb139e89ce64188d55c8365be49c17b713df31643f68d04c6bc,3a4bd14ef3913bb139e89ce64188d55c8365be49c17b713df31643f68d04c6bc
unitree_sdk2/thirdparty/include/ddscxx/dds/sub/detail/TCoherentAccessImpl.hpp,unitree_sdk2/thirdparty/include/ddscxx/dds/sub/detail/TCoherentAccessImpl.hpp,unchanged,same,f24768695d85d6fb735225c017775197dc5177636d00ceb6548142bac8869322,f24768695d85d6fb735225c017775197dc5177636d00ceb6548142bac8869322
unitree_sdk2/thirdparty/include/ddscxx/dds/sub/detail/TGenerationCountImpl.hpp,unitree_sdk2/thirdparty/include/ddscxx/dds/sub/detail/TGenerationCountImpl.hpp,unchanged,same,70e2c1b4974dae630089a02b4f3edf7457081106371b0884df989eb4b47a5ab0,70e2c1b4974dae630089a02b4f3edf7457081106371b0884df989eb4b47a5ab0
unitree_sdk2/thirdparty/include/ddscxx/dds/sub/detail/LoanedSamplesImpl.hpp,unitree_sdk2/thirdparty/include/ddscxx/dds/sub/detail/LoanedSamplesImpl.hpp,unchanged,same,d641f904808c39949fa6466a6d28b3e5c5de19dd33e910ff7c939291a7323ea9,d641f904808c39949fa6466a6d28b3e5c5de19dd33e910ff7c939291a7323ea9
unitree_sdk2/thirdparty/include/ddscxx/dds/sub/detail/ddssub.hpp,unitree_sdk2/thirdparty/include/ddscxx/dds/sub/detail/ddssub.hpp,unchanged,same,afcdfd0b51fc5e9b1929f627f685092b697fef9212dbb65549350dbeaf429ade,afcdfd0b51fc5e9b1929f627f685092b697fef9212dbb65549350dbeaf429ade
unitree_sdk2/thirdparty/include/ddscxx/dds/sub/detail/discovery.hpp,unitree_sdk2/thirdparty/include/ddscxx/dds/sub/detail/discovery.hpp,unchanged,same,cf1a9c720823a8e316b604efcba0bf9635b0a27814a6cd3a2c1442a5d960eb55,cf1a9c720823a8e316b604efcba0bf9635b0a27814a6cd3a2c1442a5d960eb55
unitree_sdk2/thirdparty/include/ddscxx/dds/sub/detail/TQueryImpl.hpp,unitree_sdk2/thirdparty/include/ddscxx/dds/sub/detail/TQueryImpl.hpp,unchanged,same,80a43a1dc773a9aef429c4340d3ca6a78342430bd3159078b0eaf00ee7472fb0,80a43a1dc773a9aef429c4340d3ca6a78342430bd3159078b0eaf00ee7472fb0
unitree_sdk2/thirdparty/include/ddscxx/dds/sub/detail/CoherentAccess.hpp,unitree_sdk2/thirdparty/include/ddscxx/dds/sub/detail/CoherentAccess.hpp,unchanged,same,4a6708392a798989c70190be90b0ea8579407de75e003ed58e8ae37886564e96,4a6708392a798989c70190be90b0ea8579407de75e003ed58e8ae37886564e96
unitree_sdk2/thirdparty/include/ddscxx/dds/sub/detail/LoanedSamples.hpp,unitree_sdk2/thirdparty/include/ddscxx/dds/sub/detail/LoanedSamples.hpp,unchanged,same,305ac51261d69be944cf13a75a0014241358cf9c73579354016414ed0109afd0,305ac51261d69be944cf13a75a0014241358cf9c73579354016414ed0109afd0
unitree_sdk2/thirdparty/include/ddscxx/dds/sub/status/DataState.hpp,unitree_sdk2/thirdparty/include/ddscxx/dds/sub/status/DataState.hpp,unchanged,same,a1b9bd31b6e61b8bb21f717d76d5695ed9e6208f29833d7618dded2febdc05a6,a1b9bd31b6e61b8bb21f717d76d5695ed9e6208f29833d7618dded2febdc05a6
unitree_sdk2/thirdparty/include/ddscxx/dds/sub/status/detail/DataStateImpl.hpp,unitree_sdk2/thirdparty/include/ddscxx/dds/sub/status/detail/DataStateImpl.hpp,unchanged,same,1228f98430bafe39a6a0c8891ea9b48551bbb7939961b40bdb10c4ce7f3ab565,1228f98430bafe39a6a0c8891ea9b48551bbb7939961b40bdb10c4ce7f3ab565
unitree_sdk2/thirdparty/include/ddscxx/dds/domain/DomainParticipantListener.hpp,unitree_sdk2/thirdparty/include/ddscxx/dds/domain/DomainParticipantListener.hpp,unchanged,same,3433408418447070263473c18c14e7e8590d80ef0686fead64041a2c23fdbf6a,3433408418447070263473c18c14e7e8590d80ef0686fead64041a2c23fdbf6a
unitree_sdk2/thirdparty/include/ddscxx/dds/domain/find.hpp,unitree_sdk2/thirdparty/include/ddscxx/dds/domain/find.hpp,unchanged,same,5beab5d31d51373e6f54bb22358b349d5067cbf94603e86b10d4860e7eebfc07,5beab5d31d51373e6f54bb22358b349d5067cbf94603e86b10d4860e7eebfc07
unitree_sdk2/thirdparty/include/ddscxx/dds/domain/TDomainParticipant.hpp,unitree_sdk2/thirdparty/include/ddscxx/dds/domain/TDomainParticipant.hpp,unchanged,same,ae8eb94afbe4cbc2db84a3f044a9fc74d12cfa107a5f3e562744e3cc1ad29325,ae8eb94afbe4cbc2db84a3f044a9fc74d12cfa107a5f3e562744e3cc1ad29325
unitree_sdk2/thirdparty/include/ddscxx/dds/domain/ddsdomain.hpp,unitree_sdk2/thirdparty/include/ddscxx/dds/domain/ddsdomain.hpp,unchanged,same,da30addff6c776d07cbf2c99774dad6831c095dbf530b4b6d82db0cee1e5304d,da30addff6c776d07cbf2c99774dad6831c095dbf530b4b6d82db0cee1e5304d
unitree_sdk2/thirdparty/include/ddscxx/dds/domain/discovery.hpp,unitree_sdk2/thirdparty/include/ddscxx/dds/domain/discovery.hpp,unchanged,same,653c800a4a317e427f3c23dbf441e56210a63965c0b5103ed360355ef01dbfbc,653c800a4a317e427f3c23dbf441e56210a63965c0b5103ed360355ef01dbfbc
unitree_sdk2/thirdparty/include/ddscxx/dds/domain/DomainParticipant.hpp,unitree_sdk2/thirdparty/include/ddscxx/dds/domain/DomainParticipant.hpp,unchanged,same,aed25735ed187a372be4b8b1f4b4929f6c1927c90669f725afbb26dc2d9910d3,aed25735ed187a372be4b8b1f4b4929f6c1927c90669f725afbb26dc2d9910d3
unitree_sdk2/thirdparty/include/ddscxx/dds/domain/qos/DomainParticipantQos.hpp,unitree_sdk2/thirdparty/include/ddscxx/dds/domain/qos/DomainParticipantQos.hpp,unchanged,same,828a8caa6b2c5f6baee2bf7c6d07cc6b4a793685003e7143672afe4507da9e2e,828a8caa6b2c5f6baee2bf7c6d07cc6b4a793685003e7143672afe4507da9e2e
unitree_sdk2/thirdparty/include/ddscxx/dds/domain/qos/detail/DomainParticipantQos.hpp,unitree_sdk2/thirdparty/include/ddscxx/dds/domain/qos/detail/DomainParticipantQos.hpp,unchanged,same,ad0c507fc986db6ed8ff6b78d59a4753a18fbbafad24f173554ab6b4c92a754c,ad0c507fc986db6ed8ff6b78d59a4753a18fbbafad24f173554ab6b4c92a754c
unitree_sdk2/thirdparty/include/ddscxx/dds/domain/detail/TDomainParticipantImpl.hpp,unitree_sdk2/thirdparty/include/ddscxx/dds/domain/detail/TDomainParticipantImpl.hpp,unchanged,same,63f9c47e109df3527bc83721c3ace970ce7299bda8f745ac2b5af88f3003b192,63f9c47e109df3527bc83721c3ace970ce7299bda8f745ac2b5af88f3003b192
unitree_sdk2/thirdparty/include/ddscxx/dds/domain/detail/ddsdomain.hpp,unitree_sdk2/thirdparty/include/ddscxx/dds/domain/detail/ddsdomain.hpp,unchanged,same,31c4b77d4634b85881f68fbf4066bc3c08c122625215983b723ff4abffcd3874,31c4b77d4634b85881f68fbf4066bc3c08c122625215983b723ff4abffcd3874
unitree_sdk2/thirdparty/include/ddscxx/dds/domain/detail/DomainParticipant.hpp,unitree_sdk2/thirdparty/include/ddscxx/dds/domain/detail/DomainParticipant.hpp,unchanged,same,42e9cf915c9381c0df5ee177e865726e4a61632122d836125494032dd176bc21,42e9cf915c9381c0df5ee177e865726e4a61632122d836125494032dd176bc21
unitree_sdk2/thirdparty/include/ddscxx/dds/pub/DataWriterListener.hpp,unitree_sdk2/thirdparty/include/ddscxx/dds/pub/DataWriterListener.hpp,unchanged,same,2bf0adaa1e80cf51caca88961b1aef6cf4263b6d842d21bfb677a876b8c77af1,2bf0adaa1e80cf51caca88961b1aef6cf4263b6d842d21bfb677a876b8c77af1
unitree_sdk2/thirdparty/include/ddscxx/dds/pub/SuspendedPublication.hpp,unitree_sdk2/thirdparty/include/ddscxx/dds/pub/SuspendedPublication.hpp,unchanged,same,83bf7f751617349b68f044ca4ae05ab34b5082096002ab08ad5146e347b5fe0d,83bf7f751617349b68f044ca4ae05ab34b5082096002ab08ad5146e347b5fe0d
unitree_sdk2/thirdparty/include/ddscxx/dds/pub/TAnyDataWriter.hpp,unitree_sdk2/thirdparty/include/ddscxx/dds/pub/TAnyDataWriter.hpp,unchanged,same,d0843aaf1edaa2e71cf51a072ec7669e386279efa79472e23f7c357bab4ce341,d0843aaf1edaa2e71cf51a072ec7669e386279efa79472e23f7c357bab4ce341
unitree_sdk2/thirdparty/include/ddscxx/dds/pub/CoherentSet.hpp,unitree_sdk2/thirdparty/include/ddscxx/dds/pub/CoherentSet.hpp,unchanged,same,7b7285f2b9a5d30dfe2fe0d44ac95e7e64c92b1f57806bcc0e172eab15deeaab,7b7285f2b9a5d30dfe2fe0d44ac95e7e64c92b1f57806bcc0e172eab15deeaab
unitree_sdk2/thirdparty/include/ddscxx/dds/pub/TSuspendedPublication.hpp,unitree_sdk2/thirdparty/include/ddscxx/dds/pub/TSuspendedPublication.hpp,unchanged,same,d71aa4a5605106feb5213c3a757176614e8f98392905a18ee4919704be564454,d71aa4a5605106feb5213c3a757176614e8f98392905a18ee4919704be564454
unitree_sdk2/thirdparty/include/ddscxx/dds/pub/find.hpp,unitree_sdk2/thirdparty/include/ddscxx/dds/pub/find.hpp,unchanged,same,c06a724c4b3842206df85a8fcf91144f8d6d3f3127a4a6a925b053e9e3e1acca,c06a724c4b3842206df85a8fcf91144f8d6d3f3127a4a6a925b053e9e3e1acca
unitree_sdk2/thirdparty/include/ddscxx/dds/pub/ddspub.hpp,unitree_sdk2/thirdparty/include/ddscxx/dds/pub/ddspub.hpp,unchanged,same,db78b0a2b3dce5f28c4f57d6fdd91c80926af29213660b527961887ab8ce842c,db78b0a2b3dce5f28c4f57d6fdd91c80926af29213660b527961887ab8ce842c
unitree_sdk2/thirdparty/include/ddscxx/dds/pub/TCoherentSet.hpp,unitree_sdk2/thirdparty/include/ddscxx/dds/pub/TCoherentSet.hpp,unchanged,same,56bf9f4dfb1690e9066ef57f50322d3a27f1a35102691ebe9c1361a89003c689,56bf9f4dfb1690e9066ef57f50322d3a27f1a35102691ebe9c1361a89003c689
unitree_sdk2/thirdparty/include/ddscxx/dds/pub/AnyDataWriterListener.hpp,unitree_sdk2/thirdparty/include/ddscxx/dds/pub/AnyDataWriterListener.hpp,unchanged,same,8cdb7d3b92c5409cc7b9410de1da3f4fb4ada8356c2a1d5a180b1ac9a27ba097,8cdb7d3b92c5409cc7b9410de1da3f4fb4ada8356c2a1d5a180b1ac9a27ba097
unitree_sdk2/thirdparty/include/ddscxx/dds/pub/PublisherListener.hpp,unitree_sdk2/thirdparty/include/ddscxx/dds/pub/PublisherListener.hpp,unchanged,same,6e091b98caeffced65fca6403d775676a1f08d7910396690bd01121e99e0e4f2,6e091b98caeffced65fca6403d775676a1f08d7910396690bd01121e99e0e4f2
unitree_sdk2/thirdparty/include/ddscxx/dds/pub/discovery.hpp,unitree_sdk2/thirdparty/include/ddscxx/dds/pub/discovery.hpp,unchanged,same,3f49e140154690c6c7b3b66a8e954210a06695c3a3e6cf8d04f5d01f6c0bf8a8,3f49e140154690c6c7b3b66a8e954210a06695c3a3e6cf8d04f5d01f6c0bf8a8
unitree_sdk2/thirdparty/include/ddscxx/dds/pub/Publisher.hpp,unitree_sdk2/thirdparty/include/ddscxx/dds/pub/Publisher.hpp,unchanged,same,c2111bfaba77129159c5c1685bbf62bb84f0092752a2fc10e1b1692511ebf0ba,c2111bfaba77129159c5c1685bbf62bb84f0092752a2fc10e1b1692511ebf0ba
unitree_sdk2/thirdparty/include/ddscxx/dds/pub/TPublisher.hpp,unitree_sdk2/thirdparty/include/ddscxx/dds/pub/TPublisher.hpp,unchanged,same,5fe3b964c896a1008a372fea28c8454bf4cd71d7683251bd62d64e9f8fb7d90f,5fe3b964c896a1008a372fea28c8454bf4cd71d7683251bd62d64e9f8fb7d90f
unitree_sdk2/thirdparty/include/ddscxx/dds/pub/DataWriter.hpp,unitree_sdk2/thirdparty/include/ddscxx/dds/pub/DataWriter.hpp,unchanged,same,26e26c69bb3133fbfa11f6df16a556773dabc2856e63782e404390f6a89ee5f8,26e26c69bb3133fbfa11f6df16a556773dabc2856e63782e404390f6a89ee5f8
unitree_sdk2/thirdparty/include/ddscxx/dds/pub/AnyDataWriter.hpp,unitree_sdk2/thirdparty/include/ddscxx/dds/pub/AnyDataWriter.hpp,unchanged,same,f44a7b44d95b3d206e5e3aa1921796274fc7dda0c77937ad3cc091ce4abf7337,f44a7b44d95b3d206e5e3aa1921796274fc7dda0c77937ad3cc091ce4abf7337
unitree_sdk2/thirdparty/include/ddscxx/dds/pub/qos/DataWriterQos.hpp,unitree_sdk2/thirdparty/include/ddscxx/dds/pub/qos/DataWriterQos.hpp,unchanged,same,af5afd32137416c18e17e8100939da6df3fbe75b06d663448928badc34b6ed83,af5afd32137416c18e17e8100939da6df3fbe75b06d663448928badc34b6ed83
unitree_sdk2/thirdparty/include/ddscxx/dds/pub/qos/PublisherQos.hpp,unitree_sdk2/thirdparty/include/ddscxx/dds/pub/qos/PublisherQos.hpp,unchanged,same,17497310b0c1f70e59c845715fb4be16ea2a80b6502c6c2b1d20720ca0b82b7b,17497310b0c1f70e59c845715fb4be16ea2a80b6502c6c2b1d20720ca0b82b7b
unitree_sdk2/thirdparty/include/ddscxx/dds/pub/qos/detail/DataWriterQos.hpp,unitree_sdk2/thirdparty/include/ddscxx/dds/pub/qos/detail/DataWriterQos.hpp,unchanged,same,99ba956902d7e1021b34a0dad7d5d1850c1210aa7d139eca2c6d224d3a8fa514,99ba956902d7e1021b34a0dad7d5d1850c1210aa7d139eca2c6d224d3a8fa514
unitree_sdk2/thirdparty/include/ddscxx/dds/pub/qos/detail/PublisherQos.hpp,unitree_sdk2/thirdparty/include/ddscxx/dds/pub/qos/detail/PublisherQos.hpp,unchanged,same,a4566ddab8d7e226365a3cca673e2ac3abdafea5641a8d53b2e102802e343108,a4566ddab8d7e226365a3cca673e2ac3abdafea5641a8d53b2e102802e343108
unitree_sdk2/thirdparty/include/ddscxx/dds/pub/detail/DataWriterImpl.hpp,unitree_sdk2/thirdparty/include/ddscxx/dds/pub/detail/DataWriterImpl.hpp,unchanged,same,15fa3befb88afea7043482a1fe27d17fe290683dc297536b2085e0097cada775,15fa3befb88afea7043482a1fe27d17fe290683dc297536b2085e0097cada775
unitree_sdk2/thirdparty/include/ddscxx/dds/pub/detail/SuspendedPublication.hpp,unitree_sdk2/thirdparty/include/ddscxx/dds/pub/detail/SuspendedPublication.hpp,unchanged,same,13672b8bf0ee9b74faba4956b67c356c52e54f58508e1cab9358ea747741e803,13672b8bf0ee9b74faba4956b67c356c52e54f58508e1cab9358ea747741e803
unitree_sdk2/thirdparty/include/ddscxx/dds/pub/detail/CoherentSet.hpp,unitree_sdk2/thirdparty/include/ddscxx/dds/pub/detail/CoherentSet.hpp,unchanged,same,4111ecb9f347ddb0761ca75e5e3861e9bcb5390caa07a2f2cb2aff30158d2868,4111ecb9f347ddb0761ca75e5e3861e9bcb5390caa07a2f2cb2aff30158d2868
unitree_sdk2/thirdparty/include/ddscxx/dds/pub/detail/TPublisherImpl.hpp,unitree_sdk2/thirdparty/include/ddscxx/dds/pub/detail/TPublisherImpl.hpp,unchanged,same,a1a0a9a90c9beafe427f59446e0c6a112298fbac19a61bfe1471b3ce8b9bbeb4,a1a0a9a90c9beafe427f59446e0c6a112298fbac19a61bfe1471b3ce8b9bbeb4
unitree_sdk2/thirdparty/include/ddscxx/dds/pub/detail/find.hpp,unitree_sdk2/thirdparty/include/ddscxx/dds/pub/detail/find.hpp,unchanged,same,72eb126e9a69a5a0f21ae2c33c1644b21e04c2af2b441e20805975543c3fc473,72eb126e9a69a5a0f21ae2c33c1644b21e04c2af2b441e20805975543c3fc473
unitree_sdk2/thirdparty/include/ddscxx/dds/pub/detail/ddspub.hpp,unitree_sdk2/thirdparty/include/ddscxx/dds/pub/detail/ddspub.hpp,unchanged,same,b1517da8904de84f5820930f38ac7f6544eef351b45844d069335ad6ce9ee7f6,b1517da8904de84f5820930f38ac7f6544eef351b45844d069335ad6ce9ee7f6
unitree_sdk2/thirdparty/include/ddscxx/dds/pub/detail/TCoherentSetImpl.hpp,unitree_sdk2/thirdparty/include/ddscxx/dds/pub/detail/TCoherentSetImpl.hpp,unchanged,same,8f439851879607dffa658211366e97f0d8884bad51e03466f7eb9ed0219a404b,8f439851879607dffa658211366e97f0d8884bad51e03466f7eb9ed0219a404b
unitree_sdk2/thirdparty/include/ddscxx/dds/pub/detail/TAnyDataWriterImpl.hpp,unitree_sdk2/thirdparty/include/ddscxx/dds/pub/detail/TAnyDataWriterImpl.hpp,unchanged,same,c7631dcfc2879c24967737e7357a6d9d0f93dd101f8a831ff216584040a6b73c,c7631dcfc2879c24967737e7357a6d9d0f93dd101f8a831ff216584040a6b73c
unitree_sdk2/thirdparty/include/ddscxx/dds/pub/detail/discovery.hpp,unitree_sdk2/thirdparty/include/ddscxx/dds/pub/detail/discovery.hpp,unchanged,same,531d98a3af93d55ec41ffd8bc269667d31ccc069d7aad27482fb7283a549214a,531d98a3af93d55ec41ffd8bc269667d31ccc069d7aad27482fb7283a549214a
unitree_sdk2/thirdparty/include/ddscxx/dds/pub/detail/Publisher.hpp,unitree_sdk2/thirdparty/include/ddscxx/dds/pub/detail/Publisher.hpp,unchanged,same,9653b8be4f72e040ebaee2f704ea9e4b37e14fb5f14dad8ebca3137b5e45c463,9653b8be4f72e040ebaee2f704ea9e4b37e14fb5f14dad8ebca3137b5e45c463
unitree_sdk2/thirdparty/include/ddscxx/dds/pub/detail/DataWriter.hpp,unitree_sdk2/thirdparty/include/ddscxx/dds/pub/detail/DataWriter.hpp,unchanged,same,c679b3e016363fd89b792da6f413cfc68cd3309a95bf888bda0c22511f08d307,c679b3e016363fd89b792da6f413cfc68cd3309a95bf888bda0c22511f08d307
unitree_sdk2/thirdparty/include/ddscxx/dds/pub/detail/AnyDataWriter.hpp,unitree_sdk2/thirdparty/include/ddscxx/dds/pub/detail/AnyDataWriter.hpp,unchanged,same,6587e4b68fa4793bf8c43d7d005c4ec6fa55a2e127ee697b28aa70903a8172c1,6587e4b68fa4793bf8c43d7d005c4ec6fa55a2e127ee697b28aa70903a8172c1
unitree_sdk2/thirdparty/include/ddscxx/dds/pub/detail/TSuspendedPublicationImpl.hpp,unitree_sdk2/thirdparty/include/ddscxx/dds/pub/detail/TSuspendedPublicationImpl.hpp,unchanged,same,176fabeb807a62cc8470a2d8e381dded8e4c3fd4f2f250d16952e0eb4567ccbb,176fabeb807a62cc8470a2d8e381dded8e4c3fd4f2f250d16952e0eb4567ccbb
unitree_sdk2/thirdparty/include/ddscxx/dds/core/Time.hpp,unitree_sdk2/thirdparty/include/ddscxx/dds/core/Time.hpp,unchanged,same,1a15009b2d65c85571d366c032e6116548e23712a1ea5c6083e80f6bc313ea0d,1a15009b2d65c85571d366c032e6116548e23712a1ea5c6083e80f6bc313ea0d
unitree_sdk2/thirdparty/include/ddscxx/dds/core/TInstanceHandle.hpp,unitree_sdk2/thirdparty/include/ddscxx/dds/core/TInstanceHandle.hpp,unchanged,same,9acfa2c3f4c775d1d540fef3bbbd000ba2ed4fc03c9b63bb29a256ba44468ab3,9acfa2c3f4c775d1d540fef3bbbd000ba2ed4fc03c9b63bb29a256ba44468ab3
unitree_sdk2/thirdparty/include/ddscxx/dds/core/TBuiltinTopicTypes.hpp,unitree_sdk2/thirdparty/include/ddscxx/dds/core/TBuiltinTopicTypes.hpp,unchanged,same,fe7927da632409ad0b17ac125d4e5cc57487c1b7ce57f7f38d0e2e9309b2a833,fe7927da632409ad0b17ac125d4e5cc57487c1b7ce57f7f38d0e2e9309b2a833
unitree_sdk2/thirdparty/include/ddscxx/dds/core/BuiltinTopicTypes.hpp,unitree_sdk2/thirdparty/include/ddscxx/dds/core/BuiltinTopicTypes.hpp,unchanged,same,a6c925d67ad4e8755907253bb4b5cfd231367e308bb2b7c55d7ec93e44553d4f,a6c925d67ad4e8755907253bb4b5cfd231367e308bb2b7c55d7ec93e44553d4f
unitree_sdk2/thirdparty/include/ddscxx/dds/core/TEntity.hpp,unitree_sdk2/thirdparty/include/ddscxx/dds/core/TEntity.hpp,unchanged,same,b5d4ed72acc6623fbc265da2d3d6810e410638075a1bb5ab4e0785d78dc7b86e,b5d4ed72acc6623fbc265da2d3d6810e410638075a1bb5ab4e0785d78dc7b86e
unitree_sdk2/thirdparty/include/ddscxx/dds/core/array.hpp,unitree_sdk2/thirdparty/include/ddscxx/dds/core/array.hpp,unchanged,same,5fe024a04f508e923317045e4a7e6de778ddef474dce7e279e78be749ef33846,5fe024a04f508e923317045e4a7e6de778ddef474dce7e279e78be749ef33846
unitree_sdk2/thirdparty/include/ddscxx/dds/core/ddscore.hpp,unitree_sdk2/thirdparty/include/ddscxx/dds/core/ddscore.hpp,unchanged,same,3387fbbb466be0e91a82479cb1952c6efbe8dae27825daba1cc11531797512e0,3387fbbb466be0e91a82479cb1952c6efbe8dae27825daba1cc11531797512e0
unitree_sdk2/thirdparty/include/ddscxx/dds/core/conformance.hpp,unitree_sdk2/thirdparty/include/ddscxx/dds/core/conformance.hpp,unchanged,same,dc1186cdf2b5df8eaf32236c915ea814ddfb00c1551a0b302fe3f521260891ed,dc1186cdf2b5df8eaf32236c915ea814ddfb00c1551a0b302fe3f521260891ed
unitree_sdk2/thirdparty/include/ddscxx/dds/core/InstanceHandle.hpp,unitree_sdk2/thirdparty/include/ddscxx/dds/core/InstanceHandle.hpp,unchanged,same,ca405f359a6fecdb886baa9f9c4a5468b51c36d20ec187a255dd957e442ba9b6,ca405f359a6fecdb886baa9f9c4a5468b51c36d20ec187a255dd957e442ba9b6
unitree_sdk2/thirdparty/include/ddscxx/dds/core/Entity.hpp,unitree_sdk2/thirdparty/include/ddscxx/dds/core/Entity.hpp,unchanged,same,f12859bfccb1b0cd1a9a5d6afe6b5f499b07b17dec8df190d80f570ebb1b9378,f12859bfccb1b0cd1a9a5d6afe6b5f499b07b17dec8df190d80f570ebb1b9378
unitree_sdk2/thirdparty/include/ddscxx/dds/core/Exception.hpp,unitree_sdk2/thirdparty/include/ddscxx/dds/core/Exception.hpp,unchanged,same,798854e7f213b6b01a5fe0a91a7f32d4ebf8aa91fc2127885eb6f26100050197,798854e7f213b6b01a5fe0a91a7f32d4ebf8aa91fc2127885eb6f26100050197
unitree_sdk2/thirdparty/include/ddscxx/dds/core/TEntityQos.hpp,unitree_sdk2/thirdparty/include/ddscxx/dds/core/TEntityQos.hpp,unchanged,same,f978df4dd379c5ebf90d0b6346962ff0800c0b0acd1562065a91066f186decfc,f978df4dd379c5ebf90d0b6346962ff0800c0b0acd1562065a91066f186decfc
unitree_sdk2/thirdparty/include/ddscxx/dds/core/refmacros.hpp,unitree_sdk2/thirdparty/include/ddscxx/dds/core/refmacros.hpp,unchanged,same,81879fbcebd87d20fd19cbc6003ce5109b5ea39e9bae964e1ef25b5abc2f1d6f,81879fbcebd87d20fd19cbc6003ce5109b5ea39e9bae964e1ef25b5abc2f1d6f
unitree_sdk2/thirdparty/include/ddscxx/dds/core/ref_traits.hpp,unitree_sdk2/thirdparty/include/ddscxx/dds/core/ref_traits.hpp,unchanged,same,10022f9f957addd55a0d0892e708cd12482c3f905c465547648ddb4bdef54114,10022f9f957addd55a0d0892e708cd12482c3f905c465547648ddb4bdef54114
unitree_sdk2/thirdparty/include/ddscxx/dds/core/Duration.hpp,unitree_sdk2/thirdparty/include/ddscxx/dds/core/Duration.hpp,unchanged,same,8e15bbe1c3de511ffd8dd71a383ecd60465a4a8d31fd40fd1f7766056bffa50e,8e15bbe1c3de511ffd8dd71a383ecd60465a4a8d31fd40fd1f7766056bffa50e
unitree_sdk2/thirdparty/include/ddscxx/dds/core/WeakReference.hpp,unitree_sdk2/thirdparty/include/ddscxx/dds/core/WeakReference.hpp,unchanged,same,3cb978bcd4be1b47e22741f2aaf155ef565454e9c8a5bac7e981812fad6202a3,3cb978bcd4be1b47e22741f2aaf155ef565454e9c8a5bac7e981812fad6202a3
unitree_sdk2/thirdparty/include/ddscxx/dds/core/TQosProvider.hpp,unitree_sdk2/thirdparty/include/ddscxx/dds/core/TQosProvider.hpp,unchanged,same,d30598be96e08652c4b94a00ee7d4b3fbd1fba65042ae5a24f6951c2e9411ada,d30598be96e08652c4b94a00ee7d4b3fbd1fba65042ae5a24f6951c2e9411ada
unitree_sdk2/thirdparty/include/ddscxx/dds/core/types.hpp,unitree_sdk2/thirdparty/include/ddscxx/dds/core/types.hpp,unchanged,same,3c7d41414568a1c171f7c9ac33e79b16e30b1b51a915301d7ec2e8372f4a884b,3c7d41414568a1c171f7c9ac33e79b16e30b1b51a915301d7ec2e8372f4a884b
unitree_sdk2/thirdparty/include/ddscxx/dds/core/LengthUnlimited.hpp,unitree_sdk2/thirdparty/include/ddscxx/dds/core/LengthUnlimited.hpp,unchanged,same,e867315786eaf88793c7cb1f6312b98ed8f09e2561a3b0fc8ed0d75a7a917477,e867315786eaf88793c7cb1f6312b98ed8f09e2561a3b0fc8ed0d75a7a917477
unitree_sdk2/thirdparty/include/ddscxx/dds/core/Reference.hpp,unitree_sdk2/thirdparty/include/ddscxx/dds/core/Reference.hpp,unchanged,same,cd41ab539ffb86f0e55ce58645d1d118e78b7579dcd90475016232d8523970c5,cd41ab539ffb86f0e55ce58645d1d118e78b7579dcd90475016232d8523970c5
unitree_sdk2/thirdparty/include/ddscxx/dds/core/SafeEnumeration.hpp,unitree_sdk2/thirdparty/include/ddscxx/dds/core/SafeEnumeration.hpp,unchanged,same,4bda594a75920f34dcc6b047887bfd8ec09948369cd86af22e84c7a2174f9eda,4bda594a75920f34dcc6b047887bfd8ec09948369cd86af22e84c7a2174f9eda
unitree_sdk2/thirdparty/include/ddscxx/dds/core/Value.hpp,unitree_sdk2/thirdparty/include/ddscxx/dds/core/Value.hpp,unchanged,same,d78df1ea42522d2508ed2095664b7c4e0a4a5c2ef62ee2d55a142e8db1f8d35d,d78df1ea42522d2508ed2095664b7c4e0a4a5c2ef62ee2d55a142e8db1f8d35d
unitree_sdk2/thirdparty/include/ddscxx/dds/core/Optional.hpp,unitree_sdk2/thirdparty/include/ddscxx/dds/core/Optional.hpp,unchanged,same,5c3885b27102c010c5090a74eefc39dec05d3625b85ef5e51c29b25d5f9d44c9,5c3885b27102c010c5090a74eefc39dec05d3625b85ef5e51c29b25d5f9d44c9
unitree_sdk2/thirdparty/include/ddscxx/dds/core/macros.hpp,unitree_sdk2/thirdparty/include/ddscxx/dds/core/macros.hpp,unchanged,same,82bc505b4c46af8b71209d7f6e51ad181ab5e20ca4b36f08a5abe88449ca6c8a,82bc505b4c46af8b71209d7f6e51ad181ab5e20ca4b36f08a5abe88449ca6c8a
unitree_sdk2/thirdparty/include/ddscxx/dds/core/QosProvider.hpp,unitree_sdk2/thirdparty/include/ddscxx/dds/core/QosProvider.hpp,unchanged,same,09dfc83195d9d610e6a53ee5dce155ac975863b12d4d5ac5d8ccfcb4613828f9,09dfc83195d9d610e6a53ee5dce155ac975863b12d4d5ac5d8ccfcb4613828f9
unitree_sdk2/thirdparty/include/ddscxx/dds/core/External.hpp,unitree_sdk2/thirdparty/include/ddscxx/dds/core/External.hpp,unchanged,same,9dcf6cbedd961721a31c31c1b41afcaf1d6b1646c9cfb52c297048eda2f5a5d4,9dcf6cbedd961721a31c31c1b41afcaf1d6b1646c9cfb52c297048eda2f5a5d4
unitree_sdk2/thirdparty/include/ddscxx/dds/core/cond/Condition.hpp,unitree_sdk2/thirdparty/include/ddscxx/dds/core/cond/Condition.hpp,unchanged,same,674fe398541001610c1ced14c99eb2b7f66ac1fdd8e9d6d0941c6dd6f6756755,674fe398541001610c1ced14c99eb2b7f66ac1fdd8e9d6d0941c6dd6f6756755
unitree_sdk2/thirdparty/include/ddscxx/dds/core/cond/TGuardCondition.hpp,unitree_sdk2/thirdparty/include/ddscxx/dds/core/cond/TGuardCondition.hpp,unchanged,same,9fc816a7061552d8c613202ec263ef9bcb40fa0f7271bd937c8e18a8df1e9885,9fc816a7061552d8c613202ec263ef9bcb40fa0f7271bd937c8e18a8df1e9885
unitree_sdk2/thirdparty/include/ddscxx/dds/core/cond/TCondition.hpp,unitree_sdk2/thirdparty/include/ddscxx/dds/core/cond/TCondition.hpp,unchanged,same,aa4290a48368c022e72220274aaf319af086b493a3802b3591c36f395bd12aa4,aa4290a48368c022e72220274aaf319af086b493a3802b3591c36f395bd12aa4
unitree_sdk2/thirdparty/include/ddscxx/dds/core/cond/TStatusCondition.hpp,unitree_sdk2/thirdparty/include/ddscxx/dds/core/cond/TStatusCondition.hpp,unchanged,same,a60ec2d88da129ecf07dc91b720bc8eaa1937e3e2fd62b8fa11c00b15c8b9ee9,a60ec2d88da129ecf07dc91b720bc8eaa1937e3e2fd62b8fa11c00b15c8b9ee9
unitree_sdk2/thirdparty/include/ddscxx/dds/core/cond/GuardCondition.hpp,unitree_sdk2/thirdparty/include/ddscxx/dds/core/cond/GuardCondition.hpp,unchanged,same,0922d8dd7cc9e5eacfcf98673664f47f5316bbe3639b788d6cc723241d5a396e,0922d8dd7cc9e5eacfcf98673664f47f5316bbe3639b788d6cc723241d5a396e
unitree_sdk2/thirdparty/include/ddscxx/dds/core/cond/WaitSet.hpp,unitree_sdk2/thirdparty/include/ddscxx/dds/core/cond/WaitSet.hpp,unchanged,same,2c649f87ee847655902a595c11a25fafa898b475282acd1cc865e357c2ee71a4,2c649f87ee847655902a595c11a25fafa898b475282acd1cc865e357c2ee71a4
unitree_sdk2/thirdparty/include/ddscxx/dds/core/cond/TWaitSet.hpp,unitree_sdk2/thirdparty/include/ddscxx/dds/core/cond/TWaitSet.hpp,unchanged,same,a51a76e3fe718b8eee1070f3874e22717cc0d90993fff1df18f04d43d3f980ca,a51a76e3fe718b8eee1070f3874e22717cc0d90993fff1df18f04d43d3f980ca
unitree_sdk2/thirdparty/include/ddscxx/dds/core/cond/StatusCondition.hpp,unitree_sdk2/thirdparty/include/ddscxx/dds/core/cond/StatusCondition.hpp,unchanged,same,e279efaf9e87f63a2f5e28a9d4219d40674855d09f98fd2920fa3bc0cc600f2d,e279efaf9e87f63a2f5e28a9d4219d40674855d09f98fd2920fa3bc0cc600f2d
unitree_sdk2/thirdparty/include/ddscxx/dds/core/cond/detail/Condition.hpp,unitree_sdk2/thirdparty/include/ddscxx/dds/core/cond/detail/Condition.hpp,unchanged,same,b170f5c480886eb0aeb3d7a92a8dad628616031d3455dc0bedbcb62059241e49,b170f5c480886eb0aeb3d7a92a8dad628616031d3455dc0bedbcb62059241e49
unitree_sdk2/thirdparty/include/ddscxx/dds/core/cond/detail/TStatusConditionImpl.hpp,unitree_sdk2/thirdparty/include/ddscxx/dds/core/cond/detail/TStatusConditionImpl.hpp,unchanged,same,11ba0abe7d9271be52815511d122ded42bd3e6939a6333db8241a10ddb751700,11ba0abe7d9271be52815511d122ded42bd3e6939a6333db8241a10ddb751700
unitree_sdk2/thirdparty/include/ddscxx/dds/core/cond/detail/TConditionImpl.hpp,unitree_sdk2/thirdparty/include/ddscxx/dds/core/cond/detail/TConditionImpl.hpp,unchanged,same,d240e28150acc7c52e0fd53bf8102dca7dfae2c2d2be0d9b42c68b43814ca7d6,d240e28150acc7c52e0fd53bf8102dca7dfae2c2d2be0d9b42c68b43814ca7d6
unitree_sdk2/thirdparty/include/ddscxx/dds/core/cond/detail/GuardCondition.hpp,unitree_sdk2/thirdparty/include/ddscxx/dds/core/cond/detail/GuardCondition.hpp,unchanged,same,aeab2dde1d0749b54817248a13c93accfb4e4cf0963f1d4495ee6f5637185217,aeab2dde1d0749b54817248a13c93accfb4e4cf0963f1d4495ee6f5637185217
unitree_sdk2/thirdparty/include/ddscxx/dds/core/cond/detail/WaitSet.hpp,unitree_sdk2/thirdparty/include/ddscxx/dds/core/cond/detail/WaitSet.hpp,unchanged,same,638aeeeb28c30255adb8b41d84b1e8ce61f7783ae53b7d61c60aecaf50603bd2,638aeeeb28c30255adb8b41d84b1e8ce61f7783ae53b7d61c60aecaf50603bd2
unitree_sdk2/thirdparty/include/ddscxx/dds/core/cond/detail/TGuardConditionImpl.hpp,unitree_sdk2/thirdparty/include/ddscxx/dds/core/cond/detail/TGuardConditionImpl.hpp,unchanged,same,77a08f921140c481b41120a662ea017d782388d7224c80ca2ccc7608f2d164da,77a08f921140c481b41120a662ea017d782388d7224c80ca2ccc7608f2d164da
unitree_sdk2/thirdparty/include/ddscxx/dds/core/cond/detail/StatusCondition.hpp,unitree_sdk2/thirdparty/include/ddscxx/dds/core/cond/detail/StatusCondition.hpp,unchanged,same,4be5223b9bd52db0690b9ca28a07b5adc5b0abd0b26ccdc0b7e4f60a043726b8,4be5223b9bd52db0690b9ca28a07b5adc5b0abd0b26ccdc0b7e4f60a043726b8
unitree_sdk2/thirdparty/include/ddscxx/dds/core/cond/detail/TWaitSetImpl.hpp,unitree_sdk2/thirdparty/include/ddscxx/dds/core/cond/detail/TWaitSetImpl.hpp,unchanged,same,9078a6cc8c8fe0378ac06c7699ecc28e45623672de2a1e408060a92bba52c3e5,9078a6cc8c8fe0378ac06c7699ecc28e45623672de2a1e408060a92bba52c3e5
unitree_sdk2/thirdparty/include/ddscxx/dds/core/policy/TQosPolicyCount.hpp,unitree_sdk2/thirdparty/include/ddscxx/dds/core/policy/TQosPolicyCount.hpp,unchanged,same,a841839cb3ad100502f289b0ca6cea25f730cdbec3f95e59637c83cf4f0d0fcd,a841839cb3ad100502f289b0ca6cea25f730cdbec3f95e59637c83cf4f0d0fcd
unitree_sdk2/thirdparty/include/ddscxx/dds/core/policy/QosPolicyCount.hpp,unitree_sdk2/thirdparty/include/ddscxx/dds/core/policy/QosPolicyCount.hpp,unchanged,same,d3220c04d07b86fe6b93c77c0d0ce5f44fbbdfbdb5f885751d5dccf9dbd063d3,d3220c04d07b86fe6b93c77c0d0ce5f44fbbdfbdb5f885751d5dccf9dbd063d3
unitree_sdk2/thirdparty/include/ddscxx/dds/core/policy/PolicyKind.hpp,unitree_sdk2/thirdparty/include/ddscxx/dds/core/policy/PolicyKind.hpp,unchanged,same,ab0f8569d8d227434be2bce7d3ad3a1a9e94fb520e0dbc5112a823be2c92e3b6,ab0f8569d8d227434be2bce7d3ad3a1a9e94fb520e0dbc5112a823be2c92e3b6
unitree_sdk2/thirdparty/include/ddscxx/dds/core/policy/TCorePolicy.hpp,unitree_sdk2/thirdparty/include/ddscxx/dds/core/policy/TCorePolicy.hpp,unchanged,same,a6bb6a8ca8580035f818b1bc8046a3283d1bd37535812d76e6854910435737df,a6bb6a8ca8580035f818b1bc8046a3283d1bd37535812d76e6854910435737df
unitree_sdk2/thirdparty/include/ddscxx/dds/core/policy/CorePolicy.hpp,unitree_sdk2/thirdparty/include/ddscxx/dds/core/policy/CorePolicy.hpp,unchanged,same,1768f9cff8d68e0b379c044d60bd406dd3db3e9dc63fb78d6179d53b88e2234c,1768f9cff8d68e0b379c044d60bd406dd3db3e9dc63fb78d6179d53b88e2234c
unitree_sdk2/thirdparty/include/ddscxx/dds/core/policy/detail/TCorePolicyImpl.hpp,unitree_sdk2/thirdparty/include/ddscxx/dds/core/policy/detail/TCorePolicyImpl.hpp,unchanged,same,a9439e6b608b660e62ae6a623e3e3ef751434937d326bc74db814719d8fce715,a9439e6b608b660e62ae6a623e3e3ef751434937d326bc74db814719d8fce715
unitree_sdk2/thirdparty/include/ddscxx/dds/core/policy/detail/TQosPolicyCountImpl.hpp,unitree_sdk2/thirdparty/include/ddscxx/dds/core/policy/detail/TQosPolicyCountImpl.hpp,unchanged,same,25fcf2f54459d85ba386401c657e55901fd21ce32274731049e6bbb07bd8a3cd,25fcf2f54459d85ba386401c657e55901fd21ce32274731049e6bbb07bd8a3cd
unitree_sdk2/thirdparty/include/ddscxx/dds/core/policy/detail/QosPolicyCount.hpp,unitree_sdk2/thirdparty/include/ddscxx/dds/core/policy/detail/QosPolicyCount.hpp,unchanged,same,ded643a0c83483470066cb39a8589aa284df084c94b83fbfaafc8c7125dfa459,ded643a0c83483470066cb39a8589aa284df084c94b83fbfaafc8c7125dfa459
unitree_sdk2/thirdparty/include/ddscxx/dds/core/policy/detail/CorePolicy.hpp,unitree_sdk2/thirdparty/include/ddscxx/dds/core/policy/detail/CorePolicy.hpp,unchanged,same,058fe2a358130ff9ac57e5083ffe9f9f8216a4d9b33d4c58799abe20e6bc58c0,058fe2a358130ff9ac57e5083ffe9f9f8216a4d9b33d4c58799abe20e6bc58c0
unitree_sdk2/thirdparty/include/ddscxx/dds/core/detail/inttypes.hpp,unitree_sdk2/thirdparty/include/ddscxx/dds/core/detail/inttypes.hpp,unchanged,same,79ffe6e2fac53351b7132b918cd5dc4d459954063495953d1176c453556a0f54,79ffe6e2fac53351b7132b918cd5dc4d459954063495953d1176c453556a0f54
unitree_sdk2/thirdparty/include/ddscxx/dds/core/detail/BuiltinTopicTypes.hpp,unitree_sdk2/thirdparty/include/ddscxx/dds/core/detail/BuiltinTopicTypes.hpp,unchanged,same,17a58fa432e9824349ffc046b222924d557a21119ad978899242e029f594bc4f,17a58fa432e9824349ffc046b222924d557a21119ad978899242e029f594bc4f
unitree_sdk2/thirdparty/include/ddscxx/dds/core/detail/array.hpp,unitree_sdk2/thirdparty/include/ddscxx/dds/core/detail/array.hpp,unchanged,same,bb7cbd19f2cc217b37a2db150e8accc58d47dae865a92a1b15412077b9007541,bb7cbd19f2cc217b37a2db150e8accc58d47dae865a92a1b15412077b9007541
unitree_sdk2/thirdparty/include/ddscxx/dds/core/detail/ddscore.hpp,unitree_sdk2/thirdparty/include/ddscxx/dds/core/detail/ddscore.hpp,unchanged,same,80eb9f03a248b9bdc8b67c775fa14320bbb4f37ba3a358af77055ac242ecf852,80eb9f03a248b9bdc8b67c775fa14320bbb4f37ba3a358af77055ac242ecf852
unitree_sdk2/thirdparty/include/ddscxx/dds/core/detail/TEntityImpl.hpp,unitree_sdk2/thirdparty/include/ddscxx/dds/core/detail/TEntityImpl.hpp,unchanged,same,17fbb675eaecc67c1d2b04157afbe13be3b2bd1e0c05f41a594e70e69ccfa6ba,17fbb675eaecc67c1d2b04157afbe13be3b2bd1e0c05f41a594e70e69ccfa6ba
unitree_sdk2/thirdparty/include/ddscxx/dds/core/detail/conformance.hpp,unitree_sdk2/thirdparty/include/ddscxx/dds/core/detail/conformance.hpp,unchanged,same,510c9fbb116674455bcc3dec4f820f9b181a417af06038af826ad3299663311e,510c9fbb116674455bcc3dec4f820f9b181a417af06038af826ad3299663311e
unitree_sdk2/thirdparty/include/ddscxx/dds/core/detail/TInstanceHandleImpl.hpp,unitree_sdk2/thirdparty/include/ddscxx/dds/core/detail/TInstanceHandleImpl.hpp,unchanged,same,218c87b565dc5e25754a41732d17d9088d62c02f9211bb23d92c8f56e0811fa2,218c87b565dc5e25754a41732d17d9088d62c02f9211bb23d92c8f56e0811fa2
unitree_sdk2/thirdparty/include/ddscxx/dds/core/detail/InstanceHandle.hpp,unitree_sdk2/thirdparty/include/ddscxx/dds/core/detail/InstanceHandle.hpp,unchanged,same,265712433851fcc95e089e7ee5269293d497bcf50ca74baf78e4ecdd623da293,265712433851fcc95e089e7ee5269293d497bcf50ca74baf78e4ecdd623da293
unitree_sdk2/thirdparty/include/ddscxx/dds/core/detail/Entity.hpp,unitree_sdk2/thirdparty/include/ddscxx/dds/core/detail/Entity.hpp,unchanged,same,08dc222db3f0d5c31586a49bbf5e2d57c9ce17c225bf6ac44346f5c55af9eb8f,08dc222db3f0d5c31586a49bbf5e2d57c9ce17c225bf6ac44346f5c55af9eb8f
unitree_sdk2/thirdparty/include/ddscxx/dds/core/detail/WeakReferenceImpl.hpp,unitree_sdk2/thirdparty/include/ddscxx/dds/core/detail/WeakReferenceImpl.hpp,unchanged,same,15a81cd6f3f2bcc32d128f85186add5ac65eedaa39589b94358c86182177797c,15a81cd6f3f2bcc32d128f85186add5ac65eedaa39589b94358c86182177797c
unitree_sdk2/thirdparty/include/ddscxx/dds/core/detail/ReferenceImpl.hpp,unitree_sdk2/thirdparty/include/ddscxx/dds/core/detail/ReferenceImpl.hpp,unchanged,same,3931f91fba046cc98bad7f33a3e6383bc608bea9cc7e34fa48384a7310e3feea,3931f91fba046cc98bad7f33a3e6383bc608bea9cc7e34fa48384a7310e3feea
unitree_sdk2/thirdparty/include/ddscxx/dds/core/detail/ref_traits.hpp,unitree_sdk2/thirdparty/include/ddscxx/dds/core/detail/ref_traits.hpp,unchanged,same,e5a6aa01c04c5d79d6e1da59b68a7344258fb15f0088a0c405b34c0de9721956,e5a6aa01c04c5d79d6e1da59b68a7344258fb15f0088a0c405b34c0de9721956
unitree_sdk2/thirdparty/include/ddscxx/dds/core/detail/old_win_stdint.h,unitree_sdk2/thirdparty/include/ddscxx/dds/core/detail/old_win_stdint.h,unchanged,same,099e592ce4c693fddafef90cf3f705999793e38a8169ce670271d5de53a7d56b,099e592ce4c693fddafef90cf3f705999793e38a8169ce670271d5de53a7d56b
unitree_sdk2/thirdparty/include/ddscxx/dds/core/detail/TQosProviderImpl.hpp,unitree_sdk2/thirdparty/include/ddscxx/dds/core/detail/TQosProviderImpl.hpp,unchanged,same,7fb98bfebe884ea4216af85e42fdb710be0984d59b90c7c56bfc8788246d66e4,7fb98bfebe884ea4216af85e42fdb710be0984d59b90c7c56bfc8788246d66e4
unitree_sdk2/thirdparty/include/ddscxx/dds/core/detail/module_docs.hpp,unitree_sdk2/thirdparty/include/ddscxx/dds/core/detail/module_docs.hpp,unchanged,same,7b597ecfd8003c143cb51f37eedb7b4f481fc1c9c5543851ac465d5980cedb1a,7b597ecfd8003c143cb51f37eedb7b4f481fc1c9c5543851ac465d5980cedb1a
unitree_sdk2/thirdparty/include/ddscxx/dds/core/detail/TEntityQosImpl.hpp,unitree_sdk2/thirdparty/include/ddscxx/dds/core/detail/TEntityQosImpl.hpp,unchanged,same,a347fbf8974f33e7e0af3adc31ea6fe4dd595e3c2b96a6e0fed16ac94401ae71,a347fbf8974f33e7e0af3adc31ea6fe4dd595e3c2b96a6e0fed16ac94401ae71
unitree_sdk2/thirdparty/include/ddscxx/dds/core/detail/Value.hpp,unitree_sdk2/thirdparty/include/ddscxx/dds/core/detail/Value.hpp,unchanged,same,3895cad210cdea4435860a798e06c68bed340434dd52bc81ec4a4e3cbb0721a9,3895cad210cdea4435860a798e06c68bed340434dd52bc81ec4a4e3cbb0721a9
unitree_sdk2/thirdparty/include/ddscxx/dds/core/detail/export.hpp,unitree_sdk2/thirdparty/include/ddscxx/dds/core/detail/export.hpp,unchanged,same,493f92dcb971222f9841e86d691655edc8ccf2a006ec5aa3aafd3db52d84110c,493f92dcb971222f9841e86d691655edc8ccf2a006ec5aa3aafd3db52d84110c
unitree_sdk2/thirdparty/include/ddscxx/dds/core/detail/macros.hpp,unitree_sdk2/thirdparty/include/ddscxx/dds/core/detail/macros.hpp,unchanged,same,a2d18bd0a5161c8c4cee51509aee033f8a0a83eef979fab25325762cf3eb4445,a2d18bd0a5161c8c4cee51509aee033f8a0a83eef979fab25325762cf3eb4445
unitree_sdk2/thirdparty/include/ddscxx/dds/core/detail/QosProvider.hpp,unitree_sdk2/thirdparty/include/ddscxx/dds/core/detail/QosProvider.hpp,unchanged,same,1d194ca9cd2e439fa44806e7fa749911e8f75c52d76a4148ce8e8c2f0847a0ae,1d194ca9cd2e439fa44806e7fa749911e8f75c52d76a4148ce8e8c2f0847a0ae
unitree_sdk2/thirdparty/include/ddscxx/dds/core/status/Status.hpp,unitree_sdk2/thirdparty/include/ddscxx/dds/core/status/Status.hpp,unchanged,same,12895ae57f23855414f061a7e88794152bc8b091a55decadd6e260b1e4917f5e,12895ae57f23855414f061a7e88794152bc8b091a55decadd6e260b1e4917f5e
unitree_sdk2/thirdparty/include/ddscxx/dds/core/status/TStatus.hpp,unitree_sdk2/thirdparty/include/ddscxx/dds/core/status/TStatus.hpp,unchanged,same,4f495970a341d086c2a1b4f59822cea74ccb18e339f3ac3c18bda2a5014a1041,4f495970a341d086c2a1b4f59822cea74ccb18e339f3ac3c18bda2a5014a1041
unitree_sdk2/thirdparty/include/ddscxx/dds/core/status/State.hpp,unitree_sdk2/thirdparty/include/ddscxx/dds/core/status/State.hpp,unchanged,same,eebaaf64f89082ce9497586bab1d709e88d2929444c5299c468a12e33e9ab36d,eebaaf64f89082ce9497586bab1d709e88d2929444c5299c468a12e33e9ab36d
unitree_sdk2/thirdparty/include/ddscxx/dds/core/status/detail/TStatusImpl.hpp,unitree_sdk2/thirdparty/include/ddscxx/dds/core/status/detail/TStatusImpl.hpp,unchanged,same,1c13b58ff5f804943252e2de3d77844e0eb1a394ba0c808c2204bed217b600b6,1c13b58ff5f804943252e2de3d77844e0eb1a394ba0c808c2204bed217b600b6
unitree_sdk2/thirdparty/include/ddscxx/dds/core/status/detail/Status.hpp,unitree_sdk2/thirdparty/include/ddscxx/dds/core/status/detail/Status.hpp,unchanged,same,ff815c53de2c3afce0959db1a7cedcdc3a475ab67366c49473aba2fa50189247,ff815c53de2c3afce0959db1a7cedcdc3a475ab67366c49473aba2fa50189247
unitree_sdk2/thirdparty/include/ddscxx/dds/core/xtypes/UnionType.hpp,unitree_sdk2/thirdparty/include/ddscxx/dds/core/xtypes/UnionType.hpp,unchanged,same,a6c0b90b3b83642e4c52b4fd33b807dafa02ec4ea2d85e6d7ef899c31ae65255,a6c0b90b3b83642e4c52b4fd33b807dafa02ec4ea2d85e6d7ef899c31ae65255
unitree_sdk2/thirdparty/include/ddscxx/dds/core/xtypes/TCollectionTypes.hpp,unitree_sdk2/thirdparty/include/ddscxx/dds/core/xtypes/TCollectionTypes.hpp,unchanged,same,69481be7447569652894fb211cbdb2e783f7d6683f87c569a33dfcbff01538ba,69481be7447569652894fb211cbdb2e783f7d6683f87c569a33dfcbff01538ba
unitree_sdk2/thirdparty/include/ddscxx/dds/core/xtypes/TStructType.hpp,unitree_sdk2/thirdparty/include/ddscxx/dds/core/xtypes/TStructType.hpp,unchanged,same,e56bcfa33599fb3e81b303c341d4546eed7f9330f3a927a82329d729bb112b65,e56bcfa33599fb3e81b303c341d4546eed7f9330f3a927a82329d729bb112b65
unitree_sdk2/thirdparty/include/ddscxx/dds/core/xtypes/UnionCase.hpp,unitree_sdk2/thirdparty/include/ddscxx/dds/core/xtypes/UnionCase.hpp,unchanged,same,147b8f5ac65c239f71d61ea413b7a523222de23f6cf39a0ee43bdefbb476ea95,147b8f5ac65c239f71d61ea413b7a523222de23f6cf39a0ee43bdefbb476ea95
unitree_sdk2/thirdparty/include/ddscxx/dds/core/xtypes/DynamicType.hpp,unitree_sdk2/thirdparty/include/ddscxx/dds/core/xtypes/DynamicType.hpp,unchanged,same,51960836c66e77197deb7081ec3d65253e3ba6c02ddb72736fe9fde848f563ed,51960836c66e77197deb7081ec3d65253e3ba6c02ddb72736fe9fde848f563ed
unitree_sdk2/thirdparty/include/ddscxx/dds/core/xtypes/TDynamicType.hpp,unitree_sdk2/thirdparty/include/ddscxx/dds/core/xtypes/TDynamicType.hpp,unchanged,same,e3485804075b09613a348128474f519e25c8f03735231c4bcaf0a8f71223aebd,e3485804075b09613a348128474f519e25c8f03735231c4bcaf0a8f71223aebd
unitree_sdk2/thirdparty/include/ddscxx/dds/core/xtypes/MemberType.hpp,unitree_sdk2/thirdparty/include/ddscxx/dds/core/xtypes/MemberType.hpp,unchanged,same,d1cbfacd028d54f408bab781ed7f992154489b96be9254ac263ab9b527dcb6f1,d1cbfacd028d54f408bab781ed7f992154489b96be9254ac263ab9b527dcb6f1
unitree_sdk2/thirdparty/include/ddscxx/dds/core/xtypes/CollectionTypes.hpp,unitree_sdk2/thirdparty/include/ddscxx/dds/core/xtypes/CollectionTypes.hpp,unchanged,same,3c101d0ac2ef2bd3a3bd628116f8dc12fb6816a01e0e999fe3e17e475e9e883f,3c101d0ac2ef2bd3a3bd628116f8dc12fb6816a01e0e999fe3e17e475e9e883f
unitree_sdk2/thirdparty/include/ddscxx/dds/core/xtypes/TAnnotation.hpp,unitree_sdk2/thirdparty/include/ddscxx/dds/core/xtypes/TAnnotation.hpp,unchanged,same,c5df5d26aafb7c7af556b0c0bb8bed293041a2952def2bb08fce79c25a1298fc,c5df5d26aafb7c7af556b0c0bb8bed293041a2952def2bb08fce79c25a1298fc
unitree_sdk2/thirdparty/include/ddscxx/dds/core/xtypes/StructType.hpp,unitree_sdk2/thirdparty/include/ddscxx/dds/core/xtypes/StructType.hpp,unchanged,same,69215d1f833a2361e7f96d54857463d29ed39bcffd2eee602ee2ec83e7f9af57,69215d1f833a2361e7f96d54857463d29ed39bcffd2eee602ee2ec83e7f9af57
unitree_sdk2/thirdparty/include/ddscxx/dds/core/xtypes/PrimitiveTypes.hpp,unitree_sdk2/thirdparty/include/ddscxx/dds/core/xtypes/PrimitiveTypes.hpp,unchanged,same,42d67e750d51795c58e166d148b35af4ee8e84c8ae21f3fbbb8feb04208644d4,42d67e750d51795c58e166d148b35af4ee8e84c8ae21f3fbbb8feb04208644d4
unitree_sdk2/thirdparty/include/ddscxx/dds/core/xtypes/Annotations.hpp,unitree_sdk2/thirdparty/include/ddscxx/dds/core/xtypes/Annotations.hpp,unchanged,same,87b107400de0fe0d28f0a2ebd94c8cd0ab1abaa61ae8a2fa0ccee21f6973fb40,87b107400de0fe0d28f0a2ebd94c8cd0ab1abaa61ae8a2fa0ccee21f6973fb40
unitree_sdk2/thirdparty/include/ddscxx/dds/core/xtypes/TTypeProvider.hpp,unitree_sdk2/thirdparty/include/ddscxx/dds/core/xtypes/TTypeProvider.hpp,unchanged,same,73f132f212914ddd1899baae0d1ce84224d34b55bf8bec9066d0a1faa6c320e8,73f132f212914ddd1899baae0d1ce84224d34b55bf8bec9066d0a1faa6c320e8
unitree_sdk2/thirdparty/include/ddscxx/dds/core/xtypes/TypeKind.hpp,unitree_sdk2/thirdparty/include/ddscxx/dds/core/xtypes/TypeKind.hpp,unchanged,same,ee0cca26eabdf609faf52f8176d8fdd188ae61e7f442dd28738501891b0c88f7,ee0cca26eabdf609faf52f8176d8fdd188ae61e7f442dd28738501891b0c88f7
unitree_sdk2/thirdparty/include/ddscxx/dds/core/xtypes/TDynamicData.hpp,unitree_sdk2/thirdparty/include/ddscxx/dds/core/xtypes/TDynamicData.hpp,unchanged,same,960decba7664c0eaed7e0c522fc7311ce1cc7da8792c487249c6511325c81d57,960decba7664c0eaed7e0c522fc7311ce1cc7da8792c487249c6511325c81d57
unitree_sdk2/thirdparty/include/ddscxx/dds/core/xtypes/TypeProvider.hpp,unitree_sdk2/thirdparty/include/ddscxx/dds/core/xtypes/TypeProvider.hpp,unchanged,same,1da92b3b43047ff8e1ca640e4f0aeac75a0a45d0bca24938a567bd27f0838ed1,1da92b3b43047ff8e1ca640e4f0aeac75a0a45d0bca24938a567bd27f0838ed1
unitree_sdk2/thirdparty/include/ddscxx/dds/core/xtypes/TMemberType.hpp,unitree_sdk2/thirdparty/include/ddscxx/dds/core/xtypes/TMemberType.hpp,unchanged,same,4c946c74acb956f8ae9aba4e45031a0d0d8d1987ce02b85cb5794a03964c27b7,4c946c74acb956f8ae9aba4e45031a0d0d8d1987ce02b85cb5794a03964c27b7
unitree_sdk2/thirdparty/include/ddscxx/dds/core/xtypes/DynamicData.hpp,unitree_sdk2/thirdparty/include/ddscxx/dds/core/xtypes/DynamicData.hpp,unchanged,same,08810b9009d33011fc5f2e58f430413283c59988e1b8588725941a3ea4a63e9d,08810b9009d33011fc5f2e58f430413283c59988e1b8588725941a3ea4a63e9d
unitree_sdk2/thirdparty/include/ddscxx/dds/core/xtypes/detail/UnionType.hpp,unitree_sdk2/thirdparty/include/ddscxx/dds/core/xtypes/detail/UnionType.hpp,unchanged,same,93c71dfe0dc348586e5351e5c54918be02eeb49b7ac2570080c1ff6410672d26,93c71dfe0dc348586e5351e5c54918be02eeb49b7ac2570080c1ff6410672d26
unitree_sdk2/thirdparty/include/ddscxx/dds/core/xtypes/detail/UnionCase.hpp,unitree_sdk2/thirdparty/include/ddscxx/dds/core/xtypes/detail/UnionCase.hpp,unchanged,same,579a772840d02aab47ee515fd37ecf2827411ef2b9e063fd490e39d5f8d1018e,579a772840d02aab47ee515fd37ecf2827411ef2b9e063fd490e39d5f8d1018e
unitree_sdk2/thirdparty/include/ddscxx/dds/core/xtypes/detail/DynamicType.hpp,unitree_sdk2/thirdparty/include/ddscxx/dds/core/xtypes/detail/DynamicType.hpp,unchanged,same,5b6b45cdee986777328657431272d49c9265ebf1102edba158b6226fb1d082b2,5b6b45cdee986777328657431272d49c9265ebf1102edba158b6226fb1d082b2
unitree_sdk2/thirdparty/include/ddscxx/dds/core/xtypes/detail/MemberType.hpp,unitree_sdk2/thirdparty/include/ddscxx/dds/core/xtypes/detail/MemberType.hpp,unchanged,same,29bf7ee5303c358be9af2e9d3a5498e7030abe0e301da52a4fea515e4f705f29,29bf7ee5303c358be9af2e9d3a5498e7030abe0e301da52a4fea515e4f705f29
unitree_sdk2/thirdparty/include/ddscxx/dds/core/xtypes/detail/CollectionTypes.hpp,unitree_sdk2/thirdparty/include/ddscxx/dds/core/xtypes/detail/CollectionTypes.hpp,unchanged,same,56bbc720d5cc798b9db64467cf98d9b5edd5ffc8534388cb3fbd603b39423f68,56bbc720d5cc798b9db64467cf98d9b5edd5ffc8534388cb3fbd603b39423f68
unitree_sdk2/thirdparty/include/ddscxx/dds/core/xtypes/detail/StructType.hpp,unitree_sdk2/thirdparty/include/ddscxx/dds/core/xtypes/detail/StructType.hpp,unchanged,same,470000f7521a218f160cccfa79048160bbc7f12d36539cc018526b6eef86539e,470000f7521a218f160cccfa79048160bbc7f12d36539cc018526b6eef86539e
unitree_sdk2/thirdparty/include/ddscxx/dds/core/xtypes/detail/PrimitiveTypes.hpp,unitree_sdk2/thirdparty/include/ddscxx/dds/core/xtypes/detail/PrimitiveTypes.hpp,unchanged,same,f9deb0b724082e3d5862164461fc31f61d69d6378a2063efe5f1f799cb0bb904,f9deb0b724082e3d5862164461fc31f61d69d6378a2063efe5f1f799cb0bb904
unitree_sdk2/thirdparty/include/ddscxx/dds/core/xtypes/detail/Annotation.hpp,unitree_sdk2/thirdparty/include/ddscxx/dds/core/xtypes/detail/Annotation.hpp,unchanged,same,ec8c9c3231d65f35c14552794c1cd3a7cceccf97c7bdc616b8d0c9e1b9042090,ec8c9c3231d65f35c14552794c1cd3a7cceccf97c7bdc616b8d0c9e1b9042090
unitree_sdk2/thirdparty/include/ddscxx/dds/core/xtypes/detail/TypeProvider.hpp,unitree_sdk2/thirdparty/include/ddscxx/dds/core/xtypes/detail/TypeProvider.hpp,unchanged,same,19be5b1497ce78891a1b6856007b54043f35c637f2a4ddcc1b107edb66006787,19be5b1497ce78891a1b6856007b54043f35c637f2a4ddcc1b107edb66006787
unitree_sdk2/thirdparty/include/ddscxx/dds/core/xtypes/detail/DynamicData.hpp,unitree_sdk2/thirdparty/include/ddscxx/dds/core/xtypes/detail/DynamicData.hpp,unchanged,same,1c7e730ff10e3e1cd45c5930fa9f524d7661526d94348b973fe6733c2a79d584,1c7e730ff10e3e1cd45c5930fa9f524d7661526d94348b973fe6733c2a79d584
unitree_sdk2/thirdparty/include/dds/export.h,unitree_sdk2/thirdparty/include/dds/export.h,unchanged,same,fdf2229d1cb37d8a57c147e768d7b42f735976cd42adacdaccc70043cd450469,fdf2229d1cb37d8a57c147e768d7b42f735976cd42adacdaccc70043cd450469
unitree_sdk2/thirdparty/include/dds/dds.h,unitree_sdk2/thirdparty/include/dds/dds.h,unchanged,same,5a947ab1f9efd302871f57009654bab535a4cb43a2ea42ac6206ac935296c875,5a947ab1f9efd302871f57009654bab535a4cb43a2ea42ac6206ac935296c875
unitree_sdk2/thirdparty/include/dds/config.h,unitree_sdk2/thirdparty/include/dds/config.h,unchanged,same,f9eb858b057c643ad4dcba489cb94b3c1dbf667116858e07510ea2656a66ef52,f9eb858b057c643ad4dcba489cb94b3c1dbf667116858e07510ea2656a66ef52
unitree_sdk2/thirdparty/include/dds/features.h,unitree_sdk2/thirdparty/include/dds/features.h,unchanged,same,7779da95b9fa9c9264ddddec9fde17b8a723127fcc895ed0a4d31d679388622c,7779da95b9fa9c9264ddddec9fde17b8a723127fcc895ed0a4d31d679388622c
unitree_sdk2/thirdparty/include/dds/version.h,unitree_sdk2/thirdparty/include/dds/version.h,unchanged,same,67406aae71d202ebd795efde67f05e6c866e10baa5a09d273190ba111742fb75,67406aae71d202ebd795efde67f05e6c866e10baa5a09d273190ba111742fb75
unitree_sdk2/thirdparty/include/dds/ddsrt/circlist.h,unitree_sdk2/thirdparty/include/dds/ddsrt/circlist.h,unchanged,same,d6955ab6e3b52288c8eea5f5f6fbb44f8ed1e9d109c18393861f819b269286a9,d6955ab6e3b52288c8eea5f5f6fbb44f8ed1e9d109c18393861f819b269286a9
unitree_sdk2/thirdparty/include/dds/ddsrt/misc.h,unitree_sdk2/thirdparty/include/dds/ddsrt/misc.h,unchanged,same,b174e560a9d2f22b61323f7b2dbbe44fbeeb1ae68e38e1f724f20ce95efbe5cb,b174e560a9d2f22b61323f7b2dbbe44fbeeb1ae68e38e1f724f20ce95efbe5cb
unitree_sdk2/thirdparty/include/dds/ddsrt/static_assert.h,unitree_sdk2/thirdparty/include/dds/ddsrt/static_assert.h,unchanged,same,26f1bf25b4aa0db38518223761235e75f55f42365a795bb2e0b4b40a7cade69b,26f1bf25b4aa0db38518223761235e75f55f42365a795bb2e0b4b40a7cade69b
unitree_sdk2/thirdparty/include/dds/ddsrt/endian.h,unitree_sdk2/thirdparty/include/dds/ddsrt/endian.h,unchanged,same,5af49b576e04ac5abb7c29dd1ca6bc062cb2624ec82906a0fcd26d7dd1f7a79e,5af49b576e04ac5abb7c29dd1ca6bc062cb2624ec82906a0fcd26d7dd1f7a79e
unitree_sdk2/thirdparty/include/dds/ddsrt/expand_vars.h,unitree_sdk2/thirdparty/include/dds/ddsrt/expand_vars.h,unchanged,same,6cc3f2743903ad562406e1114767977e94f31c40c8358590b5cd6fe41cce7ce6,6cc3f2743903ad562406e1114767977e94f31c40c8358590b5cd6fe41cce7ce6
unitree_sdk2/thirdparty/include/dds/ddsrt/process.h,unitree_sdk2/thirdparty/include/dds/ddsrt/process.h,unchanged,same,aee66ea446a675fdfc1c71d965c84f17b52fd49971610f5a42824305a5bd3302,aee66ea446a675fdfc1c71d965c84f17b52fd49971610f5a42824305a5bd3302
unitree_sdk2/thirdparty/include/dds/ddsrt/attributes.h,unitree_sdk2/thirdparty/include/dds/ddsrt/attributes.h,unchanged,same,5a4f6d101bebd049b56e96088aa339258b3d57ebb81d3cd2311d5bdd6c567c38,5a4f6d101bebd049b56e96088aa339258b3d57ebb81d3cd2311d5bdd6c567c38
unitree_sdk2/thirdparty/include/dds/ddsrt/time.h,unitree_sdk2/thirdparty/include/dds/ddsrt/time.h,unchanged,same,3050907039419bbaaef63a0be8fecc8d66aaee023712b7bef5f132b0ba926a25,3050907039419bbaaef63a0be8fecc8d66aaee023712b7bef5f132b0ba926a25
unitree_sdk2/thirdparty/include/dds/ddsrt/rusage.h,unitree_sdk2/thirdparty/include/dds/ddsrt/rusage.h,unchanged,same,96d8ce3677fbf60eae56df74c2895ce274dbfbe8dba52c34e46ac8d7681db08c,96d8ce3677fbf60eae56df74c2895ce274dbfbe8dba52c34e46ac8d7681db08c
unitree_sdk2/thirdparty/include/dds/ddsrt/countargs.h,unitree_sdk2/thirdparty/include/dds/ddsrt/countargs.h,unchanged,same,c76678ca2dab5d4ef22c829a8100e52c80d6e2a3635c397f64b25ede1959047c,c76678ca2dab5d4ef22c829a8100e52c80d6e2a3635c397f64b25ede1959047c
unitree_sdk2/thirdparty/include/dds/ddsrt/sched.h,unitree_sdk2/thirdparty/include/dds/ddsrt/sched.h,unchanged,same,4d859898340a128a0af7e939dc26e41c8d53b7cf81a28c485d815ebc93bd4b12,4d859898340a128a0af7e939dc26e41c8d53b7cf81a28c485d815ebc93bd4b12
unitree_sdk2/thirdparty/include/dds/ddsrt/string.h,unitree_sdk2/thirdparty/include/dds/ddsrt/string.h,unchanged,same,67bac010662cebd0601c4864089d4465a231989774974cde403441e7a0ebc55f,67bac010662cebd0601c4864089d4465a231989774974cde403441e7a0ebc55f
unitree_sdk2/thirdparty/include/dds/ddsrt/iovec.h,unitree_sdk2/thirdparty/include/dds/ddsrt/iovec.h,unchanged,same,87e44cabbe3ee064de63b04b58a09ee956e66b9bf8c69d9c7137f3a5d41d691d,87e44cabbe3ee064de63b04b58a09ee956e66b9bf8c69d9c7137f3a5d41d691d
unitree_sdk2/thirdparty/include/dds/ddsrt/fibheap.h,unitree_sdk2/thirdparty/include/dds/ddsrt/fibheap.h,unchanged,same,924ea7bf72f940d42b60fd293933484340be88651d715a7e21cfe1187812ffb8,924ea7bf72f940d42b60fd293933484340be88651d715a7e21cfe1187812ffb8
unitree_sdk2/thirdparty/include/dds/ddsrt/avl.h,unitree_sdk2/thirdparty/include/dds/ddsrt/avl.h,unchanged,same,3c0d367fa890838f63f894d4ca24b099c8426235b682c14dacd91a9db3eaa9c6,3c0d367fa890838f63f894d4ca24b099c8426235b682c14dacd91a9db3eaa9c6
unitree_sdk2/thirdparty/include/dds/ddsrt/strtod.h,unitree_sdk2/thirdparty/include/dds/ddsrt/strtod.h,unchanged,same,508a16f5f166cde6f3d78090aae480f724ef317d9857f15d66b7d22814583725,508a16f5f166cde6f3d78090aae480f724ef317d9857f15d66b7d22814583725
unitree_sdk2/thirdparty/include/dds/ddsrt/sync.h,unitree_sdk2/thirdparty/include/dds/ddsrt/sync.h,unchanged,same,c013815b88bea7609d3297250a87cc2349f01c2a6ce5c27a6f74395874d3ba10,c013815b88bea7609d3297250a87cc2349f01c2a6ce5c27a6f74395874d3ba10
unitree_sdk2/thirdparty/include/dds/ddsrt/cdtors.h,unitree_sdk2/thirdparty/include/dds/ddsrt/cdtors.h,unchanged,same,c220fd531b234be9d90f668ab746cc265516a0f51623e48c8071d7314377566a,c220fd531b234be9d90f668ab746cc265516a0f51623e48c8071d7314377566a
unitree_sdk2/thirdparty/include/dds/ddsrt/log.h,unitree_sdk2/thirdparty/include/dds/ddsrt/log.h,unchanged,same,8e5978c5a2dd36f4a3905317be58689345351bc07bce766fcf57cd77f45945d8,8e5978c5a2dd36f4a3905317be58689345351bc07bce766fcf57cd77f45945d8
unitree_sdk2/thirdparty/include/dds/ddsrt/align.h,unitree_sdk2/thirdparty/include/dds/ddsrt/align.h,unchanged,same,bda2ca56cf563007f39268608e25030a1883d9b3ac742e28aa87c6c9d5121ce4,bda2ca56cf563007f39268608e25030a1883d9b3ac742e28aa87c6c9d5121ce4
unitree_sdk2/thirdparty/include/dds/ddsrt/ifaddrs.h,unitree_sdk2/thirdparty/include/dds/ddsrt/ifaddrs.h,unchanged,same,f62dfdba7bb5437f5cf475b260e16622de02e31a4a217ada9a5d3cd364277aaa,f62dfdba7bb5437f5cf475b260e16622de02e31a4a217ada9a5d3cd364277aaa
unitree_sdk2/thirdparty/include/dds/ddsrt/threads.h,unitree_sdk2/thirdparty/include/dds/ddsrt/threads.h,unchanged,same,5303a6f802b1767839c03b866eac0b597fdccca33ddd60bbf5dbe5f8e1a31093,5303a6f802b1767839c03b866eac0b597fdccca33ddd60bbf5dbe5f8e1a31093
unitree_sdk2/thirdparty/include/dds/ddsrt/atomics.h,unitree_sdk2/thirdparty/include/dds/ddsrt/atomics.h,unchanged,same,5b33635fba35f1b0379b6c41e1148b06266da97693aee6665f2afee2606fa394,5b33635fba35f1b0379b6c41e1148b06266da97693aee6665f2afee2606fa394
unitree_sdk2/thirdparty/include/dds/ddsrt/io.h,unitree_sdk2/thirdparty/include/dds/ddsrt/io.h,unchanged,same,953537de860bc65420ed0ac020368118784bde7634ce167d2281d79785b6cd34,953537de860bc65420ed0ac020368118784bde7634ce167d2281d79785b6cd34
unitree_sdk2/thirdparty/include/dds/ddsrt/sockets.h,unitree_sdk2/thirdparty/include/dds/ddsrt/sockets.h,unchanged,same,8901827a373bc007470138ff92967a89b4a411e3879fc7a752a5a9f4ad927b7d,8901827a373bc007470138ff92967a89b4a411e3879fc7a752a5a9f4ad927b7d
unitree_sdk2/thirdparty/include/dds/ddsrt/strtol.h,unitree_sdk2/thirdparty/include/dds/ddsrt/strtol.h,unchanged,same,7826cb6a5556c1b54ec2335f1b04779c8348b304fc56862c2efaec065b1beea7,7826cb6a5556c1b54ec2335f1b04779c8348b304fc56862c2efaec065b1beea7
unitree_sdk2/thirdparty/include/dds/ddsrt/netstat.h,unitree_sdk2/thirdparty/include/dds/ddsrt/netstat.h,unchanged,same,65973d017cdb5ab5ffd6a9c1e03e08b29a7aa9dee87c46cac862bb7530df93b5,65973d017cdb5ab5ffd6a9c1e03e08b29a7aa9dee87c46cac862bb7530df93b5
unitree_sdk2/thirdparty/include/dds/ddsrt/hopscotch.h,unitree_sdk2/thirdparty/include/dds/ddsrt/hopscotch.h,unchanged,same,bf5afe353c6dea92bd118681bbdf96522eb7e2c5178627e0a7c14a6cabadd341,bf5afe353c6dea92bd118681bbdf96522eb7e2c5178627e0a7c14a6cabadd341
unitree_sdk2/thirdparty/include/dds/ddsrt/mh3.h,unitree_sdk2/thirdparty/include/dds/ddsrt/mh3.h,unchanged,same,c13c2041b5354b808292234d5853b3639ac41f4d9938f8fa3243ac9d14679118,c13c2041b5354b808292234d5853b3639ac41f4d9938f8fa3243ac9d14679118
unitree_sdk2/thirdparty/include/dds/ddsrt/filesystem.h,unitree_sdk2/thirdparty/include/dds/ddsrt/filesystem.h,unchanged,same,71e13addad4ea6ff927834a63d1916cec4ee3f4afac3c5b0e66b5ca9fdae3acf,71e13addad4ea6ff927834a63d1916cec4ee3f4afac3c5b0e66b5ca9fdae3acf
unitree_sdk2/thirdparty/include/dds/ddsrt/md5.h,unitree_sdk2/thirdparty/include/dds/ddsrt/md5.h,unchanged,same,ed8505d3a634acdfa71ce29d133fbad3c87ec6d2702177036e12dd6754c257cd,ed8505d3a634acdfa71ce29d133fbad3c87ec6d2702177036e12dd6754c257cd
unitree_sdk2/thirdparty/include/dds/ddsrt/dynlib.h,unitree_sdk2/thirdparty/include/dds/ddsrt/dynlib.h,unchanged,same,c7f70c0f8a0da3fdd1a97c4ab3e6e764050954d5adad7ceed6e32a77ed0285de,c7f70c0f8a0da3fdd1a97c4ab3e6e764050954d5adad7ceed6e32a77ed0285de
unitree_sdk2/thirdparty/include/dds/ddsrt/retcode.h,unitree_sdk2/thirdparty/include/dds/ddsrt/retcode.h,unchanged,same,de1d07082289f2578d2b57739d62df33c319e10ece6320ac775a6d2e2bdceedb,de1d07082289f2578d2b57739d62df33c319e10ece6320ac775a6d2e2bdceedb
unitree_sdk2/thirdparty/include/dds/ddsrt/bswap.h,unitree_sdk2/thirdparty/include/dds/ddsrt/bswap.h,unchanged,same,59dfb898f9328156aa1fb55f2717aa2e99a2b08b5bf15b1033674dd324f6c852,59dfb898f9328156aa1fb55f2717aa2e99a2b08b5bf15b1033674dd324f6c852
unitree_sdk2/thirdparty/include/dds/ddsrt/xmlparser.h,unitree_sdk2/thirdparty/include/dds/ddsrt/xmlparser.h,unchanged,same,87d3baac8b3f57efc35d39ebf9986c4d53a8e9609cb8dd95191843af83351275,87d3baac8b3f57efc35d39ebf9986c4d53a8e9609cb8dd95191843af83351275
unitree_sdk2/thirdparty/include/dds/ddsrt/environ.h,unitree_sdk2/thirdparty/include/dds/ddsrt/environ.h,unchanged,same,24a0ac84ffab13fda240b3ceef9b71686ab6a8e84b82966005d4cbb38d21c6a4,24a0ac84ffab13fda240b3ceef9b71686ab6a8e84b82966005d4cbb38d21c6a4
unitree_sdk2/thirdparty/include/dds/ddsrt/types.h,unitree_sdk2/thirdparty/include/dds/ddsrt/types.h,unchanged,same,fe6dcdfd0f45560c0fe11202d4abaa0baf1f5289073b797c76e3dc6de3cfb996,fe6dcdfd0f45560c0fe11202d4abaa0baf1f5289073b797c76e3dc6de3cfb996
unitree_sdk2/thirdparty/include/dds/ddsrt/arch.h,unitree_sdk2/thirdparty/include/dds/ddsrt/arch.h,unchanged,same,588f4535cba10abab1c7ecd65a721a8efd3f129efdde513818143584be2591f8,588f4535cba10abab1c7ecd65a721a8efd3f129efdde513818143584be2591f8
unitree_sdk2/thirdparty/include/dds/ddsrt/random.h,unitree_sdk2/thirdparty/include/dds/ddsrt/random.h,unchanged,same,7face0378d2d49c7bba89d63ddb472b800c35dfce1dc8a6c0e24744d0fa7c0b8,7face0378d2d49c7bba89d63ddb472b800c35dfce1dc8a6c0e24744d0fa7c0b8
unitree_sdk2/thirdparty/include/dds/ddsrt/heap.h,unitree_sdk2/thirdparty/include/dds/ddsrt/heap.h,unchanged,same,804f18300ff13f789aab74581e57e40667a00934c18318a1f6d7d55a69b0828d,804f18300ff13f789aab74581e57e40667a00934c18318a1f6d7d55a69b0828d
unitree_sdk2/thirdparty/include/dds/ddsrt/sync/posix.h,unitree_sdk2/thirdparty/include/dds/ddsrt/sync/posix.h,unchanged,same,baf4b998edc40a129dd13f3b118a702795cd48fc9f4c86d1a844d46ff76c355d,baf4b998edc40a129dd13f3b118a702795cd48fc9f4c86d1a844d46ff76c355d
unitree_sdk2/thirdparty/include/dds/ddsrt/sync/windows.h,unitree_sdk2/thirdparty/include/dds/ddsrt/sync/windows.h,unchanged,same,1f06e7c44750c65d1d22b26230598d5ab06c17dc6af77a82c4afb747b42b9943,1f06e7c44750c65d1d22b26230598d5ab06c17dc6af77a82c4afb747b42b9943
unitree_sdk2/thirdparty/include/dds/ddsrt/sync/freertos.h,unitree_sdk2/thirdparty/include/dds/ddsrt/sync/freertos.h,unchanged,same,9c07ea1727dc65d23c15c4dfd4b665f421d74d0e410599429d6588f94034822d,9c07ea1727dc65d23c15c4dfd4b665f421d74d0e410599429d6588f94034822d
unitree_sdk2/thirdparty/include/dds/ddsrt/atomics/gcc.h,unitree_sdk2/thirdparty/include/dds/ddsrt/atomics/gcc.h,unchanged,same,01293f38575c87511f1c6e78ec09a0ebf53bdb32d5bc24988ce0b9101cba5b32,01293f38575c87511f1c6e78ec09a0ebf53bdb32d5bc24988ce0b9101cba5b32
unitree_sdk2/thirdparty/include/dds/ddsrt/atomics/msvc.h,unitree_sdk2/thirdparty/include/dds/ddsrt/atomics/msvc.h,unchanged,same,891ece9076434b4d08657d488714205eee77dd97defc304f61529238957ed044,891ece9076434b4d08657d488714205eee77dd97defc304f61529238957ed044
unitree_sdk2/thirdparty/include/dds/ddsrt/atomics/arm.h,unitree_sdk2/thirdparty/include/dds/ddsrt/atomics/arm.h,unchanged,same,1c7c33f685ff9e08108699febac49249206391a3de9ac781f4008669044d3372,1c7c33f685ff9e08108699febac49249206391a3de9ac781f4008669044d3372
unitree_sdk2/thirdparty/include/dds/ddsrt/atomics/sun.h,unitree_sdk2/thirdparty/include/dds/ddsrt/atomics/sun.h,unchanged,same,92cc244a910a9c0d9a86d317b5c6bfd5095fefbf775458f5e134a08262dea8f7,92cc244a910a9c0d9a86d317b5c6bfd5095fefbf775458f5e134a08262dea8f7
unitree_sdk2/thirdparty/include/dds/ddsrt/sockets/posix.h,unitree_sdk2/thirdparty/include/dds/ddsrt/sockets/posix.h,unchanged,same,8b2a0c62e4a036ee558155b09d445b1be977d1235afdcb55130d193c11be9fff,8b2a0c62e4a036ee558155b09d445b1be977d1235afdcb55130d193c11be9fff
unitree_sdk2/thirdparty/include/dds/ddsrt/sockets/windows.h,unitree_sdk2/thirdparty/include/dds/ddsrt/sockets/windows.h,unchanged,same,6fc2d2e8997cbe5eefe30ab34da7168a0b15a9a4fc9936d6c6646193e01125c6,6fc2d2e8997cbe5eefe30ab34da7168a0b15a9a4fc9936d6c6646193e01125c6
unitree_sdk2/thirdparty/include/dds/ddsrt/types/posix.h,unitree_sdk2/thirdparty/include/dds/ddsrt/types/posix.h,unchanged,same,f2541f643665f17e3a5e916ad216e143b8e99dc3498a609f305cbc584444104c,f2541f643665f17e3a5e916ad216e143b8e99dc3498a609f305cbc584444104c
unitree_sdk2/thirdparty/include/dds/ddsrt/types/vxworks.h,unitree_sdk2/thirdparty/include/dds/ddsrt/types/vxworks.h,unchanged,same,402abd3bfeb0c759eb418780a6a7e09c64c37ab0caafa6924ca636bf8c12c1c6,402abd3bfeb0c759eb418780a6a7e09c64c37ab0caafa6924ca636bf8c12c1c6
unitree_sdk2/thirdparty/include/dds/ddsrt/types/windows.h,unitree_sdk2/thirdparty/include/dds/ddsrt/types/windows.h,unchanged,same,8fae80846e9db4fbb97f24326a63afa05ba2aec16dad9c0d5e54e51209d642ab,8fae80846e9db4fbb97f24326a63afa05ba2aec16dad9c0d5e54e51209d642ab
unitree_sdk2/thirdparty/include/dds/ddsrt/threads/posix.h,unitree_sdk2/thirdparty/include/dds/ddsrt/threads/posix.h,unchanged,same,7510da6fd9bea6f8405bdd642345612b7b5a00dd45d18f74e0146ae1f487d3b3,7510da6fd9bea6f8405bdd642345612b7b5a00dd45d18f74e0146ae1f487d3b3
unitree_sdk2/thirdparty/include/dds/ddsrt/threads/windows.h,unitree_sdk2/thirdparty/include/dds/ddsrt/threads/windows.h,unchanged,same,8216488482f8b4f8c3c4a04b3f6cca77f57dbcea36deb0d1dbb7cc4fb4bd98aa,8216488482f8b4f8c3c4a04b3f6cca77f57dbcea36deb0d1dbb7cc4fb4bd98aa
unitree_sdk2/thirdparty/include/dds/ddsrt/threads/freertos.h,unitree_sdk2/thirdparty/include/dds/ddsrt/threads/freertos.h,unchanged,same,cc6c7e85a0a8a83b305b450c9c1cbf84209d4ddbbc6ba2f02e6e88236d034862,cc6c7e85a0a8a83b305b450c9c1cbf84209d4ddbbc6ba2f02e6e88236d034862
unitree_sdk2/thirdparty/include/dds/ddsrt/time/freertos.h,unitree_sdk2/thirdparty/include/dds/ddsrt/time/freertos.h,unchanged,same,d3b615fe8fa9e03a1ee7d342ccead91221862869fc329644be575191e0d8ff58,d3b615fe8fa9e03a1ee7d342ccead91221862869fc329644be575191e0d8ff58
unitree_sdk2/thirdparty/include/dds/ddsrt/filesystem/posix.h,unitree_sdk2/thirdparty/include/dds/ddsrt/filesystem/posix.h,unchanged,same,93d0277a236da056e6a85b7ae2bc4d6fb2b5e2e3326e80e94e340406e95da895,93d0277a236da056e6a85b7ae2bc4d6fb2b5e2e3326e80e94e340406e95da895
unitree_sdk2/thirdparty/include/dds/ddsrt/filesystem/windows.h,unitree_sdk2/thirdparty/include/dds/ddsrt/filesystem/windows.h,unchanged,same,3650d7a9fd3f3b376317a0d5abda66ae4921466a091a44b9cfcd3e3faec1f509,3650d7a9fd3f3b376317a0d5abda66ae4921466a091a44b9cfcd3e3faec1f509
unitree_sdk2/thirdparty/include/dds/ddsc/dds_public_qos.h,unitree_sdk2/thirdparty/include/dds/ddsc/dds_public_qos.h,unchanged,same,c219dfb95eb09a4366eccfd98f3e3bb28ae559fa79c6be76e1fd7754f7f8f175,c219dfb95eb09a4366eccfd98f3e3bb28ae559fa79c6be76e1fd7754f7f8f175
unitree_sdk2/thirdparty/include/dds/ddsc/dds_data_allocator.h,unitree_sdk2/thirdparty/include/dds/ddsc/dds_data_allocator.h,unchanged,same,b6807b7ab19ae105ab24f5cbd5626341044791e2f87e21144e680f9810aec60a,b6807b7ab19ae105ab24f5cbd5626341044791e2f87e21144e680f9810aec60a
unitree_sdk2/thirdparty/include/dds/ddsc/dds_statistics.h,unitree_sdk2/thirdparty/include/dds/ddsc/dds_statistics.h,unchanged,same,f7aad8a63efb9d02d8692409b77bbad394adac0e2b60e97588508042a2cac546,f7aad8a63efb9d02d8692409b77bbad394adac0e2b60e97588508042a2cac546
unitree_sdk2/thirdparty/include/dds/ddsc/dds_public_error.h,unitree_sdk2/thirdparty/include/dds/ddsc/dds_public_error.h,unchanged,same,cb15af587ba62bf24185e7cc2bd61ac45486e0ada603a0180b82aa9b18dbd273,cb15af587ba62bf24185e7cc2bd61ac45486e0ada603a0180b82aa9b18dbd273
unitree_sdk2/thirdparty/include/dds/ddsc/dds_public_impl.h,unitree_sdk2/thirdparty/include/dds/ddsc/dds_public_impl.h,unchanged,same,efaa3f84795568ff5785e54c0924d866112b39351a582fc8b11c22b7e991597c,efaa3f84795568ff5785e54c0924d866112b39351a582fc8b11c22b7e991597c
unitree_sdk2/thirdparty/include/dds/ddsc/dds_internal_api.h,unitree_sdk2/thirdparty/include/dds/ddsc/dds_internal_api.h,unchanged,same,55316e04a220f43c5542e6d4bd281d1b2a326fe4f89877a354d60eb5315fc9fa,55316e04a220f43c5542e6d4bd281d1b2a326fe4f89877a354d60eb5315fc9fa
unitree_sdk2/thirdparty/include/dds/ddsc/dds_public_qosdefs.h,unitree_sdk2/thirdparty/include/dds/ddsc/dds_public_qosdefs.h,unchanged,same,914ac31fec83a25f22456ed6b8a610428ef59902c6b4447394bebc96c14aadb9,914ac31fec83a25f22456ed6b8a610428ef59902c6b4447394bebc96c14aadb9
unitree_sdk2/thirdparty/include/dds/ddsc/dds_public_listener.h,unitree_sdk2/thirdparty/include/dds/ddsc/dds_public_listener.h,unchanged,same,9f785db8b9a00082cfe278826f30de618217ea2eb1b78e9419a341bafa505632,9f785db8b9a00082cfe278826f30de618217ea2eb1b78e9419a341bafa505632
unitree_sdk2/thirdparty/include/dds/ddsc/dds_opcodes.h,unitree_sdk2/thirdparty/include/dds/ddsc/dds_opcodes.h,unchanged,same,0de425493ca5c1f273e147f809e225eac414cfaad43b28b2f3373fc34d5c8009,0de425493ca5c1f273e147f809e225eac414cfaad43b28b2f3373fc34d5c8009
unitree_sdk2/thirdparty/include/dds/ddsc/dds_loan_api.h,unitree_sdk2/thirdparty/include/dds/ddsc/dds_loan_api.h,unchanged,same,3af6db9d7814da42b763264a590caf3130cfff4f4bc80edad6de3e6e2681e9c8,3af6db9d7814da42b763264a590caf3130cfff4f4bc80edad6de3e6e2681e9c8
unitree_sdk2/thirdparty/include/dds/ddsc/dds_public_alloc.h,unitree_sdk2/thirdparty/include/dds/ddsc/dds_public_alloc.h,unchanged,same,c615a1e4c552b98f16ba29dd30cad697c6a90334f9b1f222cb7fde3cb1ac3e5e,c615a1e4c552b98f16ba29dd30cad697c6a90334f9b1f222cb7fde3cb1ac3e5e
unitree_sdk2/thirdparty/include/dds/ddsc/dds_rhc.h,unitree_sdk2/thirdparty/include/dds/ddsc/dds_rhc.h,unchanged,same,432d75a5db532a4040c3c4672c3805d463604cc0cc15f7f39680807e996473db,432d75a5db532a4040c3c4672c3805d463604cc0cc15f7f39680807e996473db
unitree_sdk2/thirdparty/include/dds/ddsc/dds_public_status.h,unitree_sdk2/thirdparty/include/dds/ddsc/dds_public_status.h,unchanged,same,a25ea12a098a7484fd7a814f658c83d782173c035e238f89804c809ad252e59d,a25ea12a098a7484fd7a814f658c83d782173c035e238f89804c809ad252e59d
unitree_sdk2/thirdparty/include/dds/ddsc/dds_basic_types.h,unitree_sdk2/thirdparty/include/dds/ddsc/dds_basic_types.h,unchanged,same,53f7f02ce723ecc3f4a45fc1c7e0b050c5bedfd68614e0111182a8598f14c6b8,53f7f02ce723ecc3f4a45fc1c7e0b050c5bedfd68614e0111182a8598f14c6b8
unitree_sdk2/thirdparty/include/dds/ddsi/ddsi_xt_typemap.h,unitree_sdk2/thirdparty/include/dds/ddsi/ddsi_xt_typemap.h,unchanged,same,db2f6332690fc056afa5740508a8c781bd94753d255ab0de9e69419ab97e8d84,db2f6332690fc056afa5740508a8c781bd94753d255ab0de9e69419ab97e8d84
unitree_sdk2/thirdparty/include/dds/ddsi/ddsi_udp.h,unitree_sdk2/thirdparty/include/dds/ddsi/ddsi_udp.h,unchanged,same,c0265275c4584765fb3340f6c58cbeb41d565da3b2410259b1dc5f907b865127,c0265275c4584765fb3340f6c58cbeb41d565da3b2410259b1dc5f907b865127
unitree_sdk2/thirdparty/include/dds/ddsi/ddsi_typewrap.h,unitree_sdk2/thirdparty/include/dds/ddsi/ddsi_typewrap.h,unchanged,same,721713f8c315402dc7108c00091fd36389f3c1b71efc8d3d045897dc57764d62,721713f8c315402dc7108c00091fd36389f3c1b71efc8d3d045897dc57764d62
unitree_sdk2/thirdparty/include/dds/ddsi/q_thread.h,unitree_sdk2/thirdparty/include/dds/ddsi/q_thread.h,unchanged,same,c7a8f3b04b3ffbcef15066b386386f438623a600667cc8adb098242e4fe10e07,c7a8f3b04b3ffbcef15066b386386f438623a600667cc8adb098242e4fe10e07
unitree_sdk2/thirdparty/include/dds/ddsi/q_lat_estim.h,unitree_sdk2/thirdparty/include/dds/ddsi/q_lat_estim.h,unchanged,same,b851af923b40db84594cd8bf07c8427f91a3a26133450217ee7d4dfc0000e8a6,b851af923b40db84594cd8bf07c8427f91a3a26133450217ee7d4dfc0000e8a6
unitree_sdk2/thirdparty/include/dds/ddsi/ddsi_tcp.h,unitree_sdk2/thirdparty/include/dds/ddsi/ddsi_tcp.h,unchanged,same,c0db322f82e4405a667bd614892a44ee8da6922cecb2a56ccdd3ee65954875ea,c0db322f82e4405a667bd614892a44ee8da6922cecb2a56ccdd3ee65954875ea
unitree_sdk2/thirdparty/include/dds/ddsi/q_transmit.h,unitree_sdk2/thirdparty/include/dds/ddsi/q_transmit.h,unchanged,same,2cb2a7be86a3b9eed6e762105c888763d5da78020227b69cb99a2e03b4a06ff4,2cb2a7be86a3b9eed6e762105c888763d5da78020227b69cb99a2e03b4a06ff4
unitree_sdk2/thirdparty/include/dds/ddsi/ddsi_tran.h,unitree_sdk2/thirdparty/include/dds/ddsi/ddsi_tran.h,unchanged,same,8fc6abc89db4bf4be01d0c52051a7b1a8a55f02fc942b7ebf9864bc7bd55038c,8fc6abc89db4bf4be01d0c52051a7b1a8a55f02fc942b7ebf9864bc7bd55038c
unitree_sdk2/thirdparty/include/dds/ddsi/ddsi_acknack.h,unitree_sdk2/thirdparty/include/dds/ddsi/ddsi_acknack.h,unchanged,same,ea53afe8d7b60db561c62f4452ef81d4f67b9b6945786f26ed5e15e3d6b7d419,ea53afe8d7b60db561c62f4452ef81d4f67b9b6945786f26ed5e15e3d6b7d419
unitree_sdk2/thirdparty/include/dds/ddsi/ddsi_security_exchange.h,unitree_sdk2/thirdparty/include/dds/ddsi/ddsi_security_exchange.h,unchanged,same,fc9123ff9f56d3987dd3e6658198346fd3e600ebf91bdd5576263db27822211b,fc9123ff9f56d3987dd3e6658198346fd3e600ebf91bdd5576263db27822211b
unitree_sdk2/thirdparty/include/dds/ddsi/q_xmsg.h,unitree_sdk2/thirdparty/include/dds/ddsi/q_xmsg.h,unchanged,same,2bd302acee3856ec4447ebdf705d2a61e80c70aa777c9626b3bad3a92e28c0c8,2bd302acee3856ec4447ebdf705d2a61e80c70aa777c9626b3bad3a92e28c0c8
unitree_sdk2/thirdparty/include/dds/ddsi/q_radmin.h,unitree_sdk2/thirdparty/include/dds/ddsi/q_radmin.h,unchanged,same,d84e243edcc71d11c4fffffd5f85dd5061117f2576d42d23cdc8e273a2d05744,d84e243edcc71d11c4fffffd5f85dd5061117f2576d42d23cdc8e273a2d05744
unitree_sdk2/thirdparty/include/dds/ddsi/ddsi_pmd.h,unitree_sdk2/thirdparty/include/dds/ddsi/ddsi_pmd.h,unchanged,same,ea35fbe01885566b06ab4c0744add65806853239e7e9d0e488bb11df55c2eb09,ea35fbe01885566b06ab4c0744add65806853239e7e9d0e488bb11df55c2eb09
unitree_sdk2/thirdparty/include/dds/ddsi/q_freelist.h,unitree_sdk2/thirdparty/include/dds/ddsi/q_freelist.h,unchanged,same,12ba98c8f3e856cf06a355b8c0627c6c81e6ed6a9693a1bb9082c274fb159172,12ba98c8f3e856cf06a355b8c0627c6c81e6ed6a9693a1bb9082c274fb159172
unitree_sdk2/thirdparty/include/dds/ddsi/ddsi_domaingv.h,unitree_sdk2/thirdparty/include/dds/ddsi/ddsi_domaingv.h,unchanged,same,aef27123ae1281fbdd777936f3fafd72c1116a5fb7602692db70e1c655fd70af,aef27123ae1281fbdd777936f3fafd72c1116a5fb7602692db70e1c655fd70af
unitree_sdk2/thirdparty/include/dds/ddsi/ddsi_xt_typemap.idl,unitree_sdk2/thirdparty/include/dds/ddsi/ddsi_xt_typemap.idl,unchanged,same,bdff85cd833878ea3570a61ff33f24d1e78971f861bdcde60b88e8dcdbefe74e,bdff85cd833878ea3570a61ff33f24d1e78971f861bdcde60b88e8dcdbefe74e
unitree_sdk2/thirdparty/include/dds/ddsi/ddsi_lifespan.h,unitree_sdk2/thirdparty/include/dds/ddsi/ddsi_lifespan.h,unchanged,same,eaaefb2ce89d6bc5663f3df3ecdac1314032f358aadc9bd5045e63017690bfbe,eaaefb2ce89d6bc5663f3df3ecdac1314032f358aadc9bd5045e63017690bfbe
unitree_sdk2/thirdparty/include/dds/ddsi/q_bitset.h,unitree_sdk2/thirdparty/include/dds/ddsi/q_bitset.h,unchanged,same,0d1aecee743aaf511a4246bdce6141785a1e39599c99c4862f2ac8813c39a79f,0d1aecee743aaf511a4246bdce6141785a1e39599c99c4862f2ac8813c39a79f
unitree_sdk2/thirdparty/include/dds/ddsi/q_receive.h,unitree_sdk2/thirdparty/include/dds/ddsi/q_receive.h,unchanged,same,0b0dcdb09baf932caf4c3c966c8247c9580bf9560da8e140ca259cb423147a55,0b0dcdb09baf932caf4c3c966c8247c9580bf9560da8e140ca259cb423147a55
unitree_sdk2/thirdparty/include/dds/ddsi/ddsi_xt_typelookup.idl,unitree_sdk2/thirdparty/include/dds/ddsi/ddsi_xt_typelookup.idl,unchanged,same,94f365f2ff2a443aab965a97240077b568432ab381fa12b6f0001fa00b077e7c,94f365f2ff2a443aab965a97240077b568432ab381fa12b6f0001fa00b077e7c
unitree_sdk2/thirdparty/include/dds/ddsi/q_log.h,unitree_sdk2/thirdparty/include/dds/ddsi/q_log.h,unchanged,same,53c52bed63a82292fe6df6506c629c5bd0a48a6ee1dbe9b4705edc3c92130c84,53c52bed63a82292fe6df6506c629c5bd0a48a6ee1dbe9b4705edc3c92130c84
unitree_sdk2/thirdparty/include/dds/ddsi/ddsi_serdata.h,unitree_sdk2/thirdparty/include/dds/ddsi/ddsi_serdata.h,unchanged,same,582b0be426e1671c9ef55365c68e528a11ddd788a48c0f86424922a65bb55d9a,582b0be426e1671c9ef55365c68e528a11ddd788a48c0f86424922a65bb55d9a
unitree_sdk2/thirdparty/include/dds/ddsi/ddsi_handshake.h,unitree_sdk2/thirdparty/include/dds/ddsi/ddsi_handshake.h,unchanged,same,7e271bb4cddd8f2b51d26f97bcfcb4bd010e266b4990eff9fc7a54e6584c5dc7,7e271bb4cddd8f2b51d26f97bcfcb4bd010e266b4990eff9fc7a54e6584c5dc7
unitree_sdk2/thirdparty/include/dds/ddsi/q_bswap.h,unitree_sdk2/thirdparty/include/dds/ddsi/q_bswap.h,unchanged,same,e671ab9a7ff8753773179761681f4311ac47d7b73900f5a731a6f8fec0e90ded,e671ab9a7ff8753773179761681f4311ac47d7b73900f5a731a6f8fec0e90ded
unitree_sdk2/thirdparty/include/dds/ddsi/ddsi_locator.h,unitree_sdk2/thirdparty/include/dds/ddsi/ddsi_locator.h,unchanged,same,9b5c30ecf6979d3c64751fdd6033d9994f90a4a844d6ec89cbeb1f2d11d2d3ff,9b5c30ecf6979d3c64751fdd6033d9994f90a4a844d6ec89cbeb1f2d11d2d3ff
unitree_sdk2/thirdparty/include/dds/ddsi/ddsi_rhc.h,unitree_sdk2/thirdparty/include/dds/ddsi/ddsi_rhc.h,unchanged,same,fe47c3d0683d2b69234443840c7f400f557a5bb7e43e7ca4eeb04c3e5455dad9,fe47c3d0683d2b69234443840c7f400f557a5bb7e43e7ca4eeb04c3e5455dad9
unitree_sdk2/thirdparty/include/dds/ddsi/q_hbcontrol.h,unitree_sdk2/thirdparty/include/dds/ddsi/q_hbcontrol.h,unchanged,same,201f6da75eda159be73662b3c92672169c4491106289e5554fc80b82d8cc37fe,201f6da75eda159be73662b3c92672169c4491106289e5554fc80b82d8cc37fe
unitree_sdk2/thirdparty/include/dds/ddsi/ddsi_topic.h,unitree_sdk2/thirdparty/include/dds/ddsi/ddsi_topic.h,unchanged,same,1b3988e40cf9fe52e483892acf2e97959a5e1410ffcc2399704cab1f95215363,1b3988e40cf9fe52e483892acf2e97959a5e1410ffcc2399704cab1f95215363
unitree_sdk2/thirdparty/include/dds/ddsi/ddsi_time.h,unitree_sdk2/thirdparty/include/dds/ddsi/ddsi_time.h,unchanged,same,ae828988609be7bb0ec0b90f614002afdf8a53a6e4351430dc57357a3d0e0ef8,ae828988609be7bb0ec0b90f614002afdf8a53a6e4351430dc57357a3d0e0ef8
unitree_sdk2/thirdparty/include/dds/ddsi/ddsi_ipaddr.h,unitree_sdk2/thirdparty/include/dds/ddsi/ddsi_ipaddr.h,unchanged,same,e63f548f2af1008617d91161ace1516fbd169a67c08ee2633f1115874d2837fe,e63f548f2af1008617d91161ace1516fbd169a67c08ee2633f1115874d2837fe
unitree_sdk2/thirdparty/include/dds/ddsi/q_pcap.h,unitree_sdk2/thirdparty/include/dds/ddsi/q_pcap.h,unchanged,same,a7112845f33bc2adfc2a274ab1cac4372440a45bdf6288f5922548bdd2a8bf45,a7112845f33bc2adfc2a274ab1cac4372440a45bdf6288f5922548bdd2a8bf45
unitree_sdk2/thirdparty/include/dds/ddsi/q_debmon.h,unitree_sdk2/thirdparty/include/dds/ddsi/q_debmon.h,unchanged,same,b3f4c967f00c95c2dfccf611fdf37bd7ebb7724535a77529eba9c69931afb769,b3f4c967f00c95c2dfccf611fdf37bd7ebb7724535a77529eba9c69931afb769
unitree_sdk2/thirdparty/include/dds/ddsi/ddsi_deliver_locally.h,unitree_sdk2/thirdparty/include/dds/ddsi/ddsi_deliver_locally.h,unchanged,same,803795037aff9a757ae9eb8b9e258fcae4edefde0e405684f6c6b2ebcbb4519e,803795037aff9a757ae9eb8b9e258fcae4edefde0e405684f6c6b2ebcbb4519e
unitree_sdk2/thirdparty/include/dds/ddsi/q_xevent.h,unitree_sdk2/thirdparty/include/dds/ddsi/q_xevent.h,unchanged,same,05a8f21e1c333395362cf22b70fa619b75dfe155cded940a743b4a7c443aadfd,05a8f21e1c333395362cf22b70fa619b75dfe155cded940a743b4a7c443aadfd
unitree_sdk2/thirdparty/include/dds/ddsi/ddsi_entity_match.h,unitree_sdk2/thirdparty/include/dds/ddsi/ddsi_entity_match.h,unchanged,same,dd1212a979f8ad7a53382c95e2dfa50b7d85a7f8ef2112f93bfe0d418159931b,dd1212a979f8ad7a53382c95e2dfa50b7d85a7f8ef2112f93bfe0d418159931b
unitree_sdk2/thirdparty/include/dds/ddsi/ddsi_deadline.h,unitree_sdk2/thirdparty/include/dds/ddsi/ddsi_deadline.h,unchanged,same,e48e0db9187d197e5ef731f5456eb33443021c53a740107126acaf05ca086974,e48e0db9187d197e5ef731f5456eb33443021c53a740107126acaf05ca086974
unitree_sdk2/thirdparty/include/dds/ddsi/ddsi_xt_impl.h,unitree_sdk2/thirdparty/include/dds/ddsi/ddsi_xt_impl.h,unchanged,same,d2d54245fd059e6ee651d3bc4675426a88766e00e060c80cc22d536f351218d2,d2d54245fd059e6ee651d3bc4675426a88766e00e060c80cc22d536f351218d2
unitree_sdk2/thirdparty/include/dds/ddsi/q_lease.h,unitree_sdk2/thirdparty/include/dds/ddsi/q_lease.h,unchanged,same,dd0b00133663bce30ceb6b55e7866dc1c2fafa2d831eee508ba3cbbabe86b644,dd0b00133663bce30ceb6b55e7866dc1c2fafa2d831eee508ba3cbbabe86b644
unitree_sdk2/thirdparty/include/dds/ddsi/ddsi_wraddrset.h,unitree_sdk2/thirdparty/include/dds/ddsi/ddsi_wraddrset.h,unchanged,same,14479a3a4f844ade87e12f7eafdf577506f0fffbcd12ffe7b065bffcc0756b6e,14479a3a4f844ade87e12f7eafdf577506f0fffbcd12ffe7b065bffcc0756b6e
unitree_sdk2/thirdparty/include/dds/ddsi/ddsi_typelib.h,unitree_sdk2/thirdparty/include/dds/ddsi/ddsi_typelib.h,unchanged,same,9ef7ba3f357ef739d68f3581cc1fa7d38c4b4fe6904b2b55f312a3901f8c7e50,9ef7ba3f357ef739d68f3581cc1fa7d38c4b4fe6904b2b55f312a3901f8c7e50
unitree_sdk2/thirdparty/include/dds/ddsi/ddsi_endpoint.h,unitree_sdk2/thirdparty/include/dds/ddsi/ddsi_endpoint.h,unchanged,same,624a5f309f2d0ca34af1d10b3a6934f4484bebccc98f83e3c37243cee8f949bb,624a5f309f2d0ca34af1d10b3a6934f4484bebccc98f83e3c37243cee8f949bb
unitree_sdk2/thirdparty/include/dds/ddsi/ddsi_list_genptr.h,unitree_sdk2/thirdparty/include/dds/ddsi/ddsi_list_genptr.h,unchanged,same,066617a9abb438214b0807a80ebeedcd8f5d9c0f35ea2f271fd3ecdf1c37a635,066617a9abb438214b0807a80ebeedcd8f5d9c0f35ea2f271fd3ecdf1c37a635
unitree_sdk2/thirdparty/include/dds/ddsi/q_addrset.h,unitree_sdk2/thirdparty/include/dds/ddsi/q_addrset.h,unchanged,same,06e9fcded643c14c90b36d90d5b21a2285332acd2940592f91cb15b46cd11164,06e9fcded643c14c90b36d90d5b21a2285332acd2940592f91cb15b46cd11164
unitree_sdk2/thirdparty/include/dds/ddsi/ddsi_sertopic.h,unitree_sdk2/thirdparty/include/dds/ddsi/ddsi_sertopic.h,unchanged,same,86a381e81d583d4810b38406969c89b96dde1404348e21208a1063163aa7eb43,86a381e81d583d4810b38406969c89b96dde1404348e21208a1063163aa7eb43
unitree_sdk2/thirdparty/include/dds/ddsi/ddsi_security_util.h,unitree_sdk2/thirdparty/include/dds/ddsi/ddsi_security_util.h,unchanged,same,e4a1c5757409c451ed104fe2b7d9ee78c9af8655e67829c281029dcffde32ed1,e4a1c5757409c451ed104fe2b7d9ee78c9af8655e67829c281029dcffde32ed1
unitree_sdk2/thirdparty/include/dds/ddsi/ddsi_ssl.h,unitree_sdk2/thirdparty/include/dds/ddsi/ddsi_ssl.h,unchanged,same,448b70ad1fc544005d6fa9119d352b9253a7b81133a3e4464931106fb7aee0fa,448b70ad1fc544005d6fa9119d352b9253a7b81133a3e4464931106fb7aee0fa
unitree_sdk2/thirdparty/include/dds/ddsi/ddsi_xqos.h,unitree_sdk2/thirdparty/include/dds/ddsi/ddsi_xqos.h,unchanged,same,ca1b6d53e94e08f84604b1ecaf2ffb03a318eda913ad72ad8ca41866b44c91dd,ca1b6d53e94e08f84604b1ecaf2ffb03a318eda913ad72ad8ca41866b44c91dd
unitree_sdk2/thirdparty/include/dds/ddsi/ddsi_config_impl.h,unitree_sdk2/thirdparty/include/dds/ddsi/ddsi_config_impl.h,unchanged,same,6dd99e0591bd14371ea93ec74b00bcbe26c4826dc7cf927cd0b508530b44062b,6dd99e0591bd14371ea93ec74b00bcbe26c4826dc7cf927cd0b508530b44062b
unitree_sdk2/thirdparty/include/dds/ddsi/ddsi_statistics.h,unitree_sdk2/thirdparty/include/dds/ddsi/ddsi_statistics.h,unchanged,same,4ea1a1c8bdbef3734704c1a1c21f4be8082c558b963852e604d8fe869a6dbe9e,4ea1a1c8bdbef3734704c1a1c21f4be8082c558b963852e604d8fe869a6dbe9e
unitree_sdk2/thirdparty/include/dds/ddsi/ddsi_cfgelems.h,unitree_sdk2/thirdparty/include/dds/ddsi/ddsi_cfgelems.h,unchanged,same,974785556c75a3cdc8ca5a88c1f2d59b93aefc4a0d5c29d32d60956aaee62a6a,974785556c75a3cdc8ca5a88c1f2d59b93aefc4a0d5c29d32d60956aaee62a6a
unitree_sdk2/thirdparty/include/dds/ddsi/ddsi_sertype.h,unitree_sdk2/thirdparty/include/dds/ddsi/ddsi_sertype.h,unchanged,same,159ce622156ccd84656369a1c5f6ae531ea40a155592d0f36ef27da09ab4f04d,159ce622156ccd84656369a1c5f6ae531ea40a155592d0f36ef27da09ab4f04d
unitree_sdk2/thirdparty/include/dds/ddsi/q_rtps.h,unitree_sdk2/thirdparty/include/dds/ddsi/q_rtps.h,unchanged,same,8098f75d7767cd68758e6d9d0c22f7e37b3a999d85c1506b781669ea32b21366,8098f75d7767cd68758e6d9d0c22f7e37b3a999d85c1506b781669ea32b21366
unitree_sdk2/thirdparty/include/dds/ddsi/ddsi_xt_typeinfo.idl,unitree_sdk2/thirdparty/include/dds/ddsi/ddsi_xt_typeinfo.idl,unchanged,same,301469b248a852c054401b3b7d4538bbf5507fd50acde3d4ef100027b5b35c32,301469b248a852c054401b3b7d4538bbf5507fd50acde3d4ef100027b5b35c32
unitree_sdk2/thirdparty/include/dds/ddsi/ddsi_proxy_participant.h,unitree_sdk2/thirdparty/include/dds/ddsi/ddsi_proxy_participant.h,unchanged,same,1ec3d954cf7c47e4273b81ec04401285bc7bbf3116baebd1f1026d82c4d9755a,1ec3d954cf7c47e4273b81ec04401285bc7bbf3116baebd1f1026d82c4d9755a
unitree_sdk2/thirdparty/include/dds/ddsi/ddsi_list_tmpl.h,unitree_sdk2/thirdparty/include/dds/ddsi/ddsi_list_tmpl.h,unchanged,same,3abdfb6363d3aeeb4768fda5c1024d3d5af28a5aefcb7681bfbca19411657237,3abdfb6363d3aeeb4768fda5c1024d3d5af28a5aefcb7681bfbca19411657237
unitree_sdk2/thirdparty/include/dds/ddsi/ddsi_builtin_topic_if.h,unitree_sdk2/thirdparty/include/dds/ddsi/ddsi_builtin_topic_if.h,unchanged,same,778676ea3dfea3e9b54f4f0b9483744e252d2e12d7dca8055a081849b0240019,778676ea3dfea3e9b54f4f0b9483744e252d2e12d7dca8055a081849b0240019
unitree_sdk2/thirdparty/include/dds/ddsi/sysdeps.h,unitree_sdk2/thirdparty/include/dds/ddsi/sysdeps.h,unchanged,same,3c633d6be9ebccdbaa72faef43e3e409c0a2747dac011894a960746ee47bd2b8,3c633d6be9ebccdbaa72faef43e3e409c0a2747dac011894a960746ee47bd2b8
unitree_sdk2/thirdparty/include/dds/ddsi/ddsi_vnet.h,unitree_sdk2/thirdparty/include/dds/ddsi/ddsi_vnet.h,unchanged,same,2c240f85bfdf7316647e3a902e64440544bb115be9602beb04970cf8c8b14a35,2c240f85bfdf7316647e3a902e64440544bb115be9602beb04970cf8c8b14a35
unitree_sdk2/thirdparty/include/dds/ddsi/ddsi_typelookup.h,unitree_sdk2/thirdparty/include/dds/ddsi/ddsi_typelookup.h,unchanged,same,e22785fd5e2e9dff68dc5837310b45989b39c3544bc657f8c080ed9b90496939,e22785fd5e2e9dff68dc5837310b45989b39c3544bc657f8c080ed9b90496939
unitree_sdk2/thirdparty/include/dds/ddsi/ddsi_security_msg.h,unitree_sdk2/thirdparty/include/dds/ddsi/ddsi_security_msg.h,unchanged,same,e42bac2ac0ca1db7495ad6e85ede6ed318c081750fd759041cdb4a0b0605a779,e42bac2ac0ca1db7495ad6e85ede6ed318c081750fd759041cdb4a0b0605a779
unitree_sdk2/thirdparty/include/dds/ddsi/q_init.h,unitree_sdk2/thirdparty/include/dds/ddsi/q_init.h,unchanged,same,107114bf2b2263af70f80c5442d919221a356918c87fd5c67dc3ccfe075c966a,107114bf2b2263af70f80c5442d919221a356918c87fd5c67dc3ccfe075c966a
unitree_sdk2/thirdparty/include/dds/ddsi/ddsi_keyhash.h,unitree_sdk2/thirdparty/include/dds/ddsi/ddsi_keyhash.h,unchanged,same,51189f598ae8d3d2b97f5703de45785e0a706fd83f0b662c946bbe9911eb1542,51189f598ae8d3d2b97f5703de45785e0a706fd83f0b662c946bbe9911eb1542
unitree_sdk2/thirdparty/include/dds/ddsi/ddsi_vendor.h,unitree_sdk2/thirdparty/include/dds/ddsi/ddsi_vendor.h,unchanged,same,d21b002a94ae0f8b67b693cfcf20599072bc66fe73919d8ae31ad727b063572b,d21b002a94ae0f8b67b693cfcf20599072bc66fe73919d8ae31ad727b063572b
unitree_sdk2/thirdparty/include/dds/ddsi/ddsi_entity.h,unitree_sdk2/thirdparty/include/dds/ddsi/ddsi_entity.h,unchanged,same,b9ee48c1ad42ff41ad4c9f95c8ac2dc8d258e3bb493a971eafff16bb8e2b52c8,b9ee48c1ad42ff41ad4c9f95c8ac2dc8d258e3bb493a971eafff16bb8e2b52c8
unitree_sdk2/thirdparty/include/dds/ddsi/ddsi_mcgroup.h,unitree_sdk2/thirdparty/include/dds/ddsi/ddsi_mcgroup.h,unchanged,same,22cbba5064ca94599fefba81d5bb794ca7b328e1ac56dafc6c1a9cf54592e9b1,22cbba5064ca94599fefba81d5bb794ca7b328e1ac56dafc6c1a9cf54592e9b1
unitree_sdk2/thirdparty/include/dds/ddsi/ddsi_xt_typeinfo.h,unitree_sdk2/thirdparty/include/dds/ddsi/ddsi_xt_typeinfo.h,unchanged,same,b8f897a31a1c353e6491e8012b21879347bad6d4bb6de60a7469e87507ccb104,b8f897a31a1c353e6491e8012b21879347bad6d4bb6de60a7469e87507ccb104
unitree_sdk2/thirdparty/include/dds/ddsi/ddsi_guid.h,unitree_sdk2/thirdparty/include/dds/ddsi/ddsi_guid.h,unchanged,same,02eeeee4bcb40337e4b549d6bc73a32600be211da1b11ba121fdd8cc313d889d,02eeeee4bcb40337e4b549d6bc73a32600be211da1b11ba121fdd8cc313d889d
unitree_sdk2/thirdparty/include/dds/ddsi/ddsi_cdrstream.h,unitree_sdk2/thirdparty/include/dds/ddsi/ddsi_cdrstream.h,unchanged,same,9b357f53c9a3135afb57b2ee0bdc43aab20aa70a2b71f06394efa4add2e8f435,9b357f53c9a3135afb57b2ee0bdc43aab20aa70a2b71f06394efa4add2e8f435
unitree_sdk2/thirdparty/include/dds/ddsi/ddsi_ownip.h,unitree_sdk2/thirdparty/include/dds/ddsi/ddsi_ownip.h,unchanged,same,5805baea2376d8f9ac8b1214c040728381047bb560d8500d833194ba372f094c,5805baea2376d8f9ac8b1214c040728381047bb560d8500d833194ba372f094c
unitree_sdk2/thirdparty/include/dds/ddsi/ddsi_plist_generic.h,unitree_sdk2/thirdparty/include/dds/ddsi/ddsi_plist_generic.h,unchanged,same,810773a2adb91323a03f689c15d4fa7748edd5c4148469f0f2b5841da3910f7d,810773a2adb91323a03f689c15d4fa7748edd5c4148469f0f2b5841da3910f7d
unitree_sdk2/thirdparty/include/dds/ddsi/q_misc.h,unitree_sdk2/thirdparty/include/dds/ddsi/q_misc.h,unchanged,same,7729fdee794d8dc7e7f29e205224a9013f16d9b3125ebfd1c1916f4806c2ec97,7729fdee794d8dc7e7f29e205224a9013f16d9b3125ebfd1c1916f4806c2ec97
unitree_sdk2/thirdparty/include/dds/ddsi/ddsi_iid.h,unitree_sdk2/thirdparty/include/dds/ddsi/ddsi_iid.h,unchanged,same,c8c4d58834c278deccbb631d5267da020bd4093002a0507bda137a9dc6f12bdb,c8c4d58834c278deccbb631d5267da020bd4093002a0507bda137a9dc6f12bdb
unitree_sdk2/thirdparty/include/dds/ddsi/q_qosmatch.h,unitree_sdk2/thirdparty/include/dds/ddsi/q_qosmatch.h,unchanged,same,d1f1a45595549fc200d43f86c18fddf7290349edcb9675a6bb1c76b954f9f025,d1f1a45595549fc200d43f86c18fddf7290349edcb9675a6bb1c76b954f9f025
unitree_sdk2/thirdparty/include/dds/ddsi/ddsi_serdata_plist.h,unitree_sdk2/thirdparty/include/dds/ddsi/ddsi_serdata_plist.h,unchanged,same,bbdc8345d8be3409cdc8cc0dd602441aca34474650ba72f82d2b0225b2306102,bbdc8345d8be3409cdc8cc0dd602441aca34474650ba72f82d2b0225b2306102
unitree_sdk2/thirdparty/include/dds/ddsi/q_sockwaitset.h,unitree_sdk2/thirdparty/include/dds/ddsi/q_sockwaitset.h,unchanged,same,08116377113e7ba09310c80e6684a2268ad7e60a893ee548947f6f3f78708e5f,08116377113e7ba09310c80e6684a2268ad7e60a893ee548947f6f3f78708e5f
unitree_sdk2/thirdparty/include/dds/ddsi/ddsi_participant.h,unitree_sdk2/thirdparty/include/dds/ddsi/ddsi_participant.h,unchanged,same,194f807c1c3a2851823f59cee2708bc834a21f437e4ff412f09f4b5dedf18f7e,194f807c1c3a2851823f59cee2708bc834a21f437e4ff412f09f4b5dedf18f7e
unitree_sdk2/thirdparty/include/dds/ddsi/ddsi_proxy_endpoint.h,unitree_sdk2/thirdparty/include/dds/ddsi/ddsi_proxy_endpoint.h,unchanged,same,0f289800054af72682842e2da1d08e257b4a668b79ce4f7557ed6a206ce84e44,0f289800054af72682842e2da1d08e257b4a668b79ce4f7557ed6a206ce84e44
unitree_sdk2/thirdparty/include/dds/ddsi/q_feature_check.h,unitree_sdk2/thirdparty/include/dds/ddsi/q_feature_check.h,unchanged,same,1c1f6310bb8c42a86f69a5713dca8b56e522942825cb23f06b96b08bdd2ffba6,1c1f6310bb8c42a86f69a5713dca8b56e522942825cb23f06b96b08bdd2ffba6
unitree_sdk2/thirdparty/include/dds/ddsi/ddsi_typebuilder.h,unitree_sdk2/thirdparty/include/dds/ddsi/ddsi_typebuilder.h,unchanged,same,90486cce0f944fe1e0c07aaa86d4038d8603d3089dd5a9927dcb9ef55af8790c,90486cce0f944fe1e0c07aaa86d4038d8603d3089dd5a9927dcb9ef55af8790c
unitree_sdk2/thirdparty/include/dds/ddsi/ddsi_plist.h,unitree_sdk2/thirdparty/include/dds/ddsi/ddsi_plist.h,unchanged,same,639273bd8a4cfb12d49b217bca5d95ff81f7fd27b5b136ad80e3b383ae613385,639273bd8a4cfb12d49b217bca5d95ff81f7fd27b5b136ad80e3b383ae613385
unitree_sdk2/thirdparty/include/dds/ddsi/ddsi_cfgunits.h,unitree_sdk2/thirdparty/include/dds/ddsi/ddsi_cfgunits.h,unchanged,same,f4b66d3c49036c6f5fe583b07b7e2368431cefaeb2219b6d7bfa0c170d92ad0b,f4b66d3c49036c6f5fe583b07b7e2368431cefaeb2219b6d7bfa0c170d92ad0b
unitree_sdk2/thirdparty/include/dds/ddsi/ddsi_entity_index.h,unitree_sdk2/thirdparty/include/dds/ddsi/ddsi_entity_index.h,unchanged,same,793064817b1d67b1195ea0054971f0a8da7f9ca0aa7ef957e9decd04ac78a248,793064817b1d67b1195ea0054971f0a8da7f9ca0aa7ef957e9decd04ac78a248
unitree_sdk2/thirdparty/include/dds/ddsi/ddsi_shm_transport.h,unitree_sdk2/thirdparty/include/dds/ddsi/ddsi_shm_transport.h,unchanged,same,fcb00347911a659ef232a7ca089d975633cd9ad08e599bf93ac34e195bf91109,fcb00347911a659ef232a7ca089d975633cd9ad08e599bf93ac34e195bf91109
unitree_sdk2/thirdparty/include/dds/ddsi/q_whc.h,unitree_sdk2/thirdparty/include/dds/ddsi/q_whc.h,unchanged,same,0fb7a5d0cd2fd534e8340fee605a4eda8e79ab412c4d4c78b1b13e7ea2d43214,0fb7a5d0cd2fd534e8340fee605a4eda8e79ab412c4d4c78b1b13e7ea2d43214
unitree_sdk2/thirdparty/include/dds/ddsi/ddsi_portmapping.h,unitree_sdk2/thirdparty/include/dds/ddsi/ddsi_portmapping.h,unchanged,same,618eb6bfa4aeb6b771963fc596a50992d42d90c5699d6a81ce85036e4619a132,618eb6bfa4aeb6b771963fc596a50992d42d90c5699d6a81ce85036e4619a132
unitree_sdk2/thirdparty/include/dds/ddsi/ddsi_raweth.h,unitree_sdk2/thirdparty/include/dds/ddsi/ddsi_raweth.h,unchanged,same,6c5592998ea396c3af0aedb56d00e295e9d50289a60ff9dab91c182bd172f7a3,6c5592998ea396c3af0aedb56d00e295e9d50289a60ff9dab91c182bd172f7a3
unitree_sdk2/thirdparty/include/dds/ddsi/q_gc.h,unitree_sdk2/thirdparty/include/dds/ddsi/q_gc.h,unchanged,same,8eea9ce4a8089b95a7b8eb3808585a7c8ea160f97e5c872fb1dbdd86010891d4,8eea9ce4a8089b95a7b8eb3808585a7c8ea160f97e5c872fb1dbdd86010891d4
unitree_sdk2/thirdparty/include/dds/ddsi/q_unused.h,unitree_sdk2/thirdparty/include/dds/ddsi/q_unused.h,unchanged,same,4ac6a31d70aef209284c819aeaddd33bb8982d71f80f00beebfbaabe790cf2eb,4ac6a31d70aef209284c819aeaddd33bb8982d71f80f00beebfbaabe790cf2eb
unitree_sdk2/thirdparty/include/dds/ddsi/ddsi_config.h,unitree_sdk2/thirdparty/include/dds/ddsi/ddsi_config.h,unchanged,same,1a292b44b7b003e7f55d9c9fbf476f8af5c2e817b299ae0834bfdb1c02981811,1a292b44b7b003e7f55d9c9fbf476f8af5c2e817b299ae0834bfdb1c02981811
unitree_sdk2/thirdparty/include/dds/ddsi/ddsi_serdata_default.h,unitree_sdk2/thirdparty/include/dds/ddsi/ddsi_serdata_default.h,unchanged,same,4db245db6f5404c584501fbdfcd258c61270432caa0833b58412b48b01e2786d,4db245db6f5404c584501fbdfcd258c61270432caa0833b58412b48b01e2786d
unitree_sdk2/thirdparty/include/dds/ddsi/q_protocol.h,unitree_sdk2/thirdparty/include/dds/ddsi/q_protocol.h,unchanged,same,221db36a1104fa2b08696fcfed4fd01853be9d5fce41a7e026ab7bad6fc49451,221db36a1104fa2b08696fcfed4fd01853be9d5fce41a7e026ab7bad6fc49451
unitree_sdk2/thirdparty/include/dds/ddsi/q_inverse_uint32_set.h,unitree_sdk2/thirdparty/include/dds/ddsi/q_inverse_uint32_set.h,unchanged,same,add30a7c099a5a0dad2ad60ee4d9838c22de0863d0d9f9d2aa51d61fd84d1206,add30a7c099a5a0dad2ad60ee4d9838c22de0863d0d9f9d2aa51d61fd84d1206
unitree_sdk2/thirdparty/include/dds/ddsi/ddsi_xt_typelookup.h,unitree_sdk2/thirdparty/include/dds/ddsi/ddsi_xt_typelookup.h,unchanged,same,89b4092d570eab275e0572b7cb6c4f2a3cfcc70a0ae3527e7b2234967cd9a99f,89b4092d570eab275e0572b7cb6c4f2a3cfcc70a0ae3527e7b2234967cd9a99f
unitree_sdk2/thirdparty/include/dds/ddsi/ddsi_serdata_pserop.h,unitree_sdk2/thirdparty/include/dds/ddsi/ddsi_serdata_pserop.h,unchanged,same,543d18fb73aec438507e7889bca8ed7b1e1855a6356fa63620cee1c374be431b,543d18fb73aec438507e7889bca8ed7b1e1855a6356fa63620cee1c374be431b
unitree_sdk2/thirdparty/include/dds/ddsi/q_ddsi_discovery.h,unitree_sdk2/thirdparty/include/dds/ddsi/q_ddsi_discovery.h,unchanged,same,9eea7c1c89d702da3bf9e1e21033e485ade574f9bd4b8a74a2ddc6f89f9e57be,9eea7c1c89d702da3bf9e1e21033e485ade574f9bd4b8a74a2ddc6f89f9e57be
unitree_sdk2/thirdparty/include/dds/ddsi/ddsi_threadmon.h,unitree_sdk2/thirdparty/include/dds/ddsi/ddsi_threadmon.h,unchanged,same,354672ac39ee81b41e7276d903204a21470da013211d690a9e74d70e45413adb,354672ac39ee81b41e7276d903204a21470da013211d690a9e74d70e45413adb
unitree_sdk2/thirdparty/include/dds/ddsi/ddsi_security_omg.h,unitree_sdk2/thirdparty/include/dds/ddsi/ddsi_security_omg.h,unchanged,same,89419baa40dcc65936bad9221ee3452ece9523e3fdd11c2b3e47df008ded9e77,89419baa40dcc65936bad9221ee3452ece9523e3fdd11c2b3e47df008ded9e77
unitree_sdk2/thirdparty/include/dds/ddsi/ddsi_tkmap.h,unitree_sdk2/thirdparty/include/dds/ddsi/ddsi_tkmap.h,unchanged,same,9deb366c13a7c008a232f1600b6f4eb6c5d059fbfc7d51e7c54ceb918988c875,9deb366c13a7c008a232f1600b6f4eb6c5d059fbfc7d51e7c54ceb918988c875
unitree_sdk2/thirdparty/include/ddsc/dds.h,unitree_sdk2/thirdparty/include/ddsc/dds.h,unchanged,same,1625b90228bb143181a31bdc6e470b61f80a77934f461b301192e7f89d97e11e,1625b90228bb143181a31bdc6e470b61f80a77934f461b301192e7f89d97e11e
unitree_sdk2/cmake/unitree_sdk2Targets.cmake,unitree_sdk2/cmake/unitree_sdk2Targets.cmake,unchanged,same,7c74357c2f47be5d37fbca8bc476e5062503dfd6c4f63274ce43f362e26e2234,7c74357c2f47be5d37fbca8bc476e5062503dfd6c4f63274ce43f362e26e2234
unitree_sdk2/cmake/unitree_sdk2Config.cmake.in,unitree_sdk2/cmake/unitree_sdk2Config.cmake.in,unchanged,same,39f73d1cb56f9d1fd383e1b2c47d30a2bd730e83cc2a49a401c8de5e81b54709,39f73d1cb56f9d1fd383e1b2c47d30a2bd730e83cc2a49a401c8de5e81b54709
unitree_sdk2/include/unitree/robot/server/server.hpp,unitree_sdk2/include/unitree/robot/server/server.hpp,unchanged,same,9ce5abf75027c21eeeaf8756d42d4fe7a9b170e56159b3f9e15a0eea605837c1,9ce5abf75027c21eeeaf8756d42d4fe7a9b170e56159b3f9e15a0eea605837c1
unitree_sdk2/include/unitree/robot/server/lease_server.hpp,unitree_sdk2/include/unitree/robot/server/lease_server.hpp,unchanged,same,e843a0039be52e2cc33673f0bdb312e0161dfb3b1b7cad05f88f331614fc3952,e843a0039be52e2cc33673f0bdb312e0161dfb3b1b7cad05f88f331614fc3952
unitree_sdk2/include/unitree/robot/server/server_stub.hpp,unitree_sdk2/include/unitree/robot/server/server_stub.hpp,unchanged,same,1b4c119c9dff1c1a6a6ad6ef85f4023b065efb41aa9e494c60fe45336477f28f,1b4c119c9dff1c1a6a6ad6ef85f4023b065efb41aa9e494c60fe45336477f28f
unitree_sdk2/include/unitree/robot/server/server_base.hpp,unitree_sdk2/include/unitree/robot/server/server_base.hpp,unchanged,same,33b39222a9f315d879c0a5d23f0e86fdf2729682fcb184f3bac95ff323cd3482,33b39222a9f315d879c0a5d23f0e86fdf2729682fcb184f3bac95ff323cd3482
unitree_sdk2/include/unitree/robot/internal/internal_api.hpp,unitree_sdk2/include/unitree/robot/internal/internal_api.hpp,unchanged,same,bf94d82529a06a8a7939ed4bf36c847f9d73a3e1582d348d8e0a8f937538ac42,bf94d82529a06a8a7939ed4bf36c847f9d73a3e1582d348d8e0a8f937538ac42
unitree_sdk2/include/unitree/robot/internal/internal_error.hpp,unitree_sdk2/include/unitree/robot/internal/internal_error.hpp,unchanged,same,0b2f10dec4e50e3df7d2a852716d7506fc8dc1066ed157febefa3bb96f38d3a6,0b2f10dec4e50e3df7d2a852716d7506fc8dc1066ed157febefa3bb96f38d3a6
unitree_sdk2/include/unitree/robot/internal/internal.hpp,unitree_sdk2/include/unitree/robot/internal/internal.hpp,unchanged,same,173af59c46a3467f227a535a617f6cd7c1535ec22b2b3d446670a9bfb15b50f3,173af59c46a3467f227a535a617f6cd7c1535ec22b2b3d446670a9bfb15b50f3
unitree_sdk2/include/unitree/robot/internal/internal_request_response.hpp,unitree_sdk2/include/unitree/robot/internal/internal_request_response.hpp,unchanged,same,2d91c3dbc986a08b587ee628c66d6750c3084636e2691fba2a150e7993e71943,2d91c3dbc986a08b587ee628c66d6750c3084636e2691fba2a150e7993e71943
unitree_sdk2/include/unitree/robot/internal/internal_idl_decl/ResponseHeader_.hpp,unitree_sdk2/include/unitree/robot/internal/internal_idl_decl/ResponseHeader_.hpp,unchanged,same,8dddb858a74e9916c708cca216643dfaf47e01b62ffa437084293889ccdb6317,8dddb858a74e9916c708cca216643dfaf47e01b62ffa437084293889ccdb6317
unitree_sdk2/include/unitree/robot/internal/internal_idl_decl/Response_.hpp,unitree_sdk2/include/unitree/robot/internal/internal_idl_decl/Response_.hpp,unchanged,same,f767bb234ce49ab9406abf23feca939737fb9128a67aa6e1ff19a6f0acef8fab,f767bb234ce49ab9406abf23feca939737fb9128a67aa6e1ff19a6f0acef8fab
unitree_sdk2/include/unitree/robot/internal/internal_idl_decl/RequestPolicy_.hpp,unitree_sdk2/include/unitree/robot/internal/internal_idl_decl/RequestPolicy_.hpp,unchanged,same,af2ba2ef86f44f5be4cf665cf757e34c66cd1df27399295b3b264769a9024da4,af2ba2ef86f44f5be4cf665cf757e34c66cd1df27399295b3b264769a9024da4
unitree_sdk2/include/unitree/robot/internal/internal_idl_decl/RequestHeader_.hpp,unitree_sdk2/include/unitree/robot/internal/internal_idl_decl/RequestHeader_.hpp,unchanged,same,2d46dfeaa302281bccf06578959b34ca239d6e3334513d8fdd36677133488e4b,2d46dfeaa302281bccf06578959b34ca239d6e3334513d8fdd36677133488e4b
unitree_sdk2/include/unitree/robot/internal/internal_idl_decl/ResponseStatus_.hpp,unitree_sdk2/include/unitree/robot/internal/internal_idl_decl/ResponseStatus_.hpp,unchanged,same,60d97a503802ee87f35521ba2429369f229b4ea66eab9ce350d442ba4a4aa601,60d97a503802ee87f35521ba2429369f229b4ea66eab9ce350d442ba4a4aa601
unitree_sdk2/include/unitree/robot/internal/internal_idl_decl/RequestLease_.hpp,unitree_sdk2/include/unitree/robot/internal/internal_idl_decl/RequestLease_.hpp,unchanged,same,46eb42c95bad732e9d31ece7060b23c6f0bb3f4d4720cc7209af3e9a61c9cca9,46eb42c95bad732e9d31ece7060b23c6f0bb3f4d4720cc7209af3e9a61c9cca9
unitree_sdk2/include/unitree/robot/internal/internal_idl_decl/Request_.hpp,unitree_sdk2/include/unitree/robot/internal/internal_idl_decl/Request_.hpp,unchanged,same,889137406890f4d91cc3061f84aa3e54fececfa52eda14c7f14262677e2b36db,889137406890f4d91cc3061f84aa3e54fececfa52eda14c7f14262677e2b36db
unitree_sdk2/include/unitree/robot/internal/internal_idl_decl/RequestIdentity_.hpp,unitree_sdk2/include/unitree/robot/internal/internal_idl_decl/RequestIdentity_.hpp,unchanged,same,584c0b8cc972f7787a4b8149dbfd72b566d353a14fd6e4d4fe1d586fd20b18a9,584c0b8cc972f7787a4b8149dbfd72b566d353a14fd6e4d4fe1d586fd20b18a9
unitree_sdk2/include/unitree/robot/channel/channel_subscriber.hpp,unitree_sdk2/include/unitree/robot/channel/channel_subscriber.hpp,unchanged,same,8fbd4fa5f4f9f6ffd7c34f2500f9daa8304ec7ae5c15f21e2e6ff67a9cbb6ee0,8fbd4fa5f4f9f6ffd7c34f2500f9daa8304ec7ae5c15f21e2e6ff67a9cbb6ee0
unitree_sdk2/include/unitree/robot/channel/channel_labor.hpp,unitree_sdk2/include/unitree/robot/channel/channel_labor.hpp,unchanged,same,9786606b5927619e8b4d535f4f9bffbeebf2b752a619bc1b61db54ae01270982,9786606b5927619e8b4d535f4f9bffbeebf2b752a619bc1b61db54ae01270982
unitree_sdk2/include/unitree/robot/channel/channel_factory.hpp,unitree_sdk2/include/unitree/robot/channel/channel_factory.hpp,unchanged,same,e0568b06205599de89543c8c11459660ecf9dc6203bf43a778b25afaf5a2d529,e0568b06205599de89543c8c11459660ecf9dc6203bf43a778b25afaf5a2d529
unitree_sdk2/include/unitree/robot/channel/channel_namer.hpp,unitree_sdk2/include/unitree/robot/channel/channel_namer.hpp,unchanged,same,2df9e6b35f37fa418768a7e6643c068c569b73897cfadf201bb92fb372296a88,2df9e6b35f37fa418768a7e6643c068c569b73897cfadf201bb92fb372296a88
unitree_sdk2/include/unitree/robot/channel/channel_publisher.hpp,unitree_sdk2/include/unitree/robot/channel/channel_publisher.hpp,unchanged,same,95a2bbdc8ab46ea6ab70f4609340dac33cee3b5bb336f41ac8be08fbc2bb1026,95a2bbdc8ab46ea6ab70f4609340dac33cee3b5bb336f41ac8be08fbc2bb1026
unitree_sdk2/include/unitree/robot/serialize/serialize.hpp,unitree_sdk2/include/unitree/robot/serialize/serialize.hpp,unchanged,same,25cb4d33d6fe1bc2f5d0e185a72cc334facddab2248b308b6a553efdc3383e4d,25cb4d33d6fe1bc2f5d0e185a72cc334facddab2248b308b6a553efdc3383e4d
unitree_sdk2/include/unitree/robot/b2/back_video/back_video_client.hpp,unitree_sdk2/include/unitree/robot/b2/back_video/back_video_client.hpp,unchanged,same,ab97e41118f8d1255caff7dda235967f3d143d4f46d2115d478df4816c9e308c,ab97e41118f8d1255caff7dda235967f3d143d4f46d2115d478df4816c9e308c
unitree_sdk2/include/unitree/robot/b2/back_video/back_video_api.hpp,unitree_sdk2/include/unitree/robot/b2/back_video/back_video_api.hpp,unchanged,same,f94fe42474316d51a294464467e196016e86aa51192bc6aea6b9dac017334f77,f94fe42474316d51a294464467e196016e86aa51192bc6aea6b9dac017334f77
unitree_sdk2/include/unitree/robot/b2/back_video/back_video_error.hpp,unitree_sdk2/include/unitree/robot/b2/back_video/back_video_error.hpp,unchanged,same,bcdab3ef7572c956d6356ea222a1233c322d7904dea64040470b0e5cf91121ba,bcdab3ef7572c956d6356ea222a1233c322d7904dea64040470b0e5cf91121ba
unitree_sdk2/include/unitree/robot/b2/motion_switcher/motion_switcher_api.hpp,unitree_sdk2/include/unitree/robot/b2/motion_switcher/motion_switcher_api.hpp,unchanged,same,50d1ddd901bb72ae354cce9cdaae5c1173c06d03d3c59c0baf0d7bd2a9ee3366,50d1ddd901bb72ae354cce9cdaae5c1173c06d03d3c59c0baf0d7bd2a9ee3366
unitree_sdk2/include/unitree/robot/b2/motion_switcher/motion_switcher_error.hpp,unitree_sdk2/include/unitree/robot/b2/motion_switcher/motion_switcher_error.hpp,unchanged,same,e411b1ca530d55b2fc3e41ab264a067f0c767bd63181f428a5b202750b4f481c,e411b1ca530d55b2fc3e41ab264a067f0c767bd63181f428a5b202750b4f481c
unitree_sdk2/include/unitree/robot/b2/motion_switcher/motion_switcher_client.hpp,unitree_sdk2/include/unitree/robot/b2/motion_switcher/motion_switcher_client.hpp,unchanged,same,84336c912c9776afc2314b74f9e67ff10a1856747f2914289f89f3c07c942407,84336c912c9776afc2314b74f9e67ff10a1856747f2914289f89f3c07c942407
unitree_sdk2/include/unitree/robot/b2/front_video/front_video_error.hpp,unitree_sdk2/include/unitree/robot/b2/front_video/front_video_error.hpp,unchanged,same,e94985c86d6ef6d7d75b8b72f5829d354a90f5de957c665f496281b6f156b392,e94985c86d6ef6d7d75b8b72f5829d354a90f5de957c665f496281b6f156b392
unitree_sdk2/include/unitree/robot/b2/front_video/front_video_api.hpp,unitree_sdk2/include/unitree/robot/b2/front_video/front_video_api.hpp,unchanged,same,ba8b4ac0b12a096225bdcc3bb8f2dea589c0484ab7d511402e8b923676fdc7d4,ba8b4ac0b12a096225bdcc3bb8f2dea589c0484ab7d511402e8b923676fdc7d4
unitree_sdk2/include/unitree/robot/b2/front_video/front_video_client.hpp,unitree_sdk2/include/unitree/robot/b2/front_video/front_video_client.hpp,unchanged,same,cabd2a5722b217e715f0f112bdd1af9e7ac0e18f1f940b2f1c0fb482f110cf90,cabd2a5722b217e715f0f112bdd1af9e7ac0e18f1f940b2f1c0fb482f110cf90
unitree_sdk2/include/unitree/robot/b2/sport/sport_error.hpp,unitree_sdk2/include/unitree/robot/b2/sport/sport_error.hpp,unchanged,same,a69e886d2ab3628a5a7cc591f3599a2d584052c4e3603f5ff78baad80e990b3b,a69e886d2ab3628a5a7cc591f3599a2d584052c4e3603f5ff78baad80e990b3b
unitree_sdk2/include/unitree/robot/b2/sport/sport_client.hpp,unitree_sdk2/include/unitree/robot/b2/sport/sport_client.hpp,unchanged,same,04d383d5814928760a28aaa4ec4d0797ca219d31463e1e18e3b140568d40358b,04d383d5814928760a28aaa4ec4d0797ca219d31463e1e18e3b140568d40358b
unitree_sdk2/include/unitree/robot/b2/sport/sport_api.hpp,unitree_sdk2/include/unitree/robot/b2/sport/sport_api.hpp,unchanged,same,38ac626f072f82a3156a29f158d0a18248173b1d8d5484e33769d2d927c7d132,38ac626f072f82a3156a29f158d0a18248173b1d8d5484e33769d2d927c7d132
unitree_sdk2/include/unitree/robot/b2/config/config_client.hpp,unitree_sdk2/include/unitree/robot/b2/config/config_client.hpp,unchanged,same,cf36b3703ffd836ffb09ad2e5c43c6001d51f8b4af64f51c4872d5b21e6ca609,cf36b3703ffd836ffb09ad2e5c43c6001d51f8b4af64f51c4872d5b21e6ca609
unitree_sdk2/include/unitree/robot/b2/config/config_error.hpp,unitree_sdk2/include/unitree/robot/b2/config/config_error.hpp,unchanged,same,2d46307f796f27381072b8910c0a8fa4420ddd266094aa9808e7efb356e44261,2d46307f796f27381072b8910c0a8fa4420ddd266094aa9808e7efb356e44261
unitree_sdk2/include/unitree/robot/b2/config/config_api.hpp,unitree_sdk2/include/unitree/robot/b2/config/config_api.hpp,unchanged,same,232344eeaa7f3a5f75a121739b7b9d902d1fbdeef64d90e6dad5a7f931fd3e00,232344eeaa7f3a5f75a121739b7b9d902d1fbdeef64d90e6dad5a7f931fd3e00
unitree_sdk2/include/unitree/robot/b2/robot_state/robot_state_api.hpp,unitree_sdk2/include/unitree/robot/b2/robot_state/robot_state_api.hpp,unchanged,same,b17af8abf0ad1ba873500bb9d3302cfee04b53fcf533e22769340e15065d1ed7,b17af8abf0ad1ba873500bb9d3302cfee04b53fcf533e22769340e15065d1ed7
unitree_sdk2/include/unitree/robot/b2/robot_state/robot_state_client.hpp,unitree_sdk2/include/unitree/robot/b2/robot_state/robot_state_client.hpp,unchanged,same,a7f012e46079b336557f4a856b245646b23a6ac1f74f6a6164ae1f34a2599342,a7f012e46079b336557f4a856b245646b23a6ac1f74f6a6164ae1f34a2599342
unitree_sdk2/include/unitree/robot/b2/robot_state/robot_state_error.hpp,unitree_sdk2/include/unitree/robot/b2/robot_state/robot_state_error.hpp,unchanged,same,a79e6f9d40049487e4492c4207b3f074405c343c3832fac0218c356375752140,a79e6f9d40049487e4492c4207b3f074405c343c3832fac0218c356375752140
unitree_sdk2/include/unitree/robot/go2/sport/sport_error.hpp,unitree_sdk2/include/unitree/robot/go2/sport/sport_error.hpp,unchanged,same,9baf47b84a5660e53e512cbbc3426e1771c6208bda972a847b43b5c6aa5b43d5,9baf47b84a5660e53e512cbbc3426e1771c6208bda972a847b43b5c6aa5b43d5
unitree_sdk2/include/unitree/robot/go2/sport/sport_client.hpp,unitree_sdk2/include/unitree/robot/go2/sport/sport_client.hpp,unchanged,same,4db5806496bacee8528331f08f5d8baa6b708344547f253fa47dad1636d6074e,4db5806496bacee8528331f08f5d8baa6b708344547f253fa47dad1636d6074e
unitree_sdk2/include/unitree/robot/go2/sport/sport_api.hpp,unitree_sdk2/include/unitree/robot/go2/sport/sport_api.hpp,unchanged,same,b69336bb10ea08219c064f6f07d7b584c4d764328d24f758b076e6a3b4c6f092,b69336bb10ea08219c064f6f07d7b584c4d764328d24f758b076e6a3b4c6f092
unitree_sdk2/include/unitree/robot/go2/vui/vui_client.hpp,unitree_sdk2/include/unitree/robot/go2/vui/vui_client.hpp,unchanged,same,ca601d2a6d20a5199e31d56b35c4f654d3771ca065e890124f4594a9903640d8,ca601d2a6d20a5199e31d56b35c4f654d3771ca065e890124f4594a9903640d8
unitree_sdk2/include/unitree/robot/go2/vui/vui_api.hpp,unitree_sdk2/include/unitree/robot/go2/vui/vui_api.hpp,unchanged,same,fbbe028526c3990939d5186c4dc01a24a9430d5d75530d856f7640312852ab97,fbbe028526c3990939d5186c4dc01a24a9430d5d75530d856f7640312852ab97
unitree_sdk2/include/unitree/robot/go2/vui/vui_error.hpp,unitree_sdk2/include/unitree/robot/go2/vui/vui_error.hpp,unchanged,same,57b94c8efaa3c86e79abd5b5c8df466d82b048f35bdde8c1aa139f0d7c9eb749,57b94c8efaa3c86e79abd5b5c8df466d82b048f35bdde8c1aa139f0d7c9eb749
unitree_sdk2/include/unitree/robot/go2/utrack/utrack_api.hpp,unitree_sdk2/include/unitree/robot/go2/utrack/utrack_api.hpp,unchanged,same,57a7ad0fbf80ff3882fd18122d4616e4802446f3bf514291bacf56f71712bede,57a7ad0fbf80ff3882fd18122d4616e4802446f3bf514291bacf56f71712bede
unitree_sdk2/include/unitree/robot/go2/utrack/utrack_client.hpp,unitree_sdk2/include/unitree/robot/go2/utrack/utrack_client.hpp,unchanged,same,e703c1c7046b92a93497c6d808e6fe378ac63f604aede8cb9afb67a4312ef427,e703c1c7046b92a93497c6d808e6fe378ac63f604aede8cb9afb67a4312ef427
unitree_sdk2/include/unitree/robot/go2/public/jsonize_type.hpp,unitree_sdk2/include/unitree/robot/go2/public/jsonize_type.hpp,unchanged,same,badb3fdbe1a29fa2229708ca4843550d6e7c79293d3bbdefeacd0dec9aa38888,badb3fdbe1a29fa2229708ca4843550d6e7c79293d3bbdefeacd0dec9aa38888
unitree_sdk2/include/unitree/robot/go2/obstacles_avoid/obstacles_avoid_api.hpp,unitree_sdk2/include/unitree/robot/go2/obstacles_avoid/obstacles_avoid_api.hpp,unchanged,same,4c3104aec409af348d9690615baa28c7aec291fc2f37af2aa6e93de735444dff,4c3104aec409af348d9690615baa28c7aec291fc2f37af2aa6e93de735444dff
unitree_sdk2/include/unitree/robot/go2/obstacles_avoid/obstacles_avoid_client.hpp,unitree_sdk2/include/unitree/robot/go2/obstacles_avoid/obstacles_avoid_client.hpp,unchanged,same,e98502b7fec02b13bee30d43bf6e26b73e0a218fcac0fe4167cec24c95fb6a55,e98502b7fec02b13bee30d43bf6e26b73e0a218fcac0fe4167cec24c95fb6a55
unitree_sdk2/include/unitree/robot/go2/video/video_api.hpp,unitree_sdk2/include/unitree/robot/go2/video/video_api.hpp,unchanged,same,cd19abf5850277a18cde0f55cc4debb5b76a9f5d68eb11f26a4a15feef63839a,cd19abf5850277a18cde0f55cc4debb5b76a9f5d68eb11f26a4a15feef63839a
unitree_sdk2/include/unitree/robot/go2/video/video_client.hpp,unitree_sdk2/include/unitree/robot/go2/video/video_client.hpp,unchanged,same,7ba22ad447b9ff1d20e8f29c6781221d9d9326bff985638581e08a7232ed89d7,7ba22ad447b9ff1d20e8f29c6781221d9d9326bff985638581e08a7232ed89d7
unitree_sdk2/include/unitree/robot/go2/video/video_error.hpp,unitree_sdk2/include/unitree/robot/go2/video/video_error.hpp,unchanged,same,0471fc539fef3f902e40ff0a7d34d453dfa376f1d5e7fc81191e20c7ed217811,0471fc539fef3f902e40ff0a7d34d453dfa376f1d5e7fc81191e20c7ed217811
unitree_sdk2/include/unitree/robot/go2/robot_state/robot_state_api.hpp,unitree_sdk2/include/unitree/robot/go2/robot_state/robot_state_api.hpp,unchanged,same,6f4b5191004c96fd8d37dcda3414e333b49e8222bfe6b194bc4e554ffc268dab,6f4b5191004c96fd8d37dcda3414e333b49e8222bfe6b194bc4e554ffc268dab
unitree_sdk2/include/unitree/robot/go2/robot_state/robot_state_client.hpp,unitree_sdk2/include/unitree/robot/go2/robot_state/robot_state_client.hpp,unchanged,same,f25fbb6a765e5e031681d018f53de4518e81ae4e8d15e46099f9933c9e904ffb,f25fbb6a765e5e031681d018f53de4518e81ae4e8d15e46099f9933c9e904ffb
unitree_sdk2/include/unitree/robot/go2/robot_state/robot_state_error.hpp,unitree_sdk2/include/unitree/robot/go2/robot_state/robot_state_error.hpp,unchanged,same,62abbad369d0080fff1c06ff40c1068776cc24f2a82ea9525e51b36be81b8302,62abbad369d0080fff1c06ff40c1068776cc24f2a82ea9525e51b36be81b8302
unitree_sdk2/include/unitree/robot/future/request_future.hpp,unitree_sdk2/include/unitree/robot/future/request_future.hpp,unchanged,same,0e92e36f3a75b9788c1a30b3734b7e184f7dee9944cc51a9f56e3dd17b8181f8,0e92e36f3a75b9788c1a30b3734b7e184f7dee9944cc51a9f56e3dd17b8181f8
unitree_sdk2/include/unitree/robot/h1/loco/h1_loco_error.hpp,unitree_sdk2/include/unitree/robot/h1/loco/h1_loco_error.hpp,unchanged,same,e8bd42e39a2361df9b78f6a7601d9a0b4bc43e2a2c8c64d912e461633ef7bb5d,e8bd42e39a2361df9b78f6a7601d9a0b4bc43e2a2c8c64d912e461633ef7bb5d
unitree_sdk2/include/unitree/robot/h1/loco/h1_loco_api.hpp,unitree_sdk2/include/unitree/robot/h1/loco/h1_loco_api.hpp,unchanged,same,b47c07bf988e21b196280384e5ada9ce279516707be161195324cacb6ed1ebd1,b47c07bf988e21b196280384e5ada9ce279516707be161195324cacb6ed1ebd1
unitree_sdk2/include/unitree/robot/h1/loco/h1_loco_client.hpp,unitree_sdk2/include/unitree/robot/h1/loco/h1_loco_client.hpp,unchanged,same,132def94b184b234df4f6acdd54c1897ba1c073a1cd0a41de29909b883a7fb82,132def94b184b234df4f6acdd54c1897ba1c073a1cd0a41de29909b883a7fb82
unitree_sdk2/include/unitree/robot/client/client.hpp,unitree_sdk2/include/unitree/robot/client/client.hpp,unchanged,same,9d83a8022640bff6b0ab111ba3468b5138ff8f9831ece436b914a22adc0070bc,9d83a8022640bff6b0ab111ba3468b5138ff8f9831ece436b914a22adc0070bc
unitree_sdk2/include/unitree/robot/client/lease_client.hpp,unitree_sdk2/include/unitree/robot/client/lease_client.hpp,unchanged,same,4ef295943f15b36758fa47d51689493d1b121953176277faeec07155a877cc34,4ef295943f15b36758fa47d51689493d1b121953176277faeec07155a877cc34
unitree_sdk2/include/unitree/robot/client/client_stub.hpp,unitree_sdk2/include/unitree/robot/client/client_stub.hpp,unchanged,same,a8c05406fcb0165f419b7f449bb8f0990eb9fd670ac7eb8be0c12db61e3b8a96,a8c05406fcb0165f419b7f449bb8f0990eb9fd670ac7eb8be0c12db61e3b8a96
unitree_sdk2/include/unitree/robot/client/client_base.hpp,unitree_sdk2/include/unitree/robot/client/client_base.hpp,unchanged,same,448315d1db4f3bf5e03265b754e1d4eb7449b9746811fb4e955a7f566ecd81d1,448315d1db4f3bf5e03265b754e1d4eb7449b9746811fb4e955a7f566ecd81d1
unitree_sdk2/include/unitree/robot/g1/loco/g1_loco_error.hpp,unitree_sdk2/include/unitree/robot/g1/loco/g1_loco_error.hpp,unchanged,same,9b1ded3c5d1dfc7a7dc3eec4b82742ce764b0c57e1dd498e353c73c146a8b91c,9b1ded3c5d1dfc7a7dc3eec4b82742ce764b0c57e1dd498e353c73c146a8b91c
unitree_sdk2/include/unitree/robot/g1/loco/g1_loco_api.hpp,unitree_sdk2/include/unitree/robot/g1/loco/g1_loco_api.hpp,unchanged,same,90c0dc9af55243ace21de9921f67c70e4c8d50ce3108ad953a04594a35de79af,90c0dc9af55243ace21de9921f67c70e4c8d50ce3108ad953a04594a35de79af
unitree_sdk2/include/unitree/robot/g1/loco/g1_loco_client.hpp,unitree_sdk2/include/unitree/robot/g1/loco/g1_loco_client.hpp,unchanged,same,ed9dbd3b64c388bbc9355660c182e34f8c249e69e06d478fe4a0d18c81786175,ed9dbd3b64c388bbc9355660c182e34f8c249e69e06d478fe4a0d18c81786175
unitree_sdk2/include/unitree/robot/g1/audio/g1_audio_client.hpp,unitree_sdk2/include/unitree/robot/g1/audio/g1_audio_client.hpp,unchanged,same,01108471362e15c3dec01db77023da520b3450725fd72a52b934cec39492fd0c,01108471362e15c3dec01db77023da520b3450725fd72a52b934cec39492fd0c
unitree_sdk2/include/unitree/robot/g1/audio/g1_audio_api.hpp,unitree_sdk2/include/unitree/robot/g1/audio/g1_audio_api.hpp,unchanged,same,40d83bda7cf52a0bbffb8dc53f73c42efce9c91d23435eb4c55ab0fa14ffcae9,40d83bda7cf52a0bbffb8dc53f73c42efce9c91d23435eb4c55ab0fa14ffcae9
unitree_sdk2/include/unitree/robot/g1/audio/g1_audio_error.hpp,unitree_sdk2/include/unitree/robot/g1/audio/g1_audio_error.hpp,unchanged,same,edb776ce3e8928be0c8e238afef0e326cc98da1a98f87134e0bdf122bc10fc84,edb776ce3e8928be0c8e238afef0e326cc98da1a98f87134e0bdf122bc10fc84
unitree_sdk2/include/unitree/common/block_queue.hpp,unitree_sdk2/include/unitree/common/block_queue.hpp,unchanged,same,ed06ff1e608f48049f48882413812d42281615b076f7d301a305b8b70f436a0b,ed06ff1e608f48049f48882413812d42281615b076f7d301a305b8b70f436a0b
unitree_sdk2/include/unitree/common/string_tool.hpp,unitree_sdk2/include/unitree/common/string_tool.hpp,unchanged,same,71160136d16bb92bea2cdc82f7820db8c3722b9dbb3ac4a4cec4ac55096156a5,71160136d16bb92bea2cdc82f7820db8c3722b9dbb3ac4a4cec4ac55096156a5
unitree_sdk2/include/unitree/common/error.hpp,unitree_sdk2/include/unitree/common/error.hpp,unchanged,same,dacddb86d84ef56b01504fd857cc84cbf50d505f74259aa8f972ffbb41a91eb0,dacddb86d84ef56b01504fd857cc84cbf50d505f74259aa8f972ffbb41a91eb0
unitree_sdk2/include/unitree/common/os.hpp,unitree_sdk2/include/unitree/common/os.hpp,unchanged,same,46f6f023423824bdc42a9a470364456e7298b9de04e8c668735083d324dc3585,46f6f023423824bdc42a9a470364456e7298b9de04e8c668735083d324dc3585
unitree_sdk2/include/unitree/common/any.hpp,unitree_sdk2/include/unitree/common/any.hpp,unchanged,same,110c8fbfa24d64568481bf6317d0360d28b9e9ef70c31464183db932eefcaba7,110c8fbfa24d64568481bf6317d0360d28b9e9ef70c31464183db932eefcaba7
unitree_sdk2/include/unitree/common/exception.hpp,unitree_sdk2/include/unitree/common/exception.hpp,unchanged,same,b87d37436ab957b988dac5f1cf7674ea93795bd81845dbbe2fdcaa8e94c7a909,b87d37436ab957b988dac5f1cf7674ea93795bd81845dbbe2fdcaa8e94c7a909
unitree_sdk2/include/unitree/common/assert.hpp,unitree_sdk2/include/unitree/common/assert.hpp,unchanged,same,d4891c1dff143a1f0ec07feb8eb81057292cee9f876598a6785955b6df6723b4,d4891c1dff143a1f0ec07feb8eb81057292cee9f876598a6785955b6df6723b4
unitree_sdk2/include/unitree/common/decl.hpp,unitree_sdk2/include/unitree/common/decl.hpp,unchanged,same,50f733b16ed6afd2b449405b14c0a04c8e37581ef4e1d6b2dbc906d297177857,50f733b16ed6afd2b449405b14c0a04c8e37581ef4e1d6b2dbc906d297177857
unitree_sdk2/include/unitree/common/dds/dds_easy_model.hpp,unitree_sdk2/include/unitree/common/dds/dds_easy_model.hpp,unchanged,same,994f56c65926a38dbbd1fcd43f0981eae638623f29bf9f6620298c8e31dff169,994f56c65926a38dbbd1fcd43f0981eae638623f29bf9f6620298c8e31dff169
unitree_sdk2/include/unitree/common/dds/dds_callback.hpp,unitree_sdk2/include/unitree/common/dds/dds_callback.hpp,unchanged,same,165dc59d2fc6a689ebfa5a1956c842a392e8cdc37d44a59904f76cefe7fa8358,165dc59d2fc6a689ebfa5a1956c842a392e8cdc37d44a59904f76cefe7fa8358
unitree_sdk2/include/unitree/common/dds/dds_topic_channel.hpp,unitree_sdk2/include/unitree/common/dds/dds_topic_channel.hpp,unchanged,same,5603c1ecbb34250893812d0e8a32c20e992a91c5a2ccc0f45c9c7a922d5e9664,5603c1ecbb34250893812d0e8a32c20e992a91c5a2ccc0f45c9c7a922d5e9664
unitree_sdk2/include/unitree/common/dds/dds_exception.hpp,unitree_sdk2/include/unitree/common/dds/dds_exception.hpp,unchanged,same,3bffb0a284bee490f5766578b3de27faeab1e7bfee65ad355c3b5ab13bceec06,3bffb0a284bee490f5766578b3de27faeab1e7bfee65ad355c3b5ab13bceec06
unitree_sdk2/include/unitree/common/dds/dds_error.hpp,unitree_sdk2/include/unitree/common/dds/dds_error.hpp,unchanged,same,71028899a62f6233c80b4a8c69833184c9a7f8818354b533e6d93af2a1069adf,71028899a62f6233c80b4a8c69833184c9a7f8818354b533e6d93af2a1069adf
unitree_sdk2/include/unitree/common/dds/dds_factory_model.hpp,unitree_sdk2/include/unitree/common/dds/dds_factory_model.hpp,unchanged,same,a2e48715b55b690a66aa44ed54c1afa66273d9752b3f58c4ee171fe5bfaf874b,a2e48715b55b690a66aa44ed54c1afa66273d9752b3f58c4ee171fe5bfaf874b
unitree_sdk2/include/unitree/common/dds/dds_qos_policy_parameter.hpp,unitree_sdk2/include/unitree/common/dds/dds_qos_policy_parameter.hpp,unchanged,same,1eabced248d6b886b767d23bf6a96a03bdd057644eb2b188f22dc662d441f0b6,1eabced248d6b886b767d23bf6a96a03bdd057644eb2b188f22dc662d441f0b6
unitree_sdk2/include/unitree/common/dds/dds_traits.hpp,unitree_sdk2/include/unitree/common/dds/dds_traits.hpp,unchanged,same,8258dc989f13f937548f74c74bd11a289dc4a25b6cb6aa788c66fe944f37edad,8258dc989f13f937548f74c74bd11a289dc4a25b6cb6aa788c66fe944f37edad
unitree_sdk2/include/unitree/common/dds/dds_entity.hpp,unitree_sdk2/include/unitree/common/dds/dds_entity.hpp,unchanged,same,a1e6c20a26dead15fd111aae25148dc2149f3bac402beba810dc477d575e7d84,a1e6c20a26dead15fd111aae25148dc2149f3bac402beba810dc477d575e7d84
unitree_sdk2/include/unitree/common/dds/dds_parameter.hpp,unitree_sdk2/include/unitree/common/dds/dds_parameter.hpp,unchanged,same,0e4a1b51b73224534b0fa0e3af84ae02618d5c37cb4aa14717aa795110ea8d57,0e4a1b51b73224534b0fa0e3af84ae02618d5c37cb4aa14717aa795110ea8d57
unitree_sdk2/include/unitree/common/dds/dds_native.hpp,unitree_sdk2/include/unitree/common/dds/dds_native.hpp,unchanged,same,29055ba673ae67278dfb2b76f4acec3b95741dd70fa60cd1b6385d5648ea097b,29055ba673ae67278dfb2b76f4acec3b95741dd70fa60cd1b6385d5648ea097b
unitree_sdk2/include/unitree/common/dds/dds_qos_parameter.hpp,unitree_sdk2/include/unitree/common/dds/dds_qos_parameter.hpp,unchanged,same,096f838f9416513fc55a2cb8bd65c1d03fa28302a0acb180ab3111915ccc82d6,096f838f9416513fc55a2cb8bd65c1d03fa28302a0acb180ab3111915ccc82d6
unitree_sdk2/include/unitree/common/dds/dds_qos_policy.hpp,unitree_sdk2/include/unitree/common/dds/dds_qos_policy.hpp,unchanged,same,fd1e03339c86adfbb855e8a728a49203518edbb479c647a4c6c599bee3fc2773,fd1e03339c86adfbb855e8a728a49203518edbb479c647a4c6c599bee3fc2773
unitree_sdk2/include/unitree/common/dds/dds_qos_realize.hpp,unitree_sdk2/include/unitree/common/dds/dds_qos_realize.hpp,unchanged,same,58e8b57df040e7a602edf2ea0990d8245a5f44a1ffb99f545842ee7f466c14f9,58e8b57df040e7a602edf2ea0990d8245a5f44a1ffb99f545842ee7f466c14f9
unitree_sdk2/include/unitree/common/dds/dds_qos.hpp,unitree_sdk2/include/unitree/common/dds/dds_qos.hpp,unchanged,same,0bd29a19b3924fd3f90a7d4179bf5bfb6a6c52e9a0ad5809e892863c8827bce8,0bd29a19b3924fd3f90a7d4179bf5bfb6a6c52e9a0ad5809e892863c8827bce8
unitree_sdk2/include/unitree/common/service/dds_service.hpp,unitree_sdk2/include/unitree/common/service/dds_service.hpp,unchanged,same,de2f4a75a8a20d1ee9534a597d0d8a3fdcfc16fe90baa8bb6c5b7b519e269cde,de2f4a75a8a20d1ee9534a597d0d8a3fdcfc16fe90baa8bb6c5b7b519e269cde
unitree_sdk2/include/unitree/common/service/base/service_config.hpp,unitree_sdk2/include/unitree/common/service/base/service_config.hpp,unchanged,same,74a98d8ea6a31aca8178e06a72225e7d6bb6b1625661f2f69609b6dde1dca6af,74a98d8ea6a31aca8178e06a72225e7d6bb6b1625661f2f69609b6dde1dca6af
unitree_sdk2/include/unitree/common/service/base/service_decl.hpp,unitree_sdk2/include/unitree/common/service/base/service_decl.hpp,unchanged,same,417d795a204a89318be24ae202d31749f1cf9a0145fd4012e12501683ce588ca,417d795a204a89318be24ae202d31749f1cf9a0145fd4012e12501683ce588ca
unitree_sdk2/include/unitree/common/service/base/service_base.hpp,unitree_sdk2/include/unitree/common/service/base/service_base.hpp,unchanged,same,d270b9b51ce078ddfd47a7e5a3ecd1a48d5a6be5356920e94e1e4e7e20660ff4,d270b9b51ce078ddfd47a7e5a3ecd1a48d5a6be5356920e94e1e4e7e20660ff4
unitree_sdk2/include/unitree/common/service/base/service_application.hpp,unitree_sdk2/include/unitree/common/service/base/service_application.hpp,unchanged,same,e4f377a2405666b64828bc2894ae457fbd308f8145f296c3858bcc45781c3f5b,e4f377a2405666b64828bc2894ae457fbd308f8145f296c3858bcc45781c3f5b
unitree_sdk2/include/unitree/common/json/json_config.hpp,unitree_sdk2/include/unitree/common/json/json_config.hpp,unchanged,same,2f4d9f80552f4964668c41e78a0648b2f95bb3eb110b90195f89f662a4907017,2f4d9f80552f4964668c41e78a0648b2f95bb3eb110b90195f89f662a4907017
unitree_sdk2/include/unitree/common/json/json.hpp,unitree_sdk2/include/unitree/common/json/json.hpp,unchanged,same,8ad00bf6f29bd1feca1d5be067967d48d50b68d253dc3a87151ca40d47ea2354,8ad00bf6f29bd1feca1d5be067967d48d50b68d253dc3a87151ca40d47ea2354
unitree_sdk2/include/unitree/common/json/jsonize.hpp,unitree_sdk2/include/unitree/common/json/jsonize.hpp,unchanged,same,567d441c707455a053e4fcd9f08c70f4c0bae1a51bdde638c8480c6e322989fe,567d441c707455a053e4fcd9f08c70f4c0bae1a51bdde638c8480c6e322989fe
unitree_sdk2/include/unitree/common/lock/lock.hpp,unitree_sdk2/include/unitree/common/lock/lock.hpp,unchanged,same,d305b03d12b50be9d2e63cbca9a79f43667bb4705a0247e8acbe5ef63f6373da,d305b03d12b50be9d2e63cbca9a79f43667bb4705a0247e8acbe5ef63f6373da
unitree_sdk2/include/unitree/common/time/time_tool.hpp,unitree_sdk2/include/unitree/common/time/time_tool.hpp,unchanged,same,6283b9644245636bfadc50681f3b7683887c6202828929d570079bc096de54f4,6283b9644245636bfadc50681f3b7683887c6202828929d570079bc096de54f4
unitree_sdk2/include/unitree/common/time/sleep.hpp,unitree_sdk2/include/unitree/common/time/sleep.hpp,unchanged,same,830fafb4deb4225140bfecfd752f1c20f404fe24699f43c082f32b6caf685220,830fafb4deb4225140bfecfd752f1c20f404fe24699f43c082f32b6caf685220
unitree_sdk2/include/unitree/common/thread/thread_decl.hpp,unitree_sdk2/include/unitree/common/thread/thread_decl.hpp,unchanged,same,a976b100d71b3d53afcd74f0e9436b6be3a9472cf7cc8f34a3dfe52dd029186a,a976b100d71b3d53afcd74f0e9436b6be3a9472cf7cc8f34a3dfe52dd029186a
unitree_sdk2/include/unitree/common/thread/thread_task.hpp,unitree_sdk2/include/unitree/common/thread/thread_task.hpp,unchanged,same,131181605a16c92f08820d09b7aab36b20303808a6766b0785c8ec9c737bdbce,131181605a16c92f08820d09b7aab36b20303808a6766b0785c8ec9c737bdbce
unitree_sdk2/include/unitree/common/thread/recurrent_thread.hpp,unitree_sdk2/include/unitree/common/thread/recurrent_thread.hpp,unchanged,same,ca646c6377114cf8afa9316fddef7c95abab08a7b629daa8093be2936e99895a,ca646c6377114cf8afa9316fddef7c95abab08a7b629daa8093be2936e99895a
unitree_sdk2/include/unitree/common/thread/thread.hpp,unitree_sdk2/include/unitree/common/thread/thread.hpp,unchanged,same,ac1620c24a7196d92c4bfaf79aa130ccec69f19381d25654596b2d94dfb59498,ac1620c24a7196d92c4bfaf79aa130ccec69f19381d25654596b2d94dfb59498
unitree_sdk2/include/unitree/common/thread/thread_pool.hpp,unitree_sdk2/include/unitree/common/thread/thread_pool.hpp,unchanged,same,f109db9e8de6ff1b04d7f08397a0348e05ba7c7dde22fa03c0f550ebaf4cff6c,f109db9e8de6ff1b04d7f08397a0348e05ba7c7dde22fa03c0f550ebaf4cff6c
unitree_sdk2/include/unitree/common/thread/future.hpp,unitree_sdk2/include/unitree/common/thread/future.hpp,unchanged,same,4b200a92c72a5cc42b8673bfd19fb971d9a1199637eb5ad67547cbe2ba2f389b,4b200a92c72a5cc42b8673bfd19fb971d9a1199637eb5ad67547cbe2ba2f389b
unitree_sdk2/include/unitree/common/log/log_buffer.hpp,unitree_sdk2/include/unitree/common/log/log_buffer.hpp,unchanged,same,e7ac0cbcf77d886b1468a8731589fb1f34da219e46a4e8dfb1ec5f931c027bd4,e7ac0cbcf77d886b1468a8731589fb1f34da219e46a4e8dfb1ec5f931c027bd4
unitree_sdk2/include/unitree/common/log/log_policy.hpp,unitree_sdk2/include/unitree/common/log/log_policy.hpp,unchanged,same,fc23256ab39e1122e8ad26a3ffd54d3df36bfa4411ad1d081c7d930a4d674db5,fc23256ab39e1122e8ad26a3ffd54d3df36bfa4411ad1d081c7d930a4d674db5
unitree_sdk2/include/unitree/common/log/log.hpp,unitree_sdk2/include/unitree/common/log/log.hpp,unchanged,same,9cd4259c3245900567e6bdd909b5ca0f61d6bfe7247a20ece9e3ea705e89b057,9cd4259c3245900567e6bdd909b5ca0f61d6bfe7247a20ece9e3ea705e89b057
unitree_sdk2/include/unitree/common/log/log_writer.hpp,unitree_sdk2/include/unitree/common/log/log_writer.hpp,unchanged,same,81690f031417ed03977f047b50ae320ff5630eff2e97a564ddd7b9a851f56213,81690f031417ed03977f047b50ae320ff5630eff2e97a564ddd7b9a851f56213
unitree_sdk2/include/unitree/common/log/log_logger.hpp,unitree_sdk2/include/unitree/common/log/log_logger.hpp,unchanged,same,0be0d95ff90c09ebf61be6d2bce462950f84bffdb9a7558ea7754205bc6c871a,0be0d95ff90c09ebf61be6d2bce462950f84bffdb9a7558ea7754205bc6c871a
unitree_sdk2/include/unitree/common/log/log_store.hpp,unitree_sdk2/include/unitree/common/log/log_store.hpp,unchanged,same,24f93b1d857e98e0af0562995fcd9aa1e2163b797bafce0d629ac7737f08f421,24f93b1d857e98e0af0562995fcd9aa1e2163b797bafce0d629ac7737f08f421
unitree_sdk2/include/unitree/common/log/log_initor.hpp,unitree_sdk2/include/unitree/common/log/log_initor.hpp,unchanged,same,2fd8249c8a176e2b2bb427d56d04a5596fba8abfc7fbd8e67506db293bb2d0a8,2fd8249c8a176e2b2bb427d56d04a5596fba8abfc7fbd8e67506db293bb2d0a8
unitree_sdk2/include/unitree/common/log/log_keeper.hpp,unitree_sdk2/include/unitree/common/log/log_keeper.hpp,unchanged,same,4bfb33107a7a12d348b39dd3fe795236caefcef35dfc08cacd9fb8398416087a,4bfb33107a7a12d348b39dd3fe795236caefcef35dfc08cacd9fb8398416087a
unitree_sdk2/include/unitree/common/log/log_decl.hpp,unitree_sdk2/include/unitree/common/log/log_decl.hpp,unchanged,same,aa42efd16575b075a6ef99f8fbd0a4e35ed9e387402fe199f35c48a8ea1a7bcb,aa42efd16575b075a6ef99f8fbd0a4e35ed9e387402fe199f35c48a8ea1a7bcb
unitree_sdk2/include/unitree/common/filesystem/file.hpp,unitree_sdk2/include/unitree/common/filesystem/file.hpp,unchanged,same,e7534bd03654f5c23d232ade2f1b04e3ac7f7d9f8c16f1f7bb717832a2f91fb4,e7534bd03654f5c23d232ade2f1b04e3ac7f7d9f8c16f1f7bb717832a2f91fb4
unitree_sdk2/include/unitree/common/filesystem/directory.hpp,unitree_sdk2/include/unitree/common/filesystem/directory.hpp,unchanged,same,93db4d7d8cd7d8c65b27ec1ba4f0026a53fdb46a12a07699e179ac821f7d001c,93db4d7d8cd7d8c65b27ec1ba4f0026a53fdb46a12a07699e179ac821f7d001c
unitree_sdk2/include/unitree/common/filesystem/filesystem.hpp,unitree_sdk2/include/unitree/common/filesystem/filesystem.hpp,unchanged,same,b30781b5696e28f42fd918da620783999f63e84913f06d41ca20b292920e4cd4,b30781b5696e28f42fd918da620783999f63e84913f06d41ca20b292920e4cd4
unitree_sdk2/include/unitree/idl/hg/LowCmd_.hpp,unitree_sdk2/include/unitree/idl/hg/LowCmd_.hpp,unchanged,same,3e2760c3475c7a7a003785c22f1c841c186a283cc2c415019eea2a908ecae4f7,3e2760c3475c7a7a003785c22f1c841c186a283cc2c415019eea2a908ecae4f7
unitree_sdk2/include/unitree/idl/hg/PressSensorState_.hpp,unitree_sdk2/include/unitree/idl/hg/PressSensorState_.hpp,unchanged,same,09a72ff9237b0da90243762f2f4f2c2dbae89f378889d9fe0913139efd35fd09,09a72ff9237b0da90243762f2f4f2c2dbae89f378889d9fe0913139efd35fd09
unitree_sdk2/include/unitree/idl/hg/MotorState_.hpp,unitree_sdk2/include/unitree/idl/hg/MotorState_.hpp,unchanged,same,9a461ce785c1d56e95c284065178935288d04fd3261090983ab0fd0c2c6d8f0d,9a461ce785c1d56e95c284065178935288d04fd3261090983ab0fd0c2c6d8f0d
unitree_sdk2/include/unitree/idl/hg/BmsState_.hpp,unitree_sdk2/include/unitree/idl/hg/BmsState_.hpp,unchanged,same,1d1a83921b7db50a26523574093e127df54c9bedf6ee782474f734d6a86f23ba,1d1a83921b7db50a26523574093e127df54c9bedf6ee782474f734d6a86f23ba
unitree_sdk2/include/unitree/idl/hg/HandState_.hpp,unitree_sdk2/include/unitree/idl/hg/HandState_.hpp,unchanged,same,0a6901e92b038142dd31ebec213d716e8785c280b90beab95b26e6051aeefcd4,0a6901e92b038142dd31ebec213d716e8785c280b90beab95b26e6051aeefcd4
unitree_sdk2/include/unitree/idl/hg/MainBoardState_.hpp,unitree_sdk2/include/unitree/idl/hg/MainBoardState_.hpp,unchanged,same,5ec95395a96da501d627aeca6db9d695cf0e50c6da6de670ff5371c4d2dbc9df,5ec95395a96da501d627aeca6db9d695cf0e50c6da6de670ff5371c4d2dbc9df
unitree_sdk2/include/unitree/idl/hg/HandCmd_.hpp,unitree_sdk2/include/unitree/idl/hg/HandCmd_.hpp,unchanged,same,7e2dbb8027bd5c1eb624cd84cb03636786bc5c74bcb39798ab9698db3122e7fc,7e2dbb8027bd5c1eb624cd84cb03636786bc5c74bcb39798ab9698db3122e7fc
unitree_sdk2/include/unitree/idl/hg/IMUState_.hpp,unitree_sdk2/include/unitree/idl/hg/IMUState_.hpp,unchanged,same,0b078db5401a35c2421190adb98c0a7e94472ee798b20aa4d1a345513dc88b1b,0b078db5401a35c2421190adb98c0a7e94472ee798b20aa4d1a345513dc88b1b
unitree_sdk2/include/unitree/idl/hg/MotorCmd_.hpp,unitree_sdk2/include/unitree/idl/hg/MotorCmd_.hpp,unchanged,same,b1690abfafffd33ea2f6816b8e42a05ce34ab52c83c9ad2dc86ac6598c4aca70,b1690abfafffd33ea2f6816b8e42a05ce34ab52c83c9ad2dc86ac6598c4aca70
unitree_sdk2/include/unitree/idl/hg/BmsCmd_.hpp,unitree_sdk2/include/unitree/idl/hg/BmsCmd_.hpp,unchanged,same,e7bd2e4783537a444f1502af57b4a320f1cabb33b323fb544122685b171df530,e7bd2e4783537a444f1502af57b4a320f1cabb33b323fb544122685b171df530
unitree_sdk2/include/unitree/idl/hg/LowState_.hpp,unitree_sdk2/include/unitree/idl/hg/LowState_.hpp,unchanged,same,e01be29667100a6f2cd829b3ea8a90f846271b20a0cde96331ceecfb4d46e042,e01be29667100a6f2cd829b3ea8a90f846271b20a0cde96331ceecfb4d46e042
unitree_sdk2/include/unitree/idl/hg_doubleimu/doubleIMUState_.hpp,unitree_sdk2/include/unitree/idl/hg_doubleimu/doubleIMUState_.hpp,unchanged,same,fd2b5ef1d07854491be37c123730c938eda656d2a8ccec0e6048d889669f58f8,fd2b5ef1d07854491be37c123730c938eda656d2a8ccec0e6048d889669f58f8
unitree_sdk2/include/unitree/idl/go2/AudioData_.hpp,unitree_sdk2/include/unitree/idl/go2/AudioData_.hpp,unchanged,same,253680f5412d509b61f9b3af547bd726f7a09996a39bf4ba53fd52bc1bfa23c4,253680f5412d509b61f9b3af547bd726f7a09996a39bf4ba53fd52bc1bfa23c4
unitree_sdk2/include/unitree/idl/go2/LidarState_.hpp,unitree_sdk2/include/unitree/idl/go2/LidarState_.hpp,unchanged,same,78cfaddedcd32e3fd1011d3e77295851987ef182a4ff5af3821bf5237c42bb01,78cfaddedcd32e3fd1011d3e77295851987ef182a4ff5af3821bf5237c42bb01
unitree_sdk2/include/unitree/idl/go2/SportModeCmd_.hpp,unitree_sdk2/include/unitree/idl/go2/SportModeCmd_.hpp,unchanged,same,dabd81966c5e2fec05d7dc142b41331474de6cedb43a5085a54bfc5d10625f5d,dabd81966c5e2fec05d7dc142b41331474de6cedb43a5085a54bfc5d10625f5d
unitree_sdk2/include/unitree/idl/go2/LowCmd_.hpp,unitree_sdk2/include/unitree/idl/go2/LowCmd_.hpp,unchanged,same,f2618b441d52fe920a58de28a5860a94910ae267cc94893f58303a0f81884d0a,f2618b441d52fe920a58de28a5860a94910ae267cc94893f58303a0f81884d0a
unitree_sdk2/include/unitree/idl/go2/UwbState_.hpp,unitree_sdk2/include/unitree/idl/go2/UwbState_.hpp,unchanged,same,d17e305102fa93f628d33052e9121688dcd0b8671cd357331f65ef4796a26add,d17e305102fa93f628d33052e9121688dcd0b8671cd357331f65ef4796a26add
unitree_sdk2/include/unitree/idl/go2/MotorCmds_.hpp,unitree_sdk2/include/unitree/idl/go2/MotorCmds_.hpp,unchanged,same,853879012a3b02d6be050f401fb3cf6a1d193e10a09c89d887b81c7514ab9156,853879012a3b02d6be050f401fb3cf6a1d193e10a09c89d887b81c7514ab9156
unitree_sdk2/include/unitree/idl/go2/MotorState_.hpp,unitree_sdk2/include/unitree/idl/go2/MotorState_.hpp,unchanged,same,de888d724b93c6adc1e6a7b2785a3a9c2322f30549c4d6c7ea2e14edcd964b93,de888d724b93c6adc1e6a7b2785a3a9c2322f30549c4d6c7ea2e14edcd964b93
unitree_sdk2/include/unitree/idl/go2/Req_.hpp,unitree_sdk2/include/unitree/idl/go2/Req_.hpp,unchanged,same,b7abf4b5ba8f683a639ce9a1e370d7c73c7b42e76ff1ea75b730104ce02ddc2b,b7abf4b5ba8f683a639ce9a1e370d7c73c7b42e76ff1ea75b730104ce02ddc2b
unitree_sdk2/include/unitree/idl/go2/BmsState_.hpp,unitree_sdk2/include/unitree/idl/go2/BmsState_.hpp,unchanged,same,6e059f40d1cc757607ea04fa755554962f3a0634bd971d6c7303dcf897234df0,6e059f40d1cc757607ea04fa755554962f3a0634bd971d6c7303dcf897234df0
unitree_sdk2/include/unitree/idl/go2/MotorStates_.hpp,unitree_sdk2/include/unitree/idl/go2/MotorStates_.hpp,unchanged,same,b45a8a944c93708a1b874f2aef1ecb636d2e9ca0c6710891e128fdbb952d6572,b45a8a944c93708a1b874f2aef1ecb636d2e9ca0c6710891e128fdbb952d6572
unitree_sdk2/include/unitree/idl/go2/UwbSwitch_.hpp,unitree_sdk2/include/unitree/idl/go2/UwbSwitch_.hpp,unchanged,same,a4c2f945bc2742e6c375cf1aca5d1f96fda94acc5c0a5e1197cd0c23ebaadf5f,a4c2f945bc2742e6c375cf1aca5d1f96fda94acc5c0a5e1197cd0c23ebaadf5f
unitree_sdk2/include/unitree/idl/go2/TimeSpec_.hpp,unitree_sdk2/include/unitree/idl/go2/TimeSpec_.hpp,unchanged,same,e410ad9e923f99f136d2e3e1f87aee99dcd228bf70543d9f5dc776b1b2e4f222,e410ad9e923f99f136d2e3e1f87aee99dcd228bf70543d9f5dc776b1b2e4f222
unitree_sdk2/include/unitree/idl/go2/InterfaceConfig_.hpp,unitree_sdk2/include/unitree/idl/go2/InterfaceConfig_.hpp,unchanged,same,e58f6664d843219c7e002f63753094d1eb18f5913aaf79c613a8ea3dd93bb480,e58f6664d843219c7e002f63753094d1eb18f5913aaf79c613a8ea3dd93bb480
unitree_sdk2/include/unitree/idl/go2/IMUState_.hpp,unitree_sdk2/include/unitree/idl/go2/IMUState_.hpp,unchanged,same,44993761da912fc48fc5155be0f9a628fae3dd89cc0e5f1eb5fc6a813ff7d88c,44993761da912fc48fc5155be0f9a628fae3dd89cc0e5f1eb5fc6a813ff7d88c
unitree_sdk2/include/unitree/idl/go2/PathPoint_.hpp,unitree_sdk2/include/unitree/idl/go2/PathPoint_.hpp,unchanged,same,f50407ba0f2cc852a3c89ff6ffe10dc1f9bda5c853c1ef516c7cd3310550032d,f50407ba0f2cc852a3c89ff6ffe10dc1f9bda5c853c1ef516c7cd3310550032d
unitree_sdk2/include/unitree/idl/go2/MotorCmd_.hpp,unitree_sdk2/include/unitree/idl/go2/MotorCmd_.hpp,unchanged,same,fd63c8440dcb87df8b21fe483cc64a1fb041cb4a478e7bd0da6abe93de635751,fd63c8440dcb87df8b21fe483cc64a1fb041cb4a478e7bd0da6abe93de635751
unitree_sdk2/include/unitree/idl/go2/Res_.hpp,unitree_sdk2/include/unitree/idl/go2/Res_.hpp,unchanged,same,e63fa5170895a748d1866bfc09150aef105c7b146bcff0580813c8d52d8de397,e63fa5170895a748d1866bfc09150aef105c7b146bcff0580813c8d52d8de397
unitree_sdk2/include/unitree/idl/go2/BmsCmd_.hpp,unitree_sdk2/include/unitree/idl/go2/BmsCmd_.hpp,unchanged,same,8dc0f86b303100781bcc43c4ab4e0ceae815144dcf0011a51ae620825248b329,8dc0f86b303100781bcc43c4ab4e0ceae815144dcf0011a51ae620825248b329
unitree_sdk2/include/unitree/idl/go2/Go2FrontVideoData_.hpp,unitree_sdk2/include/unitree/idl/go2/Go2FrontVideoData_.hpp,unchanged,same,1a51d518031d53ed5f9ff95dd13dd26a77017479d2442dabc1706da0e77577d2,1a51d518031d53ed5f9ff95dd13dd26a77017479d2442dabc1706da0e77577d2
unitree_sdk2/include/unitree/idl/go2/SportModeState_.hpp,unitree_sdk2/include/unitree/idl/go2/SportModeState_.hpp,unchanged,same,441d00dc7309757c20522ba5061ff56c0d7e98a06324aee661b3d403c9bc9acc,441d00dc7309757c20522ba5061ff56c0d7e98a06324aee661b3d403c9bc9acc
unitree_sdk2/include/unitree/idl/go2/ConfigChangeStatus_.hpp,unitree_sdk2/include/unitree/idl/go2/ConfigChangeStatus_.hpp,unchanged,same,ed52a6261d6725e6b755d88bac718268638c001b2ff900ee932293e9f6637f04,ed52a6261d6725e6b755d88bac718268638c001b2ff900ee932293e9f6637f04
unitree_sdk2/include/unitree/idl/go2/Error_.hpp,unitree_sdk2/include/unitree/idl/go2/Error_.hpp,unchanged,same,b81ed248520535fc9793a60877d7782b14006e5ccd32294573f05a6e73ee53a7,b81ed248520535fc9793a60877d7782b14006e5ccd32294573f05a6e73ee53a7
unitree_sdk2/include/unitree/idl/go2/HeightMap_.hpp,unitree_sdk2/include/unitree/idl/go2/HeightMap_.hpp,unchanged,same,10689960ae1bb372e972626aa4690d63f65a3c38ad66f78a6fe7af4825ebe815,10689960ae1bb372e972626aa4690d63f65a3c38ad66f78a6fe7af4825ebe815
unitree_sdk2/include/unitree/idl/go2/LowState_.hpp,unitree_sdk2/include/unitree/idl/go2/LowState_.hpp,unchanged,same,4e0e22c2dad8571d0016e83c60c9959310de124df49e75a5014ec69b6182ceb2,4e0e22c2dad8571d0016e83c60c9959310de124df49e75a5014ec69b6182ceb2
unitree_sdk2/include/unitree/idl/go2/WirelessController_.hpp,unitree_sdk2/include/unitree/idl/go2/WirelessController_.hpp,unchanged,same,c07dd92786d5017ed5a401a3ff62c819a0aaa3e66efd9dd9dba3659fed7a07f9,c07dd92786d5017ed5a401a3ff62c819a0aaa3e66efd9dd9dba3659fed7a07f9
unitree_sdk2/include/unitree/idl/ros2/Twist_.hpp,unitree_sdk2/include/unitree/idl/ros2/Twist_.hpp,unchanged,same,8beb2100ddcdaae1433408d78a7e330e712ddb9581f173b478e578e4239975d6,8beb2100ddcdaae1433408d78a7e330e712ddb9581f173b478e578e4239975d6
unitree_sdk2/include/unitree/idl/ros2/MapMetaData_.hpp,unitree_sdk2/include/unitree/idl/ros2/MapMetaData_.hpp,unchanged,same,3e756c21e679398e88a54eb7fe5c9998f5ba2490455af1e1f471ba5e46c871bc,3e756c21e679398e88a54eb7fe5c9998f5ba2490455af1e1f471ba5e46c871bc
unitree_sdk2/include/unitree/idl/ros2/TwistWithCovariance_.hpp,unitree_sdk2/include/unitree/idl/ros2/TwistWithCovariance_.hpp,unchanged,same,9c76577c72e932b9b174f3175b59e599eb2c017dd8e50258ad75828ff1c6508c,9c76577c72e932b9b174f3175b59e599eb2c017dd8e50258ad75828ff1c6508c
unitree_sdk2/include/unitree/idl/ros2/PoseWithCovarianceStamped_.hpp,unitree_sdk2/include/unitree/idl/ros2/PoseWithCovarianceStamped_.hpp,unchanged,same,ec86f171a7142978a1ac4c4a540ac90ca7657d2c61173c80966f1ce2c27d1136,ec86f171a7142978a1ac4c4a540ac90ca7657d2c61173c80966f1ce2c27d1136
unitree_sdk2/include/unitree/idl/ros2/String_.hpp,unitree_sdk2/include/unitree/idl/ros2/String_.hpp,unchanged,same,7c060f0a3036e620821700db6203d0a9acf77c53036b179d3e9e16ad1929b9d6,7c060f0a3036e620821700db6203d0a9acf77c53036b179d3e9e16ad1929b9d6
unitree_sdk2/include/unitree/idl/ros2/QuaternionStamped_.hpp,unitree_sdk2/include/unitree/idl/ros2/QuaternionStamped_.hpp,unchanged,same,dc513dc0469c3274a1687a4ee2c6a123c29974c496ae629473633f0fbceb95bc,dc513dc0469c3274a1687a4ee2c6a123c29974c496ae629473633f0fbceb95bc
unitree_sdk2/include/unitree/idl/ros2/Imu_.hpp,unitree_sdk2/include/unitree/idl/ros2/Imu_.hpp,unchanged,same,c622c7c4248920f919e7afdd6d87f353c2daa129c33a7fdc42933f65c1672cf8,c622c7c4248920f919e7afdd6d87f353c2daa129c33a7fdc42933f65c1672cf8
unitree_sdk2/include/unitree/idl/ros2/PointField_.hpp,unitree_sdk2/include/unitree/idl/ros2/PointField_.hpp,unchanged,same,ad56fe42c8e01130a9667a0a4bbbc97ea2b502683e86525be0a2a1b42c423434,ad56fe42c8e01130a9667a0a4bbbc97ea2b502683e86525be0a2a1b42c423434
unitree_sdk2/include/unitree/idl/ros2/OccupancyGrid_.hpp,unitree_sdk2/include/unitree/idl/ros2/OccupancyGrid_.hpp,unchanged,same,81d66e249bfd64913292a1785544a777972bf72784e63f9d5b25954797833e5c,81d66e249bfd64913292a1785544a777972bf72784e63f9d5b25954797833e5c
unitree_sdk2/include/unitree/idl/ros2/PoseWithCovariance_.hpp,unitree_sdk2/include/unitree/idl/ros2/PoseWithCovariance_.hpp,unchanged,same,e7d4c1e8b265a203a318ae235d8f45bcd15587d3565cf9fcaeb99eac17a20890,e7d4c1e8b265a203a318ae235d8f45bcd15587d3565cf9fcaeb99eac17a20890
unitree_sdk2/include/unitree/idl/ros2/Header_.hpp,unitree_sdk2/include/unitree/idl/ros2/Header_.hpp,unchanged,same,8ab4f82d048f91c05cd801cd7c187b89dd671f5f109bdcf96bc4dc9ed5b9fd2b,8ab4f82d048f91c05cd801cd7c187b89dd671f5f109bdcf96bc4dc9ed5b9fd2b
unitree_sdk2/include/unitree/idl/ros2/Point32_.hpp,unitree_sdk2/include/unitree/idl/ros2/Point32_.hpp,unchanged,same,da1d23778d48320c31a803add42708a73f0c94678848320565bb765255b936df,da1d23778d48320c31a803add42708a73f0c94678848320565bb765255b936df
unitree_sdk2/include/unitree/idl/ros2/Time_.hpp,unitree_sdk2/include/unitree/idl/ros2/Time_.hpp,unchanged,same,c0fd3b59340f0501292ab1e80a9dbb6b2a59b806d2b93dfee4827b947ff31488,c0fd3b59340f0501292ab1e80a9dbb6b2a59b806d2b93dfee4827b947ff31488
unitree_sdk2/include/unitree/idl/ros2/Odometry_.hpp,unitree_sdk2/include/unitree/idl/ros2/Odometry_.hpp,unchanged,same,83b3f0dfd4ae724a3d2967541a7389b2183a4ddfcadf0133336cbfa2292d2288,83b3f0dfd4ae724a3d2967541a7389b2183a4ddfcadf0133336cbfa2292d2288
unitree_sdk2/include/unitree/idl/ros2/TwistWithCovarianceStamped_.hpp,unitree_sdk2/include/unitree/idl/ros2/TwistWithCovarianceStamped_.hpp,unchanged,same,6d5cfac747808ceb87ee4020f6dfdbd0c0a0df3fb7d7bc5bf8833d1a11946102,6d5cfac747808ceb87ee4020f6dfdbd0c0a0df3fb7d7bc5bf8833d1a11946102
unitree_sdk2/include/unitree/idl/ros2/Quaternion_.hpp,unitree_sdk2/include/unitree/idl/ros2/Quaternion_.hpp,unchanged,same,091a887fca84fd47dae91982f13e055a186503df0bf9151d1df93d5010828720,091a887fca84fd47dae91982f13e055a186503df0bf9151d1df93d5010828720
unitree_sdk2/include/unitree/idl/ros2/PointStamped_.hpp,unitree_sdk2/include/unitree/idl/ros2/PointStamped_.hpp,unchanged,same,15f7eabb30b2c8e0c31553412e825547a68ea4f2c906e9e571765cd34ebee399,15f7eabb30b2c8e0c31553412e825547a68ea4f2c906e9e571765cd34ebee399
unitree_sdk2/include/unitree/idl/ros2/TwistStamped_.hpp,unitree_sdk2/include/unitree/idl/ros2/TwistStamped_.hpp,unchanged,same,7d13f573354c9b60ea2d3ce2e8953ca65b6492f4603301a695fe61562da05ac4,7d13f573354c9b60ea2d3ce2e8953ca65b6492f4603301a695fe61562da05ac4
unitree_sdk2/include/unitree/idl/ros2/PoseStamped_.hpp,unitree_sdk2/include/unitree/idl/ros2/PoseStamped_.hpp,unchanged,same,21e6607360254508173735ecb48c1fe3e7e9615c24660fd45e1f1f1d7a5c4b7f,21e6607360254508173735ecb48c1fe3e7e9615c24660fd45e1f1f1d7a5c4b7f
unitree_sdk2/include/unitree/idl/ros2/Pose_.hpp,unitree_sdk2/include/unitree/idl/ros2/Pose_.hpp,unchanged,same,e4adf3a0676451701e9c55c2011512dc55624741b985d89f967381ab8abb371a,e4adf3a0676451701e9c55c2011512dc55624741b985d89f967381ab8abb371a
unitree_sdk2/include/unitree/idl/ros2/Vector3_.hpp,unitree_sdk2/include/unitree/idl/ros2/Vector3_.hpp,unchanged,same,b97df6eeacb54e7106f29917d71ef24c46b0bced713c3cff90689c4747045135,b97df6eeacb54e7106f29917d71ef24c46b0bced713c3cff90689c4747045135
unitree_sdk2/include/unitree/idl/ros2/PointCloud2_.hpp,unitree_sdk2/include/unitree/idl/ros2/PointCloud2_.hpp,unchanged,same,f430d79a5734eb09ca59c3b00b9184dbf25453222e40b75e043411797fcdbc58,f430d79a5734eb09ca59c3b00b9184dbf25453222e40b75e043411797fcdbc58
unitree_sdk2/include/unitree/idl/ros2/Pose2D_.hpp,unitree_sdk2/include/unitree/idl/ros2/Pose2D_.hpp,unchanged,same,5f86ac6477a26177ef400c6842893eb50bafd51c032fefcfaf1dd456496f64ff,5f86ac6477a26177ef400c6842893eb50bafd51c032fefcfaf1dd456496f64ff
unitree_sdk2/include/unitree/idl/ros2/Point_.hpp,unitree_sdk2/include/unitree/idl/ros2/Point_.hpp,unchanged,same,984abd003848974b7aff932d51bb986d97b30ff76bc0df07c8305e95e90edb83,984abd003848974b7aff932d51bb986d97b30ff76bc0df07c8305e95e90edb83
unitree_sdk2/assets/unitree_g1_29dof.hpp,unitree_sdk2/assets/unitree_g1_29dof.hpp,unchanged,same,0059b0f23db82164745dd7bc2615da3d54345b8faec2ca781eedc98a4e2e3c39,0059b0f23db82164745dd7bc2615da3d54345b8faec2ca781eedc98a4e2e3c39
unitree_sdk2/assets/remote_controller.hpp,unitree_sdk2/assets/remote_controller.hpp,unchanged,same,4952b6eba04ead3badfe00ad00f59d69c9c61bb96394ec0555619f61b0ad9ecd,4952b6eba04ead3badfe00ad00f59d69c9c61bb96394ec0555619f61b0ad9ecd
unitree_sdk2/licenses/eclipse-iceoryx/iceoryx/LICENSE,unitree_sdk2/licenses/eclipse-iceoryx/iceoryx/LICENSE,unchanged,same,4f262a8674966ff77179d59cc7cc4f154804a3975e17f6e662b59d75c97df211,4f262a8674966ff77179d59cc7cc4f154804a3975e17f6e662b59d75c97df211
unitree_sdk2/licenses/Tencent/rapidjson/LICENSE,unitree_sdk2/licenses/Tencent/rapidjson/LICENSE,unchanged,same,a140e5d46fe734a1c78f1a3c3ef207871dd75648be71fdda8e309b23ab8b1f32,a140e5d46fe734a1c78f1a3c3ef207871dd75648be71fdda8e309b23ab8b1f32
unitree_sdk2/licenses/eclipse-cyclonedds/cyclonedds-cxx/LICENSE,unitree_sdk2/licenses/eclipse-cyclonedds/cyclonedds-cxx/LICENSE,unchanged,same,d4486603568510bb9a1e6c5ee239a46ec513de55593e86176ccd81a5fdd3cfa3,d4486603568510bb9a1e6c5ee239a46ec513de55593e86176ccd81a5fdd3cfa3
unitree_sdk2/licenses/eclipse-cyclonedds/cyclonedds/LICENSE,unitree_sdk2/licenses/eclipse-cyclonedds/cyclonedds/LICENSE,unchanged,same,d4486603568510bb9a1e6c5ee239a46ec513de55593e86176ccd81a5fdd3cfa3,d4486603568510bb9a1e6c5ee239a46ec513de55593e86176ccd81a5fdd3cfa3
unitree_sdk2/lcm_types/arm_lcmt.lcm,unitree_sdk2/lcm_types/arm_lcmt.lcm,unchanged,same,fc6ef8cab75e6618a8b04e7c1e5bd30ba58f7c5643449a141da60af854ca0874,fc6ef8cab75e6618a8b04e7c1e5bd30ba58f7c5643449a141da60af854ca0874
unitree_sdk2/lcm_types/__init__.py,unitree_sdk2/lcm_types/__init__.py,unchanged,changed,5c4c05bedc887c841cfe7d4af8d6c19474e4918f03550045a2cf76bc5151941c,5c4c05bedc887c841cfe7d4af8d6c19474e4918f03550045a2cf76bc5151941c
unitree_sdk2/lcm_types/camera_reference_data_lcmt.hpp,unitree_sdk2/lcm_types/camera_reference_data_lcmt.hpp,unchanged,same,f6d5832f7675ee3ee04f380ffa8d72a4a36977c6b580b3c08ce4698ba2527a12,f6d5832f7675ee3ee04f380ffa8d72a4a36977c6b580b3c08ce4698ba2527a12
unitree_sdk2/lcm_types/pd_tau_targets_lcmt.py,unitree_sdk2/lcm_types/pd_tau_targets_lcmt.py,unchanged,same,6ba38f70621e3f783c531d649b45040cf43f7da4a44de6cbf25259fe291cbe39,6ba38f70621e3f783c531d649b45040cf43f7da4a44de6cbf25259fe291cbe39
unitree_sdk2/lcm_types/body_control_data_lcmt.hpp,unitree_sdk2/lcm_types/body_control_data_lcmt.hpp,unchanged,same,3d1c5388d3a73a5eb9e73993625202d1bafd94c7ba071833a3e1e68b1dee95ca,3d1c5388d3a73a5eb9e73993625202d1bafd94c7ba071833a3e1e68b1dee95ca
unitree_sdk2/lcm_types/state_estimator_lcmt.py,unitree_sdk2/lcm_types/state_estimator_lcmt.py,unchanged,same,2d21b34bd81e7bcabd4a170ec0d753dbfa2973e2d486889fdd4624f2571f30e2,2d21b34bd81e7bcabd4a170ec0d753dbfa2973e2d486889fdd4624f2571f30e2
unitree_sdk2/lcm_types/body_control_data_lcmt.py,unitree_sdk2/lcm_types/body_control_data_lcmt.py,unchanged,same,8f16ca1cadf9973ec55988117b8bf84c35cf82e2645284d95f5a57aabefc1967,8f16ca1cadf9973ec55988117b8bf84c35cf82e2645284d95f5a57aabefc1967
unitree_sdk2/lcm_types/body_control_data_lcmt.lcm,unitree_sdk2/lcm_types/body_control_data_lcmt.lcm,unchanged,same,d4e30a5bbd76cb5cf74c00e4d8ebc8bbe58b2b94307f13e2a10ef99e2fcffeab,d4e30a5bbd76cb5cf74c00e4d8ebc8bbe58b2b94307f13e2a10ef99e2fcffeab
unitree_sdk2/lcm_types/state_estimator_lcmt.hpp,unitree_sdk2/lcm_types/state_estimator_lcmt.hpp,unchanged,same,f19247d919e11a62e02bf835204064ca6b7d6115ff160616c6742358def3be45,f19247d919e11a62e02bf835204064ca6b7d6115ff160616c6742358def3be45
unitree_sdk2/lcm_types/dex_command_lcmt.py,unitree_sdk2/lcm_types/dex_command_lcmt.py,unchanged,same,ab49aa1cd59b50fd31eeb3337e2207fed9188385349f016fe2374eda96fbcd6d,ab49aa1cd59b50fd31eeb3337e2207fed9188385349f016fe2374eda96fbcd6d
unitree_sdk2/lcm_types/camera_reference_data_lcmt.lcm,unitree_sdk2/lcm_types/camera_reference_data_lcmt.lcm,unchanged,same,77c3e750fa58307faf10788d4e496e86f95840a989f7c04817e9eaf4ae9b5754,77c3e750fa58307faf10788d4e496e86f95840a989f7c04817e9eaf4ae9b5754
unitree_sdk2/lcm_types/rc_command_lcmt.py,unitree_sdk2/lcm_types/rc_command_lcmt.py,unchanged,same,7b7c419fc2719a73e167b156373dab6563b09be8d77817433c186df3fc94338b,7b7c419fc2719a73e167b156373dab6563b09be8d77817433c186df3fc94338b
unitree_sdk2/lcm_types/rc_command_lcmt.hpp,unitree_sdk2/lcm_types/rc_command_lcmt.hpp,unchanged,same,9046e3f875d8aa2911dc3a4be7ed97cf7eacab643219fcaa6e5f416e2e79e2e5,9046e3f875d8aa2911dc3a4be7ed97cf7eacab643219fcaa6e5f416e2e79e2e5
unitree_sdk2/lcm_types/dex_command_lcmt.lcm,unitree_sdk2/lcm_types/dex_command_lcmt.lcm,unchanged,same,6c8e54e03ef9f61920a6de5096097701f080d4aadd4adfb969eed60629b0722d,6c8e54e03ef9f61920a6de5096097701f080d4aadd4adfb969eed60629b0722d
unitree_sdk2/lcm_types/pd_tau_targets_lcmt.lcm,unitree_sdk2/lcm_types/pd_tau_targets_lcmt.lcm,unchanged,same,706353159f3e2d7a09884711c261e6efafd0946502dff734c1b473d5230cc0a3,706353159f3e2d7a09884711c261e6efafd0946502dff734c1b473d5230cc0a3
unitree_sdk2/lcm_types/dex_command_lcmt.hpp,unitree_sdk2/lcm_types/dex_command_lcmt.hpp,unchanged,same,90f57c9a1da0189ec85ccaa55635a00a5e7251334e6e970cc99c32f35a74e2cb,90f57c9a1da0189ec85ccaa55635a00a5e7251334e6e970cc99c32f35a74e2cb
unitree_sdk2/lcm_types/transformation_t.hpp,unitree_sdk2/lcm_types/transformation_t.hpp,unchanged,changed,be8871b2b9c1078b4377be2213130929d9a46324bb117c55861840aa81e54a9d,be8871b2b9c1078b4377be2213130929d9a46324bb117c55861840aa81e54a9d
unitree_sdk2/lcm_types/rc_command_lcmt.lcm,unitree_sdk2/lcm_types/rc_command_lcmt.lcm,unchanged,same,f3263cece8e9868a4d4284dfc7ada385a9260405c05773df994eb36cfa428de9,f3263cece8e9868a4d4284dfc7ada385a9260405c05773df994eb36cfa428de9
unitree_sdk2/lcm_types/pd_tau_targets_lcmt.hpp,unitree_sdk2/lcm_types/pd_tau_targets_lcmt.hpp,unchanged,same,ed7b5cb6da452246d5ed35f0bf46a033ef21b51544c0e3580882a8243812ed52,ed7b5cb6da452246d5ed35f0bf46a033ef21b51544c0e3580882a8243812ed52
unitree_sdk2/lcm_types/transformation_t.lcm,unitree_sdk2/lcm_types/transformation_t.lcm,unchanged,changed,be81d97575ece4544163b86ee50f408f5a689a7fdb6226bf86697b4ca25948c0,be81d97575ece4544163b86ee50f408f5a689a7fdb6226bf86697b4ca25948c0
unitree_sdk2/lcm_types/camera_reference_data_lcmt.py,unitree_sdk2/lcm_types/camera_reference_data_lcmt.py,unchanged,same,488a64b80db02670a75df0e968d895ab9da8e2c3a4b39315e9dbdbf2e261fc10,488a64b80db02670a75df0e968d895ab9da8e2c3a4b39315e9dbdbf2e261fc10
unitree_sdk2/lcm_types/state_estimator_lcmt.lcm,unitree_sdk2/lcm_types/state_estimator_lcmt.lcm,unchanged,same,2cbc160a43098503b77830797dd15d0bb17b7c6011c89a5505ce1e0d3258e706,2cbc160a43098503b77830797dd15d0bb17b7c6011c89a5505ce1e0d3258e706
unitree_sdk2/lcm_types/transformation_t.py,unitree_sdk2/lcm_types/transformation_t.py,unchanged,changed,0f9782ae634e220ae1140bf44e93f2f075ca4375a170c5b2410ff11824ba2b53,0f9782ae634e220ae1140bf44e93f2f075ca4375a170c5b2410ff11824ba2b53
.claude/settings.local.json,.claude/settings.local.json,unchanged,added,00df25f4ad8a83047728bd9d10bcda8f9a51794ed6ca9070ab6e3a48fdbd672d,00df25f4ad8a83047728bd9d10bcda8f9a51794ed6ca9070ab6e3a48fdbd672d
deploy/save_video.sh,deploy/save_video.sh,unchanged,same,7fd743e18b9d72cd7bb4472cd10444bfb36f40f29416cae56878110476465c9b,7fd743e18b9d72cd7bb4472cd10444bfb36f40f29416cae56878110476465c9b
deploy/robotbridge2_model7900_20260725.log,deploy/robotbridge2_model7900_20260725.log,unchanged,added,3fb86d163fc9fc97eb677ad3b452e9969663a72939e4154c982d57e2080aca0e,3fb86d163fc9fc97eb677ad3b452e9969663a72939e4154c982d57e2080aca0e
deploy/MUJOCO_LOG.TXT,deploy/MUJOCO_LOG.TXT,unchanged,changed,1b00f07c2b740528615a2165d9aad701608652c0340c781ce6b1ea8edd631ca9,1b00f07c2b740528615a2165d9aad701608652c0340c781ce6b1ea8edd631ca9
deploy/robotbridge2_model8000_20260725.log,deploy/robotbridge2_model8000_20260725.log,unchanged,added,643a5eb6801caee7fd804711490dc21f86cdf82a879b6b36cdcbcce905a98c2e,643a5eb6801caee7fd804711490dc21f86cdf82a879b6b36cdcbcce905a98c2e
deploy/monitor_lcm.py,deploy/monitor_lcm.py,unchanged,same,0a89b1b147153b435837ee49323908820db258725ddfa441dca3fac5c102096e,0a89b1b147153b435837ee49323908820db258725ddfa441dca3fac5c102096e
deploy/run.py,deploy/run.py,unchanged,same,84e35a71a82a6b396df67fbbe9b3c78284d7ba19a65c4854032e0ed243567c46,84e35a71a82a6b396df67fbbe9b3c78284d7ba19a65c4854032e0ed243567c46
deploy/diagnostics/__init__.py,deploy/diagnostics/__init__.py,unchanged,added,c2b1e873e74f4cd97013832e4afb8298065292050605cabb12e1d7e1cbab58d8,c2b1e873e74f4cd97013832e4afb8298065292050605cabb12e1d7e1cbab58d8
deploy/diagnostics/hitter_task_recording.py,deploy/diagnostics/hitter_task_recording.py,modified,added,ac01a7945bcb2d4cfc402ad3d4afb4516cad41c24880666a6161a0a387c101bc,cf7b3d798aeff8859ae7cc30ef6c9563841b1bb603143445057373734363c59f
deploy/diagnostics/hitter_task_monitor.py,deploy/diagnostics/hitter_task_monitor.py,modified,added,c1b77c3cbfa2140c9ce8bcd626495e393b3268ac1f901f1eabbef9684dff9df6,590fc7e7b69cd11ac08c0813b53a33959f35eef421833056a716fe4f9fcd1ea1
deploy/diagnostics/hitter_task_events.py,deploy/diagnostics/hitter_task_events.py,modified,added,312c44c6ec7d98af9bff03a27f799129e21935a4dfb131e98f3ac623fb89a7ff,e526ea1e74c1b7e1b7db7065d60abd7b886aed8cf7765989a6d30af46bb7505d
deploy/diagnostics/hitter_task_attempts.py,deploy/diagnostics/hitter_task_attempts.py,modified,added,e996574797217ebb43aa07174b3e22700e9d6bf47b76c3b46af95cc6e68cabf2,7b9bd1ed326a52cb63a97eb297675d60de47e511e28663997e3c5e199411d396
deploy/diagnostics/hitter_task_pipeline.py,deploy/diagnostics/hitter_task_pipeline.py,modified,added,2933ac43fc33ac0f6d9294e775d8a43c5273c7674a2d45fb21e5f148c58416e3,1637a13b5d45670c9fd38cd805e453490e2473a82ec80f41bf2e0adcfa825080
deploy/diagnostics/hitter_task_models.py,deploy/diagnostics/hitter_task_models.py,modified,added,9de389389c61c63d100baadbb2384ad19018eb8c817608e449b7262a325f2ae8,fdbe9709d1be188b4df05d5a8f2bc63b1d025cfbce303d348f8c9d6a9344e6b2
deploy/diagnostics/hitter_task_replay.py,deploy/diagnostics/hitter_task_replay.py,modified,added,6f62811c597f8d32556c1130abe938e2d7de0b281c430e3ed04cdaad0472772e,fd62f95987f25bba59afdffb0bbf3a31c29a738c4f662d8d08169793e41683de
deploy/diagnostics/hitter_task_web.py,deploy/diagnostics/hitter_task_web.py,modified,added,41855de3ccce757f4116b0d6f49304681f79d70287d2a7f156954bc85435316c,154bfb10b3a5999cefffb87b42cd40f0656ce2904962d290e525a9364cfad9b1
deploy/diagnostics/static/hitter_task_monitor.html,deploy/diagnostics/static/hitter_task_monitor.html,unchanged,added,13735807ec9d469f1b08aeece219470acf79b5f49f7ebb07f2c20223c16943ee,13735807ec9d469f1b08aeece219470acf79b5f49f7ebb07f2c20223c16943ee
deploy/mocap_bridge/vicon_table_lcm_bridge.cpp,deploy/mocap_bridge/vicon_table_lcm_bridge.cpp,modified,added,7881585137426403ef3ff77445ce7817342e93d1b521b3fded3af87837cb313a,504a01fc418aa44b1b40440977d5ed6200f19a32187089d00502024d6ece678f
deploy/mocap_bridge/vicon_table_lcm_bridge.py,deploy/mocap_bridge/vicon_table_lcm_bridge.py,modified,added,602692161e20dce14cdad460a17dfa1003257ee27fb17444bf89d140079067f9,c1d37a9c183c3f88bc96d05ab485999b3483e1f03bbb51bfc8358cb392b1741c
deploy/mocap_bridge/chingmu_sdk_client.py,deploy/mocap_bridge/chingmu_sdk_client.py,modified,added,b36a53c6110bc5bccac3223f4446298ce94b2cdcbb931f8e969c6c3929736c16,04335ead6689562670158e09296bdab4b05a7520467573bbfd866f9b185d7bdd
deploy/mocap_bridge/vicon_frame_stream.cpp,deploy/mocap_bridge/vicon_frame_stream.cpp,modified,added,b85a5ae830576690c697b54c149e2b69a4c839db8d658b50dd6b87c2415724ef,17d7a87d20ebc1027abfa46556d1f33cfeae7e1f191397ef1f74a7a8b3fde0bc
deploy/mocap_bridge/nexus_probe_cpp.cpp,deploy/mocap_bridge/nexus_probe_cpp.cpp,modified,added,8d48c6dfe8b9f00243c67c2d331535ed1888fc3bb9e1d3aedaecb7230f9481ef,20bc5d4300985ac531baca3ca791b1f3943f32266bd4f4798f06fadc71750a5e
deploy/mocap_bridge/build_v2_mocap.sh,deploy/mocap_bridge/build_v2_mocap.sh,unchanged,added,b1e5e28a301f9b3e768888795f6013414e28564582836ebe69194aee6880d7b9,b1e5e28a301f9b3e768888795f6013414e28564582836ebe69194aee6880d7b9
deploy/mocap_bridge/run_robotbridge4_vicon_real.sh,deploy/mocap_bridge/run_robotbridge4_vicon_real.sh,unchanged,added,bc5ad4017beb743f9b84d52cfc2a06b944d843de43612076932e8001add2e796,bc5ad4017beb743f9b84d52cfc2a06b944d843de43612076932e8001add2e796
deploy/mocap_bridge/ROBOTBRIDGE4_REAL_DEPLOYMENT.md,deploy/mocap_bridge/ROBOTBRIDGE4_REAL_DEPLOYMENT.md,modified,added,c3e99a57f080c07eb559823dbca420fdbdbd7e0d61831a1e076bfcedf5fe2f1b,019b6a585deda6dfbcd5ae9e9b107dacc96a889a3cc0cc29451c599050b2e17f
deploy/mocap_bridge/vicon_sdk_client.py,deploy/mocap_bridge/vicon_sdk_client.py,modified,added,8ce4c08a8cdad283d4e8c47bd9b927ccc3e65ec186e32f5a8640fd01e1d30c3b,9f555f054e23fe17a50146fb58f93dd0c8104400a63028fb2748340705f032e5
deploy/mocap_bridge/vicon_datastream_dump.cpp,deploy/mocap_bridge/vicon_datastream_dump.cpp,modified,added,f0179f265fb7d2c9bf7b11c62749b7eec8ba27c3d1d6f9c005850c48a0f0b29f,d345af4ed003ffccbfea1bbb5923bb5283ae61af546fe467a7cf9d5a0539b7fa
deploy/mocap_bridge/build_vicon_frame_stream.sh,deploy/mocap_bridge/build_vicon_frame_stream.sh,unchanged,added,3b3eac5f062685c790a3400a7a91b0be84bc88892096e3b7bad217ce4e0c0418,3b3eac5f062685c790a3400a7a91b0be84bc88892096e3b7bad217ce4e0c0418
deploy/mocap_bridge/chingmu_table_lcm_bridge.py,deploy/mocap_bridge/chingmu_table_lcm_bridge.py,modified,added,adc77ba251058372e6ef0645d8c6f5a214411684f516d3aae4a024c4945e9e5b,2db3279b2f4f84d0493a84661bff3cfdceb7e467e947c7618a9d1c52d56993d3
deploy/mocap_bridge/build_cpp_probe.sh,deploy/mocap_bridge/build_cpp_probe.sh,unchanged,added,c44a8f689adcde2340f80fa2c3fd3e0e2cb938a01d4255c2567a315f8ac87b74,c44a8f689adcde2340f80fa2c3fd3e0e2cb938a01d4255c2567a315f8ac87b74
deploy/mocap_bridge/monitor_vicon_lcm.py,deploy/mocap_bridge/monitor_vicon_lcm.py,modified,added,0e06c90fc96163c59b7443ae2a1875271e100a045fb73d00e0135aa29ca6935d,06bcab7746c873dea37591f021997278013711d20f7d6363d2aa556de707d142
deploy/mocap_bridge/bin/nexus_probe_cpp,deploy/mocap_bridge/bin/nexus_probe_cpp,unchanged,added,d9d8dc41f7067ee9e8bc17db73f6df64286927c51a12c48db4e140183dc50045,d9d8dc41f7067ee9e8bc17db73f6df64286927c51a12c48db4e140183dc50045
deploy/mocap_bridge/bin/test_vicon_table_lcm_bridge,deploy/mocap_bridge/bin/test_vicon_table_lcm_bridge,unchanged,added,b55ef2d25431c397f2d11b780fd247595970b3a395a9eecbe3ac9f5e3d0d99dc,b55ef2d25431c397f2d11b780fd247595970b3a395a9eecbe3ac9f5e3d0d99dc
deploy/mocap_bridge/bin/vicon_datastream_dump,deploy/mocap_bridge/bin/vicon_datastream_dump,unchanged,added,d423d9740ecb91413130d8657037c0f4d41486f01f4019b378d6c3807243a0d1,d423d9740ecb91413130d8657037c0f4d41486f01f4019b378d6c3807243a0d1
deploy/mocap_bridge/bin/vicon_table_lcm_bridge,deploy/mocap_bridge/bin/vicon_table_lcm_bridge,unchanged,added,0706e4c548c391718b8a567ed593ab2f57af047f13a1a7cd02c11fbfe7e40ba1,0706e4c548c391718b8a567ed593ab2f57af047f13a1a7cd02c11fbfe7e40ba1
deploy/mocap_bridge/bin/vicon_frame_stream,deploy/mocap_bridge/bin/vicon_frame_stream,unchanged,added,7314a94dc55d628cf422fe86787aecfe1b554ef19eacc54434ec7245638ba9d7,7314a94dc55d628cf422fe86787aecfe1b554ef19eacc54434ec7245638ba9d7
deploy/mocap_bridge/calibrations/vicon_table_frame_20260821_candidate.json,deploy/mocap_bridge/calibrations/vicon_table_frame_20260821_candidate.json,unchanged,added,e3dadb9a31b28634a11dc4f82e5362c410d1ab0aa5ef2647625994c75703c257,e3dadb9a31b28634a11dc4f82e5362c410d1ab0aa5ef2647625994c75703c257
deploy/mocap_bridge/calibrations/vicon_table_frame_20260812_candidate.json,deploy/mocap_bridge/calibrations/vicon_table_frame_20260812_candidate.json,unchanged,added,edddc4111297659faf3c8b60e14dcdc64e729068951e400ff22d584b9bfdbc50,edddc4111297659faf3c8b60e14dcdc64e729068951e400ff22d584b9bfdbc50
deploy/mocap_bridge/calibrations/vicon_table_frame_candidate.json,deploy/mocap_bridge/calibrations/vicon_table_frame_candidate.json,unchanged,added,999a49b3866327cf2c5bdc9732182716acb11e521fee4fd78bcf30626a81f2d7,999a49b3866327cf2c5bdc9732182716acb11e521fee4fd78bcf30626a81f2d7
deploy/mocap_bridge/calibrations/vicon_table_frame_20260820_validated.json,deploy/mocap_bridge/calibrations/vicon_table_frame_20260820_validated.json,unchanged,added,6d284e73bed2d2a98180a36c8e1245a03a70774df03ebf2318bdb072a4e6884f,6d284e73bed2d2a98180a36c8e1245a03a70774df03ebf2318bdb072a4e6884f
deploy/mocap_bridge/calibrations/vicon_g1_pelvis_orientation_20260818_validated.json,deploy/mocap_bridge/calibrations/vicon_g1_pelvis_orientation_20260818_validated.json,unchanged,added,3101af70361b0c5e7eb0231a592bd4394eaafc131e65573f880c01bd95aff2d1,3101af70361b0c5e7eb0231a592bd4394eaafc131e65573f880c01bd95aff2d1
deploy/mocap_bridge/calibrations/vicon_table_frame_20260822_candidate.json,deploy/mocap_bridge/calibrations/vicon_table_frame_20260822_candidate.json,unchanged,added,3a7b08abd615e0fa06715c8af424b01cf346a39c0734f4e32bdf6d5d0663b649,3a7b08abd615e0fa06715c8af424b01cf346a39c0734f4e32bdf6d5d0663b649
deploy/mocap_bridge/calibrations/vicon_g1_pelvis_orientation_20260822_validated.json,deploy/mocap_bridge/calibrations/vicon_g1_pelvis_orientation_20260822_validated.json,unchanged,added,a9f841d119ba8db531a7c463d5c7c2bcef27e747e5f62e88418531a15d9d56ee,a9f841d119ba8db531a7c463d5c7c2bcef27e747e5f62e88418531a15d9d56ee
deploy/mocap_bridge/calibrations/vicon_table_frame_20260818_candidate.json,deploy/mocap_bridge/calibrations/vicon_table_frame_20260818_candidate.json,unchanged,added,221560484064f4f38ee363a345459549790c09c0c07e0a1887a88bd7c08d5ba8,221560484064f4f38ee363a345459549790c09c0c07e0a1887a88bd7c08d5ba8
deploy/mocap_bridge/calibrations/vicon_table_frame_20260805_validated.json,deploy/mocap_bridge/calibrations/vicon_table_frame_20260805_validated.json,unchanged,added,b30d051cf132c01c0715a08c38efb88f20d7ae8b6407eaa3b1aae90a4e50789b,b30d051cf132c01c0715a08c38efb88f20d7ae8b6407eaa3b1aae90a4e50789b
deploy/mocap_bridge/calibrations/table_frame_latest.json,deploy/mocap_bridge/calibrations/table_frame_latest.json,unchanged,added,999a49b3866327cf2c5bdc9732182716acb11e521fee4fd78bcf30626a81f2d7,999a49b3866327cf2c5bdc9732182716acb11e521fee4fd78bcf30626a81f2d7
deploy/mocap_bridge/calibrations/vicon_g1_pelvis_orientation_20260807_live_retry_validated.json,deploy/mocap_bridge/calibrations/vicon_g1_pelvis_orientation_20260807_live_retry_validated.json,unchanged,added,f0fffa509ef073189b4904a30e815f2e4ee5549757c3a2609eaedc11a7ebad2c,f0fffa509ef073189b4904a30e815f2e4ee5549757c3a2609eaedc11a7ebad2c
deploy/mocap_bridge/calibrations/vicon_table_frame_20260820_candidate.json,deploy/mocap_bridge/calibrations/vicon_table_frame_20260820_candidate.json,unchanged,added,6d284e73bed2d2a98180a36c8e1245a03a70774df03ebf2318bdb072a4e6884f,6d284e73bed2d2a98180a36c8e1245a03a70774df03ebf2318bdb072a4e6884f
deploy/mocap_bridge/calibrations/vicon_g1_pelvis_orientation_20260819_validated.json,deploy/mocap_bridge/calibrations/vicon_g1_pelvis_orientation_20260819_validated.json,unchanged,added,1b4d4b8669dc12cdd03264c850c8af1500114735b4bb9bbf3522442cc8936fc1,1b4d4b8669dc12cdd03264c850c8af1500114735b4bb9bbf3522442cc8936fc1
deploy/mocap_bridge/calibrations/chingmu_pelvis_orientation_latest.json,deploy/mocap_bridge/calibrations/chingmu_pelvis_orientation_latest.json,unchanged,added,0775a908a91d2fc10c72d5bb666d943d39c2ef98df269e54d51a752839810873,0775a908a91d2fc10c72d5bb666d943d39c2ef98df269e54d51a752839810873
deploy/mocap_bridge/calibrations/vicon_table_frame_20260807_164834_validated.json,deploy/mocap_bridge/calibrations/vicon_table_frame_20260807_164834_validated.json,unchanged,added,b30d051cf132c01c0715a08c38efb88f20d7ae8b6407eaa3b1aae90a4e50789b,b30d051cf132c01c0715a08c38efb88f20d7ae8b6407eaa3b1aae90a4e50789b
deploy/mocap_bridge/calibrations/vicon_table_frame_20260813_validated.json,deploy/mocap_bridge/calibrations/vicon_table_frame_20260813_validated.json,unchanged,added,c9a4276ff6259486b9e965c96b40cf30ccbb1ab2541f45a70264f73c6022ab0c,c9a4276ff6259486b9e965c96b40cf30ccbb1ab2541f45a70264f73c6022ab0c
deploy/mocap_bridge/calibrations/vicon_g1_pelvis_orientation_20260819_rerun_validated.json,deploy/mocap_bridge/calibrations/vicon_g1_pelvis_orientation_20260819_rerun_validated.json,unchanged,added,a19045d72ab86316e8581f52ab8e54acdfec16a028d62d05cd18e9ea283779c0,a19045d72ab86316e8581f52ab8e54acdfec16a028d62d05cd18e9ea283779c0
deploy/mocap_bridge/calibrations/vicon_g1_pelvis_orientation_20260821_validated.json,deploy/mocap_bridge/calibrations/vicon_g1_pelvis_orientation_20260821_validated.json,unchanged,added,fc1dde6ee834b73b6c79c261700f6d48ea199195391a80d4494f70c61b083cf4,fc1dde6ee834b73b6c79c261700f6d48ea199195391a80d4494f70c61b083cf4
deploy/mocap_bridge/calibrations/vicon_table_frame_20260807_candidate.json,deploy/mocap_bridge/calibrations/vicon_table_frame_20260807_candidate.json,unchanged,added,baba4ed11862695e92779f43a1173d2ba133e4b890aa558735f80bda01821502,baba4ed11862695e92779f43a1173d2ba133e4b890aa558735f80bda01821502
deploy/mocap_bridge/calibrations/chingmu_table_frame_latest.before_20260725_promotion.json,deploy/mocap_bridge/calibrations/chingmu_table_frame_latest.before_20260725_promotion.json,unchanged,added,c3f4c201c51829c9a4f187a519f5912d690f52bf54a3537ce6d2b4abdb38f674,c3f4c201c51829c9a4f187a519f5912d690f52bf54a3537ce6d2b4abdb38f674
deploy/mocap_bridge/calibrations/vicon_table_frame_20260812_validated.json,deploy/mocap_bridge/calibrations/vicon_table_frame_20260812_validated.json,unchanged,added,edddc4111297659faf3c8b60e14dcdc64e729068951e400ff22d584b9bfdbc50,edddc4111297659faf3c8b60e14dcdc64e729068951e400ff22d584b9bfdbc50
deploy/mocap_bridge/calibrations/vicon_table_frame_20260807_live_retry.json,deploy/mocap_bridge/calibrations/vicon_table_frame_20260807_live_retry.json,unchanged,added,f179b93da5fbe81088979eb99e32e5e9cc96ddaa65d19d4b5f1a357cdd802f07,f179b93da5fbe81088979eb99e32e5e9cc96ddaa65d19d4b5f1a357cdd802f07
deploy/mocap_bridge/calibrations/vicon_table_frame_20260818_validated.json,deploy/mocap_bridge/calibrations/vicon_table_frame_20260818_validated.json,unchanged,added,221560484064f4f38ee363a345459549790c09c0c07e0a1887a88bd7c08d5ba8,221560484064f4f38ee363a345459549790c09c0c07e0a1887a88bd7c08d5ba8
deploy/mocap_bridge/calibrations/vicon_table_frame_20260805_REJECTED_score1p0606.json,deploy/mocap_bridge/calibrations/vicon_table_frame_20260805_REJECTED_score1p0606.json,unchanged,added,114716b578a0957d051de86ba3da1f9f5c5c9789225989775ed2bf87b8364967,114716b578a0957d051de86ba3da1f9f5c5c9789225989775ed2bf87b8364967
deploy/mocap_bridge/calibrations/chingmu_table_frame_latest.json,deploy/mocap_bridge/calibrations/chingmu_table_frame_latest.json,unchanged,added,8430d48ca9e9d49e2b1f22cf09f5248078ab2d112c336f7a2eb1b9f464c60fc4,8430d48ca9e9d49e2b1f22cf09f5248078ab2d112c336f7a2eb1b9f464c60fc4
deploy/mocap_bridge/calibrations/vicon_table_frame_20260819_candidate.json,deploy/mocap_bridge/calibrations/vicon_table_frame_20260819_candidate.json,unchanged,added,2c7906b54463fa55fbb7be5c1a86d61687bcf2728d5a6558c031b6954846f709,2c7906b54463fa55fbb7be5c1a86d61687bcf2728d5a6558c031b6954846f709
deploy/mocap_bridge/calibrations/vicon_g1_pelvis_orientation_20260818_candidate.json,deploy/mocap_bridge/calibrations/vicon_g1_pelvis_orientation_20260818_candidate.json,unchanged,added,a8804e41f80cd7f1a28959c50536796c18319740cca19d3523c302de30014619,a8804e41f80cd7f1a28959c50536796c18319740cca19d3523c302de30014619
deploy/mocap_bridge/calibrations/vicon_table_frame_20260819_validated.json,deploy/mocap_bridge/calibrations/vicon_table_frame_20260819_validated.json,unchanged,added,2c7906b54463fa55fbb7be5c1a86d61687bcf2728d5a6558c031b6954846f709,2c7906b54463fa55fbb7be5c1a86d61687bcf2728d5a6558c031b6954846f709
deploy/mocap_bridge/calibrations/table_frame_pre_tracer_20260715.json,deploy/mocap_bridge/calibrations/table_frame_pre_tracer_20260715.json,unchanged,added,236079431245b62a8c34324e8b18fa0461353948c6df14fd68a88dd70f2d6921,236079431245b62a8c34324e8b18fa0461353948c6df14fd68a88dd70f2d6921
deploy/mocap_bridge/calibrations/vicon_table_frame_20260819_rerun_validated.json,deploy/mocap_bridge/calibrations/vicon_table_frame_20260819_rerun_validated.json,unchanged,added,eff4afefe45e18ba3320ac6f7892fea93796e4cfec81fc436c5e0dba2a0d835e,eff4afefe45e18ba3320ac6f7892fea93796e4cfec81fc436c5e0dba2a0d835e
deploy/mocap_bridge/calibrations/vicon_g1_pelvis_orientation_20260812_validated.json,deploy/mocap_bridge/calibrations/vicon_g1_pelvis_orientation_20260812_validated.json,unchanged,added,c31ca1ba0a09abbb4ead83eb420324ee80936eb612aa4dea92d397eb4ade2085,c31ca1ba0a09abbb4ead83eb420324ee80936eb612aa4dea92d397eb4ade2085
deploy/mocap_bridge/calibrations/vicon_g1_pelvis_orientation_20260820_validated.json,deploy/mocap_bridge/calibrations/vicon_g1_pelvis_orientation_20260820_validated.json,unchanged,added,6b3d1602bb87dfb36dcc3069a5dc2de7250012330468851aa683b1bb4a955ef9,6b3d1602bb87dfb36dcc3069a5dc2de7250012330468851aa683b1bb4a955ef9
deploy/mocap_bridge/calibrations/table_frame_latest.20260709_114145.json,deploy/mocap_bridge/calibrations/table_frame_latest.20260709_114145.json,unchanged,added,9f9107bb249dc768a84eb134f52d35e9b3b64f9ffa987e6973701821765ee9e8,9f9107bb249dc768a84eb134f52d35e9b3b64f9ffa987e6973701821765ee9e8
deploy/mocap_bridge/calibrations/vicon_table_frame_20260822_validated.json,deploy/mocap_bridge/calibrations/vicon_table_frame_20260822_validated.json,unchanged,added,3a7b08abd615e0fa06715c8af424b01cf346a39c0734f4e32bdf6d5d0663b649,3a7b08abd615e0fa06715c8af424b01cf346a39c0734f4e32bdf6d5d0663b649
deploy/mocap_bridge/calibrations/vicon_table_frame_20260821_validated.json,deploy/mocap_bridge/calibrations/vicon_table_frame_20260821_validated.json,unchanged,added,e3dadb9a31b28634a11dc4f82e5362c410d1ab0aa5ef2647625994c75703c257,e3dadb9a31b28634a11dc4f82e5362c410d1ab0aa5ef2647625994c75703c257
deploy/mocap_bridge/calibrations/vicon_table_frame_20260819_rerun_candidate.json,deploy/mocap_bridge/calibrations/vicon_table_frame_20260819_rerun_candidate.json,unchanged,added,eff4afefe45e18ba3320ac6f7892fea93796e4cfec81fc436c5e0dba2a0d835e,eff4afefe45e18ba3320ac6f7892fea93796e4cfec81fc436c5e0dba2a0d835e
deploy/mocap_bridge/calibrations/vicon_table_frame_20260805_validated.before_robotbridge2_sync_20260807_165957.json,deploy/mocap_bridge/calibrations/vicon_table_frame_20260805_validated.before_robotbridge2_sync_20260807_165957.json,unchanged,added,ecb81998a60a1d8b0d0532d381a7e1fac99c21ea9776b79df317d300d3639a55,ecb81998a60a1d8b0d0532d381a7e1fac99c21ea9776b79df317d300d3639a55
deploy/mocap_bridge/calibrations/chingmu_table_frame_20260725_candidate.json,deploy/mocap_bridge/calibrations/chingmu_table_frame_20260725_candidate.json,unchanged,added,8430d48ca9e9d49e2b1f22cf09f5248078ab2d112c336f7a2eb1b9f464c60fc4,8430d48ca9e9d49e2b1f22cf09f5248078ab2d112c336f7a2eb1b9f464c60fc4
deploy/mocap_bridge/tests/test_transformation_t_v2.cpp,deploy/mocap_bridge/tests/test_transformation_t_v2.cpp,modified,added,9dbdc79f7744bc75a585cdc09c579bdef9c4edf4e3be37e1f921b29e9f403c1d,6fc79669b75c26023751ef6367ddf148730f7ea0f2db3c50b98342b54ea57c8c
deploy/mocap_bridge/tests/test_vicon_table_lcm_bridge.py,deploy/mocap_bridge/tests/test_vicon_table_lcm_bridge.py,modified,added,96ed59eca283fc601091f00c81e9d36a4d780dc6adfcd72de27f85b2af2dc4f3,53345317872af5e72db4dd823810572cca23a56afd9c87e15fad4874529362ff
deploy/mocap_bridge/tests/test_transformation_t_v2.py,deploy/mocap_bridge/tests/test_transformation_t_v2.py,modified,added,4d269ab2e385c7a7545b3949927fe6bd6c6beca8101e66724de9373a6744d865,c3266c3d6ccc740db7916a663e97e9e0c45b79433cd00266abae274313bb2698
deploy/mocap_bridge/tests/test_chingmu_pelvis_orientation.py,deploy/mocap_bridge/tests/test_chingmu_pelvis_orientation.py,modified,added,65dd25b071a71102e6954bebc92f5753587353d12169924193be77dee967e753,df465717dd668bb4fe7ffef8603c495e32f642c6df2e9cc906db85b73b30cc65
deploy/mocap_bridge/tests/test_vicon_ball_track_v2.cpp,deploy/mocap_bridge/tests/test_vicon_ball_track_v2.cpp,modified,added,04d547a16fc96d5539b4b080aa2ca01b76e001b4124b397c9b685da15ba0fd78,5aee7b7547381f2bfeab6df71f38d490abcb6669bc1943a30cc0de3aa3889c1a
deploy/mocap_bridge/tests/test_mocap_v2_monitor.py,deploy/mocap_bridge/tests/test_mocap_v2_monitor.py,modified,added,9a4683b3bc6513cbc087553361d444d8da3202e947458ddc31a59874d56c3d35,7bf346b834db2eaf77297103047736ae638a6b27d3dd7e5f2c0cacfa30462bfa
deploy/mocap_bridge/tests/test_chingmu_ball_track_v2.py,deploy/mocap_bridge/tests/test_chingmu_ball_track_v2.py,modified,added,a32b4b9deb041c5c95e6740f4b6f733b0633d7291fde44ecaed2e0736e960c12,ad4da2ed4a5f913057ca7b3f9a74e686fd01213bc814d6dcb7ba9174d61517ce
deploy/mocap_bridge/tests/test_chingmu_ball_tracker_roi.py,deploy/mocap_bridge/tests/test_chingmu_ball_tracker_roi.py,modified,added,32098d4fb04b84e27c671228bd9844a0b55d10bce447f9b881262ab30398c949,750f365e5133877a97b22758a77bf1a7c64f81599950f6092a2fe23afdd7eb51
deploy/mocap_bridge/tests/test_vicon_sdk_client.py,deploy/mocap_bridge/tests/test_vicon_sdk_client.py,modified,added,31de3666e712423ca2c7050a6466cc307b0b0f5126878c5e580910135edd0041,57c2f780df7544d817cb2e1ec3f3e5eb4675545b06905255fb879571b9ae1137
deploy/utils/transformation.py,deploy/utils/transformation.py,unchanged,same,598f69bcced842385ac8a5a0b355b48768bc9a09e6cce702f5fb9e9a790e2183,598f69bcced842385ac8a5a0b355b48768bc9a09e6cce702f5fb9e9a790e2183
deploy/utils/kinematics.py,deploy/utils/kinematics.py,unchanged,same,f3bc8df475ea1ad38b785c56f4c77cca13c2b70a6af8776c547d20503c787fe8,f3bc8df475ea1ad38b785c56f4c77cca13c2b70a6af8776c547d20503c787fe8
deploy/utils/hitter_runtime_types.py,deploy/utils/hitter_runtime_types.py,unchanged,added,23f47910c98f308274f8275a55f2bf82bd368edb89852a059785e7bb3dc68029,23f47910c98f308274f8275a55f2bf82bd368edb89852a059785e7bb3dc68029
deploy/utils/dof.py,deploy/utils/dof.py,unchanged,same,b39ab1b937916a0c3d7abc8c219f83a672702d225cad4664d8a3d6e2d1eeb8a7,b39ab1b937916a0c3d7abc8c219f83a672702d225cad4664d8a3d6e2d1eeb8a7
deploy/utils/hitter_realtime.py,deploy/utils/hitter_realtime.py,modified,added,fd14b80f6b51a7d5332c5ca93fc1538bb1abca7fd2a133f4ab390c18db1be000,44118da2c2aaa319efcd919b72123f46fd1d82b2e4d91b151699836d63d00c53
deploy/utils/hitter_runtime_factory.py,deploy/utils/hitter_runtime_factory.py,modified,added,5f3333511bee1ee264380293ca766307fce14b44487194789f570f785c8892fa,5e13e9047d3b656cef39f05fac83174dc7e4beacda2941d86f1acb65ce3a0441
deploy/utils/teleop.py,deploy/utils/teleop.py,unchanged,same,7f8d511e8146ce082f857536d6f109d12399164977fb76995ae10accf6f4474f,7f8d511e8146ce082f857536d6f109d12399164977fb76995ae10accf6f4474f
deploy/utils/hitter_runtime_factory.py.before-racket-vel-align-main-20260805_163515,_archive/refactor_20260909/deploy/utils/hitter_runtime_factory.py.before-racket-vel-align-main-20260805_163515,archived,added,f3a9a859d2e8be1a9f6daf08ea9b795217cce37edc32d76cc4d7889454dac059,f3a9a859d2e8be1a9f6daf08ea9b795217cce37edc32d76cc4d7889454dac059
deploy/utils/data_pub.py,deploy/utils/data_pub.py,unchanged,same,1546eb4e5425e484a69071894cad61e748dab422563829bc75c987a55bdcfdbe,1546eb4e5425e484a69071894cad61e748dab422563829bc75c987a55bdcfdbe
deploy/utils/hitter_task_observation.py,deploy/utils/hitter_task_observation.py,modified,added,6cebcc34ce2123e122689976da21ef8ec86987755400501883e4c1f90527c29f,6af6259ab124cb613d3b62b09f62a420a2f1bca2dd5003551a989194ffc6e870
deploy/utils/metric.py,deploy/utils/metric.py,unchanged,same,ec6ffa8fc2fc79ea09afa00ae94578c25be1aa3f272e4ea13a5b158dfe11d5a7,ec6ffa8fc2fc79ea09afa00ae94578c25be1aa3f272e4ea13a5b158dfe11d5a7
deploy/utils/history_handler.py,deploy/utils/history_handler.py,unchanged,same,7762d4f7f9d44e1a36bad242bb4f1b61bfc7c8cec4ae2b93fdbb77cd10b923e9,7762d4f7f9d44e1a36bad242bb4f1b61bfc7c8cec4ae2b93fdbb77cd10b923e9
deploy/utils/hitter_planner.py,deploy/utils/hitter_planner.py,modified,added,75abe231b3be2128ccb66d85cb1c391d7cf17377f2d3e379d5b7d3f4577b927e,06b4c553e01b84cca8b65197617290beb1b4ac4b34ba0bcd68630506536c33c6
deploy/utils/hitter_planner.py.before-racket-vel-align-main-20260805_163515,_archive/refactor_20260909/deploy/utils/hitter_planner.py.before-racket-vel-align-main-20260805_163515,archived,added,269b6cffc7ebb10873b20dd79d0e9cd2a00e987fb325c422d5d59f911ae99255,269b6cffc7ebb10873b20dd79d0e9cd2a00e987fb325c422d5d59f911ae99255
deploy/utils/dataset.py,deploy/utils/dataset.py,unchanged,same,70b518b961191f96ef459c44ca7bd759f95f6aeed2bde9740bfe30b5344a2fad,70b518b961191f96ef459c44ca7bd759f95f6aeed2bde9740bfe30b5344a2fad
deploy/utils/helpers.py,deploy/utils/helpers.py,unchanged,same,11a21ddc9beedbf0b98bdd2bd3926ba674808cfac9b855f9999998c8c86b06cf,11a21ddc9beedbf0b98bdd2bd3926ba674808cfac9b855f9999998c8c86b06cf
deploy/utils/motion_lib/__init__.py,deploy/utils/motion_lib/__init__.py,unchanged,same,e3b0c44298fc1c149afbf4c8996fb92427ae41e4649b934ca495991b7852b855,e3b0c44298fc1c149afbf4c8996fb92427ae41e4649b934ca495991b7852b855
deploy/utils/motion_lib/motion_lib_robot.py,deploy/utils/motion_lib/motion_lib_robot.py,unchanged,same,608cee5457dfcc2739cf625078ae8dcfabcab7fab23765324c6b24b4fee2c908,608cee5457dfcc2739cf625078ae8dcfabcab7fab23765324c6b24b4fee2c908
deploy/utils/motion_lib/motion_lib_base.py,deploy/utils/motion_lib/motion_lib_base.py,unchanged,same,85309e3ba74146317963578021f3ce7fa67f7ab1d5eabb9f3ace48ed91fd74ee,85309e3ba74146317963578021f3ce7fa67f7ab1d5eabb9f3ace48ed91fd74ee
deploy/utils/motion_lib/torch_humanoid_batch.py,deploy/utils/motion_lib/torch_humanoid_batch.py,unchanged,same,4727ed0ac2b774e0fb6c3ec9d96daae86cf3f9b6d8cfd826c28b934827d0b908,4727ed0ac2b774e0fb6c3ec9d96daae86cf3f9b6d8cfd826c28b934827d0b908
deploy/utils/motion_lib/rotations.py,deploy/utils/motion_lib/rotations.py,unchanged,same,afd95c9476c419ef266e51122f61251b63c222b753eb0fd4d9017e84a93046de,afd95c9476c419ef266e51122f61251b63c222b753eb0fd4d9017e84a93046de
deploy/utils/motion_lib/skeleton.py,deploy/utils/motion_lib/skeleton.py,unchanged,same,d19f5fce6a6f261a9f1175c2a6073ee51f46ccb5a8de1d7d8039102a8a025024,d19f5fce6a6f261a9f1175c2a6073ee51f46ccb5a8de1d7d8039102a8a025024
deploy/utils/motion_lib/maths.py,deploy/utils/motion_lib/maths.py,unchanged,same,ffd9251f5e687cc1be25b0045c61d7a04d75ed83ce8490e22050512c5ad68ac7,ffd9251f5e687cc1be25b0045c61d7a04d75ed83ce8490e22050512c5ad68ac7
deploy/utils/motion_lib/motion_utils/__init__.py,deploy/utils/motion_lib/motion_utils/__init__.py,unchanged,same,e3b0c44298fc1c149afbf4c8996fb92427ae41e4649b934ca495991b7852b855,e3b0c44298fc1c149afbf4c8996fb92427ae41e4649b934ca495991b7852b855
deploy/utils/motion_lib/motion_utils/flags.py,deploy/utils/motion_lib/motion_utils/flags.py,unchanged,same,4c30e7fbc90d31d28cedcb4cb6e7bd9500c8ea135b3d46e914ff69c8f1a37dfc,4c30e7fbc90d31d28cedcb4cb6e7bd9500c8ea135b3d46e914ff69c8f1a37dfc
deploy/utils/motion_lib/motion_utils/rotation_conversions.py,deploy/utils/motion_lib/motion_utils/rotation_conversions.py,unchanged,same,87b14b9260f214596056bf377bed29c6e28ce0131bc9513d9def2058f5cb7327,87b14b9260f214596056bf377bed29c6e28ce0131bc9513d9def2058f5cb7327
deploy/utils/eval/process_eval_joint_pos_pro_inter_success.py,deploy/utils/eval/process_eval_joint_pos_pro_inter_success.py,unchanged,same,428563ae68b3432d49cdec0b45aa052c492e5f8650bf4dcedb5978f69c6949ee,428563ae68b3432d49cdec0b45aa052c492e5f8650bf4dcedb5978f69c6949ee
deploy/utils/eval/process_eval__error_only_all_success.py,deploy/utils/eval/process_eval__error_only_all_success.py,unchanged,same,ad9d3ac66ed94ac5aca15c2184b0af075b0f1cfaa4d213d046957d794917c82d,ad9d3ac66ed94ac5aca15c2184b0af075b0f1cfaa4d213d046957d794917c82d
deploy/utils/eval/process_eval__error_only_success.py,deploy/utils/eval/process_eval__error_only_success.py,unchanged,same,849137869283e59e76c8ec0aa3e82d3912de6a3326d50c0b0ebdc773af010688,849137869283e59e76c8ec0aa3e82d3912de6a3326d50c0b0ebdc773af010688
deploy/utils/eval/process_eval.py,deploy/utils/eval/process_eval.py,unchanged,same,62304d6cd19e6e10343e0b195a2d90ed8b04a82b5408e159364bfce19099f677,62304d6cd19e6e10343e0b195a2d90ed8b04a82b5408e159364bfce19099f677
deploy/utils/eval/bar_chart_by_metric.py,deploy/utils/eval/bar_chart_by_metric.py,unchanged,same,5eaf62928e255009d75ffea301c0caa173c7a3eb66d0fa477da39845ef71672d,5eaf62928e255009d75ffea301c0caa173c7a3eb66d0fa477da39845ef71672d
deploy/utils/eval/plot_work.py,deploy/utils/eval/plot_work.py,unchanged,same,31726a1120e72a743fc0d77d186d64c7a50cedc9e721e647e2db8ad0ba7985ee,31726a1120e72a743fc0d77d186d64c7a50cedc9e721e647e2db8ad0ba7985ee
deploy/utils/eval/bar_chart_by_work.py,deploy/utils/eval/bar_chart_by_work.py,unchanged,same,f869125a471ec9cdc2c626bc6045d65e09f78cdd918123457a3af1fb35cd1fda,f869125a471ec9cdc2c626bc6045d65e09f78cdd918123457a3af1fb35cd1fda
deploy/utils/eval/process_eval__joint_only_success.py,deploy/utils/eval/process_eval__joint_only_success.py,unchanged,same,d676949adda210f054002c394749ef60ee66319a4cf2af2e4b0cc9461b9aa167,d676949adda210f054002c394749ef60ee66319a4cf2af2e4b0cc9461b9aa167
deploy/utils/eval/process_eval_joint_pos_pro.py,deploy/utils/eval/process_eval_joint_pos_pro.py,unchanged,same,319c471fa12da2225ddbd44bb80ab680dd6faf6ccd1e8c6f11d3ce874ebe375c,319c471fa12da2225ddbd44bb80ab680dd6faf6ccd1e8c6f11d3ce874ebe375c
deploy/config/level_locomotion.yaml,deploy/config/level_locomotion.yaml,unchanged,same,7df01a3e2b2e90a94e2dcdf88de6f366ec609b731ebe24a7b406e8215df8927b,7df01a3e2b2e90a94e2dcdf88de6f366ec609b731ebe24a7b406e8215df8927b
deploy/config/mosaic.yaml,deploy/config/mosaic.yaml,unchanged,same,9a99be96a446bacc06d494378c40503939ab3e3861945225db5053e11fcd7484,9a99be96a446bacc06d494378c40503939ab3e3861945225db5053e11fcd7484
deploy/config/gmt.yaml,deploy/config/gmt.yaml,unchanged,same,ba414f9211a783a5ec9012b6ca09ec07dc78384e025bff3efbcd77fddea7c5f1,ba414f9211a783a5ec9012b6ca09ec07dc78384e025bff3efbcd77fddea7c5f1
deploy/config/eval.yaml,deploy/config/eval.yaml,unchanged,same,63fb3afb491248736415a8960fa09169146e1a514457ad4a7fffd503d67de37c,63fb3afb491248736415a8960fa09169146e1a514457ad4a7fffd503d67de37c
deploy/config/twist.yaml,deploy/config/twist.yaml,unchanged,same,010d4eb60677d04aaffe8958751bf5e7dae5b8b2486e5f6973d833e9c6d7ae98,010d4eb60677d04aaffe8958751bf5e7dae5b8b2486e5f6973d833e9c6d7ae98
deploy/config/loco_mimic.yaml,deploy/config/loco_mimic.yaml,unchanged,same,270ef906f2cbbe4d687271d0395a68d1beb2bd2841252009e364ff3a0be9eec7,270ef906f2cbbe4d687271d0395a68d1beb2bd2841252009e364ff3a0be9eec7
deploy/config/hitter.yaml,deploy/config/hitter.yaml,unchanged,added,8aa6774d8f97c104fe5238e3035d39b4c676a3d9eaa404dc987f6c25dc385075,8aa6774d8f97c104fe5238e3035d39b4c676a3d9eaa404dc987f6c25dc385075
deploy/config/locomotion/level.yaml,deploy/config/locomotion/level.yaml,unchanged,same,18cd7803cddb9ce14cfb2bd5c414ccf1743683194a61b726825f230a0625f360,18cd7803cddb9ce14cfb2bd5c414ccf1743683194a61b726825f230a0625f360
deploy/config/agent/mosaic.yaml,deploy/config/agent/mosaic.yaml,unchanged,same,dd03a2a962aff07de3b118bddbfb269362110655ebe5e72fc2d60e5e62b33c6c,dd03a2a962aff07de3b118bddbfb269362110655ebe5e72fc2d60e5e62b33c6c
deploy/config/agent/level.yaml,deploy/config/agent/level.yaml,unchanged,same,8dec61e871acf25cf10a91fb7ab593891d72b201e461b68ee9369bfa5c894c78,8dec61e871acf25cf10a91fb7ab593891d72b201e461b68ee9369bfa5c894c78
deploy/config/agent/gmt.yaml,deploy/config/agent/gmt.yaml,unchanged,same,2ca445e3aa14d067f40a55dfc3f6ea3ea5188693a5450c9d48e58006f5057cd8,2ca445e3aa14d067f40a55dfc3f6ea3ea5188693a5450c9d48e58006f5057cd8
deploy/config/agent/twist.yaml,deploy/config/agent/twist.yaml,unchanged,same,ad712a00b522b31723fd579950a55ed1ecff2c7b701bbed12ec9baf2b0a24329,ad712a00b522b31723fd579950a55ed1ecff2c7b701bbed12ec9baf2b0a24329
deploy/config/agent/loco_mimic.yaml,deploy/config/agent/loco_mimic.yaml,unchanged,same,3106a142d254db6d4b4bcaae35be7adb05e5218298ed3157cf72b867d1b5e4f5,3106a142d254db6d4b4bcaae35be7adb05e5218298ed3157cf72b867d1b5e4f5
deploy/config/agent/hitter.yaml,deploy/config/agent/hitter.yaml,unchanged,added,63e575199b2f57fd918b9d59c3e1bfd678567e44f770091c406bff7740448f4e,63e575199b2f57fd918b9d59c3e1bfd678567e44f770091c406bff7740448f4e
deploy/config/robot/g1_29dof_anneal_12dof.yaml,deploy/config/robot/g1_29dof_anneal_12dof.yaml,unchanged,same,e649c4863b8b5738eb8a3f21a6c7b5f0470455dba620398f25e7607a37f1fdc6,e649c4863b8b5738eb8a3f21a6c7b5f0470455dba620398f25e7607a37f1fdc6
deploy/config/robot/g1_12dof.yaml,deploy/config/robot/g1_12dof.yaml,unchanged,same,6121b898a8df76b13bbdbd58cf23bf8c036b6f74ef1f8f23c3a1cb61bed1b38f,6121b898a8df76b13bbdbd58cf23bf8c036b6f74ef1f8f23c3a1cb61bed1b38f
deploy/config/robot/g1_25dof_twist.yaml,deploy/config/robot/g1_25dof_twist.yaml,unchanged,same,86bbe6c4cb83a0b24737148ec320958b9db0b2a9e3f7f6059d6105fd769802d1,86bbe6c4cb83a0b24737148ec320958b9db0b2a9e3f7f6059d6105fd769802d1
deploy/config/robot/g1_29dof_anneal_23dof.yaml,deploy/config/robot/g1_29dof_anneal_23dof.yaml,unchanged,same,550da65058b660754a852e6edf588d7937d604b06899fbff718e1ac04e57e0d1,550da65058b660754a852e6edf588d7937d604b06899fbff718e1ac04e57e0d1
deploy/config/robot/adam_lite_agx_23dof.yaml,deploy/config/robot/adam_lite_agx_23dof.yaml,unchanged,same,dcccb38d087798513054acefb89e9787717443ba6aebc47f5a1559ea57696baf,dcccb38d087798513054acefb89e9787717443ba6aebc47f5a1559ea57696baf
deploy/config/robot/g1_29dof.yaml,deploy/config/robot/g1_29dof.yaml,unchanged,same,8e3c012d31a952e8a7175d026e6f6868da4d6bbf4844793f069f808f0229f5d8,8e3c012d31a952e8a7175d026e6f6868da4d6bbf4844793f069f808f0229f5d8
deploy/config/robot/h1_2_27dof_anneal_21dof.yaml,deploy/config/robot/h1_2_27dof_anneal_21dof.yaml,unchanged,same,db72bcef1eaf94360b3ddeab5bb4856c653c29f9a186ede7cee483c6ff0196b4,db72bcef1eaf94360b3ddeab5bb4856c653c29f9a186ede7cee483c6ff0196b4
deploy/config/robot/g1_23dof_gmt.yaml,deploy/config/robot/g1_23dof_gmt.yaml,unchanged,same,b9cbf839b64fefddd7355287628e761c5576f17fc165814c828592f5e5a2c617,b9cbf839b64fefddd7355287628e761c5576f17fc165814c828592f5e5a2c617
deploy/config/robot/g1_hitter_racket.yaml,deploy/config/robot/g1_hitter_racket.yaml,unchanged,added,6783c117c85125ee65c96b465e59a00538e68026ad1120758a2ee35c28c00d67,6783c117c85125ee65c96b465e59a00538e68026ad1120758a2ee35c28c00d67
deploy/config/robot/h1_19dof.yaml,deploy/config/robot/h1_19dof.yaml,unchanged,same,0d8d2f6b4c0a254ad1116c38f4e3bdc375aa3ea2c49f50a51defcfb0f98703d6,0d8d2f6b4c0a254ad1116c38f4e3bdc375aa3ea2c49f50a51defcfb0f98703d6
deploy/config/mimic/mosaic.yaml,deploy/config/mimic/mosaic.yaml,unchanged,same,85b0ec988cdf5bc0f12bd3e7e73f8e2597694ce3525e1ad6841139233b89218b,85b0ec988cdf5bc0f12bd3e7e73f8e2597694ce3525e1ad6841139233b89218b
deploy/config/mimic/hitter.yaml.before-model60500-20260805,_archive/refactor_20260909/deploy/config/mimic/hitter.yaml.before-model60500-20260805,archived,added,5e27f597567c024771f21d0e12c27ab7314e78c6f0bdb40a6f933c988e60bb89,5e27f597567c024771f21d0e12c27ab7314e78c6f0bdb40a6f933c988e60bb89
deploy/config/mimic/gmt.yaml,deploy/config/mimic/gmt.yaml,unchanged,same,83584d88118f76817d268a090bfaaad158901f9e70241c83c8ae3860be7e89f6,83584d88118f76817d268a090bfaaad158901f9e70241c83c8ae3860be7e89f6
deploy/config/mimic/hitter.yaml.before-model7400-20260806_171240,_archive/refactor_20260909/deploy/config/mimic/hitter.yaml.before-model7400-20260806_171240,archived,added,14564eea35699df74d9c64407d78781c370822eae4a164c4c06ff67e7cb1214a,14564eea35699df74d9c64407d78781c370822eae4a164c4c06ff67e7cb1214a
deploy/config/mimic/eval.yaml,deploy/config/mimic/eval.yaml,unchanged,same,b72d7daba827a76592c005e1fccb8aa1d47a21b43227e5863e07217f940638cd,b72d7daba827a76592c005e1fccb8aa1d47a21b43227e5863e07217f940638cd
deploy/config/mimic/twist.yaml,deploy/config/mimic/twist.yaml,unchanged,same,cf60334093908d9a0a2f675d0a00e50776ddb054f41255691e80a2a4c2d74e0c,cf60334093908d9a0a2f675d0a00e50776ddb054f41255691e80a2a4c2d74e0c
deploy/config/mimic/hitter.yaml.before-racket-vel-align-main-20260805_163515,_archive/refactor_20260909/deploy/config/mimic/hitter.yaml.before-racket-vel-align-main-20260805_163515,archived,added,172344523acb4ab7bcec71b5a912c4f8fa4c583c45cc95685cbb50eb831f6422,172344523acb4ab7bcec71b5a912c4f8fa4c583c45cc95685cbb50eb831f6422
deploy/config/mimic/hitter.yaml.before-model14100-20260808_135517,_archive/refactor_20260909/deploy/config/mimic/hitter.yaml.before-model14100-20260808_135517,archived,added,faf97b86def0d5f84c78fcb8761f5b6915a2a95a18d6b212a79e4b3d54ac4ab3,faf97b86def0d5f84c78fcb8761f5b6915a2a95a18d6b212a79e4b3d54ac4ab3
deploy/config/mimic/hitter.yaml,deploy/config/mimic/hitter.yaml,unchanged,added,f114016747b8b1d46607c3d2237454daa44371eb6bc856479e34ebd42b2668cc,f114016747b8b1d46607c3d2237454daa44371eb6bc856479e34ebd42b2668cc
deploy/config/teleop/teleop.yaml,deploy/config/teleop/teleop.yaml,unchanged,same,269a1cad4c089ff92cf8bdbcbd19a882911e70b9b5b0be47a8c627295ac478b8,269a1cad4c089ff92cf8bdbcbd19a882911e70b9b5b0be47a8c627295ac478b8
deploy/config/env/loco_mimic_switch.yaml,deploy/config/env/loco_mimic_switch.yaml,unchanged,same,f94915c798bebe4f1f7d4e3c3e56ca852fefec608bef1a9d2a245f8e03c30881,f94915c798bebe4f1f7d4e3c3e56ca852fefec608bef1a9d2a245f8e03c30881
deploy/config/env/mosaic.yaml,deploy/config/env/mosaic.yaml,unchanged,same,80e4f0e477cc3527ad0dc1f1d6a12aeb1f0ca956b063919a35e9056838c02d70,80e4f0e477cc3527ad0dc1f1d6a12aeb1f0ca956b063919a35e9056838c02d70
deploy/config/env/base_env.yaml,deploy/config/env/base_env.yaml,unchanged,same,f7a19dbcf132d754d40f0ef945b9408df127ff09305f34c9368058408282add0,f7a19dbcf132d754d40f0ef945b9408df127ff09305f34c9368058408282add0
deploy/config/env/level.yaml,deploy/config/env/level.yaml,unchanged,same,05e2bd4ccc88e18db90350ae2ceec569e51ee1618e8503294af75265dd313bb6,05e2bd4ccc88e18db90350ae2ceec569e51ee1618e8503294af75265dd313bb6
deploy/config/env/gmt.yaml,deploy/config/env/gmt.yaml,unchanged,same,6ac4367c1b18a7e664a589ba06b8dda62c866de76694793f4298a22c36d1c2fd,6ac4367c1b18a7e664a589ba06b8dda62c866de76694793f4298a22c36d1c2fd
deploy/config/env/twist.yaml,deploy/config/env/twist.yaml,unchanged,same,eefb6ea73ffdcfa437935b67610eace03f4b6b5ed9aa9a1bd70eda8e59283b94,eefb6ea73ffdcfa437935b67610eace03f4b6b5ed9aa9a1bd70eda8e59283b94
deploy/config/env/hitter.yaml,deploy/config/env/hitter.yaml,unchanged,added,e34353503306b8cbd579640c1ad78024cd7248162f69ece53d89316e336cb6ec,e34353503306b8cbd579640c1ad78024cd7248162f69ece53d89316e336cb6ec
deploy/config/motion/g1_29dof_anneal_23dof.yaml,deploy/config/motion/g1_29dof_anneal_23dof.yaml,unchanged,same,186a4553aea35d411769da6e6267044c876fc766b08d3256d1d724977ecab95b,186a4553aea35d411769da6e6267044c876fc766b08d3256d1d724977ecab95b
deploy/config/motion/adam_lite_agx_23dof.yaml,deploy/config/motion/adam_lite_agx_23dof.yaml,unchanged,same,42688871a10126dcbf16d978c7a0a9543c1f0705dc93b2480f31395fa9b8faa5,42688871a10126dcbf16d978c7a0a9543c1f0705dc93b2480f31395fa9b8faa5
deploy/config/motion/h1_2_27dof_anneal_21dof.yaml,deploy/config/motion/h1_2_27dof_anneal_21dof.yaml,unchanged,same,06e4598cb07abc2ea3f0d69f2a5e0c45f2aae02743123468e2beea2f15aad5e2,06e4598cb07abc2ea3f0d69f2a5e0c45f2aae02743123468e2beea2f15aad5e2
deploy/config/motion/h1_19dof.yaml,deploy/config/motion/h1_19dof.yaml,unchanged,same,a96b14f289d729f51ecacd21ec1b04801b4b238e670e8646e572ceaf8cc491fa,a96b14f289d729f51ecacd21ec1b04801b4b238e670e8646e572ceaf8cc491fa
deploy/config/asset/g1_29dof_anneal_12dof.yaml,deploy/config/asset/g1_29dof_anneal_12dof.yaml,unchanged,same,a0f68e8bc9cf238319c2867d86f56564a4b703a165176c23fa22c0b3b305146b,a0f68e8bc9cf238319c2867d86f56564a4b703a165176c23fa22c0b3b305146b
deploy/config/asset/g1_12dof.yaml,deploy/config/asset/g1_12dof.yaml,unchanged,same,b69cb9140bee639378203af8a7ef17fd62b5e906bc45f55a68a66f852464ffa8,b69cb9140bee639378203af8a7ef17fd62b5e906bc45f55a68a66f852464ffa8
deploy/config/asset/g1_25dof_twist.yaml,deploy/config/asset/g1_25dof_twist.yaml,unchanged,same,a4e428d4d3de982a6d6c3e121c7d0c4d00f0b920ee6ab75e180f884f4f76539d,a4e428d4d3de982a6d6c3e121c7d0c4d00f0b920ee6ab75e180f884f4f76539d
deploy/config/asset/g1_29dof_anneal_23dof.yaml,deploy/config/asset/g1_29dof_anneal_23dof.yaml,unchanged,same,37b20d78fb46752a42ab48330fc0459f672c343ed68717e20799e14f2cf546d4,37b20d78fb46752a42ab48330fc0459f672c343ed68717e20799e14f2cf546d4
deploy/config/asset/g1_29_to_25dof_twist.yaml,deploy/config/asset/g1_29_to_25dof_twist.yaml,unchanged,same,93e2998a8397657d9c0bbfe32a8e3cf88f1fb28176304691af89f25ca44f256c,93e2998a8397657d9c0bbfe32a8e3cf88f1fb28176304691af89f25ca44f256c
deploy/config/asset/adam_lite_agx_23dof.yaml,deploy/config/asset/adam_lite_agx_23dof.yaml,unchanged,same,338571080a78fcc74ad37ee7f3d79c1a11d16e2d29cec30015822a4ba8a00562,338571080a78fcc74ad37ee7f3d79c1a11d16e2d29cec30015822a4ba8a00562
deploy/config/asset/g1_29dof.yaml,deploy/config/asset/g1_29dof.yaml,unchanged,same,1f96120eb379003048e74e6e1fa3c7c6dc5de28be3aecbf41ff0a995549457c7,1f96120eb379003048e74e6e1fa3c7c6dc5de28be3aecbf41ff0a995549457c7
deploy/config/asset/h1_2_27dof_anneal_21dof.yaml,deploy/config/asset/h1_2_27dof_anneal_21dof.yaml,unchanged,same,9396b639c1ba52304a0ed5416e8d83d07697486d209cc8f73975ca1266baf006,9396b639c1ba52304a0ed5416e8d83d07697486d209cc8f73975ca1266baf006
deploy/config/asset/g1_23dof_gmt.yaml,deploy/config/asset/g1_23dof_gmt.yaml,unchanged,same,857f4bdf02f01ac4d28677644c9f224f205b9397a97815fd3d27e32b33ee5405,857f4bdf02f01ac4d28677644c9f224f205b9397a97815fd3d27e32b33ee5405
deploy/config/asset/g1_hitter_racket.yaml,deploy/config/asset/g1_hitter_racket.yaml,unchanged,added,656cd2631213f972d9ae7f7027b251d0ea734934a018a9db59dbbe5271e52f80,656cd2631213f972d9ae7f7027b251d0ea734934a018a9db59dbbe5271e52f80
deploy/config/asset/h1_19dof.yaml,deploy/config/asset/h1_19dof.yaml,unchanged,same,c4c7cdef516e6a611cf556118d6a4049eb5a28d27baf9784feafb1a29315c228,c4c7cdef516e6a611cf556118d6a4049eb5a28d27baf9784feafb1a29315c228
deploy/config/sim/mujoco.yaml,deploy/config/sim/mujoco.yaml,unchanged,same,f7691320b4b001d1955b17211b78a460861706f60e318a93ed8473eb6317ff4d,f7691320b4b001d1955b17211b78a460861706f60e318a93ed8473eb6317ff4d
deploy/config/sim/real_world.yaml,deploy/config/sim/real_world.yaml,unchanged,same,301fe5b95971e8d00eb997cb792b5470f8f85e040d0e760ae3b62e4fcfb24b26,301fe5b95971e8d00eb997cb792b5470f8f85e040d0e760ae3b62e4fcfb24b26
deploy/config/control/g1_12dof.yaml,deploy/config/control/g1_12dof.yaml,unchanged,same,c4f68bcccefb58d0c1a55c41706da1bb25275b61503bcb260745eb087965a653,c4f68bcccefb58d0c1a55c41706da1bb25275b61503bcb260745eb087965a653
deploy/config/control/g1_25dof_twist.yaml,deploy/config/control/g1_25dof_twist.yaml,unchanged,same,aa3e98c3ce05d374363fb3a59c7d75ea0bcab0dbc8fe49a698c1bb370903b52b,aa3e98c3ce05d374363fb3a59c7d75ea0bcab0dbc8fe49a698c1bb370903b52b
deploy/config/control/g1_29dof_anneal_23dof.yaml,deploy/config/control/g1_29dof_anneal_23dof.yaml,unchanged,same,3d8c2c55381a16d549488b0f3c3d09c948a41e8a7f17eb690f6823cee2a54298,3d8c2c55381a16d549488b0f3c3d09c948a41e8a7f17eb690f6823cee2a54298
deploy/config/control/adam_lite_agx_23dof.yaml,deploy/config/control/adam_lite_agx_23dof.yaml,unchanged,same,996b5eb540389c3ead80ef4cb494a13901a9dce63a0906821c41412ba6e30a86,996b5eb540389c3ead80ef4cb494a13901a9dce63a0906821c41412ba6e30a86
deploy/config/control/g1_29dof.yaml,deploy/config/control/g1_29dof.yaml,unchanged,same,b31adae3cd5e61d4d8c8db4e873b16aedfb1169fbac1839029e2b41e8e7e9240,b31adae3cd5e61d4d8c8db4e873b16aedfb1169fbac1839029e2b41e8e7e9240
deploy/config/control/h1_2_27dof_anneal_21dof.yaml,deploy/config/control/h1_2_27dof_anneal_21dof.yaml,unchanged,same,cebc0a200a01e8e1cdbfede4619082a2129efa710e3a1e96e6e17525f6979cda,cebc0a200a01e8e1cdbfede4619082a2129efa710e3a1e96e6e17525f6979cda
deploy/config/control/g1_23dof_gmt.yaml,deploy/config/control/g1_23dof_gmt.yaml,unchanged,same,b0acd48d74ec295e00f9c87aa1a6990ec027edd64d799ba63c5bcfd19b7af8e5,b0acd48d74ec295e00f9c87aa1a6990ec027edd64d799ba63c5bcfd19b7af8e5
deploy/config/control/g1_hitter_racket.yaml,deploy/config/control/g1_hitter_racket.yaml,unchanged,added,0657c8bb752009bf542d00ac05a36ae989783d05871558373e7992336061bd7a,0657c8bb752009bf542d00ac05a36ae989783d05871558373e7992336061bd7a
deploy/config/control/h1_19dof.yaml,deploy/config/control/h1_19dof.yaml,unchanged,same,d0cd9d51ccda8430d0d3de5ee579cb78f57c55016c1d4e8a922c7bddcea758bd,d0cd9d51ccda8430d0d3de5ee579cb78f57c55016c1d4e8a922c7bddcea758bd
deploy/config/obs/mosaic.yaml,deploy/config/obs/mosaic.yaml,unchanged,same,2eb10e7da3fd2ab32ff7cdb95b5f778af5328fd74e384bc13cf208764d5e906a,2eb10e7da3fd2ab32ff7cdb95b5f778af5328fd74e384bc13cf208764d5e906a
deploy/config/obs/level.yaml,deploy/config/obs/level.yaml,unchanged,same,46207610690467cd84fd18c459cb5d69f76d3fac39e4d623e420837b22f20514,46207610690467cd84fd18c459cb5d69f76d3fac39e4d623e420837b22f20514
deploy/config/obs/gmt.yaml,deploy/config/obs/gmt.yaml,unchanged,same,2eb10e7da3fd2ab32ff7cdb95b5f778af5328fd74e384bc13cf208764d5e906a,2eb10e7da3fd2ab32ff7cdb95b5f778af5328fd74e384bc13cf208764d5e906a
deploy/config/obs/hitter.yaml,deploy/config/obs/hitter.yaml,unchanged,added,4d69be29267f631e6b037514ea9e6874af1080708dcb16e66cff39cd11f53d78,4d69be29267f631e6b037514ea9e6874af1080708dcb16e66cff39cd11f53d78
deploy/tests/test_hitter_single_shot_lifecycle.py,deploy/tests/test_hitter_single_shot_lifecycle.py,modified,added,5f7cf8fb2f34aaffb946a2f9c065a95955559fc16587a702a6fd5933ace8e3b4,45b3d12802eea96d983d6944b1373809682db02ec708cc92ec212c12b6719924
deploy/tests/test_hitter_task_replay.py,deploy/tests/test_hitter_task_replay.py,modified,added,b164d9d5149a762bbfc81a4f01bdb585b6159be81a1f4c5f1537d27693725b26,0b3bdf81d227f437aca6309661790cb4a446e056706e54cc6b516ebce6d0dc24
deploy/tests/test_real_world_v2_consumer.py,deploy/tests/test_real_world_v2_consumer.py,modified,added,1efc8eda5f3db5f43bf4c5f3d22e72b0abb91b4cc23299080a2264ef989b7c67,d5e973da57b5617e4ac98279a0cf2369b0d73275310e891b10cd0a4959db2c99
deploy/tests/test_real_world_connection_wait.py,deploy/tests/test_real_world_connection_wait.py,unchanged,added,d577887737efed6dd5d1150846130d16a7f1bc2e7e3cfd5700c70759246b8d22,d577887737efed6dd5d1150846130d16a7f1bc2e7e3cfd5700c70759246b8d22
deploy/tests/test_mujoco_physical_table_tennis.py,deploy/tests/test_mujoco_physical_table_tennis.py,modified,added,f18246244e0a6b887cba7b263ef9a1c8e0e01a75bb365ee1b0e77f6f791246ce,4efc29b68f28fa3218baff1ac179df8997beda8c0c29acb390e0b6e263e682bd
deploy/tests/test_hitter_runtime_factory.py,deploy/tests/test_hitter_runtime_factory.py,modified,added,c17360dc7094d7ede239ba1c4235cc35576d8f60efa66841d221c58a3619f133,85ed7a9255074cfe73f95df3f09048ccc36e15d8e0ac5c2e08218452c816bfc5
deploy/tests/test_hitter_completed_result_queue.py,deploy/tests/test_hitter_completed_result_queue.py,modified,added,8e85ff0274a00a7ab65ec649d32b451772f671a42ca404ff16f42ebf747ee3a5,1472c5dcb2513a7b768380947ec4f78091ea5782645009602f46d56ecabcbd7f
deploy/tests/test_hitter_task_web.py,deploy/tests/test_hitter_task_web.py,modified,added,0084c92437b707e922eda9f7387ffffa731480c72ce69449485ae28c8537d38f,2caeb537d266a5543ac8a46348488b2783f1db5eb0df6ebaf7a9cf5a1f89b5e2
deploy/tests/test_hitter_planner_velocity_alignment.py,deploy/tests/test_hitter_planner_velocity_alignment.py,unchanged,added,5d66f234a045d787633bcea6504726fa97260ce8bf9208e10270a54e9e4153de,5d66f234a045d787633bcea6504726fa97260ce8bf9208e10270a54e9e4153de
deploy/tests/test_hitter_backhand_edge_landing_bias.py,deploy/tests/test_hitter_backhand_edge_landing_bias.py,modified,added,429d4fe2bc4bba3c624d142b0ce259de7ae9ebe97ad37daaabcbd0982e6a4dbb,26716d5ae287d3fc99065165eb25725899744f2564ee371f8eaf7eb2267ee708
deploy/tests/test_hitter_task_pipeline.py,deploy/tests/test_hitter_task_pipeline.py,modified,added,fd6b5d9e947803654d08ba1112a5a00e266f9ecd80c5c8fd4d3ca086b2b56369,7385f5eba59b62bafd8ee1793b2fe37ee0a7fb2600ffef243294a3d4f51b77c8
deploy/tests/test_hitter_task_events.py,deploy/tests/test_hitter_task_events.py,modified,added,9b2463b72596d489505834670d2cb96d00386e35032d5a5be409caa646241d45,35a21b7d1fa0f3c38b574667a71add476cb099cc7783f68239e2fa2b4b7c7eed
deploy/tests/test_hitter_task_input_adapter.py,deploy/tests/test_hitter_task_input_adapter.py,modified,added,d7ce1938abab6dba69297476be5479289658dd4e2a3f08586acd1fda079ec67a,e8ce54865eb7defc297507d200c3df2b83a475003dbddcfbba9f5517e452f2d7
deploy/tests/test_hitter_task_observation.py,deploy/tests/test_hitter_task_observation.py,modified,added,69ff6e933e481fd1d09e9ec4cfc71fddb85cd7a4f2814abdba09b6000361d1bc,6700cbbee33327adccd80dd61b368076508e3cd33cab00d99ab3318914f46976
deploy/tests/test_hitter_runtime_factory.py.before-racket-vel-align-main-20260805_163515,_archive/refactor_20260909/deploy/tests/test_hitter_runtime_factory.py.before-racket-vel-align-main-20260805_163515,archived,added,95823359f86f52d8f69f143c2dea76c107451dd393b5293d0029ad0e9aa0dc51,95823359f86f52d8f69f143c2dea76c107451dd393b5293d0029ad0e9aa0dc51
deploy/tests/test_hitter_task_frontend.py,deploy/tests/test_hitter_task_frontend.py,modified,added,e51a2cbd4d7ea3ce123bcb0bc39ac72769fe771cdd797ea63e9cd23020cbd551,239d6654ba7138dcdaa0769aab365aae2e38aeda7fe530524443d0beac66557b
deploy/tests/test_hitter_task_diagnostics_integration.py,deploy/tests/test_hitter_task_diagnostics_integration.py,modified,added,da0174e4478f9774ca1293c31ab50431bd8a493f82ff63506bd4e2958408800a,d7c320a86cf70c3ec84317458a4755d90219efdfc0567272310fc1b422b15d41
deploy/tests/test_hitter_forehand_policy_vx_offset.py,deploy/tests/test_hitter_forehand_policy_vx_offset.py,modified,added,fcb101d5eb7dcac8cf50923cfd0eaadf4a2dc25946abaae1c4942ad23934599f,e23224124c405aa51b0f0022bad64604688e9902c5b8b2d9902eff28aba20f3f
deploy/tests/test_hitter_task_recording.py,deploy/tests/test_hitter_task_recording.py,modified,added,04037d676f999a8e0d420fbf4c54a07cf420c40323550b3971afa459b02ca2e0,3dfce904cf0329cd457a165d19942bcd733ecd29b7c49ad3840993c41e911140
deploy/tests/hitter_test_factories.py,deploy/tests/hitter_test_factories.py,modified,added,f21cd96bdfd81fc4aea7d4e8491597ccfd9393f6b2ae0cd62034c4ffea5280d7,996880e3cef4b03161f864398afb0b3c307c33cb5e0d65a1dbe4f95217579da3
deploy/tests/test_hitter_task_monitor.py,deploy/tests/test_hitter_task_monitor.py,modified,added,7feb760c70cfc1747a57e308b1619de2a35b811febe490af92ca071ebb1ba2b4,4b5d7a023d40b58d3eee29486e7139ef7c94726fbca46ffbd3d6fcf7f9663e34
deploy/tests/test_hitter_task_diagnostics_safety.py,deploy/tests/test_hitter_task_diagnostics_safety.py,modified,added,2ef8d47d9006b944de67317398908afd0d0923b406b359ea07014bde0d139919,14bdb8428b6db9dd960eb38e545cc9d3c48544a8bb4d3308725d487f3fc19584
deploy/tests/test_hitter_runtime_single_shot_integration.py,deploy/tests/test_hitter_runtime_single_shot_integration.py,modified,added,be652cb6d84de0852496762aa6e1ccb455bc07adc29eb5c9749b9a596437e28e,11b5aa2261db93aefd1ca5f0419d6b1fba1fda4144b5c2a860cecedc524f1e75
deploy/tests/test_mujoco_hitter_track_id_v2.py,deploy/tests/test_mujoco_hitter_track_id_v2.py,modified,added,899bc5bf2d546a2d610d0cc7c2eb35e71d9f774428ca5f152df3791889dfa72b,8bd1721b4ed195988ae88eb16cadae45add00b7ec568da6aa5c63b1cdeeba282
deploy/tests/test_hitter_task_diagnostics_performance.py,deploy/tests/test_hitter_task_diagnostics_performance.py,modified,added,7d3c4c841ba8eaa27d10dd408e0c512b2ace236791e75242230327e947b64142,4f98a9769c4aa761097748671e052580dc7cc134e7c6416e421455668fccc41c
deploy/tests/test_hitter_policy_first_frame_transition.py,deploy/tests/test_hitter_policy_first_frame_transition.py,modified,added,c18586c655a7e79c05ad2cac135bb4400d21aa3288cff9623fdc785b35c09617,7137ac7f56068ad0595558cfd8e46c647a3e97f3526705281f4d7dfb655c8559
deploy/tests/test_hitter_planner_failure_reasons.py,deploy/tests/test_hitter_planner_failure_reasons.py,modified,added,38a93234ed86d9ed4f3ca3e2e711b06d777bb5337b7f9c2596d1272227821e2c,daeb8f19f3dc71609a5f1044d0798a02126dca24adc3bfc8a6d53531c2535231
deploy/tests/test_hitter_waiting_anchor.py,deploy/tests/test_hitter_waiting_anchor.py,modified,added,0be52d3ab62c5391a1865867874d8f6d874e60673839eb31f44769ff751650ee,a67d1ebf606555eca11ab5ba737ca0cda977c624c0230478618e6c06c9466c1a
deploy/tests/hitter_runtime_test_harness.py,deploy/tests/hitter_runtime_test_harness.py,modified,added,60de31f7fc40dc670b90b52c2ef7985aa1182aa4820bf52f1b4128c01ca2d700,e0f9b597e13e2e0ed0d41daa661dc215dbc7470db38658a025ea479ae34fed8c
deploy/tests/test_hitter_task_replay_process.py,deploy/tests/test_hitter_task_replay_process.py,modified,added,d592fd5d3743aa60131d48a792c7530dff5d9b3c6fa781e358f3ba9b83fd4096,1ac053856e6ef25201a75726713a0457a65aad9145c0ca0c04ec65b725477faf
deploy/tests/test_hitter_task_attempts.py,deploy/tests/test_hitter_task_attempts.py,modified,added,03e0977fd89b756d3834e231d722018f5427ab4dc21e008de248ce43cf308d36,eb1b184223d4a7b1a40bd1a948276cdfb5a91529703ac371d4cec012d3a193ac
deploy/tests/test_hitter_strike_target_logging.py,deploy/tests/test_hitter_strike_target_logging.py,modified,added,c53dcb360cb51e4fa61408eb2b6725041ca60b725424fc47d45cd135da2218ff,9dca81925ae90d291dc7feee3bcecbca18eca20ad51ccf687738ff06fad9ddfc
deploy/tests/test_hitter_runtime_identity_types.py,deploy/tests/test_hitter_runtime_identity_types.py,unchanged,added,35cf590b7e16c0caa9514ca920986c455f149a569a90a3da5ea22065e79e5167,35cf590b7e16c0caa9514ca920986c455f149a569a90a3da5ea22065e79e5167
deploy/data/assets/adam/adam_std_29dof_anneal_23dof.usd,deploy/data/assets/adam/adam_std_29dof_anneal_23dof.usd,unchanged,same,f611a7f4eb91bd6bcd204246e2f72ab2324cc6bf361686a0897e48d113a35502,f611a7f4eb91bd6bcd204246e2f72ab2324cc6bf361686a0897e48d113a35502
deploy/data/assets/adam/adam_std_29dof_anneal_23dof_fitmotionONLY.xml,deploy/data/assets/adam/adam_std_29dof_anneal_23dof_fitmotionONLY.xml,unchanged,same,73ce49d9f16742a1008b19008993f85f18df4a2cf8720919a6af3b7fb2da9302,73ce49d9f16742a1008b19008993f85f18df4a2cf8720919a6af3b7fb2da9302
deploy/data/assets/adam/adam_lite_agx_23dof_fitmotionONLY.xml,deploy/data/assets/adam/adam_lite_agx_23dof_fitmotionONLY.xml,unchanged,same,a65c775c06670b8dde6c324fa26c4a7aea04ea77c59f905a0f218ea2b5d3de98,a65c775c06670b8dde6c324fa26c4a7aea04ea77c59f905a0f218ea2b5d3de98
deploy/data/assets/adam/adam_lite_agx_23dof.urdf,deploy/data/assets/adam/adam_lite_agx_23dof.urdf,unchanged,same,26a889f82e8003a66e11025188ae8a0920731af5a2762508b497ed51f233c1b5,26a889f82e8003a66e11025188ae8a0920731af5a2762508b497ed51f233c1b5
deploy/data/assets/adam/adam_std_29dof_anneal_23dof copy.xml,deploy/data/assets/adam/adam_std_29dof_anneal_23dof copy.xml,unchanged,same,de56ec85a5ed2ccacc5d151b2d8ee0206b86283420f27aa9d42c389cfb0db6b6,de56ec85a5ed2ccacc5d151b2d8ee0206b86283420f27aa9d42c389cfb0db6b6
deploy/data/assets/adam/adam_lite_agx_23dof.xml,deploy/data/assets/adam/adam_lite_agx_23dof.xml,unchanged,same,a84d8f569dcff178614ebb7a5a6832d3bc34f3f71828f908cfe06b6fff65a978,a84d8f569dcff178614ebb7a5a6832d3bc34f3f71828f908cfe06b6fff65a978
deploy/data/assets/adam/adam_std_29dof_anneal_23dof.urdf,deploy/data/assets/adam/adam_std_29dof_anneal_23dof.urdf,unchanged,same,9c20460dd72f770a45ca9ea570f606d5664c82561496dc506e9539384eff06b4,9c20460dd72f770a45ca9ea570f606d5664c82561496dc506e9539384eff06b4
deploy/data/assets/adam/adam_std_29dof_anneal_23dof.xml,deploy/data/assets/adam/adam_std_29dof_anneal_23dof.xml,unchanged,same,73ce49d9f16742a1008b19008993f85f18df4a2cf8720919a6af3b7fb2da9302,73ce49d9f16742a1008b19008993f85f18df4a2cf8720919a6af3b7fb2da9302
deploy/data/assets/adam/adam_lite_agx_23dof.usd,deploy/data/assets/adam/adam_lite_agx_23dof.usd,unchanged,same,5494d5ecaaf660373c9554f65c8aa328c831b9474ab7d74b186548acec2ebf7e,5494d5ecaaf660373c9554f65c8aa328c831b9474ab7d74b186548acec2ebf7e
deploy/data/assets/adam/meshes/elbowLeft.dae,deploy/data/assets/adam/meshes/elbowLeft.dae,unchanged,same,2fc6da30eaad881ea411cf8bbea36f63f9ed559f1e779ed03744dd3604abc26f,2fc6da30eaad881ea411cf8bbea36f63f9ed559f1e779ed03744dd3604abc26f
deploy/data/assets/adam/meshes/pelvis.dae,deploy/data/assets/adam/meshes/pelvis.dae,unchanged,same,4f3fcc0073dddd72db2de6b1feb6ee18671b6862fc7dc5ad1cc7747157ec5cc8,4f3fcc0073dddd72db2de6b1feb6ee18671b6862fc7dc5ad1cc7747157ec5cc8
deploy/data/assets/adam/meshes/L_thumb_proximal.dae,deploy/data/assets/adam/meshes/L_thumb_proximal.dae,unchanged,same,59895c19d5fd8f773594341779c31317b20a17f1810aed034502e7d55b5b824d,59895c19d5fd8f773594341779c31317b20a17f1810aed034502e7d55b5b824d
deploy/data/assets/adam/meshes/L_pinky_proximal.dae,deploy/data/assets/adam/meshes/L_pinky_proximal.dae,unchanged,same,8e35810569549d12e995ce549ace4270f2579c6ea01df6dbdbfe06e807e0218b,8e35810569549d12e995ce549ace4270f2579c6ea01df6dbdbfe06e807e0218b
deploy/data/assets/adam/meshes/waistRoll.dae,deploy/data/assets/adam/meshes/waistRoll.dae,unchanged,same,71437ac168de0d278b406edb7a522ea5df6e7711251aa55f08658ea87e10e68d,71437ac168de0d278b406edb7a522ea5df6e7711251aa55f08658ea87e10e68d
deploy/data/assets/adam/meshes/R_thumb_proximal_base.dae,deploy/data/assets/adam/meshes/R_thumb_proximal_base.dae,unchanged,same,38ae3034f36f4426fa3f0c3c428f56945e59455af699ebb40af5e97c198bf6bb,38ae3034f36f4426fa3f0c3c428f56945e59455af699ebb40af5e97c198bf6bb
deploy/data/assets/adam/meshes/wristPitchLeft.dae,deploy/data/assets/adam/meshes/wristPitchLeft.dae,unchanged,same,867ea87001a1435c9aeb5da780b7dde45c751098154170f972e3f83ab8f7118d,867ea87001a1435c9aeb5da780b7dde45c751098154170f972e3f83ab8f7118d
deploy/data/assets/adam/meshes/vn100-0001.dae,deploy/data/assets/adam/meshes/vn100-0001.dae,unchanged,same,c15ac1721e8087b8cedf87d6e62a92509ce936dbe9aea8e29305bbcbff514536,c15ac1721e8087b8cedf87d6e62a92509ce936dbe9aea8e29305bbcbff514536
deploy/data/assets/adam/meshes/L_index_distal.dae,deploy/data/assets/adam/meshes/L_index_distal.dae,unchanged,same,2b7719b8cab4482f41fd76f5cfedbd3a8acfdf91b524981461e74975de776a34,2b7719b8cab4482f41fd76f5cfedbd3a8acfdf91b524981461e74975de776a34
deploy/data/assets/adam/meshes/anklePitchRight.dae,deploy/data/assets/adam/meshes/anklePitchRight.dae,unchanged,same,d195bb83dbd2634433c989b4157ef547abe532f4534a01a8908dd90ba2cd9ca5,d195bb83dbd2634433c989b4157ef547abe532f4534a01a8908dd90ba2cd9ca5
deploy/data/assets/adam/meshes/inspire_Left.dae,deploy/data/assets/adam/meshes/inspire_Left.dae,unchanged,same,cf9a3e9ddfb15e540944ff82f59bfce98ef928d4e7410bca511957907e19f6ae,cf9a3e9ddfb15e540944ff82f59bfce98ef928d4e7410bca511957907e19f6ae
deploy/data/assets/adam/meshes/R_thumb_distal.dae,deploy/data/assets/adam/meshes/R_thumb_distal.dae,unchanged,same,9eb3738b0a386248d2eb7d1c6d8ba127a67d05b2a7a6a5ea7ddf001aa92f13bf,9eb3738b0a386248d2eb7d1c6d8ba127a67d05b2a7a6a5ea7ddf001aa92f13bf
deploy/data/assets/adam/meshes/R_middle_proximal.dae,deploy/data/assets/adam/meshes/R_middle_proximal.dae,unchanged,same,24d809e6744950d65e58e608500e5bb066b80b249a0927e333cb9c17b301831a,24d809e6744950d65e58e608500e5bb066b80b249a0927e333cb9c17b301831a
deploy/data/assets/adam/meshes/R_pinky_distal.dae,deploy/data/assets/adam/meshes/R_pinky_distal.dae,unchanged,same,c95994742accf68907997e9234297114b67e993a3b05a999cca609c4e18d62e3,c95994742accf68907997e9234297114b67e993a3b05a999cca609c4e18d62e3
deploy/data/assets/adam/meshes/anklePitchLeft.dae,deploy/data/assets/adam/meshes/anklePitchLeft.dae,unchanged,same,a68b6e54578946c70b5e4509d91b60f7f76116fd743ef399d9f34f62633e6c04,a68b6e54578946c70b5e4509d91b60f7f76116fd743ef399d9f34f62633e6c04
deploy/data/assets/adam/meshes/L_thumb_proximal_base.dae,deploy/data/assets/adam/meshes/L_thumb_proximal_base.dae,unchanged,same,86fbb169a260c48e79ce311225ace665b87289cce271d0015e2982e648e4a4c4,86fbb169a260c48e79ce311225ace665b87289cce271d0015e2982e648e4a4c4
deploy/data/assets/adam/meshes/wristPitchRight.dae,deploy/data/assets/adam/meshes/wristPitchRight.dae,unchanged,same,87dc295c38cb50b87112974ecc724a1fc4ae4c377b09eea38cef4bb2fbf613a2,87dc295c38cb50b87112974ecc724a1fc4ae4c377b09eea38cef4bb2fbf613a2
deploy/data/assets/adam/meshes/inspire_Right.dae,deploy/data/assets/adam/meshes/inspire_Right.dae,unchanged,same,bfae43a93fcb59f2469938926116d6a84ace06103e03de6af84d7a61bffbfe0e,bfae43a93fcb59f2469938926116d6a84ace06103e03de6af84d7a61bffbfe0e
deploy/data/assets/adam/meshes/shoulderRollRight.dae,deploy/data/assets/adam/meshes/shoulderRollRight.dae,unchanged,same,73f3001e4ebcdaff157769b51ee08feb86f8d36b85dc3609dc4bd8e6ac4e338d,73f3001e4ebcdaff157769b51ee08feb86f8d36b85dc3609dc4bd8e6ac4e338d
deploy/data/assets/adam/meshes/R_index_proximal.dae,deploy/data/assets/adam/meshes/R_index_proximal.dae,unchanged,same,6312db8f71666a810ed25720fc12bc5328a708d33a650afa7dfa5e6b205b2ebc,6312db8f71666a810ed25720fc12bc5328a708d33a650afa7dfa5e6b205b2ebc
deploy/data/assets/adam/meshes/R_ring_proximal.dae,deploy/data/assets/adam/meshes/R_ring_proximal.dae,unchanged,same,10ad996d87b6351e05a14e1e5c99c41a458760360623482fba187911e57f2491,10ad996d87b6351e05a14e1e5c99c41a458760360623482fba187911e57f2491
deploy/data/assets/adam/meshes/L_middle_distal.dae,deploy/data/assets/adam/meshes/L_middle_distal.dae,unchanged,same,e8c9eee2fe377c3ada2dee9b4ad59171979d60b4119c5fa78cee3d39ea5bcb21,e8c9eee2fe377c3ada2dee9b4ad59171979d60b4119c5fa78cee3d39ea5bcb21
deploy/data/assets/adam/meshes/elbowRight.dae,deploy/data/assets/adam/meshes/elbowRight.dae,unchanged,same,c0ef6f91421840b285563833acdc9f294a9cfc9dbf1ffab81276a496ad1cae3a,c0ef6f91421840b285563833acdc9f294a9cfc9dbf1ffab81276a496ad1cae3a
deploy/data/assets/adam/meshes/wristYawLeftLite.dae,deploy/data/assets/adam/meshes/wristYawLeftLite.dae,unchanged,same,52a63274dabeb3a5d102c7bcbe370a9cdfac020c7785620ab2b06346e3bc8b2a,52a63274dabeb3a5d102c7bcbe370a9cdfac020c7785620ab2b06346e3bc8b2a
deploy/data/assets/adam/meshes/shoulderPitchLeft.dae,deploy/data/assets/adam/meshes/shoulderPitchLeft.dae,unchanged,same,af0f27e6e98b6a1ba512ae6c42fbb9258826ea88ed4236e2e430a99206ed6f2d,af0f27e6e98b6a1ba512ae6c42fbb9258826ea88ed4236e2e430a99206ed6f2d
deploy/data/assets/adam/meshes/L_index_proximal.dae,deploy/data/assets/adam/meshes/L_index_proximal.dae,unchanged,same,bc9a8de4d396f9300c281bbffba37f960f9eefe3aaf1af5fcb03fe779361adc1,bc9a8de4d396f9300c281bbffba37f960f9eefe3aaf1af5fcb03fe779361adc1
deploy/data/assets/adam/meshes/L_pinky_distal.dae,deploy/data/assets/adam/meshes/L_pinky_distal.dae,unchanged,same,c0a10a37426a22e8132f7415d1253f09fd4ce53bf7429ac5aa7d6e36eb022a76,c0a10a37426a22e8132f7415d1253f09fd4ce53bf7429ac5aa7d6e36eb022a76
deploy/data/assets/adam/meshes/hipPitchRight.dae,deploy/data/assets/adam/meshes/hipPitchRight.dae,unchanged,same,3dc29a73ddea579ba2e85df4b868ff32666b11a41f25f93698aea0464c9309bd,3dc29a73ddea579ba2e85df4b868ff32666b11a41f25f93698aea0464c9309bd
deploy/data/assets/adam/meshes/waistPitch.dae,deploy/data/assets/adam/meshes/waistPitch.dae,unchanged,same,ece3abf7156b2baf4452388a4bea6d507fc3ecab9b6adc2474d6490484d52b13,ece3abf7156b2baf4452388a4bea6d507fc3ecab9b6adc2474d6490484d52b13
deploy/data/assets/adam/meshes/thighLeft.dae,deploy/data/assets/adam/meshes/thighLeft.dae,unchanged,same,6ca03262e68cea0402333f52b5b1eba38ddae02938b8acb1905373d4d966cd15,6ca03262e68cea0402333f52b5b1eba38ddae02938b8acb1905373d4d966cd15
deploy/data/assets/adam/meshes/L_ring_distal.dae,deploy/data/assets/adam/meshes/L_ring_distal.dae,unchanged,same,c252e80e257e9dbdb5ca08a7bdeef089017d144fa181f88771a1e61163985384,c252e80e257e9dbdb5ca08a7bdeef089017d144fa181f88771a1e61163985384
deploy/data/assets/adam/meshes/wristYawRight.dae,deploy/data/assets/adam/meshes/wristYawRight.dae,unchanged,same,cef2b76f1e4a0fe875c2bdb488ca02762cff1bb9f3f907dbedebf17d471f7f72,cef2b76f1e4a0fe875c2bdb488ca02762cff1bb9f3f907dbedebf17d471f7f72
deploy/data/assets/adam/meshes/L_thumb_intermediate.dae,deploy/data/assets/adam/meshes/L_thumb_intermediate.dae,unchanged,same,277a69fcdd160f1011f7f7a639f0d79323359c4d4d5a41e8be957cbab00d2046,277a69fcdd160f1011f7f7a639f0d79323359c4d4d5a41e8be957cbab00d2046
deploy/data/assets/adam/meshes/R_index_distalR_middle_proximal.dae,deploy/data/assets/adam/meshes/R_index_distalR_middle_proximal.dae,unchanged,same,f183d684c626b18eb75bb7ac15e9f36a56d10a732011ab129444d00f83595753,f183d684c626b18eb75bb7ac15e9f36a56d10a732011ab129444d00f83595753
deploy/data/assets/adam/meshes/R_thumb_intermediate.dae,deploy/data/assets/adam/meshes/R_thumb_intermediate.dae,unchanged,same,ad4b74fcc4ab12dd555165bef8f8d662c488399fdf09897170f7bcb942906ee7,ad4b74fcc4ab12dd555165bef8f8d662c488399fdf09897170f7bcb942906ee7
deploy/data/assets/adam/meshes/thighRight.dae,deploy/data/assets/adam/meshes/thighRight.dae,unchanged,same,51e6a6c583dde8774cb514045b054971b45926b5235cdd32b8daa9297124ee93,51e6a6c583dde8774cb514045b054971b45926b5235cdd32b8daa9297124ee93
deploy/data/assets/adam/meshes/torso.dae,deploy/data/assets/adam/meshes/torso.dae,unchanged,same,56860e556c5122f704600e741a098533e4511153cb5e486c02953b20ddafccaf,56860e556c5122f704600e741a098533e4511153cb5e486c02953b20ddafccaf
deploy/data/assets/adam/meshes/wristYawLeft.dae,deploy/data/assets/adam/meshes/wristYawLeft.dae,unchanged,same,503b78cb484b5efed1db00454ecf8e02e3807eeea25f5885990a6d7332ff05bb,503b78cb484b5efed1db00454ecf8e02e3807eeea25f5885990a6d7332ff05bb
deploy/data/assets/adam/meshes/toeRight.dae,deploy/data/assets/adam/meshes/toeRight.dae,unchanged,same,c2a822f0922285f5243c5ca08146b931295b8a0e419efbe979f23c86f1284daf,c2a822f0922285f5243c5ca08146b931295b8a0e419efbe979f23c86f1284daf
deploy/data/assets/adam/meshes/L_thumb_distal.dae,deploy/data/assets/adam/meshes/L_thumb_distal.dae,unchanged,same,5c2068b8950a9e33763b1d15823927078b329fd3033d3b9b45e305e1aae606e6,5c2068b8950a9e33763b1d15823927078b329fd3033d3b9b45e305e1aae606e6
deploy/data/assets/adam/meshes/wristYawRightLite.dae,deploy/data/assets/adam/meshes/wristYawRightLite.dae,unchanged,same,dbd3df810ca0e3579659d56b0e3c64e38142a9a5e591d6ee8e97afcf9894c6f8,dbd3df810ca0e3579659d56b0e3c64e38142a9a5e591d6ee8e97afcf9894c6f8
deploy/data/assets/adam/meshes/R_middle_distal.dae,deploy/data/assets/adam/meshes/R_middle_distal.dae,unchanged,same,692da93ba43121088ec62ab9640495b696c14f04a12dd15aafbe96a958622e20,692da93ba43121088ec62ab9640495b696c14f04a12dd15aafbe96a958622e20
deploy/data/assets/adam/meshes/shoulderYawRight.dae,deploy/data/assets/adam/meshes/shoulderYawRight.dae,unchanged,same,7b7db9e557b6a379a08dde463e73db42aa1e4dd49e5abc3a5abbfca7baf8e21e,7b7db9e557b6a379a08dde463e73db42aa1e4dd49e5abc3a5abbfca7baf8e21e
deploy/data/assets/adam/meshes/R_pinky_proximal.dae,deploy/data/assets/adam/meshes/R_pinky_proximal.dae,unchanged,same,e428537ae459f078a55e8d2c1cba71f461d84da7ed6c31d73a30747de8b42405,e428537ae459f078a55e8d2c1cba71f461d84da7ed6c31d73a30747de8b42405
deploy/data/assets/adam/meshes/urdf.png,deploy/data/assets/adam/meshes/urdf.png,unchanged,same,ff8d07d76b7004984b78c3d6a951baa1221629557afdd80d607a11976867d1e9,ff8d07d76b7004984b78c3d6a951baa1221629557afdd80d607a11976867d1e9
deploy/data/assets/adam/meshes/hipPitchLeft.dae,deploy/data/assets/adam/meshes/hipPitchLeft.dae,unchanged,same,996002be8b591cfcb6ef17d688ffb5ef554849420cf84d3203be366f060bdd55,996002be8b591cfcb6ef17d688ffb5ef554849420cf84d3203be366f060bdd55
deploy/data/assets/adam/meshes/shoulderPitchRight.dae,deploy/data/assets/adam/meshes/shoulderPitchRight.dae,unchanged,same,78111a878b8282cd53f167eb946d85ce52a72d010831bacd7ed84722be2af977,78111a878b8282cd53f167eb946d85ce52a72d010831bacd7ed84722be2af977
deploy/data/assets/adam/meshes/L_middle_proximal.dae,deploy/data/assets/adam/meshes/L_middle_proximal.dae,unchanged,same,84b3d0c85d95b7807bb53aae8519b5321d42381c68793ee75636dafedba0cdfd,84b3d0c85d95b7807bb53aae8519b5321d42381c68793ee75636dafedba0cdfd
deploy/data/assets/adam/meshes/hipRollLeft.dae,deploy/data/assets/adam/meshes/hipRollLeft.dae,unchanged,same,9bc8741fe10e35339e528f099e0decfcb121443f8b3176e753724c5039db05d8,9bc8741fe10e35339e528f099e0decfcb121443f8b3176e753724c5039db05d8
deploy/data/assets/adam/meshes/shinLeft.dae,deploy/data/assets/adam/meshes/shinLeft.dae,unchanged,same,7ff604ef88a3e59f24e67fbe7e00ca5a710bc135bf9058fc5a306110606f3f16,7ff604ef88a3e59f24e67fbe7e00ca5a710bc135bf9058fc5a306110606f3f16
deploy/data/assets/adam/meshes/R_thumb_proximal.dae,deploy/data/assets/adam/meshes/R_thumb_proximal.dae,unchanged,same,e93927252568d514fa8244bed44ead6763922dccbd9f128b2e9edf55b397a3af,e93927252568d514fa8244bed44ead6763922dccbd9f128b2e9edf55b397a3af
deploy/data/assets/adam/meshes/shoulderYawLeft.dae,deploy/data/assets/adam/meshes/shoulderYawLeft.dae,unchanged,same,55c69e9be5d5c8a687205307977b2e84ea736442501cd500d05de505420a189b,55c69e9be5d5c8a687205307977b2e84ea736442501cd500d05de505420a189b
deploy/data/assets/adam/meshes/R_ring_distal.dae,deploy/data/assets/adam/meshes/R_ring_distal.dae,unchanged,same,369b300bbaec1e500474e295a1bcecaaafd553945b2ad5a1e1d59538d145a1ce,369b300bbaec1e500474e295a1bcecaaafd553945b2ad5a1e1d59538d145a1ce
deploy/data/assets/adam/meshes/shoulderRollLeft.dae,deploy/data/assets/adam/meshes/shoulderRollLeft.dae,unchanged,same,4c263c263b069977c2ac8341d8b5e712927c2d4d575360367adaed6c001c1b26,4c263c263b069977c2ac8341d8b5e712927c2d4d575360367adaed6c001c1b26
deploy/data/assets/adam/meshes/R_index_distal.dae,deploy/data/assets/adam/meshes/R_index_distal.dae,unchanged,same,e0f9c90b16cd5cc97ea20959c6b04bf86d4e01c6a059fa61aaeeaf78e98da8df,e0f9c90b16cd5cc97ea20959c6b04bf86d4e01c6a059fa61aaeeaf78e98da8df
deploy/data/assets/adam/meshes/L_ring_proximal.dae,deploy/data/assets/adam/meshes/L_ring_proximal.dae,unchanged,same,17dd9c3a1f71819014cc9ab1277248769e650f0fda3702a867c2034394ad2d97,17dd9c3a1f71819014cc9ab1277248769e650f0fda3702a867c2034394ad2d97
deploy/data/assets/adam/meshes/toeLeft.dae,deploy/data/assets/adam/meshes/toeLeft.dae,unchanged,same,4c06b8f36f7321428ee58e4de423d5c8ae6d7fb0ed9df580a8226d074c04b3a7,4c06b8f36f7321428ee58e4de423d5c8ae6d7fb0ed9df580a8226d074c04b3a7
deploy/data/assets/adam/meshes/hipRollRight.dae,deploy/data/assets/adam/meshes/hipRollRight.dae,unchanged,same,bd4155f34a71c3df86bbe94489ab1be6a18e76ee57a9686aa97efc19ffe8ff68,bd4155f34a71c3df86bbe94489ab1be6a18e76ee57a9686aa97efc19ffe8ff68
deploy/data/assets/adam/meshes/shinRight.dae,deploy/data/assets/adam/meshes/shinRight.dae,unchanged,same,8c82b4edb47c1de5d22c44b8a61e6fe6b4b9269da416b769db9af7b1e59853d8,8c82b4edb47c1de5d22c44b8a61e6fe6b4b9269da416b769db9af7b1e59853d8
deploy/data/assets/adam/assets/L_thumb_distal.obj,deploy/data/assets/adam/assets/L_thumb_distal.obj,unchanged,same,ac34336b3498c59ef1c2bea88d36d9adf410ee73473d1f674c1c7a405f67224c,ac34336b3498c59ef1c2bea88d36d9adf410ee73473d1f674c1c7a405f67224c
deploy/data/assets/adam/assets/shoulderYawLeft_1.obj,deploy/data/assets/adam/assets/shoulderYawLeft_1.obj,unchanged,same,0b8ae32171628e02c0cf5b8fcdb91330f5544f103045d1ed0a4c180efbf77c66,0b8ae32171628e02c0cf5b8fcdb91330f5544f103045d1ed0a4c180efbf77c66
deploy/data/assets/adam/assets/anklePitchLeft.obj,deploy/data/assets/adam/assets/anklePitchLeft.obj,unchanged,same,eac010899096f419cb449cf9e7c67102f160b73502c2f8031990422fdd26d932,eac010899096f419cb449cf9e7c67102f160b73502c2f8031990422fdd26d932
deploy/data/assets/adam/assets/hipPitchRight_1.obj,deploy/data/assets/adam/assets/hipPitchRight_1.obj,unchanged,same,8e336e694fbee4a498d32ff5a21aa4ce361ad9a0200649a1c757e71bad90a951,8e336e694fbee4a498d32ff5a21aa4ce361ad9a0200649a1c757e71bad90a951
deploy/data/assets/adam/assets/hipPitchLeft_0.obj,deploy/data/assets/adam/assets/hipPitchLeft_0.obj,unchanged,same,2817ec478458a5f38b6c26d6a74ad21f316fdc586fb7d01e9485f00a47df3c4d,2817ec478458a5f38b6c26d6a74ad21f316fdc586fb7d01e9485f00a47df3c4d
deploy/data/assets/adam/assets/shoulderPitchLeft.obj,deploy/data/assets/adam/assets/shoulderPitchLeft.obj,unchanged,same,dd0196fc50681dda89a621b6a14406498e14fad0bab77d9c0e9a9159173e73ba,dd0196fc50681dda89a621b6a14406498e14fad0bab77d9c0e9a9159173e73ba
deploy/data/assets/adam/assets/torso_2.obj,deploy/data/assets/adam/assets/torso_2.obj,unchanged,same,e537a9fbafb39249a9f04436bb4c4c0342813b7367ae7a8c4b9e879616377383,e537a9fbafb39249a9f04436bb4c4c0342813b7367ae7a8c4b9e879616377383
deploy/data/assets/adam/assets/wristYawLeft_1.obj,deploy/data/assets/adam/assets/wristYawLeft_1.obj,unchanged,same,42eb57db204984fbc22646b2baf0704812f7dc3862ea1d2fa0fd845cf0f047e9,42eb57db204984fbc22646b2baf0704812f7dc3862ea1d2fa0fd845cf0f047e9
deploy/data/assets/adam/assets/hipRollLeft_1.obj,deploy/data/assets/adam/assets/hipRollLeft_1.obj,unchanged,same,baf44cdc02cc60beda5f854be0788e00e3197ce0daa78050751f2e4215a7bb22,baf44cdc02cc60beda5f854be0788e00e3197ce0daa78050751f2e4215a7bb22
deploy/data/assets/adam/assets/inspire_Right_1.obj,deploy/data/assets/adam/assets/inspire_Right_1.obj,unchanged,same,31efe6d6fd693f4f37f34e9d0516163806efa3a655d700b4674413b84e2207fb,31efe6d6fd693f4f37f34e9d0516163806efa3a655d700b4674413b84e2207fb
deploy/data/assets/adam/assets/waistPitch_1.obj,deploy/data/assets/adam/assets/waistPitch_1.obj,unchanged,same,ca638e8dae2e8ad71ca630239dbd4e65b0dd7ddfb6609c1e29e507895148361b,ca638e8dae2e8ad71ca630239dbd4e65b0dd7ddfb6609c1e29e507895148361b
deploy/data/assets/adam/assets/torso_4.obj,deploy/data/assets/adam/assets/torso_4.obj,unchanged,same,cb23bd57c7b01aece9d67d63492321b263942e5f2bf9e7111e22eea5349d5ea7,cb23bd57c7b01aece9d67d63492321b263942e5f2bf9e7111e22eea5349d5ea7
deploy/data/assets/adam/assets/logo.png,deploy/data/assets/adam/assets/logo.png,unchanged,same,ff8d07d76b7004984b78c3d6a951baa1221629557afdd80d607a11976867d1e9,ff8d07d76b7004984b78c3d6a951baa1221629557afdd80d607a11976867d1e9
deploy/data/assets/adam/assets/hipRollLeft_3.obj,deploy/data/assets/adam/assets/hipRollLeft_3.obj,unchanged,same,515bf6e25cd311b7cc8f8d1c39329912e04ef644c470a189df450f92e209fed3,515bf6e25cd311b7cc8f8d1c39329912e04ef644c470a189df450f92e209fed3
deploy/data/assets/adam/assets/wristYawRight_1.obj,deploy/data/assets/adam/assets/wristYawRight_1.obj,unchanged,same,41e01e14d90e063ad00ac22ad21bac4caf3308747af8fae98cef5f0752e1f421,41e01e14d90e063ad00ac22ad21bac4caf3308747af8fae98cef5f0752e1f421
deploy/data/assets/adam/assets/torso_0.obj,deploy/data/assets/adam/assets/torso_0.obj,unchanged,same,1d14250d041c5ed0ef2874bd714a4b04a2aa6897e1c73e97e3cb471f9066f7b8,1d14250d041c5ed0ef2874bd714a4b04a2aa6897e1c73e97e3cb471f9066f7b8
deploy/data/assets/adam/assets/shoulderPitchRight.obj,deploy/data/assets/adam/assets/shoulderPitchRight.obj,unchanged,same,0ea6394eb61f21460f71546188061f7e14ab1bf1b117269fe373b06932e83a93,0ea6394eb61f21460f71546188061f7e14ab1bf1b117269fe373b06932e83a93
deploy/data/assets/adam/assets/L_thumb_proximal.obj,deploy/data/assets/adam/assets/L_thumb_proximal.obj,unchanged,same,21d0c54725b9e6a7b710fa092a40185af297518f33df7b49d1c01dea3db8e667,21d0c54725b9e6a7b710fa092a40185af297518f33df7b49d1c01dea3db8e667
deploy/data/assets/adam/assets/L_middle_distal.obj,deploy/data/assets/adam/assets/L_middle_distal.obj,unchanged,same,1842a0e3027ebea03bf13b9b701113b71173142110c69cfbf65c38dc0e329a85,1842a0e3027ebea03bf13b9b701113b71173142110c69cfbf65c38dc0e329a85
deploy/data/assets/adam/assets/shinRight_2.obj,deploy/data/assets/adam/assets/shinRight_2.obj,unchanged,same,711263f66fa83a24bedd4f55dd5799ab96e1f4edfdcd7b37d46155c137bf707d,711263f66fa83a24bedd4f55dd5799ab96e1f4edfdcd7b37d46155c137bf707d
deploy/data/assets/adam/assets/shoulderRollLeft_2.obj,deploy/data/assets/adam/assets/shoulderRollLeft_2.obj,unchanged,same,7eafda26d8821aef67370394641ff3184dd5aabac9b8958aa338d27d8e90c919,7eafda26d8821aef67370394641ff3184dd5aabac9b8958aa338d27d8e90c919
deploy/data/assets/adam/assets/hipRollLeft_2.obj,deploy/data/assets/adam/assets/hipRollLeft_2.obj,unchanged,same,06f843c0bea973817f9eebc710e455a84df26e6087958466613b0bb3b550cdc9,06f843c0bea973817f9eebc710e455a84df26e6087958466613b0bb3b550cdc9
deploy/data/assets/adam/assets/anklePitchRight.obj,deploy/data/assets/adam/assets/anklePitchRight.obj,unchanged,same,60bd0ef346cabc0a49bb7a279645795e28771525a6bad7cae3c96ad22aadbbb5,60bd0ef346cabc0a49bb7a279645795e28771525a6bad7cae3c96ad22aadbbb5
deploy/data/assets/adam/assets/hipRollLeft_0.obj,deploy/data/assets/adam/assets/hipRollLeft_0.obj,unchanged,same,cbe1a6aba75e16908fa3ebac4282c88f75760de6a78d2404a75fa1752f4436ba,cbe1a6aba75e16908fa3ebac4282c88f75760de6a78d2404a75fa1752f4436ba
deploy/data/assets/adam/assets/waistRoll_2.obj,deploy/data/assets/adam/assets/waistRoll_2.obj,unchanged,same,732921b28c85ee128d40ff5549ccf58b44e28bdafc58955d6e13d1237130b32c,732921b28c85ee128d40ff5549ccf58b44e28bdafc58955d6e13d1237130b32c
deploy/data/assets/adam/assets/thighRight_2.obj,deploy/data/assets/adam/assets/thighRight_2.obj,unchanged,same,73668900aad9e81f50574e430278a08a8bc755e19efee10d8ab4f1f6f4cba1e2,73668900aad9e81f50574e430278a08a8bc755e19efee10d8ab4f1f6f4cba1e2
deploy/data/assets/adam/assets/wristYawRight.obj,deploy/data/assets/adam/assets/wristYawRight.obj,unchanged,same,ac4894bc9ee2f54b9b780fbf3619564897f172caaf102b5b20d8653b04e7b3bd,ac4894bc9ee2f54b9b780fbf3619564897f172caaf102b5b20d8653b04e7b3bd
deploy/data/assets/adam/assets/L_index_proximal.obj,deploy/data/assets/adam/assets/L_index_proximal.obj,unchanged,same,e72888c5ab3c44d1e579e53de5fa4d626d73437d3f1bd2846fc5295dbdb90570,e72888c5ab3c44d1e579e53de5fa4d626d73437d3f1bd2846fc5295dbdb90570
deploy/data/assets/adam/assets/thighLeft_1.obj,deploy/data/assets/adam/assets/thighLeft_1.obj,unchanged,same,ebf7d0522402d1f79b2781b00b724f73bdd6f77f151b7e8b92dbb65ad035f4a5,ebf7d0522402d1f79b2781b00b724f73bdd6f77f151b7e8b92dbb65ad035f4a5
deploy/data/assets/adam/assets/elbowLeft_1.obj,deploy/data/assets/adam/assets/elbowLeft_1.obj,unchanged,same,b6fb36ff320aba612dc7a26ee5ce35f0f7ccf13f45e393f91e2da3f566521941,b6fb36ff320aba612dc7a26ee5ce35f0f7ccf13f45e393f91e2da3f566521941
deploy/data/assets/adam/assets/shinRight_1.obj,deploy/data/assets/adam/assets/shinRight_1.obj,unchanged,same,d515566f2382a67cf75bca11e7601424eb0f7bb78c57405bd416ddca251c893e,d515566f2382a67cf75bca11e7601424eb0f7bb78c57405bd416ddca251c893e
deploy/data/assets/adam/assets/shoulderYawRight_0.obj,deploy/data/assets/adam/assets/shoulderYawRight_0.obj,unchanged,same,a196347b3ae23eecad4674abc6737df9c22fa4cb28398b568e6634cf6b6878dc,a196347b3ae23eecad4674abc6737df9c22fa4cb28398b568e6634cf6b6878dc
deploy/data/assets/adam/assets/R_thumb_proximal_base.obj,deploy/data/assets/adam/assets/R_thumb_proximal_base.obj,unchanged,same,96a8edb2f86051a284e2b14459b7430643f07622efa8c9acbb517b7d4f9d92cb,96a8edb2f86051a284e2b14459b7430643f07622efa8c9acbb517b7d4f9d92cb
deploy/data/assets/adam/assets/hipPitchLeft_2.obj,deploy/data/assets/adam/assets/hipPitchLeft_2.obj,unchanged,same,9715a4bf04118ccc54ce132bbd5e36a1d1df0fc22be045e2895e2c26955c596e,9715a4bf04118ccc54ce132bbd5e36a1d1df0fc22be045e2895e2c26955c596e
deploy/data/assets/adam/assets/hipPitchRight_2.obj,deploy/data/assets/adam/assets/hipPitchRight_2.obj,unchanged,same,dd89d78be91c8af10529948169c117744e3eb4838c9ce4abc17bc6b960c9a1b8,dd89d78be91c8af10529948169c117744e3eb4838c9ce4abc17bc6b960c9a1b8
deploy/data/assets/adam/assets/toeRight_0.obj,deploy/data/assets/adam/assets/toeRight_0.obj,unchanged,same,149adf59a058307598276264f69d3d2645b79b5d237fd4170dd559be9291c24e,149adf59a058307598276264f69d3d2645b79b5d237fd4170dd559be9291c24e
deploy/data/assets/adam/assets/L_thumb_intermediate.obj,deploy/data/assets/adam/assets/L_thumb_intermediate.obj,unchanged,same,86f44f539aee848071ec83acf244d8a9ad8177488b3b79f9b97ea0968ebd95ed,86f44f539aee848071ec83acf244d8a9ad8177488b3b79f9b97ea0968ebd95ed
deploy/data/assets/adam/assets/toeRight_3.obj,deploy/data/assets/adam/assets/toeRight_3.obj,unchanged,same,58e8c3e7ab6738a36dc008b7b1e3e5423141ce65c274fad49f02f8ca03bdb9c3,58e8c3e7ab6738a36dc008b7b1e3e5423141ce65c274fad49f02f8ca03bdb9c3
deploy/data/assets/adam/assets/R_ring_proximal.obj,deploy/data/assets/adam/assets/R_ring_proximal.obj,unchanged,same,60b7a427a38c0a841c7bbd5a2b234c478aedd51e396edbd745e1d3fde789bf8e,60b7a427a38c0a841c7bbd5a2b234c478aedd51e396edbd745e1d3fde789bf8e
deploy/data/assets/adam/assets/wristPitchLeft.obj,deploy/data/assets/adam/assets/wristPitchLeft.obj,unchanged,same,6e4644a47716c51c30cc52de97eee8745f0c98877693a188b14322f1e2b67683,6e4644a47716c51c30cc52de97eee8745f0c98877693a188b14322f1e2b67683
deploy/data/assets/adam/assets/inspire_Left_1.obj,deploy/data/assets/adam/assets/inspire_Left_1.obj,unchanged,same,859ef85f5460342e03c0fde2a122e6ac4f663736f9561204502d32ca3b9fa39a,859ef85f5460342e03c0fde2a122e6ac4f663736f9561204502d32ca3b9fa39a
deploy/data/assets/adam/assets/thighLeft_0.obj,deploy/data/assets/adam/assets/thighLeft_0.obj,unchanged,same,1f07ae0d64f91c8bd792c1025287b038b2f5bb2c2f7e298bc698522261b3b4c5,1f07ae0d64f91c8bd792c1025287b038b2f5bb2c2f7e298bc698522261b3b4c5
deploy/data/assets/adam/assets/shoulderRollLeft_3.obj,deploy/data/assets/adam/assets/shoulderRollLeft_3.obj,unchanged,same,a123a0fdd805ea8556570424fc5c906a94b85eb34f4de559889b9632bdf6df06,a123a0fdd805ea8556570424fc5c906a94b85eb34f4de559889b9632bdf6df06
deploy/data/assets/adam/assets/material.mtl,deploy/data/assets/adam/assets/material.mtl,unchanged,same,1bdf1c5f2350097281fef8a0c3b3310482f5a388214139da6ac1005ff0cbcf76,1bdf1c5f2350097281fef8a0c3b3310482f5a388214139da6ac1005ff0cbcf76
deploy/data/assets/adam/assets/R_pinky_proximal.obj,deploy/data/assets/adam/assets/R_pinky_proximal.obj,unchanged,same,364d99589a6af4c375c0b38a051d07846ffc401b44f3790aaa28f09807e9c710,364d99589a6af4c375c0b38a051d07846ffc401b44f3790aaa28f09807e9c710
deploy/data/assets/adam/assets/R_index_distal.obj,deploy/data/assets/adam/assets/R_index_distal.obj,unchanged,same,0602b9b55e41d2fb7748cb8f213951f4a30bf82a80f721eda5b372270ec64eac,0602b9b55e41d2fb7748cb8f213951f4a30bf82a80f721eda5b372270ec64eac
deploy/data/assets/adam/assets/shoulderYawLeft_0.obj,deploy/data/assets/adam/assets/shoulderYawLeft_0.obj,unchanged,same,39c168070d2629582cc8483b39ec15fa92c83233386662d6d9bfbbb10c056728,39c168070d2629582cc8483b39ec15fa92c83233386662d6d9bfbbb10c056728
deploy/data/assets/adam/assets/toeLeft_1.obj,deploy/data/assets/adam/assets/toeLeft_1.obj,unchanged,same,ba465764c60f44efac51abf7502f7b4831d2a62842bb06476133b9cb831135d1,ba465764c60f44efac51abf7502f7b4831d2a62842bb06476133b9cb831135d1
deploy/data/assets/adam/assets/shoulderRollLeft_0.obj,deploy/data/assets/adam/assets/shoulderRollLeft_0.obj,unchanged,same,37477aac7191501e90d5230f132a39e09a7b40d40093bb4c1cb69e88a12c521c,37477aac7191501e90d5230f132a39e09a7b40d40093bb4c1cb69e88a12c521c
deploy/data/assets/adam/assets/L_pinky_distal.obj,deploy/data/assets/adam/assets/L_pinky_distal.obj,unchanged,same,4708961238dbed8dffde15e1b383ca77386af5d77404875be1f928465db2eead,4708961238dbed8dffde15e1b383ca77386af5d77404875be1f928465db2eead
deploy/data/assets/adam/assets/R_middle_proximal.obj,deploy/data/assets/adam/assets/R_middle_proximal.obj,unchanged,same,a609ad2aa27814988d6d7a9983d2299d4c111f34eb6d363c40cd87a4aa50c132,a609ad2aa27814988d6d7a9983d2299d4c111f34eb6d363c40cd87a4aa50c132
deploy/data/assets/adam/assets/shinRight_3.obj,deploy/data/assets/adam/assets/shinRight_3.obj,unchanged,same,cafcdf45758692b3ddfeebd06b60ea6ff69522e0ea50cd1d71797f152bb6ae8c,cafcdf45758692b3ddfeebd06b60ea6ff69522e0ea50cd1d71797f152bb6ae8c
deploy/data/assets/adam/assets/toeRight_2.obj,deploy/data/assets/adam/assets/toeRight_2.obj,unchanged,same,287f2f4e47c68f395b6172d797f1fe04edb3403592c0184f9ac8da33df98b06c,287f2f4e47c68f395b6172d797f1fe04edb3403592c0184f9ac8da33df98b06c
deploy/data/assets/adam/assets/shinLeft_1.obj,deploy/data/assets/adam/assets/shinLeft_1.obj,unchanged,same,5034287131f8cf7791cf5e2ce9c8a09fa8005e0986389918d705ab6075fdaae6,5034287131f8cf7791cf5e2ce9c8a09fa8005e0986389918d705ab6075fdaae6
deploy/data/assets/adam/assets/elbowLeft_0.obj,deploy/data/assets/adam/assets/elbowLeft_0.obj,unchanged,same,223061d3c7ef4413ef1bd9f8cea3ec07ef3105f1e738f8383b8b0ef0b7e82327,223061d3c7ef4413ef1bd9f8cea3ec07ef3105f1e738f8383b8b0ef0b7e82327
deploy/data/assets/adam/assets/shoulderRollRight_1.obj,deploy/data/assets/adam/assets/shoulderRollRight_1.obj,unchanged,same,9dfd4b7c1aef1d3082726a0c018ff227cd7f55579514e1e89516fc19e3001d65,9dfd4b7c1aef1d3082726a0c018ff227cd7f55579514e1e89516fc19e3001d65
deploy/data/assets/adam/assets/waistPitch_0.obj,deploy/data/assets/adam/assets/waistPitch_0.obj,unchanged,same,0e8d55efc8901d80e242fb7848e454564d17f5e182afdd46e52d7d699c37c021,0e8d55efc8901d80e242fb7848e454564d17f5e182afdd46e52d7d699c37c021
deploy/data/assets/adam/assets/R_middle_distal.obj,deploy/data/assets/adam/assets/R_middle_distal.obj,unchanged,same,7a656210acddb168ebbf3ec19039ae1c26f4dd59bed0f25df110ee1f74179193,7a656210acddb168ebbf3ec19039ae1c26f4dd59bed0f25df110ee1f74179193
deploy/data/assets/adam/assets/hipRollRight_1.obj,deploy/data/assets/adam/assets/hipRollRight_1.obj,unchanged,same,dee4fc2a97578f6a80bd6f0dd5067776caae099594592b3014bab025a1213ca4,dee4fc2a97578f6a80bd6f0dd5067776caae099594592b3014bab025a1213ca4
deploy/data/assets/adam/assets/R_index_distalR_middle_proximal.obj,deploy/data/assets/adam/assets/R_index_distalR_middle_proximal.obj,unchanged,same,00d7a18e49318e8c58277d7db65a00ec8022ca6ccb878de28a79e5af89a39c4c,00d7a18e49318e8c58277d7db65a00ec8022ca6ccb878de28a79e5af89a39c4c
deploy/data/assets/adam/assets/inspire_Left_0.obj,deploy/data/assets/adam/assets/inspire_Left_0.obj,unchanged,same,a9f3e0c98742c31a12eb2b8a8ea10c124acbd811f05165c4eed8165b2ff66ef5,a9f3e0c98742c31a12eb2b8a8ea10c124acbd811f05165c4eed8165b2ff66ef5
deploy/data/assets/adam/assets/L_ring_proximal.obj,deploy/data/assets/adam/assets/L_ring_proximal.obj,unchanged,same,bc877272dfb24aed6ffe177e5ab748453a96e52d0921bca815a4e4bc34ffc922,bc877272dfb24aed6ffe177e5ab748453a96e52d0921bca815a4e4bc34ffc922
deploy/data/assets/adam/assets/wristYawLeft_0_lite.obj,deploy/data/assets/adam/assets/wristYawLeft_0_lite.obj,unchanged,same,895fdc6c76fe37474820b73aeac2ef9fc7b17b9c3a24344d97f89df6f18af26b,895fdc6c76fe37474820b73aeac2ef9fc7b17b9c3a24344d97f89df6f18af26b
deploy/data/assets/adam/assets/toeLeft_0.obj,deploy/data/assets/adam/assets/toeLeft_0.obj,unchanged,same,3ea11497df2ba5a44c8c3e30223e3e3557537281bf9ef9dfd110463a82bd96ad,3ea11497df2ba5a44c8c3e30223e3e3557537281bf9ef9dfd110463a82bd96ad
deploy/data/assets/adam/assets/toeRight_1.obj,deploy/data/assets/adam/assets/toeRight_1.obj,unchanged,same,43b943cfd5a8e4caec1647c32bc91d70d2bc0ba45e1dfd3695d57898425eaa2e,43b943cfd5a8e4caec1647c32bc91d70d2bc0ba45e1dfd3695d57898425eaa2e
deploy/data/assets/adam/assets/L_middle_proximal.obj,deploy/data/assets/adam/assets/L_middle_proximal.obj,unchanged,same,55bff04b73ad0108e6ddd7461294d5d2520bffd55ae42f3b739ef654b89e4393,55bff04b73ad0108e6ddd7461294d5d2520bffd55ae42f3b739ef654b89e4393
deploy/data/assets/adam/assets/L_pinky_proximal.obj,deploy/data/assets/adam/assets/L_pinky_proximal.obj,unchanged,same,167c1d5e6c668db0c00aa8f1219b35c6ec3cc0c2069410199c8d9ac04eec9842,167c1d5e6c668db0c00aa8f1219b35c6ec3cc0c2069410199c8d9ac04eec9842
deploy/data/assets/adam/assets/hipPitchLeft_3.obj,deploy/data/assets/adam/assets/hipPitchLeft_3.obj,unchanged,same,189bad1a53d672b7cd730c5dc5f31cffa1d7f1191197fa7d40c6b97146298245,189bad1a53d672b7cd730c5dc5f31cffa1d7f1191197fa7d40c6b97146298245
deploy/data/assets/adam/assets/torso_3.obj,deploy/data/assets/adam/assets/torso_3.obj,unchanged,same,516c323ecec91561a46a92707dc185d598b49a5b3351c54d93fc890a97a03dbf,516c323ecec91561a46a92707dc185d598b49a5b3351c54d93fc890a97a03dbf
deploy/data/assets/adam/assets/thighLeft_2.obj,deploy/data/assets/adam/assets/thighLeft_2.obj,unchanged,same,dd5d5439573e4ef49b7921929a949ee232dc6a1b972773c63b34ee87e6b3cac2,dd5d5439573e4ef49b7921929a949ee232dc6a1b972773c63b34ee87e6b3cac2
deploy/data/assets/adam/assets/toeLeft_3.obj,deploy/data/assets/adam/assets/toeLeft_3.obj,unchanged,same,20bc51f05b24db5efca3040f768b83d132f0b22c85ff72b177d864602fc545ab,20bc51f05b24db5efca3040f768b83d132f0b22c85ff72b177d864602fc545ab
deploy/data/assets/adam/assets/wristYawLeft_0.obj,deploy/data/assets/adam/assets/wristYawLeft_0.obj,unchanged,same,273a2670bc6f829847975c8df69ed7c359dbf53e4a9240bfdef50df069a37485,273a2670bc6f829847975c8df69ed7c359dbf53e4a9240bfdef50df069a37485
deploy/data/assets/adam/assets/toeLeft_2.obj,deploy/data/assets/adam/assets/toeLeft_2.obj,unchanged,same,fe2e849a5141f80258eaf6122d32166ab20b952eeb4290e5f826c361675d360c,fe2e849a5141f80258eaf6122d32166ab20b952eeb4290e5f826c361675d360c
deploy/data/assets/adam/assets/shoulderRollRight_0.obj,deploy/data/assets/adam/assets/shoulderRollRight_0.obj,unchanged,same,8b06bea45664164a7c2f6ae7f0b1cc2df7aee0a6550a008fecd42e3f334c55e4,8b06bea45664164a7c2f6ae7f0b1cc2df7aee0a6550a008fecd42e3f334c55e4
deploy/data/assets/adam/assets/urdf.png,deploy/data/assets/adam/assets/urdf.png,unchanged,same,ff8d07d76b7004984b78c3d6a951baa1221629557afdd80d607a11976867d1e9,ff8d07d76b7004984b78c3d6a951baa1221629557afdd80d607a11976867d1e9
deploy/data/assets/adam/assets/hipPitchLeft_1.obj,deploy/data/assets/adam/assets/hipPitchLeft_1.obj,unchanged,same,7b8f8089bcb23188a46c53f214928a36a54441632d950922986607aa526d2457,7b8f8089bcb23188a46c53f214928a36a54441632d950922986607aa526d2457
deploy/data/assets/adam/assets/R_thumb_intermediate.obj,deploy/data/assets/adam/assets/R_thumb_intermediate.obj,unchanged,same,c546c5a7354f75feb4c823ad98a4055f0c0a5d40e9b7ec27e9cd0c9ed5a5be79,c546c5a7354f75feb4c823ad98a4055f0c0a5d40e9b7ec27e9cd0c9ed5a5be79
deploy/data/assets/adam/assets/L_index_distal.obj,deploy/data/assets/adam/assets/L_index_distal.obj,unchanged,same,7c5b4b2cdde1c24a71e0ab748a3057d08ccbadd7dad8c0ac79d2ab0a3b60264c,7c5b4b2cdde1c24a71e0ab748a3057d08ccbadd7dad8c0ac79d2ab0a3b60264c
deploy/data/assets/adam/assets/waistRoll_1.obj,deploy/data/assets/adam/assets/waistRoll_1.obj,unchanged,same,f88ed7dcbb8234666b495694fa1ebf6d56155ff405dc5224824d15ba4cdc4921,f88ed7dcbb8234666b495694fa1ebf6d56155ff405dc5224824d15ba4cdc4921
deploy/data/assets/adam/assets/shoulderYawRight_1.obj,deploy/data/assets/adam/assets/shoulderYawRight_1.obj,unchanged,same,a5240d7ff391ca26e6a8d4ed138247f0d8886641d6f945238f861545951e64ec,a5240d7ff391ca26e6a8d4ed138247f0d8886641d6f945238f861545951e64ec
deploy/data/assets/adam/assets/wristYawRight_1_lite.obj,deploy/data/assets/adam/assets/wristYawRight_1_lite.obj,unchanged,same,a2ef5c2315accf472bf99fce7561080ea1cdeddd6e47bd6d4c916dd022e9ad86,a2ef5c2315accf472bf99fce7561080ea1cdeddd6e47bd6d4c916dd022e9ad86
deploy/data/assets/adam/assets/torso_1.obj,deploy/data/assets/adam/assets/torso_1.obj,unchanged,same,d678a84d1497d40b67cb9565fbae84a1bccc8f7b24181e0cc6ff2a24135fb4c8,d678a84d1497d40b67cb9565fbae84a1bccc8f7b24181e0cc6ff2a24135fb4c8
deploy/data/assets/adam/assets/pelvis_1.obj,deploy/data/assets/adam/assets/pelvis_1.obj,unchanged,same,15490ad7923c81b17b1f0b7a35280eb4d9fd70b9786bbce3d9fac8f36ea118b3,15490ad7923c81b17b1f0b7a35280eb4d9fd70b9786bbce3d9fac8f36ea118b3
deploy/data/assets/adam/assets/R_pinky_distal.obj,deploy/data/assets/adam/assets/R_pinky_distal.obj,unchanged,same,9de10ba4f5e419f37de66cf93b58a24ebb3c465a54daf72c43ee8d1fdd115197,9de10ba4f5e419f37de66cf93b58a24ebb3c465a54daf72c43ee8d1fdd115197
deploy/data/assets/adam/assets/shinRight_0.obj,deploy/data/assets/adam/assets/shinRight_0.obj,unchanged,same,0d71df7145abf772bc62ff6978229f5b83fdf052a054d0417d07dd6a819b94e9,0d71df7145abf772bc62ff6978229f5b83fdf052a054d0417d07dd6a819b94e9
deploy/data/assets/adam/assets/elbowRight_1.obj,deploy/data/assets/adam/assets/elbowRight_1.obj,unchanged,same,142d70adb8ec0e2924c85b42d8fec6d10be53566d60fc790c8ab176784b3ec47,142d70adb8ec0e2924c85b42d8fec6d10be53566d60fc790c8ab176784b3ec47
deploy/data/assets/adam/assets/shoulderRollRight_2.obj,deploy/data/assets/adam/assets/shoulderRollRight_2.obj,unchanged,same,19b919b35eee7aa23829a1828f8a68a2d6f972ffcacec23cc3566ad1bb78d04c,19b919b35eee7aa23829a1828f8a68a2d6f972ffcacec23cc3566ad1bb78d04c
deploy/data/assets/adam/assets/inspire_Right_0.obj,deploy/data/assets/adam/assets/inspire_Right_0.obj,unchanged,same,84fde22b30fc4ea09bbe8bbc52dd45e630b68aad066bf969b9a934d6ad7eda82,84fde22b30fc4ea09bbe8bbc52dd45e630b68aad066bf969b9a934d6ad7eda82
deploy/data/assets/adam/assets/shinLeft_0.obj,deploy/data/assets/adam/assets/shinLeft_0.obj,unchanged,same,629c5cdfca106a9b519b78a6800f33c88c53417927b4f4fd01c50434fa9c1510,629c5cdfca106a9b519b78a6800f33c88c53417927b4f4fd01c50434fa9c1510
deploy/data/assets/adam/assets/vn100-0001.obj,deploy/data/assets/adam/assets/vn100-0001.obj,unchanged,same,794c63281ee290d0938866c2647dba5eafaf8b8d70c7cf2fa6de68209846d8d3,794c63281ee290d0938866c2647dba5eafaf8b8d70c7cf2fa6de68209846d8d3
deploy/data/assets/adam/assets/shinLeft_3.obj,deploy/data/assets/adam/assets/shinLeft_3.obj,unchanged,same,7bd94104422ca9a597e33934e0dca83bb8606ff6bec3944e851e4091acf25b6e,7bd94104422ca9a597e33934e0dca83bb8606ff6bec3944e851e4091acf25b6e
deploy/data/assets/adam/assets/waistRoll_0.obj,deploy/data/assets/adam/assets/waistRoll_0.obj,unchanged,same,639b68d7915c9f6be9b58b88cad3fd75df834f84b1aaa92260dac756d8fcc88a,639b68d7915c9f6be9b58b88cad3fd75df834f84b1aaa92260dac756d8fcc88a
deploy/data/assets/adam/assets/hipPitchRight_0.obj,deploy/data/assets/adam/assets/hipPitchRight_0.obj,unchanged,same,0be237ba69b0820bf522268545ab9978e1edbe51a92d2838337ff5f85c4c0280,0be237ba69b0820bf522268545ab9978e1edbe51a92d2838337ff5f85c4c0280
deploy/data/assets/adam/assets/R_thumb_proximal.obj,deploy/data/assets/adam/assets/R_thumb_proximal.obj,unchanged,same,7dd99e9bc90dac75d768d2cc07016661e063363b8376e09d14511f2ee46e11f6,7dd99e9bc90dac75d768d2cc07016661e063363b8376e09d14511f2ee46e11f6
deploy/data/assets/adam/assets/shoulderRollRight_3.obj,deploy/data/assets/adam/assets/shoulderRollRight_3.obj,unchanged,same,3db7a3b6b71dc383129200bc5e18e054e650faee53219e77cd84c84adbc30c4d,3db7a3b6b71dc383129200bc5e18e054e650faee53219e77cd84c84adbc30c4d
deploy/data/assets/adam/assets/hipPitchRight_3.obj,deploy/data/assets/adam/assets/hipPitchRight_3.obj,unchanged,same,33e150c44ba12ea685ec6e7e167967174127ed6e4ba33cd484deb6cd2809a3c6,33e150c44ba12ea685ec6e7e167967174127ed6e4ba33cd484deb6cd2809a3c6
deploy/data/assets/adam/assets/wristYawRight_0_lite.obj,deploy/data/assets/adam/assets/wristYawRight_0_lite.obj,unchanged,same,24c32ece5836540550dc621b7fad4cdbb67db25361923c6d99aea0fc2fbdfad8,24c32ece5836540550dc621b7fad4cdbb67db25361923c6d99aea0fc2fbdfad8
deploy/data/assets/adam/assets/wristPitchRight.obj,deploy/data/assets/adam/assets/wristPitchRight.obj,unchanged,same,3cdc089eb09f0cf69c3acba87747b8b3135d4e3014d7358e5555584c0e67bf71,3cdc089eb09f0cf69c3acba87747b8b3135d4e3014d7358e5555584c0e67bf71
deploy/data/assets/adam/assets/shoulderRollRight_4.obj,deploy/data/assets/adam/assets/shoulderRollRight_4.obj,unchanged,same,2f71fc34bb0d371713bf3c506f77be4221c5a422d67d48d7362a566963177355,2f71fc34bb0d371713bf3c506f77be4221c5a422d67d48d7362a566963177355
deploy/data/assets/adam/assets/shoulderRollLeft_1.obj,deploy/data/assets/adam/assets/shoulderRollLeft_1.obj,unchanged,same,96133a4534c78446b4af4bd839ca268a9089b154a9e6dda65ff3642459976cba,96133a4534c78446b4af4bd839ca268a9089b154a9e6dda65ff3642459976cba
deploy/data/assets/adam/assets/hipRollRight_0.obj,deploy/data/assets/adam/assets/hipRollRight_0.obj,unchanged,same,e7fcdbba5afee6420a7ad1c4a1895c709d27b1988a4aa1aa53bbeece09b732a7,e7fcdbba5afee6420a7ad1c4a1895c709d27b1988a4aa1aa53bbeece09b732a7
deploy/data/assets/adam/assets/thighRight_0.obj,deploy/data/assets/adam/assets/thighRight_0.obj,unchanged,same,6f450d9bb8ad88a419afe1beacc94f55abb8ac91f23ee9bf87c9e44b0cfe121f,6f450d9bb8ad88a419afe1beacc94f55abb8ac91f23ee9bf87c9e44b0cfe121f
deploy/data/assets/adam/assets/R_index_proximal.obj,deploy/data/assets/adam/assets/R_index_proximal.obj,unchanged,same,c0b0794b8031a412b40d1c85fd14bd0cb5303f3fa2f2e43ecdc6a9cecd9fc1c5,c0b0794b8031a412b40d1c85fd14bd0cb5303f3fa2f2e43ecdc6a9cecd9fc1c5
deploy/data/assets/adam/assets/shoulderRollLeft_4.obj,deploy/data/assets/adam/assets/shoulderRollLeft_4.obj,unchanged,same,479163870afadc5248bc375a7c08d0e68ed987aa662a5b31fa331ac960fe25b1,479163870afadc5248bc375a7c08d0e68ed987aa662a5b31fa331ac960fe25b1
deploy/data/assets/adam/assets/pelvis_0.obj,deploy/data/assets/adam/assets/pelvis_0.obj,unchanged,same,f0c7ae98b1504f58721b6299e6fcdd65bd64462b285ff10b07cd609eb6cbe112,f0c7ae98b1504f58721b6299e6fcdd65bd64462b285ff10b07cd609eb6cbe112
deploy/data/assets/adam/assets/hipRollRight_3.obj,deploy/data/assets/adam/assets/hipRollRight_3.obj,unchanged,same,1a4813fbe37becf3a4d448485d1b29e153a4a591bc02edc15cd81f56f946d084,1a4813fbe37becf3a4d448485d1b29e153a4a591bc02edc15cd81f56f946d084
deploy/data/assets/adam/assets/wristYawRight_0.obj,deploy/data/assets/adam/assets/wristYawRight_0.obj,unchanged,same,00e2c9308fa36ccf3cf5a91ae67b0f56263a39fe773107148f0ae7d381e4985e,00e2c9308fa36ccf3cf5a91ae67b0f56263a39fe773107148f0ae7d381e4985e
deploy/data/assets/adam/assets/L_ring_distal.obj,deploy/data/assets/adam/assets/L_ring_distal.obj,unchanged,same,b3e13aca904ba0c45a14ddb219ba4486b36fae219f9d3d3f58723816ddc53458,b3e13aca904ba0c45a14ddb219ba4486b36fae219f9d3d3f58723816ddc53458
deploy/data/assets/adam/assets/wristYawLeft_1_lite.obj,deploy/data/assets/adam/assets/wristYawLeft_1_lite.obj,unchanged,same,3d41d7e57c50300833c4277efc2c86268b4bceaf3aa9167b16605fe1483e059e,3d41d7e57c50300833c4277efc2c86268b4bceaf3aa9167b16605fe1483e059e
deploy/data/assets/adam/assets/hipRollRight_2.obj,deploy/data/assets/adam/assets/hipRollRight_2.obj,unchanged,same,de1ec799b97a8de0baf446cb1e2d88405393725b756cfc9f1da134e576cdc759,de1ec799b97a8de0baf446cb1e2d88405393725b756cfc9f1da134e576cdc759
deploy/data/assets/adam/assets/L_thumb_proximal_base.obj,deploy/data/assets/adam/assets/L_thumb_proximal_base.obj,unchanged,same,3ddd8dc2f986c1f7815989615031e6c27a918e9309ec6b110486e9bc8ccb0379,3ddd8dc2f986c1f7815989615031e6c27a918e9309ec6b110486e9bc8ccb0379
deploy/data/assets/adam/assets/thighRight_1.obj,deploy/data/assets/adam/assets/thighRight_1.obj,unchanged,same,c812f1b9c1614475fa3ea27dc16bc4a6eb0d9bf6831737e90db62834bd8ab8ae,c812f1b9c1614475fa3ea27dc16bc4a6eb0d9bf6831737e90db62834bd8ab8ae
deploy/data/assets/adam/assets/R_ring_distal.obj,deploy/data/assets/adam/assets/R_ring_distal.obj,unchanged,same,655282a7fc503221d6551f1f5ff26e83f0f34bf8dcb39a5d6978e4a4d58dee8b,655282a7fc503221d6551f1f5ff26e83f0f34bf8dcb39a5d6978e4a4d58dee8b
deploy/data/assets/adam/assets/R_thumb_distal.obj,deploy/data/assets/adam/assets/R_thumb_distal.obj,unchanged,same,a41ac1574af585fd1bd4b802a05b01adee4431d08b107cb310f7e81130c214e8,a41ac1574af585fd1bd4b802a05b01adee4431d08b107cb310f7e81130c214e8
deploy/data/assets/adam/assets/elbowRight_0.obj,deploy/data/assets/adam/assets/elbowRight_0.obj,unchanged,same,fb6916743cd0a0996714fadd0a5a89f60318b454a77e53e3de6e63c6051e6322,fb6916743cd0a0996714fadd0a5a89f60318b454a77e53e3de6e63c6051e6322
deploy/data/assets/adam/assets/pelvis_2.obj,deploy/data/assets/adam/assets/pelvis_2.obj,unchanged,same,71ae2ecd1308b65efde4a1bdad99958b4055a3caa0d1bbf8154acabd05944454,71ae2ecd1308b65efde4a1bdad99958b4055a3caa0d1bbf8154acabd05944454
deploy/data/assets/adam/assets/shinLeft_2.obj,deploy/data/assets/adam/assets/shinLeft_2.obj,unchanged,same,df88fddc6727e3a4803913d2f149c5d766d2d50c1b3ee6683748693a8c4813e5,df88fddc6727e3a4803913d2f149c5d766d2d50c1b3ee6683748693a8c4813e5
deploy/data/assets/h1/h1_19dof.xml,deploy/data/assets/h1/h1_19dof.xml,unchanged,same,00eee23c3484a2950e951980b428bdff8efdbd3b1ead4d54b7e7f2c0f2adc577,00eee23c3484a2950e951980b428bdff8efdbd3b1ead4d54b7e7f2c0f2adc577
deploy/data/assets/h1/h1_19dof.urdf,deploy/data/assets/h1/h1_19dof.urdf,unchanged,same,106a7f485011bbfed512d4847a38ad42e7d3e33015cb049a67e49ca320939b75,106a7f485011bbfed512d4847a38ad42e7d3e33015cb049a67e49ca320939b75
deploy/data/assets/h1/meshes/right_hand_link.STL,deploy/data/assets/h1/meshes/right_hand_link.STL,unchanged,same,8bdf9e424ffcad03646a354fe5a4a08515e523c081070afabcadc9f5f03132e1,8bdf9e424ffcad03646a354fe5a4a08515e523c081070afabcadc9f5f03132e1
deploy/data/assets/h1/meshes/left_shoulder_pitch_link.dae,deploy/data/assets/h1/meshes/left_shoulder_pitch_link.dae,unchanged,same,56a719b18566057814444d6b1033f0119e771f727d6a0eccaae3bc9a48657677,56a719b18566057814444d6b1033f0119e771f727d6a0eccaae3bc9a48657677
deploy/data/assets/h1/meshes/left_knee_link.STL,deploy/data/assets/h1/meshes/left_knee_link.STL,unchanged,same,efda8a6c54406c788102c0d6e59ea95e24114607bc2da9a2bf7f287ef7e48109,efda8a6c54406c788102c0d6e59ea95e24114607bc2da9a2bf7f287ef7e48109
deploy/data/assets/h1/meshes/left_hip_yaw_link.STL,deploy/data/assets/h1/meshes/left_hip_yaw_link.STL,unchanged,same,103a854e684b84e1baba7d073822079069c64d0fa7b1592f29d38bd29f545bfb,103a854e684b84e1baba7d073822079069c64d0fa7b1592f29d38bd29f545bfb
deploy/data/assets/h1/meshes/Link19_L.STL,deploy/data/assets/h1/meshes/Link19_L.STL,unchanged,same,cbb256a70c17e21c995df66807f0755dc136d0312df245112d6d4bfcd29c43a4,cbb256a70c17e21c995df66807f0755dc136d0312df245112d6d4bfcd29c43a4
deploy/data/assets/h1/meshes/pelvis.dae,deploy/data/assets/h1/meshes/pelvis.dae,unchanged,same,24e36ede8a5aaac28e3acacbb2f81fe75111d6b6a295584808fb482fdddda16e,24e36ede8a5aaac28e3acacbb2f81fe75111d6b6a295584808fb482fdddda16e
deploy/data/assets/h1/meshes/Link13_L.STL,deploy/data/assets/h1/meshes/Link13_L.STL,unchanged,same,7e93b55f2ae73fe0f62cd27e81d8a4620211068cb1c9b25e6414e802a37541ee,7e93b55f2ae73fe0f62cd27e81d8a4620211068cb1c9b25e6414e802a37541ee
deploy/data/assets/h1/meshes/Link14_L.STL,deploy/data/assets/h1/meshes/Link14_L.STL,unchanged,same,b677bcdcddcd90ff4b005f83daa9e50eb4003d5e67ea4eeefbf857718716c164,b677bcdcddcd90ff4b005f83daa9e50eb4003d5e67ea4eeefbf857718716c164
deploy/data/assets/h1/meshes/right_knee_link.STL,deploy/data/assets/h1/meshes/right_knee_link.STL,unchanged,same,6183abbaef2afc775c220853e403b8479022a99954dbeef829b39d71916ddeda,6183abbaef2afc775c220853e403b8479022a99954dbeef829b39d71916ddeda
deploy/data/assets/h1/meshes/right_shoulder_pitch_link.STL,deploy/data/assets/h1/meshes/right_shoulder_pitch_link.STL,unchanged,same,850ffa7321993bfadcdb8bab1d422239f6a20abe27daa5ef99622f55d4da3217,850ffa7321993bfadcdb8bab1d422239f6a20abe27daa5ef99622f55d4da3217
deploy/data/assets/h1/meshes/right_hand_link.dae,deploy/data/assets/h1/meshes/right_hand_link.dae,unchanged,same,836372bb748c1d03535d11003c6734b05bbd3c3ba08b9523f318ff1e336f9617,836372bb748c1d03535d11003c6734b05bbd3c3ba08b9523f318ff1e336f9617
deploy/data/assets/h1/meshes/Link16_L.STL,deploy/data/assets/h1/meshes/Link16_L.STL,unchanged,same,7d8508c65db44e2349f37e8ab4c057d204a40093d4733897ae5b51075b00f5e9,7d8508c65db44e2349f37e8ab4c057d204a40093d4733897ae5b51075b00f5e9
deploy/data/assets/h1/meshes/right_shoulder_roll_link.dae,deploy/data/assets/h1/meshes/right_shoulder_roll_link.dae,unchanged,same,55db5e6b5706be812882d57acb3c2715762dc4ec176cffa423a2047938c3fff6,55db5e6b5706be812882d57acb3c2715762dc4ec176cffa423a2047938c3fff6
deploy/data/assets/h1/meshes/Link16_R.STL,deploy/data/assets/h1/meshes/Link16_R.STL,unchanged,same,6942ada1189cdf442124c6b8935f3e3a3ae310092a3a1414fdeb0bd6d23578bb,6942ada1189cdf442124c6b8935f3e3a3ae310092a3a1414fdeb0bd6d23578bb
deploy/data/assets/h1/meshes/Link21_L.dae,deploy/data/assets/h1/meshes/Link21_L.dae,unchanged,same,59280fa877b8ddca4e6f44d528b869588aa8cb130c67f20f40200c239d745427,59280fa877b8ddca4e6f44d528b869588aa8cb130c67f20f40200c239d745427
deploy/data/assets/h1/meshes/L_hand_base_link.dae,deploy/data/assets/h1/meshes/L_hand_base_link.dae,unchanged,same,b9a86e815797d4e231d9845957bfdbdcfe6b0e80d76a98d0b8afa80a403fd0f6,b9a86e815797d4e231d9845957bfdbdcfe6b0e80d76a98d0b8afa80a403fd0f6
deploy/data/assets/h1/meshes/left_hand_link.STL,deploy/data/assets/h1/meshes/left_hand_link.STL,unchanged,same,8bdf9e424ffcad03646a354fe5a4a08515e523c081070afabcadc9f5f03132e1,8bdf9e424ffcad03646a354fe5a4a08515e523c081070afabcadc9f5f03132e1
deploy/data/assets/h1/meshes/Link21_R.dae,deploy/data/assets/h1/meshes/Link21_R.dae,unchanged,same,d530c1b6620dc67d916b92cafa93b6dc9ad418badcf4fa50ead6bcef25c0cc88,d530c1b6620dc67d916b92cafa93b6dc9ad418badcf4fa50ead6bcef25c0cc88
deploy/data/assets/h1/meshes/Link17_L.dae,deploy/data/assets/h1/meshes/Link17_L.dae,unchanged,same,c4ce49aeb921a3b8ecfd84ca52be3e537d4de34d076ed21e02e02a04c8cf80c7,c4ce49aeb921a3b8ecfd84ca52be3e537d4de34d076ed21e02e02a04c8cf80c7
deploy/data/assets/h1/meshes/left_elbow_link.dae,deploy/data/assets/h1/meshes/left_elbow_link.dae,unchanged,same,355a8d23dd79420a043b0f35f44202ac10b4ad26b42b44e7c26f1fec771ef8a5,355a8d23dd79420a043b0f35f44202ac10b4ad26b42b44e7c26f1fec771ef8a5
deploy/data/assets/h1/meshes/Link19_R.dae,deploy/data/assets/h1/meshes/Link19_R.dae,unchanged,same,1d479e3c6afa82ecb69844aee16663d7efffd067ebd008364c7fad9c6b67871e,1d479e3c6afa82ecb69844aee16663d7efffd067ebd008364c7fad9c6b67871e
deploy/data/assets/h1/meshes/Link13_R.dae,deploy/data/assets/h1/meshes/Link13_R.dae,unchanged,same,f13da55f7af316e2ec6c0f9023c730bbd326d5f1b2761cd5f21ef091d49301a4,f13da55f7af316e2ec6c0f9023c730bbd326d5f1b2761cd5f21ef091d49301a4
deploy/data/assets/h1/meshes/left_ankle_link.STL,deploy/data/assets/h1/meshes/left_ankle_link.STL,unchanged,same,4af30aca229a4465b2249d298ebd67d5859a2eeade8c2015035e9c0deb06a33a,4af30aca229a4465b2249d298ebd67d5859a2eeade8c2015035e9c0deb06a33a
deploy/data/assets/h1/meshes/Link11_L.dae,deploy/data/assets/h1/meshes/Link11_L.dae,unchanged,same,6f1e5240d9f533e55b908dc360242a27461dcfa3a46c8c782c096fef8da897c4,6f1e5240d9f533e55b908dc360242a27461dcfa3a46c8c782c096fef8da897c4
deploy/data/assets/h1/meshes/Link13_R.STL,deploy/data/assets/h1/meshes/Link13_R.STL,unchanged,same,c157dfe5b666efb1c3d51342e56f5caad2fc350930ac21ee1e02d956c1034ca3,c157dfe5b666efb1c3d51342e56f5caad2fc350930ac21ee1e02d956c1034ca3
deploy/data/assets/h1/meshes/left_hip_yaw_link.dae,deploy/data/assets/h1/meshes/left_hip_yaw_link.dae,unchanged,same,c5e144dc68175d9961919780341b1b6548579f1117ef2003418b84a29b6ed044,c5e144dc68175d9961919780341b1b6548579f1117ef2003418b84a29b6ed044
deploy/data/assets/h1/meshes/left_hip_roll_link.STL,deploy/data/assets/h1/meshes/left_hip_roll_link.STL,unchanged,same,8ed880cf1171e048cfe50489fe2546c32790ac0c24a2b3b4c560495401013552,8ed880cf1171e048cfe50489fe2546c32790ac0c24a2b3b4c560495401013552
deploy/data/assets/h1/meshes/Link22_L.STL,deploy/data/assets/h1/meshes/Link22_L.STL,unchanged,same,5e64ea976ecf08c46e8cb80a5dd56ee3e8c5f36a0573ab3c69160d9337f941e1,5e64ea976ecf08c46e8cb80a5dd56ee3e8c5f36a0573ab3c69160d9337f941e1
deploy/data/assets/h1/meshes/Link11_R.STL,deploy/data/assets/h1/meshes/Link11_R.STL,unchanged,same,b49b6463f801f0402bac9c65bb989c4097f6d2c1fa1597ba560aedd640561778,b49b6463f801f0402bac9c65bb989c4097f6d2c1fa1597ba560aedd640561778
deploy/data/assets/h1/meshes/left_knee_link.dae,deploy/data/assets/h1/meshes/left_knee_link.dae,unchanged,same,7a02155f61f41e8035225536c6daa61d80e71e7c5ce7db54a929fb8e47ea8937,7a02155f61f41e8035225536c6daa61d80e71e7c5ce7db54a929fb8e47ea8937
deploy/data/assets/h1/meshes/logo_link.STL,deploy/data/assets/h1/meshes/logo_link.STL,unchanged,same,ef9635c847ca7cd61aeaed86ad599935b648fb6f8688867c0448917b1811511b,ef9635c847ca7cd61aeaed86ad599935b648fb6f8688867c0448917b1811511b
deploy/data/assets/h1/meshes/right_hip_pitch_link.STL,deploy/data/assets/h1/meshes/right_hip_pitch_link.STL,unchanged,same,3c0300dd96432f218857886007e9d4e8be038cd8b85e04e84a59df4de7f90476,3c0300dd96432f218857886007e9d4e8be038cd8b85e04e84a59df4de7f90476
deploy/data/assets/h1/meshes/Link14_R.STL,deploy/data/assets/h1/meshes/Link14_R.STL,unchanged,same,564aa8c3d2ff0e51b75736a8b01b4c309c7098582a424ea1391ccb75125519d8,564aa8c3d2ff0e51b75736a8b01b4c309c7098582a424ea1391ccb75125519d8
deploy/data/assets/h1/meshes/left_shoulder_pitch_link.STL,deploy/data/assets/h1/meshes/left_shoulder_pitch_link.STL,unchanged,same,42e1db49464ca0f44f933114ee426e7f6d6310d20cf104bfa38b5ed4794cfab7,42e1db49464ca0f44f933114ee426e7f6d6310d20cf104bfa38b5ed4794cfab7
deploy/data/assets/h1/meshes/left_hip_roll_link.dae,deploy/data/assets/h1/meshes/left_hip_roll_link.dae,unchanged,same,999009172519dfc05d7d09685991e8f435a2af6adcbc33b5fdd43f65d838dc5c,999009172519dfc05d7d09685991e8f435a2af6adcbc33b5fdd43f65d838dc5c
deploy/data/assets/h1/meshes/right_shoulder_pitch_link.dae,deploy/data/assets/h1/meshes/right_shoulder_pitch_link.dae,unchanged,same,eeed4760e9c31508c2f1baf80ae0fff744779d02c50474b9436085f1ef011594,eeed4760e9c31508c2f1baf80ae0fff744779d02c50474b9436085f1ef011594
deploy/data/assets/h1/meshes/R_hand_base_link.dae,deploy/data/assets/h1/meshes/R_hand_base_link.dae,unchanged,same,57ed7af9f4f32d673c525e5ac782dbee4193e4a377a62ba47be0e4ae775c328b,57ed7af9f4f32d673c525e5ac782dbee4193e4a377a62ba47be0e4ae775c328b
deploy/data/assets/h1/meshes/right_hip_yaw_link.dae,deploy/data/assets/h1/meshes/right_hip_yaw_link.dae,unchanged,same,e42d6d6f2f5a56ed000911f80b9247ea06831df369cc6d73da8df3312fdc603b,e42d6d6f2f5a56ed000911f80b9247ea06831df369cc6d73da8df3312fdc603b
deploy/data/assets/h1/meshes/Link11_L.STL,deploy/data/assets/h1/meshes/Link11_L.STL,unchanged,same,d87cb704d80de840555d0a393117d32f9bd5e91425e0458363e0a799aa4e5339,d87cb704d80de840555d0a393117d32f9bd5e91425e0458363e0a799aa4e5339
deploy/data/assets/h1/meshes/right_hip_roll_link.STL,deploy/data/assets/h1/meshes/right_hip_roll_link.STL,unchanged,same,3e95b01b0a215e1d134545d4073cf7a72ab38ca33e35c606c03f1706d63588c6,3e95b01b0a215e1d134545d4073cf7a72ab38ca33e35c606c03f1706d63588c6
deploy/data/assets/h1/meshes/Link17_L.STL,deploy/data/assets/h1/meshes/Link17_L.STL,unchanged,same,ca2a68fed635eca290b234fbdc649779036ba5bac753addcb7ce6a086ad95949,ca2a68fed635eca290b234fbdc649779036ba5bac753addcb7ce6a086ad95949
deploy/data/assets/h1/meshes/Link22_R.STL,deploy/data/assets/h1/meshes/Link22_R.STL,unchanged,same,1aa3fb46f689251ee38f5262b71364c680f70d1ad1dd9c6f1cae8c098b0e8422,1aa3fb46f689251ee38f5262b71364c680f70d1ad1dd9c6f1cae8c098b0e8422
deploy/data/assets/h1/meshes/Link15_L.STL,deploy/data/assets/h1/meshes/Link15_L.STL,unchanged,same,8c601e7aa8e1c91310a75190dfb6b95a8dc981b707e5f104f9ca9ecbea118b34,8c601e7aa8e1c91310a75190dfb6b95a8dc981b707e5f104f9ca9ecbea118b34
deploy/data/assets/h1/meshes/R_hand_base_link.STL,deploy/data/assets/h1/meshes/R_hand_base_link.STL,unchanged,same,b4d84504242a99fa915c4ed5195ce4724c67cb94d9217cd4c254cfb5937ecf5c,b4d84504242a99fa915c4ed5195ce4724c67cb94d9217cd4c254cfb5937ecf5c
deploy/data/assets/h1/meshes/left_shoulder_yaw_link.dae,deploy/data/assets/h1/meshes/left_shoulder_yaw_link.dae,unchanged,same,548088b55ffc970fd740206f2397981e713d29becd828faf7c4a24d631c1c00b,548088b55ffc970fd740206f2397981e713d29becd828faf7c4a24d631c1c00b
deploy/data/assets/h1/meshes/Link21_R.STL,deploy/data/assets/h1/meshes/Link21_R.STL,unchanged,same,ed0a29d2376e8874f724bc2c20384eeec93d8268e59bb8c45628335f7ab6742e,ed0a29d2376e8874f724bc2c20384eeec93d8268e59bb8c45628335f7ab6742e
deploy/data/assets/h1/meshes/Link12_L.dae,deploy/data/assets/h1/meshes/Link12_L.dae,unchanged,same,994d1d45f4b1900d9b25b67553016797b3a52ac764bcf192ae8d87f2625e60f5,994d1d45f4b1900d9b25b67553016797b3a52ac764bcf192ae8d87f2625e60f5
deploy/data/assets/h1/meshes/Link14_R.dae,deploy/data/assets/h1/meshes/Link14_R.dae,unchanged,same,d64b5e3dd4abd8d0df38984c36fc40dfcdced2131b9708d306beb5a95d5d5726,d64b5e3dd4abd8d0df38984c36fc40dfcdced2131b9708d306beb5a95d5d5726
deploy/data/assets/h1/meshes/right_ankle_link.dae,deploy/data/assets/h1/meshes/right_ankle_link.dae,unchanged,same,5100c69c38ec5ebc46c621de8d39355b28a66b753f4b4ee73ae62e7d5e92f946,5100c69c38ec5ebc46c621de8d39355b28a66b753f4b4ee73ae62e7d5e92f946
deploy/data/assets/h1/meshes/Link13_L.dae,deploy/data/assets/h1/meshes/Link13_L.dae,unchanged,same,d845d855fbfafc3fee309e64ed4022a93d805e4d1fd14a813ad7ce29c4adc838,d845d855fbfafc3fee309e64ed4022a93d805e4d1fd14a813ad7ce29c4adc838
deploy/data/assets/h1/meshes/Link21_L.STL,deploy/data/assets/h1/meshes/Link21_L.STL,unchanged,same,180ab4ac01dab60407d0b33819883eb0ec869e4d4f349f786972135c7114fc0d,180ab4ac01dab60407d0b33819883eb0ec869e4d4f349f786972135c7114fc0d
deploy/data/assets/h1/meshes/Link20_L.STL,deploy/data/assets/h1/meshes/Link20_L.STL,unchanged,same,e9145af7a515bce4c1c06d16b5be8900ec3f8375fc8e34d371315ce76f600877,e9145af7a515bce4c1c06d16b5be8900ec3f8375fc8e34d371315ce76f600877
deploy/data/assets/h1/meshes/Link12_L.STL,deploy/data/assets/h1/meshes/Link12_L.STL,unchanged,same,9f35b78a9cab1007ac8b73023a5862ed055d33951b5742f9a783997d38e99551,9f35b78a9cab1007ac8b73023a5862ed055d33951b5742f9a783997d38e99551
deploy/data/assets/h1/meshes/Link20_L.dae,deploy/data/assets/h1/meshes/Link20_L.dae,unchanged,same,5e6661ad5a866220e9fb6a27d91f9d6b3dd71777f9bb94b9577f6745860027c8,5e6661ad5a866220e9fb6a27d91f9d6b3dd71777f9bb94b9577f6745860027c8
deploy/data/assets/h1/meshes/torso_link.dae,deploy/data/assets/h1/meshes/torso_link.dae,unchanged,same,6b1e6762d2e6c53dd3331dd4bccacaeda4b402d2d14000d27a77bfe23283dbb2,6b1e6762d2e6c53dd3331dd4bccacaeda4b402d2d14000d27a77bfe23283dbb2
deploy/data/assets/h1/meshes/Link12_R.STL,deploy/data/assets/h1/meshes/Link12_R.STL,unchanged,same,347212bdb22d80fb364dd889de934d6fbb935e38d1f24c682caed84f7b6ea8cb,347212bdb22d80fb364dd889de934d6fbb935e38d1f24c682caed84f7b6ea8cb
deploy/data/assets/h1/meshes/Link14_L.dae,deploy/data/assets/h1/meshes/Link14_L.dae,unchanged,same,0dad5198cccf03192e611471dff61859446da2d75cd343c5343881e7517910ca,0dad5198cccf03192e611471dff61859446da2d75cd343c5343881e7517910ca
deploy/data/assets/h1/meshes/left_hand_link.dae,deploy/data/assets/h1/meshes/left_hand_link.dae,unchanged,same,92cbdfc08b727decdc8347075ef648e278b258b7c1ae9d707942967f6a9adee4,92cbdfc08b727decdc8347075ef648e278b258b7c1ae9d707942967f6a9adee4
deploy/data/assets/h1/meshes/L_hand_base_link.STL,deploy/data/assets/h1/meshes/L_hand_base_link.STL,unchanged,same,33ab4e97801bd5421903a78f5977a44e477ae8653eaf32358d35633e465411e0,33ab4e97801bd5421903a78f5977a44e477ae8653eaf32358d35633e465411e0
deploy/data/assets/h1/meshes/Link22_R.dae,deploy/data/assets/h1/meshes/Link22_R.dae,unchanged,same,b1687445cca2a406500f8a333d5b0515d53dde84420c1d90caefdaec16f52a1a,b1687445cca2a406500f8a333d5b0515d53dde84420c1d90caefdaec16f52a1a
deploy/data/assets/h1/meshes/Link20_R.STL,deploy/data/assets/h1/meshes/Link20_R.STL,unchanged,same,a517debff6b924c22ae0f87dbb6aac199a1f130c7fef353a7d659e365f30b1f4,a517debff6b924c22ae0f87dbb6aac199a1f130c7fef353a7d659e365f30b1f4
deploy/data/assets/h1/meshes/Link18_R.STL,deploy/data/assets/h1/meshes/Link18_R.STL,unchanged,same,9711fac7df0c09a372e1529f74b9d506d37abf3ebc3241d976ad45e5ee7e2d69,9711fac7df0c09a372e1529f74b9d506d37abf3ebc3241d976ad45e5ee7e2d69
deploy/data/assets/h1/meshes/Link11_R.dae,deploy/data/assets/h1/meshes/Link11_R.dae,unchanged,same,632803c777fd87bcc830fcc4fa2f331fb475a225e37a2fe784cb6ef4db399da9,632803c777fd87bcc830fcc4fa2f331fb475a225e37a2fe784cb6ef4db399da9
deploy/data/assets/h1/meshes/Link16_R.dae,deploy/data/assets/h1/meshes/Link16_R.dae,unchanged,same,cf87d701bad8644a3a625991d6359ca3f75b3753e20591582c3dfdef49d9d775,cf87d701bad8644a3a625991d6359ca3f75b3753e20591582c3dfdef49d9d775
deploy/data/assets/h1/meshes/Link17_R.dae,deploy/data/assets/h1/meshes/Link17_R.dae,unchanged,same,966efdfff156534161960e7aafd7cc902d2be0258df3030310bae99e9aeac3a2,966efdfff156534161960e7aafd7cc902d2be0258df3030310bae99e9aeac3a2
deploy/data/assets/h1/meshes/left_elbow_link.STL,deploy/data/assets/h1/meshes/left_elbow_link.STL,unchanged,same,99cfbf0c4db7d96f002886f1cf556d900a73060dbcf02806c0ab414341168035,99cfbf0c4db7d96f002886f1cf556d900a73060dbcf02806c0ab414341168035
deploy/data/assets/h1/meshes/left_hip_pitch_link.dae,deploy/data/assets/h1/meshes/left_hip_pitch_link.dae,unchanged,same,5c8d8ad83b319b09850e45728fb490d123659c9bb093bcb1c2a54b10f392857b,5c8d8ad83b319b09850e45728fb490d123659c9bb093bcb1c2a54b10f392857b
deploy/data/assets/h1/meshes/right_shoulder_roll_link.STL,deploy/data/assets/h1/meshes/right_shoulder_roll_link.STL,unchanged,same,b9e793e351e09027d27427c06df2c1cb6b37c0205d0f68686b0d73916c6821de,b9e793e351e09027d27427c06df2c1cb6b37c0205d0f68686b0d73916c6821de
deploy/data/assets/h1/meshes/Link18_R.dae,deploy/data/assets/h1/meshes/Link18_R.dae,unchanged,same,639eb062eca64965900d2a87295a7233d84f89f7b1546da61547bb1f1e2b0727,639eb062eca64965900d2a87295a7233d84f89f7b1546da61547bb1f1e2b0727
deploy/data/assets/h1/meshes/left_shoulder_roll_link.STL,deploy/data/assets/h1/meshes/left_shoulder_roll_link.STL,unchanged,same,8d3bcf767d72a9a5d7dae539eae79dc4132f0159b8803a6f6f2f9ad4b7e94d19,8d3bcf767d72a9a5d7dae539eae79dc4132f0159b8803a6f6f2f9ad4b7e94d19
deploy/data/assets/h1/meshes/Link19_L.dae,deploy/data/assets/h1/meshes/Link19_L.dae,unchanged,same,133fcf44c2fe80bbdc9251564319b8ec4c879071e5f4a7767c9c679d177c3ae8,133fcf44c2fe80bbdc9251564319b8ec4c879071e5f4a7767c9c679d177c3ae8
deploy/data/assets/h1/meshes/right_hip_roll_link.dae,deploy/data/assets/h1/meshes/right_hip_roll_link.dae,unchanged,same,d066c2739a101fd6a53a23efa616ed7e2daeddbd930dfcd881d48ae23d3423aa,d066c2739a101fd6a53a23efa616ed7e2daeddbd930dfcd881d48ae23d3423aa
deploy/data/assets/h1/meshes/torso_link.STL,deploy/data/assets/h1/meshes/torso_link.STL,unchanged,same,f43fc0753a4898f2a0418ee80f4a3806d88cffdc587aa600e2e68a8207b0cd4d,f43fc0753a4898f2a0418ee80f4a3806d88cffdc587aa600e2e68a8207b0cd4d
deploy/data/assets/h1/meshes/Link19_R.STL,deploy/data/assets/h1/meshes/Link19_R.STL,unchanged,same,46619bd6a887615d7dfe850d39a6f5d8f8c5ecfa9429c567338f3a659a5d4d75,46619bd6a887615d7dfe850d39a6f5d8f8c5ecfa9429c567338f3a659a5d4d75
deploy/data/assets/h1/meshes/left_shoulder_yaw_link.STL,deploy/data/assets/h1/meshes/left_shoulder_yaw_link.STL,unchanged,same,e22a5b53f8f307e6c5d6c17f9ceae4852c6468547a951cb39dfdec9ee414b515,e22a5b53f8f307e6c5d6c17f9ceae4852c6468547a951cb39dfdec9ee414b515
deploy/data/assets/h1/meshes/Link20_R.dae,deploy/data/assets/h1/meshes/Link20_R.dae,unchanged,same,5d3dcfca518d22648287bab8b2b7b2fc4b1322d54bbd6a316df020a1e1542234,5d3dcfca518d22648287bab8b2b7b2fc4b1322d54bbd6a316df020a1e1542234
deploy/data/assets/h1/meshes/left_shoulder_roll_link.dae,deploy/data/assets/h1/meshes/left_shoulder_roll_link.dae,unchanged,same,1118a6b55c49a3709e300f29bb7a916701176cf63d3a09027b82335fd75dee40,1118a6b55c49a3709e300f29bb7a916701176cf63d3a09027b82335fd75dee40
deploy/data/assets/h1/meshes/left_ankle_link.dae,deploy/data/assets/h1/meshes/left_ankle_link.dae,unchanged,same,bdb08beab9d61f1a0429b69da1c7e74dacb9412179373dcede331ec225321c6c,bdb08beab9d61f1a0429b69da1c7e74dacb9412179373dcede331ec225321c6c
deploy/data/assets/h1/meshes/right_shoulder_yaw_link.STL,deploy/data/assets/h1/meshes/right_shoulder_yaw_link.STL,unchanged,same,0c9e4bec895f24c07fb2c4d132fc5e3cc7146155547267e9c270789af6567781,0c9e4bec895f24c07fb2c4d132fc5e3cc7146155547267e9c270789af6567781
deploy/data/assets/h1/meshes/right_ankle_link.STL,deploy/data/assets/h1/meshes/right_ankle_link.STL,unchanged,same,4af30aca229a4465b2249d298ebd67d5859a2eeade8c2015035e9c0deb06a33a,4af30aca229a4465b2249d298ebd67d5859a2eeade8c2015035e9c0deb06a33a
deploy/data/assets/h1/meshes/Link12_R.dae,deploy/data/assets/h1/meshes/Link12_R.dae,unchanged,same,7a207d35e8ce4daffd5d8c053fa5ad62ab2cefc1e55d2307ec45adc9a7fc0234,7a207d35e8ce4daffd5d8c053fa5ad62ab2cefc1e55d2307ec45adc9a7fc0234
deploy/data/assets/h1/meshes/Link15_R.dae,deploy/data/assets/h1/meshes/Link15_R.dae,unchanged,same,3b01c7596b9d40ec16aacb4c4ea3f411ac2cbf41f367f35c5e6a7820caed717f,3b01c7596b9d40ec16aacb4c4ea3f411ac2cbf41f367f35c5e6a7820caed717f
deploy/data/assets/h1/meshes/Link18_L.dae,deploy/data/assets/h1/meshes/Link18_L.dae,unchanged,same,8ea4eec39dc8edc66edca7f0b61e91c8224c9ebc6682140a99bd27a7e21b6b85,8ea4eec39dc8edc66edca7f0b61e91c8224c9ebc6682140a99bd27a7e21b6b85
deploy/data/assets/h1/meshes/logo_link.dae,deploy/data/assets/h1/meshes/logo_link.dae,unchanged,same,2d76c1caa26ec6b285f7379a8c6ad509ba192506787582babc5e24261ff50051,2d76c1caa26ec6b285f7379a8c6ad509ba192506787582babc5e24261ff50051
deploy/data/assets/h1/meshes/left_hip_pitch_link.STL,deploy/data/assets/h1/meshes/left_hip_pitch_link.STL,unchanged,same,aa790c31ffc100cd182f2bf4480e7bfda675edc58ed8f361b6553a4975c9de3b,aa790c31ffc100cd182f2bf4480e7bfda675edc58ed8f361b6553a4975c9de3b
deploy/data/assets/h1/meshes/Link15_L.dae,deploy/data/assets/h1/meshes/Link15_L.dae,unchanged,same,8e538775660ce176dda1f4eec051e9c05e464282e34db320646f21d46fca68a2,8e538775660ce176dda1f4eec051e9c05e464282e34db320646f21d46fca68a2
deploy/data/assets/h1/meshes/Link15_R.STL,deploy/data/assets/h1/meshes/Link15_R.STL,unchanged,same,09c120f7fb7761aa97d89240cd8cb8e30c40ee60093cbb8b1c2e13a68a8e3845,09c120f7fb7761aa97d89240cd8cb8e30c40ee60093cbb8b1c2e13a68a8e3845
deploy/data/assets/h1/meshes/right_hip_pitch_link.dae,deploy/data/assets/h1/meshes/right_hip_pitch_link.dae,unchanged,same,660e96a05034950b7cd5626b7f28672d248125af529290819016a868326a0773,660e96a05034950b7cd5626b7f28672d248125af529290819016a868326a0773
deploy/data/assets/h1/meshes/pelvis.STL,deploy/data/assets/h1/meshes/pelvis.STL,unchanged,same,dc2cbbeb07d3b63bce9fedeb8cf5252609dca1e89380734d22d5b3c8ded2f15c,dc2cbbeb07d3b63bce9fedeb8cf5252609dca1e89380734d22d5b3c8ded2f15c
deploy/data/assets/h1/meshes/right_hip_yaw_link.STL,deploy/data/assets/h1/meshes/right_hip_yaw_link.STL,unchanged,same,10badbb0ac78e22fc220f421b1c919cfcf59406b412d78313e4b8b06cbc51e47,10badbb0ac78e22fc220f421b1c919cfcf59406b412d78313e4b8b06cbc51e47
deploy/data/assets/h1/meshes/right_shoulder_yaw_link.dae,deploy/data/assets/h1/meshes/right_shoulder_yaw_link.dae,unchanged,same,4ec994f05d7e1d9696225b09d9472b4900423d5257ec166584ea43f535c44470,4ec994f05d7e1d9696225b09d9472b4900423d5257ec166584ea43f535c44470
deploy/data/assets/h1/meshes/Link18_L.STL,deploy/data/assets/h1/meshes/Link18_L.STL,unchanged,same,9425aea7ebbf6d1dfb2eb0714fb44dfaea6b6a81c71d6e96c8d3950f636dfa62,9425aea7ebbf6d1dfb2eb0714fb44dfaea6b6a81c71d6e96c8d3950f636dfa62
deploy/data/assets/h1/meshes/right_knee_link.dae,deploy/data/assets/h1/meshes/right_knee_link.dae,unchanged,same,28ff31d116446c5701997663ba0408adba2fe534cf821f78c404ed0b606edf95,28ff31d116446c5701997663ba0408adba2fe534cf821f78c404ed0b606edf95
deploy/data/assets/h1/meshes/right_elbow_link.dae,deploy/data/assets/h1/meshes/right_elbow_link.dae,unchanged,same,0ea5ad32e3c94b5b36f891dd5828f2670d6d8bc8be3f42c051713ed1b916cca6,0ea5ad32e3c94b5b36f891dd5828f2670d6d8bc8be3f42c051713ed1b916cca6
deploy/data/assets/h1/meshes/Link17_R.STL,deploy/data/assets/h1/meshes/Link17_R.STL,unchanged,same,36fc62c609800ce6d4521ae6f3c4c9b8a732be28654f32f04893696c17e6930c,36fc62c609800ce6d4521ae6f3c4c9b8a732be28654f32f04893696c17e6930c
deploy/data/assets/h1/meshes/Link22_L.dae,deploy/data/assets/h1/meshes/Link22_L.dae,unchanged,same,88f5113ee5f76f546aaf8bea202fcb8e5ddb4bbd004c2dbb4be04743303f2840,88f5113ee5f76f546aaf8bea202fcb8e5ddb4bbd004c2dbb4be04743303f2840
deploy/data/assets/h1/meshes/Link16_L.dae,deploy/data/assets/h1/meshes/Link16_L.dae,unchanged,same,2ea4dc7d6d652c24121b821feef326c02b9cf217cc79959b43ef80b31ea52704,2ea4dc7d6d652c24121b821feef326c02b9cf217cc79959b43ef80b31ea52704
deploy/data/assets/h1/meshes/right_elbow_link.STL,deploy/data/assets/h1/meshes/right_elbow_link.STL,unchanged,same,eaa6ae2d1b396ba9630382fdd98a9454c5bd338c13047748c8a8484dce77d29b,eaa6ae2d1b396ba9630382fdd98a9454c5bd338c13047748c8a8484dce77d29b
deploy/data/assets/h1_2/h1_2_27dof_anneal_21dof_fitmotionONLY.xml,deploy/data/assets/h1_2/h1_2_27dof_anneal_21dof_fitmotionONLY.xml,unchanged,same,abd3d04a206bdb6d0a43a073917b3db41a2a51563d2f1efeb46019fe81a3854f,abd3d04a206bdb6d0a43a073917b3db41a2a51563d2f1efeb46019fe81a3854f
deploy/data/assets/h1_2/h1_2_27dof_anneal_21dof.xml,deploy/data/assets/h1_2/h1_2_27dof_anneal_21dof.xml,unchanged,same,0e0085f6d8cc9183fcedacadadbb9381afba0fb2850d00206ceae782b08eca04,0e0085f6d8cc9183fcedacadadbb9381afba0fb2850d00206ceae782b08eca04
deploy/data/assets/h1_2/h1_2_27dof_anneal_21dof.urdf,deploy/data/assets/h1_2/h1_2_27dof_anneal_21dof.urdf,unchanged,same,c936858c3d4e469bf668a382c3015abd318e0d275b36e410144916d5f3ac8411,c936858c3d4e469bf668a382c3015abd318e0d275b36e410144916d5f3ac8411
deploy/data/assets/h1_2/h1_2_27dof_anneal_21dof.usd,deploy/data/assets/h1_2/h1_2_27dof_anneal_21dof.usd,unchanged,same,0fd5f69bf24bdbe11e44af88e49e6b941f9fff169dbd4ad439c3b21f0b48a563,0fd5f69bf24bdbe11e44af88e49e6b941f9fff169dbd4ad439c3b21f0b48a563
deploy/data/assets/h1_2/meshes/right_hand_link.STL,deploy/data/assets/h1_2/meshes/right_hand_link.STL,unchanged,same,8bdf9e424ffcad03646a354fe5a4a08515e523c081070afabcadc9f5f03132e1,8bdf9e424ffcad03646a354fe5a4a08515e523c081070afabcadc9f5f03132e1
deploy/data/assets/h1_2/meshes/left_knee_link.STL,deploy/data/assets/h1_2/meshes/left_knee_link.STL,unchanged,same,3da90b2f6ff1d5df395ab4cd6955fd29bc2d713107c0e05405c983f0c6ac8689,3da90b2f6ff1d5df395ab4cd6955fd29bc2d713107c0e05405c983f0c6ac8689
deploy/data/assets/h1_2/meshes/left_hip_yaw_link.STL,deploy/data/assets/h1_2/meshes/left_hip_yaw_link.STL,unchanged,same,02d63215d895626a21eb7a1742699569441dcdb2c7c5f714726b365158dd3cbc,02d63215d895626a21eb7a1742699569441dcdb2c7c5f714726b365158dd3cbc
deploy/data/assets/h1_2/meshes/link15_L.STL,deploy/data/assets/h1_2/meshes/link15_L.STL,unchanged,same,8c601e7aa8e1c91310a75190dfb6b95a8dc981b707e5f104f9ca9ecbea118b34,8c601e7aa8e1c91310a75190dfb6b95a8dc981b707e5f104f9ca9ecbea118b34
deploy/data/assets/h1_2/meshes/link15_R.STL,deploy/data/assets/h1_2/meshes/link15_R.STL,unchanged,same,09c120f7fb7761aa97d89240cd8cb8e30c40ee60093cbb8b1c2e13a68a8e3845,09c120f7fb7761aa97d89240cd8cb8e30c40ee60093cbb8b1c2e13a68a8e3845
deploy/data/assets/h1_2/meshes/link20_R.STL,deploy/data/assets/h1_2/meshes/link20_R.STL,unchanged,same,a517debff6b924c22ae0f87dbb6aac199a1f130c7fef353a7d659e365f30b1f4,a517debff6b924c22ae0f87dbb6aac199a1f130c7fef353a7d659e365f30b1f4
deploy/data/assets/h1_2/meshes/right_knee_link.STL,deploy/data/assets/h1_2/meshes/right_knee_link.STL,unchanged,same,3da90b2f6ff1d5df395ab4cd6955fd29bc2d713107c0e05405c983f0c6ac8689,3da90b2f6ff1d5df395ab4cd6955fd29bc2d713107c0e05405c983f0c6ac8689
deploy/data/assets/h1_2/meshes/right_shoulder_pitch_link.STL,deploy/data/assets/h1_2/meshes/right_shoulder_pitch_link.STL,unchanged,same,e3c2e433a8f8706217e68d677cc62b0c7f605ce43d516713be94a285a0124cdc,e3c2e433a8f8706217e68d677cc62b0c7f605ce43d516713be94a285a0124cdc
deploy/data/assets/h1_2/meshes/left_ankle_pitch_link.STL,deploy/data/assets/h1_2/meshes/left_ankle_pitch_link.STL,unchanged,same,24afc967dfcc867632d756dedff7aa78157c8fdb756a85a3f2a24dde5e5e1d34,24afc967dfcc867632d756dedff7aa78157c8fdb756a85a3f2a24dde5e5e1d34
deploy/data/assets/h1_2/meshes/link17_L.STL,deploy/data/assets/h1_2/meshes/link17_L.STL,unchanged,same,ca2a68fed635eca290b234fbdc649779036ba5bac753addcb7ce6a086ad95949,ca2a68fed635eca290b234fbdc649779036ba5bac753addcb7ce6a086ad95949
deploy/data/assets/h1_2/meshes/left_elbow_pitch_link.STL,deploy/data/assets/h1_2/meshes/left_elbow_pitch_link.STL,unchanged,same,e4b22883f24bff1f2f6c259dd4ff44b8e00504e2b2dc6b2993021cc7985d81f3,e4b22883f24bff1f2f6c259dd4ff44b8e00504e2b2dc6b2993021cc7985d81f3
deploy/data/assets/h1_2/meshes/left_hand_link.STL,deploy/data/assets/h1_2/meshes/left_hand_link.STL,unchanged,same,8bdf9e424ffcad03646a354fe5a4a08515e523c081070afabcadc9f5f03132e1,8bdf9e424ffcad03646a354fe5a4a08515e523c081070afabcadc9f5f03132e1
deploy/data/assets/h1_2/meshes/L_pinky_proximal.STL,deploy/data/assets/h1_2/meshes/L_pinky_proximal.STL,unchanged,same,180ab4ac01dab60407d0b33819883eb0ec869e4d4f349f786972135c7114fc0d,180ab4ac01dab60407d0b33819883eb0ec869e4d4f349f786972135c7114fc0d
deploy/data/assets/h1_2/meshes/link21_R.STL,deploy/data/assets/h1_2/meshes/link21_R.STL,unchanged,same,ed0a29d2376e8874f724bc2c20384eeec93d8268e59bb8c45628335f7ab6742e,ed0a29d2376e8874f724bc2c20384eeec93d8268e59bb8c45628335f7ab6742e
deploy/data/assets/h1_2/meshes/link13_R.STL,deploy/data/assets/h1_2/meshes/link13_R.STL,unchanged,same,c157dfe5b666efb1c3d51342e56f5caad2fc350930ac21ee1e02d956c1034ca3,c157dfe5b666efb1c3d51342e56f5caad2fc350930ac21ee1e02d956c1034ca3
deploy/data/assets/h1_2/meshes/right_ankle_pitch_link.STL,deploy/data/assets/h1_2/meshes/right_ankle_pitch_link.STL,unchanged,same,24afc967dfcc867632d756dedff7aa78157c8fdb756a85a3f2a24dde5e5e1d34,24afc967dfcc867632d756dedff7aa78157c8fdb756a85a3f2a24dde5e5e1d34
deploy/data/assets/h1_2/meshes/R_middle_intermediate.STL,deploy/data/assets/h1_2/meshes/R_middle_intermediate.STL,unchanged,same,9711fac7df0c09a372e1529f74b9d506d37abf3ebc3241d976ad45e5ee7e2d69,9711fac7df0c09a372e1529f74b9d506d37abf3ebc3241d976ad45e5ee7e2d69
deploy/data/assets/h1_2/meshes/R_index_proximal.STL,deploy/data/assets/h1_2/meshes/R_index_proximal.STL,unchanged,same,09c120f7fb7761aa97d89240cd8cb8e30c40ee60093cbb8b1c2e13a68a8e3845,09c120f7fb7761aa97d89240cd8cb8e30c40ee60093cbb8b1c2e13a68a8e3845
deploy/data/assets/h1_2/meshes/link22_L.STL,deploy/data/assets/h1_2/meshes/link22_L.STL,unchanged,same,5e64ea976ecf08c46e8cb80a5dd56ee3e8c5f36a0573ab3c69160d9337f941e1,5e64ea976ecf08c46e8cb80a5dd56ee3e8c5f36a0573ab3c69160d9337f941e1
deploy/data/assets/h1_2/meshes/L_index_proximal.STL,deploy/data/assets/h1_2/meshes/L_index_proximal.STL,unchanged,same,8c601e7aa8e1c91310a75190dfb6b95a8dc981b707e5f104f9ca9ecbea118b34,8c601e7aa8e1c91310a75190dfb6b95a8dc981b707e5f104f9ca9ecbea118b34
deploy/data/assets/h1_2/meshes/R_pinky_proximal.STL,deploy/data/assets/h1_2/meshes/R_pinky_proximal.STL,unchanged,same,ed0a29d2376e8874f724bc2c20384eeec93d8268e59bb8c45628335f7ab6742e,ed0a29d2376e8874f724bc2c20384eeec93d8268e59bb8c45628335f7ab6742e
deploy/data/assets/h1_2/meshes/left_ankle_B_link.STL,deploy/data/assets/h1_2/meshes/left_ankle_B_link.STL,unchanged,same,ed6032a7dc84035da66dd70d19e8883e8d9b2c8aad0ac5e909d0ced55614bbb8,ed6032a7dc84035da66dd70d19e8883e8d9b2c8aad0ac5e909d0ced55614bbb8
deploy/data/assets/h1_2/meshes/R_thumb_proximal.STL,deploy/data/assets/h1_2/meshes/R_thumb_proximal.STL,unchanged,same,347212bdb22d80fb364dd889de934d6fbb935e38d1f24c682caed84f7b6ea8cb,347212bdb22d80fb364dd889de934d6fbb935e38d1f24c682caed84f7b6ea8cb
deploy/data/assets/h1_2/meshes/left_hip_roll_link.STL,deploy/data/assets/h1_2/meshes/left_hip_roll_link.STL,unchanged,same,51aa6f60d69c6dc5fa7adc60ba4927b6215820dd635b8add09e4b9faf8037bfb,51aa6f60d69c6dc5fa7adc60ba4927b6215820dd635b8add09e4b9faf8037bfb
deploy/data/assets/h1_2/meshes/right_ankle_A_link.STL,deploy/data/assets/h1_2/meshes/right_ankle_A_link.STL,unchanged,same,8cf3254c0d25a1c7587657ba52ebd8891585c38061d06e06d37881998b0420a0,8cf3254c0d25a1c7587657ba52ebd8891585c38061d06e06d37881998b0420a0
deploy/data/assets/h1_2/meshes/logo_link.STL,deploy/data/assets/h1_2/meshes/logo_link.STL,unchanged,same,ef9635c847ca7cd61aeaed86ad599935b648fb6f8688867c0448917b1811511b,ef9635c847ca7cd61aeaed86ad599935b648fb6f8688867c0448917b1811511b
deploy/data/assets/h1_2/meshes/right_hip_pitch_link.STL,deploy/data/assets/h1_2/meshes/right_hip_pitch_link.STL,unchanged,same,62083be6d39df68a4899787a314664a6a4f018c6892da9d2aace0ff9d4dede51,62083be6d39df68a4899787a314664a6a4f018c6892da9d2aace0ff9d4dede51
deploy/data/assets/h1_2/meshes/left_ankle_roll_link.STL,deploy/data/assets/h1_2/meshes/left_ankle_roll_link.STL,unchanged,same,d27424a8eab6e4aa469bce2bdcdd349892a855913f388b7908fdac121a58b7eb,d27424a8eab6e4aa469bce2bdcdd349892a855913f388b7908fdac121a58b7eb
deploy/data/assets/h1_2/meshes/left_shoulder_pitch_link.STL,deploy/data/assets/h1_2/meshes/left_shoulder_pitch_link.STL,unchanged,same,c4193b4640d0c1812d91806547a2473f111e6af9f4bb036fcfd98dedace4d755,c4193b4640d0c1812d91806547a2473f111e6af9f4bb036fcfd98dedace4d755
deploy/data/assets/h1_2/meshes/R_thumb_intermediate.STL,deploy/data/assets/h1_2/meshes/R_thumb_intermediate.STL,unchanged,same,c157dfe5b666efb1c3d51342e56f5caad2fc350930ac21ee1e02d956c1034ca3,c157dfe5b666efb1c3d51342e56f5caad2fc350930ac21ee1e02d956c1034ca3
deploy/data/assets/h1_2/meshes/left_ankle_A_rod_link.STL,deploy/data/assets/h1_2/meshes/left_ankle_A_rod_link.STL,unchanged,same,25955cff955d93b01923258de3a41274a08a3450f959547dcc842a9bc47472bd,25955cff955d93b01923258de3a41274a08a3450f959547dcc842a9bc47472bd
deploy/data/assets/h1_2/meshes/link12_R.STL,deploy/data/assets/h1_2/meshes/link12_R.STL,unchanged,same,347212bdb22d80fb364dd889de934d6fbb935e38d1f24c682caed84f7b6ea8cb,347212bdb22d80fb364dd889de934d6fbb935e38d1f24c682caed84f7b6ea8cb
deploy/data/assets/h1_2/meshes/L_thumb_proximal.STL,deploy/data/assets/h1_2/meshes/L_thumb_proximal.STL,unchanged,same,9f35b78a9cab1007ac8b73023a5862ed055d33951b5742f9a783997d38e99551,9f35b78a9cab1007ac8b73023a5862ed055d33951b5742f9a783997d38e99551
deploy/data/assets/h1_2/meshes/right_hip_roll_link.STL,deploy/data/assets/h1_2/meshes/right_hip_roll_link.STL,unchanged,same,1d679aad297f168531ece085b56980c0f6c1820f9992e849ff2bbd40506c05f0,1d679aad297f168531ece085b56980c0f6c1820f9992e849ff2bbd40506c05f0
deploy/data/assets/h1_2/meshes/link16_L.STL,deploy/data/assets/h1_2/meshes/link16_L.STL,unchanged,same,7d8508c65db44e2349f37e8ab4c057d204a40093d4733897ae5b51075b00f5e9,7d8508c65db44e2349f37e8ab4c057d204a40093d4733897ae5b51075b00f5e9
deploy/data/assets/h1_2/meshes/L_middle_proximal.STL,deploy/data/assets/h1_2/meshes/L_middle_proximal.STL,unchanged,same,ca2a68fed635eca290b234fbdc649779036ba5bac753addcb7ce6a086ad95949,ca2a68fed635eca290b234fbdc649779036ba5bac753addcb7ce6a086ad95949
deploy/data/assets/h1_2/meshes/R_hand_base_link.STL,deploy/data/assets/h1_2/meshes/R_hand_base_link.STL,unchanged,same,b4d84504242a99fa915c4ed5195ce4724c67cb94d9217cd4c254cfb5937ecf5c,b4d84504242a99fa915c4ed5195ce4724c67cb94d9217cd4c254cfb5937ecf5c
deploy/data/assets/h1_2/meshes/link17_R.STL,deploy/data/assets/h1_2/meshes/link17_R.STL,unchanged,same,36fc62c609800ce6d4521ae6f3c4c9b8a732be28654f32f04893696c17e6930c,36fc62c609800ce6d4521ae6f3c4c9b8a732be28654f32f04893696c17e6930c
deploy/data/assets/h1_2/meshes/right_wrist_pitch_link.STL,deploy/data/assets/h1_2/meshes/right_wrist_pitch_link.STL,unchanged,same,11624373f44c3ac8fcccd09abbb2f5eb9490413a41fb0a9f3de71a01509c05ec,11624373f44c3ac8fcccd09abbb2f5eb9490413a41fb0a9f3de71a01509c05ec
deploy/data/assets/h1_2/meshes/right_elbow_pitch_link.STL,deploy/data/assets/h1_2/meshes/right_elbow_pitch_link.STL,unchanged,same,92a70241128492294eeb26189697335d11a3535c361c461bafb6a190dda6e4a0,92a70241128492294eeb26189697335d11a3535c361c461bafb6a190dda6e4a0
deploy/data/assets/h1_2/meshes/link22_R.STL,deploy/data/assets/h1_2/meshes/link22_R.STL,unchanged,same,1aa3fb46f689251ee38f5262b71364c680f70d1ad1dd9c6f1cae8c098b0e8422,1aa3fb46f689251ee38f5262b71364c680f70d1ad1dd9c6f1cae8c098b0e8422
deploy/data/assets/h1_2/meshes/link19_L.STL,deploy/data/assets/h1_2/meshes/link19_L.STL,unchanged,same,cbb256a70c17e21c995df66807f0755dc136d0312df245112d6d4bfcd29c43a4,cbb256a70c17e21c995df66807f0755dc136d0312df245112d6d4bfcd29c43a4
deploy/data/assets/h1_2/meshes/link16_R.STL,deploy/data/assets/h1_2/meshes/link16_R.STL,unchanged,same,6942ada1189cdf442124c6b8935f3e3a3ae310092a3a1414fdeb0bd6d23578bb,6942ada1189cdf442124c6b8935f3e3a3ae310092a3a1414fdeb0bd6d23578bb
deploy/data/assets/h1_2/meshes/R_middle_proximal.STL,deploy/data/assets/h1_2/meshes/R_middle_proximal.STL,unchanged,same,36fc62c609800ce6d4521ae6f3c4c9b8a732be28654f32f04893696c17e6930c,36fc62c609800ce6d4521ae6f3c4c9b8a732be28654f32f04893696c17e6930c
deploy/data/assets/h1_2/meshes/L_ring_proximal.STL,deploy/data/assets/h1_2/meshes/L_ring_proximal.STL,unchanged,same,cbb256a70c17e21c995df66807f0755dc136d0312df245112d6d4bfcd29c43a4,cbb256a70c17e21c995df66807f0755dc136d0312df245112d6d4bfcd29c43a4
deploy/data/assets/h1_2/meshes/L_ring_intermediate.STL,deploy/data/assets/h1_2/meshes/L_ring_intermediate.STL,unchanged,same,e9145af7a515bce4c1c06d16b5be8900ec3f8375fc8e34d371315ce76f600877,e9145af7a515bce4c1c06d16b5be8900ec3f8375fc8e34d371315ce76f600877
deploy/data/assets/h1_2/meshes/link14_R.STL,deploy/data/assets/h1_2/meshes/link14_R.STL,unchanged,same,564aa8c3d2ff0e51b75736a8b01b4c309c7098582a424ea1391ccb75125519d8,564aa8c3d2ff0e51b75736a8b01b4c309c7098582a424ea1391ccb75125519d8
deploy/data/assets/h1_2/meshes/right_ankle_B_link.STL,deploy/data/assets/h1_2/meshes/right_ankle_B_link.STL,unchanged,same,d514277f5a03c6fbd1a0aa7c99a9d0c3f91c07dcb121481c1524806aa74917b9,d514277f5a03c6fbd1a0aa7c99a9d0c3f91c07dcb121481c1524806aa74917b9
deploy/data/assets/h1_2/meshes/L_hand_base_link.STL,deploy/data/assets/h1_2/meshes/L_hand_base_link.STL,unchanged,same,33ab4e97801bd5421903a78f5977a44e477ae8653eaf32358d35633e465411e0,33ab4e97801bd5421903a78f5977a44e477ae8653eaf32358d35633e465411e0
deploy/data/assets/h1_2/meshes/right_ankle_B_rod_link.STL,deploy/data/assets/h1_2/meshes/right_ankle_B_rod_link.STL,unchanged,same,004c1a6a6057e8d87f89f47ac2230e68f0e6278bfbdb1b0466bb242aa1f7245f,004c1a6a6057e8d87f89f47ac2230e68f0e6278bfbdb1b0466bb242aa1f7245f
deploy/data/assets/h1_2/meshes/L_pinky_intermediate.STL,deploy/data/assets/h1_2/meshes/L_pinky_intermediate.STL,unchanged,same,5e64ea976ecf08c46e8cb80a5dd56ee3e8c5f36a0573ab3c69160d9337f941e1,5e64ea976ecf08c46e8cb80a5dd56ee3e8c5f36a0573ab3c69160d9337f941e1
deploy/data/assets/h1_2/meshes/link18_L.STL,deploy/data/assets/h1_2/meshes/link18_L.STL,unchanged,same,9425aea7ebbf6d1dfb2eb0714fb44dfaea6b6a81c71d6e96c8d3950f636dfa62,9425aea7ebbf6d1dfb2eb0714fb44dfaea6b6a81c71d6e96c8d3950f636dfa62
deploy/data/assets/h1_2/meshes/left_wrist_pitch_link.STL,deploy/data/assets/h1_2/meshes/left_wrist_pitch_link.STL,unchanged,same,b7bb3eaf1213e27d3ee7d4193a0f0974823ae61c821ff1ec34459d65b7e39583,b7bb3eaf1213e27d3ee7d4193a0f0974823ae61c821ff1ec34459d65b7e39583
deploy/data/assets/h1_2/meshes/L_index_intermediate.STL,deploy/data/assets/h1_2/meshes/L_index_intermediate.STL,unchanged,same,7d8508c65db44e2349f37e8ab4c057d204a40093d4733897ae5b51075b00f5e9,7d8508c65db44e2349f37e8ab4c057d204a40093d4733897ae5b51075b00f5e9
deploy/data/assets/h1_2/meshes/left_elbow_roll_link.STL,deploy/data/assets/h1_2/meshes/left_elbow_roll_link.STL,unchanged,same,a9e5f7c5214f584a91543d0ddfac50331ac8d6316c133140cd1d2397ae23ec50,a9e5f7c5214f584a91543d0ddfac50331ac8d6316c133140cd1d2397ae23ec50
deploy/data/assets/h1_2/meshes/link12_L.STL,deploy/data/assets/h1_2/meshes/link12_L.STL,unchanged,same,9f35b78a9cab1007ac8b73023a5862ed055d33951b5742f9a783997d38e99551,9f35b78a9cab1007ac8b73023a5862ed055d33951b5742f9a783997d38e99551
deploy/data/assets/h1_2/meshes/right_pitch_link.STL,deploy/data/assets/h1_2/meshes/right_pitch_link.STL,unchanged,same,27646e67d803c67cd289f53fc6a897ee9bf10b6a273df5e4d00f26b1bf45b496,27646e67d803c67cd289f53fc6a897ee9bf10b6a273df5e4d00f26b1bf45b496
deploy/data/assets/h1_2/meshes/right_shoulder_roll_link.STL,deploy/data/assets/h1_2/meshes/right_shoulder_roll_link.STL,unchanged,same,5cd93c255c14f16b6265131c5beaa015fc3e00a6cf80041a0be44d3ec55b8d9c,5cd93c255c14f16b6265131c5beaa015fc3e00a6cf80041a0be44d3ec55b8d9c
deploy/data/assets/h1_2/meshes/L_thumb_distal.STL,deploy/data/assets/h1_2/meshes/L_thumb_distal.STL,unchanged,same,b677bcdcddcd90ff4b005f83daa9e50eb4003d5e67ea4eeefbf857718716c164,b677bcdcddcd90ff4b005f83daa9e50eb4003d5e67ea4eeefbf857718716c164
deploy/data/assets/h1_2/meshes/left_ankle_A_link.STL,deploy/data/assets/h1_2/meshes/left_ankle_A_link.STL,unchanged,same,d995ff3e113813202becb65f271200c8cbdb035b2a039a8d1303d482bacc4614,d995ff3e113813202becb65f271200c8cbdb035b2a039a8d1303d482bacc4614
deploy/data/assets/h1_2/meshes/R_thumb_distal.STL,deploy/data/assets/h1_2/meshes/R_thumb_distal.STL,unchanged,same,564aa8c3d2ff0e51b75736a8b01b4c309c7098582a424ea1391ccb75125519d8,564aa8c3d2ff0e51b75736a8b01b4c309c7098582a424ea1391ccb75125519d8
deploy/data/assets/h1_2/meshes/left_shoulder_roll_link.STL,deploy/data/assets/h1_2/meshes/left_shoulder_roll_link.STL,unchanged,same,598d50298bbf041202ace731e5dc892e3ef179cb1068cb95861161cf63db6f1b,598d50298bbf041202ace731e5dc892e3ef179cb1068cb95861161cf63db6f1b
deploy/data/assets/h1_2/meshes/L_middle_intermediate.STL,deploy/data/assets/h1_2/meshes/L_middle_intermediate.STL,unchanged,same,9425aea7ebbf6d1dfb2eb0714fb44dfaea6b6a81c71d6e96c8d3950f636dfa62,9425aea7ebbf6d1dfb2eb0714fb44dfaea6b6a81c71d6e96c8d3950f636dfa62
deploy/data/assets/h1_2/meshes/torso_link.STL,deploy/data/assets/h1_2/meshes/torso_link.STL,unchanged,same,cff9af548d3997aa44167864115ad0564e6e4f8f42dbcad114f1c88029faf0e2,cff9af548d3997aa44167864115ad0564e6e4f8f42dbcad114f1c88029faf0e2
deploy/data/assets/h1_2/meshes/R_index_intermediate.STL,deploy/data/assets/h1_2/meshes/R_index_intermediate.STL,unchanged,same,6942ada1189cdf442124c6b8935f3e3a3ae310092a3a1414fdeb0bd6d23578bb,6942ada1189cdf442124c6b8935f3e3a3ae310092a3a1414fdeb0bd6d23578bb
deploy/data/assets/h1_2/meshes/link13_L.STL,deploy/data/assets/h1_2/meshes/link13_L.STL,unchanged,same,7e93b55f2ae73fe0f62cd27e81d8a4620211068cb1c9b25e6414e802a37541ee,7e93b55f2ae73fe0f62cd27e81d8a4620211068cb1c9b25e6414e802a37541ee
deploy/data/assets/h1_2/meshes/left_shoulder_yaw_link.STL,deploy/data/assets/h1_2/meshes/left_shoulder_yaw_link.STL,unchanged,same,3e760b25bd805395132adeffb7916ad43b07e4e5caaf3a7f732987e19dd9d767,3e760b25bd805395132adeffb7916ad43b07e4e5caaf3a7f732987e19dd9d767
deploy/data/assets/h1_2/meshes/right_elbow_roll_link.STL,deploy/data/assets/h1_2/meshes/right_elbow_roll_link.STL,unchanged,same,d06e2e62f80ceef841a88055da884fade9235f21b66e272fc51331367a5ea174,d06e2e62f80ceef841a88055da884fade9235f21b66e272fc51331367a5ea174
deploy/data/assets/h1_2/meshes/link18_R.STL,deploy/data/assets/h1_2/meshes/link18_R.STL,unchanged,same,9711fac7df0c09a372e1529f74b9d506d37abf3ebc3241d976ad45e5ee7e2d69,9711fac7df0c09a372e1529f74b9d506d37abf3ebc3241d976ad45e5ee7e2d69
deploy/data/assets/h1_2/meshes/right_shoulder_yaw_link.STL,deploy/data/assets/h1_2/meshes/right_shoulder_yaw_link.STL,unchanged,same,547b3c72bfbded71c974c34d128b93b491c36a3af780afff6c3a3684277688cb,547b3c72bfbded71c974c34d128b93b491c36a3af780afff6c3a3684277688cb
deploy/data/assets/h1_2/meshes/link11_R.STL,deploy/data/assets/h1_2/meshes/link11_R.STL,unchanged,same,b49b6463f801f0402bac9c65bb989c4097f6d2c1fa1597ba560aedd640561778,b49b6463f801f0402bac9c65bb989c4097f6d2c1fa1597ba560aedd640561778
deploy/data/assets/h1_2/meshes/right_ankle_link.STL,deploy/data/assets/h1_2/meshes/right_ankle_link.STL,unchanged,same,4af30aca229a4465b2249d298ebd67d5859a2eeade8c2015035e9c0deb06a33a,4af30aca229a4465b2249d298ebd67d5859a2eeade8c2015035e9c0deb06a33a
deploy/data/assets/h1_2/meshes/link19_R.STL,deploy/data/assets/h1_2/meshes/link19_R.STL,unchanged,same,46619bd6a887615d7dfe850d39a6f5d8f8c5ecfa9429c567338f3a659a5d4d75,46619bd6a887615d7dfe850d39a6f5d8f8c5ecfa9429c567338f3a659a5d4d75
deploy/data/assets/h1_2/meshes/L_thumb_proximal_base.STL,deploy/data/assets/h1_2/meshes/L_thumb_proximal_base.STL,unchanged,same,d87cb704d80de840555d0a393117d32f9bd5e91425e0458363e0a799aa4e5339,d87cb704d80de840555d0a393117d32f9bd5e91425e0458363e0a799aa4e5339
deploy/data/assets/h1_2/meshes/L_thumb_intermediate.STL,deploy/data/assets/h1_2/meshes/L_thumb_intermediate.STL,unchanged,same,7e93b55f2ae73fe0f62cd27e81d8a4620211068cb1c9b25e6414e802a37541ee,7e93b55f2ae73fe0f62cd27e81d8a4620211068cb1c9b25e6414e802a37541ee
deploy/data/assets/h1_2/meshes/left_hip_pitch_link.STL,deploy/data/assets/h1_2/meshes/left_hip_pitch_link.STL,unchanged,same,76c2f4824fb656da98f0b26c7f39f39fb0f52fbfe381bfc8bad13673d4688b92,76c2f4824fb656da98f0b26c7f39f39fb0f52fbfe381bfc8bad13673d4688b92
deploy/data/assets/h1_2/meshes/R_pinky_intermediate.STL,deploy/data/assets/h1_2/meshes/R_pinky_intermediate.STL,unchanged,same,1aa3fb46f689251ee38f5262b71364c680f70d1ad1dd9c6f1cae8c098b0e8422,1aa3fb46f689251ee38f5262b71364c680f70d1ad1dd9c6f1cae8c098b0e8422
deploy/data/assets/h1_2/meshes/link14_L.STL,deploy/data/assets/h1_2/meshes/link14_L.STL,unchanged,same,b677bcdcddcd90ff4b005f83daa9e50eb4003d5e67ea4eeefbf857718716c164,b677bcdcddcd90ff4b005f83daa9e50eb4003d5e67ea4eeefbf857718716c164
deploy/data/assets/h1_2/meshes/right_ankle_A_rod_link.STL,deploy/data/assets/h1_2/meshes/right_ankle_A_rod_link.STL,unchanged,same,7fba7ee11152d603a2ab9bcfc19be7e316602b6d8b60ebdb827169ed31be7cfb,7fba7ee11152d603a2ab9bcfc19be7e316602b6d8b60ebdb827169ed31be7cfb
deploy/data/assets/h1_2/meshes/R_ring_proximal.STL,deploy/data/assets/h1_2/meshes/R_ring_proximal.STL,unchanged,same,46619bd6a887615d7dfe850d39a6f5d8f8c5ecfa9429c567338f3a659a5d4d75,46619bd6a887615d7dfe850d39a6f5d8f8c5ecfa9429c567338f3a659a5d4d75
deploy/data/assets/h1_2/meshes/link20_L.STL,deploy/data/assets/h1_2/meshes/link20_L.STL,unchanged,same,e9145af7a515bce4c1c06d16b5be8900ec3f8375fc8e34d371315ce76f600877,e9145af7a515bce4c1c06d16b5be8900ec3f8375fc8e34d371315ce76f600877
deploy/data/assets/h1_2/meshes/left_ankle_B_rod_link.STL,deploy/data/assets/h1_2/meshes/left_ankle_B_rod_link.STL,unchanged,same,79e94994c8397293926ce2f5440f252092ac1e921fd65e2459605564e7557270,79e94994c8397293926ce2f5440f252092ac1e921fd65e2459605564e7557270
deploy/data/assets/h1_2/meshes/pelvis.STL,deploy/data/assets/h1_2/meshes/pelvis.STL,unchanged,same,dc2cbbeb07d3b63bce9fedeb8cf5252609dca1e89380734d22d5b3c8ded2f15c,dc2cbbeb07d3b63bce9fedeb8cf5252609dca1e89380734d22d5b3c8ded2f15c
deploy/data/assets/h1_2/meshes/right_hip_yaw_link.STL,deploy/data/assets/h1_2/meshes/right_hip_yaw_link.STL,unchanged,same,9a88980120a954339419747e44f81662b943288bffd31bdac9b96fca9c8aaf50,9a88980120a954339419747e44f81662b943288bffd31bdac9b96fca9c8aaf50
deploy/data/assets/h1_2/meshes/link21_L.STL,deploy/data/assets/h1_2/meshes/link21_L.STL,unchanged,same,180ab4ac01dab60407d0b33819883eb0ec869e4d4f349f786972135c7114fc0d,180ab4ac01dab60407d0b33819883eb0ec869e4d4f349f786972135c7114fc0d
deploy/data/assets/h1_2/meshes/wrist_yaw_link.STL,deploy/data/assets/h1_2/meshes/wrist_yaw_link.STL,unchanged,same,a8bf30a2ab2358e0b023de02436d1ab94de959a169c88a2cf0e4bfaacde7c7b3,a8bf30a2ab2358e0b023de02436d1ab94de959a169c88a2cf0e4bfaacde7c7b3
deploy/data/assets/h1_2/meshes/R_thumb_proximal_base.STL,deploy/data/assets/h1_2/meshes/R_thumb_proximal_base.STL,unchanged,same,b49b6463f801f0402bac9c65bb989c4097f6d2c1fa1597ba560aedd640561778,b49b6463f801f0402bac9c65bb989c4097f6d2c1fa1597ba560aedd640561778
deploy/data/assets/h1_2/meshes/R_ring_intermediate.STL,deploy/data/assets/h1_2/meshes/R_ring_intermediate.STL,unchanged,same,a517debff6b924c22ae0f87dbb6aac199a1f130c7fef353a7d659e365f30b1f4,a517debff6b924c22ae0f87dbb6aac199a1f130c7fef353a7d659e365f30b1f4
deploy/data/assets/h1_2/meshes/link11_L.STL,deploy/data/assets/h1_2/meshes/link11_L.STL,unchanged,same,d87cb704d80de840555d0a393117d32f9bd5e91425e0458363e0a799aa4e5339,d87cb704d80de840555d0a393117d32f9bd5e91425e0458363e0a799aa4e5339
deploy/data/assets/h1_2/meshes/right_ankle_roll_link.STL,deploy/data/assets/h1_2/meshes/right_ankle_roll_link.STL,unchanged,same,d27424a8eab6e4aa469bce2bdcdd349892a855913f388b7908fdac121a58b7eb,d27424a8eab6e4aa469bce2bdcdd349892a855913f388b7908fdac121a58b7eb
deploy/data/assets/g1/g1_25dof_twist.xml,deploy/data/assets/g1/g1_25dof_twist.xml,unchanged,same,8bf66427b88493423c2bb2329d9ded2511d823e43e905148bcbcc28d30a3f5d6,8bf66427b88493423c2bb2329d9ded2511d823e43e905148bcbcc28d30a3f5d6
deploy/data/assets/g1/g1_29dof_anneal_23dof.urdf,deploy/data/assets/g1/g1_29dof_anneal_23dof.urdf,unchanged,same,548972bfbcb33c4b6f999ee2a1e9df5ec24321ae95a2aa09fc666bde4add6369,548972bfbcb33c4b6f999ee2a1e9df5ec24321ae95a2aa09fc666bde4add6369
deploy/data/assets/g1/g1_29dof.xml,deploy/data/assets/g1/g1_29dof.xml,unchanged,same,8aa482308ef86865aee6ee13c9c94965c5d681e50db2d4bee67c803bae306670,8aa482308ef86865aee6ee13c9c94965c5d681e50db2d4bee67c803bae306670
deploy/data/assets/g1/g1_29dof_anneal_23dof.xml,deploy/data/assets/g1/g1_29dof_anneal_23dof.xml,unchanged,same,a54b5f888c0b664ff53422ea8243851640181600346c5526984430558d14a3a0,a54b5f888c0b664ff53422ea8243851640181600346c5526984430558d14a3a0
deploy/data/assets/g1/g1_29dof_anneal_23dof_only.xml,deploy/data/assets/g1/g1_29dof_anneal_23dof_only.xml,unchanged,same,9164a003dbc3646bec7944f4e7e47bb05403718b50e2e8d7fc1c5139d1dcccda,9164a003dbc3646bec7944f4e7e47bb05403718b50e2e8d7fc1c5139d1dcccda
deploy/data/assets/g1/g1_29dof_hitter_racket_table_tennis.xml,deploy/data/assets/g1/g1_29dof_hitter_racket_table_tennis.xml,unchanged,added,83b73da6ad3d765ec924b35051b2a1cee50db389615392f9229957e97abb6365,83b73da6ad3d765ec924b35051b2a1cee50db389615392f9229957e97abb6365
deploy/data/assets/g1/g1_23dof_gmt.xml,deploy/data/assets/g1/g1_23dof_gmt.xml,unchanged,same,7013cd256c89796b2844613d24dda2a13410df7cd32ddd4d59b1741f85094304,7013cd256c89796b2844613d24dda2a13410df7cd32ddd4d59b1741f85094304
deploy/data/assets/g1/g1_12dof.xml,deploy/data/assets/g1/g1_12dof.xml,unchanged,same,40b1b05dc5bd7387ddd0c267f1d074c4a608caa0e82fd2d3c528e47b398fafb8,40b1b05dc5bd7387ddd0c267f1d074c4a608caa0e82fd2d3c528e47b398fafb8
deploy/data/assets/g1/g1_23dof_lock_wrist.xml,deploy/data/assets/g1/g1_23dof_lock_wrist.xml,unchanged,same,9af12a57f88f0bcf1eeab485046165080f0ad58141fd2266cbef4ad9f7c5274f,9af12a57f88f0bcf1eeab485046165080f0ad58141fd2266cbef4ad9f7c5274f
deploy/data/assets/g1/meshes/right_wrist_roll_link.STL,deploy/data/assets/g1/meshes/right_wrist_roll_link.STL,unchanged,same,a7ee9212ff5b94d6cb7f52bb1bbf3f352194d5b598acff74f4c77d340c5b344f,a7ee9212ff5b94d6cb7f52bb1bbf3f352194d5b598acff74f4c77d340c5b344f
deploy/data/assets/g1/meshes/left_knee_link.STL,deploy/data/assets/g1/meshes/left_knee_link.STL,unchanged,same,8d92b9e3d3a636761150bb8025e32514c4602b91c7028d523ee42b3e632de477,8d92b9e3d3a636761150bb8025e32514c4602b91c7028d523ee42b3e632de477
deploy/data/assets/g1/meshes/left_hip_yaw_link.STL,deploy/data/assets/g1/meshes/left_hip_yaw_link.STL,unchanged,same,a16d88aa6ddac8083aa7ad55ed317bea44b1fa003d314fba88965b7ed0f3b55b,a16d88aa6ddac8083aa7ad55ed317bea44b1fa003d314fba88965b7ed0f3b55b
deploy/data/assets/g1/meshes/right_knee_link.STL,deploy/data/assets/g1/meshes/right_knee_link.STL,unchanged,same,63c4008449c9bbe701a6e2b557b7a252e90cf3a5abcf54cee46862b9a69f8ec8,63c4008449c9bbe701a6e2b557b7a252e90cf3a5abcf54cee46862b9a69f8ec8
deploy/data/assets/g1/meshes/right_shoulder_pitch_link.STL,deploy/data/assets/g1/meshes/right_shoulder_pitch_link.STL,unchanged,same,24cdb387e0128dfe602770a81c56cdce3a0181d34d039a11d1aaf8819b7b8c02,24cdb387e0128dfe602770a81c56cdce3a0181d34d039a11d1aaf8819b7b8c02
deploy/data/assets/g1/meshes/waist_roll_link.STL,deploy/data/assets/g1/meshes/waist_roll_link.STL,unchanged,same,34f0aa73f41131230be4d25876c944fdf6c24d62553f199ff8b980c15e8913df,34f0aa73f41131230be4d25876c944fdf6c24d62553f199ff8b980c15e8913df
deploy/data/assets/g1/meshes/left_hand_middle_0_link.STL,deploy/data/assets/g1/meshes/left_hand_middle_0_link.STL,unchanged,same,6b35f2f77211d5a366f0b9a4e47c4ee35e536731266f1a34e9efa12db579b892,6b35f2f77211d5a366f0b9a4e47c4ee35e536731266f1a34e9efa12db579b892
deploy/data/assets/g1/meshes/left_ankle_pitch_link.STL,deploy/data/assets/g1/meshes/left_ankle_pitch_link.STL,unchanged,same,d49e3abc6f5b12e532062cd575b87b5ef40cd2a3fc18f54a1ca5bba4f773d51d,d49e3abc6f5b12e532062cd575b87b5ef40cd2a3fc18f54a1ca5bba4f773d51d
deploy/data/assets/g1/meshes/right_hand_grip_hitter_frame.stl,deploy/data/assets/g1/meshes/right_hand_grip_hitter_frame.stl,unchanged,added,46e2c2fc0e26a8b618cb0c1f2e63d1f26ab42c66bcf7d5c9c9db7d6a09bea5e1,46e2c2fc0e26a8b618cb0c1f2e63d1f26ab42c66bcf7d5c9c9db7d6a09bea5e1
deploy/data/assets/g1/meshes/right_ankle_pitch_link.STL,deploy/data/assets/g1/meshes/right_ankle_pitch_link.STL,unchanged,same,15be426539ec1be70246d4d82a168806db64a41301af8b35c197a33348c787a9,15be426539ec1be70246d4d82a168806db64a41301af8b35c197a33348c787a9
deploy/data/assets/g1/meshes/right_hand_middle_0_link.STL,deploy/data/assets/g1/meshes/right_hand_middle_0_link.STL,unchanged,same,12ab4300c95e437e834f9aef772b3b431c671bf34338930b52ad11aef73bbd0d,12ab4300c95e437e834f9aef772b3b431c671bf34338930b52ad11aef73bbd0d
deploy/data/assets/g1/meshes/left_wrist_roll_rubber_hand.STL,deploy/data/assets/g1/meshes/left_wrist_roll_rubber_hand.STL,unchanged,same,e81030abd023bd9e4a308ef376d814a2c12d684d8a7670c335bbd5cd7809c909,e81030abd023bd9e4a308ef376d814a2c12d684d8a7670c335bbd5cd7809c909
deploy/data/assets/g1/meshes/right_wrist_roll_rubber_hand.STL,deploy/data/assets/g1/meshes/right_wrist_roll_rubber_hand.STL,unchanged,same,0729aff1ac4356f9314de13a46906267642e58bc47f0d8a7f17f6590a6242ccf,0729aff1ac4356f9314de13a46906267642e58bc47f0d8a7f17f6590a6242ccf
deploy/data/assets/g1/meshes/torso_link_rev_1_0.STL,deploy/data/assets/g1/meshes/torso_link_rev_1_0.STL,unchanged,same,11ddb46f2098efbbd8816b1d65893632d8e78be936376c7cdcd6771899ccc723,11ddb46f2098efbbd8816b1d65893632d8e78be936376c7cdcd6771899ccc723
deploy/data/assets/g1/meshes/left_hand_index_0_link.STL,deploy/data/assets/g1/meshes/left_hand_index_0_link.STL,unchanged,same,6b35f2f77211d5a366f0b9a4e47c4ee35e536731266f1a34e9efa12db579b892,6b35f2f77211d5a366f0b9a4e47c4ee35e536731266f1a34e9efa12db579b892
deploy/data/assets/g1/meshes/left_rubber_hand.STL,deploy/data/assets/g1/meshes/left_rubber_hand.STL,unchanged,same,cff2221a690fa69303f61fce68f2d155c1517b52efb6ca9262dd56e0bc6e70fe,cff2221a690fa69303f61fce68f2d155c1517b52efb6ca9262dd56e0bc6e70fe
deploy/data/assets/g1/meshes/left_hip_roll_link.STL,deploy/data/assets/g1/meshes/left_hip_roll_link.STL,unchanged,same,91f25922ee8a7c3152790051bebad17b4d9cd243569c38fe340285ff93a97acf,91f25922ee8a7c3152790051bebad17b4d9cd243569c38fe340285ff93a97acf
deploy/data/assets/g1/meshes/torso_constraint_R_rod_link.STL,deploy/data/assets/g1/meshes/torso_constraint_R_rod_link.STL,unchanged,same,cb83fd38a9f06c99e3f301c70f12d94ae770a8f0cf9501f83580a27f908990b4,cb83fd38a9f06c99e3f301c70f12d94ae770a8f0cf9501f83580a27f908990b4
deploy/data/assets/g1/meshes/left_wrist_yaw_link.STL,deploy/data/assets/g1/meshes/left_wrist_yaw_link.STL,unchanged,same,83f8fb3a726bf9613d65dd14f0f447cb918c3c95b3938042a0c9c09749267d3b,83f8fb3a726bf9613d65dd14f0f447cb918c3c95b3938042a0c9c09749267d3b
deploy/data/assets/g1/meshes/right_hand_middle_1_link.STL,deploy/data/assets/g1/meshes/right_hand_middle_1_link.STL,unchanged,same,c9c34efce4563cacdcfd29fc838a982976d40f5442c71219811dcbbf3923a33d,c9c34efce4563cacdcfd29fc838a982976d40f5442c71219811dcbbf3923a33d
deploy/data/assets/g1/meshes/h5002_face_contact_hitter_frame.stl,deploy/data/assets/g1/meshes/h5002_face_contact_hitter_frame.stl,unchanged,added,32d3c7ba57b888c2f882590fc1484507e0f52b6fd14baa07e964740368a19a5d,32d3c7ba57b888c2f882590fc1484507e0f52b6fd14baa07e964740368a19a5d
deploy/data/assets/g1/meshes/logo_link.STL,deploy/data/assets/g1/meshes/logo_link.STL,unchanged,same,8571a0a19bc4916fa55f91449f51d5fdefd751000054865a842449429d5f155b,8571a0a19bc4916fa55f91449f51d5fdefd751000054865a842449429d5f155b
deploy/data/assets/g1/meshes/right_hand_thumb_0_link.STL,deploy/data/assets/g1/meshes/right_hand_thumb_0_link.STL,unchanged,same,544298d0ea1088f5b276a10cc6a6a9e533efdd91594955fdc956c46211d07f83,544298d0ea1088f5b276a10cc6a6a9e533efdd91594955fdc956c46211d07f83
deploy/data/assets/g1/meshes/right_hip_pitch_link.STL,deploy/data/assets/g1/meshes/right_hip_pitch_link.STL,unchanged,same,e4f3c99d7f4a7d34eadbef9461fc66e3486cb5442db1ec50c86317d459f1a9c6,e4f3c99d7f4a7d34eadbef9461fc66e3486cb5442db1ec50c86317d459f1a9c6
deploy/data/assets/g1/meshes/left_ankle_roll_link.STL,deploy/data/assets/g1/meshes/left_ankle_roll_link.STL,unchanged,same,c4092af943141d4d9f74232f3cfa345afc6565f46a077793b8ae0e68b39dc33f,c4092af943141d4d9f74232f3cfa345afc6565f46a077793b8ae0e68b39dc33f
deploy/data/assets/g1/meshes/waist_constraint_R.STL,deploy/data/assets/g1/meshes/waist_constraint_R.STL,unchanged,same,791902a291ffbd35ab97383b7b44ea5d975de7c80eef838797c970790b382ca9,791902a291ffbd35ab97383b7b44ea5d975de7c80eef838797c970790b382ca9
deploy/data/assets/g1/meshes/left_hand_thumb_2_link.STL,deploy/data/assets/g1/meshes/left_hand_thumb_2_link.STL,unchanged,same,3d8dbe5085acfc213d21aa8b0782e89cd79084e9678f3a85fc7b04a86b029db5,3d8dbe5085acfc213d21aa8b0782e89cd79084e9678f3a85fc7b04a86b029db5
deploy/data/assets/g1/meshes/left_hand_palm_link.STL,deploy/data/assets/g1/meshes/left_hand_palm_link.STL,unchanged,same,23a486b75bd78a9bf03cec25d84d87f97f3dae038cf21a743b6d469b337e4004,23a486b75bd78a9bf03cec25d84d87f97f3dae038cf21a743b6d469b337e4004
deploy/data/assets/g1/meshes/left_shoulder_pitch_link.STL,deploy/data/assets/g1/meshes/left_shoulder_pitch_link.STL,unchanged,same,f0d1cfd02fcf0d42f95e678eeca33da3afbcc366ffba5c052847773ec4f31d52,f0d1cfd02fcf0d42f95e678eeca33da3afbcc366ffba5c052847773ec4f31d52
deploy/data/assets/g1/meshes/right_hip_roll_link.STL,deploy/data/assets/g1/meshes/right_hip_roll_link.STL,unchanged,same,4c254ef66a356f492947f360dd931965477b631e3fcc841f91ccc46d945d54f6,4c254ef66a356f492947f360dd931965477b631e3fcc841f91ccc46d945d54f6
deploy/data/assets/g1/meshes/left_hand_thumb_1_link.STL,deploy/data/assets/g1/meshes/left_hand_thumb_1_link.STL,unchanged,same,445c54a45bc13ce36001556f66bc0f49c83cb40321205ae4d676bb2874325684,445c54a45bc13ce36001556f66bc0f49c83cb40321205ae4d676bb2874325684
deploy/data/assets/g1/meshes/waist_yaw_link_rev_1_0.STL,deploy/data/assets/g1/meshes/waist_yaw_link_rev_1_0.STL,unchanged,same,ec6db442b11f25eed898b5add07940c85d804f300de24dcbd264ccd8be7d554c,ec6db442b11f25eed898b5add07940c85d804f300de24dcbd264ccd8be7d554c
deploy/data/assets/g1/meshes/right_wrist_pitch_link.STL,deploy/data/assets/g1/meshes/right_wrist_pitch_link.STL,unchanged,same,d22f8f3b3127f15a63e5be1ee273cd5075786c3142f1c3d9f76cbf43d2a26477,d22f8f3b3127f15a63e5be1ee273cd5075786c3142f1c3d9f76cbf43d2a26477
deploy/data/assets/g1/meshes/head_link.STL,deploy/data/assets/g1/meshes/head_link.STL,unchanged,same,005fb67fbd3eff94aa8bf4a6e83238174e9f91b6721f7111594322f223724411,005fb67fbd3eff94aa8bf4a6e83238174e9f91b6721f7111594322f223724411
deploy/data/assets/g1/meshes/right_hand_thumb_2_link.STL,deploy/data/assets/g1/meshes/right_hand_thumb_2_link.STL,unchanged,same,3f1bfb37668e8f61801c8d25f171fa1949e08666be86c67acad7e0079937cc45,3f1bfb37668e8f61801c8d25f171fa1949e08666be86c67acad7e0079937cc45
deploy/data/assets/g1/meshes/right_hand_index_0_link.STL,deploy/data/assets/g1/meshes/right_hand_index_0_link.STL,unchanged,same,12ab4300c95e437e834f9aef772b3b431c671bf34338930b52ad11aef73bbd0d,12ab4300c95e437e834f9aef772b3b431c671bf34338930b52ad11aef73bbd0d
deploy/data/assets/g1/meshes/waist_roll_link_rev_1_0.STL,deploy/data/assets/g1/meshes/waist_roll_link_rev_1_0.STL,unchanged,same,b67c347a05abc3e8ddae600d98a082bee273bb39f8e651647708b0a7140a8a97,b67c347a05abc3e8ddae600d98a082bee273bb39f8e651647708b0a7140a8a97
deploy/data/assets/g1/meshes/left_hand_index_1_link.STL,deploy/data/assets/g1/meshes/left_hand_index_1_link.STL,unchanged,same,9e315ebc8a7a0cb98e033985b586b20d81cf8aa761181ae61ce56fcb14077a06,9e315ebc8a7a0cb98e033985b586b20d81cf8aa761181ae61ce56fcb14077a06
deploy/data/assets/g1/meshes/h5002_handle_hitter_frame.stl,deploy/data/assets/g1/meshes/h5002_handle_hitter_frame.stl,unchanged,added,85527306dc4b0b942935177c23897efaf4dc7687a6cdce8ef56415c8d404ffd3,85527306dc4b0b942935177c23897efaf4dc7687a6cdce8ef56415c8d404ffd3
deploy/data/assets/g1/meshes/torso_constraint_L_rod_link.STL,deploy/data/assets/g1/meshes/torso_constraint_L_rod_link.STL,unchanged,same,c10de1effa7ea797ac268006aa2a739036c7e1f326b2012d711ee2c20c5a6e96,c10de1effa7ea797ac268006aa2a739036c7e1f326b2012d711ee2c20c5a6e96
deploy/data/assets/g1/meshes/left_wrist_pitch_link.STL,deploy/data/assets/g1/meshes/left_wrist_pitch_link.STL,unchanged,same,b251d8e05047f695d0f536cd78c11973cfa4e78d08cfe82759336cc3471de3a9,b251d8e05047f695d0f536cd78c11973cfa4e78d08cfe82759336cc3471de3a9
deploy/data/assets/g1/meshes/left_elbow_link.STL,deploy/data/assets/g1/meshes/left_elbow_link.STL,unchanged,same,fa752198accd104d5c4c3a01382e45165b944fbbc5acce085059223324e5bed3,fa752198accd104d5c4c3a01382e45165b944fbbc5acce085059223324e5bed3
deploy/data/assets/g1/meshes/right_wrist_yaw_link.STL,deploy/data/assets/g1/meshes/right_wrist_yaw_link.STL,unchanged,same,bc9dece2d12509707e0057ba2e48df8f3d56db0c79410212963a25e8a50f61a6,bc9dece2d12509707e0057ba2e48df8f3d56db0c79410212963a25e8a50f61a6
deploy/data/assets/g1/meshes/right_hand_index_1_link.STL,deploy/data/assets/g1/meshes/right_hand_index_1_link.STL,unchanged,same,c9c34efce4563cacdcfd29fc838a982976d40f5442c71219811dcbbf3923a33d,c9c34efce4563cacdcfd29fc838a982976d40f5442c71219811dcbbf3923a33d
deploy/data/assets/g1/meshes/waist_yaw_link.STL,deploy/data/assets/g1/meshes/waist_yaw_link.STL,unchanged,same,2883f20e03f09b669b5b4ce10677ee6b5191c0934b584d7cbaef2d0662856ffb,2883f20e03f09b669b5b4ce10677ee6b5191c0934b584d7cbaef2d0662856ffb
deploy/data/assets/g1/meshes/right_hand_palm_link.STL,deploy/data/assets/g1/meshes/right_hand_palm_link.STL,unchanged,same,86c0b231cc44477d64a6493e5a427ba16617a00738112dd187c652675b086fb9,86c0b231cc44477d64a6493e5a427ba16617a00738112dd187c652675b086fb9
deploy/data/assets/g1/meshes/right_shoulder_roll_link.STL,deploy/data/assets/g1/meshes/right_shoulder_roll_link.STL,unchanged,same,962b97c48f9ce9e8399f45dd9522e0865d19aa9fd299406b2d475a8fc4a53e81,962b97c48f9ce9e8399f45dd9522e0865d19aa9fd299406b2d475a8fc4a53e81
deploy/data/assets/g1/meshes/left_shoulder_roll_link.STL,deploy/data/assets/g1/meshes/left_shoulder_roll_link.STL,unchanged,same,fb9df21687773522598dc384f1a2945c7519f11cbc8bd372a49170316d6eee88,fb9df21687773522598dc384f1a2945c7519f11cbc8bd372a49170316d6eee88
deploy/data/assets/g1/meshes/left_hand_thumb_0_link.STL,deploy/data/assets/g1/meshes/left_hand_thumb_0_link.STL,unchanged,same,a90c721661c0622685488a3c74d1e122c7da89242d3a1daef75edb83422d05e0,a90c721661c0622685488a3c74d1e122c7da89242d3a1daef75edb83422d05e0
deploy/data/assets/g1/meshes/torso_link.STL,deploy/data/assets/g1/meshes/torso_link.STL,unchanged,same,e96d023f0368a4e3450b86ca5d4f10227d8141156a373e7da8cb3c93266523e0,e96d023f0368a4e3450b86ca5d4f10227d8141156a373e7da8cb3c93266523e0
deploy/data/assets/g1/meshes/h5002_head_hitter_frame.stl,deploy/data/assets/g1/meshes/h5002_head_hitter_frame.stl,unchanged,added,4530fd7017af77b8a31eab2bb798a3f716ef97f4a82713fe5655db241d0a26ba,4530fd7017af77b8a31eab2bb798a3f716ef97f4a82713fe5655db241d0a26ba
deploy/data/assets/g1/meshes/left_shoulder_yaw_link.STL,deploy/data/assets/g1/meshes/left_shoulder_yaw_link.STL,unchanged,same,1aa97e9748e924336567992181f78c7cd0652fd52a4afcca3df6b2ef6f9e712e,1aa97e9748e924336567992181f78c7cd0652fd52a4afcca3df6b2ef6f9e712e
deploy/data/assets/g1/meshes/left_elbow_link_merge.STL,deploy/data/assets/g1/meshes/left_elbow_link_merge.STL,unchanged,same,73c8adc6346b900eb6a2ae7159e25dfda1be60cd98affe13536e01ab33a6c1de,73c8adc6346b900eb6a2ae7159e25dfda1be60cd98affe13536e01ab33a6c1de
deploy/data/assets/g1/meshes/right_shoulder_yaw_link.STL,deploy/data/assets/g1/meshes/right_shoulder_yaw_link.STL,unchanged,same,a0b76489271da0c72461a344c9ffb0f0c6e64f019ea5014c1624886c442a2fe5,a0b76489271da0c72461a344c9ffb0f0c6e64f019ea5014c1624886c442a2fe5
deploy/data/assets/g1/meshes/right_paddle_hitter_frame.stl,deploy/data/assets/g1/meshes/right_paddle_hitter_frame.stl,unchanged,added,60277ccd6d12920b3f59fe7ab9c0b5e363b64ef13944a78f456e8dfcbbc230cb,60277ccd6d12920b3f59fe7ab9c0b5e363b64ef13944a78f456e8dfcbbc230cb
deploy/data/assets/g1/meshes/right_hand_thumb_1_link.STL,deploy/data/assets/g1/meshes/right_hand_thumb_1_link.STL,unchanged,same,0a9a820da8dd10f298778b714f1364216e8a5976f4fd3a05689ea26327d44bf6,0a9a820da8dd10f298778b714f1364216e8a5976f4fd3a05689ea26327d44bf6
deploy/data/assets/g1/meshes/left_hip_pitch_link.STL,deploy/data/assets/g1/meshes/left_hip_pitch_link.STL,unchanged,same,4725168105ee768ee31638ef22b53f6be2d7641bfd7cfefe803488d884776fa4,4725168105ee768ee31638ef22b53f6be2d7641bfd7cfefe803488d884776fa4
deploy/data/assets/g1/meshes/torso_constraint_R_link.STL,deploy/data/assets/g1/meshes/torso_constraint_R_link.STL,unchanged,same,54ded433a3a0c76027365856fdbd55215643de88846f7d436598a4071e682725,54ded433a3a0c76027365856fdbd55215643de88846f7d436598a4071e682725
deploy/data/assets/g1/meshes/right_rubber_hand.STL,deploy/data/assets/g1/meshes/right_rubber_hand.STL,unchanged,same,99533b778bca6246144fa511bb9d4e555e075c641f2a0251e04372869cd99d67,99533b778bca6246144fa511bb9d4e555e075c641f2a0251e04372869cd99d67
deploy/data/assets/g1/meshes/waist_support_link.STL,deploy/data/assets/g1/meshes/waist_support_link.STL,unchanged,same,1fae9e1bb609848a1667d32eed8d6083ae443538a306843056a2a660f1b2926a,1fae9e1bb609848a1667d32eed8d6083ae443538a306843056a2a660f1b2926a
deploy/data/assets/g1/meshes/right_elbow_link_merge.STL,deploy/data/assets/g1/meshes/right_elbow_link_merge.STL,unchanged,same,e6def7100e5bbb276c7498c5b7a8c8812f560ca35d6bd09c376ebab93595be7f,e6def7100e5bbb276c7498c5b7a8c8812f560ca35d6bd09c376ebab93595be7f
deploy/data/assets/g1/meshes/left_wrist_roll_link.STL,deploy/data/assets/g1/meshes/left_wrist_roll_link.STL,unchanged,same,edc387c9a0ba8c2237e9b296d32531426fabeb6f53e58df45c76106bca74148c,edc387c9a0ba8c2237e9b296d32531426fabeb6f53e58df45c76106bca74148c
deploy/data/assets/g1/meshes/pelvis.STL,deploy/data/assets/g1/meshes/pelvis.STL,unchanged,same,5ba6bbc888e630550140d3c26763f10206da8c8bd30ed886b8ede41c61f57a31,5ba6bbc888e630550140d3c26763f10206da8c8bd30ed886b8ede41c61f57a31
deploy/data/assets/g1/meshes/torso_link_23dof_rev_1_0.STL,deploy/data/assets/g1/meshes/torso_link_23dof_rev_1_0.STL,unchanged,same,3cd0d56fde14b73c1623304684805029971c4f84b596f9914e823ca70a107fd2,3cd0d56fde14b73c1623304684805029971c4f84b596f9914e823ca70a107fd2
deploy/data/assets/g1/meshes/right_hip_yaw_link.STL,deploy/data/assets/g1/meshes/right_hip_yaw_link.STL,unchanged,same,e479c2936ca2057e9eb2f7dff6c189b7419d7b8484dea0b298cbb36a2a6aa668,e479c2936ca2057e9eb2f7dff6c189b7419d7b8484dea0b298cbb36a2a6aa668
deploy/data/assets/g1/meshes/waist_constraint_L.STL,deploy/data/assets/g1/meshes/waist_constraint_L.STL,unchanged,same,8ebafdcb4de6871113f0ca2c356618d6e46b1d50f6c0bf9e37f47b9d8e100d99,8ebafdcb4de6871113f0ca2c356618d6e46b1d50f6c0bf9e37f47b9d8e100d99
deploy/data/assets/g1/meshes/pelvis_contour_link.STL,deploy/data/assets/g1/meshes/pelvis_contour_link.STL,unchanged,same,5cc5c2c7a312329e3feeb2b03d3fc09fc29705bd01864f6767e51be959662420,5cc5c2c7a312329e3feeb2b03d3fc09fc29705bd01864f6767e51be959662420
deploy/data/assets/g1/meshes/torso_constraint_L_link.STL,deploy/data/assets/g1/meshes/torso_constraint_L_link.STL,unchanged,same,82be7f93e85b3d303a1d1e1847e2c916939bd61c424ed1ebd28691ec33909dd1,82be7f93e85b3d303a1d1e1847e2c916939bd61c424ed1ebd28691ec33909dd1
deploy/data/assets/g1/meshes/left_hand_middle_1_link.STL,deploy/data/assets/g1/meshes/left_hand_middle_1_link.STL,unchanged,same,9e315ebc8a7a0cb98e033985b586b20d81cf8aa761181ae61ce56fcb14077a06,9e315ebc8a7a0cb98e033985b586b20d81cf8aa761181ae61ce56fcb14077a06
deploy/data/assets/g1/meshes/right_ankle_roll_link.STL,deploy/data/assets/g1/meshes/right_ankle_roll_link.STL,unchanged,same,4b66222ea56653e627711b56d0a8949b4920da5df091da0ceb343f54e884e3a5,4b66222ea56653e627711b56d0a8949b4920da5df091da0ceb343f54e884e3a5
deploy/data/assets/g1/meshes/right_elbow_link.STL,deploy/data/assets/g1/meshes/right_elbow_link.STL,unchanged,same,1be925d7aa268bb8fddf5362b9173066890c7d32092c05638608126e59d1e2ab,1be925d7aa268bb8fddf5362b9173066890c7d32092c05638608126e59d1e2ab
deploy/data/model/hitter/policy.onnx,deploy/data/model/hitter/policy.onnx,unchanged,added,6412166b28facf131e0c52358189cfad21203aa3567a14ad920c6404ea70737e,6412166b28facf131e0c52358189cfad21203aa3567a14ad920c6404ea70737e
deploy/data/model/hitter/hitter_model56600_8x4090_poswin001_velstd18_velwin003_104_20260814.provenance.txt,deploy/data/model/hitter/hitter_model56600_8x4090_poswin001_velstd18_velwin003_104_20260814.provenance.txt,unchanged,added,d4269a1ceee89e3a30d7083acd4c759080494daf3d40b850954326137ca13651,d4269a1ceee89e3a30d7083acd4c759080494daf3d40b850954326137ca13651
deploy/data/model/hitter/hitter_model60500_vx4to8_vz4to8_tts060to092_phasealign_104_20260805.onnx,deploy/data/model/hitter/hitter_model60500_vx4to8_vz4to8_tts060to092_phasealign_104_20260805.onnx,unchanged,added,896ebd411da7f066ed0b612f689f12abfa7f41d7f6e37b328094053256931ac4,896ebd411da7f066ed0b612f689f12abfa7f41d7f6e37b328094053256931ac4
deploy/data/model/hitter/hitter_model7100_A100_20260815_resume6700_posstd012_104.provenance.txt,deploy/data/model/hitter/hitter_model7100_A100_20260815_resume6700_posstd012_104.provenance.txt,unchanged,added,91ed39372268088b3ed5beacf5ec8f090d98c568988e2b096fe73a0656e3b1f2,91ed39372268088b3ed5beacf5ec8f090d98c568988e2b096fe73a0656e3b1f2
deploy/data/model/hitter/hitter_model17500_8x4090_poswin001_velstd18_velwin003_104_20260808.provenance.txt,deploy/data/model/hitter/hitter_model17500_8x4090_poswin001_velstd18_velwin003_104_20260808.provenance.txt,unchanged,added,eac2ca06439d17ea27faff5c91700f1569809273fb185a0f4e356cf1632903a8,eac2ca06439d17ea27faff5c91700f1569809273fb185a0f4e356cf1632903a8
deploy/data/model/hitter/hitter_model14100_8x4090_poswin001_velstd18_velwin003_104_20260808.onnx,deploy/data/model/hitter/hitter_model14100_8x4090_poswin001_velstd18_velwin003_104_20260808.onnx,unchanged,added,5439bf65b32303a965075c30f127e331b1342b3db5c4103e31551af1e626f25e,5439bf65b32303a965075c30f127e331b1342b3db5c4103e31551af1e626f25e
deploy/data/model/hitter/hitter_model56600_8x4090_poswin001_velstd18_velwin003_104_20260814.onnx,deploy/data/model/hitter/hitter_model56600_8x4090_poswin001_velstd18_velwin003_104_20260814.onnx,unchanged,added,49c4c403ab42e84e71e67fe324ac722c125217484d6aeeb2b47cab934fc351cc,49c4c403ab42e84e71e67fe324ac722c125217484d6aeeb2b47cab934fc351cc
deploy/data/model/hitter/hitter_model5400_vx4to8_vz4to8_104_20260730.onnx,deploy/data/model/hitter/hitter_model5400_vx4to8_vz4to8_104_20260730.onnx,unchanged,added,8247f6620701d490853b935a7b24ce62908652e07f94837a6f86d413e37f93e3,8247f6620701d490853b935a7b24ce62908652e07f94837a6f86d413e37f93e3
deploy/data/model/hitter/hitter_model10595_A100_20260816_samechain_model7100_104.onnx,deploy/data/model/hitter/hitter_model10595_A100_20260816_samechain_model7100_104.onnx,unchanged,added,3ad4d92404ac96cd1259e696d059fa0c31236164c57fd278f048ed14bc1cf9b2,3ad4d92404ac96cd1259e696d059fa0c31236164c57fd278f048ed14bc1cf9b2
deploy/data/model/hitter/hitter.onnx,deploy/data/model/hitter/hitter.onnx,unchanged,added,b5d59cc75e4074f1bc0880c5281f2558056b83fade895786c11d3232306aeb85,b5d59cc75e4074f1bc0880c5281f2558056b83fade895786c11d3232306aeb85
deploy/data/model/hitter/hitter_model10595_A100_20260816_samechain_model7100_104.provenance.txt,deploy/data/model/hitter/hitter_model10595_A100_20260816_samechain_model7100_104.provenance.txt,unchanged,added,d5eeb6c45c518e33a2e0071fd2d1c73fc87e1864afd44bf07d72fcf69bc73d28,d5eeb6c45c518e33a2e0071fd2d1c73fc87e1864afd44bf07d72fcf69bc73d28
deploy/data/model/hitter/hitter_model60500_vx4to8_vz4to8_tts060to092_phasealign_104_20260805.provenance.txt,deploy/data/model/hitter/hitter_model60500_vx4to8_vz4to8_tts060to092_phasealign_104_20260805.provenance.txt,unchanged,added,7fddd6e42c1ea25d86bd22e6463336882e99097d3a49f6b2c3d0a7cff727cfe6,7fddd6e42c1ea25d86bd22e6463336882e99097d3a49f6b2c3d0a7cff727cfe6
deploy/data/model/hitter/hitter_model7400_vx0to4_vyneg14to14_vz0to4_tts030to092_posstd012_velstd2_velwin004_104_20260806.onnx,deploy/data/model/hitter/hitter_model7400_vx0to4_vyneg14to14_vz0to4_tts030to092_posstd012_velstd2_velwin004_104_20260806.onnx,unchanged,added,99848ef51495dbc0ac30e5ddefd27778eef2f82b6388acef618269c1cffe6ded,99848ef51495dbc0ac30e5ddefd27778eef2f82b6388acef618269c1cffe6ded
deploy/data/model/hitter/hitter_model20500_20260818_104.provenance.txt,deploy/data/model/hitter/hitter_model20500_20260818_104.provenance.txt,unchanged,added,72e44b0b00880f831e770f6c5e0bcdec3a21dc5045f642a15237eb5e74b78178,72e44b0b00880f831e770f6c5e0bcdec3a21dc5045f642a15237eb5e74b78178
deploy/data/model/hitter/hitter_model8000_oldmotion_104_20260725.provenance.txt,deploy/data/model/hitter/hitter_model8000_oldmotion_104_20260725.provenance.txt,unchanged,added,17234348a62dbe561a8e4aece1886ece6e6977237fb102e075a2bb6390451668,17234348a62dbe561a8e4aece1886ece6e6977237fb102e075a2bb6390451668
deploy/data/model/hitter/hitter_model7900_oldmotion_104_20260725.onnx,deploy/data/model/hitter/hitter_model7900_oldmotion_104_20260725.onnx,unchanged,added,ca5e5eb07d1d6b4c0ab0e05e8b8536a58ae51832e63009c77d25e856704b8824,ca5e5eb07d1d6b4c0ab0e05e8b8536a58ae51832e63009c77d25e856704b8824
deploy/data/model/hitter/hitter_model17500_8x4090_poswin001_velstd18_velwin003_104_20260808.onnx,deploy/data/model/hitter/hitter_model17500_8x4090_poswin001_velstd18_velwin003_104_20260808.onnx,unchanged,added,397c1d2faed0126020d553a3d418f731a43801af1054ad620d7165f70acc868d,397c1d2faed0126020d553a3d418f731a43801af1054ad620d7165f70acc868d
deploy/data/model/hitter/hitter_model7900_oldmotion_104_20260725.provenance.txt,deploy/data/model/hitter/hitter_model7900_oldmotion_104_20260725.provenance.txt,unchanged,added,e3063e8db2ebaaeb1382330c60b7effcdec22ea05b4354b5e933ed9512001056,e3063e8db2ebaaeb1382330c60b7effcdec22ea05b4354b5e933ed9512001056
deploy/data/model/hitter/hitter_model7100_A100_20260815_resume6700_posstd012_104.onnx,deploy/data/model/hitter/hitter_model7100_A100_20260815_resume6700_posstd012_104.onnx,unchanged,added,795dc5851bebf13d974038563d07ae41cee2242df74f93627a930e959c4a2f89,795dc5851bebf13d974038563d07ae41cee2242df74f93627a930e959c4a2f89
deploy/data/model/hitter/hitter_model7400_vx0to4_vyneg14to14_vz0to4_tts030to092_posstd012_velstd2_velwin004_104_20260806.provenance.txt,deploy/data/model/hitter/hitter_model7400_vx0to4_vyneg14to14_vz0to4_tts030to092_posstd012_velstd2_velwin004_104_20260806.provenance.txt,unchanged,added,be32e0ddc5803053f0fd73963454d6470080feca37383540cbe2d7065314d4eb,be32e0ddc5803053f0fd73963454d6470080feca37383540cbe2d7065314d4eb
deploy/data/model/hitter/hitter_model20500_20260818_104.onnx,deploy/data/model/hitter/hitter_model20500_20260818_104.onnx,unchanged,added,abae7119dd0df196292e5daf7f75f6c0a9adeb3f8ae185bf1519f1d48f90d423,abae7119dd0df196292e5daf7f75f6c0a9adeb3f8ae185bf1519f1d48f90d423
deploy/data/model/hitter/hitter_model8000_oldmotion_104_20260725.onnx,deploy/data/model/hitter/hitter_model8000_oldmotion_104_20260725.onnx,unchanged,added,6e9f7030de8352baccf9dacb86d394835d0264fc0f03fe05e07ce1a185c00b70,6e9f7030de8352baccf9dacb86d394835d0264fc0f03fe05e07ce1a185c00b70
deploy/data/model/hitter/checkpoints/hitter_june06_oldmotion_104_model_800_20260724.pt,deploy/data/model/hitter/checkpoints/hitter_june06_oldmotion_104_model_800_20260724.pt,unchanged,added,94e633bf678946a2f5654053aa1e43b5c09095dc6d23645b6983c0c4d48a8de4,94e633bf678946a2f5654053aa1e43b5c09095dc6d23645b6983c0c4d48a8de4
deploy/agents/hitter_agent.py,deploy/agents/hitter_agent.py,modified,added,fbeac1579f863a6bc05f7e5b61f5bd2d4acd01ff6e9fad56b29dae939d44ae6b,9d296f4d380f14ab8b3b6f80d598ff603824df69ce077cf2660ef0c523df681d
deploy/agents/base_agent.py,deploy/agents/base_agent.py,unchanged,changed,1f1e8ed7b52da651334d8fec649f6574998347b6ded0c3036a077c494b455f03,1f1e8ed7b52da651334d8fec649f6574998347b6ded0c3036a077c494b455f03
deploy/agents/__init__.py,deploy/agents/__init__.py,unchanged,same,e52201dcff5276e027285a56742be6bc309b5b47e6a42db7ccd19261a8763609,e52201dcff5276e027285a56742be6bc309b5b47e6a42db7ccd19261a8763609
deploy/agents/mosaic_agent.py,deploy/agents/mosaic_agent.py,unchanged,same,a8253390dfac71c85e8253a826ff188841036a6d9565bb92e7938eb888f8a1e8,a8253390dfac71c85e8253a826ff188841036a6d9565bb92e7938eb888f8a1e8
deploy/agents/level_agent.py,deploy/agents/level_agent.py,unchanged,same,c3d77543de52637243cf06ed8057af580230a57ced7b68ae27b10894ca40c207,c3d77543de52637243cf06ed8057af580230a57ced7b68ae27b10894ca40c207
deploy/agents/gmt_agent.py,deploy/agents/gmt_agent.py,unchanged,same,ab55b8326a2939976b66cc58276bb6183ba340713a10e38f248301009cb1e682,ab55b8326a2939976b66cc58276bb6183ba340713a10e38f248301009cb1e682
deploy/agents/loco_mimic_agent.py,deploy/agents/loco_mimic_agent.py,unchanged,same,911ceb705c24029c8be28dcbb9300cec8b2993a94104bb6fb82a5ceb557f168f,911ceb705c24029c8be28dcbb9300cec8b2993a94104bb6fb82a5ceb557f168f
deploy/agents/twist_agent.py,deploy/agents/twist_agent.py,unchanged,same,2b563b9360d5c40cc9f0e62be252dd4112176b81b21729bef45b9a9388b59720,2b563b9360d5c40cc9f0e62be252dd4112176b81b21729bef45b9a9388b59720
deploy/envs/__init__.py,deploy/envs/__init__.py,unchanged,same,4849ce020bf5ac25a3310d5854ac738fa9158bdf62e1945ad06de3018ea6a8d6,4849ce020bf5ac25a3310d5854ac738fa9158bdf62e1945ad06de3018ea6a8d6
deploy/envs/locomotion.py,deploy/envs/locomotion.py,unchanged,same,b16e72eb24cfa1183df08c4d9a397f360128e53d2bc87684e06240e91956cbee,b16e72eb24cfa1183df08c4d9a397f360128e53d2bc87684e06240e91956cbee
deploy/envs/level_locomotion.py,deploy/envs/level_locomotion.py,unchanged,same,b926511b33a2ac604dadfd425edc961d7cd892c8e6751b3877f8ad7da92e8a43,b926511b33a2ac604dadfd425edc961d7cd892c8e6751b3877f8ad7da92e8a43
deploy/envs/loco_mimic_switch.py,deploy/envs/loco_mimic_switch.py,unchanged,same,bb7e256581151e89ce5c768ad3f96ade49dd5d187479b9b2a5b7efe8aca713b4,bb7e256581151e89ce5c768ad3f96ade49dd5d187479b9b2a5b7efe8aca713b4
deploy/envs/gmt.py,deploy/envs/gmt.py,unchanged,same,be2ad6504e93f0fca5b7f2afe83ca2c36046d5e91a482ce4e60514ddb10035a8,be2ad6504e93f0fca5b7f2afe83ca2c36046d5e91a482ce4e60514ddb10035a8
deploy/envs/twist.py,deploy/envs/twist.py,unchanged,same,38d2ab50053d57add68af781cb15d65c7ad281da305e536f757ae784e7e27326,38d2ab50053d57add68af781cb15d65c7ad281da305e536f757ae784e7e27326
deploy/envs/base_env.py,deploy/envs/base_env.py,unchanged,same,f0d2fa90ce257b2b9612bad69ebaefdf7ce39c5d16d89c69d95a775c92e9a39f,f0d2fa90ce257b2b9612bad69ebaefdf7ce39c5d16d89c69d95a775c92e9a39f
deploy/envs/hitter.py,deploy/envs/hitter.py,modified,added,7047a748c1e965d2d65f91a30057fa346eca69f9eb43c877fa429d65f6d16d83,1513cdf699454bd74beacac7b8ddbd153cc535da8e9fe8489d6cc42202442229
deploy/envs/mosaic.py,deploy/envs/mosaic.py,unchanged,changed,0937ed83c90f32b7ea93b6c087b38996349c850c59511b375e08eef0d31e1c67,0937ed83c90f32b7ea93b6c087b38996349c850c59511b375e08eef0d31e1c67
deploy/simulator/__init__.py,deploy/simulator/__init__.py,unchanged,same,e3b0c44298fc1c149afbf4c8996fb92427ae41e4649b934ca495991b7852b855,e3b0c44298fc1c149afbf4c8996fb92427ae41e4649b934ca495991b7852b855
deploy/simulator/real_world.py,deploy/simulator/real_world.py,modified,changed,ba11c02339d35193a87548eb5bca380e6180b464d9ee5fb5c97dc545b734883a,43efd2d51d592d7fb0a18c3ecc795798a5e3389025c0d97c0a4504ac6efeb614
deploy/simulator/mujoco.py,deploy/simulator/mujoco.py,modified,changed,7e1d58feafd584f0e60d6f1c85799ea0499f7862cecdfa1bad652ee145b5bb6a,e135294f6b407403b4de95dc0f77d9be7cb53d897d2ae593b6135ff2505b1f04
deploy/simulator/base_sim.py,deploy/simulator/base_sim.py,unchanged,same,1a12f24138ef6ab62458603c77eed382eb0c8968ba5d1b735b904d03c3ef9868,1a12f24138ef6ab62458603c77eed382eb0c8968ba5d1b735b904d03c3ef9868
deploy/simulator/real_world_new.py,deploy/simulator/real_world_new.py,unchanged,same,09e7bb4dfafef95bddb5ecc13c75d3fd2ddba1c89b420e781daf33e763d9a860,09e7bb4dfafef95bddb5ecc13c75d3fd2ddba1c89b420e781daf33e763d9a860
deploy/mocap_bridge (copy)/vicon_table_lcm_bridge.cpp,_archive/refactor_20260909/deploy/mocap_bridge (copy)/vicon_table_lcm_bridge.cpp,archived,added,93bf7e921abb5e5295396e03f4b833d0d8dd357e3f1dd9f52a513e9805acf424,93bf7e921abb5e5295396e03f4b833d0d8dd357e3f1dd9f52a513e9805acf424
deploy/mocap_bridge (copy)/chingmu_sdk_client.py,_archive/refactor_20260909/deploy/mocap_bridge (copy)/chingmu_sdk_client.py,archived,added,073bc6cb3a9bb0d0bb4b39a7524eb9751dcacdd5f0d736aab56eede637fcbe98,073bc6cb3a9bb0d0bb4b39a7524eb9751dcacdd5f0d736aab56eede637fcbe98
deploy/mocap_bridge (copy)/nexus_probe_cpp.cpp,_archive/refactor_20260909/deploy/mocap_bridge (copy)/nexus_probe_cpp.cpp,archived,added,8d48c6dfe8b9f00243c67c2d331535ed1888fc3bb9e1d3aedaecb7230f9481ef,8d48c6dfe8b9f00243c67c2d331535ed1888fc3bb9e1d3aedaecb7230f9481ef
deploy/mocap_bridge (copy)/chingmu_table_lcm_bridge.py,_archive/refactor_20260909/deploy/mocap_bridge (copy)/chingmu_table_lcm_bridge.py,archived,added,d9c005695842c86a1991047b6719b5a34a545befa4a7fe35a6fb716251ba50b3,d9c005695842c86a1991047b6719b5a34a545befa4a7fe35a6fb716251ba50b3
deploy/mocap_bridge (copy)/build_cpp_probe.sh,_archive/refactor_20260909/deploy/mocap_bridge (copy)/build_cpp_probe.sh,archived,added,c44a8f689adcde2340f80fa2c3fd3e0e2cb938a01d4255c2567a315f8ac87b74,c44a8f689adcde2340f80fa2c3fd3e0e2cb938a01d4255c2567a315f8ac87b74
deploy/mocap_bridge (copy)/monitor_vicon_lcm.py,_archive/refactor_20260909/deploy/mocap_bridge (copy)/monitor_vicon_lcm.py,archived,added,1e002f2ca796f327a18d800f5acfb0d7ef7cc6971a5c02818238d91109a1f808,1e002f2ca796f327a18d800f5acfb0d7ef7cc6971a5c02818238d91109a1f808
deploy/mocap_bridge (copy)/bin/nexus_probe_cpp,_archive/refactor_20260909/deploy/mocap_bridge (copy)/bin/nexus_probe_cpp,archived,added,d9d8dc41f7067ee9e8bc17db73f6df64286927c51a12c48db4e140183dc50045,d9d8dc41f7067ee9e8bc17db73f6df64286927c51a12c48db4e140183dc50045
deploy/mocap_bridge (copy)/bin/test_vicon_table_lcm_bridge,_archive/refactor_20260909/deploy/mocap_bridge (copy)/bin/test_vicon_table_lcm_bridge,archived,added,b55ef2d25431c397f2d11b780fd247595970b3a395a9eecbe3ac9f5e3d0d99dc,b55ef2d25431c397f2d11b780fd247595970b3a395a9eecbe3ac9f5e3d0d99dc
deploy/mocap_bridge (copy)/bin/vicon_table_lcm_bridge,_archive/refactor_20260909/deploy/mocap_bridge (copy)/bin/vicon_table_lcm_bridge,archived,added,207922b2b60a51b162468426424055f216a17def156cd0dbaa7049afbb78da06,207922b2b60a51b162468426424055f216a17def156cd0dbaa7049afbb78da06
deploy/mocap_bridge (copy)/calibrations/vicon_table_frame_candidate.json,_archive/refactor_20260909/deploy/mocap_bridge (copy)/calibrations/vicon_table_frame_candidate.json,archived,added,999a49b3866327cf2c5bdc9732182716acb11e521fee4fd78bcf30626a81f2d7,999a49b3866327cf2c5bdc9732182716acb11e521fee4fd78bcf30626a81f2d7
deploy/mocap_bridge (copy)/calibrations/table_frame_latest.json,_archive/refactor_20260909/deploy/mocap_bridge (copy)/calibrations/table_frame_latest.json,archived,added,999a49b3866327cf2c5bdc9732182716acb11e521fee4fd78bcf30626a81f2d7,999a49b3866327cf2c5bdc9732182716acb11e521fee4fd78bcf30626a81f2d7
deploy/mocap_bridge (copy)/calibrations/chingmu_table_frame_latest.json,_archive/refactor_20260909/deploy/mocap_bridge (copy)/calibrations/chingmu_table_frame_latest.json,archived,added,c3f4c201c51829c9a4f187a519f5912d690f52bf54a3537ce6d2b4abdb38f674,c3f4c201c51829c9a4f187a519f5912d690f52bf54a3537ce6d2b4abdb38f674
deploy/mocap_bridge (copy)/calibrations/table_frame_pre_tracer_20260715.json,_archive/refactor_20260909/deploy/mocap_bridge (copy)/calibrations/table_frame_pre_tracer_20260715.json,archived,added,236079431245b62a8c34324e8b18fa0461353948c6df14fd68a88dd70f2d6921,236079431245b62a8c34324e8b18fa0461353948c6df14fd68a88dd70f2d6921
deploy/logs/metrics__2000.csv,deploy/logs/metrics__2000.csv,unchanged,same,e3b0c44298fc1c149afbf4c8996fb92427ae41e4649b934ca495991b7852b855,e3b0c44298fc1c149afbf4c8996fb92427ae41e4649b934ca495991b7852b855
deploy/logs/metrics_ADAPTOR_one_stage24K_multi_distill_with_noitom_30min_GLOBAL_1K.csv,deploy/logs/metrics_ADAPTOR_one_stage24K_multi_distill_with_noitom_30min_GLOBAL_1K.csv,unchanged,same,e3b0c44298fc1c149afbf4c8996fb92427ae41e4649b934ca495991b7852b855,e3b0c44298fc1c149afbf4c8996fb92427ae41e4649b934ca495991b7852b855
chingmu_sdk/README.md,chingmu_sdk/README.md,unchanged,added,3155aba0b02790616fab9e41e0b523627e6c869e3265df6eb3ddd88b674e5ee5,3155aba0b02790616fab9e41e0b523627e6c869e3265df6eb3ddd88b674e5ee5
chingmu_sdk/vrpn_client.exe,chingmu_sdk/vrpn_client.exe,unchanged,added,891918a300bfc534f2d8e59d3d7ac66a017ca7645a6b08ddc1c75e1e0b678a7f,891918a300bfc534f2d8e59d3d7ac66a017ca7645a6b08ddc1c75e1e0b678a7f
chingmu_sdk/Python SDK 说明.pdf,chingmu_sdk/Python SDK 说明.pdf,unchanged,added,67d61317f56eed941d07e570e2be1b11ba4bef8246f7df22f13f488855117442,67d61317f56eed941d07e570e2be1b11ba4bef8246f7df22f13f488855117442
chingmu_sdk/Demo/get_body_data.py,chingmu_sdk/Demo/get_body_data.py,unchanged,added,7daa61640f71e4440d249bcf2e79dbe46c70e46d6df4590e2145f5890d74fd7a,7daa61640f71e4440d249bcf2e79dbe46c70e46d6df4590e2145f5890d74fd7a
chingmu_sdk/Demo/get_hierarchy.py,chingmu_sdk/Demo/get_hierarchy.py,unchanged,added,b9d50d27cb60c5cf19e9ab7da4745a976ef1a88017447aa4174a05d1a10b11fc,b9d50d27cb60c5cf19e9ab7da4745a976ef1a88017447aa4174a05d1a10b11fc
chingmu_sdk/Demo/get_marker_data.py,chingmu_sdk/Demo/get_marker_data.py,unchanged,added,61dbba1816783888499644613afecfc45ae9833177c17464dd7bcdbc45b88407,61dbba1816783888499644613afecfc45ae9833177c17464dd7bcdbc45b88407
chingmu_sdk/Demo/callback_data.py,chingmu_sdk/Demo/callback_data.py,unchanged,added,53b61e306ee1b6f1b5ac15274d301a58f0d095f7bc61c4403df06e1a46741698,53b61e306ee1b6f1b5ac15274d301a58f0d095f7bc61c4403df06e1a46741698
chingmu_sdk/Demo/get_human_data.py,chingmu_sdk/Demo/get_human_data.py,unchanged,added,fe0f1e0a224215eb2a916ab7789db31553a0f82ff9258bd1aeac4c61d0ea045c,fe0f1e0a224215eb2a916ab7789db31553a0f82ff9258bd1aeac4c61d0ea045c
chingmu_sdk/ChingmuDLL/libCMVrpn.so,chingmu_sdk/ChingmuDLL/libCMVrpn.so,unchanged,added,391ce119e36fc012b96440b9331bd2c792e8859cf7e9db0bc79a805a93263301,391ce119e36fc012b96440b9331bd2c792e8859cf7e9db0bc79a805a93263301
,deploy/mocap_bridge/mocap_types.py,added,refactor_added,,009ec7b324a6f31a215cee17f88ae302465cdb820415cc9099197961ab877cda
,deploy/utils/hitter_serialization.py,added,refactor_added,,6d648778db077f5234cca74a5014272f733a2749f6dd97bf376d60c62152b906
,deploy/tests/test_shared_module_isolation.py,added,refactor_added,,3e72a54130f62277d0d398fb744de74ef6c0457426e14d918a593c1823e6fa09
,deploy/tests/test_hitter_serialization.py,added,refactor_added,,41f0c7728676b1c9f05dc0c17346eb6c2b57cdf8e8e8f4730195b59b3e25dbc7
,docs/refactor_20260909/execution_record.md,added,refactor_added,,54e6238b1ef47ed684aef0a3a3fa5d574ab42be84fe94815ecb6d9c0f3f6db66
,docs/refactor_20260909/final_cpp.log,added,refactor_added,,d34757a92ac9fe0b78b932d44b4484f81a566fab5e7558be51d55e2edd526d6f
,docs/refactor_20260909/style_review.md,added,refactor_added,,5a2357e0a26c24c4bed199d36eaba6d3bb96833b900a5709fde9515af7ace43c
,docs/refactor_20260909/cross_language_tests.log,added,refactor_added,,5de6801217fb559ffdfab6ae4f4b5f6ff3f26bdb5e0a0fdcc568ab652244a71f
,docs/refactor_20260909/baseline_comparison.json,added,refactor_added,,74cdf8e9cb4c72c6e0f4b8de375d71f049db079781fffe260b7cd5b76ae8e7d7
,docs/refactor_20260909/baseline_hashes.json,added,refactor_added,,2d4d1e6412f2230ab5daec54a013054188c99746ddb7eb775befe5e4e00451f8
,docs/refactor_20260909/handoff.md,added,refactor_added,,c5f0ea61548506aef4f29e7143642e8e44e7c1e9cb950cdc083ea6789b383c7b
,docs/refactor_20260909/style_check.py,added,refactor_added,,f36fed42497df523daa6533d497fa6d6735ce48fed435129e7b531975be04521
,docs/refactor_20260909/baseline_cpp.log,added,refactor_added,,702d4880ceda6a794c6766bd61642c1d2d5e9a491ae81578725cfade106ea0fa
,docs/refactor_20260909/archive_reference_audit.json,added,refactor_added,,cbdf7073ee6fadcae9841f6b7ba046d59ff852e494ff53517224c3645ad5a4c9
,docs/refactor_20260909/final_tests.xml,added,refactor_added,,f39043e7ccb96910aa2403c8edd941074d2fd21d03787f19c004f52e83e50a89
,docs/refactor_20260909/archive_manifest.json,added,refactor_added,,9987b3739a3681b61fb0179b936f46349aa012969e53d1d8acceb1a543cf2a2d
,docs/refactor_20260909/final_tests.log,added,refactor_added,,e45826f7d524935aa4aed6d1661e0149352c71e606389fda31397fcd227da9ec
,docs/refactor_20260909/项目结构对比.md,added,refactor_added,,a0d66e13d5a238ec6b203c3b633820fa87fdf12b19ff0ad17404bb74bf43f9e6
,docs/refactor_20260909/source_snapshot.json,added,refactor_added,,52a088d00a66e6db66b76f34c1f03291ca1fa822a37ef8102d968316df00b5f9
,docs/refactor_20260909/structure_report.md,added,refactor_added,,352cad0a442803b665946ec68c8b2c8d0a578966e92810ac5bb6a7c839da50fa
,docs/refactor_20260909/verification_report.md,added,refactor_added,,4bfe796ae8765ac07b186972b84658f42a2bf8a3bed5d4abece49edc0cdb0152
,docs/refactor_20260909/structure_review.md,added,refactor_added,,3b425e0ea1134522752c74710829d0d4593973ce0672936a05e48fdf29ca1d18
,docs/refactor_20260909/test_comparison.json,added,refactor_added,,c4e0a9e50e30ea719950d0134d082624df0fef63c840f2b3b59e9a8206549546
,docs/refactor_20260909/style_tests.log,added,refactor_added,,a6a6728b739a00d090e0b5ac5d1748b52841fa5d3fb2c277ec1cd9c736a3b2fc
,docs/refactor_20260909/style_tests.xml,added,refactor_added,,4e363a45d92558723bbee8e420f4555f87026aeedfceb04bd366144c9c8754a2
,docs/refactor_20260909/baseline_tests.xml,added,refactor_added,,cbe861a4c0c4531f495a92e1cc71d0332dce36bed40ee8263a911d3e8388fd6c
,docs/refactor_20260909/style_report.md,added,refactor_added,,4ea064f1ad20a7b75fcd397031cfc3c478b2f78250a8b3fff459d2521f7eae5f
,docs/refactor_20260909/final_review.md,added,refactor_added,,dd956a19b949b7bab50509e092335c0a891af1b46846ba9e72c0e41cb79df1ca
,docs/refactor_20260909/config_assets.json,added,refactor_added,,91b02dcbe5943268c8e0ecd978d7cd2af2a789db6ea5efbeda2369109021da58
,docs/refactor_20260909/style_audit.json,added,refactor_added,,08563649768dcad73007951fba8a467089fd27fcee85ce950758f1f21ef79832
,docs/refactor_20260909/baseline_report.md,added,refactor_added,,02f1962348715c7a3008c1ccb39a02d6ece5d2e398180eeb7d53176f79cff073
,docs/refactor_20260909/entrypoints.json,added,refactor_added,,9043274a99eb5fac56a7467ac011d319ff7ef4ca7b1ca7281beb49afb84b236b
,docs/refactor_20260909/baseline_tests.log,added,refactor_added,,9314dc187a68c5933d8580764a2248d8395e26d16ebe19dec67e0a261701c3b7
,docs/refactor_20260909/style_test_comparison.json,added,refactor_added,,60620d18452e88c16edf1a35aebed034b97efc7b2d59cd9916936e98de8a9778
,docs/superpowers/plans/2026-09-09-robotbridge4-refactor.md,added,refactor_added,,eef1132e4aeefc786515d804ac7e0c2162194c9313ffb69d7c3d04df4746bc08
,docs/superpowers/specs/2026-09-09-robotbridge4-refactor.md,added,refactor_added,,7048720790154123b3f74c579a53dc5979f9fd67c75765054138a945b8ab8bba
