host_time_s,elapsed_s,frame_number,channel,name,ball_valid,ball_occluded,ball_x_m,ball_y_m,ball_z_m,ball_qx,ball_qy,ball_qz,ball_qw,base_valid,base_x_m,base_y_m,base_z_m,base_qx,base_qy,base_qz,base_qw
1782472597.479421616,23.797130108,0,vicon_state_data,ball,1,0,2.729227415,-0.010051310,1.100691593,0.000000000,0.000000000,0.000000000,1.000000000,1,-0.822028315,-0.459725763,0.820622858,0.000000000,0.000000000,-0.037127977,0.999310519
1782472597.479521275,23.797229767,1,vicon_state_data,ball,1,0,2.728313781,-0.009549730,1.101276112,0.000000000,0.000000000,0.000000000,1.000000000,1,-0.822025767,-0.459754788,0.820624273,0.000000000,0.000000000,-0.037185015,0.999308398
1782472597.479583263,23.797291756,2,vicon_state_data,ball,1,0,2.727389724,-0.010002391,1.101676580,0.000000000,0.000000000,0.000000000,1.000000000,1,-0.822035802,-0.459768721,0.820631459,0.000000000,0.000000000,-0.037230687,0.999306698
1782472597.539700985,23.857409477,3,vicon_state_data,ball,1,0,2.722499367,-0.006400041,1.106571044,0.000000000,0.000000000,0.000000000,1.000000000,1,-0.822034414,-0.459729754,0.820678340,0.000000000,0.000000000,-0.036864871,0.999320260
1782472597.539874554,23.857583046,4,vicon_state_data,ball,1,0,2.721787482,-0.005504801,1.107527338,0.000000000,0.000000000,0.000000000,1.000000000,1,-0.822032928,-0.459725785,0.820652746,0.000000000,0.000000000,-0.036944295,0.999317327
1782472597.539957762,23.857666254,5,vicon_state_data,ball,1,0,2.721049575,-0.005069688,1.108230308,0.000000000,0.000000000,0.000000000,1.000000000,1,-0.822029660,-0.459727106,0.820638976,0.000000000,0.000000000,-0.036932263,0.999317771
1782472597.540030241,23.857738733,6,vicon_state_data,ball,1,0,2.720326413,-0.004645845,1.108809182,0.000000000,0.000000000,0.000000000,1.000000000,1,-0.822035723,-0.459745507,0.820638052,0.000000000,0.000000000,-0.036967654,0.999316463
1782472597.540098906,23.857807398,7,vicon_state_data,ball,1,0,2.719642350,-0.003647830,1.109767407,0.000000000,0.000000000,0.000000000,1.000000000,1,-0.822018219,-0.459648370,0.820702384,0.000000000,0.000000000,-0.036468273,0.999334811
1782472597.540173769,23.857882261,8,vicon_state_data,ball,1,0,2.718975797,-0.003228399,1.110305660,0.000000000,0.000000000,0.000000000,1.000000000,1,-0.822033038,-0.459740314,0.820615871,0.000000000,0.000000000,-0.036648420,0.999328221
1782472597.540243387,23.857951880,9,vicon_state_data,ball,1,0,2.718294392,-0.002878518,1.111042592,0.000000000,0.000000000,0.000000000,1.000000000,1,-0.822022835,-0.459635816,0.820695462,0.000000000,0.000000000,-0.036427076,0.999336314
1782472597.540308475,23.858016968,10,vicon_state_data,ball,1,0,2.717638852,-0.001968235,1.111766239,0.000000000,0.000000000,0.000000000,1.000000000,1,-0.822040070,-0.459695130,0.820653603,0.000000000,0.000000000,-0.036892120,0.999319254
1782472597.540374756,23.858083248,11,vicon_state_data,ball,1,0,2.717010962,-0.001085190,1.112906416,0.000000000,0.000000000,0.000000000,1.000000000,1,-0.822041989,-0.459708670,0.820647397,0.000000000,0.000000000,-0.036892981,0.999319222
1782472597.540440083,23.858148575,12,vicon_state_data,ball,1,0,2.716382905,-0.000206613,1.113625743,0.000000000,0.000000000,0.000000000,1.000000000,1,-0.822019764,-0.459649775,0.820693691,0.000000000,0.000000000,-0.036558745,0.999331506
1782472597.603950500,23.921658993,13,vicon_state_data,ball,1,0,2.711242765,0.005141720,1.119142450,0.000000000,0.000000000,0.000000000,1.000000000,1,-0.822041797,-0.459677825,0.820696600,0.000000000,0.000000000,-0.036527743,0.999332639
1782472597.604131699,23.921840191,14,vicon_state_data,ball,1,0,2.710784566,0.005501893,1.119354297,0.000000000,0.000000000,0.000000000,1.000000000,1,-0.822048276,-0.459755933,0.820625980,0.000000000,0.000000000,-0.036990681,0.999315611
1782472597.604222775,23.921931267,15,vicon_state_data,ball,1,0,2.710284260,0.007376337,1.120737986,0.000000000,0.000000000,0.000000000,1.000000000,1,-0.822038620,-0.459739852,0.820628583,0.000000000,0.000000000,-0.036981320,0.999315957
1782472597.604296923,23.922005415,16,vicon_state_data,ball,1,0,2.709822232,0.008156243,1.121323251,0.000000000,0.000000000,0.000000000,1.000000000,1,-0.822017613,-0.459680893,0.820663675,0.000000000,0.000000000,-0.036550173,0.999331819
1782472597.604367971,23.922076464,17,vicon_state_data,ball,1,0,2.709377411,0.006641624,1.120163200,0.000000000,0.000000000,0.000000000,1.000000000,1,-0.822026686,-0.459675768,0.820658178,0.000000000,0.000000000,-0.036619221,0.999329291
1782472597.604437590,23.922146082,18,vicon_state_data,ball,1,0,2.708916000,0.007359875,1.120611006,0.000000000,0.000000000,0.000000000,1.000000000,1,-0.822022527,-0.459669194,0.820680453,0.000000000,0.000000000,-0.036559690,0.999331471
1782472597.604511738,23.922220230,19,vicon_state_data,ball,1,0,2.708544358,0.008068058,1.121035418,0.000000000,0.000000000,0.000000000,1.000000000,1,-0.822039558,-0.459739623,0.820630570,0.000000000,0.000000000,-0.036984710,0.999315832
1782472597.604579687,23.922288179,20,vicon_state_data,ball,1,0,2.708178410,0.008731337,1.121450747,0.000000000,0.000000000,0.000000000,1.000000000,1,-0.822027759,-0.459673122,0.820693011,0.000000000,0.000000000,-0.036532033,0.999332482
1782472597.604658127,23.922366619,21,vicon_state_data,ball,1,0,2.707814899,0.009461655,1.121910396,0.000000000,0.000000000,0.000000000,1.000000000,1,-0.822040100,-0.459721583,0.820652044,0.000000000,0.000000000,-0.036917554,0.999318315
1782472597.604726553,23.922435045,22,vicon_state_data,ball,1,0,2.707447460,0.010185193,1.122354644,0.000000000,0.000000000,0.000000000,1.000000000,1,-0.822047025,-0.459755058,0.820644065,0.000000000,0.000000000,-0.036955197,0.999316923
1782472597.676193476,23.993901968,23,vicon_state_data,ball,1,0,2.705619364,0.017329009,1.125809849,0.000000000,0.000000000,0.000000000,1.000000000,1,-0.822022417,-0.459745228,0.820642184,0.000000000,0.000000000,-0.037077722,0.999312385
1782472597.676395893,23.994104385,24,vicon_state_data,ball,1,0,2.705502074,0.018077702,1.126163519,0.000000000,0.000000000,0.000000000,1.000000000,1,-0.822016917,-0.459752889,0.820631884,0.000000000,0.000000000,-0.037047595,0.999313502
1782472597.676493883,23.994202375,25,vicon_state_data,ball,1,0,2.705388440,0.018810549,1.126513659,0.000000000,0.000000000,0.000000000,1.000000000,1,-0.822004016,-0.459703326,0.820626519,0.000000000,0.000000000,-0.036570158,0.999331088
1782472597.676574469,23.994282961,26,vicon_state_data,ball,1,0,2.705243034,0.019531351,1.126880080,0.000000000,0.000000000,0.000000000,1.000000000,1,-0.822022836,-0.459747528,0.820648868,0.000000000,0.000000000,-0.037087658,0.999312016
1782472597.676653624,23.994362116,27,vicon_state_data,ball,1,0,2.705101192,0.020221285,1.127231662,0.000000000,0.000000000,0.000000000,1.000000000,1,-0.822017426,-0.459751589,0.820629098,0.000000000,0.000000000,-0.037079645,0.999312313
1782472597.676727533,23.994436026,28,vicon_state_data,ball,1,0,2.704968259,0.020859633,1.127566776,0.000000000,0.000000000,0.000000000,1.000000000,1,-0.822017539,-0.459750589,0.820634642,0.000000000,0.000000000,-0.037079852,0.999312306
1782472597.676800489,23.994508982,29,vicon_state_data,ball,1,0,2.704822036,0.021539598,1.127897056,0.000000000,0.000000000,0.000000000,1.000000000,1,-0.822028297,-0.459764211,0.820625107,0.000000000,0.000000000,-0.037052564,0.999313318
1782472597.676871777,23.994580269,30,vicon_state_data,ball,1,0,2.704691271,0.022187600,1.128205038,0.000000000,0.000000000,0.000000000,1.000000000,1,-0.822029066,-0.459764456,0.820627615,0.000000000,0.000000000,-0.037046419,0.999313546
1782472597.679171562,23.996880054,31,vicon_state_data,ball,1,0,2.704544806,0.022791921,1.128511061,0.000000000,0.000000000,0.000000000,1.000000000,1,-0.822014648,-0.459689529,0.820674151,0.000000000,0.000000000,-0.036586730,0.999330481
1782472597.681463242,23.999171734,32,vicon_state_data,ball,1,0,2.704404225,0.023399536,1.128841047,0.000000000,0.000000000,0.000000000,1.000000000,1,-0.822013298,-0.459692053,0.820673633,0.000000000,0.000000000,-0.036631029,0.999328859
1782472597.683806419,24.001514912,33,vicon_state_data,ball,1,0,2.702439429,0.030852141,1.133831199,0.000000000,0.000000000,0.000000000,1.000000000,1,-0.822018132,-0.459763758,0.820655329,0.000000000,0.000000000,-0.037288806,0.999304531
1782472597.686136246,24.003844738,34,vicon_state_data,ball,1,0,2.702301561,0.031394761,1.134307155,0.000000000,0.000000000,0.000000000,1.000000000,1,-0.822028595,-0.459765265,0.820649810,0.000000000,0.000000000,-0.037269651,0.999305245
1782472597.754132509,24.071841002,35,vicon_state_data,ball,1,0,2.702205178,0.031851002,1.134718614,0.000000000,0.000000000,0.000000000,1.000000000,1,-0.822002167,-0.459653620,0.820716493,0.000000000,0.000000000,-0.036685775,0.999326850
1782472597.755528927,24.073237419,36,vicon_state_data,ball,1,0,2.702098973,0.032358458,1.135204626,0.000000000,0.000000000,0.000000000,1.000000000,1,-0.822016651,-0.459716817,0.820643511,0.000000000,0.000000000,-0.037165726,0.999309116
1782472597.756736755,24.074445248,37,vicon_state_data,ball,1,0,2.702010701,0.032896728,1.135689112,0.000000000,0.000000000,0.000000000,1.000000000,1,-0.822018586,-0.459682836,0.820715670,0.000000000,0.000000000,-0.036699684,0.999326340
1782472597.757917881,24.075626373,38,vicon_state_data,ball,1,0,2.701939439,0.033364676,1.136142760,0.000000000,0.000000000,0.000000000,1.000000000,1,-0.822012773,-0.459649782,0.820711555,0.000000000,0.000000000,-0.036740534,0.999324839
1782472597.759132624,24.076841116,39,vicon_state_data,ball,1,0,2.701874978,0.033805480,1.136593658,0.000000000,0.000000000,0.000000000,1.000000000,1,-0.822018779,-0.459721454,0.820650690,0.000000000,0.000000000,-0.037111831,0.999311119
1782472597.761420012,24.079128504,40,vicon_state_data,ball,1,0,2.701831230,0.034234156,1.137037210,0.000000000,0.000000000,0.000000000,1.000000000,1,-0.822030142,-0.459745513,0.820654726,0.000000000,0.000000000,-0.037171762,0.999308891
1782472597.763777971,24.081486464,41,vicon_state_data,ball,1,0,2.701791058,0.035129538,1.137984477,0.000000000,0.000000000,0.000000000,1.000000000,1,-0.822035620,-0.459750783,0.820655899,0.000000000,0.000000000,-0.037173449,0.999308828
1782472597.766124249,24.083832741,42,vicon_state_data,ball,1,0,2.701792887,0.035575773,1.138457933,0.000000000,0.000000000,0.000000000,1.000000000,1,-0.822033325,-0.459729674,0.820645377,0.000000000,0.000000000,-0.037140017,0.999310072
1782472597.768422365,24.086130857,43,vicon_state_data,ball,1,0,2.701815601,0.036024622,1.138921251,0.000000000,0.000000000,0.000000000,1.000000000,1,-0.822024544,-0.459666453,0.820700871,0.000000000,0.000000000,-0.036712506,0.999325869
1782472597.770741463,24.088449955,44,vicon_state_data,ball,1,0,2.703463335,0.041058008,1.143299111,0.000000000,0.000000000,0.000000000,1.000000000,1,-0.822030847,-0.459652866,0.820661035,0.000000000,0.000000000,-0.036804333,0.999322491
1782472597.773030043,24.090738535,45,vicon_state_data,ball,1,0,2.703722678,0.041487729,1.143552281,0.000000000,0.000000000,0.000000000,1.000000000,1,-0.822045823,-0.459722077,0.820622014,0.000000000,0.000000000,-0.037264804,0.999305426
1782472597.775319338,24.093027830,46,vicon_state_data,ball,1,0,2.703981267,0.041960567,1.143795191,0.000000000,0.000000000,0.000000000,1.000000000,1,-0.822046526,-0.459724405,0.820620350,0.000000000,0.000000000,-0.037243466,0.999306221
1782472597.777658701,24.095367193,47,vicon_state_data,ball,1,0,2.704256897,0.042483672,1.144096571,0.000000000,0.000000000,0.000000000,1.000000000,1,-0.822039789,-0.459658541,0.820662338,0.000000000,0.000000000,-0.036855638,0.999320600
1782472597.778831720,24.096540213,48,vicon_state_data,ball,1,0,2.704538226,0.042955947,1.144369294,0.000000000,0.000000000,0.000000000,1.000000000,1,-0.822053941,-0.459722961,0.820635438,0.000000000,0.000000000,-0.037270838,0.999305201
1782472597.780039310,24.097747803,49,vicon_state_data,ball,1,0,2.704828656,0.043364927,1.144626103,0.000000000,0.000000000,0.000000000,1.000000000,1,-0.822048643,-0.459713466,0.820623441,0.000000000,0.000000000,-0.037286468,0.999304618
1782472597.781204700,24.098913193,50,vicon_state_data,ball,1,0,2.705118851,0.043748887,1.144846586,0.000000000,0.000000000,0.000000000,1.000000000,1,-0.822055746,-0.459746985,0.820620266,0.000000000,0.000000000,-0.037268664,0.999305282
1782472597.782445908,24.100154400,51,vicon_state_data,ball,1,0,2.705408809,0.044160145,1.145096081,0.000000000,0.000000000,0.000000000,1.000000000,1,-0.822052647,-0.459751003,0.820610398,0.000000000,0.000000000,-0.037036497,0.999313914
1782472597.783632278,24.101340771,52,vicon_state_data,ball,1,0,2.705701869,0.044600759,1.145319399,0.000000000,0.000000000,0.000000000,1.000000000,1,-0.822055782,-0.459735941,0.820633078,0.000000000,0.000000000,-0.037325763,0.999303151
1782472597.845925331,24.163633823,53,vicon_state_data,ball,1,0,2.706040733,0.045139692,1.145584259,0.000000000,0.000000000,0.000000000,1.000000000,1,-0.822034528,-0.459697069,0.820662237,0.000000000,0.000000000,-0.036705956,0.999326109
1782472597.847501993,24.165210485,54,vicon_state_data,ball,1,0,2.706400067,0.045549106,1.145716119,0.000000000,0.000000000,0.000000000,1.000000000,1,-0.822055729,-0.459676915,0.820697006,0.000000000,0.000000000,-0.036836614,0.999321302
1782472597.848991156,24.166699648,55,vicon_state_data,ball,1,0,2.706772804,0.045983377,1.145872301,0.000000000,0.000000000,0.000000000,1.000000000,1,-0.822064091,-0.459747284,0.820661753,0.000000000,0.000000000,-0.037235594,0.999306515
1782472597.850416183,24.168124676,56,vicon_state_data,ball,1,0,2.707125437,0.046406445,1.145996468,0.000000000,0.000000000,0.000000000,1.000000000,1,-0.822063124,-0.459762920,0.820651753,0.000000000,0.000000000,-0.037253740,0.999305839
1782472597.851828337,24.169536829,57,vicon_state_data,ball,1,0,2.707484406,0.046783029,1.146102995,0.000000000,0.000000000,0.000000000,1.000000000,1,-0.822062223,-0.459743013,0.820648081,0.000000000,0.000000000,-0.037315192,0.999303546
1782472597.853382111,24.171090603,58,vicon_state_data,ball,1,0,2.707838877,0.047247076,1.146257489,0.000000000,0.000000000,0.000000000,1.000000000,1,-0.822075573,-0.459771973,0.820655225,0.000000000,0.000000000,-0.037272692,0.999305132
1782472597.854838610,24.172547102,59,vicon_state_data,ball,1,0,2.708209471,0.047716562,1.146392677,0.000000000,0.000000000,0.000000000,1.000000000,1,-0.822072070,-0.459801987,0.820613619,0.000000000,0.000000000,-0.037124794,0.999310637
1782472597.856263399,24.173971891,60,vicon_state_data,ball,1,0,2.708576761,0.048116969,1.146474471,0.000000000,0.000000000,0.000000000,1.000000000,1,-0.822071300,-0.459773034,0.820641011,0.000000000,0.000000000,-0.037374989,0.999301311
1782472597.857697248,24.175405741,61,vicon_state_data,ball,1,0,2.708926703,0.048519262,1.146535731,0.000000000,0.000000000,0.000000000,1.000000000,1,-0.822083048,-0.459766264,0.820628524,0.000000000,0.000000000,-0.037403365,0.999300249
1782472597.859105587,24.176814079,62,vicon_state_data,ball,1,0,2.709272130,0.048906436,1.146610859,0.000000000,0.000000000,0.000000000,1.000000000,1,-0.822088774,-0.459772186,0.820635356,0.000000000,0.000000000,-0.037406344,0.999300138
1782472597.860534191,24.178242683,63,vicon_state_data,ball,1,0,2.712224079,0.052506737,1.146661031,0.000000000,0.000000000,0.000000000,1.000000000,1,-0.822088008,-0.459710154,0.820656290,0.000000000,0.000000000,-0.037371005,0.999301460
1782472597.861961842,24.179670334,64,vicon_state_data,ball,1,0,2.712466348,0.052806541,1.146588089,0.000000000,0.000000000,0.000000000,1.000000000,1,-0.822090729,-0.459709936,0.820645069,0.000000000,0.000000000,-0.037491654,0.999296941
1782472597.863385201,24.181093693,65,vicon_state_data,ball,1,0,2.712697518,0.053156729,1.146569003,0.000000000,0.000000000,0.000000000,1.000000000,1,-0.822093843,-0.459763816,0.820621303,0.000000000,0.000000000,-0.037239627,0.999306365
1782472597.864813805,24.182522297,66,vicon_state_data,ball,1,0,2.712896644,0.053423279,1.146482429,0.000000000,0.000000000,0.000000000,1.000000000,1,-0.822094867,-0.459727269,0.820638948,0.000000000,0.000000000,-0.037554727,0.999294572
1782472597.866267443,24.183975935,67,vicon_state_data,ball,1,0,2.713085758,0.053706116,1.146412399,0.000000000,0.000000000,0.000000000,1.000000000,1,-0.822101481,-0.459692806,0.820717609,0.000000000,0.000000000,-0.037020203,0.999314517
1782472597.867964745,24.185673237,68,vicon_state_data,ball,1,0,2.713274914,0.053993611,1.146308376,0.000000000,0.000000000,0.000000000,1.000000000,1,-0.822104989,-0.459706797,0.820675721,0.000000000,0.000000000,-0.037330698,0.999302967
1782472597.869653702,24.187362194,69,vicon_state_data,ball,1,0,2.713446084,0.054301114,1.146232062,0.000000000,0.000000000,0.000000000,1.000000000,1,-0.822114494,-0.459698775,0.820660764,0.000000000,0.000000000,-0.037344195,0.999302462
1782472597.937868595,24.255577087,70,vicon_state_data,ball,1,0,2.713601077,0.054523424,1.146091614,0.000000000,0.000000000,0.000000000,1.000000000,1,-0.822104743,-0.459698966,0.820670888,0.000000000,0.000000000,-0.037351323,0.999302196
1782472597.941851854,24.259560347,71,vicon_state_data,ball,1,0,2.713756445,0.054807180,1.145932090,0.000000000,0.000000000,0.000000000,1.000000000,1,-0.822110065,-0.459715309,0.820660073,0.000000000,0.000000000,-0.037356066,0.999302019
1782472597.945704699,24.263413191,72,vicon_state_data,ball,1,0,2.713887697,0.055057307,1.145766261,0.000000000,0.000000000,0.000000000,1.000000000,1,-0.822113927,-0.459653168,0.820700482,0.000000000,0.000000000,-0.036975234,0.999316182
1782472597.949589014,24.267297506,73,vicon_state_data,ball,1,0,2.714015205,0.055354735,1.145592689,0.000000000,0.000000000,0.000000000,1.000000000,1,-0.822128939,-0.459707028,0.820662304,0.000000000,0.000000000,-0.037305861,0.999303894
1782472597.951482773,24.269191265,74,vicon_state_data,ball,1,0,2.714135340,0.055633822,1.145397483,0.000000000,0.000000000,0.000000000,1.000000000,1,-0.822113598,-0.459701776,0.820638675,0.000000000,0.000000000,-0.037395565,0.999300541
1782472597.952953339,24.270661831,75,vicon_state_data,ball,1,0,2.714245451,0.055867807,1.145152528,0.000000000,0.000000000,0.000000000,1.000000000,1,-0.822118933,-0.459682061,0.820649953,0.000000000,0.000000000,-0.037310891,0.999303706
1782472597.954384327,24.272092819,76,vicon_state_data,ball,1,0,2.714382641,0.056075071,1.144864993,0.000000000,0.000000000,0.000000000,1.000000000,1,-0.822119395,-0.459690995,0.820638608,0.000000000,0.000000000,-0.037340333,0.999302607
1782472597.955797195,24.273505688,77,vicon_state_data,ball,1,0,2.714461573,0.056310599,1.144597076,0.000000000,0.000000000,0.000000000,1.000000000,1,-0.822125140,-0.459707671,0.820628948,0.000000000,0.000000000,-0.037541972,0.999295052
1782472597.957239866,24.274948359,78,vicon_state_data,ball,1,0,2.714577671,0.056466229,1.144294916,0.000000000,0.000000000,0.000000000,1.000000000,1,-0.822119430,-0.459669173,0.820634987,0.000000000,0.000000000,-0.037476044,0.999297526
1782472597.958654642,24.276363134,79,vicon_state_data,ball,1,0,2.714658333,0.056675157,1.144003328,0.000000000,0.000000000,0.000000000,1.000000000,1,-0.822106266,-0.459609678,0.820699025,0.000000000,0.000000000,-0.037024887,0.999314344
1782472597.960085154,24.277793646,80,vicon_state_data,ball,1,0,2.713633210,0.063112497,1.142613176,0.000000000,0.000000000,0.000000000,1.000000000,1,-0.822124976,-0.459647098,0.820693189,0.000000000,0.000000000,-0.037170978,0.999308920
1782472597.961341143,24.279049635,81,vicon_state_data,ball,1,0,2.713383249,0.063479229,1.142339169,0.000000000,0.000000000,0.000000000,1.000000000,1,-0.822141754,-0.459687066,0.820635877,0.000000000,0.000000000,-0.037570095,0.999293995
1782472597.962594986,24.280303478,82,vicon_state_data,ball,1,0,2.714374704,0.058856969,1.138443766,0.000000000,0.000000000,0.000000000,1.000000000,1,-0.822130716,-0.459611337,0.820677482,0.000000000,0.000000000,-0.037127097,0.999310552
1782472597.963754892,24.281463385,83,vicon_state_data,ball,1,0,2.714198497,0.058945288,1.137961094,0.000000000,0.000000000,0.000000000,1.000000000,1,-0.822141847,-0.459664511,0.820606154,0.000000000,0.000000000,-0.037579426,0.999293644
1782472597.966004848,24.283713341,84,vicon_state_data,ball,1,0,2.714162399,0.066205346,1.141780056,0.000000000,0.000000000,0.000000000,1.000000000,1,-0.822150477,-0.459694818,0.820609087,0.000000000,0.000000000,-0.037628447,0.999291799
1782472597.968288422,24.285996914,85,vicon_state_data,ball,1,0,2.714109438,0.066455554,1.141574936,0.000000000,0.000000000,0.000000000,1.000000000,1,-0.822147193,-0.459673833,0.820613626,0.000000000,0.000000000,-0.037534293,0.999295340
1782472597.970584631,24.288293123,86,vicon_state_data,ball,1,0,2.713009287,0.064493250,1.139947144,0.000000000,0.000000000,0.000000000,1.000000000,1,-0.822154588,-0.459691158,0.820622847,0.000000000,0.000000000,-0.037564642,0.999294200
1782472597.972893476,24.290601969,87,vicon_state_data,ball,1,0,2.713155816,0.059299728,1.136167004,0.000000000,0.000000000,0.000000000,1.000000000,1,-0.822160416,-0.459695814,0.820610591,0.000000000,0.000000000,-0.037614158,0.999292337
1782472597.975186110,24.292894602,88,vicon_state_data,ball,1,0,2.712857980,0.065352481,1.139257000,0.000000000,0.000000000,0.000000000,1.000000000,1,-0.822152591,-0.459677125,0.820596744,0.000000000,0.000000000,-0.037656880,0.999290728
1782472597.977450609,24.295159101,89,vicon_state_data,ball,1,0,2.712511519,0.065700635,1.139035967,0.000000000,0.000000000,0.000000000,1.000000000,1,-0.822159414,-0.459702335,0.820611923,0.000000000,0.000000000,-0.037712575,0.999288628
1782472597.979738712,24.297447205,90,vicon_state_data,ball,1,0,2.711637199,0.064597626,1.138062146,0.000000000,0.000000000,0.000000000,1.000000000,1,-0.822157197,-0.459734734,0.820579029,0.000000000,0.000000000,-0.037556992,0.999294487
1782472597.981981277,24.299689770,91,vicon_state_data,ball,1,0,2.711422957,0.065477264,1.138151697,0.000000000,0.000000000,0.000000000,1.000000000,1,-0.822153894,-0.459700485,0.820627350,0.000000000,0.000000000,-0.037755202,0.999287018
1782472597.984230995,24.301939487,92,vicon_state_data,ball,1,0,2.711428526,0.066387162,1.138369057,0.000000000,0.000000000,0.000000000,1.000000000,1,-0.822154132,-0.459605799,0.820703274,0.000000000,0.000000000,-0.037242158,0.999306270
1782472597.986487150,24.304195642,93,vicon_state_data,ball,1,0,2.710966472,0.066596861,1.138182270,0.000000000,0.000000000,0.000000000,1.000000000,1,-0.822166434,-0.459711252,0.820653059,0.000000000,0.000000000,-0.037674833,0.999290051
1782472598.113130808,24.430839300,94,vicon_state_data,ball,1,0,2.694911382,0.047452702,1.119336090,0.000000000,0.000000000,0.000000000,1.000000000,1,-0.822212745,-0.459760643,0.820637599,0.000000000,0.000000000,-0.037626446,0.999291875
1782472598.115576506,24.433284998,95,vicon_state_data,ball,1,0,2.693934613,0.047149878,1.118097362,0.000000000,0.000000000,0.000000000,1.000000000,1,-0.822210147,-0.459707991,0.820718339,0.000000000,0.000000000,-0.037247404,0.999306075
1782472598.117867708,24.435576200,96,vicon_state_data,ball,1,0,2.693019517,0.047060409,1.116745478,0.000000000,0.000000000,0.000000000,1.000000000,1,-0.822210714,-0.459775401,0.820667538,0.000000000,0.000000000,-0.037668000,0.999290309
1782472598.120141268,24.437849760,97,vicon_state_data,ball,1,0,2.691839575,0.050521518,1.117221840,0.000000000,0.000000000,0.000000000,1.000000000,1,-0.822197029,-0.459697946,0.820707274,0.000000000,0.000000000,-0.037274232,0.999305074
1782472598.122449398,24.440157890,98,vicon_state_data,ball,1,0,2.690889833,0.050474892,1.115735939,0.000000000,0.000000000,0.000000000,1.000000000,1,-0.822209525,-0.459779888,0.820647122,0.000000000,0.000000000,-0.037783684,0.999285942
1782472598.124693394,24.442401886,99,vicon_state_data,ball,1,0,2.689918714,0.050184547,1.114001638,0.000000000,0.000000000,0.000000000,1.000000000,1,-0.822210358,-0.459767715,0.820642688,0.000000000,0.000000000,-0.037746834,0.999287334
1782472598.126995087,24.444703579,100,vicon_state_data,ball,1,0,2.688953839,0.049811523,1.112043216,0.000000000,0.000000000,0.000000000,1.000000000,1,-0.822199759,-0.459704867,0.820687015,0.000000000,0.000000000,-0.037333752,0.999302852
1782472598.129290342,24.446998835,101,vicon_state_data,ball,1,0,2.687995307,0.049707074,1.110195626,0.000000000,0.000000000,0.000000000,1.000000000,1,-0.822200735,-0.459760052,0.820623448,0.000000000,0.000000000,-0.037731547,0.999287912
1782472598.131547689,24.449256182,102,vicon_state_data,ball,1,0,2.687397525,0.045920428,1.106076708,0.000000000,0.000000000,0.000000000,1.000000000,1,-0.822213193,-0.459744325,0.820621539,0.000000000,0.000000000,-0.037782518,0.999285986
1782472598.133839369,24.451547861,103,vicon_state_data,ball,1,0,2.686015669,0.049221364,1.106001296,0.000000000,0.000000000,0.000000000,1.000000000,1,-0.822202045,-0.459673479,0.820660622,0.000000000,0.000000000,-0.037447333,0.999298603
1782472598.136142731,24.453851223,104,vicon_state_data,ball,1,0,2.677365231,0.043987380,1.079885809,0.000000000,0.000000000,0.000000000,1.000000000,1,-0.822229500,-0.459735817,0.820629226,0.000000000,0.000000000,-0.037818770,0.999284614
1782472598.138423443,24.456131935,105,vicon_state_data,ball,1,0,2.674957351,0.044313526,1.078496533,0.000000000,0.000000000,0.000000000,1.000000000,1,-0.822235599,-0.459753433,0.820645427,0.000000000,0.000000000,-0.037790463,0.999285685
1782472598.140687466,24.458395958,106,vicon_state_data,ball,1,0,2.662688938,0.043017455,1.084522908,0.000000000,0.000000000,0.000000000,1.000000000,1,-0.822230629,-0.459688908,0.820691484,0.000000000,0.000000000,-0.037326546,0.999303122
1782472598.142970800,24.460679293,107,vicon_state_data,ball,1,0,2.650535302,0.042056440,1.090530607,0.000000000,0.000000000,0.000000000,1.000000000,1,-0.822245291,-0.459747969,0.820636141,0.000000000,0.000000000,-0.037825057,0.999284376
1782472598.145237923,24.462946415,108,vicon_state_data,ball,1,0,2.638383373,0.040856003,1.096303640,0.000000000,0.000000000,0.000000000,1.000000000,1,-0.822239023,-0.459704085,0.820700432,0.000000000,0.000000000,-0.037335865,0.999302774
1782472598.147554159,24.465262651,109,vicon_state_data,ball,1,0,2.626258748,0.039679017,1.102031124,0.000000000,0.000000000,0.000000000,1.000000000,1,-0.822245069,-0.459720103,0.820694324,0.000000000,0.000000000,-0.037382527,0.999301029
1782472598.149827003,24.467535496,110,vicon_state_data,ball,1,0,2.614143126,0.038443467,1.107712110,0.000000000,0.000000000,0.000000000,1.000000000,1,-0.822252593,-0.459761595,0.820623255,0.000000000,0.000000000,-0.037749992,0.999287215
1782472598.152081251,24.469789743,111,vicon_state_data,ball,1,0,2.602001284,0.037270896,1.113290192,0.000000000,0.000000000,0.000000000,1.000000000,1,-0.822260940,-0.459760457,0.820654658,0.000000000,0.000000000,-0.037805194,0.999285128
1782472598.154353142,24.472061634,112,vicon_state_data,ball,1,0,2.589942952,0.035968784,1.118753565,0.000000000,0.000000000,0.000000000,1.000000000,1,-0.822261319,-0.459771981,0.820648788,0.000000000,0.000000000,-0.037766460,0.999286593
1782472598.156656027,24.474364519,113,vicon_state_data,ball,1,0,2.577804748,0.034816133,1.124269037,0.000000000,0.000000000,0.000000000,1.000000000,1,-0.822246704,-0.459715583,0.820648113,0.000000000,0.000000000,-0.037261629,0.999305544
1782472598.159159660,24.476868153,114,vicon_state_data,ball,1,0,2.565645049,0.033513184,1.129672917,0.000000000,0.000000000,0.000000000,1.000000000,1,-0.822262452,-0.459754979,0.820645236,0.000000000,0.000000000,-0.037887886,0.999281996
1782472598.161638260,24.479346752,115,vicon_state_data,ball,1,0,2.553485512,0.032233857,1.134839713,0.000000000,0.000000000,0.000000000,1.000000000,1,-0.822262446,-0.459724185,0.820636360,0.000000000,0.000000000,-0.037868028,0.999282749
1782472598.164405584,24.482114077,116,vicon_state_data,ball,1,0,2.541284260,0.030876020,1.139821022,0.000000000,0.000000000,0.000000000,1.000000000,1,-0.822261250,-0.459678700,0.820688543,0.000000000,0.000000000,-0.037480434,0.999297362
1782472598.167146444,24.484854937,117,vicon_state_data,ball,1,0,2.529114990,0.029443843,1.144648050,0.000000000,0.000000000,0.000000000,1.000000000,1,-0.822253118,-0.459656265,0.820673018,0.000000000,0.000000000,-0.037437007,0.999298990
1782472598.169859886,24.487568378,118,vicon_state_data,ball,1,0,2.516929408,0.028128983,1.149355434,0.000000000,0.000000000,0.000000000,1.000000000,1,-0.822261643,-0.459674945,0.820667205,0.000000000,0.000000000,-0.037522083,0.999295799
1782472598.172547102,24.490255594,119,vicon_state_data,ball,1,0,2.504725856,0.026804765,1.153993872,0.000000000,0.000000000,0.000000000,1.000000000,1,-0.822266887,-0.459711505,0.820637727,0.000000000,0.000000000,-0.037915450,0.999280951
1782472598.175183296,24.492891788,120,vicon_state_data,ball,1,0,2.492605295,0.025624185,1.158479635,0.000000000,0.000000000,0.000000000,1.000000000,1,-0.822274007,-0.459715011,0.820617038,0.000000000,0.000000000,-0.037913641,0.999281019
1782472598.177786350,24.495494843,121,vicon_state_data,ball,1,0,2.480463549,0.024301875,1.162831179,0.000000000,0.000000000,0.000000000,1.000000000,1,-0.822262750,-0.459716821,0.820641658,0.000000000,0.000000000,-0.037978125,0.999278571
1782472598.180364370,24.498072863,122,vicon_state_data,ball,1,0,2.467965220,0.023747932,1.167537018,0.000000000,0.000000000,0.000000000,1.000000000,1,-0.822266901,-0.459746368,0.820599504,0.000000000,0.000000000,-0.037798661,0.999285375
1782472598.182890892,24.500599384,123,vicon_state_data,ball,1,0,2.456281210,0.021480221,1.171236966,0.000000000,0.000000000,0.000000000,1.000000000,1,-0.822281260,-0.459745906,0.820637882,0.000000000,0.000000000,-0.038017434,0.999277076
1782472598.185401440,24.503109932,124,vicon_state_data,ball,1,0,2.444236479,0.020509367,1.175079078,0.000000000,0.000000000,0.000000000,1.000000000,1,-0.822273851,-0.459654919,0.820667391,0.000000000,0.000000000,-0.037563388,0.999294247
1782472598.188061714,24.505770206,125,vicon_state_data,ball,1,0,2.432225085,0.019269310,1.178838783,0.000000000,0.000000000,0.000000000,1.000000000,1,-0.822274421,-0.459642142,0.820685056,0.000000000,0.000000000,-0.037523109,0.999295760
1782472598.190713644,24.508422136,126,vicon_state_data,ball,1,0,2.420264459,0.017940808,1.182522899,0.000000000,0.000000000,0.000000000,1.000000000,1,-0.822277438,-0.459736572,0.820615499,0.000000000,0.000000000,-0.037959115,0.999279293
1782472598.193410397,24.511118889,127,vicon_state_data,ball,1,0,2.408269912,0.016656907,1.186071714,0.000000000,0.000000000,0.000000000,1.000000000,1,-0.822289201,-0.459713594,0.820613746,0.000000000,0.000000000,-0.037964220,0.999279099
1782472598.196116447,24.513824940,128,vicon_state_data,ball,1,0,2.396281805,0.015356304,1.189473140,0.000000000,0.000000000,0.000000000,1.000000000,1,-0.822285325,-0.459728629,0.820626453,0.000000000,0.000000000,-0.037982312,0.999278412
1782472598.260383129,24.578091621,129,vicon_state_data,ball,1,0,2.384137881,0.014637712,1.192834411,0.000000000,0.000000000,0.000000000,1.000000000,1,-0.822290181,-0.459673156,0.820671268,0.000000000,0.000000000,-0.037535799,0.999295284
1782472598.261912823,24.579621315,130,vicon_state_data,ball,1,0,2.372224621,0.012670413,1.196099246,0.000000000,0.000000000,0.000000000,1.000000000,1,-0.822298925,-0.459720422,0.820632497,0.000000000,0.000000000,-0.037948459,0.999279698
1782472598.263363123,24.581071615,131,vicon_state_data,ball,1,0,2.360304882,0.010537350,1.199179860,0.000000000,0.000000000,0.000000000,1.000000000,1,-0.822290353,-0.459661712,0.820667232,0.000000000,0.000000000,-0.037602014,0.999292794
1782472598.264800072,24.582508564,132,vicon_state_data,ball,1,0,2.348303457,0.009081972,1.202155637,0.000000000,0.000000000,0.000000000,1.000000000,1,-0.822301290,-0.459715405,0.820620947,0.000000000,0.000000000,-0.038050810,0.999275806
1782472598.266237020,24.583945513,133,vicon_state_data,ball,1,0,2.336449286,0.007611017,1.204697271,0.000000000,0.000000000,0.000000000,1.000000000,1,-0.822320434,-0.459720389,0.820635325,0.000000000,0.000000000,-0.038030170,0.999276591
1782472598.267690420,24.585398912,134,vicon_state_data,ball,1,0,2.324529777,0.006082921,1.207405694,0.000000000,0.000000000,0.000000000,1.000000000,1,-0.822315410,-0.459715056,0.820625787,0.000000000,0.000000000,-0.038027336,0.999276699
1782472598.269136906,24.586845398,135,vicon_state_data,ball,1,0,2.312556523,0.005008191,1.210434956,0.000000000,0.000000000,0.000000000,1.000000000,1,-0.822307707,-0.459708709,0.820639397,0.000000000,0.000000000,-0.038101742,0.999273865
1782472598.270576477,24.588284969,136,vicon_state_data,ball,1,0,2.300667307,0.003861027,1.213013692,0.000000000,0.000000000,0.000000000,1.000000000,1,-0.822322254,-0.459633376,0.820685799,0.000000000,0.000000000,-0.037700524,0.999289083
1782472598.272017956,24.589726448,137,vicon_state_data,ball,1,0,2.288963536,0.002772895,1.215364327,0.000000000,0.000000000,0.000000000,1.000000000,1,-0.822322563,-0.459695896,0.820623005,0.000000000,0.000000000,-0.038057336,0.999275557
1782472598.273448229,24.591156721,138,vicon_state_data,ball,1,0,2.277335040,0.001288322,1.217514054,0.000000000,0.000000000,0.000000000,1.000000000,1,-0.822336391,-0.459712051,0.820618431,0.000000000,0.000000000,-0.038064032,0.999275302
1782472598.274871349,24.592579842,139,vicon_state_data,ball,1,0,2.160461376,-0.011433392,1.233684206,0.000000000,0.000000000,0.000000000,1.000000000,1,-0.822368661,-0.459651890,0.820669321,0.000000000,0.000000000,-0.037772591,0.999286361
1782472598.276052475,24.593760967,140,vicon_state_data,ball,1,0,2.148798772,-0.012493036,1.234752827,0.000000000,0.000000000,0.000000000,1.000000000,1,-0.822358880,-0.459691674,0.820619273,0.000000000,0.000000000,-0.038188467,0.999270554
1782472598.278332472,24.596040964,141,vicon_state_data,ball,1,0,2.137069398,-0.013601007,1.235729133,0.000000000,0.000000000,0.000000000,1.000000000,1,-0.822360048,-0.459664048,0.820674315,0.000000000,0.000000000,-0.037781602,0.999286020
1782472598.280611038,24.598319530,142,vicon_state_data,ball,1,0,2.125395940,-0.014785274,1.236579720,0.000000000,0.000000000,0.000000000,1.000000000,1,-0.822367248,-0.459695018,0.820636051,0.000000000,0.000000000,-0.038156948,0.999271758
1782472598.282998323,24.600706816,143,vicon_state_data,ball,1,0,2.113739995,-0.016030881,1.237293852,0.000000000,0.000000000,0.000000000,1.000000000,1,-0.822381245,-0.459685568,0.820691948,0.000000000,0.000000000,-0.037766200,0.999286603
1782472598.285777569,24.603486061,144,vicon_state_data,ball,1,0,2.101996217,-0.016842531,1.237670832,0.000000000,0.000000000,0.000000000,1.000000000,1,-0.822384149,-0.459714464,0.820638957,0.000000000,0.000000000,-0.038089129,0.999274346
1782472598.288507700,24.606216192,145,vicon_state_data,ball,1,0,2.090563292,-0.018659721,1.238145115,0.000000000,0.000000000,0.000000000,1.000000000,1,-0.822391394,-0.459712387,0.820629761,0.000000000,0.000000000,-0.038134359,0.999272621
1782472598.291662455,24.609370947,146,vicon_state_data,ball,1,0,2.079021595,-0.020063158,1.238387997,0.000000000,0.000000000,0.000000000,1.000000000,1,-0.822382520,-0.459675860,0.820690430,0.000000000,0.000000000,-0.037718000,0.999288423
1782472598.294769764,24.612478256,147,vicon_state_data,ball,1,0,2.067483430,-0.021576471,1.238496715,0.000000000,0.000000000,0.000000000,1.000000000,1,-0.822394238,-0.459724843,0.820632491,0.000000000,0.000000000,-0.038119520,0.999273187
1782472598.297821999,24.615530491,148,vicon_state_data,ball,1,0,2.055978628,-0.023011757,1.238453069,0.000000000,0.000000000,0.000000000,1.000000000,1,-0.822389449,-0.459724654,0.820642940,0.000000000,0.000000000,-0.038122807,0.999273062
1782472598.300867319,24.618575811,149,vicon_state_data,ball,1,0,2.044410018,-0.024499386,1.238340837,0.000000000,0.000000000,0.000000000,1.000000000,1,-0.822386679,-0.459722084,0.820645566,0.000000000,0.000000000,-0.038131062,0.999272747
1782472598.303941727,24.621650219,150,vicon_state_data,ball,1,0,2.032850045,-0.025893649,1.238075944,0.000000000,0.000000000,0.000000000,1.000000000,1,-0.822387786,-0.459719793,0.820648952,0.000000000,0.000000000,-0.038067986,0.999275152
1782472598.307053328,24.624761820,151,vicon_state_data,ball,1,0,2.021306457,-0.027274304,1.237746412,0.000000000,0.000000000,0.000000000,1.000000000,1,-0.822392052,-0.459731490,0.820631006,0.000000000,0.000000000,-0.038219883,0.999269353
1782472598.310141802,24.627850294,152,vicon_state_data,ball,1,0,2.009864825,-0.028835275,1.237365035,0.000000000,0.000000000,0.000000000,1.000000000,1,-0.822397003,-0.459763796,0.820652832,0.000000000,0.000000000,-0.038310779,0.999265873
1782472598.313242197,24.630950689,153,vicon_state_data,ball,1,0,1.998331392,-0.030103665,1.236882840,0.000000000,0.000000000,0.000000000,1.000000000,1,-0.822388084,-0.459738781,0.820622273,0.000000000,0.000000000,-0.038287967,0.999266747
1782472598.316361904,24.634070396,154,vicon_state_data,ball,1,0,1.986964845,-0.031234204,1.235849454,0.000000000,0.000000000,0.000000000,1.000000000,1,-0.822381131,-0.459663417,0.820722501,0.000000000,0.000000000,-0.037798378,0.999285386
1782472598.319452047,24.637160540,155,vicon_state_data,ball,1,0,1.975539301,-0.032557256,1.235150771,0.000000000,0.000000000,0.000000000,1.000000000,1,-0.822386527,-0.459689523,0.820706168,0.000000000,0.000000000,-0.037861732,0.999282988
1782472598.322574139,24.640282631,156,vicon_state_data,ball,1,0,1.964104540,-0.033684078,1.234166194,0.000000000,0.000000000,0.000000000,1.000000000,1,-0.822381008,-0.459747005,0.820645511,0.000000000,0.000000000,-0.038296028,0.999266438
1782472598.325731516,24.643440008,157,vicon_state_data,ball,1,0,1.952557146,-0.034817937,1.233447432,0.000000000,0.000000000,0.000000000,1.000000000,1,-0.822376194,-0.459735812,0.820635802,0.000000000,0.000000000,-0.038294376,0.999266501
1782472598.328913450,24.646621943,158,vicon_state_data,ball,1,0,1.941242177,-0.036183597,1.232297203,0.000000000,0.000000000,0.000000000,1.000000000,1,-0.822389934,-0.459755280,0.820642121,0.000000000,0.000000000,-0.038283261,0.999266927
1782472598.332019567,24.649728060,159,vicon_state_data,ball,1,0,1.929796222,-0.037090714,1.230786604,0.000000000,0.000000000,0.000000000,1.000000000,1,-0.822390653,-0.459762962,0.820640310,0.000000000,0.000000000,-0.038332930,0.999265023
1782472598.333216429,24.650924921,160,vicon_state_data,ball,1,0,1.918479582,-0.038431150,1.229410423,0.000000000,0.000000000,0.000000000,1.000000000,1,-0.822392263,-0.459757759,0.820616096,0.000000000,0.000000000,-0.038320230,0.999265510
1782472598.395529747,24.713238239,161,vicon_state_data,ball,1,0,1.907208537,-0.039812440,1.227991021,0.000000000,0.000000000,0.000000000,1.000000000,1,-0.822398520,-0.459770644,0.820623141,0.000000000,0.000000000,-0.038418714,0.999261729
1782472598.397102118,24.714810610,162,vicon_state_data,ball,1,0,1.895968202,-0.041150442,1.226418173,0.000000000,0.000000000,0.000000000,1.000000000,1,-0.822393392,-0.459740089,0.820610626,0.000000000,0.000000000,-0.038368399,0.999263662
1782472598.398553371,24.716261864,163,vicon_state_data,ball,1,0,1.884771875,-0.042507128,1.224765825,0.000000000,0.000000000,0.000000000,1.000000000,1,-0.822413106,-0.459763163,0.820617500,0.000000000,0.000000000,-0.038384095,0.999263059
1782472598.399992943,24.717701435,164,vicon_state_data,ball,1,0,1.873547372,-0.043858993,1.222942616,0.000000000,0.000000000,0.000000000,1.000000000,1,-0.822405330,-0.459774008,0.820582752,0.000000000,0.000000000,-0.038397940,0.999262527
1782472598.401438713,24.719147205,165,vicon_state_data,ball,1,0,1.862278821,-0.045233621,1.221028733,0.000000000,0.000000000,0.000000000,1.000000000,1,-0.822413420,-0.459757046,0.820589683,0.000000000,0.000000000,-0.038383001,0.999263101
1782472598.402871132,24.720579624,166,vicon_state_data,ball,1,0,1.851062955,-0.046622228,1.218965703,0.000000000,0.000000000,0.000000000,1.000000000,1,-0.822421422,-0.459786806,0.820582413,0.000000000,0.000000000,-0.038392007,0.999262755
1782472598.404289007,24.721997499,167,vicon_state_data,ball,1,0,1.839897824,-0.047888539,1.216727298,0.000000000,0.000000000,0.000000000,1.000000000,1,-0.822429416,-0.459809179,0.820572499,0.000000000,0.000000000,-0.038343837,0.999264605
1782472598.405725718,24.723434210,168,vicon_state_data,ball,1,0,1.828679399,-0.049041553,1.214407417,0.000000000,0.000000000,0.000000000,1.000000000,1,-0.822421749,-0.459787147,0.820567774,0.000000000,0.000000000,-0.038414446,0.999261893
1782472598.406978607,24.724687099,169,vicon_state_data,ball,1,0,1.817450028,-0.050156598,1.212078729,0.000000000,0.000000000,0.000000000,1.000000000,1,-0.822425465,-0.459705508,0.820683474,0.000000000,0.000000000,-0.037699867,0.999289107
1782472598.408211946,24.725920439,170,vicon_state_data,ball,1,0,1.806175619,-0.051252956,1.209698297,0.000000000,0.000000000,0.000000000,1.000000000,1,-0.822426912,-0.459769722,0.820621227,0.000000000,0.000000000,-0.038212768,0.999269625
1782472598.409411907,24.727120399,171,vicon_state_data,ball,1,0,1.694442698,-0.064310729,1.178357558,0.000000000,0.000000000,0.000000000,1.000000000,1,-0.822442477,-0.459793032,0.820661788,0.000000000,0.000000000,-0.038456318,0.999260282
1782472598.411728144,24.729436636,172,vicon_state_data,ball,1,0,1.683325787,-0.065780717,1.174538430,0.000000000,0.000000000,0.000000000,1.000000000,1,-0.822449667,-0.459787278,0.820649586,0.000000000,0.000000000,-0.038365591,0.999263770
1782472598.414003372,24.731711864,173,vicon_state_data,ball,1,0,1.672255380,-0.067033787,1.170617825,0.000000000,0.000000000,0.000000000,1.000000000,1,-0.822450263,-0.459784021,0.820635736,0.000000000,0.000000000,-0.038492906,0.999258873
1782472598.416446447,24.734154940,174,vicon_state_data,ball,1,0,1.661230557,-0.068192669,1.166679862,0.000000000,0.000000000,0.000000000,1.000000000,1,-0.822447680,-0.459777723,0.820624918,0.000000000,0.000000000,-0.038357647,0.999264075
1782472598.418851137,24.736559629,175,vicon_state_data,ball,1,0,1.650357673,-0.069651439,1.162625551,0.000000000,0.000000000,0.000000000,1.000000000,1,-0.822451563,-0.459766199,0.820627794,0.000000000,0.000000000,-0.038483617,0.999259231
1782472598.421711206,24.739419699,176,vicon_state_data,ball,1,0,1.639290496,-0.070734387,1.158473260,0.000000000,0.000000000,0.000000000,1.000000000,1,-0.822448994,-0.459706510,0.820678862,0.000000000,0.000000000,-0.038060032,0.999275455
1782472598.424582005,24.742290497,177,vicon_state_data,ball,1,0,1.628387835,-0.071976992,1.154152561,0.000000000,0.000000000,0.000000000,1.000000000,1,-0.822461471,-0.459763626,0.820630310,0.000000000,0.000000000,-0.038315698,0.999265684
1782472598.427422523,24.745131016,178,vicon_state_data,ball,1,0,1.617285009,-0.072778358,1.149672652,0.000000000,0.000000000,0.000000000,1.000000000,1,-0.822459831,-0.459761539,0.820620611,0.000000000,0.000000000,-0.038372796,0.999263493
1782472598.430225134,24.747933626,179,vicon_state_data,ball,1,0,1.606243507,-0.074084206,1.145171513,0.000000000,0.000000000,0.000000000,1.000000000,1,-0.822454095,-0.459701162,0.820675111,0.000000000,0.000000000,-0.038008119,0.999277430
1782472598.433007956,24.750716448,180,vicon_state_data,ball,1,0,1.595301605,-0.075400735,1.140626498,0.000000000,0.000000000,0.000000000,1.000000000,1,-0.822462086,-0.459780065,0.820605013,0.000000000,0.000000000,-0.038333744,0.999264992
1782472598.435765266,24.753473759,181,vicon_state_data,ball,1,0,1.584280133,-0.076839582,1.135775760,0.000000000,0.000000000,0.000000000,1.000000000,1,-0.822461541,-0.459768410,0.820612803,0.000000000,0.000000000,-0.038380063,0.999263214
1782472598.438532352,24.756240845,182,vicon_state_data,ball,1,0,1.573486041,-0.078140422,1.131059846,0.000000000,0.000000000,0.000000000,1.000000000,1,-0.822451875,-0.459759325,0.820617603,0.000000000,0.000000000,-0.038331037,0.999265096
1782472598.441279650,24.758988142,183,vicon_state_data,ball,1,0,1.562627009,-0.079502557,1.126103155,0.000000000,0.000000000,0.000000000,1.000000000,1,-0.822468734,-0.459790095,0.820604912,0.000000000,0.000000000,-0.038365293,0.999263781
1782472598.444093227,24.761801720,184,vicon_state_data,ball,1,0,1.551837333,-0.080837973,1.121102411,0.000000000,0.000000000,0.000000000,1.000000000,1,-0.822463239,-0.459789261,0.820616103,0.000000000,0.000000000,-0.038398359,0.999262511
1782472598.446900368,24.764608860,185,vicon_state_data,ball,1,0,1.541052888,-0.082108811,1.115813701,0.000000000,0.000000000,0.000000000,1.000000000,1,-0.822462372,-0.459803558,0.820625948,0.000000000,0.000000000,-0.038395892,0.999262606
1782472598.449697733,24.767406225,186,vicon_state_data,ball,1,0,1.530319127,-0.083344984,1.110557522,0.000000000,0.000000000,0.000000000,1.000000000,1,-0.822464379,-0.459813295,0.820601889,0.000000000,0.000000000,-0.038438420,0.999260971
1782472598.452440500,24.770148993,187,vicon_state_data,ball,1,0,1.519580064,-0.084637194,1.105219491,0.000000000,0.000000000,0.000000000,1.000000000,1,-0.822466919,-0.459837391,0.820607587,0.000000000,0.000000000,-0.038467012,0.999259871
1782472598.522384644,24.840093136,188,vicon_state_data,ball,1,0,1.508818146,-0.085909445,1.099653435,0.000000000,0.000000000,0.000000000,1.000000000,1,-0.822459904,-0.459817114,0.820596560,0.000000000,0.000000000,-0.038477425,0.999259470
1782472598.525518417,24.843226910,189,vicon_state_data,ball,1,0,1.498138289,-0.087143551,1.094142310,0.000000000,0.000000000,0.000000000,1.000000000,1,-0.822468513,-0.459765662,0.820662822,0.000000000,0.000000000,-0.038057269,0.999275560
1782472598.528186083,24.845894575,190,vicon_state_data,ball,1,0,1.487313887,-0.088226513,1.088348166,0.000000000,0.000000000,0.000000000,1.000000000,1,-0.822464402,-0.459759054,0.820693491,0.000000000,0.000000000,-0.037984754,0.999278319
1782472598.530488491,24.848196983,191,vicon_state_data,ball,1,0,1.476503066,-0.089369805,1.082675729,0.000000000,0.000000000,0.000000000,1.000000000,1,-0.822461183,-0.459796868,0.820648508,0.000000000,0.000000000,-0.038437503,0.999261006
1782472598.532108068,24.849816561,192,vicon_state_data,ball,1,0,1.465729282,-0.090412423,1.076875952,0.000000000,0.000000000,0.000000000,1.000000000,1,-0.822476572,-0.459825938,0.820644184,0.000000000,0.000000000,-0.038542294,0.999256970
1782472598.533716917,24.851425409,193,vicon_state_data,ball,1,0,1.454913680,-0.091570339,1.070977375,0.000000000,0.000000000,0.000000000,1.000000000,1,-0.822464227,-0.459814530,0.820632571,0.000000000,0.000000000,-0.038515878,0.999257988
1782472598.535324097,24.853032589,194,vicon_state_data,ball,1,0,1.444166001,-0.092681113,1.064888124,0.000000000,0.000000000,0.000000000,1.000000000,1,-0.822467677,-0.459813617,0.820614545,0.000000000,0.000000000,-0.038606571,0.999254488
1782472598.536940813,24.854649305,195,vicon_state_data,ball,1,0,1.433460885,-0.093894990,1.058678849,0.000000000,0.000000000,0.000000000,1.000000000,1,-0.822471382,-0.459821507,0.820633383,0.000000000,0.000000000,-0.038574898,0.999255712
1782472598.538566351,24.856274843,196,vicon_state_data,ball,1,0,1.422799966,-0.095116324,1.052388446,0.000000000,0.000000000,0.000000000,1.000000000,1,-0.822462331,-0.459805572,0.820620704,0.000000000,0.000000000,-0.038568336,0.999255965
1782472598.539985180,24.857693672,197,vicon_state_data,ball,1,0,1.412091372,-0.096476792,1.045875279,0.000000000,0.000000000,0.000000000,1.000000000,1,-0.822461797,-0.459797494,0.820618024,0.000000000,0.000000000,-0.038664419,0.999252252
1782472598.541440964,24.859149456,198,vicon_state_data,ball,1,0,1.285130081,-0.111704896,0.959700031,0.000000000,0.000000000,0.000000000,1.000000000,1,-0.822490848,-0.459813239,0.820633102,0.000000000,0.000000000,-0.038539026,0.999257096
1782472598.542795181,24.860503674,199,vicon_state_data,ball,1,0,1.274604831,-0.112945840,0.951859426,0.000000000,0.000000000,0.000000000,1.000000000,1,-0.822494794,-0.459827540,0.820615028,0.000000000,0.000000000,-0.038624173,0.999253808
1782472598.544006348,24.861714840,200,vicon_state_data,ball,1,0,1.264209521,-0.114226664,0.943977169,0.000000000,0.000000000,0.000000000,1.000000000,1,-0.822502815,-0.459837692,0.820611328,0.000000000,0.000000000,-0.038607369,0.999254458
1782472598.546391964,24.864100456,201,vicon_state_data,ball,1,0,1.253804288,-0.115530905,0.935942669,0.000000000,0.000000000,0.000000000,1.000000000,1,-0.822504126,-0.459851690,0.820613940,0.000000000,0.000000000,-0.038634466,0.999253410
1782472598.548973799,24.866682291,202,vicon_state_data,ball,1,0,1.243428844,-0.116822137,0.927827134,0.000000000,0.000000000,0.000000000,1.000000000,1,-0.822509094,-0.459781147,0.820692118,0.000000000,0.000000000,-0.038197627,0.999270204
1782472598.551862717,24.869571209,203,vicon_state_data,ball,1,0,1.233151783,-0.118126410,0.919586563,0.000000000,0.000000000,0.000000000,1.000000000,1,-0.822490707,-0.459807675,0.820636588,0.000000000,0.000000000,-0.038581338,0.999255463
1782472598.554662943,24.872371435,204,vicon_state_data,ball,1,0,1.222866791,-0.119429435,0.911151137,0.000000000,0.000000000,0.000000000,1.000000000,1,-0.822493728,-0.459792801,0.820638520,0.000000000,0.000000000,-0.038593384,0.999254998
1782472598.557357073,24.875065565,205,vicon_state_data,ball,1,0,1.212607466,-0.120692837,0.902623969,0.000000000,0.000000000,0.000000000,1.000000000,1,-0.822502200,-0.459765417,0.820687104,0.000000000,0.000000000,-0.038280722,0.999267025
1782472598.559918642,24.877627134,206,vicon_state_data,ball,1,0,1.202398401,-0.121992268,0.894053813,0.000000000,0.000000000,0.000000000,1.000000000,1,-0.822494048,-0.459764699,0.820627628,0.000000000,0.000000000,-0.038636668,0.999253325
1782472598.562456846,24.880165339,207,vicon_state_data,ball,1,0,1.192210501,-0.123271376,0.885340242,0.000000000,0.000000000,0.000000000,1.000000000,1,-0.822508235,-0.459762473,0.820672807,0.000000000,0.000000000,-0.038355354,0.999264163
1782472598.564862490,24.882570982,208,vicon_state_data,ball,1,0,1.181982138,-0.124481848,0.876530246,0.000000000,0.000000000,0.000000000,1.000000000,1,-0.822510283,-0.459787790,0.820628628,0.000000000,0.000000000,-0.038642948,0.999253082
1782472598.567254066,24.884962559,209,vicon_state_data,ball,1,0,1.171719949,-0.125669105,0.867632363,0.000000000,0.000000000,0.000000000,1.000000000,1,-0.822510191,-0.459799151,0.820630240,0.000000000,0.000000000,-0.038640057,0.999253194
1782472598.569583654,24.887292147,210,vicon_state_data,ball,1,0,1.161472209,-0.126750471,0.858733443,0.000000000,0.000000000,0.000000000,1.000000000,1,-0.822511677,-0.459741963,0.820680545,0.000000000,0.000000000,-0.038357406,0.999264084
1782472598.571868181,24.889576674,211,vicon_state_data,ball,1,0,1.151202788,-0.127773800,0.849753210,0.000000000,0.000000000,0.000000000,1.000000000,1,-0.822503956,-0.459782310,0.820627746,0.000000000,0.000000000,-0.038735522,0.999249498
1782472598.574148178,24.891856670,212,vicon_state_data,ball,1,0,1.140909248,-0.128870742,0.840687239,0.000000000,0.000000000,0.000000000,1.000000000,1,-0.822507650,-0.459783374,0.820622477,0.000000000,0.000000000,-0.038703227,0.999250749
1782472598.576425552,24.894134045,213,vicon_state_data,ball,1,0,1.130696560,-0.130001009,0.831464331,0.000000000,0.000000000,0.000000000,1.000000000,1,-0.822504195,-0.459776843,0.820618543,0.000000000,0.000000000,-0.038709546,0.999250505
1782472598.578693628,24.896402121,214,vicon_state_data,ball,1,0,1.120478876,-0.131122846,0.822148738,0.000000000,0.000000000,0.000000000,1.000000000,1,-0.822508913,-0.459788607,0.820604945,0.000000000,0.000000000,-0.038760631,0.999248524
1782472598.642654896,24.960363388,215,vicon_state_data,ball,1,0,1.110318509,-0.132277909,0.812664423,0.000000000,0.000000000,0.000000000,1.000000000,1,-0.822512662,-0.459788345,0.820628587,0.000000000,0.000000000,-0.038782754,0.999247666
1782472598.645764351,24.963472843,216,vicon_state_data,ball,1,0,1.100141864,-0.133533275,0.803028781,0.000000000,0.000000000,0.000000000,1.000000000,1,-0.822518602,-0.459807778,0.820608261,0.000000000,0.000000000,-0.038772152,0.999248077
1782472598.645865679,24.963574171,217,vicon_state_data,ball,1,0,1.089955955,-0.134872819,0.793223128,0.000000000,0.000000000,0.000000000,1.000000000,1,-0.822523174,-0.459732123,0.820672562,0.000000000,0.000000000,-0.038375367,0.999263394
1782472598.645946264,24.963654757,218,vicon_state_data,ball,1,0,1.079793372,-0.136249247,0.783327462,0.000000000,0.000000000,0.000000000,1.000000000,1,-0.822524716,-0.459775613,0.820623717,0.000000000,0.000000000,-0.038677823,0.999251733
1782472598.646071196,24.963779688,219,vicon_state_data,ball,1,0,1.069754641,-0.137653942,0.773384987,0.000000000,0.000000000,0.000000000,1.000000000,1,-0.822527854,-0.459783901,0.820635763,0.000000000,0.000000000,-0.038691918,0.999251187
1782472598.646188021,24.963896513,220,vicon_state_data,ball,1,0,1.060045189,-0.139045902,0.766189388,0.000000000,0.000000000,0.000000000,1.000000000,1,-0.822523301,-0.459793251,0.820629947,0.000000000,0.000000000,-0.038719564,0.999250117
1782472598.646297455,24.964005947,221,vicon_state_data,ball,1,0,1.052163820,-0.140421237,0.775350006,0.000000000,0.000000000,0.000000000,1.000000000,1,-0.822523518,-0.459786242,0.820641075,0.000000000,0.000000000,-0.038728173,0.999249783
1782472598.646412611,24.964121103,222,vicon_state_data,ball,1,0,1.044260996,-0.141464363,0.784457552,0.000000000,0.000000000,0.000000000,1.000000000,1,-0.822524410,-0.459796553,0.820644899,0.000000000,0.000000000,-0.038689947,0.999251264
1782472598.646526575,24.964235067,223,vicon_state_data,ball,1,0,1.036342074,-0.142415904,0.793499771,0.000000000,0.000000000,0.000000000,1.000000000,1,-0.822525865,-0.459822166,0.820620520,0.000000000,0.000000000,-0.038766592,0.999248293
1782472598.646636724,24.964345217,224,vicon_state_data,ball,1,0,1.028520672,-0.143330798,0.802514187,0.000000000,0.000000000,0.000000000,1.000000000,1,-0.822527011,-0.459802116,0.820641101,0.000000000,0.000000000,-0.038836345,0.999245585
1782472598.646743298,24.964451790,225,vicon_state_data,ball,1,0,0.950903157,-0.153919274,0.885598878,0.000000000,0.000000000,0.000000000,1.000000000,1,-0.822548821,-0.459789766,0.820600720,0.000000000,0.000000000,-0.038881096,0.999243844
1782472598.709352732,25.027061224,226,vicon_state_data,ball,1,0,0.943147784,-0.154896539,0.893269746,0.000000000,0.000000000,0.000000000,1.000000000,1,-0.822544552,-0.459750408,0.820655954,0.000000000,0.000000000,-0.038520069,0.999257827
1782472598.709652662,25.027361155,227,vicon_state_data,ball,1,0,0.935293165,-0.156140258,0.900701773,0.000000000,0.000000000,0.000000000,1.000000000,1,-0.822555497,-0.459795936,0.820598450,0.000000000,0.000000000,-0.038879272,0.999243915
1782472598.709784269,25.027492762,228,vicon_state_data,ball,1,0,0.927550028,-0.157499511,0.908007028,0.000000000,0.000000000,0.000000000,1.000000000,1,-0.822556286,-0.459757809,0.820660138,0.000000000,0.000000000,-0.038598245,0.999254810
1782472598.709897757,25.027606249,229,vicon_state_data,ball,1,0,0.919886845,-0.158941157,0.915209377,0.000000000,0.000000000,0.000000000,1.000000000,1,-0.822556010,-0.459793461,0.820620124,0.000000000,0.000000000,-0.038902210,0.999243023
1782472598.710006714,25.027715206,230,vicon_state_data,ball,1,0,0.912181150,-0.160303088,0.922271560,0.000000000,0.000000000,0.000000000,1.000000000,1,-0.822564520,-0.459763813,0.820650845,0.000000000,0.000000000,-0.038614600,0.999254178
1782472598.710114241,25.027822733,231,vicon_state_data,ball,1,0,0.904446009,-0.161428309,0.929262744,0.000000000,0.000000000,0.000000000,1.000000000,1,-0.822552111,-0.459801321,0.820616492,0.000000000,0.000000000,-0.038977181,0.999240101
1782472598.710232258,25.027940750,232,vicon_state_data,ball,1,0,0.896745627,-0.162384956,0.936149411,0.000000000,0.000000000,0.000000000,1.000000000,1,-0.822556598,-0.459758593,0.820676144,0.000000000,0.000000000,-0.038561203,0.999256240
1782472598.710342407,25.028050900,233,vicon_state_data,ball,1,0,0.889082383,-0.163299275,0.942916626,0.000000000,0.000000000,0.000000000,1.000000000,1,-0.822555133,-0.459781455,0.820622392,0.000000000,0.000000000,-0.038894016,0.999243342
1782472598.710449934,25.028158426,234,vicon_state_data,ball,1,0,0.881354843,-0.164267814,0.949620001,0.000000000,0.000000000,0.000000000,1.000000000,1,-0.822561799,-0.459739665,0.820669969,0.000000000,0.000000000,-0.038601179,0.999254697
1782472598.710556507,25.028264999,235,vicon_state_data,ball,1,0,0.873562304,-0.165419274,0.956108069,0.000000000,0.000000000,0.000000000,1.000000000,1,-0.822558013,-0.459749258,0.820661570,0.000000000,0.000000000,-0.038641004,0.999253158
1782472598.772774458,25.090482950,236,vicon_state_data,ball,1,0,0.797371876,-0.176567872,1.014578156,0.000000000,0.000000000,0.000000000,1.000000000,1,-0.822551814,-0.459798702,0.820616320,0.000000000,0.000000000,-0.039193146,0.999231653
1782472598.773053169,25.090761662,237,vicon_state_data,ball,1,0,0.789710924,-0.177974133,1.019613785,0.000000000,0.000000000,0.000000000,1.000000000,1,-0.822563340,-0.459751265,0.820666425,0.000000000,0.000000000,-0.038814880,0.999246419
1782472598.773192406,25.090900898,238,vicon_state_data,ball,1,0,0.782180908,-0.179381641,1.024640280,0.000000000,0.000000000,0.000000000,1.000000000,1,-0.822559430,-0.459782281,0.820608416,0.000000000,0.000000000,-0.039138118,0.999233810
1782472598.773331404,25.091039896,239,vicon_state_data,ball,1,0,0.774586342,-0.180822291,1.029537377,0.000000000,0.000000000,0.000000000,1.000000000,1,-0.822561117,-0.459798994,0.820593228,0.000000000,0.000000000,-0.039055097,0.999237059
1782472598.773448229,25.091156721,240,vicon_state_data,ball,1,0,0.767024630,-0.181933984,1.034404789,0.000000000,0.000000000,0.000000000,1.000000000,1,-0.822555850,-0.459778188,0.820592735,0.000000000,0.000000000,-0.039150352,0.999233331
1782472598.773560524,25.091269016,241,vicon_state_data,ball,1,0,0.759410974,-0.182894943,1.039067021,0.000000000,0.000000000,0.000000000,1.000000000,1,-0.822563050,-0.459794667,0.820589938,0.000000000,0.000000000,-0.039136411,0.999233877
1782472598.773671389,25.091379881,242,vicon_state_data,ball,1,0,0.751911917,-0.183829815,1.043676440,0.000000000,0.000000000,0.000000000,1.000000000,1,-0.822565345,-0.459792289,0.820588638,0.000000000,0.000000000,-0.039076916,0.999236206
1782472598.773781776,25.091490269,243,vicon_state_data,ball,1,0,0.744329915,-0.184771566,1.048266769,0.000000000,0.000000000,0.000000000,1.000000000,1,-0.822557717,-0.459787621,0.820570449,0.000000000,0.000000000,-0.039107325,0.999235016
1782472598.773890734,25.091599226,244,vicon_state_data,ball,1,0,0.736690263,-0.185897167,1.052636897,0.000000000,0.000000000,0.000000000,1.000000000,1,-0.822564865,-0.459811281,0.820573860,0.000000000,0.000000000,-0.039237505,0.999229913
1782472598.774001360,25.091709852,245,vicon_state_data,ball,1,0,0.729137603,-0.187201632,1.056897582,0.000000000,0.000000000,0.000000000,1.000000000,1,-0.822559211,-0.459802549,0.820603752,0.000000000,0.000000000,-0.039093612,0.999235553
1782472598.839068413,25.156776905,246,vicon_state_data,ball,1,0,0.654060071,-0.198123890,1.092680971,0.000000000,0.000000000,0.000000000,1.000000000,1,-0.822566033,-0.459832092,0.820615513,0.000000000,0.000000000,-0.039004975,0.999239016
1782472598.842438698,25.160147190,247,vicon_state_data,ball,1,0,0.646682241,-0.199569999,1.095590497,0.000000000,0.000000000,0.000000000,1.000000000,1,-0.822566820,-0.459843415,0.820623674,0.000000000,0.000000000,-0.039068661,0.999236528
1782472598.845233202,25.162941694,248,vicon_state_data,ball,1,0,0.639172084,-0.200921013,1.098356138,0.000000000,0.000000000,0.000000000,1.000000000,1,-0.822568347,-0.459846315,0.820628475,0.000000000,0.000000000,-0.039053038,0.999237139
1782472598.848057270,25.165765762,249,vicon_state_data,ball,1,0,0.631698127,-0.202018050,1.101025723,0.000000000,0.000000000,0.000000000,1.000000000,1,-0.822564442,-0.459839244,0.820620530,0.000000000,0.000000000,-0.039113506,0.999234774
1782472598.850844860,25.168553352,250,vicon_state_data,ball,1,0,0.624204866,-0.202939605,1.103602220,0.000000000,0.000000000,0.000000000,1.000000000,1,-0.822569667,-0.459851438,0.820590518,0.000000000,0.000000000,-0.039184958,0.999231975
1782472598.853614330,25.171322823,251,vicon_state_data,ball,1,0,0.616805593,-0.203832577,1.106083769,0.000000000,0.000000000,0.000000000,1.000000000,1,-0.822561961,-0.459851151,0.820598089,0.000000000,0.000000000,-0.039215903,0.999230761
1782472598.856813431,25.174521923,252,vicon_state_data,ball,1,0,0.609372492,-0.204789681,1.108508777,0.000000000,0.000000000,0.000000000,1.000000000,1,-0.822562423,-0.459846172,0.820601724,0.000000000,0.000000000,-0.039246306,0.999229567
1782472598.859993458,25.177701950,253,vicon_state_data,ball,1,0,0.601849738,-0.205841332,1.110765816,0.000000000,0.000000000,0.000000000,1.000000000,1,-0.822571801,-0.459859701,0.820604986,0.000000000,0.000000000,-0.039263838,0.999228878
1782472598.863150597,25.180859089,254,vicon_state_data,ball,1,0,0.594365071,-0.207068514,1.112900643,0.000000000,0.000000000,0.000000000,1.000000000,1,-0.822551924,-0.459867308,0.820598768,0.000000000,0.000000000,-0.039326218,0.999226425
1782472598.866354465,25.184062958,255,vicon_state_data,ball,1,0,0.586971298,-0.208307778,1.114882159,0.000000000,0.000000000,0.000000000,1.000000000,1,-0.822564354,-0.459877419,0.820589564,0.000000000,0.000000000,-0.039295677,0.999227627
1782472598.869540930,25.187249422,256,vicon_state_data,ball,1,0,0.505701099,-0.220611593,1.129416201,0.000000000,0.000000000,0.000000000,1.000000000,1,-0.822560405,-0.459902870,0.820648536,0.000000000,0.000000000,-0.039064107,0.999236706
1782472598.872344971,25.190053463,257,vicon_state_data,ball,1,0,0.498330785,-0.221808855,1.130058534,0.000000000,0.000000000,0.000000000,1.000000000,1,-0.822567576,-0.459886081,0.820652883,0.000000000,0.000000000,-0.039054875,0.999237067
1782472598.875591516,25.193300009,258,vicon_state_data,ball,1,0,0.490955375,-0.222684346,1.130559586,0.000000000,0.000000000,0.000000000,1.000000000,1,-0.822557789,-0.459869471,0.820640355,0.000000000,0.000000000,-0.039067944,0.999236556
1782472598.878806829,25.196515322,259,vicon_state_data,ball,1,0,0.483663745,-0.223591623,1.130891592,0.000000000,0.000000000,0.000000000,1.000000000,1,-0.822560867,-0.459866399,0.820646812,0.000000000,0.000000000,-0.039109770,0.999234920
1782472598.885452032,25.203160524,260,vicon_state_data,ball,1,0,0.476344367,-0.224475620,1.131260000,0.000000000,0.000000000,0.000000000,1.000000000,1,-0.822564574,-0.459872518,0.820632880,0.000000000,0.000000000,-0.039149801,0.999233353
1782472598.894099712,25.211808205,261,vicon_state_data,ball,1,0,0.468954572,-0.225524828,1.131498314,0.000000000,0.000000000,0.000000000,1.000000000,1,-0.822555592,-0.459872886,0.820602839,0.000000000,0.000000000,-0.039287135,0.999227962
1782472598.900746584,25.218455076,262,vicon_state_data,ball,1,0,0.461574169,-0.226696735,1.131581717,0.000000000,0.000000000,0.000000000,1.000000000,1,-0.822559729,-0.459876484,0.820608553,0.000000000,0.000000000,-0.039278820,0.999228289
1782472598.903982162,25.221690655,263,vicon_state_data,ball,1,0,0.454238571,-0.227944067,1.131556217,0.000000000,0.000000000,0.000000000,1.000000000,1,-0.822564748,-0.459880957,0.820608154,0.000000000,0.000000000,-0.039270252,0.999228626
1782472598.907226801,25.224935293,264,vicon_state_data,ball,1,0,0.447034804,-0.229180475,1.131322744,0.000000000,0.000000000,0.000000000,1.000000000,1,-0.822549289,-0.459867322,0.820598564,0.000000000,0.000000000,-0.039351518,0.999225429
1782472598.910480976,25.228189468,265,vicon_state_data,ball,1,0,0.439898894,-0.230350843,1.130938418,0.000000000,0.000000000,0.000000000,1.000000000,1,-0.822552513,-0.459881592,0.820603028,0.000000000,0.000000000,-0.039392060,0.999223832
1782472598.913688183,25.231396675,266,vicon_state_data,ball,1,0,0.432709911,-0.231442159,1.130537350,0.000000000,0.000000000,0.000000000,1.000000000,1,-0.822547147,-0.459867922,0.820598356,0.000000000,0.000000000,-0.039457441,0.999221252
1782472598.916895151,25.234603643,267,vicon_state_data,ball,1,0,0.425439838,-0.232404009,1.130032592,0.000000000,0.000000000,0.000000000,1.000000000,1,-0.822545744,-0.459859084,0.820601232,0.000000000,0.000000000,-0.039478017,0.999220439
1782472598.920102358,25.237810850,268,vicon_state_data,ball,1,0,0.418109136,-0.233235398,1.129455961,0.000000000,0.000000000,0.000000000,1.000000000,1,-0.822546878,-0.459882788,0.820605517,0.000000000,0.000000000,-0.039549100,0.999217628
1782472598.923322678,25.241031170,269,vicon_state_data,ball,1,0,0.410721092,-0.234055138,1.128932779,0.000000000,0.000000000,0.000000000,1.000000000,1,-0.822542797,-0.459890681,0.820625851,0.000000000,0.000000000,-0.039617383,0.999214923
1782472598.926604509,25.244313002,270,vicon_state_data,ball,1,0,0.403389345,-0.235002869,1.128248611,0.000000000,0.000000000,0.000000000,1.000000000,1,-0.822544318,-0.459887690,0.820636246,0.000000000,0.000000000,-0.039571713,0.999216733
1782472598.929861069,25.247569561,271,vicon_state_data,ball,1,0,0.388672657,-0.237324304,1.126224972,0.000000000,0.000000000,0.000000000,1.000000000,1,-0.822553148,-0.459829732,0.820731878,0.000000000,0.000000000,-0.038949601,0.999241176
1782472598.933090448,25.250798941,272,vicon_state_data,ball,1,0,0.374289501,-0.240162855,1.123752838,0.000000000,0.000000000,0.000000000,1.000000000,1,-0.822549440,-0.459837917,0.820712108,0.000000000,0.000000000,-0.038983735,0.999239845
1782472598.936574697,25.254283190,273,vicon_state_data,ball,1,0,0.367034681,-0.241365593,1.122344018,0.000000000,0.000000000,0.000000000,1.000000000,1,-0.822556885,-0.459907688,0.820678557,0.000000000,0.000000000,-0.039328594,0.999226332
1782472598.939978123,25.257686615,274,vicon_state_data,ball,1,0,0.359792594,-0.242304711,1.120854146,0.000000000,0.000000000,0.000000000,1.000000000,1,-0.822548128,-0.459817756,0.820706580,0.000000000,0.000000000,-0.038999048,0.999239248
1782472598.943341494,25.261049986,275,vicon_state_data,ball,1,0,0.352605815,-0.243184677,1.119233948,0.000000000,0.000000000,0.000000000,1.000000000,1,-0.822548669,-0.459872144,0.820668239,0.000000000,0.000000000,-0.039296206,0.999227606
1782472598.946762085,25.264470577,276,vicon_state_data,ball,1,0,0.345447153,-0.244083831,1.117566829,0.000000000,0.000000000,0.000000000,1.000000000,1,-0.822543562,-0.459873869,0.820650498,0.000000000,0.000000000,-0.039359981,0.999225096
1782472598.949748516,25.267457008,277,vicon_state_data,ball,1,0,0.338182653,-0.245043135,1.115825419,0.000000000,0.000000000,0.000000000,1.000000000,1,-0.822550547,-0.459809771,0.820698107,0.000000000,0.000000000,-0.038959112,0.999240806
1782472598.952729225,25.270437717,278,vicon_state_data,ball,1,0,0.330832363,-0.246195217,1.113871769,0.000000000,0.000000000,0.000000000,1.000000000,1,-0.822544538,-0.459856704,0.820651126,0.000000000,0.000000000,-0.039362356,0.999225002
1782472598.955674171,25.273382664,279,vicon_state_data,ball,1,0,0.323865230,-0.247715416,1.112087849,0.000000000,0.000000000,0.000000000,1.000000000,1,-0.822553947,-0.459822415,0.820680176,0.000000000,0.000000000,-0.039035006,0.999237844
1782472598.958580494,25.276288986,280,vicon_state_data,ball,1,0,0.316523814,-0.248630165,1.109719953,0.000000000,0.000000000,0.000000000,1.000000000,1,-0.822549518,-0.459857001,0.820651360,0.000000000,0.000000000,-0.039328859,0.999226321
1782472598.961584806,25.279293299,281,vicon_state_data,ball,1,0,0.309518289,-0.249841681,1.107332992,0.000000000,0.000000000,0.000000000,1.000000000,1,-0.822554907,-0.459864423,0.820631176,0.000000000,0.000000000,-0.039350376,0.999225474
1782472598.965020418,25.282728910,282,vicon_state_data,ball,1,0,0.302474889,-0.250903342,1.104850507,0.000000000,0.000000000,0.000000000,1.000000000,1,-0.822543129,-0.459873385,0.820617492,0.000000000,0.000000000,-0.039344863,0.999225691
1782472598.968547344,25.286255836,283,vicon_state_data,ball,1,0,0.295374724,-0.251887664,1.102348179,0.000000000,0.000000000,0.000000000,1.000000000,1,-0.822552971,-0.459847574,0.820601398,0.000000000,0.000000000,-0.039380101,0.999224303
1782472598.971998215,25.289706707,284,vicon_state_data,ball,1,0,0.288172350,-0.252697569,1.099808934,0.000000000,0.000000000,0.000000000,1.000000000,1,-0.822550062,-0.459851344,0.820612003,0.000000000,0.000000000,-0.039428104,0.999222410
1782472598.975399017,25.293107510,285,vicon_state_data,ball,1,0,0.280970681,-0.253557572,1.097197521,0.000000000,0.000000000,0.000000000,1.000000000,1,-0.822564397,-0.459811119,0.820665818,0.000000000,0.000000000,-0.039038948,0.999237690
1782472598.978818417,25.296526909,286,vicon_state_data,ball,1,0,0.273748994,-0.254404161,1.094581189,0.000000000,0.000000000,0.000000000,1.000000000,1,-0.822558763,-0.459784163,0.820651860,0.000000000,0.000000000,-0.039040843,0.999237616
1782472598.982273579,25.299982071,287,vicon_state_data,ball,1,0,0.266525673,-0.255332675,1.091670385,0.000000000,0.000000000,0.000000000,1.000000000,1,-0.822562635,-0.459809453,0.820659189,0.000000000,0.000000000,-0.039015896,0.999238590
1782472598.985728025,25.303436518,288,vicon_state_data,ball,1,0,0.259337289,-0.256606874,1.088601881,0.000000000,0.000000000,0.000000000,1.000000000,1,-0.822551441,-0.459848339,0.820606520,0.000000000,0.000000000,-0.039387743,0.999224002
1782472598.989188433,25.306896925,289,vicon_state_data,ball,1,0,0.252264601,-0.257963953,1.085381306,0.000000000,0.000000000,0.000000000,1.000000000,1,-0.822555957,-0.459857769,0.820604952,0.000000000,0.000000000,-0.039368343,0.999224766
1782472598.992659092,25.310367584,290,vicon_state_data,ball,1,0,0.245224507,-0.259368831,1.082143230,0.000000000,0.000000000,0.000000000,1.000000000,1,-0.822548630,-0.459866154,0.820620863,0.000000000,0.000000000,-0.039384567,0.999224127
1782472598.996098995,25.313807487,291,vicon_state_data,ball,1,0,0.238187056,-0.260669171,1.078759790,0.000000000,0.000000000,0.000000000,1.000000000,1,-0.822556147,-0.459877506,0.820620937,0.000000000,0.000000000,-0.039439630,0.999221955
1782472598.999568701,25.317277193,292,vicon_state_data,ball,1,0,0.231114495,-0.261598596,1.075312532,0.000000000,0.000000000,0.000000000,1.000000000,1,-0.822554590,-0.459837345,0.820680034,0.000000000,0.000000000,-0.039093373,0.999235562
1782472599.003062010,25.320770502,293,vicon_state_data,ball,1,0,0.224091391,-0.262499904,1.071714697,0.000000000,0.000000000,0.000000000,1.000000000,1,-0.822546575,-0.459820171,0.820669014,0.000000000,0.000000000,-0.039125025,0.999234323
1782472599.006603241,25.324311733,294,vicon_state_data,ball,1,0,0.217123118,-0.263284526,1.068051646,0.000000000,0.000000000,0.000000000,1.000000000,1,-0.822546752,-0.459878601,0.820644311,0.000000000,0.000000000,-0.039461232,0.999221102
1782472599.010095358,25.327803850,295,vicon_state_data,ball,1,0,0.210029110,-0.264216719,1.064332100,0.000000000,0.000000000,0.000000000,1.000000000,1,-0.822539465,-0.459871349,0.820648962,0.000000000,0.000000000,-0.039468794,0.999220804
1782472599.013627291,25.331335783,296,vicon_state_data,ball,1,0,0.202902183,-0.265264298,1.060463480,0.000000000,0.000000000,0.000000000,1.000000000,1,-0.822539801,-0.459853736,0.820640742,0.000000000,0.000000000,-0.039481438,0.999220304
1782472599.017088175,25.334796667,297,vicon_state_data,ball,1,0,0.195810993,-0.266491570,1.056444789,0.000000000,0.000000000,0.000000000,1.000000000,1,-0.822534891,-0.459866847,0.820636311,0.000000000,0.000000000,-0.039467318,0.999220862
1782472599.020606279,25.338314772,298,vicon_state_data,ball,1,0,0.188813060,-0.267686739,1.052325260,0.000000000,0.000000000,0.000000000,1.000000000,1,-0.822543941,-0.459872953,0.820650050,0.000000000,0.000000000,-0.039510268,0.999219165
1782472599.024142742,25.341851234,299,vicon_state_data,ball,1,0,0.182012609,-0.268923614,1.047935170,0.000000000,0.000000000,0.000000000,1.000000000,1,-0.822534280,-0.459865090,0.820638721,0.000000000,0.000000000,-0.039448286,0.999221613
1782472599.027737141,25.345445633,300,vicon_state_data,ball,1,0,0.175145520,-0.269941860,1.043520332,0.000000000,0.000000000,0.000000000,1.000000000,1,-0.822533981,-0.459853167,0.820608274,0.000000000,0.000000000,-0.039559475,0.999217218
1782472599.031209946,25.348918438,301,vicon_state_data,ball,1,0,0.168274453,-0.271028625,1.039066570,0.000000000,0.000000000,0.000000000,1.000000000,1,-0.822529796,-0.459852607,0.820618971,0.000000000,0.000000000,-0.039573096,0.999216678
1782472599.034741163,25.352449656,302,vicon_state_data,ball,1,0,0.161354075,-0.271820099,1.034499843,0.000000000,0.000000000,0.000000000,1.000000000,1,-0.822536334,-0.459867980,0.820624802,0.000000000,0.000000000,-0.039617362,0.999214924
1782472599.038196802,25.355905294,303,vicon_state_data,ball,1,0,0.154368775,-0.272628805,1.029968128,0.000000000,0.000000000,0.000000000,1.000000000,1,-0.822539887,-0.459877525,0.820631892,0.000000000,0.000000000,-0.039680750,0.999212409
1782472599.041688919,25.359397411,304,vicon_state_data,ball,1,0,0.147332162,-0.273416179,1.025381851,0.000000000,0.000000000,0.000000000,1.000000000,1,-0.822535650,-0.459874133,0.820630414,0.000000000,0.000000000,-0.039678462,0.999212500
1782472599.045135260,25.362843752,305,vicon_state_data,ball,1,0,0.140306473,-0.274280531,1.020574882,0.000000000,0.000000000,0.000000000,1.000000000,1,-0.822535705,-0.459875749,0.820619440,0.000000000,0.000000000,-0.039717539,0.999210947
1782472599.048676968,25.366385460,306,vicon_state_data,ball,1,0,0.133299950,-0.275370273,1.015563717,0.000000000,0.000000000,0.000000000,1.000000000,1,-0.822528716,-0.459860680,0.820618781,0.000000000,0.000000000,-0.039789836,0.999208071
1782472599.052245617,25.369954109,307,vicon_state_data,ball,1,0,0.126427345,-0.276665462,1.010366605,0.000000000,0.000000000,0.000000000,1.000000000,1,-0.822525481,-0.459852407,0.820620455,0.000000000,0.000000000,-0.039771633,0.999208796
1782472599.055760860,25.373469353,308,vicon_state_data,ball,1,0,0.119589361,-0.278084730,1.005123838,0.000000000,0.000000000,0.000000000,1.000000000,1,-0.822523715,-0.459868387,0.820617711,0.000000000,0.000000000,-0.039825870,0.999206635
1782472599.059305906,25.377014399,309,vicon_state_data,ball,1,0,0.112815555,-0.279341925,0.999823287,0.000000000,0.000000000,0.000000000,1.000000000,1,-0.822539875,-0.459801996,0.820702404,0.000000000,0.000000000,-0.039231098,0.999230164
1782472599.062832355,25.380540848,310,vicon_state_data,ball,1,0,0.105993775,-0.280331907,0.994469438,0.000000000,0.000000000,0.000000000,1.000000000,1,-0.822532651,-0.459827729,0.820635012,0.000000000,0.000000000,-0.039598473,0.999215673
1782472599.066426277,25.384134769,311,vicon_state_data,ball,1,0,0.099180806,-0.281203879,0.988924114,0.000000000,0.000000000,0.000000000,1.000000000,1,-0.822533125,-0.459835919,0.820639499,0.000000000,0.000000000,-0.039556004,0.999217355
1782472599.069966316,25.387674809,312,vicon_state_data,ball,1,0,0.091990788,-0.281828257,0.983002583,0.000000000,0.000000000,0.000000000,1.000000000,1,-0.822539109,-0.459812705,0.820702473,0.000000000,0.000000000,-0.039291398,0.999227795
1782472599.073493004,25.391201496,313,vicon_state_data,ball,1,0,0.085226064,-0.282763780,0.977359903,0.000000000,0.000000000,0.000000000,1.000000000,1,-0.822542164,-0.459854775,0.820660582,0.000000000,0.000000000,-0.039515498,0.999218958
1782472599.076988220,25.394696712,314,vicon_state_data,ball,1,0,0.078392527,-0.283796257,0.971509697,0.000000000,0.000000000,0.000000000,1.000000000,1,-0.822539846,-0.459846526,0.820649264,0.000000000,0.000000000,-0.039623081,0.999214697
1782472599.080561876,25.398270369,315,vicon_state_data,ball,1,0,0.071643542,-0.285078757,0.965591876,0.000000000,0.000000000,0.000000000,1.000000000,1,-0.822541097,-0.459838693,0.820661734,0.000000000,0.000000000,-0.039595613,0.999215786
1782472599.084086418,25.401794910,316,vicon_state_data,ball,1,0,0.064866984,-0.286177211,0.959579478,0.000000000,0.000000000,0.000000000,1.000000000,1,-0.822539871,-0.459852120,0.820668194,0.000000000,0.000000000,-0.039603486,0.999215474
1782472599.087699413,25.405407906,317,vicon_state_data,ball,1,0,0.051483783,-0.288317882,0.946900786,0.000000000,0.000000000,0.000000000,1.000000000,1,-0.822541886,-0.459871039,0.820627014,0.000000000,0.000000000,-0.039656922,0.999213355
1782472599.091225863,25.408934355,318,vicon_state_data,ball,1,0,0.044910515,-0.289379163,0.940545212,0.000000000,0.000000000,0.000000000,1.000000000,1,-0.822537071,-0.459886801,0.820646900,0.000000000,0.000000000,-0.039596295,0.999215759
1782472599.094804764,25.412513256,319,vicon_state_data,ball,1,0,0.038383208,-0.290362729,0.934077137,0.000000000,0.000000000,0.000000000,1.000000000,1,-0.822546739,-0.459797609,0.820702740,0.000000000,0.000000000,-0.039117148,0.999234631
1782472599.098358631,25.416067123,320,vicon_state_data,ball,1,0,0.031776575,-0.291320721,0.927474168,0.000000000,0.000000000,0.000000000,1.000000000,1,-0.822534653,-0.459851515,0.820652753,0.000000000,0.000000000,-0.039557729,0.999217287
1782472599.101924419,25.419632912,321,vicon_state_data,ball,1,0,0.024986604,-0.292102346,0.920934285,0.000000000,0.000000000,0.000000000,1.000000000,1,-0.822526522,-0.459831819,0.820650899,0.000000000,0.000000000,-0.039517003,0.999218898
1782472599.105549335,25.423257828,322,vicon_state_data,ball,1,0,0.018404036,-0.292895110,0.914438756,0.000000000,0.000000000,0.000000000,1.000000000,1,-0.822534135,-0.459790441,0.820721893,0.000000000,0.000000000,-0.039200662,0.999231359
1782472599.109156370,25.426864862,323,vicon_state_data,ball,1,0,0.011769022,-0.293951455,0.907602178,0.000000000,0.000000000,0.000000000,1.000000000,1,-0.822533813,-0.459850421,0.820681743,0.000000000,0.000000000,-0.039571671,0.999216735
1782472599.112773180,25.430481672,324,vicon_state_data,ball,1,0,0.005104263,-0.295147529,0.900555988,0.000000000,0.000000000,0.000000000,1.000000000,1,-0.822544145,-0.459855986,0.820690622,0.000000000,0.000000000,-0.039557523,0.999217295
1782472599.116463661,25.434172153,325,vicon_state_data,ball,1,0,-0.001322383,-0.296519738,0.893489142,0.000000000,0.000000000,0.000000000,1.000000000,1,-0.822526287,-0.459852406,0.820653970,0.000000000,0.000000000,-0.039642002,0.999213947
1782472599.119697571,25.437406063,326,vicon_state_data,ball,1,0,-0.007901317,-0.297572933,0.886456662,0.000000000,0.000000000,0.000000000,1.000000000,1,-0.822519239,-0.459842956,0.820656270,0.000000000,0.000000000,-0.039652723,0.999213522
1782472599.121736050,25.439444542,327,vicon_state_data,ball,1,0,-0.014615893,-0.298495919,0.879060168,0.000000000,0.000000000,0.000000000,1.000000000,1,-0.822522142,-0.459830485,0.820647357,0.000000000,0.000000000,-0.039632191,0.999214336
1782472599.123770714,25.441479206,328,vicon_state_data,ball,1,0,-0.021197759,-0.299411085,0.871524931,0.000000000,0.000000000,0.000000000,1.000000000,1,-0.822520323,-0.459849468,0.820649315,0.000000000,0.000000000,-0.039698571,0.999211701
1782472599.125850677,25.443559170,329,vicon_state_data,ball,1,0,-0.027573314,-0.300310656,0.863997011,0.000000000,0.000000000,0.000000000,1.000000000,1,-0.822511069,-0.459857210,0.820637886,0.000000000,0.000000000,-0.039818769,0.999206918
1782472599.127914906,25.445623398,330,vicon_state_data,ball,1,0,-0.033901637,-0.301351141,0.856434766,0.000000000,0.000000000,0.000000000,1.000000000,1,-0.822512975,-0.459794953,0.820696596,0.000000000,0.000000000,-0.039445683,0.999221716
1782472599.129974127,25.447682619,331,vicon_state_data,ball,1,0,-0.040433375,-0.302240993,0.848749736,0.000000000,0.000000000,0.000000000,1.000000000,1,-0.822494383,-0.459830386,0.820658199,0.000000000,0.000000000,-0.039661359,0.999213179
1782472599.131961107,25.449669600,332,vicon_state_data,ball,1,0,-0.053563602,-0.304346450,0.833154955,0.000000000,0.000000000,0.000000000,1.000000000,1,-0.822497397,-0.459798352,0.820699545,0.000000000,0.000000000,-0.039432547,0.999222235
1782472599.134043455,25.451751947,333,vicon_state_data,ball,1,0,-0.060053813,-0.305387307,0.825119916,0.000000000,0.000000000,0.000000000,1.000000000,1,-0.822493773,-0.459840745,0.820666308,0.000000000,0.000000000,-0.039744631,0.999209870
1782472599.136085510,25.453794003,334,vicon_state_data,ball,1,0,-0.066365226,-0.306388489,0.816833337,0.000000000,0.000000000,0.000000000,1.000000000,1,-0.822497964,-0.459853119,0.820654051,0.000000000,0.000000000,-0.039733284,0.999210321
1782472599.138115168,25.455823660,335,vicon_state_data,ball,1,0,-0.072684182,-0.307353288,0.808595190,0.000000000,0.000000000,0.000000000,1.000000000,1,-0.822490261,-0.459834028,0.820661763,0.000000000,0.000000000,-0.039735803,0.999210221
1782472599.140221596,25.457930088,336,vicon_state_data,ball,1,0,-0.079010393,-0.308339198,0.800141049,0.000000000,0.000000000,0.000000000,1.000000000,1,-0.822496659,-0.459848369,0.820644659,0.000000000,0.000000000,-0.039685815,0.999212208
1782472599.142267466,25.459975958,337,vicon_state_data,ball,1,0,-0.085397334,-0.309183332,0.791644230,0.000000000,0.000000000,0.000000000,1.000000000,1,-0.822493720,-0.459848178,0.820633268,0.000000000,0.000000000,-0.039616074,0.999214975
1782472599.144283056,25.461991549,338,vicon_state_data,ball,1,0,-0.091979246,-0.309852319,0.783089169,0.000000000,0.000000000,0.000000000,1.000000000,1,-0.822496361,-0.459861149,0.820622764,0.000000000,0.000000000,-0.039605155,0.999215408
1782472599.146384954,25.464093447,339,vicon_state_data,ball,1,0,-0.099033090,-0.310058083,0.774680364,0.000000000,0.000000000,0.000000000,1.000000000,1,-0.822488637,-0.459864158,0.820617491,0.000000000,0.000000000,-0.039679212,0.999212470
1782472599.148427963,25.466136456,340,vicon_state_data,ball,1,0,-0.105550815,-0.310875377,0.766007462,0.000000000,0.000000000,0.000000000,1.000000000,1,-0.822486562,-0.459850656,0.820613293,0.000000000,0.000000000,-0.039654402,0.999213455
1782472599.150453091,25.468161583,341,vicon_state_data,ball,1,0,-0.112018661,-0.311948948,0.757084793,0.000000000,0.000000000,0.000000000,1.000000000,1,-0.822490384,-0.459884497,0.820608812,0.000000000,0.000000000,-0.039655140,0.999213426
1782472599.152529478,25.470237970,342,vicon_state_data,ball,1,0,-0.118315928,-0.313169185,0.748049687,0.000000000,0.000000000,0.000000000,1.000000000,1,-0.822490107,-0.459806822,0.820671285,0.000000000,0.000000000,-0.039255726,0.999229197
1782472599.154544592,25.472253084,343,vicon_state_data,ball,1,0,-0.124581581,-0.314411993,0.739024505,0.000000000,0.000000000,0.000000000,1.000000000,1,-0.822500796,-0.459815947,0.820686276,0.000000000,0.000000000,-0.039323414,0.999226535
1782472599.156579733,25.474288225,344,vicon_state_data,ball,1,0,-0.130293878,-0.315626936,0.730326376,0.000000000,0.000000000,0.000000000,1.000000000,1,-0.822489646,-0.459793859,0.820679962,0.000000000,0.000000000,-0.039323451,0.999226534
1782472599.158620358,25.476328850,345,vicon_state_data,ball,1,0,-0.136389883,-0.316633409,0.721153295,0.000000000,0.000000000,0.000000000,1.000000000,1,-0.822476632,-0.459854236,0.820641436,0.000000000,0.000000000,-0.039661050,0.999213191
1782472599.160672426,25.478380919,346,vicon_state_data,ball,1,0,-0.142464266,-0.317660372,0.711882666,0.000000000,0.000000000,0.000000000,1.000000000,1,-0.822483280,-0.459841307,0.820634229,0.000000000,0.000000000,-0.039642714,0.999213919
1782472599.162719727,25.480428219,347,vicon_state_data,ball,1,0,-0.148568596,-0.318675793,0.702603149,0.000000000,0.000000000,0.000000000,1.000000000,1,-0.822481690,-0.459857459,0.820650070,0.000000000,0.000000000,-0.039682658,0.999212333
1782472599.164700270,25.482408762,348,vicon_state_data,ball,1,0,-0.155746793,-0.318259366,0.692459420,0.000000000,0.000000000,0.000000000,1.000000000,1,-0.822476436,-0.459810002,0.820697890,0.000000000,0.000000000,-0.039415900,0.999222891
1782472599.166806698,25.484515190,349,vicon_state_data,ball,1,0,-0.162047141,-0.319162252,0.682751383,0.000000000,0.000000000,0.000000000,1.000000000,1,-0.822461470,-0.459825006,0.820634277,0.000000000,0.000000000,-0.039721074,0.999210807
1782472599.168873549,25.486582041,350,vicon_state_data,ball,1,0,-0.168367576,-0.320100555,0.672938115,0.000000000,0.000000000,0.000000000,1.000000000,1,-0.822466196,-0.459841126,0.820644244,0.000000000,0.000000000,-0.039768075,0.999208937
1782472599.238947868,25.556656361,351,vicon_state_data,ball,1,0,-0.174522491,-0.321105273,0.663106509,0.000000000,0.000000000,0.000000000,1.000000000,1,-0.822470254,-0.459777670,0.820698805,0.000000000,0.000000000,-0.039449353,0.999221571
1782472599.240611792,25.558320284,352,vicon_state_data,ball,1,0,-0.180575696,-0.322185032,0.653145399,0.000000000,0.000000000,0.000000000,1.000000000,1,-0.822451922,-0.459826949,0.820663698,0.000000000,0.000000000,-0.039819696,0.999206881
1782472599.242211342,25.559919834,353,vicon_state_data,ball,1,0,-0.186529407,-0.323154197,0.643126734,0.000000000,0.000000000,0.000000000,1.000000000,1,-0.822465469,-0.459816370,0.820647327,0.000000000,0.000000000,-0.039859280,0.999205303
1782472599.243755341,25.561463833,354,vicon_state_data,ball,1,0,-0.192726012,-0.324013806,0.633333639,0.000000000,0.000000000,0.000000000,1.000000000,1,-0.822453646,-0.459826064,0.820649663,0.000000000,0.000000000,-0.039846178,0.999205826
1782472599.245360851,25.563069344,355,vicon_state_data,ball,1,0,-0.197658834,-0.326244977,0.623629781,0.000000000,0.000000000,0.000000000,1.000000000,1,-0.822446062,-0.459828732,0.820631688,0.000000000,0.000000000,-0.039968871,0.999200925
1782472599.247112036,25.564820528,356,vicon_state_data,ball,1,0,-0.203374291,-0.326804817,0.612776861,0.000000000,0.000000000,0.000000000,1.000000000,1,-0.822445766,-0.459766056,0.820669077,0.000000000,0.000000000,-0.039591788,0.999215938
1782472599.248933554,25.566642046,357,vicon_state_data,ball,1,0,-0.209341014,-0.327940657,0.602457772,0.000000000,0.000000000,0.000000000,1.000000000,1,-0.822443134,-0.459831677,0.820638794,0.000000000,0.000000000,-0.039891638,0.999204012
1782472599.250597239,25.568305731,358,vicon_state_data,ball,1,0,-0.216808423,-0.327024664,0.592087498,0.000000000,0.000000000,0.000000000,1.000000000,1,-0.822444815,-0.459779834,0.820683835,0.000000000,0.000000000,-0.039486143,0.999220118
1782472599.252175570,25.569884062,359,vicon_state_data,ball,1,0,-0.223022958,-0.327849242,0.581396713,0.000000000,0.000000000,0.000000000,1.000000000,1,-0.822437858,-0.459773521,0.820676404,0.000000000,0.000000000,-0.039572331,0.999216709
1782472599.253733635,25.571442127,360,vicon_state_data,ball,1,0,-0.229075238,-0.328994233,0.570712929,0.000000000,0.000000000,0.000000000,1.000000000,1,-0.822442312,-0.459791372,0.820668315,0.000000000,0.000000000,-0.039454506,0.999221368
1782472884.670173883,310.987882376,361,vicon_state_data,ball,1,0,0.362643143,0.232994771,0.931437196,0.000000000,0.000000000,0.000000000,1.000000000,1,-0.822009441,-0.460222108,0.820631308,0.000000000,0.000000000,-0.038831801,0.999245761
1782472884.670600414,310.988308907,362,vicon_state_data,ball,1,0,0.362193488,0.239946356,0.936690530,0.000000000,0.000000000,0.000000000,1.000000000,1,-0.822027628,-0.460211975,0.820652287,0.000000000,0.000000000,-0.038875357,0.999244068
1782472884.670836926,310.988545418,363,vicon_state_data,ball,1,0,0.370483282,0.232336467,0.930190558,0.000000000,0.000000000,0.000000000,1.000000000,1,-0.822031432,-0.460212482,0.820656595,0.000000000,0.000000000,-0.038785378,0.999247564
1782472884.859689236,311.177397728,364,vicon_state_data,ball,1,0,0.344008433,0.214431279,0.916565324,0.000000000,0.000000000,0.000000000,1.000000000,1,-0.822051979,-0.460092046,0.820666338,0.000000000,0.000000000,-0.038468536,0.999259812
1782472884.860185623,311.177894115,365,vicon_state_data,ball,1,0,0.681289648,0.000878581,0.745707912,0.000000000,0.000000000,0.000000000,1.000000000,1,-0.822064987,-0.460009248,0.820637820,0.000000000,0.000000000,-0.038549721,0.999256683
1782472884.921387434,311.239095926,366,vicon_state_data,ball,1,0,0.679504096,0.000341685,0.745388464,0.000000000,0.000000000,0.000000000,1.000000000,1,-0.822101138,-0.459976637,0.820631486,0.000000000,0.000000000,-0.038455893,0.999260299
1782472884.921727419,311.239435911,367,vicon_state_data,ball,1,0,0.349738975,0.227687995,0.927117543,0.000000000,0.000000000,0.000000000,1.000000000,1,-0.822098638,-0.459970530,0.820629261,0.000000000,0.000000000,-0.038517596,0.999257922
1782472884.983978510,311.301687002,368,vicon_state_data,ball,1,0,0.378196542,0.246993630,0.941960556,0.000000000,0.000000000,0.000000000,1.000000000,1,-0.822095855,-0.459933068,0.820636668,0.000000000,0.000000000,-0.038479998,0.999259371
1782472885.046474695,311.364183187,369,vicon_state_data,ball,1,0,0.358314009,0.215279205,0.916686248,0.000000000,0.000000000,0.000000000,1.000000000,1,-0.822135828,-0.459843531,0.820667272,0.000000000,0.000000000,-0.038406656,0.999262192
1782472885.046964884,311.364673376,370,vicon_state_data,ball,1,0,0.689383311,-0.000681625,0.744530825,0.000000000,0.000000000,0.000000000,1.000000000,1,-0.822125239,-0.459823241,0.820640248,0.000000000,0.000000000,-0.038454617,0.999260348
1782472885.109187126,311.426895618,371,vicon_state_data,ball,1,0,0.362939675,0.232622016,0.930609219,0.000000000,0.000000000,0.000000000,1.000000000,1,-0.822161783,-0.459770968,0.820668953,0.000000000,0.000000000,-0.038534904,0.999257255
1782472885.109572649,311.427281141,372,vicon_state_data,ball,1,0,0.361035729,0.228133430,0.926730275,0.000000000,0.000000000,0.000000000,1.000000000,1,-0.822159784,-0.459754013,0.820632805,0.000000000,0.000000000,-0.038483953,0.999259218
1782472885.109780312,311.427488804,373,vicon_state_data,ball,1,0,0.362115755,0.231320116,0.929278431,0.000000000,0.000000000,0.000000000,1.000000000,1,-0.822163628,-0.459751789,0.820624961,0.000000000,0.000000000,-0.038525155,0.999257631
1782472885.110090017,311.427798510,374,vicon_state_data,ball,1,0,0.353521473,0.212264772,0.914428385,0.000000000,0.000000000,0.000000000,1.000000000,1,-0.822185069,-0.459740540,0.820568243,0.000000000,0.000000000,-0.038315148,0.999265705
1782472885.171166182,311.488874674,375,vicon_state_data,ball,1,0,0.351283875,0.222784470,0.923071620,0.000000000,0.000000000,0.000000000,1.000000000,1,-0.822200519,-0.459686307,0.820644342,0.000000000,0.000000000,-0.038426595,0.999261426
1782472885.171594858,311.489303350,376,vicon_state_data,ball,1,0,0.358560498,0.228601043,0.927238359,0.000000000,0.000000000,0.000000000,1.000000000,1,-0.822196642,-0.459669969,0.820617046,0.000000000,0.000000000,-0.038499817,0.999258607
1782472885.233092546,311.550801039,377,vicon_state_data,ball,1,0,0.362787298,0.231970905,0.930089424,0.000000000,0.000000000,0.000000000,1.000000000,1,-0.822264583,-0.459611463,0.820598411,0.000000000,0.000000000,-0.038214312,0.999269566
1782472885.295473814,311.613182306,378,vicon_state_data,ball,1,0,0.358658551,0.219774754,0.920317554,0.000000000,0.000000000,0.000000000,1.000000000,1,-0.822276633,-0.459529898,0.820610989,0.000000000,0.000000000,-0.038253813,0.999268055
1782472885.495297194,311.813005686,379,vicon_state_data,ball,1,0,0.372117571,0.237157521,0.933928035,0.000000000,0.000000000,0.000000000,1.000000000,1,-0.822407513,-0.459308203,0.820663922,0.000000000,0.000000000,-0.038179018,0.999270916
1782472885.495715380,311.813423872,380,vicon_state_data,ball,1,0,0.373688901,0.230952412,0.928370481,0.000000000,0.000000000,0.000000000,1.000000000,1,-0.822419436,-0.459310653,0.820636108,0.000000000,0.000000000,-0.038186194,0.999270641
1782472885.495980263,311.813688755,381,vicon_state_data,ball,1,0,0.367774546,0.236737516,0.933840874,0.000000000,0.000000000,0.000000000,1.000000000,1,-0.822417614,-0.459295064,0.820631806,0.000000000,0.000000000,-0.038172997,0.999271146
1782472885.810365438,312.128073931,382,vicon_state_data,ball,1,0,0.360005987,0.228147467,0.927085492,0.000000000,0.000000000,0.000000000,1.000000000,1,-0.822511761,-0.459195069,0.820581657,0.000000000,0.000000000,-0.037920374,0.999280764
1782472886.765329838,313.083038330,383,vicon_state_data,ball,1,0,0.367576673,0.234488992,0.932130917,0.000000000,0.000000000,0.000000000,1.000000000,1,-0.822165572,-0.460173262,0.820633658,0.000000000,0.000000000,-0.037099431,0.999311579
1782472887.564270496,313.881978989,384,vicon_state_data,ball,1,0,0.681292976,0.001159965,0.745929699,0.000000000,0.000000000,0.000000000,1.000000000,1,-0.822149936,-0.459895796,0.820688285,0.000000000,0.000000000,-0.037120407,0.999310800
1782472887.744500875,314.062209368,385,vicon_state_data,ball,1,0,0.373864652,0.251653870,0.945654440,0.000000000,0.000000000,0.000000000,1.000000000,1,-0.822212345,-0.459625358,0.820677502,0.000000000,0.000000000,-0.037500869,0.999296595
1782472887.936161280,314.253869772,386,vicon_state_data,ball,1,0,0.356975313,0.239528010,0.936472521,0.000000000,0.000000000,0.000000000,1.000000000,1,-0.822379303,-0.459387901,0.820700648,0.000000000,0.000000000,-0.037415164,0.999299808
1782472887.996276379,314.313984871,387,vicon_state_data,ball,1,0,0.632178320,-0.000700539,0.744530426,0.000000000,0.000000000,0.000000000,1.000000000,1,-0.822402176,-0.459382554,0.820603773,0.000000000,0.000000000,-0.037480950,0.999297342
1782472888.056832790,314.374541283,388,vicon_state_data,ball,1,0,0.630070272,0.000213590,0.745181376,0.000000000,0.000000000,0.000000000,1.000000000,1,-0.822450070,-0.459256562,0.820599038,0.000000000,0.000000000,-0.037659392,0.999290633
1782472888.372205257,314.689913750,389,vicon_state_data,ball,1,0,0.681142066,0.001062244,0.745867794,0.000000000,0.000000000,0.000000000,1.000000000,1,-0.822550098,-0.459283655,0.820649337,0.000000000,0.000000000,-0.037875024,0.999282484
1782472888.434019327,314.751727819,390,vicon_state_data,ball,1,0,0.681390560,0.000973198,0.745793436,0.000000000,0.000000000,0.000000000,1.000000000,1,-0.822526946,-0.459197874,0.820665355,0.000000000,0.000000000,-0.038086172,0.999274459
1782472888.624272585,314.941981077,391,vicon_state_data,ball,1,0,0.681291387,0.001029815,0.745835906,0.000000000,0.000000000,0.000000000,1.000000000,1,-0.822491220,-0.459449072,0.820645465,0.000000000,0.000000000,-0.038130119,0.999272783
1782472888.624688625,314.942397118,392,vicon_state_data,ball,1,0,0.363558736,0.245163578,0.940787414,0.000000000,0.000000000,0.000000000,1.000000000,1,-0.822492689,-0.459512337,0.820616311,0.000000000,0.000000000,-0.038671112,0.999251993
1782472888.691639662,315.009348154,393,vicon_state_data,ball,1,0,0.356843412,0.209483128,0.912610529,0.000000000,0.000000000,0.000000000,1.000000000,1,-0.822473866,-0.459433923,0.820633647,0.000000000,0.000000000,-0.038204261,0.999269951
1782472888.758075476,315.075783968,394,vicon_state_data,ball,1,0,0.690937113,-0.000319325,0.744800103,0.000000000,0.000000000,0.000000000,1.000000000,1,-0.822434078,-0.459535406,0.820603014,0.000000000,0.000000000,-0.038404364,0.999262280
1782472888.959388256,315.277096748,395,vicon_state_data,ball,1,0,0.646731777,0.002348097,0.746305704,0.000000000,0.000000000,0.000000000,1.000000000,1,-0.822366224,-0.459731988,0.820616272,0.000000000,0.000000000,-0.038589510,0.999255147
1782472889.025506020,315.343214512,396,vicon_state_data,ball,1,0,0.647429449,0.039783643,0.776429875,0.000000000,0.000000000,0.000000000,1.000000000,1,-0.822299022,-0.459844614,0.820616697,0.000000000,0.000000000,-0.038522563,0.999257731
1782472889.090976000,315.408684492,397,vicon_state_data,ball,1,0,0.680721720,0.019214868,0.760458262,0.000000000,0.000000000,0.000000000,1.000000000,1,-0.822247235,-0.459957261,0.820704520,0.000000000,0.000000000,-0.038508225,0.999258283
1782472889.222884178,315.540592670,398,vicon_state_data,ball,1,0,0.681046471,0.000904085,0.745755629,0.000000000,0.000000000,0.000000000,1.000000000,1,-0.822201327,-0.460072390,0.820662268,0.000000000,0.000000000,-0.038614542,0.999254180
1782472889.223315239,315.541023731,399,vicon_state_data,ball,1,0,0.317828549,0.234482494,0.932419610,0.000000000,0.000000000,0.000000000,1.000000000,1,-0.822176645,-0.460080446,0.820645367,0.000000000,0.000000000,-0.038781109,0.999247730
1782472889.290793419,315.608501911,400,vicon_state_data,ball,1,0,0.357854139,0.182559911,0.892680412,0.000000000,0.000000000,0.000000000,1.000000000,1,-0.822143145,-0.460137507,0.820654400,0.000000000,0.000000000,-0.038831163,0.999245786
1782472889.359185696,315.676894188,401,vicon_state_data,ball,1,0,0.317755254,0.233415757,0.931814769,0.000000000,0.000000000,0.000000000,1.000000000,1,-0.822109291,-0.460223967,0.820681130,0.000000000,0.000000000,-0.038740951,0.999249288
1782472889.359646559,315.677355051,402,vicon_state_data,ball,1,0,0.353483588,0.213322495,0.915292522,0.000000000,0.000000000,0.000000000,1.000000000,1,-0.822097603,-0.460257006,0.820685265,0.000000000,0.000000000,-0.038855312,0.999244847
1782472889.359928608,315.677637100,403,vicon_state_data,ball,1,0,0.347294680,0.216407273,0.918308594,0.000000000,0.000000000,0.000000000,1.000000000,1,-0.822094105,-0.460243838,0.820693080,0.000000000,0.000000000,-0.038776381,0.999247913
1782472889.424817085,315.742525578,404,vicon_state_data,ball,1,0,0.355966905,0.212200956,0.914191101,0.000000000,0.000000000,0.000000000,1.000000000,1,-0.822060830,-0.460248868,0.820601551,0.000000000,0.000000000,-0.039023415,0.999238296
1782472889.491110086,315.808818579,405,vicon_state_data,ball,1,0,0.356836931,0.210512212,0.912730202,0.000000000,0.000000000,0.000000000,1.000000000,1,-0.822021881,-0.460261880,0.820640105,0.000000000,0.000000000,-0.039094033,0.999235536
1782472889.491605997,315.809314489,406,vicon_state_data,ball,1,0,0.357755303,0.210568823,0.912802589,0.000000000,0.000000000,0.000000000,1.000000000,1,-0.822040422,-0.460308407,0.820647380,0.000000000,0.000000000,-0.038886824,0.999243621
1782472889.623335600,315.941044092,407,vicon_state_data,ball,1,0,0.347594218,0.216800210,0.918300534,0.000000000,0.000000000,0.000000000,1.000000000,1,-0.822024455,-0.460263962,0.820655472,0.000000000,0.000000000,-0.039046250,0.999237404
1782472889.623788834,315.941497326,408,vicon_state_data,ball,1,0,0.357369358,0.209728565,0.912063118,0.000000000,0.000000000,0.000000000,1.000000000,1,-0.822005039,-0.460236766,0.820652391,0.000000000,0.000000000,-0.039287084,0.999227965
1782472889.691282034,316.008990526,409,vicon_state_data,ball,1,0,0.351757183,0.209757906,0.912167782,0.000000000,0.000000000,0.000000000,1.000000000,1,-0.822026297,-0.460242545,0.820678309,0.000000000,0.000000000,-0.039260829,0.999228996
1782472889.691736460,316.009444952,410,vicon_state_data,ball,1,0,0.680401869,0.019079915,0.760372756,0.000000000,0.000000000,0.000000000,1.000000000,1,-0.822027262,-0.460263207,0.820693475,0.000000000,0.000000000,-0.039265413,0.999228816
1782472889.691956282,316.009664774,411,vicon_state_data,ball,1,0,0.680906872,0.091767926,0.818033464,0.000000000,0.000000000,0.000000000,1.000000000,1,-0.822033594,-0.460266061,0.820696200,0.000000000,0.000000000,-0.039405604,0.999223298
1782472889.758174181,316.075882673,412,vicon_state_data,ball,1,0,0.344876699,0.218480338,0.919671151,0.000000000,0.000000000,0.000000000,1.000000000,1,-0.822020243,-0.460245959,0.820650933,0.000000000,0.000000000,-0.039273541,0.999228497
1782472889.758599758,316.076308250,413,vicon_state_data,ball,1,0,0.344682746,0.215932639,0.917258162,0.000000000,0.000000000,0.000000000,1.000000000,1,-0.822004841,-0.460234301,0.820657499,0.000000000,0.000000000,-0.039233272,0.999230079
1782472889.758877754,316.076586246,414,vicon_state_data,ball,1,0,0.370452900,0.202894706,0.907822771,0.000000000,0.000000000,0.000000000,1.000000000,1,-0.822018021,-0.460251749,0.820670273,0.000000000,0.000000000,-0.039273229,0.999228509
1782472889.825093985,316.142802477,415,vicon_state_data,ball,1,0,0.357495799,0.211126768,0.913292853,0.000000000,0.000000000,0.000000000,1.000000000,1,-0.822013690,-0.460197748,0.820625755,0.000000000,0.000000000,-0.039174629,0.999232380
1782472889.825507164,316.143215656,416,vicon_state_data,ball,1,0,0.355585127,0.186700418,0.895547481,0.000000000,0.000000000,0.000000000,1.000000000,1,-0.822024360,-0.460190087,0.820637078,0.000000000,0.000000000,-0.039050974,0.999237220
1782472889.892014265,316.209722757,417,vicon_state_data,ball,1,0,0.346289632,0.216631150,0.918145000,0.000000000,0.000000000,0.000000000,1.000000000,1,-0.822051308,-0.460086067,0.820639616,0.000000000,0.000000000,-0.039267583,0.999228731
1782472889.892443657,316.210152149,418,vicon_state_data,ball,1,0,0.346498753,0.216318392,0.917864392,0.000000000,0.000000000,0.000000000,1.000000000,1,-0.822047251,-0.460079679,0.820630692,0.000000000,0.000000000,-0.039251852,0.999229349
1782472889.892696381,316.210404873,419,vicon_state_data,ball,1,0,0.346389368,0.214660442,0.916730187,0.000000000,0.000000000,0.000000000,1.000000000,1,-0.822047384,-0.460083100,0.820636204,0.000000000,0.000000000,-0.039252806,0.999229312
1782472890.092010975,316.409719467,420,vicon_state_data,ball,1,0,0.356277149,0.209666817,0.912003136,0.000000000,0.000000000,0.000000000,1.000000000,1,-0.822149416,-0.459940579,0.820697910,0.000000000,0.000000000,-0.039411776,0.999223054
1782472890.092459440,316.410167933,421,vicon_state_data,ball,1,0,0.345632093,0.216563594,0.918064607,0.000000000,0.000000000,0.000000000,1.000000000,1,-0.822159652,-0.459962740,0.820708085,0.000000000,0.000000000,-0.039402539,0.999223418
1782472890.092714071,316.410422564,422,vicon_state_data,ball,1,0,0.337573414,0.220011447,0.920771362,0.000000000,0.000000000,0.000000000,1.000000000,1,-0.822159317,-0.459927055,0.820701509,0.000000000,0.000000000,-0.039456046,0.999221307
1782472890.225220919,316.542929411,423,vicon_state_data,ball,1,0,0.347963266,0.215497648,0.917090575,0.000000000,0.000000000,0.000000000,1.000000000,1,-0.822202609,-0.459787123,0.820596895,0.000000000,0.000000000,-0.039873869,0.999204721
1782472890.225693226,316.543401718,424,vicon_state_data,ball,1,0,0.357856631,0.212274006,0.914265368,0.000000000,0.000000000,0.000000000,1.000000000,1,-0.822239172,-0.459733025,0.820663392,0.000000000,0.000000000,-0.039329659,0.999226290
1782472890.225963593,316.543672085,425,vicon_state_data,ball,1,0,0.353282697,0.212037879,0.914573111,0.000000000,0.000000000,0.000000000,1.000000000,1,-0.822236091,-0.459788383,0.820618474,0.000000000,0.000000000,-0.039650212,0.999213621
1782472890.292804718,316.610513210,426,vicon_state_data,ball,1,0,0.347342275,0.216962137,0.918374062,0.000000000,0.000000000,0.000000000,1.000000000,1,-0.822272254,-0.459663496,0.820676809,0.000000000,0.000000000,-0.039366348,0.999224845
1782472890.358980417,316.676688910,427,vicon_state_data,ball,1,0,1.737466634,0.035469327,0.766608763,0.000000000,0.000000000,0.000000000,1.000000000,1,-0.822280700,-0.459590474,0.820615633,0.000000000,0.000000000,-0.039624625,0.999214636
1782472890.359387875,316.677096367,428,vicon_state_data,ball,1,0,0.346197665,0.215910765,0.917488823,0.000000000,0.000000000,0.000000000,1.000000000,1,-0.822298764,-0.459572383,0.820631654,0.000000000,0.000000000,-0.039600752,0.999215583
1782472890.359607220,316.677315712,429,vicon_state_data,ball,1,0,0.346122496,0.215937459,0.917533947,0.000000000,0.000000000,0.000000000,1.000000000,1,-0.822304593,-0.459578130,0.820635818,0.000000000,0.000000000,-0.039662257,0.999213143
1782472890.425875425,316.743583918,430,vicon_state_data,ball,1,0,1.742946172,0.000173151,0.737912234,0.000000000,0.000000000,0.000000000,1.000000000,1,-0.822326846,-0.459478154,0.820623951,0.000000000,0.000000000,-0.039729053,0.999210490
1782472890.497104883,316.814813375,431,vicon_state_data,ball,1,0,1.744217787,0.000036942,0.737523462,0.000000000,0.000000000,0.000000000,1.000000000,1,-0.822390694,-0.459431106,0.820654701,0.000000000,0.000000000,-0.039767869,0.999208945
1782472890.631781101,316.949489594,432,vicon_state_data,ball,1,0,1.730549308,0.031425029,0.763369821,0.000000000,0.000000000,0.000000000,1.000000000,1,-0.822463849,-0.459269708,0.820619070,0.000000000,0.000000000,-0.039482477,0.999220263
1782472890.901708364,317.219416857,433,vicon_state_data,ball,1,0,1.745505303,-0.000306166,0.737497680,0.000000000,0.000000000,0.000000000,1.000000000,1,-0.822537373,-0.459238092,0.820657269,0.000000000,0.000000000,-0.039604073,0.999215451
1782472891.025354147,317.343062639,434,vicon_state_data,ball,1,0,0.348863665,0.177368362,0.888120698,0.000000000,0.000000000,0.000000000,1.000000000,1,-0.822489199,-0.459256582,0.820552094,0.000000000,0.000000000,-0.039833244,0.999206341
1782472891.025703907,317.343412399,435,vicon_state_data,ball,1,0,0.336006689,0.155605323,0.871147074,0.000000000,0.000000000,0.000000000,1.000000000,1,-0.822519487,-0.459354426,0.820497860,0.000000000,0.000000000,-0.040015848,0.999199045
1782472891.026005745,317.343714237,436,vicon_state_data,ball,1,0,1.794915219,-0.005892201,0.733419228,0.000000000,0.000000000,0.000000000,1.000000000,1,-0.822522118,-0.459306300,0.820558744,0.000000000,0.000000000,-0.039547471,0.999217693
1782472891.026258469,317.343966961,437,vicon_state_data,ball,1,0,0.281353540,-0.000829758,0.746730885,0.000000000,0.000000000,0.000000000,1.000000000,1,-0.822525028,-0.459300360,0.820573015,0.000000000,0.000000000,-0.039542089,0.999217906
1782472891.026461601,317.344170094,438,vicon_state_data,ball,1,0,1.749320140,-0.001685834,0.736272918,0.000000000,0.000000000,0.000000000,1.000000000,1,-0.822518178,-0.459295513,0.820569147,0.000000000,0.000000000,-0.039540386,0.999217973
1782472891.225591898,317.543300390,439,vicon_state_data,ball,1,0,0.356284352,0.210961758,0.913107575,0.000000000,0.000000000,0.000000000,1.000000000,1,-0.822440172,-0.459455865,0.820591576,0.000000000,0.000000000,-0.039759055,0.999209296
1782472891.226054192,317.543762684,440,vicon_state_data,ball,1,0,0.356151701,0.209780003,0.912038781,0.000000000,0.000000000,0.000000000,1.000000000,1,-0.822432760,-0.459433455,0.820572414,0.000000000,0.000000000,-0.039771823,0.999208788
1782472891.292370796,317.610079288,441,vicon_state_data,ball,1,0,0.345570513,0.215419684,0.917074909,0.000000000,0.000000000,0.000000000,1.000000000,1,-0.822434185,-0.459538302,0.820639851,0.000000000,0.000000000,-0.039466951,0.999220876
1782472891.292821407,317.610529900,442,vicon_state_data,ball,1,0,0.345862778,0.217468915,0.918891915,0.000000000,0.000000000,0.000000000,1.000000000,1,-0.822421297,-0.459604944,0.820643381,0.000000000,0.000000000,-0.039549419,0.999217616
1782472891.293078184,317.610786676,443,vicon_state_data,ball,1,0,0.346946585,0.216196040,0.917756587,0.000000000,0.000000000,0.000000000,1.000000000,1,-0.822425685,-0.459570669,0.820662837,0.000000000,0.000000000,-0.039485428,0.999220146
1782472891.293322325,317.611030817,444,vicon_state_data,ball,1,0,1.743111076,-0.000235169,0.737858039,0.000000000,0.000000000,0.000000000,1.000000000,1,-0.822419489,-0.459632318,0.820582627,0.000000000,0.000000000,-0.039837198,0.999206184
1782472891.293534994,317.611243486,445,vicon_state_data,ball,1,0,1.734283144,-0.017112755,0.724718044,0.000000000,0.000000000,0.000000000,1.000000000,1,-0.822420292,-0.459587189,0.820656408,0.000000000,0.000000000,-0.039423107,0.999222607
1782472891.426967621,317.744676113,446,vicon_state_data,ball,1,0,0.345491618,0.215175842,0.916846079,0.000000000,0.000000000,0.000000000,1.000000000,1,-0.822424986,-0.459722524,0.820666143,0.000000000,0.000000000,-0.039276458,0.999228382
1782472891.427417755,317.745126247,447,vicon_state_data,ball,1,0,1.736490751,-0.000507766,0.737754589,0.000000000,0.000000000,0.000000000,1.000000000,1,-0.822364903,-0.459697092,0.820675420,0.000000000,0.000000000,-0.039080044,0.999236083
1782472891.427684784,317.745393276,448,vicon_state_data,ball,1,0,0.354981163,0.212410766,0.914356537,0.000000000,0.000000000,0.000000000,1.000000000,1,-0.822358166,-0.459711470,0.820677782,0.000000000,0.000000000,-0.039056087,0.999237020
1782472891.492268085,317.809976578,449,vicon_state_data,ball,1,0,0.346590928,0.216003150,0.917490417,0.000000000,0.000000000,0.000000000,1.000000000,1,-0.822298435,-0.459725941,0.820654485,0.000000000,0.000000000,-0.039379694,0.999224319
1782472891.492752552,317.810461044,450,vicon_state_data,ball,1,0,1.774803751,0.007832199,0.745381463,0.000000000,0.000000000,0.000000000,1.000000000,1,-0.822306907,-0.459771519,0.820646743,0.000000000,0.000000000,-0.039308097,0.999227138
1782472891.493034840,317.810743332,451,vicon_state_data,ball,1,0,1.742924598,0.030918537,0.762389539,0.000000000,0.000000000,0.000000000,1.000000000,1,-0.822305553,-0.459827459,0.820663554,0.000000000,0.000000000,-0.039244459,0.999229640
1782472891.559315920,317.877024412,452,vicon_state_data,ball,1,0,1.748491618,-0.001587576,0.735896319,0.000000000,0.000000000,0.000000000,1.000000000,1,-0.822280399,-0.459914129,0.820663859,0.000000000,0.000000000,-0.039235355,0.999229997
1782472891.559756279,317.877464771,453,vicon_state_data,ball,1,0,1.749980991,-0.001634272,0.736130311,0.000000000,0.000000000,0.000000000,1.000000000,1,-0.822281822,-0.459916975,0.820674353,0.000000000,0.000000000,-0.039177867,0.999232253
1782472891.559973955,317.877682447,454,vicon_state_data,ball,1,0,1.752965080,-0.001409159,0.736007187,0.000000000,0.000000000,0.000000000,1.000000000,1,-0.822271983,-0.459913276,0.820674376,0.000000000,0.000000000,-0.039175319,0.999232353
1782472891.625716209,317.943424702,455,vicon_state_data,ball,1,0,0.280124456,-0.001259242,0.747246767,0.000000000,0.000000000,0.000000000,1.000000000,1,-0.822238326,-0.459911761,0.820675846,0.000000000,0.000000000,-0.039316921,0.999226791
1782472891.626201391,317.943909883,456,vicon_state_data,ball,1,0,0.335347041,0.220836937,0.921436408,0.000000000,0.000000000,0.000000000,1.000000000,1,-0.822251778,-0.459929679,0.820647317,0.000000000,0.000000000,-0.039243375,0.999229682
1782472891.693023920,318.010732412,457,vicon_state_data,ball,1,0,1.733258304,0.033085279,0.764587446,0.000000000,0.000000000,0.000000000,1.000000000,1,-0.822202451,-0.460012008,0.820645586,0.000000000,0.000000000,-0.039117728,0.999234609
1782472891.863058805,318.180767298,458,vicon_state_data,ball,1,0,0.297313453,0.244812310,0.940970437,0.000000000,0.000000000,0.000000000,1.000000000,1,-0.822133753,-0.460266307,0.820639367,0.000000000,0.000000000,-0.039311334,0.999227011
1782472891.926085711,318.243794203,459,vicon_state_data,ball,1,0,1.747971088,-0.001380347,0.736737670,0.000000000,0.000000000,0.000000000,1.000000000,1,-0.822080824,-0.460214094,0.820643404,0.000000000,0.000000000,-0.038996091,0.999239363
1782472891.989667892,318.307376385,460,vicon_state_data,ball,1,0,1.739338817,0.032686216,0.764354853,0.000000000,0.000000000,0.000000000,1.000000000,1,-0.822041610,-0.460282702,0.820650766,0.000000000,0.000000000,-0.038926802,0.999242065
1782472891.990108728,318.307817221,461,vicon_state_data,ball,1,0,1.737812367,0.022253612,0.755835523,0.000000000,0.000000000,0.000000000,1.000000000,1,-0.822051786,-0.460301701,0.820670391,0.000000000,0.000000000,-0.038846381,0.999245194
1782472891.990382195,318.308090687,462,vicon_state_data,ball,1,0,1.747789762,-0.001521165,0.736054316,0.000000000,0.000000000,0.000000000,1.000000000,1,-0.822038036,-0.460306215,0.820689167,0.000000000,0.000000000,-0.038905217,0.999242905
1782472892.055898666,318.373607159,463,vicon_state_data,ball,1,0,1.745990817,0.000155560,0.737975442,0.000000000,0.000000000,0.000000000,1.000000000,1,-0.822019346,-0.460341646,0.820689459,0.000000000,0.000000000,-0.038726173,0.999249860
1782472892.201679707,318.519388199,464,vicon_state_data,ball,1,0,0.347560139,0.217058216,0.918449986,0.000000000,0.000000000,0.000000000,1.000000000,1,-0.822000702,-0.460296893,0.820632095,0.000000000,0.000000000,-0.038651253,0.999252761
1782472892.264844656,318.582553148,465,vicon_state_data,ball,1,0,1.741972466,-0.001750017,0.736790902,0.000000000,0.000000000,0.000000000,1.000000000,1,-0.822006698,-0.460269475,0.820738461,0.000000000,0.000000000,-0.038510145,0.999258209
1782472892.265235662,318.582944155,466,vicon_state_data,ball,1,0,1.739702676,-0.012903057,0.727740060,0.000000000,0.000000000,0.000000000,1.000000000,1,-0.822016928,-0.460291810,0.820736524,0.000000000,0.000000000,-0.038546420,0.999256811
1782472892.265479326,318.583187819,467,vicon_state_data,ball,1,0,0.346717822,0.215733650,0.917264148,0.000000000,0.000000000,0.000000000,1.000000000,1,-0.822007155,-0.460257233,0.820675557,0.000000000,0.000000000,-0.038577062,0.999255628
1782472892.265774965,318.583483458,468,vicon_state_data,ball,1,0,1.736714407,-0.000268728,0.737950905,0.000000000,0.000000000,0.000000000,1.000000000,1,-0.822000230,-0.460267117,0.820669466,0.000000000,0.000000000,-0.038559987,0.999256287
1782472892.329222918,318.646931410,469,vicon_state_data,ball,1,0,0.350194935,0.146368612,0.862835789,0.000000000,0.000000000,0.000000000,1.000000000,1,-0.822000349,-0.460196766,0.820698978,0.000000000,0.000000000,-0.038470508,0.999259736
1782472892.329699278,318.647407770,470,vicon_state_data,ball,1,0,1.736961230,0.034941023,0.766190980,0.000000000,0.000000000,0.000000000,1.000000000,1,-0.822023662,-0.460209979,0.820632924,0.000000000,0.000000000,-0.038439704,0.999260921
1782472892.329979897,318.647688389,471,vicon_state_data,ball,1,0,1.798576205,-0.002207561,0.736138727,0.000000000,0.000000000,0.000000000,1.000000000,1,-0.822028954,-0.460215290,0.820634103,0.000000000,0.000000000,-0.038453121,0.999260405
1782472892.393123627,318.710832119,472,vicon_state_data,ball,1,0,1.743542395,-0.000798569,0.737459270,0.000000000,0.000000000,0.000000000,1.000000000,1,-0.822104011,-0.460190400,0.820665449,0.000000000,0.000000000,-0.038415072,0.999261869
1782472892.393563986,318.711272478,473,vicon_state_data,ball,1,0,0.280832590,0.000373313,0.745527999,0.000000000,0.000000000,0.000000000,1.000000000,1,-0.822055606,-0.460151245,0.820648228,0.000000000,0.000000000,-0.038384481,0.999263044
1782472892.459105730,318.776814222,474,vicon_state_data,ball,1,0,1.743027063,0.000135683,0.737823306,0.000000000,0.000000000,0.000000000,1.000000000,1,-0.822074321,-0.460120022,0.820693469,0.000000000,0.000000000,-0.038345475,0.999264542
1782472892.525722027,318.843430519,475,vicon_state_data,ball,1,0,1.766790990,0.028312546,0.760551694,0.000000000,0.000000000,0.000000000,1.000000000,1,-0.822126222,-0.460064119,0.820657078,0.000000000,0.000000000,-0.038303227,0.999266162
1782472892.592241526,318.909950018,476,vicon_state_data,ball,1,0,0.345943262,0.215934788,0.917499766,0.000000000,0.000000000,0.000000000,1.000000000,1,-0.822166998,-0.459990042,0.820591617,0.000000000,0.000000000,-0.038173093,0.999271142
1782472892.592644215,318.910352707,477,vicon_state_data,ball,1,0,0.356530465,0.165716309,0.878475811,0.000000000,0.000000000,0.000000000,1.000000000,1,-0.822157610,-0.459962254,0.820584360,0.000000000,0.000000000,-0.038074174,0.999274916
1782472892.592936277,318.910644770,478,vicon_state_data,ball,1,0,0.351213817,0.158638350,0.872829835,0.000000000,0.000000000,0.000000000,1.000000000,1,-0.822179457,-0.459999114,0.820555552,0.000000000,0.000000000,-0.038436825,0.999261032
1782472892.659438133,318.977146626,479,vicon_state_data,ball,1,0,0.357539241,0.210273211,0.912542531,0.000000000,0.000000000,0.000000000,1.000000000,1,-0.822207203,-0.459818521,0.820647659,0.000000000,0.000000000,-0.038100815,0.999273900
1782472892.659935236,318.977643728,480,vicon_state_data,ball,1,0,1.735650421,0.031546982,0.763336189,0.000000000,0.000000000,0.000000000,1.000000000,1,-0.822216768,-0.459821145,0.820693671,0.000000000,0.000000000,-0.037979592,0.999278515
1782472892.660205603,318.977914095,481,vicon_state_data,ball,1,0,1.743911846,0.039100095,0.769382733,0.000000000,0.000000000,0.000000000,1.000000000,1,-0.822207822,-0.459847784,0.820691091,0.000000000,0.000000000,-0.038001307,0.999277689
1782472892.726816654,319.044525146,482,vicon_state_data,ball,1,0,1.738349068,0.023868559,0.757048221,0.000000000,0.000000000,0.000000000,1.000000000,1,-0.822252326,-0.459760580,0.820677489,0.000000000,0.000000000,-0.038057412,0.999275554
1782472892.727263451,319.044971943,483,vicon_state_data,ball,1,0,1.724751742,0.030457072,0.762019906,0.000000000,0.000000000,0.000000000,1.000000000,1,-0.822231865,-0.459760678,0.820645589,0.000000000,0.000000000,-0.038211071,0.999269690
1782472892.727492332,319.045200825,484,vicon_state_data,ball,1,0,1.713839145,0.058309932,0.784184439,0.000000000,0.000000000,0.000000000,1.000000000,1,-0.822230648,-0.459780881,0.820637158,0.000000000,0.000000000,-0.038138624,0.999272458
1782472892.867614508,319.185323000,485,vicon_state_data,ball,1,0,0.315602187,0.216889225,0.918716081,0.000000000,0.000000000,0.000000000,1.000000000,1,-0.822293221,-0.459677319,0.820592644,0.000000000,0.000000000,-0.038073910,0.999274926
1782472892.868099928,319.185808420,486,vicon_state_data,ball,1,0,0.355451469,0.209095438,0.911564356,0.000000000,0.000000000,0.000000000,1.000000000,1,-0.822301090,-0.459633288,0.820611208,0.000000000,0.000000000,-0.037968814,0.999278925
1782472892.868413925,319.186122417,487,vicon_state_data,ball,1,0,0.346832904,0.217538071,0.918929919,0.000000000,0.000000000,0.000000000,1.000000000,1,-0.822307754,-0.459599848,0.820614232,0.000000000,0.000000000,-0.038117968,0.999273246
1782472892.931226015,319.248934507,488,vicon_state_data,ball,1,0,1.743218061,-0.000431598,0.737740587,0.000000000,0.000000000,0.000000000,1.000000000,1,-0.822328157,-0.459554096,0.820614815,0.000000000,0.000000000,-0.037835842,0.999283968
1782472892.931637764,319.249346256,489,vicon_state_data,ball,1,0,0.346240049,0.216203551,0.917751608,0.000000000,0.000000000,0.000000000,1.000000000,1,-0.822346543,-0.459541408,0.820615404,0.000000000,0.000000000,-0.037905338,0.999281334
1782472892.931854248,319.249562740,490,vicon_state_data,ball,1,0,1.737938524,-0.001194598,0.737041473,0.000000000,0.000000000,0.000000000,1.000000000,1,-0.822347535,-0.459528982,0.820607245,0.000000000,0.000000000,-0.037849066,0.999283467
1782472892.994910479,319.312618971,491,vicon_state_data,ball,1,0,1.789796434,0.009335653,0.745937566,0.000000000,0.000000000,0.000000000,1.000000000,1,-0.822366050,-0.459574919,0.820542374,0.000000000,0.000000000,-0.038462919,0.999260028
1782472893.061408520,319.379117012,492,vicon_state_data,ball,1,0,0.340107673,0.193083497,0.899203723,0.000000000,0.000000000,0.000000000,1.000000000,1,-0.822452755,-0.459359214,0.820609406,0.000000000,0.000000000,-0.037768516,0.999286515
1782472893.128191710,319.445900202,493,vicon_state_data,ball,1,0,1.735766771,-0.000826644,0.737860149,0.000000000,0.000000000,0.000000000,1.000000000,1,-0.822478512,-0.459310848,0.820656415,0.000000000,0.000000000,-0.037720382,0.999288333
1782472893.207105875,319.524814367,494,vicon_state_data,ball,1,0,0.348773374,0.215382521,0.916932916,0.000000000,0.000000000,0.000000000,1.000000000,1,-0.822486235,-0.459251900,0.820600052,0.000000000,0.000000000,-0.037809593,0.999284962
1782472893.207607746,319.525316238,495,vicon_state_data,ball,1,0,0.352183698,0.176262472,0.887105638,0.000000000,0.000000000,0.000000000,1.000000000,1,-0.822489468,-0.459268660,0.820593646,0.000000000,0.000000000,-0.037876868,0.999282414
1782472893.207834721,319.525543213,496,vicon_state_data,ball,1,0,0.353380928,0.236774164,0.934204692,0.000000000,0.000000000,0.000000000,1.000000000,1,-0.822485051,-0.459240683,0.820599888,0.000000000,0.000000000,-0.037840314,0.999283799
1782472893.208131552,319.525840044,497,vicon_state_data,ball,1,0,0.358257716,0.165733287,0.878397613,0.000000000,0.000000000,0.000000000,1.000000000,1,-0.822488277,-0.459264311,0.820601032,0.000000000,0.000000000,-0.037859167,0.999283085
1782472893.272375584,319.590084076,498,vicon_state_data,ball,1,0,1.746168380,-0.000705006,0.737266874,0.000000000,0.000000000,0.000000000,1.000000000,1,-0.822512979,-0.459284909,0.820595442,0.000000000,0.000000000,-0.037682160,0.999289775
1782472893.272856236,319.590564728,499,vicon_state_data,ball,1,0,1.744101557,0.003562552,0.740578432,0.000000000,0.000000000,0.000000000,1.000000000,1,-0.822523682,-0.459296296,0.820593603,0.000000000,0.000000000,-0.037707644,0.999288814
1782472893.273164272,319.590872765,500,vicon_state_data,ball,1,0,0.351595970,0.168894059,0.881411930,0.000000000,0.000000000,0.000000000,1.000000000,1,-0.822529455,-0.459296022,0.820593888,0.000000000,0.000000000,-0.037675273,0.999290035
1782472893.336184025,319.653892517,501,vicon_state_data,ball,1,0,0.351931116,0.175792370,0.886723888,0.000000000,0.000000000,0.000000000,1.000000000,1,-0.822530343,-0.459295032,0.820619912,0.000000000,0.000000000,-0.037720486,0.999288329
1782472893.336661100,319.654369593,502,vicon_state_data,ball,1,0,1.746516135,-0.001660857,0.736045756,0.000000000,0.000000000,0.000000000,1.000000000,1,-0.822532525,-0.459276253,0.820627789,0.000000000,0.000000000,-0.037665697,0.999290396
1782472893.336967468,319.654675961,503,vicon_state_data,ball,1,0,0.346231022,0.216428646,0.917964619,0.000000000,0.000000000,0.000000000,1.000000000,1,-0.822562468,-0.459328294,0.820584046,0.000000000,0.000000000,-0.038003028,0.999277624
1782472893.337211132,319.654919624,504,vicon_state_data,ball,1,0,0.305766848,0.171339323,0.881754412,0.000000000,0.000000000,0.000000000,1.000000000,1,-0.822529534,-0.459207278,0.820623190,0.000000000,0.000000000,-0.037488015,0.999297077
1782472893.463172674,319.780881166,505,vicon_state_data,ball,1,0,1.742325833,-0.000281583,0.737277699,0.000000000,0.000000000,0.000000000,1.000000000,1,-0.822550040,-0.459243892,0.820589671,0.000000000,0.000000000,-0.037542950,0.999295015
1782472893.463857174,319.781565666,506,vicon_state_data,ball,1,0,1.738671118,-0.001395952,0.737401726,0.000000000,0.000000000,0.000000000,1.000000000,1,-0.822546448,-0.459227958,0.820585851,0.000000000,0.000000000,-0.037522618,0.999295779
1782472893.464344740,319.782053232,507,vicon_state_data,ball,1,0,0.356426096,0.164043581,0.876970904,0.000000000,0.000000000,0.000000000,1.000000000,1,-0.822543744,-0.459241729,0.820587670,0.000000000,0.000000000,-0.037560842,0.999294343
1782472893.533274412,319.850982904,508,vicon_state_data,ball,1,0,0.345157632,0.216344302,0.917913944,0.000000000,0.000000000,0.000000000,1.000000000,1,-0.822553609,-0.459259708,0.820622529,0.000000000,0.000000000,-0.037699466,0.999289122
1782472893.534117222,319.851825714,509,vicon_state_data,ball,1,0,1.742595286,-0.000220522,0.737718159,0.000000000,0.000000000,0.000000000,1.000000000,1,-0.822547083,-0.459261556,0.820609600,0.000000000,0.000000000,-0.037600984,0.999292833
1782472893.534628153,319.852336645,510,vicon_state_data,ball,1,0,1.739853782,0.021770244,0.755328457,0.000000000,0.000000000,0.000000000,1.000000000,1,-0.822543197,-0.459279103,0.820615669,0.000000000,0.000000000,-0.037490381,0.999296989
1782472893.678755999,319.996464491,511,vicon_state_data,ball,1,0,0.355469115,0.164363814,0.877287586,0.000000000,0.000000000,0.000000000,1.000000000,1,-0.822502646,-0.459340373,0.820609354,0.000000000,0.000000000,-0.037416056,0.999299774
1782472893.679306507,319.997014999,512,vicon_state_data,ball,1,0,1.785463656,0.000481783,0.738946950,0.000000000,0.000000000,0.000000000,1.000000000,1,-0.822488937,-0.459365862,0.820576809,0.000000000,0.000000000,-0.037532054,0.999295424
1782472893.679537773,319.997246265,513,vicon_state_data,ball,1,0,1.793779499,-0.006937746,0.732499843,0.000000000,0.000000000,0.000000000,1.000000000,1,-0.822494207,-0.459412927,0.820516895,0.000000000,0.000000000,-0.037876885,0.999282413
1782472893.679743052,319.997451544,514,vicon_state_data,ball,1,0,1.793097947,-0.014816292,0.726565490,0.000000000,0.000000000,0.000000000,1.000000000,1,-0.822483865,-0.459350074,0.820576607,0.000000000,0.000000000,-0.037395919,0.999300528
1782472893.746103764,320.063812256,515,vicon_state_data,ball,1,0,0.348246804,0.173324893,0.884871434,0.000000000,0.000000000,0.000000000,1.000000000,1,-0.822482906,-0.459441112,0.820594799,0.000000000,0.000000000,-0.037423177,0.999299508
1782472893.950723648,320.268432140,516,vicon_state_data,ball,1,0,0.346690205,0.215980118,0.917587380,0.000000000,0.000000000,0.000000000,1.000000000,1,-0.822371470,-0.459613729,0.820587952,0.000000000,0.000000000,-0.037202074,0.999307763
1782472893.951247692,320.268956184,517,vicon_state_data,ball,1,0,0.309382738,0.171009979,0.881296892,0.000000000,0.000000000,0.000000000,1.000000000,1,-0.822365686,-0.459623241,0.820572655,0.000000000,0.000000000,-0.037233025,0.999306611
1782472894.129038572,320.446747065,518,vicon_state_data,ball,1,0,0.356395315,0.211964332,0.913978167,0.000000000,0.000000000,0.000000000,1.000000000,1,-0.822279524,-0.459829234,0.820643501,0.000000000,0.000000000,-0.036956794,0.999316864
1782472894.129992008,320.447700500,519,vicon_state_data,ball,1,0,1.742524080,-0.000129260,0.737413714,0.000000000,0.000000000,0.000000000,1.000000000,1,-0.822296581,-0.459898293,0.820635838,0.000000000,0.000000000,-0.036797239,0.999322752
1782472894.130490065,320.448198557,520,vicon_state_data,ball,1,0,0.348899314,0.175515364,0.886815878,0.000000000,0.000000000,0.000000000,1.000000000,1,-0.822301362,-0.459918986,0.820667556,0.000000000,0.000000000,-0.036850281,0.999320798
1782472894.201475143,320.519183636,521,vicon_state_data,ball,1,0,1.736903538,-0.000382716,0.738142634,0.000000000,0.000000000,0.000000000,1.000000000,1,-0.822219465,-0.459916530,0.820648904,0.000000000,0.000000000,-0.037137020,0.999310183
1782472894.201907873,320.519616365,522,vicon_state_data,ball,1,0,1.712299662,-0.069842286,0.682859940,0.000000000,0.000000000,0.000000000,1.000000000,1,-0.822227639,-0.459956331,0.820655277,0.000000000,0.000000000,-0.037058343,0.999313104
1782472894.202209949,320.519918442,523,vicon_state_data,ball,1,0,1.744347442,0.009511562,0.745314331,0.000000000,0.000000000,0.000000000,1.000000000,1,-0.822213374,-0.459963249,0.820706046,0.000000000,0.000000000,-0.037035603,0.999313947
1782472894.202471018,320.520179510,524,vicon_state_data,ball,1,0,1.717712035,0.049319255,0.775959025,0.000000000,0.000000000,0.000000000,1.000000000,1,-0.822207902,-0.459995698,0.820694540,0.000000000,0.000000000,-0.037208739,0.999307515
1782472894.220830441,320.538538933,525,vicon_state_data,ball,1,0,1.734170911,0.034335915,0.765699133,0.000000000,0.000000000,0.000000000,1.000000000,1,-0.822161156,-0.460015675,0.820631223,0.000000000,0.000000000,-0.037148194,0.999309768
1782472894.347048759,320.664757252,526,vicon_state_data,ball,1,0,1.740139681,-0.001806677,0.736615584,0.000000000,0.000000000,0.000000000,1.000000000,1,-0.822147341,-0.460050708,0.820660334,0.000000000,0.000000000,-0.036987139,0.999315742
1782472894.347579479,320.665287971,527,vicon_state_data,ball,1,0,1.717712091,-0.081487646,0.673260302,0.000000000,0.000000000,0.000000000,1.000000000,1,-0.822147663,-0.460066733,0.820638375,0.000000000,0.000000000,-0.037098271,0.999311622
1782472894.347862720,320.665571213,528,vicon_state_data,ball,1,0,0.353075240,0.211426476,0.913620272,0.000000000,0.000000000,0.000000000,1.000000000,1,-0.822157329,-0.460063358,0.820635755,0.000000000,0.000000000,-0.036969522,0.999316394
1782472894.413315773,320.731024265,529,vicon_state_data,ball,1,0,0.346247800,0.217088876,0.918366195,0.000000000,0.000000000,0.000000000,1.000000000,1,-0.822082304,-0.460197833,0.820641466,0.000000000,0.000000000,-0.037006973,0.999315007
1782472894.481820345,320.799528837,530,vicon_state_data,ball,1,0,1.744564213,0.000210374,0.737989307,0.000000000,0.000000000,0.000000000,1.000000000,1,-0.822072902,-0.460217635,0.820672152,0.000000000,0.000000000,-0.037116435,0.999310948
1782472894.482339144,320.800047636,531,vicon_state_data,ball,1,0,1.744373756,0.004167058,0.741042463,0.000000000,0.000000000,0.000000000,1.000000000,1,-0.822072588,-0.460205909,0.820647198,0.000000000,0.000000000,-0.037088177,0.999311997
1782472894.561579227,320.879287720,532,vicon_state_data,ball,1,0,1.810456942,-0.022121534,0.719278467,0.000000000,0.000000000,0.000000000,1.000000000,1,-0.822044627,-0.460232499,0.820635381,0.000000000,0.000000000,-0.037120043,0.999310814
1782472894.562078953,320.879787445,533,vicon_state_data,ball,1,0,0.358565481,0.211593102,0.913703204,0.000000000,0.000000000,0.000000000,1.000000000,1,-0.822029348,-0.460287703,0.820691409,0.000000000,0.000000000,-0.037149423,0.999309722
1782472894.562325239,320.880033731,534,vicon_state_data,ball,1,0,0.361980251,0.231863326,0.929730167,0.000000000,0.000000000,0.000000000,1.000000000,1,-0.822036880,-0.460302354,0.820650317,0.000000000,0.000000000,-0.037216953,0.999307209
1782472894.562535763,320.880244255,535,vicon_state_data,ball,1,0,0.367207856,0.257288263,0.950274562,0.000000000,0.000000000,0.000000000,1.000000000,1,-0.822034057,-0.460244728,0.820676661,0.000000000,0.000000000,-0.037182626,0.999308487
1782472894.562816858,320.880525351,536,vicon_state_data,ball,1,0,0.371191629,0.199842884,0.905213030,0.000000000,0.000000000,0.000000000,1.000000000,1,-0.822031335,-0.460282473,0.820627494,0.000000000,0.000000000,-0.037294190,0.999304330
1782472894.628719807,320.946428299,537,vicon_state_data,ball,1,0,1.736686464,0.019846297,0.753885345,0.000000000,0.000000000,0.000000000,1.000000000,1,-0.822014871,-0.460273426,0.820664421,0.000000000,0.000000000,-0.037216235,0.999307236
1782472894.629218578,320.946927071,538,vicon_state_data,ball,1,0,1.764829104,0.028892374,0.760592544,0.000000000,0.000000000,0.000000000,1.000000000,1,-0.822018928,-0.460259461,0.820643428,0.000000000,0.000000000,-0.037268683,0.999305281
1782472894.629507780,320.947216272,539,vicon_state_data,ball,1,0,1.745020227,-0.014504598,0.726144656,0.000000000,0.000000000,0.000000000,1.000000000,1,-0.822025188,-0.460290743,0.820616559,0.000000000,0.000000000,-0.037372245,0.999301414
1782472894.629784107,320.947492599,540,vicon_state_data,ball,1,0,1.735792099,0.000284090,0.738515162,0.000000000,0.000000000,0.000000000,1.000000000,1,-0.822037328,-0.460300711,0.820607956,0.000000000,0.000000000,-0.037283011,0.999304747
1782472894.695474148,321.013182640,541,vicon_state_data,ball,1,0,0.345382925,0.216561328,0.918101999,0.000000000,0.000000000,0.000000000,1.000000000,1,-0.822025575,-0.460271779,0.820639561,0.000000000,0.000000000,-0.037292717,0.999304385
1782472894.757937193,321.075645685,542,vicon_state_data,ball,1,0,0.350816205,0.175770012,0.886738710,0.000000000,0.000000000,0.000000000,1.000000000,1,-0.821989693,-0.460355706,0.820681549,0.000000000,0.000000000,-0.037614634,0.999292319
1782472894.758361101,321.076069593,543,vicon_state_data,ball,1,0,0.342485689,0.187336400,0.895483728,0.000000000,0.000000000,0.000000000,1.000000000,1,-0.822017409,-0.460296132,0.820682297,0.000000000,0.000000000,-0.037222717,0.999306995
1782472894.758625984,321.076334476,544,vicon_state_data,ball,1,0,1.757658113,-0.054880945,0.695772035,0.000000000,0.000000000,0.000000000,1.000000000,1,-0.822000195,-0.460292187,0.820706208,0.000000000,0.000000000,-0.037282120,0.999304780
1782472894.758867264,321.076575756,545,vicon_state_data,ball,1,0,1.791893118,0.006538738,0.743710576,0.000000000,0.000000000,0.000000000,1.000000000,1,-0.822013526,-0.460309883,0.820705291,0.000000000,0.000000000,-0.037265664,0.999305394
1782472894.759141207,321.076849699,546,vicon_state_data,ball,1,0,1.732793351,0.029950014,0.762098265,0.000000000,0.000000000,0.000000000,1.000000000,1,-0.822021315,-0.460263712,0.820625767,0.000000000,0.000000000,-0.037262590,0.999305509
1782472894.821358442,321.139066935,547,vicon_state_data,ball,1,0,1.735613313,0.030927821,0.762796837,0.000000000,0.000000000,0.000000000,1.000000000,1,-0.822022450,-0.460294592,0.820621556,0.000000000,0.000000000,-0.037223227,0.999306976
1782472894.821810961,321.139519453,548,vicon_state_data,ball,1,0,1.739213304,0.001762253,0.739443415,0.000000000,0.000000000,0.000000000,1.000000000,1,-0.822017031,-0.460279312,0.820644284,0.000000000,0.000000000,-0.037315017,0.999303552
1782472894.822076321,321.139784813,549,vicon_state_data,ball,1,0,1.734558646,-0.016501313,0.725187685,0.000000000,0.000000000,0.000000000,1.000000000,1,-0.822031169,-0.460293551,0.820637997,0.000000000,0.000000000,-0.037297948,0.999304189
1782472894.947522640,321.265231133,550,vicon_state_data,ball,1,0,1.744890130,-0.000874061,0.737229982,0.000000000,0.000000000,0.000000000,1.000000000,1,-0.822067759,-0.460182821,0.820635331,0.000000000,0.000000000,-0.037129050,0.999310479
1782472894.948023319,321.265731812,551,vicon_state_data,ball,1,0,1.750062583,-0.013341555,0.726766579,0.000000000,0.000000000,0.000000000,1.000000000,1,-0.822055859,-0.460128328,0.820639854,0.000000000,0.000000000,-0.037204890,0.999307658
1782472895.012049198,321.329757690,552,vicon_state_data,ball,1,0,0.357240014,0.210611433,0.912835856,0.000000000,0.000000000,0.000000000,1.000000000,1,-0.822090549,-0.460106948,0.820668957,0.000000000,0.000000000,-0.037218478,0.999307152
1782472895.012582541,321.330291033,553,vicon_state_data,ball,1,0,1.743377914,-0.000060701,0.737946557,0.000000000,0.000000000,0.000000000,1.000000000,1,-0.822078449,-0.460049880,0.820612261,0.000000000,0.000000000,-0.037327505,0.999303086
1782472895.079113722,321.396822214,554,vicon_state_data,ball,1,0,1.744809632,0.000233697,0.738044480,0.000000000,0.000000000,0.000000000,1.000000000,1,-0.822121031,-0.460048749,0.820642772,0.000000000,0.000000000,-0.037302955,0.999304003
1782472895.079600573,321.397309065,555,vicon_state_data,ball,1,0,1.744184690,0.000158156,0.737929860,0.000000000,0.000000000,0.000000000,1.000000000,1,-0.822137374,-0.460002351,0.820617587,0.000000000,0.000000000,-0.037301181,0.999304069
1782472895.144885063,321.462593555,556,vicon_state_data,ball,1,0,1.741097252,0.017346284,0.751681386,0.000000000,0.000000000,0.000000000,1.000000000,1,-0.822163918,-0.460011732,0.820640779,0.000000000,0.000000000,-0.037615099,0.999292302
1782472895.145375252,321.463083744,557,vicon_state_data,ball,1,0,1.737257313,-0.001071413,0.737362458,0.000000000,0.000000000,0.000000000,1.000000000,1,-0.822172135,-0.459945929,0.820624220,0.000000000,0.000000000,-0.037255061,0.999305789
1782472895.210948706,321.528657198,558,vicon_state_data,ball,1,0,1.735084137,0.021677145,0.754960400,0.000000000,0.000000000,0.000000000,1.000000000,1,-0.822198428,-0.459904654,0.820653964,0.000000000,0.000000000,-0.037269321,0.999305258
1782472895.211470127,321.529178619,559,vicon_state_data,ball,1,0,1.788166469,-0.004775392,0.734861033,0.000000000,0.000000000,0.000000000,1.000000000,1,-0.822204337,-0.459918635,0.820680394,0.000000000,0.000000000,-0.037316458,0.999303498
1782472895.211749315,321.529457808,560,vicon_state_data,ball,1,0,1.795692169,0.008381845,0.745075588,0.000000000,0.000000000,0.000000000,1.000000000,1,-0.822195686,-0.459862384,0.820660560,0.000000000,0.000000000,-0.037417110,0.999299735
1782472895.211990356,321.529698849,561,vicon_state_data,ball,1,0,1.735997967,0.023417167,0.756746350,0.000000000,0.000000000,0.000000000,1.000000000,1,-0.822199078,-0.459837926,0.820654019,0.000000000,0.000000000,-0.037346084,0.999302392
1782472895.335004091,321.652712584,562,vicon_state_data,ball,1,0,1.775940342,0.010489843,0.747531840,0.000000000,0.000000000,0.000000000,1.000000000,1,-0.822266421,-0.459719406,0.820624583,0.000000000,0.000000000,-0.037605273,0.999292672
1782472895.335480690,321.653189182,563,vicon_state_data,ball,1,0,1.761730220,0.036249645,0.766594322,0.000000000,0.000000000,0.000000000,1.000000000,1,-0.822262128,-0.459701296,0.820617909,0.000000000,0.000000000,-0.037566936,0.999294114
1782472895.335755110,321.653463602,564,vicon_state_data,ball,1,0,0.358497175,0.184011142,0.893424392,0.000000000,0.000000000,0.000000000,1.000000000,1,-0.822268586,-0.459690043,0.820608786,0.000000000,0.000000000,-0.037609695,0.999292505
1782472895.397837162,321.715545654,565,vicon_state_data,ball,1,0,0.280759554,-0.000437154,0.746118537,0.000000000,0.000000000,0.000000000,1.000000000,1,-0.822291474,-0.459649488,0.820596568,0.000000000,0.000000000,-0.037615462,0.999292288
1782472895.462527514,321.780236006,566,vicon_state_data,ball,1,0,0.317086213,0.209781226,0.913014636,0.000000000,0.000000000,0.000000000,1.000000000,1,-0.822354093,-0.459591634,0.820623047,0.000000000,0.000000000,-0.037741509,0.999287535
1782472895.462910175,321.780618668,567,vicon_state_data,ball,1,0,1.805171402,-0.001754065,0.735481750,0.000000000,0.000000000,0.000000000,1.000000000,1,-0.822352839,-0.459553352,0.820634518,0.000000000,0.000000000,-0.037719559,0.999288364
1782472895.585970163,321.903678656,568,vicon_state_data,ball,1,0,1.806362661,-0.000538304,0.736064307,0.000000000,0.000000000,0.000000000,1.000000000,1,-0.822455174,-0.459408655,0.820600019,0.000000000,0.000000000,-0.037706690,0.999288850
1782472895.586498737,321.904207230,569,vicon_state_data,ball,1,0,1.779096449,0.017010605,0.752445156,0.000000000,0.000000000,0.000000000,1.000000000,1,-0.822446656,-0.459384112,0.820595211,0.000000000,0.000000000,-0.037712364,0.999288636
1782472895.648628950,321.966337442,570,vicon_state_data,ball,1,0,1.743278405,0.014995877,0.749823945,0.000000000,0.000000000,0.000000000,1.000000000,1,-0.822467467,-0.459366458,0.820555088,0.000000000,0.000000000,-0.037856208,0.999283197
1782472895.649087906,321.966796398,571,vicon_state_data,ball,1,0,0.352230688,0.171155693,0.882890813,0.000000000,0.000000000,0.000000000,1.000000000,1,-0.822512108,-0.459407991,0.820651533,0.000000000,0.000000000,-0.037968551,0.999278935
1782472895.649385929,321.967094421,572,vicon_state_data,ball,1,0,1.795974271,-0.003764963,0.735332426,0.000000000,0.000000000,0.000000000,1.000000000,1,-0.822476699,-0.459339482,0.820598364,0.000000000,0.000000000,-0.037771672,0.999286396
1782472895.712222815,322.029931307,573,vicon_state_data,ball,1,0,1.752408099,-0.000951460,0.736418976,0.000000000,0.000000000,0.000000000,1.000000000,1,-0.822490119,-0.459320040,0.820594464,0.000000000,0.000000000,-0.037857428,0.999283151
1782472895.712671995,322.030380487,574,vicon_state_data,ball,1,0,0.268271458,0.240669296,0.936530082,0.000000000,0.000000000,0.000000000,1.000000000,1,-0.822498005,-0.459292849,0.820566852,0.000000000,0.000000000,-0.037926574,0.999280529
1782472895.775127888,322.092836380,575,vicon_state_data,ball,1,0,1.789066245,0.000749174,0.738733877,0.000000000,0.000000000,0.000000000,1.000000000,1,-0.822516347,-0.459264642,0.820611162,0.000000000,0.000000000,-0.038119269,0.999273197
1782472895.775613546,322.093322039,576,vicon_state_data,ball,1,0,0.280914273,-0.000965005,0.746907181,0.000000000,0.000000000,0.000000000,1.000000000,1,-0.822530680,-0.459242083,0.820584491,0.000000000,0.000000000,-0.038135874,0.999272563
1782472895.775898933,322.093607426,577,vicon_state_data,ball,1,0,1.737889142,0.023690426,0.756897986,0.000000000,0.000000000,0.000000000,1.000000000,1,-0.822538367,-0.459253506,0.820588394,0.000000000,0.000000000,-0.038024227,0.999276818
1782472895.776141644,322.093850136,578,vicon_state_data,ball,1,0,1.739254302,-0.007196703,0.732308224,0.000000000,0.000000000,0.000000000,1.000000000,1,-0.822539661,-0.459251122,0.820586089,0.000000000,0.000000000,-0.038054819,0.999275653
1782472895.851081371,322.168789864,579,vicon_state_data,ball,1,0,1.737408528,-0.001866994,0.736809321,0.000000000,0.000000000,0.000000000,1.000000000,1,-0.822539675,-0.459262544,0.820583475,0.000000000,0.000000000,-0.038089506,0.999274331
1782472895.851554871,322.169263363,580,vicon_state_data,ball,1,0,1.814246107,-0.001857441,0.734739483,0.000000000,0.000000000,0.000000000,1.000000000,1,-0.822552756,-0.459247204,0.820574446,0.000000000,0.000000000,-0.038050421,0.999275821
1782472895.851852655,322.169561148,581,vicon_state_data,ball,1,0,1.734657411,0.016893921,0.751674194,0.000000000,0.000000000,0.000000000,1.000000000,1,-0.822549715,-0.459215577,0.820598184,0.000000000,0.000000000,-0.038070254,0.999275065
1782472895.914291620,322.232000113,582,vicon_state_data,ball,1,0,0.359359501,0.184075313,0.893612542,0.000000000,0.000000000,0.000000000,1.000000000,1,-0.822568800,-0.459250476,0.820590023,0.000000000,0.000000000,-0.038143851,0.999272259
1782472895.914708853,322.232417345,583,vicon_state_data,ball,1,0,0.680091587,-0.001537990,0.745591606,0.000000000,0.000000000,0.000000000,1.000000000,1,-0.822561909,-0.459231668,0.820612913,0.000000000,0.000000000,-0.038050266,0.999275826
1782472895.979924917,322.297633410,584,vicon_state_data,ball,1,0,1.815437031,-0.003404989,0.735259251,0.000000000,0.000000000,0.000000000,1.000000000,1,-0.822552323,-0.459234990,0.820582610,0.000000000,0.000000000,-0.038164733,0.999271461
1782472895.980393887,322.298102379,585,vicon_state_data,ball,1,0,1.795412302,0.005136050,0.742181875,0.000000000,0.000000000,0.000000000,1.000000000,1,-0.822555323,-0.459239944,0.820567196,0.000000000,0.000000000,-0.038294581,0.999266494
1782472896.046734810,322.364443302,586,vicon_state_data,ball,1,0,1.585195475,0.179694744,0.881239016,0.000000000,0.000000000,0.000000000,1.000000000,1,-0.822549264,-0.459226813,0.820603529,0.000000000,0.000000000,-0.038343153,0.999264631
1782472896.113309860,322.431018353,587,vicon_state_data,ball,1,0,0.371258358,0.181863535,0.891936942,0.000000000,0.000000000,0.000000000,1.000000000,1,-0.822556735,-0.459199547,0.820608051,0.000000000,0.000000000,-0.038222422,0.999269256
1782472896.113776207,322.431484699,588,vicon_state_data,ball,1,0,1.734127438,0.041708828,0.771617690,0.000000000,0.000000000,0.000000000,1.000000000,1,-0.822561528,-0.459220178,0.820607885,0.000000000,0.000000000,-0.038312122,0.999265821
1782472896.114031792,322.431740284,589,vicon_state_data,ball,1,0,0.680381490,-0.002051400,0.745101793,0.000000000,0.000000000,0.000000000,1.000000000,1,-0.822558111,-0.459261911,0.820624982,0.000000000,0.000000000,-0.038338622,0.999264805
1782472896.114252329,322.431960821,590,vicon_state_data,ball,1,0,0.313372815,0.211212262,0.914186127,0.000000000,0.000000000,0.000000000,1.000000000,1,-0.822546581,-0.459260495,0.820620956,0.000000000,0.000000000,-0.038309397,0.999265926
1782472896.180225611,322.497934103,591,vicon_state_data,ball,1,0,1.792165581,0.002382004,0.740308902,0.000000000,0.000000000,0.000000000,1.000000000,1,-0.822550392,-0.459321170,0.820603504,0.000000000,0.000000000,-0.038294644,0.999266491
1782472896.180697441,322.498405933,592,vicon_state_data,ball,1,0,0.353520054,0.159694854,0.873509216,0.000000000,0.000000000,0.000000000,1.000000000,1,-0.822533467,-0.459316157,0.820581189,0.000000000,0.000000000,-0.038402245,0.999262362
1782472896.180963993,322.498672485,593,vicon_state_data,ball,1,0,0.353923000,0.160594882,0.874286752,0.000000000,0.000000000,0.000000000,1.000000000,1,-0.822538620,-0.459307623,0.820569863,0.000000000,0.000000000,-0.038359391,0.999264008
1782472896.181214094,322.498922586,594,vicon_state_data,ball,1,0,0.351683254,0.157010196,0.871481652,0.000000000,0.000000000,0.000000000,1.000000000,1,-0.822541896,-0.459368711,0.820516441,0.000000000,0.000000000,-0.038748970,0.999248977
1782472896.181478500,322.499186993,595,vicon_state_data,ball,1,0,0.679744797,-0.001406366,0.745707576,0.000000000,0.000000000,0.000000000,1.000000000,1,-0.822522256,-0.459337400,0.820566840,0.000000000,0.000000000,-0.038454600,0.999260348
1782472896.181732178,322.499440670,596,vicon_state_data,ball,1,0,1.755619513,0.000562875,0.738018016,0.000000000,0.000000000,0.000000000,1.000000000,1,-0.822522271,-0.459329353,0.820572189,0.000000000,0.000000000,-0.038501104,0.999258558
1782472896.247295380,322.565003872,597,vicon_state_data,ball,1,0,1.738203380,0.026363518,0.759055875,0.000000000,0.000000000,0.000000000,1.000000000,1,-0.822497667,-0.459360025,0.820555171,0.000000000,0.000000000,-0.038547515,0.999256768
1782472896.247809887,322.565518379,598,vicon_state_data,ball,1,0,1.796762012,-0.003326309,0.735360611,0.000000000,0.000000000,0.000000000,1.000000000,1,-0.822517204,-0.459351469,0.820577103,0.000000000,0.000000000,-0.038512197,0.999258130
1782472896.248097181,322.565805674,599,vicon_state_data,ball,1,0,1.815687036,-0.002574858,0.735311606,0.000000000,0.000000000,0.000000000,1.000000000,1,-0.822493473,-0.459380878,0.820558522,0.000000000,0.000000000,-0.038578403,0.999255576
1782472896.248382092,322.566090584,600,vicon_state_data,ball,1,0,1.577651743,0.164803201,0.869545782,0.000000000,0.000000000,0.000000000,1.000000000,1,-0.822497434,-0.459413236,0.820570821,0.000000000,0.000000000,-0.038517277,0.999257934
1782472896.248650312,322.566358805,601,vicon_state_data,ball,1,0,0.358351150,0.187774761,0.896824903,0.000000000,0.000000000,0.000000000,1.000000000,1,-0.822471876,-0.459428368,0.820615217,0.000000000,0.000000000,-0.038497694,0.999258689
1782472896.314322233,322.632030725,602,vicon_state_data,ball,1,0,1.811958359,-0.002195632,0.735658954,0.000000000,0.000000000,0.000000000,1.000000000,1,-0.822449447,-0.459433266,0.820598678,0.000000000,0.000000000,-0.038538775,0.999257105
1782472896.314708710,322.632417202,603,vicon_state_data,ball,1,0,1.786024442,-0.010605882,0.729594612,0.000000000,0.000000000,0.000000000,1.000000000,1,-0.822448765,-0.459448782,0.820591408,0.000000000,0.000000000,-0.038487348,0.999259088
1782472896.314936399,322.632644892,604,vicon_state_data,ball,1,0,1.775699858,0.009420959,0.745737141,0.000000000,0.000000000,0.000000000,1.000000000,1,-0.822455787,-0.459438407,0.820595924,0.000000000,0.000000000,-0.038455193,0.999260325
1782472896.315211058,322.632919550,605,vicon_state_data,ball,1,0,1.795244748,-0.005226984,0.733929445,0.000000000,0.000000000,0.000000000,1.000000000,1,-0.822461612,-0.459439811,0.820601765,0.000000000,0.000000000,-0.038398339,0.999262512
1782472896.380522013,322.698230505,606,vicon_state_data,ball,1,0,1.737703633,0.022511267,0.755587854,0.000000000,0.000000000,0.000000000,1.000000000,1,-0.822423492,-0.459486043,0.820584688,0.000000000,0.000000000,-0.038517243,0.999257936
1782472896.380986691,322.698695183,607,vicon_state_data,ball,1,0,0.269165993,0.239164188,0.938173418,0.000000000,0.000000000,0.000000000,1.000000000,1,-0.822414727,-0.459461291,0.820595745,0.000000000,0.000000000,-0.038468970,0.999259795
1782472896.381268978,322.698977470,608,vicon_state_data,ball,1,0,0.270071386,0.241711533,0.938761265,0.000000000,0.000000000,0.000000000,1.000000000,1,-0.822422532,-0.459476272,0.820589804,0.000000000,0.000000000,-0.038499150,0.999258633
1782472896.381561041,322.699269533,609,vicon_state_data,ball,1,0,1.794121464,0.019721407,0.753790493,0.000000000,0.000000000,0.000000000,1.000000000,1,-0.822406695,-0.459534476,0.820602696,0.000000000,0.000000000,-0.038517794,0.999257914
1782472896.447368860,322.765077353,610,vicon_state_data,ball,1,0,1.804294595,-0.000895700,0.736813218,0.000000000,0.000000000,0.000000000,1.000000000,1,-0.822411875,-0.459560356,0.820610845,0.000000000,0.000000000,-0.038499958,0.999258602
1782472896.447901011,322.765609503,611,vicon_state_data,ball,1,0,1.770177548,0.035008864,0.765058463,0.000000000,0.000000000,0.000000000,1.000000000,1,-0.822397552,-0.459569991,0.820603356,0.000000000,0.000000000,-0.038455474,0.999260315
1782472896.448189020,322.765897512,612,vicon_state_data,ball,1,0,1.761279933,0.020972000,0.753832697,0.000000000,0.000000000,0.000000000,1.000000000,1,-0.822394717,-0.459590523,0.820589288,0.000000000,0.000000000,-0.038507608,0.999258307
1782472896.515342236,322.833050728,613,vicon_state_data,ball,1,0,1.581380506,0.172953560,0.876015704,0.000000000,0.000000000,0.000000000,1.000000000,1,-0.822353547,-0.459710517,0.820667145,0.000000000,0.000000000,-0.038458708,0.999260190
1782472896.580784321,322.898492813,614,vicon_state_data,ball,1,0,1.805222442,-0.001117685,0.737115566,0.000000000,0.000000000,0.000000000,1.000000000,1,-0.822307618,-0.459746983,0.820680119,0.000000000,0.000000000,-0.038638032,0.999253272
1782472896.581176043,322.898884535,615,vicon_state_data,ball,1,0,1.781551092,-0.015303596,0.726399914,0.000000000,0.000000000,0.000000000,1.000000000,1,-0.822308370,-0.459755705,0.820667824,0.000000000,0.000000000,-0.038722303,0.999250010
1782472896.581498623,322.899207115,616,vicon_state_data,ball,1,0,0.350600859,0.157924899,0.872178227,0.000000000,0.000000000,0.000000000,1.000000000,1,-0.822288640,-0.459804669,0.820669237,0.000000000,0.000000000,-0.038682582,0.999251549
1782472896.581747532,322.899456024,617,vicon_state_data,ball,1,0,1.814424625,-0.001907444,0.735527214,0.000000000,0.000000000,0.000000000,1.000000000,1,-0.822264820,-0.459801398,0.820622990,0.000000000,0.000000000,-0.038664075,0.999252265
1782472896.647271872,322.964980364,618,vicon_state_data,ball,1,0,1.733847238,0.025170531,0.758250066,0.000000000,0.000000000,0.000000000,1.000000000,1,-0.822265190,-0.459838580,0.820615033,0.000000000,0.000000000,-0.038629739,0.999253593
1782472896.647812843,322.965521336,619,vicon_state_data,ball,1,0,0.679864483,-0.001471513,0.745690191,0.000000000,0.000000000,0.000000000,1.000000000,1,-0.822266137,-0.459865897,0.820611299,0.000000000,0.000000000,-0.038553608,0.999256533
1782472896.648089647,322.965798140,620,vicon_state_data,ball,1,0,0.669462664,0.001949849,0.748429020,0.000000000,0.000000000,0.000000000,1.000000000,1,-0.822261872,-0.459855999,0.820604297,0.000000000,0.000000000,-0.038629786,0.999253591
1782472896.648351192,322.966059685,621,vicon_state_data,ball,1,0,1.794538975,-0.010313488,0.729819284,0.000000000,0.000000000,0.000000000,1.000000000,1,-0.822251681,-0.459900157,0.820576474,0.000000000,0.000000000,-0.038662640,0.999252321
1782472896.648607969,322.966316462,622,vicon_state_data,ball,1,0,1.788147291,-0.001484718,0.737284172,0.000000000,0.000000000,0.000000000,1.000000000,1,-0.822246149,-0.459893944,0.820602736,0.000000000,0.000000000,-0.038610996,0.999254317
1782472896.648863792,322.966572285,623,vicon_state_data,ball,1,0,1.796506893,-0.003617736,0.735560429,0.000000000,0.000000000,0.000000000,1.000000000,1,-0.822224852,-0.459928701,0.820643309,0.000000000,0.000000000,-0.038572527,0.999255803
1782472896.713940144,323.031648636,624,vicon_state_data,ball,1,0,0.341199531,0.195994339,0.902115566,0.000000000,0.000000000,0.000000000,1.000000000,1,-0.822203148,-0.459968469,0.820656250,0.000000000,0.000000000,-0.038836857,0.999245565
1782472896.714416742,323.032125235,625,vicon_state_data,ball,1,0,1.802456708,0.001422984,0.738680803,0.000000000,0.000000000,0.000000000,1.000000000,1,-0.822198404,-0.459962137,0.820657605,0.000000000,0.000000000,-0.038795609,0.999247167
1782472896.714690447,323.032398939,626,vicon_state_data,ball,1,0,1.808355397,0.020058729,0.753494553,0.000000000,0.000000000,0.000000000,1.000000000,1,-0.822192038,-0.459957831,0.820663548,0.000000000,0.000000000,-0.038878707,0.999243937
1782472896.714939833,323.032648325,627,vicon_state_data,ball,1,0,0.343687083,0.200290917,0.905757616,0.000000000,0.000000000,0.000000000,1.000000000,1,-0.822200375,-0.459980576,0.820659307,0.000000000,0.000000000,-0.038924710,0.999242146
1782472896.715186357,323.032894850,628,vicon_state_data,ball,1,0,0.679580017,-0.002115475,0.745065882,0.000000000,0.000000000,0.000000000,1.000000000,1,-0.822192498,-0.459972151,0.820663632,0.000000000,0.000000000,-0.038818614,0.999246274
1782472896.780811310,323.098519802,629,vicon_state_data,ball,1,0,1.797912804,-0.009498275,0.730402330,0.000000000,0.000000000,0.000000000,1.000000000,1,-0.822165909,-0.460046819,0.820652975,0.000000000,0.000000000,-0.038851572,0.999244993
1782472896.781281471,323.098989964,630,vicon_state_data,ball,1,0,1.813974793,-0.002879721,0.735398869,0.000000000,0.000000000,0.000000000,1.000000000,1,-0.822154304,-0.460044399,0.820634186,0.000000000,0.000000000,-0.038765117,0.999248350
1782472896.847008705,323.164717197,631,vicon_state_data,ball,1,0,1.736873532,0.020508817,0.754381643,0.000000000,0.000000000,0.000000000,1.000000000,1,-0.822112342,-0.460053990,0.820625464,0.000000000,0.000000000,-0.038860635,0.999244640
1782472896.847505808,323.165214300,632,vicon_state_data,ball,1,0,1.794276447,-0.010723765,0.729195431,0.000000000,0.000000000,0.000000000,1.000000000,1,-0.822117297,-0.460084816,0.820607942,0.000000000,0.000000000,-0.038879240,0.999243917
1782472896.847824574,323.165533066,633,vicon_state_data,ball,1,0,1.805865091,-0.028851469,0.714750981,0.000000000,0.000000000,0.000000000,1.000000000,1,-0.822124667,-0.460079902,0.820647474,0.000000000,0.000000000,-0.038825778,0.999245995
1782472897.043470860,323.361179352,634,vicon_state_data,ball,1,0,1.753037501,-0.016516822,0.724146816,0.000000000,0.000000000,0.000000000,1.000000000,1,-0.822030290,-0.460257206,0.820648081,0.000000000,0.000000000,-0.039000556,0.999239189
1782472897.044003487,323.361711979,635,vicon_state_data,ball,1,0,1.814357573,-0.002504549,0.735862661,0.000000000,0.000000000,0.000000000,1.000000000,1,-0.822028540,-0.460313719,0.820643897,0.000000000,0.000000000,-0.039042232,0.999237561
1782472897.107750654,323.425459146,636,vicon_state_data,ball,1,0,0.341547137,0.198564367,0.904309450,0.000000000,0.000000000,0.000000000,1.000000000,1,-0.822024218,-0.460289822,0.820640471,0.000000000,0.000000000,-0.038848570,0.999245109
1782472897.180375338,323.498083830,637,vicon_state_data,ball,1,0,1.774532369,0.009364330,0.746524241,0.000000000,0.000000000,0.000000000,1.000000000,1,-0.821991474,-0.460293164,0.820653408,0.000000000,0.000000000,-0.039029522,0.999238058
1782472897.253107786,323.570816278,638,vicon_state_data,ball,1,0,1.808975430,-0.021667182,0.720479737,0.000000000,0.000000000,0.000000000,1.000000000,1,-0.821987869,-0.460282575,0.820638112,0.000000000,0.000000000,-0.039283011,0.999228125
1782472897.317121029,323.634829521,639,vicon_state_data,ball,1,0,1.526837401,0.204658519,0.901089710,0.000000000,0.000000000,0.000000000,1.000000000,1,-0.822009812,-0.460316297,0.820623237,0.000000000,0.000000000,-0.039090992,0.999235655
1782472897.317589283,323.635297775,640,vicon_state_data,ball,1,0,0.679857154,-0.001641896,0.745477703,0.000000000,0.000000000,0.000000000,1.000000000,1,-0.822016812,-0.460278868,0.820630806,0.000000000,0.000000000,-0.039085479,0.999235871
1782472897.381228447,323.698936939,641,vicon_state_data,ball,1,0,1.765001503,-0.000493683,0.737806411,0.000000000,0.000000000,0.000000000,1.000000000,1,-0.822012794,-0.460277070,0.820621746,0.000000000,0.000000000,-0.039062948,0.999236752
1782472897.513909340,323.831617832,642,vicon_state_data,ball,1,0,1.781581790,-0.002013192,0.737576438,0.000000000,0.000000000,0.000000000,1.000000000,1,-0.822048665,-0.460181526,0.820626281,0.000000000,0.000000000,-0.039129367,0.999234153
1782472897.514645338,323.832353830,643,vicon_state_data,ball,1,0,1.790780874,-0.001334608,0.737623805,0.000000000,0.000000000,0.000000000,1.000000000,1,-0.822058150,-0.460218001,0.820604742,0.000000000,0.000000000,-0.039172047,0.999232481
1782472897.647291660,323.965000153,644,vicon_state_data,ball,1,0,1.520460317,0.204987571,0.902309885,0.000000000,0.000000000,0.000000000,1.000000000,1,-0.822133291,-0.460080828,0.820636293,0.000000000,0.000000000,-0.039168914,0.999232604
1782472897.647904873,323.965613365,645,vicon_state_data,ball,1,0,1.522257174,0.206499174,0.903093703,0.000000000,0.000000000,0.000000000,1.000000000,1,-0.822119822,-0.460031274,0.820635311,0.000000000,0.000000000,-0.039308608,0.999227118
1782472897.777684450,324.095392942,646,vicon_state_data,ball,1,0,1.786682962,-0.000894409,0.735613388,0.000000000,0.000000000,0.000000000,1.000000000,1,-0.822211270,-0.459910401,0.820649367,0.000000000,0.000000000,-0.039245636,0.999229593
1782472897.778099298,324.095807791,647,vicon_state_data,ball,1,0,1.793390239,-0.004503051,0.735383043,0.000000000,0.000000000,0.000000000,1.000000000,1,-0.822211183,-0.459908796,0.820623071,0.000000000,0.000000000,-0.039256339,0.999229173
1782472897.843569517,324.161278009,648,vicon_state_data,ball,1,0,0.679297470,-0.001906785,0.745250188,0.000000000,0.000000000,0.000000000,1.000000000,1,-0.822258983,-0.459846047,0.820652664,0.000000000,0.000000000,-0.039224535,0.999230422
1782472897.843998671,324.161707163,649,vicon_state_data,ball,1,0,0.690675708,-0.014102560,0.734717061,0.000000000,0.000000000,0.000000000,1.000000000,1,-0.822266799,-0.459854541,0.820657376,0.000000000,0.000000000,-0.039177480,0.999232268
1782472897.844318390,324.162026882,650,vicon_state_data,ball,1,0,1.533709146,0.217165129,0.910658433,0.000000000,0.000000000,0.000000000,1.000000000,1,-0.822275371,-0.459804931,0.820646539,0.000000000,0.000000000,-0.039162074,0.999232872
1782472897.844610929,324.162319422,651,vicon_state_data,ball,1,0,1.790716904,-0.006123964,0.733157221,0.000000000,0.000000000,0.000000000,1.000000000,1,-0.822291945,-0.459789377,0.820634280,0.000000000,0.000000000,-0.039195967,0.999231543
1782472897.985740900,324.303449392,652,vicon_state_data,ball,1,0,1.527196184,0.214355669,0.909288496,0.000000000,0.000000000,0.000000000,1.000000000,1,-0.822341823,-0.459677673,0.820596857,0.000000000,0.000000000,-0.039424792,0.999222541
1782472898.049587011,324.367295504,653,vicon_state_data,ball,1,0,1.530029897,0.221642342,0.914579761,0.000000000,0.000000000,0.000000000,1.000000000,1,-0.822398954,-0.459585306,0.820667310,0.000000000,0.000000000,-0.039336826,0.999226008
1782472898.176203489,324.493911982,654,vicon_state_data,ball,1,0,1.518587692,0.200051840,0.897995884,0.000000000,0.000000000,0.000000000,1.000000000,1,-0.822462858,-0.459431880,0.820586404,0.000000000,0.000000000,-0.039318696,0.999226721
1782472898.239468336,324.557176828,655,vicon_state_data,ball,1,0,1.526378964,0.202723298,0.899249906,0.000000000,0.000000000,0.000000000,1.000000000,1,-0.822507594,-0.459389232,0.820572774,0.000000000,0.000000000,-0.039382104,0.999224224
1782472898.427010775,324.744719267,656,vicon_state_data,ball,1,0,0.271563302,0.238074767,0.938015892,0.000000000,0.000000000,0.000000000,1.000000000,1,-0.822552002,-0.459248856,0.820568874,0.000000000,0.000000000,-0.039352826,0.999225378
1782472898.427574158,324.745282650,657,vicon_state_data,ball,1,0,1.516650163,0.197274620,0.895868782,0.000000000,0.000000000,0.000000000,1.000000000,1,-0.822553965,-0.459246090,0.820611266,0.000000000,0.000000000,-0.039474660,0.999220572
1782472898.489876509,324.807585001,658,vicon_state_data,ball,1,0,1.523114671,0.196980587,0.895490109,0.000000000,0.000000000,0.000000000,1.000000000,1,-0.822555791,-0.459253058,0.820545333,0.000000000,0.000000000,-0.039522966,0.999218662
1782472898.614970684,324.932679176,659,vicon_state_data,ball,1,0,1.532340489,0.224768722,0.916867314,0.000000000,0.000000000,0.000000000,1.000000000,1,-0.822551411,-0.459240980,0.820571676,0.000000000,0.000000000,-0.039117645,0.999234612
1782472898.739485025,325.057193518,660,vicon_state_data,ball,1,0,1.531487907,0.212153823,0.907049145,0.000000000,0.000000000,0.000000000,1.000000000,1,-0.822527038,-0.459309000,0.820583261,0.000000000,0.000000000,-0.039202966,0.999231268
1782472898.739903212,325.057611704,661,vicon_state_data,ball,1,0,1.529766060,0.208544542,0.904714891,0.000000000,0.000000000,0.000000000,1.000000000,1,-0.822521912,-0.459295909,0.820598083,0.000000000,0.000000000,-0.039207206,0.999231102
1782472898.740170240,325.057878733,662,vicon_state_data,ball,1,0,1.527926965,0.216375416,0.910691412,0.000000000,0.000000000,0.000000000,1.000000000,1,-0.822524329,-0.459284819,0.820603633,0.000000000,0.000000000,-0.039112350,0.999234819
1782472898.926992893,325.244701385,663,vicon_state_data,ball,1,0,1.535344515,0.202392120,0.899060672,0.000000000,0.000000000,0.000000000,1.000000000,1,-0.822407909,-0.459510949,0.820626457,0.000000000,0.000000000,-0.038927607,0.999242033
1782472898.990811586,325.308520079,664,vicon_state_data,ball,1,0,1.526138244,0.188282670,0.888304014,0.000000000,0.000000000,0.000000000,1.000000000,1,-0.822385517,-0.459611571,0.820641299,0.000000000,0.000000000,-0.038694500,0.999251087
1782472898.991329193,325.309037685,665,vicon_state_data,ball,1,0,1.526564787,0.202667357,0.900085844,0.000000000,0.000000000,0.000000000,1.000000000,1,-0.822391146,-0.459618201,0.820635706,0.000000000,0.000000000,-0.038719371,0.999250124
1782472899.055376291,325.373084784,666,vicon_state_data,ball,1,0,0.671808346,-0.000779046,0.746101538,0.000000000,0.000000000,0.000000000,1.000000000,1,-0.822332653,-0.459696701,0.820649968,0.000000000,0.000000000,-0.038645931,0.999252967
1782472899.116969109,325.434677601,667,vicon_state_data,ball,1,0,1.532331336,0.212335981,0.906897102,0.000000000,0.000000000,0.000000000,1.000000000,1,-0.822324569,-0.459659485,0.820628532,0.000000000,0.000000000,-0.038571590,0.999255839
1782472899.117402792,325.435111284,668,vicon_state_data,ball,1,0,1.533007382,0.215573202,0.910110061,0.000000000,0.000000000,0.000000000,1.000000000,1,-0.822299038,-0.459743862,0.820674224,0.000000000,0.000000000,-0.038440378,0.999260896
1782472899.182662725,325.500371218,669,vicon_state_data,ball,1,0,1.533319845,0.210446112,0.905603514,0.000000000,0.000000000,0.000000000,1.000000000,1,-0.822250795,-0.459869268,0.820681649,0.000000000,0.000000000,-0.038483005,0.999259255
1782472899.247706413,325.565414906,670,vicon_state_data,ball,1,0,1.532151329,0.212075117,0.906953306,0.000000000,0.000000000,0.000000000,1.000000000,1,-0.822230646,-0.459894489,0.820705516,0.000000000,0.000000000,-0.038304628,0.999266108
1782472899.248211145,325.565919638,671,vicon_state_data,ball,1,0,1.598180597,-0.001893768,0.737321490,0.000000000,0.000000000,0.000000000,1.000000000,1,-0.822225840,-0.459882362,0.820709457,0.000000000,0.000000000,-0.038335069,0.999264941
1782472899.248532772,325.566241264,672,vicon_state_data,ball,1,0,0.272675490,0.239404120,0.939478966,0.000000000,0.000000000,0.000000000,1.000000000,1,-0.822194842,-0.459991860,0.820688827,0.000000000,0.000000000,-0.038424143,0.999261520
1782472899.311825037,325.629533529,673,vicon_state_data,ball,1,0,1.528781026,0.217930856,0.911863519,0.000000000,0.000000000,0.000000000,1.000000000,1,-0.822177297,-0.459996593,0.820688491,0.000000000,0.000000000,-0.038299588,0.999266302
1782472899.312277317,325.629985809,674,vicon_state_data,ball,1,0,1.526675549,0.228455184,0.919028538,0.000000000,0.000000000,0.000000000,1.000000000,1,-0.822179527,-0.459985361,0.820683989,0.000000000,0.000000000,-0.038276412,0.999267190
1782472899.374990940,325.692699432,675,vicon_state_data,ball,1,0,1.532163237,0.214696383,0.909073048,0.000000000,0.000000000,0.000000000,1.000000000,1,-0.822115284,-0.460069443,0.820576162,0.000000000,0.000000000,-0.038307729,0.999265990
1782472899.375429153,325.693137646,676,vicon_state_data,ball,1,0,1.527358583,0.203943444,0.900411644,0.000000000,0.000000000,0.000000000,1.000000000,1,-0.822119593,-0.460086151,0.820607884,0.000000000,0.000000000,-0.038262013,0.999267741
1782472899.438180685,325.755889177,677,vicon_state_data,ball,1,0,1.520451057,0.192391486,0.891806614,0.000000000,0.000000000,0.000000000,1.000000000,1,-0.822067556,-0.460134278,0.820616898,0.000000000,0.000000000,-0.038391145,0.999262788
1782472899.438613176,325.756321669,678,vicon_state_data,ball,1,0,1.529488829,0.207029419,0.902869936,0.000000000,0.000000000,0.000000000,1.000000000,1,-0.822082876,-0.460117311,0.820643929,0.000000000,0.000000000,-0.038310835,0.999265870
1782472899.438876152,325.756584644,679,vicon_state_data,ball,1,0,1.533802283,0.215922155,0.910751488,0.000000000,0.000000000,0.000000000,1.000000000,1,-0.822078407,-0.460130502,0.820656729,0.000000000,0.000000000,-0.038307115,0.999266013
1782472899.501568079,325.819276571,680,vicon_state_data,ball,1,0,1.532930063,0.215453985,0.909683344,0.000000000,0.000000000,0.000000000,1.000000000,1,-0.822055539,-0.460231253,0.820639682,0.000000000,0.000000000,-0.038291013,0.999266630
1782472899.502018452,325.819726944,681,vicon_state_data,ball,1,0,1.561907775,0.136746276,0.847680834,0.000000000,0.000000000,0.000000000,1.000000000,1,-0.822062676,-0.460234421,0.820649325,0.000000000,0.000000000,-0.038242670,0.999268482
1782472899.566149473,325.883857965,682,vicon_state_data,ball,1,0,0.270141709,0.237153258,0.937280308,0.000000000,0.000000000,0.000000000,1.000000000,1,-0.822041346,-0.460217849,0.820660008,0.000000000,0.000000000,-0.038232243,0.999268881
1782472899.566667795,325.884376287,683,vicon_state_data,ball,1,0,0.271863825,0.238840217,0.939185698,0.000000000,0.000000000,0.000000000,1.000000000,1,-0.822025267,-0.460249438,0.820643949,0.000000000,0.000000000,-0.038340884,0.999264718
1782472899.566963434,325.884671926,684,vicon_state_data,ball,1,0,1.532993459,0.215191875,0.909520921,0.000000000,0.000000000,0.000000000,1.000000000,1,-0.822022645,-0.460271430,0.820667791,0.000000000,0.000000000,-0.038288985,0.999266708
1782472899.695735216,326.013443708,685,vicon_state_data,ball,1,0,1.528396641,0.218214317,0.912100275,0.000000000,0.000000000,0.000000000,1.000000000,1,-0.821981328,-0.460317017,0.820618727,0.000000000,0.000000000,-0.038069472,0.999275095
1782472899.696201801,326.013910294,686,vicon_state_data,ball,1,0,1.533620014,0.199703423,0.897015116,0.000000000,0.000000000,0.000000000,1.000000000,1,-0.821975032,-0.460326554,0.820655952,0.000000000,0.000000000,-0.037950412,0.999279624
1782472899.883285284,326.200993776,687,vicon_state_data,ball,1,0,0.270402345,0.237452616,0.937712701,0.000000000,0.000000000,0.000000000,1.000000000,1,-0.822018882,-0.460296495,0.820637610,0.000000000,0.000000000,-0.037960670,0.999279234
1782472899.883750200,326.201458693,688,vicon_state_data,ball,1,0,0.273492273,0.240274767,0.940333834,0.000000000,0.000000000,0.000000000,1.000000000,1,-0.822012870,-0.460293309,0.820689355,0.000000000,0.000000000,-0.037945133,0.999279824
1782472899.949588537,326.267297029,689,vicon_state_data,ball,1,0,1.537208790,0.207388465,0.903223348,0.000000000,0.000000000,0.000000000,1.000000000,1,-0.822033150,-0.460251136,0.820683612,0.000000000,0.000000000,-0.037968055,0.999278953
1782472899.950047731,326.267756224,690,vicon_state_data,ball,1,0,1.534654140,0.203290795,0.899817689,0.000000000,0.000000000,0.000000000,1.000000000,1,-0.822030885,-0.460279116,0.820696828,0.000000000,0.000000000,-0.037947663,0.999279728
1782472900.015997887,326.333706379,691,vicon_state_data,ball,1,0,1.529679283,0.208195743,0.904102043,0.000000000,0.000000000,0.000000000,1.000000000,1,-0.822031606,-0.460249150,0.820629482,0.000000000,0.000000000,-0.038060813,0.999275425
1782472900.016433954,326.334142447,692,vicon_state_data,ball,1,0,1.526265943,0.202263002,0.899543739,0.000000000,0.000000000,0.000000000,1.000000000,1,-0.822037165,-0.460262646,0.820640797,0.000000000,0.000000000,-0.037954809,0.999279457
1782472900.016708136,326.334416628,693,vicon_state_data,ball,1,0,1.524742804,0.199518160,0.897609248,0.000000000,0.000000000,0.000000000,1.000000000,1,-0.822027137,-0.460247162,0.820616969,0.000000000,0.000000000,-0.037976618,0.999278628
1782472900.083183050,326.400891542,694,vicon_state_data,ball,1,0,1.533287779,0.199760388,0.897167331,0.000000000,0.000000000,0.000000000,1.000000000,1,-0.822065930,-0.460189125,0.820648290,0.000000000,0.000000000,-0.037803880,0.999285178
1782472900.083603144,326.401311636,695,vicon_state_data,ball,1,0,1.526220410,0.202933306,0.900314154,0.000000000,0.000000000,0.000000000,1.000000000,1,-0.822069102,-0.460189914,0.820628740,0.000000000,0.000000000,-0.037854878,0.999283247
1782472900.083878517,326.401587009,696,vicon_state_data,ball,1,0,1.523399395,0.209655715,0.905867056,0.000000000,0.000000000,0.000000000,1.000000000,1,-0.822077879,-0.460186178,0.820632935,0.000000000,0.000000000,-0.037770254,0.999286449
1782472900.085288048,326.402996540,697,vicon_state_data,ball,1,0,1.516513727,0.197424150,0.895993639,0.000000000,0.000000000,0.000000000,1.000000000,1,-0.822092726,-0.460143449,0.820642565,0.000000000,0.000000000,-0.037647224,0.999291092
1782472900.086762190,326.404470682,698,vicon_state_data,ball,1,0,1.528070119,0.216203518,0.910519920,0.000000000,0.000000000,0.000000000,1.000000000,1,-0.822093104,-0.460148126,0.820666537,0.000000000,0.000000000,-0.037637758,0.999291449
1782472900.088270187,326.405978680,699,vicon_state_data,ball,1,0,1.531072409,0.212977798,0.907491531,0.000000000,0.000000000,0.000000000,1.000000000,1,-0.822103429,-0.460135187,0.820650095,0.000000000,0.000000000,-0.037667540,0.999290326
1782472900.282814264,326.600522757,700,vicon_state_data,ball,1,0,1.535279757,0.204365186,0.900635079,0.000000000,0.000000000,0.000000000,1.000000000,1,-0.822207363,-0.459911241,0.820612293,0.000000000,0.000000000,-0.037515398,0.999296050
1782472900.349989891,326.667698383,701,vicon_state_data,ball,1,0,1.787923809,-0.001395123,0.735594431,0.000000000,0.000000000,0.000000000,1.000000000,1,-0.822270686,-0.459819894,0.820729238,0.000000000,0.000000000,-0.037456589,0.999298256
1782472900.473685741,326.791394234,702,vicon_state_data,ball,1,0,1.516730258,0.184948214,0.886014694,0.000000000,0.000000000,0.000000000,1.000000000,1,-0.822322414,-0.459713877,0.820675983,0.000000000,0.000000000,-0.037500120,0.999296623
1782472900.474065304,326.791773796,703,vicon_state_data,ball,1,0,1.529581545,0.219793022,0.912546636,0.000000000,0.000000000,0.000000000,1.000000000,1,-0.822333708,-0.459710107,0.820663617,0.000000000,0.000000000,-0.037446171,0.999298646
1782472900.474358559,326.792067051,704,vicon_state_data,ball,1,0,1.528018525,0.216293881,0.910665894,0.000000000,0.000000000,0.000000000,1.000000000,1,-0.822329697,-0.459656256,0.820672535,0.000000000,0.000000000,-0.037454377,0.999298339
1782472900.538644075,326.856352568,705,vicon_state_data,ball,1,0,1.521320202,0.179936750,0.881799662,0.000000000,0.000000000,0.000000000,1.000000000,1,-0.822407040,-0.459590411,0.820648097,0.000000000,0.000000000,-0.037105614,0.999311350
1782472900.539058924,326.856767416,706,vicon_state_data,ball,1,0,1.534921142,0.203724409,0.899857802,0.000000000,0.000000000,0.000000000,1.000000000,1,-0.822410456,-0.459563659,0.820647808,0.000000000,0.000000000,-0.037062463,0.999312951
1782472900.667411566,326.985120058,707,vicon_state_data,ball,1,0,1.559956192,0.137331149,0.847860615,0.000000000,0.000000000,0.000000000,1.000000000,1,-0.822463148,-0.459438191,0.820591442,0.000000000,0.000000000,-0.037326579,0.999303120
1782472900.732410192,327.050118685,708,vicon_state_data,ball,1,0,1.534415973,0.201612247,0.898477836,0.000000000,0.000000000,0.000000000,1.000000000,1,-0.822486270,-0.459399130,0.820596297,0.000000000,0.000000000,-0.037095539,0.999311724
1782472900.796334028,327.114042521,709,vicon_state_data,ball,1,0,1.532331366,0.213884576,0.908710490,0.000000000,0.000000000,0.000000000,1.000000000,1,-0.822519455,-0.459296867,0.820614608,0.000000000,0.000000000,-0.037216543,0.999307224
1782472900.862830877,327.180539370,710,vicon_state_data,ball,1,0,1.534290289,0.201178167,0.898138741,0.000000000,0.000000000,0.000000000,1.000000000,1,-0.822525802,-0.459298829,0.820601677,0.000000000,0.000000000,-0.037041497,0.999313728
1782472900.926052809,327.243761301,711,vicon_state_data,ball,1,0,0.266603889,0.239679158,0.936937468,0.000000000,0.000000000,0.000000000,1.000000000,1,-0.822566720,-0.459226310,0.820585343,0.000000000,0.000000000,-0.037031426,0.999314102
1782472900.989522219,327.307230711,712,vicon_state_data,ball,1,0,1.599029179,-0.000187665,0.737130331,0.000000000,0.000000000,0.000000000,1.000000000,1,-0.822570705,-0.459228204,0.820566654,0.000000000,0.000000000,-0.037027593,0.999314244
1782472901.117233515,327.434942007,713,vicon_state_data,ball,1,0,0.267503600,0.240094780,0.936798930,0.000000000,0.000000000,0.000000000,1.000000000,1,-0.822568371,-0.459225754,0.820567456,0.000000000,0.000000000,-0.037145580,0.999309865
1782472901.117618084,327.435326576,714,vicon_state_data,ball,1,0,0.270212446,0.236513921,0.938035152,0.000000000,0.000000000,0.000000000,1.000000000,1,-0.822550418,-0.459233965,0.820570124,0.000000000,0.000000000,-0.037107184,0.999311291
1782472901.184053421,327.501761913,715,vicon_state_data,ball,1,0,0.267148869,0.244484308,0.940680242,0.000000000,0.000000000,0.000000000,1.000000000,1,-0.822557682,-0.459267890,0.820590332,0.000000000,0.000000000,-0.037117446,0.999310910
1782472901.250323772,327.568032265,716,vicon_state_data,ball,1,0,1.529754521,0.207702464,0.903866403,0.000000000,0.000000000,0.000000000,1.000000000,1,-0.822496232,-0.459273598,0.820584077,0.000000000,0.000000000,-0.037020081,0.999314522
1782472901.313275099,327.630983591,717,vicon_state_data,ball,1,0,1.787156942,-0.001494292,0.737565732,0.000000000,0.000000000,0.000000000,1.000000000,1,-0.822503502,-0.459320407,0.820609227,0.000000000,0.000000000,-0.036917431,0.999318319
1782472901.375763893,327.693472385,718,vicon_state_data,ball,1,0,0.273063338,0.239034567,0.939212081,0.000000000,0.000000000,0.000000000,1.000000000,1,-0.822468146,-0.459361171,0.820621234,0.000000000,0.000000000,-0.036989004,0.999315673
1782472901.376117468,327.693825960,719,vicon_state_data,ball,1,0,0.273023191,0.238931404,0.940211931,0.000000000,0.000000000,0.000000000,1.000000000,1,-0.822475718,-0.459357660,0.820619571,0.000000000,0.000000000,-0.036910145,0.999318588
1782472901.376433611,327.694142103,720,vicon_state_data,ball,1,0,1.533327597,0.214987485,0.909320830,0.000000000,0.000000000,0.000000000,1.000000000,1,-0.822459918,-0.459356772,0.820578157,0.000000000,0.000000000,-0.036811473,0.999322228
1782472901.439110041,327.756818533,721,vicon_state_data,ball,1,0,1.531060982,0.223480845,0.916316006,0.000000000,0.000000000,0.000000000,1.000000000,1,-0.822432764,-0.459411161,0.820614992,0.000000000,0.000000000,-0.036980249,0.999315997
1782472901.502875805,327.820584297,722,vicon_state_data,ball,1,0,0.270409697,0.237494638,0.937652747,0.000000000,0.000000000,0.000000000,1.000000000,1,-0.822394095,-0.459489519,0.820622473,0.000000000,0.000000000,-0.036976307,0.999316143
1782472901.503282547,327.820991039,723,vicon_state_data,ball,1,0,1.523110630,0.181917836,0.883289232,0.000000000,0.000000000,0.000000000,1.000000000,1,-0.822394565,-0.459476604,0.820649933,0.000000000,0.000000000,-0.036866733,0.999320191
1782472901.567574263,327.885282755,724,vicon_state_data,ball,1,0,1.787963305,-0.002456887,0.736720378,0.000000000,0.000000000,0.000000000,1.000000000,1,-0.822323791,-0.459558255,0.820622615,0.000000000,0.000000000,-0.036885484,0.999319499
1782472901.630441189,327.948149681,725,vicon_state_data,ball,1,0,1.533880104,0.200338410,0.897246047,0.000000000,0.000000000,0.000000000,1.000000000,1,-0.822329144,-0.459607624,0.820644123,0.000000000,0.000000000,-0.036811444,0.999322229
1782472901.630841017,327.948549509,726,vicon_state_data,ball,1,0,0.273116631,0.239156454,0.939212406,0.000000000,0.000000000,0.000000000,1.000000000,1,-0.822321157,-0.459651297,0.820661164,0.000000000,0.000000000,-0.036792700,0.999322919
1782472901.693616867,328.011325359,727,vicon_state_data,ball,1,0,1.532024446,0.212801558,0.907548208,0.000000000,0.000000000,0.000000000,1.000000000,1,-0.822290315,-0.459704986,0.820662280,0.000000000,0.000000000,-0.036655880,0.999327947
1782472901.694114447,328.011822939,728,vicon_state_data,ball,1,0,1.530300005,0.222766882,0.915658238,0.000000000,0.000000000,0.000000000,1.000000000,1,-0.822278998,-0.459706673,0.820644721,0.000000000,0.000000000,-0.036747776,0.999324572
1782472901.694397926,328.012106419,729,vicon_state_data,ball,1,0,0.269089785,0.241772580,0.938174080,0.000000000,0.000000000,0.000000000,1.000000000,1,-0.822272725,-0.459724301,0.820618713,0.000000000,0.000000000,-0.036853102,0.999320694
1782472901.757055283,328.074763775,730,vicon_state_data,ball,1,0,0.272107338,0.239134460,0.939178664,0.000000000,0.000000000,0.000000000,1.000000000,1,-0.822209972,-0.459814485,0.820678562,0.000000000,0.000000000,-0.036940183,0.999317479
1782472901.884078741,328.201787233,731,vicon_state_data,ball,1,0,1.536882451,0.206929367,0.902688273,0.000000000,0.000000000,0.000000000,1.000000000,1,-0.822131152,-0.459987385,0.820668455,0.000000000,0.000000000,-0.037097633,0.999311646
1782472901.884548664,328.202257156,732,vicon_state_data,ball,1,0,1.543017521,0.216567124,0.910680701,0.000000000,0.000000000,0.000000000,1.000000000,1,-0.822143109,-0.459990198,0.820670808,0.000000000,0.000000000,-0.037103340,0.999311434
1782472901.950819492,328.268527985,733,vicon_state_data,ball,1,0,1.518801402,0.190587266,0.890420824,0.000000000,0.000000000,0.000000000,1.000000000,1,-0.822137202,-0.460030770,0.820643046,0.000000000,0.000000000,-0.037063477,0.999312913
1782472902.138802528,328.456511021,734,vicon_state_data,ball,1,0,1.535700549,0.204644112,0.900608606,0.000000000,0.000000000,0.000000000,1.000000000,1,-0.822046721,-0.460217546,0.820637807,0.000000000,0.000000000,-0.036987360,0.999315733
1782472902.201860428,328.519568920,735,vicon_state_data,ball,1,0,1.787253670,-0.000789414,0.736514537,0.000000000,0.000000000,0.000000000,1.000000000,1,-0.822041890,-0.460324767,0.820675829,0.000000000,0.000000000,-0.037180411,0.999308569
1782472902.202289820,328.519998312,736,vicon_state_data,ball,1,0,1.531363022,0.209663459,0.905082539,0.000000000,0.000000000,0.000000000,1.000000000,1,-0.822013187,-0.460230414,0.820657253,0.000000000,0.000000000,-0.037183688,0.999308448
1782472902.268094301,328.585802794,737,vicon_state_data,ball,1,0,1.533819649,0.198988675,0.896462793,0.000000000,0.000000000,0.000000000,1.000000000,1,-0.822034227,-0.460343686,0.820668714,0.000000000,0.000000000,-0.037337677,0.999302706
1782472902.334701538,328.652410030,738,vicon_state_data,ball,1,0,1.534539809,0.201306183,0.898255099,0.000000000,0.000000000,0.000000000,1.000000000,1,-0.821995131,-0.460291037,0.820656050,0.000000000,0.000000000,-0.037418444,0.999299685
1782472902.335173130,328.652881622,739,vicon_state_data,ball,1,0,1.559915805,0.138084390,0.848485634,0.000000000,0.000000000,0.000000000,1.000000000,1,-0.822029433,-0.460317446,0.820597476,0.000000000,0.000000000,-0.037389168,0.999300781
1782472902.589542866,328.907251358,740,vicon_state_data,ball,1,0,1.522712572,0.208138433,0.904280932,0.000000000,0.000000000,0.000000000,1.000000000,1,-0.822067284,-0.460158803,0.820662264,0.000000000,0.000000000,-0.037582788,0.999293517
1782472902.786319971,329.104028463,741,vicon_state_data,ball,1,0,1.528717617,0.217795396,0.912001699,0.000000000,0.000000000,0.000000000,1.000000000,1,-0.822193821,-0.459972294,0.820643610,0.000000000,0.000000000,-0.037610280,0.999292483
1782472902.851941586,329.169650078,742,vicon_state_data,ball,1,0,1.521347217,0.179489180,0.881450104,0.000000000,0.000000000,0.000000000,1.000000000,1,-0.822248446,-0.459867895,0.820682096,0.000000000,0.000000000,-0.037585447,0.999293417
1782472903.052921295,329.370629787,743,vicon_state_data,ball,1,0,0.271493246,0.238513570,0.938890126,0.000000000,0.000000000,0.000000000,1.000000000,1,-0.822409179,-0.459612804,0.820650908,0.000000000,0.000000000,-0.037757974,0.999286913
1782472903.118367672,329.436076164,744,vicon_state_data,ball,1,0,1.534624569,0.201148577,0.898331314,0.000000000,0.000000000,0.000000000,1.000000000,1,-0.822427624,-0.459596244,0.820676395,0.000000000,0.000000000,-0.037787662,0.999285791
1782472903.553812265,329.871520758,745,vicon_state_data,ball,1,0,1.531993073,0.213030794,0.907505684,0.000000000,0.000000000,0.000000000,1.000000000,1,-0.822552123,-0.459200912,0.820586672,0.000000000,0.000000000,-0.038496187,0.999258747
1782472903.557124615,329.874833107,746,vicon_state_data,ball,1,0,1.525236771,0.186953925,0.887424513,0.000000000,0.000000000,0.000000000,1.000000000,1,-0.822554480,-0.459204372,0.820605881,0.000000000,0.000000000,-0.038491026,0.999258946
1782472903.619798183,329.937506676,747,vicon_state_data,ball,1,0,0.270925194,0.237945105,0.938225420,0.000000000,0.000000000,0.000000000,1.000000000,1,-0.822570433,-0.459183929,0.820576080,0.000000000,0.000000000,-0.038451787,0.999260457
1782472903.685613871,330.003322363,748,vicon_state_data,ball,1,0,1.802067904,0.000394894,0.735862407,0.000000000,0.000000000,0.000000000,1.000000000,1,-0.822557953,-0.459255849,0.820616169,0.000000000,0.000000000,-0.038686574,0.999251394
1782472903.748775005,330.066483498,749,vicon_state_data,ball,1,0,0.267986294,0.241289288,0.937989745,0.000000000,0.000000000,0.000000000,1.000000000,1,-0.822492120,-0.459197963,0.820570556,0.000000000,0.000000000,-0.039005417,0.999238999
1782472903.814645052,330.132353544,750,vicon_state_data,ball,1,0,1.535059956,0.202566207,0.899153802,0.000000000,0.000000000,0.000000000,1.000000000,1,-0.822494653,-0.459292372,0.820632468,0.000000000,0.000000000,-0.038795048,0.999247189
1782472903.815057039,330.132765532,751,vicon_state_data,ball,1,0,0.243820957,0.256483756,0.951140493,0.000000000,0.000000000,0.000000000,1.000000000,1,-0.822502132,-0.459304507,0.820622838,0.000000000,0.000000000,-0.038855360,0.999244845
1782472903.943127871,330.260836363,752,vicon_state_data,ball,1,0,1.772181136,0.001303815,0.740419960,0.000000000,0.000000000,0.000000000,1.000000000,1,-0.822457971,-0.459383397,0.820621227,0.000000000,0.000000000,-0.038762407,0.999248456
1782472904.148768663,330.466477156,753,vicon_state_data,ball,1,0,0.698660897,-0.752017239,0.751050721,0.000000000,0.000000000,0.000000000,1.000000000,1,-0.822294963,-0.459588378,0.820614994,0.000000000,0.000000000,-0.038884948,0.999243694
1782472904.277150393,330.594858885,754,vicon_state_data,ball,1,0,0.758371391,-0.003428660,0.742934422,0.000000000,0.000000000,0.000000000,1.000000000,1,-0.822222600,-0.459744063,0.820654220,0.000000000,0.000000000,-0.038776714,0.999247900
1782472904.277963161,330.595671654,755,vicon_state_data,ball,1,0,0.244467156,0.257227928,0.951759297,0.000000000,0.000000000,0.000000000,1.000000000,1,-0.822209973,-0.459765526,0.820657757,0.000000000,0.000000000,-0.038843846,0.999245293
1782472904.406934738,330.724643230,756,vicon_state_data,ball,1,0,0.694027533,-0.751528122,0.750495322,0.000000000,0.000000000,0.000000000,1.000000000,1,-0.822128841,-0.460001526,0.820690782,0.000000000,0.000000000,-0.038907418,0.999242820
1782472904.536785126,330.854493618,757,vicon_state_data,ball,1,0,1.755588865,-0.003663384,0.738302350,0.000000000,0.000000000,0.000000000,1.000000000,1,-0.822047902,-0.460099846,0.820655568,0.000000000,0.000000000,-0.039035299,0.999237832
1782472904.930083036,331.247791529,758,vicon_state_data,ball,1,0,0.761928063,-1.120211613,0.523722235,0.000000000,0.000000000,0.000000000,1.000000000,1,-0.822001934,-0.460344779,0.820667478,0.000000000,0.000000000,-0.039207387,0.999231095
1782472905.007867813,331.325576305,759,vicon_state_data,ball,1,0,0.758429496,-0.750419640,0.751018323,0.000000000,0.000000000,0.000000000,1.000000000,1,-0.822045778,-0.460291985,0.820634129,0.000000000,0.000000000,-0.039078513,0.999236143
1782472905.008335352,331.326043844,760,vicon_state_data,ball,1,0,0.846776382,-0.751705005,0.750962560,0.000000000,0.000000000,0.000000000,1.000000000,1,-0.822043825,-0.460279538,0.820614308,0.000000000,0.000000000,-0.039108182,0.999234982
1782472905.073219776,331.390928268,761,vicon_state_data,ball,1,0,0.699121441,-0.752265462,0.750158902,0.000000000,0.000000000,0.000000000,1.000000000,1,-0.822063611,-0.460212575,0.820610094,0.000000000,0.000000000,-0.039098618,0.999235357
1782472905.073701143,331.391409636,762,vicon_state_data,ball,1,0,0.822249478,-0.752118492,0.751235965,0.000000000,0.000000000,0.000000000,1.000000000,1,-0.822078212,-0.460240922,0.820632532,0.000000000,0.000000000,-0.039053326,0.999237128
1782472905.073962688,331.391671181,763,vicon_state_data,ball,1,0,0.829206051,-0.746632287,0.749726708,0.000000000,0.000000000,0.000000000,1.000000000,1,-0.822070527,-0.460231025,0.820655002,0.000000000,0.000000000,-0.038976039,0.999240145
1782472905.136725187,331.454433680,764,vicon_state_data,ball,1,0,0.811215305,-0.746994360,0.751460888,0.000000000,0.000000000,0.000000000,1.000000000,1,-0.822087837,-0.460211825,0.820637416,0.000000000,0.000000000,-0.039022599,0.999238328
1782472905.137141705,331.454850197,765,vicon_state_data,ball,1,0,0.702863006,-0.749378324,0.751887498,0.000000000,0.000000000,0.000000000,1.000000000,1,-0.822091413,-0.460207505,0.820643067,0.000000000,0.000000000,-0.039103997,0.999235146
1782472905.199229479,331.516937971,766,vicon_state_data,ball,1,0,0.829668610,-0.745005498,0.747595712,0.000000000,0.000000000,0.000000000,1.000000000,1,-0.822113594,-0.460222324,0.820688738,0.000000000,0.000000000,-0.039077768,0.999236172
1782472905.199638605,331.517347097,767,vicon_state_data,ball,1,0,0.843497317,-0.753908309,0.748731567,0.000000000,0.000000000,0.000000000,1.000000000,1,-0.822118960,-0.460212937,0.820669269,0.000000000,0.000000000,-0.039121752,0.999234451
1782472905.199921131,331.517629623,768,vicon_state_data,ball,1,0,0.873439526,-0.920767175,0.646220058,0.000000000,0.000000000,0.000000000,1.000000000,1,-0.822141035,-0.460178856,0.820688935,0.000000000,0.000000000,-0.038972915,0.999240267
1782472905.260622740,331.578331232,769,vicon_state_data,ball,1,0,0.825601684,-0.748875534,0.752504131,0.000000000,0.000000000,0.000000000,1.000000000,1,-0.822167670,-0.460143372,0.820678253,0.000000000,0.000000000,-0.038966836,0.999240504
1782472905.261016846,331.578725338,770,vicon_state_data,ball,1,0,0.771324556,-0.751161449,0.750296999,0.000000000,0.000000000,0.000000000,1.000000000,1,-0.822170100,-0.460142250,0.820691091,0.000000000,0.000000000,-0.039078629,0.999236139
1782472905.261277914,331.578986406,771,vicon_state_data,ball,1,0,0.702453513,-0.752348775,0.749640162,0.000000000,0.000000000,0.000000000,1.000000000,1,-0.822178114,-0.460098683,0.820687863,0.000000000,0.000000000,-0.039047894,0.999237340
1782472905.261546612,331.579255104,772,vicon_state_data,ball,1,0,0.699484286,-0.753907583,0.750934675,0.000000000,0.000000000,0.000000000,1.000000000,1,-0.822191836,-0.460092882,0.820679424,0.000000000,0.000000000,-0.039050813,0.999237226
1782472905.322808027,331.640516520,773,vicon_state_data,ball,1,0,0.710237239,-0.750921364,0.751057131,0.000000000,0.000000000,0.000000000,1.000000000,1,-0.822212407,-0.460066180,0.820677166,0.000000000,0.000000000,-0.038906122,0.999242870
1782472905.323220968,331.640929461,774,vicon_state_data,ball,1,0,0.801235392,-0.992557942,0.602716327,0.000000000,0.000000000,0.000000000,1.000000000,1,-0.822214063,-0.460077351,0.820644581,0.000000000,0.000000000,-0.038951293,0.999241110
1782472905.323470354,331.641178846,775,vicon_state_data,ball,1,0,0.876069842,-0.751545673,0.747905566,0.000000000,0.000000000,0.000000000,1.000000000,1,-0.822211208,-0.460070781,0.820644095,0.000000000,0.000000000,-0.038959016,0.999240809
1782472905.323702335,331.641410828,776,vicon_state_data,ball,1,0,0.817441796,-0.748149733,0.749005434,0.000000000,0.000000000,0.000000000,1.000000000,1,-0.822210323,-0.460050340,0.820638250,0.000000000,0.000000000,-0.039014880,0.999238630
1782472905.323939085,331.641647577,777,vicon_state_data,ball,1,0,0.957961079,-0.908968140,0.651065643,0.000000000,0.000000000,0.000000000,1.000000000,1,-0.822210539,-0.460070367,0.820638797,0.000000000,0.000000000,-0.039032152,0.999237955
1782472905.324166298,331.641874790,778,vicon_state_data,ball,1,0,0.830370885,-0.994345782,0.601675799,0.000000000,0.000000000,0.000000000,1.000000000,1,-0.822215698,-0.460071799,0.820658493,0.000000000,0.000000000,-0.038978777,0.999240039
1782472905.324389696,331.642098188,779,vicon_state_data,ball,1,0,0.794006371,-0.808687567,0.714353975,0.000000000,0.000000000,0.000000000,1.000000000,1,-0.822213487,-0.460079823,0.820649764,0.000000000,0.000000000,-0.039019782,0.999238438
1782472905.324611664,331.642320156,780,vicon_state_data,ball,1,0,0.656305266,-0.751019534,0.750665307,0.000000000,0.000000000,0.000000000,1.000000000,1,-0.822217797,-0.460064613,0.820663502,0.000000000,0.000000000,-0.039008692,0.999238871
1782472905.387205124,331.704913616,781,vicon_state_data,ball,1,0,0.715894079,-0.752446102,0.749826815,0.000000000,0.000000000,0.000000000,1.000000000,1,-0.822230257,-0.460041917,0.820646691,0.000000000,0.000000000,-0.038998821,0.999239257
1782472905.387696266,331.705404758,782,vicon_state_data,ball,1,0,0.714768386,-0.747116794,0.753506286,0.000000000,0.000000000,0.000000000,1.000000000,1,-0.822248377,-0.460050846,0.820656338,0.000000000,0.000000000,-0.039015507,0.999238605
1782472905.387969971,331.705678463,783,vicon_state_data,ball,1,0,0.698670342,-0.753962368,0.750219988,0.000000000,0.000000000,0.000000000,1.000000000,1,-0.822231718,-0.460034747,0.820655409,0.000000000,0.000000000,-0.039051581,0.999237196
1782472905.388209581,331.705918074,784,vicon_state_data,ball,1,0,0.771584007,-0.756315552,0.748429707,0.000000000,0.000000000,0.000000000,1.000000000,1,-0.822255300,-0.460043236,0.820686815,0.000000000,0.000000000,-0.038998753,0.999239259
1782472905.388475418,331.706183910,785,vicon_state_data,ball,1,0,0.809372258,-0.748217376,0.750051030,0.000000000,0.000000000,0.000000000,1.000000000,1,-0.822276608,-0.460028665,0.820676678,0.000000000,0.000000000,-0.038994044,0.999239443
1782472905.450116634,331.767825127,786,vicon_state_data,ball,1,0,0.631842750,-0.748558906,0.751833322,0.000000000,0.000000000,0.000000000,1.000000000,1,-0.822309863,-0.459919115,0.820668260,0.000000000,0.000000000,-0.038961799,0.999240701
1782472905.450558901,331.768267393,787,vicon_state_data,ball,1,0,0.831307724,-0.747037582,0.751971897,0.000000000,0.000000000,0.000000000,1.000000000,1,-0.822299580,-0.459913433,0.820656336,0.000000000,0.000000000,-0.038964667,0.999240589
1782472905.450813770,331.768522263,788,vicon_state_data,ball,1,0,0.767056378,-0.749911385,0.751116965,0.000000000,0.000000000,0.000000000,1.000000000,1,-0.822302581,-0.459888003,0.820647998,0.000000000,0.000000000,-0.039019056,0.999238467
1782472905.451044321,331.768752813,789,vicon_state_data,ball,1,0,0.682304899,-0.754174015,0.749821306,0.000000000,0.000000000,0.000000000,1.000000000,1,-0.822308128,-0.459881898,0.820637401,0.000000000,0.000000000,-0.039069318,0.999236503
1782472905.451274395,331.768982887,790,vicon_state_data,ball,1,0,0.760439994,-0.750994975,0.749593987,0.000000000,0.000000000,0.000000000,1.000000000,1,-0.822315033,-0.459862316,0.820663242,0.000000000,0.000000000,-0.039011765,0.999238751
1782472905.451505899,331.769214392,791,vicon_state_data,ball,1,0,0.796349758,-0.746849376,0.751813743,0.000000000,0.000000000,0.000000000,1.000000000,1,-0.822316097,-0.459837440,0.820659798,0.000000000,0.000000000,-0.038995319,0.999239393
1782472905.451738596,331.769447088,792,vicon_state_data,ball,1,0,0.818680907,-0.751812335,0.750187403,0.000000000,0.000000000,0.000000000,1.000000000,1,-0.822330868,-0.459850212,0.820671621,0.000000000,0.000000000,-0.038950608,0.999241137
1782472905.451961040,331.769669533,793,vicon_state_data,ball,1,0,0.699541419,-0.752697486,0.749448313,0.000000000,0.000000000,0.000000000,1.000000000,1,-0.822337693,-0.459858403,0.820681712,0.000000000,0.000000000,-0.038910497,0.999242700
1782472905.452183247,331.769891739,794,vicon_state_data,ball,1,0,0.959562800,-0.748536594,0.750456694,0.000000000,0.000000000,0.000000000,1.000000000,1,-0.822345527,-0.459808726,0.820684629,0.000000000,0.000000000,-0.038865645,0.999244445
1782472905.514056444,331.831764936,795,vicon_state_data,ball,1,0,0.793289889,-0.752928840,0.750123953,0.000000000,0.000000000,0.000000000,1.000000000,1,-0.822350642,-0.459813326,0.820659376,0.000000000,0.000000000,-0.038924863,0.999242140
1782472905.514501810,331.832210302,796,vicon_state_data,ball,1,0,0.711601811,-0.747779871,0.753008607,0.000000000,0.000000000,0.000000000,1.000000000,1,-0.822351628,-0.459819062,0.820667211,0.000000000,0.000000000,-0.038939600,0.999241566
1782472905.514759541,331.832468033,797,vicon_state_data,ball,1,0,0.708348261,-0.659834176,0.809825220,0.000000000,0.000000000,0.000000000,1.000000000,1,-0.822347094,-0.459815034,0.820653167,0.000000000,0.000000000,-0.039022659,0.999238326
1782472905.514995098,331.832703590,798,vicon_state_data,ball,1,0,0.625561021,-0.746372761,0.752942731,0.000000000,0.000000000,0.000000000,1.000000000,1,-0.822356484,-0.459807690,0.820653521,0.000000000,0.000000000,-0.039013798,0.999238672
1782472905.515228748,331.832937241,799,vicon_state_data,ball,1,0,0.637202317,-0.751405282,0.751823317,0.000000000,0.000000000,0.000000000,1.000000000,1,-0.822353031,-0.459796641,0.820647051,0.000000000,0.000000000,-0.039061833,0.999236795
1782472905.518341541,331.836050034,800,vicon_state_data,ball,1,0,0.636488340,-0.746242249,0.752749848,0.000000000,0.000000000,0.000000000,1.000000000,1,-0.822358808,-0.459778889,0.820625975,0.000000000,0.000000000,-0.039025809,0.999238203
1782472905.518560410,331.836268902,801,vicon_state_data,ball,1,0,0.696381306,-0.751685556,0.750823735,0.000000000,0.000000000,0.000000000,1.000000000,1,-0.822370599,-0.459795383,0.820644011,0.000000000,0.000000000,-0.038995944,0.999239369
1782472905.518759012,331.836467505,802,vicon_state_data,ball,1,0,0.830370885,-0.994345776,0.601675798,0.000000000,0.000000000,0.000000000,1.000000000,1,-0.822367853,-0.459778214,0.820625840,0.000000000,0.000000000,-0.039064579,0.999236688
1782472905.519000053,331.836708546,803,vicon_state_data,ball,1,0,0.630084940,-0.748160518,0.752165432,0.000000000,0.000000000,0.000000000,1.000000000,1,-0.822373790,-0.459785739,0.820648341,0.000000000,0.000000000,-0.038998652,0.999239263
1782472905.519250631,331.836959124,804,vicon_state_data,ball,1,0,0.733739025,-1.106487000,0.532091399,0.000000000,0.000000000,0.000000000,1.000000000,1,-0.822404006,-0.459734650,0.820687405,0.000000000,0.000000000,-0.038823800,0.999246072
1782472905.583081484,331.900789976,805,vicon_state_data,ball,1,0,0.847666308,-1.002332663,0.595463248,0.000000000,0.000000000,0.000000000,1.000000000,1,-0.822414147,-0.459739567,0.820699002,0.000000000,0.000000000,-0.038718156,0.999250171
1782472905.583841085,331.901549578,806,vicon_state_data,ball,1,0,0.847269437,-0.954544341,0.625035275,0.000000000,0.000000000,0.000000000,1.000000000,1,-0.822414084,-0.459735645,0.820690405,0.000000000,0.000000000,-0.038848444,0.999245114
1782472905.584395409,331.902103901,807,vicon_state_data,ball,1,0,0.876009169,-0.917295790,0.649488986,0.000000000,0.000000000,0.000000000,1.000000000,1,-0.822415121,-0.459734967,0.820687476,0.000000000,0.000000000,-0.038872114,0.999244194
1782472905.584922314,331.902630806,808,vicon_state_data,ball,1,0,0.881418583,-0.899580792,0.657972334,0.000000000,0.000000000,0.000000000,1.000000000,1,-0.822422853,-0.459719298,0.820684949,0.000000000,0.000000000,-0.038806002,0.999246763
1782472905.585432768,331.903141260,809,vicon_state_data,ball,1,0,0.761983973,-0.746534473,0.752070665,0.000000000,0.000000000,0.000000000,1.000000000,1,-0.822420491,-0.459690528,0.820682551,0.000000000,0.000000000,-0.038847311,0.999245158
1782472905.585919857,331.903628349,810,vicon_state_data,ball,1,0,0.692613861,-0.741118714,0.757195014,0.000000000,0.000000000,0.000000000,1.000000000,1,-0.822426938,-0.459683695,0.820679656,0.000000000,0.000000000,-0.038810854,0.999246575
1782472905.586407185,331.904115677,811,vicon_state_data,ball,1,0,0.611793924,-0.744947643,0.753754794,0.000000000,0.000000000,0.000000000,1.000000000,1,-0.822432896,-0.459680258,0.820682087,0.000000000,0.000000000,-0.038842493,0.999245346
1782472905.586904049,331.904612541,812,vicon_state_data,ball,1,0,0.685160558,-0.748765344,0.752895529,0.000000000,0.000000000,0.000000000,1.000000000,1,-0.822433537,-0.459656025,0.820710832,0.000000000,0.000000000,-0.038851527,0.999244994
1782472905.587384939,331.905093431,813,vicon_state_data,ball,1,0,0.680976429,-0.653340060,0.811003959,0.000000000,0.000000000,0.000000000,1.000000000,1,-0.822436058,-0.459653043,0.820701903,0.000000000,0.000000000,-0.038934237,0.999241775
1782472905.587870359,331.905578852,814,vicon_state_data,ball,1,0,0.888264658,-0.818018635,0.707757425,0.000000000,0.000000000,0.000000000,1.000000000,1,-0.822439017,-0.459642291,0.820698170,0.000000000,0.000000000,-0.038756471,0.999248686
1782472905.657064676,331.974773169,815,vicon_state_data,ball,1,0,0.751848934,-0.747003274,0.750680630,0.000000000,0.000000000,0.000000000,1.000000000,1,-0.822446119,-0.459655332,0.820687396,0.000000000,0.000000000,-0.038798586,0.999247051
1782472905.657798052,331.975506544,816,vicon_state_data,ball,1,0,0.762143976,-0.749918370,0.750784036,0.000000000,0.000000000,0.000000000,1.000000000,1,-0.822451733,-0.459632549,0.820683301,0.000000000,0.000000000,-0.038773171,0.999248038
1782472905.658301353,331.976009846,817,vicon_state_data,ball,1,0,0.961226586,-0.738912535,0.756510316,0.000000000,0.000000000,0.000000000,1.000000000,1,-0.822453549,-0.459632566,0.820666889,0.000000000,0.000000000,-0.038809411,0.999246631
1782472905.658783436,331.976491928,818,vicon_state_data,ball,1,0,0.922965585,-0.820411631,0.708070802,0.000000000,0.000000000,0.000000000,1.000000000,1,-0.822452509,-0.459604472,0.820664482,0.000000000,0.000000000,-0.038746065,0.999249089
1782472905.659320354,331.977028847,819,vicon_state_data,ball,1,0,0.762385754,-0.747201780,0.752679947,0.000000000,0.000000000,0.000000000,1.000000000,1,-0.822443735,-0.459618594,0.820643501,0.000000000,0.000000000,-0.038835564,0.999245615
1782472905.659802914,331.977511406,820,vicon_state_data,ball,1,0,0.866719948,-0.753636295,0.748585733,0.000000000,0.000000000,0.000000000,1.000000000,1,-0.822442531,-0.459623969,0.820658484,0.000000000,0.000000000,-0.038915900,0.999242489
1782472905.660285950,331.977994442,821,vicon_state_data,ball,1,0,0.829371926,-0.755443437,0.746461604,0.000000000,0.000000000,0.000000000,1.000000000,1,-0.822449543,-0.459634421,0.820644447,0.000000000,0.000000000,-0.038896300,0.999243253
1782472905.660756111,331.978464603,822,vicon_state_data,ball,1,0,0.834382616,-0.810366497,0.711838617,0.000000000,0.000000000,0.000000000,1.000000000,1,-0.822429913,-0.459604805,0.820656534,0.000000000,0.000000000,-0.039034265,0.999237873
1782472905.661237955,331.978946447,823,vicon_state_data,ball,1,0,0.961632955,-0.707495093,0.774058256,0.000000000,0.000000000,0.000000000,1.000000000,1,-0.822431539,-0.459618624,0.820581409,0.000000000,0.000000000,-0.038990537,0.999239580
1782472905.750566959,332.068275452,824,vicon_state_data,ball,1,0,0.890432914,-0.927441889,0.641830615,0.000000000,0.000000000,0.000000000,1.000000000,1,-0.822481312,-0.459584159,0.820621749,0.000000000,0.000000000,-0.038850910,0.999245018
1782472905.751001835,332.068710327,825,vicon_state_data,ball,1,0,0.868212474,-0.788587690,0.727767228,0.000000000,0.000000000,0.000000000,1.000000000,1,-0.822449460,-0.459582252,0.820584966,0.000000000,0.000000000,-0.039007837,0.999238905
1782472905.751267433,332.068975925,826,vicon_state_data,ball,1,0,0.834106868,-0.716925675,0.770145326,0.000000000,0.000000000,0.000000000,1.000000000,1,-0.822483884,-0.459559486,0.820632333,0.000000000,0.000000000,-0.038742461,0.999249229
1782472905.751515150,332.069223642,827,vicon_state_data,ball,1,0,0.832930555,-0.751564718,0.750291579,0.000000000,0.000000000,0.000000000,1.000000000,1,-0.822463339,-0.459549418,0.820608819,0.000000000,0.000000000,-0.038832648,0.999245728
1782472905.751758814,332.069467306,828,vicon_state_data,ball,1,0,0.758236893,-0.747445026,0.753496913,0.000000000,0.000000000,0.000000000,1.000000000,1,-0.822458809,-0.459541821,0.820602035,0.000000000,0.000000000,-0.038828871,0.999245875
1782472905.751973152,332.069681644,829,vicon_state_data,ball,1,0,0.643873654,-1.130393280,0.516352593,0.000000000,0.000000000,0.000000000,1.000000000,1,-0.822464045,-0.459561147,0.820614586,0.000000000,0.000000000,-0.038839672,0.999245455
1782472905.752172232,332.069880724,830,vicon_state_data,ball,1,0,0.898917865,-0.905567106,0.654527443,0.000000000,0.000000000,0.000000000,1.000000000,1,-0.822501036,-0.459524396,0.820697390,0.000000000,0.000000000,-0.038644650,0.999253017
1782472905.752415180,332.070123672,831,vicon_state_data,ball,1,0,0.894572619,-0.832686807,0.696784320,0.000000000,0.000000000,0.000000000,1.000000000,1,-0.822469730,-0.459556062,0.820638256,0.000000000,0.000000000,-0.038861745,0.999244597
1782472905.752651930,332.070360422,832,vicon_state_data,ball,1,0,0.833573175,-0.751669000,0.748392102,0.000000000,0.000000000,0.000000000,1.000000000,1,-0.822495838,-0.459530903,0.820699350,0.000000000,0.000000000,-0.038687189,0.999251370
1782472905.752893448,332.070601940,833,vicon_state_data,ball,1,0,0.715850992,-0.748651438,0.752376778,0.000000000,0.000000000,0.000000000,1.000000000,1,-0.822497731,-0.459434607,0.820646270,0.000000000,0.000000000,-0.038865578,0.999244448
1782472905.817090988,332.134799480,834,vicon_state_data,ball,1,0,0.745680362,-0.750078430,0.750505647,0.000000000,0.000000000,0.000000000,1.000000000,1,-0.822502043,-0.459447641,0.820645901,0.000000000,0.000000000,-0.038824434,0.999246047
1782472905.817563295,332.135271788,835,vicon_state_data,ball,1,0,0.760870641,-0.747004862,0.751756141,0.000000000,0.000000000,0.000000000,1.000000000,1,-0.822509227,-0.459453550,0.820645283,0.000000000,0.000000000,-0.038817120,0.999246332
1782472905.817836046,332.135544538,836,vicon_state_data,ball,1,0,0.816858670,-0.748712932,0.751351270,0.000000000,0.000000000,0.000000000,1.000000000,1,-0.822497701,-0.459449370,0.820636339,0.000000000,0.000000000,-0.038880216,0.999243879
1782472905.818140745,332.135849237,837,vicon_state_data,ball,1,0,0.797416633,-0.754068629,0.748101368,0.000000000,0.000000000,0.000000000,1.000000000,1,-0.822509122,-0.459453115,0.820647074,0.000000000,0.000000000,-0.038786279,0.999247529
1782472905.818405390,332.136113882,838,vicon_state_data,ball,1,0,0.706560284,-0.746952643,0.751965884,0.000000000,0.000000000,0.000000000,1.000000000,1,-0.822505581,-0.459461852,0.820671985,0.000000000,0.000000000,-0.038829176,0.999245863
1782472905.818664789,332.136373281,839,vicon_state_data,ball,1,0,0.813477385,-1.005596313,0.595195934,0.000000000,0.000000000,0.000000000,1.000000000,1,-0.822537901,-0.459423506,0.820707727,0.000000000,0.000000000,-0.038578536,0.999255571
1782472905.818901062,332.136609554,840,vicon_state_data,ball,1,0,0.848984030,-1.059579601,0.560863609,0.000000000,0.000000000,0.000000000,1.000000000,1,-0.822517082,-0.459433671,0.820660291,0.000000000,0.000000000,-0.038832431,0.999245737
1782472905.819144964,332.136853456,841,vicon_state_data,ball,1,0,0.770444669,-0.755854716,0.747498332,0.000000000,0.000000000,0.000000000,1.000000000,1,-0.822510824,-0.459426136,0.820668597,0.000000000,0.000000000,-0.038819402,0.999246243
1782472905.819395065,332.137103558,842,vicon_state_data,ball,1,0,0.781320065,-0.754777787,0.748997609,0.000000000,0.000000000,0.000000000,1.000000000,1,-0.822513197,-0.459428012,0.820654724,0.000000000,0.000000000,-0.038831261,0.999245782
1782472905.819635391,332.137343884,843,vicon_state_data,ball,1,0,0.818715451,-0.747646462,0.751847507,0.000000000,0.000000000,0.000000000,1.000000000,1,-0.822533640,-0.459378839,0.820604968,0.000000000,0.000000000,-0.038779460,0.999247794
1782472905.887282133,332.204990625,844,vicon_state_data,ball,1,0,0.817530903,-0.751617192,0.748026081,0.000000000,0.000000000,0.000000000,1.000000000,1,-0.822535214,-0.459357629,0.820627116,0.000000000,0.000000000,-0.038734833,0.999249525
1782472905.887809992,332.205518484,845,vicon_state_data,ball,1,0,0.738003773,-0.751634062,0.748711456,0.000000000,0.000000000,0.000000000,1.000000000,1,-0.822528394,-0.459352168,0.820597714,0.000000000,0.000000000,-0.038748956,0.999248977
1782472905.888161182,332.205869675,846,vicon_state_data,ball,1,0,0.948703226,-0.776460784,0.732962514,0.000000000,0.000000000,0.000000000,1.000000000,1,-0.822537367,-0.459397846,0.820602615,0.000000000,0.000000000,-0.038753138,0.999248815
1782472905.888482809,332.206191301,847,vicon_state_data,ball,1,0,0.955270892,-0.779510246,0.734161861,0.000000000,0.000000000,0.000000000,1.000000000,1,-0.822537403,-0.459389410,0.820592962,0.000000000,0.000000000,-0.038788409,0.999247446
1782472905.888743401,332.206451893,848,vicon_state_data,ball,1,0,0.841185256,-0.749479130,0.748633693,0.000000000,0.000000000,0.000000000,1.000000000,1,-0.822538230,-0.459372748,0.820599259,0.000000000,0.000000000,-0.038746252,0.999249082
1782472905.888990402,332.206698895,849,vicon_state_data,ball,1,0,0.879702784,-0.941586313,0.633156952,0.000000000,0.000000000,0.000000000,1.000000000,1,-0.822547565,-0.459366027,0.820611238,0.000000000,0.000000000,-0.038665592,0.999252206
1782472905.889229059,332.206937551,850,vicon_state_data,ball,1,0,0.854484781,-0.752152130,0.748696308,0.000000000,0.000000000,0.000000000,1.000000000,1,-0.822541150,-0.459377658,0.820607415,0.000000000,0.000000000,-0.038676223,0.999251795
1782472905.889489174,332.207197666,851,vicon_state_data,ball,1,0,0.847062100,-0.753457563,0.748069394,0.000000000,0.000000000,0.000000000,1.000000000,1,-0.822554542,-0.459394391,0.820615489,0.000000000,0.000000000,-0.038706731,0.999250614
1782472905.889732361,332.207440853,852,vicon_state_data,ball,1,0,0.889611639,-0.753272579,0.747627069,0.000000000,0.000000000,0.000000000,1.000000000,1,-0.822549908,-0.459349857,0.820620441,0.000000000,0.000000000,-0.038653669,0.999252668
1782472905.889961004,332.207669497,853,vicon_state_data,ball,1,0,0.907895040,-0.811301572,0.713026508,0.000000000,0.000000000,0.000000000,1.000000000,1,-0.822537432,-0.459295373,0.820619071,0.000000000,0.000000000,-0.038695920,0.999251032
1782472905.954656601,332.272365093,854,vicon_state_data,ball,1,0,0.752035401,-1.039209692,0.571663021,0.000000000,0.000000000,0.000000000,1.000000000,1,-0.822531574,-0.459285100,0.820639161,0.000000000,0.000000000,-0.038765677,0.999248329
1782472905.955101252,332.272809744,855,vicon_state_data,ball,1,0,0.869299434,-1.003207762,0.594489790,0.000000000,0.000000000,0.000000000,1.000000000,1,-0.822547620,-0.459309587,0.820658560,0.000000000,0.000000000,-0.038731994,0.999249635
1782472905.955376387,332.273084879,856,vicon_state_data,ball,1,0,0.888124108,-1.089619752,0.539241178,0.000000000,0.000000000,0.000000000,1.000000000,1,-0.822539851,-0.459305868,0.820616483,0.000000000,0.000000000,-0.038838971,0.999245483
1782472905.955638170,332.273346663,857,vicon_state_data,ball,1,0,0.733751497,-1.131007814,0.516275743,0.000000000,0.000000000,0.000000000,1.000000000,1,-0.822539427,-0.459328369,0.820628647,0.000000000,0.000000000,-0.038844126,0.999245282
1782472905.955893755,332.273602247,858,vicon_state_data,ball,1,0,0.827849043,-0.927767310,0.641059953,0.000000000,0.000000000,0.000000000,1.000000000,1,-0.822548920,-0.459326342,0.820611464,0.000000000,0.000000000,-0.038791270,0.999247335
1782472905.959660292,332.277368784,859,vicon_state_data,ball,1,0,0.963973557,-0.799177183,0.720457393,0.000000000,0.000000000,0.000000000,1.000000000,1,-0.822543938,-0.459319835,0.820605529,0.000000000,0.000000000,-0.038734997,0.999249518
1782472905.961696625,332.279405117,860,vicon_state_data,ball,1,0,0.946968906,-0.757394553,0.744653809,0.000000000,0.000000000,0.000000000,1.000000000,1,-0.822544732,-0.459296640,0.820615665,0.000000000,0.000000000,-0.038708817,0.999250533
1782472905.963675022,332.281383514,861,vicon_state_data,ball,1,0,0.895207893,-0.814774432,0.708384696,0.000000000,0.000000000,0.000000000,1.000000000,1,-0.822541461,-0.459281931,0.820604674,0.000000000,0.000000000,-0.038650193,0.999252802
1782472905.965656519,332.283365011,862,vicon_state_data,ball,1,0,0.963336902,-0.752025821,0.746815189,0.000000000,0.000000000,0.000000000,1.000000000,1,-0.822548792,-0.459319382,0.820615660,0.000000000,0.000000000,-0.038746367,0.999249078
1782472905.965876341,332.283584833,863,vicon_state_data,ball,1,0,0.840865628,-0.750647518,0.751800635,0.000000000,0.000000000,0.000000000,1.000000000,1,-0.822524425,-0.459245003,0.820626539,0.000000000,0.000000000,-0.038838299,0.999245509
1782472905.966099024,332.283807516,864,vicon_state_data,ball,1,0,0.883666141,-0.750450805,0.750265142,0.000000000,0.000000000,0.000000000,1.000000000,1,-0.822543721,-0.459248254,0.820642455,0.000000000,0.000000000,-0.038790116,0.999247380
1782472905.966350794,332.284059286,865,vicon_state_data,ball,1,0,0.841812632,-0.751104336,0.749163979,0.000000000,0.000000000,0.000000000,1.000000000,1,-0.822535659,-0.459267034,0.820640413,0.000000000,0.000000000,-0.038831197,0.999245785
1782472905.966589212,332.284297705,866,vicon_state_data,ball,1,0,0.861053173,-0.749015257,0.752177837,0.000000000,0.000000000,0.000000000,1.000000000,1,-0.822534560,-0.459259297,0.820658347,0.000000000,0.000000000,-0.038824094,0.999246061
1782472906.040089369,332.357797861,867,vicon_state_data,ball,1,0,0.833182811,-0.990015487,0.602808276,0.000000000,0.000000000,0.000000000,1.000000000,1,-0.822528524,-0.459263492,0.820635917,0.000000000,0.000000000,-0.038892765,0.999243390
1782472906.040536642,332.358245134,868,vicon_state_data,ball,1,0,0.834894382,-1.008004373,0.592627710,0.000000000,0.000000000,0.000000000,1.000000000,1,-0.822536168,-0.459253284,0.820664346,0.000000000,0.000000000,-0.038787709,0.999247474
1782472906.040802479,332.358510971,869,vicon_state_data,ball,1,0,0.818288157,-1.024436512,0.582152256,0.000000000,0.000000000,0.000000000,1.000000000,1,-0.822546902,-0.459271302,0.820659305,0.000000000,0.000000000,-0.038861442,0.999244609
1782472906.041046619,332.358755112,870,vicon_state_data,ball,1,0,0.825293077,-0.977773746,0.610775893,0.000000000,0.000000000,0.000000000,1.000000000,1,-0.822536523,-0.459258890,0.820644540,0.000000000,0.000000000,-0.038813537,0.999246471
1782472906.041287661,332.358996153,871,vicon_state_data,ball,1,0,0.755378307,-1.130859572,0.517276592,0.000000000,0.000000000,0.000000000,1.000000000,1,-0.822546999,-0.459254335,0.820641528,0.000000000,0.000000000,-0.038827314,0.999245936
1782472906.041535139,332.359243631,872,vicon_state_data,ball,1,0,0.816301317,-1.017741801,0.586551346,0.000000000,0.000000000,0.000000000,1.000000000,1,-0.822543090,-0.459255389,0.820621513,0.000000000,0.000000000,-0.038806802,0.999246732
1782472906.041801453,332.359509945,873,vicon_state_data,ball,1,0,0.887763346,-0.924360009,0.643731526,0.000000000,0.000000000,0.000000000,1.000000000,1,-0.822552013,-0.459237762,0.820595808,0.000000000,0.000000000,-0.038715224,0.999250285
1782472906.042047739,332.359756231,874,vicon_state_data,ball,1,0,0.895191056,-0.935056181,0.637354991,0.000000000,0.000000000,0.000000000,1.000000000,1,-0.822562968,-0.459245404,0.820585881,0.000000000,0.000000000,-0.038620261,0.999253959
1782472906.042282581,332.359991074,875,vicon_state_data,ball,1,0,0.973980011,-0.935998787,0.633714457,0.000000000,0.000000000,0.000000000,1.000000000,1,-0.822559289,-0.459262674,0.820586627,0.000000000,0.000000000,-0.038671545,0.999251976
1782472906.042509794,332.360218287,876,vicon_state_data,ball,1,0,0.786929299,-1.061989450,0.557493040,0.000000000,0.000000000,0.000000000,1.000000000,1,-0.822559718,-0.459263108,0.820663506,0.000000000,0.000000000,-0.038693867,0.999251112
1782472906.106230497,332.423938990,877,vicon_state_data,ball,1,0,0.796884076,-1.065160143,0.555428648,0.000000000,0.000000000,0.000000000,1.000000000,1,-0.822551745,-0.459241329,0.820657376,0.000000000,0.000000000,-0.038757361,0.999248651
1782472906.106798887,332.424507380,878,vicon_state_data,ball,1,0,0.792157368,-0.748360116,0.752624352,0.000000000,0.000000000,0.000000000,1.000000000,1,-0.822571142,-0.459268627,0.820666206,0.000000000,0.000000000,-0.038743050,0.999249206
1782472906.107091904,332.424800396,879,vicon_state_data,ball,1,0,0.864650458,-0.755080335,0.749245728,0.000000000,0.000000000,0.000000000,1.000000000,1,-0.822558195,-0.459261772,0.820633975,0.000000000,0.000000000,-0.038801389,0.999246943
1782472906.107345819,332.425054312,880,vicon_state_data,ball,1,0,0.837359824,-0.749732881,0.751597212,0.000000000,0.000000000,0.000000000,1.000000000,1,-0.822561803,-0.459238413,0.820648939,0.000000000,0.000000000,-0.038727716,0.999249801
1782472906.107590437,332.425298929,881,vicon_state_data,ball,1,0,0.825073700,-0.739408620,0.757264641,0.000000000,0.000000000,0.000000000,1.000000000,1,-0.822558712,-0.459243071,0.820618808,0.000000000,0.000000000,-0.038839905,0.999245446
1782472906.107832432,332.425540924,882,vicon_state_data,ball,1,0,0.843307839,-1.048800422,0.564389919,0.000000000,0.000000000,0.000000000,1.000000000,1,-0.822556964,-0.459244099,0.820619929,0.000000000,0.000000000,-0.038662447,0.999252328
1782472906.108087063,332.425795555,883,vicon_state_data,ball,1,0,0.782822299,-1.045914644,0.568461008,0.000000000,0.000000000,0.000000000,1.000000000,1,-0.822554861,-0.459254843,0.820606382,0.000000000,0.000000000,-0.038728762,0.999249760
1782472906.108339787,332.426048279,884,vicon_state_data,ball,1,0,0.795303012,-0.995628470,0.599722772,0.000000000,0.000000000,0.000000000,1.000000000,1,-0.822566359,-0.459230821,0.820601842,0.000000000,0.000000000,-0.038684953,0.999251457
1782472906.108577490,332.426285982,885,vicon_state_data,ball,1,0,0.864394385,-0.935851486,0.637619643,0.000000000,0.000000000,0.000000000,1.000000000,1,-0.822566967,-0.459252278,0.820626257,0.000000000,0.000000000,-0.038661608,0.999252361
1782472906.108811617,332.426520109,886,vicon_state_data,ball,1,0,0.769365645,-1.099808844,0.536908142,0.000000000,0.000000000,0.000000000,1.000000000,1,-0.822550541,-0.459225320,0.820602393,0.000000000,0.000000000,-0.038675799,0.999251811
1782472906.109057188,332.426765680,887,vicon_state_data,ball,1,0,0.878458585,-0.749812817,0.750339980,0.000000000,0.000000000,0.000000000,1.000000000,1,-0.822559075,-0.459302610,0.820685439,0.000000000,0.000000000,-0.038612639,0.999254254
1782472906.174679279,332.492387772,888,vicon_state_data,ball,1,0,0.800584862,-0.747060754,0.752592024,0.000000000,0.000000000,0.000000000,1.000000000,1,-0.822557285,-0.459296677,0.820686678,0.000000000,0.000000000,-0.038589546,0.999255146
1782472906.175460815,332.493169308,889,vicon_state_data,ball,1,0,0.942144506,-0.751930775,0.748650245,0.000000000,0.000000000,0.000000000,1.000000000,1,-0.822565881,-0.459297584,0.820670376,0.000000000,0.000000000,-0.038630635,0.999253558
1782472906.175997019,332.493705511,890,vicon_state_data,ball,1,0,0.935570134,-0.750911326,0.750748621,0.000000000,0.000000000,0.000000000,1.000000000,1,-0.822560929,-0.459287623,0.820646890,0.000000000,0.000000000,-0.038685421,0.999251439
1782472906.176472425,332.494180918,891,vicon_state_data,ball,1,0,0.856504781,-0.744465580,0.748580657,0.000000000,0.000000000,0.000000000,1.000000000,1,-0.822550301,-0.459262293,0.820655689,0.000000000,0.000000000,-0.038645718,0.999252975
1782472906.176914215,332.494622707,892,vicon_state_data,ball,1,0,0.984773031,-0.779937192,0.732308470,0.000000000,0.000000000,0.000000000,1.000000000,1,-0.822546835,-0.459258144,0.820661514,0.000000000,0.000000000,-0.038684412,0.999251478
1782472906.177422523,332.495131016,893,vicon_state_data,ball,1,0,0.957650573,-0.747096862,0.749761767,0.000000000,0.000000000,0.000000000,1.000000000,1,-0.822546893,-0.459263525,0.820641641,0.000000000,0.000000000,-0.038665928,0.999252193
1782472906.177927256,332.495635748,894,vicon_state_data,ball,1,0,0.957162122,-0.747081923,0.750865319,0.000000000,0.000000000,0.000000000,1.000000000,1,-0.822554164,-0.459237228,0.820640295,0.000000000,0.000000000,-0.038658494,0.999252481
1782472906.178424120,332.496132612,895,vicon_state_data,ball,1,0,0.960757630,-0.752598812,0.746657513,0.000000000,0.000000000,0.000000000,1.000000000,1,-0.822538697,-0.459225228,0.820640753,0.000000000,0.000000000,-0.038700105,0.999250870
1782472906.178917646,332.496626139,896,vicon_state_data,ball,1,0,0.853690264,-0.747383910,0.748156049,0.000000000,0.000000000,0.000000000,1.000000000,1,-0.822541357,-0.459239501,0.820636000,0.000000000,0.000000000,-0.038733412,0.999249580
1782472906.179408073,332.497116566,897,vicon_state_data,ball,1,0,0.859103935,-0.752198949,0.748811184,0.000000000,0.000000000,0.000000000,1.000000000,1,-0.822543829,-0.459245660,0.820640865,0.000000000,0.000000000,-0.038699031,0.999250912
1782472906.179890633,332.497599125,898,vicon_state_data,ball,1,0,0.950747556,-0.753938139,0.746481316,0.000000000,0.000000000,0.000000000,1.000000000,1,-0.822538960,-0.459297429,0.820645101,0.000000000,0.000000000,-0.038631738,0.999253516
1782472906.180371523,332.498080015,899,vicon_state_data,ball,1,0,0.921383746,-0.830153806,0.699625206,0.000000000,0.000000000,0.000000000,1.000000000,1,-0.822540874,-0.459283982,0.820648960,0.000000000,0.000000000,-0.038536273,0.999257202
1782472906.249649763,332.567358255,900,vicon_state_data,ball,1,0,0.838024597,-0.853903074,0.687298167,0.000000000,0.000000000,0.000000000,1.000000000,1,-0.822534897,-0.459240779,0.820642969,0.000000000,0.000000000,-0.038477201,0.999259478
1782472906.250137568,332.567846060,901,vicon_state_data,ball,1,0,0.795528058,-0.827241008,0.701481543,0.000000000,0.000000000,0.000000000,1.000000000,1,-0.822526995,-0.459256187,0.820623133,0.000000000,0.000000000,-0.038525048,0.999257635
1782472906.250433207,332.568141699,902,vicon_state_data,ball,1,0,0.857679996,-0.752898844,0.749455079,0.000000000,0.000000000,0.000000000,1.000000000,1,-0.822530648,-0.459263193,0.820630167,0.000000000,0.000000000,-0.038553970,0.999256519
1782472906.250684261,332.568392754,903,vicon_state_data,ball,1,0,0.773325788,-1.040600859,0.572249434,0.000000000,0.000000000,0.000000000,1.000000000,1,-0.822523945,-0.459266132,0.820596632,0.000000000,0.000000000,-0.038637553,0.999253291
1782472906.250927210,332.568635702,904,vicon_state_data,ball,1,0,0.809849554,-1.109362625,0.529789196,0.000000000,0.000000000,0.000000000,1.000000000,1,-0.822519891,-0.459225170,0.820597546,0.000000000,0.000000000,-0.038497665,0.999258690
1782472906.251184225,332.568892717,905,vicon_state_data,ball,1,0,0.888585011,-0.923017554,0.644509252,0.000000000,0.000000000,0.000000000,1.000000000,1,-0.822531622,-0.459221639,0.820611932,0.000000000,0.000000000,-0.038483339,0.999259242
1782472906.251435280,332.569143772,906,vicon_state_data,ball,1,0,0.896489696,-0.900756437,0.657542060,0.000000000,0.000000000,0.000000000,1.000000000,1,-0.822532015,-0.459223653,0.820614021,0.000000000,0.000000000,-0.038549091,0.999256708
1782472906.251684189,332.569392681,907,vicon_state_data,ball,1,0,0.882286695,-0.864168448,0.680487871,0.000000000,0.000000000,0.000000000,1.000000000,1,-0.822520796,-0.459199978,0.820595458,0.000000000,0.000000000,-0.038662958,0.999252308
1782472906.251927376,332.569635868,908,vicon_state_data,ball,1,0,0.918158787,-0.928913042,0.637416774,0.000000000,0.000000000,0.000000000,1.000000000,1,-0.822515127,-0.459186889,0.820596176,0.000000000,0.000000000,-0.038606034,0.999254509
1782472906.338944197,332.656652689,909,vicon_state_data,ball,1,0,0.962889261,-0.751389903,0.748365001,0.000000000,0.000000000,0.000000000,1.000000000,1,-0.822491061,-0.459221899,0.820602102,0.000000000,0.000000000,-0.038506228,0.999258360
1782472906.339451551,332.657160044,910,vicon_state_data,ball,1,0,0.899652355,-1.007448538,0.593132125,0.000000000,0.000000000,0.000000000,1.000000000,1,-0.822492667,-0.459218303,0.820595968,0.000000000,0.000000000,-0.038471344,0.999259704
1782472906.339744329,332.657452822,911,vicon_state_data,ball,1,0,0.956899689,-0.747476609,0.750630712,0.000000000,0.000000000,0.000000000,1.000000000,1,-0.822499222,-0.459236650,0.820576143,0.000000000,0.000000000,-0.038494450,0.999258814
1782472906.340006590,332.657715082,912,vicon_state_data,ball,1,0,0.951951166,-0.754735062,0.748114097,0.000000000,0.000000000,0.000000000,1.000000000,1,-0.822499990,-0.459238728,0.820576625,0.000000000,0.000000000,-0.038395879,0.999262606
1782472906.340261459,332.657969952,913,vicon_state_data,ball,1,0,0.956165532,-0.778026389,0.733812431,0.000000000,0.000000000,0.000000000,1.000000000,1,-0.822509630,-0.459231413,0.820571819,0.000000000,0.000000000,-0.038418534,0.999261736
1782472906.340508699,332.658217192,914,vicon_state_data,ball,1,0,0.973796323,-0.776618916,0.735019013,0.000000000,0.000000000,0.000000000,1.000000000,1,-0.822507666,-0.459252843,0.820569238,0.000000000,0.000000000,-0.038379953,0.999263218
1782472906.340769768,332.658478260,915,vicon_state_data,ball,1,0,0.967145864,-0.893670726,0.660576228,0.000000000,0.000000000,0.000000000,1.000000000,1,-0.822498948,-0.459248127,0.820558449,0.000000000,0.000000000,-0.038426557,0.999261427
1782472906.341018915,332.658727407,916,vicon_state_data,ball,1,0,0.959736668,-0.749013111,0.752507695,0.000000000,0.000000000,0.000000000,1.000000000,1,-0.822504993,-0.459236021,0.820568970,0.000000000,0.000000000,-0.038419920,0.999261682
1782472906.341272354,332.658980846,917,vicon_state_data,ball,1,0,0.931462578,-0.753563583,0.748235881,0.000000000,0.000000000,0.000000000,1.000000000,1,-0.822491736,-0.459229243,0.820593643,0.000000000,0.000000000,-0.038377363,0.999263318
1782472906.341581821,332.659290314,918,vicon_state_data,ball,1,0,0.877212864,-0.990494861,0.602289222,0.000000000,0.000000000,0.000000000,1.000000000,1,-0.822496682,-0.459238985,0.820593085,0.000000000,0.000000000,-0.038317334,0.999265621
1782472906.341884851,332.659593344,919,vicon_state_data,ball,1,0,0.826521539,-0.977644829,0.609429677,0.000000000,0.000000000,0.000000000,1.000000000,1,-0.822460577,-0.459273843,0.820615001,0.000000000,0.000000000,-0.038352621,0.999264268
1782472906.407988787,332.725697279,920,vicon_state_data,ball,1,0,0.881410711,-0.905896627,0.655303230,0.000000000,0.000000000,0.000000000,1.000000000,1,-0.822468515,-0.459260263,0.820639091,0.000000000,0.000000000,-0.038274372,0.999267268
1782472906.409941673,332.727650166,921,vicon_state_data,ball,1,0,0.778028588,-0.816328122,0.708026014,0.000000000,0.000000000,0.000000000,1.000000000,1,-0.822476724,-0.459273379,0.820638798,0.000000000,0.000000000,-0.038281074,0.999267011
1782472906.411601782,332.729310274,922,vicon_state_data,ball,1,0,0.774399075,-0.747908153,0.751020601,0.000000000,0.000000000,0.000000000,1.000000000,1,-0.822476569,-0.459273770,0.820654144,0.000000000,0.000000000,-0.038273605,0.999267297
1782472906.414555788,332.732264280,923,vicon_state_data,ball,1,0,0.826060133,-0.784900922,0.730451976,0.000000000,0.000000000,0.000000000,1.000000000,1,-0.822478782,-0.459264274,0.820657601,0.000000000,0.000000000,-0.038166755,0.999271384
1782472906.417597532,332.735306025,924,vicon_state_data,ball,1,0,0.854941648,-0.751587310,0.750549580,0.000000000,0.000000000,0.000000000,1.000000000,1,-0.822476634,-0.459281881,0.820656988,0.000000000,0.000000000,-0.038266713,0.999267561
1782472906.417838812,332.735547304,925,vicon_state_data,ball,1,0,0.861618075,-0.748934898,0.750632348,0.000000000,0.000000000,0.000000000,1.000000000,1,-0.822473151,-0.459294800,0.820646392,0.000000000,0.000000000,-0.038265811,0.999267596
1782472906.418063879,332.735772371,926,vicon_state_data,ball,1,0,0.874688289,-0.746739566,0.752276829,0.000000000,0.000000000,0.000000000,1.000000000,1,-0.822480704,-0.459316941,0.820653991,0.000000000,0.000000000,-0.038296017,0.999266438
1782472906.418344736,332.736053228,927,vicon_state_data,ball,1,0,0.816096667,-0.961341509,0.621464549,0.000000000,0.000000000,0.000000000,1.000000000,1,-0.822470286,-0.459324464,0.820628235,0.000000000,0.000000000,-0.038312435,0.999265809
1782472906.418613434,332.736321926,928,vicon_state_data,ball,1,0,0.862241520,-0.941455761,0.633475678,0.000000000,0.000000000,0.000000000,1.000000000,1,-0.822472423,-0.459330646,0.820609430,0.000000000,0.000000000,-0.038349966,0.999264369
1782472906.418865442,332.736573935,929,vicon_state_data,ball,1,0,0.863376741,-0.885189115,0.667380726,0.000000000,0.000000000,0.000000000,1.000000000,1,-0.822462755,-0.459339199,0.820609859,0.000000000,0.000000000,-0.038335499,0.999264925
1782472906.419117928,332.736826420,930,vicon_state_data,ball,1,0,0.843725289,-0.745440027,0.751964886,0.000000000,0.000000000,0.000000000,1.000000000,1,-0.822432035,-0.459349238,0.820637715,0.000000000,0.000000000,-0.038504057,0.999258444
1782472906.419373274,332.737081766,931,vicon_state_data,ball,1,0,0.907250045,-0.746549973,0.751590151,0.000000000,0.000000000,0.000000000,1.000000000,1,-0.822415978,-0.459336169,0.820650293,0.000000000,0.000000000,-0.038427324,0.999261398
1782472906.419621229,332.737329721,932,vicon_state_data,ball,1,0,0.860944900,-0.750370951,0.749822922,0.000000000,0.000000000,0.000000000,1.000000000,1,-0.822430681,-0.459351381,0.820666277,0.000000000,0.000000000,-0.038428615,0.999261348
1782472906.419862509,332.737571001,933,vicon_state_data,ball,1,0,0.962371293,-0.759542904,0.740856106,0.000000000,0.000000000,0.000000000,1.000000000,1,-0.822414922,-0.459333951,0.820678182,0.000000000,0.000000000,-0.038379632,0.999263230
1782472906.487897396,332.805605888,934,vicon_state_data,ball,1,0,1.002448909,-0.867066909,0.678329165,0.000000000,0.000000000,0.000000000,1.000000000,1,-0.822425730,-0.459355036,0.820697252,0.000000000,0.000000000,-0.038401081,0.999262406
1782472906.488489151,332.806197643,935,vicon_state_data,ball,1,0,0.898898035,-0.878258465,0.672433789,0.000000000,0.000000000,0.000000000,1.000000000,1,-0.822416988,-0.459342154,0.820695003,0.000000000,0.000000000,-0.038348249,0.999264435
1782472906.488862514,332.806571007,936,vicon_state_data,ball,1,0,0.871885189,-0.916832525,0.648882742,0.000000000,0.000000000,0.000000000,1.000000000,1,-0.822412597,-0.459335912,0.820702973,0.000000000,0.000000000,-0.038311042,0.999265863
1782472906.489148378,332.806856871,937,vicon_state_data,ball,1,0,0.899375735,-1.068264884,0.555148871,0.000000000,0.000000000,0.000000000,1.000000000,1,-0.822413253,-0.459362595,0.820684588,0.000000000,0.000000000,-0.038481788,0.999259302
1782472906.489425659,332.807134151,938,vicon_state_data,ball,1,0,0.903520748,-0.826971947,0.703365902,0.000000000,0.000000000,0.000000000,1.000000000,1,-0.822405364,-0.459362289,0.820684837,0.000000000,0.000000000,-0.038424399,0.999261510
1782472906.489679337,332.807387829,939,vicon_state_data,ball,1,0,0.901331409,-0.839826801,0.694840642,0.000000000,0.000000000,0.000000000,1.000000000,1,-0.822400804,-0.459365987,0.820651545,0.000000000,0.000000000,-0.038423719,0.999261536
1782472906.489928246,332.807636738,940,vicon_state_data,ball,1,0,0.941693723,-0.773913234,0.734827050,0.000000000,0.000000000,0.000000000,1.000000000,1,-0.822401157,-0.459386799,0.820642491,0.000000000,0.000000000,-0.038433738,0.999261151
1782472906.490184307,332.807892799,941,vicon_state_data,ball,1,0,0.948962183,-0.793373091,0.722312035,0.000000000,0.000000000,0.000000000,1.000000000,1,-0.822404731,-0.459362827,0.820635778,0.000000000,0.000000000,-0.038368255,0.999263667
1782472906.490434885,332.808143377,942,vicon_state_data,ball,1,0,0.897461146,-0.750826675,0.750443578,0.000000000,0.000000000,0.000000000,1.000000000,1,-0.822404460,-0.459387060,0.820601309,0.000000000,0.000000000,-0.038483742,0.999259226
1782472906.490680218,332.808388710,943,vicon_state_data,ball,1,0,0.900673517,-0.754136151,0.746638144,0.000000000,0.000000000,0.000000000,1.000000000,1,-0.822402556,-0.459368840,0.820601495,0.000000000,0.000000000,-0.038340042,0.999264750
1782472906.490921259,332.808629751,944,vicon_state_data,ball,1,0,0.811252746,-0.994227855,0.601932823,0.000000000,0.000000000,0.000000000,1.000000000,1,-0.822366618,-0.459403300,0.820652419,0.000000000,0.000000000,-0.038336128,0.999264900
1782472906.556951761,332.874660254,945,vicon_state_data,ball,1,0,0.802707447,-0.888883583,0.666369241,0.000000000,0.000000000,0.000000000,1.000000000,1,-0.822369932,-0.459397126,0.820654674,0.000000000,0.000000000,-0.038301576,0.999266225
1782472906.557432175,332.875140667,946,vicon_state_data,ball,1,0,0.906896593,-0.847996043,0.691838383,0.000000000,0.000000000,0.000000000,1.000000000,1,-0.822370568,-0.459424858,0.820664571,0.000000000,0.000000000,-0.038311242,0.999265855
1782472906.557725668,332.875434160,947,vicon_state_data,ball,1,0,0.927415237,-0.798047988,0.720316801,0.000000000,0.000000000,0.000000000,1.000000000,1,-0.822355732,-0.459401101,0.820639098,0.000000000,0.000000000,-0.038356697,0.999264111
1782472906.557986498,332.875694990,948,vicon_state_data,ball,1,0,0.985202107,-0.798480606,0.720253486,0.000000000,0.000000000,0.000000000,1.000000000,1,-0.822359718,-0.459418777,0.820650643,0.000000000,0.000000000,-0.038325067,0.999265325
1782472906.558251619,332.875960112,949,vicon_state_data,ball,1,0,0.949017609,-0.786731410,0.728340717,0.000000000,0.000000000,0.000000000,1.000000000,1,-0.822363408,-0.459426818,0.820641504,0.000000000,0.000000000,-0.038351572,0.999264308
1782472906.558523655,332.876232147,950,vicon_state_data,ball,1,0,0.929108273,-0.784894254,0.730171133,0.000000000,0.000000000,0.000000000,1.000000000,1,-0.822358231,-0.459439627,0.820608518,0.000000000,0.000000000,-0.038329445,0.999265157
1782472906.558779955,332.876488447,951,vicon_state_data,ball,1,0,0.917902008,-0.759249532,0.743570957,0.000000000,0.000000000,0.000000000,1.000000000,1,-0.822360320,-0.459418274,0.820607146,0.000000000,0.000000000,-0.038361262,0.999263936
1782472906.559028387,332.876736879,952,vicon_state_data,ball,1,0,0.926377126,-0.753396420,0.750535983,0.000000000,0.000000000,0.000000000,1.000000000,1,-0.822347164,-0.459416717,0.820596497,0.000000000,0.000000000,-0.038391062,0.999262791
1782472906.559318542,332.877027035,953,vicon_state_data,ball,1,0,0.978799246,-0.729171656,0.763539075,0.000000000,0.000000000,0.000000000,1.000000000,1,-0.822348156,-0.459391127,0.820587040,0.000000000,0.000000000,-0.038285932,0.999266825
1782472906.559585810,332.877294302,954,vicon_state_data,ball,1,0,0.829243406,-0.847901829,0.691942084,0.000000000,0.000000000,0.000000000,1.000000000,1,-0.822329232,-0.459492043,0.820579087,0.000000000,0.000000000,-0.038124250,0.999273007
1782472906.562558174,332.880266666,955,vicon_state_data,ball,1,0,0.781559568,-0.746258504,0.751434684,0.000000000,0.000000000,0.000000000,1.000000000,1,-0.822329354,-0.459487914,0.820592625,0.000000000,0.000000000,-0.038154220,0.999271863
1782472906.565578222,332.883286715,956,vicon_state_data,ball,1,0,0.934229666,-0.758917536,0.745034697,0.000000000,0.000000000,0.000000000,1.000000000,1,-0.822333610,-0.459520917,0.820604816,0.000000000,0.000000000,-0.038142172,0.999272323
1782472906.568575144,332.886283636,957,vicon_state_data,ball,1,0,1.006623757,-0.880025644,0.669572076,0.000000000,0.000000000,0.000000000,1.000000000,1,-0.822343134,-0.459540082,0.820613630,0.000000000,0.000000000,-0.038127543,0.999272881
1782472906.571753502,332.889461994,958,vicon_state_data,ball,1,0,0.959163914,-0.806729290,0.715470785,0.000000000,0.000000000,0.000000000,1.000000000,1,-0.822331375,-0.459521858,0.820619404,0.000000000,0.000000000,-0.038163068,0.999271525
1782472906.638726473,332.956434965,959,vicon_state_data,ball,1,0,0.900219151,-0.749296449,0.751522101,0.000000000,0.000000000,0.000000000,1.000000000,1,-0.822330411,-0.459524595,0.820615576,0.000000000,0.000000000,-0.038140221,0.999272397
1782472906.641939163,332.959647655,960,vicon_state_data,ball,1,0,0.911293825,-0.751237025,0.748680006,0.000000000,0.000000000,0.000000000,1.000000000,1,-0.822328558,-0.459512511,0.820601359,0.000000000,0.000000000,-0.038117351,0.999273270
1782472906.645003557,332.962712049,961,vicon_state_data,ball,1,0,0.863107054,-0.753185792,0.747769036,0.000000000,0.000000000,0.000000000,1.000000000,1,-0.822330005,-0.459519613,0.820588252,0.000000000,0.000000000,-0.038168747,0.999271308
1782472906.648054838,332.965763330,962,vicon_state_data,ball,1,0,0.883568199,-0.900822830,0.657868639,0.000000000,0.000000000,0.000000000,1.000000000,1,-0.822318524,-0.459509356,0.820601931,0.000000000,0.000000000,-0.038104940,0.999273743
1782472906.651205301,332.968913794,963,vicon_state_data,ball,1,0,0.757810098,-0.941342108,0.632161270,0.000000000,0.000000000,0.000000000,1.000000000,1,-0.822322256,-0.459525457,0.820615189,0.000000000,0.000000000,-0.038090113,0.999274308
1782472906.655046940,332.972755432,964,vicon_state_data,ball,1,0,0.820409886,-1.037302658,0.573802041,0.000000000,0.000000000,0.000000000,1.000000000,1,-0.822320013,-0.459501108,0.820598769,0.000000000,0.000000000,-0.038068256,0.999275141
1782472906.658984900,332.976693392,965,vicon_state_data,ball,1,0,0.728612741,-1.131295235,0.515936899,0.000000000,0.000000000,0.000000000,1.000000000,1,-0.822321399,-0.459532367,0.820602391,0.000000000,0.000000000,-0.038120276,0.999273158
1782472906.662885666,332.980594158,966,vicon_state_data,ball,1,0,0.733359729,-1.107169547,0.532132760,0.000000000,0.000000000,0.000000000,1.000000000,1,-0.822313710,-0.459505965,0.820622802,0.000000000,0.000000000,-0.038140790,0.999272375
1782472906.666708946,332.984417439,967,vicon_state_data,ball,1,0,0.796638419,-1.139446611,0.510465108,0.000000000,0.000000000,0.000000000,1.000000000,1,-0.822311225,-0.459513652,0.820634374,0.000000000,0.000000000,-0.038041888,0.999276145
1782472906.670575619,332.988284111,968,vicon_state_data,ball,1,0,0.957380531,-0.725127590,0.765791859,0.000000000,0.000000000,0.000000000,1.000000000,1,-0.822277060,-0.459613242,0.820621141,0.000000000,0.000000000,-0.038162945,0.999271529
1782472906.670841455,332.988549948,969,vicon_state_data,ball,1,0,0.873036589,-0.748473171,0.751740493,0.000000000,0.000000000,0.000000000,1.000000000,1,-0.822287023,-0.459635412,0.820593600,0.000000000,0.000000000,-0.038189070,0.999270531
1782472906.671066761,332.988775253,970,vicon_state_data,ball,1,0,0.906336531,-0.751653898,0.750719220,0.000000000,0.000000000,0.000000000,1.000000000,1,-0.822311099,-0.459596985,0.820680123,0.000000000,0.000000000,-0.037865853,0.999282831
1782472906.671346664,332.989055157,971,vicon_state_data,ball,1,0,0.909964633,-0.935180605,0.635387966,0.000000000,0.000000000,0.000000000,1.000000000,1,-0.822280583,-0.459598611,0.820623422,0.000000000,0.000000000,-0.038050181,0.999275830
1782472906.671605110,332.989313602,972,vicon_state_data,ball,1,0,0.903571603,-0.902318009,0.656963837,0.000000000,0.000000000,0.000000000,1.000000000,1,-0.822288384,-0.459623010,0.820608712,0.000000000,0.000000000,-0.038039187,0.999276248
1782472906.671888590,332.989597082,973,vicon_state_data,ball,1,0,0.977776679,-0.863726552,0.677306141,0.000000000,0.000000000,0.000000000,1.000000000,1,-0.822285588,-0.459612027,0.820602472,0.000000000,0.000000000,-0.038087664,0.999274402
1782472906.672160864,332.989869356,974,vicon_state_data,ball,1,0,0.924515530,-0.868848486,0.677261267,0.000000000,0.000000000,0.000000000,1.000000000,1,-0.822274988,-0.459586317,0.820624633,0.000000000,0.000000000,-0.038020609,0.999276955
1782472906.672421932,332.990130424,975,vicon_state_data,ball,1,0,0.915514599,-0.847832779,0.690814352,0.000000000,0.000000000,0.000000000,1.000000000,1,-0.822272187,-0.459603244,0.820619665,0.000000000,0.000000000,-0.038113593,0.999273413
1782472906.672669649,332.990378141,976,vicon_state_data,ball,1,0,0.907257255,-0.847278835,0.692296607,0.000000000,0.000000000,0.000000000,1.000000000,1,-0.822273632,-0.459618375,0.820611846,0.000000000,0.000000000,-0.038098634,0.999273984
1782472906.672931910,332.990640402,977,vicon_state_data,ball,1,0,0.914187332,-0.848288524,0.690423086,0.000000000,0.000000000,0.000000000,1.000000000,1,-0.822263725,-0.459632572,0.820618263,0.000000000,0.000000000,-0.038216878,0.999269468
1782472906.738907099,333.056615591,978,vicon_state_data,ball,1,0,0.888613065,-0.753715787,0.746975108,0.000000000,0.000000000,0.000000000,1.000000000,1,-0.822264435,-0.459614544,0.820650046,0.000000000,0.000000000,-0.038108882,0.999273593
1782472906.739397526,333.057106018,979,vicon_state_data,ball,1,0,0.859611990,-0.752869334,0.749388980,0.000000000,0.000000000,0.000000000,1.000000000,1,-0.822250683,-0.459636192,0.820651278,0.000000000,0.000000000,-0.038159156,0.999271674
1782472906.739697933,333.057406425,980,vicon_state_data,ball,1,0,0.905700902,-0.748392361,0.751310585,0.000000000,0.000000000,0.000000000,1.000000000,1,-0.822247103,-0.459629493,0.820650421,0.000000000,0.000000000,-0.038212264,0.999269645
1782472906.739961624,333.057670116,981,vicon_state_data,ball,1,0,0.919948706,-0.750375606,0.749671205,0.000000000,0.000000000,0.000000000,1.000000000,1,-0.822254943,-0.459618930,0.820654447,0.000000000,0.000000000,-0.038159491,0.999271661
1782472906.740219831,333.057928324,982,vicon_state_data,ball,1,0,0.769629464,-0.746187098,0.753858314,0.000000000,0.000000000,0.000000000,1.000000000,1,-0.822243050,-0.459638413,0.820651912,0.000000000,0.000000000,-0.038223713,0.999269207
1782472906.740486860,333.058195353,983,vicon_state_data,ball,1,0,0.794965578,-0.752242418,0.749086194,0.000000000,0.000000000,0.000000000,1.000000000,1,-0.822245861,-0.459655628,0.820653665,0.000000000,0.000000000,-0.038192575,0.999270397
1782472906.740745068,333.058453560,984,vicon_state_data,ball,1,0,0.892357384,-0.747012002,0.750984831,0.000000000,0.000000000,0.000000000,1.000000000,1,-0.822231568,-0.459651804,0.820654806,0.000000000,0.000000000,-0.038247244,0.999268306
1782472906.740998983,333.058707476,985,vicon_state_data,ball,1,0,0.913393608,-0.726047697,0.765337639,0.000000000,0.000000000,0.000000000,1.000000000,1,-0.822230341,-0.459655450,0.820651975,0.000000000,0.000000000,-0.038235667,0.999268750
1782472906.741258144,333.058966637,986,vicon_state_data,ball,1,0,0.932185461,-0.747446507,0.750847134,0.000000000,0.000000000,0.000000000,1.000000000,1,-0.822251316,-0.459649331,0.820727311,0.000000000,0.000000000,-0.037960839,0.999279228
1782472906.741611242,333.059319735,987,vicon_state_data,ball,1,0,0.876552700,-0.704310369,0.780271016,0.000000000,0.000000000,0.000000000,1.000000000,1,-0.822232163,-0.459672549,0.820655192,0.000000000,0.000000000,-0.038175924,0.999271034
1782472906.741892338,333.059600830,988,vicon_state_data,ball,1,0,0.857006873,-0.749338462,0.752076401,0.000000000,0.000000000,0.000000000,1.000000000,1,-0.822195901,-0.459700110,0.820592904,0.000000000,0.000000000,-0.038113610,0.999273412
1782472906.807071209,333.124779701,989,vicon_state_data,ball,1,0,0.950693246,-0.753257225,0.747752860,0.000000000,0.000000000,0.000000000,1.000000000,1,-0.822215114,-0.459695809,0.820635989,0.000000000,0.000000000,-0.037988219,0.999278187
1782472906.807674170,333.125382662,990,vicon_state_data,ball,1,0,0.958511420,-0.753364722,0.749582389,0.000000000,0.000000000,0.000000000,1.000000000,1,-0.822207818,-0.459684400,0.820650135,0.000000000,0.000000000,-0.038049577,0.999275853
1782472906.807982683,333.125691175,991,vicon_state_data,ball,1,0,0.927395777,-0.754158749,0.747515042,0.000000000,0.000000000,0.000000000,1.000000000,1,-0.822214640,-0.459703800,0.820661627,0.000000000,0.000000000,-0.037980975,0.999278462
1782472906.808255672,333.125964165,992,vicon_state_data,ball,1,0,0.871771105,-1.019016185,0.586437442,0.000000000,0.000000000,0.000000000,1.000000000,1,-0.822186225,-0.459724611,0.820640837,0.000000000,0.000000000,-0.038059830,0.999275462
1782472906.808516026,333.126224518,993,vicon_state_data,ball,1,0,0.874316709,-0.958335798,0.621744520,0.000000000,0.000000000,0.000000000,1.000000000,1,-0.822210133,-0.459697244,0.820668424,0.000000000,0.000000000,-0.037932288,0.999280312
1782472906.808775663,333.126484156,994,vicon_state_data,ball,1,0,0.866800267,-1.010025280,0.591315517,0.000000000,0.000000000,0.000000000,1.000000000,1,-0.822213116,-0.459703785,0.820702058,0.000000000,0.000000000,-0.037861117,0.999283011
1782472906.809047461,333.126755953,995,vicon_state_data,ball,1,0,0.899372917,-0.918396362,0.647127515,0.000000000,0.000000000,0.000000000,1.000000000,1,-0.822201969,-0.459711602,0.820682460,0.000000000,0.000000000,-0.037986865,0.999278239
1782472906.809310436,333.127018929,996,vicon_state_data,ball,1,0,0.931578976,-0.843651293,0.694371112,0.000000000,0.000000000,0.000000000,1.000000000,1,-0.822201776,-0.459729871,0.820699581,0.000000000,0.000000000,-0.037936134,0.999280166
1782472906.809562683,333.127271175,997,vicon_state_data,ball,1,0,0.978376650,-0.743032358,0.754212294,0.000000000,0.000000000,0.000000000,1.000000000,1,-0.822179848,-0.459750557,0.820638216,0.000000000,0.000000000,-0.038128056,0.999272861
1782472906.809812546,333.127521038,998,vicon_state_data,ball,1,0,0.957709372,-0.746960503,0.751116590,0.000000000,0.000000000,0.000000000,1.000000000,1,-0.822197411,-0.459738441,0.820675425,0.000000000,0.000000000,-0.037950094,0.999279636
1782472906.811759949,333.129468441,999,vicon_state_data,ball,1,0,0.875042077,-0.889216008,0.665112522,0.000000000,0.000000000,0.000000000,1.000000000,1,-0.822164752,-0.459811929,0.820620314,0.000000000,0.000000000,-0.038178263,0.999270944
1782472906.813715696,333.131424189,1000,vicon_state_data,ball,1,0,0.871512010,-0.888319965,0.664712895,0.000000000,0.000000000,0.000000000,1.000000000,1,-0.822183477,-0.459796138,0.820682026,0.000000000,0.000000000,-0.037912805,0.999281051
1782472906.815660238,333.133368731,1001,vicon_state_data,ball,1,0,0.913216980,-0.927318636,0.641268478,0.000000000,0.000000000,0.000000000,1.000000000,1,-0.822163851,-0.459836194,0.820643828,0.000000000,0.000000000,-0.038021682,0.999276914
1782472906.881880522,333.199589014,1002,vicon_state_data,ball,1,0,0.875589644,-0.986058146,0.605145156,0.000000000,0.000000000,0.000000000,1.000000000,1,-0.822185441,-0.459833465,0.820697867,0.000000000,0.000000000,-0.037892204,0.999281833
1782472906.887698650,333.205407143,1003,vicon_state_data,ball,1,0,0.815666174,-0.939723436,0.634802333,0.000000000,0.000000000,0.000000000,1.000000000,1,-0.822180099,-0.459835497,0.820694017,0.000000000,0.000000000,-0.037868169,0.999282744
1782472906.891836405,333.209544897,1004,vicon_state_data,ball,1,0,0.792133565,-0.928680074,0.641461095,0.000000000,0.000000000,0.000000000,1.000000000,1,-0.822183187,-0.459839786,0.820703625,0.000000000,0.000000000,-0.037890302,0.999281905
1782472906.895592213,333.213300705,1005,vicon_state_data,ball,1,0,0.970790560,-0.838891068,0.694557403,0.000000000,0.000000000,0.000000000,1.000000000,1,-0.822145248,-0.459830985,0.820633503,0.000000000,0.000000000,-0.038031070,0.999276557
1782472906.899367094,333.217075586,1006,vicon_state_data,ball,1,0,0.908056996,-0.903290508,0.655623323,0.000000000,0.000000000,0.000000000,1.000000000,1,-0.822174568,-0.459856145,0.820661954,0.000000000,0.000000000,-0.037904741,0.999281357
1782472906.903198242,333.220906734,1007,vicon_state_data,ball,1,0,0.870543553,-0.859243820,0.681606923,0.000000000,0.000000000,0.000000000,1.000000000,1,-0.822168227,-0.459849586,0.820671557,0.000000000,0.000000000,-0.037869690,0.999282686
1782472906.907110214,333.224818707,1008,vicon_state_data,ball,1,0,0.841540088,-0.997589157,0.598156327,0.000000000,0.000000000,0.000000000,1.000000000,1,-0.822168875,-0.459856555,0.820654085,0.000000000,0.000000000,-0.037839184,0.999283842
1782472906.911002159,333.228710651,1009,vicon_state_data,ball,1,0,0.836195132,-1.043955885,0.570822761,0.000000000,0.000000000,0.000000000,1.000000000,1,-0.822157924,-0.459846668,0.820658412,0.000000000,0.000000000,-0.037903165,0.999281417
1782472906.914907932,333.232616425,1010,vicon_state_data,ball,1,0,0.807487013,-1.112533046,0.528808894,0.000000000,0.000000000,0.000000000,1.000000000,1,-0.822163751,-0.459878901,0.820659149,0.000000000,0.000000000,-0.037909636,0.999281171
1782472906.918754339,333.236462831,1011,vicon_state_data,ball,1,0,0.808965935,-1.032546841,0.578980228,0.000000000,0.000000000,0.000000000,1.000000000,1,-0.822156763,-0.459861967,0.820655528,0.000000000,0.000000000,-0.037849168,0.999283464
1782472906.922585249,333.240293741,1012,vicon_state_data,ball,1,0,0.854823209,-0.752849237,0.749958685,0.000000000,0.000000000,0.000000000,1.000000000,1,-0.822143460,-0.459910929,0.820700923,0.000000000,0.000000000,-0.037755133,0.999287021
1782472906.926419735,333.244128227,1013,vicon_state_data,ball,1,0,0.863802573,-0.748157709,0.749905648,0.000000000,0.000000000,0.000000000,1.000000000,1,-0.822145433,-0.459912552,0.820726264,0.000000000,0.000000000,-0.037746524,0.999287346
1782472906.929780483,333.247488976,1014,vicon_state_data,ball,1,0,0.945098782,-0.769242999,0.737654415,0.000000000,0.000000000,0.000000000,1.000000000,1,-0.822146815,-0.459954462,0.820730119,0.000000000,0.000000000,-0.037815251,0.999284748
1782472906.932755709,333.250464201,1015,vicon_state_data,ball,1,0,0.946580525,-0.759394236,0.743019282,0.000000000,0.000000000,0.000000000,1.000000000,1,-0.822137738,-0.459948896,0.820702883,0.000000000,0.000000000,-0.037857248,0.999283157
1782472906.933009624,333.250718117,1016,vicon_state_data,ball,1,0,0.905112274,-0.750352317,0.750268490,0.000000000,0.000000000,0.000000000,1.000000000,1,-0.822133573,-0.459967009,0.820711824,0.000000000,0.000000000,-0.037821681,0.999284504
1782472906.933259010,333.250967503,1017,vicon_state_data,ball,1,0,0.837538215,-0.674031337,0.797162106,0.000000000,0.000000000,0.000000000,1.000000000,1,-0.822126266,-0.459964715,0.820685388,0.000000000,0.000000000,-0.037812343,0.999284858
1782472906.933539152,333.251247644,1018,vicon_state_data,ball,1,0,0.820289683,-0.931196223,0.641196548,0.000000000,0.000000000,0.000000000,1.000000000,1,-0.822127763,-0.459968499,0.820697457,0.000000000,0.000000000,-0.037847184,0.999283539
1782472906.933799744,333.251508236,1019,vicon_state_data,ball,1,0,0.769141352,-0.974332382,0.613332575,0.000000000,0.000000000,0.000000000,1.000000000,1,-0.822128191,-0.459972274,0.820672862,0.000000000,0.000000000,-0.037817841,0.999284650
1782472906.934053421,333.251761913,1020,vicon_state_data,ball,1,0,0.879099008,-0.860629000,0.682264324,0.000000000,0.000000000,0.000000000,1.000000000,1,-0.822122157,-0.459953325,0.820636268,0.000000000,0.000000000,-0.037886652,0.999282043
1782472906.934335947,333.252044439,1021,vicon_state_data,ball,1,0,0.872191469,-0.893376151,0.664486620,0.000000000,0.000000000,0.000000000,1.000000000,1,-0.822112482,-0.459940195,0.820653221,0.000000000,0.000000000,-0.037898053,0.999281611
1782472906.934601307,333.252309799,1022,vicon_state_data,ball,1,0,0.778867847,-0.950472801,0.627316725,0.000000000,0.000000000,0.000000000,1.000000000,1,-0.822114424,-0.459943556,0.820666915,0.000000000,0.000000000,-0.037895113,0.999281722
1782472906.934856415,333.252564907,1023,vicon_state_data,ball,1,0,0.692637141,-1.097262096,0.538159289,0.000000000,0.000000000,0.000000000,1.000000000,1,-0.822107647,-0.459945864,0.820658328,0.000000000,0.000000000,-0.037867389,0.999282773
1782472906.935128927,333.252837420,1024,vicon_state_data,ball,1,0,0.789625328,-1.122944040,0.521694172,0.000000000,0.000000000,0.000000000,1.000000000,1,-0.822111271,-0.459963188,0.820644319,0.000000000,0.000000000,-0.037925038,0.999280587
1782472907.000620365,333.318328857,1025,vicon_state_data,ball,1,0,0.839493211,-1.057274173,0.561779941,0.000000000,0.000000000,0.000000000,1.000000000,1,-0.822104273,-0.459973109,0.820664691,0.000000000,0.000000000,-0.037916084,0.999280927
1782472907.001124382,333.318832874,1026,vicon_state_data,ball,1,0,0.787594129,-1.088869086,0.540441613,0.000000000,0.000000000,0.000000000,1.000000000,1,-0.822104251,-0.459947815,0.820697593,0.000000000,0.000000000,-0.037905238,0.999281338
1782472907.001434326,333.319142818,1027,vicon_state_data,ball,1,0,0.768515211,-1.066634804,0.554718447,0.000000000,0.000000000,0.000000000,1.000000000,1,-0.822099819,-0.459975218,0.820686869,0.000000000,0.000000000,-0.037886733,0.999282040
1782472907.001710415,333.319418907,1028,vicon_state_data,ball,1,0,0.743679163,-1.049917139,0.564976599,0.000000000,0.000000000,0.000000000,1.000000000,1,-0.822104920,-0.459985289,0.820695893,0.000000000,0.000000000,-0.037871233,0.999282628
1782472907.001999140,333.319707632,1029,vicon_state_data,ball,1,0,0.934436847,-1.029509907,0.578368610,0.000000000,0.000000000,0.000000000,1.000000000,1,-0.822101121,-0.459972179,0.820704680,0.000000000,0.000000000,-0.037844773,0.999283630
1782472907.002274752,333.319983244,1030,vicon_state_data,ball,1,0,0.908618200,-0.894264163,0.662046555,0.000000000,0.000000000,0.000000000,1.000000000,1,-0.822107189,-0.459980366,0.820727443,0.000000000,0.000000000,-0.037811003,0.999284908
1782472907.002539158,333.320247650,1031,vicon_state_data,ball,1,0,0.913756909,-0.988871384,0.602198458,0.000000000,0.000000000,0.000000000,1.000000000,1,-0.822098649,-0.460005528,0.820701852,0.000000000,0.000000000,-0.037885409,0.999282090
1782472907.002802610,333.320511103,1032,vicon_state_data,ball,1,0,0.839359437,-0.990457708,0.600425102,0.000000000,0.000000000,0.000000000,1.000000000,1,-0.822106178,-0.459971305,0.820717423,0.000000000,0.000000000,-0.037799623,0.999285339
1782472907.003073215,333.320781708,1033,vicon_state_data,ball,1,0,0.823432472,-0.910877611,0.651964485,0.000000000,0.000000000,0.000000000,1.000000000,1,-0.822104868,-0.459991461,0.820721158,0.000000000,0.000000000,-0.037778652,0.999286132
1782472907.003346443,333.321054935,1034,vicon_state_data,ball,1,0,0.838017925,-0.752068022,0.749473746,0.000000000,0.000000000,0.000000000,1.000000000,1,-0.822107408,-0.459979860,0.820703772,0.000000000,0.000000000,-0.037757675,0.999286925
1782472907.003607035,333.321315527,1035,vicon_state_data,ball,1,0,0.960880562,-0.748572752,0.749396226,0.000000000,0.000000000,0.000000000,1.000000000,1,-0.822073924,-0.459989511,0.820632691,0.000000000,0.000000000,-0.037729582,0.999287986
1782472907.067983389,333.385691881,1036,vicon_state_data,ball,1,0,0.864681869,-0.751168653,0.749478829,0.000000000,0.000000000,0.000000000,1.000000000,1,-0.822080103,-0.460023520,0.820671490,0.000000000,0.000000000,-0.037713411,0.999288596
1782472907.068541527,333.386250019,1037,vicon_state_data,ball,1,0,0.859591294,-0.748781095,0.751980389,0.000000000,0.000000000,0.000000000,1.000000000,1,-0.822075844,-0.460014147,0.820651515,0.000000000,0.000000000,-0.037712429,0.999288633
1782472907.068838596,333.386547089,1038,vicon_state_data,ball,1,0,0.785977721,-1.002224185,0.594403709,0.000000000,0.000000000,0.000000000,1.000000000,1,-0.822068726,-0.460043223,0.820676649,0.000000000,0.000000000,-0.037739266,0.999287620
1782472907.069107771,333.386816263,1039,vicon_state_data,ball,1,0,0.828442146,-1.013030842,0.588232718,0.000000000,0.000000000,0.000000000,1.000000000,1,-0.822074230,-0.460034421,0.820669781,0.000000000,0.000000000,-0.037722828,0.999288241
1782472907.069378138,333.387086630,1040,vicon_state_data,ball,1,0,0.886385611,-0.929467205,0.641547048,0.000000000,0.000000000,0.000000000,1.000000000,1,-0.822073982,-0.460061602,0.820648604,0.000000000,0.000000000,-0.037744642,0.999287417
1782472907.069649696,333.387358189,1041,vicon_state_data,ball,1,0,0.735472681,-0.986057861,0.604376681,0.000000000,0.000000000,0.000000000,1.000000000,1,-0.822066916,-0.460059744,0.820658525,0.000000000,0.000000000,-0.037803804,0.999285181
1782472907.069917440,333.387625933,1042,vicon_state_data,ball,1,0,0.706314130,-0.992394887,0.602691752,0.000000000,0.000000000,0.000000000,1.000000000,1,-0.822058899,-0.460062770,0.820663150,0.000000000,0.000000000,-0.037709875,0.999288730
1782472907.070178747,333.387887239,1043,vicon_state_data,ball,1,0,0.688289936,-0.941537136,0.634863063,0.000000000,0.000000000,0.000000000,1.000000000,1,-0.822063025,-0.460071791,0.820648033,0.000000000,0.000000000,-0.037731991,0.999287895
1782472907.070448637,333.388157129,1044,vicon_state_data,ball,1,0,0.751173547,-0.864312483,0.680581732,0.000000000,0.000000000,0.000000000,1.000000000,1,-0.822059161,-0.460048883,0.820659374,0.000000000,0.000000000,-0.037796236,0.999285467
1782472907.070714712,333.388423204,1045,vicon_state_data,ball,1,0,0.848172421,-0.967418398,0.618155945,0.000000000,0.000000000,0.000000000,1.000000000,1,-0.822057228,-0.460062769,0.820667978,0.000000000,0.000000000,-0.037698130,0.999289173
1782472907.073933840,333.391642332,1046,vicon_state_data,ball,1,0,0.679951188,-1.096490361,0.537582390,0.000000000,0.000000000,0.000000000,1.000000000,1,-0.822044375,-0.460048926,0.820713757,0.000000000,0.000000000,-0.037618371,0.999292179
1782472907.077141285,333.394849777,1047,vicon_state_data,ball,1,0,0.884055927,-0.827590585,0.704130244,0.000000000,0.000000000,0.000000000,1.000000000,1,-0.822051955,-0.460063298,0.820712273,0.000000000,0.000000000,-0.037666682,0.999290359
1782472907.080377340,333.398085833,1048,vicon_state_data,ball,1,0,0.870844998,-0.754060597,0.748996995,0.000000000,0.000000000,0.000000000,1.000000000,1,-0.822045461,-0.460079333,0.820711892,0.000000000,0.000000000,-0.037690720,0.999289452
1782472907.083685398,333.401393890,1049,vicon_state_data,ball,1,0,0.854066534,-0.753052175,0.748833291,0.000000000,0.000000000,0.000000000,1.000000000,1,-0.822045477,-0.460101557,0.820695085,0.000000000,0.000000000,-0.037761949,0.999286763
1782472907.087071896,333.404780388,1050,vicon_state_data,ball,1,0,0.819447086,-0.754050877,0.748859627,0.000000000,0.000000000,0.000000000,1.000000000,1,-0.822047546,-0.460116398,0.820690586,0.000000000,0.000000000,-0.037673242,0.999290111
1782472907.090443373,333.408151865,1051,vicon_state_data,ball,1,0,0.844557961,-0.751529679,0.750307488,0.000000000,0.000000000,0.000000000,1.000000000,1,-0.822044350,-0.460129225,0.820689879,0.000000000,0.000000000,-0.037605771,0.999292653
1782472907.093530178,333.411238670,1052,vicon_state_data,ball,1,0,0.838849203,-0.750928318,0.749472298,0.000000000,0.000000000,0.000000000,1.000000000,1,-0.822047527,-0.460115321,0.820680761,0.000000000,0.000000000,-0.037716291,0.999288488
1782472907.096662521,333.414371014,1053,vicon_state_data,ball,1,0,0.895853098,-0.753494214,0.748776054,0.000000000,0.000000000,0.000000000,1.000000000,1,-0.822046894,-0.460128313,0.820664524,0.000000000,0.000000000,-0.037719538,0.999288365
1782472907.099716663,333.417425156,1054,vicon_state_data,ball,1,0,0.864454256,-0.750034745,0.749528491,0.000000000,0.000000000,0.000000000,1.000000000,1,-0.822050791,-0.460136517,0.820677838,0.000000000,0.000000000,-0.037676296,0.999289996
1782472907.102776527,333.420485020,1055,vicon_state_data,ball,1,0,0.900204519,-0.753185161,0.747954499,0.000000000,0.000000000,0.000000000,1.000000000,1,-0.822041207,-0.460112159,0.820653474,0.000000000,0.000000000,-0.037660483,0.999290592
1782472907.104263783,333.421972275,1056,vicon_state_data,ball,1,0,0.882028551,-0.754340829,0.748314068,0.000000000,0.000000000,0.000000000,1.000000000,1,-0.822043909,-0.460133845,0.820637219,0.000000000,0.000000000,-0.037772573,0.999286362
1782472907.173048496,333.490756989,1057,vicon_state_data,ball,1,0,0.885695571,-0.754102003,0.747618785,0.000000000,0.000000000,0.000000000,1.000000000,1,-0.822048544,-0.460142810,0.820638740,0.000000000,0.000000000,-0.037687155,0.999289587
1782472907.174953222,333.492661715,1058,vicon_state_data,ball,1,0,0.865299022,-0.751248207,0.750079660,0.000000000,0.000000000,0.000000000,1.000000000,1,-0.822047369,-0.460105192,0.820628840,0.000000000,0.000000000,-0.037701667,0.999289039
1782472907.176522970,333.494231462,1059,vicon_state_data,ball,1,0,0.864844657,-0.750244952,0.752376094,0.000000000,0.000000000,0.000000000,1.000000000,1,-0.822042539,-0.460126841,0.820621138,0.000000000,0.000000000,-0.037721937,0.999288274
1782472907.178053379,333.495761871,1060,vicon_state_data,ball,1,0,0.865153920,-0.747707071,0.752346726,0.000000000,0.000000000,0.000000000,1.000000000,1,-0.822035897,-0.460106092,0.820628808,0.000000000,0.000000000,-0.037636180,0.999291508
1782472907.179616928,333.497325420,1061,vicon_state_data,ball,1,0,0.838470977,-0.894020496,0.660790086,0.000000000,0.000000000,0.000000000,1.000000000,1,-0.822050728,-0.460131249,0.820633272,0.000000000,0.000000000,-0.037583533,0.999293489
1782472907.181251049,333.498959541,1062,vicon_state_data,ball,1,0,0.862301316,-0.853190540,0.688447879,0.000000000,0.000000000,0.000000000,1.000000000,1,-0.822042560,-0.460104488,0.820645138,0.000000000,0.000000000,-0.037630176,0.999291734
1782472907.182906628,333.500615120,1063,vicon_state_data,ball,1,0,0.927021212,-0.886452293,0.667442156,0.000000000,0.000000000,0.000000000,1.000000000,1,-0.822054435,-0.460128548,0.820671376,0.000000000,0.000000000,-0.037628231,0.999291807
1782472907.184504509,333.502213001,1064,vicon_state_data,ball,1,0,0.849589692,-0.979840703,0.609444055,0.000000000,0.000000000,0.000000000,1.000000000,1,-0.822054694,-0.460133150,0.820676181,0.000000000,0.000000000,-0.037572336,0.999293910
1782472907.186036825,333.503745317,1065,vicon_state_data,ball,1,0,0.845733380,-0.798164239,0.721336591,0.000000000,0.000000000,0.000000000,1.000000000,1,-0.822046263,-0.460128418,0.820698312,0.000000000,0.000000000,-0.037568123,0.999294069
1782472907.187700748,333.505409241,1066,vicon_state_data,ball,1,0,0.873073975,-0.862669894,0.680680601,0.000000000,0.000000000,0.000000000,1.000000000,1,-0.822050456,-0.460156188,0.820711429,0.000000000,0.000000000,-0.037529865,0.999295506
1782472907.191500187,333.509208679,1067,vicon_state_data,ball,1,0,0.885303690,-0.956596528,0.622555828,0.000000000,0.000000000,0.000000000,1.000000000,1,-0.822028598,-0.460184742,0.820643945,0.000000000,0.000000000,-0.037709773,0.999288734
1782472907.195245743,333.512954235,1068,vicon_state_data,ball,1,0,0.976507189,-0.939294640,0.633692850,0.000000000,0.000000000,0.000000000,1.000000000,1,-0.822030528,-0.460223598,0.820630353,0.000000000,0.000000000,-0.037736473,0.999287726
1782472907.199037075,333.516745567,1069,vicon_state_data,ball,1,0,0.947721203,-0.749478850,0.751478371,0.000000000,0.000000000,0.000000000,1.000000000,1,-0.822031383,-0.460208476,0.820646747,0.000000000,0.000000000,-0.037665756,0.999290394
1782472907.202785254,333.520493746,1070,vicon_state_data,ball,1,0,0.915567235,-0.818405851,0.707987334,0.000000000,0.000000000,0.000000000,1.000000000,1,-0.822020952,-0.460204880,0.820615248,0.000000000,0.000000000,-0.037655764,0.999290770
1782472907.206529856,333.524238348,1071,vicon_state_data,ball,1,0,0.784989586,-1.018166829,0.585387707,0.000000000,0.000000000,0.000000000,1.000000000,1,-0.822025695,-0.460205775,0.820621908,0.000000000,0.000000000,-0.037630954,0.999291705
1782472907.210276842,333.527985334,1072,vicon_state_data,ball,1,0,0.873364113,-0.755608519,0.747155626,0.000000000,0.000000000,0.000000000,1.000000000,1,-0.822030515,-0.460213976,0.820638788,0.000000000,0.000000000,-0.037643601,0.999291228
1782472907.210546255,333.528254747,1073,vicon_state_data,ball,1,0,0.759062326,-1.089607781,0.542474946,0.000000000,0.000000000,0.000000000,1.000000000,1,-0.822035182,-0.460202681,0.820655694,0.000000000,0.000000000,-0.037588132,0.999293316
1782472907.210789919,333.528498411,1074,vicon_state_data,ball,1,0,0.948354721,-0.900498378,0.658662372,0.000000000,0.000000000,0.000000000,1.000000000,1,-0.822032945,-0.460190559,0.820644828,0.000000000,0.000000000,-0.037603411,0.999292742
1782472907.211069345,333.528777838,1075,vicon_state_data,ball,1,0,0.900026405,-0.904840305,0.654973063,0.000000000,0.000000000,0.000000000,1.000000000,1,-0.822025569,-0.460203658,0.820654535,0.000000000,0.000000000,-0.037622837,0.999292010
1782472907.211342812,333.529051304,1076,vicon_state_data,ball,1,0,0.827305454,-0.933154201,0.638361393,0.000000000,0.000000000,0.000000000,1.000000000,1,-0.822022039,-0.460221971,0.820662015,0.000000000,0.000000000,-0.037668268,0.999290299
1782472907.211625576,333.529334068,1077,vicon_state_data,ball,1,0,0.880931765,-0.909974947,0.650849263,0.000000000,0.000000000,0.000000000,1.000000000,1,-0.822019276,-0.460229855,0.820674500,0.000000000,0.000000000,-0.037690174,0.999289473
1782472907.211904049,333.529612541,1078,vicon_state_data,ball,1,0,0.898485165,-0.926293306,0.638715490,0.000000000,0.000000000,0.000000000,1.000000000,1,-0.822028962,-0.460247063,0.820697840,0.000000000,0.000000000,-0.037610139,0.999292488
1782472907.276822329,333.594530821,1079,vicon_state_data,ball,1,0,0.817632987,-0.936998707,0.634598472,0.000000000,0.000000000,0.000000000,1.000000000,1,-0.822019989,-0.460248137,0.820687265,0.000000000,0.000000000,-0.037703366,0.999288975
1782472907.277376652,333.595085144,1080,vicon_state_data,ball,1,0,0.940643740,-0.837892166,0.697663719,0.000000000,0.000000000,0.000000000,1.000000000,1,-0.822019483,-0.460261770,0.820709777,0.000000000,0.000000000,-0.037672044,0.999290157
1782472907.277687073,333.595395565,1081,vicon_state_data,ball,1,0,0.960487820,-0.748634645,0.751564344,0.000000000,0.000000000,0.000000000,1.000000000,1,-0.822030688,-0.460242117,0.820714240,0.000000000,0.000000000,-0.037714774,0.999288545
1782472907.277966022,333.595674515,1082,vicon_state_data,ball,1,0,0.960241567,-0.732552318,0.760105803,0.000000000,0.000000000,0.000000000,1.000000000,1,-0.822021860,-0.460230972,0.820713484,0.000000000,0.000000000,-0.037755561,0.999287005
1782472907.278239012,333.595947504,1083,vicon_state_data,ball,1,0,0.980216646,-0.728195839,0.762892919,0.000000000,0.000000000,0.000000000,1.000000000,1,-0.822025125,-0.460253819,0.820723693,0.000000000,0.000000000,-0.037691758,0.999289413
1782472907.278522015,333.596230507,1084,vicon_state_data,ball,1,0,0.868582046,-0.749361716,0.750561998,0.000000000,0.000000000,0.000000000,1.000000000,1,-0.822035996,-0.460247472,0.820688153,0.000000000,0.000000000,-0.037747761,0.999287299
1782472907.278794765,333.596503258,1085,vicon_state_data,ball,1,0,0.863915424,-0.747235410,0.748897798,0.000000000,0.000000000,0.000000000,1.000000000,1,-0.822027864,-0.460227030,0.820697300,0.000000000,0.000000000,-0.037697732,0.999289188
1782472907.279059410,333.596767902,1086,vicon_state_data,ball,1,0,0.956405745,-0.748450563,0.750601163,0.000000000,0.000000000,0.000000000,1.000000000,1,-0.822036593,-0.460238427,0.820688273,0.000000000,0.000000000,-0.037685289,0.999289657
1782472907.279340267,333.597048759,1087,vicon_state_data,ball,1,0,0.876859559,-0.972568267,0.612584691,0.000000000,0.000000000,0.000000000,1.000000000,1,-0.822039815,-0.460249037,0.820680887,0.000000000,0.000000000,-0.037720589,0.999288325
1782472907.279611349,333.597319841,1088,vicon_state_data,ball,1,0,0.884296430,-1.105567503,0.530684817,0.000000000,0.000000000,0.000000000,1.000000000,1,-0.822032128,-0.460213934,0.820675582,0.000000000,0.000000000,-0.037653114,0.999290870
1782472907.279875755,333.597584248,1089,vicon_state_data,ball,1,0,0.840982382,-1.001396080,0.595630711,0.000000000,0.000000000,0.000000000,1.000000000,1,-0.822031031,-0.460280296,0.820667932,0.000000000,0.000000000,-0.037568497,0.999294055
1782472907.344509125,333.662217617,1090,vicon_state_data,ball,1,0,0.823240628,-0.971919743,0.613973238,0.000000000,0.000000000,0.000000000,1.000000000,1,-0.822021165,-0.460272384,0.820646946,0.000000000,0.000000000,-0.037635507,0.999291533
1782472907.345463991,333.663172483,1091,vicon_state_data,ball,1,0,0.809360564,-1.000651043,0.596374773,0.000000000,0.000000000,0.000000000,1.000000000,1,-0.822023848,-0.460271287,0.820683381,0.000000000,0.000000000,-0.037561391,0.999294322
1782472907.346060276,333.663768768,1092,vicon_state_data,ball,1,0,0.831402890,-0.994525761,0.601464741,0.000000000,0.000000000,0.000000000,1.000000000,1,-0.822027796,-0.460288772,0.820692591,0.000000000,0.000000000,-0.037489842,0.999297009
1782472907.346644878,333.664353371,1093,vicon_state_data,ball,1,0,0.848456274,-1.045422291,0.568710416,0.000000000,0.000000000,0.000000000,1.000000000,1,-0.822023259,-0.460296668,0.820695157,0.000000000,0.000000000,-0.037561152,0.999294331
1782472907.347221613,333.664930105,1094,vicon_state_data,ball,1,0,0.803253381,-1.121253977,0.523329260,0.000000000,0.000000000,0.000000000,1.000000000,1,-0.822025233,-0.460303706,0.820682045,0.000000000,0.000000000,-0.037536481,0.999295258
1782472907.347785234,333.665493727,1095,vicon_state_data,ball,1,0,0.827847433,-1.031044165,0.578533768,0.000000000,0.000000000,0.000000000,1.000000000,1,-0.822017754,-0.460282343,0.820686475,0.000000000,0.000000000,-0.037583963,0.999293473
1782472907.348371744,333.666080236,1096,vicon_state_data,ball,1,0,0.880502439,-0.747969547,0.751586547,0.000000000,0.000000000,0.000000000,1.000000000,1,-0.822021299,-0.460280168,0.820682496,0.000000000,0.000000000,-0.037583303,0.999293498
1782472907.348925591,333.666634083,1097,vicon_state_data,ball,1,0,0.876581380,-0.706274208,0.776414198,0.000000000,0.000000000,0.000000000,1.000000000,1,-0.822007893,-0.460241748,0.820652656,0.000000000,0.000000000,-0.037538992,0.999295164
1782472907.349423409,333.667131901,1098,vicon_state_data,ball,1,0,0.919168012,-0.725847613,0.765264713,0.000000000,0.000000000,0.000000000,1.000000000,1,-0.822002679,-0.460239433,0.820648756,0.000000000,0.000000000,-0.037539091,0.999295160
1782472907.349778414,333.667486906,1099,vicon_state_data,ball,1,0,0.649332590,-1.078941413,0.549532076,0.000000000,0.000000000,0.000000000,1.000000000,1,-0.822017026,-0.460280040,0.820686669,0.000000000,0.000000000,-0.037431068,0.999299212
1782472907.350060940,333.667769432,1100,vicon_state_data,ball,1,0,0.819380148,-1.048214502,0.568214683,0.000000000,0.000000000,0.000000000,1.000000000,1,-0.822021288,-0.460296402,0.820677893,0.000000000,0.000000000,-0.037390299,0.999300738
1782472907.416299105,333.734007597,1101,vicon_state_data,ball,1,0,0.825734814,-0.947388550,0.628647919,0.000000000,0.000000000,0.000000000,1.000000000,1,-0.822039427,-0.460321408,0.820704156,0.000000000,0.000000000,-0.037403008,0.999300263
1782472907.416846514,333.734555006,1102,vicon_state_data,ball,1,0,0.833357985,-0.877445003,0.672737485,0.000000000,0.000000000,0.000000000,1.000000000,1,-0.822024949,-0.460331383,0.820693236,0.000000000,0.000000000,-0.037449527,0.999298520
1782472907.420723200,333.738431692,1103,vicon_state_data,ball,1,0,0.917764372,-0.797173066,0.722504187,0.000000000,0.000000000,0.000000000,1.000000000,1,-0.822032518,-0.460333964,0.820693753,0.000000000,0.000000000,-0.037433500,0.999299121
1782472907.424556494,333.742264986,1104,vicon_state_data,ball,1,0,0.876905806,-0.912095189,0.651465909,0.000000000,0.000000000,0.000000000,1.000000000,1,-0.822027956,-0.460321141,0.820681692,0.000000000,0.000000000,-0.037453471,0.999298373
1782472907.428433180,333.746141672,1105,vicon_state_data,ball,1,0,0.935808240,-0.778233809,0.733295835,0.000000000,0.000000000,0.000000000,1.000000000,1,-0.822029623,-0.460338815,0.820692704,0.000000000,0.000000000,-0.037511073,0.999296212
1782472907.430009365,333.747717857,1106,vicon_state_data,ball,1,0,0.905329147,-0.722828179,0.766245860,0.000000000,0.000000000,0.000000000,1.000000000,1,-0.822035300,-0.460316968,0.820698346,0.000000000,0.000000000,-0.037470894,0.999297719
1782472907.431546211,333.749254704,1107,vicon_state_data,ball,1,0,0.909585617,-0.847615877,0.691378281,0.000000000,0.000000000,0.000000000,1.000000000,1,-0.822023488,-0.460308724,0.820688509,0.000000000,0.000000000,-0.037473970,0.999297604
1782472907.433354855,333.751063347,1108,vicon_state_data,ball,1,0,0.907241660,-0.852080869,0.688049199,0.000000000,0.000000000,0.000000000,1.000000000,1,-0.822021223,-0.460316561,0.820660742,0.000000000,0.000000000,-0.037524647,0.999295702
1782472907.435212135,333.752920628,1109,vicon_state_data,ball,1,0,0.927608792,-0.881190778,0.668030615,0.000000000,0.000000000,0.000000000,1.000000000,1,-0.822029175,-0.460308276,0.820674111,0.000000000,0.000000000,-0.037451858,0.999298433
1782472907.436945200,333.754653692,1110,vicon_state_data,ball,1,0,0.833971393,-0.935221652,0.636251110,0.000000000,0.000000000,0.000000000,1.000000000,1,-0.822025427,-0.460287134,0.820650374,0.000000000,0.000000000,-0.037546022,0.999294900
1782472907.438679695,333.756388187,1111,vicon_state_data,ball,1,0,0.867938228,-0.748689888,0.751847879,0.000000000,0.000000000,0.000000000,1.000000000,1,-0.822033727,-0.460307489,0.820678772,0.000000000,0.000000000,-0.037589005,0.999293284
1782472907.438948870,333.756657362,1112,vicon_state_data,ball,1,0,0.962107173,-0.748117981,0.750732340,0.000000000,0.000000000,0.000000000,1.000000000,1,-0.822042561,-0.460264137,0.820675649,0.000000000,0.000000000,-0.037432774,0.999299148
1782472907.439213514,333.756922007,1113,vicon_state_data,ball,1,0,0.998697216,-0.756792681,0.744064799,0.000000000,0.000000000,0.000000000,1.000000000,1,-0.822034341,-0.460285110,0.820702944,0.000000000,0.000000000,-0.037538241,0.999295192
1782472907.439520836,333.757229328,1114,vicon_state_data,ball,1,0,0.970458476,-0.806706989,0.714644805,0.000000000,0.000000000,0.000000000,1.000000000,1,-0.822037026,-0.460294534,0.820702315,0.000000000,0.000000000,-0.037466383,0.999297889
1782472907.439810991,333.757519484,1115,vicon_state_data,ball,1,0,0.984905350,-0.816109366,0.709660541,0.000000000,0.000000000,0.000000000,1.000000000,1,-0.822034618,-0.460280276,0.820683054,0.000000000,0.000000000,-0.037489614,0.999297017
1782472907.440089941,333.757798433,1116,vicon_state_data,ball,1,0,0.950711975,-0.820254320,0.704902932,0.000000000,0.000000000,0.000000000,1.000000000,1,-0.822041836,-0.460251992,0.820674965,0.000000000,0.000000000,-0.037369402,0.999301520
1782472907.440376759,333.758085251,1117,vicon_state_data,ball,1,0,0.972710606,-0.732175710,0.760949205,0.000000000,0.000000000,0.000000000,1.000000000,1,-0.822038425,-0.460274906,0.820693638,0.000000000,0.000000000,-0.037442956,0.999298767
1782472907.512817860,333.830526352,1118,vicon_state_data,ball,1,0,0.974780957,-0.726078286,0.766370311,0.000000000,0.000000000,0.000000000,1.000000000,1,-0.822042031,-0.460285241,0.820698645,0.000000000,0.000000000,-0.037423171,0.999299508
1782472907.513440609,333.831149101,1119,vicon_state_data,ball,1,0,0.878796698,-0.747822737,0.749941206,0.000000000,0.000000000,0.000000000,1.000000000,1,-0.822035267,-0.460258675,0.820690224,0.000000000,0.000000000,-0.037430353,0.999299239
1782472907.513774633,333.831483126,1120,vicon_state_data,ball,1,0,0.938191514,-0.813169405,0.712753547,0.000000000,0.000000000,0.000000000,1.000000000,1,-0.822037815,-0.460267955,0.820651268,0.000000000,0.000000000,-0.037448592,0.999298555
1782472907.514068127,333.831776619,1121,vicon_state_data,ball,1,0,0.693177920,-1.092732247,0.540460746,0.000000000,0.000000000,0.000000000,1.000000000,1,-0.822041279,-0.460274948,0.820660641,0.000000000,0.000000000,-0.037453001,0.999298390
1782472907.514374256,333.832082748,1122,vicon_state_data,ball,1,0,0.803515085,-0.752909523,0.750927932,0.000000000,0.000000000,0.000000000,1.000000000,1,-0.822034837,-0.460263693,0.820673466,0.000000000,0.000000000,-0.037448676,0.999298552
1782472907.514736891,333.832445383,1123,vicon_state_data,ball,1,0,0.810325735,-0.751666686,0.747572092,0.000000000,0.000000000,0.000000000,1.000000000,1,-0.822040348,-0.460268100,0.820656630,0.000000000,0.000000000,-0.037487013,0.999297115
1782472907.515036345,333.832744837,1124,vicon_state_data,ball,1,0,0.917855618,-0.822327072,0.707363187,0.000000000,0.000000000,0.000000000,1.000000000,1,-0.822044633,-0.460268058,0.820648849,0.000000000,0.000000000,-0.037472509,0.999297659
1782472907.515336275,333.833044767,1125,vicon_state_data,ball,1,0,0.912106350,-0.837686248,0.695075422,0.000000000,0.000000000,0.000000000,1.000000000,1,-0.822043041,-0.460269195,0.820659220,0.000000000,0.000000000,-0.037476612,0.999297505
1782472907.515624285,333.833332777,1126,vicon_state_data,ball,1,0,0.925302654,-0.862149242,0.681228702,0.000000000,0.000000000,0.000000000,1.000000000,1,-0.822045313,-0.460272352,0.820684794,0.000000000,0.000000000,-0.037457423,0.999298224
1782472907.515904665,333.833613157,1127,vicon_state_data,ball,1,0,0.854489707,-0.920106663,0.645227412,0.000000000,0.000000000,0.000000000,1.000000000,1,-0.822036652,-0.460241327,0.820682466,0.000000000,0.000000000,-0.037507200,0.999296357
1782472907.516188383,333.833896875,1128,vicon_state_data,ball,1,0,0.680950747,-0.919244882,0.646758528,0.000000000,0.000000000,0.000000000,1.000000000,1,-0.822072388,-0.460192617,0.820614457,0.000000000,0.000000000,-0.037201942,0.999307768
1782472907.582531214,333.900239706,1129,vicon_state_data,ball,1,0,0.795570952,-0.976969198,0.612310485,0.000000000,0.000000000,0.000000000,1.000000000,1,-0.822070490,-0.460241759,0.820593081,0.000000000,0.000000000,-0.037524510,0.999295708
1782472907.583091974,333.900800467,1130,vicon_state_data,ball,1,0,0.728744755,-1.049001777,0.566887713,0.000000000,0.000000000,0.000000000,1.000000000,1,-0.822080313,-0.460249027,0.820586453,0.000000000,0.000000000,-0.037447773,0.999298586
1782472907.583443165,333.901151657,1131,vicon_state_data,ball,1,0,0.845744935,-0.880621912,0.670281620,0.000000000,0.000000000,0.000000000,1.000000000,1,-0.822071359,-0.460245022,0.820612427,0.000000000,0.000000000,-0.037373865,0.999301353
1782472907.583745241,333.901453733,1132,vicon_state_data,ball,1,0,0.865859599,-0.751599847,0.750790178,0.000000000,0.000000000,0.000000000,1.000000000,1,-0.822070507,-0.460210789,0.820603409,0.000000000,0.000000000,-0.037316109,0.999303511
1782472907.584037304,333.901745796,1133,vicon_state_data,ball,1,0,0.931764400,-0.749231061,0.751796155,0.000000000,0.000000000,0.000000000,1.000000000,1,-0.822072818,-0.460228834,0.820612253,0.000000000,0.000000000,-0.037350960,0.999302209
1782472907.584341764,333.902050257,1134,vicon_state_data,ball,1,0,0.934800686,-0.748066372,0.751994321,0.000000000,0.000000000,0.000000000,1.000000000,1,-0.822079931,-0.460212030,0.820622273,0.000000000,0.000000000,-0.037300798,0.999304083
1782472907.584647179,333.902355671,1135,vicon_state_data,ball,1,0,0.902717748,-0.751106025,0.747758409,0.000000000,0.000000000,0.000000000,1.000000000,1,-0.822099521,-0.460265112,0.820634826,0.000000000,0.000000000,-0.037366706,0.999301621
1782472907.584935904,333.902644396,1136,vicon_state_data,ball,1,0,0.901140027,-0.755626273,0.748894907,0.000000000,0.000000000,0.000000000,1.000000000,1,-0.822079462,-0.460239829,0.820632097,0.000000000,0.000000000,-0.037371534,0.999301440
1782472907.585256815,333.902965307,1137,vicon_state_data,ball,1,0,0.905093740,-0.872404783,0.674484464,0.000000000,0.000000000,0.000000000,1.000000000,1,-0.822078448,-0.460238144,0.820641937,0.000000000,0.000000000,-0.037379442,0.999301144
1782472907.585571289,333.903279781,1138,vicon_state_data,ball,1,0,0.931069691,-0.752834861,0.747621229,0.000000000,0.000000000,0.000000000,1.000000000,1,-0.822094281,-0.460255664,0.820681171,0.000000000,0.000000000,-0.037202735,0.999307739
1782472907.585857868,333.903566360,1139,vicon_state_data,ball,1,0,0.778299885,-0.962494235,0.621372040,0.000000000,0.000000000,0.000000000,1.000000000,1,-0.822088405,-0.460225152,0.820614471,0.000000000,0.000000000,-0.037349090,0.999302279
1782472907.651199579,333.968908072,1140,vicon_state_data,ball,1,0,0.781613000,-0.994823691,0.600257660,0.000000000,0.000000000,0.000000000,1.000000000,1,-0.822096292,-0.460212925,0.820635538,0.000000000,0.000000000,-0.037265410,0.999305403
1782472907.651737690,333.969446182,1141,vicon_state_data,ball,1,0,0.759974027,-0.907070434,0.654539434,0.000000000,0.000000000,0.000000000,1.000000000,1,-0.822146222,-0.460277800,0.820703279,0.000000000,0.000000000,-0.037115632,0.999310978
1782472907.655661583,333.973370075,1142,vicon_state_data,ball,1,0,0.867237311,-0.983912459,0.605494541,0.000000000,0.000000000,0.000000000,1.000000000,1,-0.822137685,-0.460268003,0.820664263,0.000000000,0.000000000,-0.037191728,0.999308148
1782472907.657769442,333.975477934,1143,vicon_state_data,ball,1,0,0.934412045,-1.004007842,0.593321913,0.000000000,0.000000000,0.000000000,1.000000000,1,-0.822118102,-0.460242682,0.820708700,0.000000000,0.000000000,-0.037145914,0.999309852
1782472907.659880638,333.977589130,1144,vicon_state_data,ball,1,0,0.932643630,-1.007119835,0.592568939,0.000000000,0.000000000,0.000000000,1.000000000,1,-0.822141434,-0.460240208,0.820677290,0.000000000,0.000000000,-0.037085092,0.999312111
1782472907.661983013,333.979691505,1145,vicon_state_data,ball,1,0,0.802795071,-1.078687425,0.548564711,0.000000000,0.000000000,0.000000000,1.000000000,1,-0.822126779,-0.460266498,0.820708863,0.000000000,0.000000000,-0.037213227,0.999307348
1782472907.664034367,333.981742859,1146,vicon_state_data,ball,1,0,0.876855281,-0.835623277,0.698600554,0.000000000,0.000000000,0.000000000,1.000000000,1,-0.822133572,-0.460214823,0.820687836,0.000000000,0.000000000,-0.037131152,0.999310401
1782472907.666170597,333.983879089,1147,vicon_state_data,ball,1,0,0.860749736,-0.814346055,0.711158411,0.000000000,0.000000000,0.000000000,1.000000000,1,-0.822135511,-0.460260391,0.820757207,0.000000000,0.000000000,-0.037113417,0.999311060
1782472907.668249130,333.985957623,1148,vicon_state_data,ball,1,0,0.885427271,-0.753592319,0.747392034,0.000000000,0.000000000,0.000000000,1.000000000,1,-0.822124764,-0.460267449,0.820740258,0.000000000,0.000000000,-0.037210127,0.999307463
1782472907.672133207,333.989841700,1149,vicon_state_data,ball,1,0,0.903748063,-0.754890993,0.746785987,0.000000000,0.000000000,0.000000000,1.000000000,1,-0.822140701,-0.460281382,0.820743103,0.000000000,0.000000000,-0.037133890,0.999310299
1782472907.675873518,333.993582010,1150,vicon_state_data,ball,1,0,0.784221840,-1.038138585,0.573258789,0.000000000,0.000000000,0.000000000,1.000000000,1,-0.822132078,-0.460182396,0.820625928,0.000000000,0.000000000,-0.037374082,0.999301345
1782472907.679684401,333.997392893,1151,vicon_state_data,ball,1,0,0.859139703,-1.064589979,0.555347966,0.000000000,0.000000000,0.000000000,1.000000000,1,-0.822126266,-0.460175155,0.820646316,0.000000000,0.000000000,-0.037257162,0.999305711
1782472907.683987856,334.001696348,1152,vicon_state_data,ball,1,0,0.764992802,-1.069028775,0.554215524,0.000000000,0.000000000,0.000000000,1.000000000,1,-0.822130031,-0.460195003,0.820651319,0.000000000,0.000000000,-0.037312143,0.999303660
1782472907.687872410,334.005580902,1153,vicon_state_data,ball,1,0,0.827344533,-1.035990078,0.574053748,0.000000000,0.000000000,0.000000000,1.000000000,1,-0.822133390,-0.460181661,0.820647371,0.000000000,0.000000000,-0.037296222,0.999304254
1782472907.691776991,334.009485483,1154,vicon_state_data,ball,1,0,0.799586271,-0.978645541,0.610246236,0.000000000,0.000000000,0.000000000,1.000000000,1,-0.822136970,-0.460181153,0.820675898,0.000000000,0.000000000,-0.037305777,0.999303897
1782472907.695685625,334.013394117,1155,vicon_state_data,ball,1,0,0.717227912,-1.137663061,0.512906962,0.000000000,0.000000000,0.000000000,1.000000000,1,-0.822144368,-0.460187834,0.820695859,0.000000000,0.000000000,-0.037266564,0.999305360
1782472907.699543715,334.017252207,1156,vicon_state_data,ball,1,0,0.884959638,-0.879409545,0.670662909,0.000000000,0.000000000,0.000000000,1.000000000,1,-0.822141129,-0.460191639,0.820701235,0.000000000,0.000000000,-0.037326832,0.999303111
1782472907.703430653,334.021139145,1157,vicon_state_data,ball,1,0,0.888194447,-0.947224932,0.630351594,0.000000000,0.000000000,0.000000000,1.000000000,1,-0.822140966,-0.460169681,0.820705549,0.000000000,0.000000000,-0.037284113,0.999304706
1782472907.707300663,334.025009155,1158,vicon_state_data,ball,1,0,0.875074059,-0.954052982,0.626207468,0.000000000,0.000000000,0.000000000,1.000000000,1,-0.822146192,-0.460190331,0.820710635,0.000000000,0.000000000,-0.037265220,0.999305410
1782472907.711166859,334.028875351,1159,vicon_state_data,ball,1,0,0.922603387,-0.812978459,0.711774104,0.000000000,0.000000000,0.000000000,1.000000000,1,-0.822152413,-0.460197311,0.820731614,0.000000000,0.000000000,-0.037288801,0.999304531
1782472907.712676048,334.030384541,1160,vicon_state_data,ball,1,0,0.934847470,-0.889005532,0.665362856,0.000000000,0.000000000,0.000000000,1.000000000,1,-0.822158800,-0.460150874,0.820694907,0.000000000,0.000000000,-0.037189183,0.999308243
1782472907.714254618,334.031963110,1161,vicon_state_data,ball,1,0,0.942483836,-0.708960264,0.775401139,0.000000000,0.000000000,0.000000000,1.000000000,1,-0.822156121,-0.460202885,0.820720891,0.000000000,0.000000000,-0.037246899,0.999306093
1782472907.714529037,334.032237530,1162,vicon_state_data,ball,1,0,0.933045792,-0.711000441,0.774869643,0.000000000,0.000000000,0.000000000,1.000000000,1,-0.822153755,-0.460179994,0.820711720,0.000000000,0.000000000,-0.037257960,0.999305681
1782472907.714782953,334.032491446,1163,vicon_state_data,ball,1,0,0.959663658,-0.692186118,0.785273894,0.000000000,0.000000000,0.000000000,1.000000000,1,-0.822199653,-0.460254684,0.820741764,0.000000000,0.000000000,-0.037164366,0.999309166
1782472907.715075493,334.032783985,1164,vicon_state_data,ball,1,0,0.950673711,-0.697203779,0.782493940,0.000000000,0.000000000,0.000000000,1.000000000,1,-0.822186012,-0.460182132,0.820661916,0.000000000,0.000000000,-0.037172982,0.999308846
1782472907.715372086,334.033080578,1165,vicon_state_data,ball,1,0,0.909164867,-0.813137533,0.711857356,0.000000000,0.000000000,0.000000000,1.000000000,1,-0.822169929,-0.460205792,0.820715909,0.000000000,0.000000000,-0.037297079,0.999304222
1782472907.715664387,334.033372879,1166,vicon_state_data,ball,1,0,0.890613218,-0.747931769,0.747084674,0.000000000,0.000000000,0.000000000,1.000000000,1,-0.822187067,-0.460166963,0.820679789,0.000000000,0.000000000,-0.037177818,0.999308666
1782472907.716039658,334.033748150,1167,vicon_state_data,ball,1,0,0.908749453,-0.715630290,0.773214483,0.000000000,0.000000000,0.000000000,1.000000000,1,-0.822176852,-0.460169802,0.820695175,0.000000000,0.000000000,-0.037286130,0.999304630
1782472907.716379642,334.034088135,1168,vicon_state_data,ball,1,0,0.900243769,-0.702791840,0.778036751,0.000000000,0.000000000,0.000000000,1.000000000,1,-0.822180618,-0.460159266,0.820641419,0.000000000,0.000000000,-0.037250040,0.999305976
1782472907.716680527,334.034389019,1169,vicon_state_data,ball,1,0,0.905556614,-0.751311990,0.747930173,0.000000000,0.000000000,0.000000000,1.000000000,1,-0.822174638,-0.460154901,0.820663302,0.000000000,0.000000000,-0.037293196,0.999304367
1782472907.781963348,334.099671841,1170,vicon_state_data,ball,1,0,0.906642327,-0.749819959,0.750773494,0.000000000,0.000000000,0.000000000,1.000000000,1,-0.822220191,-0.460167191,0.820646090,0.000000000,0.000000000,-0.037091804,0.999311862
1782472907.782499552,334.100208044,1171,vicon_state_data,ball,1,0,0.896971484,-0.752194499,0.748932011,0.000000000,0.000000000,0.000000000,1.000000000,1,-0.822185967,-0.460161900,0.820634110,0.000000000,0.000000000,-0.037307329,0.999303839
1782472907.782843590,334.100552082,1172,vicon_state_data,ball,1,0,0.865077995,-0.755424852,0.747563225,0.000000000,0.000000000,0.000000000,1.000000000,1,-0.822184745,-0.460137739,0.820663587,0.000000000,0.000000000,-0.037207510,0.999307561
1782472907.783159494,334.100867987,1173,vicon_state_data,ball,1,0,0.879027009,-0.749030460,0.749940263,0.000000000,0.000000000,0.000000000,1.000000000,1,-0.822196438,-0.460122118,0.820637907,0.000000000,0.000000000,-0.037156912,0.999309444
1782472907.783454180,334.101162672,1174,vicon_state_data,ball,1,0,0.849351676,-0.752624090,0.748749366,0.000000000,0.000000000,0.000000000,1.000000000,1,-0.822190658,-0.460144679,0.820662067,0.000000000,0.000000000,-0.037218981,0.999307134
1782472907.783757210,334.101465702,1175,vicon_state_data,ball,1,0,0.916337850,-0.725587207,0.766600778,0.000000000,0.000000000,0.000000000,1.000000000,1,-0.822190186,-0.460128849,0.820674599,0.000000000,0.000000000,-0.037179051,0.999308620
1782472907.784048080,334.101756573,1176,vicon_state_data,ball,1,0,0.922482793,-0.747680613,0.750413846,0.000000000,0.000000000,0.000000000,1.000000000,1,-0.822199964,-0.460146706,0.820629601,0.000000000,0.000000000,-0.037157828,0.999309409
1782472907.784339905,334.102048397,1177,vicon_state_data,ball,1,0,0.923764744,-0.753407991,0.746044360,0.000000000,0.000000000,0.000000000,1.000000000,1,-0.822207571,-0.460166844,0.820634010,0.000000000,0.000000000,-0.037186415,0.999308346
1782472907.784623146,334.102331638,1178,vicon_state_data,ball,1,0,0.998406821,-0.757135739,0.744953604,0.000000000,0.000000000,0.000000000,1.000000000,1,-0.822198258,-0.460087666,0.820651664,0.000000000,0.000000000,-0.037133552,0.999310312
1782472907.784901142,334.102609634,1179,vicon_state_data,ball,1,0,0.972276938,-0.752975038,0.747358882,0.000000000,0.000000000,0.000000000,1.000000000,1,-0.822194833,-0.460147292,0.820657700,0.000000000,0.000000000,-0.037245233,0.999306156
1782472907.785216331,334.102924824,1180,vicon_state_data,ball,1,0,0.857630774,-0.750046477,0.751019366,0.000000000,0.000000000,0.000000000,1.000000000,1,-0.822208795,-0.460097909,0.820625001,0.000000000,0.000000000,-0.037221310,0.999307047
1782472907.850899220,334.168607712,1181,vicon_state_data,ball,1,0,0.886568716,-0.753982993,0.750205269,0.000000000,0.000000000,0.000000000,1.000000000,1,-0.822218705,-0.460082684,0.820645380,0.000000000,0.000000000,-0.037161457,0.999309275
1782472907.851450682,334.169159174,1182,vicon_state_data,ball,1,0,0.890113046,-0.754419811,0.747448227,0.000000000,0.000000000,0.000000000,1.000000000,1,-0.822221909,-0.460067578,0.820656523,0.000000000,0.000000000,-0.037146436,0.999309833
1782472907.851802111,334.169510603,1183,vicon_state_data,ball,1,0,0.909063741,-0.752263591,0.748605497,0.000000000,0.000000000,0.000000000,1.000000000,1,-0.822227042,-0.460068834,0.820650233,0.000000000,0.000000000,-0.037146454,0.999309832
1782472907.852125168,334.169833660,1184,vicon_state_data,ball,1,0,0.839470110,-1.056961758,0.561413100,0.000000000,0.000000000,0.000000000,1.000000000,1,-0.822235263,-0.460027268,0.820650961,0.000000000,0.000000000,-0.037056550,0.999313170
1782472907.852434158,334.170142651,1185,vicon_state_data,ball,1,0,0.813391800,-0.970691376,0.614796699,0.000000000,0.000000000,0.000000000,1.000000000,1,-0.822219894,-0.460052288,0.820667243,0.000000000,0.000000000,-0.037173365,0.999308832
1782472907.852740288,334.170448780,1186,vicon_state_data,ball,1,0,0.828935639,-0.987699659,0.603436422,0.000000000,0.000000000,0.000000000,1.000000000,1,-0.822223221,-0.460047888,0.820664541,0.000000000,0.000000000,-0.037143072,0.999309958
1782472907.853033781,334.170742273,1187,vicon_state_data,ball,1,0,0.839967228,-0.959315334,0.620242734,0.000000000,0.000000000,0.000000000,1.000000000,1,-0.822217591,-0.460063210,0.820671421,0.000000000,0.000000000,-0.037196962,0.999307954
1782472907.853323221,334.171031713,1188,vicon_state_data,ball,1,0,0.843334641,-0.753494084,0.751089043,0.000000000,0.000000000,0.000000000,1.000000000,1,-0.822227684,-0.460065806,0.820684046,0.000000000,0.000000000,-0.037137804,0.999310154
1782472907.853629351,334.171337843,1189,vicon_state_data,ball,1,0,0.830636668,-0.751132594,0.750747430,0.000000000,0.000000000,0.000000000,1.000000000,1,-0.822227511,-0.460045554,0.820678083,0.000000000,0.000000000,-0.037181728,0.999308520
1782472907.853922367,334.171630859,1190,vicon_state_data,ball,1,0,0.893031657,-0.791669464,0.725864567,0.000000000,0.000000000,0.000000000,1.000000000,1,-0.822216161,-0.460060987,0.820666638,0.000000000,0.000000000,-0.037195124,0.999308022
1782472907.854218245,334.171926737,1191,vicon_state_data,ball,1,0,0.940668930,-0.643444812,0.817348937,0.000000000,0.000000000,0.000000000,1.000000000,1,-0.822264142,-0.460027943,0.820684973,0.000000000,0.000000000,-0.037120497,0.999310797
1782472907.858056307,334.175764799,1192,vicon_state_data,ball,1,0,0.978171176,-0.793075757,0.723710217,0.000000000,0.000000000,0.000000000,1.000000000,1,-0.822263421,-0.460023555,0.820699494,0.000000000,0.000000000,-0.037076297,0.999312438
1782472907.861925125,334.179633617,1193,vicon_state_data,ball,1,0,0.798105758,-0.746540509,0.752927961,0.000000000,0.000000000,0.000000000,1.000000000,1,-0.822262142,-0.459993981,0.820697823,0.000000000,0.000000000,-0.037024568,0.999314356
1782472907.865820646,334.183529139,1194,vicon_state_data,ball,1,0,0.856276018,-0.748554810,0.751267088,0.000000000,0.000000000,0.000000000,1.000000000,1,-0.822266423,-0.459999152,0.820712219,0.000000000,0.000000000,-0.036982090,0.999315929
1782472907.869732857,334.187441349,1195,vicon_state_data,ball,1,0,0.880498590,-0.751007918,0.751210599,0.000000000,0.000000000,0.000000000,1.000000000,1,-0.822266315,-0.460011212,0.820735024,0.000000000,0.000000000,-0.036975654,0.999316167
1782472907.873657227,334.191365719,1196,vicon_state_data,ball,1,0,0.890801922,-0.747238198,0.750754819,0.000000000,0.000000000,0.000000000,1.000000000,1,-0.822273524,-0.459975564,0.820712902,0.000000000,0.000000000,-0.037019697,0.999314536
1782472907.877712011,334.195420504,1197,vicon_state_data,ball,1,0,0.880939683,-0.752160922,0.750766610,0.000000000,0.000000000,0.000000000,1.000000000,1,-0.822288179,-0.459993762,0.820731118,0.000000000,0.000000000,-0.036930324,0.999317843
1782472907.881678343,334.199386835,1198,vicon_state_data,ball,1,0,0.918356471,-0.649839729,0.811899371,0.000000000,0.000000000,0.000000000,1.000000000,1,-0.822285691,-0.459984351,0.820738927,0.000000000,0.000000000,-0.036953104,0.999317001
1782472907.884726048,334.202434540,1199,vicon_state_data,ball,1,0,0.889110372,-0.748290528,0.751175518,0.000000000,0.000000000,0.000000000,1.000000000,1,-0.822291212,-0.459981625,0.820731555,0.000000000,0.000000000,-0.036924149,0.999318071
1782472907.888234138,334.205942631,1200,vicon_state_data,ball,1,0,0.964100807,-0.737603649,0.756873910,0.000000000,0.000000000,0.000000000,1.000000000,1,-0.822280730,-0.459968320,0.820720068,0.000000000,0.000000000,-0.036951236,0.999317070
1782472907.890016317,334.207724810,1201,vicon_state_data,ball,1,0,0.773480478,-0.754889967,0.746665291,0.000000000,0.000000000,0.000000000,1.000000000,1,-0.822284622,-0.459980334,0.820721202,0.000000000,0.000000000,-0.036964862,0.999316566
1782472907.891778231,334.209486723,1202,vicon_state_data,ball,1,0,0.785281296,-0.746156677,0.752381195,0.000000000,0.000000000,0.000000000,1.000000000,1,-0.822290636,-0.459981634,0.820701388,0.000000000,0.000000000,-0.037053452,0.999313285
1782472907.894995213,334.212703705,1203,vicon_state_data,ball,1,0,0.746947987,-0.750323714,0.748854176,0.000000000,0.000000000,0.000000000,1.000000000,1,-0.822294205,-0.459981953,0.820705895,0.000000000,0.000000000,-0.037005988,0.999315044
1782472907.898314476,334.216022968,1204,vicon_state_data,ball,1,0,0.842862553,-0.747171983,0.753214020,0.000000000,0.000000000,0.000000000,1.000000000,1,-0.822290565,-0.459960114,0.820689906,0.000000000,0.000000000,-0.037018020,0.999314598
1782472907.901615143,334.219323635,1205,vicon_state_data,ball,1,0,0.842049734,-0.747106453,0.752783115,0.000000000,0.000000000,0.000000000,1.000000000,1,-0.822280615,-0.459948885,0.820680894,0.000000000,0.000000000,-0.037122516,0.999310722
1782472907.905004978,334.222713470,1206,vicon_state_data,ball,1,0,0.844333771,-0.746488969,0.750934663,0.000000000,0.000000000,0.000000000,1.000000000,1,-0.822297756,-0.459951097,0.820695843,0.000000000,0.000000000,-0.037054303,0.999313254
1782472907.908081293,334.225789785,1207,vicon_state_data,ball,1,0,0.805226993,-0.981592587,0.609092785,0.000000000,0.000000000,0.000000000,1.000000000,1,-0.822295136,-0.459948312,0.820687568,0.000000000,0.000000000,-0.037026611,0.999314280
1782472907.911134958,334.228843451,1208,vicon_state_data,ball,1,0,0.823963620,-0.855837402,0.686604140,0.000000000,0.000000000,0.000000000,1.000000000,1,-0.822299293,-0.459947128,0.820666111,0.000000000,0.000000000,-0.037078790,0.999312345
1782472907.914455891,334.232164383,1209,vicon_state_data,ball,1,0,0.855857698,-0.986496786,0.604743679,0.000000000,0.000000000,0.000000000,1.000000000,1,-0.822297579,-0.459964333,0.820653013,0.000000000,0.000000000,-0.037129086,0.999310478
1782472907.918314934,334.236023426,1210,vicon_state_data,ball,1,0,0.839920029,-1.002741636,0.593807261,0.000000000,0.000000000,0.000000000,1.000000000,1,-0.822307217,-0.459940500,0.820661788,0.000000000,0.000000000,-0.037128696,0.999310492
1782472907.922103643,334.239812136,1211,vicon_state_data,ball,1,0,0.820418433,-1.025715155,0.579364060,0.000000000,0.000000000,0.000000000,1.000000000,1,-0.822303059,-0.459944517,0.820656901,0.000000000,0.000000000,-0.037125444,0.999310613
1782472907.925916672,334.243625164,1212,vicon_state_data,ball,1,0,0.830752666,-1.037383681,0.572129007,0.000000000,0.000000000,0.000000000,1.000000000,1,-0.822306707,-0.459938747,0.820659870,0.000000000,0.000000000,-0.037124131,0.999310662
1782472907.929774284,334.247482777,1213,vicon_state_data,ball,1,0,0.765261181,-0.980239869,0.608559049,0.000000000,0.000000000,0.000000000,1.000000000,1,-0.822303845,-0.459939766,0.820671934,0.000000000,0.000000000,-0.037073929,0.999312526
1782472907.933562517,334.251271009,1214,vicon_state_data,ball,1,0,0.653284137,-1.012195583,0.590231873,0.000000000,0.000000000,0.000000000,1.000000000,1,-0.822307177,-0.459919400,0.820676050,0.000000000,0.000000000,-0.037001683,0.999315203
1782472907.937391281,334.255099773,1215,vicon_state_data,ball,1,0,0.910463534,-0.964774843,0.618481628,0.000000000,0.000000000,0.000000000,1.000000000,1,-0.822317058,-0.459921215,0.820683214,0.000000000,0.000000000,-0.037061866,0.999312973
1782472907.941462278,334.259170771,1216,vicon_state_data,ball,1,0,0.915674112,-0.945131734,0.629343306,0.000000000,0.000000000,0.000000000,1.000000000,1,-0.822294508,-0.459880126,0.820669008,0.000000000,0.000000000,-0.037031353,0.999314104
1782472907.945278406,334.262986898,1217,vicon_state_data,ball,1,0,0.876438186,-1.007157588,0.592865282,0.000000000,0.000000000,0.000000000,1.000000000,1,-0.822313715,-0.459907050,0.820645660,0.000000000,0.000000000,-0.037068674,0.999312721
1782472907.947431087,334.265139580,1218,vicon_state_data,ball,1,0,0.931990050,-0.854224721,0.687823500,0.000000000,0.000000000,0.000000000,1.000000000,1,-0.822311244,-0.459881055,0.820648681,0.000000000,0.000000000,-0.037089825,0.999311936
1782472907.949527979,334.267236471,1219,vicon_state_data,ball,1,0,0.941401970,-0.747233355,0.750496097,0.000000000,0.000000000,0.000000000,1.000000000,1,-0.822341787,-0.459932979,0.820693174,0.000000000,0.000000000,-0.036958917,0.999316786
1782472907.951550484,334.269258976,1220,vicon_state_data,ball,1,0,0.862813978,-0.748057708,0.752803941,0.000000000,0.000000000,0.000000000,1.000000000,1,-0.822308081,-0.459871099,0.820664660,0.000000000,0.000000000,-0.037050506,0.999313394
1782472907.953677654,334.271386147,1221,vicon_state_data,ball,1,0,0.946910907,-0.720059443,0.768858774,0.000000000,0.000000000,0.000000000,1.000000000,1,-0.822327387,-0.459897486,0.820695743,0.000000000,0.000000000,-0.037036411,0.999313917
1782472907.955621481,334.273329973,1222,vicon_state_data,ball,1,0,0.907061100,-0.774894934,0.732899462,0.000000000,0.000000000,0.000000000,1.000000000,1,-0.822318481,-0.459867178,0.820657816,0.000000000,0.000000000,-0.037118381,0.999310875
1782472908.024001837,334.341710329,1223,vicon_state_data,ball,1,0,0.857973698,-0.749793055,0.747817096,0.000000000,0.000000000,0.000000000,1.000000000,1,-0.822327842,-0.459869143,0.820667643,0.000000000,0.000000000,-0.037006770,0.999315015
1782472908.024547815,334.342256308,1224,vicon_state_data,ball,1,0,0.842098391,-0.846098129,0.692158031,0.000000000,0.000000000,0.000000000,1.000000000,1,-0.822334358,-0.459875653,0.820646227,0.000000000,0.000000000,-0.037120747,0.999310788
1782472908.024880409,334.342588902,1225,vicon_state_data,ball,1,0,0.861565355,-0.750875999,0.751259853,0.000000000,0.000000000,0.000000000,1.000000000,1,-0.822334313,-0.459859929,0.820678639,0.000000000,0.000000000,-0.037032315,0.999314069
1782472908.025245667,334.342954159,1226,vicon_state_data,ball,1,0,0.911386543,-0.754822449,0.748451814,0.000000000,0.000000000,0.000000000,1.000000000,1,-0.822329127,-0.459858070,0.820645746,0.000000000,0.000000000,-0.037203942,0.999307694
1782472908.025554657,334.343263149,1227,vicon_state_data,ball,1,0,0.890386353,-0.748652719,0.753526004,0.000000000,0.000000000,0.000000000,1.000000000,1,-0.822330008,-0.459837596,0.820648823,0.000000000,0.000000000,-0.037073497,0.999312542
1782472908.025863171,334.343571663,1228,vicon_state_data,ball,1,0,0.805646658,-0.748581639,0.752963829,0.000000000,0.000000000,0.000000000,1.000000000,1,-0.822340578,-0.459838443,0.820655057,0.000000000,0.000000000,-0.037068841,0.999312714
1782472908.026181459,334.343889952,1229,vicon_state_data,ball,1,0,0.956362140,-0.752397497,0.747754111,0.000000000,0.000000000,0.000000000,1.000000000,1,-0.822331291,-0.459824325,0.820642247,0.000000000,0.000000000,-0.037083716,0.999312162
1782472908.026487827,334.344196320,1230,vicon_state_data,ball,1,0,0.938866218,-0.748522502,0.750011301,0.000000000,0.000000000,0.000000000,1.000000000,1,-0.822347851,-0.459852297,0.820660870,0.000000000,0.000000000,-0.037194617,0.999308041
1782472908.026783228,334.344491720,1231,vicon_state_data,ball,1,0,0.837532543,-0.750799164,0.750843923,0.000000000,0.000000000,0.000000000,1.000000000,1,-0.822342840,-0.459833698,0.820654211,0.000000000,0.000000000,-0.037131658,0.999310382
1782472908.027089596,334.344798088,1232,vicon_state_data,ball,1,0,0.960770531,-0.736486433,0.758353492,0.000000000,0.000000000,0.000000000,1.000000000,1,-0.822352371,-0.459824706,0.820662608,0.000000000,0.000000000,-0.037035412,0.999313954
1782472908.027398348,334.345106840,1233,vicon_state_data,ball,1,0,0.952743055,-0.921513425,0.644494794,0.000000000,0.000000000,0.000000000,1.000000000,1,-0.822382817,-0.459819306,0.820706943,0.000000000,0.000000000,-0.036999204,0.999315295
1782472908.094111919,334.411820412,1234,vicon_state_data,ball,1,0,0.886901485,-0.927551437,0.640363698,0.000000000,0.000000000,0.000000000,1.000000000,1,-0.822384148,-0.459783650,0.820702014,0.000000000,0.000000000,-0.036925322,0.999318028
1782472908.094711542,334.412420034,1235,vicon_state_data,ball,1,0,0.829070407,-0.994511840,0.600342062,0.000000000,0.000000000,0.000000000,1.000000000,1,-0.822391124,-0.459794359,0.820708516,0.000000000,0.000000000,-0.036952570,0.999317021
1782472908.095088720,334.412797213,1236,vicon_state_data,ball,1,0,0.731883234,-1.032840847,0.577905546,0.000000000,0.000000000,0.000000000,1.000000000,1,-0.822396225,-0.459786416,0.820696703,0.000000000,0.000000000,-0.036998275,0.999315329
1782472908.095457554,334.413166046,1237,vicon_state_data,ball,1,0,0.722346067,-0.996911659,0.600276266,0.000000000,0.000000000,0.000000000,1.000000000,1,-0.822390102,-0.459790660,0.820698268,0.000000000,0.000000000,-0.036989459,0.999315656
1782472908.095798731,334.413507223,1238,vicon_state_data,ball,1,0,0.803936745,-0.991105621,0.604433903,0.000000000,0.000000000,0.000000000,1.000000000,1,-0.822389316,-0.459789575,0.820684409,0.000000000,0.000000000,-0.037058204,0.999313109
1782472908.096121311,334.413829803,1239,vicon_state_data,ball,1,0,0.764012021,-0.906068982,0.653616578,0.000000000,0.000000000,0.000000000,1.000000000,1,-0.822422617,-0.459814881,0.820719495,0.000000000,0.000000000,-0.036904719,0.999318789
1782472908.096441507,334.414150000,1240,vicon_state_data,ball,1,0,0.895731263,-0.991065038,0.603609321,0.000000000,0.000000000,0.000000000,1.000000000,1,-0.822405307,-0.459807103,0.820708427,0.000000000,0.000000000,-0.036931566,0.999317797
1782472908.096746206,334.414454699,1241,vicon_state_data,ball,1,0,0.790188086,-1.085644541,0.543864796,0.000000000,0.000000000,0.000000000,1.000000000,1,-0.822405271,-0.459790176,0.820686371,0.000000000,0.000000000,-0.036957794,0.999316827
1782472908.097050190,334.414758682,1242,vicon_state_data,ball,1,0,0.738358616,-1.102015039,0.534194688,0.000000000,0.000000000,0.000000000,1.000000000,1,-0.822406103,-0.459799098,0.820712670,0.000000000,0.000000000,-0.036933577,0.999317723
1782472908.097359419,334.415067911,1243,vicon_state_data,ball,1,0,0.730297771,-1.135214437,0.511431449,0.000000000,0.000000000,0.000000000,1.000000000,1,-0.822376598,-0.459799099,0.820649995,0.000000000,0.000000000,-0.037100831,0.999311527
1782472908.097663641,334.415372133,1244,vicon_state_data,ball,1,0,0.772494657,-0.961735434,0.621231542,0.000000000,0.000000000,0.000000000,1.000000000,1,-0.822388506,-0.459719541,0.820625379,0.000000000,0.000000000,-0.037022778,0.999314422
1782472908.164541483,334.482249975,1245,vicon_state_data,ball,1,0,0.838771091,-0.943378359,0.631329022,0.000000000,0.000000000,0.000000000,1.000000000,1,-0.822426769,-0.459726779,0.820678461,0.000000000,0.000000000,-0.036934077,0.999317704
1782472908.165122747,334.482831240,1246,vicon_state_data,ball,1,0,0.825230968,-0.914799403,0.649077181,0.000000000,0.000000000,0.000000000,1.000000000,1,-0.822395954,-0.459717709,0.820625770,0.000000000,0.000000000,-0.037071093,0.999312631
1782472908.165519714,334.483228207,1247,vicon_state_data,ball,1,0,0.934764069,-0.825039974,0.701939916,0.000000000,0.000000000,0.000000000,1.000000000,1,-0.822408589,-0.459724803,0.820624047,0.000000000,0.000000000,-0.037126133,0.999310587
1782472908.165857315,334.483565807,1248,vicon_state_data,ball,1,0,0.899681421,-0.797470639,0.722996173,0.000000000,0.000000000,0.000000000,1.000000000,1,-0.822413255,-0.459701732,0.820631821,0.000000000,0.000000000,-0.037143037,0.999309959
1782472908.166207314,334.483915806,1249,vicon_state_data,ball,1,0,0.906652793,-0.771332043,0.736169997,0.000000000,0.000000000,0.000000000,1.000000000,1,-0.822404617,-0.459679495,0.820633926,0.000000000,0.000000000,-0.037148411,0.999309760
1782472908.166539431,334.484247923,1250,vicon_state_data,ball,1,0,0.893207228,-0.821316443,0.706298707,0.000000000,0.000000000,0.000000000,1.000000000,1,-0.822417483,-0.459699955,0.820640924,0.000000000,0.000000000,-0.037164097,0.999309176
1782472908.166853666,334.484562159,1251,vicon_state_data,ball,1,0,0.932110246,-0.715595973,0.771613286,0.000000000,0.000000000,0.000000000,1.000000000,1,-0.822411543,-0.459673598,0.820647146,0.000000000,0.000000000,-0.037077804,0.999312382
1782472908.167165995,334.484874487,1252,vicon_state_data,ball,1,0,0.872846143,-0.748716581,0.754154326,0.000000000,0.000000000,0.000000000,1.000000000,1,-0.822420811,-0.459702102,0.820654819,0.000000000,0.000000000,-0.037102480,0.999311466
1782472908.167469025,334.485177517,1253,vicon_state_data,ball,1,0,0.928820735,-0.757120440,0.745048150,0.000000000,0.000000000,0.000000000,1.000000000,1,-0.822413818,-0.459673958,0.820647416,0.000000000,0.000000000,-0.037181529,0.999308528
1782472908.169203758,334.486912251,1254,vicon_state_data,ball,1,0,0.961626182,-0.749912875,0.748959511,0.000000000,0.000000000,0.000000000,1.000000000,1,-0.822420003,-0.459691808,0.820662170,0.000000000,0.000000000,-0.037038242,0.999313849
1782472908.170850039,334.488558531,1255,vicon_state_data,ball,1,0,0.828923299,-0.748924282,0.751731857,0.000000000,0.000000000,0.000000000,1.000000000,1,-0.822446264,-0.459625057,0.820637003,0.000000000,0.000000000,-0.037054742,0.999313237
1782472908.172461271,334.490169764,1256,vicon_state_data,ball,1,0,0.855976336,-0.748867166,0.750564209,0.000000000,0.000000000,0.000000000,1.000000000,1,-0.822436576,-0.459589437,0.820618287,0.000000000,0.000000000,-0.037071763,0.999312606
1782472908.174108267,334.491816759,1257,vicon_state_data,ball,1,0,0.914456445,-0.708128161,0.777552435,0.000000000,0.000000000,0.000000000,1.000000000,1,-0.822464459,-0.459535585,0.820679697,0.000000000,0.000000000,-0.036913083,0.999318480
1782472908.175727844,334.493436337,1258,vicon_state_data,ball,1,0,0.908118239,-0.598852516,0.842446498,0.000000000,0.000000000,0.000000000,1.000000000,1,-0.822447136,-0.459570981,0.820612519,0.000000000,0.000000000,-0.037102296,0.999311473
1782472908.243410349,334.561118841,1259,vicon_state_data,ball,1,0,0.956714964,-0.750421497,0.749849667,0.000000000,0.000000000,0.000000000,1.000000000,1,-0.822449517,-0.459591038,0.820615322,0.000000000,0.000000000,-0.037094099,0.999311777
1782472908.244343281,334.562051773,1260,vicon_state_data,ball,1,0,0.985276400,-0.776018440,0.733453677,0.000000000,0.000000000,0.000000000,1.000000000,1,-0.822455840,-0.459575896,0.820637427,0.000000000,0.000000000,-0.037011158,0.999314852
1782472908.244891405,334.562599897,1261,vicon_state_data,ball,1,0,0.922618432,-0.891723288,0.662355560,0.000000000,0.000000000,0.000000000,1.000000000,1,-0.822445914,-0.459566436,0.820618182,0.000000000,0.000000000,-0.037121632,0.999310755
1782472908.245537519,334.563246012,1262,vicon_state_data,ball,1,0,0.905878124,-0.867726730,0.678093831,0.000000000,0.000000000,0.000000000,1.000000000,1,-0.822454404,-0.459576312,0.820600413,0.000000000,0.000000000,-0.037189523,0.999308230
1782472908.246144533,334.563853025,1263,vicon_state_data,ball,1,0,0.837178907,-0.812977686,0.711476801,0.000000000,0.000000000,0.000000000,1.000000000,1,-0.822446969,-0.459564451,0.820600573,0.000000000,0.000000000,-0.037090520,0.999311910
1782472908.246762037,334.564470530,1264,vicon_state_data,ball,1,0,0.875740159,-0.763825414,0.740985197,0.000000000,0.000000000,0.000000000,1.000000000,1,-0.822449389,-0.459561907,0.820594359,0.000000000,0.000000000,-0.037192953,0.999308103
1782472908.247367144,334.565075636,1265,vicon_state_data,ball,1,0,0.878529089,-0.744553037,0.752567070,0.000000000,0.000000000,0.000000000,1.000000000,1,-0.822448532,-0.459551539,0.820584954,0.000000000,0.000000000,-0.037174572,0.999308787
1782472908.247966051,334.565674543,1266,vicon_state_data,ball,1,0,0.860995219,-0.748654890,0.752532297,0.000000000,0.000000000,0.000000000,1.000000000,1,-0.822483610,-0.459545580,0.820660943,0.000000000,0.000000000,-0.036920286,0.999318214
1782472908.248582125,334.566290617,1267,vicon_state_data,ball,1,0,0.858539333,-0.763888904,0.742875704,0.000000000,0.000000000,0.000000000,1.000000000,1,-0.822449389,-0.459554809,0.820620891,0.000000000,0.000000000,-0.037111056,0.999311148
1782472908.249171972,334.566880465,1268,vicon_state_data,ball,1,0,0.852096299,-0.753486901,0.749863291,0.000000000,0.000000000,0.000000000,1.000000000,1,-0.822481416,-0.459533376,0.820644895,0.000000000,0.000000000,-0.036933235,0.999317735
1782472908.249762774,334.567471266,1269,vicon_state_data,ball,1,0,0.924660089,-0.869238792,0.676784738,0.000000000,0.000000000,0.000000000,1.000000000,1,-0.822451440,-0.459455082,0.820628058,0.000000000,0.000000000,-0.037081711,0.999312237
1782472908.250364780,334.568073273,1270,vicon_state_data,ball,1,0,0.875066579,-0.752586374,0.748628457,0.000000000,0.000000000,0.000000000,1.000000000,1,-0.822462983,-0.459446207,0.820644779,0.000000000,0.000000000,-0.037139442,0.999310093
1782472908.315993309,334.633701801,1271,vicon_state_data,ball,1,0,0.958819766,-0.747141825,0.749828522,0.000000000,0.000000000,0.000000000,1.000000000,1,-0.822472894,-0.459466625,0.820670563,0.000000000,0.000000000,-0.037162392,0.999309240
1782472908.316591978,334.634300470,1272,vicon_state_data,ball,1,0,0.772834702,-0.754075630,0.746803115,0.000000000,0.000000000,0.000000000,1.000000000,1,-0.822473423,-0.459472906,0.820664081,0.000000000,0.000000000,-0.037168531,0.999309011
1782472908.316927195,334.634635687,1273,vicon_state_data,ball,1,0,0.878412221,-0.748131224,0.752272737,0.000000000,0.000000000,0.000000000,1.000000000,1,-0.822466795,-0.459457094,0.820655450,0.000000000,0.000000000,-0.037229030,0.999306759
1782472908.317239761,334.634948254,1274,vicon_state_data,ball,1,0,0.873944825,-0.716888518,0.769212469,0.000000000,0.000000000,0.000000000,1.000000000,1,-0.822458741,-0.459448965,0.820630474,0.000000000,0.000000000,-0.037238673,0.999306400
1782472908.317541599,334.635250092,1275,vicon_state_data,ball,1,0,0.905305295,-0.747877786,0.751480226,0.000000000,0.000000000,0.000000000,1.000000000,1,-0.822468332,-0.459449860,0.820650531,0.000000000,0.000000000,-0.037256364,0.999305741
1782472908.317844152,334.635552645,1276,vicon_state_data,ball,1,0,0.881168574,-0.909347637,0.653730827,0.000000000,0.000000000,0.000000000,1.000000000,1,-0.822471200,-0.459451197,0.820668767,0.000000000,0.000000000,-0.037124425,0.999310651
1782472908.318145514,334.635854006,1277,vicon_state_data,ball,1,0,0.860931321,-0.752303115,0.750081707,0.000000000,0.000000000,0.000000000,1.000000000,1,-0.822474569,-0.459453113,0.820662407,0.000000000,0.000000000,-0.037193683,0.999308076
1782472908.318448544,334.636157036,1278,vicon_state_data,ball,1,0,0.876126772,-0.747355027,0.751014324,0.000000000,0.000000000,0.000000000,1.000000000,1,-0.822488744,-0.459453323,0.820642004,0.000000000,0.000000000,-0.037181983,0.999308511
1782472908.318739176,334.636447668,1279,vicon_state_data,ball,1,0,1.002477859,-0.787118451,0.727143111,0.000000000,0.000000000,0.000000000,1.000000000,1,-0.822483894,-0.459452794,0.820643450,0.000000000,0.000000000,-0.037157066,0.999309438
1782472908.319039583,334.636748075,1280,vicon_state_data,ball,1,0,0.958760633,-0.749375876,0.750697134,0.000000000,0.000000000,0.000000000,1.000000000,1,-0.822500696,-0.459439783,0.820644325,0.000000000,0.000000000,-0.037114379,0.999311024
1782472908.319353342,334.637061834,1281,vicon_state_data,ball,1,0,0.847232693,-0.994026789,0.600179430,0.000000000,0.000000000,0.000000000,1.000000000,1,-0.822547655,-0.459468837,0.820671232,0.000000000,0.000000000,-0.036880763,0.999319673
1782472908.382797480,334.700505972,1282,vicon_state_data,ball,1,0,0.821554146,-1.009332768,0.591278191,0.000000000,0.000000000,0.000000000,1.000000000,1,-0.822518900,-0.459456637,0.820642306,0.000000000,0.000000000,-0.037043957,0.999313637
1782472908.383415222,334.701123714,1283,vicon_state_data,ball,1,0,0.815998684,-1.013441341,0.587541641,0.000000000,0.000000000,0.000000000,1.000000000,1,-0.822517258,-0.459443791,0.820638512,0.000000000,0.000000000,-0.037132314,0.999310358
1782472908.383794546,334.701503038,1284,vicon_state_data,ball,1,0,0.773948755,-1.076432454,0.551717505,0.000000000,0.000000000,0.000000000,1.000000000,1,-0.822519076,-0.459417467,0.820652654,0.000000000,0.000000000,-0.037030279,0.999314144
1782472908.384137392,334.701845884,1285,vicon_state_data,ball,1,0,0.800021705,-1.078178870,0.548502483,0.000000000,0.000000000,0.000000000,1.000000000,1,-0.822511219,-0.459423885,0.820653780,0.000000000,0.000000000,-0.037088539,0.999311983
1782472908.384472370,334.702180862,1286,vicon_state_data,ball,1,0,0.729695860,-1.029607036,0.579644809,0.000000000,0.000000000,0.000000000,1.000000000,1,-0.822528082,-0.459431713,0.820651588,0.000000000,0.000000000,-0.037107513,0.999311279
1782472908.384790897,334.702499390,1287,vicon_state_data,ball,1,0,0.731650652,-1.130189453,0.518337971,0.000000000,0.000000000,0.000000000,1.000000000,1,-0.822528466,-0.459435236,0.820658463,0.000000000,0.000000000,-0.037102689,0.999311458
1782472908.385098934,334.702807426,1288,vicon_state_data,ball,1,0,0.920103727,-0.863000200,0.681106132,0.000000000,0.000000000,0.000000000,1.000000000,1,-0.822523312,-0.459418541,0.820653764,0.000000000,0.000000000,-0.037090561,0.999311908
1782472908.385415316,334.703123808,1289,vicon_state_data,ball,1,0,0.856991564,-0.905900320,0.655745768,0.000000000,0.000000000,0.000000000,1.000000000,1,-0.822516667,-0.459409695,0.820655071,0.000000000,0.000000000,-0.037008495,0.999314951
1782472908.389284134,334.706992626,1290,vicon_state_data,ball,1,0,0.816721444,-0.922752688,0.643329632,0.000000000,0.000000000,0.000000000,1.000000000,1,-0.822515608,-0.459419194,0.820616845,0.000000000,0.000000000,-0.037130951,0.999310408
1782472908.393081903,334.710790396,1291,vicon_state_data,ball,1,0,0.884800823,-0.867714036,0.675406328,0.000000000,0.000000000,0.000000000,1.000000000,1,-0.822517509,-0.459389323,0.820633584,0.000000000,0.000000000,-0.037099243,0.999311586
1782472908.396907568,334.714616060,1292,vicon_state_data,ball,1,0,0.701111122,-0.968868072,0.615492840,0.000000000,0.000000000,0.000000000,1.000000000,1,-0.822557722,-0.459416135,0.820614957,0.000000000,0.000000000,-0.037005738,0.999315053
1782472908.400731087,334.718439579,1293,vicon_state_data,ball,1,0,0.698438780,-0.957385314,0.624755628,0.000000000,0.000000000,0.000000000,1.000000000,1,-0.822542306,-0.459392747,0.820594290,0.000000000,0.000000000,-0.037094879,0.999311748
1782472908.404603481,334.722311974,1294,vicon_state_data,ball,1,0,0.906308594,-0.749182177,0.749468668,0.000000000,0.000000000,0.000000000,1.000000000,1,-0.822564173,-0.459411413,0.820626855,0.000000000,0.000000000,-0.037053821,0.999313271
1782472908.408543587,334.726252079,1295,vicon_state_data,ball,1,0,0.957857689,-0.750863504,0.751407579,0.000000000,0.000000000,0.000000000,1.000000000,1,-0.822553869,-0.459412098,0.820613884,0.000000000,0.000000000,-0.037106036,0.999311334
1782472908.412345409,334.730053902,1296,vicon_state_data,ball,1,0,0.960397381,-0.746763042,0.748791562,0.000000000,0.000000000,0.000000000,1.000000000,1,-0.822551566,-0.459397780,0.820623577,0.000000000,0.000000000,-0.036956630,0.999316870
1782472908.416113853,334.733822346,1297,vicon_state_data,ball,1,0,0.959325907,-0.748758496,0.750431465,0.000000000,0.000000000,0.000000000,1.000000000,1,-0.822555049,-0.459395429,0.820635155,0.000000000,0.000000000,-0.037071163,0.999312628
1782472908.419950962,334.737659454,1298,vicon_state_data,ball,1,0,0.886778617,-0.754073740,0.748599394,0.000000000,0.000000000,0.000000000,1.000000000,1,-0.822554059,-0.459381658,0.820628102,0.000000000,0.000000000,-0.036957381,0.999316843
1782472908.421564579,334.739273071,1299,vicon_state_data,ball,1,0,0.904502643,-0.752937612,0.748224866,0.000000000,0.000000000,0.000000000,1.000000000,1,-0.822556646,-0.459341807,0.820637316,0.000000000,0.000000000,-0.036911806,0.999318527
1782472908.423177004,334.740885496,1300,vicon_state_data,ball,1,0,0.931837782,-0.749389925,0.752028761,0.000000000,0.000000000,0.000000000,1.000000000,1,-0.822555099,-0.459332518,0.820616829,0.000000000,0.000000000,-0.036956363,0.999316880
1782472908.424885511,334.742594004,1301,vicon_state_data,ball,1,0,0.948845830,-0.749442944,0.748148148,0.000000000,0.000000000,0.000000000,1.000000000,1,-0.822560928,-0.459348550,0.820620664,0.000000000,0.000000000,-0.036993770,0.999315496
1782472908.426311493,334.744019985,1302,vicon_state_data,ball,1,0,0.987379673,-0.738212237,0.754942499,0.000000000,0.000000000,0.000000000,1.000000000,1,-0.822561195,-0.459350359,0.820629399,0.000000000,0.000000000,-0.036966153,0.999316518
1782472908.427737713,334.745446205,1303,vicon_state_data,ball,1,0,0.933633831,-0.749312712,0.751937024,0.000000000,0.000000000,0.000000000,1.000000000,1,-0.822555109,-0.459329850,0.820616014,0.000000000,0.000000000,-0.037015022,0.999314709
1782472908.429168701,334.746877193,1304,vicon_state_data,ball,1,0,0.881556197,-0.753213591,0.749222918,0.000000000,0.000000000,0.000000000,1.000000000,1,-0.822549144,-0.459313991,0.820630657,0.000000000,0.000000000,-0.036961412,0.999316694
1782472908.430602312,334.748310804,1305,vicon_state_data,ball,1,0,0.962081635,-0.768388127,0.740323629,0.000000000,0.000000000,0.000000000,1.000000000,1,-0.822545811,-0.459331051,0.820624270,0.000000000,0.000000000,-0.037033448,0.999314027
1782472908.432013035,334.749721527,1306,vicon_state_data,ball,1,0,0.955048575,-0.866351178,0.678444326,0.000000000,0.000000000,0.000000000,1.000000000,1,-0.822537909,-0.459294072,0.820608393,0.000000000,0.000000000,-0.036969844,0.999316382
1782472908.498857021,334.816565514,1307,vicon_state_data,ball,1,0,0.935172702,-0.843785158,0.692167987,0.000000000,0.000000000,0.000000000,1.000000000,1,-0.822536127,-0.459289654,0.820622934,0.000000000,0.000000000,-0.036983490,0.999315877
1782472908.500983000,334.818691492,1308,vicon_state_data,ball,1,0,0.845048472,-0.752994982,0.749266473,0.000000000,0.000000000,0.000000000,1.000000000,1,-0.822549716,-0.459309615,0.820619569,0.000000000,0.000000000,-0.037014606,0.999314725
1782472908.502802849,334.820511341,1309,vicon_state_data,ball,1,0,0.808707512,-0.745935521,0.751433184,0.000000000,0.000000000,0.000000000,1.000000000,1,-0.822549264,-0.459293981,0.820615494,0.000000000,0.000000000,-0.037001393,0.999315214
1782472908.504502058,334.822210550,1310,vicon_state_data,ball,1,0,0.815337685,-0.725898499,0.765493785,0.000000000,0.000000000,0.000000000,1.000000000,1,-0.822551943,-0.459313330,0.820639074,0.000000000,0.000000000,-0.037032541,0.999314060
1782472908.507428408,334.825136900,1311,vicon_state_data,ball,1,0,0.905266908,-0.751618463,0.749756728,0.000000000,0.000000000,0.000000000,1.000000000,1,-0.822551106,-0.459290334,0.820631527,0.000000000,0.000000000,-0.036968591,0.999316428
1782472908.511158943,334.828867435,1312,vicon_state_data,ball,1,0,0.882413254,-0.749151687,0.747736776,0.000000000,0.000000000,0.000000000,1.000000000,1,-0.822555117,-0.459314136,0.820624097,0.000000000,0.000000000,-0.037121769,0.999310750
1782472908.515023708,334.832732201,1313,vicon_state_data,ball,1,0,0.875561552,-0.764499270,0.742448875,0.000000000,0.000000000,0.000000000,1.000000000,1,-0.822546869,-0.459279647,0.820625538,0.000000000,0.000000000,-0.037063400,0.999312916
1782472908.518917561,334.836626053,1314,vicon_state_data,ball,1,0,0.888054801,-0.752454120,0.746128501,0.000000000,0.000000000,0.000000000,1.000000000,1,-0.822556547,-0.459316087,0.820619953,0.000000000,0.000000000,-0.037110900,0.999311153
1782472908.519220114,334.836928606,1315,vicon_state_data,ball,1,0,0.823755460,-0.751015019,0.749435606,0.000000000,0.000000000,0.000000000,1.000000000,1,-0.822555792,-0.459297036,0.820645942,0.000000000,0.000000000,-0.036996275,0.999315403
1782472908.519499540,334.837208033,1316,vicon_state_data,ball,1,0,0.908558804,-0.810439798,0.713377885,0.000000000,0.000000000,0.000000000,1.000000000,1,-0.822558997,-0.459294116,0.820621188,0.000000000,0.000000000,-0.037028593,0.999314206
1782472908.519828081,334.837536573,1317,vicon_state_data,ball,1,0,0.838213089,-0.995511948,0.598115233,0.000000000,0.000000000,0.000000000,1.000000000,1,-0.822555104,-0.459241773,0.820611146,0.000000000,0.000000000,-0.036963618,0.999316612
1782472908.520145655,334.837854147,1318,vicon_state_data,ball,1,0,0.838055946,-0.977545083,0.608112970,0.000000000,0.000000000,0.000000000,1.000000000,1,-0.822548668,-0.459249196,0.820598443,0.000000000,0.000000000,-0.037023830,0.999314383
1782472908.520462751,334.838171244,1319,vicon_state_data,ball,1,0,0.806724032,-1.034934948,0.576371761,0.000000000,0.000000000,0.000000000,1.000000000,1,-0.822551162,-0.459241712,0.820605965,0.000000000,0.000000000,-0.037011339,0.999314846
1782472908.520771503,334.838479996,1320,vicon_state_data,ball,1,0,0.834847155,-1.065294593,0.556950863,0.000000000,0.000000000,0.000000000,1.000000000,1,-0.822570693,-0.459267310,0.820631279,0.000000000,0.000000000,-0.037024570,0.999314356
1782472908.521079063,334.838787556,1321,vicon_state_data,ball,1,0,0.852251817,-0.959774121,0.622300735,0.000000000,0.000000000,0.000000000,1.000000000,1,-0.822561491,-0.459287151,0.820614447,0.000000000,0.000000000,-0.037153361,0.999309576
1782472908.521396160,334.839104652,1322,vicon_state_data,ball,1,0,0.750868068,-0.927833737,0.640578502,0.000000000,0.000000000,0.000000000,1.000000000,1,-0.822547424,-0.459243762,0.820621324,0.000000000,0.000000000,-0.037055513,0.999313209
1782472908.588688850,334.906397343,1323,vicon_state_data,ball,1,0,0.770550270,-0.896552304,0.659618572,0.000000000,0.000000000,0.000000000,1.000000000,1,-0.822558609,-0.459252028,0.820628237,0.000000000,0.000000000,-0.037120422,0.999310800
1782472908.589362144,334.907070637,1324,vicon_state_data,ball,1,0,0.768241823,-0.970845502,0.616093901,0.000000000,0.000000000,0.000000000,1.000000000,1,-0.822546948,-0.459250447,0.820632608,0.000000000,0.000000000,-0.037140261,0.999310063
1782472908.589739561,334.907448053,1325,vicon_state_data,ball,1,0,0.879471031,-1.037269315,0.572579548,0.000000000,0.000000000,0.000000000,1.000000000,1,-0.822546718,-0.459257547,0.820647253,0.000000000,0.000000000,-0.037161931,0.999309257
1782472908.590081453,334.907789946,1326,vicon_state_data,ball,1,0,0.746202006,-1.064244307,0.559447139,0.000000000,0.000000000,0.000000000,1.000000000,1,-0.822559273,-0.459239372,0.820633541,0.000000000,0.000000000,-0.037108923,0.999311227
1782472908.590405703,334.908114195,1327,vicon_state_data,ball,1,0,0.761131729,-1.088317858,0.539867984,0.000000000,0.000000000,0.000000000,1.000000000,1,-0.822547657,-0.459273028,0.820676895,0.000000000,0.000000000,-0.037047054,0.999313522
1782472908.590716600,334.908425093,1328,vicon_state_data,ball,1,0,0.775880765,-1.090542622,0.542062618,0.000000000,0.000000000,0.000000000,1.000000000,1,-0.822556409,-0.459242775,0.820647093,0.000000000,0.000000000,-0.037061855,0.999312973
1782472908.591027737,334.908736229,1329,vicon_state_data,ball,1,0,0.736704219,-1.118557990,0.521961334,0.000000000,0.000000000,0.000000000,1.000000000,1,-0.822540645,-0.459252156,0.820652249,0.000000000,0.000000000,-0.037163765,0.999309189
1782472908.591348410,334.909056902,1330,vicon_state_data,ball,1,0,0.871062966,-1.075131481,0.548565878,0.000000000,0.000000000,0.000000000,1.000000000,1,-0.822546436,-0.459246155,0.820633004,0.000000000,0.000000000,-0.037118397,0.999310875
1782472908.591664553,334.909373045,1331,vicon_state_data,ball,1,0,0.918358516,-1.049097771,0.566804537,0.000000000,0.000000000,0.000000000,1.000000000,1,-0.822554537,-0.459250915,0.820641580,0.000000000,0.000000000,-0.037031853,0.999314086
1782472908.591972589,334.909681082,1332,vicon_state_data,ball,1,0,0.883698070,-0.998694184,0.597615814,0.000000000,0.000000000,0.000000000,1.000000000,1,-0.822544565,-0.459230317,0.820610449,0.000000000,0.000000000,-0.037066069,0.999312817
1782472908.592294455,334.910002947,1333,vicon_state_data,ball,1,0,0.948456516,-0.731942032,0.761655575,0.000000000,0.000000000,0.000000000,1.000000000,1,-0.822570394,-0.459208663,0.820622336,0.000000000,0.000000000,-0.037010081,0.999314892
1782472908.657633066,334.975341558,1334,vicon_state_data,ball,1,0,0.992928870,-0.747497366,0.751488106,0.000000000,0.000000000,0.000000000,1.000000000,1,-0.822565024,-0.459221583,0.820637492,0.000000000,0.000000000,-0.036880510,0.999319683
1782472908.658225060,334.975933552,1335,vicon_state_data,ball,1,0,0.932010154,-0.751373228,0.748452730,0.000000000,0.000000000,0.000000000,1.000000000,1,-0.822574041,-0.459250224,0.820658742,0.000000000,0.000000000,-0.036929065,0.999317889
1782472908.658593893,334.976302385,1336,vicon_state_data,ball,1,0,0.947459222,-0.866351260,0.677979786,0.000000000,0.000000000,0.000000000,1.000000000,1,-0.822564676,-0.459231670,0.820640095,0.000000000,0.000000000,-0.037019381,0.999314548
1782472908.658920288,334.976628780,1337,vicon_state_data,ball,1,0,0.840982726,-0.752191612,0.748519159,0.000000000,0.000000000,0.000000000,1.000000000,1,-0.822556768,-0.459231470,0.820639418,0.000000000,0.000000000,-0.036994220,0.999315480
1782472908.659253597,334.976962090,1338,vicon_state_data,ball,1,0,0.828535158,-0.799981553,0.719798532,0.000000000,0.000000000,0.000000000,1.000000000,1,-0.822557231,-0.459247058,0.820648927,0.000000000,0.000000000,-0.036983878,0.999315862
1782472908.659575462,334.977283955,1339,vicon_state_data,ball,1,0,0.859019287,-0.752807461,0.748423665,0.000000000,0.000000000,0.000000000,1.000000000,1,-0.822563861,-0.459270568,0.820631338,0.000000000,0.000000000,-0.037081547,0.999312243
1782472908.659887314,334.977595806,1340,vicon_state_data,ball,1,0,0.852000904,-0.750132927,0.750877501,0.000000000,0.000000000,0.000000000,1.000000000,1,-0.822550631,-0.459251136,0.820649065,0.000000000,0.000000000,-0.036979398,0.999316028
1782472908.660199881,334.977908373,1341,vicon_state_data,ball,1,0,0.915159241,-0.748468037,0.750624431,0.000000000,0.000000000,0.000000000,1.000000000,1,-0.822543615,-0.459228434,0.820634767,0.000000000,0.000000000,-0.036928751,0.999317901
1782472908.660513878,334.978222370,1342,vicon_state_data,ball,1,0,0.947552527,-0.755776874,0.746763605,0.000000000,0.000000000,0.000000000,1.000000000,1,-0.822543015,-0.459216954,0.820622897,0.000000000,0.000000000,-0.036958027,0.999316819
1782472908.660827160,334.978535652,1343,vicon_state_data,ball,1,0,0.905072810,-0.747638934,0.752264347,0.000000000,0.000000000,0.000000000,1.000000000,1,-0.822546800,-0.459230877,0.820644348,0.000000000,0.000000000,-0.036938214,0.999317551
1782472908.661128998,334.978837490,1344,vicon_state_data,ball,1,0,0.919561249,-1.028429773,0.577655344,0.000000000,0.000000000,0.000000000,1.000000000,1,-0.822563164,-0.459232815,0.820651893,0.000000000,0.000000000,-0.036852629,0.999320711
1782472908.662834167,334.980542660,1345,vicon_state_data,ball,1,0,0.845798013,-1.026652498,0.580189720,0.000000000,0.000000000,0.000000000,1.000000000,1,-0.822561044,-0.459230237,0.820636986,0.000000000,0.000000000,-0.036833008,0.999321435
1782472908.729179859,335.046888351,1346,vicon_state_data,ball,1,0,0.811809673,-0.895191276,0.662472175,0.000000000,0.000000000,0.000000000,1.000000000,1,-0.822563954,-0.459238085,0.820651760,0.000000000,0.000000000,-0.036842171,0.999321097
1782472908.731219769,335.048928261,1347,vicon_state_data,ball,1,0,0.788303756,-0.889912152,0.664070808,0.000000000,0.000000000,0.000000000,1.000000000,1,-0.822550778,-0.459239978,0.820663939,0.000000000,0.000000000,-0.036849044,0.999320843
1782472908.734532118,335.052240610,1348,vicon_state_data,ball,1,0,0.877408071,-1.005726039,0.592291720,0.000000000,0.000000000,0.000000000,1.000000000,1,-0.822553423,-0.459235067,0.820650257,0.000000000,0.000000000,-0.036936262,0.999317623
1782472908.738303900,335.056012392,1349,vicon_state_data,ball,1,0,0.884938976,-1.016823547,0.587740639,0.000000000,0.000000000,0.000000000,1.000000000,1,-0.822558771,-0.459221153,0.820675154,0.000000000,0.000000000,-0.036786344,0.999323153
1782472908.742082596,335.059791088,1350,vicon_state_data,ball,1,0,0.730959853,-1.009759942,0.592651658,0.000000000,0.000000000,0.000000000,1.000000000,1,-0.822562645,-0.459233925,0.820661322,0.000000000,0.000000000,-0.036901411,0.999318911
1782472908.745892286,335.063600779,1351,vicon_state_data,ball,1,0,0.725834303,-0.985958254,0.604880205,0.000000000,0.000000000,0.000000000,1.000000000,1,-0.822549002,-0.459215149,0.820653169,0.000000000,0.000000000,-0.036891749,0.999319268
1782472908.749770403,335.067478895,1352,vicon_state_data,ball,1,0,0.779320942,-1.010805481,0.589490390,0.000000000,0.000000000,0.000000000,1.000000000,1,-0.822548671,-0.459225484,0.820661424,0.000000000,0.000000000,-0.037022668,0.999314426
1782472908.753610611,335.071319103,1353,vicon_state_data,ball,1,0,0.791011460,-1.028649884,0.580239646,0.000000000,0.000000000,0.000000000,1.000000000,1,-0.822560368,-0.459221704,0.820657044,0.000000000,0.000000000,-0.036952592,0.999317020
1782472908.757499695,335.075208187,1354,vicon_state_data,ball,1,0,0.894148331,-1.077781334,0.548444047,0.000000000,0.000000000,0.000000000,1.000000000,1,-0.822552836,-0.459204105,0.820635750,0.000000000,0.000000000,-0.036918547,0.999318278
1782472908.761313677,335.079022169,1355,vicon_state_data,ball,1,0,0.791790524,-1.116851455,0.525046541,0.000000000,0.000000000,0.000000000,1.000000000,1,-0.822550139,-0.459214391,0.820647145,0.000000000,0.000000000,-0.036859601,0.999320454
1782472908.765198708,335.082907200,1356,vicon_state_data,ball,1,0,0.812716365,-1.027908893,0.580858549,0.000000000,0.000000000,0.000000000,1.000000000,1,-0.822516977,-0.459199130,0.820625836,0.000000000,0.000000000,-0.037045901,0.999313565
1782472908.769088507,335.086796999,1357,vicon_state_data,ball,1,0,0.790034598,-0.973202486,0.612547159,0.000000000,0.000000000,0.000000000,1.000000000,1,-0.822512264,-0.459190916,0.820633614,0.000000000,0.000000000,-0.036921220,0.999318179
1782472908.772922039,335.090630531,1358,vicon_state_data,ball,1,0,0.788777646,-1.007277874,0.592564100,0.000000000,0.000000000,0.000000000,1.000000000,1,-0.822500925,-0.459167441,0.820620758,0.000000000,0.000000000,-0.037011044,0.999314857
1782472908.776727915,335.094436407,1359,vicon_state_data,ball,1,0,0.804000903,-0.753167475,0.748820400,0.000000000,0.000000000,0.000000000,1.000000000,1,-0.822517663,-0.459211301,0.820633721,0.000000000,0.000000000,-0.037034375,0.999313992
1782472908.777031422,335.094739914,1360,vicon_state_data,ball,1,0,0.854728666,-0.752725575,0.749085230,0.000000000,0.000000000,0.000000000,1.000000000,1,-0.822501840,-0.459176311,0.820610173,0.000000000,0.000000000,-0.036992692,0.999315536
1782472908.777310133,335.095018625,1361,vicon_state_data,ball,1,0,0.873027942,-0.752431745,0.748292163,0.000000000,0.000000000,0.000000000,1.000000000,1,-0.822511323,-0.459208695,0.820617917,0.000000000,0.000000000,-0.037064045,0.999312892
1782472908.777631283,335.095339775,1362,vicon_state_data,ball,1,0,0.918922105,-0.749507073,0.750203826,0.000000000,0.000000000,0.000000000,1.000000000,1,-0.822500057,-0.459193265,0.820607386,0.000000000,0.000000000,-0.037010711,0.999314869
1782472908.777948618,335.095657110,1363,vicon_state_data,ball,1,0,0.884981418,-0.746125808,0.751429791,0.000000000,0.000000000,0.000000000,1.000000000,1,-0.822517796,-0.459200767,0.820625738,0.000000000,0.000000000,-0.036940378,0.999317471
1782472908.778263330,335.095971823,1364,vicon_state_data,ball,1,0,0.853184079,-0.808454399,0.712965241,0.000000000,0.000000000,0.000000000,1.000000000,1,-0.822510029,-0.459221023,0.820598832,0.000000000,0.000000000,-0.037021623,0.999314465
1782472908.778579473,335.096287966,1365,vicon_state_data,ball,1,0,0.907062884,-0.747410748,0.750026717,0.000000000,0.000000000,0.000000000,1.000000000,1,-0.822497048,-0.459200341,0.820586378,0.000000000,0.000000000,-0.036982633,0.999315908
1782472908.778912067,335.096620560,1366,vicon_state_data,ball,1,0,0.962273025,-0.750741079,0.749156763,0.000000000,0.000000000,0.000000000,1.000000000,1,-0.822505754,-0.459212684,0.820598344,0.000000000,0.000000000,-0.036910808,0.999318564
1782472908.779240370,335.096948862,1367,vicon_state_data,ball,1,0,0.972407276,-0.752248994,0.748595659,0.000000000,0.000000000,0.000000000,1.000000000,1,-0.822505014,-0.459218833,0.820597691,0.000000000,0.000000000,-0.036805904,0.999322433
1782472908.779554129,335.097262621,1368,vicon_state_data,ball,1,0,0.881031954,-0.756053476,0.748913012,0.000000000,0.000000000,0.000000000,1.000000000,1,-0.822505637,-0.459188571,0.820593176,0.000000000,0.000000000,-0.036788381,0.999323078
1782472908.779857874,335.097566366,1369,vicon_state_data,ball,1,0,0.910312856,-1.047744405,0.565938714,0.000000000,0.000000000,0.000000000,1.000000000,1,-0.822505436,-0.459214402,0.820594953,0.000000000,0.000000000,-0.036821901,0.999321844
1782472908.845216751,335.162925243,1370,vicon_state_data,ball,1,0,0.886650061,-1.114440513,0.525714335,0.000000000,0.000000000,0.000000000,1.000000000,1,-0.822510879,-0.459220280,0.820609424,0.000000000,0.000000000,-0.036713003,0.999325850
1782472908.845836639,335.163545132,1371,vicon_state_data,ball,1,0,0.789175331,-1.102249493,0.533987900,0.000000000,0.000000000,0.000000000,1.000000000,1,-0.822541965,-0.459276895,0.820643511,0.000000000,0.000000000,-0.036677390,0.999327158
1782472908.846208334,335.163916826,1372,vicon_state_data,ball,1,0,0.799356005,-1.039040923,0.572316357,0.000000000,0.000000000,0.000000000,1.000000000,1,-0.822526131,-0.459244842,0.820628801,0.000000000,0.000000000,-0.036706995,0.999326071
1782472908.846545219,335.164253712,1373,vicon_state_data,ball,1,0,0.852866235,-1.063670959,0.557982667,0.000000000,0.000000000,0.000000000,1.000000000,1,-0.822516735,-0.459235370,0.820622237,0.000000000,0.000000000,-0.036691801,0.999326629
1782472908.846865416,335.164573908,1374,vicon_state_data,ball,1,0,0.845699490,-1.045034510,0.568904831,0.000000000,0.000000000,0.000000000,1.000000000,1,-0.822519473,-0.459236351,0.820623275,0.000000000,0.000000000,-0.036768216,0.999323821
1782472908.847183466,335.164891958,1375,vicon_state_data,ball,1,0,0.831847537,-0.931410719,0.638020401,0.000000000,0.000000000,0.000000000,1.000000000,1,-0.822509139,-0.459243555,0.820612946,0.000000000,0.000000000,-0.036822472,0.999321823
1782472908.847505808,335.165214300,1376,vicon_state_data,ball,1,0,0.855092554,-0.898662296,0.658744475,0.000000000,0.000000000,0.000000000,1.000000000,1,-0.822499581,-0.459250436,0.820622318,0.000000000,0.000000000,-0.036798390,0.999322710
1782472908.847823143,335.165531635,1377,vicon_state_data,ball,1,0,0.892111115,-0.967626111,0.616493047,0.000000000,0.000000000,0.000000000,1.000000000,1,-0.822495622,-0.459238359,0.820603944,0.000000000,0.000000000,-0.036896839,0.999319080
1782472908.848133564,335.165842056,1378,vicon_state_data,ball,1,0,0.890698895,-1.034673950,0.575091000,0.000000000,0.000000000,0.000000000,1.000000000,1,-0.822493408,-0.459254546,0.820619051,0.000000000,0.000000000,-0.036868028,0.999320143
1782472908.848443747,335.166152239,1379,vicon_state_data,ball,1,0,0.917474551,-1.028186118,0.579443819,0.000000000,0.000000000,0.000000000,1.000000000,1,-0.822494086,-0.459251644,0.820618645,0.000000000,0.000000000,-0.036878558,0.999319755
1782472908.848747969,335.166456461,1380,vicon_state_data,ball,1,0,0.866335095,-0.785093516,0.729808891,0.000000000,0.000000000,0.000000000,1.000000000,1,-0.822490333,-0.459266655,0.820615888,0.000000000,0.000000000,-0.037045323,0.999313586
1782472908.913578510,335.231287003,1381,vicon_state_data,ball,1,0,0.930932158,-0.748711168,0.749822360,0.000000000,0.000000000,0.000000000,1.000000000,1,-0.822485246,-0.459272551,0.820610069,0.000000000,0.000000000,-0.037058657,0.999313092
1782472908.914185047,335.231893539,1382,vicon_state_data,ball,1,0,0.962606523,-0.758405266,0.745296258,0.000000000,0.000000000,0.000000000,1.000000000,1,-0.822480705,-0.459241943,0.820640365,0.000000000,0.000000000,-0.036999702,0.999315277
1782472908.914555788,335.232264280,1383,vicon_state_data,ball,1,0,0.970725004,-0.751400630,0.745039359,0.000000000,0.000000000,0.000000000,1.000000000,1,-0.822472614,-0.459241944,0.820629069,0.000000000,0.000000000,-0.037002375,0.999315178
1782472908.914885283,335.232593775,1384,vicon_state_data,ball,1,0,0.979197478,-0.750135219,0.750776695,0.000000000,0.000000000,0.000000000,1.000000000,1,-0.822472060,-0.459266574,0.820634115,0.000000000,0.000000000,-0.036981766,0.999315941
1782472908.915221453,335.232929945,1385,vicon_state_data,ball,1,0,0.877646550,-0.786450728,0.727758984,0.000000000,0.000000000,0.000000000,1.000000000,1,-0.822480013,-0.459284985,0.820636623,0.000000000,0.000000000,-0.037007338,0.999314994
1782472908.915541649,335.233250141,1386,vicon_state_data,ball,1,0,0.891854844,-0.811045042,0.713956267,0.000000000,0.000000000,0.000000000,1.000000000,1,-0.822475698,-0.459253953,0.820633235,0.000000000,0.000000000,-0.037025083,0.999314337
1782472908.915862560,335.233571053,1387,vicon_state_data,ball,1,0,0.873009211,-0.825419524,0.704284752,0.000000000,0.000000000,0.000000000,1.000000000,1,-0.822469314,-0.459262885,0.820624957,0.000000000,0.000000000,-0.037037978,0.999313859
1782472908.916178226,335.233886719,1388,vicon_state_data,ball,1,0,0.887733117,-0.753359683,0.746864933,0.000000000,0.000000000,0.000000000,1.000000000,1,-0.822470780,-0.459270711,0.820644017,0.000000000,0.000000000,-0.037017266,0.999314626
1782472908.916491508,335.234200001,1389,vicon_state_data,ball,1,0,0.897407371,-0.751255937,0.750508693,0.000000000,0.000000000,0.000000000,1.000000000,1,-0.822462410,-0.459262776,0.820630273,0.000000000,0.000000000,-0.037048955,0.999313452
1782472908.918107033,335.235815525,1390,vicon_state_data,ball,1,0,0.899127517,-0.749642948,0.751408118,0.000000000,0.000000000,0.000000000,1.000000000,1,-0.822465856,-0.459289266,0.820656346,0.000000000,0.000000000,-0.037076640,0.999312425
1782472908.919708014,335.237416506,1391,vicon_state_data,ball,1,0,0.888994933,-0.754856763,0.747889547,0.000000000,0.000000000,0.000000000,1.000000000,1,-0.822443828,-0.459313504,0.820632765,0.000000000,0.000000000,-0.037056588,0.999313169
1782472908.985472679,335.303181171,1392,vicon_state_data,ball,1,0,0.900704457,-0.780543879,0.731259568,0.000000000,0.000000000,0.000000000,1.000000000,1,-0.822448863,-0.459322546,0.820633726,0.000000000,0.000000000,-0.037128973,0.999310482
1782472908.987478733,335.305187225,1393,vicon_state_data,ball,1,0,0.878654806,-0.875623650,0.671879046,0.000000000,0.000000000,0.000000000,1.000000000,1,-0.822443917,-0.459300956,0.820626520,0.000000000,0.000000000,-0.037131243,0.999310398
1782472908.989380836,335.307089329,1394,vicon_state_data,ball,1,0,0.954382871,-0.889269619,0.664718042,0.000000000,0.000000000,0.000000000,1.000000000,1,-0.822447613,-0.459312707,0.820644928,0.000000000,0.000000000,-0.037088917,0.999311969
1782472908.991094351,335.308802843,1395,vicon_state_data,ball,1,0,0.902208283,-0.840802582,0.694789511,0.000000000,0.000000000,0.000000000,1.000000000,1,-0.822441467,-0.459311889,0.820619502,0.000000000,0.000000000,-0.037041837,0.999313716
1782472908.992755413,335.310463905,1396,vicon_state_data,ball,1,0,0.891335198,-0.754211010,0.747831646,0.000000000,0.000000000,0.000000000,1.000000000,1,-0.822437431,-0.459309104,0.820623045,0.000000000,0.000000000,-0.037099032,0.999311594
1782472908.994374514,335.312083006,1397,vicon_state_data,ball,1,0,0.966245286,-0.806980189,0.714089574,0.000000000,0.000000000,0.000000000,1.000000000,1,-0.822444593,-0.459301202,0.820636111,0.000000000,0.000000000,-0.037055339,0.999313215
1782472908.996000290,335.313708782,1398,vicon_state_data,ball,1,0,0.917477485,-0.746337533,0.753132227,0.000000000,0.000000000,0.000000000,1.000000000,1,-0.822430562,-0.459299308,0.820643215,0.000000000,0.000000000,-0.037078255,0.999312365
1782472908.996327400,335.314035892,1399,vicon_state_data,ball,1,0,0.961725117,-0.737617895,0.756636774,0.000000000,0.000000000,0.000000000,1.000000000,1,-0.822432956,-0.459311891,0.820627175,0.000000000,0.000000000,-0.037025169,0.999314333
1782472908.996608973,335.314317465,1400,vicon_state_data,ball,1,0,0.966133181,-0.726057155,0.764440123,0.000000000,0.000000000,0.000000000,1.000000000,1,-0.822427273,-0.459295178,0.820637788,0.000000000,0.000000000,-0.037003810,0.999315124
1782472908.996922970,335.314631462,1401,vicon_state_data,ball,1,0,0.969112815,-0.772167707,0.733725669,0.000000000,0.000000000,0.000000000,1.000000000,1,-0.822425863,-0.459343494,0.820611912,0.000000000,0.000000000,-0.037117565,0.999310906
1782472908.997249603,335.314958096,1402,vicon_state_data,ball,1,0,0.840115519,-0.749485811,0.750097908,0.000000000,0.000000000,0.000000000,1.000000000,1,-0.822400030,-0.459296363,0.820607004,0.000000000,0.000000000,-0.037033615,0.999314020
1782472908.997566462,335.315274954,1403,vicon_state_data,ball,1,0,0.841146464,-0.753831283,0.749018363,0.000000000,0.000000000,0.000000000,1.000000000,1,-0.822380889,-0.459289826,0.820626605,0.000000000,0.000000000,-0.037083237,0.999312180
1782472908.997876883,335.315585375,1404,vicon_state_data,ball,1,0,0.912335939,-0.817457352,0.709254838,0.000000000,0.000000000,0.000000000,1.000000000,1,-0.822389380,-0.459308594,0.820615153,0.000000000,0.000000000,-0.037169974,0.999308958
1782472909.063650370,335.381358862,1405,vicon_state_data,ball,1,0,0.923822540,-0.826404700,0.701990277,0.000000000,0.000000000,0.000000000,1.000000000,1,-0.822378465,-0.459325949,0.820625365,0.000000000,0.000000000,-0.037149277,0.999309727
1782472909.064716578,335.382425070,1406,vicon_state_data,ball,1,0,0.879484820,-0.834139901,0.698515448,0.000000000,0.000000000,0.000000000,1.000000000,1,-0.822375879,-0.459323714,0.820614055,0.000000000,0.000000000,-0.037169217,0.999308986
1782472909.065369368,335.383077860,1407,vicon_state_data,ball,1,0,0.841481992,-0.750740404,0.750168306,0.000000000,0.000000000,0.000000000,1.000000000,1,-0.822375395,-0.459349435,0.820620056,0.000000000,0.000000000,-0.037292327,0.999304399
1782472909.066000462,335.383708954,1408,vicon_state_data,ball,1,0,0.823406667,-0.750412654,0.749834141,0.000000000,0.000000000,0.000000000,1.000000000,1,-0.822386016,-0.459345567,0.820631000,0.000000000,0.000000000,-0.037129738,0.999310454
1782472909.066630602,335.384339094,1409,vicon_state_data,ball,1,0,0.831704934,-0.828754839,0.701113037,0.000000000,0.000000000,0.000000000,1.000000000,1,-0.822378355,-0.459347645,0.820613581,0.000000000,0.000000000,-0.037187132,0.999308319
1782472909.067250490,335.384958982,1410,vicon_state_data,ball,1,0,0.836099152,-0.832600103,0.699446160,0.000000000,0.000000000,0.000000000,1.000000000,1,-0.822366352,-0.459319755,0.820611692,0.000000000,0.000000000,-0.037126304,0.999310581
1782472909.067865133,335.385573626,1411,vicon_state_data,ball,1,0,0.928208874,-0.790703674,0.725773405,0.000000000,0.000000000,0.000000000,1.000000000,1,-0.822362913,-0.459327993,0.820597028,0.000000000,0.000000000,-0.037161669,0.999309267
1782472909.068475485,335.386183977,1412,vicon_state_data,ball,1,0,0.897401936,-0.747991902,0.752523225,0.000000000,0.000000000,0.000000000,1.000000000,1,-0.822363166,-0.459328158,0.820607571,0.000000000,0.000000000,-0.037147363,0.999309799
1782472909.069085121,335.386793613,1413,vicon_state_data,ball,1,0,0.917548692,-0.747312542,0.752523129,0.000000000,0.000000000,0.000000000,1.000000000,1,-0.822367494,-0.459343019,0.820606599,0.000000000,0.000000000,-0.037148557,0.999309754
1782472909.069693089,335.387401581,1414,vicon_state_data,ball,1,0,0.914927224,-0.724509816,0.765766431,0.000000000,0.000000000,0.000000000,1.000000000,1,-0.822363281,-0.459316626,0.820597143,0.000000000,0.000000000,-0.037140893,0.999310039
1782472909.070294857,335.388003349,1415,vicon_state_data,ball,1,0,0.985483114,-0.760322643,0.743848010,0.000000000,0.000000000,0.000000000,1.000000000,1,-0.822350678,-0.459420090,0.820632290,0.000000000,0.000000000,-0.037060280,0.999313032
1782472909.070910215,335.388618708,1416,vicon_state_data,ball,1,0,0.793746088,-0.748546388,0.752811907,0.000000000,0.000000000,0.000000000,1.000000000,1,-0.822340715,-0.459417905,0.820616875,0.000000000,0.000000000,-0.037139669,0.999310085
1782472909.071580648,335.389289141,1417,vicon_state_data,ball,1,0,0.882851429,-0.779018400,0.732495518,0.000000000,0.000000000,0.000000000,1.000000000,1,-0.822346847,-0.459421262,0.820639462,0.000000000,0.000000000,-0.037135527,0.999310238
1782472909.144669533,335.462378025,1418,vicon_state_data,ball,1,0,0.967953996,-0.751664316,0.747158249,0.000000000,0.000000000,0.000000000,1.000000000,1,-0.822340947,-0.459413905,0.820630964,0.000000000,0.000000000,-0.037120977,0.999310779
1782472909.145787477,335.463495970,1419,vicon_state_data,ball,1,0,0.791875010,-0.860732524,0.683228988,0.000000000,0.000000000,0.000000000,1.000000000,1,-0.822346434,-0.459439723,0.820632935,0.000000000,0.000000000,-0.037031175,0.999314111
1782472909.146432877,335.464141369,1420,vicon_state_data,ball,1,0,0.781437021,-0.855994777,0.686408283,0.000000000,0.000000000,0.000000000,1.000000000,1,-0.822336377,-0.459425144,0.820624833,0.000000000,0.000000000,-0.037059992,0.999313043
1782472909.147071838,335.464780331,1421,vicon_state_data,ball,1,0,0.966251716,-0.814743354,0.709777576,0.000000000,0.000000000,0.000000000,1.000000000,1,-0.822331068,-0.459446959,0.820625075,0.000000000,0.000000000,-0.037075990,0.999312449
1782472909.147703648,335.465412140,1422,vicon_state_data,ball,1,0,0.959179020,-0.807835746,0.714390348,0.000000000,0.000000000,0.000000000,1.000000000,1,-0.822323876,-0.459447443,0.820618162,0.000000000,0.000000000,-0.037105262,0.999311363
1782472909.148326635,335.466035128,1423,vicon_state_data,ball,1,0,0.908072612,-0.754101825,0.746930907,0.000000000,0.000000000,0.000000000,1.000000000,1,-0.822330366,-0.459458388,0.820631380,0.000000000,0.000000000,-0.037062635,0.999312945
1782472909.148944378,335.466652870,1424,vicon_state_data,ball,1,0,0.930849516,-0.755005687,0.748074469,0.000000000,0.000000000,0.000000000,1.000000000,1,-0.822333938,-0.459490938,0.820636169,0.000000000,0.000000000,-0.037130653,0.999310420
1782472909.149550915,335.467259407,1425,vicon_state_data,ball,1,0,0.853497445,-0.751268255,0.748870564,0.000000000,0.000000000,0.000000000,1.000000000,1,-0.822326034,-0.459467212,0.820636675,0.000000000,0.000000000,-0.036959265,0.999316773
1782472909.150162220,335.467870712,1426,vicon_state_data,ball,1,0,0.846647639,-0.748641863,0.749758635,0.000000000,0.000000000,0.000000000,1.000000000,1,-0.822318556,-0.459479113,0.820609969,0.000000000,0.000000000,-0.037119660,0.999310828
1782472909.150768995,335.468477488,1427,vicon_state_data,ball,1,0,0.865454611,-0.743901441,0.755470478,0.000000000,0.000000000,0.000000000,1.000000000,1,-0.822318750,-0.459471840,0.820626819,0.000000000,0.000000000,-0.036963108,0.999316631
1782472909.151378632,335.469087124,1428,vicon_state_data,ball,1,0,0.799638406,-0.746939852,0.753001494,0.000000000,0.000000000,0.000000000,1.000000000,1,-0.822303563,-0.459541737,0.820639066,0.000000000,0.000000000,-0.037022525,0.999314431
1782472909.155275822,335.472984314,1429,vicon_state_data,ball,1,0,0.847643757,-0.754566898,0.749452030,0.000000000,0.000000000,0.000000000,1.000000000,1,-0.822294905,-0.459528519,0.820640623,0.000000000,0.000000000,-0.037064123,0.999312889
1782472909.159307957,335.477016449,1430,vicon_state_data,ball,1,0,0.856059942,-0.752865834,0.748304564,0.000000000,0.000000000,0.000000000,1.000000000,1,-0.822298517,-0.459533529,0.820625869,0.000000000,0.000000000,-0.037142094,0.999309994
1782472909.163198948,335.480907440,1431,vicon_state_data,ball,1,0,0.900857012,-0.754727759,0.748224751,0.000000000,0.000000000,0.000000000,1.000000000,1,-0.822304416,-0.459567636,0.820636124,0.000000000,0.000000000,-0.037058671,0.999313092
1782472909.170360565,335.488069057,1432,vicon_state_data,ball,1,0,0.925580238,-0.754693155,0.748999983,0.000000000,0.000000000,0.000000000,1.000000000,1,-0.822302695,-0.459583788,0.820634595,0.000000000,0.000000000,-0.037184656,0.999308412
1782472909.175994635,335.493703127,1433,vicon_state_data,ball,1,0,0.878939803,-0.751156235,0.750599520,0.000000000,0.000000000,0.000000000,1.000000000,1,-0.822286947,-0.459539895,0.820620484,0.000000000,0.000000000,-0.037208418,0.999307527
1782472909.179294825,335.497003317,1434,vicon_state_data,ball,1,0,0.808504913,-0.749129242,0.751042264,0.000000000,0.000000000,0.000000000,1.000000000,1,-0.822294255,-0.459554096,0.820643089,0.000000000,0.000000000,-0.037124692,0.999310641
1782472909.181981325,335.499689817,1435,vicon_state_data,ball,1,0,0.854877389,-0.746454139,0.750339489,0.000000000,0.000000000,0.000000000,1.000000000,1,-0.822291652,-0.459535985,0.820645899,0.000000000,0.000000000,-0.037145257,0.999309877
1782472909.185030699,335.502739191,1436,vicon_state_data,ball,1,0,0.916556900,-0.747680600,0.752285165,0.000000000,0.000000000,0.000000000,1.000000000,1,-0.822286364,-0.459543732,0.820647616,0.000000000,0.000000000,-0.037159634,0.999309342
1782472909.187820911,335.505529404,1437,vicon_state_data,ball,1,0,0.961391220,-0.747859619,0.748125100,0.000000000,0.000000000,0.000000000,1.000000000,1,-0.822285839,-0.459541615,0.820653453,0.000000000,0.000000000,-0.037150468,0.999309683
1782472909.189352751,335.507061243,1438,vicon_state_data,ball,1,0,0.792420952,-0.928260649,0.641148508,0.000000000,0.000000000,0.000000000,1.000000000,1,-0.822274937,-0.459557256,0.820634203,0.000000000,0.000000000,-0.037255735,0.999305764
1782472909.193065882,335.510774374,1439,vicon_state_data,ball,1,0,0.806256115,-0.965075448,0.618664698,0.000000000,0.000000000,0.000000000,1.000000000,1,-0.822278770,-0.459565632,0.820634788,0.000000000,0.000000000,-0.037295111,0.999304295
1782472909.196760178,335.514468670,1440,vicon_state_data,ball,1,0,0.781815786,-0.947576018,0.629271566,0.000000000,0.000000000,0.000000000,1.000000000,1,-0.822275225,-0.459564643,0.820645207,0.000000000,0.000000000,-0.037212765,0.999307365
1782472909.200452328,335.518160820,1441,vicon_state_data,ball,1,0,0.921091562,-0.861734966,0.680902332,0.000000000,0.000000000,0.000000000,1.000000000,1,-0.822266565,-0.459556166,0.820657401,0.000000000,0.000000000,-0.037216894,0.999307211
1782472909.204098701,335.521807194,1442,vicon_state_data,ball,1,0,0.921673195,-0.826887827,0.702927318,0.000000000,0.000000000,0.000000000,1.000000000,1,-0.822265854,-0.459584658,0.820622490,0.000000000,0.000000000,-0.037268485,0.999305289
1782472909.207890511,335.525599003,1443,vicon_state_data,ball,1,0,0.911378559,-0.751802955,0.747295520,0.000000000,0.000000000,0.000000000,1.000000000,1,-0.822260338,-0.459565486,0.820637055,0.000000000,0.000000000,-0.037300511,0.999304094
1782472909.209908009,335.527616501,1444,vicon_state_data,ball,1,0,0.877161550,-0.748167904,0.751897121,0.000000000,0.000000000,0.000000000,1.000000000,1,-0.822255675,-0.459579932,0.820616696,0.000000000,0.000000000,-0.037305304,0.999303915
1782472909.211902380,335.529610872,1445,vicon_state_data,ball,1,0,0.838196801,-0.748239576,0.752190967,0.000000000,0.000000000,0.000000000,1.000000000,1,-0.822289190,-0.459556676,0.820673657,0.000000000,0.000000000,-0.037211952,0.999307395
1782472909.215608597,335.533317089,1446,vicon_state_data,ball,1,0,0.866554929,-0.754256950,0.748172892,0.000000000,0.000000000,0.000000000,1.000000000,1,-0.822262910,-0.459569783,0.820606367,0.000000000,0.000000000,-0.037385350,0.999300923
1782472909.219256163,335.536964655,1447,vicon_state_data,ball,1,0,0.859474281,-0.749367171,0.751753548,0.000000000,0.000000000,0.000000000,1.000000000,1,-0.822263216,-0.459576571,0.820633784,0.000000000,0.000000000,-0.037338629,0.999302670
1782472909.219551086,335.537259579,1448,vicon_state_data,ball,1,0,0.969939647,-0.749506701,0.750472272,0.000000000,0.000000000,0.000000000,1.000000000,1,-0.822253394,-0.459579174,0.820628087,0.000000000,0.000000000,-0.037311857,0.999303670
1782472909.219826937,335.537535429,1449,vicon_state_data,ball,1,0,0.916506841,-0.750989924,0.749779014,0.000000000,0.000000000,0.000000000,1.000000000,1,-0.822260821,-0.459584152,0.820612358,0.000000000,0.000000000,-0.037347156,0.999302352
1782472909.220135689,335.537844181,1450,vicon_state_data,ball,1,0,0.841959513,-0.750228887,0.750782650,0.000000000,0.000000000,0.000000000,1.000000000,1,-0.822251162,-0.459592286,0.820619683,0.000000000,0.000000000,-0.037376393,0.999301259
1782472909.284066677,335.601775169,1451,vicon_state_data,ball,1,0,0.780984956,-0.747675411,0.753504303,0.000000000,0.000000000,0.000000000,1.000000000,1,-0.822255025,-0.459579532,0.820623656,0.000000000,0.000000000,-0.037314771,0.999303561
1782472909.284700632,335.602409124,1452,vicon_state_data,ball,1,0,0.897006929,-0.686755131,0.790675791,0.000000000,0.000000000,0.000000000,1.000000000,1,-0.822245679,-0.459592631,0.820616640,0.000000000,0.000000000,-0.037389706,0.999300760
1782472909.285058498,335.602766991,1453,vicon_state_data,ball,1,0,0.932484513,-0.752025471,0.748021622,0.000000000,0.000000000,0.000000000,1.000000000,1,-0.822238186,-0.459610091,0.820636116,0.000000000,0.000000000,-0.037403425,0.999300247
1782472909.285386562,335.603095055,1454,vicon_state_data,ball,1,0,0.904724428,-0.832494262,0.699700199,0.000000000,0.000000000,0.000000000,1.000000000,1,-0.822247003,-0.459616808,0.820616186,0.000000000,0.000000000,-0.037340590,0.999302597
1782472909.285708904,335.603417397,1455,vicon_state_data,ball,1,0,0.841427480,-0.750832948,0.750645942,0.000000000,0.000000000,0.000000000,1.000000000,1,-0.822238002,-0.459613074,0.820609658,0.000000000,0.000000000,-0.037372511,0.999301404
1782472909.286028147,335.603736639,1456,vicon_state_data,ball,1,0,0.958822803,-0.753988212,0.748623585,0.000000000,0.000000000,0.000000000,1.000000000,1,-0.822242873,-0.459631515,0.820636628,0.000000000,0.000000000,-0.037303534,0.999303981
1782472909.286342144,335.604050636,1457,vicon_state_data,ball,1,0,0.943898738,-0.799854035,0.720858136,0.000000000,0.000000000,0.000000000,1.000000000,1,-0.822274141,-0.459604500,0.820665748,0.000000000,0.000000000,-0.037030517,0.999314135
1782472909.286648989,335.604357481,1458,vicon_state_data,ball,1,0,0.960086712,-0.747748891,0.749745347,0.000000000,0.000000000,0.000000000,1.000000000,1,-0.822235860,-0.459610064,0.820615296,0.000000000,0.000000000,-0.037240819,0.999306320
1782472909.286965132,335.604673624,1459,vicon_state_data,ball,1,0,0.793414136,-0.856137077,0.684451950,0.000000000,0.000000000,0.000000000,1.000000000,1,-0.822233074,-0.459630834,0.820642594,0.000000000,0.000000000,-0.037149766,0.999309709
1782472909.287279367,335.604987860,1460,vicon_state_data,ball,1,0,0.795259849,-0.750633159,0.750409654,0.000000000,0.000000000,0.000000000,1.000000000,1,-0.822236976,-0.459623378,0.820634199,0.000000000,0.000000000,-0.037181474,0.999308530
1782472909.287592173,335.605300665,1461,vicon_state_data,ball,1,0,0.898516617,-0.773900658,0.736634634,0.000000000,0.000000000,0.000000000,1.000000000,1,-0.822225112,-0.459661694,0.820676446,0.000000000,0.000000000,-0.037047974,0.999313488
1782472909.351218700,335.668927193,1462,vicon_state_data,ball,1,0,0.944194252,-0.831745641,0.699177749,0.000000000,0.000000000,0.000000000,1.000000000,1,-0.822219498,-0.459670374,0.820672249,0.000000000,0.000000000,-0.037060411,0.999313027
1782472909.351868153,335.669576645,1463,vicon_state_data,ball,1,0,0.912358442,-0.754161399,0.749248786,0.000000000,0.000000000,0.000000000,1.000000000,1,-0.822197492,-0.459701775,0.820638235,0.000000000,0.000000000,-0.037290417,0.999304471
1782472909.352236032,335.669944525,1464,vicon_state_data,ball,1,0,0.787091061,-0.753359531,0.748806457,0.000000000,0.000000000,0.000000000,1.000000000,1,-0.822212404,-0.459684978,0.820676333,0.000000000,0.000000000,-0.037134616,0.999310272
1782472909.352579594,335.670288086,1465,vicon_state_data,ball,1,0,0.812293074,-0.780878911,0.730954439,0.000000000,0.000000000,0.000000000,1.000000000,1,-0.822213244,-0.459690928,0.820653056,0.000000000,0.000000000,-0.037226691,0.999306846
1782472909.352916241,335.670624733,1466,vicon_state_data,ball,1,0,0.941259116,-0.992675729,0.599682985,0.000000000,0.000000000,0.000000000,1.000000000,1,-0.822185264,-0.459728763,0.820613901,0.000000000,0.000000000,-0.037424636,0.999299453
1782472909.353254318,335.670962811,1467,vicon_state_data,ball,1,0,0.920046211,-0.823128654,0.707148701,0.000000000,0.000000000,0.000000000,1.000000000,1,-0.822210766,-0.459705665,0.820684353,0.000000000,0.000000000,-0.037145824,0.999309856
1782472909.353577375,335.671285868,1468,vicon_state_data,ball,1,0,0.972027522,-0.751698133,0.749429382,0.000000000,0.000000000,0.000000000,1.000000000,1,-0.822184828,-0.459740543,0.820620570,0.000000000,0.000000000,-0.037357888,0.999301950
1782472909.353891850,335.671600342,1469,vicon_state_data,ball,1,0,0.975307630,-0.690027205,0.787109663,0.000000000,0.000000000,0.000000000,1.000000000,1,-0.822219829,-0.459732155,0.820661010,0.000000000,0.000000000,-0.037220381,0.999307082
1782472909.354210377,335.671918869,1470,vicon_state_data,ball,1,0,0.955204727,-0.812282814,0.712507863,0.000000000,0.000000000,0.000000000,1.000000000,1,-0.822221011,-0.459751022,0.820685738,0.000000000,0.000000000,-0.037122526,0.999310721
1782472909.354540110,335.672248602,1471,vicon_state_data,ball,1,0,0.957709333,-0.778935715,0.730156183,0.000000000,0.000000000,0.000000000,1.000000000,1,-0.822228263,-0.459760183,0.820681106,0.000000000,0.000000000,-0.037214714,0.999307293
1782472909.354854345,335.672562838,1472,vicon_state_data,ball,1,0,0.970797295,-0.772175921,0.736269349,0.000000000,0.000000000,0.000000000,1.000000000,1,-0.822161722,-0.459767737,0.820663518,0.000000000,0.000000000,-0.037236581,0.999306478
1782472909.355166674,335.672875166,1473,vicon_state_data,ball,1,0,0.943458704,-0.799550811,0.720399743,0.000000000,0.000000000,0.000000000,1.000000000,1,-0.822161976,-0.459790632,0.820673369,0.000000000,0.000000000,-0.037266887,0.999305348
1782472909.418106079,335.735814571,1474,vicon_state_data,ball,1,0,0.968063759,-0.832071264,0.698412007,0.000000000,0.000000000,0.000000000,1.000000000,1,-0.822186055,-0.459770154,0.820704289,0.000000000,0.000000000,-0.037117541,0.999310907
1782472909.418768406,335.736476898,1475,vicon_state_data,ball,1,0,0.916991489,-0.726638769,0.763965725,0.000000000,0.000000000,0.000000000,1.000000000,1,-0.822150035,-0.459788534,0.820683131,0.000000000,0.000000000,-0.037226506,0.999306853
1782472909.419146538,335.736855030,1476,vicon_state_data,ball,1,0,0.933321246,-0.752914105,0.748255710,0.000000000,0.000000000,0.000000000,1.000000000,1,-0.822138788,-0.459792090,0.820653508,0.000000000,0.000000000,-0.037270977,0.999305196
1782472909.419479847,335.737188339,1477,vicon_state_data,ball,1,0,0.937230360,-0.750621458,0.749208373,0.000000000,0.000000000,0.000000000,1.000000000,1,-0.822148770,-0.459802955,0.820676234,0.000000000,0.000000000,-0.037226283,0.999306862
1782472909.419770002,335.737478495,1478,vicon_state_data,ball,1,0,0.839326768,-0.749627970,0.750916386,0.000000000,0.000000000,0.000000000,1.000000000,1,-0.822140144,-0.459800007,0.820661875,0.000000000,0.000000000,-0.037241603,0.999306291
1782472909.420043707,335.737752199,1479,vicon_state_data,ball,1,0,0.926074950,-0.754095781,0.748814803,0.000000000,0.000000000,0.000000000,1.000000000,1,-0.822196468,-0.459856558,0.820736280,0.000000000,0.000000000,-0.037042776,0.999313681
1782472909.420356274,335.738064766,1480,vicon_state_data,ball,1,0,0.960882850,-0.750523619,0.746942757,0.000000000,0.000000000,0.000000000,1.000000000,1,-0.822151312,-0.459844882,0.820677770,0.000000000,0.000000000,-0.037299105,0.999304146
1782472909.420663357,335.738371849,1481,vicon_state_data,ball,1,0,0.945044290,-0.751559118,0.749181190,0.000000000,0.000000000,0.000000000,1.000000000,1,-0.822125992,-0.459833433,0.820657253,0.000000000,0.000000000,-0.037266727,0.999305354
1782472909.420965910,335.738674402,1482,vicon_state_data,ball,1,0,0.917813701,-0.703797917,0.776957441,0.000000000,0.000000000,0.000000000,1.000000000,1,-0.822173646,-0.459838836,0.820712465,0.000000000,0.000000000,-0.037155309,0.999309503
1782472909.421274185,335.738982677,1483,vicon_state_data,ball,1,0,0.833857296,-0.788228901,0.727321651,0.000000000,0.000000000,0.000000000,1.000000000,1,-0.822159056,-0.459895815,0.820686636,0.000000000,0.000000000,-0.037335018,0.999302805
1782472909.421588898,335.739297390,1484,vicon_state_data,ball,1,0,0.893342652,-0.754068701,0.748873983,0.000000000,0.000000000,0.000000000,1.000000000,1,-0.822153754,-0.459886113,0.820661810,0.000000000,0.000000000,-0.037110123,0.999311182
1782472909.485313654,335.803022146,1485,vicon_state_data,ball,1,0,0.930523682,-0.748504932,0.750989084,0.000000000,0.000000000,0.000000000,1.000000000,1,-0.822156388,-0.459883070,0.820670127,0.000000000,0.000000000,-0.037150159,0.999309695
1782472909.485955477,335.803663969,1486,vicon_state_data,ball,1,0,0.927453476,-0.770872982,0.738341676,0.000000000,0.000000000,0.000000000,1.000000000,1,-0.822157463,-0.459879427,0.820662821,0.000000000,0.000000000,-0.037246737,0.999306100
1782472909.486336946,335.804045439,1487,vicon_state_data,ball,1,0,0.931383566,-0.752352705,0.749597066,0.000000000,0.000000000,0.000000000,1.000000000,1,-0.822154345,-0.459882672,0.820697324,0.000000000,0.000000000,-0.037121905,0.999310745
1782472909.486678123,335.804386616,1488,vicon_state_data,ball,1,0,0.937739355,-0.749755109,0.750917599,0.000000000,0.000000000,0.000000000,1.000000000,1,-0.822147167,-0.459866283,0.820679045,0.000000000,0.000000000,-0.037168878,0.999308999
1782472909.487005949,335.804714441,1489,vicon_state_data,ball,1,0,0.847250328,-0.768834507,0.739207476,0.000000000,0.000000000,0.000000000,1.000000000,1,-0.822138746,-0.459870557,0.820683687,0.000000000,0.000000000,-0.037167721,0.999309042
1782472909.487338305,335.805046797,1490,vicon_state_data,ball,1,0,0.879586323,-0.751864318,0.748999745,0.000000000,0.000000000,0.000000000,1.000000000,1,-0.822136837,-0.459886089,0.820687711,0.000000000,0.000000000,-0.037271263,0.999305185
1782472909.487667561,335.805376053,1491,vicon_state_data,ball,1,0,0.943416826,-0.906528720,0.654254841,0.000000000,0.000000000,0.000000000,1.000000000,1,-0.822150049,-0.459885564,0.820701243,0.000000000,0.000000000,-0.037250109,0.999305974
1782472909.487999916,335.805708408,1492,vicon_state_data,ball,1,0,0.945169243,-0.932792718,0.636163595,0.000000000,0.000000000,0.000000000,1.000000000,1,-0.822139373,-0.459901965,0.820682355,0.000000000,0.000000000,-0.037271569,0.999305174
1782472909.488334179,335.806042671,1493,vicon_state_data,ball,1,0,0.950132119,-0.983612327,0.606318103,0.000000000,0.000000000,0.000000000,1.000000000,1,-0.822130107,-0.459908326,0.820700525,0.000000000,0.000000000,-0.037252317,0.999305892
1782472909.488675356,335.806383848,1494,vicon_state_data,ball,1,0,0.844808117,-0.752069719,0.750510031,0.000000000,0.000000000,0.000000000,1.000000000,1,-0.822119034,-0.459940178,0.820683010,0.000000000,0.000000000,-0.037268146,0.999305301
1782472909.556926012,335.874634504,1495,vicon_state_data,ball,1,0,0.869636185,-0.750049877,0.750713518,0.000000000,0.000000000,0.000000000,1.000000000,1,-0.822119356,-0.459940803,0.820659639,0.000000000,0.000000000,-0.037275534,0.999305026
1782472909.558209181,335.875917673,1496,vicon_state_data,ball,1,0,0.889308064,-0.754835014,0.747912706,0.000000000,0.000000000,0.000000000,1.000000000,1,-0.822115227,-0.459932152,0.820684343,0.000000000,0.000000000,-0.037261558,0.999305547
1782472909.558911800,335.876620293,1497,vicon_state_data,ball,1,0,0.889190053,-0.753789921,0.746508798,0.000000000,0.000000000,0.000000000,1.000000000,1,-0.822113597,-0.459946896,0.820662343,0.000000000,0.000000000,-0.037341460,0.999302564
1782472909.559647083,335.877355576,1498,vicon_state_data,ball,1,0,0.758622435,-1.014672891,0.589322283,0.000000000,0.000000000,0.000000000,1.000000000,1,-0.822119365,-0.459957610,0.820679947,0.000000000,0.000000000,-0.037347962,0.999302321
1782472909.560296297,335.878004789,1499,vicon_state_data,ball,1,0,0.750350658,-1.049410700,0.568900598,0.000000000,0.000000000,0.000000000,1.000000000,1,-0.822097587,-0.459936386,0.820686774,0.000000000,0.000000000,-0.037278130,0.999304929
1782472909.560931683,335.878640175,1500,vicon_state_data,ball,1,0,0.830916463,-1.071320524,0.552692492,0.000000000,0.000000000,0.000000000,1.000000000,1,-0.822114804,-0.459970670,0.820700772,0.000000000,0.000000000,-0.037363953,0.999301724
1782472909.561553717,335.879262209,1501,vicon_state_data,ball,1,0,0.800706319,-1.042999801,0.571142130,0.000000000,0.000000000,0.000000000,1.000000000,1,-0.822098416,-0.459954819,0.820722754,0.000000000,0.000000000,-0.037317068,0.999303476
1782472909.562190056,335.879898548,1502,vicon_state_data,ball,1,0,0.794125270,-0.754004927,0.749612390,0.000000000,0.000000000,0.000000000,1.000000000,1,-0.822096945,-0.459974870,0.820708660,0.000000000,0.000000000,-0.037380219,0.999301115
1782472909.562823534,335.880532026,1503,vicon_state_data,ball,1,0,0.844118555,-0.753115482,0.750580111,0.000000000,0.000000000,0.000000000,1.000000000,1,-0.822091848,-0.459974353,0.820734100,0.000000000,0.000000000,-0.037260472,0.999305588
1782472909.563470364,335.881178856,1504,vicon_state_data,ball,1,0,0.844767019,-0.751479798,0.751969175,0.000000000,0.000000000,0.000000000,1.000000000,1,-0.822093200,-0.459991883,0.820737814,0.000000000,0.000000000,-0.037369520,0.999301516
1782472909.564117432,335.881825924,1505,vicon_state_data,ball,1,0,0.853576054,-0.747720807,0.752551405,0.000000000,0.000000000,0.000000000,1.000000000,1,-0.822068725,-0.460010433,0.820662518,0.000000000,0.000000000,-0.037361703,0.999301808
1782472909.564772844,335.882481337,1506,vicon_state_data,ball,1,0,0.840717941,-0.751130353,0.751267960,0.000000000,0.000000000,0.000000000,1.000000000,1,-0.822063996,-0.460015999,0.820656444,0.000000000,0.000000000,-0.037343913,0.999302473
1782472909.565382004,335.883090496,1507,vicon_state_data,ball,1,0,0.895970623,-0.748729768,0.752139541,0.000000000,0.000000000,0.000000000,1.000000000,1,-0.822057794,-0.460013021,0.820650969,0.000000000,0.000000000,-0.037327570,0.999303083
1782472909.573061943,335.890770435,1508,vicon_state_data,ball,1,0,0.839048231,-0.752997322,0.748412876,0.000000000,0.000000000,0.000000000,1.000000000,1,-0.822068855,-0.460032003,0.820669130,0.000000000,0.000000000,-0.037276694,0.999304983
1782472909.576433897,335.894142389,1509,vicon_state_data,ball,1,0,0.885623776,-0.772986020,0.736094863,0.000000000,0.000000000,0.000000000,1.000000000,1,-0.822059491,-0.460043765,0.820641576,0.000000000,0.000000000,-0.037398827,0.999300419
1782472909.579748154,335.897456646,1510,vicon_state_data,ball,1,0,0.759854314,-1.117814737,0.524591083,0.000000000,0.000000000,0.000000000,1.000000000,1,-0.822065923,-0.460045364,0.820649872,0.000000000,0.000000000,-0.037387090,0.999300858
1782472909.583553553,335.901262045,1511,vicon_state_data,ball,1,0,0.822229242,-1.052841631,0.564557191,0.000000000,0.000000000,0.000000000,1.000000000,1,-0.822060021,-0.460076757,0.820678385,0.000000000,0.000000000,-0.037363387,0.999301745
1782472909.587367773,335.905076265,1512,vicon_state_data,ball,1,0,0.744272537,-1.113510958,0.527835968,0.000000000,0.000000000,0.000000000,1.000000000,1,-0.822061856,-0.460064052,0.820682754,0.000000000,0.000000000,-0.037379806,0.999301131
1782472909.591189146,335.908897638,1513,vicon_state_data,ball,1,0,0.852093292,-1.030773460,0.578900343,0.000000000,0.000000000,0.000000000,1.000000000,1,-0.822052471,-0.460072562,0.820679348,0.000000000,0.000000000,-0.037411079,0.999299961
1782472909.594942093,335.912650585,1514,vicon_state_data,ball,1,0,0.828565978,-1.056175395,0.561454666,0.000000000,0.000000000,0.000000000,1.000000000,1,-0.822057363,-0.460114455,0.820699817,0.000000000,0.000000000,-0.037421892,0.999299556
1782472909.598770142,335.916478634,1515,vicon_state_data,ball,1,0,0.741225948,-1.047185981,0.568177277,0.000000000,0.000000000,0.000000000,1.000000000,1,-0.822047424,-0.460115104,0.820698703,0.000000000,0.000000000,-0.037446384,0.999298638
1782472909.602602243,335.920310736,1516,vicon_state_data,ball,1,0,0.752869858,-1.002841008,0.595447612,0.000000000,0.000000000,0.000000000,1.000000000,1,-0.822052148,-0.460132126,0.820716177,0.000000000,0.000000000,-0.037440829,0.999298846
1782472909.606614351,335.924322844,1517,vicon_state_data,ball,1,0,0.886197172,-0.974418709,0.612101730,0.000000000,0.000000000,0.000000000,1.000000000,1,-0.822057059,-0.460121249,0.820695976,0.000000000,0.000000000,-0.037407741,0.999300086
1782472909.610608578,335.928317070,1518,vicon_state_data,ball,1,0,0.964445953,-0.964692835,0.615300724,0.000000000,0.000000000,0.000000000,1.000000000,1,-0.822065214,-0.460161935,0.820702633,0.000000000,0.000000000,-0.037477667,0.999297465
1782472909.612724066,335.930432558,1519,vicon_state_data,ball,1,0,0.874640035,-0.829708525,0.700924530,0.000000000,0.000000000,0.000000000,1.000000000,1,-0.822059614,-0.460147747,0.820720614,0.000000000,0.000000000,-0.037399893,0.999300379
1782472909.614788294,335.932496786,1520,vicon_state_data,ball,1,0,0.858056540,-0.774747525,0.736033362,0.000000000,0.000000000,0.000000000,1.000000000,1,-0.822058974,-0.460133797,0.820698651,0.000000000,0.000000000,-0.037406956,0.999300115
1782472909.616873741,335.934582233,1521,vicon_state_data,ball,1,0,0.836645620,-0.746191739,0.752335277,0.000000000,0.000000000,0.000000000,1.000000000,1,-0.822055376,-0.460123101,0.820685123,0.000000000,0.000000000,-0.037404357,0.999300212
1782472909.618998766,335.936707258,1522,vicon_state_data,ball,1,0,0.878588645,-0.751327508,0.746817859,0.000000000,0.000000000,0.000000000,1.000000000,1,-0.822053430,-0.460113351,0.820659025,0.000000000,0.000000000,-0.037460434,0.999298112
1782472909.621130943,335.938839436,1523,vicon_state_data,ball,1,0,0.885883807,-0.750359671,0.751461252,0.000000000,0.000000000,0.000000000,1.000000000,1,-0.822048338,-0.460112327,0.820675851,0.000000000,0.000000000,-0.037395937,0.999300527
1782472909.621452808,335.939161301,1524,vicon_state_data,ball,1,0,0.876802560,-0.767347906,0.740854156,0.000000000,0.000000000,0.000000000,1.000000000,1,-0.822044396,-0.460099709,0.820636893,0.000000000,0.000000000,-0.037452806,0.999298398
1782472909.697633505,336.015341997,1525,vicon_state_data,ball,1,0,0.949870832,-0.792529240,0.724344121,0.000000000,0.000000000,0.000000000,1.000000000,1,-0.822057912,-0.460144694,0.820658474,0.000000000,0.000000000,-0.037391318,0.999300700
1782472909.698346615,336.016055107,1526,vicon_state_data,ball,1,0,0.896235872,-0.753521688,0.748763412,0.000000000,0.000000000,0.000000000,1.000000000,1,-0.822041063,-0.460112619,0.820631510,0.000000000,0.000000000,-0.037381750,0.999301058
1782472909.698722839,336.016431332,1527,vicon_state_data,ball,1,0,0.926630515,-0.755062839,0.750680100,0.000000000,0.000000000,0.000000000,1.000000000,1,-0.822040770,-0.460125146,0.820642316,0.000000000,0.000000000,-0.037445376,0.999298676
1782472909.699048042,336.016756535,1528,vicon_state_data,ball,1,0,0.903675132,-0.746421505,0.751951945,0.000000000,0.000000000,0.000000000,1.000000000,1,-0.822038122,-0.460111810,0.820643351,0.000000000,0.000000000,-0.037433577,0.999299118
1782472909.699382544,336.017091036,1529,vicon_state_data,ball,1,0,0.973413889,-0.797864145,0.720656962,0.000000000,0.000000000,0.000000000,1.000000000,1,-0.822036938,-0.460143866,0.820659964,0.000000000,0.000000000,-0.037447689,0.999298589
1782472909.699809074,336.017517567,1530,vicon_state_data,ball,1,0,0.913520581,-0.846021054,0.690879336,0.000000000,0.000000000,0.000000000,1.000000000,1,-0.822036859,-0.460145152,0.820633454,0.000000000,0.000000000,-0.037552026,0.999294674
1782472909.700148821,336.017857313,1531,vicon_state_data,ball,1,0,0.929210134,-0.828249478,0.702673884,0.000000000,0.000000000,0.000000000,1.000000000,1,-0.822037677,-0.460147458,0.820657197,0.000000000,0.000000000,-0.037481558,0.999297320
1782472909.700478792,336.018187284,1532,vicon_state_data,ball,1,0,0.905129678,-0.896995547,0.658564019,0.000000000,0.000000000,0.000000000,1.000000000,1,-0.822044378,-0.460177097,0.820662619,0.000000000,0.000000000,-0.037481830,0.999297309
1782472909.700796127,336.018504620,1533,vicon_state_data,ball,1,0,0.895099107,-0.854641545,0.682700332,0.000000000,0.000000000,0.000000000,1.000000000,1,-0.822053559,-0.460171164,0.820665004,0.000000000,0.000000000,-0.037489360,0.999297027
1782472909.701159716,336.018868208,1534,vicon_state_data,ball,1,0,0.899118408,-0.933345492,0.636633432,0.000000000,0.000000000,0.000000000,1.000000000,1,-0.822036203,-0.460167865,0.820673911,0.000000000,0.000000000,-0.037391449,0.999300695
1782472909.701495647,336.019204140,1535,vicon_state_data,ball,1,0,0.971866116,-0.684525937,0.790746418,0.000000000,0.000000000,0.000000000,1.000000000,1,-0.822036706,-0.460150661,0.820661000,0.000000000,0.000000000,-0.037530303,0.999295490
1782472909.701808453,336.019516945,1536,vicon_state_data,ball,1,0,0.894946835,-0.690417042,0.787275553,0.000000000,0.000000000,0.000000000,1.000000000,1,-0.822032018,-0.460138705,0.820648731,0.000000000,0.000000000,-0.037548865,0.999294793
1782472909.777582645,336.095291138,1537,vicon_state_data,ball,1,0,0.913977576,-0.746885261,0.750105385,0.000000000,0.000000000,0.000000000,1.000000000,1,-0.822046930,-0.460134129,0.820671076,0.000000000,0.000000000,-0.037561765,0.999294308
1782472909.778269768,336.095978260,1538,vicon_state_data,ball,1,0,0.865352916,-0.747514756,0.751467089,0.000000000,0.000000000,0.000000000,1.000000000,1,-0.822031015,-0.460134381,0.820673247,0.000000000,0.000000000,-0.037631772,0.999291674
1782472909.778665066,336.096373558,1539,vicon_state_data,ball,1,0,0.805148052,-0.900380589,0.658839059,0.000000000,0.000000000,0.000000000,1.000000000,1,-0.822034587,-0.460150498,0.820679681,0.000000000,0.000000000,-0.037652879,0.999290879
1782472909.779036999,336.096745491,1540,vicon_state_data,ball,1,0,0.842479583,-0.919492164,0.645797271,0.000000000,0.000000000,0.000000000,1.000000000,1,-0.822031926,-0.460151016,0.820689383,0.000000000,0.000000000,-0.037614239,0.999292334
1782472909.779364586,336.097073078,1541,vicon_state_data,ball,1,0,0.896028078,-0.933893795,0.637149921,0.000000000,0.000000000,0.000000000,1.000000000,1,-0.822042420,-0.460163059,0.820713530,0.000000000,0.000000000,-0.037564182,0.999294217
1782472909.779710531,336.097419024,1542,vicon_state_data,ball,1,0,0.828536176,-0.946195889,0.630410677,0.000000000,0.000000000,0.000000000,1.000000000,1,-0.822027320,-0.460157323,0.820706799,0.000000000,0.000000000,-0.037634774,0.999291561
1782472909.780024529,336.097733021,1543,vicon_state_data,ball,1,0,0.842649968,-1.031768586,0.574750527,0.000000000,0.000000000,0.000000000,1.000000000,1,-0.822029463,-0.460201585,0.820700596,0.000000000,0.000000000,-0.037696473,0.999289235
1782472909.780339956,336.098048449,1544,vicon_state_data,ball,1,0,0.803385062,-1.128331267,0.514667537,0.000000000,0.000000000,0.000000000,1.000000000,1,-0.822035805,-0.460187701,0.820721866,0.000000000,0.000000000,-0.037568978,0.999294037
1782472909.780657291,336.098365784,1545,vicon_state_data,ball,1,0,0.777559617,-1.088269762,0.542996409,0.000000000,0.000000000,0.000000000,1.000000000,1,-0.822035066,-0.460186205,0.820730234,0.000000000,0.000000000,-0.037570921,0.999293964
1782472909.780977011,336.098685503,1546,vicon_state_data,ball,1,0,0.795751235,-1.130595671,0.515671670,0.000000000,0.000000000,0.000000000,1.000000000,1,-0.822032956,-0.460232496,0.820713207,0.000000000,0.000000000,-0.037610123,0.999292489
1782472909.781394243,336.099102736,1547,vicon_state_data,ball,1,0,0.876245408,-0.931896692,0.638522454,0.000000000,0.000000000,0.000000000,1.000000000,1,-0.822037931,-0.460191308,0.820690391,0.000000000,0.000000000,-0.037582581,0.999293525
1782472909.850017786,336.167726278,1548,vicon_state_data,ball,1,0,0.868393624,-0.980663788,0.608089037,0.000000000,0.000000000,0.000000000,1.000000000,1,-0.822026332,-0.460189285,0.820685139,0.000000000,0.000000000,-0.037623753,0.999291976
1782472909.850676060,336.168384552,1549,vicon_state_data,ball,1,0,0.815907565,-0.971139719,0.614699584,0.000000000,0.000000000,0.000000000,1.000000000,1,-0.822022278,-0.460184218,0.820679222,0.000000000,0.000000000,-0.037649199,0.999291018
1782472909.851030588,336.168739080,1550,vicon_state_data,ball,1,0,0.651604667,-1.061556279,0.559787562,0.000000000,0.000000000,0.000000000,1.000000000,1,-0.822027070,-0.460201454,0.820679519,0.000000000,0.000000000,-0.037616965,0.999292231
1782472909.851358652,336.169067144,1551,vicon_state_data,ball,1,0,0.823271043,-1.013371096,0.588678490,0.000000000,0.000000000,0.000000000,1.000000000,1,-0.822033783,-0.460235750,0.820686144,0.000000000,0.000000000,-0.037650353,0.999290974
1782472909.851673126,336.169381618,1552,vicon_state_data,ball,1,0,0.856470573,-0.753171628,0.747902114,0.000000000,0.000000000,0.000000000,1.000000000,1,-0.822025874,-0.460215655,0.820679973,0.000000000,0.000000000,-0.037611492,0.999292437
1782472909.851995707,336.169704199,1553,vicon_state_data,ball,1,0,0.815432969,-0.747878641,0.751995426,0.000000000,0.000000000,0.000000000,1.000000000,1,-0.822029938,-0.460228020,0.820687331,0.000000000,0.000000000,-0.037603954,0.999292721
1782472909.855888844,336.173597336,1554,vicon_state_data,ball,1,0,0.804857791,-0.751822282,0.749380228,0.000000000,0.000000000,0.000000000,1.000000000,1,-0.822038689,-0.460243960,0.820693367,0.000000000,0.000000000,-0.037622243,0.999292033
1782472909.859117746,336.176826239,1555,vicon_state_data,ball,1,0,0.890361374,-0.747721712,0.751215363,0.000000000,0.000000000,0.000000000,1.000000000,1,-0.822027313,-0.460257799,0.820663122,0.000000000,0.000000000,-0.037645687,0.999291150
1782472909.859485388,336.177193880,1556,vicon_state_data,ball,1,0,0.923353123,-0.767071559,0.739312923,0.000000000,0.000000000,0.000000000,1.000000000,1,-0.822036852,-0.460278979,0.820676864,0.000000000,0.000000000,-0.037609605,0.999292509
1782472909.859772921,336.177481413,1557,vicon_state_data,ball,1,0,0.878064643,-0.705955089,0.778605711,0.000000000,0.000000000,0.000000000,1.000000000,1,-0.822026582,-0.460257710,0.820668384,0.000000000,0.000000000,-0.037636805,0.999291484
1782472909.860111952,336.177820444,1558,vicon_state_data,ball,1,0,0.908341335,-0.750990078,0.750216175,0.000000000,0.000000000,0.000000000,1.000000000,1,-0.822022938,-0.460268027,0.820695219,0.000000000,0.000000000,-0.037651796,0.999290920
1782472909.860440016,336.178148508,1559,vicon_state_data,ball,1,0,0.912838865,-0.752512021,0.749025568,0.000000000,0.000000000,0.000000000,1.000000000,1,-0.822025775,-0.460274981,0.820690307,0.000000000,0.000000000,-0.037716159,0.999288493
1782472909.860754967,336.178463459,1560,vicon_state_data,ball,1,0,0.800325005,-1.029727863,0.579499383,0.000000000,0.000000000,0.000000000,1.000000000,1,-0.822024600,-0.460295094,0.820679960,0.000000000,0.000000000,-0.037722916,0.999288238
1782472909.926047087,336.243755579,1561,vicon_state_data,ball,1,0,0.804800256,-0.979548754,0.610146633,0.000000000,0.000000000,0.000000000,1.000000000,1,-0.822022710,-0.460243586,0.820666589,0.000000000,0.000000000,-0.037634748,0.999291562
1782472909.926798344,336.244506836,1562,vicon_state_data,ball,1,0,0.842502395,-0.753475653,0.749720163,0.000000000,0.000000000,0.000000000,1.000000000,1,-0.822011989,-0.460291131,0.820665565,0.000000000,0.000000000,-0.037845611,0.999283598
1782472909.927361727,336.245070219,1563,vicon_state_data,ball,1,0,0.850346783,-0.814755184,0.710539688,0.000000000,0.000000000,0.000000000,1.000000000,1,-0.822012898,-0.460313067,0.820673453,0.000000000,0.000000000,-0.037779751,0.999286090
1782472909.927729130,336.245437622,1564,vicon_state_data,ball,1,0,0.870401394,-0.778237336,0.734452608,0.000000000,0.000000000,0.000000000,1.000000000,1,-0.822010399,-0.460317431,0.820687843,0.000000000,0.000000000,-0.037786180,0.999285847
1782472909.928121090,336.245829582,1565,vicon_state_data,ball,1,0,0.910756224,-0.753341685,0.748986212,0.000000000,0.000000000,0.000000000,1.000000000,1,-0.821997643,-0.460305238,0.820647547,0.000000000,0.000000000,-0.037814724,0.999284768
1782472909.928500414,336.246208906,1566,vicon_state_data,ball,1,0,0.824950517,-0.923602231,0.645147294,0.000000000,0.000000000,0.000000000,1.000000000,1,-0.822009882,-0.460331528,0.820651463,0.000000000,0.000000000,-0.037779092,0.999286115
1782472909.928840160,336.246548653,1567,vicon_state_data,ball,1,0,0.747534189,-0.964067520,0.619977904,0.000000000,0.000000000,0.000000000,1.000000000,1,-0.822012861,-0.460318032,0.820646822,0.000000000,0.000000000,-0.037754885,0.999287030
1782472909.929186344,336.246894836,1568,vicon_state_data,ball,1,0,0.719396494,-1.087355314,0.542534247,0.000000000,0.000000000,0.000000000,1.000000000,1,-0.822015550,-0.460325576,0.820650349,0.000000000,0.000000000,-0.037775012,0.999286270
1782472909.929521561,336.247230053,1569,vicon_state_data,ball,1,0,0.855884453,-0.957326578,0.624782759,0.000000000,0.000000000,0.000000000,1.000000000,1,-0.822021264,-0.460319465,0.820650004,0.000000000,0.000000000,-0.037742285,0.999287506
1782472909.929842949,336.247551441,1570,vicon_state_data,ball,1,0,0.866556435,-0.981662939,0.608017311,0.000000000,0.000000000,0.000000000,1.000000000,1,-0.822015529,-0.460300188,0.820655052,0.000000000,0.000000000,-0.037782931,0.999285970
1782472909.930173874,336.247882366,1571,vicon_state_data,ball,1,0,0.657114505,-1.030912186,0.578331776,0.000000000,0.000000000,0.000000000,1.000000000,1,-0.822060855,-0.460365900,0.820685905,0.000000000,0.000000000,-0.037744247,0.999287432
1782472909.996108770,336.313817263,1572,vicon_state_data,ball,1,0,0.760655900,-0.995333877,0.601779073,0.000000000,0.000000000,0.000000000,1.000000000,1,-0.822039983,-0.460342198,0.820683119,0.000000000,0.000000000,-0.037815036,0.999284756
1782472909.996720314,336.314428806,1573,vicon_state_data,ball,1,0,0.872500512,-0.979863419,0.608764122,0.000000000,0.000000000,0.000000000,1.000000000,1,-0.822055964,-0.460350388,0.820710331,0.000000000,0.000000000,-0.037837170,0.999283918
1782472909.997084141,336.314792633,1574,vicon_state_data,ball,1,0,0.768636970,-1.065299840,0.556308874,0.000000000,0.000000000,0.000000000,1.000000000,1,-0.822057589,-0.460374079,0.820706390,0.000000000,0.000000000,-0.037875674,0.999282459
1782472909.997421503,336.315129995,1575,vicon_state_data,ball,1,0,0.807318696,-1.037650475,0.575446800,0.000000000,0.000000000,0.000000000,1.000000000,1,-0.822048219,-0.460370625,0.820692007,0.000000000,0.000000000,-0.037915220,0.999280960
1782472909.997752666,336.315461159,1576,vicon_state_data,ball,1,0,0.774721135,-0.934649548,0.638435937,0.000000000,0.000000000,0.000000000,1.000000000,1,-0.822035483,-0.460336362,0.820700503,0.000000000,0.000000000,-0.037910228,0.999281149
1782472909.998113871,336.315822363,1577,vicon_state_data,ball,1,0,0.846298393,-0.966371775,0.618684968,0.000000000,0.000000000,0.000000000,1.000000000,1,-0.822076828,-0.460393054,0.820734271,0.000000000,0.000000000,-0.037747781,0.999287299
1782472909.998441696,336.316150188,1578,vicon_state_data,ball,1,0,0.890831881,-0.891849818,0.664502908,0.000000000,0.000000000,0.000000000,1.000000000,1,-0.822049821,-0.460349016,0.820685886,0.000000000,0.000000000,-0.037802420,0.999285233
1782472909.998757601,336.316466093,1579,vicon_state_data,ball,1,0,0.781671516,-1.056953115,0.563483470,0.000000000,0.000000000,0.000000000,1.000000000,1,-0.822059642,-0.460358847,0.820682676,0.000000000,0.000000000,-0.037778423,0.999286141
1782472909.999070406,336.316778898,1580,vicon_state_data,ball,1,0,0.843111123,-0.861194239,0.683232828,0.000000000,0.000000000,0.000000000,1.000000000,1,-0.822053229,-0.460373415,0.820682334,0.000000000,0.000000000,-0.037837849,0.999283892
1782472909.999412298,336.317120790,1581,vicon_state_data,ball,1,0,0.838574665,-0.885461662,0.667317124,0.000000000,0.000000000,0.000000000,1.000000000,1,-0.822049436,-0.460364763,0.820668181,0.000000000,0.000000000,-0.037866781,0.999282796
1782472909.999732494,336.317440987,1582,vicon_state_data,ball,1,0,0.860731802,-0.751589285,0.749811117,0.000000000,0.000000000,0.000000000,1.000000000,1,-0.822061127,-0.460299200,0.820720377,0.000000000,0.000000000,-0.037795345,0.999285501
1782472910.066058159,336.383766651,1583,vicon_state_data,ball,1,0,0.950509016,-0.745684976,0.748085407,0.000000000,0.000000000,0.000000000,1.000000000,1,-0.822064673,-0.460325695,0.820702109,0.000000000,0.000000000,-0.037912357,0.999281068
1782472910.066744328,336.384452820,1584,vicon_state_data,ball,1,0,0.954879943,-0.753705623,0.748483668,0.000000000,0.000000000,0.000000000,1.000000000,1,-0.822059574,-0.460324264,0.820695110,0.000000000,0.000000000,-0.037903212,0.999281415
1782472910.067139626,336.384848118,1585,vicon_state_data,ball,1,0,0.945805279,-0.750768369,0.748395654,0.000000000,0.000000000,0.000000000,1.000000000,1,-0.822065027,-0.460315009,0.820688339,0.000000000,0.000000000,-0.037846033,0.999283582
1782472910.068928480,336.386636972,1586,vicon_state_data,ball,1,0,0.886355099,-0.753710981,0.746563219,0.000000000,0.000000000,0.000000000,1.000000000,1,-0.822050931,-0.460318078,0.820680760,0.000000000,0.000000000,-0.037943025,0.999279904
1782472910.070669413,336.388377905,1587,vicon_state_data,ball,1,0,0.934153097,-0.674037543,0.797488876,0.000000000,0.000000000,0.000000000,1.000000000,1,-0.822066710,-0.460333057,0.820700304,0.000000000,0.000000000,-0.037979696,0.999278511
1782472910.070976973,336.388685465,1588,vicon_state_data,ball,1,0,0.929957465,-0.851530792,0.688918776,0.000000000,0.000000000,0.000000000,1.000000000,1,-0.822056135,-0.460300698,0.820679247,0.000000000,0.000000000,-0.038005132,0.999277544
1782472910.071268559,336.388977051,1589,vicon_state_data,ball,1,0,0.974864638,-0.800380335,0.717313183,0.000000000,0.000000000,0.000000000,1.000000000,1,-0.822059647,-0.460294237,0.820685621,0.000000000,0.000000000,-0.037931264,0.999280351
1782472910.071641207,336.389349699,1590,vicon_state_data,ball,1,0,0.905322857,-0.787677427,0.728376173,0.000000000,0.000000000,0.000000000,1.000000000,1,-0.822046139,-0.460286642,0.820683755,0.000000000,0.000000000,-0.038011750,0.999277292
1782472910.071966171,336.389674664,1591,vicon_state_data,ball,1,0,0.867485674,-0.752615945,0.747113608,0.000000000,0.000000000,0.000000000,1.000000000,1,-0.822058692,-0.460302249,0.820685808,0.000000000,0.000000000,-0.038014010,0.999277206
1782472910.072284222,336.389992714,1592,vicon_state_data,ball,1,0,0.890216436,-0.752397977,0.746307167,0.000000000,0.000000000,0.000000000,1.000000000,1,-0.822061421,-0.460272443,0.820697065,0.000000000,0.000000000,-0.037979174,0.999278531
1782472910.072590590,336.390299082,1593,vicon_state_data,ball,1,0,0.960052966,-0.753797015,0.747290886,0.000000000,0.000000000,0.000000000,1.000000000,1,-0.822062905,-0.460275669,0.820654342,0.000000000,0.000000000,-0.037930068,0.999280396
1782472910.072918892,336.390627384,1594,vicon_state_data,ball,1,0,0.973099211,-0.748569441,0.752334854,0.000000000,0.000000000,0.000000000,1.000000000,1,-0.822070961,-0.460267311,0.820680971,0.000000000,0.000000000,-0.037906409,0.999281294
1782472910.142597675,336.460306168,1595,vicon_state_data,ball,1,0,0.933168541,-0.751727248,0.748194685,0.000000000,0.000000000,0.000000000,1.000000000,1,-0.822071372,-0.460287149,0.820671983,0.000000000,0.000000000,-0.037904507,0.999281366
1782472910.143322229,336.461030722,1596,vicon_state_data,ball,1,0,0.929870095,-0.747478275,0.750969654,0.000000000,0.000000000,0.000000000,1.000000000,1,-0.822075575,-0.460312006,0.820671849,0.000000000,0.000000000,-0.037960140,0.999279254
1782472910.143690586,336.461399078,1597,vicon_state_data,ball,1,0,0.959497859,-0.741835504,0.754524808,0.000000000,0.000000000,0.000000000,1.000000000,1,-0.822078048,-0.460282272,0.820692227,0.000000000,0.000000000,-0.037898348,0.999281600
1782472910.144010067,336.461718559,1598,vicon_state_data,ball,1,0,0.928212287,-0.753157744,0.749991851,0.000000000,0.000000000,0.000000000,1.000000000,1,-0.822070796,-0.460285361,0.820691857,0.000000000,0.000000000,-0.037907944,0.999281236
1782472910.144328117,336.462036610,1599,vicon_state_data,ball,1,0,0.959569006,-0.748543691,0.750006895,0.000000000,0.000000000,0.000000000,1.000000000,1,-0.822073899,-0.460291019,0.820676674,0.000000000,0.000000000,-0.037866905,0.999282792
1782472910.144659042,336.462367535,1600,vicon_state_data,ball,1,0,0.915728201,-0.755771091,0.746674178,0.000000000,0.000000000,0.000000000,1.000000000,1,-0.822069491,-0.460278611,0.820698045,0.000000000,0.000000000,-0.037889395,0.999281939
1782472910.145006657,336.462715149,1601,vicon_state_data,ball,1,0,0.897553335,-0.748087323,0.752821452,0.000000000,0.000000000,0.000000000,1.000000000,1,-0.822072141,-0.460291854,0.820680114,0.000000000,0.000000000,-0.037928114,0.999280470
1782472910.145331383,336.463039875,1602,vicon_state_data,ball,1,0,0.900534607,-0.750331613,0.750945048,0.000000000,0.000000000,0.000000000,1.000000000,1,-0.822080694,-0.460300043,0.820686908,0.000000000,0.000000000,-0.037925336,0.999280576
1782472910.145639896,336.463348389,1603,vicon_state_data,ball,1,0,0.845863638,-0.747949709,0.751075853,0.000000000,0.000000000,0.000000000,1.000000000,1,-0.822073459,-0.460277368,0.820667723,0.000000000,0.000000000,-0.037966002,0.999279031
1782472910.145949602,336.463658094,1604,vicon_state_data,ball,1,0,0.792443319,-0.746719081,0.752181505,0.000000000,0.000000000,0.000000000,1.000000000,1,-0.822071036,-0.460289361,0.820652069,0.000000000,0.000000000,-0.038010259,0.999277349
1782472910.146264315,336.463972807,1605,vicon_state_data,ball,1,0,0.895883558,-0.754732843,0.748538048,0.000000000,0.000000000,0.000000000,1.000000000,1,-0.822113709,-0.460281467,0.820649654,0.000000000,0.000000000,-0.037913578,0.999281022
1782472910.211670637,336.529379129,1606,vicon_state_data,ball,1,0,0.885465024,-0.753943438,0.749581324,0.000000000,0.000000000,0.000000000,1.000000000,1,-0.822117157,-0.460295092,0.820650785,0.000000000,0.000000000,-0.037922818,0.999280671
1782472910.212314367,336.530022860,1607,vicon_state_data,ball,1,0,0.863511387,-0.754112926,0.748147884,0.000000000,0.000000000,0.000000000,1.000000000,1,-0.822128103,-0.460277697,0.820666383,0.000000000,0.000000000,-0.037848459,0.999283490
1782472910.212688923,336.530397415,1608,vicon_state_data,ball,1,0,0.864486445,-0.753529577,0.748371565,0.000000000,0.000000000,0.000000000,1.000000000,1,-0.822124836,-0.460301327,0.820637138,0.000000000,0.000000000,-0.038015457,0.999277151
1782472910.213018417,336.530726910,1609,vicon_state_data,ball,1,0,0.907133289,-0.754217607,0.747157024,0.000000000,0.000000000,0.000000000,1.000000000,1,-0.822119151,-0.460283327,0.820639887,0.000000000,0.000000000,-0.037923787,0.999280634
1782472910.213336229,336.531044722,1610,vicon_state_data,ball,1,0,0.906015050,-0.746796616,0.751359687,0.000000000,0.000000000,0.000000000,1.000000000,1,-0.822136108,-0.460270983,0.820658291,0.000000000,0.000000000,-0.037920360,0.999280765
1782472910.213650942,336.531359434,1611,vicon_state_data,ball,1,0,0.864877086,-0.748535373,0.752246752,0.000000000,0.000000000,0.000000000,1.000000000,1,-0.822131141,-0.460281043,0.820639887,0.000000000,0.000000000,-0.037949016,0.999279677
1782472910.213973999,336.531682491,1612,vicon_state_data,ball,1,0,0.892904135,-0.892831885,0.662740745,0.000000000,0.000000000,0.000000000,1.000000000,1,-0.822120330,-0.460269975,0.820624793,0.000000000,0.000000000,-0.038051702,0.999275772
1782472910.214295387,336.532003880,1613,vicon_state_data,ball,1,0,0.863309824,-0.843109294,0.694311940,0.000000000,0.000000000,0.000000000,1.000000000,1,-0.822101234,-0.460257067,0.820617670,0.000000000,0.000000000,-0.038034240,0.999276437
1782472910.214611053,336.532319546,1614,vicon_state_data,ball,1,0,0.819608139,-0.834047868,0.698726385,0.000000000,0.000000000,0.000000000,1.000000000,1,-0.822114165,-0.460267831,0.820631320,0.000000000,0.000000000,-0.038016389,0.999277116
1782472910.214918613,336.532627106,1615,vicon_state_data,ball,1,0,0.860171061,-0.892129314,0.663518436,0.000000000,0.000000000,0.000000000,1.000000000,1,-0.822108611,-0.460232873,0.820626369,0.000000000,0.000000000,-0.038066305,0.999275216
1782472910.215233564,336.532942057,1616,vicon_state_data,ball,1,0,0.790480393,-1.027120089,0.580424581,0.000000000,0.000000000,0.000000000,1.000000000,1,-0.822120206,-0.460214991,0.820666099,0.000000000,0.000000000,-0.038131603,0.999272726
1782472910.279763937,336.597472429,1617,vicon_state_data,ball,1,0,0.725900664,-1.137016550,0.513578603,0.000000000,0.000000000,0.000000000,1.000000000,1,-0.822118456,-0.460221311,0.820647751,0.000000000,0.000000000,-0.038108322,0.999273614
1782472910.283835411,336.601543903,1618,vicon_state_data,ball,1,0,0.793107945,-1.138272882,0.510571666,0.000000000,0.000000000,0.000000000,1.000000000,1,-0.822131620,-0.460212515,0.820656692,0.000000000,0.000000000,-0.038099083,0.999273966
1782472910.287736654,336.605445147,1619,vicon_state_data,ball,1,0,0.809697690,-1.052811121,0.564680267,0.000000000,0.000000000,0.000000000,1.000000000,1,-0.822129544,-0.460218364,0.820652950,0.000000000,0.000000000,-0.038125123,0.999272973
1782472910.291612148,336.609320641,1620,vicon_state_data,ball,1,0,0.799819177,-0.996306708,0.600135467,0.000000000,0.000000000,0.000000000,1.000000000,1,-0.822140942,-0.460210744,0.820661899,0.000000000,0.000000000,-0.038024152,0.999276820
1782472910.295439959,336.613148451,1621,vicon_state_data,ball,1,0,0.813189981,-0.971453410,0.614206549,0.000000000,0.000000000,0.000000000,1.000000000,1,-0.822136432,-0.460218242,0.820625161,0.000000000,0.000000000,-0.038090495,0.999274294
1782472910.299202919,336.616911411,1622,vicon_state_data,ball,1,0,0.868233187,-0.981824886,0.607518600,0.000000000,0.000000000,0.000000000,1.000000000,1,-0.822140295,-0.460221558,0.820630472,0.000000000,0.000000000,-0.038049030,0.999275873
1782472910.302973270,336.620681763,1623,vicon_state_data,ball,1,0,0.815465340,-0.963031935,0.619833728,0.000000000,0.000000000,0.000000000,1.000000000,1,-0.822146847,-0.460206718,0.820640012,0.000000000,0.000000000,-0.038031978,0.999276523
1782472910.306804419,336.624512911,1624,vicon_state_data,ball,1,0,0.817845752,-0.961823280,0.618260880,0.000000000,0.000000000,0.000000000,1.000000000,1,-0.822138875,-0.460191481,0.820629007,0.000000000,0.000000000,-0.038055754,0.999275617
1782472910.310527325,336.628235817,1625,vicon_state_data,ball,1,0,0.783041856,-0.921538999,0.645161582,0.000000000,0.000000000,0.000000000,1.000000000,1,-0.822147136,-0.460208023,0.820651884,0.000000000,0.000000000,-0.037999686,0.999277751
1782472910.314216614,336.631925106,1626,vicon_state_data,ball,1,0,0.779160822,-0.910614897,0.649576165,0.000000000,0.000000000,0.000000000,1.000000000,1,-0.822147526,-0.460185249,0.820664137,0.000000000,0.000000000,-0.038059790,0.999275464
1782472910.317924023,336.635632515,1627,vicon_state_data,ball,1,0,0.886001733,-0.926346136,0.642022390,0.000000000,0.000000000,0.000000000,1.000000000,1,-0.822177117,-0.460145012,0.820683621,0.000000000,0.000000000,-0.038128947,0.999272827
1782472910.321564436,336.639272928,1628,vicon_state_data,ball,1,0,0.919872100,-0.977450649,0.609522461,0.000000000,0.000000000,0.000000000,1.000000000,1,-0.822183392,-0.460146294,0.820679911,0.000000000,0.000000000,-0.038134700,0.999272608
1782472910.325278997,336.642987490,1629,vicon_state_data,ball,1,0,0.700416513,-1.012570037,0.591526487,0.000000000,0.000000000,0.000000000,1.000000000,1,-0.822178062,-0.460103744,0.820665441,0.000000000,0.000000000,-0.038114563,0.999273376
1782472910.329062462,336.646770954,1630,vicon_state_data,ball,1,0,0.823689905,-1.011170008,0.590615472,0.000000000,0.000000000,0.000000000,1.000000000,1,-0.822175489,-0.460133659,0.820651016,0.000000000,0.000000000,-0.038170731,0.999271232
1782472910.332714796,336.650423288,1631,vicon_state_data,ball,1,0,0.868470936,-0.754056191,0.751246822,0.000000000,0.000000000,0.000000000,1.000000000,1,-0.822190384,-0.460146105,0.820659676,0.000000000,0.000000000,-0.038170503,0.999271241
1782472910.333002806,336.650711298,1632,vicon_state_data,ball,1,0,0.790449490,-0.982783984,0.609116174,0.000000000,0.000000000,0.000000000,1.000000000,1,-0.822195595,-0.460124564,0.820622065,0.000000000,0.000000000,-0.038083096,0.999274576
1782472910.333298445,336.651006937,1633,vicon_state_data,ball,1,0,0.820700355,-1.040213499,0.571630077,0.000000000,0.000000000,0.000000000,1.000000000,1,-0.822203207,-0.460127515,0.820612268,0.000000000,0.000000000,-0.038125566,0.999272956
1782472910.333637714,336.651346207,1634,vicon_state_data,ball,1,0,0.802554990,-1.045734286,0.569204936,0.000000000,0.000000000,0.000000000,1.000000000,1,-0.822208537,-0.460126719,0.820636289,0.000000000,0.000000000,-0.038049992,0.999275837
1782472910.333956957,336.651665449,1635,vicon_state_data,ball,1,0,0.793572752,-1.034382144,0.578704940,0.000000000,0.000000000,0.000000000,1.000000000,1,-0.822218965,-0.460143194,0.820641869,0.000000000,0.000000000,-0.038051047,0.999275797
1782472910.334261656,336.651970148,1636,vicon_state_data,ball,1,0,0.945229191,-0.903273592,0.655744005,0.000000000,0.000000000,0.000000000,1.000000000,1,-0.822216870,-0.460129297,0.820648592,0.000000000,0.000000000,-0.037999268,0.999277767
1782472910.334561348,336.652269840,1637,vicon_state_data,ball,1,0,0.937716726,-0.918052664,0.647509276,0.000000000,0.000000000,0.000000000,1.000000000,1,-0.822219867,-0.460121618,0.820629397,0.000000000,0.000000000,-0.037989731,0.999278130
1782472910.334860802,336.652569294,1638,vicon_state_data,ball,1,0,0.992933039,-0.850701322,0.687981916,0.000000000,0.000000000,0.000000000,1.000000000,1,-0.822222800,-0.460107494,0.820665650,0.000000000,0.000000000,-0.037972027,0.999278803
1782472910.335168362,336.652876854,1639,vicon_state_data,ball,1,0,0.987331889,-0.835369865,0.697106222,0.000000000,0.000000000,0.000000000,1.000000000,1,-0.822226644,-0.460121382,0.820646217,0.000000000,0.000000000,-0.037970862,0.999278847
1782472910.335471630,336.653180122,1640,vicon_state_data,ball,1,0,0.904161444,-0.747636322,0.751879910,0.000000000,0.000000000,0.000000000,1.000000000,1,-0.822230165,-0.460121298,0.820674049,0.000000000,0.000000000,-0.037877536,0.999282389
1782472910.335774899,336.653483391,1641,vicon_state_data,ball,1,0,0.958878832,-0.753200813,0.749380434,0.000000000,0.000000000,0.000000000,1.000000000,1,-0.822232497,-0.460092708,0.820689211,0.000000000,0.000000000,-0.037900999,0.999281499
1782472910.399537802,336.717246294,1642,vicon_state_data,ball,1,0,0.890493157,-0.753662199,0.749433366,0.000000000,0.000000000,0.000000000,1.000000000,1,-0.822228125,-0.460114472,0.820657035,0.000000000,0.000000000,-0.037980794,0.999278469
1782472910.400188684,336.717897177,1643,vicon_state_data,ball,1,0,0.922372766,-0.711384293,0.775185708,0.000000000,0.000000000,0.000000000,1.000000000,1,-0.822245636,-0.460116661,0.820680166,0.000000000,0.000000000,-0.037974101,0.999278724
1782472910.400552034,336.718260527,1644,vicon_state_data,ball,1,0,0.891796085,-0.745431752,0.753601403,0.000000000,0.000000000,0.000000000,1.000000000,1,-0.822240033,-0.460115921,0.820677708,0.000000000,0.000000000,-0.037953683,0.999279499
1782472910.400872231,336.718580723,1645,vicon_state_data,ball,1,0,0.831804858,-0.914191619,0.650022293,0.000000000,0.000000000,0.000000000,1.000000000,1,-0.822237094,-0.460115600,0.820684190,0.000000000,0.000000000,-0.038005152,0.999277543
1782472910.401187658,336.718896151,1646,vicon_state_data,ball,1,0,0.869146363,-1.004269618,0.594276836,0.000000000,0.000000000,0.000000000,1.000000000,1,-0.822235486,-0.460146668,0.820667700,0.000000000,0.000000000,-0.038113530,0.999273415
1782472910.401504755,336.719213247,1647,vicon_state_data,ball,1,0,0.877147135,-0.751619477,0.748266117,0.000000000,0.000000000,0.000000000,1.000000000,1,-0.822227160,-0.460099553,0.820671208,0.000000000,0.000000000,-0.038097250,0.999274036
1782472910.401818514,336.719527006,1648,vicon_state_data,ball,1,0,0.860187063,-0.752988315,0.749846331,0.000000000,0.000000000,0.000000000,1.000000000,1,-0.822241861,-0.460131770,0.820666036,0.000000000,0.000000000,-0.038079190,0.999274725
1782472910.402120590,336.719829082,1649,vicon_state_data,ball,1,0,0.839377773,-0.837302928,0.698339876,0.000000000,0.000000000,0.000000000,1.000000000,1,-0.822229689,-0.460098668,0.820675956,0.000000000,0.000000000,-0.038181962,0.999270803
1782472910.402421474,336.720129967,1650,vicon_state_data,ball,1,0,0.910308618,-0.753451932,0.748162014,0.000000000,0.000000000,0.000000000,1.000000000,1,-0.822233827,-0.460105175,0.820666049,0.000000000,0.000000000,-0.038129410,0.999272810
1782472910.402738333,336.720446825,1651,vicon_state_data,ball,1,0,0.864849017,-0.748585842,0.752919727,0.000000000,0.000000000,0.000000000,1.000000000,1,-0.822235483,-0.460104772,0.820658011,0.000000000,0.000000000,-0.038187262,0.999270601
1782472910.403044701,336.720753193,1652,vicon_state_data,ball,1,0,0.933405019,-0.748061507,0.751186850,0.000000000,0.000000000,0.000000000,1.000000000,1,-0.822270615,-0.460039874,0.820685497,0.000000000,0.000000000,-0.037963292,0.999279134
1782472910.466795921,336.784504414,1653,vicon_state_data,ball,1,0,0.937929761,-0.749221243,0.751564945,0.000000000,0.000000000,0.000000000,1.000000000,1,-0.822272379,-0.460053969,0.820698948,0.000000000,0.000000000,-0.038019304,0.999277005
1782472910.467563152,336.785271645,1654,vicon_state_data,ball,1,0,0.862189632,-0.750504736,0.750819284,0.000000000,0.000000000,0.000000000,1.000000000,1,-0.822271586,-0.460057870,0.820685819,0.000000000,0.000000000,-0.038072782,0.999274969
1782472910.467943192,336.785651684,1655,vicon_state_data,ball,1,0,0.857825021,-0.750519056,0.748284630,0.000000000,0.000000000,0.000000000,1.000000000,1,-0.822273414,-0.460062051,0.820683773,0.000000000,0.000000000,-0.038045684,0.999276001
1782472910.468282700,336.785991192,1656,vicon_state_data,ball,1,0,0.927477510,-0.683993487,0.791392247,0.000000000,0.000000000,0.000000000,1.000000000,1,-0.822291091,-0.460097073,0.820686869,0.000000000,0.000000000,-0.038161358,0.999271590
1782472910.468600512,336.786309004,1657,vicon_state_data,ball,1,0,0.926860795,-0.753123462,0.748866761,0.000000000,0.000000000,0.000000000,1.000000000,1,-0.822279743,-0.460079878,0.820695600,0.000000000,0.000000000,-0.038180050,0.999270876
1782472910.468918800,336.786627293,1658,vicon_state_data,ball,1,0,0.890299369,-0.754735216,0.748643048,0.000000000,0.000000000,0.000000000,1.000000000,1,-0.822275296,-0.460061899,0.820695720,0.000000000,0.000000000,-0.038154074,0.999271868
1782472910.469231844,336.786940336,1659,vicon_state_data,ball,1,0,0.912799068,-0.752606541,0.749151242,0.000000000,0.000000000,0.000000000,1.000000000,1,-0.822269245,-0.460042313,0.820690390,0.000000000,0.000000000,-0.038183665,0.999270738
1782472910.469542027,336.787250519,1660,vicon_state_data,ball,1,0,1.020005976,-0.813556498,0.711595803,0.000000000,0.000000000,0.000000000,1.000000000,1,-0.822284258,-0.460023903,0.820736942,0.000000000,0.000000000,-0.038023170,0.999276858
1782472910.469850302,336.787558794,1661,vicon_state_data,ball,1,0,0.959885642,-0.751985845,0.747519433,0.000000000,0.000000000,0.000000000,1.000000000,1,-0.822330930,-0.460060966,0.820743529,0.000000000,0.000000000,-0.037991393,0.999278066
1782472910.471545696,336.789254189,1662,vicon_state_data,ball,1,0,0.915662295,-0.752014320,0.748030787,0.000000000,0.000000000,0.000000000,1.000000000,1,-0.822301390,-0.460047269,0.820726249,0.000000000,0.000000000,-0.038136392,0.999272543
1782472910.473528147,336.791236639,1663,vicon_state_data,ball,1,0,0.877222055,-0.742280051,0.755028977,0.000000000,0.000000000,0.000000000,1.000000000,1,-0.822326511,-0.459954620,0.820661530,0.000000000,0.000000000,-0.038173901,0.999271111
1782472910.475457191,336.793165684,1664,vicon_state_data,ball,1,0,0.912634577,-0.758563614,0.744586071,0.000000000,0.000000000,0.000000000,1.000000000,1,-0.822316696,-0.459938339,0.820679000,0.000000000,0.000000000,-0.038166538,0.999271392
1782472910.477146149,336.794854641,1665,vicon_state_data,ball,1,0,0.890149637,-0.746109288,0.750542615,0.000000000,0.000000000,0.000000000,1.000000000,1,-0.822329527,-0.459954362,0.820668187,0.000000000,0.000000000,-0.038133311,0.999272661
1782472910.478788853,336.796497345,1666,vicon_state_data,ball,1,0,0.893642811,-0.751731821,0.749364094,0.000000000,0.000000000,0.000000000,1.000000000,1,-0.822318859,-0.459951162,0.820655402,0.000000000,0.000000000,-0.038215956,0.999269504
1782472910.544915915,336.862624407,1667,vicon_state_data,ball,1,0,0.927231643,-0.755542447,0.748084470,0.000000000,0.000000000,0.000000000,1.000000000,1,-0.822330605,-0.459937658,0.820663982,0.000000000,0.000000000,-0.038229259,0.999268995
1782472910.549528599,336.867237091,1668,vicon_state_data,ball,1,0,1.016494792,-0.793486241,0.723183788,0.000000000,0.000000000,0.000000000,1.000000000,1,-0.822325196,-0.459928044,0.820675853,0.000000000,0.000000000,-0.038186318,0.999270637
1782472910.551584244,336.869292736,1669,vicon_state_data,ball,1,0,0.962498959,-0.850298061,0.687284100,0.000000000,0.000000000,0.000000000,1.000000000,1,-0.822325708,-0.459928404,0.820673991,0.000000000,0.000000000,-0.038246961,0.999268317
1782472910.553617001,336.871325493,1670,vicon_state_data,ball,1,0,0.913882526,-0.720919020,0.768751341,0.000000000,0.000000000,0.000000000,1.000000000,1,-0.822327990,-0.459936265,0.820690719,0.000000000,0.000000000,-0.038208739,0.999269780
1782472910.553910732,336.871619225,1671,vicon_state_data,ball,1,0,0.960341596,-0.749884604,0.752015502,0.000000000,0.000000000,0.000000000,1.000000000,1,-0.822320976,-0.459921365,0.820683436,0.000000000,0.000000000,-0.038236015,0.999268736
1782472910.554197311,336.871905804,1672,vicon_state_data,ball,1,0,0.950618434,-0.749062645,0.750211104,0.000000000,0.000000000,0.000000000,1.000000000,1,-0.822325566,-0.459917424,0.820683735,0.000000000,0.000000000,-0.038319747,0.999265529
1782472910.554510832,336.872219324,1673,vicon_state_data,ball,1,0,0.974291100,-0.707485338,0.775661278,0.000000000,0.000000000,0.000000000,1.000000000,1,-0.822329679,-0.459896306,0.820719822,0.000000000,0.000000000,-0.038180117,0.999270874
1782472910.554818153,336.872526646,1674,vicon_state_data,ball,1,0,0.958041988,-0.711775444,0.771955167,0.000000000,0.000000000,0.000000000,1.000000000,1,-0.822323135,-0.459911630,0.820707233,0.000000000,0.000000000,-0.038305860,0.999266061
1782472910.555120230,336.872828722,1675,vicon_state_data,ball,1,0,0.962238844,-0.718002932,0.769567121,0.000000000,0.000000000,0.000000000,1.000000000,1,-0.822328747,-0.459893427,0.820697859,0.000000000,0.000000000,-0.038260926,0.999267783
1782472910.555420160,336.873128653,1676,vicon_state_data,ball,1,0,0.954217971,-0.747709082,0.750904507,0.000000000,0.000000000,0.000000000,1.000000000,1,-0.822336125,-0.459875310,0.820680708,0.000000000,0.000000000,-0.038319554,0.999265536
1782472910.555719137,336.873427629,1677,vicon_state_data,ball,1,0,0.889222555,-0.753431741,0.747098587,0.000000000,0.000000000,0.000000000,1.000000000,1,-0.822372513,-0.459797495,0.820648251,0.000000000,0.000000000,-0.038323709,0.999265377
1782472910.556018591,336.873727083,1678,vicon_state_data,ball,1,0,0.893077877,-0.762553909,0.762287314,0.000000000,0.000000000,0.000000000,1.000000000,1,-0.822379298,-0.459796744,0.820655496,0.000000000,0.000000000,-0.038357477,0.999264081
1782472910.556324244,336.874032736,1679,vicon_state_data,ball,1,0,0.886792612,-0.679579687,0.793749868,0.000000000,0.000000000,0.000000000,1.000000000,1,-0.822387464,-0.459803291,0.820664931,0.000000000,0.000000000,-0.038300326,0.999266273
1782472910.619768143,336.937476635,1680,vicon_state_data,ball,1,0,0.930946194,-0.651611541,0.810047993,0.000000000,0.000000000,0.000000000,1.000000000,1,-0.822394042,-0.459807464,0.820678691,0.000000000,0.000000000,-0.038367247,0.999263706
1782472910.620383978,336.938092470,1681,vicon_state_data,ball,1,0,0.865957081,-0.950907495,0.626011560,0.000000000,0.000000000,0.000000000,1.000000000,1,-0.822389900,-0.459808530,0.820687705,0.000000000,0.000000000,-0.038242543,0.999268486
1782472910.620730639,336.938439131,1682,vicon_state_data,ball,1,0,0.891993470,-0.922558429,0.644244915,0.000000000,0.000000000,0.000000000,1.000000000,1,-0.822392792,-0.459797581,0.820706294,0.000000000,0.000000000,-0.038216507,0.999269482
1782472910.621050358,336.938758850,1683,vicon_state_data,ball,1,0,0.846707650,-0.917029876,0.647021002,0.000000000,0.000000000,0.000000000,1.000000000,1,-0.822388714,-0.459806455,0.820721356,0.000000000,0.000000000,-0.038174536,0.999271087
1782472910.621364117,336.939072609,1684,vicon_state_data,ball,1,0,0.931469909,-0.957744978,0.622113068,0.000000000,0.000000000,0.000000000,1.000000000,1,-0.822386239,-0.459801801,0.820729532,0.000000000,0.000000000,-0.038148102,0.999272096
1782472910.621682167,336.939390659,1685,vicon_state_data,ball,1,0,0.694945209,-1.133208345,0.515613650,0.000000000,0.000000000,0.000000000,1.000000000,1,-0.822396429,-0.459804071,0.820719933,0.000000000,0.000000000,-0.038236941,0.999268701
1782472910.621997118,336.939705610,1686,vicon_state_data,ball,1,0,0.732619891,-0.941100243,0.634341648,0.000000000,0.000000000,0.000000000,1.000000000,1,-0.822395597,-0.459812490,0.820701815,0.000000000,0.000000000,-0.038196641,0.999270242
1782472910.622309208,336.940017700,1687,vicon_state_data,ball,1,0,0.863907131,-0.967729131,0.615533249,0.000000000,0.000000000,0.000000000,1.000000000,1,-0.822382447,-0.459802611,0.820671761,0.000000000,0.000000000,-0.038341261,0.999264704
1782472910.622613192,336.940321684,1688,vicon_state_data,ball,1,0,0.863950891,-1.014105225,0.588632529,0.000000000,0.000000000,0.000000000,1.000000000,1,-0.822398315,-0.459824701,0.820676781,0.000000000,0.000000000,-0.038238086,0.999268657
1782472910.622928143,336.940636635,1689,vicon_state_data,ball,1,0,0.955992142,-0.885912688,0.666438081,0.000000000,0.000000000,0.000000000,1.000000000,1,-0.822399006,-0.459795939,0.820672087,0.000000000,0.000000000,-0.038242519,0.999268487
1782472910.623238325,336.940946817,1690,vicon_state_data,ball,1,0,0.912769852,-0.823996024,0.704761587,0.000000000,0.000000000,0.000000000,1.000000000,1,-0.822426259,-0.459717348,0.820681751,0.000000000,0.000000000,-0.038251892,0.999268129
1782472910.687261581,337.004970074,1691,vicon_state_data,ball,1,0,0.916762312,-0.748887525,0.749249674,0.000000000,0.000000000,0.000000000,1.000000000,1,-0.822437933,-0.459730586,0.820685248,0.000000000,0.000000000,-0.038215389,0.999269525
1782472910.688177109,337.005885601,1692,vicon_state_data,ball,1,0,0.819642251,-0.747083306,0.752266158,0.000000000,0.000000000,0.000000000,1.000000000,1,-0.822461268,-0.459777504,0.820715751,0.000000000,0.000000000,-0.038115872,0.999273326
1782472910.688590765,337.006299257,1693,vicon_state_data,ball,1,0,0.851009429,-0.750486916,0.749810387,0.000000000,0.000000000,0.000000000,1.000000000,1,-0.822447427,-0.459762713,0.820711030,0.000000000,0.000000000,-0.038196752,0.999270238
1782472910.688930511,337.006639004,1694,vicon_state_data,ball,1,0,0.946262462,-0.799571699,0.721004358,0.000000000,0.000000000,0.000000000,1.000000000,1,-0.822457449,-0.459746883,0.820712517,0.000000000,0.000000000,-0.038195990,0.999270267
1782472910.689270496,337.006978989,1695,vicon_state_data,ball,1,0,0.934041079,-0.909206942,0.647949243,0.000000000,0.000000000,0.000000000,1.000000000,1,-0.822467281,-0.459757104,0.820709411,0.000000000,0.000000000,-0.038140981,0.999272368
1782472910.689619541,337.007328033,1696,vicon_state_data,ball,1,0,0.959727043,-0.878037706,0.671518282,0.000000000,0.000000000,0.000000000,1.000000000,1,-0.822465731,-0.459760193,0.820722518,0.000000000,0.000000000,-0.038171406,0.999271206
1782472910.689940929,337.007649422,1697,vicon_state_data,ball,1,0,1.010441425,-0.891922824,0.661223439,0.000000000,0.000000000,0.000000000,1.000000000,1,-0.822469758,-0.459771122,0.820715233,0.000000000,0.000000000,-0.038162724,0.999271538
1782472910.690264463,337.007972956,1698,vicon_state_data,ball,1,0,0.957334461,-0.879005157,0.670841402,0.000000000,0.000000000,0.000000000,1.000000000,1,-0.822502580,-0.459812987,0.820724636,0.000000000,0.000000000,-0.038083883,0.999274546
1782472910.690600634,337.008309126,1699,vicon_state_data,ball,1,0,0.960668435,-0.912644739,0.649619656,0.000000000,0.000000000,0.000000000,1.000000000,1,-0.822465152,-0.459752012,0.820718165,0.000000000,0.000000000,-0.038112884,0.999273440
1782472910.690939188,337.008647680,1700,vicon_state_data,ball,1,0,0.932992846,-0.866430614,0.677950634,0.000000000,0.000000000,0.000000000,1.000000000,1,-0.822463499,-0.459753552,0.820713190,0.000000000,0.000000000,-0.038192607,0.999270396
1782472910.692717075,337.010425568,1701,vicon_state_data,ball,1,0,0.958372144,-0.747159710,0.751336244,0.000000000,0.000000000,0.000000000,1.000000000,1,-0.822476454,-0.459659108,0.820695204,0.000000000,0.000000000,-0.038483666,0.999259229
1782472910.694648743,337.012357235,1702,vicon_state_data,ball,1,0,0.934651934,-0.748219795,0.751528682,0.000000000,0.000000000,0.000000000,1.000000000,1,-0.822476521,-0.459656576,0.820700450,0.000000000,0.000000000,-0.038360342,0.999263971
1782472910.696536303,337.014244795,1703,vicon_state_data,ball,1,0,0.961063079,-0.751926162,0.747225346,0.000000000,0.000000000,0.000000000,1.000000000,1,-0.822479283,-0.459672233,0.820691754,0.000000000,0.000000000,-0.038481935,0.999259296
1782472910.767583370,337.085291862,1704,vicon_state_data,ball,1,0,0.931692926,-0.749558979,0.751183812,0.000000000,0.000000000,0.000000000,1.000000000,1,-0.822481945,-0.459662377,0.820698868,0.000000000,0.000000000,-0.038427469,0.999261392
1782472910.772735834,337.090444326,1705,vicon_state_data,ball,1,0,0.971156151,-0.745550651,0.751462029,0.000000000,0.000000000,0.000000000,1.000000000,1,-0.822464107,-0.459656395,0.820673974,0.000000000,0.000000000,-0.038483515,0.999259235
1782472910.777464628,337.095173120,1706,vicon_state_data,ball,1,0,0.969739057,-0.753261525,0.748360893,0.000000000,0.000000000,0.000000000,1.000000000,1,-0.822465672,-0.459647369,0.820677243,0.000000000,0.000000000,-0.038499950,0.999258602
1782472910.781790018,337.099498510,1707,vicon_state_data,ball,1,0,0.955766473,-0.853963488,0.685753571,0.000000000,0.000000000,0.000000000,1.000000000,1,-0.822474066,-0.459646898,0.820673210,0.000000000,0.000000000,-0.038486851,0.999259107
1782472910.785964251,337.103672743,1708,vicon_state_data,ball,1,0,0.983278560,-0.787633740,0.727783248,0.000000000,0.000000000,0.000000000,1.000000000,1,-0.822470942,-0.459630448,0.820661218,0.000000000,0.000000000,-0.038534674,0.999257264
1782472910.790091991,337.107800484,1709,vicon_state_data,ball,1,0,1.018002232,-0.798520633,0.720729401,0.000000000,0.000000000,0.000000000,1.000000000,1,-0.822483720,-0.459642614,0.820680953,0.000000000,0.000000000,-0.038438134,0.999260982
1782472910.793748140,337.111456633,1710,vicon_state_data,ball,1,0,0.942437393,-0.715278423,0.771862903,0.000000000,0.000000000,0.000000000,1.000000000,1,-0.822507161,-0.459661977,0.820700786,0.000000000,0.000000000,-0.038400233,0.999262439
1782472910.794063568,337.111772060,1711,vicon_state_data,ball,1,0,0.995483122,-0.734893993,0.759115144,0.000000000,0.000000000,0.000000000,1.000000000,1,-0.822483440,-0.459648360,0.820657429,0.000000000,0.000000000,-0.038542561,0.999256959
1782472910.794349670,337.112058163,1712,vicon_state_data,ball,1,0,0.925854358,-0.749463946,0.749368406,0.000000000,0.000000000,0.000000000,1.000000000,1,-0.822491211,-0.459642710,0.820662918,0.000000000,0.000000000,-0.038473432,0.999259623
1782472910.794678688,337.112387180,1713,vicon_state_data,ball,1,0,0.880752186,-0.752488868,0.750650090,0.000000000,0.000000000,0.000000000,1.000000000,1,-0.822498613,-0.459666187,0.820697366,0.000000000,0.000000000,-0.038349115,0.999264402
1782472910.795006990,337.112715483,1714,vicon_state_data,ball,1,0,0.658091711,-1.001894491,0.596751726,0.000000000,0.000000000,0.000000000,1.000000000,1,-0.822510484,-0.459570771,0.820683141,0.000000000,0.000000000,-0.038541634,0.999256995
1782472910.795319796,337.113028288,1715,vicon_state_data,ball,1,0,0.917446575,-0.719560176,0.769113876,0.000000000,0.000000000,0.000000000,1.000000000,1,-0.822496100,-0.459565128,0.820695630,0.000000000,0.000000000,-0.038646038,0.999252963
1782472910.795630693,337.113339186,1716,vicon_state_data,ball,1,0,0.948840672,-0.754080221,0.746688501,0.000000000,0.000000000,0.000000000,1.000000000,1,-0.822517960,-0.459609922,0.820694006,0.000000000,0.000000000,-0.038672524,0.999251938
1782472910.795931339,337.113639832,1717,vicon_state_data,ball,1,0,1.011172388,-0.815324073,0.708322647,0.000000000,0.000000000,0.000000000,1.000000000,1,-0.822507845,-0.459562447,0.820646955,0.000000000,0.000000000,-0.038769673,0.999248174
1782472910.796248674,337.113957167,1718,vicon_state_data,ball,1,0,1.017772521,-0.809336871,0.714373926,0.000000000,0.000000000,0.000000000,1.000000000,1,-0.822502173,-0.459526765,0.820654033,0.000000000,0.000000000,-0.038661724,0.999252356
1782472910.796558857,337.114267349,1719,vicon_state_data,ball,1,0,0.959538443,-0.746412354,0.750937742,0.000000000,0.000000000,0.000000000,1.000000000,1,-0.822513696,-0.459557683,0.820663445,0.000000000,0.000000000,-0.038643401,0.999253065
1782472910.796863794,337.114572287,1720,vicon_state_data,ball,1,0,0.852214674,-0.820042169,0.704659078,0.000000000,0.000000000,0.000000000,1.000000000,1,-0.822515011,-0.459528609,0.820663796,0.000000000,0.000000000,-0.038655736,0.999252588
1782472910.862125397,337.179833889,1721,vicon_state_data,ball,1,0,0.974892526,-0.750293834,0.749708910,0.000000000,0.000000000,0.000000000,1.000000000,1,-0.822516768,-0.459521950,0.820671611,0.000000000,0.000000000,-0.038598378,0.999254805
1782472910.862751007,337.180459499,1722,vicon_state_data,ball,1,0,0.975633004,-0.750089752,0.749904907,0.000000000,0.000000000,0.000000000,1.000000000,1,-0.822516331,-0.459511103,0.820675706,0.000000000,0.000000000,-0.038508627,0.999258268
1782472910.863092422,337.180800915,1723,vicon_state_data,ball,1,0,0.969624856,-0.829509553,0.699625754,0.000000000,0.000000000,0.000000000,1.000000000,1,-0.822519883,-0.459500965,0.820671018,0.000000000,0.000000000,-0.038540396,0.999257043
1782472910.863408566,337.181117058,1724,vicon_state_data,ball,1,0,1.015149350,-0.749096182,0.750271513,0.000000000,0.000000000,0.000000000,1.000000000,1,-0.822531249,-0.459507472,0.820677781,0.000000000,0.000000000,-0.038535793,0.999257220
1782472910.863719940,337.181428432,1725,vicon_state_data,ball,1,0,0.944017060,-0.751856095,0.749762551,0.000000000,0.000000000,0.000000000,1.000000000,1,-0.822532229,-0.459494285,0.820679869,0.000000000,0.000000000,-0.038471928,0.999259681
1782472910.864031553,337.181740046,1726,vicon_state_data,ball,1,0,0.933890843,-0.857256732,0.684931894,0.000000000,0.000000000,0.000000000,1.000000000,1,-0.822542099,-0.459499796,0.820697886,0.000000000,0.000000000,-0.038489047,0.999259022
1782472910.864347696,337.182056189,1727,vicon_state_data,ball,1,0,0.945903351,-0.868330768,0.677768811,0.000000000,0.000000000,0.000000000,1.000000000,1,-0.822539715,-0.459488442,0.820706401,0.000000000,0.000000000,-0.038440875,0.999260876
1782472910.864660501,337.182368994,1728,vicon_state_data,ball,1,0,0.954406813,-0.853113247,0.686993539,0.000000000,0.000000000,0.000000000,1.000000000,1,-0.822536995,-0.459485889,0.820701749,0.000000000,0.000000000,-0.038441786,0.999260841
1782472910.864963055,337.182671547,1729,vicon_state_data,ball,1,0,0.946820544,-0.809469448,0.712323172,0.000000000,0.000000000,0.000000000,1.000000000,1,-0.822539413,-0.459473142,0.820693787,0.000000000,0.000000000,-0.038486577,0.999259117
1782472910.865278959,337.182987452,1730,vicon_state_data,ball,1,0,1.006362385,-0.848070487,0.690482570,0.000000000,0.000000000,0.000000000,1.000000000,1,-0.822545091,-0.459471016,0.820707031,0.000000000,0.000000000,-0.038423495,0.999261545
1782472910.865591526,337.183300018,1731,vicon_state_data,ball,1,0,0.960721488,-0.750009910,0.750154021,0.000000000,0.000000000,0.000000000,1.000000000,1,-0.822537795,-0.459463099,0.820627620,0.000000000,0.000000000,-0.038722343,0.999250009
1782472910.865930796,337.183639288,1732,vicon_state_data,ball,1,0,0.924104314,-0.750560952,0.751387138,0.000000000,0.000000000,0.000000000,1.000000000,1,-0.822536929,-0.459431003,0.820624907,0.000000000,0.000000000,-0.038714877,0.999250298
1782472910.930244207,337.247952700,1733,vicon_state_data,ball,1,0,0.943554234,-0.767998191,0.738050665,0.000000000,0.000000000,0.000000000,1.000000000,1,-0.822541658,-0.459473073,0.820596551,0.000000000,0.000000000,-0.038754237,0.999248772
1782472910.930848598,337.248557091,1734,vicon_state_data,ball,1,0,0.976099339,-0.770023023,0.738625580,0.000000000,0.000000000,0.000000000,1.000000000,1,-0.822535138,-0.459443808,0.820624584,0.000000000,0.000000000,-0.038636779,0.999253321
1782472910.931206942,337.248915434,1735,vicon_state_data,ball,1,0,0.951181244,-0.753290008,0.751811690,0.000000000,0.000000000,0.000000000,1.000000000,1,-0.822531992,-0.459412420,0.820608026,0.000000000,0.000000000,-0.038678102,0.999251722
1782472910.931538343,337.249246836,1736,vicon_state_data,ball,1,0,0.989108031,-0.699851573,0.782229883,0.000000000,0.000000000,0.000000000,1.000000000,1,-0.822528845,-0.459442464,0.820595681,0.000000000,0.000000000,-0.038711196,0.999250441
1782472910.931852341,337.249560833,1737,vicon_state_data,ball,1,0,0.984631324,-0.713706876,0.773246900,0.000000000,0.000000000,0.000000000,1.000000000,1,-0.822537074,-0.459414470,0.820618793,0.000000000,0.000000000,-0.038578046,0.999255590
1782472910.932178259,337.249886751,1738,vicon_state_data,ball,1,0,0.895250014,-0.695118271,0.784470253,0.000000000,0.000000000,0.000000000,1.000000000,1,-0.822536404,-0.459406533,0.820605169,0.000000000,0.000000000,-0.038666182,0.999252184
1782472910.932497740,337.250206232,1739,vicon_state_data,ball,1,0,0.964175056,-0.765423878,0.742332993,0.000000000,0.000000000,0.000000000,1.000000000,1,-0.822557328,-0.459469698,0.820637556,0.000000000,0.000000000,-0.038634636,0.999253404
1782472910.932808876,337.250517368,1740,vicon_state_data,ball,1,0,0.972775107,-0.747780057,0.752354068,0.000000000,0.000000000,0.000000000,1.000000000,1,-0.822550386,-0.459424471,0.820624469,0.000000000,0.000000000,-0.038639020,0.999253234
1782472910.935625553,337.253334045,1741,vicon_state_data,ball,1,0,0.981575886,-0.733699971,0.761661354,0.000000000,0.000000000,0.000000000,1.000000000,1,-0.822553851,-0.459456511,0.820622249,0.000000000,0.000000000,-0.038688256,0.999251329
1782472910.938510656,337.256219149,1742,vicon_state_data,ball,1,0,0.955803043,-0.712935997,0.773396988,0.000000000,0.000000000,0.000000000,1.000000000,1,-0.822560692,-0.459441889,0.820631064,0.000000000,0.000000000,-0.038718583,0.999250155
1782472910.941343307,337.259051800,1743,vicon_state_data,ball,1,0,0.942768424,-0.742641606,0.756540734,0.000000000,0.000000000,0.000000000,1.000000000,1,-0.822552804,-0.459382557,0.820655774,0.000000000,0.000000000,-0.038715339,0.999250280
1782472910.944080114,337.261788607,1744,vicon_state_data,ball,1,0,0.927284603,-0.681345217,0.792326294,0.000000000,0.000000000,0.000000000,1.000000000,1,-0.822554512,-0.459380654,0.820627004,0.000000000,0.000000000,-0.038743493,0.999249189
1782472910.946891785,337.264600277,1745,vicon_state_data,ball,1,0,0.995043015,-0.659112012,0.805102919,0.000000000,0.000000000,0.000000000,1.000000000,1,-0.822541617,-0.459349840,0.820601640,0.000000000,0.000000000,-0.038802028,0.999246918
1782472910.949864388,337.267572880,1746,vicon_state_data,ball,1,0,0.956312239,-0.617907726,0.830575013,0.000000000,0.000000000,0.000000000,1.000000000,1,-0.822539334,-0.459358255,0.820598137,0.000000000,0.000000000,-0.038789548,0.999247402
1782472910.952910185,337.270618677,1747,vicon_state_data,ball,1,0,0.908124148,-0.601034222,0.842235537,0.000000000,0.000000000,0.000000000,1.000000000,1,-0.822548478,-0.459370185,0.820608157,0.000000000,0.000000000,-0.038781225,0.999247725
1782472910.956027508,337.273736000,1748,vicon_state_data,ball,1,0,0.924389841,-0.630393602,0.823708153,0.000000000,0.000000000,0.000000000,1.000000000,1,-0.822549944,-0.459358256,0.820586598,0.000000000,0.000000000,-0.038720124,0.999250095
1782472910.959117651,337.276826143,1749,vicon_state_data,ball,1,0,0.918193849,-0.695527750,0.783744494,0.000000000,0.000000000,0.000000000,1.000000000,1,-0.822539284,-0.459320475,0.820566341,0.000000000,0.000000000,-0.038803921,0.999246844
1782472910.962219715,337.279928207,1750,vicon_state_data,ball,1,0,0.983976483,-0.776228071,0.732944978,0.000000000,0.000000000,0.000000000,1.000000000,1,-0.822548557,-0.459334813,0.820592442,0.000000000,0.000000000,-0.038864122,0.999244505
1782472910.965351820,337.283060312,1751,vicon_state_data,ball,1,0,0.951940879,-0.870364608,0.675611250,0.000000000,0.000000000,0.000000000,1.000000000,1,-0.822547843,-0.459317759,0.820590202,0.000000000,0.000000000,-0.038797662,0.999247087
1782472910.969062805,337.286771297,1752,vicon_state_data,ball,1,0,0.951946543,-0.875383557,0.671623453,0.000000000,0.000000000,0.000000000,1.000000000,1,-0.822543427,-0.459327967,0.820584202,0.000000000,0.000000000,-0.038836972,0.999245560
1782472910.972845554,337.290554047,1753,vicon_state_data,ball,1,0,0.998322457,-0.772429625,0.734410679,0.000000000,0.000000000,0.000000000,1.000000000,1,-0.822550276,-0.459334355,0.820603048,0.000000000,0.000000000,-0.038806401,0.999246748
1782472910.974892616,337.292601109,1754,vicon_state_data,ball,1,0,0.958545668,-0.746736350,0.751307282,0.000000000,0.000000000,0.000000000,1.000000000,1,-0.822549174,-0.459324011,0.820617408,0.000000000,0.000000000,-0.038857398,0.999244766
1782472910.976961613,337.294670105,1755,vicon_state_data,ball,1,0,0.981593963,-0.755659267,0.747436919,0.000000000,0.000000000,0.000000000,1.000000000,1,-0.822540859,-0.459312703,0.820627423,0.000000000,0.000000000,-0.038888692,0.999243549
1782472910.979005098,337.296713591,1756,vicon_state_data,ball,1,0,0.993576993,-0.747840608,0.751604661,0.000000000,0.000000000,0.000000000,1.000000000,1,-0.822534063,-0.459303225,0.820621379,0.000000000,0.000000000,-0.038898665,0.999243161
1782472910.981032372,337.298740864,1757,vicon_state_data,ball,1,0,0.998501936,-0.749774771,0.746795832,0.000000000,0.000000000,0.000000000,1.000000000,1,-0.822568160,-0.459366936,0.820644815,0.000000000,0.000000000,-0.038923056,0.999242211
1782472910.983096838,337.300805330,1758,vicon_state_data,ball,1,0,0.973851954,-0.749322985,0.752344307,0.000000000,0.000000000,0.000000000,1.000000000,1,-0.822540616,-0.459317940,0.820621151,0.000000000,0.000000000,-0.038905654,0.999242888
1782472911.050843239,337.368551731,1759,vicon_state_data,ball,1,0,0.969743754,-0.745181822,0.750510535,0.000000000,0.000000000,0.000000000,1.000000000,1,-0.822544427,-0.459309439,0.820629995,0.000000000,0.000000000,-0.038974476,0.999240206
1782472911.053271294,337.370979786,1760,vicon_state_data,ball,1,0,0.941995623,-0.708305663,0.777578192,0.000000000,0.000000000,0.000000000,1.000000000,1,-0.822552722,-0.459333431,0.820654764,0.000000000,0.000000000,-0.039013795,0.999238672
1782472911.055411816,337.373120308,1761,vicon_state_data,ball,1,0,0.932964922,-0.731580535,0.762113830,0.000000000,0.000000000,0.000000000,1.000000000,1,-0.822546526,-0.459312361,0.820640043,0.000000000,0.000000000,-0.039027560,0.999238135
1782472911.059314489,337.377022982,1762,vicon_state_data,ball,1,0,0.918795841,-0.749177838,0.750638641,0.000000000,0.000000000,0.000000000,1.000000000,1,-0.822553057,-0.459300047,0.820668976,0.000000000,0.000000000,-0.039005380,0.999239001
1782472911.063103199,337.380811691,1763,vicon_state_data,ball,1,0,0.950896325,-0.639683384,0.817594863,0.000000000,0.000000000,0.000000000,1.000000000,1,-0.822564442,-0.459306820,0.820632998,0.000000000,0.000000000,-0.039102187,0.999235217
1782472911.063414335,337.381122828,1764,vicon_state_data,ball,1,0,0.951641035,-0.583282134,0.853098016,0.000000000,0.000000000,0.000000000,1.000000000,1,-0.822548115,-0.459275772,0.820643220,0.000000000,0.000000000,-0.038922875,0.999242218
1782472911.063720942,337.381429434,1765,vicon_state_data,ball,1,0,0.970701708,-0.772599074,0.736821995,0.000000000,0.000000000,0.000000000,1.000000000,1,-0.822572885,-0.459262856,0.820696931,0.000000000,0.000000000,-0.038804464,0.999246823
1782472911.064069271,337.381777763,1766,vicon_state_data,ball,1,0,0.976878247,-0.748890855,0.751520233,0.000000000,0.000000000,0.000000000,1.000000000,1,-0.822558655,-0.459273760,0.820649083,0.000000000,0.000000000,-0.038953037,0.999241042
1782472911.064404488,337.382112980,1767,vicon_state_data,ball,1,0,1.007632796,-0.747309138,0.751674794,0.000000000,0.000000000,0.000000000,1.000000000,1,-0.822540494,-0.459295725,0.820606203,0.000000000,0.000000000,-0.038971174,0.999240335
1782472911.064728975,337.382437468,1768,vicon_state_data,ball,1,0,0.916150669,-0.747679843,0.747841695,0.000000000,0.000000000,0.000000000,1.000000000,1,-0.822540949,-0.459267722,0.820590689,0.000000000,0.000000000,-0.038908546,0.999242776
1782472911.065037966,337.382746458,1769,vicon_state_data,ball,1,0,0.977743514,-0.813983256,0.710955300,0.000000000,0.000000000,0.000000000,1.000000000,1,-0.822543667,-0.459273927,0.820608253,0.000000000,0.000000000,-0.038811331,0.999246556
1782472911.065358162,337.383066654,1770,vicon_state_data,ball,1,0,1.007880202,-0.760979011,0.742861355,0.000000000,0.000000000,0.000000000,1.000000000,1,-0.822547580,-0.459265277,0.820616424,0.000000000,0.000000000,-0.038787370,0.999247487
1782472911.065683365,337.383391857,1771,vicon_state_data,ball,1,0,1.006522700,-0.814205585,0.709149556,0.000000000,0.000000000,0.000000000,1.000000000,1,-0.822550251,-0.459264081,0.820633764,0.000000000,0.000000000,-0.038799722,0.999247007
1782472911.131744623,337.449453115,1772,vicon_state_data,ball,1,0,0.998726900,-0.752409724,0.750243477,0.000000000,0.000000000,0.000000000,1.000000000,1,-0.822550866,-0.459267626,0.820633153,0.000000000,0.000000000,-0.038896652,0.999243239
1782472911.132355690,337.450064182,1773,vicon_state_data,ball,1,0,1.011811394,-0.683401689,0.792854974,0.000000000,0.000000000,0.000000000,1.000000000,1,-0.822540818,-0.459267240,0.820614847,0.000000000,0.000000000,-0.038831391,0.999245777
1782472911.132712126,337.450420618,1774,vicon_state_data,ball,1,0,1.023103236,-0.712386480,0.770875405,0.000000000,0.000000000,0.000000000,1.000000000,1,-0.822541954,-0.459275715,0.820601654,0.000000000,0.000000000,-0.038830636,0.999245806
1782472911.133040667,337.450749159,1775,vicon_state_data,ball,1,0,0.966502784,-0.597132764,0.843583437,0.000000000,0.000000000,0.000000000,1.000000000,1,-0.822544631,-0.459276828,0.820620671,0.000000000,0.000000000,-0.038968362,0.999240445
1782472911.133359194,337.451067686,1776,vicon_state_data,ball,1,0,0.928254872,-0.755513100,0.748750332,0.000000000,0.000000000,0.000000000,1.000000000,1,-0.822537945,-0.459279348,0.820610800,0.000000000,0.000000000,-0.038925052,0.999242133
1782472911.133674145,337.451382637,1777,vicon_state_data,ball,1,0,1.026782773,-0.721148647,0.765616995,0.000000000,0.000000000,0.000000000,1.000000000,1,-0.822550786,-0.459261947,0.820613738,0.000000000,0.000000000,-0.038838173,0.999245514
1782472911.133992195,337.451700687,1778,vicon_state_data,ball,1,0,0.980804653,-0.725068135,0.764473561,0.000000000,0.000000000,0.000000000,1.000000000,1,-0.822554852,-0.459259234,0.820597850,0.000000000,0.000000000,-0.038948755,0.999241209
1782472911.134309053,337.452017546,1779,vicon_state_data,ball,1,0,0.954062218,-0.753553564,0.748599109,0.000000000,0.000000000,0.000000000,1.000000000,1,-0.822557412,-0.459266431,0.820601434,0.000000000,0.000000000,-0.038871183,0.999244230
1782472911.134620190,337.452328682,1780,vicon_state_data,ball,1,0,0.962597129,-0.748661791,0.746614034,0.000000000,0.000000000,0.000000000,1.000000000,1,-0.822551451,-0.459243732,0.820601596,0.000000000,0.000000000,-0.038917265,0.999242436
1782472911.134927988,337.452636480,1781,vicon_state_data,ball,1,0,1.026760026,-0.754485842,0.746290445,0.000000000,0.000000000,0.000000000,1.000000000,1,-0.822561900,-0.459260740,0.820609168,0.000000000,0.000000000,-0.038995998,0.999239367
1782472911.198382854,337.516091347,1782,vicon_state_data,ball,1,0,1.022300625,-0.767712492,0.739611607,0.000000000,0.000000000,0.000000000,1.000000000,1,-0.822575234,-0.459277837,0.820617270,0.000000000,0.000000000,-0.038912382,0.999242626
1782472911.198954582,337.516663074,1783,vicon_state_data,ball,1,0,0.952452641,-0.619904761,0.831109382,0.000000000,0.000000000,0.000000000,1.000000000,1,-0.822564663,-0.459266541,0.820618577,0.000000000,0.000000000,-0.038926726,0.999242068
1782472911.199327946,337.517036438,1784,vicon_state_data,ball,1,0,0.956416425,-0.749851802,0.752350851,0.000000000,0.000000000,0.000000000,1.000000000,1,-0.822563262,-0.459290399,0.820618277,0.000000000,0.000000000,-0.038966546,0.999240516
1782472911.199656963,337.517365456,1785,vicon_state_data,ball,1,0,0.979913560,-0.750140895,0.749354680,0.000000000,0.000000000,0.000000000,1.000000000,1,-0.822579610,-0.459281791,0.820628679,0.000000000,0.000000000,-0.038871530,0.999244216
1782472911.199966192,337.517674685,1786,vicon_state_data,ball,1,0,1.019917322,-0.695569053,0.782518700,0.000000000,0.000000000,0.000000000,1.000000000,1,-0.822559941,-0.459284426,0.820612023,0.000000000,0.000000000,-0.039020311,0.999238418
1782472911.200298786,337.518007278,1787,vicon_state_data,ball,1,0,1.015165570,-0.640805517,0.816840167,0.000000000,0.000000000,0.000000000,1.000000000,1,-0.822561613,-0.459263738,0.820601690,0.000000000,0.000000000,-0.038984667,0.999239809
1782472911.200615883,337.518324375,1788,vicon_state_data,ball,1,0,0.990263306,-0.652440115,0.810317579,0.000000000,0.000000000,0.000000000,1.000000000,1,-0.822575423,-0.459274435,0.820626664,0.000000000,0.000000000,-0.039000989,0.999239172
1782472911.200917721,337.518626213,1789,vicon_state_data,ball,1,0,0.941255757,-0.751257855,0.750635515,0.000000000,0.000000000,0.000000000,1.000000000,1,-0.822567499,-0.459292729,0.820613288,0.000000000,0.000000000,-0.039046192,0.999237407
1782472911.201225519,337.518934011,1790,vicon_state_data,ball,1,0,0.938379835,-0.752740729,0.747087451,0.000000000,0.000000000,0.000000000,1.000000000,1,-0.822554455,-0.459256302,0.820608952,0.000000000,0.000000000,-0.039027077,0.999238153
1782472911.201533079,337.519241571,1791,vicon_state_data,ball,1,0,0.975079056,-0.749482379,0.749196877,0.000000000,0.000000000,0.000000000,1.000000000,1,-0.822530838,-0.459244399,0.820610995,0.000000000,0.000000000,-0.039155550,0.999233127
1782472911.267673254,337.585381746,1792,vicon_state_data,ball,1,0,0.983074322,-0.747004047,0.752545188,0.000000000,0.000000000,0.000000000,1.000000000,1,-0.822538359,-0.459239090,0.820585528,0.000000000,0.000000000,-0.039186198,0.999231926
1782472911.268371820,337.586080313,1793,vicon_state_data,ball,1,0,0.948362598,-0.747537959,0.751712813,0.000000000,0.000000000,0.000000000,1.000000000,1,-0.822509911,-0.459162143,0.820565879,0.000000000,0.000000000,-0.039298996,0.999227496
1782472911.272172451,337.589880943,1794,vicon_state_data,ball,1,0,0.938280857,-0.748316170,0.748842760,0.000000000,0.000000000,0.000000000,1.000000000,1,-0.822528551,-0.459213540,0.820601672,0.000000000,0.000000000,-0.039155992,0.999233110
1782472911.275907040,337.593615532,1795,vicon_state_data,ball,1,0,0.970369120,-0.753614105,0.748061081,0.000000000,0.000000000,0.000000000,1.000000000,1,-0.822538771,-0.459239354,0.820599637,0.000000000,0.000000000,-0.039119320,0.999234546
1782472911.279592991,337.597301483,1796,vicon_state_data,ball,1,0,0.995660608,-0.752377587,0.746169385,0.000000000,0.000000000,0.000000000,1.000000000,1,-0.822524303,-0.459206027,0.820615328,0.000000000,0.000000000,-0.039032264,0.999237951
1782472911.283338547,337.601047039,1797,vicon_state_data,ball,1,0,0.993384818,-0.747162236,0.751485992,0.000000000,0.000000000,0.000000000,1.000000000,1,-0.822514539,-0.459204306,0.820598489,0.000000000,0.000000000,-0.039061730,0.999236799
1782472911.283657074,337.601365566,1798,vicon_state_data,ball,1,0,1.019608323,-0.769131885,0.738597073,0.000000000,0.000000000,0.000000000,1.000000000,1,-0.822506069,-0.459184185,0.820602769,0.000000000,0.000000000,-0.039061627,0.999236803
1782472911.283939838,337.601648331,1799,vicon_state_data,ball,1,0,1.000541222,-0.748583325,0.750215371,0.000000000,0.000000000,0.000000000,1.000000000,1,-0.822523464,-0.459226423,0.820604159,0.000000000,0.000000000,-0.039135963,0.999233895
1782472911.284271479,337.601979971,1800,vicon_state_data,ball,1,0,1.001060023,-0.681806931,0.791577285,0.000000000,0.000000000,0.000000000,1.000000000,1,-0.822527616,-0.459218654,0.820619787,0.000000000,0.000000000,-0.039043082,0.999237528
1782472911.284597874,337.602306366,1801,vicon_state_data,ball,1,0,1.002653442,-0.748817450,0.750433996,0.000000000,0.000000000,0.000000000,1.000000000,1,-0.822528384,-0.459223575,0.820634917,0.000000000,0.000000000,-0.039174467,0.999232386
1782472911.284910917,337.602619410,1802,vicon_state_data,ball,1,0,1.029723244,-0.839959549,0.693630456,0.000000000,0.000000000,0.000000000,1.000000000,1,-0.822524735,-0.459207114,0.820595583,0.000000000,0.000000000,-0.039401835,0.999223446
1782472911.285220146,337.602928638,1803,vicon_state_data,ball,1,0,0.956725466,-0.666369154,0.801579343,0.000000000,0.000000000,0.000000000,1.000000000,1,-0.822521567,-0.459190743,0.820636958,0.000000000,0.000000000,-0.039193238,0.999231650
1782472911.285536051,337.603244543,1804,vicon_state_data,ball,1,0,0.928431196,-0.701980158,0.779587463,0.000000000,0.000000000,0.000000000,1.000000000,1,-0.822511079,-0.459163256,0.820608758,0.000000000,0.000000000,-0.039317216,0.999226779
1782472911.285847902,337.603556395,1805,vicon_state_data,ball,1,0,0.976071242,-0.699085381,0.781994329,0.000000000,0.000000000,0.000000000,1.000000000,1,-0.822521339,-0.459166206,0.820615841,0.000000000,0.000000000,-0.039242050,0.999229734
1782472911.286155224,337.603863716,1806,vicon_state_data,ball,1,0,0.936867419,-0.755126110,0.747770841,0.000000000,0.000000000,0.000000000,1.000000000,1,-0.822521689,-0.459177539,0.820618513,0.000000000,0.000000000,-0.039131219,0.999234081
1782472911.350994349,337.668702841,1807,vicon_state_data,ball,1,0,0.826011372,-0.763685068,0.741440128,0.000000000,0.000000000,0.000000000,1.000000000,1,-0.822520693,-0.459175944,0.820620244,0.000000000,0.000000000,-0.039096356,0.999235445
1782472911.351665974,337.669374466,1808,vicon_state_data,ball,1,0,0.963074432,-0.704661261,0.775850345,0.000000000,0.000000000,0.000000000,1.000000000,1,-0.822517922,-0.459169120,0.820614202,0.000000000,0.000000000,-0.039203281,0.999231256
1782472911.352044582,337.669753075,1809,vicon_state_data,ball,1,0,0.999477091,-0.691657324,0.785527862,0.000000000,0.000000000,0.000000000,1.000000000,1,-0.822518129,-0.459176683,0.820616147,0.000000000,0.000000000,-0.039106373,0.999235053
1782472911.352389812,337.670098305,1810,vicon_state_data,ball,1,0,0.975913134,-0.751074566,0.749109358,0.000000000,0.000000000,0.000000000,1.000000000,1,-0.822505023,-0.459186382,0.820619800,0.000000000,0.000000000,-0.039179471,0.999232190
1782472911.352718830,337.670427322,1811,vicon_state_data,ball,1,0,0.985388677,-0.721412876,0.769781729,0.000000000,0.000000000,0.000000000,1.000000000,1,-0.822510908,-0.459147487,0.820606414,0.000000000,0.000000000,-0.039161248,0.999232904
1782472911.353030920,337.670739412,1812,vicon_state_data,ball,1,0,1.003291543,-0.694678229,0.784631179,0.000000000,0.000000000,0.000000000,1.000000000,1,-0.822500534,-0.459174135,0.820618348,0.000000000,0.000000000,-0.039188889,0.999231820
1782472911.353339911,337.671048403,1813,vicon_state_data,ball,1,0,0.962701096,-0.747692369,0.746775803,0.000000000,0.000000000,0.000000000,1.000000000,1,-0.822498600,-0.459175837,0.820624581,0.000000000,0.000000000,-0.039204463,0.999231210
1782472911.353649139,337.671357632,1814,vicon_state_data,ball,1,0,0.923543313,-0.752049520,0.749341530,0.000000000,0.000000000,0.000000000,1.000000000,1,-0.822459784,-0.459115240,0.820591758,0.000000000,0.000000000,-0.039422146,0.999222645
1782472911.353964806,337.671673298,1815,vicon_state_data,ball,1,0,0.938753583,-0.800248335,0.718518583,0.000000000,0.000000000,0.000000000,1.000000000,1,-0.822490539,-0.459175185,0.820595778,0.000000000,0.000000000,-0.039295583,0.999227630
1782472911.354274511,337.671983004,1816,vicon_state_data,ball,1,0,1.017620384,-0.672910191,0.798278287,0.000000000,0.000000000,0.000000000,1.000000000,1,-0.822481814,-0.459215855,0.820560182,0.000000000,0.000000000,-0.039176808,0.999232294
1782472911.419396162,337.737104654,1817,vicon_state_data,ball,1,0,1.046250585,-0.774189192,0.733032107,0.000000000,0.000000000,0.000000000,1.000000000,1,-0.822458008,-0.459145954,0.820555007,0.000000000,0.000000000,-0.039212439,0.999230897
1782472911.420002460,337.737710953,1818,vicon_state_data,ball,1,0,1.005631453,-0.747985046,0.751065945,0.000000000,0.000000000,0.000000000,1.000000000,1,-0.822480271,-0.459203824,0.820585503,0.000000000,0.000000000,-0.039019472,0.999238450
1782472911.420368910,337.738077402,1819,vicon_state_data,ball,1,0,0.998696454,-0.747400527,0.750435964,0.000000000,0.000000000,0.000000000,1.000000000,1,-0.822446369,-0.459119389,0.820554616,0.000000000,0.000000000,-0.039162320,0.999232862
1782472911.420710325,337.738418818,1820,vicon_state_data,ball,1,0,0.957711503,-0.702790240,0.777950790,0.000000000,0.000000000,0.000000000,1.000000000,1,-0.822472839,-0.459194690,0.820574815,0.000000000,0.000000000,-0.038992901,0.999239488
1782472911.421036243,337.738744736,1821,vicon_state_data,ball,1,0,1.042597548,-0.794993278,0.722749425,0.000000000,0.000000000,0.000000000,1.000000000,1,-0.822473678,-0.459197405,0.820603511,0.000000000,0.000000000,-0.038924513,0.999242154
1782472911.421353102,337.739061594,1822,vicon_state_data,ball,1,0,1.073560006,-0.777123755,0.734884583,0.000000000,0.000000000,0.000000000,1.000000000,1,-0.822472439,-0.459212684,0.820590851,0.000000000,0.000000000,-0.039020937,0.999238393
1782472911.421663046,337.739371538,1823,vicon_state_data,ball,1,0,1.041891201,-0.710286324,0.772992980,0.000000000,0.000000000,0.000000000,1.000000000,1,-0.822468446,-0.459217973,0.820587280,0.000000000,0.000000000,-0.039010813,0.999238789
1782472911.421977520,337.739686012,1824,vicon_state_data,ball,1,0,1.053799208,-0.694202115,0.782563229,0.000000000,0.000000000,0.000000000,1.000000000,1,-0.822467900,-0.459188371,0.820603875,0.000000000,0.000000000,-0.038932385,0.999241847
1782472911.422287941,337.739996433,1825,vicon_state_data,ball,1,0,0.902177894,-0.675107772,0.797033967,0.000000000,0.000000000,0.000000000,1.000000000,1,-0.822465926,-0.459238656,0.820592211,0.000000000,0.000000000,-0.039158201,0.999233024
1782472911.422595501,337.740303993,1826,vicon_state_data,ball,1,0,0.987877409,-0.752801699,0.748636470,0.000000000,0.000000000,0.000000000,1.000000000,1,-0.822473738,-0.459235748,0.820609860,0.000000000,0.000000000,-0.039070915,0.999236440
1782472911.422895432,337.740603924,1827,vicon_state_data,ball,1,0,0.781231674,-0.085821921,0.817015282,0.000000000,0.000000000,0.000000000,1.000000000,1,-0.822478184,-0.459281004,0.820616783,0.000000000,0.000000000,-0.039178423,0.999232231
1782472911.424620867,337.742329359,1828,vicon_state_data,ball,1,0,0.992057084,-0.667710836,0.799094745,0.000000000,0.000000000,0.000000000,1.000000000,1,-0.822432018,-0.459171829,0.820621734,0.000000000,0.000000000,-0.039226722,0.999230336
1782472911.492517710,337.810226202,1829,vicon_state_data,ball,1,0,1.045145593,-0.710539790,0.773038994,0.000000000,0.000000000,0.000000000,1.000000000,1,-0.822465693,-0.459251177,0.820629481,0.000000000,0.000000000,-0.039096520,0.999235439
1782472911.494507074,337.812215567,1830,vicon_state_data,ball,1,0,1.070880616,-0.879004642,0.670603053,0.000000000,0.000000000,0.000000000,1.000000000,1,-0.822463067,-0.459238852,0.820609774,0.000000000,0.000000000,-0.039081860,0.999236012
1782472911.496508837,337.814217329,1831,vicon_state_data,ball,1,0,1.025540958,-0.839240424,0.694979995,0.000000000,0.000000000,0.000000000,1.000000000,1,-0.822466245,-0.459247126,0.820605051,0.000000000,0.000000000,-0.038959103,0.999240806
1782472911.498532295,337.816240788,1832,vicon_state_data,ball,1,0,1.078041630,-0.746732409,0.751849758,0.000000000,0.000000000,0.000000000,1.000000000,1,-0.822468864,-0.459225390,0.820600498,0.000000000,0.000000000,-0.039027701,0.999238129
1782472911.500574350,337.818282843,1833,vicon_state_data,ball,1,0,1.074695600,-0.754761245,0.746909734,0.000000000,0.000000000,0.000000000,1.000000000,1,-0.822469791,-0.459252683,0.820614687,0.000000000,0.000000000,-0.039037748,0.999237737
1782472911.502688408,337.820396900,1834,vicon_state_data,ball,1,0,1.045114303,-0.756542226,0.745693596,0.000000000,0.000000000,0.000000000,1.000000000,1,-0.822479684,-0.459263297,0.820621834,0.000000000,0.000000000,-0.038952151,0.999241077
1782472911.504773378,337.822481871,1835,vicon_state_data,ball,1,0,1.041974573,-0.713316587,0.771073308,0.000000000,0.000000000,0.000000000,1.000000000,1,-0.822463384,-0.459273197,0.820611052,0.000000000,0.000000000,-0.039059214,0.999236898
1782472911.505071402,337.822779894,1836,vicon_state_data,ball,1,0,0.961147350,-0.735899892,0.726973855,0.000000000,0.000000000,0.000000000,1.000000000,1,-0.822490919,-0.459284407,0.820652280,0.000000000,0.000000000,-0.038950252,0.999241151
1782472911.505350828,337.823059320,1837,vicon_state_data,ball,1,0,0.970300380,-0.752455754,0.746994531,0.000000000,0.000000000,0.000000000,1.000000000,1,-0.822471870,-0.459289821,0.820651628,0.000000000,0.000000000,-0.039091673,0.999235628
1782472911.505661249,337.823369741,1838,vicon_state_data,ball,1,0,1.003840624,-0.746815560,0.749874478,0.000000000,0.000000000,0.000000000,1.000000000,1,-0.822463927,-0.459303107,0.820655418,0.000000000,0.000000000,-0.039174140,0.999232399
1782472911.505982399,337.823690891,1839,vicon_state_data,ball,1,0,0.964227385,-0.680625881,0.793262456,0.000000000,0.000000000,0.000000000,1.000000000,1,-0.822414654,-0.459319480,0.820635313,0.000000000,0.000000000,-0.039385729,0.999224081
1782472911.506300211,337.824008703,1840,vicon_state_data,ball,1,0,1.014201847,-0.680786275,0.792821892,0.000000000,0.000000000,0.000000000,1.000000000,1,-0.822422734,-0.459316275,0.820657386,0.000000000,0.000000000,-0.039313766,0.999226915
1782472911.506633520,337.824342012,1841,vicon_state_data,ball,1,0,0.935452928,-0.783834687,0.729210421,0.000000000,0.000000000,0.000000000,1.000000000,1,-0.822404935,-0.459300894,0.820623701,0.000000000,0.000000000,-0.039370724,0.999224672
1782472911.506952763,337.824661255,1842,vicon_state_data,ball,1,0,1.005188755,-0.832690518,0.698743483,0.000000000,0.000000000,0.000000000,1.000000000,1,-0.822408309,-0.459309780,0.820621805,0.000000000,0.000000000,-0.039398339,0.999223584
1782472911.571702003,337.889410496,1843,vicon_state_data,ball,1,0,0.911394869,-0.793528255,0.723069457,0.000000000,0.000000000,0.000000000,1.000000000,1,-0.822415379,-0.459320138,0.820585778,0.000000000,0.000000000,-0.039323683,0.999226525
1782472911.572323084,337.890031576,1844,vicon_state_data,ball,1,0,0.925924932,-0.798100859,0.721096201,0.000000000,0.000000000,0.000000000,1.000000000,1,-0.822419658,-0.459356416,0.820591989,0.000000000,0.000000000,-0.039389597,0.999223929
1782472911.572675228,337.890383720,1845,vicon_state_data,ball,1,0,0.961545898,-0.618924636,0.827568755,0.000000000,0.000000000,0.000000000,1.000000000,1,-0.822408413,-0.459316876,0.820572273,0.000000000,0.000000000,-0.039339925,0.999225886
1782472911.572994471,337.890702963,1846,vicon_state_data,ball,1,0,0.959760516,-0.749494433,0.751011720,0.000000000,0.000000000,0.000000000,1.000000000,1,-0.822399659,-0.459290543,0.820581921,0.000000000,0.000000000,-0.039204998,0.999231189
1782472911.573314190,337.891022682,1847,vicon_state_data,ball,1,0,1.065554184,-0.766220915,0.740986042,0.000000000,0.000000000,0.000000000,1.000000000,1,-0.822414702,-0.459338496,0.820593019,0.000000000,0.000000000,-0.039209842,0.999230998
1782472911.573623896,337.891332388,1848,vicon_state_data,ball,1,0,0.989752254,-0.686843230,0.788210499,0.000000000,0.000000000,0.000000000,1.000000000,1,-0.822400793,-0.459289502,0.820565340,0.000000000,0.000000000,-0.039249942,0.999229424
1782472911.573928356,337.891636848,1849,vicon_state_data,ball,1,0,0.984617130,-0.797751053,0.722808144,0.000000000,0.000000000,0.000000000,1.000000000,1,-0.822399622,-0.459325737,0.820575683,0.000000000,0.000000000,-0.039313779,0.999226915
1782472911.574229002,337.891937494,1850,vicon_state_data,ball,1,0,0.967858947,-0.806961248,0.715135634,0.000000000,0.000000000,0.000000000,1.000000000,1,-0.822407050,-0.459339913,0.820609925,0.000000000,0.000000000,-0.039357411,0.999225197
1782472911.574532270,337.892240763,1851,vicon_state_data,ball,1,0,0.975020694,-0.737172542,0.755865401,0.000000000,0.000000000,0.000000000,1.000000000,1,-0.822394060,-0.459308530,0.820627064,0.000000000,0.000000000,-0.039300579,0.999227434
1782472911.574841261,337.892549753,1852,vicon_state_data,ball,1,0,0.952803437,-0.751986522,0.750163075,0.000000000,0.000000000,0.000000000,1.000000000,1,-0.822380599,-0.459336385,0.820618807,0.000000000,0.000000000,-0.039388440,0.999223974
1782472911.575140715,337.892849207,1853,vicon_state_data,ball,1,0,0.909239279,-0.755335731,0.749964744,0.000000000,0.000000000,0.000000000,1.000000000,1,-0.822349327,-0.459313367,0.820604911,0.000000000,0.000000000,-0.039504319,0.999219400
1782472911.575445175,337.893153667,1854,vicon_state_data,ball,1,0,0.877906583,-0.750678611,0.749968156,0.000000000,0.000000000,0.000000000,1.000000000,1,-0.822352851,-0.459256895,0.820617045,0.000000000,0.000000000,-0.039462383,0.999221057
1782472911.643669844,337.961378336,1855,vicon_state_data,ball,1,0,0.499542745,-0.134449232,0.859379487,0.000000000,0.000000000,0.000000000,1.000000000,1,-0.822348559,-0.459324178,0.820583966,0.000000000,0.000000000,-0.039525612,0.999218558
1782472911.644738913,337.962447405,1856,vicon_state_data,ball,1,0,0.970913075,-0.612037629,0.836207045,0.000000000,0.000000000,0.000000000,1.000000000,1,-0.822325070,-0.459278147,0.820553368,0.000000000,0.000000000,-0.039690512,0.999212021
1782472911.645372391,337.963080883,1857,vicon_state_data,ball,1,0,0.940370502,-0.753143637,0.749395657,0.000000000,0.000000000,0.000000000,1.000000000,1,-0.822353894,-0.459355566,0.820573815,0.000000000,0.000000000,-0.039384916,0.999224113
1782472911.645989656,337.963698149,1858,vicon_state_data,ball,1,0,0.938047828,-0.702699540,0.779550554,0.000000000,0.000000000,0.000000000,1.000000000,1,-0.822346614,-0.459342633,0.820595550,0.000000000,0.000000000,-0.039389079,0.999223949
1782472911.646606445,337.964314938,1859,vicon_state_data,ball,1,0,1.001837705,-0.706315685,0.777383978,0.000000000,0.000000000,0.000000000,1.000000000,1,-0.822361786,-0.459353351,0.820598891,0.000000000,0.000000000,-0.039378802,0.999224354
1782472911.647227049,337.964935541,1860,vicon_state_data,ball,1,0,1.004635188,-0.727334836,0.765245410,0.000000000,0.000000000,0.000000000,1.000000000,1,-0.822358371,-0.459365644,0.820590275,0.000000000,0.000000000,-0.039400382,0.999223503
1782472911.647838831,337.965547323,1861,vicon_state_data,ball,1,0,0.988973070,-0.931907378,0.639005431,0.000000000,0.000000000,0.000000000,1.000000000,1,-0.822376203,-0.459392577,0.820630191,0.000000000,0.000000000,-0.039341813,0.999225811
1782472911.648443937,337.966152430,1862,vicon_state_data,ball,1,0,0.987016169,-0.749643520,0.750304579,0.000000000,0.000000000,0.000000000,1.000000000,1,-0.822369232,-0.459408307,0.820628882,0.000000000,0.000000000,-0.039266553,0.999228771
1782472911.649075031,337.966783524,1863,vicon_state_data,ball,1,0,0.978066717,-0.751718158,0.746651189,0.000000000,0.000000000,0.000000000,1.000000000,1,-0.822349976,-0.459424339,0.820627704,0.000000000,0.000000000,-0.039362880,0.999224982
1782472911.649691582,337.967400074,1864,vicon_state_data,ball,1,0,0.997583414,-0.844026174,0.693112671,0.000000000,0.000000000,0.000000000,1.000000000,1,-0.822302872,-0.459465423,0.820626447,0.000000000,0.000000000,-0.039361932,0.999225019
1782472911.650286198,337.967994690,1865,vicon_state_data,ball,1,0,1.005605723,-0.724769637,0.765960691,0.000000000,0.000000000,0.000000000,1.000000000,1,-0.822296782,-0.459465684,0.820619896,0.000000000,0.000000000,-0.039396768,0.999223646
1782472911.654983282,337.972691774,1866,vicon_state_data,ball,1,0,0.969292003,-0.753545724,0.747810941,0.000000000,0.000000000,0.000000000,1.000000000,1,-0.822294552,-0.459454789,0.820609499,0.000000000,0.000000000,-0.039357072,0.999225210
1782472911.659792662,337.977501154,1867,vicon_state_data,ball,1,0,0.974201518,-0.747531925,0.752637288,0.000000000,0.000000000,0.000000000,1.000000000,1,-0.822294001,-0.459468614,0.820613207,0.000000000,0.000000000,-0.039341296,0.999225832
1782472911.661913395,337.979621887,1868,vicon_state_data,ball,1,0,1.027181355,-0.683071217,0.791599923,0.000000000,0.000000000,0.000000000,1.000000000,1,-0.822302547,-0.459480555,0.820601910,0.000000000,0.000000000,-0.039336550,0.999226018
1782472911.663660288,337.981368780,1869,vicon_state_data,ball,1,0,1.029897614,-0.722447508,0.767025678,0.000000000,0.000000000,0.000000000,1.000000000,1,-0.822303682,-0.459465208,0.820608958,0.000000000,0.000000000,-0.039365478,0.999224879
1782472911.665512085,337.983220577,1870,vicon_state_data,ball,1,0,1.027855878,-0.724693501,0.765035246,0.000000000,0.000000000,0.000000000,1.000000000,1,-0.822305025,-0.459466995,0.820611882,0.000000000,0.000000000,-0.039263395,0.999228896
1782472911.732017040,338.049725533,1871,vicon_state_data,ball,1,0,1.072014564,-0.772859822,0.736505428,0.000000000,0.000000000,0.000000000,1.000000000,1,-0.822302218,-0.459489179,0.820630525,0.000000000,0.000000000,-0.039352103,0.999225406
1782472911.734336853,338.052045345,1872,vicon_state_data,ball,1,0,1.074036473,-0.752260396,0.748777503,0.000000000,0.000000000,0.000000000,1.000000000,1,-0.822297085,-0.459511408,0.820631275,0.000000000,0.000000000,-0.039256197,0.999229178
1782472911.734661341,338.052369833,1873,vicon_state_data,ball,1,0,1.018993523,-0.802550520,0.715179033,0.000000000,0.000000000,0.000000000,1.000000000,1,-0.822304777,-0.459512778,0.820648026,0.000000000,0.000000000,-0.039367077,0.999224816
1782472911.734943151,338.052651644,1874,vicon_state_data,ball,1,0,1.026321493,-0.780391589,0.732983368,0.000000000,0.000000000,0.000000000,1.000000000,1,-0.822289404,-0.459509971,0.820642037,0.000000000,0.000000000,-0.039452627,0.999221442
1782472911.735294819,338.053003311,1875,vicon_state_data,ball,1,0,0.994765151,-0.801469130,0.717693845,0.000000000,0.000000000,0.000000000,1.000000000,1,-0.822288499,-0.459515668,0.820648985,0.000000000,0.000000000,-0.039319288,0.999226698
1782472911.735634804,338.053343296,1876,vicon_state_data,ball,1,0,0.923591762,-0.750828539,0.749321680,0.000000000,0.000000000,0.000000000,1.000000000,1,-0.822283553,-0.459540115,0.820667716,0.000000000,0.000000000,-0.039312712,0.999226957
1782472911.735951900,338.053660393,1877,vicon_state_data,ball,1,0,0.950293994,-0.751882366,0.748803087,0.000000000,0.000000000,0.000000000,1.000000000,1,-0.822297924,-0.459549776,0.820670769,0.000000000,0.000000000,-0.039344834,0.999225692
1782472911.736270428,338.053978920,1878,vicon_state_data,ball,1,0,1.085112405,-0.806836162,0.710674617,0.000000000,0.000000000,0.000000000,1.000000000,1,-0.822282687,-0.459570155,0.820650890,0.000000000,0.000000000,-0.039322382,0.999226576
1782472911.736581087,338.054289579,1879,vicon_state_data,ball,1,0,0.994954007,-0.811753002,0.712765643,0.000000000,0.000000000,0.000000000,1.000000000,1,-0.822275630,-0.459554189,0.820666751,0.000000000,0.000000000,-0.039298447,0.999227518
1782472911.736892223,338.054600716,1880,vicon_state_data,ball,1,0,1.002857617,-0.745144732,0.752310013,0.000000000,0.000000000,0.000000000,1.000000000,1,-0.822243686,-0.459526407,0.820629267,0.000000000,0.000000000,-0.039623095,0.999214697
1782472911.737224817,338.054933310,1881,vicon_state_data,ball,1,0,0.995377204,-0.740047499,0.755766674,0.000000000,0.000000000,0.000000000,1.000000000,1,-0.822264779,-0.459477737,0.820659159,0.000000000,0.000000000,-0.039474370,0.999220583
1782472911.802798271,338.120506763,1882,vicon_state_data,ball,1,0,0.995179681,-0.707137983,0.774731820,0.000000000,0.000000000,0.000000000,1.000000000,1,-0.822241959,-0.459524936,0.820628647,0.000000000,0.000000000,-0.039545864,0.999217756
1782472911.803370953,338.121079445,1883,vicon_state_data,ball,1,0,1.015217084,-0.641605056,0.815457670,0.000000000,0.000000000,0.000000000,1.000000000,1,-0.822265288,-0.459479569,0.820680026,0.000000000,0.000000000,-0.039351016,0.999225449
1782472911.803730249,338.121438742,1884,vicon_state_data,ball,1,0,0.994806029,-0.748046005,0.751592409,0.000000000,0.000000000,0.000000000,1.000000000,1,-0.822283069,-0.459527324,0.820675825,0.000000000,0.000000000,-0.039313587,0.999226922
1782472911.804046631,338.121755123,1885,vicon_state_data,ball,1,0,1.013538796,-0.709252356,0.775485918,0.000000000,0.000000000,0.000000000,1.000000000,1,-0.822241855,-0.459537381,0.820621887,0.000000000,0.000000000,-0.039465083,0.999220950
1782472911.804370880,338.122079372,1886,vicon_state_data,ball,1,0,0.957169865,-0.750778461,0.747816404,0.000000000,0.000000000,0.000000000,1.000000000,1,-0.822268165,-0.459536289,0.820659299,0.000000000,0.000000000,-0.039372070,0.999224619
1782472911.804696321,338.122404814,1887,vicon_state_data,ball,1,0,1.031199718,-0.720890228,0.765289078,0.000000000,0.000000000,0.000000000,1.000000000,1,-0.822264845,-0.459551578,0.820670889,0.000000000,0.000000000,-0.039290396,0.999227834
1782472911.805005789,338.122714281,1888,vicon_state_data,ball,1,0,1.003480213,-0.667174461,0.800505718,0.000000000,0.000000000,0.000000000,1.000000000,1,-0.822271134,-0.459548005,0.820646510,0.000000000,0.000000000,-0.039293602,0.999227708
1782472911.805328131,338.123036623,1889,vicon_state_data,ball,1,0,1.091607494,-0.998230577,0.597175974,0.000000000,0.000000000,0.000000000,1.000000000,1,-0.822252039,-0.459562291,0.820636634,0.000000000,0.000000000,-0.039169915,0.999232564
1782472911.805637121,338.123345613,1890,vicon_state_data,ball,1,0,1.001107394,-0.885649485,0.664601726,0.000000000,0.000000000,0.000000000,1.000000000,1,-0.822259568,-0.459593457,0.820654858,0.000000000,0.000000000,-0.039173407,0.999232427
1782472911.874216795,338.191925287,1891,vicon_state_data,ball,1,0,0.989404213,-0.747316804,0.752237233,0.000000000,0.000000000,0.000000000,1.000000000,1,-0.822222258,-0.459592192,0.820645343,0.000000000,0.000000000,-0.039241540,0.999229754
1782472911.874803305,338.192511797,1892,vicon_state_data,ball,1,0,0.978846971,-0.753275171,0.751545236,0.000000000,0.000000000,0.000000000,1.000000000,1,-0.822191768,-0.459611236,0.820595559,0.000000000,0.000000000,-0.039456656,0.999221283
1782472911.875167370,338.192875862,1893,vicon_state_data,ball,1,0,1.004485223,-0.722816261,0.764459033,0.000000000,0.000000000,0.000000000,1.000000000,1,-0.822208777,-0.459587237,0.820628569,0.000000000,0.000000000,-0.039300997,0.999227417
1782472911.875514030,338.193222523,1894,vicon_state_data,ball,1,0,1.017075633,-0.674933252,0.796867670,0.000000000,0.000000000,0.000000000,1.000000000,1,-0.822224814,-0.459648175,0.820645544,0.000000000,0.000000000,-0.039386039,0.999224069
1782472911.875841141,338.193549633,1895,vicon_state_data,ball,1,0,1.041943204,-0.703753091,0.779999556,0.000000000,0.000000000,0.000000000,1.000000000,1,-0.822212959,-0.459644108,0.820636190,0.000000000,0.000000000,-0.039436208,0.999222090
1782472911.876159668,338.193868160,1896,vicon_state_data,ball,1,0,1.005855012,-0.667927992,0.800495869,0.000000000,0.000000000,0.000000000,1.000000000,1,-0.822221783,-0.459660957,0.820644358,0.000000000,0.000000000,-0.039311882,0.999226989
1782472911.876480579,338.194189072,1897,vicon_state_data,ball,1,0,1.072456797,-0.776705813,0.734948554,0.000000000,0.000000000,0.000000000,1.000000000,1,-0.822210213,-0.459665504,0.820643804,0.000000000,0.000000000,-0.039311696,0.999226997
1782472911.876783133,338.194491625,1898,vicon_state_data,ball,1,0,1.083978378,-0.751282212,0.749939114,0.000000000,0.000000000,0.000000000,1.000000000,1,-0.822174561,-0.459701650,0.820583644,0.000000000,0.000000000,-0.039503549,0.999219430
1782472911.877094030,338.194802523,1899,vicon_state_data,ball,1,0,1.082731756,-0.771407021,0.734935016,0.000000000,0.000000000,0.000000000,1.000000000,1,-0.822185609,-0.459691671,0.820632140,0.000000000,0.000000000,-0.039406764,0.999223252
1782472911.877444267,338.195152760,1900,vicon_state_data,ball,1,0,1.013251064,-0.545356421,0.876267755,0.000000000,0.000000000,0.000000000,1.000000000,1,-0.822193484,-0.459743949,0.820705662,0.000000000,0.000000000,-0.039257027,0.999229146
1782472911.950211763,338.267920256,1901,vicon_state_data,ball,1,0,1.015990320,-0.696564283,0.782509352,0.000000000,0.000000000,0.000000000,1.000000000,1,-0.822190270,-0.459749962,0.820738731,0.000000000,0.000000000,-0.039182699,0.999232063
1782472911.950775623,338.268484116,1902,vicon_state_data,ball,1,0,1.020914485,-0.700604034,0.780595292,0.000000000,0.000000000,0.000000000,1.000000000,1,-0.822189779,-0.459795913,0.820705346,0.000000000,0.000000000,-0.039279434,0.999228265
1782472911.951082468,338.268790960,1903,vicon_state_data,ball,1,0,1.059419103,-0.762612636,0.742848644,0.000000000,0.000000000,0.000000000,1.000000000,1,-0.822222676,-0.459806926,0.820750390,0.000000000,0.000000000,-0.039186319,0.999231921
1782472911.951464415,338.269172907,1904,vicon_state_data,ball,1,0,1.083202676,-0.730157877,0.760858589,0.000000000,0.000000000,0.000000000,1.000000000,1,-0.822180892,-0.459759901,0.820720097,0.000000000,0.000000000,-0.039299929,0.999227459
1782472911.951800346,338.269508839,1905,vicon_state_data,ball,1,0,0.943599118,-0.747484202,0.751637106,0.000000000,0.000000000,0.000000000,1.000000000,1,-0.822179965,-0.459778094,0.820729384,0.000000000,0.000000000,-0.039324715,0.999226484
1782472911.952127218,338.269835711,1906,vicon_state_data,ball,1,0,0.957250511,-0.748480321,0.749873836,0.000000000,0.000000000,0.000000000,1.000000000,1,-0.822145405,-0.459802551,0.820658041,0.000000000,0.000000000,-0.039582182,0.999216318
1782472911.952458382,338.270166874,1907,vicon_state_data,ball,1,0,1.026335669,-0.320261468,1.015346725,0.000000000,0.000000000,0.000000000,1.000000000,1,-0.822207317,-0.459833844,0.820733444,0.000000000,0.000000000,-0.039213044,0.999230873
1782472911.952760220,338.270468712,1908,vicon_state_data,ball,1,0,0.959059600,-0.670577421,0.797866392,0.000000000,0.000000000,0.000000000,1.000000000,1,-0.822172426,-0.459815839,0.820696822,0.000000000,0.000000000,-0.039281015,0.999228203
1782472911.953060389,338.270768881,1909,vicon_state_data,ball,1,0,0.956557731,-0.656580852,0.807398500,0.000000000,0.000000000,0.000000000,1.000000000,1,-0.822162089,-0.459791620,0.820700015,0.000000000,0.000000000,-0.039266678,0.999228767
1782472912.019700289,338.337408781,1910,vicon_state_data,ball,1,0,0.947371781,-0.587975687,0.849481145,0.000000000,0.000000000,0.000000000,1.000000000,1,-0.822151575,-0.459862769,0.820682146,0.000000000,0.000000000,-0.039127720,0.999234218
1782472912.020337343,338.338045835,1911,vicon_state_data,ball,1,0,1.014311620,-0.678531087,0.793372645,0.000000000,0.000000000,0.000000000,1.000000000,1,-0.822136924,-0.459870350,0.820666815,0.000000000,0.000000000,-0.039381567,0.999224245
1782472912.020725489,338.338433981,1912,vicon_state_data,ball,1,0,1.037362379,-0.767334882,0.739180370,0.000000000,0.000000000,0.000000000,1.000000000,1,-0.822137778,-0.459872588,0.820667062,0.000000000,0.000000000,-0.039262101,0.999228946
1782472912.021051884,338.338760376,1913,vicon_state_data,ball,1,0,1.038185692,-0.736279749,0.756426825,0.000000000,0.000000000,0.000000000,1.000000000,1,-0.822129155,-0.459882556,0.820662863,0.000000000,0.000000000,-0.039458670,0.999221203
1782472912.021388531,338.339097023,1914,vicon_state_data,ball,1,0,1.006835149,-0.694907973,0.784156630,0.000000000,0.000000000,0.000000000,1.000000000,1,-0.822118545,-0.459862671,0.820652020,0.000000000,0.000000000,-0.039466756,0.999220884
1782472912.021708250,338.339416742,1915,vicon_state_data,ball,1,0,1.007478876,-0.690702806,0.786924938,0.000000000,0.000000000,0.000000000,1.000000000,1,-0.822111311,-0.459881841,0.820626616,0.000000000,0.000000000,-0.039535727,0.999218157
1782472912.022032022,338.339740515,1916,vicon_state_data,ball,1,0,1.051555111,-0.697526266,0.780713525,0.000000000,0.000000000,0.000000000,1.000000000,1,-0.822139256,-0.459927227,0.820638381,0.000000000,0.000000000,-0.039407973,0.999223204
1782472912.022370338,338.340078831,1917,vicon_state_data,ball,1,0,1.049626579,-0.761815251,0.741861216,0.000000000,0.000000000,0.000000000,1.000000000,1,-0.822118961,-0.459908030,0.820672137,0.000000000,0.000000000,-0.039283139,0.999228120
1782472912.087879181,338.405587673,1918,vicon_state_data,ball,1,0,0.958712063,-0.750805397,0.752289706,0.000000000,0.000000000,0.000000000,1.000000000,1,-0.822139186,-0.459963394,0.820657126,0.000000000,0.000000000,-0.039425499,0.999222513
1782472912.088540077,338.406248569,1919,vicon_state_data,ball,1,0,1.001468003,-0.540585252,0.879985344,0.000000000,0.000000000,0.000000000,1.000000000,1,-0.822116270,-0.459913704,0.820670371,0.000000000,0.000000000,-0.039451178,0.999221499
1782472912.088907957,338.406616449,1920,vicon_state_data,ball,1,0,1.010631333,-0.754060951,0.745505314,0.000000000,0.000000000,0.000000000,1.000000000,1,-0.822111881,-0.459911708,0.820707238,0.000000000,0.000000000,-0.039392678,0.999223807
1782472912.089245796,338.406954288,1921,vicon_state_data,ball,1,0,1.078234315,-0.790917522,0.723839038,0.000000000,0.000000000,0.000000000,1.000000000,1,-0.822116034,-0.459928022,0.820716084,0.000000000,0.000000000,-0.039386030,0.999224069
1782472912.089579105,338.407287598,1922,vicon_state_data,ball,1,0,1.036120025,-0.736790515,0.756173350,0.000000000,0.000000000,0.000000000,1.000000000,1,-0.822129388,-0.459947296,0.820706549,0.000000000,0.000000000,-0.039348795,0.999225536
1782472912.089895248,338.407603741,1923,vicon_state_data,ball,1,0,0.953353890,-0.655832548,0.808587322,0.000000000,0.000000000,0.000000000,1.000000000,1,-0.822136398,-0.459959962,0.820749990,0.000000000,0.000000000,-0.039350315,0.999225476
1782472912.090233088,338.407941580,1924,vicon_state_data,ball,1,0,1.024245882,-0.661065389,0.804333244,0.000000000,0.000000000,0.000000000,1.000000000,1,-0.822112094,-0.459987181,0.820685651,0.000000000,0.000000000,-0.039503556,0.999219430
1782472912.090550900,338.408259392,1925,vicon_state_data,ball,1,0,1.046983415,-0.749935407,0.747657380,0.000000000,0.000000000,0.000000000,1.000000000,1,-0.822072146,-0.460033092,0.820652047,0.000000000,0.000000000,-0.039338141,0.999225956
1782472912.157995701,338.475704193,1926,vicon_state_data,ball,1,0,1.065604257,-0.722915917,0.765715797,0.000000000,0.000000000,0.000000000,1.000000000,1,-0.822070532,-0.460049569,0.820706153,0.000000000,0.000000000,-0.039307500,0.999227162
1782472912.158552885,338.476261377,1927,vicon_state_data,ball,1,0,0.993332275,-0.642928606,0.816447016,0.000000000,0.000000000,0.000000000,1.000000000,1,-0.822069367,-0.460057197,0.820699277,0.000000000,0.000000000,-0.039244567,0.999229635
1782472912.158853054,338.476561546,1928,vicon_state_data,ball,1,0,1.030925660,-0.752655769,0.748140544,0.000000000,0.000000000,0.000000000,1.000000000,1,-0.822071662,-0.460077586,0.820718394,0.000000000,0.000000000,-0.039317213,0.999226779
1782472912.159233570,338.476942062,1929,vicon_state_data,ball,1,0,1.054728980,-0.737230507,0.756931160,0.000000000,0.000000000,0.000000000,1.000000000,1,-0.822064790,-0.460113043,0.820708079,0.000000000,0.000000000,-0.039315745,0.999226837
1782472912.159563303,338.477271795,1930,vicon_state_data,ball,1,0,0.905638340,-0.540365846,0.878711648,0.000000000,0.000000000,0.000000000,1.000000000,1,-0.822060785,-0.460114511,0.820699618,0.000000000,0.000000000,-0.039266390,0.999228778
1782472912.159866810,338.477575302,1931,vicon_state_data,ball,1,0,0.821591812,-0.131853099,0.854935309,0.000000000,0.000000000,0.000000000,1.000000000,1,-0.822057101,-0.460114422,0.820683420,0.000000000,0.000000000,-0.039335765,0.999226049
1782472912.160166979,338.477875471,1932,vicon_state_data,ball,1,0,0.481622119,0.017179040,1.225935639,0.000000000,0.000000000,0.000000000,1.000000000,1,-0.822051230,-0.460125674,0.820678152,0.000000000,0.000000000,-0.039364374,0.999224923
1782472912.227361679,338.545070171,1933,vicon_state_data,ball,1,0,0.998098866,-0.657827026,0.805815824,0.000000000,0.000000000,0.000000000,1.000000000,1,-0.822070692,-0.460162472,0.820668924,0.000000000,0.000000000,-0.039259507,0.999229048
1782472912.228089333,338.545797825,1934,vicon_state_data,ball,1,0,1.013113862,-0.731288024,0.733906646,0.000000000,0.000000000,0.000000000,1.000000000,1,-0.822064884,-0.460147134,0.820688443,0.000000000,0.000000000,-0.039202815,0.999231274
1782472912.228446007,338.546154499,1935,vicon_state_data,ball,1,0,1.036778610,-0.769997343,0.736524138,0.000000000,0.000000000,0.000000000,1.000000000,1,-0.822069667,-0.460148979,0.820683812,0.000000000,0.000000000,-0.039195889,0.999231546
1782472912.228747845,338.546456337,1936,vicon_state_data,ball,1,0,1.004513740,-0.826499479,0.701584457,0.000000000,0.000000000,0.000000000,1.000000000,1,-0.822096358,-0.460204389,0.820701312,0.000000000,0.000000000,-0.039137040,0.999233853
1782472912.229049444,338.546757936,1937,vicon_state_data,ball,1,0,1.032226193,-0.714928145,0.771635329,0.000000000,0.000000000,0.000000000,1.000000000,1,-0.822063410,-0.460164113,0.820707040,0.000000000,0.000000000,-0.039229599,0.999230223
1782472912.229350328,338.547058821,1938,vicon_state_data,ball,1,0,1.058462976,-0.727527289,0.763066436,0.000000000,0.000000000,0.000000000,1.000000000,1,-0.822068503,-0.460161351,0.820713706,0.000000000,0.000000000,-0.039160528,0.999232932
1782472912.229653358,338.547361851,1939,vicon_state_data,ball,1,0,1.062325041,-0.236407214,0.558019910,0.000000000,0.000000000,0.000000000,1.000000000,1,-0.822101207,-0.460226664,0.820726617,0.000000000,0.000000000,-0.039051986,0.999237180
1782472912.229944944,338.547653437,1940,vicon_state_data,ball,1,0,1.075421341,-0.727627214,0.763765537,0.000000000,0.000000000,0.000000000,1.000000000,1,-0.822069934,-0.460181531,0.820705514,0.000000000,0.000000000,-0.039083648,0.999235942
1782472912.230238676,338.547947168,1941,vicon_state_data,ball,1,0,1.110652320,-0.593656392,0.551360455,0.000000000,0.000000000,0.000000000,1.000000000,1,-0.822114033,-0.460226054,0.820723423,0.000000000,0.000000000,-0.038953650,0.999241019
1782472912.230528831,338.548237324,1942,vicon_state_data,ball,1,0,0.501262157,-0.192126785,0.908741046,0.000000000,0.000000000,0.000000000,1.000000000,1,-0.822072782,-0.460181558,0.820707212,0.000000000,0.000000000,-0.039056786,0.999236993
1782472912.294648886,338.612357378,1943,vicon_state_data,ball,1,0,1.030227293,-0.753287296,0.748213351,0.000000000,0.000000000,0.000000000,1.000000000,1,-0.822018867,-0.460132639,0.820708558,0.000000000,0.000000000,-0.039296196,0.999227606
1782472912.295247078,338.612955570,1944,vicon_state_data,ball,1,0,0.994125882,-0.747966967,0.750485492,0.000000000,0.000000000,0.000000000,1.000000000,1,-0.822018613,-0.460173417,0.820700022,0.000000000,0.000000000,-0.039294763,0.999227663
1782472912.295617819,338.613326311,1945,vicon_state_data,ball,1,0,1.057252496,-0.760562504,0.741586685,0.000000000,0.000000000,0.000000000,1.000000000,1,-0.822034336,-0.460207531,0.820670260,0.000000000,0.000000000,-0.039237939,0.999229896
1782472912.295933723,338.613642216,1946,vicon_state_data,ball,1,0,1.076139579,-0.736121191,0.758744735,0.000000000,0.000000000,0.000000000,1.000000000,1,-0.822037182,-0.460196109,0.820671264,0.000000000,0.000000000,-0.039261854,0.999228956
1782472912.296258450,338.613966942,1947,vicon_state_data,ball,1,0,1.046067438,-0.726601350,0.763781868,0.000000000,0.000000000,0.000000000,1.000000000,1,-0.822030928,-0.460199289,0.820633734,0.000000000,0.000000000,-0.039270183,0.999228629
1782472912.360849380,338.678557873,1948,vicon_state_data,ball,1,0,1.024824962,-0.752938076,0.746179763,0.000000000,0.000000000,0.000000000,1.000000000,1,-0.822037023,-0.460229588,0.820689735,0.000000000,0.000000000,-0.039281859,0.999228170
1782472912.361451149,338.679159641,1949,vicon_state_data,ball,1,0,1.066443520,-0.706705578,0.777199628,0.000000000,0.000000000,0.000000000,1.000000000,1,-0.822016050,-0.460218827,0.820691795,0.000000000,0.000000000,-0.039360702,0.999225067
1782472912.361763000,338.679471493,1950,vicon_state_data,ball,1,0,0.957719760,-0.714816893,0.709086781,0.000000000,0.000000000,0.000000000,1.000000000,1,-0.822026307,-0.460251952,0.820700432,0.000000000,0.000000000,-0.039329293,0.999226304
1782472912.362034798,338.679743290,1951,vicon_state_data,ball,1,0,1.016756533,-0.678699903,0.664979276,0.000000000,0.000000000,0.000000000,1.000000000,1,-0.822011241,-0.460244636,0.820686443,0.000000000,0.000000000,-0.039373379,0.999224568
1782472912.362355232,338.680063725,1952,vicon_state_data,ball,1,0,1.046338559,-0.221399480,0.570081365,0.000000000,0.000000000,0.000000000,1.000000000,1,-0.822061855,-0.460326965,0.820695880,0.000000000,0.000000000,-0.039167996,0.999232640
1782472912.362661362,338.680369854,1953,vicon_state_data,ball,1,0,1.025860562,-0.320308526,1.014654072,0.000000000,0.000000000,0.000000000,1.000000000,1,-0.822028037,-0.460286789,0.820659863,0.000000000,0.000000000,-0.039273263,0.999228508
1782472912.362958193,338.680666685,1954,vicon_state_data,ball,1,0,0.458920088,0.016868936,1.226052974,0.000000000,0.000000000,0.000000000,1.000000000,1,-0.822030471,-0.460280655,0.820654071,0.000000000,0.000000000,-0.039285451,0.999228029
1782472912.429243326,338.746951818,1955,vicon_state_data,ball,1,0,1.083231746,-0.743775018,0.753045128,0.000000000,0.000000000,0.000000000,1.000000000,1,-0.821995074,-0.460286328,0.820703507,0.000000000,0.000000000,-0.039307702,0.999227154
1782472912.429912567,338.747621059,1956,vicon_state_data,ball,1,0,1.081441301,-0.781380559,0.730702409,0.000000000,0.000000000,0.000000000,1.000000000,1,-0.822005689,-0.460307842,0.820689875,0.000000000,0.000000000,-0.039355622,0.999225267
1782472912.430274010,338.747982502,1957,vicon_state_data,ball,1,0,1.065703202,-0.742266777,0.753393363,0.000000000,0.000000000,0.000000000,1.000000000,1,-0.822009030,-0.460310653,0.820679712,0.000000000,0.000000000,-0.039317278,0.999226777
1782472912.430589676,338.748298168,1958,vicon_state_data,ball,1,0,1.018306799,-0.692254332,0.676012235,0.000000000,0.000000000,0.000000000,1.000000000,1,-0.822002221,-0.460297781,0.820690680,0.000000000,0.000000000,-0.039320621,0.999226645
1782472912.430890560,338.748599052,1959,vicon_state_data,ball,1,0,1.049491530,-0.718848146,0.768760316,0.000000000,0.000000000,0.000000000,1.000000000,1,-0.822014451,-0.460326006,0.820680554,0.000000000,0.000000000,-0.039365590,0.999224875
1782472912.431268930,338.748977423,1960,vicon_state_data,ball,1,0,0.979304098,-0.738549682,0.732414276,0.000000000,0.000000000,0.000000000,1.000000000,1,-0.822001821,-0.460345685,0.820690767,0.000000000,0.000000000,-0.039361527,0.999225035
1782472912.431652308,338.749360800,1961,vicon_state_data,ball,1,0,0.498683205,0.015394042,1.225112716,0.000000000,0.000000000,0.000000000,1.000000000,1,-0.821991195,-0.460341165,0.820680743,0.000000000,0.000000000,-0.039506153,0.999219327
1782472912.431967258,338.749675751,1962,vicon_state_data,ball,1,0,1.368956417,0.090208546,0.882398759,0.000000000,0.000000000,0.000000000,1.000000000,1,-0.822172485,-0.460449423,0.820837313,0.000000000,0.000000000,-0.040027165,0.999198592
1782472912.496633530,338.814342022,1963,vicon_state_data,ball,1,0,0.491393297,0.019097276,1.226438449,0.000000000,0.000000000,0.000000000,1.000000000,1,-0.822089301,-0.460339375,0.820748153,0.000000000,0.000000000,-0.039387605,0.999224007
1782472912.497234583,338.814943075,1964,vicon_state_data,ball,1,0,1.078664126,-0.750864043,0.748705067,0.000000000,0.000000000,0.000000000,1.000000000,1,-0.822076748,-0.460327959,0.820715527,0.000000000,0.000000000,-0.039371324,0.999224649
1782472912.497589588,338.815298080,1965,vicon_state_data,ball,1,0,0.467494786,0.016534835,1.226229632,0.000000000,0.000000000,0.000000000,1.000000000,1,-0.822070872,-0.460344600,0.820714425,0.000000000,0.000000000,-0.039376115,0.999224460
1782472912.497914553,338.815623045,1966,vicon_state_data,ball,1,0,1.044367751,-0.221982257,0.569870021,0.000000000,0.000000000,0.000000000,1.000000000,1,-0.822049021,-0.460339307,0.820691946,0.000000000,0.000000000,-0.039341533,0.999225822
1782472912.498252869,338.815961361,1967,vicon_state_data,ball,1,0,1.370669001,0.084123284,0.880791274,0.000000000,0.000000000,0.000000000,1.000000000,1,-0.822036415,-0.460317357,0.820689107,0.000000000,0.000000000,-0.039334552,0.999226097
1782472912.498573303,338.816281796,1968,vicon_state_data,ball,1,0,1.044823558,-0.222719230,0.569245477,0.000000000,0.000000000,0.000000000,1.000000000,1,-0.822040902,-0.460322544,0.820696552,0.000000000,0.000000000,-0.039347801,0.999225575
1782472912.498884678,338.816593170,1969,vicon_state_data,ball,1,0,1.371377008,0.209064991,0.883107766,0.000000000,0.000000000,0.000000000,1.000000000,1,-0.822023495,-0.460276464,0.820692467,0.000000000,0.000000000,-0.039303894,0.999227303
1782472912.499189615,338.816898108,1970,vicon_state_data,ball,1,0,1.021921156,-0.692841956,0.682016490,0.000000000,0.000000000,0.000000000,1.000000000,1,-0.822079825,-0.460320642,0.820705694,0.000000000,0.000000000,-0.039390842,0.999223880
1782472912.564481258,338.882189751,1971,vicon_state_data,ball,1,0,1.074409204,-0.762871671,0.741494761,0.000000000,0.000000000,0.000000000,1.000000000,1,-0.822058326,-0.460284389,0.820688135,0.000000000,0.000000000,-0.039407734,0.999223214
1782472912.565012455,338.882720947,1972,vicon_state_data,ball,1,0,1.074522032,-0.753940058,0.746834493,0.000000000,0.000000000,0.000000000,1.000000000,1,-0.822036405,-0.460270264,0.820671140,0.000000000,0.000000000,-0.039402355,0.999223426
1782472912.565322638,338.883031130,1973,vicon_state_data,ball,1,0,0.791999540,-0.069806136,0.802829288,0.000000000,0.000000000,0.000000000,1.000000000,1,-0.822036555,-0.460270693,0.820654279,0.000000000,0.000000000,-0.039363236,0.999224967
1782472912.565695524,338.883404016,1974,vicon_state_data,ball,1,0,0.829504222,-0.088990834,0.820217932,0.000000000,0.000000000,0.000000000,1.000000000,1,-0.822021644,-0.460266875,0.820663285,0.000000000,0.000000000,-0.039279241,0.999228273
1782472912.566012144,338.883720636,1975,vicon_state_data,ball,1,0,1.025786426,-0.685841456,0.790245787,0.000000000,0.000000000,0.000000000,1.000000000,1,-0.822026690,-0.460270626,0.820662438,0.000000000,0.000000000,-0.039355045,0.999225290
1782472912.566333532,338.884042025,1976,vicon_state_data,ball,1,0,1.047707259,-0.226137828,0.565988257,0.000000000,0.000000000,0.000000000,1.000000000,1,-0.822024448,-0.460274037,0.820675825,0.000000000,0.000000000,-0.039303802,0.999227307
1782472912.566662073,338.884370565,1977,vicon_state_data,ball,1,0,1.369774421,0.060124464,0.883335503,0.000000000,0.000000000,0.000000000,1.000000000,1,-0.822266430,-0.460441301,0.820846305,0.000000000,0.000000000,-0.039896134,0.999203832
1782472912.631374836,338.949083328,1978,vicon_state_data,ball,1,0,1.103676812,-0.859943051,0.682341669,0.000000000,0.000000000,0.000000000,1.000000000,1,-0.822061759,-0.460276888,0.820679555,0.000000000,0.000000000,-0.039359826,0.999225102
1782472912.631998062,338.949706554,1979,vicon_state_data,ball,1,0,0.432117955,0.015255796,1.225557163,0.000000000,0.000000000,0.000000000,1.000000000,1,-0.822042775,-0.460276904,0.820647185,0.000000000,0.000000000,-0.039381099,0.999224264
1782472912.632361889,338.950070381,1980,vicon_state_data,ball,1,0,1.035920321,-0.751600483,0.748444066,0.000000000,0.000000000,0.000000000,1.000000000,1,-0.822041925,-0.460252914,0.820626724,0.000000000,0.000000000,-0.039350504,0.999225469
1782472912.632686377,338.950394869,1981,vicon_state_data,ball,1,0,1.052293941,-0.227595250,0.565161556,0.000000000,0.000000000,0.000000000,1.000000000,1,-0.822058298,-0.460268573,0.820662959,0.000000000,0.000000000,-0.039231126,0.999230163
1782472912.633017540,338.950726032,1982,vicon_state_data,ball,1,0,0.970636279,-0.681525045,0.666126987,0.000000000,0.000000000,0.000000000,1.000000000,1,-0.822063503,-0.460307422,0.820674252,0.000000000,0.000000000,-0.039226133,0.999230359
1782472912.633337021,338.951045513,1983,vicon_state_data,ball,1,0,1.371106569,0.137422414,0.880880343,0.000000000,0.000000000,0.000000000,1.000000000,1,-0.822069959,-0.460330640,0.820652178,0.000000000,0.000000000,-0.039204527,0.999231207
1782472912.698830128,339.016538620,1984,vicon_state_data,ball,1,0,1.021644468,-0.681400150,0.663672962,0.000000000,0.000000000,0.000000000,1.000000000,1,-0.822074101,-0.460329434,0.820636696,0.000000000,0.000000000,-0.039202426,0.999231289
1782472912.699424028,339.017132521,1985,vicon_state_data,ball,1,0,1.078484577,-0.751428399,0.748850581,0.000000000,0.000000000,0.000000000,1.000000000,1,-0.822079637,-0.460345981,0.820652825,0.000000000,0.000000000,-0.039224617,0.999230419
1782472912.699777842,339.017486334,1986,vicon_state_data,ball,1,0,1.369280200,0.110101453,0.881479355,0.000000000,0.000000000,0.000000000,1.000000000,1,-0.822063706,-0.460306806,0.820638972,0.000000000,0.000000000,-0.039269289,0.999228664
1782472912.700102091,339.017810583,1987,vicon_state_data,ball,1,0,1.082954577,-0.763795217,0.740086463,0.000000000,0.000000000,0.000000000,1.000000000,1,-0.822072691,-0.460304641,0.820664565,0.000000000,0.000000000,-0.039192495,0.999231679
1782472912.700420380,339.018128872,1988,vicon_state_data,ball,1,0,1.072623621,-0.761910836,0.742558387,0.000000000,0.000000000,0.000000000,1.000000000,1,-0.822085831,-0.460300228,0.820666490,0.000000000,0.000000000,-0.039206903,0.999231114
1782472912.700733662,339.018442154,1989,vicon_state_data,ball,1,0,1.370094999,0.074646176,0.883393155,0.000000000,0.000000000,0.000000000,1.000000000,1,-0.822272817,-0.460431554,0.820809258,0.000000000,0.000000000,-0.039743855,0.999209901
1782472912.701050282,339.018758774,1990,vicon_state_data,ball,1,0,0.486697501,0.015270298,1.226016750,0.000000000,0.000000000,0.000000000,1.000000000,1,-0.822146448,-0.460334434,0.820725326,0.000000000,0.000000000,-0.039261933,0.999228953
1782472912.701359510,339.019068003,1991,vicon_state_data,ball,1,0,1.050500378,-0.752109231,0.749938173,0.000000000,0.000000000,0.000000000,1.000000000,1,-0.822128798,-0.460305501,0.820675698,0.000000000,0.000000000,-0.039244799,0.999229626
1782472912.770055532,339.087764025,1992,vicon_state_data,ball,1,0,0.480324924,0.014571616,1.225557123,0.000000000,0.000000000,0.000000000,1.000000000,1,-0.822122089,-0.460294556,0.820656696,0.000000000,0.000000000,-0.039244614,0.999229633
1782472912.770644665,339.088353157,1993,vicon_state_data,ball,1,0,0.527623376,0.019694559,1.226346514,0.000000000,0.000000000,0.000000000,1.000000000,1,-0.822129840,-0.460308914,0.820664906,0.000000000,0.000000000,-0.039174539,0.999232383
1782472912.770953655,339.088662148,1994,vicon_state_data,ball,1,0,1.015370868,-0.681555662,0.667834107,0.000000000,0.000000000,0.000000000,1.000000000,1,-0.822121533,-0.460279198,0.820653744,0.000000000,0.000000000,-0.039169890,0.999232565
1782472912.771318674,339.089027166,1995,vicon_state_data,ball,1,0,1.042424802,-0.709460263,0.700407639,0.000000000,0.000000000,0.000000000,1.000000000,1,-0.822126257,-0.460240230,0.820678182,0.000000000,0.000000000,-0.039186423,0.999231917
1782472912.771629572,339.089338064,1996,vicon_state_data,ball,1,0,1.355254360,0.234214743,0.927250921,0.000000000,0.000000000,0.000000000,1.000000000,1,-0.822132986,-0.460243482,0.820683485,0.000000000,0.000000000,-0.039174569,0.999232382
1782472912.771929502,339.089637995,1997,vicon_state_data,ball,1,0,0.512571378,0.016620705,1.226818063,0.000000000,0.000000000,0.000000000,1.000000000,1,-0.822132866,-0.460241745,0.820695350,0.000000000,0.000000000,-0.039234924,0.999230014
1782472912.772222042,339.089930534,1998,vicon_state_data,ball,1,0,1.035268708,-0.710148250,0.694316733,0.000000000,0.000000000,0.000000000,1.000000000,1,-0.822139750,-0.460226135,0.820677970,0.000000000,0.000000000,-0.039271435,0.999228580
1782472912.772529125,339.090237617,1999,vicon_state_data,ball,1,0,1.083289348,-0.249043437,0.549108290,0.000000000,0.000000000,0.000000000,1.000000000,1,-0.822198547,-0.460266842,0.820742523,0.000000000,0.000000000,-0.039598343,0.999215678
1782472912.772841215,339.090549707,2000,vicon_state_data,ball,1,0,0.824049059,-0.086322968,0.816324819,0.000000000,0.000000000,0.000000000,1.000000000,1,-0.822209518,-0.460274540,0.820739156,0.000000000,0.000000000,-0.039552014,0.999217513
1782472912.838366508,339.156075001,2001,vicon_state_data,ball,1,0,0.480384877,0.014532781,1.226042528,0.000000000,0.000000000,0.000000000,1.000000000,1,-0.822208380,-0.460263370,0.820764475,0.000000000,0.000000000,-0.039610049,0.999215214
1782472912.838943005,339.156651497,2002,vicon_state_data,ball,1,0,1.038730654,-0.703035369,0.691683153,0.000000000,0.000000000,0.000000000,1.000000000,1,-0.822210372,-0.460259235,0.820747090,0.000000000,0.000000000,-0.039546691,0.999217724
1782472912.839298487,339.157006979,2003,vicon_state_data,ball,1,0,0.422123668,0.090967514,1.274378094,0.000000000,0.000000000,0.000000000,1.000000000,1,-0.822194148,-0.460233763,0.820734398,0.000000000,0.000000000,-0.039541004,0.999217949
1782472912.839612484,339.157320976,2004,vicon_state_data,ball,1,0,0.465597438,0.017222538,1.226200824,0.000000000,0.000000000,0.000000000,1.000000000,1,-0.822185204,-0.460238032,0.820705541,0.000000000,0.000000000,-0.039472041,0.999220675
1782472912.839915514,339.157624006,2005,vicon_state_data,ball,1,0,0.781551142,-0.133552766,0.857999513,0.000000000,0.000000000,0.000000000,1.000000000,1,-0.822190594,-0.460230362,0.820714760,0.000000000,0.000000000,-0.039366817,0.999224826
1782472912.840214252,339.157922745,2006,vicon_state_data,ball,1,0,1.041456612,-0.321667008,1.013740694,0.000000000,0.000000000,0.000000000,1.000000000,1,-0.822166997,-0.460197014,0.820691082,0.000000000,0.000000000,-0.039289829,0.999227857
1782472912.840512753,339.158221245,2007,vicon_state_data,ball,1,0,1.370949894,0.195479006,0.881314307,0.000000000,0.000000000,0.000000000,1.000000000,1,-0.822175376,-0.460204670,0.820705231,0.000000000,0.000000000,-0.039325037,0.999226472
1782472912.840799332,339.158507824,2008,vicon_state_data,ball,1,0,1.096753797,-0.824845597,0.702325175,0.000000000,0.000000000,0.000000000,1.000000000,1,-0.822167013,-0.460213327,0.820684359,0.000000000,0.000000000,-0.039315328,0.999226854
1782472912.841086626,339.158795118,2009,vicon_state_data,ball,1,0,1.370391119,0.108070691,0.879474067,0.000000000,0.000000000,0.000000000,1.000000000,1,-0.822166800,-0.460182640,0.820658090,0.000000000,0.000000000,-0.039356466,0.999225234
1782472912.905954838,339.223663330,2010,vicon_state_data,ball,1,0,1.370224361,0.072455173,0.882570854,0.000000000,0.000000000,0.000000000,1.000000000,1,-0.822397539,-0.460323354,0.820850362,0.000000000,0.000000000,-0.039959563,0.999201298
1782472912.906619787,339.224328279,2011,vicon_state_data,ball,1,0,1.035299111,-0.215916616,0.575170901,0.000000000,0.000000000,0.000000000,1.000000000,1,-0.822403330,-0.460325759,0.820832534,0.000000000,0.000000000,-0.040033942,0.999198320
1782472912.906954288,339.224662781,2012,vicon_state_data,ball,1,0,1.071317795,-0.752038966,0.748018072,0.000000000,0.000000000,0.000000000,1.000000000,1,-0.822374181,-0.460290731,0.820829545,0.000000000,0.000000000,-0.039970198,0.999200872
1782472912.907262325,339.224970818,2013,vicon_state_data,ball,1,0,0.907385750,-0.081306312,0.680147188,0.000000000,0.000000000,0.000000000,1.000000000,1,-0.822390741,-0.460297272,0.820834073,0.000000000,0.000000000,-0.039902010,0.999203598
1782472912.907562494,339.225270987,2014,vicon_state_data,ball,1,0,1.153391639,-0.704816962,0.775901302,0.000000000,0.000000000,0.000000000,1.000000000,1,-0.822246522,-0.460178110,0.820740428,0.000000000,0.000000000,-0.039429467,0.999222356
1782472912.907860279,339.225568771,2015,vicon_state_data,ball,1,0,1.059216273,-0.754486494,0.747464024,0.000000000,0.000000000,0.000000000,1.000000000,1,-0.822265113,-0.460197104,0.820737036,0.000000000,0.000000000,-0.039430150,0.999222329
1782472912.908173561,339.225882053,2016,vicon_state_data,ball,1,0,1.075246683,-0.775205105,0.734748072,0.000000000,0.000000000,0.000000000,1.000000000,1,-0.822393619,-0.460284988,0.820826859,0.000000000,0.000000000,-0.039918549,0.999202937
1782472912.908484459,339.226192951,2017,vicon_state_data,ball,1,0,1.369326671,0.102483384,0.881221998,0.000000000,0.000000000,0.000000000,1.000000000,1,-0.822396627,-0.460277474,0.820819540,0.000000000,0.000000000,-0.039856555,0.999205412
1782472912.908802271,339.226510763,2018,vicon_state_data,ball,1,0,0.831607424,-0.189958675,0.905656396,0.000000000,0.000000000,0.000000000,1.000000000,1,-0.822269263,-0.460202206,0.820722400,0.000000000,0.000000000,-0.039421612,0.999222666
1782472912.977704048,339.295412540,2019,vicon_state_data,ball,1,0,1.370405797,0.109627244,0.880741369,0.000000000,0.000000000,0.000000000,1.000000000,1,-0.822478136,-0.460291133,0.820831925,0.000000000,0.000000000,-0.039771439,0.999208803
1782472912.978317022,339.296025515,2020,vicon_state_data,ball,1,0,1.370348974,0.103286713,0.883949490,0.000000000,0.000000000,0.000000000,1.000000000,1,-0.822464943,-0.460251730,0.820839212,0.000000000,0.000000000,-0.039667372,0.999212940
1782472912.978681326,339.296389818,2021,vicon_state_data,ball,1,0,1.371187609,0.296867746,0.884623847,0.000000000,0.000000000,0.000000000,1.000000000,1,-0.822493642,-0.460244217,0.820854676,0.000000000,0.000000000,-0.039735036,0.999210252
1782472912.978990078,339.296698570,2022,vicon_state_data,ball,1,0,1.370812966,0.095729152,0.880042687,0.000000000,0.000000000,0.000000000,1.000000000,1,-0.822500858,-0.460243707,0.820876199,0.000000000,0.000000000,-0.039680677,0.999212412
1782472912.980912924,339.298621416,2023,vicon_state_data,ball,1,0,1.369144040,0.199976528,0.879096841,0.000000000,0.000000000,0.000000000,1.000000000,1,-0.822512618,-0.460227570,0.820868378,0.000000000,0.000000000,-0.039718357,0.999210915
1782472912.982801437,339.300509930,2024,vicon_state_data,ball,1,0,1.370039129,0.075249883,0.883500048,0.000000000,0.000000000,0.000000000,1.000000000,1,-0.822496187,-0.460195237,0.820869410,0.000000000,0.000000000,-0.039763689,0.999209112
1782472912.984647274,339.302355766,2025,vicon_state_data,ball,1,0,1.370175978,0.335248671,0.881712292,0.000000000,0.000000000,0.000000000,1.000000000,1,-0.822480178,-0.460123397,0.820832534,0.000000000,0.000000000,-0.039692412,0.999211946
1782472912.986575127,339.304283619,2026,vicon_state_data,ball,1,0,1.017319168,-0.722376568,0.714482491,0.000000000,0.000000000,0.000000000,1.000000000,1,-0.822500726,-0.460118209,0.820807048,0.000000000,0.000000000,-0.039618208,0.999214891
1782472913.052552938,339.370261431,2027,vicon_state_data,ball,1,0,0.990051048,-0.672544306,0.651798648,0.000000000,0.000000000,0.000000000,1.000000000,1,-0.822543753,-0.460117202,0.820813169,0.000000000,0.000000000,-0.039630350,0.999214409
1782472913.053463697,339.371172190,2028,vicon_state_data,ball,1,0,0.526973157,0.137082165,0.853730223,0.000000000,0.000000000,0.000000000,1.000000000,1,-0.822503539,-0.460088649,0.820816141,0.000000000,0.000000000,-0.039652869,0.999213516
1782472913.054097414,339.371805906,2029,vicon_state_data,ball,1,0,1.370629616,0.074485867,0.882651924,0.000000000,0.000000000,0.000000000,1.000000000,1,-0.822522507,-0.460089382,0.820802435,0.000000000,0.000000000,-0.039704444,0.999211468
1782472913.054686785,339.372395277,2030,vicon_state_data,ball,1,0,1.370442754,0.083831733,0.881428010,0.000000000,0.000000000,0.000000000,1.000000000,1,-0.822529052,-0.460103117,0.820809877,0.000000000,0.000000000,-0.039712228,0.999211158
1782472913.055294991,339.373003483,2031,vicon_state_data,ball,1,0,1.369966908,0.085157746,0.882401096,0.000000000,0.000000000,0.000000000,1.000000000,1,-0.822505709,-0.460075549,0.820826047,0.000000000,0.000000000,-0.039794102,0.999207901
1782472913.055882454,339.373590946,2032,vicon_state_data,ball,1,0,1.598006983,-0.060894005,1.167904773,0.000000000,0.000000000,0.000000000,1.000000000,1,-0.822508179,-0.460054334,0.820802559,0.000000000,0.000000000,-0.039787544,0.999208162
1782472913.129095078,339.446803570,2033,vicon_state_data,ball,1,0,1.448696325,0.307475044,0.979064532,0.000000000,0.000000000,0.000000000,1.000000000,1,-0.822556863,-0.460064905,0.820848124,0.000000000,0.000000000,-0.039940803,0.999202048
1782472913.130141973,339.447850466,2034,vicon_state_data,ball,1,0,1.157186233,-0.737966998,0.757121046,0.000000000,0.000000000,0.000000000,1.000000000,1,-0.822517625,-0.460014666,0.820835566,0.000000000,0.000000000,-0.039931877,0.999202405
1782472913.130647898,339.448356390,2035,vicon_state_data,ball,1,0,1.042316509,-0.706292292,0.695067398,0.000000000,0.000000000,0.000000000,1.000000000,1,-0.822552542,-0.460028299,0.820885760,0.000000000,0.000000000,-0.039975496,0.999200660
1782472913.130976677,339.448685169,2036,vicon_state_data,ball,1,0,1.315064194,-0.137640605,1.040797103,0.000000000,0.000000000,0.000000000,1.000000000,1,-0.822512516,-0.459989951,0.820822730,0.000000000,0.000000000,-0.039886252,0.999204227
1782472913.131292582,339.449001074,2037,vicon_state_data,ball,1,0,1.370877558,0.128215016,0.883604812,0.000000000,0.000000000,0.000000000,1.000000000,1,-0.822547503,-0.460012568,0.820846734,0.000000000,0.000000000,-0.039899413,0.999203701
1782472913.131589651,339.449298143,2038,vicon_state_data,ball,1,0,1.370880670,0.137322336,0.880816780,0.000000000,0.000000000,0.000000000,1.000000000,1,-0.822543431,-0.460016424,0.820825781,0.000000000,0.000000000,-0.039905193,0.999203471
1782472913.131915331,339.449623823,2039,vicon_state_data,ball,1,0,1.783408691,-0.509113807,0.891388142,0.000000000,0.000000000,0.000000000,1.000000000,1,-0.822533850,-0.460004356,0.820818660,0.000000000,0.000000000,-0.039921522,0.999202818
1782472913.132219553,339.449928045,2040,vicon_state_data,ball,1,0,1.846773146,-0.416823411,0.948815973,0.000000000,0.000000000,0.000000000,1.000000000,1,-0.822548022,-0.460012398,0.820812814,0.000000000,0.000000000,-0.039898032,0.999203757
1782472913.132511377,339.450219870,2041,vicon_state_data,ball,1,0,1.145303665,-0.722238599,0.766259047,0.000000000,0.000000000,0.000000000,1.000000000,1,-0.822559392,-0.460023600,0.820823361,0.000000000,0.000000000,-0.039944682,0.999201893
1782472913.132866859,339.450575352,2042,vicon_state_data,ball,1,0,1.317555169,-0.142257031,1.034489994,0.000000000,0.000000000,0.000000000,1.000000000,1,-0.822535971,-0.459944328,0.820873345,0.000000000,0.000000000,-0.039672896,0.999212721
1782472913.133186340,339.450894833,2043,vicon_state_data,ball,1,0,1.373116715,0.064392629,0.886101708,0.000000000,0.000000000,0.000000000,1.000000000,1,-0.822539328,-0.459944918,0.820876372,0.000000000,0.000000000,-0.039644372,0.999213853
1782472913.200231791,339.517940283,2044,vicon_state_data,ball,1,0,1.372270604,0.321814620,0.882184334,0.000000000,0.000000000,0.000000000,1.000000000,1,-0.822564553,-0.459980501,0.820865715,0.000000000,0.000000000,-0.039709634,0.999211261
1782472913.200811625,339.518520117,2045,vicon_state_data,ball,1,0,1.370614727,0.319974839,0.881621145,0.000000000,0.000000000,0.000000000,1.000000000,1,-0.822535741,-0.459939815,0.820862904,0.000000000,0.000000000,-0.039642791,0.999213916
1782472913.201136351,339.518844843,2046,vicon_state_data,ball,1,0,1.837081832,-0.460723286,0.921232881,0.000000000,0.000000000,0.000000000,1.000000000,1,-0.822543421,-0.459941119,0.820859296,0.000000000,0.000000000,-0.039597761,0.999215701
1782472913.201444387,339.519152880,2047,vicon_state_data,ball,1,0,1.815519487,-0.495974994,0.900465729,0.000000000,0.000000000,0.000000000,1.000000000,1,-0.822565895,-0.459981000,0.820837791,0.000000000,0.000000000,-0.039698680,0.999211697
1782472913.201737642,339.519446135,2048,vicon_state_data,ball,1,0,1.777096205,-0.501936967,0.896921456,0.000000000,0.000000000,0.000000000,1.000000000,1,-0.822549448,-0.459930938,0.820826753,0.000000000,0.000000000,-0.039651505,0.999213570
1782472913.202038288,339.519746780,2049,vicon_state_data,ball,1,0,1.568908938,-0.117379794,1.134324920,0.000000000,0.000000000,0.000000000,1.000000000,1,-0.822559191,-0.459947915,0.820861233,0.000000000,0.000000000,-0.039506561,0.999219311
1782472913.202333689,339.520042181,2050,vicon_state_data,ball,1,0,1.805472897,-0.439308434,0.936942358,0.000000000,0.000000000,0.000000000,1.000000000,1,-0.822560359,-0.459940381,0.820826614,0.000000000,0.000000000,-0.039612020,0.999215136
1782472913.202625036,339.520333529,2051,vicon_state_data,ball,1,0,0.522883784,0.138359922,0.854736409,0.000000000,0.000000000,0.000000000,1.000000000,1,-0.822542785,-0.459918358,0.820808076,0.000000000,0.000000000,-0.039573325,0.999216669
1782472913.202905655,339.520614147,2052,vicon_state_data,ball,1,0,1.370069006,0.073515714,0.882472260,0.000000000,0.000000000,0.000000000,1.000000000,1,-0.822544110,-0.459902686,0.820813245,0.000000000,0.000000000,-0.039511094,0.999219132
1782472913.203188896,339.520897388,2053,vicon_state_data,ball,1,0,1.370469912,0.108664817,0.880089663,0.000000000,0.000000000,0.000000000,1.000000000,1,-0.822557297,-0.459925892,0.820809496,0.000000000,0.000000000,-0.039605206,0.999215406
1782472913.269237757,339.586946249,2054,vicon_state_data,ball,1,0,1.804779029,-0.445621123,0.931710038,0.000000000,0.000000000,0.000000000,1.000000000,1,-0.822602935,-0.459926227,0.820877591,0.000000000,0.000000000,-0.039422586,0.999222628
1782472913.269829988,339.587538481,2055,vicon_state_data,ball,1,0,1.785915109,-0.437499075,0.936941171,0.000000000,0.000000000,0.000000000,1.000000000,1,-0.822584035,-0.459892022,0.820865806,0.000000000,0.000000000,-0.039393708,0.999223767
1782472913.270167351,339.587875843,2056,vicon_state_data,ball,1,0,1.370841024,0.082088482,0.879225362,0.000000000,0.000000000,0.000000000,1.000000000,1,-0.822616469,-0.459933946,0.820886916,0.000000000,0.000000000,-0.039518730,0.999218830
1782472913.271971941,339.589680433,2057,vicon_state_data,ball,1,0,1.365646027,0.076846748,0.892828636,0.000000000,0.000000000,0.000000000,1.000000000,1,-0.822590643,-0.459891124,0.820874857,0.000000000,0.000000000,-0.039442689,0.999221834
1782472913.273638725,339.591347218,2058,vicon_state_data,ball,1,0,1.371275633,0.199443485,0.878048256,0.000000000,0.000000000,0.000000000,1.000000000,1,-0.822624841,-0.459910954,0.820877200,0.000000000,0.000000000,-0.039417575,0.999222825
1782472913.275382519,339.593091011,2059,vicon_state_data,ball,1,0,1.371151568,0.220087729,0.884488676,0.000000000,0.000000000,0.000000000,1.000000000,1,-0.822595197,-0.459858139,0.820849796,0.000000000,0.000000000,-0.039500351,0.999219557
1782472913.277275085,339.594983578,2060,vicon_state_data,ball,1,0,1.369776131,0.097871036,0.881030343,0.000000000,0.000000000,0.000000000,1.000000000,1,-0.822606091,-0.459879494,0.820872553,0.000000000,0.000000000,-0.039423691,0.999222584
1782472913.279124975,339.596833467,2061,vicon_state_data,ball,1,0,1.370302917,0.086636807,0.880403474,0.000000000,0.000000000,0.000000000,1.000000000,1,-0.822595205,-0.459852294,0.820843611,0.000000000,0.000000000,-0.039401708,0.999223451
1782472913.280996799,339.598705292,2062,vicon_state_data,ball,1,0,1.370906632,0.095948873,0.880342121,0.000000000,0.000000000,0.000000000,1.000000000,1,-0.822623540,-0.459871740,0.820846949,0.000000000,0.000000000,-0.039415074,0.999222924
1782472913.282845020,339.600553513,2063,vicon_state_data,ball,1,0,1.370705268,0.128155326,0.884801651,0.000000000,0.000000000,0.000000000,1.000000000,1,-0.822615421,-0.459787848,0.820841267,0.000000000,0.000000000,-0.039529024,0.999218423
1782472913.286242723,339.603951216,2064,vicon_state_data,ball,1,0,1.370232381,0.060587751,0.882160172,0.000000000,0.000000000,0.000000000,1.000000000,1,-0.822618059,-0.459760495,0.820878563,0.000000000,0.000000000,-0.039530458,0.999218366
1782472913.289422750,339.607131243,2065,vicon_state_data,ball,1,0,1.370003900,0.084200060,0.882443668,0.000000000,0.000000000,0.000000000,1.000000000,1,-0.822620881,-0.459750426,0.820855787,0.000000000,0.000000000,-0.039584200,0.999216238
1782472913.292834044,339.610542536,2066,vicon_state_data,ball,1,0,1.595080956,0.013423616,1.216979826,0.000000000,0.000000000,0.000000000,1.000000000,1,-0.822639264,-0.459763932,0.820865171,0.000000000,0.000000000,-0.039565299,0.999216987
1782472913.296014786,339.613723278,2067,vicon_state_data,ball,1,0,1.370727467,0.104319774,0.884459924,0.000000000,0.000000000,0.000000000,1.000000000,1,-0.822656807,-0.459750369,0.820868659,0.000000000,0.000000000,-0.039597894,0.999215696
1782472913.363856554,339.681565046,2068,vicon_state_data,ball,1,0,1.312576567,-0.145651161,1.054002721,0.000000000,0.000000000,0.000000000,1.000000000,1,-0.822639493,-0.459714597,0.820849301,0.000000000,0.000000000,-0.039568823,0.999216847
1782472913.367157698,339.684866190,2069,vicon_state_data,ball,1,0,1.174959889,-0.763847514,0.741339277,0.000000000,0.000000000,0.000000000,1.000000000,1,-0.822654815,-0.459733991,0.820818681,0.000000000,0.000000000,-0.039561264,0.999217147
1782472913.367488623,339.685197115,2070,vicon_state_data,ball,1,0,1.370931285,0.081633622,0.879501505,0.000000000,0.000000000,0.000000000,1.000000000,1,-0.822633999,-0.459714162,0.820808091,0.000000000,0.000000000,-0.039621610,0.999214756
1782472913.367747784,339.685456276,2071,vicon_state_data,ball,1,0,1.012328764,-0.714621055,0.705036211,0.000000000,0.000000000,0.000000000,1.000000000,1,-0.822633390,-0.459732973,0.820803639,0.000000000,0.000000000,-0.039558447,0.999217258
1782472913.368058681,339.685767174,2072,vicon_state_data,ball,1,0,1.369504292,0.085169465,0.881909405,0.000000000,0.000000000,0.000000000,1.000000000,1,-0.822632786,-0.459692059,0.820787009,0.000000000,0.000000000,-0.039571665,0.999216735
1782472913.368365288,339.686073780,2073,vicon_state_data,ball,1,0,1.370397085,0.103714188,0.884802590,0.000000000,0.000000000,0.000000000,1.000000000,1,-0.822650137,-0.459706701,0.820804877,0.000000000,0.000000000,-0.039698769,0.999211693
1782472913.368661165,339.686369658,2074,vicon_state_data,ball,1,0,1.371131951,0.138079375,0.881251595,0.000000000,0.000000000,0.000000000,1.000000000,1,-0.822641337,-0.459667223,0.820813084,0.000000000,0.000000000,-0.039571164,0.999216755
1782472913.368950129,339.686658621,2075,vicon_state_data,ball,1,0,1.083802787,-0.741423505,0.734962107,0.000000000,0.000000000,0.000000000,1.000000000,1,-0.822639110,-0.459644169,0.820818171,0.000000000,0.000000000,-0.039633606,0.999214280
1782472913.369232893,339.686941385,2076,vicon_state_data,ball,1,0,0.851023967,-0.000060234,0.744840170,0.000000000,0.000000000,0.000000000,1.000000000,1,-0.822648539,-0.459680922,0.820815991,0.000000000,0.000000000,-0.039602072,0.999215530
1782472913.369518757,339.687227249,2077,vicon_state_data,ball,1,0,0.530028734,0.136574886,0.853304904,0.000000000,0.000000000,0.000000000,1.000000000,1,-0.822674533,-0.459652291,0.820856262,0.000000000,0.000000000,-0.039601091,0.999215569
1782472913.369809389,339.687517881,2078,vicon_state_data,ball,1,0,1.371124131,0.198959479,0.879514926,0.000000000,0.000000000,0.000000000,1.000000000,1,-0.822679249,-0.459647547,0.820843157,0.000000000,0.000000000,-0.039552083,0.999217510
1782472913.433908463,339.751616955,2079,vicon_state_data,ball,1,0,0.246487096,0.549548348,0.521204138,0.000000000,0.000000000,0.000000000,1.000000000,1,-0.822673715,-0.459643928,0.820846755,0.000000000,0.000000000,-0.039564587,0.999217015
1782472913.434484720,339.752193213,2080,vicon_state_data,ball,1,0,1.611072587,-0.032218632,1.186040705,0.000000000,0.000000000,0.000000000,1.000000000,1,-0.822666308,-0.459636781,0.820827365,0.000000000,0.000000000,-0.039589665,0.999216022
1782472913.434814930,339.752523422,2081,vicon_state_data,ball,1,0,1.369953547,0.060894402,0.883458890,0.000000000,0.000000000,0.000000000,1.000000000,1,-0.822685149,-0.459639911,0.820837237,0.000000000,0.000000000,-0.039670320,0.999212823
1782472913.435112953,339.752821445,2082,vicon_state_data,ball,1,0,1.194664225,-0.769955492,0.736305706,0.000000000,0.000000000,0.000000000,1.000000000,1,-0.822671881,-0.459612059,0.820838221,0.000000000,0.000000000,-0.039490924,0.999219929
1782472913.435402870,339.753111362,2083,vicon_state_data,ball,1,0,1.169057322,-0.713328587,0.772515247,0.000000000,0.000000000,0.000000000,1.000000000,1,-0.822663533,-0.459600553,0.820845343,0.000000000,0.000000000,-0.039529098,0.999218420
1782472913.435709715,339.753418207,2084,vicon_state_data,ball,1,0,1.478108116,-0.049994896,0.555634618,0.000000000,0.000000000,0.000000000,1.000000000,1,-0.822668470,-0.459572669,0.820856325,0.000000000,0.000000000,-0.039450094,0.999221542
1782472913.435997009,339.753705502,2085,vicon_state_data,ball,1,0,1.242409103,-0.751993046,0.747131715,0.000000000,0.000000000,0.000000000,1.000000000,1,-0.822657716,-0.459584097,0.820859748,0.000000000,0.000000000,-0.039517814,0.999218866
1782472913.436284781,339.753993273,2086,vicon_state_data,ball,1,0,1.370493611,0.108904964,0.880888585,0.000000000,0.000000000,0.000000000,1.000000000,1,-0.822687515,-0.459601876,0.820897958,0.000000000,0.000000000,-0.039455606,0.999221324
1782472913.436570168,339.754278660,2087,vicon_state_data,ball,1,0,1.371218160,0.151721738,0.881830634,0.000000000,0.000000000,0.000000000,1.000000000,1,-0.822673876,-0.459611151,0.820860946,0.000000000,0.000000000,-0.039470752,0.999220726
1782472913.436854601,339.754563093,2088,vicon_state_data,ball,1,0,1.371736443,0.181285440,0.884493471,0.000000000,0.000000000,0.000000000,1.000000000,1,-0.822679223,-0.459608269,0.820885232,0.000000000,0.000000000,-0.039489055,0.999220003
1782472913.500782490,339.818490982,2089,vicon_state_data,ball,1,0,1.370555900,0.074832350,0.882148750,0.000000000,0.000000000,0.000000000,1.000000000,1,-0.822690150,-0.459605698,0.820891782,0.000000000,0.000000000,-0.039433000,0.999222217
1782472913.501326084,339.819034576,2090,vicon_state_data,ball,1,0,1.371128642,0.139348415,0.882441930,0.000000000,0.000000000,0.000000000,1.000000000,1,-0.822697705,-0.459619317,0.820860963,0.000000000,0.000000000,-0.039411181,0.999223078
1782472913.501653910,339.819362402,2091,vicon_state_data,ball,1,0,1.370903321,0.178392859,0.882430720,0.000000000,0.000000000,0.000000000,1.000000000,1,-0.822699955,-0.459648099,0.820845817,0.000000000,0.000000000,-0.039502016,0.999219491
1782472913.501953602,339.819662094,2092,vicon_state_data,ball,1,0,1.371448876,0.193297504,0.883058364,0.000000000,0.000000000,0.000000000,1.000000000,1,-0.822669686,-0.459636911,0.820794437,0.000000000,0.000000000,-0.039620599,0.999214796
1782472913.502261400,339.819969893,2093,vicon_state_data,ball,1,0,1.611245712,-0.030425803,1.186532781,0.000000000,0.000000000,0.000000000,1.000000000,1,-0.822676345,-0.459610022,0.820796816,0.000000000,0.000000000,-0.039415386,0.999222912
1782472913.502557278,339.820265770,2094,vicon_state_data,ball,1,0,1.591314472,-0.071952833,1.160873336,0.000000000,0.000000000,0.000000000,1.000000000,1,-0.822675061,-0.459589718,0.820760258,0.000000000,0.000000000,-0.039407656,0.999223217
1782472913.502847195,339.820555687,2095,vicon_state_data,ball,1,0,1.801332266,-0.446623140,0.931614300,0.000000000,0.000000000,0.000000000,1.000000000,1,-0.822678186,-0.459606740,0.820752869,0.000000000,0.000000000,-0.039421990,0.999222651
1782472913.503130674,339.820839167,2096,vicon_state_data,ball,1,0,1.889639728,-0.470934069,0.915422711,0.000000000,0.000000000,0.000000000,1.000000000,1,-0.822671604,-0.459585506,0.820761806,0.000000000,0.000000000,-0.039339111,0.999225918
1782472913.503423929,339.821132421,2097,vicon_state_data,ball,1,0,1.204886141,-0.794438070,0.721065283,0.000000000,0.000000000,0.000000000,1.000000000,1,-0.822660259,-0.459558252,0.820777115,0.000000000,0.000000000,-0.039243061,0.999229694
1782472913.503713608,339.821422100,2098,vicon_state_data,ball,1,0,1.764101838,-0.488871465,0.906042123,0.000000000,0.000000000,0.000000000,1.000000000,1,-0.822648557,-0.459529722,0.820781743,0.000000000,0.000000000,-0.039406860,0.999223248
1782472913.504000425,339.821708918,2099,vicon_state_data,ball,1,0,1.318141808,-0.127928597,1.032124190,0.000000000,0.000000000,0.000000000,1.000000000,1,-0.822674748,-0.459562851,0.820793526,0.000000000,0.000000000,-0.039447988,0.999221625
1782472913.505663157,339.823371649,2100,vicon_state_data,ball,1,0,1.369554195,0.167509384,0.884638301,0.000000000,0.000000000,0.000000000,1.000000000,1,-0.822696365,-0.459579432,0.820799556,0.000000000,0.000000000,-0.039540409,0.999217972
1782472913.571347475,339.889055967,2101,vicon_state_data,ball,1,0,1.486716265,0.033893154,0.542140096,0.000000000,0.000000000,0.000000000,1.000000000,1,-0.822718014,-0.459541282,0.820842892,0.000000000,0.000000000,-0.039430946,0.999222298
1782472913.571845055,339.889553547,2102,vicon_state_data,ball,1,0,1.636689960,0.015152745,1.216461757,0.000000000,0.000000000,0.000000000,1.000000000,1,-0.822688392,-0.459551111,0.820788967,0.000000000,0.000000000,-0.039547959,0.999217673
1782472913.572122574,339.889831066,2103,vicon_state_data,ball,1,0,1.372084716,0.422901835,0.885275032,0.000000000,0.000000000,0.000000000,1.000000000,1,-0.822712431,-0.459569623,0.820792420,0.000000000,0.000000000,-0.039569575,0.999216818
1782472913.572458744,339.890167236,2104,vicon_state_data,ball,1,0,1.371190635,0.205710183,0.881229413,0.000000000,0.000000000,0.000000000,1.000000000,1,-0.822687856,-0.459511386,0.820783259,0.000000000,0.000000000,-0.039444004,0.999221782
1782472913.572756529,339.890465021,2105,vicon_state_data,ball,1,0,1.306161339,-0.100694638,1.072390614,0.000000000,0.000000000,0.000000000,1.000000000,1,-0.822692625,-0.459498673,0.820815364,0.000000000,0.000000000,-0.039338230,0.999225952
1782472913.573057652,339.890766144,2106,vicon_state_data,ball,1,0,1.370878814,0.082135882,0.879613477,0.000000000,0.000000000,0.000000000,1.000000000,1,-0.822704983,-0.459485237,0.820825204,0.000000000,0.000000000,-0.039421360,0.999222676
1782472913.573353767,339.891062260,2107,vicon_state_data,ball,1,0,1.439694501,0.124856367,0.669525393,0.000000000,0.000000000,0.000000000,1.000000000,1,-0.822753546,-0.459486465,0.820856693,0.000000000,0.000000000,-0.039188902,0.999231820
1782472913.573639393,339.891347885,2108,vicon_state_data,ball,1,0,1.664381103,-0.008851316,0.847927678,0.000000000,0.000000000,0.000000000,1.000000000,1,-0.822748496,-0.459482400,0.820861034,0.000000000,0.000000000,-0.039255633,0.999229201
1782472913.573921442,339.891629934,2109,vicon_state_data,ball,1,0,1.593585631,-0.072228772,1.162415874,0.000000000,0.000000000,0.000000000,1.000000000,1,-0.822754928,-0.459485262,0.820851745,0.000000000,0.000000000,-0.039255633,0.999229201
1782472913.574199200,339.891907692,2110,vicon_state_data,ball,1,0,1.315255836,-0.113793014,1.042463488,0.000000000,0.000000000,0.000000000,1.000000000,1,-0.822728130,-0.459453577,0.820832328,0.000000000,0.000000000,-0.039299838,0.999227463
1782472913.638288975,339.955997467,2111,vicon_state_data,ball,1,0,1.371155506,0.175217479,0.880112521,0.000000000,0.000000000,0.000000000,1.000000000,1,-0.822746873,-0.459468137,0.820851207,0.000000000,0.000000000,-0.039235043,0.999230009
1782472913.638815641,339.956524134,2112,vicon_state_data,ball,1,0,1.370173729,0.060498046,0.881601459,0.000000000,0.000000000,0.000000000,1.000000000,1,-0.822735281,-0.459440579,0.820832447,0.000000000,0.000000000,-0.039315006,0.999226866
1782472913.639149666,339.956858158,2113,vicon_state_data,ball,1,0,1.370708143,0.104450254,0.884289991,0.000000000,0.000000000,0.000000000,1.000000000,1,-0.822721753,-0.459413765,0.820820946,0.000000000,0.000000000,-0.039334923,0.999226082
1782472913.639452457,339.957160950,2114,vicon_state_data,ball,1,0,1.370300855,0.109368017,0.879078842,0.000000000,0.000000000,0.000000000,1.000000000,1,-0.822722004,-0.459429781,0.820824021,0.000000000,0.000000000,-0.039364808,0.999224906
1782472913.639741421,339.957449913,2115,vicon_state_data,ball,1,0,1.370855695,0.163448594,0.882299486,0.000000000,0.000000000,0.000000000,1.000000000,1,-0.822681912,-0.459409044,0.820772252,0.000000000,0.000000000,-0.039423005,0.999222611
1782472913.640022755,339.957731247,2116,vicon_state_data,ball,1,0,1.440096253,0.115362922,0.671344480,0.000000000,0.000000000,0.000000000,1.000000000,1,-0.822708543,-0.459403196,0.820821056,0.000000000,0.000000000,-0.039263583,0.999228888
1782472913.640307665,339.958016157,2117,vicon_state_data,ball,1,0,1.604367080,0.115673261,0.907710139,0.000000000,0.000000000,0.000000000,1.000000000,1,-0.822676093,-0.459399522,0.820795781,0.000000000,0.000000000,-0.039424619,0.999222547
1782472913.640601397,339.958309889,2118,vicon_state_data,ball,1,0,1.370471667,0.109080096,0.880738756,0.000000000,0.000000000,0.000000000,1.000000000,1,-0.822703463,-0.459362353,0.820850572,0.000000000,0.000000000,-0.039125335,0.999234311
1782472913.640884161,339.958592653,2119,vicon_state_data,ball,1,0,1.370148185,0.073702937,0.881827919,0.000000000,0.000000000,0.000000000,1.000000000,1,-0.822678477,-0.459390529,0.820808574,0.000000000,0.000000000,-0.039486850,0.999220090
1782472913.641165257,339.958873749,2120,vicon_state_data,ball,1,0,1.451788452,0.053736851,0.644702430,0.000000000,0.000000000,0.000000000,1.000000000,1,-0.822707766,-0.459380644,0.820849230,0.000000000,0.000000000,-0.039314164,0.999226899
1782472913.705403328,340.023111820,2121,vicon_state_data,ball,1,0,1.444468426,0.113453351,0.661746946,0.000000000,0.000000000,0.000000000,1.000000000,1,-0.822694408,-0.459371801,0.820795700,0.000000000,0.000000000,-0.039490302,0.999219954
1782472913.705959082,340.023667574,2122,vicon_state_data,ball,1,0,1.568892807,-0.112971612,1.137984474,0.000000000,0.000000000,0.000000000,1.000000000,1,-0.822694458,-0.459369458,0.820772391,0.000000000,0.000000000,-0.039452771,0.999221436
1782472913.706308365,340.024016857,2123,vicon_state_data,ball,1,0,1.598433246,-0.061109269,1.168671980,0.000000000,0.000000000,0.000000000,1.000000000,1,-0.822706931,-0.459388697,0.820801773,0.000000000,0.000000000,-0.039424430,0.999222555
1782472913.706617117,340.024325609,2124,vicon_state_data,ball,1,0,1.306723901,-0.147368262,1.063113696,0.000000000,0.000000000,0.000000000,1.000000000,1,-0.822698488,-0.459383379,0.820796781,0.000000000,0.000000000,-0.039384526,0.999224129
1782472913.706930876,340.024639368,2125,vicon_state_data,ball,1,0,1.371300588,0.157054750,0.878367126,0.000000000,0.000000000,0.000000000,1.000000000,1,-0.822698558,-0.459376555,0.820784766,0.000000000,0.000000000,-0.039327803,0.999226363
1782472913.707231283,340.024939775,2126,vicon_state_data,ball,1,0,1.445925750,-0.065246777,0.660640255,0.000000000,0.000000000,0.000000000,1.000000000,1,-0.822691289,-0.459378498,0.820779408,0.000000000,0.000000000,-0.039276966,0.999228362
1782472913.707526922,340.025235415,2127,vicon_state_data,ball,1,0,1.486290510,0.007687081,0.547137157,0.000000000,0.000000000,0.000000000,1.000000000,1,-0.822686067,-0.459332969,0.820772731,0.000000000,0.000000000,-0.039172790,0.999232452
1782472913.707815886,340.025524378,2128,vicon_state_data,ball,1,0,1.484400813,-0.015827542,0.544266929,0.000000000,0.000000000,0.000000000,1.000000000,1,-0.822695903,-0.459340888,0.820760005,0.000000000,0.000000000,-0.039206432,0.999231132
1782472913.708100557,340.025809050,2129,vicon_state_data,ball,1,0,0.962107271,-0.119078798,0.649638188,0.000000000,0.000000000,0.000000000,1.000000000,1,-0.822721077,-0.459393552,0.820781062,0.000000000,0.000000000,-0.039227191,0.999230318
1782472913.708392620,340.026101112,2130,vicon_state_data,ball,1,0,1.370599657,0.071822671,0.880937961,0.000000000,0.000000000,0.000000000,1.000000000,1,-0.822709196,-0.459391680,0.820778206,0.000000000,0.000000000,-0.039170022,0.999232560
1782472913.772508621,340.090217113,2131,vicon_state_data,ball,1,0,1.372270604,0.321814620,0.882184334,0.000000000,0.000000000,0.000000000,1.000000000,1,-0.822693736,-0.459396440,0.820746115,0.000000000,0.000000000,-0.039333910,0.999226122
1782472913.774384737,340.092093229,2132,vicon_state_data,ball,1,0,1.371963850,0.216562308,0.881582521,0.000000000,0.000000000,0.000000000,1.000000000,1,-0.822698160,-0.459369427,0.820755540,0.000000000,0.000000000,-0.039382961,0.999224190
1782472913.777729273,340.095437765,2133,vicon_state_data,ball,1,0,1.365122898,0.089347926,0.896786920,0.000000000,0.000000000,0.000000000,1.000000000,1,-0.822703998,-0.459381147,0.820759965,0.000000000,0.000000000,-0.039473212,0.999220629
1782472913.781082869,340.098791361,2134,vicon_state_data,ball,1,0,1.369893118,0.085665831,0.881658173,0.000000000,0.000000000,0.000000000,1.000000000,1,-0.822692425,-0.459354334,0.820766520,0.000000000,0.000000000,-0.039294008,0.999227692
1782472913.784080267,340.101788759,2135,vicon_state_data,ball,1,0,1.370464194,0.084785089,0.881366123,0.000000000,0.000000000,0.000000000,1.000000000,1,-0.822696548,-0.459359956,0.820785636,0.000000000,0.000000000,-0.039245098,0.999229614
1782472913.787043810,340.104752302,2136,vicon_state_data,ball,1,0,1.369806378,0.086331303,0.881881537,0.000000000,0.000000000,0.000000000,1.000000000,1,-0.822710841,-0.459354812,0.820809340,0.000000000,0.000000000,-0.039246662,0.999229553
1782472913.790080070,340.107788563,2137,vicon_state_data,ball,1,0,1.371258973,0.192149474,0.883065711,0.000000000,0.000000000,0.000000000,1.000000000,1,-0.822684864,-0.459338131,0.820810749,0.000000000,0.000000000,-0.039033838,0.999237889
1782472913.791726589,340.109435081,2138,vicon_state_data,ball,1,0,1.485801741,0.045620773,0.547648513,0.000000000,0.000000000,0.000000000,1.000000000,1,-0.822668744,-0.459332525,0.820774430,0.000000000,0.000000000,-0.039008323,0.999238886
1782472913.791997433,340.109705925,2139,vicon_state_data,ball,1,0,1.617688484,-0.021563567,1.193234711,0.000000000,0.000000000,0.000000000,1.000000000,1,-0.822680806,-0.459372029,0.820750321,0.000000000,0.000000000,-0.039098890,0.999235346
1782472913.792256832,340.109965324,2140,vicon_state_data,ball,1,0,1.369912797,0.116966765,0.883213065,0.000000000,0.000000000,0.000000000,1.000000000,1,-0.822684911,-0.459357015,0.820759814,0.000000000,0.000000000,-0.039102629,0.999235200
1782472913.792559624,340.110268116,2141,vicon_state_data,ball,1,0,1.371489618,0.192995501,0.883121028,0.000000000,0.000000000,0.000000000,1.000000000,1,-0.822702799,-0.459372147,0.820778346,0.000000000,0.000000000,-0.039139770,0.999233746
1782472913.792847395,340.110555887,2142,vicon_state_data,ball,1,0,1.372323066,0.202479162,0.881556004,0.000000000,0.000000000,0.000000000,1.000000000,1,-0.822698846,-0.459329086,0.820772038,0.000000000,0.000000000,-0.039108010,0.999234989
1782472913.793132305,340.110840797,2143,vicon_state_data,ball,1,0,1.371625686,0.193926293,0.883294697,0.000000000,0.000000000,0.000000000,1.000000000,1,-0.822700925,-0.459342131,0.820781314,0.000000000,0.000000000,-0.039086548,0.999235829
1782472913.793433428,340.111141920,2144,vicon_state_data,ball,1,0,1.371010543,0.070046880,0.880123296,0.000000000,0.000000000,0.000000000,1.000000000,1,-0.822696967,-0.459339566,0.820780841,0.000000000,0.000000000,-0.039063121,0.999236745
1782472913.862745523,340.180454016,2145,vicon_state_data,ball,1,0,1.370509211,0.079441217,0.878577246,0.000000000,0.000000000,0.000000000,1.000000000,1,-0.822707084,-0.459357385,0.820817587,0.000000000,0.000000000,-0.039132720,0.999234022
1782472913.863312721,340.181021214,2146,vicon_state_data,ball,1,0,1.370433317,0.059196288,0.882264383,0.000000000,0.000000000,0.000000000,1.000000000,1,-0.822703997,-0.459361247,0.820819391,0.000000000,0.000000000,-0.039215031,0.999230795
1782472913.863632679,340.181341171,2147,vicon_state_data,ball,1,0,1.370596358,0.096062449,0.880158865,0.000000000,0.000000000,0.000000000,1.000000000,1,-0.822703829,-0.459343951,0.820830195,0.000000000,0.000000000,-0.039208406,0.999231055
1782472913.863924742,340.181633234,2148,vicon_state_data,ball,1,0,1.314965350,-0.119809908,1.036786136,0.000000000,0.000000000,0.000000000,1.000000000,1,-0.822692141,-0.459309840,0.820811844,0.000000000,0.000000000,-0.039246846,0.999229546
1782472913.864216328,340.181924820,2149,vicon_state_data,ball,1,0,1.370699321,0.102372714,0.882598075,0.000000000,0.000000000,0.000000000,1.000000000,1,-0.822692901,-0.459288776,0.820807872,0.000000000,0.000000000,-0.039294030,0.999227691
1782472913.864503622,340.182212114,2150,vicon_state_data,ball,1,0,1.364746834,0.043921287,0.897336533,0.000000000,0.000000000,0.000000000,1.000000000,1,-0.822687612,-0.459314005,0.820776457,0.000000000,0.000000000,-0.039403641,0.999223375
1782472913.864784718,340.182493210,2151,vicon_state_data,ball,1,0,1.362118788,0.087123754,0.907185710,0.000000000,0.000000000,0.000000000,1.000000000,1,-0.822671586,-0.459288888,0.820770477,0.000000000,0.000000000,-0.039465971,0.999220915
1782472913.865061522,340.182770014,2152,vicon_state_data,ball,1,0,1.365794019,0.075661804,0.894398122,0.000000000,0.000000000,0.000000000,1.000000000,1,-0.822694753,-0.459291758,0.820818141,0.000000000,0.000000000,-0.039278435,0.999228305
1782472913.865340948,340.183049440,2153,vicon_state_data,ball,1,0,1.362929355,0.075107564,0.905102426,0.000000000,0.000000000,0.000000000,1.000000000,1,-0.822681835,-0.459281527,0.820798125,0.000000000,0.000000000,-0.039295385,0.999227638
1782472913.865624666,340.183333158,2154,vicon_state_data,ball,1,0,1.371539485,0.151618470,0.881337025,0.000000000,0.000000000,0.000000000,1.000000000,1,-0.822671210,-0.459280710,0.820775816,0.000000000,0.000000000,-0.039338510,0.999225941
1782472913.930906773,340.248615265,2155,vicon_state_data,ball,1,0,1.371086356,0.152651633,0.881498779,0.000000000,0.000000000,0.000000000,1.000000000,1,-0.822676690,-0.459280420,0.820772828,0.000000000,0.000000000,-0.039273718,0.999228490
1782472913.931496382,340.249204874,2156,vicon_state_data,ball,1,0,1.370464955,0.109198780,0.880846760,0.000000000,0.000000000,0.000000000,1.000000000,1,-0.822659683,-0.459258405,0.820749422,0.000000000,0.000000000,-0.039244495,0.999229638
1782472913.931823730,340.249532223,2157,vicon_state_data,ball,1,0,1.370906626,0.082348460,0.880032139,0.000000000,0.000000000,0.000000000,1.000000000,1,-0.822666416,-0.459294641,0.820774470,0.000000000,0.000000000,-0.039187475,0.999231876
1782472913.932122469,340.249830961,2158,vicon_state_data,ball,1,0,1.372200305,0.213710883,0.880223881,0.000000000,0.000000000,0.000000000,1.000000000,1,-0.822671957,-0.459313812,0.820773952,0.000000000,0.000000000,-0.039349089,0.999225525
1782472913.932418346,340.250126839,2159,vicon_state_data,ball,1,0,1.370646157,0.176029015,0.879986260,0.000000000,0.000000000,0.000000000,1.000000000,1,-0.822686422,-0.459337781,0.820799995,0.000000000,0.000000000,-0.039295819,0.999227621
1782472913.932703018,340.250411510,2160,vicon_state_data,ball,1,0,1.363245424,0.179412599,0.905034667,0.000000000,0.000000000,0.000000000,1.000000000,1,-0.822679088,-0.459350224,0.820803946,0.000000000,0.000000000,-0.039256508,0.999229166
1782472913.932993174,340.250701666,2161,vicon_state_data,ball,1,0,1.673355879,0.042508780,0.878059163,0.000000000,0.000000000,0.000000000,1.000000000,1,-0.822676590,-0.459329160,0.820824666,0.000000000,0.000000000,-0.039246857,0.999229545
1782472913.933276892,340.250985384,2162,vicon_state_data,ball,1,0,1.632087164,0.005206491,0.874473297,0.000000000,0.000000000,0.000000000,1.000000000,1,-0.822666209,-0.459326236,0.820801337,0.000000000,0.000000000,-0.039165429,0.999232740
1782472913.933553219,340.251261711,2163,vicon_state_data,ball,1,0,1.371548316,0.192692016,0.883585712,0.000000000,0.000000000,0.000000000,1.000000000,1,-0.822668756,-0.459347744,0.820807385,0.000000000,0.000000000,-0.039173644,0.999232418
1782472913.933838367,340.251546860,2164,vicon_state_data,ball,1,0,1.360327373,0.233895315,0.913840108,0.000000000,0.000000000,0.000000000,1.000000000,1,-0.822660198,-0.459350029,0.820784199,0.000000000,0.000000000,-0.039071381,0.999236422
1782472913.997999907,340.315708399,2165,vicon_state_data,ball,1,0,1.370890315,0.220949890,0.883949851,0.000000000,0.000000000,0.000000000,1.000000000,1,-0.822662556,-0.459336539,0.820762183,0.000000000,0.000000000,-0.038949498,0.999241180
1782472913.998572826,340.316281319,2166,vicon_state_data,ball,1,0,1.371504882,0.171328512,0.879297624,0.000000000,0.000000000,0.000000000,1.000000000,1,-0.822667605,-0.459351503,0.820795718,0.000000000,0.000000000,-0.039022242,0.999238342
1782472913.998891592,340.316600084,2167,vicon_state_data,ball,1,0,1.370994854,0.125663953,0.882291117,0.000000000,0.000000000,0.000000000,1.000000000,1,-0.822643969,-0.459339523,0.820739205,0.000000000,0.000000000,-0.039036441,0.999237788
1782472913.999181747,340.316890240,2168,vicon_state_data,ball,1,0,1.370658590,0.153148927,0.881391059,0.000000000,0.000000000,0.000000000,1.000000000,1,-0.822628779,-0.459328130,0.820748982,0.000000000,0.000000000,-0.038986880,0.999239723
1782472914.000934124,340.318642616,2169,vicon_state_data,ball,1,0,1.301512855,-0.056164237,1.080272487,0.000000000,0.000000000,0.000000000,1.000000000,1,-0.822637015,-0.459360700,0.820764597,0.000000000,0.000000000,-0.039019331,0.999238456
1782472914.003702879,340.321411371,2170,vicon_state_data,ball,1,0,1.584340367,-0.090383394,1.151134975,0.000000000,0.000000000,0.000000000,1.000000000,1,-0.822637253,-0.459357556,0.820779926,0.000000000,0.000000000,-0.038982092,0.999239909
1782472914.005099773,340.322808266,2171,vicon_state_data,ball,1,0,1.692956092,0.067987976,0.902426610,0.000000000,0.000000000,0.000000000,1.000000000,1,-0.822614389,-0.459349480,0.820783484,0.000000000,0.000000000,-0.038972173,0.999240296
1782472914.006517172,340.324225664,2172,vicon_state_data,ball,1,0,1.684881768,0.027431392,0.898235162,0.000000000,0.000000000,0.000000000,1.000000000,1,-0.822637335,-0.459391281,0.820829103,0.000000000,0.000000000,-0.039050202,0.999237250
1782472914.008012533,340.325721025,2173,vicon_state_data,ball,1,0,1.371640440,0.151785973,0.880626032,0.000000000,0.000000000,0.000000000,1.000000000,1,-0.822616550,-0.459363363,0.820783792,0.000000000,0.000000000,-0.039025779,0.999238204
1782472914.082031250,340.399739742,2174,vicon_state_data,ball,1,0,1.370101099,0.073337083,0.882550911,0.000000000,0.000000000,0.000000000,1.000000000,1,-0.822596892,-0.459303325,0.820820742,0.000000000,0.000000000,-0.038967693,0.999240471
1782472914.085393906,340.403102398,2175,vicon_state_data,ball,1,0,1.449438503,0.032984625,0.652114792,0.000000000,0.000000000,0.000000000,1.000000000,1,-0.822604400,-0.459342023,0.820797966,0.000000000,0.000000000,-0.039035365,0.999237830
1782472914.085691929,340.403400421,2176,vicon_state_data,ball,1,0,1.637670623,-0.021217407,0.822372707,0.000000000,0.000000000,0.000000000,1.000000000,1,-0.822596452,-0.459354697,0.820793626,0.000000000,0.000000000,-0.039079866,0.999236090
1782472914.085952282,340.403660774,2177,vicon_state_data,ball,1,0,1.639869037,0.068793064,0.929716752,0.000000000,0.000000000,0.000000000,1.000000000,1,-0.822596068,-0.459320161,0.820768435,0.000000000,0.000000000,-0.039015990,0.999238586
1782472914.086277962,340.403986454,2178,vicon_state_data,ball,1,0,1.371648144,0.151746832,0.880657798,0.000000000,0.000000000,0.000000000,1.000000000,1,-0.822607388,-0.459351881,0.820782519,0.000000000,0.000000000,-0.039011735,0.999238753
1782472914.086583614,340.404292107,2179,vicon_state_data,ball,1,0,1.371404155,0.186139007,0.880074059,0.000000000,0.000000000,0.000000000,1.000000000,1,-0.822605719,-0.459336661,0.820787221,0.000000000,0.000000000,-0.038970879,0.999240347
1782472914.086884499,340.404592991,2180,vicon_state_data,ball,1,0,1.370383266,0.109530325,0.880460678,0.000000000,0.000000000,0.000000000,1.000000000,1,-0.822608733,-0.459351088,0.820807787,0.000000000,0.000000000,-0.038942210,0.999241464
1782472914.087179184,340.404887676,2181,vicon_state_data,ball,1,0,1.314547223,-0.140885173,1.041155479,0.000000000,0.000000000,0.000000000,1.000000000,1,-0.822595782,-0.459345527,0.820808695,0.000000000,0.000000000,-0.038923191,0.999242205
1782472914.087477922,340.405186415,2182,vicon_state_data,ball,1,0,1.313616467,-0.123784622,1.048953945,0.000000000,0.000000000,0.000000000,1.000000000,1,-0.822626298,-0.459385662,0.820836909,0.000000000,0.000000000,-0.038946980,0.999241279
1782472914.087776661,340.405485153,2183,vicon_state_data,ball,1,0,1.726022094,-0.223970867,0.654165692,0.000000000,0.000000000,0.000000000,1.000000000,1,-0.822610115,-0.459351077,0.820813783,0.000000000,0.000000000,-0.038928394,0.999242003
1782472914.088073254,340.405781746,2184,vicon_state_data,ball,1,0,1.894546739,-0.526250928,0.880387012,0.000000000,0.000000000,0.000000000,1.000000000,1,-0.822610993,-0.459343827,0.820804657,0.000000000,0.000000000,-0.038873197,0.999244152
1782472914.156977654,340.474686146,2185,vicon_state_data,ball,1,0,1.813812109,-0.497702894,0.898702044,0.000000000,0.000000000,0.000000000,1.000000000,1,-0.822585808,-0.459332714,0.820773522,0.000000000,0.000000000,-0.038952853,0.999241050
1782472914.157534361,340.475242853,2186,vicon_state_data,ball,1,0,1.843059008,-0.507333592,0.893466034,0.000000000,0.000000000,0.000000000,1.000000000,1,-0.822588638,-0.459319241,0.820772804,0.000000000,0.000000000,-0.038914718,0.999242535
1782472914.157844305,340.475552797,2187,vicon_state_data,ball,1,0,1.801954409,-0.547236189,0.867693914,0.000000000,0.000000000,0.000000000,1.000000000,1,-0.822579847,-0.459333891,0.820760635,0.000000000,0.000000000,-0.038914191,0.999242556
1782472914.158136129,340.475844622,2188,vicon_state_data,ball,1,0,1.941486864,-0.473948634,0.911476919,0.000000000,0.000000000,0.000000000,1.000000000,1,-0.822572149,-0.459326322,0.820779927,0.000000000,0.000000000,-0.038873225,0.999244151
1782472914.158424139,340.476132631,2189,vicon_state_data,ball,1,0,1.842347854,-0.508070774,0.890817489,0.000000000,0.000000000,0.000000000,1.000000000,1,-0.822576579,-0.459328863,0.820773398,0.000000000,0.000000000,-0.038830393,0.999245816
1782472914.158709526,340.476418018,2190,vicon_state_data,ball,1,0,1.133249540,-0.728415611,0.762271263,0.000000000,0.000000000,0.000000000,1.000000000,1,-0.822578666,-0.459358826,0.820785967,0.000000000,0.000000000,-0.038839283,0.999245470
1782472914.158998251,340.476706743,2191,vicon_state_data,ball,1,0,1.155508838,-0.701551674,0.779865218,0.000000000,0.000000000,0.000000000,1.000000000,1,-0.822579745,-0.459370623,0.820800622,0.000000000,0.000000000,-0.039007934,0.999238901
1782472914.159283638,340.476992130,2192,vicon_state_data,ball,1,0,1.157302512,-0.706264062,0.776111799,0.000000000,0.000000000,0.000000000,1.000000000,1,-0.822558463,-0.459327382,0.820771878,0.000000000,0.000000000,-0.038803018,0.999246879
1782472914.159568071,340.477276564,2193,vicon_state_data,ball,1,0,1.179367648,-0.751321963,0.748303605,0.000000000,0.000000000,0.000000000,1.000000000,1,-0.822567346,-0.459364055,0.820774304,0.000000000,0.000000000,-0.038874310,0.999244108
1782472914.234929562,340.552638054,2194,vicon_state_data,ball,1,0,1.368707468,-0.386844519,0.884562756,0.000000000,0.000000000,0.000000000,1.000000000,1,-0.822564159,-0.459368895,0.820778659,0.000000000,0.000000000,-0.038859673,0.999244678
1782472914.236022472,340.553730965,2195,vicon_state_data,ball,1,0,1.666064664,-0.357454177,0.986923473,0.000000000,0.000000000,0.000000000,1.000000000,1,-0.822569608,-0.459389968,0.820768254,0.000000000,0.000000000,-0.038909885,0.999242724
1782472914.236627340,340.554335833,2196,vicon_state_data,ball,1,0,1.832280207,-0.476677982,0.911604083,0.000000000,0.000000000,0.000000000,1.000000000,1,-0.822566669,-0.459386276,0.820792277,0.000000000,0.000000000,-0.038807244,0.999246715
1782472914.237207413,340.554915905,2197,vicon_state_data,ball,1,0,1.979876487,-0.836655253,0.689986899,0.000000000,0.000000000,0.000000000,1.000000000,1,-0.822550827,-0.459359349,0.820754735,0.000000000,0.000000000,-0.038847097,0.999245167
1782472914.237783194,340.555491686,2198,vicon_state_data,ball,1,0,1.865220484,-0.565882138,0.857526563,0.000000000,0.000000000,0.000000000,1.000000000,1,-0.822547713,-0.459381125,0.820769616,0.000000000,0.000000000,-0.038810884,0.999246574
1782472914.238369226,340.556077719,2199,vicon_state_data,ball,1,0,1.842532277,-0.506521682,0.892312301,0.000000000,0.000000000,0.000000000,1.000000000,1,-0.822547194,-0.459452950,0.820750271,0.000000000,0.000000000,-0.038945505,0.999241336
1782472914.238930941,340.556639433,2200,vicon_state_data,ball,1,0,1.706131801,0.003699101,0.830706836,0.000000000,0.000000000,0.000000000,1.000000000,1,-0.822537789,-0.459435061,0.820768796,0.000000000,0.000000000,-0.038889950,0.999243500
1782472914.239498138,340.557206631,2201,vicon_state_data,ball,1,0,1.683223285,0.052676392,0.850875756,0.000000000,0.000000000,0.000000000,1.000000000,1,-0.822537144,-0.459453830,0.820795136,0.000000000,0.000000000,-0.038763543,0.999248411
1782472914.240060568,340.557769060,2202,vicon_state_data,ball,1,0,1.672939034,-0.016985053,0.870227402,0.000000000,0.000000000,0.000000000,1.000000000,1,-0.822517819,-0.459432148,0.820793383,0.000000000,0.000000000,-0.038781252,0.999247724
1782472914.240658522,340.558367014,2203,vicon_state_data,ball,1,0,1.358064527,0.143265380,0.919245485,0.000000000,0.000000000,0.000000000,1.000000000,1,-0.822514079,-0.459452493,0.820778493,0.000000000,0.000000000,-0.038858935,0.999244706
1782472914.241234541,340.558943033,2204,vicon_state_data,ball,1,0,1.370714990,0.152316294,0.880859162,0.000000000,0.000000000,0.000000000,1.000000000,1,-0.822507852,-0.459471588,0.820801789,0.000000000,0.000000000,-0.038857287,0.999244770
1782472914.314903736,340.632612228,2205,vicon_state_data,ball,1,0,1.371560768,0.192696172,0.883566780,0.000000000,0.000000000,0.000000000,1.000000000,1,-0.822512234,-0.459490189,0.820820450,0.000000000,0.000000000,-0.038792679,0.999247281
1782472914.318669081,340.636377573,2206,vicon_state_data,ball,1,0,1.370707660,0.275416333,0.885610157,0.000000000,0.000000000,0.000000000,1.000000000,1,-0.822498129,-0.459471628,0.820823889,0.000000000,0.000000000,-0.038748402,0.999248999
1782472914.322212934,340.639921427,2207,vicon_state_data,ball,1,0,1.371422210,0.193252328,0.882714468,0.000000000,0.000000000,0.000000000,1.000000000,1,-0.822508938,-0.459506259,0.820832287,0.000000000,0.000000000,-0.038796368,0.999247138
1782472914.325778961,340.643487453,2208,vicon_state_data,ball,1,0,1.371271835,0.176159949,0.880590948,0.000000000,0.000000000,0.000000000,1.000000000,1,-0.822486296,-0.459494835,0.820776069,0.000000000,0.000000000,-0.038745485,0.999249112
1782472914.329545259,340.647253752,2209,vicon_state_data,ball,1,0,1.345447808,0.098881237,0.953189463,0.000000000,0.000000000,0.000000000,1.000000000,1,-0.822484116,-0.459504924,0.820773966,0.000000000,0.000000000,-0.038726344,0.999249854
1782472914.333041430,340.650749922,2210,vicon_state_data,ball,1,0,1.357708168,0.066394945,0.919364481,0.000000000,0.000000000,0.000000000,1.000000000,1,-0.822474389,-0.459507822,0.820757771,0.000000000,0.000000000,-0.038677379,0.999251750
1782472914.336571693,340.654280186,2211,vicon_state_data,ball,1,0,1.366361593,0.088682182,0.896243914,0.000000000,0.000000000,0.000000000,1.000000000,1,-0.822459926,-0.459521928,0.820753928,0.000000000,0.000000000,-0.038691204,0.999251215
1782472914.340085030,340.657793522,2212,vicon_state_data,ball,1,0,1.370945241,0.151431578,0.881852998,0.000000000,0.000000000,0.000000000,1.000000000,1,-0.822460178,-0.459533840,0.820786136,0.000000000,0.000000000,-0.038725434,0.999249889
1782472914.343721390,340.661429882,2213,vicon_state_data,ball,1,0,1.364119794,0.111773653,0.901284181,0.000000000,0.000000000,0.000000000,1.000000000,1,-0.822450587,-0.459544071,0.820833070,0.000000000,0.000000000,-0.038693920,0.999251110
1782472914.347494364,340.665202856,2214,vicon_state_data,ball,1,0,1.370366038,0.109607863,0.880398763,0.000000000,0.000000000,0.000000000,1.000000000,1,-0.822444989,-0.459535665,0.820838187,0.000000000,0.000000000,-0.038589544,0.999255146
1782472914.351085663,340.668794155,2215,vicon_state_data,ball,1,0,1.370604585,0.095620689,0.879666184,0.000000000,0.000000000,0.000000000,1.000000000,1,-0.822445843,-0.459550647,0.820821324,0.000000000,0.000000000,-0.038659320,0.999252449
1782472914.354484081,340.672192574,2216,vicon_state_data,ball,1,0,1.369130241,0.143222695,0.884550000,0.000000000,0.000000000,0.000000000,1.000000000,1,-0.822449684,-0.459558145,0.820792580,0.000000000,0.000000000,-0.038705942,0.999250644
1782472914.357886553,340.675595045,2217,vicon_state_data,ball,1,0,1.371555071,0.192257136,0.882929145,0.000000000,0.000000000,0.000000000,1.000000000,1,-0.822430523,-0.459535349,0.820820487,0.000000000,0.000000000,-0.038770191,0.999248154
1782472914.361356497,340.679064989,2218,vicon_state_data,ball,1,0,1.309782078,-0.089869916,1.055618094,0.000000000,0.000000000,0.000000000,1.000000000,1,-0.822430742,-0.459577279,0.820778040,0.000000000,0.000000000,-0.038906715,0.999242847
1782472914.364928722,340.682637215,2219,vicon_state_data,ball,1,0,1.553507483,-0.151512977,1.117737817,0.000000000,0.000000000,0.000000000,1.000000000,1,-0.822454620,-0.459544037,0.820833559,0.000000000,0.000000000,-0.038603921,0.999254591
1782472914.434919119,340.752627611,2220,vicon_state_data,ball,1,0,1.648139397,0.052365538,0.944434399,0.000000000,0.000000000,0.000000000,1.000000000,1,-0.822479662,-0.459572815,0.820853386,0.000000000,0.000000000,-0.038534649,0.999257265
1782472914.438519001,340.756227493,2221,vicon_state_data,ball,1,0,1.628231445,0.152228097,0.928401229,0.000000000,0.000000000,0.000000000,1.000000000,1,-0.822496410,-0.459645524,0.820888090,0.000000000,0.000000000,-0.038452109,0.999260444
1782472914.441917896,340.759626389,2222,vicon_state_data,ball,1,0,1.367450014,0.163834422,0.890679334,0.000000000,0.000000000,0.000000000,1.000000000,1,-0.822490186,-0.459652965,0.820880221,0.000000000,0.000000000,-0.038486151,0.999259134
1782472914.445356607,340.763065100,2223,vicon_state_data,ball,1,0,1.366372820,0.140517801,0.891722519,0.000000000,0.000000000,0.000000000,1.000000000,1,-0.822488293,-0.459645193,0.820873086,0.000000000,0.000000000,-0.038429545,0.999261312
1782472914.447286367,340.764994860,2224,vicon_state_data,ball,1,0,1.371142145,0.069226379,0.880024448,0.000000000,0.000000000,0.000000000,1.000000000,1,-0.822487844,-0.459665944,0.820869275,0.000000000,0.000000000,-0.038538285,0.999257124
1782472914.449110508,340.766819000,2225,vicon_state_data,ball,1,0,1.370314592,0.097180184,0.880902586,0.000000000,0.000000000,0.000000000,1.000000000,1,-0.822468566,-0.459643086,0.820859168,0.000000000,0.000000000,-0.038353641,0.999264228
1782472914.450982332,340.768690825,2226,vicon_state_data,ball,1,0,1.371063868,0.296000128,0.880537182,0.000000000,0.000000000,0.000000000,1.000000000,1,-0.822451261,-0.459692607,0.820818616,0.000000000,0.000000000,-0.038748385,0.999248999
1782472914.452739239,340.770447731,2227,vicon_state_data,ball,1,0,1.370792418,0.101756763,0.883097220,0.000000000,0.000000000,0.000000000,1.000000000,1,-0.822450478,-0.459628548,0.820849188,0.000000000,0.000000000,-0.038452272,0.999260438
1782472914.454485178,340.772193670,2228,vicon_state_data,ball,1,0,1.368990874,0.117646577,0.884761470,0.000000000,0.000000000,0.000000000,1.000000000,1,-0.822450140,-0.459652185,0.820833592,0.000000000,0.000000000,-0.038453694,0.999260383
1782472914.456238747,340.773947239,2229,vicon_state_data,ball,1,0,1.371191556,0.083396368,0.880507711,0.000000000,0.000000000,0.000000000,1.000000000,1,-0.822427915,-0.459648910,0.820839525,0.000000000,0.000000000,-0.038505725,0.999258380
1782472914.526347876,340.844056368,2230,vicon_state_data,ball,1,0,1.370484506,0.116039639,0.883833796,0.000000000,0.000000000,0.000000000,1.000000000,1,-0.822406091,-0.459724403,0.820836297,0.000000000,0.000000000,-0.038851795,0.999244984
1782472914.528420210,340.846128702,2231,vicon_state_data,ball,1,0,1.370391331,0.103457462,0.883747146,0.000000000,0.000000000,0.000000000,1.000000000,1,-0.822398048,-0.459741765,0.820844306,0.000000000,0.000000000,-0.038644850,0.999253009
1782472914.529917479,340.847625971,2232,vicon_state_data,ball,1,0,1.367270392,0.108866182,0.890137122,0.000000000,0.000000000,0.000000000,1.000000000,1,-0.822398504,-0.459772479,0.820831901,0.000000000,0.000000000,-0.038673080,0.999251917
1782472914.531345129,340.849053621,2233,vicon_state_data,ball,1,0,1.449033777,0.035685992,0.640048790,0.000000000,0.000000000,0.000000000,1.000000000,1,-0.822394824,-0.459768130,0.820814509,0.000000000,0.000000000,-0.038623720,0.999253826
1782472914.531612635,340.849321127,2234,vicon_state_data,ball,1,0,1.370765492,0.163825367,0.881939004,0.000000000,0.000000000,0.000000000,1.000000000,1,-0.822386928,-0.459783816,0.820797164,0.000000000,0.000000000,-0.038628138,0.999253655
1782472914.531864405,340.849572897,2235,vicon_state_data,ball,1,0,1.371505699,0.192823652,0.883041173,0.000000000,0.000000000,0.000000000,1.000000000,1,-0.822390721,-0.459785386,0.820770965,0.000000000,0.000000000,-0.038644914,0.999253006
1782472914.532158613,340.849867105,2236,vicon_state_data,ball,1,0,1.371146205,0.192923738,0.882334658,0.000000000,0.000000000,0.000000000,1.000000000,1,-0.822372255,-0.459762775,0.820798432,0.000000000,0.000000000,-0.038497374,0.999258701
1782472914.532471895,340.850180387,2237,vicon_state_data,ball,1,0,1.371465509,0.192813227,0.882675536,0.000000000,0.000000000,0.000000000,1.000000000,1,-0.822371969,-0.459734812,0.820851365,0.000000000,0.000000000,-0.038299690,0.999266298
1782472914.532764912,340.850473404,2238,vicon_state_data,ball,1,0,1.370741366,0.206606049,0.883484897,0.000000000,0.000000000,0.000000000,1.000000000,1,-0.822396974,-0.459876863,0.820885576,0.000000000,0.000000000,-0.038495949,0.999258756
1782472914.533047915,340.850756407,2239,vicon_state_data,ball,1,0,1.370498232,0.095133273,0.880085406,0.000000000,0.000000000,0.000000000,1.000000000,1,-0.822372268,-0.459816384,0.820898676,0.000000000,0.000000000,-0.038371763,0.999263533
1782472914.533360243,340.851068735,2240,vicon_state_data,ball,1,0,1.367480133,0.124224125,0.892855977,0.000000000,0.000000000,0.000000000,1.000000000,1,-0.822354880,-0.459884558,0.820873693,0.000000000,0.000000000,-0.038632332,0.999253493
1782472914.599901676,340.917610168,2241,vicon_state_data,ball,1,0,1.371259388,0.126145255,0.881649493,0.000000000,0.000000000,0.000000000,1.000000000,1,-0.822338355,-0.459897310,0.820835766,0.000000000,0.000000000,-0.038516277,0.999257973
1782472914.600520611,340.918229103,2242,vicon_state_data,ball,1,0,1.367630638,0.220660317,0.893530433,0.000000000,0.000000000,0.000000000,1.000000000,1,-0.822344018,-0.459828081,0.820862465,0.000000000,0.000000000,-0.038274418,0.999267266
1782472914.600874901,340.918583393,2243,vicon_state_data,ball,1,0,1.371307362,0.193275835,0.881920397,0.000000000,0.000000000,0.000000000,1.000000000,1,-0.822347025,-0.459835577,0.820851014,0.000000000,0.000000000,-0.038210390,0.999269716
1782472914.601179838,340.918888330,2244,vicon_state_data,ball,1,0,1.384693649,0.118219515,0.839979590,0.000000000,0.000000000,0.000000000,1.000000000,1,-0.822292226,-0.459836901,0.820776361,0.000000000,0.000000000,-0.038377685,0.999263305
1782472914.601484060,340.919192553,2245,vicon_state_data,ball,1,0,1.371095629,0.192391351,0.882813188,0.000000000,0.000000000,0.000000000,1.000000000,1,-0.822333553,-0.459847185,0.820825305,0.000000000,0.000000000,-0.038178579,0.999270932
1782472914.601767778,340.919476271,2246,vicon_state_data,ball,1,0,1.371426494,0.193121341,0.882607470,0.000000000,0.000000000,0.000000000,1.000000000,1,-0.822340022,-0.459864696,0.820865893,0.000000000,0.000000000,-0.038319996,0.999265519
1782472914.602046251,340.919754744,2247,vicon_state_data,ball,1,0,1.368373518,0.199233314,0.889666723,0.000000000,0.000000000,0.000000000,1.000000000,1,-0.822312073,-0.459854916,0.820832432,0.000000000,0.000000000,-0.038272438,0.999267342
1782472914.670609713,340.988318205,2248,vicon_state_data,ball,1,0,1.371085104,0.180016060,0.883504964,0.000000000,0.000000000,0.000000000,1.000000000,1,-0.822335850,-0.459919530,0.820871567,0.000000000,0.000000000,-0.038391722,0.999262766
1782472914.671270609,340.988979101,2249,vicon_state_data,ball,1,0,1.370897390,0.151636725,0.881773894,0.000000000,0.000000000,0.000000000,1.000000000,1,-0.822360087,-0.459923538,0.820862581,0.000000000,0.000000000,-0.038190904,0.999270461
1782472914.671634436,340.989342928,2250,vicon_state_data,ball,1,0,1.364716423,0.137087201,0.902898944,0.000000000,0.000000000,0.000000000,1.000000000,1,-0.822367360,-0.459947242,0.820835092,0.000000000,0.000000000,-0.038154069,0.999271868
1782472914.671943188,340.989651680,2251,vicon_state_data,ball,1,0,1.350312948,0.139382105,0.941025758,0.000000000,0.000000000,0.000000000,1.000000000,1,-0.822344711,-0.459914385,0.820840235,0.000000000,0.000000000,-0.038118371,0.999273231
1782472914.672250271,340.989958763,2252,vicon_state_data,ball,1,0,1.371057017,0.139161643,0.881772829,0.000000000,0.000000000,0.000000000,1.000000000,1,-0.822374510,-0.459952692,0.820872555,0.000000000,0.000000000,-0.038123076,0.999273051
1782472914.672548532,340.990257025,2253,vicon_state_data,ball,1,0,1.366221054,0.137640299,0.894240056,0.000000000,0.000000000,0.000000000,1.000000000,1,-0.822367666,-0.459967103,0.820876467,0.000000000,0.000000000,-0.038144986,0.999272215
1782472914.672860384,340.990568876,2254,vicon_state_data,ball,1,0,1.367138827,0.126311652,0.891224692,0.000000000,0.000000000,0.000000000,1.000000000,1,-0.822366474,-0.459989825,0.820885578,0.000000000,0.000000000,-0.038202200,0.999270030
1782472914.673182726,340.990891218,2255,vicon_state_data,ball,1,0,1.366183059,0.053767172,0.900329079,0.000000000,0.000000000,0.000000000,1.000000000,1,-0.822348478,-0.459993475,0.820897413,0.000000000,0.000000000,-0.038161743,0.999271575
1782472914.673497200,340.991205692,2256,vicon_state_data,ball,1,0,1.371249517,0.101863776,0.881935541,0.000000000,0.000000000,0.000000000,1.000000000,1,-0.822349699,-0.460040289,0.820908889,0.000000000,0.000000000,-0.038158129,0.999271713
1782472914.673801899,340.991510391,2257,vicon_state_data,ball,1,0,1.364577265,0.090637546,0.896320383,0.000000000,0.000000000,0.000000000,1.000000000,1,-0.822345848,-0.460031497,0.820888261,0.000000000,0.000000000,-0.037956059,0.999279409
1782472914.674110413,340.991818905,2258,vicon_state_data,ball,1,0,1.313509256,-0.120758713,1.045595620,0.000000000,0.000000000,0.000000000,1.000000000,1,-0.822335644,-0.460031105,0.820862287,0.000000000,0.000000000,-0.037983572,0.999278364
1782472914.674438000,340.992146492,2259,vicon_state_data,ball,1,0,1.296068729,-0.127813969,1.093518323,0.000000000,0.000000000,0.000000000,1.000000000,1,-0.822323437,-0.460017153,0.820880020,0.000000000,0.000000000,-0.037999317,0.999277765
1782472914.746754646,341.064463139,2260,vicon_state_data,ball,1,0,1.643465885,0.023527748,0.887682946,0.000000000,0.000000000,0.000000000,1.000000000,1,-0.822316426,-0.460009899,0.820888051,0.000000000,0.000000000,-0.038019027,0.999277015
1782472914.747918129,341.065626621,2261,vicon_state_data,ball,1,0,1.439949721,0.196362686,0.671062925,0.000000000,0.000000000,0.000000000,1.000000000,1,-0.822309325,-0.460020161,0.820875571,0.000000000,0.000000000,-0.038050782,0.999275807
1782472914.748448849,341.066157341,2262,vicon_state_data,ball,1,0,1.444718094,-0.047759620,0.661782759,0.000000000,0.000000000,0.000000000,1.000000000,1,-0.822267204,-0.460006114,0.820884527,0.000000000,0.000000000,-0.038087449,0.999274410
1782472914.748940468,341.066648960,2263,vicon_state_data,ball,1,0,1.667570067,-0.121848802,0.758774775,0.000000000,0.000000000,0.000000000,1.000000000,1,-0.822272576,-0.460041639,0.820894487,0.000000000,0.000000000,-0.038082851,0.999274585
1782472914.749500751,341.067209244,2264,vicon_state_data,ball,1,0,1.674731480,0.044543953,0.866598988,0.000000000,0.000000000,0.000000000,1.000000000,1,-0.822273322,-0.460080968,0.820899350,0.000000000,0.000000000,-0.038179465,0.999270898
1782472914.750045538,341.067754030,2265,vicon_state_data,ball,1,0,1.667025230,0.056524229,0.844439064,0.000000000,0.000000000,0.000000000,1.000000000,1,-0.822271607,-0.460081893,0.820896108,0.000000000,0.000000000,-0.038100592,0.999273909
1782472914.750596762,341.068305254,2266,vicon_state_data,ball,1,0,1.684059605,0.016829766,0.877581850,0.000000000,0.000000000,0.000000000,1.000000000,1,-0.822266000,-0.460090333,0.820878137,0.000000000,0.000000000,-0.038080624,0.999274670
1782472914.751152754,341.068861246,2267,vicon_state_data,ball,1,0,1.659084115,0.015544010,0.809114290,0.000000000,0.000000000,0.000000000,1.000000000,1,-0.822269958,-0.460099092,0.820860040,0.000000000,0.000000000,-0.038034335,0.999276433
1782472914.847067833,341.164776325,2268,vicon_state_data,ball,1,0,1.676566695,0.022570386,0.852470691,0.000000000,0.000000000,0.000000000,1.000000000,1,-0.822262772,-0.460091473,0.820853171,0.000000000,0.000000000,-0.038006700,0.999277484
1782472914.848336697,341.166045189,2269,vicon_state_data,ball,1,0,1.661063606,-0.063441324,0.855137497,0.000000000,0.000000000,0.000000000,1.000000000,1,-0.822246530,-0.460061924,0.820814327,0.000000000,0.000000000,-0.037945732,0.999279801
1782472914.848931313,341.166639805,2270,vicon_state_data,ball,1,0,1.367099191,0.057137406,0.888233700,0.000000000,0.000000000,0.000000000,1.000000000,1,-0.822258301,-0.460059587,0.820820582,0.000000000,0.000000000,-0.037957637,0.999279349
1782472914.849551678,341.167260170,2271,vicon_state_data,ball,1,0,1.362137187,0.092922024,0.907013392,0.000000000,0.000000000,0.000000000,1.000000000,1,-0.822270860,-0.460134015,0.820822689,0.000000000,0.000000000,-0.037946769,0.999279762
1782472914.850127459,341.167835951,2272,vicon_state_data,ball,1,0,1.371031745,0.166432164,0.883519203,0.000000000,0.000000000,0.000000000,1.000000000,1,-0.822265265,-0.460115624,0.820825134,0.000000000,0.000000000,-0.037961360,0.999279208
1782472914.850700617,341.168409109,2273,vicon_state_data,ball,1,0,1.371172136,0.138757538,0.882287340,0.000000000,0.000000000,0.000000000,1.000000000,1,-0.822275656,-0.460180686,0.820872704,0.000000000,0.000000000,-0.037984050,0.999278346
1782472914.851271152,341.168979645,2274,vicon_state_data,ball,1,0,1.370771463,0.096871607,0.880894390,0.000000000,0.000000000,0.000000000,1.000000000,1,-0.822271630,-0.460190126,0.820861558,0.000000000,0.000000000,-0.037979592,0.999278515
1782472914.851840019,341.169548512,2275,vicon_state_data,ball,1,0,1.367435663,0.097332995,0.890822839,0.000000000,0.000000000,0.000000000,1.000000000,1,-0.822251688,-0.460191538,0.820827612,0.000000000,0.000000000,-0.038096584,0.999274062
1782472914.852401257,341.170109749,2276,vicon_state_data,ball,1,0,1.370884492,0.082523857,0.880156486,0.000000000,0.000000000,0.000000000,1.000000000,1,-0.822244310,-0.460150169,0.820807905,0.000000000,0.000000000,-0.038028338,0.999276661
1782472914.852960110,341.170668602,2277,vicon_state_data,ball,1,0,1.618199854,0.075288866,0.852349012,0.000000000,0.000000000,0.000000000,1.000000000,1,-0.822230197,-0.460146907,0.820790551,0.000000000,0.000000000,-0.037970792,0.999278849
1782472914.853529930,341.171238422,2278,vicon_state_data,ball,1,0,1.644663259,0.075561568,0.898923163,0.000000000,0.000000000,0.000000000,1.000000000,1,-0.822231934,-0.460191855,0.820846877,0.000000000,0.000000000,-0.038064111,0.999275299
1782472914.854085445,341.171793938,2279,vicon_state_data,ball,1,0,1.700427429,-0.064499337,0.887418282,0.000000000,0.000000000,0.000000000,1.000000000,1,-0.822265197,-0.460251818,0.820882462,0.000000000,0.000000000,-0.038052972,0.999275723
1782472914.854641199,341.172349691,2280,vicon_state_data,ball,1,0,1.600742034,0.153222200,0.897399027,0.000000000,0.000000000,0.000000000,1.000000000,1,-0.822248144,-0.460247158,0.820842185,0.000000000,0.000000000,-0.038009036,0.999277396
1782472914.930575609,341.248284101,2281,vicon_state_data,ball,1,0,1.371456740,0.167141144,0.882922602,0.000000000,0.000000000,0.000000000,1.000000000,1,-0.822241433,-0.460231832,0.820838611,0.000000000,0.000000000,-0.037975351,0.999278676
1782472914.931189537,341.248898029,2282,vicon_state_data,ball,1,0,1.362961970,0.126593430,0.901926097,0.000000000,0.000000000,0.000000000,1.000000000,1,-0.822249523,-0.460268620,0.820840344,0.000000000,0.000000000,-0.038002024,0.999277662
1782472914.931515694,341.249224186,2283,vicon_state_data,ball,1,0,1.370444837,0.109243344,0.880689544,0.000000000,0.000000000,0.000000000,1.000000000,1,-0.822252679,-0.460231860,0.820863222,0.000000000,0.000000000,-0.037998529,0.999277795
1782472914.931810141,341.249518633,2284,vicon_state_data,ball,1,0,1.714529109,-0.020490085,0.842980319,0.000000000,0.000000000,0.000000000,1.000000000,1,-0.822229122,-0.460243578,0.820870525,0.000000000,0.000000000,-0.038022378,0.999276888
1782472914.932091951,341.249800444,2285,vicon_state_data,ball,1,0,1.559221332,-0.110069714,1.141104510,0.000000000,0.000000000,0.000000000,1.000000000,1,-0.822241897,-0.460264370,0.820903196,0.000000000,0.000000000,-0.038279142,0.999267085
1782472914.932391644,341.250100136,2286,vicon_state_data,ball,1,0,1.370545694,0.109561054,0.879909950,0.000000000,0.000000000,0.000000000,1.000000000,1,-0.822267426,-0.460289856,0.820931781,0.000000000,0.000000000,-0.038038995,0.999276256
1782472914.932679653,341.250388145,2287,vicon_state_data,ball,1,0,1.361632872,0.102519356,0.905272922,0.000000000,0.000000000,0.000000000,1.000000000,1,-0.822260959,-0.460348100,0.820899643,0.000000000,0.000000000,-0.038136387,0.999272543
1782472914.932959080,341.250667572,2288,vicon_state_data,ball,1,0,1.365413415,0.089451448,0.896056396,0.000000000,0.000000000,0.000000000,1.000000000,1,-0.822227343,-0.460298415,0.820887040,0.000000000,0.000000000,-0.038030788,0.999276568
1782472914.933237791,341.250946283,2289,vicon_state_data,ball,1,0,1.370647579,0.103788443,0.884661251,0.000000000,0.000000000,0.000000000,1.000000000,1,-0.822298925,-0.460388329,0.820890284,0.000000000,0.000000000,-0.037911311,0.999281108
1782472914.999684334,341.317392826,2290,vicon_state_data,ball,1,0,1.370667253,0.095322089,0.879751848,0.000000000,0.000000000,0.000000000,1.000000000,1,-0.822276694,-0.460325316,0.820836532,0.000000000,0.000000000,-0.037996306,0.999277880
1782472915.000270128,341.317978621,2291,vicon_state_data,ball,1,0,1.371422336,0.193674140,0.883329522,0.000000000,0.000000000,0.000000000,1.000000000,1,-0.822271248,-0.460339565,0.820835537,0.000000000,0.000000000,-0.037922541,0.999280682
1782472915.002914667,341.320623159,2292,vicon_state_data,ball,1,0,1.369476379,0.174937084,0.889187504,0.000000000,0.000000000,0.000000000,1.000000000,1,-0.822250019,-0.460318771,0.820829729,0.000000000,0.000000000,-0.037824482,0.999284398
1782472915.005506277,341.323214769,2293,vicon_state_data,ball,1,0,1.634219007,0.048735484,0.950032028,0.000000000,0.000000000,0.000000000,1.000000000,1,-0.822281665,-0.460338133,0.820845218,0.000000000,0.000000000,-0.037752461,0.999287122
1782472915.006968975,341.324677467,2294,vicon_state_data,ball,1,0,1.680188710,0.012671294,0.867408099,0.000000000,0.000000000,0.000000000,1.000000000,1,-0.822273654,-0.460347857,0.820890117,0.000000000,0.000000000,-0.037772284,0.999286373
1782472915.008480310,341.326188803,2295,vicon_state_data,ball,1,0,1.370387555,0.084652242,0.880976248,0.000000000,0.000000000,0.000000000,1.000000000,1,-0.822282165,-0.460359414,0.820868964,0.000000000,0.000000000,-0.037751136,0.999287172
1782472915.009960651,341.327669144,2296,vicon_state_data,ball,1,0,1.369806692,0.073492948,0.882959209,0.000000000,0.000000000,0.000000000,1.000000000,1,-0.822260128,-0.460383189,0.820900521,0.000000000,0.000000000,-0.037960710,0.999279233
1782472915.011417866,341.329126358,2297,vicon_state_data,ball,1,0,1.370600420,0.069793644,0.880433001,0.000000000,0.000000000,0.000000000,1.000000000,1,-0.822243582,-0.460316018,0.820861891,0.000000000,0.000000000,-0.037880869,0.999282262
1782472915.012845516,341.330554008,2298,vicon_state_data,ball,1,0,1.370858051,0.095135690,0.879561667,0.000000000,0.000000000,0.000000000,1.000000000,1,-0.822245395,-0.460397850,0.820879710,0.000000000,0.000000000,-0.037930843,0.999280367
1782472915.014258623,341.331967115,2299,vicon_state_data,ball,1,0,1.370301860,0.116987716,0.882902753,0.000000000,0.000000000,0.000000000,1.000000000,1,-0.822234937,-0.460393966,0.820835017,0.000000000,0.000000000,-0.037924272,0.999280616
1782472915.015701771,341.333410263,2300,vicon_state_data,ball,1,0,1.370697558,0.095033673,0.879662226,0.000000000,0.000000000,0.000000000,1.000000000,1,-0.822234618,-0.460332446,0.820780057,0.000000000,0.000000000,-0.037852341,0.999283343
1782472915.018296719,341.336005211,2301,vicon_state_data,ball,1,0,1.369874956,0.072187358,0.882269947,0.000000000,0.000000000,0.000000000,1.000000000,1,-0.822247519,-0.460333304,0.820770100,0.000000000,0.000000000,-0.037891691,0.999281852
1782472915.088709831,341.406418324,2302,vicon_state_data,ball,1,0,1.369814719,0.087121561,0.882745724,0.000000000,0.000000000,0.000000000,1.000000000,1,-0.822218179,-0.460323067,0.820787097,0.000000000,0.000000000,-0.037760187,0.999286830
1782472915.095956326,341.413664818,2303,vicon_state_data,ball,1,0,1.370506102,0.082825200,0.880905213,0.000000000,0.000000000,0.000000000,1.000000000,1,-0.822239345,-0.460311469,0.820783967,0.000000000,0.000000000,-0.037669912,0.999290237
1782472915.102634907,341.420343399,2304,vicon_state_data,ball,1,0,1.370983293,0.096722637,0.880971696,0.000000000,0.000000000,0.000000000,1.000000000,1,-0.822234087,-0.460346899,0.820802692,0.000000000,0.000000000,-0.037755901,0.999286992
1782472915.109299421,341.427007914,2305,vicon_state_data,ball,1,0,1.359184175,0.104921494,0.916133035,0.000000000,0.000000000,0.000000000,1.000000000,1,-0.822228092,-0.460369611,0.820838560,0.000000000,0.000000000,-0.037830794,0.999284159
1782472915.112921715,341.430630207,2306,vicon_state_data,ball,1,0,1.370304048,0.117197090,0.882969749,0.000000000,0.000000000,0.000000000,1.000000000,1,-0.822217694,-0.460375013,0.820861470,0.000000000,0.000000000,-0.037993305,0.999277994
1782472915.116495609,341.434204102,2307,vicon_state_data,ball,1,0,1.370463713,0.109356188,0.880957327,0.000000000,0.000000000,0.000000000,1.000000000,1,-0.822221803,-0.460358741,0.820870624,0.000000000,0.000000000,-0.037957251,0.999279364
1782472915.120067596,341.437776089,2308,vicon_state_data,ball,1,0,1.363988704,0.176915600,0.902708098,0.000000000,0.000000000,0.000000000,1.000000000,1,-0.822234467,-0.460396220,0.820833758,0.000000000,0.000000000,-0.038057581,0.999275548
1782472915.123613834,341.441322327,2309,vicon_state_data,ball,1,0,1.351734579,0.112559425,0.933082755,0.000000000,0.000000000,0.000000000,1.000000000,1,-0.822214932,-0.460314645,0.820816482,0.000000000,0.000000000,-0.037980244,0.999278490
1782472915.127242804,341.444951296,2310,vicon_state_data,ball,1,0,1.370151494,0.114072037,0.882550029,0.000000000,0.000000000,0.000000000,1.000000000,1,-0.822234407,-0.460358359,0.820811999,0.000000000,0.000000000,-0.037972844,0.999278771
1782472915.133994341,341.451702833,2311,vicon_state_data,ball,1,0,1.370299120,0.121738232,0.880314640,0.000000000,0.000000000,0.000000000,1.000000000,1,-0.822210178,-0.460334211,0.820788937,0.000000000,0.000000000,-0.037909738,0.999281168
1782472915.140632391,341.458340883,2312,vicon_state_data,ball,1,0,1.370475875,0.103719580,0.884176844,0.000000000,0.000000000,0.000000000,1.000000000,1,-0.822221215,-0.460338992,0.820782828,0.000000000,0.000000000,-0.037867689,0.999282762
1782472915.147342443,341.465050936,2313,vicon_state_data,ball,1,0,1.654290309,0.066490848,0.924182502,0.000000000,0.000000000,0.000000000,1.000000000,1,-0.822247581,-0.460363476,0.820798354,0.000000000,0.000000000,-0.037795822,0.999285483
1782472915.150949478,341.468657970,2314,vicon_state_data,ball,1,0,1.572567191,-0.110763578,1.138247393,0.000000000,0.000000000,0.000000000,1.000000000,1,-0.822251393,-0.460378522,0.820790426,0.000000000,0.000000000,-0.037704081,0.999288948
1782472915.154782057,341.472490549,2315,vicon_state_data,ball,1,0,1.691808202,-0.019977673,0.861476683,0.000000000,0.000000000,0.000000000,1.000000000,1,-0.822251099,-0.460424198,0.820789626,0.000000000,0.000000000,-0.037783077,0.999285965
1782472915.158644438,341.476352930,2316,vicon_state_data,ball,1,0,1.642108118,0.074487588,0.946965827,0.000000000,0.000000000,0.000000000,1.000000000,1,-0.822248048,-0.460437638,0.820863848,0.000000000,0.000000000,-0.037927276,0.999280502
1782472915.162657738,341.480366230,2317,vicon_state_data,ball,1,0,1.693758583,-0.018555568,0.800952325,0.000000000,0.000000000,0.000000000,1.000000000,1,-0.822246864,-0.460415023,0.820822386,0.000000000,0.000000000,-0.037848469,0.999283490
1782472915.163182735,341.480891228,2318,vicon_state_data,ball,1,0,1.624503219,0.068117097,0.926030862,0.000000000,0.000000000,0.000000000,1.000000000,1,-0.822245082,-0.460411604,0.820828747,0.000000000,0.000000000,-0.037807115,0.999285055
1782472915.163676739,341.481385231,2319,vicon_state_data,ball,1,0,1.361262161,0.117456271,0.906584897,0.000000000,0.000000000,0.000000000,1.000000000,1,-0.822226399,-0.460334173,0.820800329,0.000000000,0.000000000,-0.037850361,0.999283418
1782472915.164232254,341.481940746,2320,vicon_state_data,ball,1,0,1.365344258,0.111718260,0.898250481,0.000000000,0.000000000,0.000000000,1.000000000,1,-0.822233526,-0.460385465,0.820841437,0.000000000,0.000000000,-0.037894140,0.999281759
1782472915.256659508,341.574368000,2321,vicon_state_data,ball,1,0,1.371537213,0.143899688,0.877248379,0.000000000,0.000000000,0.000000000,1.000000000,1,-0.822228538,-0.460384001,0.820820497,0.000000000,0.000000000,-0.037901955,0.999281463
1782472915.257219076,341.574927568,2322,vicon_state_data,ball,1,0,1.371422226,0.193097695,0.882525778,0.000000000,0.000000000,0.000000000,1.000000000,1,-0.822237581,-0.460374942,0.820793208,0.000000000,0.000000000,-0.037940439,0.999280002
1782472915.257568359,341.575276852,2323,vicon_state_data,ball,1,0,1.371513828,0.173339998,0.879329876,0.000000000,0.000000000,0.000000000,1.000000000,1,-0.822240724,-0.460411627,0.820789266,0.000000000,0.000000000,-0.037909102,0.999281192
1782472915.257859230,341.575567722,2324,vicon_state_data,ball,1,0,1.371174417,0.138778671,0.882260105,0.000000000,0.000000000,0.000000000,1.000000000,1,-0.822265361,-0.460431087,0.820832960,0.000000000,0.000000000,-0.037821404,0.999284515
1782472915.258139372,341.575847864,2325,vicon_state_data,ball,1,0,1.370608828,0.129934370,0.884157643,0.000000000,0.000000000,0.000000000,1.000000000,1,-0.822269331,-0.460444171,0.820865653,0.000000000,0.000000000,-0.037840771,0.999283782
1782472915.258459568,341.576168060,2326,vicon_state_data,ball,1,0,1.371140654,0.136835606,0.880413016,0.000000000,0.000000000,0.000000000,1.000000000,1,-0.822288236,-0.460461064,0.820884376,0.000000000,0.000000000,-0.037900848,0.999281505
1782472915.258747339,341.576455832,2327,vicon_state_data,ball,1,0,1.371133668,0.138510413,0.881964232,0.000000000,0.000000000,0.000000000,1.000000000,1,-0.822291947,-0.460434159,0.820888112,0.000000000,0.000000000,-0.037866851,0.999282794
1782472915.259026766,341.576735258,2328,vicon_state_data,ball,1,0,1.371112711,0.082737984,0.880600761,0.000000000,0.000000000,0.000000000,1.000000000,1,-0.822301165,-0.460377402,0.820869165,0.000000000,0.000000000,-0.037785233,0.999285883
1782472915.259323597,341.577032089,2329,vicon_state_data,ball,1,0,1.368969985,0.116883763,0.883257345,0.000000000,0.000000000,0.000000000,1.000000000,1,-0.822308350,-0.460394112,0.820838761,0.000000000,0.000000000,-0.037802466,0.999285231
1782472915.259602785,341.577311277,2330,vicon_state_data,ball,1,0,1.370947399,0.212861767,0.879356288,0.000000000,0.000000000,0.000000000,1.000000000,1,-0.822296542,-0.460352654,0.820827416,0.000000000,0.000000000,-0.037746868,0.999287333
1782472915.327929497,341.645637989,2331,vicon_state_data,ball,1,0,1.367407312,0.165614566,0.891933740,0.000000000,0.000000000,0.000000000,1.000000000,1,-0.822298842,-0.460398490,0.820874628,0.000000000,0.000000000,-0.037886486,0.999282049
1782472915.328609228,341.646317720,2332,vicon_state_data,ball,1,0,1.372098496,0.215993249,0.881848270,0.000000000,0.000000000,0.000000000,1.000000000,1,-0.822287073,-0.460344939,0.820829662,0.000000000,0.000000000,-0.037717289,0.999288450
1782472915.328955650,341.646664143,2333,vicon_state_data,ball,1,0,1.361691524,0.159659546,0.907218227,0.000000000,0.000000000,0.000000000,1.000000000,1,-0.822303486,-0.460383308,0.820823702,0.000000000,0.000000000,-0.037696338,0.999289240
1782472915.329273939,341.646982431,2334,vicon_state_data,ball,1,0,1.362150217,0.158298664,0.907042526,0.000000000,0.000000000,0.000000000,1.000000000,1,-0.822296810,-0.460396463,0.820800851,0.000000000,0.000000000,-0.037831469,0.999284134
1782472915.329574585,341.647283077,2335,vicon_state_data,ball,1,0,1.362956794,0.173223454,0.905988454,0.000000000,0.000000000,0.000000000,1.000000000,1,-0.822302210,-0.460371959,0.820795030,0.000000000,0.000000000,-0.037784252,0.999285920
1782472915.329863071,341.647571564,2336,vicon_state_data,ball,1,0,1.370765703,0.093707433,0.879060782,0.000000000,0.000000000,0.000000000,1.000000000,1,-0.822310037,-0.460382636,0.820792790,0.000000000,0.000000000,-0.037759137,0.999286870
1782472915.330148458,341.647856951,2337,vicon_state_data,ball,1,0,1.371336731,0.138391032,0.881591396,0.000000000,0.000000000,0.000000000,1.000000000,1,-0.822312534,-0.460356647,0.820775295,0.000000000,0.000000000,-0.037716947,0.999288463
1782472915.330448627,341.648157120,2338,vicon_state_data,ball,1,0,1.371113058,0.139028257,0.882075431,0.000000000,0.000000000,0.000000000,1.000000000,1,-0.822335868,-0.460369450,0.820811320,0.000000000,0.000000000,-0.037593064,0.999293131
1782472915.330758095,341.648466587,2339,vicon_state_data,ball,1,0,1.366430124,0.124181376,0.891173782,0.000000000,0.000000000,0.000000000,1.000000000,1,-0.822337478,-0.460339791,0.820826614,0.000000000,0.000000000,-0.037539888,0.999295130
1782472915.414056778,341.731765270,2340,vicon_state_data,ball,1,0,1.345471164,0.269674246,0.955686918,0.000000000,0.000000000,0.000000000,1.000000000,1,-0.822333394,-0.460321406,0.820805114,0.000000000,0.000000000,-0.037549307,0.999294776
1782472915.414901018,341.732609510,2341,vicon_state_data,ball,1,0,1.371223525,0.192282277,0.882844562,0.000000000,0.000000000,0.000000000,1.000000000,1,-0.822352789,-0.460364033,0.820815487,0.000000000,0.000000000,-0.037604692,0.999292693
1782472915.415432215,341.733140707,2342,vicon_state_data,ball,1,0,1.366051603,0.119096505,0.895824902,0.000000000,0.000000000,0.000000000,1.000000000,1,-0.822359437,-0.460443472,0.820842428,0.000000000,0.000000000,-0.037792433,0.999285611
1782472915.415939808,341.733648300,2343,vicon_state_data,ball,1,0,1.370549980,0.048471492,0.883135501,0.000000000,0.000000000,0.000000000,1.000000000,1,-0.822364796,-0.460376634,0.820831041,0.000000000,0.000000000,-0.037719256,0.999288376
1782472915.416433334,341.734141827,2344,vicon_state_data,ball,1,0,1.371061574,0.083123882,0.880772623,0.000000000,0.000000000,0.000000000,1.000000000,1,-0.822381778,-0.460375087,0.820833008,0.000000000,0.000000000,-0.037762966,0.999286725
1782472915.416917562,341.734626055,2345,vicon_state_data,ball,1,0,1.370360505,0.109672481,0.880380503,0.000000000,0.000000000,0.000000000,1.000000000,1,-0.822377243,-0.460343403,0.820822087,0.000000000,0.000000000,-0.037632186,0.999291658
1782472915.417409182,341.735117674,2346,vicon_state_data,ball,1,0,1.370256891,0.061733565,0.882877886,0.000000000,0.000000000,0.000000000,1.000000000,1,-0.822385368,-0.460375491,0.820859871,0.000000000,0.000000000,-0.037788764,0.999285750
1782472915.417885780,341.735594273,2347,vicon_state_data,ball,1,0,1.365696338,0.089531093,0.895200132,0.000000000,0.000000000,0.000000000,1.000000000,1,-0.822379582,-0.460340770,0.820865596,0.000000000,0.000000000,-0.037656664,0.999290736
1782472915.420731068,341.738439560,2348,vicon_state_data,ball,1,0,1.371418337,0.149212545,0.879988405,0.000000000,0.000000000,0.000000000,1.000000000,1,-0.822384540,-0.460348647,0.820840953,0.000000000,0.000000000,-0.037568242,0.999294064
1782472915.423583269,341.741291761,2349,vicon_state_data,ball,1,0,1.370308860,0.129132218,0.883909069,0.000000000,0.000000000,0.000000000,1.000000000,1,-0.822372864,-0.460286187,0.820815525,0.000000000,0.000000000,-0.037524713,0.999295700
1782472915.500957727,341.818666220,2350,vicon_state_data,ball,1,0,1.369962965,0.060629133,0.882472193,0.000000000,0.000000000,0.000000000,1.000000000,1,-0.822346485,-0.460336545,0.820878295,0.000000000,0.000000000,-0.037817038,0.999284680
1782472915.504064322,341.821772814,2351,vicon_state_data,ball,1,0,1.369395717,0.089165240,0.884123596,0.000000000,0.000000000,0.000000000,1.000000000,1,-0.822364616,-0.460296692,0.820845161,0.000000000,0.000000000,-0.037636028,0.999291514
1782472915.505623579,341.823332071,2352,vicon_state_data,ball,1,0,1.370670090,0.102721028,0.883288989,0.000000000,0.000000000,0.000000000,1.000000000,1,-0.822358597,-0.460294564,0.820845298,0.000000000,0.000000000,-0.037700761,0.999289074
1782472915.507123947,341.824832439,2353,vicon_state_data,ball,1,0,1.359506329,0.150784587,0.914332184,0.000000000,0.000000000,0.000000000,1.000000000,1,-0.822412028,-0.460376544,0.820921687,0.000000000,0.000000000,-0.037614267,0.999292333
1782472915.508557320,341.826265812,2354,vicon_state_data,ball,1,0,1.363068513,0.100461076,0.901892171,0.000000000,0.000000000,0.000000000,1.000000000,1,-0.822411428,-0.460338063,0.820909134,0.000000000,0.000000000,-0.037607407,0.999292591
1782472915.509987593,341.827696085,2355,vicon_state_data,ball,1,0,1.366715851,0.118024157,0.895700835,0.000000000,0.000000000,0.000000000,1.000000000,1,-0.822410453,-0.460314415,0.820891011,0.000000000,0.000000000,-0.037475342,0.999297553
1782472915.511429071,341.829137564,2356,vicon_state_data,ball,1,0,1.610306560,0.105679318,0.888471983,0.000000000,0.000000000,0.000000000,1.000000000,1,-0.822407799,-0.460321911,0.820855755,0.000000000,0.000000000,-0.037573436,0.999293869
1782472915.512851477,341.830559969,2357,vicon_state_data,ball,1,0,1.649741426,0.002450291,0.789316143,0.000000000,0.000000000,0.000000000,1.000000000,1,-0.822457886,-0.460332517,0.820832502,0.000000000,0.000000000,-0.037573837,0.999293854
1782472915.513113737,341.830822229,2358,vicon_state_data,ball,1,0,1.639098835,-0.011795072,0.832532316,0.000000000,0.000000000,0.000000000,1.000000000,1,-0.822448156,-0.460270349,0.820827607,0.000000000,0.000000000,-0.037514402,0.999296087
1782472915.513384342,341.831092834,2359,vicon_state_data,ball,1,0,1.638840219,0.086000108,0.891302344,0.000000000,0.000000000,0.000000000,1.000000000,1,-0.822472362,-0.460295360,0.820845367,0.000000000,0.000000000,-0.037505541,0.999296420
1782472915.513677835,341.831386328,2360,vicon_state_data,ball,1,0,1.362210629,0.033279917,0.905238378,0.000000000,0.000000000,0.000000000,1.000000000,1,-0.822485648,-0.460283551,0.820909084,0.000000000,0.000000000,-0.037509358,0.999296276
1782472915.580386400,341.898094893,2361,vicon_state_data,ball,1,0,1.349542014,0.099045331,0.941550820,0.000000000,0.000000000,0.000000000,1.000000000,1,-0.822464185,-0.460246431,0.820893945,0.000000000,0.000000000,-0.037522330,0.999295789
1782472915.581001759,341.898710251,2362,vicon_state_data,ball,1,0,1.484974196,-0.007494543,0.549844520,0.000000000,0.000000000,0.000000000,1.000000000,1,-0.822469249,-0.460216485,0.820882073,0.000000000,0.000000000,-0.037544547,0.999294955
1782472915.581343889,341.899052382,2363,vicon_state_data,ball,1,0,1.705706050,-0.205171836,0.669732441,0.000000000,0.000000000,0.000000000,1.000000000,1,-0.822471094,-0.460208068,0.820882061,0.000000000,0.000000000,-0.037732861,0.999287862
1782472915.581649780,341.899358273,2364,vicon_state_data,ball,1,0,1.619700698,0.081872639,0.846531260,0.000000000,0.000000000,0.000000000,1.000000000,1,-0.822469263,-0.460201314,0.820862185,0.000000000,0.000000000,-0.037643648,0.999291227
1782472915.581948042,341.899656534,2365,vicon_state_data,ball,1,0,1.698312307,0.072770507,0.869964149,0.000000000,0.000000000,0.000000000,1.000000000,1,-0.822460485,-0.460193606,0.820867395,0.000000000,0.000000000,-0.037594587,0.999293074
1782472915.582243919,341.899952412,2366,vicon_state_data,ball,1,0,1.688003901,0.023985646,0.888113631,0.000000000,0.000000000,0.000000000,1.000000000,1,-0.822465401,-0.460129590,0.820833321,0.000000000,0.000000000,-0.037620762,0.999292089
1782472915.582532883,341.900241375,2367,vicon_state_data,ball,1,0,1.657143783,0.034835797,0.830674464,0.000000000,0.000000000,0.000000000,1.000000000,1,-0.822483546,-0.460154218,0.820871083,0.000000000,0.000000000,-0.037540922,0.999295091
1782472915.582811356,341.900519848,2368,vicon_state_data,ball,1,0,1.651332443,0.039155855,0.959224500,0.000000000,0.000000000,0.000000000,1.000000000,1,-0.822494550,-0.460162134,0.820860477,0.000000000,0.000000000,-0.037456669,0.999298253
1782472915.583091974,341.900800467,2369,vicon_state_data,ball,1,0,1.635014259,0.084260193,0.949665532,0.000000000,0.000000000,0.000000000,1.000000000,1,-0.822470247,-0.460128266,0.820830030,0.000000000,0.000000000,-0.037401028,0.999300337
1782472915.651121855,341.968830347,2370,vicon_state_data,ball,1,0,1.630568094,0.025583444,0.876663625,0.000000000,0.000000000,0.000000000,1.000000000,1,-0.822476535,-0.460147179,0.820818367,0.000000000,0.000000000,-0.037508309,0.999296316
1782472915.651736021,341.969444513,2371,vicon_state_data,ball,1,0,1.645480727,0.077317273,0.942281038,0.000000000,0.000000000,0.000000000,1.000000000,1,-0.822481516,-0.460125068,0.820824798,0.000000000,0.000000000,-0.037418003,0.999299701
1782472915.652064562,341.969773054,2372,vicon_state_data,ball,1,0,1.597797290,0.157242355,0.879988834,0.000000000,0.000000000,0.000000000,1.000000000,1,-0.822522424,-0.460153211,0.820855490,0.000000000,0.000000000,-0.037446523,0.999298633
1782472915.652400494,341.970108986,2373,vicon_state_data,ball,1,0,1.351924488,0.154930686,0.935805321,0.000000000,0.000000000,0.000000000,1.000000000,1,-0.822510332,-0.460106064,0.820865108,0.000000000,0.000000000,-0.037393749,0.999300609
1782472915.652725220,341.970433712,2374,vicon_state_data,ball,1,0,1.362149467,0.118440279,0.906797597,0.000000000,0.000000000,0.000000000,1.000000000,1,-0.822506252,-0.460122141,0.820865320,0.000000000,0.000000000,-0.037552441,0.999294658
1782472915.653022528,341.970731020,2375,vicon_state_data,ball,1,0,1.370314003,0.128463340,0.883058808,0.000000000,0.000000000,0.000000000,1.000000000,1,-0.822514586,-0.460106715,0.820893093,0.000000000,0.000000000,-0.037434298,0.999299091
1782472915.653318405,341.971026897,2376,vicon_state_data,ball,1,0,1.304037017,-0.072983632,1.072858357,0.000000000,0.000000000,0.000000000,1.000000000,1,-0.822509563,-0.460099022,0.820870283,0.000000000,0.000000000,-0.037547139,0.999294858
1782472915.653606176,341.971314669,2377,vicon_state_data,ball,1,0,1.549167307,-0.158356493,1.110454292,0.000000000,0.000000000,0.000000000,1.000000000,1,-0.822504660,-0.460091044,0.820867902,0.000000000,0.000000000,-0.037527230,0.999295605
1782472915.653886795,341.971595287,2378,vicon_state_data,ball,1,0,1.586631350,0.013939723,1.215284130,0.000000000,0.000000000,0.000000000,1.000000000,1,-0.822509338,-0.460095389,0.820862868,0.000000000,0.000000000,-0.037554446,0.999294583
1782472915.720705748,342.038414240,2379,vicon_state_data,ball,1,0,1.638969997,0.082477755,0.950330942,0.000000000,0.000000000,0.000000000,1.000000000,1,-0.822517044,-0.460109397,0.820853028,0.000000000,0.000000000,-0.037513262,0.999296130
1782472915.721334457,342.039042950,2380,vicon_state_data,ball,1,0,1.679315045,-0.029304314,0.790209764,0.000000000,0.000000000,0.000000000,1.000000000,1,-0.822510697,-0.460088562,0.820819799,0.000000000,0.000000000,-0.037555171,0.999294556
1782472915.721643448,342.039351940,2381,vicon_state_data,ball,1,0,1.651220327,0.090557717,0.961119353,0.000000000,0.000000000,0.000000000,1.000000000,1,-0.822511393,-0.460068373,0.820817779,0.000000000,0.000000000,-0.037508071,0.999296325
1782472915.721896887,342.039605379,2382,vicon_state_data,ball,1,0,1.662259813,0.069498039,0.932442791,0.000000000,0.000000000,0.000000000,1.000000000,1,-0.822513146,-0.460038100,0.820820783,0.000000000,0.000000000,-0.037366931,0.999301612
1782472915.722209454,342.039917946,2383,vicon_state_data,ball,1,0,1.649785085,0.056028492,0.890285297,0.000000000,0.000000000,0.000000000,1.000000000,1,-0.822523802,-0.460045253,0.820845228,0.000000000,0.000000000,-0.037281182,0.999304815
1782472915.722525358,342.040233850,2384,vicon_state_data,ball,1,0,1.685157714,0.038600971,0.882819313,0.000000000,0.000000000,0.000000000,1.000000000,1,-0.822531120,-0.460032146,0.820875090,0.000000000,0.000000000,-0.037342054,0.999302542
1782472915.722816467,342.040524960,2385,vicon_state_data,ball,1,0,1.636920273,0.026493502,0.876696610,0.000000000,0.000000000,0.000000000,1.000000000,1,-0.822533963,-0.460021144,0.820898655,0.000000000,0.000000000,-0.037453997,0.999298353
1782472915.723096848,342.040805340,2386,vicon_state_data,ball,1,0,1.365826179,0.116954066,0.895651421,0.000000000,0.000000000,0.000000000,1.000000000,1,-0.822582919,-0.460065604,0.820940042,0.000000000,0.000000000,-0.037370592,0.999301475
1782472915.723394156,342.041102648,2387,vicon_state_data,ball,1,0,1.370970938,0.218939732,0.882463193,0.000000000,0.000000000,0.000000000,1.000000000,1,-0.822566201,-0.460039901,0.820900912,0.000000000,0.000000000,-0.037420073,0.999299624
1782472915.791117668,342.108826160,2388,vicon_state_data,ball,1,0,1.370270421,0.108671652,0.879006813,0.000000000,0.000000000,0.000000000,1.000000000,1,-0.822564122,-0.460031512,0.820863920,0.000000000,0.000000000,-0.037392627,0.999300651
1782472915.791704893,342.109413385,2389,vicon_state_data,ball,1,0,1.362424520,0.093604013,0.905875617,0.000000000,0.000000000,0.000000000,1.000000000,1,-0.822578493,-0.460022946,0.820863700,0.000000000,0.000000000,-0.037442554,0.999298782
1782472915.792041779,342.109750271,2390,vicon_state_data,ball,1,0,1.370738612,0.078447297,0.883636695,0.000000000,0.000000000,0.000000000,1.000000000,1,-0.822582994,-0.459991091,0.820820941,0.000000000,0.000000000,-0.037326471,0.999303124
1782472915.792360544,342.110069036,2391,vicon_state_data,ball,1,0,1.652417958,0.065950589,0.903496518,0.000000000,0.000000000,0.000000000,1.000000000,1,-0.822577071,-0.459949129,0.820826117,0.000000000,0.000000000,-0.037364257,0.999301712
1782472915.792669296,342.110377789,2392,vicon_state_data,ball,1,0,1.636780987,0.044679690,0.915772584,0.000000000,0.000000000,0.000000000,1.000000000,1,-0.822574540,-0.459948744,0.820828968,0.000000000,0.000000000,-0.037380340,0.999301111
1782472915.792962074,342.110670567,2393,vicon_state_data,ball,1,0,1.351868204,0.070765448,0.933791901,0.000000000,0.000000000,0.000000000,1.000000000,1,-0.822589967,-0.459936289,0.820859263,0.000000000,0.000000000,-0.037430948,0.999299217
1782472915.793276072,342.110984564,2394,vicon_state_data,ball,1,0,1.363650122,0.178483424,0.905927370,0.000000000,0.000000000,0.000000000,1.000000000,1,-0.822576476,-0.459922688,0.820872039,0.000000000,0.000000000,-0.037466878,0.999297870
1782472915.793579578,342.111288071,2395,vicon_state_data,ball,1,0,1.359054739,0.049613611,0.912951710,0.000000000,0.000000000,0.000000000,1.000000000,1,-0.822616166,-0.459969076,0.820934874,0.000000000,0.000000000,-0.037480388,0.999297363
1782472915.793869019,342.111577511,2396,vicon_state_data,ball,1,0,1.367299059,0.067916836,0.888623288,0.000000000,0.000000000,0.000000000,1.000000000,1,-0.822592962,-0.459936173,0.820900865,0.000000000,0.000000000,-0.037531263,0.999295454
1782472915.794159889,342.111868382,2397,vicon_state_data,ball,1,0,1.371258856,0.095003430,0.878670016,0.000000000,0.000000000,0.000000000,1.000000000,1,-0.822597693,-0.459927458,0.820892209,0.000000000,0.000000000,-0.037513541,0.999296119
1782472915.794462442,342.112170935,2398,vicon_state_data,ball,1,0,1.360795451,0.035017627,0.904826972,0.000000000,0.000000000,0.000000000,1.000000000,1,-0.822606484,-0.459909002,0.820883599,0.000000000,0.000000000,-0.037387899,0.999300828
1782472915.794740200,342.112448692,2399,vicon_state_data,ball,1,0,1.362718203,0.077234617,0.906698293,0.000000000,0.000000000,0.000000000,1.000000000,1,-0.822601422,-0.459873277,0.820856299,0.000000000,0.000000000,-0.037347270,0.999302347
1782472915.862384081,342.180092573,2400,vicon_state_data,ball,1,0,1.346937407,0.257528331,0.946175957,0.000000000,0.000000000,0.000000000,1.000000000,1,-0.822592142,-0.459863035,0.820827948,0.000000000,0.000000000,-0.037457953,0.999298205
1782472915.862921715,342.180630207,2401,vicon_state_data,ball,1,0,1.367850395,0.240175610,0.890909819,0.000000000,0.000000000,0.000000000,1.000000000,1,-0.822607900,-0.459844554,0.820823925,0.000000000,0.000000000,-0.037357980,0.999301947
1782472915.863255262,342.180963755,2402,vicon_state_data,ball,1,0,1.370569299,0.218544026,0.882509067,0.000000000,0.000000000,0.000000000,1.000000000,1,-0.822623261,-0.459888284,0.820834456,0.000000000,0.000000000,-0.037316252,0.999303506
1782472915.863560677,342.181269169,2403,vicon_state_data,ball,1,0,1.369292009,0.180504919,0.885777680,0.000000000,0.000000000,0.000000000,1.000000000,1,-0.822624719,-0.459866920,0.820810670,0.000000000,0.000000000,-0.037316095,0.999303512
1782472915.863856792,342.181565285,2404,vicon_state_data,ball,1,0,1.371546385,0.181162635,0.883129366,0.000000000,0.000000000,0.000000000,1.000000000,1,-0.822633371,-0.459848608,0.820838303,0.000000000,0.000000000,-0.037258969,0.999305644
1782472915.864156485,342.181864977,2405,vicon_state_data,ball,1,0,1.370428643,0.173321598,0.885849980,0.000000000,0.000000000,0.000000000,1.000000000,1,-0.822639992,-0.459869190,0.820885503,0.000000000,0.000000000,-0.037329067,0.999303027
1782472915.864465237,342.182173729,2406,vicon_state_data,ball,1,0,1.654671916,0.037875803,0.848353757,0.000000000,0.000000000,0.000000000,1.000000000,1,-0.822638057,-0.459864563,0.820885205,0.000000000,0.000000000,-0.037328580,0.999303046
1782472915.864747763,342.182456255,2407,vicon_state_data,ball,1,0,1.673190587,-0.000446578,0.835724112,0.000000000,0.000000000,0.000000000,1.000000000,1,-0.822648004,-0.459863892,0.820894079,0.000000000,0.000000000,-0.037420903,0.999299593
1782472915.930139303,342.247847795,2408,vicon_state_data,ball,1,0,1.688802433,0.065552501,0.895510465,0.000000000,0.000000000,0.000000000,1.000000000,1,-0.822638086,-0.459805719,0.820856655,0.000000000,0.000000000,-0.037432496,0.999299159
1782472915.930726051,342.248434544,2409,vicon_state_data,ball,1,0,1.681338368,0.044193959,0.885898571,0.000000000,0.000000000,0.000000000,1.000000000,1,-0.822619358,-0.459771059,0.820843501,0.000000000,0.000000000,-0.037433234,0.999299131
1782472915.931057930,342.248766422,2410,vicon_state_data,ball,1,0,1.757071781,-0.143555416,1.116785933,0.000000000,0.000000000,0.000000000,1.000000000,1,-0.822615704,-0.459761150,0.820821755,0.000000000,0.000000000,-0.037518235,0.999295943
1782472915.932966948,342.250675440,2411,vicon_state_data,ball,1,0,1.637326679,0.037683649,0.910115481,0.000000000,0.000000000,0.000000000,1.000000000,1,-0.822634912,-0.459756641,0.820855401,0.000000000,0.000000000,-0.037402135,0.999300295
1782472915.934866667,342.252575159,2412,vicon_state_data,ball,1,0,1.665468264,0.047765874,0.938184429,0.000000000,0.000000000,0.000000000,1.000000000,1,-0.822627684,-0.459757171,0.820853685,0.000000000,0.000000000,-0.037365479,0.999301667
1782472915.936751842,342.254460335,2413,vicon_state_data,ball,1,0,1.661206596,0.075822222,0.922813766,0.000000000,0.000000000,0.000000000,1.000000000,1,-0.822661790,-0.459761808,0.820857983,0.000000000,0.000000000,-0.037379765,0.999301132
1782472915.938640356,342.256348848,2414,vicon_state_data,ball,1,0,1.691620749,0.057240332,0.859140950,0.000000000,0.000000000,0.000000000,1.000000000,1,-0.822682846,-0.459793452,0.820851138,0.000000000,0.000000000,-0.037407180,0.999300107
1782472915.940557718,342.258266211,2415,vicon_state_data,ball,1,0,1.646305657,0.089434158,0.915202173,0.000000000,0.000000000,0.000000000,1.000000000,1,-0.822649169,-0.459719044,0.820831472,0.000000000,0.000000000,-0.037413956,0.999299853
1782472915.942353010,342.260061502,2416,vicon_state_data,ball,1,0,1.660003132,0.046781902,0.925256402,0.000000000,0.000000000,0.000000000,1.000000000,1,-0.822665441,-0.459712848,0.820847502,0.000000000,0.000000000,-0.037326843,0.999303111
1782472915.944130421,342.261838913,2417,vicon_state_data,ball,1,0,1.642410234,0.065993909,0.932278829,0.000000000,0.000000000,0.000000000,1.000000000,1,-0.822671960,-0.459726886,0.820833315,0.000000000,0.000000000,-0.037385715,0.999300910
1782472915.945903063,342.263611555,2418,vicon_state_data,ball,1,0,1.370639787,0.095579421,0.879769667,0.000000000,0.000000000,0.000000000,1.000000000,1,-0.822653102,-0.459685856,0.820836007,0.000000000,0.000000000,-0.037459295,0.999298154
1782472916.013635635,342.331344128,2419,vicon_state_data,ball,1,0,1.370515202,0.108582406,0.880629783,0.000000000,0.000000000,0.000000000,1.000000000,1,-0.822637504,-0.459615124,0.820831682,0.000000000,0.000000000,-0.037478085,0.999297450
1782472916.016924858,342.334633350,2420,vicon_state_data,ball,1,0,1.305875285,-0.073315832,1.072046173,0.000000000,0.000000000,0.000000000,1.000000000,1,-0.822678305,-0.459662658,0.820865980,0.000000000,0.000000000,-0.037555622,0.999294539
1782472916.020045280,342.337753773,2421,vicon_state_data,ball,1,0,1.357398535,0.064288629,0.916684101,0.000000000,0.000000000,0.000000000,1.000000000,1,-0.822663578,-0.459650407,0.820853140,0.000000000,0.000000000,-0.037599823,0.999292877
1782472916.023226738,342.340935230,2422,vicon_state_data,ball,1,0,1.370923892,0.095662155,0.879994086,0.000000000,0.000000000,0.000000000,1.000000000,1,-0.822667120,-0.459631039,0.820844830,0.000000000,0.000000000,-0.037626345,0.999291878
1782472916.026574612,342.344283104,2423,vicon_state_data,ball,1,0,1.655308399,0.065774736,0.951913081,0.000000000,0.000000000,0.000000000,1.000000000,1,-0.822691266,-0.459619879,0.820836129,0.000000000,0.000000000,-0.037406745,0.999300123
1782472916.029895782,342.347604275,2424,vicon_state_data,ball,1,0,1.686997155,0.042656167,0.851600286,0.000000000,0.000000000,0.000000000,1.000000000,1,-0.822687515,-0.459605190,0.820822154,0.000000000,0.000000000,-0.037417340,0.999299726
1782472916.033012629,342.350721121,2425,vicon_state_data,ball,1,0,1.581090501,-0.094336145,1.147969108,0.000000000,0.000000000,0.000000000,1.000000000,1,-0.822687297,-0.459597620,0.820822855,0.000000000,0.000000000,-0.037469287,0.999297780
1782472916.035895586,342.353604078,2426,vicon_state_data,ball,1,0,1.662736601,0.013021665,0.862284813,0.000000000,0.000000000,0.000000000,1.000000000,1,-0.822685399,-0.459572709,0.820802793,0.000000000,0.000000000,-0.037270854,0.999305200
1782472916.038842201,342.356550694,2427,vicon_state_data,ball,1,0,1.684079234,0.062582755,0.849089734,0.000000000,0.000000000,0.000000000,1.000000000,1,-0.822698729,-0.459567518,0.820799850,0.000000000,0.000000000,-0.037237309,0.999306451
1782472916.041554451,342.359262943,2428,vicon_state_data,ball,1,0,1.631548071,0.022219629,0.884347327,0.000000000,0.000000000,0.000000000,1.000000000,1,-0.822679222,-0.459586452,0.820775491,0.000000000,0.000000000,-0.037537250,0.999295229
1782472916.044286251,342.361994743,2429,vicon_state_data,ball,1,0,1.630877662,0.053715417,0.923539338,0.000000000,0.000000000,0.000000000,1.000000000,1,-0.822653819,-0.459549715,0.820756411,0.000000000,0.000000000,-0.037524195,0.999295719
1782472916.047049046,342.364757538,2430,vicon_state_data,ball,1,0,1.651645563,0.089522459,0.962469613,0.000000000,0.000000000,0.000000000,1.000000000,1,-0.822670239,-0.459543626,0.820774812,0.000000000,0.000000000,-0.037501952,0.999296554
1782472916.049983501,342.367691994,2431,vicon_state_data,ball,1,0,1.624718397,0.063310995,0.881715640,0.000000000,0.000000000,0.000000000,1.000000000,1,-0.822669606,-0.459528484,0.820773131,0.000000000,0.000000000,-0.037485783,0.999297161
1782472916.119020224,342.436728716,2432,vicon_state_data,ball,1,0,1.356609984,0.138662074,0.922349040,0.000000000,0.000000000,0.000000000,1.000000000,1,-0.822680951,-0.459505175,0.820785782,0.000000000,0.000000000,-0.037467468,0.999297848
1782472916.122651815,342.440360308,2433,vicon_state_data,ball,1,0,1.289370543,-0.035681373,1.112001133,0.000000000,0.000000000,0.000000000,1.000000000,1,-0.822682442,-0.459523825,0.820793716,0.000000000,0.000000000,-0.037522892,0.999295768
1782472916.125909567,342.443618059,2434,vicon_state_data,ball,1,0,1.370212915,0.060326161,0.881750926,0.000000000,0.000000000,0.000000000,1.000000000,1,-0.822672688,-0.459496608,0.820766848,0.000000000,0.000000000,-0.037486940,0.999297118
1782472916.129386187,342.447094679,2435,vicon_state_data,ball,1,0,1.365764009,0.089865507,0.895337282,0.000000000,0.000000000,0.000000000,1.000000000,1,-0.822682864,-0.459506507,0.820778638,0.000000000,0.000000000,-0.037484189,0.999297221
1782472916.132595062,342.450303555,2436,vicon_state_data,ball,1,0,1.370191621,0.073857935,0.881809594,0.000000000,0.000000000,0.000000000,1.000000000,1,-0.822697085,-0.459474875,0.820805185,0.000000000,0.000000000,-0.037375410,0.999301295
1782472916.135747433,342.453455925,2437,vicon_state_data,ball,1,0,1.364266140,0.082241154,0.900139497,0.000000000,0.000000000,0.000000000,1.000000000,1,-0.822717215,-0.459449042,0.820842687,0.000000000,0.000000000,-0.037158216,0.999309395
1782472916.138932467,342.456640959,2438,vicon_state_data,ball,1,0,1.370153451,0.087310936,0.882595631,0.000000000,0.000000000,0.000000000,1.000000000,1,-0.822681159,-0.459430230,0.820798042,0.000000000,0.000000000,-0.037298616,0.999304165
1782472916.142115355,342.459823847,2439,vicon_state_data,ball,1,0,1.370300324,0.109909225,0.880077676,0.000000000,0.000000000,0.000000000,1.000000000,1,-0.822686279,-0.459426415,0.820807852,0.000000000,0.000000000,-0.037354120,0.999302091
1782472916.145343781,342.463052273,2440,vicon_state_data,ball,1,0,1.321948106,0.122221967,1.020415648,0.000000000,0.000000000,0.000000000,1.000000000,1,-0.822709306,-0.459478549,0.820818084,0.000000000,0.000000000,-0.037524146,0.999295721
1782472916.148478270,342.466186762,2441,vicon_state_data,ball,1,0,1.370007943,0.067088796,0.878761903,0.000000000,0.000000000,0.000000000,1.000000000,1,-0.822690328,-0.459462333,0.820785176,0.000000000,0.000000000,-0.037477725,0.999297463
1782472916.151663303,342.469371796,2442,vicon_state_data,ball,1,0,1.306487453,-0.086126237,1.063553667,0.000000000,0.000000000,0.000000000,1.000000000,1,-0.822688221,-0.459454075,0.820812226,0.000000000,0.000000000,-0.037556457,0.999294507
1782472916.154755592,342.472464085,2443,vicon_state_data,ball,1,0,1.306613587,-0.152802881,1.060935784,0.000000000,0.000000000,0.000000000,1.000000000,1,-0.822683059,-0.459427998,0.820786560,0.000000000,0.000000000,-0.037481537,0.999297320
1782472916.157978773,342.475687265,2444,vicon_state_data,ball,1,0,1.304020092,-0.061071829,1.080614824,0.000000000,0.000000000,0.000000000,1.000000000,1,-0.822709415,-0.459447587,0.820801048,0.000000000,0.000000000,-0.037438479,0.999298934
1782472916.161219835,342.478928328,2445,vicon_state_data,ball,1,0,1.622534717,0.048628385,0.893391962,0.000000000,0.000000000,0.000000000,1.000000000,1,-0.822694621,-0.459442824,0.820781335,0.000000000,0.000000000,-0.037414827,0.999299820
1782472916.164365768,342.482074261,2446,vicon_state_data,ball,1,0,1.620456455,0.038130979,0.931101538,0.000000000,0.000000000,0.000000000,1.000000000,1,-0.822693294,-0.459445583,0.820793907,0.000000000,0.000000000,-0.037365755,0.999301656
1782472916.232907295,342.550615788,2447,vicon_state_data,ball,1,0,1.362999968,0.078527525,0.903117554,0.000000000,0.000000000,0.000000000,1.000000000,1,-0.822703254,-0.459453483,0.820811672,0.000000000,0.000000000,-0.037478040,0.999297451
1782472916.236316442,342.554024935,2448,vicon_state_data,ball,1,0,1.370883108,0.194298059,0.883356710,0.000000000,0.000000000,0.000000000,1.000000000,1,-0.822666066,-0.459420900,0.820823736,0.000000000,0.000000000,-0.037573362,0.999293872
1782472916.239506721,342.557215214,2449,vicon_state_data,ball,1,0,1.364257369,0.080854740,0.902143606,0.000000000,0.000000000,0.000000000,1.000000000,1,-0.822671294,-0.459416392,0.820848900,0.000000000,0.000000000,-0.037563375,0.999294247
1782472916.242426872,342.560135365,2450,vicon_state_data,ball,1,0,1.346560993,0.017090142,0.953544198,0.000000000,0.000000000,0.000000000,1.000000000,1,-0.822682523,-0.459459691,0.820836840,0.000000000,0.000000000,-0.037667232,0.999290338
1782472916.243852377,342.561560869,2451,vicon_state_data,ball,1,0,1.369899902,0.059724255,0.883128326,0.000000000,0.000000000,0.000000000,1.000000000,1,-0.822672506,-0.459444187,0.820814478,0.000000000,0.000000000,-0.037689470,0.999289500
1782472916.245305777,342.563014269,2452,vicon_state_data,ball,1,0,1.366232346,0.083655643,0.891677152,0.000000000,0.000000000,0.000000000,1.000000000,1,-0.822678509,-0.459431895,0.820778900,0.000000000,0.000000000,-0.037545432,0.999294922
1782472916.246736050,342.564444542,2453,vicon_state_data,ball,1,0,1.371049525,0.219101404,0.882580947,0.000000000,0.000000000,0.000000000,1.000000000,1,-0.822681864,-0.459428849,0.820752522,0.000000000,0.000000000,-0.037487311,0.999297104
1782472916.248353243,342.566061735,2454,vicon_state_data,ball,1,0,1.371682633,0.081912970,0.878354772,0.000000000,0.000000000,0.000000000,1.000000000,1,-0.822684811,-0.459430037,0.820734014,0.000000000,0.000000000,-0.037575534,0.999293790
1782472916.249880314,342.567588806,2455,vicon_state_data,ball,1,0,1.343970623,0.275828781,0.961585379,0.000000000,0.000000000,0.000000000,1.000000000,1,-0.822706172,-0.459436025,0.820772156,0.000000000,0.000000000,-0.037577486,0.999293717
1782472916.251574516,342.569283009,2456,vicon_state_data,ball,1,0,1.371385845,0.316777079,0.879695839,0.000000000,0.000000000,0.000000000,1.000000000,1,-0.822694447,-0.459417271,0.820756740,0.000000000,0.000000000,-0.037585072,0.999293432
1782472916.253376245,342.571084738,2457,vicon_state_data,ball,1,0,1.226533669,-0.777987660,0.732533560,0.000000000,0.000000000,0.000000000,1.000000000,1,-0.822692602,-0.459420134,0.820823781,0.000000000,0.000000000,-0.037570289,0.999293987
1782472916.253653765,342.571362257,2458,vicon_state_data,ball,1,0,1.921277170,-0.713072870,0.766701653,0.000000000,0.000000000,0.000000000,1.000000000,1,-0.822686046,-0.459413411,0.820839509,0.000000000,0.000000000,-0.037687607,0.999289570
1782472916.318947792,342.636656284,2459,vicon_state_data,ball,1,0,1.846347992,-0.727273536,0.756684244,0.000000000,0.000000000,0.000000000,1.000000000,1,-0.822688803,-0.459398632,0.820857534,0.000000000,0.000000000,-0.037653348,0.999290861
1782472916.319499969,342.637208462,2460,vicon_state_data,ball,1,0,1.837472443,-0.504010644,0.894194147,0.000000000,0.000000000,0.000000000,1.000000000,1,-0.822679728,-0.459369743,0.820852565,0.000000000,0.000000000,-0.037629343,0.999291765
1782472916.319828510,342.637537003,2461,vicon_state_data,ball,1,0,1.921264214,-0.387459117,0.966203821,0.000000000,0.000000000,0.000000000,1.000000000,1,-0.822669264,-0.459375590,0.820848675,0.000000000,0.000000000,-0.037642955,0.999291253
1782472916.320124865,342.637833357,2462,vicon_state_data,ball,1,0,1.934620906,-0.461572250,0.920642267,0.000000000,0.000000000,0.000000000,1.000000000,1,-0.822653030,-0.459333463,0.820799300,0.000000000,0.000000000,-0.037683955,0.999289708
1782472916.320428610,342.638137102,2463,vicon_state_data,ball,1,0,1.741793610,0.052273973,0.870252078,0.000000000,0.000000000,0.000000000,1.000000000,1,-0.822674487,-0.459334638,0.820777537,0.000000000,0.000000000,-0.037558927,0.999294415
1782472916.320713282,342.638421774,2464,vicon_state_data,ball,1,0,1.663050045,-0.012122481,0.846868645,0.000000000,0.000000000,0.000000000,1.000000000,1,-0.822674714,-0.459334497,0.820750682,0.000000000,0.000000000,-0.037547450,0.999294846
1782472916.321008921,342.638717413,2465,vicon_state_data,ball,1,0,1.723396091,-0.204149819,0.623893435,0.000000000,0.000000000,0.000000000,1.000000000,1,-0.822668784,-0.459326358,0.820718126,0.000000000,0.000000000,-0.037627704,0.999291827
1782472916.321307421,342.639015913,2466,vicon_state_data,ball,1,0,1.624325666,0.015988385,0.881388465,0.000000000,0.000000000,0.000000000,1.000000000,1,-0.822691033,-0.459345926,0.820766216,0.000000000,0.000000000,-0.037474043,0.999297601
1782472916.321598053,342.639306545,2467,vicon_state_data,ball,1,0,1.665775830,-0.024427626,0.856453986,0.000000000,0.000000000,0.000000000,1.000000000,1,-0.822682141,-0.459335964,0.820780498,0.000000000,0.000000000,-0.037381111,0.999301082
1782472916.387599468,342.705307961,2468,vicon_state_data,ball,1,0,1.665064750,0.013197308,0.843411760,0.000000000,0.000000000,0.000000000,1.000000000,1,-0.822697281,-0.459323715,0.820797419,0.000000000,0.000000000,-0.037367592,0.999301588
1782472916.388288975,342.705997467,2469,vicon_state_data,ball,1,0,1.711948591,-0.198899077,0.632458456,0.000000000,0.000000000,0.000000000,1.000000000,1,-0.822679308,-0.459307769,0.820784650,0.000000000,0.000000000,-0.037468190,0.999297821
1782472916.388657570,342.706366062,2470,vicon_state_data,ball,1,0,1.622633001,0.069472155,0.879468959,0.000000000,0.000000000,0.000000000,1.000000000,1,-0.822688791,-0.459336025,0.820834539,0.000000000,0.000000000,-0.037559191,0.999294405
1782472916.388970137,342.706678629,2471,vicon_state_data,ball,1,0,1.615865866,0.036779758,0.865865545,0.000000000,0.000000000,0.000000000,1.000000000,1,-0.822680475,-0.459326311,0.820828318,0.000000000,0.000000000,-0.037576143,0.999293767
1782472916.389294624,342.707003117,2472,vicon_state_data,ball,1,0,1.670894960,0.053470761,0.855108435,0.000000000,0.000000000,0.000000000,1.000000000,1,-0.822667856,-0.459308233,0.820795797,0.000000000,0.000000000,-0.037644333,0.999291201
1782472916.389592886,342.707301378,2473,vicon_state_data,ball,1,0,1.669461769,0.014510961,0.870031192,0.000000000,0.000000000,0.000000000,1.000000000,1,-0.822664923,-0.459265242,0.820768842,0.000000000,0.000000000,-0.037631020,0.999291702
1782472916.389878750,342.707587242,2474,vicon_state_data,ball,1,0,1.638769641,0.059425106,0.898772290,0.000000000,0.000000000,0.000000000,1.000000000,1,-0.822643075,-0.459241504,0.820747347,0.000000000,0.000000000,-0.037630477,0.999291723
1782472916.390169144,342.707877636,2475,vicon_state_data,ball,1,0,1.688956314,0.079299745,0.903344811,0.000000000,0.000000000,0.000000000,1.000000000,1,-0.822667619,-0.459275748,0.820756736,0.000000000,0.000000000,-0.037593497,0.999293115
1782472916.390461922,342.708170414,2476,vicon_state_data,ball,1,0,1.635522624,0.121193935,0.896177213,0.000000000,0.000000000,0.000000000,1.000000000,1,-0.822655350,-0.459263257,0.820731169,0.000000000,0.000000000,-0.037441359,0.999298827
1782472916.390753508,342.708462000,2477,vicon_state_data,ball,1,0,1.366222642,0.164588135,0.894236604,0.000000000,0.000000000,0.000000000,1.000000000,1,-0.822688157,-0.459288091,0.820778515,0.000000000,0.000000000,-0.037504851,0.999296446
1782472916.391038418,342.708746910,2478,vicon_state_data,ball,1,0,1.358335448,0.132570889,0.917551225,0.000000000,0.000000000,0.000000000,1.000000000,1,-0.822674562,-0.459282483,0.820787981,0.000000000,0.000000000,-0.037370665,0.999301473
1782472916.456489563,342.774198055,2479,vicon_state_data,ball,1,0,1.365183872,0.121731819,0.900420024,0.000000000,0.000000000,0.000000000,1.000000000,1,-0.822679481,-0.459300487,0.820794391,0.000000000,0.000000000,-0.037510413,0.999296237
1782472916.457024574,342.774733067,2480,vicon_state_data,ball,1,0,1.366427287,0.140861437,0.891872202,0.000000000,0.000000000,0.000000000,1.000000000,1,-0.822675639,-0.459297624,0.820799527,0.000000000,0.000000000,-0.037476751,0.999297500
1782472916.457363367,342.775071859,2481,vicon_state_data,ball,1,0,1.371004605,0.138744855,0.880921618,0.000000000,0.000000000,0.000000000,1.000000000,1,-0.822679748,-0.459292615,0.820792100,0.000000000,0.000000000,-0.037546805,0.999294870
1782472916.457666874,342.775375366,2482,vicon_state_data,ball,1,0,1.294175574,-0.001586886,1.104850374,0.000000000,0.000000000,0.000000000,1.000000000,1,-0.822649852,-0.459252545,0.820778731,0.000000000,0.000000000,-0.037548216,0.999294817
1782472916.457955360,342.775663853,2483,vicon_state_data,ball,1,0,1.299174223,-0.064850508,1.091317377,0.000000000,0.000000000,0.000000000,1.000000000,1,-0.822627258,-0.459227278,0.820746365,0.000000000,0.000000000,-0.037660265,0.999290601
1782472916.458250999,342.775959492,2484,vicon_state_data,ball,1,0,1.575144936,-0.110003451,1.138373574,0.000000000,0.000000000,0.000000000,1.000000000,1,-0.822607906,-0.459188885,0.820756296,0.000000000,0.000000000,-0.037578733,0.999293670
1782472916.458562613,342.776271105,2485,vicon_state_data,ball,1,0,1.533774912,-0.197147490,1.087789178,0.000000000,0.000000000,0.000000000,1.000000000,1,-0.822600047,-0.459210732,0.820758235,0.000000000,0.000000000,-0.037637659,0.999291452
1782472916.523801327,342.841509819,2486,vicon_state_data,ball,1,0,1.587867913,-0.082606198,1.156865496,0.000000000,0.000000000,0.000000000,1.000000000,1,-0.822602393,-0.459218930,0.820764333,0.000000000,0.000000000,-0.037751834,0.999287145
1782472916.524350166,342.842058659,2487,vicon_state_data,ball,1,0,1.535987819,-0.147616664,1.118907284,0.000000000,0.000000000,0.000000000,1.000000000,1,-0.822615020,-0.459241432,0.820786841,0.000000000,0.000000000,-0.037710060,0.999288723
1782472916.527637243,342.845345736,2488,vicon_state_data,ball,1,0,1.298710804,-0.069668729,1.089648522,0.000000000,0.000000000,0.000000000,1.000000000,1,-0.822620684,-0.459254155,0.820729968,0.000000000,0.000000000,-0.037642907,0.999291255
1782472916.530734777,342.848443270,2489,vicon_state_data,ball,1,0,1.589270310,-0.078685660,1.158711718,0.000000000,0.000000000,0.000000000,1.000000000,1,-0.822616594,-0.459245475,0.820739028,0.000000000,0.000000000,-0.037662615,0.999290512
1782472916.532418966,342.850127459,2490,vicon_state_data,ball,1,0,1.297820255,-0.068192716,1.088756086,0.000000000,0.000000000,0.000000000,1.000000000,1,-0.822613606,-0.459281374,0.820739185,0.000000000,0.000000000,-0.037642585,0.999291267
1782472916.534091949,342.851800442,2491,vicon_state_data,ball,1,0,1.299291379,-0.075564825,1.091098301,0.000000000,0.000000000,0.000000000,1.000000000,1,-0.822619118,-0.459284787,0.820752653,0.000000000,0.000000000,-0.037607072,0.999292604
1782472916.535790682,342.853499174,2492,vicon_state_data,ball,1,0,1.307700830,-0.167069008,1.061878583,0.000000000,0.000000000,0.000000000,1.000000000,1,-0.822607337,-0.459263373,0.820765285,0.000000000,0.000000000,-0.037598988,0.999292908
1782472916.538937569,342.856646061,2493,vicon_state_data,ball,1,0,1.370737377,0.103973727,0.884390728,0.000000000,0.000000000,0.000000000,1.000000000,1,-0.822593865,-0.459233284,0.820766852,0.000000000,0.000000000,-0.037534626,0.999295328
1782472916.542258978,342.859967470,2494,vicon_state_data,ball,1,0,1.352093883,0.140581549,0.934534977,0.000000000,0.000000000,0.000000000,1.000000000,1,-0.822586316,-0.459244781,0.820779858,0.000000000,0.000000000,-0.037644379,0.999291199
1782472916.545261621,342.862970114,2495,vicon_state_data,ball,1,0,1.368089040,0.096801826,0.890029533,0.000000000,0.000000000,0.000000000,1.000000000,1,-0.822591706,-0.459254822,0.820775690,0.000000000,0.000000000,-0.037769687,0.999286471
1782472916.548420906,342.866129398,2496,vicon_state_data,ball,1,0,1.370305152,0.104205642,0.884493190,0.000000000,0.000000000,0.000000000,1.000000000,1,-0.822582032,-0.459233166,0.820790489,0.000000000,0.000000000,-0.037687231,0.999289584
1782472916.550928116,342.868636608,2497,vicon_state_data,ball,1,0,1.370926051,0.220686601,0.882280790,0.000000000,0.000000000,0.000000000,1.000000000,1,-0.822593038,-0.459284326,0.820788846,0.000000000,0.000000000,-0.037707378,0.999288824
1782472916.553445339,342.871153831,2498,vicon_state_data,ball,1,0,1.371498321,0.192615323,0.882816508,0.000000000,0.000000000,0.000000000,1.000000000,1,-0.822605300,-0.459294804,0.820780140,0.000000000,0.000000000,-0.037668452,0.999290292
1782472916.555102825,342.872811317,2499,vicon_state_data,ball,1,0,1.371128321,0.191413136,0.882366269,0.000000000,0.000000000,0.000000000,1.000000000,1,-0.822601362,-0.459314338,0.820755462,0.000000000,0.000000000,-0.037700123,0.999289098
1782472916.556754112,342.874462605,2500,vicon_state_data,ball,1,0,1.365016411,0.176355637,0.901573174,0.000000000,0.000000000,0.000000000,1.000000000,1,-0.822621231,-0.459330603,0.820764383,0.000000000,0.000000000,-0.037668938,0.999290274
1782472916.558419466,342.876127958,2501,vicon_state_data,ball,1,0,1.453807527,0.059730227,0.651133984,0.000000000,0.000000000,0.000000000,1.000000000,1,-0.822615810,-0.459311224,0.820789810,0.000000000,0.000000000,-0.037529500,0.999295520
1782472916.623455763,342.941164255,2502,vicon_state_data,ball,1,0,1.612244735,0.105345773,0.844612583,0.000000000,0.000000000,0.000000000,1.000000000,1,-0.822619114,-0.459346960,0.820785333,0.000000000,0.000000000,-0.037484385,0.999297213
1782472916.623930216,342.941638708,2503,vicon_state_data,ball,1,0,1.385186328,0.119036647,0.837772872,0.000000000,0.000000000,0.000000000,1.000000000,1,-0.822597083,-0.459277039,0.820774537,0.000000000,0.000000000,-0.037487143,0.999297110
1782472916.624314070,342.942022562,2504,vicon_state_data,ball,1,0,1.370730145,0.218858370,0.883483292,0.000000000,0.000000000,0.000000000,1.000000000,1,-0.822573389,-0.459289289,0.820762224,0.000000000,0.000000000,-0.037560553,0.999294353
1782472916.624625921,342.942334414,2505,vicon_state_data,ball,1,0,1.370983390,0.081787997,0.880064803,0.000000000,0.000000000,0.000000000,1.000000000,1,-0.822576099,-0.459287320,0.820783045,0.000000000,0.000000000,-0.037599176,0.999292901
1782472916.624930859,342.942639351,2506,vicon_state_data,ball,1,0,1.357384344,0.133317357,0.920630314,0.000000000,0.000000000,0.000000000,1.000000000,1,-0.822561228,-0.459272742,0.820778868,0.000000000,0.000000000,-0.037716022,0.999288498
1782472916.625229120,342.942937613,2507,vicon_state_data,ball,1,0,1.355005568,0.107301006,0.927513508,0.000000000,0.000000000,0.000000000,1.000000000,1,-0.822555764,-0.459278195,0.820776563,0.000000000,0.000000000,-0.037863264,0.999282930
1782472916.690150976,343.007859468,2508,vicon_state_data,ball,1,0,1.371516590,0.099303000,0.879559107,0.000000000,0.000000000,0.000000000,1.000000000,1,-0.822551716,-0.459297219,0.820777946,0.000000000,0.000000000,-0.037839163,0.999283842
1782472916.690697193,343.008405685,2509,vicon_state_data,ball,1,0,1.369764212,0.073491467,0.882174110,0.000000000,0.000000000,0.000000000,1.000000000,1,-0.822555667,-0.459306726,0.820787244,0.000000000,0.000000000,-0.037785427,0.999285876
1782472916.691023588,343.008732080,2510,vicon_state_data,ball,1,0,1.369571070,0.073491965,0.882539524,0.000000000,0.000000000,0.000000000,1.000000000,1,-0.822572837,-0.459327056,0.820811671,0.000000000,0.000000000,-0.037774125,0.999286303
1782472916.691336870,343.009045362,2511,vicon_state_data,ball,1,0,1.371109931,0.069388160,0.880079384,0.000000000,0.000000000,0.000000000,1.000000000,1,-0.822568923,-0.459330704,0.820792672,0.000000000,0.000000000,-0.037796895,0.999285442
1782472916.691632032,343.009340525,2512,vicon_state_data,ball,1,0,1.362560423,0.117797405,0.905002784,0.000000000,0.000000000,0.000000000,1.000000000,1,-0.822555779,-0.459299483,0.820747370,0.000000000,0.000000000,-0.037524796,0.999295697
1782472916.691930294,343.009638786,2513,vicon_state_data,ball,1,0,1.369935505,0.117649651,0.883210292,0.000000000,0.000000000,0.000000000,1.000000000,1,-0.822557817,-0.459345109,0.820761548,0.000000000,0.000000000,-0.037628280,0.999291805
1782472916.692227364,343.009935856,2514,vicon_state_data,ball,1,0,1.371385635,0.139750169,0.882026742,0.000000000,0.000000000,0.000000000,1.000000000,1,-0.822561422,-0.459347607,0.820776121,0.000000000,0.000000000,-0.037691402,0.999289427
1782472916.692512751,343.010221243,2515,vicon_state_data,ball,1,0,1.370315757,0.073530263,0.882203882,0.000000000,0.000000000,0.000000000,1.000000000,1,-0.822539424,-0.459363477,0.820773837,0.000000000,0.000000000,-0.037780146,0.999286075
1782472916.692799091,343.010507584,2516,vicon_state_data,ball,1,0,1.370304568,0.061623755,0.883227731,0.000000000,0.000000000,0.000000000,1.000000000,1,-0.822537959,-0.459356931,0.820795887,0.000000000,0.000000000,-0.037795025,0.999285513
1782472916.693086386,343.010794878,2517,vicon_state_data,ball,1,0,1.370362685,0.096053725,0.880834004,0.000000000,0.000000000,0.000000000,1.000000000,1,-0.822534528,-0.459385607,0.820786360,0.000000000,0.000000000,-0.037788973,0.999285742
1782472916.693383217,343.011091709,2518,vicon_state_data,ball,1,0,1.370917547,0.082185142,0.880089583,0.000000000,0.000000000,0.000000000,1.000000000,1,-0.822535183,-0.459391800,0.820797641,0.000000000,0.000000000,-0.037784133,0.999285925
1782472916.693666935,343.011375427,2519,vicon_state_data,ball,1,0,1.370827261,0.094409457,0.880156492,0.000000000,0.000000000,0.000000000,1.000000000,1,-0.822517616,-0.459360819,0.820769804,0.000000000,0.000000000,-0.037762147,0.999286756
1782472916.757727385,343.075435877,2520,vicon_state_data,ball,1,0,1.370296261,0.122184513,0.881231291,0.000000000,0.000000000,0.000000000,1.000000000,1,-0.822516103,-0.459372725,0.820785223,0.000000000,0.000000000,-0.037753358,0.999287088
1782472916.758280993,343.075989485,2521,vicon_state_data,ball,1,0,1.360020055,0.127974781,0.912940274,0.000000000,0.000000000,0.000000000,1.000000000,1,-0.822536270,-0.459381984,0.820784865,0.000000000,0.000000000,-0.037693114,0.999289362
1782472916.758628607,343.076337099,2522,vicon_state_data,ball,1,0,1.365733837,0.050618967,0.888658539,0.000000000,0.000000000,0.000000000,1.000000000,1,-0.822533017,-0.459382623,0.820801035,0.000000000,0.000000000,-0.037737276,0.999287695
1782472916.758927584,343.076636076,2523,vicon_state_data,ball,1,0,1.357376672,0.154728777,0.922058899,0.000000000,0.000000000,0.000000000,1.000000000,1,-0.822499538,-0.459374023,0.820786239,0.000000000,0.000000000,-0.037708811,0.999288770
1782472916.759228230,343.076936722,2524,vicon_state_data,ball,1,0,1.367483502,0.097193933,0.891048575,0.000000000,0.000000000,0.000000000,1.000000000,1,-0.822515470,-0.459432283,0.820798365,0.000000000,0.000000000,-0.037734395,0.999287804
1782472916.759539604,343.077248096,2525,vicon_state_data,ball,1,0,1.370708143,0.104450254,0.884289991,0.000000000,0.000000000,0.000000000,1.000000000,1,-0.822487553,-0.459429461,0.820787382,0.000000000,0.000000000,-0.037795352,0.999285500
1782472916.759836197,343.077544689,2526,vicon_state_data,ball,1,0,1.370432126,0.094906517,0.879622011,0.000000000,0.000000000,0.000000000,1.000000000,1,-0.822498428,-0.459435760,0.820798845,0.000000000,0.000000000,-0.037750558,0.999287194
1782472916.760122538,343.077831030,2527,vicon_state_data,ball,1,0,1.370586135,0.079345267,0.878374510,0.000000000,0.000000000,0.000000000,1.000000000,1,-0.822485152,-0.459417075,0.820786305,0.000000000,0.000000000,-0.037812623,0.999284847
1782472916.824209213,343.141917706,2528,vicon_state_data,ball,1,0,1.300242497,-0.080941000,1.087030224,0.000000000,0.000000000,0.000000000,1.000000000,1,-0.822487707,-0.459439353,0.820762393,0.000000000,0.000000000,-0.037820469,0.999284550
1782472916.824754953,343.142463446,2529,vicon_state_data,ball,1,0,1.300825500,-0.159390917,1.076957918,0.000000000,0.000000000,0.000000000,1.000000000,1,-0.822471447,-0.459425921,0.820756883,0.000000000,0.000000000,-0.037862964,0.999282941
1782472916.825076818,343.142785311,2530,vicon_state_data,ball,1,0,1.771250268,-0.539614428,0.872835200,0.000000000,0.000000000,0.000000000,1.000000000,1,-0.822488797,-0.459434674,0.820762870,0.000000000,0.000000000,-0.037805281,0.999285125
1782472916.825389862,343.143098354,2531,vicon_state_data,ball,1,0,1.842736856,-0.530252285,0.878152934,0.000000000,0.000000000,0.000000000,1.000000000,1,-0.822467504,-0.459415906,0.820762277,0.000000000,0.000000000,-0.037787605,0.999285793
1782472916.827364445,343.145072937,2532,vicon_state_data,ball,1,0,1.955591618,-0.510344497,0.890579020,0.000000000,0.000000000,0.000000000,1.000000000,1,-0.822445346,-0.459434820,0.820807870,0.000000000,0.000000000,-0.037930754,0.999280370
1782472916.829245090,343.146953583,2533,vicon_state_data,ball,1,0,1.893910021,-0.498965485,0.896909332,0.000000000,0.000000000,0.000000000,1.000000000,1,-0.822439804,-0.459412594,0.820812795,0.000000000,0.000000000,-0.037793136,0.999285584
1782472916.831087112,343.148795605,2534,vicon_state_data,ball,1,0,1.770116779,-0.509213837,0.891862804,0.000000000,0.000000000,0.000000000,1.000000000,1,-0.822452583,-0.459458614,0.820829682,0.000000000,0.000000000,-0.037969031,0.999278916
1782472916.832954884,343.150663376,2535,vicon_state_data,ball,1,0,1.721835215,-0.403882861,0.956904571,0.000000000,0.000000000,0.000000000,1.000000000,1,-0.822452267,-0.459479748,0.820825357,0.000000000,0.000000000,-0.037984351,0.999278334
1782472916.834798336,343.152506828,2536,vicon_state_data,ball,1,0,1.875378987,-0.493959478,0.900923981,0.000000000,0.000000000,0.000000000,1.000000000,1,-0.822442166,-0.459437920,0.820802838,0.000000000,0.000000000,-0.038015353,0.999277155
1782472916.901007891,343.218716383,2537,vicon_state_data,ball,1,0,1.865795125,-0.533452972,0.875482901,0.000000000,0.000000000,0.000000000,1.000000000,1,-0.822451105,-0.459489344,0.820774611,0.000000000,0.000000000,-0.037996751,0.999277863
1782472916.903160334,343.220868826,2538,vicon_state_data,ball,1,0,1.935724566,-0.483792193,0.907373440,0.000000000,0.000000000,0.000000000,1.000000000,1,-0.822436665,-0.459498386,0.820737512,0.000000000,0.000000000,-0.038014229,0.999277198
1782472916.905203819,343.222912312,2539,vicon_state_data,ball,1,0,1.818201256,-0.192864749,1.086496316,0.000000000,0.000000000,0.000000000,1.000000000,1,-0.822416811,-0.459464999,0.820722039,0.000000000,0.000000000,-0.037932015,0.999280322
1782472916.907183409,343.224891901,2540,vicon_state_data,ball,1,0,1.580358007,-0.098884921,1.145400440,0.000000000,0.000000000,0.000000000,1.000000000,1,-0.822437731,-0.459483000,0.820732310,0.000000000,0.000000000,-0.037939871,0.999280024
1782472916.909063101,343.226771593,2541,vicon_state_data,ball,1,0,1.637663824,0.051702230,0.883920267,0.000000000,0.000000000,0.000000000,1.000000000,1,-0.822430875,-0.459472593,0.820724308,0.000000000,0.000000000,-0.037887959,0.999281994
1782472916.910737038,343.228445530,2542,vicon_state_data,ball,1,0,1.307109828,-0.079119844,1.067186195,0.000000000,0.000000000,0.000000000,1.000000000,1,-0.822442419,-0.459533671,0.820766421,0.000000000,0.000000000,-0.037758469,0.999286895
1782472916.912228584,343.229937077,2543,vicon_state_data,ball,1,0,1.294940810,-0.007760267,1.099679005,0.000000000,0.000000000,0.000000000,1.000000000,1,-0.822443561,-0.459572708,0.820791550,0.000000000,0.000000000,-0.037939612,0.999280034
1782472916.915148258,343.232856750,2544,vicon_state_data,ball,1,0,1.305689258,-0.073575352,1.071703306,0.000000000,0.000000000,0.000000000,1.000000000,1,-0.822467080,-0.459604947,0.820818895,0.000000000,0.000000000,-0.037933332,0.999280272
1782472916.918014526,343.235723019,2545,vicon_state_data,ball,1,0,1.369962442,0.073019360,0.881023098,0.000000000,0.000000000,0.000000000,1.000000000,1,-0.822465312,-0.459620876,0.820837284,0.000000000,0.000000000,-0.038019758,0.999276988
1782472916.921466589,343.239175081,2546,vicon_state_data,ball,1,0,1.371904747,0.216815939,0.881171689,0.000000000,0.000000000,0.000000000,1.000000000,1,-0.822447672,-0.459617688,0.820808788,0.000000000,0.000000000,-0.037956326,0.999279399
1782472916.924978018,343.242686510,2547,vicon_state_data,ball,1,0,1.370476729,0.165290887,0.880914030,0.000000000,0.000000000,0.000000000,1.000000000,1,-0.822415307,-0.459577573,0.820774806,0.000000000,0.000000000,-0.037923102,0.999280660
1782472916.994697332,343.312405825,2548,vicon_state_data,ball,1,0,1.370025928,0.083089395,0.880768362,0.000000000,0.000000000,0.000000000,1.000000000,1,-0.822424234,-0.459591357,0.820782240,0.000000000,0.000000000,-0.037975712,0.999278662
1782472916.998605251,343.316313744,2549,vicon_state_data,ball,1,0,1.363278312,0.278213101,0.908907567,0.000000000,0.000000000,0.000000000,1.000000000,1,-0.822415405,-0.459597434,0.820774860,0.000000000,0.000000000,-0.037956277,0.999279401
1782472917.002363920,343.320072412,2550,vicon_state_data,ball,1,0,1.371374342,0.323894835,0.883410479,0.000000000,0.000000000,0.000000000,1.000000000,1,-0.822400475,-0.459604625,0.820767422,0.000000000,0.000000000,-0.037948018,0.999279715
1782472917.006206274,343.323914766,2551,vicon_state_data,ball,1,0,1.371515509,0.230643826,0.881402501,0.000000000,0.000000000,0.000000000,1.000000000,1,-0.822400973,-0.459623523,0.820795204,0.000000000,0.000000000,-0.037999808,0.999277746
1782472917.010060549,343.327769041,2552,vicon_state_data,ball,1,0,1.370637153,0.258898923,0.883206604,0.000000000,0.000000000,0.000000000,1.000000000,1,-0.822379380,-0.459645288,0.820799653,0.000000000,0.000000000,-0.038003827,0.999277594
1782472917.013851404,343.331559896,2553,vicon_state_data,ball,1,0,1.371661206,0.194368104,0.882260836,0.000000000,0.000000000,0.000000000,1.000000000,1,-0.822388742,-0.459674638,0.820816706,0.000000000,0.000000000,-0.037998243,0.999277806
1782472917.017646790,343.335355282,2554,vicon_state_data,ball,1,0,1.370466525,0.077605265,0.884871093,0.000000000,0.000000000,0.000000000,1.000000000,1,-0.822381493,-0.459698060,0.820805784,0.000000000,0.000000000,-0.038110799,0.999273520
1782472917.021448851,343.339157343,2555,vicon_state_data,ball,1,0,1.358292724,0.201359101,0.919450151,0.000000000,0.000000000,0.000000000,1.000000000,1,-0.822387154,-0.459685895,0.820841381,0.000000000,0.000000000,-0.038027861,0.999276679
1782472917.024901628,343.342610121,2556,vicon_state_data,ball,1,0,1.345176802,0.269298875,0.956261497,0.000000000,0.000000000,0.000000000,1.000000000,1,-0.822388178,-0.459640330,0.820884914,0.000000000,0.000000000,-0.037763367,0.999286710
1782472917.028723955,343.346432447,2557,vicon_state_data,ball,1,0,1.371857702,0.217073865,0.882152375,0.000000000,0.000000000,0.000000000,1.000000000,1,-0.822356552,-0.459670881,0.820842172,0.000000000,0.000000000,-0.038046080,0.999275986
1782472917.032063007,343.349771500,2558,vicon_state_data,ball,1,0,1.371594970,0.211455580,0.878777374,0.000000000,0.000000000,0.000000000,1.000000000,1,-0.822371221,-0.459690796,0.820853274,0.000000000,0.000000000,-0.038111387,0.999273497
1782472917.035420418,343.353128910,2559,vicon_state_data,ball,1,0,1.370606230,0.175493703,0.880854674,0.000000000,0.000000000,0.000000000,1.000000000,1,-0.822338977,-0.459697675,0.820839211,0.000000000,0.000000000,-0.038113683,0.999273410
1782472917.038712502,343.356420994,2560,vicon_state_data,ball,1,0,1.370695266,0.207957299,0.883968894,0.000000000,0.000000000,0.000000000,1.000000000,1,-0.822365730,-0.459716077,0.820862076,0.000000000,0.000000000,-0.038085944,0.999274467
1782472917.040218115,343.357926607,2561,vicon_state_data,ball,1,0,1.694409997,0.039693208,0.873192300,0.000000000,0.000000000,0.000000000,1.000000000,1,-0.822367777,-0.459740937,0.820873828,0.000000000,0.000000000,-0.038069321,0.999275101
1782472917.041636467,343.359344959,2562,vicon_state_data,ball,1,0,1.370218363,0.059299314,0.881618640,0.000000000,0.000000000,0.000000000,1.000000000,1,-0.822356552,-0.459746821,0.820830407,0.000000000,0.000000000,-0.038183705,0.999270736
1782472917.043071747,343.360780239,2563,vicon_state_data,ball,1,0,1.370606777,0.095940571,0.880058510,0.000000000,0.000000000,0.000000000,1.000000000,1,-0.822392516,-0.459800828,0.820862443,0.000000000,0.000000000,-0.038105806,0.999273710
1782472917.109059334,343.426767826,2564,vicon_state_data,ball,1,0,1.361301471,0.105312247,0.904539443,0.000000000,0.000000000,0.000000000,1.000000000,1,-0.822376067,-0.459782971,0.820839202,0.000000000,0.000000000,-0.037909070,0.999281193
1782472917.111145735,343.428854227,2565,vicon_state_data,ball,1,0,1.362613555,0.116159694,0.908340101,0.000000000,0.000000000,0.000000000,1.000000000,1,-0.822381112,-0.459764995,0.820845345,0.000000000,0.000000000,-0.037924897,0.999280592
1782472917.113039970,343.430748463,2566,vicon_state_data,ball,1,0,1.370409436,0.118011529,0.884270481,0.000000000,0.000000000,0.000000000,1.000000000,1,-0.822357712,-0.459766281,0.820819462,0.000000000,0.000000000,-0.037919756,0.999280787
1782472917.114913940,343.432622433,2567,vicon_state_data,ball,1,0,1.369868338,0.086126431,0.882142928,0.000000000,0.000000000,0.000000000,1.000000000,1,-0.822343155,-0.459750727,0.820848843,0.000000000,0.000000000,-0.037881285,0.999282247
1782472917.116687059,343.434395552,2568,vicon_state_data,ball,1,0,1.370677573,0.095497979,0.880065831,0.000000000,0.000000000,0.000000000,1.000000000,1,-0.822340384,-0.459798264,0.820852536,0.000000000,0.000000000,-0.037985188,0.999278302
1782472917.118454456,343.436162949,2569,vicon_state_data,ball,1,0,1.370354826,0.072359878,0.881064083,0.000000000,0.000000000,0.000000000,1.000000000,1,-0.822311310,-0.459767013,0.820868523,0.000000000,0.000000000,-0.038037317,0.999276319
1782472917.120193958,343.437902451,2570,vicon_state_data,ball,1,0,1.358408799,0.157126394,0.915789959,0.000000000,0.000000000,0.000000000,1.000000000,1,-0.822328569,-0.459810636,0.820860382,0.000000000,0.000000000,-0.038132585,0.999272689
1782472917.123440027,343.441148520,2571,vicon_state_data,ball,1,0,1.371253731,0.081970348,0.878810961,0.000000000,0.000000000,0.000000000,1.000000000,1,-0.822314105,-0.459820868,0.820841336,0.000000000,0.000000000,-0.038042317,0.999276129
1782472917.126729488,343.444437981,2572,vicon_state_data,ball,1,0,1.370060957,0.066416475,0.878988069,0.000000000,0.000000000,0.000000000,1.000000000,1,-0.822324750,-0.459825609,0.820836356,0.000000000,0.000000000,-0.037960760,0.999279231
1782472917.130028725,343.447737217,2573,vicon_state_data,ball,1,0,1.370296767,0.121981745,0.880875804,0.000000000,0.000000000,0.000000000,1.000000000,1,-0.822339826,-0.459841857,0.820828872,0.000000000,0.000000000,-0.038028707,0.999276647
1782472917.133303642,343.451012135,2574,vicon_state_data,ball,1,0,1.371038574,0.140684492,0.883248420,0.000000000,0.000000000,0.000000000,1.000000000,1,-0.822338512,-0.459867839,0.820808058,0.000000000,0.000000000,-0.037925863,0.999280556
1782472917.136426210,343.454134703,2575,vicon_state_data,ball,1,0,1.633441292,0.101617691,0.899487343,0.000000000,0.000000000,0.000000000,1.000000000,1,-0.822326094,-0.459850890,0.820797832,0.000000000,0.000000000,-0.037967412,0.999278978
1782472917.203622580,343.521331072,2576,vicon_state_data,ball,1,0,1.607714314,-0.008500285,0.886485077,0.000000000,0.000000000,0.000000000,1.000000000,1,-0.822320432,-0.459856968,0.820826244,0.000000000,0.000000000,-0.037960600,0.999279237
1782472917.205671310,343.523379803,2577,vicon_state_data,ball,1,0,1.645768753,0.045958073,0.908619011,0.000000000,0.000000000,0.000000000,1.000000000,1,-0.822315487,-0.459883638,0.820841279,0.000000000,0.000000000,-0.037979821,0.999278506
1782472917.207557917,343.525266409,2578,vicon_state_data,ball,1,0,1.685420215,-0.021214743,0.855214147,0.000000000,0.000000000,0.000000000,1.000000000,1,-0.822316290,-0.459884545,0.820888281,0.000000000,0.000000000,-0.038064868,0.999275270
1782472917.209481716,343.527190208,2579,vicon_state_data,ball,1,0,1.635788835,0.213308669,0.952583081,0.000000000,0.000000000,0.000000000,1.000000000,1,-0.822298353,-0.459892475,0.820888242,0.000000000,0.000000000,-0.038060272,0.999275445
1782472917.211336613,343.529045105,2580,vicon_state_data,ball,1,0,1.636103718,0.060643212,0.931364491,0.000000000,0.000000000,0.000000000,1.000000000,1,-0.822316547,-0.459915810,0.820909889,0.000000000,0.000000000,-0.038116717,0.999273294
1782472917.213127851,343.530836344,2581,vicon_state_data,ball,1,0,1.657528099,0.052713968,0.919676448,0.000000000,0.000000000,0.000000000,1.000000000,1,-0.822289533,-0.459892115,0.820876759,0.000000000,0.000000000,-0.038146138,0.999272171
1782472917.214926958,343.532635450,2582,vicon_state_data,ball,1,0,1.674479630,0.031956962,0.874596313,0.000000000,0.000000000,0.000000000,1.000000000,1,-0.822288204,-0.459888487,0.820841031,0.000000000,0.000000000,-0.038035112,0.999276403
1782472917.216766834,343.534475327,2583,vicon_state_data,ball,1,0,1.629721742,0.112318493,0.943328939,0.000000000,0.000000000,0.000000000,1.000000000,1,-0.822268891,-0.459890491,0.820796375,0.000000000,0.000000000,-0.038148720,0.999272073
1782472917.218573332,343.536281824,2584,vicon_state_data,ball,1,0,1.632223714,0.103114019,0.901669298,0.000000000,0.000000000,0.000000000,1.000000000,1,-0.822261943,-0.459890138,0.820827862,0.000000000,0.000000000,-0.038150873,0.999271990
1782472917.220367193,343.538075686,2585,vicon_state_data,ball,1,0,1.610505740,0.014838332,0.853794450,0.000000000,0.000000000,0.000000000,1.000000000,1,-0.822284983,-0.459945209,0.820854433,0.000000000,0.000000000,-0.038025062,0.999276786
1782472917.222187519,343.539896011,2586,vicon_state_data,ball,1,0,1.634541395,0.037785732,0.894614202,0.000000000,0.000000000,0.000000000,1.000000000,1,-0.822263157,-0.459927772,0.820836722,0.000000000,0.000000000,-0.037990389,0.999278105
1782472917.290024281,343.607732773,2587,vicon_state_data,ball,1,0,1.625353869,0.096655467,0.873750591,0.000000000,0.000000000,0.000000000,1.000000000,1,-0.822287984,-0.459990328,0.820861938,0.000000000,0.000000000,-0.037999757,0.999277748
1782472917.292193651,343.609902143,2588,vicon_state_data,ball,1,0,1.762228111,-0.096998989,0.695075270,0.000000000,0.000000000,0.000000000,1.000000000,1,-0.822270398,-0.460001567,0.820837734,0.000000000,0.000000000,-0.037973014,0.999278765
1782472917.292500496,343.610208988,2589,vicon_state_data,ball,1,0,1.676266157,-0.007591995,0.863744584,0.000000000,0.000000000,0.000000000,1.000000000,1,-0.822278468,-0.460006652,0.820857588,0.000000000,0.000000000,-0.038058050,0.999275530
1782472917.292756081,343.610464573,2590,vicon_state_data,ball,1,0,1.453092720,0.037629100,0.644574557,0.000000000,0.000000000,0.000000000,1.000000000,1,-0.822272785,-0.460022440,0.820838702,0.000000000,0.000000000,-0.038004032,0.999277586
1782472917.293060064,343.610768557,2591,vicon_state_data,ball,1,0,1.362762939,0.156024122,0.901648468,0.000000000,0.000000000,0.000000000,1.000000000,1,-0.822260934,-0.460010534,0.820854260,0.000000000,0.000000000,-0.037960563,0.999279238
1782472917.293365002,343.611073494,2592,vicon_state_data,ball,1,0,1.453950380,0.069242812,0.634230172,0.000000000,0.000000000,0.000000000,1.000000000,1,-0.822274356,-0.460068777,0.820859976,0.000000000,0.000000000,-0.038021591,0.999276918
1782472917.293674231,343.611382723,2593,vicon_state_data,ball,1,0,1.370089684,0.072944522,0.881992301,0.000000000,0.000000000,0.000000000,1.000000000,1,-0.822260165,-0.460052566,0.820840564,0.000000000,0.000000000,-0.038091112,0.999274270
1782472917.358841419,343.676549911,2594,vicon_state_data,ball,1,0,1.370866495,0.152308175,0.882245984,0.000000000,0.000000000,0.000000000,1.000000000,1,-0.822244388,-0.460103772,0.820838590,0.000000000,0.000000000,-0.038222821,0.999269241
1782472917.359441996,343.677150488,2595,vicon_state_data,ball,1,0,1.363580889,0.177351316,0.904877804,0.000000000,0.000000000,0.000000000,1.000000000,1,-0.822237107,-0.460106098,0.820844986,0.000000000,0.000000000,-0.038283528,0.999266917
1782472917.359787464,343.677495956,2596,vicon_state_data,ball,1,0,1.632879178,0.049871778,0.951640481,0.000000000,0.000000000,0.000000000,1.000000000,1,-0.822249482,-0.460116524,0.820843414,0.000000000,0.000000000,-0.038178978,0.999270917
1782472917.360086441,343.677794933,2597,vicon_state_data,ball,1,0,1.641162603,0.037196963,0.903958185,0.000000000,0.000000000,0.000000000,1.000000000,1,-0.822248459,-0.460145042,0.820823461,0.000000000,0.000000000,-0.038247252,0.999268306
1782472917.360401630,343.678110123,2598,vicon_state_data,ball,1,0,1.677902371,-0.004266375,0.834272826,0.000000000,0.000000000,0.000000000,1.000000000,1,-0.822241475,-0.460116237,0.820797523,0.000000000,0.000000000,-0.038244103,0.999268427
1782472917.360699892,343.678408384,2599,vicon_state_data,ball,1,0,1.532235298,-0.193399737,1.087278696,0.000000000,0.000000000,0.000000000,1.000000000,1,-0.822245154,-0.460110763,0.820825713,0.000000000,0.000000000,-0.038114582,0.999273375
1782472917.360985518,343.678694010,2600,vicon_state_data,ball,1,0,1.649077385,-0.049602343,0.834187875,0.000000000,0.000000000,0.000000000,1.000000000,1,-0.822238675,-0.460104004,0.820825705,0.000000000,0.000000000,-0.038091611,0.999274251
1782472917.361279726,343.678988218,2601,vicon_state_data,ball,1,0,1.691308551,-0.011017576,0.852452706,0.000000000,0.000000000,0.000000000,1.000000000,1,-0.822231781,-0.460137135,0.820894219,0.000000000,0.000000000,-0.038191149,0.999270452
1782472917.361582041,343.679290533,2602,vicon_state_data,ball,1,0,1.740189274,-0.009474613,0.870196583,0.000000000,0.000000000,0.000000000,1.000000000,1,-0.822232976,-0.460177163,0.820874280,0.000000000,0.000000000,-0.038314401,0.999265734
1782472917.427672863,343.745381355,2603,vicon_state_data,ball,1,0,1.689302762,0.049002663,0.843176203,0.000000000,0.000000000,0.000000000,1.000000000,1,-0.822234863,-0.460195450,0.820863192,0.000000000,0.000000000,-0.038350598,0.999264345
1782472917.428354979,343.746063471,2604,vicon_state_data,ball,1,0,1.661190028,0.029971439,0.842102958,0.000000000,0.000000000,0.000000000,1.000000000,1,-0.822223981,-0.460188981,0.820825025,0.000000000,0.000000000,-0.038305249,0.999266085
1782472917.428743839,343.746452332,2605,vicon_state_data,ball,1,0,1.663262255,-0.005204705,0.803522122,0.000000000,0.000000000,0.000000000,1.000000000,1,-0.822224399,-0.460172854,0.820817386,0.000000000,0.000000000,-0.038330643,0.999265111
1782472917.429059267,343.746767759,2606,vicon_state_data,ball,1,0,1.371564491,0.286155110,0.883694226,0.000000000,0.000000000,0.000000000,1.000000000,1,-0.822216645,-0.460180278,0.820804959,0.000000000,0.000000000,-0.038348544,0.999264424
1782472917.429376841,343.747085333,2607,vicon_state_data,ball,1,0,1.363038964,0.178589481,0.904382782,0.000000000,0.000000000,0.000000000,1.000000000,1,-0.822219840,-0.460178932,0.820804813,0.000000000,0.000000000,-0.038138593,0.999272459
1782472917.429678440,343.747386932,2608,vicon_state_data,ball,1,0,1.371362559,0.113685333,0.882158616,0.000000000,0.000000000,0.000000000,1.000000000,1,-0.822215954,-0.460195965,0.820795264,0.000000000,0.000000000,-0.038206716,0.999269857
1782472917.429980755,343.747689247,2609,vicon_state_data,ball,1,0,1.370436002,0.107407488,0.878702923,0.000000000,0.000000000,0.000000000,1.000000000,1,-0.822210708,-0.460188426,0.820816588,0.000000000,0.000000000,-0.038122891,0.999273058
1782472917.430277824,343.747986317,2610,vicon_state_data,ball,1,0,1.366281802,0.164712332,0.894651094,0.000000000,0.000000000,0.000000000,1.000000000,1,-0.822218612,-0.460228111,0.820814442,0.000000000,0.000000000,-0.038302212,0.999266201
1782472917.497589588,343.815298080,2611,vicon_state_data,ball,1,0,1.368078804,0.114792531,0.885877949,0.000000000,0.000000000,0.000000000,1.000000000,1,-0.822243048,-0.460285434,0.820849039,0.000000000,0.000000000,-0.038274652,0.999267257
1782472917.498229742,343.815938234,2612,vicon_state_data,ball,1,0,1.370470365,0.108944046,0.880657741,0.000000000,0.000000000,0.000000000,1.000000000,1,-0.822202142,-0.460255578,0.820803803,0.000000000,0.000000000,-0.038283154,0.999266931
1782472917.498584032,343.816292524,2613,vicon_state_data,ball,1,0,1.369021751,0.213261304,0.889941713,0.000000000,0.000000000,0.000000000,1.000000000,1,-0.822232225,-0.460295035,0.820839662,0.000000000,0.000000000,-0.038403013,0.999262332
1782472917.498889685,343.816598177,2614,vicon_state_data,ball,1,0,1.350121617,0.127988072,0.943002458,0.000000000,0.000000000,0.000000000,1.000000000,1,-0.822229515,-0.460281707,0.820841012,0.000000000,0.000000000,-0.038363858,0.999263836
1782472917.499215841,343.816924334,2615,vicon_state_data,ball,1,0,1.371495811,0.331133784,0.880730700,0.000000000,0.000000000,0.000000000,1.000000000,1,-0.822239600,-0.460296751,0.820814438,0.000000000,0.000000000,-0.038344000,0.999264598
1782472917.499530554,343.817239046,2616,vicon_state_data,ball,1,0,1.370495631,0.139961531,0.882060427,0.000000000,0.000000000,0.000000000,1.000000000,1,-0.822252761,-0.460309436,0.820801043,0.000000000,0.000000000,-0.038372819,0.999263492
1782472917.499819756,343.817528248,2617,vicon_state_data,ball,1,0,1.362388127,0.146984116,0.907848303,0.000000000,0.000000000,0.000000000,1.000000000,1,-0.822263165,-0.460289708,0.820814621,0.000000000,0.000000000,-0.038308150,0.999265973
1782472917.500112295,343.817820787,2618,vicon_state_data,ball,1,0,1.371144924,0.139018600,0.882278486,0.000000000,0.000000000,0.000000000,1.000000000,1,-0.822260284,-0.460325574,0.820824668,0.000000000,0.000000000,-0.038389363,0.999262857
1782472917.503426313,343.821134806,2619,vicon_state_data,ball,1,0,1.369915577,0.071756761,0.881172817,0.000000000,0.000000000,0.000000000,1.000000000,1,-0.822226276,-0.460304552,0.820837942,0.000000000,0.000000000,-0.038472144,0.999259673
1782472917.506743670,343.824452162,2620,vicon_state_data,ball,1,0,1.362350151,0.160052637,0.905786203,0.000000000,0.000000000,0.000000000,1.000000000,1,-0.822254042,-0.460362259,0.820871049,0.000000000,0.000000000,-0.038487455,0.999259083
1782472917.510092497,343.827800989,2621,vicon_state_data,ball,1,0,1.368386163,0.172416382,0.888697890,0.000000000,0.000000000,0.000000000,1.000000000,1,-0.822244365,-0.460357536,0.820889550,0.000000000,0.000000000,-0.038402622,0.999262347
1782472917.581332207,343.899040699,2622,vicon_state_data,ball,1,0,1.361732517,0.159839584,0.907332585,0.000000000,0.000000000,0.000000000,1.000000000,1,-0.822250976,-0.460359348,0.820891743,0.000000000,0.000000000,-0.038472521,0.999259659
1782472917.584933043,343.902641535,2623,vicon_state_data,ball,1,0,1.369978616,0.117305935,0.883030309,0.000000000,0.000000000,0.000000000,1.000000000,1,-0.822254144,-0.460331128,0.820853241,0.000000000,0.000000000,-0.038417936,0.999261759
1782472917.588160753,343.905869246,2624,vicon_state_data,ball,1,0,1.367050364,0.120213627,0.893108664,0.000000000,0.000000000,0.000000000,1.000000000,1,-0.822253472,-0.460315294,0.820830549,0.000000000,0.000000000,-0.038330424,0.999265119
1782472917.589697838,343.907406330,2625,vicon_state_data,ball,1,0,1.371325746,0.193818569,0.882286725,0.000000000,0.000000000,0.000000000,1.000000000,1,-0.822249190,-0.460305658,0.820830344,0.000000000,0.000000000,-0.038410519,0.999262044
1782472917.591129541,343.908838034,2626,vicon_state_data,ball,1,0,1.371831465,0.217072124,0.881181196,0.000000000,0.000000000,0.000000000,1.000000000,1,-0.822255411,-0.460337961,0.820824371,0.000000000,0.000000000,-0.038404626,0.999262270
1782472917.592597246,343.910305738,2627,vicon_state_data,ball,1,0,1.368084576,0.197811646,0.889623944,0.000000000,0.000000000,0.000000000,1.000000000,1,-0.822223180,-0.460282171,0.820828086,0.000000000,0.000000000,-0.038325264,0.999265317
1782472917.594077110,343.911785603,2628,vicon_state_data,ball,1,0,1.371428580,0.199004170,0.878772289,0.000000000,0.000000000,0.000000000,1.000000000,1,-0.822241347,-0.460327668,0.820834874,0.000000000,0.000000000,-0.038465150,0.999259942
1782472917.595573425,343.913281918,2629,vicon_state_data,ball,1,0,1.371272865,0.192542543,0.882741911,0.000000000,0.000000000,0.000000000,1.000000000,1,-0.822242587,-0.460370908,0.820848257,0.000000000,0.000000000,-0.038517881,0.999257911
1782472917.597047806,343.914756298,2630,vicon_state_data,ball,1,0,1.357882794,0.111411669,0.918644272,0.000000000,0.000000000,0.000000000,1.000000000,1,-0.822233401,-0.460370350,0.820839696,0.000000000,0.000000000,-0.038484060,0.999259214
1782472917.598531723,343.916240215,2631,vicon_state_data,ball,1,0,1.370137857,0.073466413,0.882812931,0.000000000,0.000000000,0.000000000,1.000000000,1,-0.822247782,-0.460365331,0.820844387,0.000000000,0.000000000,-0.038407238,0.999262170
1782472917.600060225,343.917768717,2632,vicon_state_data,ball,1,0,1.370540249,0.116701659,0.883541961,0.000000000,0.000000000,0.000000000,1.000000000,1,-0.822239931,-0.460349038,0.820812343,0.000000000,0.000000000,-0.038506103,0.999258365
1782472917.601598024,343.919306517,2633,vicon_state_data,ball,1,0,1.370613409,0.165285311,0.882097984,0.000000000,0.000000000,0.000000000,1.000000000,1,-0.822244127,-0.460324353,0.820809599,0.000000000,0.000000000,-0.038504278,0.999258435
1782472917.670343399,343.988051891,2634,vicon_state_data,ball,1,0,1.358540582,0.046526285,0.913212135,0.000000000,0.000000000,0.000000000,1.000000000,1,-0.822248077,-0.460338745,0.820811405,0.000000000,0.000000000,-0.038533642,0.999257303
1782472917.672324181,343.990032673,2635,vicon_state_data,ball,1,0,1.369412877,0.073965217,0.883086198,0.000000000,0.000000000,0.000000000,1.000000000,1,-0.822243339,-0.460311220,0.820836344,0.000000000,0.000000000,-0.038584366,0.999255346
1782472917.674041748,343.991750240,2636,vicon_state_data,ball,1,0,1.352552265,0.071300573,0.930692566,0.000000000,0.000000000,0.000000000,1.000000000,1,-0.822232792,-0.460306572,0.820858096,0.000000000,0.000000000,-0.038584806,0.999255329
1782472917.676837683,343.994546175,2637,vicon_state_data,ball,1,0,1.369930894,0.059547049,0.882871041,0.000000000,0.000000000,0.000000000,1.000000000,1,-0.822250660,-0.460347928,0.820865630,0.000000000,0.000000000,-0.038608223,0.999254425
1782472917.679970980,343.997679472,2638,vicon_state_data,ball,1,0,1.370080532,0.066199535,0.879113016,0.000000000,0.000000000,0.000000000,1.000000000,1,-0.822258331,-0.460385417,0.820836763,0.000000000,0.000000000,-0.038612041,0.999254277
1782472917.683118582,344.000827074,2639,vicon_state_data,ball,1,0,1.370619385,0.149606911,0.881546670,0.000000000,0.000000000,0.000000000,1.000000000,1,-0.822260769,-0.460406223,0.820818163,0.000000000,0.000000000,-0.038665858,0.999252196
1782472917.686103344,344.003811836,2640,vicon_state_data,ball,1,0,1.366001789,0.136051232,0.894140130,0.000000000,0.000000000,0.000000000,1.000000000,1,-0.822274048,-0.460421320,0.820804023,0.000000000,0.000000000,-0.038572095,0.999255820
1782472917.688997030,344.006705523,2641,vicon_state_data,ball,1,0,1.361273934,0.044295443,0.907467476,0.000000000,0.000000000,0.000000000,1.000000000,1,-0.822276399,-0.460409022,0.820795946,0.000000000,0.000000000,-0.038554911,0.999256483
1782472917.691900015,344.009608507,2642,vicon_state_data,ball,1,0,1.368017480,0.097118637,0.889774269,0.000000000,0.000000000,0.000000000,1.000000000,1,-0.822248334,-0.460388553,0.820768385,0.000000000,0.000000000,-0.038573449,0.999255768
1782472917.694825411,344.012533903,2643,vicon_state_data,ball,1,0,1.301034261,-0.143343745,1.086506059,0.000000000,0.000000000,0.000000000,1.000000000,1,-0.822237770,-0.460368132,0.820810513,0.000000000,0.000000000,-0.038498574,0.999258655
1782472917.697970629,344.015679121,2644,vicon_state_data,ball,1,0,1.365743206,-0.389835227,0.898171423,0.000000000,0.000000000,0.000000000,1.000000000,1,-0.822246312,-0.460376744,0.820845681,0.000000000,0.000000000,-0.038540691,0.999257032
1782472917.701421976,344.019130468,2645,vicon_state_data,ball,1,0,1.136470393,-0.747110830,0.751010425,0.000000000,0.000000000,0.000000000,1.000000000,1,-0.822234489,-0.460379181,0.820863270,0.000000000,0.000000000,-0.038484927,0.999259181
1782472917.701693773,344.019402266,2646,vicon_state_data,ball,1,0,1.174293352,-0.738890281,0.754983739,0.000000000,0.000000000,0.000000000,1.000000000,1,-0.822221374,-0.460413727,0.820884136,0.000000000,0.000000000,-0.038572028,0.999255822
1782472917.766435623,344.084144115,2647,vicon_state_data,ball,1,0,1.372515923,-0.440253163,0.889543172,0.000000000,0.000000000,0.000000000,1.000000000,1,-0.822237385,-0.460431607,0.820902447,0.000000000,0.000000000,-0.038706931,0.999250606
1782472917.767089128,344.084797621,2648,vicon_state_data,ball,1,0,1.372575096,-0.838291471,0.885760020,0.000000000,0.000000000,0.000000000,1.000000000,1,-0.822256529,-0.460426015,0.820905125,0.000000000,0.000000000,-0.038673275,0.999251909
1782472917.767471790,344.085180283,2649,vicon_state_data,ball,1,0,1.777690878,-0.520328466,0.884002893,0.000000000,0.000000000,0.000000000,1.000000000,1,-0.822258306,-0.460433983,0.820866167,0.000000000,0.000000000,-0.038684754,0.999251465
1782472917.767788172,344.085496664,2650,vicon_state_data,ball,1,0,1.821651331,-0.494758010,0.901289060,0.000000000,0.000000000,0.000000000,1.000000000,1,-0.822267351,-0.460439438,0.820862762,0.000000000,0.000000000,-0.038593942,0.999254976
1782472917.768083096,344.085791588,2651,vicon_state_data,ball,1,0,1.794040674,-0.526980614,0.880983668,0.000000000,0.000000000,0.000000000,1.000000000,1,-0.822301204,-0.460452354,0.820888015,0.000000000,0.000000000,-0.038524804,0.999257644
1782472917.768389702,344.086098194,2652,vicon_state_data,ball,1,0,1.857828577,-0.491131353,0.903279257,0.000000000,0.000000000,0.000000000,1.000000000,1,-0.822294071,-0.460447787,0.820869986,0.000000000,0.000000000,-0.038556286,0.999256430
1782472917.768674374,344.086382866,2653,vicon_state_data,ball,1,0,1.843187740,-0.481046142,0.909702959,0.000000000,0.000000000,0.000000000,1.000000000,1,-0.822295187,-0.460448498,0.820881507,0.000000000,0.000000000,-0.038458800,0.999260187
1782472917.768961430,344.086669922,2654,vicon_state_data,ball,1,0,1.867947195,-0.519782413,0.885187806,0.000000000,0.000000000,0.000000000,1.000000000,1,-0.822312391,-0.460461127,0.820896504,0.000000000,0.000000000,-0.038461538,0.999260081
1782472917.769260406,344.086968899,2655,vicon_state_data,ball,1,0,1.837960982,-0.536119155,0.876505768,0.000000000,0.000000000,0.000000000,1.000000000,1,-0.822310233,-0.460443756,0.820895997,0.000000000,0.000000000,-0.038547141,0.999256783
1782472917.834723949,344.152432442,2656,vicon_state_data,ball,1,0,1.373647922,-0.824421163,0.887534800,0.000000000,0.000000000,0.000000000,1.000000000,1,-0.822308640,-0.460447110,0.820871677,0.000000000,0.000000000,-0.038644028,0.999253041
1782472917.835302114,344.153010607,2657,vicon_state_data,ball,1,0,1.134518909,-0.745851634,0.751869714,0.000000000,0.000000000,0.000000000,1.000000000,1,-0.822313024,-0.460454690,0.820864053,0.000000000,0.000000000,-0.038691519,0.999251203
1782472917.835651636,344.153360128,2658,vicon_state_data,ball,1,0,1.759538835,-0.519240983,0.883735459,0.000000000,0.000000000,0.000000000,1.000000000,1,-0.822314393,-0.460453983,0.820861461,0.000000000,0.000000000,-0.038836154,0.999245592
1782472917.835953236,344.153661728,2659,vicon_state_data,ball,1,0,1.803730949,-0.501419191,0.895016839,0.000000000,0.000000000,0.000000000,1.000000000,1,-0.822302173,-0.460403765,0.820861753,0.000000000,0.000000000,-0.038763092,0.999248429
1782472917.836261034,344.153969526,2660,vicon_state_data,ball,1,0,1.933160318,-0.715700316,0.764692776,0.000000000,0.000000000,0.000000000,1.000000000,1,-0.822292911,-0.460372906,0.820877536,0.000000000,0.000000000,-0.038628341,0.999253647
1782472917.836565495,344.154273987,2661,vicon_state_data,ball,1,0,1.804283192,-0.584835468,0.845510072,0.000000000,0.000000000,0.000000000,1.000000000,1,-0.822297873,-0.460402076,0.820863923,0.000000000,0.000000000,-0.038673634,0.999251895
1782472917.836854458,344.154562950,2662,vicon_state_data,ball,1,0,1.743620132,-0.601625991,0.835987675,0.000000000,0.000000000,0.000000000,1.000000000,1,-0.822306306,-0.460397052,0.820848321,0.000000000,0.000000000,-0.038619093,0.999254005
1782472917.837140322,344.154848814,2663,vicon_state_data,ball,1,0,1.884160201,-0.489992922,0.902503683,0.000000000,0.000000000,0.000000000,1.000000000,1,-0.822315082,-0.460417089,0.820842572,0.000000000,0.000000000,-0.038667051,0.999252150
1782472917.837454796,344.155163288,2664,vicon_state_data,ball,1,0,1.750948618,-0.501733248,0.896726767,0.000000000,0.000000000,0.000000000,1.000000000,1,-0.822312402,-0.460407992,0.820820449,0.000000000,0.000000000,-0.038608965,0.999254396
1782472917.902317286,344.220025778,2665,vicon_state_data,ball,1,0,1.903047745,-0.503544864,0.893607935,0.000000000,0.000000000,0.000000000,1.000000000,1,-0.822348770,-0.460453325,0.820814925,0.000000000,0.000000000,-0.038574477,0.999255728
1782472917.902872086,344.220580578,2666,vicon_state_data,ball,1,0,1.897046925,-0.524710893,0.881125785,0.000000000,0.000000000,0.000000000,1.000000000,1,-0.822325309,-0.460408877,0.820794779,0.000000000,0.000000000,-0.038720518,0.999250080
1782472917.903219938,344.220928431,2667,vicon_state_data,ball,1,0,1.642056807,0.033655753,0.904369207,0.000000000,0.000000000,0.000000000,1.000000000,1,-0.822335189,-0.460402662,0.820803701,0.000000000,0.000000000,-0.038673288,0.999251909
1782472917.903530598,344.221239090,2668,vicon_state_data,ball,1,0,1.695777900,0.052626840,0.851905256,0.000000000,0.000000000,0.000000000,1.000000000,1,-0.822338332,-0.460411600,0.820843566,0.000000000,0.000000000,-0.038752653,0.999248834
1782472917.903823376,344.221531868,2669,vicon_state_data,ball,1,0,1.452047359,0.030927609,0.647244859,0.000000000,0.000000000,0.000000000,1.000000000,1,-0.822347240,-0.460395782,0.820843242,0.000000000,0.000000000,-0.038648366,0.999252873
1782472917.904092789,344.221801281,2670,vicon_state_data,ball,1,0,1.370792568,0.220460489,0.882748827,0.000000000,0.000000000,0.000000000,1.000000000,1,-0.822335335,-0.460347416,0.820848006,0.000000000,0.000000000,-0.038681856,0.999251577
1782472917.904367208,344.222075701,2671,vicon_state_data,ball,1,0,1.371182857,0.192021952,0.882450231,0.000000000,0.000000000,0.000000000,1.000000000,1,-0.822343618,-0.460363429,0.820808069,0.000000000,0.000000000,-0.038714246,0.999250323
1782472917.904666185,344.222374678,2672,vicon_state_data,ball,1,0,1.370321742,0.109673951,0.879886956,0.000000000,0.000000000,0.000000000,1.000000000,1,-0.822339905,-0.460359880,0.820803937,0.000000000,0.000000000,-0.038685339,0.999251442
1782472917.970036745,344.287745237,2673,vicon_state_data,ball,1,0,1.370711769,0.097193973,0.882089759,0.000000000,0.000000000,0.000000000,1.000000000,1,-0.822348195,-0.460366961,0.820811607,0.000000000,0.000000000,-0.038667980,0.999252114
1782472917.970641136,344.288349628,2674,vicon_state_data,ball,1,0,1.370829673,0.084287210,0.881500370,0.000000000,0.000000000,0.000000000,1.000000000,1,-0.822363508,-0.460369681,0.820832285,0.000000000,0.000000000,-0.038776348,0.999247915
1782472917.970970869,344.288679361,2675,vicon_state_data,ball,1,0,1.370423195,0.095609014,0.880876151,0.000000000,0.000000000,0.000000000,1.000000000,1,-0.822347607,-0.460365355,0.820821534,0.000000000,0.000000000,-0.038847709,0.999245143
1782472917.971280575,344.288989067,2676,vicon_state_data,ball,1,0,1.360584907,0.095399577,0.909502577,0.000000000,0.000000000,0.000000000,1.000000000,1,-0.822354720,-0.460352986,0.820864111,0.000000000,0.000000000,-0.038890063,0.999243495
1782472917.971582890,344.289291382,2677,vicon_state_data,ball,1,0,1.370470262,0.115724434,0.882729298,0.000000000,0.000000000,0.000000000,1.000000000,1,-0.822366426,-0.460353559,0.820875373,0.000000000,0.000000000,-0.038921370,0.999242276
1782472917.971870422,344.289578915,2678,vicon_state_data,ball,1,0,1.370301870,0.110404078,0.880382859,0.000000000,0.000000000,0.000000000,1.000000000,1,-0.822364439,-0.460364610,0.820858513,0.000000000,0.000000000,-0.039000535,0.999239190
1782472917.972171545,344.289880037,2679,vicon_state_data,ball,1,0,1.370447162,0.087240164,0.882185457,0.000000000,0.000000000,0.000000000,1.000000000,1,-0.822369197,-0.460345561,0.820859186,0.000000000,0.000000000,-0.038934300,0.999241773
1782472917.972481966,344.290190458,2680,vicon_state_data,ball,1,0,1.371238106,0.193046616,0.882959290,0.000000000,0.000000000,0.000000000,1.000000000,1,-0.822371999,-0.460327693,0.820859023,0.000000000,0.000000000,-0.038975159,0.999240180
1782472917.972772598,344.290481091,2681,vicon_state_data,ball,1,0,1.365783595,0.133745956,0.895986493,0.000000000,0.000000000,0.000000000,1.000000000,1,-0.822363858,-0.460300323,0.820833233,0.000000000,0.000000000,-0.038936957,0.999241669
1782472918.037782431,344.355490923,2682,vicon_state_data,ball,1,0,1.370661113,0.104944309,0.884336588,0.000000000,0.000000000,0.000000000,1.000000000,1,-0.822397951,-0.460322012,0.820861835,0.000000000,0.000000000,-0.038878268,0.999243954
1782472918.038333416,344.356041908,2683,vicon_state_data,ball,1,0,1.370430454,0.178020930,0.882031444,0.000000000,0.000000000,0.000000000,1.000000000,1,-0.822385318,-0.460309593,0.820842324,0.000000000,0.000000000,-0.038865778,0.999244440
1782472918.038678169,344.356386662,2684,vicon_state_data,ball,1,0,1.370594223,0.169218111,0.884999787,0.000000000,0.000000000,0.000000000,1.000000000,1,-0.822412459,-0.460344142,0.820845310,0.000000000,0.000000000,-0.038830883,0.999245797
1782472918.038981915,344.356690407,2685,vicon_state_data,ball,1,0,1.371371406,0.174129900,0.879493155,0.000000000,0.000000000,0.000000000,1.000000000,1,-0.822404235,-0.460311142,0.820868426,0.000000000,0.000000000,-0.038769311,0.999248188
1782472918.039294481,344.357002974,2686,vicon_state_data,ball,1,0,1.371603318,0.193871777,0.882093851,0.000000000,0.000000000,0.000000000,1.000000000,1,-0.822411735,-0.460313637,0.820859627,0.000000000,0.000000000,-0.038839858,0.999245448
1782472918.039600134,344.357308626,2687,vicon_state_data,ball,1,0,1.371679481,0.187475475,0.880989276,0.000000000,0.000000000,0.000000000,1.000000000,1,-0.822419290,-0.460310436,0.820848823,0.000000000,0.000000000,-0.038830824,0.999245799
1782472918.039888859,344.357597351,2688,vicon_state_data,ball,1,0,1.370484822,0.177996218,0.882867645,0.000000000,0.000000000,0.000000000,1.000000000,1,-0.822423627,-0.460317694,0.820825225,0.000000000,0.000000000,-0.038778974,0.999247813
1782472918.040179253,344.357887745,2689,vicon_state_data,ball,1,0,1.370426687,0.188229305,0.880606610,0.000000000,0.000000000,0.000000000,1.000000000,1,-0.822389185,-0.460279677,0.820778404,0.000000000,0.000000000,-0.038757721,0.999248637
1782472918.105137587,344.422846079,2690,vicon_state_data,ball,1,0,1.370930988,0.193325174,0.884336868,0.000000000,0.000000000,0.000000000,1.000000000,1,-0.822410349,-0.460274615,0.820795712,0.000000000,0.000000000,-0.038818145,0.999246292
1782472918.105698109,344.423406601,2691,vicon_state_data,ball,1,0,1.371208283,0.255848023,0.881786853,0.000000000,0.000000000,0.000000000,1.000000000,1,-0.822400743,-0.460258806,0.820797557,0.000000000,0.000000000,-0.038885013,0.999243692
1782472918.106033087,344.423741579,2692,vicon_state_data,ball,1,0,1.370896120,0.218036715,0.883646022,0.000000000,0.000000000,0.000000000,1.000000000,1,-0.822420981,-0.460230930,0.820821413,0.000000000,0.000000000,-0.038800323,0.999246984
1782472918.106358290,344.424066782,2693,vicon_state_data,ball,1,0,1.296256776,-0.146278732,1.095501034,0.000000000,0.000000000,0.000000000,1.000000000,1,-0.822447813,-0.460244979,0.820837748,0.000000000,0.000000000,-0.038839175,0.999245475
1782472918.106664181,344.424372673,2694,vicon_state_data,ball,1,0,1.538463108,-0.182561052,1.093445452,0.000000000,0.000000000,0.000000000,1.000000000,1,-0.822438701,-0.460258344,0.820817692,0.000000000,0.000000000,-0.038783391,0.999247641
1782472918.106959820,344.424668312,2695,vicon_state_data,ball,1,0,1.565434277,-0.099053608,1.148202345,0.000000000,0.000000000,0.000000000,1.000000000,1,-0.822444262,-0.460263492,0.820827576,0.000000000,0.000000000,-0.038775758,0.999247938
1782472918.107285261,344.424993753,2696,vicon_state_data,ball,1,0,1.647926376,0.079213706,0.955685048,0.000000000,0.000000000,0.000000000,1.000000000,1,-0.822470109,-0.460282160,0.820807490,0.000000000,0.000000000,-0.038828208,0.999245901
1782472918.172520876,344.490229368,2697,vicon_state_data,ball,1,0,1.696781332,0.044139638,0.900497303,0.000000000,0.000000000,0.000000000,1.000000000,1,-0.822495087,-0.460280752,0.820826354,0.000000000,0.000000000,-0.038873535,0.999244138
1782472918.173083544,344.490792036,2698,vicon_state_data,ball,1,0,1.722165325,0.010614185,0.925693824,0.000000000,0.000000000,0.000000000,1.000000000,1,-0.822476487,-0.460223945,0.820762220,0.000000000,0.000000000,-0.038852169,0.999244969
1782472918.173428059,344.491136551,2699,vicon_state_data,ball,1,0,1.714983586,-0.185266342,0.630428919,0.000000000,0.000000000,0.000000000,1.000000000,1,-0.822472068,-0.460192088,0.820790658,0.000000000,0.000000000,-0.038830136,0.999245826
1782472918.173717499,344.491425991,2700,vicon_state_data,ball,1,0,1.453754135,0.021741411,0.629406991,0.000000000,0.000000000,0.000000000,1.000000000,1,-0.822458667,-0.460159342,0.820821831,0.000000000,0.000000000,-0.038876267,0.999244032
1782472918.173984289,344.491692781,2701,vicon_state_data,ball,1,0,1.371447280,0.083469839,0.880867978,0.000000000,0.000000000,0.000000000,1.000000000,1,-0.822468008,-0.460176297,0.820837541,0.000000000,0.000000000,-0.038981568,0.999239930
1782472918.174297571,344.492006063,2702,vicon_state_data,ball,1,0,1.370195296,0.061332603,0.882102462,0.000000000,0.000000000,0.000000000,1.000000000,1,-0.822513253,-0.460232223,0.820862627,0.000000000,0.000000000,-0.038906417,0.999242859
1782472918.174595356,344.492303848,2703,vicon_state_data,ball,1,0,1.370564593,0.082771337,0.880538513,0.000000000,0.000000000,0.000000000,1.000000000,1,-0.822498936,-0.460210634,0.820871317,0.000000000,0.000000000,-0.038931134,0.999241896
1782472918.174877644,344.492586136,2704,vicon_state_data,ball,1,0,1.371529869,0.081754080,0.878936351,0.000000000,0.000000000,0.000000000,1.000000000,1,-0.822495082,-0.460186743,0.820875391,0.000000000,0.000000000,-0.039018329,0.999238495
1782472918.239902496,344.557610989,2705,vicon_state_data,ball,1,0,1.370171254,0.086222545,0.881670513,0.000000000,0.000000000,0.000000000,1.000000000,1,-0.822501199,-0.460179612,0.820859030,0.000000000,0.000000000,-0.038889868,0.999243503
1782472918.240456104,344.558164597,2706,vicon_state_data,ball,1,0,1.370263945,0.058521595,0.879596902,0.000000000,0.000000000,0.000000000,1.000000000,1,-0.822504456,-0.460163189,0.820845166,0.000000000,0.000000000,-0.038930992,0.999241902
1782472918.240792990,344.558501482,2707,vicon_state_data,ball,1,0,1.355313280,0.070494415,0.922231853,0.000000000,0.000000000,0.000000000,1.000000000,1,-0.822531264,-0.460160140,0.820851415,0.000000000,0.000000000,-0.038862121,0.999244582
1782472918.241087437,344.558795929,2708,vicon_state_data,ball,1,0,1.779944836,-0.521461607,0.884837737,0.000000000,0.000000000,0.000000000,1.000000000,1,-0.822521149,-0.460146534,0.820845251,0.000000000,0.000000000,-0.039049206,0.999237289
1782472918.241399050,344.559107542,2709,vicon_state_data,ball,1,0,1.931694545,-0.545585185,0.869722505,0.000000000,0.000000000,0.000000000,1.000000000,1,-0.822537919,-0.460159391,0.820853016,0.000000000,0.000000000,-0.039172065,0.999232480
1782472918.241709232,344.559417725,2710,vicon_state_data,ball,1,0,1.930211415,-0.654340541,0.802941236,0.000000000,0.000000000,0.000000000,1.000000000,1,-0.822526823,-0.460146925,0.820841018,0.000000000,0.000000000,-0.039187189,0.999231887
1782472918.242011070,344.559719563,2711,vicon_state_data,ball,1,0,1.974720233,-0.730035141,0.754405464,0.000000000,0.000000000,0.000000000,1.000000000,1,-0.822535255,-0.460156886,0.820849576,0.000000000,0.000000000,-0.039137025,0.999233853
1782472918.242314816,344.560023308,2712,vicon_state_data,ball,1,0,1.816166745,-0.550174074,0.867720751,0.000000000,0.000000000,0.000000000,1.000000000,1,-0.822549286,-0.460121901,0.820872266,0.000000000,0.000000000,-0.039243400,0.999229681
1782472918.242612839,344.560321331,2713,vicon_state_data,ball,1,0,1.751808908,-0.587474501,0.845178573,0.000000000,0.000000000,0.000000000,1.000000000,1,-0.822535617,-0.460102374,0.820831267,0.000000000,0.000000000,-0.039107258,0.999235019
1782472918.308186054,344.625894547,2714,vicon_state_data,ball,1,0,1.817539189,-0.548743308,0.867518893,0.000000000,0.000000000,0.000000000,1.000000000,1,-0.822542580,-0.460090293,0.820834058,0.000000000,0.000000000,-0.039098338,0.999235368
1782472918.308769464,344.626477957,2715,vicon_state_data,ball,1,0,1.874302477,-0.478058734,0.910740905,0.000000000,0.000000000,0.000000000,1.000000000,1,-0.822541430,-0.460052931,0.820833498,0.000000000,0.000000000,-0.039124661,0.999234337
1782472918.309109926,344.626818419,2716,vicon_state_data,ball,1,0,1.837961048,-0.552984577,0.864596645,0.000000000,0.000000000,0.000000000,1.000000000,1,-0.822534172,-0.460033228,0.820838455,0.000000000,0.000000000,-0.039091916,0.999235619
1782472918.309442043,344.627150536,2717,vicon_state_data,ball,1,0,1.826324628,-0.543621238,0.872966003,0.000000000,0.000000000,0.000000000,1.000000000,1,-0.822568565,-0.460022574,0.820856005,0.000000000,0.000000000,-0.039189940,0.999231779
1782472918.309741020,344.627449512,2718,vicon_state_data,ball,1,0,1.857620295,-0.535330416,0.877967056,0.000000000,0.000000000,0.000000000,1.000000000,1,-0.822570220,-0.460033756,0.820879661,0.000000000,0.000000000,-0.039207902,0.999231075
1782472918.310025692,344.627734184,2719,vicon_state_data,ball,1,0,1.811448199,-0.594480837,0.839285012,0.000000000,0.000000000,0.000000000,1.000000000,1,-0.822570762,-0.460037345,0.820868006,0.000000000,0.000000000,-0.039207298,0.999231098
1782472918.310325861,344.628034353,2720,vicon_state_data,ball,1,0,1.803950925,-0.611776831,0.826678649,0.000000000,0.000000000,0.000000000,1.000000000,1,-0.822557235,-0.460027436,0.820832245,0.000000000,0.000000000,-0.039271244,0.999228587
1782472918.310619354,344.628327847,2721,vicon_state_data,ball,1,0,1.754992753,-0.521308660,0.886301856,0.000000000,0.000000000,0.000000000,1.000000000,1,-0.822578020,-0.460016843,0.820843350,0.000000000,0.000000000,-0.039145599,0.999233517
1782472918.310903549,344.628612041,2722,vicon_state_data,ball,1,0,1.897444265,-0.507146119,0.893276524,0.000000000,0.000000000,0.000000000,1.000000000,1,-0.822578106,-0.459991590,0.820820614,0.000000000,0.000000000,-0.039148047,0.999233421
1782472918.311204672,344.628913164,2723,vicon_state_data,ball,1,0,1.922884138,-0.549348500,0.868023954,0.000000000,0.000000000,0.000000000,1.000000000,1,-0.822584343,-0.459974001,0.820810093,0.000000000,0.000000000,-0.039124060,0.999234361
1782472918.376172304,344.693880796,2724,vicon_state_data,ball,1,0,1.862481208,-0.685392050,0.782443603,0.000000000,0.000000000,0.000000000,1.000000000,1,-0.822570146,-0.459950264,0.820795366,0.000000000,0.000000000,-0.039017831,0.999238515
1782472918.376653910,344.694362402,2725,vicon_state_data,ball,1,0,1.828563946,-0.518858229,0.887310134,0.000000000,0.000000000,0.000000000,1.000000000,1,-0.822576269,-0.459932732,0.820793956,0.000000000,0.000000000,-0.039086571,0.999235828
1782472918.376937628,344.694646120,2726,vicon_state_data,ball,1,0,1.834783230,-0.534029487,0.874815971,0.000000000,0.000000000,0.000000000,1.000000000,1,-0.822562959,-0.459903314,0.820792886,0.000000000,0.000000000,-0.039128919,0.999234171
1782472918.377287388,344.694995880,2727,vicon_state_data,ball,1,0,1.865306511,-0.537332116,0.873628341,0.000000000,0.000000000,0.000000000,1.000000000,1,-0.822594155,-0.459913898,0.820842177,0.000000000,0.000000000,-0.039021201,0.999238383
1782472918.377596140,344.695304632,2728,vicon_state_data,ball,1,0,1.859052529,-0.502805196,0.893725133,0.000000000,0.000000000,0.000000000,1.000000000,1,-0.822609977,-0.459933943,0.820895182,0.000000000,0.000000000,-0.039108692,0.999234962
1782472918.377886295,344.695594788,2729,vicon_state_data,ball,1,0,1.814016404,-0.506239923,0.894007639,0.000000000,0.000000000,0.000000000,1.000000000,1,-0.822625266,-0.459917125,0.820891698,0.000000000,0.000000000,-0.039037937,0.999237729
1782472918.378170729,344.695879221,2730,vicon_state_data,ball,1,0,1.865698777,-0.532841932,0.875413069,0.000000000,0.000000000,0.000000000,1.000000000,1,-0.822593645,-0.459883586,0.820860051,0.000000000,0.000000000,-0.039116281,0.999234665
1782472918.443278074,344.760986567,2731,vicon_state_data,ball,1,0,1.874462751,-0.564220607,0.856682379,0.000000000,0.000000000,0.000000000,1.000000000,1,-0.822605019,-0.459848438,0.820851253,0.000000000,0.000000000,-0.039121751,0.999234451
1782472918.443831205,344.761539698,2732,vicon_state_data,ball,1,0,1.915342098,-0.560007550,0.858210339,0.000000000,0.000000000,0.000000000,1.000000000,1,-0.822606245,-0.459814404,0.820848124,0.000000000,0.000000000,-0.038994308,0.999239433
1782472918.444180489,344.761888981,2733,vicon_state_data,ball,1,0,1.816206043,-0.612841175,0.828625183,0.000000000,0.000000000,0.000000000,1.000000000,1,-0.822621880,-0.459828970,0.820841143,0.000000000,0.000000000,-0.039142792,0.999233627
1782472918.444488287,344.762196779,2734,vicon_state_data,ball,1,0,1.806666902,-0.621501363,0.819940605,0.000000000,0.000000000,0.000000000,1.000000000,1,-0.822621017,-0.459799897,0.820844094,0.000000000,0.000000000,-0.039181042,0.999232128
1782472918.444798708,344.762507200,2735,vicon_state_data,ball,1,0,1.817129273,-0.555003622,0.865363052,0.000000000,0.000000000,0.000000000,1.000000000,1,-0.822620319,-0.459803878,0.820862276,0.000000000,0.000000000,-0.039187961,0.999231857
1782472918.445091248,344.762799740,2736,vicon_state_data,ball,1,0,1.810708703,-0.628737098,0.818295099,0.000000000,0.000000000,0.000000000,1.000000000,1,-0.822647145,-0.459845288,0.820901897,0.000000000,0.000000000,-0.039237461,0.999229914
1782472918.445401430,344.763109922,2737,vicon_state_data,ball,1,0,1.841208675,-0.661360680,0.799422392,0.000000000,0.000000000,0.000000000,1.000000000,1,-0.822634681,-0.459796686,0.820917927,0.000000000,0.000000000,-0.039149751,0.999233355
1782472918.445703268,344.763411760,2738,vicon_state_data,ball,1,0,1.717032320,-0.404312407,0.958529321,0.000000000,0.000000000,0.000000000,1.000000000,1,-0.822623877,-0.459773994,0.820887412,0.000000000,0.000000000,-0.039124314,0.999234351
1782472918.445999146,344.763707638,2739,vicon_state_data,ball,1,0,1.809909829,-0.695368242,0.775674000,0.000000000,0.000000000,0.000000000,1.000000000,1,-0.822619786,-0.459759160,0.820812752,0.000000000,0.000000000,-0.039153295,0.999233216
1782472918.513881683,344.831590176,2740,vicon_state_data,ball,1,0,1.911626459,-0.699909836,0.772365911,0.000000000,0.000000000,0.000000000,1.000000000,1,-0.822630706,-0.459732962,0.820816895,0.000000000,0.000000000,-0.039204256,0.999231218
1782472918.514448643,344.832157135,2741,vicon_state_data,ball,1,0,1.932317666,-0.630458050,0.815186462,0.000000000,0.000000000,0.000000000,1.000000000,1,-0.822627293,-0.459710613,0.820823182,0.000000000,0.000000000,-0.039162558,0.999232853
1782472918.514781952,344.832490444,2742,vicon_state_data,ball,1,0,1.884927704,-0.647571840,0.804701865,0.000000000,0.000000000,0.000000000,1.000000000,1,-0.822621967,-0.459690145,0.820829381,0.000000000,0.000000000,-0.039199695,0.999231397
1782472918.515081882,344.832790375,2743,vicon_state_data,ball,1,0,1.918773908,-0.696413800,0.774894596,0.000000000,0.000000000,0.000000000,1.000000000,1,-0.822622896,-0.459696152,0.820814771,0.000000000,0.000000000,-0.039315587,0.999226843
1782472918.515399456,344.833107948,2744,vicon_state_data,ball,1,0,1.351828637,-0.434168814,0.940569535,0.000000000,0.000000000,0.000000000,1.000000000,1,-0.822627818,-0.459713633,0.820851340,0.000000000,0.000000000,-0.039316804,0.999226796
1782472918.515700340,344.833408833,2745,vicon_state_data,ball,1,0,1.148080764,-0.698190513,0.780483039,0.000000000,0.000000000,0.000000000,1.000000000,1,-0.822638170,-0.459736263,0.820882308,0.000000000,0.000000000,-0.039263809,0.999228879
1782472918.515988588,344.833697081,2746,vicon_state_data,ball,1,0,1.194201754,-0.787017075,0.725864552,0.000000000,0.000000000,0.000000000,1.000000000,1,-0.822632159,-0.459700571,0.820838868,0.000000000,0.000000000,-0.039362379,0.999225001
1782472918.581357241,344.899065733,2747,vicon_state_data,ball,1,0,1.367709350,-0.398753807,0.879842671,0.000000000,0.000000000,0.000000000,1.000000000,1,-0.822642604,-0.459693228,0.820795522,0.000000000,0.000000000,-0.039279070,0.999228280
1782472918.581836462,344.899544954,2748,vicon_state_data,ball,1,0,1.219641485,-0.752003491,0.748798323,0.000000000,0.000000000,0.000000000,1.000000000,1,-0.822642083,-0.459673028,0.820769387,0.000000000,0.000000000,-0.039251813,0.999229351
1782472918.582115412,344.899823904,2749,vicon_state_data,ball,1,0,1.369735496,-0.352863501,0.885668468,0.000000000,0.000000000,0.000000000,1.000000000,1,-0.822653516,-0.459667835,0.820784627,0.000000000,0.000000000,-0.039192755,0.999231669
1782472918.582474709,344.900183201,2750,vicon_state_data,ball,1,0,1.516256572,-0.220171089,1.069455041,0.000000000,0.000000000,0.000000000,1.000000000,1,-0.822653665,-0.459648806,0.820782911,0.000000000,0.000000000,-0.039135160,0.999233926
1782472918.582779884,344.900488377,2751,vicon_state_data,ball,1,0,1.370156395,0.103188790,0.884480913,0.000000000,0.000000000,0.000000000,1.000000000,1,-0.822667064,-0.459655429,0.820820534,0.000000000,0.000000000,-0.039255751,0.999229196
1782472918.583066225,344.900774717,2752,vicon_state_data,ball,1,0,1.366661750,0.118377596,0.895561560,0.000000000,0.000000000,0.000000000,1.000000000,1,-0.822665748,-0.459652853,0.820868077,0.000000000,0.000000000,-0.039226309,0.999230352
1782472918.583362579,344.901071072,2753,vicon_state_data,ball,1,0,1.366546045,0.119865242,0.897436775,0.000000000,0.000000000,0.000000000,1.000000000,1,-0.822683233,-0.459652031,0.820866911,0.000000000,0.000000000,-0.039218982,0.999230640
1782472918.583664656,344.901373148,2754,vicon_state_data,ball,1,0,1.370333967,0.134547896,0.880521451,0.000000000,0.000000000,0.000000000,1.000000000,1,-0.822663450,-0.459648129,0.820858049,0.000000000,0.000000000,-0.039340372,0.999225868
1782472918.583952427,344.901660919,2755,vicon_state_data,ball,1,0,1.363434493,0.140896781,0.904041526,0.000000000,0.000000000,0.000000000,1.000000000,1,-0.822675599,-0.459629660,0.820851995,0.000000000,0.000000000,-0.039300979,0.999227418
1782472918.649933815,344.967642307,2756,vicon_state_data,ball,1,0,1.363794530,0.108295647,0.903799514,0.000000000,0.000000000,0.000000000,1.000000000,1,-0.822651944,-0.459566799,0.820848855,0.000000000,0.000000000,-0.039366040,0.999224857
1782472918.650546551,344.968255043,2757,vicon_state_data,ball,1,0,1.358290838,0.103558909,0.918729221,0.000000000,0.000000000,0.000000000,1.000000000,1,-0.822667408,-0.459560922,0.820856036,0.000000000,0.000000000,-0.039369467,0.999224722
1782472918.650891542,344.968600035,2758,vicon_state_data,ball,1,0,1.370694366,0.104616697,0.884379568,0.000000000,0.000000000,0.000000000,1.000000000,1,-0.822679392,-0.459570111,0.820879791,0.000000000,0.000000000,-0.039419540,0.999222748
1782472918.651196718,344.968905210,2759,vicon_state_data,ball,1,0,1.371365998,0.150797468,0.880156690,0.000000000,0.000000000,0.000000000,1.000000000,1,-0.822701195,-0.459582960,0.820898961,0.000000000,0.000000000,-0.039338238,0.999225952
1782472918.651488066,344.969196558,2760,vicon_state_data,ball,1,0,1.369608440,0.062023441,0.883592094,0.000000000,0.000000000,0.000000000,1.000000000,1,-0.822687132,-0.459551410,0.820910325,0.000000000,0.000000000,-0.039371864,0.999224628
1782472918.651774406,344.969482899,2761,vicon_state_data,ball,1,0,1.370812672,0.108471624,0.880155576,0.000000000,0.000000000,0.000000000,1.000000000,1,-0.822700400,-0.459543377,0.820918000,0.000000000,0.000000000,-0.039323157,0.999226546
1782472918.652055025,344.969763517,2762,vicon_state_data,ball,1,0,1.363247344,0.144550452,0.905763862,0.000000000,0.000000000,0.000000000,1.000000000,1,-0.822705745,-0.459550558,0.820898011,0.000000000,0.000000000,-0.039326853,0.999226400
1782472918.652349949,344.970058441,2763,vicon_state_data,ball,1,0,1.370469481,0.109126870,0.880782377,0.000000000,0.000000000,0.000000000,1.000000000,1,-0.822692181,-0.459550409,0.820813724,0.000000000,0.000000000,-0.039365587,0.999224875
1782472918.718007803,345.035716295,2764,vicon_state_data,ball,1,0,1.344508497,0.275418477,0.960792081,0.000000000,0.000000000,0.000000000,1.000000000,1,-0.822686672,-0.459505129,0.820788325,0.000000000,0.000000000,-0.039346612,0.999225622
1782472918.718593121,345.036301613,2765,vicon_state_data,ball,1,0,1.372019555,0.255218237,0.881094724,0.000000000,0.000000000,0.000000000,1.000000000,1,-0.822715531,-0.459497526,0.820834746,0.000000000,0.000000000,-0.039378496,0.999224366
1782472918.718934774,345.036643267,2766,vicon_state_data,ball,1,0,1.362463812,0.152952353,0.903919454,0.000000000,0.000000000,0.000000000,1.000000000,1,-0.822692931,-0.459474469,0.820840156,0.000000000,0.000000000,-0.039362387,0.999225001
1782472918.719244480,345.036952972,2767,vicon_state_data,ball,1,0,1.301559968,-0.088166677,1.078319644,0.000000000,0.000000000,0.000000000,1.000000000,1,-0.822692784,-0.459468474,0.820840150,0.000000000,0.000000000,-0.039499515,0.999219590
1782472918.719543695,345.037252188,2768,vicon_state_data,ball,1,0,1.360977402,0.078889612,0.904170652,0.000000000,0.000000000,0.000000000,1.000000000,1,-0.822707004,-0.459476340,0.820877395,0.000000000,0.000000000,-0.039549692,0.999217605
1782472918.719856739,345.037565231,2769,vicon_state_data,ball,1,0,1.353737243,0.107543020,0.926601776,0.000000000,0.000000000,0.000000000,1.000000000,1,-0.822690554,-0.459430476,0.820854197,0.000000000,0.000000000,-0.039674862,0.999212643
1782472918.720175028,345.037883520,2770,vicon_state_data,ball,1,0,1.371350130,0.125002394,0.881187406,0.000000000,0.000000000,0.000000000,1.000000000,1,-0.822639844,-0.459414008,0.820773648,0.000000000,0.000000000,-0.039746194,0.999209808
1782472918.720472574,345.038181067,2771,vicon_state_data,ball,1,0,1.368615573,0.146209024,0.886823855,0.000000000,0.000000000,0.000000000,1.000000000,1,-0.822593873,-0.459321085,0.820660279,0.000000000,0.000000000,-0.041074370,0.999156092
1782472918.787084579,345.104793072,2772,vicon_state_data,ball,1,0,1.290301739,-0.019325647,1.111966151,0.000000000,0.000000000,0.000000000,1.000000000,1,-0.822645691,-0.459393911,0.820750848,0.000000000,0.000000000,-0.039578897,0.999216448
1782472918.787826538,345.105535030,2773,vicon_state_data,ball,1,0,1.627890509,0.133260034,0.918072970,0.000000000,0.000000000,0.000000000,1.000000000,1,-0.822665784,-0.459406808,0.820744255,0.000000000,0.000000000,-0.039557911,0.999217280
1782472918.788187981,345.105896473,2774,vicon_state_data,ball,1,0,1.370238967,0.126656584,0.882468580,0.000000000,0.000000000,0.000000000,1.000000000,1,-0.822667934,-0.459392684,0.820749403,0.000000000,0.000000000,-0.039486427,0.999220107
1782472918.788497925,345.106206417,2775,vicon_state_data,ball,1,0,1.367451928,0.123894956,0.893125450,0.000000000,0.000000000,0.000000000,1.000000000,1,-0.822673765,-0.459403201,0.820757974,0.000000000,0.000000000,-0.039527981,0.999218464
1782472918.788791656,345.106500149,2776,vicon_state_data,ball,1,0,1.354519190,0.077965007,0.927571103,0.000000000,0.000000000,0.000000000,1.000000000,1,-0.822662295,-0.459389115,0.820755360,0.000000000,0.000000000,-0.039610797,0.999215184
1782472918.789101601,345.106810093,2777,vicon_state_data,ball,1,0,1.455069012,0.086499647,0.632508214,0.000000000,0.000000000,0.000000000,1.000000000,1,-0.822676451,-0.459413455,0.820794638,0.000000000,0.000000000,-0.039804973,0.999207468
1782472918.789371967,345.107080460,2778,vicon_state_data,ball,1,0,1.370312083,0.061469040,0.883092845,0.000000000,0.000000000,0.000000000,1.000000000,1,-0.822694466,-0.459388942,0.820806685,0.000000000,0.000000000,-0.039700896,0.999211609
1782472918.789636374,345.107344866,2779,vicon_state_data,ball,1,0,1.369417250,0.085914669,0.882184071,0.000000000,0.000000000,0.000000000,1.000000000,1,-0.822663830,-0.459335771,0.820804407,0.000000000,0.000000000,-0.039580550,0.999216383
1782472918.856364250,345.174072742,2780,vicon_state_data,ball,1,0,1.363205058,0.107071913,0.905620122,0.000000000,0.000000000,0.000000000,1.000000000,1,-0.822678610,-0.459355220,0.820796553,0.000000000,0.000000000,-0.039619615,0.999214835
1782472918.856935740,345.174644232,2781,vicon_state_data,ball,1,0,1.361271560,0.091190335,0.905915345,0.000000000,0.000000000,0.000000000,1.000000000,1,-0.822535688,-0.459194535,0.820609286,0.000000000,0.000000000,-0.040932517,0.999161913
1782472918.857268333,345.174976826,2782,vicon_state_data,ball,1,0,1.342804433,0.107338163,0.959759366,0.000000000,0.000000000,0.000000000,1.000000000,1,-0.822643682,-0.459276976,0.820744680,0.000000000,0.000000000,-0.039448589,0.999221601
1782472918.857568502,345.175276995,2783,vicon_state_data,ball,1,0,1.353077821,0.182232630,0.933492755,0.000000000,0.000000000,0.000000000,1.000000000,1,-0.822662376,-0.459297501,0.820777840,0.000000000,0.000000000,-0.039461858,0.999221078
1782472918.857856035,345.175564528,2784,vicon_state_data,ball,1,0,1.365477390,0.119213186,0.893789710,0.000000000,0.000000000,0.000000000,1.000000000,1,-0.822626375,-0.459307999,0.820768197,0.000000000,0.000000000,-0.039525295,0.999218570
1782472918.858150005,345.175858498,2785,vicon_state_data,ball,1,0,1.351104159,0.149793971,0.938112054,0.000000000,0.000000000,0.000000000,1.000000000,1,-0.822645179,-0.459325614,0.820790849,0.000000000,0.000000000,-0.039569423,0.999216824
1782472918.858446360,345.176154852,2786,vicon_state_data,ball,1,0,1.368589419,0.159183987,0.888370443,0.000000000,0.000000000,0.000000000,1.000000000,1,-0.822645834,-0.459315047,0.820794124,0.000000000,0.000000000,-0.039592161,0.999215923
1782472918.858730555,345.176439047,2787,vicon_state_data,ball,1,0,1.366364391,0.140725484,0.891571728,0.000000000,0.000000000,0.000000000,1.000000000,1,-0.822691006,-0.459373720,0.820786486,0.000000000,0.000000000,-0.039484764,0.999220173
1782472918.923999548,345.241708040,2788,vicon_state_data,ball,1,0,1.370502527,0.107435811,0.879499685,0.000000000,0.000000000,0.000000000,1.000000000,1,-0.822667455,-0.459335594,0.820810359,0.000000000,0.000000000,-0.039421624,0.999222666
1782472918.924584389,345.242292881,2789,vicon_state_data,ball,1,0,1.358641372,0.129390775,0.918929434,0.000000000,0.000000000,0.000000000,1.000000000,1,-0.822670372,-0.459366299,0.820781234,0.000000000,0.000000000,-0.039539206,0.999218020
1782472918.924903154,345.242611647,2790,vicon_state_data,ball,1,0,1.353249861,0.069938509,0.932966418,0.000000000,0.000000000,0.000000000,1.000000000,1,-0.822516599,-0.459212447,0.820567627,0.000000000,0.000000000,-0.040527129,0.999178438
1782472918.925195456,345.242903948,2791,vicon_state_data,ball,1,0,1.370494777,0.097171000,0.880890064,0.000000000,0.000000000,0.000000000,1.000000000,1,-0.822532951,-0.459223637,0.820565374,0.000000000,0.000000000,-0.040740322,0.999169768
1782472918.925481319,345.243189812,2792,vicon_state_data,ball,1,0,1.364711489,0.142390183,0.903690347,0.000000000,0.000000000,0.000000000,1.000000000,1,-0.822648556,-0.459323369,0.820771347,0.000000000,0.000000000,-0.039508605,0.999219230
1782472918.925773621,345.243482113,2793,vicon_state_data,ball,1,0,1.363183415,0.261308431,0.906200441,0.000000000,0.000000000,0.000000000,1.000000000,1,-0.822638749,-0.459306429,0.820790387,0.000000000,0.000000000,-0.039597606,0.999215707
1782472918.926054716,345.243763208,2794,vicon_state_data,ball,1,0,1.366805759,0.236324124,0.896388867,0.000000000,0.000000000,0.000000000,1.000000000,1,-0.822605965,-0.459290502,0.820796862,0.000000000,0.000000000,-0.039806087,0.999207424
1782472918.926342726,345.244051218,2795,vicon_state_data,ball,1,0,1.370965840,0.206956122,0.881697997,0.000000000,0.000000000,0.000000000,1.000000000,1,-0.822631143,-0.459307348,0.820783877,0.000000000,0.000000000,-0.039801591,0.999207603
1782472918.990870953,345.308579445,2796,vicon_state_data,ball,1,0,1.367777042,0.195436975,0.894997940,0.000000000,0.000000000,0.000000000,1.000000000,1,-0.822490429,-0.459217900,0.820564694,0.000000000,0.000000000,-0.041037921,0.999157590
1782472918.991453171,345.309161663,2797,vicon_state_data,ball,1,0,1.311088885,-0.166616056,1.053600650,0.000000000,0.000000000,0.000000000,1.000000000,1,-0.822543650,-0.459199750,0.820732598,0.000000000,0.000000000,-0.039920652,0.999202853
1782472918.991781235,345.309489727,2798,vicon_state_data,ball,1,0,1.539968026,-0.096880090,1.147539778,0.000000000,0.000000000,0.000000000,1.000000000,1,-0.822638301,-0.459296818,0.820771899,0.000000000,0.000000000,-0.039886233,0.999204228
1782472918.992076635,345.309785128,2799,vicon_state_data,ball,1,0,1.650668393,0.087382419,0.894039051,0.000000000,0.000000000,0.000000000,1.000000000,1,-0.822623798,-0.459295820,0.820765171,0.000000000,0.000000000,-0.039866914,0.999204999
1782472918.992380142,345.310088634,2800,vicon_state_data,ball,1,0,1.681402546,-0.046028879,0.814919346,0.000000000,0.000000000,0.000000000,1.000000000,1,-0.822659810,-0.459316001,0.820783322,0.000000000,0.000000000,-0.039903011,0.999203558
1782472918.992676020,345.310384512,2801,vicon_state_data,ball,1,0,1.664399395,0.091905911,0.756082640,0.000000000,0.000000000,0.000000000,1.000000000,1,-0.822647959,-0.459329019,0.820774702,0.000000000,0.000000000,-0.039880860,0.999204442
1782472918.992939711,345.310648203,2802,vicon_state_data,ball,1,0,1.352906483,0.155063173,0.934708139,0.000000000,0.000000000,0.000000000,1.000000000,1,-0.822646400,-0.459333462,0.820788462,0.000000000,0.000000000,-0.039912055,0.999203196
1782472918.993226051,345.310934544,2803,vicon_state_data,ball,1,0,1.367975614,0.199681585,0.890382367,0.000000000,0.000000000,0.000000000,1.000000000,1,-0.822647721,-0.459343221,0.820791729,0.000000000,0.000000000,-0.039884059,0.999204314
1782472919.059066534,345.376775026,2804,vicon_state_data,ball,1,0,1.362461721,0.262538064,0.906871529,0.000000000,0.000000000,0.000000000,1.000000000,1,-0.822637366,-0.459362146,0.820813942,0.000000000,0.000000000,-0.039945036,0.999201879
1782472919.059708834,345.377417326,2805,vicon_state_data,ball,1,0,1.365857523,0.259339736,0.894844296,0.000000000,0.000000000,0.000000000,1.000000000,1,-0.822635084,-0.459331954,0.820789156,0.000000000,0.000000000,-0.040048412,0.999197741
1782472919.060057163,345.377765656,2806,vicon_state_data,ball,1,0,1.371856110,0.197716092,0.878493183,0.000000000,0.000000000,0.000000000,1.000000000,1,-0.822633542,-0.459309795,0.820801784,0.000000000,0.000000000,-0.039981333,0.999200427
1782472919.060358286,345.378066778,2807,vicon_state_data,ball,1,0,1.363425817,0.157181199,0.909611289,0.000000000,0.000000000,0.000000000,1.000000000,1,-0.822599033,-0.459310041,0.820782124,0.000000000,0.000000000,-0.040026239,0.999198629
1782472919.060643911,345.378352404,2808,vicon_state_data,ball,1,0,1.669940573,0.068390409,0.936339423,0.000000000,0.000000000,0.000000000,1.000000000,1,-0.822586202,-0.459279266,0.820793982,0.000000000,0.000000000,-0.039950225,0.999201671
1782472919.060934544,345.378643036,2809,vicon_state_data,ball,1,0,1.677461477,0.065657391,0.953983221,0.000000000,0.000000000,0.000000000,1.000000000,1,-0.822570749,-0.459238183,0.820776584,0.000000000,0.000000000,-0.039859275,0.999205303
1782472919.061223745,345.378932238,2810,vicon_state_data,ball,1,0,1.727599604,0.052337827,0.938346383,0.000000000,0.000000000,0.000000000,1.000000000,1,-0.822574343,-0.459253585,0.820761275,0.000000000,0.000000000,-0.039868460,0.999204937
1782472919.126898527,345.444607019,2811,vicon_state_data,ball,1,0,1.706110693,0.007902341,0.868571624,0.000000000,0.000000000,0.000000000,1.000000000,1,-0.822568940,-0.459294411,0.820771003,0.000000000,0.000000000,-0.039899473,0.999203699
1782472919.127633095,345.445341587,2812,vicon_state_data,ball,1,0,1.614370551,-0.013211058,0.856594359,0.000000000,0.000000000,0.000000000,1.000000000,1,-0.822581399,-0.459293461,0.820783000,0.000000000,0.000000000,-0.039870502,0.999204855
1782472919.127997637,345.445706129,2813,vicon_state_data,ball,1,0,1.656650086,0.022915743,0.906951133,0.000000000,0.000000000,0.000000000,1.000000000,1,-0.822571883,-0.459296254,0.820791471,0.000000000,0.000000000,-0.039844362,0.999205898
1782472919.128338337,345.446046829,2814,vicon_state_data,ball,1,0,1.348004577,0.107666359,0.947722301,0.000000000,0.000000000,0.000000000,1.000000000,1,-0.822595030,-0.459286209,0.820830279,0.000000000,0.000000000,-0.040007820,0.999199367
1782472919.128649712,345.446358204,2815,vicon_state_data,ball,1,0,1.346016645,0.093085045,0.949913686,0.000000000,0.000000000,0.000000000,1.000000000,1,-0.822584192,-0.459286582,0.820806042,0.000000000,0.000000000,-0.039943829,0.999201927
1782472919.128973722,345.446682215,2816,vicon_state_data,ball,1,0,1.352937775,0.123713473,0.933211515,0.000000000,0.000000000,0.000000000,1.000000000,1,-0.822555998,-0.459234709,0.820797790,0.000000000,0.000000000,-0.039848761,0.999205723
1782472919.129285097,345.446993589,2817,vicon_state_data,ball,1,0,1.339844587,0.070572435,0.972459299,0.000000000,0.000000000,0.000000000,1.000000000,1,-0.822560974,-0.459238424,0.820775495,0.000000000,0.000000000,-0.039931587,0.999202416
1782472919.199165106,345.516873598,2818,vicon_state_data,ball,1,0,1.322535512,0.078718889,1.019715951,0.000000000,0.000000000,0.000000000,1.000000000,1,-0.822538084,-0.459239561,0.820752429,0.000000000,0.000000000,-0.039940431,0.999202063
1782472919.199774742,345.517483234,2819,vicon_state_data,ball,1,0,1.493331490,0.014676835,1.218211766,0.000000000,0.000000000,0.000000000,1.000000000,1,-0.822545087,-0.459266954,0.820761395,0.000000000,0.000000000,-0.039955110,0.999201476
1782472919.200087070,345.517795563,2820,vicon_state_data,ball,1,0,1.351794623,0.115547456,0.931256349,0.000000000,0.000000000,0.000000000,1.000000000,1,-0.822553949,-0.459292590,0.820784622,0.000000000,0.000000000,-0.039882203,0.999204388
1782472919.200374126,345.518082619,2821,vicon_state_data,ball,1,0,1.343329197,0.050659767,0.958849344,0.000000000,0.000000000,0.000000000,1.000000000,1,-0.822547276,-0.459276500,0.820784139,0.000000000,0.000000000,-0.039745155,0.999209849
1782472919.200675011,345.518383503,2822,vicon_state_data,ball,1,0,1.322339816,0.121257086,1.020991094,0.000000000,0.000000000,0.000000000,1.000000000,1,-0.822538985,-0.459305340,0.820757955,0.000000000,0.000000000,-0.039819557,0.999206887
1782472919.200956345,345.518664837,2823,vicon_state_data,ball,1,0,1.354289611,0.132029044,0.926105274,0.000000000,0.000000000,0.000000000,1.000000000,1,-0.822516392,-0.459290986,0.820768166,0.000000000,0.000000000,-0.039905559,0.999203456
1782472919.201235056,345.518943548,2824,vicon_state_data,ball,1,0,1.361501786,0.129014022,0.905692396,0.000000000,0.000000000,0.000000000,1.000000000,1,-0.822507049,-0.459258868,0.820758280,0.000000000,0.000000000,-0.039918365,0.999202944
1782472919.201510191,345.519218683,2825,vicon_state_data,ball,1,0,1.364279664,0.097487179,0.900600423,0.000000000,0.000000000,0.000000000,1.000000000,1,-0.822499448,-0.459278070,0.820747849,0.000000000,0.000000000,-0.039951850,0.999201606
1782472919.265851021,345.583559513,2826,vicon_state_data,ball,1,0,1.362226217,0.156272517,0.907071487,0.000000000,0.000000000,0.000000000,1.000000000,1,-0.822442875,-0.459242256,0.820750302,0.000000000,0.000000000,-0.039991326,0.999200027
1782472919.266607046,345.584315538,2827,vicon_state_data,ball,1,0,1.360236376,0.139278276,0.911665137,0.000000000,0.000000000,0.000000000,1.000000000,1,-0.822504881,-0.459301050,0.820783527,0.000000000,0.000000000,-0.039900246,0.999203668
1782472919.266952038,345.584660530,2828,vicon_state_data,ball,1,0,1.362340029,0.162148573,0.902045274,0.000000000,0.000000000,0.000000000,1.000000000,1,-0.822500503,-0.459313896,0.820789389,0.000000000,0.000000000,-0.039764210,0.999209091
1782472919.267251968,345.584960461,2829,vicon_state_data,ball,1,0,1.363984127,0.148611063,0.899751271,0.000000000,0.000000000,0.000000000,1.000000000,1,-0.822394259,-0.459232331,0.820615044,0.000000000,0.000000000,-0.041220472,0.999150075
1782472919.267555952,345.585264444,2830,vicon_state_data,ball,1,0,1.370297574,0.053007986,0.879543023,0.000000000,0.000000000,0.000000000,1.000000000,1,-0.822505539,-0.459341429,0.820784535,0.000000000,0.000000000,-0.039801581,0.999207603
1782472919.267850637,345.585559130,2831,vicon_state_data,ball,1,0,1.342259995,0.055154631,0.965351242,0.000000000,0.000000000,0.000000000,1.000000000,1,-0.822471277,-0.459289022,0.820777798,0.000000000,0.000000000,-0.039805855,0.999207433
1782472919.270619154,345.588327646,2832,vicon_state_data,ball,1,0,1.348582577,0.135553214,0.946246049,0.000000000,0.000000000,0.000000000,1.000000000,1,-0.822481071,-0.459332859,0.820800610,0.000000000,0.000000000,-0.040019171,0.999198912
1782472919.341610193,345.659318686,2833,vicon_state_data,ball,1,0,1.351512031,0.070676017,0.934050586,0.000000000,0.000000000,0.000000000,1.000000000,1,-0.822471749,-0.459341063,0.820837269,0.000000000,0.000000000,-0.040012671,0.999199172
1782472919.344827890,345.662536383,2834,vicon_state_data,ball,1,0,1.359493919,0.102105683,0.915049230,0.000000000,0.000000000,0.000000000,1.000000000,1,-0.822467304,-0.459365061,0.820847148,0.000000000,0.000000000,-0.040040482,0.999198058
1782472919.347733974,345.665442467,2835,vicon_state_data,ball,1,0,1.358774115,0.138429572,0.898773670,0.000000000,0.000000000,0.000000000,1.000000000,1,-0.822519016,-0.459432542,0.820874650,0.000000000,0.000000000,-0.040126559,0.999194605
1782472919.349265814,345.666974306,2836,vicon_state_data,ball,1,0,1.346469102,0.096194955,0.951990981,0.000000000,0.000000000,0.000000000,1.000000000,1,-0.822484063,-0.459396281,0.820777114,0.000000000,0.000000000,-0.039943463,0.999201941
1782472919.350721359,345.668429852,2837,vicon_state_data,ball,1,0,1.336520373,0.282030496,0.967263614,0.000000000,0.000000000,0.000000000,1.000000000,1,-0.822471697,-0.459408134,0.820783343,0.000000000,0.000000000,-0.039966701,0.999201012
1782472919.352205038,345.669913530,2838,vicon_state_data,ball,1,0,1.321678142,0.212341579,1.026039079,0.000000000,0.000000000,0.000000000,1.000000000,1,-0.822462100,-0.459396719,0.820774279,0.000000000,0.000000000,-0.039934268,0.999202309
1782472919.353640795,345.671349287,2839,vicon_state_data,ball,1,0,1.309095705,0.120505926,1.059774684,0.000000000,0.000000000,0.000000000,1.000000000,1,-0.822440544,-0.459398382,0.820761567,0.000000000,0.000000000,-0.039855067,0.999205471
1782472919.420041800,345.737750292,2840,vicon_state_data,ball,1,0,1.352576012,0.070635526,0.932083577,0.000000000,0.000000000,0.000000000,1.000000000,1,-0.822442656,-0.459428167,0.820765461,0.000000000,0.000000000,-0.039859714,0.999205286
1782472919.421782255,345.739490747,2841,vicon_state_data,ball,1,0,1.322266460,0.209878845,1.024211663,0.000000000,0.000000000,0.000000000,1.000000000,1,-0.822430942,-0.459474345,0.820798282,0.000000000,0.000000000,-0.039986237,0.999200231
1782472919.423253536,345.740962029,2842,vicon_state_data,ball,1,0,1.344614288,0.065767293,0.958985753,0.000000000,0.000000000,0.000000000,1.000000000,1,-0.822416614,-0.459464631,0.820779845,0.000000000,0.000000000,-0.040002607,0.999199575
1782472919.424687862,345.742396355,2843,vicon_state_data,ball,1,0,1.339393049,0.127744876,0.973214097,0.000000000,0.000000000,0.000000000,1.000000000,1,-0.822456939,-0.459438042,0.820849562,0.000000000,0.000000000,-0.039808429,0.999207330
1782472919.426099300,345.743807793,2844,vicon_state_data,ball,1,0,1.357198165,0.159576371,0.919134982,0.000000000,0.000000000,0.000000000,1.000000000,1,-0.822420424,-0.459489541,0.820725940,0.000000000,0.000000000,-0.040008231,0.999199350
1782472919.428703070,345.746411562,2845,vicon_state_data,ball,1,0,1.322173258,0.188338106,1.019013595,0.000000000,0.000000000,0.000000000,1.000000000,1,-0.822430930,-0.459484982,0.820742649,0.000000000,0.000000000,-0.039915882,0.999203044
1782472919.431230545,345.748939037,2846,vicon_state_data,ball,1,0,1.360984196,0.177758846,0.911419866,0.000000000,0.000000000,0.000000000,1.000000000,1,-0.822438251,-0.459514859,0.820769164,0.000000000,0.000000000,-0.039852993,0.999205554
1782472919.433747053,345.751455545,2847,vicon_state_data,ball,1,0,1.360776462,0.173414663,0.911125518,0.000000000,0.000000000,0.000000000,1.000000000,1,-0.822431557,-0.459517084,0.820842151,0.000000000,0.000000000,-0.039863884,0.999205119
1782472919.520283461,345.837991953,2848,vicon_state_data,ball,1,0,1.353021065,0.140611338,0.932226524,0.000000000,0.000000000,0.000000000,1.000000000,1,-0.822402165,-0.459522800,0.820822992,0.000000000,0.000000000,-0.040136660,0.999194200
1782472919.522048473,345.839756966,2849,vicon_state_data,ball,1,0,1.353874161,0.182298970,0.934609195,0.000000000,0.000000000,0.000000000,1.000000000,1,-0.822389691,-0.459490750,0.820819291,0.000000000,0.000000000,-0.040083962,0.999196315
1782472919.523537159,345.841245651,2850,vicon_state_data,ball,1,0,1.351133409,0.123015656,0.935203310,0.000000000,0.000000000,0.000000000,1.000000000,1,-0.822384715,-0.459511715,0.820804745,0.000000000,0.000000000,-0.040186756,0.999192186
1782472919.524999380,345.842707872,2851,vicon_state_data,ball,1,0,1.357557385,0.150807391,0.908799170,0.000000000,0.000000000,0.000000000,1.000000000,1,-0.822353933,-0.459473726,0.820822621,0.000000000,0.000000000,-0.040097704,0.999195764
1782472919.526512384,345.844220877,2852,vicon_state_data,ball,1,0,1.282861071,0.027077924,1.135111347,0.000000000,0.000000000,0.000000000,1.000000000,1,-0.822384753,-0.459522065,0.820875213,0.000000000,0.000000000,-0.039973011,0.999200760
1782472919.529112577,345.846821070,2853,vicon_state_data,ball,1,0,1.288934690,0.001041018,1.116714328,0.000000000,0.000000000,0.000000000,1.000000000,1,-0.822344418,-0.459546731,0.820780977,0.000000000,0.000000000,-0.040065613,0.999197051
1782472919.531719446,345.849427938,2854,vicon_state_data,ball,1,0,1.292385867,-0.015999610,1.106936980,0.000000000,0.000000000,0.000000000,1.000000000,1,-0.822393675,-0.459578794,0.820855683,0.000000000,0.000000000,-0.039832231,0.999206382
1782472919.534374714,345.852083206,2855,vicon_state_data,ball,1,0,1.289414359,0.001587288,1.115101967,0.000000000,0.000000000,0.000000000,1.000000000,1,-0.822344805,-0.459593261,0.820790523,0.000000000,0.000000000,-0.040023083,0.999198755
1782472919.537160873,345.854869366,2856,vicon_state_data,ball,1,0,1.278964577,0.004405197,1.140728722,0.000000000,0.000000000,0.000000000,1.000000000,1,-0.822366917,-0.459572425,0.820812339,0.000000000,0.000000000,-0.039835288,0.999206260
1782472919.623064041,345.940772533,2857,vicon_state_data,ball,1,0,1.292624798,-0.063977244,1.105738501,0.000000000,0.000000000,0.000000000,1.000000000,1,-0.822351359,-0.459627214,0.820795831,0.000000000,0.000000000,-0.040052994,0.999197557
1782472919.627012014,345.944720507,2858,vicon_state_data,ball,1,0,1.292351147,-0.013356210,1.108311010,0.000000000,0.000000000,0.000000000,1.000000000,1,-0.822371162,-0.459582468,0.820847728,0.000000000,0.000000000,-0.039922883,0.999202764
1782472919.630087614,345.947796106,2859,vicon_state_data,ball,1,0,1.287196745,0.000194870,1.122518147,0.000000000,0.000000000,0.000000000,1.000000000,1,-0.822359881,-0.459596082,0.820846032,0.000000000,0.000000000,-0.039959043,0.999201318
1782472919.633029461,345.950737953,2860,vicon_state_data,ball,1,0,1.311645970,0.072553103,1.054205748,0.000000000,0.000000000,0.000000000,1.000000000,1,-0.822375673,-0.459634919,0.820839355,0.000000000,0.000000000,-0.039939212,0.999202111
1782472919.635975122,345.953683615,2861,vicon_state_data,ball,1,0,1.345141395,0.097951676,0.953400716,0.000000000,0.000000000,0.000000000,1.000000000,1,-0.822391092,-0.459675861,0.820831738,0.000000000,0.000000000,-0.039780907,0.999208426
1782472919.639024734,345.956733227,2862,vicon_state_data,ball,1,0,1.366492156,0.034509251,0.893490919,0.000000000,0.000000000,0.000000000,1.000000000,1,-0.822362162,-0.459666623,0.820793921,0.000000000,0.000000000,-0.039697850,0.999211730
1782472919.641871214,345.959579706,2863,vicon_state_data,ball,1,0,1.352580772,0.179652089,0.941135133,0.000000000,0.000000000,0.000000000,1.000000000,1,-0.822349886,-0.459675660,0.820799937,0.000000000,0.000000000,-0.039768690,0.999208913
1782472919.643344402,345.961052895,2864,vicon_state_data,ball,1,0,1.322643017,0.192958323,1.021861477,0.000000000,0.000000000,0.000000000,1.000000000,1,-0.822379522,-0.459728506,0.820833072,0.000000000,0.000000000,-0.039779556,0.999208480
1782472919.644813538,345.962522030,2865,vicon_state_data,ball,1,0,1.354588080,0.143794466,0.927044285,0.000000000,0.000000000,0.000000000,1.000000000,1,-0.822368533,-0.459721280,0.820869963,0.000000000,0.000000000,-0.039777024,0.999208581
1782472919.715828657,346.033537149,2866,vicon_state_data,ball,1,0,1.359809171,0.042840372,0.911192259,0.000000000,0.000000000,0.000000000,1.000000000,1,-0.822358960,-0.459771485,0.820832591,0.000000000,0.000000000,-0.039834218,0.999206303
1782472919.717510939,346.035219431,2867,vicon_state_data,ball,1,0,1.337892380,0.050735785,0.978809367,0.000000000,0.000000000,0.000000000,1.000000000,1,-0.822367076,-0.459799896,0.820845829,0.000000000,0.000000000,-0.039781519,0.999208402
1782472919.718950987,346.036659479,2868,vicon_state_data,ball,1,0,1.352307118,-0.016403285,0.931641024,0.000000000,0.000000000,0.000000000,1.000000000,1,-0.822332978,-0.459830403,0.820834822,0.000000000,0.000000000,-0.039741689,0.999209987
1782472919.720391273,346.038099766,2869,vicon_state_data,ball,1,0,1.358224671,0.005344706,0.916556742,0.000000000,0.000000000,0.000000000,1.000000000,1,-0.822319565,-0.459836575,0.820830882,0.000000000,0.000000000,-0.039922113,0.999202795
