host_time_s,elapsed_s,frame_number,channel,name,ball_valid,ball_occluded,ball_x_m,ball_y_m,ball_z_m,ball_qx,ball_qy,ball_qz,ball_qw,base_valid,base_x_m,base_y_m,base_z_m,base_qx,base_qy,base_qz,base_qw
1782474742.746011972,31.651259184,0,vicon_state_data,ball,1,0,0.589639944,1.243512150,1.061481650,0.000000000,0.000000000,0.000000000,1.000000000,1,-0.822237856,-0.459897219,0.820453826,0.000000000,0.000000000,-0.038386639,0.999262961
1782474742.746119022,31.651366234,1,vicon_state_data,ball,1,0,0.591223778,1.247556871,1.058801173,0.000000000,0.000000000,0.000000000,1.000000000,1,-0.822225108,-0.459887505,0.820459373,0.000000000,0.000000000,-0.038400246,0.999262439
1782474742.806164503,31.711411715,2,vicon_state_data,ball,1,0,0.611963154,1.251258174,1.057915719,0.000000000,0.000000000,0.000000000,1.000000000,1,-0.822237040,-0.459891462,0.820466125,0.000000000,0.000000000,-0.038476072,0.999259522
1782474742.806382895,31.711630106,3,vicon_state_data,ball,1,0,0.619424991,1.254339831,1.057001524,0.000000000,0.000000000,0.000000000,1.000000000,1,-0.822248047,-0.459855494,0.820518100,0.000000000,0.000000000,-0.038206552,0.999269863
1782474742.806474447,31.711721659,4,vicon_state_data,ball,1,0,0.623211221,1.255857479,1.056652265,0.000000000,0.000000000,0.000000000,1.000000000,1,-0.822237641,-0.459844599,0.820481586,0.000000000,0.000000000,-0.038280956,0.999267016
1782474742.806549788,31.711796999,5,vicon_state_data,ball,1,0,0.626954192,1.257445149,1.056304797,0.000000000,0.000000000,0.000000000,1.000000000,1,-0.822241784,-0.459840282,0.820488484,0.000000000,0.000000000,-0.038256841,0.999267939
1782474742.806627035,31.711874247,6,vicon_state_data,ball,1,0,0.630717151,1.258998310,1.055892483,0.000000000,0.000000000,0.000000000,1.000000000,1,-0.822242065,-0.459831169,0.820487972,0.000000000,0.000000000,-0.038338909,0.999264794
1782474742.806697130,31.711944342,7,vicon_state_data,ball,1,0,0.634426951,1.260615441,1.055548922,0.000000000,0.000000000,0.000000000,1.000000000,1,-0.822242991,-0.459828869,0.820460666,0.000000000,0.000000000,-0.038316651,0.999265647
1782474742.806766272,31.712013483,8,vicon_state_data,ball,1,0,0.638234743,1.262286685,1.055270112,0.000000000,0.000000000,0.000000000,1.000000000,1,-0.822248396,-0.459840460,0.820465399,0.000000000,0.000000000,-0.038382170,0.999263133
1782474742.806836843,31.712084055,9,vicon_state_data,ball,1,0,0.641932568,1.263896114,1.054874125,0.000000000,0.000000000,0.000000000,1.000000000,1,-0.822244231,-0.459824214,0.820457418,0.000000000,0.000000000,-0.038385158,0.999263018
1782474742.806910753,31.712157965,10,vicon_state_data,ball,1,0,0.645638984,1.265691776,1.054628549,0.000000000,0.000000000,0.000000000,1.000000000,1,-0.822238402,-0.459815088,0.820461614,0.000000000,0.000000000,-0.038420790,0.999261649
1782474743.406586647,32.311833858,11,vicon_state_data,ball,1,0,1.401786919,1.394848966,1.032243574,0.000000000,0.000000000,0.000000000,1.000000000,1,-0.822190823,-0.458756071,0.820408511,0.000000000,0.000000000,-0.037840139,0.999283805
1782474743.406723738,32.311970949,12,vicon_state_data,ball,1,0,1.431090789,1.392667853,1.016770273,0.000000000,0.000000000,0.000000000,1.000000000,1,-0.822148261,-0.458615449,0.820465783,0.000000000,0.000000000,-0.037148879,0.999309742
1782474743.406792879,32.312040091,13,vicon_state_data,ball,1,0,1.442933843,1.391919859,1.012379346,0.000000000,0.000000000,0.000000000,1.000000000,1,-0.822163067,-0.458732426,0.820446485,0.000000000,0.000000000,-0.037779830,0.999286087
1782474743.470055103,32.375302315,14,vicon_state_data,ball,1,0,1.502211503,1.388650803,0.993782829,0.000000000,0.000000000,0.000000000,1.000000000,1,-0.822127762,-0.458552460,0.820436862,0.000000000,0.000000000,-0.037358212,0.999301938
1782474743.470264912,32.375512123,15,vicon_state_data,ball,1,0,1.515523384,1.399637248,0.980788273,0.000000000,0.000000000,0.000000000,1.000000000,1,-0.822139614,-0.458597173,0.820466192,0.000000000,0.000000000,-0.037209956,0.999307470
1782474743.470357180,32.375604391,16,vicon_state_data,ball,1,0,1.524916651,1.399452040,0.978973056,0.000000000,0.000000000,0.000000000,1.000000000,1,-0.822144762,-0.458624745,0.820451035,0.000000000,0.000000000,-0.037211725,0.999307404
1782474743.470434666,32.375681877,17,vicon_state_data,ball,1,0,1.529567686,1.399070454,0.978406528,0.000000000,0.000000000,0.000000000,1.000000000,1,-0.822179314,-0.458731453,0.820418006,0.000000000,0.000000000,-0.037753328,0.999287089
1782474743.470511436,32.375758648,18,vicon_state_data,ball,1,0,1.534162550,1.398545297,0.977966332,0.000000000,0.000000000,0.000000000,1.000000000,1,-0.822136248,-0.458607708,0.820479517,0.000000000,0.000000000,-0.037149769,0.999309709
1782474743.470581293,32.375828505,19,vicon_state_data,ball,1,0,1.538707240,1.397969313,0.977639546,0.000000000,0.000000000,0.000000000,1.000000000,1,-0.822135528,-0.458634243,0.820472304,0.000000000,0.000000000,-0.037166367,0.999309092
1782474743.470650434,32.375897646,20,vicon_state_data,ball,1,0,1.543290243,1.397404798,0.977384165,0.000000000,0.000000000,0.000000000,1.000000000,1,-0.822144001,-0.458651298,0.820496629,0.000000000,0.000000000,-0.037171409,0.999308904
1782474743.470719814,32.375967026,21,vicon_state_data,ball,1,0,1.547858337,1.396578932,0.977399739,0.000000000,0.000000000,0.000000000,1.000000000,1,-0.822164741,-0.458756267,0.820451117,0.000000000,0.000000000,-0.037775249,0.999286261
1782474743.470787287,32.376034498,22,vicon_state_data,ball,1,0,1.584918413,1.392459895,0.978456777,0.000000000,0.000000000,0.000000000,1.000000000,1,-0.822134067,-0.458645924,0.820528863,0.000000000,0.000000000,-0.037152374,0.999309612
1782474743.530323505,32.435570717,23,vicon_state_data,ball,1,0,1.588743869,1.393114647,0.980647992,0.000000000,0.000000000,0.000000000,1.000000000,1,-0.822137679,-0.458632340,0.820528859,0.000000000,0.000000000,-0.037224595,0.999306925
1782474743.530532360,32.435779572,24,vicon_state_data,ball,1,0,1.597131370,1.385107849,0.983381477,0.000000000,0.000000000,0.000000000,1.000000000,1,-0.822164489,-0.458724899,0.820464090,0.000000000,0.000000000,-0.037659369,0.999290634
1782474743.530641317,32.435888529,25,vicon_state_data,ball,1,0,1.601959781,1.379535670,0.985440305,0.000000000,0.000000000,0.000000000,1.000000000,1,-0.822143124,-0.458637916,0.820520247,0.000000000,0.000000000,-0.037156626,0.999309454
1782474743.530719280,32.435966492,26,vicon_state_data,ball,1,0,1.606329267,1.377533497,0.986676082,0.000000000,0.000000000,0.000000000,1.000000000,1,-0.822164512,-0.458724360,0.820445920,0.000000000,0.000000000,-0.037748558,0.999287269
1782474743.530793905,32.436041117,27,vicon_state_data,ball,1,0,1.610653601,1.375083021,0.987667591,0.000000000,0.000000000,0.000000000,1.000000000,1,-0.822170545,-0.458745217,0.820458427,0.000000000,0.000000000,-0.037766517,0.999286591
1782474743.530867100,32.436114311,28,vicon_state_data,ball,1,0,1.615280177,1.381778942,0.982297695,0.000000000,0.000000000,0.000000000,1.000000000,1,-0.822161769,-0.458716489,0.820438471,0.000000000,0.000000000,-0.037748238,0.999287281
1782474743.530939817,32.436187029,29,vicon_state_data,ball,1,0,1.620247632,1.379654918,0.983132163,0.000000000,0.000000000,0.000000000,1.000000000,1,-0.822141253,-0.458632827,0.820514703,0.000000000,0.000000000,-0.037146572,0.999309828
1782474743.531012058,32.436259270,30,vicon_state_data,ball,1,0,1.633929107,1.378297175,0.986614617,0.000000000,0.000000000,0.000000000,1.000000000,1,-0.822143124,-0.458654008,0.820418559,0.000000000,0.000000000,-0.037960029,0.999279258
1782474743.592373133,32.497620344,31,vicon_state_data,ball,1,0,1.674048068,1.356946472,0.990993323,0.000000000,0.000000000,0.000000000,1.000000000,1,-0.822167578,-0.458661847,0.820469327,0.000000000,0.000000000,-0.037160811,0.999309299
1782474743.592591763,32.497838974,32,vicon_state_data,ball,1,0,1.674224705,1.355784111,0.991017084,0.000000000,0.000000000,0.000000000,1.000000000,1,-0.822189642,-0.458751145,0.820430792,0.000000000,0.000000000,-0.037563623,0.999294238
1782474743.592684031,32.497931242,33,vicon_state_data,ball,1,0,1.679359020,1.353806098,0.993192729,0.000000000,0.000000000,0.000000000,1.000000000,1,-0.822164684,-0.458646703,0.820456825,0.000000000,0.000000000,-0.037044859,0.999313604
1782474743.592766285,32.498013496,34,vicon_state_data,ball,1,0,1.676635046,1.349226489,0.989242930,0.000000000,0.000000000,0.000000000,1.000000000,1,-0.822195920,-0.458747743,0.820401326,0.000000000,0.000000000,-0.037625878,0.999291896
1782474743.656250477,32.561497688,35,vicon_state_data,ball,1,0,1.771045772,1.296699365,0.993784909,0.000000000,0.000000000,0.000000000,1.000000000,1,-0.822196068,-0.458660459,0.820476079,0.000000000,0.000000000,-0.036922893,0.999318118
1782474743.786951065,32.692198277,36,vicon_state_data,ball,1,0,1.929448371,1.252211793,0.996098146,0.000000000,0.000000000,0.000000000,1.000000000,1,-0.822205144,-0.458846671,0.820519680,0.000000000,0.000000000,-0.036856578,0.999320566
1782474743.787183762,32.692430973,37,vicon_state_data,ball,1,0,1.930124479,1.253232451,0.995616630,0.000000000,0.000000000,0.000000000,1.000000000,1,-0.822235295,-0.458968962,0.820460045,0.000000000,0.000000000,-0.037483135,0.999297260
1782474743.787282705,32.692529917,38,vicon_state_data,ball,1,0,1.937378087,1.251964250,0.996181794,0.000000000,0.000000000,0.000000000,1.000000000,1,-0.822217180,-0.458870855,0.820446987,0.000000000,0.000000000,-0.037493447,0.999296874
1782474743.787365437,32.692612648,39,vicon_state_data,ball,1,0,1.938095704,1.252801438,0.995823632,0.000000000,0.000000000,0.000000000,1.000000000,1,-0.822236189,-0.458957411,0.820453755,0.000000000,0.000000000,-0.037378702,0.999301172
1782474743.787452936,32.692700148,40,vicon_state_data,ball,1,0,1.938194815,1.253754190,0.995453242,0.000000000,0.000000000,0.000000000,1.000000000,1,-0.822237513,-0.458980741,0.820452465,0.000000000,0.000000000,-0.037408764,0.999300047
1782474743.846817970,32.752065182,41,vicon_state_data,ball,1,0,1.968234409,1.251493065,0.996371276,0.000000000,0.000000000,0.000000000,1.000000000,1,-0.822219174,-0.458939986,0.820495840,0.000000000,0.000000000,-0.036949405,0.999317138
1782474743.848477364,32.753724575,42,vicon_state_data,ball,1,0,2.009363502,1.245487415,1.006438955,0.000000000,0.000000000,0.000000000,1.000000000,1,-0.822267216,-0.459095913,0.820408822,0.000000000,0.000000000,-0.037389674,0.999300762
1782474743.850187778,32.755434990,43,vicon_state_data,ball,1,0,2.019367759,1.239201796,1.004201977,0.000000000,0.000000000,0.000000000,1.000000000,1,-0.822283406,-0.459129912,0.820423505,0.000000000,0.000000000,-0.037378546,0.999301178
1782474743.851871490,32.757118702,44,vicon_state_data,ball,1,0,2.035410512,1.242485608,1.012136617,0.000000000,0.000000000,0.000000000,1.000000000,1,-0.822282004,-0.459166630,0.820458564,0.000000000,0.000000000,-0.037401985,0.999300301
1782474743.853539467,32.758786678,45,vicon_state_data,ball,1,0,2.046111985,1.238564561,1.015439368,0.000000000,0.000000000,0.000000000,1.000000000,1,-0.822282190,-0.459169880,0.820439283,0.000000000,0.000000000,-0.037385391,0.999300922
1782474743.917422295,32.822669506,46,vicon_state_data,ball,1,0,2.053025690,1.242436732,1.014857804,0.000000000,0.000000000,0.000000000,1.000000000,1,-0.822273351,-0.459197377,0.820434592,0.000000000,0.000000000,-0.037501815,0.999296560
1782474743.919311523,32.824558735,47,vicon_state_data,ball,1,0,2.064165895,1.232353909,1.022983022,0.000000000,0.000000000,0.000000000,1.000000000,1,-0.822260049,-0.459112337,0.820496650,0.000000000,0.000000000,-0.036977092,0.999316113
1782474743.921040058,32.826287270,48,vicon_state_data,ball,1,0,2.068133061,1.231579753,1.024381225,0.000000000,0.000000000,0.000000000,1.000000000,1,-0.822281806,-0.459218397,0.820433465,0.000000000,0.000000000,-0.037487262,0.999297106
1782474743.922749043,32.827996254,49,vicon_state_data,ball,1,0,2.072110733,1.230777583,1.025759096,0.000000000,0.000000000,0.000000000,1.000000000,1,-0.822276995,-0.459209131,0.820425719,0.000000000,0.000000000,-0.037417984,0.999299702
1782474743.924468040,32.829715252,50,vicon_state_data,ball,1,0,2.076025788,1.230126938,1.027493126,0.000000000,0.000000000,0.000000000,1.000000000,1,-0.822269487,-0.459139010,0.820473169,0.000000000,0.000000000,-0.036954775,0.999316939
1782474745.307953119,34.213200331,51,vicon_state_data,ball,1,0,3.235218255,0.328543874,1.027445998,0.000000000,0.000000000,0.000000000,1.000000000,1,-0.822216757,-0.459925612,0.820542949,0.000000000,0.000000000,-0.036697692,0.999326413
1782474745.308076859,34.213324070,52,vicon_state_data,ball,1,0,3.234891782,0.325383162,1.026285453,0.000000000,0.000000000,0.000000000,1.000000000,1,-0.822213050,-0.459924110,0.820527068,0.000000000,0.000000000,-0.036700061,0.999326326
1782474745.308136463,34.213383675,53,vicon_state_data,ball,1,0,3.234896439,0.322049862,1.025253893,0.000000000,0.000000000,0.000000000,1.000000000,1,-0.822215491,-0.459872376,0.820576272,0.000000000,0.000000000,-0.036284056,0.999341517
1782474745.371618032,34.276865244,54,vicon_state_data,ball,1,0,3.234803684,0.302067438,1.020059060,0.000000000,0.000000000,0.000000000,1.000000000,1,-0.822197449,-0.459801524,0.820521090,0.000000000,0.000000000,-0.036265727,0.999342182
1782474745.371824741,34.277071953,55,vicon_state_data,ball,1,0,3.234789428,0.298753723,1.019210478,0.000000000,0.000000000,0.000000000,1.000000000,1,-0.822206258,-0.459832731,0.820483901,0.000000000,0.000000000,-0.036741028,0.999324821
1782474745.371910095,34.277157307,56,vicon_state_data,ball,1,0,3.234713624,0.295418356,1.018427602,0.000000000,0.000000000,0.000000000,1.000000000,1,-0.822212303,-0.459833175,0.820481870,0.000000000,0.000000000,-0.036639831,0.999328536
1782474745.371984720,34.277231932,57,vicon_state_data,ball,1,0,3.234624462,0.292102069,1.017784468,0.000000000,0.000000000,0.000000000,1.000000000,1,-0.822203762,-0.459821475,0.820477141,0.000000000,0.000000000,-0.036730194,0.999325219
1782474745.372056723,34.277303934,58,vicon_state_data,ball,1,0,3.234565419,0.288759033,1.017052297,0.000000000,0.000000000,0.000000000,1.000000000,1,-0.822194615,-0.459801779,0.820471903,0.000000000,0.000000000,-0.036666032,0.999327575
1782474745.372125387,34.277372599,59,vicon_state_data,ball,1,0,3.234496654,0.285362197,1.016266576,0.000000000,0.000000000,0.000000000,1.000000000,1,-0.822204491,-0.459822792,0.820477383,0.000000000,0.000000000,-0.036706878,0.999326075
1782474745.372197390,34.277444601,60,vicon_state_data,ball,1,0,3.234369055,0.281954523,1.015604073,0.000000000,0.000000000,0.000000000,1.000000000,1,-0.822206507,-0.459827690,0.820465138,0.000000000,0.000000000,-0.036733824,0.999325085
1782474745.372271061,34.277518272,61,vicon_state_data,ball,1,0,3.234312019,0.278626261,1.014802295,0.000000000,0.000000000,0.000000000,1.000000000,1,-0.822209669,-0.459844633,0.820471131,0.000000000,0.000000000,-0.036804962,0.999322468
1782474745.372343302,34.277590513,62,vicon_state_data,ball,1,0,3.234228833,0.275169125,1.014099403,0.000000000,0.000000000,0.000000000,1.000000000,1,-0.822201527,-0.459803301,0.820478375,0.000000000,0.000000000,-0.036814026,0.999322134
1782474745.372412920,34.277660131,63,vicon_state_data,ball,1,0,3.234076762,0.271833114,1.013439967,0.000000000,0.000000000,0.000000000,1.000000000,1,-0.822206224,-0.459786705,0.820463760,0.000000000,0.000000000,-0.036841806,0.999321110
1782474745.432237387,34.337484598,64,vicon_state_data,ball,1,0,3.231832081,0.237782603,1.007603461,0.000000000,0.000000000,0.000000000,1.000000000,1,-0.822191032,-0.459617437,0.820523113,0.000000000,0.000000000,-0.036338065,0.999339554
1782474745.432435274,34.337682486,65,vicon_state_data,ball,1,0,3.230601460,0.232833663,1.008548053,0.000000000,0.000000000,0.000000000,1.000000000,1,-0.822206694,-0.459684425,0.820460788,0.000000000,0.000000000,-0.036766002,0.999323902
1782474745.432524681,34.337771893,66,vicon_state_data,ball,1,0,3.230224836,0.229183438,1.008118561,0.000000000,0.000000000,0.000000000,1.000000000,1,-0.822197228,-0.459662768,0.820467632,0.000000000,0.000000000,-0.036824546,0.999321746
1782474745.432603121,34.337850332,67,vicon_state_data,ball,1,0,3.230767859,0.227398434,1.006023057,0.000000000,0.000000000,0.000000000,1.000000000,1,-0.822196096,-0.459632306,0.820459883,0.000000000,0.000000000,-0.036804953,0.999322468
1782474745.432678699,34.337925911,68,vicon_state_data,ball,1,0,3.230345074,0.223911823,1.005584209,0.000000000,0.000000000,0.000000000,1.000000000,1,-0.822194685,-0.459648955,0.820468143,0.000000000,0.000000000,-0.036871848,0.999320002
1782474745.432767153,34.338014364,69,vicon_state_data,ball,1,0,3.229867403,0.220559571,1.005102525,0.000000000,0.000000000,0.000000000,1.000000000,1,-0.822201873,-0.459633918,0.820459452,0.000000000,0.000000000,-0.036883825,0.999319560
1782474745.432840586,34.338087797,70,vicon_state_data,ball,1,0,3.229319599,0.217134808,1.004712153,0.000000000,0.000000000,0.000000000,1.000000000,1,-0.822194748,-0.459561688,0.820526230,0.000000000,0.000000000,-0.036464075,0.999334964
1782474745.432912588,34.338159800,71,vicon_state_data,ball,1,0,3.228753359,0.213754539,1.004304728,0.000000000,0.000000000,0.000000000,1.000000000,1,-0.822190490,-0.459611022,0.820465285,0.000000000,0.000000000,-0.036807079,0.999322390
1782474745.432983875,34.338231087,72,vicon_state_data,ball,1,0,3.228205880,0.210539217,1.003812661,0.000000000,0.000000000,0.000000000,1.000000000,1,-0.822199256,-0.459614732,0.820465874,0.000000000,0.000000000,-0.036775562,0.999323550
1782474745.433057308,34.338304520,73,vicon_state_data,ball,1,0,3.227572660,0.207179049,1.003439181,0.000000000,0.000000000,0.000000000,1.000000000,1,-0.822199631,-0.459616749,0.820464725,0.000000000,0.000000000,-0.036905877,0.999318746
1782474745.493511915,34.398759127,74,vicon_state_data,ball,1,0,3.218901437,0.173089849,0.998842343,0.000000000,0.000000000,0.000000000,1.000000000,1,-0.822161040,-0.459405546,0.820472333,0.000000000,0.000000000,-0.036788079,0.999323090
1782474745.493715763,34.398962975,75,vicon_state_data,ball,1,0,3.217991384,0.170150008,0.998573232,0.000000000,0.000000000,0.000000000,1.000000000,1,-0.822161547,-0.459404644,0.820534321,0.000000000,0.000000000,-0.036362446,0.999338668
1782474745.493822813,34.399070024,76,vicon_state_data,ball,1,0,3.217038368,0.167298478,0.998400318,0.000000000,0.000000000,0.000000000,1.000000000,1,-0.822158763,-0.459459842,0.820513236,0.000000000,0.000000000,-0.036044544,0.999350184
1782474745.493903875,34.399151087,77,vicon_state_data,ball,1,0,3.216059736,0.164428922,0.998237155,0.000000000,0.000000000,0.000000000,1.000000000,1,-0.822157461,-0.459422986,0.820509421,0.000000000,0.000000000,-0.036078748,0.999348950
1782474745.493993759,34.399240971,78,vicon_state_data,ball,1,0,3.213158763,0.156034771,0.998003610,0.000000000,0.000000000,0.000000000,1.000000000,1,-0.822150028,-0.459345361,0.820525223,0.000000000,0.000000000,-0.036369607,0.999338407
1782474745.494069338,34.399316549,79,vicon_state_data,ball,1,0,3.212057656,0.153151981,0.998059691,0.000000000,0.000000000,0.000000000,1.000000000,1,-0.822153056,-0.459359364,0.820536144,0.000000000,0.000000000,-0.036392820,0.999337562
1782474745.494143724,34.399390936,80,vicon_state_data,ball,1,0,3.210989893,0.150413844,0.998084300,0.000000000,0.000000000,0.000000000,1.000000000,1,-0.822159753,-0.459382780,0.820551797,0.000000000,0.000000000,-0.036380118,0.999338024
1782474745.557616234,34.462863445,81,vicon_state_data,ball,1,0,3.200572439,0.126381245,0.999425095,0.000000000,0.000000000,0.000000000,1.000000000,1,-0.822169671,-0.459349115,0.820550913,0.000000000,0.000000000,-0.036371459,0.999338340
1782474745.561028242,34.466275454,82,vicon_state_data,ball,1,0,3.199310050,0.123866071,0.999650033,0.000000000,0.000000000,0.000000000,1.000000000,1,-0.822180962,-0.459443348,0.820511044,0.000000000,0.000000000,-0.036818676,0.999321963
1782474745.564334869,34.469582081,83,vicon_state_data,ball,1,0,3.197937034,0.121301577,0.999884806,0.000000000,0.000000000,0.000000000,1.000000000,1,-0.822167748,-0.459339997,0.820569958,0.000000000,0.000000000,-0.036237548,0.999343204
1782474745.567627430,34.472874641,84,vicon_state_data,ball,1,0,3.196687494,0.118854217,1.000135404,0.000000000,0.000000000,0.000000000,1.000000000,1,-0.822162982,-0.459341861,0.820554049,0.000000000,0.000000000,-0.036343353,0.999339362
1782474745.570928574,34.476175785,85,vicon_state_data,ball,1,0,3.195294488,0.116350247,1.000424133,0.000000000,0.000000000,0.000000000,1.000000000,1,-0.822173207,-0.459393404,0.820486437,0.000000000,0.000000000,-0.036776876,0.999323502
1782474745.574302673,34.479549885,86,vicon_state_data,ball,1,0,3.193926043,0.113911922,1.000812435,0.000000000,0.000000000,0.000000000,1.000000000,1,-0.822166480,-0.459319315,0.820564628,0.000000000,0.000000000,-0.036421647,0.999336512
1782474745.577609539,34.482856750,87,vicon_state_data,ball,1,0,3.191120824,0.109218447,1.001492228,0.000000000,0.000000000,0.000000000,1.000000000,1,-0.822167499,-0.459417365,0.820477561,0.000000000,0.000000000,-0.036564055,0.999331311
1782474745.580933332,34.486180544,88,vicon_state_data,ball,1,0,3.189670548,0.106806235,1.001968633,0.000000000,0.000000000,0.000000000,1.000000000,1,-0.822171892,-0.459346066,0.820503767,0.000000000,0.000000000,-0.036820672,0.999321889
1782474745.584210634,34.489457846,89,vicon_state_data,ball,1,0,3.188193011,0.104566164,1.002343196,0.000000000,0.000000000,0.000000000,1.000000000,1,-0.822153255,-0.459226674,0.820559438,0.000000000,0.000000000,-0.036237177,0.999343218
1782474745.587502003,34.492749214,90,vicon_state_data,ball,1,0,3.172444610,0.083567580,1.008800316,0.000000000,0.000000000,0.000000000,1.000000000,1,-0.822149399,-0.459218905,0.820466906,0.000000000,0.000000000,-0.036980401,0.999315991
1782474745.590723038,34.495970249,91,vicon_state_data,ball,1,0,3.170750009,0.081705508,1.009632028,0.000000000,0.000000000,0.000000000,1.000000000,1,-0.822137550,-0.459180390,0.820403755,0.000000000,0.000000000,-0.037214865,0.999307287
1782474745.593884706,34.499131918,92,vicon_state_data,ball,1,0,3.168984905,0.079790884,1.010554828,0.000000000,0.000000000,0.000000000,1.000000000,1,-0.822159342,-0.459266642,0.820459227,0.000000000,0.000000000,-0.036990726,0.999315609
1782474745.596945047,34.502192259,93,vicon_state_data,ball,1,0,3.167309679,0.077966511,1.011416461,0.000000000,0.000000000,0.000000000,1.000000000,1,-0.822169542,-0.459256873,0.820449407,0.000000000,0.000000000,-0.037073784,0.999312531
1782474745.599850178,34.505097389,94,vicon_state_data,ball,1,0,3.165536023,0.076076462,1.012396445,0.000000000,0.000000000,0.000000000,1.000000000,1,-0.822130057,-0.459145683,0.820507671,0.000000000,0.000000000,-0.036395795,0.999337454
1782474745.602634668,34.507881880,95,vicon_state_data,ball,1,0,3.163885143,0.074340737,1.013288460,0.000000000,0.000000000,0.000000000,1.000000000,1,-0.822153303,-0.459223137,0.820461798,0.000000000,0.000000000,-0.036858347,0.999320500
1782474745.605398417,34.510645628,96,vicon_state_data,ball,1,0,3.162045986,0.072543993,1.014304535,0.000000000,0.000000000,0.000000000,1.000000000,1,-0.822152546,-0.459215747,0.820442173,0.000000000,0.000000000,-0.036826172,0.999321686
1782474745.608068466,34.513315678,97,vicon_state_data,ball,1,0,3.160236347,0.070604621,1.015344975,0.000000000,0.000000000,0.000000000,1.000000000,1,-0.822139084,-0.459132422,0.820477040,0.000000000,0.000000000,-0.036236446,0.999343244
1782474745.610690832,34.515938044,98,vicon_state_data,ball,1,0,3.158482491,0.068900035,1.016319275,0.000000000,0.000000000,0.000000000,1.000000000,1,-0.822150582,-0.459241587,0.820411642,0.000000000,0.000000000,-0.036850728,0.999320781
1782474745.613282919,34.518530130,99,vicon_state_data,ball,1,0,3.156601157,0.067104920,1.017420285,0.000000000,0.000000000,0.000000000,1.000000000,1,-0.822169978,-0.459238383,0.820420742,0.000000000,0.000000000,-0.036818885,0.999321955
1782474745.615813732,34.521060944,100,vicon_state_data,ball,1,0,3.154805707,0.065426588,1.018459495,0.000000000,0.000000000,0.000000000,1.000000000,1,-0.822155598,-0.459203832,0.820417601,0.000000000,0.000000000,-0.036769229,0.999323783
1782474745.618369579,34.523616791,101,vicon_state_data,ball,1,0,3.152970797,0.063839612,1.019463632,0.000000000,0.000000000,0.000000000,1.000000000,1,-0.822134691,-0.459078226,0.820449358,0.000000000,0.000000000,-0.036232093,0.999343402
1782474745.620843887,34.526091099,102,vicon_state_data,ball,1,0,3.151120835,0.062159798,1.020498700,0.000000000,0.000000000,0.000000000,1.000000000,1,-0.822161299,-0.459197146,0.820404359,0.000000000,0.000000000,-0.036859528,0.999320457
1782474745.623345613,34.528592825,103,vicon_state_data,ball,1,0,3.149264127,0.060562260,1.021482738,0.000000000,0.000000000,0.000000000,1.000000000,1,-0.822159068,-0.459181130,0.820395202,0.000000000,0.000000000,-0.036756106,0.999324266
1782474745.625879526,34.531126738,104,vicon_state_data,ball,1,0,3.147338539,0.058874356,1.022533815,0.000000000,0.000000000,0.000000000,1.000000000,1,-0.822136547,-0.459078650,0.820455468,0.000000000,0.000000000,-0.036302816,0.999340836
1782474745.628569365,34.533816576,105,vicon_state_data,ball,1,0,3.145397119,0.057170863,1.023556512,0.000000000,0.000000000,0.000000000,1.000000000,1,-0.822141312,-0.459064736,0.820444929,0.000000000,0.000000000,-0.036308352,0.999340634
1782474745.631229877,34.536477089,106,vicon_state_data,ball,1,0,3.143609388,0.055628053,1.024476482,0.000000000,0.000000000,0.000000000,1.000000000,1,-0.822132728,-0.459079473,0.820359433,0.000000000,0.000000000,-0.037045259,0.999313589
1782474745.633868694,34.539115906,107,vicon_state_data,ball,1,0,3.139835501,0.052461757,1.026220336,0.000000000,0.000000000,0.000000000,1.000000000,1,-0.822144323,-0.459090815,0.820399943,0.000000000,0.000000000,-0.036869129,0.999320103
1782474745.636510134,34.541757345,108,vicon_state_data,ball,1,0,3.137983899,0.050999380,1.027071237,0.000000000,0.000000000,0.000000000,1.000000000,1,-0.822120708,-0.459007888,0.820465923,0.000000000,0.000000000,-0.036275358,0.999341833
1782474745.639145613,34.544392824,109,vicon_state_data,ball,1,0,3.132281168,0.046672667,1.029493838,0.000000000,0.000000000,0.000000000,1.000000000,1,-0.822143755,-0.459099204,0.820400407,0.000000000,0.000000000,-0.036852678,0.999320709
1782474745.641446114,34.546693325,110,vicon_state_data,ball,1,0,3.130336835,0.045241737,1.030244670,0.000000000,0.000000000,0.000000000,1.000000000,1,-0.822114559,-0.458965432,0.820476717,0.000000000,0.000000000,-0.036427917,0.999336283
1782474745.643749952,34.548997164,111,vicon_state_data,ball,1,0,3.128417435,0.043851659,1.030887531,0.000000000,0.000000000,0.000000000,1.000000000,1,-0.822099541,-0.458980467,0.820380556,0.000000000,0.000000000,-0.037103955,0.999311411
1782474745.646223307,34.551470518,112,vicon_state_data,ball,1,0,3.126565471,0.042571431,1.031424545,0.000000000,0.000000000,0.000000000,1.000000000,1,-0.822116644,-0.458981096,0.820484765,0.000000000,0.000000000,-0.036451060,0.999335439
1782474745.710751295,34.615998507,113,vicon_state_data,ball,1,0,3.122622628,0.039854824,1.032735038,0.000000000,0.000000000,0.000000000,1.000000000,1,-0.822112169,-0.458987273,0.820488677,0.000000000,0.000000000,-0.036424304,0.999336415
1782474745.712586641,34.617833853,114,vicon_state_data,ball,1,0,3.120762921,0.038737458,1.033184591,0.000000000,0.000000000,0.000000000,1.000000000,1,-0.822118202,-0.458963841,0.820487112,0.000000000,0.000000000,-0.036441604,0.999335784
1782474745.714277744,34.619524956,115,vicon_state_data,ball,1,0,3.118786671,0.037525502,1.033705108,0.000000000,0.000000000,0.000000000,1.000000000,1,-0.822104517,-0.458900047,0.820378524,0.000000000,0.000000000,-0.036881427,0.999319649
1782474745.715954065,34.621201277,116,vicon_state_data,ball,1,0,3.116824584,0.036292874,1.034141730,0.000000000,0.000000000,0.000000000,1.000000000,1,-0.822128131,-0.458990752,0.820385141,0.000000000,0.000000000,-0.036872430,0.999319981
1782474745.717654228,34.622901440,117,vicon_state_data,ball,1,0,3.114920014,0.035149822,1.034505517,0.000000000,0.000000000,0.000000000,1.000000000,1,-0.822118895,-0.458925597,0.820447950,0.000000000,0.000000000,-0.036411640,0.999336876
1782474745.719367266,34.624614477,118,vicon_state_data,ball,1,0,3.085823056,0.024668079,1.035971962,0.000000000,0.000000000,0.000000000,1.000000000,1,-0.822144861,-0.458974388,0.820454082,0.000000000,0.000000000,-0.036907737,0.999318677
1782474745.780944109,34.686191320,119,vicon_state_data,ball,1,0,3.080316966,0.024194504,1.035243907,0.000000000,0.000000000,0.000000000,1.000000000,1,-0.822102972,-0.458771072,0.820519419,0.000000000,0.000000000,-0.036337405,0.999339578
1782474745.784375191,34.689622402,120,vicon_state_data,ball,1,0,3.077622137,0.021499217,1.036510813,0.000000000,0.000000000,0.000000000,1.000000000,1,-0.822121207,-0.458852492,0.820530682,0.000000000,0.000000000,-0.036319547,0.999340228
1782474745.787715435,34.692962646,121,vicon_state_data,ball,1,0,3.076186562,0.022502650,1.035457750,0.000000000,0.000000000,0.000000000,1.000000000,1,-0.822114642,-0.458815928,0.820513644,0.000000000,0.000000000,-0.036262275,0.999342307
1782474745.790988684,34.696235895,122,vicon_state_data,ball,1,0,3.074250330,0.021866717,1.035924761,0.000000000,0.000000000,0.000000000,1.000000000,1,-0.822115236,-0.458821425,0.820513116,0.000000000,0.000000000,-0.036247165,0.999342856
1782474745.794159889,34.699407101,123,vicon_state_data,ball,1,0,3.072582125,0.022392814,1.034986853,0.000000000,0.000000000,0.000000000,1.000000000,1,-0.822130265,-0.458899953,0.820435159,0.000000000,0.000000000,-0.036877147,0.999319807
1782474745.797217131,34.702464342,124,vicon_state_data,ball,1,0,3.070653793,0.021752811,1.035260020,0.000000000,0.000000000,0.000000000,1.000000000,1,-0.822087088,-0.458698532,0.820501545,0.000000000,0.000000000,-0.036281762,0.999341600
1782474745.800181866,34.705429077,125,vicon_state_data,ball,1,0,3.068770217,0.021518515,1.035191019,0.000000000,0.000000000,0.000000000,1.000000000,1,-0.822138077,-0.458883286,0.820451554,0.000000000,0.000000000,-0.036924901,0.999318043
1782474745.803062439,34.708309650,126,vicon_state_data,ball,1,0,3.067056218,0.021574897,1.034958889,0.000000000,0.000000000,0.000000000,1.000000000,1,-0.822131867,-0.458876520,0.820448387,0.000000000,0.000000000,-0.036928487,0.999317911
1782474745.805972338,34.711219549,127,vicon_state_data,ball,1,0,3.065127280,0.021102857,1.034938978,0.000000000,0.000000000,0.000000000,1.000000000,1,-0.822142468,-0.458878580,0.820460870,0.000000000,0.000000000,-0.036931516,0.999317799
1782474745.808778524,34.714025736,128,vicon_state_data,ball,1,0,3.063486281,0.021407107,1.034476682,0.000000000,0.000000000,0.000000000,1.000000000,1,-0.822119481,-0.458791247,0.820445747,0.000000000,0.000000000,-0.036890522,0.999319313
1782474745.811500788,34.716747999,129,vicon_state_data,ball,1,0,3.047830503,0.020650978,1.033363986,0.000000000,0.000000000,0.000000000,1.000000000,1,-0.822107583,-0.458664888,0.820472495,0.000000000,0.000000000,-0.036579928,0.999330730
1782474745.814127445,34.719374657,130,vicon_state_data,ball,1,0,3.044461564,0.020833407,1.032915678,0.000000000,0.000000000,0.000000000,1.000000000,1,-0.822151815,-0.458848964,0.820434766,0.000000000,0.000000000,-0.037033261,0.999314034
1782474745.816670179,34.721917391,131,vicon_state_data,ball,1,0,3.043070284,0.021641608,1.032287921,0.000000000,0.000000000,0.000000000,1.000000000,1,-0.822128175,-0.458703494,0.820502888,0.000000000,0.000000000,-0.036319148,0.999340242
1782474745.819169044,34.724416256,132,vicon_state_data,ball,1,0,3.041566426,0.021740844,1.032112954,0.000000000,0.000000000,0.000000000,1.000000000,1,-0.822159383,-0.458825144,0.820440624,0.000000000,0.000000000,-0.036910976,0.999318558
1782474745.821601629,34.726848841,133,vicon_state_data,ball,1,0,3.043238909,0.023300687,1.030641240,0.000000000,0.000000000,0.000000000,1.000000000,1,-0.822159964,-0.458812288,0.820434974,0.000000000,0.000000000,-0.036934378,0.999317693
1782474745.824090958,34.729338169,134,vicon_state_data,ball,1,0,3.041125410,0.022766153,1.030684532,0.000000000,0.000000000,0.000000000,1.000000000,1,-0.822142404,-0.458687459,0.820512597,0.000000000,0.000000000,-0.036417817,0.999336651
1782474745.826508284,34.731755495,135,vicon_state_data,ball,1,0,3.039574699,0.022783393,1.030237723,0.000000000,0.000000000,0.000000000,1.000000000,1,-0.822136878,-0.458693945,0.820514077,0.000000000,0.000000000,-0.036318954,0.999340249
1782474745.828941584,34.734188795,136,vicon_state_data,ball,1,0,3.037762878,0.022580872,1.030219027,0.000000000,0.000000000,0.000000000,1.000000000,1,-0.822151442,-0.458701799,0.820488121,0.000000000,0.000000000,-0.036438345,0.999335903
1782474745.831378937,34.736626148,137,vicon_state_data,ball,1,0,3.036065976,0.022427323,1.030097422,0.000000000,0.000000000,0.000000000,1.000000000,1,-0.822133445,-0.458619640,0.820441607,0.000000000,0.000000000,-0.036662467,0.999327706
1782474745.833765268,34.739012480,138,vicon_state_data,ball,1,0,3.035018172,0.023083228,1.029625093,0.000000000,0.000000000,0.000000000,1.000000000,1,-0.822153254,-0.458667521,0.820494508,0.000000000,0.000000000,-0.036364958,0.999338576
1782474745.836117029,34.741364241,139,vicon_state_data,ball,1,0,3.033467315,0.023118312,1.029299642,0.000000000,0.000000000,0.000000000,1.000000000,1,-0.822145127,-0.458686165,0.820402045,0.000000000,0.000000000,-0.037126298,0.999310581
1782474745.838447571,34.743694782,140,vicon_state_data,ball,1,0,3.031859002,0.023006756,1.028948653,0.000000000,0.000000000,0.000000000,1.000000000,1,-0.822149722,-0.458656557,0.820478186,0.000000000,0.000000000,-0.036368768,0.999338438
1782474745.840759516,34.746006727,141,vicon_state_data,ball,1,0,3.030041798,0.022736052,1.028740714,0.000000000,0.000000000,0.000000000,1.000000000,1,-0.822143782,-0.458642580,0.820481115,0.000000000,0.000000000,-0.036402687,0.999337203
1782474745.843088150,34.748335361,142,vicon_state_data,ball,1,0,3.028299705,0.022606061,1.028791849,0.000000000,0.000000000,0.000000000,1.000000000,1,-0.822167841,-0.458729527,0.820414972,0.000000000,0.000000000,-0.037050987,0.999313376
1782474745.845429182,34.750676394,143,vicon_state_data,ball,1,0,3.026900824,0.022747189,1.028553287,0.000000000,0.000000000,0.000000000,1.000000000,1,-0.822151544,-0.458660853,0.820395378,0.000000000,0.000000000,-0.037166368,0.999309092
1782474745.847809553,34.753056765,144,vicon_state_data,ball,1,0,3.026010854,0.023466952,1.027664718,0.000000000,0.000000000,0.000000000,1.000000000,1,-0.822169665,-0.458734358,0.820427633,0.000000000,0.000000000,-0.037027936,0.999314231
1782474745.850152493,34.755399704,145,vicon_state_data,ball,1,0,3.024831367,0.023847811,1.027323444,0.000000000,0.000000000,0.000000000,1.000000000,1,-0.822117694,-0.458552138,0.820421358,0.000000000,0.000000000,-0.036703505,0.999326199
1782474745.852453232,34.757700443,146,vicon_state_data,ball,1,0,3.023116342,0.023672191,1.027343819,0.000000000,0.000000000,0.000000000,1.000000000,1,-0.822121729,-0.458573233,0.820425796,0.000000000,0.000000000,-0.036627718,0.999328980
1782474745.854774714,34.760021925,147,vicon_state_data,ball,1,0,3.018852743,0.023962615,1.026735265,0.000000000,0.000000000,0.000000000,1.000000000,1,-0.822142341,-0.458649358,0.820362088,0.000000000,0.000000000,-0.037237840,0.999306431
1782474745.857100725,34.762347937,148,vicon_state_data,ball,1,0,3.017368963,0.024033138,1.026263545,0.000000000,0.000000000,0.000000000,1.000000000,1,-0.822129922,-0.458637302,0.820454843,0.000000000,0.000000000,-0.036436676,0.999335964
1782474745.923244715,34.828491926,149,vicon_state_data,ball,1,0,3.015959841,0.024145934,1.026390497,0.000000000,0.000000000,0.000000000,1.000000000,1,-0.822133353,-0.458607254,0.820466874,0.000000000,0.000000000,-0.036395692,0.999337457
1782474745.925087690,34.830334902,150,vicon_state_data,ball,1,0,3.014489652,0.024175871,1.026197195,0.000000000,0.000000000,0.000000000,1.000000000,1,-0.822135541,-0.458633314,0.820465456,0.000000000,0.000000000,-0.036436849,0.999335958
1782474745.926788807,34.832036018,151,vicon_state_data,ball,1,0,3.012936623,0.024129338,1.025896862,0.000000000,0.000000000,0.000000000,1.000000000,1,-0.822153081,-0.458731391,0.820382313,0.000000000,0.000000000,-0.037021419,0.999314472
1782474745.928468943,34.833716154,152,vicon_state_data,ball,1,0,3.011545373,0.024151341,1.025570977,0.000000000,0.000000000,0.000000000,1.000000000,1,-0.822160926,-0.458745528,0.820389545,0.000000000,0.000000000,-0.037041319,0.999313735
1782474745.930130243,34.835377455,153,vicon_state_data,ball,1,0,3.010156083,0.024192414,1.025387082,0.000000000,0.000000000,0.000000000,1.000000000,1,-0.822140124,-0.458684640,0.820354115,0.000000000,0.000000000,-0.037238243,0.999306416
1782474745.931827307,34.837074518,154,vicon_state_data,ball,1,0,3.008820947,0.024376533,1.025444793,0.000000000,0.000000000,0.000000000,1.000000000,1,-0.822160995,-0.458738731,0.820395263,0.000000000,0.000000000,-0.037101097,0.999311517
1782474745.933505297,34.838752508,155,vicon_state_data,ball,1,0,3.007840577,0.024882919,1.025232973,0.000000000,0.000000000,0.000000000,1.000000000,1,-0.822138682,-0.458658916,0.820339525,0.000000000,0.000000000,-0.037293747,0.999304346
1782474745.935194969,34.840442181,156,vicon_state_data,ball,1,0,3.005856330,0.024207360,1.025730220,0.000000000,0.000000000,0.000000000,1.000000000,1,-0.822109891,-0.458539574,0.820421014,0.000000000,0.000000000,-0.036547243,0.999331926
1782474745.936851740,34.842098951,157,vicon_state_data,ball,1,0,3.004971806,0.024873191,1.025574660,0.000000000,0.000000000,0.000000000,1.000000000,1,-0.822157782,-0.458702848,0.820381001,0.000000000,0.000000000,-0.036962303,0.999316661
1782474745.938522577,34.843769789,158,vicon_state_data,ball,1,0,3.003898444,0.025244170,1.025801629,0.000000000,0.000000000,0.000000000,1.000000000,1,-0.822154878,-0.458692974,0.820396170,0.000000000,0.000000000,-0.036976524,0.999316135
1782474745.940173626,34.845420837,159,vicon_state_data,ball,1,0,2.992597822,0.027523067,1.027947522,0.000000000,0.000000000,0.000000000,1.000000000,1,-0.822139416,-0.458629400,0.820366460,0.000000000,0.000000000,-0.037314843,0.999303559
1782474745.941843987,34.847091198,160,vicon_state_data,ball,1,0,2.991377037,0.027628850,1.028579878,0.000000000,0.000000000,0.000000000,1.000000000,1,-0.822134054,-0.458580465,0.820462063,0.000000000,0.000000000,-0.036506111,0.999333430
1782474745.945093632,34.850340843,161,vicon_state_data,ball,1,0,2.989960900,0.027421044,1.028909092,0.000000000,0.000000000,0.000000000,1.000000000,1,-0.822164784,-0.458710994,0.820397755,0.000000000,0.000000000,-0.037060050,0.999313040
1782474745.948382378,34.853629589,162,vicon_state_data,ball,1,0,2.988903685,0.027739421,1.028897221,0.000000000,0.000000000,0.000000000,1.000000000,1,-0.822156057,-0.458656711,0.820416771,0.000000000,0.000000000,-0.037017992,0.999314599
1782474745.951542377,34.856789589,163,vicon_state_data,ball,1,0,2.987723279,0.027856139,1.029131520,0.000000000,0.000000000,0.000000000,1.000000000,1,-0.822137400,-0.458598025,0.820489049,0.000000000,0.000000000,-0.036560214,0.999331452
1782474745.954302549,34.859549761,164,vicon_state_data,ball,1,0,2.975162735,0.019442277,1.037445666,0.000000000,0.000000000,0.000000000,1.000000000,1,-0.822165405,-0.458661797,0.820402453,0.000000000,0.000000000,-0.037033472,0.999314026
1782474745.956702232,34.861949444,165,vicon_state_data,ball,1,0,2.973917170,0.019193315,1.037909507,0.000000000,0.000000000,0.000000000,1.000000000,1,-0.822173094,-0.458683121,0.820419872,0.000000000,0.000000000,-0.036941905,0.999317415
1782474745.959004879,34.864252090,166,vicon_state_data,ball,1,0,2.972875834,0.019138840,1.038084049,0.000000000,0.000000000,0.000000000,1.000000000,1,-0.822172926,-0.458716075,0.820401395,0.000000000,0.000000000,-0.037083342,0.999312176
1782474745.961275816,34.866523027,167,vicon_state_data,ball,1,0,2.971701964,0.018924596,1.038446766,0.000000000,0.000000000,0.000000000,1.000000000,1,-0.822172078,-0.458712307,0.820399641,0.000000000,0.000000000,-0.037145453,0.999309870
1782474746.024043083,34.929290295,168,vicon_state_data,ball,1,0,2.977332128,0.026755668,1.032303740,0.000000000,0.000000000,0.000000000,1.000000000,1,-0.822146026,-0.458586615,0.820482695,0.000000000,0.000000000,-0.036543037,0.999332080
1782474746.026753902,34.932001114,169,vicon_state_data,ball,1,0,2.967702565,0.018417894,1.039160066,0.000000000,0.000000000,0.000000000,1.000000000,1,-0.822145668,-0.458613994,0.820483078,0.000000000,0.000000000,-0.036583086,0.999330615
1782474746.029399157,34.934646368,170,vicon_state_data,ball,1,0,2.966571979,0.018132869,1.039447894,0.000000000,0.000000000,0.000000000,1.000000000,1,-0.822169318,-0.458703577,0.820448978,0.000000000,0.000000000,-0.037096396,0.999311692
1782474746.032089710,34.937336922,171,vicon_state_data,ball,1,0,2.965672994,0.017899087,1.039594676,0.000000000,0.000000000,0.000000000,1.000000000,1,-0.822142171,-0.458578722,0.820515869,0.000000000,0.000000000,-0.036478530,0.999334437
1782474746.034770966,34.940018177,172,vicon_state_data,ball,1,0,2.964664005,0.017668005,1.039786086,0.000000000,0.000000000,0.000000000,1.000000000,1,-0.822170785,-0.458711547,0.820448897,0.000000000,0.000000000,-0.037168083,0.999309028
1782474746.037416220,34.942663431,173,vicon_state_data,ball,1,0,2.963717623,0.017420099,1.039957625,0.000000000,0.000000000,0.000000000,1.000000000,1,-0.822176786,-0.458700650,0.820450736,0.000000000,0.000000000,-0.037066730,0.999312793
1782474746.040050507,34.945297718,174,vicon_state_data,ball,1,0,2.962818114,0.017099880,1.040117765,0.000000000,0.000000000,0.000000000,1.000000000,1,-0.822130046,-0.458530693,0.820461555,0.000000000,0.000000000,-0.036803913,0.999322507
1782474746.042696714,34.947943926,175,vicon_state_data,ball,1,0,2.961841586,0.016770708,1.040342556,0.000000000,0.000000000,0.000000000,1.000000000,1,-0.822176211,-0.458680119,0.820450688,0.000000000,0.000000000,-0.037088396,0.999311989
1782474746.045393944,34.950641155,176,vicon_state_data,ball,1,0,2.960934954,0.016477315,1.040501414,0.000000000,0.000000000,0.000000000,1.000000000,1,-0.822173271,-0.458688441,0.820439227,0.000000000,0.000000000,-0.037119182,0.999310846
1782474746.048071861,34.953319073,177,vicon_state_data,ball,1,0,2.952952097,0.013402898,1.042343930,0.000000000,0.000000000,0.000000000,1.000000000,1,-0.822200550,-0.458704556,0.820410523,0.000000000,0.000000000,-0.037079666,0.999312313
1782474746.050676584,34.955923796,178,vicon_state_data,ball,1,0,2.952044259,0.012998452,1.042607113,0.000000000,0.000000000,0.000000000,1.000000000,1,-0.822197435,-0.458739907,0.820377216,0.000000000,0.000000000,-0.037167989,0.999309032
1782474746.053341627,34.958588839,179,vicon_state_data,ball,1,0,2.951221694,0.012717467,1.042871326,0.000000000,0.000000000,0.000000000,1.000000000,1,-0.822174612,-0.458625253,0.820455236,0.000000000,0.000000000,-0.036510233,0.999333279
1782474746.055022955,34.960270166,180,vicon_state_data,ball,1,0,2.950415829,0.012437537,1.043174704,0.000000000,0.000000000,0.000000000,1.000000000,1,-0.822179088,-0.458626500,0.820459639,0.000000000,0.000000000,-0.036431633,0.999336148
1782474746.056688547,34.961935759,181,vicon_state_data,ball,1,0,2.949500951,0.011953304,1.043585798,0.000000000,0.000000000,0.000000000,1.000000000,1,-0.822205260,-0.458735688,0.820388002,0.000000000,0.000000000,-0.037139230,0.999310101
1782474746.058366299,34.963613510,182,vicon_state_data,ball,1,0,2.948758867,0.011709794,1.043866845,0.000000000,0.000000000,0.000000000,1.000000000,1,-0.822184705,-0.458643280,0.820439455,0.000000000,0.000000000,-0.036487198,0.999334120
1782474746.060046434,34.965293646,183,vicon_state_data,ball,1,0,2.947946553,0.011440092,1.044243018,0.000000000,0.000000000,0.000000000,1.000000000,1,-0.822205203,-0.458727000,0.820390439,0.000000000,0.000000000,-0.037076990,0.999312412
1782474746.063314438,34.968561649,184,vicon_state_data,ball,1,0,2.947143466,0.011074966,1.044611012,0.000000000,0.000000000,0.000000000,1.000000000,1,-0.822195241,-0.458736786,0.820383297,0.000000000,0.000000000,-0.037140138,0.999310067
1782474746.066651821,34.971899033,185,vicon_state_data,ball,1,0,2.946390720,0.010882615,1.044901669,0.000000000,0.000000000,0.000000000,1.000000000,1,-0.822208493,-0.458773823,0.820407635,0.000000000,0.000000000,-0.037125031,0.999310628
1782474746.069532633,34.974779844,186,vicon_state_data,ball,1,0,2.945605711,0.010525130,1.045430565,0.000000000,0.000000000,0.000000000,1.000000000,1,-0.822197876,-0.458721428,0.820408139,0.000000000,0.000000000,-0.037117080,0.999310924
1782474746.072127581,34.977374792,187,vicon_state_data,ball,1,0,2.944866713,0.010279181,1.045832440,0.000000000,0.000000000,0.000000000,1.000000000,1,-0.822203312,-0.458737381,0.820395632,0.000000000,0.000000000,-0.037280864,0.999304827
1782474746.074652433,34.979899645,188,vicon_state_data,ball,1,0,2.944166953,0.010009808,1.046201709,0.000000000,0.000000000,0.000000000,1.000000000,1,-0.822171185,-0.458617670,0.820474858,0.000000000,0.000000000,-0.036544649,0.999332021
1782474746.077038527,34.982285738,189,vicon_state_data,ball,1,0,2.943335503,0.009648570,1.046741221,0.000000000,0.000000000,0.000000000,1.000000000,1,-0.822197917,-0.458742786,0.820413759,0.000000000,0.000000000,-0.037262410,0.999305515
1782474746.079414606,34.984661818,190,vicon_state_data,ball,1,0,2.942625804,0.009394016,1.047253936,0.000000000,0.000000000,0.000000000,1.000000000,1,-0.822205364,-0.458719553,0.820411390,0.000000000,0.000000000,-0.037180791,0.999308555
1782474746.081763029,34.987010241,191,vicon_state_data,ball,1,0,2.941984702,0.009188951,1.047640877,0.000000000,0.000000000,0.000000000,1.000000000,1,-0.822158030,-0.458578985,0.820434075,0.000000000,0.000000000,-0.036845559,0.999320972
1782474746.084147453,34.989394665,192,vicon_state_data,ball,1,0,2.941246815,0.008884069,1.048188880,0.000000000,0.000000000,0.000000000,1.000000000,1,-0.822184989,-0.458675082,0.820360438,0.000000000,0.000000000,-0.037405836,0.999300157
1782474746.086507320,34.991754532,193,vicon_state_data,ball,1,0,2.940494299,0.008587724,1.048761928,0.000000000,0.000000000,0.000000000,1.000000000,1,-0.822169988,-0.458622212,0.820446636,0.000000000,0.000000000,-0.036677456,0.999327156
1782474746.088835239,34.994082451,194,vicon_state_data,ball,1,0,2.939874740,0.008313172,1.049259410,0.000000000,0.000000000,0.000000000,1.000000000,1,-0.822180376,-0.458634925,0.820465632,0.000000000,0.000000000,-0.036671994,0.999327356
1782474746.091135979,34.996383190,195,vicon_state_data,ball,1,0,2.939217404,0.008182655,1.049734872,0.000000000,0.000000000,0.000000000,1.000000000,1,-0.822186717,-0.458631942,0.820439148,0.000000000,0.000000000,-0.036621188,0.999329219
1782474746.093436480,34.998683691,196,vicon_state_data,ball,1,0,2.938559441,0.008028028,1.050246625,0.000000000,0.000000000,0.000000000,1.000000000,1,-0.822226705,-0.458782901,0.820396426,0.000000000,0.000000000,-0.037284319,0.999304698
1782474746.095761776,35.001008987,197,vicon_state_data,ball,1,0,2.937922163,0.007795573,1.050784780,0.000000000,0.000000000,0.000000000,1.000000000,1,-0.822205672,-0.458651765,0.820474905,0.000000000,0.000000000,-0.036646480,0.999328292
1782474746.098093987,35.003341198,198,vicon_state_data,ball,1,0,2.937308419,0.007530041,1.051287010,0.000000000,0.000000000,0.000000000,1.000000000,1,-0.822188968,-0.458641904,0.820457284,0.000000000,0.000000000,-0.036729140,0.999325258
1782474746.101364851,35.006612062,199,vicon_state_data,ball,1,0,2.936567101,0.007144426,1.051876007,0.000000000,0.000000000,0.000000000,1.000000000,1,-0.822198574,-0.458687107,0.820390124,0.000000000,0.000000000,-0.037439925,0.999298880
1782474746.104637384,35.009884596,200,vicon_state_data,ball,1,0,2.935937181,0.006993040,1.052427927,0.000000000,0.000000000,0.000000000,1.000000000,1,-0.822194996,-0.458684404,0.820358601,0.000000000,0.000000000,-0.037548601,0.999294803
1782474746.108006239,35.013253450,201,vicon_state_data,ball,1,0,2.935423977,0.006904635,1.052821613,0.000000000,0.000000000,0.000000000,1.000000000,1,-0.822185966,-0.458580663,0.820444768,0.000000000,0.000000000,-0.036884252,0.999319544
1782474746.111222744,35.016469955,202,vicon_state_data,ball,1,0,2.934783241,0.006649609,1.053329534,0.000000000,0.000000000,0.000000000,1.000000000,1,-0.822229783,-0.458755456,0.820407972,0.000000000,0.000000000,-0.037430078,0.999299249
1782474746.114434242,35.019681454,203,vicon_state_data,ball,1,0,2.934013289,0.006274239,1.053962016,0.000000000,0.000000000,0.000000000,1.000000000,1,-0.822216360,-0.458682862,0.820387203,0.000000000,0.000000000,-0.037471412,0.999297700
1782474746.117641926,35.022889137,204,vicon_state_data,ball,1,0,2.933435959,0.006195418,1.054368104,0.000000000,0.000000000,0.000000000,1.000000000,1,-0.822182282,-0.458574204,0.820445635,0.000000000,0.000000000,-0.036817030,0.999322023
1782474746.120885134,35.026132345,205,vicon_state_data,ball,1,0,2.932828150,0.005955960,1.054908770,0.000000000,0.000000000,0.000000000,1.000000000,1,-0.822234950,-0.458760200,0.820426843,0.000000000,0.000000000,-0.037208116,0.999307538
1782474746.124187231,35.029434443,206,vicon_state_data,ball,1,0,2.932160778,0.005744590,1.055385133,0.000000000,0.000000000,0.000000000,1.000000000,1,-0.822228199,-0.458771745,0.820425997,0.000000000,0.000000000,-0.037333404,0.999302865
1782474746.127459288,35.032706499,207,vicon_state_data,ball,1,0,2.931582720,0.005626294,1.055822264,0.000000000,0.000000000,0.000000000,1.000000000,1,-0.822213613,-0.458650444,0.820483421,0.000000000,0.000000000,-0.036682850,0.999326958
1782474746.130700111,35.035947323,208,vicon_state_data,ball,1,0,2.930978640,0.005504136,1.056221454,0.000000000,0.000000000,0.000000000,1.000000000,1,-0.822233952,-0.458756339,0.820442416,0.000000000,0.000000000,-0.037306347,0.999303876
1782474746.133919954,35.039167166,209,vicon_state_data,ball,1,0,2.930239041,0.005238030,1.056684927,0.000000000,0.000000000,0.000000000,1.000000000,1,-0.822220112,-0.458670584,0.820491757,0.000000000,0.000000000,-0.036729834,0.999325232
1782474746.197349310,35.102596521,210,vicon_state_data,ball,1,0,2.929575896,0.004981467,1.057118070,0.000000000,0.000000000,0.000000000,1.000000000,1,-0.822215981,-0.458694949,0.820388274,0.000000000,0.000000000,-0.037498014,0.999296702
1782474746.199207306,35.104454517,211,vicon_state_data,ball,1,0,2.929061612,0.004939420,1.057421128,0.000000000,0.000000000,0.000000000,1.000000000,1,-0.822222021,-0.458672268,0.820490085,0.000000000,0.000000000,-0.036699879,0.999326333
1782474746.200892448,35.106139660,212,vicon_state_data,ball,1,0,2.928297595,0.004749628,1.057904645,0.000000000,0.000000000,0.000000000,1.000000000,1,-0.822234141,-0.458771642,0.820403157,0.000000000,0.000000000,-0.037430355,0.999299239
1782474746.202615261,35.107862473,213,vicon_state_data,ball,1,0,2.927594319,0.004532537,1.058264552,0.000000000,0.000000000,0.000000000,1.000000000,1,-0.822238158,-0.458770933,0.820412817,0.000000000,0.000000000,-0.037373899,0.999301352
1782474746.204334736,35.109581947,214,vicon_state_data,ball,1,0,2.927029143,0.004488150,1.058489815,0.000000000,0.000000000,0.000000000,1.000000000,1,-0.822229682,-0.458753278,0.820419961,0.000000000,0.000000000,-0.037263378,0.999305479
1782474746.206055880,35.111303091,215,vicon_state_data,ball,1,0,2.926313080,0.004281255,1.058904129,0.000000000,0.000000000,0.000000000,1.000000000,1,-0.822193741,-0.458602125,0.820470141,0.000000000,0.000000000,-0.036882129,0.999319623
1782474746.332798004,35.238045216,216,vicon_state_data,ball,1,0,2.895870754,0.009412404,1.041976542,0.000000000,0.000000000,0.000000000,1.000000000,1,-0.822262952,-0.458884475,0.820478918,0.000000000,0.000000000,-0.036978587,0.999316058
1782474746.335785627,35.241032839,217,vicon_state_data,ball,1,0,2.894386125,0.009033299,1.041810689,0.000000000,0.000000000,0.000000000,1.000000000,1,-0.822288550,-0.458997279,0.820414839,0.000000000,0.000000000,-0.037511205,0.999296207
1782474746.338530779,35.243777990,218,vicon_state_data,ball,1,0,2.893237209,0.009033179,1.041576061,0.000000000,0.000000000,0.000000000,1.000000000,1,-0.822240306,-0.458767988,0.820433123,0.000000000,0.000000000,-0.036849583,0.999320823
1782474746.341221094,35.246468306,219,vicon_state_data,ball,1,0,2.885184900,0.007436220,1.040494539,0.000000000,0.000000000,0.000000000,1.000000000,1,-0.822286103,-0.458985026,0.820383780,0.000000000,0.000000000,-0.037504053,0.999296476
1782474746.343778610,35.249025822,220,vicon_state_data,ball,1,0,2.883886265,0.007273898,1.040318177,0.000000000,0.000000000,0.000000000,1.000000000,1,-0.822284091,-0.458980836,0.820366213,0.000000000,0.000000000,-0.037452155,0.999298422
1782474746.346317530,35.251564741,221,vicon_state_data,ball,1,0,2.882436100,0.006820541,1.040295001,0.000000000,0.000000000,0.000000000,1.000000000,1,-0.822273764,-0.458949339,0.820343922,0.000000000,0.000000000,-0.037691819,0.999289411
1782474746.348852396,35.254099607,222,vicon_state_data,ball,1,0,2.881062854,0.006781749,1.040158071,0.000000000,0.000000000,0.000000000,1.000000000,1,-0.822268862,-0.458932055,0.820358656,0.000000000,0.000000000,-0.037493481,0.999296872
1782474746.351322889,35.256570101,223,vicon_state_data,ball,1,0,2.879716951,0.006570747,1.040050247,0.000000000,0.000000000,0.000000000,1.000000000,1,-0.822266731,-0.458936212,0.820437212,0.000000000,0.000000000,-0.036927952,0.999317931
1782474746.353767872,35.259015083,224,vicon_state_data,ball,1,0,2.878175043,0.006153563,1.039955783,0.000000000,0.000000000,0.000000000,1.000000000,1,-0.822290843,-0.458952836,0.820459323,0.000000000,0.000000000,-0.036875520,0.999319867
1782474746.356191158,35.261438370,225,vicon_state_data,ball,1,0,2.876573762,0.005765269,1.039858147,0.000000000,0.000000000,0.000000000,1.000000000,1,-0.822275788,-0.458947797,0.820457201,0.000000000,0.000000000,-0.036952154,0.999317036
1782474746.358616829,35.263864040,226,vicon_state_data,ball,1,0,2.874987564,0.005575492,1.039796182,0.000000000,0.000000000,0.000000000,1.000000000,1,-0.822268221,-0.458959624,0.820357122,0.000000000,0.000000000,-0.037617456,0.999292213
1782474746.360996723,35.266243935,227,vicon_state_data,ball,1,0,2.873425723,0.005356835,1.039719385,0.000000000,0.000000000,0.000000000,1.000000000,1,-0.822296792,-0.459070680,0.820413012,0.000000000,0.000000000,-0.037454616,0.999298330
1782474746.423933983,35.329181194,228,vicon_state_data,ball,1,0,2.871648921,0.005000024,1.039793058,0.000000000,0.000000000,0.000000000,1.000000000,1,-0.822277121,-0.459008224,0.820474958,0.000000000,0.000000000,-0.037052685,0.999313313
1782474746.426479816,35.331727028,229,vicon_state_data,ball,1,0,2.869872091,0.004706924,1.039766515,0.000000000,0.000000000,0.000000000,1.000000000,1,-0.822295825,-0.459060128,0.820432447,0.000000000,0.000000000,-0.037345432,0.999302416
1782474746.428937674,35.334184885,230,vicon_state_data,ball,1,0,2.868014916,0.004417303,1.039541798,0.000000000,0.000000000,0.000000000,1.000000000,1,-0.822269548,-0.459007407,0.820499988,0.000000000,0.000000000,-0.037043816,0.999313642
1782474746.431411982,35.336659193,231,vicon_state_data,ball,1,0,2.866199493,0.004399488,1.039506575,0.000000000,0.000000000,0.000000000,1.000000000,1,-0.822269041,-0.459044771,0.820520269,0.000000000,0.000000000,-0.037094500,0.999311762
1782474746.433861494,35.339108706,232,vicon_state_data,ball,1,0,2.864293168,0.004048729,1.039447674,0.000000000,0.000000000,0.000000000,1.000000000,1,-0.822277735,-0.459024722,0.820521465,0.000000000,0.000000000,-0.036983811,0.999315865
1782474746.436326742,35.341573954,233,vicon_state_data,ball,1,0,2.862297860,0.003729549,1.039309446,0.000000000,0.000000000,0.000000000,1.000000000,1,-0.822288174,-0.459135876,0.820466397,0.000000000,0.000000000,-0.037581618,0.999293561
1782474746.438812971,35.344060183,234,vicon_state_data,ball,1,0,2.860385441,0.003426269,1.039187694,0.000000000,0.000000000,0.000000000,1.000000000,1,-0.822288402,-0.459147834,0.820476385,0.000000000,0.000000000,-0.037691917,0.999289407
1782474746.441255093,35.346502304,235,vicon_state_data,ball,1,0,2.858466246,0.003222082,1.039106589,0.000000000,0.000000000,0.000000000,1.000000000,1,-0.822292364,-0.459200566,0.820482711,0.000000000,0.000000000,-0.037635999,0.999291515
1782474746.443795443,35.349042654,236,vicon_state_data,ball,1,0,2.856507923,0.002976037,1.038868025,0.000000000,0.000000000,0.000000000,1.000000000,1,-0.822278319,-0.459124549,0.820546544,0.000000000,0.000000000,-0.037228552,0.999306777
1782474746.446296930,35.351544142,237,vicon_state_data,ball,1,0,2.854482573,0.002488517,1.038806535,0.000000000,0.000000000,0.000000000,1.000000000,1,-0.822296187,-0.459158145,0.820480247,0.000000000,0.000000000,-0.037602628,0.999292771
1782474746.448778152,35.354025364,238,vicon_state_data,ball,1,0,2.833710650,-0.001133798,1.036286744,0.000000000,0.000000000,0.000000000,1.000000000,1,-0.822305303,-0.459281110,0.820478797,0.000000000,0.000000000,-0.037818488,0.999284625
1782474746.451203585,35.356450796,239,vicon_state_data,ball,1,0,2.831107152,-0.000872961,1.036457354,0.000000000,0.000000000,0.000000000,1.000000000,1,-0.822321177,-0.459312474,0.820468988,0.000000000,0.000000000,-0.037903263,0.999281413
1782474746.453615665,35.358862877,240,vicon_state_data,ball,1,0,2.824519453,0.001117318,1.038428305,0.000000000,0.000000000,0.000000000,1.000000000,1,-0.822331624,-0.459316387,0.820465539,0.000000000,0.000000000,-0.037777019,0.999286194
1782474746.455960274,35.361207485,241,vicon_state_data,ball,1,0,2.822616539,0.000549357,1.038237688,0.000000000,0.000000000,0.000000000,1.000000000,1,-0.822314486,-0.459239200,0.820526792,0.000000000,0.000000000,-0.037275172,0.999305039
1782474746.458256483,35.363503695,242,vicon_state_data,ball,1,0,2.820825766,0.000214324,1.038034876,0.000000000,0.000000000,0.000000000,1.000000000,1,-0.822337557,-0.459415424,0.820472279,0.000000000,0.000000000,-0.037360786,0.999301842
1782474746.460547447,35.365794659,243,vicon_state_data,ball,1,0,2.816169285,0.001438214,1.039653190,0.000000000,0.000000000,0.000000000,1.000000000,1,-0.822335632,-0.459353609,0.820475752,0.000000000,0.000000000,-0.037657418,0.999290708
1782474746.462851286,35.368098497,244,vicon_state_data,ball,1,0,2.815858342,-0.001875558,1.037397739,0.000000000,0.000000000,0.000000000,1.000000000,1,-0.822330615,-0.459287032,0.820530749,0.000000000,0.000000000,-0.037201769,0.999307775
1782474746.465173960,35.370421171,245,vicon_state_data,ball,1,0,2.819095494,-0.004674274,1.035536067,0.000000000,0.000000000,0.000000000,1.000000000,1,-0.822334885,-0.459354903,0.820490954,0.000000000,0.000000000,-0.037678455,0.999289915
1782474746.467525482,35.372772694,246,vicon_state_data,ball,1,0,2.817545739,-0.006088855,1.035062372,0.000000000,0.000000000,0.000000000,1.000000000,1,-0.822343803,-0.459374906,0.820473023,0.000000000,0.000000000,-0.037632819,0.999291635
1782474746.469796658,35.375043869,247,vicon_state_data,ball,1,0,2.815035309,-0.006142444,1.035212080,0.000000000,0.000000000,0.000000000,1.000000000,1,-0.822341577,-0.459362226,0.820483258,0.000000000,0.000000000,-0.037630936,0.999291706
1782474746.472105026,35.377352238,248,vicon_state_data,ball,1,0,2.809230011,-0.003366411,1.037654940,0.000000000,0.000000000,0.000000000,1.000000000,1,-0.822339337,-0.459406575,0.820483103,0.000000000,0.000000000,-0.037724071,0.999288194
1782474746.474402666,35.379649878,249,vicon_state_data,ball,1,0,2.809457664,-0.006166484,1.034892289,0.000000000,0.000000000,0.000000000,1.000000000,1,-0.822339978,-0.459405066,0.820475450,0.000000000,0.000000000,-0.037707629,0.999288814
1782474746.476678371,35.381925583,250,vicon_state_data,ball,1,0,2.809081628,-0.008684515,1.034832481,0.000000000,0.000000000,0.000000000,1.000000000,1,-0.822334224,-0.459326451,0.820537548,0.000000000,0.000000000,-0.037209330,0.999307493
1782474746.478961945,35.384209156,251,vicon_state_data,ball,1,0,2.807736364,-0.009201094,1.034036813,0.000000000,0.000000000,0.000000000,1.000000000,1,-0.822324923,-0.459312223,0.820522175,0.000000000,0.000000000,-0.037288058,0.999304559
1782474746.481270075,35.386517286,252,vicon_state_data,ball,1,0,2.804889253,-0.010169653,1.034650969,0.000000000,0.000000000,0.000000000,1.000000000,1,-0.822331868,-0.459368643,0.820495753,0.000000000,0.000000000,-0.037038156,0.999313852
1782474746.483588696,35.388835907,253,vicon_state_data,ball,1,0,2.803016165,-0.011297274,1.034453914,0.000000000,0.000000000,0.000000000,1.000000000,1,-0.822332624,-0.459399656,0.820477056,0.000000000,0.000000000,-0.037635548,0.999291532
1782474746.485940933,35.391188145,254,vicon_state_data,ball,1,0,2.796996280,-0.007271975,1.037821552,0.000000000,0.000000000,0.000000000,1.000000000,1,-0.822318784,-0.459341770,0.820544968,0.000000000,0.000000000,-0.037247120,0.999306085
1782474746.488293171,35.393540382,255,vicon_state_data,ball,1,0,2.797815008,-0.011681851,1.035315914,0.000000000,0.000000000,0.000000000,1.000000000,1,-0.822341527,-0.459450118,0.820486949,0.000000000,0.000000000,-0.037610371,0.999292480
1782474746.490571260,35.395818472,256,vicon_state_data,ball,1,0,2.795914626,-0.012654019,1.035135093,0.000000000,0.000000000,0.000000000,1.000000000,1,-0.822328277,-0.459378304,0.820519680,0.000000000,0.000000000,-0.037335872,0.999302773
1782474746.492854357,35.398101568,257,vicon_state_data,ball,1,0,2.792582022,-0.012117021,1.035905423,0.000000000,0.000000000,0.000000000,1.000000000,1,-0.822333417,-0.459463295,0.820472735,0.000000000,0.000000000,-0.037776905,0.999286198
1782474746.495141268,35.400388479,258,vicon_state_data,ball,1,0,2.790664519,-0.012812567,1.035971856,0.000000000,0.000000000,0.000000000,1.000000000,1,-0.822317678,-0.459389504,0.820518440,0.000000000,0.000000000,-0.037373573,0.999301364
1782474746.497443438,35.402690649,259,vicon_state_data,ball,1,0,2.788784875,-0.014215563,1.035622633,0.000000000,0.000000000,0.000000000,1.000000000,1,-0.822334772,-0.459495723,0.820484486,0.000000000,0.000000000,-0.037779983,0.999286082
1782474746.561848402,35.467095613,260,vicon_state_data,ball,1,0,2.786912800,-0.015106933,1.035688426,0.000000000,0.000000000,0.000000000,1.000000000,1,-0.822331698,-0.459451567,0.820475203,0.000000000,0.000000000,-0.037727246,0.999288074
1782474746.563663244,35.468910456,261,vicon_state_data,ball,1,0,2.784985976,-0.016031233,1.035759551,0.000000000,0.000000000,0.000000000,1.000000000,1,-0.822342029,-0.459483005,0.820494169,0.000000000,0.000000000,-0.037684277,0.999289695
1782474746.565376997,35.470624208,262,vicon_state_data,ball,1,0,2.783102237,-0.016762471,1.036054366,0.000000000,0.000000000,0.000000000,1.000000000,1,-0.822324640,-0.459431876,0.820523434,0.000000000,0.000000000,-0.037311546,0.999303682
1782474746.567110300,35.472357512,263,vicon_state_data,ball,1,0,2.781176569,-0.017664900,1.036089878,0.000000000,0.000000000,0.000000000,1.000000000,1,-0.822332564,-0.459462651,0.820474231,0.000000000,0.000000000,-0.037689625,0.999289494
1782474746.568842649,35.474089861,264,vicon_state_data,ball,1,0,2.779297119,-0.018807387,1.036220466,0.000000000,0.000000000,0.000000000,1.000000000,1,-0.822346549,-0.459485283,0.820470437,0.000000000,0.000000000,-0.037770163,0.999286453
1782474746.570527077,35.475774288,265,vicon_state_data,ball,1,0,2.777349837,-0.019682213,1.036437010,0.000000000,0.000000000,0.000000000,1.000000000,1,-0.822346891,-0.459492652,0.820472885,0.000000000,0.000000000,-0.037785278,0.999285881
1782474746.572231531,35.477478743,266,vicon_state_data,ball,1,0,2.775419825,-0.020374754,1.036639885,0.000000000,0.000000000,0.000000000,1.000000000,1,-0.822346400,-0.459537906,0.820478205,0.000000000,0.000000000,-0.037828180,0.999284258
1782474746.573908806,35.479156017,267,vicon_state_data,ball,1,0,2.773482044,-0.022174620,1.036239047,0.000000000,0.000000000,0.000000000,1.000000000,1,-0.822354072,-0.459530820,0.820472766,0.000000000,0.000000000,-0.037789916,0.999285706
1782474746.575634956,35.480882168,268,vicon_state_data,ball,1,0,2.771490170,-0.022441085,1.037078776,0.000000000,0.000000000,0.000000000,1.000000000,1,-0.822357346,-0.459530423,0.820453975,0.000000000,0.000000000,-0.037846305,0.999283572
1782474746.577370405,35.482617617,269,vicon_state_data,ball,1,0,2.769455285,-0.022834509,1.037581328,0.000000000,0.000000000,0.000000000,1.000000000,1,-0.822348881,-0.459432850,0.820503514,0.000000000,0.000000000,-0.037343335,0.999302494
1782474746.579046965,35.484294176,270,vicon_state_data,ball,1,0,2.747116764,-0.030285114,1.043109667,0.000000000,0.000000000,0.000000000,1.000000000,1,-0.822371562,-0.459511644,0.820516059,0.000000000,0.000000000,-0.037422140,0.999299546
1782474746.582356930,35.487604141,271,vicon_state_data,ball,1,0,2.744834711,-0.031616651,1.043401940,0.000000000,0.000000000,0.000000000,1.000000000,1,-0.822367715,-0.459539079,0.820463527,0.000000000,0.000000000,-0.037818905,0.999284609
1782474746.584689617,35.489936829,272,vicon_state_data,ball,1,0,2.742558623,-0.033503616,1.043170020,0.000000000,0.000000000,0.000000000,1.000000000,1,-0.822357219,-0.459490370,0.820506517,0.000000000,0.000000000,-0.037389176,0.999300780
1782474746.587069511,35.492316723,273,vicon_state_data,ball,1,0,2.740320951,-0.033988477,1.044116558,0.000000000,0.000000000,0.000000000,1.000000000,1,-0.822376553,-0.459546730,0.820470971,0.000000000,0.000000000,-0.037806265,0.999285088
1782474746.589401960,35.494649172,274,vicon_state_data,ball,1,0,2.738033211,-0.034543269,1.045088233,0.000000000,0.000000000,0.000000000,1.000000000,1,-0.822375687,-0.459566360,0.820461272,0.000000000,0.000000000,-0.037757606,0.999286927
1782474746.591696978,35.496944189,275,vicon_state_data,ball,1,0,2.735766153,-0.035042126,1.046091174,0.000000000,0.000000000,0.000000000,1.000000000,1,-0.822374384,-0.459561498,0.820468812,0.000000000,0.000000000,-0.037771320,0.999286409
1782474746.593961954,35.499209166,276,vicon_state_data,ball,1,0,2.733518640,-0.035566005,1.047188860,0.000000000,0.000000000,0.000000000,1.000000000,1,-0.822373626,-0.459572545,0.820462675,0.000000000,0.000000000,-0.037813514,0.999284813
1782474746.596263170,35.501510382,277,vicon_state_data,ball,1,0,2.731323241,-0.036166472,1.048283180,0.000000000,0.000000000,0.000000000,1.000000000,1,-0.822376718,-0.459612091,0.820477130,0.000000000,0.000000000,-0.037829167,0.999284221
1782474746.659838915,35.565086126,278,vicon_state_data,ball,1,0,2.695930009,-0.043190298,1.070162565,0.000000000,0.000000000,0.000000000,1.000000000,1,-0.822365115,-0.459695829,0.820482414,0.000000000,0.000000000,-0.037606768,0.999292615
1782474746.662298441,35.567545652,279,vicon_state_data,ball,1,0,2.693847750,-0.043376188,1.071256172,0.000000000,0.000000000,0.000000000,1.000000000,1,-0.822369603,-0.459659247,0.820545578,0.000000000,0.000000000,-0.037212418,0.999307378
1782474746.664623499,35.569870710,280,vicon_state_data,ball,1,0,2.683402917,-0.044834319,1.077152872,0.000000000,0.000000000,0.000000000,1.000000000,1,-0.822366317,-0.459707531,0.820540852,0.000000000,0.000000000,-0.037275312,0.999305034
1782474746.666950226,35.572197437,281,vicon_state_data,ball,1,0,2.681289288,-0.045267490,1.078471360,0.000000000,0.000000000,0.000000000,1.000000000,1,-0.822384736,-0.459774252,0.820494493,0.000000000,0.000000000,-0.037555131,0.999294557
1782474746.669301510,35.574548721,282,vicon_state_data,ball,1,0,2.679222737,-0.045394067,1.079822998,0.000000000,0.000000000,0.000000000,1.000000000,1,-0.822379056,-0.459752873,0.820476731,0.000000000,0.000000000,-0.037563874,0.999294229
1782474746.671639204,35.576886415,283,vicon_state_data,ball,1,0,2.677173024,-0.045844356,1.080957035,0.000000000,0.000000000,0.000000000,1.000000000,1,-0.822381052,-0.459749011,0.820484724,0.000000000,0.000000000,-0.037550802,0.999294720
1782474746.673951387,35.579198599,284,vicon_state_data,ball,1,0,2.675181249,-0.046271022,1.082148633,0.000000000,0.000000000,0.000000000,1.000000000,1,-0.822385304,-0.459776890,0.820496443,0.000000000,0.000000000,-0.037635979,0.999291516
1782474746.740830660,35.646077871,285,vicon_state_data,ball,1,0,2.673517605,-0.045897313,1.083999875,0.000000000,0.000000000,0.000000000,1.000000000,1,-0.822387558,-0.459799983,0.820494034,0.000000000,0.000000000,-0.037691188,0.999289435
1782474746.743366241,35.648613453,286,vicon_state_data,ball,1,0,2.671015762,-0.046654713,1.084797879,0.000000000,0.000000000,0.000000000,1.000000000,1,-0.822374934,-0.459783613,0.820488235,0.000000000,0.000000000,-0.037716951,0.999288463
1782474746.745742321,35.650989532,287,vicon_state_data,ball,1,0,2.669105829,-0.046762933,1.086514531,0.000000000,0.000000000,0.000000000,1.000000000,1,-0.822384904,-0.459742769,0.820538027,0.000000000,0.000000000,-0.037302750,0.999304010
1782474746.748162985,35.653410196,288,vicon_state_data,ball,1,0,2.667097299,-0.046897935,1.087763633,0.000000000,0.000000000,0.000000000,1.000000000,1,-0.822375059,-0.459779900,0.820496805,0.000000000,0.000000000,-0.037684739,0.999289678
1782474746.750578642,35.655825853,289,vicon_state_data,ball,1,0,2.665244893,-0.047044654,1.089322394,0.000000000,0.000000000,0.000000000,1.000000000,1,-0.822379651,-0.459788724,0.820513108,0.000000000,0.000000000,-0.037611190,0.999292449
1782474746.752966881,35.658214092,290,vicon_state_data,ball,1,0,2.662898121,-0.047714251,1.090021015,0.000000000,0.000000000,0.000000000,1.000000000,1,-0.822379628,-0.459795757,0.820528787,0.000000000,0.000000000,-0.037656377,0.999290747
1782474746.754492044,35.659739256,291,vicon_state_data,ball,1,0,2.660909300,-0.047855633,1.091423772,0.000000000,0.000000000,0.000000000,1.000000000,1,-0.822371298,-0.459748523,0.820555466,0.000000000,0.000000000,-0.037406895,0.999300117
1782474746.756014347,35.661261559,292,vicon_state_data,ball,1,0,2.658895490,-0.048180721,1.092688980,0.000000000,0.000000000,0.000000000,1.000000000,1,-0.822385902,-0.459816647,0.820537515,0.000000000,0.000000000,-0.037689761,0.999289489
1782474746.757528543,35.662775755,293,vicon_state_data,ball,1,0,2.657054475,-0.048172122,1.094070731,0.000000000,0.000000000,0.000000000,1.000000000,1,-0.822380615,-0.459861578,0.820535485,0.000000000,0.000000000,-0.037775263,0.999286260
1782474746.759051085,35.664298296,294,vicon_state_data,ball,1,0,2.655105095,-0.048662274,1.095376715,0.000000000,0.000000000,0.000000000,1.000000000,1,-0.822387026,-0.459854407,0.820522760,0.000000000,0.000000000,-0.037758161,0.999286906
1782474746.760589123,35.665836334,295,vicon_state_data,ball,1,0,2.637002925,-0.049965283,1.110923621,0.000000000,0.000000000,0.000000000,1.000000000,1,-0.822414967,-0.459965306,0.820457048,0.000000000,0.000000000,-0.037653128,0.999290870
1782474746.761833668,35.667080879,296,vicon_state_data,ball,1,0,2.635779608,-0.049791401,1.111798927,0.000000000,0.000000000,0.000000000,1.000000000,1,-0.822419247,-0.459886705,0.820509968,0.000000000,0.000000000,-0.037235758,0.999306509
1782474746.763077259,35.668324471,297,vicon_state_data,ball,1,0,2.634388252,-0.049673640,1.113282456,0.000000000,0.000000000,0.000000000,1.000000000,1,-0.822416394,-0.459961048,0.820473065,0.000000000,0.000000000,-0.037564866,0.999294191
1782474746.765456438,35.670703650,298,vicon_state_data,ball,1,0,2.631405213,-0.050399293,1.116735886,0.000000000,0.000000000,0.000000000,1.000000000,1,-0.822410973,-0.459994473,0.820465994,0.000000000,0.000000000,-0.037564075,0.999294221
1782474746.767890930,35.673138142,299,vicon_state_data,ball,1,0,2.630100107,-0.050524409,1.118128627,0.000000000,0.000000000,0.000000000,1.000000000,1,-0.822421199,-0.460030899,0.820470860,0.000000000,0.000000000,-0.037569791,0.999294006
1782474746.770270824,35.675518036,300,vicon_state_data,ball,1,0,2.628855413,-0.050606995,1.119671085,0.000000000,0.000000000,0.000000000,1.000000000,1,-0.822410163,-0.460034516,0.820462138,0.000000000,0.000000000,-0.037587310,0.999293347
1782474746.772631407,35.677878618,301,vicon_state_data,ball,1,0,2.627922103,-0.049580969,1.120514157,0.000000000,0.000000000,0.000000000,1.000000000,1,-0.822422583,-0.460004791,0.820514885,0.000000000,0.000000000,-0.037175680,0.999308746
1782474746.774972916,35.680220127,302,vicon_state_data,ball,1,0,2.625239018,-0.050855288,1.124133187,0.000000000,0.000000000,0.000000000,1.000000000,1,-0.822413512,-0.460021931,0.820514079,0.000000000,0.000000000,-0.037212652,0.999307369
1782474746.842876673,35.748123884,303,vicon_state_data,ball,1,0,2.622975860,-0.051155143,1.127144389,0.000000000,0.000000000,0.000000000,1.000000000,1,-0.822405178,-0.460091463,0.820470703,0.000000000,0.000000000,-0.037486229,0.999297144
1782474746.845372200,35.750619411,304,vicon_state_data,ball,1,0,2.621839562,-0.051208848,1.128923911,0.000000000,0.000000000,0.000000000,1.000000000,1,-0.822412683,-0.460093226,0.820480042,0.000000000,0.000000000,-0.037576671,0.999293747
1782474746.847727060,35.752974272,305,vicon_state_data,ball,1,0,2.620757259,-0.051291925,1.130476420,0.000000000,0.000000000,0.000000000,1.000000000,1,-0.822411396,-0.460058122,0.820515506,0.000000000,0.000000000,-0.037260885,0.999305572
1782474746.850059509,35.755306721,306,vicon_state_data,ball,1,0,2.617749210,-0.051716684,1.134542227,0.000000000,0.000000000,0.000000000,1.000000000,1,-0.822412212,-0.460126375,0.820475875,0.000000000,0.000000000,-0.037608150,0.999292563
1782474746.852419138,35.757666349,307,vicon_state_data,ball,1,0,2.616802207,-0.051828270,1.135986009,0.000000000,0.000000000,0.000000000,1.000000000,1,-0.822398719,-0.460123474,0.820463109,0.000000000,0.000000000,-0.037570409,0.999293983
1782474746.854797125,35.760044336,308,vicon_state_data,ball,1,0,2.615813934,-0.052056634,1.137607709,0.000000000,0.000000000,0.000000000,1.000000000,1,-0.822409016,-0.460055401,0.820514029,0.000000000,0.000000000,-0.037273413,0.999305105
1782474746.857166767,35.762413979,309,vicon_state_data,ball,1,0,2.615007407,-0.052105236,1.138957433,0.000000000,0.000000000,0.000000000,1.000000000,1,-0.822420502,-0.460092352,0.820515418,0.000000000,0.000000000,-0.037333351,0.999302867
1782474746.859527588,35.764774799,310,vicon_state_data,ball,1,0,2.614259454,-0.052193862,1.140315792,0.000000000,0.000000000,0.000000000,1.000000000,1,-0.822409528,-0.460138442,0.820486710,0.000000000,0.000000000,-0.037573416,0.999293870
1782474746.861875772,35.767122984,311,vicon_state_data,ball,1,0,2.613608068,-0.052009212,1.141572546,0.000000000,0.000000000,0.000000000,1.000000000,1,-0.822422116,-0.460160960,0.820463280,0.000000000,0.000000000,-0.037579732,0.999293632
1782474746.864199400,35.769446611,312,vicon_state_data,ball,1,0,2.608734084,-0.052268130,1.153521101,0.000000000,0.000000000,0.000000000,1.000000000,1,-0.822396488,-0.460234693,0.820525290,0.000000000,0.000000000,-0.037784938,0.999285894
1782474746.866549969,35.771797180,313,vicon_state_data,ball,1,0,2.608275982,-0.052447237,1.154941527,0.000000000,0.000000000,0.000000000,1.000000000,1,-0.822398885,-0.460270048,0.820512863,0.000000000,0.000000000,-0.037915238,0.999280959
1782474746.868913651,35.774160862,314,vicon_state_data,ball,1,0,2.607984663,-0.052478160,1.155905164,0.000000000,0.000000000,0.000000000,1.000000000,1,-0.822427657,-0.460219229,0.820590558,0.000000000,0.000000000,-0.037339297,0.999302645
1782474746.871290445,35.776537657,315,vicon_state_data,ball,1,0,2.607673857,-0.052333569,1.156939675,0.000000000,0.000000000,0.000000000,1.000000000,1,-0.822412304,-0.460229754,0.820536329,0.000000000,0.000000000,-0.037702564,0.999289006
1782474746.872992992,35.778240204,316,vicon_state_data,ball,1,0,2.607088390,-0.052484815,1.159586180,0.000000000,0.000000000,0.000000000,1.000000000,1,-0.822411957,-0.460269779,0.820526648,0.000000000,0.000000000,-0.037661321,0.999290561
1782474746.874695778,35.779942989,317,vicon_state_data,ball,1,0,2.607015839,-0.052339837,1.160763793,0.000000000,0.000000000,0.000000000,1.000000000,1,-0.822411113,-0.460258067,0.820535954,0.000000000,0.000000000,-0.037691081,0.999289439
1782474746.876116276,35.781363487,318,vicon_state_data,ball,1,0,2.607301236,-0.049181899,1.161025614,0.000000000,0.000000000,0.000000000,1.000000000,1,-0.822403114,-0.460243956,0.820546011,0.000000000,0.000000000,-0.037782874,0.999285972
1782474746.877533436,35.782780647,319,vicon_state_data,ball,1,0,2.607133877,-0.049495042,1.161792862,0.000000000,0.000000000,0.000000000,1.000000000,1,-0.822399269,-0.460258767,0.820531109,0.000000000,0.000000000,-0.037796585,0.999285454
1782474746.878758907,35.784006119,320,vicon_state_data,ball,1,0,2.607025992,-0.049492910,1.163018091,0.000000000,0.000000000,0.000000000,1.000000000,1,-0.822401408,-0.460269448,0.820513340,0.000000000,0.000000000,-0.037847926,0.999283511
1782474746.881087065,35.786334276,321,vicon_state_data,ball,1,0,2.606923852,-0.049857980,1.163788193,0.000000000,0.000000000,0.000000000,1.000000000,1,-0.822405245,-0.460282311,0.820538170,0.000000000,0.000000000,-0.037868674,0.999282725
1782474746.883413076,35.788660288,322,vicon_state_data,ball,1,0,2.606882406,-0.049721267,1.164735406,0.000000000,0.000000000,0.000000000,1.000000000,1,-0.822392827,-0.460269123,0.820512922,0.000000000,0.000000000,-0.037851288,0.999283383
1782474746.885750532,35.790997744,323,vicon_state_data,ball,1,0,2.606864285,-0.049458402,1.165708984,0.000000000,0.000000000,0.000000000,1.000000000,1,-0.822396576,-0.460285875,0.820516492,0.000000000,0.000000000,-0.037895227,0.999281718
1782474746.888092756,35.793339968,324,vicon_state_data,ball,1,0,2.606888678,-0.049537936,1.166836603,0.000000000,0.000000000,0.000000000,1.000000000,1,-0.822409239,-0.460289884,0.820507125,0.000000000,0.000000000,-0.037905323,0.999281335
1782474746.951533794,35.856781006,325,vicon_state_data,ball,1,0,2.606895164,-0.049503172,1.167613246,0.000000000,0.000000000,0.000000000,1.000000000,1,-0.822417621,-0.460271895,0.820582376,0.000000000,0.000000000,-0.037496794,0.999296748
1782474746.954001665,35.859248877,326,vicon_state_data,ball,1,0,2.606920163,-0.049764277,1.168323016,0.000000000,0.000000000,0.000000000,1.000000000,1,-0.822410510,-0.460280115,0.820578726,0.000000000,0.000000000,-0.037501923,0.999296555
1782474746.956335068,35.861582279,327,vicon_state_data,ball,1,0,2.606963641,-0.049708771,1.169109931,0.000000000,0.000000000,0.000000000,1.000000000,1,-0.822400554,-0.460312076,0.820535696,0.000000000,0.000000000,-0.037705808,0.999288883
1782474746.958636522,35.863883734,328,vicon_state_data,ball,1,0,2.607002411,-0.049713996,1.169931639,0.000000000,0.000000000,0.000000000,1.000000000,1,-0.822399688,-0.460305128,0.820536756,0.000000000,0.000000000,-0.037736642,0.999287719
1782474746.960939884,35.866187096,329,vicon_state_data,ball,1,0,2.607108520,-0.049068200,1.171130184,0.000000000,0.000000000,0.000000000,1.000000000,1,-0.822409276,-0.460357028,0.820543023,0.000000000,0.000000000,-0.037678498,0.999289913
1782474746.962136269,35.867383480,330,vicon_state_data,ball,1,0,2.607155508,-0.049259531,1.171687593,0.000000000,0.000000000,0.000000000,1.000000000,1,-0.822400138,-0.460365908,0.820523065,0.000000000,0.000000000,-0.037760012,0.999286836
1782474746.963349342,35.868596554,331,vicon_state_data,ball,1,0,2.607247979,-0.049209129,1.172272694,0.000000000,0.000000000,0.000000000,1.000000000,1,-0.822404188,-0.460372081,0.820511031,0.000000000,0.000000000,-0.037745402,0.999287388
1782474746.964556217,35.869803429,332,vicon_state_data,ball,1,0,2.607323111,-0.049591173,1.172680423,0.000000000,0.000000000,0.000000000,1.000000000,1,-0.822404282,-0.460376027,0.820510982,0.000000000,0.000000000,-0.037767509,0.999286553
1782474746.965759277,35.871006489,333,vicon_state_data,ball,1,0,2.607460938,-0.049241837,1.173406030,0.000000000,0.000000000,0.000000000,1.000000000,1,-0.822400219,-0.460393769,0.820503209,0.000000000,0.000000000,-0.037732425,0.999287878
1782474746.967215061,35.872462273,334,vicon_state_data,ball,1,0,2.607603835,-0.048849585,1.174283695,0.000000000,0.000000000,0.000000000,1.000000000,1,-0.822404776,-0.460425274,0.820523910,0.000000000,0.000000000,-0.037740061,0.999287590
1782474746.968684435,35.873931646,335,vicon_state_data,ball,1,0,2.609723843,-0.049273146,1.177537003,0.000000000,0.000000000,0.000000000,1.000000000,1,-0.822428361,-0.460442918,0.820543632,0.000000000,0.000000000,-0.037502839,0.999296521
1782474746.970134735,35.875381947,336,vicon_state_data,ball,1,0,2.610077050,-0.048840383,1.178072157,0.000000000,0.000000000,0.000000000,1.000000000,1,-0.822416117,-0.460465149,0.820496248,0.000000000,0.000000000,-0.037763173,0.999286717
1782474746.971593380,35.876840591,337,vicon_state_data,ball,1,0,2.610377986,-0.048946337,1.178229697,0.000000000,0.000000000,0.000000000,1.000000000,1,-0.822420290,-0.460470360,0.820509637,0.000000000,0.000000000,-0.037712000,0.999288650
1782474746.973053455,35.878300667,338,vicon_state_data,ball,1,0,2.610690391,-0.049040831,1.178285499,0.000000000,0.000000000,0.000000000,1.000000000,1,-0.822412344,-0.460480127,0.820511652,0.000000000,0.000000000,-0.037780289,0.999286070
1782474746.974505186,35.879752398,339,vicon_state_data,ball,1,0,2.611008476,-0.049182073,1.178368618,0.000000000,0.000000000,0.000000000,1.000000000,1,-0.822414338,-0.460483727,0.820509840,0.000000000,0.000000000,-0.037834142,0.999284033
1782474746.975942850,35.881190062,340,vicon_state_data,ball,1,0,2.611387317,-0.048719906,1.178707687,0.000000000,0.000000000,0.000000000,1.000000000,1,-0.822426023,-0.460463136,0.820562237,0.000000000,0.000000000,-0.037470690,0.999297727
1782474746.977380276,35.882627487,341,vicon_state_data,ball,1,0,2.611755050,-0.048530930,1.178876396,0.000000000,0.000000000,0.000000000,1.000000000,1,-0.822402193,-0.460477289,0.820522070,0.000000000,0.000000000,-0.037824373,0.999284402
1782474746.978803396,35.884050608,342,vicon_state_data,ball,1,0,2.612125100,-0.048551233,1.178929192,0.000000000,0.000000000,0.000000000,1.000000000,1,-0.822400213,-0.460488993,0.820523249,0.000000000,0.000000000,-0.037878399,0.999282356
1782474747.041058302,35.946305513,343,vicon_state_data,ball,1,0,2.612528323,-0.048130391,1.179283633,0.000000000,0.000000000,0.000000000,1.000000000,1,-0.822413810,-0.460504751,0.820540920,0.000000000,0.000000000,-0.037765292,0.999286637
1782474747.042452574,35.947699785,344,vicon_state_data,ball,1,0,2.612898368,-0.048296099,1.179186259,0.000000000,0.000000000,0.000000000,1.000000000,1,-0.822409649,-0.460517004,0.820521250,0.000000000,0.000000000,-0.037793685,0.999285563
1782474747.043686390,35.948933601,345,vicon_state_data,ball,1,0,2.613279173,-0.048230460,1.179220781,0.000000000,0.000000000,0.000000000,1.000000000,1,-0.822410528,-0.460520791,0.820534213,0.000000000,0.000000000,-0.037786534,0.999285834
1782474747.044894934,35.950142145,346,vicon_state_data,ball,1,0,2.613633251,-0.048568189,1.179049215,0.000000000,0.000000000,0.000000000,1.000000000,1,-0.822412459,-0.460539955,0.820508207,0.000000000,0.000000000,-0.037804118,0.999285169
1782474747.046109200,35.951356411,347,vicon_state_data,ball,1,0,2.614091042,-0.047945035,1.179395351,0.000000000,0.000000000,0.000000000,1.000000000,1,-0.822433340,-0.460504998,0.820568809,0.000000000,0.000000000,-0.037494960,0.999296817
1782474747.047352314,35.952599525,348,vicon_state_data,ball,1,0,2.614509476,-0.048119983,1.179164227,0.000000000,0.000000000,0.000000000,1.000000000,1,-0.822421288,-0.460528118,0.820498796,0.000000000,0.000000000,-0.037765404,0.999286633
1782474747.048573256,35.953820467,349,vicon_state_data,ball,1,0,2.614963516,-0.048461918,1.178835576,0.000000000,0.000000000,0.000000000,1.000000000,1,-0.822424743,-0.460526744,0.820512454,0.000000000,0.000000000,-0.037691302,0.999289430
1782474747.049799919,35.955047131,350,vicon_state_data,ball,1,0,2.615442027,-0.048011062,1.178949712,0.000000000,0.000000000,0.000000000,1.000000000,1,-0.822419964,-0.460508014,0.820488390,0.000000000,0.000000000,-0.037735677,0.999287756
1782474747.051007509,35.956254721,351,vicon_state_data,ball,1,0,2.615924782,-0.048127201,1.178878622,0.000000000,0.000000000,0.000000000,1.000000000,1,-0.822420195,-0.460505754,0.820491380,0.000000000,0.000000000,-0.037772874,0.999286350
1782474747.052217007,35.957464218,352,vicon_state_data,ball,1,0,2.616366577,-0.048224548,1.178615137,0.000000000,0.000000000,0.000000000,1.000000000,1,-0.822442126,-0.460485341,0.820547883,0.000000000,0.000000000,-0.037482739,0.999297275
1782474747.053425074,35.958672285,353,vicon_state_data,ball,1,0,2.621673777,-0.047328387,1.176397159,0.000000000,0.000000000,0.000000000,1.000000000,1,-0.822405046,-0.460523901,0.820585051,0.000000000,0.000000000,-0.037804913,0.999285139
1782474747.054648876,35.959896088,354,vicon_state_data,ball,1,0,2.622350653,-0.046750081,1.176386239,0.000000000,0.000000000,0.000000000,1.000000000,1,-0.822413000,-0.460535192,0.820571999,0.000000000,0.000000000,-0.037829441,0.999284211
1782474747.055841446,35.961088657,355,vicon_state_data,ball,1,0,2.622969130,-0.047101882,1.175695888,0.000000000,0.000000000,0.000000000,1.000000000,1,-0.822418489,-0.460539867,0.820640866,0.000000000,0.000000000,-0.037537388,0.999295224
1782474747.057068110,35.962315321,356,vicon_state_data,ball,1,0,2.623624319,-0.046726666,1.175466077,0.000000000,0.000000000,0.000000000,1.000000000,1,-0.822409555,-0.460562587,0.820569011,0.000000000,0.000000000,-0.037805993,0.999285098
1782474747.058319569,35.963566780,357,vicon_state_data,ball,1,0,2.624275841,-0.046748474,1.175044267,0.000000000,0.000000000,0.000000000,1.000000000,1,-0.822409449,-0.460555431,0.820579860,0.000000000,0.000000000,-0.037731042,0.999287931
1782474747.123855591,36.029102802,358,vicon_state_data,ball,1,0,2.624971798,-0.046743174,1.174560162,0.000000000,0.000000000,0.000000000,1.000000000,1,-0.822401283,-0.460538402,0.820568750,0.000000000,0.000000000,-0.037758229,0.999286904
1782474747.125215292,36.030462503,359,vicon_state_data,ball,1,0,2.625701170,-0.046260547,1.174364358,0.000000000,0.000000000,0.000000000,1.000000000,1,-0.822404950,-0.460563106,0.820568195,0.000000000,0.000000000,-0.037741017,0.999287554
1782474747.126469612,36.031716824,360,vicon_state_data,ball,1,0,2.626349255,-0.046544943,1.173682578,0.000000000,0.000000000,0.000000000,1.000000000,1,-0.822409822,-0.460568805,0.820538378,0.000000000,0.000000000,-0.037809911,0.999284950
1782474747.127722502,36.032969713,361,vicon_state_data,ball,1,0,2.627097849,-0.046176055,1.173402848,0.000000000,0.000000000,0.000000000,1.000000000,1,-0.822412378,-0.460575392,0.820564263,0.000000000,0.000000000,-0.037747707,0.999287301
1782474747.128927231,36.034174442,362,vicon_state_data,ball,1,0,2.627848464,-0.045904799,1.173098855,0.000000000,0.000000000,0.000000000,1.000000000,1,-0.822406064,-0.460572987,0.820537772,0.000000000,0.000000000,-0.037720953,0.999288312
1782474747.130125999,36.035373211,363,vicon_state_data,ball,1,0,2.628563559,-0.045939922,1.172551052,0.000000000,0.000000000,0.000000000,1.000000000,1,-0.822432004,-0.460561969,0.820597313,0.000000000,0.000000000,-0.037409388,0.999300024
1782474747.131365061,36.036612272,364,vicon_state_data,ball,1,0,2.629282479,-0.045548042,1.172118882,0.000000000,0.000000000,0.000000000,1.000000000,1,-0.822420183,-0.460606437,0.820554869,0.000000000,0.000000000,-0.037581664,0.999293560
1782474747.132586718,36.037833929,365,vicon_state_data,ball,1,0,2.629823803,-0.045821949,1.172330225,0.000000000,0.000000000,0.000000000,1.000000000,1,-0.822408534,-0.460578845,0.820529949,0.000000000,0.000000000,-0.037647265,0.999291090
1782474747.133826733,36.039073944,366,vicon_state_data,ball,1,0,2.630797601,-0.044570926,1.171533523,0.000000000,0.000000000,0.000000000,1.000000000,1,-0.822411660,-0.460589280,0.820528910,0.000000000,0.000000000,-0.037536739,0.999295248
1782474747.135046959,36.040294170,367,vicon_state_data,ball,1,0,2.631203688,-0.045182359,1.171431568,0.000000000,0.000000000,0.000000000,1.000000000,1,-0.822409836,-0.460600651,0.820508808,0.000000000,0.000000000,-0.037602342,0.999292782
1782474747.136268377,36.041515589,368,vicon_state_data,ball,1,0,2.637825483,-0.043511125,1.165968128,0.000000000,0.000000000,0.000000000,1.000000000,1,-0.822385735,-0.460671671,0.820557205,0.000000000,0.000000000,-0.037650215,0.999290979
1782474747.137726545,36.042973757,369,vicon_state_data,ball,1,0,2.638634076,-0.043371136,1.164570060,0.000000000,0.000000000,0.000000000,1.000000000,1,-0.822377317,-0.460677784,0.820532918,0.000000000,0.000000000,-0.037718246,0.999288414
1782474747.139156580,36.044403791,370,vicon_state_data,ball,1,0,2.639203482,-0.043096260,1.164048567,0.000000000,0.000000000,0.000000000,1.000000000,1,-0.822377322,-0.460680119,0.820543922,0.000000000,0.000000000,-0.037753448,0.999287084
1782474747.140601397,36.045848608,371,vicon_state_data,ball,1,0,2.639782514,-0.043030006,1.163440595,0.000000000,0.000000000,0.000000000,1.000000000,1,-0.822374915,-0.460688840,0.820529176,0.000000000,0.000000000,-0.037697870,0.999289183
1782474747.142053604,36.047300816,372,vicon_state_data,ball,1,0,2.640389414,-0.042528704,1.163052428,0.000000000,0.000000000,0.000000000,1.000000000,1,-0.822373448,-0.460686230,0.820526074,0.000000000,0.000000000,-0.037737665,0.999287681
1782474747.143509865,36.048757076,373,vicon_state_data,ball,1,0,2.640862695,-0.042731907,1.162240037,0.000000000,0.000000000,0.000000000,1.000000000,1,-0.822386559,-0.460689198,0.820534767,0.000000000,0.000000000,-0.037665786,0.999290392
1782474747.145002842,36.050250053,374,vicon_state_data,ball,1,0,2.641390066,-0.042439173,1.161690350,0.000000000,0.000000000,0.000000000,1.000000000,1,-0.822385535,-0.460692501,0.820496456,0.000000000,0.000000000,-0.037833417,0.999284060
1782474747.208995819,36.114243031,375,vicon_state_data,ball,1,0,2.641509762,-0.042268078,1.161924990,0.000000000,0.000000000,0.000000000,1.000000000,1,-0.822376199,-0.460679693,0.820476629,0.000000000,0.000000000,-0.037785180,0.999285885
1782474747.210440874,36.115688086,376,vicon_state_data,ball,1,0,2.642385412,-0.042287922,1.160391477,0.000000000,0.000000000,0.000000000,1.000000000,1,-0.822375375,-0.460671374,0.820466732,0.000000000,0.000000000,-0.037870259,0.999282664
1782474747.211707354,36.116954565,377,vicon_state_data,ball,1,0,2.642902030,-0.041936032,1.159940488,0.000000000,0.000000000,0.000000000,1.000000000,1,-0.822381263,-0.460687186,0.820463302,0.000000000,0.000000000,-0.037851873,0.999283361
1782474747.212924957,36.118172169,378,vicon_state_data,ball,1,0,2.643074929,-0.041453342,1.160214305,0.000000000,0.000000000,0.000000000,1.000000000,1,-0.822373555,-0.460667056,0.820448528,0.000000000,0.000000000,-0.037906481,0.999281291
1782474747.214153051,36.119400263,379,vicon_state_data,ball,1,0,2.643445017,-0.041389790,1.159545104,0.000000000,0.000000000,0.000000000,1.000000000,1,-0.822367616,-0.460662045,0.820428529,0.000000000,0.000000000,-0.037971039,0.999278840
1782474747.215360403,36.120607615,380,vicon_state_data,ball,1,0,2.644247009,-0.041186094,1.158257353,0.000000000,0.000000000,0.000000000,1.000000000,1,-0.822378627,-0.460671040,0.820459467,0.000000000,0.000000000,-0.037896171,0.999281682
1782474747.216544628,36.121791840,381,vicon_state_data,ball,1,0,2.644469005,-0.040936014,1.157931023,0.000000000,0.000000000,0.000000000,1.000000000,1,-0.822379475,-0.460688314,0.820490749,0.000000000,0.000000000,-0.037810267,0.999284936
1782474747.217795849,36.123043060,382,vicon_state_data,ball,1,0,2.645144436,-0.040641914,1.156984587,0.000000000,0.000000000,0.000000000,1.000000000,1,-0.822374834,-0.460704080,0.820503361,0.000000000,0.000000000,-0.037881533,0.999282237
1782474747.219052792,36.124300003,383,vicon_state_data,ball,1,0,2.645169263,-0.040433868,1.156962480,0.000000000,0.000000000,0.000000000,1.000000000,1,-0.822371462,-0.460716070,0.820498359,0.000000000,0.000000000,-0.037912811,0.999281051
1782474747.220308781,36.125555992,384,vicon_state_data,ball,1,0,2.645922151,-0.040370946,1.155570714,0.000000000,0.000000000,0.000000000,1.000000000,1,-0.822363710,-0.460712019,0.820494756,0.000000000,0.000000000,-0.037908740,0.999281205
1782474747.221583128,36.126830339,385,vicon_state_data,ball,1,0,2.649032298,-0.038871213,1.147830078,0.000000000,0.000000000,0.000000000,1.000000000,1,-0.822348198,-0.460718155,0.820476459,0.000000000,0.000000000,-0.038080835,0.999274662
1782474747.222851276,36.128098488,386,vicon_state_data,ball,1,0,2.649271776,-0.038738859,1.147038321,0.000000000,0.000000000,0.000000000,1.000000000,1,-0.822357110,-0.460744382,0.820495352,0.000000000,0.000000000,-0.038048119,0.999275908
1782474747.224159718,36.129406929,387,vicon_state_data,ball,1,0,2.649475424,-0.038341358,1.146403800,0.000000000,0.000000000,0.000000000,1.000000000,1,-0.822348692,-0.460718262,0.820479872,0.000000000,0.000000000,-0.038243639,0.999268444
1782474747.225449324,36.130696535,388,vicon_state_data,ball,1,0,2.649385146,-0.037565272,1.145864384,0.000000000,0.000000000,0.000000000,1.000000000,1,-0.822340633,-0.460727250,0.820478530,0.000000000,0.000000000,-0.038104827,0.999273747
1782474747.227858543,36.133105755,389,vicon_state_data,ball,1,0,2.649879651,-0.038021080,1.144795541,0.000000000,0.000000000,0.000000000,1.000000000,1,-0.822341546,-0.460735083,0.820462078,0.000000000,0.000000000,-0.038180788,0.999270848
1782474747.230237722,36.135484934,390,vicon_state_data,ball,1,0,2.650030324,-0.037966899,1.144039968,0.000000000,0.000000000,0.000000000,1.000000000,1,-0.822351551,-0.460719074,0.820470226,0.000000000,0.000000000,-0.038055005,0.999275646
1782474747.232595921,36.137843132,391,vicon_state_data,ball,1,0,2.650172960,-0.037911157,1.143284153,0.000000000,0.000000000,0.000000000,1.000000000,1,-0.822345603,-0.460731169,0.820506110,0.000000000,0.000000000,-0.038129366,0.999272811
1782474747.233817577,36.139064789,392,vicon_state_data,ball,1,0,2.650289679,-0.037716903,1.142578427,0.000000000,0.000000000,0.000000000,1.000000000,1,-0.822339669,-0.460727736,0.820505245,0.000000000,0.000000000,-0.038081513,0.999274636
1782474747.295703411,36.200950623,393,vicon_state_data,ball,1,0,2.650419678,-0.037290783,1.142106039,0.000000000,0.000000000,0.000000000,1.000000000,1,-0.822346915,-0.460742952,0.820518527,0.000000000,0.000000000,-0.038037847,0.999276299
1782474747.297092676,36.202339888,394,vicon_state_data,ball,1,0,2.650058986,-0.036574065,1.142391917,0.000000000,0.000000000,0.000000000,1.000000000,1,-0.822337931,-0.460731641,0.820494322,0.000000000,0.000000000,-0.038062928,0.999275344
1782474747.298349619,36.203596830,395,vicon_state_data,ball,1,0,2.650550191,-0.037223725,1.140834481,0.000000000,0.000000000,0.000000000,1.000000000,1,-0.822347718,-0.460758209,0.820524687,0.000000000,0.000000000,-0.037955205,0.999279442
1782474747.299563408,36.204810619,396,vicon_state_data,ball,1,0,2.650569891,-0.037000909,1.140440315,0.000000000,0.000000000,0.000000000,1.000000000,1,-0.822350738,-0.460752293,0.820514377,0.000000000,0.000000000,-0.038029374,0.999276622
1782474747.300781727,36.206028938,397,vicon_state_data,ball,1,0,2.650221440,-0.036157583,1.140235629,0.000000000,0.000000000,0.000000000,1.000000000,1,-0.822352484,-0.460773441,0.820533031,0.000000000,0.000000000,-0.037979508,0.999278518
1782474747.301983595,36.207230806,398,vicon_state_data,ball,1,0,2.650451325,-0.036784484,1.139510782,0.000000000,0.000000000,0.000000000,1.000000000,1,-0.822348332,-0.460799089,0.820547374,0.000000000,0.000000000,-0.038024151,0.999276820
1782474747.303197622,36.208444834,399,vicon_state_data,ball,1,0,2.650396492,-0.036476474,1.139303222,0.000000000,0.000000000,0.000000000,1.000000000,1,-0.822347170,-0.460780580,0.820526023,0.000000000,0.000000000,-0.037909153,0.999281190
1782474747.304415226,36.209662437,400,vicon_state_data,ball,1,0,2.650254164,-0.036212030,1.139153132,0.000000000,0.000000000,0.000000000,1.000000000,1,-0.822354530,-0.460793159,0.820525132,0.000000000,0.000000000,-0.037920120,0.999280774
1782474747.305634499,36.210881710,401,vicon_state_data,ball,1,0,2.650044689,-0.036089548,1.138936644,0.000000000,0.000000000,0.000000000,1.000000000,1,-0.822352158,-0.460790332,0.820551420,0.000000000,0.000000000,-0.037850959,0.999283396
1782474747.306888819,36.212136030,402,vicon_state_data,ball,1,0,2.649772897,-0.036008292,1.138667690,0.000000000,0.000000000,0.000000000,1.000000000,1,-0.822351324,-0.460803633,0.820525527,0.000000000,0.000000000,-0.037807610,0.999285037
1782474747.308142185,36.213389397,403,vicon_state_data,ball,1,0,2.644635865,-0.033834739,1.139712315,0.000000000,0.000000000,0.000000000,1.000000000,1,-0.822342516,-0.460752001,0.820539380,0.000000000,0.000000000,-0.037968157,0.999278950
1782474747.309351206,36.214598417,404,vicon_state_data,ball,1,0,2.643703604,-0.033799398,1.139976660,0.000000000,0.000000000,0.000000000,1.000000000,1,-0.822335979,-0.460734087,0.820554662,0.000000000,0.000000000,-0.037907105,0.999281267
1782474747.311669588,36.216916800,405,vicon_state_data,ball,1,0,2.642695154,-0.033489586,1.140541383,0.000000000,0.000000000,0.000000000,1.000000000,1,-0.822339353,-0.460735974,0.820541913,0.000000000,0.000000000,-0.037988849,0.999278163
1782474747.313991785,36.219238997,406,vicon_state_data,ball,1,0,2.641561473,-0.033426795,1.141012666,0.000000000,0.000000000,0.000000000,1.000000000,1,-0.822332510,-0.460728665,0.820553545,0.000000000,0.000000000,-0.037949939,0.999279642
1782474747.316285133,36.221532345,407,vicon_state_data,ball,1,0,2.640386815,-0.033118552,1.141671498,0.000000000,0.000000000,0.000000000,1.000000000,1,-0.822359102,-0.460689535,0.820604688,0.000000000,0.000000000,-0.037718163,0.999288417
1782474747.318600416,36.223847628,408,vicon_state_data,ball,1,0,2.639151935,-0.033076034,1.142138539,0.000000000,0.000000000,0.000000000,1.000000000,1,-0.822332305,-0.460716180,0.820534768,0.000000000,0.000000000,-0.037983299,0.999278374
1782474747.320883274,36.226130486,409,vicon_state_data,ball,1,0,2.637924232,-0.032731723,1.142817220,0.000000000,0.000000000,0.000000000,1.000000000,1,-0.822343927,-0.460740094,0.820592975,0.000000000,0.000000000,-0.037994147,0.999277962
1782474747.323212624,36.228459835,410,vicon_state_data,ball,1,0,2.636694143,-0.032708715,1.143170887,0.000000000,0.000000000,0.000000000,1.000000000,1,-0.822337200,-0.460722483,0.820583298,0.000000000,0.000000000,-0.037980029,0.999278498
1782474747.325556755,36.230803967,411,vicon_state_data,ball,1,0,2.635432180,-0.032693191,1.143373124,0.000000000,0.000000000,0.000000000,1.000000000,1,-0.822337252,-0.460732440,0.820581762,0.000000000,0.000000000,-0.038005133,0.999277544
1782474747.327899456,36.233146667,412,vicon_state_data,ball,1,0,2.633607144,-0.031055503,1.144434793,0.000000000,0.000000000,0.000000000,1.000000000,1,-0.822335884,-0.460738572,0.820581687,0.000000000,0.000000000,-0.038026008,0.999276750
1782474747.392498970,36.297746181,413,vicon_state_data,ball,1,0,2.632905642,-0.032753489,1.143398125,0.000000000,0.000000000,0.000000000,1.000000000,1,-0.822326999,-0.460750138,0.820571285,0.000000000,0.000000000,-0.038028918,0.999276639
1782474747.395022631,36.300269842,414,vicon_state_data,ball,1,0,2.631288239,-0.031198538,1.144129519,0.000000000,0.000000000,0.000000000,1.000000000,1,-0.822328220,-0.460737923,0.820572905,0.000000000,0.000000000,-0.038035230,0.999276399
1782474747.397383928,36.302631140,415,vicon_state_data,ball,1,0,2.630086521,-0.031366929,1.143692477,0.000000000,0.000000000,0.000000000,1.000000000,1,-0.822327554,-0.460744557,0.820563710,0.000000000,0.000000000,-0.038100433,0.999273915
1782474747.399723530,36.304970741,416,vicon_state_data,ball,1,0,2.628957588,-0.031504278,1.143366562,0.000000000,0.000000000,0.000000000,1.000000000,1,-0.822320926,-0.460737531,0.820565039,0.000000000,0.000000000,-0.038143348,0.999272278
1782474747.402031183,36.307278395,417,vicon_state_data,ball,1,0,2.627678283,-0.031602613,1.143153725,0.000000000,0.000000000,0.000000000,1.000000000,1,-0.822318091,-0.460734945,0.820563228,0.000000000,0.000000000,-0.038074749,0.999274894
1782474747.404402018,36.309649229,418,vicon_state_data,ball,1,0,2.626454640,-0.031610916,1.142663536,0.000000000,0.000000000,0.000000000,1.000000000,1,-0.822306981,-0.460720131,0.820542323,0.000000000,0.000000000,-0.038182463,0.999270784
1782474747.406753302,36.312000513,419,vicon_state_data,ball,1,0,2.625164784,-0.031371686,1.142271717,0.000000000,0.000000000,0.000000000,1.000000000,1,-0.822312195,-0.460717441,0.820554000,0.000000000,0.000000000,-0.038187150,0.999270605
1782474747.409143925,36.314391136,420,vicon_state_data,ball,1,0,2.623876385,-0.031345846,1.141524588,0.000000000,0.000000000,0.000000000,1.000000000,1,-0.822328771,-0.460735851,0.820563115,0.000000000,0.000000000,-0.038089547,0.999274330
1782474747.411459446,36.316706657,421,vicon_state_data,ball,1,0,2.622630567,-0.031111072,1.140796661,0.000000000,0.000000000,0.000000000,1.000000000,1,-0.822309933,-0.460702824,0.820524472,0.000000000,0.000000000,-0.038199947,0.999270116
1782474747.413765669,36.319012880,422,vicon_state_data,ball,1,0,2.621362543,-0.030702101,1.139900100,0.000000000,0.000000000,0.000000000,1.000000000,1,-0.822311517,-0.460723590,0.820517250,0.000000000,0.000000000,-0.038170164,0.999271254
1782474747.416090727,36.321337938,423,vicon_state_data,ball,1,0,2.607406492,-0.028876869,1.126228448,0.000000000,0.000000000,0.000000000,1.000000000,1,-0.822324086,-0.460650222,0.820559150,0.000000000,0.000000000,-0.038037989,0.999276294
1782474747.418404341,36.323651552,424,vicon_state_data,ball,1,0,2.595910487,-0.025785440,1.135108272,0.000000000,0.000000000,0.000000000,1.000000000,1,-0.822320112,-0.460642291,0.820543180,0.000000000,0.000000000,-0.037939741,0.999280029
1782474747.420720816,36.325968027,425,vicon_state_data,ball,1,0,2.584322196,-0.022734001,1.143943542,0.000000000,0.000000000,0.000000000,1.000000000,1,-0.822310690,-0.460647281,0.820533190,0.000000000,0.000000000,-0.038037478,0.999276313
1782474747.423039675,36.328286886,426,vicon_state_data,ball,1,0,2.572745773,-0.019708929,1.152567205,0.000000000,0.000000000,0.000000000,1.000000000,1,-0.822304059,-0.460635650,0.820530581,0.000000000,0.000000000,-0.037971315,0.999278830
1782474747.425396204,36.330643415,427,vicon_state_data,ball,1,0,2.561129649,-0.016881134,1.160869691,0.000000000,0.000000000,0.000000000,1.000000000,1,-0.822304128,-0.460668941,0.820522832,0.000000000,0.000000000,-0.038085683,0.999274477
1782474747.427762747,36.333009958,428,vicon_state_data,ball,1,0,2.549514312,-0.014423518,1.169244529,0.000000000,0.000000000,0.000000000,1.000000000,1,-0.822297822,-0.460652986,0.820499414,0.000000000,0.000000000,-0.038091917,0.999274240
1782474747.430078745,36.335325956,429,vicon_state_data,ball,1,0,2.538087308,-0.012042159,1.177118424,0.000000000,0.000000000,0.000000000,1.000000000,1,-0.822289122,-0.460640444,0.820510309,0.000000000,0.000000000,-0.038127572,0.999272880
1782474747.432391644,36.337638855,430,vicon_state_data,ball,1,0,2.526418080,-0.008681755,1.185334541,0.000000000,0.000000000,0.000000000,1.000000000,1,-0.822291608,-0.460661470,0.820520359,0.000000000,0.000000000,-0.038125668,0.999272952
1782474747.434680939,36.339928150,431,vicon_state_data,ball,1,0,2.514801555,-0.005631427,1.193335413,0.000000000,0.000000000,0.000000000,1.000000000,1,-0.822294022,-0.460675928,0.820512574,0.000000000,0.000000000,-0.038154017,0.999271870
1782474747.437045574,36.342292786,432,vicon_state_data,ball,1,0,2.502985639,-0.002213035,1.201023636,0.000000000,0.000000000,0.000000000,1.000000000,1,-0.822273652,-0.460649565,0.820499799,0.000000000,0.000000000,-0.038213170,0.999269610
1782474747.439591169,36.344838381,433,vicon_state_data,ball,1,0,2.491960311,0.001541975,1.208526922,0.000000000,0.000000000,0.000000000,1.000000000,1,-0.822277988,-0.460658029,0.820507111,0.000000000,0.000000000,-0.038204970,0.999269924
1782474747.442099094,36.347346306,434,vicon_state_data,ball,1,0,2.480786893,0.004538197,1.215799394,0.000000000,0.000000000,0.000000000,1.000000000,1,-0.822281905,-0.460682613,0.820516850,0.000000000,0.000000000,-0.038268474,0.999267494
1782474747.444511652,36.349758863,435,vicon_state_data,ball,1,0,2.469326622,0.007201213,1.223315014,0.000000000,0.000000000,0.000000000,1.000000000,1,-0.822271319,-0.460634393,0.820515315,0.000000000,0.000000000,-0.038258222,0.999267886
1782474747.447494507,36.352741718,436,vicon_state_data,ball,1,0,2.457822138,0.010067603,1.230752458,0.000000000,0.000000000,0.000000000,1.000000000,1,-0.822266134,-0.460644206,0.820513882,0.000000000,0.000000000,-0.038251278,0.999268152
1782474747.450400114,36.355647326,437,vicon_state_data,ball,1,0,2.446212310,0.013201757,1.238065946,0.000000000,0.000000000,0.000000000,1.000000000,1,-0.822263017,-0.460661274,0.820512555,0.000000000,0.000000000,-0.038266053,0.999267586
1782474747.453231573,36.358478785,438,vicon_state_data,ball,1,0,2.434720267,0.015476901,1.245044907,0.000000000,0.000000000,0.000000000,1.000000000,1,-0.822286070,-0.460610567,0.820575319,0.000000000,0.000000000,-0.037906448,0.999281292
1782474747.456025839,36.361273050,439,vicon_state_data,ball,1,0,2.423003601,0.019982294,1.252435801,0.000000000,0.000000000,0.000000000,1.000000000,1,-0.822266648,-0.460628325,0.820523851,0.000000000,0.000000000,-0.038171318,0.999271210
1782474747.458810091,36.364057302,440,vicon_state_data,ball,1,0,2.411666638,0.022381442,1.259116568,0.000000000,0.000000000,0.000000000,1.000000000,1,-0.822271710,-0.460629996,0.820535426,0.000000000,0.000000000,-0.038115989,0.999273322
1782474747.461590052,36.366837263,441,vicon_state_data,ball,1,0,2.400245862,0.025259372,1.265819429,0.000000000,0.000000000,0.000000000,1.000000000,1,-0.822274836,-0.460644873,0.820530402,0.000000000,0.000000000,-0.038193503,0.999270362
1782474747.464367867,36.369615078,442,vicon_state_data,ball,1,0,2.388726715,0.028029053,1.272496925,0.000000000,0.000000000,0.000000000,1.000000000,1,-0.822277144,-0.460599780,0.820559642,0.000000000,0.000000000,-0.037903908,0.999281389
1782474747.467121601,36.372368813,443,vicon_state_data,ball,1,0,2.377332988,0.031214322,1.278994827,0.000000000,0.000000000,0.000000000,1.000000000,1,-0.822267410,-0.460608076,0.820524536,0.000000000,0.000000000,-0.038220990,0.999269311
1782474747.469727039,36.374974251,444,vicon_state_data,ball,1,0,2.365843711,0.034662423,1.285376368,0.000000000,0.000000000,0.000000000,1.000000000,1,-0.822264211,-0.460627827,0.820502902,0.000000000,0.000000000,-0.038177074,0.999270990
1782474747.472316742,36.377563953,445,vicon_state_data,ball,1,0,2.354895361,0.037754610,1.290651411,0.000000000,0.000000000,0.000000000,1.000000000,1,-0.822260520,-0.460619907,0.820495971,0.000000000,0.000000000,-0.038232589,0.999268867
1782474747.474933863,36.380181074,446,vicon_state_data,ball,1,0,2.343582903,0.040969859,1.296671353,0.000000000,0.000000000,0.000000000,1.000000000,1,-0.822262214,-0.460598492,0.820473882,0.000000000,0.000000000,-0.038209177,0.999269763
1782474747.477608919,36.382856131,447,vicon_state_data,ball,1,0,2.332316400,0.044134060,1.302665075,0.000000000,0.000000000,0.000000000,1.000000000,1,-0.822262095,-0.460617989,0.820473371,0.000000000,0.000000000,-0.038253681,0.999268060
1782474747.480301619,36.385548830,448,vicon_state_data,ball,1,0,2.321000830,0.047115850,1.308632164,0.000000000,0.000000000,0.000000000,1.000000000,1,-0.822252153,-0.460607817,0.820454776,0.000000000,0.000000000,-0.038291991,0.999266593
1782474747.483075619,36.388322830,449,vicon_state_data,ball,1,0,2.309695313,0.050098370,1.314558209,0.000000000,0.000000000,0.000000000,1.000000000,1,-0.822252912,-0.460566355,0.820445633,0.000000000,0.000000000,-0.038165434,0.999271434
1782474747.485948324,36.391195536,450,vicon_state_data,ball,1,0,2.298571316,0.052366782,1.320071615,0.000000000,0.000000000,0.000000000,1.000000000,1,-0.822247568,-0.460576195,0.820443410,0.000000000,0.000000000,-0.038230111,0.999268962
1782474747.488891363,36.394138575,451,vicon_state_data,ball,1,0,2.287282752,0.055418189,1.325637739,0.000000000,0.000000000,0.000000000,1.000000000,1,-0.822257652,-0.460587115,0.820482068,0.000000000,0.000000000,-0.038205487,0.999269904
1782474747.491225243,36.396472454,452,vicon_state_data,ball,1,0,2.276093237,0.058488791,1.331012464,0.000000000,0.000000000,0.000000000,1.000000000,1,-0.822251215,-0.460572547,0.820475662,0.000000000,0.000000000,-0.038256933,0.999267936
1782474747.560487270,36.465734482,453,vicon_state_data,ball,1,0,2.264885052,0.061327982,1.336413139,0.000000000,0.000000000,0.000000000,1.000000000,1,-0.822254368,-0.460581194,0.820509831,0.000000000,0.000000000,-0.038177360,0.999270979
1782474747.562071323,36.467318535,454,vicon_state_data,ball,1,0,2.253800161,0.064448922,1.341427833,0.000000000,0.000000000,0.000000000,1.000000000,1,-0.822271231,-0.460537789,0.820573958,0.000000000,0.000000000,-0.037769317,0.999286485
1782474747.563522577,36.468769789,455,vicon_state_data,ball,1,0,2.242600726,0.067130035,1.346536100,0.000000000,0.000000000,0.000000000,1.000000000,1,-0.822252978,-0.460527715,0.820520864,0.000000000,0.000000000,-0.038028941,0.999276638
1782474747.564943075,36.470190287,456,vicon_state_data,ball,1,0,2.231354347,0.070323000,1.351564196,0.000000000,0.000000000,0.000000000,1.000000000,1,-0.822260128,-0.460539617,0.820553826,0.000000000,0.000000000,-0.037996635,0.999277867
1782474747.566374063,36.471621275,457,vicon_state_data,ball,1,0,2.220443766,0.073968896,1.355871842,0.000000000,0.000000000,0.000000000,1.000000000,1,-0.822253673,-0.460545639,0.820534855,0.000000000,0.000000000,-0.038074716,0.999274895
1782474747.567842007,36.473089218,458,vicon_state_data,ball,1,0,2.209485792,0.076855227,1.360149293,0.000000000,0.000000000,0.000000000,1.000000000,1,-0.822241298,-0.460531404,0.820535756,0.000000000,0.000000000,-0.038067504,0.999275170
1782474747.569278717,36.474525928,459,vicon_state_data,ball,1,0,2.198385138,0.079627210,1.364746490,0.000000000,0.000000000,0.000000000,1.000000000,1,-0.822236262,-0.460538864,0.820530082,0.000000000,0.000000000,-0.038168878,0.999271303
1782474747.570717335,36.475964546,460,vicon_state_data,ball,1,0,2.187144659,0.082436301,1.369219355,0.000000000,0.000000000,0.000000000,1.000000000,1,-0.822237163,-0.460535889,0.820520431,0.000000000,0.000000000,-0.038218301,0.999269414
1782474747.572109938,36.477357149,461,vicon_state_data,ball,1,0,2.176007555,0.085513722,1.373604531,0.000000000,0.000000000,0.000000000,1.000000000,1,-0.822236446,-0.460530004,0.820520083,0.000000000,0.000000000,-0.038253393,0.999268071
1782474747.573506832,36.478754044,462,vicon_state_data,ball,1,0,2.164884371,0.088438837,1.377785218,0.000000000,0.000000000,0.000000000,1.000000000,1,-0.822249403,-0.460486634,0.820594825,0.000000000,0.000000000,-0.037861772,0.999282986
1782474747.574747562,36.479994774,463,vicon_state_data,ball,1,0,2.033194879,0.123567368,1.418194024,0.000000000,0.000000000,0.000000000,1.000000000,1,-0.822230138,-0.460445307,0.820502463,0.000000000,0.000000000,-0.038136557,0.999272537
1782474747.575982332,36.481229544,464,vicon_state_data,ball,1,0,2.022238325,0.126764285,1.420803935,0.000000000,0.000000000,0.000000000,1.000000000,1,-0.822224248,-0.460454899,0.820504768,0.000000000,0.000000000,-0.038203678,0.999269973
1782474747.578358412,36.483605623,465,vicon_state_data,ball,1,0,2.011398566,0.129609655,1.423378153,0.000000000,0.000000000,0.000000000,1.000000000,1,-0.822219559,-0.460459289,0.820530591,0.000000000,0.000000000,-0.038182671,0.999270776
1782474747.580703020,36.485950232,466,vicon_state_data,ball,1,0,2.000527748,0.132588146,1.425733687,0.000000000,0.000000000,0.000000000,1.000000000,1,-0.822232986,-0.460429700,0.820569033,0.000000000,0.000000000,-0.037867848,0.999282756
1782474747.583032608,36.488279819,467,vicon_state_data,ball,1,0,1.989778629,0.135339589,1.427930088,0.000000000,0.000000000,0.000000000,1.000000000,1,-0.822223386,-0.460461370,0.820538514,0.000000000,0.000000000,-0.038137690,0.999272494
1782474747.585612059,36.490859270,468,vicon_state_data,ball,1,0,1.978938259,0.138123691,1.430102258,0.000000000,0.000000000,0.000000000,1.000000000,1,-0.822211625,-0.460436644,0.820546087,0.000000000,0.000000000,-0.038182299,0.999270790
1782474747.588761091,36.494008303,469,vicon_state_data,ball,1,0,1.967922354,0.141081139,1.432372510,0.000000000,0.000000000,0.000000000,1.000000000,1,-0.822219526,-0.460442215,0.820535551,0.000000000,0.000000000,-0.038226479,0.999269101
1782474747.591746569,36.496993780,470,vicon_state_data,ball,1,0,1.957297248,0.144460005,1.433597696,0.000000000,0.000000000,0.000000000,1.000000000,1,-0.822216704,-0.460408171,0.820584689,0.000000000,0.000000000,-0.037937885,0.999280099
1782474747.594731569,36.499978781,471,vicon_state_data,ball,1,0,1.946644946,0.147167861,1.435037277,0.000000000,0.000000000,0.000000000,1.000000000,1,-0.822213504,-0.460453837,0.820557331,0.000000000,0.000000000,-0.038262181,0.999267735
1782474747.597624540,36.502871752,472,vicon_state_data,ball,1,0,1.935844255,0.149875941,1.436768359,0.000000000,0.000000000,0.000000000,1.000000000,1,-0.822219627,-0.460459515,0.820567424,0.000000000,0.000000000,-0.038172163,0.999271177
1782474747.600475550,36.505722761,473,vicon_state_data,ball,1,0,1.925087062,0.152626585,1.438238413,0.000000000,0.000000000,0.000000000,1.000000000,1,-0.822202078,-0.460427326,0.820560162,0.000000000,0.000000000,-0.038210627,0.999269707
1782474747.603281975,36.508529186,474,vicon_state_data,ball,1,0,1.914289756,0.155638159,1.439710171,0.000000000,0.000000000,0.000000000,1.000000000,1,-0.822203993,-0.460420761,0.820557100,0.000000000,0.000000000,-0.038310679,0.999265876
1782474747.606129169,36.511376381,475,vicon_state_data,ball,1,0,1.903595061,0.158474117,1.441091062,0.000000000,0.000000000,0.000000000,1.000000000,1,-0.822192835,-0.460402697,0.820548320,0.000000000,0.000000000,-0.038402233,0.999262362
1782474747.608998060,36.514245272,476,vicon_state_data,ball,1,0,1.892864620,0.161418576,1.442449041,0.000000000,0.000000000,0.000000000,1.000000000,1,-0.822211830,-0.460425606,0.820563363,0.000000000,0.000000000,-0.038374583,0.999263424
1782474747.611865044,36.517112255,477,vicon_state_data,ball,1,0,1.882194275,0.164246935,1.443504206,0.000000000,0.000000000,0.000000000,1.000000000,1,-0.822196598,-0.460396183,0.820542150,0.000000000,0.000000000,-0.038392501,0.999262736
1782474747.614705086,36.519952297,478,vicon_state_data,ball,1,0,1.871519230,0.166986398,1.444463387,0.000000000,0.000000000,0.000000000,1.000000000,1,-0.822197189,-0.460378398,0.820538139,0.000000000,0.000000000,-0.038457266,0.999260246
1782474747.617591619,36.522838831,479,vicon_state_data,ball,1,0,1.860767009,0.169794757,1.445441116,0.000000000,0.000000000,0.000000000,1.000000000,1,-0.822199605,-0.460373153,0.820529496,0.000000000,0.000000000,-0.038467662,0.999259846
1782474747.620491982,36.525739193,480,vicon_state_data,ball,1,0,1.849984901,0.172837003,1.446332972,0.000000000,0.000000000,0.000000000,1.000000000,1,-0.822203810,-0.460385877,0.820503291,0.000000000,0.000000000,-0.038549496,0.999256692
1782474747.690537691,36.595784903,481,vicon_state_data,ball,1,0,1.839183548,0.176023249,1.446967767,0.000000000,0.000000000,0.000000000,1.000000000,1,-0.822204251,-0.460372645,0.820519991,0.000000000,0.000000000,-0.038508377,0.999258277
1782474747.693292379,36.598539591,482,vicon_state_data,ball,1,0,1.828475209,0.179144747,1.447330203,0.000000000,0.000000000,0.000000000,1.000000000,1,-0.822204007,-0.460358114,0.820496725,0.000000000,0.000000000,-0.038512560,0.999258116
1782474747.695643902,36.600891113,483,vicon_state_data,ball,1,0,1.817867289,0.182167764,1.447504055,0.000000000,0.000000000,0.000000000,1.000000000,1,-0.822186848,-0.460359321,0.820464195,0.000000000,0.000000000,-0.038567434,0.999256000
1782474747.697362900,36.602610111,484,vicon_state_data,ball,1,0,1.807564203,0.184629414,1.447212954,0.000000000,0.000000000,0.000000000,1.000000000,1,-0.822196225,-0.460347664,0.820471910,0.000000000,0.000000000,-0.038603099,0.999254623
1782474747.699076653,36.604323864,485,vicon_state_data,ball,1,0,1.797049399,0.187416193,1.447120155,0.000000000,0.000000000,0.000000000,1.000000000,1,-0.822185035,-0.460350083,0.820465989,0.000000000,0.000000000,-0.038566548,0.999256034
1782474747.700788975,36.606036186,486,vicon_state_data,ball,1,0,1.786467904,0.189955791,1.447262148,0.000000000,0.000000000,0.000000000,1.000000000,1,-0.822189635,-0.460339628,0.820465842,0.000000000,0.000000000,-0.038571432,0.999255845
1782474747.702497005,36.607744217,487,vicon_state_data,ball,1,0,1.775817779,0.193026721,1.447219458,0.000000000,0.000000000,0.000000000,1.000000000,1,-0.822188026,-0.460346250,0.820457992,0.000000000,0.000000000,-0.038625982,0.999253738
1782474747.704196215,36.609443426,488,vicon_state_data,ball,1,0,1.765145875,0.196115726,1.447043887,0.000000000,0.000000000,0.000000000,1.000000000,1,-0.822189389,-0.460335622,0.820477114,0.000000000,0.000000000,-0.038524254,0.999257665
1782474747.705595255,36.610842466,489,vicon_state_data,ball,1,0,1.754516947,0.199112339,1.446756519,0.000000000,0.000000000,0.000000000,1.000000000,1,-0.822190215,-0.460332604,0.820437262,0.000000000,0.000000000,-0.038579629,0.999255529
1782474747.706989288,36.612236500,490,vicon_state_data,ball,1,0,1.743952375,0.202034531,1.446236487,0.000000000,0.000000000,0.000000000,1.000000000,1,-0.822197734,-0.460337720,0.820458822,0.000000000,0.000000000,-0.038583421,0.999255383
1782474747.708405972,36.613653183,491,vicon_state_data,ball,1,0,1.618998924,0.235149080,1.431287842,0.000000000,0.000000000,0.000000000,1.000000000,1,-0.822174879,-0.460238052,0.820483614,0.000000000,0.000000000,-0.038563459,0.999256153
1782474747.709648609,36.614895821,492,vicon_state_data,ball,1,0,1.608571492,0.237774304,1.429514439,0.000000000,0.000000000,0.000000000,1.000000000,1,-0.822175543,-0.460227410,0.820467133,0.000000000,0.000000000,-0.038638404,0.999253258
1782474747.710889578,36.616136789,493,vicon_state_data,ball,1,0,1.598110772,0.240776988,1.427572799,0.000000000,0.000000000,0.000000000,1.000000000,1,-0.822166021,-0.460207788,0.820479750,0.000000000,0.000000000,-0.038641892,0.999253123
1782474747.713186979,36.618434191,494,vicon_state_data,ball,1,0,1.587660661,0.243835975,1.425378373,0.000000000,0.000000000,0.000000000,1.000000000,1,-0.822178158,-0.460158480,0.820551366,0.000000000,0.000000000,-0.038169373,0.999271284
1782474747.715535402,36.620782614,495,vicon_state_data,ball,1,0,1.577152144,0.246937702,1.423161447,0.000000000,0.000000000,0.000000000,1.000000000,1,-0.822166844,-0.460119479,0.820534533,0.000000000,0.000000000,-0.038180819,0.999270847
1782474747.718159914,36.623407125,496,vicon_state_data,ball,1,0,1.566903449,0.249583433,1.420634917,0.000000000,0.000000000,0.000000000,1.000000000,1,-0.822160522,-0.460151400,0.820504460,0.000000000,0.000000000,-0.038588471,0.999255188
1782474747.720835209,36.626082420,497,vicon_state_data,ball,1,0,1.556881507,0.252116937,1.417564099,0.000000000,0.000000000,0.000000000,1.000000000,1,-0.822166266,-0.460171391,0.820513498,0.000000000,0.000000000,-0.038574339,0.999255733
1782474747.723489046,36.628736258,498,vicon_state_data,ball,1,0,1.546643152,0.254862226,1.414765668,0.000000000,0.000000000,0.000000000,1.000000000,1,-0.822158622,-0.460129591,0.820511112,0.000000000,0.000000000,-0.038622996,0.999253854
1782474747.726806164,36.632053375,499,vicon_state_data,ball,1,0,1.536469966,0.257277445,1.412032499,0.000000000,0.000000000,0.000000000,1.000000000,1,-0.822152617,-0.460140289,0.820495559,0.000000000,0.000000000,-0.038546671,0.999256801
1782474747.730079174,36.635326385,500,vicon_state_data,ball,1,0,1.526060647,0.260346692,1.409254706,0.000000000,0.000000000,0.000000000,1.000000000,1,-0.822161131,-0.460124965,0.820502151,0.000000000,0.000000000,-0.038582527,0.999255417
1782474747.733368635,36.638615847,501,vicon_state_data,ball,1,0,1.515733889,0.263163340,1.406371234,0.000000000,0.000000000,0.000000000,1.000000000,1,-0.822155989,-0.460134470,0.820501931,0.000000000,0.000000000,-0.038585612,0.999255298
1782474747.736624956,36.641872168,502,vicon_state_data,ball,1,0,1.505390579,0.266181540,1.403289883,0.000000000,0.000000000,0.000000000,1.000000000,1,-0.822162013,-0.460107413,0.820552784,0.000000000,0.000000000,-0.038255872,0.999267976
1782474747.739933729,36.645180941,503,vicon_state_data,ball,1,0,1.495127650,0.268934963,1.400022262,0.000000000,0.000000000,0.000000000,1.000000000,1,-0.822158455,-0.460135204,0.820526270,0.000000000,0.000000000,-0.038543988,0.999256904
1782474747.743242741,36.648489952,504,vicon_state_data,ball,1,0,1.484962802,0.271599654,1.396516652,0.000000000,0.000000000,0.000000000,1.000000000,1,-0.822143630,-0.460101103,0.820498005,0.000000000,0.000000000,-0.038561066,0.999256246
1782474747.746563435,36.651810646,505,vicon_state_data,ball,1,0,1.474888709,0.274306830,1.393094408,0.000000000,0.000000000,0.000000000,1.000000000,1,-0.822141428,-0.460117577,0.820523857,0.000000000,0.000000000,-0.038518562,0.999257885
1782474747.749934196,36.655181408,506,vicon_state_data,ball,1,0,1.464741117,0.276713898,1.389725987,0.000000000,0.000000000,0.000000000,1.000000000,1,-0.822162614,-0.460067955,0.820584346,0.000000000,0.000000000,-0.038175588,0.999271047
1782474747.753212214,36.658459425,507,vicon_state_data,ball,1,0,1.454605026,0.279338797,1.386245343,0.000000000,0.000000000,0.000000000,1.000000000,1,-0.822154554,-0.460113651,0.820528399,0.000000000,0.000000000,-0.038535498,0.999257232
1782474747.756531239,36.661778450,508,vicon_state_data,ball,1,0,1.444635399,0.282105901,1.382017728,0.000000000,0.000000000,0.000000000,1.000000000,1,-0.822159612,-0.460107393,0.820536186,0.000000000,0.000000000,-0.038517237,0.999257936
1782474747.759821892,36.665069103,509,vicon_state_data,ball,1,0,1.434565512,0.284877510,1.377814953,0.000000000,0.000000000,0.000000000,1.000000000,1,-0.822157996,-0.460100565,0.820528601,0.000000000,0.000000000,-0.038533520,0.999257308
1782474747.763170481,36.668417692,510,vicon_state_data,ball,1,0,1.424372156,0.287060768,1.373809799,0.000000000,0.000000000,0.000000000,1.000000000,1,-0.822152468,-0.460085541,0.820509252,0.000000000,0.000000000,-0.038599538,0.999254760
1782474747.766527414,36.671774626,511,vicon_state_data,ball,1,0,1.414260911,0.289843109,1.369682207,0.000000000,0.000000000,0.000000000,1.000000000,1,-0.822155246,-0.460031395,0.820568224,0.000000000,0.000000000,-0.038251970,0.999268126
1782474747.767786503,36.673033714,512,vicon_state_data,ball,1,0,1.404190085,0.292478066,1.365572725,0.000000000,0.000000000,0.000000000,1.000000000,1,-0.822153420,-0.460074598,0.820497180,0.000000000,0.000000000,-0.038580195,0.999255507
1782474747.769023418,36.674270630,513,vicon_state_data,ball,1,0,1.394149506,0.295066640,1.361285041,0.000000000,0.000000000,0.000000000,1.000000000,1,-0.822148484,-0.460056721,0.820499440,0.000000000,0.000000000,-0.038535805,0.999257220
1782474747.832347870,36.737595081,514,vicon_state_data,ball,1,0,1.384100572,0.297901746,1.357102846,0.000000000,0.000000000,0.000000000,1.000000000,1,-0.822148479,-0.460026493,0.820509273,0.000000000,0.000000000,-0.038497268,0.999258705
1782474747.833925009,36.739172220,515,vicon_state_data,ball,1,0,1.374007150,0.300431455,1.352351353,0.000000000,0.000000000,0.000000000,1.000000000,1,-0.822146574,-0.460022881,0.820509599,0.000000000,0.000000000,-0.038501848,0.999258529
1782474747.835330963,36.740578175,516,vicon_state_data,ball,1,0,1.363991250,0.302991234,1.347779936,0.000000000,0.000000000,0.000000000,1.000000000,1,-0.822142055,-0.460011940,0.820510539,0.000000000,0.000000000,-0.038601745,0.999254675
1782474747.836719513,36.741966724,517,vicon_state_data,ball,1,0,1.353828999,0.305698762,1.343068247,0.000000000,0.000000000,0.000000000,1.000000000,1,-0.822152282,-0.460023570,0.820525088,0.000000000,0.000000000,-0.038709143,0.999250520
1782474747.838090897,36.743338108,518,vicon_state_data,ball,1,0,1.343710608,0.308546988,1.338393065,0.000000000,0.000000000,0.000000000,1.000000000,1,-0.822149099,-0.460015447,0.820523546,0.000000000,0.000000000,-0.038695999,0.999251029
1782474747.839343548,36.744590759,519,vicon_state_data,ball,1,0,1.333466773,0.311218289,1.333161444,0.000000000,0.000000000,0.000000000,1.000000000,1,-0.822146533,-0.459948458,0.820577775,0.000000000,0.000000000,-0.038279843,0.999267058
1782474747.840603352,36.745850563,520,vicon_state_data,ball,1,0,1.323498742,0.314024289,1.328067474,0.000000000,0.000000000,0.000000000,1.000000000,1,-0.822129816,-0.459976321,0.820534540,0.000000000,0.000000000,-0.038662143,0.999252340
1782474747.841842175,36.747089386,521,vicon_state_data,ball,1,0,1.313765828,0.316372672,1.322350105,0.000000000,0.000000000,0.000000000,1.000000000,1,-0.822141586,-0.459973793,0.820527333,0.000000000,0.000000000,-0.038573610,0.999255761
1782474747.843102932,36.748350143,522,vicon_state_data,ball,1,0,1.303915737,0.319020629,1.316995975,0.000000000,0.000000000,0.000000000,1.000000000,1,-0.822137399,-0.459959837,0.820533838,0.000000000,0.000000000,-0.038568969,0.999255941
1782474747.844376087,36.749623299,523,vicon_state_data,ball,1,0,1.294060263,0.321679132,1.311550932,0.000000000,0.000000000,0.000000000,1.000000000,1,-0.822146891,-0.459970344,0.820537165,0.000000000,0.000000000,-0.038554225,0.999256509
1782474747.845623970,36.750871181,524,vicon_state_data,ball,1,0,1.195691543,0.347798046,1.251109843,0.000000000,0.000000000,0.000000000,1.000000000,1,-0.822128600,-0.459826374,0.820532244,0.000000000,0.000000000,-0.038235057,0.999268773
1782474747.848006725,36.753253937,525,vicon_state_data,ball,1,0,1.185967345,0.350400440,1.244480720,0.000000000,0.000000000,0.000000000,1.000000000,1,-0.822131510,-0.459872493,0.820496639,0.000000000,0.000000000,-0.038525454,0.999257619
1782474747.850404263,36.755651474,526,vicon_state_data,ball,1,0,1.176314463,0.352969033,1.237731688,0.000000000,0.000000000,0.000000000,1.000000000,1,-0.822136403,-0.459847521,0.820483806,0.000000000,0.000000000,-0.038561899,0.999256213
1782474747.852790117,36.758037329,527,vicon_state_data,ball,1,0,1.166562683,0.355488819,1.231042891,0.000000000,0.000000000,0.000000000,1.000000000,1,-0.822132814,-0.459839269,0.820492429,0.000000000,0.000000000,-0.038572819,0.999255792
1782474747.855675220,36.760922432,528,vicon_state_data,ball,1,0,1.156814796,0.357958820,1.224083399,0.000000000,0.000000000,0.000000000,1.000000000,1,-0.822125473,-0.459813063,0.820492525,0.000000000,0.000000000,-0.038582729,0.999255409
1782474747.858473063,36.763720274,529,vicon_state_data,ball,1,0,1.147020906,0.360568718,1.217216902,0.000000000,0.000000000,0.000000000,1.000000000,1,-0.822134944,-0.459831363,0.820494849,0.000000000,0.000000000,-0.038613994,0.999254202
1782474747.861325026,36.766572237,530,vicon_state_data,ball,1,0,1.137178736,0.363047272,1.209948000,0.000000000,0.000000000,0.000000000,1.000000000,1,-0.822121215,-0.459812538,0.820487055,0.000000000,0.000000000,-0.038645019,0.999253002
1782474747.864096880,36.769344091,531,vicon_state_data,ball,1,0,1.127511888,0.365473782,1.202670961,0.000000000,0.000000000,0.000000000,1.000000000,1,-0.822123785,-0.459795689,0.820485585,0.000000000,0.000000000,-0.038642683,0.999253093
1782474747.866797209,36.772044420,532,vicon_state_data,ball,1,0,1.117774065,0.368133403,1.195056678,0.000000000,0.000000000,0.000000000,1.000000000,1,-0.822107827,-0.459726942,0.820550541,0.000000000,0.000000000,-0.038301893,0.999266213
1782474747.869457245,36.774704456,533,vicon_state_data,ball,1,0,1.107988566,0.370649430,1.187917759,0.000000000,0.000000000,0.000000000,1.000000000,1,-0.822112180,-0.459731997,0.820555620,0.000000000,0.000000000,-0.038276374,0.999267191
1782474747.872085094,36.777332306,534,vicon_state_data,ball,1,0,1.098215610,0.373390547,1.180291370,0.000000000,0.000000000,0.000000000,1.000000000,1,-0.822116587,-0.459773054,0.820502792,0.000000000,0.000000000,-0.038638740,0.999253245
1782474747.874639988,36.779887199,535,vicon_state_data,ball,1,0,1.088605796,0.375887860,1.172739727,0.000000000,0.000000000,0.000000000,1.000000000,1,-0.822120920,-0.459739716,0.820567500,0.000000000,0.000000000,-0.038299400,0.999266309
1782474747.877138615,36.782385826,536,vicon_state_data,ball,1,0,1.079113875,0.378407293,1.164825103,0.000000000,0.000000000,0.000000000,1.000000000,1,-0.822101116,-0.459700631,0.820548549,0.000000000,0.000000000,-0.038268393,0.999267497
1782474747.879667521,36.784914732,537,vicon_state_data,ball,1,0,1.069794450,0.380812953,1.156575248,0.000000000,0.000000000,0.000000000,1.000000000,1,-0.822115145,-0.459768178,0.820478751,0.000000000,0.000000000,-0.038674520,0.999251861
1782474747.882168293,36.787415504,538,vicon_state_data,ball,1,0,1.060450975,0.383280105,1.148377148,0.000000000,0.000000000,0.000000000,1.000000000,1,-0.822113846,-0.459754914,0.820475210,0.000000000,0.000000000,-0.038659718,0.999252434
1782474747.884724140,36.789971352,539,vicon_state_data,ball,1,0,1.050689758,0.385901890,1.140443775,0.000000000,0.000000000,0.000000000,1.000000000,1,-0.822110186,-0.459722700,0.820481626,0.000000000,0.000000000,-0.038603020,0.999254626
1782474747.887277842,36.792525053,540,vicon_state_data,ball,1,0,1.041062643,0.388460327,1.132302143,0.000000000,0.000000000,0.000000000,1.000000000,1,-0.822110659,-0.459755556,0.820477666,0.000000000,0.000000000,-0.038690021,0.999251261
1782474747.956391096,36.861638308,541,vicon_state_data,ball,1,0,1.031415795,0.391119401,1.124165041,0.000000000,0.000000000,0.000000000,1.000000000,1,-0.822112932,-0.459726389,0.820452817,0.000000000,0.000000000,-0.038706812,0.999250611
1782474747.959587574,36.864834785,542,vicon_state_data,ball,1,0,1.021828708,0.393698149,1.115670958,0.000000000,0.000000000,0.000000000,1.000000000,1,-0.822104582,-0.459648456,0.820509057,0.000000000,0.000000000,-0.038300924,0.999266250
1782474747.962195873,36.867443085,543,vicon_state_data,ball,1,0,1.012240004,0.396243604,1.106954094,0.000000000,0.000000000,0.000000000,1.000000000,1,-0.822112691,-0.459693766,0.820472192,0.000000000,0.000000000,-0.038594155,0.999254968
1782474747.964535475,36.869782686,544,vicon_state_data,ball,1,0,1.002849753,0.398718329,1.098294486,0.000000000,0.000000000,0.000000000,1.000000000,1,-0.822114648,-0.459677242,0.820471993,0.000000000,0.000000000,-0.038535075,0.999257248
1782474747.966123581,36.871370792,545,vicon_state_data,ball,1,0,0.993571624,0.401170576,1.089514689,0.000000000,0.000000000,0.000000000,1.000000000,1,-0.822108015,-0.459656197,0.820465320,0.000000000,0.000000000,-0.038631457,0.999253527
1782474747.967737675,36.872984886,546,vicon_state_data,ball,1,0,0.984268588,0.403538739,1.080842935,0.000000000,0.000000000,0.000000000,1.000000000,1,-0.822107177,-0.459673377,0.820459234,0.000000000,0.000000000,-0.038590799,0.999255098
1782474747.969314814,36.874562025,547,vicon_state_data,ball,1,0,0.974865005,0.405738473,1.072100253,0.000000000,0.000000000,0.000000000,1.000000000,1,-0.822109606,-0.459678054,0.820447717,0.000000000,0.000000000,-0.038694753,0.999251078
1782474747.970641851,36.875889063,548,vicon_state_data,ball,1,0,0.965534437,0.408221633,1.062859712,0.000000000,0.000000000,0.000000000,1.000000000,1,-0.822113867,-0.459695505,0.820465156,0.000000000,0.000000000,-0.038688904,0.999251304
1782474747.971971750,36.877218962,549,vicon_state_data,ball,1,0,0.956406754,0.410464897,1.053239362,0.000000000,0.000000000,0.000000000,1.000000000,1,-0.822119040,-0.459691870,0.820459366,0.000000000,0.000000000,-0.038779193,0.999247804
1782474747.973344088,36.878591299,550,vicon_state_data,ball,1,0,0.947162595,0.412767306,1.043989079,0.000000000,0.000000000,0.000000000,1.000000000,1,-0.822103290,-0.459665478,0.820441227,0.000000000,0.000000000,-0.038784660,0.999247592
1782474747.974733829,36.879981041,551,vicon_state_data,ball,1,0,0.844833864,0.438666543,0.935536372,0.000000000,0.000000000,0.000000000,1.000000000,1,-0.822085230,-0.459557368,0.820533371,0.000000000,0.000000000,-0.038275364,0.999267230
1782474747.975952148,36.881199360,552,vicon_state_data,ball,1,0,0.836090263,0.440907670,0.924400321,0.000000000,0.000000000,0.000000000,1.000000000,1,-0.822091477,-0.459576244,0.820477092,0.000000000,0.000000000,-0.038685057,0.999251453
1782474747.977184534,36.882431746,553,vicon_state_data,ball,1,0,0.826822377,0.443316702,0.914073786,0.000000000,0.000000000,0.000000000,1.000000000,1,-0.822094090,-0.459555989,0.820464415,0.000000000,0.000000000,-0.038729524,0.999249731
1782474747.979494810,36.884742022,554,vicon_state_data,ball,1,0,0.817541212,0.445656849,0.903545654,0.000000000,0.000000000,0.000000000,1.000000000,1,-0.822085506,-0.459512806,0.820535310,0.000000000,0.000000000,-0.038326887,0.999265255
1782474747.981973648,36.887220860,555,vicon_state_data,ball,1,0,0.808309510,0.448070392,0.892923089,0.000000000,0.000000000,0.000000000,1.000000000,1,-0.822091928,-0.459597344,0.820520037,0.000000000,0.000000000,-0.038712599,0.999250386
1782474747.984821081,36.890068293,556,vicon_state_data,ball,1,0,0.799197440,0.450443586,0.882125544,0.000000000,0.000000000,0.000000000,1.000000000,1,-0.822084466,-0.459566757,0.820496325,0.000000000,0.000000000,-0.038758598,0.999248603
1782474747.987546921,36.892794132,557,vicon_state_data,ball,1,0,0.789997413,0.452852647,0.870998167,0.000000000,0.000000000,0.000000000,1.000000000,1,-0.822092258,-0.459585868,0.820503007,0.000000000,0.000000000,-0.038744803,0.999249138
1782474747.990084887,36.895332098,558,vicon_state_data,ball,1,0,0.780982627,0.455056625,0.859839440,0.000000000,0.000000000,0.000000000,1.000000000,1,-0.822090609,-0.459559940,0.820510274,0.000000000,0.000000000,-0.038746076,0.999249089
1782474747.992475748,36.897722960,559,vicon_state_data,ball,1,0,0.772064840,0.457492696,0.848683582,0.000000000,0.000000000,0.000000000,1.000000000,1,-0.822071714,-0.459523152,0.820569294,0.000000000,0.000000000,-0.038387221,0.999262939
1782474747.994777918,36.900025129,560,vicon_state_data,ball,1,0,0.763235366,0.459702822,0.837436576,0.000000000,0.000000000,0.000000000,1.000000000,1,-0.822077459,-0.459474392,0.820574920,0.000000000,0.000000000,-0.038271422,0.999267381
1782474747.997056723,36.902303934,561,vicon_state_data,ball,1,0,0.754451393,0.461691453,0.826078369,0.000000000,0.000000000,0.000000000,1.000000000,1,-0.822062701,-0.459393760,0.820496095,0.000000000,0.000000000,-0.038625639,0.999253752
1782474747.999347448,36.904594660,562,vicon_state_data,ball,1,0,0.745498565,0.463860553,0.814833138,0.000000000,0.000000000,0.000000000,1.000000000,1,-0.822056726,-0.459407099,0.820453607,0.000000000,0.000000000,-0.038979506,0.999240010
1782474748.001659870,36.906907082,563,vicon_state_data,ball,1,0,0.736769690,0.466134300,0.802751151,0.000000000,0.000000000,0.000000000,1.000000000,1,-0.822080874,-0.459471344,0.820510083,0.000000000,0.000000000,-0.038750415,0.999248921
1782474748.001796246,36.907043457,564,vicon_state_data,ball,1,0,0.727980061,0.468280512,0.790912193,0.000000000,0.000000000,0.000000000,1.000000000,1,-0.822073816,-0.459467214,0.820505514,0.000000000,0.000000000,-0.038798040,0.999247073
1782474748.064985514,36.970232725,565,vicon_state_data,ball,1,0,0.719152916,0.470312128,0.779175111,0.000000000,0.000000000,0.000000000,1.000000000,1,-0.822072853,-0.459475649,0.820507398,0.000000000,0.000000000,-0.038920569,0.999242308
1782474748.065310717,36.970557928,566,vicon_state_data,ball,1,0,0.710331388,0.472292109,0.767507570,0.000000000,0.000000000,0.000000000,1.000000000,1,-0.822084703,-0.459476412,0.820513949,0.000000000,0.000000000,-0.038926249,0.999242086
1782474748.065485001,36.970732212,567,vicon_state_data,ball,1,0,0.702645566,0.474713672,0.769032023,0.000000000,0.000000000,0.000000000,1.000000000,1,-0.822077980,-0.459401657,0.820573627,0.000000000,0.000000000,-0.038441857,0.999260839
1782474748.065643311,36.970890522,568,vicon_state_data,ball,1,0,0.695769996,0.477360231,0.779756989,0.000000000,0.000000000,0.000000000,1.000000000,1,-0.822087089,-0.459488007,0.820502582,0.000000000,0.000000000,-0.038908569,0.999242775
1782474748.065796614,36.971043825,569,vicon_state_data,ball,1,0,0.689000252,0.479822468,0.790272174,0.000000000,0.000000000,0.000000000,1.000000000,1,-0.822085209,-0.459463749,0.820536219,0.000000000,0.000000000,-0.038147889,0.999272104
1782474748.065950155,36.971197367,570,vicon_state_data,ball,1,0,0.682220981,0.482455680,0.801013719,0.000000000,0.000000000,0.000000000,1.000000000,1,-0.822091194,-0.459468078,0.820486303,0.000000000,0.000000000,-0.038929477,0.999241961
1782474748.066100121,36.971347332,571,vicon_state_data,ball,1,0,0.675477506,0.485214623,0.811520630,0.000000000,0.000000000,0.000000000,1.000000000,1,-0.822102596,-0.459515763,0.820470336,0.000000000,0.000000000,-0.038578180,0.999255585
1782474748.066255093,36.971502304,572,vicon_state_data,ball,1,0,0.668890637,0.487921793,0.821822725,0.000000000,0.000000000,0.000000000,1.000000000,1,-0.822102900,-0.459474459,0.820494970,0.000000000,0.000000000,-0.038811120,0.999246565
1782474748.066434383,36.971681595,573,vicon_state_data,ball,1,0,0.662456789,0.490376348,0.831213418,0.000000000,0.000000000,0.000000000,1.000000000,1,-0.822112900,-0.459464067,0.820479051,0.000000000,0.000000000,-0.038900269,0.999243098
1782474748.066594839,36.971842051,574,vicon_state_data,ball,1,0,0.655877754,0.492952754,0.841293712,0.000000000,0.000000000,0.000000000,1.000000000,1,-0.822120767,-0.459467140,0.820458188,0.000000000,0.000000000,-0.038955132,0.999240961
1782474748.130417109,37.035664320,575,vicon_state_data,ball,1,0,0.590714994,0.518528122,0.935138659,0.000000000,0.000000000,0.000000000,1.000000000,1,-0.822092088,-0.459279035,0.820486725,0.000000000,0.000000000,-0.038575529,0.999255687
1782474748.130840302,37.036087513,576,vicon_state_data,ball,1,0,0.584118397,0.521063230,0.943628369,0.000000000,0.000000000,0.000000000,1.000000000,1,-0.822117398,-0.459334772,0.820531137,0.000000000,0.000000000,-0.038457224,0.999260247
1782474748.131030083,37.036277294,577,vicon_state_data,ball,1,0,0.577498118,0.523456237,0.952414181,0.000000000,0.000000000,0.000000000,1.000000000,1,-0.822123672,-0.459380738,0.820491113,0.000000000,0.000000000,-0.038861136,0.999244621
1782474748.131199121,37.036446333,578,vicon_state_data,ball,1,0,0.570747514,0.526417323,0.960999764,0.000000000,0.000000000,0.000000000,1.000000000,1,-0.822106735,-0.459304606,0.820531650,0.000000000,0.000000000,-0.038500625,0.999258576
1782474748.131356001,37.036603212,579,vicon_state_data,ball,1,0,0.564086796,0.529384732,0.969230830,0.000000000,0.000000000,0.000000000,1.000000000,1,-0.822112404,-0.459304991,0.820542443,0.000000000,0.000000000,-0.038468385,0.999259818
1782474748.131510258,37.036757469,580,vicon_state_data,ball,1,0,0.557779723,0.531550088,0.976975797,0.000000000,0.000000000,0.000000000,1.000000000,1,-0.822123708,-0.459367469,0.820489418,0.000000000,0.000000000,-0.038936427,0.999241690
1782474748.131662846,37.036910057,581,vicon_state_data,ball,1,0,0.551324162,0.534335143,0.984683331,0.000000000,0.000000000,0.000000000,1.000000000,1,-0.822099641,-0.459284178,0.820532753,0.000000000,0.000000000,-0.038489381,0.999259009
1782474748.131814241,37.037061453,582,vicon_state_data,ball,1,0,0.544913591,0.537062831,0.992457537,0.000000000,0.000000000,0.000000000,1.000000000,1,-0.822108445,-0.459301447,0.820542078,0.000000000,0.000000000,-0.038436951,0.999261027
1782474748.131967306,37.037214518,583,vicon_state_data,ball,1,0,0.538335045,0.539890638,1.000423779,0.000000000,0.000000000,0.000000000,1.000000000,1,-0.822113283,-0.459331824,0.820484161,0.000000000,0.000000000,-0.038943589,0.999241411
1782474748.132124424,37.037371635,584,vicon_state_data,ball,1,0,0.531571842,0.542635387,1.008006961,0.000000000,0.000000000,0.000000000,1.000000000,1,-0.822100856,-0.459255954,0.820435872,0.000000000,0.000000000,-0.039250837,0.999229389
1782474748.212386370,37.117633581,585,vicon_state_data,ball,1,0,0.461231985,0.570627901,1.084646621,0.000000000,0.000000000,0.000000000,1.000000000,1,-0.822114826,-0.459211088,0.820439419,0.000000000,0.000000000,-0.038984375,0.999239820
1782474748.212822199,37.118069410,586,vicon_state_data,ball,1,0,0.454719822,0.572870440,1.090951947,0.000000000,0.000000000,0.000000000,1.000000000,1,-0.822117525,-0.459219925,0.820415945,0.000000000,0.000000000,-0.039029796,0.999238047
1782474748.213014364,37.118261576,587,vicon_state_data,ball,1,0,0.448377123,0.575464598,1.096719273,0.000000000,0.000000000,0.000000000,1.000000000,1,-0.822101915,-0.459134291,0.820482875,0.000000000,0.000000000,-0.038627935,0.999253663
1782474748.213202000,37.118449211,588,vicon_state_data,ball,1,0,0.442072741,0.578228905,1.102523064,0.000000000,0.000000000,0.000000000,1.000000000,1,-0.822124059,-0.459196037,0.820427726,0.000000000,0.000000000,-0.038946820,0.999241285
1782474748.213371754,37.118618965,589,vicon_state_data,ball,1,0,0.435614082,0.580839071,1.108771639,0.000000000,0.000000000,0.000000000,1.000000000,1,-0.822104405,-0.459134511,0.820499899,0.000000000,0.000000000,-0.038539281,0.999257086
1782474748.213539600,37.118786812,590,vicon_state_data,ball,1,0,0.429152500,0.583483345,1.114592815,0.000000000,0.000000000,0.000000000,1.000000000,1,-0.822125944,-0.459219415,0.820458728,0.000000000,0.000000000,-0.038911405,0.999242664
1782474748.213734150,37.118981361,591,vicon_state_data,ball,1,0,0.422717648,0.586084761,1.120034707,0.000000000,0.000000000,0.000000000,1.000000000,1,-0.822107194,-0.459136696,0.820510371,0.000000000,0.000000000,-0.038517326,0.999257932
1782474748.213896990,37.119144201,592,vicon_state_data,ball,1,0,0.416397298,0.588822777,1.125477675,0.000000000,0.000000000,0.000000000,1.000000000,1,-0.822098061,-0.459123703,0.820517047,0.000000000,0.000000000,-0.038565584,0.999256071
1782474748.214051485,37.119298697,593,vicon_state_data,ball,1,0,0.410224594,0.591280156,1.131047642,0.000000000,0.000000000,0.000000000,1.000000000,1,-0.822114656,-0.459163212,0.820458167,0.000000000,0.000000000,-0.038982808,0.999239881
1782474748.217210531,37.122457743,594,vicon_state_data,ball,1,0,0.404000945,0.593669934,1.136490491,0.000000000,0.000000000,0.000000000,1.000000000,1,-0.822106505,-0.459163412,0.820433924,0.000000000,0.000000000,-0.039093371,0.999235562
1782474748.220440149,37.125687361,595,vicon_state_data,ball,1,0,0.308433042,0.631222363,1.200837338,0.000000000,0.000000000,0.000000000,1.000000000,1,-0.822076360,-0.459003250,0.820471645,0.000000000,0.000000000,-0.039017401,0.999238531
1782474748.223804235,37.129051447,596,vicon_state_data,ball,1,0,0.302366542,0.633598221,1.204622839,0.000000000,0.000000000,0.000000000,1.000000000,1,-0.822055932,-0.458930075,0.820547658,0.000000000,0.000000000,-0.038512818,0.999258106
1782474748.227179766,37.132426977,597,vicon_state_data,ball,1,0,0.296271256,0.635900458,1.207893269,0.000000000,0.000000000,0.000000000,1.000000000,1,-0.822034599,-0.458805895,0.820491921,0.000000000,0.000000000,-0.038520134,0.999257824
1782474748.230468750,37.135715961,598,vicon_state_data,ball,1,0,0.290129486,0.638099323,1.210852845,0.000000000,0.000000000,0.000000000,1.000000000,1,-0.822051053,-0.458874085,0.820512349,0.000000000,0.000000000,-0.038470539,0.999259735
1782474748.233740807,37.138988018,599,vicon_state_data,ball,1,0,0.283929949,0.640418829,1.214048911,0.000000000,0.000000000,0.000000000,1.000000000,1,-0.822057012,-0.458894704,0.820521127,0.000000000,0.000000000,-0.038468537,0.999259812
1782474748.236942768,37.142189980,600,vicon_state_data,ball,1,0,0.277630480,0.642864148,1.217238209,0.000000000,0.000000000,0.000000000,1.000000000,1,-0.822051174,-0.458846235,0.820445861,0.000000000,0.000000000,-0.038986982,0.999239719
1782474748.240150213,37.145397425,601,vicon_state_data,ball,1,0,0.271179492,0.645362806,1.220147505,0.000000000,0.000000000,0.000000000,1.000000000,1,-0.822059948,-0.458866689,0.820461118,0.000000000,0.000000000,-0.038936500,0.999241687
1782474748.243283510,37.148530722,602,vicon_state_data,ball,1,0,0.264722265,0.647894278,1.222827735,0.000000000,0.000000000,0.000000000,1.000000000,1,-0.822056965,-0.458879155,0.820511191,0.000000000,0.000000000,-0.038483250,0.999259245
1782474748.246400595,37.151647806,603,vicon_state_data,ball,1,0,0.258332264,0.650474905,1.225592350,0.000000000,0.000000000,0.000000000,1.000000000,1,-0.822077282,-0.458933586,0.820468554,0.000000000,0.000000000,-0.038955326,0.999240953
1782474748.249444962,37.154692173,604,vicon_state_data,ball,1,0,0.251851402,0.652995071,1.228005985,0.000000000,0.000000000,0.000000000,1.000000000,1,-0.822065061,-0.458864146,0.820458762,0.000000000,0.000000000,-0.038937289,0.999241656
1782474748.252511501,37.157758713,605,vicon_state_data,ball,1,0,0.245455589,0.655250625,1.230326281,0.000000000,0.000000000,0.000000000,1.000000000,1,-0.822061594,-0.458851347,0.820467773,0.000000000,0.000000000,-0.038945493,0.999241337
1782474748.255335093,37.160582304,606,vicon_state_data,ball,1,0,0.238955801,0.657885165,1.231942033,0.000000000,0.000000000,0.000000000,1.000000000,1,-0.822078652,-0.458948531,0.820471429,0.000000000,0.000000000,-0.039074970,0.999236282
1782474748.258334160,37.163581371,607,vicon_state_data,ball,1,0,0.233001644,0.660454077,1.234146549,0.000000000,0.000000000,0.000000000,1.000000000,1,-0.822080459,-0.458930517,0.820457234,0.000000000,0.000000000,-0.039053264,0.999237130
1782474748.261254549,37.166501760,608,vicon_state_data,ball,1,0,0.226844671,0.663002526,1.236362735,0.000000000,0.000000000,0.000000000,1.000000000,1,-0.822046028,-0.458756669,0.820506087,0.000000000,0.000000000,-0.038466956,0.999259873
1782474748.264259577,37.169506788,609,vicon_state_data,ball,1,0,0.220581660,0.665555920,1.238389337,0.000000000,0.000000000,0.000000000,1.000000000,1,-0.822092963,-0.458945926,0.820461447,0.000000000,0.000000000,-0.039006779,0.999238946
1782474748.267271519,37.172518730,610,vicon_state_data,ball,1,0,0.214204433,0.668063395,1.240044620,0.000000000,0.000000000,0.000000000,1.000000000,1,-0.822058412,-0.458753385,0.820520349,0.000000000,0.000000000,-0.038310396,0.999265887
1782474748.270245314,37.175492525,611,vicon_state_data,ball,1,0,0.208008711,0.670524090,1.241569583,0.000000000,0.000000000,0.000000000,1.000000000,1,-0.822090170,-0.458919746,0.820453914,0.000000000,0.000000000,-0.038934496,0.999241765
1782474748.273304462,37.178551674,612,vicon_state_data,ball,1,0,0.201710529,0.672874597,1.242972751,0.000000000,0.000000000,0.000000000,1.000000000,1,-0.822064263,-0.458818037,0.820492903,0.000000000,0.000000000,-0.038414354,0.999261896
1782474748.276307106,37.181554317,613,vicon_state_data,ball,1,0,0.195616175,0.675341304,1.244746272,0.000000000,0.000000000,0.000000000,1.000000000,1,-0.822091364,-0.458916826,0.820422256,0.000000000,0.000000000,-0.039008314,0.999238886
1782474748.279380322,37.184627533,614,vicon_state_data,ball,1,0,0.189560927,0.677587345,1.246028542,0.000000000,0.000000000,0.000000000,1.000000000,1,-0.822095027,-0.458890555,0.820434596,0.000000000,0.000000000,-0.038885569,0.999243670
1782474748.282482862,37.187730074,615,vicon_state_data,ball,1,0,0.183414792,0.679845544,1.247129979,0.000000000,0.000000000,0.000000000,1.000000000,1,-0.822098285,-0.458906956,0.820409901,0.000000000,0.000000000,-0.039057937,0.999236948
1782474748.283803463,37.189050674,616,vicon_state_data,ball,1,0,0.177547471,0.682163198,1.248696577,0.000000000,0.000000000,0.000000000,1.000000000,1,-0.822079166,-0.458815010,0.820469205,0.000000000,0.000000000,-0.038483580,0.999259233
1782474748.350676298,37.255923510,617,vicon_state_data,ball,1,0,0.171215948,0.684614888,1.249922255,0.000000000,0.000000000,0.000000000,1.000000000,1,-0.822102571,-0.458929210,0.820428422,0.000000000,0.000000000,-0.039000836,0.999239178
1782474748.352182865,37.257430077,618,vicon_state_data,ball,1,0,0.164801886,0.687154621,1.250864382,0.000000000,0.000000000,0.000000000,1.000000000,1,-0.822113170,-0.458924662,0.820418912,0.000000000,0.000000000,-0.039069459,0.999236497
1782474748.353495359,37.258742571,619,vicon_state_data,ball,1,0,0.158461434,0.689540994,1.251540042,0.000000000,0.000000000,0.000000000,1.000000000,1,-0.822103944,-0.458902903,0.820445623,0.000000000,0.000000000,-0.038973971,0.999240226
1782474748.354782820,37.260030031,620,vicon_state_data,ball,1,0,0.152096434,0.692048513,1.252242019,0.000000000,0.000000000,0.000000000,1.000000000,1,-0.822118505,-0.458898256,0.820418971,0.000000000,0.000000000,-0.039022379,0.999238337
1782474748.356044054,37.261291265,621,vicon_state_data,ball,1,0,0.145795220,0.694425416,1.252771491,0.000000000,0.000000000,0.000000000,1.000000000,1,-0.822089878,-0.458799224,0.820475334,0.000000000,0.000000000,-0.038389338,0.999262858
1782474748.357336760,37.262583971,622,vicon_state_data,ball,1,0,0.139484263,0.696751671,1.253110104,0.000000000,0.000000000,0.000000000,1.000000000,1,-0.822111426,-0.458919919,0.820419916,0.000000000,0.000000000,-0.038986310,0.999239745
1782474748.358661652,37.263908863,623,vicon_state_data,ball,1,0,0.133430330,0.699374587,1.253090554,0.000000000,0.000000000,0.000000000,1.000000000,1,-0.822084776,-0.458800555,0.820467649,0.000000000,0.000000000,-0.038405981,0.999262218
1782474748.359936237,37.265183449,624,vicon_state_data,ball,1,0,0.127112554,0.702046321,1.253159720,0.000000000,0.000000000,0.000000000,1.000000000,1,-0.822090532,-0.458785847,0.820459917,0.000000000,0.000000000,-0.038421779,0.999261611
1782474748.361216307,37.266463518,625,vicon_state_data,ball,1,0,0.121077428,0.704519729,1.253540809,0.000000000,0.000000000,0.000000000,1.000000000,1,-0.822090558,-0.458794894,0.820459925,0.000000000,0.000000000,-0.038453614,0.999260386
1782474748.362462759,37.267709970,626,vicon_state_data,ball,1,0,0.114793547,0.707041830,1.253557198,0.000000000,0.000000000,0.000000000,1.000000000,1,-0.822089645,-0.458791856,0.820454781,0.000000000,0.000000000,-0.038446252,0.999260670
1782474748.363775969,37.269023180,627,vicon_state_data,ball,1,0,0.047495280,0.732970473,1.246968919,0.000000000,0.000000000,0.000000000,1.000000000,1,-0.822125531,-0.458861477,0.820420885,0.000000000,0.000000000,-0.038990723,0.999239573
1782474748.366138935,37.271386147,628,vicon_state_data,ball,1,0,0.041334339,0.735196797,1.245716092,0.000000000,0.000000000,0.000000000,1.000000000,1,-0.822101998,-0.458768503,0.820481133,0.000000000,0.000000000,-0.038430603,0.999261272
1782474748.369551897,37.274799109,629,vicon_state_data,ball,1,0,0.035229002,0.737605784,1.244151753,0.000000000,0.000000000,0.000000000,1.000000000,1,-0.822131099,-0.458851101,0.820396542,0.000000000,0.000000000,-0.039007976,0.999238899
1782474748.372952938,37.278200150,630,vicon_state_data,ball,1,0,0.029154762,0.740185817,1.242271509,0.000000000,0.000000000,0.000000000,1.000000000,1,-0.822121012,-0.458791581,0.820352599,0.000000000,0.000000000,-0.039255379,0.999229211
1782474748.376355410,37.281602621,631,vicon_state_data,ball,1,0,0.023006569,0.742768565,1.240659875,0.000000000,0.000000000,0.000000000,1.000000000,1,-0.822117691,-0.458768594,0.820347823,0.000000000,0.000000000,-0.039191390,0.999231722
1782474748.379769087,37.285016298,632,vicon_state_data,ball,1,0,0.016834349,0.745296580,1.239085911,0.000000000,0.000000000,0.000000000,1.000000000,1,-0.822138086,-0.458833231,0.820381770,0.000000000,0.000000000,-0.039061080,0.999236825
1782474748.383147478,37.288394690,633,vicon_state_data,ball,1,0,0.010731166,0.747637773,1.237114117,0.000000000,0.000000000,0.000000000,1.000000000,1,-0.822130537,-0.458791332,0.820373735,0.000000000,0.000000000,-0.039004536,0.999239034
1782474748.386608601,37.291855812,634,vicon_state_data,ball,1,0,0.004736423,0.749972998,1.235175947,0.000000000,0.000000000,0.000000000,1.000000000,1,-0.822143199,-0.458829890,0.820351946,0.000000000,0.000000000,-0.039164224,0.999232787
1782474748.390013218,37.295260429,635,vicon_state_data,ball,1,0,-0.001252764,0.752190854,1.233092987,0.000000000,0.000000000,0.000000000,1.000000000,1,-0.822143886,-0.458836089,0.820353385,0.000000000,0.000000000,-0.039183388,0.999232036
1782474748.392839670,37.298086882,636,vicon_state_data,ball,1,0,-0.007199957,0.754534599,1.231140554,0.000000000,0.000000000,0.000000000,1.000000000,1,-0.822148135,-0.458843783,0.820355778,0.000000000,0.000000000,-0.039198816,0.999231431
1782474748.394834280,37.300081491,637,vicon_state_data,ball,1,0,-0.013149846,0.756918082,1.228902867,0.000000000,0.000000000,0.000000000,1.000000000,1,-0.822112044,-0.458702389,0.820456693,0.000000000,0.000000000,-0.038399757,0.999262457
1782474748.396748543,37.301995754,638,vicon_state_data,ball,1,0,-0.019212387,0.759186788,1.226295043,0.000000000,0.000000000,0.000000000,1.000000000,1,-0.822139534,-0.458787936,0.820397312,0.000000000,0.000000000,-0.038957401,0.999240872
1782474748.398713827,37.303961039,639,vicon_state_data,ball,1,0,-0.025377784,0.761581592,1.223886148,0.000000000,0.000000000,0.000000000,1.000000000,1,-0.822106455,-0.458606160,0.820458674,0.000000000,0.000000000,-0.038314409,0.999265733
1782474748.400665760,37.305912971,640,vicon_state_data,ball,1,0,-0.031652541,0.763939025,1.221447734,0.000000000,0.000000000,0.000000000,1.000000000,1,-0.822121794,-0.458693588,0.820409336,0.000000000,0.000000000,-0.038908854,0.999242764
1782474748.402557850,37.307805061,641,vicon_state_data,ball,1,0,-0.037823967,0.766315263,1.218859889,0.000000000,0.000000000,0.000000000,1.000000000,1,-0.822142275,-0.458782807,0.820437284,0.000000000,0.000000000,-0.038910331,0.999242706
1782474748.404555321,37.309802532,642,vicon_state_data,ball,1,0,-0.043898484,0.768690902,1.216084070,0.000000000,0.000000000,0.000000000,1.000000000,1,-0.822120906,-0.458710363,0.820479349,0.000000000,0.000000000,-0.038405727,0.999262228
1782474748.478048325,37.383295536,643,vicon_state_data,ball,1,0,-0.049973906,0.771033465,1.213278071,0.000000000,0.000000000,0.000000000,1.000000000,1,-0.822118009,-0.458702564,0.820505583,0.000000000,0.000000000,-0.038379939,0.999263219
1782474748.480212450,37.385459661,644,vicon_state_data,ball,1,0,-0.055979127,0.773358808,1.210271290,0.000000000,0.000000000,0.000000000,1.000000000,1,-0.822139483,-0.458809680,0.820452197,0.000000000,0.000000000,-0.038997065,0.999239325
1782474748.482195377,37.387442589,645,vicon_state_data,ball,1,0,-0.061963258,0.775528002,1.207184611,0.000000000,0.000000000,0.000000000,1.000000000,1,-0.822104369,-0.458659320,0.820507474,0.000000000,0.000000000,-0.038281920,0.999266979
1782474748.484179258,37.389426470,646,vicon_state_data,ball,1,0,-0.067885528,0.778027642,1.203584806,0.000000000,0.000000000,0.000000000,1.000000000,1,-0.822139888,-0.458783225,0.820458482,0.000000000,0.000000000,-0.039053141,0.999237135
1782474748.486094952,37.391342163,647,vicon_state_data,ball,1,0,-0.073737657,0.780489168,1.200036729,0.000000000,0.000000000,0.000000000,1.000000000,1,-0.822114240,-0.458689864,0.820509826,0.000000000,0.000000000,-0.038534739,0.999257261
1782474748.487589359,37.392836571,648,vicon_state_data,ball,1,0,-0.079754100,0.782952936,1.196628306,0.000000000,0.000000000,0.000000000,1.000000000,1,-0.822081584,-0.458573997,0.820521622,0.000000000,0.000000000,-0.038369629,0.999263615
1782474748.488988161,37.394235373,649,vicon_state_data,ball,1,0,-0.085926722,0.785399469,1.193081272,0.000000000,0.000000000,0.000000000,1.000000000,1,-0.822120816,-0.458701339,0.820527550,0.000000000,0.000000000,-0.038435039,0.999261101
1782474748.490416050,37.395663261,650,vicon_state_data,ball,1,0,-0.091998529,0.787768364,1.189350659,0.000000000,0.000000000,0.000000000,1.000000000,1,-0.822126417,-0.458774605,0.820477410,0.000000000,0.000000000,-0.039126192,0.999234277
1782474748.491876364,37.397123575,651,vicon_state_data,ball,1,0,-0.098038631,0.790062699,1.185501679,0.000000000,0.000000000,0.000000000,1.000000000,1,-0.822125523,-0.458777834,0.820467082,0.000000000,0.000000000,-0.039055672,0.999237036
1782474748.493294239,37.398541451,652,vicon_state_data,ball,1,0,-0.103817709,0.792194574,1.181647370,0.000000000,0.000000000,0.000000000,1.000000000,1,-0.822123823,-0.458748327,0.820477506,0.000000000,0.000000000,-0.039021760,0.999238361
1782474748.494724035,37.399971247,653,vicon_state_data,ball,1,0,-0.180938779,0.822508846,1.121527459,0.000000000,0.000000000,0.000000000,1.000000000,1,-0.822132940,-0.458684772,0.820520364,0.000000000,0.000000000,-0.038471175,0.999259710
1782474748.496121407,37.401368618,654,vicon_state_data,ball,1,0,-0.187129272,0.824853802,1.116049367,0.000000000,0.000000000,0.000000000,1.000000000,1,-0.822150050,-0.458756062,0.820452121,0.000000000,0.000000000,-0.038962383,0.999240678
1782474748.497599125,37.402846336,655,vicon_state_data,ball,1,0,-0.193201611,0.827110936,1.110401754,0.000000000,0.000000000,0.000000000,1.000000000,1,-0.822133201,-0.458676950,0.820506474,0.000000000,0.000000000,-0.038560220,0.999256278
1782474748.499517679,37.404764891,656,vicon_state_data,ball,1,0,-0.199031854,0.829248853,1.104704904,0.000000000,0.000000000,0.000000000,1.000000000,1,-0.822164797,-0.458802408,0.820488073,0.000000000,0.000000000,-0.039016033,0.999238585
1782474748.501483679,37.406730890,657,vicon_state_data,ball,1,0,-0.204691553,0.831406239,1.099066397,0.000000000,0.000000000,0.000000000,1.000000000,1,-0.822153475,-0.458768722,0.820446747,0.000000000,0.000000000,-0.039029255,0.999238068
1782474748.503448009,37.408695221,658,vicon_state_data,ball,1,0,-0.210356521,0.833766959,1.093516892,0.000000000,0.000000000,0.000000000,1.000000000,1,-0.822160840,-0.458750993,0.820471982,0.000000000,0.000000000,-0.039025312,0.999238222
1782474748.505479097,37.410726309,659,vicon_state_data,ball,1,0,-0.215857124,0.835933175,1.087588660,0.000000000,0.000000000,0.000000000,1.000000000,1,-0.822145285,-0.458684671,0.820515723,0.000000000,0.000000000,-0.038566758,0.999256026
1782474748.507481098,37.412728310,660,vicon_state_data,ball,1,0,-0.221690889,0.838137176,1.081445165,0.000000000,0.000000000,0.000000000,1.000000000,1,-0.822169576,-0.458776248,0.820465295,0.000000000,0.000000000,-0.039077580,0.999236180
1782474748.509487867,37.414735079,661,vicon_state_data,ball,1,0,-0.227729709,0.840432593,1.075561107,0.000000000,0.000000000,0.000000000,1.000000000,1,-0.822141740,-0.458639411,0.820554232,0.000000000,0.000000000,-0.038423685,0.999261538
1782474748.511547804,37.416795015,662,vicon_state_data,ball,1,0,-0.233979466,0.842664763,1.069298924,0.000000000,0.000000000,0.000000000,1.000000000,1,-0.822165651,-0.458738988,0.820465633,0.000000000,0.000000000,-0.039064027,0.999236710
1782474748.579670429,37.484917641,663,vicon_state_data,ball,1,0,-0.239673250,0.844862315,1.062987774,0.000000000,0.000000000,0.000000000,1.000000000,1,-0.822143798,-0.458630342,0.820513131,0.000000000,0.000000000,-0.038517800,0.999257914
1782474748.581880331,37.487127542,664,vicon_state_data,ball,1,0,-0.245445752,0.847133523,1.056621316,0.000000000,0.000000000,0.000000000,1.000000000,1,-0.822178085,-0.458752744,0.820470815,0.000000000,0.000000000,-0.039196998,0.999231502
1782474748.583959103,37.489206314,665,vicon_state_data,ball,1,0,-0.251368161,0.849437928,1.050128055,0.000000000,0.000000000,0.000000000,1.000000000,1,-0.822183242,-0.458725197,0.820466363,0.000000000,0.000000000,-0.039024449,0.999238256
1782474748.585934401,37.491181612,666,vicon_state_data,ball,1,0,-0.257072803,0.851632547,1.043623249,0.000000000,0.000000000,0.000000000,1.000000000,1,-0.822178136,-0.458752625,0.820446127,0.000000000,0.000000000,-0.039169057,0.999232598
1782474748.587968111,37.493215322,667,vicon_state_data,ball,1,0,-0.262781310,0.853884249,1.036639576,0.000000000,0.000000000,0.000000000,1.000000000,1,-0.822152223,-0.458616162,0.820511111,0.000000000,0.000000000,-0.038458589,0.999260195
