listening lcm_url=udpm://239.255.76.67:7667?ttl=255 channel=vicon_state_data ball_name=ball
viewer_status ball missing msgs=2 total_hz=1830.4 base=1 table=1 ball=0 ball_hz=0.0 last_ball=never
viewer_status ball missing msgs=422 total_hz=414.1 base=211 table=211 ball=0 ball_hz=0.0 last_ball=never
viewer_status ball missing msgs=933 total_hz=446.8 base=467 table=466 ball=0 ball_hz=0.0 last_ball=never
viewer_status ball missing msgs=1415 total_hz=457.9 base=708 table=707 ball=0 ball_hz=0.0 last_ball=never
viewer_status ball missing msgs=1895 total_hz=459.3 base=948 table=947 ball=0 ball_hz=0.0 last_ball=never
viewer_status ball missing msgs=2409 total_hz=465.6 base=1205 table=1204 ball=0 ball_hz=0.0 last_ball=never
viewer_status ball missing msgs=2921 total_hz=471.1 base=1461 table=1460 ball=0 ball_hz=0.0 last_ball=never
viewer_status ball missing msgs=3431 total_hz=474.2 base=1716 table=1715 ball=0 ball_hz=0.0 last_ball=never
viewer_status ball missing msgs=3941 total_hz=476.1 base=1971 table=1970 ball=0 ball_hz=0.0 last_ball=never
viewer_status ball missing msgs=4423 total_hz=476.7 base=2213 table=2210 ball=0 ball_hz=0.0 last_ball=never
viewer_status ball missing msgs=4935 total_hz=477.7 base=2469 table=2466 ball=0 ball_hz=0.0 last_ball=never
viewer_status ball missing msgs=5445 total_hz=477.7 base=2724 table=2721 ball=0 ball_hz=0.0 last_ball=never
viewer_status ball missing msgs=5927 total_hz=477.4 base=2965 table=2962 ball=0 ball_hz=0.0 last_ball=never
viewer_status ball missing msgs=6407 total_hz=475.8 base=3205 table=3202 ball=0 ball_hz=0.0 last_ball=never
viewer_status ball missing msgs=6889 total_hz=474.6 base=3446 table=3443 ball=0 ball_hz=0.0 last_ball=never
viewer_status ball missing msgs=7369 total_hz=473.3 base=3686 table=3683 ball=0 ball_hz=0.0 last_ball=never
viewer_status ball missing msgs=7849 total_hz=472.4 base=3926 table=3923 ball=0 ball_hz=0.0 last_ball=never
viewer_status ball missing msgs=8329 total_hz=472.8 base=4166 table=4163 ball=0 ball_hz=0.0 last_ball=never
viewer_status ball missing msgs=8833 total_hz=473.2 base=4418 table=4415 ball=0 ball_hz=0.0 last_ball=never
viewer_status ball missing msgs=9316 total_hz=472.3 base=4660 table=4656 ball=0 ball_hz=0.0 last_ball=never
viewer_status ball missing msgs=9790 total_hz=472.3 base=4897 table=4893 ball=0 ball_hz=0.0 last_ball=never
viewer_status ball missing msgs=10272 total_hz=472.3 base=5138 table=5134 ball=0 ball_hz=0.0 last_ball=never
viewer_status ball missing msgs=10755 total_hz=472.5 base=5380 table=5375 ball=0 ball_hz=0.0 last_ball=never
viewer_status ball missing msgs=11235 total_hz=472.5 base=5620 table=5615 ball=0 ball_hz=0.0 last_ball=never
viewer_status ball missing msgs=11715 total_hz=472.6 base=5860 table=5855 ball=0 ball_hz=0.0 last_ball=never
viewer_status ball missing msgs=12196 total_hz=472.4 base=6101 table=6095 ball=0 ball_hz=0.0 last_ball=never
viewer_status ball missing msgs=12678 total_hz=472.5 base=6342 table=6336 ball=0 ball_hz=0.0 last_ball=never
viewer_status ball missing msgs=13160 total_hz=472.5 base=6583 table=6577 ball=0 ball_hz=0.0 last_ball=never
viewer_status ball missing msgs=13659 total_hz=472.6 base=6833 table=6826 ball=0 ball_hz=0.0 last_ball=never
viewer_status ball missing msgs=14139 total_hz=472.6 base=7073 table=7066 ball=0 ball_hz=0.0 last_ball=never
viewer_status ball missing msgs=14621 total_hz=472.7 base=7314 table=7307 ball=0 ball_hz=0.0 last_ball=never
viewer_status ball missing msgs=15105 total_hz=472.9 base=7556 table=7549 ball=0 ball_hz=0.0 last_ball=never
viewer_status ball missing msgs=15587 total_hz=472.9 base=7797 table=7790 ball=0 ball_hz=0.0 last_ball=never
viewer_status ball missing msgs=16067 total_hz=472.9 base=8037 table=8030 ball=0 ball_hz=0.0 last_ball=never
viewer_status ball missing msgs=16547 total_hz=473.1 base=8277 table=8270 ball=0 ball_hz=0.0 last_ball=never
viewer_status ball missing msgs=17027 total_hz=473.2 base=8517 table=8510 ball=0 ball_hz=0.0 last_ball=never
viewer_status ball missing msgs=17511 total_hz=473.3 base=8759 table=8752 ball=0 ball_hz=0.0 last_ball=never
viewer_status ball missing msgs=17993 total_hz=473.2 base=9000 table=8993 ball=0 ball_hz=0.0 last_ball=never
viewer_status ball missing msgs=18473 total_hz=473.4 base=9240 table=9233 ball=0 ball_hz=0.0 last_ball=never
viewer_status ball missing msgs=18953 total_hz=473.4 base=9480 table=9473 ball=0 ball_hz=0.0 last_ball=never
viewer_status ball missing msgs=19435 total_hz=473.6 base=9721 table=9714 ball=0 ball_hz=0.0 last_ball=never
viewer_status ball missing msgs=19917 total_hz=473.7 base=9962 table=9955 ball=0 ball_hz=0.0 last_ball=never
viewer_status ball missing msgs=20397 total_hz=473.7 base=10202 table=10195 ball=0 ball_hz=0.0 last_ball=never
viewer_status ball missing msgs=20877 total_hz=473.7 base=10442 table=10435 ball=0 ball_hz=0.0 last_ball=never
viewer_status ball missing msgs=21357 total_hz=473.8 base=10682 table=10675 ball=0 ball_hz=0.0 last_ball=never
viewer_status ball missing msgs=21838 total_hz=473.9 base=10923 table=10915 ball=0 ball_hz=0.0 last_ball=never
viewer_status ball missing msgs=22320 total_hz=474.0 base=11164 table=11156 ball=0 ball_hz=0.0 last_ball=never
viewer_status ball missing msgs=22800 total_hz=474.0 base=11404 table=11396 ball=0 ball_hz=0.0 last_ball=never
viewer_status ball missing msgs=23280 total_hz=474.0 base=11644 table=11636 ball=0 ball_hz=0.0 last_ball=never
viewer_status ball missing msgs=23760 total_hz=473.7 base=11884 table=11876 ball=0 ball_hz=0.0 last_ball=never
viewer_status ball missing msgs=24241 total_hz=473.7 base=12125 table=12116 ball=0 ball_hz=0.0 last_ball=never
viewer_status ball missing msgs=24723 total_hz=473.8 base=12366 table=12357 ball=0 ball_hz=0.0 last_ball=never
viewer_status ball missing msgs=25203 total_hz=473.7 base=12606 table=12597 ball=0 ball_hz=0.0 last_ball=never
viewer_status ball missing msgs=25685 total_hz=473.8 base=12847 table=12838 ball=0 ball_hz=0.0 last_ball=never
viewer_status ball missing msgs=26169 total_hz=473.9 base=13089 table=13080 ball=0 ball_hz=0.0 last_ball=never
viewer_status ball ok msgs=26729 total_hz=475.1 base=13329 table=13317 ball=83 ball_hz=1.5 last_ball=-0.03s
viewer_status ball ok msgs=27561 total_hz=480.2 base=13608 table=13592 ball=361 ball_hz=6.3 last_ball=-0.08s
planner_eval new=143 total=143 latest=0.04cm/0.1ms median=8.65cm/89.3ms p90=22.28cm/198.0ms
viewer_status ball ok msgs=28212 total_hz=482.9 base=13827 table=13805 ball=580 ball_hz=9.9 last_ball=-0.04s
viewer_status ball stale msgs=28650 total_hz=481.6 base=14033 table=14010 ball=607 ball_hz=10.2 last_ball=0.82s
viewer_status ball stale msgs=29072 total_hz=480.2 base=14244 table=14221 ball=607 ball_hz=10.0 last_ball=1.87s
viewer_status ball stale msgs=29492 total_hz=478.9 base=14454 table=14431 ball=607 ball_hz=9.9 last_ball=2.91s
viewer_status ball stale msgs=29913 total_hz=477.7 base=14665 table=14641 ball=607 ball_hz=9.7 last_ball=3.95s
viewer_status ball stale msgs=30333 total_hz=476.5 base=14875 table=14851 ball=607 ball_hz=9.5 last_ball=4.99s
viewer_status ball stale msgs=30754 total_hz=475.3 base=15086 table=15061 ball=607 ball_hz=9.4 last_ball=6.03s
viewer_status ball stale msgs=31174 total_hz=474.1 base=15296 table=15271 ball=607 ball_hz=9.2 last_ball=7.08s
viewer_status ball stale msgs=31596 total_hz=472.9 base=15507 table=15482 ball=607 ball_hz=9.1 last_ball=8.15s
viewer_status ball stale msgs=32019 total_hz=471.8 base=15719 table=15693 ball=607 ball_hz=8.9 last_ball=9.19s
viewer_status ball stale msgs=32441 total_hz=470.8 base=15930 table=15904 ball=607 ball_hz=8.8 last_ball=10.24s
viewer_status ball stale msgs=32861 total_hz=469.7 base=16140 table=16114 ball=607 ball_hz=8.7 last_ball=11.29s
viewer_status ball stale msgs=33281 total_hz=468.7 base=16350 table=16324 ball=607 ball_hz=8.5 last_ball=12.33s
viewer_status ball ok msgs=33708 total_hz=467.8 base=16557 table=16529 ball=622 ball_hz=8.6 last_ball=-0.00s
viewer_status ball ok msgs=34510 total_hz=471.7 base=16829 table=16795 ball=886 ball_hz=12.1 last_ball=-0.14s
planner_eval new=158 total=301 latest=0.08cm/0.0ms median=12.15cm/89.1ms p90=23.71cm/163.3ms
viewer_status ball ok msgs=35032 total_hz=471.9 base=17011 table=16974 ball=1047 ball_hz=14.1 last_ball=0.08s
viewer_status ball stale msgs=35455 total_hz=470.9 base=17222 table=17186 ball=1047 ball_hz=13.9 last_ball=1.13s
viewer_status ball stale msgs=35875 total_hz=469.9 base=17432 table=17396 ball=1047 ball_hz=13.7 last_ball=2.19s
viewer_status ball stale msgs=36295 total_hz=468.9 base=17642 table=17606 ball=1047 ball_hz=13.5 last_ball=3.25s
viewer_status ball stale msgs=36720 total_hz=468.0 base=17854 table=17819 ball=1047 ball_hz=13.3 last_ball=4.31s
viewer_status ball stale msgs=37141 total_hz=467.1 base=18065 table=18029 ball=1047 ball_hz=13.2 last_ball=5.36s
viewer_status ball stale msgs=37561 total_hz=466.1 base=18275 table=18239 ball=1047 ball_hz=13.0 last_ball=6.42s
viewer_status ball stale msgs=37981 total_hz=465.2 base=18485 table=18449 ball=1047 ball_hz=12.8 last_ball=7.48s
viewer_status ball stale msgs=38406 total_hz=464.5 base=18698 table=18661 ball=1047 ball_hz=12.7 last_ball=8.53s
viewer_status ball stale msgs=38828 total_hz=463.7 base=18909 table=18872 ball=1047 ball_hz=12.5 last_ball=9.58s
viewer_status ball stale msgs=39248 total_hz=462.9 base=19119 table=19082 ball=1047 ball_hz=12.3 last_ball=10.63s
viewer_status ball stale msgs=39668 total_hz=462.1 base=19329 table=19292 ball=1047 ball_hz=12.2 last_ball=11.68s
viewer_status ball stale msgs=40088 total_hz=461.4 base=19539 table=19502 ball=1047 ball_hz=12.0 last_ball=12.73s
viewer_status ball stale msgs=40510 total_hz=460.6 base=19750 table=19713 ball=1047 ball_hz=11.9 last_ball=13.79s
viewer_status ball stale msgs=40930 total_hz=459.8 base=19960 table=19923 ball=1047 ball_hz=11.8 last_ball=14.85s
viewer_status ball stale msgs=41352 total_hz=459.1 base=20171 table=20134 ball=1047 ball_hz=11.6 last_ball=15.91s
viewer_status ball stale msgs=41772 total_hz=458.4 base=20381 table=20344 ball=1047 ball_hz=11.5 last_ball=16.97s
viewer_status ball stale msgs=42192 total_hz=457.7 base=20591 table=20554 ball=1047 ball_hz=11.4 last_ball=18.03s
viewer_status ball stale msgs=42612 total_hz=457.0 base=20801 table=20764 ball=1047 ball_hz=11.2 last_ball=19.09s
viewer_status ball stale msgs=43002 total_hz=456.3 base=20996 table=20959 ball=1047 ball_hz=11.1 last_ball=20.09s
viewer_status ball stale msgs=43364 total_hz=455.2 base=21177 table=21140 ball=1047 ball_hz=11.0 last_ball=21.10s
viewer_status ball stale msgs=43696 total_hz=453.9 base=21343 table=21306 ball=1047 ball_hz=10.9 last_ball=22.11s
viewer_status ball stale msgs=44116 total_hz=453.2 base=21553 table=21516 ball=1047 ball_hz=10.8 last_ball=23.18s
viewer_status ball stale msgs=44539 total_hz=452.6 base=21765 table=21727 ball=1047 ball_hz=10.6 last_ball=24.24s
viewer_status ball stale msgs=44959 total_hz=452.0 base=21975 table=21937 ball=1047 ball_hz=10.5 last_ball=25.31s
viewer_status ball stale msgs=45383 total_hz=451.4 base=22187 table=22149 ball=1047 ball_hz=10.4 last_ball=26.37s
viewer_status ball stale msgs=45805 total_hz=450.8 base=22398 table=22360 ball=1047 ball_hz=10.3 last_ball=27.45s
viewer_status ball stale msgs=46197 total_hz=450.2 base=22594 table=22556 ball=1047 ball_hz=10.2 last_ball=28.47s
viewer_status ball stale msgs=46617 total_hz=449.6 base=22804 table=22766 ball=1047 ball_hz=10.1 last_ball=29.53s
viewer_status ball stale msgs=47041 total_hz=449.1 base=23016 table=22978 ball=1047 ball_hz=10.0 last_ball=30.58s
viewer_status ball stale msgs=47462 total_hz=448.6 base=23227 table=23188 ball=1047 ball_hz=9.9 last_ball=31.64s
viewer_status ball stale msgs=47882 total_hz=448.1 base=23437 table=23398 ball=1047 ball_hz=9.8 last_ball=32.69s
viewer_status ball stale msgs=48272 total_hz=447.6 base=23632 table=23593 ball=1047 ball_hz=9.7 last_ball=33.69s
viewer_status ball stale msgs=48694 total_hz=447.1 base=23843 table=23804 ball=1047 ball_hz=9.6 last_ball=34.75s
viewer_status ball stale msgs=49084 total_hz=446.6 base=24038 table=23999 ball=1047 ball_hz=9.5 last_ball=35.76s
viewer_status ball stale msgs=49474 total_hz=446.0 base=24233 table=24194 ball=1047 ball_hz=9.4 last_ball=36.76s
viewer_status ball stale msgs=49864 total_hz=445.5 base=24428 table=24389 ball=1047 ball_hz=9.4 last_ball=37.77s
viewer_status ball stale msgs=50284 total_hz=445.0 base=24638 table=24599 ball=1047 ball_hz=9.3 last_ball=38.84s
viewer_status ball stale msgs=50674 total_hz=444.5 base=24833 table=24794 ball=1047 ball_hz=9.2 last_ball=39.84s
viewer_status ball stale msgs=51094 total_hz=444.0 base=25043 table=25004 ball=1047 ball_hz=9.1 last_ball=40.91s
viewer_status ball stale msgs=51485 total_hz=443.5 base=25239 table=25199 ball=1047 ball_hz=9.0 last_ball=41.94s
viewer_status ball stale msgs=51877 total_hz=443.0 base=25435 table=25395 ball=1047 ball_hz=8.9 last_ball=42.96s
viewer_status ball stale msgs=52267 total_hz=442.5 base=25630 table=25590 ball=1047 ball_hz=8.9 last_ball=43.97s
viewer_status ball stale msgs=52657 total_hz=442.0 base=25825 table=25785 ball=1047 ball_hz=8.8 last_ball=44.98s
viewer_status ball stale msgs=53077 total_hz=441.5 base=26035 table=25995 ball=1047 ball_hz=8.7 last_ball=46.05s
viewer_status ball stale msgs=53467 total_hz=441.1 base=26230 table=26190 ball=1047 ball_hz=8.6 last_ball=47.07s
viewer_status ball stale msgs=53859 total_hz=440.5 base=26426 table=26386 ball=1047 ball_hz=8.6 last_ball=48.10s
viewer_status ball stale msgs=54281 total_hz=440.2 base=26637 table=26597 ball=1047 ball_hz=8.5 last_ball=49.14s
viewer_status ball stale msgs=54707 total_hz=439.9 base=26850 table=26810 ball=1047 ball_hz=8.4 last_ball=50.21s
viewer_status ball stale msgs=55127 total_hz=439.5 base=27060 table=27020 ball=1047 ball_hz=8.3 last_ball=51.29s
viewer_status ball stale msgs=55517 total_hz=439.0 base=27255 table=27215 ball=1047 ball_hz=8.3 last_ball=52.31s
viewer_status ball stale msgs=55937 total_hz=438.6 base=27465 table=27425 ball=1047 ball_hz=8.2 last_ball=53.37s
viewer_status ball stale msgs=56327 total_hz=438.2 base=27660 table=27620 ball=1047 ball_hz=8.1 last_ball=54.38s
viewer_status ball stale msgs=56719 total_hz=437.8 base=27856 table=27816 ball=1047 ball_hz=8.1 last_ball=55.39s
viewer_status ball stale msgs=57143 total_hz=437.5 base=28068 table=28028 ball=1047 ball_hz=8.0 last_ball=56.46s
viewer_status ball stale msgs=57535 total_hz=437.1 base=28264 table=28224 ball=1047 ball_hz=8.0 last_ball=57.46s
viewer_status ball stale msgs=57929 total_hz=436.8 base=28461 table=28421 ball=1047 ball_hz=7.9 last_ball=58.48s
viewer_status ball stale msgs=58349 total_hz=436.4 base=28671 table=28631 ball=1047 ball_hz=7.8 last_ball=59.54s
viewer_status ball stale msgs=58739 total_hz=435.9 base=28866 table=28826 ball=1047 ball_hz=7.8 last_ball=60.60s
viewer_status ball stale msgs=59164 total_hz=435.6 base=29079 table=29038 ball=1047 ball_hz=7.7 last_ball=61.67s
viewer_status ball stale msgs=59584 total_hz=435.3 base=29289 table=29248 ball=1047 ball_hz=7.6 last_ball=62.73s
viewer_status ball stale msgs=60004 total_hz=434.9 base=29499 table=29458 ball=1047 ball_hz=7.6 last_ball=63.81s
viewer_status ball stale msgs=60424 total_hz=434.6 base=29709 table=29668 ball=1047 ball_hz=7.5 last_ball=64.88s
viewer_status ball stale msgs=60818 total_hz=434.3 base=29906 table=29865 ball=1047 ball_hz=7.5 last_ball=65.88s
viewer_status ball stale msgs=61208 total_hz=433.9 base=30101 table=30060 ball=1047 ball_hz=7.4 last_ball=66.90s
viewer_status ball stale msgs=61598 total_hz=433.6 base=30296 table=30255 ball=1047 ball_hz=7.4 last_ball=67.90s
viewer_status ball stale msgs=62014 total_hz=433.4 base=30504 table=30463 ball=1047 ball_hz=7.3 last_ball=68.94s
viewer_status ball stale msgs=62438 total_hz=433.1 base=30716 table=30675 ball=1047 ball_hz=7.3 last_ball=70.00s
viewer_status ball stale msgs=62832 total_hz=432.8 base=30913 table=30872 ball=1047 ball_hz=7.2 last_ball=71.03s
viewer_status ball stale msgs=63252 total_hz=432.5 base=31123 table=31082 ball=1047 ball_hz=7.2 last_ball=72.10s
viewer_status ball stale msgs=63675 total_hz=432.4 base=31335 table=31293 ball=1047 ball_hz=7.1 last_ball=73.12s
viewer_status ball stale msgs=64095 total_hz=432.1 base=31545 table=31503 ball=1047 ball_hz=7.1 last_ball=74.19s
viewer_status ball stale msgs=64485 total_hz=431.8 base=31740 table=31698 ball=1047 ball_hz=7.0 last_ball=75.19s
viewer_status ball stale msgs=64905 total_hz=431.5 base=31950 table=31908 ball=1047 ball_hz=7.0 last_ball=76.27s
viewer_status ball stale msgs=65327 total_hz=431.3 base=32161 table=32119 ball=1047 ball_hz=6.9 last_ball=77.32s
viewer_status ball stale msgs=65717 total_hz=431.0 base=32356 table=32314 ball=1047 ball_hz=6.9 last_ball=78.33s
viewer_status ball stale msgs=66138 total_hz=430.7 base=32567 table=32524 ball=1047 ball_hz=6.8 last_ball=79.39s
viewer_status ball stale msgs=66562 total_hz=430.5 base=32779 table=32736 ball=1047 ball_hz=6.8 last_ball=80.45s
viewer_status ball stale msgs=66984 total_hz=430.3 base=32990 table=32947 ball=1047 ball_hz=6.7 last_ball=81.51s
viewer_status ball stale msgs=67408 total_hz=430.1 base=33202 table=33159 ball=1047 ball_hz=6.7 last_ball=82.57s
viewer_status ball stale msgs=67828 total_hz=429.9 base=33412 table=33369 ball=1047 ball_hz=6.6 last_ball=83.63s
viewer_status ball stale msgs=68248 total_hz=429.6 base=33622 table=33579 ball=1047 ball_hz=6.6 last_ball=84.70s
viewer_status ball stale msgs=68668 total_hz=429.4 base=33832 table=33789 ball=1047 ball_hz=6.5 last_ball=85.76s
viewer_status ball stale msgs=69090 total_hz=429.2 base=34043 table=34000 ball=1047 ball_hz=6.5 last_ball=86.81s
viewer_status ball stale msgs=69481 total_hz=429.0 base=34239 table=34195 ball=1047 ball_hz=6.5 last_ball=87.81s
viewer_status ball stale msgs=69901 total_hz=428.8 base=34449 table=34405 ball=1047 ball_hz=6.4 last_ball=88.87s
viewer_status ball stale msgs=70323 total_hz=428.5 base=34660 table=34616 ball=1047 ball_hz=6.4 last_ball=89.95s
viewer_status ball stale msgs=70745 total_hz=428.3 base=34871 table=34827 ball=1047 ball_hz=6.3 last_ball=91.01s
viewer_status ball stale msgs=71165 total_hz=428.1 base=35081 table=35037 ball=1047 ball_hz=6.3 last_ball=92.07s
viewer_status ball stale msgs=71587 total_hz=427.9 base=35292 table=35248 ball=1047 ball_hz=6.3 last_ball=93.13s
viewer_status ball stale msgs=72009 total_hz=427.8 base=35503 table=35459 ball=1047 ball_hz=6.2 last_ball=94.18s
viewer_status ball stale msgs=72429 total_hz=427.6 base=35713 table=35669 ball=1047 ball_hz=6.2 last_ball=95.23s
viewer_status ball stale msgs=72849 total_hz=427.4 base=35923 table=35879 ball=1047 ball_hz=6.1 last_ball=96.28s
viewer_status ball stale msgs=73273 total_hz=427.3 base=36135 table=36091 ball=1047 ball_hz=6.1 last_ball=97.34s
viewer_status ball stale msgs=73693 total_hz=427.1 base=36345 table=36301 ball=1047 ball_hz=6.1 last_ball=98.40s
viewer_status ball stale msgs=74114 total_hz=426.9 base=36556 table=36511 ball=1047 ball_hz=6.0 last_ball=99.46s
viewer_status ball stale msgs=74536 total_hz=426.7 base=36767 table=36722 ball=1047 ball_hz=6.0 last_ball=100.53s
viewer_status ball stale msgs=74956 total_hz=426.5 base=36977 table=36932 ball=1047 ball_hz=6.0 last_ball=101.59s
viewer_status ball stale msgs=75376 total_hz=426.3 base=37187 table=37142 ball=1047 ball_hz=5.9 last_ball=102.65s
viewer_status ball stale msgs=75798 total_hz=426.2 base=37398 table=37353 ball=1047 ball_hz=5.9 last_ball=103.69s
viewer_status ball stale msgs=76218 total_hz=426.0 base=37608 table=37563 ball=1047 ball_hz=5.9 last_ball=104.77s
viewer_status ball stale msgs=76638 total_hz=425.8 base=37818 table=37773 ball=1047 ball_hz=5.8 last_ball=105.83s
viewer_status ball stale msgs=77058 total_hz=425.7 base=38028 table=37983 ball=1047 ball_hz=5.8 last_ball=106.88s
viewer_status ball stale msgs=77479 total_hz=425.5 base=38239 table=38193 ball=1047 ball_hz=5.7 last_ball=107.93s
viewer_status ball stale msgs=77901 total_hz=425.3 base=38450 table=38404 ball=1047 ball_hz=5.7 last_ball=109.00s
viewer_status ball stale msgs=78315 total_hz=425.2 base=38657 table=38611 ball=1047 ball_hz=5.7 last_ball=110.02s
viewer_status ball stale msgs=78737 total_hz=425.0 base=38868 table=38822 ball=1047 ball_hz=5.7 last_ball=111.09s
viewer_status ball stale msgs=79161 total_hz=424.9 base=39080 table=39034 ball=1047 ball_hz=5.6 last_ball=112.15s
viewer_status ball stale msgs=79581 total_hz=424.7 base=39290 table=39244 ball=1047 ball_hz=5.6 last_ball=113.21s
viewer_status ball stale msgs=80002 total_hz=424.6 base=39501 table=39454 ball=1047 ball_hz=5.6 last_ball=114.28s
viewer_status ball stale msgs=80422 total_hz=424.4 base=39711 table=39664 ball=1047 ball_hz=5.5 last_ball=115.34s
viewer_status ball stale msgs=80842 total_hz=424.3 base=39921 table=39874 ball=1047 ball_hz=5.5 last_ball=116.39s
viewer_status ball stale msgs=81262 total_hz=424.1 base=40131 table=40084 ball=1047 ball_hz=5.5 last_ball=117.44s
viewer_status ball stale msgs=81684 total_hz=424.0 base=40342 table=40295 ball=1047 ball_hz=5.4 last_ball=118.50s
viewer_status ball stale msgs=82104 total_hz=423.9 base=40552 table=40505 ball=1047 ball_hz=5.4 last_ball=119.55s
viewer_status ball stale msgs=82524 total_hz=423.7 base=40762 table=40715 ball=1047 ball_hz=5.4 last_ball=120.62s
viewer_status ball stale msgs=82944 total_hz=423.5 base=40972 table=40925 ball=1047 ball_hz=5.3 last_ball=121.70s
viewer_status ball stale msgs=83364 total_hz=423.4 base=41182 table=41135 ball=1047 ball_hz=5.3 last_ball=122.75s
viewer_status ball stale msgs=83784 total_hz=423.3 base=41392 table=41345 ball=1047 ball_hz=5.3 last_ball=123.80s
viewer_status ball stale msgs=84204 total_hz=423.1 base=41602 table=41555 ball=1047 ball_hz=5.3 last_ball=124.85s
viewer_status ball stale msgs=84624 total_hz=423.0 base=41812 table=41765 ball=1047 ball_hz=5.2 last_ball=125.91s
viewer_status ball stale msgs=85044 total_hz=422.8 base=42022 table=41975 ball=1047 ball_hz=5.2 last_ball=126.98s
viewer_status ball stale msgs=85464 total_hz=422.7 base=42232 table=42185 ball=1047 ball_hz=5.2 last_ball=128.04s
viewer_status ball stale msgs=85886 total_hz=422.5 base=42443 table=42396 ball=1047 ball_hz=5.2 last_ball=129.11s
viewer_status ball stale msgs=86308 total_hz=422.4 base=42654 table=42607 ball=1047 ball_hz=5.1 last_ball=130.18s
viewer_status ball stale msgs=86730 total_hz=422.2 base=42865 table=42818 ball=1047 ball_hz=5.1 last_ball=131.24s
viewer_status ball stale msgs=87150 total_hz=422.1 base=43075 table=43028 ball=1047 ball_hz=5.1 last_ball=132.31s
viewer_status ball stale msgs=87570 total_hz=422.0 base=43285 table=43238 ball=1047 ball_hz=5.0 last_ball=133.37s
viewer_status ball stale msgs=87993 total_hz=421.8 base=43497 table=43449 ball=1047 ball_hz=5.0 last_ball=134.44s
viewer_status ball stale msgs=88419 total_hz=421.7 base=43710 table=43662 ball=1047 ball_hz=5.0 last_ball=135.50s
viewer_status ball stale msgs=88839 total_hz=421.6 base=43920 table=43872 ball=1047 ball_hz=5.0 last_ball=136.56s
viewer_status ball stale msgs=89259 total_hz=421.5 base=44130 table=44082 ball=1047 ball_hz=4.9 last_ball=137.63s
viewer_status ball stale msgs=89679 total_hz=421.3 base=44340 table=44292 ball=1047 ball_hz=4.9 last_ball=138.69s
viewer_status ball stale msgs=90099 total_hz=421.2 base=44550 table=44502 ball=1047 ball_hz=4.9 last_ball=139.74s
viewer_status ball stale msgs=90519 total_hz=421.1 base=44760 table=44712 ball=1047 ball_hz=4.9 last_ball=140.80s
viewer_status ball stale msgs=90940 total_hz=421.0 base=44971 table=44922 ball=1047 ball_hz=4.8 last_ball=141.86s
viewer_status ball stale msgs=91335 total_hz=420.9 base=45168 table=45120 ball=1047 ball_hz=4.8 last_ball=142.86s
viewer_status ball stale msgs=91757 total_hz=420.7 base=45379 table=45331 ball=1047 ball_hz=4.8 last_ball=143.93s
viewer_status ball stale msgs=92179 total_hz=420.6 base=45590 table=45542 ball=1047 ball_hz=4.8 last_ball=144.98s
viewer_status ball stale msgs=92599 total_hz=420.5 base=45800 table=45752 ball=1047 ball_hz=4.8 last_ball=146.03s
viewer_status ball stale msgs=93023 total_hz=420.5 base=46012 table=45964 ball=1047 ball_hz=4.7 last_ball=147.09s
viewer_status ball stale msgs=93445 total_hz=420.3 base=46223 table=46175 ball=1047 ball_hz=4.7 last_ball=148.15s
viewer_status ball stale msgs=93869 total_hz=420.3 base=46435 table=46387 ball=1047 ball_hz=4.7 last_ball=149.20s
viewer_status ball stale msgs=94289 total_hz=420.2 base=46645 table=46597 ball=1047 ball_hz=4.7 last_ball=150.26s
viewer_status ball stale msgs=94709 total_hz=420.1 base=46855 table=46807 ball=1047 ball_hz=4.6 last_ball=151.31s
viewer_status ball stale msgs=95129 total_hz=419.9 base=47065 table=47017 ball=1047 ball_hz=4.6 last_ball=152.37s
viewer_status ball stale msgs=95549 total_hz=419.8 base=47275 table=47227 ball=1047 ball_hz=4.6 last_ball=153.43s
viewer_status ball stale msgs=95971 total_hz=419.7 base=47486 table=47438 ball=1047 ball_hz=4.6 last_ball=154.49s
viewer_status ball stale msgs=96391 total_hz=419.6 base=47696 table=47648 ball=1047 ball_hz=4.6 last_ball=155.55s
viewer_status ball stale msgs=96781 total_hz=419.5 base=47891 table=47843 ball=1047 ball_hz=4.5 last_ball=156.55s
viewer_status ball stale msgs=97201 total_hz=419.4 base=48101 table=48053 ball=1047 ball_hz=4.5 last_ball=157.61s
viewer_status ball stale msgs=97621 total_hz=419.3 base=48311 table=48263 ball=1047 ball_hz=4.5 last_ball=158.66s
viewer_status ball stale msgs=98043 total_hz=419.2 base=48522 table=48474 ball=1047 ball_hz=4.5 last_ball=159.71s
viewer_status ball stale msgs=98463 total_hz=419.1 base=48732 table=48684 ball=1047 ball_hz=4.5 last_ball=160.77s
viewer_status ball stale msgs=98883 total_hz=419.0 base=48942 table=48894 ball=1047 ball_hz=4.4 last_ball=161.82s
viewer_status ball stale msgs=99303 total_hz=418.9 base=49152 table=49104 ball=1047 ball_hz=4.4 last_ball=162.87s
viewer_status ball stale msgs=99693 total_hz=418.8 base=49347 table=49299 ball=1047 ball_hz=4.4 last_ball=163.89s
viewer_status ball stale msgs=100113 total_hz=418.7 base=49557 table=49509 ball=1047 ball_hz=4.4 last_ball=164.94s
viewer_status ball stale msgs=100535 total_hz=418.6 base=49768 table=49720 ball=1047 ball_hz=4.4 last_ball=166.00s
viewer_status ball stale msgs=100957 total_hz=418.5 base=49979 table=49931 ball=1047 ball_hz=4.3 last_ball=167.06s
viewer_status ball stale msgs=101377 total_hz=418.4 base=50189 table=50141 ball=1047 ball_hz=4.3 last_ball=168.11s
viewer_status ball stale msgs=101803 total_hz=418.4 base=50402 table=50354 ball=1047 ball_hz=4.3 last_ball=169.16s
viewer_status ball stale msgs=102226 total_hz=418.3 base=50614 table=50565 ball=1047 ball_hz=4.3 last_ball=170.21s
viewer_status ball stale msgs=102646 total_hz=418.2 base=50824 table=50775 ball=1047 ball_hz=4.3 last_ball=171.26s
viewer_status ball stale msgs=103068 total_hz=418.2 base=51035 table=50986 ball=1047 ball_hz=4.2 last_ball=172.32s
viewer_status ball stale msgs=103488 total_hz=418.1 base=51245 table=51196 ball=1047 ball_hz=4.2 last_ball=173.37s
viewer_status ball stale msgs=103910 total_hz=418.0 base=51456 table=51407 ball=1047 ball_hz=4.2 last_ball=174.43s
viewer_status ball stale msgs=104331 total_hz=417.9 base=51667 table=51617 ball=1047 ball_hz=4.2 last_ball=175.49s
viewer_status ball stale msgs=104753 total_hz=417.8 base=51878 table=51828 ball=1047 ball_hz=4.2 last_ball=176.56s
viewer_status ball stale msgs=105173 total_hz=417.7 base=52088 table=52038 ball=1047 ball_hz=4.2 last_ball=177.62s
viewer_status ball stale msgs=105593 total_hz=417.6 base=52298 table=52248 ball=1047 ball_hz=4.1 last_ball=178.68s
viewer_status ball stale msgs=106013 total_hz=417.5 base=52508 table=52458 ball=1047 ball_hz=4.1 last_ball=179.74s
viewer_status ball stale msgs=106429 total_hz=417.5 base=52716 table=52666 ball=1047 ball_hz=4.1 last_ball=180.77s
viewer_status ball stale msgs=106849 total_hz=417.4 base=52926 table=52876 ball=1047 ball_hz=4.1 last_ball=181.83s
viewer_status ball stale msgs=107271 total_hz=417.3 base=53137 table=53087 ball=1047 ball_hz=4.1 last_ball=182.88s
viewer_status ball stale msgs=107691 total_hz=417.3 base=53347 table=53297 ball=1047 ball_hz=4.1 last_ball=183.94s
viewer_status ball stale msgs=108111 total_hz=417.2 base=53557 table=53507 ball=1047 ball_hz=4.0 last_ball=185.00s
viewer_status ball stale msgs=108531 total_hz=417.1 base=53767 table=53717 ball=1047 ball_hz=4.0 last_ball=186.07s
viewer_status ball stale msgs=108951 total_hz=417.0 base=53977 table=53927 ball=1047 ball_hz=4.0 last_ball=187.13s
viewer_status ball stale msgs=109371 total_hz=416.9 base=54187 table=54137 ball=1047 ball_hz=4.0 last_ball=188.19s
viewer_status ball stale msgs=109791 total_hz=416.8 base=54397 table=54347 ball=1047 ball_hz=4.0 last_ball=189.25s
viewer_status ball stale msgs=110211 total_hz=416.7 base=54607 table=54557 ball=1047 ball_hz=4.0 last_ball=190.32s
viewer_status ball stale msgs=110633 total_hz=416.6 base=54818 table=54768 ball=1047 ball_hz=3.9 last_ball=191.38s
viewer_status ball stale msgs=111053 total_hz=416.6 base=55028 table=54978 ball=1047 ball_hz=3.9 last_ball=192.43s
viewer_status ball stale msgs=111473 total_hz=416.5 base=55238 table=55188 ball=1047 ball_hz=3.9 last_ball=193.49s
viewer_status ball stale msgs=111895 total_hz=416.4 base=55449 table=55399 ball=1047 ball_hz=3.9 last_ball=194.55s
viewer_status ball stale msgs=112317 total_hz=416.3 base=55660 table=55610 ball=1047 ball_hz=3.9 last_ball=195.61s
viewer_status ball stale msgs=112737 total_hz=416.3 base=55870 table=55820 ball=1047 ball_hz=3.9 last_ball=196.68s
viewer_status ball stale msgs=113159 total_hz=416.2 base=56081 table=56031 ball=1047 ball_hz=3.9 last_ball=197.73s
viewer_status ball stale msgs=113579 total_hz=416.1 base=56291 table=56241 ball=1047 ball_hz=3.8 last_ball=198.80s
viewer_status ball stale msgs=114001 total_hz=416.0 base=56502 table=56452 ball=1047 ball_hz=3.8 last_ball=199.86s
viewer_status ball stale msgs=114421 total_hz=415.9 base=56712 table=56662 ball=1047 ball_hz=3.8 last_ball=200.93s
viewer_status ball stale msgs=114844 total_hz=415.9 base=56924 table=56873 ball=1047 ball_hz=3.8 last_ball=201.99s
viewer_status ball stale msgs=115265 total_hz=415.8 base=57135 table=57083 ball=1047 ball_hz=3.8 last_ball=203.05s
viewer_status ball stale msgs=115677 total_hz=415.7 base=57341 table=57289 ball=1047 ball_hz=3.8 last_ball=204.10s
viewer_status ball stale msgs=116097 total_hz=415.7 base=57551 table=57499 ball=1047 ball_hz=3.7 last_ball=205.15s
viewer_status ball stale msgs=116517 total_hz=415.6 base=57761 table=57709 ball=1047 ball_hz=3.7 last_ball=206.20s
viewer_status ball stale msgs=116939 total_hz=415.5 base=57972 table=57920 ball=1047 ball_hz=3.7 last_ball=207.26s
viewer_status ball stale msgs=117329 total_hz=415.4 base=58167 table=58115 ball=1047 ball_hz=3.7 last_ball=208.27s
viewer_status ball stale msgs=117751 total_hz=415.4 base=58378 table=58326 ball=1047 ball_hz=3.7 last_ball=209.34s
viewer_status ball stale msgs=118172 total_hz=415.3 base=58589 table=58536 ball=1047 ball_hz=3.7 last_ball=210.41s
viewer_status ball stale msgs=118594 total_hz=415.2 base=58800 table=58747 ball=1047 ball_hz=3.7 last_ball=211.46s
viewer_status ball stale msgs=119014 total_hz=415.2 base=59010 table=58957 ball=1047 ball_hz=3.7 last_ball=212.51s
viewer_status ball stale msgs=119434 total_hz=415.1 base=59220 table=59167 ball=1047 ball_hz=3.6 last_ball=213.57s
viewer_status ball stale msgs=119854 total_hz=415.0 base=59430 table=59377 ball=1047 ball_hz=3.6 last_ball=214.62s
viewer_status ball stale msgs=120274 total_hz=415.0 base=59640 table=59587 ball=1047 ball_hz=3.6 last_ball=215.67s
viewer_status ball stale msgs=120698 total_hz=414.9 base=59852 table=59799 ball=1047 ball_hz=3.6 last_ball=216.75s
viewer_status ball stale msgs=121122 total_hz=414.9 base=60064 table=60011 ball=1047 ball_hz=3.6 last_ball=217.80s
viewer_status ball stale msgs=121542 total_hz=414.8 base=60274 table=60221 ball=1047 ball_hz=3.6 last_ball=218.86s
viewer_status ball stale msgs=121962 total_hz=414.7 base=60484 table=60431 ball=1047 ball_hz=3.6 last_ball=219.91s
viewer_status ball stale msgs=122353 total_hz=414.7 base=60680 table=60626 ball=1047 ball_hz=3.5 last_ball=220.91s
viewer_status ball stale msgs=122773 total_hz=414.6 base=60890 table=60836 ball=1047 ball_hz=3.5 last_ball=221.98s
viewer_status ball stale msgs=123193 total_hz=414.5 base=61100 table=61046 ball=1047 ball_hz=3.5 last_ball=223.06s
viewer_status ball stale msgs=123585 total_hz=414.4 base=61296 table=61242 ball=1047 ball_hz=3.5 last_ball=224.07s
viewer_status ball stale msgs=124005 total_hz=414.3 base=61506 table=61452 ball=1047 ball_hz=3.5 last_ball=225.13s
viewer_status ball stale msgs=124426 total_hz=414.3 base=61717 table=61662 ball=1047 ball_hz=3.5 last_ball=226.19s
viewer_status ball stale msgs=124816 total_hz=414.2 base=61912 table=61857 ball=1047 ball_hz=3.5 last_ball=227.19s
viewer_status ball stale msgs=125236 total_hz=414.1 base=62122 table=62067 ball=1047 ball_hz=3.5 last_ball=228.25s
viewer_status ball stale msgs=125626 total_hz=414.1 base=62317 table=62262 ball=1047 ball_hz=3.5 last_ball=229.25s
viewer_status ball stale msgs=126046 total_hz=414.0 base=62527 table=62472 ball=1047 ball_hz=3.4 last_ball=230.32s
viewer_status ball stale msgs=126466 total_hz=413.9 base=62737 table=62682 ball=1047 ball_hz=3.4 last_ball=231.38s
viewer_status ball stale msgs=126886 total_hz=413.8 base=62947 table=62892 ball=1047 ball_hz=3.4 last_ball=232.44s
viewer_status ball stale msgs=127309 total_hz=413.8 base=63159 table=63103 ball=1047 ball_hz=3.4 last_ball=233.51s
viewer_status ball stale msgs=127729 total_hz=413.7 base=63369 table=63313 ball=1047 ball_hz=3.4 last_ball=234.56s
viewer_status ball stale msgs=128150 total_hz=413.7 base=63580 table=63523 ball=1047 ball_hz=3.4 last_ball=235.62s
viewer_status ball stale msgs=128570 total_hz=413.6 base=63790 table=63733 ball=1047 ball_hz=3.4 last_ball=236.68s
viewer_status ball stale msgs=128990 total_hz=413.6 base=64000 table=63943 ball=1047 ball_hz=3.4 last_ball=237.74s
viewer_status ball stale msgs=129410 total_hz=413.5 base=64210 table=64153 ball=1047 ball_hz=3.3 last_ball=238.79s
viewer_status ball stale msgs=129830 total_hz=413.5 base=64420 table=64363 ball=1047 ball_hz=3.3 last_ball=239.85s
viewer_status ball stale msgs=130253 total_hz=413.4 base=64632 table=64574 ball=1047 ball_hz=3.3 last_ball=240.92s
viewer_status ball stale msgs=130643 total_hz=413.3 base=64827 table=64769 ball=1047 ball_hz=3.3 last_ball=241.92s
viewer_status ball stale msgs=131034 total_hz=413.2 base=65023 table=64964 ball=1047 ball_hz=3.3 last_ball=242.94s
viewer_status ball stale msgs=131454 total_hz=413.2 base=65233 table=65174 ball=1047 ball_hz=3.3 last_ball=244.01s
viewer_status ball stale msgs=131877 total_hz=413.1 base=65445 table=65385 ball=1047 ball_hz=3.3 last_ball=245.08s
viewer_status ball stale msgs=132297 total_hz=413.0 base=65655 table=65595 ball=1047 ball_hz=3.3 last_ball=246.15s
viewer_status ball stale msgs=132717 total_hz=413.0 base=65865 table=65805 ball=1047 ball_hz=3.3 last_ball=247.22s
viewer_status ball stale msgs=133138 total_hz=412.9 base=66076 table=66015 ball=1047 ball_hz=3.2 last_ball=248.29s
viewer_status ball stale msgs=133528 total_hz=412.8 base=66271 table=66210 ball=1047 ball_hz=3.2 last_ball=249.30s
viewer_status ball stale msgs=133948 total_hz=412.8 base=66481 table=66420 ball=1047 ball_hz=3.2 last_ball=250.37s
viewer_status ball stale msgs=134370 total_hz=412.7 base=66692 table=66631 ball=1047 ball_hz=3.2 last_ball=251.43s
viewer_status ball stale msgs=134790 total_hz=412.7 base=66902 table=66841 ball=1047 ball_hz=3.2 last_ball=252.48s
viewer_status ball stale msgs=135210 total_hz=412.6 base=67112 table=67051 ball=1047 ball_hz=3.2 last_ball=253.54s
viewer_status ball stale msgs=135630 total_hz=412.6 base=67322 table=67261 ball=1047 ball_hz=3.2 last_ball=254.59s
viewer_status ball stale msgs=136050 total_hz=412.5 base=67532 table=67471 ball=1047 ball_hz=3.2 last_ball=255.67s
viewer_status ball stale msgs=136440 total_hz=412.4 base=67727 table=67666 ball=1047 ball_hz=3.2 last_ball=256.67s
viewer_status ball stale msgs=136864 total_hz=412.4 base=67939 table=67878 ball=1047 ball_hz=3.2 last_ball=257.73s
viewer_status ball stale msgs=137286 total_hz=412.3 base=68150 table=68089 ball=1047 ball_hz=3.1 last_ball=258.79s
viewer_status ball stale msgs=137706 total_hz=412.3 base=68360 table=68299 ball=1047 ball_hz=3.1 last_ball=259.85s
viewer_status ball stale msgs=138098 total_hz=412.2 base=68556 table=68495 ball=1047 ball_hz=3.1 last_ball=260.87s
viewer_status ball stale msgs=138520 total_hz=412.1 base=68767 table=68706 ball=1047 ball_hz=3.1 last_ball=261.94s
viewer_status ball stale msgs=138940 total_hz=412.1 base=68977 table=68916 ball=1047 ball_hz=3.1 last_ball=262.99s
viewer_status ball stale msgs=139360 total_hz=412.1 base=69187 table=69126 ball=1047 ball_hz=3.1 last_ball=264.04s
viewer_status ball stale msgs=139782 total_hz=412.0 base=69398 table=69337 ball=1047 ball_hz=3.1 last_ball=265.11s
viewer_status ball stale msgs=140202 total_hz=412.0 base=69608 table=69547 ball=1047 ball_hz=3.1 last_ball=266.18s
viewer_status ball stale msgs=140622 total_hz=411.9 base=69818 table=69757 ball=1047 ball_hz=3.1 last_ball=267.24s
viewer_status ball stale msgs=141042 total_hz=411.8 base=70028 table=69967 ball=1047 ball_hz=3.1 last_ball=268.31s
viewer_status ball stale msgs=141466 total_hz=411.8 base=70240 table=70179 ball=1047 ball_hz=3.0 last_ball=269.38s
viewer_status ball stale msgs=141888 total_hz=411.8 base=70451 table=70390 ball=1047 ball_hz=3.0 last_ball=270.44s
viewer_status ball stale msgs=142278 total_hz=411.7 base=70646 table=70585 ball=1047 ball_hz=3.0 last_ball=271.47s
viewer_status ball stale msgs=142698 total_hz=411.6 base=70856 table=70795 ball=1047 ball_hz=3.0 last_ball=272.53s
viewer_status ball stale msgs=143118 total_hz=411.5 base=71066 table=71005 ball=1047 ball_hz=3.0 last_ball=273.60s
viewer_status ball stale msgs=143538 total_hz=411.5 base=71276 table=71215 ball=1047 ball_hz=3.0 last_ball=274.67s
viewer_status ball stale msgs=143928 total_hz=411.4 base=71471 table=71410 ball=1047 ball_hz=3.0 last_ball=275.69s
viewer_status ball stale msgs=144348 total_hz=411.3 base=71681 table=71620 ball=1047 ball_hz=3.0 last_ball=276.76s
viewer_status ball stale msgs=144742 total_hz=411.3 base=71878 table=71817 ball=1047 ball_hz=3.0 last_ball=277.79s
viewer_status ball stale msgs=145138 total_hz=411.1 base=72076 table=72015 ball=1047 ball_hz=3.0 last_ball=278.86s
viewer_status ball stale msgs=145499 total_hz=411.0 base=72257 table=72195 ball=1047 ball_hz=3.0 last_ball=279.87s
viewer_status ball stale msgs=145919 total_hz=410.9 base=72467 table=72405 ball=1047 ball_hz=2.9 last_ball=280.94s
viewer_status ball stale msgs=146309 total_hz=410.8 base=72662 table=72600 ball=1047 ball_hz=2.9 last_ball=281.98s
viewer_status ball stale msgs=146699 total_hz=410.7 base=72857 table=72795 ball=1047 ball_hz=2.9 last_ball=283.05s
viewer_status ball stale msgs=147089 total_hz=410.6 base=73052 table=72990 ball=1047 ball_hz=2.9 last_ball=284.07s
viewer_status ball stale msgs=147419 total_hz=410.4 base=73217 table=73155 ball=1047 ball_hz=2.9 last_ball=285.08s
viewer_status ball stale msgs=147809 total_hz=410.3 base=73412 table=73350 ball=1047 ball_hz=2.9 last_ball=286.12s
viewer_status ball stale msgs=148231 total_hz=410.3 base=73623 table=73561 ball=1047 ball_hz=2.9 last_ball=287.15s
viewer_status ball stale msgs=148651 total_hz=410.3 base=73833 table=73771 ball=1047 ball_hz=2.9 last_ball=288.17s
viewer_status ball stale msgs=149075 total_hz=410.3 base=74045 table=73983 ball=1047 ball_hz=2.9 last_ball=289.21s
viewer_status ball stale msgs=149495 total_hz=410.3 base=74255 table=74193 ball=1047 ball_hz=2.9 last_ball=290.24s
viewer_status ball stale msgs=149915 total_hz=410.2 base=74465 table=74403 ball=1047 ball_hz=2.9 last_ball=291.28s
viewer_status ball stale msgs=150337 total_hz=410.2 base=74676 table=74614 ball=1047 ball_hz=2.9 last_ball=292.32s
viewer_status ball stale msgs=150757 total_hz=410.2 base=74886 table=74824 ball=1047 ball_hz=2.8 last_ball=293.38s
viewer_status ball stale msgs=151177 total_hz=410.2 base=75096 table=75034 ball=1047 ball_hz=2.8 last_ball=294.42s
viewer_status ball stale msgs=151601 total_hz=410.2 base=75308 table=75246 ball=1047 ball_hz=2.8 last_ball=295.44s
viewer_status ball stale msgs=152023 total_hz=410.1 base=75519 table=75457 ball=1047 ball_hz=2.8 last_ball=296.52s
viewer_status ball stale msgs=152443 total_hz=410.1 base=75729 table=75667 ball=1047 ball_hz=2.8 last_ball=297.58s
viewer_status ball stale msgs=152865 total_hz=410.0 base=75940 table=75878 ball=1047 ball_hz=2.8 last_ball=298.64s
viewer_status ball stale msgs=153285 total_hz=410.0 base=76150 table=76088 ball=1047 ball_hz=2.8 last_ball=299.70s
viewer_status ball stale msgs=153707 total_hz=410.0 base=76361 table=76299 ball=1047 ball_hz=2.8 last_ball=300.76s
viewer_status ball stale msgs=154127 total_hz=409.9 base=76571 table=76509 ball=1047 ball_hz=2.8 last_ball=301.82s
viewer_status ball stale msgs=154547 total_hz=409.9 base=76781 table=76719 ball=1047 ball_hz=2.8 last_ball=302.89s
viewer_status ball stale msgs=154967 total_hz=409.8 base=76991 table=76929 ball=1047 ball_hz=2.8 last_ball=303.95s
viewer_status ball ok msgs=155393 total_hz=409.8 base=77195 table=77132 ball=1066 ball_hz=2.8 last_ball=-0.00s
viewer_status ball stale msgs=155813 total_hz=409.8 base=77404 table=77340 ball=1069 ball_hz=2.8 last_ball=0.97s
viewer_status ball ok msgs=156238 total_hz=409.7 base=77613 table=77548 ball=1077 ball_hz=2.8 last_ball=0.16s
viewer_status ball ok msgs=156800 total_hz=410.1 base=77814 table=77747 ball=1239 ball_hz=3.2 last_ball=-0.04s
viewer_status ball ok msgs=157611 total_hz=411.0 base=78089 table=78014 ball=1508 ball_hz=3.9 last_ball=-0.00s
planner_eval new=177 total=478 latest=0.08cm/0.2ms median=8.18cm/106.9ms p90=23.01cm/186.4ms
viewer_status ball ok msgs=158173 total_hz=411.3 base=78309 table=78231 ball=1633 ball_hz=4.2 last_ball=0.44s
viewer_status ball stale msgs=158593 total_hz=411.3 base=78519 table=78441 ball=1633 ball_hz=4.2 last_ball=1.49s
viewer_status ball stale msgs=159013 total_hz=411.3 base=78729 table=78651 ball=1633 ball_hz=4.2 last_ball=2.53s
viewer_status ball stale msgs=159435 total_hz=411.3 base=78940 table=78862 ball=1633 ball_hz=4.2 last_ball=3.57s
viewer_status ball stale msgs=159855 total_hz=411.2 base=79150 table=79072 ball=1633 ball_hz=4.2 last_ball=4.61s
viewer_status ball stale msgs=160279 total_hz=411.2 base=79362 table=79284 ball=1633 ball_hz=4.2 last_ball=5.65s
viewer_status ball stale msgs=160703 total_hz=411.2 base=79574 table=79496 ball=1633 ball_hz=4.2 last_ball=6.69s
viewer_status ball stale msgs=161123 total_hz=411.2 base=79784 table=79706 ball=1633 ball_hz=4.2 last_ball=7.74s
viewer_status ball stale msgs=161543 total_hz=411.2 base=79994 table=79916 ball=1633 ball_hz=4.2 last_ball=8.79s
viewer_status ball ok msgs=161963 total_hz=411.2 base=80184 table=80101 ball=1678 ball_hz=4.3 last_ball=0.08s
viewer_status ball stale msgs=162383 total_hz=411.2 base=80394 table=80311 ball=1678 ball_hz=4.2 last_ball=1.10s
viewer_status ball stale msgs=162803 total_hz=411.2 base=80604 table=80521 ball=1678 ball_hz=4.2 last_ball=2.13s
viewer_status ball ok msgs=163324 total_hz=411.4 base=80807 table=80719 ball=1798 ball_hz=4.5 last_ball=-0.04s
viewer_status ball ok msgs=164035 total_hz=412.1 base=81045 table=80954 ball=2036 ball_hz=5.1 last_ball=-0.00s
planner_eval new=215 total=693 latest=0.06cm/0.1ms median=9.72cm/110.9ms p90=21.51cm/211.2ms
viewer_status ball ok msgs=164605 total_hz=412.5 base=81263 table=81170 ball=2172 ball_hz=5.4 last_ball=0.39s
viewer_status ball stale msgs=164997 total_hz=412.4 base=81459 table=81366 ball=2172 ball_hz=5.4 last_ball=1.39s
viewer_status ball stale msgs=165387 total_hz=412.4 base=81654 table=81561 ball=2172 ball_hz=5.4 last_ball=2.40s
viewer_status ball stale msgs=165777 total_hz=412.3 base=81849 table=81756 ball=2172 ball_hz=5.4 last_ball=3.41s
viewer_status ball stale msgs=166167 total_hz=412.2 base=82044 table=81951 ball=2172 ball_hz=5.4 last_ball=4.42s
viewer_status ball stale msgs=166559 total_hz=412.2 base=82240 table=82147 ball=2172 ball_hz=5.4 last_ball=5.43s
viewer_status ball stale msgs=166981 total_hz=412.1 base=82451 table=82358 ball=2172 ball_hz=5.4 last_ball=6.51s
viewer_status ball stale msgs=167403 total_hz=412.1 base=82662 table=82569 ball=2172 ball_hz=5.3 last_ball=7.58s
viewer_status ball stale msgs=167793 total_hz=412.0 base=82857 table=82764 ball=2172 ball_hz=5.3 last_ball=8.58s
viewer_status ball stale msgs=168213 total_hz=412.0 base=83067 table=82974 ball=2172 ball_hz=5.3 last_ball=9.66s
viewer_status ball stale msgs=168633 total_hz=411.9 base=83277 table=83184 ball=2172 ball_hz=5.3 last_ball=10.73s
viewer_status ball stale msgs=169053 total_hz=411.9 base=83487 table=83394 ball=2172 ball_hz=5.3 last_ball=11.81s
viewer_status ball ok msgs=169841 total_hz=412.6 base=83768 table=83668 ball=2405 ball_hz=5.8 last_ball=-0.18s
planner_eval new=161 total=854 latest=0.12cm/0.4ms median=10.23cm/109.8ms p90=21.51cm/208.1ms
viewer_status ball ok msgs=170444 total_hz=413.0 base=83970 table=83867 ball=2607 ball_hz=6.3 last_ball=-0.06s
viewer_status ball stale msgs=170819 total_hz=412.9 base=84152 table=84050 ball=2617 ball_hz=6.3 last_ball=0.85s
viewer_status ball stale msgs=171239 total_hz=412.9 base=84362 table=84260 ball=2617 ball_hz=6.3 last_ball=1.92s
viewer_status ball stale msgs=171631 total_hz=412.8 base=84558 table=84456 ball=2617 ball_hz=6.3 last_ball=2.92s
viewer_status ball stale msgs=172023 total_hz=412.8 base=84754 table=84652 ball=2617 ball_hz=6.3 last_ball=3.94s
viewer_status ball stale msgs=172413 total_hz=412.7 base=84949 table=84847 ball=2617 ball_hz=6.3 last_ball=4.94s
viewer_status ball stale msgs=172803 total_hz=412.6 base=85144 table=85042 ball=2617 ball_hz=6.2 last_ball=5.95s
viewer_status ball stale msgs=173193 total_hz=412.6 base=85339 table=85237 ball=2617 ball_hz=6.2 last_ball=6.95s
viewer_status ball stale msgs=173583 total_hz=412.5 base=85534 table=85432 ball=2617 ball_hz=6.2 last_ball=7.97s
viewer_status ball stale msgs=174005 total_hz=412.5 base=85745 table=85643 ball=2617 ball_hz=6.2 last_ball=9.04s
viewer_status ball stale msgs=174427 total_hz=412.4 base=85956 table=85854 ball=2617 ball_hz=6.2 last_ball=10.11s
viewer_status ball stale msgs=174817 total_hz=412.3 base=86151 table=86049 ball=2617 ball_hz=6.2 last_ball=11.14s
viewer_status ball stale msgs=175237 total_hz=412.3 base=86361 table=86259 ball=2617 ball_hz=6.2 last_ball=12.21s
viewer_status ball stale msgs=175657 total_hz=412.2 base=86571 table=86469 ball=2617 ball_hz=6.1 last_ball=13.28s
viewer_status ball ok msgs=176323 total_hz=412.7 base=86824 table=86716 ball=2783 ball_hz=6.5 last_ball=-0.19s
planner_eval new=124 total=978 latest=4.32cm/33.9ms median=9.71cm/95.2ms p90=21.37cm/200.9ms
viewer_status ball ok msgs=176960 total_hz=413.2 base=87037 table=86928 ball=2995 ball_hz=7.0 last_ball=-0.06s
viewer_status ball stale msgs=177352 total_hz=413.1 base=87233 table=87124 ball=2995 ball_hz=7.0 last_ball=1.00s
viewer_status ball stale msgs=177744 total_hz=413.0 base=87429 table=87320 ball=2995 ball_hz=7.0 last_ball=2.01s
viewer_status ball stale msgs=178134 total_hz=412.9 base=87624 table=87515 ball=2995 ball_hz=6.9 last_ball=3.04s
viewer_status ball stale msgs=178561 total_hz=412.9 base=87838 table=87728 ball=2995 ball_hz=6.9 last_ball=4.11s
viewer_status ball stale msgs=178982 total_hz=412.9 base=88048 table=87939 ball=2995 ball_hz=6.9 last_ball=5.19s
viewer_status ball stale msgs=179402 total_hz=412.8 base=88258 table=88149 ball=2995 ball_hz=6.9 last_ball=6.26s
viewer_status ball stale msgs=179793 total_hz=412.7 base=88454 table=88344 ball=2995 ball_hz=6.9 last_ball=7.26s
viewer_status ball stale msgs=180185 total_hz=412.7 base=88650 table=88540 ball=2995 ball_hz=6.9 last_ball=8.26s
viewer_status ball stale msgs=180577 total_hz=412.6 base=88846 table=88736 ball=2995 ball_hz=6.8 last_ball=9.27s
viewer_status ball stale msgs=180997 total_hz=412.6 base=89056 table=88946 ball=2995 ball_hz=6.8 last_ball=10.34s
viewer_status ball stale msgs=181392 total_hz=412.6 base=89254 table=89143 ball=2995 ball_hz=6.8 last_ball=11.34s
viewer_status ball stale msgs=181782 total_hz=412.5 base=89449 table=89338 ball=2995 ball_hz=6.8 last_ball=12.36s
viewer_status ball stale msgs=182172 total_hz=412.4 base=89644 table=89533 ball=2995 ball_hz=6.8 last_ball=13.37s
viewer_status ball ok msgs=182571 total_hz=412.4 base=89833 table=89718 ball=3020 ball_hz=6.8 last_ball=-0.00s
viewer_status ball ok msgs=183665 total_hz=413.6 base=90206 table=90087 ball=3372 ball_hz=7.6 last_ball=-0.28s
planner_eval new=161 total=1139 latest=4.64cm/20.8ms median=9.72cm/88.1ms p90=21.47cm/198.1ms
viewer_status ball ok msgs=184003 total_hz=413.5 base=90341 table=90222 ball=3440 ball_hz=7.7 last_ball=0.31s
viewer_status ball stale msgs=184395 total_hz=413.4 base=90537 table=90418 ball=3440 ball_hz=7.7 last_ball=1.32s
viewer_status ball stale msgs=184785 total_hz=413.3 base=90732 table=90613 ball=3440 ball_hz=7.7 last_ball=2.33s
viewer_status ball stale msgs=185177 total_hz=413.3 base=90928 table=90809 ball=3440 ball_hz=7.7 last_ball=3.33s
viewer_status ball stale msgs=185569 total_hz=413.2 base=91124 table=91005 ball=3440 ball_hz=7.7 last_ball=4.33s
viewer_status ball stale msgs=185959 total_hz=413.2 base=91319 table=91200 ball=3440 ball_hz=7.6 last_ball=5.34s
viewer_status ball stale msgs=186351 total_hz=413.1 base=91515 table=91396 ball=3440 ball_hz=7.6 last_ball=6.35s
viewer_status ball stale msgs=186741 total_hz=413.1 base=91710 table=91591 ball=3440 ball_hz=7.6 last_ball=7.36s
viewer_status ball ok msgs=187161 total_hz=413.0 base=91919 table=91799 ball=3443 ball_hz=7.6 last_ball=0.46s
viewer_status ball stale msgs=187581 total_hz=413.0 base=92129 table=92009 ball=3443 ball_hz=7.6 last_ball=1.51s
viewer_status ball stale msgs=188003 total_hz=412.9 base=92340 table=92220 ball=3443 ball_hz=7.6 last_ball=2.57s
viewer_status ball stale msgs=188423 total_hz=412.9 base=92550 table=92430 ball=3443 ball_hz=7.5 last_ball=3.63s
viewer_status ball ok msgs=189243 total_hz=413.7 base=92833 table=92704 ball=3706 ball_hz=8.1 last_ball=-0.23s
planner_eval new=236 total=1375 latest=0.12cm/0.2ms median=10.08cm/89.6ms p90=28.56cm/219.9ms
viewer_status ball ok msgs=190154 total_hz=414.7 base=93140 table=93003 ball=4011 ball_hz=8.7 last_ball=-0.42s
viewer_status ball stale msgs=190394 total_hz=414.3 base=93260 table=93123 ball=4011 ball_hz=8.7 last_ball=0.61s
viewer_status ball stale msgs=190816 total_hz=414.3 base=93471 table=93334 ball=4011 ball_hz=8.7 last_ball=1.67s
viewer_status ball stale msgs=191236 total_hz=414.3 base=93681 table=93544 ball=4011 ball_hz=8.7 last_ball=2.73s
viewer_status ball stale msgs=191656 total_hz=414.2 base=93891 table=93754 ball=4011 ball_hz=8.7 last_ball=3.80s
viewer_status ball stale msgs=192076 total_hz=414.2 base=94101 table=93964 ball=4011 ball_hz=8.6 last_ball=4.86s
viewer_status ball stale msgs=192496 total_hz=414.1 base=94311 table=94174 ball=4011 ball_hz=8.6 last_ball=5.92s
viewer_status ball stale msgs=192918 total_hz=414.1 base=94522 table=94385 ball=4011 ball_hz=8.6 last_ball=6.98s
viewer_status ball stale msgs=193338 total_hz=414.1 base=94732 table=94595 ball=4011 ball_hz=8.6 last_ball=8.04s
viewer_status ball stale msgs=193758 total_hz=414.0 base=94942 table=94805 ball=4011 ball_hz=8.6 last_ball=9.10s
viewer_status ball stale msgs=194178 total_hz=414.0 base=95152 table=95015 ball=4011 ball_hz=8.6 last_ball=10.17s
viewer_status ball stale msgs=194598 total_hz=413.9 base=95362 table=95225 ball=4011 ball_hz=8.5 last_ball=11.24s
viewer_status ball stale msgs=194992 total_hz=413.9 base=95559 table=95422 ball=4011 ball_hz=8.5 last_ball=12.25s
viewer_status ball ok msgs=196365 total_hz=415.8 base=96029 table=95888 ball=4448 ball_hz=9.4 last_ball=-0.76s
planner_eval new=202 total=1577 latest=2.82cm/12.1ms median=9.53cm/81.7ms p90=28.43cm/213.4ms
viewer_status ball ok msgs=196557 total_hz=415.3 base=96094 table=95950 ball=4513 ball_hz=9.5 last_ball=-0.07s
viewer_status ball stale msgs=196933 total_hz=415.2 base=96277 table=96133 ball=4523 ball_hz=9.5 last_ball=0.84s
viewer_status ball stale msgs=197353 total_hz=415.2 base=96487 table=96343 ball=4523 ball_hz=9.5 last_ball=1.90s
viewer_status ball stale msgs=197773 total_hz=415.1 base=96697 table=96553 ball=4523 ball_hz=9.5 last_ball=2.97s
viewer_status ball stale msgs=198195 total_hz=415.1 base=96908 table=96764 ball=4523 ball_hz=9.5 last_ball=4.03s
viewer_status ball stale msgs=198617 total_hz=415.0 base=97119 table=96975 ball=4523 ball_hz=9.5 last_ball=5.11s
viewer_status ball stale msgs=199009 total_hz=415.0 base=97315 table=97171 ball=4523 ball_hz=9.4 last_ball=6.11s
viewer_status ball stale msgs=199429 total_hz=414.9 base=97525 table=97381 ball=4523 ball_hz=9.4 last_ball=7.17s
viewer_status ball stale msgs=199821 total_hz=414.9 base=97721 table=97577 ball=4523 ball_hz=9.4 last_ball=8.18s
viewer_status ball stale msgs=200243 total_hz=414.8 base=97932 table=97788 ball=4523 ball_hz=9.4 last_ball=9.26s
viewer_status ball stale msgs=200663 total_hz=414.8 base=98142 table=97998 ball=4523 ball_hz=9.3 last_ball=10.33s
viewer_status ball stale msgs=201053 total_hz=414.7 base=98337 table=98193 ball=4523 ball_hz=9.3 last_ball=11.33s
viewer_status ball stale msgs=201473 total_hz=414.7 base=98547 table=98403 ball=4523 ball_hz=9.3 last_ball=12.40s
viewer_status ball stale msgs=201893 total_hz=414.6 base=98757 table=98613 ball=4523 ball_hz=9.3 last_ball=13.46s
viewer_status ball ok msgs=202977 total_hz=415.9 base=99154 table=99004 ball=4819 ball_hz=9.9 last_ball=-0.57s
planner_eval new=272 total=1849 latest=2.30cm/20.4ms median=9.83cm/84.4ms p90=27.56cm/286.2ms
viewer_status ball ok msgs=203451 total_hz=415.7 base=99315 table=99156 ball=4980 ball_hz=10.2 last_ball=-0.02s
viewer_status ball stale msgs=203960 total_hz=415.9 base=99522 table=99360 ball=5078 ball_hz=10.4 last_ball=0.53s
viewer_status ball stale msgs=204380 total_hz=415.9 base=99732 table=99570 ball=5078 ball_hz=10.3 last_ball=1.58s
viewer_status ball stale msgs=204802 total_hz=415.9 base=99943 table=99781 ball=5078 ball_hz=10.3 last_ball=2.62s
viewer_status ball stale msgs=205226 total_hz=415.8 base=100155 table=99993 ball=5078 ball_hz=10.3 last_ball=3.66s
viewer_status ball stale msgs=205649 total_hz=415.8 base=100367 table=100204 ball=5078 ball_hz=10.3 last_ball=4.71s
viewer_status ball stale msgs=206071 total_hz=415.8 base=100579 table=100414 ball=5078 ball_hz=10.2 last_ball=5.76s
viewer_status ball stale msgs=206493 total_hz=415.7 base=100790 table=100625 ball=5078 ball_hz=10.2 last_ball=6.82s
viewer_status ball stale msgs=206915 total_hz=415.7 base=101001 table=100836 ball=5078 ball_hz=10.2 last_ball=7.87s
viewer_status ball stale msgs=207335 total_hz=415.7 base=101211 table=101046 ball=5078 ball_hz=10.2 last_ball=8.93s
viewer_status ball stale msgs=207755 total_hz=415.6 base=101421 table=101256 ball=5078 ball_hz=10.2 last_ball=9.97s
viewer_status ball stale msgs=208175 total_hz=415.6 base=101631 table=101466 ball=5078 ball_hz=10.1 last_ball=11.02s
viewer_status ball stale msgs=208595 total_hz=415.6 base=101841 table=101676 ball=5078 ball_hz=10.1 last_ball=12.08s
viewer_status ball ok msgs=209112 total_hz=415.7 base=102059 table=101891 ball=5162 ball_hz=10.3 last_ball=-0.07s
viewer_status ball ok msgs=210042 total_hz=416.5 base=102371 table=102198 ball=5473 ball_hz=10.9 last_ball=-0.01s
planner_eval new=190 total=2039 latest=0.12cm/0.4ms median=9.02cm/87.3ms p90=27.03cm/281.1ms
viewer_status ball ok msgs=210605 total_hz=416.8 base=102593 table=102416 ball=5596 ball_hz=11.1 last_ball=0.46s
viewer_status ball stale msgs=211025 total_hz=416.7 base=102803 table=102626 ball=5596 ball_hz=11.1 last_ball=1.51s
viewer_status ball stale msgs=211447 total_hz=416.7 base=103014 table=102837 ball=5596 ball_hz=11.0 last_ball=2.57s
viewer_status ball stale msgs=211867 total_hz=416.7 base=103224 table=103047 ball=5596 ball_hz=11.0 last_ball=3.63s
viewer_status ball stale msgs=212287 total_hz=416.6 base=103434 table=103257 ball=5596 ball_hz=11.0 last_ball=4.68s
viewer_status ball stale msgs=212707 total_hz=416.6 base=103644 table=103467 ball=5596 ball_hz=11.0 last_ball=5.73s
viewer_status ball stale msgs=213129 total_hz=416.5 base=103855 table=103678 ball=5596 ball_hz=10.9 last_ball=6.80s
viewer_status ball stale msgs=213521 total_hz=416.5 base=104051 table=103874 ball=5596 ball_hz=10.9 last_ball=7.81s
viewer_status ball stale msgs=213941 total_hz=416.4 base=104261 table=104084 ball=5596 ball_hz=10.9 last_ball=8.88s
viewer_status ball stale msgs=214365 total_hz=416.4 base=104473 table=104296 ball=5596 ball_hz=10.9 last_ball=9.94s
viewer_status ball ok msgs=214926 total_hz=416.6 base=104718 table=104538 ball=5670 ball_hz=11.0 last_ball=-0.13s
viewer_status ball ok msgs=215935 total_hz=417.6 base=105058 table=104867 ball=6010 ball_hz=11.6 last_ball=-0.29s
planner_eval new=185 total=2224 latest=5.93cm/26.4ms median=9.20cm/81.5ms p90=27.00cm/277.1ms
viewer_status ball ok msgs=216327 total_hz=417.6 base=105210 table=105017 ball=6100 ball_hz=11.8 last_ball=0.30s
viewer_status ball stale msgs=216747 total_hz=417.5 base=105420 table=105227 ball=6100 ball_hz=11.8 last_ball=1.36s
viewer_status ball stale msgs=217167 total_hz=417.5 base=105630 table=105437 ball=6100 ball_hz=11.7 last_ball=2.40s
viewer_status ball stale msgs=217590 total_hz=417.5 base=105842 table=105648 ball=6100 ball_hz=11.7 last_ball=3.46s
viewer_status ball stale msgs=218010 total_hz=417.4 base=106052 table=105858 ball=6100 ball_hz=11.7 last_ball=4.52s
viewer_status ball stale msgs=218430 total_hz=417.4 base=106262 table=106068 ball=6100 ball_hz=11.7 last_ball=5.58s
viewer_status ball stale msgs=218852 total_hz=417.3 base=106473 table=106279 ball=6100 ball_hz=11.6 last_ball=6.64s
viewer_status ball stale msgs=219272 total_hz=417.3 base=106683 table=106489 ball=6100 ball_hz=11.6 last_ball=7.70s
viewer_status ball stale msgs=219694 total_hz=417.2 base=106894 table=106700 ball=6100 ball_hz=11.6 last_ball=8.76s
viewer_status ball stale msgs=220117 total_hz=417.2 base=107106 table=106911 ball=6100 ball_hz=11.6 last_ball=9.81s
viewer_status ball stale msgs=220537 total_hz=417.2 base=107316 table=107121 ball=6100 ball_hz=11.5 last_ball=10.87s
viewer_status ball stale msgs=220957 total_hz=417.1 base=107526 table=107331 ball=6100 ball_hz=11.5 last_ball=11.93s
viewer_status ball ok msgs=221383 total_hz=417.1 base=107719 table=107520 ball=6144 ball_hz=11.6 last_ball=-0.01s
viewer_status ball ok msgs=222220 total_hz=417.8 base=108012 table=107808 ball=6400 ball_hz=12.0 last_ball=-0.09s
viewer_status ball ok msgs=223122 total_hz=418.6 base=108314 table=108106 ball=6702 ball_hz=12.6 last_ball=-0.01s
planner_eval new=257 total=2481 latest=0.11cm/0.6ms median=9.63cm/84.5ms p90=25.49cm/273.8ms
viewer_status ball ok msgs=223692 total_hz=418.8 base=108537 table=108321 ball=6834 ball_hz=12.8 last_ball=0.46s
viewer_status ball stale msgs=224112 total_hz=418.8 base=108747 table=108531 ball=6834 ball_hz=12.8 last_ball=1.52s
viewer_status ball stale msgs=224534 total_hz=418.8 base=108958 table=108742 ball=6834 ball_hz=12.7 last_ball=2.57s
viewer_status ball stale msgs=224954 total_hz=418.7 base=109168 table=108952 ball=6834 ball_hz=12.7 last_ball=3.62s
viewer_status ball stale msgs=225376 total_hz=418.7 base=109379 table=109163 ball=6834 ball_hz=12.7 last_ball=4.67s
viewer_status ball stale msgs=225798 total_hz=418.6 base=109590 table=109374 ball=6834 ball_hz=12.7 last_ball=5.72s
viewer_status ball stale msgs=226218 total_hz=418.6 base=109800 table=109584 ball=6834 ball_hz=12.6 last_ball=6.77s
viewer_status ball stale msgs=226641 total_hz=418.6 base=110012 table=109795 ball=6834 ball_hz=12.6 last_ball=7.82s
viewer_status ball stale msgs=227061 total_hz=418.5 base=110222 table=110005 ball=6834 ball_hz=12.6 last_ball=8.87s
viewer_status ball stale msgs=227481 total_hz=418.5 base=110432 table=110215 ball=6834 ball_hz=12.6 last_ball=9.93s
viewer_status ball stale msgs=227901 total_hz=418.5 base=110642 table=110425 ball=6834 ball_hz=12.5 last_ball=10.97s
viewer_status ball stale msgs=228321 total_hz=418.4 base=110852 table=110635 ball=6834 ball_hz=12.5 last_ball=12.03s
planner_eval new=198 total=2679 latest=0.98cm/8.7ms median=8.92cm/78.5ms p90=25.53cm/267.2ms
viewer_status ball ok msgs=229702 total_hz=420.1 base=111343 table=111103 ball=7256 ball_hz=13.3 last_ball=-0.89s
viewer_status ball ok msgs=229882 total_hz=419.6 base=111403 table=111163 ball=7316 ball_hz=13.4 last_ball=-0.10s
viewer_status ball stale msgs=230261 total_hz=419.5 base=111588 table=111347 ball=7326 ball_hz=13.3 last_ball=0.84s
viewer_status ball stale msgs=230681 total_hz=419.4 base=111798 table=111557 ball=7326 ball_hz=13.3 last_ball=1.89s
viewer_status ball stale msgs=231101 total_hz=419.4 base=112008 table=111767 ball=7326 ball_hz=13.3 last_ball=2.95s
viewer_status ball stale msgs=231491 total_hz=419.3 base=112203 table=111962 ball=7326 ball_hz=13.3 last_ball=3.95s
viewer_status ball stale msgs=231915 total_hz=419.3 base=112415 table=112174 ball=7326 ball_hz=13.2 last_ball=5.00s
viewer_status ball stale msgs=232335 total_hz=419.2 base=112625 table=112384 ball=7326 ball_hz=13.2 last_ball=6.06s
viewer_status ball stale msgs=232755 total_hz=419.2 base=112835 table=112594 ball=7326 ball_hz=13.2 last_ball=7.12s
viewer_status ball stale msgs=233177 total_hz=419.2 base=113046 table=112805 ball=7326 ball_hz=13.2 last_ball=8.17s
viewer_status ball stale msgs=233599 total_hz=419.1 base=113257 table=113016 ball=7326 ball_hz=13.1 last_ball=9.23s
viewer_status ball stale msgs=234021 total_hz=419.1 base=113468 table=113227 ball=7326 ball_hz=13.1 last_ball=10.29s
viewer_status ball stale msgs=234441 total_hz=419.0 base=113678 table=113437 ball=7326 ball_hz=13.1 last_ball=11.35s
viewer_status ball ok msgs=235450 total_hz=420.0 base=114074 table=113826 ball=7550 ball_hz=13.5 last_ball=-0.63s
viewer_status ball ok msgs=235895 total_hz=420.0 base=114225 table=113974 ball=7696 ball_hz=13.7 last_ball=-0.13s
viewer_status ball ok msgs=236779 total_hz=420.6 base=114523 table=114264 ball=7992 ball_hz=14.2 last_ball=-0.02s
planner_eval new=195 total=2874 latest=0.06cm/0.1ms median=8.36cm/83.6ms p90=25.38cm/265.1ms
viewer_status ball ok msgs=237310 total_hz=420.8 base=114733 table=114470 ball=8107 ball_hz=14.4 last_ball=0.47s
viewer_status ball stale msgs=237730 total_hz=420.8 base=114943 table=114680 ball=8107 ball_hz=14.3 last_ball=1.55s
viewer_status ball stale msgs=238152 total_hz=420.7 base=115154 table=114891 ball=8107 ball_hz=14.3 last_ball=2.60s
viewer_status ball stale msgs=238542 total_hz=420.7 base=115349 table=115086 ball=8107 ball_hz=14.3 last_ball=3.61s
viewer_status ball stale msgs=238962 total_hz=420.6 base=115559 table=115296 ball=8107 ball_hz=14.3 last_ball=4.68s
viewer_status ball stale msgs=239382 total_hz=420.6 base=115769 table=115506 ball=8107 ball_hz=14.2 last_ball=5.74s
viewer_status ball stale msgs=239802 total_hz=420.5 base=115979 table=115716 ball=8107 ball_hz=14.2 last_ball=6.80s
viewer_status ball stale msgs=240222 total_hz=420.5 base=116189 table=115926 ball=8107 ball_hz=14.2 last_ball=7.86s
viewer_status ball stale msgs=240642 total_hz=420.4 base=116399 table=116136 ball=8107 ball_hz=14.2 last_ball=8.93s
viewer_status ball stale msgs=241064 total_hz=420.4 base=116610 table=116347 ball=8107 ball_hz=14.1 last_ball=9.98s
viewer_status ball stale msgs=241486 total_hz=420.3 base=116821 table=116558 ball=8107 ball_hz=14.1 last_ball=11.04s
viewer_status ball stale msgs=241907 total_hz=420.3 base=117032 table=116768 ball=8107 ball_hz=14.1 last_ball=12.11s
viewer_status ball ok msgs=242440 total_hz=420.5 base=117264 table=116996 ball=8180 ball_hz=14.2 last_ball=-0.13s
planner_eval new=259 total=3133 latest=0.09cm/0.5ms median=8.59cm/85.1ms p90=25.28cm/262.8ms
viewer_status ball ok msgs=243802 total_hz=421.9 base=117730 table=117446 ball=8626 ball_hz=14.9 last_ball=-0.56s
viewer_status ball ok msgs=243982 total_hz=421.4 base=117820 table=117536 ball=8626 ball_hz=14.9 last_ball=0.47s
viewer_status ball stale msgs=244372 total_hz=421.4 base=118015 table=117731 ball=8626 ball_hz=14.9 last_ball=1.48s
viewer_status ball stale msgs=244764 total_hz=421.3 base=118211 table=117927 ball=8626 ball_hz=14.8 last_ball=2.48s
viewer_status ball stale msgs=245154 total_hz=421.2 base=118406 table=118122 ball=8626 ball_hz=14.8 last_ball=3.50s
viewer_status ball stale msgs=245544 total_hz=421.2 base=118601 table=118317 ball=8626 ball_hz=14.8 last_ball=4.51s
viewer_status ball stale msgs=245964 total_hz=421.1 base=118811 table=118527 ball=8626 ball_hz=14.8 last_ball=5.58s
viewer_status ball stale msgs=246356 total_hz=421.1 base=119007 table=118723 ball=8626 ball_hz=14.7 last_ball=6.58s
viewer_status ball stale msgs=246778 total_hz=421.0 base=119218 table=118934 ball=8626 ball_hz=14.7 last_ball=7.66s
viewer_status ball stale msgs=247170 total_hz=421.0 base=119414 table=119130 ball=8626 ball_hz=14.7 last_ball=8.66s
viewer_status ball stale msgs=247592 total_hz=420.9 base=119625 table=119341 ball=8626 ball_hz=14.7 last_ball=9.74s
viewer_status ball stale msgs=247984 total_hz=420.9 base=119821 table=119537 ball=8626 ball_hz=14.6 last_ball=10.74s
viewer_status ball ok msgs=248699 total_hz=421.2 base=120109 table=119821 ball=8769 ball_hz=14.9 last_ball=-0.13s
planner_eval new=178 total=3311 latest=7.28cm/33.3ms median=9.13cm/83.2ms p90=25.48cm/258.1ms
viewer_status ball ok msgs=249796 total_hz=422.0 base=120485 table=120167 ball=9144 ball_hz=15.4 last_ball=-0.11s
viewer_status ball stale msgs=250255 total_hz=422.0 base=120684 table=120365 ball=9206 ball_hz=15.5 last_ball=0.69s
viewer_status ball stale msgs=250677 total_hz=422.0 base=120895 table=120576 ball=9206 ball_hz=15.5 last_ball=1.76s
viewer_status ball stale msgs=251069 total_hz=421.9 base=121091 table=120772 ball=9206 ball_hz=15.5 last_ball=2.77s
viewer_status ball stale msgs=251489 total_hz=421.9 base=121301 table=120982 ball=9206 ball_hz=15.4 last_ball=3.85s
viewer_status ball stale msgs=251881 total_hz=421.8 base=121497 table=121178 ball=9206 ball_hz=15.4 last_ball=4.85s
viewer_status ball stale msgs=252271 total_hz=421.8 base=121692 table=121373 ball=9206 ball_hz=15.4 last_ball=5.85s
viewer_status ball stale msgs=252663 total_hz=421.7 base=121888 table=121569 ball=9206 ball_hz=15.4 last_ball=6.86s
viewer_status ball stale msgs=253083 total_hz=421.7 base=122098 table=121779 ball=9206 ball_hz=15.3 last_ball=7.93s
viewer_status ball stale msgs=253503 total_hz=421.6 base=122308 table=121989 ball=9206 ball_hz=15.3 last_ball=9.01s
viewer_status ball stale msgs=253893 total_hz=421.5 base=122503 table=122184 ball=9206 ball_hz=15.3 last_ball=10.01s
viewer_status ball stale msgs=254313 total_hz=421.5 base=122713 table=122394 ball=9206 ball_hz=15.3 last_ball=11.08s
viewer_status ball stale msgs=254703 total_hz=421.4 base=122908 table=122589 ball=9206 ball_hz=15.2 last_ball=12.09s
viewer_status ball ok msgs=255513 total_hz=422.1 base=123234 table=122905 ball=9374 ball_hz=15.5 last_ball=-0.49s
planner_eval new=193 total=3504 latest=0.03cm/0.5ms median=8.55cm/84.5ms p90=25.38cm/256.9ms
viewer_status ball ok msgs=257445 total_hz=423.5 base=123900 table=123543 ball=10002 ball_hz=16.5 last_ball=-0.50s
viewer_status ball ok msgs=257641 total_hz=423.1 base=123994 table=123636 ball=10011 ball_hz=16.4 last_ball=0.39s
viewer_status ball stale msgs=258037 total_hz=423.1 base=124192 table=123834 ball=10011 ball_hz=16.4 last_ball=1.41s
viewer_status ball stale msgs=258427 total_hz=423.0 base=124387 table=124029 ball=10011 ball_hz=16.4 last_ball=2.42s
viewer_status ball stale msgs=258819 total_hz=422.9 base=124583 table=124225 ball=10011 ball_hz=16.4 last_ball=3.45s
viewer_status ball stale msgs=259209 total_hz=422.9 base=124778 table=124420 ball=10011 ball_hz=16.3 last_ball=4.46s
viewer_status ball stale msgs=259601 total_hz=422.8 base=124974 table=124616 ball=10011 ball_hz=16.3 last_ball=5.47s
viewer_status ball stale msgs=259991 total_hz=422.8 base=125169 table=124811 ball=10011 ball_hz=16.3 last_ball=6.49s
viewer_status ball stale msgs=260382 total_hz=422.7 base=125365 table=125006 ball=10011 ball_hz=16.3 last_ball=7.50s
viewer_status ball stale msgs=260772 total_hz=422.6 base=125560 table=125201 ball=10011 ball_hz=16.2 last_ball=8.52s
viewer_status ball stale msgs=261162 total_hz=422.6 base=125755 table=125396 ball=10011 ball_hz=16.2 last_ball=9.53s
viewer_status ball stale msgs=261554 total_hz=422.5 base=125951 table=125592 ball=10011 ball_hz=16.2 last_ball=10.54s
viewer_status ball stale msgs=261944 total_hz=422.5 base=126146 table=125787 ball=10011 ball_hz=16.1 last_ball=11.56s
viewer_status ball stale msgs=262334 total_hz=422.4 base=126341 table=125982 ball=10011 ball_hz=16.1 last_ball=12.58s
viewer_status ball ok msgs=262753 total_hz=422.4 base=126537 table=126176 ball=10040 ball_hz=16.1 last_ball=0.15s
planner_eval new=180 total=3684 latest=0.01cm/0.2ms median=8.75cm/85.1ms p90=25.33cm/255.0ms
viewer_status ball ok msgs=264838 total_hz=424.0 base=127263 table=126858 ball=10717 ball_hz=17.2 last_ball=-0.43s
viewer_status ball ok msgs=265067 total_hz=423.7 base=127372 table=126968 ball=10727 ball_hz=17.1 last_ball=0.47s
viewer_status ball stale msgs=265457 total_hz=423.7 base=127567 table=127163 ball=10727 ball_hz=17.1 last_ball=1.47s
viewer_status ball stale msgs=265847 total_hz=423.6 base=127762 table=127358 ball=10727 ball_hz=17.1 last_ball=2.48s
viewer_status ball stale msgs=266237 total_hz=423.5 base=127957 table=127553 ball=10727 ball_hz=17.1 last_ball=3.48s
viewer_status ball stale msgs=266629 total_hz=423.5 base=128153 table=127749 ball=10727 ball_hz=17.0 last_ball=4.49s
viewer_status ball stale msgs=267019 total_hz=423.4 base=128348 table=127944 ball=10727 ball_hz=17.0 last_ball=5.49s
viewer_status ball stale msgs=267439 total_hz=423.4 base=128558 table=128154 ball=10727 ball_hz=17.0 last_ball=6.56s
viewer_status ball stale msgs=267859 total_hz=423.3 base=128768 table=128364 ball=10727 ball_hz=17.0 last_ball=7.64s
viewer_status ball stale msgs=268279 total_hz=423.3 base=128978 table=128574 ball=10727 ball_hz=16.9 last_ball=8.71s
viewer_status ball stale msgs=268701 total_hz=423.2 base=129189 table=128785 ball=10727 ball_hz=16.9 last_ball=9.78s
viewer_status ball stale msgs=269091 total_hz=423.2 base=129384 table=128980 ball=10727 ball_hz=16.9 last_ball=10.78s
viewer_status ball stale msgs=269481 total_hz=423.1 base=129579 table=129175 ball=10727 ball_hz=16.8 last_ball=11.79s
viewer_status ball stale msgs=269871 total_hz=423.1 base=129774 table=129370 ball=10727 ball_hz=16.8 last_ball=12.79s
viewer_status ball stale msgs=270263 total_hz=423.0 base=129970 table=129566 ball=10727 ball_hz=16.8 last_ball=13.79s
viewer_status ball stale msgs=270653 total_hz=423.0 base=130165 table=129761 ball=10727 ball_hz=16.8 last_ball=14.80s
viewer_status ball ok msgs=271057 total_hz=422.9 base=130360 table=129956 ball=10741 ball_hz=16.8 last_ball=-0.00s
planner_eval new=183 total=3867 latest=0.13cm/0.2ms median=8.73cm/85.9ms p90=25.16cm/252.8ms
viewer_status ball ok msgs=272563 total_hz=424.3 base=130873 table=130450 ball=11240 ball_hz=17.5 last_ball=-0.49s
viewer_status ball stale msgs=272775 total_hz=423.9 base=130979 table=130556 ball=11240 ball_hz=17.5 last_ball=0.55s
viewer_status ball stale msgs=273167 total_hz=423.9 base=131176 table=130751 ball=11240 ball_hz=17.4 last_ball=1.55s
viewer_status ball stale msgs=273587 total_hz=423.8 base=131386 table=130961 ball=11240 ball_hz=17.4 last_ball=2.63s
viewer_status ball stale msgs=274009 total_hz=423.8 base=131597 table=131172 ball=11240 ball_hz=17.4 last_ball=3.70s
viewer_status ball stale msgs=274403 total_hz=423.7 base=131794 table=131369 ball=11240 ball_hz=17.4 last_ball=4.71s
viewer_status ball stale msgs=274795 total_hz=423.6 base=131990 table=131565 ball=11240 ball_hz=17.3 last_ball=5.74s
viewer_status ball stale msgs=275185 total_hz=423.6 base=132185 table=131760 ball=11240 ball_hz=17.3 last_ball=6.74s
viewer_status ball stale msgs=275575 total_hz=423.5 base=132380 table=131955 ball=11240 ball_hz=17.3 last_ball=7.75s
viewer_status ball stale msgs=275965 total_hz=423.5 base=132575 table=132150 ball=11240 ball_hz=17.2 last_ball=8.75s
viewer_status ball stale msgs=276359 total_hz=423.4 base=132772 table=132347 ball=11240 ball_hz=17.2 last_ball=9.76s
viewer_status ball stale msgs=276779 total_hz=423.4 base=132982 table=132557 ball=11240 ball_hz=17.2 last_ball=10.83s
viewer_status ball stale msgs=277199 total_hz=423.3 base=133192 table=132767 ball=11240 ball_hz=17.2 last_ball=11.91s
viewer_status ball stale msgs=277621 total_hz=423.3 base=133403 table=132978 ball=11240 ball_hz=17.1 last_ball=12.98s
viewer_status ball stale msgs=278011 total_hz=423.2 base=133598 table=133173 ball=11240 ball_hz=17.1 last_ball=13.98s
planner_eval new=214 total=4081 latest=0.05cm/0.2ms median=8.58cm/88.3ms p90=25.06cm/251.1ms
viewer_status ball ok msgs=279681 total_hz=424.6 base=134187 table=133722 ball=11772 ball_hz=17.9 last_ball=-0.59s
viewer_status ball ok msgs=279861 total_hz=424.2 base=134277 table=133812 ball=11772 ball_hz=17.8 last_ball=0.47s
viewer_status ball stale msgs=280251 total_hz=424.1 base=134472 table=134007 ball=11772 ball_hz=17.8 last_ball=1.47s
viewer_status ball stale msgs=280675 total_hz=424.1 base=134684 table=134219 ball=11772 ball_hz=17.8 last_ball=2.54s
viewer_status ball stale msgs=281097 total_hz=424.0 base=134895 table=134430 ball=11772 ball_hz=17.8 last_ball=3.61s
viewer_status ball stale msgs=281519 total_hz=424.0 base=135106 table=134641 ball=11772 ball_hz=17.7 last_ball=4.69s
viewer_status ball stale msgs=281911 total_hz=423.9 base=135302 table=134837 ball=11772 ball_hz=17.7 last_ball=5.69s
viewer_status ball stale msgs=282303 total_hz=423.9 base=135498 table=135033 ball=11772 ball_hz=17.7 last_ball=6.70s
viewer_status ball stale msgs=282723 total_hz=423.8 base=135708 table=135243 ball=11772 ball_hz=17.6 last_ball=7.77s
viewer_status ball stale msgs=283119 total_hz=423.8 base=135906 table=135441 ball=11772 ball_hz=17.6 last_ball=8.77s
viewer_status ball stale msgs=283541 total_hz=423.7 base=136117 table=135652 ball=11772 ball_hz=17.6 last_ball=9.84s
viewer_status ball stale msgs=283935 total_hz=423.7 base=136314 table=135849 ball=11772 ball_hz=17.6 last_ball=10.85s
planner_eval new=168 total=4249 latest=0.03cm/0.0ms median=8.99cm/86.9ms p90=25.06cm/247.7ms
viewer_status ball ok msgs=285601 total_hz=424.8 base=136921 table=136421 ball=12259 ball_hz=18.2 last_ball=-0.41s
viewer_status ball stale msgs=285841 total_hz=424.6 base=137041 table=136541 ball=12259 ball_hz=18.2 last_ball=0.62s
viewer_status ball stale msgs=286261 total_hz=424.5 base=137251 table=136751 ball=12259 ball_hz=18.2 last_ball=1.69s
viewer_status ball stale msgs=286681 total_hz=424.5 base=137461 table=136961 ball=12259 ball_hz=18.2 last_ball=2.75s
viewer_status ball stale msgs=287101 total_hz=424.4 base=137671 table=137171 ball=12259 ball_hz=18.1 last_ball=3.82s
viewer_status ball stale msgs=287495 total_hz=424.4 base=137868 table=137368 ball=12259 ball_hz=18.1 last_ball=4.82s
viewer_status ball stale msgs=287919 total_hz=424.3 base=138080 table=137580 ball=12259 ball_hz=18.1 last_ball=5.89s
viewer_status ball stale msgs=288339 total_hz=424.3 base=138290 table=137790 ball=12259 ball_hz=18.0 last_ball=6.97s
viewer_status ball stale msgs=288753 total_hz=424.2 base=138497 table=137997 ball=12259 ball_hz=18.0 last_ball=8.01s
viewer_status ball stale msgs=289175 total_hz=424.2 base=138708 table=138208 ball=12259 ball_hz=18.0 last_ball=9.08s
viewer_status ball stale msgs=289567 total_hz=424.1 base=138904 table=138404 ball=12259 ball_hz=18.0 last_ball=10.08s
viewer_status ball stale msgs=289987 total_hz=424.1 base=139114 table=138614 ball=12259 ball_hz=17.9 last_ball=11.15s
viewer_status ball stale msgs=290407 total_hz=424.0 base=139324 table=138824 ball=12259 ball_hz=17.9 last_ball=12.23s
viewer_status ball stale msgs=290827 total_hz=424.0 base=139534 table=139034 ball=12259 ball_hz=17.9 last_ball=13.29s
viewer_status ball ok msgs=291645 total_hz=424.5 base=139865 table=139357 ball=12423 ball_hz=18.1 last_ball=-0.51s
planner_eval new=165 total=4414 latest=0.02cm/0.1ms median=8.58cm/88.6ms p90=24.93cm/243.9ms
viewer_status ball ok msgs=292122 total_hz=424.5 base=140033 table=139520 ball=12569 ball_hz=18.3 last_ball=0.08s
viewer_status ball stale msgs=292543 total_hz=424.4 base=140244 table=139730 ball=12569 ball_hz=18.2 last_ball=1.15s
viewer_status ball stale msgs=292963 total_hz=424.4 base=140454 table=139940 ball=12569 ball_hz=18.2 last_ball=2.22s
viewer_status ball stale msgs=293353 total_hz=424.3 base=140649 table=140135 ball=12569 ball_hz=18.2 last_ball=3.23s
viewer_status ball stale msgs=293743 total_hz=424.3 base=140844 table=140330 ball=12569 ball_hz=18.2 last_ball=4.23s
viewer_status ball stale msgs=294135 total_hz=424.2 base=141040 table=140526 ball=12569 ball_hz=18.1 last_ball=5.24s
viewer_status ball stale msgs=294529 total_hz=424.2 base=141237 table=140723 ball=12569 ball_hz=18.1 last_ball=6.24s
viewer_status ball stale msgs=294919 total_hz=424.1 base=141432 table=140918 ball=12569 ball_hz=18.1 last_ball=7.25s
viewer_status ball stale msgs=295342 total_hz=424.1 base=141644 table=141129 ball=12569 ball_hz=18.0 last_ball=8.33s
viewer_status ball stale msgs=295762 total_hz=424.0 base=141854 table=141339 ball=12569 ball_hz=18.0 last_ball=9.39s
viewer_status ball stale msgs=296182 total_hz=424.0 base=142064 table=141549 ball=12569 ball_hz=18.0 last_ball=10.46s
viewer_status ball ok msgs=296611 total_hz=424.0 base=142276 table=141759 ball=12576 ball_hz=18.0 last_ball=-0.01s
viewer_status ball ok msgs=297042 total_hz=423.9 base=142487 table=141969 ball=12586 ball_hz=18.0 last_ball=-0.01s
planner_eval new=190 total=4604 latest=0.09cm/0.4ms median=8.58cm/88.7ms p90=26.19cm/238.9ms
viewer_status ball ok msgs=298247 total_hz=424.8 base=142922 table=142382 ball=12943 ball_hz=18.4 last_ball=-0.55s
viewer_status ball ok msgs=298427 total_hz=424.4 base=143012 table=142472 ball=12943 ball_hz=18.4 last_ball=0.46s
viewer_status ball stale msgs=298847 total_hz=424.4 base=143222 table=142682 ball=12943 ball_hz=18.4 last_ball=1.50s
viewer_status ball stale msgs=299267 total_hz=424.3 base=143432 table=142892 ball=12943 ball_hz=18.4 last_ball=2.55s
viewer_status ball stale msgs=299687 total_hz=424.3 base=143642 table=143102 ball=12943 ball_hz=18.3 last_ball=3.59s
viewer_status ball stale msgs=300107 total_hz=424.3 base=143852 table=143312 ball=12943 ball_hz=18.3 last_ball=4.64s
viewer_status ball stale msgs=300527 total_hz=424.2 base=144062 table=143522 ball=12943 ball_hz=18.3 last_ball=5.69s
viewer_status ball stale msgs=300949 total_hz=424.2 base=144273 table=143733 ball=12943 ball_hz=18.2 last_ball=6.74s
viewer_status ball stale msgs=301373 total_hz=424.2 base=144485 table=143945 ball=12943 ball_hz=18.2 last_ball=7.79s
viewer_status ball stale msgs=301793 total_hz=424.1 base=144695 table=144155 ball=12943 ball_hz=18.2 last_ball=8.84s
viewer_status ball stale msgs=302213 total_hz=424.1 base=144905 table=144365 ball=12943 ball_hz=18.2 last_ball=9.88s
viewer_status ball ok msgs=302645 total_hz=424.1 base=145116 table=144576 ball=12953 ball_hz=18.1 last_ball=0.08s
viewer_status ball stale msgs=303067 total_hz=424.0 base=145327 table=144787 ball=12953 ball_hz=18.1 last_ball=1.11s
viewer_status ball ok msgs=303493 total_hz=424.0 base=145538 table=144998 ball=12957 ball_hz=18.1 last_ball=-0.01s
planner_eval new=151 total=4755 latest=6.38cm/26.9ms median=8.73cm/86.2ms p90=26.03cm/237.4ms
viewer_status ball ok msgs=304707 total_hz=424.9 base=145961 table=145391 ball=13355 ball_hz=18.6 last_ball=-0.30s
viewer_status ball stale msgs=305009 total_hz=424.7 base=146112 table=145542 ball=13355 ball_hz=18.6 last_ball=0.76s
viewer_status ball stale msgs=305429 total_hz=424.6 base=146322 table=145752 ball=13355 ball_hz=18.6 last_ball=1.82s
viewer_status ball stale msgs=305843 total_hz=424.6 base=146529 table=145959 ball=13355 ball_hz=18.5 last_ball=2.85s
viewer_status ball stale msgs=306263 total_hz=424.6 base=146739 table=146169 ball=13355 ball_hz=18.5 last_ball=3.90s
viewer_status ball stale msgs=306685 total_hz=424.5 base=146950 table=146380 ball=13355 ball_hz=18.5 last_ball=4.94s
viewer_status ball stale msgs=307106 total_hz=424.5 base=147161 table=146590 ball=13355 ball_hz=18.5 last_ball=5.99s
viewer_status ball stale msgs=307528 total_hz=424.5 base=147372 table=146801 ball=13355 ball_hz=18.4 last_ball=7.04s
viewer_status ball stale msgs=307948 total_hz=424.4 base=147582 table=147011 ball=13355 ball_hz=18.4 last_ball=8.10s
viewer_status ball stale msgs=308280 total_hz=424.3 base=147748 table=147177 ball=13355 ball_hz=18.4 last_ball=9.14s
viewer_status ball stale msgs=308640 total_hz=424.2 base=147928 table=147357 ball=13355 ball_hz=18.4 last_ball=10.20s
viewer_status ball stale msgs=309033 total_hz=424.1 base=148124 table=147554 ball=13355 ball_hz=18.3 last_ball=11.27s
viewer_status ball stale msgs=309423 total_hz=424.0 base=148319 table=147749 ball=13355 ball_hz=18.3 last_ball=12.29s
viewer_status ball ok msgs=311077 total_hz=425.2 base=148898 table=148295 ball=13884 ball_hz=19.0 last_ball=-0.48s
planner_eval new=210 total=4965 latest=1.37cm/11.0ms median=8.61cm/86.3ms p90=25.62cm/241.1ms
viewer_status ball ok msgs=311529 total_hz=425.2 base=149057 table=148453 ball=14019 ball_hz=19.1 last_ball=0.08s
viewer_status ball stale msgs=311951 total_hz=425.1 base=149268 table=148664 ball=14019 ball_hz=19.1 last_ball=1.13s
viewer_status ball stale msgs=312367 total_hz=425.1 base=149476 table=148872 ball=14019 ball_hz=19.1 last_ball=2.14s
viewer_status ball stale msgs=312789 total_hz=425.1 base=149687 table=149083 ball=14019 ball_hz=19.1 last_ball=3.18s
viewer_status ball stale msgs=313209 total_hz=425.0 base=149897 table=149293 ball=14019 ball_hz=19.0 last_ball=4.28s
viewer_status ball stale msgs=313601 total_hz=425.0 base=150093 table=149489 ball=14019 ball_hz=19.0 last_ball=5.30s
viewer_status ball stale msgs=313991 total_hz=424.9 base=150288 table=149684 ball=14019 ball_hz=19.0 last_ball=6.31s
viewer_status ball stale msgs=314325 total_hz=424.8 base=150455 table=149851 ball=14019 ball_hz=18.9 last_ball=7.34s
viewer_status ball stale msgs=314715 total_hz=424.7 base=150650 table=150046 ball=14019 ball_hz=18.9 last_ball=8.39s
viewer_status ball stale msgs=315077 total_hz=424.6 base=150831 table=150227 ball=14019 ball_hz=18.9 last_ball=9.41s
viewer_status ball stale msgs=315412 total_hz=424.5 base=150999 table=150394 ball=14019 ball_hz=18.9 last_ball=10.46s
planner_eval new=148 total=5113 latest=8.00cm/37.1ms median=8.80cm/85.5ms p90=25.60cm/239.9ms
viewer_status ball ok msgs=316868 total_hz=425.3 base=151525 table=150876 ball=14467 ball_hz=19.4 last_ball=-0.39s
viewer_status ball stale msgs=317140 total_hz=425.1 base=151661 table=151012 ball=14467 ball_hz=19.4 last_ball=0.69s
viewer_status ball stale msgs=317562 total_hz=425.1 base=151872 table=151223 ball=14467 ball_hz=19.4 last_ball=1.73s
viewer_status ball stale msgs=317982 total_hz=425.0 base=152082 table=151433 ball=14467 ball_hz=19.3 last_ball=2.78s
viewer_status ball stale msgs=318402 total_hz=425.0 base=152292 table=151643 ball=14467 ball_hz=19.3 last_ball=3.83s
viewer_status ball stale msgs=318822 total_hz=424.9 base=152502 table=151853 ball=14467 ball_hz=19.3 last_ball=4.89s
viewer_status ball stale msgs=319242 total_hz=424.9 base=152712 table=152063 ball=14467 ball_hz=19.3 last_ball=5.95s
viewer_status ball stale msgs=319662 total_hz=424.9 base=152922 table=152273 ball=14467 ball_hz=19.2 last_ball=7.00s
viewer_status ball stale msgs=320082 total_hz=424.8 base=153132 table=152483 ball=14467 ball_hz=19.2 last_ball=8.06s
viewer_status ball stale msgs=320502 total_hz=424.8 base=153342 table=152693 ball=14467 ball_hz=19.2 last_ball=9.10s
viewer_status ball stale msgs=320922 total_hz=424.8 base=153552 table=152903 ball=14467 ball_hz=19.1 last_ball=10.16s
viewer_status ball stale msgs=321342 total_hz=424.7 base=153762 table=153113 ball=14467 ball_hz=19.1 last_ball=11.21s
planner_eval new=173 total=5286 latest=0.06cm/0.5ms median=8.52cm/86.8ms p90=25.39cm/239.4ms
viewer_status ball ok msgs=323215 total_hz=425.9 base=154437 table=153727 ball=15051 ball_hz=19.8 last_ball=-0.55s
viewer_status ball ok msgs=323395 total_hz=425.6 base=154527 table=153817 ball=15051 ball_hz=19.8 last_ball=0.45s
viewer_status ball stale msgs=323819 total_hz=425.5 base=154739 table=154029 ball=15051 ball_hz=19.8 last_ball=1.50s
viewer_status ball stale msgs=324239 total_hz=425.5 base=154949 table=154239 ball=15051 ball_hz=19.8 last_ball=2.55s
viewer_status ball stale msgs=324659 total_hz=425.5 base=155159 table=154449 ball=15051 ball_hz=19.7 last_ball=3.60s
viewer_status ball stale msgs=325079 total_hz=425.4 base=155369 table=154659 ball=15051 ball_hz=19.7 last_ball=4.66s
viewer_status ball stale msgs=325503 total_hz=425.4 base=155581 table=154871 ball=15051 ball_hz=19.7 last_ball=5.71s
viewer_status ball stale msgs=325925 total_hz=425.4 base=155792 table=155082 ball=15051 ball_hz=19.6 last_ball=6.75s
viewer_status ball stale msgs=326345 total_hz=425.3 base=156002 table=155292 ball=15051 ball_hz=19.6 last_ball=7.80s
viewer_status ball stale msgs=326765 total_hz=425.3 base=156212 table=155502 ball=15051 ball_hz=19.6 last_ball=8.87s
viewer_status ball stale msgs=327187 total_hz=425.3 base=156423 table=155713 ball=15051 ball_hz=19.6 last_ball=9.92s
viewer_status ball stale msgs=327607 total_hz=425.2 base=156633 table=155923 ball=15051 ball_hz=19.5 last_ball=10.96s
planner_eval new=181 total=5467 latest=0.05cm/0.1ms median=8.22cm/87.9ms p90=25.23cm/239.3ms
viewer_status ball ok msgs=329646 total_hz=426.4 base=157369 table=156608 ball=15669 ball_hz=20.3 last_ball=-0.55s
viewer_status ball ok msgs=329826 total_hz=426.1 base=157459 table=156698 ball=15669 ball_hz=20.2 last_ball=0.46s
viewer_status ball stale msgs=330246 total_hz=426.0 base=157669 table=156908 ball=15669 ball_hz=20.2 last_ball=1.51s
viewer_status ball stale msgs=330666 total_hz=426.0 base=157879 table=157118 ball=15669 ball_hz=20.2 last_ball=2.56s
viewer_status ball stale msgs=331086 total_hz=426.0 base=158089 table=157328 ball=15669 ball_hz=20.2 last_ball=3.60s
viewer_status ball stale msgs=331506 total_hz=425.9 base=158299 table=157538 ball=15669 ball_hz=20.1 last_ball=4.65s
viewer_status ball stale msgs=331929 total_hz=425.9 base=158511 table=157749 ball=15669 ball_hz=20.1 last_ball=5.70s
viewer_status ball stale msgs=332351 total_hz=425.9 base=158722 table=157960 ball=15669 ball_hz=20.1 last_ball=6.75s
viewer_status ball stale msgs=332773 total_hz=425.8 base=158933 table=158171 ball=15669 ball_hz=20.1 last_ball=7.80s
viewer_status ball stale msgs=333195 total_hz=425.8 base=159144 table=158382 ball=15669 ball_hz=20.0 last_ball=8.86s
viewer_status ball stale msgs=333617 total_hz=425.8 base=159355 table=158593 ball=15669 ball_hz=20.0 last_ball=9.93s
viewer_status ball stale msgs=334037 total_hz=425.7 base=159565 table=158803 ball=15669 ball_hz=20.0 last_ball=10.97s
viewer_status ball stale msgs=334427 total_hz=425.7 base=159760 table=158998 ball=15669 ball_hz=19.9 last_ball=11.97s
viewer_status ball stale msgs=334847 total_hz=425.6 base=159970 table=159208 ball=15669 ball_hz=19.9 last_ball=13.03s
viewer_status ball stale msgs=335271 total_hz=425.6 base=160182 table=159420 ball=15669 ball_hz=19.9 last_ball=14.10s
planner_eval new=227 total=5694 latest=0.07cm/0.5ms median=8.36cm/89.2ms p90=27.99cm/249.3ms
viewer_status ball ok msgs=336680 total_hz=426.5 base=160692 table=159857 ball=16131 ball_hz=20.4 last_ball=-0.55s
viewer_status ball ok msgs=336860 total_hz=426.2 base=160782 table=159947 ball=16131 ball_hz=20.4 last_ball=0.47s
viewer_status ball stale msgs=337280 total_hz=426.1 base=160992 table=160157 ball=16131 ball_hz=20.4 last_ball=1.55s
viewer_status ball stale msgs=337700 total_hz=426.1 base=161202 table=160367 ball=16131 ball_hz=20.4 last_ball=2.62s
viewer_status ball stale msgs=338090 total_hz=426.0 base=161397 table=160562 ball=16131 ball_hz=20.3 last_ball=3.63s
viewer_status ball stale msgs=338510 total_hz=426.0 base=161607 table=160772 ball=16131 ball_hz=20.3 last_ball=4.70s
viewer_status ball stale msgs=338930 total_hz=425.9 base=161817 table=160982 ball=16131 ball_hz=20.3 last_ball=5.77s
viewer_status ball stale msgs=339350 total_hz=425.9 base=162027 table=161192 ball=16131 ball_hz=20.2 last_ball=6.84s
viewer_status ball stale msgs=339770 total_hz=425.8 base=162237 table=161402 ball=16131 ball_hz=20.2 last_ball=7.91s
viewer_status ball stale msgs=340192 total_hz=425.8 base=162448 table=161613 ball=16131 ball_hz=20.2 last_ball=8.98s
viewer_status ball stale msgs=340584 total_hz=425.8 base=162644 table=161809 ball=16131 ball_hz=20.2 last_ball=9.98s
viewer_status ball stale msgs=341004 total_hz=425.7 base=162854 table=162019 ball=16131 ball_hz=20.1 last_ball=11.06s
viewer_status ball stale msgs=341426 total_hz=425.7 base=163065 table=162230 ball=16131 ball_hz=20.1 last_ball=12.13s
viewer_status ball stale msgs=341848 total_hz=425.6 base=163276 table=162441 ball=16131 ball_hz=20.1 last_ball=13.21s
planner_eval new=195 total=5889 latest=0.04cm/0.1ms median=8.44cm/89.7ms p90=27.41cm/249.0ms
viewer_status ball ok msgs=343273 total_hz=426.4 base=163814 table=162949 ball=16510 ball_hz=20.5 last_ball=-0.55s
viewer_status ball ok msgs=343453 total_hz=426.1 base=163904 table=163039 ball=16510 ball_hz=20.5 last_ball=0.46s
viewer_status ball stale msgs=343873 total_hz=426.0 base=164114 table=163249 ball=16510 ball_hz=20.5 last_ball=1.51s
viewer_status ball stale msgs=344293 total_hz=426.0 base=164324 table=163459 ball=16510 ball_hz=20.4 last_ball=2.56s
viewer_status ball stale msgs=344715 total_hz=426.0 base=164535 table=163670 ball=16510 ball_hz=20.4 last_ball=3.61s
viewer_status ball stale msgs=345137 total_hz=425.9 base=164746 table=163881 ball=16510 ball_hz=20.4 last_ball=4.67s
viewer_status ball stale msgs=345559 total_hz=425.9 base=164957 table=164092 ball=16510 ball_hz=20.3 last_ball=5.72s
viewer_status ball stale msgs=345980 total_hz=425.9 base=165168 table=164302 ball=16510 ball_hz=20.3 last_ball=6.77s
viewer_status ball stale msgs=346400 total_hz=425.8 base=165378 table=164512 ball=16510 ball_hz=20.3 last_ball=7.82s
viewer_status ball stale msgs=346820 total_hz=425.8 base=165588 table=164722 ball=16510 ball_hz=20.3 last_ball=8.89s
viewer_status ball stale msgs=347240 total_hz=425.8 base=165798 table=164932 ball=16510 ball_hz=20.2 last_ball=9.94s
planner_eval new=166 total=6055 latest=0.08cm/0.5ms median=8.73cm/89.4ms p90=27.44cm/248.6ms
viewer_status ball ok msgs=348918 total_hz=426.7 base=166390 table=165471 ball=17057 ball_hz=20.9 last_ball=-0.50s
viewer_status ball stale msgs=349128 total_hz=426.5 base=166495 table=165576 ball=17057 ball_hz=20.8 last_ball=0.53s
viewer_status ball stale msgs=349548 total_hz=426.4 base=166705 table=165786 ball=17057 ball_hz=20.8 last_ball=1.59s
viewer_status ball stale msgs=349970 total_hz=426.4 base=166916 table=165997 ball=17057 ball_hz=20.8 last_ball=2.64s
viewer_status ball stale msgs=350390 total_hz=426.3 base=167126 table=166207 ball=17057 ball_hz=20.8 last_ball=3.70s
viewer_status ball stale msgs=350810 total_hz=426.3 base=167336 table=166417 ball=17057 ball_hz=20.7 last_ball=4.75s
viewer_status ball stale msgs=351230 total_hz=426.3 base=167546 table=166627 ball=17057 ball_hz=20.7 last_ball=5.82s
viewer_status ball stale msgs=351650 total_hz=426.2 base=167756 table=166837 ball=17057 ball_hz=20.7 last_ball=6.87s
viewer_status ball stale msgs=352070 total_hz=426.2 base=167966 table=167047 ball=17057 ball_hz=20.6 last_ball=7.91s
viewer_status ball stale msgs=352492 total_hz=426.2 base=168177 table=167258 ball=17057 ball_hz=20.6 last_ball=8.98s
viewer_status ball stale msgs=352912 total_hz=426.1 base=168387 table=167468 ball=17057 ball_hz=20.6 last_ball=10.02s
viewer_status ball stale msgs=353333 total_hz=426.1 base=168598 table=167678 ball=17057 ball_hz=20.6 last_ball=11.07s
viewer_status ball ok msgs=354836 total_hz=427.4 base=169170 table=168214 ball=17452 ball_hz=21.0 last_ball=-1.50s
planner_eval new=154 total=6209 latest=0.02cm/0.1ms median=9.02cm/89.3ms p90=27.41cm/247.8ms
viewer_status ball ok msgs=355202 total_hz=427.0 base=169299 table=168333 ball=17570 ball_hz=21.1 last_ball=-0.49s
viewer_status ball stale msgs=355412 total_hz=426.7 base=169404 table=168438 ball=17570 ball_hz=21.1 last_ball=0.53s
viewer_status ball stale msgs=355832 total_hz=426.7 base=169614 table=168648 ball=17570 ball_hz=21.1 last_ball=1.58s
viewer_status ball stale msgs=356254 total_hz=426.7 base=169825 table=168859 ball=17570 ball_hz=21.0 last_ball=2.62s
viewer_status ball stale msgs=356674 total_hz=426.7 base=170035 table=169069 ball=17570 ball_hz=21.0 last_ball=3.67s
viewer_status ball stale msgs=357094 total_hz=426.6 base=170245 table=169279 ball=17570 ball_hz=21.0 last_ball=4.72s
viewer_status ball stale msgs=357514 total_hz=426.6 base=170455 table=169489 ball=17570 ball_hz=21.0 last_ball=5.77s
viewer_status ball stale msgs=357934 total_hz=426.5 base=170665 table=169699 ball=17570 ball_hz=20.9 last_ball=6.84s
viewer_status ball stale msgs=358358 total_hz=426.5 base=170877 table=169911 ball=17570 ball_hz=20.9 last_ball=7.89s
viewer_status ball stale msgs=358778 total_hz=426.5 base=171087 table=170121 ball=17570 ball_hz=20.9 last_ball=8.94s
viewer_status ball stale msgs=359200 total_hz=426.4 base=171298 table=170332 ball=17570 ball_hz=20.9 last_ball=9.99s
viewer_status ball stale msgs=359620 total_hz=426.4 base=171508 table=170542 ball=17570 ball_hz=20.8 last_ball=11.05s
viewer_status ball stale msgs=360044 total_hz=426.4 base=171720 table=170754 ball=17570 ball_hz=20.8 last_ball=12.11s
viewer_status ball stale msgs=360464 total_hz=426.3 base=171930 table=170964 ball=17570 ball_hz=20.8 last_ball=13.16s
viewer_status ball stale msgs=360886 total_hz=426.3 base=172141 table=171175 ball=17570 ball_hz=20.8 last_ball=14.21s
viewer_status ball stale msgs=361306 total_hz=426.3 base=172351 table=171385 ball=17570 ball_hz=20.7 last_ball=15.26s
planner_eval new=154 total=6363 latest=0.05cm/0.1ms median=9.03cm/89.3ms p90=27.37cm/247.1ms
viewer_status ball ok msgs=362959 total_hz=427.1 base=172990 table=171962 ball=18007 ball_hz=21.2 last_ball=-0.49s
viewer_status ball stale msgs=363169 total_hz=426.9 base=173095 table=172067 ball=18007 ball_hz=21.2 last_ball=0.53s
viewer_status ball stale msgs=363589 total_hz=426.8 base=173305 table=172277 ball=18007 ball_hz=21.1 last_ball=1.59s
viewer_status ball stale msgs=364011 total_hz=426.8 base=173516 table=172488 ball=18007 ball_hz=21.1 last_ball=2.64s
viewer_status ball stale msgs=364433 total_hz=426.8 base=173727 table=172699 ball=18007 ball_hz=21.1 last_ball=3.69s
viewer_status ball stale msgs=364855 total_hz=426.7 base=173938 table=172910 ball=18007 ball_hz=21.1 last_ball=4.73s
viewer_status ball stale msgs=365277 total_hz=426.7 base=174149 table=173121 ball=18007 ball_hz=21.0 last_ball=5.78s
viewer_status ball stale msgs=365697 total_hz=426.7 base=174359 table=173331 ball=18007 ball_hz=21.0 last_ball=6.83s
viewer_status ball stale msgs=366117 total_hz=426.6 base=174569 table=173541 ball=18007 ball_hz=21.0 last_ball=7.87s
viewer_status ball stale msgs=366537 total_hz=426.6 base=174779 table=173751 ball=18007 ball_hz=21.0 last_ball=8.93s
viewer_status ball stale msgs=366957 total_hz=426.6 base=174989 table=173961 ball=18007 ball_hz=20.9 last_ball=9.99s
viewer_status ball stale msgs=367377 total_hz=426.5 base=175199 table=174171 ball=18007 ball_hz=20.9 last_ball=11.05s
viewer_status ball stale msgs=367799 total_hz=426.5 base=175410 table=174382 ball=18007 ball_hz=20.9 last_ball=12.10s
viewer_status ball stale msgs=368219 total_hz=426.5 base=175620 table=174592 ball=18007 ball_hz=20.9 last_ball=13.15s
viewer_status ball stale msgs=368639 total_hz=426.4 base=175830 table=174802 ball=18007 ball_hz=20.8 last_ball=14.21s
viewer_status ball stale msgs=369063 total_hz=426.4 base=176042 table=175014 ball=18007 ball_hz=20.8 last_ball=15.26s
viewer_status ball stale msgs=369485 total_hz=426.4 base=176253 table=175225 ball=18007 ball_hz=20.8 last_ball=16.30s
viewer_status ball stale msgs=369905 total_hz=426.3 base=176463 table=175435 ball=18007 ball_hz=20.8 last_ball=17.34s
viewer_status ball stale msgs=370325 total_hz=426.3 base=176673 table=175645 ball=18007 ball_hz=20.7 last_ball=18.40s
viewer_status ball stale msgs=370745 total_hz=426.3 base=176883 table=175855 ball=18007 ball_hz=20.7 last_ball=19.45s
viewer_status ball stale msgs=371165 total_hz=426.3 base=177093 table=176065 ball=18007 ball_hz=20.7 last_ball=20.49s
viewer_status ball stale msgs=371585 total_hz=426.2 base=177303 table=176275 ball=18007 ball_hz=20.7 last_ball=21.54s
viewer_status ball stale msgs=372005 total_hz=426.2 base=177513 table=176485 ball=18007 ball_hz=20.6 last_ball=22.59s
viewer_status ball stale msgs=372427 total_hz=426.2 base=177724 table=176696 ball=18007 ball_hz=20.6 last_ball=23.64s
viewer_status ball stale msgs=372851 total_hz=426.1 base=177936 table=176908 ball=18007 ball_hz=20.6 last_ball=24.69s
viewer_status ball stale msgs=373271 total_hz=426.1 base=178146 table=177118 ball=18007 ball_hz=20.6 last_ball=25.74s
viewer_status ball stale msgs=373693 total_hz=426.1 base=178357 table=177329 ball=18007 ball_hz=20.5 last_ball=26.80s
viewer_status ball ok msgs=374125 total_hz=426.0 base=178572 table=177541 ball=18012 ball_hz=20.5 last_ball=-0.00s
viewer_status ball stale msgs=374549 total_hz=426.0 base=178784 table=177753 ball=18012 ball_hz=20.5 last_ball=1.04s
viewer_status ball ok msgs=374969 total_hz=426.0 base=178994 table=177962 ball=18013 ball_hz=20.5 last_ball=0.37s
viewer_status ball stale msgs=375389 total_hz=426.0 base=179204 table=178172 ball=18013 ball_hz=20.4 last_ball=1.42s
viewer_status ball stale msgs=375811 total_hz=425.9 base=179415 table=178383 ball=18013 ball_hz=20.4 last_ball=2.47s
viewer_status ball stale msgs=376231 total_hz=425.9 base=179625 table=178593 ball=18013 ball_hz=20.4 last_ball=3.51s
viewer_status ball stale msgs=376651 total_hz=425.9 base=179835 table=178803 ball=18013 ball_hz=20.4 last_ball=4.54s
viewer_status ball stale msgs=377078 total_hz=425.9 base=180047 table=179014 ball=18017 ball_hz=20.3 last_ball=0.60s
viewer_status ball stale msgs=377504 total_hz=425.9 base=180259 table=179225 ball=18020 ball_hz=20.3 last_ball=0.52s
viewer_status ball ok msgs=377926 total_hz=425.8 base=180470 table=179434 ball=18022 ball_hz=20.3 last_ball=0.15s
viewer_status ball ok msgs=378356 total_hz=425.8 base=180685 table=179646 ball=18025 ball_hz=20.3 last_ball=0.15s
viewer_status ball ok msgs=378782 total_hz=425.8 base=180898 table=179856 ball=18028 ball_hz=20.3 last_ball=0.08s
viewer_status ball ok msgs=379223 total_hz=425.8 base=181113 table=180067 ball=18043 ball_hz=20.3 last_ball=-0.00s
viewer_status ball ok msgs=379648 total_hz=425.8 base=181310 table=180259 ball=18079 ball_hz=20.3 last_ball=0.08s
viewer_status ball ok msgs=380065 total_hz=425.7 base=181514 table=180459 ball=18092 ball_hz=20.3 last_ball=-0.01s
viewer_status ball ok msgs=380472 total_hz=425.7 base=181717 table=180655 ball=18100 ball_hz=20.3 last_ball=0.08s
viewer_status ball ok msgs=380881 total_hz=425.7 base=181917 table=180852 ball=18112 ball_hz=20.2 last_ball=0.08s
viewer_status ball ok msgs=381283 total_hz=425.7 base=182117 table=181047 ball=18119 ball_hz=20.2 last_ball=0.08s
viewer_status ball ok msgs=381705 total_hz=425.6 base=182321 table=181245 ball=18139 ball_hz=20.2 last_ball=-0.00s
viewer_status ball ok msgs=382127 total_hz=425.6 base=182527 table=181444 ball=18156 ball_hz=20.2 last_ball=0.16s
viewer_status ball ok msgs=382552 total_hz=425.6 base=182735 table=181644 ball=18173 ball_hz=20.2 last_ball=-0.00s
viewer_status ball ok msgs=382985 total_hz=425.6 base=182941 table=181844 ball=18200 ball_hz=20.2 last_ball=-0.01s
viewer_status ball ok msgs=383421 total_hz=425.6 base=183148 table=182046 ball=18227 ball_hz=20.2 last_ball=-0.00s
viewer_status ball ok msgs=383824 total_hz=425.5 base=183338 table=182229 ball=18257 ball_hz=20.2 last_ball=-0.00s
viewer_status ball ok msgs=384266 total_hz=425.5 base=183547 table=182432 ball=18287 ball_hz=20.2 last_ball=-0.01s
viewer_status ball ok msgs=384707 total_hz=425.5 base=183745 table=182624 ball=18338 ball_hz=20.3 last_ball=-0.01s
viewer_status ball ok msgs=385144 total_hz=425.5 base=183944 table=182810 ball=18390 ball_hz=20.3 last_ball=-0.01s
viewer_status ball ok msgs=385640 total_hz=425.6 base=184147 table=183007 ball=18486 ball_hz=20.4 last_ball=-0.05s
viewer_status ball ok msgs=386014 total_hz=425.5 base=184286 table=183141 ball=18587 ball_hz=20.5 last_ball=-0.03s
viewer_status ball ok msgs=386397 total_hz=425.5 base=184426 table=183276 ball=18695 ball_hz=20.6 last_ball=-0.04s
viewer_status ball ok msgs=386811 total_hz=425.4 base=184579 table=183418 ball=18814 ball_hz=20.7 last_ball=-0.05s
viewer_status ball ok msgs=387154 total_hz=425.3 base=184705 table=183538 ball=18911 ball_hz=20.8 last_ball=-0.02s
viewer_status ball ok msgs=387424 total_hz=425.1 base=184807 table=183640 ball=18977 ball_hz=20.8 last_ball=-0.00s
viewer_status ball ok msgs=387743 total_hz=425.0 base=184960 table=183792 ball=18991 ball_hz=20.8 last_ball=0.49s
viewer_status ball stale msgs=388165 total_hz=425.0 base=185171 table=184003 ball=18991 ball_hz=20.8 last_ball=1.54s
viewer_status ball stale msgs=388557 total_hz=425.0 base=185367 table=184199 ball=18991 ball_hz=20.8 last_ball=2.55s
viewer_status ball stale msgs=388977 total_hz=424.9 base=185577 table=184409 ball=18991 ball_hz=20.7 last_ball=3.60s
viewer_status ball stale msgs=389397 total_hz=424.9 base=185787 table=184619 ball=18991 ball_hz=20.7 last_ball=4.66s
viewer_status ball stale msgs=389819 total_hz=424.9 base=185999 table=184829 ball=18991 ball_hz=20.7 last_ball=5.71s
viewer_status ball stale msgs=390241 total_hz=424.8 base=186210 table=185040 ball=18991 ball_hz=20.7 last_ball=6.75s
viewer_status ball stale msgs=390631 total_hz=424.8 base=186405 table=185235 ball=18991 ball_hz=20.7 last_ball=7.76s
viewer_status ball ok msgs=391023 total_hz=424.8 base=186601 table=185430 ball=18992 ball_hz=20.6 last_ball=0.15s
viewer_status ball stale msgs=391443 total_hz=424.7 base=186811 table=185640 ball=18992 ball_hz=20.6 last_ball=1.20s
viewer_status ball stale msgs=391863 total_hz=424.7 base=187021 table=185850 ball=18992 ball_hz=20.6 last_ball=2.25s
