row_index,host_time_s,elapsed_s,frame_number,vicon_time_s,x_m,y_m,z_m,vx_mps,valid,occluded
0,1784097311.308911324,0.001588106,20648358,68827.860000000,2.932832932,-0.418029107,1.442659975,,1,0
1,1784097311.311880350,0.004557133,20648359,68827.863333333,2.932926233,-0.418045975,1.442647431,0.027990224,1,0
2,1784097311.315026283,0.007703066,20648360,68827.866666667,2.933021192,-0.418129446,1.442644298,0.028487827,1,0
3,1784097311.318359375,0.011036158,20648361,68827.870000000,2.933114809,-0.418186606,1.442615793,0.028084985,1,0
4,1784097311.321940660,0.014617443,20648362,68827.873333333,2.933251054,-0.418230268,1.442576050,0.040873583,1,0
5,1784097311.325455427,0.018132210,20648363,68827.876666667,2.933355458,-0.418287354,1.442555418,0.031321176,1,0
6,1784097311.328572750,0.021249533,20648364,68827.880000000,2.933466543,-0.418317237,1.442547344,0.033325314,1,0
7,1784097311.332331181,0.025007963,20648365,68827.883333333,2.933551678,-0.418383209,1.442538236,0.025540655,1,0
8,1784097311.335587502,0.028264284,20648366,68827.886666667,2.933693152,-0.418464383,1.442527369,0.042442290,1,0
9,1784097311.339400530,0.032077312,20648367,68827.890000000,2.933767266,-0.418539709,1.442525149,0.022234038,1,0
10,1784097311.342711210,0.035387993,20648368,68827.893333333,2.933904339,-0.418606346,1.442479883,0.041121913,1,0
11,1784097311.345271587,0.037948370,20648369,68827.896666667,2.933997211,-0.418696229,1.442477307,0.027861589,1,0
12,1784097311.348556042,0.041232824,20648370,68827.900000000,2.934118398,-0.418776328,1.442462108,0.036356057,1,0
13,1784097311.351803064,0.044479847,20648371,68827.903333333,2.934219499,-0.418830725,1.442470460,0.030330239,1,0
14,1784097311.355336666,0.048013449,20648372,68827.906666667,2.934317901,-0.418937373,1.442493735,0.029520845,1,0
15,1784097311.358988047,0.051664829,20648373,68827.910000000,2.934439993,-0.419043138,1.442507308,0.036627525,1,0
16,1784097311.361804247,0.054481030,20648374,68827.913333333,2.934607651,-0.419124853,1.442531428,0.050297387,1,0
17,1784097311.365167856,0.057844639,20648375,68827.916666667,2.934719307,-0.419274237,1.442565510,0.033496768,1,0
18,1784097311.368507862,0.061184645,20648376,68827.920000000,2.933973714,-0.419413878,1.442605519,-0.223677813,1,0
19,1784097311.371981859,0.064658642,20648377,68827.923333333,2.934088708,-0.419535297,1.442654338,0.034498013,1,0
20,1784097311.375683784,0.068360567,20648378,68827.926666667,2.934317307,-0.419690315,1.442706956,0.068579798,1,0
21,1784097311.378610134,0.071286917,20648379,68827.930000000,2.935509609,-0.419729585,1.442748411,0.357690472,1,0
22,1784097311.381820440,0.074497223,20648380,68827.933333333,2.935729789,-0.419881980,1.442847021,0.066054294,1,0
23,1784097311.385042191,0.077718973,20648381,68827.936666667,2.935931431,-0.420024223,1.442948991,0.060492495,1,0
24,1784097311.388673782,0.081350565,20648382,68827.940000000,2.936118724,-0.420210000,1.443073990,0.056187996,1,0
25,1784097311.392153740,0.084830523,20648383,68827.943333333,2.936310217,-0.420393350,1.443262882,0.057447899,1,0
26,1784097311.395373583,0.088050365,20648384,68827.946666667,2.936580076,-0.420529108,1.443419256,0.080957554,1,0
27,1784097311.398508310,0.091185093,20648385,68827.950000000,2.936821214,-0.420679770,1.443633059,0.072341262,1,0
28,1784097311.401727915,0.094404697,20648386,68827.953333333,2.937058154,-0.420894362,1.443844619,0.071082117,1,0
29,1784097311.405238390,0.097915173,20648387,68827.956666667,2.937309589,-0.421107259,1.444098419,0.075430409,1,0
30,1784097311.408863783,0.101540565,20648388,68827.960000000,2.937538561,-0.421308876,1.444353835,0.068691633,1,0
31,1784097311.411836624,0.104513407,20648389,68827.963333333,2.936703813,-0.421609133,1.444718153,-0.250424401,1,0
32,1784097311.415068626,0.107745409,20648390,68827.966666667,2.938132714,-0.421725098,1.444994823,0.428670448,1,0
33,1784097311.418321609,0.110998392,20648391,68827.970000000,2.938394101,-0.421981770,1.445372137,0.078416102,1,0
34,1784097311.421867609,0.114544392,20648392,68827.973333333,2.938528451,-0.422200351,1.445852682,0.040305027,1,0
35,1784097311.425609589,0.118286371,20648393,68827.976666667,2.937587220,-0.422617369,1.446389018,-0.282369245,1,0
36,1784097311.428450108,0.121126890,20648394,68827.980000000,2.938990416,-0.422735425,1.446948993,0.420958516,1,0
37,1784097311.431869745,0.124546528,20648395,68827.983333333,2.939166205,-0.422971989,1.447591450,0.052736947,1,0
38,1784097311.435090065,0.127766848,20648396,68827.986666667,2.939294356,-0.423165897,1.448264033,0.038445166,1,0
39,1784097311.438593864,0.131270647,20648397,68827.990000000,2.939335662,-0.423409620,1.449013860,0.012391821,1,0
40,1784097311.442227125,0.134903908,20648398,68827.993333333,2.939525701,-0.423625634,1.449864618,0.057011768,1,0
41,1784097311.445197105,0.137873888,20648399,68827.996666667,2.939604270,-0.423756422,1.450740754,0.023570565,1,0
42,1784097311.448485136,0.141161919,20648400,68828.000000000,2.938266367,-0.423909645,1.452627600,-0.401370905,1,0
43,1784097311.451894522,0.144571304,20648401,68828.003333333,2.938346430,-0.423990713,1.453641221,0.024019046,1,0
44,1784097311.455322742,0.147999525,20648402,68828.006666667,2.938701350,-0.424089953,1.454565335,0.106475968,1,0
45,1784097311.458961487,0.151638269,20648403,68828.010000000,2.939586664,-0.424192947,1.455293172,0.265594148,1,0
46,1784097311.461874723,0.154551506,20648404,68828.013333333,2.939709247,-0.423873517,1.456315179,0.036775020,1,0
47,1784097311.465266705,0.157943487,20648405,68828.016666667,2.939170714,-0.423733410,1.457856767,-0.161559966,1,0
48,1784097311.468570709,0.161247492,20648406,68828.020000000,2.938316863,-0.424008555,1.459743312,-0.256155459,1,0
49,1784097311.472192287,0.164869070,20648407,68828.023333333,2.938395674,-0.423982539,1.461037157,0.023643397,1,0
50,1784097311.475678444,0.168355227,20648408,68828.026666667,2.938633412,-0.422554209,1.462427813,0.071321441,1,0
51,1784097311.478805542,0.171482325,20648409,68828.030000000,2.937905880,-0.422138574,1.464192745,-0.218259657,1,0
52,1784097311.481875896,0.174552679,20648410,68828.033333333,2.937361832,-0.421591640,1.466002393,-0.163214217,1,0
53,1784097311.485243797,0.177920580,20648411,68828.036666667,2.936713368,-0.421008252,1.467886093,-0.194539329,1,0
54,1784097311.488987207,0.181663990,20648412,68828.040000000,2.935946888,-0.420290826,1.469856908,-0.229943954,1,0
55,1784097311.492302895,0.184979677,20648413,68828.043333333,2.935089235,-0.419570029,1.471851414,-0.257295939,1,0
56,1784097311.495546341,0.188223124,20648414,68828.046666667,2.934086518,-0.418761359,1.473967602,-0.300815132,1,0
57,1784097311.498534679,0.191211462,20648415,68828.050000000,2.932954046,-0.417951081,1.476176798,-0.339741529,1,0
58,1784097311.501846313,0.194523096,20648416,68828.053333333,2.931695415,-0.417077114,1.478400242,-0.377589280,1,0
59,1784097311.505495787,0.198172569,20648417,68828.056666667,2.930273523,-0.416168820,1.480758419,-0.426567709,1,0
60,1784097311.508893490,0.201570272,20648418,68828.060000000,2.928746145,-0.415165732,1.483115704,-0.458213442,1,0
61,1784097311.511977911,0.204654694,20648419,68828.063333333,2.927028503,-0.414143766,1.485543930,-0.515292385,1,0
62,1784097311.515254498,0.207931280,20648420,68828.066666667,2.925339224,-0.413418004,1.487829446,-0.506783840,1,0
63,1784097311.518496752,0.211173534,20648421,68828.070000000,2.923017879,-0.412683974,1.490669367,-0.696403502,1,0
64,1784097311.522514105,0.215190887,20648422,68828.073333333,2.920880151,-0.410835153,1.493093001,-0.641318322,1,0
65,1784097311.525708437,0.218385220,20648423,68828.076666667,2.918416320,-0.409655159,1.495701014,-0.739149352,1,0
66,1784097311.528683662,0.221360445,20648424,68828.080000000,2.915715462,-0.408477216,1.498303819,-0.810257517,1,0
67,1784097311.531883001,0.224559784,20648425,68828.083333333,2.912816436,-0.407133286,1.500942018,-0.869707844,1,0
68,1784097311.535402060,0.228078842,20648426,68828.086666667,2.909670084,-0.405761419,1.503544974,-0.943905534,1,0
69,1784097311.538709164,0.231385946,20648427,68828.090000000,2.906158220,-0.404424875,1.506215860,-1.053559285,1,0
70,1784097311.542172194,0.234848976,20648428,68828.093333333,2.902303142,-0.403029469,1.508937443,-1.156523106,1,0
71,1784097311.545244932,0.237921715,20648429,68828.096666667,2.898197092,-0.401503794,1.511623340,-1.231815249,1,0
72,1784097311.548506021,0.241182804,20648430,68828.100000000,2.893705819,-0.399981675,1.514426855,-1.347381690,1,0
73,1784097311.551874161,0.244550943,20648431,68828.103333333,2.888880459,-0.398317294,1.517166647,-1.447608217,1,0
74,1784097311.555433512,0.248110294,20648432,68828.106666667,2.883637686,-0.396692752,1.520026614,-1.572831747,1,0
75,1784097311.558921814,0.251598597,20648433,68828.110000000,2.877997165,-0.394941532,1.522952055,-1.692156333,1,0
76,1784097311.561810255,0.254487038,20648434,68828.113333333,2.871877744,-0.393224473,1.525961894,-1.835826242,1,0
77,1784097311.565049648,0.257726431,20648435,68828.116666667,2.865291469,-0.391574421,1.529143478,-1.975882420,1,0
78,1784097311.568382978,0.261059761,20648436,68828.120000000,2.858253311,-0.389848956,1.532391680,-2.111447670,1,0
79,1784097311.571917534,0.264594316,20648437,68828.123333333,2.850727296,-0.388106897,1.535643908,-2.257804307,1,0
80,1784097311.575405121,0.268081903,20648438,68828.126666667,2.842687124,-0.386542758,1.539073245,-2.412051773,1,0
81,1784097311.578478813,0.271155596,20648439,68828.130000000,2.834220806,-0.384908934,1.542477164,-2.539895432,1,0
82,1784097311.581887722,0.274564505,20648440,68828.133333333,2.825337629,-0.383245592,1.545878485,-2.664952930,1,0
83,1784097311.585307360,0.277984142,20648441,68828.136666667,2.815981714,-0.381769438,1.549375717,-2.806774580,1,0
84,1784097311.588696003,0.281372786,20648442,68828.140000000,2.806244408,-0.380199789,1.552774484,-2.921191749,1,0
85,1784097311.592248917,0.284925699,20648443,68828.143333333,2.796171255,-0.378633271,1.556113661,-3.021945764,1,0
86,1784097311.595175028,0.287851810,20648444,68828.146666667,2.785781131,-0.377198359,1.559459983,-3.117037449,1,0
87,1784097311.598515749,0.291192532,20648445,68828.150000000,2.775079166,-0.375733490,1.562748931,-3.210589285,1,0
88,1784097311.601859808,0.294536591,20648446,68828.153333333,2.764156520,-0.374240543,1.565912132,-3.276793783,1,0
89,1784097311.605652809,0.298329592,20648447,68828.156666667,2.753077613,-0.372799360,1.569043476,-3.323672215,1,0
90,1784097311.609087944,0.301764727,20648448,68828.160000000,2.741891560,-0.371334485,1.572070800,-3.355815760,1,0
91,1784097311.612059116,0.304735899,20648449,68828.163333333,2.730661447,-0.369781197,1.574984446,-3.369034137,1,0
92,1784097311.615150928,0.307827711,20648450,68828.166666667,2.719542409,-0.368208236,1.577684989,-3.335711398,1,0
93,1784097311.618462801,0.311139584,20648451,68828.170000000,2.708336068,-0.366734079,1.580385083,-3.361902078,1,0
94,1784097311.622071981,0.314748764,20648452,68828.173333333,2.697272019,-0.365169598,1.582919925,-3.319214855,1,0
95,1784097311.625599861,0.318276644,20648453,68828.176666667,2.686233762,-0.363235389,1.585069849,-3.311477147,1,0
96,1784097311.628532171,0.321208954,20648454,68828.180000000,2.675074539,-0.362116776,1.587698686,-3.347766893,1,0
97,1784097311.631770849,0.324447632,20648455,68828.183333333,2.664017337,-0.360599009,1.589968390,-3.317160631,1,0
98,1784097311.635192871,0.327869654,20648456,68828.186666667,2.652930912,-0.359095851,1.592070873,-3.325927538,1,0
99,1784097311.638733864,0.331410646,20648457,68828.190000000,2.641900445,-0.357632158,1.594118875,-3.309139966,1,0
100,1784097311.642565966,0.335242748,20648458,68828.193333333,2.630852208,-0.356098049,1.596056901,-3.314471136,1,0
101,1784097311.645391941,0.338068724,20648459,68828.196666667,2.619860472,-0.354528179,1.597804511,-3.297520660,1,0
102,1784097311.648609638,0.341286421,20648460,68828.200000000,2.606450199,-0.353853823,1.600899564,-4.023081999,1,0
103,1784097311.651874304,0.344551086,20648461,68828.203333333,2.595616292,-0.352213191,1.602559797,-3.250172213,1,0
104,1784097311.655537844,0.348214626,20648462,68828.206666667,2.584722009,-0.350594896,1.604076507,-3.268284744,1,0
105,1784097311.659088135,0.351764917,20648463,68828.210000000,2.573813420,-0.349033171,1.605496159,-3.272576697,1,0
106,1784097311.661959171,0.354635954,20648464,68828.213333333,2.562868461,-0.347466324,1.606805196,-3.283487741,1,0
107,1784097311.665246725,0.357923508,20648465,68828.216666667,2.551915362,-0.345925630,1.608022484,-3.285929717,1,0
108,1784097311.668608665,0.361285448,20648466,68828.220000000,2.540802814,-0.344479664,1.609296846,-3.333764361,1,0
109,1784097311.671990156,0.364666939,20648467,68828.223333333,2.529797902,-0.343027051,1.610305903,-3.301473737,1,0
110,1784097311.675647259,0.368324041,20648468,68828.226666667,2.518993767,-0.341581138,1.611036146,-3.241240382,1,0
111,1784097311.678731441,0.371408224,20648469,68828.230000000,2.508186263,-0.340091978,1.611670805,-3.242251086,1,0
112,1784097311.681863785,0.374540567,20648470,68828.233333333,2.497267578,-0.338580521,1.612306628,-3.275605738,1,0
113,1784097311.685169220,0.377846003,20648471,68828.236666667,2.486365543,-0.337078525,1.612837432,-3.270610327,1,0
114,1784097311.688650608,0.381327391,20648472,68828.240000000,2.475431403,-0.335559515,1.613240713,-3.280242192,1,0
115,1784097311.692862988,0.385539770,20648473,68828.243333333,2.464583731,-0.334039539,1.613520995,-3.254301358,1,0
116,1784097311.695439100,0.388115883,20648474,68828.246666667,2.453702785,-0.332532101,1.613710043,-3.264283916,1,0
117,1784097311.698679924,0.391356707,20648475,68828.250000000,2.442858818,-0.331044078,1.613772288,-3.253189964,1,0
118,1784097311.701968670,0.394645452,20648476,68828.253333333,2.432021727,-0.329559129,1.613714069,-3.251127582,1,0
119,1784097311.705591202,0.398267984,20648477,68828.256666667,2.421211934,-0.328048697,1.613591345,-3.242937737,1,0
120,1784097311.708785295,0.401462078,20648478,68828.260000000,2.410474932,-0.326553627,1.613265721,-3.221100769,1,0
121,1784097311.711937428,0.404614210,20648479,68828.263333333,2.399458076,-0.325082524,1.613117225,-3.305056638,1,0
122,1784097311.715313673,0.407990456,20648480,68828.266666667,2.391193467,-0.323150653,1.610821117,-2.479382817,1,0
123,1784097311.718536854,0.411213636,20648481,68828.270000000,2.379909689,-0.321500550,1.610626068,-3.385133362,1,0
124,1784097311.722016573,0.414693356,20648482,68828.273333333,2.369215555,-0.320048582,1.609948544,-3.208240248,1,0
125,1784097311.725527763,0.418204546,20648483,68828.276666667,2.358483568,-0.318567612,1.609107348,-3.219596064,1,0
126,1784097311.728585482,0.421262264,20648484,68828.280000000,2.347807878,-0.317107738,1.608182710,-3.202706862,1,0
127,1784097311.731825590,0.424502373,20648485,68828.283333333,2.337111859,-0.315689489,1.607174707,-3.208805791,1,0
128,1784097311.735129356,0.427806139,20648486,68828.286666667,2.326425614,-0.314178292,1.606061349,-3.205873454,1,0
129,1784097311.738776684,0.431453466,20648487,68828.290000000,2.315724654,-0.312825832,1.604839039,-3.210288076,1,0
130,1784097311.742309332,0.434986115,20648488,68828.293333333,2.305042938,-0.311466557,1.603488219,-3.204514646,1,0
131,1784097311.745287418,0.437964201,20648489,68828.296666667,2.294365433,-0.310026567,1.602063250,-3.203251688,1,0
132,1784097311.748537540,0.441214323,20648490,68828.300000000,2.283721902,-0.308629193,1.600434894,-3.193059329,1,0
133,1784097311.751899481,0.444576263,20648491,68828.303333333,2.273042317,-0.307359263,1.598725835,-3.203875359,1,0
134,1784097311.755553722,0.448230505,20648492,68828.306666667,2.262420810,-0.305915594,1.596936495,-3.186452184,1,0
135,1784097311.759118795,0.451795578,20648493,68828.310000000,2.251779271,-0.304495311,1.595059339,-3.192461624,1,0
136,1784097311.761984110,0.454660892,20648494,68828.313333333,2.241187225,-0.303119262,1.593083560,-3.177613929,1,0
137,1784097311.765119076,0.457795858,20648495,68828.316666667,2.230582280,-0.301686540,1.590953510,-3.181483433,1,0
138,1784097311.768556356,0.461233139,20648496,68828.320000000,2.219982062,-0.300276299,1.588753875,-3.180065341,1,0
139,1784097311.772402763,0.465079546,20648497,68828.323333333,2.209397284,-0.298828188,1.586422528,-3.175433267,1,0
140,1784097311.775558710,0.468235493,20648498,68828.326666667,2.198823569,-0.297379479,1.583993119,-3.172114517,1,0
141,1784097311.778653383,0.471330166,20648499,68828.330000000,2.188252401,-0.296028705,1.581499081,-3.171350547,1,0
142,1784097311.781857729,0.474534512,20648500,68828.333333333,2.177675925,-0.294555908,1.578844981,-3.172942735,1,0
143,1784097311.785310268,0.477987051,20648501,68828.336666667,2.167113946,-0.293124497,1.576095179,-3.168593698,1,0
144,1784097311.789005756,0.481682539,20648502,68828.340000000,2.156546250,-0.291741765,1.573250984,-3.170308762,1,0
145,1784097311.792360544,0.485037327,20648503,68828.343333333,2.145973881,-0.290315824,1.570313325,-3.171710915,1,0
146,1784097311.795308828,0.487985611,20648504,68828.346666667,2.135024483,-0.289343111,1.567740744,-3.284819227,1,0
147,1784097311.798474789,0.491151571,20648505,68828.350000000,2.124474814,-0.287929237,1.564554270,-3.164900706,1,0
148,1784097311.802032471,0.494709253,20648506,68828.353333333,2.113870447,-0.286515994,1.561305877,-3.181309978,1,0
149,1784097311.805477858,0.498154640,20648507,68828.356666667,2.103260625,-0.285139264,1.557971223,-3.182946831,1,0
150,1784097311.808873892,0.501550674,20648508,68828.360000000,2.092716733,-0.283727373,1.554477927,-3.163167376,1,0
151,1784097311.811874390,0.504551172,20648509,68828.363333333,2.082189282,-0.282318907,1.550863651,-3.158235440,1,0
152,1784097311.815150023,0.507826805,20648510,68828.366666667,2.071717873,-0.280913791,1.547091948,-3.141422805,1,0
153,1784097311.818968773,0.511645555,20648511,68828.370000000,2.061223884,-0.279496064,1.543263821,-3.148196471,1,0
154,1784097311.822477102,0.515153885,20648512,68828.373333333,2.050760800,-0.278031141,1.539281742,-3.138925367,1,0
155,1784097311.825723410,0.518400192,20648513,68828.376666667,2.040335038,-0.276628775,1.535203613,-3.127728445,1,0
156,1784097311.828563690,0.521240473,20648514,68828.380000000,2.029884013,-0.275220854,1.531016905,-3.135307578,1,0
157,1784097311.831773043,0.524449825,20648515,68828.383333333,2.019475470,-0.273804539,1.526720333,-3.122562960,1,0
158,1784097311.835081100,0.527757883,20648516,68828.386666667,2.009094415,-0.272408788,1.522239299,-3.114316408,1,0
159,1784097311.838626385,0.531303167,20648517,68828.390000000,1.998784460,-0.270876798,1.517719725,-3.092986536,1,0
160,1784097311.842252970,0.534929752,20648518,68828.393333333,1.988423059,-0.269387094,1.513091483,-3.108420382,1,0
161,1784097311.845076084,0.537752867,20648519,68828.396666667,1.978098182,-0.267945178,1.508336299,-3.097463160,1,0
162,1784097311.848434687,0.541111469,20648520,68828.400000000,1.967784445,-0.266480848,1.503466229,-3.094120930,1,0
163,1784097311.851807117,0.544483900,20648521,68828.403333333,1.957405262,-0.264966942,1.498490934,-3.113755029,1,0
164,1784097311.855319262,0.547996044,20648522,68828.406666667,1.946999333,-0.263412189,1.493425586,-3.121778608,1,0
165,1784097311.858752489,0.551429272,20648523,68828.410000000,1.936702297,-0.261888166,1.488215791,-3.089110703,1,0
166,1784097311.861797571,0.554474354,20648524,68828.413333333,1.926434156,-0.260366672,1.482895752,-3.080442388,1,0
167,1784097311.865075350,0.557752132,20648525,68828.416666667,1.916190389,-0.258894526,1.477499792,-3.073130061,1,0
168,1784097311.868609190,0.561285973,20648526,68828.420000000,1.905956682,-0.257403993,1.471957863,-3.070112235,1,0
169,1784097311.872010946,0.564687729,20648527,68828.423333333,1.895733885,-0.255945141,1.466340876,-3.066839167,1,0
170,1784097311.875391722,0.568068504,20648528,68828.426666667,1.885566199,-0.254476783,1.460620428,-3.050305521,1,0
171,1784097311.878699780,0.571376562,20648529,68828.430000000,1.875362177,-0.253021978,1.454807340,-3.061206803,1,0
172,1784097311.881780386,0.574457169,20648530,68828.433333333,1.865124281,-0.251541245,1.448905652,-3.071368830,1,0
173,1784097311.885214090,0.577890873,20648531,68828.436666667,1.854934017,-0.250094389,1.442909137,-3.057079032,1,0
174,1784097311.888665676,0.581342459,20648532,68828.440000000,1.844748597,-0.248631521,1.436805281,-3.055626081,1,0
175,1784097311.891983271,0.584660053,20648533,68828.443333333,1.834570208,-0.247193355,1.430584900,-3.053516631,1,0
176,1784097311.895565748,0.588242531,20648534,68828.446666667,1.824424784,-0.245742186,1.424253039,-3.043627338,1,0
177,1784097311.898443937,0.591120720,20648535,68828.450000000,1.814283925,-0.244308992,1.417872227,-3.042257567,1,0
178,1784097311.901834011,0.594510794,20648536,68828.453333333,1.804135415,-0.242845430,1.411361654,-3.044553196,1,0
179,1784097311.905315876,0.597992659,20648537,68828.456666667,1.794007193,-0.241384965,1.404755562,-3.038466355,1,0
180,1784097311.908896685,0.601573467,20648538,68828.460000000,1.783887870,-0.239924058,1.398058081,-3.035797074,1,0
181,1784097311.911899090,0.604575872,20648539,68828.463333333,1.773769280,-0.238476401,1.391236422,-3.035576900,1,0
182,1784097311.915189743,0.607866526,20648540,68828.466666667,1.763725020,-0.237031318,1.384333276,-3.013277970,1,0
183,1784097311.918534517,0.611211300,20648541,68828.470000000,1.753648110,-0.235571507,1.377336668,-3.023073171,1,0
184,1784097311.922198296,0.614875078,20648542,68828.473333333,1.743543777,-0.234135598,1.370228892,-3.031299716,1,0
185,1784097311.925275803,0.617952585,20648543,68828.476666667,1.733516972,-0.232661792,1.363026673,-3.008041471,1,0
186,1784097311.928397655,0.621074438,20648544,68828.480000000,1.723472078,-0.231223667,1.355725781,-3.013468249,1,0
187,1784097311.931711674,0.624388456,20648545,68828.483333333,1.713445379,-0.229772759,1.348313887,-3.008009717,1,0
188,1784097311.935139894,0.627816677,20648546,68828.486666667,1.703327553,-0.228244796,1.340768079,-3.035347746,1,0
189,1784097311.938663960,0.631340742,20648547,68828.490000000,1.693324237,-0.226824460,1.333166449,-3.000994765,1,0
190,1784097311.941980600,0.634657383,20648548,68828.493333333,1.683269757,-0.225358497,1.325513269,-3.016344011,1,0
191,1784097311.945320606,0.637997389,20648549,68828.496666667,1.673240678,-0.223922174,1.317714153,-3.008723795,1,0
192,1784097311.948538065,0.641214848,20648550,68828.500000000,1.663344398,-0.222555867,1.309842511,-2.968883881,1,0
193,1784097311.951943874,0.644620657,20648551,68828.503333333,1.653337759,-0.221102895,1.301893287,-3.001991854,1,0
194,1784097311.955674887,0.648351669,20648552,68828.506666667,1.643370937,-0.219670952,1.293806923,-2.990046600,1,0
195,1784097311.958771229,0.651448011,20648553,68828.510000000,1.633374539,-0.218217804,1.285650337,-2.998919362,1,0
196,1784097311.961930037,0.654606819,20648554,68828.513333333,1.623349987,-0.216788196,1.277345373,-3.007365686,1,0
197,1784097311.965302706,0.657979488,20648555,68828.516666667,1.613351644,-0.215370912,1.269037120,-2.999502830,1,0
198,1784097311.968756676,0.661433458,20648556,68828.520000000,1.603410018,-0.213967421,1.260567744,-2.982487915,1,0
199,1784097311.972328424,0.665005207,20648557,68828.523333333,1.593503135,-0.212542658,1.251985312,-2.972064893,1,0
200,1784097311.975667715,0.668344498,20648558,68828.526666667,1.583644503,-0.211121218,1.243355588,-2.957589511,1,0
201,1784097311.978581190,0.671257973,20648559,68828.530000000,1.573755491,-0.209695881,1.234568053,-2.966703702,1,0
202,1784097311.981914520,0.674591303,20648560,68828.533333333,1.563891005,-0.208300486,1.225671550,-2.959345743,1,0
203,1784097311.985162258,0.677839041,20648561,68828.536666667,1.554049554,-0.206893158,1.216690246,-2.952435176,1,0
204,1784097311.988867521,0.681544304,20648562,68828.540000000,1.544215334,-0.205471486,1.207623235,-2.950266033,1,0
205,1784097311.992178440,0.684855223,20648563,68828.543333333,1.534377249,-0.204059322,1.198378085,-2.951425599,1,0
206,1784097311.995346546,0.688023329,20648564,68828.546666667,1.524577063,-0.202611692,1.189089664,-2.940055895,1,0
207,1784097311.998473883,0.691150665,20648565,68828.550000000,1.514803431,-0.201191155,1.179716489,-2.932089300,1,0
208,1784097312.001787424,0.694464207,20648566,68828.553333333,1.505013183,-0.199795677,1.170197567,-2.937074486,1,0
209,1784097312.005441427,0.698118210,20648567,68828.556666667,1.495253844,-0.198350201,1.160601914,-2.927801776,1,0
210,1784097312.008808613,0.701485395,20648568,68828.560000000,1.485479834,-0.196942596,1.150875874,-2.932203095,1,0
211,1784097312.011947632,0.704624414,20648569,68828.563333333,1.475716762,-0.195511829,1.141009671,-2.928921560,1,0
212,1784097312.015062332,0.707739115,20648570,68828.566666667,1.465968455,-0.194078062,1.131064170,-2.924492073,1,0
213,1784097312.018437624,0.711114407,20648571,68828.570000000,1.456281301,-0.192649536,1.121068046,-2.906146177,1,0
214,1784097312.022055626,0.714732409,20648572,68828.573333333,1.446569858,-0.191209743,1.110965502,-2.913432856,1,0
215,1784097312.025432348,0.718109131,20648573,68828.576666667,1.436886698,-0.189760052,1.100737362,-2.904948176,1,0
216,1784097312.028474808,0.721151590,20648574,68828.580000000,1.427207396,-0.188334284,1.090416365,-2.903790576,1,0
217,1784097312.031759977,0.724436760,20648575,68828.583333333,1.417583818,-0.186860274,1.079966389,-2.887073404,1,0
218,1784097312.035066366,0.727743149,20648576,68828.586666667,1.407971014,-0.185412118,1.069441420,-2.883841190,1,0
219,1784097312.038874149,0.731550932,20648577,68828.590000000,1.398366071,-0.183926144,1.058794454,-2.881482656,1,0
220,1784097312.041901112,0.734577894,20648578,68828.593333333,1.388755002,-0.182500460,1.048064266,-2.883320926,1,0
221,1784097312.045292854,0.737969637,20648579,68828.596666667,1.379236212,-0.181028809,1.037259379,-2.855636928,1,0
222,1784097312.048871994,0.741548777,20648580,68828.600000000,1.369688904,-0.179544420,1.026282565,-2.864192443,1,0
223,1784097312.051877260,0.744554043,20648581,68828.603333333,1.360125522,-0.178104579,1.015244325,-2.869014638,1,0
224,1784097312.055452824,0.748129606,20648582,68828.606666667,1.350606222,-0.176663335,1.004166595,-2.855789765,1,0
225,1784097312.058907986,0.751584768,20648583,68828.610000000,1.341123376,-0.175177264,0.992933491,-2.844853831,1,0
226,1784097312.061888933,0.754565716,20648584,68828.613333333,1.331626022,-0.173712129,0.981583729,-2.849206212,1,0
227,1784097312.065254211,0.757930994,20648585,68828.616666667,1.322156230,-0.172258988,0.970188674,-2.840937801,1,0
228,1784097312.068450451,0.761127234,20648586,68828.620000000,1.312691216,-0.170803226,0.958681936,-2.839503968,1,0
229,1784097312.072053432,0.764730215,20648587,68828.623333333,1.303274686,-0.169351356,0.947106731,-2.824959061,1,0
230,1784097312.075526714,0.768203497,20648588,68828.626666667,1.293846117,-0.167875146,0.935430172,-2.828570811,1,0
231,1784097312.078529358,0.771206141,20648589,68828.630000000,1.284456286,-0.166433205,0.923646286,-2.816949188,1,0
232,1784097312.081967592,0.774644375,20648590,68828.633333333,1.275083187,-0.164938393,0.911712735,-2.811929833,1,0
233,1784097312.085080385,0.777757168,20648591,68828.636666667,1.265745991,-0.163502437,0.899751599,-2.801158705,1,0
234,1784097312.088804245,0.781481028,20648592,68828.640000000,1.256440612,-0.162028337,0.887684628,-2.791613590,1,0
235,1784097312.092153788,0.784830570,20648593,68828.643333333,1.247186996,-0.160510781,0.875469405,-2.776084915,1,0
236,1784097312.095157146,0.787833929,20648594,68828.646666667,1.237879264,-0.159069842,0.863218148,-2.792319745,1,0
237,1784097312.098897934,0.791574717,20648595,68828.650000000,1.228564670,-0.157583882,0.850875606,-2.794378141,1,0
238,1784097312.101818085,0.794494867,20648596,68828.653333333,1.219275949,-0.156166799,0.838400462,-2.786616205,1,0
239,1784097312.105280399,0.797957182,20648597,68828.656666667,1.209985801,-0.154740632,0.825895626,-2.787044522,1,0
240,1784097312.108823061,0.801499844,20648598,68828.660000000,1.200732994,-0.153293235,0.813252188,-2.775842036,1,0
241,1784097312.111841679,0.804518461,20648599,68828.663333333,1.191437441,-0.151883202,0.800555584,-2.788665853,1,0
242,1784097312.115157366,0.807834148,20648600,68828.666666667,1.182233184,-0.150442156,0.787781236,-2.761276991,1,0
243,1784097312.118387222,0.811064005,20648601,68828.670000000,1.172907427,-0.149068532,0.774904441,-2.797727084,1,0
244,1784097312.121991873,0.814668655,20648602,68828.673333333,1.163522223,-0.147779128,0.762956330,-2.815561375,1,0
245,1784097312.125399351,0.818076134,20648603,68828.676666667,1.157793454,-0.146927777,0.773932204,-1.718630690,1,0
246,1784097312.128713846,0.821390629,20648604,68828.680000000,1.151795690,-0.146127425,0.785447244,-1.799329066,1,0
247,1784097312.131840229,0.824517012,20648605,68828.683333333,1.145786780,-0.145360954,0.797029053,-1.802673241,1,0
248,1784097312.135371447,0.828048229,20648606,68828.686666667,1.139723219,-0.144612630,0.808772186,-1.819068282,1,0
249,1784097312.138939857,0.831616640,20648607,68828.690000000,1.133788051,-0.143920412,0.819992357,-1.780550384,1,0
250,1784097312.142080545,0.834757328,20648608,68828.693333333,1.127959775,-0.143237853,0.830785374,-1.748482815,1,0
251,1784097312.145402193,0.838078976,20648609,68828.696666667,1.122134030,-0.142604964,0.841803958,-1.747723485,1,0
252,1784097312.148472309,0.841149092,20648610,68828.700000000,1.116090019,-0.141929464,0.852850586,-1.813203163,1,0
253,1784097312.151817799,0.844494581,20648611,68828.703333333,1.110013905,-0.141047887,0.863590572,-1.822834315,1,0
254,1784097312.155329704,0.848006487,20648612,68828.706666667,1.103900608,-0.140125898,0.873963322,-1.833989154,1,0
255,1784097312.158775091,0.851451874,20648613,68828.710000000,1.097727743,-0.139168543,0.884425578,-1.851859409,1,0
256,1784097312.161878109,0.854554892,20648614,68828.713333333,1.091526940,-0.138263545,0.894795952,-1.860240811,1,0
257,1784097312.165052414,0.857729197,20648615,68828.716666667,1.085493854,-0.137339521,0.905067658,-1.809925746,1,0
258,1784097312.168502092,0.861178875,20648616,68828.720000000,1.079495449,-0.136505612,0.915114911,-1.799521565,1,0
259,1784097312.172152281,0.864829063,20648617,68828.723333333,1.073152577,-0.135851519,0.925428453,-1.902861736,1,0
260,1784097312.175433397,0.868110180,20648618,68828.726666667,1.066627017,-0.135233769,0.935434437,-1.957668015,1,0
261,1784097312.178513050,0.871189833,20648619,68828.730000000,1.060454211,-0.134522850,0.944953060,-1.851841627,1,0
262,1784097312.181851149,0.874527931,20648620,68828.733333333,1.054504329,-0.133800811,0.954238237,-1.784964770,1,0
263,1784097312.185137749,0.877814531,20648621,68828.736666667,1.048566428,-0.133142988,0.963425782,-1.781370091,1,0
264,1784097312.188996553,0.881673336,20648622,68828.740000000,1.042529102,-0.132528913,0.972672385,-1.811197924,1,0
265,1784097312.192599058,0.885275841,20648623,68828.743333333,1.036787447,-0.131731703,0.981559557,-1.722496619,1,0
266,1784097312.195318222,0.887995005,20648624,68828.746666667,1.031371055,-0.130922975,0.990163800,-1.624917389,1,0
267,1784097312.198459864,0.891136646,20648625,68828.750000000,1.025699233,-0.130144985,0.998925825,-1.701546667,1,0
268,1784097312.201728344,0.894405127,20648626,68828.753333333,1.020007786,-0.129347357,1.007645502,-1.707434154,1,0
269,1784097312.205467224,0.898144007,20648627,68828.756666667,1.014235757,-0.128576083,1.016294182,-1.731608769,1,0
270,1784097312.208741188,0.901417971,20648628,68828.760000000,1.008441008,-0.127852936,1.025057296,-1.738424612,1,0
271,1784097312.211881399,0.904558182,20648629,68828.763333333,1.002505565,-0.127225057,1.033903853,-1.780632760,1,0
272,1784097312.215087652,0.907764435,20648630,68828.766666667,0.996679521,-0.126605898,1.042176318,-1.747813364,1,0
273,1784097312.218440533,0.911117315,20648631,68828.770000000,0.990946324,-0.126011215,1.050134631,-1.719959178,1,0
274,1784097312.221923351,0.914600134,20648632,68828.773333333,0.985141044,-0.125425419,1.058308878,-1.741584007,1,0
275,1784097312.225529909,0.918206692,20648633,68828.776666667,0.979123149,-0.124832557,1.066443753,-1.805368423,1,0
276,1784097312.228505135,0.921181917,20648634,68828.780000000,0.973165410,-0.124053618,1.074221302,-1.787321639,1,0
277,1784097312.231894493,0.924571276,20648635,68828.783333333,0.967099742,-0.123224940,1.081889782,-1.819700254,1,0
278,1784097312.235136747,0.927813530,20648636,68828.786666667,0.960978784,-0.122365903,1.089514806,-1.836287627,1,0
279,1784097312.238878965,0.931555748,20648637,68828.790000000,0.954828811,-0.121576059,1.097132073,-1.844991790,1,0
280,1784097312.242171049,0.934847832,20648638,68828.793333333,0.948928645,-0.120714708,1.104475710,-1.770049743,1,0
281,1784097312.245227814,0.937904596,20648639,68828.796666667,0.942976011,-0.119923202,1.111727586,-1.785790404,1,0
282,1784097312.248560905,0.941237688,20648640,68828.800000000,0.936671970,-0.119301675,1.119182598,-1.891212056,1,0
283,1784097312.251836300,0.944513083,20648641,68828.803333333,0.930280993,-0.118726240,1.126321628,-1.917293236,1,0
284,1784097312.255336046,0.948012829,20648642,68828.806666667,0.924123928,-0.118011847,1.132965036,-1.847119364,1,0
285,1784097312.258745432,0.951422215,20648643,68828.810000000,0.918168578,-0.117259508,1.139333002,-1.786605002,1,0
286,1784097312.261853218,0.954530001,20648644,68828.813333333,0.912226653,-0.116710113,1.145729360,-1.782577742,1,0
287,1784097312.265084743,0.957761526,20648645,68828.816666667,0.906264553,-0.116137262,1.152221471,-1.788629980,1,0
288,1784097312.268399000,0.961075783,20648646,68828.820000000,0.900624490,-0.115385891,1.158220518,-1.692018741,1,0
289,1784097312.272244930,0.964921713,20648647,68828.823333333,0.895169416,-0.114485963,1.163958285,-1.636522256,1,0
290,1784097312.275415182,0.968091965,20648648,68828.826666667,0.889621895,-0.113690430,1.169960532,-1.664256167,1,0
291,1784097312.278442383,0.971119165,20648649,68828.830000000,0.883966920,-0.112860671,1.175983820,-1.696492503,1,0
292,1784097312.281753063,0.974429846,20648650,68828.833333333,0.878269786,-0.111997700,1.181893992,-1.709140235,1,0
293,1784097312.285086393,0.977763176,20648651,68828.836666667,0.872505243,-0.111275665,1.187913193,-1.729362846,1,0
294,1784097312.288972378,0.981649160,20648652,68828.840000000,0.866633838,-0.110613569,1.193962923,-1.761421506,1,0
295,1784097312.291974068,0.984650850,20648653,68828.843333333,0.860781544,-0.110032674,1.199462806,-1.755688421,1,0
296,1784097312.295188189,0.987864971,20648654,68828.846666667,0.855083148,-0.109448061,1.204703720,-1.709518623,1,0
297,1784097312.298542500,0.991219282,20648655,68828.850000000,0.849258720,-0.108879145,1.210168678,-1.747328527,1,0
298,1784097312.301799774,0.994476557,20648656,68828.853333333,0.843307590,-0.108207670,1.215508592,-1.785338840,1,0
299,1784097312.305299759,0.997976542,20648657,68828.856666667,0.837465013,-0.107415978,1.220550569,-1.752773214,1,0
300,1784097312.308690548,1.001367331,20648658,68828.860000000,0.831560381,-0.106522751,1.225608973,-1.771389688,1,0
301,1784097312.311831713,1.004508495,20648659,68828.863333333,0.825506294,-0.105698386,1.230627010,-1.816225940,1,0
302,1784097312.315349817,1.008026600,20648660,68828.866666667,0.819450928,-0.104900600,1.235505435,-1.816609918,1,0
303,1784097312.318464279,1.011141062,20648661,68828.870000000,0.813698428,-0.104010519,1.240069914,-1.725749868,1,0
304,1784097312.322195053,1.014871836,20648662,68828.873333333,0.807772578,-0.103269877,1.244645771,-1.777755012,1,0
305,1784097312.325093985,1.017770767,20648663,68828.876666667,0.801572421,-0.102677133,1.249432743,-1.860047077,1,0
306,1784097312.328351498,1.021028280,20648664,68828.880000000,0.795438670,-0.101992651,1.253861584,-1.840125553,1,0
307,1784097312.331892252,1.024569035,20648665,68828.883333333,0.789333076,-0.101246303,1.257722921,-1.831677972,1,0
308,1784097312.335212946,1.027889729,20648666,68828.886666667,0.783523429,-0.100430914,1.261311279,-1.742894160,1,0
309,1784097312.338712692,1.031389475,20648667,68828.890000000,0.777575471,-0.099932417,1.265121009,-1.784387510,1,0
310,1784097312.342152357,1.034829140,20648668,68828.893333333,0.771560967,-0.099397998,1.268859918,-1.804351068,1,0
311,1784097312.345160007,1.037836790,20648669,68828.896666667,0.766070597,-0.098690980,1.272041976,-1.647111080,1,0
312,1784097312.348453999,1.041130781,20648670,68828.900000000,0.760745576,-0.097909715,1.275085559,-1.597506156,1,0
313,1784097312.351672173,1.044348955,20648671,68828.903333333,0.755239167,-0.097154406,1.278486714,-1.651922847,1,0
314,1784097312.355262518,1.047939301,20648672,68828.906666667,0.749604142,-0.096337942,1.281884163,-1.690507378,1,0
315,1784097312.358482838,1.051159620,20648673,68828.910000000,0.743980218,-0.095453736,1.285260021,-1.687177426,1,0
316,1784097312.361786604,1.054463387,20648674,68828.913333333,0.738270264,-0.094693684,1.288660794,-1.712986198,1,0
317,1784097312.365149975,1.057826757,20648675,68828.916666667,0.732442606,-0.094070618,1.292093115,-1.748297257,1,0
318,1784097312.368332863,1.061009645,20648676,68828.920000000,0.726638838,-0.093526942,1.295035773,-1.741130441,1,0
319,1784097312.372133970,1.064810753,20648677,68828.923333333,0.720970768,-0.092970358,1.297615320,-1.700421066,1,0
320,1784097312.375582218,1.068259001,20648678,68828.926666667,0.715174615,-0.092415273,1.300462109,-1.738845895,1,0
321,1784097312.378671885,1.071348667,20648679,68828.930000000,0.709295342,-0.091777872,1.303253646,-1.763781682,1,0
322,1784097312.381998062,1.074674845,20648680,68828.933333333,0.703505910,-0.090982131,1.305599708,-1.736829641,1,0
323,1784097312.385240316,1.077917099,20648681,68828.936666667,0.697606622,-0.090191538,1.307927573,-1.769786606,1,0
324,1784097312.388577223,1.081254005,20648682,68828.940000000,0.691581050,-0.089440216,1.310287506,-1.807671438,1,0
325,1784097312.392195225,1.084872007,20648683,68828.943333333,0.685656127,-0.088482797,1.312439456,-1.777476801,1,0
326,1784097312.395448208,1.088124990,20648684,68828.946666667,0.679960309,-0.087607782,1.314414614,-1.708745396,1,0
327,1784097312.398546696,1.091223478,20648685,68828.950000000,0.674151784,-0.086934985,1.316384975,-1.742557560,1,0
328,1784097312.401797295,1.094474077,20648686,68828.953333333,0.668098537,-0.086388263,1.318560157,-1.815974209,1,0
329,1784097312.405402422,1.098079205,20648687,68828.956666667,0.662057326,-0.085756536,1.320350299,-1.812363248,1,0
330,1784097312.409009457,1.101686239,20648688,68828.960000000,0.656106811,-0.085057052,1.321669094,-1.785154544,1,0
331,1784097312.411978960,1.104655743,20648689,68828.963333333,0.650317787,-0.084367387,1.322718468,-1.736707068,1,0
332,1784097312.415288925,1.107965708,20648690,68828.966666667,0.644470487,-0.083868825,1.323893209,-1.754190040,1,0
333,1784097312.418610334,1.111287117,20648691,68828.970000000,0.638463828,-0.083377883,1.325084117,-1.801997686,1,0
334,1784097312.422043562,1.114720345,20648692,68828.973333333,0.632972001,-0.082706974,1.325741387,-1.647548092,1,0
335,1784097312.425434113,1.118110895,20648693,68828.976666667,0.627743783,-0.081869504,1.326267329,-1.568465625,1,0
336,1784097312.428480625,1.121157408,20648694,68828.980000000,0.622356806,-0.081010202,1.326972582,-1.616093044,1,0
337,1784097312.431784153,1.124460936,20648695,68828.983333333,0.616830555,-0.080178466,1.327687253,-1.657875347,1,0
338,1784097312.435092926,1.127769709,20648696,68828.986666667,0.611252707,-0.079327399,1.328311174,-1.673354319,1,0
339,1784097312.438778400,1.131455183,20648697,68828.990000000,0.605654315,-0.078574195,1.329025020,-1.679517536,1,0
340,1784097312.442265034,1.134941816,20648698,68828.993333333,0.599899573,-0.077968599,1.329874187,-1.726422723,1,0
341,1784097312.445245743,1.137922525,20648699,68828.996666667,0.594180042,-0.077542354,1.330364693,-1.715859130,1,0
342,1784097312.448531389,1.141208172,20648700,68829.000000000,0.588578998,-0.077007266,1.330414831,-1.680313272,1,0
343,1784097312.451775551,1.144452333,20648701,68829.003333333,0.582866961,-0.076515192,1.330719797,-1.713611117,1,0
344,1784097312.455679655,1.148356438,20648702,68829.006666667,0.577079341,-0.075872713,1.331011363,-1.736285844,1,0
345,1784097312.458788872,1.151465654,20648703,68829.010000000,0.571444456,-0.075008535,1.330780309,-1.690465755,1,0
346,1784097312.461835861,1.154512644,20648704,68829.013333333,0.565640374,-0.074237435,1.330570284,-1.741224580,1,0
347,1784097312.465214252,1.157891035,20648705,68829.016666667,0.559675597,-0.073458173,1.330351420,-1.789432941,1,0
348,1784097312.468469858,1.161146641,20648706,68829.020000000,0.553850420,-0.072576479,1.329950427,-1.747553014,1,0
349,1784097312.472120762,1.164797544,20648707,68829.023333333,0.548310443,-0.071669983,1.329338440,-1.661993243,1,0
350,1784097312.475466967,1.168143749,20648708,68829.026666667,0.542617028,-0.071007405,1.328734772,-1.708024574,1,0
351,1784097312.478580475,1.171257257,20648709,68829.030000000,0.536656480,-0.070526540,1.328331144,-1.788164478,1,0
352,1784097312.481826544,1.174503326,20648710,68829.033333333,0.530790540,-0.069889575,1.327564705,-1.759781994,1,0
353,1784097312.485128403,1.177805185,20648711,68829.036666667,0.524927737,-0.069135989,1.326325850,-1.758840889,1,0
354,1784097312.489014626,1.181691408,20648712,68829.040000000,0.519210897,-0.068378491,1.324906408,-1.715052022,1,0
355,1784097312.492197990,1.184874773,20648713,68829.043333333,0.513514081,-0.067794592,1.323508464,-1.709044621,1,0
356,1784097312.495316982,1.187993765,20648714,68829.046666667,0.507659445,-0.067239181,1.322153586,-1.756390694,1,0
357,1784097312.498425961,1.191102743,20648715,68829.050000000,0.502214555,-0.066540998,1.320295832,-1.633467008,1,0
358,1784097312.501903057,1.194579840,20648716,68829.053333333,0.497002566,-0.065723945,1.318332510,-1.563596901,1,0
359,1784097312.505488396,1.198165178,20648717,68829.056666667,0.491733313,-0.064815126,1.316437721,-1.580775924,1,0
360,1784097312.508775234,1.201452017,20648718,68829.060000000,0.486347293,-0.063926799,1.314579730,-1.615805947,1,0
361,1784097312.511954784,1.204631567,20648719,68829.063333333,0.480930264,-0.063023613,1.312590054,-1.625108740,1,0
362,1784097312.515183210,1.207859993,20648720,68829.066666667,0.475457799,-0.062252110,1.310737839,-1.641739451,1,0
363,1784097312.518488407,1.211165190,20648721,68829.070000000,0.469895760,-0.061572805,1.308993893,-1.668611653,1,0
364,1784097312.522123098,1.214799881,20648722,68829.073333333,0.464247437,-0.061167857,1.307045681,-1.694496762,1,0
365,1784097312.525558710,1.218235493,20648723,68829.076666667,0.458755034,-0.060725308,1.304599342,-1.647721124,1,0
366,1784097312.528578758,1.221255541,20648724,68829.080000000,0.453153114,-0.060274722,1.302389086,-1.680575891,1,0
367,1784097312.531961441,1.224638224,20648725,68829.083333333,0.447446990,-0.059640982,1.300115124,-1.711837090,1,0
368,1784097312.535347462,1.228024244,20648726,68829.086666667,0.441902434,-0.058846344,1.297417158,-1.663366797,1,0
369,1784097312.539083004,1.231759787,20648727,68829.090000000,0.436250801,-0.058040385,1.294576470,-1.695490085,1,0
370,1784097312.542212009,1.234888792,20648728,68829.093333333,0.430423815,-0.057312769,1.291828823,-1.748095859,1,0
371,1784097312.545353651,1.238030434,20648729,68829.096666667,0.424708374,-0.056394892,1.288915822,-1.714632147,1,0
372,1784097312.548528910,1.241205692,20648730,68829.100000000,0.419291530,-0.055494417,1.285758451,-1.625053150,1,0
373,1784097312.551944733,1.244621515,20648731,68829.103333333,0.413827289,-0.054800878,1.282626706,-1.639272309,1,0
374,1784097312.555465221,1.248142004,20648732,68829.106666667,0.408039362,-0.054332361,1.279622696,-1.736378159,1,0
375,1784097312.558851242,1.251528025,20648733,68829.110000000,0.402272235,-0.053750885,1.276419785,-1.730138255,1,0
376,1784097312.562031984,1.254708767,20648734,68829.113333333,0.396613794,-0.052989345,1.272680069,-1.697532108,1,0
377,1784097312.565306902,1.257983685,20648735,68829.116666667,0.390992725,-0.052228332,1.268836943,-1.686320727,1,0
378,1784097312.568578005,1.261254787,20648736,68829.120000000,0.385450872,-0.051609280,1.264932438,-1.662556012,1,0
379,1784097312.572115898,1.264792681,20648737,68829.123333333,0.379718591,-0.051086445,1.261039478,-1.719684291,1,0
380,1784097312.575579882,1.268256664,20648738,68829.126666667,0.374386174,-0.050383669,1.256649679,-1.599725020,1,0
381,1784097312.578767061,1.271443844,20648739,68829.130000000,0.369241251,-0.049615177,1.252212190,-1.543476777,1,0
382,1784097312.581977606,1.274654388,20648740,68829.133333333,0.364104235,-0.048768264,1.247846618,-1.541104902,1,0
383,1784097312.585282087,1.277958870,20648741,68829.136666667,0.358874355,-0.047905788,1.243485546,-1.568963977,1,0
384,1784097312.589020252,1.281697035,20648742,68829.140000000,0.353654795,-0.047004025,1.239016581,-1.565868018,1,0
385,1784097312.592156172,1.284832954,20648743,68829.143333333,0.348403970,-0.046126346,1.234494232,-1.575247430,1,0
386,1784097312.595439672,1.288116455,20648744,68829.146666667,0.343037834,-0.045414730,1.230169448,-1.609840922,1,0
387,1784097312.598565817,1.291242599,20648745,68829.150000000,0.337585603,-0.045065053,1.225897901,-1.635669363,1,0
388,1784097312.601973295,1.294650078,20648746,68829.153333333,0.332230172,-0.044678952,1.221128406,-1.606629144,1,0
389,1784097312.605427742,1.298104525,20648747,68829.156666667,0.326885664,-0.044207442,1.216287033,-1.603352539,1,0
390,1784097312.608937979,1.301614761,20648748,68829.160000000,0.321442379,-0.043591306,1.211604117,-1.632985440,1,0
391,1784097312.612244844,1.304921627,20648749,68829.163333333,0.316077602,-0.042788837,1.206444221,-1.609433083,1,0
392,1784097312.615146160,1.307822943,20648750,68829.166666667,0.310636990,-0.042012438,1.201125351,-1.632183739,1,0
393,1784097312.618445396,1.311122179,20648751,68829.170000000,0.304988872,-0.041282675,1.195899039,-1.694435422,1,0
394,1784097312.622025013,1.314701796,20648752,68829.173333333,0.299485523,-0.040427515,1.190527693,-1.651004524,1,0
395,1784097312.625717402,1.318394184,20648753,68829.176666667,0.294233057,-0.039495946,1.184927697,-1.575739922,1,0
396,1784097312.628657103,1.321333885,20648754,68829.180000000,0.288987845,-0.038855545,1.179353858,-1.573563493,1,0
397,1784097312.631985188,1.324661970,20648755,68829.183333333,0.283424443,-0.038403627,1.173888396,-1.669020552,1,0
398,1784097312.635100603,1.327777386,20648756,68829.186666667,0.277877234,-0.037841528,1.168240880,-1.664162800,1,0
399,1784097312.638622761,1.331299543,20648757,68829.190000000,0.272340233,-0.037128801,1.162194363,-1.661100325,1,0
400,1784097312.642213345,1.334890127,20648758,68829.193333333,0.266921738,-0.036332864,1.155930633,-1.625548501,1,0
401,1784097312.645239830,1.337916613,20648759,68829.196666667,0.261548497,-0.035721834,1.149564247,-1.611972236,1,0
402,1784097312.648454666,1.341131449,20648760,68829.200000000,0.256082406,-0.035182726,1.143200231,-1.639827231,1,0
403,1784097312.651853085,1.344529867,20648761,68829.203333333,0.250813269,-0.034532708,1.136505298,-1.580741227,1,0
404,1784097312.655339241,1.348016024,20648762,68829.206666667,0.245792021,-0.033819802,1.129606632,-1.506374396,1,0
405,1784097312.658840418,1.351517200,20648763,68829.210000000,0.240770470,-0.033065161,1.122798884,-1.506465288,1,0
406,1784097312.661936045,1.354612827,20648764,68829.213333333,0.235771902,-0.032221968,1.115922287,-1.499570405,1,0
407,1784097312.665153265,1.357830048,20648765,68829.216666667,0.230730918,-0.031322208,1.109021288,-1.512295236,1,0
408,1784097312.668521643,1.361198425,20648766,68829.220000000,0.225679937,-0.030506410,1.102104821,-1.515294092,1,0
409,1784097312.672112703,1.364789486,20648767,68829.223333333,0.220652027,-0.029719054,1.095234591,-1.508373266,1,0
410,1784097312.675557375,1.368234158,20648768,68829.226666667,0.215478105,-0.029241106,1.088420432,-1.552176510,1,0
411,1784097312.678586721,1.371263504,20648769,68829.230000000,0.210229529,-0.028921429,1.081393388,-1.574572777,1,0
412,1784097312.681861639,1.374538422,20648770,68829.233333333,0.205130772,-0.028467058,1.074039294,-1.529627154,1,0
413,1784097312.685139179,1.377815962,20648771,68829.236666667,0.199909957,-0.027910095,1.066925801,-1.566244338,1,0
414,1784097312.688763857,1.381440639,20648772,68829.240000000,0.194753821,-0.027179880,1.059529451,-1.546840952,1,0
415,1784097312.692204714,1.384881496,20648773,68829.243333333,0.189707191,-0.026496447,1.051720439,-1.513989041,1,0
416,1784097312.695298195,1.387974977,20648774,68829.246666667,0.184461499,-0.025890016,1.044143336,-1.573707518,1,0
417,1784097312.698469400,1.391146183,20648775,68829.250000000,0.179135896,-0.025182962,1.036483191,-1.597680966,1,0
418,1784097312.701740503,1.394417286,20648776,68829.253333333,0.174014152,-0.024071318,1.028495653,-1.536523022,1,0
419,1784097312.705469370,1.398146152,20648777,68829.256666667,0.169000272,-0.023380174,1.020545781,-1.504164215,1,0
420,1784097312.708546638,1.401223421,20648778,68829.260000000,0.163678092,-0.022925233,1.012614816,-1.596653825,1,0
421,1784097312.711723089,1.404399872,20648779,68829.263333333,0.158316123,-0.022402289,1.004668616,-1.608590724,1,0
422,1784097312.715116501,1.407793283,20648780,68829.266666667,0.153015850,-0.021680783,0.996270314,-1.590081970,1,0
423,1784097312.718614340,1.411291122,20648781,68829.270000000,0.147788089,-0.020877901,0.987684974,-1.568328183,1,0
424,1784097312.721978426,1.414655209,20648782,68829.273333333,0.142707157,-0.020202022,0.978909242,-1.524279783,1,0
425,1784097312.725353241,1.418030024,20648783,68829.276666667,0.137407742,-0.019688742,0.969950330,-1.589824335,1,0
426,1784097312.728586674,1.421263456,20648784,68829.280000000,0.132311299,-0.019098478,0.961023499,-1.528933050,1,0
427,1784097312.731791735,1.424468517,20648785,68829.283333333,0.127486434,-0.018401780,0.951771820,-1.447459399,1,0
428,1784097312.735064507,1.427741289,20648786,68829.286666667,0.122781757,-0.017815324,0.942814762,-1.411403093,1,0
429,1784097312.738785505,1.431462288,20648787,68829.290000000,0.117956865,-0.017075704,0.933436883,-1.447467585,1,0
430,1784097312.741871834,1.434548616,20648788,68829.293333333,0.113189476,-0.016191831,0.924198670,-1.430216708,1,0
431,1784097312.745060921,1.437737703,20648789,68829.296666667,0.108439079,-0.015340849,0.914875310,-1.425119183,1,0
432,1784097312.748386145,1.441062927,20648790,68829.300000000,0.103650986,-0.014532007,0.905775787,-1.436427727,1,0
433,1784097312.751703262,1.444380045,20648791,68829.303333333,0.098883287,-0.013785008,0.896611725,-1.430309880,1,0
434,1784097312.755293369,1.447970152,20648792,68829.306666667,0.093784438,-0.013421647,0.887083325,-1.529654524,1,0
435,1784097312.758695364,1.451372147,20648793,68829.310000000,0.088758462,-0.012994399,0.877359681,-1.507792780,1,0
436,1784097312.761784315,1.454461098,20648794,68829.313333333,0.083927458,-0.012433050,0.867755069,-1.449301341,1,0
437,1784097312.765235424,1.457912207,20648795,68829.316666667,0.078997600,-0.011750641,0.858079687,-1.478957318,1,0
438,1784097312.768429756,1.461106539,20648796,68829.320000000,0.074160612,-0.010981021,0.847905269,-1.451096471,1,0
439,1784097312.772067547,1.464744329,20648797,68829.323333333,0.069146545,-0.010275817,0.837741765,-1.504220183,1,0
440,1784097312.775424242,1.468101025,20648798,68829.326666667,0.064084571,-0.009325814,0.827439837,-1.518592223,1,0
441,1784097312.778562784,1.471239567,20648799,68829.330000000,0.059325054,-0.008503930,0.817291118,-1.427854951,1,0
442,1784097312.781802654,1.474479437,20648800,68829.333333333,0.054708621,-0.007974406,0.807350663,-1.384929875,1,0
443,1784097312.785098076,1.477774858,20648801,68829.336666667,0.049441158,-0.007222125,0.796853753,-1.580239097,1,0
444,1784097312.789036274,1.481713057,20648802,68829.340000000,0.044359906,-0.006716259,0.786704233,-1.524375341,1,0
445,1784097312.792056561,1.484733343,20648803,68829.343333333,0.039381380,-0.005801466,0.775712346,-1.493557791,1,0
446,1784097312.795277357,1.487954140,20648804,68829.346666667,0.034336254,-0.004959116,0.764836000,-1.513537850,1,0
447,1784097312.798632622,1.491309404,20648805,68829.350000000,0.029280280,-0.004449764,0.769565260,-1.516792237,1,0
448,1784097312.801748037,1.494424820,20648806,68829.353333333,0.024215438,-0.004142058,0.778560687,-1.519452738,1,0
449,1784097312.805365324,1.498042107,20648807,68829.356666667,0.019282211,-0.003981066,0.787879630,-1.479968079,1,0
450,1784097312.808882236,1.501559019,20648808,68829.360000000,0.014521865,-0.003469917,0.796498376,-1.428103720,1,0
451,1784097312.811978579,1.504655361,20648809,68829.363333333,0.010054798,-0.003002457,0.805097554,-1.340119999,1,0
452,1784097312.815167427,1.507844210,20648810,68829.366666667,0.005170774,-0.002694327,0.813533987,-1.465207341,1,0
453,1784097312.818368673,1.511045456,20648811,68829.370000000,0.000352384,-0.002184183,0.822156205,-1.445516983,1,0
454,1784097312.822010517,1.514687300,20648812,68829.373333333,-0.004640108,-0.001804340,0.831175476,-1.497747715,1,0
455,1784097312.825442314,1.518119097,20648813,68829.376666667,-0.009386332,-0.001175514,0.839813619,-1.423867193,1,0
456,1784097312.828746557,1.521423340,20648814,68829.380000000,-0.014313884,-0.000577342,0.848321284,-1.478265532,1,0
457,1784097312.831833839,1.524510622,20648815,68829.383333333,-0.019172919,-0.000181440,0.856734425,-1.457710528,1,0
458,1784097312.835033417,1.527710199,20648816,68829.386666667,-0.024004166,-0.000097802,0.865337749,-1.449373876,1,0
459,1784097312.838771343,1.531448126,20648817,68829.390000000,-0.028995992,-0.000115068,0.873187769,-1.497547949,1,0
460,1784097312.842056274,1.534733057,20648818,68829.393333333,-0.034085092,0.000158636,0.880873313,-1.526729924,1,0
461,1784097312.845534801,1.538211584,20648819,68829.396666667,-0.038993826,0.000640886,0.889015889,-1.472620405,1,0
462,1784097312.848552942,1.541229725,20648820,68829.400000000,-0.043822850,0.001120808,0.896719845,-1.448707222,1,0
463,1784097312.851734161,1.544410944,20648821,68829.403333333,-0.048687479,0.001621648,0.904073420,-1.459388606,1,0
464,1784097312.855329514,1.548006296,20648822,68829.406666667,-0.053848285,0.002078047,0.911753914,-1.548241785,1,0
465,1784097312.859223366,1.551900148,20648823,68829.410000000,-0.058913736,0.002764616,0.919377532,-1.519635260,1,0
466,1784097312.861848116,1.554524899,20648824,68829.413333333,-0.063750678,0.003459192,0.926626437,-1.451082669,1,0
467,1784097312.865035057,1.557711840,20648825,68829.416666667,-0.068575307,0.003730626,0.933529957,-1.447388641,1,0
468,1784097312.868331194,1.561007977,20648826,68829.420000000,-0.073675035,0.003965210,0.940886701,-1.529918535,1,0
469,1784097312.872148514,1.564825296,20648827,68829.423333333,-0.079023729,0.004340129,0.947946583,-1.604608179,1,0
470,1784097312.875538111,1.568214893,20648828,68829.426666667,-0.084094625,0.004715715,0.954587069,-1.521268694,1,0
471,1784097312.878534794,1.571211576,20648829,68829.430000000,-0.089151827,0.005200543,0.961042658,-1.517160456,1,0
472,1784097312.881775856,1.574452639,20648830,68829.433333333,-0.094324332,0.005590522,0.967506500,-1.551751717,1,0
473,1784097312.885054111,1.577730894,20648831,68829.436666667,-0.099114858,0.005882686,0.973834535,-1.437157699,1,0
474,1784097312.888783932,1.581460714,20648832,68829.440000000,-0.104157027,0.006156551,0.980071153,-1.512650662,1,0
475,1784097312.892295837,1.584972620,20648833,68829.443333333,-0.109095207,0.006610923,0.985821465,-1.481454187,1,0
476,1784097312.895280600,1.587957382,20648834,68829.446666667,-0.113854853,0.006968212,0.991439572,-1.427893593,1,0
477,1784097312.898427486,1.591104269,20648835,68829.450000000,-0.118239067,0.007307426,0.997056607,-1.315264358,1,0
478,1784097312.901733160,1.594409943,20648836,68829.453333333,-0.122564408,0.007835891,1.002579458,-1.297602097,1,0
479,1784097312.905355930,1.598032713,20648837,68829.456666667,-0.129369252,0.008053371,1.008211900,-2.041453281,1,0
480,1784097312.908935070,1.601611853,20648838,68829.460000000,-0.134301589,0.008608452,1.013814116,-1.479701231,1,0
481,1784097312.911906481,1.604583263,20648839,68829.463333333,-0.139148573,0.009258522,1.019305679,-1.454094986,1,0
482,1784097312.915112019,1.607788801,20648840,68829.466666667,-0.143586657,0.009731776,1.024762898,-1.331425350,1,0
483,1784097312.918382883,1.611059666,20648841,68829.470000000,-0.148853968,0.010005716,1.030106136,-1.580193344,1,0
484,1784097312.921967268,1.614644051,20648842,68829.473333333,-0.153467449,0.010099529,1.035462843,-1.384044186,1,0
485,1784097312.925426483,1.618103266,20648843,68829.476666667,-0.157863724,0.010288780,1.040449651,-1.318882391,1,0
486,1784097312.928606033,1.621282816,20648844,68829.480000000,-0.162553805,0.010659592,1.045605564,-1.407024569,1,0
487,1784097312.931776285,1.624453068,20648845,68829.483333333,-0.167312558,0.011145667,1.050472739,-1.427625755,1,0
488,1784097312.935019493,1.627696276,20648846,68829.486666667,-0.172058901,0.011702457,1.054927548,-1.423902981,1,0
489,1784097312.938923836,1.631600618,20648847,68829.490000000,-0.177191330,0.012172000,1.059448455,-1.539728666,1,0
490,1784097312.942334414,1.635011196,20648848,68829.493333333,-0.182354148,0.012765297,1.063958132,-1.548845460,1,0
491,1784097312.945277929,1.637954712,20648849,68829.496666667,-0.187106069,0.013425529,1.068278630,-1.425576272,1,0
492,1784097312.948460340,1.641137123,20648850,68829.500000000,-0.191748973,0.013955510,1.072543789,-1.392871288,1,0
493,1784097312.951704741,1.644381523,20648851,68829.503333333,-0.196636876,0.014170033,1.076791127,-1.466370882,1,0
494,1784097312.955384731,1.648061514,20648852,68829.506666667,-0.201947873,0.014247414,1.081094392,-1.593299024,1,0
495,1784097312.958787680,1.651464462,20648853,68829.510000000,-0.206899651,0.014532724,1.085014328,-1.485533479,1,0
496,1784097312.961871147,1.654547930,20648854,68829.513333333,-0.211829348,0.014996831,1.088624839,-1.478908943,1,0
497,1784097312.965106249,1.657783031,20648855,68829.516666667,-0.216650830,0.015642815,1.092356413,-1.446444525,1,0
498,1784097312.968558073,1.661234856,20648856,68829.520000000,-0.221618717,0.016033761,1.095871028,-1.490366234,1,0
499,1784097312.971972942,1.664649725,20648857,68829.523333333,-0.226662614,0.016212377,1.099186027,-1.513168937,1,0
500,1784097312.975449324,1.668126106,20648858,68829.526666667,-0.231527981,0.016596371,1.102153964,-1.459610086,1,0
501,1784097312.978518486,1.671195269,20648859,68829.530000000,-0.236249488,0.017065108,1.105044767,-1.416452203,1,0
502,1784097312.981732130,1.674408913,20648860,68829.533333333,-0.241073257,0.017429637,1.107920813,-1.447130828,1,0
503,1784097312.985264063,1.677940845,20648861,68829.536666667,-0.245767567,0.017875168,1.110716733,-1.408292800,1,0
504,1784097312.988896370,1.681573153,20648862,68829.540000000,-0.250566049,0.018398271,1.113523805,-1.439544605,1,0
505,1784097312.992124319,1.684801102,20648863,68829.543333333,-0.255120434,0.019011048,1.116242357,-1.366315638,1,0
506,1784097312.995226145,1.687902927,20648864,68829.546666667,-0.259707550,0.019550131,1.118933876,-1.376134880,1,0
507,1784097312.998479366,1.691156149,20648865,68829.550000000,-0.264312231,0.020059862,1.121517444,-1.381404058,1,0
508,1784097313.001854181,1.694530964,20648866,68829.553333333,-0.268928407,0.020411264,1.124026545,-1.384853015,1,0
509,1784097313.005175114,1.697851896,20648867,68829.556666667,-0.273647196,0.020622564,1.126443901,-1.415636497,1,0
510,1784097313.008759737,1.701436520,20648868,68829.560000000,-0.278313723,0.020811857,1.128595972,-1.399958246,1,0
511,1784097313.011950731,1.704627514,20648869,68829.563333333,-0.283758966,0.020980669,1.130959608,-1.633572831,1,0
512,1784097313.015154600,1.707831383,20648870,68829.566666667,-0.288580587,0.021451905,1.133173955,-1.446486267,1,0
513,1784097313.018487215,1.711163998,20648871,68829.570000000,-0.293275493,0.021984711,1.134841560,-1.408471955,1,0
514,1784097313.022253275,1.714930058,20648872,68829.573333333,-0.298192298,0.022504192,1.136490540,-1.475041312,1,0
515,1784097313.025460958,1.718137741,20648873,68829.576666667,-0.303317038,0.022995695,1.138254208,-1.537422024,1,0
516,1784097313.028636932,1.721313715,20648874,68829.580000000,-0.308012504,0.023754084,1.139695208,-1.408639783,1,0
517,1784097313.031991243,1.724668026,20648875,68829.583333333,-0.312658610,0.024368099,1.141081840,-1.393831778,1,0
518,1784097313.035021782,1.727698565,20648876,68829.586666667,-0.318113843,0.024495978,1.142724010,-1.636570046,1,0
519,1784097313.038548470,1.731225252,20648877,68829.590000000,-0.322832424,0.024736728,1.144218021,-1.415574400,1,0
520,1784097313.041863918,1.734540701,20648878,68829.593333333,-0.327372405,0.025160656,1.145230366,-1.361994034,1,0
521,1784097313.045237541,1.737914324,20648879,68829.596666667,-0.332119125,0.025638700,1.146155553,-1.424016259,1,0
522,1784097313.048873425,1.741550207,20648880,68829.600000000,-0.337035817,0.026128353,1.147020477,-1.475007342,1,0
523,1784097313.051883698,1.744560480,20648881,68829.603333333,-0.341886950,0.026570762,1.147735758,-1.455339989,1,0
524,1784097313.055179834,1.747856617,20648882,68829.606666667,-0.346827323,0.026856329,1.148323035,-1.482112009,1,0
525,1784097313.058484793,1.751161575,20648883,68829.610000000,-0.351745704,0.027209285,1.148692914,-1.475514122,1,0
526,1784097313.061824322,1.754501104,20648884,68829.613333333,-0.356411642,0.027731784,1.148750532,-1.399781562,1,0
527,1784097313.065101385,1.757778168,20648885,68829.616666667,-0.361053782,0.028183952,1.148786339,-1.392641865,1,0
528,1784097313.068407536,1.761084318,20648886,68829.620000000,-0.365772211,0.028546656,1.148840780,-1.415528797,1,0
529,1784097313.071893692,1.764570475,20648887,68829.623333333,-0.370534904,0.028968278,1.148908361,-1.428808025,1,0
530,1784097313.075411558,1.768088341,20648888,68829.626666667,-0.375135591,0.029545223,1.148897930,-1.380206102,1,0
531,1784097313.078653336,1.771330118,20648889,68829.630000000,-0.379609870,0.030155699,1.148789131,-1.342283467,1,0
532,1784097313.081920862,1.774597645,20648890,68829.633333333,-0.384184937,0.030653211,1.148589666,-1.372520151,1,0
533,1784097313.084982634,1.777659416,20648891,68829.636666667,-0.388711673,0.031086786,1.148333597,-1.358020869,1,0
534,1784097313.088621616,1.781298399,20648892,68829.640000000,-0.393502172,0.031291961,1.148084943,-1.437149804,1,0
535,1784097313.092123032,1.784799814,20648893,68829.643333333,-0.398331989,0.031436660,1.147580714,-1.448944878,1,0
536,1784097313.095653057,1.788329840,20648894,68829.646666667,-0.403001293,0.031813650,1.147103344,-1.400791200,1,0
537,1784097313.098471403,1.791148186,20648895,68829.650000000,-0.407627695,0.032291591,1.146560222,-1.387920737,1,0
538,1784097313.101709127,1.794385910,20648896,68829.653333333,-0.412278656,0.032777383,1.145710244,-1.395288406,1,0
539,1784097313.105276585,1.797953367,20648897,68829.656666667,-0.417026232,0.033288346,1.144573823,-1.424272720,1,0
540,1784097313.108790874,1.801467657,20648898,68829.660000000,-0.421893395,0.033829773,1.143474793,-1.460148914,1,0
541,1784097313.112051964,1.804728746,20648899,68829.663333333,-0.426497056,0.034592308,1.142128185,-1.381098191,1,0
542,1784097313.115089655,1.807766438,20648900,68829.666666667,-0.431146406,0.035255049,1.140721149,-1.394805053,1,0
543,1784097313.118478775,1.811155558,20648901,68829.670000000,-0.435845474,0.035672009,1.139481175,-1.409720323,1,0
544,1784097313.121870518,1.814547300,20648902,68829.673333333,-0.440645823,0.035969491,1.138133824,-1.440104731,1,0
545,1784097313.125550747,1.818227530,20648903,68829.676666667,-0.445553345,0.036197099,1.136712625,-1.472256611,1,0
546,1784097313.128492594,1.821169376,20648904,68829.680000000,-0.450331026,0.036548343,1.135021991,-1.433304277,1,0
547,1784097313.131706715,1.824383497,20648905,68829.683333333,-0.455090520,0.036969273,1.133221212,-1.427848167,1,0
548,1784097313.135017395,1.827694178,20648906,68829.686666667,-0.460486750,0.037421925,1.131351666,-1.618869110,1,0
549,1784097313.138781071,1.831457853,20648907,68829.690000000,-0.465423291,0.037657753,1.129366782,-1.480962337,1,0
550,1784097313.142450333,1.835127115,20648908,68829.693333333,-0.470414368,0.037940706,1.127091469,-1.497322991,1,0
551,1784097313.145482779,1.838159561,20648909,68829.696666667,-0.475274767,0.038354592,1.124522861,-1.458119824,1,0
552,1784097313.148433447,1.841110229,20648910,68829.700000000,-0.479823201,0.038818191,1.121823436,-1.364530213,1,0
553,1784097313.151679516,1.844356298,20648911,68829.703333333,-0.484377788,0.039301163,1.119009609,-1.366376062,1,0
554,1784097313.155155420,1.847832203,20648912,68829.706666667,-0.489064082,0.039715593,1.116269068,-1.405888214,1,0
555,1784097313.158963203,1.851639986,20648913,68829.710000000,-0.493801642,0.040110770,1.113619197,-1.421267817,1,0
556,1784097313.162015915,1.854692698,20648914,68829.713333333,-0.498331816,0.040649251,1.110851242,-1.359052424,1,0
557,1784097313.165107727,1.857784510,20648915,68829.716666667,-0.502816681,0.041223955,1.107988618,-1.345459268,1,0
558,1784097313.168407440,1.861084223,20648916,68829.720000000,-0.507158605,0.041705251,1.105040224,-1.302577313,1,0
559,1784097313.172018290,1.864695072,20648917,68829.723333333,-0.511546918,0.042078419,1.101955514,-1.316493889,1,0
560,1784097313.175561905,1.868238688,20648918,68829.726666667,-0.516073644,0.042252765,1.098791151,-1.358017894,1,0
561,1784097313.178667307,1.871344090,20648919,68829.730000000,-0.520581744,0.042455370,1.095401321,-1.352429858,1,0
562,1784097313.181832790,1.874509573,20648920,68829.733333333,-0.525054315,0.042928847,1.092215035,-1.341771209,1,0
563,1784097313.185155392,1.877832174,20648921,68829.736666667,-0.529637139,0.043433658,1.088840727,-1.374847269,1,0
564,1784097313.188730001,1.881406784,20648922,68829.740000000,-0.534235512,0.043980714,1.085035839,-1.379511933,1,0
565,1784097313.192273378,1.884950161,20648923,68829.743333333,-0.538930245,0.044620969,1.081034783,-1.408419881,1,0
566,1784097313.195414543,1.888091326,20648924,68829.746666667,-0.544075885,0.045405664,1.077038239,-1.543691990,1,0
567,1784097313.198541641,1.891218424,20648925,68829.750000000,-0.548265368,0.046230640,1.072822573,-1.256844879,1,0
568,1784097313.201859474,1.894536257,20648926,68829.753333333,-0.552525717,0.046657642,1.068928878,-1.278104837,1,0
569,1784097313.205590725,1.898267508,20648927,68829.756666667,-0.556899421,0.046945143,1.064891816,-1.312111045,1,0
570,1784097313.208815813,1.901492596,20648928,68829.760000000,-0.561537680,0.047154307,1.060846784,-1.391477945,1,0
571,1784097313.212084293,1.904761076,20648929,68829.763333333,-0.566315624,0.047453138,1.056557475,-1.433383040,1,0
572,1784097313.215258837,1.907935619,20648930,68829.766666667,-0.571061661,0.047890381,1.052057565,-1.423811037,1,0
573,1784097313.218467951,1.911144733,20648931,68829.770000000,-0.576131113,0.048147417,1.047586586,-1.520835544,1,0
574,1784097313.221899033,1.914575815,20648932,68829.773333333,-0.580719151,0.048569807,1.042870125,-1.376411635,1,0
575,1784097313.225544691,1.918221474,20648933,68829.776666667,-0.585348249,0.048885911,1.037937939,-1.388729424,1,0
576,1784097313.228659630,1.921336412,20648934,68829.780000000,-0.589970327,0.049314947,1.032702862,-1.386623189,1,0
577,1784097313.231966019,1.924642801,20648935,68829.783333333,-0.594456879,0.049777389,1.027338806,-1.345965583,1,0
578,1784097313.235161304,1.927838087,20648936,68829.786666667,-0.598831337,0.050265243,1.021904672,-1.312337532,1,0
579,1784097313.238785982,1.931462765,20648937,68829.790000000,-0.603305264,0.050642812,1.016408354,-1.342177978,1,0
580,1784097313.242269993,1.934946775,20648938,68829.793333333,-0.607797059,0.051040681,1.011037095,-1.347538557,1,0
581,1784097313.245558739,1.938235521,20648939,68829.796666667,-0.612217285,0.051499768,1.005631460,-1.326067928,1,0
582,1784097313.248641014,1.941317797,20648940,68829.800000000,-0.616622124,0.051998891,1.000172947,-1.321451744,1,0
583,1784097313.251935244,1.944612026,20648941,68829.803333333,-0.620891762,0.052544373,0.994565711,-1.280891165,1,0
584,1784097313.255388498,1.948065281,20648942,68829.806666667,-0.625102328,0.052985475,0.988830903,-1.263170028,1,0
585,1784097313.258827209,1.951503992,20648943,68829.810000000,-0.629529535,0.053266268,0.982909393,-1.328161990,1,0
586,1784097313.262149096,1.954825878,20648944,68829.813333333,-0.634003260,0.053519520,0.976985646,-1.342117525,1,0
587,1784097313.265387535,1.958064318,20648945,68829.816666667,-0.638449572,0.053920480,0.971128084,-1.333893532,1,0
588,1784097313.268540859,1.961217642,20648946,68829.820000000,-0.642821878,0.054389647,0.965188974,-1.311691893,1,0
589,1784097313.271984816,1.964661598,20648947,68829.823333333,-0.647273670,0.054868541,0.958883802,-1.335537549,1,0
590,1784097313.275499821,1.968176603,20648948,68829.826666667,-0.651626734,0.055443121,0.952106373,-1.305919068,1,0
591,1784097313.279006958,1.971683741,20648949,68829.830000000,-0.656041089,0.056095229,0.945422582,-1.324306497,1,0
592,1784097313.281905174,1.974581957,20648950,68829.833333333,-0.660338553,0.056842465,0.938805936,-1.289239354,1,0
593,1784097313.285171986,1.977848768,20648951,68829.836666667,-0.664728259,0.057430264,0.932135596,-1.316911790,1,0
594,1784097313.288613081,1.981289864,20648952,68829.840000000,-0.669097519,0.057828064,0.925516845,-1.310777878,1,0
595,1784097313.292092323,1.984769106,20648953,68829.843333333,-0.673645398,0.058069190,0.918848378,-1.364363867,1,0
596,1784097313.295436859,1.988113642,20648954,68829.846666667,-0.678229419,0.058331301,0.911990089,-1.375206357,1,0
597,1784097313.298655272,1.991332054,20648955,68829.850000000,-0.682811931,0.058716155,0.904861027,-1.374753372,1,0
598,1784097313.301849365,1.994526148,20648956,68829.853333333,-0.687435589,0.059130293,0.897671858,-1.387097653,1,0
599,1784097313.305329561,1.998006344,20648957,68829.856666667,-0.691929134,0.059549317,0.890407059,-1.348063478,1,0
600,1784097313.308980942,2.001657724,20648958,68829.860000000,-0.696106240,0.059932456,0.883198232,-1.253131781,1,0
601,1784097313.312211514,2.004888296,20648959,68829.863333333,-0.700642327,0.060231955,0.875518764,-1.360826093,1,0
602,1784097313.315359831,2.008036613,20648960,68829.866666667,-0.704996712,0.060661610,0.867472198,-1.306315497,1,0
603,1784097313.318570852,2.011247635,20648961,68829.870000000,-0.709404077,0.061131993,0.859256141,-1.322209310,1,0
604,1784097313.322013617,2.014690399,20648962,68829.873333333,-0.713587306,0.061544311,0.851326559,-1.254968846,1,0
605,1784097313.325637102,2.018313885,20648963,68829.876666667,-0.717946093,0.061881681,0.843147366,-1.307636053,1,0
606,1784097313.328853607,2.021530390,20648964,68829.880000000,-0.722199102,0.062218884,0.835251385,-1.275902822,1,0
607,1784097313.331877232,2.024554014,20648965,68829.883333333,-0.726237505,0.062773033,0.827178660,-1.211520847,1,0
608,1784097313.335153103,2.027829885,20648966,68829.886666667,-0.730370992,0.063363391,0.819025959,-1.240046167,1,0
609,1784097313.338643789,2.031320572,20648967,68829.890000000,-0.734394028,0.063894170,0.810725264,-1.206910532,1,0
610,1784097313.342360973,2.035037756,20648968,68829.893333333,-0.738561149,0.064264261,0.802246495,-1.250136310,1,0
611,1784097313.345479012,2.038155794,20648969,68829.896666667,-0.742675868,0.064502876,0.793283377,-1.234415697,1,0
612,1784097313.348551750,2.041228533,20648970,68829.900000000,-0.747061636,0.064874832,0.784939971,-1.315730603,1,0
613,1784097313.351896048,2.044572830,20648971,68829.903333333,-0.751224563,0.065340107,0.776335162,-1.248877898,1,0
614,1784097313.355289698,2.047966480,20648972,68829.906666667,-0.755394326,0.065898063,0.767545706,-1.250929043,1,0
615,1784097313.359344244,2.052021027,20648973,68829.910000000,-0.759583003,0.066515134,0.758250408,-1.256602962,1,0
616,1784097313.362411022,2.055087805,20648974,68829.913333333,-0.763826290,0.066942953,0.749046574,-1.272986135,1,0
617,1784097313.365347862,2.058024645,20648975,68829.916666667,-0.768209275,0.067348576,0.739888758,-1.314895475,1,0
618,1784097313.368479967,2.061156750,20648976,68829.920000000,-0.772382448,0.067871191,0.730520454,-1.251952052,1,0
619,1784097313.371959209,2.064635992,20648977,68829.923333333,-0.776419890,0.068317792,0.721371210,-1.211232467,1,0
620,1784097313.375851631,2.068528414,20648978,68829.926666667,-0.780565969,0.068715680,0.712132440,-1.243823891,1,0
621,1784097313.378819227,2.071496010,20648979,68829.930000000,-0.784759775,0.069029458,0.702713562,-1.258141698,1,0
622,1784097313.382337093,2.075013876,20648980,68829.933333333,-0.789028132,0.069472888,0.693177965,-1.280507137,1,0
623,1784097313.385454655,2.078131437,20648981,68829.936666667,-0.793451421,0.069887669,0.683498391,-1.326986653,1,0
624,1784097313.389124632,2.081801414,20648982,68829.940000000,-0.797887990,0.070076542,0.673838165,-1.330970704,1,0
625,1784097313.392652750,2.085329533,20648983,68829.943333333,-0.802386519,0.070289242,0.664243033,-1.349558690,1,0
626,1784097313.395667791,2.088344574,20648984,68829.946666667,-0.806651009,0.070542560,0.654147971,-1.279346926,1,0
627,1784097313.398685694,2.091362476,20648985,68829.950000000,-0.810548727,0.071170763,0.643557899,-1.169315588,1,0
628,1784097313.401948214,2.094624996,20648986,68829.953333333,-0.814630717,0.071576347,0.632939671,-1.224596872,1,0
629,1784097313.405610561,2.098287344,20648987,68829.956666667,-0.818617798,0.072026190,0.622291779,-1.196124340,1,0
630,1784097313.409146786,2.101823568,20648988,68829.960000000,-0.822728266,0.072507860,0.611602388,-1.233140461,1,0
631,1784097313.412256241,2.104933023,20648989,68829.963333333,-0.826742099,0.072670432,0.601045238,-1.204149696,1,0
632,1784097313.415453196,2.108129978,20648990,68829.966666667,-0.830489660,0.073092346,0.590564043,-1.124268399,1,0
633,1784097313.418689728,2.111366510,20648991,68829.970000000,-0.834305237,0.073548267,0.579786675,-1.144673152,1,0
634,1784097313.422378778,2.115055561,20648992,68829.973333333,-0.838158627,0.073956358,0.569034748,-1.156016895,1,0
635,1784097313.426014662,2.118691444,20648993,68829.976666667,-0.841986830,0.074322450,0.558069847,-1.148460856,1,0
636,1784097313.429113150,2.121789932,20648994,68829.980000000,-0.846015805,0.074582624,0.547007457,-1.208692485,1,0
637,1784097313.432154655,2.124831438,20648995,68829.983333333,-0.849871679,0.074864117,0.535914235,-1.156762467,1,0
638,1784097313.435519457,2.128196239,20648996,68829.986666667,-0.853788243,0.075212013,0.524668742,-1.174969196,1,0
639,1784097313.438955307,2.131632090,20648997,68829.990000000,-0.857774166,0.075852456,0.513331677,-1.195776803,1,0
640,1784097313.442594528,2.135271311,20648998,68829.993333333,-0.861746194,0.076365331,0.501883561,-1.191608429,1,0
641,1784097313.445699215,2.138375998,20648999,68829.996666667,-0.865556593,0.076827092,0.490107688,-1.143119582,1,0
642,1784097313.448644400,2.141321182,20649000,68830.000000000,-0.869365930,0.077367763,0.478446923,-1.142801028,1,0
643,1784097313.452174187,2.144850969,20649001,68830.003333333,-0.873194054,0.077876674,0.466736048,-1.148437293,1,0
644,1784097313.455686808,2.148363590,20649002,68830.006666667,-0.877032393,0.078317846,0.455062085,-1.151501789,1,0
645,1784097313.458954573,2.151631355,20649003,68830.010000000,-0.880868359,0.078685188,0.443394241,-1.150789678,1,0
646,1784097313.462024212,2.154700994,20649004,68830.013333333,-0.884680923,0.078977591,0.431630745,-1.143769396,1,0
647,1784097313.465306520,2.157983303,20649005,68830.016666667,-0.888679521,0.079268934,0.419572934,-1.199579357,1,0
648,1784097313.468652725,2.161329508,20649006,68830.020000000,-0.892663954,0.079640874,0.407382013,-1.195329950,1,0
649,1784097313.471991777,2.164668560,20649007,68830.023333333,-0.896619189,0.080037168,0.395222336,-1.186570373,1,0
650,1784097313.475473881,2.168150663,20649008,68830.026666667,-0.900495619,0.080426352,0.382950191,-1.162928943,1,0
651,1784097313.478597164,2.171273947,20649009,68830.030000000,-0.904286149,0.080727891,0.370382217,-1.137159144,1,0
652,1784097313.481844902,2.174521685,20649010,68830.033333333,-0.908143734,0.081126659,0.357505803,-1.157275548,1,0
653,1784097313.485137224,2.177814007,20649011,68830.036666667,-0.911851378,0.081544576,0.344509993,-1.112292983,1,0
654,1784097313.488532066,2.181208849,20649012,68830.040000000,-0.915553362,0.081961545,0.331447054,-1.110595247,1,0
655,1784097313.492180824,2.184857607,20649013,68830.043333333,-0.919242189,0.082418361,0.318315742,-1.106648281,1,0
656,1784097313.495239973,2.187916756,20649014,68830.046666667,-0.922730181,0.082525857,0.304949886,-1.046397522,1,0
657,1784097313.498525620,2.191202402,20649015,68830.050000000,-0.925943941,0.082888150,0.291615889,-0.964127848,1,0
658,1784097313.501981497,2.194658279,20649016,68830.053333333,-0.929272941,0.083343651,0.278460891,-0.998700016,1,0
659,1784097313.505239725,2.197916508,20649017,68830.056666667,-0.932846447,0.083752084,0.265471783,-1.072051897,1,0
660,1784097313.508800507,2.201477289,20649018,68830.060000000,-0.936435208,0.084124634,0.252379068,-1.076628283,1,0
661,1784097313.511843681,2.204520464,20649019,68830.063333333,-0.940111035,0.084413939,0.239011963,-1.102748036,1,0
662,1784097313.515070677,2.207747459,20649020,68830.066666667,-0.943831340,0.084778386,0.225540708,-1.116091519,1,0
663,1784097313.518327951,2.211004734,20649021,68830.070000000,-0.947502386,0.085239777,0.212192876,-1.101313930,1,0
664,1784097313.521800041,2.214476824,20649022,68830.073333333,-0.951023648,0.085864041,0.198698174,-1.056378643,1,0
665,1784097313.525157213,2.217833996,20649023,68830.076666667,-0.954654716,0.086368457,0.184894673,-1.089320287,1,0
666,1784097313.528430700,2.221107483,20649024,68830.080000000,-0.958095062,0.086830582,0.170879865,-1.032103788,1,0
667,1784097313.531737566,2.224414349,20649025,68830.083333333,-0.961474478,0.087271682,0.156733265,-1.013824923,1,0
668,1784097313.535113811,2.227790594,20649026,68830.086666667,-0.964888812,0.087780491,0.142593098,-1.024299928,1,0
669,1784097313.538595438,2.231272221,20649027,68830.090000000,-0.968412391,0.088217000,0.128430763,-1.057073695,1,0
670,1784097313.542206287,2.234883070,20649028,68830.093333333,-0.971845194,0.088611207,0.114385844,-1.029841114,1,0
671,1784097313.545329094,2.238005877,20649029,68830.096666667,-0.975296646,0.088960399,0.100414272,-1.035435423,1,0
672,1784097313.548417091,2.241093874,20649030,68830.100000000,-0.978950262,0.089223954,0.086166237,-1.096084868,1,0
673,1784097313.551733732,2.244410515,20649031,68830.103333333,-0.982789394,0.089525392,0.071825296,-1.151739777,1,0
674,1784097313.555069685,2.247746468,20649032,68830.106666667,-0.986723021,0.089695671,0.057675977,-1.180088093,1,0
675,1784097313.558524609,2.251201391,20649033,68830.110000000,-0.990265294,0.090013869,0.043243369,-1.062681681,1,0
676,1784097313.561834097,2.254510880,20649034,68830.113333333,-0.993716608,0.090334429,0.028595000,-1.035394313,1,0
677,1784097313.565063953,2.257740736,20649035,68830.116666667,-0.997071485,0.090648678,0.013964941,-1.006463150,1,0
678,1784097313.568353891,2.261030674,20649036,68830.120000000,-1.001732317,0.090890833,0.021743970,-1.398249473,1,0
679,1784097313.571739674,2.264416456,20649037,68830.123333333,-1.006427396,0.091209418,0.030124202,-1.408523880,1,0
680,1784097313.575579166,2.268255949,20649038,68830.126666667,-1.011330871,0.091382228,0.038705383,-1.471042314,1,0
681,1784097313.578596592,2.271273375,20649039,68830.130000000,-1.015625164,0.091779104,0.046472928,-1.288287964,1,0
682,1784097313.581789970,2.274466753,20649040,68830.133333333,-1.020560181,0.092206530,0.054646666,-1.480505126,1,0
683,1784097313.585060358,2.277737141,20649041,68830.136666667,-1.024757280,0.092538447,0.062189062,-1.259129660,1,0
684,1784097313.588441849,2.281118631,20649042,68830.140000000,-1.029115604,0.092542678,0.070179275,-1.307497195,1,0
685,1784097313.592476368,2.285153151,20649043,68830.143333333,-1.033351661,0.092866955,0.078093977,-1.270817071,1,0
686,1784097313.595320225,2.287997007,20649044,68830.146666667,-1.037792560,0.093172161,0.086027543,-1.332269695,1,0
687,1784097313.598433256,2.291110039,20649045,68830.150000000,-1.042420185,0.093443502,0.093969460,-1.388287575,1,0
688,1784097313.601734877,2.294411659,20649046,68830.153333333,-1.047068132,0.093643580,0.101806169,-1.394383960,1,0
689,1784097313.605149269,2.297826052,20649047,68830.156666667,-1.051771611,0.093838602,0.109438099,-1.411043887,1,0
690,1784097313.608905792,2.301582575,20649048,68830.160000000,-1.056525926,0.094057014,0.116870235,-1.426294495,1,0
691,1784097313.611969233,2.304646015,20649049,68830.163333333,-1.061239131,0.094298240,0.124211651,-1.413961518,1,0
692,1784097313.615103960,2.307780743,20649050,68830.166666667,-1.065979848,0.094622563,0.131603870,-1.422215084,1,0
693,1784097313.618598461,2.311275244,20649051,68830.170000000,-1.070571782,0.095033641,0.138957107,-1.377580122,1,0
694,1784097313.621799946,2.314476728,20649052,68830.173333333,-1.075222000,0.095406398,0.146198647,-1.395065383,1,0
695,1784097313.625504732,2.318181515,20649053,68830.176666667,-1.079772912,0.095779177,0.152955152,-1.365273606,1,0
696,1784097313.628749847,2.321426630,20649054,68830.180000000,-1.084244611,0.096187813,0.159463346,-1.341509724,1,0
697,1784097313.631903410,2.324580193,20649055,68830.183333333,-1.088783213,0.096446424,0.166025772,-1.361580539,1,0
698,1784097313.635128498,2.327805281,20649056,68830.186666667,-1.093250620,0.096749959,0.172474445,-1.340222033,1,0
699,1784097313.638632536,2.331309319,20649057,68830.190000000,-1.097803944,0.097106608,0.178815898,-1.365997240,1,0
700,1784097313.642515659,2.335192442,20649058,68830.193333333,-1.102489774,0.097458465,0.184929982,-1.405749182,1,0
701,1784097313.645421743,2.338098526,20649059,68830.196666667,-1.107137760,0.097775127,0.191125353,-1.394395614,1,0
702,1784097313.648677111,2.341353893,20649060,68830.200000000,-1.111717567,0.098018352,0.197272624,-1.373942270,1,0
703,1784097313.651964664,2.344641447,20649061,68830.203333333,-1.116254156,0.098247591,0.203435158,-1.360976754,1,0
704,1784097313.655528307,2.348205090,20649062,68830.206666667,-1.120978430,0.098419784,0.209436331,-1.417281970,1,0
705,1784097313.659092903,2.351769686,20649063,68830.210000000,-1.125884416,0.098677781,0.215414775,-1.471795747,1,0
706,1784097313.662018776,2.354695559,20649064,68830.213333333,-1.130716456,0.098847975,0.221008489,-1.449612010,1,0
707,1784097313.665151834,2.357828617,20649065,68830.216666667,-1.135486314,0.099066817,0.226469599,-1.430957560,1,0
708,1784097313.668642044,2.361318827,20649066,68830.220000000,-1.140244155,0.099256733,0.231909705,-1.427352405,1,0
709,1784097313.671915293,2.364592075,20649067,68830.223333333,-1.144897857,0.099439399,0.237223356,-1.396110563,1,0
710,1784097313.675596952,2.368273735,20649068,68830.226666667,-1.149558952,0.099651037,0.242387726,-1.398328461,1,0
711,1784097313.678717136,2.371393919,20649069,68830.230000000,-1.154103051,0.099853054,0.247334992,-1.363229620,1,0
712,1784097313.681851387,2.374528170,20649070,68830.233333333,-1.158665944,0.100092915,0.251943289,-1.368868059,1,0
713,1784097313.685482264,2.378159046,20649071,68830.236666667,-1.163328922,0.100327926,0.256393291,-1.398893189,1,0
714,1784097313.688723803,2.381400585,20649072,68830.240000000,-1.167891317,0.100622197,0.260784631,-1.368718508,1,0
715,1784097313.692401648,2.385078430,20649073,68830.243333333,-1.172513965,0.100855299,0.265067526,-1.386794451,1,0
716,1784097313.695299149,2.387975931,20649074,68830.246666667,-1.177046829,0.101147822,0.269239246,-1.359859316,1,0
717,1784097313.698512554,2.391189337,20649075,68830.250000000,-1.181532584,0.101420476,0.273211227,-1.345726399,1,0
718,1784097313.701958895,2.394635677,20649076,68830.253333333,-1.185820012,0.101696821,0.277195531,-1.286228477,1,0
719,1784097313.705330610,2.398007393,20649077,68830.256666667,-1.189962838,0.101989553,0.281030612,-1.242847691,1,0
720,1784097313.708890438,2.401567221,20649078,68830.260000000,-1.194182919,0.102316596,0.285046706,-1.266024408,1,0
721,1784097313.711992025,2.404668808,20649079,68830.263333333,-1.198652080,0.102566160,0.289034679,-1.340748085,1,0
722,1784097313.715316057,2.407992840,20649080,68830.266666667,-1.203234605,0.102813165,0.292978064,-1.374757715,1,0
723,1784097313.718546867,2.411223650,20649081,68830.270000000,-1.207792559,0.103070831,0.296791282,-1.367386059,1,0
724,1784097313.721853018,2.414529800,20649082,68830.273333333,-1.212470013,0.103295227,0.300267200,-1.403236229,1,0
725,1784097313.725637436,2.418314219,20649083,68830.276666667,-1.217159646,0.103511906,0.303711115,-1.406889998,1,0
726,1784097313.728661776,2.421338558,20649084,68830.280000000,-1.221789046,0.103760081,0.307138833,-1.388819872,1,0
727,1784097313.731957436,2.424634218,20649085,68830.283333333,-1.226223235,0.104068998,0.310611453,-1.330256817,1,0
728,1784097313.735141516,2.427818298,20649086,68830.286666667,-1.230712685,0.104395750,0.313934376,-1.346834917,1,0
729,1784097313.738671303,2.431348085,20649087,68830.290000000,-1.235213720,0.104736133,0.316918365,-1.350310462,1,0
730,1784097313.742229700,2.434906483,20649088,68830.293333333,-1.239739316,0.105055477,0.319691894,-1.357678969,1,0
731,1784097313.745401382,2.438078165,20649089,68830.296666667,-1.244114309,0.105357034,0.322255629,-1.312497771,1,0
732,1784097313.748527050,2.441203833,20649090,68830.300000000,-1.248519465,0.105661825,0.324782320,-1.321546791,1,0
733,1784097313.751867533,2.444544315,20649091,68830.303333333,-1.252958478,0.106078517,0.327150090,-1.331703969,1,0
734,1784097313.755211830,2.447888613,20649092,68830.306666667,-1.257562933,0.106440867,0.329589672,-1.381336601,1,0
735,1784097313.758840561,2.451517344,20649093,68830.310000000,-1.262097582,0.106862935,0.331680928,-1.360394488,1,0
736,1784097313.761948109,2.454624891,20649094,68830.313333333,-1.266503536,0.107256980,0.333928032,-1.321786339,1,0
737,1784097313.765124798,2.457801580,20649095,68830.316666667,-1.270967503,0.107582969,0.336099565,-1.339190151,1,0
738,1784097313.768384457,2.461061239,20649096,68830.320000000,-1.275324878,0.107820782,0.338284698,-1.307212501,1,0
739,1784097313.771915436,2.464592218,20649097,68830.323333333,-1.279977965,0.108015933,0.340309058,-1.395925953,1,0
740,1784097313.775464535,2.468141317,20649098,68830.326666667,-1.284688688,0.108157125,0.342160893,-1.413216794,1,0
741,1784097313.778796911,2.471473694,20649099,68830.330000000,-1.289425564,0.108355662,0.343834943,-1.421063059,1,0
742,1784097313.781863928,2.474540710,20649100,68830.333333333,-1.293980976,0.108569506,0.345450509,-1.366623532,1,0
743,1784097313.785106659,2.477783442,20649101,68830.336666667,-1.298494061,0.108805905,0.346998850,-1.353925310,1,0
744,1784097313.788514614,2.481191397,20649102,68830.340000000,-1.302995717,0.109020370,0.348415969,-1.350496904,1,0
745,1784097313.792102814,2.484779596,20649103,68830.343333333,-1.307499860,0.109227109,0.349622306,-1.351242879,1,0
746,1784097313.795877457,2.488554239,20649104,68830.346666667,-1.311929268,0.109493696,0.350514226,-1.328822608,1,0
747,1784097313.798559427,2.491236210,20649105,68830.350000000,-1.316401099,0.109806978,0.351207716,-1.341549040,1,0
748,1784097313.801851749,2.494528532,20649106,68830.353333333,-1.320915599,0.110112662,0.351780789,-1.354350179,1,0
749,1784097313.805081367,2.497758150,20649107,68830.356666667,-1.325512174,0.110350328,0.352293270,-1.378972524,1,0
750,1784097313.808963537,2.501640320,20649108,68830.360000000,-1.329905541,0.110660755,0.352643820,-1.318009860,1,0
751,1784097313.812139034,2.504815817,20649109,68830.363333333,-1.334322802,0.110916747,0.352922416,-1.325178581,1,0
752,1784097313.815138817,2.507815599,20649110,68830.366666667,-1.338428339,0.111315244,0.352860562,-1.231660882,1,0
753,1784097313.818361282,2.511038065,20649111,68830.370000000,-1.342511479,0.111602961,0.352827648,-1.224941959,1,0
754,1784097313.821782589,2.514459372,20649112,68830.373333333,-1.346649257,0.111851829,0.352968218,-1.241333571,1,0
755,1784097313.825539589,2.518216372,20649113,68830.376666667,-1.350944414,0.112131108,0.353137932,-1.288546964,1,0
756,1784097313.828736782,2.521413565,20649114,68830.380000000,-1.355413214,0.112403580,0.353366577,-1.340640200,1,0
757,1784097313.831969261,2.524646044,20649115,68830.383333333,-1.359845720,0.112701709,0.353485050,-1.329751839,1,0
758,1784097313.835201263,2.527878046,20649116,68830.386666667,-1.364328093,0.112937551,0.353283880,-1.344711649,1,0
759,1784097313.838495970,2.531172752,20649117,68830.390000000,-1.368934536,0.113177385,0.352987672,-1.381933062,1,0
760,1784097313.842118740,2.534795523,20649118,68830.393333333,-1.373414199,0.113471942,0.352584431,-1.343898914,1,0
761,1784097313.845409393,2.538086176,20649119,68830.396666667,-1.377859226,0.113798665,0.352236415,-1.333508053,1,0
762,1784097313.848444223,2.541121006,20649120,68830.400000000,-1.382195593,0.114159872,0.351775094,-1.300910210,1,0
763,1784097313.851759911,2.544436693,20649121,68830.403333333,-1.386626429,0.114490256,0.351054947,-1.329250757,1,0
764,1784097313.855127811,2.547804594,20649122,68830.406666667,-1.391097862,0.114876713,0.350145794,-1.341429862,1,0
765,1784097313.858764648,2.551441431,20649123,68830.410000000,-1.395476704,0.115192894,0.348964488,-1.313652646,1,0
766,1784097313.862089157,2.554765940,20649124,68830.413333333,-1.399808684,0.115484611,0.347761254,-1.299593960,1,0
767,1784097313.865103006,2.557779789,20649125,68830.416666667,-1.404034210,0.115881132,0.346419480,-1.267657767,1,0
768,1784097313.868442297,2.561119080,20649126,68830.420000000,-1.408563608,0.116219277,0.345139155,-1.358819507,1,0
769,1784097313.871874809,2.564551592,20649127,68830.423333333,-1.413017977,0.116636653,0.343567211,-1.336310603,1,0
770,1784097313.875416756,2.568093538,20649128,68830.426666667,-1.417312786,0.117078117,0.341826551,-1.288442685,1,0
771,1784097313.878804922,2.571481705,20649129,68830.430000000,-1.421654524,0.117488186,0.340166978,-1.302521266,1,0
772,1784097313.881808758,2.574485540,20649130,68830.433333333,-1.425911068,0.117805166,0.338600366,-1.276963359,1,0
773,1784097313.885269403,2.577946186,20649131,68830.436666667,-1.430317442,0.118087279,0.336867762,-1.321912103,1,0
774,1784097313.888594389,2.581271172,20649132,68830.440000000,-1.434843621,0.118255082,0.335047389,-1.357853638,1,0
775,1784097313.892201424,2.584878206,20649133,68830.443333333,-1.439396885,0.118429757,0.333022019,-1.365979216,1,0
776,1784097313.895417690,2.588094473,20649134,68830.446666667,-1.443959932,0.118661144,0.330853319,-1.368914335,1,0
777,1784097313.898793221,2.591470003,20649135,68830.450000000,-1.448380713,0.118833023,0.328731468,-1.326234239,1,0
778,1784097313.902004480,2.594681263,20649136,68830.453333333,-1.452806813,0.119056459,0.326489229,-1.327829891,1,0
779,1784097313.905196190,2.597872972,20649137,68830.456666667,-1.457174540,0.119244935,0.324038395,-1.310318118,1,0
780,1784097313.908597469,2.601274252,20649138,68830.460000000,-1.461532254,0.119487609,0.321462478,-1.307314310,1,0
781,1784097313.911825895,2.604502678,20649139,68830.463333333,-1.465952631,0.119781099,0.318470008,-1.326112997,1,0
782,1784097313.915190220,2.607867002,20649140,68830.466666667,-1.470417577,0.120116681,0.315272930,-1.339483931,1,0
783,1784097313.918689013,2.611365795,20649141,68830.470000000,-1.474716916,0.120408741,0.311975924,-1.289801461,1,0
784,1784097313.921922445,2.614599228,20649142,68830.473333333,-1.479076474,0.120627304,0.308801624,-1.307867420,1,0
785,1784097313.925525188,2.618201971,20649143,68830.476666667,-1.483272512,0.120926607,0.305316249,-1.258811362,1,0
786,1784097313.928802967,2.621479750,20649144,68830.480000000,-1.487444795,0.121253562,0.301706758,-1.251684976,1,0
787,1784097313.931959391,2.624636173,20649145,68830.483333333,-1.491393538,0.121582561,0.297872952,-1.184622899,1,0
788,1784097313.935228348,2.627905130,20649146,68830.486666667,-1.495378670,0.121792412,0.294229411,-1.195539602,1,0
789,1784097313.938620329,2.631297112,20649147,68830.490000000,-1.499375895,0.122037991,0.290613318,-1.199167516,1,0
790,1784097313.942293644,2.634970427,20649148,68830.493333333,-1.503508975,0.122279243,0.287077993,-1.239923964,1,0
791,1784097313.945524216,2.638200998,20649149,68830.496666667,-1.507736855,0.122529161,0.283475202,-1.268363937,1,0
792,1784097313.948537827,2.641214609,20649150,68830.500000000,-1.512051051,0.122803665,0.279727273,-1.294258851,1,0
793,1784097313.951788425,2.644465208,20649151,68830.503333333,-1.516531779,0.123041118,0.275767471,-1.344218415,1,0
794,1784097313.955135345,2.647812128,20649152,68830.506666667,-1.520941926,0.123282476,0.271711301,-1.323044213,1,0
795,1784097313.958819151,2.651495934,20649153,68830.510000000,-1.525227427,0.123682464,0.267688614,-1.285650360,1,0
796,1784097313.961885929,2.654562712,20649154,68830.513333333,-1.529466518,0.123985192,0.263575998,-1.271727057,1,0
797,1784097313.965131760,2.657808542,20649155,68830.516666667,-1.533737504,0.124334568,0.259263476,-1.281295989,1,0
798,1784097313.968410730,2.661087513,20649156,68830.520000000,-1.538144081,0.124551380,0.254697222,-1.321973049,1,0
799,1784097313.971785784,2.664462566,20649157,68830.523333333,-1.542496995,0.124907230,0.249963809,-1.305874188,1,0
800,1784097313.975527287,2.668204069,20649158,68830.526666667,-1.546733776,0.125183986,0.244885191,-1.271034300,1,0
801,1784097313.978739023,2.671415806,20649159,68830.530000000,-1.550678066,0.125574878,0.239990569,-1.183286949,1,0
802,1784097313.981841564,2.674518347,20649160,68830.533333333,-1.554861356,0.125904468,0.235109279,-1.254987029,1,0
803,1784097313.985102177,2.677778959,20649161,68830.536666667,-1.559030215,0.126300385,0.230015205,-1.250657614,1,0
804,1784097313.988454819,2.681131601,20649162,68830.540000000,-1.563131411,0.126717828,0.224593153,-1.230359019,1,0
805,1784097313.992199898,2.684876680,20649163,68830.543333333,-1.567345113,0.127158220,0.219252108,-1.264110396,1,0
806,1784097313.995704651,2.688381433,20649164,68830.546666667,-1.571436817,0.127574492,0.213989775,-1.227511404,1,0
807,1784097313.998486519,2.691163301,20649165,68830.550000000,-1.575526805,0.128074170,0.208916422,-1.226996410,1,0
808,1784097314.001770735,2.694447517,20649166,68830.553333333,-1.579768883,0.128306105,0.203418970,-1.272623401,1,0
809,1784097314.005194187,2.697870970,20649167,68830.556666667,-1.584083640,0.128503840,0.197802413,-1.294427027,1,0
810,1784097314.008520365,2.701197147,20649168,68830.560000000,-1.588384963,0.128715430,0.192064330,-1.290396962,1,0
811,1784097314.011902094,2.704578876,20649169,68830.563333333,-1.592778970,0.128845202,0.186250230,-1.318201932,1,0
812,1784097314.015160561,2.707837343,20649170,68830.566666667,-1.596959042,0.129055583,0.180384157,-1.254021618,1,0
813,1784097314.018502474,2.711179256,20649171,68830.570000000,-1.601227469,0.129075467,0.174330207,-1.280528143,1,0
814,1784097314.021929979,2.714606762,20649172,68830.573333333,-1.605826574,0.129156792,0.168607100,-1.379731460,1,0
815,1784097314.025509596,2.718186378,20649173,68830.576666667,-1.609942556,0.129425089,0.162197709,-1.234794601,1,0
816,1784097314.029076576,2.721753359,20649174,68830.580000000,-1.613897249,0.129737051,0.155354704,-1.186407882,1,0
817,1784097314.032013655,2.724690437,20649175,68830.583333333,-1.618066709,0.129913481,0.148615046,-1.250838165,1,0
818,1784097314.035330296,2.728007078,20649176,68830.586666667,-1.622217503,0.130189389,0.141775387,-1.245238072,1,0
819,1784097314.038567543,2.731244326,20649177,68830.590000000,-1.626590954,0.130319411,0.135105820,-1.312035273,1,0
820,1784097314.042181969,2.734858751,20649178,68830.593333333,-1.630646541,0.130709026,0.128069654,-1.216676225,1,0
821,1784097314.045252562,2.737929344,20649179,68830.596666667,-1.634558512,0.131198787,0.120964761,-1.173591337,1,0
822,1784097314.048777580,2.741454363,20649180,68830.600000000,-1.638290602,0.131477722,0.113846784,-1.119626905,1,0
823,1784097314.051933527,2.744610310,20649181,68830.603333333,-1.641863473,0.131809813,0.106824954,-1.071861209,1,0
824,1784097314.055250168,2.747926950,20649182,68830.606666667,-1.645524258,0.132140873,0.099777868,-1.098235480,1,0
825,1784097314.058815002,2.751491785,20649183,68830.610000000,-1.649336644,0.132603480,0.092852876,-1.143715954,1,0
826,1784097314.061938286,2.754615068,20649184,68830.613333333,-1.653512932,0.132950935,0.085780075,-1.252886316,1,0
827,1784097314.065162659,2.757839441,20649185,68830.616666667,-1.657563223,0.133345982,0.078186245,-1.215087189,1,0
828,1784097314.068634033,2.761310816,20649186,68830.620000000,-1.661635243,0.133678482,0.070580912,-1.221606283,1,0
829,1784097314.071859360,2.764536142,20649187,68830.623333333,-1.665719497,0.133940627,0.062912092,-1.225276115,1,0
830,1784097314.075422764,2.768099546,20649188,68830.626666667,-1.669531206,0.134185450,0.055053668,-1.143512664,1,0
831,1784097314.078641176,2.771317959,20649189,68830.630000000,-1.673296921,0.134550841,0.047142264,-1.129714616,1,0
832,1784097314.081843615,2.774520397,20649190,68830.633333333,-1.677059577,0.134797435,0.039203324,-1.128796634,1,0
833,1784097314.085117340,2.777794123,20649191,68830.636666667,-1.680801800,0.135061121,0.031098520,-1.122666861,1,0
834,1784097314.088563919,2.781240702,20649192,68830.640000000,-1.684276976,0.135122225,0.023034625,-1.042552890,1,0
835,1784097314.092095852,2.784772635,20649193,68830.643333333,-1.688292278,0.135386036,0.014298894,-1.204590653,1,0
836,1784097314.095391989,2.788068771,20649194,68830.646666667,-1.692260407,0.135700535,0.015990620,-1.190438482,1,0
837,1784097314.098473787,2.791150570,20649195,68830.650000000,-1.695973395,0.135849782,0.020740022,-1.113896544,1,0
838,1784097314.101910591,2.794587374,20649196,68830.653333333,-1.699858812,0.136115523,0.025267012,-1.165625200,1,0
839,1784097314.105297089,2.797973871,20649197,68830.656666667,-1.703698412,0.136443739,0.029591017,-1.151879992,1,0
840,1784097314.108700991,2.801377773,20649198,68830.660000000,-1.707281900,0.136807839,0.033711591,-1.075046202,1,0
841,1784097314.112026453,2.804703236,20649199,68830.663333333,-1.710642779,0.137032742,0.037808741,-1.008263828,1,0
842,1784097314.115157366,2.807834148,20649200,68830.666666667,-1.714352261,0.137148551,0.041869028,-1.112844587,1,0
843,1784097314.118483543,2.811160326,20649201,68830.670000000,-1.718147684,0.137215360,0.045585873,-1.138627039,1,0
844,1784097314.122158289,2.814835072,20649202,68830.673333333,-1.721963528,0.137271104,0.049232076,-1.144752931,1,0
845,1784097314.125334501,2.818011284,20649203,68830.676666667,-1.725870822,0.137296786,0.053104620,-1.172188371,1,0
846,1784097314.128659487,2.821336269,20649204,68830.680000000,-1.729671882,0.137296607,0.056942962,-1.140318002,1,0
847,1784097314.131811380,2.824488163,20649205,68830.683333333,-1.733298018,0.137315470,0.060394320,-1.087840605,1,0
848,1784097314.135310650,2.827987432,20649206,68830.686666667,-1.736949240,0.137275218,0.063421631,-1.095366635,1,0
849,1784097314.138564110,2.831240892,20649207,68830.690000000,-1.740618980,0.137262136,0.066359196,-1.100922154,1,0
850,1784097314.142073631,2.834750414,20649208,68830.693333333,-1.744279175,0.137321163,0.069363831,-1.098058549,1,0
851,1784097314.145400524,2.838077307,20649209,68830.696666667,-1.747755619,0.137423324,0.072354452,-1.042933243,1,0
852,1784097314.148509979,2.841186762,20649210,68830.700000000,-1.751236925,0.137756304,0.075172203,-1.044391782,1,0
853,1784097314.152235270,2.844912052,20649211,68830.703333333,-1.754591099,0.138027378,0.077953230,-1.006251988,1,0
854,1784097314.155278921,2.847955704,20649212,68830.706666667,-1.757714194,0.138247129,0.080736618,-0.936928463,1,0
855,1784097314.158875465,2.851552248,20649213,68830.710000000,-1.760880731,0.138355569,0.083552742,-0.949961113,1,0
856,1784097314.162091494,2.854768276,20649214,68830.713333333,-1.764303777,0.138482054,0.086340813,-1.026914066,1,0
857,1784097314.165246725,2.857923508,20649215,68830.716666667,-1.767776151,0.138632470,0.088904148,-1.041712147,1,0
858,1784097314.168523312,2.861200094,20649216,68830.720000000,-1.771553146,0.138832163,0.091138102,-1.133098439,1,0
859,1784097314.171794891,2.864471674,20649217,68830.723333333,-1.775353148,0.139066776,0.093358585,-1.140000432,1,0
860,1784097314.175477982,2.868154764,20649218,68830.726666667,-1.778968386,0.139193317,0.095384086,-1.084571496,1,0
861,1784097314.178642988,2.871319771,20649219,68830.730000000,-1.782337843,0.139418003,0.097284691,-1.010837148,1,0
862,1784097314.181882858,2.874559641,20649220,68830.733333333,-1.785872320,0.139529327,0.099300201,-1.060343120,1,0
863,1784097314.185102701,2.877779484,20649221,68830.736666667,-1.789412611,0.139672099,0.101033799,-1.062087294,1,0
864,1784097314.188440561,2.881117344,20649222,68830.740000000,-1.792894751,0.139700601,0.102531280,-1.044641879,1,0
865,1784097314.192445993,2.885122776,20649223,68830.743333333,-1.796451930,0.139780430,0.103839568,-1.067153713,1,0
866,1784097314.195486069,2.888162851,20649224,68830.746666667,-1.799826421,0.139967100,0.105209650,-1.012347347,1,0
867,1784097314.198803902,2.891480684,20649225,68830.750000000,-1.803239517,0.140137774,0.106760360,-1.023928856,1,0
868,1784097314.201997995,2.894674778,20649226,68830.753333333,-1.807026693,0.140431693,0.107858711,-1.136152901,1,0
869,1784097314.205258608,2.897935390,20649227,68830.756666667,-1.810724171,0.140839848,0.108926554,-1.109243139,1,0
870,1784097314.208742619,2.901419401,20649228,68830.760000000,-1.813987919,0.141277480,0.109625562,-0.979124646,1,0
871,1784097314.212119102,2.904795885,20649229,68830.763333333,-1.817277885,0.141593866,0.110364564,-0.986989550,1,0
872,1784097314.215314627,2.907991409,20649230,68830.766666667,-1.820907777,0.141651437,0.111407221,-1.088967809,1,0
873,1784097314.218544722,2.911221504,20649231,68830.770000000,-1.824615015,0.141760994,0.111806307,-1.112171439,1,0
874,1784097314.221799135,2.914475918,20649232,68830.773333333,-1.828450938,0.141783073,0.112278430,-1.150776704,1,0
875,1784097314.225412607,2.918089390,20649233,68830.776666667,-1.832239332,0.141778562,0.112893705,-1.136518169,1,0
876,1784097314.228803635,2.921480417,20649234,68830.780000000,-1.835915517,0.141849466,0.113365057,-1.102855719,1,0
877,1784097314.231899738,2.924576521,20649235,68830.783333333,-1.839414762,0.141876881,0.113493993,-1.049773462,1,0
878,1784097314.235114574,2.927791357,20649236,68830.786666667,-1.842953036,0.141884189,0.113289379,-1.061482212,1,0
879,1784097314.238428831,2.931105614,20649237,68830.790000000,-1.846447355,0.141975251,0.112661207,-1.048295769,1,0
880,1784097314.242053032,2.934729815,20649238,68830.793333333,-1.850167126,0.141938672,0.112625461,-1.115931158,1,0
881,1784097314.245463610,2.938140392,20649239,68830.796666667,-1.853483511,0.142139236,0.112134705,-0.994915453,1,0
882,1784097314.248591423,2.941268206,20649240,68830.800000000,-1.856567546,0.142457476,0.111990611,-0.925210547,1,0
883,1784097314.252066374,2.944743156,20649241,68830.803333333,-1.859793774,0.142807248,0.111473180,-0.967868526,1,0
884,1784097314.255255461,2.947932243,20649242,68830.806666667,-1.862654661,0.143077622,0.110416104,-0.858265854,1,0
885,1784097314.258744717,2.951421499,20649243,68830.810000000,-1.865605282,0.143265254,0.110175330,-0.885186482,1,0
886,1784097314.262269258,2.954946041,20649244,68830.813333333,-1.868820419,0.143317115,0.109402576,-0.964541150,1,0
887,1784097314.265257359,2.957934141,20649245,68830.816666667,-1.872216431,0.143803194,0.107861399,-1.018803386,1,0
888,1784097314.268642902,2.961319685,20649246,68830.820000000,-1.876814047,0.144448854,0.106013151,-1.379284777,1,0
889,1784097314.271811485,2.964488268,20649247,68830.823333333,-1.880536005,0.144748349,0.105147749,-1.116587509,1,0
890,1784097314.275452614,2.968129396,20649248,68830.826666667,-1.883704747,0.144982632,0.103729359,-0.950622732,1,0
891,1784097314.278829098,2.971505880,20649249,68830.830000000,-1.886898105,0.144958722,0.102630154,-0.958007198,1,0
892,1784097314.281937599,2.974614382,20649250,68830.833333333,-1.890007426,0.144848497,0.100949622,-0.932796339,1,0
893,1784097314.285106659,2.977783442,20649251,68830.836666667,-1.893339986,0.144995320,0.099129485,-0.999768150,1,0
894,1784097314.288422346,2.981099129,20649252,68830.840000000,-1.896901723,0.145276480,0.097527802,-1.068521058,1,0
895,1784097314.292064190,2.984740973,20649253,68830.843333333,-1.900553016,0.145508409,0.095510391,-1.095387960,1,0
896,1784097314.295356512,2.988033295,20649254,68830.846666667,-1.903885257,0.146242565,0.094129504,-0.999672163,1,0
897,1784097314.298571110,2.991247892,20649255,68830.850000000,-1.907594775,0.146098696,0.091460883,-1.112855376,1,0
898,1784097314.301892042,2.994568825,20649256,68830.853333333,-1.909265785,0.146192669,0.093850820,-0.501303094,1,0
899,1784097314.305105209,2.997781992,20649257,68830.856666667,-1.912954890,0.146476066,0.091571586,-1.106731296,1,0
900,1784097314.309004068,3.001680851,20649258,68830.860000000,-1.917501217,0.147017708,0.086617437,-1.363898187,1,0
901,1784097314.312043667,3.004720449,20649259,68830.863333333,-1.921201373,0.147240056,0.084024890,-1.110046980,1,0
902,1784097314.315196991,3.007873774,20649260,68830.866666667,-1.924654050,0.147431122,0.081575930,-1.035803062,1,0
903,1784097314.318390846,3.011067629,20649261,68830.870000000,-1.928402142,0.147566320,0.078828515,-1.124427514,1,0
904,1784097314.321775198,3.014451981,20649262,68830.873333333,-1.932160035,0.147285881,0.075746843,-1.127367834,1,0
905,1784097314.325271368,3.017948151,20649263,68830.876666667,-1.935716055,0.147070947,0.072752441,-1.066806050,1,0
906,1784097314.328532934,3.021209717,20649264,68830.880000000,-1.939217712,0.147082688,0.069930990,-1.050497162,1,0
907,1784097314.331764936,3.024441719,20649265,68830.883333333,-1.942701305,0.147125134,0.066715094,-1.045077897,1,0
908,1784097314.335138798,3.027815580,20649266,68830.886666667,-1.946158925,0.147396339,0.063267433,-1.037285895,1,0
909,1784097314.338369846,3.031046629,20649267,68830.890000000,-1.949778571,0.147772814,0.059731362,-1.085893725,1,0
910,1784097314.342599154,3.035275936,20649268,68830.893333333,-1.953330191,0.147928928,0.056169669,-1.065486084,1,0
911,1784097314.345340729,3.038017511,20649269,68830.896666667,-1.956594002,0.148218589,0.052314325,-0.979143404,1,0
912,1784097314.348694563,3.041371346,20649270,68830.900000000,-1.959701218,0.148549469,0.048287768,-0.932164626,1,0
913,1784097314.351800680,3.044477463,20649271,68830.903333333,-1.962750073,0.148653631,0.044187387,-0.914656543,1,0
914,1784097314.355285168,3.047961950,20649272,68830.906666667,-1.965850411,0.148924879,0.040611160,-0.930101458,1,0
915,1784097314.358960390,3.051637173,20649273,68830.910000000,-1.968756789,0.149242452,0.037258612,-0.871913300,1,0
916,1784097314.362150192,3.054826975,20649274,68830.913333333,-1.971846521,0.149039276,0.033073854,-0.926919744,1,0
917,1784097314.365187883,3.057864666,20649275,68830.916666667,-1.975871751,0.149694001,0.029576115,-1.207568935,1,0
918,1784097314.368474483,3.061151266,20649276,68830.920000000,-1.979567945,0.149950883,0.025780490,-1.108858123,1,0
919,1784097314.372494221,3.065171003,20649277,68830.923333333,-1.982890170,0.150042966,0.021645751,-0.996667636,1,0
920,1784097314.375976562,3.068653345,20649278,68830.926666667,-1.985914329,0.149959664,0.017110569,-0.907247839,1,0
921,1784097314.379060268,3.071737051,20649279,68830.930000000,-1.988789913,0.150080446,0.012831544,-0.862674949,1,0
922,1784097314.381914616,3.074591398,20649280,68830.933333333,-1.992313486,0.150378141,0.012943436,-1.057071943,1,0
923,1784097314.385091305,3.077768087,20649281,68830.936666667,-1.996072501,0.150645687,0.015186158,-1.127704454,1,0
924,1784097314.388583183,3.081259966,20649282,68830.940000000,-1.999669816,0.150399502,0.016105001,-1.079194731,1,0
925,1784097314.392369986,3.085046768,20649283,68830.943333333,-2.003630564,0.151036523,0.018514806,-1.188224318,1,0
926,1784097314.395690918,3.088367701,20649284,68830.946666667,-2.007640637,0.151267240,0.020166305,-1.203021819,1,0
927,1784097314.398509502,3.091186285,20649285,68830.950000000,-2.011540441,0.151349462,0.021003196,-1.169941299,1,0
928,1784097314.401853800,3.094530582,20649286,68830.953333333,-2.015387833,0.151414516,0.022034528,-1.154217577,1,0
929,1784097314.405234337,3.097911119,20649287,68830.956666667,-2.018674380,0.151311752,0.022515446,-0.985964208,1,0
930,1784097314.408813238,3.101490021,20649288,68830.960000000,-2.022416146,0.151360472,0.024173494,-1.122529623,1,0
931,1784097314.412079811,3.104756594,20649289,68830.963333333,-2.026634221,0.151678115,0.026754668,-1.265422603,1,0
932,1784097314.415172100,3.107848883,20649290,68830.966666667,-2.030474866,0.151953514,0.028177566,-1.152193307,1,0
933,1784097314.418601990,3.111278772,20649291,68830.970000000,-2.034446938,0.152023577,0.029227070,-1.191621736,1,0
934,1784097314.421760082,3.114436865,20649292,68830.973333333,-2.038316086,0.151997067,0.029914558,-1.160744475,1,0
935,1784097314.425454140,3.118130922,20649293,68830.976666667,-2.042301137,0.152079540,0.030889053,-1.195515307,1,0
936,1784097314.428817749,3.121494532,20649294,68830.980000000,-2.046189673,0.152045113,0.031816199,-1.166560600,1,0
937,1784097314.431793690,3.124470472,20649295,68830.983333333,-2.049920350,0.152225316,0.032733889,-1.119203064,1,0
938,1784097314.435132980,3.127809763,20649296,68830.986666667,-2.053413228,0.152446362,0.033081286,-1.047863472,1,0
939,1784097314.438492775,3.131169558,20649297,68830.990000000,-2.057396573,0.152545666,0.033680075,-1.195003457,1,0
940,1784097314.442108870,3.134785652,20649298,68830.993333333,-2.061225555,0.152797349,0.033795379,-1.148694762,1,0
941,1784097314.445485353,3.138162136,20649299,68830.996666667,-2.065235186,0.153106105,0.033998919,-1.202889176,1,0
942,1784097314.448513985,3.141190767,20649300,68831.000000000,-2.069144786,0.153384320,0.034092390,-1.172880197,1,0
943,1784097314.451916695,3.144593477,20649301,68831.003333333,-2.072803992,0.153557621,0.033832728,-1.097761712,1,0
944,1784097314.455317736,3.147994518,20649302,68831.006666667,-2.076413693,0.153852246,0.033403003,-1.082910269,1,0
945,1784097314.458811998,3.151488781,20649303,68831.010000000,-2.079941903,0.154130568,0.032705677,-1.058462897,1,0
946,1784097314.462173462,3.154850245,20649304,68831.013333333,-2.083460226,0.154278162,0.032063610,-1.055496856,1,0
947,1784097314.465380192,3.158056974,20649305,68831.016666667,-2.086574660,0.154286034,0.031179847,-0.934330233,1,0
948,1784097314.468513012,3.161189795,20649306,68831.020000000,-2.089895745,0.154256142,0.030521649,-0.996325594,1,0
949,1784097314.471765995,3.164442778,20649307,68831.023333333,-2.093559553,0.154556036,0.030387702,-1.099142489,1,0
950,1784097314.475466967,3.168143749,20649308,68831.026666667,-2.097281859,0.155301619,0.030829738,-1.116691635,1,0
951,1784097314.478827238,3.171504021,20649309,68831.030000000,-2.101392168,0.155549336,0.030364940,-1.233092837,1,0
952,1784097314.481974602,3.174651384,20649310,68831.033333333,-2.105039106,0.155705862,0.029396553,-1.094081488,1,0
953,1784097314.485271692,3.177948475,20649311,68831.036666667,-2.108659372,0.155989455,0.028457747,-1.086079624,1,0
954,1784097314.488474846,3.181151628,20649312,68831.040000000,-2.112256681,0.156128981,0.027434227,-1.079192766,1,0
955,1784097314.492209196,3.184885979,20649313,68831.043333333,-2.115548758,0.156149254,0.026209421,-0.987623025,1,0
956,1784097314.495424986,3.188101768,20649314,68831.046666667,-2.118775620,0.155973906,0.024111727,-0.968058544,1,0
957,1784097314.498792410,3.191469193,20649315,68831.050000000,-2.122353931,0.156603320,0.023298502,-1.073493554,1,0
958,1784097314.501799345,3.194476128,20649316,68831.053333333,-2.126202219,0.156382578,0.020785673,-1.154486182,1,0
959,1784097314.505221128,3.197897911,20649317,68831.056666667,-2.129859184,0.156923604,0.019912532,-1.097089634,1,0
960,1784097314.508689165,3.201365948,20649318,68831.060000000,-2.133489366,0.157287304,0.017673091,-1.089054483,1,0
961,1784097314.512219667,3.204896450,20649319,68831.063333333,-2.135272930,0.157541116,0.019162005,-0.535069221,1,0
962,1784097314.515134811,3.207811594,20649320,68831.066666667,-2.138477094,0.157910678,0.017651728,-0.961249108,1,0
963,1784097314.518488169,3.211164951,20649321,68831.070000000,-2.141981784,0.158177793,0.016191155,-1.051407118,1,0
964,1784097314.521834850,3.214511633,20649322,68831.073333333,-2.145624703,0.158420903,0.014969219,-1.092875606,1,0
965,1784097314.525475025,3.218151808,20649323,68831.076666667,-2.149308966,0.158559327,0.015442547,-1.105279129,1,0
966,1784097314.528922796,3.221599579,20649324,68831.080000000,-2.153032808,0.158842975,0.016727108,-1.117152392,1,0
967,1784097314.531871080,3.224547863,20649325,68831.083333333,-2.156816558,0.159023211,0.017494715,-1.135124941,1,0
968,1784097314.535101175,3.227777958,20649326,68831.086666667,-2.160369879,0.159325713,0.019194190,-1.065996449,1,0
969,1784097314.538484573,3.231161356,20649327,68831.090000000,-2.163746149,0.159496172,0.019943987,-1.012880993,1,0
970,1784097314.542168140,3.234844923,20649328,68831.093333333,-2.167347563,0.159468397,0.020236973,-1.080424087,1,0
971,1784097314.545381546,3.238058329,20649329,68831.096666667,-2.173909690,0.157707214,0.015546203,-1.968638272,1,0
972,1784097314.548490524,3.241167307,20649330,68831.100000000,-2.177409656,0.157771544,0.016134173,-1.049989753,1,0
