W0609 14:04:41.431000 1373787 torch/distributed/run.py:793]
W0609 14:04:41.431000 1373787 torch/distributed/run.py:793] ********************
*********************
W0609 14:04:41.431000 1373787 torch/distributed/run.py:793] Setting OMP_NUM_THRE
ADS environment variable for each process to be 1 in default, to avoid your syst
em being overloaded, please further tune the variable for optimal performance in
 your application as needed.
W0609 14:04:41.431000 1373787 torch/distributed/run.py:793] ********************
*********************
[INFO][AppLauncher]: Using device: cuda:0
[INFO][AppLauncher]: Loading experience file: /root/.venvs/isaaclab-mosaic/lib/p
ython3.10/site-packages/isaaclab/apps/isaaclab.python.headless.kit
[Warning] [simulation_app.simulation_app] Modules: ['omni.kit_app'] were loaded
before SimulationApp was started and might not be loaded correctly.
[Warning] [simulation_app.simulation_app] Please check to make sure no extra omn
iverse or pxr modules are imported before the call to SimulationApp(...)
[INFO][AppLauncher]: Using device: cuda:1
[INFO][AppLauncher]: Loading experience file: /root/.venvs/isaaclab-mosaic/lib/p
ython3.10/site-packages/isaaclab/apps/isaaclab.python.headless.kit
[Warning] [simulation_app.simulation_app] Modules: ['omni.kit_app'] were loaded
before SimulationApp was started and might not be loaded correctly.
[Warning] [simulation_app.simulation_app] Please check to make sure no extra omn
iverse or pxr modules are imported before the call to SimulationApp(...)
Loading user config located at: '/root/.venvs/isaaclab-mosaic/lib/python3.10/sit
e-packages/omni/data/Kit/Isaac-Sim/4.5/user.config.json'
[Info] [carb] Logging to file: /root/.venvs/isaaclab-mosaic/lib/python3.10/site-
packages/omni/logs/Kit/Isaac-Sim/4.5/kit_20260609_140441.log
2026-06-09 06:04:41 [0ms] [Warning] [omni.kit.app.plugin] No crash reporter pres
ent, dumps uploading isn't available.
Loading user config located at: '/root/.venvs/isaaclab-mosaic/lib/python3.10/sit
e-packages/omni/data/Kit/Isaac-Sim/4.5/user.config.json'
[Info] [carb] Logging to file: /root/.venvs/isaaclab-mosaic/lib/python3.10/site-
packages/omni/logs/Kit/Isaac-Sim/4.5/kit_20260609_140441.log
2026-06-09 06:04:41 [0ms] [Warning] [omni.kit.app.plugin] No crash reporter pres
ent, dumps uploading isn't available.
2026-06-09 06:04:42 [131ms] [Warning] [omni.ext.plugin] [ext: rendering_modes] E
xtensions config 'extension.toml' doesn't exist '/root/.venvs/isaaclab-mosaic/li
b/python3.10/site-packages/isaaclab/apps/rendering_modes' or '/root/.venvs/isaac
lab-mosaic/lib/python3.10/site-packages/isaaclab/apps/rendering_modes/config'
2026-06-09 06:04:42 [204ms] [Warning] [omni.ext.plugin] [ext: rendering_modes] E
xtensions config 'extension.toml' doesn't exist '/root/.venvs/isaaclab-mosaic/li
b/python3.10/site-packages/isaaclab/apps/rendering_modes' or '/root/.venvs/isaac
lab-mosaic/lib/python3.10/site-packages/isaaclab/apps/rendering_modes/config'
2026-06-09 06:04:42 [492ms] [Warning] [omni.usd_config.extension] Enable omni.ma
terialx.libs extension to use MaterialX
2026-06-09 06:04:42 [492ms] [Warning] [omni.usd_config.extension] Enable omni.ma
terialx.libs extension to use MaterialX
2026-06-09 06:04:42 [781ms] [Warning] [omni.platforminfo.plugin] failed to open
the default display.  Can't verify X Server version.
2026-06-09 06:04:42 [784ms] [Warning] [omni.platforminfo.plugin] failed to open
the default display.  Can't verify X Server version.
2026-06-09 06:04:42 [987ms] [Warning] [omni.datastore] OmniHub is inaccessible
2026-06-09 06:04:42 [1,004ms] [Warning] [omni.datastore] OmniHub is inaccessible
2026-06-09 06:04:43 [1,126ms] [Warning] [omni.isaac.dynamic_control] omni.isaac.
dynamic_control is deprecated as of Isaac Sim 4.5. No action is needed from end-
users.
2026-06-09 06:04:43 [1,220ms] [Warning] [omni.isaac.dynamic_control] omni.isaac.
dynamic_control is deprecated as of Isaac Sim 4.5. No action is needed from end-
users.

|-------------------------------------------------------------------------------
--------------|
| Driver Version: 535.161.08    | Graphics API: Vulkan
|===============================================================================
==============|
| GPU | Name                             | Active | LDA | GPU Memory | Vendor-ID
 | LUID       |
|     |                                  |        |     |            | Device-ID
 | UUID       |
|     |                                  |        |     |            | Bus-ID
 |            |
|-------------------------------------------------------------------------------
--------------|
| 0   | NVIDIA A100-SXM4-40GB            |        |     | 40960   MB | 10de
 | 0          |
|     |                                  |        |     |            | 20b0
 | d7b2f38c.. |
|     |                                  |        |     |            | 7
 |            |
|-------------------------------------------------------------------------------
--------------|
| 1   | NVIDIA A100-SXM4-40GB            | Yes: 0 |     | 40960   MB | 10de
 | 0          |
|     |                                  |        |     |            | 20b0
 | 2765dc13.. |
|     |                                  |        |     |            | f
 |            |
|===============================================================================
==============|
| OS: 22.04.4 LTS (Jammy Jellyfish) ubuntu, Version: 22.04.4, Kernel: 5.15.0-105
3-nvidia
| Processor: AMD EPYC 7742 64-Core Processor
| Bare Metal Cores: 128 | Bare Metal Logical Cores: 256
| Core Usage Quota: 45
|-------------------------------------------------------------------------------
--------------|
| Total Memory (MB): 184320 | Free Memory: 174473
| Total Page/Swap (MB): 0 | Free Page/Swap: 0
|-------------------------------------------------------------------------------
--------------|
2026-06-09 06:04:50 [8,814ms] [Warning] [gpu.foundation.plugin] ECC is enabled o
n physical device 1
2026-06-09 06:04:50 [8,817ms] [Warning] [gpu.foundation.plugin] IOMMU is enabled
.
2026-06-09 06:04:50 [8,817ms] [Warning] [gpu.foundation.plugin] Detected IOMMU i
s enabled. Running CUDA peer-to-peer bandwidth and latency validation.
Cuda failure ../../../source/plugins/carb.cudainterop/p2pBandwidthLatencyTest/p2
pBandwidthLatencyTest.cu:681: 'peer access is already enabled'

|-------------------------------------------------------------------------------
--------------|
| Driver Version: 535.161.08    | Graphics API: Vulkan
|===============================================================================
==============|
| GPU | Name                             | Active | LDA | GPU Memory | Vendor-ID
 | LUID       |
|     |                                  |        |     |            | Device-ID
 | UUID       |
|     |                                  |        |     |            | Bus-ID
 |            |
|-------------------------------------------------------------------------------
--------------|
| 0   | NVIDIA A100-SXM4-40GB            | Yes: 0 |     | 40960   MB | 10de
 | 0          |
|     |                                  |        |     |            | 20b0
 | d7b2f38c.. |
|     |                                  |        |     |            | 7
 |            |
|-------------------------------------------------------------------------------
--------------|
| 1   | NVIDIA A100-SXM4-40GB            |        |     | 40960   MB | 10de
 | 0          |
|     |                                  |        |     |            | 20b0
 | 2765dc13.. |
|     |                                  |        |     |            | f
 |            |
|===============================================================================
==============|
| OS: 22.04.4 LTS (Jammy Jellyfish) ubuntu, Version: 22.04.4, Kernel: 5.15.0-105
3-nvidia
| Processor: AMD EPYC 7742 64-Core Processor
| Bare Metal Cores: 128 | Bare Metal Logical Cores: 256
| Core Usage Quota: 45
|-------------------------------------------------------------------------------
--------------|
| Total Memory (MB): 184320 | Free Memory: 174484
| Total Page/Swap (MB): 0 | Free Page/Swap: 0
|-------------------------------------------------------------------------------
--------------|
2026-06-09 06:04:50 [8,864ms] [Warning] [gpu.foundation.plugin] ECC is enabled o
n physical device 0
2026-06-09 06:04:50 [8,865ms] [Warning] [gpu.foundation.plugin] IOMMU is enabled
.
2026-06-09 06:04:50 [8,865ms] [Warning] [gpu.foundation.plugin] Detected IOMMU i
s enabled. Running CUDA peer-to-peer bandwidth and latency validation.
Cuda failure ../../../source/plugins/carb.cudainterop/p2pBandwidthLatencyTest/p2
pBandwidthLatencyTest.cu:681: 'peer access is already enabled'
2026-06-09 06:04:50 [8,907ms] [Warning] [omni.kvdb.plugin] Disabling key-value d
atabase because another kit process is locking it
[INFO]: Parsing configuration from: <class 'whole_body_tracking.tasks.hitter.con
fig.g1.flat_env_cfg.G1HitterStrikingPlannerDomainFlatEnvCfg'>
[INFO]: Parsing configuration from: whole_body_tracking.tasks.hitter.config.g1.a
gents.rsl_rl_ppo_cfg:G1HitterStrikingPlannerDomainPPORunnerCfg
[INFO]: Parsing configuration from: <class 'whole_body_tracking.tasks.hitter.con
fig.g1.flat_env_cfg.G1HitterStrikingPlannerDomainFlatEnvCfg'>
[INFO]: Parsing configuration from: whole_body_tracking.tasks.hitter.config.g1.a
gents.rsl_rl_ppo_cfg:G1HitterStrikingPlannerDomainPPORunnerCfg
[INFO] Distributed seeding: base_seed=42, rank=1, env_seed=1042 (stride=1000)
[INFO] Logging experiment in directory: /root/Hitter/MOSAIC-main/logs/rsl_rl/hit
ter_striking_g1
Setting seed: 1042
[INFO]: Base environment:
        Environment device    : cuda:1
        Environment seed      : 1042
        Physics step-size     : 0.005
        Rendering step-size   : 0.02
        Environment step-size : 0.02
[INFO] Distributed seeding: base_seed=42, rank=0, env_seed=42 (stride=1000)
[INFO] Logging experiment in directory: /root/Hitter/MOSAIC-main/logs/rsl_rl/hit
ter_striking_g1
Setting seed: 42
[INFO]: Base environment:
        Environment device    : cuda:0
        Environment seed      : 42
        Physics step-size     : 0.005
        Rendering step-size   : 0.02
        Environment step-size : 0.02
2026-06-09 06:04:54 [12,228ms] [Warning] [isaaclab.terrains.terrain_importer] Vi
sual material specified for ground plane but no diffuse color found. Using defau
lt color: (0.0, 0.0, 0.0)
2026-06-09 06:04:54 [12,319ms] [Warning] [isaaclab.terrains.terrain_importer] Vi
sual material specified for ground plane but no diffuse color found. Using defau
lt color: (0.0, 0.0, 0.0)
[INFO]: Time taken for scene creation : 57.367519 seconds
[INFO]: Scene manager:  <class InteractiveScene>
        Number of environments: 50000
        Environment spacing   : 2.5
        Source prim name      : /World/envs/env_0
        Global prim paths     : ['/World/ground']
        Replicate physics     : True
[INFO]: Starting the simulation. This may take a few seconds. Please wait...
[INFO]: Time taken for scene creation : 58.594635 seconds
[INFO]: Scene manager:  <class InteractiveScene>
        Number of environments: 50000
        Environment spacing   : 2.5
        Source prim name      : /World/envs/env_0
        Global prim paths     : ['/World/ground']
        Replicate physics     : True
[INFO]: Starting the simulation. This may take a few seconds. Please wait...

[INFO]: Time taken for simulation start : 203.625274 seconds
2026-06-09 06:09:15 [273,583ms] [Error] [gpu.foundation.plugin] DriverShaderCacheManager::init() called without a shutdown()!

|---------------------------------------------------------------------------------------------|
| Driver Version: 535.161.08    | Graphics API: Vulkan
|=============================================================================================|
| GPU | Name                             | Active | LDA | GPU Memory | Vendor-ID | LUID       |
|     |                                  |        |     |            | Device-ID | UUID       |
|     |                                  |        |     |            | Bus-ID    |            |
|---------------------------------------------------------------------------------------------|
| 0   | NVIDIA A100-SXM4-40GB            |        |     | 40960   MB | 10de      | 0          |
|     |                                  |        |     |            | 20b0      | d7b2f38c.. |
|     |                                  |        |     |            | 7         |            |
|---------------------------------------------------------------------------------------------|
| 1   | NVIDIA A100-SXM4-40GB            | Yes: 0 |     | 40960   MB | 10de      | 0          |
|     |                                  |        |     |            | 20b0      | 2765dc13.. |
|     |                                  |        |     |            | f         |            |
|=============================================================================================|
| OS: 22.04.4 LTS (Jammy Jellyfish) ubuntu, Version: 22.04.4, Kernel: 5.15.0-1053-nvidia
| Processor: AMD EPYC 7742 64-Core Processor
| Bare Metal Cores: 128 | Bare Metal Logical Cores: 256
| Core Usage Quota: 45
|---------------------------------------------------------------------------------------------|
| Total Memory (MB): 184320 | Free Memory: 121038
| Total Page/Swap (MB): 0 | Free Page/Swap: 0
|---------------------------------------------------------------------------------------------|
2026-06-09 06:09:17 [275,201ms] [Warning] [gpu.foundation.plugin] ECC is enabled on physical device 1
Unidirectional P2P=Enabled Bandwidth (P2P Writes) Matrix (GB/s)
   D\D     0      1 
     0 1268.55  14.69 
     1  15.37 1288.76 
P2P=Enabled Latency (P2P Writes) Matrix (us)
   GPU     0      1 
     0   2.94  72.66 
     1  24.41   2.45 

   CPU     0      1 
     0   3.59  10.48 
     1   9.96   3.16 
2026-06-09 06:09:17 [275,352ms] [Warning] [gpu.foundation.plugin] CUDA peer-to-peer observed bandwidth: 14.7 GB/s.
2026-06-09 06:09:17 [275,352ms] [Warning] [gpu.foundation.plugin] CUDA peer-to-peer observed latency: 72.7 us.
2026-06-09 06:09:17 [275,352ms] [Warning] [gpu.foundation.plugin] Please verify if observed bandwidth and latency are expected.
2026-06-09 06:09:17 [275,353ms] [Warning] [gpu.foundation.plugin] IOMMU is enabled.
2026-06-09 06:09:17 [275,353ms] [Warning] [gpu.foundation.plugin] Detected IOMMU is enabled. Running CUDA peer-to-peer bandwidth and latency validation.
Unidirectional P2P=Enabled Bandwidth (P2P Writes) Matrix (GB/s)
   D\D     0      1 
     0 1274.96  14.74 
     1  15.43 1291.89 
P2P=Enabled Latency (P2P Writes) Matrix (us)
   GPU     0      1 
     0   2.27  83.06 
     1  17.75   2.46 

   CPU     0      1 
     0   3.35   9.84 
     1  10.40   3.24 
2026-06-09 06:09:17 [275,499ms] [Warning] [gpu.foundation.plugin] CUDA peer-to-peer observed bandwidth: 14.7 GB/s.
2026-06-09 06:09:17 [275,499ms] [Warning] [gpu.foundation.plugin] CUDA peer-to-peer observed latency: 83.1 us.
2026-06-09 06:09:17 [275,499ms] [Warning] [gpu.foundation.plugin] Please verify if observed bandwidth and latency are expected.
2026-06-09 06:09:18 [276,881ms] [Warning] [omni.graph.visualization.nodes._impl.extension] No Viewport Window to add omni.graph.visualization.nodes-2.1.1 scene to
2026-06-09 06:09:19 [277,088ms] [Warning] [omni.usd] Warning: in GetNodeDiscoveryResults at line 136 of /builds/omniverse/usd-ci/USD/pxr/usd/usdShade/shaderDefUtils.cpp -- Unable to resolve info:sourceAsset </UsdPreviewSurface.info:mdl:sourceAsset> with value @UsdPreviewSurface.mdl@.

2026-06-09 06:09:19 [277,088ms] [Warning] [omni.usd] Warning: in GetNodeDiscoveryResults at line 136 of /builds/omniverse/usd-ci/USD/pxr/usd/usdShade/shaderDefUtils.cpp -- Unable to resolve info:sourceAsset </UsdUVTexture.info:mdl:sourceAsset> with value @UsdPreviewSurface.mdl@.

2026-06-09 06:09:19 [277,088ms] [Warning] [omni.usd] Warning: in GetNodeDiscoveryResults at line 136 of /builds/omniverse/usd-ci/USD/pxr/usd/usdShade/shaderDefUtils.cpp -- Unable to resolve info:sourceAsset </UsdPrimvarReader_float.info:mdl:sourceAsset> with value @UsdPreviewSurface.mdl@.

2026-06-09 06:09:19 [277,088ms] [Warning] [omni.usd] Warning: in GetNodeDiscoveryResults at line 136 of /builds/omniverse/usd-ci/USD/pxr/usd/usdShade/shaderDefUtils.cpp -- Unable to resolve info:sourceAsset </UsdPrimvarReader_float2.info:mdl:sourceAsset> with value @UsdPreviewSurface.mdl@.

2026-06-09 06:09:19 [277,089ms] [Warning] [omni.usd] Warning: in GetNodeDiscoveryResults at line 136 of /builds/omniverse/usd-ci/USD/pxr/usd/usdShade/shaderDefUtils.cpp -- Unable to resolve info:sourceAsset </UsdPrimvarReader_float3.info:mdl:sourceAsset> with value @UsdPreviewSurface.mdl@.

2026-06-09 06:09:19 [277,089ms] [Warning] [omni.usd] Warning: in GetNodeDiscoveryResults at line 136 of /builds/omniverse/usd-ci/USD/pxr/usd/usdShade/shaderDefUtils.cpp -- Unable to resolve info:sourceAsset </UsdPrimvarReader_float4.info:mdl:sourceAsset> with value @UsdPreviewSurface.mdl@.

2026-06-09 06:09:19 [277,089ms] [Warning] [omni.usd] Warning: in GetNodeDiscoveryResults at line 136 of /builds/omniverse/usd-ci/USD/pxr/usd/usdShade/shaderDefUtils.cpp -- Unable to resolve info:sourceAsset </UsdPrimvarReader_int.info:mdl:sourceAsset> with value @UsdPreviewSurface.mdl@.

2026-06-09 06:09:19 [277,089ms] [Warning] [omni.usd] Warning: in GetNodeDiscoveryResults at line 136 of /builds/omniverse/usd-ci/USD/pxr/usd/usdShade/shaderDefUtils.cpp -- Unable to resolve info:sourceAsset </UsdPrimvarReader_string.info:mdl:sourceAsset> with value @UsdPreviewSurface.mdl@.

2026-06-09 06:09:19 [277,089ms] [Warning] [omni.usd] Warning: in GetNodeDiscoveryResults at line 136 of /builds/omniverse/usd-ci/USD/pxr/usd/usdShade/shaderDefUtils.cpp -- Unable to resolve info:sourceAsset </UsdPrimvarReader_normal.info:mdl:sourceAsset> with value @UsdPreviewSurface.mdl@.

2026-06-09 06:09:19 [277,090ms] [Warning] [omni.usd] Warning: in GetNodeDiscoveryResults at line 136 of /builds/omniverse/usd-ci/USD/pxr/usd/usdShade/shaderDefUtils.cpp -- Unable to resolve info:sourceAsset </UsdPrimvarReader_point.info:mdl:sourceAsset> with value @UsdPreviewSurface.mdl@.

2026-06-09 06:09:19 [277,090ms] [Warning] [omni.usd] Warning: in GetNodeDiscoveryResults at line 136 of /builds/omniverse/usd-ci/USD/pxr/usd/usdShade/shaderDefUtils.cpp -- Unable to resolve info:sourceAsset </UsdPrimvarReader_vector.info:mdl:sourceAsset> with value @UsdPreviewSurface.mdl@.

2026-06-09 06:09:19 [277,090ms] [Warning] [omni.usd] Warning: in GetNodeDiscoveryResults at line 136 of /builds/omniverse/usd-ci/USD/pxr/usd/usdShade/shaderDefUtils.cpp -- Unable to resolve info:sourceAsset </UsdPrimvarReader_matrix.info:mdl:sourceAsset> with value @UsdPreviewSurface.mdl@.

2026-06-09 06:09:19 [277,090ms] [Warning] [omni.usd] Warning: in GetNodeDiscoveryResults at line 136 of /builds/omniverse/usd-ci/USD/pxr/usd/usdShade/shaderDefUtils.cpp -- Unable to resolve info:sourceAsset </UsdTransform2d.info:mdl:sourceAsset> with value @UsdPreviewSurface.mdl@.

[MultiMotionLoader] Motion group distribution:
  - backhand: 2 motions
  - forehand: 3 motions
[MultiMotionCommand] Registered motion groups: ['backhand', 'forehand']
[MultiMotionCommand]   - Group 'backhand': 2 motions
[MultiMotionCommand]   - Group 'forehand': 3 motions
[MultiMotionCommand] Assigning 50000 environments with ratios: backhand=25000/50000, forehand=25000/50000
[INFO] Command Manager:  <CommandManager> contains 1 active terms.
+----------------------------------------+
|          Active Command Terms          |
+-------+--------+-----------------------+
| Index | Name   |          Type         |
+-------+--------+-----------------------+
|   0   | motion | HitterStrikingCommand |
+-------+--------+-----------------------+

[INFO] Event Manager:  <EventManager> contains 2 active terms.
+---------------------------------------+
| Active Event Terms in Mode: 'startup' |
+---------+-----------------------------+
|  Index  | Name                        |
+---------+-----------------------------+
|    0    | physics_material            |
|    1    | add_joint_default_pos       |
|    2    | base_com                    |
+---------+-----------------------------+
+----------------------------------------------+
|    Active Event Terms in Mode: 'interval'    |
+-------+------------+-------------------------+
| Index | Name       | Interval time range (s) |
+-------+------------+-------------------------+
|   0   | push_robot |        (1.0, 3.0)       |
+-------+------------+-------------------------+

[INFO] Recorder Manager:  <RecorderManager> contains 0 active terms.
+---------------------+
| Active Recorder Terms |
+-----------+---------+
|   Index   | Name    |
+-----------+---------+
+-----------+---------+

[INFO] Action Manager:  <ActionManager> contains 1 active terms.
+------------------------------------+
|  Active Action Terms (shape: 29)   |
+--------+-------------+-------------+
| Index  | Name        |   Dimension |
+--------+-------------+-------------+
|   0    | joint_pos   |          29 |
+--------+-------------+-------------+

[INFO] Observation Manager: <ObservationManager> contains 2 groups.
+---------------------------------------------------------+
| Active Observation Terms in Group: 'policy' (shape: (104,)) |
+-----------+---------------------------------+-----------+
|   Index   | Name                            |   Shape   |
+-----------+---------------------------------+-----------+
|     0     | base_ang_vel                    |    (3,)   |
|     1     | projected_gravity               |    (3,)   |
|     2     | base_forward_xy                 |    (2,)   |
|     3     | base_target_xy                  |    (2,)   |
|     4     | racket_target_pos               |    (3,)   |
|     5     | racket_target_vel               |    (3,)   |
|     6     | time_to_strike                  |    (1,)   |
|     7     | joint_pos                       |   (29,)   |
|     8     | joint_vel                       |   (29,)   |
|     9     | actions                         |   (29,)   |
+-----------+---------------------------------+-----------+
+------------------------------------------------------------+
| Active Observation Terms in Group: 'critic' (shape: (301,)) |
+----------+------------------------------------+------------+
|  Index   | Name                               |   Shape    |
+----------+------------------------------------+------------+
|    0     | base_ang_vel                       |    (3,)    |
|    1     | projected_gravity                  |    (3,)    |
|    2     | base_forward_xy                    |    (2,)    |
|    3     | motion_anchor_pos_b                |    (3,)    |
|    4     | motion_anchor_ori_b                |    (6,)    |
|    5     | base_target_xy                     |    (2,)    |
|    6     | racket_target_pos                  |    (3,)    |
|    7     | racket_target_vel                  |    (3,)    |
|    8     | time_to_strike                     |    (1,)    |
|    9     | joint_pos                          |   (29,)    |
|    10    | joint_vel                          |   (29,)    |
|    11    | actions                            |   (29,)    |
|    12    | base_lin_vel                       |    (3,)    |
|    13    | body_pose                          |   (126,)   |
|    14    | time_left                          |    (1,)    |
|    15    | reference_joint_state              |   (58,)    |
+----------+------------------------------------+------------+

[INFO] Termination Manager:  <TerminationManager> contains 3 active terms.
+-------------------------------+
|    Active Termination Terms   |
+-------+------------+----------+
| Index | Name       | Time Out |
+-------+------------+----------+
|   0   | time_out   |   True   |
|   1   | anchor_pos |  False   |
|   2   | anchor_ori |  False   |
+-------+------------+----------+

[INFO]: Time taken for simulation start : 213.880029 seconds
2026-06-09 06:09:27 [285,162ms] [Error] [gpu.foundation.plugin] DriverShaderCacheManager::init() called without a shutdown()!

|---------------------------------------------------------------------------------------------|
| Driver Version: 535.161.08    | Graphics API: Vulkan
|=============================================================================================|
| GPU | Name                             | Active | LDA | GPU Memory | Vendor-ID | LUID       |
|     |                                  |        |     |            | Device-ID | UUID       |
|     |                                  |        |     |            | Bus-ID    |            |
|---------------------------------------------------------------------------------------------|
| 0   | NVIDIA A100-SXM4-40GB            | Yes: 0 |     | 40960   MB | 10de      | 0          |
|     |                                  |        |     |            | 20b0      | d7b2f38c.. |
|     |                                  |        |     |            | 7         |            |
|---------------------------------------------------------------------------------------------|
| 1   | NVIDIA A100-SXM4-40GB            |        |     | 40960   MB | 10de      | 0          |
|     |                                  |        |     |            | 20b0      | 2765dc13.. |
|     |                                  |        |     |            | f         |            |
|=============================================================================================|
| OS: 22.04.4 LTS (Jammy Jellyfish) ubuntu, Version: 22.04.4, Kernel: 5.15.0-1053-nvidia
| Processor: AMD EPYC 7742 64-Core Processor
| Bare Metal Cores: 128 | Bare Metal Logical Cores: 256
| Core Usage Quota: 45
|---------------------------------------------------------------------------------------------|
| Total Memory (MB): 184320 | Free Memory: 120405
| Total Page/Swap (MB): 0 | Free Page/Swap: 0
|---------------------------------------------------------------------------------------------|
2026-06-09 06:09:28 [286,714ms] [Warning] [gpu.foundation.plugin] ECC is enabled on physical device 0
Unidirectional P2P=Enabled Bandwidth (P2P Writes) Matrix (GB/s)
   D\D     0      1 
     0 1272.91  15.32 
     1  17.27 1276.00 
P2P=Enabled Latency (P2P Writes) Matrix (us)
   GPU     0      1 
     0   2.98  81.93 
     1  26.61   2.80 

   CPU     0      1 
     0   3.38   9.96 
     1   9.96   3.39 
2026-06-09 06:09:28 [286,855ms] [Warning] [gpu.foundation.plugin] CUDA peer-to-peer observed bandwidth: 15.3 GB/s.
2026-06-09 06:09:28 [286,855ms] [Warning] [gpu.foundation.plugin] CUDA peer-to-peer observed latency: 81.9 us.
2026-06-09 06:09:28 [286,855ms] [Warning] [gpu.foundation.plugin] Please verify if observed bandwidth and latency are expected.
2026-06-09 06:09:28 [286,856ms] [Warning] [gpu.foundation.plugin] IOMMU is enabled.
2026-06-09 06:09:28 [286,856ms] [Warning] [gpu.foundation.plugin] Detected IOMMU is enabled. Running CUDA peer-to-peer bandwidth and latency validation.
Unidirectional P2P=Enabled Bandwidth (P2P Writes) Matrix (GB/s)
   D\D     0      1 
     0 1283.76  15.28 
     1  17.27 1276.13 
P2P=Enabled Latency (P2P Writes) Matrix (us)
   GPU     0      1 
     0   2.53  24.46 
     1  24.61   2.38 

   CPU     0      1 
     0   3.34   9.91 
     1  11.29   3.52 
2026-06-09 06:09:28 [287,009ms] [Warning] [gpu.foundation.plugin] CUDA peer-to-peer observed bandwidth: 15.3 GB/s.
2026-06-09 06:09:28 [287,009ms] [Warning] [gpu.foundation.plugin] CUDA peer-to-peer observed latency: 24.6 us.
2026-06-09 06:09:28 [287,009ms] [Warning] [gpu.foundation.plugin] Please verify if observed bandwidth and latency are expected.
[INFO] Reward Manager:  <RewardManager> contains 22 active terms.
+------------------------------------------------+
|              Active Reward Terms               |
+-------+-----------------------------+----------+
| Index | Name                        |   Weight |
+-------+-----------------------------+----------+
|   0   | motion_global_anchor_pos    |      0.5 |
|   1   | motion_global_anchor_ori    |      0.5 |
|   2   | motion_body_pos             |      1.0 |
|   3   | motion_body_ori             |      1.0 |
|   4   | motion_body_lin_vel         |      1.5 |
|   5   | motion_body_ang_vel         |      1.5 |
|   6   | motion_anchor_lin_vel       |      1.0 |
|   7   | base_pos                    |      5.0 |
|   8   | racket_pos                  |     80.0 |
|   9   | racket_vel                  |     30.0 |
|   10  | racket_ori                  |     30.0 |
|   11  | torso_forward_lean_l2       |     -2.0 |
|   12  | base_ang_vel_xy_l2          |     -0.4 |
|   13  | undesired_contacts          |    -0.05 |
|   14  | hitter_foot_slip_l2         |     -2.0 |
|   15  | hitter_hit_unstable_support |     -6.0 |
|   16  | hitter_foot_edge_drag       |     -1.0 |
|   17  | hip_yaw_default             |      2.0 |
|   18  | action_rate_l2              |     -0.1 |
|   19  | joint_limit                 |    -10.0 |
|   20  | joint_acc                   | -2.5e-07 |
|   21  | joint_torque                |   -1e-05 |
+-------+-----------------------------+----------+

[INFO] Curriculum Manager:  <CurriculumManager> contains 0 active terms.
+----------------------+
| Active Curriculum Terms |
+-----------+----------+
|   Index   | Name     |
+-----------+----------+
+-----------+----------+

2026-06-09 06:09:30 [288,653ms] [Warning] [omni.graph.visualization.nodes._impl.extension] No Viewport Window to add omni.graph.visualization.nodes-2.1.1 scene to
2026-06-09 06:09:30 [288,867ms] [Warning] [omni.usd] Warning: in GetNodeDiscoveryResults at line 136 of /builds/omniverse/usd-ci/USD/pxr/usd/usdShade/shaderDefUtils.cpp -- Unable to resolve info:sourceAsset </UsdPreviewSurface.info:mdl:sourceAsset> with value @UsdPreviewSurface.mdl@.

2026-06-09 06:09:30 [288,867ms] [Warning] [omni.usd] Warning: in GetNodeDiscoveryResults at line 136 of /builds/omniverse/usd-ci/USD/pxr/usd/usdShade/shaderDefUtils.cpp -- Unable to resolve info:sourceAsset </UsdUVTexture.info:mdl:sourceAsset> with value @UsdPreviewSurface.mdl@.

2026-06-09 06:09:30 [288,867ms] [Warning] [omni.usd] Warning: in GetNodeDiscoveryResults at line 136 of /builds/omniverse/usd-ci/USD/pxr/usd/usdShade/shaderDefUtils.cpp -- Unable to resolve info:sourceAsset </UsdPrimvarReader_float.info:mdl:sourceAsset> with value @UsdPreviewSurface.mdl@.

2026-06-09 06:09:30 [288,867ms] [Warning] [omni.usd] Warning: in GetNodeDiscoveryResults at line 136 of /builds/omniverse/usd-ci/USD/pxr/usd/usdShade/shaderDefUtils.cpp -- Unable to resolve info:sourceAsset </UsdPrimvarReader_float2.info:mdl:sourceAsset> with value @UsdPreviewSurface.mdl@.

2026-06-09 06:09:30 [288,868ms] [Warning] [omni.usd] Warning: in GetNodeDiscoveryResults at line 136 of /builds/omniverse/usd-ci/USD/pxr/usd/usdShade/shaderDefUtils.cpp -- Unable to resolve info:sourceAsset </UsdPrimvarReader_float3.info:mdl:sourceAsset> with value @UsdPreviewSurface.mdl@.

2026-06-09 06:09:30 [288,868ms] [Warning] [omni.usd] Warning: in GetNodeDiscoveryResults at line 136 of /builds/omniverse/usd-ci/USD/pxr/usd/usdShade/shaderDefUtils.cpp -- Unable to resolve info:sourceAsset </UsdPrimvarReader_float4.info:mdl:sourceAsset> with value @UsdPreviewSurface.mdl@.

2026-06-09 06:09:30 [288,868ms] [Warning] [omni.usd] Warning: in GetNodeDiscoveryResults at line 136 of /builds/omniverse/usd-ci/USD/pxr/usd/usdShade/shaderDefUtils.cpp -- Unable to resolve info:sourceAsset </UsdPrimvarReader_int.info:mdl:sourceAsset> with value @UsdPreviewSurface.mdl@.

2026-06-09 06:09:30 [288,868ms] [Warning] [omni.usd] Warning: in GetNodeDiscoveryResults at line 136 of /builds/omniverse/usd-ci/USD/pxr/usd/usdShade/shaderDefUtils.cpp -- Unable to resolve info:sourceAsset </UsdPrimvarReader_string.info:mdl:sourceAsset> with value @UsdPreviewSurface.mdl@.

2026-06-09 06:09:30 [288,868ms] [Warning] [omni.usd] Warning: in GetNodeDiscoveryResults at line 136 of /builds/omniverse/usd-ci/USD/pxr/usd/usdShade/shaderDefUtils.cpp -- Unable to resolve info:sourceAsset </UsdPrimvarReader_normal.info:mdl:sourceAsset> with value @UsdPreviewSurface.mdl@.

2026-06-09 06:09:30 [288,868ms] [Warning] [omni.usd] Warning: in GetNodeDiscoveryResults at line 136 of /builds/omniverse/usd-ci/USD/pxr/usd/usdShade/shaderDefUtils.cpp -- Unable to resolve info:sourceAsset </UsdPrimvarReader_point.info:mdl:sourceAsset> with value @UsdPreviewSurface.mdl@.

2026-06-09 06:09:30 [288,868ms] [Warning] [omni.usd] Warning: in GetNodeDiscoveryResults at line 136 of /builds/omniverse/usd-ci/USD/pxr/usd/usdShade/shaderDefUtils.cpp -- Unable to resolve info:sourceAsset </UsdPrimvarReader_vector.info:mdl:sourceAsset> with value @UsdPreviewSurface.mdl@.

2026-06-09 06:09:30 [288,869ms] [Warning] [omni.usd] Warning: in GetNodeDiscoveryResults at line 136 of /builds/omniverse/usd-ci/USD/pxr/usd/usdShade/shaderDefUtils.cpp -- Unable to resolve info:sourceAsset </UsdPrimvarReader_matrix.info:mdl:sourceAsset> with value @UsdPreviewSurface.mdl@.

2026-06-09 06:09:30 [288,869ms] [Warning] [omni.usd] Warning: in GetNodeDiscoveryResults at line 136 of /builds/omniverse/usd-ci/USD/pxr/usd/usdShade/shaderDefUtils.cpp -- Unable to resolve info:sourceAsset </UsdTransform2d.info:mdl:sourceAsset> with value @UsdPreviewSurface.mdl@.

[MultiMotionLoader] Motion group distribution:
  - backhand: 3 motions
  - forehand: 4 motions
[MultiMotionCommand] Registered motion groups: ['backhand', 'forehand']
[MultiMotionCommand]   - Group 'backhand': 3 motions
[MultiMotionCommand]   - Group 'forehand': 4 motions
[MultiMotionCommand] Assigning 50000 environments with ratios: backhand=25000/50000, forehand=25000/50000
[INFO] Command Manager:  <CommandManager> contains 1 active terms.
+----------------------------------------+
|          Active Command Terms          |
+-------+--------+-----------------------+
| Index | Name   |          Type         |
+-------+--------+-----------------------+
|   0   | motion | HitterStrikingCommand |
+-------+--------+-----------------------+

[INFO] Event Manager:  <EventManager> contains 2 active terms.
+---------------------------------------+
| Active Event Terms in Mode: 'startup' |
+---------+-----------------------------+
|  Index  | Name                        |
+---------+-----------------------------+
|    0    | physics_material            |
|    1    | add_joint_default_pos       |
|    2    | base_com                    |
+---------+-----------------------------+
+----------------------------------------------+
|    Active Event Terms in Mode: 'interval'    |
+-------+------------+-------------------------+
| Index | Name       | Interval time range (s) |
+-------+------------+-------------------------+
|   0   | push_robot |        (1.0, 3.0)       |
+-------+------------+-------------------------+

[INFO] Recorder Manager:  <RecorderManager> contains 0 active terms.
+---------------------+
| Active Recorder Terms |
+-----------+---------+
|   Index   | Name    |
+-----------+---------+
+-----------+---------+

[INFO] Action Manager:  <ActionManager> contains 1 active terms.
+------------------------------------+
|  Active Action Terms (shape: 29)   |
+--------+-------------+-------------+
| Index  | Name        |   Dimension |
+--------+-------------+-------------+
|   0    | joint_pos   |          29 |
+--------+-------------+-------------+

[INFO] Observation Manager: <ObservationManager> contains 2 groups.
+---------------------------------------------------------+
| Active Observation Terms in Group: 'policy' (shape: (104,)) |
+-----------+---------------------------------+-----------+
|   Index   | Name                            |   Shape   |
+-----------+---------------------------------+-----------+
|     0     | base_ang_vel                    |    (3,)   |
|     1     | projected_gravity               |    (3,)   |
|     2     | base_forward_xy                 |    (2,)   |
|     3     | base_target_xy                  |    (2,)   |
|     4     | racket_target_pos               |    (3,)   |
|     5     | racket_target_vel               |    (3,)   |
|     6     | time_to_strike                  |    (1,)   |
|     7     | joint_pos                       |   (29,)   |
|     8     | joint_vel                       |   (29,)   |
|     9     | actions                         |   (29,)   |
+-----------+---------------------------------+-----------+
+------------------------------------------------------------+
| Active Observation Terms in Group: 'critic' (shape: (301,)) |
+----------+------------------------------------+------------+
|  Index   | Name                               |   Shape    |
+----------+------------------------------------+------------+
|    0     | base_ang_vel                       |    (3,)    |
|    1     | projected_gravity                  |    (3,)    |
|    2     | base_forward_xy                    |    (2,)    |
|    3     | motion_anchor_pos_b                |    (3,)    |
|    4     | motion_anchor_ori_b                |    (6,)    |
|    5     | base_target_xy                     |    (2,)    |
|    6     | racket_target_pos                  |    (3,)    |
|    7     | racket_target_vel                  |    (3,)    |
|    8     | time_to_strike                     |    (1,)    |
|    9     | joint_pos                          |   (29,)    |
|    10    | joint_vel                          |   (29,)    |
|    11    | actions                            |   (29,)    |
|    12    | base_lin_vel                       |    (3,)    |
|    13    | body_pose                          |   (126,)   |
|    14    | time_left                          |    (1,)    |
|    15    | reference_joint_state              |   (58,)    |
+----------+------------------------------------+------------+

[INFO] Termination Manager:  <TerminationManager> contains 3 active terms.
+-------------------------------+
|    Active Termination Terms   |
+-------+------------+----------+
| Index | Name       | Time Out |
+-------+------------+----------+
|   0   | time_out   |   True   |
|   1   | anchor_pos |  False   |
|   2   | anchor_ori |  False   |
+-------+------------+----------+

[INFO]: Completed setting up the environment...
Actor MLP: Sequential(
  (0): Linear(in_features=104, out_features=512, bias=True)
  (1): ELU(alpha=1.0)
  (2): Linear(in_features=512, out_features=256, bias=True)
  (3): ELU(alpha=1.0)
  (4): Linear(in_features=256, out_features=128, bias=True)
  (5): ELU(alpha=1.0)
  (6): Linear(in_features=128, out_features=29, bias=True)
)
Critic MLP: Sequential(
  (0): Linear(in_features=301, out_features=512, bias=True)
  (1): ELU(alpha=1.0)
  (2): Linear(in_features=512, out_features=256, bias=True)
  (3): ELU(alpha=1.0)
  (4): Linear(in_features=256, out_features=128, bias=True)
  (5): ELU(alpha=1.0)
  (6): Linear(in_features=128, out_features=1, bias=True)
)
Synchronizing parameters for rank 1...
[INFO] Reward Manager:  <RewardManager> contains 22 active terms.
+------------------------------------------------+
|              Active Reward Terms               |
+-------+-----------------------------+----------+
| Index | Name                        |   Weight |
+-------+-----------------------------+----------+
|   0   | motion_global_anchor_pos    |      0.5 |
|   1   | motion_global_anchor_ori    |      0.5 |
|   2   | motion_body_pos             |      1.0 |
|   3   | motion_body_ori             |      1.0 |
|   4   | motion_body_lin_vel         |      1.5 |
|   5   | motion_body_ang_vel         |      1.5 |
|   6   | motion_anchor_lin_vel       |      1.0 |
|   7   | base_pos                    |      5.0 |
|   8   | racket_pos                  |     80.0 |
|   9   | racket_vel                  |     30.0 |
|   10  | racket_ori                  |     30.0 |
|   11  | torso_forward_lean_l2       |     -2.0 |
|   12  | base_ang_vel_xy_l2          |     -0.4 |
|   13  | undesired_contacts          |    -0.05 |
|   14  | hitter_foot_slip_l2         |     -2.0 |
|   15  | hitter_hit_unstable_support |     -6.0 |
|   16  | hitter_foot_edge_drag       |     -1.0 |
|   17  | hip_yaw_default             |      2.0 |
|   18  | action_rate_l2              |     -0.1 |
|   19  | joint_limit                 |    -10.0 |
|   20  | joint_acc                   | -2.5e-07 |
|   21  | joint_torque                |   -1e-05 |
+-------+-----------------------------+----------+

[INFO] Curriculum Manager:  <CurriculumManager> contains 0 active terms.
+----------------------+
| Active Curriculum Terms |
+-----------+----------+
|   Index   | Name     |
+-----------+----------+
+-----------+----------+

[INFO]: Completed setting up the environment...
Actor MLP: Sequential(
  (0): Linear(in_features=104, out_features=512, bias=True)
  (1): ELU(alpha=1.0)
  (2): Linear(in_features=512, out_features=256, bias=True)
  (3): ELU(alpha=1.0)
  (4): Linear(in_features=256, out_features=128, bias=True)
  (5): ELU(alpha=1.0)
  (6): Linear(in_features=128, out_features=29, bias=True)
)
Critic MLP: Sequential(
  (0): Linear(in_features=301, out_features=512, bias=True)
  (1): ELU(alpha=1.0)
  (2): Linear(in_features=512, out_features=256, bias=True)
  (3): ELU(alpha=1.0)
  (4): Linear(in_features=256, out_features=128, bias=True)
  (5): ELU(alpha=1.0)
  (6): Linear(in_features=128, out_features=1, bias=True)
)
swanlab: The environment variable SWANLAB_MODE will be overwritten by the 
parameter mode
swanlab: Tracking run with swanlab version 0.7.16
swanlab: Run data will be saved locally in 
/root/Hitter/MOSAIC-main/logs/rsl_rl/hitter_striking_g1/2026-06-09_14-04-54_hitt
er_mix_aligned_backhand_strike43_swanlab_2xa100_env50000_20260609_140439/swanlog
/run-20260609_140955-3dmevdrsabx6lwuvqwbwm
swanlab: 👋 Hi Jianghe111,welcome to swanlab!
swanlab: Syncing run 
2026-06-09_14-04-54_hitter_mix_aligned_backhand_strike43_swanlab_2xa100_env50000
_20260609_140439 to the cloud
swanlab: 🏠 View project at https://swanlab.cn/@Jianghe111/hitter_striking_g1
swanlab: 🚀 View run at 
https://swanlab.cn/@Jianghe111/hitter_striking_g1/runs/3dmevdrsabx6lwuvqwbwm
Synchronizing parameters for rank 0...
################################################################################
                      [1m Learning iteration 0/10000 [0m                      

                       Computation: 165340 steps/s (collection: 12.870s, learning 1.645s)
             Mean action noise std: 0.99
          Mean value_function loss: 1.2566
               Mean surrogate loss: 0.0025
                 Mean entropy loss: 41.0028
               Mean approx_kl loss: 0.0180
           Mean clip_fraction loss: 0.1673
              Mean ratio_mean loss: 1.0000
          Mean advantage_mean loss: -0.0000
           Mean advantage_std loss: 1.0000
      Mean explained_variance loss: 0.0549
                       Mean reward: -3.18
               Mean episode length: 24.00
Episode_Reward/motion_global_anchor_pos: 0.0107
Episode_Reward/motion_global_anchor_ori: 0.0086
    Episode_Reward/motion_body_pos: 0.0158
    Episode_Reward/motion_body_ori: 0.0047
Episode_Reward/motion_body_lin_vel: 0.0116
Episode_Reward/motion_body_ang_vel: 0.0015
Episode_Reward/motion_anchor_lin_vel: 0.0164
           Episode_Reward/base_pos: 0.0696
         Episode_Reward/racket_pos: 0.0000
         Episode_Reward/racket_vel: 0.0000
         Episode_Reward/racket_ori: 0.0000
Episode_Reward/torso_forward_lean_l2: -0.0036
 Episode_Reward/base_ang_vel_xy_l2: -0.1084
 Episode_Reward/undesired_contacts: -0.0014
Episode_Reward/hitter_foot_slip_l2: -0.0264
Episode_Reward/hitter_hit_unstable_support: 0.0000
Episode_Reward/hitter_foot_edge_drag: -0.0068
    Episode_Reward/hip_yaw_default: 0.0273
     Episode_Reward/action_rate_l2: -0.1401
        Episode_Reward/joint_limit: -0.0027
          Episode_Reward/joint_acc: -0.0065
       Episode_Reward/joint_torque: -0.0012
   Metrics/motion/error_anchor_pos: 0.1334
   Metrics/motion/error_anchor_rot: 0.2910
Metrics/motion/error_anchor_lin_vel: 0.6272
Metrics/motion/error_anchor_ang_vel: 3.7979
     Metrics/motion/error_body_pos: 8.3804
     Metrics/motion/error_body_rot: 0.7779
 Metrics/motion/error_body_lin_vel: 0.9799
 Metrics/motion/error_body_ang_vel: 5.5788
    Metrics/motion/error_joint_pos: 1.6944
    Metrics/motion/error_joint_vel: 18.7324
   Metrics/motion/sampling_entropy: 0.0000
 Metrics/motion/sampling_top1_prob: 0.0000
  Metrics/motion/sampling_top1_bin: 0.0000
Metrics/motion/motion_sampling_prob_mean: 0.1369
Metrics/motion/motion_sampling_prob_std: 0.0000
Metrics/motion/motion_sampling_prob_min: 0.1369
Metrics/motion/motion_sampling_prob_max: 0.1369
Metrics/motion/motion_sampling_prob_entropy: 0.9583
Metrics/motion/hitter_strike_racket_pos_error: 0.0000
Metrics/motion/hitter_strike_racket_vel_error: 0.0000
Metrics/motion/hitter_strike_racket_ori_error: 0.0000
      Episode_Termination/time_out: 101.9167
    Episode_Termination/anchor_pos: 1.0833
    Episode_Termination/anchor_ori: 0.0000
--------------------------------------------------------------------------------
                   Total timesteps: 2400000
                    Iteration time: 14.52s
                      Time elapsed: 00:00:14
                               ETA: 16:19:14

Could not find git repository in /root/Hitter/MOSAIC-main/source/rsl_rl/rsl_rl/__init__.py. Skipping.
Could not find git repository in /root/Hitter/MOSAIC-main/scripts/rsl_rl/train.py. Skipping.
################################################################################
                      [1m Learning iteration 1/10000 [0m                      

                       Computation: 198620 steps/s (collection: 10.300s, learning 1.783s)
             Mean action noise std: 0.99
          Mean value_function loss: 3.5097
               Mean surrogate loss: -0.0044
                 Mean entropy loss: 40.7988
               Mean approx_kl loss: 0.0060
           Mean clip_fraction loss: 0.0718
              Mean ratio_mean loss: 0.9999
          Mean advantage_mean loss: 0.0000
           Mean advantage_std loss: 1.0000
      Mean explained_variance loss: 0.0634
                       Mean reward: -9.75
               Mean episode length: 47.07
Episode_Reward/motion_global_anchor_pos: 0.0197
Episode_Reward/motion_global_anchor_ori: 0.0144
    Episode_Reward/motion_body_pos: 0.0329
    Episode_Reward/motion_body_ori: 0.0055
Episode_Reward/motion_body_lin_vel: 0.0245
Episode_Reward/motion_body_ang_vel: 0.0057
Episode_Reward/motion_anchor_lin_vel: 0.0343
           Episode_Reward/base_pos: 0.1402
         Episode_Reward/racket_pos: 0.0000
         Episode_Reward/racket_vel: 0.0005
         Episode_Reward/racket_ori: 0.0059
Episode_Reward/torso_forward_lean_l2: -0.0417
 Episode_Reward/base_ang_vel_xy_l2: -0.4277
 Episode_Reward/undesired_contacts: -0.0043
Episode_Reward/hitter_foot_slip_l2: -0.0878
Episode_Reward/hitter_hit_unstable_support: -0.0262
Episode_Reward/hitter_foot_edge_drag: -0.0165
    Episode_Reward/hip_yaw_default: 0.0741
     Episode_Reward/action_rate_l2: -0.4138
        Episode_Reward/joint_limit: -0.0181
          Episode_Reward/joint_acc: -0.0154
       Episode_Reward/joint_torque: -0.0033
   Metrics/motion/error_anchor_pos: 0.6335
   Metrics/motion/error_anchor_rot: 1.1068
Metrics/motion/error_anchor_lin_vel: 1.9311
Metrics/motion/error_anchor_ang_vel: 4.5763
     Metrics/motion/error_body_pos: 0.4909
     Metrics/motion/error_body_rot: 1.4575
 Metrics/motion/error_body_lin_vel: 2.4625
 Metrics/motion/error_body_ang_vel: 5.9861
    Metrics/motion/error_joint_pos: 2.0133
    Metrics/motion/error_joint_vel: 19.5604
   Metrics/motion/sampling_entropy: 0.0000
 Metrics/motion/sampling_top1_prob: 0.0000
  Metrics/motion/sampling_top1_bin: 0.0000
Metrics/motion/motion_sampling_prob_mean: 0.1429
Metrics/motion/motion_sampling_prob_std: 0.0000
Metrics/motion/motion_sampling_prob_min: 0.1429
Metrics/motion/motion_sampling_prob_max: 0.1429
Metrics/motion/motion_sampling_prob_entropy: 1.0000
Metrics/motion/hitter_strike_racket_pos_error: 0.1705
Metrics/motion/hitter_strike_racket_vel_error: 0.9268
Metrics/motion/hitter_strike_racket_ori_error: 0.1762
      Episode_Termination/time_out: 68.3333
    Episode_Termination/anchor_pos: 1453.9584
    Episode_Termination/anchor_ori: 5.8750
--------------------------------------------------------------------------------
                   Total timesteps: 4800000
                    Iteration time: 12.08s
                      Time elapsed: 00:00:26
                               ETA: 12:56:20

################################################################################
                      [1m Learning iteration 2/10000 [0m                      

                       Computation: 212739 steps/s (collection: 9.900s, learning 1.382s)
             Mean action noise std: 0.98
          Mean value_function loss: 1.9489
               Mean surrogate loss: -0.0024
                 Mean entropy loss: 40.5921
               Mean approx_kl loss: 0.0100
           Mean clip_fraction loss: 0.1436
              Mean ratio_mean loss: 1.0000
          Mean advantage_mean loss: -0.0000
           Mean advantage_std loss: 1.0000
      Mean explained_variance loss: 0.0549
                       Mean reward: -7.77
               Mean episode length: 40.50
Episode_Reward/motion_global_anchor_pos: 0.0259
Episode_Reward/motion_global_anchor_ori: 0.0178
    Episode_Reward/motion_body_pos: 0.0417
    Episode_Reward/motion_body_ori: 0.0067
Episode_Reward/motion_body_lin_vel: 0.0385
Episode_Reward/motion_body_ang_vel: 0.0075
Episode_Reward/motion_anchor_lin_vel: 0.0498
           Episode_Reward/base_pos: 0.1755
         Episode_Reward/racket_pos: 0.0001
         Episode_Reward/racket_vel: 0.0029
         Episode_Reward/racket_ori: 0.0210
Episode_Reward/torso_forward_lean_l2: -0.0668
 Episode_Reward/base_ang_vel_xy_l2: -0.5614
 Episode_Reward/undesired_contacts: -0.0055
Episode_Reward/hitter_foot_slip_l2: -0.1069
Episode_Reward/hitter_hit_unstable_support: -0.0493
Episode_Reward/hitter_foot_edge_drag: -0.0219
    Episode_Reward/hip_yaw_default: 0.0932
     Episode_Reward/action_rate_l2: -0.5188
        Episode_Reward/joint_limit: -0.0211
          Episode_Reward/joint_acc: -0.0191
       Episode_Reward/joint_torque: -0.0043
   Metrics/motion/error_anchor_pos: 0.6732
   Metrics/motion/error_anchor_rot: 1.1783
Metrics/motion/error_anchor_lin_vel: 2.0171
Metrics/motion/error_anchor_ang_vel: 4.5542
     Metrics/motion/error_body_pos: 0.5158
     Metrics/motion/error_body_rot: 1.4049
 Metrics/motion/error_body_lin_vel: 2.5108
 Metrics/motion/error_body_ang_vel: 5.7794
    Metrics/motion/error_joint_pos: 2.0770
    Metrics/motion/error_joint_vel: 19.4127
   Metrics/motion/sampling_entropy: 0.0000
 Metrics/motion/sampling_top1_prob: 0.0000
  Metrics/motion/sampling_top1_bin: 0.0000
Metrics/motion/motion_sampling_prob_mean: 0.1429
Metrics/motion/motion_sampling_prob_std: 0.0000
Metrics/motion/motion_sampling_prob_min: 0.1429
Metrics/motion/motion_sampling_prob_max: 0.1429
Metrics/motion/motion_sampling_prob_entropy: 1.0000
Metrics/motion/hitter_strike_racket_pos_error: 0.4337
Metrics/motion/hitter_strike_racket_vel_error: 2.4114
Metrics/motion/hitter_strike_racket_ori_error: 0.4869
      Episode_Termination/time_out: 11.2917
    Episode_Termination/anchor_pos: 917.7084
    Episode_Termination/anchor_ori: 2.9167
--------------------------------------------------------------------------------
                   Total timesteps: 7200000
                    Iteration time: 11.28s
                      Time elapsed: 00:00:37
                               ETA: 11:04:02

################################################################################
                      [1m Learning iteration 3/10000 [0m                      

                       Computation: 204223 steps/s (collection: 10.151s, learning 1.601s)
             Mean action noise std: 0.97
          Mean value_function loss: 1.8311
               Mean surrogate loss: -0.0043
                 Mean entropy loss: 40.3873
               Mean approx_kl loss: 0.0084
           Mean clip_fraction loss: 0.1176
              Mean ratio_mean loss: 1.0000
          Mean advantage_mean loss: -0.0000
           Mean advantage_std loss: 1.0000
      Mean explained_variance loss: 0.1193
                       Mean reward: -7.90
               Mean episode length: 43.69
Episode_Reward/motion_global_anchor_pos: 0.0235
Episode_Reward/motion_global_anchor_ori: 0.0170
    Episode_Reward/motion_body_pos: 0.0401
    Episode_Reward/motion_body_ori: 0.0073
Episode_Reward/motion_body_lin_vel: 0.0330
Episode_Reward/motion_body_ang_vel: 0.0072
Episode_Reward/motion_anchor_lin_vel: 0.0437
           Episode_Reward/base_pos: 0.1627
         Episode_Reward/racket_pos: 0.0001
         Episode_Reward/racket_vel: 0.0019
         Episode_Reward/racket_ori: 0.0153
Episode_Reward/torso_forward_lean_l2: -0.0559
 Episode_Reward/base_ang_vel_xy_l2: -0.4998
 Episode_Reward/undesired_contacts: -0.0051
Episode_Reward/hitter_foot_slip_l2: -0.0995
Episode_Reward/hitter_hit_unstable_support: -0.0469
Episode_Reward/hitter_foot_edge_drag: -0.0195
    Episode_Reward/hip_yaw_default: 0.0896
     Episode_Reward/action_rate_l2: -0.4733
        Episode_Reward/joint_limit: -0.0210
          Episode_Reward/joint_acc: -0.0175
       Episode_Reward/joint_torque: -0.0039
   Metrics/motion/error_anchor_pos: 0.6783
   Metrics/motion/error_anchor_rot: 1.1294
Metrics/motion/error_anchor_lin_vel: 2.0363
Metrics/motion/error_anchor_ang_vel: 4.4838
     Metrics/motion/error_body_pos: 0.5101
     Metrics/motion/error_body_rot: 1.4038
 Metrics/motion/error_body_lin_vel: 2.5469
 Metrics/motion/error_body_ang_vel: 5.9736
    Metrics/motion/error_joint_pos: 2.0412
    Metrics/motion/error_joint_vel: 19.4528
   Metrics/motion/sampling_entropy: 0.0000
 Metrics/motion/sampling_top1_prob: 0.0000
  Metrics/motion/sampling_top1_bin: 0.0000
Metrics/motion/motion_sampling_prob_mean: 0.1429
Metrics/motion/motion_sampling_prob_std: 0.0000
Metrics/motion/motion_sampling_prob_min: 0.1429
Metrics/motion/motion_sampling_prob_max: 0.1429
Metrics/motion/motion_sampling_prob_entropy: 1.0000
Metrics/motion/hitter_strike_racket_pos_error: 0.3565
Metrics/motion/hitter_strike_racket_vel_error: 1.9471
Metrics/motion/hitter_strike_racket_ori_error: 0.3790
      Episode_Termination/time_out: 0.9583
    Episode_Termination/anchor_pos: 1260.8750
    Episode_Termination/anchor_ori: 1.5833
--------------------------------------------------------------------------------
                   Total timesteps: 9600000
                    Iteration time: 11.75s
                      Time elapsed: 00:00:49
                               ETA: 10:27:22

################################################################################
                      [1m Learning iteration 4/10000 [0m                      

                       Computation: 207898 steps/s (collection: 10.484s, learning 1.061s)
             Mean action noise std: 0.97
          Mean value_function loss: 1.4924
               Mean surrogate loss: 0.0013
                 Mean entropy loss: 40.1981
               Mean approx_kl loss: 0.0134
           Mean clip_fraction loss: 0.1979
              Mean ratio_mean loss: 1.0000
          Mean advantage_mean loss: -0.0000
           Mean advantage_std loss: 1.0000
      Mean explained_variance loss: 0.1613
                       Mean reward: -7.03
               Mean episode length: 41.68
Episode_Reward/motion_global_anchor_pos: 0.0233
Episode_Reward/motion_global_anchor_ori: 0.0168
    Episode_Reward/motion_body_pos: 0.0397
    Episode_Reward/motion_body_ori: 0.0074
Episode_Reward/motion_body_lin_vel: 0.0326
Episode_Reward/motion_body_ang_vel: 0.0073
Episode_Reward/motion_anchor_lin_vel: 0.0429
           Episode_Reward/base_pos: 0.1582
         Episode_Reward/racket_pos: 0.0001
         Episode_Reward/racket_vel: 0.0019
         Episode_Reward/racket_ori: 0.0147
Episode_Reward/torso_forward_lean_l2: -0.0542
 Episode_Reward/base_ang_vel_xy_l2: -0.4694
 Episode_Reward/undesired_contacts: -0.0050
Episode_Reward/hitter_foot_slip_l2: -0.0977
Episode_Reward/hitter_hit_unstable_support: -0.0385
Episode_Reward/hitter_foot_edge_drag: -0.0192
    Episode_Reward/hip_yaw_default: 0.0909
     Episode_Reward/action_rate_l2: -0.4624
        Episode_Reward/joint_limit: -0.0208
          Episode_Reward/joint_acc: -0.0172
       Episode_Reward/joint_torque: -0.0038
   Metrics/motion/error_anchor_pos: 0.6798
   Metrics/motion/error_anchor_rot: 1.1115
Metrics/motion/error_anchor_lin_vel: 2.0480
Metrics/motion/error_anchor_ang_vel: 4.4122
     Metrics/motion/error_body_pos: 0.5078
     Metrics/motion/error_body_rot: 1.3940
 Metrics/motion/error_body_lin_vel: 2.5442
 Metrics/motion/error_body_ang_vel: 5.8236
    Metrics/motion/error_joint_pos: 2.0397
    Metrics/motion/error_joint_vel: 19.2622
   Metrics/motion/sampling_entropy: 0.0000
 Metrics/motion/sampling_top1_prob: 0.0000
  Metrics/motion/sampling_top1_bin: 0.0000
Metrics/motion/motion_sampling_prob_mean: 0.1429
Metrics/motion/motion_sampling_prob_std: 0.0000
Metrics/motion/motion_sampling_prob_min: 0.1429
Metrics/motion/motion_sampling_prob_max: 0.1429
Metrics/motion/motion_sampling_prob_entropy: 1.0000
Metrics/motion/hitter_strike_racket_pos_error: 0.3103
Metrics/motion/hitter_strike_racket_vel_error: 1.7058
Metrics/motion/hitter_strike_racket_ori_error: 0.3312
      Episode_Termination/time_out: 0.0833
    Episode_Termination/anchor_pos: 1148.5000
    Episode_Termination/anchor_ori: 0.8333
--------------------------------------------------------------------------------
                   Total timesteps: 12000000
                    Iteration time: 11.54s
                      Time elapsed: 00:01:01
                               ETA: 09:58:23

################################################################################
                      [1m Learning iteration 5/10000 [0m                      

                       Computation: 195055 steps/s (collection: 9.885s, learning 2.419s)
             Mean action noise std: 0.96
          Mean value_function loss: 1.1009
               Mean surrogate loss: -0.0018
                 Mean entropy loss: 40.0109
               Mean approx_kl loss: 0.0103
           Mean clip_fraction loss: 0.1505
              Mean ratio_mean loss: 1.0000
          Mean advantage_mean loss: -0.0000
           Mean advantage_std loss: 1.0000
      Mean explained_variance loss: 0.3029
                       Mean reward: -7.50
               Mean episode length: 44.00
Episode_Reward/motion_global_anchor_pos: 0.0236
Episode_Reward/motion_global_anchor_ori: 0.0174
    Episode_Reward/motion_body_pos: 0.0404
    Episode_Reward/motion_body_ori: 0.0075
Episode_Reward/motion_body_lin_vel: 0.0335
Episode_Reward/motion_body_ang_vel: 0.0076
Episode_Reward/motion_anchor_lin_vel: 0.0436
           Episode_Reward/base_pos: 0.1614
         Episode_Reward/racket_pos: 0.0001
         Episode_Reward/racket_vel: 0.0020
         Episode_Reward/racket_ori: 0.0156
Episode_Reward/torso_forward_lean_l2: -0.0533
 Episode_Reward/base_ang_vel_xy_l2: -0.4610
 Episode_Reward/undesired_contacts: -0.0051
Episode_Reward/hitter_foot_slip_l2: -0.0977
Episode_Reward/hitter_hit_unstable_support: -0.0427
Episode_Reward/hitter_foot_edge_drag: -0.0192
    Episode_Reward/hip_yaw_default: 0.0939
     Episode_Reward/action_rate_l2: -0.4603
        Episode_Reward/joint_limit: -0.0208
          Episode_Reward/joint_acc: -0.0171
       Episode_Reward/joint_torque: -0.0038
   Metrics/motion/error_anchor_pos: 0.6827
   Metrics/motion/error_anchor_rot: 1.0882
Metrics/motion/error_anchor_lin_vel: 2.0421
Metrics/motion/error_anchor_ang_vel: 4.3579
     Metrics/motion/error_body_pos: 0.5056
     Metrics/motion/error_body_rot: 1.3720
 Metrics/motion/error_body_lin_vel: 2.5433
 Metrics/motion/error_body_ang_vel: 5.8258
    Metrics/motion/error_joint_pos: 2.0467
    Metrics/motion/error_joint_vel: 19.1336
   Metrics/motion/sampling_entropy: 0.0000
 Metrics/motion/sampling_top1_prob: 0.0000
  Metrics/motion/sampling_top1_bin: 0.0000
Metrics/motion/motion_sampling_prob_mean: 0.1429
Metrics/motion/motion_sampling_prob_std: 0.0000
Metrics/motion/motion_sampling_prob_min: 0.1429
Metrics/motion/motion_sampling_prob_max: 0.1429
Metrics/motion/motion_sampling_prob_entropy: 1.0000
Metrics/motion/hitter_strike_racket_pos_error: 0.3464
Metrics/motion/hitter_strike_racket_vel_error: 1.8892
Metrics/motion/hitter_strike_racket_ori_error: 0.3697
      Episode_Termination/time_out: 0.0000
    Episode_Termination/anchor_pos: 1166.1250
    Episode_Termination/anchor_ori: 0.7083
--------------------------------------------------------------------------------
                   Total timesteps: 14400000
                    Iteration time: 12.30s
                      Time elapsed: 00:01:13
                               ETA: 10:00:06

################################################################################
                      [1m Learning iteration 6/10000 [0m                      

                       Computation: 197985 steps/s (collection: 9.795s, learning 2.327s)
             Mean action noise std: 0.96
          Mean value_function loss: 0.8897
               Mean surrogate loss: 0.0003
                 Mean entropy loss: 39.7605
               Mean approx_kl loss: 0.0133
           Mean clip_fraction loss: 0.1934
              Mean ratio_mean loss: 0.9999
          Mean advantage_mean loss: -0.0000
           Mean advantage_std loss: 1.0000
      Mean explained_variance loss: 0.4018
                       Mean reward: -7.16
               Mean episode length: 42.90
Episode_Reward/motion_global_anchor_pos: 0.0231
Episode_Reward/motion_global_anchor_ori: 0.0173
    Episode_Reward/motion_body_pos: 0.0400
    Episode_Reward/motion_body_ori: 0.0075
Episode_Reward/motion_body_lin_vel: 0.0328
Episode_Reward/motion_body_ang_vel: 0.0076
Episode_Reward/motion_anchor_lin_vel: 0.0426
           Episode_Reward/base_pos: 0.1580
         Episode_Reward/racket_pos: 0.0001
         Episode_Reward/racket_vel: 0.0019
         Episode_Reward/racket_ori: 0.0153
Episode_Reward/torso_forward_lean_l2: -0.0503
 Episode_Reward/base_ang_vel_xy_l2: -0.4346
 Episode_Reward/undesired_contacts: -0.0050
Episode_Reward/hitter_foot_slip_l2: -0.0963
Episode_Reward/hitter_hit_unstable_support: -0.0396
Episode_Reward/hitter_foot_edge_drag: -0.0187
    Episode_Reward/hip_yaw_default: 0.0945
     Episode_Reward/action_rate_l2: -0.4472
        Episode_Reward/joint_limit: -0.0207
          Episode_Reward/joint_acc: -0.0167
       Episode_Reward/joint_torque: -0.0037
   Metrics/motion/error_anchor_pos: 0.6833
   Metrics/motion/error_anchor_rot: 1.0637
Metrics/motion/error_anchor_lin_vel: 2.0436
Metrics/motion/error_anchor_ang_vel: 4.2906
     Metrics/motion/error_body_pos: 0.5018
     Metrics/motion/error_body_rot: 1.3504
 Metrics/motion/error_body_lin_vel: 2.5389
 Metrics/motion/error_body_ang_vel: 5.7626
    Metrics/motion/error_joint_pos: 2.0442
    Metrics/motion/error_joint_vel: 19.0411
   Metrics/motion/sampling_entropy: 0.0000
 Metrics/motion/sampling_top1_prob: 0.0000
  Metrics/motion/sampling_top1_bin: 0.0000
Metrics/motion/motion_sampling_prob_mean: 0.1429
Metrics/motion/motion_sampling_prob_std: 0.0000
Metrics/motion/motion_sampling_prob_min: 0.1429
Metrics/motion/motion_sampling_prob_max: 0.1429
Metrics/motion/motion_sampling_prob_entropy: 1.0000
Metrics/motion/hitter_strike_racket_pos_error: 0.3199
Metrics/motion/hitter_strike_racket_vel_error: 1.7532
Metrics/motion/hitter_strike_racket_ori_error: 0.3384
      Episode_Termination/time_out: 0.0000
    Episode_Termination/anchor_pos: 1177.9584
    Episode_Termination/anchor_ori: 0.3333
--------------------------------------------------------------------------------
                   Total timesteps: 16800000
                    Iteration time: 12.12s
                      Time elapsed: 00:01:25
                               ETA: 09:56:55

################################################################################
                      [1m Learning iteration 7/10000 [0m                      

                       Computation: 216952 steps/s (collection: 9.696s, learning 1.366s)
             Mean action noise std: 0.95
          Mean value_function loss: 0.7261
               Mean surrogate loss: -0.0001
                 Mean entropy loss: 39.6323
               Mean approx_kl loss: 0.0119
           Mean clip_fraction loss: 0.1705
              Mean ratio_mean loss: 1.0000
          Mean advantage_mean loss: -0.0000
           Mean advantage_std loss: 1.0000
      Mean explained_variance loss: 0.4853
                       Mean reward: -6.53
               Mean episode length: 43.07
Episode_Reward/motion_global_anchor_pos: 0.0235
Episode_Reward/motion_global_anchor_ori: 0.0177
    Episode_Reward/motion_body_pos: 0.0405
    Episode_Reward/motion_body_ori: 0.0075
Episode_Reward/motion_body_lin_vel: 0.0338
Episode_Reward/motion_body_ang_vel: 0.0079
Episode_Reward/motion_anchor_lin_vel: 0.0434
           Episode_Reward/base_pos: 0.1596
         Episode_Reward/racket_pos: 0.0001
         Episode_Reward/racket_vel: 0.0020
         Episode_Reward/racket_ori: 0.0162
Episode_Reward/torso_forward_lean_l2: -0.0492
 Episode_Reward/base_ang_vel_xy_l2: -0.4231
 Episode_Reward/undesired_contacts: -0.0051
Episode_Reward/hitter_foot_slip_l2: -0.0966
Episode_Reward/hitter_hit_unstable_support: -0.0405
Episode_Reward/hitter_foot_edge_drag: -0.0187
    Episode_Reward/hip_yaw_default: 0.0967
     Episode_Reward/action_rate_l2: -0.4448
        Episode_Reward/joint_limit: -0.0209
          Episode_Reward/joint_acc: -0.0166
       Episode_Reward/joint_torque: -0.0036
   Metrics/motion/error_anchor_pos: 0.6833
   Metrics/motion/error_anchor_rot: 1.0456
Metrics/motion/error_anchor_lin_vel: 2.0363
Metrics/motion/error_anchor_ang_vel: 4.2470
     Metrics/motion/error_body_pos: 0.4989
     Metrics/motion/error_body_rot: 1.3244
 Metrics/motion/error_body_lin_vel: 2.5280
 Metrics/motion/error_body_ang_vel: 5.7386
    Metrics/motion/error_joint_pos: 2.0499
    Metrics/motion/error_joint_vel: 18.9382
   Metrics/motion/sampling_entropy: 0.0000
 Metrics/motion/sampling_top1_prob: 0.0000
  Metrics/motion/sampling_top1_bin: 0.0000
Metrics/motion/motion_sampling_prob_mean: 0.1429
Metrics/motion/motion_sampling_prob_std: 0.0000
Metrics/motion/motion_sampling_prob_min: 0.1429
Metrics/motion/motion_sampling_prob_max: 0.1429
Metrics/motion/motion_sampling_prob_entropy: 1.0000
Metrics/motion/hitter_strike_racket_pos_error: 0.3320
Metrics/motion/hitter_strike_racket_vel_error: 1.8173
Metrics/motion/hitter_strike_racket_ori_error: 0.3516
      Episode_Termination/time_out: 0.0000
    Episode_Termination/anchor_pos: 1160.3750
    Episode_Termination/anchor_ori: 0.2083
--------------------------------------------------------------------------------
                   Total timesteps: 19200000
                    Iteration time: 11.06s
                      Time elapsed: 00:01:36
                               ETA: 09:32:26

################################################################################
                      [1m Learning iteration 8/10000 [0m                      

                       Computation: 202994 steps/s (collection: 9.784s, learning 2.039s)
             Mean action noise std: 0.94
          Mean value_function loss: 0.5481
               Mean surrogate loss: 0.0038
                 Mean entropy loss: 39.3792
               Mean approx_kl loss: 0.0178
           Mean clip_fraction loss: 0.2070
              Mean ratio_mean loss: 0.9999
          Mean advantage_mean loss: -0.0000
           Mean advantage_std loss: 1.0000
      Mean explained_variance loss: 0.5888
                       Mean reward: -6.56
               Mean episode length: 43.67
Episode_Reward/motion_global_anchor_pos: 0.0234
Episode_Reward/motion_global_anchor_ori: 0.0178
    Episode_Reward/motion_body_pos: 0.0406
    Episode_Reward/motion_body_ori: 0.0076
Episode_Reward/motion_body_lin_vel: 0.0339
Episode_Reward/motion_body_ang_vel: 0.0081
Episode_Reward/motion_anchor_lin_vel: 0.0431
           Episode_Reward/base_pos: 0.1597
         Episode_Reward/racket_pos: 0.0001
         Episode_Reward/racket_vel: 0.0020
         Episode_Reward/racket_ori: 0.0161
Episode_Reward/torso_forward_lean_l2: -0.0466
 Episode_Reward/base_ang_vel_xy_l2: -0.4056
 Episode_Reward/undesired_contacts: -0.0051
Episode_Reward/hitter_foot_slip_l2: -0.0958
Episode_Reward/hitter_hit_unstable_support: -0.0398
Episode_Reward/hitter_foot_edge_drag: -0.0186
    Episode_Reward/hip_yaw_default: 0.0975
     Episode_Reward/action_rate_l2: -0.4364
        Episode_Reward/joint_limit: -0.0209
          Episode_Reward/joint_acc: -0.0163
       Episode_Reward/joint_torque: -0.0036
   Metrics/motion/error_anchor_pos: 0.6840
   Metrics/motion/error_anchor_rot: 1.0211
Metrics/motion/error_anchor_lin_vel: 2.0396
Metrics/motion/error_anchor_ang_vel: 4.1460
     Metrics/motion/error_body_pos: 0.4950
     Metrics/motion/error_body_rot: 1.2987
 Metrics/motion/error_body_lin_vel: 2.5250
 Metrics/motion/error_body_ang_vel: 5.6870
    Metrics/motion/error_joint_pos: 2.0555
    Metrics/motion/error_joint_vel: 18.7745
   Metrics/motion/sampling_entropy: 0.0000
 Metrics/motion/sampling_top1_prob: 0.0000
  Metrics/motion/sampling_top1_bin: 0.0000
Metrics/motion/motion_sampling_prob_mean: 0.1429
Metrics/motion/motion_sampling_prob_std: 0.0000
Metrics/motion/motion_sampling_prob_min: 0.1429
Metrics/motion/motion_sampling_prob_max: 0.1429
Metrics/motion/motion_sampling_prob_entropy: 1.0000
Metrics/motion/hitter_strike_racket_pos_error: 0.3275
Metrics/motion/hitter_strike_racket_vel_error: 1.8058
Metrics/motion/hitter_strike_racket_ori_error: 0.3496
      Episode_Termination/time_out: 0.0000
    Episode_Termination/anchor_pos: 1170.7917
    Episode_Termination/anchor_ori: 0.0417
--------------------------------------------------------------------------------
                   Total timesteps: 21600000
                    Iteration time: 11.82s
                      Time elapsed: 00:01:48
                               ETA: 09:27:25

################################################################################
                      [1m Learning iteration 9/10000 [0m                      

                       Computation: 205937 steps/s (collection: 10.189s, learning 1.465s)
             Mean action noise std: 0.93
          Mean value_function loss: 0.4451
               Mean surrogate loss: -0.0007
                 Mean entropy loss: 39.1656
               Mean approx_kl loss: 0.0103
           Mean clip_fraction loss: 0.1331
              Mean ratio_mean loss: 1.0000
          Mean advantage_mean loss: -0.0000
           Mean advantage_std loss: 1.0000
      Mean explained_variance loss: 0.6594
                       Mean reward: -5.93
               Mean episode length: 42.38
Episode_Reward/motion_global_anchor_pos: 0.0233
Episode_Reward/motion_global_anchor_ori: 0.0179
    Episode_Reward/motion_body_pos: 0.0405
    Episode_Reward/motion_body_ori: 0.0076
Episode_Reward/motion_body_lin_vel: 0.0338
Episode_Reward/motion_body_ang_vel: 0.0083
Episode_Reward/motion_anchor_lin_vel: 0.0427
           Episode_Reward/base_pos: 0.1578
         Episode_Reward/racket_pos: 0.0001
         Episode_Reward/racket_vel: 0.0020
         Episode_Reward/racket_ori: 0.0170
Episode_Reward/torso_forward_lean_l2: -0.0446
 Episode_Reward/base_ang_vel_xy_l2: -0.3891
 Episode_Reward/undesired_contacts: -0.0051
Episode_Reward/hitter_foot_slip_l2: -0.0946
Episode_Reward/hitter_hit_unstable_support: -0.0384
Episode_Reward/hitter_foot_edge_drag: -0.0183
    Episode_Reward/hip_yaw_default: 0.0988
     Episode_Reward/action_rate_l2: -0.4272
        Episode_Reward/joint_limit: -0.0207
          Episode_Reward/joint_acc: -0.0160
       Episode_Reward/joint_torque: -0.0035
   Metrics/motion/error_anchor_pos: 0.6846
   Metrics/motion/error_anchor_rot: 1.0028
Metrics/motion/error_anchor_lin_vel: 2.0380
Metrics/motion/error_anchor_ang_vel: 4.1072
     Metrics/motion/error_body_pos: 0.4931
     Metrics/motion/error_body_rot: 1.2889
 Metrics/motion/error_body_lin_vel: 2.5222
 Metrics/motion/error_body_ang_vel: 5.6198
    Metrics/motion/error_joint_pos: 2.0618
    Metrics/motion/error_joint_vel: 18.6569
   Metrics/motion/sampling_entropy: 0.0000
 Metrics/motion/sampling_top1_prob: 0.0000
  Metrics/motion/sampling_top1_bin: 0.0000
Metrics/motion/motion_sampling_prob_mean: 0.1429
Metrics/motion/motion_sampling_prob_std: 0.0000
Metrics/motion/motion_sampling_prob_min: 0.1429
Metrics/motion/motion_sampling_prob_max: 0.1429
Metrics/motion/motion_sampling_prob_entropy: 1.0000
Metrics/motion/hitter_strike_racket_pos_error: 0.3241
Metrics/motion/hitter_strike_racket_vel_error: 1.7724
Metrics/motion/hitter_strike_racket_ori_error: 0.3383
      Episode_Termination/time_out: 0.0000
    Episode_Termination/anchor_pos: 1174.2500
    Episode_Termination/anchor_ori: 0.0417
--------------------------------------------------------------------------------
                   Total timesteps: 24000000
                    Iteration time: 11.65s
                      Time elapsed: 00:02:00
                               ETA: 09:20:33

################################################################################
                     [1m Learning iteration 10/10000 [0m                      

                       Computation: 205290 steps/s (collection: 10.410s, learning 1.281s)
             Mean action noise std: 0.92
          Mean value_function loss: 0.3370
               Mean surrogate loss: -0.0074
                 Mean entropy loss: 38.8421
               Mean approx_kl loss: 0.0096
           Mean clip_fraction loss: 0.1390
              Mean ratio_mean loss: 0.9999
          Mean advantage_mean loss: -0.0000
           Mean advantage_std loss: 1.0000
      Mean explained_variance loss: 0.7316
                       Mean reward: -5.16
               Mean episode length: 40.18
Episode_Reward/motion_global_anchor_pos: 0.0233
Episode_Reward/motion_global_anchor_ori: 0.0182
    Episode_Reward/motion_body_pos: 0.0407
    Episode_Reward/motion_body_ori: 0.0077
Episode_Reward/motion_body_lin_vel: 0.0341
Episode_Reward/motion_body_ang_vel: 0.0085
Episode_Reward/motion_anchor_lin_vel: 0.0427
           Episode_Reward/base_pos: 0.1579
         Episode_Reward/racket_pos: 0.0001
         Episode_Reward/racket_vel: 0.0020
         Episode_Reward/racket_ori: 0.0167
Episode_Reward/torso_forward_lean_l2: -0.0436
 Episode_Reward/base_ang_vel_xy_l2: -0.3735
 Episode_Reward/undesired_contacts: -0.0051
Episode_Reward/hitter_foot_slip_l2: -0.0938
Episode_Reward/hitter_hit_unstable_support: -0.0380
Episode_Reward/hitter_foot_edge_drag: -0.0181
    Episode_Reward/hip_yaw_default: 0.1005
     Episode_Reward/action_rate_l2: -0.4197
        Episode_Reward/joint_limit: -0.0207
          Episode_Reward/joint_acc: -0.0158
       Episode_Reward/joint_torque: -0.0034
   Metrics/motion/error_anchor_pos: 0.6849
   Metrics/motion/error_anchor_rot: 0.9805
Metrics/motion/error_anchor_lin_vel: 2.0398
Metrics/motion/error_anchor_ang_vel: 4.0205
     Metrics/motion/error_body_pos: 0.4900
     Metrics/motion/error_body_rot: 1.2592
 Metrics/motion/error_body_lin_vel: 2.5096
 Metrics/motion/error_body_ang_vel: 5.5843
    Metrics/motion/error_joint_pos: 2.0733
    Metrics/motion/error_joint_vel: 18.5028
   Metrics/motion/sampling_entropy: 0.0000
 Metrics/motion/sampling_top1_prob: 0.0000
  Metrics/motion/sampling_top1_bin: 0.0000
Metrics/motion/motion_sampling_prob_mean: 0.1429
Metrics/motion/motion_sampling_prob_std: 0.0000
Metrics/motion/motion_sampling_prob_min: 0.1429
Metrics/motion/motion_sampling_prob_max: 0.1429
Metrics/motion/motion_sampling_prob_entropy: 1.0000
Metrics/motion/hitter_strike_racket_pos_error: 0.3236
Metrics/motion/hitter_strike_racket_vel_error: 1.7773
Metrics/motion/hitter_strike_racket_ori_error: 0.3406
      Episode_Termination/time_out: 0.0000
    Episode_Termination/anchor_pos: 1172.8334
    Episode_Termination/anchor_ori: 0.1667
--------------------------------------------------------------------------------
                   Total timesteps: 26400000
                    Iteration time: 11.69s
                      Time elapsed: 00:02:11
                               ETA: 09:15:27

################################################################################
                     [1m Learning iteration 11/10000 [0m                      

                       Computation: 204061 steps/s (collection: 10.426s, learning 1.335s)
             Mean action noise std: 0.92
          Mean value_function loss: 0.2835
               Mean surrogate loss: -0.0043
                 Mean entropy loss: 38.6127
               Mean approx_kl loss: 0.0114
           Mean clip_fraction loss: 0.1658
              Mean ratio_mean loss: 0.9998
          Mean advantage_mean loss: -0.0000
           Mean advantage_std loss: 1.0000
      Mean explained_variance loss: 0.7721
                       Mean reward: -5.45
               Mean episode length: 44.90
Episode_Reward/motion_global_anchor_pos: 0.0233
Episode_Reward/motion_global_anchor_ori: 0.0184
    Episode_Reward/motion_body_pos: 0.0409
    Episode_Reward/motion_body_ori: 0.0078
Episode_Reward/motion_body_lin_vel: 0.0345
Episode_Reward/motion_body_ang_vel: 0.0087
Episode_Reward/motion_anchor_lin_vel: 0.0427
           Episode_Reward/base_pos: 0.1585
         Episode_Reward/racket_pos: 0.0001
         Episode_Reward/racket_vel: 0.0020
         Episode_Reward/racket_ori: 0.0178
Episode_Reward/torso_forward_lean_l2: -0.0424
 Episode_Reward/base_ang_vel_xy_l2: -0.3567
 Episode_Reward/undesired_contacts: -0.0051
Episode_Reward/hitter_foot_slip_l2: -0.0927
Episode_Reward/hitter_hit_unstable_support: -0.0372
Episode_Reward/hitter_foot_edge_drag: -0.0179
    Episode_Reward/hip_yaw_default: 0.1028
     Episode_Reward/action_rate_l2: -0.4114
        Episode_Reward/joint_limit: -0.0207
          Episode_Reward/joint_acc: -0.0155
       Episode_Reward/joint_torque: -0.0034
   Metrics/motion/error_anchor_pos: 0.6853
   Metrics/motion/error_anchor_rot: 0.9517
Metrics/motion/error_anchor_lin_vel: 2.0484
Metrics/motion/error_anchor_ang_vel: 3.9236
     Metrics/motion/error_body_pos: 0.4870
     Metrics/motion/error_body_rot: 1.2388
 Metrics/motion/error_body_lin_vel: 2.5041
 Metrics/motion/error_body_ang_vel: 5.5746
    Metrics/motion/error_joint_pos: 2.0808
    Metrics/motion/error_joint_vel: 18.5039
   Metrics/motion/sampling_entropy: 0.0000
 Metrics/motion/sampling_top1_prob: 0.0000
  Metrics/motion/sampling_top1_bin: 0.0000
Metrics/motion/motion_sampling_prob_mean: 0.1429
Metrics/motion/motion_sampling_prob_std: 0.0000
Metrics/motion/motion_sampling_prob_min: 0.1429
Metrics/motion/motion_sampling_prob_max: 0.1429
Metrics/motion/motion_sampling_prob_entropy: 1.0000
Metrics/motion/hitter_strike_racket_pos_error: 0.3198
Metrics/motion/hitter_strike_racket_vel_error: 1.7768
Metrics/motion/hitter_strike_racket_ori_error: 0.3338
      Episode_Termination/time_out: 0.0000
    Episode_Termination/anchor_pos: 1173.3750
    Episode_Termination/anchor_ori: 0.1667
--------------------------------------------------------------------------------
                   Total timesteps: 28800000
                    Iteration time: 11.76s
                      Time elapsed: 00:02:23
                               ETA: 09:12:09

################################################################################
                     [1m Learning iteration 12/10000 [0m                      

                       Computation: 208658 steps/s (collection: 10.581s, learning 0.921s)
             Mean action noise std: 0.91
          Mean value_function loss: 0.2070
               Mean surrogate loss: -0.0054
                 Mean entropy loss: 38.3777
               Mean approx_kl loss: 0.0138
           Mean clip_fraction loss: 0.2045
              Mean ratio_mean loss: 1.0000
          Mean advantage_mean loss: -0.0000
           Mean advantage_std loss: 1.0000
      Mean explained_variance loss: 0.8473
                       Mean reward: -4.92
               Mean episode length: 41.77
Episode_Reward/motion_global_anchor_pos: 0.0233
Episode_Reward/motion_global_anchor_ori: 0.0187
    Episode_Reward/motion_body_pos: 0.0410
    Episode_Reward/motion_body_ori: 0.0078
Episode_Reward/motion_body_lin_vel: 0.0346
Episode_Reward/motion_body_ang_vel: 0.0089
Episode_Reward/motion_anchor_lin_vel: 0.0423
           Episode_Reward/base_pos: 0.1572
         Episode_Reward/racket_pos: 0.0001
         Episode_Reward/racket_vel: 0.0020
         Episode_Reward/racket_ori: 0.0179
Episode_Reward/torso_forward_lean_l2: -0.0404
 Episode_Reward/base_ang_vel_xy_l2: -0.3390
 Episode_Reward/undesired_contacts: -0.0051
Episode_Reward/hitter_foot_slip_l2: -0.0914
Episode_Reward/hitter_hit_unstable_support: -0.0362
Episode_Reward/hitter_foot_edge_drag: -0.0177
    Episode_Reward/hip_yaw_default: 0.1042
     Episode_Reward/action_rate_l2: -0.4021
        Episode_Reward/joint_limit: -0.0202
          Episode_Reward/joint_acc: -0.0152
       Episode_Reward/joint_torque: -0.0033
   Metrics/motion/error_anchor_pos: 0.6846
   Metrics/motion/error_anchor_rot: 0.9302
Metrics/motion/error_anchor_lin_vel: 2.0547
Metrics/motion/error_anchor_ang_vel: 3.8569
     Metrics/motion/error_body_pos: 0.4841
     Metrics/motion/error_body_rot: 1.2215
 Metrics/motion/error_body_lin_vel: 2.4986
 Metrics/motion/error_body_ang_vel: 5.4875
    Metrics/motion/error_joint_pos: 2.0894
    Metrics/motion/error_joint_vel: 18.3258
   Metrics/motion/sampling_entropy: 0.0000
 Metrics/motion/sampling_top1_prob: 0.0000
  Metrics/motion/sampling_top1_bin: 0.0000
Metrics/motion/motion_sampling_prob_mean: 0.1429
Metrics/motion/motion_sampling_prob_std: 0.0000
Metrics/motion/motion_sampling_prob_min: 0.1429
Metrics/motion/motion_sampling_prob_max: 0.1429
Metrics/motion/motion_sampling_prob_entropy: 1.0000
Metrics/motion/hitter_strike_racket_pos_error: 0.3128
Metrics/motion/hitter_strike_racket_vel_error: 1.7337
Metrics/motion/hitter_strike_racket_ori_error: 0.3268
      Episode_Termination/time_out: 0.0000
    Episode_Termination/anchor_pos: 1186.8334
    Episode_Termination/anchor_ori: 0.0417
--------------------------------------------------------------------------------
                   Total timesteps: 31200000
                    Iteration time: 11.50s
                      Time elapsed: 00:02:35
                               ETA: 09:06:01

################################################################################
                     [1m Learning iteration 13/10000 [0m                      

                       Computation: 206380 steps/s (collection: 10.274s, learning 1.355s)
             Mean action noise std: 0.90
          Mean value_function loss: 0.1489
               Mean surrogate loss: -0.0083
                 Mean entropy loss: 38.1220
               Mean approx_kl loss: 0.0141
           Mean clip_fraction loss: 0.2013
              Mean ratio_mean loss: 1.0001
          Mean advantage_mean loss: -0.0000
           Mean advantage_std loss: 1.0000
      Mean explained_variance loss: 0.8832
                       Mean reward: -4.56
               Mean episode length: 41.95
Episode_Reward/motion_global_anchor_pos: 0.0233
Episode_Reward/motion_global_anchor_ori: 0.0188
    Episode_Reward/motion_body_pos: 0.0412
    Episode_Reward/motion_body_ori: 0.0078
Episode_Reward/motion_body_lin_vel: 0.0348
Episode_Reward/motion_body_ang_vel: 0.0091
Episode_Reward/motion_anchor_lin_vel: 0.0423
           Episode_Reward/base_pos: 0.1564
         Episode_Reward/racket_pos: 0.0001
         Episode_Reward/racket_vel: 0.0020
         Episode_Reward/racket_ori: 0.0185
Episode_Reward/torso_forward_lean_l2: -0.0384
 Episode_Reward/base_ang_vel_xy_l2: -0.3224
 Episode_Reward/undesired_contacts: -0.0051
Episode_Reward/hitter_foot_slip_l2: -0.0904
Episode_Reward/hitter_hit_unstable_support: -0.0355
Episode_Reward/hitter_foot_edge_drag: -0.0175
    Episode_Reward/hip_yaw_default: 0.1058
     Episode_Reward/action_rate_l2: -0.3947
        Episode_Reward/joint_limit: -0.0199
          Episode_Reward/joint_acc: -0.0150
       Episode_Reward/joint_torque: -0.0032
   Metrics/motion/error_anchor_pos: 0.6841
   Metrics/motion/error_anchor_rot: 0.9012
Metrics/motion/error_anchor_lin_vel: 2.0740
Metrics/motion/error_anchor_ang_vel: 3.7051
     Metrics/motion/error_body_pos: 0.4816
     Metrics/motion/error_body_rot: 1.2049
 Metrics/motion/error_body_lin_vel: 2.4893
 Metrics/motion/error_body_ang_vel: 5.4197
    Metrics/motion/error_joint_pos: 2.0941
    Metrics/motion/error_joint_vel: 18.2363
   Metrics/motion/sampling_entropy: 0.0000
 Metrics/motion/sampling_top1_prob: 0.0000
  Metrics/motion/sampling_top1_bin: 0.0000
Metrics/motion/motion_sampling_prob_mean: 0.1429
Metrics/motion/motion_sampling_prob_std: 0.0000
Metrics/motion/motion_sampling_prob_min: 0.1429
Metrics/motion/motion_sampling_prob_max: 0.1429
Metrics/motion/motion_sampling_prob_entropy: 1.0000
Metrics/motion/hitter_strike_racket_pos_error: 0.3085
Metrics/motion/hitter_strike_racket_vel_error: 1.7111
Metrics/motion/hitter_strike_racket_ori_error: 0.3204
      Episode_Termination/time_out: 0.0000
    Episode_Termination/anchor_pos: 1170.1667
    Episode_Termination/anchor_ori: 0.0833
--------------------------------------------------------------------------------
                   Total timesteps: 33600000
                    Iteration time: 11.63s
                      Time elapsed: 00:02:46
                               ETA: 09:02:14

################################################################################
                     [1m Learning iteration 14/10000 [0m                      

                       Computation: 213032 steps/s (collection: 9.698s, learning 1.568s)
             Mean action noise std: 0.89
          Mean value_function loss: 0.1257
               Mean surrogate loss: -0.0117
                 Mean entropy loss: 37.7789
               Mean approx_kl loss: 0.0133
           Mean clip_fraction loss: 0.1994
              Mean ratio_mean loss: 1.0000
          Mean advantage_mean loss: -0.0000
           Mean advantage_std loss: 1.0000
      Mean explained_variance loss: 0.9052
                       Mean reward: -4.03
               Mean episode length: 40.81
Episode_Reward/motion_global_anchor_pos: 0.0234
Episode_Reward/motion_global_anchor_ori: 0.0189
    Episode_Reward/motion_body_pos: 0.0416
    Episode_Reward/motion_body_ori: 0.0079
Episode_Reward/motion_body_lin_vel: 0.0351
Episode_Reward/motion_body_ang_vel: 0.0094
Episode_Reward/motion_anchor_lin_vel: 0.0422
           Episode_Reward/base_pos: 0.1580
         Episode_Reward/racket_pos: 0.0001
         Episode_Reward/racket_vel: 0.0020
         Episode_Reward/racket_ori: 0.0190
Episode_Reward/torso_forward_lean_l2: -0.0367
 Episode_Reward/base_ang_vel_xy_l2: -0.3053
 Episode_Reward/undesired_contacts: -0.0051
Episode_Reward/hitter_foot_slip_l2: -0.0890
Episode_Reward/hitter_hit_unstable_support: -0.0353
Episode_Reward/hitter_foot_edge_drag: -0.0174
    Episode_Reward/hip_yaw_default: 0.1078
     Episode_Reward/action_rate_l2: -0.3864
        Episode_Reward/joint_limit: -0.0193
          Episode_Reward/joint_acc: -0.0148
       Episode_Reward/joint_torque: -0.0031
   Metrics/motion/error_anchor_pos: 0.6828
   Metrics/motion/error_anchor_rot: 0.8783
Metrics/motion/error_anchor_lin_vel: 2.0926
Metrics/motion/error_anchor_ang_vel: 3.5802
     Metrics/motion/error_body_pos: 0.4786
     Metrics/motion/error_body_rot: 1.1868
 Metrics/motion/error_body_lin_vel: 2.4863
 Metrics/motion/error_body_ang_vel: 5.3413
    Metrics/motion/error_joint_pos: 2.0994
    Metrics/motion/error_joint_vel: 18.1541
   Metrics/motion/sampling_entropy: 0.0000
 Metrics/motion/sampling_top1_prob: 0.0000
  Metrics/motion/sampling_top1_bin: 0.0000
Metrics/motion/motion_sampling_prob_mean: 0.1429
Metrics/motion/motion_sampling_prob_std: 0.0000
Metrics/motion/motion_sampling_prob_min: 0.1429
Metrics/motion/motion_sampling_prob_max: 0.1429
Metrics/motion/motion_sampling_prob_entropy: 1.0000
Metrics/motion/hitter_strike_racket_pos_error: 0.3096
Metrics/motion/hitter_strike_racket_vel_error: 1.7114
Metrics/motion/hitter_strike_racket_ori_error: 0.3184
      Episode_Termination/time_out: 0.0000
    Episode_Termination/anchor_pos: 1189.8750
    Episode_Termination/anchor_ori: 0.0417
--------------------------------------------------------------------------------
                   Total timesteps: 36000000
                    Iteration time: 11.27s
                      Time elapsed: 00:02:57
                               ETA: 08:54:54

################################################################################
                     [1m Learning iteration 15/10000 [0m                      

                       Computation: 223690 steps/s (collection: 9.180s, learning 1.549s)
             Mean action noise std: 0.89
          Mean value_function loss: 0.1178
               Mean surrogate loss: -0.0110
                 Mean entropy loss: 37.5262
               Mean approx_kl loss: 0.0141
           Mean clip_fraction loss: 0.1958
              Mean ratio_mean loss: 1.0002
          Mean advantage_mean loss: 0.0000
           Mean advantage_std loss: 1.0000
      Mean explained_variance loss: 0.9145
                       Mean reward: -3.68
               Mean episode length: 41.31
Episode_Reward/motion_global_anchor_pos: 0.0234
Episode_Reward/motion_global_anchor_ori: 0.0192
    Episode_Reward/motion_body_pos: 0.0419
    Episode_Reward/motion_body_ori: 0.0079
Episode_Reward/motion_body_lin_vel: 0.0351
Episode_Reward/motion_body_ang_vel: 0.0097
Episode_Reward/motion_anchor_lin_vel: 0.0418
           Episode_Reward/base_pos: 0.1590
         Episode_Reward/racket_pos: 0.0001
         Episode_Reward/racket_vel: 0.0020
         Episode_Reward/racket_ori: 0.0193
Episode_Reward/torso_forward_lean_l2: -0.0334
 Episode_Reward/base_ang_vel_xy_l2: -0.2880
 Episode_Reward/undesired_contacts: -0.0051
Episode_Reward/hitter_foot_slip_l2: -0.0874
Episode_Reward/hitter_hit_unstable_support: -0.0342
Episode_Reward/hitter_foot_edge_drag: -0.0172
    Episode_Reward/hip_yaw_default: 0.1099
     Episode_Reward/action_rate_l2: -0.3760
        Episode_Reward/joint_limit: -0.0189
          Episode_Reward/joint_acc: -0.0144
       Episode_Reward/joint_torque: -0.0030
   Metrics/motion/error_anchor_pos: 0.6818
   Metrics/motion/error_anchor_rot: 0.8430
Metrics/motion/error_anchor_lin_vel: 2.0988
Metrics/motion/error_anchor_ang_vel: 3.4841
     Metrics/motion/error_body_pos: 0.4746
     Metrics/motion/error_body_rot: 1.1617
 Metrics/motion/error_body_lin_vel: 2.4791
 Metrics/motion/error_body_ang_vel: 5.2780
    Metrics/motion/error_joint_pos: 2.1102
    Metrics/motion/error_joint_vel: 18.0489
   Metrics/motion/sampling_entropy: 0.0000
 Metrics/motion/sampling_top1_prob: 0.0000
  Metrics/motion/sampling_top1_bin: 0.0000
Metrics/motion/motion_sampling_prob_mean: 0.1429
Metrics/motion/motion_sampling_prob_std: 0.0000
Metrics/motion/motion_sampling_prob_min: 0.1429
Metrics/motion/motion_sampling_prob_max: 0.1429
Metrics/motion/motion_sampling_prob_entropy: 1.0000
Metrics/motion/hitter_strike_racket_pos_error: 0.3032
Metrics/motion/hitter_strike_racket_vel_error: 1.6724
Metrics/motion/hitter_strike_racket_ori_error: 0.3105
      Episode_Termination/time_out: 0.0000
    Episode_Termination/anchor_pos: 1190.5000
    Episode_Termination/anchor_ori: 0.0833
--------------------------------------------------------------------------------
                   Total timesteps: 38400000
                    Iteration time: 10.73s
                      Time elapsed: 00:03:08
                               ETA: 08:42:52

################################################################################
                     [1m Learning iteration 16/10000 [0m                      

                       Computation: 208452 steps/s (collection: 9.142s, learning 2.372s)
             Mean action noise std: 0.87
          Mean value_function loss: 0.1139
               Mean surrogate loss: -0.0110
                 Mean entropy loss: 37.2347
               Mean approx_kl loss: 0.0139
           Mean clip_fraction loss: 0.1921
              Mean ratio_mean loss: 1.0001
          Mean advantage_mean loss: 0.0000
           Mean advantage_std loss: 1.0000
      Mean explained_variance loss: 0.9187
                       Mean reward: -3.58
               Mean episode length: 42.63
Episode_Reward/motion_global_anchor_pos: 0.0232
Episode_Reward/motion_global_anchor_ori: 0.0193
    Episode_Reward/motion_body_pos: 0.0418
    Episode_Reward/motion_body_ori: 0.0079
Episode_Reward/motion_body_lin_vel: 0.0351
Episode_Reward/motion_body_ang_vel: 0.0099
Episode_Reward/motion_anchor_lin_vel: 0.0412
           Episode_Reward/base_pos: 0.1578
         Episode_Reward/racket_pos: 0.0001
         Episode_Reward/racket_vel: 0.0020
         Episode_Reward/racket_ori: 0.0197
Episode_Reward/torso_forward_lean_l2: -0.0305
 Episode_Reward/base_ang_vel_xy_l2: -0.2693
 Episode_Reward/undesired_contacts: -0.0050
Episode_Reward/hitter_foot_slip_l2: -0.0856
Episode_Reward/hitter_hit_unstable_support: -0.0333
Episode_Reward/hitter_foot_edge_drag: -0.0168
    Episode_Reward/hip_yaw_default: 0.1121
     Episode_Reward/action_rate_l2: -0.3645
        Episode_Reward/joint_limit: -0.0185
          Episode_Reward/joint_acc: -0.0141
       Episode_Reward/joint_torque: -0.0029
   Metrics/motion/error_anchor_pos: 0.6803
   Metrics/motion/error_anchor_rot: 0.8124
Metrics/motion/error_anchor_lin_vel: 2.1114
Metrics/motion/error_anchor_ang_vel: 3.3607
     Metrics/motion/error_body_pos: 0.4708
     Metrics/motion/error_body_rot: 1.1374
 Metrics/motion/error_body_lin_vel: 2.4710
 Metrics/motion/error_body_ang_vel: 5.2158
    Metrics/motion/error_joint_pos: 2.1223
    Metrics/motion/error_joint_vel: 18.0047
   Metrics/motion/sampling_entropy: 0.0000
 Metrics/motion/sampling_top1_prob: 0.0000
  Metrics/motion/sampling_top1_bin: 0.0000
Metrics/motion/motion_sampling_prob_mean: 0.1429
Metrics/motion/motion_sampling_prob_std: 0.0000
Metrics/motion/motion_sampling_prob_min: 0.1429
Metrics/motion/motion_sampling_prob_max: 0.1429
Metrics/motion/motion_sampling_prob_entropy: 1.0000
Metrics/motion/hitter_strike_racket_pos_error: 0.2933
Metrics/motion/hitter_strike_racket_vel_error: 1.6243
Metrics/motion/hitter_strike_racket_ori_error: 0.2983
      Episode_Termination/time_out: 0.0000
    Episode_Termination/anchor_pos: 1200.4167
    Episode_Termination/anchor_ori: 0.0417
--------------------------------------------------------------------------------
                   Total timesteps: 40800000
                    Iteration time: 11.51s
                      Time elapsed: 00:03:20
                               ETA: 08:39:55

################################################################################
                     [1m Learning iteration 17/10000 [0m                      

                       Computation: 207085 steps/s (collection: 9.060s, learning 2.530s)
             Mean action noise std: 0.87
          Mean value_function loss: 0.1255
               Mean surrogate loss: -0.0123
                 Mean entropy loss: 36.8350
               Mean approx_kl loss: 0.0124
           Mean clip_fraction loss: 0.1908
              Mean ratio_mean loss: 1.0000
          Mean advantage_mean loss: 0.0000
           Mean advantage_std loss: 1.0000
      Mean explained_variance loss: 0.9101
                       Mean reward: -3.22
               Mean episode length: 40.71
Episode_Reward/motion_global_anchor_pos: 0.0232
Episode_Reward/motion_global_anchor_ori: 0.0195
    Episode_Reward/motion_body_pos: 0.0419
    Episode_Reward/motion_body_ori: 0.0080
Episode_Reward/motion_body_lin_vel: 0.0351
Episode_Reward/motion_body_ang_vel: 0.0102
Episode_Reward/motion_anchor_lin_vel: 0.0409
           Episode_Reward/base_pos: 0.1564
         Episode_Reward/racket_pos: 0.0001
         Episode_Reward/racket_vel: 0.0020
         Episode_Reward/racket_ori: 0.0205
Episode_Reward/torso_forward_lean_l2: -0.0276
 Episode_Reward/base_ang_vel_xy_l2: -0.2536
 Episode_Reward/undesired_contacts: -0.0050
Episode_Reward/hitter_foot_slip_l2: -0.0839
Episode_Reward/hitter_hit_unstable_support: -0.0321
Episode_Reward/hitter_foot_edge_drag: -0.0164
    Episode_Reward/hip_yaw_default: 0.1144
     Episode_Reward/action_rate_l2: -0.3542
        Episode_Reward/joint_limit: -0.0184
          Episode_Reward/joint_acc: -0.0138
       Episode_Reward/joint_torque: -0.0029
   Metrics/motion/error_anchor_pos: 0.6793
   Metrics/motion/error_anchor_rot: 0.7831
Metrics/motion/error_anchor_lin_vel: 2.1155
Metrics/motion/error_anchor_ang_vel: 3.2545
     Metrics/motion/error_body_pos: 0.4683
     Metrics/motion/error_body_rot: 1.1140
 Metrics/motion/error_body_lin_vel: 2.4636
 Metrics/motion/error_body_ang_vel: 5.1560
    Metrics/motion/error_joint_pos: 2.1351
    Metrics/motion/error_joint_vel: 17.8036
   Metrics/motion/sampling_entropy: 0.0000
 Metrics/motion/sampling_top1_prob: 0.0000
  Metrics/motion/sampling_top1_bin: 0.0000
Metrics/motion/motion_sampling_prob_mean: 0.1429
Metrics/motion/motion_sampling_prob_std: 0.0000
Metrics/motion/motion_sampling_prob_min: 0.1429
Metrics/motion/motion_sampling_prob_max: 0.1429
Metrics/motion/motion_sampling_prob_entropy: 1.0000
Metrics/motion/hitter_strike_racket_pos_error: 0.2897
Metrics/motion/hitter_strike_racket_vel_error: 1.6032
Metrics/motion/hitter_strike_racket_ori_error: 0.2881
      Episode_Termination/time_out: 0.0000
    Episode_Termination/anchor_pos: 1206.3334
    Episode_Termination/anchor_ori: 0.0000
--------------------------------------------------------------------------------
                   Total timesteps: 43200000
                    Iteration time: 11.59s
                      Time elapsed: 00:03:31
                               ETA: 08:37:59

################################################################################
                     [1m Learning iteration 18/10000 [0m                      

                       Computation: 209303 steps/s (collection: 9.093s, learning 2.373s)
             Mean action noise std: 0.85
          Mean value_function loss: 0.1121
               Mean surrogate loss: -0.0108
                 Mean entropy loss: 36.5569
               Mean approx_kl loss: 0.0130
           Mean clip_fraction loss: 0.1847
              Mean ratio_mean loss: 0.9999
          Mean advantage_mean loss: 0.0000
           Mean advantage_std loss: 1.0000
      Mean explained_variance loss: 0.9102
                       Mean reward: -2.89
               Mean episode length: 41.08
Episode_Reward/motion_global_anchor_pos: 0.0232
Episode_Reward/motion_global_anchor_ori: 0.0197
    Episode_Reward/motion_body_pos: 0.0421
    Episode_Reward/motion_body_ori: 0.0080
Episode_Reward/motion_body_lin_vel: 0.0353
Episode_Reward/motion_body_ang_vel: 0.0105
Episode_Reward/motion_anchor_lin_vel: 0.0407
           Episode_Reward/base_pos: 0.1586
         Episode_Reward/racket_pos: 0.0001
         Episode_Reward/racket_vel: 0.0020
         Episode_Reward/racket_ori: 0.0210
Episode_Reward/torso_forward_lean_l2: -0.0252
 Episode_Reward/base_ang_vel_xy_l2: -0.2386
 Episode_Reward/undesired_contacts: -0.0050
Episode_Reward/hitter_foot_slip_l2: -0.0821
Episode_Reward/hitter_hit_unstable_support: -0.0308
Episode_Reward/hitter_foot_edge_drag: -0.0161
    Episode_Reward/hip_yaw_default: 0.1165
     Episode_Reward/action_rate_l2: -0.3437
        Episode_Reward/joint_limit: -0.0181
          Episode_Reward/joint_acc: -0.0135
       Episode_Reward/joint_torque: -0.0028
   Metrics/motion/error_anchor_pos: 0.6778
   Metrics/motion/error_anchor_rot: 0.7566
Metrics/motion/error_anchor_lin_vel: 2.1221
Metrics/motion/error_anchor_ang_vel: 3.1536
     Metrics/motion/error_body_pos: 0.4651
     Metrics/motion/error_body_rot: 1.0955
 Metrics/motion/error_body_lin_vel: 2.4576
 Metrics/motion/error_body_ang_vel: 5.0815
    Metrics/motion/error_joint_pos: 2.1458
    Metrics/motion/error_joint_vel: 17.6259
   Metrics/motion/sampling_entropy: 0.0000
 Metrics/motion/sampling_top1_prob: 0.0000
  Metrics/motion/sampling_top1_bin: 0.0000
Metrics/motion/motion_sampling_prob_mean: 0.1429
Metrics/motion/motion_sampling_prob_std: 0.0000
Metrics/motion/motion_sampling_prob_min: 0.1429
Metrics/motion/motion_sampling_prob_max: 0.1429
Metrics/motion/motion_sampling_prob_entropy: 1.0000
Metrics/motion/hitter_strike_racket_pos_error: 0.2791
Metrics/motion/hitter_strike_racket_vel_error: 1.5503
Metrics/motion/hitter_strike_racket_ori_error: 0.2752
      Episode_Termination/time_out: 0.0000
    Episode_Termination/anchor_pos: 1217.4584
    Episode_Termination/anchor_ori: 0.0000
--------------------------------------------------------------------------------
                   Total timesteps: 45600000
                    Iteration time: 11.47s
                      Time elapsed: 00:03:43
                               ETA: 08:35:09

################################################################################
                     [1m Learning iteration 19/10000 [0m                      

                       Computation: 205903 steps/s (collection: 9.005s, learning 2.651s)
             Mean action noise std: 0.85
          Mean value_function loss: 0.1224
               Mean surrogate loss: -0.0113
                 Mean entropy loss: 36.1061
               Mean approx_kl loss: 0.0135
           Mean clip_fraction loss: 0.2052
              Mean ratio_mean loss: 1.0000
          Mean advantage_mean loss: -0.0000
           Mean advantage_std loss: 1.0000
      Mean explained_variance loss: 0.8981
                       Mean reward: -2.57
               Mean episode length: 41.43
Episode_Reward/motion_global_anchor_pos: 0.0229
Episode_Reward/motion_global_anchor_ori: 0.0196
    Episode_Reward/motion_body_pos: 0.0419
    Episode_Reward/motion_body_ori: 0.0080
Episode_Reward/motion_body_lin_vel: 0.0348
Episode_Reward/motion_body_ang_vel: 0.0107
Episode_Reward/motion_anchor_lin_vel: 0.0398
           Episode_Reward/base_pos: 0.1580
         Episode_Reward/racket_pos: 0.0001
         Episode_Reward/racket_vel: 0.0019
         Episode_Reward/racket_ori: 0.0216
Episode_Reward/torso_forward_lean_l2: -0.0224
 Episode_Reward/base_ang_vel_xy_l2: -0.2216
 Episode_Reward/undesired_contacts: -0.0049
Episode_Reward/hitter_foot_slip_l2: -0.0797
Episode_Reward/hitter_hit_unstable_support: -0.0297
Episode_Reward/hitter_foot_edge_drag: -0.0156
    Episode_Reward/hip_yaw_default: 0.1179
     Episode_Reward/action_rate_l2: -0.3309
        Episode_Reward/joint_limit: -0.0176
          Episode_Reward/joint_acc: -0.0131
       Episode_Reward/joint_torque: -0.0027
   Metrics/motion/error_anchor_pos: 0.6754
   Metrics/motion/error_anchor_rot: 0.7281
Metrics/motion/error_anchor_lin_vel: 2.1381
Metrics/motion/error_anchor_ang_vel: 3.0469
     Metrics/motion/error_body_pos: 0.4625
     Metrics/motion/error_body_rot: 1.0746
 Metrics/motion/error_body_lin_vel: 2.4503
 Metrics/motion/error_body_ang_vel: 5.0112
    Metrics/motion/error_joint_pos: 2.1571
    Metrics/motion/error_joint_vel: 17.4760
   Metrics/motion/sampling_entropy: 0.0000
 Metrics/motion/sampling_top1_prob: 0.0000
  Metrics/motion/sampling_top1_bin: 0.0000
Metrics/motion/motion_sampling_prob_mean: 0.1429
Metrics/motion/motion_sampling_prob_std: 0.0000
Metrics/motion/motion_sampling_prob_min: 0.1429
Metrics/motion/motion_sampling_prob_max: 0.1429
Metrics/motion/motion_sampling_prob_entropy: 1.0000
Metrics/motion/hitter_strike_racket_pos_error: 0.2662
Metrics/motion/hitter_strike_racket_vel_error: 1.4876
Metrics/motion/hitter_strike_racket_ori_error: 0.2567
      Episode_Termination/time_out: 0.0000
    Episode_Termination/anchor_pos: 1228.6667
    Episode_Termination/anchor_ori: 0.0000
--------------------------------------------------------------------------------
                   Total timesteps: 48000000
                    Iteration time: 11.66s
                      Time elapsed: 00:03:54
                               ETA: 08:34:09

################################################################################
                     [1m Learning iteration 20/10000 [0m                      

                       Computation: 205436 steps/s (collection: 8.965s, learning 2.718s)
             Mean action noise std: 0.84
          Mean value_function loss: 0.1139
               Mean surrogate loss: -0.0085
                 Mean entropy loss: 35.8311
               Mean approx_kl loss: 0.0143
           Mean clip_fraction loss: 0.2116
              Mean ratio_mean loss: 0.9998
          Mean advantage_mean loss: 0.0000
           Mean advantage_std loss: 1.0000
      Mean explained_variance loss: 0.8907
                       Mean reward: -2.04
               Mean episode length: 41.38
Episode_Reward/motion_global_anchor_pos: 0.0227
Episode_Reward/motion_global_anchor_ori: 0.0198
    Episode_Reward/motion_body_pos: 0.0419
    Episode_Reward/motion_body_ori: 0.0082
Episode_Reward/motion_body_lin_vel: 0.0346
Episode_Reward/motion_body_ang_vel: 0.0110
Episode_Reward/motion_anchor_lin_vel: 0.0392
           Episode_Reward/base_pos: 0.1584
         Episode_Reward/racket_pos: 0.0001
         Episode_Reward/racket_vel: 0.0018
         Episode_Reward/racket_ori: 0.0222
Episode_Reward/torso_forward_lean_l2: -0.0200
 Episode_Reward/base_ang_vel_xy_l2: -0.2075
 Episode_Reward/undesired_contacts: -0.0049
Episode_Reward/hitter_foot_slip_l2: -0.0775
Episode_Reward/hitter_hit_unstable_support: -0.0286
Episode_Reward/hitter_foot_edge_drag: -0.0151
    Episode_Reward/hip_yaw_default: 0.1194
     Episode_Reward/action_rate_l2: -0.3196
        Episode_Reward/joint_limit: -0.0174
          Episode_Reward/joint_acc: -0.0128
       Episode_Reward/joint_torque: -0.0026
   Metrics/motion/error_anchor_pos: 0.6727
   Metrics/motion/error_anchor_rot: 0.6988
Metrics/motion/error_anchor_lin_vel: 2.1407
Metrics/motion/error_anchor_ang_vel: 2.9856
     Metrics/motion/error_body_pos: 0.4595
     Metrics/motion/error_body_rot: 1.0500
 Metrics/motion/error_body_lin_vel: 2.4419
 Metrics/motion/error_body_ang_vel: 4.9726
    Metrics/motion/error_joint_pos: 2.1656
    Metrics/motion/error_joint_vel: 17.3904
   Metrics/motion/sampling_entropy: 0.0000
 Metrics/motion/sampling_top1_prob: 0.0000
  Metrics/motion/sampling_top1_bin: 0.0000
Metrics/motion/motion_sampling_prob_mean: 0.1429
Metrics/motion/motion_sampling_prob_std: 0.0000
Metrics/motion/motion_sampling_prob_min: 0.1429
Metrics/motion/motion_sampling_prob_max: 0.1429
Metrics/motion/motion_sampling_prob_entropy: 1.0000
Metrics/motion/hitter_strike_racket_pos_error: 0.2550
Metrics/motion/hitter_strike_racket_vel_error: 1.4254
Metrics/motion/hitter_strike_racket_ori_error: 0.2392
      Episode_Termination/time_out: 0.0000
    Episode_Termination/anchor_pos: 1241.7917
    Episode_Termination/anchor_ori: 0.0417
--------------------------------------------------------------------------------
                   Total timesteps: 50400000
                    Iteration time: 11.68s
                      Time elapsed: 00:04:06
                               ETA: 08:33:26

################################################################################
                     [1m Learning iteration 21/10000 [0m                      

                       Computation: 204205 steps/s (collection: 9.121s, learning 2.631s)
             Mean action noise std: 0.83
          Mean value_function loss: 0.1068
               Mean surrogate loss: -0.0086
                 Mean entropy loss: 35.5515
               Mean approx_kl loss: 0.0134
           Mean clip_fraction loss: 0.2069
              Mean ratio_mean loss: 1.0001
          Mean advantage_mean loss: 0.0000
           Mean advantage_std loss: 1.0000
      Mean explained_variance loss: 0.8861
                       Mean reward: -1.82
               Mean episode length: 39.74
Episode_Reward/motion_global_anchor_pos: 0.0227
Episode_Reward/motion_global_anchor_ori: 0.0200
    Episode_Reward/motion_body_pos: 0.0419
    Episode_Reward/motion_body_ori: 0.0082
Episode_Reward/motion_body_lin_vel: 0.0347
Episode_Reward/motion_body_ang_vel: 0.0112
Episode_Reward/motion_anchor_lin_vel: 0.0388
           Episode_Reward/base_pos: 0.1595
         Episode_Reward/racket_pos: 0.0001
         Episode_Reward/racket_vel: 0.0018
         Episode_Reward/racket_ori: 0.0223
Episode_Reward/torso_forward_lean_l2: -0.0179
 Episode_Reward/base_ang_vel_xy_l2: -0.1958
 Episode_Reward/undesired_contacts: -0.0049
Episode_Reward/hitter_foot_slip_l2: -0.0757
Episode_Reward/hitter_hit_unstable_support: -0.0273
Episode_Reward/hitter_foot_edge_drag: -0.0147
    Episode_Reward/hip_yaw_default: 0.1209
     Episode_Reward/action_rate_l2: -0.3104
        Episode_Reward/joint_limit: -0.0172
          Episode_Reward/joint_acc: -0.0126
       Episode_Reward/joint_torque: -0.0025
   Metrics/motion/error_anchor_pos: 0.6700
   Metrics/motion/error_anchor_rot: 0.6733
Metrics/motion/error_anchor_lin_vel: 2.1500
Metrics/motion/error_anchor_ang_vel: 2.9067
     Metrics/motion/error_body_pos: 0.4573
     Metrics/motion/error_body_rot: 1.0295
 Metrics/motion/error_body_lin_vel: 2.4326
 Metrics/motion/error_body_ang_vel: 4.9072
    Metrics/motion/error_joint_pos: 2.1811
    Metrics/motion/error_joint_vel: 17.3307
   Metrics/motion/sampling_entropy: 0.0000
 Metrics/motion/sampling_top1_prob: 0.0000
  Metrics/motion/sampling_top1_bin: 0.0000
Metrics/motion/motion_sampling_prob_mean: 0.1429
Metrics/motion/motion_sampling_prob_std: 0.0000
Metrics/motion/motion_sampling_prob_min: 0.1429
Metrics/motion/motion_sampling_prob_max: 0.1429
Metrics/motion/motion_sampling_prob_entropy: 1.0000
Metrics/motion/hitter_strike_racket_pos_error: 0.2467
Metrics/motion/hitter_strike_racket_vel_error: 1.3822
Metrics/motion/hitter_strike_racket_ori_error: 0.2274
      Episode_Termination/time_out: 0.0000
    Episode_Termination/anchor_pos: 1245.7917
    Episode_Termination/anchor_ori: 0.0000
--------------------------------------------------------------------------------
                   Total timesteps: 52800000
                    Iteration time: 11.75s
                      Time elapsed: 00:04:18
                               ETA: 08:33:19

################################################################################
                     [1m Learning iteration 22/10000 [0m                      

                       Computation: 205422 steps/s (collection: 9.097s, learning 2.587s)
             Mean action noise std: 0.83
          Mean value_function loss: 0.1054
               Mean surrogate loss: -0.0078
                 Mean entropy loss: 35.2901
               Mean approx_kl loss: 0.0139
           Mean clip_fraction loss: 0.2108
              Mean ratio_mean loss: 0.9998
          Mean advantage_mean loss: -0.0000
           Mean advantage_std loss: 1.0000
      Mean explained_variance loss: 0.8718
                       Mean reward: -1.86
               Mean episode length: 43.08
Episode_Reward/motion_global_anchor_pos: 0.0226
Episode_Reward/motion_global_anchor_ori: 0.0203
    Episode_Reward/motion_body_pos: 0.0418
    Episode_Reward/motion_body_ori: 0.0083
Episode_Reward/motion_body_lin_vel: 0.0344
Episode_Reward/motion_body_ang_vel: 0.0114
Episode_Reward/motion_anchor_lin_vel: 0.0382
           Episode_Reward/base_pos: 0.1601
         Episode_Reward/racket_pos: 0.0001
         Episode_Reward/racket_vel: 0.0018
         Episode_Reward/racket_ori: 0.0225
Episode_Reward/torso_forward_lean_l2: -0.0161
 Episode_Reward/base_ang_vel_xy_l2: -0.1840
 Episode_Reward/undesired_contacts: -0.0049
Episode_Reward/hitter_foot_slip_l2: -0.0738
Episode_Reward/hitter_hit_unstable_support: -0.0263
Episode_Reward/hitter_foot_edge_drag: -0.0142
    Episode_Reward/hip_yaw_default: 0.1215
     Episode_Reward/action_rate_l2: -0.3013
        Episode_Reward/joint_limit: -0.0168
          Episode_Reward/joint_acc: -0.0123
       Episode_Reward/joint_torque: -0.0024
   Metrics/motion/error_anchor_pos: 0.6670
   Metrics/motion/error_anchor_rot: 0.6400
Metrics/motion/error_anchor_lin_vel: 2.1568
Metrics/motion/error_anchor_ang_vel: 2.8352
     Metrics/motion/error_body_pos: 0.4555
     Metrics/motion/error_body_rot: 1.0113
 Metrics/motion/error_body_lin_vel: 2.4282
 Metrics/motion/error_body_ang_vel: 4.8757
    Metrics/motion/error_joint_pos: 2.1973
    Metrics/motion/error_joint_vel: 17.2227
   Metrics/motion/sampling_entropy: 0.0000
 Metrics/motion/sampling_top1_prob: 0.0000
  Metrics/motion/sampling_top1_bin: 0.0000
Metrics/motion/motion_sampling_prob_mean: 0.1429
Metrics/motion/motion_sampling_prob_std: 0.0000
Metrics/motion/motion_sampling_prob_min: 0.1429
Metrics/motion/motion_sampling_prob_max: 0.1429
Metrics/motion/motion_sampling_prob_entropy: 1.0000
Metrics/motion/hitter_strike_racket_pos_error: 0.2380
Metrics/motion/hitter_strike_racket_vel_error: 1.3330
Metrics/motion/hitter_strike_racket_ori_error: 0.2129
      Episode_Termination/time_out: 0.0000
    Episode_Termination/anchor_pos: 1255.2084
    Episode_Termination/anchor_ori: 0.0000
--------------------------------------------------------------------------------
                   Total timesteps: 55200000
                    Iteration time: 11.68s
                      Time elapsed: 00:04:30
                               ETA: 08:32:40

################################################################################
                     [1m Learning iteration 23/10000 [0m                      

                       Computation: 221303 steps/s (collection: 9.718s, learning 1.127s)
             Mean action noise std: 0.82
          Mean value_function loss: 0.1037
               Mean surrogate loss: -0.0062
                 Mean entropy loss: 35.0106
               Mean approx_kl loss: 0.0144
           Mean clip_fraction loss: 0.2107
              Mean ratio_mean loss: 0.9999
          Mean advantage_mean loss: -0.0000
           Mean advantage_std loss: 1.0000
      Mean explained_variance loss: 0.8541
                       Mean reward: -1.40
               Mean episode length: 38.89
Episode_Reward/motion_global_anchor_pos: 0.0226
Episode_Reward/motion_global_anchor_ori: 0.0204
    Episode_Reward/motion_body_pos: 0.0417
    Episode_Reward/motion_body_ori: 0.0083
Episode_Reward/motion_body_lin_vel: 0.0342
Episode_Reward/motion_body_ang_vel: 0.0115
Episode_Reward/motion_anchor_lin_vel: 0.0378
           Episode_Reward/base_pos: 0.1636
         Episode_Reward/racket_pos: 0.0001
         Episode_Reward/racket_vel: 0.0018
         Episode_Reward/racket_ori: 0.0235
Episode_Reward/torso_forward_lean_l2: -0.0149
 Episode_Reward/base_ang_vel_xy_l2: -0.1753
 Episode_Reward/undesired_contacts: -0.0048
Episode_Reward/hitter_foot_slip_l2: -0.0723
Episode_Reward/hitter_hit_unstable_support: -0.0254
Episode_Reward/hitter_foot_edge_drag: -0.0138
    Episode_Reward/hip_yaw_default: 0.1224
     Episode_Reward/action_rate_l2: -0.2939
        Episode_Reward/joint_limit: -0.0166
          Episode_Reward/joint_acc: -0.0122
       Episode_Reward/joint_torque: -0.0024
   Metrics/motion/error_anchor_pos: 0.6649
   Metrics/motion/error_anchor_rot: 0.6239
Metrics/motion/error_anchor_lin_vel: 2.1638
Metrics/motion/error_anchor_ang_vel: 2.7920
     Metrics/motion/error_body_pos: 0.4548
     Metrics/motion/error_body_rot: 1.0010
 Metrics/motion/error_body_lin_vel: 2.4198
 Metrics/motion/error_body_ang_vel: 4.8246
    Metrics/motion/error_joint_pos: 2.2074
    Metrics/motion/error_joint_vel: 17.1295
   Metrics/motion/sampling_entropy: 0.0000
 Metrics/motion/sampling_top1_prob: 0.0000
  Metrics/motion/sampling_top1_bin: 0.0000
Metrics/motion/motion_sampling_prob_mean: 0.1429
Metrics/motion/motion_sampling_prob_std: 0.0000
Metrics/motion/motion_sampling_prob_min: 0.1429
Metrics/motion/motion_sampling_prob_max: 0.1429
Metrics/motion/motion_sampling_prob_entropy: 1.0000
Metrics/motion/hitter_strike_racket_pos_error: 0.2306
Metrics/motion/hitter_strike_racket_vel_error: 1.3007
Metrics/motion/hitter_strike_racket_ori_error: 0.1994
      Episode_Termination/time_out: 0.0000
    Episode_Termination/anchor_pos: 1278.2084
    Episode_Termination/anchor_ori: 0.0000
--------------------------------------------------------------------------------
                   Total timesteps: 57600000
                    Iteration time: 10.84s
                      Time elapsed: 00:04:40
                               ETA: 08:26:16

################################################################################
                     [1m Learning iteration 24/10000 [0m                      

                       Computation: 214188 steps/s (collection: 9.696s, learning 1.509s)
             Mean action noise std: 0.81
          Mean value_function loss: 0.1035
               Mean surrogate loss: -0.0078
                 Mean entropy loss: 34.7173
               Mean approx_kl loss: 0.0132
           Mean clip_fraction loss: 0.1984
              Mean ratio_mean loss: 0.9999
          Mean advantage_mean loss: -0.0000
           Mean advantage_std loss: 1.0000
      Mean explained_variance loss: 0.8321
                       Mean reward: -1.09
               Mean episode length: 39.11
Episode_Reward/motion_global_anchor_pos: 0.0222
Episode_Reward/motion_global_anchor_ori: 0.0207
    Episode_Reward/motion_body_pos: 0.0413
    Episode_Reward/motion_body_ori: 0.0084
Episode_Reward/motion_body_lin_vel: 0.0335
Episode_Reward/motion_body_ang_vel: 0.0116
Episode_Reward/motion_anchor_lin_vel: 0.0367
           Episode_Reward/base_pos: 0.1639
         Episode_Reward/racket_pos: 0.0000
         Episode_Reward/racket_vel: 0.0016
         Episode_Reward/racket_ori: 0.0229
Episode_Reward/torso_forward_lean_l2: -0.0136
 Episode_Reward/base_ang_vel_xy_l2: -0.1647
 Episode_Reward/undesired_contacts: -0.0048
Episode_Reward/hitter_foot_slip_l2: -0.0704
Episode_Reward/hitter_hit_unstable_support: -0.0234
Episode_Reward/hitter_foot_edge_drag: -0.0133
    Episode_Reward/hip_yaw_default: 0.1221
     Episode_Reward/action_rate_l2: -0.2834
        Episode_Reward/joint_limit: -0.0166
          Episode_Reward/joint_acc: -0.0119
       Episode_Reward/joint_torque: -0.0023
   Metrics/motion/error_anchor_pos: 0.6622
   Metrics/motion/error_anchor_rot: 0.6044
Metrics/motion/error_anchor_lin_vel: 2.1661
Metrics/motion/error_anchor_ang_vel: 2.7323
     Metrics/motion/error_body_pos: 0.4531
     Metrics/motion/error_body_rot: 0.9844
 Metrics/motion/error_body_lin_vel: 2.4165
 Metrics/motion/error_body_ang_vel: 4.8029
    Metrics/motion/error_joint_pos: 2.2182
    Metrics/motion/error_joint_vel: 16.9907
   Metrics/motion/sampling_entropy: 0.0000
 Metrics/motion/sampling_top1_prob: 0.0000
  Metrics/motion/sampling_top1_bin: 0.0000
Metrics/motion/motion_sampling_prob_mean: 0.1429
Metrics/motion/motion_sampling_prob_std: 0.0000
Metrics/motion/motion_sampling_prob_min: 0.1429
Metrics/motion/motion_sampling_prob_max: 0.1429
Metrics/motion/motion_sampling_prob_entropy: 1.0000
Metrics/motion/hitter_strike_racket_pos_error: 0.2142
Metrics/motion/hitter_strike_racket_vel_error: 1.2226
Metrics/motion/hitter_strike_racket_ori_error: 0.1815
      Episode_Termination/time_out: 0.0000
    Episode_Termination/anchor_pos: 1293.4167
    Episode_Termination/anchor_ori: 0.0000
--------------------------------------------------------------------------------
                   Total timesteps: 60000000
                    Iteration time: 11.21s
                      Time elapsed: 00:04:52
                               ETA: 08:22:45

################################################################################
                     [1m Learning iteration 25/10000 [0m                      

                       Computation: 221448 steps/s (collection: 10.001s, learning 0.837s)
             Mean action noise std: 0.80
          Mean value_function loss: 0.0977
               Mean surrogate loss: -0.0038
                 Mean entropy loss: 34.4920
               Mean approx_kl loss: 0.0138
           Mean clip_fraction loss: 0.1990
              Mean ratio_mean loss: 0.9999
          Mean advantage_mean loss: -0.0000
           Mean advantage_std loss: 1.0000
      Mean explained_variance loss: 0.8121
                       Mean reward: -0.76
               Mean episode length: 37.01
Episode_Reward/motion_global_anchor_pos: 0.0221
Episode_Reward/motion_global_anchor_ori: 0.0210
    Episode_Reward/motion_body_pos: 0.0411
    Episode_Reward/motion_body_ori: 0.0085
Episode_Reward/motion_body_lin_vel: 0.0333
Episode_Reward/motion_body_ang_vel: 0.0117
Episode_Reward/motion_anchor_lin_vel: 0.0363
           Episode_Reward/base_pos: 0.1663
         Episode_Reward/racket_pos: 0.0000
         Episode_Reward/racket_vel: 0.0016
         Episode_Reward/racket_ori: 0.0232
Episode_Reward/torso_forward_lean_l2: -0.0125
 Episode_Reward/base_ang_vel_xy_l2: -0.1577
 Episode_Reward/undesired_contacts: -0.0047
Episode_Reward/hitter_foot_slip_l2: -0.0692
Episode_Reward/hitter_hit_unstable_support: -0.0222
Episode_Reward/hitter_foot_edge_drag: -0.0129
    Episode_Reward/hip_yaw_default: 0.1227
     Episode_Reward/action_rate_l2: -0.2757
        Episode_Reward/joint_limit: -0.0169
          Episode_Reward/joint_acc: -0.0116
       Episode_Reward/joint_torque: -0.0022
   Metrics/motion/error_anchor_pos: 0.6601
   Metrics/motion/error_anchor_rot: 0.5879
Metrics/motion/error_anchor_lin_vel: 2.1597
Metrics/motion/error_anchor_ang_vel: 2.7367
     Metrics/motion/error_body_pos: 0.4523
     Metrics/motion/error_body_rot: 0.9710
 Metrics/motion/error_body_lin_vel: 2.4125
 Metrics/motion/error_body_ang_vel: 4.7822
    Metrics/motion/error_joint_pos: 2.2277
    Metrics/motion/error_joint_vel: 16.8431
   Metrics/motion/sampling_entropy: 0.0000
 Metrics/motion/sampling_top1_prob: 0.0000
  Metrics/motion/sampling_top1_bin: 0.0000
Metrics/motion/motion_sampling_prob_mean: 0.1429
Metrics/motion/motion_sampling_prob_std: 0.0000
Metrics/motion/motion_sampling_prob_min: 0.1429
Metrics/motion/motion_sampling_prob_max: 0.1429
Metrics/motion/motion_sampling_prob_entropy: 1.0000
Metrics/motion/hitter_strike_racket_pos_error: 0.2060
Metrics/motion/hitter_strike_racket_vel_error: 1.1789
Metrics/motion/hitter_strike_racket_ori_error: 0.1698
      Episode_Termination/time_out: 0.0000
    Episode_Termination/anchor_pos: 1286.7500
    Episode_Termination/anchor_ori: 0.0417
--------------------------------------------------------------------------------
                   Total timesteps: 62400000
                    Iteration time: 10.84s
                      Time elapsed: 00:05:02
                               ETA: 08:17:08

################################################################################
                     [1m Learning iteration 26/10000 [0m                      

                       Computation: 204273 steps/s (collection: 9.470s, learning 2.279s)
             Mean action noise std: 0.79
          Mean value_function loss: 0.0979
               Mean surrogate loss: -0.0088
                 Mean entropy loss: 34.1900
               Mean approx_kl loss: 0.0108
           Mean clip_fraction loss: 0.1600
              Mean ratio_mean loss: 1.0002
          Mean advantage_mean loss: -0.0000
           Mean advantage_std loss: 1.0000
      Mean explained_variance loss: 0.7909
                       Mean reward: -0.62
               Mean episode length: 37.06
Episode_Reward/motion_global_anchor_pos: 0.0219
Episode_Reward/motion_global_anchor_ori: 0.0213
    Episode_Reward/motion_body_pos: 0.0407
    Episode_Reward/motion_body_ori: 0.0085
Episode_Reward/motion_body_lin_vel: 0.0328
Episode_Reward/motion_body_ang_vel: 0.0118
Episode_Reward/motion_anchor_lin_vel: 0.0356
           Episode_Reward/base_pos: 0.1678
         Episode_Reward/racket_pos: 0.0001
         Episode_Reward/racket_vel: 0.0016
         Episode_Reward/racket_ori: 0.0236
Episode_Reward/torso_forward_lean_l2: -0.0115
 Episode_Reward/base_ang_vel_xy_l2: -0.1505
 Episode_Reward/undesired_contacts: -0.0047
Episode_Reward/hitter_foot_slip_l2: -0.0677
Episode_Reward/hitter_hit_unstable_support: -0.0210
Episode_Reward/hitter_foot_edge_drag: -0.0124
    Episode_Reward/hip_yaw_default: 0.1228
     Episode_Reward/action_rate_l2: -0.2673
        Episode_Reward/joint_limit: -0.0168
          Episode_Reward/joint_acc: -0.0114
       Episode_Reward/joint_torque: -0.0022
   Metrics/motion/error_anchor_pos: 0.6564
   Metrics/motion/error_anchor_rot: 0.5698
Metrics/motion/error_anchor_lin_vel: 2.1549
Metrics/motion/error_anchor_ang_vel: 2.6939
     Metrics/motion/error_body_pos: 0.4516
     Metrics/motion/error_body_rot: 0.9583
 Metrics/motion/error_body_lin_vel: 2.4078
 Metrics/motion/error_body_ang_vel: 4.7387
    Metrics/motion/error_joint_pos: 2.2354
    Metrics/motion/error_joint_vel: 16.6477
   Metrics/motion/sampling_entropy: 0.0000
 Metrics/motion/sampling_top1_prob: 0.0000
  Metrics/motion/sampling_top1_bin: 0.0000
Metrics/motion/motion_sampling_prob_mean: 0.1429
Metrics/motion/motion_sampling_prob_std: 0.0000
Metrics/motion/motion_sampling_prob_min: 0.1429
Metrics/motion/motion_sampling_prob_max: 0.1429
Metrics/motion/motion_sampling_prob_entropy: 1.0000
Metrics/motion/hitter_strike_racket_pos_error: 0.1976
Metrics/motion/hitter_strike_racket_vel_error: 1.1324
Metrics/motion/hitter_strike_racket_ori_error: 0.1553
      Episode_Termination/time_out: 0.0000
    Episode_Termination/anchor_pos: 1312.6250
    Episode_Termination/anchor_ori: 0.0000
--------------------------------------------------------------------------------
                   Total timesteps: 64800000
                    Iteration time: 11.75s
                      Time elapsed: 00:05:14
                               ETA: 08:17:32

################################################################################
                     [1m Learning iteration 27/10000 [0m                      

                       Computation: 207086 steps/s (collection: 9.322s, learning 2.267s)
             Mean action noise std: 0.78
          Mean value_function loss: 0.0887
               Mean surrogate loss: -0.0071
                 Mean entropy loss: 33.8613
               Mean approx_kl loss: 0.0129
           Mean clip_fraction loss: 0.1736
              Mean ratio_mean loss: 0.9998
          Mean advantage_mean loss: -0.0000
           Mean advantage_std loss: 1.0000
      Mean explained_variance loss: 0.7796
                       Mean reward: -0.45
               Mean episode length: 39.95
Episode_Reward/motion_global_anchor_pos: 0.0217
Episode_Reward/motion_global_anchor_ori: 0.0215
    Episode_Reward/motion_body_pos: 0.0405
    Episode_Reward/motion_body_ori: 0.0086
Episode_Reward/motion_body_lin_vel: 0.0325
Episode_Reward/motion_body_ang_vel: 0.0120
Episode_Reward/motion_anchor_lin_vel: 0.0352
           Episode_Reward/base_pos: 0.1690
         Episode_Reward/racket_pos: 0.0000
         Episode_Reward/racket_vel: 0.0015
         Episode_Reward/racket_ori: 0.0233
Episode_Reward/torso_forward_lean_l2: -0.0105
 Episode_Reward/base_ang_vel_xy_l2: -0.1431
 Episode_Reward/undesired_contacts: -0.0047
Episode_Reward/hitter_foot_slip_l2: -0.0664
Episode_Reward/hitter_hit_unstable_support: -0.0195
Episode_Reward/hitter_foot_edge_drag: -0.0120
    Episode_Reward/hip_yaw_default: 0.1230
     Episode_Reward/action_rate_l2: -0.2592
        Episode_Reward/joint_limit: -0.0166
          Episode_Reward/joint_acc: -0.0111
       Episode_Reward/joint_torque: -0.0021
   Metrics/motion/error_anchor_pos: 0.6535
   Metrics/motion/error_anchor_rot: 0.5546
Metrics/motion/error_anchor_lin_vel: 2.1615
Metrics/motion/error_anchor_ang_vel: 2.6306
     Metrics/motion/error_body_pos: 0.4510
     Metrics/motion/error_body_rot: 0.9509
 Metrics/motion/error_body_lin_vel: 2.3998
 Metrics/motion/error_body_ang_vel: 4.6915
    Metrics/motion/error_joint_pos: 2.2428
    Metrics/motion/error_joint_vel: 16.5254
   Metrics/motion/sampling_entropy: 0.0000
 Metrics/motion/sampling_top1_prob: 0.0000
  Metrics/motion/sampling_top1_bin: 0.0000
Metrics/motion/motion_sampling_prob_mean: 0.1429
Metrics/motion/motion_sampling_prob_std: 0.0000
Metrics/motion/motion_sampling_prob_min: 0.1429
Metrics/motion/motion_sampling_prob_max: 0.1429
Metrics/motion/motion_sampling_prob_entropy: 1.0000
Metrics/motion/hitter_strike_racket_pos_error: 0.1889
Metrics/motion/hitter_strike_racket_vel_error: 1.0873
Metrics/motion/hitter_strike_racket_ori_error: 0.1449
      Episode_Termination/time_out: 0.0000
    Episode_Termination/anchor_pos: 1321.4167
    Episode_Termination/anchor_ori: 0.0000
--------------------------------------------------------------------------------
                   Total timesteps: 67200000
                    Iteration time: 11.59s
                      Time elapsed: 00:05:26
                               ETA: 08:16:57

################################################################################
                     [1m Learning iteration 28/10000 [0m                      

                       Computation: 211252 steps/s (collection: 9.153s, learning 2.208s)
             Mean action noise std: 0.78
          Mean value_function loss: 0.0736
               Mean surrogate loss: -0.0095
                 Mean entropy loss: 33.3479
               Mean approx_kl loss: 0.0121
           Mean clip_fraction loss: 0.1859
              Mean ratio_mean loss: 1.0000
          Mean advantage_mean loss: -0.0000
           Mean advantage_std loss: 1.0000
      Mean explained_variance loss: 0.7884
                       Mean reward: -0.22
               Mean episode length: 37.81
Episode_Reward/motion_global_anchor_pos: 0.0216
Episode_Reward/motion_global_anchor_ori: 0.0218
    Episode_Reward/motion_body_pos: 0.0403
    Episode_Reward/motion_body_ori: 0.0086
Episode_Reward/motion_body_lin_vel: 0.0322
Episode_Reward/motion_body_ang_vel: 0.0122
Episode_Reward/motion_anchor_lin_vel: 0.0348
           Episode_Reward/base_pos: 0.1705
         Episode_Reward/racket_pos: 0.0000
         Episode_Reward/racket_vel: 0.0014
         Episode_Reward/racket_ori: 0.0235
Episode_Reward/torso_forward_lean_l2: -0.0099
 Episode_Reward/base_ang_vel_xy_l2: -0.1358
 Episode_Reward/undesired_contacts: -0.0047
Episode_Reward/hitter_foot_slip_l2: -0.0650
Episode_Reward/hitter_hit_unstable_support: -0.0184
Episode_Reward/hitter_foot_edge_drag: -0.0117
    Episode_Reward/hip_yaw_default: 0.1234
     Episode_Reward/action_rate_l2: -0.2503
        Episode_Reward/joint_limit: -0.0162
          Episode_Reward/joint_acc: -0.0109
       Episode_Reward/joint_torque: -0.0021
   Metrics/motion/error_anchor_pos: 0.6514
   Metrics/motion/error_anchor_rot: 0.5364
Metrics/motion/error_anchor_lin_vel: 2.1702
Metrics/motion/error_anchor_ang_vel: 2.5751
     Metrics/motion/error_body_pos: 0.4506
     Metrics/motion/error_body_rot: 0.9461
 Metrics/motion/error_body_lin_vel: 2.3993
 Metrics/motion/error_body_ang_vel: 4.6431
    Metrics/motion/error_joint_pos: 2.2449
    Metrics/motion/error_joint_vel: 16.3496
   Metrics/motion/sampling_entropy: 0.0000
 Metrics/motion/sampling_top1_prob: 0.0000
  Metrics/motion/sampling_top1_bin: 0.0000
Metrics/motion/motion_sampling_prob_mean: 0.1429
Metrics/motion/motion_sampling_prob_std: 0.0000
Metrics/motion/motion_sampling_prob_min: 0.1429
Metrics/motion/motion_sampling_prob_max: 0.1429
Metrics/motion/motion_sampling_prob_entropy: 1.0000
Metrics/motion/hitter_strike_racket_pos_error: 0.1812
Metrics/motion/hitter_strike_racket_vel_error: 1.0474
Metrics/motion/hitter_strike_racket_ori_error: 0.1350
      Episode_Termination/time_out: 0.0000
    Episode_Termination/anchor_pos: 1322.2917
    Episode_Termination/anchor_ori: 0.0000
--------------------------------------------------------------------------------
                   Total timesteps: 69600000
                    Iteration time: 11.36s
                      Time elapsed: 00:05:37
                               ETA: 08:15:05

################################################################################
                     [1m Learning iteration 29/10000 [0m                      

                       Computation: 209983 steps/s (collection: 9.468s, learning 1.961s)
             Mean action noise std: 0.77
          Mean value_function loss: 0.0655
               Mean surrogate loss: -0.0070
                 Mean entropy loss: 33.1115
               Mean approx_kl loss: 0.0145
           Mean clip_fraction loss: 0.2196
              Mean ratio_mean loss: 0.9999
          Mean advantage_mean loss: -0.0000
           Mean advantage_std loss: 1.0000
      Mean explained_variance loss: 0.7994
                       Mean reward: -0.20
               Mean episode length: 36.97
Episode_Reward/motion_global_anchor_pos: 0.0216
Episode_Reward/motion_global_anchor_ori: 0.0220
    Episode_Reward/motion_body_pos: 0.0403
    Episode_Reward/motion_body_ori: 0.0086
Episode_Reward/motion_body_lin_vel: 0.0321
Episode_Reward/motion_body_ang_vel: 0.0125
Episode_Reward/motion_anchor_lin_vel: 0.0346
           Episode_Reward/base_pos: 0.1727
         Episode_Reward/racket_pos: 0.0000
         Episode_Reward/racket_vel: 0.0014
         Episode_Reward/racket_ori: 0.0233
Episode_Reward/torso_forward_lean_l2: -0.0094
 Episode_Reward/base_ang_vel_xy_l2: -0.1299
 Episode_Reward/undesired_contacts: -0.0047
Episode_Reward/hitter_foot_slip_l2: -0.0638
Episode_Reward/hitter_hit_unstable_support: -0.0178
Episode_Reward/hitter_foot_edge_drag: -0.0114
    Episode_Reward/hip_yaw_default: 0.1239
     Episode_Reward/action_rate_l2: -0.2429
        Episode_Reward/joint_limit: -0.0158
          Episode_Reward/joint_acc: -0.0106
       Episode_Reward/joint_torque: -0.0020
   Metrics/motion/error_anchor_pos: 0.6489
   Metrics/motion/error_anchor_rot: 0.5212
Metrics/motion/error_anchor_lin_vel: 2.1794
Metrics/motion/error_anchor_ang_vel: 2.5340
     Metrics/motion/error_body_pos: 0.4495
     Metrics/motion/error_body_rot: 0.9370
 Metrics/motion/error_body_lin_vel: 2.3961
 Metrics/motion/error_body_ang_vel: 4.6107
    Metrics/motion/error_joint_pos: 2.2515
    Metrics/motion/error_joint_vel: 16.2721
   Metrics/motion/sampling_entropy: 0.0000
 Metrics/motion/sampling_top1_prob: 0.0000
  Metrics/motion/sampling_top1_bin: 0.0000
Metrics/motion/motion_sampling_prob_mean: 0.1429
Metrics/motion/motion_sampling_prob_std: 0.0000
Metrics/motion/motion_sampling_prob_min: 0.1429
Metrics/motion/motion_sampling_prob_max: 0.1429
Metrics/motion/motion_sampling_prob_entropy: 1.0000
Metrics/motion/hitter_strike_racket_pos_error: 0.1760
Metrics/motion/hitter_strike_racket_vel_error: 1.0179
Metrics/motion/hitter_strike_racket_ori_error: 0.1284
      Episode_Termination/time_out: 0.0000
    Episode_Termination/anchor_pos: 1334.5417
    Episode_Termination/anchor_ori: 0.0000
--------------------------------------------------------------------------------
                   Total timesteps: 72000000
                    Iteration time: 11.43s
                      Time elapsed: 00:05:49
                               ETA: 08:13:42

################################################################################
                     [1m Learning iteration 30/10000 [0m                      

                       Computation: 196201 steps/s (collection: 9.236s, learning 2.997s)
             Mean action noise std: 0.76
          Mean value_function loss: 0.0680
               Mean surrogate loss: -0.0065
                 Mean entropy loss: 32.8453
               Mean approx_kl loss: 0.0143
           Mean clip_fraction loss: 0.2157
              Mean ratio_mean loss: 0.9999
          Mean advantage_mean loss: -0.0000
           Mean advantage_std loss: 1.0000
      Mean explained_variance loss: 0.7934
                       Mean reward: 0.21
               Mean episode length: 37.53
Episode_Reward/motion_global_anchor_pos: 0.0216
Episode_Reward/motion_global_anchor_ori: 0.0223
    Episode_Reward/motion_body_pos: 0.0403
    Episode_Reward/motion_body_ori: 0.0087
Episode_Reward/motion_body_lin_vel: 0.0320
Episode_Reward/motion_body_ang_vel: 0.0127
Episode_Reward/motion_anchor_lin_vel: 0.0344
           Episode_Reward/base_pos: 0.1757
         Episode_Reward/racket_pos: 0.0000
         Episode_Reward/racket_vel: 0.0013
         Episode_Reward/racket_ori: 0.0235
Episode_Reward/torso_forward_lean_l2: -0.0089
 Episode_Reward/base_ang_vel_xy_l2: -0.1244
 Episode_Reward/undesired_contacts: -0.0047
Episode_Reward/hitter_foot_slip_l2: -0.0626
Episode_Reward/hitter_hit_unstable_support: -0.0173
Episode_Reward/hitter_foot_edge_drag: -0.0111
    Episode_Reward/hip_yaw_default: 0.1243
     Episode_Reward/action_rate_l2: -0.2367
        Episode_Reward/joint_limit: -0.0157
          Episode_Reward/joint_acc: -0.0104
       Episode_Reward/joint_torque: -0.0020
   Metrics/motion/error_anchor_pos: 0.6462
   Metrics/motion/error_anchor_rot: 0.5055
Metrics/motion/error_anchor_lin_vel: 2.1899
Metrics/motion/error_anchor_ang_vel: 2.4821
     Metrics/motion/error_body_pos: 0.4490
     Metrics/motion/error_body_rot: 0.9329
 Metrics/motion/error_body_lin_vel: 2.3900
 Metrics/motion/error_body_ang_vel: 4.5757
    Metrics/motion/error_joint_pos: 2.2627
    Metrics/motion/error_joint_vel: 16.2054
   Metrics/motion/sampling_entropy: 0.0000
 Metrics/motion/sampling_top1_prob: 0.0000
  Metrics/motion/sampling_top1_bin: 0.0000
Metrics/motion/motion_sampling_prob_mean: 0.1429
Metrics/motion/motion_sampling_prob_std: 0.0000
Metrics/motion/motion_sampling_prob_min: 0.1429
Metrics/motion/motion_sampling_prob_max: 0.1429
Metrics/motion/motion_sampling_prob_entropy: 1.0000
Metrics/motion/hitter_strike_racket_pos_error: 0.1720
Metrics/motion/hitter_strike_racket_vel_error: 1.0035
Metrics/motion/hitter_strike_racket_ori_error: 0.1210
      Episode_Termination/time_out: 0.0000
    Episode_Termination/anchor_pos: 1333.6667
    Episode_Termination/anchor_ori: 0.0000
--------------------------------------------------------------------------------
                   Total timesteps: 74400000
                    Iteration time: 12.23s
                      Time elapsed: 00:06:01
                               ETA: 08:16:42

################################################################################
                     [1m Learning iteration 31/10000 [0m                      

                       Computation: 194056 steps/s (collection: 9.495s, learning 2.873s)
             Mean action noise std: 0.75
          Mean value_function loss: 0.0618
               Mean surrogate loss: -0.0062
                 Mean entropy loss: 32.5494
               Mean approx_kl loss: 0.0151
           Mean clip_fraction loss: 0.2206
              Mean ratio_mean loss: 1.0001
          Mean advantage_mean loss: 0.0000
           Mean advantage_std loss: 1.0000
      Mean explained_variance loss: 0.8084
                       Mean reward: 0.37
               Mean episode length: 38.79
Episode_Reward/motion_global_anchor_pos: 0.0216
Episode_Reward/motion_global_anchor_ori: 0.0225
    Episode_Reward/motion_body_pos: 0.0402
    Episode_Reward/motion_body_ori: 0.0087
Episode_Reward/motion_body_lin_vel: 0.0320
Episode_Reward/motion_body_ang_vel: 0.0129
Episode_Reward/motion_anchor_lin_vel: 0.0343
           Episode_Reward/base_pos: 0.1780
         Episode_Reward/racket_pos: 0.0000
         Episode_Reward/racket_vel: 0.0013
         Episode_Reward/racket_ori: 0.0239
Episode_Reward/torso_forward_lean_l2: -0.0088
 Episode_Reward/base_ang_vel_xy_l2: -0.1196
 Episode_Reward/undesired_contacts: -0.0047
Episode_Reward/hitter_foot_slip_l2: -0.0614
Episode_Reward/hitter_hit_unstable_support: -0.0165
Episode_Reward/hitter_foot_edge_drag: -0.0109
    Episode_Reward/hip_yaw_default: 0.1248
     Episode_Reward/action_rate_l2: -0.2309
        Episode_Reward/joint_limit: -0.0155
          Episode_Reward/joint_acc: -0.0103
       Episode_Reward/joint_torque: -0.0020
   Metrics/motion/error_anchor_pos: 0.6416
   Metrics/motion/error_anchor_rot: 0.4951
Metrics/motion/error_anchor_lin_vel: 2.1973
Metrics/motion/error_anchor_ang_vel: 2.4488
     Metrics/motion/error_body_pos: 0.4486
     Metrics/motion/error_body_rot: 0.9249
 Metrics/motion/error_body_lin_vel: 2.3872
 Metrics/motion/error_body_ang_vel: 4.5506
    Metrics/motion/error_joint_pos: 2.2680
    Metrics/motion/error_joint_vel: 16.1508
   Metrics/motion/sampling_entropy: 0.0000
 Metrics/motion/sampling_top1_prob: 0.0000
  Metrics/motion/sampling_top1_bin: 0.0000
Metrics/motion/motion_sampling_prob_mean: 0.1429
Metrics/motion/motion_sampling_prob_std: 0.0000
Metrics/motion/motion_sampling_prob_min: 0.1429
Metrics/motion/motion_sampling_prob_max: 0.1429
Metrics/motion/motion_sampling_prob_entropy: 1.0000
Metrics/motion/hitter_strike_racket_pos_error: 0.1678
Metrics/motion/hitter_strike_racket_vel_error: 0.9771
Metrics/motion/hitter_strike_racket_ori_error: 0.1117
      Episode_Termination/time_out: 0.0000
    Episode_Termination/anchor_pos: 1346.5417
    Episode_Termination/anchor_ori: 0.0000
--------------------------------------------------------------------------------
                   Total timesteps: 76800000
                    Iteration time: 12.37s
                      Time elapsed: 00:06:13
                               ETA: 08:20:12

################################################################################
                     [1m Learning iteration 32/10000 [0m                      

                       Computation: 199504 steps/s (collection: 9.593s, learning 2.437s)
             Mean action noise std: 0.75
          Mean value_function loss: 0.0576
               Mean surrogate loss: -0.0090
                 Mean entropy loss: 32.1556
               Mean approx_kl loss: 0.0127
           Mean clip_fraction loss: 0.1950
              Mean ratio_mean loss: 0.9999
          Mean advantage_mean loss: -0.0000
           Mean advantage_std loss: 1.0000
      Mean explained_variance loss: 0.8177
                       Mean reward: 0.42
               Mean episode length: 36.92
Episode_Reward/motion_global_anchor_pos: 0.0215
Episode_Reward/motion_global_anchor_ori: 0.0227
    Episode_Reward/motion_body_pos: 0.0400
    Episode_Reward/motion_body_ori: 0.0086
Episode_Reward/motion_body_lin_vel: 0.0317
Episode_Reward/motion_body_ang_vel: 0.0130
Episode_Reward/motion_anchor_lin_vel: 0.0339
           Episode_Reward/base_pos: 0.1792
         Episode_Reward/racket_pos: 0.0000
         Episode_Reward/racket_vel: 0.0013
         Episode_Reward/racket_ori: 0.0235
Episode_Reward/torso_forward_lean_l2: -0.0085
 Episode_Reward/base_ang_vel_xy_l2: -0.1138
 Episode_Reward/undesired_contacts: -0.0046
Episode_Reward/hitter_foot_slip_l2: -0.0602
Episode_Reward/hitter_hit_unstable_support: -0.0156
Episode_Reward/hitter_foot_edge_drag: -0.0105
    Episode_Reward/hip_yaw_default: 0.1248
     Episode_Reward/action_rate_l2: -0.2239
        Episode_Reward/joint_limit: -0.0151
          Episode_Reward/joint_acc: -0.0101
       Episode_Reward/joint_torque: -0.0019
   Metrics/motion/error_anchor_pos: 0.6393
   Metrics/motion/error_anchor_rot: 0.4818
Metrics/motion/error_anchor_lin_vel: 2.2094
Metrics/motion/error_anchor_ang_vel: 2.3942
     Metrics/motion/error_body_pos: 0.4487
     Metrics/motion/error_body_rot: 0.9217
 Metrics/motion/error_body_lin_vel: 2.3860
 Metrics/motion/error_body_ang_vel: 4.5029
    Metrics/motion/error_joint_pos: 2.2732
    Metrics/motion/error_joint_vel: 16.0245
   Metrics/motion/sampling_entropy: 0.0000
 Metrics/motion/sampling_top1_prob: 0.0000
  Metrics/motion/sampling_top1_bin: 0.0000
Metrics/motion/motion_sampling_prob_mean: 0.1429
Metrics/motion/motion_sampling_prob_std: 0.0000
Metrics/motion/motion_sampling_prob_min: 0.1429
Metrics/motion/motion_sampling_prob_max: 0.1429
Metrics/motion/motion_sampling_prob_entropy: 1.0000
Metrics/motion/hitter_strike_racket_pos_error: 0.1583
Metrics/motion/hitter_strike_racket_vel_error: 0.9332
Metrics/motion/hitter_strike_racket_ori_error: 0.1021
      Episode_Termination/time_out: 0.0000
    Episode_Termination/anchor_pos: 1347.8334
    Episode_Termination/anchor_ori: 0.0000
--------------------------------------------------------------------------------
                   Total timesteps: 79200000
                    Iteration time: 12.03s
                      Time elapsed: 00:06:25
                               ETA: 08:21:47

################################################################################
                     [1m Learning iteration 33/10000 [0m                      

                       Computation: 197706 steps/s (collection: 9.653s, learning 2.487s)
             Mean action noise std: 0.74
          Mean value_function loss: 0.0575
               Mean surrogate loss: -0.0065
                 Mean entropy loss: 31.9123
               Mean approx_kl loss: 0.0137
           Mean clip_fraction loss: 0.2076
              Mean ratio_mean loss: 0.9999
          Mean advantage_mean loss: 0.0000
           Mean advantage_std loss: 1.0000
      Mean explained_variance loss: 0.8348
                       Mean reward: 0.34
               Mean episode length: 36.57
Episode_Reward/motion_global_anchor_pos: 0.0216
Episode_Reward/motion_global_anchor_ori: 0.0230
    Episode_Reward/motion_body_pos: 0.0403
    Episode_Reward/motion_body_ori: 0.0087
Episode_Reward/motion_body_lin_vel: 0.0319
Episode_Reward/motion_body_ang_vel: 0.0133
Episode_Reward/motion_anchor_lin_vel: 0.0340
           Episode_Reward/base_pos: 0.1812
         Episode_Reward/racket_pos: 0.0000
         Episode_Reward/racket_vel: 0.0013
         Episode_Reward/racket_ori: 0.0237
Episode_Reward/torso_forward_lean_l2: -0.0084
 Episode_Reward/base_ang_vel_xy_l2: -0.1100
 Episode_Reward/undesired_contacts: -0.0047
Episode_Reward/hitter_foot_slip_l2: -0.0593
Episode_Reward/hitter_hit_unstable_support: -0.0150
Episode_Reward/hitter_foot_edge_drag: -0.0103
    Episode_Reward/hip_yaw_default: 0.1257
     Episode_Reward/action_rate_l2: -0.2186
        Episode_Reward/joint_limit: -0.0150
          Episode_Reward/joint_acc: -0.0099
       Episode_Reward/joint_torque: -0.0019
   Metrics/motion/error_anchor_pos: 0.6381
   Metrics/motion/error_anchor_rot: 0.4713
Metrics/motion/error_anchor_lin_vel: 2.2152
Metrics/motion/error_anchor_ang_vel: 2.3669
     Metrics/motion/error_body_pos: 0.4480
     Metrics/motion/error_body_rot: 0.9171
 Metrics/motion/error_body_lin_vel: 2.3827
 Metrics/motion/error_body_ang_vel: 4.4758
    Metrics/motion/error_joint_pos: 2.2803
    Metrics/motion/error_joint_vel: 15.9156
   Metrics/motion/sampling_entropy: 0.0000
 Metrics/motion/sampling_top1_prob: 0.0000
  Metrics/motion/sampling_top1_bin: 0.0000
Metrics/motion/motion_sampling_prob_mean: 0.1429
Metrics/motion/motion_sampling_prob_std: 0.0000
Metrics/motion/motion_sampling_prob_min: 0.1429
Metrics/motion/motion_sampling_prob_max: 0.1429
Metrics/motion/motion_sampling_prob_entropy: 1.0000
Metrics/motion/hitter_strike_racket_pos_error: 0.1584
Metrics/motion/hitter_strike_racket_vel_error: 0.9320
Metrics/motion/hitter_strike_racket_ori_error: 0.1018
      Episode_Termination/time_out: 0.0000
    Episode_Termination/anchor_pos: 1348.2917
    Episode_Termination/anchor_ori: 0.0000
--------------------------------------------------------------------------------
                   Total timesteps: 81600000
                    Iteration time: 12.14s
                      Time elapsed: 00:06:37
                               ETA: 08:23:48

################################################################################
                     [1m Learning iteration 34/10000 [0m                      

                       Computation: 197148 steps/s (collection: 9.730s, learning 2.443s)
             Mean action noise std: 0.73
          Mean value_function loss: 0.0533
               Mean surrogate loss: -0.0087
                 Mean entropy loss: 31.4809
               Mean approx_kl loss: 0.0129
           Mean clip_fraction loss: 0.1968
              Mean ratio_mean loss: 0.9998
          Mean advantage_mean loss: 0.0000
           Mean advantage_std loss: 1.0000
      Mean explained_variance loss: 0.8480
                       Mean reward: 0.64
               Mean episode length: 36.03
Episode_Reward/motion_global_anchor_pos: 0.0217
Episode_Reward/motion_global_anchor_ori: 0.0232
    Episode_Reward/motion_body_pos: 0.0403
    Episode_Reward/motion_body_ori: 0.0087
Episode_Reward/motion_body_lin_vel: 0.0321
Episode_Reward/motion_body_ang_vel: 0.0136
Episode_Reward/motion_anchor_lin_vel: 0.0341
           Episode_Reward/base_pos: 0.1823
         Episode_Reward/racket_pos: 0.0000
         Episode_Reward/racket_vel: 0.0013
         Episode_Reward/racket_ori: 0.0248
Episode_Reward/torso_forward_lean_l2: -0.0081
 Episode_Reward/base_ang_vel_xy_l2: -0.1063
 Episode_Reward/undesired_contacts: -0.0047
Episode_Reward/hitter_foot_slip_l2: -0.0585
Episode_Reward/hitter_hit_unstable_support: -0.0145
Episode_Reward/hitter_foot_edge_drag: -0.0101
    Episode_Reward/hip_yaw_default: 0.1266
     Episode_Reward/action_rate_l2: -0.2136
        Episode_Reward/joint_limit: -0.0147
          Episode_Reward/joint_acc: -0.0098
       Episode_Reward/joint_torque: -0.0018
   Metrics/motion/error_anchor_pos: 0.6357
   Metrics/motion/error_anchor_rot: 0.4660
Metrics/motion/error_anchor_lin_vel: 2.2250
Metrics/motion/error_anchor_ang_vel: 2.3313
     Metrics/motion/error_body_pos: 0.4482
     Metrics/motion/error_body_rot: 0.9146
 Metrics/motion/error_body_lin_vel: 2.3817
 Metrics/motion/error_body_ang_vel: 4.4067
    Metrics/motion/error_joint_pos: 2.2835
    Metrics/motion/error_joint_vel: 15.7518
   Metrics/motion/sampling_entropy: 0.0000
 Metrics/motion/sampling_top1_prob: 0.0000
  Metrics/motion/sampling_top1_bin: 0.0000
Metrics/motion/motion_sampling_prob_mean: 0.1429
Metrics/motion/motion_sampling_prob_std: 0.0000
Metrics/motion/motion_sampling_prob_min: 0.1429
Metrics/motion/motion_sampling_prob_max: 0.1429
Metrics/motion/motion_sampling_prob_entropy: 1.0000
Metrics/motion/hitter_strike_racket_pos_error: 0.1574
Metrics/motion/hitter_strike_racket_vel_error: 0.9304
Metrics/motion/hitter_strike_racket_ori_error: 0.0942
      Episode_Termination/time_out: 0.0000
    Episode_Termination/anchor_pos: 1345.9167
    Episode_Termination/anchor_ori: 0.0000
--------------------------------------------------------------------------------
                   Total timesteps: 84000000
                    Iteration time: 12.17s
                      Time elapsed: 00:06:50
                               ETA: 08:25:50

################################################################################
                     [1m Learning iteration 35/10000 [0m                      

                       Computation: 195370 steps/s (collection: 9.314s, learning 2.970s)
             Mean action noise std: 0.73
          Mean value_function loss: 0.0493
               Mean surrogate loss: -0.0063
                 Mean entropy loss: 31.2315
               Mean approx_kl loss: 0.0151
           Mean clip_fraction loss: 0.2229
              Mean ratio_mean loss: 0.9998
          Mean advantage_mean loss: 0.0000
           Mean advantage_std loss: 1.0000
      Mean explained_variance loss: 0.8744
                       Mean reward: 1.07
               Mean episode length: 37.54
Episode_Reward/motion_global_anchor_pos: 0.0218
Episode_Reward/motion_global_anchor_ori: 0.0235
    Episode_Reward/motion_body_pos: 0.0406
    Episode_Reward/motion_body_ori: 0.0088
Episode_Reward/motion_body_lin_vel: 0.0326
Episode_Reward/motion_body_ang_vel: 0.0140
Episode_Reward/motion_anchor_lin_vel: 0.0344
           Episode_Reward/base_pos: 0.1843
         Episode_Reward/racket_pos: 0.0000
         Episode_Reward/racket_vel: 0.0014
         Episode_Reward/racket_ori: 0.0257
Episode_Reward/torso_forward_lean_l2: -0.0081
 Episode_Reward/base_ang_vel_xy_l2: -0.1037
 Episode_Reward/undesired_contacts: -0.0047
Episode_Reward/hitter_foot_slip_l2: -0.0579
Episode_Reward/hitter_hit_unstable_support: -0.0144
Episode_Reward/hitter_foot_edge_drag: -0.0100
    Episode_Reward/hip_yaw_default: 0.1279
     Episode_Reward/action_rate_l2: -0.2094
        Episode_Reward/joint_limit: -0.0146
          Episode_Reward/joint_acc: -0.0096
       Episode_Reward/joint_torque: -0.0018
   Metrics/motion/error_anchor_pos: 0.6347
   Metrics/motion/error_anchor_rot: 0.4610
Metrics/motion/error_anchor_lin_vel: 2.2316
Metrics/motion/error_anchor_ang_vel: 2.3136
     Metrics/motion/error_body_pos: 0.4478
     Metrics/motion/error_body_rot: 0.9081
 Metrics/motion/error_body_lin_vel: 2.3763
 Metrics/motion/error_body_ang_vel: 4.3936
    Metrics/motion/error_joint_pos: 2.2890
    Metrics/motion/error_joint_vel: 15.7156
   Metrics/motion/sampling_entropy: 0.0000
 Metrics/motion/sampling_top1_prob: 0.0000
  Metrics/motion/sampling_top1_bin: 0.0000
Metrics/motion/motion_sampling_prob_mean: 0.1429
Metrics/motion/motion_sampling_prob_std: 0.0000
Metrics/motion/motion_sampling_prob_min: 0.1429
Metrics/motion/motion_sampling_prob_max: 0.1429
Metrics/motion/motion_sampling_prob_entropy: 1.0000
Metrics/motion/hitter_strike_racket_pos_error: 0.1608
Metrics/motion/hitter_strike_racket_vel_error: 0.9515
Metrics/motion/hitter_strike_racket_ori_error: 0.0927
      Episode_Termination/time_out: 0.0000
    Episode_Termination/anchor_pos: 1345.1250
    Episode_Termination/anchor_ori: 0.0000
--------------------------------------------------------------------------------
                   Total timesteps: 86400000
                    Iteration time: 12.28s
                      Time elapsed: 00:07:02
                               ETA: 08:28:16

################################################################################
                     [1m Learning iteration 36/10000 [0m                      

                       Computation: 193297 steps/s (collection: 9.408s, learning 3.008s)
             Mean action noise std: 0.72
          Mean value_function loss: 0.0484
               Mean surrogate loss: -0.0065
                 Mean entropy loss: 30.9560
               Mean approx_kl loss: 0.0147
           Mean clip_fraction loss: 0.2221
              Mean ratio_mean loss: 0.9998
          Mean advantage_mean loss: 0.0000
           Mean advantage_std loss: 1.0000
      Mean explained_variance loss: 0.8858
                       Mean reward: 0.93
               Mean episode length: 37.79
Episode_Reward/motion_global_anchor_pos: 0.0218
Episode_Reward/motion_global_anchor_ori: 0.0238
    Episode_Reward/motion_body_pos: 0.0407
    Episode_Reward/motion_body_ori: 0.0089
Episode_Reward/motion_body_lin_vel: 0.0326
Episode_Reward/motion_body_ang_vel: 0.0143
Episode_Reward/motion_anchor_lin_vel: 0.0343
           Episode_Reward/base_pos: 0.1857
         Episode_Reward/racket_pos: 0.0000
         Episode_Reward/racket_vel: 0.0013
         Episode_Reward/racket_ori: 0.0259
Episode_Reward/torso_forward_lean_l2: -0.0080
 Episode_Reward/base_ang_vel_xy_l2: -0.0997
 Episode_Reward/undesired_contacts: -0.0047
Episode_Reward/hitter_foot_slip_l2: -0.0571
Episode_Reward/hitter_hit_unstable_support: -0.0137
Episode_Reward/hitter_foot_edge_drag: -0.0098
    Episode_Reward/hip_yaw_default: 0.1284
     Episode_Reward/action_rate_l2: -0.2046
        Episode_Reward/joint_limit: -0.0143
          Episode_Reward/joint_acc: -0.0095
       Episode_Reward/joint_torque: -0.0018
   Metrics/motion/error_anchor_pos: 0.6329
   Metrics/motion/error_anchor_rot: 0.4466
Metrics/motion/error_anchor_lin_vel: 2.2402
Metrics/motion/error_anchor_ang_vel: 2.2732
     Metrics/motion/error_body_pos: 0.4472
     Metrics/motion/error_body_rot: 0.9018
 Metrics/motion/error_body_lin_vel: 2.3771
 Metrics/motion/error_body_ang_vel: 4.3750
    Metrics/motion/error_joint_pos: 2.2904
    Metrics/motion/error_joint_vel: 15.6735
   Metrics/motion/sampling_entropy: 0.0000
 Metrics/motion/sampling_top1_prob: 0.0000
  Metrics/motion/sampling_top1_bin: 0.0000
Metrics/motion/motion_sampling_prob_mean: 0.1429
Metrics/motion/motion_sampling_prob_std: 0.0000
Metrics/motion/motion_sampling_prob_min: 0.1429
Metrics/motion/motion_sampling_prob_max: 0.1429
Metrics/motion/motion_sampling_prob_entropy: 1.0000
Metrics/motion/hitter_strike_racket_pos_error: 0.1586
Metrics/motion/hitter_strike_racket_vel_error: 0.9330
Metrics/motion/hitter_strike_racket_ori_error: 0.0856
      Episode_Termination/time_out: 0.0000
    Episode_Termination/anchor_pos: 1342.0834
    Episode_Termination/anchor_ori: 0.0000
--------------------------------------------------------------------------------
                   Total timesteps: 88800000
                    Iteration time: 12.42s
                      Time elapsed: 00:07:14
                               ETA: 08:31:09

################################################################################
                     [1m Learning iteration 37/10000 [0m                      

                       Computation: 193353 steps/s (collection: 9.267s, learning 3.146s)
             Mean action noise std: 0.71
          Mean value_function loss: 0.0534
               Mean surrogate loss: -0.0054
                 Mean entropy loss: 30.7259
               Mean approx_kl loss: 0.0144
           Mean clip_fraction loss: 0.2193
              Mean ratio_mean loss: 0.9999
          Mean advantage_mean loss: 0.0000
           Mean advantage_std loss: 1.0000
      Mean explained_variance loss: 0.8917
                       Mean reward: 1.16
               Mean episode length: 38.43
Episode_Reward/motion_global_anchor_pos: 0.0219
Episode_Reward/motion_global_anchor_ori: 0.0240
    Episode_Reward/motion_body_pos: 0.0410
    Episode_Reward/motion_body_ori: 0.0089
Episode_Reward/motion_body_lin_vel: 0.0331
Episode_Reward/motion_body_ang_vel: 0.0146
Episode_Reward/motion_anchor_lin_vel: 0.0346
           Episode_Reward/base_pos: 0.1877
         Episode_Reward/racket_pos: 0.0000
         Episode_Reward/racket_vel: 0.0014
         Episode_Reward/racket_ori: 0.0269
Episode_Reward/torso_forward_lean_l2: -0.0080
 Episode_Reward/base_ang_vel_xy_l2: -0.0971
 Episode_Reward/undesired_contacts: -0.0047
Episode_Reward/hitter_foot_slip_l2: -0.0565
Episode_Reward/hitter_hit_unstable_support: -0.0133
Episode_Reward/hitter_foot_edge_drag: -0.0096
    Episode_Reward/hip_yaw_default: 0.1294
     Episode_Reward/action_rate_l2: -0.2012
        Episode_Reward/joint_limit: -0.0142
          Episode_Reward/joint_acc: -0.0094
       Episode_Reward/joint_torque: -0.0018
   Metrics/motion/error_anchor_pos: 0.6319
   Metrics/motion/error_anchor_rot: 0.4423
Metrics/motion/error_anchor_lin_vel: 2.2518
Metrics/motion/error_anchor_ang_vel: 2.2304
     Metrics/motion/error_body_pos: 0.4466
     Metrics/motion/error_body_rot: 0.8948
 Metrics/motion/error_body_lin_vel: 2.3776
 Metrics/motion/error_body_ang_vel: 4.3356
    Metrics/motion/error_joint_pos: 2.2898
    Metrics/motion/error_joint_vel: 15.5508
   Metrics/motion/sampling_entropy: 0.0000
 Metrics/motion/sampling_top1_prob: 0.0000
  Metrics/motion/sampling_top1_bin: 0.0000
Metrics/motion/motion_sampling_prob_mean: 0.1429
Metrics/motion/motion_sampling_prob_std: 0.0000
Metrics/motion/motion_sampling_prob_min: 0.1429
Metrics/motion/motion_sampling_prob_max: 0.1429
Metrics/motion/motion_sampling_prob_entropy: 1.0000
Metrics/motion/hitter_strike_racket_pos_error: 0.1614
Metrics/motion/hitter_strike_racket_vel_error: 0.9501
Metrics/motion/hitter_strike_racket_ori_error: 0.0831
      Episode_Termination/time_out: 0.0000
    Episode_Termination/anchor_pos: 1337.7500
    Episode_Termination/anchor_ori: 0.0000
--------------------------------------------------------------------------------
                   Total timesteps: 91200000
                    Iteration time: 12.41s
                      Time elapsed: 00:07:27
                               ETA: 08:33:51

################################################################################
                     [1m Learning iteration 38/10000 [0m                      

                       Computation: 197280 steps/s (collection: 9.128s, learning 3.037s)
             Mean action noise std: 0.71
          Mean value_function loss: 0.0494
               Mean surrogate loss: -0.0080
                 Mean entropy loss: 30.3160
               Mean approx_kl loss: 0.0129
           Mean clip_fraction loss: 0.1970
              Mean ratio_mean loss: 0.9998
          Mean advantage_mean loss: 0.0000
           Mean advantage_std loss: 1.0000
      Mean explained_variance loss: 0.9046
                       Mean reward: 1.36
               Mean episode length: 37.44
Episode_Reward/motion_global_anchor_pos: 0.0221
Episode_Reward/motion_global_anchor_ori: 0.0245
    Episode_Reward/motion_body_pos: 0.0412
    Episode_Reward/motion_body_ori: 0.0090
Episode_Reward/motion_body_lin_vel: 0.0334
Episode_Reward/motion_body_ang_vel: 0.0150
Episode_Reward/motion_anchor_lin_vel: 0.0349
           Episode_Reward/base_pos: 0.1894
         Episode_Reward/racket_pos: 0.0000
         Episode_Reward/racket_vel: 0.0014
         Episode_Reward/racket_ori: 0.0283
Episode_Reward/torso_forward_lean_l2: -0.0080
 Episode_Reward/base_ang_vel_xy_l2: -0.0946
 Episode_Reward/undesired_contacts: -0.0048
Episode_Reward/hitter_foot_slip_l2: -0.0561
Episode_Reward/hitter_hit_unstable_support: -0.0131
Episode_Reward/hitter_foot_edge_drag: -0.0095
    Episode_Reward/hip_yaw_default: 0.1306
     Episode_Reward/action_rate_l2: -0.1975
        Episode_Reward/joint_limit: -0.0140
          Episode_Reward/joint_acc: -0.0092
       Episode_Reward/joint_torque: -0.0017
   Metrics/motion/error_anchor_pos: 0.6317
   Metrics/motion/error_anchor_rot: 0.4309
Metrics/motion/error_anchor_lin_vel: 2.2583
Metrics/motion/error_anchor_ang_vel: 2.2054
     Metrics/motion/error_body_pos: 0.4470
     Metrics/motion/error_body_rot: 0.8888
 Metrics/motion/error_body_lin_vel: 2.3786
 Metrics/motion/error_body_ang_vel: 4.3046
    Metrics/motion/error_joint_pos: 2.2929
    Metrics/motion/error_joint_vel: 15.4546
   Metrics/motion/sampling_entropy: 0.0000
 Metrics/motion/sampling_top1_prob: 0.0000
  Metrics/motion/sampling_top1_bin: 0.0000
Metrics/motion/motion_sampling_prob_mean: 0.1429
Metrics/motion/motion_sampling_prob_std: 0.0000
Metrics/motion/motion_sampling_prob_min: 0.1429
Metrics/motion/motion_sampling_prob_max: 0.1429
Metrics/motion/motion_sampling_prob_entropy: 1.0000
Metrics/motion/hitter_strike_racket_pos_error: 0.1637
Metrics/motion/hitter_strike_racket_vel_error: 0.9662
Metrics/motion/hitter_strike_racket_ori_error: 0.0795
      Episode_Termination/time_out: 0.0000
    Episode_Termination/anchor_pos: 1335.6667
    Episode_Termination/anchor_ori: 0.0000
--------------------------------------------------------------------------------
                   Total timesteps: 93600000
                    Iteration time: 12.17s
                      Time elapsed: 00:07:39
                               ETA: 08:35:21

################################################################################
                     [1m Learning iteration 39/10000 [0m                      

                       Computation: 200009 steps/s (collection: 9.348s, learning 2.651s)
             Mean action noise std: 0.70
          Mean value_function loss: 0.0565
               Mean surrogate loss: -0.0057
                 Mean entropy loss: 30.0932
               Mean approx_kl loss: 0.0148
           Mean clip_fraction loss: 0.2260
              Mean ratio_mean loss: 1.0000
          Mean advantage_mean loss: 0.0000
           Mean advantage_std loss: 1.0000
      Mean explained_variance loss: 0.9054
                       Mean reward: 1.48
               Mean episode length: 38.73
Episode_Reward/motion_global_anchor_pos: 0.0222
Episode_Reward/motion_global_anchor_ori: 0.0248
    Episode_Reward/motion_body_pos: 0.0415
    Episode_Reward/motion_body_ori: 0.0091
Episode_Reward/motion_body_lin_vel: 0.0338
Episode_Reward/motion_body_ang_vel: 0.0154
Episode_Reward/motion_anchor_lin_vel: 0.0352
           Episode_Reward/base_pos: 0.1911
         Episode_Reward/racket_pos: 0.0000
         Episode_Reward/racket_vel: 0.0014
         Episode_Reward/racket_ori: 0.0296
Episode_Reward/torso_forward_lean_l2: -0.0079
 Episode_Reward/base_ang_vel_xy_l2: -0.0923
 Episode_Reward/undesired_contacts: -0.0048
Episode_Reward/hitter_foot_slip_l2: -0.0555
Episode_Reward/hitter_hit_unstable_support: -0.0126
Episode_Reward/hitter_foot_edge_drag: -0.0093
    Episode_Reward/hip_yaw_default: 0.1318
     Episode_Reward/action_rate_l2: -0.1939
        Episode_Reward/joint_limit: -0.0138
          Episode_Reward/joint_acc: -0.0091
       Episode_Reward/joint_torque: -0.0017
   Metrics/motion/error_anchor_pos: 0.6301
   Metrics/motion/error_anchor_rot: 0.4250
Metrics/motion/error_anchor_lin_vel: 2.2626
Metrics/motion/error_anchor_ang_vel: 2.1838
     Metrics/motion/error_body_pos: 0.4468
     Metrics/motion/error_body_rot: 0.8892
 Metrics/motion/error_body_lin_vel: 2.3770
 Metrics/motion/error_body_ang_vel: 4.2664
    Metrics/motion/error_joint_pos: 2.2955
    Metrics/motion/error_joint_vel: 15.3621
   Metrics/motion/sampling_entropy: 0.0000
 Metrics/motion/sampling_top1_prob: 0.0000
  Metrics/motion/sampling_top1_bin: 0.0000
Metrics/motion/motion_sampling_prob_mean: 0.1429
Metrics/motion/motion_sampling_prob_std: 0.0000
Metrics/motion/motion_sampling_prob_min: 0.1429
Metrics/motion/motion_sampling_prob_max: 0.1429
Metrics/motion/motion_sampling_prob_entropy: 1.0000
Metrics/motion/hitter_strike_racket_pos_error: 0.1666
Metrics/motion/hitter_strike_racket_vel_error: 0.9871
Metrics/motion/hitter_strike_racket_ori_error: 0.0757
      Episode_Termination/time_out: 0.0000
    Episode_Termination/anchor_pos: 1329.5417
    Episode_Termination/anchor_ori: 0.0000
--------------------------------------------------------------------------------
                   Total timesteps: 96000000
                    Iteration time: 12.00s
                      Time elapsed: 00:07:51
                               ETA: 08:36:05

################################################################################
                     [1m Learning iteration 40/10000 [0m                      

                       Computation: 193603 steps/s (collection: 9.120s, learning 3.276s)
             Mean action noise std: 0.69
          Mean value_function loss: 0.0518
               Mean surrogate loss: -0.0065
                 Mean entropy loss: 29.8195
               Mean approx_kl loss: 0.0133
           Mean clip_fraction loss: 0.2019
              Mean ratio_mean loss: 1.0000
          Mean advantage_mean loss: -0.0000
           Mean advantage_std loss: 1.0000
      Mean explained_variance loss: 0.9176
                       Mean reward: 1.55
               Mean episode length: 37.25
Episode_Reward/motion_global_anchor_pos: 0.0223
Episode_Reward/motion_global_anchor_ori: 0.0252
    Episode_Reward/motion_body_pos: 0.0416
    Episode_Reward/motion_body_ori: 0.0092
Episode_Reward/motion_body_lin_vel: 0.0340
Episode_Reward/motion_body_ang_vel: 0.0158
Episode_Reward/motion_anchor_lin_vel: 0.0353
           Episode_Reward/base_pos: 0.1921
         Episode_Reward/racket_pos: 0.0000
         Episode_Reward/racket_vel: 0.0014
         Episode_Reward/racket_ori: 0.0312
Episode_Reward/torso_forward_lean_l2: -0.0079
 Episode_Reward/base_ang_vel_xy_l2: -0.0901
 Episode_Reward/undesired_contacts: -0.0048
Episode_Reward/hitter_foot_slip_l2: -0.0549
Episode_Reward/hitter_hit_unstable_support: -0.0124
Episode_Reward/hitter_foot_edge_drag: -0.0092
    Episode_Reward/hip_yaw_default: 0.1324
     Episode_Reward/action_rate_l2: -0.1902
        Episode_Reward/joint_limit: -0.0134
          Episode_Reward/joint_acc: -0.0089
       Episode_Reward/joint_torque: -0.0017
   Metrics/motion/error_anchor_pos: 0.6288
   Metrics/motion/error_anchor_rot: 0.4163
Metrics/motion/error_anchor_lin_vel: 2.2728
Metrics/motion/error_anchor_ang_vel: 2.1610
     Metrics/motion/error_body_pos: 0.4467
     Metrics/motion/error_body_rot: 0.8875
 Metrics/motion/error_body_lin_vel: 2.3795
 Metrics/motion/error_body_ang_vel: 4.2432
    Metrics/motion/error_joint_pos: 2.2958
    Metrics/motion/error_joint_vel: 15.3622
   Metrics/motion/sampling_entropy: 0.0000
 Metrics/motion/sampling_top1_prob: 0.0000
  Metrics/motion/sampling_top1_bin: 0.0000
Metrics/motion/motion_sampling_prob_mean: 0.1429
Metrics/motion/motion_sampling_prob_std: 0.0000
Metrics/motion/motion_sampling_prob_min: 0.1429
Metrics/motion/motion_sampling_prob_max: 0.1429
Metrics/motion/motion_sampling_prob_entropy: 1.0000
Metrics/motion/hitter_strike_racket_pos_error: 0.1679
Metrics/motion/hitter_strike_racket_vel_error: 0.9950
Metrics/motion/hitter_strike_racket_ori_error: 0.0682
      Episode_Termination/time_out: 0.0000
    Episode_Termination/anchor_pos: 1330.0834
    Episode_Termination/anchor_ori: 0.0000
--------------------------------------------------------------------------------
                   Total timesteps: 98400000
                    Iteration time: 12.40s
                      Time elapsed: 00:08:03
                               ETA: 08:38:22

################################################################################
                     [1m Learning iteration 41/10000 [0m                      

                       Computation: 189543 steps/s (collection: 9.603s, learning 3.059s)
             Mean action noise std: 0.68
          Mean value_function loss: 0.0494
               Mean surrogate loss: -0.0065
                 Mean entropy loss: 29.3921
               Mean approx_kl loss: 0.0142
           Mean clip_fraction loss: 0.2158
              Mean ratio_mean loss: 1.0000
          Mean advantage_mean loss: 0.0000
           Mean advantage_std loss: 1.0000
      Mean explained_variance loss: 0.9256
                       Mean reward: 1.65
               Mean episode length: 38.65
Episode_Reward/motion_global_anchor_pos: 0.0225
Episode_Reward/motion_global_anchor_ori: 0.0257
    Episode_Reward/motion_body_pos: 0.0419
    Episode_Reward/motion_body_ori: 0.0092
Episode_Reward/motion_body_lin_vel: 0.0346
Episode_Reward/motion_body_ang_vel: 0.0162
Episode_Reward/motion_anchor_lin_vel: 0.0358
           Episode_Reward/base_pos: 0.1941
         Episode_Reward/racket_pos: 0.0000
         Episode_Reward/racket_vel: 0.0015
         Episode_Reward/racket_ori: 0.0329
Episode_Reward/torso_forward_lean_l2: -0.0080
 Episode_Reward/base_ang_vel_xy_l2: -0.0878
 Episode_Reward/undesired_contacts: -0.0049
Episode_Reward/hitter_foot_slip_l2: -0.0545
Episode_Reward/hitter_hit_unstable_support: -0.0120
Episode_Reward/hitter_foot_edge_drag: -0.0090
    Episode_Reward/hip_yaw_default: 0.1337
     Episode_Reward/action_rate_l2: -0.1869
        Episode_Reward/joint_limit: -0.0130
          Episode_Reward/joint_acc: -0.0088
       Episode_Reward/joint_torque: -0.0017
   Metrics/motion/error_anchor_pos: 0.6272
   Metrics/motion/error_anchor_rot: 0.4042
Metrics/motion/error_anchor_lin_vel: 2.2833
Metrics/motion/error_anchor_ang_vel: 2.1239
     Metrics/motion/error_body_pos: 0.4467
     Metrics/motion/error_body_rot: 0.8878
 Metrics/motion/error_body_lin_vel: 2.3797
 Metrics/motion/error_body_ang_vel: 4.2088
    Metrics/motion/error_joint_pos: 2.3009
    Metrics/motion/error_joint_vel: 15.2480
   Metrics/motion/sampling_entropy: 0.0000
 Metrics/motion/sampling_top1_prob: 0.0000
  Metrics/motion/sampling_top1_bin: 0.0000
Metrics/motion/motion_sampling_prob_mean: 0.1429
Metrics/motion/motion_sampling_prob_std: 0.0000
Metrics/motion/motion_sampling_prob_min: 0.1429
Metrics/motion/motion_sampling_prob_max: 0.1429
Metrics/motion/motion_sampling_prob_entropy: 1.0000
Metrics/motion/hitter_strike_racket_pos_error: 0.1721
Metrics/motion/hitter_strike_racket_vel_error: 1.0159
Metrics/motion/hitter_strike_racket_ori_error: 0.0655
      Episode_Termination/time_out: 0.0000
    Episode_Termination/anchor_pos: 1323.2084
    Episode_Termination/anchor_ori: 0.0000
--------------------------------------------------------------------------------
                   Total timesteps: 100800000
                    Iteration time: 12.66s
                      Time elapsed: 00:08:16
                               ETA: 08:41:36

################################################################################
                     [1m Learning iteration 42/10000 [0m                      

                       Computation: 193743 steps/s (collection: 9.187s, learning 3.201s)
             Mean action noise std: 0.68
          Mean value_function loss: 0.0526
               Mean surrogate loss: -0.0050
                 Mean entropy loss: 29.1029
               Mean approx_kl loss: 0.0151
           Mean clip_fraction loss: 0.2266
              Mean ratio_mean loss: 0.9998
          Mean advantage_mean loss: -0.0000
           Mean advantage_std loss: 1.0000
      Mean explained_variance loss: 0.9279
                       Mean reward: 1.80
               Mean episode length: 39.94
Episode_Reward/motion_global_anchor_pos: 0.0226
Episode_Reward/motion_global_anchor_ori: 0.0260
    Episode_Reward/motion_body_pos: 0.0422
    Episode_Reward/motion_body_ori: 0.0093
Episode_Reward/motion_body_lin_vel: 0.0350
Episode_Reward/motion_body_ang_vel: 0.0166
Episode_Reward/motion_anchor_lin_vel: 0.0360
           Episode_Reward/base_pos: 0.1950
         Episode_Reward/racket_pos: 0.0000
         Episode_Reward/racket_vel: 0.0015
         Episode_Reward/racket_ori: 0.0352
Episode_Reward/torso_forward_lean_l2: -0.0082
 Episode_Reward/base_ang_vel_xy_l2: -0.0861
 Episode_Reward/undesired_contacts: -0.0049
Episode_Reward/hitter_foot_slip_l2: -0.0539
Episode_Reward/hitter_hit_unstable_support: -0.0121
Episode_Reward/hitter_foot_edge_drag: -0.0089
    Episode_Reward/hip_yaw_default: 0.1346
     Episode_Reward/action_rate_l2: -0.1830
        Episode_Reward/joint_limit: -0.0128
          Episode_Reward/joint_acc: -0.0087
       Episode_Reward/joint_torque: -0.0017
   Metrics/motion/error_anchor_pos: 0.6282
   Metrics/motion/error_anchor_rot: 0.4018
Metrics/motion/error_anchor_lin_vel: 2.2896
Metrics/motion/error_anchor_ang_vel: 2.1122
     Metrics/motion/error_body_pos: 0.4463
     Metrics/motion/error_body_rot: 0.8877
 Metrics/motion/error_body_lin_vel: 2.3790
 Metrics/motion/error_body_ang_vel: 4.1941
    Metrics/motion/error_joint_pos: 2.3049
    Metrics/motion/error_joint_vel: 15.1801
   Metrics/motion/sampling_entropy: 0.0000
 Metrics/motion/sampling_top1_prob: 0.0000
  Metrics/motion/sampling_top1_bin: 0.0000
Metrics/motion/motion_sampling_prob_mean: 0.1429
Metrics/motion/motion_sampling_prob_std: 0.0000
Metrics/motion/motion_sampling_prob_min: 0.1429
Metrics/motion/motion_sampling_prob_max: 0.1429
Metrics/motion/motion_sampling_prob_entropy: 1.0000
Metrics/motion/hitter_strike_racket_pos_error: 0.1774
Metrics/motion/hitter_strike_racket_vel_error: 1.0500
Metrics/motion/hitter_strike_racket_ori_error: 0.0587
      Episode_Termination/time_out: 0.0000
    Episode_Termination/anchor_pos: 1310.3334
    Episode_Termination/anchor_ori: 0.0000
--------------------------------------------------------------------------------
                   Total timesteps: 103200000
                    Iteration time: 12.39s
                      Time elapsed: 00:08:28
                               ETA: 08:43:36

################################################################################
                     [1m Learning iteration 43/10000 [0m                      

                       Computation: 192102 steps/s (collection: 9.097s, learning 3.396s)
             Mean action noise std: 0.67
          Mean value_function loss: 0.0526
               Mean surrogate loss: -0.0045
                 Mean entropy loss: 28.8066
               Mean approx_kl loss: 0.0150
           Mean clip_fraction loss: 0.2261
              Mean ratio_mean loss: 0.9999
          Mean advantage_mean loss: -0.0000
           Mean advantage_std loss: 1.0000
      Mean explained_variance loss: 0.9345
                       Mean reward: 1.89
               Mean episode length: 37.82
Episode_Reward/motion_global_anchor_pos: 0.0228
Episode_Reward/motion_global_anchor_ori: 0.0265
    Episode_Reward/motion_body_pos: 0.0427
    Episode_Reward/motion_body_ori: 0.0094
Episode_Reward/motion_body_lin_vel: 0.0357
Episode_Reward/motion_body_ang_vel: 0.0172
Episode_Reward/motion_anchor_lin_vel: 0.0365
           Episode_Reward/base_pos: 0.1961
         Episode_Reward/racket_pos: 0.0000
         Episode_Reward/racket_vel: 0.0016
         Episode_Reward/racket_ori: 0.0370
Episode_Reward/torso_forward_lean_l2: -0.0083
 Episode_Reward/base_ang_vel_xy_l2: -0.0846
 Episode_Reward/undesired_contacts: -0.0050
Episode_Reward/hitter_foot_slip_l2: -0.0537
Episode_Reward/hitter_hit_unstable_support: -0.0117
Episode_Reward/hitter_foot_edge_drag: -0.0088
    Episode_Reward/hip_yaw_default: 0.1360
     Episode_Reward/action_rate_l2: -0.1803
        Episode_Reward/joint_limit: -0.0126
          Episode_Reward/joint_acc: -0.0086
       Episode_Reward/joint_torque: -0.0017
   Metrics/motion/error_anchor_pos: 0.6279
   Metrics/motion/error_anchor_rot: 0.3936
Metrics/motion/error_anchor_lin_vel: 2.2943
Metrics/motion/error_anchor_ang_vel: 2.0905
     Metrics/motion/error_body_pos: 0.4460
     Metrics/motion/error_body_rot: 0.8851
 Metrics/motion/error_body_lin_vel: 2.3800
 Metrics/motion/error_body_ang_vel: 4.1474
    Metrics/motion/error_joint_pos: 2.3057
    Metrics/motion/error_joint_vel: 15.1104
   Metrics/motion/sampling_entropy: 0.0000
 Metrics/motion/sampling_top1_prob: 0.0000
  Metrics/motion/sampling_top1_bin: 0.0000
Metrics/motion/motion_sampling_prob_mean: 0.1429
Metrics/motion/motion_sampling_prob_std: 0.0000
Metrics/motion/motion_sampling_prob_min: 0.1429
Metrics/motion/motion_sampling_prob_max: 0.1429
Metrics/motion/motion_sampling_prob_entropy: 1.0000
Metrics/motion/hitter_strike_racket_pos_error: 0.1824
Metrics/motion/hitter_strike_racket_vel_error: 1.0703
Metrics/motion/hitter_strike_racket_ori_error: 0.0560
      Episode_Termination/time_out: 0.0000
    Episode_Termination/anchor_pos: 1309.1667
    Episode_Termination/anchor_ori: 0.0000
--------------------------------------------------------------------------------
                   Total timesteps: 105600000
                    Iteration time: 12.49s
                      Time elapsed: 00:08:41
                               ETA: 08:45:54

################################################################################
                     [1m Learning iteration 44/10000 [0m                      

                       Computation: 194412 steps/s (collection: 8.922s, learning 3.423s)
             Mean action noise std: 0.66
          Mean value_function loss: 0.0622
               Mean surrogate loss: -0.0003
                 Mean entropy loss: 28.6633
               Mean approx_kl loss: 0.0179
           Mean clip_fraction loss: 0.2336
              Mean ratio_mean loss: 0.9999
          Mean advantage_mean loss: -0.0000
           Mean advantage_std loss: 1.0000
      Mean explained_variance loss: 0.9337
                       Mean reward: 2.39
               Mean episode length: 39.04
Episode_Reward/motion_global_anchor_pos: 0.0229
Episode_Reward/motion_global_anchor_ori: 0.0269
    Episode_Reward/motion_body_pos: 0.0428
    Episode_Reward/motion_body_ori: 0.0094
Episode_Reward/motion_body_lin_vel: 0.0361
Episode_Reward/motion_body_ang_vel: 0.0176
Episode_Reward/motion_anchor_lin_vel: 0.0369
           Episode_Reward/base_pos: 0.1966
         Episode_Reward/racket_pos: 0.0000
         Episode_Reward/racket_vel: 0.0016
         Episode_Reward/racket_ori: 0.0399
Episode_Reward/torso_forward_lean_l2: -0.0082
 Episode_Reward/base_ang_vel_xy_l2: -0.0831
 Episode_Reward/undesired_contacts: -0.0050
Episode_Reward/hitter_foot_slip_l2: -0.0535
Episode_Reward/hitter_hit_unstable_support: -0.0114
Episode_Reward/hitter_foot_edge_drag: -0.0087
    Episode_Reward/hip_yaw_default: 0.1370
     Episode_Reward/action_rate_l2: -0.1774
        Episode_Reward/joint_limit: -0.0123
          Episode_Reward/joint_acc: -0.0084
       Episode_Reward/joint_torque: -0.0017
   Metrics/motion/error_anchor_pos: 0.6284
   Metrics/motion/error_anchor_rot: 0.3891
Metrics/motion/error_anchor_lin_vel: 2.3001
Metrics/motion/error_anchor_ang_vel: 2.0743
     Metrics/motion/error_body_pos: 0.4462
     Metrics/motion/error_body_rot: 0.8859
 Metrics/motion/error_body_lin_vel: 2.3787
 Metrics/motion/error_body_ang_vel: 4.1348
    Metrics/motion/error_joint_pos: 2.3044
    Metrics/motion/error_joint_vel: 15.0824
   Metrics/motion/sampling_entropy: 0.0000
 Metrics/motion/sampling_top1_prob: 0.0000
  Metrics/motion/sampling_top1_bin: 0.0000
Metrics/motion/motion_sampling_prob_mean: 0.1429
Metrics/motion/motion_sampling_prob_std: 0.0000
Metrics/motion/motion_sampling_prob_min: 0.1429
Metrics/motion/motion_sampling_prob_max: 0.1429
Metrics/motion/motion_sampling_prob_entropy: 1.0000
Metrics/motion/hitter_strike_racket_pos_error: 0.1889
Metrics/motion/hitter_strike_racket_vel_error: 1.1027
Metrics/motion/hitter_strike_racket_ori_error: 0.0488
      Episode_Termination/time_out: 0.0000
    Episode_Termination/anchor_pos: 1286.1250
    Episode_Termination/anchor_ori: 0.0000
--------------------------------------------------------------------------------
                   Total timesteps: 108000000
                    Iteration time: 12.34s
                      Time elapsed: 00:08:53
                               ETA: 08:47:32

################################################################################
                     [1m Learning iteration 45/10000 [0m                      

                       Computation: 192989 steps/s (collection: 8.972s, learning 3.464s)
             Mean action noise std: 0.66
          Mean value_function loss: 0.0572
               Mean surrogate loss: -0.0078
                 Mean entropy loss: 28.1687
               Mean approx_kl loss: 0.0113
           Mean clip_fraction loss: 0.1737
              Mean ratio_mean loss: 1.0000
          Mean advantage_mean loss: 0.0000
           Mean advantage_std loss: 1.0000
      Mean explained_variance loss: 0.9400
                       Mean reward: 2.13
               Mean episode length: 36.96
Episode_Reward/motion_global_anchor_pos: 0.0233
Episode_Reward/motion_global_anchor_ori: 0.0275
    Episode_Reward/motion_body_pos: 0.0435
    Episode_Reward/motion_body_ori: 0.0095
Episode_Reward/motion_body_lin_vel: 0.0372
Episode_Reward/motion_body_ang_vel: 0.0182
Episode_Reward/motion_anchor_lin_vel: 0.0378
           Episode_Reward/base_pos: 0.1988
         Episode_Reward/racket_pos: 0.0000
         Episode_Reward/racket_vel: 0.0018
         Episode_Reward/racket_ori: 0.0437
Episode_Reward/torso_forward_lean_l2: -0.0084
 Episode_Reward/base_ang_vel_xy_l2: -0.0826
 Episode_Reward/undesired_contacts: -0.0051
Episode_Reward/hitter_foot_slip_l2: -0.0540
Episode_Reward/hitter_hit_unstable_support: -0.0114
Episode_Reward/hitter_foot_edge_drag: -0.0087
    Episode_Reward/hip_yaw_default: 0.1393
     Episode_Reward/action_rate_l2: -0.1764
        Episode_Reward/joint_limit: -0.0120
          Episode_Reward/joint_acc: -0.0083
       Episode_Reward/joint_torque: -0.0017
   Metrics/motion/error_anchor_pos: 0.6299
   Metrics/motion/error_anchor_rot: 0.3826
Metrics/motion/error_anchor_lin_vel: 2.2980
Metrics/motion/error_anchor_ang_vel: 2.0552
     Metrics/motion/error_body_pos: 0.4465
     Metrics/motion/error_body_rot: 0.8860
 Metrics/motion/error_body_lin_vel: 2.3790
 Metrics/motion/error_body_ang_vel: 4.0878
    Metrics/motion/error_joint_pos: 2.3093
    Metrics/motion/error_joint_vel: 14.9390
   Metrics/motion/sampling_entropy: 0.0000
 Metrics/motion/sampling_top1_prob: 0.0000
  Metrics/motion/sampling_top1_bin: 0.0000
Metrics/motion/motion_sampling_prob_mean: 0.1429
Metrics/motion/motion_sampling_prob_std: 0.0000
Metrics/motion/motion_sampling_prob_min: 0.1429
Metrics/motion/motion_sampling_prob_max: 0.1429
Metrics/motion/motion_sampling_prob_entropy: 1.0000
Metrics/motion/hitter_strike_racket_pos_error: 0.2012
Metrics/motion/hitter_strike_racket_vel_error: 1.1689
Metrics/motion/hitter_strike_racket_ori_error: 0.0459
      Episode_Termination/time_out: 0.0000
    Episode_Termination/anchor_pos: 1281.3750
    Episode_Termination/anchor_ori: 0.0000
--------------------------------------------------------------------------------
                   Total timesteps: 110400000
                    Iteration time: 12.44s
                      Time elapsed: 00:09:06
                               ETA: 08:49:25

################################################################################
                     [1m Learning iteration 46/10000 [0m                      

                       Computation: 197114 steps/s (collection: 9.108s, learning 3.067s)
             Mean action noise std: 0.65
          Mean value_function loss: 0.0576
               Mean surrogate loss: -0.0050
                 Mean entropy loss: 27.9253
               Mean approx_kl loss: 0.0130
           Mean clip_fraction loss: 0.1935
              Mean ratio_mean loss: 0.9999
          Mean advantage_mean loss: -0.0000
           Mean advantage_std loss: 1.0000
      Mean explained_variance loss: 0.9440
                       Mean reward: 2.32
               Mean episode length: 39.07
Episode_Reward/motion_global_anchor_pos: 0.0235
Episode_Reward/motion_global_anchor_ori: 0.0279
    Episode_Reward/motion_body_pos: 0.0439
    Episode_Reward/motion_body_ori: 0.0096
Episode_Reward/motion_body_lin_vel: 0.0379
Episode_Reward/motion_body_ang_vel: 0.0187
Episode_Reward/motion_anchor_lin_vel: 0.0382
           Episode_Reward/base_pos: 0.2012
         Episode_Reward/racket_pos: 0.0000
         Episode_Reward/racket_vel: 0.0019
         Episode_Reward/racket_ori: 0.0459
Episode_Reward/torso_forward_lean_l2: -0.0084
 Episode_Reward/base_ang_vel_xy_l2: -0.0810
 Episode_Reward/undesired_contacts: -0.0051
Episode_Reward/hitter_foot_slip_l2: -0.0539
Episode_Reward/hitter_hit_unstable_support: -0.0110
Episode_Reward/hitter_foot_edge_drag: -0.0086
    Episode_Reward/hip_yaw_default: 0.1405
     Episode_Reward/action_rate_l2: -0.1732
        Episode_Reward/joint_limit: -0.0119
          Episode_Reward/joint_acc: -0.0082
       Episode_Reward/joint_torque: -0.0016
   Metrics/motion/error_anchor_pos: 0.6298
   Metrics/motion/error_anchor_rot: 0.3778
Metrics/motion/error_anchor_lin_vel: 2.3043
Metrics/motion/error_anchor_ang_vel: 2.0343
     Metrics/motion/error_body_pos: 0.4459
     Metrics/motion/error_body_rot: 0.8836
 Metrics/motion/error_body_lin_vel: 2.3769
 Metrics/motion/error_body_ang_vel: 4.0841
    Metrics/motion/error_joint_pos: 2.3152
    Metrics/motion/error_joint_vel: 14.9368
   Metrics/motion/sampling_entropy: 0.0000
 Metrics/motion/sampling_top1_prob: 0.0000
  Metrics/motion/sampling_top1_bin: 0.0000
Metrics/motion/motion_sampling_prob_mean: 0.1429
Metrics/motion/motion_sampling_prob_std: 0.0000
Metrics/motion/motion_sampling_prob_min: 0.1429
Metrics/motion/motion_sampling_prob_max: 0.1429
Metrics/motion/motion_sampling_prob_entropy: 1.0000
Metrics/motion/hitter_strike_racket_pos_error: 0.2045
Metrics/motion/hitter_strike_racket_vel_error: 1.1916
Metrics/motion/hitter_strike_racket_ori_error: 0.0423
      Episode_Termination/time_out: 0.0000
    Episode_Termination/anchor_pos: 1277.2917
    Episode_Termination/anchor_ori: 0.0000
--------------------------------------------------------------------------------
                   Total timesteps: 112800000
                    Iteration time: 12.18s
                      Time elapsed: 00:09:18
                               ETA: 08:50:18

################################################################################
                     [1m Learning iteration 47/10000 [0m                      

                       Computation: 195596 steps/s (collection: 9.029s, learning 3.242s)
             Mean action noise std: 0.64
          Mean value_function loss: 0.0622
               Mean surrogate loss: -0.0052
                 Mean entropy loss: 27.6326
               Mean approx_kl loss: 0.0121
           Mean clip_fraction loss: 0.1809
              Mean ratio_mean loss: 1.0000
          Mean advantage_mean loss: -0.0000
           Mean advantage_std loss: 1.0000
      Mean explained_variance loss: 0.9446
                       Mean reward: 2.60
               Mean episode length: 39.92
Episode_Reward/motion_global_anchor_pos: 0.0237
Episode_Reward/motion_global_anchor_ori: 0.0283
    Episode_Reward/motion_body_pos: 0.0444
    Episode_Reward/motion_body_ori: 0.0097
Episode_Reward/motion_body_lin_vel: 0.0387
Episode_Reward/motion_body_ang_vel: 0.0193
Episode_Reward/motion_anchor_lin_vel: 0.0390
           Episode_Reward/base_pos: 0.2022
         Episode_Reward/racket_pos: 0.0000
         Episode_Reward/racket_vel: 0.0020
         Episode_Reward/racket_ori: 0.0487
Episode_Reward/torso_forward_lean_l2: -0.0086
 Episode_Reward/base_ang_vel_xy_l2: -0.0803
 Episode_Reward/undesired_contacts: -0.0052
Episode_Reward/hitter_foot_slip_l2: -0.0542
Episode_Reward/hitter_hit_unstable_support: -0.0109
Episode_Reward/hitter_foot_edge_drag: -0.0085
    Episode_Reward/hip_yaw_default: 0.1422
     Episode_Reward/action_rate_l2: -0.1713
        Episode_Reward/joint_limit: -0.0115
          Episode_Reward/joint_acc: -0.0081
       Episode_Reward/joint_torque: -0.0016
   Metrics/motion/error_anchor_pos: 0.6316
   Metrics/motion/error_anchor_rot: 0.3778
Metrics/motion/error_anchor_lin_vel: 2.3063
Metrics/motion/error_anchor_ang_vel: 2.0276
     Metrics/motion/error_body_pos: 0.4460
     Metrics/motion/error_body_rot: 0.8844
 Metrics/motion/error_body_lin_vel: 2.3809
 Metrics/motion/error_body_ang_vel: 4.0710
    Metrics/motion/error_joint_pos: 2.3144
    Metrics/motion/error_joint_vel: 14.8365
   Metrics/motion/sampling_entropy: 0.0000
 Metrics/motion/sampling_top1_prob: 0.0000
  Metrics/motion/sampling_top1_bin: 0.0000
Metrics/motion/motion_sampling_prob_mean: 0.1429
Metrics/motion/motion_sampling_prob_std: 0.0000
Metrics/motion/motion_sampling_prob_min: 0.1429
Metrics/motion/motion_sampling_prob_max: 0.1429
Metrics/motion/motion_sampling_prob_entropy: 1.0000
Metrics/motion/hitter_strike_racket_pos_error: 0.2115
Metrics/motion/hitter_strike_racket_vel_error: 1.2273
Metrics/motion/hitter_strike_racket_ori_error: 0.0378
      Episode_Termination/time_out: 0.0000
    Episode_Termination/anchor_pos: 1249.3750
    Episode_Termination/anchor_ori: 0.0000
--------------------------------------------------------------------------------
                   Total timesteps: 115200000
                    Iteration time: 12.27s
                      Time elapsed: 00:09:30
                               ETA: 08:51:28

################################################################################
                     [1m Learning iteration 48/10000 [0m                      

                       Computation: 193187 steps/s (collection: 8.942s, learning 3.481s)
             Mean action noise std: 0.64
          Mean value_function loss: 0.0672
               Mean surrogate loss: -0.0054
                 Mean entropy loss: 27.3230
               Mean approx_kl loss: 0.0117
           Mean clip_fraction loss: 0.1754
              Mean ratio_mean loss: 0.9999
          Mean advantage_mean loss: 0.0000
           Mean advantage_std loss: 1.0000
      Mean explained_variance loss: 0.9458
                       Mean reward: 2.43
               Mean episode length: 38.09
Episode_Reward/motion_global_anchor_pos: 0.0241
Episode_Reward/motion_global_anchor_ori: 0.0288
    Episode_Reward/motion_body_pos: 0.0451
    Episode_Reward/motion_body_ori: 0.0098
Episode_Reward/motion_body_lin_vel: 0.0398
Episode_Reward/motion_body_ang_vel: 0.0199
Episode_Reward/motion_anchor_lin_vel: 0.0399
           Episode_Reward/base_pos: 0.2045
         Episode_Reward/racket_pos: 0.0000
         Episode_Reward/racket_vel: 0.0022
         Episode_Reward/racket_ori: 0.0529
Episode_Reward/torso_forward_lean_l2: -0.0087
 Episode_Reward/base_ang_vel_xy_l2: -0.0795
 Episode_Reward/undesired_contacts: -0.0053
Episode_Reward/hitter_foot_slip_l2: -0.0544
Episode_Reward/hitter_hit_unstable_support: -0.0108
Episode_Reward/hitter_foot_edge_drag: -0.0085
    Episode_Reward/hip_yaw_default: 0.1443
     Episode_Reward/action_rate_l2: -0.1697
        Episode_Reward/joint_limit: -0.0111
          Episode_Reward/joint_acc: -0.0080
       Episode_Reward/joint_torque: -0.0016
   Metrics/motion/error_anchor_pos: 0.6325
   Metrics/motion/error_anchor_rot: 0.3738
Metrics/motion/error_anchor_lin_vel: 2.3117
Metrics/motion/error_anchor_ang_vel: 1.9873
     Metrics/motion/error_body_pos: 0.4457
     Metrics/motion/error_body_rot: 0.8846
 Metrics/motion/error_body_lin_vel: 2.3833
 Metrics/motion/error_body_ang_vel: 4.0357
    Metrics/motion/error_joint_pos: 2.3170
    Metrics/motion/error_joint_vel: 14.7683
   Metrics/motion/sampling_entropy: 0.0000
 Metrics/motion/sampling_top1_prob: 0.0000
  Metrics/motion/sampling_top1_bin: 0.0000
Metrics/motion/motion_sampling_prob_mean: 0.1429
Metrics/motion/motion_sampling_prob_std: 0.0000
Metrics/motion/motion_sampling_prob_min: 0.1429
Metrics/motion/motion_sampling_prob_max: 0.1429
Metrics/motion/motion_sampling_prob_entropy: 1.0000
Metrics/motion/hitter_strike_racket_pos_error: 0.2253
Metrics/motion/hitter_strike_racket_vel_error: 1.2990
Metrics/motion/hitter_strike_racket_ori_error: 0.0359
      Episode_Termination/time_out: 0.0000
    Episode_Termination/anchor_pos: 1252.5834
    Episode_Termination/anchor_ori: 0.0000
--------------------------------------------------------------------------------
                   Total timesteps: 117600000
                    Iteration time: 12.42s
                      Time elapsed: 00:09:42
                               ETA: 08:53:06

################################################################################
                     [1m Learning iteration 49/10000 [0m                      

                       Computation: 196661 steps/s (collection: 8.822s, learning 3.382s)
             Mean action noise std: 0.63
          Mean value_function loss: 0.0742
               Mean surrogate loss: 0.0004
                 Mean entropy loss: 27.0374
               Mean approx_kl loss: 0.0155
           Mean clip_fraction loss: 0.2160
              Mean ratio_mean loss: 0.9998
          Mean advantage_mean loss: 0.0000
           Mean advantage_std loss: 1.0000
      Mean explained_variance loss: 0.9427
                       Mean reward: 2.55
               Mean episode length: 38.58
Episode_Reward/motion_global_anchor_pos: 0.0243
Episode_Reward/motion_global_anchor_ori: 0.0291
    Episode_Reward/motion_body_pos: 0.0454
    Episode_Reward/motion_body_ori: 0.0098
Episode_Reward/motion_body_lin_vel: 0.0404
Episode_Reward/motion_body_ang_vel: 0.0204
Episode_Reward/motion_anchor_lin_vel: 0.0403
           Episode_Reward/base_pos: 0.2041
         Episode_Reward/racket_pos: 0.0000
         Episode_Reward/racket_vel: 0.0023
         Episode_Reward/racket_ori: 0.0555
Episode_Reward/torso_forward_lean_l2: -0.0089
 Episode_Reward/base_ang_vel_xy_l2: -0.0780
 Episode_Reward/undesired_contacts: -0.0053
Episode_Reward/hitter_foot_slip_l2: -0.0543
Episode_Reward/hitter_hit_unstable_support: -0.0107
Episode_Reward/hitter_foot_edge_drag: -0.0084
    Episode_Reward/hip_yaw_default: 0.1457
     Episode_Reward/action_rate_l2: -0.1672
        Episode_Reward/joint_limit: -0.0108
          Episode_Reward/joint_acc: -0.0079
       Episode_Reward/joint_torque: -0.0016
   Metrics/motion/error_anchor_pos: 0.6337
   Metrics/motion/error_anchor_rot: 0.3691
Metrics/motion/error_anchor_lin_vel: 2.3169
Metrics/motion/error_anchor_ang_vel: 1.9674
     Metrics/motion/error_body_pos: 0.4461
     Metrics/motion/error_body_rot: 0.8881
 Metrics/motion/error_body_lin_vel: 2.3846
 Metrics/motion/error_body_ang_vel: 4.0104
    Metrics/motion/error_joint_pos: 2.3218
    Metrics/motion/error_joint_vel: 14.6915
   Metrics/motion/sampling_entropy: 0.0000
 Metrics/motion/sampling_top1_prob: 0.0000
  Metrics/motion/sampling_top1_bin: 0.0000
Metrics/motion/motion_sampling_prob_mean: 0.1429
Metrics/motion/motion_sampling_prob_std: 0.0000
Metrics/motion/motion_sampling_prob_min: 0.1429
Metrics/motion/motion_sampling_prob_max: 0.1429
Metrics/motion/motion_sampling_prob_entropy: 1.0000
Metrics/motion/hitter_strike_racket_pos_error: 0.2321
Metrics/motion/hitter_strike_racket_vel_error: 1.3349
Metrics/motion/hitter_strike_racket_ori_error: 0.0325
      Episode_Termination/time_out: 0.0000
    Episode_Termination/anchor_pos: 1239.1667
    Episode_Termination/anchor_ori: 0.0000
--------------------------------------------------------------------------------
                   Total timesteps: 120000000
                    Iteration time: 12.20s
                      Time elapsed: 00:09:55
                               ETA: 08:53:55

################################################################################
                     [1m Learning iteration 50/10000 [0m                      

                       Computation: 200289 steps/s (collection: 8.732s, learning 3.251s)
             Mean action noise std: 0.62
          Mean value_function loss: 0.0648
               Mean surrogate loss: -0.0063
                 Mean entropy loss: 26.7418
               Mean approx_kl loss: 0.0094
           Mean clip_fraction loss: 0.1318
              Mean ratio_mean loss: 0.9997
          Mean advantage_mean loss: -0.0000
           Mean advantage_std loss: 1.0000
      Mean explained_variance loss: 0.9525
                       Mean reward: 2.91
               Mean episode length: 41.69
Episode_Reward/motion_global_anchor_pos: 0.0245
Episode_Reward/motion_global_anchor_ori: 0.0295
    Episode_Reward/motion_body_pos: 0.0459
    Episode_Reward/motion_body_ori: 0.0099
Episode_Reward/motion_body_lin_vel: 0.0412
Episode_Reward/motion_body_ang_vel: 0.0211
Episode_Reward/motion_anchor_lin_vel: 0.0410
           Episode_Reward/base_pos: 0.2056
         Episode_Reward/racket_pos: 0.0000
         Episode_Reward/racket_vel: 0.0024
         Episode_Reward/racket_ori: 0.0574
Episode_Reward/torso_forward_lean_l2: -0.0089
 Episode_Reward/base_ang_vel_xy_l2: -0.0772
 Episode_Reward/undesired_contacts: -0.0054
Episode_Reward/hitter_foot_slip_l2: -0.0543
Episode_Reward/hitter_hit_unstable_support: -0.0102
Episode_Reward/hitter_foot_edge_drag: -0.0083
    Episode_Reward/hip_yaw_default: 0.1473
     Episode_Reward/action_rate_l2: -0.1652
        Episode_Reward/joint_limit: -0.0106
          Episode_Reward/joint_acc: -0.0078
       Episode_Reward/joint_torque: -0.0016
   Metrics/motion/error_anchor_pos: 0.6353
   Metrics/motion/error_anchor_rot: 0.3666
Metrics/motion/error_anchor_lin_vel: 2.3211
Metrics/motion/error_anchor_ang_vel: 1.9363
     Metrics/motion/error_body_pos: 0.4452
     Metrics/motion/error_body_rot: 0.8865
 Metrics/motion/error_body_lin_vel: 2.3875
 Metrics/motion/error_body_ang_vel: 3.9723
    Metrics/motion/error_joint_pos: 2.3199
    Metrics/motion/error_joint_vel: 14.6276
   Metrics/motion/sampling_entropy: 0.0000
 Metrics/motion/sampling_top1_prob: 0.0000
  Metrics/motion/sampling_top1_bin: 0.0000
Metrics/motion/motion_sampling_prob_mean: 0.1429
Metrics/motion/motion_sampling_prob_std: 0.0000
Metrics/motion/motion_sampling_prob_min: 0.1429
Metrics/motion/motion_sampling_prob_max: 0.1429
Metrics/motion/motion_sampling_prob_entropy: 1.0000
Metrics/motion/hitter_strike_racket_pos_error: 0.2379
Metrics/motion/hitter_strike_racket_vel_error: 1.3600
Metrics/motion/hitter_strike_racket_ori_error: 0.0311
      Episode_Termination/time_out: 0.0000
    Episode_Termination/anchor_pos: 1213.0000
    Episode_Termination/anchor_ori: 0.0000
--------------------------------------------------------------------------------
                   Total timesteps: 122400000
                    Iteration time: 11.98s
                      Time elapsed: 00:10:07
                               ETA: 08:53:59

################################################################################
                     [1m Learning iteration 51/10000 [0m                      

                       Computation: 202920 steps/s (collection: 8.840s, learning 2.987s)
             Mean action noise std: 0.62
          Mean value_function loss: 0.0694
               Mean surrogate loss: -0.0055
                 Mean entropy loss: 26.4162
               Mean approx_kl loss: 0.0090
           Mean clip_fraction loss: 0.1270
              Mean ratio_mean loss: 1.0002
          Mean advantage_mean loss: 0.0000
           Mean advantage_std loss: 1.0000
      Mean explained_variance loss: 0.9540
                       Mean reward: 3.11
               Mean episode length: 43.10
Episode_Reward/motion_global_anchor_pos: 0.0249
Episode_Reward/motion_global_anchor_ori: 0.0300
    Episode_Reward/motion_body_pos: 0.0465
    Episode_Reward/motion_body_ori: 0.0099
Episode_Reward/motion_body_lin_vel: 0.0425
Episode_Reward/motion_body_ang_vel: 0.0219
Episode_Reward/motion_anchor_lin_vel: 0.0421
           Episode_Reward/base_pos: 0.2079
         Episode_Reward/racket_pos: 0.0000
         Episode_Reward/racket_vel: 0.0026
         Episode_Reward/racket_ori: 0.0608
Episode_Reward/torso_forward_lean_l2: -0.0091
 Episode_Reward/base_ang_vel_xy_l2: -0.0768
 Episode_Reward/undesired_contacts: -0.0055
Episode_Reward/hitter_foot_slip_l2: -0.0550
Episode_Reward/hitter_hit_unstable_support: -0.0099
Episode_Reward/hitter_foot_edge_drag: -0.0083
    Episode_Reward/hip_yaw_default: 0.1498
     Episode_Reward/action_rate_l2: -0.1645
        Episode_Reward/joint_limit: -0.0104
          Episode_Reward/joint_acc: -0.0077
       Episode_Reward/joint_torque: -0.0016
   Metrics/motion/error_anchor_pos: 0.6373
   Metrics/motion/error_anchor_rot: 0.3667
Metrics/motion/error_anchor_lin_vel: 2.3214
Metrics/motion/error_anchor_ang_vel: 1.9020
     Metrics/motion/error_body_pos: 0.4458
     Metrics/motion/error_body_rot: 0.8862
 Metrics/motion/error_body_lin_vel: 2.3874
 Metrics/motion/error_body_ang_vel: 3.9295
    Metrics/motion/error_joint_pos: 2.3211
    Metrics/motion/error_joint_vel: 14.5293
   Metrics/motion/sampling_entropy: 0.0000
 Metrics/motion/sampling_top1_prob: 0.0000
  Metrics/motion/sampling_top1_bin: 0.0000
Metrics/motion/motion_sampling_prob_mean: 0.1429
Metrics/motion/motion_sampling_prob_std: 0.0000
Metrics/motion/motion_sampling_prob_min: 0.1429
Metrics/motion/motion_sampling_prob_max: 0.1429
Metrics/motion/motion_sampling_prob_entropy: 1.0000
Metrics/motion/hitter_strike_racket_pos_error: 0.2500
Metrics/motion/hitter_strike_racket_vel_error: 1.4251
Metrics/motion/hitter_strike_racket_ori_error: 0.0310
      Episode_Termination/time_out: 0.0000
    Episode_Termination/anchor_pos: 1213.6667
    Episode_Termination/anchor_ori: 0.0000
--------------------------------------------------------------------------------
                   Total timesteps: 124800000
                    Iteration time: 11.83s
                      Time elapsed: 00:10:18
                               ETA: 08:53:32

################################################################################
                     [1m Learning iteration 52/10000 [0m                      

                       Computation: 203972 steps/s (collection: 9.445s, learning 2.322s)
             Mean action noise std: 0.61
          Mean value_function loss: 0.0717
               Mean surrogate loss: -0.0054
                 Mean entropy loss: 26.0690
               Mean approx_kl loss: 0.0101
           Mean clip_fraction loss: 0.1387
              Mean ratio_mean loss: 0.9999
          Mean advantage_mean loss: -0.0000
           Mean advantage_std loss: 1.0000
      Mean explained_variance loss: 0.9559
                       Mean reward: 3.27
               Mean episode length: 42.99
Episode_Reward/motion_global_anchor_pos: 0.0250
Episode_Reward/motion_global_anchor_ori: 0.0303
    Episode_Reward/motion_body_pos: 0.0467
    Episode_Reward/motion_body_ori: 0.0100
Episode_Reward/motion_body_lin_vel: 0.0429
Episode_Reward/motion_body_ang_vel: 0.0224
Episode_Reward/motion_anchor_lin_vel: 0.0423
           Episode_Reward/base_pos: 0.2080
         Episode_Reward/racket_pos: 0.0000
         Episode_Reward/racket_vel: 0.0027
         Episode_Reward/racket_ori: 0.0618
Episode_Reward/torso_forward_lean_l2: -0.0091
 Episode_Reward/base_ang_vel_xy_l2: -0.0749
 Episode_Reward/undesired_contacts: -0.0055
Episode_Reward/hitter_foot_slip_l2: -0.0546
Episode_Reward/hitter_hit_unstable_support: -0.0094
Episode_Reward/hitter_foot_edge_drag: -0.0082
    Episode_Reward/hip_yaw_default: 0.1506
     Episode_Reward/action_rate_l2: -0.1613
        Episode_Reward/joint_limit: -0.0103
          Episode_Reward/joint_acc: -0.0076
       Episode_Reward/joint_torque: -0.0016
   Metrics/motion/error_anchor_pos: 0.6385
   Metrics/motion/error_anchor_rot: 0.3599
Metrics/motion/error_anchor_lin_vel: 2.3251
Metrics/motion/error_anchor_ang_vel: 1.8803
     Metrics/motion/error_body_pos: 0.4460
     Metrics/motion/error_body_rot: 0.8870
 Metrics/motion/error_body_lin_vel: 2.3883
 Metrics/motion/error_body_ang_vel: 3.8987
    Metrics/motion/error_joint_pos: 2.3282
    Metrics/motion/error_joint_vel: 14.4740
   Metrics/motion/sampling_entropy: 0.0000
 Metrics/motion/sampling_top1_prob: 0.0000
  Metrics/motion/sampling_top1_bin: 0.0000
Metrics/motion/motion_sampling_prob_mean: 0.1429
Metrics/motion/motion_sampling_prob_std: 0.0000
Metrics/motion/motion_sampling_prob_min: 0.1429
Metrics/motion/motion_sampling_prob_max: 0.1429
Metrics/motion/motion_sampling_prob_entropy: 1.0000
Metrics/motion/hitter_strike_racket_pos_error: 0.2529
Metrics/motion/hitter_strike_racket_vel_error: 1.4449
Metrics/motion/hitter_strike_racket_ori_error: 0.0307
      Episode_Termination/time_out: 0.0000
    Episode_Termination/anchor_pos: 1204.2917
    Episode_Termination/anchor_ori: 0.0000
--------------------------------------------------------------------------------
                   Total timesteps: 127200000
                    Iteration time: 11.77s
                      Time elapsed: 00:10:30
                               ETA: 08:52:55

################################################################################
                     [1m Learning iteration 53/10000 [0m                      

                       Computation: 213076 steps/s (collection: 9.885s, learning 1.379s)
             Mean action noise std: 0.61
          Mean value_function loss: 0.0707
               Mean surrogate loss: -0.0065
                 Mean entropy loss: 25.7249
               Mean approx_kl loss: 0.0097
           Mean clip_fraction loss: 0.1426
              Mean ratio_mean loss: 1.0000
          Mean advantage_mean loss: -0.0000
           Mean advantage_std loss: 1.0000
      Mean explained_variance loss: 0.9584
                       Mean reward: 2.97
               Mean episode length: 41.25
Episode_Reward/motion_global_anchor_pos: 0.0253
Episode_Reward/motion_global_anchor_ori: 0.0309
    Episode_Reward/motion_body_pos: 0.0474
    Episode_Reward/motion_body_ori: 0.0100
Episode_Reward/motion_body_lin_vel: 0.0441
Episode_Reward/motion_body_ang_vel: 0.0232
Episode_Reward/motion_anchor_lin_vel: 0.0433
           Episode_Reward/base_pos: 0.2101
         Episode_Reward/racket_pos: 0.0000
         Episode_Reward/racket_vel: 0.0029
         Episode_Reward/racket_ori: 0.0661
Episode_Reward/torso_forward_lean_l2: -0.0091
 Episode_Reward/base_ang_vel_xy_l2: -0.0739
 Episode_Reward/undesired_contacts: -0.0056
Episode_Reward/hitter_foot_slip_l2: -0.0551
Episode_Reward/hitter_hit_unstable_support: -0.0093
Episode_Reward/hitter_foot_edge_drag: -0.0081
    Episode_Reward/hip_yaw_default: 0.1529
     Episode_Reward/action_rate_l2: -0.1598
        Episode_Reward/joint_limit: -0.0100
          Episode_Reward/joint_acc: -0.0074
       Episode_Reward/joint_torque: -0.0016
   Metrics/motion/error_anchor_pos: 0.6410
   Metrics/motion/error_anchor_rot: 0.3548
Metrics/motion/error_anchor_lin_vel: 2.3255
Metrics/motion/error_anchor_ang_vel: 1.8425
     Metrics/motion/error_body_pos: 0.4458
     Metrics/motion/error_body_rot: 0.8876
 Metrics/motion/error_body_lin_vel: 2.3916
 Metrics/motion/error_body_ang_vel: 3.8676
    Metrics/motion/error_joint_pos: 2.3341
    Metrics/motion/error_joint_vel: 14.4141
   Metrics/motion/sampling_entropy: 0.0000
 Metrics/motion/sampling_top1_prob: 0.0000
  Metrics/motion/sampling_top1_bin: 0.0000
Metrics/motion/motion_sampling_prob_mean: 0.1429
Metrics/motion/motion_sampling_prob_std: 0.0000
Metrics/motion/motion_sampling_prob_min: 0.1429
Metrics/motion/motion_sampling_prob_max: 0.1429
Metrics/motion/motion_sampling_prob_entropy: 1.0000
Metrics/motion/hitter_strike_racket_pos_error: 0.2670
Metrics/motion/hitter_strike_racket_vel_error: 1.5179
Metrics/motion/hitter_strike_racket_ori_error: 0.0294
      Episode_Termination/time_out: 0.0000
    Episode_Termination/anchor_pos: 1189.8750
    Episode_Termination/anchor_ori: 0.0000
--------------------------------------------------------------------------------
                   Total timesteps: 129600000
                    Iteration time: 11.26s
                      Time elapsed: 00:10:41
                               ETA: 08:50:46

################################################################################
                     [1m Learning iteration 54/10000 [0m                      

                       Computation: 215408 steps/s (collection: 10.302s, learning 0.840s)
             Mean action noise std: 0.60
          Mean value_function loss: 0.0949
               Mean surrogate loss: -0.0032
                 Mean entropy loss: 25.4875
               Mean approx_kl loss: 0.0113
           Mean clip_fraction loss: 0.1673
              Mean ratio_mean loss: 1.0000
          Mean advantage_mean loss: -0.0000
           Mean advantage_std loss: 1.0000
      Mean explained_variance loss: 0.9494
                       Mean reward: 3.57
               Mean episode length: 43.89
Episode_Reward/motion_global_anchor_pos: 0.0256
Episode_Reward/motion_global_anchor_ori: 0.0312
    Episode_Reward/motion_body_pos: 0.0479
    Episode_Reward/motion_body_ori: 0.0101
Episode_Reward/motion_body_lin_vel: 0.0450
Episode_Reward/motion_body_ang_vel: 0.0240
Episode_Reward/motion_anchor_lin_vel: 0.0440
           Episode_Reward/base_pos: 0.2118
         Episode_Reward/racket_pos: 0.0000
         Episode_Reward/racket_vel: 0.0031
         Episode_Reward/racket_ori: 0.0684
Episode_Reward/torso_forward_lean_l2: -0.0092
 Episode_Reward/base_ang_vel_xy_l2: -0.0732
 Episode_Reward/undesired_contacts: -0.0057
Episode_Reward/hitter_foot_slip_l2: -0.0558
Episode_Reward/hitter_hit_unstable_support: -0.0092
Episode_Reward/hitter_foot_edge_drag: -0.0081
    Episode_Reward/hip_yaw_default: 0.1548
     Episode_Reward/action_rate_l2: -0.1582
        Episode_Reward/joint_limit: -0.0098
          Episode_Reward/joint_acc: -0.0073
       Episode_Reward/joint_torque: -0.0016
   Metrics/motion/error_anchor_pos: 0.6432
   Metrics/motion/error_anchor_rot: 0.3527
Metrics/motion/error_anchor_lin_vel: 2.3256
Metrics/motion/error_anchor_ang_vel: 1.8109
     Metrics/motion/error_body_pos: 0.4461
     Metrics/motion/error_body_rot: 0.8886
 Metrics/motion/error_body_lin_vel: 2.3908
 Metrics/motion/error_body_ang_vel: 3.8329
    Metrics/motion/error_joint_pos: 2.3369
    Metrics/motion/error_joint_vel: 14.3599
   Metrics/motion/sampling_entropy: 0.0000
 Metrics/motion/sampling_top1_prob: 0.0000
  Metrics/motion/sampling_top1_bin: 0.0000
Metrics/motion/motion_sampling_prob_mean: 0.1429
Metrics/motion/motion_sampling_prob_std: 0.0000
Metrics/motion/motion_sampling_prob_min: 0.1429
Metrics/motion/motion_sampling_prob_max: 0.1429
Metrics/motion/motion_sampling_prob_entropy: 1.0000
Metrics/motion/hitter_strike_racket_pos_error: 0.2755
Metrics/motion/hitter_strike_racket_vel_error: 1.5593
Metrics/motion/hitter_strike_racket_ori_error: 0.0297
      Episode_Termination/time_out: 0.0000
    Episode_Termination/anchor_pos: 1174.2500
    Episode_Termination/anchor_ori: 0.0000
--------------------------------------------------------------------------------
                   Total timesteps: 132000000
                    Iteration time: 11.14s
                      Time elapsed: 00:10:53
                               ETA: 08:48:19

################################################################################
                     [1m Learning iteration 55/10000 [0m                      

                       Computation: 208764 steps/s (collection: 10.205s, learning 1.292s)
             Mean action noise std: 0.59
          Mean value_function loss: 0.0751
               Mean surrogate loss: -0.0019
                 Mean entropy loss: 25.1872
               Mean approx_kl loss: 0.0128
           Mean clip_fraction loss: 0.1823
              Mean ratio_mean loss: 0.9999
          Mean advantage_mean loss: -0.0000
           Mean advantage_std loss: 1.0000
      Mean explained_variance loss: 0.9603
                       Mean reward: 3.47
               Mean episode length: 41.96
Episode_Reward/motion_global_anchor_pos: 0.0260
Episode_Reward/motion_global_anchor_ori: 0.0318
    Episode_Reward/motion_body_pos: 0.0486
    Episode_Reward/motion_body_ori: 0.0102
Episode_Reward/motion_body_lin_vel: 0.0464
Episode_Reward/motion_body_ang_vel: 0.0248
Episode_Reward/motion_anchor_lin_vel: 0.0451
           Episode_Reward/base_pos: 0.2148
         Episode_Reward/racket_pos: 0.0000
         Episode_Reward/racket_vel: 0.0034
         Episode_Reward/racket_ori: 0.0720
Episode_Reward/torso_forward_lean_l2: -0.0093
 Episode_Reward/base_ang_vel_xy_l2: -0.0727
 Episode_Reward/undesired_contacts: -0.0058
Episode_Reward/hitter_foot_slip_l2: -0.0565
Episode_Reward/hitter_hit_unstable_support: -0.0089
Episode_Reward/hitter_foot_edge_drag: -0.0080
    Episode_Reward/hip_yaw_default: 0.1574
     Episode_Reward/action_rate_l2: -0.1576
        Episode_Reward/joint_limit: -0.0095
          Episode_Reward/joint_acc: -0.0073
       Episode_Reward/joint_torque: -0.0016
   Metrics/motion/error_anchor_pos: 0.6453
   Metrics/motion/error_anchor_rot: 0.3490
Metrics/motion/error_anchor_lin_vel: 2.3278
Metrics/motion/error_anchor_ang_vel: 1.7924
     Metrics/motion/error_body_pos: 0.4456
     Metrics/motion/error_body_rot: 0.8852
 Metrics/motion/error_body_lin_vel: 2.3942
 Metrics/motion/error_body_ang_vel: 3.8184
    Metrics/motion/error_joint_pos: 2.3375
    Metrics/motion/error_joint_vel: 14.3254
   Metrics/motion/sampling_entropy: 0.0000
 Metrics/motion/sampling_top1_prob: 0.0000
  Metrics/motion/sampling_top1_bin: 0.0000
Metrics/motion/motion_sampling_prob_mean: 0.1429
Metrics/motion/motion_sampling_prob_std: 0.0000
Metrics/motion/motion_sampling_prob_min: 0.1429
Metrics/motion/motion_sampling_prob_max: 0.1429
Metrics/motion/motion_sampling_prob_entropy: 1.0000
Metrics/motion/hitter_strike_racket_pos_error: 0.2857
Metrics/motion/hitter_strike_racket_vel_error: 1.6163
Metrics/motion/hitter_strike_racket_ori_error: 0.0286
      Episode_Termination/time_out: 0.0000
    Episode_Termination/anchor_pos: 1150.7500
    Episode_Termination/anchor_ori: 0.0000
--------------------------------------------------------------------------------
                   Total timesteps: 134400000
                    Iteration time: 11.50s
                      Time elapsed: 00:11:04
                               ETA: 08:47:00

swanlab: [2026.06.09 14:21:11] network error, swanlab will resume uploads when 
the network improves
################################################################################
                     [1m Learning iteration 56/10000 [0m                      

                       Computation: 205569 steps/s (collection: 10.000s, learning 1.675s)
             Mean action noise std: 0.59
          Mean value_function loss: 0.0731
               Mean surrogate loss: -0.0043
                 Mean entropy loss: 24.9099
               Mean approx_kl loss: 0.0111
           Mean clip_fraction loss: 0.1576
              Mean ratio_mean loss: 0.9997
          Mean advantage_mean loss: -0.0000
           Mean advantage_std loss: 1.0000
      Mean explained_variance loss: 0.9631
                       Mean reward: 3.34
               Mean episode length: 41.60
Episode_Reward/motion_global_anchor_pos: 0.0264
Episode_Reward/motion_global_anchor_ori: 0.0324
    Episode_Reward/motion_body_pos: 0.0494
    Episode_Reward/motion_body_ori: 0.0103
Episode_Reward/motion_body_lin_vel: 0.0477
Episode_Reward/motion_body_ang_vel: 0.0256
Episode_Reward/motion_anchor_lin_vel: 0.0461
           Episode_Reward/base_pos: 0.2165
         Episode_Reward/racket_pos: 0.0000
         Episode_Reward/racket_vel: 0.0036
         Episode_Reward/racket_ori: 0.0759
Episode_Reward/torso_forward_lean_l2: -0.0092
 Episode_Reward/base_ang_vel_xy_l2: -0.0727
 Episode_Reward/undesired_contacts: -0.0059
Episode_Reward/hitter_foot_slip_l2: -0.0573
Episode_Reward/hitter_hit_unstable_support: -0.0088
Episode_Reward/hitter_foot_edge_drag: -0.0080
    Episode_Reward/hip_yaw_default: 0.1599
     Episode_Reward/action_rate_l2: -0.1569
        Episode_Reward/joint_limit: -0.0094
          Episode_Reward/joint_acc: -0.0072
       Episode_Reward/joint_torque: -0.0016
   Metrics/motion/error_anchor_pos: 0.6486
   Metrics/motion/error_anchor_rot: 0.3476
Metrics/motion/error_anchor_lin_vel: 2.3199
Metrics/motion/error_anchor_ang_vel: 1.7765
     Metrics/motion/error_body_pos: 0.4454
     Metrics/motion/error_body_rot: 0.8848
 Metrics/motion/error_body_lin_vel: 2.3937
 Metrics/motion/error_body_ang_vel: 3.8096
    Metrics/motion/error_joint_pos: 2.3395
    Metrics/motion/error_joint_vel: 14.2042
   Metrics/motion/sampling_entropy: 0.0000
 Metrics/motion/sampling_top1_prob: 0.0000
  Metrics/motion/sampling_top1_bin: 0.0000
Metrics/motion/motion_sampling_prob_mean: 0.1429
Metrics/motion/motion_sampling_prob_std: 0.0000
Metrics/motion/motion_sampling_prob_min: 0.1429
Metrics/motion/motion_sampling_prob_max: 0.1429
Metrics/motion/motion_sampling_prob_entropy: 1.0000
Metrics/motion/hitter_strike_racket_pos_error: 0.2995
Metrics/motion/hitter_strike_racket_vel_error: 1.6893
Metrics/motion/hitter_strike_racket_ori_error: 0.0297
      Episode_Termination/time_out: 0.0000
    Episode_Termination/anchor_pos: 1147.0834
    Episode_Termination/anchor_ori: 0.0000
--------------------------------------------------------------------------------
                   Total timesteps: 136800000
                    Iteration time: 11.67s
                      Time elapsed: 00:11:16
                               ETA: 08:46:15

################################################################################
                     [1m Learning iteration 57/10000 [0m                      

                       Computation: 203662 steps/s (collection: 9.694s, learning 2.090s)
             Mean action noise std: 0.58
          Mean value_function loss: 0.0763
               Mean surrogate loss: -0.0048
                 Mean entropy loss: 24.6527
               Mean approx_kl loss: 0.0103
           Mean clip_fraction loss: 0.1495
              Mean ratio_mean loss: 1.0000
          Mean advantage_mean loss: -0.0000
           Mean advantage_std loss: 1.0000
      Mean explained_variance loss: 0.9650
                       Mean reward: 3.79
               Mean episode length: 45.40
Episode_Reward/motion_global_anchor_pos: 0.0266
Episode_Reward/motion_global_anchor_ori: 0.0328
    Episode_Reward/motion_body_pos: 0.0499
    Episode_Reward/motion_body_ori: 0.0103
Episode_Reward/motion_body_lin_vel: 0.0486
Episode_Reward/motion_body_ang_vel: 0.0263
Episode_Reward/motion_anchor_lin_vel: 0.0468
           Episode_Reward/base_pos: 0.2168
         Episode_Reward/racket_pos: 0.0001
         Episode_Reward/racket_vel: 0.0039
         Episode_Reward/racket_ori: 0.0774
Episode_Reward/torso_forward_lean_l2: -0.0092
 Episode_Reward/base_ang_vel_xy_l2: -0.0715
 Episode_Reward/undesired_contacts: -0.0060
Episode_Reward/hitter_foot_slip_l2: -0.0577
Episode_Reward/hitter_hit_unstable_support: -0.0084
Episode_Reward/hitter_foot_edge_drag: -0.0079
    Episode_Reward/hip_yaw_default: 0.1616
     Episode_Reward/action_rate_l2: -0.1553
        Episode_Reward/joint_limit: -0.0092
          Episode_Reward/joint_acc: -0.0071
       Episode_Reward/joint_torque: -0.0016
   Metrics/motion/error_anchor_pos: 0.6510
   Metrics/motion/error_anchor_rot: 0.3425
Metrics/motion/error_anchor_lin_vel: 2.3248
Metrics/motion/error_anchor_ang_vel: 1.7505
     Metrics/motion/error_body_pos: 0.4449
     Metrics/motion/error_body_rot: 0.8834
 Metrics/motion/error_body_lin_vel: 2.3973
 Metrics/motion/error_body_ang_vel: 3.7666
    Metrics/motion/error_joint_pos: 2.3389
    Metrics/motion/error_joint_vel: 14.1650
   Metrics/motion/sampling_entropy: 0.0000
 Metrics/motion/sampling_top1_prob: 0.0000
  Metrics/motion/sampling_top1_bin: 0.0000
Metrics/motion/motion_sampling_prob_mean: 0.1429
Metrics/motion/motion_sampling_prob_std: 0.0000
Metrics/motion/motion_sampling_prob_min: 0.1429
Metrics/motion/motion_sampling_prob_max: 0.1429
Metrics/motion/motion_sampling_prob_entropy: 1.0000
Metrics/motion/hitter_strike_racket_pos_error: 0.3025
Metrics/motion/hitter_strike_racket_vel_error: 1.6992
Metrics/motion/hitter_strike_racket_ori_error: 0.0289
      Episode_Termination/time_out: 0.0000
    Episode_Termination/anchor_pos: 1136.7084
    Episode_Termination/anchor_ori: 0.0000
--------------------------------------------------------------------------------
                   Total timesteps: 139200000
                    Iteration time: 11.78s
                      Time elapsed: 00:11:28
                               ETA: 08:45:49

################################################################################
                     [1m Learning iteration 58/10000 [0m                      

                       Computation: 207148 steps/s (collection: 9.621s, learning 1.965s)
             Mean action noise std: 0.58
          Mean value_function loss: 0.0853
               Mean surrogate loss: -0.0030
                 Mean entropy loss: 24.3916
               Mean approx_kl loss: 0.0112
           Mean clip_fraction loss: 0.1599
              Mean ratio_mean loss: 1.0000
          Mean advantage_mean loss: 0.0000
           Mean advantage_std loss: 1.0000
      Mean explained_variance loss: 0.9634
                       Mean reward: 3.60
               Mean episode length: 42.40
Episode_Reward/motion_global_anchor_pos: 0.0269
Episode_Reward/motion_global_anchor_ori: 0.0333
    Episode_Reward/motion_body_pos: 0.0503
    Episode_Reward/motion_body_ori: 0.0103
Episode_Reward/motion_body_lin_vel: 0.0496
Episode_Reward/motion_body_ang_vel: 0.0270
Episode_Reward/motion_anchor_lin_vel: 0.0476
           Episode_Reward/base_pos: 0.2170
         Episode_Reward/racket_pos: 0.0000
         Episode_Reward/racket_vel: 0.0041
         Episode_Reward/racket_ori: 0.0796
Episode_Reward/torso_forward_lean_l2: -0.0094
 Episode_Reward/base_ang_vel_xy_l2: -0.0707
 Episode_Reward/undesired_contacts: -0.0060
Episode_Reward/hitter_foot_slip_l2: -0.0584
Episode_Reward/hitter_hit_unstable_support: -0.0081
Episode_Reward/hitter_foot_edge_drag: -0.0078
    Episode_Reward/hip_yaw_default: 0.1635
     Episode_Reward/action_rate_l2: -0.1540
        Episode_Reward/joint_limit: -0.0090
          Episode_Reward/joint_acc: -0.0070
       Episode_Reward/joint_torque: -0.0016
   Metrics/motion/error_anchor_pos: 0.6528
   Metrics/motion/error_anchor_rot: 0.3371
Metrics/motion/error_anchor_lin_vel: 2.3211
Metrics/motion/error_anchor_ang_vel: 1.7298
     Metrics/motion/error_body_pos: 0.4450
     Metrics/motion/error_body_rot: 0.8828
 Metrics/motion/error_body_lin_vel: 2.3951
 Metrics/motion/error_body_ang_vel: 3.7495
    Metrics/motion/error_joint_pos: 2.3426
    Metrics/motion/error_joint_vel: 14.1199
   Metrics/motion/sampling_entropy: 0.0000
 Metrics/motion/sampling_top1_prob: 0.0000
  Metrics/motion/sampling_top1_bin: 0.0000
Metrics/motion/motion_sampling_prob_mean: 0.1429
Metrics/motion/motion_sampling_prob_std: 0.0000
Metrics/motion/motion_sampling_prob_min: 0.1429
Metrics/motion/motion_sampling_prob_max: 0.1429
Metrics/motion/motion_sampling_prob_entropy: 1.0000
Metrics/motion/hitter_strike_racket_pos_error: 0.3092
Metrics/motion/hitter_strike_racket_vel_error: 1.7362
Metrics/motion/hitter_strike_racket_ori_error: 0.0279
      Episode_Termination/time_out: 0.0000
    Episode_Termination/anchor_pos: 1115.8334
    Episode_Termination/anchor_ori: 0.0000
--------------------------------------------------------------------------------
                   Total timesteps: 141600000
                    Iteration time: 11.59s
                      Time elapsed: 00:11:39
                               ETA: 08:44:51

################################################################################
                     [1m Learning iteration 59/10000 [0m                      

                       Computation: 217986 steps/s (collection: 9.604s, learning 1.406s)
             Mean action noise std: 0.57
          Mean value_function loss: 0.0830
               Mean surrogate loss: -0.0049
                 Mean entropy loss: 24.0874
               Mean approx_kl loss: 0.0103
           Mean clip_fraction loss: 0.1489
              Mean ratio_mean loss: 0.9999
          Mean advantage_mean loss: 0.0000
           Mean advantage_std loss: 1.0000
      Mean explained_variance loss: 0.9654
                       Mean reward: 4.10
               Mean episode length: 45.37
Episode_Reward/motion_global_anchor_pos: 0.0272
Episode_Reward/motion_global_anchor_ori: 0.0338
    Episode_Reward/motion_body_pos: 0.0511
    Episode_Reward/motion_body_ori: 0.0104
Episode_Reward/motion_body_lin_vel: 0.0508
Episode_Reward/motion_body_ang_vel: 0.0278
Episode_Reward/motion_anchor_lin_vel: 0.0485
           Episode_Reward/base_pos: 0.2192
         Episode_Reward/racket_pos: 0.0001
         Episode_Reward/racket_vel: 0.0044
         Episode_Reward/racket_ori: 0.0835
Episode_Reward/torso_forward_lean_l2: -0.0094
 Episode_Reward/base_ang_vel_xy_l2: -0.0704
 Episode_Reward/undesired_contacts: -0.0061
Episode_Reward/hitter_foot_slip_l2: -0.0590
Episode_Reward/hitter_hit_unstable_support: -0.0080
Episode_Reward/hitter_foot_edge_drag: -0.0078
    Episode_Reward/hip_yaw_default: 0.1658
     Episode_Reward/action_rate_l2: -0.1532
        Episode_Reward/joint_limit: -0.0090
          Episode_Reward/joint_acc: -0.0069
       Episode_Reward/joint_torque: -0.0017
   Metrics/motion/error_anchor_pos: 0.6562
   Metrics/motion/error_anchor_rot: 0.3376
Metrics/motion/error_anchor_lin_vel: 2.3177
Metrics/motion/error_anchor_ang_vel: 1.7055
     Metrics/motion/error_body_pos: 0.4443
     Metrics/motion/error_body_rot: 0.8813
 Metrics/motion/error_body_lin_vel: 2.3995
 Metrics/motion/error_body_ang_vel: 3.7320
    Metrics/motion/error_joint_pos: 2.3396
    Metrics/motion/error_joint_vel: 14.0516
   Metrics/motion/sampling_entropy: 0.0000
 Metrics/motion/sampling_top1_prob: 0.0000
  Metrics/motion/sampling_top1_bin: 0.0000
Metrics/motion/motion_sampling_prob_mean: 0.1429
Metrics/motion/motion_sampling_prob_std: 0.0000
Metrics/motion/motion_sampling_prob_min: 0.1429
Metrics/motion/motion_sampling_prob_max: 0.1429
Metrics/motion/motion_sampling_prob_entropy: 1.0000
Metrics/motion/hitter_strike_racket_pos_error: 0.3216
Metrics/motion/hitter_strike_racket_vel_error: 1.8082
Metrics/motion/hitter_strike_racket_ori_error: 0.0282
      Episode_Termination/time_out: 0.0000
    Episode_Termination/anchor_pos: 1098.1667
    Episode_Termination/anchor_ori: 0.0000
--------------------------------------------------------------------------------
                   Total timesteps: 144000000
                    Iteration time: 11.01s
                      Time elapsed: 00:11:50
                               ETA: 08:42:18

################################################################################
                     [1m Learning iteration 60/10000 [0m                      

                       Computation: 214077 steps/s (collection: 9.581s, learning 1.630s)
             Mean action noise std: 0.57
          Mean value_function loss: 0.0819
               Mean surrogate loss: -0.0025
                 Mean entropy loss: 23.8514
               Mean approx_kl loss: 0.0125
           Mean clip_fraction loss: 0.1877
              Mean ratio_mean loss: 1.0000
          Mean advantage_mean loss: -0.0000
           Mean advantage_std loss: 1.0000
      Mean explained_variance loss: 0.9677
                       Mean reward: 4.28
               Mean episode length: 46.47
Episode_Reward/motion_global_anchor_pos: 0.0277
Episode_Reward/motion_global_anchor_ori: 0.0344
    Episode_Reward/motion_body_pos: 0.0520
    Episode_Reward/motion_body_ori: 0.0104
Episode_Reward/motion_body_lin_vel: 0.0525
Episode_Reward/motion_body_ang_vel: 0.0288
Episode_Reward/motion_anchor_lin_vel: 0.0499
           Episode_Reward/base_pos: 0.2216
         Episode_Reward/racket_pos: 0.0001
         Episode_Reward/racket_vel: 0.0048
         Episode_Reward/racket_ori: 0.0868
Episode_Reward/torso_forward_lean_l2: -0.0095
 Episode_Reward/base_ang_vel_xy_l2: -0.0704
 Episode_Reward/undesired_contacts: -0.0063
Episode_Reward/hitter_foot_slip_l2: -0.0601
Episode_Reward/hitter_hit_unstable_support: -0.0079
Episode_Reward/hitter_foot_edge_drag: -0.0078
    Episode_Reward/hip_yaw_default: 0.1690
     Episode_Reward/action_rate_l2: -0.1534
        Episode_Reward/joint_limit: -0.0088
          Episode_Reward/joint_acc: -0.0069
       Episode_Reward/joint_torque: -0.0017
   Metrics/motion/error_anchor_pos: 0.6595
   Metrics/motion/error_anchor_rot: 0.3368
Metrics/motion/error_anchor_lin_vel: 2.3148
Metrics/motion/error_anchor_ang_vel: 1.6873
     Metrics/motion/error_body_pos: 0.4446
     Metrics/motion/error_body_rot: 0.8818
 Metrics/motion/error_body_lin_vel: 2.3997
 Metrics/motion/error_body_ang_vel: 3.7061
    Metrics/motion/error_joint_pos: 2.3401
    Metrics/motion/error_joint_vel: 13.9578
   Metrics/motion/sampling_entropy: 0.0000
 Metrics/motion/sampling_top1_prob: 0.0000
  Metrics/motion/sampling_top1_bin: 0.0000
Metrics/motion/motion_sampling_prob_mean: 0.1429
Metrics/motion/motion_sampling_prob_std: 0.0000
Metrics/motion/motion_sampling_prob_min: 0.1429
Metrics/motion/motion_sampling_prob_max: 0.1429
Metrics/motion/motion_sampling_prob_entropy: 1.0000
Metrics/motion/hitter_strike_racket_pos_error: 0.3314
Metrics/motion/hitter_strike_racket_vel_error: 1.8570
Metrics/motion/hitter_strike_racket_ori_error: 0.0284
      Episode_Termination/time_out: 0.0000
    Episode_Termination/anchor_pos: 1087.8750
    Episode_Termination/anchor_ori: 0.0000
--------------------------------------------------------------------------------
                   Total timesteps: 146400000
                    Iteration time: 11.21s
                      Time elapsed: 00:12:01
                               ETA: 08:40:23

################################################################################
                     [1m Learning iteration 61/10000 [0m                      

                       Computation: 212151 steps/s (collection: 9.525s, learning 1.787s)
             Mean action noise std: 0.57
          Mean value_function loss: 0.0858
               Mean surrogate loss: -0.0017
                 Mean entropy loss: 23.6950
               Mean approx_kl loss: 0.0121
           Mean clip_fraction loss: 0.1607
              Mean ratio_mean loss: 0.9999
          Mean advantage_mean loss: -0.0000
           Mean advantage_std loss: 1.0000
      Mean explained_variance loss: 0.9680
                       Mean reward: 4.26
               Mean episode length: 47.26
Episode_Reward/motion_global_anchor_pos: 0.0282
Episode_Reward/motion_global_anchor_ori: 0.0350
    Episode_Reward/motion_body_pos: 0.0529
    Episode_Reward/motion_body_ori: 0.0105
Episode_Reward/motion_body_lin_vel: 0.0542
Episode_Reward/motion_body_ang_vel: 0.0297
Episode_Reward/motion_anchor_lin_vel: 0.0511
           Episode_Reward/base_pos: 0.2229
         Episode_Reward/racket_pos: 0.0001
         Episode_Reward/racket_vel: 0.0051
         Episode_Reward/racket_ori: 0.0901
Episode_Reward/torso_forward_lean_l2: -0.0095
 Episode_Reward/base_ang_vel_xy_l2: -0.0703
 Episode_Reward/undesired_contacts: -0.0064
Episode_Reward/hitter_foot_slip_l2: -0.0609
Episode_Reward/hitter_hit_unstable_support: -0.0077
Episode_Reward/hitter_foot_edge_drag: -0.0078
    Episode_Reward/hip_yaw_default: 0.1718
     Episode_Reward/action_rate_l2: -0.1533
        Episode_Reward/joint_limit: -0.0087
          Episode_Reward/joint_acc: -0.0069
       Episode_Reward/joint_torque: -0.0017
   Metrics/motion/error_anchor_pos: 0.6614
   Metrics/motion/error_anchor_rot: 0.3348
Metrics/motion/error_anchor_lin_vel: 2.3109
Metrics/motion/error_anchor_ang_vel: 1.6735
     Metrics/motion/error_body_pos: 0.4443
     Metrics/motion/error_body_rot: 0.8846
 Metrics/motion/error_body_lin_vel: 2.3964
 Metrics/motion/error_body_ang_vel: 3.6950
    Metrics/motion/error_joint_pos: 2.3459
    Metrics/motion/error_joint_vel: 13.9071
   Metrics/motion/sampling_entropy: 0.0000
 Metrics/motion/sampling_top1_prob: 0.0000
  Metrics/motion/sampling_top1_bin: 0.0000
Metrics/motion/motion_sampling_prob_mean: 0.1429
Metrics/motion/motion_sampling_prob_std: 0.0000
Metrics/motion/motion_sampling_prob_min: 0.1429
Metrics/motion/motion_sampling_prob_max: 0.1429
Metrics/motion/motion_sampling_prob_entropy: 1.0000
Metrics/motion/hitter_strike_racket_pos_error: 0.3430
Metrics/motion/hitter_strike_racket_vel_error: 1.9164
Metrics/motion/hitter_strike_racket_ori_error: 0.0287
      Episode_Termination/time_out: 0.0000
    Episode_Termination/anchor_pos: 1068.4584
    Episode_Termination/anchor_ori: 0.0000
--------------------------------------------------------------------------------
                   Total timesteps: 148800000
                    Iteration time: 11.31s
                      Time elapsed: 00:12:13
                               ETA: 08:38:48

################################################################################
                     [1m Learning iteration 62/10000 [0m                      

                       Computation: 217081 steps/s (collection: 9.473s, learning 1.583s)
             Mean action noise std: 0.56
          Mean value_function loss: 0.0878
               Mean surrogate loss: -0.0053
                 Mean entropy loss: 23.3487
               Mean approx_kl loss: 0.0097
           Mean clip_fraction loss: 0.1399
              Mean ratio_mean loss: 1.0000
          Mean advantage_mean loss: -0.0000
           Mean advantage_std loss: 1.0000
      Mean explained_variance loss: 0.9682
                       Mean reward: 4.40
               Mean episode length: 46.76
Episode_Reward/motion_global_anchor_pos: 0.0285
Episode_Reward/motion_global_anchor_ori: 0.0354
    Episode_Reward/motion_body_pos: 0.0535
    Episode_Reward/motion_body_ori: 0.0106
Episode_Reward/motion_body_lin_vel: 0.0554
Episode_Reward/motion_body_ang_vel: 0.0306
Episode_Reward/motion_anchor_lin_vel: 0.0521
           Episode_Reward/base_pos: 0.2244
         Episode_Reward/racket_pos: 0.0001
         Episode_Reward/racket_vel: 0.0054
         Episode_Reward/racket_ori: 0.0936
Episode_Reward/torso_forward_lean_l2: -0.0095
 Episode_Reward/base_ang_vel_xy_l2: -0.0701
 Episode_Reward/undesired_contacts: -0.0065
Episode_Reward/hitter_foot_slip_l2: -0.0618
Episode_Reward/hitter_hit_unstable_support: -0.0076
Episode_Reward/hitter_foot_edge_drag: -0.0077
    Episode_Reward/hip_yaw_default: 0.1741
     Episode_Reward/action_rate_l2: -0.1528
        Episode_Reward/joint_limit: -0.0086
          Episode_Reward/joint_acc: -0.0068
       Episode_Reward/joint_torque: -0.0017
   Metrics/motion/error_anchor_pos: 0.6640
   Metrics/motion/error_anchor_rot: 0.3385
Metrics/motion/error_anchor_lin_vel: 2.3028
Metrics/motion/error_anchor_ang_vel: 1.6584
     Metrics/motion/error_body_pos: 0.4442
     Metrics/motion/error_body_rot: 0.8859
 Metrics/motion/error_body_lin_vel: 2.3889
 Metrics/motion/error_body_ang_vel: 3.6859
    Metrics/motion/error_joint_pos: 2.3491
    Metrics/motion/error_joint_vel: 13.8233
   Metrics/motion/sampling_entropy: 0.0000
 Metrics/motion/sampling_top1_prob: 0.0000
  Metrics/motion/sampling_top1_bin: 0.0000
Metrics/motion/motion_sampling_prob_mean: 0.1429
Metrics/motion/motion_sampling_prob_std: 0.0000
Metrics/motion/motion_sampling_prob_min: 0.1429
Metrics/motion/motion_sampling_prob_max: 0.1429
Metrics/motion/motion_sampling_prob_entropy: 1.0000
Metrics/motion/hitter_strike_racket_pos_error: 0.3559
Metrics/motion/hitter_strike_racket_vel_error: 1.9918
Metrics/motion/hitter_strike_racket_ori_error: 0.0291
      Episode_Termination/time_out: 0.0000
    Episode_Termination/anchor_pos: 1048.8750
    Episode_Termination/anchor_ori: 0.0000
--------------------------------------------------------------------------------
                   Total timesteps: 151200000
                    Iteration time: 11.06s
                      Time elapsed: 00:12:24
                               ETA: 08:36:35

################################################################################
                     [1m Learning iteration 63/10000 [0m                      

                       Computation: 215209 steps/s (collection: 9.518s, learning 1.634s)
             Mean action noise std: 0.56
          Mean value_function loss: 0.0935
               Mean surrogate loss: -0.0010
                 Mean entropy loss: 23.1833
               Mean approx_kl loss: 0.0136
           Mean clip_fraction loss: 0.1907
              Mean ratio_mean loss: 0.9997
          Mean advantage_mean loss: -0.0000
           Mean advantage_std loss: 1.0000
      Mean explained_variance loss: 0.9678
                       Mean reward: 4.66
               Mean episode length: 48.99
Episode_Reward/motion_global_anchor_pos: 0.0291
Episode_Reward/motion_global_anchor_ori: 0.0360
    Episode_Reward/motion_body_pos: 0.0546
    Episode_Reward/motion_body_ori: 0.0107
Episode_Reward/motion_body_lin_vel: 0.0575
Episode_Reward/motion_body_ang_vel: 0.0318
Episode_Reward/motion_anchor_lin_vel: 0.0539
           Episode_Reward/base_pos: 0.2278
         Episode_Reward/racket_pos: 0.0001
         Episode_Reward/racket_vel: 0.0057
         Episode_Reward/racket_ori: 0.0972
Episode_Reward/torso_forward_lean_l2: -0.0097
 Episode_Reward/base_ang_vel_xy_l2: -0.0706
 Episode_Reward/undesired_contacts: -0.0067
Episode_Reward/hitter_foot_slip_l2: -0.0628
Episode_Reward/hitter_hit_unstable_support: -0.0077
Episode_Reward/hitter_foot_edge_drag: -0.0077
    Episode_Reward/hip_yaw_default: 0.1779
     Episode_Reward/action_rate_l2: -0.1538
        Episode_Reward/joint_limit: -0.0087
          Episode_Reward/joint_acc: -0.0068
       Episode_Reward/joint_torque: -0.0017
   Metrics/motion/error_anchor_pos: 0.6664
   Metrics/motion/error_anchor_rot: 0.3417
Metrics/motion/error_anchor_lin_vel: 2.2977
Metrics/motion/error_anchor_ang_vel: 1.6464
     Metrics/motion/error_body_pos: 0.4440
     Metrics/motion/error_body_rot: 0.8867
 Metrics/motion/error_body_lin_vel: 2.3884
 Metrics/motion/error_body_ang_vel: 3.6399
    Metrics/motion/error_joint_pos: 2.3504
    Metrics/motion/error_joint_vel: 13.7158
   Metrics/motion/sampling_entropy: 0.0000
 Metrics/motion/sampling_top1_prob: 0.0000
  Metrics/motion/sampling_top1_bin: 0.0000
Metrics/motion/motion_sampling_prob_mean: 0.1429
Metrics/motion/motion_sampling_prob_std: 0.0000
Metrics/motion/motion_sampling_prob_min: 0.1429
Metrics/motion/motion_sampling_prob_max: 0.1429
Metrics/motion/motion_sampling_prob_entropy: 1.0000
Metrics/motion/hitter_strike_racket_pos_error: 0.3660
Metrics/motion/hitter_strike_racket_vel_error: 2.0553
Metrics/motion/hitter_strike_racket_ori_error: 0.0294
      Episode_Termination/time_out: 0.0000
    Episode_Termination/anchor_pos: 1030.8334
    Episode_Termination/anchor_ori: 0.0000
--------------------------------------------------------------------------------
                   Total timesteps: 153600000
                    Iteration time: 11.15s
                      Time elapsed: 00:12:35
                               ETA: 08:34:40

################################################################################
                     [1m Learning iteration 64/10000 [0m                      

                       Computation: 216104 steps/s (collection: 9.427s, learning 1.678s)
             Mean action noise std: 0.55
          Mean value_function loss: 0.0855
               Mean surrogate loss: -0.0030
                 Mean entropy loss: 22.9526
               Mean approx_kl loss: 0.0113
           Mean clip_fraction loss: 0.1620
              Mean ratio_mean loss: 1.0000
          Mean advantage_mean loss: 0.0000
           Mean advantage_std loss: 1.0000
      Mean explained_variance loss: 0.9706
                       Mean reward: 4.88
               Mean episode length: 49.76
Episode_Reward/motion_global_anchor_pos: 0.0297
Episode_Reward/motion_global_anchor_ori: 0.0367
    Episode_Reward/motion_body_pos: 0.0554
    Episode_Reward/motion_body_ori: 0.0107
Episode_Reward/motion_body_lin_vel: 0.0593
Episode_Reward/motion_body_ang_vel: 0.0328
Episode_Reward/motion_anchor_lin_vel: 0.0552
           Episode_Reward/base_pos: 0.2310
         Episode_Reward/racket_pos: 0.0001
         Episode_Reward/racket_vel: 0.0061
         Episode_Reward/racket_ori: 0.1012
Episode_Reward/torso_forward_lean_l2: -0.0098
 Episode_Reward/base_ang_vel_xy_l2: -0.0707
 Episode_Reward/undesired_contacts: -0.0068
Episode_Reward/hitter_foot_slip_l2: -0.0638
Episode_Reward/hitter_hit_unstable_support: -0.0074
Episode_Reward/hitter_foot_edge_drag: -0.0077
    Episode_Reward/hip_yaw_default: 0.1810
     Episode_Reward/action_rate_l2: -0.1540
        Episode_Reward/joint_limit: -0.0086
          Episode_Reward/joint_acc: -0.0067
       Episode_Reward/joint_torque: -0.0018
   Metrics/motion/error_anchor_pos: 0.6680
   Metrics/motion/error_anchor_rot: 0.3370
Metrics/motion/error_anchor_lin_vel: 2.2927
Metrics/motion/error_anchor_ang_vel: 1.6327
     Metrics/motion/error_body_pos: 0.4444
     Metrics/motion/error_body_rot: 0.8870
 Metrics/motion/error_body_lin_vel: 2.3881
 Metrics/motion/error_body_ang_vel: 3.6388
    Metrics/motion/error_joint_pos: 2.3509
    Metrics/motion/error_joint_vel: 13.7041
   Metrics/motion/sampling_entropy: 0.0000
 Metrics/motion/sampling_top1_prob: 0.0000
  Metrics/motion/sampling_top1_bin: 0.0000
Metrics/motion/motion_sampling_prob_mean: 0.1429
Metrics/motion/motion_sampling_prob_std: 0.0000
Metrics/motion/motion_sampling_prob_min: 0.1429
Metrics/motion/motion_sampling_prob_max: 0.1429
Metrics/motion/motion_sampling_prob_entropy: 1.0000
Metrics/motion/hitter_strike_racket_pos_error: 0.3773
Metrics/motion/hitter_strike_racket_vel_error: 2.1245
Metrics/motion/hitter_strike_racket_ori_error: 0.0297
      Episode_Termination/time_out: 0.0000
    Episode_Termination/anchor_pos: 1003.2500
    Episode_Termination/anchor_ori: 0.0000
--------------------------------------------------------------------------------
                   Total timesteps: 156000000
                    Iteration time: 11.11s
                      Time elapsed: 00:12:46
                               ETA: 08:32:42

################################################################################
                     [1m Learning iteration 65/10000 [0m                      

                       Computation: 215036 steps/s (collection: 9.258s, learning 1.903s)
             Mean action noise std: 0.55
          Mean value_function loss: 0.0843
               Mean surrogate loss: -0.0032
                 Mean entropy loss: 22.6915
               Mean approx_kl loss: 0.0113
           Mean clip_fraction loss: 0.1623
              Mean ratio_mean loss: 0.9998
          Mean advantage_mean loss: 0.0000
           Mean advantage_std loss: 1.0000
      Mean explained_variance loss: 0.9715
                       Mean reward: 4.61
               Mean episode length: 48.79
Episode_Reward/motion_global_anchor_pos: 0.0302
Episode_Reward/motion_global_anchor_ori: 0.0373
    Episode_Reward/motion_body_pos: 0.0566
    Episode_Reward/motion_body_ori: 0.0108
Episode_Reward/motion_body_lin_vel: 0.0615
Episode_Reward/motion_body_ang_vel: 0.0341
Episode_Reward/motion_anchor_lin_vel: 0.0570
           Episode_Reward/base_pos: 0.2328
         Episode_Reward/racket_pos: 0.0001
         Episode_Reward/racket_vel: 0.0062
         Episode_Reward/racket_ori: 0.1045
Episode_Reward/torso_forward_lean_l2: -0.0100
 Episode_Reward/base_ang_vel_xy_l2: -0.0712
 Episode_Reward/undesired_contacts: -0.0070
Episode_Reward/hitter_foot_slip_l2: -0.0648
Episode_Reward/hitter_hit_unstable_support: -0.0075
Episode_Reward/hitter_foot_edge_drag: -0.0077
    Episode_Reward/hip_yaw_default: 0.1849
     Episode_Reward/action_rate_l2: -0.1548
        Episode_Reward/joint_limit: -0.0086
          Episode_Reward/joint_acc: -0.0068
       Episode_Reward/joint_torque: -0.0018
   Metrics/motion/error_anchor_pos: 0.6709
   Metrics/motion/error_anchor_rot: 0.3405
Metrics/motion/error_anchor_lin_vel: 2.2840
Metrics/motion/error_anchor_ang_vel: 1.6150
     Metrics/motion/error_body_pos: 0.4439
     Metrics/motion/error_body_rot: 0.8856
 Metrics/motion/error_body_lin_vel: 2.3874
 Metrics/motion/error_body_ang_vel: 3.6260
    Metrics/motion/error_joint_pos: 2.3525
    Metrics/motion/error_joint_vel: 13.5939
   Metrics/motion/sampling_entropy: 0.0000
 Metrics/motion/sampling_top1_prob: 0.0000
  Metrics/motion/sampling_top1_bin: 0.0000
Metrics/motion/motion_sampling_prob_mean: 0.1429
Metrics/motion/motion_sampling_prob_std: 0.0000
Metrics/motion/motion_sampling_prob_min: 0.1429
Metrics/motion/motion_sampling_prob_max: 0.1429
Metrics/motion/motion_sampling_prob_entropy: 1.0000
Metrics/motion/hitter_strike_racket_pos_error: 0.3892
Metrics/motion/hitter_strike_racket_vel_error: 2.1921
Metrics/motion/hitter_strike_racket_ori_error: 0.0312
      Episode_Termination/time_out: 0.0000
    Episode_Termination/anchor_pos: 993.7917
    Episode_Termination/anchor_ori: 0.0000
--------------------------------------------------------------------------------
                   Total timesteps: 158400000
                    Iteration time: 11.16s
                      Time elapsed: 00:12:57
                               ETA: 08:30:55

################################################################################
                     [1m Learning iteration 66/10000 [0m                      

                       Computation: 221074 steps/s (collection: 9.380s, learning 1.476s)
             Mean action noise std: 0.55
          Mean value_function loss: 0.0876
               Mean surrogate loss: -0.0020
                 Mean entropy loss: 22.4830
               Mean approx_kl loss: 0.0117
           Mean clip_fraction loss: 0.1681
              Mean ratio_mean loss: 0.9997
          Mean advantage_mean loss: 0.0000
           Mean advantage_std loss: 1.0000
      Mean explained_variance loss: 0.9720
                       Mean reward: 5.07
               Mean episode length: 52.02
Episode_Reward/motion_global_anchor_pos: 0.0310
Episode_Reward/motion_global_anchor_ori: 0.0380
    Episode_Reward/motion_body_pos: 0.0578
    Episode_Reward/motion_body_ori: 0.0108
Episode_Reward/motion_body_lin_vel: 0.0640
Episode_Reward/motion_body_ang_vel: 0.0354
Episode_Reward/motion_anchor_lin_vel: 0.0590
           Episode_Reward/base_pos: 0.2350
         Episode_Reward/racket_pos: 0.0001
         Episode_Reward/racket_vel: 0.0065
         Episode_Reward/racket_ori: 0.1078
Episode_Reward/torso_forward_lean_l2: -0.0101
 Episode_Reward/base_ang_vel_xy_l2: -0.0719
 Episode_Reward/undesired_contacts: -0.0072
Episode_Reward/hitter_foot_slip_l2: -0.0661
Episode_Reward/hitter_hit_unstable_support: -0.0076
Episode_Reward/hitter_foot_edge_drag: -0.0078
    Episode_Reward/hip_yaw_default: 0.1892
     Episode_Reward/action_rate_l2: -0.1560
        Episode_Reward/joint_limit: -0.0084
          Episode_Reward/joint_acc: -0.0068
       Episode_Reward/joint_torque: -0.0018
   Metrics/motion/error_anchor_pos: 0.6739
   Metrics/motion/error_anchor_rot: 0.3441
Metrics/motion/error_anchor_lin_vel: 2.2782
Metrics/motion/error_anchor_ang_vel: 1.5978
     Metrics/motion/error_body_pos: 0.4446
     Metrics/motion/error_body_rot: 0.8858
 Metrics/motion/error_body_lin_vel: 2.3846
 Metrics/motion/error_body_ang_vel: 3.6113
    Metrics/motion/error_joint_pos: 2.3503
    Metrics/motion/error_joint_vel: 13.4891
   Metrics/motion/sampling_entropy: 0.0000
 Metrics/motion/sampling_top1_prob: 0.0000
  Metrics/motion/sampling_top1_bin: 0.0000
Metrics/motion/motion_sampling_prob_mean: 0.1429
Metrics/motion/motion_sampling_prob_std: 0.0000
Metrics/motion/motion_sampling_prob_min: 0.1429
Metrics/motion/motion_sampling_prob_max: 0.1429
Metrics/motion/motion_sampling_prob_entropy: 1.0000
Metrics/motion/hitter_strike_racket_pos_error: 0.3997
Metrics/motion/hitter_strike_racket_vel_error: 2.2658
Metrics/motion/hitter_strike_racket_ori_error: 0.0330
      Episode_Termination/time_out: 0.0000
    Episode_Termination/anchor_pos: 977.1250
    Episode_Termination/anchor_ori: 0.0000
--------------------------------------------------------------------------------
                   Total timesteps: 160800000
                    Iteration time: 10.86s
                      Time elapsed: 00:13:08
                               ETA: 08:28:26

################################################################################
                     [1m Learning iteration 67/10000 [0m                      

                       Computation: 222876 steps/s (collection: 9.398s, learning 1.370s)
             Mean action noise std: 0.54
          Mean value_function loss: 0.0908
               Mean surrogate loss: -0.0021
                 Mean entropy loss: 22.2861
               Mean approx_kl loss: 0.0106
           Mean clip_fraction loss: 0.1490
              Mean ratio_mean loss: 0.9999
          Mean advantage_mean loss: -0.0000
           Mean advantage_std loss: 1.0000
      Mean explained_variance loss: 0.9726
                       Mean reward: 5.07
               Mean episode length: 50.33
Episode_Reward/motion_global_anchor_pos: 0.0312
Episode_Reward/motion_global_anchor_ori: 0.0385
    Episode_Reward/motion_body_pos: 0.0583
    Episode_Reward/motion_body_ori: 0.0109
Episode_Reward/motion_body_lin_vel: 0.0653
Episode_Reward/motion_body_ang_vel: 0.0364
Episode_Reward/motion_anchor_lin_vel: 0.0600
           Episode_Reward/base_pos: 0.2350
         Episode_Reward/racket_pos: 0.0001
         Episode_Reward/racket_vel: 0.0066
         Episode_Reward/racket_ori: 0.1100
Episode_Reward/torso_forward_lean_l2: -0.0100
 Episode_Reward/base_ang_vel_xy_l2: -0.0713
 Episode_Reward/undesired_contacts: -0.0073
Episode_Reward/hitter_foot_slip_l2: -0.0668
Episode_Reward/hitter_hit_unstable_support: -0.0076
Episode_Reward/hitter_foot_edge_drag: -0.0077
    Episode_Reward/hip_yaw_default: 0.1913
     Episode_Reward/action_rate_l2: -0.1554
        Episode_Reward/joint_limit: -0.0084
          Episode_Reward/joint_acc: -0.0068
       Episode_Reward/joint_torque: -0.0018
   Metrics/motion/error_anchor_pos: 0.6755
   Metrics/motion/error_anchor_rot: 0.3434
Metrics/motion/error_anchor_lin_vel: 2.2721
Metrics/motion/error_anchor_ang_vel: 1.5959
     Metrics/motion/error_body_pos: 0.4445
     Metrics/motion/error_body_rot: 0.8816
 Metrics/motion/error_body_lin_vel: 2.3853
 Metrics/motion/error_body_ang_vel: 3.6074
    Metrics/motion/error_joint_pos: 2.3495
    Metrics/motion/error_joint_vel: 13.4396
   Metrics/motion/sampling_entropy: 0.0000
 Metrics/motion/sampling_top1_prob: 0.0000
  Metrics/motion/sampling_top1_bin: 0.0000
Metrics/motion/motion_sampling_prob_mean: 0.1429
Metrics/motion/motion_sampling_prob_std: 0.0000
Metrics/motion/motion_sampling_prob_min: 0.1429
Metrics/motion/motion_sampling_prob_max: 0.1429
Metrics/motion/motion_sampling_prob_entropy: 1.0000
Metrics/motion/hitter_strike_racket_pos_error: 0.4101
Metrics/motion/hitter_strike_racket_vel_error: 2.3114
Metrics/motion/hitter_strike_racket_ori_error: 0.0342
      Episode_Termination/time_out: 0.0000
    Episode_Termination/anchor_pos: 953.7084
    Episode_Termination/anchor_ori: 0.0000
--------------------------------------------------------------------------------
                   Total timesteps: 163200000
                    Iteration time: 10.77s
                      Time elapsed: 00:13:19
                               ETA: 08:25:48

################################################################################
                     [1m Learning iteration 68/10000 [0m                      

                       Computation: 225491 steps/s (collection: 9.447s, learning 1.196s)
             Mean action noise std: 0.54
          Mean value_function loss: 0.0919
               Mean surrogate loss: -0.0044
                 Mean entropy loss: 21.9776
               Mean approx_kl loss: 0.0096
           Mean clip_fraction loss: 0.1354
              Mean ratio_mean loss: 0.9998
          Mean advantage_mean loss: -0.0000
           Mean advantage_std loss: 1.0000
      Mean explained_variance loss: 0.9734
                       Mean reward: 5.20
               Mean episode length: 52.99
Episode_Reward/motion_global_anchor_pos: 0.0321
Episode_Reward/motion_global_anchor_ori: 0.0395
    Episode_Reward/motion_body_pos: 0.0598
    Episode_Reward/motion_body_ori: 0.0110
Episode_Reward/motion_body_lin_vel: 0.0680
Episode_Reward/motion_body_ang_vel: 0.0378
Episode_Reward/motion_anchor_lin_vel: 0.0621
           Episode_Reward/base_pos: 0.2384
         Episode_Reward/racket_pos: 0.0002
         Episode_Reward/racket_vel: 0.0072
         Episode_Reward/racket_ori: 0.1138
Episode_Reward/torso_forward_lean_l2: -0.0100
 Episode_Reward/base_ang_vel_xy_l2: -0.0717
 Episode_Reward/undesired_contacts: -0.0075
Episode_Reward/hitter_foot_slip_l2: -0.0680
Episode_Reward/hitter_hit_unstable_support: -0.0073
Episode_Reward/hitter_foot_edge_drag: -0.0078
    Episode_Reward/hip_yaw_default: 0.1960
     Episode_Reward/action_rate_l2: -0.1567
        Episode_Reward/joint_limit: -0.0084
          Episode_Reward/joint_acc: -0.0067
       Episode_Reward/joint_torque: -0.0019
   Metrics/motion/error_anchor_pos: 0.6774
   Metrics/motion/error_anchor_rot: 0.3361
Metrics/motion/error_anchor_lin_vel: 2.2669
Metrics/motion/error_anchor_ang_vel: 1.5690
     Metrics/motion/error_body_pos: 0.4434
     Metrics/motion/error_body_rot: 0.8796
 Metrics/motion/error_body_lin_vel: 2.3839
 Metrics/motion/error_body_ang_vel: 3.5781
    Metrics/motion/error_joint_pos: 2.3504
    Metrics/motion/error_joint_vel: 13.3442
   Metrics/motion/sampling_entropy: 0.0000
 Metrics/motion/sampling_top1_prob: 0.0000
  Metrics/motion/sampling_top1_bin: 0.0000
Metrics/motion/motion_sampling_prob_mean: 0.1429
Metrics/motion/motion_sampling_prob_std: 0.0000
Metrics/motion/motion_sampling_prob_min: 0.1429
Metrics/motion/motion_sampling_prob_max: 0.1429
Metrics/motion/motion_sampling_prob_entropy: 1.0000
Metrics/motion/hitter_strike_racket_pos_error: 0.4207
Metrics/motion/hitter_strike_racket_vel_error: 2.3611
Metrics/motion/hitter_strike_racket_ori_error: 0.0346
      Episode_Termination/time_out: 0.0000
    Episode_Termination/anchor_pos: 950.1250
    Episode_Termination/anchor_ori: 0.0000
--------------------------------------------------------------------------------
                   Total timesteps: 165600000
                    Iteration time: 10.64s
                      Time elapsed: 00:13:29
                               ETA: 08:22:57

################################################################################
                     [1m Learning iteration 69/10000 [0m                      

                       Computation: 218022 steps/s (collection: 8.810s, learning 2.198s)
             Mean action noise std: 0.53
          Mean value_function loss: 0.0982
               Mean surrogate loss: 0.0010
                 Mean entropy loss: 21.8949
               Mean approx_kl loss: 0.0136
           Mean clip_fraction loss: 0.1705
              Mean ratio_mean loss: 0.9999
          Mean advantage_mean loss: 0.0000
           Mean advantage_std loss: 1.0000
      Mean explained_variance loss: 0.9731
                       Mean reward: 5.53
               Mean episode length: 55.08
Episode_Reward/motion_global_anchor_pos: 0.0324
Episode_Reward/motion_global_anchor_ori: 0.0399
    Episode_Reward/motion_body_pos: 0.0603
    Episode_Reward/motion_body_ori: 0.0110
Episode_Reward/motion_body_lin_vel: 0.0690
Episode_Reward/motion_body_ang_vel: 0.0386
Episode_Reward/motion_anchor_lin_vel: 0.0629
           Episode_Reward/base_pos: 0.2384
         Episode_Reward/racket_pos: 0.0002
         Episode_Reward/racket_vel: 0.0074
         Episode_Reward/racket_ori: 0.1148
Episode_Reward/torso_forward_lean_l2: -0.0100
 Episode_Reward/base_ang_vel_xy_l2: -0.0710
 Episode_Reward/undesired_contacts: -0.0076
Episode_Reward/hitter_foot_slip_l2: -0.0683
Episode_Reward/hitter_hit_unstable_support: -0.0072
Episode_Reward/hitter_foot_edge_drag: -0.0077
    Episode_Reward/hip_yaw_default: 0.1977
     Episode_Reward/action_rate_l2: -0.1557
        Episode_Reward/joint_limit: -0.0082
          Episode_Reward/joint_acc: -0.0067
       Episode_Reward/joint_torque: -0.0019
   Metrics/motion/error_anchor_pos: 0.6784
   Metrics/motion/error_anchor_rot: 0.3321
Metrics/motion/error_anchor_lin_vel: 2.2672
Metrics/motion/error_anchor_ang_vel: 1.5631
     Metrics/motion/error_body_pos: 0.4440
     Metrics/motion/error_body_rot: 0.8836
 Metrics/motion/error_body_lin_vel: 2.3832
 Metrics/motion/error_body_ang_vel: 3.5705
    Metrics/motion/error_joint_pos: 2.3565
    Metrics/motion/error_joint_vel: 13.3305
   Metrics/motion/sampling_entropy: 0.0000
 Metrics/motion/sampling_top1_prob: 0.0000
  Metrics/motion/sampling_top1_bin: 0.0000
Metrics/motion/motion_sampling_prob_mean: 0.1429
Metrics/motion/motion_sampling_prob_std: 0.0000
Metrics/motion/motion_sampling_prob_min: 0.1429
Metrics/motion/motion_sampling_prob_max: 0.1429
Metrics/motion/motion_sampling_prob_entropy: 1.0000
Metrics/motion/hitter_strike_racket_pos_error: 0.4219
Metrics/motion/hitter_strike_racket_vel_error: 2.3708
Metrics/motion/hitter_strike_racket_ori_error: 0.0339
      Episode_Termination/time_out: 0.0000
    Episode_Termination/anchor_pos: 923.7084
    Episode_Termination/anchor_ori: 0.0000
--------------------------------------------------------------------------------
                   Total timesteps: 168000000
                    Iteration time: 11.01s
                      Time elapsed: 00:13:40
                               ETA: 08:21:02

################################################################################
                     [1m Learning iteration 70/10000 [0m                      

                       Computation: 223347 steps/s (collection: 8.904s, learning 1.841s)
             Mean action noise std: 0.53
          Mean value_function loss: 0.0929
               Mean surrogate loss: -0.0034
                 Mean entropy loss: 21.6038
               Mean approx_kl loss: 0.0103
           Mean clip_fraction loss: 0.1432
              Mean ratio_mean loss: 0.9998
          Mean advantage_mean loss: -0.0000
           Mean advantage_std loss: 1.0000
      Mean explained_variance loss: 0.9749
                       Mean reward: 5.29
               Mean episode length: 50.59
Episode_Reward/motion_global_anchor_pos: 0.0332
Episode_Reward/motion_global_anchor_ori: 0.0407
    Episode_Reward/motion_body_pos: 0.0615
    Episode_Reward/motion_body_ori: 0.0111
Episode_Reward/motion_body_lin_vel: 0.0715
Episode_Reward/motion_body_ang_vel: 0.0400
Episode_Reward/motion_anchor_lin_vel: 0.0648
           Episode_Reward/base_pos: 0.2427
         Episode_Reward/racket_pos: 0.0002
         Episode_Reward/racket_vel: 0.0076
         Episode_Reward/racket_ori: 0.1186
Episode_Reward/torso_forward_lean_l2: -0.0101
 Episode_Reward/base_ang_vel_xy_l2: -0.0713
 Episode_Reward/undesired_contacts: -0.0077
Episode_Reward/hitter_foot_slip_l2: -0.0697
Episode_Reward/hitter_hit_unstable_support: -0.0072
Episode_Reward/hitter_foot_edge_drag: -0.0077
    Episode_Reward/hip_yaw_default: 0.2018
     Episode_Reward/action_rate_l2: -0.1571
        Episode_Reward/joint_limit: -0.0080
          Episode_Reward/joint_acc: -0.0067
       Episode_Reward/joint_torque: -0.0019
   Metrics/motion/error_anchor_pos: 0.6812
   Metrics/motion/error_anchor_rot: 0.3347
Metrics/motion/error_anchor_lin_vel: 2.2576
Metrics/motion/error_anchor_ang_vel: 1.5504
     Metrics/motion/error_body_pos: 0.4439
     Metrics/motion/error_body_rot: 0.8815
 Metrics/motion/error_body_lin_vel: 2.3827
 Metrics/motion/error_body_ang_vel: 3.5604
    Metrics/motion/error_joint_pos: 2.3536
    Metrics/motion/error_joint_vel: 13.2578
   Metrics/motion/sampling_entropy: 0.0000
 Metrics/motion/sampling_top1_prob: 0.0000
  Metrics/motion/sampling_top1_bin: 0.0000
Metrics/motion/motion_sampling_prob_mean: 0.1429
Metrics/motion/motion_sampling_prob_std: 0.0000
Metrics/motion/motion_sampling_prob_min: 0.1429
Metrics/motion/motion_sampling_prob_max: 0.1429
Metrics/motion/motion_sampling_prob_entropy: 1.0000
Metrics/motion/hitter_strike_racket_pos_error: 0.4343
Metrics/motion/hitter_strike_racket_vel_error: 2.4388
Metrics/motion/hitter_strike_racket_ori_error: 0.0344
      Episode_Termination/time_out: 0.0000
    Episode_Termination/anchor_pos: 913.6667
    Episode_Termination/anchor_ori: 0.0000
--------------------------------------------------------------------------------
                   Total timesteps: 170400000
                    Iteration time: 10.75s
                      Time elapsed: 00:13:51
                               ETA: 08:18:33

################################################################################
                     [1m Learning iteration 71/10000 [0m                      

                       Computation: 232659 steps/s (collection: 8.978s, learning 1.337s)
             Mean action noise std: 0.53
          Mean value_function loss: 0.0940
               Mean surrogate loss: -0.0012
                 Mean entropy loss: 21.4483
               Mean approx_kl loss: 0.0114
           Mean clip_fraction loss: 0.1637
              Mean ratio_mean loss: 1.0001
          Mean advantage_mean loss: 0.0000
           Mean advantage_std loss: 1.0000
      Mean explained_variance loss: 0.9753
                       Mean reward: 6.15
               Mean episode length: 58.15
Episode_Reward/motion_global_anchor_pos: 0.0338
Episode_Reward/motion_global_anchor_ori: 0.0414
    Episode_Reward/motion_body_pos: 0.0627
    Episode_Reward/motion_body_ori: 0.0112
Episode_Reward/motion_body_lin_vel: 0.0738
Episode_Reward/motion_body_ang_vel: 0.0413
Episode_Reward/motion_anchor_lin_vel: 0.0666
           Episode_Reward/base_pos: 0.2425
         Episode_Reward/racket_pos: 0.0002
         Episode_Reward/racket_vel: 0.0078
         Episode_Reward/racket_ori: 0.1213
Episode_Reward/torso_forward_lean_l2: -0.0100
 Episode_Reward/base_ang_vel_xy_l2: -0.0717
 Episode_Reward/undesired_contacts: -0.0079
Episode_Reward/hitter_foot_slip_l2: -0.0708
Episode_Reward/hitter_hit_unstable_support: -0.0073
Episode_Reward/hitter_foot_edge_drag: -0.0078
    Episode_Reward/hip_yaw_default: 0.2057
     Episode_Reward/action_rate_l2: -0.1581
        Episode_Reward/joint_limit: -0.0078
          Episode_Reward/joint_acc: -0.0067
       Episode_Reward/joint_torque: -0.0020
   Metrics/motion/error_anchor_pos: 0.6842
   Metrics/motion/error_anchor_rot: 0.3339
Metrics/motion/error_anchor_lin_vel: 2.2552
Metrics/motion/error_anchor_ang_vel: 1.5408
     Metrics/motion/error_body_pos: 0.4439
     Metrics/motion/error_body_rot: 0.8809
 Metrics/motion/error_body_lin_vel: 2.3896
 Metrics/motion/error_body_ang_vel: 3.5414
    Metrics/motion/error_joint_pos: 2.3505
    Metrics/motion/error_joint_vel: 13.1757
   Metrics/motion/sampling_entropy: 0.0000
 Metrics/motion/sampling_top1_prob: 0.0000
  Metrics/motion/sampling_top1_bin: 0.0000
Metrics/motion/motion_sampling_prob_mean: 0.1429
Metrics/motion/motion_sampling_prob_std: 0.0000
Metrics/motion/motion_sampling_prob_min: 0.1429
Metrics/motion/motion_sampling_prob_max: 0.1429
Metrics/motion/motion_sampling_prob_entropy: 1.0000
Metrics/motion/hitter_strike_racket_pos_error: 0.4423
Metrics/motion/hitter_strike_racket_vel_error: 2.4878
Metrics/motion/hitter_strike_racket_ori_error: 0.0347
      Episode_Termination/time_out: 0.0000
    Episode_Termination/anchor_pos: 889.2500
    Episode_Termination/anchor_ori: 0.0000
--------------------------------------------------------------------------------
                   Total timesteps: 172800000
                    Iteration time: 10.32s
                      Time elapsed: 00:14:01
                               ETA: 08:15:08

################################################################################
                     [1m Learning iteration 72/10000 [0m                      

                       Computation: 226437 steps/s (collection: 8.822s, learning 1.777s)
             Mean action noise std: 0.52
          Mean value_function loss: 0.0989
               Mean surrogate loss: -0.0029
                 Mean entropy loss: 21.2106
               Mean approx_kl loss: 0.0106
           Mean clip_fraction loss: 0.1536
              Mean ratio_mean loss: 0.9999
          Mean advantage_mean loss: -0.0000
           Mean advantage_std loss: 1.0000
      Mean explained_variance loss: 0.9748
                       Mean reward: 5.88
               Mean episode length: 57.76
Episode_Reward/motion_global_anchor_pos: 0.0345
Episode_Reward/motion_global_anchor_ori: 0.0420
    Episode_Reward/motion_body_pos: 0.0640
    Episode_Reward/motion_body_ori: 0.0113
Episode_Reward/motion_body_lin_vel: 0.0760
Episode_Reward/motion_body_ang_vel: 0.0427
Episode_Reward/motion_anchor_lin_vel: 0.0685
           Episode_Reward/base_pos: 0.2440
         Episode_Reward/racket_pos: 0.0003
         Episode_Reward/racket_vel: 0.0081
         Episode_Reward/racket_ori: 0.1237
Episode_Reward/torso_forward_lean_l2: -0.0101
 Episode_Reward/base_ang_vel_xy_l2: -0.0720
 Episode_Reward/undesired_contacts: -0.0081
Episode_Reward/hitter_foot_slip_l2: -0.0717
Episode_Reward/hitter_hit_unstable_support: -0.0072
Episode_Reward/hitter_foot_edge_drag: -0.0078
    Episode_Reward/hip_yaw_default: 0.2096
     Episode_Reward/action_rate_l2: -0.1589
        Episode_Reward/joint_limit: -0.0077
          Episode_Reward/joint_acc: -0.0067
       Episode_Reward/joint_torque: -0.0020
   Metrics/motion/error_anchor_pos: 0.6859
   Metrics/motion/error_anchor_rot: 0.3351
Metrics/motion/error_anchor_lin_vel: 2.2536
Metrics/motion/error_anchor_ang_vel: 1.5218
     Metrics/motion/error_body_pos: 0.4437
     Metrics/motion/error_body_rot: 0.8816
 Metrics/motion/error_body_lin_vel: 2.3857
 Metrics/motion/error_body_ang_vel: 3.5323
    Metrics/motion/error_joint_pos: 2.3518
    Metrics/motion/error_joint_vel: 13.1114
   Metrics/motion/sampling_entropy: 0.0000
 Metrics/motion/sampling_top1_prob: 0.0000
  Metrics/motion/sampling_top1_bin: 0.0000
Metrics/motion/motion_sampling_prob_mean: 0.1429
Metrics/motion/motion_sampling_prob_std: 0.0000
Metrics/motion/motion_sampling_prob_min: 0.1429
Metrics/motion/motion_sampling_prob_max: 0.1429
Metrics/motion/motion_sampling_prob_entropy: 1.0000
Metrics/motion/hitter_strike_racket_pos_error: 0.4512
Metrics/motion/hitter_strike_racket_vel_error: 2.5310
Metrics/motion/hitter_strike_racket_ori_error: 0.0352
      Episode_Termination/time_out: 0.0000
    Episode_Termination/anchor_pos: 873.0000
    Episode_Termination/anchor_ori: 0.0000
--------------------------------------------------------------------------------
                   Total timesteps: 175200000
                    Iteration time: 10.60s
                      Time elapsed: 00:14:12
                               ETA: 08:12:28

################################################################################
                     [1m Learning iteration 73/10000 [0m                      

                       Computation: 225559 steps/s (collection: 8.858s, learning 1.782s)
             Mean action noise std: 0.52
          Mean value_function loss: 0.1094
               Mean surrogate loss: 0.0016
                 Mean entropy loss: 21.0711
               Mean approx_kl loss: 0.0137
           Mean clip_fraction loss: 0.2076
              Mean ratio_mean loss: 1.0001
          Mean advantage_mean loss: -0.0000
           Mean advantage_std loss: 1.0000
      Mean explained_variance loss: 0.9735
                       Mean reward: 6.08
               Mean episode length: 57.20
Episode_Reward/motion_global_anchor_pos: 0.0353
Episode_Reward/motion_global_anchor_ori: 0.0428
    Episode_Reward/motion_body_pos: 0.0653
    Episode_Reward/motion_body_ori: 0.0114
Episode_Reward/motion_body_lin_vel: 0.0785
Episode_Reward/motion_body_ang_vel: 0.0441
Episode_Reward/motion_anchor_lin_vel: 0.0705
           Episode_Reward/base_pos: 0.2449
         Episode_Reward/racket_pos: 0.0003
         Episode_Reward/racket_vel: 0.0083
         Episode_Reward/racket_ori: 0.1262
Episode_Reward/torso_forward_lean_l2: -0.0103
 Episode_Reward/base_ang_vel_xy_l2: -0.0726
 Episode_Reward/undesired_contacts: -0.0084
Episode_Reward/hitter_foot_slip_l2: -0.0728
Episode_Reward/hitter_hit_unstable_support: -0.0072
Episode_Reward/hitter_foot_edge_drag: -0.0079
    Episode_Reward/hip_yaw_default: 0.2138
     Episode_Reward/action_rate_l2: -0.1601
        Episode_Reward/joint_limit: -0.0075
          Episode_Reward/joint_acc: -0.0068
       Episode_Reward/joint_torque: -0.0020
   Metrics/motion/error_anchor_pos: 0.6875
   Metrics/motion/error_anchor_rot: 0.3353
Metrics/motion/error_anchor_lin_vel: 2.2511
Metrics/motion/error_anchor_ang_vel: 1.5346
     Metrics/motion/error_body_pos: 0.4436
     Metrics/motion/error_body_rot: 0.8825
 Metrics/motion/error_body_lin_vel: 2.3804
 Metrics/motion/error_body_ang_vel: 3.5207
    Metrics/motion/error_joint_pos: 2.3538
    Metrics/motion/error_joint_vel: 13.0533
   Metrics/motion/sampling_entropy: 0.0000
 Metrics/motion/sampling_top1_prob: 0.0000
  Metrics/motion/sampling_top1_bin: 0.0000
Metrics/motion/motion_sampling_prob_mean: 0.1429
Metrics/motion/motion_sampling_prob_std: 0.0000
Metrics/motion/motion_sampling_prob_min: 0.1429
Metrics/motion/motion_sampling_prob_max: 0.1429
Metrics/motion/motion_sampling_prob_entropy: 1.0000
Metrics/motion/hitter_strike_racket_pos_error: 0.4587
Metrics/motion/hitter_strike_racket_vel_error: 2.5738
Metrics/motion/hitter_strike_racket_ori_error: 0.0353
      Episode_Termination/time_out: 0.0000
    Episode_Termination/anchor_pos: 856.7084
    Episode_Termination/anchor_ori: 0.0000
--------------------------------------------------------------------------------
                   Total timesteps: 177600000
                    Iteration time: 10.64s
                      Time elapsed: 00:14:23
                               ETA: 08:09:57

################################################################################
                     [1m Learning iteration 74/10000 [0m                      

                       Computation: 220539 steps/s (collection: 8.798s, learning 2.084s)
             Mean action noise std: 0.52
          Mean value_function loss: 0.1181
               Mean surrogate loss: 0.0027
                 Mean entropy loss: 20.9149
               Mean approx_kl loss: 0.0154
           Mean clip_fraction loss: 0.2002
              Mean ratio_mean loss: 0.9999
          Mean advantage_mean loss: 0.0000
           Mean advantage_std loss: 1.0000
      Mean explained_variance loss: 0.9728
                       Mean reward: 5.85
               Mean episode length: 57.08
Episode_Reward/motion_global_anchor_pos: 0.0359
Episode_Reward/motion_global_anchor_ori: 0.0436
    Episode_Reward/motion_body_pos: 0.0664
    Episode_Reward/motion_body_ori: 0.0115
Episode_Reward/motion_body_lin_vel: 0.0806
Episode_Reward/motion_body_ang_vel: 0.0454
Episode_Reward/motion_anchor_lin_vel: 0.0721
           Episode_Reward/base_pos: 0.2464
         Episode_Reward/racket_pos: 0.0003
         Episode_Reward/racket_vel: 0.0084
         Episode_Reward/racket_ori: 0.1273
Episode_Reward/torso_forward_lean_l2: -0.0101
 Episode_Reward/base_ang_vel_xy_l2: -0.0725
 Episode_Reward/undesired_contacts: -0.0085
Episode_Reward/hitter_foot_slip_l2: -0.0733
Episode_Reward/hitter_hit_unstable_support: -0.0072
Episode_Reward/hitter_foot_edge_drag: -0.0079
    Episode_Reward/hip_yaw_default: 0.2171
     Episode_Reward/action_rate_l2: -0.1605
        Episode_Reward/joint_limit: -0.0073
          Episode_Reward/joint_acc: -0.0068
       Episode_Reward/joint_torque: -0.0020
   Metrics/motion/error_anchor_pos: 0.6876
   Metrics/motion/error_anchor_rot: 0.3305
Metrics/motion/error_anchor_lin_vel: 2.2523
Metrics/motion/error_anchor_ang_vel: 1.5164
     Metrics/motion/error_body_pos: 0.4432
     Metrics/motion/error_body_rot: 0.8790
 Metrics/motion/error_body_lin_vel: 2.3788
 Metrics/motion/error_body_ang_vel: 3.5167
    Metrics/motion/error_joint_pos: 2.3580
    Metrics/motion/error_joint_vel: 13.0946
   Metrics/motion/sampling_entropy: 0.0000
 Metrics/motion/sampling_top1_prob: 0.0000
  Metrics/motion/sampling_top1_bin: 0.0000
Metrics/motion/motion_sampling_prob_mean: 0.1429
Metrics/motion/motion_sampling_prob_std: 0.0000
Metrics/motion/motion_sampling_prob_min: 0.1429
Metrics/motion/motion_sampling_prob_max: 0.1429
Metrics/motion/motion_sampling_prob_entropy: 1.0000
Metrics/motion/hitter_strike_racket_pos_error: 0.4632
Metrics/motion/hitter_strike_racket_vel_error: 2.6002
Metrics/motion/hitter_strike_racket_ori_error: 0.0364
      Episode_Termination/time_out: 0.0000
    Episode_Termination/anchor_pos: 859.8334
    Episode_Termination/anchor_ori: 0.0000
--------------------------------------------------------------------------------
                   Total timesteps: 180000000
                    Iteration time: 10.88s
                      Time elapsed: 00:14:34
                               ETA: 08:08:01

################################################################################
                     [1m Learning iteration 75/10000 [0m                      

                       Computation: 215889 steps/s (collection: 8.552s, learning 2.565s)
             Mean action noise std: 0.52
          Mean value_function loss: 0.1046
               Mean surrogate loss: -0.0036
                 Mean entropy loss: 20.7437
               Mean approx_kl loss: 0.0081
           Mean clip_fraction loss: 0.1058
              Mean ratio_mean loss: 0.9999
          Mean advantage_mean loss: 0.0000
           Mean advantage_std loss: 1.0000
      Mean explained_variance loss: 0.9752
                       Mean reward: 5.92
               Mean episode length: 57.20
Episode_Reward/motion_global_anchor_pos: 0.0365
Episode_Reward/motion_global_anchor_ori: 0.0442
    Episode_Reward/motion_body_pos: 0.0675
    Episode_Reward/motion_body_ori: 0.0116
Episode_Reward/motion_body_lin_vel: 0.0826
Episode_Reward/motion_body_ang_vel: 0.0466
Episode_Reward/motion_anchor_lin_vel: 0.0735
           Episode_Reward/base_pos: 0.2444
         Episode_Reward/racket_pos: 0.0003
         Episode_Reward/racket_vel: 0.0084
         Episode_Reward/racket_ori: 0.1284
Episode_Reward/torso_forward_lean_l2: -0.0101
 Episode_Reward/base_ang_vel_xy_l2: -0.0725
 Episode_Reward/undesired_contacts: -0.0087
Episode_Reward/hitter_foot_slip_l2: -0.0743
Episode_Reward/hitter_hit_unstable_support: -0.0070
Episode_Reward/hitter_foot_edge_drag: -0.0079
    Episode_Reward/hip_yaw_default: 0.2202
     Episode_Reward/action_rate_l2: -0.1610
        Episode_Reward/joint_limit: -0.0070
          Episode_Reward/joint_acc: -0.0068
       Episode_Reward/joint_torque: -0.0021
   Metrics/motion/error_anchor_pos: 0.6903
   Metrics/motion/error_anchor_rot: 0.3313
Metrics/motion/error_anchor_lin_vel: 2.2502
Metrics/motion/error_anchor_ang_vel: 1.5272
     Metrics/motion/error_body_pos: 0.4427
     Metrics/motion/error_body_rot: 0.8743
 Metrics/motion/error_body_lin_vel: 2.3786
 Metrics/motion/error_body_ang_vel: 3.5030
    Metrics/motion/error_joint_pos: 2.3588
    Metrics/motion/error_joint_vel: 13.0265
   Metrics/motion/sampling_entropy: 0.0000
 Metrics/motion/sampling_top1_prob: 0.0000
  Metrics/motion/sampling_top1_bin: 0.0000
Metrics/motion/motion_sampling_prob_mean: 0.1429
Metrics/motion/motion_sampling_prob_std: 0.0000
Metrics/motion/motion_sampling_prob_min: 0.1429
Metrics/motion/motion_sampling_prob_max: 0.1429
Metrics/motion/motion_sampling_prob_entropy: 1.0000
Metrics/motion/hitter_strike_racket_pos_error: 0.4660
Metrics/motion/hitter_strike_racket_vel_error: 2.6126
Metrics/motion/hitter_strike_racket_ori_error: 0.0361
      Episode_Termination/time_out: 0.0000
    Episode_Termination/anchor_pos: 834.6667
    Episode_Termination/anchor_ori: 0.0000
--------------------------------------------------------------------------------
                   Total timesteps: 182400000
                    Iteration time: 11.12s
                      Time elapsed: 00:14:45
                               ETA: 08:06:39

################################################################################
                     [1m Learning iteration 76/10000 [0m                      

                       Computation: 216382 steps/s (collection: 8.556s, learning 2.536s)
             Mean action noise std: 0.51
          Mean value_function loss: 0.1081
               Mean surrogate loss: -0.0044
                 Mean entropy loss: 20.5161
               Mean approx_kl loss: 0.0078
           Mean clip_fraction loss: 0.1028
              Mean ratio_mean loss: 0.9998
          Mean advantage_mean loss: -0.0000
           Mean advantage_std loss: 1.0000
      Mean explained_variance loss: 0.9749
                       Mean reward: 5.87
               Mean episode length: 56.14
Episode_Reward/motion_global_anchor_pos: 0.0369
Episode_Reward/motion_global_anchor_ori: 0.0446
    Episode_Reward/motion_body_pos: 0.0685
    Episode_Reward/motion_body_ori: 0.0116
Episode_Reward/motion_body_lin_vel: 0.0846
Episode_Reward/motion_body_ang_vel: 0.0478
Episode_Reward/motion_anchor_lin_vel: 0.0749
           Episode_Reward/base_pos: 0.2471
         Episode_Reward/racket_pos: 0.0003
         Episode_Reward/racket_vel: 0.0086
         Episode_Reward/racket_ori: 0.1309
Episode_Reward/torso_forward_lean_l2: -0.0100
 Episode_Reward/base_ang_vel_xy_l2: -0.0727
 Episode_Reward/undesired_contacts: -0.0088
Episode_Reward/hitter_foot_slip_l2: -0.0755
Episode_Reward/hitter_hit_unstable_support: -0.0071
Episode_Reward/hitter_foot_edge_drag: -0.0079
    Episode_Reward/hip_yaw_default: 0.2236
     Episode_Reward/action_rate_l2: -0.1617
        Episode_Reward/joint_limit: -0.0067
          Episode_Reward/joint_acc: -0.0068
       Episode_Reward/joint_torque: -0.0021
   Metrics/motion/error_anchor_pos: 0.6933
   Metrics/motion/error_anchor_rot: 0.3338
Metrics/motion/error_anchor_lin_vel: 2.2450
Metrics/motion/error_anchor_ang_vel: 1.5095
     Metrics/motion/error_body_pos: 0.4421
     Metrics/motion/error_body_rot: 0.8709
 Metrics/motion/error_body_lin_vel: 2.3819
 Metrics/motion/error_body_ang_vel: 3.5002
    Metrics/motion/error_joint_pos: 2.3505
    Metrics/motion/error_joint_vel: 12.9350
   Metrics/motion/sampling_entropy: 0.0000
 Metrics/motion/sampling_top1_prob: 0.0000
  Metrics/motion/sampling_top1_bin: 0.0000
Metrics/motion/motion_sampling_prob_mean: 0.1429
Metrics/motion/motion_sampling_prob_std: 0.0000
Metrics/motion/motion_sampling_prob_min: 0.1429
Metrics/motion/motion_sampling_prob_max: 0.1429
Metrics/motion/motion_sampling_prob_entropy: 1.0000
Metrics/motion/hitter_strike_racket_pos_error: 0.4737
Metrics/motion/hitter_strike_racket_vel_error: 2.6573
Metrics/motion/hitter_strike_racket_ori_error: 0.0366
      Episode_Termination/time_out: 0.0000
    Episode_Termination/anchor_pos: 820.3334
    Episode_Termination/anchor_ori: 0.0000
--------------------------------------------------------------------------------
                   Total timesteps: 184800000
                    Iteration time: 11.09s
                      Time elapsed: 00:14:56
                               ETA: 08:05:16

################################################################################
                     [1m Learning iteration 77/10000 [0m                      

                       Computation: 217207 steps/s (collection: 8.671s, learning 2.378s)
             Mean action noise std: 0.51
          Mean value_function loss: 0.1205
               Mean surrogate loss: -0.0014
                 Mean entropy loss: 20.3464
               Mean approx_kl loss: 0.0109
           Mean clip_fraction loss: 0.1594
              Mean ratio_mean loss: 0.9999
          Mean advantage_mean loss: -0.0000
           Mean advantage_std loss: 1.0000
      Mean explained_variance loss: 0.9738
                       Mean reward: 6.83
               Mean episode length: 63.24
Episode_Reward/motion_global_anchor_pos: 0.0377
Episode_Reward/motion_global_anchor_ori: 0.0454
    Episode_Reward/motion_body_pos: 0.0697
    Episode_Reward/motion_body_ori: 0.0116
Episode_Reward/motion_body_lin_vel: 0.0871
Episode_Reward/motion_body_ang_vel: 0.0494
Episode_Reward/motion_anchor_lin_vel: 0.0770
           Episode_Reward/base_pos: 0.2488
         Episode_Reward/racket_pos: 0.0003
         Episode_Reward/racket_vel: 0.0086
         Episode_Reward/racket_ori: 0.1326
Episode_Reward/torso_forward_lean_l2: -0.0100
 Episode_Reward/base_ang_vel_xy_l2: -0.0731
 Episode_Reward/undesired_contacts: -0.0090
Episode_Reward/hitter_foot_slip_l2: -0.0763
Episode_Reward/hitter_hit_unstable_support: -0.0071
Episode_Reward/hitter_foot_edge_drag: -0.0080
    Episode_Reward/hip_yaw_default: 0.2279
     Episode_Reward/action_rate_l2: -0.1630
        Episode_Reward/joint_limit: -0.0066
          Episode_Reward/joint_acc: -0.0068
       Episode_Reward/joint_torque: -0.0021
   Metrics/motion/error_anchor_pos: 0.6945
   Metrics/motion/error_anchor_rot: 0.3322
Metrics/motion/error_anchor_lin_vel: 2.2493
Metrics/motion/error_anchor_ang_vel: 1.5159
     Metrics/motion/error_body_pos: 0.4426
     Metrics/motion/error_body_rot: 0.8693
 Metrics/motion/error_body_lin_vel: 2.3817
 Metrics/motion/error_body_ang_vel: 3.4914
    Metrics/motion/error_joint_pos: 2.3467
    Metrics/motion/error_joint_vel: 12.8978
   Metrics/motion/sampling_entropy: 0.0000
 Metrics/motion/sampling_top1_prob: 0.0000
  Metrics/motion/sampling_top1_bin: 0.0000
Metrics/motion/motion_sampling_prob_mean: 0.1429
Metrics/motion/motion_sampling_prob_std: 0.0000
Metrics/motion/motion_sampling_prob_min: 0.1429
Metrics/motion/motion_sampling_prob_max: 0.1429
Metrics/motion/motion_sampling_prob_entropy: 1.0000
Metrics/motion/hitter_strike_racket_pos_error: 0.4805
Metrics/motion/hitter_strike_racket_vel_error: 2.6920
Metrics/motion/hitter_strike_racket_ori_error: 0.0377
      Episode_Termination/time_out: 0.0000
    Episode_Termination/anchor_pos: 805.2084
    Episode_Termination/anchor_ori: 0.0000
--------------------------------------------------------------------------------
                   Total timesteps: 187200000
                    Iteration time: 11.05s
                      Time elapsed: 00:15:07
                               ETA: 08:03:49

################################################################################
                     [1m Learning iteration 78/10000 [0m                      

                       Computation: 218318 steps/s (collection: 8.671s, learning 2.322s)
             Mean action noise std: 0.51
          Mean value_function loss: 0.1311
               Mean surrogate loss: 0.0015
                 Mean entropy loss: 20.2156
               Mean approx_kl loss: 0.0132
           Mean clip_fraction loss: 0.1829
              Mean ratio_mean loss: 0.9998
          Mean advantage_mean loss: -0.0000
           Mean advantage_std loss: 1.0000
      Mean explained_variance loss: 0.9733
                       Mean reward: 6.22
               Mean episode length: 60.42
Episode_Reward/motion_global_anchor_pos: 0.0384
Episode_Reward/motion_global_anchor_ori: 0.0461
    Episode_Reward/motion_body_pos: 0.0711
    Episode_Reward/motion_body_ori: 0.0118
Episode_Reward/motion_body_lin_vel: 0.0894
Episode_Reward/motion_body_ang_vel: 0.0508
Episode_Reward/motion_anchor_lin_vel: 0.0788
           Episode_Reward/base_pos: 0.2505
         Episode_Reward/racket_pos: 0.0003
         Episode_Reward/racket_vel: 0.0089
         Episode_Reward/racket_ori: 0.1353
Episode_Reward/torso_forward_lean_l2: -0.0101
 Episode_Reward/base_ang_vel_xy_l2: -0.0736
 Episode_Reward/undesired_contacts: -0.0093
Episode_Reward/hitter_foot_slip_l2: -0.0773
Episode_Reward/hitter_hit_unstable_support: -0.0073
Episode_Reward/hitter_foot_edge_drag: -0.0080
    Episode_Reward/hip_yaw_default: 0.2318
     Episode_Reward/action_rate_l2: -0.1639
        Episode_Reward/joint_limit: -0.0064
          Episode_Reward/joint_acc: -0.0068
       Episode_Reward/joint_torque: -0.0022
   Metrics/motion/error_anchor_pos: 0.6974
   Metrics/motion/error_anchor_rot: 0.3394
Metrics/motion/error_anchor_lin_vel: 2.2452
Metrics/motion/error_anchor_ang_vel: 1.5294
     Metrics/motion/error_body_pos: 0.4418
     Metrics/motion/error_body_rot: 0.8700
 Metrics/motion/error_body_lin_vel: 2.3822
 Metrics/motion/error_body_ang_vel: 3.4777
    Metrics/motion/error_joint_pos: 2.3461
    Metrics/motion/error_joint_vel: 12.8203
   Metrics/motion/sampling_entropy: 0.0000
 Metrics/motion/sampling_top1_prob: 0.0000
  Metrics/motion/sampling_top1_bin: 0.0000
Metrics/motion/motion_sampling_prob_mean: 0.1429
Metrics/motion/motion_sampling_prob_std: 0.0000
Metrics/motion/motion_sampling_prob_min: 0.1429
Metrics/motion/motion_sampling_prob_max: 0.1429
Metrics/motion/motion_sampling_prob_entropy: 1.0000
Metrics/motion/hitter_strike_racket_pos_error: 0.4863
Metrics/motion/hitter_strike_racket_vel_error: 2.7323
Metrics/motion/hitter_strike_racket_ori_error: 0.0390
      Episode_Termination/time_out: 0.0000
    Episode_Termination/anchor_pos: 787.2500
    Episode_Termination/anchor_ori: 0.0000
--------------------------------------------------------------------------------
                   Total timesteps: 189600000
                    Iteration time: 10.99s
                      Time elapsed: 00:15:18
                               ETA: 08:02:17

################################################################################
                     [1m Learning iteration 79/10000 [0m                      

                       Computation: 218996 steps/s (collection: 8.648s, learning 2.311s)
             Mean action noise std: 0.51
          Mean value_function loss: 0.1420
               Mean surrogate loss: 0.0076
                 Mean entropy loss: 20.0996
               Mean approx_kl loss: 0.0211
           Mean clip_fraction loss: 0.2316
              Mean ratio_mean loss: 0.9998
          Mean advantage_mean loss: 0.0000
           Mean advantage_std loss: 1.0000
      Mean explained_variance loss: 0.9728
                       Mean reward: 6.55
               Mean episode length: 61.82
Episode_Reward/motion_global_anchor_pos: 0.0395
Episode_Reward/motion_global_anchor_ori: 0.0469
    Episode_Reward/motion_body_pos: 0.0727
    Episode_Reward/motion_body_ori: 0.0118
Episode_Reward/motion_body_lin_vel: 0.0926
Episode_Reward/motion_body_ang_vel: 0.0527
Episode_Reward/motion_anchor_lin_vel: 0.0814
           Episode_Reward/base_pos: 0.2508
         Episode_Reward/racket_pos: 0.0004
         Episode_Reward/racket_vel: 0.0091
         Episode_Reward/racket_ori: 0.1358
Episode_Reward/torso_forward_lean_l2: -0.0101
 Episode_Reward/base_ang_vel_xy_l2: -0.0740
 Episode_Reward/undesired_contacts: -0.0095
Episode_Reward/hitter_foot_slip_l2: -0.0778
Episode_Reward/hitter_hit_unstable_support: -0.0073
Episode_Reward/hitter_foot_edge_drag: -0.0081
    Episode_Reward/hip_yaw_default: 0.2370
     Episode_Reward/action_rate_l2: -0.1657
        Episode_Reward/joint_limit: -0.0064
          Episode_Reward/joint_acc: -0.0068
       Episode_Reward/joint_torque: -0.0022
   Metrics/motion/error_anchor_pos: 0.6971
   Metrics/motion/error_anchor_rot: 0.3398
Metrics/motion/error_anchor_lin_vel: 2.2492
Metrics/motion/error_anchor_ang_vel: 1.5179
     Metrics/motion/error_body_pos: 0.4414
     Metrics/motion/error_body_rot: 0.8647
 Metrics/motion/error_body_lin_vel: 2.3814
 Metrics/motion/error_body_ang_vel: 3.4540
    Metrics/motion/error_joint_pos: 2.3437
    Metrics/motion/error_joint_vel: 12.8039
   Metrics/motion/sampling_entropy: 0.0000
 Metrics/motion/sampling_top1_prob: 0.0000
  Metrics/motion/sampling_top1_bin: 0.0000
Metrics/motion/motion_sampling_prob_mean: 0.1429
Metrics/motion/motion_sampling_prob_std: 0.0000
Metrics/motion/motion_sampling_prob_min: 0.1429
Metrics/motion/motion_sampling_prob_max: 0.1429
Metrics/motion/motion_sampling_prob_entropy: 1.0000
Metrics/motion/hitter_strike_racket_pos_error: 0.4849
Metrics/motion/hitter_strike_racket_vel_error: 2.7221
Metrics/motion/hitter_strike_racket_ori_error: 0.0389
      Episode_Termination/time_out: 0.0000
    Episode_Termination/anchor_pos: 771.0417
    Episode_Termination/anchor_ori: 0.0000
--------------------------------------------------------------------------------
                   Total timesteps: 192000000
                    Iteration time: 10.96s
                      Time elapsed: 00:15:29
                               ETA: 08:00:43

################################################################################
                     [1m Learning iteration 80/10000 [0m                      

                       Computation: 223041 steps/s (collection: 8.492s, learning 2.268s)
             Mean action noise std: 0.50
          Mean value_function loss: 0.1334
               Mean surrogate loss: -0.0020
                 Mean entropy loss: 20.0073
               Mean approx_kl loss: 0.0081
           Mean clip_fraction loss: 0.1066
              Mean ratio_mean loss: 1.0000
          Mean advantage_mean loss: 0.0000
           Mean advantage_std loss: 1.0000
      Mean explained_variance loss: 0.9739
                       Mean reward: 6.50
               Mean episode length: 62.60
Episode_Reward/motion_global_anchor_pos: 0.0405
Episode_Reward/motion_global_anchor_ori: 0.0478
    Episode_Reward/motion_body_pos: 0.0745
    Episode_Reward/motion_body_ori: 0.0119
Episode_Reward/motion_body_lin_vel: 0.0957
Episode_Reward/motion_body_ang_vel: 0.0543
Episode_Reward/motion_anchor_lin_vel: 0.0838
           Episode_Reward/base_pos: 0.2534
         Episode_Reward/racket_pos: 0.0004
         Episode_Reward/racket_vel: 0.0092
         Episode_Reward/racket_ori: 0.1394
Episode_Reward/torso_forward_lean_l2: -0.0103
 Episode_Reward/base_ang_vel_xy_l2: -0.0749
 Episode_Reward/undesired_contacts: -0.0097
Episode_Reward/hitter_foot_slip_l2: -0.0789
Episode_Reward/hitter_hit_unstable_support: -0.0073
Episode_Reward/hitter_foot_edge_drag: -0.0082
    Episode_Reward/hip_yaw_default: 0.2420
     Episode_Reward/action_rate_l2: -0.1680
        Episode_Reward/joint_limit: -0.0064
          Episode_Reward/joint_acc: -0.0069
       Episode_Reward/joint_torque: -0.0022
   Metrics/motion/error_anchor_pos: 0.6984
   Metrics/motion/error_anchor_rot: 0.3383
Metrics/motion/error_anchor_lin_vel: 2.2437
Metrics/motion/error_anchor_ang_vel: 1.5232
     Metrics/motion/error_body_pos: 0.4407
     Metrics/motion/error_body_rot: 0.8603
 Metrics/motion/error_body_lin_vel: 2.3816
 Metrics/motion/error_body_ang_vel: 3.4737
    Metrics/motion/error_joint_pos: 2.3440
    Metrics/motion/error_joint_vel: 12.7906
   Metrics/motion/sampling_entropy: 0.0000
 Metrics/motion/sampling_top1_prob: 0.0000
  Metrics/motion/sampling_top1_bin: 0.0000
Metrics/motion/motion_sampling_prob_mean: 0.1429
Metrics/motion/motion_sampling_prob_std: 0.0000
Metrics/motion/motion_sampling_prob_min: 0.1429
Metrics/motion/motion_sampling_prob_max: 0.1429
Metrics/motion/motion_sampling_prob_entropy: 1.0000
Metrics/motion/hitter_strike_racket_pos_error: 0.4957
Metrics/motion/hitter_strike_racket_vel_error: 2.7940
Metrics/motion/hitter_strike_racket_ori_error: 0.0391
      Episode_Termination/time_out: 0.0000
    Episode_Termination/anchor_pos: 755.8750
    Episode_Termination/anchor_ori: 0.0000
--------------------------------------------------------------------------------
                   Total timesteps: 194400000
                    Iteration time: 10.76s
                      Time elapsed: 00:15:40
                               ETA: 07:58:47

################################################################################
                     [1m Learning iteration 81/10000 [0m                      

                       Computation: 230398 steps/s (collection: 8.604s, learning 1.813s)
             Mean action noise std: 0.50
          Mean value_function loss: 0.1367
               Mean surrogate loss: -0.0036
                 Mean entropy loss: 19.8334
               Mean approx_kl loss: 0.0073
           Mean clip_fraction loss: 0.0944
              Mean ratio_mean loss: 1.0000
          Mean advantage_mean loss: 0.0000
           Mean advantage_std loss: 1.0000
      Mean explained_variance loss: 0.9738
                       Mean reward: 6.90
               Mean episode length: 65.59
Episode_Reward/motion_global_anchor_pos: 0.0415
Episode_Reward/motion_global_anchor_ori: 0.0489
    Episode_Reward/motion_body_pos: 0.0763
    Episode_Reward/motion_body_ori: 0.0120
Episode_Reward/motion_body_lin_vel: 0.0990
Episode_Reward/motion_body_ang_vel: 0.0561
Episode_Reward/motion_anchor_lin_vel: 0.0865
           Episode_Reward/base_pos: 0.2557
         Episode_Reward/racket_pos: 0.0005
         Episode_Reward/racket_vel: 0.0091
         Episode_Reward/racket_ori: 0.1411
Episode_Reward/torso_forward_lean_l2: -0.0103
 Episode_Reward/base_ang_vel_xy_l2: -0.0764
 Episode_Reward/undesired_contacts: -0.0100
Episode_Reward/hitter_foot_slip_l2: -0.0802
Episode_Reward/hitter_hit_unstable_support: -0.0076
Episode_Reward/hitter_foot_edge_drag: -0.0082
    Episode_Reward/hip_yaw_default: 0.2476
     Episode_Reward/action_rate_l2: -0.1709
        Episode_Reward/joint_limit: -0.0062
          Episode_Reward/joint_acc: -0.0070
       Episode_Reward/joint_torque: -0.0023
   Metrics/motion/error_anchor_pos: 0.7010
   Metrics/motion/error_anchor_rot: 0.3434
Metrics/motion/error_anchor_lin_vel: 2.2485
Metrics/motion/error_anchor_ang_vel: 1.5422
     Metrics/motion/error_body_pos: 0.4415
     Metrics/motion/error_body_rot: 0.8585
 Metrics/motion/error_body_lin_vel: 2.3859
 Metrics/motion/error_body_ang_vel: 3.4581
    Metrics/motion/error_joint_pos: 2.3390
    Metrics/motion/error_joint_vel: 12.7066
   Metrics/motion/sampling_entropy: 0.0000
 Metrics/motion/sampling_top1_prob: 0.0000
  Metrics/motion/sampling_top1_bin: 0.0000
Metrics/motion/motion_sampling_prob_mean: 0.1429
Metrics/motion/motion_sampling_prob_std: 0.0000
Metrics/motion/motion_sampling_prob_min: 0.1429
Metrics/motion/motion_sampling_prob_max: 0.1429
Metrics/motion/motion_sampling_prob_entropy: 1.0000
Metrics/motion/hitter_strike_racket_pos_error: 0.5002
Metrics/motion/hitter_strike_racket_vel_error: 2.8340
Metrics/motion/hitter_strike_racket_ori_error: 0.0404
      Episode_Termination/time_out: 0.0000
    Episode_Termination/anchor_pos: 739.2917
    Episode_Termination/anchor_ori: 0.0000
--------------------------------------------------------------------------------
                   Total timesteps: 196800000
                    Iteration time: 10.42s
                      Time elapsed: 00:15:50
                               ETA: 07:56:11

################################################################################
                     [1m Learning iteration 82/10000 [0m                      

                       Computation: 237175 steps/s (collection: 8.679s, learning 1.440s)
             Mean action noise std: 0.50
          Mean value_function loss: 0.1462
               Mean surrogate loss: 0.0002
                 Mean entropy loss: 19.6983
               Mean approx_kl loss: 0.0109
           Mean clip_fraction loss: 0.1445
              Mean ratio_mean loss: 0.9996
          Mean advantage_mean loss: 0.0000
           Mean advantage_std loss: 1.0000
      Mean explained_variance loss: 0.9726
                       Mean reward: 6.95
               Mean episode length: 65.50
Episode_Reward/motion_global_anchor_pos: 0.0420
Episode_Reward/motion_global_anchor_ori: 0.0493
    Episode_Reward/motion_body_pos: 0.0776
    Episode_Reward/motion_body_ori: 0.0122
Episode_Reward/motion_body_lin_vel: 0.1011
Episode_Reward/motion_body_ang_vel: 0.0574
Episode_Reward/motion_anchor_lin_vel: 0.0882
           Episode_Reward/base_pos: 0.2570
         Episode_Reward/racket_pos: 0.0005
         Episode_Reward/racket_vel: 0.0091
         Episode_Reward/racket_ori: 0.1427
Episode_Reward/torso_forward_lean_l2: -0.0104
 Episode_Reward/base_ang_vel_xy_l2: -0.0776
 Episode_Reward/undesired_contacts: -0.0102
Episode_Reward/hitter_foot_slip_l2: -0.0807
Episode_Reward/hitter_hit_unstable_support: -0.0078
Episode_Reward/hitter_foot_edge_drag: -0.0083
    Episode_Reward/hip_yaw_default: 0.2511
     Episode_Reward/action_rate_l2: -0.1720
        Episode_Reward/joint_limit: -0.0063
          Episode_Reward/joint_acc: -0.0070
       Episode_Reward/joint_torque: -0.0023
   Metrics/motion/error_anchor_pos: 0.7026
   Metrics/motion/error_anchor_rot: 0.3528
Metrics/motion/error_anchor_lin_vel: 2.2461
Metrics/motion/error_anchor_ang_vel: 1.5514
     Metrics/motion/error_body_pos: 0.4410
     Metrics/motion/error_body_rot: 0.8595
 Metrics/motion/error_body_lin_vel: 2.3824
 Metrics/motion/error_body_ang_vel: 3.4565
    Metrics/motion/error_joint_pos: 2.3327
    Metrics/motion/error_joint_vel: 12.6715
   Metrics/motion/sampling_entropy: 0.0000
 Metrics/motion/sampling_top1_prob: 0.0000
  Metrics/motion/sampling_top1_bin: 0.0000
Metrics/motion/motion_sampling_prob_mean: 0.1429
Metrics/motion/motion_sampling_prob_std: 0.0000
Metrics/motion/motion_sampling_prob_min: 0.1429
Metrics/motion/motion_sampling_prob_max: 0.1429
Metrics/motion/motion_sampling_prob_entropy: 1.0000
Metrics/motion/hitter_strike_racket_pos_error: 0.5007
Metrics/motion/hitter_strike_racket_vel_error: 2.8472
Metrics/motion/hitter_strike_racket_ori_error: 0.0409
      Episode_Termination/time_out: 0.0000
    Episode_Termination/anchor_pos: 723.2500
    Episode_Termination/anchor_ori: 0.0000
--------------------------------------------------------------------------------
                   Total timesteps: 199200000
                    Iteration time: 10.12s
                      Time elapsed: 00:16:00
                               ETA: 07:53:04

################################################################################
                     [1m Learning iteration 83/10000 [0m                      

                       Computation: 234567 steps/s (collection: 8.658s, learning 1.574s)
             Mean action noise std: 0.50
          Mean value_function loss: 0.1614
               Mean surrogate loss: 0.0007
                 Mean entropy loss: 19.5635
               Mean approx_kl loss: 0.0115
           Mean clip_fraction loss: 0.1622
              Mean ratio_mean loss: 0.9999
          Mean advantage_mean loss: -0.0000
           Mean advantage_std loss: 1.0000
      Mean explained_variance loss: 0.9709
                       Mean reward: 7.21
               Mean episode length: 68.99
Episode_Reward/motion_global_anchor_pos: 0.0429
Episode_Reward/motion_global_anchor_ori: 0.0501
    Episode_Reward/motion_body_pos: 0.0793
    Episode_Reward/motion_body_ori: 0.0123
Episode_Reward/motion_body_lin_vel: 0.1040
Episode_Reward/motion_body_ang_vel: 0.0590
Episode_Reward/motion_anchor_lin_vel: 0.0906
           Episode_Reward/base_pos: 0.2580
         Episode_Reward/racket_pos: 0.0005
         Episode_Reward/racket_vel: 0.0091
         Episode_Reward/racket_ori: 0.1446
Episode_Reward/torso_forward_lean_l2: -0.0104
 Episode_Reward/base_ang_vel_xy_l2: -0.0783
 Episode_Reward/undesired_contacts: -0.0105
Episode_Reward/hitter_foot_slip_l2: -0.0817
Episode_Reward/hitter_hit_unstable_support: -0.0080
Episode_Reward/hitter_foot_edge_drag: -0.0084
    Episode_Reward/hip_yaw_default: 0.2559
     Episode_Reward/action_rate_l2: -0.1738
        Episode_Reward/joint_limit: -0.0062
          Episode_Reward/joint_acc: -0.0071
       Episode_Reward/joint_torque: -0.0024
   Metrics/motion/error_anchor_pos: 0.7042
   Metrics/motion/error_anchor_rot: 0.3547
Metrics/motion/error_anchor_lin_vel: 2.2471
Metrics/motion/error_anchor_ang_vel: 1.5493
     Metrics/motion/error_body_pos: 0.4407
     Metrics/motion/error_body_rot: 0.8573
 Metrics/motion/error_body_lin_vel: 2.3828
 Metrics/motion/error_body_ang_vel: 3.4514
    Metrics/motion/error_joint_pos: 2.3291
    Metrics/motion/error_joint_vel: 12.6089
   Metrics/motion/sampling_entropy: 0.0000
 Metrics/motion/sampling_top1_prob: 0.0000
  Metrics/motion/sampling_top1_bin: 0.0000
Metrics/motion/motion_sampling_prob_mean: 0.1429
Metrics/motion/motion_sampling_prob_std: 0.0000
Metrics/motion/motion_sampling_prob_min: 0.1429
Metrics/motion/motion_sampling_prob_max: 0.1429
Metrics/motion/motion_sampling_prob_entropy: 1.0000
Metrics/motion/hitter_strike_racket_pos_error: 0.5085
Metrics/motion/hitter_strike_racket_vel_error: 2.9004
Metrics/motion/hitter_strike_racket_ori_error: 0.0425
      Episode_Termination/time_out: 0.0000
    Episode_Termination/anchor_pos: 708.5000
    Episode_Termination/anchor_ori: 0.0000
--------------------------------------------------------------------------------
                   Total timesteps: 201600000
                    Iteration time: 10.23s
                      Time elapsed: 00:16:10
                               ETA: 07:50:14

################################################################################
                     [1m Learning iteration 84/10000 [0m                      

                       Computation: 234531 steps/s (collection: 8.501s, learning 1.732s)
             Mean action noise std: 0.50
          Mean value_function loss: 0.1931
               Mean surrogate loss: 0.0023
                 Mean entropy loss: 19.4660
               Mean approx_kl loss: 0.0131
           Mean clip_fraction loss: 0.1772
              Mean ratio_mean loss: 0.9999
          Mean advantage_mean loss: -0.0000
           Mean advantage_std loss: 1.0000
      Mean explained_variance loss: 0.9668
                       Mean reward: 7.22
               Mean episode length: 68.16
Episode_Reward/motion_global_anchor_pos: 0.0441
Episode_Reward/motion_global_anchor_ori: 0.0511
    Episode_Reward/motion_body_pos: 0.0813
    Episode_Reward/motion_body_ori: 0.0124
Episode_Reward/motion_body_lin_vel: 0.1079
Episode_Reward/motion_body_ang_vel: 0.0611
Episode_Reward/motion_anchor_lin_vel: 0.0936
           Episode_Reward/base_pos: 0.2610
         Episode_Reward/racket_pos: 0.0005
         Episode_Reward/racket_vel: 0.0092
         Episode_Reward/racket_ori: 0.1466
Episode_Reward/torso_forward_lean_l2: -0.0106
 Episode_Reward/base_ang_vel_xy_l2: -0.0796
 Episode_Reward/undesired_contacts: -0.0108
Episode_Reward/hitter_foot_slip_l2: -0.0826
Episode_Reward/hitter_hit_unstable_support: -0.0081
Episode_Reward/hitter_foot_edge_drag: -0.0085
    Episode_Reward/hip_yaw_default: 0.2622
     Episode_Reward/action_rate_l2: -0.1769
        Episode_Reward/joint_limit: -0.0061
          Episode_Reward/joint_acc: -0.0072
       Episode_Reward/joint_torque: -0.0024
   Metrics/motion/error_anchor_pos: 0.7062
   Metrics/motion/error_anchor_rot: 0.3626
Metrics/motion/error_anchor_lin_vel: 2.2491
Metrics/motion/error_anchor_ang_vel: 1.5503
     Metrics/motion/error_body_pos: 0.4411
     Metrics/motion/error_body_rot: 0.8579
 Metrics/motion/error_body_lin_vel: 2.3852
 Metrics/motion/error_body_ang_vel: 3.4405
    Metrics/motion/error_joint_pos: 2.3236
    Metrics/motion/error_joint_vel: 12.5525
   Metrics/motion/sampling_entropy: 0.0000
 Metrics/motion/sampling_top1_prob: 0.0000
  Metrics/motion/sampling_top1_bin: 0.0000
Metrics/motion/motion_sampling_prob_mean: 0.1429
Metrics/motion/motion_sampling_prob_std: 0.0000
Metrics/motion/motion_sampling_prob_min: 0.1429
Metrics/motion/motion_sampling_prob_max: 0.1429
Metrics/motion/motion_sampling_prob_entropy: 1.0000
Metrics/motion/hitter_strike_racket_pos_error: 0.5085
Metrics/motion/hitter_strike_racket_vel_error: 2.9117
Metrics/motion/hitter_strike_racket_ori_error: 0.0423
      Episode_Termination/time_out: 0.0000
    Episode_Termination/anchor_pos: 679.4584
    Episode_Termination/anchor_ori: 0.0000
--------------------------------------------------------------------------------
                   Total timesteps: 204000000
                    Iteration time: 10.23s
                      Time elapsed: 00:16:21
                               ETA: 07:47:28

################################################################################
                     [1m Learning iteration 85/10000 [0m                      

                       Computation: 235089 steps/s (collection: 8.550s, learning 1.659s)
             Mean action noise std: 0.49
          Mean value_function loss: 0.1988
               Mean surrogate loss: 0.0007
                 Mean entropy loss: 19.3702
               Mean approx_kl loss: 0.0115
           Mean clip_fraction loss: 0.1573
              Mean ratio_mean loss: 1.0000
          Mean advantage_mean loss: -0.0000
           Mean advantage_std loss: 1.0000
      Mean explained_variance loss: 0.9674
                       Mean reward: 7.88
               Mean episode length: 73.57
Episode_Reward/motion_global_anchor_pos: 0.0453
Episode_Reward/motion_global_anchor_ori: 0.0523
    Episode_Reward/motion_body_pos: 0.0834
    Episode_Reward/motion_body_ori: 0.0125
Episode_Reward/motion_body_lin_vel: 0.1117
Episode_Reward/motion_body_ang_vel: 0.0631
Episode_Reward/motion_anchor_lin_vel: 0.0967
           Episode_Reward/base_pos: 0.2636
         Episode_Reward/racket_pos: 0.0004
         Episode_Reward/racket_vel: 0.0093
         Episode_Reward/racket_ori: 0.1490
Episode_Reward/torso_forward_lean_l2: -0.0109
 Episode_Reward/base_ang_vel_xy_l2: -0.0811
 Episode_Reward/undesired_contacts: -0.0112
Episode_Reward/hitter_foot_slip_l2: -0.0838
Episode_Reward/hitter_hit_unstable_support: -0.0082
Episode_Reward/hitter_foot_edge_drag: -0.0087
    Episode_Reward/hip_yaw_default: 0.2685
     Episode_Reward/action_rate_l2: -0.1800
        Episode_Reward/joint_limit: -0.0060
          Episode_Reward/joint_acc: -0.0072
       Episode_Reward/joint_torque: -0.0025
   Metrics/motion/error_anchor_pos: 0.7085
   Metrics/motion/error_anchor_rot: 0.3716
Metrics/motion/error_anchor_lin_vel: 2.2465
Metrics/motion/error_anchor_ang_vel: 1.5515
     Metrics/motion/error_body_pos: 0.4405
     Metrics/motion/error_body_rot: 0.8543
 Metrics/motion/error_body_lin_vel: 2.3918
 Metrics/motion/error_body_ang_vel: 3.4299
    Metrics/motion/error_joint_pos: 2.3091
    Metrics/motion/error_joint_vel: 12.4441
   Metrics/motion/sampling_entropy: 0.0000
 Metrics/motion/sampling_top1_prob: 0.0000
  Metrics/motion/sampling_top1_bin: 0.0000
Metrics/motion/motion_sampling_prob_mean: 0.1429
Metrics/motion/motion_sampling_prob_std: 0.0000
Metrics/motion/motion_sampling_prob_min: 0.1429
Metrics/motion/motion_sampling_prob_max: 0.1429
Metrics/motion/motion_sampling_prob_entropy: 1.0000
Metrics/motion/hitter_strike_racket_pos_error: 0.5178
Metrics/motion/hitter_strike_racket_vel_error: 2.9508
Metrics/motion/hitter_strike_racket_ori_error: 0.0430
      Episode_Termination/time_out: 0.0000
    Episode_Termination/anchor_pos: 676.0417
    Episode_Termination/anchor_ori: 0.0000
--------------------------------------------------------------------------------
                   Total timesteps: 206400000
                    Iteration time: 10.21s
                      Time elapsed: 00:16:31
                               ETA: 07:44:43

################################################################################
                     [1m Learning iteration 86/10000 [0m                      

                       Computation: 229531 steps/s (collection: 8.532s, learning 1.924s)
             Mean action noise std: 0.49
          Mean value_function loss: 0.2106
               Mean surrogate loss: -0.0012
                 Mean entropy loss: 19.2418
               Mean approx_kl loss: 0.0089
           Mean clip_fraction loss: 0.1198
              Mean ratio_mean loss: 0.9999
          Mean advantage_mean loss: -0.0000
           Mean advantage_std loss: 1.0000
      Mean explained_variance loss: 0.9665
                       Mean reward: 7.22
               Mean episode length: 69.30
Episode_Reward/motion_global_anchor_pos: 0.0466
Episode_Reward/motion_global_anchor_ori: 0.0534
    Episode_Reward/motion_body_pos: 0.0853
    Episode_Reward/motion_body_ori: 0.0125
Episode_Reward/motion_body_lin_vel: 0.1154
Episode_Reward/motion_body_ang_vel: 0.0652
Episode_Reward/motion_anchor_lin_vel: 0.0997
           Episode_Reward/base_pos: 0.2654
         Episode_Reward/racket_pos: 0.0005
         Episode_Reward/racket_vel: 0.0094
         Episode_Reward/racket_ori: 0.1520
Episode_Reward/torso_forward_lean_l2: -0.0113
 Episode_Reward/base_ang_vel_xy_l2: -0.0823
 Episode_Reward/undesired_contacts: -0.0116
Episode_Reward/hitter_foot_slip_l2: -0.0850
Episode_Reward/hitter_hit_unstable_support: -0.0082
Episode_Reward/hitter_foot_edge_drag: -0.0088
    Episode_Reward/hip_yaw_default: 0.2746
     Episode_Reward/action_rate_l2: -0.1830
        Episode_Reward/joint_limit: -0.0059
          Episode_Reward/joint_acc: -0.0073
       Episode_Reward/joint_torque: -0.0025
   Metrics/motion/error_anchor_pos: 0.7088
   Metrics/motion/error_anchor_rot: 0.3764
Metrics/motion/error_anchor_lin_vel: 2.2469
Metrics/motion/error_anchor_ang_vel: 1.5721
     Metrics/motion/error_body_pos: 0.4408
     Metrics/motion/error_body_rot: 0.8550
 Metrics/motion/error_body_lin_vel: 2.3913
 Metrics/motion/error_body_ang_vel: 3.4359
    Metrics/motion/error_joint_pos: 2.3073
    Metrics/motion/error_joint_vel: 12.4160
   Metrics/motion/sampling_entropy: 0.0000
 Metrics/motion/sampling_top1_prob: 0.0000
  Metrics/motion/sampling_top1_bin: 0.0000
Metrics/motion/motion_sampling_prob_mean: 0.1429
Metrics/motion/motion_sampling_prob_std: 0.0000
Metrics/motion/motion_sampling_prob_min: 0.1429
Metrics/motion/motion_sampling_prob_max: 0.1429
Metrics/motion/motion_sampling_prob_entropy: 1.0000
Metrics/motion/hitter_strike_racket_pos_error: 0.5236
Metrics/motion/hitter_strike_racket_vel_error: 2.9776
Metrics/motion/hitter_strike_racket_ori_error: 0.0427
      Episode_Termination/time_out: 0.0000
    Episode_Termination/anchor_pos: 660.9584
    Episode_Termination/anchor_ori: 0.0000
--------------------------------------------------------------------------------
                   Total timesteps: 208800000
                    Iteration time: 10.46s
                      Time elapsed: 00:16:41
                               ETA: 07:42:29

################################################################################
                     [1m Learning iteration 87/10000 [0m                      

                       Computation: 228358 steps/s (collection: 8.331s, learning 2.179s)
             Mean action noise std: 0.49
          Mean value_function loss: 0.2009
               Mean surrogate loss: 0.0081
                 Mean entropy loss: 19.1649
               Mean approx_kl loss: 0.0176
           Mean clip_fraction loss: 0.2188
              Mean ratio_mean loss: 0.9999
          Mean advantage_mean loss: 0.0000
           Mean advantage_std loss: 1.0000
      Mean explained_variance loss: 0.9664
                       Mean reward: 7.74
               Mean episode length: 72.23
Episode_Reward/motion_global_anchor_pos: 0.0479
Episode_Reward/motion_global_anchor_ori: 0.0543
    Episode_Reward/motion_body_pos: 0.0875
    Episode_Reward/motion_body_ori: 0.0127
Episode_Reward/motion_body_lin_vel: 0.1196
Episode_Reward/motion_body_ang_vel: 0.0674
Episode_Reward/motion_anchor_lin_vel: 0.1031
           Episode_Reward/base_pos: 0.2698
         Episode_Reward/racket_pos: 0.0005
         Episode_Reward/racket_vel: 0.0094
         Episode_Reward/racket_ori: 0.1540
Episode_Reward/torso_forward_lean_l2: -0.0116
 Episode_Reward/base_ang_vel_xy_l2: -0.0837
 Episode_Reward/undesired_contacts: -0.0120
Episode_Reward/hitter_foot_slip_l2: -0.0861
Episode_Reward/hitter_hit_unstable_support: -0.0082
Episode_Reward/hitter_foot_edge_drag: -0.0090
    Episode_Reward/hip_yaw_default: 0.2814
     Episode_Reward/action_rate_l2: -0.1865
        Episode_Reward/joint_limit: -0.0059
          Episode_Reward/joint_acc: -0.0075
       Episode_Reward/joint_torque: -0.0026
   Metrics/motion/error_anchor_pos: 0.7098
   Metrics/motion/error_anchor_rot: 0.3864
Metrics/motion/error_anchor_lin_vel: 2.2457
Metrics/motion/error_anchor_ang_vel: 1.5821
     Metrics/motion/error_body_pos: 0.4407
     Metrics/motion/error_body_rot: 0.8544
 Metrics/motion/error_body_lin_vel: 2.3868
 Metrics/motion/error_body_ang_vel: 3.4263
    Metrics/motion/error_joint_pos: 2.3034
    Metrics/motion/error_joint_vel: 12.3346
   Metrics/motion/sampling_entropy: 0.0000
 Metrics/motion/sampling_top1_prob: 0.0000
  Metrics/motion/sampling_top1_bin: 0.0000
Metrics/motion/motion_sampling_prob_mean: 0.1429
Metrics/motion/motion_sampling_prob_std: 0.0000
Metrics/motion/motion_sampling_prob_min: 0.1429
Metrics/motion/motion_sampling_prob_max: 0.1429
Metrics/motion/motion_sampling_prob_entropy: 1.0000
Metrics/motion/hitter_strike_racket_pos_error: 0.5261
Metrics/motion/hitter_strike_racket_vel_error: 2.9984
Metrics/motion/hitter_strike_racket_ori_error: 0.0432
      Episode_Termination/time_out: 0.0000
    Episode_Termination/anchor_pos: 644.1667
    Episode_Termination/anchor_ori: 0.0000
--------------------------------------------------------------------------------
                   Total timesteps: 211200000
                    Iteration time: 10.51s
                      Time elapsed: 00:16:52
                               ETA: 07:40:25

################################################################################
                     [1m Learning iteration 88/10000 [0m                      

                       Computation: 232385 steps/s (collection: 8.420s, learning 1.908s)
             Mean action noise std: 0.49
          Mean value_function loss: 0.1983
               Mean surrogate loss: -0.0017
                 Mean entropy loss: 19.1019
               Mean approx_kl loss: 0.0069
           Mean clip_fraction loss: 0.0860
              Mean ratio_mean loss: 1.0000
          Mean advantage_mean loss: 0.0000
           Mean advantage_std loss: 1.0000
      Mean explained_variance loss: 0.9678
                       Mean reward: 8.47
               Mean episode length: 77.03
Episode_Reward/motion_global_anchor_pos: 0.0483
Episode_Reward/motion_global_anchor_ori: 0.0545
    Episode_Reward/motion_body_pos: 0.0882
    Episode_Reward/motion_body_ori: 0.0127
Episode_Reward/motion_body_lin_vel: 0.1210
Episode_Reward/motion_body_ang_vel: 0.0684
Episode_Reward/motion_anchor_lin_vel: 0.1041
           Episode_Reward/base_pos: 0.2707
         Episode_Reward/racket_pos: 0.0005
         Episode_Reward/racket_vel: 0.0096
         Episode_Reward/racket_ori: 0.1557
Episode_Reward/torso_forward_lean_l2: -0.0117
 Episode_Reward/base_ang_vel_xy_l2: -0.0836
 Episode_Reward/undesired_contacts: -0.0121
Episode_Reward/hitter_foot_slip_l2: -0.0865
Episode_Reward/hitter_hit_unstable_support: -0.0083
Episode_Reward/hitter_foot_edge_drag: -0.0090
    Episode_Reward/hip_yaw_default: 0.2836
     Episode_Reward/action_rate_l2: -0.1868
        Episode_Reward/joint_limit: -0.0061
          Episode_Reward/joint_acc: -0.0075
       Episode_Reward/joint_torque: -0.0026
   Metrics/motion/error_anchor_pos: 0.7121
   Metrics/motion/error_anchor_rot: 0.3880
Metrics/motion/error_anchor_lin_vel: 2.2481
Metrics/motion/error_anchor_ang_vel: 1.5563
     Metrics/motion/error_body_pos: 0.4404
     Metrics/motion/error_body_rot: 0.8538
 Metrics/motion/error_body_lin_vel: 2.3962
 Metrics/motion/error_body_ang_vel: 3.4012
    Metrics/motion/error_joint_pos: 2.3001
    Metrics/motion/error_joint_vel: 12.2832
   Metrics/motion/sampling_entropy: 0.0000
 Metrics/motion/sampling_top1_prob: 0.0000
  Metrics/motion/sampling_top1_bin: 0.0000
Metrics/motion/motion_sampling_prob_mean: 0.1429
Metrics/motion/motion_sampling_prob_std: 0.0000
Metrics/motion/motion_sampling_prob_min: 0.1429
Metrics/motion/motion_sampling_prob_max: 0.1429
Metrics/motion/motion_sampling_prob_entropy: 1.0000
Metrics/motion/hitter_strike_racket_pos_error: 0.5274
Metrics/motion/hitter_strike_racket_vel_error: 2.9983
Metrics/motion/hitter_strike_racket_ori_error: 0.0419
      Episode_Termination/time_out: 0.0000
    Episode_Termination/anchor_pos: 643.2917
    Episode_Termination/anchor_ori: 0.0000
--------------------------------------------------------------------------------
                   Total timesteps: 213600000
                    Iteration time: 10.33s
                      Time elapsed: 00:17:02
                               ETA: 07:38:02

################################################################################
                     [1m Learning iteration 89/10000 [0m                      

                       Computation: 236682 steps/s (collection: 8.752s, learning 1.388s)
             Mean action noise std: 0.49
          Mean value_function loss: 0.2213
               Mean surrogate loss: -0.0008
                 Mean entropy loss: 18.9688
               Mean approx_kl loss: 0.0091
           Mean clip_fraction loss: 0.1264
              Mean ratio_mean loss: 1.0000
          Mean advantage_mean loss: 0.0000
           Mean advantage_std loss: 1.0000
      Mean explained_variance loss: 0.9660
                       Mean reward: 8.30
               Mean episode length: 75.14
Episode_Reward/motion_global_anchor_pos: 0.0501
Episode_Reward/motion_global_anchor_ori: 0.0564
    Episode_Reward/motion_body_pos: 0.0906
    Episode_Reward/motion_body_ori: 0.0127
Episode_Reward/motion_body_lin_vel: 0.1258
Episode_Reward/motion_body_ang_vel: 0.0708
Episode_Reward/motion_anchor_lin_vel: 0.1080
           Episode_Reward/base_pos: 0.2742
         Episode_Reward/racket_pos: 0.0005
         Episode_Reward/racket_vel: 0.0099
         Episode_Reward/racket_ori: 0.1583
Episode_Reward/torso_forward_lean_l2: -0.0119
 Episode_Reward/base_ang_vel_xy_l2: -0.0851
 Episode_Reward/undesired_contacts: -0.0125
Episode_Reward/hitter_foot_slip_l2: -0.0878
Episode_Reward/hitter_hit_unstable_support: -0.0085
Episode_Reward/hitter_foot_edge_drag: -0.0093
    Episode_Reward/hip_yaw_default: 0.2915
     Episode_Reward/action_rate_l2: -0.1912
        Episode_Reward/joint_limit: -0.0059
          Episode_Reward/joint_acc: -0.0077
       Episode_Reward/joint_torque: -0.0026
   Metrics/motion/error_anchor_pos: 0.7122
   Metrics/motion/error_anchor_rot: 0.3810
Metrics/motion/error_anchor_lin_vel: 2.2560
Metrics/motion/error_anchor_ang_vel: 1.5578
     Metrics/motion/error_body_pos: 0.4405
     Metrics/motion/error_body_rot: 0.8526
 Metrics/motion/error_body_lin_vel: 2.4018
 Metrics/motion/error_body_ang_vel: 3.3853
    Metrics/motion/error_joint_pos: 2.2975
    Metrics/motion/error_joint_vel: 12.2535
   Metrics/motion/sampling_entropy: 0.0000
 Metrics/motion/sampling_top1_prob: 0.0000
  Metrics/motion/sampling_top1_bin: 0.0000
Metrics/motion/motion_sampling_prob_mean: 0.1429
Metrics/motion/motion_sampling_prob_std: 0.0000
Metrics/motion/motion_sampling_prob_min: 0.1429
Metrics/motion/motion_sampling_prob_max: 0.1429
Metrics/motion/motion_sampling_prob_entropy: 1.0000
Metrics/motion/hitter_strike_racket_pos_error: 0.5315
Metrics/motion/hitter_strike_racket_vel_error: 3.0059
Metrics/motion/hitter_strike_racket_ori_error: 0.0431
      Episode_Termination/time_out: 0.0000
    Episode_Termination/anchor_pos: 629.2500
    Episode_Termination/anchor_ori: 0.0000
--------------------------------------------------------------------------------
                   Total timesteps: 216000000
                    Iteration time: 10.14s
                      Time elapsed: 00:17:12
                               ETA: 07:35:22

################################################################################
                     [1m Learning iteration 90/10000 [0m                      

                       Computation: 226869 steps/s (collection: 8.478s, learning 2.101s)
             Mean action noise std: 0.49
          Mean value_function loss: 0.2267
               Mean surrogate loss: 0.0052
                 Mean entropy loss: 18.9126
               Mean approx_kl loss: 0.0150
           Mean clip_fraction loss: 0.1783
              Mean ratio_mean loss: 0.9998
          Mean advantage_mean loss: -0.0000
           Mean advantage_std loss: 1.0000
      Mean explained_variance loss: 0.9657
                       Mean reward: 8.33
               Mean episode length: 76.17
Episode_Reward/motion_global_anchor_pos: 0.0512
Episode_Reward/motion_global_anchor_ori: 0.0573
    Episode_Reward/motion_body_pos: 0.0922
    Episode_Reward/motion_body_ori: 0.0127
Episode_Reward/motion_body_lin_vel: 0.1288
Episode_Reward/motion_body_ang_vel: 0.0725
Episode_Reward/motion_anchor_lin_vel: 0.1102
           Episode_Reward/base_pos: 0.2787
         Episode_Reward/racket_pos: 0.0005
         Episode_Reward/racket_vel: 0.0100
         Episode_Reward/racket_ori: 0.1611
Episode_Reward/torso_forward_lean_l2: -0.0120
 Episode_Reward/base_ang_vel_xy_l2: -0.0855
 Episode_Reward/undesired_contacts: -0.0128
Episode_Reward/hitter_foot_slip_l2: -0.0887
Episode_Reward/hitter_hit_unstable_support: -0.0084
Episode_Reward/hitter_foot_edge_drag: -0.0094
    Episode_Reward/hip_yaw_default: 0.2962
     Episode_Reward/action_rate_l2: -0.1930
        Episode_Reward/joint_limit: -0.0057
          Episode_Reward/joint_acc: -0.0077
       Episode_Reward/joint_torque: -0.0027
   Metrics/motion/error_anchor_pos: 0.7120
   Metrics/motion/error_anchor_rot: 0.3751
Metrics/motion/error_anchor_lin_vel: 2.2623
Metrics/motion/error_anchor_ang_vel: 1.5546
     Metrics/motion/error_body_pos: 0.4405
     Metrics/motion/error_body_rot: 0.8564
 Metrics/motion/error_body_lin_vel: 2.4066
 Metrics/motion/error_body_ang_vel: 3.3853
    Metrics/motion/error_joint_pos: 2.2997
    Metrics/motion/error_joint_vel: 12.2730
   Metrics/motion/sampling_entropy: 0.0000
 Metrics/motion/sampling_top1_prob: 0.0000
  Metrics/motion/sampling_top1_bin: 0.0000
Metrics/motion/motion_sampling_prob_mean: 0.1429
Metrics/motion/motion_sampling_prob_std: 0.0000
Metrics/motion/motion_sampling_prob_min: 0.1429
Metrics/motion/motion_sampling_prob_max: 0.1429
Metrics/motion/motion_sampling_prob_entropy: 1.0000
Metrics/motion/hitter_strike_racket_pos_error: 0.5335
Metrics/motion/hitter_strike_racket_vel_error: 3.0308
Metrics/motion/hitter_strike_racket_ori_error: 0.0420
      Episode_Termination/time_out: 0.0000
    Episode_Termination/anchor_pos: 615.0417
    Episode_Termination/anchor_ori: 0.0000
--------------------------------------------------------------------------------
                   Total timesteps: 218400000
                    Iteration time: 10.58s
                      Time elapsed: 00:17:23
                               ETA: 07:33:33

################################################################################
                     [1m Learning iteration 91/10000 [0m                      

                       Computation: 230953 steps/s (collection: 8.451s, learning 1.941s)
             Mean action noise std: 0.49
          Mean value_function loss: 0.2609
               Mean surrogate loss: 0.0022
                 Mean entropy loss: 18.8405
               Mean approx_kl loss: 0.0110
           Mean clip_fraction loss: 0.1390
              Mean ratio_mean loss: 0.9999
          Mean advantage_mean loss: -0.0000
           Mean advantage_std loss: 1.0000
      Mean explained_variance loss: 0.9623
                       Mean reward: 8.85
               Mean episode length: 81.06
Episode_Reward/motion_global_anchor_pos: 0.0519
Episode_Reward/motion_global_anchor_ori: 0.0580
    Episode_Reward/motion_body_pos: 0.0938
    Episode_Reward/motion_body_ori: 0.0128
Episode_Reward/motion_body_lin_vel: 0.1316
Episode_Reward/motion_body_ang_vel: 0.0740
Episode_Reward/motion_anchor_lin_vel: 0.1125
           Episode_Reward/base_pos: 0.2809
         Episode_Reward/racket_pos: 0.0005
         Episode_Reward/racket_vel: 0.0100
         Episode_Reward/racket_ori: 0.1639
Episode_Reward/torso_forward_lean_l2: -0.0124
 Episode_Reward/base_ang_vel_xy_l2: -0.0870
 Episode_Reward/undesired_contacts: -0.0130
Episode_Reward/hitter_foot_slip_l2: -0.0894
Episode_Reward/hitter_hit_unstable_support: -0.0086
Episode_Reward/hitter_foot_edge_drag: -0.0095
    Episode_Reward/hip_yaw_default: 0.3007
     Episode_Reward/action_rate_l2: -0.1952
        Episode_Reward/joint_limit: -0.0056
          Episode_Reward/joint_acc: -0.0077
       Episode_Reward/joint_torque: -0.0027
   Metrics/motion/error_anchor_pos: 0.7144
   Metrics/motion/error_anchor_rot: 0.3884
Metrics/motion/error_anchor_lin_vel: 2.2582
Metrics/motion/error_anchor_ang_vel: 1.5753
     Metrics/motion/error_body_pos: 0.4403
     Metrics/motion/error_body_rot: 0.8544
 Metrics/motion/error_body_lin_vel: 2.4068
 Metrics/motion/error_body_ang_vel: 3.3978
    Metrics/motion/error_joint_pos: 2.2915
    Metrics/motion/error_joint_vel: 12.2011
   Metrics/motion/sampling_entropy: 0.0000
 Metrics/motion/sampling_top1_prob: 0.0000
  Metrics/motion/sampling_top1_bin: 0.0000
Metrics/motion/motion_sampling_prob_mean: 0.1429
Metrics/motion/motion_sampling_prob_std: 0.0000
Metrics/motion/motion_sampling_prob_min: 0.1429
Metrics/motion/motion_sampling_prob_max: 0.1429
Metrics/motion/motion_sampling_prob_entropy: 1.0000
Metrics/motion/hitter_strike_racket_pos_error: 0.5411
Metrics/motion/hitter_strike_racket_vel_error: 3.0619
Metrics/motion/hitter_strike_racket_ori_error: 0.0418
      Episode_Termination/time_out: 0.0000
    Episode_Termination/anchor_pos: 601.1667
    Episode_Termination/anchor_ori: 0.0000
--------------------------------------------------------------------------------
                   Total timesteps: 220800000
                    Iteration time: 10.39s
                      Time elapsed: 00:17:33
                               ETA: 07:31:26

################################################################################
                     [1m Learning iteration 92/10000 [0m                      

                       Computation: 226869 steps/s (collection: 8.435s, learning 2.144s)
             Mean action noise std: 0.49
          Mean value_function loss: 0.3021
               Mean surrogate loss: -0.0015
                 Mean entropy loss: 18.7636
               Mean approx_kl loss: 0.0083
           Mean clip_fraction loss: 0.1042
              Mean ratio_mean loss: 1.0000
          Mean advantage_mean loss: 0.0000
           Mean advantage_std loss: 1.0000
      Mean explained_variance loss: 0.9590
                       Mean reward: 9.64
               Mean episode length: 87.07
Episode_Reward/motion_global_anchor_pos: 0.0524
Episode_Reward/motion_global_anchor_ori: 0.0583
    Episode_Reward/motion_body_pos: 0.0950
    Episode_Reward/motion_body_ori: 0.0130
Episode_Reward/motion_body_lin_vel: 0.1340
Episode_Reward/motion_body_ang_vel: 0.0754
Episode_Reward/motion_anchor_lin_vel: 0.1144
           Episode_Reward/base_pos: 0.2823
         Episode_Reward/racket_pos: 0.0005
         Episode_Reward/racket_vel: 0.0099
         Episode_Reward/racket_ori: 0.1658
Episode_Reward/torso_forward_lean_l2: -0.0127
 Episode_Reward/base_ang_vel_xy_l2: -0.0882
 Episode_Reward/undesired_contacts: -0.0133
Episode_Reward/hitter_foot_slip_l2: -0.0903
Episode_Reward/hitter_hit_unstable_support: -0.0087
Episode_Reward/hitter_foot_edge_drag: -0.0094
    Episode_Reward/hip_yaw_default: 0.3043
     Episode_Reward/action_rate_l2: -0.1968
        Episode_Reward/joint_limit: -0.0054
          Episode_Reward/joint_acc: -0.0078
       Episode_Reward/joint_torque: -0.0028
   Metrics/motion/error_anchor_pos: 0.7181
   Metrics/motion/error_anchor_rot: 0.4049
Metrics/motion/error_anchor_lin_vel: 2.2513
Metrics/motion/error_anchor_ang_vel: 1.5908
     Metrics/motion/error_body_pos: 0.4406
     Metrics/motion/error_body_rot: 0.8551
 Metrics/motion/error_body_lin_vel: 2.4043
 Metrics/motion/error_body_ang_vel: 3.4037
    Metrics/motion/error_joint_pos: 2.2864
    Metrics/motion/error_joint_vel: 12.1114
   Metrics/motion/sampling_entropy: 0.0000
 Metrics/motion/sampling_top1_prob: 0.0000
  Metrics/motion/sampling_top1_bin: 0.0000
Metrics/motion/motion_sampling_prob_mean: 0.1429
Metrics/motion/motion_sampling_prob_std: 0.0000
Metrics/motion/motion_sampling_prob_min: 0.1429
Metrics/motion/motion_sampling_prob_max: 0.1429
Metrics/motion/motion_sampling_prob_entropy: 1.0000
Metrics/motion/hitter_strike_racket_pos_error: 0.5440
Metrics/motion/hitter_strike_racket_vel_error: 3.0984
Metrics/motion/hitter_strike_racket_ori_error: 0.0421
      Episode_Termination/time_out: 0.0000
    Episode_Termination/anchor_pos: 578.6667
    Episode_Termination/anchor_ori: 0.0000
--------------------------------------------------------------------------------
                   Total timesteps: 223200000
                    Iteration time: 10.58s
                      Time elapsed: 00:17:44
                               ETA: 07:29:42

################################################################################
                     [1m Learning iteration 93/10000 [0m                      

                       Computation: 224481 steps/s (collection: 8.841s, learning 1.850s)
             Mean action noise std: 0.49
          Mean value_function loss: 0.3053
               Mean surrogate loss: 0.0016
                 Mean entropy loss: 18.6994
               Mean approx_kl loss: 0.0107
           Mean clip_fraction loss: 0.1390
              Mean ratio_mean loss: 1.0000
          Mean advantage_mean loss: 0.0000
           Mean advantage_std loss: 1.0000
      Mean explained_variance loss: 0.9615
                       Mean reward: 8.94
               Mean episode length: 81.02
Episode_Reward/motion_global_anchor_pos: 0.0531
Episode_Reward/motion_global_anchor_ori: 0.0583
    Episode_Reward/motion_body_pos: 0.0964
    Episode_Reward/motion_body_ori: 0.0130
Episode_Reward/motion_body_lin_vel: 0.1373
Episode_Reward/motion_body_ang_vel: 0.0774
Episode_Reward/motion_anchor_lin_vel: 0.1172
           Episode_Reward/base_pos: 0.2866
         Episode_Reward/racket_pos: 0.0004
         Episode_Reward/racket_vel: 0.0096
         Episode_Reward/racket_ori: 0.1683
Episode_Reward/torso_forward_lean_l2: -0.0132
 Episode_Reward/base_ang_vel_xy_l2: -0.0915
 Episode_Reward/undesired_contacts: -0.0138
Episode_Reward/hitter_foot_slip_l2: -0.0911
Episode_Reward/hitter_hit_unstable_support: -0.0090
Episode_Reward/hitter_foot_edge_drag: -0.0096
    Episode_Reward/hip_yaw_default: 0.3097
     Episode_Reward/action_rate_l2: -0.2001
        Episode_Reward/joint_limit: -0.0052
          Episode_Reward/joint_acc: -0.0078
       Episode_Reward/joint_torque: -0.0028
   Metrics/motion/error_anchor_pos: 0.7246
   Metrics/motion/error_anchor_rot: 0.4502
Metrics/motion/error_anchor_lin_vel: 2.2384
Metrics/motion/error_anchor_ang_vel: 1.6456
     Metrics/motion/error_body_pos: 0.4433
     Metrics/motion/error_body_rot: 0.8527
 Metrics/motion/error_body_lin_vel: 2.4046
 Metrics/motion/error_body_ang_vel: 3.4164
    Metrics/motion/error_joint_pos: 2.2642
    Metrics/motion/error_joint_vel: 11.8967
   Metrics/motion/sampling_entropy: 0.0000
 Metrics/motion/sampling_top1_prob: 0.0000
  Metrics/motion/sampling_top1_bin: 0.0000
Metrics/motion/motion_sampling_prob_mean: 0.1429
Metrics/motion/motion_sampling_prob_std: 0.0000
Metrics/motion/motion_sampling_prob_min: 0.1429
Metrics/motion/motion_sampling_prob_max: 0.1429
Metrics/motion/motion_sampling_prob_entropy: 1.0000
Metrics/motion/hitter_strike_racket_pos_error: 0.5518
Metrics/motion/hitter_strike_racket_vel_error: 3.1544
Metrics/motion/hitter_strike_racket_ori_error: 0.0431
      Episode_Termination/time_out: 0.0000
    Episode_Termination/anchor_pos: 587.5000
    Episode_Termination/anchor_ori: 0.0000
--------------------------------------------------------------------------------
                   Total timesteps: 225600000
                    Iteration time: 10.69s
                      Time elapsed: 00:17:54
                               ETA: 07:28:11

################################################################################
                     [1m Learning iteration 94/10000 [0m                      

                       Computation: 224801 steps/s (collection: 8.944s, learning 1.732s)
             Mean action noise std: 0.48
          Mean value_function loss: 0.3073
               Mean surrogate loss: 0.0028
                 Mean entropy loss: 18.6539
               Mean approx_kl loss: 0.0123
           Mean clip_fraction loss: 0.1411
              Mean ratio_mean loss: 0.9999
          Mean advantage_mean loss: -0.0000
           Mean advantage_std loss: 1.0000
      Mean explained_variance loss: 0.9621
                       Mean reward: 9.86
               Mean episode length: 87.12
Episode_Reward/motion_global_anchor_pos: 0.0539
Episode_Reward/motion_global_anchor_ori: 0.0594
    Episode_Reward/motion_body_pos: 0.0981
    Episode_Reward/motion_body_ori: 0.0131
Episode_Reward/motion_body_lin_vel: 0.1414
Episode_Reward/motion_body_ang_vel: 0.0796
Episode_Reward/motion_anchor_lin_vel: 0.1202
           Episode_Reward/base_pos: 0.2877
         Episode_Reward/racket_pos: 0.0004
         Episode_Reward/racket_vel: 0.0095
         Episode_Reward/racket_ori: 0.1707
Episode_Reward/torso_forward_lean_l2: -0.0135
 Episode_Reward/base_ang_vel_xy_l2: -0.0930
 Episode_Reward/undesired_contacts: -0.0141
Episode_Reward/hitter_foot_slip_l2: -0.0929
Episode_Reward/hitter_hit_unstable_support: -0.0089
Episode_Reward/hitter_foot_edge_drag: -0.0097
    Episode_Reward/hip_yaw_default: 0.3157
     Episode_Reward/action_rate_l2: -0.2035
        Episode_Reward/joint_limit: -0.0052
          Episode_Reward/joint_acc: -0.0079
       Episode_Reward/joint_torque: -0.0028
   Metrics/motion/error_anchor_pos: 0.7302
   Metrics/motion/error_anchor_rot: 0.4592
Metrics/motion/error_anchor_lin_vel: 2.2364
Metrics/motion/error_anchor_ang_vel: 1.6706
     Metrics/motion/error_body_pos: 0.4436
     Metrics/motion/error_body_rot: 0.8486
 Metrics/motion/error_body_lin_vel: 2.4123
 Metrics/motion/error_body_ang_vel: 3.4048
    Metrics/motion/error_joint_pos: 2.2514
    Metrics/motion/error_joint_vel: 11.8261
   Metrics/motion/sampling_entropy: 0.0000
 Metrics/motion/sampling_top1_prob: 0.0000
  Metrics/motion/sampling_top1_bin: 0.0000
Metrics/motion/motion_sampling_prob_mean: 0.1429
Metrics/motion/motion_sampling_prob_std: 0.0000
Metrics/motion/motion_sampling_prob_min: 0.1429
Metrics/motion/motion_sampling_prob_max: 0.1429
Metrics/motion/motion_sampling_prob_entropy: 1.0000
Metrics/motion/hitter_strike_racket_pos_error: 0.5565
Metrics/motion/hitter_strike_racket_vel_error: 3.1721
Metrics/motion/hitter_strike_racket_ori_error: 0.0434
      Episode_Termination/time_out: 0.0000
    Episode_Termination/anchor_pos: 577.0834
    Episode_Termination/anchor_ori: 0.0000
--------------------------------------------------------------------------------
                   Total timesteps: 228000000
                    Iteration time: 10.68s
                      Time elapsed: 00:18:05
                               ETA: 07:26:40

################################################################################
                     [1m Learning iteration 95/10000 [0m                      

                       Computation: 220773 steps/s (collection: 8.503s, learning 2.368s)
             Mean action noise std: 0.48
          Mean value_function loss: 0.3600
               Mean surrogate loss: -0.0012
                 Mean entropy loss: 18.5918
               Mean approx_kl loss: 0.0079
           Mean clip_fraction loss: 0.1038
              Mean ratio_mean loss: 1.0000
          Mean advantage_mean loss: -0.0000
           Mean advantage_std loss: 1.0000
      Mean explained_variance loss: 0.9588
                       Mean reward: 9.76
               Mean episode length: 90.40
Episode_Reward/motion_global_anchor_pos: 0.0552
Episode_Reward/motion_global_anchor_ori: 0.0604
    Episode_Reward/motion_body_pos: 0.1006
    Episode_Reward/motion_body_ori: 0.0132
Episode_Reward/motion_body_lin_vel: 0.1460
Episode_Reward/motion_body_ang_vel: 0.0820
Episode_Reward/motion_anchor_lin_vel: 0.1238
           Episode_Reward/base_pos: 0.2919
         Episode_Reward/racket_pos: 0.0004
         Episode_Reward/racket_vel: 0.0094
         Episode_Reward/racket_ori: 0.1733
Episode_Reward/torso_forward_lean_l2: -0.0139
 Episode_Reward/base_ang_vel_xy_l2: -0.0951
 Episode_Reward/undesired_contacts: -0.0146
Episode_Reward/hitter_foot_slip_l2: -0.0944
Episode_Reward/hitter_hit_unstable_support: -0.0091
Episode_Reward/hitter_foot_edge_drag: -0.0099
    Episode_Reward/hip_yaw_default: 0.3228
     Episode_Reward/action_rate_l2: -0.2077
        Episode_Reward/joint_limit: -0.0050
          Episode_Reward/joint_acc: -0.0080
       Episode_Reward/joint_torque: -0.0029
   Metrics/motion/error_anchor_pos: 0.7330
   Metrics/motion/error_anchor_rot: 0.4712
Metrics/motion/error_anchor_lin_vel: 2.2348
Metrics/motion/error_anchor_ang_vel: 1.6741
     Metrics/motion/error_body_pos: 0.4433
     Metrics/motion/error_body_rot: 0.8426
 Metrics/motion/error_body_lin_vel: 2.4153
 Metrics/motion/error_body_ang_vel: 3.4110
    Metrics/motion/error_joint_pos: 2.2403
    Metrics/motion/error_joint_vel: 11.7469
   Metrics/motion/sampling_entropy: 0.0000
 Metrics/motion/sampling_top1_prob: 0.0000
  Metrics/motion/sampling_top1_bin: 0.0000
Metrics/motion/motion_sampling_prob_mean: 0.1429
Metrics/motion/motion_sampling_prob_std: 0.0000
Metrics/motion/motion_sampling_prob_min: 0.1429
Metrics/motion/motion_sampling_prob_max: 0.1429
Metrics/motion/motion_sampling_prob_entropy: 1.0000
Metrics/motion/hitter_strike_racket_pos_error: 0.5555
Metrics/motion/hitter_strike_racket_vel_error: 3.1811
Metrics/motion/hitter_strike_racket_ori_error: 0.0446
      Episode_Termination/time_out: 0.0000
    Episode_Termination/anchor_pos: 568.3334
    Episode_Termination/anchor_ori: 0.0000
--------------------------------------------------------------------------------
                   Total timesteps: 230400000
                    Iteration time: 10.87s
                      Time elapsed: 00:18:16
                               ETA: 07:25:31

################################################################################
                     [1m Learning iteration 96/10000 [0m                      

                       Computation: 223645 steps/s (collection: 8.396s, learning 2.336s)
             Mean action noise std: 0.48
          Mean value_function loss: 0.4559
               Mean surrogate loss: 0.0003
                 Mean entropy loss: 18.5240
               Mean approx_kl loss: 0.0100
           Mean clip_fraction loss: 0.1395
              Mean ratio_mean loss: 1.0000
          Mean advantage_mean loss: 0.0000
           Mean advantage_std loss: 1.0000
      Mean explained_variance loss: 0.9491
                       Mean reward: 10.16
               Mean episode length: 92.20
Episode_Reward/motion_global_anchor_pos: 0.0561
Episode_Reward/motion_global_anchor_ori: 0.0615
    Episode_Reward/motion_body_pos: 0.1024
    Episode_Reward/motion_body_ori: 0.0133
Episode_Reward/motion_body_lin_vel: 0.1497
Episode_Reward/motion_body_ang_vel: 0.0837
Episode_Reward/motion_anchor_lin_vel: 0.1267
           Episode_Reward/base_pos: 0.2943
         Episode_Reward/racket_pos: 0.0005
         Episode_Reward/racket_vel: 0.0097
         Episode_Reward/racket_ori: 0.1767
Episode_Reward/torso_forward_lean_l2: -0.0141
 Episode_Reward/base_ang_vel_xy_l2: -0.0963
 Episode_Reward/undesired_contacts: -0.0149
Episode_Reward/hitter_foot_slip_l2: -0.0954
Episode_Reward/hitter_hit_unstable_support: -0.0091
Episode_Reward/hitter_foot_edge_drag: -0.0101
    Episode_Reward/hip_yaw_default: 0.3288
     Episode_Reward/action_rate_l2: -0.2109
        Episode_Reward/joint_limit: -0.0050
          Episode_Reward/joint_acc: -0.0081
       Episode_Reward/joint_torque: -0.0029
   Metrics/motion/error_anchor_pos: 0.7337
   Metrics/motion/error_anchor_rot: 0.4705
Metrics/motion/error_anchor_lin_vel: 2.2348
Metrics/motion/error_anchor_ang_vel: 1.6793
     Metrics/motion/error_body_pos: 0.4432
     Metrics/motion/error_body_rot: 0.8441
 Metrics/motion/error_body_lin_vel: 2.4166
 Metrics/motion/error_body_ang_vel: 3.4240
    Metrics/motion/error_joint_pos: 2.2386
    Metrics/motion/error_joint_vel: 11.7562
   Metrics/motion/sampling_entropy: 0.0000
 Metrics/motion/sampling_top1_prob: 0.0000
  Metrics/motion/sampling_top1_bin: 0.0000
Metrics/motion/motion_sampling_prob_mean: 0.1429
Metrics/motion/motion_sampling_prob_std: 0.0000
Metrics/motion/motion_sampling_prob_min: 0.1429
Metrics/motion/motion_sampling_prob_max: 0.1429
Metrics/motion/motion_sampling_prob_entropy: 1.0000
Metrics/motion/hitter_strike_racket_pos_error: 0.5600
Metrics/motion/hitter_strike_racket_vel_error: 3.2057
Metrics/motion/hitter_strike_racket_ori_error: 0.0448
      Episode_Termination/time_out: 0.0000
    Episode_Termination/anchor_pos: 563.8334
    Episode_Termination/anchor_ori: 0.0000
--------------------------------------------------------------------------------
                   Total timesteps: 232800000
                    Iteration time: 10.73s
                      Time elapsed: 00:18:27
                               ETA: 07:24:09

################################################################################
                     [1m Learning iteration 97/10000 [0m                      

                       Computation: 226011 steps/s (collection: 8.407s, learning 2.212s)
             Mean action noise std: 0.48
          Mean value_function loss: 0.4331
               Mean surrogate loss: 0.0035
                 Mean entropy loss: 18.4837
               Mean approx_kl loss: 0.0125
           Mean clip_fraction loss: 0.1582
              Mean ratio_mean loss: 1.0000
          Mean advantage_mean loss: 0.0000
           Mean advantage_std loss: 1.0000
      Mean explained_variance loss: 0.9555
                       Mean reward: 9.59
               Mean episode length: 87.34
Episode_Reward/motion_global_anchor_pos: 0.0561
Episode_Reward/motion_global_anchor_ori: 0.0620
    Episode_Reward/motion_body_pos: 0.1026
    Episode_Reward/motion_body_ori: 0.0134
Episode_Reward/motion_body_lin_vel: 0.1496
Episode_Reward/motion_body_ang_vel: 0.0839
Episode_Reward/motion_anchor_lin_vel: 0.1264
           Episode_Reward/base_pos: 0.2911
         Episode_Reward/racket_pos: 0.0005
         Episode_Reward/racket_vel: 0.0097
         Episode_Reward/racket_ori: 0.1758
Episode_Reward/torso_forward_lean_l2: -0.0142
 Episode_Reward/base_ang_vel_xy_l2: -0.0954
 Episode_Reward/undesired_contacts: -0.0149
Episode_Reward/hitter_foot_slip_l2: -0.0959
Episode_Reward/hitter_hit_unstable_support: -0.0090
Episode_Reward/hitter_foot_edge_drag: -0.0099
    Episode_Reward/hip_yaw_default: 0.3287
     Episode_Reward/action_rate_l2: -0.2101
        Episode_Reward/joint_limit: -0.0048
          Episode_Reward/joint_acc: -0.0081
       Episode_Reward/joint_torque: -0.0029
   Metrics/motion/error_anchor_pos: 0.7344
   Metrics/motion/error_anchor_rot: 0.4530
Metrics/motion/error_anchor_lin_vel: 2.2431
Metrics/motion/error_anchor_ang_vel: 1.6623
     Metrics/motion/error_body_pos: 0.4431
     Metrics/motion/error_body_rot: 0.8411
 Metrics/motion/error_body_lin_vel: 2.4199
 Metrics/motion/error_body_ang_vel: 3.3890
    Metrics/motion/error_joint_pos: 2.2419
    Metrics/motion/error_joint_vel: 11.6931
   Metrics/motion/sampling_entropy: 0.0000
 Metrics/motion/sampling_top1_prob: 0.0000
  Metrics/motion/sampling_top1_bin: 0.0000
Metrics/motion/motion_sampling_prob_mean: 0.1429
Metrics/motion/motion_sampling_prob_std: 0.0000
Metrics/motion/motion_sampling_prob_min: 0.1429
Metrics/motion/motion_sampling_prob_max: 0.1429
Metrics/motion/motion_sampling_prob_entropy: 1.0000
Metrics/motion/hitter_strike_racket_pos_error: 0.5543
Metrics/motion/hitter_strike_racket_vel_error: 3.1630
Metrics/motion/hitter_strike_racket_ori_error: 0.0443
      Episode_Termination/time_out: 0.0000
    Episode_Termination/anchor_pos: 539.0000
    Episode_Termination/anchor_ori: 0.0000
--------------------------------------------------------------------------------
                   Total timesteps: 235200000
                    Iteration time: 10.62s
                      Time elapsed: 00:18:37
                               ETA: 07:22:38

################################################################################
                     [1m Learning iteration 98/10000 [0m                      

                       Computation: 227663 steps/s (collection: 8.373s, learning 2.169s)
             Mean action noise std: 0.48
          Mean value_function loss: 0.4008
               Mean surrogate loss: 0.0036
                 Mean entropy loss: 18.4457
               Mean approx_kl loss: 0.0133
           Mean clip_fraction loss: 0.1776
              Mean ratio_mean loss: 0.9998
          Mean advantage_mean loss: -0.0000
           Mean advantage_std loss: 1.0000
      Mean explained_variance loss: 0.9582
                       Mean reward: 9.04
               Mean episode length: 83.74
Episode_Reward/motion_global_anchor_pos: 0.0567
Episode_Reward/motion_global_anchor_ori: 0.0629
    Episode_Reward/motion_body_pos: 0.1038
    Episode_Reward/motion_body_ori: 0.0135
Episode_Reward/motion_body_lin_vel: 0.1513
Episode_Reward/motion_body_ang_vel: 0.0849
Episode_Reward/motion_anchor_lin_vel: 0.1277
           Episode_Reward/base_pos: 0.2935
         Episode_Reward/racket_pos: 0.0005
         Episode_Reward/racket_vel: 0.0101
         Episode_Reward/racket_ori: 0.1784
Episode_Reward/torso_forward_lean_l2: -0.0143
 Episode_Reward/base_ang_vel_xy_l2: -0.0958
 Episode_Reward/undesired_contacts: -0.0150
Episode_Reward/hitter_foot_slip_l2: -0.0964
Episode_Reward/hitter_hit_unstable_support: -0.0090
Episode_Reward/hitter_foot_edge_drag: -0.0100
    Episode_Reward/hip_yaw_default: 0.3317
     Episode_Reward/action_rate_l2: -0.2113
        Episode_Reward/joint_limit: -0.0049
          Episode_Reward/joint_acc: -0.0082
       Episode_Reward/joint_torque: -0.0030
   Metrics/motion/error_anchor_pos: 0.7340
   Metrics/motion/error_anchor_rot: 0.4481
Metrics/motion/error_anchor_lin_vel: 2.2424
Metrics/motion/error_anchor_ang_vel: 1.6766
     Metrics/motion/error_body_pos: 0.4426
     Metrics/motion/error_body_rot: 0.8374
 Metrics/motion/error_body_lin_vel: 2.4239
 Metrics/motion/error_body_ang_vel: 3.4218
    Metrics/motion/error_joint_pos: 2.2393
    Metrics/motion/error_joint_vel: 11.7414
   Metrics/motion/sampling_entropy: 0.0000
 Metrics/motion/sampling_top1_prob: 0.0000
  Metrics/motion/sampling_top1_bin: 0.0000
Metrics/motion/motion_sampling_prob_mean: 0.1429
Metrics/motion/motion_sampling_prob_std: 0.0000
Metrics/motion/motion_sampling_prob_min: 0.1429
Metrics/motion/motion_sampling_prob_max: 0.1429
Metrics/motion/motion_sampling_prob_entropy: 1.0000
Metrics/motion/hitter_strike_racket_pos_error: 0.5617
Metrics/motion/hitter_strike_racket_vel_error: 3.1954
Metrics/motion/hitter_strike_racket_ori_error: 0.0455
      Episode_Termination/time_out: 0.0000
    Episode_Termination/anchor_pos: 521.2917
    Episode_Termination/anchor_ori: 0.0000
--------------------------------------------------------------------------------
                   Total timesteps: 237600000
                    Iteration time: 10.54s
                      Time elapsed: 00:18:48
                               ETA: 07:21:00

################################################################################
                     [1m Learning iteration 99/10000 [0m                      

                       Computation: 227789 steps/s (collection: 8.548s, learning 1.988s)
             Mean action noise std: 0.48
          Mean value_function loss: 0.4209
               Mean surrogate loss: -0.0013
                 Mean entropy loss: 18.4259
               Mean approx_kl loss: 0.0074
           Mean clip_fraction loss: 0.0947
              Mean ratio_mean loss: 0.9999
          Mean advantage_mean loss: -0.0000
           Mean advantage_std loss: 1.0000
      Mean explained_variance loss: 0.9563
                       Mean reward: 10.25
               Mean episode length: 96.49
Episode_Reward/motion_global_anchor_pos: 0.0581
Episode_Reward/motion_global_anchor_ori: 0.0642
    Episode_Reward/motion_body_pos: 0.1058
    Episode_Reward/motion_body_ori: 0.0137
Episode_Reward/motion_body_lin_vel: 0.1548
Episode_Reward/motion_body_ang_vel: 0.0868
Episode_Reward/motion_anchor_lin_vel: 0.1305
           Episode_Reward/base_pos: 0.2966
         Episode_Reward/racket_pos: 0.0005
         Episode_Reward/racket_vel: 0.0101
         Episode_Reward/racket_ori: 0.1815
Episode_Reward/torso_forward_lean_l2: -0.0145
 Episode_Reward/base_ang_vel_xy_l2: -0.0968
 Episode_Reward/undesired_contacts: -0.0152
Episode_Reward/hitter_foot_slip_l2: -0.0974
Episode_Reward/hitter_hit_unstable_support: -0.0094
Episode_Reward/hitter_foot_edge_drag: -0.0101
    Episode_Reward/hip_yaw_default: 0.3373
     Episode_Reward/action_rate_l2: -0.2146
        Episode_Reward/joint_limit: -0.0049
          Episode_Reward/joint_acc: -0.0082
       Episode_Reward/joint_torque: -0.0030
   Metrics/motion/error_anchor_pos: 0.7334
   Metrics/motion/error_anchor_rot: 0.4438
Metrics/motion/error_anchor_lin_vel: 2.2462
Metrics/motion/error_anchor_ang_vel: 1.6382
     Metrics/motion/error_body_pos: 0.4419
     Metrics/motion/error_body_rot: 0.8331
 Metrics/motion/error_body_lin_vel: 2.4271
 Metrics/motion/error_body_ang_vel: 3.3977
    Metrics/motion/error_joint_pos: 2.2373
    Metrics/motion/error_joint_vel: 11.7490
   Metrics/motion/sampling_entropy: 0.0000
 Metrics/motion/sampling_top1_prob: 0.0000
  Metrics/motion/sampling_top1_bin: 0.0000
Metrics/motion/motion_sampling_prob_mean: 0.1429
Metrics/motion/motion_sampling_prob_std: 0.0000
Metrics/motion/motion_sampling_prob_min: 0.1429
Metrics/motion/motion_sampling_prob_max: 0.1429
Metrics/motion/motion_sampling_prob_entropy: 1.0000
Metrics/motion/hitter_strike_racket_pos_error: 0.5642
Metrics/motion/hitter_strike_racket_vel_error: 3.2155
Metrics/motion/hitter_strike_racket_ori_error: 0.0461
      Episode_Termination/time_out: 0.0000
    Episode_Termination/anchor_pos: 509.7917
    Episode_Termination/anchor_ori: 0.0000
--------------------------------------------------------------------------------
                   Total timesteps: 240000000
                    Iteration time: 10.54s
                      Time elapsed: 00:18:58
                               ETA: 07:19:23

################################################################################
                     [1m Learning iteration 100/10000 [0m                     

                       Computation: 228462 steps/s (collection: 8.590s, learning 1.915s)
             Mean action noise std: 0.48
          Mean value_function loss: 0.4949
               Mean surrogate loss: -0.0012
                 Mean entropy loss: 18.3696
               Mean approx_kl loss: 0.0084
           Mean clip_fraction loss: 0.1151
              Mean ratio_mean loss: 1.0000
          Mean advantage_mean loss: 0.0000
           Mean advantage_std loss: 1.0000
      Mean explained_variance loss: 0.9520
                       Mean reward: 9.25
               Mean episode length: 85.76
Episode_Reward/motion_global_anchor_pos: 0.0604
Episode_Reward/motion_global_anchor_ori: 0.0668
    Episode_Reward/motion_body_pos: 0.1092
    Episode_Reward/motion_body_ori: 0.0138
Episode_Reward/motion_body_lin_vel: 0.1613
Episode_Reward/motion_body_ang_vel: 0.0898
Episode_Reward/motion_anchor_lin_vel: 0.1356
           Episode_Reward/base_pos: 0.3059
         Episode_Reward/racket_pos: 0.0005
         Episode_Reward/racket_vel: 0.0106
         Episode_Reward/racket_ori: 0.1860
Episode_Reward/torso_forward_lean_l2: -0.0148
 Episode_Reward/base_ang_vel_xy_l2: -0.0990
 Episode_Reward/undesired_contacts: -0.0158
Episode_Reward/hitter_foot_slip_l2: -0.0996
Episode_Reward/hitter_hit_unstable_support: -0.0096
Episode_Reward/hitter_foot_edge_drag: -0.0104
    Episode_Reward/hip_yaw_default: 0.3479
     Episode_Reward/action_rate_l2: -0.2211
        Episode_Reward/joint_limit: -0.0050
          Episode_Reward/joint_acc: -0.0084
       Episode_Reward/joint_torque: -0.0031
   Metrics/motion/error_anchor_pos: 0.7351
   Metrics/motion/error_anchor_rot: 0.4256
Metrics/motion/error_anchor_lin_vel: 2.2558
Metrics/motion/error_anchor_ang_vel: 1.6225
     Metrics/motion/error_body_pos: 0.4428
     Metrics/motion/error_body_rot: 0.8302
 Metrics/motion/error_body_lin_vel: 2.4354
 Metrics/motion/error_body_ang_vel: 3.3842
    Metrics/motion/error_joint_pos: 2.2354
    Metrics/motion/error_joint_vel: 11.7671
   Metrics/motion/sampling_entropy: 0.0000
 Metrics/motion/sampling_top1_prob: 0.0000
  Metrics/motion/sampling_top1_bin: 0.0000
Metrics/motion/motion_sampling_prob_mean: 0.1429
Metrics/motion/motion_sampling_prob_std: 0.0000
Metrics/motion/motion_sampling_prob_min: 0.1429
Metrics/motion/motion_sampling_prob_max: 0.1429
Metrics/motion/motion_sampling_prob_entropy: 1.0000
Metrics/motion/hitter_strike_racket_pos_error: 0.5649
Metrics/motion/hitter_strike_racket_vel_error: 3.2121
Metrics/motion/hitter_strike_racket_ori_error: 0.0461
      Episode_Termination/time_out: 0.0000
    Episode_Termination/anchor_pos: 492.9167
    Episode_Termination/anchor_ori: 0.0000
--------------------------------------------------------------------------------
                   Total timesteps: 242400000
                    Iteration time: 10.50s
                      Time elapsed: 00:19:09
                               ETA: 07:17:45

################################################################################
                     [1m Learning iteration 101/10000 [0m                     

                       Computation: 229804 steps/s (collection: 8.536s, learning 1.908s)
             Mean action noise std: 0.48
          Mean value_function loss: 0.7001
               Mean surrogate loss: 0.0019
                 Mean entropy loss: 18.3397
               Mean approx_kl loss: 0.0118
           Mean clip_fraction loss: 0.1649
              Mean ratio_mean loss: 0.9998
          Mean advantage_mean loss: -0.0000
           Mean advantage_std loss: 1.0000
      Mean explained_variance loss: 0.9384
                       Mean reward: 9.60
               Mean episode length: 88.75
Episode_Reward/motion_global_anchor_pos: 0.0621
Episode_Reward/motion_global_anchor_ori: 0.0687
    Episode_Reward/motion_body_pos: 0.1121
    Episode_Reward/motion_body_ori: 0.0139
Episode_Reward/motion_body_lin_vel: 0.1664
Episode_Reward/motion_body_ang_vel: 0.0924
Episode_Reward/motion_anchor_lin_vel: 0.1397
           Episode_Reward/base_pos: 0.3103
         Episode_Reward/racket_pos: 0.0005
         Episode_Reward/racket_vel: 0.0108
         Episode_Reward/racket_ori: 0.1896
Episode_Reward/torso_forward_lean_l2: -0.0150
 Episode_Reward/base_ang_vel_xy_l2: -0.1009
 Episode_Reward/undesired_contacts: -0.0161
Episode_Reward/hitter_foot_slip_l2: -0.1012
Episode_Reward/hitter_hit_unstable_support: -0.0095
Episode_Reward/hitter_foot_edge_drag: -0.0107
    Episode_Reward/hip_yaw_default: 0.3561
     Episode_Reward/action_rate_l2: -0.2260
        Episode_Reward/joint_limit: -0.0048
          Episode_Reward/joint_acc: -0.0086
       Episode_Reward/joint_torque: -0.0032
   Metrics/motion/error_anchor_pos: 0.7381
   Metrics/motion/error_anchor_rot: 0.4258
Metrics/motion/error_anchor_lin_vel: 2.2615
Metrics/motion/error_anchor_ang_vel: 1.6245
     Metrics/motion/error_body_pos: 0.4425
     Metrics/motion/error_body_rot: 0.8265
 Metrics/motion/error_body_lin_vel: 2.4441
 Metrics/motion/error_body_ang_vel: 3.4069
    Metrics/motion/error_joint_pos: 2.2228
    Metrics/motion/error_joint_vel: 11.7432
   Metrics/motion/sampling_entropy: 0.0000
 Metrics/motion/sampling_top1_prob: 0.0000
  Metrics/motion/sampling_top1_bin: 0.0000
Metrics/motion/motion_sampling_prob_mean: 0.1429
Metrics/motion/motion_sampling_prob_std: 0.0000
Metrics/motion/motion_sampling_prob_min: 0.1429
Metrics/motion/motion_sampling_prob_max: 0.1429
Metrics/motion/motion_sampling_prob_entropy: 1.0000
Metrics/motion/hitter_strike_racket_pos_error: 0.5655
Metrics/motion/hitter_strike_racket_vel_error: 3.2201
Metrics/motion/hitter_strike_racket_ori_error: 0.0478
      Episode_Termination/time_out: 0.0000
    Episode_Termination/anchor_pos: 486.3333
    Episode_Termination/anchor_ori: 0.0000
--------------------------------------------------------------------------------
                   Total timesteps: 244800000
                    Iteration time: 10.44s
                      Time elapsed: 00:19:19
                               ETA: 07:16:03

################################################################################
                     [1m Learning iteration 102/10000 [0m                     

                       Computation: 228740 steps/s (collection: 8.534s, learning 1.958s)
             Mean action noise std: 0.48
          Mean value_function loss: 0.5252
               Mean surrogate loss: 0.0048
                 Mean entropy loss: 18.3294
               Mean approx_kl loss: 0.0161
           Mean clip_fraction loss: 0.1942
              Mean ratio_mean loss: 0.9999
          Mean advantage_mean loss: 0.0000
           Mean advantage_std loss: 1.0000
      Mean explained_variance loss: 0.9555
                       Mean reward: 12.01
               Mean episode length: 104.50
Episode_Reward/motion_global_anchor_pos: 0.0637
Episode_Reward/motion_global_anchor_ori: 0.0705
    Episode_Reward/motion_body_pos: 0.1145
    Episode_Reward/motion_body_ori: 0.0139
Episode_Reward/motion_body_lin_vel: 0.1714
Episode_Reward/motion_body_ang_vel: 0.0947
Episode_Reward/motion_anchor_lin_vel: 0.1434
           Episode_Reward/base_pos: 0.3154
         Episode_Reward/racket_pos: 0.0005
         Episode_Reward/racket_vel: 0.0111
         Episode_Reward/racket_ori: 0.1932
Episode_Reward/torso_forward_lean_l2: -0.0155
 Episode_Reward/base_ang_vel_xy_l2: -0.1026
 Episode_Reward/undesired_contacts: -0.0165
Episode_Reward/hitter_foot_slip_l2: -0.1026
Episode_Reward/hitter_hit_unstable_support: -0.0097
Episode_Reward/hitter_foot_edge_drag: -0.0108
    Episode_Reward/hip_yaw_default: 0.3636
     Episode_Reward/action_rate_l2: -0.2304
        Episode_Reward/joint_limit: -0.0048
          Episode_Reward/joint_acc: -0.0087
       Episode_Reward/joint_torque: -0.0032
   Metrics/motion/error_anchor_pos: 0.7389
   Metrics/motion/error_anchor_rot: 0.4236
Metrics/motion/error_anchor_lin_vel: 2.2652
Metrics/motion/error_anchor_ang_vel: 1.6193
     Metrics/motion/error_body_pos: 0.4419
     Metrics/motion/error_body_rot: 0.8210
 Metrics/motion/error_body_lin_vel: 2.4503
 Metrics/motion/error_body_ang_vel: 3.4047
    Metrics/motion/error_joint_pos: 2.2141
    Metrics/motion/error_joint_vel: 11.7157
   Metrics/motion/sampling_entropy: 0.0000
 Metrics/motion/sampling_top1_prob: 0.0000
  Metrics/motion/sampling_top1_bin: 0.0000
Metrics/motion/motion_sampling_prob_mean: 0.1429
Metrics/motion/motion_sampling_prob_std: 0.0000
Metrics/motion/motion_sampling_prob_min: 0.1429
Metrics/motion/motion_sampling_prob_max: 0.1429
Metrics/motion/motion_sampling_prob_entropy: 1.0000
Metrics/motion/hitter_strike_racket_pos_error: 0.5685
Metrics/motion/hitter_strike_racket_vel_error: 3.2100
Metrics/motion/hitter_strike_racket_ori_error: 0.0480
      Episode_Termination/time_out: 0.0000
    Episode_Termination/anchor_pos: 470.1667
    Episode_Termination/anchor_ori: 0.0000
--------------------------------------------------------------------------------
                   Total timesteps: 247200000
                    Iteration time: 10.49s
                      Time elapsed: 00:19:30
                               ETA: 07:14:27

swanlab: [2026.06.09 14:29:37] network error, swanlab will resume uploads when 
the network improves
################################################################################
                     [1m Learning iteration 103/10000 [0m                     

                       Computation: 232794 steps/s (collection: 8.444s, learning 1.865s)
             Mean action noise std: 0.48
          Mean value_function loss: 0.4968
               Mean surrogate loss: 0.0027
                 Mean entropy loss: 18.3235
               Mean approx_kl loss: 0.0121
           Mean clip_fraction loss: 0.1530
              Mean ratio_mean loss: 1.0001
          Mean advantage_mean loss: -0.0000
           Mean advantage_std loss: 1.0000
      Mean explained_variance loss: 0.9556
                       Mean reward: 12.56
               Mean episode length: 112.21
Episode_Reward/motion_global_anchor_pos: 0.0654
Episode_Reward/motion_global_anchor_ori: 0.0721
    Episode_Reward/motion_body_pos: 0.1168
    Episode_Reward/motion_body_ori: 0.0141
Episode_Reward/motion_body_lin_vel: 0.1756
Episode_Reward/motion_body_ang_vel: 0.0967
Episode_Reward/motion_anchor_lin_vel: 0.1467
           Episode_Reward/base_pos: 0.3207
         Episode_Reward/racket_pos: 0.0005
         Episode_Reward/racket_vel: 0.0114
         Episode_Reward/racket_ori: 0.1970
Episode_Reward/torso_forward_lean_l2: -0.0155
 Episode_Reward/base_ang_vel_xy_l2: -0.1038
 Episode_Reward/undesired_contacts: -0.0168
Episode_Reward/hitter_foot_slip_l2: -0.1043
Episode_Reward/hitter_hit_unstable_support: -0.0098
Episode_Reward/hitter_foot_edge_drag: -0.0109
    Episode_Reward/hip_yaw_default: 0.3705
     Episode_Reward/action_rate_l2: -0.2343
        Episode_Reward/joint_limit: -0.0046
          Episode_Reward/joint_acc: -0.0088
       Episode_Reward/joint_torque: -0.0033
   Metrics/motion/error_anchor_pos: 0.7373
   Metrics/motion/error_anchor_rot: 0.4180
Metrics/motion/error_anchor_lin_vel: 2.2704
Metrics/motion/error_anchor_ang_vel: 1.6043
     Metrics/motion/error_body_pos: 0.4417
     Metrics/motion/error_body_rot: 0.8173
 Metrics/motion/error_body_lin_vel: 2.4506
 Metrics/motion/error_body_ang_vel: 3.3973
    Metrics/motion/error_joint_pos: 2.2115
    Metrics/motion/error_joint_vel: 11.7347
   Metrics/motion/sampling_entropy: 0.0000
 Metrics/motion/sampling_top1_prob: 0.0000
  Metrics/motion/sampling_top1_bin: 0.0000
Metrics/motion/motion_sampling_prob_mean: 0.1429
Metrics/motion/motion_sampling_prob_std: 0.0000
Metrics/motion/motion_sampling_prob_min: 0.1429
Metrics/motion/motion_sampling_prob_max: 0.1429
Metrics/motion/motion_sampling_prob_entropy: 1.0000
Metrics/motion/hitter_strike_racket_pos_error: 0.5738
Metrics/motion/hitter_strike_racket_vel_error: 3.2165
Metrics/motion/hitter_strike_racket_ori_error: 0.0483
      Episode_Termination/time_out: 0.0417
    Episode_Termination/anchor_pos: 451.0000
    Episode_Termination/anchor_ori: 0.0000
--------------------------------------------------------------------------------
                   Total timesteps: 249600000
                    Iteration time: 10.31s
                      Time elapsed: 00:19:40
                               ETA: 07:12:35

swanlab: Upload attempt 1 failed for URL: 
https://swanlab-beta-private-1301372061.cos.ap-nanjing.myqcloud.com/files/5gns6i
dprmcosxd9uga4y/3dmevdrsabx6lwuvqwbwm/2026-06-09_14-04-54_hitter_mix_aligned_bac
khand_strike43_swanlab_2xa100_env50000_20260609_140439.onnx?X-Amz-Algorithm=AWS4
-HMAC-SHA256&X-Amz-Credential=AKIDMf0Y6nZSJ7ydq6ZAufP7plmX2e57JkAy%2F20260609%2F
ap-nanjing%2Fs3%2Faws4_request&X-Amz-Date=20260609T062916Z&X-Amz-Expires=3600&X-
Amz-SignedHeaders=host&X-Amz-Signature=5dec1b7fb41812567e03132abb4ae6a85bcf98ff5
d1e6119f7c7f5dce705f9bc
swanlab: Upload attempt 1 failed for URL: 
https://swanlab-beta-private-1301372061.cos.ap-nanjing.myqcloud.com/files/5gns6i
dprmcosxd9uga4y/3dmevdrsabx6lwuvqwbwm/model_100.pt?X-Amz-Algorithm=AWS4-HMAC-SHA
256&X-Amz-Credential=AKIDMf0Y6nZSJ7ydq6ZAufP7plmX2e57JkAy%2F20260609%2Fap-nanjin
g%2Fs3%2Faws4_request&X-Amz-Date=20260609T062916Z&X-Amz-Expires=3600&X-Amz-Signe
dHeaders=host&X-Amz-Signature=0aef1a259e7c06ae99c067783021d8d4ab929b68c32b8ed90f
f0a783657e4527
################################################################################
                     [1m Learning iteration 104/10000 [0m                     

                       Computation: 228703 steps/s (collection: 8.490s, learning 2.004s)
             Mean action noise std: 0.48
          Mean value_function loss: 0.5060
               Mean surrogate loss: 0.0060
                 Mean entropy loss: 18.3071
               Mean approx_kl loss: 0.0161
           Mean clip_fraction loss: 0.2025
              Mean ratio_mean loss: 0.9998
          Mean advantage_mean loss: -0.0000
           Mean advantage_std loss: 1.0000
      Mean explained_variance loss: 0.9559
                       Mean reward: 11.93
               Mean episode length: 107.18
Episode_Reward/motion_global_anchor_pos: 0.0677
Episode_Reward/motion_global_anchor_ori: 0.0740
    Episode_Reward/motion_body_pos: 0.1203
    Episode_Reward/motion_body_ori: 0.0144
Episode_Reward/motion_body_lin_vel: 0.1816
Episode_Reward/motion_body_ang_vel: 0.0998
Episode_Reward/motion_anchor_lin_vel: 0.1515
           Episode_Reward/base_pos: 0.3290
         Episode_Reward/racket_pos: 0.0005
         Episode_Reward/racket_vel: 0.0119
         Episode_Reward/racket_ori: 0.2022
Episode_Reward/torso_forward_lean_l2: -0.0156
 Episode_Reward/base_ang_vel_xy_l2: -0.1060
 Episode_Reward/undesired_contacts: -0.0173
Episode_Reward/hitter_foot_slip_l2: -0.1061
Episode_Reward/hitter_hit_unstable_support: -0.0097
Episode_Reward/hitter_foot_edge_drag: -0.0113
    Episode_Reward/hip_yaw_default: 0.3803
     Episode_Reward/action_rate_l2: -0.2405
        Episode_Reward/joint_limit: -0.0047
          Episode_Reward/joint_acc: -0.0090
       Episode_Reward/joint_torque: -0.0034
   Metrics/motion/error_anchor_pos: 0.7364
   Metrics/motion/error_anchor_rot: 0.4180
Metrics/motion/error_anchor_lin_vel: 2.2695
Metrics/motion/error_anchor_ang_vel: 1.6159
     Metrics/motion/error_body_pos: 0.4405
     Metrics/motion/error_body_rot: 0.8167
 Metrics/motion/error_body_lin_vel: 2.4483
 Metrics/motion/error_body_ang_vel: 3.3918
    Metrics/motion/error_joint_pos: 2.2098
    Metrics/motion/error_joint_vel: 11.7189
   Metrics/motion/sampling_entropy: 0.0000
 Metrics/motion/sampling_top1_prob: 0.0000
  Metrics/motion/sampling_top1_bin: 0.0000
Metrics/motion/motion_sampling_prob_mean: 0.1429
Metrics/motion/motion_sampling_prob_std: 0.0000
Metrics/motion/motion_sampling_prob_min: 0.1429
Metrics/motion/motion_sampling_prob_max: 0.1429
Metrics/motion/motion_sampling_prob_entropy: 1.0000
Metrics/motion/hitter_strike_racket_pos_error: 0.5752
Metrics/motion/hitter_strike_racket_vel_error: 3.2408
Metrics/motion/hitter_strike_racket_ori_error: 0.0480
      Episode_Termination/time_out: 0.0000
    Episode_Termination/anchor_pos: 450.7500
    Episode_Termination/anchor_ori: 0.0000
--------------------------------------------------------------------------------
                   Total timesteps: 252000000
                    Iteration time: 10.49s
                      Time elapsed: 00:19:51
                               ETA: 07:11:03

################################################################################
                     [1m Learning iteration 105/10000 [0m                     

                       Computation: 234080 steps/s (collection: 8.436s, learning 1.817s)
             Mean action noise std: 0.48
          Mean value_function loss: 0.5291
               Mean surrogate loss: 0.0057
                 Mean entropy loss: 18.3030
               Mean approx_kl loss: 0.0128
           Mean clip_fraction loss: 0.1636
              Mean ratio_mean loss: 1.0000
          Mean advantage_mean loss: 0.0000
           Mean advantage_std loss: 1.0000
      Mean explained_variance loss: 0.9541
                       Mean reward: 11.92
               Mean episode length: 106.92
Episode_Reward/motion_global_anchor_pos: 0.0708
Episode_Reward/motion_global_anchor_ori: 0.0768
    Episode_Reward/motion_body_pos: 0.1247
    Episode_Reward/motion_body_ori: 0.0146
Episode_Reward/motion_body_lin_vel: 0.1893
Episode_Reward/motion_body_ang_vel: 0.1035
Episode_Reward/motion_anchor_lin_vel: 0.1575
           Episode_Reward/base_pos: 0.3378
         Episode_Reward/racket_pos: 0.0005
         Episode_Reward/racket_vel: 0.0124
         Episode_Reward/racket_ori: 0.2072
Episode_Reward/torso_forward_lean_l2: -0.0160
 Episode_Reward/base_ang_vel_xy_l2: -0.1087
 Episode_Reward/undesired_contacts: -0.0179
Episode_Reward/hitter_foot_slip_l2: -0.1084
Episode_Reward/hitter_hit_unstable_support: -0.0098
Episode_Reward/hitter_foot_edge_drag: -0.0117
    Episode_Reward/hip_yaw_default: 0.3926
     Episode_Reward/action_rate_l2: -0.2480
        Episode_Reward/joint_limit: -0.0047
          Episode_Reward/joint_acc: -0.0092
       Episode_Reward/joint_torque: -0.0035
   Metrics/motion/error_anchor_pos: 0.7348
   Metrics/motion/error_anchor_rot: 0.4139
Metrics/motion/error_anchor_lin_vel: 2.2756
Metrics/motion/error_anchor_ang_vel: 1.5978
     Metrics/motion/error_body_pos: 0.4395
     Metrics/motion/error_body_rot: 0.8156
 Metrics/motion/error_body_lin_vel: 2.4501
 Metrics/motion/error_body_ang_vel: 3.3743
    Metrics/motion/error_joint_pos: 2.2103
    Metrics/motion/error_joint_vel: 11.6969
   Metrics/motion/sampling_entropy: 0.0000
 Metrics/motion/sampling_top1_prob: 0.0000
  Metrics/motion/sampling_top1_bin: 0.0000
Metrics/motion/motion_sampling_prob_mean: 0.1429
Metrics/motion/motion_sampling_prob_std: 0.0000
Metrics/motion/motion_sampling_prob_min: 0.1429
Metrics/motion/motion_sampling_prob_max: 0.1429
Metrics/motion/motion_sampling_prob_entropy: 1.0000
Metrics/motion/hitter_strike_racket_pos_error: 0.5740
Metrics/motion/hitter_strike_racket_vel_error: 3.2303
Metrics/motion/hitter_strike_racket_ori_error: 0.0483
      Episode_Termination/time_out: 0.0000
    Episode_Termination/anchor_pos: 441.2917
    Episode_Termination/anchor_ori: 0.0000
--------------------------------------------------------------------------------
                   Total timesteps: 254400000
                    Iteration time: 10.25s
                      Time elapsed: 00:20:01
                               ETA: 07:09:10

################################################################################
                     [1m Learning iteration 106/10000 [0m                     

                       Computation: 235688 steps/s (collection: 8.556s, learning 1.627s)
             Mean action noise std: 0.48
          Mean value_function loss: 0.5332
               Mean surrogate loss: 0.0032
                 Mean entropy loss: 18.2967
               Mean approx_kl loss: 0.0117
           Mean clip_fraction loss: 0.1541
              Mean ratio_mean loss: 1.0000
          Mean advantage_mean loss: 0.0000
           Mean advantage_std loss: 1.0000
      Mean explained_variance loss: 0.9545
                       Mean reward: 11.02
               Mean episode length: 100.77
Episode_Reward/motion_global_anchor_pos: 0.0730
Episode_Reward/motion_global_anchor_ori: 0.0793
    Episode_Reward/motion_body_pos: 0.1275
    Episode_Reward/motion_body_ori: 0.0146
Episode_Reward/motion_body_lin_vel: 0.1949
Episode_Reward/motion_body_ang_vel: 0.1059
Episode_Reward/motion_anchor_lin_vel: 0.1616
           Episode_Reward/base_pos: 0.3435
         Episode_Reward/racket_pos: 0.0005
         Episode_Reward/racket_vel: 0.0125
         Episode_Reward/racket_ori: 0.2113
Episode_Reward/torso_forward_lean_l2: -0.0161
 Episode_Reward/base_ang_vel_xy_l2: -0.1099
 Episode_Reward/undesired_contacts: -0.0182
Episode_Reward/hitter_foot_slip_l2: -0.1100
Episode_Reward/hitter_hit_unstable_support: -0.0096
Episode_Reward/hitter_foot_edge_drag: -0.0119
    Episode_Reward/hip_yaw_default: 0.4014
     Episode_Reward/action_rate_l2: -0.2532
        Episode_Reward/joint_limit: -0.0046
          Episode_Reward/joint_acc: -0.0094
       Episode_Reward/joint_torque: -0.0035
   Metrics/motion/error_anchor_pos: 0.7353
   Metrics/motion/error_anchor_rot: 0.3892
Metrics/motion/error_anchor_lin_vel: 2.2858
Metrics/motion/error_anchor_ang_vel: 1.5794
     Metrics/motion/error_body_pos: 0.4402
     Metrics/motion/error_body_rot: 0.8116
 Metrics/motion/error_body_lin_vel: 2.4609
 Metrics/motion/error_body_ang_vel: 3.3846
    Metrics/motion/error_joint_pos: 2.2114
    Metrics/motion/error_joint_vel: 11.7764
   Metrics/motion/sampling_entropy: 0.0000
 Metrics/motion/sampling_top1_prob: 0.0000
  Metrics/motion/sampling_top1_bin: 0.0000
Metrics/motion/motion_sampling_prob_mean: 0.1429
Metrics/motion/motion_sampling_prob_std: 0.0000
Metrics/motion/motion_sampling_prob_min: 0.1429
Metrics/motion/motion_sampling_prob_max: 0.1429
Metrics/motion/motion_sampling_prob_entropy: 1.0000
Metrics/motion/hitter_strike_racket_pos_error: 0.5727
Metrics/motion/hitter_strike_racket_vel_error: 3.2059
Metrics/motion/hitter_strike_racket_ori_error: 0.0480
      Episode_Termination/time_out: 0.0417
    Episode_Termination/anchor_pos: 423.2917
    Episode_Termination/anchor_ori: 0.0000
--------------------------------------------------------------------------------
                   Total timesteps: 256800000
                    Iteration time: 10.18s
                      Time elapsed: 00:20:11
                               ETA: 07:07:12

[2026-06-09 14:30:16,843][urllib3.connectionpool][WARNING] - Retrying (Retry(total=4, connect=None, read=None, redirect=None, status=None)) after connection broken by 'RemoteDisconnected('Remote end closed connection without response')': /api/house/experiments/3dmevdrsabx6lwuvqwbwm/heartbeat
swanlab: Upload attempt 2 failed for URL: 
https://swanlab-beta-private-1301372061.cos.ap-nanjing.myqcloud.com/files/5gns6i
dprmcosxd9uga4y/3dmevdrsabx6lwuvqwbwm/2026-06-09_14-04-54_hitter_mix_aligned_bac
khand_strike43_swanlab_2xa100_env50000_20260609_140439.onnx?X-Amz-Algorithm=AWS4
-HMAC-SHA256&X-Amz-Credential=AKIDMf0Y6nZSJ7ydq6ZAufP7plmX2e57JkAy%2F20260609%2F
ap-nanjing%2Fs3%2Faws4_request&X-Amz-Date=20260609T062916Z&X-Amz-Expires=3600&X-
Amz-SignedHeaders=host&X-Amz-Signature=5dec1b7fb41812567e03132abb4ae6a85bcf98ff5
d1e6119f7c7f5dce705f9bc
swanlab: Upload attempt 2 failed for URL: 
https://swanlab-beta-private-1301372061.cos.ap-nanjing.myqcloud.com/files/5gns6i
dprmcosxd9uga4y/3dmevdrsabx6lwuvqwbwm/model_100.pt?X-Amz-Algorithm=AWS4-HMAC-SHA
256&X-Amz-Credential=AKIDMf0Y6nZSJ7ydq6ZAufP7plmX2e57JkAy%2F20260609%2Fap-nanjin
g%2Fs3%2Faws4_request&X-Amz-Date=20260609T062916Z&X-Amz-Expires=3600&X-Amz-Signe
dHeaders=host&X-Amz-Signature=0aef1a259e7c06ae99c067783021d8d4ab929b68c32b8ed90f
f0a783657e4527
################################################################################
                     [1m Learning iteration 107/10000 [0m                     

                       Computation: 234318 steps/s (collection: 8.626s, learning 1.617s)
             Mean action noise std: 0.48
          Mean value_function loss: 0.5578
               Mean surrogate loss: 0.0061
                 Mean entropy loss: 18.2889
               Mean approx_kl loss: 0.0142
           Mean clip_fraction loss: 0.1776
              Mean ratio_mean loss: 1.0001
          Mean advantage_mean loss: 0.0000
           Mean advantage_std loss: 1.0000
      Mean explained_variance loss: 0.9527
                       Mean reward: 13.10
               Mean episode length: 115.27
Episode_Reward/motion_global_anchor_pos: 0.0743
Episode_Reward/motion_global_anchor_ori: 0.0809
    Episode_Reward/motion_body_pos: 0.1290
    Episode_Reward/motion_body_ori: 0.0145
Episode_Reward/motion_body_lin_vel: 0.1981
Episode_Reward/motion_body_ang_vel: 0.1073
Episode_Reward/motion_anchor_lin_vel: 0.1643
           Episode_Reward/base_pos: 0.3488
         Episode_Reward/racket_pos: 0.0005
         Episode_Reward/racket_vel: 0.0129
         Episode_Reward/racket_ori: 0.2145
Episode_Reward/torso_forward_lean_l2: -0.0164
 Episode_Reward/base_ang_vel_xy_l2: -0.1109
 Episode_Reward/undesired_contacts: -0.0185
Episode_Reward/hitter_foot_slip_l2: -0.1113
Episode_Reward/hitter_hit_unstable_support: -0.0098
Episode_Reward/hitter_foot_edge_drag: -0.0120
    Episode_Reward/hip_yaw_default: 0.4067
     Episode_Reward/action_rate_l2: -0.2567
        Episode_Reward/joint_limit: -0.0048
          Episode_Reward/joint_acc: -0.0095
       Episode_Reward/joint_torque: -0.0036
   Metrics/motion/error_anchor_pos: 0.7358
   Metrics/motion/error_anchor_rot: 0.3805
Metrics/motion/error_anchor_lin_vel: 2.2880
Metrics/motion/error_anchor_ang_vel: 1.5710
     Metrics/motion/error_body_pos: 0.4400
     Metrics/motion/error_body_rot: 0.8162
 Metrics/motion/error_body_lin_vel: 2.4630
 Metrics/motion/error_body_ang_vel: 3.3758
    Metrics/motion/error_joint_pos: 2.2178
    Metrics/motion/error_joint_vel: 11.7720
   Metrics/motion/sampling_entropy: 0.0000
 Metrics/motion/sampling_top1_prob: 0.0000
  Metrics/motion/sampling_top1_bin: 0.0000
Metrics/motion/motion_sampling_prob_mean: 0.1429
Metrics/motion/motion_sampling_prob_std: 0.0000
Metrics/motion/motion_sampling_prob_min: 0.1429
Metrics/motion/motion_sampling_prob_max: 0.1429
Metrics/motion/motion_sampling_prob_entropy: 1.0000
Metrics/motion/hitter_strike_racket_pos_error: 0.5774
Metrics/motion/hitter_strike_racket_vel_error: 3.2285
Metrics/motion/hitter_strike_racket_ori_error: 0.0497
      Episode_Termination/time_out: 0.0417
    Episode_Termination/anchor_pos: 417.5000
    Episode_Termination/anchor_ori: 0.0000
--------------------------------------------------------------------------------
                   Total timesteps: 259200000
                    Iteration time: 10.24s
                      Time elapsed: 00:20:21
                               ETA: 07:05:22

################################################################################
                     [1m Learning iteration 108/10000 [0m                     

                       Computation: 230014 steps/s (collection: 8.376s, learning 2.058s)
             Mean action noise std: 0.48
          Mean value_function loss: 0.5640
               Mean surrogate loss: 0.0027
                 Mean entropy loss: 18.2857
               Mean approx_kl loss: 0.0098
           Mean clip_fraction loss: 0.1218
              Mean ratio_mean loss: 0.9999
          Mean advantage_mean loss: -0.0000
           Mean advantage_std loss: 1.0000
      Mean explained_variance loss: 0.9527
                       Mean reward: 11.70
               Mean episode length: 104.06
Episode_Reward/motion_global_anchor_pos: 0.0774
Episode_Reward/motion_global_anchor_ori: 0.0840
    Episode_Reward/motion_body_pos: 0.1336
    Episode_Reward/motion_body_ori: 0.0146
Episode_Reward/motion_body_lin_vel: 0.2067
Episode_Reward/motion_body_ang_vel: 0.1113
Episode_Reward/motion_anchor_lin_vel: 0.1710
           Episode_Reward/base_pos: 0.3592
         Episode_Reward/racket_pos: 0.0006
         Episode_Reward/racket_vel: 0.0133
         Episode_Reward/racket_ori: 0.2200
Episode_Reward/torso_forward_lean_l2: -0.0168
 Episode_Reward/base_ang_vel_xy_l2: -0.1140
 Episode_Reward/undesired_contacts: -0.0191
Episode_Reward/hitter_foot_slip_l2: -0.1137
Episode_Reward/hitter_hit_unstable_support: -0.0099
Episode_Reward/hitter_foot_edge_drag: -0.0125
    Episode_Reward/hip_yaw_default: 0.4200
     Episode_Reward/action_rate_l2: -0.2648
        Episode_Reward/joint_limit: -0.0049
          Episode_Reward/joint_acc: -0.0098
       Episode_Reward/joint_torque: -0.0037
   Metrics/motion/error_anchor_pos: 0.7361
   Metrics/motion/error_anchor_rot: 0.3724
Metrics/motion/error_anchor_lin_vel: 2.2958
Metrics/motion/error_anchor_ang_vel: 1.5500
     Metrics/motion/error_body_pos: 0.4400
     Metrics/motion/error_body_rot: 0.8102
 Metrics/motion/error_body_lin_vel: 2.4711
 Metrics/motion/error_body_ang_vel: 3.3879
    Metrics/motion/error_joint_pos: 2.2099
    Metrics/motion/error_joint_vel: 11.8667
   Metrics/motion/sampling_entropy: 0.0000
 Metrics/motion/sampling_top1_prob: 0.0000
  Metrics/motion/sampling_top1_bin: 0.0000
Metrics/motion/motion_sampling_prob_mean: 0.1429
Metrics/motion/motion_sampling_prob_std: 0.0000
Metrics/motion/motion_sampling_prob_min: 0.1429
Metrics/motion/motion_sampling_prob_max: 0.1429
Metrics/motion/motion_sampling_prob_entropy: 1.0000
Metrics/motion/hitter_strike_racket_pos_error: 0.5752
Metrics/motion/hitter_strike_racket_vel_error: 3.1968
Metrics/motion/hitter_strike_racket_ori_error: 0.0494
      Episode_Termination/time_out: 0.1250
    Episode_Termination/anchor_pos: 408.7083
    Episode_Termination/anchor_ori: 0.0000
--------------------------------------------------------------------------------
                   Total timesteps: 261600000
                    Iteration time: 10.43s
                      Time elapsed: 00:20:32
                               ETA: 07:03:51

################################################################################
                     [1m Learning iteration 109/10000 [0m                     

                       Computation: 229608 steps/s (collection: 8.522s, learning 1.931s)
             Mean action noise std: 0.48
          Mean value_function loss: 0.5888
               Mean surrogate loss: 0.0029
                 Mean entropy loss: 18.2752
               Mean approx_kl loss: 0.0121
           Mean clip_fraction loss: 0.1524
              Mean ratio_mean loss: 1.0000
          Mean advantage_mean loss: -0.0000
           Mean advantage_std loss: 1.0000
      Mean explained_variance loss: 0.9511
                       Mean reward: 12.26
               Mean episode length: 108.98
Episode_Reward/motion_global_anchor_pos: 0.0791
Episode_Reward/motion_global_anchor_ori: 0.0855
    Episode_Reward/motion_body_pos: 0.1359
    Episode_Reward/motion_body_ori: 0.0149
Episode_Reward/motion_body_lin_vel: 0.2105
Episode_Reward/motion_body_ang_vel: 0.1130
Episode_Reward/motion_anchor_lin_vel: 0.1740
           Episode_Reward/base_pos: 0.3628
         Episode_Reward/racket_pos: 0.0006
         Episode_Reward/racket_vel: 0.0136
         Episode_Reward/racket_ori: 0.2233
Episode_Reward/torso_forward_lean_l2: -0.0171
 Episode_Reward/base_ang_vel_xy_l2: -0.1148
 Episode_Reward/undesired_contacts: -0.0194
Episode_Reward/hitter_foot_slip_l2: -0.1146
Episode_Reward/hitter_hit_unstable_support: -0.0099
Episode_Reward/hitter_foot_edge_drag: -0.0127
    Episode_Reward/hip_yaw_default: 0.4262
     Episode_Reward/action_rate_l2: -0.2688
        Episode_Reward/joint_limit: -0.0048
          Episode_Reward/joint_acc: -0.0099
       Episode_Reward/joint_torque: -0.0038
   Metrics/motion/error_anchor_pos: 0.7344
   Metrics/motion/error_anchor_rot: 0.3597
Metrics/motion/error_anchor_lin_vel: 2.3023
Metrics/motion/error_anchor_ang_vel: 1.5291
     Metrics/motion/error_body_pos: 0.4383
     Metrics/motion/error_body_rot: 0.8057
 Metrics/motion/error_body_lin_vel: 2.4733
 Metrics/motion/error_body_ang_vel: 3.3935
    Metrics/motion/error_joint_pos: 2.2140
    Metrics/motion/error_joint_vel: 11.8992
   Metrics/motion/sampling_entropy: 0.0000
 Metrics/motion/sampling_top1_prob: 0.0000
  Metrics/motion/sampling_top1_bin: 0.0000
Metrics/motion/motion_sampling_prob_mean: 0.1429
Metrics/motion/motion_sampling_prob_std: 0.0000
Metrics/motion/motion_sampling_prob_min: 0.1429
Metrics/motion/motion_sampling_prob_max: 0.1429
Metrics/motion/motion_sampling_prob_entropy: 1.0000
Metrics/motion/hitter_strike_racket_pos_error: 0.5772
Metrics/motion/hitter_strike_racket_vel_error: 3.2209
Metrics/motion/hitter_strike_racket_ori_error: 0.0508
      Episode_Termination/time_out: 0.1250
    Episode_Termination/anchor_pos: 406.3333
    Episode_Termination/anchor_ori: 0.0000
--------------------------------------------------------------------------------
                   Total timesteps: 264000000
                    Iteration time: 10.45s
                      Time elapsed: 00:20:42
                               ETA: 07:02:23

swanlab: Upload attempt 3 failed for URL: 
https://swanlab-beta-private-1301372061.cos.ap-nanjing.myqcloud.com/files/5gns6i
dprmcosxd9uga4y/3dmevdrsabx6lwuvqwbwm/2026-06-09_14-04-54_hitter_mix_aligned_bac
khand_strike43_swanlab_2xa100_env50000_20260609_140439.onnx?X-Amz-Algorithm=AWS4
-HMAC-SHA256&X-Amz-Credential=AKIDMf0Y6nZSJ7ydq6ZAufP7plmX2e57JkAy%2F20260609%2F
ap-nanjing%2Fs3%2Faws4_request&X-Amz-Date=20260609T062916Z&X-Amz-Expires=3600&X-
Amz-SignedHeaders=host&X-Amz-Signature=5dec1b7fb41812567e03132abb4ae6a85bcf98ff5
d1e6119f7c7f5dce705f9bc
swanlab: Failed to upload 
2026-06-09_14-04-54_hitter_mix_aligned_backhand_strike43_swanlab_2xa100_env50000
_20260609_140439.onnx: 
HTTPSConnectionPool(host='swanlab-beta-private-1301372061.cos.ap-nanjing.myqclou
d.com', port=443): Read timed out. (read timeout=30)
swanlab: Upload attempt 3 failed for URL: 
https://swanlab-beta-private-1301372061.cos.ap-nanjing.myqcloud.com/files/5gns6i
dprmcosxd9uga4y/3dmevdrsabx6lwuvqwbwm/model_100.pt?X-Amz-Algorithm=AWS4-HMAC-SHA
256&X-Amz-Credential=AKIDMf0Y6nZSJ7ydq6ZAufP7plmX2e57JkAy%2F20260609%2Fap-nanjin
g%2Fs3%2Faws4_request&X-Amz-Date=20260609T062916Z&X-Amz-Expires=3600&X-Amz-Signe
dHeaders=host&X-Amz-Signature=0aef1a259e7c06ae99c067783021d8d4ab929b68c32b8ed90f
f0a783657e4527
swanlab: Failed to upload model_100.pt: 
HTTPSConnectionPool(host='swanlab-beta-private-1301372061.cos.ap-nanjing.myqclou
d.com', port=443): Read timed out. (read timeout=30)
################################################################################
                     [1m Learning iteration 110/10000 [0m                     

                       Computation: 230957 steps/s (collection: 8.387s, learning 2.004s)
             Mean action noise std: 0.48
          Mean value_function loss: 0.5796
               Mean surrogate loss: -0.0014
                 Mean entropy loss: 18.2633
               Mean approx_kl loss: 0.0073
           Mean clip_fraction loss: 0.0939
              Mean ratio_mean loss: 1.0000
          Mean advantage_mean loss: -0.0000
           Mean advantage_std loss: 1.0000
      Mean explained_variance loss: 0.9515
                       Mean reward: 13.50
               Mean episode length: 115.28
Episode_Reward/motion_global_anchor_pos: 0.0814
Episode_Reward/motion_global_anchor_ori: 0.0879
    Episode_Reward/motion_body_pos: 0.1394
    Episode_Reward/motion_body_ori: 0.0149
Episode_Reward/motion_body_lin_vel: 0.2168
Episode_Reward/motion_body_ang_vel: 0.1158
Episode_Reward/motion_anchor_lin_vel: 0.1789
           Episode_Reward/base_pos: 0.3769
         Episode_Reward/racket_pos: 0.0006
         Episode_Reward/racket_vel: 0.0138
         Episode_Reward/racket_ori: 0.2290
Episode_Reward/torso_forward_lean_l2: -0.0172
 Episode_Reward/base_ang_vel_xy_l2: -0.1168
 Episode_Reward/undesired_contacts: -0.0199
Episode_Reward/hitter_foot_slip_l2: -0.1168
Episode_Reward/hitter_hit_unstable_support: -0.0102
Episode_Reward/hitter_foot_edge_drag: -0.0129
    Episode_Reward/hip_yaw_default: 0.4361
     Episode_Reward/action_rate_l2: -0.2748
        Episode_Reward/joint_limit: -0.0050
          Episode_Reward/joint_acc: -0.0101
       Episode_Reward/joint_torque: -0.0038
   Metrics/motion/error_anchor_pos: 0.7354
   Metrics/motion/error_anchor_rot: 0.3540
Metrics/motion/error_anchor_lin_vel: 2.3069
Metrics/motion/error_anchor_ang_vel: 1.5174
     Metrics/motion/error_body_pos: 0.4382
     Metrics/motion/error_body_rot: 0.8026
 Metrics/motion/error_body_lin_vel: 2.4802
 Metrics/motion/error_body_ang_vel: 3.3709
    Metrics/motion/error_joint_pos: 2.2116
    Metrics/motion/error_joint_vel: 11.9143
   Metrics/motion/sampling_entropy: 0.0000
 Metrics/motion/sampling_top1_prob: 0.0000
  Metrics/motion/sampling_top1_bin: 0.0000
Metrics/motion/motion_sampling_prob_mean: 0.1429
Metrics/motion/motion_sampling_prob_std: 0.0000
Metrics/motion/motion_sampling_prob_min: 0.1429
Metrics/motion/motion_sampling_prob_max: 0.1429
Metrics/motion/motion_sampling_prob_entropy: 1.0000
Metrics/motion/hitter_strike_racket_pos_error: 0.5763
Metrics/motion/hitter_strike_racket_vel_error: 3.2306
Metrics/motion/hitter_strike_racket_ori_error: 0.0516
      Episode_Termination/time_out: 0.2500
    Episode_Termination/anchor_pos: 390.2083
    Episode_Termination/anchor_ori: 0.0000
--------------------------------------------------------------------------------
                   Total timesteps: 266400000
                    Iteration time: 10.39s
                      Time elapsed: 00:20:53
                               ETA: 07:00:51

################################################################################
                     [1m Learning iteration 111/10000 [0m                     

                       Computation: 231312 steps/s (collection: 8.685s, learning 1.691s)
             Mean action noise std: 0.48
          Mean value_function loss: 0.6068
               Mean surrogate loss: 0.0059
                 Mean entropy loss: 18.2490
               Mean approx_kl loss: 0.0162
           Mean clip_fraction loss: 0.2017
              Mean ratio_mean loss: 0.9999
          Mean advantage_mean loss: 0.0000
           Mean advantage_std loss: 1.0000
      Mean explained_variance loss: 0.9506
                       Mean reward: 14.21
               Mean episode length: 122.70
Episode_Reward/motion_global_anchor_pos: 0.0825
Episode_Reward/motion_global_anchor_ori: 0.0892
    Episode_Reward/motion_body_pos: 0.1411
    Episode_Reward/motion_body_ori: 0.0149
Episode_Reward/motion_body_lin_vel: 0.2199
Episode_Reward/motion_body_ang_vel: 0.1175
Episode_Reward/motion_anchor_lin_vel: 0.1813
           Episode_Reward/base_pos: 0.3787
         Episode_Reward/racket_pos: 0.0006
         Episode_Reward/racket_vel: 0.0142
         Episode_Reward/racket_ori: 0.2318
Episode_Reward/torso_forward_lean_l2: -0.0176
 Episode_Reward/base_ang_vel_xy_l2: -0.1181
 Episode_Reward/undesired_contacts: -0.0201
Episode_Reward/hitter_foot_slip_l2: -0.1176
Episode_Reward/hitter_hit_unstable_support: -0.0100
Episode_Reward/hitter_foot_edge_drag: -0.0132
    Episode_Reward/hip_yaw_default: 0.4413
     Episode_Reward/action_rate_l2: -0.2782
        Episode_Reward/joint_limit: -0.0050
          Episode_Reward/joint_acc: -0.0102
       Episode_Reward/joint_torque: -0.0039
   Metrics/motion/error_anchor_pos: 0.7379
   Metrics/motion/error_anchor_rot: 0.3532
Metrics/motion/error_anchor_lin_vel: 2.3104
Metrics/motion/error_anchor_ang_vel: 1.5116
     Metrics/motion/error_body_pos: 0.4382
     Metrics/motion/error_body_rot: 0.8018
 Metrics/motion/error_body_lin_vel: 2.4823
 Metrics/motion/error_body_ang_vel: 3.3695
    Metrics/motion/error_joint_pos: 2.2070
    Metrics/motion/error_joint_vel: 11.9183
   Metrics/motion/sampling_entropy: 0.0000
 Metrics/motion/sampling_top1_prob: 0.0000
  Metrics/motion/sampling_top1_bin: 0.0000
Metrics/motion/motion_sampling_prob_mean: 0.1429
Metrics/motion/motion_sampling_prob_std: 0.0000
Metrics/motion/motion_sampling_prob_min: 0.1429
Metrics/motion/motion_sampling_prob_max: 0.1429
Metrics/motion/motion_sampling_prob_entropy: 1.0000
Metrics/motion/hitter_strike_racket_pos_error: 0.5783
Metrics/motion/hitter_strike_racket_vel_error: 3.2161
Metrics/motion/hitter_strike_racket_ori_error: 0.0519
      Episode_Termination/time_out: 0.1667
    Episode_Termination/anchor_pos: 384.2083
    Episode_Termination/anchor_ori: 0.0000
--------------------------------------------------------------------------------
                   Total timesteps: 268800000
                    Iteration time: 10.38s
                      Time elapsed: 00:21:03
                               ETA: 06:59:19

################################################################################
                     [1m Learning iteration 112/10000 [0m                     

                       Computation: 230242 steps/s (collection: 8.674s, learning 1.750s)
             Mean action noise std: 0.48
          Mean value_function loss: 0.6184
               Mean surrogate loss: 0.0023
                 Mean entropy loss: 18.2471
               Mean approx_kl loss: 0.0103
           Mean clip_fraction loss: 0.1397
              Mean ratio_mean loss: 0.9999
          Mean advantage_mean loss: 0.0000
           Mean advantage_std loss: 1.0000
      Mean explained_variance loss: 0.9500
                       Mean reward: 14.21
               Mean episode length: 124.84
Episode_Reward/motion_global_anchor_pos: 0.0847
Episode_Reward/motion_global_anchor_ori: 0.0910
    Episode_Reward/motion_body_pos: 0.1442
    Episode_Reward/motion_body_ori: 0.0151
Episode_Reward/motion_body_lin_vel: 0.2253
Episode_Reward/motion_body_ang_vel: 0.1197
Episode_Reward/motion_anchor_lin_vel: 0.1857
           Episode_Reward/base_pos: 0.3866
         Episode_Reward/racket_pos: 0.0006
         Episode_Reward/racket_vel: 0.0145
         Episode_Reward/racket_ori: 0.2358
Episode_Reward/torso_forward_lean_l2: -0.0178
 Episode_Reward/base_ang_vel_xy_l2: -0.1199
 Episode_Reward/undesired_contacts: -0.0205
Episode_Reward/hitter_foot_slip_l2: -0.1193
Episode_Reward/hitter_hit_unstable_support: -0.0099
Episode_Reward/hitter_foot_edge_drag: -0.0134
    Episode_Reward/hip_yaw_default: 0.4497
     Episode_Reward/action_rate_l2: -0.2835
        Episode_Reward/joint_limit: -0.0051
          Episode_Reward/joint_acc: -0.0103
       Episode_Reward/joint_torque: -0.0040
   Metrics/motion/error_anchor_pos: 0.7356
   Metrics/motion/error_anchor_rot: 0.3468
Metrics/motion/error_anchor_lin_vel: 2.3130
Metrics/motion/error_anchor_ang_vel: 1.4884
     Metrics/motion/error_body_pos: 0.4373
     Metrics/motion/error_body_rot: 0.8003
 Metrics/motion/error_body_lin_vel: 2.4838
 Metrics/motion/error_body_ang_vel: 3.3698
    Metrics/motion/error_joint_pos: 2.2061
    Metrics/motion/error_joint_vel: 11.9493
   Metrics/motion/sampling_entropy: 0.0000
 Metrics/motion/sampling_top1_prob: 0.0000
  Metrics/motion/sampling_top1_bin: 0.0000
Metrics/motion/motion_sampling_prob_mean: 0.1429
Metrics/motion/motion_sampling_prob_std: 0.0000
Metrics/motion/motion_sampling_prob_min: 0.1429
Metrics/motion/motion_sampling_prob_max: 0.1429
Metrics/motion/motion_sampling_prob_entropy: 1.0000
Metrics/motion/hitter_strike_racket_pos_error: 0.5752
Metrics/motion/hitter_strike_racket_vel_error: 3.2292
Metrics/motion/hitter_strike_racket_ori_error: 0.0538
      Episode_Termination/time_out: 0.3333
    Episode_Termination/anchor_pos: 384.9167
    Episode_Termination/anchor_ori: 0.0000
--------------------------------------------------------------------------------
                   Total timesteps: 271200000
                    Iteration time: 10.42s
                      Time elapsed: 00:21:13
                               ETA: 06:57:52

################################################################################
                     [1m Learning iteration 113/10000 [0m                     

                       Computation: 233309 steps/s (collection: 8.726s, learning 1.561s)
             Mean action noise std: 0.48
          Mean value_function loss: 0.6307
               Mean surrogate loss: -0.0001
                 Mean entropy loss: 18.2370
               Mean approx_kl loss: 0.0087
           Mean clip_fraction loss: 0.1201
              Mean ratio_mean loss: 1.0000
          Mean advantage_mean loss: -0.0000
           Mean advantage_std loss: 1.0000
      Mean explained_variance loss: 0.9497
                       Mean reward: 12.65
               Mean episode length: 112.51
Episode_Reward/motion_global_anchor_pos: 0.0878
Episode_Reward/motion_global_anchor_ori: 0.0937
    Episode_Reward/motion_body_pos: 0.1488
    Episode_Reward/motion_body_ori: 0.0152
Episode_Reward/motion_body_lin_vel: 0.2342
Episode_Reward/motion_body_ang_vel: 0.1239
Episode_Reward/motion_anchor_lin_vel: 0.1928
           Episode_Reward/base_pos: 0.3974
         Episode_Reward/racket_pos: 0.0006
         Episode_Reward/racket_vel: 0.0148
         Episode_Reward/racket_ori: 0.2423
Episode_Reward/torso_forward_lean_l2: -0.0187
 Episode_Reward/base_ang_vel_xy_l2: -0.1235
 Episode_Reward/undesired_contacts: -0.0213
Episode_Reward/hitter_foot_slip_l2: -0.1220
Episode_Reward/hitter_hit_unstable_support: -0.0103
Episode_Reward/hitter_foot_edge_drag: -0.0139
    Episode_Reward/hip_yaw_default: 0.4639
     Episode_Reward/action_rate_l2: -0.2924
        Episode_Reward/joint_limit: -0.0053
          Episode_Reward/joint_acc: -0.0106
       Episode_Reward/joint_torque: -0.0041
   Metrics/motion/error_anchor_pos: 0.7372
   Metrics/motion/error_anchor_rot: 0.3500
Metrics/motion/error_anchor_lin_vel: 2.3165
Metrics/motion/error_anchor_ang_vel: 1.5063
     Metrics/motion/error_body_pos: 0.4382
     Metrics/motion/error_body_rot: 0.8020
 Metrics/motion/error_body_lin_vel: 2.4840
 Metrics/motion/error_body_ang_vel: 3.3755
    Metrics/motion/error_joint_pos: 2.1988
    Metrics/motion/error_joint_vel: 11.9362
   Metrics/motion/sampling_entropy: 0.0000
 Metrics/motion/sampling_top1_prob: 0.0000
  Metrics/motion/sampling_top1_bin: 0.0000
Metrics/motion/motion_sampling_prob_mean: 0.1429
Metrics/motion/motion_sampling_prob_std: 0.0000
Metrics/motion/motion_sampling_prob_min: 0.1429
Metrics/motion/motion_sampling_prob_max: 0.1429
Metrics/motion/motion_sampling_prob_entropy: 1.0000
Metrics/motion/hitter_strike_racket_pos_error: 0.5732
Metrics/motion/hitter_strike_racket_vel_error: 3.2274
Metrics/motion/hitter_strike_racket_ori_error: 0.0535
      Episode_Termination/time_out: 0.3333
    Episode_Termination/anchor_pos: 370.7500
    Episode_Termination/anchor_ori: 0.0000
--------------------------------------------------------------------------------
                   Total timesteps: 273600000
                    Iteration time: 10.29s
                      Time elapsed: 00:21:24
                               ETA: 06:56:15

################################################################################
                     [1m Learning iteration 114/10000 [0m                     

                       Computation: 229764 steps/s (collection: 8.348s, learning 2.098s)
             Mean action noise std: 0.48
          Mean value_function loss: 0.6255
               Mean surrogate loss: 0.0073
                 Mean entropy loss: 18.2356
               Mean approx_kl loss: 0.0172
           Mean clip_fraction loss: 0.1751
              Mean ratio_mean loss: 1.0000
          Mean advantage_mean loss: -0.0000
           Mean advantage_std loss: 1.0000
      Mean explained_variance loss: 0.9505
                       Mean reward: 15.15
               Mean episode length: 132.46
Episode_Reward/motion_global_anchor_pos: 0.0890
Episode_Reward/motion_global_anchor_ori: 0.0948
    Episode_Reward/motion_body_pos: 0.1508
    Episode_Reward/motion_body_ori: 0.0153
Episode_Reward/motion_body_lin_vel: 0.2378
Episode_Reward/motion_body_ang_vel: 0.1257
Episode_Reward/motion_anchor_lin_vel: 0.1954
           Episode_Reward/base_pos: 0.4013
         Episode_Reward/racket_pos: 0.0007
         Episode_Reward/racket_vel: 0.0149
         Episode_Reward/racket_ori: 0.2455
Episode_Reward/torso_forward_lean_l2: -0.0192
 Episode_Reward/base_ang_vel_xy_l2: -0.1252
 Episode_Reward/undesired_contacts: -0.0217
Episode_Reward/hitter_foot_slip_l2: -0.1231
Episode_Reward/hitter_hit_unstable_support: -0.0107
Episode_Reward/hitter_foot_edge_drag: -0.0141
    Episode_Reward/hip_yaw_default: 0.4693
     Episode_Reward/action_rate_l2: -0.2961
        Episode_Reward/joint_limit: -0.0053
          Episode_Reward/joint_acc: -0.0107
       Episode_Reward/joint_torque: -0.0041
   Metrics/motion/error_anchor_pos: 0.7406
   Metrics/motion/error_anchor_rot: 0.3533
Metrics/motion/error_anchor_lin_vel: 2.3133
Metrics/motion/error_anchor_ang_vel: 1.5101
     Metrics/motion/error_body_pos: 0.4379
     Metrics/motion/error_body_rot: 0.7970
 Metrics/motion/error_body_lin_vel: 2.4868
 Metrics/motion/error_body_ang_vel: 3.3687
    Metrics/motion/error_joint_pos: 2.1963
    Metrics/motion/error_joint_vel: 11.9084
   Metrics/motion/sampling_entropy: 0.0000
 Metrics/motion/sampling_top1_prob: 0.0000
  Metrics/motion/sampling_top1_bin: 0.0000
Metrics/motion/motion_sampling_prob_mean: 0.1429
Metrics/motion/motion_sampling_prob_std: 0.0000
Metrics/motion/motion_sampling_prob_min: 0.1429
Metrics/motion/motion_sampling_prob_max: 0.1429
Metrics/motion/motion_sampling_prob_entropy: 1.0000
Metrics/motion/hitter_strike_racket_pos_error: 0.5775
Metrics/motion/hitter_strike_racket_vel_error: 3.2426
Metrics/motion/hitter_strike_racket_ori_error: 0.0545
      Episode_Termination/time_out: 0.5417
    Episode_Termination/anchor_pos: 367.7500
    Episode_Termination/anchor_ori: 0.0000
--------------------------------------------------------------------------------
                   Total timesteps: 276000000
                    Iteration time: 10.45s
                      Time elapsed: 00:21:34
                               ETA: 06:54:54

################################################################################
                     [1m Learning iteration 115/10000 [0m                     

                       Computation: 227221 steps/s (collection: 8.209s, learning 2.354s)
             Mean action noise std: 0.48
          Mean value_function loss: 0.6475
               Mean surrogate loss: 0.0005
                 Mean entropy loss: 18.2307
               Mean approx_kl loss: 0.0083
           Mean clip_fraction loss: 0.1108
              Mean ratio_mean loss: 0.9999
          Mean advantage_mean loss: -0.0000
           Mean advantage_std loss: 1.0000
      Mean explained_variance loss: 0.9489
                       Mean reward: 14.00
               Mean episode length: 121.49
Episode_Reward/motion_global_anchor_pos: 0.0903
Episode_Reward/motion_global_anchor_ori: 0.0965
    Episode_Reward/motion_body_pos: 0.1526
    Episode_Reward/motion_body_ori: 0.0152
Episode_Reward/motion_body_lin_vel: 0.2420
Episode_Reward/motion_body_ang_vel: 0.1274
Episode_Reward/motion_anchor_lin_vel: 0.1985
           Episode_Reward/base_pos: 0.4081
         Episode_Reward/racket_pos: 0.0006
         Episode_Reward/racket_vel: 0.0151
         Episode_Reward/racket_ori: 0.2488
Episode_Reward/torso_forward_lean_l2: -0.0193
 Episode_Reward/base_ang_vel_xy_l2: -0.1264
 Episode_Reward/undesired_contacts: -0.0221
Episode_Reward/hitter_foot_slip_l2: -0.1241
Episode_Reward/hitter_hit_unstable_support: -0.0107
Episode_Reward/hitter_foot_edge_drag: -0.0143
    Episode_Reward/hip_yaw_default: 0.4755
     Episode_Reward/action_rate_l2: -0.3001
        Episode_Reward/joint_limit: -0.0052
          Episode_Reward/joint_acc: -0.0109
       Episode_Reward/joint_torque: -0.0042
   Metrics/motion/error_anchor_pos: 0.7414
   Metrics/motion/error_anchor_rot: 0.3509
Metrics/motion/error_anchor_lin_vel: 2.3101
Metrics/motion/error_anchor_ang_vel: 1.5231
     Metrics/motion/error_body_pos: 0.4381
     Metrics/motion/error_body_rot: 0.7952
 Metrics/motion/error_body_lin_vel: 2.4877
 Metrics/motion/error_body_ang_vel: 3.3683
    Metrics/motion/error_joint_pos: 2.1963
    Metrics/motion/error_joint_vel: 11.8623
   Metrics/motion/sampling_entropy: 0.0000
 Metrics/motion/sampling_top1_prob: 0.0000
  Metrics/motion/sampling_top1_bin: 0.0000
Metrics/motion/motion_sampling_prob_mean: 0.1429
Metrics/motion/motion_sampling_prob_std: 0.0000
Metrics/motion/motion_sampling_prob_min: 0.1429
Metrics/motion/motion_sampling_prob_max: 0.1429
Metrics/motion/motion_sampling_prob_entropy: 1.0000
Metrics/motion/hitter_strike_racket_pos_error: 0.5771
Metrics/motion/hitter_strike_racket_vel_error: 3.2317
Metrics/motion/hitter_strike_racket_ori_error: 0.0536
      Episode_Termination/time_out: 1.0417
    Episode_Termination/anchor_pos: 355.0417
    Episode_Termination/anchor_ori: 0.0000
--------------------------------------------------------------------------------
                   Total timesteps: 278400000
                    Iteration time: 10.56s
                      Time elapsed: 00:21:45
                               ETA: 06:53:43

################################################################################
                     [1m Learning iteration 116/10000 [0m                     

                       Computation: 229657 steps/s (collection: 8.339s, learning 2.111s)
             Mean action noise std: 0.48
          Mean value_function loss: 0.6755
               Mean surrogate loss: 0.0027
                 Mean entropy loss: 18.2357
               Mean approx_kl loss: 0.0108
           Mean clip_fraction loss: 0.1445
              Mean ratio_mean loss: 0.9999
          Mean advantage_mean loss: 0.0000
           Mean advantage_std loss: 1.0000
      Mean explained_variance loss: 0.9484
                       Mean reward: 13.15
               Mean episode length: 117.52
Episode_Reward/motion_global_anchor_pos: 0.0921
Episode_Reward/motion_global_anchor_ori: 0.0982
    Episode_Reward/motion_body_pos: 0.1555
    Episode_Reward/motion_body_ori: 0.0155
Episode_Reward/motion_body_lin_vel: 0.2476
Episode_Reward/motion_body_ang_vel: 0.1302
Episode_Reward/motion_anchor_lin_vel: 0.2028
           Episode_Reward/base_pos: 0.4149
         Episode_Reward/racket_pos: 0.0007
         Episode_Reward/racket_vel: 0.0151
         Episode_Reward/racket_ori: 0.2533
Episode_Reward/torso_forward_lean_l2: -0.0199
 Episode_Reward/base_ang_vel_xy_l2: -0.1293
 Episode_Reward/undesired_contacts: -0.0227
Episode_Reward/hitter_foot_slip_l2: -0.1260
Episode_Reward/hitter_hit_unstable_support: -0.0107
Episode_Reward/hitter_foot_edge_drag: -0.0145
    Episode_Reward/hip_yaw_default: 0.4842
     Episode_Reward/action_rate_l2: -0.3061
        Episode_Reward/joint_limit: -0.0052
          Episode_Reward/joint_acc: -0.0111
       Episode_Reward/joint_torque: -0.0043
   Metrics/motion/error_anchor_pos: 0.7434
   Metrics/motion/error_anchor_rot: 0.3591
Metrics/motion/error_anchor_lin_vel: 2.3057
Metrics/motion/error_anchor_ang_vel: 1.5379
     Metrics/motion/error_body_pos: 0.4380
     Metrics/motion/error_body_rot: 0.7946
 Metrics/motion/error_body_lin_vel: 2.4874
 Metrics/motion/error_body_ang_vel: 3.3826
    Metrics/motion/error_joint_pos: 2.1961
    Metrics/motion/error_joint_vel: 11.7718
   Metrics/motion/sampling_entropy: 0.0000
 Metrics/motion/sampling_top1_prob: 0.0000
  Metrics/motion/sampling_top1_bin: 0.0000
Metrics/motion/motion_sampling_prob_mean: 0.1429
Metrics/motion/motion_sampling_prob_std: 0.0000
Metrics/motion/motion_sampling_prob_min: 0.1429
Metrics/motion/motion_sampling_prob_max: 0.1429
Metrics/motion/motion_sampling_prob_entropy: 1.0000
Metrics/motion/hitter_strike_racket_pos_error: 0.5762
Metrics/motion/hitter_strike_racket_vel_error: 3.2509
Metrics/motion/hitter_strike_racket_ori_error: 0.0530
      Episode_Termination/time_out: 1.4583
    Episode_Termination/anchor_pos: 347.1250
    Episode_Termination/anchor_ori: 0.0000
--------------------------------------------------------------------------------
                   Total timesteps: 280800000
                    Iteration time: 10.45s
                      Time elapsed: 00:21:55
                               ETA: 06:52:24

################################################################################
                     [1m Learning iteration 117/10000 [0m                     

                       Computation: 236763 steps/s (collection: 9.064s, learning 1.073s)
             Mean action noise std: 0.48
          Mean value_function loss: 0.6800
               Mean surrogate loss: 0.0035
                 Mean entropy loss: 18.2392
               Mean approx_kl loss: 0.0121
           Mean clip_fraction loss: 0.1592
              Mean ratio_mean loss: 1.0000
          Mean advantage_mean loss: -0.0000
           Mean advantage_std loss: 1.0000
      Mean explained_variance loss: 0.9486
                       Mean reward: 15.73
               Mean episode length: 136.61
Episode_Reward/motion_global_anchor_pos: 0.0941
Episode_Reward/motion_global_anchor_ori: 0.1002
    Episode_Reward/motion_body_pos: 0.1581
    Episode_Reward/motion_body_ori: 0.0155
Episode_Reward/motion_body_lin_vel: 0.2532
Episode_Reward/motion_body_ang_vel: 0.1327
Episode_Reward/motion_anchor_lin_vel: 0.2071
           Episode_Reward/base_pos: 0.4174
         Episode_Reward/racket_pos: 0.0007
         Episode_Reward/racket_vel: 0.0153
         Episode_Reward/racket_ori: 0.2563
Episode_Reward/torso_forward_lean_l2: -0.0201
 Episode_Reward/base_ang_vel_xy_l2: -0.1315
 Episode_Reward/undesired_contacts: -0.0232
Episode_Reward/hitter_foot_slip_l2: -0.1275
Episode_Reward/hitter_hit_unstable_support: -0.0108
Episode_Reward/hitter_foot_edge_drag: -0.0149
    Episode_Reward/hip_yaw_default: 0.4927
     Episode_Reward/action_rate_l2: -0.3115
        Episode_Reward/joint_limit: -0.0052
          Episode_Reward/joint_acc: -0.0112
       Episode_Reward/joint_torque: -0.0043
   Metrics/motion/error_anchor_pos: 0.7444
   Metrics/motion/error_anchor_rot: 0.3625
Metrics/motion/error_anchor_lin_vel: 2.3031
Metrics/motion/error_anchor_ang_vel: 1.5514
     Metrics/motion/error_body_pos: 0.4381
     Metrics/motion/error_body_rot: 0.7913
 Metrics/motion/error_body_lin_vel: 2.4880
 Metrics/motion/error_body_ang_vel: 3.3879
    Metrics/motion/error_joint_pos: 2.1937
    Metrics/motion/error_joint_vel: 11.7918
   Metrics/motion/sampling_entropy: 0.0000
 Metrics/motion/sampling_top1_prob: 0.0000
  Metrics/motion/sampling_top1_bin: 0.0000
Metrics/motion/motion_sampling_prob_mean: 0.1429
Metrics/motion/motion_sampling_prob_std: 0.0000
Metrics/motion/motion_sampling_prob_min: 0.1429
Metrics/motion/motion_sampling_prob_max: 0.1429
Metrics/motion/motion_sampling_prob_entropy: 1.0000
Metrics/motion/hitter_strike_racket_pos_error: 0.5777
Metrics/motion/hitter_strike_racket_vel_error: 3.2476
Metrics/motion/hitter_strike_racket_ori_error: 0.0532
      Episode_Termination/time_out: 1.4167
    Episode_Termination/anchor_pos: 344.0000
    Episode_Termination/anchor_ori: 0.0000
--------------------------------------------------------------------------------
                   Total timesteps: 283200000
                    Iteration time: 10.14s
                      Time elapsed: 00:22:05
                               ETA: 06:50:40

################################################################################
                     [1m Learning iteration 118/10000 [0m                     

                       Computation: 232432 steps/s (collection: 9.011s, learning 1.315s)
             Mean action noise std: 0.48
          Mean value_function loss: 0.6869
               Mean surrogate loss: 0.0072
                 Mean entropy loss: 18.2445
               Mean approx_kl loss: 0.0162
           Mean clip_fraction loss: 0.1975
              Mean ratio_mean loss: 0.9999
          Mean advantage_mean loss: 0.0000
           Mean advantage_std loss: 1.0000
      Mean explained_variance loss: 0.9491
                       Mean reward: 16.76
               Mean episode length: 142.68
Episode_Reward/motion_global_anchor_pos: 0.0959
Episode_Reward/motion_global_anchor_ori: 0.1023
    Episode_Reward/motion_body_pos: 0.1614
    Episode_Reward/motion_body_ori: 0.0158
Episode_Reward/motion_body_lin_vel: 0.2591
Episode_Reward/motion_body_ang_vel: 0.1355
Episode_Reward/motion_anchor_lin_vel: 0.2118
           Episode_Reward/base_pos: 0.4199
         Episode_Reward/racket_pos: 0.0007
         Episode_Reward/racket_vel: 0.0155
         Episode_Reward/racket_ori: 0.2620
Episode_Reward/torso_forward_lean_l2: -0.0207
 Episode_Reward/base_ang_vel_xy_l2: -0.1338
 Episode_Reward/undesired_contacts: -0.0238
Episode_Reward/hitter_foot_slip_l2: -0.1289
Episode_Reward/hitter_hit_unstable_support: -0.0111
Episode_Reward/hitter_foot_edge_drag: -0.0152
    Episode_Reward/hip_yaw_default: 0.5022
     Episode_Reward/action_rate_l2: -0.3179
        Episode_Reward/joint_limit: -0.0055
          Episode_Reward/joint_acc: -0.0115
       Episode_Reward/joint_torque: -0.0044
   Metrics/motion/error_anchor_pos: 0.7453
   Metrics/motion/error_anchor_rot: 0.3677
Metrics/motion/error_anchor_lin_vel: 2.2983
Metrics/motion/error_anchor_ang_vel: 1.5390
     Metrics/motion/error_body_pos: 0.4379
     Metrics/motion/error_body_rot: 0.7889
 Metrics/motion/error_body_lin_vel: 2.4838
 Metrics/motion/error_body_ang_vel: 3.3976
    Metrics/motion/error_joint_pos: 2.1922
    Metrics/motion/error_joint_vel: 11.8027
   Metrics/motion/sampling_entropy: 0.0000
 Metrics/motion/sampling_top1_prob: 0.0000
  Metrics/motion/sampling_top1_bin: 0.0000
Metrics/motion/motion_sampling_prob_mean: 0.1429
Metrics/motion/motion_sampling_prob_std: 0.0000
Metrics/motion/motion_sampling_prob_min: 0.1429
Metrics/motion/motion_sampling_prob_max: 0.1429
Metrics/motion/motion_sampling_prob_entropy: 1.0000
Metrics/motion/hitter_strike_racket_pos_error: 0.5822
Metrics/motion/hitter_strike_racket_vel_error: 3.2567
Metrics/motion/hitter_strike_racket_ori_error: 0.0533
      Episode_Termination/time_out: 1.7500
    Episode_Termination/anchor_pos: 336.7083
    Episode_Termination/anchor_ori: 0.0000
--------------------------------------------------------------------------------
                   Total timesteps: 285600000
                    Iteration time: 10.33s
                      Time elapsed: 00:22:16
                               ETA: 06:49:13

################################################################################
                     [1m Learning iteration 119/10000 [0m                     

                       Computation: 233195 steps/s (collection: 8.843s, learning 1.449s)
             Mean action noise std: 0.48
          Mean value_function loss: 0.7063
               Mean surrogate loss: -0.0003
                 Mean entropy loss: 18.2517
               Mean approx_kl loss: 0.0071
           Mean clip_fraction loss: 0.0928
              Mean ratio_mean loss: 1.0001
          Mean advantage_mean loss: 0.0000
           Mean advantage_std loss: 1.0000
      Mean explained_variance loss: 0.9478
                       Mean reward: 16.52
               Mean episode length: 140.37
Episode_Reward/motion_global_anchor_pos: 0.0973
Episode_Reward/motion_global_anchor_ori: 0.1035
    Episode_Reward/motion_body_pos: 0.1632
    Episode_Reward/motion_body_ori: 0.0156
Episode_Reward/motion_body_lin_vel: 0.2640
Episode_Reward/motion_body_ang_vel: 0.1377
Episode_Reward/motion_anchor_lin_vel: 0.2154
           Episode_Reward/base_pos: 0.4296
         Episode_Reward/racket_pos: 0.0006
         Episode_Reward/racket_vel: 0.0157
         Episode_Reward/racket_ori: 0.2647
Episode_Reward/torso_forward_lean_l2: -0.0210
 Episode_Reward/base_ang_vel_xy_l2: -0.1356
 Episode_Reward/undesired_contacts: -0.0243
Episode_Reward/hitter_foot_slip_l2: -0.1303
Episode_Reward/hitter_hit_unstable_support: -0.0111
Episode_Reward/hitter_foot_edge_drag: -0.0154
    Episode_Reward/hip_yaw_default: 0.5092
     Episode_Reward/action_rate_l2: -0.3228
        Episode_Reward/joint_limit: -0.0056
          Episode_Reward/joint_acc: -0.0116
       Episode_Reward/joint_torque: -0.0045
   Metrics/motion/error_anchor_pos: 0.7472
   Metrics/motion/error_anchor_rot: 0.3725
Metrics/motion/error_anchor_lin_vel: 2.2938
Metrics/motion/error_anchor_ang_vel: 1.5561
     Metrics/motion/error_body_pos: 0.4376
     Metrics/motion/error_body_rot: 0.7821
 Metrics/motion/error_body_lin_vel: 2.4860
 Metrics/motion/error_body_ang_vel: 3.3951
    Metrics/motion/error_joint_pos: 2.1774
    Metrics/motion/error_joint_vel: 11.6965
   Metrics/motion/sampling_entropy: 0.0000
 Metrics/motion/sampling_top1_prob: 0.0000
  Metrics/motion/sampling_top1_bin: 0.0000
Metrics/motion/motion_sampling_prob_mean: 0.1429
Metrics/motion/motion_sampling_prob_std: 0.0000
Metrics/motion/motion_sampling_prob_min: 0.1429
Metrics/motion/motion_sampling_prob_max: 0.1429
Metrics/motion/motion_sampling_prob_entropy: 1.0000
Metrics/motion/hitter_strike_racket_pos_error: 0.5840
Metrics/motion/hitter_strike_racket_vel_error: 3.2476
Metrics/motion/hitter_strike_racket_ori_error: 0.0537
      Episode_Termination/time_out: 2.2917
    Episode_Termination/anchor_pos: 335.7083
    Episode_Termination/anchor_ori: 0.0000
--------------------------------------------------------------------------------
                   Total timesteps: 288000000
                    Iteration time: 10.29s
                      Time elapsed: 00:22:26
                               ETA: 06:47:45

################################################################################
                     [1m Learning iteration 120/10000 [0m                     

                       Computation: 234710 steps/s (collection: 9.002s, learning 1.224s)
             Mean action noise std: 0.48
          Mean value_function loss: 0.7225
               Mean surrogate loss: 0.0055
                 Mean entropy loss: 18.2554
               Mean approx_kl loss: 0.0146
           Mean clip_fraction loss: 0.1908
              Mean ratio_mean loss: 1.0001
          Mean advantage_mean loss: 0.0000
           Mean advantage_std loss: 1.0000
      Mean explained_variance loss: 0.9465
                       Mean reward: 14.20
               Mean episode length: 122.37
Episode_Reward/motion_global_anchor_pos: 0.0997
Episode_Reward/motion_global_anchor_ori: 0.1058
    Episode_Reward/motion_body_pos: 0.1669
    Episode_Reward/motion_body_ori: 0.0159
Episode_Reward/motion_body_lin_vel: 0.2704
Episode_Reward/motion_body_ang_vel: 0.1407
Episode_Reward/motion_anchor_lin_vel: 0.2206
           Episode_Reward/base_pos: 0.4344
         Episode_Reward/racket_pos: 0.0007
         Episode_Reward/racket_vel: 0.0157
         Episode_Reward/racket_ori: 0.2690
Episode_Reward/torso_forward_lean_l2: -0.0216
 Episode_Reward/base_ang_vel_xy_l2: -0.1376
 Episode_Reward/undesired_contacts: -0.0249
Episode_Reward/hitter_foot_slip_l2: -0.1317
Episode_Reward/hitter_hit_unstable_support: -0.0116
Episode_Reward/hitter_foot_edge_drag: -0.0158
    Episode_Reward/hip_yaw_default: 0.5196
     Episode_Reward/action_rate_l2: -0.3298
        Episode_Reward/joint_limit: -0.0057
          Episode_Reward/joint_acc: -0.0118
       Episode_Reward/joint_torque: -0.0045
   Metrics/motion/error_anchor_pos: 0.7459
   Metrics/motion/error_anchor_rot: 0.3620
Metrics/motion/error_anchor_lin_vel: 2.2981
Metrics/motion/error_anchor_ang_vel: 1.5473
     Metrics/motion/error_body_pos: 0.4371
     Metrics/motion/error_body_rot: 0.7823
 Metrics/motion/error_body_lin_vel: 2.4803
 Metrics/motion/error_body_ang_vel: 3.3765
    Metrics/motion/error_joint_pos: 2.1816
    Metrics/motion/error_joint_vel: 11.7244
   Metrics/motion/sampling_entropy: 0.0000
 Metrics/motion/sampling_top1_prob: 0.0000
  Metrics/motion/sampling_top1_bin: 0.0000
Metrics/motion/motion_sampling_prob_mean: 0.1429
Metrics/motion/motion_sampling_prob_std: 0.0000
Metrics/motion/motion_sampling_prob_min: 0.1429
Metrics/motion/motion_sampling_prob_max: 0.1429
Metrics/motion/motion_sampling_prob_entropy: 1.0000
Metrics/motion/hitter_strike_racket_pos_error: 0.5807
Metrics/motion/hitter_strike_racket_vel_error: 3.2690
Metrics/motion/hitter_strike_racket_ori_error: 0.0547
      Episode_Termination/time_out: 2.7917
    Episode_Termination/anchor_pos: 335.4167
    Episode_Termination/anchor_ori: 0.0000
--------------------------------------------------------------------------------
                   Total timesteps: 290400000
                    Iteration time: 10.23s
                      Time elapsed: 00:22:36
                               ETA: 06:46:13

swanlab: [2026.06.09 14:32:26] network error, swanlab will resume uploads when 
the network improves
################################################################################
                     [1m Learning iteration 121/10000 [0m                     

                       Computation: 233675 steps/s (collection: 9.053s, learning 1.217s)
             Mean action noise std: 0.48
          Mean value_function loss: 0.7251
               Mean surrogate loss: 0.0162
                 Mean entropy loss: 18.2648
               Mean approx_kl loss: 0.0350
           Mean clip_fraction loss: 0.2815
              Mean ratio_mean loss: 0.9999
          Mean advantage_mean loss: -0.0000
           Mean advantage_std loss: 1.0000
      Mean explained_variance loss: 0.9473
                       Mean reward: 15.20
               Mean episode length: 133.02
Episode_Reward/motion_global_anchor_pos: 0.1036
Episode_Reward/motion_global_anchor_ori: 0.1099
    Episode_Reward/motion_body_pos: 0.1733
    Episode_Reward/motion_body_ori: 0.0161
Episode_Reward/motion_body_lin_vel: 0.2814
Episode_Reward/motion_body_ang_vel: 0.1460
Episode_Reward/motion_anchor_lin_vel: 0.2293
           Episode_Reward/base_pos: 0.4504
         Episode_Reward/racket_pos: 0.0008
         Episode_Reward/racket_vel: 0.0160
         Episode_Reward/racket_ori: 0.2776
Episode_Reward/torso_forward_lean_l2: -0.0222
 Episode_Reward/base_ang_vel_xy_l2: -0.1413
 Episode_Reward/undesired_contacts: -0.0258
Episode_Reward/hitter_foot_slip_l2: -0.1350
Episode_Reward/hitter_hit_unstable_support: -0.0117
Episode_Reward/hitter_foot_edge_drag: -0.0165
    Episode_Reward/hip_yaw_default: 0.5373
     Episode_Reward/action_rate_l2: -0.3410
        Episode_Reward/joint_limit: -0.0057
          Episode_Reward/joint_acc: -0.0122
       Episode_Reward/joint_torque: -0.0047
   Metrics/motion/error_anchor_pos: 0.7459
   Metrics/motion/error_anchor_rot: 0.3546
Metrics/motion/error_anchor_lin_vel: 2.3080
Metrics/motion/error_anchor_ang_vel: 1.5276
     Metrics/motion/error_body_pos: 0.4378
     Metrics/motion/error_body_rot: 0.7830
 Metrics/motion/error_body_lin_vel: 2.4888
 Metrics/motion/error_body_ang_vel: 3.3598
    Metrics/motion/error_joint_pos: 2.1813
    Metrics/motion/error_joint_vel: 11.7749
   Metrics/motion/sampling_entropy: 0.0000
 Metrics/motion/sampling_top1_prob: 0.0000
  Metrics/motion/sampling_top1_bin: 0.0000
Metrics/motion/motion_sampling_prob_mean: 0.1429
Metrics/motion/motion_sampling_prob_std: 0.0000
Metrics/motion/motion_sampling_prob_min: 0.1429
Metrics/motion/motion_sampling_prob_max: 0.1429
Metrics/motion/motion_sampling_prob_entropy: 1.0000
Metrics/motion/hitter_strike_racket_pos_error: 0.5837
Metrics/motion/hitter_strike_racket_vel_error: 3.2833
Metrics/motion/hitter_strike_racket_ori_error: 0.0550
      Episode_Termination/time_out: 2.7500
    Episode_Termination/anchor_pos: 342.2917
    Episode_Termination/anchor_ori: 0.0000
--------------------------------------------------------------------------------
                   Total timesteps: 292800000
                    Iteration time: 10.27s
                      Time elapsed: 00:22:46
                               ETA: 06:44:45

################################################################################
                     [1m Learning iteration 122/10000 [0m                     

                       Computation: 238696 steps/s (collection: 9.434s, learning 0.621s)
             Mean action noise std: 0.48
          Mean value_function loss: 0.7058
               Mean surrogate loss: 0.0083
                 Mean entropy loss: 18.2685
               Mean approx_kl loss: 0.0144
           Mean clip_fraction loss: 0.1608
              Mean ratio_mean loss: 0.9999
          Mean advantage_mean loss: 0.0000
           Mean advantage_std loss: 1.0000
      Mean explained_variance loss: 0.9481
                       Mean reward: 15.22
               Mean episode length: 131.03
Episode_Reward/motion_global_anchor_pos: 0.1058
Episode_Reward/motion_global_anchor_ori: 0.1126
    Episode_Reward/motion_body_pos: 0.1765
    Episode_Reward/motion_body_ori: 0.0161
Episode_Reward/motion_body_lin_vel: 0.2891
Episode_Reward/motion_body_ang_vel: 0.1495
Episode_Reward/motion_anchor_lin_vel: 0.2350
           Episode_Reward/base_pos: 0.4569
         Episode_Reward/racket_pos: 0.0008
         Episode_Reward/racket_vel: 0.0164
         Episode_Reward/racket_ori: 0.2819
Episode_Reward/torso_forward_lean_l2: -0.0227
 Episode_Reward/base_ang_vel_xy_l2: -0.1441
 Episode_Reward/undesired_contacts: -0.0265
Episode_Reward/hitter_foot_slip_l2: -0.1369
Episode_Reward/hitter_hit_unstable_support: -0.0122
Episode_Reward/hitter_foot_edge_drag: -0.0170
    Episode_Reward/hip_yaw_default: 0.5486
     Episode_Reward/action_rate_l2: -0.3484
        Episode_Reward/joint_limit: -0.0059
          Episode_Reward/joint_acc: -0.0125
       Episode_Reward/joint_torque: -0.0048
   Metrics/motion/error_anchor_pos: 0.7462
   Metrics/motion/error_anchor_rot: 0.3557
Metrics/motion/error_anchor_lin_vel: 2.3093
Metrics/motion/error_anchor_ang_vel: 1.5176
     Metrics/motion/error_body_pos: 0.4380
     Metrics/motion/error_body_rot: 0.7810
 Metrics/motion/error_body_lin_vel: 2.4886
 Metrics/motion/error_body_ang_vel: 3.3554
    Metrics/motion/error_joint_pos: 2.1796
    Metrics/motion/error_joint_vel: 11.7812
   Metrics/motion/sampling_entropy: 0.0000
 Metrics/motion/sampling_top1_prob: 0.0000
  Metrics/motion/sampling_top1_bin: 0.0000
Metrics/motion/motion_sampling_prob_mean: 0.1429
Metrics/motion/motion_sampling_prob_std: 0.0000
Metrics/motion/motion_sampling_prob_min: 0.1429
Metrics/motion/motion_sampling_prob_max: 0.1429
Metrics/motion/motion_sampling_prob_entropy: 1.0000
Metrics/motion/hitter_strike_racket_pos_error: 0.5850
Metrics/motion/hitter_strike_racket_vel_error: 3.2892
Metrics/motion/hitter_strike_racket_ori_error: 0.0566
      Episode_Termination/time_out: 3.5417
    Episode_Termination/anchor_pos: 340.2917
    Episode_Termination/anchor_ori: 0.0000
--------------------------------------------------------------------------------
                   Total timesteps: 295200000
                    Iteration time: 10.05s
                      Time elapsed: 00:22:56
                               ETA: 06:43:02

################################################################################
                     [1m Learning iteration 123/10000 [0m                     

                       Computation: 233689 steps/s (collection: 9.338s, learning 0.932s)
             Mean action noise std: 0.48
          Mean value_function loss: 0.7110
               Mean surrogate loss: 0.0018
                 Mean entropy loss: 18.2722
               Mean approx_kl loss: 0.0088
           Mean clip_fraction loss: 0.1110
              Mean ratio_mean loss: 1.0000
          Mean advantage_mean loss: -0.0000
           Mean advantage_std loss: 1.0000
      Mean explained_variance loss: 0.9480
                       Mean reward: 18.80
               Mean episode length: 158.55
Episode_Reward/motion_global_anchor_pos: 0.1056
Episode_Reward/motion_global_anchor_ori: 0.1119
    Episode_Reward/motion_body_pos: 0.1762
    Episode_Reward/motion_body_ori: 0.0163
Episode_Reward/motion_body_lin_vel: 0.2881
Episode_Reward/motion_body_ang_vel: 0.1488
Episode_Reward/motion_anchor_lin_vel: 0.2342
           Episode_Reward/base_pos: 0.4587
         Episode_Reward/racket_pos: 0.0008
         Episode_Reward/racket_vel: 0.0164
         Episode_Reward/racket_ori: 0.2820
Episode_Reward/torso_forward_lean_l2: -0.0230
 Episode_Reward/base_ang_vel_xy_l2: -0.1439
 Episode_Reward/undesired_contacts: -0.0265
Episode_Reward/hitter_foot_slip_l2: -0.1370
Episode_Reward/hitter_hit_unstable_support: -0.0118
Episode_Reward/hitter_foot_edge_drag: -0.0168
    Episode_Reward/hip_yaw_default: 0.5468
     Episode_Reward/action_rate_l2: -0.3475
        Episode_Reward/joint_limit: -0.0059
          Episode_Reward/joint_acc: -0.0125
       Episode_Reward/joint_torque: -0.0048
   Metrics/motion/error_anchor_pos: 0.7465
   Metrics/motion/error_anchor_rot: 0.3572
Metrics/motion/error_anchor_lin_vel: 2.3028
Metrics/motion/error_anchor_ang_vel: 1.5318
     Metrics/motion/error_body_pos: 0.4370
     Metrics/motion/error_body_rot: 0.7766
 Metrics/motion/error_body_lin_vel: 2.4853
 Metrics/motion/error_body_ang_vel: 3.3848
    Metrics/motion/error_joint_pos: 2.1768
    Metrics/motion/error_joint_vel: 11.7966
   Metrics/motion/sampling_entropy: 0.0000
 Metrics/motion/sampling_top1_prob: 0.0000
  Metrics/motion/sampling_top1_bin: 0.0000
Metrics/motion/motion_sampling_prob_mean: 0.1429
Metrics/motion/motion_sampling_prob_std: 0.0000
Metrics/motion/motion_sampling_prob_min: 0.1429
Metrics/motion/motion_sampling_prob_max: 0.1429
Metrics/motion/motion_sampling_prob_entropy: 1.0000
Metrics/motion/hitter_strike_racket_pos_error: 0.5850
Metrics/motion/hitter_strike_racket_vel_error: 3.2907
Metrics/motion/hitter_strike_racket_ori_error: 0.0569
      Episode_Termination/time_out: 4.0417
    Episode_Termination/anchor_pos: 329.4583
    Episode_Termination/anchor_ori: 0.0000
--------------------------------------------------------------------------------
                   Total timesteps: 297600000
                    Iteration time: 10.27s
                      Time elapsed: 00:23:07
                               ETA: 06:41:37

################################################################################
                     [1m Learning iteration 124/10000 [0m                     

                       Computation: 237280 steps/s (collection: 9.300s, learning 0.815s)
             Mean action noise std: 0.48
          Mean value_function loss: 0.7428
               Mean surrogate loss: 0.0050
                 Mean entropy loss: 18.2768
               Mean approx_kl loss: 0.0131
           Mean clip_fraction loss: 0.1572
              Mean ratio_mean loss: 1.0001
          Mean advantage_mean loss: 0.0000
           Mean advantage_std loss: 1.0000
      Mean explained_variance loss: 0.9466
                       Mean reward: 17.58
               Mean episode length: 152.02
Episode_Reward/motion_global_anchor_pos: 0.1092
Episode_Reward/motion_global_anchor_ori: 0.1155
    Episode_Reward/motion_body_pos: 0.1818
    Episode_Reward/motion_body_ori: 0.0166
Episode_Reward/motion_body_lin_vel: 0.2982
Episode_Reward/motion_body_ang_vel: 0.1539
Episode_Reward/motion_anchor_lin_vel: 0.2423
           Episode_Reward/base_pos: 0.4711
         Episode_Reward/racket_pos: 0.0008
         Episode_Reward/racket_vel: 0.0169
         Episode_Reward/racket_ori: 0.2899
Episode_Reward/torso_forward_lean_l2: -0.0237
 Episode_Reward/base_ang_vel_xy_l2: -0.1482
 Episode_Reward/undesired_contacts: -0.0275
Episode_Reward/hitter_foot_slip_l2: -0.1397
Episode_Reward/hitter_hit_unstable_support: -0.0121
Episode_Reward/hitter_foot_edge_drag: -0.0174
    Episode_Reward/hip_yaw_default: 0.5630
     Episode_Reward/action_rate_l2: -0.3582
        Episode_Reward/joint_limit: -0.0059
          Episode_Reward/joint_acc: -0.0128
       Episode_Reward/joint_torque: -0.0049
   Metrics/motion/error_anchor_pos: 0.7445
   Metrics/motion/error_anchor_rot: 0.3557
Metrics/motion/error_anchor_lin_vel: 2.2976
Metrics/motion/error_anchor_ang_vel: 1.5321
     Metrics/motion/error_body_pos: 0.4364
     Metrics/motion/error_body_rot: 0.7759
 Metrics/motion/error_body_lin_vel: 2.4786
 Metrics/motion/error_body_ang_vel: 3.3716
    Metrics/motion/error_joint_pos: 2.1745
    Metrics/motion/error_joint_vel: 11.7406
   Metrics/motion/sampling_entropy: 0.0000
 Metrics/motion/sampling_top1_prob: 0.0000
  Metrics/motion/sampling_top1_bin: 0.0000
Metrics/motion/motion_sampling_prob_mean: 0.1429
Metrics/motion/motion_sampling_prob_std: 0.0000
Metrics/motion/motion_sampling_prob_min: 0.1429
Metrics/motion/motion_sampling_prob_max: 0.1429
Metrics/motion/motion_sampling_prob_entropy: 1.0000
Metrics/motion/hitter_strike_racket_pos_error: 0.5884
Metrics/motion/hitter_strike_racket_vel_error: 3.3133
Metrics/motion/hitter_strike_racket_ori_error: 0.0590
      Episode_Termination/time_out: 5.2083
    Episode_Termination/anchor_pos: 324.5000
    Episode_Termination/anchor_ori: 0.0000
--------------------------------------------------------------------------------
                   Total timesteps: 300000000
                    Iteration time: 10.11s
                      Time elapsed: 00:23:17
                               ETA: 06:40:01

################################################################################
                     [1m Learning iteration 125/10000 [0m                     

                       Computation: 232104 steps/s (collection: 9.033s, learning 1.307s)
             Mean action noise std: 0.48
          Mean value_function loss: 0.7255
               Mean surrogate loss: -0.0019
                 Mean entropy loss: 18.2839
               Mean approx_kl loss: 0.0059
           Mean clip_fraction loss: 0.0679
              Mean ratio_mean loss: 0.9999
          Mean advantage_mean loss: 0.0000
           Mean advantage_std loss: 1.0000
      Mean explained_variance loss: 0.9471
                       Mean reward: 17.63
               Mean episode length: 150.77
Episode_Reward/motion_global_anchor_pos: 0.1061
Episode_Reward/motion_global_anchor_ori: 0.1129
    Episode_Reward/motion_body_pos: 0.1773
    Episode_Reward/motion_body_ori: 0.0164
Episode_Reward/motion_body_lin_vel: 0.2902
Episode_Reward/motion_body_ang_vel: 0.1499
Episode_Reward/motion_anchor_lin_vel: 0.2357
           Episode_Reward/base_pos: 0.4619
         Episode_Reward/racket_pos: 0.0008
         Episode_Reward/racket_vel: 0.0167
         Episode_Reward/racket_ori: 0.2840
Episode_Reward/torso_forward_lean_l2: -0.0235
 Episode_Reward/base_ang_vel_xy_l2: -0.1444
 Episode_Reward/undesired_contacts: -0.0268
Episode_Reward/hitter_foot_slip_l2: -0.1377
Episode_Reward/hitter_hit_unstable_support: -0.0121
Episode_Reward/hitter_foot_edge_drag: -0.0169
    Episode_Reward/hip_yaw_default: 0.5500
     Episode_Reward/action_rate_l2: -0.3505
        Episode_Reward/joint_limit: -0.0059
          Episode_Reward/joint_acc: -0.0126
       Episode_Reward/joint_torque: -0.0048
   Metrics/motion/error_anchor_pos: 0.7438
   Metrics/motion/error_anchor_rot: 0.3522
Metrics/motion/error_anchor_lin_vel: 2.2892
Metrics/motion/error_anchor_ang_vel: 1.5275
     Metrics/motion/error_body_pos: 0.4360
     Metrics/motion/error_body_rot: 0.7755
 Metrics/motion/error_body_lin_vel: 2.4729
 Metrics/motion/error_body_ang_vel: 3.3735
    Metrics/motion/error_joint_pos: 2.1735
    Metrics/motion/error_joint_vel: 11.7466
   Metrics/motion/sampling_entropy: 0.0000
 Metrics/motion/sampling_top1_prob: 0.0000
  Metrics/motion/sampling_top1_bin: 0.0000
Metrics/motion/motion_sampling_prob_mean: 0.1429
Metrics/motion/motion_sampling_prob_std: 0.0000
Metrics/motion/motion_sampling_prob_min: 0.1429
Metrics/motion/motion_sampling_prob_max: 0.1429
Metrics/motion/motion_sampling_prob_entropy: 1.0000
Metrics/motion/hitter_strike_racket_pos_error: 0.5858
Metrics/motion/hitter_strike_racket_vel_error: 3.2867
Metrics/motion/hitter_strike_racket_ori_error: 0.0574
      Episode_Termination/time_out: 5.7083
    Episode_Termination/anchor_pos: 315.6667
    Episode_Termination/anchor_ori: 0.0000
--------------------------------------------------------------------------------
                   Total timesteps: 302400000
                    Iteration time: 10.34s
                      Time elapsed: 00:23:27
                               ETA: 06:38:44

swanlab: [2026.06.09 14:33:33] network error, swanlab will resume uploads when 
the network improves
################################################################################
                     [1m Learning iteration 126/10000 [0m                     

                       Computation: 232472 steps/s (collection: 8.899s, learning 1.425s)
             Mean action noise std: 0.48
          Mean value_function loss: 0.7356
               Mean surrogate loss: 0.0087
                 Mean entropy loss: 18.2876
               Mean approx_kl loss: 0.0228
           Mean clip_fraction loss: 0.2404
              Mean ratio_mean loss: 0.9999
          Mean advantage_mean loss: 0.0000
           Mean advantage_std loss: 1.0000
      Mean explained_variance loss: 0.9468
                       Mean reward: 17.94
               Mean episode length: 152.31
Episode_Reward/motion_global_anchor_pos: 0.1089
Episode_Reward/motion_global_anchor_ori: 0.1159
    Episode_Reward/motion_body_pos: 0.1816
    Episode_Reward/motion_body_ori: 0.0165
Episode_Reward/motion_body_lin_vel: 0.2986
Episode_Reward/motion_body_ang_vel: 0.1540
Episode_Reward/motion_anchor_lin_vel: 0.2423
           Episode_Reward/base_pos: 0.4683
         Episode_Reward/racket_pos: 0.0008
         Episode_Reward/racket_vel: 0.0169
         Episode_Reward/racket_ori: 0.2901
Episode_Reward/torso_forward_lean_l2: -0.0240
 Episode_Reward/base_ang_vel_xy_l2: -0.1480
 Episode_Reward/undesired_contacts: -0.0276
Episode_Reward/hitter_foot_slip_l2: -0.1398
Episode_Reward/hitter_hit_unstable_support: -0.0127
Episode_Reward/hitter_foot_edge_drag: -0.0175
    Episode_Reward/hip_yaw_default: 0.5633
     Episode_Reward/action_rate_l2: -0.3588
        Episode_Reward/joint_limit: -0.0062
          Episode_Reward/joint_acc: -0.0128
       Episode_Reward/joint_torque: -0.0049
   Metrics/motion/error_anchor_pos: 0.7429
   Metrics/motion/error_anchor_rot: 0.3520
Metrics/motion/error_anchor_lin_vel: 2.2854
Metrics/motion/error_anchor_ang_vel: 1.5308
     Metrics/motion/error_body_pos: 0.4364
     Metrics/motion/error_body_rot: 0.7781
 Metrics/motion/error_body_lin_vel: 2.4712
 Metrics/motion/error_body_ang_vel: 3.3513
    Metrics/motion/error_joint_pos: 2.1732
    Metrics/motion/error_joint_vel: 11.6988
   Metrics/motion/sampling_entropy: 0.0000
 Metrics/motion/sampling_top1_prob: 0.0000
  Metrics/motion/sampling_top1_bin: 0.0000
Metrics/motion/motion_sampling_prob_mean: 0.1429
Metrics/motion/motion_sampling_prob_std: 0.0000
Metrics/motion/motion_sampling_prob_min: 0.1429
Metrics/motion/motion_sampling_prob_max: 0.1429
Metrics/motion/motion_sampling_prob_entropy: 1.0000
Metrics/motion/hitter_strike_racket_pos_error: 0.5892
Metrics/motion/hitter_strike_racket_vel_error: 3.3047
Metrics/motion/hitter_strike_racket_ori_error: 0.0577
      Episode_Termination/time_out: 6.3750
    Episode_Termination/anchor_pos: 316.2083
    Episode_Termination/anchor_ori: 0.0000
--------------------------------------------------------------------------------
                   Total timesteps: 304800000
                    Iteration time: 10.32s
                      Time elapsed: 00:23:38
                               ETA: 06:37:27

################################################################################
                     [1m Learning iteration 127/10000 [0m                     

                       Computation: 231215 steps/s (collection: 9.084s, learning 1.296s)
             Mean action noise std: 0.48
          Mean value_function loss: 0.7326
               Mean surrogate loss: 0.0004
                 Mean entropy loss: 18.2992
               Mean approx_kl loss: 0.0075
           Mean clip_fraction loss: 0.1004
              Mean ratio_mean loss: 1.0000
          Mean advantage_mean loss: -0.0000
           Mean advantage_std loss: 1.0000
      Mean explained_variance loss: 0.9469
                       Mean reward: 19.16
               Mean episode length: 163.92
Episode_Reward/motion_global_anchor_pos: 0.1121
Episode_Reward/motion_global_anchor_ori: 0.1187
    Episode_Reward/motion_body_pos: 0.1857
    Episode_Reward/motion_body_ori: 0.0167
Episode_Reward/motion_body_lin_vel: 0.3066
Episode_Reward/motion_body_ang_vel: 0.1578
Episode_Reward/motion_anchor_lin_vel: 0.2486
           Episode_Reward/base_pos: 0.4797
         Episode_Reward/racket_pos: 0.0008
         Episode_Reward/racket_vel: 0.0167
         Episode_Reward/racket_ori: 0.2952
Episode_Reward/torso_forward_lean_l2: -0.0248
 Episode_Reward/base_ang_vel_xy_l2: -0.1510
 Episode_Reward/undesired_contacts: -0.0283
Episode_Reward/hitter_foot_slip_l2: -0.1419
Episode_Reward/hitter_hit_unstable_support: -0.0126
Episode_Reward/hitter_foot_edge_drag: -0.0179
    Episode_Reward/hip_yaw_default: 0.5760
     Episode_Reward/action_rate_l2: -0.3674
        Episode_Reward/joint_limit: -0.0061
          Episode_Reward/joint_acc: -0.0131
       Episode_Reward/joint_torque: -0.0050
   Metrics/motion/error_anchor_pos: 0.7429
   Metrics/motion/error_anchor_rot: 0.3484
Metrics/motion/error_anchor_lin_vel: 2.2919
Metrics/motion/error_anchor_ang_vel: 1.5230
     Metrics/motion/error_body_pos: 0.4349
     Metrics/motion/error_body_rot: 0.7721
 Metrics/motion/error_body_lin_vel: 2.4712
 Metrics/motion/error_body_ang_vel: 3.3479
    Metrics/motion/error_joint_pos: 2.1668
    Metrics/motion/error_joint_vel: 11.6968
   Metrics/motion/sampling_entropy: 0.0000
 Metrics/motion/sampling_top1_prob: 0.0000
  Metrics/motion/sampling_top1_bin: 0.0000
Metrics/motion/motion_sampling_prob_mean: 0.1429
Metrics/motion/motion_sampling_prob_std: 0.0000
Metrics/motion/motion_sampling_prob_min: 0.1429
Metrics/motion/motion_sampling_prob_max: 0.1429
Metrics/motion/motion_sampling_prob_entropy: 1.0000
Metrics/motion/hitter_strike_racket_pos_error: 0.5888
Metrics/motion/hitter_strike_racket_vel_error: 3.3331
Metrics/motion/hitter_strike_racket_ori_error: 0.0579
      Episode_Termination/time_out: 7.2917
    Episode_Termination/anchor_pos: 306.0417
    Episode_Termination/anchor_ori: 0.0000
--------------------------------------------------------------------------------
                   Total timesteps: 307200000
                    Iteration time: 10.38s
                      Time elapsed: 00:23:48
                               ETA: 06:36:15

################################################################################
                     [1m Learning iteration 128/10000 [0m                     

                       Computation: 235232 steps/s (collection: 9.121s, learning 1.082s)
             Mean action noise std: 0.48
          Mean value_function loss: 0.7341
               Mean surrogate loss: 0.0062
                 Mean entropy loss: 18.3083
               Mean approx_kl loss: 0.0161
           Mean clip_fraction loss: 0.1914
              Mean ratio_mean loss: 1.0000
          Mean advantage_mean loss: 0.0000
           Mean advantage_std loss: 1.0000
      Mean explained_variance loss: 0.9478
                       Mean reward: 16.12
               Mean episode length: 140.14
Episode_Reward/motion_global_anchor_pos: 0.1138
Episode_Reward/motion_global_anchor_ori: 0.1202
    Episode_Reward/motion_body_pos: 0.1886
    Episode_Reward/motion_body_ori: 0.0168
Episode_Reward/motion_body_lin_vel: 0.3118
Episode_Reward/motion_body_ang_vel: 0.1599
Episode_Reward/motion_anchor_lin_vel: 0.2528
           Episode_Reward/base_pos: 0.4867
         Episode_Reward/racket_pos: 0.0008
         Episode_Reward/racket_vel: 0.0170
         Episode_Reward/racket_ori: 0.2990
Episode_Reward/torso_forward_lean_l2: -0.0252
 Episode_Reward/base_ang_vel_xy_l2: -0.1527
 Episode_Reward/undesired_contacts: -0.0288
Episode_Reward/hitter_foot_slip_l2: -0.1431
Episode_Reward/hitter_hit_unstable_support: -0.0124
Episode_Reward/hitter_foot_edge_drag: -0.0182
    Episode_Reward/hip_yaw_default: 0.5840
     Episode_Reward/action_rate_l2: -0.3727
        Episode_Reward/joint_limit: -0.0062
          Episode_Reward/joint_acc: -0.0133
       Episode_Reward/joint_torque: -0.0051
   Metrics/motion/error_anchor_pos: 0.7386
   Metrics/motion/error_anchor_rot: 0.3479
Metrics/motion/error_anchor_lin_vel: 2.2862
Metrics/motion/error_anchor_ang_vel: 1.5269
     Metrics/motion/error_body_pos: 0.4336
     Metrics/motion/error_body_rot: 0.7703
 Metrics/motion/error_body_lin_vel: 2.4663
 Metrics/motion/error_body_ang_vel: 3.3774
    Metrics/motion/error_joint_pos: 2.1639
    Metrics/motion/error_joint_vel: 11.7851
   Metrics/motion/sampling_entropy: 0.0000
 Metrics/motion/sampling_top1_prob: 0.0000
  Metrics/motion/sampling_top1_bin: 0.0000
Metrics/motion/motion_sampling_prob_mean: 0.1429
Metrics/motion/motion_sampling_prob_std: 0.0000
Metrics/motion/motion_sampling_prob_min: 0.1429
Metrics/motion/motion_sampling_prob_max: 0.1429
Metrics/motion/motion_sampling_prob_entropy: 1.0000
Metrics/motion/hitter_strike_racket_pos_error: 0.5893
Metrics/motion/hitter_strike_racket_vel_error: 3.3390
Metrics/motion/hitter_strike_racket_ori_error: 0.0589
      Episode_Termination/time_out: 8.0833
    Episode_Termination/anchor_pos: 305.8750
    Episode_Termination/anchor_ori: 0.0000
--------------------------------------------------------------------------------
                   Total timesteps: 309600000
                    Iteration time: 10.20s
                      Time elapsed: 00:23:58
                               ETA: 06:34:51

################################################################################
                     [1m Learning iteration 129/10000 [0m                     

                       Computation: 234036 steps/s (collection: 9.286s, learning 0.969s)
             Mean action noise std: 0.48
          Mean value_function loss: 0.7437
               Mean surrogate loss: 0.0030
                 Mean entropy loss: 18.3169
               Mean approx_kl loss: 0.0118
           Mean clip_fraction loss: 0.1562
              Mean ratio_mean loss: 1.0000
          Mean advantage_mean loss: 0.0000
           Mean advantage_std loss: 1.0000
      Mean explained_variance loss: 0.9475
                       Mean reward: 18.80
               Mean episode length: 160.07
Episode_Reward/motion_global_anchor_pos: 0.1120
Episode_Reward/motion_global_anchor_ori: 0.1185
    Episode_Reward/motion_body_pos: 0.1860
    Episode_Reward/motion_body_ori: 0.0167
Episode_Reward/motion_body_lin_vel: 0.3064
Episode_Reward/motion_body_ang_vel: 0.1576
Episode_Reward/motion_anchor_lin_vel: 0.2485
           Episode_Reward/base_pos: 0.4802
         Episode_Reward/racket_pos: 0.0008
         Episode_Reward/racket_vel: 0.0173
         Episode_Reward/racket_ori: 0.2958
Episode_Reward/torso_forward_lean_l2: -0.0251
 Episode_Reward/base_ang_vel_xy_l2: -0.1505
 Episode_Reward/undesired_contacts: -0.0284
Episode_Reward/hitter_foot_slip_l2: -0.1420
Episode_Reward/hitter_hit_unstable_support: -0.0122
Episode_Reward/hitter_foot_edge_drag: -0.0179
    Episode_Reward/hip_yaw_default: 0.5757
     Episode_Reward/action_rate_l2: -0.3679
        Episode_Reward/joint_limit: -0.0063
          Episode_Reward/joint_acc: -0.0131
       Episode_Reward/joint_torque: -0.0050
   Metrics/motion/error_anchor_pos: 0.7413
   Metrics/motion/error_anchor_rot: 0.3463
Metrics/motion/error_anchor_lin_vel: 2.2915
Metrics/motion/error_anchor_ang_vel: 1.5220
     Metrics/motion/error_body_pos: 0.4344
     Metrics/motion/error_body_rot: 0.7743
 Metrics/motion/error_body_lin_vel: 2.4705
 Metrics/motion/error_body_ang_vel: 3.3754
    Metrics/motion/error_joint_pos: 2.1725
    Metrics/motion/error_joint_vel: 11.7004
   Metrics/motion/sampling_entropy: 0.0000
 Metrics/motion/sampling_top1_prob: 0.0000
  Metrics/motion/sampling_top1_bin: 0.0000
Metrics/motion/motion_sampling_prob_mean: 0.1429
Metrics/motion/motion_sampling_prob_std: 0.0000
Metrics/motion/motion_sampling_prob_min: 0.1429
Metrics/motion/motion_sampling_prob_max: 0.1429
Metrics/motion/motion_sampling_prob_entropy: 1.0000
Metrics/motion/hitter_strike_racket_pos_error: 0.5858
Metrics/motion/hitter_strike_racket_vel_error: 3.3054
Metrics/motion/hitter_strike_racket_ori_error: 0.0569
      Episode_Termination/time_out: 7.2500
    Episode_Termination/anchor_pos: 307.0417
    Episode_Termination/anchor_ori: 0.0000
--------------------------------------------------------------------------------
                   Total timesteps: 312000000
                    Iteration time: 10.25s
                      Time elapsed: 00:24:08
                               ETA: 06:33:32

################################################################################
                     [1m Learning iteration 130/10000 [0m                     

                       Computation: 229416 steps/s (collection: 8.794s, learning 1.668s)
             Mean action noise std: 0.48
          Mean value_function loss: 0.7450
               Mean surrogate loss: -0.0002
                 Mean entropy loss: 18.3333
               Mean approx_kl loss: 0.0080
           Mean clip_fraction loss: 0.1043
              Mean ratio_mean loss: 0.9998
          Mean advantage_mean loss: 0.0000
           Mean advantage_std loss: 1.0000
      Mean explained_variance loss: 0.9476
                       Mean reward: 16.81
               Mean episode length: 149.32
Episode_Reward/motion_global_anchor_pos: 0.1154
Episode_Reward/motion_global_anchor_ori: 0.1218
    Episode_Reward/motion_body_pos: 0.1911
    Episode_Reward/motion_body_ori: 0.0169
Episode_Reward/motion_body_lin_vel: 0.3164
Episode_Reward/motion_body_ang_vel: 0.1621
Episode_Reward/motion_anchor_lin_vel: 0.2565
           Episode_Reward/base_pos: 0.4873
         Episode_Reward/racket_pos: 0.0009
         Episode_Reward/racket_vel: 0.0172
         Episode_Reward/racket_ori: 0.3027
Episode_Reward/torso_forward_lean_l2: -0.0252
 Episode_Reward/base_ang_vel_xy_l2: -0.1545
 Episode_Reward/undesired_contacts: -0.0293
Episode_Reward/hitter_foot_slip_l2: -0.1448
Episode_Reward/hitter_hit_unstable_support: -0.0127
Episode_Reward/hitter_foot_edge_drag: -0.0185
    Episode_Reward/hip_yaw_default: 0.5913
     Episode_Reward/action_rate_l2: -0.3785
        Episode_Reward/joint_limit: -0.0064
          Episode_Reward/joint_acc: -0.0135
       Episode_Reward/joint_torque: -0.0052
   Metrics/motion/error_anchor_pos: 0.7407
   Metrics/motion/error_anchor_rot: 0.3485
Metrics/motion/error_anchor_lin_vel: 2.2782
Metrics/motion/error_anchor_ang_vel: 1.5342
     Metrics/motion/error_body_pos: 0.4329
     Metrics/motion/error_body_rot: 0.7712
 Metrics/motion/error_body_lin_vel: 2.4608
 Metrics/motion/error_body_ang_vel: 3.3826
    Metrics/motion/error_joint_pos: 2.1657
    Metrics/motion/error_joint_vel: 11.7719
   Metrics/motion/sampling_entropy: 0.0000
 Metrics/motion/sampling_top1_prob: 0.0000
  Metrics/motion/sampling_top1_bin: 0.0000
Metrics/motion/motion_sampling_prob_mean: 0.1429
Metrics/motion/motion_sampling_prob_std: 0.0000
Metrics/motion/motion_sampling_prob_min: 0.1429
Metrics/motion/motion_sampling_prob_max: 0.1429
Metrics/motion/motion_sampling_prob_entropy: 1.0000
Metrics/motion/hitter_strike_racket_pos_error: 0.5937
Metrics/motion/hitter_strike_racket_vel_error: 3.3529
Metrics/motion/hitter_strike_racket_ori_error: 0.0573
      Episode_Termination/time_out: 9.0833
    Episode_Termination/anchor_pos: 300.1667
    Episode_Termination/anchor_ori: 0.0000
--------------------------------------------------------------------------------
                   Total timesteps: 314400000
                    Iteration time: 10.46s
                      Time elapsed: 00:24:19
                               ETA: 06:32:29

################################################################################
                     [1m Learning iteration 131/10000 [0m                     

                       Computation: 227261 steps/s (collection: 8.338s, learning 2.222s)
             Mean action noise std: 0.48
          Mean value_function loss: 0.7663
               Mean surrogate loss: 0.0008
                 Mean entropy loss: 18.3520
               Mean approx_kl loss: 0.0095
           Mean clip_fraction loss: 0.1320
              Mean ratio_mean loss: 0.9999
          Mean advantage_mean loss: -0.0000
           Mean advantage_std loss: 1.0000
      Mean explained_variance loss: 0.9463
                       Mean reward: 16.41
               Mean episode length: 142.88
Episode_Reward/motion_global_anchor_pos: 0.1146
Episode_Reward/motion_global_anchor_ori: 0.1216
    Episode_Reward/motion_body_pos: 0.1904
    Episode_Reward/motion_body_ori: 0.0170
Episode_Reward/motion_body_lin_vel: 0.3142
Episode_Reward/motion_body_ang_vel: 0.1613
Episode_Reward/motion_anchor_lin_vel: 0.2548
           Episode_Reward/base_pos: 0.4880
         Episode_Reward/racket_pos: 0.0008
         Episode_Reward/racket_vel: 0.0178
         Episode_Reward/racket_ori: 0.3025
Episode_Reward/torso_forward_lean_l2: -0.0252
 Episode_Reward/base_ang_vel_xy_l2: -0.1534
 Episode_Reward/undesired_contacts: -0.0292
Episode_Reward/hitter_foot_slip_l2: -0.1443
Episode_Reward/hitter_hit_unstable_support: -0.0127
Episode_Reward/hitter_foot_edge_drag: -0.0182
    Episode_Reward/hip_yaw_default: 0.5882
     Episode_Reward/action_rate_l2: -0.3772
        Episode_Reward/joint_limit: -0.0063
          Episode_Reward/joint_acc: -0.0134
       Episode_Reward/joint_torque: -0.0051
   Metrics/motion/error_anchor_pos: 0.7424
   Metrics/motion/error_anchor_rot: 0.3417
Metrics/motion/error_anchor_lin_vel: 2.2752
Metrics/motion/error_anchor_ang_vel: 1.5213
     Metrics/motion/error_body_pos: 0.4319
     Metrics/motion/error_body_rot: 0.7624
 Metrics/motion/error_body_lin_vel: 2.4652
 Metrics/motion/error_body_ang_vel: 3.3770
    Metrics/motion/error_joint_pos: 2.1602
    Metrics/motion/error_joint_vel: 11.7923
   Metrics/motion/sampling_entropy: 0.0000
 Metrics/motion/sampling_top1_prob: 0.0000
  Metrics/motion/sampling_top1_bin: 0.0000
Metrics/motion/motion_sampling_prob_mean: 0.1429
Metrics/motion/motion_sampling_prob_std: 0.0000
Metrics/motion/motion_sampling_prob_min: 0.1429
Metrics/motion/motion_sampling_prob_max: 0.1429
Metrics/motion/motion_sampling_prob_entropy: 1.0000
Metrics/motion/hitter_strike_racket_pos_error: 0.5949
Metrics/motion/hitter_strike_racket_vel_error: 3.3255
Metrics/motion/hitter_strike_racket_ori_error: 0.0581
      Episode_Termination/time_out: 9.2083
    Episode_Termination/anchor_pos: 299.7917
    Episode_Termination/anchor_ori: 0.0000
--------------------------------------------------------------------------------
                   Total timesteps: 316800000
                    Iteration time: 10.56s
                      Time elapsed: 00:24:29
                               ETA: 06:31:34

################################################################################
                     [1m Learning iteration 132/10000 [0m                     

                       Computation: 230054 steps/s (collection: 8.277s, learning 2.155s)
             Mean action noise std: 0.48
          Mean value_function loss: 0.7934
               Mean surrogate loss: 0.0048
                 Mean entropy loss: 18.3775
               Mean approx_kl loss: 0.0147
           Mean clip_fraction loss: 0.1878
              Mean ratio_mean loss: 1.0000
          Mean advantage_mean loss: -0.0000
           Mean advantage_std loss: 1.0000
      Mean explained_variance loss: 0.9442
                       Mean reward: 17.71
               Mean episode length: 150.92
Episode_Reward/motion_global_anchor_pos: 0.1178
Episode_Reward/motion_global_anchor_ori: 0.1248
    Episode_Reward/motion_body_pos: 0.1954
    Episode_Reward/motion_body_ori: 0.0172
Episode_Reward/motion_body_lin_vel: 0.3238
Episode_Reward/motion_body_ang_vel: 0.1655
Episode_Reward/motion_anchor_lin_vel: 0.2622
           Episode_Reward/base_pos: 0.4962
         Episode_Reward/racket_pos: 0.0009
         Episode_Reward/racket_vel: 0.0178
         Episode_Reward/racket_ori: 0.3083
Episode_Reward/torso_forward_lean_l2: -0.0257
 Episode_Reward/base_ang_vel_xy_l2: -0.1571
 Episode_Reward/undesired_contacts: -0.0300
Episode_Reward/hitter_foot_slip_l2: -0.1469
Episode_Reward/hitter_hit_unstable_support: -0.0129
Episode_Reward/hitter_foot_edge_drag: -0.0188
    Episode_Reward/hip_yaw_default: 0.6029
     Episode_Reward/action_rate_l2: -0.3871
        Episode_Reward/joint_limit: -0.0065
          Episode_Reward/joint_acc: -0.0137
       Episode_Reward/joint_torque: -0.0052
   Metrics/motion/error_anchor_pos: 0.7410
   Metrics/motion/error_anchor_rot: 0.3415
Metrics/motion/error_anchor_lin_vel: 2.2704
Metrics/motion/error_anchor_ang_vel: 1.5245
     Metrics/motion/error_body_pos: 0.4319
     Metrics/motion/error_body_rot: 0.7661
 Metrics/motion/error_body_lin_vel: 2.4648
 Metrics/motion/error_body_ang_vel: 3.3730
    Metrics/motion/error_joint_pos: 2.1636
    Metrics/motion/error_joint_vel: 11.7413
   Metrics/motion/sampling_entropy: 0.0000
 Metrics/motion/sampling_top1_prob: 0.0000
  Metrics/motion/sampling_top1_bin: 0.0000
Metrics/motion/motion_sampling_prob_mean: 0.1429
Metrics/motion/motion_sampling_prob_std: 0.0000
Metrics/motion/motion_sampling_prob_min: 0.1429
Metrics/motion/motion_sampling_prob_max: 0.1429
Metrics/motion/motion_sampling_prob_entropy: 1.0000
Metrics/motion/hitter_strike_racket_pos_error: 0.5899
Metrics/motion/hitter_strike_racket_vel_error: 3.3330
Metrics/motion/hitter_strike_racket_ori_error: 0.0580
      Episode_Termination/time_out: 9.8333
    Episode_Termination/anchor_pos: 296.5000
    Episode_Termination/anchor_ori: 0.0000
--------------------------------------------------------------------------------
                   Total timesteps: 319200000
                    Iteration time: 10.43s
                      Time elapsed: 00:24:40
                               ETA: 06:30:31

################################################################################
                     [1m Learning iteration 133/10000 [0m                     

                       Computation: 231911 steps/s (collection: 8.281s, learning 2.067s)
             Mean action noise std: 0.48
          Mean value_function loss: 0.7687
               Mean surrogate loss: 0.0050
                 Mean entropy loss: 18.3903
               Mean approx_kl loss: 0.0142
           Mean clip_fraction loss: 0.1740
              Mean ratio_mean loss: 0.9999
          Mean advantage_mean loss: 0.0000
           Mean advantage_std loss: 1.0000
      Mean explained_variance loss: 0.9469
                       Mean reward: 20.26
               Mean episode length: 170.66
Episode_Reward/motion_global_anchor_pos: 0.1178
Episode_Reward/motion_global_anchor_ori: 0.1251
    Episode_Reward/motion_body_pos: 0.1949
    Episode_Reward/motion_body_ori: 0.0171
Episode_Reward/motion_body_lin_vel: 0.3233
Episode_Reward/motion_body_ang_vel: 0.1653
Episode_Reward/motion_anchor_lin_vel: 0.2617
           Episode_Reward/base_pos: 0.4987
         Episode_Reward/racket_pos: 0.0008
         Episode_Reward/racket_vel: 0.0185
         Episode_Reward/racket_ori: 0.3089
Episode_Reward/torso_forward_lean_l2: -0.0256
 Episode_Reward/base_ang_vel_xy_l2: -0.1568
 Episode_Reward/undesired_contacts: -0.0300
Episode_Reward/hitter_foot_slip_l2: -0.1466
Episode_Reward/hitter_hit_unstable_support: -0.0131
Episode_Reward/hitter_foot_edge_drag: -0.0188
    Episode_Reward/hip_yaw_default: 0.6018
     Episode_Reward/action_rate_l2: -0.3867
        Episode_Reward/joint_limit: -0.0064
          Episode_Reward/joint_acc: -0.0137
       Episode_Reward/joint_torque: -0.0052
   Metrics/motion/error_anchor_pos: 0.7386
   Metrics/motion/error_anchor_rot: 0.3370
Metrics/motion/error_anchor_lin_vel: 2.2670
Metrics/motion/error_anchor_ang_vel: 1.5092
     Metrics/motion/error_body_pos: 0.4309
     Metrics/motion/error_body_rot: 0.7603
 Metrics/motion/error_body_lin_vel: 2.4612
 Metrics/motion/error_body_ang_vel: 3.3616
    Metrics/motion/error_joint_pos: 2.1609
    Metrics/motion/error_joint_vel: 11.7350
   Metrics/motion/sampling_entropy: 0.0000
 Metrics/motion/sampling_top1_prob: 0.0000
  Metrics/motion/sampling_top1_bin: 0.0000
Metrics/motion/motion_sampling_prob_mean: 0.1429
Metrics/motion/motion_sampling_prob_std: 0.0000
Metrics/motion/motion_sampling_prob_min: 0.1429
Metrics/motion/motion_sampling_prob_max: 0.1429
Metrics/motion/motion_sampling_prob_entropy: 1.0000
Metrics/motion/hitter_strike_racket_pos_error: 0.5946
Metrics/motion/hitter_strike_racket_vel_error: 3.3219
Metrics/motion/hitter_strike_racket_ori_error: 0.0578
      Episode_Termination/time_out: 11.0000
    Episode_Termination/anchor_pos: 287.2500
    Episode_Termination/anchor_ori: 0.0000
--------------------------------------------------------------------------------
                   Total timesteps: 321600000
                    Iteration time: 10.35s
                      Time elapsed: 00:24:50
                               ETA: 06:29:22

################################################################################
                     [1m Learning iteration 134/10000 [0m                     

                       Computation: 232757 steps/s (collection: 8.369s, learning 1.942s)
             Mean action noise std: 0.48
          Mean value_function loss: 0.7435
               Mean surrogate loss: 0.0018
                 Mean entropy loss: 18.4048
               Mean approx_kl loss: 0.0103
           Mean clip_fraction loss: 0.1373
              Mean ratio_mean loss: 0.9998
          Mean advantage_mean loss: 0.0000
           Mean advantage_std loss: 1.0000
      Mean explained_variance loss: 0.9467
                       Mean reward: 17.97
               Mean episode length: 154.03
Episode_Reward/motion_global_anchor_pos: 0.1197
Episode_Reward/motion_global_anchor_ori: 0.1270
    Episode_Reward/motion_body_pos: 0.1979
    Episode_Reward/motion_body_ori: 0.0171
Episode_Reward/motion_body_lin_vel: 0.3289
Episode_Reward/motion_body_ang_vel: 0.1678
Episode_Reward/motion_anchor_lin_vel: 0.2663
           Episode_Reward/base_pos: 0.5078
         Episode_Reward/racket_pos: 0.0008
         Episode_Reward/racket_vel: 0.0185
         Episode_Reward/racket_ori: 0.3132
Episode_Reward/torso_forward_lean_l2: -0.0258
 Episode_Reward/base_ang_vel_xy_l2: -0.1595
 Episode_Reward/undesired_contacts: -0.0304
Episode_Reward/hitter_foot_slip_l2: -0.1484
Episode_Reward/hitter_hit_unstable_support: -0.0130
Episode_Reward/hitter_foot_edge_drag: -0.0191
    Episode_Reward/hip_yaw_default: 0.6112
     Episode_Reward/action_rate_l2: -0.3934
        Episode_Reward/joint_limit: -0.0065
          Episode_Reward/joint_acc: -0.0139
       Episode_Reward/joint_torque: -0.0053
   Metrics/motion/error_anchor_pos: 0.7400
   Metrics/motion/error_anchor_rot: 0.3357
Metrics/motion/error_anchor_lin_vel: 2.2762
Metrics/motion/error_anchor_ang_vel: 1.5053
     Metrics/motion/error_body_pos: 0.4314
     Metrics/motion/error_body_rot: 0.7614
 Metrics/motion/error_body_lin_vel: 2.4681
 Metrics/motion/error_body_ang_vel: 3.3760
    Metrics/motion/error_joint_pos: 2.1602
    Metrics/motion/error_joint_vel: 11.7645
   Metrics/motion/sampling_entropy: 0.0000
 Metrics/motion/sampling_top1_prob: 0.0000
  Metrics/motion/sampling_top1_bin: 0.0000
Metrics/motion/motion_sampling_prob_mean: 0.1429
Metrics/motion/motion_sampling_prob_std: 0.0000
Metrics/motion/motion_sampling_prob_min: 0.1429
Metrics/motion/motion_sampling_prob_max: 0.1429
Metrics/motion/motion_sampling_prob_entropy: 1.0000
Metrics/motion/hitter_strike_racket_pos_error: 0.5938
Metrics/motion/hitter_strike_racket_vel_error: 3.3306
Metrics/motion/hitter_strike_racket_ori_error: 0.0566
      Episode_Termination/time_out: 10.4583
    Episode_Termination/anchor_pos: 287.9583
    Episode_Termination/anchor_ori: 0.0000
--------------------------------------------------------------------------------
                   Total timesteps: 324000000
                    Iteration time: 10.31s
                      Time elapsed: 00:25:00
                               ETA: 06:28:12

################################################################################
                     [1m Learning iteration 135/10000 [0m                     

                       Computation: 235409 steps/s (collection: 8.862s, learning 1.333s)
             Mean action noise std: 0.49
          Mean value_function loss: 0.7840
               Mean surrogate loss: -0.0006
                 Mean entropy loss: 18.4213
               Mean approx_kl loss: 0.0072
           Mean clip_fraction loss: 0.0917
              Mean ratio_mean loss: 0.9999
          Mean advantage_mean loss: 0.0000
           Mean advantage_std loss: 1.0000
      Mean explained_variance loss: 0.9440
                       Mean reward: 18.30
               Mean episode length: 157.10
Episode_Reward/motion_global_anchor_pos: 0.1193
Episode_Reward/motion_global_anchor_ori: 0.1265
    Episode_Reward/motion_body_pos: 0.1968
    Episode_Reward/motion_body_ori: 0.0173
Episode_Reward/motion_body_lin_vel: 0.3267
Episode_Reward/motion_body_ang_vel: 0.1666
Episode_Reward/motion_anchor_lin_vel: 0.2645
           Episode_Reward/base_pos: 0.5052
         Episode_Reward/racket_pos: 0.0008
         Episode_Reward/racket_vel: 0.0183
         Episode_Reward/racket_ori: 0.3115
Episode_Reward/torso_forward_lean_l2: -0.0258
 Episode_Reward/base_ang_vel_xy_l2: -0.1581
 Episode_Reward/undesired_contacts: -0.0302
Episode_Reward/hitter_foot_slip_l2: -0.1476
Episode_Reward/hitter_hit_unstable_support: -0.0130
Episode_Reward/hitter_foot_edge_drag: -0.0189
    Episode_Reward/hip_yaw_default: 0.6074
     Episode_Reward/action_rate_l2: -0.3921
        Episode_Reward/joint_limit: -0.0066
          Episode_Reward/joint_acc: -0.0138
       Episode_Reward/joint_torque: -0.0053
   Metrics/motion/error_anchor_pos: 0.7399
   Metrics/motion/error_anchor_rot: 0.3315
Metrics/motion/error_anchor_lin_vel: 2.2679
Metrics/motion/error_anchor_ang_vel: 1.5059
     Metrics/motion/error_body_pos: 0.4294
     Metrics/motion/error_body_rot: 0.7550
 Metrics/motion/error_body_lin_vel: 2.4622
 Metrics/motion/error_body_ang_vel: 3.3590
    Metrics/motion/error_joint_pos: 2.1605
    Metrics/motion/error_joint_vel: 11.7606
   Metrics/motion/sampling_entropy: 0.0000
 Metrics/motion/sampling_top1_prob: 0.0000
  Metrics/motion/sampling_top1_bin: 0.0000
Metrics/motion/motion_sampling_prob_mean: 0.1429
Metrics/motion/motion_sampling_prob_std: 0.0000
Metrics/motion/motion_sampling_prob_min: 0.1429
Metrics/motion/motion_sampling_prob_max: 0.1429
Metrics/motion/motion_sampling_prob_entropy: 1.0000
Metrics/motion/hitter_strike_racket_pos_error: 0.5918
Metrics/motion/hitter_strike_racket_vel_error: 3.3241
Metrics/motion/hitter_strike_racket_ori_error: 0.0570
      Episode_Termination/time_out: 10.3750
    Episode_Termination/anchor_pos: 281.5000
    Episode_Termination/anchor_ori: 0.0000
--------------------------------------------------------------------------------
                   Total timesteps: 326400000
                    Iteration time: 10.20s
                      Time elapsed: 00:25:11
                               ETA: 06:26:54

################################################################################
                     [1m Learning iteration 136/10000 [0m                     

                       Computation: 230578 steps/s (collection: 8.888s, learning 1.521s)
             Mean action noise std: 0.49
          Mean value_function loss: 0.8571
               Mean surrogate loss: 0.0012
                 Mean entropy loss: 18.4389
               Mean approx_kl loss: 0.0102
           Mean clip_fraction loss: 0.1383
              Mean ratio_mean loss: 0.9999
          Mean advantage_mean loss: -0.0000
           Mean advantage_std loss: 1.0000
      Mean explained_variance loss: 0.9398
                       Mean reward: 19.52
               Mean episode length: 165.63
Episode_Reward/motion_global_anchor_pos: 0.1231
Episode_Reward/motion_global_anchor_ori: 0.1303
    Episode_Reward/motion_body_pos: 0.2026
    Episode_Reward/motion_body_ori: 0.0175
Episode_Reward/motion_body_lin_vel: 0.3383
Episode_Reward/motion_body_ang_vel: 0.1719
Episode_Reward/motion_anchor_lin_vel: 0.2735
           Episode_Reward/base_pos: 0.5143
         Episode_Reward/racket_pos: 0.0008
         Episode_Reward/racket_vel: 0.0188
         Episode_Reward/racket_ori: 0.3193
Episode_Reward/torso_forward_lean_l2: -0.0262
 Episode_Reward/base_ang_vel_xy_l2: -0.1632
 Episode_Reward/undesired_contacts: -0.0312
Episode_Reward/hitter_foot_slip_l2: -0.1509
Episode_Reward/hitter_hit_unstable_support: -0.0139
Episode_Reward/hitter_foot_edge_drag: -0.0196
    Episode_Reward/hip_yaw_default: 0.6255
     Episode_Reward/action_rate_l2: -0.4042
        Episode_Reward/joint_limit: -0.0069
          Episode_Reward/joint_acc: -0.0142
       Episode_Reward/joint_torque: -0.0055
   Metrics/motion/error_anchor_pos: 0.7389
   Metrics/motion/error_anchor_rot: 0.3378
Metrics/motion/error_anchor_lin_vel: 2.2655
Metrics/motion/error_anchor_ang_vel: 1.5257
     Metrics/motion/error_body_pos: 0.4311
     Metrics/motion/error_body_rot: 0.7592
 Metrics/motion/error_body_lin_vel: 2.4585
 Metrics/motion/error_body_ang_vel: 3.3842
    Metrics/motion/error_joint_pos: 2.1657
    Metrics/motion/error_joint_vel: 11.7629
   Metrics/motion/sampling_entropy: 0.0000
 Metrics/motion/sampling_top1_prob: 0.0000
  Metrics/motion/sampling_top1_bin: 0.0000
Metrics/motion/motion_sampling_prob_mean: 0.1429
Metrics/motion/motion_sampling_prob_std: 0.0000
Metrics/motion/motion_sampling_prob_min: 0.1429
Metrics/motion/motion_sampling_prob_max: 0.1429
Metrics/motion/motion_sampling_prob_entropy: 1.0000
Metrics/motion/hitter_strike_racket_pos_error: 0.5934
Metrics/motion/hitter_strike_racket_vel_error: 3.3331
Metrics/motion/hitter_strike_racket_ori_error: 0.0581
      Episode_Termination/time_out: 11.0417
    Episode_Termination/anchor_pos: 275.6250
    Episode_Termination/anchor_ori: 0.0000
--------------------------------------------------------------------------------
                   Total timesteps: 328800000
                    Iteration time: 10.41s
                      Time elapsed: 00:25:21
                               ETA: 06:25:52

################################################################################
                     [1m Learning iteration 137/10000 [0m                     

                       Computation: 227169 steps/s (collection: 8.744s, learning 1.821s)
             Mean action noise std: 0.49
          Mean value_function loss: 0.8641
               Mean surrogate loss: 0.0029
                 Mean entropy loss: 18.4578
               Mean approx_kl loss: 0.0126
           Mean clip_fraction loss: 0.1687
              Mean ratio_mean loss: 1.0000
          Mean advantage_mean loss: -0.0000
           Mean advantage_std loss: 1.0000
      Mean explained_variance loss: 0.9405
                       Mean reward: 17.59
               Mean episode length: 151.06
Episode_Reward/motion_global_anchor_pos: 0.1213
Episode_Reward/motion_global_anchor_ori: 0.1289
    Episode_Reward/motion_body_pos: 0.1999
    Episode_Reward/motion_body_ori: 0.0174
Episode_Reward/motion_body_lin_vel: 0.3326
Episode_Reward/motion_body_ang_vel: 0.1691
Episode_Reward/motion_anchor_lin_vel: 0.2692
           Episode_Reward/base_pos: 0.5081
         Episode_Reward/racket_pos: 0.0008
         Episode_Reward/racket_vel: 0.0190
         Episode_Reward/racket_ori: 0.3164
Episode_Reward/torso_forward_lean_l2: -0.0256
 Episode_Reward/base_ang_vel_xy_l2: -0.1610
 Episode_Reward/undesired_contacts: -0.0307
Episode_Reward/hitter_foot_slip_l2: -0.1490
Episode_Reward/hitter_hit_unstable_support: -0.0139
Episode_Reward/hitter_foot_edge_drag: -0.0193
    Episode_Reward/hip_yaw_default: 0.6170
     Episode_Reward/action_rate_l2: -0.3990
        Episode_Reward/joint_limit: -0.0068
          Episode_Reward/joint_acc: -0.0140
       Episode_Reward/joint_torque: -0.0054
   Metrics/motion/error_anchor_pos: 0.7383
   Metrics/motion/error_anchor_rot: 0.3309
Metrics/motion/error_anchor_lin_vel: 2.2629
Metrics/motion/error_anchor_ang_vel: 1.5077
     Metrics/motion/error_body_pos: 0.4296
     Metrics/motion/error_body_rot: 0.7529
 Metrics/motion/error_body_lin_vel: 2.4596
 Metrics/motion/error_body_ang_vel: 3.3572
    Metrics/motion/error_joint_pos: 2.1612
    Metrics/motion/error_joint_vel: 11.7720
   Metrics/motion/sampling_entropy: 0.0000
 Metrics/motion/sampling_top1_prob: 0.0000
  Metrics/motion/sampling_top1_bin: 0.0000
Metrics/motion/motion_sampling_prob_mean: 0.1429
Metrics/motion/motion_sampling_prob_std: 0.0000
Metrics/motion/motion_sampling_prob_min: 0.1429
Metrics/motion/motion_sampling_prob_max: 0.1429
Metrics/motion/motion_sampling_prob_entropy: 1.0000
Metrics/motion/hitter_strike_racket_pos_error: 0.5933
Metrics/motion/hitter_strike_racket_vel_error: 3.3182
Metrics/motion/hitter_strike_racket_ori_error: 0.0568
      Episode_Termination/time_out: 11.5833
    Episode_Termination/anchor_pos: 278.0417
    Episode_Termination/anchor_ori: 0.0000
--------------------------------------------------------------------------------
                   Total timesteps: 331200000
                    Iteration time: 10.56s
                      Time elapsed: 00:25:32
                               ETA: 06:25:02

################################################################################
                     [1m Learning iteration 138/10000 [0m                     

                       Computation: 226603 steps/s (collection: 8.652s, learning 1.939s)
             Mean action noise std: 0.49
          Mean value_function loss: 0.9912
               Mean surrogate loss: 0.0053
                 Mean entropy loss: 18.4725
               Mean approx_kl loss: 0.0174
           Mean clip_fraction loss: 0.1996
              Mean ratio_mean loss: 1.0000
          Mean advantage_mean loss: -0.0000
           Mean advantage_std loss: 1.0000
      Mean explained_variance loss: 0.9324
                       Mean reward: 20.57
               Mean episode length: 176.33
Episode_Reward/motion_global_anchor_pos: 0.1252
Episode_Reward/motion_global_anchor_ori: 0.1324
    Episode_Reward/motion_body_pos: 0.2055
    Episode_Reward/motion_body_ori: 0.0175
Episode_Reward/motion_body_lin_vel: 0.3432
Episode_Reward/motion_body_ang_vel: 0.1741
Episode_Reward/motion_anchor_lin_vel: 0.2775
           Episode_Reward/base_pos: 0.5243
         Episode_Reward/racket_pos: 0.0009
         Episode_Reward/racket_vel: 0.0192
         Episode_Reward/racket_ori: 0.3251
Episode_Reward/torso_forward_lean_l2: -0.0263
 Episode_Reward/base_ang_vel_xy_l2: -0.1656
 Episode_Reward/undesired_contacts: -0.0316
Episode_Reward/hitter_foot_slip_l2: -0.1521
Episode_Reward/hitter_hit_unstable_support: -0.0139
Episode_Reward/hitter_foot_edge_drag: -0.0200
    Episode_Reward/hip_yaw_default: 0.6334
     Episode_Reward/action_rate_l2: -0.4107
        Episode_Reward/joint_limit: -0.0068
          Episode_Reward/joint_acc: -0.0144
       Episode_Reward/joint_torque: -0.0055
   Metrics/motion/error_anchor_pos: 0.7393
   Metrics/motion/error_anchor_rot: 0.3332
Metrics/motion/error_anchor_lin_vel: 2.2575
Metrics/motion/error_anchor_ang_vel: 1.5177
     Metrics/motion/error_body_pos: 0.4286
     Metrics/motion/error_body_rot: 0.7543
 Metrics/motion/error_body_lin_vel: 2.4530
 Metrics/motion/error_body_ang_vel: 3.3656
    Metrics/motion/error_joint_pos: 2.1668
    Metrics/motion/error_joint_vel: 11.7372
   Metrics/motion/sampling_entropy: 0.0000
 Metrics/motion/sampling_top1_prob: 0.0000
  Metrics/motion/sampling_top1_bin: 0.0000
Metrics/motion/motion_sampling_prob_mean: 0.1429
Metrics/motion/motion_sampling_prob_std: 0.0000
Metrics/motion/motion_sampling_prob_min: 0.1429
Metrics/motion/motion_sampling_prob_max: 0.1429
Metrics/motion/motion_sampling_prob_entropy: 1.0000
Metrics/motion/hitter_strike_racket_pos_error: 0.5983
Metrics/motion/hitter_strike_racket_vel_error: 3.3679
Metrics/motion/hitter_strike_racket_ori_error: 0.0574
      Episode_Termination/time_out: 11.2500
    Episode_Termination/anchor_pos: 275.5833
    Episode_Termination/anchor_ori: 0.0000
--------------------------------------------------------------------------------
                   Total timesteps: 333600000
                    Iteration time: 10.59s
                      Time elapsed: 00:25:42
                               ETA: 06:24:15

################################################################################
                     [1m Learning iteration 139/10000 [0m                     

                       Computation: 228959 steps/s (collection: 8.633s, learning 1.850s)
             Mean action noise std: 0.49
          Mean value_function loss: 0.7231
               Mean surrogate loss: -0.0011
                 Mean entropy loss: 18.4792
               Mean approx_kl loss: 0.0064
           Mean clip_fraction loss: 0.0810
              Mean ratio_mean loss: 1.0001
          Mean advantage_mean loss: -0.0000
           Mean advantage_std loss: 1.0000
      Mean explained_variance loss: 0.9476
                       Mean reward: 21.95
               Mean episode length: 186.74
Episode_Reward/motion_global_anchor_pos: 0.1270
Episode_Reward/motion_global_anchor_ori: 0.1342
    Episode_Reward/motion_body_pos: 0.2078
    Episode_Reward/motion_body_ori: 0.0176
Episode_Reward/motion_body_lin_vel: 0.3480
Episode_Reward/motion_body_ang_vel: 0.1764
Episode_Reward/motion_anchor_lin_vel: 0.2813
           Episode_Reward/base_pos: 0.5270
         Episode_Reward/racket_pos: 0.0009
         Episode_Reward/racket_vel: 0.0193
         Episode_Reward/racket_ori: 0.3266
Episode_Reward/torso_forward_lean_l2: -0.0267
 Episode_Reward/base_ang_vel_xy_l2: -0.1673
 Episode_Reward/undesired_contacts: -0.0321
Episode_Reward/hitter_foot_slip_l2: -0.1531
Episode_Reward/hitter_hit_unstable_support: -0.0141
Episode_Reward/hitter_foot_edge_drag: -0.0203
    Episode_Reward/hip_yaw_default: 0.6411
     Episode_Reward/action_rate_l2: -0.4159
        Episode_Reward/joint_limit: -0.0070
          Episode_Reward/joint_acc: -0.0146
       Episode_Reward/joint_torque: -0.0056
   Metrics/motion/error_anchor_pos: 0.7369
   Metrics/motion/error_anchor_rot: 0.3289
Metrics/motion/error_anchor_lin_vel: 2.2577
Metrics/motion/error_anchor_ang_vel: 1.5187
     Metrics/motion/error_body_pos: 0.4290
     Metrics/motion/error_body_rot: 0.7507
 Metrics/motion/error_body_lin_vel: 2.4474
 Metrics/motion/error_body_ang_vel: 3.3722
    Metrics/motion/error_joint_pos: 2.1589
    Metrics/motion/error_joint_vel: 11.7349
   Metrics/motion/sampling_entropy: 0.0000
 Metrics/motion/sampling_top1_prob: 0.0000
  Metrics/motion/sampling_top1_bin: 0.0000
Metrics/motion/motion_sampling_prob_mean: 0.1429
Metrics/motion/motion_sampling_prob_std: 0.0000
Metrics/motion/motion_sampling_prob_min: 0.1429
Metrics/motion/motion_sampling_prob_max: 0.1429
Metrics/motion/motion_sampling_prob_entropy: 1.0000
Metrics/motion/hitter_strike_racket_pos_error: 0.5998
Metrics/motion/hitter_strike_racket_vel_error: 3.3416
Metrics/motion/hitter_strike_racket_ori_error: 0.0572
      Episode_Termination/time_out: 12.1250
    Episode_Termination/anchor_pos: 271.2500
    Episode_Termination/anchor_ori: 0.0000
--------------------------------------------------------------------------------
                   Total timesteps: 336000000
                    Iteration time: 10.48s
                      Time elapsed: 00:25:53
                               ETA: 06:23:20

################################################################################
                     [1m Learning iteration 140/10000 [0m                     

                       Computation: 228795 steps/s (collection: 8.718s, learning 1.772s)
             Mean action noise std: 0.49
          Mean value_function loss: 0.8744
               Mean surrogate loss: 0.0015
                 Mean entropy loss: 18.4843
               Mean approx_kl loss: 0.0109
           Mean clip_fraction loss: 0.1490
              Mean ratio_mean loss: 1.0000
          Mean advantage_mean loss: 0.0000
           Mean advantage_std loss: 1.0000
      Mean explained_variance loss: 0.9404
                       Mean reward: 22.45
               Mean episode length: 189.11
Episode_Reward/motion_global_anchor_pos: 0.1289
Episode_Reward/motion_global_anchor_ori: 0.1358
    Episode_Reward/motion_body_pos: 0.2107
    Episode_Reward/motion_body_ori: 0.0176
Episode_Reward/motion_body_lin_vel: 0.3534
Episode_Reward/motion_body_ang_vel: 0.1786
Episode_Reward/motion_anchor_lin_vel: 0.2856
           Episode_Reward/base_pos: 0.5393
         Episode_Reward/racket_pos: 0.0008
         Episode_Reward/racket_vel: 0.0199
         Episode_Reward/racket_ori: 0.3320
Episode_Reward/torso_forward_lean_l2: -0.0267
 Episode_Reward/base_ang_vel_xy_l2: -0.1691
 Episode_Reward/undesired_contacts: -0.0326
Episode_Reward/hitter_foot_slip_l2: -0.1546
Episode_Reward/hitter_hit_unstable_support: -0.0144
Episode_Reward/hitter_foot_edge_drag: -0.0206
    Episode_Reward/hip_yaw_default: 0.6493
     Episode_Reward/action_rate_l2: -0.4220
        Episode_Reward/joint_limit: -0.0069
          Episode_Reward/joint_acc: -0.0148
       Episode_Reward/joint_torque: -0.0057
   Metrics/motion/error_anchor_pos: 0.7363
   Metrics/motion/error_anchor_rot: 0.3264
Metrics/motion/error_anchor_lin_vel: 2.2538
Metrics/motion/error_anchor_ang_vel: 1.5010
     Metrics/motion/error_body_pos: 0.4277
     Metrics/motion/error_body_rot: 0.7505
 Metrics/motion/error_body_lin_vel: 2.4490
 Metrics/motion/error_body_ang_vel: 3.3651
    Metrics/motion/error_joint_pos: 2.1643
    Metrics/motion/error_joint_vel: 11.7508
   Metrics/motion/sampling_entropy: 0.0000
 Metrics/motion/sampling_top1_prob: 0.0000
  Metrics/motion/sampling_top1_bin: 0.0000
Metrics/motion/motion_sampling_prob_mean: 0.1429
Metrics/motion/motion_sampling_prob_std: 0.0000
Metrics/motion/motion_sampling_prob_min: 0.1429
Metrics/motion/motion_sampling_prob_max: 0.1429
Metrics/motion/motion_sampling_prob_entropy: 1.0000
Metrics/motion/hitter_strike_racket_pos_error: 0.6030
Metrics/motion/hitter_strike_racket_vel_error: 3.3440
Metrics/motion/hitter_strike_racket_ori_error: 0.0569
      Episode_Termination/time_out: 13.1667
    Episode_Termination/anchor_pos: 273.5833
    Episode_Termination/anchor_ori: 0.0000
--------------------------------------------------------------------------------
                   Total timesteps: 338400000
                    Iteration time: 10.49s
                      Time elapsed: 00:26:03
                               ETA: 06:22:27

################################################################################
                     [1m Learning iteration 141/10000 [0m                     

                       Computation: 228145 steps/s (collection: 8.782s, learning 1.737s)
             Mean action noise std: 0.49
          Mean value_function loss: 0.7829
               Mean surrogate loss: 0.0114
                 Mean entropy loss: 18.4988
               Mean approx_kl loss: 0.0243
           Mean clip_fraction loss: 0.2528
              Mean ratio_mean loss: 1.0000
          Mean advantage_mean loss: -0.0000
           Mean advantage_std loss: 1.0000
      Mean explained_variance loss: 0.9421
                       Mean reward: 19.46
               Mean episode length: 168.70
Episode_Reward/motion_global_anchor_pos: 0.1315
Episode_Reward/motion_global_anchor_ori: 0.1388
    Episode_Reward/motion_body_pos: 0.2147
    Episode_Reward/motion_body_ori: 0.0177
Episode_Reward/motion_body_lin_vel: 0.3612
Episode_Reward/motion_body_ang_vel: 0.1819
Episode_Reward/motion_anchor_lin_vel: 0.2914
           Episode_Reward/base_pos: 0.5442
         Episode_Reward/racket_pos: 0.0009
         Episode_Reward/racket_vel: 0.0200
         Episode_Reward/racket_ori: 0.3365
Episode_Reward/torso_forward_lean_l2: -0.0272
 Episode_Reward/base_ang_vel_xy_l2: -0.1716
 Episode_Reward/undesired_contacts: -0.0333
Episode_Reward/hitter_foot_slip_l2: -0.1564
Episode_Reward/hitter_hit_unstable_support: -0.0148
Episode_Reward/hitter_foot_edge_drag: -0.0210
    Episode_Reward/hip_yaw_default: 0.6605
     Episode_Reward/action_rate_l2: -0.4294
        Episode_Reward/joint_limit: -0.0070
          Episode_Reward/joint_acc: -0.0149
       Episode_Reward/joint_torque: -0.0057
   Metrics/motion/error_anchor_pos: 0.7322
   Metrics/motion/error_anchor_rot: 0.3190
Metrics/motion/error_anchor_lin_vel: 2.2401
Metrics/motion/error_anchor_ang_vel: 1.4956
     Metrics/motion/error_body_pos: 0.4256
     Metrics/motion/error_body_rot: 0.7545
 Metrics/motion/error_body_lin_vel: 2.4355
 Metrics/motion/error_body_ang_vel: 3.3478
    Metrics/motion/error_joint_pos: 2.1660
    Metrics/motion/error_joint_vel: 11.6927
   Metrics/motion/sampling_entropy: 0.0000
 Metrics/motion/sampling_top1_prob: 0.0000
  Metrics/motion/sampling_top1_bin: 0.0000
Metrics/motion/motion_sampling_prob_mean: 0.1429
Metrics/motion/motion_sampling_prob_std: 0.0000
Metrics/motion/motion_sampling_prob_min: 0.1429
Metrics/motion/motion_sampling_prob_max: 0.1429
Metrics/motion/motion_sampling_prob_entropy: 1.0000
Metrics/motion/hitter_strike_racket_pos_error: 0.5978
Metrics/motion/hitter_strike_racket_vel_error: 3.3355
Metrics/motion/hitter_strike_racket_ori_error: 0.0549
      Episode_Termination/time_out: 14.7917
    Episode_Termination/anchor_pos: 265.1250
    Episode_Termination/anchor_ori: 0.0000
--------------------------------------------------------------------------------
                   Total timesteps: 340800000
                    Iteration time: 10.52s
                      Time elapsed: 00:26:14
                               ETA: 06:21:36

################################################################################
                     [1m Learning iteration 142/10000 [0m                     

                       Computation: 230145 steps/s (collection: 8.688s, learning 1.740s)
             Mean action noise std: 0.49
          Mean value_function loss: 0.7379
               Mean surrogate loss: 0.0023
                 Mean entropy loss: 18.5093
               Mean approx_kl loss: 0.0100
           Mean clip_fraction loss: 0.1281
              Mean ratio_mean loss: 0.9999
          Mean advantage_mean loss: 0.0000
           Mean advantage_std loss: 1.0000
      Mean explained_variance loss: 0.9442
                       Mean reward: 19.58
               Mean episode length: 167.63
Episode_Reward/motion_global_anchor_pos: 0.1319
Episode_Reward/motion_global_anchor_ori: 0.1392
    Episode_Reward/motion_body_pos: 0.2150
    Episode_Reward/motion_body_ori: 0.0176
Episode_Reward/motion_body_lin_vel: 0.3626
Episode_Reward/motion_body_ang_vel: 0.1825
Episode_Reward/motion_anchor_lin_vel: 0.2923
           Episode_Reward/base_pos: 0.5442
         Episode_Reward/racket_pos: 0.0009
         Episode_Reward/racket_vel: 0.0200
         Episode_Reward/racket_ori: 0.3378
Episode_Reward/torso_forward_lean_l2: -0.0274
 Episode_Reward/base_ang_vel_xy_l2: -0.1724
 Episode_Reward/undesired_contacts: -0.0334
Episode_Reward/hitter_foot_slip_l2: -0.1568
Episode_Reward/hitter_hit_unstable_support: -0.0146
Episode_Reward/hitter_foot_edge_drag: -0.0210
    Episode_Reward/hip_yaw_default: 0.6625
     Episode_Reward/action_rate_l2: -0.4319
        Episode_Reward/joint_limit: -0.0072
          Episode_Reward/joint_acc: -0.0151
       Episode_Reward/joint_torque: -0.0057
   Metrics/motion/error_anchor_pos: 0.7310
   Metrics/motion/error_anchor_rot: 0.3230
Metrics/motion/error_anchor_lin_vel: 2.2357
Metrics/motion/error_anchor_ang_vel: 1.5076
     Metrics/motion/error_body_pos: 0.4253
     Metrics/motion/error_body_rot: 0.7560
 Metrics/motion/error_body_lin_vel: 2.4282
 Metrics/motion/error_body_ang_vel: 3.3478
    Metrics/motion/error_joint_pos: 2.1682
    Metrics/motion/error_joint_vel: 11.7147
   Metrics/motion/sampling_entropy: 0.0000
 Metrics/motion/sampling_top1_prob: 0.0000
  Metrics/motion/sampling_top1_bin: 0.0000
Metrics/motion/motion_sampling_prob_mean: 0.1429
Metrics/motion/motion_sampling_prob_std: 0.0000
Metrics/motion/motion_sampling_prob_min: 0.1429
Metrics/motion/motion_sampling_prob_max: 0.1429
Metrics/motion/motion_sampling_prob_entropy: 1.0000
Metrics/motion/hitter_strike_racket_pos_error: 0.5998
Metrics/motion/hitter_strike_racket_vel_error: 3.3507
Metrics/motion/hitter_strike_racket_ori_error: 0.0543
      Episode_Termination/time_out: 15.3333
    Episode_Termination/anchor_pos: 270.3333
    Episode_Termination/anchor_ori: 0.0000
--------------------------------------------------------------------------------
                   Total timesteps: 343200000
                    Iteration time: 10.43s
                      Time elapsed: 00:26:24
                               ETA: 06:20:40

################################################################################
                     [1m Learning iteration 143/10000 [0m                     

                       Computation: 230220 steps/s (collection: 8.561s, learning 1.864s)
             Mean action noise std: 0.49
          Mean value_function loss: 0.7770
               Mean surrogate loss: 0.0051
                 Mean entropy loss: 18.5207
               Mean approx_kl loss: 0.0151
           Mean clip_fraction loss: 0.1824
              Mean ratio_mean loss: 0.9999
          Mean advantage_mean loss: 0.0000
           Mean advantage_std loss: 1.0000
      Mean explained_variance loss: 0.9425
                       Mean reward: 20.98
               Mean episode length: 181.03
Episode_Reward/motion_global_anchor_pos: 0.1324
Episode_Reward/motion_global_anchor_ori: 0.1401
    Episode_Reward/motion_body_pos: 0.2156
    Episode_Reward/motion_body_ori: 0.0176
Episode_Reward/motion_body_lin_vel: 0.3646
Episode_Reward/motion_body_ang_vel: 0.1834
Episode_Reward/motion_anchor_lin_vel: 0.2939
           Episode_Reward/base_pos: 0.5464
         Episode_Reward/racket_pos: 0.0008
         Episode_Reward/racket_vel: 0.0203
         Episode_Reward/racket_ori: 0.3399
Episode_Reward/torso_forward_lean_l2: -0.0274
 Episode_Reward/base_ang_vel_xy_l2: -0.1728
 Episode_Reward/undesired_contacts: -0.0336
Episode_Reward/hitter_foot_slip_l2: -0.1568
Episode_Reward/hitter_hit_unstable_support: -0.0147
Episode_Reward/hitter_foot_edge_drag: -0.0211
    Episode_Reward/hip_yaw_default: 0.6653
     Episode_Reward/action_rate_l2: -0.4340
        Episode_Reward/joint_limit: -0.0073
          Episode_Reward/joint_acc: -0.0151
       Episode_Reward/joint_torque: -0.0058
   Metrics/motion/error_anchor_pos: 0.7264
   Metrics/motion/error_anchor_rot: 0.3220
Metrics/motion/error_anchor_lin_vel: 2.2109
Metrics/motion/error_anchor_ang_vel: 1.5025
     Metrics/motion/error_body_pos: 0.4245
     Metrics/motion/error_body_rot: 0.7504
 Metrics/motion/error_body_lin_vel: 2.4184
 Metrics/motion/error_body_ang_vel: 3.3481
    Metrics/motion/error_joint_pos: 2.1639
    Metrics/motion/error_joint_vel: 11.6935
   Metrics/motion/sampling_entropy: 0.0000
 Metrics/motion/sampling_top1_prob: 0.0000
  Metrics/motion/sampling_top1_bin: 0.0000
Metrics/motion/motion_sampling_prob_mean: 0.1429
Metrics/motion/motion_sampling_prob_std: 0.0000
Metrics/motion/motion_sampling_prob_min: 0.1429
Metrics/motion/motion_sampling_prob_max: 0.1429
Metrics/motion/motion_sampling_prob_entropy: 1.0000
Metrics/motion/hitter_strike_racket_pos_error: 0.6019
Metrics/motion/hitter_strike_racket_vel_error: 3.3505
Metrics/motion/hitter_strike_racket_ori_error: 0.0541
      Episode_Termination/time_out: 16.7500
    Episode_Termination/anchor_pos: 261.5000
    Episode_Termination/anchor_ori: 0.0000
--------------------------------------------------------------------------------
                   Total timesteps: 345600000
                    Iteration time: 10.42s
                      Time elapsed: 00:26:35
                               ETA: 06:19:44

################################################################################
                     [1m Learning iteration 144/10000 [0m                     

                       Computation: 234126 steps/s (collection: 8.726s, learning 1.525s)
             Mean action noise std: 0.49
          Mean value_function loss: 0.7866
               Mean surrogate loss: 0.0066
                 Mean entropy loss: 18.5313
               Mean approx_kl loss: 0.0164
           Mean clip_fraction loss: 0.1855
              Mean ratio_mean loss: 1.0000
          Mean advantage_mean loss: 0.0000
           Mean advantage_std loss: 1.0000
      Mean explained_variance loss: 0.9440
                       Mean reward: 20.21
               Mean episode length: 171.81
Episode_Reward/motion_global_anchor_pos: 0.1338
Episode_Reward/motion_global_anchor_ori: 0.1414
    Episode_Reward/motion_body_pos: 0.2179
    Episode_Reward/motion_body_ori: 0.0178
Episode_Reward/motion_body_lin_vel: 0.3679
Episode_Reward/motion_body_ang_vel: 0.1851
Episode_Reward/motion_anchor_lin_vel: 0.2966
           Episode_Reward/base_pos: 0.5550
         Episode_Reward/racket_pos: 0.0008
         Episode_Reward/racket_vel: 0.0205
         Episode_Reward/racket_ori: 0.3416
Episode_Reward/torso_forward_lean_l2: -0.0274
 Episode_Reward/base_ang_vel_xy_l2: -0.1743
 Episode_Reward/undesired_contacts: -0.0341
Episode_Reward/hitter_foot_slip_l2: -0.1574
Episode_Reward/hitter_hit_unstable_support: -0.0145
Episode_Reward/hitter_foot_edge_drag: -0.0214
    Episode_Reward/hip_yaw_default: 0.6711
     Episode_Reward/action_rate_l2: -0.4386
        Episode_Reward/joint_limit: -0.0072
          Episode_Reward/joint_acc: -0.0153
       Episode_Reward/joint_torque: -0.0058
   Metrics/motion/error_anchor_pos: 0.7287
   Metrics/motion/error_anchor_rot: 0.3210
Metrics/motion/error_anchor_lin_vel: 2.2193
Metrics/motion/error_anchor_ang_vel: 1.5062
     Metrics/motion/error_body_pos: 0.4241
     Metrics/motion/error_body_rot: 0.7465
 Metrics/motion/error_body_lin_vel: 2.4267
 Metrics/motion/error_body_ang_vel: 3.3477
    Metrics/motion/error_joint_pos: 2.1642
    Metrics/motion/error_joint_vel: 11.7246
   Metrics/motion/sampling_entropy: 0.0000
 Metrics/motion/sampling_top1_prob: 0.0000
  Metrics/motion/sampling_top1_bin: 0.0000
Metrics/motion/motion_sampling_prob_mean: 0.1429
Metrics/motion/motion_sampling_prob_std: 0.0000
Metrics/motion/motion_sampling_prob_min: 0.1429
Metrics/motion/motion_sampling_prob_max: 0.1429
Metrics/motion/motion_sampling_prob_entropy: 1.0000
Metrics/motion/hitter_strike_racket_pos_error: 0.6010
Metrics/motion/hitter_strike_racket_vel_error: 3.3341
Metrics/motion/hitter_strike_racket_ori_error: 0.0552
      Episode_Termination/time_out: 16.1250
    Episode_Termination/anchor_pos: 263.7500
    Episode_Termination/anchor_ori: 0.0000
--------------------------------------------------------------------------------
                   Total timesteps: 348000000
                    Iteration time: 10.25s
                      Time elapsed: 00:26:45
                               ETA: 06:18:37

################################################################################
                     [1m Learning iteration 145/10000 [0m                     

                       Computation: 230123 steps/s (collection: 8.619s, learning 1.810s)
             Mean action noise std: 0.49
          Mean value_function loss: 0.8107
               Mean surrogate loss: 0.0006
                 Mean entropy loss: 18.5398
               Mean approx_kl loss: 0.0076
           Mean clip_fraction loss: 0.0966
              Mean ratio_mean loss: 1.0000
          Mean advantage_mean loss: -0.0000
           Mean advantage_std loss: 1.0000
      Mean explained_variance loss: 0.9426
                       Mean reward: 23.80
               Mean episode length: 198.02
Episode_Reward/motion_global_anchor_pos: 0.1359
Episode_Reward/motion_global_anchor_ori: 0.1434
    Episode_Reward/motion_body_pos: 0.2205
    Episode_Reward/motion_body_ori: 0.0179
Episode_Reward/motion_body_lin_vel: 0.3741
Episode_Reward/motion_body_ang_vel: 0.1876
Episode_Reward/motion_anchor_lin_vel: 0.3013
           Episode_Reward/base_pos: 0.5601
         Episode_Reward/racket_pos: 0.0009
         Episode_Reward/racket_vel: 0.0207
         Episode_Reward/racket_ori: 0.3464
Episode_Reward/torso_forward_lean_l2: -0.0275
 Episode_Reward/base_ang_vel_xy_l2: -0.1765
 Episode_Reward/undesired_contacts: -0.0345
Episode_Reward/hitter_foot_slip_l2: -0.1590
Episode_Reward/hitter_hit_unstable_support: -0.0142
Episode_Reward/hitter_foot_edge_drag: -0.0218
    Episode_Reward/hip_yaw_default: 0.6801
     Episode_Reward/action_rate_l2: -0.4448
        Episode_Reward/joint_limit: -0.0072
          Episode_Reward/joint_acc: -0.0155
       Episode_Reward/joint_torque: -0.0059
   Metrics/motion/error_anchor_pos: 0.7247
   Metrics/motion/error_anchor_rot: 0.3171
Metrics/motion/error_anchor_lin_vel: 2.2072
Metrics/motion/error_anchor_ang_vel: 1.4811
     Metrics/motion/error_body_pos: 0.4244
     Metrics/motion/error_body_rot: 0.7483
 Metrics/motion/error_body_lin_vel: 2.4062
 Metrics/motion/error_body_ang_vel: 3.3375
    Metrics/motion/error_joint_pos: 2.1696
    Metrics/motion/error_joint_vel: 11.6974
   Metrics/motion/sampling_entropy: 0.0000
 Metrics/motion/sampling_top1_prob: 0.0000
  Metrics/motion/sampling_top1_bin: 0.0000
Metrics/motion/motion_sampling_prob_mean: 0.1429
Metrics/motion/motion_sampling_prob_std: 0.0000
Metrics/motion/motion_sampling_prob_min: 0.1429
Metrics/motion/motion_sampling_prob_max: 0.1429
Metrics/motion/motion_sampling_prob_entropy: 1.0000
Metrics/motion/hitter_strike_racket_pos_error: 0.5986
Metrics/motion/hitter_strike_racket_vel_error: 3.3288
Metrics/motion/hitter_strike_racket_ori_error: 0.0540
      Episode_Termination/time_out: 18.0833
    Episode_Termination/anchor_pos: 269.7083
    Episode_Termination/anchor_ori: 0.0000
--------------------------------------------------------------------------------
                   Total timesteps: 350400000
                    Iteration time: 10.43s
                      Time elapsed: 00:26:55
                               ETA: 06:17:42

################################################################################
                     [1m Learning iteration 146/10000 [0m                     

                       Computation: 232216 steps/s (collection: 8.673s, learning 1.662s)
             Mean action noise std: 0.49
          Mean value_function loss: 0.7603
               Mean surrogate loss: 0.0018
                 Mean entropy loss: 18.5598
               Mean approx_kl loss: 0.0115
           Mean clip_fraction loss: 0.1401
              Mean ratio_mean loss: 1.0000
          Mean advantage_mean loss: -0.0000
           Mean advantage_std loss: 1.0000
      Mean explained_variance loss: 0.9459
                       Mean reward: 20.69
               Mean episode length: 174.75
Episode_Reward/motion_global_anchor_pos: 0.1331
Episode_Reward/motion_global_anchor_ori: 0.1409
    Episode_Reward/motion_body_pos: 0.2165
    Episode_Reward/motion_body_ori: 0.0178
Episode_Reward/motion_body_lin_vel: 0.3662
Episode_Reward/motion_body_ang_vel: 0.1839
Episode_Reward/motion_anchor_lin_vel: 0.2950
           Episode_Reward/base_pos: 0.5503
         Episode_Reward/racket_pos: 0.0010
         Episode_Reward/racket_vel: 0.0209
         Episode_Reward/racket_ori: 0.3406
Episode_Reward/torso_forward_lean_l2: -0.0268
 Episode_Reward/base_ang_vel_xy_l2: -0.1733
 Episode_Reward/undesired_contacts: -0.0339
Episode_Reward/hitter_foot_slip_l2: -0.1565
Episode_Reward/hitter_hit_unstable_support: -0.0143
Episode_Reward/hitter_foot_edge_drag: -0.0214
    Episode_Reward/hip_yaw_default: 0.6678
     Episode_Reward/action_rate_l2: -0.4372
        Episode_Reward/joint_limit: -0.0071
          Episode_Reward/joint_acc: -0.0152
       Episode_Reward/joint_torque: -0.0058
   Metrics/motion/error_anchor_pos: 0.7288
   Metrics/motion/error_anchor_rot: 0.3170
Metrics/motion/error_anchor_lin_vel: 2.2118
Metrics/motion/error_anchor_ang_vel: 1.4950
     Metrics/motion/error_body_pos: 0.4240
     Metrics/motion/error_body_rot: 0.7491
 Metrics/motion/error_body_lin_vel: 2.4204
 Metrics/motion/error_body_ang_vel: 3.3696
    Metrics/motion/error_joint_pos: 2.1670
    Metrics/motion/error_joint_vel: 11.7797
   Metrics/motion/sampling_entropy: 0.0000
 Metrics/motion/sampling_top1_prob: 0.0000
  Metrics/motion/sampling_top1_bin: 0.0000
Metrics/motion/motion_sampling_prob_mean: 0.1429
Metrics/motion/motion_sampling_prob_std: 0.0000
Metrics/motion/motion_sampling_prob_min: 0.1429
Metrics/motion/motion_sampling_prob_max: 0.1429
Metrics/motion/motion_sampling_prob_entropy: 1.0000
Metrics/motion/hitter_strike_racket_pos_error: 0.5970
Metrics/motion/hitter_strike_racket_vel_error: 3.3036
Metrics/motion/hitter_strike_racket_ori_error: 0.0534
      Episode_Termination/time_out: 16.2500
    Episode_Termination/anchor_pos: 262.4583
    Episode_Termination/anchor_ori: 0.0000
--------------------------------------------------------------------------------
                   Total timesteps: 352800000
                    Iteration time: 10.34s
                      Time elapsed: 00:27:06
                               ETA: 06:16:42

################################################################################
                     [1m Learning iteration 147/10000 [0m                     

                       Computation: 235151 steps/s (collection: 8.864s, learning 1.343s)
             Mean action noise std: 0.49
          Mean value_function loss: 0.9121
               Mean surrogate loss: 0.0021
                 Mean entropy loss: 18.5718
               Mean approx_kl loss: 0.0101
           Mean clip_fraction loss: 0.1386
              Mean ratio_mean loss: 0.9999
          Mean advantage_mean loss: 0.0000
           Mean advantage_std loss: 1.0000
      Mean explained_variance loss: 0.9380
                       Mean reward: 18.39
               Mean episode length: 154.73
Episode_Reward/motion_global_anchor_pos: 0.1325
Episode_Reward/motion_global_anchor_ori: 0.1408
    Episode_Reward/motion_body_pos: 0.2157
    Episode_Reward/motion_body_ori: 0.0177
Episode_Reward/motion_body_lin_vel: 0.3649
Episode_Reward/motion_body_ang_vel: 0.1831
Episode_Reward/motion_anchor_lin_vel: 0.2940
           Episode_Reward/base_pos: 0.5472
         Episode_Reward/racket_pos: 0.0009
         Episode_Reward/racket_vel: 0.0211
         Episode_Reward/racket_ori: 0.3397
Episode_Reward/torso_forward_lean_l2: -0.0268
 Episode_Reward/base_ang_vel_xy_l2: -0.1732
 Episode_Reward/undesired_contacts: -0.0337
Episode_Reward/hitter_foot_slip_l2: -0.1561
Episode_Reward/hitter_hit_unstable_support: -0.0138
Episode_Reward/hitter_foot_edge_drag: -0.0212
    Episode_Reward/hip_yaw_default: 0.6659
     Episode_Reward/action_rate_l2: -0.4368
        Episode_Reward/joint_limit: -0.0071
          Episode_Reward/joint_acc: -0.0151
       Episode_Reward/joint_torque: -0.0058
   Metrics/motion/error_anchor_pos: 0.7293
   Metrics/motion/error_anchor_rot: 0.3168
Metrics/motion/error_anchor_lin_vel: 2.2194
Metrics/motion/error_anchor_ang_vel: 1.4908
     Metrics/motion/error_body_pos: 0.4241
     Metrics/motion/error_body_rot: 0.7439
 Metrics/motion/error_body_lin_vel: 2.4249
 Metrics/motion/error_body_ang_vel: 3.3440
    Metrics/motion/error_joint_pos: 2.1635
    Metrics/motion/error_joint_vel: 11.7506
   Metrics/motion/sampling_entropy: 0.0000
 Metrics/motion/sampling_top1_prob: 0.0000
  Metrics/motion/sampling_top1_bin: 0.0000
Metrics/motion/motion_sampling_prob_mean: 0.1429
Metrics/motion/motion_sampling_prob_std: 0.0000
Metrics/motion/motion_sampling_prob_min: 0.1429
Metrics/motion/motion_sampling_prob_max: 0.1429
Metrics/motion/motion_sampling_prob_entropy: 1.0000
Metrics/motion/hitter_strike_racket_pos_error: 0.5982
Metrics/motion/hitter_strike_racket_vel_error: 3.2930
Metrics/motion/hitter_strike_racket_ori_error: 0.0526
      Episode_Termination/time_out: 16.4583
    Episode_Termination/anchor_pos: 275.0833
    Episode_Termination/anchor_ori: 0.0000
--------------------------------------------------------------------------------
                   Total timesteps: 355200000
                    Iteration time: 10.21s
                      Time elapsed: 00:27:16
                               ETA: 06:15:34

################################################################################
                     [1m Learning iteration 148/10000 [0m                     

                       Computation: 236066 steps/s (collection: 8.628s, learning 1.539s)
             Mean action noise std: 0.49
          Mean value_function loss: 0.8976
               Mean surrogate loss: 0.0016
                 Mean entropy loss: 18.5807
               Mean approx_kl loss: 0.0113
           Mean clip_fraction loss: 0.1611
              Mean ratio_mean loss: 1.0000
          Mean advantage_mean loss: -0.0000
           Mean advantage_std loss: 1.0000
      Mean explained_variance loss: 0.9401
                       Mean reward: 21.47
               Mean episode length: 183.18
Episode_Reward/motion_global_anchor_pos: 0.1349
Episode_Reward/motion_global_anchor_ori: 0.1430
    Episode_Reward/motion_body_pos: 0.2187
    Episode_Reward/motion_body_ori: 0.0176
Episode_Reward/motion_body_lin_vel: 0.3706
Episode_Reward/motion_body_ang_vel: 0.1857
Episode_Reward/motion_anchor_lin_vel: 0.2985
           Episode_Reward/base_pos: 0.5539
         Episode_Reward/racket_pos: 0.0010
         Episode_Reward/racket_vel: 0.0215
         Episode_Reward/racket_ori: 0.3436
Episode_Reward/torso_forward_lean_l2: -0.0267
 Episode_Reward/base_ang_vel_xy_l2: -0.1749
 Episode_Reward/undesired_contacts: -0.0341
Episode_Reward/hitter_foot_slip_l2: -0.1575
Episode_Reward/hitter_hit_unstable_support: -0.0137
Episode_Reward/hitter_foot_edge_drag: -0.0216
    Episode_Reward/hip_yaw_default: 0.6749
     Episode_Reward/action_rate_l2: -0.4427
        Episode_Reward/joint_limit: -0.0071
          Episode_Reward/joint_acc: -0.0153
       Episode_Reward/joint_torque: -0.0059
   Metrics/motion/error_anchor_pos: 0.7233
   Metrics/motion/error_anchor_rot: 0.3067
Metrics/motion/error_anchor_lin_vel: 2.2101
Metrics/motion/error_anchor_ang_vel: 1.4786
     Metrics/motion/error_body_pos: 0.4231
     Metrics/motion/error_body_rot: 0.7474
 Metrics/motion/error_body_lin_vel: 2.4157
 Metrics/motion/error_body_ang_vel: 3.3503
    Metrics/motion/error_joint_pos: 2.1736
    Metrics/motion/error_joint_vel: 11.8492
   Metrics/motion/sampling_entropy: 0.0000
 Metrics/motion/sampling_top1_prob: 0.0000
  Metrics/motion/sampling_top1_bin: 0.0000
Metrics/motion/motion_sampling_prob_mean: 0.1429
Metrics/motion/motion_sampling_prob_std: 0.0000
Metrics/motion/motion_sampling_prob_min: 0.1429
Metrics/motion/motion_sampling_prob_max: 0.1429
Metrics/motion/motion_sampling_prob_entropy: 1.0000
Metrics/motion/hitter_strike_racket_pos_error: 0.5963
Metrics/motion/hitter_strike_racket_vel_error: 3.2720
Metrics/motion/hitter_strike_racket_ori_error: 0.0533
      Episode_Termination/time_out: 17.0000
    Episode_Termination/anchor_pos: 262.7500
    Episode_Termination/anchor_ori: 0.0000
--------------------------------------------------------------------------------
                   Total timesteps: 357600000
                    Iteration time: 10.17s
                      Time elapsed: 00:27:26
                               ETA: 06:14:24

################################################################################
                     [1m Learning iteration 149/10000 [0m                     

                       Computation: 241118 steps/s (collection: 8.783s, learning 1.171s)
             Mean action noise std: 0.49
          Mean value_function loss: 0.7616
               Mean surrogate loss: 0.0040
                 Mean entropy loss: 18.6003
               Mean approx_kl loss: 0.0148
           Mean clip_fraction loss: 0.1872
              Mean ratio_mean loss: 1.0000
          Mean advantage_mean loss: -0.0000
           Mean advantage_std loss: 1.0000
      Mean explained_variance loss: 0.9470
                       Mean reward: 18.41
               Mean episode length: 159.68
Episode_Reward/motion_global_anchor_pos: 0.1328
Episode_Reward/motion_global_anchor_ori: 0.1414
    Episode_Reward/motion_body_pos: 0.2159
    Episode_Reward/motion_body_ori: 0.0176
Episode_Reward/motion_body_lin_vel: 0.3657
Episode_Reward/motion_body_ang_vel: 0.1834
Episode_Reward/motion_anchor_lin_vel: 0.2944
           Episode_Reward/base_pos: 0.5501
         Episode_Reward/racket_pos: 0.0010
         Episode_Reward/racket_vel: 0.0215
         Episode_Reward/racket_ori: 0.3402
Episode_Reward/torso_forward_lean_l2: -0.0263
 Episode_Reward/base_ang_vel_xy_l2: -0.1736
 Episode_Reward/undesired_contacts: -0.0337
Episode_Reward/hitter_foot_slip_l2: -0.1560
Episode_Reward/hitter_hit_unstable_support: -0.0135
Episode_Reward/hitter_foot_edge_drag: -0.0214
    Episode_Reward/hip_yaw_default: 0.6666
     Episode_Reward/action_rate_l2: -0.4379
        Episode_Reward/joint_limit: -0.0069
          Episode_Reward/joint_acc: -0.0152
       Episode_Reward/joint_torque: -0.0058
   Metrics/motion/error_anchor_pos: 0.7237
   Metrics/motion/error_anchor_rot: 0.3031
Metrics/motion/error_anchor_lin_vel: 2.2112
Metrics/motion/error_anchor_ang_vel: 1.4958
     Metrics/motion/error_body_pos: 0.4217
     Metrics/motion/error_body_rot: 0.7460
 Metrics/motion/error_body_lin_vel: 2.4144
 Metrics/motion/error_body_ang_vel: 3.3286
    Metrics/motion/error_joint_pos: 2.1721
    Metrics/motion/error_joint_vel: 11.8002
   Metrics/motion/sampling_entropy: 0.0000
 Metrics/motion/sampling_top1_prob: 0.0000
  Metrics/motion/sampling_top1_bin: 0.0000
Metrics/motion/motion_sampling_prob_mean: 0.1429
Metrics/motion/motion_sampling_prob_std: 0.0000
Metrics/motion/motion_sampling_prob_min: 0.1429
Metrics/motion/motion_sampling_prob_max: 0.1429
Metrics/motion/motion_sampling_prob_entropy: 1.0000
Metrics/motion/hitter_strike_racket_pos_error: 0.5976
Metrics/motion/hitter_strike_racket_vel_error: 3.2666
Metrics/motion/hitter_strike_racket_ori_error: 0.0528
      Episode_Termination/time_out: 17.5417
    Episode_Termination/anchor_pos: 270.6667
    Episode_Termination/anchor_ori: 0.0000
--------------------------------------------------------------------------------
                   Total timesteps: 360000000
                    Iteration time: 9.95s
                      Time elapsed: 00:27:36
                               ETA: 06:13:01

################################################################################
                     [1m Learning iteration 150/10000 [0m                     

                       Computation: 240817 steps/s (collection: 9.085s, learning 0.881s)
             Mean action noise std: 0.49
          Mean value_function loss: 0.7431
               Mean surrogate loss: -0.0010
                 Mean entropy loss: 18.6165
               Mean approx_kl loss: 0.0059
           Mean clip_fraction loss: 0.0691
              Mean ratio_mean loss: 1.0000
          Mean advantage_mean loss: 0.0000
           Mean advantage_std loss: 1.0000
      Mean explained_variance loss: 0.9476
                       Mean reward: 21.83
               Mean episode length: 182.66
Episode_Reward/motion_global_anchor_pos: 0.1357
Episode_Reward/motion_global_anchor_ori: 0.1441
    Episode_Reward/motion_body_pos: 0.2199
    Episode_Reward/motion_body_ori: 0.0176
Episode_Reward/motion_body_lin_vel: 0.3730
Episode_Reward/motion_body_ang_vel: 0.1864
Episode_Reward/motion_anchor_lin_vel: 0.3002
           Episode_Reward/base_pos: 0.5591
         Episode_Reward/racket_pos: 0.0010
         Episode_Reward/racket_vel: 0.0218
         Episode_Reward/racket_ori: 0.3455
Episode_Reward/torso_forward_lean_l2: -0.0264
 Episode_Reward/base_ang_vel_xy_l2: -0.1760
 Episode_Reward/undesired_contacts: -0.0341
Episode_Reward/hitter_foot_slip_l2: -0.1579
Episode_Reward/hitter_hit_unstable_support: -0.0138
Episode_Reward/hitter_foot_edge_drag: -0.0218
    Episode_Reward/hip_yaw_default: 0.6782
     Episode_Reward/action_rate_l2: -0.4461
        Episode_Reward/joint_limit: -0.0070
          Episode_Reward/joint_acc: -0.0155
       Episode_Reward/joint_torque: -0.0059
   Metrics/motion/error_anchor_pos: 0.7220
   Metrics/motion/error_anchor_rot: 0.3024
Metrics/motion/error_anchor_lin_vel: 2.2055
Metrics/motion/error_anchor_ang_vel: 1.4715
     Metrics/motion/error_body_pos: 0.4209
     Metrics/motion/error_body_rot: 0.7433
 Metrics/motion/error_body_lin_vel: 2.4117
 Metrics/motion/error_body_ang_vel: 3.3335
    Metrics/motion/error_joint_pos: 2.1636
    Metrics/motion/error_joint_vel: 11.8107
   Metrics/motion/sampling_entropy: 0.0000
 Metrics/motion/sampling_top1_prob: 0.0000
  Metrics/motion/sampling_top1_bin: 0.0000
Metrics/motion/motion_sampling_prob_mean: 0.1429
Metrics/motion/motion_sampling_prob_std: 0.0000
Metrics/motion/motion_sampling_prob_min: 0.1429
Metrics/motion/motion_sampling_prob_max: 0.1429
Metrics/motion/motion_sampling_prob_entropy: 1.0000
Metrics/motion/hitter_strike_racket_pos_error: 0.5971
Metrics/motion/hitter_strike_racket_vel_error: 3.2726
Metrics/motion/hitter_strike_racket_ori_error: 0.0516
      Episode_Termination/time_out: 18.9583
    Episode_Termination/anchor_pos: 271.3333
    Episode_Termination/anchor_ori: 0.0000
--------------------------------------------------------------------------------
                   Total timesteps: 362400000
                    Iteration time: 9.97s
                      Time elapsed: 00:27:46
                               ETA: 06:11:40

################################################################################
                     [1m Learning iteration 151/10000 [0m                     

                       Computation: 237589 steps/s (collection: 9.055s, learning 1.046s)
             Mean action noise std: 0.49
          Mean value_function loss: 0.7807
               Mean surrogate loss: 0.0033
                 Mean entropy loss: 18.6279
               Mean approx_kl loss: 0.0131
           Mean clip_fraction loss: 0.1838
              Mean ratio_mean loss: 0.9999
          Mean advantage_mean loss: 0.0000
           Mean advantage_std loss: 1.0000
      Mean explained_variance loss: 0.9468
                       Mean reward: 19.57
               Mean episode length: 165.75
Episode_Reward/motion_global_anchor_pos: 0.1363
Episode_Reward/motion_global_anchor_ori: 0.1446
    Episode_Reward/motion_body_pos: 0.2211
    Episode_Reward/motion_body_ori: 0.0179
Episode_Reward/motion_body_lin_vel: 0.3742
Episode_Reward/motion_body_ang_vel: 0.1870
Episode_Reward/motion_anchor_lin_vel: 0.3013
           Episode_Reward/base_pos: 0.5621
         Episode_Reward/racket_pos: 0.0010
         Episode_Reward/racket_vel: 0.0219
         Episode_Reward/racket_ori: 0.3467
Episode_Reward/torso_forward_lean_l2: -0.0263
 Episode_Reward/base_ang_vel_xy_l2: -0.1762
 Episode_Reward/undesired_contacts: -0.0343
Episode_Reward/hitter_foot_slip_l2: -0.1586
Episode_Reward/hitter_hit_unstable_support: -0.0133
Episode_Reward/hitter_foot_edge_drag: -0.0219
    Episode_Reward/hip_yaw_default: 0.6801
     Episode_Reward/action_rate_l2: -0.4478
        Episode_Reward/joint_limit: -0.0071
          Episode_Reward/joint_acc: -0.0154
       Episode_Reward/joint_torque: -0.0059
   Metrics/motion/error_anchor_pos: 0.7183
   Metrics/motion/error_anchor_rot: 0.2968
Metrics/motion/error_anchor_lin_vel: 2.2029
Metrics/motion/error_anchor_ang_vel: 1.4666
     Metrics/motion/error_body_pos: 0.4192
     Metrics/motion/error_body_rot: 0.7433
 Metrics/motion/error_body_lin_vel: 2.4028
 Metrics/motion/error_body_ang_vel: 3.3216
    Metrics/motion/error_joint_pos: 2.1681
    Metrics/motion/error_joint_vel: 11.7889
   Metrics/motion/sampling_entropy: 0.0000
 Metrics/motion/sampling_top1_prob: 0.0000
  Metrics/motion/sampling_top1_bin: 0.0000
Metrics/motion/motion_sampling_prob_mean: 0.1429
Metrics/motion/motion_sampling_prob_std: 0.0000
Metrics/motion/motion_sampling_prob_min: 0.1429
Metrics/motion/motion_sampling_prob_max: 0.1429
Metrics/motion/motion_sampling_prob_entropy: 1.0000
Metrics/motion/hitter_strike_racket_pos_error: 0.5934
Metrics/motion/hitter_strike_racket_vel_error: 3.2767
Metrics/motion/hitter_strike_racket_ori_error: 0.0510
      Episode_Termination/time_out: 19.5000
    Episode_Termination/anchor_pos: 260.5833
    Episode_Termination/anchor_ori: 0.0000
--------------------------------------------------------------------------------
                   Total timesteps: 364800000
                    Iteration time: 10.10s
                      Time elapsed: 00:27:56
                               ETA: 06:10:28

################################################################################
                     [1m Learning iteration 152/10000 [0m                     

                       Computation: 238159 steps/s (collection: 8.917s, learning 1.160s)
             Mean action noise std: 0.49
          Mean value_function loss: 0.7453
               Mean surrogate loss: -0.0010
                 Mean entropy loss: 18.6401
               Mean approx_kl loss: 0.0067
           Mean clip_fraction loss: 0.0849
              Mean ratio_mean loss: 1.0001
          Mean advantage_mean loss: -0.0000
           Mean advantage_std loss: 1.0000
      Mean explained_variance loss: 0.9475
                       Mean reward: 18.65
               Mean episode length: 156.95
Episode_Reward/motion_global_anchor_pos: 0.1347
Episode_Reward/motion_global_anchor_ori: 0.1435
    Episode_Reward/motion_body_pos: 0.2186
    Episode_Reward/motion_body_ori: 0.0176
Episode_Reward/motion_body_lin_vel: 0.3701
Episode_Reward/motion_body_ang_vel: 0.1850
Episode_Reward/motion_anchor_lin_vel: 0.2980
           Episode_Reward/base_pos: 0.5558
         Episode_Reward/racket_pos: 0.0010
         Episode_Reward/racket_vel: 0.0223
         Episode_Reward/racket_ori: 0.3456
Episode_Reward/torso_forward_lean_l2: -0.0261
 Episode_Reward/base_ang_vel_xy_l2: -0.1750
 Episode_Reward/undesired_contacts: -0.0339
Episode_Reward/hitter_foot_slip_l2: -0.1576
Episode_Reward/hitter_hit_unstable_support: -0.0137
Episode_Reward/hitter_foot_edge_drag: -0.0215
    Episode_Reward/hip_yaw_default: 0.6736
     Episode_Reward/action_rate_l2: -0.4443
        Episode_Reward/joint_limit: -0.0069
          Episode_Reward/joint_acc: -0.0153
       Episode_Reward/joint_torque: -0.0059
   Metrics/motion/error_anchor_pos: 0.7203
   Metrics/motion/error_anchor_rot: 0.3005
Metrics/motion/error_anchor_lin_vel: 2.1959
Metrics/motion/error_anchor_ang_vel: 1.4665
     Metrics/motion/error_body_pos: 0.4200
     Metrics/motion/error_body_rot: 0.7411
 Metrics/motion/error_body_lin_vel: 2.4033
 Metrics/motion/error_body_ang_vel: 3.3433
    Metrics/motion/error_joint_pos: 2.1633
    Metrics/motion/error_joint_vel: 11.8277
   Metrics/motion/sampling_entropy: 0.0000
 Metrics/motion/sampling_top1_prob: 0.0000
  Metrics/motion/sampling_top1_bin: 0.0000
Metrics/motion/motion_sampling_prob_mean: 0.1429
Metrics/motion/motion_sampling_prob_std: 0.0000
Metrics/motion/motion_sampling_prob_min: 0.1429
Metrics/motion/motion_sampling_prob_max: 0.1429
Metrics/motion/motion_sampling_prob_entropy: 1.0000
Metrics/motion/hitter_strike_racket_pos_error: 0.6051
Metrics/motion/hitter_strike_racket_vel_error: 3.2942
Metrics/motion/hitter_strike_racket_ori_error: 0.0513
      Episode_Termination/time_out: 19.3750
    Episode_Termination/anchor_pos: 258.2917
    Episode_Termination/anchor_ori: 0.0000
--------------------------------------------------------------------------------
                   Total timesteps: 367200000
                    Iteration time: 10.08s
                      Time elapsed: 00:28:06
                               ETA: 06:09:16

################################################################################
                     [1m Learning iteration 153/10000 [0m                     

                       Computation: 237739 steps/s (collection: 8.876s, learning 1.219s)
             Mean action noise std: 0.49
          Mean value_function loss: 0.7639
               Mean surrogate loss: 0.0003
                 Mean entropy loss: 18.6587
               Mean approx_kl loss: 0.0093
           Mean clip_fraction loss: 0.1223
              Mean ratio_mean loss: 0.9999
          Mean advantage_mean loss: 0.0000
           Mean advantage_std loss: 1.0000
      Mean explained_variance loss: 0.9472
                       Mean reward: 22.04
               Mean episode length: 186.06
Episode_Reward/motion_global_anchor_pos: 0.1366
Episode_Reward/motion_global_anchor_ori: 0.1452
    Episode_Reward/motion_body_pos: 0.2208
    Episode_Reward/motion_body_ori: 0.0177
Episode_Reward/motion_body_lin_vel: 0.3735
Episode_Reward/motion_body_ang_vel: 0.1864
Episode_Reward/motion_anchor_lin_vel: 0.3010
           Episode_Reward/base_pos: 0.5589
         Episode_Reward/racket_pos: 0.0011
         Episode_Reward/racket_vel: 0.0223
         Episode_Reward/racket_ori: 0.3477
Episode_Reward/torso_forward_lean_l2: -0.0262
 Episode_Reward/base_ang_vel_xy_l2: -0.1762
 Episode_Reward/undesired_contacts: -0.0340
Episode_Reward/hitter_foot_slip_l2: -0.1587
Episode_Reward/hitter_hit_unstable_support: -0.0138
Episode_Reward/hitter_foot_edge_drag: -0.0218
    Episode_Reward/hip_yaw_default: 0.6799
     Episode_Reward/action_rate_l2: -0.4488
        Episode_Reward/joint_limit: -0.0070
          Episode_Reward/joint_acc: -0.0154
       Episode_Reward/joint_torque: -0.0059
   Metrics/motion/error_anchor_pos: 0.7215
   Metrics/motion/error_anchor_rot: 0.2948
Metrics/motion/error_anchor_lin_vel: 2.2135
Metrics/motion/error_anchor_ang_vel: 1.4468
     Metrics/motion/error_body_pos: 0.4206
     Metrics/motion/error_body_rot: 0.7436
 Metrics/motion/error_body_lin_vel: 2.4190
 Metrics/motion/error_body_ang_vel: 3.3327
    Metrics/motion/error_joint_pos: 2.1732
    Metrics/motion/error_joint_vel: 11.8547
   Metrics/motion/sampling_entropy: 0.0000
 Metrics/motion/sampling_top1_prob: 0.0000
  Metrics/motion/sampling_top1_bin: 0.0000
Metrics/motion/motion_sampling_prob_mean: 0.1429
Metrics/motion/motion_sampling_prob_std: 0.0000
Metrics/motion/motion_sampling_prob_min: 0.1429
Metrics/motion/motion_sampling_prob_max: 0.1429
Metrics/motion/motion_sampling_prob_entropy: 1.0000
Metrics/motion/hitter_strike_racket_pos_error: 0.5990
Metrics/motion/hitter_strike_racket_vel_error: 3.2984
Metrics/motion/hitter_strike_racket_ori_error: 0.0513
      Episode_Termination/time_out: 18.4583
    Episode_Termination/anchor_pos: 260.0833
    Episode_Termination/anchor_ori: 0.0000
--------------------------------------------------------------------------------
                   Total timesteps: 369600000
                    Iteration time: 10.10s
                      Time elapsed: 00:28:16
                               ETA: 06:08:06

################################################################################
                     [1m Learning iteration 154/10000 [0m                     

                       Computation: 241385 steps/s (collection: 8.884s, learning 1.058s)
             Mean action noise std: 0.49
          Mean value_function loss: 0.7392
               Mean surrogate loss: 0.0030
                 Mean entropy loss: 18.6747
               Mean approx_kl loss: 0.0122
           Mean clip_fraction loss: 0.1628
              Mean ratio_mean loss: 1.0000
          Mean advantage_mean loss: -0.0000
           Mean advantage_std loss: 1.0000
      Mean explained_variance loss: 0.9479
                       Mean reward: 19.17
               Mean episode length: 164.82
Episode_Reward/motion_global_anchor_pos: 0.1363
Episode_Reward/motion_global_anchor_ori: 0.1455
    Episode_Reward/motion_body_pos: 0.2213
    Episode_Reward/motion_body_ori: 0.0177
Episode_Reward/motion_body_lin_vel: 0.3737
Episode_Reward/motion_body_ang_vel: 0.1865
Episode_Reward/motion_anchor_lin_vel: 0.3010
           Episode_Reward/base_pos: 0.5607
         Episode_Reward/racket_pos: 0.0011
         Episode_Reward/racket_vel: 0.0220
         Episode_Reward/racket_ori: 0.3475
Episode_Reward/torso_forward_lean_l2: -0.0264
 Episode_Reward/base_ang_vel_xy_l2: -0.1767
 Episode_Reward/undesired_contacts: -0.0341
Episode_Reward/hitter_foot_slip_l2: -0.1587
Episode_Reward/hitter_hit_unstable_support: -0.0143
Episode_Reward/hitter_foot_edge_drag: -0.0218
    Episode_Reward/hip_yaw_default: 0.6799
     Episode_Reward/action_rate_l2: -0.4498
        Episode_Reward/joint_limit: -0.0070
          Episode_Reward/joint_acc: -0.0154
       Episode_Reward/joint_torque: -0.0060
   Metrics/motion/error_anchor_pos: 0.7220
   Metrics/motion/error_anchor_rot: 0.2957
Metrics/motion/error_anchor_lin_vel: 2.2117
Metrics/motion/error_anchor_ang_vel: 1.4613
     Metrics/motion/error_body_pos: 0.4207
     Metrics/motion/error_body_rot: 0.7443
 Metrics/motion/error_body_lin_vel: 2.4174
 Metrics/motion/error_body_ang_vel: 3.3290
    Metrics/motion/error_joint_pos: 2.1679
    Metrics/motion/error_joint_vel: 11.8017
   Metrics/motion/sampling_entropy: 0.0000
 Metrics/motion/sampling_top1_prob: 0.0000
  Metrics/motion/sampling_top1_bin: 0.0000
Metrics/motion/motion_sampling_prob_mean: 0.1429
Metrics/motion/motion_sampling_prob_std: 0.0000
Metrics/motion/motion_sampling_prob_min: 0.1429
Metrics/motion/motion_sampling_prob_max: 0.1429
Metrics/motion/motion_sampling_prob_entropy: 1.0000
Metrics/motion/hitter_strike_racket_pos_error: 0.5983
Metrics/motion/hitter_strike_racket_vel_error: 3.2985
Metrics/motion/hitter_strike_racket_ori_error: 0.0502
      Episode_Termination/time_out: 17.7500
    Episode_Termination/anchor_pos: 252.8750
    Episode_Termination/anchor_ori: 0.0000
--------------------------------------------------------------------------------
                   Total timesteps: 372000000
                    Iteration time: 9.94s
                      Time elapsed: 00:28:26
                               ETA: 06:06:46

################################################################################
                     [1m Learning iteration 155/10000 [0m                     

                       Computation: 242060 steps/s (collection: 9.294s, learning 0.621s)
             Mean action noise std: 0.49
          Mean value_function loss: 0.7525
               Mean surrogate loss: 0.0014
                 Mean entropy loss: 18.6937
               Mean approx_kl loss: 0.0104
           Mean clip_fraction loss: 0.1354
              Mean ratio_mean loss: 1.0001
          Mean advantage_mean loss: -0.0000
           Mean advantage_std loss: 1.0000
      Mean explained_variance loss: 0.9470
                       Mean reward: 19.04
               Mean episode length: 160.69
Episode_Reward/motion_global_anchor_pos: 0.1377
Episode_Reward/motion_global_anchor_ori: 0.1469
    Episode_Reward/motion_body_pos: 0.2230
    Episode_Reward/motion_body_ori: 0.0177
Episode_Reward/motion_body_lin_vel: 0.3775
Episode_Reward/motion_body_ang_vel: 0.1884
Episode_Reward/motion_anchor_lin_vel: 0.3038
           Episode_Reward/base_pos: 0.5613
         Episode_Reward/racket_pos: 0.0011
         Episode_Reward/racket_vel: 0.0223
         Episode_Reward/racket_ori: 0.3490
Episode_Reward/torso_forward_lean_l2: -0.0266
 Episode_Reward/base_ang_vel_xy_l2: -0.1780
 Episode_Reward/undesired_contacts: -0.0343
Episode_Reward/hitter_foot_slip_l2: -0.1593
Episode_Reward/hitter_hit_unstable_support: -0.0146
Episode_Reward/hitter_foot_edge_drag: -0.0220
    Episode_Reward/hip_yaw_default: 0.6860
     Episode_Reward/action_rate_l2: -0.4542
        Episode_Reward/joint_limit: -0.0071
          Episode_Reward/joint_acc: -0.0156
       Episode_Reward/joint_torque: -0.0060
   Metrics/motion/error_anchor_pos: 0.7240
   Metrics/motion/error_anchor_rot: 0.2955
Metrics/motion/error_anchor_lin_vel: 2.2112
Metrics/motion/error_anchor_ang_vel: 1.4464
     Metrics/motion/error_body_pos: 0.4212
     Metrics/motion/error_body_rot: 0.7432
 Metrics/motion/error_body_lin_vel: 2.4159
 Metrics/motion/error_body_ang_vel: 3.3021
    Metrics/motion/error_joint_pos: 2.1687
    Metrics/motion/error_joint_vel: 11.8597
   Metrics/motion/sampling_entropy: 0.0000
 Metrics/motion/sampling_top1_prob: 0.0000
  Metrics/motion/sampling_top1_bin: 0.0000
Metrics/motion/motion_sampling_prob_mean: 0.1429
Metrics/motion/motion_sampling_prob_std: 0.0000
Metrics/motion/motion_sampling_prob_min: 0.1429
Metrics/motion/motion_sampling_prob_max: 0.1429
Metrics/motion/motion_sampling_prob_entropy: 1.0000
Metrics/motion/hitter_strike_racket_pos_error: 0.5981
Metrics/motion/hitter_strike_racket_vel_error: 3.2874
Metrics/motion/hitter_strike_racket_ori_error: 0.0503
      Episode_Termination/time_out: 18.1667
    Episode_Termination/anchor_pos: 254.4583
    Episode_Termination/anchor_ori: 0.0000
--------------------------------------------------------------------------------
                   Total timesteps: 374400000
                    Iteration time: 9.91s
                      Time elapsed: 00:28:36
                               ETA: 06:05:26

################################################################################
                     [1m Learning iteration 156/10000 [0m                     

                       Computation: 239404 steps/s (collection: 8.955s, learning 1.070s)
             Mean action noise std: 0.49
          Mean value_function loss: 0.7358
               Mean surrogate loss: 0.0036
                 Mean entropy loss: 18.7149
               Mean approx_kl loss: 0.0133
           Mean clip_fraction loss: 0.1844
              Mean ratio_mean loss: 1.0001
          Mean advantage_mean loss: -0.0000
           Mean advantage_std loss: 1.0000
      Mean explained_variance loss: 0.9486
                       Mean reward: 17.32
               Mean episode length: 148.84
Episode_Reward/motion_global_anchor_pos: 0.1364
Episode_Reward/motion_global_anchor_ori: 0.1454
    Episode_Reward/motion_body_pos: 0.2216
    Episode_Reward/motion_body_ori: 0.0177
Episode_Reward/motion_body_lin_vel: 0.3742
Episode_Reward/motion_body_ang_vel: 0.1868
Episode_Reward/motion_anchor_lin_vel: 0.3014
           Episode_Reward/base_pos: 0.5632
         Episode_Reward/racket_pos: 0.0010
         Episode_Reward/racket_vel: 0.0221
         Episode_Reward/racket_ori: 0.3490
Episode_Reward/torso_forward_lean_l2: -0.0264
 Episode_Reward/base_ang_vel_xy_l2: -0.1776
 Episode_Reward/undesired_contacts: -0.0342
Episode_Reward/hitter_foot_slip_l2: -0.1585
Episode_Reward/hitter_hit_unstable_support: -0.0146
Episode_Reward/hitter_foot_edge_drag: -0.0218
    Episode_Reward/hip_yaw_default: 0.6805
     Episode_Reward/action_rate_l2: -0.4518
        Episode_Reward/joint_limit: -0.0070
          Episode_Reward/joint_acc: -0.0155
       Episode_Reward/joint_torque: -0.0060
   Metrics/motion/error_anchor_pos: 0.7228
   Metrics/motion/error_anchor_rot: 0.3023
Metrics/motion/error_anchor_lin_vel: 2.1958
Metrics/motion/error_anchor_ang_vel: 1.4780
     Metrics/motion/error_body_pos: 0.4196
     Metrics/motion/error_body_rot: 0.7432
 Metrics/motion/error_body_lin_vel: 2.4039
 Metrics/motion/error_body_ang_vel: 3.3346
    Metrics/motion/error_joint_pos: 2.1680
    Metrics/motion/error_joint_vel: 11.7340
   Metrics/motion/sampling_entropy: 0.0000
 Metrics/motion/sampling_top1_prob: 0.0000
  Metrics/motion/sampling_top1_bin: 0.0000
Metrics/motion/motion_sampling_prob_mean: 0.1429
Metrics/motion/motion_sampling_prob_std: 0.0000
Metrics/motion/motion_sampling_prob_min: 0.1429
Metrics/motion/motion_sampling_prob_max: 0.1429
Metrics/motion/motion_sampling_prob_entropy: 1.0000
Metrics/motion/hitter_strike_racket_pos_error: 0.6022
Metrics/motion/hitter_strike_racket_vel_error: 3.3122
Metrics/motion/hitter_strike_racket_ori_error: 0.0500
      Episode_Termination/time_out: 19.0833
    Episode_Termination/anchor_pos: 250.0833
    Episode_Termination/anchor_ori: 0.0000
--------------------------------------------------------------------------------
                   Total timesteps: 376800000
                    Iteration time: 10.02s
                      Time elapsed: 00:28:46
                               ETA: 06:04:14

################################################################################
                     [1m Learning iteration 157/10000 [0m                     

                       Computation: 234485 steps/s (collection: 8.708s, learning 1.528s)
             Mean action noise std: 0.49
          Mean value_function loss: 0.7690
               Mean surrogate loss: -0.0000
                 Mean entropy loss: 18.7434
               Mean approx_kl loss: 0.0082
           Mean clip_fraction loss: 0.1087
              Mean ratio_mean loss: 1.0000
          Mean advantage_mean loss: -0.0000
           Mean advantage_std loss: 1.0000
      Mean explained_variance loss: 0.9467
                       Mean reward: 24.36
               Mean episode length: 205.33
Episode_Reward/motion_global_anchor_pos: 0.1398
Episode_Reward/motion_global_anchor_ori: 0.1491
    Episode_Reward/motion_body_pos: 0.2259
    Episode_Reward/motion_body_ori: 0.0178
Episode_Reward/motion_body_lin_vel: 0.3835
Episode_Reward/motion_body_ang_vel: 0.1909
Episode_Reward/motion_anchor_lin_vel: 0.3085
           Episode_Reward/base_pos: 0.5736
         Episode_Reward/racket_pos: 0.0010
         Episode_Reward/racket_vel: 0.0224
         Episode_Reward/racket_ori: 0.3547
Episode_Reward/torso_forward_lean_l2: -0.0267
 Episode_Reward/base_ang_vel_xy_l2: -0.1810
 Episode_Reward/undesired_contacts: -0.0350
Episode_Reward/hitter_foot_slip_l2: -0.1608
Episode_Reward/hitter_hit_unstable_support: -0.0146
Episode_Reward/hitter_foot_edge_drag: -0.0224
    Episode_Reward/hip_yaw_default: 0.6949
     Episode_Reward/action_rate_l2: -0.4620
        Episode_Reward/joint_limit: -0.0071
          Episode_Reward/joint_acc: -0.0158
       Episode_Reward/joint_torque: -0.0061
   Metrics/motion/error_anchor_pos: 0.7218
   Metrics/motion/error_anchor_rot: 0.2991
Metrics/motion/error_anchor_lin_vel: 2.1971
Metrics/motion/error_anchor_ang_vel: 1.4694
     Metrics/motion/error_body_pos: 0.4186
     Metrics/motion/error_body_rot: 0.7404
 Metrics/motion/error_body_lin_vel: 2.3977
 Metrics/motion/error_body_ang_vel: 3.3327
    Metrics/motion/error_joint_pos: 2.1701
    Metrics/motion/error_joint_vel: 11.8267
   Metrics/motion/sampling_entropy: 0.0000
 Metrics/motion/sampling_top1_prob: 0.0000
  Metrics/motion/sampling_top1_bin: 0.0000
Metrics/motion/motion_sampling_prob_mean: 0.1429
Metrics/motion/motion_sampling_prob_std: 0.0000
Metrics/motion/motion_sampling_prob_min: 0.1429
Metrics/motion/motion_sampling_prob_max: 0.1429
Metrics/motion/motion_sampling_prob_entropy: 1.0000
Metrics/motion/hitter_strike_racket_pos_error: 0.5987
Metrics/motion/hitter_strike_racket_vel_error: 3.3026
Metrics/motion/hitter_strike_racket_ori_error: 0.0494
      Episode_Termination/time_out: 19.6250
    Episode_Termination/anchor_pos: 248.1667
    Episode_Termination/anchor_ori: 0.0000
--------------------------------------------------------------------------------
                   Total timesteps: 379200000
                    Iteration time: 10.24s
                      Time elapsed: 00:28:56
                               ETA: 06:03:15

################################################################################
                     [1m Learning iteration 158/10000 [0m                     

                       Computation: 231924 steps/s (collection: 8.826s, learning 1.522s)
             Mean action noise std: 0.49
          Mean value_function loss: 0.7629
               Mean surrogate loss: 0.0021
                 Mean entropy loss: 18.7641
               Mean approx_kl loss: 0.0122
           Mean clip_fraction loss: 0.1692
              Mean ratio_mean loss: 0.9999
          Mean advantage_mean loss: -0.0000
           Mean advantage_std loss: 1.0000
      Mean explained_variance loss: 0.9470
                       Mean reward: 21.67
               Mean episode length: 183.92
Episode_Reward/motion_global_anchor_pos: 0.1414
Episode_Reward/motion_global_anchor_ori: 0.1510
    Episode_Reward/motion_body_pos: 0.2285
    Episode_Reward/motion_body_ori: 0.0180
Episode_Reward/motion_body_lin_vel: 0.3893
Episode_Reward/motion_body_ang_vel: 0.1935
Episode_Reward/motion_anchor_lin_vel: 0.3131
           Episode_Reward/base_pos: 0.5780
         Episode_Reward/racket_pos: 0.0011
         Episode_Reward/racket_vel: 0.0227
         Episode_Reward/racket_ori: 0.3588
Episode_Reward/torso_forward_lean_l2: -0.0273
 Episode_Reward/base_ang_vel_xy_l2: -0.1836
 Episode_Reward/undesired_contacts: -0.0355
Episode_Reward/hitter_foot_slip_l2: -0.1629
Episode_Reward/hitter_hit_unstable_support: -0.0146
Episode_Reward/hitter_foot_edge_drag: -0.0227
    Episode_Reward/hip_yaw_default: 0.7037
     Episode_Reward/action_rate_l2: -0.4684
        Episode_Reward/joint_limit: -0.0073
          Episode_Reward/joint_acc: -0.0160
       Episode_Reward/joint_torque: -0.0062
   Metrics/motion/error_anchor_pos: 0.7203
   Metrics/motion/error_anchor_rot: 0.3017
Metrics/motion/error_anchor_lin_vel: 2.1812
Metrics/motion/error_anchor_ang_vel: 1.4848
     Metrics/motion/error_body_pos: 0.4181
     Metrics/motion/error_body_rot: 0.7379
 Metrics/motion/error_body_lin_vel: 2.3836
 Metrics/motion/error_body_ang_vel: 3.3353
    Metrics/motion/error_joint_pos: 2.1655
    Metrics/motion/error_joint_vel: 11.7042
   Metrics/motion/sampling_entropy: 0.0000
 Metrics/motion/sampling_top1_prob: 0.0000
  Metrics/motion/sampling_top1_bin: 0.0000
Metrics/motion/motion_sampling_prob_mean: 0.1429
Metrics/motion/motion_sampling_prob_std: 0.0000
Metrics/motion/motion_sampling_prob_min: 0.1429
Metrics/motion/motion_sampling_prob_max: 0.1429
Metrics/motion/motion_sampling_prob_entropy: 1.0000
Metrics/motion/hitter_strike_racket_pos_error: 0.6062
Metrics/motion/hitter_strike_racket_vel_error: 3.3227
Metrics/motion/hitter_strike_racket_ori_error: 0.0508
      Episode_Termination/time_out: 21.2917
    Episode_Termination/anchor_pos: 247.4167
    Episode_Termination/anchor_ori: 0.0000
--------------------------------------------------------------------------------
                   Total timesteps: 381600000
                    Iteration time: 10.35s
                      Time elapsed: 00:29:07
                               ETA: 06:02:25

################################################################################
                     [1m Learning iteration 159/10000 [0m                     

                       Computation: 239095 steps/s (collection: 9.419s, learning 0.619s)
             Mean action noise std: 0.49
          Mean value_function loss: 0.7529
               Mean surrogate loss: 0.0003
                 Mean entropy loss: 18.7854
               Mean approx_kl loss: 0.0086
           Mean clip_fraction loss: 0.1171
              Mean ratio_mean loss: 0.9999
          Mean advantage_mean loss: -0.0000
           Mean advantage_std loss: 1.0000
      Mean explained_variance loss: 0.9479
                       Mean reward: 21.55
               Mean episode length: 184.53
Episode_Reward/motion_global_anchor_pos: 0.1436
Episode_Reward/motion_global_anchor_ori: 0.1533
    Episode_Reward/motion_body_pos: 0.2318
    Episode_Reward/motion_body_ori: 0.0180
Episode_Reward/motion_body_lin_vel: 0.3955
Episode_Reward/motion_body_ang_vel: 0.1961
Episode_Reward/motion_anchor_lin_vel: 0.3179
           Episode_Reward/base_pos: 0.5904
         Episode_Reward/racket_pos: 0.0010
         Episode_Reward/racket_vel: 0.0229
         Episode_Reward/racket_ori: 0.3641
Episode_Reward/torso_forward_lean_l2: -0.0271
 Episode_Reward/base_ang_vel_xy_l2: -0.1861
 Episode_Reward/undesired_contacts: -0.0361
Episode_Reward/hitter_foot_slip_l2: -0.1643
Episode_Reward/hitter_hit_unstable_support: -0.0154
Episode_Reward/hitter_foot_edge_drag: -0.0231
    Episode_Reward/hip_yaw_default: 0.7135
     Episode_Reward/action_rate_l2: -0.4760
        Episode_Reward/joint_limit: -0.0073
          Episode_Reward/joint_acc: -0.0162
       Episode_Reward/joint_torque: -0.0063
   Metrics/motion/error_anchor_pos: 0.7228
   Metrics/motion/error_anchor_rot: 0.3032
Metrics/motion/error_anchor_lin_vel: 2.1755
Metrics/motion/error_anchor_ang_vel: 1.4645
     Metrics/motion/error_body_pos: 0.4187
     Metrics/motion/error_body_rot: 0.7386
 Metrics/motion/error_body_lin_vel: 2.3835
 Metrics/motion/error_body_ang_vel: 3.3248
    Metrics/motion/error_joint_pos: 2.1643
    Metrics/motion/error_joint_vel: 11.6984
   Metrics/motion/sampling_entropy: 0.0000
 Metrics/motion/sampling_top1_prob: 0.0000
  Metrics/motion/sampling_top1_bin: 0.0000
Metrics/motion/motion_sampling_prob_mean: 0.1429
Metrics/motion/motion_sampling_prob_std: 0.0000
Metrics/motion/motion_sampling_prob_min: 0.1429
Metrics/motion/motion_sampling_prob_max: 0.1429
Metrics/motion/motion_sampling_prob_entropy: 1.0000
Metrics/motion/hitter_strike_racket_pos_error: 0.6039
Metrics/motion/hitter_strike_racket_vel_error: 3.3231
Metrics/motion/hitter_strike_racket_ori_error: 0.0493
      Episode_Termination/time_out: 20.7500
    Episode_Termination/anchor_pos: 241.9167
    Episode_Termination/anchor_ori: 0.0000
--------------------------------------------------------------------------------
                   Total timesteps: 384000000
                    Iteration time: 10.04s
                      Time elapsed: 00:29:17
                               ETA: 06:01:15

################################################################################
                     [1m Learning iteration 160/10000 [0m                     

                       Computation: 235370 steps/s (collection: 9.227s, learning 0.970s)
             Mean action noise std: 0.49
          Mean value_function loss: 0.8192
               Mean surrogate loss: 0.0035
                 Mean entropy loss: 18.8249
               Mean approx_kl loss: 0.0139
           Mean clip_fraction loss: 0.1897
              Mean ratio_mean loss: 0.9999
          Mean advantage_mean loss: 0.0000
           Mean advantage_std loss: 1.0000
      Mean explained_variance loss: 0.9439
                       Mean reward: 20.67
               Mean episode length: 173.99
Episode_Reward/motion_global_anchor_pos: 0.1414
Episode_Reward/motion_global_anchor_ori: 0.1516
    Episode_Reward/motion_body_pos: 0.2288
    Episode_Reward/motion_body_ori: 0.0179
Episode_Reward/motion_body_lin_vel: 0.3902
Episode_Reward/motion_body_ang_vel: 0.1935
Episode_Reward/motion_anchor_lin_vel: 0.3135
           Episode_Reward/base_pos: 0.5843
         Episode_Reward/racket_pos: 0.0012
         Episode_Reward/racket_vel: 0.0230
         Episode_Reward/racket_ori: 0.3589
Episode_Reward/torso_forward_lean_l2: -0.0268
 Episode_Reward/base_ang_vel_xy_l2: -0.1837
 Episode_Reward/undesired_contacts: -0.0356
Episode_Reward/hitter_foot_slip_l2: -0.1623
Episode_Reward/hitter_hit_unstable_support: -0.0150
Episode_Reward/hitter_foot_edge_drag: -0.0228
    Episode_Reward/hip_yaw_default: 0.7049
     Episode_Reward/action_rate_l2: -0.4711
        Episode_Reward/joint_limit: -0.0072
          Episode_Reward/joint_acc: -0.0161
       Episode_Reward/joint_torque: -0.0062
   Metrics/motion/error_anchor_pos: 0.7220
   Metrics/motion/error_anchor_rot: 0.2963
Metrics/motion/error_anchor_lin_vel: 2.1875
Metrics/motion/error_anchor_ang_vel: 1.4602
     Metrics/motion/error_body_pos: 0.4185
     Metrics/motion/error_body_rot: 0.7426
 Metrics/motion/error_body_lin_vel: 2.3885
 Metrics/motion/error_body_ang_vel: 3.3469
    Metrics/motion/error_joint_pos: 2.1721
    Metrics/motion/error_joint_vel: 11.8167
   Metrics/motion/sampling_entropy: 0.0000
 Metrics/motion/sampling_top1_prob: 0.0000
  Metrics/motion/sampling_top1_bin: 0.0000
Metrics/motion/motion_sampling_prob_mean: 0.1429
Metrics/motion/motion_sampling_prob_std: 0.0000
Metrics/motion/motion_sampling_prob_min: 0.1429
Metrics/motion/motion_sampling_prob_max: 0.1429
Metrics/motion/motion_sampling_prob_entropy: 1.0000
Metrics/motion/hitter_strike_racket_pos_error: 0.6008
Metrics/motion/hitter_strike_racket_vel_error: 3.2996
Metrics/motion/hitter_strike_racket_ori_error: 0.0501
      Episode_Termination/time_out: 20.7917
    Episode_Termination/anchor_pos: 249.8333
    Episode_Termination/anchor_ori: 0.0000
--------------------------------------------------------------------------------
                   Total timesteps: 386400000
                    Iteration time: 10.20s
                      Time elapsed: 00:29:27
                               ETA: 06:00:16

################################################################################
                     [1m Learning iteration 161/10000 [0m                     

                       Computation: 238580 steps/s (collection: 9.212s, learning 0.848s)
             Mean action noise std: 0.49
          Mean value_function loss: 0.8130
               Mean surrogate loss: 0.0040
                 Mean entropy loss: 18.8429
               Mean approx_kl loss: 0.0130
           Mean clip_fraction loss: 0.1749
              Mean ratio_mean loss: 1.0000
          Mean advantage_mean loss: 0.0000
           Mean advantage_std loss: 1.0000
      Mean explained_variance loss: 0.9437
                       Mean reward: 23.45
               Mean episode length: 197.83
Episode_Reward/motion_global_anchor_pos: 0.1422
Episode_Reward/motion_global_anchor_ori: 0.1521
    Episode_Reward/motion_body_pos: 0.2293
    Episode_Reward/motion_body_ori: 0.0178
Episode_Reward/motion_body_lin_vel: 0.3908
Episode_Reward/motion_body_ang_vel: 0.1936
Episode_Reward/motion_anchor_lin_vel: 0.3141
           Episode_Reward/base_pos: 0.5806
         Episode_Reward/racket_pos: 0.0012
         Episode_Reward/racket_vel: 0.0231
         Episode_Reward/racket_ori: 0.3594
Episode_Reward/torso_forward_lean_l2: -0.0269
 Episode_Reward/base_ang_vel_xy_l2: -0.1843
 Episode_Reward/undesired_contacts: -0.0356
Episode_Reward/hitter_foot_slip_l2: -0.1626
Episode_Reward/hitter_hit_unstable_support: -0.0153
Episode_Reward/hitter_foot_edge_drag: -0.0228
    Episode_Reward/hip_yaw_default: 0.7061
     Episode_Reward/action_rate_l2: -0.4727
        Episode_Reward/joint_limit: -0.0073
          Episode_Reward/joint_acc: -0.0160
       Episode_Reward/joint_torque: -0.0062
   Metrics/motion/error_anchor_pos: 0.7206
   Metrics/motion/error_anchor_rot: 0.2910
Metrics/motion/error_anchor_lin_vel: 2.1875
Metrics/motion/error_anchor_ang_vel: 1.4675
     Metrics/motion/error_body_pos: 0.4176
     Metrics/motion/error_body_rot: 0.7360
 Metrics/motion/error_body_lin_vel: 2.3919
 Metrics/motion/error_body_ang_vel: 3.3418
    Metrics/motion/error_joint_pos: 2.1688
    Metrics/motion/error_joint_vel: 11.8448
   Metrics/motion/sampling_entropy: 0.0000
 Metrics/motion/sampling_top1_prob: 0.0000
  Metrics/motion/sampling_top1_bin: 0.0000
Metrics/motion/motion_sampling_prob_mean: 0.1429
Metrics/motion/motion_sampling_prob_std: 0.0000
Metrics/motion/motion_sampling_prob_min: 0.1429
Metrics/motion/motion_sampling_prob_max: 0.1429
Metrics/motion/motion_sampling_prob_entropy: 1.0000
Metrics/motion/hitter_strike_racket_pos_error: 0.5968
Metrics/motion/hitter_strike_racket_vel_error: 3.2778
Metrics/motion/hitter_strike_racket_ori_error: 0.0496
      Episode_Termination/time_out: 20.0417
    Episode_Termination/anchor_pos: 241.5417
    Episode_Termination/anchor_ori: 0.0000
--------------------------------------------------------------------------------
                   Total timesteps: 388800000
                    Iteration time: 10.06s
                      Time elapsed: 00:29:37
                               ETA: 05:59:09

################################################################################
                     [1m Learning iteration 162/10000 [0m                     

                       Computation: 232237 steps/s (collection: 9.026s, learning 1.309s)
             Mean action noise std: 0.49
          Mean value_function loss: 0.7921
               Mean surrogate loss: -0.0001
                 Mean entropy loss: 18.8677
               Mean approx_kl loss: 0.0081
           Mean clip_fraction loss: 0.1058
              Mean ratio_mean loss: 1.0000
          Mean advantage_mean loss: -0.0000
           Mean advantage_std loss: 1.0000
      Mean explained_variance loss: 0.9457
                       Mean reward: 20.07
               Mean episode length: 171.02
Episode_Reward/motion_global_anchor_pos: 0.1436
Episode_Reward/motion_global_anchor_ori: 0.1541
    Episode_Reward/motion_body_pos: 0.2315
    Episode_Reward/motion_body_ori: 0.0179
Episode_Reward/motion_body_lin_vel: 0.3943
Episode_Reward/motion_body_ang_vel: 0.1953
Episode_Reward/motion_anchor_lin_vel: 0.3170
           Episode_Reward/base_pos: 0.5851
         Episode_Reward/racket_pos: 0.0010
         Episode_Reward/racket_vel: 0.0239
         Episode_Reward/racket_ori: 0.3629
Episode_Reward/torso_forward_lean_l2: -0.0272
 Episode_Reward/base_ang_vel_xy_l2: -0.1858
 Episode_Reward/undesired_contacts: -0.0358
Episode_Reward/hitter_foot_slip_l2: -0.1640
Episode_Reward/hitter_hit_unstable_support: -0.0150
Episode_Reward/hitter_foot_edge_drag: -0.0231
    Episode_Reward/hip_yaw_default: 0.7123
     Episode_Reward/action_rate_l2: -0.4774
        Episode_Reward/joint_limit: -0.0073
          Episode_Reward/joint_acc: -0.0162
       Episode_Reward/joint_torque: -0.0063
   Metrics/motion/error_anchor_pos: 0.7220
   Metrics/motion/error_anchor_rot: 0.2889
Metrics/motion/error_anchor_lin_vel: 2.1924
Metrics/motion/error_anchor_ang_vel: 1.4545
     Metrics/motion/error_body_pos: 0.4181
     Metrics/motion/error_body_rot: 0.7321
 Metrics/motion/error_body_lin_vel: 2.3990
 Metrics/motion/error_body_ang_vel: 3.3630
    Metrics/motion/error_joint_pos: 2.1728
    Metrics/motion/error_joint_vel: 11.9298
   Metrics/motion/sampling_entropy: 0.0000
 Metrics/motion/sampling_top1_prob: 0.0000
  Metrics/motion/sampling_top1_bin: 0.0000
Metrics/motion/motion_sampling_prob_mean: 0.1429
Metrics/motion/motion_sampling_prob_std: 0.0000
Metrics/motion/motion_sampling_prob_min: 0.1429
Metrics/motion/motion_sampling_prob_max: 0.1429
Metrics/motion/motion_sampling_prob_entropy: 1.0000
Metrics/motion/hitter_strike_racket_pos_error: 0.6039
Metrics/motion/hitter_strike_racket_vel_error: 3.2818
Metrics/motion/hitter_strike_racket_ori_error: 0.0504
      Episode_Termination/time_out: 19.9583
    Episode_Termination/anchor_pos: 244.5417
    Episode_Termination/anchor_ori: 0.0000
--------------------------------------------------------------------------------
                   Total timesteps: 391200000
                    Iteration time: 10.33s
                      Time elapsed: 00:29:47
                               ETA: 05:58:20

################################################################################
                     [1m Learning iteration 163/10000 [0m                     

                       Computation: 232738 steps/s (collection: 8.713s, learning 1.599s)
             Mean action noise std: 0.50
          Mean value_function loss: 0.8019
               Mean surrogate loss: -0.0006
                 Mean entropy loss: 18.8895
               Mean approx_kl loss: 0.0079
           Mean clip_fraction loss: 0.1048
              Mean ratio_mean loss: 0.9998
          Mean advantage_mean loss: 0.0000
           Mean advantage_std loss: 1.0000
      Mean explained_variance loss: 0.9454
                       Mean reward: 25.07
               Mean episode length: 215.78
Episode_Reward/motion_global_anchor_pos: 0.1446
Episode_Reward/motion_global_anchor_ori: 0.1552
    Episode_Reward/motion_body_pos: 0.2337
    Episode_Reward/motion_body_ori: 0.0181
Episode_Reward/motion_body_lin_vel: 0.3987
Episode_Reward/motion_body_ang_vel: 0.1971
Episode_Reward/motion_anchor_lin_vel: 0.3204
           Episode_Reward/base_pos: 0.5943
         Episode_Reward/racket_pos: 0.0011
         Episode_Reward/racket_vel: 0.0235
         Episode_Reward/racket_ori: 0.3664
Episode_Reward/torso_forward_lean_l2: -0.0270
 Episode_Reward/base_ang_vel_xy_l2: -0.1877
 Episode_Reward/undesired_contacts: -0.0363
Episode_Reward/hitter_foot_slip_l2: -0.1654
Episode_Reward/hitter_hit_unstable_support: -0.0157
Episode_Reward/hitter_foot_edge_drag: -0.0234
    Episode_Reward/hip_yaw_default: 0.7189
     Episode_Reward/action_rate_l2: -0.4828
        Episode_Reward/joint_limit: -0.0073
          Episode_Reward/joint_acc: -0.0164
       Episode_Reward/joint_torque: -0.0063
   Metrics/motion/error_anchor_pos: 0.7195
   Metrics/motion/error_anchor_rot: 0.2903
Metrics/motion/error_anchor_lin_vel: 2.1759
Metrics/motion/error_anchor_ang_vel: 1.4689
     Metrics/motion/error_body_pos: 0.4162
     Metrics/motion/error_body_rot: 0.7291
 Metrics/motion/error_body_lin_vel: 2.3812
 Metrics/motion/error_body_ang_vel: 3.3310
    Metrics/motion/error_joint_pos: 2.1671
    Metrics/motion/error_joint_vel: 11.8241
   Metrics/motion/sampling_entropy: 0.0000
 Metrics/motion/sampling_top1_prob: 0.0000
  Metrics/motion/sampling_top1_bin: 0.0000
Metrics/motion/motion_sampling_prob_mean: 0.1429
Metrics/motion/motion_sampling_prob_std: 0.0000
Metrics/motion/motion_sampling_prob_min: 0.1429
Metrics/motion/motion_sampling_prob_max: 0.1429
Metrics/motion/motion_sampling_prob_entropy: 1.0000
Metrics/motion/hitter_strike_racket_pos_error: 0.6046
Metrics/motion/hitter_strike_racket_vel_error: 3.3118
Metrics/motion/hitter_strike_racket_ori_error: 0.0504
      Episode_Termination/time_out: 21.9583
    Episode_Termination/anchor_pos: 246.6667
    Episode_Termination/anchor_ori: 0.0000
--------------------------------------------------------------------------------
                   Total timesteps: 393600000
                    Iteration time: 10.31s
                      Time elapsed: 00:29:58
                               ETA: 05:57:30

################################################################################
                     [1m Learning iteration 164/10000 [0m                     

                       Computation: 228079 steps/s (collection: 8.628s, learning 1.895s)
             Mean action noise std: 0.50
          Mean value_function loss: 0.8236
               Mean surrogate loss: 0.0015
                 Mean entropy loss: 18.9122
               Mean approx_kl loss: 0.0115
           Mean clip_fraction loss: 0.1648
              Mean ratio_mean loss: 0.9999
          Mean advantage_mean loss: -0.0000
           Mean advantage_std loss: 1.0000
      Mean explained_variance loss: 0.9431
                       Mean reward: 23.65
               Mean episode length: 196.59
Episode_Reward/motion_global_anchor_pos: 0.1460
Episode_Reward/motion_global_anchor_ori: 0.1562
    Episode_Reward/motion_body_pos: 0.2355
    Episode_Reward/motion_body_ori: 0.0182
Episode_Reward/motion_body_lin_vel: 0.4016
Episode_Reward/motion_body_ang_vel: 0.1983
Episode_Reward/motion_anchor_lin_vel: 0.3226
           Episode_Reward/base_pos: 0.5972
         Episode_Reward/racket_pos: 0.0012
         Episode_Reward/racket_vel: 0.0238
         Episode_Reward/racket_ori: 0.3684
Episode_Reward/torso_forward_lean_l2: -0.0273
 Episode_Reward/base_ang_vel_xy_l2: -0.1888
 Episode_Reward/undesired_contacts: -0.0365
Episode_Reward/hitter_foot_slip_l2: -0.1666
Episode_Reward/hitter_hit_unstable_support: -0.0156
Episode_Reward/hitter_foot_edge_drag: -0.0235
    Episode_Reward/hip_yaw_default: 0.7239
     Episode_Reward/action_rate_l2: -0.4870
        Episode_Reward/joint_limit: -0.0074
          Episode_Reward/joint_acc: -0.0164
       Episode_Reward/joint_torque: -0.0064
   Metrics/motion/error_anchor_pos: 0.7228
   Metrics/motion/error_anchor_rot: 0.2926
Metrics/motion/error_anchor_lin_vel: 2.1864
Metrics/motion/error_anchor_ang_vel: 1.4723
     Metrics/motion/error_body_pos: 0.4180
     Metrics/motion/error_body_rot: 0.7310
 Metrics/motion/error_body_lin_vel: 2.3955
 Metrics/motion/error_body_ang_vel: 3.3421
    Metrics/motion/error_joint_pos: 2.1714
    Metrics/motion/error_joint_vel: 11.8318
   Metrics/motion/sampling_entropy: 0.0000
 Metrics/motion/sampling_top1_prob: 0.0000
  Metrics/motion/sampling_top1_bin: 0.0000
Metrics/motion/motion_sampling_prob_mean: 0.1429
Metrics/motion/motion_sampling_prob_std: 0.0000
Metrics/motion/motion_sampling_prob_min: 0.1429
Metrics/motion/motion_sampling_prob_max: 0.1429
Metrics/motion/motion_sampling_prob_entropy: 1.0000
Metrics/motion/hitter_strike_racket_pos_error: 0.6055
Metrics/motion/hitter_strike_racket_vel_error: 3.3184
Metrics/motion/hitter_strike_racket_ori_error: 0.0505
      Episode_Termination/time_out: 18.9583
    Episode_Termination/anchor_pos: 238.3750
    Episode_Termination/anchor_ori: 0.0000
--------------------------------------------------------------------------------
                   Total timesteps: 396000000
                    Iteration time: 10.52s
                      Time elapsed: 00:30:08
                               ETA: 05:56:52

################################################################################
                     [1m Learning iteration 165/10000 [0m                     

                       Computation: 230608 steps/s (collection: 8.646s, learning 1.761s)
             Mean action noise std: 0.50
          Mean value_function loss: 0.7877
               Mean surrogate loss: 0.0015
                 Mean entropy loss: 18.9358
               Mean approx_kl loss: 0.0110
           Mean clip_fraction loss: 0.1527
              Mean ratio_mean loss: 1.0000
          Mean advantage_mean loss: -0.0000
           Mean advantage_std loss: 1.0000
      Mean explained_variance loss: 0.9454
                       Mean reward: 20.33
               Mean episode length: 174.67
Episode_Reward/motion_global_anchor_pos: 0.1449
Episode_Reward/motion_global_anchor_ori: 0.1553
    Episode_Reward/motion_body_pos: 0.2337
    Episode_Reward/motion_body_ori: 0.0180
Episode_Reward/motion_body_lin_vel: 0.3988
Episode_Reward/motion_body_ang_vel: 0.1970
Episode_Reward/motion_anchor_lin_vel: 0.3204
           Episode_Reward/base_pos: 0.5880
         Episode_Reward/racket_pos: 0.0012
         Episode_Reward/racket_vel: 0.0241
         Episode_Reward/racket_ori: 0.3673
Episode_Reward/torso_forward_lean_l2: -0.0276
 Episode_Reward/base_ang_vel_xy_l2: -0.1880
 Episode_Reward/undesired_contacts: -0.0364
Episode_Reward/hitter_foot_slip_l2: -0.1654
Episode_Reward/hitter_hit_unstable_support: -0.0163
Episode_Reward/hitter_foot_edge_drag: -0.0235
    Episode_Reward/hip_yaw_default: 0.7195
     Episode_Reward/action_rate_l2: -0.4852
        Episode_Reward/joint_limit: -0.0074
          Episode_Reward/joint_acc: -0.0165
       Episode_Reward/joint_torque: -0.0064
   Metrics/motion/error_anchor_pos: 0.7238
   Metrics/motion/error_anchor_rot: 0.2934
Metrics/motion/error_anchor_lin_vel: 2.1828
Metrics/motion/error_anchor_ang_vel: 1.4619
     Metrics/motion/error_body_pos: 0.4182
     Metrics/motion/error_body_rot: 0.7335
 Metrics/motion/error_body_lin_vel: 2.3970
 Metrics/motion/error_body_ang_vel: 3.3221
    Metrics/motion/error_joint_pos: 2.1727
    Metrics/motion/error_joint_vel: 11.8249
   Metrics/motion/sampling_entropy: 0.0000
 Metrics/motion/sampling_top1_prob: 0.0000
  Metrics/motion/sampling_top1_bin: 0.0000
Metrics/motion/motion_sampling_prob_mean: 0.1429
Metrics/motion/motion_sampling_prob_std: 0.0000
Metrics/motion/motion_sampling_prob_min: 0.1429
Metrics/motion/motion_sampling_prob_max: 0.1429
Metrics/motion/motion_sampling_prob_entropy: 1.0000
Metrics/motion/hitter_strike_racket_pos_error: 0.6092
Metrics/motion/hitter_strike_racket_vel_error: 3.3137
Metrics/motion/hitter_strike_racket_ori_error: 0.0520
      Episode_Termination/time_out: 20.2083
    Episode_Termination/anchor_pos: 237.2500
    Episode_Termination/anchor_ori: 0.0000
--------------------------------------------------------------------------------
                   Total timesteps: 398400000
                    Iteration time: 10.41s
                      Time elapsed: 00:30:18
                               ETA: 05:56:09

################################################################################
                     [1m Learning iteration 166/10000 [0m                     

                       Computation: 230765 steps/s (collection: 8.628s, learning 1.772s)
             Mean action noise std: 0.50
          Mean value_function loss: 0.7741
               Mean surrogate loss: 0.0043
                 Mean entropy loss: 18.9553
               Mean approx_kl loss: 0.0145
           Mean clip_fraction loss: 0.1907
              Mean ratio_mean loss: 0.9998
          Mean advantage_mean loss: -0.0000
           Mean advantage_std loss: 1.0000
      Mean explained_variance loss: 0.9452
                       Mean reward: 22.25
               Mean episode length: 187.44
Episode_Reward/motion_global_anchor_pos: 0.1471
Episode_Reward/motion_global_anchor_ori: 0.1576
    Episode_Reward/motion_body_pos: 0.2367
    Episode_Reward/motion_body_ori: 0.0181
Episode_Reward/motion_body_lin_vel: 0.4053
Episode_Reward/motion_body_ang_vel: 0.1998
Episode_Reward/motion_anchor_lin_vel: 0.3255
           Episode_Reward/base_pos: 0.6041
         Episode_Reward/racket_pos: 0.0011
         Episode_Reward/racket_vel: 0.0238
         Episode_Reward/racket_ori: 0.3696
Episode_Reward/torso_forward_lean_l2: -0.0278
 Episode_Reward/base_ang_vel_xy_l2: -0.1896
 Episode_Reward/undesired_contacts: -0.0370
Episode_Reward/hitter_foot_slip_l2: -0.1668
Episode_Reward/hitter_hit_unstable_support: -0.0159
Episode_Reward/hitter_foot_edge_drag: -0.0238
    Episode_Reward/hip_yaw_default: 0.7290
     Episode_Reward/action_rate_l2: -0.4924
        Episode_Reward/joint_limit: -0.0075
          Episode_Reward/joint_acc: -0.0166
       Episode_Reward/joint_torque: -0.0065
   Metrics/motion/error_anchor_pos: 0.7153
   Metrics/motion/error_anchor_rot: 0.2829
Metrics/motion/error_anchor_lin_vel: 2.1653
Metrics/motion/error_anchor_ang_vel: 1.4547
     Metrics/motion/error_body_pos: 0.4144
     Metrics/motion/error_body_rot: 0.7270
 Metrics/motion/error_body_lin_vel: 2.3762
 Metrics/motion/error_body_ang_vel: 3.3315
    Metrics/motion/error_joint_pos: 2.1633
    Metrics/motion/error_joint_vel: 11.8436
   Metrics/motion/sampling_entropy: 0.0000
 Metrics/motion/sampling_top1_prob: 0.0000
  Metrics/motion/sampling_top1_bin: 0.0000
Metrics/motion/motion_sampling_prob_mean: 0.1429
Metrics/motion/motion_sampling_prob_std: 0.0000
Metrics/motion/motion_sampling_prob_min: 0.1429
Metrics/motion/motion_sampling_prob_max: 0.1429
Metrics/motion/motion_sampling_prob_entropy: 1.0000
Metrics/motion/hitter_strike_racket_pos_error: 0.6004
Metrics/motion/hitter_strike_racket_vel_error: 3.3130
Metrics/motion/hitter_strike_racket_ori_error: 0.0507
      Episode_Termination/time_out: 23.0000
    Episode_Termination/anchor_pos: 231.7083
    Episode_Termination/anchor_ori: 0.0000
--------------------------------------------------------------------------------
                   Total timesteps: 400800000
                    Iteration time: 10.40s
                      Time elapsed: 00:30:29
                               ETA: 05:55:25

################################################################################
                     [1m Learning iteration 167/10000 [0m                     

                       Computation: 232504 steps/s (collection: 8.843s, learning 1.479s)
             Mean action noise std: 0.50
          Mean value_function loss: 0.7801
               Mean surrogate loss: 0.0060
                 Mean entropy loss: 18.9704
               Mean approx_kl loss: 0.0154
           Mean clip_fraction loss: 0.1895
              Mean ratio_mean loss: 1.0000
          Mean advantage_mean loss: -0.0000
           Mean advantage_std loss: 1.0000
      Mean explained_variance loss: 0.9449
                       Mean reward: 21.65
               Mean episode length: 184.14
Episode_Reward/motion_global_anchor_pos: 0.1482
Episode_Reward/motion_global_anchor_ori: 0.1588
    Episode_Reward/motion_body_pos: 0.2389
    Episode_Reward/motion_body_ori: 0.0182
Episode_Reward/motion_body_lin_vel: 0.4083
Episode_Reward/motion_body_ang_vel: 0.2009
Episode_Reward/motion_anchor_lin_vel: 0.3278
           Episode_Reward/base_pos: 0.6060
         Episode_Reward/racket_pos: 0.0011
         Episode_Reward/racket_vel: 0.0241
         Episode_Reward/racket_ori: 0.3727
Episode_Reward/torso_forward_lean_l2: -0.0280
 Episode_Reward/base_ang_vel_xy_l2: -0.1910
 Episode_Reward/undesired_contacts: -0.0373
Episode_Reward/hitter_foot_slip_l2: -0.1681
Episode_Reward/hitter_hit_unstable_support: -0.0165
Episode_Reward/hitter_foot_edge_drag: -0.0240
    Episode_Reward/hip_yaw_default: 0.7342
     Episode_Reward/action_rate_l2: -0.4968
        Episode_Reward/joint_limit: -0.0077
          Episode_Reward/joint_acc: -0.0169
       Episode_Reward/joint_torque: -0.0065
   Metrics/motion/error_anchor_pos: 0.7206
   Metrics/motion/error_anchor_rot: 0.2858
Metrics/motion/error_anchor_lin_vel: 2.1849
Metrics/motion/error_anchor_ang_vel: 1.4602
     Metrics/motion/error_body_pos: 0.4154
     Metrics/motion/error_body_rot: 0.7264
 Metrics/motion/error_body_lin_vel: 2.3883
 Metrics/motion/error_body_ang_vel: 3.3468
    Metrics/motion/error_joint_pos: 2.1678
    Metrics/motion/error_joint_vel: 11.8950
   Metrics/motion/sampling_entropy: 0.0000
 Metrics/motion/sampling_top1_prob: 0.0000
  Metrics/motion/sampling_top1_bin: 0.0000
Metrics/motion/motion_sampling_prob_mean: 0.1429
Metrics/motion/motion_sampling_prob_std: 0.0000
Metrics/motion/motion_sampling_prob_min: 0.1429
Metrics/motion/motion_sampling_prob_max: 0.1429
Metrics/motion/motion_sampling_prob_entropy: 1.0000
Metrics/motion/hitter_strike_racket_pos_error: 0.6039
Metrics/motion/hitter_strike_racket_vel_error: 3.3031
Metrics/motion/hitter_strike_racket_ori_error: 0.0485
      Episode_Termination/time_out: 20.8750
    Episode_Termination/anchor_pos: 232.7917
    Episode_Termination/anchor_ori: 0.0000
--------------------------------------------------------------------------------
                   Total timesteps: 403200000
                    Iteration time: 10.32s
                      Time elapsed: 00:30:39
                               ETA: 05:54:37

################################################################################
                     [1m Learning iteration 168/10000 [0m                     

                       Computation: 228366 steps/s (collection: 8.515s, learning 1.994s)
             Mean action noise std: 0.50
          Mean value_function loss: 0.7460
               Mean surrogate loss: 0.0038
                 Mean entropy loss: 18.9810
               Mean approx_kl loss: 0.0120
           Mean clip_fraction loss: 0.1519
              Mean ratio_mean loss: 1.0000
          Mean advantage_mean loss: -0.0000
           Mean advantage_std loss: 1.0000
      Mean explained_variance loss: 0.9472
                       Mean reward: 25.83
               Mean episode length: 215.45
Episode_Reward/motion_global_anchor_pos: 0.1492
Episode_Reward/motion_global_anchor_ori: 0.1597
    Episode_Reward/motion_body_pos: 0.2402
    Episode_Reward/motion_body_ori: 0.0184
Episode_Reward/motion_body_lin_vel: 0.4109
Episode_Reward/motion_body_ang_vel: 0.2020
Episode_Reward/motion_anchor_lin_vel: 0.3300
           Episode_Reward/base_pos: 0.6113
         Episode_Reward/racket_pos: 0.0012
         Episode_Reward/racket_vel: 0.0247
         Episode_Reward/racket_ori: 0.3763
Episode_Reward/torso_forward_lean_l2: -0.0281
 Episode_Reward/base_ang_vel_xy_l2: -0.1927
 Episode_Reward/undesired_contacts: -0.0375
Episode_Reward/hitter_foot_slip_l2: -0.1691
Episode_Reward/hitter_hit_unstable_support: -0.0166
Episode_Reward/hitter_foot_edge_drag: -0.0242
    Episode_Reward/hip_yaw_default: 0.7385
     Episode_Reward/action_rate_l2: -0.5005
        Episode_Reward/joint_limit: -0.0077
          Episode_Reward/joint_acc: -0.0170
       Episode_Reward/joint_torque: -0.0066
   Metrics/motion/error_anchor_pos: 0.7194
   Metrics/motion/error_anchor_rot: 0.2885
Metrics/motion/error_anchor_lin_vel: 2.1638
Metrics/motion/error_anchor_ang_vel: 1.4534
     Metrics/motion/error_body_pos: 0.4146
     Metrics/motion/error_body_rot: 0.7276
 Metrics/motion/error_body_lin_vel: 2.3773
 Metrics/motion/error_body_ang_vel: 3.3473
    Metrics/motion/error_joint_pos: 2.1658
    Metrics/motion/error_joint_vel: 11.8510
   Metrics/motion/sampling_entropy: 0.0000
 Metrics/motion/sampling_top1_prob: 0.0000
  Metrics/motion/sampling_top1_bin: 0.0000
Metrics/motion/motion_sampling_prob_mean: 0.1429
Metrics/motion/motion_sampling_prob_std: 0.0000
Metrics/motion/motion_sampling_prob_min: 0.1429
Metrics/motion/motion_sampling_prob_max: 0.1429
Metrics/motion/motion_sampling_prob_entropy: 1.0000
Metrics/motion/hitter_strike_racket_pos_error: 0.6078
Metrics/motion/hitter_strike_racket_vel_error: 3.3276
Metrics/motion/hitter_strike_racket_ori_error: 0.0495
      Episode_Termination/time_out: 22.1250
    Episode_Termination/anchor_pos: 227.6667
    Episode_Termination/anchor_ori: 0.0000
--------------------------------------------------------------------------------
                   Total timesteps: 405600000
                    Iteration time: 10.51s
                      Time elapsed: 00:30:50
                               ETA: 05:54:00

################################################################################
                     [1m Learning iteration 169/10000 [0m                     

                       Computation: 228968 steps/s (collection: 8.788s, learning 1.694s)
             Mean action noise std: 0.50
          Mean value_function loss: 0.7673
               Mean surrogate loss: 0.0010
                 Mean entropy loss: 19.0060
               Mean approx_kl loss: 0.0095
           Mean clip_fraction loss: 0.1260
              Mean ratio_mean loss: 1.0000
          Mean advantage_mean loss: 0.0000
           Mean advantage_std loss: 1.0000
      Mean explained_variance loss: 0.9458
                       Mean reward: 24.73
               Mean episode length: 211.79
Episode_Reward/motion_global_anchor_pos: 0.1525
Episode_Reward/motion_global_anchor_ori: 0.1634
    Episode_Reward/motion_body_pos: 0.2451
    Episode_Reward/motion_body_ori: 0.0184
Episode_Reward/motion_body_lin_vel: 0.4206
Episode_Reward/motion_body_ang_vel: 0.2064
Episode_Reward/motion_anchor_lin_vel: 0.3375
           Episode_Reward/base_pos: 0.6241
         Episode_Reward/racket_pos: 0.0011
         Episode_Reward/racket_vel: 0.0251
         Episode_Reward/racket_ori: 0.3834
Episode_Reward/torso_forward_lean_l2: -0.0284
 Episode_Reward/base_ang_vel_xy_l2: -0.1961
 Episode_Reward/undesired_contacts: -0.0385
Episode_Reward/hitter_foot_slip_l2: -0.1716
Episode_Reward/hitter_hit_unstable_support: -0.0169
Episode_Reward/hitter_foot_edge_drag: -0.0248
    Episode_Reward/hip_yaw_default: 0.7534
     Episode_Reward/action_rate_l2: -0.5116
        Episode_Reward/joint_limit: -0.0078
          Episode_Reward/joint_acc: -0.0173
       Episode_Reward/joint_torque: -0.0067
   Metrics/motion/error_anchor_pos: 0.7181
   Metrics/motion/error_anchor_rot: 0.2875
Metrics/motion/error_anchor_lin_vel: 2.1655
Metrics/motion/error_anchor_ang_vel: 1.4578
     Metrics/motion/error_body_pos: 0.4136
     Metrics/motion/error_body_rot: 0.7208
 Metrics/motion/error_body_lin_vel: 2.3743
 Metrics/motion/error_body_ang_vel: 3.3275
    Metrics/motion/error_joint_pos: 2.1563
    Metrics/motion/error_joint_vel: 11.8153
   Metrics/motion/sampling_entropy: 0.0000
 Metrics/motion/sampling_top1_prob: 0.0000
  Metrics/motion/sampling_top1_bin: 0.0000
Metrics/motion/motion_sampling_prob_mean: 0.1429
Metrics/motion/motion_sampling_prob_std: 0.0000
Metrics/motion/motion_sampling_prob_min: 0.1429
Metrics/motion/motion_sampling_prob_max: 0.1429
Metrics/motion/motion_sampling_prob_entropy: 1.0000
Metrics/motion/hitter_strike_racket_pos_error: 0.6103
Metrics/motion/hitter_strike_racket_vel_error: 3.3366
Metrics/motion/hitter_strike_racket_ori_error: 0.0504
      Episode_Termination/time_out: 23.6667
    Episode_Termination/anchor_pos: 236.2083
    Episode_Termination/anchor_ori: 0.0000
--------------------------------------------------------------------------------
                   Total timesteps: 408000000
                    Iteration time: 10.48s
                      Time elapsed: 00:31:00
                               ETA: 05:53:22

################################################################################
                     [1m Learning iteration 170/10000 [0m                     

                       Computation: 231154 steps/s (collection: 8.845s, learning 1.538s)
             Mean action noise std: 0.50
          Mean value_function loss: 0.7505
               Mean surrogate loss: 0.0033
                 Mean entropy loss: 19.0281
               Mean approx_kl loss: 0.0128
           Mean clip_fraction loss: 0.1655
              Mean ratio_mean loss: 0.9999
          Mean advantage_mean loss: -0.0000
           Mean advantage_std loss: 1.0000
      Mean explained_variance loss: 0.9466
                       Mean reward: 22.89
               Mean episode length: 197.69
Episode_Reward/motion_global_anchor_pos: 0.1538
Episode_Reward/motion_global_anchor_ori: 0.1650
    Episode_Reward/motion_body_pos: 0.2485
    Episode_Reward/motion_body_ori: 0.0187
Episode_Reward/motion_body_lin_vel: 0.4255
Episode_Reward/motion_body_ang_vel: 0.2087
Episode_Reward/motion_anchor_lin_vel: 0.3414
           Episode_Reward/base_pos: 0.6266
         Episode_Reward/racket_pos: 0.0012
         Episode_Reward/racket_vel: 0.0251
         Episode_Reward/racket_ori: 0.3861
Episode_Reward/torso_forward_lean_l2: -0.0292
 Episode_Reward/base_ang_vel_xy_l2: -0.1989
 Episode_Reward/undesired_contacts: -0.0388
Episode_Reward/hitter_foot_slip_l2: -0.1733
Episode_Reward/hitter_hit_unstable_support: -0.0170
Episode_Reward/hitter_foot_edge_drag: -0.0252
    Episode_Reward/hip_yaw_default: 0.7613
     Episode_Reward/action_rate_l2: -0.5178
        Episode_Reward/joint_limit: -0.0080
          Episode_Reward/joint_acc: -0.0176
       Episode_Reward/joint_torque: -0.0068
   Metrics/motion/error_anchor_pos: 0.7193
   Metrics/motion/error_anchor_rot: 0.2883
Metrics/motion/error_anchor_lin_vel: 2.1590
Metrics/motion/error_anchor_ang_vel: 1.4727
     Metrics/motion/error_body_pos: 0.4118
     Metrics/motion/error_body_rot: 0.7197
 Metrics/motion/error_body_lin_vel: 2.3681
 Metrics/motion/error_body_ang_vel: 3.3344
    Metrics/motion/error_joint_pos: 2.1560
    Metrics/motion/error_joint_vel: 11.7832
   Metrics/motion/sampling_entropy: 0.0000
 Metrics/motion/sampling_top1_prob: 0.0000
  Metrics/motion/sampling_top1_bin: 0.0000
Metrics/motion/motion_sampling_prob_mean: 0.1429
Metrics/motion/motion_sampling_prob_std: 0.0000
Metrics/motion/motion_sampling_prob_min: 0.1429
Metrics/motion/motion_sampling_prob_max: 0.1429
Metrics/motion/motion_sampling_prob_entropy: 1.0000
Metrics/motion/hitter_strike_racket_pos_error: 0.5989
Metrics/motion/hitter_strike_racket_vel_error: 3.3084
Metrics/motion/hitter_strike_racket_ori_error: 0.0482
      Episode_Termination/time_out: 24.0833
    Episode_Termination/anchor_pos: 227.4583
    Episode_Termination/anchor_ori: 0.0000
--------------------------------------------------------------------------------
                   Total timesteps: 410400000
                    Iteration time: 10.38s
                      Time elapsed: 00:31:11
                               ETA: 05:52:39

################################################################################
                     [1m Learning iteration 171/10000 [0m                     

                       Computation: 233812 steps/s (collection: 9.067s, learning 1.197s)
             Mean action noise std: 0.50
          Mean value_function loss: 0.7636
               Mean surrogate loss: -0.0003
                 Mean entropy loss: 19.0719
               Mean approx_kl loss: 0.0076
           Mean clip_fraction loss: 0.0967
              Mean ratio_mean loss: 1.0000
          Mean advantage_mean loss: -0.0000
           Mean advantage_std loss: 1.0000
      Mean explained_variance loss: 0.9452
                       Mean reward: 25.31
               Mean episode length: 211.62
Episode_Reward/motion_global_anchor_pos: 0.1498
Episode_Reward/motion_global_anchor_ori: 0.1606
    Episode_Reward/motion_body_pos: 0.2420
    Episode_Reward/motion_body_ori: 0.0186
Episode_Reward/motion_body_lin_vel: 0.4133
Episode_Reward/motion_body_ang_vel: 0.2030
Episode_Reward/motion_anchor_lin_vel: 0.3318
           Episode_Reward/base_pos: 0.6114
         Episode_Reward/racket_pos: 0.0012
         Episode_Reward/racket_vel: 0.0251
         Episode_Reward/racket_ori: 0.3776
Episode_Reward/torso_forward_lean_l2: -0.0288
 Episode_Reward/base_ang_vel_xy_l2: -0.1938
 Episode_Reward/undesired_contacts: -0.0379
Episode_Reward/hitter_foot_slip_l2: -0.1701
Episode_Reward/hitter_hit_unstable_support: -0.0167
Episode_Reward/hitter_foot_edge_drag: -0.0244
    Episode_Reward/hip_yaw_default: 0.7422
     Episode_Reward/action_rate_l2: -0.5061
        Episode_Reward/joint_limit: -0.0079
          Episode_Reward/joint_acc: -0.0172
       Episode_Reward/joint_torque: -0.0066
   Metrics/motion/error_anchor_pos: 0.7206
   Metrics/motion/error_anchor_rot: 0.2858
Metrics/motion/error_anchor_lin_vel: 2.1626
Metrics/motion/error_anchor_ang_vel: 1.4595
     Metrics/motion/error_body_pos: 0.4134
     Metrics/motion/error_body_rot: 0.7179
 Metrics/motion/error_body_lin_vel: 2.3770
 Metrics/motion/error_body_ang_vel: 3.3303
    Metrics/motion/error_joint_pos: 2.1597
    Metrics/motion/error_joint_vel: 11.8263
   Metrics/motion/sampling_entropy: 0.0000
 Metrics/motion/sampling_top1_prob: 0.0000
  Metrics/motion/sampling_top1_bin: 0.0000
Metrics/motion/motion_sampling_prob_mean: 0.1429
Metrics/motion/motion_sampling_prob_std: 0.0000
Metrics/motion/motion_sampling_prob_min: 0.1429
Metrics/motion/motion_sampling_prob_max: 0.1429
Metrics/motion/motion_sampling_prob_entropy: 1.0000
Metrics/motion/hitter_strike_racket_pos_error: 0.5999
Metrics/motion/hitter_strike_racket_vel_error: 3.3078
Metrics/motion/hitter_strike_racket_ori_error: 0.0487
      Episode_Termination/time_out: 22.7083
    Episode_Termination/anchor_pos: 227.2500
    Episode_Termination/anchor_ori: 0.0000
--------------------------------------------------------------------------------
                   Total timesteps: 412800000
                    Iteration time: 10.26s
                      Time elapsed: 00:31:21
                               ETA: 05:51:50

################################################################################
                     [1m Learning iteration 172/10000 [0m                     

                       Computation: 234766 steps/s (collection: 8.879s, learning 1.344s)
             Mean action noise std: 0.50
          Mean value_function loss: 0.7620
               Mean surrogate loss: 0.0016
                 Mean entropy loss: 19.1075
               Mean approx_kl loss: 0.0118
           Mean clip_fraction loss: 0.1599
              Mean ratio_mean loss: 1.0001
          Mean advantage_mean loss: -0.0000
           Mean advantage_std loss: 1.0000
      Mean explained_variance loss: 0.9449
                       Mean reward: 26.74
               Mean episode length: 223.12
Episode_Reward/motion_global_anchor_pos: 0.1532
Episode_Reward/motion_global_anchor_ori: 0.1645
    Episode_Reward/motion_body_pos: 0.2472
    Episode_Reward/motion_body_ori: 0.0188
Episode_Reward/motion_body_lin_vel: 0.4227
Episode_Reward/motion_body_ang_vel: 0.2068
Episode_Reward/motion_anchor_lin_vel: 0.3394
           Episode_Reward/base_pos: 0.6219
         Episode_Reward/racket_pos: 0.0013
         Episode_Reward/racket_vel: 0.0259
         Episode_Reward/racket_ori: 0.3860
Episode_Reward/torso_forward_lean_l2: -0.0291
 Episode_Reward/base_ang_vel_xy_l2: -0.1977
 Episode_Reward/undesired_contacts: -0.0387
Episode_Reward/hitter_foot_slip_l2: -0.1730
Episode_Reward/hitter_hit_unstable_support: -0.0172
Episode_Reward/hitter_foot_edge_drag: -0.0250
    Episode_Reward/hip_yaw_default: 0.7571
     Episode_Reward/action_rate_l2: -0.5174
        Episode_Reward/joint_limit: -0.0080
          Episode_Reward/joint_acc: -0.0175
       Episode_Reward/joint_torque: -0.0068
   Metrics/motion/error_anchor_pos: 0.7148
   Metrics/motion/error_anchor_rot: 0.2836
Metrics/motion/error_anchor_lin_vel: 2.1403
Metrics/motion/error_anchor_ang_vel: 1.4615
     Metrics/motion/error_body_pos: 0.4106
     Metrics/motion/error_body_rot: 0.7172
 Metrics/motion/error_body_lin_vel: 2.3601
 Metrics/motion/error_body_ang_vel: 3.3373
    Metrics/motion/error_joint_pos: 2.1577
    Metrics/motion/error_joint_vel: 11.8546
   Metrics/motion/sampling_entropy: 0.0000
 Metrics/motion/sampling_top1_prob: 0.0000
  Metrics/motion/sampling_top1_bin: 0.0000
Metrics/motion/motion_sampling_prob_mean: 0.1429
Metrics/motion/motion_sampling_prob_std: 0.0000
Metrics/motion/motion_sampling_prob_min: 0.1429
Metrics/motion/motion_sampling_prob_max: 0.1429
Metrics/motion/motion_sampling_prob_entropy: 1.0000
Metrics/motion/hitter_strike_racket_pos_error: 0.6108
Metrics/motion/hitter_strike_racket_vel_error: 3.3357
Metrics/motion/hitter_strike_racket_ori_error: 0.0504
      Episode_Termination/time_out: 24.6250
    Episode_Termination/anchor_pos: 220.2083
    Episode_Termination/anchor_ori: 0.0000
--------------------------------------------------------------------------------
                   Total timesteps: 415200000
                    Iteration time: 10.22s
                      Time elapsed: 00:31:31
                               ETA: 05:50:58

################################################################################
                     [1m Learning iteration 173/10000 [0m                     

                       Computation: 238252 steps/s (collection: 8.954s, learning 1.119s)
             Mean action noise std: 0.50
          Mean value_function loss: 0.7428
               Mean surrogate loss: 0.0044
                 Mean entropy loss: 19.1254
               Mean approx_kl loss: 0.0156
           Mean clip_fraction loss: 0.1848
              Mean ratio_mean loss: 0.9999
          Mean advantage_mean loss: 0.0000
           Mean advantage_std loss: 1.0000
      Mean explained_variance loss: 0.9466
                       Mean reward: 24.32
               Mean episode length: 206.75
Episode_Reward/motion_global_anchor_pos: 0.1554
Episode_Reward/motion_global_anchor_ori: 0.1668
    Episode_Reward/motion_body_pos: 0.2504
    Episode_Reward/motion_body_ori: 0.0187
Episode_Reward/motion_body_lin_vel: 0.4297
Episode_Reward/motion_body_ang_vel: 0.2098
Episode_Reward/motion_anchor_lin_vel: 0.3448
           Episode_Reward/base_pos: 0.6314
         Episode_Reward/racket_pos: 0.0013
         Episode_Reward/racket_vel: 0.0263
         Episode_Reward/racket_ori: 0.3912
Episode_Reward/torso_forward_lean_l2: -0.0294
 Episode_Reward/base_ang_vel_xy_l2: -0.2007
 Episode_Reward/undesired_contacts: -0.0393
Episode_Reward/hitter_foot_slip_l2: -0.1750
Episode_Reward/hitter_hit_unstable_support: -0.0177
Episode_Reward/hitter_foot_edge_drag: -0.0255
    Episode_Reward/hip_yaw_default: 0.7681
     Episode_Reward/action_rate_l2: -0.5259
        Episode_Reward/joint_limit: -0.0082
          Episode_Reward/joint_acc: -0.0177
       Episode_Reward/joint_torque: -0.0069
   Metrics/motion/error_anchor_pos: 0.7156
   Metrics/motion/error_anchor_rot: 0.2830
Metrics/motion/error_anchor_lin_vel: 2.1441
Metrics/motion/error_anchor_ang_vel: 1.4395
     Metrics/motion/error_body_pos: 0.4115
     Metrics/motion/error_body_rot: 0.7159
 Metrics/motion/error_body_lin_vel: 2.3673
 Metrics/motion/error_body_ang_vel: 3.3220
    Metrics/motion/error_joint_pos: 2.1576
    Metrics/motion/error_joint_vel: 11.9121
   Metrics/motion/sampling_entropy: 0.0000
 Metrics/motion/sampling_top1_prob: 0.0000
  Metrics/motion/sampling_top1_bin: 0.0000
Metrics/motion/motion_sampling_prob_mean: 0.1429
Metrics/motion/motion_sampling_prob_std: 0.0000
Metrics/motion/motion_sampling_prob_min: 0.1429
Metrics/motion/motion_sampling_prob_max: 0.1429
Metrics/motion/motion_sampling_prob_entropy: 1.0000
Metrics/motion/hitter_strike_racket_pos_error: 0.6088
Metrics/motion/hitter_strike_racket_vel_error: 3.3332
Metrics/motion/hitter_strike_racket_ori_error: 0.0500
      Episode_Termination/time_out: 24.8750
    Episode_Termination/anchor_pos: 223.2917
    Episode_Termination/anchor_ori: 0.0000
--------------------------------------------------------------------------------
                   Total timesteps: 417600000
                    Iteration time: 10.07s
                      Time elapsed: 00:31:41
                               ETA: 05:49:58

################################################################################
                     [1m Learning iteration 174/10000 [0m                     

                       Computation: 234900 steps/s (collection: 8.996s, learning 1.221s)
             Mean action noise std: 0.50
          Mean value_function loss: 0.7698
               Mean surrogate loss: 0.0016
                 Mean entropy loss: 19.1619
               Mean approx_kl loss: 0.0104
           Mean clip_fraction loss: 0.1381
              Mean ratio_mean loss: 1.0000
          Mean advantage_mean loss: -0.0000
           Mean advantage_std loss: 1.0000
      Mean explained_variance loss: 0.9446
                       Mean reward: 25.38
               Mean episode length: 214.66
Episode_Reward/motion_global_anchor_pos: 0.1568
Episode_Reward/motion_global_anchor_ori: 0.1682
    Episode_Reward/motion_body_pos: 0.2525
    Episode_Reward/motion_body_ori: 0.0190
Episode_Reward/motion_body_lin_vel: 0.4331
Episode_Reward/motion_body_ang_vel: 0.2116
Episode_Reward/motion_anchor_lin_vel: 0.3473
           Episode_Reward/base_pos: 0.6422
         Episode_Reward/racket_pos: 0.0014
         Episode_Reward/racket_vel: 0.0264
         Episode_Reward/racket_ori: 0.3922
Episode_Reward/torso_forward_lean_l2: -0.0295
 Episode_Reward/base_ang_vel_xy_l2: -0.2027
 Episode_Reward/undesired_contacts: -0.0396
Episode_Reward/hitter_foot_slip_l2: -0.1760
Episode_Reward/hitter_hit_unstable_support: -0.0181
Episode_Reward/hitter_foot_edge_drag: -0.0258
    Episode_Reward/hip_yaw_default: 0.7738
     Episode_Reward/action_rate_l2: -0.5314
        Episode_Reward/joint_limit: -0.0082
          Episode_Reward/joint_acc: -0.0180
       Episode_Reward/joint_torque: -0.0069
   Metrics/motion/error_anchor_pos: 0.7180
   Metrics/motion/error_anchor_rot: 0.2862
Metrics/motion/error_anchor_lin_vel: 2.1494
Metrics/motion/error_anchor_ang_vel: 1.4550
     Metrics/motion/error_body_pos: 0.4113
     Metrics/motion/error_body_rot: 0.7139
 Metrics/motion/error_body_lin_vel: 2.3675
 Metrics/motion/error_body_ang_vel: 3.3427
    Metrics/motion/error_joint_pos: 2.1523
    Metrics/motion/error_joint_vel: 11.8519
   Metrics/motion/sampling_entropy: 0.0000
 Metrics/motion/sampling_top1_prob: 0.0000
  Metrics/motion/sampling_top1_bin: 0.0000
Metrics/motion/motion_sampling_prob_mean: 0.1429
Metrics/motion/motion_sampling_prob_std: 0.0000
Metrics/motion/motion_sampling_prob_min: 0.1429
Metrics/motion/motion_sampling_prob_max: 0.1429
Metrics/motion/motion_sampling_prob_entropy: 1.0000
Metrics/motion/hitter_strike_racket_pos_error: 0.6030
Metrics/motion/hitter_strike_racket_vel_error: 3.3043
Metrics/motion/hitter_strike_racket_ori_error: 0.0500
      Episode_Termination/time_out: 23.4167
    Episode_Termination/anchor_pos: 216.0417
    Episode_Termination/anchor_ori: 0.0000
--------------------------------------------------------------------------------
                   Total timesteps: 420000000
                    Iteration time: 10.22s
                      Time elapsed: 00:31:51
                               ETA: 05:49:08

################################################################################
                     [1m Learning iteration 175/10000 [0m                     

                       Computation: 235317 steps/s (collection: 8.912s, learning 1.287s)
             Mean action noise std: 0.50
          Mean value_function loss: 0.7601
               Mean surrogate loss: 0.0005
                 Mean entropy loss: 19.1854
               Mean approx_kl loss: 0.0092
           Mean clip_fraction loss: 0.1153
              Mean ratio_mean loss: 0.9999
          Mean advantage_mean loss: -0.0000
           Mean advantage_std loss: 1.0000
      Mean explained_variance loss: 0.9452
                       Mean reward: 25.98
               Mean episode length: 218.47
Episode_Reward/motion_global_anchor_pos: 0.1572
Episode_Reward/motion_global_anchor_ori: 0.1688
    Episode_Reward/motion_body_pos: 0.2529
    Episode_Reward/motion_body_ori: 0.0191
Episode_Reward/motion_body_lin_vel: 0.4354
Episode_Reward/motion_body_ang_vel: 0.2123
Episode_Reward/motion_anchor_lin_vel: 0.3492
           Episode_Reward/base_pos: 0.6385
         Episode_Reward/racket_pos: 0.0013
         Episode_Reward/racket_vel: 0.0264
         Episode_Reward/racket_ori: 0.3946
Episode_Reward/torso_forward_lean_l2: -0.0299
 Episode_Reward/base_ang_vel_xy_l2: -0.2037
 Episode_Reward/undesired_contacts: -0.0400
Episode_Reward/hitter_foot_slip_l2: -0.1763
Episode_Reward/hitter_hit_unstable_support: -0.0187
Episode_Reward/hitter_foot_edge_drag: -0.0260
    Episode_Reward/hip_yaw_default: 0.7769
     Episode_Reward/action_rate_l2: -0.5345
        Episode_Reward/joint_limit: -0.0083
          Episode_Reward/joint_acc: -0.0181
       Episode_Reward/joint_torque: -0.0070
   Metrics/motion/error_anchor_pos: 0.7176
   Metrics/motion/error_anchor_rot: 0.2898
Metrics/motion/error_anchor_lin_vel: 2.1299
Metrics/motion/error_anchor_ang_vel: 1.4569
     Metrics/motion/error_body_pos: 0.4106
     Metrics/motion/error_body_rot: 0.7114
 Metrics/motion/error_body_lin_vel: 2.3486
 Metrics/motion/error_body_ang_vel: 3.3405
    Metrics/motion/error_joint_pos: 2.1476
    Metrics/motion/error_joint_vel: 11.7835
   Metrics/motion/sampling_entropy: 0.0000
 Metrics/motion/sampling_top1_prob: 0.0000
  Metrics/motion/sampling_top1_bin: 0.0000
Metrics/motion/motion_sampling_prob_mean: 0.1429
Metrics/motion/motion_sampling_prob_std: 0.0000
Metrics/motion/motion_sampling_prob_min: 0.1429
Metrics/motion/motion_sampling_prob_max: 0.1429
Metrics/motion/motion_sampling_prob_entropy: 1.0000
Metrics/motion/hitter_strike_racket_pos_error: 0.6072
Metrics/motion/hitter_strike_racket_vel_error: 3.3357
Metrics/motion/hitter_strike_racket_ori_error: 0.0499
      Episode_Termination/time_out: 25.4167
    Episode_Termination/anchor_pos: 217.2083
    Episode_Termination/anchor_ori: 0.0000
--------------------------------------------------------------------------------
                   Total timesteps: 422400000
                    Iteration time: 10.20s
                      Time elapsed: 00:32:02
                               ETA: 05:48:16

################################################################################
                     [1m Learning iteration 176/10000 [0m                     

                       Computation: 234776 steps/s (collection: 8.916s, learning 1.307s)
             Mean action noise std: 0.50
          Mean value_function loss: 0.7751
               Mean surrogate loss: 0.0044
                 Mean entropy loss: 19.2089
               Mean approx_kl loss: 0.0158
           Mean clip_fraction loss: 0.1850
              Mean ratio_mean loss: 1.0000
          Mean advantage_mean loss: 0.0000
           Mean advantage_std loss: 1.0000
      Mean explained_variance loss: 0.9449
                       Mean reward: 24.11
               Mean episode length: 203.75
Episode_Reward/motion_global_anchor_pos: 0.1560
Episode_Reward/motion_global_anchor_ori: 0.1675
    Episode_Reward/motion_body_pos: 0.2517
    Episode_Reward/motion_body_ori: 0.0190
Episode_Reward/motion_body_lin_vel: 0.4313
Episode_Reward/motion_body_ang_vel: 0.2106
Episode_Reward/motion_anchor_lin_vel: 0.3462
           Episode_Reward/base_pos: 0.6341
         Episode_Reward/racket_pos: 0.0013
         Episode_Reward/racket_vel: 0.0264
         Episode_Reward/racket_ori: 0.3903
Episode_Reward/torso_forward_lean_l2: -0.0302
 Episode_Reward/base_ang_vel_xy_l2: -0.2020
 Episode_Reward/undesired_contacts: -0.0397
Episode_Reward/hitter_foot_slip_l2: -0.1764
Episode_Reward/hitter_hit_unstable_support: -0.0182
Episode_Reward/hitter_foot_edge_drag: -0.0258
    Episode_Reward/hip_yaw_default: 0.7714
     Episode_Reward/action_rate_l2: -0.5321
        Episode_Reward/joint_limit: -0.0085
          Episode_Reward/joint_acc: -0.0179
       Episode_Reward/joint_torque: -0.0069
   Metrics/motion/error_anchor_pos: 0.7232
   Metrics/motion/error_anchor_rot: 0.2902
Metrics/motion/error_anchor_lin_vel: 2.1560
Metrics/motion/error_anchor_ang_vel: 1.4717
     Metrics/motion/error_body_pos: 0.4126
     Metrics/motion/error_body_rot: 0.7110
 Metrics/motion/error_body_lin_vel: 2.3696
 Metrics/motion/error_body_ang_vel: 3.3411
    Metrics/motion/error_joint_pos: 2.1560
    Metrics/motion/error_joint_vel: 11.8626
   Metrics/motion/sampling_entropy: 0.0000
 Metrics/motion/sampling_top1_prob: 0.0000
  Metrics/motion/sampling_top1_bin: 0.0000
Metrics/motion/motion_sampling_prob_mean: 0.1429
Metrics/motion/motion_sampling_prob_std: 0.0000
Metrics/motion/motion_sampling_prob_min: 0.1429
Metrics/motion/motion_sampling_prob_max: 0.1429
Metrics/motion/motion_sampling_prob_entropy: 1.0000
Metrics/motion/hitter_strike_racket_pos_error: 0.6063
Metrics/motion/hitter_strike_racket_vel_error: 3.3305
Metrics/motion/hitter_strike_racket_ori_error: 0.0510
      Episode_Termination/time_out: 22.7083
    Episode_Termination/anchor_pos: 214.3333
    Episode_Termination/anchor_ori: 0.0000
--------------------------------------------------------------------------------
                   Total timesteps: 424800000
                    Iteration time: 10.22s
                      Time elapsed: 00:32:12
                               ETA: 05:47:26

################################################################################
                     [1m Learning iteration 177/10000 [0m                     

                       Computation: 238893 steps/s (collection: 8.951s, learning 1.095s)
             Mean action noise std: 0.50
          Mean value_function loss: 0.7690
               Mean surrogate loss: 0.0006
                 Mean entropy loss: 19.2363
               Mean approx_kl loss: 0.0097
           Mean clip_fraction loss: 0.1303
              Mean ratio_mean loss: 1.0000
          Mean advantage_mean loss: 0.0000
           Mean advantage_std loss: 1.0000
      Mean explained_variance loss: 0.9456
                       Mean reward: 24.25
               Mean episode length: 206.38
Episode_Reward/motion_global_anchor_pos: 0.1598
Episode_Reward/motion_global_anchor_ori: 0.1713
    Episode_Reward/motion_body_pos: 0.2573
    Episode_Reward/motion_body_ori: 0.0192
Episode_Reward/motion_body_lin_vel: 0.4423
Episode_Reward/motion_body_ang_vel: 0.2153
Episode_Reward/motion_anchor_lin_vel: 0.3547
           Episode_Reward/base_pos: 0.6466
         Episode_Reward/racket_pos: 0.0014
         Episode_Reward/racket_vel: 0.0276
         Episode_Reward/racket_ori: 0.3990
Episode_Reward/torso_forward_lean_l2: -0.0302
 Episode_Reward/base_ang_vel_xy_l2: -0.2064
 Episode_Reward/undesired_contacts: -0.0406
Episode_Reward/hitter_foot_slip_l2: -0.1788
Episode_Reward/hitter_hit_unstable_support: -0.0185
Episode_Reward/hitter_foot_edge_drag: -0.0266
    Episode_Reward/hip_yaw_default: 0.7881
     Episode_Reward/action_rate_l2: -0.5445
        Episode_Reward/joint_limit: -0.0084
          Episode_Reward/joint_acc: -0.0185
       Episode_Reward/joint_torque: -0.0071
   Metrics/motion/error_anchor_pos: 0.7149
   Metrics/motion/error_anchor_rot: 0.2883
Metrics/motion/error_anchor_lin_vel: 2.1304
Metrics/motion/error_anchor_ang_vel: 1.4554
     Metrics/motion/error_body_pos: 0.4071
     Metrics/motion/error_body_rot: 0.7053
 Metrics/motion/error_body_lin_vel: 2.3491
 Metrics/motion/error_body_ang_vel: 3.3146
    Metrics/motion/error_joint_pos: 2.1476
    Metrics/motion/error_joint_vel: 11.7948
   Metrics/motion/sampling_entropy: 0.0000
 Metrics/motion/sampling_top1_prob: 0.0000
  Metrics/motion/sampling_top1_bin: 0.0000
Metrics/motion/motion_sampling_prob_mean: 0.1429
Metrics/motion/motion_sampling_prob_std: 0.0000
Metrics/motion/motion_sampling_prob_min: 0.1429
Metrics/motion/motion_sampling_prob_max: 0.1429
Metrics/motion/motion_sampling_prob_entropy: 1.0000
Metrics/motion/hitter_strike_racket_pos_error: 0.6039
Metrics/motion/hitter_strike_racket_vel_error: 3.3129
Metrics/motion/hitter_strike_racket_ori_error: 0.0510
      Episode_Termination/time_out: 26.1250
    Episode_Termination/anchor_pos: 214.4167
    Episode_Termination/anchor_ori: 0.0000
--------------------------------------------------------------------------------
                   Total timesteps: 427200000
                    Iteration time: 10.05s
                      Time elapsed: 00:32:22
                               ETA: 05:46:27

################################################################################
                     [1m Learning iteration 178/10000 [0m                     

                       Computation: 232275 steps/s (collection: 9.075s, learning 1.258s)
             Mean action noise std: 0.50
          Mean value_function loss: 0.7694
               Mean surrogate loss: 0.0022
                 Mean entropy loss: 19.2608
               Mean approx_kl loss: 0.0118
           Mean clip_fraction loss: 0.1540
              Mean ratio_mean loss: 1.0000
          Mean advantage_mean loss: -0.0000
           Mean advantage_std loss: 1.0000
      Mean explained_variance loss: 0.9456
                       Mean reward: 24.17
               Mean episode length: 206.00
Episode_Reward/motion_global_anchor_pos: 0.1601
Episode_Reward/motion_global_anchor_ori: 0.1722
    Episode_Reward/motion_body_pos: 0.2585
    Episode_Reward/motion_body_ori: 0.0193
Episode_Reward/motion_body_lin_vel: 0.4445
Episode_Reward/motion_body_ang_vel: 0.2163
Episode_Reward/motion_anchor_lin_vel: 0.3563
           Episode_Reward/base_pos: 0.6529
         Episode_Reward/racket_pos: 0.0014
         Episode_Reward/racket_vel: 0.0272
         Episode_Reward/racket_ori: 0.4015
Episode_Reward/torso_forward_lean_l2: -0.0306
 Episode_Reward/base_ang_vel_xy_l2: -0.2075
 Episode_Reward/undesired_contacts: -0.0409
Episode_Reward/hitter_foot_slip_l2: -0.1796
Episode_Reward/hitter_hit_unstable_support: -0.0191
Episode_Reward/hitter_foot_edge_drag: -0.0267
    Episode_Reward/hip_yaw_default: 0.7916
     Episode_Reward/action_rate_l2: -0.5483
        Episode_Reward/joint_limit: -0.0085
          Episode_Reward/joint_acc: -0.0185
       Episode_Reward/joint_torque: -0.0071
   Metrics/motion/error_anchor_pos: 0.7181
   Metrics/motion/error_anchor_rot: 0.2901
Metrics/motion/error_anchor_lin_vel: 2.1314
Metrics/motion/error_anchor_ang_vel: 1.4549
     Metrics/motion/error_body_pos: 0.4076
     Metrics/motion/error_body_rot: 0.7055
 Metrics/motion/error_body_lin_vel: 2.3477
 Metrics/motion/error_body_ang_vel: 3.3220
    Metrics/motion/error_joint_pos: 2.1490
    Metrics/motion/error_joint_vel: 11.8410
   Metrics/motion/sampling_entropy: 0.0000
 Metrics/motion/sampling_top1_prob: 0.0000
  Metrics/motion/sampling_top1_bin: 0.0000
Metrics/motion/motion_sampling_prob_mean: 0.1429
Metrics/motion/motion_sampling_prob_std: 0.0000
Metrics/motion/motion_sampling_prob_min: 0.1429
Metrics/motion/motion_sampling_prob_max: 0.1429
Metrics/motion/motion_sampling_prob_entropy: 1.0000
Metrics/motion/hitter_strike_racket_pos_error: 0.6085
Metrics/motion/hitter_strike_racket_vel_error: 3.3509
Metrics/motion/hitter_strike_racket_ori_error: 0.0504
      Episode_Termination/time_out: 26.0000
    Episode_Termination/anchor_pos: 213.7917
    Episode_Termination/anchor_ori: 0.0000
--------------------------------------------------------------------------------
                   Total timesteps: 429600000
                    Iteration time: 10.33s
                      Time elapsed: 00:32:32
                               ETA: 05:45:45

################################################################################
                     [1m Learning iteration 179/10000 [0m                     

                       Computation: 228244 steps/s (collection: 8.918s, learning 1.597s)
             Mean action noise std: 0.50
          Mean value_function loss: 0.7825
               Mean surrogate loss: 0.0042
                 Mean entropy loss: 19.2988
               Mean approx_kl loss: 0.0161
           Mean clip_fraction loss: 0.2042
              Mean ratio_mean loss: 1.0000
          Mean advantage_mean loss: 0.0000
           Mean advantage_std loss: 1.0000
      Mean explained_variance loss: 0.9446
                       Mean reward: 22.95
               Mean episode length: 199.45
Episode_Reward/motion_global_anchor_pos: 0.1590
Episode_Reward/motion_global_anchor_ori: 0.1707
    Episode_Reward/motion_body_pos: 0.2559
    Episode_Reward/motion_body_ori: 0.0191
Episode_Reward/motion_body_lin_vel: 0.4400
Episode_Reward/motion_body_ang_vel: 0.2139
Episode_Reward/motion_anchor_lin_vel: 0.3530
           Episode_Reward/base_pos: 0.6443
         Episode_Reward/racket_pos: 0.0014
         Episode_Reward/racket_vel: 0.0273
         Episode_Reward/racket_ori: 0.3985
Episode_Reward/torso_forward_lean_l2: -0.0307
 Episode_Reward/base_ang_vel_xy_l2: -0.2064
 Episode_Reward/undesired_contacts: -0.0405
Episode_Reward/hitter_foot_slip_l2: -0.1795
Episode_Reward/hitter_hit_unstable_support: -0.0194
Episode_Reward/hitter_foot_edge_drag: -0.0265
    Episode_Reward/hip_yaw_default: 0.7854
     Episode_Reward/action_rate_l2: -0.5457
        Episode_Reward/joint_limit: -0.0087
          Episode_Reward/joint_acc: -0.0184
       Episode_Reward/joint_torque: -0.0071
   Metrics/motion/error_anchor_pos: 0.7232
   Metrics/motion/error_anchor_rot: 0.2909
Metrics/motion/error_anchor_lin_vel: 2.1511
Metrics/motion/error_anchor_ang_vel: 1.4589
     Metrics/motion/error_body_pos: 0.4114
     Metrics/motion/error_body_rot: 0.7033
 Metrics/motion/error_body_lin_vel: 2.3653
 Metrics/motion/error_body_ang_vel: 3.3130
    Metrics/motion/error_joint_pos: 2.1535
    Metrics/motion/error_joint_vel: 11.8800
   Metrics/motion/sampling_entropy: 0.0000
 Metrics/motion/sampling_top1_prob: 0.0000
  Metrics/motion/sampling_top1_bin: 0.0000
Metrics/motion/motion_sampling_prob_mean: 0.1429
Metrics/motion/motion_sampling_prob_std: 0.0000
Metrics/motion/motion_sampling_prob_min: 0.1429
Metrics/motion/motion_sampling_prob_max: 0.1429
Metrics/motion/motion_sampling_prob_entropy: 1.0000
Metrics/motion/hitter_strike_racket_pos_error: 0.6072
Metrics/motion/hitter_strike_racket_vel_error: 3.3388
Metrics/motion/hitter_strike_racket_ori_error: 0.0501
      Episode_Termination/time_out: 23.7083
    Episode_Termination/anchor_pos: 213.4583
    Episode_Termination/anchor_ori: 0.0000
--------------------------------------------------------------------------------
                   Total timesteps: 432000000
                    Iteration time: 10.52s
                      Time elapsed: 00:32:43
                               ETA: 05:45:12

################################################################################
                     [1m Learning iteration 180/10000 [0m                     

                       Computation: 230779 steps/s (collection: 9.104s, learning 1.296s)
             Mean action noise std: 0.50
          Mean value_function loss: 0.7805
               Mean surrogate loss: 0.0017
                 Mean entropy loss: 19.3224
               Mean approx_kl loss: 0.0111
           Mean clip_fraction loss: 0.1538
              Mean ratio_mean loss: 1.0000
          Mean advantage_mean loss: -0.0000
           Mean advantage_std loss: 1.0000
      Mean explained_variance loss: 0.9449
                       Mean reward: 22.41
               Mean episode length: 190.24
Episode_Reward/motion_global_anchor_pos: 0.1613
Episode_Reward/motion_global_anchor_ori: 0.1732
    Episode_Reward/motion_body_pos: 0.2593
    Episode_Reward/motion_body_ori: 0.0192
Episode_Reward/motion_body_lin_vel: 0.4474
Episode_Reward/motion_body_ang_vel: 0.2172
Episode_Reward/motion_anchor_lin_vel: 0.3585
           Episode_Reward/base_pos: 0.6567
         Episode_Reward/racket_pos: 0.0014
         Episode_Reward/racket_vel: 0.0281
         Episode_Reward/racket_ori: 0.4039
Episode_Reward/torso_forward_lean_l2: -0.0310
 Episode_Reward/base_ang_vel_xy_l2: -0.2096
 Episode_Reward/undesired_contacts: -0.0413
Episode_Reward/hitter_foot_slip_l2: -0.1812
Episode_Reward/hitter_hit_unstable_support: -0.0198
Episode_Reward/hitter_foot_edge_drag: -0.0270
    Episode_Reward/hip_yaw_default: 0.7965
     Episode_Reward/action_rate_l2: -0.5543
        Episode_Reward/joint_limit: -0.0087
          Episode_Reward/joint_acc: -0.0187
       Episode_Reward/joint_torque: -0.0072
   Metrics/motion/error_anchor_pos: 0.7226
   Metrics/motion/error_anchor_rot: 0.2924
Metrics/motion/error_anchor_lin_vel: 2.1379
Metrics/motion/error_anchor_ang_vel: 1.4711
     Metrics/motion/error_body_pos: 0.4106
     Metrics/motion/error_body_rot: 0.7058
 Metrics/motion/error_body_lin_vel: 2.3551
 Metrics/motion/error_body_ang_vel: 3.3260
    Metrics/motion/error_joint_pos: 2.1578
    Metrics/motion/error_joint_vel: 11.8863
   Metrics/motion/sampling_entropy: 0.0000
 Metrics/motion/sampling_top1_prob: 0.0000
  Metrics/motion/sampling_top1_bin: 0.0000
Metrics/motion/motion_sampling_prob_mean: 0.1429
Metrics/motion/motion_sampling_prob_std: 0.0000
Metrics/motion/motion_sampling_prob_min: 0.1429
Metrics/motion/motion_sampling_prob_max: 0.1429
Metrics/motion/motion_sampling_prob_entropy: 1.0000
Metrics/motion/hitter_strike_racket_pos_error: 0.6065
Metrics/motion/hitter_strike_racket_vel_error: 3.3392
Metrics/motion/hitter_strike_racket_ori_error: 0.0498
      Episode_Termination/time_out: 24.5000
    Episode_Termination/anchor_pos: 209.6667
    Episode_Termination/anchor_ori: 0.0000
--------------------------------------------------------------------------------
                   Total timesteps: 434400000
                    Iteration time: 10.40s
                      Time elapsed: 00:32:53
                               ETA: 05:44:34

################################################################################
                     [1m Learning iteration 181/10000 [0m                     

                       Computation: 231665 steps/s (collection: 9.374s, learning 0.986s)
             Mean action noise std: 0.50
          Mean value_function loss: 0.7851
               Mean surrogate loss: 0.0074
                 Mean entropy loss: 19.3442
               Mean approx_kl loss: 0.0180
           Mean clip_fraction loss: 0.2320
              Mean ratio_mean loss: 1.0001
          Mean advantage_mean loss: -0.0000
           Mean advantage_std loss: 1.0000
      Mean explained_variance loss: 0.9437
                       Mean reward: 21.31
               Mean episode length: 183.07
Episode_Reward/motion_global_anchor_pos: 0.1620
Episode_Reward/motion_global_anchor_ori: 0.1741
    Episode_Reward/motion_body_pos: 0.2614
    Episode_Reward/motion_body_ori: 0.0194
Episode_Reward/motion_body_lin_vel: 0.4498
Episode_Reward/motion_body_ang_vel: 0.2181
Episode_Reward/motion_anchor_lin_vel: 0.3608
           Episode_Reward/base_pos: 0.6621
         Episode_Reward/racket_pos: 0.0015
         Episode_Reward/racket_vel: 0.0284
         Episode_Reward/racket_ori: 0.4072
Episode_Reward/torso_forward_lean_l2: -0.0313
 Episode_Reward/base_ang_vel_xy_l2: -0.2106
 Episode_Reward/undesired_contacts: -0.0413
Episode_Reward/hitter_foot_slip_l2: -0.1821
Episode_Reward/hitter_hit_unstable_support: -0.0200
Episode_Reward/hitter_foot_edge_drag: -0.0273
    Episode_Reward/hip_yaw_default: 0.8008
     Episode_Reward/action_rate_l2: -0.5581
        Episode_Reward/joint_limit: -0.0086
          Episode_Reward/joint_acc: -0.0189
       Episode_Reward/joint_torque: -0.0073
   Metrics/motion/error_anchor_pos: 0.7165
   Metrics/motion/error_anchor_rot: 0.2878
Metrics/motion/error_anchor_lin_vel: 2.1265
Metrics/motion/error_anchor_ang_vel: 1.4513
     Metrics/motion/error_body_pos: 0.4080
     Metrics/motion/error_body_rot: 0.7041
 Metrics/motion/error_body_lin_vel: 2.3424
 Metrics/motion/error_body_ang_vel: 3.3508
    Metrics/motion/error_joint_pos: 2.1589
    Metrics/motion/error_joint_vel: 11.9239
   Metrics/motion/sampling_entropy: 0.0000
 Metrics/motion/sampling_top1_prob: 0.0000
  Metrics/motion/sampling_top1_bin: 0.0000
Metrics/motion/motion_sampling_prob_mean: 0.1429
Metrics/motion/motion_sampling_prob_std: 0.0000
Metrics/motion/motion_sampling_prob_min: 0.1429
Metrics/motion/motion_sampling_prob_max: 0.1429
Metrics/motion/motion_sampling_prob_entropy: 1.0000
Metrics/motion/hitter_strike_racket_pos_error: 0.6074
Metrics/motion/hitter_strike_racket_vel_error: 3.3447
Metrics/motion/hitter_strike_racket_ori_error: 0.0510
      Episode_Termination/time_out: 26.8750
    Episode_Termination/anchor_pos: 212.1250
    Episode_Termination/anchor_ori: 0.0000
--------------------------------------------------------------------------------
                   Total timesteps: 436800000
                    Iteration time: 10.36s
                      Time elapsed: 00:33:03
                               ETA: 05:43:54

################################################################################
                     [1m Learning iteration 182/10000 [0m                     

                       Computation: 232646 steps/s (collection: 9.318s, learning 0.998s)
             Mean action noise std: 0.50
          Mean value_function loss: 0.8089
               Mean surrogate loss: -0.0004
                 Mean entropy loss: 19.3583
               Mean approx_kl loss: 0.0059
           Mean clip_fraction loss: 0.0757
              Mean ratio_mean loss: 1.0001
          Mean advantage_mean loss: 0.0000
           Mean advantage_std loss: 1.0000
      Mean explained_variance loss: 0.9420
                       Mean reward: 25.30
               Mean episode length: 212.80
Episode_Reward/motion_global_anchor_pos: 0.1634
Episode_Reward/motion_global_anchor_ori: 0.1756
    Episode_Reward/motion_body_pos: 0.2636
    Episode_Reward/motion_body_ori: 0.0195
Episode_Reward/motion_body_lin_vel: 0.4539
Episode_Reward/motion_body_ang_vel: 0.2196
Episode_Reward/motion_anchor_lin_vel: 0.3639
           Episode_Reward/base_pos: 0.6653
         Episode_Reward/racket_pos: 0.0016
         Episode_Reward/racket_vel: 0.0289
         Episode_Reward/racket_ori: 0.4089
Episode_Reward/torso_forward_lean_l2: -0.0317
 Episode_Reward/base_ang_vel_xy_l2: -0.2125
 Episode_Reward/undesired_contacts: -0.0419
Episode_Reward/hitter_foot_slip_l2: -0.1828
Episode_Reward/hitter_hit_unstable_support: -0.0203
Episode_Reward/hitter_foot_edge_drag: -0.0276
    Episode_Reward/hip_yaw_default: 0.8070
     Episode_Reward/action_rate_l2: -0.5635
        Episode_Reward/joint_limit: -0.0088
          Episode_Reward/joint_acc: -0.0191
       Episode_Reward/joint_torque: -0.0073
   Metrics/motion/error_anchor_pos: 0.7176
   Metrics/motion/error_anchor_rot: 0.2883
Metrics/motion/error_anchor_lin_vel: 2.1240
Metrics/motion/error_anchor_ang_vel: 1.4572
     Metrics/motion/error_body_pos: 0.4076
     Metrics/motion/error_body_rot: 0.7018
 Metrics/motion/error_body_lin_vel: 2.3402
 Metrics/motion/error_body_ang_vel: 3.3419
    Metrics/motion/error_joint_pos: 2.1532
    Metrics/motion/error_joint_vel: 11.8910
   Metrics/motion/sampling_entropy: 0.0000
 Metrics/motion/sampling_top1_prob: 0.0000
  Metrics/motion/sampling_top1_bin: 0.0000
Metrics/motion/motion_sampling_prob_mean: 0.1429
Metrics/motion/motion_sampling_prob_std: 0.0000
Metrics/motion/motion_sampling_prob_min: 0.1429
Metrics/motion/motion_sampling_prob_max: 0.1429
Metrics/motion/motion_sampling_prob_entropy: 1.0000
Metrics/motion/hitter_strike_racket_pos_error: 0.6058
Metrics/motion/hitter_strike_racket_vel_error: 3.3347
Metrics/motion/hitter_strike_racket_ori_error: 0.0500
      Episode_Termination/time_out: 25.3333
    Episode_Termination/anchor_pos: 202.2917
    Episode_Termination/anchor_ori: 0.0000
--------------------------------------------------------------------------------
                   Total timesteps: 439200000
                    Iteration time: 10.32s
                      Time elapsed: 00:33:14
                               ETA: 05:43:11

################################################################################
                     [1m Learning iteration 183/10000 [0m                     

                       Computation: 237999 steps/s (collection: 9.432s, learning 0.652s)
             Mean action noise std: 0.51
          Mean value_function loss: 0.8201
               Mean surrogate loss: 0.0027
                 Mean entropy loss: 19.3961
               Mean approx_kl loss: 0.0127
           Mean clip_fraction loss: 0.1734
              Mean ratio_mean loss: 1.0000
          Mean advantage_mean loss: 0.0000
           Mean advantage_std loss: 1.0000
      Mean explained_variance loss: 0.9426
                       Mean reward: 24.29
               Mean episode length: 212.72
Episode_Reward/motion_global_anchor_pos: 0.1646
Episode_Reward/motion_global_anchor_ori: 0.1772
    Episode_Reward/motion_body_pos: 0.2658
    Episode_Reward/motion_body_ori: 0.0196
Episode_Reward/motion_body_lin_vel: 0.4587
Episode_Reward/motion_body_ang_vel: 0.2218
Episode_Reward/motion_anchor_lin_vel: 0.3677
           Episode_Reward/base_pos: 0.6675
         Episode_Reward/racket_pos: 0.0015
         Episode_Reward/racket_vel: 0.0289
         Episode_Reward/racket_ori: 0.4127
Episode_Reward/torso_forward_lean_l2: -0.0323
 Episode_Reward/base_ang_vel_xy_l2: -0.2155
 Episode_Reward/undesired_contacts: -0.0424
Episode_Reward/hitter_foot_slip_l2: -0.1850
Episode_Reward/hitter_hit_unstable_support: -0.0211
Episode_Reward/hitter_foot_edge_drag: -0.0280
    Episode_Reward/hip_yaw_default: 0.8147
     Episode_Reward/action_rate_l2: -0.5705
        Episode_Reward/joint_limit: -0.0090
          Episode_Reward/joint_acc: -0.0194
       Episode_Reward/joint_torque: -0.0074
   Metrics/motion/error_anchor_pos: 0.7194
   Metrics/motion/error_anchor_rot: 0.2957
Metrics/motion/error_anchor_lin_vel: 2.1102
Metrics/motion/error_anchor_ang_vel: 1.4794
     Metrics/motion/error_body_pos: 0.4063
     Metrics/motion/error_body_rot: 0.7000
 Metrics/motion/error_body_lin_vel: 2.3241
 Metrics/motion/error_body_ang_vel: 3.3125
    Metrics/motion/error_joint_pos: 2.1497
    Metrics/motion/error_joint_vel: 11.8112
   Metrics/motion/sampling_entropy: 0.0000
 Metrics/motion/sampling_top1_prob: 0.0000
  Metrics/motion/sampling_top1_bin: 0.0000
Metrics/motion/motion_sampling_prob_mean: 0.1429
Metrics/motion/motion_sampling_prob_std: 0.0000
Metrics/motion/motion_sampling_prob_min: 0.1429
Metrics/motion/motion_sampling_prob_max: 0.1429
Metrics/motion/motion_sampling_prob_entropy: 1.0000
Metrics/motion/hitter_strike_racket_pos_error: 0.6072
Metrics/motion/hitter_strike_racket_vel_error: 3.3320
Metrics/motion/hitter_strike_racket_ori_error: 0.0505
      Episode_Termination/time_out: 27.5833
    Episode_Termination/anchor_pos: 206.7917
    Episode_Termination/anchor_ori: 0.0000
--------------------------------------------------------------------------------
                   Total timesteps: 441600000
                    Iteration time: 10.08s
                      Time elapsed: 00:33:24
                               ETA: 05:42:17

################################################################################
                     [1m Learning iteration 184/10000 [0m                     

                       Computation: 235059 steps/s (collection: 9.328s, learning 0.883s)
             Mean action noise std: 0.51
          Mean value_function loss: 0.8416
               Mean surrogate loss: 0.0032
                 Mean entropy loss: 19.4194
               Mean approx_kl loss: 0.0141
           Mean clip_fraction loss: 0.1942
              Mean ratio_mean loss: 0.9999
          Mean advantage_mean loss: -0.0000
           Mean advantage_std loss: 1.0000
      Mean explained_variance loss: 0.9406
                       Mean reward: 26.91
               Mean episode length: 227.93
Episode_Reward/motion_global_anchor_pos: 0.1677
Episode_Reward/motion_global_anchor_ori: 0.1797
    Episode_Reward/motion_body_pos: 0.2698
    Episode_Reward/motion_body_ori: 0.0197
Episode_Reward/motion_body_lin_vel: 0.4685
Episode_Reward/motion_body_ang_vel: 0.2263
Episode_Reward/motion_anchor_lin_vel: 0.3752
           Episode_Reward/base_pos: 0.6772
         Episode_Reward/racket_pos: 0.0015
         Episode_Reward/racket_vel: 0.0281
         Episode_Reward/racket_ori: 0.4171
Episode_Reward/torso_forward_lean_l2: -0.0334
 Episode_Reward/base_ang_vel_xy_l2: -0.2205
 Episode_Reward/undesired_contacts: -0.0436
Episode_Reward/hitter_foot_slip_l2: -0.1868
Episode_Reward/hitter_hit_unstable_support: -0.0213
Episode_Reward/hitter_foot_edge_drag: -0.0287
    Episode_Reward/hip_yaw_default: 0.8291
     Episode_Reward/action_rate_l2: -0.5822
        Episode_Reward/joint_limit: -0.0091
          Episode_Reward/joint_acc: -0.0198
       Episode_Reward/joint_torque: -0.0076
   Metrics/motion/error_anchor_pos: 0.7225
   Metrics/motion/error_anchor_rot: 0.3101
Metrics/motion/error_anchor_lin_vel: 2.0954
Metrics/motion/error_anchor_ang_vel: 1.5015
     Metrics/motion/error_body_pos: 0.4065
     Metrics/motion/error_body_rot: 0.6998
 Metrics/motion/error_body_lin_vel: 2.3049
 Metrics/motion/error_body_ang_vel: 3.3319
    Metrics/motion/error_joint_pos: 2.1354
    Metrics/motion/error_joint_vel: 11.7108
   Metrics/motion/sampling_entropy: 0.0000
 Metrics/motion/sampling_top1_prob: 0.0000
  Metrics/motion/sampling_top1_bin: 0.0000
Metrics/motion/motion_sampling_prob_mean: 0.1429
Metrics/motion/motion_sampling_prob_std: 0.0000
Metrics/motion/motion_sampling_prob_min: 0.1429
Metrics/motion/motion_sampling_prob_max: 0.1429
Metrics/motion/motion_sampling_prob_entropy: 1.0000
Metrics/motion/hitter_strike_racket_pos_error: 0.6046
Metrics/motion/hitter_strike_racket_vel_error: 3.3718
Metrics/motion/hitter_strike_racket_ori_error: 0.0501
      Episode_Termination/time_out: 28.4167
    Episode_Termination/anchor_pos: 203.7500
    Episode_Termination/anchor_ori: 0.0000
--------------------------------------------------------------------------------
                   Total timesteps: 444000000
                    Iteration time: 10.21s
                      Time elapsed: 00:33:34
                               ETA: 05:41:30

################################################################################
                     [1m Learning iteration 185/10000 [0m                     

                       Computation: 234664 steps/s (collection: 9.600s, learning 0.627s)
             Mean action noise std: 0.51
          Mean value_function loss: 0.8271
               Mean surrogate loss: -0.0015
                 Mean entropy loss: 19.4430
               Mean approx_kl loss: 0.0060
           Mean clip_fraction loss: 0.0712
              Mean ratio_mean loss: 1.0000
          Mean advantage_mean loss: 0.0000
           Mean advantage_std loss: 1.0000
      Mean explained_variance loss: 0.9417
                       Mean reward: 22.34
               Mean episode length: 190.92
Episode_Reward/motion_global_anchor_pos: 0.1633
Episode_Reward/motion_global_anchor_ori: 0.1763
    Episode_Reward/motion_body_pos: 0.2649
    Episode_Reward/motion_body_ori: 0.0198
Episode_Reward/motion_body_lin_vel: 0.4581
Episode_Reward/motion_body_ang_vel: 0.2217
Episode_Reward/motion_anchor_lin_vel: 0.3672
           Episode_Reward/base_pos: 0.6687
         Episode_Reward/racket_pos: 0.0015
         Episode_Reward/racket_vel: 0.0272
         Episode_Reward/racket_ori: 0.4100
Episode_Reward/torso_forward_lean_l2: -0.0333
 Episode_Reward/base_ang_vel_xy_l2: -0.2173
 Episode_Reward/undesired_contacts: -0.0430
Episode_Reward/hitter_foot_slip_l2: -0.1839
Episode_Reward/hitter_hit_unstable_support: -0.0224
Episode_Reward/hitter_foot_edge_drag: -0.0282
    Episode_Reward/hip_yaw_default: 0.8134
     Episode_Reward/action_rate_l2: -0.5733
        Episode_Reward/joint_limit: -0.0091
          Episode_Reward/joint_acc: -0.0196
       Episode_Reward/joint_torque: -0.0075
   Metrics/motion/error_anchor_pos: 0.7270
   Metrics/motion/error_anchor_rot: 0.3165
Metrics/motion/error_anchor_lin_vel: 2.0996
Metrics/motion/error_anchor_ang_vel: 1.5104
     Metrics/motion/error_body_pos: 0.4088
     Metrics/motion/error_body_rot: 0.7032
 Metrics/motion/error_body_lin_vel: 2.3111
 Metrics/motion/error_body_ang_vel: 3.3229
    Metrics/motion/error_joint_pos: 2.1353
    Metrics/motion/error_joint_vel: 11.6176
   Metrics/motion/sampling_entropy: 0.0000
 Metrics/motion/sampling_top1_prob: 0.0000
  Metrics/motion/sampling_top1_bin: 0.0000
Metrics/motion/motion_sampling_prob_mean: 0.1429
Metrics/motion/motion_sampling_prob_std: 0.0000
Metrics/motion/motion_sampling_prob_min: 0.1429
Metrics/motion/motion_sampling_prob_max: 0.1429
Metrics/motion/motion_sampling_prob_entropy: 1.0000
Metrics/motion/hitter_strike_racket_pos_error: 0.6080
Metrics/motion/hitter_strike_racket_vel_error: 3.3885
Metrics/motion/hitter_strike_racket_ori_error: 0.0497
      Episode_Termination/time_out: 27.8333
    Episode_Termination/anchor_pos: 201.9167
    Episode_Termination/anchor_ori: 0.0000
--------------------------------------------------------------------------------
                   Total timesteps: 446400000
                    Iteration time: 10.23s
                      Time elapsed: 00:33:44
                               ETA: 05:40:44

################################################################################
                     [1m Learning iteration 186/10000 [0m                     

                       Computation: 228908 steps/s (collection: 9.169s, learning 1.316s)
             Mean action noise std: 0.51
          Mean value_function loss: 0.8780
               Mean surrogate loss: 0.0002
                 Mean entropy loss: 19.4782
               Mean approx_kl loss: 0.0107
           Mean clip_fraction loss: 0.1540
              Mean ratio_mean loss: 0.9999
          Mean advantage_mean loss: -0.0000
           Mean advantage_std loss: 1.0000
      Mean explained_variance loss: 0.9396
                       Mean reward: 24.10
               Mean episode length: 209.93
Episode_Reward/motion_global_anchor_pos: 0.1673
Episode_Reward/motion_global_anchor_ori: 0.1800
    Episode_Reward/motion_body_pos: 0.2711
    Episode_Reward/motion_body_ori: 0.0200
Episode_Reward/motion_body_lin_vel: 0.4696
Episode_Reward/motion_body_ang_vel: 0.2271
Episode_Reward/motion_anchor_lin_vel: 0.3761
           Episode_Reward/base_pos: 0.6816
         Episode_Reward/racket_pos: 0.0016
         Episode_Reward/racket_vel: 0.0279
         Episode_Reward/racket_ori: 0.4198
Episode_Reward/torso_forward_lean_l2: -0.0343
 Episode_Reward/base_ang_vel_xy_l2: -0.2229
 Episode_Reward/undesired_contacts: -0.0444
Episode_Reward/hitter_foot_slip_l2: -0.1876
Episode_Reward/hitter_hit_unstable_support: -0.0237
Episode_Reward/hitter_foot_edge_drag: -0.0292
    Episode_Reward/hip_yaw_default: 0.8321
     Episode_Reward/action_rate_l2: -0.5874
        Episode_Reward/joint_limit: -0.0095
          Episode_Reward/joint_acc: -0.0201
       Episode_Reward/joint_torque: -0.0076
   Metrics/motion/error_anchor_pos: 0.7355
   Metrics/motion/error_anchor_rot: 0.3240
Metrics/motion/error_anchor_lin_vel: 2.1043
Metrics/motion/error_anchor_ang_vel: 1.5371
     Metrics/motion/error_body_pos: 0.4096
     Metrics/motion/error_body_rot: 0.6973
 Metrics/motion/error_body_lin_vel: 2.3147
 Metrics/motion/error_body_ang_vel: 3.3340
    Metrics/motion/error_joint_pos: 2.1304
    Metrics/motion/error_joint_vel: 11.5599
   Metrics/motion/sampling_entropy: 0.0000
 Metrics/motion/sampling_top1_prob: 0.0000
  Metrics/motion/sampling_top1_bin: 0.0000
Metrics/motion/motion_sampling_prob_mean: 0.1429
Metrics/motion/motion_sampling_prob_std: 0.0000
Metrics/motion/motion_sampling_prob_min: 0.1429
Metrics/motion/motion_sampling_prob_max: 0.1429
Metrics/motion/motion_sampling_prob_entropy: 1.0000
Metrics/motion/hitter_strike_racket_pos_error: 0.6092
Metrics/motion/hitter_strike_racket_vel_error: 3.4187
Metrics/motion/hitter_strike_racket_ori_error: 0.0509
      Episode_Termination/time_out: 27.4167
    Episode_Termination/anchor_pos: 209.1250
    Episode_Termination/anchor_ori: 0.0000
--------------------------------------------------------------------------------
                   Total timesteps: 448800000
                    Iteration time: 10.48s
                      Time elapsed: 00:33:55
                               ETA: 05:40:12

################################################################################
                     [1m Learning iteration 187/10000 [0m                     

                       Computation: 224671 steps/s (collection: 8.933s, learning 1.750s)
             Mean action noise std: 0.51
          Mean value_function loss: 0.9949
               Mean surrogate loss: 0.0022
                 Mean entropy loss: 19.5002
               Mean approx_kl loss: 0.0135
           Mean clip_fraction loss: 0.1886
              Mean ratio_mean loss: 1.0000
          Mean advantage_mean loss: 0.0000
           Mean advantage_std loss: 1.0000
      Mean explained_variance loss: 0.9323
                       Mean reward: 23.50
               Mean episode length: 203.02
Episode_Reward/motion_global_anchor_pos: 0.1683
Episode_Reward/motion_global_anchor_ori: 0.1817
    Episode_Reward/motion_body_pos: 0.2731
    Episode_Reward/motion_body_ori: 0.0200
Episode_Reward/motion_body_lin_vel: 0.4746
Episode_Reward/motion_body_ang_vel: 0.2295
Episode_Reward/motion_anchor_lin_vel: 0.3800
           Episode_Reward/base_pos: 0.6825
         Episode_Reward/racket_pos: 0.0017
         Episode_Reward/racket_vel: 0.0284
         Episode_Reward/racket_ori: 0.4228
Episode_Reward/torso_forward_lean_l2: -0.0350
 Episode_Reward/base_ang_vel_xy_l2: -0.2256
 Episode_Reward/undesired_contacts: -0.0449
Episode_Reward/hitter_foot_slip_l2: -0.1894
Episode_Reward/hitter_hit_unstable_support: -0.0239
Episode_Reward/hitter_foot_edge_drag: -0.0295
    Episode_Reward/hip_yaw_default: 0.8398
     Episode_Reward/action_rate_l2: -0.5944
        Episode_Reward/joint_limit: -0.0099
          Episode_Reward/joint_acc: -0.0203
       Episode_Reward/joint_torque: -0.0078
   Metrics/motion/error_anchor_pos: 0.7370
   Metrics/motion/error_anchor_rot: 0.3269
Metrics/motion/error_anchor_lin_vel: 2.1052
Metrics/motion/error_anchor_ang_vel: 1.5270
     Metrics/motion/error_body_pos: 0.4090
     Metrics/motion/error_body_rot: 0.6988
 Metrics/motion/error_body_lin_vel: 2.3159
 Metrics/motion/error_body_ang_vel: 3.3155
    Metrics/motion/error_joint_pos: 2.1186
    Metrics/motion/error_joint_vel: 11.5387
   Metrics/motion/sampling_entropy: 0.0000
 Metrics/motion/sampling_top1_prob: 0.0000
  Metrics/motion/sampling_top1_bin: 0.0000
Metrics/motion/motion_sampling_prob_mean: 0.1429
Metrics/motion/motion_sampling_prob_std: 0.0000
Metrics/motion/motion_sampling_prob_min: 0.1429
Metrics/motion/motion_sampling_prob_max: 0.1429
Metrics/motion/motion_sampling_prob_entropy: 1.0000
Metrics/motion/hitter_strike_racket_pos_error: 0.6105
Metrics/motion/hitter_strike_racket_vel_error: 3.4046
Metrics/motion/hitter_strike_racket_ori_error: 0.0511
      Episode_Termination/time_out: 26.6250
    Episode_Termination/anchor_pos: 198.7917
    Episode_Termination/anchor_ori: 0.0000
--------------------------------------------------------------------------------
                   Total timesteps: 451200000
                    Iteration time: 10.68s
                      Time elapsed: 00:34:05
                               ETA: 05:39:51

################################################################################
                     [1m Learning iteration 188/10000 [0m                     

                       Computation: 225509 steps/s (collection: 8.770s, learning 1.872s)
             Mean action noise std: 0.51
          Mean value_function loss: 0.9447
               Mean surrogate loss: 0.0007
                 Mean entropy loss: 19.5285
               Mean approx_kl loss: 0.0094
           Mean clip_fraction loss: 0.1222
              Mean ratio_mean loss: 0.9999
          Mean advantage_mean loss: -0.0000
           Mean advantage_std loss: 1.0000
      Mean explained_variance loss: 0.9333
                       Mean reward: 24.18
               Mean episode length: 212.21
Episode_Reward/motion_global_anchor_pos: 0.1668
Episode_Reward/motion_global_anchor_ori: 0.1799
    Episode_Reward/motion_body_pos: 0.2709
    Episode_Reward/motion_body_ori: 0.0200
Episode_Reward/motion_body_lin_vel: 0.4697
Episode_Reward/motion_body_ang_vel: 0.2270
Episode_Reward/motion_anchor_lin_vel: 0.3763
           Episode_Reward/base_pos: 0.6769
         Episode_Reward/racket_pos: 0.0016
         Episode_Reward/racket_vel: 0.0282
         Episode_Reward/racket_ori: 0.4211
Episode_Reward/torso_forward_lean_l2: -0.0345
 Episode_Reward/base_ang_vel_xy_l2: -0.2237
 Episode_Reward/undesired_contacts: -0.0444
Episode_Reward/hitter_foot_slip_l2: -0.1877
Episode_Reward/hitter_hit_unstable_support: -0.0243
Episode_Reward/hitter_foot_edge_drag: -0.0294
    Episode_Reward/hip_yaw_default: 0.8324
     Episode_Reward/action_rate_l2: -0.5905
        Episode_Reward/joint_limit: -0.0098
          Episode_Reward/joint_acc: -0.0203
       Episode_Reward/joint_torque: -0.0077
   Metrics/motion/error_anchor_pos: 0.7303
   Metrics/motion/error_anchor_rot: 0.3224
Metrics/motion/error_anchor_lin_vel: 2.0897
Metrics/motion/error_anchor_ang_vel: 1.5185
     Metrics/motion/error_body_pos: 0.4063
     Metrics/motion/error_body_rot: 0.7025
 Metrics/motion/error_body_lin_vel: 2.3039
 Metrics/motion/error_body_ang_vel: 3.3190
    Metrics/motion/error_joint_pos: 2.1264
    Metrics/motion/error_joint_vel: 11.6400
   Metrics/motion/sampling_entropy: 0.0000
 Metrics/motion/sampling_top1_prob: 0.0000
  Metrics/motion/sampling_top1_bin: 0.0000
Metrics/motion/motion_sampling_prob_mean: 0.1429
Metrics/motion/motion_sampling_prob_std: 0.0000
Metrics/motion/motion_sampling_prob_min: 0.1429
Metrics/motion/motion_sampling_prob_max: 0.1429
Metrics/motion/motion_sampling_prob_entropy: 1.0000
Metrics/motion/hitter_strike_racket_pos_error: 0.6110
Metrics/motion/hitter_strike_racket_vel_error: 3.4056
Metrics/motion/hitter_strike_racket_ori_error: 0.0489
      Episode_Termination/time_out: 28.0417
    Episode_Termination/anchor_pos: 194.9583
    Episode_Termination/anchor_ori: 0.0000
--------------------------------------------------------------------------------
                   Total timesteps: 453600000
                    Iteration time: 10.64s
                      Time elapsed: 00:34:16
                               ETA: 05:39:27

################################################################################
                     [1m Learning iteration 189/10000 [0m                     

                       Computation: 222837 steps/s (collection: 8.907s, learning 1.863s)
             Mean action noise std: 0.51
          Mean value_function loss: 0.8049
               Mean surrogate loss: 0.0017
                 Mean entropy loss: 19.5433
               Mean approx_kl loss: 0.0118
           Mean clip_fraction loss: 0.1721
              Mean ratio_mean loss: 1.0000
          Mean advantage_mean loss: -0.0000
           Mean advantage_std loss: 1.0000
      Mean explained_variance loss: 0.9408
                       Mean reward: 26.92
               Mean episode length: 232.05
Episode_Reward/motion_global_anchor_pos: 0.1740
Episode_Reward/motion_global_anchor_ori: 0.1875
    Episode_Reward/motion_body_pos: 0.2820
    Episode_Reward/motion_body_ori: 0.0203
Episode_Reward/motion_body_lin_vel: 0.4927
Episode_Reward/motion_body_ang_vel: 0.2370
Episode_Reward/motion_anchor_lin_vel: 0.3942
           Episode_Reward/base_pos: 0.7069
         Episode_Reward/racket_pos: 0.0015
         Episode_Reward/racket_vel: 0.0289
         Episode_Reward/racket_ori: 0.4352
Episode_Reward/torso_forward_lean_l2: -0.0357
 Episode_Reward/base_ang_vel_xy_l2: -0.2328
 Episode_Reward/undesired_contacts: -0.0465
Episode_Reward/hitter_foot_slip_l2: -0.1933
Episode_Reward/hitter_hit_unstable_support: -0.0256
Episode_Reward/hitter_foot_edge_drag: -0.0310
    Episode_Reward/hip_yaw_default: 0.8673
     Episode_Reward/action_rate_l2: -0.6158
        Episode_Reward/joint_limit: -0.0099
          Episode_Reward/joint_acc: -0.0210
       Episode_Reward/joint_torque: -0.0080
   Metrics/motion/error_anchor_pos: 0.7200
   Metrics/motion/error_anchor_rot: 0.3167
Metrics/motion/error_anchor_lin_vel: 2.0578
Metrics/motion/error_anchor_ang_vel: 1.5118
     Metrics/motion/error_body_pos: 0.4027
     Metrics/motion/error_body_rot: 0.7010
 Metrics/motion/error_body_lin_vel: 2.2684
 Metrics/motion/error_body_ang_vel: 3.3013
    Metrics/motion/error_joint_pos: 2.1178
    Metrics/motion/error_joint_vel: 11.6284
   Metrics/motion/sampling_entropy: 0.0000
 Metrics/motion/sampling_top1_prob: 0.0000
  Metrics/motion/sampling_top1_bin: 0.0000
Metrics/motion/motion_sampling_prob_mean: 0.1429
Metrics/motion/motion_sampling_prob_std: 0.0000
Metrics/motion/motion_sampling_prob_min: 0.1429
Metrics/motion/motion_sampling_prob_max: 0.1429
Metrics/motion/motion_sampling_prob_entropy: 1.0000
Metrics/motion/hitter_strike_racket_pos_error: 0.6063
Metrics/motion/hitter_strike_racket_vel_error: 3.4179
Metrics/motion/hitter_strike_racket_ori_error: 0.0498
      Episode_Termination/time_out: 30.8750
    Episode_Termination/anchor_pos: 189.5417
    Episode_Termination/anchor_ori: 0.0000
--------------------------------------------------------------------------------
                   Total timesteps: 456000000
                    Iteration time: 10.77s
                      Time elapsed: 00:34:27
                               ETA: 05:39:11

################################################################################
                     [1m Learning iteration 190/10000 [0m                     

                       Computation: 219313 steps/s (collection: 8.884s, learning 2.059s)
             Mean action noise std: 0.51
          Mean value_function loss: 0.7521
               Mean surrogate loss: 0.0039
                 Mean entropy loss: 19.5620
               Mean approx_kl loss: 0.0154
           Mean clip_fraction loss: 0.2088
              Mean ratio_mean loss: 0.9999
          Mean advantage_mean loss: 0.0000
           Mean advantage_std loss: 1.0000
      Mean explained_variance loss: 0.9431
                       Mean reward: 19.42
               Mean episode length: 169.69
Episode_Reward/motion_global_anchor_pos: 0.1687
Episode_Reward/motion_global_anchor_ori: 0.1824
    Episode_Reward/motion_body_pos: 0.2748
    Episode_Reward/motion_body_ori: 0.0201
Episode_Reward/motion_body_lin_vel: 0.4768
Episode_Reward/motion_body_ang_vel: 0.2298
Episode_Reward/motion_anchor_lin_vel: 0.3820
           Episode_Reward/base_pos: 0.6861
         Episode_Reward/racket_pos: 0.0016
         Episode_Reward/racket_vel: 0.0288
         Episode_Reward/racket_ori: 0.4247
Episode_Reward/torso_forward_lean_l2: -0.0352
 Episode_Reward/base_ang_vel_xy_l2: -0.2268
 Episode_Reward/undesired_contacts: -0.0451
Episode_Reward/hitter_foot_slip_l2: -0.1901
Episode_Reward/hitter_hit_unstable_support: -0.0243
Episode_Reward/hitter_foot_edge_drag: -0.0300
    Episode_Reward/hip_yaw_default: 0.8439
     Episode_Reward/action_rate_l2: -0.6014
        Episode_Reward/joint_limit: -0.0100
          Episode_Reward/joint_acc: -0.0205
       Episode_Reward/joint_torque: -0.0079
   Metrics/motion/error_anchor_pos: 0.7300
   Metrics/motion/error_anchor_rot: 0.3169
Metrics/motion/error_anchor_lin_vel: 2.0824
Metrics/motion/error_anchor_ang_vel: 1.5173
     Metrics/motion/error_body_pos: 0.4044
     Metrics/motion/error_body_rot: 0.6992
 Metrics/motion/error_body_lin_vel: 2.2915
 Metrics/motion/error_body_ang_vel: 3.3310
    Metrics/motion/error_joint_pos: 2.1229
    Metrics/motion/error_joint_vel: 11.6736
   Metrics/motion/sampling_entropy: 0.0000
 Metrics/motion/sampling_top1_prob: 0.0000
  Metrics/motion/sampling_top1_bin: 0.0000
Metrics/motion/motion_sampling_prob_mean: 0.1429
Metrics/motion/motion_sampling_prob_std: 0.0000
Metrics/motion/motion_sampling_prob_min: 0.1429
Metrics/motion/motion_sampling_prob_max: 0.1429
Metrics/motion/motion_sampling_prob_entropy: 1.0000
Metrics/motion/hitter_strike_racket_pos_error: 0.6094
Metrics/motion/hitter_strike_racket_vel_error: 3.3981
Metrics/motion/hitter_strike_racket_ori_error: 0.0492
      Episode_Termination/time_out: 28.4583
    Episode_Termination/anchor_pos: 187.7917
    Episode_Termination/anchor_ori: 0.0000
--------------------------------------------------------------------------------
                   Total timesteps: 458400000
                    Iteration time: 10.94s
                      Time elapsed: 00:34:38
                               ETA: 05:39:03

################################################################################
                     [1m Learning iteration 191/10000 [0m                     

                       Computation: 224632 steps/s (collection: 9.178s, learning 1.506s)
             Mean action noise std: 0.51
          Mean value_function loss: 0.7567
               Mean surrogate loss: 0.0015
                 Mean entropy loss: 19.5797
               Mean approx_kl loss: 0.0101
           Mean clip_fraction loss: 0.1378
              Mean ratio_mean loss: 1.0001
          Mean advantage_mean loss: 0.0000
           Mean advantage_std loss: 1.0000
      Mean explained_variance loss: 0.9416
                       Mean reward: 24.08
               Mean episode length: 210.84
Episode_Reward/motion_global_anchor_pos: 0.1696
Episode_Reward/motion_global_anchor_ori: 0.1836
    Episode_Reward/motion_body_pos: 0.2766
    Episode_Reward/motion_body_ori: 0.0202
Episode_Reward/motion_body_lin_vel: 0.4808
Episode_Reward/motion_body_ang_vel: 0.2317
Episode_Reward/motion_anchor_lin_vel: 0.3852
           Episode_Reward/base_pos: 0.6867
         Episode_Reward/racket_pos: 0.0016
         Episode_Reward/racket_vel: 0.0290
         Episode_Reward/racket_ori: 0.4280
Episode_Reward/torso_forward_lean_l2: -0.0360
 Episode_Reward/base_ang_vel_xy_l2: -0.2297
 Episode_Reward/undesired_contacts: -0.0456
Episode_Reward/hitter_foot_slip_l2: -0.1910
Episode_Reward/hitter_hit_unstable_support: -0.0269
Episode_Reward/hitter_foot_edge_drag: -0.0303
    Episode_Reward/hip_yaw_default: 0.8508
     Episode_Reward/action_rate_l2: -0.6076
        Episode_Reward/joint_limit: -0.0105
          Episode_Reward/joint_acc: -0.0208
       Episode_Reward/joint_torque: -0.0080
   Metrics/motion/error_anchor_pos: 0.7351
   Metrics/motion/error_anchor_rot: 0.3266
Metrics/motion/error_anchor_lin_vel: 2.0815
Metrics/motion/error_anchor_ang_vel: 1.5158
     Metrics/motion/error_body_pos: 0.4045
     Metrics/motion/error_body_rot: 0.6967
 Metrics/motion/error_body_lin_vel: 2.2939
 Metrics/motion/error_body_ang_vel: 3.3154
    Metrics/motion/error_joint_pos: 2.1154
    Metrics/motion/error_joint_vel: 11.6025
   Metrics/motion/sampling_entropy: 0.0000
 Metrics/motion/sampling_top1_prob: 0.0000
  Metrics/motion/sampling_top1_bin: 0.0000
Metrics/motion/motion_sampling_prob_mean: 0.1429
Metrics/motion/motion_sampling_prob_std: 0.0000
Metrics/motion/motion_sampling_prob_min: 0.1429
Metrics/motion/motion_sampling_prob_max: 0.1429
Metrics/motion/motion_sampling_prob_entropy: 1.0000
Metrics/motion/hitter_strike_racket_pos_error: 0.6108
Metrics/motion/hitter_strike_racket_vel_error: 3.4140
Metrics/motion/hitter_strike_racket_ori_error: 0.0500
      Episode_Termination/time_out: 27.7500
    Episode_Termination/anchor_pos: 184.6250
    Episode_Termination/anchor_ori: 0.0000
--------------------------------------------------------------------------------
                   Total timesteps: 460800000
                    Iteration time: 10.68s
                      Time elapsed: 00:34:48
                               ETA: 05:38:42

################################################################################
                     [1m Learning iteration 192/10000 [0m                     

                       Computation: 222346 steps/s (collection: 9.222s, learning 1.572s)
             Mean action noise std: 0.51
          Mean value_function loss: 0.7711
               Mean surrogate loss: 0.0023
                 Mean entropy loss: 19.6054
               Mean approx_kl loss: 0.0117
           Mean clip_fraction loss: 0.1614
              Mean ratio_mean loss: 1.0000
          Mean advantage_mean loss: -0.0000
           Mean advantage_std loss: 1.0000
      Mean explained_variance loss: 0.9403
                       Mean reward: 28.42
               Mean episode length: 242.81
Episode_Reward/motion_global_anchor_pos: 0.1768
Episode_Reward/motion_global_anchor_ori: 0.1905
    Episode_Reward/motion_body_pos: 0.2873
    Episode_Reward/motion_body_ori: 0.0205
Episode_Reward/motion_body_lin_vel: 0.5013
Episode_Reward/motion_body_ang_vel: 0.2403
Episode_Reward/motion_anchor_lin_vel: 0.4016
           Episode_Reward/base_pos: 0.7183
         Episode_Reward/racket_pos: 0.0016
         Episode_Reward/racket_vel: 0.0292
         Episode_Reward/racket_ori: 0.4440
Episode_Reward/torso_forward_lean_l2: -0.0374
 Episode_Reward/base_ang_vel_xy_l2: -0.2383
 Episode_Reward/undesired_contacts: -0.0473
Episode_Reward/hitter_foot_slip_l2: -0.1968
Episode_Reward/hitter_hit_unstable_support: -0.0279
Episode_Reward/hitter_foot_edge_drag: -0.0317
    Episode_Reward/hip_yaw_default: 0.8832
     Episode_Reward/action_rate_l2: -0.6314
        Episode_Reward/joint_limit: -0.0108
          Episode_Reward/joint_acc: -0.0217
       Episode_Reward/joint_torque: -0.0083
   Metrics/motion/error_anchor_pos: 0.7262
   Metrics/motion/error_anchor_rot: 0.3205
Metrics/motion/error_anchor_lin_vel: 2.0542
Metrics/motion/error_anchor_ang_vel: 1.5062
     Metrics/motion/error_body_pos: 0.4016
     Metrics/motion/error_body_rot: 0.7020
 Metrics/motion/error_body_lin_vel: 2.2660
 Metrics/motion/error_body_ang_vel: 3.3457
    Metrics/motion/error_joint_pos: 2.1171
    Metrics/motion/error_joint_vel: 11.6754
   Metrics/motion/sampling_entropy: 0.0000
 Metrics/motion/sampling_top1_prob: 0.0000
  Metrics/motion/sampling_top1_bin: 0.0000
Metrics/motion/motion_sampling_prob_mean: 0.1429
Metrics/motion/motion_sampling_prob_std: 0.0000
Metrics/motion/motion_sampling_prob_min: 0.1429
Metrics/motion/motion_sampling_prob_max: 0.1429
Metrics/motion/motion_sampling_prob_entropy: 1.0000
Metrics/motion/hitter_strike_racket_pos_error: 0.6123
Metrics/motion/hitter_strike_racket_vel_error: 3.4363
Metrics/motion/hitter_strike_racket_ori_error: 0.0501
      Episode_Termination/time_out: 29.7500
    Episode_Termination/anchor_pos: 175.6667
    Episode_Termination/anchor_ori: 0.0000
--------------------------------------------------------------------------------
                   Total timesteps: 463200000
                    Iteration time: 10.79s
                      Time elapsed: 00:34:59
                               ETA: 05:38:27

################################################################################
                     [1m Learning iteration 193/10000 [0m                     

                       Computation: 225377 steps/s (collection: 9.109s, learning 1.540s)
             Mean action noise std: 0.51
          Mean value_function loss: 0.7972
               Mean surrogate loss: 0.0023
                 Mean entropy loss: 19.6263
               Mean approx_kl loss: 0.0127
           Mean clip_fraction loss: 0.1723
              Mean ratio_mean loss: 0.9999
          Mean advantage_mean loss: -0.0000
           Mean advantage_std loss: 1.0000
      Mean explained_variance loss: 0.9391
                       Mean reward: 27.43
               Mean episode length: 241.15
Episode_Reward/motion_global_anchor_pos: 0.1751
Episode_Reward/motion_global_anchor_ori: 0.1890
    Episode_Reward/motion_body_pos: 0.2851
    Episode_Reward/motion_body_ori: 0.0205
Episode_Reward/motion_body_lin_vel: 0.4981
Episode_Reward/motion_body_ang_vel: 0.2392
Episode_Reward/motion_anchor_lin_vel: 0.3991
           Episode_Reward/base_pos: 0.7108
         Episode_Reward/racket_pos: 0.0015
         Episode_Reward/racket_vel: 0.0287
         Episode_Reward/racket_ori: 0.4411
Episode_Reward/torso_forward_lean_l2: -0.0379
 Episode_Reward/base_ang_vel_xy_l2: -0.2381
 Episode_Reward/undesired_contacts: -0.0473
Episode_Reward/hitter_foot_slip_l2: -0.1957
Episode_Reward/hitter_hit_unstable_support: -0.0275
Episode_Reward/hitter_foot_edge_drag: -0.0316
    Episode_Reward/hip_yaw_default: 0.8786
     Episode_Reward/action_rate_l2: -0.6298
        Episode_Reward/joint_limit: -0.0108
          Episode_Reward/joint_acc: -0.0217
       Episode_Reward/joint_torque: -0.0083
   Metrics/motion/error_anchor_pos: 0.7299
   Metrics/motion/error_anchor_rot: 0.3294
Metrics/motion/error_anchor_lin_vel: 2.0480
Metrics/motion/error_anchor_ang_vel: 1.5256
     Metrics/motion/error_body_pos: 0.4033
     Metrics/motion/error_body_rot: 0.7030
 Metrics/motion/error_body_lin_vel: 2.2606
 Metrics/motion/error_body_ang_vel: 3.3086
    Metrics/motion/error_joint_pos: 2.1204
    Metrics/motion/error_joint_vel: 11.5364
   Metrics/motion/sampling_entropy: 0.0000
 Metrics/motion/sampling_top1_prob: 0.0000
  Metrics/motion/sampling_top1_bin: 0.0000
Metrics/motion/motion_sampling_prob_mean: 0.1429
Metrics/motion/motion_sampling_prob_std: 0.0000
Metrics/motion/motion_sampling_prob_min: 0.1429
Metrics/motion/motion_sampling_prob_max: 0.1429
Metrics/motion/motion_sampling_prob_entropy: 1.0000
Metrics/motion/hitter_strike_racket_pos_error: 0.6128
Metrics/motion/hitter_strike_racket_vel_error: 3.4518
Metrics/motion/hitter_strike_racket_ori_error: 0.0491
      Episode_Termination/time_out: 30.0417
    Episode_Termination/anchor_pos: 177.8750
    Episode_Termination/anchor_ori: 0.0000
--------------------------------------------------------------------------------
                   Total timesteps: 465600000
                    Iteration time: 10.65s
                      Time elapsed: 00:35:10
                               ETA: 05:38:04

################################################################################
                     [1m Learning iteration 194/10000 [0m                     

                       Computation: 221633 steps/s (collection: 9.079s, learning 1.749s)
             Mean action noise std: 0.51
          Mean value_function loss: 0.7666
               Mean surrogate loss: 0.0019
                 Mean entropy loss: 19.6450
               Mean approx_kl loss: 0.0106
           Mean clip_fraction loss: 0.1476
              Mean ratio_mean loss: 1.0000
          Mean advantage_mean loss: -0.0000
           Mean advantage_std loss: 1.0000
      Mean explained_variance loss: 0.9416
                       Mean reward: 24.18
               Mean episode length: 213.35
Episode_Reward/motion_global_anchor_pos: 0.1781
Episode_Reward/motion_global_anchor_ori: 0.1927
    Episode_Reward/motion_body_pos: 0.2916
    Episode_Reward/motion_body_ori: 0.0210
Episode_Reward/motion_body_lin_vel: 0.5085
Episode_Reward/motion_body_ang_vel: 0.2437
Episode_Reward/motion_anchor_lin_vel: 0.4074
           Episode_Reward/base_pos: 0.7251
         Episode_Reward/racket_pos: 0.0016
         Episode_Reward/racket_vel: 0.0295
         Episode_Reward/racket_ori: 0.4490
Episode_Reward/torso_forward_lean_l2: -0.0385
 Episode_Reward/base_ang_vel_xy_l2: -0.2428
 Episode_Reward/undesired_contacts: -0.0482
Episode_Reward/hitter_foot_slip_l2: -0.1992
Episode_Reward/hitter_hit_unstable_support: -0.0284
Episode_Reward/hitter_foot_edge_drag: -0.0324
    Episode_Reward/hip_yaw_default: 0.8952
     Episode_Reward/action_rate_l2: -0.6428
        Episode_Reward/joint_limit: -0.0111
          Episode_Reward/joint_acc: -0.0221
       Episode_Reward/joint_torque: -0.0085
   Metrics/motion/error_anchor_pos: 0.7301
   Metrics/motion/error_anchor_rot: 0.3268
Metrics/motion/error_anchor_lin_vel: 2.0412
Metrics/motion/error_anchor_ang_vel: 1.5296
     Metrics/motion/error_body_pos: 0.4018
     Metrics/motion/error_body_rot: 0.6973
 Metrics/motion/error_body_lin_vel: 2.2529
 Metrics/motion/error_body_ang_vel: 3.2958
    Metrics/motion/error_joint_pos: 2.1165
    Metrics/motion/error_joint_vel: 11.5383
   Metrics/motion/sampling_entropy: 0.0000
 Metrics/motion/sampling_top1_prob: 0.0000
  Metrics/motion/sampling_top1_bin: 0.0000
Metrics/motion/motion_sampling_prob_mean: 0.1429
Metrics/motion/motion_sampling_prob_std: 0.0000
Metrics/motion/motion_sampling_prob_min: 0.1429
Metrics/motion/motion_sampling_prob_max: 0.1429
Metrics/motion/motion_sampling_prob_entropy: 1.0000
Metrics/motion/hitter_strike_racket_pos_error: 0.6114
Metrics/motion/hitter_strike_racket_vel_error: 3.4549
Metrics/motion/hitter_strike_racket_ori_error: 0.0500
      Episode_Termination/time_out: 30.5833
    Episode_Termination/anchor_pos: 174.9167
    Episode_Termination/anchor_ori: 0.0000
--------------------------------------------------------------------------------
                   Total timesteps: 468000000
                    Iteration time: 10.83s
                      Time elapsed: 00:35:21
                               ETA: 05:37:51

################################################################################
                     [1m Learning iteration 195/10000 [0m                     

                       Computation: 220050 steps/s (collection: 9.174s, learning 1.733s)
             Mean action noise std: 0.51
          Mean value_function loss: 0.8257
               Mean surrogate loss: 0.0052
                 Mean entropy loss: 19.6585
               Mean approx_kl loss: 0.0164
           Mean clip_fraction loss: 0.2082
              Mean ratio_mean loss: 1.0000
          Mean advantage_mean loss: -0.0000
           Mean advantage_std loss: 1.0000
      Mean explained_variance loss: 0.9370
                       Mean reward: 27.35
               Mean episode length: 239.24
Episode_Reward/motion_global_anchor_pos: 0.1786
Episode_Reward/motion_global_anchor_ori: 0.1934
    Episode_Reward/motion_body_pos: 0.2926
    Episode_Reward/motion_body_ori: 0.0211
Episode_Reward/motion_body_lin_vel: 0.5110
Episode_Reward/motion_body_ang_vel: 0.2448
Episode_Reward/motion_anchor_lin_vel: 0.4095
           Episode_Reward/base_pos: 0.7235
         Episode_Reward/racket_pos: 0.0016
         Episode_Reward/racket_vel: 0.0291
         Episode_Reward/racket_ori: 0.4498
Episode_Reward/torso_forward_lean_l2: -0.0391
 Episode_Reward/base_ang_vel_xy_l2: -0.2451
 Episode_Reward/undesired_contacts: -0.0485
Episode_Reward/hitter_foot_slip_l2: -0.2002
Episode_Reward/hitter_hit_unstable_support: -0.0296
Episode_Reward/hitter_foot_edge_drag: -0.0327
    Episode_Reward/hip_yaw_default: 0.9001
     Episode_Reward/action_rate_l2: -0.6480
        Episode_Reward/joint_limit: -0.0113
          Episode_Reward/joint_acc: -0.0223
       Episode_Reward/joint_torque: -0.0085
   Metrics/motion/error_anchor_pos: 0.7387
   Metrics/motion/error_anchor_rot: 0.3376
Metrics/motion/error_anchor_lin_vel: 2.0534
Metrics/motion/error_anchor_ang_vel: 1.5334
     Metrics/motion/error_body_pos: 0.4031
     Metrics/motion/error_body_rot: 0.6963
 Metrics/motion/error_body_lin_vel: 2.2593
 Metrics/motion/error_body_ang_vel: 3.3345
    Metrics/motion/error_joint_pos: 2.1095
    Metrics/motion/error_joint_vel: 11.4953
   Metrics/motion/sampling_entropy: 0.0000
 Metrics/motion/sampling_top1_prob: 0.0000
  Metrics/motion/sampling_top1_bin: 0.0000
Metrics/motion/motion_sampling_prob_mean: 0.1429
Metrics/motion/motion_sampling_prob_std: 0.0000
Metrics/motion/motion_sampling_prob_min: 0.1429
Metrics/motion/motion_sampling_prob_max: 0.1429
Metrics/motion/motion_sampling_prob_entropy: 1.0000
Metrics/motion/hitter_strike_racket_pos_error: 0.6154
Metrics/motion/hitter_strike_racket_vel_error: 3.4693
Metrics/motion/hitter_strike_racket_ori_error: 0.0508
      Episode_Termination/time_out: 29.8333
    Episode_Termination/anchor_pos: 175.3333
    Episode_Termination/anchor_ori: 0.0000
--------------------------------------------------------------------------------
                   Total timesteps: 470400000
                    Iteration time: 10.91s
                      Time elapsed: 00:35:32
                               ETA: 05:37:42

################################################################################
                     [1m Learning iteration 196/10000 [0m                     

                       Computation: 223408 steps/s (collection: 9.292s, learning 1.450s)
             Mean action noise std: 0.51
          Mean value_function loss: 0.8359
               Mean surrogate loss: 0.0034
                 Mean entropy loss: 19.6731
               Mean approx_kl loss: 0.0131
           Mean clip_fraction loss: 0.1790
              Mean ratio_mean loss: 0.9999
          Mean advantage_mean loss: -0.0000
           Mean advantage_std loss: 1.0000
      Mean explained_variance loss: 0.9364
                       Mean reward: 30.11
               Mean episode length: 259.48
Episode_Reward/motion_global_anchor_pos: 0.1825
Episode_Reward/motion_global_anchor_ori: 0.1971
    Episode_Reward/motion_body_pos: 0.2989
    Episode_Reward/motion_body_ori: 0.0213
Episode_Reward/motion_body_lin_vel: 0.5237
Episode_Reward/motion_body_ang_vel: 0.2505
Episode_Reward/motion_anchor_lin_vel: 0.4196
           Episode_Reward/base_pos: 0.7416
         Episode_Reward/racket_pos: 0.0016
         Episode_Reward/racket_vel: 0.0294
         Episode_Reward/racket_ori: 0.4601
Episode_Reward/torso_forward_lean_l2: -0.0405
 Episode_Reward/base_ang_vel_xy_l2: -0.2510
 Episode_Reward/undesired_contacts: -0.0497
Episode_Reward/hitter_foot_slip_l2: -0.2033
Episode_Reward/hitter_hit_unstable_support: -0.0311
Episode_Reward/hitter_foot_edge_drag: -0.0337
    Episode_Reward/hip_yaw_default: 0.9200
     Episode_Reward/action_rate_l2: -0.6638
        Episode_Reward/joint_limit: -0.0118
          Episode_Reward/joint_acc: -0.0228
       Episode_Reward/joint_torque: -0.0088
   Metrics/motion/error_anchor_pos: 0.7359
   Metrics/motion/error_anchor_rot: 0.3469
Metrics/motion/error_anchor_lin_vel: 2.0204
Metrics/motion/error_anchor_ang_vel: 1.5452
     Metrics/motion/error_body_pos: 0.4025
     Metrics/motion/error_body_rot: 0.6993
 Metrics/motion/error_body_lin_vel: 2.2316
 Metrics/motion/error_body_ang_vel: 3.3047
    Metrics/motion/error_joint_pos: 2.1030
    Metrics/motion/error_joint_vel: 11.3983
   Metrics/motion/sampling_entropy: 0.0000
 Metrics/motion/sampling_top1_prob: 0.0000
  Metrics/motion/sampling_top1_bin: 0.0000
Metrics/motion/motion_sampling_prob_mean: 0.1429
Metrics/motion/motion_sampling_prob_std: 0.0000
Metrics/motion/motion_sampling_prob_min: 0.1429
Metrics/motion/motion_sampling_prob_max: 0.1429
Metrics/motion/motion_sampling_prob_entropy: 1.0000
Metrics/motion/hitter_strike_racket_pos_error: 0.6140
Metrics/motion/hitter_strike_racket_vel_error: 3.4953
Metrics/motion/hitter_strike_racket_ori_error: 0.0500
      Episode_Termination/time_out: 30.9583
    Episode_Termination/anchor_pos: 172.6250
    Episode_Termination/anchor_ori: 0.0000
--------------------------------------------------------------------------------
                   Total timesteps: 472800000
                    Iteration time: 10.74s
                      Time elapsed: 00:35:42
                               ETA: 05:37:24

################################################################################
                     [1m Learning iteration 197/10000 [0m                     

                       Computation: 225071 steps/s (collection: 9.422s, learning 1.241s)
             Mean action noise std: 0.51
          Mean value_function loss: 0.8347
               Mean surrogate loss: 0.0022
                 Mean entropy loss: 19.6868
               Mean approx_kl loss: 0.0118
           Mean clip_fraction loss: 0.1641
              Mean ratio_mean loss: 1.0002
          Mean advantage_mean loss: -0.0000
           Mean advantage_std loss: 1.0000
      Mean explained_variance loss: 0.9371
                       Mean reward: 26.12
               Mean episode length: 229.73
Episode_Reward/motion_global_anchor_pos: 0.1817
Episode_Reward/motion_global_anchor_ori: 0.1967
    Episode_Reward/motion_body_pos: 0.2981
    Episode_Reward/motion_body_ori: 0.0213
Episode_Reward/motion_body_lin_vel: 0.5231
Episode_Reward/motion_body_ang_vel: 0.2500
Episode_Reward/motion_anchor_lin_vel: 0.4192
           Episode_Reward/base_pos: 0.7349
         Episode_Reward/racket_pos: 0.0017
         Episode_Reward/racket_vel: 0.0288
         Episode_Reward/racket_ori: 0.4595
Episode_Reward/torso_forward_lean_l2: -0.0408
 Episode_Reward/base_ang_vel_xy_l2: -0.2516
 Episode_Reward/undesired_contacts: -0.0499
Episode_Reward/hitter_foot_slip_l2: -0.2033
Episode_Reward/hitter_hit_unstable_support: -0.0318
Episode_Reward/hitter_foot_edge_drag: -0.0338
    Episode_Reward/hip_yaw_default: 0.9195
     Episode_Reward/action_rate_l2: -0.6648
        Episode_Reward/joint_limit: -0.0119
          Episode_Reward/joint_acc: -0.0229
       Episode_Reward/joint_torque: -0.0088
   Metrics/motion/error_anchor_pos: 0.7388
   Metrics/motion/error_anchor_rot: 0.3511
Metrics/motion/error_anchor_lin_vel: 2.0260
Metrics/motion/error_anchor_ang_vel: 1.5581
     Metrics/motion/error_body_pos: 0.4026
     Metrics/motion/error_body_rot: 0.6936
 Metrics/motion/error_body_lin_vel: 2.2310
 Metrics/motion/error_body_ang_vel: 3.2985
    Metrics/motion/error_joint_pos: 2.0968
    Metrics/motion/error_joint_vel: 11.3615
   Metrics/motion/sampling_entropy: 0.0000
 Metrics/motion/sampling_top1_prob: 0.0000
  Metrics/motion/sampling_top1_bin: 0.0000
Metrics/motion/motion_sampling_prob_mean: 0.1429
Metrics/motion/motion_sampling_prob_std: 0.0000
Metrics/motion/motion_sampling_prob_min: 0.1429
Metrics/motion/motion_sampling_prob_max: 0.1429
Metrics/motion/motion_sampling_prob_entropy: 1.0000
Metrics/motion/hitter_strike_racket_pos_error: 0.6157
Metrics/motion/hitter_strike_racket_vel_error: 3.5041
Metrics/motion/hitter_strike_racket_ori_error: 0.0497
      Episode_Termination/time_out: 31.5000
    Episode_Termination/anchor_pos: 177.0000
    Episode_Termination/anchor_ori: 0.0000
--------------------------------------------------------------------------------
                   Total timesteps: 475200000
                    Iteration time: 10.66s
                      Time elapsed: 00:35:53
                               ETA: 05:37:02

################################################################################
                     [1m Learning iteration 198/10000 [0m                     

                       Computation: 227039 steps/s (collection: 9.375s, learning 1.196s)
             Mean action noise std: 0.51
          Mean value_function loss: 0.8570
               Mean surrogate loss: 0.0076
                 Mean entropy loss: 19.7001
               Mean approx_kl loss: 0.0204
           Mean clip_fraction loss: 0.2343
              Mean ratio_mean loss: 1.0000
          Mean advantage_mean loss: 0.0000
           Mean advantage_std loss: 1.0000
      Mean explained_variance loss: 0.9358
                       Mean reward: 24.89
               Mean episode length: 223.82
Episode_Reward/motion_global_anchor_pos: 0.1829
Episode_Reward/motion_global_anchor_ori: 0.1981
    Episode_Reward/motion_body_pos: 0.3004
    Episode_Reward/motion_body_ori: 0.0215
Episode_Reward/motion_body_lin_vel: 0.5284
Episode_Reward/motion_body_ang_vel: 0.2523
Episode_Reward/motion_anchor_lin_vel: 0.4234
           Episode_Reward/base_pos: 0.7420
         Episode_Reward/racket_pos: 0.0014
         Episode_Reward/racket_vel: 0.0287
         Episode_Reward/racket_ori: 0.4624
Episode_Reward/torso_forward_lean_l2: -0.0417
 Episode_Reward/base_ang_vel_xy_l2: -0.2552
 Episode_Reward/undesired_contacts: -0.0504
Episode_Reward/hitter_foot_slip_l2: -0.2048
Episode_Reward/hitter_hit_unstable_support: -0.0334
Episode_Reward/hitter_foot_edge_drag: -0.0344
    Episode_Reward/hip_yaw_default: 0.9281
     Episode_Reward/action_rate_l2: -0.6728
        Episode_Reward/joint_limit: -0.0120
          Episode_Reward/joint_acc: -0.0232
       Episode_Reward/joint_torque: -0.0089
   Metrics/motion/error_anchor_pos: 0.7441
   Metrics/motion/error_anchor_rot: 0.3590
Metrics/motion/error_anchor_lin_vel: 2.0118
Metrics/motion/error_anchor_ang_vel: 1.5683
     Metrics/motion/error_body_pos: 0.4032
     Metrics/motion/error_body_rot: 0.6931
 Metrics/motion/error_body_lin_vel: 2.2166
 Metrics/motion/error_body_ang_vel: 3.3136
    Metrics/motion/error_joint_pos: 2.0873
    Metrics/motion/error_joint_vel: 11.2680
   Metrics/motion/sampling_entropy: 0.0000
 Metrics/motion/sampling_top1_prob: 0.0000
  Metrics/motion/sampling_top1_bin: 0.0000
Metrics/motion/motion_sampling_prob_mean: 0.1429
Metrics/motion/motion_sampling_prob_std: 0.0000
Metrics/motion/motion_sampling_prob_min: 0.1429
Metrics/motion/motion_sampling_prob_max: 0.1429
Metrics/motion/motion_sampling_prob_entropy: 1.0000
Metrics/motion/hitter_strike_racket_pos_error: 0.6179
Metrics/motion/hitter_strike_racket_vel_error: 3.5312
Metrics/motion/hitter_strike_racket_ori_error: 0.0494
      Episode_Termination/time_out: 32.1667
    Episode_Termination/anchor_pos: 175.3333
    Episode_Termination/anchor_ori: 0.0000
--------------------------------------------------------------------------------
                   Total timesteps: 477600000
                    Iteration time: 10.57s
                      Time elapsed: 00:36:04
                               ETA: 05:36:37

################################################################################
                     [1m Learning iteration 199/10000 [0m                     

                       Computation: 226195 steps/s (collection: 9.087s, learning 1.524s)
             Mean action noise std: 0.51
          Mean value_function loss: 0.8294
               Mean surrogate loss: 0.0045
                 Mean entropy loss: 19.7052
               Mean approx_kl loss: 0.0144
           Mean clip_fraction loss: 0.1908
              Mean ratio_mean loss: 1.0000
          Mean advantage_mean loss: 0.0000
           Mean advantage_std loss: 1.0000
      Mean explained_variance loss: 0.9382
                       Mean reward: 26.04
               Mean episode length: 231.22
Episode_Reward/motion_global_anchor_pos: 0.1816
Episode_Reward/motion_global_anchor_ori: 0.1968
    Episode_Reward/motion_body_pos: 0.2997
    Episode_Reward/motion_body_ori: 0.0217
Episode_Reward/motion_body_lin_vel: 0.5261
Episode_Reward/motion_body_ang_vel: 0.2517
Episode_Reward/motion_anchor_lin_vel: 0.4216
           Episode_Reward/base_pos: 0.7386
         Episode_Reward/racket_pos: 0.0015
         Episode_Reward/racket_vel: 0.0288
         Episode_Reward/racket_ori: 0.4614
Episode_Reward/torso_forward_lean_l2: -0.0421
 Episode_Reward/base_ang_vel_xy_l2: -0.2551
 Episode_Reward/undesired_contacts: -0.0503
Episode_Reward/hitter_foot_slip_l2: -0.2044
Episode_Reward/hitter_hit_unstable_support: -0.0342
Episode_Reward/hitter_foot_edge_drag: -0.0343
    Episode_Reward/hip_yaw_default: 0.9249
     Episode_Reward/action_rate_l2: -0.6722
        Episode_Reward/joint_limit: -0.0122
          Episode_Reward/joint_acc: -0.0234
       Episode_Reward/joint_torque: -0.0089
   Metrics/motion/error_anchor_pos: 0.7531
   Metrics/motion/error_anchor_rot: 0.3674
Metrics/motion/error_anchor_lin_vel: 2.0312
Metrics/motion/error_anchor_ang_vel: 1.5846
     Metrics/motion/error_body_pos: 0.4054
     Metrics/motion/error_body_rot: 0.6936
 Metrics/motion/error_body_lin_vel: 2.2357
 Metrics/motion/error_body_ang_vel: 3.2872
    Metrics/motion/error_joint_pos: 2.0946
    Metrics/motion/error_joint_vel: 11.2168
   Metrics/motion/sampling_entropy: 0.0000
 Metrics/motion/sampling_top1_prob: 0.0000
  Metrics/motion/sampling_top1_bin: 0.0000
Metrics/motion/motion_sampling_prob_mean: 0.1429
Metrics/motion/motion_sampling_prob_std: 0.0000
Metrics/motion/motion_sampling_prob_min: 0.1429
Metrics/motion/motion_sampling_prob_max: 0.1429
Metrics/motion/motion_sampling_prob_entropy: 1.0000
Metrics/motion/hitter_strike_racket_pos_error: 0.6169
Metrics/motion/hitter_strike_racket_vel_error: 3.5274
Metrics/motion/hitter_strike_racket_ori_error: 0.0501
      Episode_Termination/time_out: 30.6250
    Episode_Termination/anchor_pos: 178.0833
    Episode_Termination/anchor_ori: 0.0000
--------------------------------------------------------------------------------
                   Total timesteps: 480000000
                    Iteration time: 10.61s
                      Time elapsed: 00:36:14
                               ETA: 05:36:13

################################################################################
                     [1m Learning iteration 200/10000 [0m                     

                       Computation: 223509 steps/s (collection: 8.914s, learning 1.823s)
             Mean action noise std: 0.51
          Mean value_function loss: 0.8070
               Mean surrogate loss: 0.0041
                 Mean entropy loss: 19.7110
               Mean approx_kl loss: 0.0145
           Mean clip_fraction loss: 0.1859
              Mean ratio_mean loss: 0.9999
          Mean advantage_mean loss: 0.0000
           Mean advantage_std loss: 1.0000
      Mean explained_variance loss: 0.9391
                       Mean reward: 28.20
               Mean episode length: 252.53
Episode_Reward/motion_global_anchor_pos: 0.1790
Episode_Reward/motion_global_anchor_ori: 0.1953
    Episode_Reward/motion_body_pos: 0.2971
    Episode_Reward/motion_body_ori: 0.0218
Episode_Reward/motion_body_lin_vel: 0.5226
Episode_Reward/motion_body_ang_vel: 0.2499
Episode_Reward/motion_anchor_lin_vel: 0.4189
           Episode_Reward/base_pos: 0.7271
         Episode_Reward/racket_pos: 0.0014
         Episode_Reward/racket_vel: 0.0273
         Episode_Reward/racket_ori: 0.4580
Episode_Reward/torso_forward_lean_l2: -0.0428
 Episode_Reward/base_ang_vel_xy_l2: -0.2551
 Episode_Reward/undesired_contacts: -0.0503
Episode_Reward/hitter_foot_slip_l2: -0.2030
Episode_Reward/hitter_hit_unstable_support: -0.0353
Episode_Reward/hitter_foot_edge_drag: -0.0344
    Episode_Reward/hip_yaw_default: 0.9195
     Episode_Reward/action_rate_l2: -0.6700
        Episode_Reward/joint_limit: -0.0125
          Episode_Reward/joint_acc: -0.0233
       Episode_Reward/joint_torque: -0.0089
   Metrics/motion/error_anchor_pos: 0.7557
   Metrics/motion/error_anchor_rot: 0.3698
Metrics/motion/error_anchor_lin_vel: 2.0243
Metrics/motion/error_anchor_ang_vel: 1.6106
     Metrics/motion/error_body_pos: 0.4061
     Metrics/motion/error_body_rot: 0.6927
 Metrics/motion/error_body_lin_vel: 2.2241
 Metrics/motion/error_body_ang_vel: 3.3216
    Metrics/motion/error_joint_pos: 2.0910
    Metrics/motion/error_joint_vel: 11.2140
   Metrics/motion/sampling_entropy: 0.0000
 Metrics/motion/sampling_top1_prob: 0.0000
  Metrics/motion/sampling_top1_bin: 0.0000
Metrics/motion/motion_sampling_prob_mean: 0.1429
Metrics/motion/motion_sampling_prob_std: 0.0000
Metrics/motion/motion_sampling_prob_min: 0.1429
Metrics/motion/motion_sampling_prob_max: 0.1429
Metrics/motion/motion_sampling_prob_entropy: 1.0000
Metrics/motion/hitter_strike_racket_pos_error: 0.6233
Metrics/motion/hitter_strike_racket_vel_error: 3.5580
Metrics/motion/hitter_strike_racket_ori_error: 0.0501
      Episode_Termination/time_out: 31.5417
    Episode_Termination/anchor_pos: 180.1250
    Episode_Termination/anchor_ori: 0.0000
--------------------------------------------------------------------------------
                   Total timesteps: 482400000
                    Iteration time: 10.74s
                      Time elapsed: 00:36:25
                               ETA: 05:35:55

################################################################################
                     [1m Learning iteration 201/10000 [0m                     

                       Computation: 226877 steps/s (collection: 9.021s, learning 1.558s)
             Mean action noise std: 0.51
          Mean value_function loss: 0.7852
               Mean surrogate loss: -0.0020
                 Mean entropy loss: 19.7173
               Mean approx_kl loss: 0.0054
           Mean clip_fraction loss: 0.0606
              Mean ratio_mean loss: 0.9999
          Mean advantage_mean loss: -0.0000
           Mean advantage_std loss: 1.0000
      Mean explained_variance loss: 0.9395
                       Mean reward: 26.88
               Mean episode length: 241.91
Episode_Reward/motion_global_anchor_pos: 0.1814
Episode_Reward/motion_global_anchor_ori: 0.1980
    Episode_Reward/motion_body_pos: 0.3013
    Episode_Reward/motion_body_ori: 0.0219
Episode_Reward/motion_body_lin_vel: 0.5304
Episode_Reward/motion_body_ang_vel: 0.2532
Episode_Reward/motion_anchor_lin_vel: 0.4252
           Episode_Reward/base_pos: 0.7372
         Episode_Reward/racket_pos: 0.0015
         Episode_Reward/racket_vel: 0.0275
         Episode_Reward/racket_ori: 0.4635
Episode_Reward/torso_forward_lean_l2: -0.0430
 Episode_Reward/base_ang_vel_xy_l2: -0.2586
 Episode_Reward/undesired_contacts: -0.0509
Episode_Reward/hitter_foot_slip_l2: -0.2056
Episode_Reward/hitter_hit_unstable_support: -0.0364
Episode_Reward/hitter_foot_edge_drag: -0.0350
    Episode_Reward/hip_yaw_default: 0.9322
     Episode_Reward/action_rate_l2: -0.6802
        Episode_Reward/joint_limit: -0.0124
          Episode_Reward/joint_acc: -0.0236
       Episode_Reward/joint_torque: -0.0091
   Metrics/motion/error_anchor_pos: 0.7538
   Metrics/motion/error_anchor_rot: 0.3641
Metrics/motion/error_anchor_lin_vel: 2.0139
Metrics/motion/error_anchor_ang_vel: 1.5997
     Metrics/motion/error_body_pos: 0.4022
     Metrics/motion/error_body_rot: 0.6958
 Metrics/motion/error_body_lin_vel: 2.2119
 Metrics/motion/error_body_ang_vel: 3.2968
    Metrics/motion/error_joint_pos: 2.0915
    Metrics/motion/error_joint_vel: 11.1912
   Metrics/motion/sampling_entropy: 0.0000
 Metrics/motion/sampling_top1_prob: 0.0000
  Metrics/motion/sampling_top1_bin: 0.0000
Metrics/motion/motion_sampling_prob_mean: 0.1429
Metrics/motion/motion_sampling_prob_std: 0.0000
Metrics/motion/motion_sampling_prob_min: 0.1429
Metrics/motion/motion_sampling_prob_max: 0.1429
Metrics/motion/motion_sampling_prob_entropy: 1.0000
Metrics/motion/hitter_strike_racket_pos_error: 0.6195
Metrics/motion/hitter_strike_racket_vel_error: 3.5681
Metrics/motion/hitter_strike_racket_ori_error: 0.0491
      Episode_Termination/time_out: 32.7500
    Episode_Termination/anchor_pos: 173.6667
    Episode_Termination/anchor_ori: 0.0000
--------------------------------------------------------------------------------
                   Total timesteps: 484800000
                    Iteration time: 10.58s
                      Time elapsed: 00:36:36
                               ETA: 05:35:30

################################################################################
                     [1m Learning iteration 202/10000 [0m                     

                       Computation: 225903 steps/s (collection: 8.780s, learning 1.844s)
             Mean action noise std: 0.51
          Mean value_function loss: 0.7714
               Mean surrogate loss: 0.0008
                 Mean entropy loss: 19.7175
               Mean approx_kl loss: 0.0105
           Mean clip_fraction loss: 0.1378
              Mean ratio_mean loss: 0.9999
          Mean advantage_mean loss: 0.0000
           Mean advantage_std loss: 1.0000
      Mean explained_variance loss: 0.9391
                       Mean reward: 28.15
               Mean episode length: 249.84
Episode_Reward/motion_global_anchor_pos: 0.1827
Episode_Reward/motion_global_anchor_ori: 0.2000
    Episode_Reward/motion_body_pos: 0.3045
    Episode_Reward/motion_body_ori: 0.0221
Episode_Reward/motion_body_lin_vel: 0.5366
Episode_Reward/motion_body_ang_vel: 0.2556
Episode_Reward/motion_anchor_lin_vel: 0.4298
           Episode_Reward/base_pos: 0.7455
         Episode_Reward/racket_pos: 0.0015
         Episode_Reward/racket_vel: 0.0287
         Episode_Reward/racket_ori: 0.4690
Episode_Reward/torso_forward_lean_l2: -0.0437
 Episode_Reward/base_ang_vel_xy_l2: -0.2611
 Episode_Reward/undesired_contacts: -0.0512
Episode_Reward/hitter_foot_slip_l2: -0.2070
Episode_Reward/hitter_hit_unstable_support: -0.0365
Episode_Reward/hitter_foot_edge_drag: -0.0355
    Episode_Reward/hip_yaw_default: 0.9412
     Episode_Reward/action_rate_l2: -0.6875
        Episode_Reward/joint_limit: -0.0129
          Episode_Reward/joint_acc: -0.0240
       Episode_Reward/joint_torque: -0.0092
   Metrics/motion/error_anchor_pos: 0.7463
   Metrics/motion/error_anchor_rot: 0.3574
Metrics/motion/error_anchor_lin_vel: 1.9995
Metrics/motion/error_anchor_ang_vel: 1.5992
     Metrics/motion/error_body_pos: 0.3993
     Metrics/motion/error_body_rot: 0.6873
 Metrics/motion/error_body_lin_vel: 2.2010
 Metrics/motion/error_body_ang_vel: 3.2964
    Metrics/motion/error_joint_pos: 2.0835
    Metrics/motion/error_joint_vel: 11.2976
   Metrics/motion/sampling_entropy: 0.0000
 Metrics/motion/sampling_top1_prob: 0.0000
  Metrics/motion/sampling_top1_bin: 0.0000
Metrics/motion/motion_sampling_prob_mean: 0.1429
Metrics/motion/motion_sampling_prob_std: 0.0000
Metrics/motion/motion_sampling_prob_min: 0.1429
Metrics/motion/motion_sampling_prob_max: 0.1429
Metrics/motion/motion_sampling_prob_entropy: 1.0000
Metrics/motion/hitter_strike_racket_pos_error: 0.6246
Metrics/motion/hitter_strike_racket_vel_error: 3.5475
Metrics/motion/hitter_strike_racket_ori_error: 0.0509
      Episode_Termination/time_out: 32.8750
    Episode_Termination/anchor_pos: 168.7500
    Episode_Termination/anchor_ori: 0.0000
--------------------------------------------------------------------------------
                   Total timesteps: 487200000
                    Iteration time: 10.62s
                      Time elapsed: 00:36:46
                               ETA: 05:35:07

################################################################################
                     [1m Learning iteration 203/10000 [0m                     

                       Computation: 225704 steps/s (collection: 9.316s, learning 1.317s)
             Mean action noise std: 0.51
          Mean value_function loss: 0.7932
               Mean surrogate loss: 0.0007
                 Mean entropy loss: 19.7287
               Mean approx_kl loss: 0.0096
           Mean clip_fraction loss: 0.1262
              Mean ratio_mean loss: 1.0000
          Mean advantage_mean loss: 0.0000
           Mean advantage_std loss: 1.0000
      Mean explained_variance loss: 0.9365
                       Mean reward: 23.35
               Mean episode length: 213.48
Episode_Reward/motion_global_anchor_pos: 0.1848
Episode_Reward/motion_global_anchor_ori: 0.2028
    Episode_Reward/motion_body_pos: 0.3085
    Episode_Reward/motion_body_ori: 0.0221
Episode_Reward/motion_body_lin_vel: 0.5439
Episode_Reward/motion_body_ang_vel: 0.2592
Episode_Reward/motion_anchor_lin_vel: 0.4359
           Episode_Reward/base_pos: 0.7577
         Episode_Reward/racket_pos: 0.0014
         Episode_Reward/racket_vel: 0.0294
         Episode_Reward/racket_ori: 0.4751
Episode_Reward/torso_forward_lean_l2: -0.0433
 Episode_Reward/base_ang_vel_xy_l2: -0.2644
 Episode_Reward/undesired_contacts: -0.0518
Episode_Reward/hitter_foot_slip_l2: -0.2099
Episode_Reward/hitter_hit_unstable_support: -0.0375
Episode_Reward/hitter_foot_edge_drag: -0.0359
    Episode_Reward/hip_yaw_default: 0.9538
     Episode_Reward/action_rate_l2: -0.6974
        Episode_Reward/joint_limit: -0.0128
          Episode_Reward/joint_acc: -0.0243
       Episode_Reward/joint_torque: -0.0094
   Metrics/motion/error_anchor_pos: 0.7490
   Metrics/motion/error_anchor_rot: 0.3605
Metrics/motion/error_anchor_lin_vel: 1.9957
Metrics/motion/error_anchor_ang_vel: 1.5834
     Metrics/motion/error_body_pos: 0.3994
     Metrics/motion/error_body_rot: 0.6959
 Metrics/motion/error_body_lin_vel: 2.2028
 Metrics/motion/error_body_ang_vel: 3.2886
    Metrics/motion/error_joint_pos: 2.0939
    Metrics/motion/error_joint_vel: 11.2557
   Metrics/motion/sampling_entropy: 0.0000
 Metrics/motion/sampling_top1_prob: 0.0000
  Metrics/motion/sampling_top1_bin: 0.0000
Metrics/motion/motion_sampling_prob_mean: 0.1429
Metrics/motion/motion_sampling_prob_std: 0.0000
Metrics/motion/motion_sampling_prob_min: 0.1429
Metrics/motion/motion_sampling_prob_max: 0.1429
Metrics/motion/motion_sampling_prob_entropy: 1.0000
Metrics/motion/hitter_strike_racket_pos_error: 0.6203
Metrics/motion/hitter_strike_racket_vel_error: 3.5347
Metrics/motion/hitter_strike_racket_ori_error: 0.0505
      Episode_Termination/time_out: 32.6667
    Episode_Termination/anchor_pos: 163.2083
    Episode_Termination/anchor_ori: 0.0000
--------------------------------------------------------------------------------
                   Total timesteps: 489600000
                    Iteration time: 10.63s
                      Time elapsed: 00:36:57
                               ETA: 05:34:45

swanlab: Upload attempt 1 failed for URL: 
https://swanlab-beta-private-1301372061.cos.ap-nanjing.myqcloud.com/files/5gns6i
dprmcosxd9uga4y/3dmevdrsabx6lwuvqwbwm/2026-06-09_14-04-54_hitter_mix_aligned_bac
khand_strike43_swanlab_2xa100_env50000_20260609_140439.onnx?X-Amz-Algorithm=AWS4
-HMAC-SHA256&X-Amz-Credential=AKIDMf0Y6nZSJ7ydq6ZAufP7plmX2e57JkAy%2F20260609%2F
ap-nanjing%2Fs3%2Faws4_request&X-Amz-Date=20260609T064639Z&X-Amz-Expires=3600&X-
Amz-SignedHeaders=host&X-Amz-Signature=ce6ff163b0170c344a76fd8a9032a326d250e4271
b3e02649e077f6fd397c950
swanlab: Upload attempt 1 failed for URL: 
https://swanlab-beta-private-1301372061.cos.ap-nanjing.myqcloud.com/files/5gns6i
dprmcosxd9uga4y/3dmevdrsabx6lwuvqwbwm/model_200.pt?X-Amz-Algorithm=AWS4-HMAC-SHA
256&X-Amz-Credential=AKIDMf0Y6nZSJ7ydq6ZAufP7plmX2e57JkAy%2F20260609%2Fap-nanjin
g%2Fs3%2Faws4_request&X-Amz-Date=20260609T064639Z&X-Amz-Expires=3600&X-Amz-Signe
dHeaders=host&X-Amz-Signature=efc121be8f418ca0b3a61378373682bd81b551c7d65415ffba
80ea4a27cbc195
################################################################################
                     [1m Learning iteration 204/10000 [0m                     

                       Computation: 222404 steps/s (collection: 9.127s, learning 1.664s)
             Mean action noise std: 0.51
          Mean value_function loss: 0.7619
               Mean surrogate loss: -0.0003
                 Mean entropy loss: 19.7386
               Mean approx_kl loss: 0.0088
           Mean clip_fraction loss: 0.1158
              Mean ratio_mean loss: 0.9999
          Mean advantage_mean loss: 0.0000
           Mean advantage_std loss: 1.0000
      Mean explained_variance loss: 0.9381
                       Mean reward: 28.40
               Mean episode length: 251.85
Episode_Reward/motion_global_anchor_pos: 0.1898
Episode_Reward/motion_global_anchor_ori: 0.2071
    Episode_Reward/motion_body_pos: 0.3166
    Episode_Reward/motion_body_ori: 0.0225
Episode_Reward/motion_body_lin_vel: 0.5576
Episode_Reward/motion_body_ang_vel: 0.2649
Episode_Reward/motion_anchor_lin_vel: 0.4469
           Episode_Reward/base_pos: 0.7733
         Episode_Reward/racket_pos: 0.0015
         Episode_Reward/racket_vel: 0.0301
         Episode_Reward/racket_ori: 0.4846
Episode_Reward/torso_forward_lean_l2: -0.0440
 Episode_Reward/base_ang_vel_xy_l2: -0.2704
 Episode_Reward/undesired_contacts: -0.0528
Episode_Reward/hitter_foot_slip_l2: -0.2131
Episode_Reward/hitter_hit_unstable_support: -0.0388
Episode_Reward/hitter_foot_edge_drag: -0.0370
    Episode_Reward/hip_yaw_default: 0.9751
     Episode_Reward/action_rate_l2: -0.7135
        Episode_Reward/joint_limit: -0.0131
          Episode_Reward/joint_acc: -0.0249
       Episode_Reward/joint_torque: -0.0096
   Metrics/motion/error_anchor_pos: 0.7368
   Metrics/motion/error_anchor_rot: 0.3516
Metrics/motion/error_anchor_lin_vel: 1.9676
Metrics/motion/error_anchor_ang_vel: 1.5656
     Metrics/motion/error_body_pos: 0.3946
     Metrics/motion/error_body_rot: 0.6956
 Metrics/motion/error_body_lin_vel: 2.1718
 Metrics/motion/error_body_ang_vel: 3.3180
    Metrics/motion/error_joint_pos: 2.0871
    Metrics/motion/error_joint_vel: 11.3538
   Metrics/motion/sampling_entropy: 0.0000
 Metrics/motion/sampling_top1_prob: 0.0000
  Metrics/motion/sampling_top1_bin: 0.0000
Metrics/motion/motion_sampling_prob_mean: 0.1429
Metrics/motion/motion_sampling_prob_std: 0.0000
Metrics/motion/motion_sampling_prob_min: 0.1429
Metrics/motion/motion_sampling_prob_max: 0.1429
Metrics/motion/motion_sampling_prob_entropy: 1.0000
Metrics/motion/hitter_strike_racket_pos_error: 0.6205
Metrics/motion/hitter_strike_racket_vel_error: 3.5485
Metrics/motion/hitter_strike_racket_ori_error: 0.0503
      Episode_Termination/time_out: 35.1667
    Episode_Termination/anchor_pos: 154.0833
    Episode_Termination/anchor_ori: 0.0000
--------------------------------------------------------------------------------
                   Total timesteps: 492000000
                    Iteration time: 10.79s
                      Time elapsed: 00:37:08
                               ETA: 05:34:30

################################################################################
                     [1m Learning iteration 205/10000 [0m                     

                       Computation: 224547 steps/s (collection: 9.123s, learning 1.565s)
             Mean action noise std: 0.51
          Mean value_function loss: 0.7444
               Mean surrogate loss: 0.0070
                 Mean entropy loss: 19.7566
               Mean approx_kl loss: 0.0209
           Mean clip_fraction loss: 0.2238
              Mean ratio_mean loss: 0.9999
          Mean advantage_mean loss: 0.0000
           Mean advantage_std loss: 1.0000
      Mean explained_variance loss: 0.9389
                       Mean reward: 27.94
               Mean episode length: 249.82
Episode_Reward/motion_global_anchor_pos: 0.1853
Episode_Reward/motion_global_anchor_ori: 0.2040
    Episode_Reward/motion_body_pos: 0.3119
    Episode_Reward/motion_body_ori: 0.0225
Episode_Reward/motion_body_lin_vel: 0.5485
Episode_Reward/motion_body_ang_vel: 0.2609
Episode_Reward/motion_anchor_lin_vel: 0.4400
           Episode_Reward/base_pos: 0.7592
         Episode_Reward/racket_pos: 0.0014
         Episode_Reward/racket_vel: 0.0292
         Episode_Reward/racket_ori: 0.4778
Episode_Reward/torso_forward_lean_l2: -0.0437
 Episode_Reward/base_ang_vel_xy_l2: -0.2683
 Episode_Reward/undesired_contacts: -0.0520
Episode_Reward/hitter_foot_slip_l2: -0.2118
Episode_Reward/hitter_hit_unstable_support: -0.0404
Episode_Reward/hitter_foot_edge_drag: -0.0367
    Episode_Reward/hip_yaw_default: 0.9625
     Episode_Reward/action_rate_l2: -0.7066
        Episode_Reward/joint_limit: -0.0131
          Episode_Reward/joint_acc: -0.0246
       Episode_Reward/joint_torque: -0.0096
   Metrics/motion/error_anchor_pos: 0.7495
   Metrics/motion/error_anchor_rot: 0.3592
Metrics/motion/error_anchor_lin_vel: 1.9848
Metrics/motion/error_anchor_ang_vel: 1.5953
     Metrics/motion/error_body_pos: 0.3973
     Metrics/motion/error_body_rot: 0.6916
 Metrics/motion/error_body_lin_vel: 2.1893
 Metrics/motion/error_body_ang_vel: 3.3208
    Metrics/motion/error_joint_pos: 2.0843
    Metrics/motion/error_joint_vel: 11.3043
   Metrics/motion/sampling_entropy: 0.0000
 Metrics/motion/sampling_top1_prob: 0.0000
  Metrics/motion/sampling_top1_bin: 0.0000
Metrics/motion/motion_sampling_prob_mean: 0.1429
Metrics/motion/motion_sampling_prob_std: 0.0000
Metrics/motion/motion_sampling_prob_min: 0.1429
Metrics/motion/motion_sampling_prob_max: 0.1429
Metrics/motion/motion_sampling_prob_entropy: 1.0000
Metrics/motion/hitter_strike_racket_pos_error: 0.6205
Metrics/motion/hitter_strike_racket_vel_error: 3.5463
Metrics/motion/hitter_strike_racket_ori_error: 0.0505
      Episode_Termination/time_out: 33.8333
    Episode_Termination/anchor_pos: 157.8333
    Episode_Termination/anchor_ori: 0.0000
--------------------------------------------------------------------------------
                   Total timesteps: 494400000
                    Iteration time: 10.69s
                      Time elapsed: 00:37:18
                               ETA: 05:34:11

################################################################################
                     [1m Learning iteration 206/10000 [0m                     

                       Computation: 222508 steps/s (collection: 9.027s, learning 1.759s)
             Mean action noise std: 0.51
          Mean value_function loss: 0.7156
               Mean surrogate loss: -0.0017
                 Mean entropy loss: 19.7583
               Mean approx_kl loss: 0.0057
           Mean clip_fraction loss: 0.0667
              Mean ratio_mean loss: 1.0000
          Mean advantage_mean loss: -0.0000
           Mean advantage_std loss: 1.0000
      Mean explained_variance loss: 0.9381
                       Mean reward: 28.77
               Mean episode length: 257.69
Episode_Reward/motion_global_anchor_pos: 0.1861
Episode_Reward/motion_global_anchor_ori: 0.2045
    Episode_Reward/motion_body_pos: 0.3142
    Episode_Reward/motion_body_ori: 0.0227
Episode_Reward/motion_body_lin_vel: 0.5510
Episode_Reward/motion_body_ang_vel: 0.2618
Episode_Reward/motion_anchor_lin_vel: 0.4417
           Episode_Reward/base_pos: 0.7614
         Episode_Reward/racket_pos: 0.0015
         Episode_Reward/racket_vel: 0.0297
         Episode_Reward/racket_ori: 0.4786
Episode_Reward/torso_forward_lean_l2: -0.0439
 Episode_Reward/base_ang_vel_xy_l2: -0.2693
 Episode_Reward/undesired_contacts: -0.0519
Episode_Reward/hitter_foot_slip_l2: -0.2126
Episode_Reward/hitter_hit_unstable_support: -0.0410
Episode_Reward/hitter_foot_edge_drag: -0.0369
    Episode_Reward/hip_yaw_default: 0.9660
     Episode_Reward/action_rate_l2: -0.7099
        Episode_Reward/joint_limit: -0.0135
          Episode_Reward/joint_acc: -0.0247
       Episode_Reward/joint_torque: -0.0097
   Metrics/motion/error_anchor_pos: 0.7490
   Metrics/motion/error_anchor_rot: 0.3571
Metrics/motion/error_anchor_lin_vel: 1.9813
Metrics/motion/error_anchor_ang_vel: 1.5778
     Metrics/motion/error_body_pos: 0.3953
     Metrics/motion/error_body_rot: 0.6897
 Metrics/motion/error_body_lin_vel: 2.1803
 Metrics/motion/error_body_ang_vel: 3.2830
    Metrics/motion/error_joint_pos: 2.0876
    Metrics/motion/error_joint_vel: 11.2378
   Metrics/motion/sampling_entropy: 0.0000
 Metrics/motion/sampling_top1_prob: 0.0000
  Metrics/motion/sampling_top1_bin: 0.0000
Metrics/motion/motion_sampling_prob_mean: 0.1429
Metrics/motion/motion_sampling_prob_std: 0.0000
Metrics/motion/motion_sampling_prob_min: 0.1429
Metrics/motion/motion_sampling_prob_max: 0.1429
Metrics/motion/motion_sampling_prob_entropy: 1.0000
Metrics/motion/hitter_strike_racket_pos_error: 0.6209
Metrics/motion/hitter_strike_racket_vel_error: 3.5462
Metrics/motion/hitter_strike_racket_ori_error: 0.0511
      Episode_Termination/time_out: 33.1250
    Episode_Termination/anchor_pos: 154.6250
    Episode_Termination/anchor_ori: 0.0000
--------------------------------------------------------------------------------
                   Total timesteps: 496800000
                    Iteration time: 10.79s
                      Time elapsed: 00:37:29
                               ETA: 05:33:56

swanlab: Upload attempt 2 failed for URL: 
https://swanlab-beta-private-1301372061.cos.ap-nanjing.myqcloud.com/files/5gns6i
dprmcosxd9uga4y/3dmevdrsabx6lwuvqwbwm/2026-06-09_14-04-54_hitter_mix_aligned_bac
khand_strike43_swanlab_2xa100_env50000_20260609_140439.onnx?X-Amz-Algorithm=AWS4
-HMAC-SHA256&X-Amz-Credential=AKIDMf0Y6nZSJ7ydq6ZAufP7plmX2e57JkAy%2F20260609%2F
ap-nanjing%2Fs3%2Faws4_request&X-Amz-Date=20260609T064639Z&X-Amz-Expires=3600&X-
Amz-SignedHeaders=host&X-Amz-Signature=ce6ff163b0170c344a76fd8a9032a326d250e4271
b3e02649e077f6fd397c950
swanlab: Upload attempt 2 failed for URL: 
https://swanlab-beta-private-1301372061.cos.ap-nanjing.myqcloud.com/files/5gns6i
dprmcosxd9uga4y/3dmevdrsabx6lwuvqwbwm/model_200.pt?X-Amz-Algorithm=AWS4-HMAC-SHA
256&X-Amz-Credential=AKIDMf0Y6nZSJ7ydq6ZAufP7plmX2e57JkAy%2F20260609%2Fap-nanjin
g%2Fs3%2Faws4_request&X-Amz-Date=20260609T064639Z&X-Amz-Expires=3600&X-Amz-Signe
dHeaders=host&X-Amz-Signature=efc121be8f418ca0b3a61378373682bd81b551c7d65415ffba
80ea4a27cbc195
################################################################################
                     [1m Learning iteration 207/10000 [0m                     

                       Computation: 223414 steps/s (collection: 8.906s, learning 1.837s)
             Mean action noise std: 0.51
          Mean value_function loss: 0.7351
               Mean surrogate loss: 0.0002
                 Mean entropy loss: 19.7557
               Mean approx_kl loss: 0.0091
           Mean clip_fraction loss: 0.1227
              Mean ratio_mean loss: 0.9999
          Mean advantage_mean loss: 0.0000
           Mean advantage_std loss: 1.0000
      Mean explained_variance loss: 0.9369
                       Mean reward: 30.39
               Mean episode length: 271.57
Episode_Reward/motion_global_anchor_pos: 0.1948
Episode_Reward/motion_global_anchor_ori: 0.2131
    Episode_Reward/motion_body_pos: 0.3269
    Episode_Reward/motion_body_ori: 0.0232
Episode_Reward/motion_body_lin_vel: 0.5759
Episode_Reward/motion_body_ang_vel: 0.2720
Episode_Reward/motion_anchor_lin_vel: 0.4615
           Episode_Reward/base_pos: 0.7951
         Episode_Reward/racket_pos: 0.0015
         Episode_Reward/racket_vel: 0.0307
         Episode_Reward/racket_ori: 0.4965
Episode_Reward/torso_forward_lean_l2: -0.0446
 Episode_Reward/base_ang_vel_xy_l2: -0.2791
 Episode_Reward/undesired_contacts: -0.0540
Episode_Reward/hitter_foot_slip_l2: -0.2193
Episode_Reward/hitter_hit_unstable_support: -0.0421
Episode_Reward/hitter_foot_edge_drag: -0.0385
    Episode_Reward/hip_yaw_default: 1.0044
     Episode_Reward/action_rate_l2: -0.7388
        Episode_Reward/joint_limit: -0.0138
          Episode_Reward/joint_acc: -0.0258
       Episode_Reward/joint_torque: -0.0100
   Metrics/motion/error_anchor_pos: 0.7282
   Metrics/motion/error_anchor_rot: 0.3469
Metrics/motion/error_anchor_lin_vel: 1.9233
Metrics/motion/error_anchor_ang_vel: 1.5681
     Metrics/motion/error_body_pos: 0.3889
     Metrics/motion/error_body_rot: 0.6930
 Metrics/motion/error_body_lin_vel: 2.1208
 Metrics/motion/error_body_ang_vel: 3.2732
    Metrics/motion/error_joint_pos: 2.0888
    Metrics/motion/error_joint_vel: 11.2441
   Metrics/motion/sampling_entropy: 0.0000
 Metrics/motion/sampling_top1_prob: 0.0000
  Metrics/motion/sampling_top1_bin: 0.0000
Metrics/motion/motion_sampling_prob_mean: 0.1429
Metrics/motion/motion_sampling_prob_std: 0.0000
Metrics/motion/motion_sampling_prob_min: 0.1429
Metrics/motion/motion_sampling_prob_max: 0.1429
Metrics/motion/motion_sampling_prob_entropy: 1.0000
Metrics/motion/hitter_strike_racket_pos_error: 0.6204
Metrics/motion/hitter_strike_racket_vel_error: 3.5487
Metrics/motion/hitter_strike_racket_ori_error: 0.0500
      Episode_Termination/time_out: 37.2083
    Episode_Termination/anchor_pos: 144.8750
    Episode_Termination/anchor_ori: 0.0000
--------------------------------------------------------------------------------
                   Total timesteps: 499200000
                    Iteration time: 10.74s
                      Time elapsed: 00:37:40
                               ETA: 05:33:39

################################################################################
                     [1m Learning iteration 208/10000 [0m                     

                       Computation: 222771 steps/s (collection: 9.095s, learning 1.678s)
             Mean action noise std: 0.51
          Mean value_function loss: 0.7948
               Mean surrogate loss: 0.0043
                 Mean entropy loss: 19.7622
               Mean approx_kl loss: 0.0159
           Mean clip_fraction loss: 0.1918
              Mean ratio_mean loss: 0.9999
          Mean advantage_mean loss: -0.0000
           Mean advantage_std loss: 1.0000
      Mean explained_variance loss: 0.9334
                       Mean reward: 26.32
               Mean episode length: 237.69
Episode_Reward/motion_global_anchor_pos: 0.1962
Episode_Reward/motion_global_anchor_ori: 0.2149
    Episode_Reward/motion_body_pos: 0.3296
    Episode_Reward/motion_body_ori: 0.0230
Episode_Reward/motion_body_lin_vel: 0.5816
Episode_Reward/motion_body_ang_vel: 0.2747
Episode_Reward/motion_anchor_lin_vel: 0.4662
           Episode_Reward/base_pos: 0.8035
         Episode_Reward/racket_pos: 0.0015
         Episode_Reward/racket_vel: 0.0306
         Episode_Reward/racket_ori: 0.5020
Episode_Reward/torso_forward_lean_l2: -0.0451
 Episode_Reward/base_ang_vel_xy_l2: -0.2835
 Episode_Reward/undesired_contacts: -0.0544
Episode_Reward/hitter_foot_slip_l2: -0.2212
Episode_Reward/hitter_hit_unstable_support: -0.0434
Episode_Reward/hitter_foot_edge_drag: -0.0392
    Episode_Reward/hip_yaw_default: 1.0144
     Episode_Reward/action_rate_l2: -0.7471
        Episode_Reward/joint_limit: -0.0139
          Episode_Reward/joint_acc: -0.0262
       Episode_Reward/joint_torque: -0.0102
   Metrics/motion/error_anchor_pos: 0.7363
   Metrics/motion/error_anchor_rot: 0.3520
Metrics/motion/error_anchor_lin_vel: 1.9395
Metrics/motion/error_anchor_ang_vel: 1.5815
     Metrics/motion/error_body_pos: 0.3901
     Metrics/motion/error_body_rot: 0.6934
 Metrics/motion/error_body_lin_vel: 2.1364
 Metrics/motion/error_body_ang_vel: 3.3061
    Metrics/motion/error_joint_pos: 2.0863
    Metrics/motion/error_joint_vel: 11.3021
   Metrics/motion/sampling_entropy: 0.0000
 Metrics/motion/sampling_top1_prob: 0.0000
  Metrics/motion/sampling_top1_bin: 0.0000
Metrics/motion/motion_sampling_prob_mean: 0.1429
Metrics/motion/motion_sampling_prob_std: 0.0000
Metrics/motion/motion_sampling_prob_min: 0.1429
Metrics/motion/motion_sampling_prob_max: 0.1429
Metrics/motion/motion_sampling_prob_entropy: 1.0000
Metrics/motion/hitter_strike_racket_pos_error: 0.6217
Metrics/motion/hitter_strike_racket_vel_error: 3.5584
Metrics/motion/hitter_strike_racket_ori_error: 0.0502
      Episode_Termination/time_out: 36.7500
    Episode_Termination/anchor_pos: 145.9167
    Episode_Termination/anchor_ori: 0.0000
--------------------------------------------------------------------------------
                   Total timesteps: 501600000
                    Iteration time: 10.77s
                      Time elapsed: 00:37:51
                               ETA: 05:33:24

^C