[INFO][AppLauncher]: Using device: cuda:0
[INFO][AppLauncher]: Loading experience file: /root/.venvs/isaaclab-mosaic/lib/python3.10/site-packages/isaaclab/apps/isaaclab.python.headless.rendering.kit
[Warning] [simulation_app.simulation_app] Modules: ['omni.kit_app'] were loaded before SimulationApp was started and might not be loaded correctly.
[Warning] [simulation_app.simulation_app] Please check to make sure no extra omniverse or pxr modules are imported before the call to SimulationApp(...)
Loading user config located at: '/root/.venvs/isaaclab-mosaic/lib/python3.10/site-packages/omni/data/Kit/Isaac-Sim/4.5/user.config.json'
[Info] [carb] Logging to file: /root/.venvs/isaaclab-mosaic/lib/python3.10/site-packages/omni/logs/Kit/Isaac-Sim/4.5/kit_20260612_005345.log
2026-06-11 16:53:45 [0ms] [Warning] [omni.kit.app.plugin] No crash reporter present, dumps uploading isn't available.
2026-06-11 16:53:45 [17ms] [Warning] [omni.ext.plugin] [ext: rendering_modes] Extensions config 'extension.toml' doesn't exist '/root/.venvs/isaaclab-mosaic/lib/python3.10/site-packages/isaaclab/apps/rendering_modes' or '/root/.venvs/isaaclab-mosaic/lib/python3.10/site-packages/isaaclab/apps/rendering_modes/config'
2026-06-11 16:53:46 [369ms] [Warning] [omni.datastore] OmniHub is inaccessible
2026-06-11 16:53:46 [403ms] [Warning] [carb.windowing-glfw.plugin] GLFW initialization failed.
2026-06-11 16:53:46 [403ms] [Warning] [carb] Failed to startup plugin carb.windowing-glfw.plugin (interfaces: [carb::windowing::IGLContext v1.0],[carb::windowing::IWindowing v1.5]) (impl: carb.windowing-glfw.plugin)
2026-06-11 16:53:46 [554ms] [Warning] [omni.platforminfo.plugin] failed to open the default display.  Can't verify X Server version.
2026-06-11 16:53:46 [1,148ms] [Warning] [carb.windowing-glfw.plugin] GLFW initialization failed.
2026-06-11 16:53:46 [1,148ms] [Warning] [carb] Failed to startup plugin carb.windowing-glfw.plugin (interfaces: [carb::windowing::IGLContext v1.0],[carb::windowing::IWindowing v1.5]) (impl: carb.windowing-glfw.plugin)
2026-06-11 16:53:46 [1,148ms] [Error] [carb.glinterop.plugin] GLInteropContext::init: carb::windowing is not available

|---------------------------------------------------------------------------------------------|
| Driver Version: 535.161.08    | Graphics API: Vulkan
|=============================================================================================|
| GPU | Name                             | Active | LDA | GPU Memory | Vendor-ID | LUID       |
|     |                                  |        |     |            | Device-ID | UUID       |
|     |                                  |        |     |            | Bus-ID    |            |
|---------------------------------------------------------------------------------------------|
| 0   | NVIDIA A100-SXM4-40GB            | Yes: 0 |     | 40960   MB | 10de      | 0          |
|     |                                  |        |     |            | 20b0      | d7b2f38c.. |
|     |                                  |        |     |            | 7         |            |
|---------------------------------------------------------------------------------------------|
| 1   | NVIDIA A100-SXM4-40GB            |        |     | 40960   MB | 10de      | 0          |
|     |                                  |        |     |            | 20b0      | 2765dc13.. |
|     |                                  |        |     |            | f         |            |
|=============================================================================================|
| OS: 22.04.4 LTS (Jammy Jellyfish) ubuntu, Version: 22.04.4, Kernel: 5.15.0-1053-nvidia
| Processor: AMD EPYC 7742 64-Core Processor
| Bare Metal Cores: 128 | Bare Metal Logical Cores: 256
| Core Usage Quota: 45
|---------------------------------------------------------------------------------------------|
| Total Memory (MB): 184320 | Free Memory: 166834
| Total Page/Swap (MB): 0 | Free Page/Swap: 0
|---------------------------------------------------------------------------------------------|
2026-06-11 16:53:48 [2,848ms] [Warning] [gpu.foundation.plugin] ECC is enabled on physical device 0
2026-06-11 16:53:48 [2,849ms] [Warning] [gpu.foundation.plugin] IOMMU is enabled.
2026-06-11 16:53:48 [2,849ms] [Warning] [gpu.foundation.plugin] Detected IOMMU is enabled. Running CUDA peer-to-peer bandwidth and latency validation.
Unidirectional P2P=Enabled Bandwidth (P2P Writes) Matrix (GB/s)
   D\D     0      1 
     0 1274.99 252.50 
     1 277.82 1291.32 
P2P=Enabled Latency (P2P Writes) Matrix (us)
   GPU     0      1 
     0   2.47   3.37 
     1   3.53   2.98 

   CPU     0      1 
     0   3.48   2.98 
     1   2.97   3.42 
2026-06-11 16:53:49 [3,912ms] [Warning] [carb.windowing-glfw.plugin] GLFW initialization failed.
2026-06-11 16:53:49 [3,912ms] [Warning] [carb] Failed to startup plugin carb.windowing-glfw.plugin (interfaces: [carb::windowing::IGLContext v1.0],[carb::windowing::IWindowing v1.5]) (impl: carb.windowing-glfw.plugin)
2026-06-11 16:53:49 [3,989ms] [Warning] [carb.windowing-glfw.plugin] GLFW initialization failed.
2026-06-11 16:53:49 [3,989ms] [Warning] [carb] Failed to startup plugin carb.windowing-glfw.plugin (interfaces: [carb::windowing::IGLContext v1.0],[carb::windowing::IWindowing v1.5]) (impl: carb.windowing-glfw.plugin)
2026-06-11 16:53:49 [3,998ms] [Warning] [carb.windowing-glfw.plugin] GLFW initialization failed.
2026-06-11 16:53:49 [3,998ms] [Warning] [carb] Failed to startup plugin carb.windowing-glfw.plugin (interfaces: [carb::windowing::IGLContext v1.0],[carb::windowing::IWindowing v1.5]) (impl: carb.windowing-glfw.plugin)
2026-06-11 16:53:49 [4,020ms] [Warning] [carb.windowing-glfw.plugin] GLFW initialization failed.
2026-06-11 16:53:49 [4,020ms] [Warning] [carb] Failed to startup plugin carb.windowing-glfw.plugin (interfaces: [carb::windowing::IGLContext v1.0],[carb::windowing::IWindowing v1.5]) (impl: carb.windowing-glfw.plugin)
2026-06-11 16:53:49 [4,022ms] [Warning] [carb.windowing-glfw.plugin] GLFW initialization failed.
2026-06-11 16:53:49 [4,022ms] [Warning] [carb] Failed to startup plugin carb.windowing-glfw.plugin (interfaces: [carb::windowing::IGLContext v1.0],[carb::windowing::IWindowing v1.5]) (impl: carb.windowing-glfw.plugin)
2026-06-11 16:53:49 [4,023ms] [Warning] [carb.windowing-glfw.plugin] GLFW initialization failed.
2026-06-11 16:53:49 [4,023ms] [Warning] [carb] Failed to startup plugin carb.windowing-glfw.plugin (interfaces: [carb::windowing::IGLContext v1.0],[carb::windowing::IWindowing v1.5]) (impl: carb.windowing-glfw.plugin)
2026-06-11 16:53:50 [4,487ms] [Warning] [omni.log] Source: omni.hydra was already registered.
2026-06-11 16:53:50 [4,541ms] [Warning] [omni.isaac.dynamic_control] omni.isaac.dynamic_control is deprecated as of Isaac Sim 4.5. No action is needed from end-users.
2026-06-11 16:53:53 [7,422ms] [Warning] [omni.replicator.core.scripts.extension] No material configuration file, adding configuration to material settings directly.
2026-06-11 16:53:56 [10,224ms] [Warning] [omni.usd-abi.plugin] No setting was found for '/rtx-defaults/ambientOcclusion/enabled'
2026-06-11 16:53:56 [10,224ms] [Warning] [omni.usd-abi.plugin] No setting was found for '/rtx-defaults/directLighting/sampledLighting/enabled'
2026-06-11 16:53:56 [10,224ms] [Warning] [omni.usd-abi.plugin] No setting was found for '/rtx-defaults/indirectDiffuse/enabled'
2026-06-11 16:53:56 [10,224ms] [Warning] [omni.usd-abi.plugin] No setting was found for '/rtx-defaults/raytracing/cached/enabled'
2026-06-11 16:53:56 [10,224ms] [Warning] [omni.usd-abi.plugin] No setting was found for '/rtx-defaults/reflections/enabled'
2026-06-11 16:53:56 [10,225ms] [Warning] [omni.usd-abi.plugin] No setting was found for '/rtx-defaults/sceneDb/ambientLightIntensity'
2026-06-11 16:53:56 [10,225ms] [Warning] [omni.usd-abi.plugin] No setting was found for '/rtx-defaults/translucency/enabled'
2026-06-11 16:53:56 [10,225ms] [Warning] [omni.usd-abi.plugin] No setting was found for '/rtx-defaults/viewTile/limit'
2026-06-11 16:53:56 [10,457ms] [Warning] [rtx.neuraylib.plugin] [IRAY:RENDER]   1.1   IRAY   rend warn : CUDA device 0 (NVIDIA A100-SXM4-40GB): ECC is enabled, this will reduce rendering performance (it is strongly recommended to disable ECC with iray)
2026-06-11 16:53:56 [10,464ms] [Warning] [rtx.neuraylib.plugin] [IRAY:RENDER]   1.1   IRAY   rend warn : CUDA device 1 (NVIDIA A100-SXM4-40GB): ECC is enabled, this will reduce rendering performance (it is strongly recommended to disable ECC with iray)
2026-06-11 16:53:56 [10,479ms] [Warning] [rtx.scenedb.plugin] SceneDbContext : TLAS limit buffer size 6998088704
2026-06-11 16:53:56 [10,479ms] [Warning] [rtx.scenedb.plugin] SceneDbContext : TLAS limit : valid false, within: false
2026-06-11 16:53:56 [10,479ms] [Warning] [rtx.scenedb.plugin] SceneDbContext : TLAS limit : decrement: 167690, decrement size: 6928108032
2026-06-11 16:53:56 [10,479ms] [Warning] [rtx.scenedb.plugin] SceneDbContext : New limit 10281689 (slope: 417, intercept: 5405696)
2026-06-11 16:53:56 [10,479ms] [Warning] [rtx.scenedb.plugin] SceneDbContext : TLAS limit buffer size 4290779520
2026-06-11 16:53:56 [10,479ms] [Warning] [rtx.scenedb.plugin] SceneDbContext : TLAS limit : valid true, within: true
2026-06-11 16:54:36 [50,767ms] [Warning] [omni.usd-abi.plugin] No setting was found for '/rtx-defaults/directLighting/sampledLighting/samplesPerPixel'
2026-06-11 16:54:36 [50,768ms] [Warning] [omni.usd-abi.plugin] No setting was found for '/rtx-defaults/pathtracing/maxSamplesPerLaunch'
2026-06-11 16:54:36 [50,768ms] [Warning] [omni.usd-abi.plugin] No setting was found for '/rtx-defaults-transient/meshlights/forceDisable'
2026-06-11 16:54:36 [50,859ms] [Warning] [omni.usd-abi.plugin] No setting was found for '/rtx-defaults/post/dlss/execMode'
2026-06-11 16:54:39 [53,918ms] [Warning] [rtx.postprocessing.plugin] DLSS-RR is not supported in the current build due to some known bugs with this GPU: NVIDIA A100-SXM4-40GB.Note that RTX Real-Time raytracing mode will not be able to denoise the output correctly.
[INFO]: Parsing configuration from: <class 'whole_body_tracking.tasks.hitter.config.g1.flat_env_cfg.G1HitterStrikingPlannerDomainFlatEnvCfg'>
[INFO]: Parsing configuration from: whole_body_tracking.tasks.hitter.config.g1.agents.rsl_rl_ppo_cfg:G1HitterStrikingPlannerDomainPPORunnerCfg
[INFO]: Parsing configuration from: whole_body_tracking.tasks.hitter.config.g1.agents.rsl_rl_ppo_cfg:G1HitterStrikingPlannerDomainPPORunnerCfg
[CLI] Simplified resume from CLI: /root/Hitter/MOSAIC-main/logs/rsl_rl/hitter_striking_g1/2026-06-11_19-14-25_hitter_mix_aligned_backhand_strike43_m4400_to_std010_keepnoise_freezenorm_lr1e4_localusd_swanlab_2xa100_env50000_20260611_191411/model_5000.pt
[CLI]   - load_run: 2026-06-11_19-14-25_hitter_mix_aligned_backhand_strike43_m4400_to_std010_keepnoise_freezenorm_lr1e4_localusd_swanlab_2xa100_env50000_20260611_191411
[CLI]   - checkpoint: model_5000.pt
[INFO] Loading experiment from directory: /root/Hitter/MOSAIC-main/logs/rsl_rl/hitter_striking_g1
[INFO]: Loading model checkpoint from: /root/Hitter/MOSAIC-main/logs/rsl_rl/hitter_striking_g1/2026-06-11_19-14-25_hitter_mix_aligned_backhand_strike43_m4400_to_std010_keepnoise_freezenorm_lr1e4_localusd_swanlab_2xa100_env50000_20260611_191411/model_5000.pt
[INFO]: Using motion directory or file from CLI: data/hitter_motions/hitter_mix_oldiphone_newwechat_20260609_backhand_strike43_aligned
[INFO]: Disabled motion group sampling ratios for evaluation (uniform sampling).
[INFO]: Forcing motion playback to start from frame 10.
[INFO]: Raised motion_dataset_load_cap to 2 so every motion group is available during playback.
[INFO]: Zeroed motion randomization ranges for evaluation.
[INFO]: Disabled observation corruption/noise for evaluation.
[INFO]: Disabled event terms for evaluation.
[INFO]: Disabling timeout termination for playback run.
2026-06-11 16:54:42 [57,186ms] [Warning] [isaaclab.envs.manager_based_env] Seed not set for the environment. The environment creation may not be deterministic.
[INFO]: Base environment:
	Environment device    : cuda:0
	Environment seed      : None
	Physics step-size     : 0.005
	Rendering step-size   : 0.02
	Environment step-size : 0.02
[INFO]: Time taken for scene creation : 0.225439 seconds
[INFO]: Scene manager:  <class InteractiveScene>
	Number of environments: 1
	Environment spacing   : 2.5
	Source prim name      : /World/envs/env_0
	Global prim paths     : ['/World/ground']
	Replicate physics     : True
[INFO]: Starting the simulation. This may take a few seconds. Please wait...
2026-06-11 16:54:46 [61,083ms] [Warning] [omni.hydra.scene_delegate.plugin] Calling getBypassRenderSkelMeshProcessing for prim /World/envs/env_0/Robot/left_ankle_pitch_link/visuals.proto_mesh_id0 that has not been populated
[INFO]: Time taken for simulation start : 2.936360 seconds
[2026-06-12 00:54:47,185][ogn_registration][INFO] - Looking for Python nodes to register in omni.kit.mainwindow-1.0.3
[2026-06-12 00:54:47,186][ogn_registration][INFO] -  -> Registered nodes from module omni.kit.mainwindow at /root/.venvs/isaaclab-mosaic/lib/python3.10/site-packages/omni/data/Kit/Isaac-Sim/4.5/exts/3/omni.kit.mainwindow-1.0.3+d02c707b
[2026-06-12 00:54:47,186][ogn_registration][INFO] - Registering nodes in /root/.venvs/isaaclab-mosaic/lib/python3.10/site-packages/omni/data/Kit/Isaac-Sim/4.5/exts/3/omni.kit.mainwindow-1.0.3+d02c707b imported as omni.kit.mainwindow with AutoNode config {}
[2026-06-12 00:54:47,186][ogn_registration][INFO] - Registering Python Node Types from omni.kit.mainwindow at /root/.venvs/isaaclab-mosaic/lib/python3.10/site-packages/omni/data/Kit/Isaac-Sim/4.5/exts/3/omni.kit.mainwindow-1.0.3+d02c707b in omni.kit.mainwindow
[2026-06-12 00:54:47,186][ogn_registration][INFO] - ========================================================================================================================
[2026-06-12 00:54:47,187][ogn_registration][INFO] - No dependency on omni.graph, therefore no nodes to register in omni.kit.mainwindow
[2026-06-12 00:54:47,187][ogn_registration][INFO] - ...None found, no registration to do
[2026-06-12 00:54:47,187][ogn_registration][INFO] - ...Skipping: No OmniGraph presence in the module omni.kit.mainwindow - No nodes in this module, do not remember it
[2026-06-12 00:54:47,187][ogn_registration][INFO] - Destroying registration record for omni.kit.mainwindow
[2026-06-12 00:54:47,187][ogn_registration][INFO] - OGN register omni.kit.mainwindow-1.0.3 took 1437017.000000
[2026-06-12 00:54:47,189][ogn_registration][INFO] - Looking for Python nodes to register in omni.uiaudio-1.0.0
[2026-06-12 00:54:47,189][ogn_registration][INFO] -  -> Registered nodes from module omni.kit.uiaudio at /root/.venvs/isaaclab-mosaic/lib/python3.10/site-packages/omni/data/Kit/Isaac-Sim/4.5/exts/3/omni.uiaudio-1.0.0+d02c707b.lx64.r.cp310
[2026-06-12 00:54:47,189][ogn_registration][INFO] - Registering nodes in /root/.venvs/isaaclab-mosaic/lib/python3.10/site-packages/omni/data/Kit/Isaac-Sim/4.5/exts/3/omni.uiaudio-1.0.0+d02c707b.lx64.r.cp310 imported as omni.kit.uiaudio with AutoNode config {}
[2026-06-12 00:54:47,189][ogn_registration][INFO] - Registering Python Node Types from omni.kit.uiaudio at /root/.venvs/isaaclab-mosaic/lib/python3.10/site-packages/omni/data/Kit/Isaac-Sim/4.5/exts/3/omni.uiaudio-1.0.0+d02c707b.lx64.r.cp310 in omni.uiaudio
[2026-06-12 00:54:47,189][ogn_registration][INFO] - ========================================================================================================================
[2026-06-12 00:54:47,190][ogn_registration][INFO] - No dependency on omni.graph, therefore no nodes to register in omni.uiaudio
[2026-06-12 00:54:47,190][ogn_registration][INFO] - ...None found, no registration to do
[2026-06-12 00:54:47,190][ogn_registration][INFO] - ...Skipping: No OmniGraph presence in the module omni.kit.uiaudio - No nodes in this module, do not remember it
[2026-06-12 00:54:47,190][ogn_registration][INFO] - Destroying registration record for omni.uiaudio
[2026-06-12 00:54:47,190][ogn_registration][INFO] - OGN register omni.uiaudio-1.0.0 took 826943.000000
[2026-06-12 00:54:47,190][ogn_registration][INFO] - Looking for Python nodes to register in omni.kit.uiapp-0.0.0
[2026-06-12 00:54:47,190][ogn_registration][INFO] - OGN register omni.kit.uiapp-0.0.0 took 71448.000000
[2026-06-12 00:54:47,210][ogn_registration][INFO] - Looking for Python nodes to register in omni.kit.asset_converter-2.8.9
[2026-06-12 00:54:47,210][ogn_registration][INFO] -  -> Registered nodes from module asset_converter_native_bindings at /root/.venvs/isaaclab-mosaic/lib/python3.10/site-packages/omni/data/Kit/Isaac-Sim/4.5/exts/3/omni.kit.asset_converter-2.8.9+106.5.0.lx64.r.cp310
[2026-06-12 00:54:47,211][ogn_registration][INFO] - Registering nodes in /root/.venvs/isaaclab-mosaic/lib/python3.10/site-packages/omni/data/Kit/Isaac-Sim/4.5/exts/3/omni.kit.asset_converter-2.8.9+106.5.0.lx64.r.cp310 imported as asset_converter_native_bindings with AutoNode config {}
[2026-06-12 00:54:47,211][ogn_registration][INFO] - Registering Python Node Types from asset_converter_native_bindings at /root/.venvs/isaaclab-mosaic/lib/python3.10/site-packages/omni/data/Kit/Isaac-Sim/4.5/exts/3/omni.kit.asset_converter-2.8.9+106.5.0.lx64.r.cp310 in omni.kit.asset_converter
[2026-06-12 00:54:47,211][ogn_registration][INFO] - ========================================================================================================================
[2026-06-12 00:54:47,211][ogn_registration][INFO] - No dependency on omni.graph, therefore no nodes to register in omni.kit.asset_converter
[2026-06-12 00:54:47,211][ogn_registration][INFO] - ...None found, no registration to do
[2026-06-12 00:54:47,211][ogn_registration][INFO] - ...Skipping: No OmniGraph presence in the module asset_converter_native_bindings - No nodes in this module, do not remember it
[2026-06-12 00:54:47,211][ogn_registration][INFO] - Destroying registration record for omni.kit.asset_converter
[2026-06-12 00:54:47,212][ogn_registration][INFO] -  -> Registered nodes from module omni.kit.asset_converter at /root/.venvs/isaaclab-mosaic/lib/python3.10/site-packages/omni/data/Kit/Isaac-Sim/4.5/exts/3/omni.kit.asset_converter-2.8.9+106.5.0.lx64.r.cp310
[2026-06-12 00:54:47,212][ogn_registration][INFO] - Registering nodes in /root/.venvs/isaaclab-mosaic/lib/python3.10/site-packages/omni/data/Kit/Isaac-Sim/4.5/exts/3/omni.kit.asset_converter-2.8.9+106.5.0.lx64.r.cp310 imported as omni.kit.asset_converter with AutoNode config {}
[2026-06-12 00:54:47,212][ogn_registration][INFO] - Registering Python Node Types from omni.kit.asset_converter at /root/.venvs/isaaclab-mosaic/lib/python3.10/site-packages/omni/data/Kit/Isaac-Sim/4.5/exts/3/omni.kit.asset_converter-2.8.9+106.5.0.lx64.r.cp310 in omni.kit.asset_converter
[2026-06-12 00:54:47,212][ogn_registration][INFO] - ========================================================================================================================
[2026-06-12 00:54:47,212][ogn_registration][INFO] - No dependency on omni.graph, therefore no nodes to register in omni.kit.asset_converter
[2026-06-12 00:54:47,212][ogn_registration][INFO] - ...None found, no registration to do
[2026-06-12 00:54:47,212][ogn_registration][INFO] - ...Skipping: No OmniGraph presence in the module omni.kit.asset_converter - No nodes in this module, do not remember it
[2026-06-12 00:54:47,212][ogn_registration][INFO] - Destroying registration record for omni.kit.asset_converter
[2026-06-12 00:54:47,212][ogn_registration][INFO] - OGN register omni.kit.asset_converter-2.8.9 took 2093805.000000
[2026-06-12 00:54:47,214][ogn_registration][INFO] - Looking for Python nodes to register in omni.kit.window.file_importer-1.1.14
[2026-06-12 00:54:47,214][ogn_registration][INFO] -  -> Registered nodes from module omni.kit.window.file_importer at /root/.venvs/isaaclab-mosaic/lib/python3.10/site-packages/omni/data/Kit/Isaac-Sim/4.5/exts/3/omni.kit.window.file_importer-1.1.14+d02c707b
[2026-06-12 00:54:47,214][ogn_registration][INFO] - Registering nodes in /root/.venvs/isaaclab-mosaic/lib/python3.10/site-packages/omni/data/Kit/Isaac-Sim/4.5/exts/3/omni.kit.window.file_importer-1.1.14+d02c707b imported as omni.kit.window.file_importer with AutoNode config {}
[2026-06-12 00:54:47,214][ogn_registration][INFO] - Registering Python Node Types from omni.kit.window.file_importer at /root/.venvs/isaaclab-mosaic/lib/python3.10/site-packages/omni/data/Kit/Isaac-Sim/4.5/exts/3/omni.kit.window.file_importer-1.1.14+d02c707b in omni.kit.window.file_importer
[2026-06-12 00:54:47,214][ogn_registration][INFO] - ========================================================================================================================
[2026-06-12 00:54:47,215][ogn_registration][INFO] - No dependency on omni.graph, therefore no nodes to register in omni.kit.window.file_importer
[2026-06-12 00:54:47,215][ogn_registration][INFO] - ...None found, no registration to do
[2026-06-12 00:54:47,215][ogn_registration][INFO] - ...Skipping: No OmniGraph presence in the module omni.kit.window.file_importer - No nodes in this module, do not remember it
[2026-06-12 00:54:47,215][ogn_registration][INFO] - Destroying registration record for omni.kit.window.file_importer
[2026-06-12 00:54:47,215][ogn_registration][INFO] - OGN register omni.kit.window.file_importer-1.1.14 took 1194862.000000
[2026-06-12 00:54:47,216][ogn_registration][INFO] - Looking for Python nodes to register in omni.kit.window.drop_support-1.0.4
[2026-06-12 00:54:47,216][ogn_registration][INFO] -  -> Registered nodes from module omni.kit.window.drop_support at /root/.venvs/isaaclab-mosaic/lib/python3.10/site-packages/omni/data/Kit/Isaac-Sim/4.5/exts/3/omni.kit.window.drop_support-1.0.4+d02c707b
[2026-06-12 00:54:47,216][ogn_registration][INFO] - Registering nodes in /root/.venvs/isaaclab-mosaic/lib/python3.10/site-packages/omni/data/Kit/Isaac-Sim/4.5/exts/3/omni.kit.window.drop_support-1.0.4+d02c707b imported as omni.kit.window.drop_support with AutoNode config {}
[2026-06-12 00:54:47,216][ogn_registration][INFO] - Registering Python Node Types from omni.kit.window.drop_support at /root/.venvs/isaaclab-mosaic/lib/python3.10/site-packages/omni/data/Kit/Isaac-Sim/4.5/exts/3/omni.kit.window.drop_support-1.0.4+d02c707b in omni.kit.window.drop_support
[2026-06-12 00:54:47,216][ogn_registration][INFO] - ========================================================================================================================
[2026-06-12 00:54:47,217][ogn_registration][INFO] - No dependency on omni.graph, therefore no nodes to register in omni.kit.window.drop_support
[2026-06-12 00:54:47,217][ogn_registration][INFO] - ...None found, no registration to do
[2026-06-12 00:54:47,217][ogn_registration][INFO] - ...Skipping: No OmniGraph presence in the module omni.kit.window.drop_support - No nodes in this module, do not remember it
[2026-06-12 00:54:47,217][ogn_registration][INFO] - Destroying registration record for omni.kit.window.drop_support
[2026-06-12 00:54:47,217][ogn_registration][INFO] - OGN register omni.kit.window.drop_support-1.0.4 took 871653.000000
[2026-06-12 00:54:47,218][ogn_registration][INFO] - Looking for Python nodes to register in omni.kit.manipulator.viewport-107.0.1
[2026-06-12 00:54:47,218][ogn_registration][INFO] -  -> Registered nodes from module omni.kit.manipulator.viewport at /root/.venvs/isaaclab-mosaic/lib/python3.10/site-packages/omni/data/Kit/Isaac-Sim/4.5/exts/3/omni.kit.manipulator.viewport-107.0.1+d02c707b
[2026-06-12 00:54:47,218][ogn_registration][INFO] - Registering nodes in /root/.venvs/isaaclab-mosaic/lib/python3.10/site-packages/omni/data/Kit/Isaac-Sim/4.5/exts/3/omni.kit.manipulator.viewport-107.0.1+d02c707b imported as omni.kit.manipulator.viewport with AutoNode config {}
[2026-06-12 00:54:47,219][ogn_registration][INFO] - Registering Python Node Types from omni.kit.manipulator.viewport at /root/.venvs/isaaclab-mosaic/lib/python3.10/site-packages/omni/data/Kit/Isaac-Sim/4.5/exts/3/omni.kit.manipulator.viewport-107.0.1+d02c707b in omni.kit.manipulator.viewport
[2026-06-12 00:54:47,219][ogn_registration][INFO] - ========================================================================================================================
[2026-06-12 00:54:47,219][ogn_registration][INFO] - No dependency on omni.graph, therefore no nodes to register in omni.kit.manipulator.viewport
[2026-06-12 00:54:47,219][ogn_registration][INFO] - ...None found, no registration to do
[2026-06-12 00:54:47,219][ogn_registration][INFO] - ...Skipping: No OmniGraph presence in the module omni.kit.manipulator.viewport - No nodes in this module, do not remember it
[2026-06-12 00:54:47,219][ogn_registration][INFO] - Destroying registration record for omni.kit.manipulator.viewport
[2026-06-12 00:54:47,219][ogn_registration][INFO] - OGN register omni.kit.manipulator.viewport-107.0.1 took 1164398.000000
[2026-06-12 00:54:47,230][ogn_registration][INFO] - Looking for Python nodes to register in omni.graph.visualization.nodes-2.1.1
[2026-06-12 00:54:47,231][ogn_registration][INFO] -  -> Registered nodes from module omni.graph.visualization.nodes at /root/.venvs/isaaclab-mosaic/lib/python3.10/site-packages/omni/data/Kit/Isaac-Sim/4.5/exts/3/omni.graph.visualization.nodes-2.1.1
[2026-06-12 00:54:47,231][ogn_registration][INFO] - Registering nodes in /root/.venvs/isaaclab-mosaic/lib/python3.10/site-packages/omni/data/Kit/Isaac-Sim/4.5/exts/3/omni.graph.visualization.nodes-2.1.1 imported as omni.graph.visualization.nodes with AutoNode config {}
[2026-06-12 00:54:47,231][ogn_registration][INFO] - Registering Python Node Types from omni.graph.visualization.nodes at /root/.venvs/isaaclab-mosaic/lib/python3.10/site-packages/omni/data/Kit/Isaac-Sim/4.5/exts/3/omni.graph.visualization.nodes-2.1.1 in omni.graph.visualization.nodes
[2026-06-12 00:54:47,231][ogn_registration][INFO] - ========================================================================================================================
[2026-06-12 00:54:47,232][ogn_registration][INFO] - Finding OmniGraph extension content manager for omni.graph.visualization.nodes-2.1.1 in module omni.graph.visualization.nodes at /root/.venvs/isaaclab-mosaic/lib/python3.10/site-packages/omni/data/Kit/Isaac-Sim/4.5/exts/3/omni.graph.visualization.nodes-2.1.1
[2026-06-12 00:54:47,232][ogn_registration][INFO] - -> New generated folder /root/.venvs/isaaclab-mosaic/lib/python3.10/site-packages/omni/data/Kit/Isaac-Sim/4.5/exts/3/omni.graph.visualization.nodes-2.1.1/ogn/omni.graph.visualization.nodes is not a directory
[2026-06-12 00:54:47,232][ogn_registration][INFO] - Creating OmniGraph extension management class
[2026-06-12 00:54:47,233][ogn_registration][INFO] - Created base content manager for module omni.graph.visualization.nodes (/root/.venvs/isaaclab-mosaic/lib/python3.10/site-packages/omni/data/Kit/Isaac-Sim/4.5/exts/3/omni.graph.visualization.nodes-2.1.1/omni/graph/visualization/nodes/__init__.py - /root/.venvs/isaaclab-mosaic/lib/python3.10/site-packages/omni/data/Kit/Isaac-Sim/4.5/exts/3/omni.graph.visualization.nodes-2.1.1/omni/graph/visualization/nodes) in extension omni.graph.visualization.nodes-2.1.1 at /root/.venvs/isaaclab-mosaic/lib/python3.10/site-packages/omni/data/Kit/Isaac-Sim/4.5/exts/3/omni.graph.visualization.nodes-2.1.1 using cache /root/.venvs/isaaclab-mosaic/lib/python3.10/site-packages/omni/cache/ogn_generated/1.79.1/omni.graph.visualization.nodes-2.1.1/omni.graph.visualization.nodes/ogn
[2026-06-12 00:54:47,233][ogn_registration][INFO] - Creating 1.18 extension manager for omni.graph.visualization.nodes-2.1.1 in <module 'omni.graph.visualization.nodes' from '/root/.venvs/isaaclab-mosaic/lib/python3.10/site-packages/omni/data/Kit/Isaac-Sim/4.5/exts/3/omni.graph.visualization.nodes-2.1.1/omni/graph/visualization/nodes/__init__.py'> at /root/.venvs/isaaclab-mosaic/lib/python3.10/site-packages/omni/data/Kit/Isaac-Sim/4.5/exts/3/omni.graph.visualization.nodes-2.1.1
[2026-06-12 00:54:47,233][ogn_registration][INFO] - Using cache directory /root/.venvs/isaaclab-mosaic/lib/python3.10/site-packages/omni/cache/ogn_generated/1.79.1/omni.graph.visualization.nodes-2.1.1/omni.graph.visualization.nodes/ogn
[2026-06-12 00:54:47,233][ogn_registration][INFO] - Scanning for V1.18 node in /root/.venvs/isaaclab-mosaic/lib/python3.10/site-packages/omni/data/Kit/Isaac-Sim/4.5/exts/3/omni.graph.visualization.nodes-2.1.1/omni/graph/visualization/nodes/ogn
[2026-06-12 00:54:47,233][ogn_registration][INFO] - Scanning omni.graph.visualization.nodes-2.1.1 for nodes in OGN path /root/.venvs/isaaclab-mosaic/lib/python3.10/site-packages/omni/data/Kit/Isaac-Sim/4.5/exts/3/omni.graph.visualization.nodes-2.1.1/omni/graph/visualization/nodes/ogn
[2026-06-12 00:54:47,233][ogn_registration][INFO] - _walk_with_excludes(start=/root/.venvs/isaaclab-mosaic/lib/python3.10/site-packages/omni/data/Kit/Isaac-Sim/4.5/exts/3/omni.graph.visualization.nodes-2.1.1/omni/graph/visualization/nodes/ogn, exclude=['__pycache__'])
[2026-06-12 00:54:47,234][ogn_registration][INFO] -    ... walked /root/.venvs/isaaclab-mosaic/lib/python3.10/site-packages/omni/data/Kit/Isaac-Sim/4.5/exts/3/omni.graph.visualization.nodes-2.1.1/omni/graph/visualization/nodes/ogn, ['nodes', 'tests'], ['OgnDrawScreenSpaceTextDatabase.py', 'OgnDrawLineDatabase.py', '__ogn_files_prebuilt', 'OgnDrawLabelDatabase.py']
[2026-06-12 00:54:47,235][ogn_registration][INFO] - ....Adding scanned directory /root/.venvs/isaaclab-mosaic/lib/python3.10/site-packages/omni/data/Kit/Isaac-Sim/4.5/exts/3/omni.graph.visualization.nodes-2.1.1/omni/graph/visualization/nodes/ogn/nodes
[2026-06-12 00:54:47,235][ogn_registration][INFO] -    ... walked /root/.venvs/isaaclab-mosaic/lib/python3.10/site-packages/omni/data/Kit/Isaac-Sim/4.5/exts/3/omni.graph.visualization.nodes-2.1.1/omni/graph/visualization/nodes/ogn/nodes, [], ['OgnDrawLabel.ogn', 'OgnDrawLine.py', 'OgnDrawLine.ogn', 'OgnDrawScreenSpaceText.ogn', 'OgnDrawScreenSpaceText.py', 'OgnDrawLabel.py']
[2026-06-12 00:54:47,236][ogn_registration][INFO] -    ... walked /root/.venvs/isaaclab-mosaic/lib/python3.10/site-packages/omni/data/Kit/Isaac-Sim/4.5/exts/3/omni.graph.visualization.nodes-2.1.1/omni/graph/visualization/nodes/ogn/tests, ['usd'], ['TestOgnDrawLabel.py', 'TestOgnDrawLine.py', '__init__.py', 'TestOgnDrawScreenSpaceText.py']
[2026-06-12 00:54:47,236][ogn_registration][INFO] - ....Adding scanned directory /root/.venvs/isaaclab-mosaic/lib/python3.10/site-packages/omni/data/Kit/Isaac-Sim/4.5/exts/3/omni.graph.visualization.nodes-2.1.1/omni/graph/visualization/nodes/ogn/tests/usd
[2026-06-12 00:54:47,236][ogn_registration][INFO] -    ... walked /root/.venvs/isaaclab-mosaic/lib/python3.10/site-packages/omni/data/Kit/Isaac-Sim/4.5/exts/3/omni.graph.visualization.nodes-2.1.1/omni/graph/visualization/nodes/ogn/tests/usd, [], ['OgnDrawLineTemplate.usda', 'OgnDrawScreenSpaceTextTemplate.usda', 'OgnDrawLabelTemplate.usda']
[2026-06-12 00:54:47,238][ogn_registration][INFO] - ...extracted db versions VersionProperties.GENERATOR = (1, 27, 1), VersionProperties.TARGET = (2, 103, 1) from /root/.venvs/isaaclab-mosaic/lib/python3.10/site-packages/omni/data/Kit/Isaac-Sim/4.5/exts/3/omni.graph.visualization.nodes-2.1.1/omni/graph/visualization/nodes/ogn/OgnDrawScreenSpaceTextDatabase.py (True)
[2026-06-12 00:54:47,238][ogn_registration][INFO] - ...found file of type FileType.PYTHON_DB - /root/.venvs/isaaclab-mosaic/lib/python3.10/site-packages/omni/data/Kit/Isaac-Sim/4.5/exts/3/omni.graph.visualization.nodes-2.1.1/omni/graph/visualization/nodes/ogn/OgnDrawScreenSpaceTextDatabase.py
[2026-06-12 00:54:47,238][ogn_registration][INFO] - ...found file of type FileType.PYTHON_DB - /root/.venvs/isaaclab-mosaic/lib/python3.10/site-packages/omni/data/Kit/Isaac-Sim/4.5/exts/3/omni.graph.visualization.nodes-2.1.1/omni/graph/visualization/nodes/ogn/OgnDrawLineDatabase.py
[2026-06-12 00:54:47,238][ogn_registration][INFO] - ...found file of type FileType.PYTHON_DB - /root/.venvs/isaaclab-mosaic/lib/python3.10/site-packages/omni/data/Kit/Isaac-Sim/4.5/exts/3/omni.graph.visualization.nodes-2.1.1/omni/graph/visualization/nodes/ogn/OgnDrawLabelDatabase.py
[2026-06-12 00:54:47,238][ogn_registration][INFO] - ...found file of type FileType.PYTHON - /root/.venvs/isaaclab-mosaic/lib/python3.10/site-packages/omni/data/Kit/Isaac-Sim/4.5/exts/3/omni.graph.visualization.nodes-2.1.1/omni/graph/visualization/nodes/ogn/nodes/OgnDrawLine.py
[2026-06-12 00:54:47,238][ogn_registration][INFO] - ...found file of type FileType.PYTHON - /root/.venvs/isaaclab-mosaic/lib/python3.10/site-packages/omni/data/Kit/Isaac-Sim/4.5/exts/3/omni.graph.visualization.nodes-2.1.1/omni/graph/visualization/nodes/ogn/nodes/OgnDrawScreenSpaceText.py
[2026-06-12 00:54:47,238][ogn_registration][INFO] - ...found file of type FileType.PYTHON - /root/.venvs/isaaclab-mosaic/lib/python3.10/site-packages/omni/data/Kit/Isaac-Sim/4.5/exts/3/omni.graph.visualization.nodes-2.1.1/omni/graph/visualization/nodes/ogn/nodes/OgnDrawLabel.py
[2026-06-12 00:54:47,239][ogn_registration][INFO] - ...found file of type FileType.TEST - /root/.venvs/isaaclab-mosaic/lib/python3.10/site-packages/omni/data/Kit/Isaac-Sim/4.5/exts/3/omni.graph.visualization.nodes-2.1.1/omni/graph/visualization/nodes/ogn/tests/TestOgnDrawLabel.py
[2026-06-12 00:54:47,239][ogn_registration][INFO] - ...found file of type FileType.TEST - /root/.venvs/isaaclab-mosaic/lib/python3.10/site-packages/omni/data/Kit/Isaac-Sim/4.5/exts/3/omni.graph.visualization.nodes-2.1.1/omni/graph/visualization/nodes/ogn/tests/TestOgnDrawLine.py
[2026-06-12 00:54:47,239][ogn_registration][INFO] - ...found file of type FileType.PYTHON - /root/.venvs/isaaclab-mosaic/lib/python3.10/site-packages/omni/data/Kit/Isaac-Sim/4.5/exts/3/omni.graph.visualization.nodes-2.1.1/omni/graph/visualization/nodes/ogn/tests/__init__.py
[2026-06-12 00:54:47,239][ogn_registration][INFO] - ...found file of type FileType.TEST - /root/.venvs/isaaclab-mosaic/lib/python3.10/site-packages/omni/data/Kit/Isaac-Sim/4.5/exts/3/omni.graph.visualization.nodes-2.1.1/omni/graph/visualization/nodes/ogn/tests/TestOgnDrawScreenSpaceText.py
[2026-06-12 00:54:47,239][ogn_registration][INFO] - ...found file of type FileType.USD - /root/.venvs/isaaclab-mosaic/lib/python3.10/site-packages/omni/data/Kit/Isaac-Sim/4.5/exts/3/omni.graph.visualization.nodes-2.1.1/omni/graph/visualization/nodes/ogn/tests/usd/OgnDrawLineTemplate.usda
[2026-06-12 00:54:47,239][ogn_registration][INFO] - ...found file of type FileType.USD - /root/.venvs/isaaclab-mosaic/lib/python3.10/site-packages/omni/data/Kit/Isaac-Sim/4.5/exts/3/omni.graph.visualization.nodes-2.1.1/omni/graph/visualization/nodes/ogn/tests/usd/OgnDrawScreenSpaceTextTemplate.usda
[2026-06-12 00:54:47,239][ogn_registration][INFO] - ...found file of type FileType.USD - /root/.venvs/isaaclab-mosaic/lib/python3.10/site-packages/omni/data/Kit/Isaac-Sim/4.5/exts/3/omni.graph.visualization.nodes-2.1.1/omni/graph/visualization/nodes/ogn/tests/usd/OgnDrawLabelTemplate.usda
[2026-06-12 00:54:47,239][ogn_registration][INFO] - ...constructing node type definition for OgnDrawLabel at /root/.venvs/isaaclab-mosaic/lib/python3.10/site-packages/omni/data/Kit/Isaac-Sim/4.5/exts/3/omni.graph.visualization.nodes-2.1.1/omni/graph/visualization/nodes/ogn/nodes/OgnDrawLabel.ogn
[2026-06-12 00:54:47,239][ogn_registration][INFO] - Creating node type definition for OgnDrawLabel at /root/.venvs/isaaclab-mosaic/lib/python3.10/site-packages/omni/data/Kit/Isaac-Sim/4.5/exts/3/omni.graph.visualization.nodes-2.1.1/omni/graph/visualization/nodes/ogn/nodes/OgnDrawLabel.ogn
[2026-06-12 00:54:47,240][ogn_registration][INFO] - ...constructing node type definition for OgnDrawLine at /root/.venvs/isaaclab-mosaic/lib/python3.10/site-packages/omni/data/Kit/Isaac-Sim/4.5/exts/3/omni.graph.visualization.nodes-2.1.1/omni/graph/visualization/nodes/ogn/nodes/OgnDrawLine.ogn
[2026-06-12 00:54:47,240][ogn_registration][INFO] - Creating node type definition for OgnDrawLine at /root/.venvs/isaaclab-mosaic/lib/python3.10/site-packages/omni/data/Kit/Isaac-Sim/4.5/exts/3/omni.graph.visualization.nodes-2.1.1/omni/graph/visualization/nodes/ogn/nodes/OgnDrawLine.ogn
[2026-06-12 00:54:47,240][ogn_registration][INFO] - ...constructing node type definition for OgnDrawScreenSpaceText at /root/.venvs/isaaclab-mosaic/lib/python3.10/site-packages/omni/data/Kit/Isaac-Sim/4.5/exts/3/omni.graph.visualization.nodes-2.1.1/omni/graph/visualization/nodes/ogn/nodes/OgnDrawScreenSpaceText.ogn
[2026-06-12 00:54:47,240][ogn_registration][INFO] - Creating node type definition for OgnDrawScreenSpaceText at /root/.venvs/isaaclab-mosaic/lib/python3.10/site-packages/omni/data/Kit/Isaac-Sim/4.5/exts/3/omni.graph.visualization.nodes-2.1.1/omni/graph/visualization/nodes/ogn/nodes/OgnDrawScreenSpaceText.ogn
[2026-06-12 00:54:47,240][ogn_registration][INFO] - Adding 4 files at version VersionProperties.GENERATOR = (1, 27, 1), VersionProperties.TARGET = (2, 103, 1)
[2026-06-12 00:54:47,241][ogn_registration][INFO] - add generated file(/root/.venvs/isaaclab-mosaic/lib/python3.10/site-packages/omni/data/Kit/Isaac-Sim/4.5/exts/3/omni.graph.visualization.nodes-2.1.1/omni/graph/visualization/nodes/ogn/OgnDrawLabelDatabase.py, FileType.PYTHON_DB)
[2026-06-12 00:54:47,241][ogn_registration][INFO] - add user file(/root/.venvs/isaaclab-mosaic/lib/python3.10/site-packages/omni/data/Kit/Isaac-Sim/4.5/exts/3/omni.graph.visualization.nodes-2.1.1/omni/graph/visualization/nodes/ogn/nodes/OgnDrawLabel.py, FileType.PYTHON)
[2026-06-12 00:54:47,241][ogn_registration][INFO] - add generated file(/root/.venvs/isaaclab-mosaic/lib/python3.10/site-packages/omni/data/Kit/Isaac-Sim/4.5/exts/3/omni.graph.visualization.nodes-2.1.1/omni/graph/visualization/nodes/ogn/tests/TestOgnDrawLabel.py, FileType.TEST)
[2026-06-12 00:54:47,241][ogn_registration][INFO] - add generated file(/root/.venvs/isaaclab-mosaic/lib/python3.10/site-packages/omni/data/Kit/Isaac-Sim/4.5/exts/3/omni.graph.visualization.nodes-2.1.1/omni/graph/visualization/nodes/ogn/tests/usd/OgnDrawLabelTemplate.usda, FileType.USD)
[2026-06-12 00:54:47,241][ogn_registration][INFO] - Adding 4 files at version VersionProperties.GENERATOR = (1, 27, 1), VersionProperties.TARGET = (2, 103, 1)
[2026-06-12 00:54:47,241][ogn_registration][INFO] - add generated file(/root/.venvs/isaaclab-mosaic/lib/python3.10/site-packages/omni/data/Kit/Isaac-Sim/4.5/exts/3/omni.graph.visualization.nodes-2.1.1/omni/graph/visualization/nodes/ogn/OgnDrawLineDatabase.py, FileType.PYTHON_DB)
[2026-06-12 00:54:47,241][ogn_registration][INFO] - add user file(/root/.venvs/isaaclab-mosaic/lib/python3.10/site-packages/omni/data/Kit/Isaac-Sim/4.5/exts/3/omni.graph.visualization.nodes-2.1.1/omni/graph/visualization/nodes/ogn/nodes/OgnDrawLine.py, FileType.PYTHON)
[2026-06-12 00:54:47,241][ogn_registration][INFO] - add generated file(/root/.venvs/isaaclab-mosaic/lib/python3.10/site-packages/omni/data/Kit/Isaac-Sim/4.5/exts/3/omni.graph.visualization.nodes-2.1.1/omni/graph/visualization/nodes/ogn/tests/TestOgnDrawLine.py, FileType.TEST)
[2026-06-12 00:54:47,241][ogn_registration][INFO] - add generated file(/root/.venvs/isaaclab-mosaic/lib/python3.10/site-packages/omni/data/Kit/Isaac-Sim/4.5/exts/3/omni.graph.visualization.nodes-2.1.1/omni/graph/visualization/nodes/ogn/tests/usd/OgnDrawLineTemplate.usda, FileType.USD)
[2026-06-12 00:54:47,242][ogn_registration][INFO] - Adding 4 files at version VersionProperties.GENERATOR = (1, 27, 1), VersionProperties.TARGET = (2, 103, 1)
[2026-06-12 00:54:47,242][ogn_registration][INFO] - add generated file(/root/.venvs/isaaclab-mosaic/lib/python3.10/site-packages/omni/data/Kit/Isaac-Sim/4.5/exts/3/omni.graph.visualization.nodes-2.1.1/omni/graph/visualization/nodes/ogn/OgnDrawScreenSpaceTextDatabase.py, FileType.PYTHON_DB)
[2026-06-12 00:54:47,242][ogn_registration][INFO] - add user file(/root/.venvs/isaaclab-mosaic/lib/python3.10/site-packages/omni/data/Kit/Isaac-Sim/4.5/exts/3/omni.graph.visualization.nodes-2.1.1/omni/graph/visualization/nodes/ogn/nodes/OgnDrawScreenSpaceText.py, FileType.PYTHON)
[2026-06-12 00:54:47,242][ogn_registration][INFO] - add generated file(/root/.venvs/isaaclab-mosaic/lib/python3.10/site-packages/omni/data/Kit/Isaac-Sim/4.5/exts/3/omni.graph.visualization.nodes-2.1.1/omni/graph/visualization/nodes/ogn/tests/TestOgnDrawScreenSpaceText.py, FileType.TEST)
[2026-06-12 00:54:47,242][ogn_registration][INFO] - add generated file(/root/.venvs/isaaclab-mosaic/lib/python3.10/site-packages/omni/data/Kit/Isaac-Sim/4.5/exts/3/omni.graph.visualization.nodes-2.1.1/omni/graph/visualization/nodes/ogn/tests/usd/OgnDrawScreenSpaceTextTemplate.usda, FileType.USD)
[2026-06-12 00:54:47,242][ogn_registration][INFO] - Cache path /root/.venvs/isaaclab-mosaic/lib/python3.10/site-packages/omni/cache/ogn_generated/1.79.1/omni.graph.visualization.nodes-2.1.1/omni.graph.visualization.nodes/ogn is not a directory
[2026-06-12 00:54:47,242][ogn_registration][INFO] - omni.graph.visualization.nodes: Time to scan the extension for node types = 0.011349
[2026-06-12 00:54:47,242][ogn_registration][INFO] - Ensuring node types in extension omni.graph.visualization.nodes are up to date
[2026-06-12 00:54:47,242][ogn_registration][INFO] - omni.graph.visualization.nodes: Time to update the out-of-date generated code = 0.000196
[2026-06-12 00:54:47,243][ogn_registration][INFO] - Attempting OGN 1.18 Python imports for omni.graph.visualization.nodes-2.1.1
[2026-06-12 00:54:47,243][ogn_registration][INFO] - Importing omni.graph.visualization.nodes.ogn and omni.graph.visualization.nodes.ogn.tests with tests
[2026-06-12 00:54:47,243][ogn_registration][INFO] - --- Finding module omni.graph.visualization.nodes.ogn in <module 'omni.graph.visualization.nodes' from '/root/.venvs/isaaclab-mosaic/lib/python3.10/site-packages/omni/data/Kit/Isaac-Sim/4.5/exts/3/omni.graph.visualization.nodes-2.1.1/omni/graph/visualization/nodes/__init__.py'> with submodule name ogn
[2026-06-12 00:54:47,243][ogn_registration][INFO] - --X module was not already imported
[2026-06-12 00:54:47,243][ogn_registration][INFO] - ... Trying to import omni.graph.visualization.nodes.ogn directly
[2026-06-12 00:54:47,243][ogn_registration][INFO] - --> Found the module at <module 'omni.graph.visualization.nodes.ogn' (<_frozen_importlib_external._NamespaceLoader object at 0x7fd94115ad10>)>
[2026-06-12 00:54:47,243][ogn_registration][INFO] - -> Found .ogn module, looking for ogn.tests too
[2026-06-12 00:54:47,243][ogn_registration][INFO] - --- Finding module omni.graph.visualization.nodes.ogn.tests in <module 'omni.graph.visualization.nodes.ogn' (<_frozen_importlib_external._NamespaceLoader object at 0x7fd94115ad10>)> with submodule name ogn.tests
[2026-06-12 00:54:47,243][ogn_registration][INFO] - --X module was not already imported
[2026-06-12 00:54:47,244][ogn_registration][INFO] - ... Trying to import omni.graph.visualization.nodes.ogn.tests directly
[2026-06-12 00:54:47,244][ogn_registration][INFO] - --> Found the module at <module 'omni.graph.visualization.nodes.ogn.tests' from '/root/.venvs/isaaclab-mosaic/lib/python3.10/site-packages/omni/data/Kit/Isaac-Sim/4.5/exts/3/omni.graph.visualization.nodes-2.1.1/omni/graph/visualization/nodes/ogn/tests/__init__.py'>
[2026-06-12 00:54:47,246][ogn_registration][INFO] - Importing module omni.graph.visualization.nodes.ogn.OgnDrawLabelDatabase from /root/.venvs/isaaclab-mosaic/lib/python3.10/site-packages/omni/data/Kit/Isaac-Sim/4.5/exts/3/omni.graph.visualization.nodes-2.1.1/omni/graph/visualization/nodes/ogn/OgnDrawLabelDatabase.py
[2026-06-12 00:54:47,247][ogn_registration][INFO] - ... created the module as <module 'omni.graph.visualization.nodes.ogn.OgnDrawLabelDatabase' from '/root/.venvs/isaaclab-mosaic/lib/python3.10/site-packages/omni/data/Kit/Isaac-Sim/4.5/exts/3/omni.graph.visualization.nodes-2.1.1/omni/graph/visualization/nodes/ogn/OgnDrawLabelDatabase.py'>
[2026-06-12 00:54:47,247][ogn_registration][INFO] - ...Import DB omni.graph.visualization.nodes.ogn.OgnDrawLabelDatabase into ['OgnDrawLabelDatabase', '__builtins__', '__cached__', '__doc__', '__file__', '__loader__', '__name__', '__package__', '__spec__', '_og', 'numpy', 'og', 'ogn', 'sys', 'traceback'] from /root/.venvs/isaaclab-mosaic/lib/python3.10/site-packages/omni/data/Kit/Isaac-Sim/4.5/exts/3/omni.graph.visualization.nodes-2.1.1/omni/graph/visualization/nodes/ogn/OgnDrawLabelDatabase.py
[2026-06-12 00:54:47,247][ogn_registration][INFO] - Importing module omni.graph.visualization.nodes.ogn.nodes.OgnDrawLabel from /root/.venvs/isaaclab-mosaic/lib/python3.10/site-packages/omni/data/Kit/Isaac-Sim/4.5/exts/3/omni.graph.visualization.nodes-2.1.1/omni/graph/visualization/nodes/ogn/nodes/OgnDrawLabel.py
[2026-06-12 00:54:47,248][ogn_registration][INFO] - ... created the module as <module 'omni.graph.visualization.nodes.ogn.nodes.OgnDrawLabel' from '/root/.venvs/isaaclab-mosaic/lib/python3.10/site-packages/omni/data/Kit/Isaac-Sim/4.5/exts/3/omni.graph.visualization.nodes-2.1.1/omni/graph/visualization/nodes/ogn/nodes/OgnDrawLabel.py'>
[2026-06-12 00:54:47,248][ogn_registration][INFO] - ...Import Node omni.graph.visualization.nodes.ogn.nodes.OgnDrawLabel into <module 'omni.graph.visualization.nodes.ogn.nodes.OgnDrawLabel' from '/root/.venvs/isaaclab-mosaic/lib/python3.10/site-packages/omni/data/Kit/Isaac-Sim/4.5/exts/3/omni.graph.visualization.nodes-2.1.1/omni/graph/visualization/nodes/ogn/nodes/OgnDrawLabel.py'> from /root/.venvs/isaaclab-mosaic/lib/python3.10/site-packages/omni/data/Kit/Isaac-Sim/4.5/exts/3/omni.graph.visualization.nodes-2.1.1/omni/graph/visualization/nodes/ogn/nodes/OgnDrawLabel.py
[2026-06-12 00:54:47,248][ogn_registration][INFO] - Importing module omni.graph.visualization.nodes.ogn.tests.TestOgnDrawLabel from /root/.venvs/isaaclab-mosaic/lib/python3.10/site-packages/omni/data/Kit/Isaac-Sim/4.5/exts/3/omni.graph.visualization.nodes-2.1.1/omni/graph/visualization/nodes/ogn/tests/TestOgnDrawLabel.py
[2026-06-12 00:54:47,248][ogn_registration][INFO] - ... created the module as <module 'omni.graph.visualization.nodes.ogn.tests.TestOgnDrawLabel' from '/root/.venvs/isaaclab-mosaic/lib/python3.10/site-packages/omni/data/Kit/Isaac-Sim/4.5/exts/3/omni.graph.visualization.nodes-2.1.1/omni/graph/visualization/nodes/ogn/tests/TestOgnDrawLabel.py'>
[2026-06-12 00:54:47,248][ogn_registration][INFO] - ...Imported test omni.graph.visualization.nodes.ogn.tests.TestOgnDrawLabel into <module 'omni.graph.visualization.nodes.ogn.tests.TestOgnDrawLabel' from '/root/.venvs/isaaclab-mosaic/lib/python3.10/site-packages/omni/data/Kit/Isaac-Sim/4.5/exts/3/omni.graph.visualization.nodes-2.1.1/omni/graph/visualization/nodes/ogn/tests/TestOgnDrawLabel.py'> from /root/.venvs/isaaclab-mosaic/lib/python3.10/site-packages/omni/data/Kit/Isaac-Sim/4.5/exts/3/omni.graph.visualization.nodes-2.1.1/omni/graph/visualization/nodes/ogn/tests/TestOgnDrawLabel.py
[2026-06-12 00:54:47,248][ogn_registration][INFO] - Importing module omni.graph.visualization.nodes.ogn.OgnDrawLineDatabase from /root/.venvs/isaaclab-mosaic/lib/python3.10/site-packages/omni/data/Kit/Isaac-Sim/4.5/exts/3/omni.graph.visualization.nodes-2.1.1/omni/graph/visualization/nodes/ogn/OgnDrawLineDatabase.py
[2026-06-12 00:54:47,249][ogn_registration][INFO] - ... created the module as <module 'omni.graph.visualization.nodes.ogn.OgnDrawLineDatabase' from '/root/.venvs/isaaclab-mosaic/lib/python3.10/site-packages/omni/data/Kit/Isaac-Sim/4.5/exts/3/omni.graph.visualization.nodes-2.1.1/omni/graph/visualization/nodes/ogn/OgnDrawLineDatabase.py'>
[2026-06-12 00:54:47,249][ogn_registration][INFO] - ...Import DB omni.graph.visualization.nodes.ogn.OgnDrawLineDatabase into ['OgnDrawLineDatabase', '__builtins__', '__cached__', '__doc__', '__file__', '__loader__', '__name__', '__package__', '__spec__', '_og', 'numpy', 'og', 'ogn', 'sys', 'traceback'] from /root/.venvs/isaaclab-mosaic/lib/python3.10/site-packages/omni/data/Kit/Isaac-Sim/4.5/exts/3/omni.graph.visualization.nodes-2.1.1/omni/graph/visualization/nodes/ogn/OgnDrawLineDatabase.py
[2026-06-12 00:54:47,249][ogn_registration][INFO] - Importing module omni.graph.visualization.nodes.ogn.nodes.OgnDrawLine from /root/.venvs/isaaclab-mosaic/lib/python3.10/site-packages/omni/data/Kit/Isaac-Sim/4.5/exts/3/omni.graph.visualization.nodes-2.1.1/omni/graph/visualization/nodes/ogn/nodes/OgnDrawLine.py
[2026-06-12 00:54:47,249][ogn_registration][INFO] - ... created the module as <module 'omni.graph.visualization.nodes.ogn.nodes.OgnDrawLine' from '/root/.venvs/isaaclab-mosaic/lib/python3.10/site-packages/omni/data/Kit/Isaac-Sim/4.5/exts/3/omni.graph.visualization.nodes-2.1.1/omni/graph/visualization/nodes/ogn/nodes/OgnDrawLine.py'>
[2026-06-12 00:54:47,249][ogn_registration][INFO] - ...Import Node omni.graph.visualization.nodes.ogn.nodes.OgnDrawLine into <module 'omni.graph.visualization.nodes.ogn.nodes.OgnDrawLine' from '/root/.venvs/isaaclab-mosaic/lib/python3.10/site-packages/omni/data/Kit/Isaac-Sim/4.5/exts/3/omni.graph.visualization.nodes-2.1.1/omni/graph/visualization/nodes/ogn/nodes/OgnDrawLine.py'> from /root/.venvs/isaaclab-mosaic/lib/python3.10/site-packages/omni/data/Kit/Isaac-Sim/4.5/exts/3/omni.graph.visualization.nodes-2.1.1/omni/graph/visualization/nodes/ogn/nodes/OgnDrawLine.py
[2026-06-12 00:54:47,249][ogn_registration][INFO] - Importing module omni.graph.visualization.nodes.ogn.tests.TestOgnDrawLine from /root/.venvs/isaaclab-mosaic/lib/python3.10/site-packages/omni/data/Kit/Isaac-Sim/4.5/exts/3/omni.graph.visualization.nodes-2.1.1/omni/graph/visualization/nodes/ogn/tests/TestOgnDrawLine.py
[2026-06-12 00:54:47,250][ogn_registration][INFO] - ... created the module as <module 'omni.graph.visualization.nodes.ogn.tests.TestOgnDrawLine' from '/root/.venvs/isaaclab-mosaic/lib/python3.10/site-packages/omni/data/Kit/Isaac-Sim/4.5/exts/3/omni.graph.visualization.nodes-2.1.1/omni/graph/visualization/nodes/ogn/tests/TestOgnDrawLine.py'>
[2026-06-12 00:54:47,250][ogn_registration][INFO] - ...Imported test omni.graph.visualization.nodes.ogn.tests.TestOgnDrawLine into <module 'omni.graph.visualization.nodes.ogn.tests.TestOgnDrawLine' from '/root/.venvs/isaaclab-mosaic/lib/python3.10/site-packages/omni/data/Kit/Isaac-Sim/4.5/exts/3/omni.graph.visualization.nodes-2.1.1/omni/graph/visualization/nodes/ogn/tests/TestOgnDrawLine.py'> from /root/.venvs/isaaclab-mosaic/lib/python3.10/site-packages/omni/data/Kit/Isaac-Sim/4.5/exts/3/omni.graph.visualization.nodes-2.1.1/omni/graph/visualization/nodes/ogn/tests/TestOgnDrawLine.py
[2026-06-12 00:54:47,250][ogn_registration][INFO] - Importing module omni.graph.visualization.nodes.ogn.OgnDrawScreenSpaceTextDatabase from /root/.venvs/isaaclab-mosaic/lib/python3.10/site-packages/omni/data/Kit/Isaac-Sim/4.5/exts/3/omni.graph.visualization.nodes-2.1.1/omni/graph/visualization/nodes/ogn/OgnDrawScreenSpaceTextDatabase.py
[2026-06-12 00:54:47,250][ogn_registration][INFO] - ... created the module as <module 'omni.graph.visualization.nodes.ogn.OgnDrawScreenSpaceTextDatabase' from '/root/.venvs/isaaclab-mosaic/lib/python3.10/site-packages/omni/data/Kit/Isaac-Sim/4.5/exts/3/omni.graph.visualization.nodes-2.1.1/omni/graph/visualization/nodes/ogn/OgnDrawScreenSpaceTextDatabase.py'>
[2026-06-12 00:54:47,250][ogn_registration][INFO] - ...Import DB omni.graph.visualization.nodes.ogn.OgnDrawScreenSpaceTextDatabase into ['OgnDrawScreenSpaceTextDatabase', '__builtins__', '__cached__', '__doc__', '__file__', '__loader__', '__name__', '__package__', '__spec__', '_og', 'numpy', 'og', 'ogn', 'sys', 'traceback'] from /root/.venvs/isaaclab-mosaic/lib/python3.10/site-packages/omni/data/Kit/Isaac-Sim/4.5/exts/3/omni.graph.visualization.nodes-2.1.1/omni/graph/visualization/nodes/ogn/OgnDrawScreenSpaceTextDatabase.py
[2026-06-12 00:54:47,250][ogn_registration][INFO] - Importing module omni.graph.visualization.nodes.ogn.nodes.OgnDrawScreenSpaceText from /root/.venvs/isaaclab-mosaic/lib/python3.10/site-packages/omni/data/Kit/Isaac-Sim/4.5/exts/3/omni.graph.visualization.nodes-2.1.1/omni/graph/visualization/nodes/ogn/nodes/OgnDrawScreenSpaceText.py
[2026-06-12 00:54:47,251][ogn_registration][INFO] - ... created the module as <module 'omni.graph.visualization.nodes.ogn.nodes.OgnDrawScreenSpaceText' from '/root/.venvs/isaaclab-mosaic/lib/python3.10/site-packages/omni/data/Kit/Isaac-Sim/4.5/exts/3/omni.graph.visualization.nodes-2.1.1/omni/graph/visualization/nodes/ogn/nodes/OgnDrawScreenSpaceText.py'>
[2026-06-12 00:54:47,251][ogn_registration][INFO] - ...Import Node omni.graph.visualization.nodes.ogn.nodes.OgnDrawScreenSpaceText into <module 'omni.graph.visualization.nodes.ogn.nodes.OgnDrawScreenSpaceText' from '/root/.venvs/isaaclab-mosaic/lib/python3.10/site-packages/omni/data/Kit/Isaac-Sim/4.5/exts/3/omni.graph.visualization.nodes-2.1.1/omni/graph/visualization/nodes/ogn/nodes/OgnDrawScreenSpaceText.py'> from /root/.venvs/isaaclab-mosaic/lib/python3.10/site-packages/omni/data/Kit/Isaac-Sim/4.5/exts/3/omni.graph.visualization.nodes-2.1.1/omni/graph/visualization/nodes/ogn/nodes/OgnDrawScreenSpaceText.py
[2026-06-12 00:54:47,251][ogn_registration][INFO] - Importing module omni.graph.visualization.nodes.ogn.tests.TestOgnDrawScreenSpaceText from /root/.venvs/isaaclab-mosaic/lib/python3.10/site-packages/omni/data/Kit/Isaac-Sim/4.5/exts/3/omni.graph.visualization.nodes-2.1.1/omni/graph/visualization/nodes/ogn/tests/TestOgnDrawScreenSpaceText.py
[2026-06-12 00:54:47,251][ogn_registration][INFO] - ... created the module as <module 'omni.graph.visualization.nodes.ogn.tests.TestOgnDrawScreenSpaceText' from '/root/.venvs/isaaclab-mosaic/lib/python3.10/site-packages/omni/data/Kit/Isaac-Sim/4.5/exts/3/omni.graph.visualization.nodes-2.1.1/omni/graph/visualization/nodes/ogn/tests/TestOgnDrawScreenSpaceText.py'>
[2026-06-12 00:54:47,251][ogn_registration][INFO] - ...Imported test omni.graph.visualization.nodes.ogn.tests.TestOgnDrawScreenSpaceText into <module 'omni.graph.visualization.nodes.ogn.tests.TestOgnDrawScreenSpaceText' from '/root/.venvs/isaaclab-mosaic/lib/python3.10/site-packages/omni/data/Kit/Isaac-Sim/4.5/exts/3/omni.graph.visualization.nodes-2.1.1/omni/graph/visualization/nodes/ogn/tests/TestOgnDrawScreenSpaceText.py'> from /root/.venvs/isaaclab-mosaic/lib/python3.10/site-packages/omni/data/Kit/Isaac-Sim/4.5/exts/3/omni.graph.visualization.nodes-2.1.1/omni/graph/visualization/nodes/ogn/tests/TestOgnDrawScreenSpaceText.py
[2026-06-12 00:54:47,251][ogn_registration][INFO] - omni.graph.visualization.nodes: Time to import the generated objects = 0.009049
[2026-06-12 00:54:47,252][ogn_registration][INFO] - Registering the nodes in omni.graph.visualization.nodes
[2026-06-12 00:54:47,252][ogn_registration][INFO] - -- node implementations {'OgnDrawLabelDatabase': <class 'omni.graph.visualization.nodes.ogn.nodes.OgnDrawLabel.OgnDrawLabel'>, 'OgnDrawLineDatabase': <class 'omni.graph.visualization.nodes.ogn.nodes.OgnDrawLine.OgnDrawLine'>, 'OgnDrawScreenSpaceTextDatabase': <class 'omni.graph.visualization.nodes.ogn.nodes.OgnDrawScreenSpaceText.OgnDrawScreenSpaceText'>}
[2026-06-12 00:54:47,252][ogn_registration][INFO] - Found the database class <class 'omni.graph.visualization.nodes.ogn.OgnDrawLabelDatabase.OgnDrawLabelDatabase'> with node module <class 'omni.graph.visualization.nodes.ogn.nodes.OgnDrawLabel.OgnDrawLabel'>
[2026-06-12 00:54:47,252][ogn_registration][INFO] - Registered okay, adding the deregister function <function OgnDrawLabelDatabase.deregister at 0x7fd929984af0>
[2026-06-12 00:54:47,252][ogn_registration][INFO] - ...Registered through database OgnDrawLabelDatabase
[2026-06-12 00:54:47,252][ogn_registration][INFO] - Found the database class <class 'omni.graph.visualization.nodes.ogn.OgnDrawLineDatabase.OgnDrawLineDatabase'> with node module <class 'omni.graph.visualization.nodes.ogn.nodes.OgnDrawLine.OgnDrawLine'>
[2026-06-12 00:54:47,253][ogn_registration][INFO] - Registered okay, adding the deregister function <function OgnDrawLineDatabase.deregister at 0x7fd929986170>
[2026-06-12 00:54:47,253][ogn_registration][INFO] - ...Registered through database OgnDrawLineDatabase
[2026-06-12 00:54:47,253][ogn_registration][INFO] - Found the database class <class 'omni.graph.visualization.nodes.ogn.OgnDrawScreenSpaceTextDatabase.OgnDrawScreenSpaceTextDatabase'> with node module <class 'omni.graph.visualization.nodes.ogn.nodes.OgnDrawScreenSpaceText.OgnDrawScreenSpaceText'>
[2026-06-12 00:54:47,253][ogn_registration][INFO] - Registered okay, adding the deregister function <function OgnDrawScreenSpaceTextDatabase.deregister at 0x7fd929987ac0>
[2026-06-12 00:54:47,253][ogn_registration][INFO] - ...Registered through database OgnDrawScreenSpaceTextDatabase
[2026-06-12 00:54:47,253][ogn_registration][INFO] - omni.graph.visualization.nodes: Time to register the generated objects = 0.001593
[2026-06-12 00:54:47,253][ogn_registration][INFO] - OGN register omni.graph.visualization.nodes-2.1.1 took 22634077.000000
[2026-06-12 00:54:47,254][ogn_registration][INFO] - Looking for Python nodes to register in omni.kit.window.content_browser_registry-0.0.6
[2026-06-12 00:54:47,254][ogn_registration][INFO] -  -> Registered nodes from module omni.kit.window.content_browser_registry at /root/.venvs/isaaclab-mosaic/lib/python3.10/site-packages/omni/data/Kit/Isaac-Sim/4.5/exts/3/omni.kit.window.content_browser_registry-0.0.6+d02c707b
[2026-06-12 00:54:47,254][ogn_registration][INFO] - Registering nodes in /root/.venvs/isaaclab-mosaic/lib/python3.10/site-packages/omni/data/Kit/Isaac-Sim/4.5/exts/3/omni.kit.window.content_browser_registry-0.0.6+d02c707b imported as omni.kit.window.content_browser_registry with AutoNode config {}
[2026-06-12 00:54:47,254][ogn_registration][INFO] - Registering Python Node Types from omni.kit.window.content_browser_registry at /root/.venvs/isaaclab-mosaic/lib/python3.10/site-packages/omni/data/Kit/Isaac-Sim/4.5/exts/3/omni.kit.window.content_browser_registry-0.0.6+d02c707b in omni.kit.window.content_browser_registry
[2026-06-12 00:54:47,254][ogn_registration][INFO] - ========================================================================================================================
[2026-06-12 00:54:47,255][ogn_registration][INFO] - No dependency on omni.graph, therefore no nodes to register in omni.kit.window.content_browser_registry
[2026-06-12 00:54:47,255][ogn_registration][INFO] - ...None found, no registration to do
[2026-06-12 00:54:47,255][ogn_registration][INFO] - ...Skipping: No OmniGraph presence in the module omni.kit.window.content_browser_registry - No nodes in this module, do not remember it
[2026-06-12 00:54:47,255][ogn_registration][INFO] - Destroying registration record for omni.kit.window.content_browser_registry
[2026-06-12 00:54:47,255][ogn_registration][INFO] - OGN register omni.kit.window.content_browser_registry-0.0.6 took 1145425.000000
[2026-06-12 00:54:47,260][ogn_registration][INFO] - Looking for Python nodes to register in omni.kit.window.file-1.3.57
[2026-06-12 00:54:47,260][ogn_registration][INFO] -  -> Registered nodes from module omni.kit.window.file at /root/.venvs/isaaclab-mosaic/lib/python3.10/site-packages/omni/data/Kit/Isaac-Sim/4.5/exts/3/omni.kit.window.file-1.3.57+d02c707b
[2026-06-12 00:54:47,260][ogn_registration][INFO] - Registering nodes in /root/.venvs/isaaclab-mosaic/lib/python3.10/site-packages/omni/data/Kit/Isaac-Sim/4.5/exts/3/omni.kit.window.file-1.3.57+d02c707b imported as omni.kit.window.file with AutoNode config {}
[2026-06-12 00:54:47,260][ogn_registration][INFO] - Registering Python Node Types from omni.kit.window.file at /root/.venvs/isaaclab-mosaic/lib/python3.10/site-packages/omni/data/Kit/Isaac-Sim/4.5/exts/3/omni.kit.window.file-1.3.57+d02c707b in omni.kit.window.file
[2026-06-12 00:54:47,260][ogn_registration][INFO] - ========================================================================================================================
[2026-06-12 00:54:47,261][ogn_registration][INFO] - No dependency on omni.graph, therefore no nodes to register in omni.kit.window.file
[2026-06-12 00:54:47,261][ogn_registration][INFO] - ...None found, no registration to do
[2026-06-12 00:54:47,261][ogn_registration][INFO] - ...Skipping: No OmniGraph presence in the module omni.kit.window.file - No nodes in this module, do not remember it
[2026-06-12 00:54:47,261][ogn_registration][INFO] - Destroying registration record for omni.kit.window.file
[2026-06-12 00:54:47,261][ogn_registration][INFO] - OGN register omni.kit.window.file-1.3.57 took 1239142.000000
[2026-06-12 00:54:47,262][ogn_registration][INFO] - Looking for Python nodes to register in omni.kit.widget.highlight_label-1.0.3
[2026-06-12 00:54:47,262][ogn_registration][INFO] -  -> Registered nodes from module omni.kit.widget.highlight_label at /root/.venvs/isaaclab-mosaic/lib/python3.10/site-packages/omni/data/Kit/Isaac-Sim/4.5/exts/3/omni.kit.widget.highlight_label-1.0.3+d02c707b
[2026-06-12 00:54:47,262][ogn_registration][INFO] - Registering nodes in /root/.venvs/isaaclab-mosaic/lib/python3.10/site-packages/omni/data/Kit/Isaac-Sim/4.5/exts/3/omni.kit.widget.highlight_label-1.0.3+d02c707b imported as omni.kit.widget.highlight_label with AutoNode config {}
[2026-06-12 00:54:47,262][ogn_registration][INFO] - Registering Python Node Types from omni.kit.widget.highlight_label at /root/.venvs/isaaclab-mosaic/lib/python3.10/site-packages/omni/data/Kit/Isaac-Sim/4.5/exts/3/omni.kit.widget.highlight_label-1.0.3+d02c707b in omni.kit.widget.highlight_label
[2026-06-12 00:54:47,262][ogn_registration][INFO] - ========================================================================================================================
[2026-06-12 00:54:47,263][ogn_registration][INFO] - No dependency on omni.graph, therefore no nodes to register in omni.kit.widget.highlight_label
[2026-06-12 00:54:47,263][ogn_registration][INFO] - ...None found, no registration to do
[2026-06-12 00:54:47,263][ogn_registration][INFO] - ...Skipping: No OmniGraph presence in the module omni.kit.widget.highlight_label - No nodes in this module, do not remember it
[2026-06-12 00:54:47,263][ogn_registration][INFO] - Destroying registration record for omni.kit.widget.highlight_label
[2026-06-12 00:54:47,263][ogn_registration][INFO] - OGN register omni.kit.widget.highlight_label-1.0.3 took 927483.000000
[2026-06-12 00:54:47,265][ogn_registration][INFO] - Looking for Python nodes to register in omni.kit.property.adapter.core-1.0.2
[2026-06-12 00:54:47,266][ogn_registration][INFO] -  -> Registered nodes from module omni.kit.property.adapter.core at /root/.venvs/isaaclab-mosaic/lib/python3.10/site-packages/omni/data/Kit/Isaac-Sim/4.5/exts/3/omni.kit.property.adapter.core-1.0.2+d02c707b
[2026-06-12 00:54:47,266][ogn_registration][INFO] - Registering nodes in /root/.venvs/isaaclab-mosaic/lib/python3.10/site-packages/omni/data/Kit/Isaac-Sim/4.5/exts/3/omni.kit.property.adapter.core-1.0.2+d02c707b imported as omni.kit.property.adapter.core with AutoNode config {}
[2026-06-12 00:54:47,266][ogn_registration][INFO] - Registering Python Node Types from omni.kit.property.adapter.core at /root/.venvs/isaaclab-mosaic/lib/python3.10/site-packages/omni/data/Kit/Isaac-Sim/4.5/exts/3/omni.kit.property.adapter.core-1.0.2+d02c707b in omni.kit.property.adapter.core
[2026-06-12 00:54:47,266][ogn_registration][INFO] - ========================================================================================================================
[2026-06-12 00:54:47,266][ogn_registration][INFO] - No dependency on omni.graph, therefore no nodes to register in omni.kit.property.adapter.core
[2026-06-12 00:54:47,266][ogn_registration][INFO] - ...None found, no registration to do
[2026-06-12 00:54:47,266][ogn_registration][INFO] - ...Skipping: No OmniGraph presence in the module omni.kit.property.adapter.core - No nodes in this module, do not remember it
[2026-06-12 00:54:47,266][ogn_registration][INFO] - Destroying registration record for omni.kit.property.adapter.core
[2026-06-12 00:54:47,266][ogn_registration][INFO] - OGN register omni.kit.property.adapter.core-1.0.2 took 963508.000000
[2026-06-12 00:54:47,267][ogn_registration][INFO] - Looking for Python nodes to register in omni.kit.widget.zoombar-1.0.5
[2026-06-12 00:54:47,268][ogn_registration][INFO] -  -> Registered nodes from module omni.kit.widget.zoombar at /root/.venvs/isaaclab-mosaic/lib/python3.10/site-packages/omni/data/Kit/Isaac-Sim/4.5/exts/3/omni.kit.widget.zoombar-1.0.5
[2026-06-12 00:54:47,268][ogn_registration][INFO] - Registering nodes in /root/.venvs/isaaclab-mosaic/lib/python3.10/site-packages/omni/data/Kit/Isaac-Sim/4.5/exts/3/omni.kit.widget.zoombar-1.0.5 imported as omni.kit.widget.zoombar with AutoNode config {}
[2026-06-12 00:54:47,268][ogn_registration][INFO] - Registering Python Node Types from omni.kit.widget.zoombar at /root/.venvs/isaaclab-mosaic/lib/python3.10/site-packages/omni/data/Kit/Isaac-Sim/4.5/exts/3/omni.kit.widget.zoombar-1.0.5 in omni.kit.widget.zoombar
[2026-06-12 00:54:47,268][ogn_registration][INFO] - ========================================================================================================================
[2026-06-12 00:54:47,268][ogn_registration][INFO] - No dependency on omni.graph, therefore no nodes to register in omni.kit.widget.zoombar
[2026-06-12 00:54:47,268][ogn_registration][INFO] - ...None found, no registration to do
[2026-06-12 00:54:47,268][ogn_registration][INFO] - ...Skipping: No OmniGraph presence in the module omni.kit.widget.zoombar - No nodes in this module, do not remember it
[2026-06-12 00:54:47,268][ogn_registration][INFO] - Destroying registration record for omni.kit.widget.zoombar
[2026-06-12 00:54:47,268][ogn_registration][INFO] - OGN register omni.kit.widget.zoombar-1.0.5 took 889805.000000
[2026-06-12 00:54:47,302][ogn_registration][INFO] - Looking for Python nodes to register in omni.kit.window.content_browser-2.10.3
[2026-06-12 00:54:47,302][ogn_registration][INFO] -  -> Registered nodes from module omni.kit.window.content_browser at /root/.venvs/isaaclab-mosaic/lib/python3.10/site-packages/omni/data/Kit/Isaac-Sim/4.5/exts/3/omni.kit.window.content_browser-2.10.3+d02c707b
[2026-06-12 00:54:47,303][ogn_registration][INFO] - Registering nodes in /root/.venvs/isaaclab-mosaic/lib/python3.10/site-packages/omni/data/Kit/Isaac-Sim/4.5/exts/3/omni.kit.window.content_browser-2.10.3+d02c707b imported as omni.kit.window.content_browser with AutoNode config {}
[2026-06-12 00:54:47,303][ogn_registration][INFO] - Registering Python Node Types from omni.kit.window.content_browser at /root/.venvs/isaaclab-mosaic/lib/python3.10/site-packages/omni/data/Kit/Isaac-Sim/4.5/exts/3/omni.kit.window.content_browser-2.10.3+d02c707b in omni.kit.window.content_browser
[2026-06-12 00:54:47,303][ogn_registration][INFO] - ========================================================================================================================
[2026-06-12 00:54:47,304][ogn_registration][INFO] - No dependency on omni.graph, therefore no nodes to register in omni.kit.window.content_browser
[2026-06-12 00:54:47,304][ogn_registration][INFO] - ...None found, no registration to do
[2026-06-12 00:54:47,304][ogn_registration][INFO] - ...Skipping: No OmniGraph presence in the module omni.kit.window.content_browser - No nodes in this module, do not remember it
[2026-06-12 00:54:47,304][ogn_registration][INFO] - Destroying registration record for omni.kit.window.content_browser
[2026-06-12 00:54:47,304][ogn_registration][INFO] - OGN register omni.kit.window.content_browser-2.10.3 took 1470216.000000
[2026-06-12 00:54:47,318][ogn_registration][INFO] - Looking for Python nodes to register in omni.kit.window.property-1.11.5
[2026-06-12 00:54:47,318][ogn_registration][INFO] -  -> Registered nodes from module omni.kit.window.property at /root/.venvs/isaaclab-mosaic/lib/python3.10/site-packages/omni/data/Kit/Isaac-Sim/4.5/exts/3/omni.kit.window.property-1.11.5+d02c707b
[2026-06-12 00:54:47,318][ogn_registration][INFO] - Registering nodes in /root/.venvs/isaaclab-mosaic/lib/python3.10/site-packages/omni/data/Kit/Isaac-Sim/4.5/exts/3/omni.kit.window.property-1.11.5+d02c707b imported as omni.kit.window.property with AutoNode config {}
[2026-06-12 00:54:47,318][ogn_registration][INFO] - Registering Python Node Types from omni.kit.window.property at /root/.venvs/isaaclab-mosaic/lib/python3.10/site-packages/omni/data/Kit/Isaac-Sim/4.5/exts/3/omni.kit.window.property-1.11.5+d02c707b in omni.kit.window.property
[2026-06-12 00:54:47,318][ogn_registration][INFO] - ========================================================================================================================
[2026-06-12 00:54:47,319][ogn_registration][INFO] - No dependency on omni.graph, therefore no nodes to register in omni.kit.window.property
[2026-06-12 00:54:47,319][ogn_registration][INFO] - ...None found, no registration to do
[2026-06-12 00:54:47,319][ogn_registration][INFO] - ...Skipping: No OmniGraph presence in the module omni.kit.window.property - No nodes in this module, do not remember it
[2026-06-12 00:54:47,319][ogn_registration][INFO] - Destroying registration record for omni.kit.window.property
[2026-06-12 00:54:47,319][ogn_registration][INFO] - OGN register omni.kit.window.property-1.11.5 took 983964.000000
[2026-06-12 00:54:47,320][ogn_registration][INFO] - Looking for Python nodes to register in omni.kit.property.adapter.usd-1.0.2
[2026-06-12 00:54:47,321][ogn_registration][INFO] -  -> Registered nodes from module omni.kit.property.adapter.usd at /root/.venvs/isaaclab-mosaic/lib/python3.10/site-packages/omni/data/Kit/Isaac-Sim/4.5/exts/3/omni.kit.property.adapter.usd-1.0.2+d02c707b
[2026-06-12 00:54:47,321][ogn_registration][INFO] - Registering nodes in /root/.venvs/isaaclab-mosaic/lib/python3.10/site-packages/omni/data/Kit/Isaac-Sim/4.5/exts/3/omni.kit.property.adapter.usd-1.0.2+d02c707b imported as omni.kit.property.adapter.usd with AutoNode config {}
[2026-06-12 00:54:47,321][ogn_registration][INFO] - Registering Python Node Types from omni.kit.property.adapter.usd at /root/.venvs/isaaclab-mosaic/lib/python3.10/site-packages/omni/data/Kit/Isaac-Sim/4.5/exts/3/omni.kit.property.adapter.usd-1.0.2+d02c707b in omni.kit.property.adapter.usd
[2026-06-12 00:54:47,321][ogn_registration][INFO] - ========================================================================================================================
[2026-06-12 00:54:47,321][ogn_registration][INFO] - No dependency on omni.graph, therefore no nodes to register in omni.kit.property.adapter.usd
[2026-06-12 00:54:47,321][ogn_registration][INFO] - ...None found, no registration to do
[2026-06-12 00:54:47,321][ogn_registration][INFO] - ...Skipping: No OmniGraph presence in the module omni.kit.property.adapter.usd - No nodes in this module, do not remember it
[2026-06-12 00:54:47,322][ogn_registration][INFO] - Destroying registration record for omni.kit.property.adapter.usd
[2026-06-12 00:54:47,322][ogn_registration][INFO] - OGN register omni.kit.property.adapter.usd-1.0.2 took 1056684.000000
[2026-06-12 00:54:47,323][ogn_registration][INFO] - Looking for Python nodes to register in omni.kit.property.adapter.fabric-1.0.3
[2026-06-12 00:54:47,323][ogn_registration][INFO] -  -> Registered nodes from module omni.kit.property.adapter.fabric at /root/.venvs/isaaclab-mosaic/lib/python3.10/site-packages/omni/data/Kit/Isaac-Sim/4.5/exts/3/omni.kit.property.adapter.fabric-1.0.3+d02c707b
[2026-06-12 00:54:47,323][ogn_registration][INFO] - Registering nodes in /root/.venvs/isaaclab-mosaic/lib/python3.10/site-packages/omni/data/Kit/Isaac-Sim/4.5/exts/3/omni.kit.property.adapter.fabric-1.0.3+d02c707b imported as omni.kit.property.adapter.fabric with AutoNode config {}
[2026-06-12 00:54:47,323][ogn_registration][INFO] - Registering Python Node Types from omni.kit.property.adapter.fabric at /root/.venvs/isaaclab-mosaic/lib/python3.10/site-packages/omni/data/Kit/Isaac-Sim/4.5/exts/3/omni.kit.property.adapter.fabric-1.0.3+d02c707b in omni.kit.property.adapter.fabric
[2026-06-12 00:54:47,324][ogn_registration][INFO] - ========================================================================================================================
[2026-06-12 00:54:47,324][ogn_registration][INFO] - No dependency on omni.graph, therefore no nodes to register in omni.kit.property.adapter.fabric
[2026-06-12 00:54:47,324][ogn_registration][INFO] - ...None found, no registration to do
[2026-06-12 00:54:47,324][ogn_registration][INFO] - ...Skipping: No OmniGraph presence in the module omni.kit.property.adapter.fabric - No nodes in this module, do not remember it
[2026-06-12 00:54:47,324][ogn_registration][INFO] - Destroying registration record for omni.kit.property.adapter.fabric
[2026-06-12 00:54:47,324][ogn_registration][INFO] - OGN register omni.kit.property.adapter.fabric-1.0.3 took 997459.000000
[2026-06-12 00:54:47,329][ogn_registration][INFO] - Looking for Python nodes to register in omni.kit.browser.core-2.3.11
[2026-06-12 00:54:47,329][ogn_registration][INFO] -  -> Registered nodes from module omni.kit.browser.core at /root/.venvs/isaaclab-mosaic/lib/python3.10/site-packages/omni/data/Kit/Isaac-Sim/4.5/exts/3/omni.kit.browser.core-2.3.11
[2026-06-12 00:54:47,329][ogn_registration][INFO] - Registering nodes in /root/.venvs/isaaclab-mosaic/lib/python3.10/site-packages/omni/data/Kit/Isaac-Sim/4.5/exts/3/omni.kit.browser.core-2.3.11 imported as omni.kit.browser.core with AutoNode config {}
[2026-06-12 00:54:47,329][ogn_registration][INFO] - Registering Python Node Types from omni.kit.browser.core at /root/.venvs/isaaclab-mosaic/lib/python3.10/site-packages/omni/data/Kit/Isaac-Sim/4.5/exts/3/omni.kit.browser.core-2.3.11 in omni.kit.browser.core
[2026-06-12 00:54:47,329][ogn_registration][INFO] - ========================================================================================================================
[2026-06-12 00:54:47,330][ogn_registration][INFO] - No dependency on omni.graph, therefore no nodes to register in omni.kit.browser.core
[2026-06-12 00:54:47,330][ogn_registration][INFO] - ...None found, no registration to do
[2026-06-12 00:54:47,330][ogn_registration][INFO] - ...Skipping: No OmniGraph presence in the module omni.kit.browser.core - No nodes in this module, do not remember it
[2026-06-12 00:54:47,330][ogn_registration][INFO] - Destroying registration record for omni.kit.browser.core
[2026-06-12 00:54:47,330][ogn_registration][INFO] - OGN register omni.kit.browser.core-2.3.11 took 1247747.000000
[2026-06-12 00:54:47,331][ogn_registration][INFO] - Looking for Python nodes to register in omni.ui_query-1.1.7
[2026-06-12 00:54:47,331][ogn_registration][INFO] -  -> Registered nodes from module omni.ui_query at /root/.venvs/isaaclab-mosaic/lib/python3.10/site-packages/omni/data/Kit/Isaac-Sim/4.5/exts/3/omni.ui_query-1.1.7+d02c707b
[2026-06-12 00:54:47,331][ogn_registration][INFO] - Registering nodes in /root/.venvs/isaaclab-mosaic/lib/python3.10/site-packages/omni/data/Kit/Isaac-Sim/4.5/exts/3/omni.ui_query-1.1.7+d02c707b imported as omni.ui_query with AutoNode config {}
[2026-06-12 00:54:47,331][ogn_registration][INFO] - Registering Python Node Types from omni.ui_query at /root/.venvs/isaaclab-mosaic/lib/python3.10/site-packages/omni/data/Kit/Isaac-Sim/4.5/exts/3/omni.ui_query-1.1.7+d02c707b in omni.ui_query
[2026-06-12 00:54:47,331][ogn_registration][INFO] - ========================================================================================================================
[2026-06-12 00:54:47,332][ogn_registration][INFO] - No dependency on omni.graph, therefore no nodes to register in omni.ui_query
[2026-06-12 00:54:47,332][ogn_registration][INFO] - ...None found, no registration to do
[2026-06-12 00:54:47,332][ogn_registration][INFO] - ...Skipping: No OmniGraph presence in the module omni.ui_query - No nodes in this module, do not remember it
[2026-06-12 00:54:47,332][ogn_registration][INFO] - Destroying registration record for omni.ui_query
[2026-06-12 00:54:47,332][ogn_registration][INFO] - OGN register omni.ui_query-1.1.7 took 884085.000000
[2026-06-12 00:54:47,344][ogn_registration][INFO] - Looking for Python nodes to register in omni.kit.property.usd-4.2.16
[2026-06-12 00:54:47,344][ogn_registration][INFO] -  -> Registered nodes from module omni.kit.property.usd at /root/.venvs/isaaclab-mosaic/lib/python3.10/site-packages/omni/data/Kit/Isaac-Sim/4.5/exts/3/omni.kit.property.usd-4.2.16+d02c707b
[2026-06-12 00:54:47,344][ogn_registration][INFO] - Registering nodes in /root/.venvs/isaaclab-mosaic/lib/python3.10/site-packages/omni/data/Kit/Isaac-Sim/4.5/exts/3/omni.kit.property.usd-4.2.16+d02c707b imported as omni.kit.property.usd with AutoNode config {}
[2026-06-12 00:54:47,344][ogn_registration][INFO] - Registering Python Node Types from omni.kit.property.usd at /root/.venvs/isaaclab-mosaic/lib/python3.10/site-packages/omni/data/Kit/Isaac-Sim/4.5/exts/3/omni.kit.property.usd-4.2.16+d02c707b in omni.kit.property.usd
[2026-06-12 00:54:47,344][ogn_registration][INFO] - ========================================================================================================================
[2026-06-12 00:54:47,345][ogn_registration][INFO] - No dependency on omni.graph, therefore no nodes to register in omni.kit.property.usd
[2026-06-12 00:54:47,345][ogn_registration][INFO] - ...None found, no registration to do
[2026-06-12 00:54:47,345][ogn_registration][INFO] - ...Skipping: No OmniGraph presence in the module omni.kit.property.usd - No nodes in this module, do not remember it
[2026-06-12 00:54:47,345][ogn_registration][INFO] - Destroying registration record for omni.kit.property.usd
[2026-06-12 00:54:47,345][ogn_registration][INFO] - OGN register omni.kit.property.usd-4.2.16 took 1484252.000000
[2026-06-12 00:54:47,351][ogn_registration][INFO] - Looking for Python nodes to register in omni.kit.browser.folder.core-1.10.1
[2026-06-12 00:54:47,351][ogn_registration][INFO] -  -> Registered nodes from module omni.kit.browser.folder.core at /root/.venvs/isaaclab-mosaic/lib/python3.10/site-packages/omni/data/Kit/Isaac-Sim/4.5/exts/3/omni.kit.browser.folder.core-1.10.1
[2026-06-12 00:54:47,351][ogn_registration][INFO] - Registering nodes in /root/.venvs/isaaclab-mosaic/lib/python3.10/site-packages/omni/data/Kit/Isaac-Sim/4.5/exts/3/omni.kit.browser.folder.core-1.10.1 imported as omni.kit.browser.folder.core with AutoNode config {}
[2026-06-12 00:54:47,351][ogn_registration][INFO] - Registering Python Node Types from omni.kit.browser.folder.core at /root/.venvs/isaaclab-mosaic/lib/python3.10/site-packages/omni/data/Kit/Isaac-Sim/4.5/exts/3/omni.kit.browser.folder.core-1.10.1 in omni.kit.browser.folder.core
[2026-06-12 00:54:47,351][ogn_registration][INFO] - ========================================================================================================================
[2026-06-12 00:54:47,352][ogn_registration][INFO] - No dependency on omni.graph, therefore no nodes to register in omni.kit.browser.folder.core
[2026-06-12 00:54:47,352][ogn_registration][INFO] - ...None found, no registration to do
[2026-06-12 00:54:47,352][ogn_registration][INFO] - ...Skipping: No OmniGraph presence in the module omni.kit.browser.folder.core - No nodes in this module, do not remember it
[2026-06-12 00:54:47,352][ogn_registration][INFO] - Destroying registration record for omni.kit.browser.folder.core
[2026-06-12 00:54:47,352][ogn_registration][INFO] - OGN register omni.kit.browser.folder.core-1.10.1 took 1251755.000000
[2026-06-12 00:54:47,367][ogn_registration][INFO] - Looking for Python nodes to register in isaacsim.examples.browser-0.1.8
[2026-06-12 00:54:47,367][ogn_registration][INFO] -  -> Registered nodes from module isaacsim.examples.browser at /root/.venvs/isaaclab-mosaic/lib/python3.10/site-packages/isaacsim/exts/isaacsim.examples.browser
[2026-06-12 00:54:47,367][ogn_registration][INFO] - Registering nodes in /root/.venvs/isaaclab-mosaic/lib/python3.10/site-packages/isaacsim/exts/isaacsim.examples.browser imported as isaacsim.examples.browser with AutoNode config {}
[2026-06-12 00:54:47,367][ogn_registration][INFO] - Registering Python Node Types from isaacsim.examples.browser at /root/.venvs/isaaclab-mosaic/lib/python3.10/site-packages/isaacsim/exts/isaacsim.examples.browser in isaacsim.examples.browser
[2026-06-12 00:54:47,367][ogn_registration][INFO] - ========================================================================================================================
[2026-06-12 00:54:47,368][ogn_registration][INFO] - No dependency on omni.graph, therefore no nodes to register in isaacsim.examples.browser
[2026-06-12 00:54:47,368][ogn_registration][INFO] - ...None found, no registration to do
[2026-06-12 00:54:47,368][ogn_registration][INFO] - ...Skipping: No OmniGraph presence in the module isaacsim.examples.browser - No nodes in this module, do not remember it
[2026-06-12 00:54:47,369][ogn_registration][INFO] - Destroying registration record for isaacsim.examples.browser
[2026-06-12 00:54:47,369][ogn_registration][INFO] - OGN register isaacsim.examples.browser-0.1.8 took 1448929.000000
[2026-06-12 00:54:47,370][ogn_registration][INFO] - Looking for Python nodes to register in omni.kit.ui_test-1.3.3
[2026-06-12 00:54:47,370][ogn_registration][INFO] -  -> Registered nodes from module omni.kit.ui_test at /root/.venvs/isaaclab-mosaic/lib/python3.10/site-packages/omni/data/Kit/Isaac-Sim/4.5/exts/3/omni.kit.ui_test-1.3.3+d02c707b
[2026-06-12 00:54:47,371][ogn_registration][INFO] - Registering nodes in /root/.venvs/isaaclab-mosaic/lib/python3.10/site-packages/omni/data/Kit/Isaac-Sim/4.5/exts/3/omni.kit.ui_test-1.3.3+d02c707b imported as omni.kit.ui_test with AutoNode config {}
[2026-06-12 00:54:47,371][ogn_registration][INFO] - Registering Python Node Types from omni.kit.ui_test at /root/.venvs/isaaclab-mosaic/lib/python3.10/site-packages/omni/data/Kit/Isaac-Sim/4.5/exts/3/omni.kit.ui_test-1.3.3+d02c707b in omni.kit.ui_test
[2026-06-12 00:54:47,371][ogn_registration][INFO] - ========================================================================================================================
[2026-06-12 00:54:47,371][ogn_registration][INFO] - No dependency on omni.graph, therefore no nodes to register in omni.kit.ui_test
[2026-06-12 00:54:47,371][ogn_registration][INFO] - ...None found, no registration to do
[2026-06-12 00:54:47,371][ogn_registration][INFO] - ...Skipping: No OmniGraph presence in the module omni.kit.ui_test - No nodes in this module, do not remember it
[2026-06-12 00:54:47,371][ogn_registration][INFO] - Destroying registration record for omni.kit.ui_test
[2026-06-12 00:54:47,371][ogn_registration][INFO] - OGN register omni.kit.ui_test-1.3.3 took 918517.000000
[2026-06-12 00:54:47,372][ogn_registration][INFO] - Looking for Python nodes to register in omni.kit.widget.prompt-1.0.7
[2026-06-12 00:54:47,372][ogn_registration][INFO] -  -> Registered nodes from module omni.kit.widget.prompt at /root/.venvs/isaaclab-mosaic/lib/python3.10/site-packages/omni/data/Kit/Isaac-Sim/4.5/exts/3/omni.kit.widget.prompt-1.0.7+d02c707b
[2026-06-12 00:54:47,372][ogn_registration][INFO] - Registering nodes in /root/.venvs/isaaclab-mosaic/lib/python3.10/site-packages/omni/data/Kit/Isaac-Sim/4.5/exts/3/omni.kit.widget.prompt-1.0.7+d02c707b imported as omni.kit.widget.prompt with AutoNode config {}
[2026-06-12 00:54:47,373][ogn_registration][INFO] - Registering Python Node Types from omni.kit.widget.prompt at /root/.venvs/isaaclab-mosaic/lib/python3.10/site-packages/omni/data/Kit/Isaac-Sim/4.5/exts/3/omni.kit.widget.prompt-1.0.7+d02c707b in omni.kit.widget.prompt
[2026-06-12 00:54:47,373][ogn_registration][INFO] - ========================================================================================================================
[2026-06-12 00:54:47,373][ogn_registration][INFO] - No dependency on omni.graph, therefore no nodes to register in omni.kit.widget.prompt
[2026-06-12 00:54:47,373][ogn_registration][INFO] - ...None found, no registration to do
[2026-06-12 00:54:47,373][ogn_registration][INFO] - ...Skipping: No OmniGraph presence in the module omni.kit.widget.prompt - No nodes in this module, do not remember it
[2026-06-12 00:54:47,373][ogn_registration][INFO] - Destroying registration record for omni.kit.widget.prompt
[2026-06-12 00:54:47,373][ogn_registration][INFO] - OGN register omni.kit.widget.prompt-1.0.7 took 891970.000000
[2026-06-12 00:54:47,391][ogn_registration][INFO] - Looking for Python nodes to register in omni.kit.window.extensions-1.4.25
[2026-06-12 00:54:47,391][ogn_registration][INFO] -  -> Registered nodes from module omni.kit.window.extensions at /root/.venvs/isaaclab-mosaic/lib/python3.10/site-packages/omni/data/Kit/Isaac-Sim/4.5/exts/3/omni.kit.window.extensions-1.4.25+d02c707b
[2026-06-12 00:54:47,391][ogn_registration][INFO] - Registering nodes in /root/.venvs/isaaclab-mosaic/lib/python3.10/site-packages/omni/data/Kit/Isaac-Sim/4.5/exts/3/omni.kit.window.extensions-1.4.25+d02c707b imported as omni.kit.window.extensions with AutoNode config {}
[2026-06-12 00:54:47,391][ogn_registration][INFO] - Registering Python Node Types from omni.kit.window.extensions at /root/.venvs/isaaclab-mosaic/lib/python3.10/site-packages/omni/data/Kit/Isaac-Sim/4.5/exts/3/omni.kit.window.extensions-1.4.25+d02c707b in omni.kit.window.extensions
[2026-06-12 00:54:47,392][ogn_registration][INFO] - ========================================================================================================================
[2026-06-12 00:54:47,392][ogn_registration][INFO] - No dependency on omni.graph, therefore no nodes to register in omni.kit.window.extensions
[2026-06-12 00:54:47,392][ogn_registration][INFO] - ...None found, no registration to do
[2026-06-12 00:54:47,392][ogn_registration][INFO] - ...Skipping: No OmniGraph presence in the module omni.kit.window.extensions - No nodes in this module, do not remember it
[2026-06-12 00:54:47,392][ogn_registration][INFO] - Destroying registration record for omni.kit.window.extensions
[2026-06-12 00:54:47,392][ogn_registration][INFO] - OGN register omni.kit.window.extensions-1.4.25 took 1108908.000000
[2026-06-12 00:54:47,396][ogn_registration][INFO] - Looking for Python nodes to register in isaacsim.gui.components-1.0.9
[2026-06-12 00:54:47,396][ogn_registration][INFO] -  -> Registered nodes from module isaacsim.gui.components at /root/.venvs/isaaclab-mosaic/lib/python3.10/site-packages/isaacsim/exts/isaacsim.gui.components
[2026-06-12 00:54:47,396][ogn_registration][INFO] - Registering nodes in /root/.venvs/isaaclab-mosaic/lib/python3.10/site-packages/isaacsim/exts/isaacsim.gui.components imported as isaacsim.gui.components with AutoNode config {}
[2026-06-12 00:54:47,396][ogn_registration][INFO] - Registering Python Node Types from isaacsim.gui.components at /root/.venvs/isaaclab-mosaic/lib/python3.10/site-packages/isaacsim/exts/isaacsim.gui.components in isaacsim.gui.components
[2026-06-12 00:54:47,396][ogn_registration][INFO] - ========================================================================================================================
[2026-06-12 00:54:47,397][ogn_registration][INFO] - Finding OmniGraph extension content manager for isaacsim.gui.components-1.0.9 in module isaacsim.gui.components at /root/.venvs/isaaclab-mosaic/lib/python3.10/site-packages/isaacsim/exts/isaacsim.gui.components
[2026-06-12 00:54:47,397][ogn_registration][INFO] - -> New generated folder /root/.venvs/isaaclab-mosaic/lib/python3.10/site-packages/isaacsim/exts/isaacsim.gui.components/ogn/isaacsim.gui.components is not a directory
[2026-06-12 00:54:47,397][ogn_registration][INFO] - -> Old ogn/ folder /root/.venvs/isaaclab-mosaic/lib/python3.10/site-packages/isaacsim/exts/isaacsim.gui.components/isaacsim/gui/components/ogn is not a directory
[2026-06-12 00:54:47,397][ogn_registration][INFO] - _walk_with_excludes(start=/root/.venvs/isaaclab-mosaic/lib/python3.10/site-packages/isaacsim/exts/isaacsim.gui.components/isaacsim/gui/components, exclude=['__pycache__'])
[2026-06-12 00:54:47,398][ogn_registration][INFO] -    ... walked /root/.venvs/isaaclab-mosaic/lib/python3.10/site-packages/isaacsim/exts/isaacsim.gui.components/isaacsim/gui/components, ['element_wrappers', 'tests'], ['widgets.py', 'callbacks.py', 'print_to_screen.py', 'ui_utils.py', '__init__.py', 'dpad.py', 'style.py', 'menu.py']
[2026-06-12 00:54:47,398][ogn_registration][INFO] -    ... walked /root/.venvs/isaaclab-mosaic/lib/python3.10/site-packages/isaacsim/exts/isaacsim.gui.components/isaacsim/gui/components/element_wrappers, [], ['__init__.py', 'ui_widget_wrappers.py', 'base_ui_element_wrappers.py']
[2026-06-12 00:54:47,398][ogn_registration][INFO] -    ... walked /root/.venvs/isaaclab-mosaic/lib/python3.10/site-packages/isaacsim/exts/isaacsim.gui.components/isaacsim/gui/components/tests, [], ['test_screen_printer.py', 'test_ui.py', '__init__.py', 'test_ui_widget_wrappers.py']
[2026-06-12 00:54:47,398][ogn_registration][INFO] - -> Extension contents not recognized as containing OmniGraph Python information
[2026-06-12 00:54:47,398][ogn_registration][INFO] - ...None found, no registration to do
[2026-06-12 00:54:47,399][ogn_registration][INFO] - ...Skipping: No OmniGraph presence in the module isaacsim.gui.components - No nodes in this module, do not remember it
[2026-06-12 00:54:47,399][ogn_registration][INFO] - Destroying registration record for isaacsim.gui.components
[2026-06-12 00:54:47,399][ogn_registration][INFO] -  -> Registered nodes from module isaacsim.gui.components.tests at /root/.venvs/isaaclab-mosaic/lib/python3.10/site-packages/isaacsim/exts/isaacsim.gui.components
[2026-06-12 00:54:47,399][ogn_registration][INFO] - Registering nodes in /root/.venvs/isaaclab-mosaic/lib/python3.10/site-packages/isaacsim/exts/isaacsim.gui.components imported as isaacsim.gui.components.tests with AutoNode config {}
[2026-06-12 00:54:47,399][ogn_registration][INFO] - Registering Python Node Types from isaacsim.gui.components.tests at /root/.venvs/isaaclab-mosaic/lib/python3.10/site-packages/isaacsim/exts/isaacsim.gui.components in isaacsim.gui.components
[2026-06-12 00:54:47,399][ogn_registration][INFO] - ========================================================================================================================
[2026-06-12 00:54:47,400][ogn_registration][INFO] - Finding OmniGraph extension content manager for isaacsim.gui.components-1.0.9 in module isaacsim.gui.components.tests at /root/.venvs/isaaclab-mosaic/lib/python3.10/site-packages/isaacsim/exts/isaacsim.gui.components
[2026-06-12 00:54:47,400][ogn_registration][INFO] - -> New generated folder /root/.venvs/isaaclab-mosaic/lib/python3.10/site-packages/isaacsim/exts/isaacsim.gui.components/ogn/isaacsim.gui.components.tests is not a directory
[2026-06-12 00:54:47,400][ogn_registration][INFO] - -> Old ogn/ folder /root/.venvs/isaaclab-mosaic/lib/python3.10/site-packages/isaacsim/exts/isaacsim.gui.components/isaacsim/gui/components/tests/ogn is not a directory
[2026-06-12 00:54:47,400][ogn_registration][INFO] - _walk_with_excludes(start=/root/.venvs/isaaclab-mosaic/lib/python3.10/site-packages/isaacsim/exts/isaacsim.gui.components/isaacsim/gui/components/tests, exclude=['__pycache__'])
[2026-06-12 00:54:47,400][ogn_registration][INFO] -    ... walked /root/.venvs/isaaclab-mosaic/lib/python3.10/site-packages/isaacsim/exts/isaacsim.gui.components/isaacsim/gui/components/tests, [], ['test_screen_printer.py', 'test_ui.py', '__init__.py', 'test_ui_widget_wrappers.py']
[2026-06-12 00:54:47,400][ogn_registration][INFO] - -> Extension contents not recognized as containing OmniGraph Python information
[2026-06-12 00:54:47,400][ogn_registration][INFO] - ...None found, no registration to do
[2026-06-12 00:54:47,401][ogn_registration][INFO] - ...Skipping: No OmniGraph presence in the module isaacsim.gui.components.tests - No nodes in this module, do not remember it
[2026-06-12 00:54:47,401][ogn_registration][INFO] - Destroying registration record for isaacsim.gui.components
[2026-06-12 00:54:47,401][ogn_registration][INFO] - OGN register isaacsim.gui.components-1.0.9 took 4941361.000000
[2026-06-12 00:54:47,426][ogn_registration][INFO] - Looking for Python nodes to register in omni.kit.tool.asset_importer-2.12.6
[2026-06-12 00:54:47,426][ogn_registration][INFO] -  -> Registered nodes from module omni.kit.tool.asset_importer at /root/.venvs/isaaclab-mosaic/lib/python3.10/site-packages/omni/data/Kit/Isaac-Sim/4.5/exts/3/omni.kit.tool.asset_importer-2.12.6+106.5.0
[2026-06-12 00:54:47,426][ogn_registration][INFO] - Registering nodes in /root/.venvs/isaaclab-mosaic/lib/python3.10/site-packages/omni/data/Kit/Isaac-Sim/4.5/exts/3/omni.kit.tool.asset_importer-2.12.6+106.5.0 imported as omni.kit.tool.asset_importer with AutoNode config {}
[2026-06-12 00:54:47,426][ogn_registration][INFO] - Registering Python Node Types from omni.kit.tool.asset_importer at /root/.venvs/isaaclab-mosaic/lib/python3.10/site-packages/omni/data/Kit/Isaac-Sim/4.5/exts/3/omni.kit.tool.asset_importer-2.12.6+106.5.0 in omni.kit.tool.asset_importer
[2026-06-12 00:54:47,427][ogn_registration][INFO] - ========================================================================================================================
[2026-06-12 00:54:47,427][ogn_registration][INFO] - No dependency on omni.graph, therefore no nodes to register in omni.kit.tool.asset_importer
[2026-06-12 00:54:47,427][ogn_registration][INFO] - ...None found, no registration to do
[2026-06-12 00:54:47,428][ogn_registration][INFO] - ...Skipping: No OmniGraph presence in the module omni.kit.tool.asset_importer - No nodes in this module, do not remember it
[2026-06-12 00:54:47,428][ogn_registration][INFO] - Destroying registration record for omni.kit.tool.asset_importer
[2026-06-12 00:54:47,428][ogn_registration][INFO] - OGN register omni.kit.tool.asset_importer-2.12.6 took 1479693.000000
[2026-06-12 00:54:47,468][ogn_registration][INFO] - Looking for Python nodes to register in isaacsim.asset.importer.urdf-2.3.14
[2026-06-12 00:54:47,468][ogn_registration][INFO] -  -> Registered nodes from module isaacsim.asset.importer.urdf at /root/.venvs/isaaclab-mosaic/lib/python3.10/site-packages/omni/data/Kit/Isaac-Sim/4.5/exts/3/isaacsim.asset.importer.urdf-2.3.14+106.5.0.lx64.r.cp310
[2026-06-12 00:54:47,468][ogn_registration][INFO] - Registering nodes in /root/.venvs/isaaclab-mosaic/lib/python3.10/site-packages/omni/data/Kit/Isaac-Sim/4.5/exts/3/isaacsim.asset.importer.urdf-2.3.14+106.5.0.lx64.r.cp310 imported as isaacsim.asset.importer.urdf with AutoNode config {}
[2026-06-12 00:54:47,468][ogn_registration][INFO] - Registering Python Node Types from isaacsim.asset.importer.urdf at /root/.venvs/isaaclab-mosaic/lib/python3.10/site-packages/omni/data/Kit/Isaac-Sim/4.5/exts/3/isaacsim.asset.importer.urdf-2.3.14+106.5.0.lx64.r.cp310 in isaacsim.asset.importer.urdf
[2026-06-12 00:54:47,468][ogn_registration][INFO] - ========================================================================================================================
[2026-06-12 00:54:47,470][ogn_registration][INFO] - Finding OmniGraph extension content manager for isaacsim.asset.importer.urdf-2.3.14 in module isaacsim.asset.importer.urdf at /root/.venvs/isaaclab-mosaic/lib/python3.10/site-packages/omni/data/Kit/Isaac-Sim/4.5/exts/3/isaacsim.asset.importer.urdf-2.3.14+106.5.0.lx64.r.cp310
[2026-06-12 00:54:47,470][ogn_registration][INFO] - -> New generated folder /root/.venvs/isaaclab-mosaic/lib/python3.10/site-packages/omni/data/Kit/Isaac-Sim/4.5/exts/3/isaacsim.asset.importer.urdf-2.3.14+106.5.0.lx64.r.cp310/ogn/isaacsim.asset.importer.urdf is not a directory
[2026-06-12 00:54:47,470][ogn_registration][INFO] - -> Old ogn/ folder /root/.venvs/isaaclab-mosaic/lib/python3.10/site-packages/omni/data/Kit/Isaac-Sim/4.5/exts/3/isaacsim.asset.importer.urdf-2.3.14+106.5.0.lx64.r.cp310/isaacsim/asset/importer/urdf/ogn is not a directory
[2026-06-12 00:54:47,470][ogn_registration][INFO] - _walk_with_excludes(start=/root/.venvs/isaaclab-mosaic/lib/python3.10/site-packages/omni/data/Kit/Isaac-Sim/4.5/exts/3/isaacsim.asset.importer.urdf-2.3.14+106.5.0.lx64.r.cp310/isaacsim/asset/importer/urdf, exclude=['__pycache__'])
[2026-06-12 00:54:47,471][ogn_registration][INFO] -    ... walked /root/.venvs/isaaclab-mosaic/lib/python3.10/site-packages/omni/data/Kit/Isaac-Sim/4.5/exts/3/isaacsim.asset.importer.urdf-2.3.14+106.5.0.lx64.r.cp310/isaacsim/asset/importer/urdf, ['tests', 'scripts'], ['_urdf.cpython-310-x86_64-linux-gnu.so', '__init__.py']
[2026-06-12 00:54:47,471][ogn_registration][INFO] -    ... walked /root/.venvs/isaaclab-mosaic/lib/python3.10/site-packages/omni/data/Kit/Isaac-Sim/4.5/exts/3/isaacsim.asset.importer.urdf-2.3.14+106.5.0.lx64.r.cp310/isaacsim/asset/importer/urdf/tests, [], ['__init__.py', 'test_urdf.py']
[2026-06-12 00:54:47,472][ogn_registration][INFO] -    ... walked /root/.venvs/isaaclab-mosaic/lib/python3.10/site-packages/omni/data/Kit/Isaac-Sim/4.5/exts/3/isaacsim.asset.importer.urdf-2.3.14+106.5.0.lx64.r.cp310/isaacsim/asset/importer/urdf/scripts, ['samples', 'ui'], ['__init__.py', 'extension.py', 'commands.py']
[2026-06-12 00:54:47,472][ogn_registration][INFO] -    ... walked /root/.venvs/isaaclab-mosaic/lib/python3.10/site-packages/omni/data/Kit/Isaac-Sim/4.5/exts/3/isaacsim.asset.importer.urdf-2.3.14+106.5.0.lx64.r.cp310/isaacsim/asset/importer/urdf/scripts/samples, [], ['import_carter.py', 'import_kaya.py', 'import_franka.py', 'common.py', 'import_ur10.py']
[2026-06-12 00:54:47,472][ogn_registration][INFO] -    ... walked /root/.venvs/isaaclab-mosaic/lib/python3.10/site-packages/omni/data/Kit/Isaac-Sim/4.5/exts/3/isaacsim.asset.importer.urdf-2.3.14+106.5.0.lx64.r.cp310/isaacsim/asset/importer/urdf/scripts/ui, [], ['ui_utils.py', 'UrdfJointWidgetWithID.py', 'UrdfLinkWidget.py', '__init__.py', 'UrdfOptionWidget.py', 'style.py', 'menu.py', 'resetable_widget.py']
[2026-06-12 00:54:47,472][ogn_registration][INFO] - -> Extension contents not recognized as containing OmniGraph Python information
[2026-06-12 00:54:47,472][ogn_registration][INFO] - ...None found, no registration to do
[2026-06-12 00:54:47,472][ogn_registration][INFO] - ...Skipping: No OmniGraph presence in the module isaacsim.asset.importer.urdf - No nodes in this module, do not remember it
[2026-06-12 00:54:47,472][ogn_registration][INFO] - Destroying registration record for isaacsim.asset.importer.urdf
[2026-06-12 00:54:47,472][ogn_registration][INFO] -  -> Registered nodes from module isaacsim.asset.importer.urdf.tests at /root/.venvs/isaaclab-mosaic/lib/python3.10/site-packages/omni/data/Kit/Isaac-Sim/4.5/exts/3/isaacsim.asset.importer.urdf-2.3.14+106.5.0.lx64.r.cp310
[2026-06-12 00:54:47,472][ogn_registration][INFO] - Registering nodes in /root/.venvs/isaaclab-mosaic/lib/python3.10/site-packages/omni/data/Kit/Isaac-Sim/4.5/exts/3/isaacsim.asset.importer.urdf-2.3.14+106.5.0.lx64.r.cp310 imported as isaacsim.asset.importer.urdf.tests with AutoNode config {}
[2026-06-12 00:54:47,472][ogn_registration][INFO] - Registering Python Node Types from isaacsim.asset.importer.urdf.tests at /root/.venvs/isaaclab-mosaic/lib/python3.10/site-packages/omni/data/Kit/Isaac-Sim/4.5/exts/3/isaacsim.asset.importer.urdf-2.3.14+106.5.0.lx64.r.cp310 in isaacsim.asset.importer.urdf
[2026-06-12 00:54:47,472][ogn_registration][INFO] - ========================================================================================================================
[2026-06-12 00:54:47,474][ogn_registration][INFO] - Finding OmniGraph extension content manager for isaacsim.asset.importer.urdf-2.3.14 in module isaacsim.asset.importer.urdf.tests at /root/.venvs/isaaclab-mosaic/lib/python3.10/site-packages/omni/data/Kit/Isaac-Sim/4.5/exts/3/isaacsim.asset.importer.urdf-2.3.14+106.5.0.lx64.r.cp310
[2026-06-12 00:54:47,474][ogn_registration][INFO] - -> New generated folder /root/.venvs/isaaclab-mosaic/lib/python3.10/site-packages/omni/data/Kit/Isaac-Sim/4.5/exts/3/isaacsim.asset.importer.urdf-2.3.14+106.5.0.lx64.r.cp310/ogn/isaacsim.asset.importer.urdf.tests is not a directory
[2026-06-12 00:54:47,474][ogn_registration][INFO] - -> Old ogn/ folder /root/.venvs/isaaclab-mosaic/lib/python3.10/site-packages/omni/data/Kit/Isaac-Sim/4.5/exts/3/isaacsim.asset.importer.urdf-2.3.14+106.5.0.lx64.r.cp310/isaacsim/asset/importer/urdf/tests/ogn is not a directory
[2026-06-12 00:54:47,474][ogn_registration][INFO] - _walk_with_excludes(start=/root/.venvs/isaaclab-mosaic/lib/python3.10/site-packages/omni/data/Kit/Isaac-Sim/4.5/exts/3/isaacsim.asset.importer.urdf-2.3.14+106.5.0.lx64.r.cp310/isaacsim/asset/importer/urdf/tests, exclude=['__pycache__'])
[2026-06-12 00:54:47,474][ogn_registration][INFO] -    ... walked /root/.venvs/isaaclab-mosaic/lib/python3.10/site-packages/omni/data/Kit/Isaac-Sim/4.5/exts/3/isaacsim.asset.importer.urdf-2.3.14+106.5.0.lx64.r.cp310/isaacsim/asset/importer/urdf/tests, [], ['__init__.py', 'test_urdf.py']
[2026-06-12 00:54:47,474][ogn_registration][INFO] - -> Extension contents not recognized as containing OmniGraph Python information
[2026-06-12 00:54:47,474][ogn_registration][INFO] - ...None found, no registration to do
[2026-06-12 00:54:47,474][ogn_registration][INFO] - ...Skipping: No OmniGraph presence in the module isaacsim.asset.importer.urdf.tests - No nodes in this module, do not remember it
[2026-06-12 00:54:47,474][ogn_registration][INFO] - Destroying registration record for isaacsim.asset.importer.urdf
[2026-06-12 00:54:47,474][ogn_registration][INFO] -  -> Registered nodes from module isaacsim.asset.importer.urdf.scripts.ui at /root/.venvs/isaaclab-mosaic/lib/python3.10/site-packages/omni/data/Kit/Isaac-Sim/4.5/exts/3/isaacsim.asset.importer.urdf-2.3.14+106.5.0.lx64.r.cp310
[2026-06-12 00:54:47,474][ogn_registration][INFO] - Registering nodes in /root/.venvs/isaaclab-mosaic/lib/python3.10/site-packages/omni/data/Kit/Isaac-Sim/4.5/exts/3/isaacsim.asset.importer.urdf-2.3.14+106.5.0.lx64.r.cp310 imported as isaacsim.asset.importer.urdf.scripts.ui with AutoNode config {}
[2026-06-12 00:54:47,475][ogn_registration][INFO] - Registering Python Node Types from isaacsim.asset.importer.urdf.scripts.ui at /root/.venvs/isaaclab-mosaic/lib/python3.10/site-packages/omni/data/Kit/Isaac-Sim/4.5/exts/3/isaacsim.asset.importer.urdf-2.3.14+106.5.0.lx64.r.cp310 in isaacsim.asset.importer.urdf
[2026-06-12 00:54:47,475][ogn_registration][INFO] - ========================================================================================================================
[2026-06-12 00:54:47,476][ogn_registration][INFO] - Finding OmniGraph extension content manager for isaacsim.asset.importer.urdf-2.3.14 in module isaacsim.asset.importer.urdf.scripts.ui at /root/.venvs/isaaclab-mosaic/lib/python3.10/site-packages/omni/data/Kit/Isaac-Sim/4.5/exts/3/isaacsim.asset.importer.urdf-2.3.14+106.5.0.lx64.r.cp310
[2026-06-12 00:54:47,476][ogn_registration][INFO] - -> New generated folder /root/.venvs/isaaclab-mosaic/lib/python3.10/site-packages/omni/data/Kit/Isaac-Sim/4.5/exts/3/isaacsim.asset.importer.urdf-2.3.14+106.5.0.lx64.r.cp310/ogn/isaacsim.asset.importer.urdf.scripts.ui is not a directory
[2026-06-12 00:54:47,476][ogn_registration][INFO] - -> Old ogn/ folder /root/.venvs/isaaclab-mosaic/lib/python3.10/site-packages/omni/data/Kit/Isaac-Sim/4.5/exts/3/isaacsim.asset.importer.urdf-2.3.14+106.5.0.lx64.r.cp310/isaacsim/asset/importer/urdf/scripts/ui/ogn is not a directory
[2026-06-12 00:54:47,476][ogn_registration][INFO] - _walk_with_excludes(start=/root/.venvs/isaaclab-mosaic/lib/python3.10/site-packages/omni/data/Kit/Isaac-Sim/4.5/exts/3/isaacsim.asset.importer.urdf-2.3.14+106.5.0.lx64.r.cp310/isaacsim/asset/importer/urdf/scripts/ui, exclude=['__pycache__'])
[2026-06-12 00:54:47,476][ogn_registration][INFO] -    ... walked /root/.venvs/isaaclab-mosaic/lib/python3.10/site-packages/omni/data/Kit/Isaac-Sim/4.5/exts/3/isaacsim.asset.importer.urdf-2.3.14+106.5.0.lx64.r.cp310/isaacsim/asset/importer/urdf/scripts/ui, [], ['ui_utils.py', 'UrdfJointWidgetWithID.py', 'UrdfLinkWidget.py', '__init__.py', 'UrdfOptionWidget.py', 'style.py', 'menu.py', 'resetable_widget.py']
[2026-06-12 00:54:47,476][ogn_registration][INFO] - -> Extension contents not recognized as containing OmniGraph Python information
[2026-06-12 00:54:47,476][ogn_registration][INFO] - ...None found, no registration to do
[2026-06-12 00:54:47,476][ogn_registration][INFO] - ...Skipping: No OmniGraph presence in the module isaacsim.asset.importer.urdf.scripts.ui - No nodes in this module, do not remember it
[2026-06-12 00:54:47,476][ogn_registration][INFO] - Destroying registration record for isaacsim.asset.importer.urdf
[2026-06-12 00:54:47,477][ogn_registration][INFO] -  -> Registered nodes from module isaacsim.asset.importer.urdf.scripts.samples.import_carter at /root/.venvs/isaaclab-mosaic/lib/python3.10/site-packages/omni/data/Kit/Isaac-Sim/4.5/exts/3/isaacsim.asset.importer.urdf-2.3.14+106.5.0.lx64.r.cp310
[2026-06-12 00:54:47,477][ogn_registration][INFO] - Registering nodes in /root/.venvs/isaaclab-mosaic/lib/python3.10/site-packages/omni/data/Kit/Isaac-Sim/4.5/exts/3/isaacsim.asset.importer.urdf-2.3.14+106.5.0.lx64.r.cp310 imported as isaacsim.asset.importer.urdf.scripts.samples.import_carter with AutoNode config {}
[2026-06-12 00:54:47,477][ogn_registration][INFO] - Registering Python Node Types from isaacsim.asset.importer.urdf.scripts.samples.import_carter at /root/.venvs/isaaclab-mosaic/lib/python3.10/site-packages/omni/data/Kit/Isaac-Sim/4.5/exts/3/isaacsim.asset.importer.urdf-2.3.14+106.5.0.lx64.r.cp310 in isaacsim.asset.importer.urdf
[2026-06-12 00:54:47,477][ogn_registration][INFO] - ========================================================================================================================
[2026-06-12 00:54:47,478][ogn_registration][INFO] - Finding OmniGraph extension content manager for isaacsim.asset.importer.urdf-2.3.14 in module isaacsim.asset.importer.urdf.scripts.samples.import_carter at /root/.venvs/isaaclab-mosaic/lib/python3.10/site-packages/omni/data/Kit/Isaac-Sim/4.5/exts/3/isaacsim.asset.importer.urdf-2.3.14+106.5.0.lx64.r.cp310
[2026-06-12 00:54:47,478][ogn_registration][INFO] - -> New generated folder /root/.venvs/isaaclab-mosaic/lib/python3.10/site-packages/omni/data/Kit/Isaac-Sim/4.5/exts/3/isaacsim.asset.importer.urdf-2.3.14+106.5.0.lx64.r.cp310/ogn/isaacsim.asset.importer.urdf.scripts.samples.import_carter is not a directory
[2026-06-12 00:54:47,478][ogn_registration][INFO] - -> Old ogn/ folder /root/.venvs/isaaclab-mosaic/lib/python3.10/site-packages/omni/data/Kit/Isaac-Sim/4.5/exts/3/isaacsim.asset.importer.urdf-2.3.14+106.5.0.lx64.r.cp310/isaacsim/asset/importer/urdf/scripts/samples/import_carter/ogn is not a directory
[2026-06-12 00:54:47,478][ogn_registration][INFO] - _walk_with_excludes(start=/root/.venvs/isaaclab-mosaic/lib/python3.10/site-packages/omni/data/Kit/Isaac-Sim/4.5/exts/3/isaacsim.asset.importer.urdf-2.3.14+106.5.0.lx64.r.cp310/isaacsim/asset/importer/urdf/scripts/samples/import_carter, exclude=['__pycache__'])
[2026-06-12 00:54:47,478][ogn_registration][INFO] - -> Extension contents not recognized as containing OmniGraph Python information
[2026-06-12 00:54:47,478][ogn_registration][INFO] - ...None found, no registration to do
[2026-06-12 00:54:47,478][ogn_registration][INFO] - ...Skipping: No OmniGraph presence in the module isaacsim.asset.importer.urdf.scripts.samples.import_carter - No nodes in this module, do not remember it
[2026-06-12 00:54:47,478][ogn_registration][INFO] - Destroying registration record for isaacsim.asset.importer.urdf
[2026-06-12 00:54:47,478][ogn_registration][INFO] -  -> Registered nodes from module isaacsim.asset.importer.urdf.scripts.samples.import_franka at /root/.venvs/isaaclab-mosaic/lib/python3.10/site-packages/omni/data/Kit/Isaac-Sim/4.5/exts/3/isaacsim.asset.importer.urdf-2.3.14+106.5.0.lx64.r.cp310
[2026-06-12 00:54:47,479][ogn_registration][INFO] - Registering nodes in /root/.venvs/isaaclab-mosaic/lib/python3.10/site-packages/omni/data/Kit/Isaac-Sim/4.5/exts/3/isaacsim.asset.importer.urdf-2.3.14+106.5.0.lx64.r.cp310 imported as isaacsim.asset.importer.urdf.scripts.samples.import_franka with AutoNode config {}
[2026-06-12 00:54:47,479][ogn_registration][INFO] - Registering Python Node Types from isaacsim.asset.importer.urdf.scripts.samples.import_franka at /root/.venvs/isaaclab-mosaic/lib/python3.10/site-packages/omni/data/Kit/Isaac-Sim/4.5/exts/3/isaacsim.asset.importer.urdf-2.3.14+106.5.0.lx64.r.cp310 in isaacsim.asset.importer.urdf
[2026-06-12 00:54:47,479][ogn_registration][INFO] - ========================================================================================================================
[2026-06-12 00:54:47,480][ogn_registration][INFO] - Finding OmniGraph extension content manager for isaacsim.asset.importer.urdf-2.3.14 in module isaacsim.asset.importer.urdf.scripts.samples.import_franka at /root/.venvs/isaaclab-mosaic/lib/python3.10/site-packages/omni/data/Kit/Isaac-Sim/4.5/exts/3/isaacsim.asset.importer.urdf-2.3.14+106.5.0.lx64.r.cp310
[2026-06-12 00:54:47,480][ogn_registration][INFO] - -> New generated folder /root/.venvs/isaaclab-mosaic/lib/python3.10/site-packages/omni/data/Kit/Isaac-Sim/4.5/exts/3/isaacsim.asset.importer.urdf-2.3.14+106.5.0.lx64.r.cp310/ogn/isaacsim.asset.importer.urdf.scripts.samples.import_franka is not a directory
[2026-06-12 00:54:47,480][ogn_registration][INFO] - -> Old ogn/ folder /root/.venvs/isaaclab-mosaic/lib/python3.10/site-packages/omni/data/Kit/Isaac-Sim/4.5/exts/3/isaacsim.asset.importer.urdf-2.3.14+106.5.0.lx64.r.cp310/isaacsim/asset/importer/urdf/scripts/samples/import_franka/ogn is not a directory
[2026-06-12 00:54:47,480][ogn_registration][INFO] - _walk_with_excludes(start=/root/.venvs/isaaclab-mosaic/lib/python3.10/site-packages/omni/data/Kit/Isaac-Sim/4.5/exts/3/isaacsim.asset.importer.urdf-2.3.14+106.5.0.lx64.r.cp310/isaacsim/asset/importer/urdf/scripts/samples/import_franka, exclude=['__pycache__'])
[2026-06-12 00:54:47,480][ogn_registration][INFO] - -> Extension contents not recognized as containing OmniGraph Python information
[2026-06-12 00:54:47,480][ogn_registration][INFO] - ...None found, no registration to do
[2026-06-12 00:54:47,480][ogn_registration][INFO] - ...Skipping: No OmniGraph presence in the module isaacsim.asset.importer.urdf.scripts.samples.import_franka - No nodes in this module, do not remember it
[2026-06-12 00:54:47,480][ogn_registration][INFO] - Destroying registration record for isaacsim.asset.importer.urdf
[2026-06-12 00:54:47,480][ogn_registration][INFO] -  -> Registered nodes from module isaacsim.asset.importer.urdf.scripts.samples.import_kaya at /root/.venvs/isaaclab-mosaic/lib/python3.10/site-packages/omni/data/Kit/Isaac-Sim/4.5/exts/3/isaacsim.asset.importer.urdf-2.3.14+106.5.0.lx64.r.cp310
[2026-06-12 00:54:47,481][ogn_registration][INFO] - Registering nodes in /root/.venvs/isaaclab-mosaic/lib/python3.10/site-packages/omni/data/Kit/Isaac-Sim/4.5/exts/3/isaacsim.asset.importer.urdf-2.3.14+106.5.0.lx64.r.cp310 imported as isaacsim.asset.importer.urdf.scripts.samples.import_kaya with AutoNode config {}
[2026-06-12 00:54:47,481][ogn_registration][INFO] - Registering Python Node Types from isaacsim.asset.importer.urdf.scripts.samples.import_kaya at /root/.venvs/isaaclab-mosaic/lib/python3.10/site-packages/omni/data/Kit/Isaac-Sim/4.5/exts/3/isaacsim.asset.importer.urdf-2.3.14+106.5.0.lx64.r.cp310 in isaacsim.asset.importer.urdf
[2026-06-12 00:54:47,481][ogn_registration][INFO] - ========================================================================================================================
[2026-06-12 00:54:47,482][ogn_registration][INFO] - Finding OmniGraph extension content manager for isaacsim.asset.importer.urdf-2.3.14 in module isaacsim.asset.importer.urdf.scripts.samples.import_kaya at /root/.venvs/isaaclab-mosaic/lib/python3.10/site-packages/omni/data/Kit/Isaac-Sim/4.5/exts/3/isaacsim.asset.importer.urdf-2.3.14+106.5.0.lx64.r.cp310
[2026-06-12 00:54:47,482][ogn_registration][INFO] - -> New generated folder /root/.venvs/isaaclab-mosaic/lib/python3.10/site-packages/omni/data/Kit/Isaac-Sim/4.5/exts/3/isaacsim.asset.importer.urdf-2.3.14+106.5.0.lx64.r.cp310/ogn/isaacsim.asset.importer.urdf.scripts.samples.import_kaya is not a directory
[2026-06-12 00:54:47,482][ogn_registration][INFO] - -> Old ogn/ folder /root/.venvs/isaaclab-mosaic/lib/python3.10/site-packages/omni/data/Kit/Isaac-Sim/4.5/exts/3/isaacsim.asset.importer.urdf-2.3.14+106.5.0.lx64.r.cp310/isaacsim/asset/importer/urdf/scripts/samples/import_kaya/ogn is not a directory
[2026-06-12 00:54:47,482][ogn_registration][INFO] - _walk_with_excludes(start=/root/.venvs/isaaclab-mosaic/lib/python3.10/site-packages/omni/data/Kit/Isaac-Sim/4.5/exts/3/isaacsim.asset.importer.urdf-2.3.14+106.5.0.lx64.r.cp310/isaacsim/asset/importer/urdf/scripts/samples/import_kaya, exclude=['__pycache__'])
[2026-06-12 00:54:47,482][ogn_registration][INFO] - -> Extension contents not recognized as containing OmniGraph Python information
[2026-06-12 00:54:47,482][ogn_registration][INFO] - ...None found, no registration to do
[2026-06-12 00:54:47,482][ogn_registration][INFO] - ...Skipping: No OmniGraph presence in the module isaacsim.asset.importer.urdf.scripts.samples.import_kaya - No nodes in this module, do not remember it
[2026-06-12 00:54:47,482][ogn_registration][INFO] - Destroying registration record for isaacsim.asset.importer.urdf
[2026-06-12 00:54:47,482][ogn_registration][INFO] -  -> Registered nodes from module isaacsim.asset.importer.urdf.scripts.samples.import_ur10 at /root/.venvs/isaaclab-mosaic/lib/python3.10/site-packages/omni/data/Kit/Isaac-Sim/4.5/exts/3/isaacsim.asset.importer.urdf-2.3.14+106.5.0.lx64.r.cp310
[2026-06-12 00:54:47,482][ogn_registration][INFO] - Registering nodes in /root/.venvs/isaaclab-mosaic/lib/python3.10/site-packages/omni/data/Kit/Isaac-Sim/4.5/exts/3/isaacsim.asset.importer.urdf-2.3.14+106.5.0.lx64.r.cp310 imported as isaacsim.asset.importer.urdf.scripts.samples.import_ur10 with AutoNode config {}
[2026-06-12 00:54:47,482][ogn_registration][INFO] - Registering Python Node Types from isaacsim.asset.importer.urdf.scripts.samples.import_ur10 at /root/.venvs/isaaclab-mosaic/lib/python3.10/site-packages/omni/data/Kit/Isaac-Sim/4.5/exts/3/isaacsim.asset.importer.urdf-2.3.14+106.5.0.lx64.r.cp310 in isaacsim.asset.importer.urdf
[2026-06-12 00:54:47,483][ogn_registration][INFO] - ========================================================================================================================
[2026-06-12 00:54:47,484][ogn_registration][INFO] - Finding OmniGraph extension content manager for isaacsim.asset.importer.urdf-2.3.14 in module isaacsim.asset.importer.urdf.scripts.samples.import_ur10 at /root/.venvs/isaaclab-mosaic/lib/python3.10/site-packages/omni/data/Kit/Isaac-Sim/4.5/exts/3/isaacsim.asset.importer.urdf-2.3.14+106.5.0.lx64.r.cp310
[2026-06-12 00:54:47,484][ogn_registration][INFO] - -> New generated folder /root/.venvs/isaaclab-mosaic/lib/python3.10/site-packages/omni/data/Kit/Isaac-Sim/4.5/exts/3/isaacsim.asset.importer.urdf-2.3.14+106.5.0.lx64.r.cp310/ogn/isaacsim.asset.importer.urdf.scripts.samples.import_ur10 is not a directory
[2026-06-12 00:54:47,484][ogn_registration][INFO] - -> Old ogn/ folder /root/.venvs/isaaclab-mosaic/lib/python3.10/site-packages/omni/data/Kit/Isaac-Sim/4.5/exts/3/isaacsim.asset.importer.urdf-2.3.14+106.5.0.lx64.r.cp310/isaacsim/asset/importer/urdf/scripts/samples/import_ur10/ogn is not a directory
[2026-06-12 00:54:47,484][ogn_registration][INFO] - _walk_with_excludes(start=/root/.venvs/isaaclab-mosaic/lib/python3.10/site-packages/omni/data/Kit/Isaac-Sim/4.5/exts/3/isaacsim.asset.importer.urdf-2.3.14+106.5.0.lx64.r.cp310/isaacsim/asset/importer/urdf/scripts/samples/import_ur10, exclude=['__pycache__'])
[2026-06-12 00:54:47,484][ogn_registration][INFO] - -> Extension contents not recognized as containing OmniGraph Python information
[2026-06-12 00:54:47,484][ogn_registration][INFO] - ...None found, no registration to do
[2026-06-12 00:54:47,484][ogn_registration][INFO] - ...Skipping: No OmniGraph presence in the module isaacsim.asset.importer.urdf.scripts.samples.import_ur10 - No nodes in this module, do not remember it
[2026-06-12 00:54:47,484][ogn_registration][INFO] - Destroying registration record for isaacsim.asset.importer.urdf
[2026-06-12 00:54:47,484][ogn_registration][INFO] - OGN register isaacsim.asset.importer.urdf-2.3.14 took 16505738.000000
[MultiMotionLoader] Motion group distribution:
  - backhand: 1 motions
  - forehand: 1 motions
[MultiMotionCommand] Registered motion groups: ['backhand', 'forehand']
[MultiMotionCommand]   - Group 'backhand': 1 motions
[MultiMotionCommand]   - Group 'forehand': 1 motions
[INFO] Command Manager:  <CommandManager> contains 1 active terms.
+----------------------------------------+
|          Active Command Terms          |
+-------+--------+-----------------------+
| Index | Name   |          Type         |
+-------+--------+-----------------------+
|   0   | motion | HitterStrikingCommand |
+-------+--------+-----------------------+

[INFO] Event Manager:  <EventManager> contains 0 active terms.

[INFO] Recorder Manager:  <RecorderManager> contains 0 active terms.
+---------------------+
| Active Recorder Terms |
+-----------+---------+
|   Index   | Name    |
+-----------+---------+
+-----------+---------+

[INFO] Action Manager:  <ActionManager> contains 1 active terms.
+------------------------------------+
|  Active Action Terms (shape: 29)   |
+--------+-------------+-------------+
| Index  | Name        |   Dimension |
+--------+-------------+-------------+
|   0    | joint_pos   |          29 |
+--------+-------------+-------------+

[INFO] Observation Manager: <ObservationManager> contains 2 groups.
+---------------------------------------------------------+
| Active Observation Terms in Group: 'policy' (shape: (104,)) |
+-----------+---------------------------------+-----------+
|   Index   | Name                            |   Shape   |
+-----------+---------------------------------+-----------+
|     0     | base_ang_vel                    |    (3,)   |
|     1     | projected_gravity               |    (3,)   |
|     2     | base_forward_xy                 |    (2,)   |
|     3     | base_target_xy                  |    (2,)   |
|     4     | racket_target_pos               |    (3,)   |
|     5     | racket_target_vel               |    (3,)   |
|     6     | time_to_strike                  |    (1,)   |
|     7     | joint_pos                       |   (29,)   |
|     8     | joint_vel                       |   (29,)   |
|     9     | actions                         |   (29,)   |
+-----------+---------------------------------+-----------+
+------------------------------------------------------------+
| Active Observation Terms in Group: 'critic' (shape: (301,)) |
+----------+------------------------------------+------------+
|  Index   | Name                               |   Shape    |
+----------+------------------------------------+------------+
|    0     | base_ang_vel                       |    (3,)    |
|    1     | projected_gravity                  |    (3,)    |
|    2     | base_forward_xy                    |    (2,)    |
|    3     | motion_anchor_pos_b                |    (3,)    |
|    4     | motion_anchor_ori_b                |    (6,)    |
|    5     | base_target_xy                     |    (2,)    |
|    6     | racket_target_pos                  |    (3,)    |
|    7     | racket_target_vel                  |    (3,)    |
|    8     | time_to_strike                     |    (1,)    |
|    9     | joint_pos                          |   (29,)    |
|    10    | joint_vel                          |   (29,)    |
|    11    | actions                            |   (29,)    |
|    12    | base_lin_vel                       |    (3,)    |
|    13    | body_pose                          |   (126,)   |
|    14    | time_left                          |    (1,)    |
|    15    | reference_joint_state              |   (58,)    |
+----------+------------------------------------+------------+

[INFO] Termination Manager:  <TerminationManager> contains 2 active terms.
+-------------------------------+
|    Active Termination Terms   |
+-------+------------+----------+
| Index | Name       | Time Out |
+-------+------------+----------+
|   0   | anchor_pos |  False   |
|   1   | anchor_ori |  False   |
+-------+------------+----------+

[INFO] Reward Manager:  <RewardManager> contains 22 active terms.
+------------------------------------------------+
|              Active Reward Terms               |
+-------+-----------------------------+----------+
| Index | Name                        |   Weight |
+-------+-----------------------------+----------+
|   0   | motion_global_anchor_pos    |      0.5 |
|   1   | motion_global_anchor_ori    |      0.5 |
|   2   | motion_body_pos             |      1.0 |
|   3   | motion_body_ori             |      1.0 |
|   4   | motion_body_lin_vel         |      1.5 |
|   5   | motion_body_ang_vel         |      1.5 |
|   6   | motion_anchor_lin_vel       |      1.0 |
|   7   | base_pos                    |      5.0 |
|   8   | racket_pos                  |     80.0 |
|   9   | racket_vel                  |     30.0 |
|   10  | racket_ori                  |     30.0 |
|   11  | torso_forward_lean_l2       |     -2.0 |
|   12  | base_ang_vel_xy_l2          |     -0.4 |
|   13  | undesired_contacts          |    -0.05 |
|   14  | hitter_foot_slip_l2         |     -2.0 |
|   15  | hitter_hit_unstable_support |     -6.0 |
|   16  | hitter_foot_edge_drag       |     -1.0 |
|   17  | hip_yaw_default             |      2.0 |
|   18  | action_rate_l2              |     -0.1 |
|   19  | joint_limit                 |    -10.0 |
|   20  | joint_acc                   | -2.5e-07 |
|   21  | joint_torque                |   -1e-05 |
+-------+-----------------------------+----------+

[INFO] Curriculum Manager:  <CurriculumManager> contains 0 active terms.
+----------------------+
| Active Curriculum Terms |
+-----------+----------+
|   Index   | Name     |
+-----------+----------+
+-----------+----------+

[INFO]: Completed setting up the environment...
[INFO] Recording videos during training.
        video_folder: /root/Hitter/MOSAIC-main/logs/rsl_rl/hitter_striking_g1/2026-06-11_19-14-25_hitter_mix_aligned_backhand_strike43_m4400_to_std010_keepnoise_freezenorm_lr1e4_localusd_swanlab_2xa100_env50000_20260611_191411/videos/play
        step_trigger: lambda step: step == 0
        video_length: 1000
        disable_logger: True
/root/.venvs/isaaclab-mosaic/lib/python3.10/site-packages/gymnasium/wrappers/rendering.py:292: UserWarning: [33mWARN: Overwriting existing videos at /root/Hitter/MOSAIC-main/logs/rsl_rl/hitter_striking_g1/2026-06-11_19-14-25_hitter_mix_aligned_backhand_strike43_m4400_to_std010_keepnoise_freezenorm_lr1e4_localusd_swanlab_2xa100_env50000_20260611_191411/videos/play folder (try specifying a different `video_folder` for the `RecordVideo` wrapper if this is not desired)[0m
  logger.warn(
Actor MLP: Sequential(
  (0): Linear(in_features=104, out_features=512, bias=True)
  (1): ELU(alpha=1.0)
  (2): Linear(in_features=512, out_features=256, bias=True)
  (3): ELU(alpha=1.0)
  (4): Linear(in_features=256, out_features=128, bias=True)
  (5): ELU(alpha=1.0)
  (6): Linear(in_features=128, out_features=29, bias=True)
)
Critic MLP: Sequential(
  (0): Linear(in_features=301, out_features=512, bias=True)
  (1): ELU(alpha=1.0)
  (2): Linear(in_features=512, out_features=256, bias=True)
  (3): ELU(alpha=1.0)
  (4): Linear(in_features=256, out_features=128, bias=True)
  (5): ELU(alpha=1.0)
  (6): Linear(in_features=128, out_features=1, bias=True)
)
[Runner] reset_noise_std_on_resume = True
[Runner] init_noise_std from config = 1.0, noise_std_type = scalar
[Runner] Reset noise std to 1.0 (reset_noise_std_on_resume=True)
[Runner] freeze_normalizer_on_resume = False
2026-06-11 16:54:57 [71,450ms] [Warning] [omni.syntheticdata.plugin] OgnSdPostRenderVarToHost : rendervar copy from texture directly to host buffer is counter-performant. Please use copy from texture to device buffer first.
2026-06-11 16:56:41 [175,639ms] [Warning] [omni.usd] Unexpected reference count of 2 for UsdStage 'anon:0x56471e5ac310:World0.usd' while being closed in UsdContext (this may indicate it is still resident in memory).
