[32m2026-06-29 17:59:34.059[0m | [1mINFO    [0m | [36m__main__[0m:[36mmain[0m:[36m65[0m - [1mLog saved to /home/loco1/BOB/Hitter/RobotBridge/outputs/2026-06-29/17-59-34/eval.log[0m
[32m2026-06-29 17:59:34.836[0m | [1mINFO    [0m | [36mutils.motion_lib.torch_humanoid_batch[0m:[36m<module>[0m:[36m41[0m - [1mUsing Humanoid Batch[0m
[32m2026-06-29 17:59:34.989[0m | [1mINFO    [0m | [36msimulator.base_sim[0m:[36m_setup[0m:[36m47[0m - [1mRobot-level Control Frequency Set to 200.0HZ[0m
[32m2026-06-29 17:59:34.989[0m | [1mINFO    [0m | [36msimulator.base_sim[0m:[36m_setup[0m:[36m48[0m - [1mPolicy-level Control Frequency Set to 50.0HZ[0m
[32m2026-06-29 17:59:34.989[0m | [1mINFO    [0m | [36msimulator.base_sim[0m:[36m_load_asset[0m:[36m61[0m - [1mJoint left_hip_pitch_joint  Default Angles -0.31200000643730164  P_gain 40.179237365722656  D_gain 2.557889938354492 [0m
[32m2026-06-29 17:59:34.989[0m | [1mINFO    [0m | [36msimulator.base_sim[0m:[36m_load_asset[0m:[36m61[0m - [1mJoint left_hip_roll_joint  Default Angles 0.0  P_gain 99.09842681884766  D_gain 6.308802127838135 [0m
[32m2026-06-29 17:59:34.989[0m | [1mINFO    [0m | [36msimulator.base_sim[0m:[36m_load_asset[0m:[36m61[0m - [1mJoint left_hip_yaw_joint  Default Angles 0.0  P_gain 40.179237365722656  D_gain 2.557889938354492 [0m
[32m2026-06-29 17:59:34.989[0m | [1mINFO    [0m | [36msimulator.base_sim[0m:[36m_load_asset[0m:[36m61[0m - [1mJoint left_knee_joint  Default Angles 0.6690000295639038  P_gain 99.09842681884766  D_gain 6.308802127838135 [0m
[32m2026-06-29 17:59:34.989[0m | [1mINFO    [0m | [36msimulator.base_sim[0m:[36m_load_asset[0m:[36m61[0m - [1mJoint left_ankle_pitch_joint  Default Angles -0.3630000054836273  P_gain 28.501245498657227  D_gain 1.814445972442627 [0m
[32m2026-06-29 17:59:34.989[0m | [1mINFO    [0m | [36msimulator.base_sim[0m:[36m_load_asset[0m:[36m61[0m - [1mJoint left_ankle_roll_joint  Default Angles 0.0  P_gain 28.501245498657227  D_gain 1.814445972442627 [0m
[32m2026-06-29 17:59:34.989[0m | [1mINFO    [0m | [36msimulator.base_sim[0m:[36m_load_asset[0m:[36m61[0m - [1mJoint right_hip_pitch_joint  Default Angles -0.31200000643730164  P_gain 40.179237365722656  D_gain 2.557889938354492 [0m
[32m2026-06-29 17:59:34.989[0m | [1mINFO    [0m | [36msimulator.base_sim[0m:[36m_load_asset[0m:[36m61[0m - [1mJoint right_hip_roll_joint  Default Angles 0.0  P_gain 99.09842681884766  D_gain 6.308802127838135 [0m
[32m2026-06-29 17:59:34.989[0m | [1mINFO    [0m | [36msimulator.base_sim[0m:[36m_load_asset[0m:[36m61[0m - [1mJoint right_hip_yaw_joint  Default Angles 0.0  P_gain 40.179237365722656  D_gain 2.557889938354492 [0m
[32m2026-06-29 17:59:34.989[0m | [1mINFO    [0m | [36msimulator.base_sim[0m:[36m_load_asset[0m:[36m61[0m - [1mJoint right_knee_joint  Default Angles 0.6690000295639038  P_gain 99.09842681884766  D_gain 6.308802127838135 [0m
[32m2026-06-29 17:59:34.990[0m | [1mINFO    [0m | [36msimulator.base_sim[0m:[36m_load_asset[0m:[36m61[0m - [1mJoint right_ankle_pitch_joint  Default Angles -0.3630000054836273  P_gain 28.501245498657227  D_gain 1.814445972442627 [0m
[32m2026-06-29 17:59:34.990[0m | [1mINFO    [0m | [36msimulator.base_sim[0m:[36m_load_asset[0m:[36m61[0m - [1mJoint right_ankle_roll_joint  Default Angles 0.0  P_gain 28.501245498657227  D_gain 1.814445972442627 [0m
[32m2026-06-29 17:59:34.990[0m | [1mINFO    [0m | [36msimulator.base_sim[0m:[36m_load_asset[0m:[36m61[0m - [1mJoint waist_yaw_joint  Default Angles 0.0  P_gain 40.179237365722656  D_gain 2.557889938354492 [0m
[32m2026-06-29 17:59:34.990[0m | [1mINFO    [0m | [36msimulator.base_sim[0m:[36m_load_asset[0m:[36m61[0m - [1mJoint waist_roll_joint  Default Angles 0.0  P_gain 28.501245498657227  D_gain 1.814445972442627 [0m
[32m2026-06-29 17:59:34.990[0m | [1mINFO    [0m | [36msimulator.base_sim[0m:[36m_load_asset[0m:[36m61[0m - [1mJoint waist_pitch_joint  Default Angles 0.0  P_gain 28.501245498657227  D_gain 1.814445972442627 [0m
[32m2026-06-29 17:59:34.990[0m | [1mINFO    [0m | [36msimulator.base_sim[0m:[36m_load_asset[0m:[36m61[0m - [1mJoint left_shoulder_pitch_joint  Default Angles 0.20000000298023224  P_gain 14.250622749328613  D_gain 0.9072229862213135 [0m
[32m2026-06-29 17:59:34.990[0m | [1mINFO    [0m | [36msimulator.base_sim[0m:[36m_load_asset[0m:[36m61[0m - [1mJoint left_shoulder_roll_joint  Default Angles 0.20000000298023224  P_gain 14.250622749328613  D_gain 0.9072229862213135 [0m
[32m2026-06-29 17:59:34.990[0m | [1mINFO    [0m | [36msimulator.base_sim[0m:[36m_load_asset[0m:[36m61[0m - [1mJoint left_shoulder_yaw_joint  Default Angles 0.0  P_gain 14.250622749328613  D_gain 0.9072229862213135 [0m
[32m2026-06-29 17:59:34.990[0m | [1mINFO    [0m | [36msimulator.base_sim[0m:[36m_load_asset[0m:[36m61[0m - [1mJoint left_elbow_joint  Default Angles 0.6000000238418579  P_gain 14.250622749328613  D_gain 0.9072229862213135 [0m
[32m2026-06-29 17:59:34.990[0m | [1mINFO    [0m | [36msimulator.base_sim[0m:[36m_load_asset[0m:[36m61[0m - [1mJoint left_wrist_roll_joint  Default Angles 0.0  P_gain 14.250622749328613  D_gain 0.9072229862213135 [0m
[32m2026-06-29 17:59:34.990[0m | [1mINFO    [0m | [36msimulator.base_sim[0m:[36m_load_asset[0m:[36m61[0m - [1mJoint left_wrist_pitch_joint  Default Angles 0.0  P_gain 16.77832794189453  D_gain 1.068142056465149 [0m
[32m2026-06-29 17:59:34.990[0m | [1mINFO    [0m | [36msimulator.base_sim[0m:[36m_load_asset[0m:[36m61[0m - [1mJoint left_wrist_yaw_joint  Default Angles 0.0  P_gain 16.77832794189453  D_gain 1.068142056465149 [0m
[32m2026-06-29 17:59:34.990[0m | [1mINFO    [0m | [36msimulator.base_sim[0m:[36m_load_asset[0m:[36m61[0m - [1mJoint right_shoulder_pitch_joint  Default Angles 0.20000000298023224  P_gain 14.250622749328613  D_gain 0.9072229862213135 [0m
[32m2026-06-29 17:59:34.990[0m | [1mINFO    [0m | [36msimulator.base_sim[0m:[36m_load_asset[0m:[36m61[0m - [1mJoint right_shoulder_roll_joint  Default Angles -0.20000000298023224  P_gain 14.250622749328613  D_gain 0.9072229862213135 [0m
[32m2026-06-29 17:59:34.990[0m | [1mINFO    [0m | [36msimulator.base_sim[0m:[36m_load_asset[0m:[36m61[0m - [1mJoint right_shoulder_yaw_joint  Default Angles 0.0  P_gain 14.250622749328613  D_gain 0.9072229862213135 [0m
[32m2026-06-29 17:59:34.990[0m | [1mINFO    [0m | [36msimulator.base_sim[0m:[36m_load_asset[0m:[36m61[0m - [1mJoint right_elbow_joint  Default Angles 0.6000000238418579  P_gain 14.250622749328613  D_gain 0.9072229862213135 [0m
[32m2026-06-29 17:59:34.990[0m | [1mINFO    [0m | [36msimulator.base_sim[0m:[36m_load_asset[0m:[36m61[0m - [1mJoint right_wrist_roll_joint  Default Angles 0.0  P_gain 14.250622749328613  D_gain 0.9072229862213135 [0m
[32m2026-06-29 17:59:34.990[0m | [1mINFO    [0m | [36msimulator.base_sim[0m:[36m_load_asset[0m:[36m61[0m - [1mJoint right_wrist_pitch_joint  Default Angles 0.0  P_gain 16.77832794189453  D_gain 1.068142056465149 [0m
[32m2026-06-29 17:59:34.990[0m | [1mINFO    [0m | [36msimulator.base_sim[0m:[36m_load_asset[0m:[36m61[0m - [1mJoint right_wrist_yaw_joint  Default Angles 0.0  P_gain 16.77832794189453  D_gain 1.068142056465149 [0m
[32m2026-06-29 17:59:34.990[0m | [1mINFO    [0m | [36msimulator.base_sim[0m:[36m_load_asset[0m:[36m62[0m - [1mTotal Number of dof: 29[0m
[32m2026-06-29 17:59:34.990[0m | [1mINFO    [0m | [36msimulator.base_sim[0m:[36m_load_asset[0m:[36m63[0m - [1mNumber of Action: 29[0m
[32m2026-06-29 17:59:34.990[0m | [1mINFO    [0m | [36msimulator.real_world[0m:[36m_init_low_state[0m:[36m136[0m - [1m[RealWorld] terminate_on_r2=False[0m
[32m2026-06-29 17:59:34.991[0m | [1mINFO    [0m | [36mutils.history_handler[0m:[36m__init__[0m:[36m19[0m - [1mHistory Handler initialized![0m
[32m2026-06-29 17:59:34.993[0m | [1mINFO    [0m | [36menvs.hitter[0m:[36m__init__[0m:[36m142[0m - [1mHITTER planner config: use_ball_planner=True planner_only=True wait_for_ball=True max_timestep=-1[0m
[32m2026-06-29 17:59:34.993[0m | [1mINFO    [0m | [36msimulator.real_world[0m:[36m_root_state_handler[0m:[36m265[0m - [1mState Estimator Information Received![0m
[32m2026-06-29 17:59:34.993[0m | [1mINFO    [0m | [36msimulator.real_world[0m:[36m_root_state_handler[0m:[36m266[0m - [1mRoot Translation: [ 0.17165364 -0.01201953  0.71472538], Root Linear Velocity: [-1.72605496e-07  1.53695979e-07  1.84131352e-06][0m
[32m2026-06-29 17:59:34.995[0m | [1mINFO    [0m | [36menvs.loco_hitter[0m:[36m__init__[0m:[36m65[0m - [1mLocoHitterEnv initialized | Total DoF: 29, Lower: 12, Upper: 17, auto_switch_on_ball=True[0m
[32m2026-06-29 17:59:34.995[0m | [1mINFO    [0m | [36msimulator.real_world[0m:[36m_joint_state_handler[0m:[36m323[0m - [1mCommunication build successfully between the policy and the transition layer![0m
[32m2026-06-29 17:59:34.996[0m | [1mINFO    [0m | [36msimulator.real_world[0m:[36m_joint_state_handler[0m:[36m324[0m - [1mFirst signal arrives after 0.0047817230224609375s![0m
[32m2026-06-29 17:59:35.000[0m | [1mINFO    [0m | [36msimulator.real_world[0m:[36m_vicon_state_handler[0m:[36m313[0m - [1mVicon root information received![0m
[32m2026-06-29 17:59:35.000[0m | [1mINFO    [0m | [36msimulator.real_world[0m:[36m_vicon_state_handler[0m:[36m314[0m - [1mRoot Translation World: [-0.575816   -0.20187554  0.6769898 ][0m
[32m2026-06-29 17:59:35.000[0m | [1mINFO    [0m | [36magents.loco_hitter_agent[0m:[36m_load_locomotion_policy[0m:[36m169[0m - [1mLoaded locomotion policy from ./data/model/locomotion/loco_level.pt[0m
[32m2026-06-29 17:59:35.004[0m | [1mINFO    [0m | [36menvs.hitter[0m:[36mconfigure_from_modelmeta[0m:[36m211[0m - [1mApplying HITTER joint configuration from ONNX model.[0m
[32m2026-06-29 17:59:35.006[0m | [1mINFO    [0m | [36menvs.hitter[0m:[36mconfigure_from_modelmeta[0m:[36m253[0m - [1mHITTER policy metadata configured, 29 degrees of freedom.[0m
[32m2026-06-29 17:59:35.009[0m | [1mINFO    [0m | [36menvs.loco_hitter[0m:[36mconfigure_from_modelmeta[0m:[36m91[0m - [1mHITTER policy configured; runtime starts in locomotion mode.[0m
[32m2026-06-29 17:59:35.009[0m | [1mINFO    [0m | [36magents.loco_hitter_agent[0m:[36m_load_hitter_policy[0m:[36m180[0m - [1mLoaded HITTER policy from /home/loco1/BOB/Hitter/MOSAIC-main/logs/rsl_rl/hitter_striking_g1/2026-06-26_13-25-48_fh_bh_uniform_peak43_swapped_normal_resume_m18800_reward_tuned_16000env_31body/2026-06-26_13-25-48_fh_bh_uniform_peak43_swapped_normal_resume_m18800_reward_tuned_16000env_31body.onnx | joints=29 anchor=pelvis[0m
[32m2026-06-29 17:59:35.009[0m | [1mINFO    [0m | [36magents.loco_hitter_agent[0m:[36m__init__[0m:[36m163[0m - [1mLocoHitterAgent initialized. Runtime starts in locomotion mode.[0m
real_world
[32m2026-06-29 17:59:35.014[0m | [1mINFO    [0m | [36msimulator.real_world[0m:[36mcalibrate[0m:[36m491[0m - [1mCalibraiting..., Press R2 to continue[0m
[32m2026-06-29 17:59:46.451[0m | [1mINFO    [0m | [36msimulator.real_world[0m:[36mcalibrate[0m:[36m494[0m - [1mR2 button pressed, Start Calibrating...[0m
[32m2026-06-29 17:59:46.793[0m | [1mINFO    [0m | [36msimulator.real_world[0m:[36mcalibrate[0m:[36m514[0m - [1mCalibration Done. Press R2 to continue[0m
[32m2026-06-29 18:00:08.254[0m | [1mINFO    [0m | [36msimulator.real_world[0m:[36mcalibrate[0m:[36m517[0m - [1mR2 pressed again, Communication built between policy layer and transition layer![0m
[32m2026-06-29 18:00:08.255[0m | [1mINFO    [0m | [36msimulator.real_world[0m:[36mreset_heading[0m:[36m234[0m - [1m[RealWorld] heading reset enabled, yaw0=-0.025 rad[0m
[32m2026-06-29 18:00:08.257[0m | [1mINFO    [0m | [36menvs.base_env[0m:[36m_update_obs[0m:[36m92[0m - [1mReceive observation: ['actions', 'root_quat', 'root_rpy', 'base_ang_vel', 'base_lin_vel', 'dof_pos', 'dof_vel', 'projected_gravity'][0m
[32m2026-06-29 18:00:08.261[0m | [1mINFO    [0m | [36menvs.hitter[0m:[36m_log_ball_planner_wait_state[0m:[36m694[0m - [1mWaiting for ball estimator: samples=0/31 visible=False ready=False pos=[0. 0. 0.] vel=[0. 0. 0.][0m
[32m2026-06-29 18:00:08.283[0m | [33m[1mWARNING [0m | [36magents.loco_hitter_agent[0m:[36mrun[0m:[36m270[0m - [33m[1mStep timeout: -0.0064s[0m
[32m2026-06-29 18:00:08.769[0m | [1mINFO    [0m | [36menvs.hitter[0m:[36m_log_ball_planner_wait_state[0m:[36m694[0m - [1mWaiting for ball estimator: samples=0/31 visible=False ready=False pos=[0. 0. 0.] vel=[0. 0. 0.][0m
[32m2026-06-29 18:00:09.270[0m | [1mINFO    [0m | [36menvs.hitter[0m:[36m_log_ball_planner_wait_state[0m:[36m694[0m - [1mWaiting for ball estimator: samples=0/31 visible=False ready=False pos=[0. 0. 0.] vel=[0. 0. 0.][0m
[32m2026-06-29 18:00:09.774[0m | [1mINFO    [0m | [36menvs.hitter[0m:[36m_log_ball_planner_wait_state[0m:[36m694[0m - [1mWaiting for ball estimator: samples=0/31 visible=False ready=False pos=[0. 0. 0.] vel=[0. 0. 0.][0m
[32m2026-06-29 18:00:10.274[0m | [1mINFO    [0m | [36menvs.hitter[0m:[36m_log_ball_planner_wait_state[0m:[36m694[0m - [1mWaiting for ball estimator: samples=0/31 visible=False ready=False pos=[0. 0. 0.] vel=[0. 0. 0.][0m
[32m2026-06-29 18:00:10.776[0m | [1mINFO    [0m | [36menvs.hitter[0m:[36m_log_ball_planner_wait_state[0m:[36m694[0m - [1mWaiting for ball estimator: samples=0/31 visible=False ready=False pos=[0. 0. 0.] vel=[0. 0. 0.][0m
[32m2026-06-29 18:00:11.278[0m | [1mINFO    [0m | [36menvs.hitter[0m:[36m_log_ball_planner_wait_state[0m:[36m694[0m - [1mWaiting for ball estimator: samples=0/31 visible=False ready=False pos=[0. 0. 0.] vel=[0. 0. 0.][0m
[32m2026-06-29 18:00:11.780[0m | [1mINFO    [0m | [36menvs.hitter[0m:[36m_log_ball_planner_wait_state[0m:[36m694[0m - [1mWaiting for ball estimator: samples=0/31 visible=False ready=False pos=[0. 0. 0.] vel=[0. 0. 0.][0m
[32m2026-06-29 18:00:12.281[0m | [1mINFO    [0m | [36menvs.hitter[0m:[36m_log_ball_planner_wait_state[0m:[36m694[0m - [1mWaiting for ball estimator: samples=0/31 visible=False ready=False pos=[0. 0. 0.] vel=[0. 0. 0.][0m
[32m2026-06-29 18:00:12.783[0m | [1mINFO    [0m | [36menvs.hitter[0m:[36m_log_ball_planner_wait_state[0m:[36m694[0m - [1mWaiting for ball estimator: samples=0/31 visible=False ready=False pos=[0. 0. 0.] vel=[0. 0. 0.][0m
[32m2026-06-29 18:00:13.284[0m | [1mINFO    [0m | [36menvs.hitter[0m:[36m_log_ball_planner_wait_state[0m:[36m694[0m - [1mWaiting for ball estimator: samples=0/31 visible=False ready=False pos=[0. 0. 0.] vel=[0. 0. 0.][0m
[32m2026-06-29 18:00:13.786[0m | [1mINFO    [0m | [36menvs.hitter[0m:[36m_log_ball_planner_wait_state[0m:[36m694[0m - [1mWaiting for ball estimator: samples=0/31 visible=False ready=False pos=[0. 0. 0.] vel=[0. 0. 0.][0m
[32m2026-06-29 18:00:14.288[0m | [1mINFO    [0m | [36menvs.hitter[0m:[36m_log_ball_planner_wait_state[0m:[36m694[0m - [1mWaiting for ball estimator: samples=0/31 visible=False ready=False pos=[0. 0. 0.] vel=[0. 0. 0.][0m
[32m2026-06-29 18:00:14.790[0m | [1mINFO    [0m | [36menvs.hitter[0m:[36m_log_ball_planner_wait_state[0m:[36m694[0m - [1mWaiting for ball estimator: samples=0/31 visible=False ready=False pos=[0. 0. 0.] vel=[0. 0. 0.][0m
[32m2026-06-29 18:00:15.292[0m | [1mINFO    [0m | [36menvs.hitter[0m:[36m_log_ball_planner_wait_state[0m:[36m694[0m - [1mWaiting for ball estimator: samples=0/31 visible=False ready=False pos=[0. 0. 0.] vel=[0. 0. 0.][0m
[32m2026-06-29 18:00:15.794[0m | [1mINFO    [0m | [36menvs.hitter[0m:[36m_log_ball_planner_wait_state[0m:[36m694[0m - [1mWaiting for ball estimator: samples=0/31 visible=False ready=False pos=[0. 0. 0.] vel=[0. 0. 0.][0m
[32m2026-06-29 18:00:16.296[0m | [1mINFO    [0m | [36menvs.hitter[0m:[36m_log_ball_planner_wait_state[0m:[36m694[0m - [1mWaiting for ball estimator: samples=0/31 visible=False ready=False pos=[0. 0. 0.] vel=[0. 0. 0.][0m
[32m2026-06-29 18:00:16.798[0m | [1mINFO    [0m | [36menvs.hitter[0m:[36m_log_ball_planner_wait_state[0m:[36m694[0m - [1mWaiting for ball estimator: samples=0/31 visible=False ready=False pos=[0. 0. 0.] vel=[0. 0. 0.][0m
[32m2026-06-29 18:00:17.300[0m | [1mINFO    [0m | [36menvs.hitter[0m:[36m_log_ball_planner_wait_state[0m:[36m694[0m - [1mWaiting for ball estimator: samples=0/31 visible=False ready=False pos=[0. 0. 0.] vel=[0. 0. 0.][0m
[32m2026-06-29 18:00:17.803[0m | [1mINFO    [0m | [36menvs.hitter[0m:[36m_log_ball_planner_wait_state[0m:[36m694[0m - [1mWaiting for ball estimator: samples=0/31 visible=False ready=False pos=[0. 0. 0.] vel=[0. 0. 0.][0m
[32m2026-06-29 18:00:18.305[0m | [1mINFO    [0m | [36menvs.hitter[0m:[36m_log_ball_planner_wait_state[0m:[36m694[0m - [1mWaiting for ball estimator: samples=0/31 visible=False ready=False pos=[0. 0. 0.] vel=[0. 0. 0.][0m
[32m2026-06-29 18:00:18.808[0m | [1mINFO    [0m | [36menvs.hitter[0m:[36m_log_ball_planner_wait_state[0m:[36m694[0m - [1mWaiting for ball estimator: samples=0/31 visible=False ready=False pos=[0. 0. 0.] vel=[0. 0. 0.][0m
[32m2026-06-29 18:00:19.308[0m | [1mINFO    [0m | [36menvs.hitter[0m:[36m_log_ball_planner_wait_state[0m:[36m694[0m - [1mWaiting for ball estimator: samples=0/31 visible=False ready=False pos=[0. 0. 0.] vel=[0. 0. 0.][0m
[32m2026-06-29 18:00:19.811[0m | [1mINFO    [0m | [36menvs.hitter[0m:[36m_log_ball_planner_wait_state[0m:[36m694[0m - [1mWaiting for ball estimator: samples=0/31 visible=False ready=False pos=[0. 0. 0.] vel=[0. 0. 0.][0m
[32m2026-06-29 18:00:19.950[0m | [33m[1mWARNING [0m | [36magents.loco_hitter_agent[0m:[36mrun[0m:[36m270[0m - [33m[1mStep timeout: -0.0221s[0m
[32m2026-06-29 18:00:20.315[0m | [1mINFO    [0m | [36menvs.hitter[0m:[36m_log_ball_planner_wait_state[0m:[36m694[0m - [1mWaiting for ball estimator: samples=0/31 visible=False ready=False pos=[0. 0. 0.] vel=[0. 0. 0.][0m
[32m2026-06-29 18:00:20.715[0m | [33m[1mWARNING [0m | [36magents.loco_hitter_agent[0m:[36mrun[0m:[36m270[0m - [33m[1mStep timeout: -0.0021s[0m
[32m2026-06-29 18:00:20.819[0m | [1mINFO    [0m | [36menvs.hitter[0m:[36m_log_ball_planner_wait_state[0m:[36m694[0m - [1mWaiting for ball estimator: samples=0/31 visible=False ready=False pos=[0. 0. 0.] vel=[0. 0. 0.][0m
[32m2026-06-29 18:00:21.321[0m | [1mINFO    [0m | [36menvs.hitter[0m:[36m_log_ball_planner_wait_state[0m:[36m694[0m - [1mWaiting for ball estimator: samples=0/31 visible=False ready=False pos=[0. 0. 0.] vel=[0. 0. 0.][0m
[32m2026-06-29 18:00:21.824[0m | [1mINFO    [0m | [36menvs.hitter[0m:[36m_log_ball_planner_wait_state[0m:[36m694[0m - [1mWaiting for ball estimator: samples=0/31 visible=False ready=False pos=[0. 0. 0.] vel=[0. 0. 0.][0m
[32m2026-06-29 18:00:22.325[0m | [1mINFO    [0m | [36menvs.hitter[0m:[36m_log_ball_planner_wait_state[0m:[36m694[0m - [1mWaiting for ball estimator: samples=0/31 visible=False ready=False pos=[0. 0. 0.] vel=[0. 0. 0.][0m
[32m2026-06-29 18:00:22.827[0m | [1mINFO    [0m | [36menvs.hitter[0m:[36m_log_ball_planner_wait_state[0m:[36m694[0m - [1mWaiting for ball estimator: samples=0/31 visible=False ready=False pos=[0. 0. 0.] vel=[0. 0. 0.][0m
[32m2026-06-29 18:00:23.329[0m | [1mINFO    [0m | [36menvs.hitter[0m:[36m_log_ball_planner_wait_state[0m:[36m694[0m - [1mWaiting for ball estimator: samples=0/31 visible=False ready=False pos=[0. 0. 0.] vel=[0. 0. 0.][0m
[32m2026-06-29 18:00:23.831[0m | [1mINFO    [0m | [36menvs.hitter[0m:[36m_log_ball_planner_wait_state[0m:[36m694[0m - [1mWaiting for ball estimator: samples=0/31 visible=False ready=False pos=[0. 0. 0.] vel=[0. 0. 0.][0m
[32m2026-06-29 18:00:24.333[0m | [1mINFO    [0m | [36menvs.hitter[0m:[36m_log_ball_planner_wait_state[0m:[36m694[0m - [1mWaiting for ball estimator: samples=0/31 visible=False ready=False pos=[0. 0. 0.] vel=[0. 0. 0.][0m
[32m2026-06-29 18:00:24.837[0m | [1mINFO    [0m | [36menvs.hitter[0m:[36m_log_ball_planner_wait_state[0m:[36m694[0m - [1mWaiting for ball estimator: samples=0/31 visible=False ready=False pos=[0. 0. 0.] vel=[0. 0. 0.][0m
[32m2026-06-29 18:00:25.357[0m | [1mINFO    [0m | [36menvs.hitter[0m:[36m_log_ball_planner_wait_state[0m:[36m694[0m - [1mWaiting for ball estimator: samples=0/31 visible=False ready=False pos=[0. 0. 0.] vel=[0. 0. 0.][0m
[32m2026-06-29 18:00:25.859[0m | [1mINFO    [0m | [36menvs.hitter[0m:[36m_log_ball_planner_wait_state[0m:[36m694[0m - [1mWaiting for ball estimator: samples=0/31 visible=False ready=False pos=[0. 0. 0.] vel=[0. 0. 0.][0m
[32m2026-06-29 18:00:26.361[0m | [1mINFO    [0m | [36menvs.hitter[0m:[36m_log_ball_planner_wait_state[0m:[36m694[0m - [1mWaiting for ball estimator: samples=0/31 visible=False ready=False pos=[0. 0. 0.] vel=[0. 0. 0.][0m
[32m2026-06-29 18:00:26.863[0m | [1mINFO    [0m | [36menvs.hitter[0m:[36m_log_ball_planner_wait_state[0m:[36m694[0m - [1mWaiting for ball estimator: samples=0/31 visible=False ready=False pos=[0. 0. 0.] vel=[0. 0. 0.][0m
[32m2026-06-29 18:00:27.365[0m | [1mINFO    [0m | [36menvs.hitter[0m:[36m_log_ball_planner_wait_state[0m:[36m694[0m - [1mWaiting for ball estimator: samples=0/31 visible=False ready=False pos=[0. 0. 0.] vel=[0. 0. 0.][0m
[32m2026-06-29 18:00:27.867[0m | [1mINFO    [0m | [36menvs.hitter[0m:[36m_log_ball_planner_wait_state[0m:[36m694[0m - [1mWaiting for ball estimator: samples=0/31 visible=False ready=False pos=[0. 0. 0.] vel=[0. 0. 0.][0m
[32m2026-06-29 18:00:28.369[0m | [1mINFO    [0m | [36menvs.hitter[0m:[36m_log_ball_planner_wait_state[0m:[36m694[0m - [1mWaiting for ball estimator: samples=0/31 visible=False ready=False pos=[0. 0. 0.] vel=[0. 0. 0.][0m
[32m2026-06-29 18:00:28.871[0m | [1mINFO    [0m | [36menvs.hitter[0m:[36m_log_ball_planner_wait_state[0m:[36m694[0m - [1mWaiting for ball estimator: samples=0/31 visible=False ready=False pos=[0. 0. 0.] vel=[0. 0. 0.][0m
[32m2026-06-29 18:00:28.896[0m | [33m[1mWARNING [0m | [36magents.loco_hitter_agent[0m:[36mrun[0m:[36m270[0m - [33m[1mStep timeout: -0.0084s[0m
[32m2026-06-29 18:00:29.381[0m | [1mINFO    [0m | [36menvs.hitter[0m:[36m_log_ball_planner_wait_state[0m:[36m694[0m - [1mWaiting for ball estimator: samples=0/31 visible=False ready=False pos=[0. 0. 0.] vel=[0. 0. 0.][0m
[32m2026-06-29 18:00:29.501[0m | [33m[1mWARNING [0m | [36magents.loco_hitter_agent[0m:[36mrun[0m:[36m270[0m - [33m[1mStep timeout: -0.0030s[0m
[32m2026-06-29 18:00:29.525[0m | [33m[1mWARNING [0m | [36magents.loco_hitter_agent[0m:[36mrun[0m:[36m270[0m - [33m[1mStep timeout: -0.0037s[0m
[32m2026-06-29 18:00:29.712[0m | [33m[1mWARNING [0m | [36magents.loco_hitter_agent[0m:[36mrun[0m:[36m270[0m - [33m[1mStep timeout: -0.0064s[0m
[32m2026-06-29 18:00:29.736[0m | [33m[1mWARNING [0m | [36magents.loco_hitter_agent[0m:[36mrun[0m:[36m270[0m - [33m[1mStep timeout: -0.0036s[0m
[32m2026-06-29 18:00:29.900[0m | [1mINFO    [0m | [36menvs.hitter[0m:[36m_log_ball_planner_wait_state[0m:[36m694[0m - [1mWaiting for ball estimator: samples=0/31 visible=False ready=False pos=[0. 0. 0.] vel=[0. 0. 0.][0m
[32m2026-06-29 18:00:30.402[0m | [1mINFO    [0m | [36menvs.hitter[0m:[36m_log_ball_planner_wait_state[0m:[36m694[0m - [1mWaiting for ball estimator: samples=0/31 visible=False ready=False pos=[0. 0. 0.] vel=[0. 0. 0.][0m
[32m2026-06-29 18:00:30.904[0m | [1mINFO    [0m | [36menvs.hitter[0m:[36m_log_ball_planner_wait_state[0m:[36m694[0m - [1mWaiting for ball estimator: samples=0/31 visible=False ready=False pos=[0. 0. 0.] vel=[0. 0. 0.][0m
[32m2026-06-29 18:00:31.407[0m | [1mINFO    [0m | [36menvs.hitter[0m:[36m_log_ball_planner_wait_state[0m:[36m694[0m - [1mWaiting for ball estimator: samples=0/31 visible=False ready=False pos=[0. 0. 0.] vel=[0. 0. 0.][0m
[32m2026-06-29 18:00:31.911[0m | [1mINFO    [0m | [36menvs.hitter[0m:[36m_log_ball_planner_wait_state[0m:[36m694[0m - [1mWaiting for ball estimator: samples=0/31 visible=False ready=False pos=[0. 0. 0.] vel=[0. 0. 0.][0m
[32m2026-06-29 18:00:32.431[0m | [1mINFO    [0m | [36menvs.hitter[0m:[36m_log_ball_planner_wait_state[0m:[36m694[0m - [1mWaiting for ball estimator: samples=0/31 visible=False ready=False pos=[0. 0. 0.] vel=[0. 0. 0.][0m
[32m2026-06-29 18:00:32.933[0m | [1mINFO    [0m | [36menvs.hitter[0m:[36m_log_ball_planner_wait_state[0m:[36m694[0m - [1mWaiting for ball estimator: samples=0/31 visible=False ready=False pos=[0. 0. 0.] vel=[0. 0. 0.][0m
[32m2026-06-29 18:00:33.050[0m | [33m[1mWARNING [0m | [36magents.loco_hitter_agent[0m:[36mrun[0m:[36m270[0m - [33m[1mStep timeout: -0.0204s[0m
[32m2026-06-29 18:00:33.435[0m | [1mINFO    [0m | [36menvs.hitter[0m:[36m_log_ball_planner_wait_state[0m:[36m694[0m - [1mWaiting for ball estimator: samples=0/31 visible=False ready=False pos=[0. 0. 0.] vel=[0. 0. 0.][0m
[32m2026-06-29 18:00:33.897[0m | [33m[1mWARNING [0m | [36magents.loco_hitter_agent[0m:[36mrun[0m:[36m270[0m - [33m[1mStep timeout: -0.0038s[0m
[32m2026-06-29 18:00:33.941[0m | [1mINFO    [0m | [36menvs.hitter[0m:[36m_log_ball_planner_wait_state[0m:[36m694[0m - [1mWaiting for ball estimator: samples=0/31 visible=False ready=False pos=[0. 0. 0.] vel=[0. 0. 0.][0m
[32m2026-06-29 18:00:34.443[0m | [1mINFO    [0m | [36menvs.hitter[0m:[36m_log_ball_planner_wait_state[0m:[36m694[0m - [1mWaiting for ball estimator: samples=0/31 visible=False ready=False pos=[0. 0. 0.] vel=[0. 0. 0.][0m
[32m2026-06-29 18:00:34.945[0m | [1mINFO    [0m | [36menvs.hitter[0m:[36m_log_ball_planner_wait_state[0m:[36m694[0m - [1mWaiting for ball estimator: samples=0/31 visible=False ready=False pos=[0. 0. 0.] vel=[0. 0. 0.][0m
[32m2026-06-29 18:00:35.304[0m | [33m[1mWARNING [0m | [36magents.loco_hitter_agent[0m:[36mrun[0m:[36m270[0m - [33m[1mStep timeout: -0.0021s[0m
[32m2026-06-29 18:00:35.449[0m | [1mINFO    [0m | [36menvs.hitter[0m:[36m_log_ball_planner_wait_state[0m:[36m694[0m - [1mWaiting for ball estimator: samples=0/31 visible=False ready=False pos=[0. 0. 0.] vel=[0. 0. 0.][0m
[32m2026-06-29 18:00:35.951[0m | [1mINFO    [0m | [36menvs.hitter[0m:[36m_log_ball_planner_wait_state[0m:[36m694[0m - [1mWaiting for ball estimator: samples=0/31 visible=False ready=False pos=[0. 0. 0.] vel=[0. 0. 0.][0m
[32m2026-06-29 18:00:36.014[0m | [33m[1mWARNING [0m | [36magents.loco_hitter_agent[0m:[36mrun[0m:[36m270[0m - [33m[1mStep timeout: -0.0074s[0m
[32m2026-06-29 18:00:36.262[0m | [33m[1mWARNING [0m | [36magents.loco_hitter_agent[0m:[36mrun[0m:[36m270[0m - [33m[1mStep timeout: -0.0068s[0m
[32m2026-06-29 18:00:36.472[0m | [1mINFO    [0m | [36menvs.hitter[0m:[36m_log_ball_planner_wait_state[0m:[36m694[0m - [1mWaiting for ball estimator: samples=0/31 visible=False ready=False pos=[0. 0. 0.] vel=[0. 0. 0.][0m
[32m2026-06-29 18:00:36.989[0m | [1mINFO    [0m | [36menvs.hitter[0m:[36m_log_ball_planner_wait_state[0m:[36m694[0m - [1mWaiting for ball estimator: samples=0/31 visible=False ready=False pos=[0. 0. 0.] vel=[0. 0. 0.][0m
[32m2026-06-29 18:00:37.491[0m | [1mINFO    [0m | [36menvs.hitter[0m:[36m_log_ball_planner_wait_state[0m:[36m694[0m - [1mWaiting for ball estimator: samples=0/31 visible=False ready=False pos=[0. 0. 0.] vel=[0. 0. 0.][0m
[32m2026-06-29 18:00:37.992[0m | [1mINFO    [0m | [36menvs.hitter[0m:[36m_log_ball_planner_wait_state[0m:[36m694[0m - [1mWaiting for ball estimator: samples=0/31 visible=False ready=False pos=[0. 0. 0.] vel=[0. 0. 0.][0m
[32m2026-06-29 18:00:38.494[0m | [1mINFO    [0m | [36menvs.hitter[0m:[36m_log_ball_planner_wait_state[0m:[36m694[0m - [1mWaiting for ball estimator: samples=0/31 visible=False ready=False pos=[0. 0. 0.] vel=[0. 0. 0.][0m
[32m2026-06-29 18:00:38.996[0m | [1mINFO    [0m | [36menvs.hitter[0m:[36m_log_ball_planner_wait_state[0m:[36m694[0m - [1mWaiting for ball estimator: samples=0/31 visible=False ready=False pos=[0. 0. 0.] vel=[0. 0. 0.][0m
[32m2026-06-29 18:00:39.498[0m | [1mINFO    [0m | [36menvs.hitter[0m:[36m_log_ball_planner_wait_state[0m:[36m694[0m - [1mWaiting for ball estimator: samples=0/31 visible=False ready=False pos=[0. 0. 0.] vel=[0. 0. 0.][0m
[32m2026-06-29 18:00:40.001[0m | [1mINFO    [0m | [36menvs.hitter[0m:[36m_log_ball_planner_wait_state[0m:[36m694[0m - [1mWaiting for ball estimator: samples=0/31 visible=False ready=False pos=[0. 0. 0.] vel=[0. 0. 0.][0m
[32m2026-06-29 18:00:40.502[0m | [1mINFO    [0m | [36menvs.hitter[0m:[36m_log_ball_planner_wait_state[0m:[36m694[0m - [1mWaiting for ball estimator: samples=0/31 visible=False ready=False pos=[0. 0. 0.] vel=[0. 0. 0.][0m
[32m2026-06-29 18:00:41.004[0m | [1mINFO    [0m | [36menvs.hitter[0m:[36m_log_ball_planner_wait_state[0m:[36m694[0m - [1mWaiting for ball estimator: samples=0/31 visible=False ready=False pos=[0. 0. 0.] vel=[0. 0. 0.][0m
[32m2026-06-29 18:00:41.506[0m | [1mINFO    [0m | [36menvs.hitter[0m:[36m_log_ball_planner_wait_state[0m:[36m694[0m - [1mWaiting for ball estimator: samples=0/31 visible=False ready=False pos=[0. 0. 0.] vel=[0. 0. 0.][0m
[32m2026-06-29 18:00:42.009[0m | [1mINFO    [0m | [36menvs.hitter[0m:[36m_log_ball_planner_wait_state[0m:[36m694[0m - [1mWaiting for ball estimator: samples=0/31 visible=False ready=False pos=[0. 0. 0.] vel=[0. 0. 0.][0m
[32m2026-06-29 18:00:42.509[0m | [1mINFO    [0m | [36menvs.hitter[0m:[36m_log_ball_planner_wait_state[0m:[36m694[0m - [1mWaiting for ball estimator: samples=0/31 visible=False ready=False pos=[0. 0. 0.] vel=[0. 0. 0.][0m
[32m2026-06-29 18:00:43.011[0m | [1mINFO    [0m | [36menvs.hitter[0m:[36m_log_ball_planner_wait_state[0m:[36m694[0m - [1mWaiting for ball estimator: samples=0/31 visible=False ready=False pos=[ 2.8690934  -0.17072767  1.1333973 ] vel=[0. 0. 0.][0m
[32m2026-06-29 18:00:43.513[0m | [1mINFO    [0m | [36menvs.hitter[0m:[36m_log_ball_planner_wait_state[0m:[36m694[0m - [1mWaiting for ball estimator: samples=0/31 visible=False ready=False pos=[ 2.8660882  -0.18508355  1.128669  ] vel=[0. 0. 0.][0m
[32m2026-06-29 18:00:44.015[0m | [1mINFO    [0m | [36menvs.hitter[0m:[36m_log_ball_planner_wait_state[0m:[36m694[0m - [1mWaiting for ball estimator: samples=0/31 visible=False ready=False pos=[ 2.8660882  -0.18508355  1.128669  ] vel=[0. 0. 0.][0m
[32m2026-06-29 18:00:44.517[0m | [1mINFO    [0m | [36menvs.hitter[0m:[36m_log_ball_planner_wait_state[0m:[36m694[0m - [1mWaiting for ball estimator: samples=0/31 visible=False ready=False pos=[ 2.866412  -0.1852197  1.1231401] vel=[-0.13654232 -0.2298832   0.14026165][0m
[32m2026-06-29 18:00:45.020[0m | [1mINFO    [0m | [36menvs.hitter[0m:[36m_log_ball_planner_wait_state[0m:[36m694[0m - [1mWaiting for ball estimator: samples=0/31 visible=False ready=False pos=[ 2.858282   -0.17770536  1.1419343 ] vel=[0. 0. 0.][0m
[32m2026-06-29 18:00:45.521[0m | [1mINFO    [0m | [36menvs.hitter[0m:[36m_log_ball_planner_wait_state[0m:[36m694[0m - [1mWaiting for ball estimator: samples=1/31 visible=True ready=False pos=[ 2.8793435  -0.15245397  1.1593797 ] vel=[0. 0. 0.][0m
[32m2026-06-29 18:00:45.998[0m | [33m[1mWARNING [0m | [36magents.loco_hitter_agent[0m:[36mrun[0m:[36m270[0m - [33m[1mStep timeout: -0.0196s[0m
[32m2026-06-29 18:00:46.022[0m | [1mINFO    [0m | [36menvs.hitter[0m:[36m_log_ball_planner_wait_state[0m:[36m694[0m - [1mWaiting for ball estimator: samples=0/31 visible=False ready=False pos=[ 2.8793435  -0.15245397  1.1593797 ] vel=[0. 0. 0.][0m
[32m2026-06-29 18:00:46.523[0m | [1mINFO    [0m | [36menvs.hitter[0m:[36m_log_ball_planner_wait_state[0m:[36m694[0m - [1mWaiting for ball estimator: samples=0/31 visible=False ready=False pos=[ 2.8793435  -0.15245397  1.1593797 ] vel=[0. 0. 0.][0m
[32m2026-06-29 18:00:47.025[0m | [1mINFO    [0m | [36menvs.hitter[0m:[36m_log_ball_planner_wait_state[0m:[36m694[0m - [1mWaiting for ball estimator: samples=0/31 visible=False ready=False pos=[ 2.8793435  -0.15245397  1.1593797 ] vel=[0. 0. 0.][0m
[32m2026-06-29 18:00:47.530[0m | [1mINFO    [0m | [36menvs.hitter[0m:[36m_log_ball_planner_wait_state[0m:[36m694[0m - [1mWaiting for ball estimator: samples=0/31 visible=False ready=False pos=[ 2.8793435  -0.15245397  1.1593797 ] vel=[0. 0. 0.][0m
[32m2026-06-29 18:00:48.049[0m | [1mINFO    [0m | [36menvs.hitter[0m:[36m_log_ball_planner_wait_state[0m:[36m694[0m - [1mWaiting for ball estimator: samples=0/31 visible=False ready=False pos=[ 2.8793435  -0.15245397  1.1593797 ] vel=[0. 0. 0.][0m
[32m2026-06-29 18:00:48.551[0m | [1mINFO    [0m | [36menvs.hitter[0m:[36m_log_ball_planner_wait_state[0m:[36m694[0m - [1mWaiting for ball estimator: samples=22/31 visible=True ready=False pos=[ 2.8211684  -0.21158512  1.0390292 ] vel=[-0.45909238  0.37922618  0.09234353][0m
[32m2026-06-29 18:00:48.593[0m | [1mINFO    [0m | [36menvs.hitter[0m:[36m_log_ball_planner_error[0m:[36m709[0m - [1mBall planner has no valid command yet: reason=ball trajectory does not cross hit plane x=0.000 within prediction horizon ball_pos_w=[ 2.8116667  -0.20542996  1.0365958 ] ball_vel_w=[-0.2769286   0.1792929  -0.04834427] hit_plane_x=0.0[0m
[32m2026-06-29 18:00:49.053[0m | [1mINFO    [0m | [36menvs.hitter[0m:[36m_log_ball_planner_wait_state[0m:[36m694[0m - [1mWaiting for ball estimator: samples=10/31 visible=True ready=False pos=[ 2.774901   -0.22127517  1.0180392 ] vel=[ 0.12940498 -0.37493825  0.03821433][0m
[32m2026-06-29 18:00:49.555[0m | [1mINFO    [0m | [36menvs.hitter[0m:[36m_log_ball_planner_wait_state[0m:[36m694[0m - [1mWaiting for ball estimator: samples=0/31 visible=False ready=False pos=[ 2.774901   -0.22127517  1.0180392 ] vel=[ 0.12940498 -0.37493825  0.03821433][0m
[32m2026-06-29 18:00:50.057[0m | [1mINFO    [0m | [36menvs.hitter[0m:[36m_log_ball_planner_wait_state[0m:[36m694[0m - [1mWaiting for ball estimator: samples=0/31 visible=False ready=False pos=[ 2.774901   -0.22127517  1.0180392 ] vel=[ 0.12940498 -0.37493825  0.03821433][0m
[32m2026-06-29 18:00:50.559[0m | [1mINFO    [0m | [36menvs.hitter[0m:[36m_log_ball_planner_wait_state[0m:[36m694[0m - [1mWaiting for ball estimator: samples=0/31 visible=False ready=False pos=[ 2.774901   -0.22127517  1.0180392 ] vel=[ 0.12940498 -0.37493825  0.03821433][0m
[32m2026-06-29 18:00:51.061[0m | [1mINFO    [0m | [36menvs.hitter[0m:[36m_log_ball_planner_wait_state[0m:[36m694[0m - [1mWaiting for ball estimator: samples=1/31 visible=True ready=False pos=[ 2.67113   -0.1234115  1.1017035] vel=[0. 0. 0.][0m
[32m2026-06-29 18:00:51.565[0m | [1mINFO    [0m | [36menvs.hitter[0m:[36m_log_ball_planner_wait_state[0m:[36m694[0m - [1mWaiting for ball estimator: samples=0/31 visible=False ready=False pos=[ 2.678732   -0.12827754  1.1173433 ] vel=[ 0.72237253 -0.27618706 -0.00869036][0m
[32m2026-06-29 18:00:52.085[0m | [1mINFO    [0m | [36menvs.hitter[0m:[36m_log_ball_planner_wait_state[0m:[36m694[0m - [1mWaiting for ball estimator: samples=0/31 visible=False ready=False pos=[ 2.678732   -0.12827754  1.1173433 ] vel=[ 0.72237253 -0.27618706 -0.00869036][0m
[32m2026-06-29 18:00:52.587[0m | [1mINFO    [0m | [36menvs.hitter[0m:[36m_log_ball_planner_wait_state[0m:[36m694[0m - [1mWaiting for ball estimator: samples=0/31 visible=False ready=False pos=[ 2.678732   -0.12827754  1.1173433 ] vel=[ 0.72237253 -0.27618706 -0.00869036][0m
[32m2026-06-29 18:00:53.088[0m | [1mINFO    [0m | [36menvs.hitter[0m:[36m_log_ball_planner_wait_state[0m:[36m694[0m - [1mWaiting for ball estimator: samples=0/31 visible=False ready=False pos=[ 2.678732   -0.12827754  1.1173433 ] vel=[ 0.72237253 -0.27618706 -0.00869036][0m
[32m2026-06-29 18:00:53.590[0m | [1mINFO    [0m | [36menvs.hitter[0m:[36m_log_ball_planner_wait_state[0m:[36m694[0m - [1mWaiting for ball estimator: samples=0/31 visible=False ready=False pos=[ 2.678732   -0.12827754  1.1173433 ] vel=[ 0.72237253 -0.27618706 -0.00869036][0m
[32m2026-06-29 18:00:54.092[0m | [1mINFO    [0m | [36menvs.hitter[0m:[36m_log_ball_planner_wait_state[0m:[36m694[0m - [1mWaiting for ball estimator: samples=0/31 visible=False ready=False pos=[ 2.678732   -0.12827754  1.1173433 ] vel=[ 0.72237253 -0.27618706 -0.00869036][0m
[32m2026-06-29 18:00:54.594[0m | [1mINFO    [0m | [36menvs.hitter[0m:[36m_log_ball_planner_wait_state[0m:[36m694[0m - [1mWaiting for ball estimator: samples=0/31 visible=False ready=False pos=[ 2.678732   -0.12827754  1.1173433 ] vel=[ 0.72237253 -0.27618706 -0.00869036][0m
[32m2026-06-29 18:00:55.096[0m | [1mINFO    [0m | [36menvs.hitter[0m:[36m_log_ball_planner_wait_state[0m:[36m694[0m - [1mWaiting for ball estimator: samples=0/31 visible=False ready=False pos=[ 2.678732   -0.12827754  1.1173433 ] vel=[ 0.72237253 -0.27618706 -0.00869036][0m
[32m2026-06-29 18:00:55.598[0m | [1mINFO    [0m | [36menvs.hitter[0m:[36m_log_ball_planner_wait_state[0m:[36m694[0m - [1mWaiting for ball estimator: samples=0/31 visible=False ready=False pos=[ 2.678732   -0.12827754  1.1173433 ] vel=[ 0.72237253 -0.27618706 -0.00869036][0m
[32m2026-06-29 18:00:56.100[0m | [1mINFO    [0m | [36menvs.hitter[0m:[36m_log_ball_planner_wait_state[0m:[36m694[0m - [1mWaiting for ball estimator: samples=0/31 visible=False ready=False pos=[ 2.678732   -0.12827754  1.1173433 ] vel=[ 0.72237253 -0.27618706 -0.00869036][0m
[32m2026-06-29 18:00:56.602[0m | [1mINFO    [0m | [36menvs.hitter[0m:[36m_log_ball_planner_wait_state[0m:[36m694[0m - [1mWaiting for ball estimator: samples=0/31 visible=False ready=False pos=[ 2.678732   -0.12827754  1.1173433 ] vel=[ 0.72237253 -0.27618706 -0.00869036][0m
[32m2026-06-29 18:00:57.105[0m | [1mINFO    [0m | [36menvs.hitter[0m:[36m_log_ball_planner_wait_state[0m:[36m694[0m - [1mWaiting for ball estimator: samples=18/31 visible=True ready=False pos=[ 1.6549186 -1.361174   1.0499713] vel=[ 1.1855499   0.20980972 -0.08845995][0m
[32m2026-06-29 18:00:57.611[0m | [1mINFO    [0m | [36menvs.hitter[0m:[36m_log_ball_planner_wait_state[0m:[36m694[0m - [1mWaiting for ball estimator: samples=0/31 visible=False ready=False pos=[ 1.6549186 -1.361174   1.0499713] vel=[ 1.1855499   0.20980972 -0.08845995][0m
[32m2026-06-29 18:00:58.129[0m | [1mINFO    [0m | [36menvs.hitter[0m:[36m_log_ball_planner_wait_state[0m:[36m694[0m - [1mWaiting for ball estimator: samples=0/31 visible=False ready=False pos=[ 1.6549186 -1.361174   1.0499713] vel=[ 1.1855499   0.20980972 -0.08845995][0m
[32m2026-06-29 18:00:58.630[0m | [1mINFO    [0m | [36menvs.hitter[0m:[36m_log_ball_planner_wait_state[0m:[36m694[0m - [1mWaiting for ball estimator: samples=0/31 visible=False ready=False pos=[ 1.6549186 -1.361174   1.0499713] vel=[ 1.1855499   0.20980972 -0.08845995][0m
[32m2026-06-29 18:00:59.132[0m | [1mINFO    [0m | [36menvs.hitter[0m:[36m_log_ball_planner_wait_state[0m:[36m694[0m - [1mWaiting for ball estimator: samples=0/31 visible=False ready=False pos=[ 1.6549186 -1.361174   1.0499713] vel=[ 1.1855499   0.20980972 -0.08845995][0m
[32m2026-06-29 18:00:59.230[0m | [33m[1mWARNING [0m | [36magents.loco_hitter_agent[0m:[36mrun[0m:[36m270[0m - [33m[1mStep timeout: -0.0202s[0m
[32m2026-06-29 18:00:59.635[0m | [1mINFO    [0m | [36menvs.hitter[0m:[36m_log_ball_planner_wait_state[0m:[36m694[0m - [1mWaiting for ball estimator: samples=7/31 visible=True ready=False pos=[ 2.8661084  -0.28788647  1.0772051 ] vel=[-0.24653588  0.42110202  0.1249373 ][0m
[32m2026-06-29 18:01:00.038[0m | [1mINFO    [0m | [36menvs.hitter[0m:[36m_log_ball_planner_error[0m:[36m709[0m - [1mBall planner has no valid command yet: reason=ball trajectory does not cross hit plane x=0.000 within prediction horizon ball_pos_w=[ 2.7999024  -0.22865564  1.1496266 ] ball_vel_w=[-0.34683603 -0.04289054  0.27019736] hit_plane_x=0.0[0m
[32m2026-06-29 18:01:00.197[0m | [1mINFO    [0m | [36menvs.hitter[0m:[36m_log_ball_planner_wait_state[0m:[36m694[0m - [1mWaiting for ball estimator: samples=1/31 visible=True ready=False pos=[ 2.7706876  -0.23916285  1.200132  ] vel=[0. 0. 0.][0m
[32m2026-06-29 18:01:00.699[0m | [1mINFO    [0m | [36menvs.hitter[0m:[36m_log_ball_planner_wait_state[0m:[36m694[0m - [1mWaiting for ball estimator: samples=0/31 visible=False ready=False pos=[ 2.7706876  -0.23916285  1.200132  ] vel=[0. 0. 0.][0m
[32m2026-06-29 18:01:01.201[0m | [1mINFO    [0m | [36menvs.hitter[0m:[36m_log_ball_planner_wait_state[0m:[36m694[0m - [1mWaiting for ball estimator: samples=0/31 visible=False ready=False pos=[ 2.7706876  -0.23916285  1.200132  ] vel=[0. 0. 0.][0m
[32m2026-06-29 18:01:01.703[0m | [1mINFO    [0m | [36menvs.hitter[0m:[36m_log_ball_planner_wait_state[0m:[36m694[0m - [1mWaiting for ball estimator: samples=0/31 visible=False ready=False pos=[ 2.7012508  -0.25798318  1.1829929 ] vel=[0. 0. 0.][0m
[32m2026-06-29 18:01:02.205[0m | [1mINFO    [0m | [36menvs.hitter[0m:[36m_log_ball_planner_wait_state[0m:[36m694[0m - [1mWaiting for ball estimator: samples=0/31 visible=False ready=False pos=[ 2.7011383  -0.26255077  1.1821623 ] vel=[0. 0. 0.][0m
[32m2026-06-29 18:01:02.706[0m | [1mINFO    [0m | [36menvs.hitter[0m:[36m_log_ball_planner_wait_state[0m:[36m694[0m - [1mWaiting for ball estimator: samples=0/31 visible=False ready=False pos=[ 2.7011383  -0.26255077  1.1821623 ] vel=[0. 0. 0.][0m
[32m2026-06-29 18:01:03.208[0m | [1mINFO    [0m | [36menvs.hitter[0m:[36m_log_ball_planner_wait_state[0m:[36m694[0m - [1mWaiting for ball estimator: samples=0/31 visible=False ready=False pos=[ 2.7011383  -0.26255077  1.1821623 ] vel=[0. 0. 0.][0m
[32m2026-06-29 18:01:03.710[0m | [1mINFO    [0m | [36menvs.hitter[0m:[36m_log_ball_planner_wait_state[0m:[36m694[0m - [1mWaiting for ball estimator: samples=0/31 visible=False ready=False pos=[ 2.7011383  -0.26255077  1.1821623 ] vel=[0. 0. 0.][0m
[32m2026-06-29 18:01:04.212[0m | [1mINFO    [0m | [36menvs.hitter[0m:[36m_log_ball_planner_wait_state[0m:[36m694[0m - [1mWaiting for ball estimator: samples=0/31 visible=False ready=False pos=[ 2.7671142 -0.2542115  1.164526 ] vel=[0. 0. 0.][0m
[32m2026-06-29 18:01:04.714[0m | [1mINFO    [0m | [36menvs.hitter[0m:[36m_log_ball_planner_wait_state[0m:[36m694[0m - [1mWaiting for ball estimator: samples=0/31 visible=False ready=False pos=[ 2.7734299  -0.25772223  1.160404  ] vel=[0. 0. 0.][0m
[32m2026-06-29 18:01:05.216[0m | [1mINFO    [0m | [36menvs.hitter[0m:[36m_log_ball_planner_wait_state[0m:[36m694[0m - [1mWaiting for ball estimator: samples=0/31 visible=False ready=False pos=[ 2.7734299  -0.25772223  1.160404  ] vel=[0. 0. 0.][0m
[32m2026-06-29 18:01:05.720[0m | [1mINFO    [0m | [36menvs.hitter[0m:[36m_log_ball_planner_wait_state[0m:[36m694[0m - [1mWaiting for ball estimator: samples=0/31 visible=False ready=False pos=[ 2.7734299  -0.25772223  1.160404  ] vel=[0. 0. 0.][0m
[32m2026-06-29 18:01:06.240[0m | [1mINFO    [0m | [36menvs.hitter[0m:[36m_log_ball_planner_wait_state[0m:[36m694[0m - [1mWaiting for ball estimator: samples=0/31 visible=False ready=False pos=[ 2.7734299  -0.25772223  1.160404  ] vel=[0. 0. 0.][0m
[32m2026-06-29 18:01:06.742[0m | [1mINFO    [0m | [36menvs.hitter[0m:[36m_log_ball_planner_wait_state[0m:[36m694[0m - [1mWaiting for ball estimator: samples=0/31 visible=False ready=False pos=[ 2.767301  -0.3526093  1.0735489] vel=[ 0.19924635 -0.5142121  -0.20417438][0m
[32m2026-06-29 18:01:07.244[0m | [1mINFO    [0m | [36menvs.hitter[0m:[36m_log_ball_planner_wait_state[0m:[36m694[0m - [1mWaiting for ball estimator: samples=0/31 visible=False ready=False pos=[ 2.767301  -0.3526093  1.0735489] vel=[ 0.19924635 -0.5142121  -0.20417438][0m
[32m2026-06-29 18:01:07.745[0m | [1mINFO    [0m | [36menvs.hitter[0m:[36m_log_ball_planner_wait_state[0m:[36m694[0m - [1mWaiting for ball estimator: samples=0/31 visible=False ready=False pos=[ 2.767301  -0.3526093  1.0735489] vel=[ 0.19924635 -0.5142121  -0.20417438][0m
[32m2026-06-29 18:01:08.247[0m | [1mINFO    [0m | [36menvs.hitter[0m:[36m_log_ball_planner_wait_state[0m:[36m694[0m - [1mWaiting for ball estimator: samples=0/31 visible=False ready=False pos=[ 2.767301  -0.3526093  1.0735489] vel=[ 0.19924635 -0.5142121  -0.20417438][0m
[32m2026-06-29 18:01:08.749[0m | [1mINFO    [0m | [36menvs.hitter[0m:[36m_log_ball_planner_wait_state[0m:[36m694[0m - [1mWaiting for ball estimator: samples=0/31 visible=False ready=False pos=[ 2.767301  -0.3526093  1.0735489] vel=[ 0.19924635 -0.5142121  -0.20417438][0m
[32m2026-06-29 18:01:09.251[0m | [1mINFO    [0m | [36menvs.hitter[0m:[36m_log_ball_planner_wait_state[0m:[36m694[0m - [1mWaiting for ball estimator: samples=0/31 visible=False ready=False pos=[ 2.767301  -0.3526093  1.0735489] vel=[ 0.19924635 -0.5142121  -0.20417438][0m
[32m2026-06-29 18:01:09.753[0m | [1mINFO    [0m | [36menvs.hitter[0m:[36m_log_ball_planner_wait_state[0m:[36m694[0m - [1mWaiting for ball estimator: samples=0/31 visible=False ready=False pos=[ 2.767301  -0.3526093  1.0735489] vel=[ 0.19924635 -0.5142121  -0.20417438][0m
[32m2026-06-29 18:01:10.255[0m | [1mINFO    [0m | [36menvs.hitter[0m:[36m_log_ball_planner_wait_state[0m:[36m694[0m - [1mWaiting for ball estimator: samples=0/31 visible=False ready=False pos=[ 2.6514664  -0.13450348  1.1651593 ] vel=[0. 0. 0.][0m
[32m2026-06-29 18:01:10.639[0m | [1mINFO    [0m | [36menvs.hitter[0m:[36m_log_ball_planner_error[0m:[36m709[0m - [1mBall planner has no valid command yet: reason=ball trajectory does not cross hit plane x=0.000 within prediction horizon ball_pos_w=[ 2.5990698  -0.07850096  1.1579838 ] ball_vel_w=[-0.3110467   0.20406507 -0.02451848] hit_plane_x=0.0[0m
[32m2026-06-29 18:01:10.757[0m | [1mINFO    [0m | [36menvs.hitter[0m:[36m_log_ball_planner_wait_state[0m:[36m694[0m - [1mWaiting for ball estimator: samples=22/31 visible=True ready=False pos=[ 2.5617063  -0.04819335  1.1512161 ] vel=[-0.23079234  0.14696544 -0.11333077][0m
[32m2026-06-29 18:01:11.259[0m | [1mINFO    [0m | [36menvs.hitter[0m:[36m_log_ball_planner_wait_state[0m:[36m694[0m - [1mWaiting for ball estimator: samples=6/31 visible=True ready=False pos=[ 2.4962497  -0.01268373  1.1665176 ] vel=[ 0.1863328  -0.15046352 -0.11995784][0m
[32m2026-06-29 18:01:11.760[0m | [1mINFO    [0m | [36menvs.hitter[0m:[36m_log_ball_planner_wait_state[0m:[36m694[0m - [1mWaiting for ball estimator: samples=0/31 visible=False ready=False pos=[ 2.5329614  -0.02728823  1.1622313 ] vel=[0. 0. 0.][0m
[32m2026-06-29 18:01:12.143[0m | [1mINFO    [0m | [36menvs.hitter[0m:[36m_log_ball_planner_error[0m:[36m709[0m - [1mBall planner has no valid command yet: reason=ball trajectory does not cross hit plane x=0.000 within prediction horizon ball_pos_w=[ 2.4870048  -0.00653406  1.1833421 ] ball_vel_w=[-0.52127415 -0.00158925 -0.24295956] hit_plane_x=0.0[0m
[32m2026-06-29 18:01:12.184[0m | [33m[1mWARNING [0m | [36menvs.hitter[0m:[36m_sample_hitter_command_from_ball_planner[0m:[36m832[0m - [33m[1mPlanner command is too late to arm: tts=0.494s, arm window=[0.550, 0.950]s. Resetting ball sequence.[0m
[32m2026-06-29 18:01:12.184[0m | [33m[1mWARNING [0m | [36menvs.hitter[0m:[36mdiscard_armed_hitter_command[0m:[36m792[0m - [33m[1mDiscarding armed HITTER command: planner command arrived too late[0m
[32m2026-06-29 18:01:12.185[0m | [1mINFO    [0m | [36msimulator.real_world[0m:[36mreset_ball_state_estimator[0m:[36m140[0m - [1m[RealWorld] ball state estimator reset by live safety filter.[0m
[32m2026-06-29 18:01:12.262[0m | [1mINFO    [0m | [36menvs.hitter[0m:[36m_log_ball_planner_wait_state[0m:[36m694[0m - [1mWaiting for ball estimator: samples=22/31 visible=True ready=False pos=[ 1.85615    -0.12819552  1.4033418 ] vel=[-5.314355  -1.0501782  1.3302479][0m
[32m2026-06-29 18:01:12.319[0m | [33m[1mWARNING [0m | [36menvs.hitter[0m:[36m_sample_hitter_command_from_ball_planner[0m:[36m832[0m - [33m[1mPlanner command is too late to arm: tts=0.348s, arm window=[0.550, 0.950]s. Resetting ball sequence.[0m
[32m2026-06-29 18:01:12.319[0m | [33m[1mWARNING [0m | [36menvs.hitter[0m:[36mdiscard_armed_hitter_command[0m:[36m792[0m - [33m[1mDiscarding armed HITTER command: planner command arrived too late[0m
[32m2026-06-29 18:01:12.319[0m | [1mINFO    [0m | [36msimulator.real_world[0m:[36mreset_ball_state_estimator[0m:[36m140[0m - [1m[RealWorld] ball state estimator reset by live safety filter.[0m
[32m2026-06-29 18:01:12.323[0m | [33m[1mWARNING [0m | [36magents.loco_hitter_agent[0m:[36mrun[0m:[36m270[0m - [33m[1mStep timeout: -0.0049s[0m
[32m2026-06-29 18:01:12.463[0m | [33m[1mWARNING [0m | [36menvs.hitter[0m:[36m_sample_hitter_command_from_ball_planner[0m:[36m832[0m - [33m[1mPlanner command is too late to arm: tts=0.220s, arm window=[0.550, 0.950]s. Resetting ball sequence.[0m
[32m2026-06-29 18:01:12.464[0m | [33m[1mWARNING [0m | [36menvs.hitter[0m:[36mdiscard_armed_hitter_command[0m:[36m792[0m - [33m[1mDiscarding armed HITTER command: planner command arrived too late[0m
[32m2026-06-29 18:01:12.464[0m | [1mINFO    [0m | [36msimulator.real_world[0m:[36mreset_ball_state_estimator[0m:[36m140[0m - [1m[RealWorld] ball state estimator reset by live safety filter.[0m
[32m2026-06-29 18:01:12.469[0m | [33m[1mWARNING [0m | [36magents.loco_hitter_agent[0m:[36mrun[0m:[36m270[0m - [33m[1mStep timeout: -0.0246s[0m
[32m2026-06-29 18:01:12.576[0m | [33m[1mWARNING [0m | [36menvs.hitter[0m:[36m_sample_hitter_command_from_ball_planner[0m:[36m832[0m - [33m[1mPlanner command is too late to arm: tts=0.079s, arm window=[0.550, 0.950]s. Resetting ball sequence.[0m
[32m2026-06-29 18:01:12.576[0m | [33m[1mWARNING [0m | [36menvs.hitter[0m:[36mdiscard_armed_hitter_command[0m:[36m792[0m - [33m[1mDiscarding armed HITTER command: planner command arrived too late[0m
[32m2026-06-29 18:01:12.576[0m | [1mINFO    [0m | [36msimulator.real_world[0m:[36mreset_ball_state_estimator[0m:[36m140[0m - [1m[RealWorld] ball state estimator reset by live safety filter.[0m
[32m2026-06-29 18:01:12.696[0m | [1mINFO    [0m | [36menvs.hitter[0m:[36m_log_ball_planner_error[0m:[36m709[0m - [1mBall planner has no valid command yet: reason=ball trajectory does not cross hit plane x=0.000 within prediction horizon ball_pos_w=[-0.17243876 -0.60304284  1.0154876 ] ball_vel_w=[-4.2268972 -1.0863796 -2.94701  ] hit_plane_x=0.0[0m
[32m2026-06-29 18:01:13.034[0m | [1mINFO    [0m | [36menvs.hitter[0m:[36m_log_ball_planner_wait_state[0m:[36m694[0m - [1mWaiting for ball estimator: samples=0/31 visible=False ready=False pos=[-0.7339011  -0.75615054  0.51919276] vel=[-3.8810146 -1.0814074 -4.1022067][0m
[32m2026-06-29 18:01:13.535[0m | [1mINFO    [0m | [36menvs.hitter[0m:[36m_log_ball_planner_wait_state[0m:[36m694[0m - [1mWaiting for ball estimator: samples=0/31 visible=False ready=False pos=[-0.7339011  -0.75615054  0.51919276] vel=[-3.8810146 -1.0814074 -4.1022067][0m
[32m2026-06-29 18:01:14.037[0m | [1mINFO    [0m | [36menvs.hitter[0m:[36m_log_ball_planner_wait_state[0m:[36m694[0m - [1mWaiting for ball estimator: samples=0/31 visible=False ready=False pos=[-0.7339011  -0.75615054  0.51919276] vel=[-3.8810146 -1.0814074 -4.1022067][0m
[32m2026-06-29 18:01:14.539[0m | [1mINFO    [0m | [36menvs.hitter[0m:[36m_log_ball_planner_wait_state[0m:[36m694[0m - [1mWaiting for ball estimator: samples=0/31 visible=False ready=False pos=[-0.7339011  -0.75615054  0.51919276] vel=[-3.8810146 -1.0814074 -4.1022067][0m
[32m2026-06-29 18:01:15.041[0m | [1mINFO    [0m | [36menvs.hitter[0m:[36m_log_ball_planner_wait_state[0m:[36m694[0m - [1mWaiting for ball estimator: samples=0/31 visible=False ready=False pos=[-0.7339011  -0.75615054  0.51919276] vel=[-3.8810146 -1.0814074 -4.1022067][0m
[32m2026-06-29 18:01:15.543[0m | [1mINFO    [0m | [36menvs.hitter[0m:[36m_log_ball_planner_wait_state[0m:[36m694[0m - [1mWaiting for ball estimator: samples=0/31 visible=False ready=False pos=[-0.7339011  -0.75615054  0.51919276] vel=[-3.8810146 -1.0814074 -4.1022067][0m
[32m2026-06-29 18:01:16.045[0m | [1mINFO    [0m | [36menvs.hitter[0m:[36m_log_ball_planner_wait_state[0m:[36m694[0m - [1mWaiting for ball estimator: samples=0/31 visible=False ready=False pos=[-0.7339011  -0.75615054  0.51919276] vel=[-3.8810146 -1.0814074 -4.1022067][0m
[32m2026-06-29 18:01:16.549[0m | [1mINFO    [0m | [36menvs.hitter[0m:[36m_log_ball_planner_wait_state[0m:[36m694[0m - [1mWaiting for ball estimator: samples=0/31 visible=False ready=False pos=[-0.7339011  -0.75615054  0.51919276] vel=[-3.8810146 -1.0814074 -4.1022067][0m
[32m2026-06-29 18:01:17.049[0m | [1mINFO    [0m | [36menvs.hitter[0m:[36m_log_ball_planner_wait_state[0m:[36m694[0m - [1mWaiting for ball estimator: samples=0/31 visible=False ready=False pos=[-0.7339011  -0.75615054  0.51919276] vel=[-3.8810146 -1.0814074 -4.1022067][0m
[32m2026-06-29 18:01:17.551[0m | [1mINFO    [0m | [36menvs.hitter[0m:[36m_log_ball_planner_wait_state[0m:[36m694[0m - [1mWaiting for ball estimator: samples=0/31 visible=False ready=False pos=[-0.7339011  -0.75615054  0.51919276] vel=[-3.8810146 -1.0814074 -4.1022067][0m
[32m2026-06-29 18:01:18.053[0m | [1mINFO    [0m | [36menvs.hitter[0m:[36m_log_ball_planner_wait_state[0m:[36m694[0m - [1mWaiting for ball estimator: samples=0/31 visible=False ready=False pos=[-0.7339011  -0.75615054  0.51919276] vel=[-3.8810146 -1.0814074 -4.1022067][0m
[32m2026-06-29 18:01:18.555[0m | [1mINFO    [0m | [36menvs.hitter[0m:[36m_log_ball_planner_wait_state[0m:[36m694[0m - [1mWaiting for ball estimator: samples=0/31 visible=False ready=False pos=[-0.7339011  -0.75615054  0.51919276] vel=[-3.8810146 -1.0814074 -4.1022067][0m
[32m2026-06-29 18:01:19.057[0m | [1mINFO    [0m | [36menvs.hitter[0m:[36m_log_ball_planner_wait_state[0m:[36m694[0m - [1mWaiting for ball estimator: samples=0/31 visible=False ready=False pos=[-0.7339011  -0.75615054  0.51919276] vel=[-3.8810146 -1.0814074 -4.1022067][0m
[32m2026-06-29 18:01:19.559[0m | [1mINFO    [0m | [36menvs.hitter[0m:[36m_log_ball_planner_wait_state[0m:[36m694[0m - [1mWaiting for ball estimator: samples=0/31 visible=False ready=False pos=[-0.7339011  -0.75615054  0.51919276] vel=[-3.8810146 -1.0814074 -4.1022067][0m
[32m2026-06-29 18:01:20.061[0m | [1mINFO    [0m | [36menvs.hitter[0m:[36m_log_ball_planner_wait_state[0m:[36m694[0m - [1mWaiting for ball estimator: samples=0/31 visible=False ready=False pos=[-0.7339011  -0.75615054  0.51919276] vel=[-3.8810146 -1.0814074 -4.1022067][0m
[32m2026-06-29 18:01:20.563[0m | [1mINFO    [0m | [36menvs.hitter[0m:[36m_log_ball_planner_wait_state[0m:[36m694[0m - [1mWaiting for ball estimator: samples=0/31 visible=False ready=False pos=[-0.7339011  -0.75615054  0.51919276] vel=[-3.8810146 -1.0814074 -4.1022067][0m
[32m2026-06-29 18:01:21.065[0m | [1mINFO    [0m | [36menvs.hitter[0m:[36m_log_ball_planner_wait_state[0m:[36m694[0m - [1mWaiting for ball estimator: samples=0/31 visible=False ready=False pos=[-0.7339011  -0.75615054  0.51919276] vel=[-3.8810146 -1.0814074 -4.1022067][0m
[32m2026-06-29 18:01:21.567[0m | [1mINFO    [0m | [36menvs.hitter[0m:[36m_log_ball_planner_wait_state[0m:[36m694[0m - [1mWaiting for ball estimator: samples=0/31 visible=False ready=False pos=[-0.7339011  -0.75615054  0.51919276] vel=[-3.8810146 -1.0814074 -4.1022067][0m
[32m2026-06-29 18:01:22.070[0m | [1mINFO    [0m | [36menvs.hitter[0m:[36m_log_ball_planner_wait_state[0m:[36m694[0m - [1mWaiting for ball estimator: samples=0/31 visible=False ready=False pos=[-0.7339011  -0.75615054  0.51919276] vel=[-3.8810146 -1.0814074 -4.1022067][0m
[32m2026-06-29 18:01:22.571[0m | [1mINFO    [0m | [36menvs.hitter[0m:[36m_log_ball_planner_wait_state[0m:[36m694[0m - [1mWaiting for ball estimator: samples=0/31 visible=False ready=False pos=[-0.7339011  -0.75615054  0.51919276] vel=[-3.8810146 -1.0814074 -4.1022067][0m
[32m2026-06-29 18:01:23.073[0m | [1mINFO    [0m | [36menvs.hitter[0m:[36m_log_ball_planner_wait_state[0m:[36m694[0m - [1mWaiting for ball estimator: samples=0/31 visible=False ready=False pos=[-0.7339011  -0.75615054  0.51919276] vel=[-3.8810146 -1.0814074 -4.1022067][0m
[32m2026-06-29 18:01:23.575[0m | [1mINFO    [0m | [36menvs.hitter[0m:[36m_log_ball_planner_wait_state[0m:[36m694[0m - [1mWaiting for ball estimator: samples=0/31 visible=False ready=False pos=[-0.7339011  -0.75615054  0.51919276] vel=[-3.8810146 -1.0814074 -4.1022067][0m
[32m2026-06-29 18:01:24.077[0m | [1mINFO    [0m | [36menvs.hitter[0m:[36m_log_ball_planner_wait_state[0m:[36m694[0m - [1mWaiting for ball estimator: samples=0/31 visible=False ready=False pos=[-0.7339011  -0.75615054  0.51919276] vel=[-3.8810146 -1.0814074 -4.1022067][0m
[32m2026-06-29 18:01:24.578[0m | [1mINFO    [0m | [36menvs.hitter[0m:[36m_log_ball_planner_wait_state[0m:[36m694[0m - [1mWaiting for ball estimator: samples=0/31 visible=False ready=False pos=[-0.7339011  -0.75615054  0.51919276] vel=[-3.8810146 -1.0814074 -4.1022067][0m
[32m2026-06-29 18:01:25.080[0m | [1mINFO    [0m | [36menvs.hitter[0m:[36m_log_ball_planner_wait_state[0m:[36m694[0m - [1mWaiting for ball estimator: samples=0/31 visible=False ready=False pos=[-0.7339011  -0.75615054  0.51919276] vel=[-3.8810146 -1.0814074 -4.1022067][0m
[32m2026-06-29 18:01:25.582[0m | [1mINFO    [0m | [36menvs.hitter[0m:[36m_log_ball_planner_wait_state[0m:[36m694[0m - [1mWaiting for ball estimator: samples=0/31 visible=False ready=False pos=[-0.7339011  -0.75615054  0.51919276] vel=[-3.8810146 -1.0814074 -4.1022067][0m
[32m2026-06-29 18:01:25.660[0m | [33m[1mWARNING [0m | [36magents.loco_hitter_agent[0m:[36mrun[0m:[36m270[0m - [33m[1mStep timeout: -0.0212s[0m
[32m2026-06-29 18:01:26.088[0m | [1mINFO    [0m | [36menvs.hitter[0m:[36m_log_ball_planner_wait_state[0m:[36m694[0m - [1mWaiting for ball estimator: samples=0/31 visible=False ready=False pos=[-0.7339011  -0.75615054  0.51919276] vel=[-3.8810146 -1.0814074 -4.1022067][0m
[32m2026-06-29 18:01:26.607[0m | [1mINFO    [0m | [36menvs.hitter[0m:[36m_log_ball_planner_wait_state[0m:[36m694[0m - [1mWaiting for ball estimator: samples=0/31 visible=False ready=False pos=[-0.7339011  -0.75615054  0.51919276] vel=[-3.8810146 -1.0814074 -4.1022067][0m
[32m2026-06-29 18:01:27.109[0m | [1mINFO    [0m | [36menvs.hitter[0m:[36m_log_ball_planner_wait_state[0m:[36m694[0m - [1mWaiting for ball estimator: samples=0/31 visible=False ready=False pos=[-0.7339011  -0.75615054  0.51919276] vel=[-3.8810146 -1.0814074 -4.1022067][0m
[32m2026-06-29 18:01:27.611[0m | [1mINFO    [0m | [36menvs.hitter[0m:[36m_log_ball_planner_wait_state[0m:[36m694[0m - [1mWaiting for ball estimator: samples=0/31 visible=False ready=False pos=[-0.7339011  -0.75615054  0.51919276] vel=[-3.8810146 -1.0814074 -4.1022067][0m
[32m2026-06-29 18:01:28.112[0m | [1mINFO    [0m | [36menvs.hitter[0m:[36m_log_ball_planner_wait_state[0m:[36m694[0m - [1mWaiting for ball estimator: samples=0/31 visible=False ready=False pos=[-0.7339011  -0.75615054  0.51919276] vel=[-3.8810146 -1.0814074 -4.1022067][0m
[32m2026-06-29 18:01:28.614[0m | [1mINFO    [0m | [36menvs.hitter[0m:[36m_log_ball_planner_wait_state[0m:[36m694[0m - [1mWaiting for ball estimator: samples=0/31 visible=False ready=False pos=[-0.7339011  -0.75615054  0.51919276] vel=[-3.8810146 -1.0814074 -4.1022067][0m
[32m2026-06-29 18:01:29.116[0m | [1mINFO    [0m | [36menvs.hitter[0m:[36m_log_ball_planner_wait_state[0m:[36m694[0m - [1mWaiting for ball estimator: samples=0/31 visible=False ready=False pos=[-0.7339011  -0.75615054  0.51919276] vel=[-3.8810146 -1.0814074 -4.1022067][0m
[32m2026-06-29 18:01:29.618[0m | [1mINFO    [0m | [36menvs.hitter[0m:[36m_log_ball_planner_wait_state[0m:[36m694[0m - [1mWaiting for ball estimator: samples=0/31 visible=False ready=False pos=[-0.7339011  -0.75615054  0.51919276] vel=[-3.8810146 -1.0814074 -4.1022067][0m
[32m2026-06-29 18:01:30.120[0m | [1mINFO    [0m | [36menvs.hitter[0m:[36m_log_ball_planner_wait_state[0m:[36m694[0m - [1mWaiting for ball estimator: samples=0/31 visible=False ready=False pos=[-0.7339011  -0.75615054  0.51919276] vel=[-3.8810146 -1.0814074 -4.1022067][0m
[32m2026-06-29 18:01:30.622[0m | [1mINFO    [0m | [36menvs.hitter[0m:[36m_log_ball_planner_wait_state[0m:[36m694[0m - [1mWaiting for ball estimator: samples=0/31 visible=False ready=False pos=[-0.7339011  -0.75615054  0.51919276] vel=[-3.8810146 -1.0814074 -4.1022067][0m
[32m2026-06-29 18:01:31.124[0m | [1mINFO    [0m | [36menvs.hitter[0m:[36m_log_ball_planner_wait_state[0m:[36m694[0m - [1mWaiting for ball estimator: samples=0/31 visible=False ready=False pos=[-0.7339011  -0.75615054  0.51919276] vel=[-3.8810146 -1.0814074 -4.1022067][0m
[32m2026-06-29 18:01:31.627[0m | [1mINFO    [0m | [36menvs.hitter[0m:[36m_log_ball_planner_wait_state[0m:[36m694[0m - [1mWaiting for ball estimator: samples=0/31 visible=False ready=False pos=[-0.7339011  -0.75615054  0.51919276] vel=[-3.8810146 -1.0814074 -4.1022067][0m
[32m2026-06-29 18:01:32.127[0m | [1mINFO    [0m | [36menvs.hitter[0m:[36m_log_ball_planner_wait_state[0m:[36m694[0m - [1mWaiting for ball estimator: samples=0/31 visible=False ready=False pos=[-0.7339011  -0.75615054  0.51919276] vel=[-3.8810146 -1.0814074 -4.1022067][0m
[32m2026-06-29 18:01:32.629[0m | [1mINFO    [0m | [36menvs.hitter[0m:[36m_log_ball_planner_wait_state[0m:[36m694[0m - [1mWaiting for ball estimator: samples=0/31 visible=False ready=False pos=[-0.7339011  -0.75615054  0.51919276] vel=[-3.8810146 -1.0814074 -4.1022067][0m
[32m2026-06-29 18:01:33.131[0m | [1mINFO    [0m | [36menvs.hitter[0m:[36m_log_ball_planner_wait_state[0m:[36m694[0m - [1mWaiting for ball estimator: samples=0/31 visible=False ready=False pos=[-0.7339011  -0.75615054  0.51919276] vel=[-3.8810146 -1.0814074 -4.1022067][0m
[32m2026-06-29 18:01:33.633[0m | [1mINFO    [0m | [36menvs.hitter[0m:[36m_log_ball_planner_wait_state[0m:[36m694[0m - [1mWaiting for ball estimator: samples=0/31 visible=False ready=False pos=[-0.7339011  -0.75615054  0.51919276] vel=[-3.8810146 -1.0814074 -4.1022067][0m
[32m2026-06-29 18:01:34.136[0m | [1mINFO    [0m | [36menvs.hitter[0m:[36m_log_ball_planner_wait_state[0m:[36m694[0m - [1mWaiting for ball estimator: samples=0/31 visible=False ready=False pos=[-0.7339011  -0.75615054  0.51919276] vel=[-3.8810146 -1.0814074 -4.1022067][0m
[32m2026-06-29 18:01:34.637[0m | [1mINFO    [0m | [36menvs.hitter[0m:[36m_log_ball_planner_wait_state[0m:[36m694[0m - [1mWaiting for ball estimator: samples=0/31 visible=False ready=False pos=[-0.7339011  -0.75615054  0.51919276] vel=[-3.8810146 -1.0814074 -4.1022067][0m
[32m2026-06-29 18:01:35.142[0m | [1mINFO    [0m | [36menvs.hitter[0m:[36m_log_ball_planner_wait_state[0m:[36m694[0m - [1mWaiting for ball estimator: samples=0/31 visible=False ready=False pos=[-0.7339011  -0.75615054  0.51919276] vel=[-3.8810146 -1.0814074 -4.1022067][0m
[32m2026-06-29 18:01:35.644[0m | [1mINFO    [0m | [36menvs.hitter[0m:[36m_log_ball_planner_wait_state[0m:[36m694[0m - [1mWaiting for ball estimator: samples=0/31 visible=False ready=False pos=[-0.7339011  -0.75615054  0.51919276] vel=[-3.8810146 -1.0814074 -4.1022067][0m
[32m2026-06-29 18:01:36.163[0m | [1mINFO    [0m | [36menvs.hitter[0m:[36m_log_ball_planner_wait_state[0m:[36m694[0m - [1mWaiting for ball estimator: samples=0/31 visible=False ready=False pos=[-0.7339011  -0.75615054  0.51919276] vel=[-3.8810146 -1.0814074 -4.1022067][0m
[32m2026-06-29 18:01:36.665[0m | [1mINFO    [0m | [36menvs.hitter[0m:[36m_log_ball_planner_wait_state[0m:[36m694[0m - [1mWaiting for ball estimator: samples=0/31 visible=False ready=False pos=[-0.7339011  -0.75615054  0.51919276] vel=[-3.8810146 -1.0814074 -4.1022067][0m
[32m2026-06-29 18:01:37.168[0m | [1mINFO    [0m | [36menvs.hitter[0m:[36m_log_ball_planner_wait_state[0m:[36m694[0m - [1mWaiting for ball estimator: samples=0/31 visible=False ready=False pos=[-0.7339011  -0.75615054  0.51919276] vel=[-3.8810146 -1.0814074 -4.1022067][0m
[32m2026-06-29 18:01:37.688[0m | [1mINFO    [0m | [36menvs.hitter[0m:[36m_log_ball_planner_wait_state[0m:[36m694[0m - [1mWaiting for ball estimator: samples=0/31 visible=False ready=False pos=[-0.7339011  -0.75615054  0.51919276] vel=[-3.8810146 -1.0814074 -4.1022067][0m
[32m2026-06-29 18:01:38.190[0m | [1mINFO    [0m | [36menvs.hitter[0m:[36m_log_ball_planner_wait_state[0m:[36m694[0m - [1mWaiting for ball estimator: samples=0/31 visible=False ready=False pos=[-0.7339011  -0.75615054  0.51919276] vel=[-3.8810146 -1.0814074 -4.1022067][0m
[32m2026-06-29 18:01:38.227[0m | [33m[1mWARNING [0m | [36magents.loco_hitter_agent[0m:[36mrun[0m:[36m270[0m - [33m[1mStep timeout: -0.0006s[0m
[32m2026-06-29 18:01:38.428[0m | [33m[1mWARNING [0m | [36magents.loco_hitter_agent[0m:[36mrun[0m:[36m270[0m - [33m[1mStep timeout: -0.0197s[0m
[32m2026-06-29 18:01:38.693[0m | [1mINFO    [0m | [36menvs.hitter[0m:[36m_log_ball_planner_wait_state[0m:[36m694[0m - [1mWaiting for ball estimator: samples=0/31 visible=False ready=False pos=[-0.7339011  -0.75615054  0.51919276] vel=[-3.8810146 -1.0814074 -4.1022067][0m
[32m2026-06-29 18:01:39.194[0m | [1mINFO    [0m | [36menvs.hitter[0m:[36m_log_ball_planner_wait_state[0m:[36m694[0m - [1mWaiting for ball estimator: samples=0/31 visible=False ready=False pos=[-0.7339011  -0.75615054  0.51919276] vel=[-3.8810146 -1.0814074 -4.1022067][0m
[32m2026-06-29 18:01:39.696[0m | [1mINFO    [0m | [36menvs.hitter[0m:[36m_log_ball_planner_wait_state[0m:[36m694[0m - [1mWaiting for ball estimator: samples=0/31 visible=False ready=False pos=[-0.7339011  -0.75615054  0.51919276] vel=[-3.8810146 -1.0814074 -4.1022067][0m
[32m2026-06-29 18:01:40.198[0m | [1mINFO    [0m | [36menvs.hitter[0m:[36m_log_ball_planner_wait_state[0m:[36m694[0m - [1mWaiting for ball estimator: samples=0/31 visible=False ready=False pos=[-0.7339011  -0.75615054  0.51919276] vel=[-3.8810146 -1.0814074 -4.1022067][0m
[32m2026-06-29 18:01:40.700[0m | [1mINFO    [0m | [36menvs.hitter[0m:[36m_log_ball_planner_wait_state[0m:[36m694[0m - [1mWaiting for ball estimator: samples=0/31 visible=False ready=False pos=[-0.7339011  -0.75615054  0.51919276] vel=[-3.8810146 -1.0814074 -4.1022067][0m
[32m2026-06-29 18:01:41.202[0m | [1mINFO    [0m | [36menvs.hitter[0m:[36m_log_ball_planner_wait_state[0m:[36m694[0m - [1mWaiting for ball estimator: samples=0/31 visible=False ready=False pos=[-0.7339011  -0.75615054  0.51919276] vel=[-3.8810146 -1.0814074 -4.1022067][0m
[32m2026-06-29 18:01:41.288[0m | [33m[1mWARNING [0m | [36magents.loco_hitter_agent[0m:[36mrun[0m:[36m270[0m - [33m[1mStep timeout: -0.0096s[0m
[32m2026-06-29 18:01:41.713[0m | [1mINFO    [0m | [36menvs.hitter[0m:[36m_log_ball_planner_wait_state[0m:[36m694[0m - [1mWaiting for ball estimator: samples=0/31 visible=False ready=False pos=[-0.7339011  -0.75615054  0.51919276] vel=[-3.8810146 -1.0814074 -4.1022067][0m
[32m2026-06-29 18:01:42.216[0m | [1mINFO    [0m | [36menvs.hitter[0m:[36m_log_ball_planner_wait_state[0m:[36m694[0m - [1mWaiting for ball estimator: samples=0/31 visible=False ready=False pos=[-0.7339011  -0.75615054  0.51919276] vel=[-3.8810146 -1.0814074 -4.1022067][0m
[32m2026-06-29 18:01:42.717[0m | [1mINFO    [0m | [36menvs.hitter[0m:[36m_log_ball_planner_wait_state[0m:[36m694[0m - [1mWaiting for ball estimator: samples=0/31 visible=False ready=False pos=[-0.7339011  -0.75615054  0.51919276] vel=[-3.8810146 -1.0814074 -4.1022067][0m
[32m2026-06-29 18:01:43.219[0m | [1mINFO    [0m | [36menvs.hitter[0m:[36m_log_ball_planner_wait_state[0m:[36m694[0m - [1mWaiting for ball estimator: samples=0/31 visible=False ready=False pos=[-0.7339011  -0.75615054  0.51919276] vel=[-3.8810146 -1.0814074 -4.1022067][0m
[32m2026-06-29 18:01:43.721[0m | [1mINFO    [0m | [36menvs.hitter[0m:[36m_log_ball_planner_wait_state[0m:[36m694[0m - [1mWaiting for ball estimator: samples=0/31 visible=False ready=False pos=[-0.7339011  -0.75615054  0.51919276] vel=[-3.8810146 -1.0814074 -4.1022067][0m
[32m2026-06-29 18:01:44.223[0m | [1mINFO    [0m | [36menvs.hitter[0m:[36m_log_ball_planner_wait_state[0m:[36m694[0m - [1mWaiting for ball estimator: samples=0/31 visible=False ready=False pos=[-0.7339011  -0.75615054  0.51919276] vel=[-3.8810146 -1.0814074 -4.1022067][0m
[32m2026-06-29 18:01:44.725[0m | [1mINFO    [0m | [36menvs.hitter[0m:[36m_log_ball_planner_wait_state[0m:[36m694[0m - [1mWaiting for ball estimator: samples=0/31 visible=False ready=False pos=[-0.7339011  -0.75615054  0.51919276] vel=[-3.8810146 -1.0814074 -4.1022067][0m
[32m2026-06-29 18:01:45.227[0m | [1mINFO    [0m | [36menvs.hitter[0m:[36m_log_ball_planner_wait_state[0m:[36m694[0m - [1mWaiting for ball estimator: samples=0/31 visible=False ready=False pos=[-0.7339011  -0.75615054  0.51919276] vel=[-3.8810146 -1.0814074 -4.1022067][0m
[32m2026-06-29 18:01:45.729[0m | [1mINFO    [0m | [36menvs.hitter[0m:[36m_log_ball_planner_wait_state[0m:[36m694[0m - [1mWaiting for ball estimator: samples=0/31 visible=False ready=False pos=[-0.7339011  -0.75615054  0.51919276] vel=[-3.8810146 -1.0814074 -4.1022067][0m
[32m2026-06-29 18:01:46.231[0m | [1mINFO    [0m | [36menvs.hitter[0m:[36m_log_ball_planner_wait_state[0m:[36m694[0m - [1mWaiting for ball estimator: samples=0/31 visible=False ready=False pos=[-0.7339011  -0.75615054  0.51919276] vel=[-3.8810146 -1.0814074 -4.1022067][0m
[32m2026-06-29 18:01:46.733[0m | [1mINFO    [0m | [36menvs.hitter[0m:[36m_log_ball_planner_wait_state[0m:[36m694[0m - [1mWaiting for ball estimator: samples=0/31 visible=False ready=False pos=[-0.7339011  -0.75615054  0.51919276] vel=[-3.8810146 -1.0814074 -4.1022067][0m
[32m2026-06-29 18:01:47.235[0m | [1mINFO    [0m | [36menvs.hitter[0m:[36m_log_ball_planner_wait_state[0m:[36m694[0m - [1mWaiting for ball estimator: samples=0/31 visible=False ready=False pos=[-0.7339011  -0.75615054  0.51919276] vel=[-3.8810146 -1.0814074 -4.1022067][0m
[32m2026-06-29 18:01:47.737[0m | [1mINFO    [0m | [36menvs.hitter[0m:[36m_log_ball_planner_wait_state[0m:[36m694[0m - [1mWaiting for ball estimator: samples=0/31 visible=False ready=False pos=[-0.7339011  -0.75615054  0.51919276] vel=[-3.8810146 -1.0814074 -4.1022067][0m
[32m2026-06-29 18:01:48.238[0m | [1mINFO    [0m | [36menvs.hitter[0m:[36m_log_ball_planner_wait_state[0m:[36m694[0m - [1mWaiting for ball estimator: samples=0/31 visible=False ready=False pos=[-0.7339011  -0.75615054  0.51919276] vel=[-3.8810146 -1.0814074 -4.1022067][0m
[32m2026-06-29 18:01:48.740[0m | [1mINFO    [0m | [36menvs.hitter[0m:[36m_log_ball_planner_wait_state[0m:[36m694[0m - [1mWaiting for ball estimator: samples=0/31 visible=False ready=False pos=[-0.7339011  -0.75615054  0.51919276] vel=[-3.8810146 -1.0814074 -4.1022067][0m
[32m2026-06-29 18:01:49.242[0m | [1mINFO    [0m | [36menvs.hitter[0m:[36m_log_ball_planner_wait_state[0m:[36m694[0m - [1mWaiting for ball estimator: samples=0/31 visible=False ready=False pos=[-0.7339011  -0.75615054  0.51919276] vel=[-3.8810146 -1.0814074 -4.1022067][0m
[32m2026-06-29 18:01:49.744[0m | [1mINFO    [0m | [36menvs.hitter[0m:[36m_log_ball_planner_wait_state[0m:[36m694[0m - [1mWaiting for ball estimator: samples=0/31 visible=False ready=False pos=[-0.7339011  -0.75615054  0.51919276] vel=[-3.8810146 -1.0814074 -4.1022067][0m
[32m2026-06-29 18:01:50.247[0m | [1mINFO    [0m | [36menvs.hitter[0m:[36m_log_ball_planner_wait_state[0m:[36m694[0m - [1mWaiting for ball estimator: samples=0/31 visible=False ready=False pos=[-0.7339011  -0.75615054  0.51919276] vel=[-3.8810146 -1.0814074 -4.1022067][0m
[32m2026-06-29 18:01:50.748[0m | [1mINFO    [0m | [36menvs.hitter[0m:[36m_log_ball_planner_wait_state[0m:[36m694[0m - [1mWaiting for ball estimator: samples=0/31 visible=False ready=False pos=[-0.7339011  -0.75615054  0.51919276] vel=[-3.8810146 -1.0814074 -4.1022067][0m
[32m2026-06-29 18:01:51.249[0m | [1mINFO    [0m | [36menvs.hitter[0m:[36m_log_ball_planner_wait_state[0m:[36m694[0m - [1mWaiting for ball estimator: samples=0/31 visible=False ready=False pos=[-0.7339011  -0.75615054  0.51919276] vel=[-3.8810146 -1.0814074 -4.1022067][0m
[32m2026-06-29 18:01:51.408[0m | [33m[1mWARNING [0m | [36magents.loco_hitter_agent[0m:[36mrun[0m:[36m270[0m - [33m[1mStep timeout: -0.0214s[0m
[32m2026-06-29 18:01:51.753[0m | [1mINFO    [0m | [36menvs.hitter[0m:[36m_log_ball_planner_wait_state[0m:[36m694[0m - [1mWaiting for ball estimator: samples=0/31 visible=False ready=False pos=[-0.7339011  -0.75615054  0.51919276] vel=[-3.8810146 -1.0814074 -4.1022067][0m
[32m2026-06-29 18:01:52.255[0m | [1mINFO    [0m | [36menvs.hitter[0m:[36m_log_ball_planner_wait_state[0m:[36m694[0m - [1mWaiting for ball estimator: samples=0/31 visible=False ready=False pos=[-0.7339011  -0.75615054  0.51919276] vel=[-3.8810146 -1.0814074 -4.1022067][0m
[32m2026-06-29 18:01:52.757[0m | [1mINFO    [0m | [36menvs.hitter[0m:[36m_log_ball_planner_wait_state[0m:[36m694[0m - [1mWaiting for ball estimator: samples=0/31 visible=False ready=False pos=[-0.7339011  -0.75615054  0.51919276] vel=[-3.8810146 -1.0814074 -4.1022067][0m
[32m2026-06-29 18:01:53.259[0m | [1mINFO    [0m | [36menvs.hitter[0m:[36m_log_ball_planner_wait_state[0m:[36m694[0m - [1mWaiting for ball estimator: samples=0/31 visible=False ready=False pos=[-0.7339011  -0.75615054  0.51919276] vel=[-3.8810146 -1.0814074 -4.1022067][0m
[32m2026-06-29 18:01:53.760[0m | [1mINFO    [0m | [36menvs.hitter[0m:[36m_log_ball_planner_wait_state[0m:[36m694[0m - [1mWaiting for ball estimator: samples=0/31 visible=False ready=False pos=[-0.7339011  -0.75615054  0.51919276] vel=[-3.8810146 -1.0814074 -4.1022067][0m
[32m2026-06-29 18:01:54.262[0m | [1mINFO    [0m | [36menvs.hitter[0m:[36m_log_ball_planner_wait_state[0m:[36m694[0m - [1mWaiting for ball estimator: samples=0/31 visible=False ready=False pos=[-0.7339011  -0.75615054  0.51919276] vel=[-3.8810146 -1.0814074 -4.1022067][0m
[32m2026-06-29 18:01:54.764[0m | [1mINFO    [0m | [36menvs.hitter[0m:[36m_log_ball_planner_wait_state[0m:[36m694[0m - [1mWaiting for ball estimator: samples=0/31 visible=False ready=False pos=[-0.7339011  -0.75615054  0.51919276] vel=[-3.8810146 -1.0814074 -4.1022067][0m
[32m2026-06-29 18:01:55.266[0m | [1mINFO    [0m | [36menvs.hitter[0m:[36m_log_ball_planner_wait_state[0m:[36m694[0m - [1mWaiting for ball estimator: samples=0/31 visible=False ready=False pos=[-0.7339011  -0.75615054  0.51919276] vel=[-3.8810146 -1.0814074 -4.1022067][0m
[32m2026-06-29 18:01:55.768[0m | [1mINFO    [0m | [36menvs.hitter[0m:[36m_log_ball_planner_wait_state[0m:[36m694[0m - [1mWaiting for ball estimator: samples=0/31 visible=False ready=False pos=[-0.7339011  -0.75615054  0.51919276] vel=[-3.8810146 -1.0814074 -4.1022067][0m
[32m2026-06-29 18:01:56.270[0m | [1mINFO    [0m | [36menvs.hitter[0m:[36m_log_ball_planner_wait_state[0m:[36m694[0m - [1mWaiting for ball estimator: samples=0/31 visible=False ready=False pos=[-0.7339011  -0.75615054  0.51919276] vel=[-3.8810146 -1.0814074 -4.1022067][0m
[32m2026-06-29 18:01:56.774[0m | [1mINFO    [0m | [36menvs.hitter[0m:[36m_log_ball_planner_wait_state[0m:[36m694[0m - [1mWaiting for ball estimator: samples=0/31 visible=False ready=False pos=[-0.7339011  -0.75615054  0.51919276] vel=[-3.8810146 -1.0814074 -4.1022067][0m
[32m2026-06-29 18:01:57.294[0m | [1mINFO    [0m | [36menvs.hitter[0m:[36m_log_ball_planner_wait_state[0m:[36m694[0m - [1mWaiting for ball estimator: samples=0/31 visible=False ready=False pos=[-0.7339011  -0.75615054  0.51919276] vel=[-3.8810146 -1.0814074 -4.1022067][0m
[32m2026-06-29 18:01:57.795[0m | [1mINFO    [0m | [36menvs.hitter[0m:[36m_log_ball_planner_wait_state[0m:[36m694[0m - [1mWaiting for ball estimator: samples=0/31 visible=False ready=False pos=[-0.7339011  -0.75615054  0.51919276] vel=[-3.8810146 -1.0814074 -4.1022067][0m
[32m2026-06-29 18:01:58.297[0m | [1mINFO    [0m | [36menvs.hitter[0m:[36m_log_ball_planner_wait_state[0m:[36m694[0m - [1mWaiting for ball estimator: samples=0/31 visible=False ready=False pos=[-0.7339011  -0.75615054  0.51919276] vel=[-3.8810146 -1.0814074 -4.1022067][0m
[32m2026-06-29 18:01:58.802[0m | [1mINFO    [0m | [36menvs.hitter[0m:[36m_log_ball_planner_wait_state[0m:[36m694[0m - [1mWaiting for ball estimator: samples=0/31 visible=False ready=False pos=[-0.7339011  -0.75615054  0.51919276] vel=[-3.8810146 -1.0814074 -4.1022067][0m
[32m2026-06-29 18:01:59.321[0m | [1mINFO    [0m | [36menvs.hitter[0m:[36m_log_ball_planner_wait_state[0m:[36m694[0m - [1mWaiting for ball estimator: samples=0/31 visible=False ready=False pos=[-0.7339011  -0.75615054  0.51919276] vel=[-3.8810146 -1.0814074 -4.1022067][0m
[32m2026-06-29 18:01:59.823[0m | [1mINFO    [0m | [36menvs.hitter[0m:[36m_log_ball_planner_wait_state[0m:[36m694[0m - [1mWaiting for ball estimator: samples=0/31 visible=False ready=False pos=[-0.7339011  -0.75615054  0.51919276] vel=[-3.8810146 -1.0814074 -4.1022067][0m
[32m2026-06-29 18:02:00.325[0m | [1mINFO    [0m | [36menvs.hitter[0m:[36m_log_ball_planner_wait_state[0m:[36m694[0m - [1mWaiting for ball estimator: samples=0/31 visible=False ready=False pos=[-0.7339011  -0.75615054  0.51919276] vel=[-3.8810146 -1.0814074 -4.1022067][0m
[32m2026-06-29 18:02:00.827[0m | [1mINFO    [0m | [36menvs.hitter[0m:[36m_log_ball_planner_wait_state[0m:[36m694[0m - [1mWaiting for ball estimator: samples=0/31 visible=False ready=False pos=[-0.7339011  -0.75615054  0.51919276] vel=[-3.8810146 -1.0814074 -4.1022067][0m
[32m2026-06-29 18:02:01.328[0m | [1mINFO    [0m | [36menvs.hitter[0m:[36m_log_ball_planner_wait_state[0m:[36m694[0m - [1mWaiting for ball estimator: samples=0/31 visible=False ready=False pos=[-0.7339011  -0.75615054  0.51919276] vel=[-3.8810146 -1.0814074 -4.1022067][0m
[32m2026-06-29 18:02:01.830[0m | [1mINFO    [0m | [36menvs.hitter[0m:[36m_log_ball_planner_wait_state[0m:[36m694[0m - [1mWaiting for ball estimator: samples=0/31 visible=False ready=False pos=[-0.7339011  -0.75615054  0.51919276] vel=[-3.8810146 -1.0814074 -4.1022067][0m
[32m2026-06-29 18:02:02.333[0m | [1mINFO    [0m | [36menvs.hitter[0m:[36m_log_ball_planner_wait_state[0m:[36m694[0m - [1mWaiting for ball estimator: samples=0/31 visible=False ready=False pos=[-0.7339011  -0.75615054  0.51919276] vel=[-3.8810146 -1.0814074 -4.1022067][0m
[32m2026-06-29 18:02:02.838[0m | [1mINFO    [0m | [36menvs.hitter[0m:[36m_log_ball_planner_wait_state[0m:[36m694[0m - [1mWaiting for ball estimator: samples=0/31 visible=False ready=False pos=[-0.7339011  -0.75615054  0.51919276] vel=[-3.8810146 -1.0814074 -4.1022067][0m
[32m2026-06-29 18:02:03.356[0m | [1mINFO    [0m | [36menvs.hitter[0m:[36m_log_ball_planner_wait_state[0m:[36m694[0m - [1mWaiting for ball estimator: samples=0/31 visible=False ready=False pos=[-0.7339011  -0.75615054  0.51919276] vel=[-3.8810146 -1.0814074 -4.1022067][0m
[32m2026-06-29 18:02:03.858[0m | [1mINFO    [0m | [36menvs.hitter[0m:[36m_log_ball_planner_wait_state[0m:[36m694[0m - [1mWaiting for ball estimator: samples=0/31 visible=False ready=False pos=[-0.7339011  -0.75615054  0.51919276] vel=[-3.8810146 -1.0814074 -4.1022067][0m
[32m2026-06-29 18:02:04.361[0m | [1mINFO    [0m | [36menvs.hitter[0m:[36m_log_ball_planner_wait_state[0m:[36m694[0m - [1mWaiting for ball estimator: samples=0/31 visible=False ready=False pos=[-0.7339011  -0.75615054  0.51919276] vel=[-3.8810146 -1.0814074 -4.1022067][0m
[32m2026-06-29 18:02:04.601[0m | [33m[1mWARNING [0m | [36magents.loco_hitter_agent[0m:[36mrun[0m:[36m270[0m - [33m[1mStep timeout: -0.0230s[0m
[32m2026-06-29 18:02:04.865[0m | [1mINFO    [0m | [36menvs.hitter[0m:[36m_log_ball_planner_wait_state[0m:[36m694[0m - [1mWaiting for ball estimator: samples=0/31 visible=False ready=False pos=[-0.7339011  -0.75615054  0.51919276] vel=[-3.8810146 -1.0814074 -4.1022067][0m
[32m2026-06-29 18:02:05.370[0m | [1mINFO    [0m | [36menvs.hitter[0m:[36m_log_ball_planner_wait_state[0m:[36m694[0m - [1mWaiting for ball estimator: samples=0/31 visible=False ready=False pos=[-0.7339011  -0.75615054  0.51919276] vel=[-3.8810146 -1.0814074 -4.1022067][0m
[32m2026-06-29 18:02:05.870[0m | [1mINFO    [0m | [36menvs.hitter[0m:[36m_log_ball_planner_wait_state[0m:[36m694[0m - [1mWaiting for ball estimator: samples=0/31 visible=False ready=False pos=[-0.7339011  -0.75615054  0.51919276] vel=[-3.8810146 -1.0814074 -4.1022067][0m
[32m2026-06-29 18:02:06.371[0m | [1mINFO    [0m | [36menvs.hitter[0m:[36m_log_ball_planner_wait_state[0m:[36m694[0m - [1mWaiting for ball estimator: samples=0/31 visible=False ready=False pos=[-0.7339011  -0.75615054  0.51919276] vel=[-3.8810146 -1.0814074 -4.1022067][0m
[32m2026-06-29 18:02:06.873[0m | [1mINFO    [0m | [36menvs.hitter[0m:[36m_log_ball_planner_wait_state[0m:[36m694[0m - [1mWaiting for ball estimator: samples=0/31 visible=False ready=False pos=[-0.7339011  -0.75615054  0.51919276] vel=[-3.8810146 -1.0814074 -4.1022067][0m
[32m2026-06-29 18:02:07.375[0m | [1mINFO    [0m | [36menvs.hitter[0m:[36m_log_ball_planner_wait_state[0m:[36m694[0m - [1mWaiting for ball estimator: samples=0/31 visible=False ready=False pos=[-0.7339011  -0.75615054  0.51919276] vel=[-3.8810146 -1.0814074 -4.1022067][0m
[32m2026-06-29 18:02:07.877[0m | [1mINFO    [0m | [36menvs.hitter[0m:[36m_log_ball_planner_wait_state[0m:[36m694[0m - [1mWaiting for ball estimator: samples=0/31 visible=False ready=False pos=[-0.7339011  -0.75615054  0.51919276] vel=[-3.8810146 -1.0814074 -4.1022067][0m
[32m2026-06-29 18:02:08.379[0m | [1mINFO    [0m | [36menvs.hitter[0m:[36m_log_ball_planner_wait_state[0m:[36m694[0m - [1mWaiting for ball estimator: samples=0/31 visible=False ready=False pos=[-0.7339011  -0.75615054  0.51919276] vel=[-3.8810146 -1.0814074 -4.1022067][0m
[32m2026-06-29 18:02:08.881[0m | [1mINFO    [0m | [36menvs.hitter[0m:[36m_log_ball_planner_wait_state[0m:[36m694[0m - [1mWaiting for ball estimator: samples=0/31 visible=False ready=False pos=[-0.7339011  -0.75615054  0.51919276] vel=[-3.8810146 -1.0814074 -4.1022067][0m
[32m2026-06-29 18:02:09.384[0m | [1mINFO    [0m | [36menvs.hitter[0m:[36m_log_ball_planner_wait_state[0m:[36m694[0m - [1mWaiting for ball estimator: samples=0/31 visible=False ready=False pos=[-0.7339011  -0.75615054  0.51919276] vel=[-3.8810146 -1.0814074 -4.1022067][0m
[32m2026-06-29 18:02:09.887[0m | [1mINFO    [0m | [36menvs.hitter[0m:[36m_log_ball_planner_wait_state[0m:[36m694[0m - [1mWaiting for ball estimator: samples=0/31 visible=False ready=False pos=[-0.7339011  -0.75615054  0.51919276] vel=[-3.8810146 -1.0814074 -4.1022067][0m
[32m2026-06-29 18:02:10.407[0m | [1mINFO    [0m | [36menvs.hitter[0m:[36m_log_ball_planner_wait_state[0m:[36m694[0m - [1mWaiting for ball estimator: samples=0/31 visible=False ready=False pos=[-0.7339011  -0.75615054  0.51919276] vel=[-3.8810146 -1.0814074 -4.1022067][0m
[32m2026-06-29 18:02:10.908[0m | [1mINFO    [0m | [36menvs.hitter[0m:[36m_log_ball_planner_wait_state[0m:[36m694[0m - [1mWaiting for ball estimator: samples=0/31 visible=False ready=False pos=[-0.7339011  -0.75615054  0.51919276] vel=[-3.8810146 -1.0814074 -4.1022067][0m
[32m2026-06-29 18:02:11.410[0m | [1mINFO    [0m | [36menvs.hitter[0m:[36m_log_ball_planner_wait_state[0m:[36m694[0m - [1mWaiting for ball estimator: samples=0/31 visible=False ready=False pos=[-0.7339011  -0.75615054  0.51919276] vel=[-3.8810146 -1.0814074 -4.1022067][0m
[32m2026-06-29 18:02:11.912[0m | [1mINFO    [0m | [36menvs.hitter[0m:[36m_log_ball_planner_wait_state[0m:[36m694[0m - [1mWaiting for ball estimator: samples=0/31 visible=False ready=False pos=[-0.7339011  -0.75615054  0.51919276] vel=[-3.8810146 -1.0814074 -4.1022067][0m
[32m2026-06-29 18:02:12.230[0m | [33m[1mWARNING [0m | [36magents.loco_hitter_agent[0m:[36mrun[0m:[36m270[0m - [33m[1mStep timeout: -0.0008s[0m
[32m2026-06-29 18:02:12.295[0m | [33m[1mWARNING [0m | [36magents.loco_hitter_agent[0m:[36mrun[0m:[36m270[0m - [33m[1mStep timeout: -0.0046s[0m
[32m2026-06-29 18:02:12.419[0m | [1mINFO    [0m | [36menvs.hitter[0m:[36m_log_ball_planner_wait_state[0m:[36m694[0m - [1mWaiting for ball estimator: samples=0/31 visible=False ready=False pos=[-0.7339011  -0.75615054  0.51919276] vel=[-3.8810146 -1.0814074 -4.1022067][0m
[32m2026-06-29 18:02:12.923[0m | [1mINFO    [0m | [36menvs.hitter[0m:[36m_log_ball_planner_wait_state[0m:[36m694[0m - [1mWaiting for ball estimator: samples=0/31 visible=False ready=False pos=[-0.7339011  -0.75615054  0.51919276] vel=[-3.8810146 -1.0814074 -4.1022067][0m
[32m2026-06-29 18:02:13.424[0m | [1mINFO    [0m | [36menvs.hitter[0m:[36m_log_ball_planner_wait_state[0m:[36m694[0m - [1mWaiting for ball estimator: samples=0/31 visible=False ready=False pos=[-0.7339011  -0.75615054  0.51919276] vel=[-3.8810146 -1.0814074 -4.1022067][0m
[32m2026-06-29 18:02:13.925[0m | [1mINFO    [0m | [36menvs.hitter[0m:[36m_log_ball_planner_wait_state[0m:[36m694[0m - [1mWaiting for ball estimator: samples=0/31 visible=False ready=False pos=[-0.7339011  -0.75615054  0.51919276] vel=[-3.8810146 -1.0814074 -4.1022067][0m
[32m2026-06-29 18:02:14.427[0m | [1mINFO    [0m | [36menvs.hitter[0m:[36m_log_ball_planner_wait_state[0m:[36m694[0m - [1mWaiting for ball estimator: samples=0/31 visible=False ready=False pos=[-0.7339011  -0.75615054  0.51919276] vel=[-3.8810146 -1.0814074 -4.1022067][0m
[32m2026-06-29 18:02:14.929[0m | [1mINFO    [0m | [36menvs.hitter[0m:[36m_log_ball_planner_wait_state[0m:[36m694[0m - [1mWaiting for ball estimator: samples=0/31 visible=False ready=False pos=[-0.7339011  -0.75615054  0.51919276] vel=[-3.8810146 -1.0814074 -4.1022067][0m
[32m2026-06-29 18:02:15.431[0m | [1mINFO    [0m | [36menvs.hitter[0m:[36m_log_ball_planner_wait_state[0m:[36m694[0m - [1mWaiting for ball estimator: samples=0/31 visible=False ready=False pos=[-0.7339011  -0.75615054  0.51919276] vel=[-3.8810146 -1.0814074 -4.1022067][0m
[32m2026-06-29 18:02:15.933[0m | [1mINFO    [0m | [36menvs.hitter[0m:[36m_log_ball_planner_wait_state[0m:[36m694[0m - [1mWaiting for ball estimator: samples=0/31 visible=False ready=False pos=[-0.7339011  -0.75615054  0.51919276] vel=[-3.8810146 -1.0814074 -4.1022067][0m
[32m2026-06-29 18:02:16.435[0m | [1mINFO    [0m | [36menvs.hitter[0m:[36m_log_ball_planner_wait_state[0m:[36m694[0m - [1mWaiting for ball estimator: samples=0/31 visible=False ready=False pos=[-0.7339011  -0.75615054  0.51919276] vel=[-3.8810146 -1.0814074 -4.1022067][0m
[32m2026-06-29 18:02:16.937[0m | [1mINFO    [0m | [36menvs.hitter[0m:[36m_log_ball_planner_wait_state[0m:[36m694[0m - [1mWaiting for ball estimator: samples=0/31 visible=False ready=False pos=[-0.7339011  -0.75615054  0.51919276] vel=[-3.8810146 -1.0814074 -4.1022067][0m
[32m2026-06-29 18:02:17.440[0m | [1mINFO    [0m | [36menvs.hitter[0m:[36m_log_ball_planner_wait_state[0m:[36m694[0m - [1mWaiting for ball estimator: samples=0/31 visible=False ready=False pos=[-0.7339011  -0.75615054  0.51919276] vel=[-3.8810146 -1.0814074 -4.1022067][0m
[32m2026-06-29 18:02:17.818[0m | [33m[1mWARNING [0m | [36magents.loco_hitter_agent[0m:[36mrun[0m:[36m270[0m - [33m[1mStep timeout: -0.0204s[0m
[32m2026-06-29 18:02:17.942[0m | [1mINFO    [0m | [36menvs.hitter[0m:[36m_log_ball_planner_wait_state[0m:[36m694[0m - [1mWaiting for ball estimator: samples=0/31 visible=False ready=False pos=[-0.7339011  -0.75615054  0.51919276] vel=[-3.8810146 -1.0814074 -4.1022067][0m
[32m2026-06-29 18:02:18.443[0m | [1mINFO    [0m | [36menvs.hitter[0m:[36m_log_ball_planner_wait_state[0m:[36m694[0m - [1mWaiting for ball estimator: samples=0/31 visible=False ready=False pos=[-0.7339011  -0.75615054  0.51919276] vel=[-3.8810146 -1.0814074 -4.1022067][0m
[32m2026-06-29 18:02:18.945[0m | [1mINFO    [0m | [36menvs.hitter[0m:[36m_log_ball_planner_wait_state[0m:[36m694[0m - [1mWaiting for ball estimator: samples=0/31 visible=False ready=False pos=[-0.7339011  -0.75615054  0.51919276] vel=[-3.8810146 -1.0814074 -4.1022067][0m
[32m2026-06-29 18:02:19.447[0m | [1mINFO    [0m | [36menvs.hitter[0m:[36m_log_ball_planner_wait_state[0m:[36m694[0m - [1mWaiting for ball estimator: samples=0/31 visible=False ready=False pos=[-0.7339011  -0.75615054  0.51919276] vel=[-3.8810146 -1.0814074 -4.1022067][0m
[32m2026-06-29 18:02:19.948[0m | [1mINFO    [0m | [36menvs.hitter[0m:[36m_log_ball_planner_wait_state[0m:[36m694[0m - [1mWaiting for ball estimator: samples=0/31 visible=False ready=False pos=[-0.7339011  -0.75615054  0.51919276] vel=[-3.8810146 -1.0814074 -4.1022067][0m
[32m2026-06-29 18:02:20.408[0m | [33m[1mWARNING [0m | [36magents.loco_hitter_agent[0m:[36mrun[0m:[36m270[0m - [33m[1mStep timeout: -0.0016s[0m
[32m2026-06-29 18:02:20.455[0m | [1mINFO    [0m | [36menvs.hitter[0m:[36m_log_ball_planner_wait_state[0m:[36m694[0m - [1mWaiting for ball estimator: samples=0/31 visible=False ready=False pos=[-0.7339011  -0.75615054  0.51919276] vel=[-3.8810146 -1.0814074 -4.1022067][0m
[32m2026-06-29 18:02:20.974[0m | [1mINFO    [0m | [36menvs.hitter[0m:[36m_log_ball_planner_wait_state[0m:[36m694[0m - [1mWaiting for ball estimator: samples=0/31 visible=False ready=False pos=[-0.7339011  -0.75615054  0.51919276] vel=[-3.8810146 -1.0814074 -4.1022067][0m
[32m2026-06-29 18:02:21.476[0m | [1mINFO    [0m | [36menvs.hitter[0m:[36m_log_ball_planner_wait_state[0m:[36m694[0m - [1mWaiting for ball estimator: samples=0/31 visible=False ready=False pos=[-0.7339011  -0.75615054  0.51919276] vel=[-3.8810146 -1.0814074 -4.1022067][0m
[32m2026-06-29 18:02:21.978[0m | [1mINFO    [0m | [36menvs.hitter[0m:[36m_log_ball_planner_wait_state[0m:[36m694[0m - [1mWaiting for ball estimator: samples=0/31 visible=False ready=False pos=[-0.7339011  -0.75615054  0.51919276] vel=[-3.8810146 -1.0814074 -4.1022067][0m
[32m2026-06-29 18:02:22.480[0m | [1mINFO    [0m | [36menvs.hitter[0m:[36m_log_ball_planner_wait_state[0m:[36m694[0m - [1mWaiting for ball estimator: samples=0/31 visible=False ready=False pos=[-0.7339011  -0.75615054  0.51919276] vel=[-3.8810146 -1.0814074 -4.1022067][0m
[32m2026-06-29 18:02:22.981[0m | [1mINFO    [0m | [36menvs.hitter[0m:[36m_log_ball_planner_wait_state[0m:[36m694[0m - [1mWaiting for ball estimator: samples=0/31 visible=False ready=False pos=[-0.7339011  -0.75615054  0.51919276] vel=[-3.8810146 -1.0814074 -4.1022067][0m
[32m2026-06-29 18:02:23.483[0m | [1mINFO    [0m | [36menvs.hitter[0m:[36m_log_ball_planner_wait_state[0m:[36m694[0m - [1mWaiting for ball estimator: samples=0/31 visible=False ready=False pos=[-0.7339011  -0.75615054  0.51919276] vel=[-3.8810146 -1.0814074 -4.1022067][0m
[32m2026-06-29 18:02:23.985[0m | [1mINFO    [0m | [36menvs.hitter[0m:[36m_log_ball_planner_wait_state[0m:[36m694[0m - [1mWaiting for ball estimator: samples=0/31 visible=False ready=False pos=[-0.7339011  -0.75615054  0.51919276] vel=[-3.8810146 -1.0814074 -4.1022067][0m
[32m2026-06-29 18:02:24.487[0m | [1mINFO    [0m | [36menvs.hitter[0m:[36m_log_ball_planner_wait_state[0m:[36m694[0m - [1mWaiting for ball estimator: samples=0/31 visible=False ready=False pos=[-0.7339011  -0.75615054  0.51919276] vel=[-3.8810146 -1.0814074 -4.1022067][0m
[32m2026-06-29 18:02:24.989[0m | [1mINFO    [0m | [36menvs.hitter[0m:[36m_log_ball_planner_wait_state[0m:[36m694[0m - [1mWaiting for ball estimator: samples=0/31 visible=False ready=False pos=[-0.7339011  -0.75615054  0.51919276] vel=[-3.8810146 -1.0814074 -4.1022067][0m
[32m2026-06-29 18:02:25.491[0m | [1mINFO    [0m | [36menvs.hitter[0m:[36m_log_ball_planner_wait_state[0m:[36m694[0m - [1mWaiting for ball estimator: samples=0/31 visible=False ready=False pos=[-0.7339011  -0.75615054  0.51919276] vel=[-3.8810146 -1.0814074 -4.1022067][0m
[32m2026-06-29 18:02:25.993[0m | [1mINFO    [0m | [36menvs.hitter[0m:[36m_log_ball_planner_wait_state[0m:[36m694[0m - [1mWaiting for ball estimator: samples=0/31 visible=False ready=False pos=[-0.7339011  -0.75615054  0.51919276] vel=[-3.8810146 -1.0814074 -4.1022067][0m
[32m2026-06-29 18:02:26.495[0m | [1mINFO    [0m | [36menvs.hitter[0m:[36m_log_ball_planner_wait_state[0m:[36m694[0m - [1mWaiting for ball estimator: samples=0/31 visible=False ready=False pos=[-0.7339011  -0.75615054  0.51919276] vel=[-3.8810146 -1.0814074 -4.1022067][0m
[32m2026-06-29 18:02:26.997[0m | [1mINFO    [0m | [36menvs.hitter[0m:[36m_log_ball_planner_wait_state[0m:[36m694[0m - [1mWaiting for ball estimator: samples=0/31 visible=False ready=False pos=[-0.7339011  -0.75615054  0.51919276] vel=[-3.8810146 -1.0814074 -4.1022067][0m
[32m2026-06-29 18:02:27.499[0m | [1mINFO    [0m | [36menvs.hitter[0m:[36m_log_ball_planner_wait_state[0m:[36m694[0m - [1mWaiting for ball estimator: samples=0/31 visible=False ready=False pos=[-0.7339011  -0.75615054  0.51919276] vel=[-3.8810146 -1.0814074 -4.1022067][0m
[32m2026-06-29 18:02:28.000[0m | [1mINFO    [0m | [36menvs.hitter[0m:[36m_log_ball_planner_wait_state[0m:[36m694[0m - [1mWaiting for ball estimator: samples=0/31 visible=False ready=False pos=[-0.7339011  -0.75615054  0.51919276] vel=[-3.8810146 -1.0814074 -4.1022067][0m
[32m2026-06-29 18:02:28.502[0m | [1mINFO    [0m | [36menvs.hitter[0m:[36m_log_ball_planner_wait_state[0m:[36m694[0m - [1mWaiting for ball estimator: samples=0/31 visible=False ready=False pos=[-0.7339011  -0.75615054  0.51919276] vel=[-3.8810146 -1.0814074 -4.1022067][0m
[32m2026-06-29 18:02:29.005[0m | [1mINFO    [0m | [36menvs.hitter[0m:[36m_log_ball_planner_wait_state[0m:[36m694[0m - [1mWaiting for ball estimator: samples=0/31 visible=False ready=False pos=[-0.7339011  -0.75615054  0.51919276] vel=[-3.8810146 -1.0814074 -4.1022067][0m
[32m2026-06-29 18:02:29.506[0m | [1mINFO    [0m | [36menvs.hitter[0m:[36m_log_ball_planner_wait_state[0m:[36m694[0m - [1mWaiting for ball estimator: samples=0/31 visible=False ready=False pos=[-0.7339011  -0.75615054  0.51919276] vel=[-3.8810146 -1.0814074 -4.1022067][0m
[32m2026-06-29 18:02:30.011[0m | [1mINFO    [0m | [36menvs.hitter[0m:[36m_log_ball_planner_wait_state[0m:[36m694[0m - [1mWaiting for ball estimator: samples=0/31 visible=False ready=False pos=[-0.7339011  -0.75615054  0.51919276] vel=[-3.8810146 -1.0814074 -4.1022067][0m
[32m2026-06-29 18:02:30.531[0m | [1mINFO    [0m | [36menvs.hitter[0m:[36m_log_ball_planner_wait_state[0m:[36m694[0m - [1mWaiting for ball estimator: samples=0/31 visible=False ready=False pos=[-0.7339011  -0.75615054  0.51919276] vel=[-3.8810146 -1.0814074 -4.1022067][0m
[32m2026-06-29 18:02:31.014[0m | [33m[1mWARNING [0m | [36magents.loco_hitter_agent[0m:[36mrun[0m:[36m270[0m - [33m[1mStep timeout: -0.0258s[0m
[32m2026-06-29 18:02:31.038[0m | [1mINFO    [0m | [36menvs.hitter[0m:[36m_log_ball_planner_wait_state[0m:[36m694[0m - [1mWaiting for ball estimator: samples=0/31 visible=False ready=False pos=[-0.7339011  -0.75615054  0.51919276] vel=[-3.8810146 -1.0814074 -4.1022067][0m
[32m2026-06-29 18:02:31.540[0m | [1mINFO    [0m | [36menvs.hitter[0m:[36m_log_ball_planner_wait_state[0m:[36m694[0m - [1mWaiting for ball estimator: samples=0/31 visible=False ready=False pos=[-0.7339011  -0.75615054  0.51919276] vel=[-3.8810146 -1.0814074 -4.1022067][0m
[32m2026-06-29 18:02:31.584[0m | [33m[1mWARNING [0m | [36magents.loco_hitter_agent[0m:[36mrun[0m:[36m270[0m - [33m[1mStep timeout: -0.0076s[0m
[32m2026-06-29 18:02:32.049[0m | [1mINFO    [0m | [36menvs.hitter[0m:[36m_log_ball_planner_wait_state[0m:[36m694[0m - [1mWaiting for ball estimator: samples=0/31 visible=False ready=False pos=[-0.7339011  -0.75615054  0.51919276] vel=[-3.8810146 -1.0814074 -4.1022067][0m
[32m2026-06-29 18:02:32.551[0m | [1mINFO    [0m | [36menvs.hitter[0m:[36m_log_ball_planner_wait_state[0m:[36m694[0m - [1mWaiting for ball estimator: samples=0/31 visible=False ready=False pos=[-0.7339011  -0.75615054  0.51919276] vel=[-3.8810146 -1.0814074 -4.1022067][0m
[32m2026-06-29 18:02:33.053[0m | [1mINFO    [0m | [36menvs.hitter[0m:[36m_log_ball_planner_wait_state[0m:[36m694[0m - [1mWaiting for ball estimator: samples=0/31 visible=False ready=False pos=[-0.7339011  -0.75615054  0.51919276] vel=[-3.8810146 -1.0814074 -4.1022067][0m
[32m2026-06-29 18:02:33.201[0m | [33m[1mWARNING [0m | [36magents.loco_hitter_agent[0m:[36mrun[0m:[36m270[0m - [33m[1mStep timeout: -0.0106s[0m
[32m2026-06-29 18:02:33.566[0m | [1mINFO    [0m | [36menvs.hitter[0m:[36m_log_ball_planner_wait_state[0m:[36m694[0m - [1mWaiting for ball estimator: samples=0/31 visible=False ready=False pos=[-0.7339011  -0.75615054  0.51919276] vel=[-3.8810146 -1.0814074 -4.1022067][0m
[32m2026-06-29 18:02:34.011[0m | [33m[1mWARNING [0m | [36magents.loco_hitter_agent[0m:[36mrun[0m:[36m270[0m - [33m[1mStep timeout: -0.0072s[0m
[32m2026-06-29 18:02:34.076[0m | [1mINFO    [0m | [36menvs.hitter[0m:[36m_log_ball_planner_wait_state[0m:[36m694[0m - [1mWaiting for ball estimator: samples=0/31 visible=False ready=False pos=[-0.7339011  -0.75615054  0.51919276] vel=[-3.8810146 -1.0814074 -4.1022067][0m
[32m2026-06-29 18:02:34.577[0m | [1mINFO    [0m | [36menvs.hitter[0m:[36m_log_ball_planner_wait_state[0m:[36m694[0m - [1mWaiting for ball estimator: samples=0/31 visible=False ready=False pos=[-0.7339011  -0.75615054  0.51919276] vel=[-3.8810146 -1.0814074 -4.1022067][0m
[32m2026-06-29 18:02:35.079[0m | [1mINFO    [0m | [36menvs.hitter[0m:[36m_log_ball_planner_wait_state[0m:[36m694[0m - [1mWaiting for ball estimator: samples=0/31 visible=False ready=False pos=[-0.7339011  -0.75615054  0.51919276] vel=[-3.8810146 -1.0814074 -4.1022067][0m
[32m2026-06-29 18:02:35.581[0m | [1mINFO    [0m | [36menvs.hitter[0m:[36m_log_ball_planner_wait_state[0m:[36m694[0m - [1mWaiting for ball estimator: samples=0/31 visible=False ready=False pos=[-0.7339011  -0.75615054  0.51919276] vel=[-3.8810146 -1.0814074 -4.1022067][0m
[32m2026-06-29 18:02:36.083[0m | [1mINFO    [0m | [36menvs.hitter[0m:[36m_log_ball_planner_wait_state[0m:[36m694[0m - [1mWaiting for ball estimator: samples=0/31 visible=False ready=False pos=[-0.7339011  -0.75615054  0.51919276] vel=[-3.8810146 -1.0814074 -4.1022067][0m
[32m2026-06-29 18:02:36.585[0m | [1mINFO    [0m | [36menvs.hitter[0m:[36m_log_ball_planner_wait_state[0m:[36m694[0m - [1mWaiting for ball estimator: samples=0/31 visible=False ready=False pos=[-0.7339011  -0.75615054  0.51919276] vel=[-3.8810146 -1.0814074 -4.1022067][0m
[32m2026-06-29 18:02:37.087[0m | [1mINFO    [0m | [36menvs.hitter[0m:[36m_log_ball_planner_wait_state[0m:[36m694[0m - [1mWaiting for ball estimator: samples=0/31 visible=False ready=False pos=[-0.7339011  -0.75615054  0.51919276] vel=[-3.8810146 -1.0814074 -4.1022067][0m
[32m2026-06-29 18:02:37.588[0m | [1mINFO    [0m | [36menvs.hitter[0m:[36m_log_ball_planner_wait_state[0m:[36m694[0m - [1mWaiting for ball estimator: samples=0/31 visible=False ready=False pos=[-0.7339011  -0.75615054  0.51919276] vel=[-3.8810146 -1.0814074 -4.1022067][0m
[32m2026-06-29 18:02:38.091[0m | [1mINFO    [0m | [36menvs.hitter[0m:[36m_log_ball_planner_wait_state[0m:[36m694[0m - [1mWaiting for ball estimator: samples=0/31 visible=False ready=False pos=[-0.7339011  -0.75615054  0.51919276] vel=[-3.8810146 -1.0814074 -4.1022067][0m
[32m2026-06-29 18:02:38.593[0m | [1mINFO    [0m | [36menvs.hitter[0m:[36m_log_ball_planner_wait_state[0m:[36m694[0m - [1mWaiting for ball estimator: samples=0/31 visible=False ready=False pos=[-0.7339011  -0.75615054  0.51919276] vel=[-3.8810146 -1.0814074 -4.1022067][0m
[32m2026-06-29 18:02:39.094[0m | [1mINFO    [0m | [36menvs.hitter[0m:[36m_log_ball_planner_wait_state[0m:[36m694[0m - [1mWaiting for ball estimator: samples=0/31 visible=False ready=False pos=[-0.7339011  -0.75615054  0.51919276] vel=[-3.8810146 -1.0814074 -4.1022067][0m
[32m2026-06-29 18:02:39.596[0m | [1mINFO    [0m | [36menvs.hitter[0m:[36m_log_ball_planner_wait_state[0m:[36m694[0m - [1mWaiting for ball estimator: samples=0/31 visible=False ready=False pos=[-0.7339011  -0.75615054  0.51919276] vel=[-3.8810146 -1.0814074 -4.1022067][0m
[32m2026-06-29 18:02:40.098[0m | [1mINFO    [0m | [36menvs.hitter[0m:[36m_log_ball_planner_wait_state[0m:[36m694[0m - [1mWaiting for ball estimator: samples=0/31 visible=False ready=False pos=[-0.7339011  -0.75615054  0.51919276] vel=[-3.8810146 -1.0814074 -4.1022067][0m
[32m2026-06-29 18:02:40.600[0m | [1mINFO    [0m | [36menvs.hitter[0m:[36m_log_ball_planner_wait_state[0m:[36m694[0m - [1mWaiting for ball estimator: samples=0/31 visible=False ready=False pos=[-0.7339011  -0.75615054  0.51919276] vel=[-3.8810146 -1.0814074 -4.1022067][0m
[32m2026-06-29 18:02:41.102[0m | [1mINFO    [0m | [36menvs.hitter[0m:[36m_log_ball_planner_wait_state[0m:[36m694[0m - [1mWaiting for ball estimator: samples=0/31 visible=False ready=False pos=[-0.7339011  -0.75615054  0.51919276] vel=[-3.8810146 -1.0814074 -4.1022067][0m
[32m2026-06-29 18:02:41.603[0m | [1mINFO    [0m | [36menvs.hitter[0m:[36m_log_ball_planner_wait_state[0m:[36m694[0m - [1mWaiting for ball estimator: samples=0/31 visible=False ready=False pos=[-0.7339011  -0.75615054  0.51919276] vel=[-3.8810146 -1.0814074 -4.1022067][0m
[32m2026-06-29 18:02:42.105[0m | [1mINFO    [0m | [36menvs.hitter[0m:[36m_log_ball_planner_wait_state[0m:[36m694[0m - [1mWaiting for ball estimator: samples=0/31 visible=False ready=False pos=[-0.7339011  -0.75615054  0.51919276] vel=[-3.8810146 -1.0814074 -4.1022067][0m
[32m2026-06-29 18:02:42.607[0m | [1mINFO    [0m | [36menvs.hitter[0m:[36m_log_ball_planner_wait_state[0m:[36m694[0m - [1mWaiting for ball estimator: samples=0/31 visible=False ready=False pos=[-0.7339011  -0.75615054  0.51919276] vel=[-3.8810146 -1.0814074 -4.1022067][0m
[32m2026-06-29 18:02:43.112[0m | [1mINFO    [0m | [36menvs.hitter[0m:[36m_log_ball_planner_wait_state[0m:[36m694[0m - [1mWaiting for ball estimator: samples=0/31 visible=False ready=False pos=[-0.7339011  -0.75615054  0.51919276] vel=[-3.8810146 -1.0814074 -4.1022067][0m
[32m2026-06-29 18:02:43.634[0m | [1mINFO    [0m | [36menvs.hitter[0m:[36m_log_ball_planner_wait_state[0m:[36m694[0m - [1mWaiting for ball estimator: samples=0/31 visible=False ready=False pos=[-0.7339011  -0.75615054  0.51919276] vel=[-3.8810146 -1.0814074 -4.1022067][0m
[32m2026-06-29 18:02:44.153[0m | [1mINFO    [0m | [36menvs.hitter[0m:[36m_log_ball_planner_wait_state[0m:[36m694[0m - [1mWaiting for ball estimator: samples=0/31 visible=False ready=False pos=[-0.7339011  -0.75615054  0.51919276] vel=[-3.8810146 -1.0814074 -4.1022067][0m
[32m2026-06-29 18:02:44.249[0m | [33m[1mWARNING [0m | [36magents.loco_hitter_agent[0m:[36mrun[0m:[36m270[0m - [33m[1mStep timeout: -0.0197s[0m
[32m2026-06-29 18:02:44.654[0m | [1mINFO    [0m | [36menvs.hitter[0m:[36m_log_ball_planner_wait_state[0m:[36m694[0m - [1mWaiting for ball estimator: samples=0/31 visible=False ready=False pos=[-0.7339011  -0.75615054  0.51919276] vel=[-3.8810146 -1.0814074 -4.1022067][0m
[32m2026-06-29 18:02:45.156[0m | [1mINFO    [0m | [36menvs.hitter[0m:[36m_log_ball_planner_wait_state[0m:[36m694[0m - [1mWaiting for ball estimator: samples=0/31 visible=False ready=False pos=[-0.7339011  -0.75615054  0.51919276] vel=[-3.8810146 -1.0814074 -4.1022067][0m
[32m2026-06-29 18:02:45.658[0m | [1mINFO    [0m | [36menvs.hitter[0m:[36m_log_ball_planner_wait_state[0m:[36m694[0m - [1mWaiting for ball estimator: samples=0/31 visible=False ready=False pos=[-0.7339011  -0.75615054  0.51919276] vel=[-3.8810146 -1.0814074 -4.1022067][0m
[32m2026-06-29 18:02:46.159[0m | [1mINFO    [0m | [36menvs.hitter[0m:[36m_log_ball_planner_wait_state[0m:[36m694[0m - [1mWaiting for ball estimator: samples=0/31 visible=False ready=False pos=[-0.7339011  -0.75615054  0.51919276] vel=[-3.8810146 -1.0814074 -4.1022067][0m
[32m2026-06-29 18:02:46.664[0m | [1mINFO    [0m | [36menvs.hitter[0m:[36m_log_ball_planner_wait_state[0m:[36m694[0m - [1mWaiting for ball estimator: samples=0/31 visible=False ready=False pos=[-0.7339011  -0.75615054  0.51919276] vel=[-3.8810146 -1.0814074 -4.1022067][0m
[32m2026-06-29 18:02:47.183[0m | [1mINFO    [0m | [36menvs.hitter[0m:[36m_log_ball_planner_wait_state[0m:[36m694[0m - [1mWaiting for ball estimator: samples=0/31 visible=False ready=False pos=[-0.7339011  -0.75615054  0.51919276] vel=[-3.8810146 -1.0814074 -4.1022067][0m
[32m2026-06-29 18:02:47.685[0m | [1mINFO    [0m | [36menvs.hitter[0m:[36m_log_ball_planner_wait_state[0m:[36m694[0m - [1mWaiting for ball estimator: samples=0/31 visible=False ready=False pos=[-0.7339011  -0.75615054  0.51919276] vel=[-3.8810146 -1.0814074 -4.1022067][0m
[32m2026-06-29 18:02:48.187[0m | [1mINFO    [0m | [36menvs.hitter[0m:[36m_log_ball_planner_wait_state[0m:[36m694[0m - [1mWaiting for ball estimator: samples=0/31 visible=False ready=False pos=[-0.7339011  -0.75615054  0.51919276] vel=[-3.8810146 -1.0814074 -4.1022067][0m
[32m2026-06-29 18:02:48.689[0m | [1mINFO    [0m | [36menvs.hitter[0m:[36m_log_ball_planner_wait_state[0m:[36m694[0m - [1mWaiting for ball estimator: samples=0/31 visible=False ready=False pos=[-0.7339011  -0.75615054  0.51919276] vel=[-3.8810146 -1.0814074 -4.1022067][0m
[32m2026-06-29 18:02:49.191[0m | [1mINFO    [0m | [36menvs.hitter[0m:[36m_log_ball_planner_wait_state[0m:[36m694[0m - [1mWaiting for ball estimator: samples=0/31 visible=False ready=False pos=[-0.7339011  -0.75615054  0.51919276] vel=[-3.8810146 -1.0814074 -4.1022067][0m
[32m2026-06-29 18:02:49.694[0m | [1mINFO    [0m | [36menvs.hitter[0m:[36m_log_ball_planner_wait_state[0m:[36m694[0m - [1mWaiting for ball estimator: samples=0/31 visible=False ready=False pos=[-0.7339011  -0.75615054  0.51919276] vel=[-3.8810146 -1.0814074 -4.1022067][0m
[32m2026-06-29 18:02:50.196[0m | [1mINFO    [0m | [36menvs.hitter[0m:[36m_log_ball_planner_wait_state[0m:[36m694[0m - [1mWaiting for ball estimator: samples=0/31 visible=False ready=False pos=[-0.7339011  -0.75615054  0.51919276] vel=[-3.8810146 -1.0814074 -4.1022067][0m
[32m2026-06-29 18:02:50.697[0m | [1mINFO    [0m | [36menvs.hitter[0m:[36m_log_ball_planner_wait_state[0m:[36m694[0m - [1mWaiting for ball estimator: samples=0/31 visible=False ready=False pos=[-0.7339011  -0.75615054  0.51919276] vel=[-3.8810146 -1.0814074 -4.1022067][0m
[32m2026-06-29 18:02:51.200[0m | [1mINFO    [0m | [36menvs.hitter[0m:[36m_log_ball_planner_wait_state[0m:[36m694[0m - [1mWaiting for ball estimator: samples=0/31 visible=False ready=False pos=[-0.7339011  -0.75615054  0.51919276] vel=[-3.8810146 -1.0814074 -4.1022067][0m
[32m2026-06-29 18:02:51.702[0m | [1mINFO    [0m | [36menvs.hitter[0m:[36m_log_ball_planner_wait_state[0m:[36m694[0m - [1mWaiting for ball estimator: samples=0/31 visible=False ready=False pos=[-0.7339011  -0.75615054  0.51919276] vel=[-3.8810146 -1.0814074 -4.1022067][0m
[32m2026-06-29 18:02:52.204[0m | [1mINFO    [0m | [36menvs.hitter[0m:[36m_log_ball_planner_wait_state[0m:[36m694[0m - [1mWaiting for ball estimator: samples=0/31 visible=False ready=False pos=[-0.7339011  -0.75615054  0.51919276] vel=[-3.8810146 -1.0814074 -4.1022067][0m
[32m2026-06-29 18:02:52.705[0m | [1mINFO    [0m | [36menvs.hitter[0m:[36m_log_ball_planner_wait_state[0m:[36m694[0m - [1mWaiting for ball estimator: samples=0/31 visible=False ready=False pos=[-0.7339011  -0.75615054  0.51919276] vel=[-3.8810146 -1.0814074 -4.1022067][0m
[32m2026-06-29 18:02:52.932[0m | [33m[1mWARNING [0m | [36magents.loco_hitter_agent[0m:[36mrun[0m:[36m270[0m - [33m[1mStep timeout: -0.0088s[0m
[32m2026-06-29 18:02:53.216[0m | [1mINFO    [0m | [36menvs.hitter[0m:[36m_log_ball_planner_wait_state[0m:[36m694[0m - [1mWaiting for ball estimator: samples=0/31 visible=False ready=False pos=[-0.7339011  -0.75615054  0.51919276] vel=[-3.8810146 -1.0814074 -4.1022067][0m
[32m2026-06-29 18:02:53.718[0m | [1mINFO    [0m | [36menvs.hitter[0m:[36m_log_ball_planner_wait_state[0m:[36m694[0m - [1mWaiting for ball estimator: samples=0/31 visible=False ready=False pos=[-0.7339011  -0.75615054  0.51919276] vel=[-3.8810146 -1.0814074 -4.1022067][0m
[32m2026-06-29 18:02:54.219[0m | [1mINFO    [0m | [36menvs.hitter[0m:[36m_log_ball_planner_wait_state[0m:[36m694[0m - [1mWaiting for ball estimator: samples=0/31 visible=False ready=False pos=[-0.7339011  -0.75615054  0.51919276] vel=[-3.8810146 -1.0814074 -4.1022067][0m
[32m2026-06-29 18:02:54.721[0m | [1mINFO    [0m | [36menvs.hitter[0m:[36m_log_ball_planner_wait_state[0m:[36m694[0m - [1mWaiting for ball estimator: samples=0/31 visible=False ready=False pos=[-0.7339011  -0.75615054  0.51919276] vel=[-3.8810146 -1.0814074 -4.1022067][0m
[32m2026-06-29 18:02:55.223[0m | [1mINFO    [0m | [36menvs.hitter[0m:[36m_log_ball_planner_wait_state[0m:[36m694[0m - [1mWaiting for ball estimator: samples=0/31 visible=False ready=False pos=[-0.7339011  -0.75615054  0.51919276] vel=[-3.8810146 -1.0814074 -4.1022067][0m
[32m2026-06-29 18:02:55.725[0m | [1mINFO    [0m | [36menvs.hitter[0m:[36m_log_ball_planner_wait_state[0m:[36m694[0m - [1mWaiting for ball estimator: samples=0/31 visible=False ready=False pos=[-0.7339011  -0.75615054  0.51919276] vel=[-3.8810146 -1.0814074 -4.1022067][0m
[32m2026-06-29 18:02:56.226[0m | [1mINFO    [0m | [36menvs.hitter[0m:[36m_log_ball_planner_wait_state[0m:[36m694[0m - [1mWaiting for ball estimator: samples=0/31 visible=False ready=False pos=[-0.7339011  -0.75615054  0.51919276] vel=[-3.8810146 -1.0814074 -4.1022067][0m
[32m2026-06-29 18:02:56.728[0m | [1mINFO    [0m | [36menvs.hitter[0m:[36m_log_ball_planner_wait_state[0m:[36m694[0m - [1mWaiting for ball estimator: samples=0/31 visible=False ready=False pos=[-0.7339011  -0.75615054  0.51919276] vel=[-3.8810146 -1.0814074 -4.1022067][0m
[32m2026-06-29 18:02:57.230[0m | [1mINFO    [0m | [36menvs.hitter[0m:[36m_log_ball_planner_wait_state[0m:[36m694[0m - [1mWaiting for ball estimator: samples=0/31 visible=False ready=False pos=[-0.7339011  -0.75615054  0.51919276] vel=[-3.8810146 -1.0814074 -4.1022067][0m
[32m2026-06-29 18:02:57.448[0m | [33m[1mWARNING [0m | [36magents.loco_hitter_agent[0m:[36mrun[0m:[36m270[0m - [33m[1mStep timeout: -0.0209s[0m
[32m2026-06-29 18:02:57.733[0m | [1mINFO    [0m | [36menvs.hitter[0m:[36m_log_ball_planner_wait_state[0m:[36m694[0m - [1mWaiting for ball estimator: samples=0/31 visible=False ready=False pos=[-0.7339011  -0.75615054  0.51919276] vel=[-3.8810146 -1.0814074 -4.1022067][0m
[32m2026-06-29 18:02:58.236[0m | [1mINFO    [0m | [36menvs.hitter[0m:[36m_log_ball_planner_wait_state[0m:[36m694[0m - [1mWaiting for ball estimator: samples=0/31 visible=False ready=False pos=[-0.7339011  -0.75615054  0.51919276] vel=[-3.8810146 -1.0814074 -4.1022067][0m
[32m2026-06-29 18:02:58.737[0m | [1mINFO    [0m | [36menvs.hitter[0m:[36m_log_ball_planner_wait_state[0m:[36m694[0m - [1mWaiting for ball estimator: samples=0/31 visible=False ready=False pos=[-0.7339011  -0.75615054  0.51919276] vel=[-3.8810146 -1.0814074 -4.1022067][0m
[32m2026-06-29 18:02:58.900[0m | [1mINFO    [0m | [36menvs.hitter[0m:[36m_log_ball_planner_error[0m:[36m709[0m - [1mBall planner has no valid command yet: reason=ball trajectory does not cross hit plane x=0.000 within prediction horizon ball_pos_w=[ 2.6850853  -0.86547834  1.0901811 ] ball_vel_w=[ 0.40144655  0.7815622  -0.16965634] hit_plane_x=0.0[0m
[32m2026-06-29 18:02:59.336[0m | [33m[1mWARNING [0m | [36magents.loco_hitter_agent[0m:[36mrun[0m:[36m270[0m - [33m[1mStep timeout: -0.0005s[0m
[32m2026-06-29 18:02:59.404[0m | [1mINFO    [0m | [36menvs.hitter[0m:[36m_log_ball_planner_error[0m:[36m709[0m - [1mBall planner has no valid command yet: reason=ball trajectory does not cross hit plane x=0.000 within prediction horizon ball_pos_w=[ 2.9531553  -0.49741957  1.0657947 ] ball_vel_w=[ 0.25209603  0.7348887  -0.13561852] hit_plane_x=0.0[0m
[32m2026-06-29 18:02:59.721[0m | [1mINFO    [0m | [36menvs.hitter[0m:[36m_log_ball_planner_wait_state[0m:[36m694[0m - [1mWaiting for ball estimator: samples=0/31 visible=False ready=False pos=[ 2.998077  -0.3425514  1.0926267] vel=[0.03164057 0.2409011  0.18718813][0m
[32m2026-06-29 18:02:59.944[0m | [1mINFO    [0m | [36menvs.hitter[0m:[36m_log_ball_planner_error[0m:[36m709[0m - [1mBall planner has no valid command yet: reason=ball trajectory does not cross hit plane x=0.000 within prediction horizon ball_pos_w=[ 2.9463787  -0.30211383  1.1041293 ] ball_vel_w=[-0.48149955  0.13517298 -0.05857064] hit_plane_x=0.0[0m
[32m2026-06-29 18:03:00.446[0m | [1mINFO    [0m | [36menvs.hitter[0m:[36m_log_ball_planner_error[0m:[36m709[0m - [1mBall planner has no valid command yet: reason=ball trajectory does not cross hit plane x=0.000 within prediction horizon ball_pos_w=[ 2.7739918  -0.15649731  1.1909081 ] ball_vel_w=[-0.2067204   0.266708    0.04306174] hit_plane_x=0.0[0m
[32m2026-06-29 18:03:00.507[0m | [1mINFO    [0m | [36menvs.hitter[0m:[36m_log_ball_planner_wait_state[0m:[36m694[0m - [1mWaiting for ball estimator: samples=2/31 visible=True ready=False pos=[ 2.7631242  -0.14660911  1.1949492 ] vel=[-0.16050339  0.23574978  0.1065135 ][0m
[32m2026-06-29 18:03:01.026[0m | [1mINFO    [0m | [36menvs.hitter[0m:[36m_log_ball_planner_wait_state[0m:[36m694[0m - [1mWaiting for ball estimator: samples=0/31 visible=False ready=False pos=[ 2.7458634  -0.07875282  1.2335572 ] vel=[0. 0. 0.][0m
[32m2026-06-29 18:03:01.384[0m | [33m[1mWARNING [0m | [36magents.loco_hitter_agent[0m:[36mrun[0m:[36m270[0m - [33m[1mStep timeout: -0.0008s[0m
[32m2026-06-29 18:03:01.529[0m | [1mINFO    [0m | [36menvs.hitter[0m:[36m_log_ball_planner_wait_state[0m:[36m694[0m - [1mWaiting for ball estimator: samples=0/31 visible=False ready=False pos=[ 2.7082787  -0.03810005  1.2069885 ] vel=[0. 0. 0.][0m
[32m2026-06-29 18:03:01.892[0m | [1mINFO    [0m | [36menvs.hitter[0m:[36m_log_ball_planner_error[0m:[36m709[0m - [1mBall planner has no valid command yet: reason=ball trajectory does not cross hit plane x=0.000 within prediction horizon ball_pos_w=[ 2.5297034  -0.06034798  1.3004652 ] ball_vel_w=[-1.8851831  -0.11098921  0.7312422 ] hit_plane_x=0.0[0m
[32m2026-06-29 18:03:01.912[0m | [1mINFO    [0m | [36menvs.hitter[0m:[36m_apply_hitter_ball_planner_command[0m:[36m762[0m - [1mArmed HITTER command from ball: type=backhand, ball_in_vel=[-2.0747414   0.05127671 -0.73725414], ball_out_vel=[ 4.2708335  -0.00670457  1.4985951 ], base_pos_w=[-0.44604594 -0.09395707  0.793     ], racket_pos_w=[0.         0.00321819 1.1907864 ], racket_vel_w=[ 2.6        -0.01236352  0.4767568 ], tts=0.871s[0m
[32m2026-06-29 18:03:01.915[0m | [1mINFO    [0m | [36magents.loco_hitter_agent[0m:[36m_auto_arm_hitter_if_ready[0m:[36m230[0m - [1mValid ball command armed; switching to HITTER with tts=0.871s[0m
[32m2026-06-29 18:03:01.915[0m | [1mINFO    [0m | [36magents.loco_hitter_agent[0m:[36mswitch_to_hitter[0m:[36m134[0m - [1mSwitching locomotion -> HITTER[0m
[32m2026-06-29 18:03:02.130[0m | [1mINFO    [0m | [36menvs.loco_hitter[0m:[36mset_policy_mode[0m:[36m175[0m - [1mPolicy mode switched from locomotion to hitter[0m
[32m2026-06-29 18:03:02.414[0m | [1mINFO    [0m | [36msimulator.real_world[0m:[36m_vicon_state_handler[0m:[36m301[0m - [1m[RealWorld] Vicon ball table bounce detected; cleared polynomial fit buffer.[0m
[32m2026-06-29 18:03:02.953[0m | [1mINFO    [0m | [36magents.loco_hitter_agent[0m:[36mswitch_to_locomotion[0m:[36m124[0m - [1mSwitching HITTER -> locomotion[0m
[32m2026-06-29 18:03:02.953[0m | [1mINFO    [0m | [36menvs.loco_hitter[0m:[36mset_policy_mode[0m:[36m175[0m - [1mPolicy mode switched from hitter to locomotion[0m
[32m2026-06-29 18:03:03.519[0m | [1mINFO    [0m | [36menvs.hitter[0m:[36m_log_ball_planner_wait_state[0m:[36m694[0m - [1mWaiting for ball estimator: samples=0/31 visible=False ready=False pos=[-0.80009574  0.572271    1.3359871 ] vel=[-3.0023797  2.155706  -0.5305405][0m
[32m2026-06-29 18:03:04.020[0m | [1mINFO    [0m | [36menvs.hitter[0m:[36m_log_ball_planner_wait_state[0m:[36m694[0m - [1mWaiting for ball estimator: samples=0/31 visible=False ready=False pos=[-0.80009574  0.572271    1.3359871 ] vel=[-3.0023797  2.155706  -0.5305405][0m
[32m2026-06-29 18:03:04.522[0m | [1mINFO    [0m | [36menvs.hitter[0m:[36m_log_ball_planner_wait_state[0m:[36m694[0m - [1mWaiting for ball estimator: samples=0/31 visible=False ready=False pos=[-0.80009574  0.572271    1.3359871 ] vel=[-3.0023797  2.155706  -0.5305405][0m
[32m2026-06-29 18:03:05.023[0m | [1mINFO    [0m | [36menvs.hitter[0m:[36m_log_ball_planner_wait_state[0m:[36m694[0m - [1mWaiting for ball estimator: samples=0/31 visible=False ready=False pos=[-0.80009574  0.572271    1.3359871 ] vel=[-3.0023797  2.155706  -0.5305405][0m
[32m2026-06-29 18:03:05.528[0m | [1mINFO    [0m | [36menvs.hitter[0m:[36m_log_ball_planner_wait_state[0m:[36m694[0m - [1mWaiting for ball estimator: samples=0/31 visible=False ready=False pos=[-0.80009574  0.572271    1.3359871 ] vel=[-3.0023797  2.155706  -0.5305405][0m
[32m2026-06-29 18:03:06.047[0m | [1mINFO    [0m | [36menvs.hitter[0m:[36m_log_ball_planner_wait_state[0m:[36m694[0m - [1mWaiting for ball estimator: samples=0/31 visible=False ready=False pos=[-0.80009574  0.572271    1.3359871 ] vel=[-3.0023797  2.155706  -0.5305405][0m
[32m2026-06-29 18:03:06.549[0m | [1mINFO    [0m | [36menvs.hitter[0m:[36m_log_ball_planner_wait_state[0m:[36m694[0m - [1mWaiting for ball estimator: samples=0/31 visible=False ready=False pos=[-0.80009574  0.572271    1.3359871 ] vel=[-3.0023797  2.155706  -0.5305405][0m
[32m2026-06-29 18:03:07.051[0m | [1mINFO    [0m | [36menvs.hitter[0m:[36m_log_ball_planner_wait_state[0m:[36m694[0m - [1mWaiting for ball estimator: samples=0/31 visible=False ready=False pos=[-0.80009574  0.572271    1.3359871 ] vel=[-3.0023797  2.155706  -0.5305405][0m
[32m2026-06-29 18:03:07.553[0m | [1mINFO    [0m | [36menvs.hitter[0m:[36m_log_ball_planner_wait_state[0m:[36m694[0m - [1mWaiting for ball estimator: samples=0/31 visible=False ready=False pos=[-0.80009574  0.572271    1.3359871 ] vel=[-3.0023797  2.155706  -0.5305405][0m
[32m2026-06-29 18:03:08.055[0m | [1mINFO    [0m | [36menvs.hitter[0m:[36m_log_ball_planner_wait_state[0m:[36m694[0m - [1mWaiting for ball estimator: samples=0/31 visible=False ready=False pos=[-0.80009574  0.572271    1.3359871 ] vel=[-3.0023797  2.155706  -0.5305405][0m
[32m2026-06-29 18:03:08.557[0m | [1mINFO    [0m | [36menvs.hitter[0m:[36m_log_ball_planner_wait_state[0m:[36m694[0m - [1mWaiting for ball estimator: samples=0/31 visible=False ready=False pos=[-0.80009574  0.572271    1.3359871 ] vel=[-3.0023797  2.155706  -0.5305405][0m
[32m2026-06-29 18:03:09.059[0m | [1mINFO    [0m | [36menvs.hitter[0m:[36m_log_ball_planner_wait_state[0m:[36m694[0m - [1mWaiting for ball estimator: samples=0/31 visible=False ready=False pos=[-0.80009574  0.572271    1.3359871 ] vel=[-3.0023797  2.155706  -0.5305405][0m
[32m2026-06-29 18:03:09.561[0m | [1mINFO    [0m | [36menvs.hitter[0m:[36m_log_ball_planner_wait_state[0m:[36m694[0m - [1mWaiting for ball estimator: samples=0/31 visible=False ready=False pos=[-0.80009574  0.572271    1.3359871 ] vel=[-3.0023797  2.155706  -0.5305405][0m
[32m2026-06-29 18:03:09.745[0m | [33m[1mWARNING [0m | [36magents.loco_hitter_agent[0m:[36mrun[0m:[36m270[0m - [33m[1mStep timeout: -0.0071s[0m
[32m2026-06-29 18:03:09.768[0m | [33m[1mWARNING [0m | [36magents.loco_hitter_agent[0m:[36mrun[0m:[36m270[0m - [33m[1mStep timeout: -0.0025s[0m
[32m2026-06-29 18:03:10.074[0m | [1mINFO    [0m | [36menvs.hitter[0m:[36m_log_ball_planner_wait_state[0m:[36m694[0m - [1mWaiting for ball estimator: samples=0/31 visible=False ready=False pos=[-0.80009574  0.572271    1.3359871 ] vel=[-3.0023797  2.155706  -0.5305405][0m
[32m2026-06-29 18:03:10.575[0m | [1mINFO    [0m | [36menvs.hitter[0m:[36m_log_ball_planner_wait_state[0m:[36m694[0m - [1mWaiting for ball estimator: samples=0/31 visible=False ready=False pos=[-0.80009574  0.572271    1.3359871 ] vel=[-3.0023797  2.155706  -0.5305405][0m
[32m2026-06-29 18:03:11.077[0m | [1mINFO    [0m | [36menvs.hitter[0m:[36m_log_ball_planner_wait_state[0m:[36m694[0m - [1mWaiting for ball estimator: samples=0/31 visible=False ready=False pos=[-0.80009574  0.572271    1.3359871 ] vel=[-3.0023797  2.155706  -0.5305405][0m
[32m2026-06-29 18:03:11.579[0m | [1mINFO    [0m | [36menvs.hitter[0m:[36m_log_ball_planner_wait_state[0m:[36m694[0m - [1mWaiting for ball estimator: samples=0/31 visible=False ready=False pos=[-0.80009574  0.572271    1.3359871 ] vel=[-3.0023797  2.155706  -0.5305405][0m
[32m2026-06-29 18:03:12.081[0m | [1mINFO    [0m | [36menvs.hitter[0m:[36m_log_ball_planner_wait_state[0m:[36m694[0m - [1mWaiting for ball estimator: samples=0/31 visible=False ready=False pos=[-0.80009574  0.572271    1.3359871 ] vel=[-3.0023797  2.155706  -0.5305405][0m
[32m2026-06-29 18:03:12.299[0m | [33m[1mWARNING [0m | [36magents.loco_hitter_agent[0m:[36mrun[0m:[36m270[0m - [33m[1mStep timeout: -0.0206s[0m
[32m2026-06-29 18:03:12.583[0m | [1mINFO    [0m | [36menvs.hitter[0m:[36m_log_ball_planner_wait_state[0m:[36m694[0m - [1mWaiting for ball estimator: samples=0/31 visible=False ready=False pos=[-0.80009574  0.572271    1.3359871 ] vel=[-3.0023797  2.155706  -0.5305405][0m
[32m2026-06-29 18:03:13.085[0m | [1mINFO    [0m | [36menvs.hitter[0m:[36m_log_ball_planner_wait_state[0m:[36m694[0m - [1mWaiting for ball estimator: samples=0/31 visible=False ready=False pos=[-0.80009574  0.572271    1.3359871 ] vel=[-3.0023797  2.155706  -0.5305405][0m
[32m2026-06-29 18:03:13.587[0m | [1mINFO    [0m | [36menvs.hitter[0m:[36m_log_ball_planner_wait_state[0m:[36m694[0m - [1mWaiting for ball estimator: samples=0/31 visible=False ready=False pos=[-0.80009574  0.572271    1.3359871 ] vel=[-3.0023797  2.155706  -0.5305405][0m
[32m2026-06-29 18:03:14.089[0m | [1mINFO    [0m | [36menvs.hitter[0m:[36m_log_ball_planner_wait_state[0m:[36m694[0m - [1mWaiting for ball estimator: samples=0/31 visible=False ready=False pos=[-0.80009574  0.572271    1.3359871 ] vel=[-3.0023797  2.155706  -0.5305405][0m
[32m2026-06-29 18:03:14.591[0m | [1mINFO    [0m | [36menvs.hitter[0m:[36m_log_ball_planner_wait_state[0m:[36m694[0m - [1mWaiting for ball estimator: samples=0/31 visible=False ready=False pos=[-0.80009574  0.572271    1.3359871 ] vel=[-3.0023797  2.155706  -0.5305405][0m
[32m2026-06-29 18:03:15.093[0m | [1mINFO    [0m | [36menvs.hitter[0m:[36m_log_ball_planner_wait_state[0m:[36m694[0m - [1mWaiting for ball estimator: samples=0/31 visible=False ready=False pos=[-0.80009574  0.572271    1.3359871 ] vel=[-3.0023797  2.155706  -0.5305405][0m
[32m2026-06-29 18:03:15.594[0m | [1mINFO    [0m | [36menvs.hitter[0m:[36m_log_ball_planner_wait_state[0m:[36m694[0m - [1mWaiting for ball estimator: samples=0/31 visible=False ready=False pos=[-0.80009574  0.572271    1.3359871 ] vel=[-3.0023797  2.155706  -0.5305405][0m
[32m2026-06-29 18:03:16.096[0m | [1mINFO    [0m | [36menvs.hitter[0m:[36m_log_ball_planner_wait_state[0m:[36m694[0m - [1mWaiting for ball estimator: samples=0/31 visible=False ready=False pos=[-0.80009574  0.572271    1.3359871 ] vel=[-3.0023797  2.155706  -0.5305405][0m
[32m2026-06-29 18:03:16.601[0m | [1mINFO    [0m | [36menvs.hitter[0m:[36m_log_ball_planner_wait_state[0m:[36m694[0m - [1mWaiting for ball estimator: samples=0/31 visible=False ready=False pos=[-0.80009574  0.572271    1.3359871 ] vel=[-3.0023797  2.155706  -0.5305405][0m
[32m2026-06-29 18:03:17.103[0m | [1mINFO    [0m | [36menvs.hitter[0m:[36m_log_ball_planner_wait_state[0m:[36m694[0m - [1mWaiting for ball estimator: samples=0/31 visible=False ready=False pos=[-0.80009574  0.572271    1.3359871 ] vel=[-3.0023797  2.155706  -0.5305405][0m
[32m2026-06-29 18:03:17.623[0m | [1mINFO    [0m | [36menvs.hitter[0m:[36m_log_ball_planner_wait_state[0m:[36m694[0m - [1mWaiting for ball estimator: samples=0/31 visible=False ready=False pos=[-0.80009574  0.572271    1.3359871 ] vel=[-3.0023797  2.155706  -0.5305405][0m
[32m2026-06-29 18:03:18.125[0m | [1mINFO    [0m | [36menvs.hitter[0m:[36m_log_ball_planner_wait_state[0m:[36m694[0m - [1mWaiting for ball estimator: samples=0/31 visible=False ready=False pos=[-0.80009574  0.572271    1.3359871 ] vel=[-3.0023797  2.155706  -0.5305405][0m
[32m2026-06-29 18:03:18.627[0m | [1mINFO    [0m | [36menvs.hitter[0m:[36m_log_ball_planner_wait_state[0m:[36m694[0m - [1mWaiting for ball estimator: samples=0/31 visible=False ready=False pos=[-0.80009574  0.572271    1.3359871 ] vel=[-3.0023797  2.155706  -0.5305405][0m
[32m2026-06-29 18:03:19.128[0m | [1mINFO    [0m | [36menvs.hitter[0m:[36m_log_ball_planner_wait_state[0m:[36m694[0m - [1mWaiting for ball estimator: samples=0/31 visible=False ready=False pos=[-0.80009574  0.572271    1.3359871 ] vel=[-3.0023797  2.155706  -0.5305405][0m
[32m2026-06-29 18:03:19.630[0m | [1mINFO    [0m | [36menvs.hitter[0m:[36m_log_ball_planner_wait_state[0m:[36m694[0m - [1mWaiting for ball estimator: samples=0/31 visible=False ready=False pos=[-0.80009574  0.572271    1.3359871 ] vel=[-3.0023797  2.155706  -0.5305405][0m
[32m2026-06-29 18:03:20.132[0m | [1mINFO    [0m | [36menvs.hitter[0m:[36m_log_ball_planner_wait_state[0m:[36m694[0m - [1mWaiting for ball estimator: samples=0/31 visible=False ready=False pos=[-0.80009574  0.572271    1.3359871 ] vel=[-3.0023797  2.155706  -0.5305405][0m
[32m2026-06-29 18:03:20.634[0m | [1mINFO    [0m | [36menvs.hitter[0m:[36m_log_ball_planner_wait_state[0m:[36m694[0m - [1mWaiting for ball estimator: samples=0/31 visible=False ready=False pos=[-0.80009574  0.572271    1.3359871 ] vel=[-3.0023797  2.155706  -0.5305405][0m
[32m2026-06-29 18:03:21.136[0m | [1mINFO    [0m | [36menvs.hitter[0m:[36m_log_ball_planner_wait_state[0m:[36m694[0m - [1mWaiting for ball estimator: samples=0/31 visible=False ready=False pos=[-0.80009574  0.572271    1.3359871 ] vel=[-3.0023797  2.155706  -0.5305405][0m
[32m2026-06-29 18:03:21.638[0m | [1mINFO    [0m | [36menvs.hitter[0m:[36m_log_ball_planner_wait_state[0m:[36m694[0m - [1mWaiting for ball estimator: samples=0/31 visible=False ready=False pos=[-0.80009574  0.572271    1.3359871 ] vel=[-3.0023797  2.155706  -0.5305405][0m
[32m2026-06-29 18:03:22.140[0m | [1mINFO    [0m | [36menvs.hitter[0m:[36m_log_ball_planner_wait_state[0m:[36m694[0m - [1mWaiting for ball estimator: samples=0/31 visible=False ready=False pos=[-0.80009574  0.572271    1.3359871 ] vel=[-3.0023797  2.155706  -0.5305405][0m
[32m2026-06-29 18:03:22.641[0m | [1mINFO    [0m | [36menvs.hitter[0m:[36m_log_ball_planner_wait_state[0m:[36m694[0m - [1mWaiting for ball estimator: samples=0/31 visible=False ready=False pos=[-0.80009574  0.572271    1.3359871 ] vel=[-3.0023797  2.155706  -0.5305405][0m
[32m2026-06-29 18:03:23.145[0m | [1mINFO    [0m | [36menvs.hitter[0m:[36m_log_ball_planner_wait_state[0m:[36m694[0m - [1mWaiting for ball estimator: samples=0/31 visible=False ready=False pos=[-0.80009574  0.572271    1.3359871 ] vel=[-3.0023797  2.155706  -0.5305405][0m
[32m2026-06-29 18:03:23.646[0m | [1mINFO    [0m | [36menvs.hitter[0m:[36m_log_ball_planner_wait_state[0m:[36m694[0m - [1mWaiting for ball estimator: samples=0/31 visible=False ready=False pos=[-0.80009574  0.572271    1.3359871 ] vel=[-3.0023797  2.155706  -0.5305405][0m
[32m2026-06-29 18:03:24.148[0m | [1mINFO    [0m | [36menvs.hitter[0m:[36m_log_ball_planner_wait_state[0m:[36m694[0m - [1mWaiting for ball estimator: samples=0/31 visible=False ready=False pos=[-0.80009574  0.572271    1.3359871 ] vel=[-3.0023797  2.155706  -0.5305405][0m
[32m2026-06-29 18:03:24.650[0m | [1mINFO    [0m | [36menvs.hitter[0m:[36m_log_ball_planner_wait_state[0m:[36m694[0m - [1mWaiting for ball estimator: samples=0/31 visible=False ready=False pos=[-0.80009574  0.572271    1.3359871 ] vel=[-3.0023797  2.155706  -0.5305405][0m
[32m2026-06-29 18:03:25.068[0m | [33m[1mWARNING [0m | [36magents.loco_hitter_agent[0m:[36mrun[0m:[36m270[0m - [33m[1mStep timeout: -0.0199s[0m
[32m2026-06-29 18:03:25.152[0m | [1mINFO    [0m | [36menvs.hitter[0m:[36m_log_ball_planner_wait_state[0m:[36m694[0m - [1mWaiting for ball estimator: samples=0/31 visible=False ready=False pos=[-0.80009574  0.572271    1.3359871 ] vel=[-3.0023797  2.155706  -0.5305405][0m
[32m2026-06-29 18:03:25.654[0m | [1mINFO    [0m | [36menvs.hitter[0m:[36m_log_ball_planner_wait_state[0m:[36m694[0m - [1mWaiting for ball estimator: samples=0/31 visible=False ready=False pos=[-0.80009574  0.572271    1.3359871 ] vel=[-3.0023797  2.155706  -0.5305405][0m
[32m2026-06-29 18:03:26.156[0m | [1mINFO    [0m | [36menvs.hitter[0m:[36m_log_ball_planner_wait_state[0m:[36m694[0m - [1mWaiting for ball estimator: samples=0/31 visible=False ready=False pos=[-0.80009574  0.572271    1.3359871 ] vel=[-3.0023797  2.155706  -0.5305405][0m
[32m2026-06-29 18:03:26.658[0m | [1mINFO    [0m | [36menvs.hitter[0m:[36m_log_ball_planner_wait_state[0m:[36m694[0m - [1mWaiting for ball estimator: samples=0/31 visible=False ready=False pos=[-0.80009574  0.572271    1.3359871 ] vel=[-3.0023797  2.155706  -0.5305405][0m
[32m2026-06-29 18:03:27.160[0m | [1mINFO    [0m | [36menvs.hitter[0m:[36m_log_ball_planner_wait_state[0m:[36m694[0m - [1mWaiting for ball estimator: samples=0/31 visible=False ready=False pos=[-0.80009574  0.572271    1.3359871 ] vel=[-3.0023797  2.155706  -0.5305405][0m
[32m2026-06-29 18:03:27.662[0m | [1mINFO    [0m | [36menvs.hitter[0m:[36m_log_ball_planner_wait_state[0m:[36m694[0m - [1mWaiting for ball estimator: samples=0/31 visible=False ready=False pos=[-0.80009574  0.572271    1.3359871 ] vel=[-3.0023797  2.155706  -0.5305405][0m
[32m2026-06-29 18:03:28.163[0m | [1mINFO    [0m | [36menvs.hitter[0m:[36m_log_ball_planner_wait_state[0m:[36m694[0m - [1mWaiting for ball estimator: samples=0/31 visible=False ready=False pos=[-0.80009574  0.572271    1.3359871 ] vel=[-3.0023797  2.155706  -0.5305405][0m
[32m2026-06-29 18:03:28.666[0m | [1mINFO    [0m | [36menvs.hitter[0m:[36m_log_ball_planner_wait_state[0m:[36m694[0m - [1mWaiting for ball estimator: samples=0/31 visible=False ready=False pos=[-0.80009574  0.572271    1.3359871 ] vel=[-3.0023797  2.155706  -0.5305405][0m
[32m2026-06-29 18:03:29.167[0m | [1mINFO    [0m | [36menvs.hitter[0m:[36m_log_ball_planner_wait_state[0m:[36m694[0m - [1mWaiting for ball estimator: samples=0/31 visible=False ready=False pos=[-0.80009574  0.572271    1.3359871 ] vel=[-3.0023797  2.155706  -0.5305405][0m
[32m2026-06-29 18:03:29.669[0m | [1mINFO    [0m | [36menvs.hitter[0m:[36m_log_ball_planner_wait_state[0m:[36m694[0m - [1mWaiting for ball estimator: samples=0/31 visible=False ready=False pos=[-0.80009574  0.572271    1.3359871 ] vel=[-3.0023797  2.155706  -0.5305405][0m
[32m2026-06-29 18:03:30.171[0m | [1mINFO    [0m | [36menvs.hitter[0m:[36m_log_ball_planner_wait_state[0m:[36m694[0m - [1mWaiting for ball estimator: samples=0/31 visible=False ready=False pos=[-0.80009574  0.572271    1.3359871 ] vel=[-3.0023797  2.155706  -0.5305405][0m
[32m2026-06-29 18:03:30.673[0m | [1mINFO    [0m | [36menvs.hitter[0m:[36m_log_ball_planner_wait_state[0m:[36m694[0m - [1mWaiting for ball estimator: samples=0/31 visible=False ready=False pos=[-0.80009574  0.572271    1.3359871 ] vel=[-3.0023797  2.155706  -0.5305405][0m
[32m2026-06-29 18:03:31.175[0m | [1mINFO    [0m | [36menvs.hitter[0m:[36m_log_ball_planner_wait_state[0m:[36m694[0m - [1mWaiting for ball estimator: samples=0/31 visible=False ready=False pos=[-0.80009574  0.572271    1.3359871 ] vel=[-3.0023797  2.155706  -0.5305405][0m
[32m2026-06-29 18:03:31.677[0m | [1mINFO    [0m | [36menvs.hitter[0m:[36m_log_ball_planner_wait_state[0m:[36m694[0m - [1mWaiting for ball estimator: samples=0/31 visible=False ready=False pos=[-0.80009574  0.572271    1.3359871 ] vel=[-3.0023797  2.155706  -0.5305405][0m
[32m2026-06-29 18:03:32.179[0m | [1mINFO    [0m | [36menvs.hitter[0m:[36m_log_ball_planner_wait_state[0m:[36m694[0m - [1mWaiting for ball estimator: samples=0/31 visible=False ready=False pos=[-0.80009574  0.572271    1.3359871 ] vel=[-3.0023797  2.155706  -0.5305405][0m
[32m2026-06-29 18:03:32.681[0m | [1mINFO    [0m | [36menvs.hitter[0m:[36m_log_ball_planner_wait_state[0m:[36m694[0m - [1mWaiting for ball estimator: samples=0/31 visible=False ready=False pos=[-0.80009574  0.572271    1.3359871 ] vel=[-3.0023797  2.155706  -0.5305405][0m
[32m2026-06-29 18:03:33.183[0m | [1mINFO    [0m | [36menvs.hitter[0m:[36m_log_ball_planner_wait_state[0m:[36m694[0m - [1mWaiting for ball estimator: samples=0/31 visible=False ready=False pos=[-0.80009574  0.572271    1.3359871 ] vel=[-3.0023797  2.155706  -0.5305405][0m
[32m2026-06-29 18:03:33.685[0m | [1mINFO    [0m | [36menvs.hitter[0m:[36m_log_ball_planner_wait_state[0m:[36m694[0m - [1mWaiting for ball estimator: samples=0/31 visible=False ready=False pos=[-0.80009574  0.572271    1.3359871 ] vel=[-3.0023797  2.155706  -0.5305405][0m
[32m2026-06-29 18:03:34.188[0m | [1mINFO    [0m | [36menvs.hitter[0m:[36m_log_ball_planner_wait_state[0m:[36m694[0m - [1mWaiting for ball estimator: samples=0/31 visible=False ready=False pos=[-0.80009574  0.572271    1.3359871 ] vel=[-3.0023797  2.155706  -0.5305405][0m
[32m2026-06-29 18:03:34.690[0m | [1mINFO    [0m | [36menvs.hitter[0m:[36m_log_ball_planner_wait_state[0m:[36m694[0m - [1mWaiting for ball estimator: samples=0/31 visible=False ready=False pos=[-0.80009574  0.572271    1.3359871 ] vel=[-3.0023797  2.155706  -0.5305405][0m
[32m2026-06-29 18:03:35.192[0m | [1mINFO    [0m | [36menvs.hitter[0m:[36m_log_ball_planner_wait_state[0m:[36m694[0m - [1mWaiting for ball estimator: samples=0/31 visible=False ready=False pos=[-0.80009574  0.572271    1.3359871 ] vel=[-3.0023797  2.155706  -0.5305405][0m
[32m2026-06-29 18:03:35.693[0m | [1mINFO    [0m | [36menvs.hitter[0m:[36m_log_ball_planner_wait_state[0m:[36m694[0m - [1mWaiting for ball estimator: samples=0/31 visible=False ready=False pos=[-0.80009574  0.572271    1.3359871 ] vel=[-3.0023797  2.155706  -0.5305405][0m
[32m2026-06-29 18:03:36.195[0m | [1mINFO    [0m | [36menvs.hitter[0m:[36m_log_ball_planner_wait_state[0m:[36m694[0m - [1mWaiting for ball estimator: samples=0/31 visible=False ready=False pos=[-0.80009574  0.572271    1.3359871 ] vel=[-3.0023797  2.155706  -0.5305405][0m
[32m2026-06-29 18:03:36.697[0m | [1mINFO    [0m | [36menvs.hitter[0m:[36m_log_ball_planner_wait_state[0m:[36m694[0m - [1mWaiting for ball estimator: samples=0/31 visible=False ready=False pos=[-0.80009574  0.572271    1.3359871 ] vel=[-3.0023797  2.155706  -0.5305405][0m
[32m2026-06-29 18:03:37.199[0m | [1mINFO    [0m | [36menvs.hitter[0m:[36m_log_ball_planner_wait_state[0m:[36m694[0m - [1mWaiting for ball estimator: samples=0/31 visible=False ready=False pos=[-0.80009574  0.572271    1.3359871 ] vel=[-3.0023797  2.155706  -0.5305405][0m
[32m2026-06-29 18:03:37.701[0m | [1mINFO    [0m | [36menvs.hitter[0m:[36m_log_ball_planner_wait_state[0m:[36m694[0m - [1mWaiting for ball estimator: samples=0/31 visible=False ready=False pos=[-0.80009574  0.572271    1.3359871 ] vel=[-3.0023797  2.155706  -0.5305405][0m
[32m2026-06-29 18:03:37.998[0m | [33m[1mWARNING [0m | [36magents.loco_hitter_agent[0m:[36mrun[0m:[36m270[0m - [33m[1mStep timeout: -0.0198s[0m
[32m2026-06-29 18:03:38.203[0m | [1mINFO    [0m | [36menvs.hitter[0m:[36m_log_ball_planner_wait_state[0m:[36m694[0m - [1mWaiting for ball estimator: samples=0/31 visible=False ready=False pos=[-0.80009574  0.572271    1.3359871 ] vel=[-3.0023797  2.155706  -0.5305405][0m
[32m2026-06-29 18:03:38.704[0m | [1mINFO    [0m | [36menvs.hitter[0m:[36m_log_ball_planner_wait_state[0m:[36m694[0m - [1mWaiting for ball estimator: samples=0/31 visible=False ready=False pos=[-0.80009574  0.572271    1.3359871 ] vel=[-3.0023797  2.155706  -0.5305405][0m
[32m2026-06-29 18:03:39.206[0m | [1mINFO    [0m | [36menvs.hitter[0m:[36m_log_ball_planner_wait_state[0m:[36m694[0m - [1mWaiting for ball estimator: samples=0/31 visible=False ready=False pos=[-0.80009574  0.572271    1.3359871 ] vel=[-3.0023797  2.155706  -0.5305405][0m
[32m2026-06-29 18:03:39.708[0m | [1mINFO    [0m | [36menvs.hitter[0m:[36m_log_ball_planner_wait_state[0m:[36m694[0m - [1mWaiting for ball estimator: samples=0/31 visible=False ready=False pos=[-0.80009574  0.572271    1.3359871 ] vel=[-3.0023797  2.155706  -0.5305405][0m
[32m2026-06-29 18:03:40.210[0m | [1mINFO    [0m | [36menvs.hitter[0m:[36m_log_ball_planner_wait_state[0m:[36m694[0m - [1mWaiting for ball estimator: samples=0/31 visible=False ready=False pos=[-0.80009574  0.572271    1.3359871 ] vel=[-3.0023797  2.155706  -0.5305405][0m
[32m2026-06-29 18:03:40.712[0m | [1mINFO    [0m | [36menvs.hitter[0m:[36m_log_ball_planner_wait_state[0m:[36m694[0m - [1mWaiting for ball estimator: samples=0/31 visible=False ready=False pos=[-0.80009574  0.572271    1.3359871 ] vel=[-3.0023797  2.155706  -0.5305405][0m
[32m2026-06-29 18:03:41.214[0m | [1mINFO    [0m | [36menvs.hitter[0m:[36m_log_ball_planner_wait_state[0m:[36m694[0m - [1mWaiting for ball estimator: samples=0/31 visible=False ready=False pos=[-0.80009574  0.572271    1.3359871 ] vel=[-3.0023797  2.155706  -0.5305405][0m
[32m2026-06-29 18:03:41.716[0m | [1mINFO    [0m | [36menvs.hitter[0m:[36m_log_ball_planner_wait_state[0m:[36m694[0m - [1mWaiting for ball estimator: samples=0/31 visible=False ready=False pos=[-0.80009574  0.572271    1.3359871 ] vel=[-3.0023797  2.155706  -0.5305405][0m
[32m2026-06-29 18:03:42.218[0m | [1mINFO    [0m | [36menvs.hitter[0m:[36m_log_ball_planner_wait_state[0m:[36m694[0m - [1mWaiting for ball estimator: samples=0/31 visible=False ready=False pos=[-0.80009574  0.572271    1.3359871 ] vel=[-3.0023797  2.155706  -0.5305405][0m
[32m2026-06-29 18:03:42.720[0m | [1mINFO    [0m | [36menvs.hitter[0m:[36m_log_ball_planner_wait_state[0m:[36m694[0m - [1mWaiting for ball estimator: samples=0/31 visible=False ready=False pos=[-0.80009574  0.572271    1.3359871 ] vel=[-3.0023797  2.155706  -0.5305405][0m
[32m2026-06-29 18:03:43.222[0m | [1mINFO    [0m | [36menvs.hitter[0m:[36m_log_ball_planner_wait_state[0m:[36m694[0m - [1mWaiting for ball estimator: samples=0/31 visible=False ready=False pos=[-0.80009574  0.572271    1.3359871 ] vel=[-3.0023797  2.155706  -0.5305405][0m
[32m2026-06-29 18:03:43.724[0m | [1mINFO    [0m | [36menvs.hitter[0m:[36m_log_ball_planner_wait_state[0m:[36m694[0m - [1mWaiting for ball estimator: samples=0/31 visible=False ready=False pos=[-0.80009574  0.572271    1.3359871 ] vel=[-3.0023797  2.155706  -0.5305405][0m
[32m2026-06-29 18:03:44.226[0m | [1mINFO    [0m | [36menvs.hitter[0m:[36m_log_ball_planner_wait_state[0m:[36m694[0m - [1mWaiting for ball estimator: samples=0/31 visible=False ready=False pos=[-0.80009574  0.572271    1.3359871 ] vel=[-3.0023797  2.155706  -0.5305405][0m
[32m2026-06-29 18:03:44.386[0m | [33m[1mWARNING [0m | [36magents.loco_hitter_agent[0m:[36mrun[0m:[36m270[0m - [33m[1mStep timeout: -0.0031s[0m
[32m2026-06-29 18:03:44.731[0m | [1mINFO    [0m | [36menvs.hitter[0m:[36m_log_ball_planner_wait_state[0m:[36m694[0m - [1mWaiting for ball estimator: samples=0/31 visible=False ready=False pos=[-0.80009574  0.572271    1.3359871 ] vel=[-3.0023797  2.155706  -0.5305405][0m
[32m2026-06-29 18:03:45.233[0m | [1mINFO    [0m | [36menvs.hitter[0m:[36m_log_ball_planner_wait_state[0m:[36m694[0m - [1mWaiting for ball estimator: samples=0/31 visible=False ready=False pos=[-0.80009574  0.572271    1.3359871 ] vel=[-3.0023797  2.155706  -0.5305405][0m
[32m2026-06-29 18:03:45.735[0m | [1mINFO    [0m | [36menvs.hitter[0m:[36m_log_ball_planner_wait_state[0m:[36m694[0m - [1mWaiting for ball estimator: samples=0/31 visible=False ready=False pos=[-0.80009574  0.572271    1.3359871 ] vel=[-3.0023797  2.155706  -0.5305405][0m
[32m2026-06-29 18:03:46.237[0m | [1mINFO    [0m | [36menvs.hitter[0m:[36m_log_ball_planner_wait_state[0m:[36m694[0m - [1mWaiting for ball estimator: samples=0/31 visible=False ready=False pos=[-0.80009574  0.572271    1.3359871 ] vel=[-3.0023797  2.155706  -0.5305405][0m
[32m2026-06-29 18:03:46.738[0m | [1mINFO    [0m | [36menvs.hitter[0m:[36m_log_ball_planner_wait_state[0m:[36m694[0m - [1mWaiting for ball estimator: samples=0/31 visible=False ready=False pos=[-0.80009574  0.572271    1.3359871 ] vel=[-3.0023797  2.155706  -0.5305405][0m
[32m2026-06-29 18:03:47.240[0m | [1mINFO    [0m | [36menvs.hitter[0m:[36m_log_ball_planner_wait_state[0m:[36m694[0m - [1mWaiting for ball estimator: samples=0/31 visible=False ready=False pos=[-0.80009574  0.572271    1.3359871 ] vel=[-3.0023797  2.155706  -0.5305405][0m
[32m2026-06-29 18:03:47.742[0m | [1mINFO    [0m | [36menvs.hitter[0m:[36m_log_ball_planner_wait_state[0m:[36m694[0m - [1mWaiting for ball estimator: samples=0/31 visible=False ready=False pos=[-0.80009574  0.572271    1.3359871 ] vel=[-3.0023797  2.155706  -0.5305405][0m
[32m2026-06-29 18:03:48.245[0m | [1mINFO    [0m | [36menvs.hitter[0m:[36m_log_ball_planner_wait_state[0m:[36m694[0m - [1mWaiting for ball estimator: samples=0/31 visible=False ready=False pos=[-0.80009574  0.572271    1.3359871 ] vel=[-3.0023797  2.155706  -0.5305405][0m
[32m2026-06-29 18:03:48.747[0m | [1mINFO    [0m | [36menvs.hitter[0m:[36m_log_ball_planner_wait_state[0m:[36m694[0m - [1mWaiting for ball estimator: samples=0/31 visible=False ready=False pos=[-0.80009574  0.572271    1.3359871 ] vel=[-3.0023797  2.155706  -0.5305405][0m
[32m2026-06-29 18:03:49.248[0m | [1mINFO    [0m | [36menvs.hitter[0m:[36m_log_ball_planner_wait_state[0m:[36m694[0m - [1mWaiting for ball estimator: samples=0/31 visible=False ready=False pos=[-0.80009574  0.572271    1.3359871 ] vel=[-3.0023797  2.155706  -0.5305405][0m
[32m2026-06-29 18:03:49.750[0m | [1mINFO    [0m | [36menvs.hitter[0m:[36m_log_ball_planner_wait_state[0m:[36m694[0m - [1mWaiting for ball estimator: samples=0/31 visible=False ready=False pos=[-0.80009574  0.572271    1.3359871 ] vel=[-3.0023797  2.155706  -0.5305405][0m
[32m2026-06-29 18:03:50.252[0m | [1mINFO    [0m | [36menvs.hitter[0m:[36m_log_ball_planner_wait_state[0m:[36m694[0m - [1mWaiting for ball estimator: samples=0/31 visible=False ready=False pos=[-0.80009574  0.572271    1.3359871 ] vel=[-3.0023797  2.155706  -0.5305405][0m
[32m2026-06-29 18:03:50.755[0m | [1mINFO    [0m | [36menvs.hitter[0m:[36m_log_ball_planner_wait_state[0m:[36m694[0m - [1mWaiting for ball estimator: samples=0/31 visible=False ready=False pos=[-0.80009574  0.572271    1.3359871 ] vel=[-3.0023797  2.155706  -0.5305405][0m
[32m2026-06-29 18:03:51.214[0m | [33m[1mWARNING [0m | [36magents.loco_hitter_agent[0m:[36mrun[0m:[36m270[0m - [33m[1mStep timeout: -0.0208s[0m
[32m2026-06-29 18:03:51.257[0m | [1mINFO    [0m | [36menvs.hitter[0m:[36m_log_ball_planner_wait_state[0m:[36m694[0m - [1mWaiting for ball estimator: samples=0/31 visible=False ready=False pos=[-0.80009574  0.572271    1.3359871 ] vel=[-3.0023797  2.155706  -0.5305405][0m
[32m2026-06-29 18:03:51.759[0m | [1mINFO    [0m | [36menvs.hitter[0m:[36m_log_ball_planner_wait_state[0m:[36m694[0m - [1mWaiting for ball estimator: samples=0/31 visible=False ready=False pos=[-0.80009574  0.572271    1.3359871 ] vel=[-3.0023797  2.155706  -0.5305405][0m
[32m2026-06-29 18:03:52.261[0m | [1mINFO    [0m | [36menvs.hitter[0m:[36m_log_ball_planner_wait_state[0m:[36m694[0m - [1mWaiting for ball estimator: samples=0/31 visible=False ready=False pos=[-0.80009574  0.572271    1.3359871 ] vel=[-3.0023797  2.155706  -0.5305405][0m
[32m2026-06-29 18:03:52.763[0m | [1mINFO    [0m | [36menvs.hitter[0m:[36m_log_ball_planner_wait_state[0m:[36m694[0m - [1mWaiting for ball estimator: samples=0/31 visible=False ready=False pos=[-0.80009574  0.572271    1.3359871 ] vel=[-3.0023797  2.155706  -0.5305405][0m
[32m2026-06-29 18:03:53.265[0m | [1mINFO    [0m | [36menvs.hitter[0m:[36m_log_ball_planner_wait_state[0m:[36m694[0m - [1mWaiting for ball estimator: samples=0/31 visible=False ready=False pos=[-0.80009574  0.572271    1.3359871 ] vel=[-3.0023797  2.155706  -0.5305405][0m
[32m2026-06-29 18:03:53.766[0m | [1mINFO    [0m | [36menvs.hitter[0m:[36m_log_ball_planner_wait_state[0m:[36m694[0m - [1mWaiting for ball estimator: samples=0/31 visible=False ready=False pos=[-0.80009574  0.572271    1.3359871 ] vel=[-3.0023797  2.155706  -0.5305405][0m
[32m2026-06-29 18:03:54.268[0m | [1mINFO    [0m | [36menvs.hitter[0m:[36m_log_ball_planner_wait_state[0m:[36m694[0m - [1mWaiting for ball estimator: samples=0/31 visible=False ready=False pos=[-0.80009574  0.572271    1.3359871 ] vel=[-3.0023797  2.155706  -0.5305405][0m
[32m2026-06-29 18:03:54.770[0m | [1mINFO    [0m | [36menvs.hitter[0m:[36m_log_ball_planner_wait_state[0m:[36m694[0m - [1mWaiting for ball estimator: samples=0/31 visible=False ready=False pos=[-0.80009574  0.572271    1.3359871 ] vel=[-3.0023797  2.155706  -0.5305405][0m
[32m2026-06-29 18:03:55.272[0m | [1mINFO    [0m | [36menvs.hitter[0m:[36m_log_ball_planner_wait_state[0m:[36m694[0m - [1mWaiting for ball estimator: samples=0/31 visible=False ready=False pos=[-0.80009574  0.572271    1.3359871 ] vel=[-3.0023797  2.155706  -0.5305405][0m
[32m2026-06-29 18:03:55.774[0m | [1mINFO    [0m | [36menvs.hitter[0m:[36m_log_ball_planner_wait_state[0m:[36m694[0m - [1mWaiting for ball estimator: samples=0/31 visible=False ready=False pos=[-0.80009574  0.572271    1.3359871 ] vel=[-3.0023797  2.155706  -0.5305405][0m
[32m2026-06-29 18:03:56.275[0m | [1mINFO    [0m | [36menvs.hitter[0m:[36m_log_ball_planner_wait_state[0m:[36m694[0m - [1mWaiting for ball estimator: samples=0/31 visible=False ready=False pos=[-0.80009574  0.572271    1.3359871 ] vel=[-3.0023797  2.155706  -0.5305405][0m
[32m2026-06-29 18:03:56.778[0m | [1mINFO    [0m | [36menvs.hitter[0m:[36m_log_ball_planner_wait_state[0m:[36m694[0m - [1mWaiting for ball estimator: samples=0/31 visible=False ready=False pos=[-0.80009574  0.572271    1.3359871 ] vel=[-3.0023797  2.155706  -0.5305405][0m
[32m2026-06-29 18:03:57.280[0m | [1mINFO    [0m | [36menvs.hitter[0m:[36m_log_ball_planner_wait_state[0m:[36m694[0m - [1mWaiting for ball estimator: samples=0/31 visible=False ready=False pos=[-0.80009574  0.572271    1.3359871 ] vel=[-3.0023797  2.155706  -0.5305405][0m
[32m2026-06-29 18:03:57.782[0m | [1mINFO    [0m | [36menvs.hitter[0m:[36m_log_ball_planner_wait_state[0m:[36m694[0m - [1mWaiting for ball estimator: samples=0/31 visible=False ready=False pos=[-0.80009574  0.572271    1.3359871 ] vel=[-3.0023797  2.155706  -0.5305405][0m
[32m2026-06-29 18:03:58.284[0m | [1mINFO    [0m | [36menvs.hitter[0m:[36m_log_ball_planner_wait_state[0m:[36m694[0m - [1mWaiting for ball estimator: samples=0/31 visible=False ready=False pos=[-0.80009574  0.572271    1.3359871 ] vel=[-3.0023797  2.155706  -0.5305405][0m
[32m2026-06-29 18:03:58.786[0m | [1mINFO    [0m | [36menvs.hitter[0m:[36m_log_ball_planner_wait_state[0m:[36m694[0m - [1mWaiting for ball estimator: samples=0/31 visible=False ready=False pos=[-0.80009574  0.572271    1.3359871 ] vel=[-3.0023797  2.155706  -0.5305405][0m
[32m2026-06-29 18:03:59.288[0m | [1mINFO    [0m | [36menvs.hitter[0m:[36m_log_ball_planner_wait_state[0m:[36m694[0m - [1mWaiting for ball estimator: samples=0/31 visible=False ready=False pos=[-0.80009574  0.572271    1.3359871 ] vel=[-3.0023797  2.155706  -0.5305405][0m
[32m2026-06-29 18:03:59.790[0m | [1mINFO    [0m | [36menvs.hitter[0m:[36m_log_ball_planner_wait_state[0m:[36m694[0m - [1mWaiting for ball estimator: samples=0/31 visible=False ready=False pos=[-0.80009574  0.572271    1.3359871 ] vel=[-3.0023797  2.155706  -0.5305405][0m
[32m2026-06-29 18:04:00.292[0m | [1mINFO    [0m | [36menvs.hitter[0m:[36m_log_ball_planner_wait_state[0m:[36m694[0m - [1mWaiting for ball estimator: samples=0/31 visible=False ready=False pos=[-0.80009574  0.572271    1.3359871 ] vel=[-3.0023797  2.155706  -0.5305405][0m
[32m2026-06-29 18:04:00.795[0m | [1mINFO    [0m | [36menvs.hitter[0m:[36m_log_ball_planner_wait_state[0m:[36m694[0m - [1mWaiting for ball estimator: samples=0/31 visible=False ready=False pos=[-0.80009574  0.572271    1.3359871 ] vel=[-3.0023797  2.155706  -0.5305405][0m
[32m2026-06-29 18:04:01.297[0m | [1mINFO    [0m | [36menvs.hitter[0m:[36m_log_ball_planner_wait_state[0m:[36m694[0m - [1mWaiting for ball estimator: samples=0/31 visible=False ready=False pos=[-0.80009574  0.572271    1.3359871 ] vel=[-3.0023797  2.155706  -0.5305405][0m
[32m2026-06-29 18:04:01.799[0m | [1mINFO    [0m | [36menvs.hitter[0m:[36m_log_ball_planner_wait_state[0m:[36m694[0m - [1mWaiting for ball estimator: samples=0/31 visible=False ready=False pos=[-0.80009574  0.572271    1.3359871 ] vel=[-3.0023797  2.155706  -0.5305405][0m
[32m2026-06-29 18:04:02.301[0m | [1mINFO    [0m | [36menvs.hitter[0m:[36m_log_ball_planner_wait_state[0m:[36m694[0m - [1mWaiting for ball estimator: samples=0/31 visible=False ready=False pos=[-0.80009574  0.572271    1.3359871 ] vel=[-3.0023797  2.155706  -0.5305405][0m
[32m2026-06-29 18:04:02.803[0m | [1mINFO    [0m | [36menvs.hitter[0m:[36m_log_ball_planner_wait_state[0m:[36m694[0m - [1mWaiting for ball estimator: samples=0/31 visible=False ready=False pos=[-0.80009574  0.572271    1.3359871 ] vel=[-3.0023797  2.155706  -0.5305405][0m
[32m2026-06-29 18:04:02.906[0m | [33m[1mWARNING [0m | [36magents.loco_hitter_agent[0m:[36mrun[0m:[36m270[0m - [33m[1mStep timeout: -0.0064s[0m
[32m2026-06-29 18:04:03.315[0m | [1mINFO    [0m | [36menvs.hitter[0m:[36m_log_ball_planner_wait_state[0m:[36m694[0m - [1mWaiting for ball estimator: samples=0/31 visible=False ready=False pos=[-0.80009574  0.572271    1.3359871 ] vel=[-3.0023797  2.155706  -0.5305405][0m
[32m2026-06-29 18:04:03.833[0m | [1mINFO    [0m | [36menvs.hitter[0m:[36m_log_ball_planner_wait_state[0m:[36m694[0m - [1mWaiting for ball estimator: samples=0/31 visible=False ready=False pos=[-0.80009574  0.572271    1.3359871 ] vel=[-3.0023797  2.155706  -0.5305405][0m
[32m2026-06-29 18:04:04.335[0m | [1mINFO    [0m | [36menvs.hitter[0m:[36m_log_ball_planner_wait_state[0m:[36m694[0m - [1mWaiting for ball estimator: samples=0/31 visible=False ready=False pos=[-0.80009574  0.572271    1.3359871 ] vel=[-3.0023797  2.155706  -0.5305405][0m
[32m2026-06-29 18:04:04.411[0m | [33m[1mWARNING [0m | [36magents.loco_hitter_agent[0m:[36mrun[0m:[36m270[0m - [33m[1mStep timeout: -0.0190s[0m
[32m2026-06-29 18:04:04.836[0m | [1mINFO    [0m | [36menvs.hitter[0m:[36m_log_ball_planner_wait_state[0m:[36m694[0m - [1mWaiting for ball estimator: samples=0/31 visible=False ready=False pos=[-0.80009574  0.572271    1.3359871 ] vel=[-3.0023797  2.155706  -0.5305405][0m
[32m2026-06-29 18:04:05.338[0m | [1mINFO    [0m | [36menvs.hitter[0m:[36m_log_ball_planner_wait_state[0m:[36m694[0m - [1mWaiting for ball estimator: samples=0/31 visible=False ready=False pos=[-0.80009574  0.572271    1.3359871 ] vel=[-3.0023797  2.155706  -0.5305405][0m
[32m2026-06-29 18:04:05.840[0m | [1mINFO    [0m | [36menvs.hitter[0m:[36m_log_ball_planner_wait_state[0m:[36m694[0m - [1mWaiting for ball estimator: samples=0/31 visible=False ready=False pos=[-0.80009574  0.572271    1.3359871 ] vel=[-3.0023797  2.155706  -0.5305405][0m
[32m2026-06-29 18:04:06.341[0m | [1mINFO    [0m | [36menvs.hitter[0m:[36m_log_ball_planner_wait_state[0m:[36m694[0m - [1mWaiting for ball estimator: samples=0/31 visible=False ready=False pos=[-0.80009574  0.572271    1.3359871 ] vel=[-3.0023797  2.155706  -0.5305405][0m
[32m2026-06-29 18:04:06.843[0m | [1mINFO    [0m | [36menvs.hitter[0m:[36m_log_ball_planner_wait_state[0m:[36m694[0m - [1mWaiting for ball estimator: samples=0/31 visible=False ready=False pos=[-0.80009574  0.572271    1.3359871 ] vel=[-3.0023797  2.155706  -0.5305405][0m
[32m2026-06-29 18:04:07.344[0m | [1mINFO    [0m | [36menvs.hitter[0m:[36m_log_ball_planner_wait_state[0m:[36m694[0m - [1mWaiting for ball estimator: samples=0/31 visible=False ready=False pos=[-0.80009574  0.572271    1.3359871 ] vel=[-3.0023797  2.155706  -0.5305405][0m
[32m2026-06-29 18:04:07.846[0m | [1mINFO    [0m | [36menvs.hitter[0m:[36m_log_ball_planner_wait_state[0m:[36m694[0m - [1mWaiting for ball estimator: samples=0/31 visible=False ready=False pos=[-0.80009574  0.572271    1.3359871 ] vel=[-3.0023797  2.155706  -0.5305405][0m
[32m2026-06-29 18:04:08.348[0m | [1mINFO    [0m | [36menvs.hitter[0m:[36m_log_ball_planner_wait_state[0m:[36m694[0m - [1mWaiting for ball estimator: samples=0/31 visible=False ready=False pos=[-0.80009574  0.572271    1.3359871 ] vel=[-3.0023797  2.155706  -0.5305405][0m
[32m2026-06-29 18:04:08.850[0m | [1mINFO    [0m | [36menvs.hitter[0m:[36m_log_ball_planner_wait_state[0m:[36m694[0m - [1mWaiting for ball estimator: samples=0/31 visible=False ready=False pos=[-0.80009574  0.572271    1.3359871 ] vel=[-3.0023797  2.155706  -0.5305405][0m
[32m2026-06-29 18:04:09.352[0m | [1mINFO    [0m | [36menvs.hitter[0m:[36m_log_ball_planner_wait_state[0m:[36m694[0m - [1mWaiting for ball estimator: samples=0/31 visible=False ready=False pos=[-0.80009574  0.572271    1.3359871 ] vel=[-3.0023797  2.155706  -0.5305405][0m
[32m2026-06-29 18:04:09.854[0m | [1mINFO    [0m | [36menvs.hitter[0m:[36m_log_ball_planner_wait_state[0m:[36m694[0m - [1mWaiting for ball estimator: samples=0/31 visible=False ready=False pos=[-0.80009574  0.572271    1.3359871 ] vel=[-3.0023797  2.155706  -0.5305405][0m
[32m2026-06-29 18:04:10.357[0m | [1mINFO    [0m | [36menvs.hitter[0m:[36m_log_ball_planner_wait_state[0m:[36m694[0m - [1mWaiting for ball estimator: samples=0/31 visible=False ready=False pos=[-0.80009574  0.572271    1.3359871 ] vel=[-3.0023797  2.155706  -0.5305405][0m
[32m2026-06-29 18:04:10.857[0m | [1mINFO    [0m | [36menvs.hitter[0m:[36m_log_ball_planner_wait_state[0m:[36m694[0m - [1mWaiting for ball estimator: samples=0/31 visible=False ready=False pos=[-0.80009574  0.572271    1.3359871 ] vel=[-3.0023797  2.155706  -0.5305405][0m
[32m2026-06-29 18:04:11.359[0m | [1mINFO    [0m | [36menvs.hitter[0m:[36m_log_ball_planner_wait_state[0m:[36m694[0m - [1mWaiting for ball estimator: samples=0/31 visible=False ready=False pos=[-0.80009574  0.572271    1.3359871 ] vel=[-3.0023797  2.155706  -0.5305405][0m
[32m2026-06-29 18:04:11.862[0m | [1mINFO    [0m | [36menvs.hitter[0m:[36m_log_ball_planner_wait_state[0m:[36m694[0m - [1mWaiting for ball estimator: samples=0/31 visible=False ready=False pos=[-0.80009574  0.572271    1.3359871 ] vel=[-3.0023797  2.155706  -0.5305405][0m
[32m2026-06-29 18:04:12.364[0m | [1mINFO    [0m | [36menvs.hitter[0m:[36m_log_ball_planner_wait_state[0m:[36m694[0m - [1mWaiting for ball estimator: samples=0/31 visible=False ready=False pos=[-0.80009574  0.572271    1.3359871 ] vel=[-3.0023797  2.155706  -0.5305405][0m
[32m2026-06-29 18:04:12.866[0m | [1mINFO    [0m | [36menvs.hitter[0m:[36m_log_ball_planner_wait_state[0m:[36m694[0m - [1mWaiting for ball estimator: samples=0/31 visible=False ready=False pos=[-0.80009574  0.572271    1.3359871 ] vel=[-3.0023797  2.155706  -0.5305405][0m
[32m2026-06-29 18:04:13.371[0m | [1mINFO    [0m | [36menvs.hitter[0m:[36m_log_ball_planner_wait_state[0m:[36m694[0m - [1mWaiting for ball estimator: samples=0/31 visible=False ready=False pos=[-0.80009574  0.572271    1.3359871 ] vel=[-3.0023797  2.155706  -0.5305405][0m
[32m2026-06-29 18:04:13.890[0m | [1mINFO    [0m | [36menvs.hitter[0m:[36m_log_ball_planner_wait_state[0m:[36m694[0m - [1mWaiting for ball estimator: samples=0/31 visible=False ready=False pos=[-0.80009574  0.572271    1.3359871 ] vel=[-3.0023797  2.155706  -0.5305405][0m
[32m2026-06-29 18:04:14.392[0m | [1mINFO    [0m | [36menvs.hitter[0m:[36m_log_ball_planner_wait_state[0m:[36m694[0m - [1mWaiting for ball estimator: samples=0/31 visible=False ready=False pos=[-0.80009574  0.572271    1.3359871 ] vel=[-3.0023797  2.155706  -0.5305405][0m
[32m2026-06-29 18:04:14.895[0m | [1mINFO    [0m | [36menvs.hitter[0m:[36m_log_ball_planner_wait_state[0m:[36m694[0m - [1mWaiting for ball estimator: samples=0/31 visible=False ready=False pos=[-0.80009574  0.572271    1.3359871 ] vel=[-3.0023797  2.155706  -0.5305405][0m
[32m2026-06-29 18:04:15.396[0m | [1mINFO    [0m | [36menvs.hitter[0m:[36m_log_ball_planner_wait_state[0m:[36m694[0m - [1mWaiting for ball estimator: samples=0/31 visible=False ready=False pos=[-0.80009574  0.572271    1.3359871 ] vel=[-3.0023797  2.155706  -0.5305405][0m
[32m2026-06-29 18:04:15.898[0m | [1mINFO    [0m | [36menvs.hitter[0m:[36m_log_ball_planner_wait_state[0m:[36m694[0m - [1mWaiting for ball estimator: samples=0/31 visible=False ready=False pos=[-0.80009574  0.572271    1.3359871 ] vel=[-3.0023797  2.155706  -0.5305405][0m
[32m2026-06-29 18:04:16.400[0m | [1mINFO    [0m | [36menvs.hitter[0m:[36m_log_ball_planner_wait_state[0m:[36m694[0m - [1mWaiting for ball estimator: samples=0/31 visible=False ready=False pos=[-0.80009574  0.572271    1.3359871 ] vel=[-3.0023797  2.155706  -0.5305405][0m
[32m2026-06-29 18:04:16.903[0m | [1mINFO    [0m | [36menvs.hitter[0m:[36m_log_ball_planner_wait_state[0m:[36m694[0m - [1mWaiting for ball estimator: samples=0/31 visible=False ready=False pos=[-0.80009574  0.572271    1.3359871 ] vel=[-3.0023797  2.155706  -0.5305405][0m
[32m2026-06-29 18:04:17.405[0m | [1mINFO    [0m | [36menvs.hitter[0m:[36m_log_ball_planner_wait_state[0m:[36m694[0m - [1mWaiting for ball estimator: samples=0/31 visible=False ready=False pos=[-0.80009574  0.572271    1.3359871 ] vel=[-3.0023797  2.155706  -0.5305405][0m
[32m2026-06-29 18:04:17.624[0m | [33m[1mWARNING [0m | [36magents.loco_hitter_agent[0m:[36mrun[0m:[36m270[0m - [33m[1mStep timeout: -0.0223s[0m
[32m2026-06-29 18:04:17.909[0m | [1mINFO    [0m | [36menvs.hitter[0m:[36m_log_ball_planner_wait_state[0m:[36m694[0m - [1mWaiting for ball estimator: samples=0/31 visible=False ready=False pos=[-0.80009574  0.572271    1.3359871 ] vel=[-3.0023797  2.155706  -0.5305405][0m
[32m2026-06-29 18:04:18.413[0m | [1mINFO    [0m | [36menvs.hitter[0m:[36m_log_ball_planner_wait_state[0m:[36m694[0m - [1mWaiting for ball estimator: samples=0/31 visible=False ready=False pos=[-0.80009574  0.572271    1.3359871 ] vel=[-3.0023797  2.155706  -0.5305405][0m
[32m2026-06-29 18:04:18.933[0m | [1mINFO    [0m | [36menvs.hitter[0m:[36m_log_ball_planner_wait_state[0m:[36m694[0m - [1mWaiting for ball estimator: samples=0/31 visible=False ready=False pos=[-0.80009574  0.572271    1.3359871 ] vel=[-3.0023797  2.155706  -0.5305405][0m
[32m2026-06-29 18:04:19.437[0m | [1mINFO    [0m | [36menvs.hitter[0m:[36m_log_ball_planner_wait_state[0m:[36m694[0m - [1mWaiting for ball estimator: samples=0/31 visible=False ready=False pos=[-0.80009574  0.572271    1.3359871 ] vel=[-3.0023797  2.155706  -0.5305405][0m
[32m2026-06-29 18:04:19.937[0m | [1mINFO    [0m | [36menvs.hitter[0m:[36m_log_ball_planner_wait_state[0m:[36m694[0m - [1mWaiting for ball estimator: samples=0/31 visible=False ready=False pos=[-0.80009574  0.572271    1.3359871 ] vel=[-3.0023797  2.155706  -0.5305405][0m
[32m2026-06-29 18:04:20.439[0m | [1mINFO    [0m | [36menvs.hitter[0m:[36m_log_ball_planner_wait_state[0m:[36m694[0m - [1mWaiting for ball estimator: samples=0/31 visible=False ready=False pos=[-0.80009574  0.572271    1.3359871 ] vel=[-3.0023797  2.155706  -0.5305405][0m
[32m2026-06-29 18:04:20.941[0m | [1mINFO    [0m | [36menvs.hitter[0m:[36m_log_ball_planner_wait_state[0m:[36m694[0m - [1mWaiting for ball estimator: samples=0/31 visible=False ready=False pos=[-0.80009574  0.572271    1.3359871 ] vel=[-3.0023797  2.155706  -0.5305405][0m
[32m2026-06-29 18:04:21.052[0m | [33m[1mWARNING [0m | [36magents.loco_hitter_agent[0m:[36mrun[0m:[36m270[0m - [33m[1mStep timeout: -0.0140s[0m
[32m2026-06-29 18:04:21.457[0m | [1mINFO    [0m | [36menvs.hitter[0m:[36m_log_ball_planner_wait_state[0m:[36m694[0m - [1mWaiting for ball estimator: samples=0/31 visible=False ready=False pos=[-0.80009574  0.572271    1.3359871 ] vel=[-3.0023797  2.155706  -0.5305405][0m
[32m2026-06-29 18:04:21.959[0m | [1mINFO    [0m | [36menvs.hitter[0m:[36m_log_ball_planner_wait_state[0m:[36m694[0m - [1mWaiting for ball estimator: samples=0/31 visible=False ready=False pos=[-0.80009574  0.572271    1.3359871 ] vel=[-3.0023797  2.155706  -0.5305405][0m
[32m2026-06-29 18:04:22.461[0m | [1mINFO    [0m | [36menvs.hitter[0m:[36m_log_ball_planner_wait_state[0m:[36m694[0m - [1mWaiting for ball estimator: samples=0/31 visible=False ready=False pos=[-0.80009574  0.572271    1.3359871 ] vel=[-3.0023797  2.155706  -0.5305405][0m
[32m2026-06-29 18:04:22.963[0m | [1mINFO    [0m | [36menvs.hitter[0m:[36m_log_ball_planner_wait_state[0m:[36m694[0m - [1mWaiting for ball estimator: samples=0/31 visible=False ready=False pos=[-0.80009574  0.572271    1.3359871 ] vel=[-3.0023797  2.155706  -0.5305405][0m
[32m2026-06-29 18:04:23.465[0m | [1mINFO    [0m | [36menvs.hitter[0m:[36m_log_ball_planner_wait_state[0m:[36m694[0m - [1mWaiting for ball estimator: samples=0/31 visible=False ready=False pos=[-0.80009574  0.572271    1.3359871 ] vel=[-3.0023797  2.155706  -0.5305405][0m
[32m2026-06-29 18:04:23.967[0m | [1mINFO    [0m | [36menvs.hitter[0m:[36m_log_ball_planner_wait_state[0m:[36m694[0m - [1mWaiting for ball estimator: samples=0/31 visible=False ready=False pos=[-0.80009574  0.572271    1.3359871 ] vel=[-3.0023797  2.155706  -0.5305405][0m
[32m2026-06-29 18:04:24.469[0m | [1mINFO    [0m | [36menvs.hitter[0m:[36m_log_ball_planner_wait_state[0m:[36m694[0m - [1mWaiting for ball estimator: samples=0/31 visible=False ready=False pos=[-0.80009574  0.572271    1.3359871 ] vel=[-3.0023797  2.155706  -0.5305405][0m
[32m2026-06-29 18:04:24.971[0m | [1mINFO    [0m | [36menvs.hitter[0m:[36m_log_ball_planner_wait_state[0m:[36m694[0m - [1mWaiting for ball estimator: samples=0/31 visible=False ready=False pos=[-0.80009574  0.572271    1.3359871 ] vel=[-3.0023797  2.155706  -0.5305405][0m
[32m2026-06-29 18:04:25.474[0m | [1mINFO    [0m | [36menvs.hitter[0m:[36m_log_ball_planner_wait_state[0m:[36m694[0m - [1mWaiting for ball estimator: samples=0/31 visible=False ready=False pos=[-0.80009574  0.572271    1.3359871 ] vel=[-3.0023797  2.155706  -0.5305405][0m
[32m2026-06-29 18:04:25.975[0m | [1mINFO    [0m | [36menvs.hitter[0m:[36m_log_ball_planner_wait_state[0m:[36m694[0m - [1mWaiting for ball estimator: samples=0/31 visible=False ready=False pos=[-0.80009574  0.572271    1.3359871 ] vel=[-3.0023797  2.155706  -0.5305405][0m
[32m2026-06-29 18:04:26.477[0m | [1mINFO    [0m | [36menvs.hitter[0m:[36m_log_ball_planner_wait_state[0m:[36m694[0m - [1mWaiting for ball estimator: samples=0/31 visible=False ready=False pos=[-0.80009574  0.572271    1.3359871 ] vel=[-3.0023797  2.155706  -0.5305405][0m
[32m2026-06-29 18:04:26.979[0m | [1mINFO    [0m | [36menvs.hitter[0m:[36m_log_ball_planner_wait_state[0m:[36m694[0m - [1mWaiting for ball estimator: samples=0/31 visible=False ready=False pos=[-0.80009574  0.572271    1.3359871 ] vel=[-3.0023797  2.155706  -0.5305405][0m
[32m2026-06-29 18:04:27.481[0m | [1mINFO    [0m | [36menvs.hitter[0m:[36m_log_ball_planner_wait_state[0m:[36m694[0m - [1mWaiting for ball estimator: samples=0/31 visible=False ready=False pos=[-0.80009574  0.572271    1.3359871 ] vel=[-3.0023797  2.155706  -0.5305405][0m
[32m2026-06-29 18:04:27.983[0m | [1mINFO    [0m | [36menvs.hitter[0m:[36m_log_ball_planner_wait_state[0m:[36m694[0m - [1mWaiting for ball estimator: samples=0/31 visible=False ready=False pos=[-0.80009574  0.572271    1.3359871 ] vel=[-3.0023797  2.155706  -0.5305405][0m
[32m2026-06-29 18:04:28.485[0m | [1mINFO    [0m | [36menvs.hitter[0m:[36m_log_ball_planner_wait_state[0m:[36m694[0m - [1mWaiting for ball estimator: samples=0/31 visible=False ready=False pos=[-0.80009574  0.572271    1.3359871 ] vel=[-3.0023797  2.155706  -0.5305405][0m
[32m2026-06-29 18:04:28.987[0m | [1mINFO    [0m | [36menvs.hitter[0m:[36m_log_ball_planner_wait_state[0m:[36m694[0m - [1mWaiting for ball estimator: samples=0/31 visible=False ready=False pos=[-0.80009574  0.572271    1.3359871 ] vel=[-3.0023797  2.155706  -0.5305405][0m
[32m2026-06-29 18:04:29.490[0m | [1mINFO    [0m | [36menvs.hitter[0m:[36m_log_ball_planner_wait_state[0m:[36m694[0m - [1mWaiting for ball estimator: samples=0/31 visible=False ready=False pos=[-0.80009574  0.572271    1.3359871 ] vel=[-3.0023797  2.155706  -0.5305405][0m
[32m2026-06-29 18:04:29.992[0m | [1mINFO    [0m | [36menvs.hitter[0m:[36m_log_ball_planner_wait_state[0m:[36m694[0m - [1mWaiting for ball estimator: samples=0/31 visible=False ready=False pos=[-0.80009574  0.572271    1.3359871 ] vel=[-3.0023797  2.155706  -0.5305405][0m
[32m2026-06-29 18:04:30.157[0m | [33m[1mWARNING [0m | [36magents.loco_hitter_agent[0m:[36mrun[0m:[36m270[0m - [33m[1mStep timeout: -0.0081s[0m
[32m2026-06-29 18:04:30.506[0m | [1mINFO    [0m | [36menvs.hitter[0m:[36m_log_ball_planner_wait_state[0m:[36m694[0m - [1mWaiting for ball estimator: samples=0/31 visible=False ready=False pos=[-0.80009574  0.572271    1.3359871 ] vel=[-3.0023797  2.155706  -0.5305405][0m
[32m2026-06-29 18:04:30.819[0m | [33m[1mWARNING [0m | [36magents.loco_hitter_agent[0m:[36mrun[0m:[36m270[0m - [33m[1mStep timeout: -0.0198s[0m
[32m2026-06-29 18:04:31.023[0m | [1mINFO    [0m | [36menvs.hitter[0m:[36m_log_ball_planner_wait_state[0m:[36m694[0m - [1mWaiting for ball estimator: samples=0/31 visible=False ready=False pos=[-0.80009574  0.572271    1.3359871 ] vel=[-3.0023797  2.155706  -0.5305405][0m
[32m2026-06-29 18:04:31.525[0m | [1mINFO    [0m | [36menvs.hitter[0m:[36m_log_ball_planner_wait_state[0m:[36m694[0m - [1mWaiting for ball estimator: samples=0/31 visible=False ready=False pos=[-0.80009574  0.572271    1.3359871 ] vel=[-3.0023797  2.155706  -0.5305405][0m
[32m2026-06-29 18:04:32.028[0m | [1mINFO    [0m | [36menvs.hitter[0m:[36m_log_ball_planner_wait_state[0m:[36m694[0m - [1mWaiting for ball estimator: samples=0/31 visible=False ready=False pos=[-0.80009574  0.572271    1.3359871 ] vel=[-3.0023797  2.155706  -0.5305405][0m
[32m2026-06-29 18:04:32.530[0m | [1mINFO    [0m | [36menvs.hitter[0m:[36m_log_ball_planner_wait_state[0m:[36m694[0m - [1mWaiting for ball estimator: samples=0/31 visible=False ready=False pos=[-0.80009574  0.572271    1.3359871 ] vel=[-3.0023797  2.155706  -0.5305405][0m
[32m2026-06-29 18:04:33.031[0m | [1mINFO    [0m | [36menvs.hitter[0m:[36m_log_ball_planner_wait_state[0m:[36m694[0m - [1mWaiting for ball estimator: samples=0/31 visible=False ready=False pos=[-0.80009574  0.572271    1.3359871 ] vel=[-3.0023797  2.155706  -0.5305405][0m
[32m2026-06-29 18:04:33.533[0m | [1mINFO    [0m | [36menvs.hitter[0m:[36m_log_ball_planner_wait_state[0m:[36m694[0m - [1mWaiting for ball estimator: samples=0/31 visible=False ready=False pos=[-0.80009574  0.572271    1.3359871 ] vel=[-3.0023797  2.155706  -0.5305405][0m
[32m2026-06-29 18:04:34.035[0m | [1mINFO    [0m | [36menvs.hitter[0m:[36m_log_ball_planner_wait_state[0m:[36m694[0m - [1mWaiting for ball estimator: samples=0/31 visible=False ready=False pos=[-0.80009574  0.572271    1.3359871 ] vel=[-3.0023797  2.155706  -0.5305405][0m
[32m2026-06-29 18:04:34.537[0m | [1mINFO    [0m | [36menvs.hitter[0m:[36m_log_ball_planner_wait_state[0m:[36m694[0m - [1mWaiting for ball estimator: samples=0/31 visible=False ready=False pos=[-0.80009574  0.572271    1.3359871 ] vel=[-3.0023797  2.155706  -0.5305405][0m
[32m2026-06-29 18:04:35.039[0m | [1mINFO    [0m | [36menvs.hitter[0m:[36m_log_ball_planner_wait_state[0m:[36m694[0m - [1mWaiting for ball estimator: samples=0/31 visible=False ready=False pos=[-0.80009574  0.572271    1.3359871 ] vel=[-3.0023797  2.155706  -0.5305405][0m
[32m2026-06-29 18:04:35.542[0m | [1mINFO    [0m | [36menvs.hitter[0m:[36m_log_ball_planner_wait_state[0m:[36m694[0m - [1mWaiting for ball estimator: samples=0/31 visible=False ready=False pos=[-0.80009574  0.572271    1.3359871 ] vel=[-3.0023797  2.155706  -0.5305405][0m
[32m2026-06-29 18:04:36.044[0m | [1mINFO    [0m | [36menvs.hitter[0m:[36m_log_ball_planner_wait_state[0m:[36m694[0m - [1mWaiting for ball estimator: samples=0/31 visible=False ready=False pos=[-0.80009574  0.572271    1.3359871 ] vel=[-3.0023797  2.155706  -0.5305405][0m
[32m2026-06-29 18:04:36.545[0m | [1mINFO    [0m | [36menvs.hitter[0m:[36m_log_ball_planner_wait_state[0m:[36m694[0m - [1mWaiting for ball estimator: samples=0/31 visible=False ready=False pos=[-0.80009574  0.572271    1.3359871 ] vel=[-3.0023797  2.155706  -0.5305405][0m
[32m2026-06-29 18:04:37.048[0m | [1mINFO    [0m | [36menvs.hitter[0m:[36m_log_ball_planner_wait_state[0m:[36m694[0m - [1mWaiting for ball estimator: samples=0/31 visible=False ready=False pos=[-0.80009574  0.572271    1.3359871 ] vel=[-3.0023797  2.155706  -0.5305405][0m
[32m2026-06-29 18:04:37.549[0m | [1mINFO    [0m | [36menvs.hitter[0m:[36m_log_ball_planner_wait_state[0m:[36m694[0m - [1mWaiting for ball estimator: samples=0/31 visible=False ready=False pos=[-0.80009574  0.572271    1.3359871 ] vel=[-3.0023797  2.155706  -0.5305405][0m
[32m2026-06-29 18:04:38.051[0m | [1mINFO    [0m | [36menvs.hitter[0m:[36m_log_ball_planner_wait_state[0m:[36m694[0m - [1mWaiting for ball estimator: samples=0/31 visible=False ready=False pos=[-0.80009574  0.572271    1.3359871 ] vel=[-3.0023797  2.155706  -0.5305405][0m
[32m2026-06-29 18:04:38.553[0m | [1mINFO    [0m | [36menvs.hitter[0m:[36m_log_ball_planner_wait_state[0m:[36m694[0m - [1mWaiting for ball estimator: samples=0/31 visible=False ready=False pos=[-0.80009574  0.572271    1.3359871 ] vel=[-3.0023797  2.155706  -0.5305405][0m
[32m2026-06-29 18:04:39.054[0m | [1mINFO    [0m | [36menvs.hitter[0m:[36m_log_ball_planner_wait_state[0m:[36m694[0m - [1mWaiting for ball estimator: samples=0/31 visible=False ready=False pos=[-0.80009574  0.572271    1.3359871 ] vel=[-3.0023797  2.155706  -0.5305405][0m
[32m2026-06-29 18:04:39.556[0m | [1mINFO    [0m | [36menvs.hitter[0m:[36m_log_ball_planner_wait_state[0m:[36m694[0m - [1mWaiting for ball estimator: samples=0/31 visible=False ready=False pos=[-0.80009574  0.572271    1.3359871 ] vel=[-3.0023797  2.155706  -0.5305405][0m
[32m2026-06-29 18:04:40.058[0m | [1mINFO    [0m | [36menvs.hitter[0m:[36m_log_ball_planner_wait_state[0m:[36m694[0m - [1mWaiting for ball estimator: samples=0/31 visible=False ready=False pos=[-0.80009574  0.572271    1.3359871 ] vel=[-3.0023797  2.155706  -0.5305405][0m
[32m2026-06-29 18:04:40.564[0m | [1mINFO    [0m | [36menvs.hitter[0m:[36m_log_ball_planner_wait_state[0m:[36m694[0m - [1mWaiting for ball estimator: samples=0/31 visible=False ready=False pos=[-0.80009574  0.572271    1.3359871 ] vel=[-3.0023797  2.155706  -0.5305405][0m
[32m2026-06-29 18:04:41.082[0m | [1mINFO    [0m | [36menvs.hitter[0m:[36m_log_ball_planner_wait_state[0m:[36m694[0m - [1mWaiting for ball estimator: samples=0/31 visible=False ready=False pos=[-0.80009574  0.572271    1.3359871 ] vel=[-3.0023797  2.155706  -0.5305405][0m
[32m2026-06-29 18:04:41.584[0m | [1mINFO    [0m | [36menvs.hitter[0m:[36m_log_ball_planner_wait_state[0m:[36m694[0m - [1mWaiting for ball estimator: samples=0/31 visible=False ready=False pos=[-0.80009574  0.572271    1.3359871 ] vel=[-3.0023797  2.155706  -0.5305405][0m
[32m2026-06-29 18:04:42.086[0m | [1mINFO    [0m | [36menvs.hitter[0m:[36m_log_ball_planner_wait_state[0m:[36m694[0m - [1mWaiting for ball estimator: samples=0/31 visible=False ready=False pos=[-0.80009574  0.572271    1.3359871 ] vel=[-3.0023797  2.155706  -0.5305405][0m
[32m2026-06-29 18:04:42.588[0m | [1mINFO    [0m | [36menvs.hitter[0m:[36m_log_ball_planner_wait_state[0m:[36m694[0m - [1mWaiting for ball estimator: samples=0/31 visible=False ready=False pos=[-0.80009574  0.572271    1.3359871 ] vel=[-3.0023797  2.155706  -0.5305405][0m
[32m2026-06-29 18:04:43.089[0m | [1mINFO    [0m | [36menvs.hitter[0m:[36m_log_ball_planner_wait_state[0m:[36m694[0m - [1mWaiting for ball estimator: samples=0/31 visible=False ready=False pos=[-0.80009574  0.572271    1.3359871 ] vel=[-3.0023797  2.155706  -0.5305405][0m
[32m2026-06-29 18:04:43.593[0m | [1mINFO    [0m | [36menvs.hitter[0m:[36m_log_ball_planner_wait_state[0m:[36m694[0m - [1mWaiting for ball estimator: samples=0/31 visible=False ready=False pos=[-0.80009574  0.572271    1.3359871 ] vel=[-3.0023797  2.155706  -0.5305405][0m
[32m2026-06-29 18:04:43.770[0m | [33m[1mWARNING [0m | [36magents.loco_hitter_agent[0m:[36mrun[0m:[36m270[0m - [33m[1mStep timeout: -0.0207s[0m
[32m2026-06-29 18:04:44.094[0m | [1mINFO    [0m | [36menvs.hitter[0m:[36m_log_ball_planner_wait_state[0m:[36m694[0m - [1mWaiting for ball estimator: samples=0/31 visible=False ready=False pos=[-0.80009574  0.572271    1.3359871 ] vel=[-3.0023797  2.155706  -0.5305405][0m
[32m2026-06-29 18:04:44.596[0m | [1mINFO    [0m | [36menvs.hitter[0m:[36m_log_ball_planner_wait_state[0m:[36m694[0m - [1mWaiting for ball estimator: samples=0/31 visible=False ready=False pos=[-0.80009574  0.572271    1.3359871 ] vel=[-3.0023797  2.155706  -0.5305405][0m
[32m2026-06-29 18:04:45.098[0m | [1mINFO    [0m | [36menvs.hitter[0m:[36m_log_ball_planner_wait_state[0m:[36m694[0m - [1mWaiting for ball estimator: samples=0/31 visible=False ready=False pos=[-0.80009574  0.572271    1.3359871 ] vel=[-3.0023797  2.155706  -0.5305405][0m
[32m2026-06-29 18:04:45.600[0m | [1mINFO    [0m | [36menvs.hitter[0m:[36m_log_ball_planner_wait_state[0m:[36m694[0m - [1mWaiting for ball estimator: samples=0/31 visible=False ready=False pos=[-0.80009574  0.572271    1.3359871 ] vel=[-3.0023797  2.155706  -0.5305405][0m
[32m2026-06-29 18:04:46.103[0m | [1mINFO    [0m | [36menvs.hitter[0m:[36m_log_ball_planner_wait_state[0m:[36m694[0m - [1mWaiting for ball estimator: samples=0/31 visible=False ready=False pos=[-0.80009574  0.572271    1.3359871 ] vel=[-3.0023797  2.155706  -0.5305405][0m
[32m2026-06-29 18:04:46.604[0m | [1mINFO    [0m | [36menvs.hitter[0m:[36m_log_ball_planner_wait_state[0m:[36m694[0m - [1mWaiting for ball estimator: samples=0/31 visible=False ready=False pos=[-0.80009574  0.572271    1.3359871 ] vel=[-3.0023797  2.155706  -0.5305405][0m
[32m2026-06-29 18:04:47.106[0m | [1mINFO    [0m | [36menvs.hitter[0m:[36m_log_ball_planner_wait_state[0m:[36m694[0m - [1mWaiting for ball estimator: samples=0/31 visible=False ready=False pos=[-0.80009574  0.572271    1.3359871 ] vel=[-3.0023797  2.155706  -0.5305405][0m
[32m2026-06-29 18:04:47.609[0m | [1mINFO    [0m | [36menvs.hitter[0m:[36m_log_ball_planner_wait_state[0m:[36m694[0m - [1mWaiting for ball estimator: samples=0/31 visible=False ready=False pos=[-0.80009574  0.572271    1.3359871 ] vel=[-3.0023797  2.155706  -0.5305405][0m
[32m2026-06-29 18:04:48.110[0m | [1mINFO    [0m | [36menvs.hitter[0m:[36m_log_ball_planner_wait_state[0m:[36m694[0m - [1mWaiting for ball estimator: samples=0/31 visible=False ready=False pos=[-0.80009574  0.572271    1.3359871 ] vel=[-3.0023797  2.155706  -0.5305405][0m
[32m2026-06-29 18:04:48.612[0m | [1mINFO    [0m | [36menvs.hitter[0m:[36m_log_ball_planner_wait_state[0m:[36m694[0m - [1mWaiting for ball estimator: samples=0/31 visible=False ready=False pos=[-0.80009574  0.572271    1.3359871 ] vel=[-3.0023797  2.155706  -0.5305405][0m
[32m2026-06-29 18:04:49.114[0m | [1mINFO    [0m | [36menvs.hitter[0m:[36m_log_ball_planner_wait_state[0m:[36m694[0m - [1mWaiting for ball estimator: samples=0/31 visible=False ready=False pos=[-0.80009574  0.572271    1.3359871 ] vel=[-3.0023797  2.155706  -0.5305405][0m
[32m2026-06-29 18:04:49.617[0m | [1mINFO    [0m | [36menvs.hitter[0m:[36m_log_ball_planner_wait_state[0m:[36m694[0m - [1mWaiting for ball estimator: samples=0/31 visible=False ready=False pos=[-0.80009574  0.572271    1.3359871 ] vel=[-3.0023797  2.155706  -0.5305405][0m
[32m2026-06-29 18:04:50.118[0m | [1mINFO    [0m | [36menvs.hitter[0m:[36m_log_ball_planner_wait_state[0m:[36m694[0m - [1mWaiting for ball estimator: samples=0/31 visible=False ready=False pos=[-0.80009574  0.572271    1.3359871 ] vel=[-3.0023797  2.155706  -0.5305405][0m
[32m2026-06-29 18:04:50.621[0m | [1mINFO    [0m | [36menvs.hitter[0m:[36m_log_ball_planner_wait_state[0m:[36m694[0m - [1mWaiting for ball estimator: samples=0/31 visible=False ready=False pos=[-0.80009574  0.572271    1.3359871 ] vel=[-3.0023797  2.155706  -0.5305405][0m
[32m2026-06-29 18:04:51.122[0m | [1mINFO    [0m | [36menvs.hitter[0m:[36m_log_ball_planner_wait_state[0m:[36m694[0m - [1mWaiting for ball estimator: samples=0/31 visible=False ready=False pos=[-0.80009574  0.572271    1.3359871 ] vel=[-3.0023797  2.155706  -0.5305405][0m
[32m2026-06-29 18:04:51.625[0m | [1mINFO    [0m | [36menvs.hitter[0m:[36m_log_ball_planner_wait_state[0m:[36m694[0m - [1mWaiting for ball estimator: samples=0/31 visible=False ready=False pos=[-0.80009574  0.572271    1.3359871 ] vel=[-3.0023797  2.155706  -0.5305405][0m
[32m2026-06-29 18:04:52.127[0m | [1mINFO    [0m | [36menvs.hitter[0m:[36m_log_ball_planner_wait_state[0m:[36m694[0m - [1mWaiting for ball estimator: samples=0/31 visible=False ready=False pos=[-0.80009574  0.572271    1.3359871 ] vel=[-3.0023797  2.155706  -0.5305405][0m
[32m2026-06-29 18:04:52.628[0m | [1mINFO    [0m | [36menvs.hitter[0m:[36m_log_ball_planner_wait_state[0m:[36m694[0m - [1mWaiting for ball estimator: samples=0/31 visible=False ready=False pos=[-0.80009574  0.572271    1.3359871 ] vel=[-3.0023797  2.155706  -0.5305405][0m
[32m2026-06-29 18:04:53.130[0m | [1mINFO    [0m | [36menvs.hitter[0m:[36m_log_ball_planner_wait_state[0m:[36m694[0m - [1mWaiting for ball estimator: samples=0/31 visible=False ready=False pos=[-0.80009574  0.572271    1.3359871 ] vel=[-3.0023797  2.155706  -0.5305405][0m
[32m2026-06-29 18:04:53.632[0m | [1mINFO    [0m | [36menvs.hitter[0m:[36m_log_ball_planner_wait_state[0m:[36m694[0m - [1mWaiting for ball estimator: samples=0/31 visible=False ready=False pos=[-0.80009574  0.572271    1.3359871 ] vel=[-3.0023797  2.155706  -0.5305405][0m
[32m2026-06-29 18:04:54.134[0m | [1mINFO    [0m | [36menvs.hitter[0m:[36m_log_ball_planner_wait_state[0m:[36m694[0m - [1mWaiting for ball estimator: samples=0/31 visible=False ready=False pos=[-0.80009574  0.572271    1.3359871 ] vel=[-3.0023797  2.155706  -0.5305405][0m
[32m2026-06-29 18:04:54.636[0m | [1mINFO    [0m | [36menvs.hitter[0m:[36m_log_ball_planner_wait_state[0m:[36m694[0m - [1mWaiting for ball estimator: samples=0/31 visible=False ready=False pos=[-0.80009574  0.572271    1.3359871 ] vel=[-3.0023797  2.155706  -0.5305405][0m
[32m2026-06-29 18:04:55.138[0m | [1mINFO    [0m | [36menvs.hitter[0m:[36m_log_ball_planner_wait_state[0m:[36m694[0m - [1mWaiting for ball estimator: samples=0/31 visible=False ready=False pos=[-0.80009574  0.572271    1.3359871 ] vel=[-3.0023797  2.155706  -0.5305405][0m
[32m2026-06-29 18:04:55.640[0m | [1mINFO    [0m | [36menvs.hitter[0m:[36m_log_ball_planner_wait_state[0m:[36m694[0m - [1mWaiting for ball estimator: samples=0/31 visible=False ready=False pos=[-0.80009574  0.572271    1.3359871 ] vel=[-3.0023797  2.155706  -0.5305405][0m
[32m2026-06-29 18:04:55.906[0m | [33m[1mWARNING [0m | [36magents.loco_hitter_agent[0m:[36mrun[0m:[36m270[0m - [33m[1mStep timeout: -0.0084s[0m
[32m2026-06-29 18:04:56.150[0m | [1mINFO    [0m | [36menvs.hitter[0m:[36m_log_ball_planner_wait_state[0m:[36m694[0m - [1mWaiting for ball estimator: samples=0/31 visible=False ready=False pos=[-0.80009574  0.572271    1.3359871 ] vel=[-3.0023797  2.155706  -0.5305405][0m
[32m2026-06-29 18:04:56.194[0m | [33m[1mWARNING [0m | [36magents.loco_hitter_agent[0m:[36mrun[0m:[36m270[0m - [33m[1mStep timeout: -0.0066s[0m
[32m2026-06-29 18:04:56.659[0m | [1mINFO    [0m | [36menvs.hitter[0m:[36m_log_ball_planner_wait_state[0m:[36m694[0m - [1mWaiting for ball estimator: samples=0/31 visible=False ready=False pos=[-0.80009574  0.572271    1.3359871 ] vel=[-3.0023797  2.155706  -0.5305405][0m
[32m2026-06-29 18:04:56.997[0m | [33m[1mWARNING [0m | [36magents.loco_hitter_agent[0m:[36mrun[0m:[36m270[0m - [33m[1mStep timeout: -0.0203s[0m
[32m2026-06-29 18:04:57.162[0m | [1mINFO    [0m | [36menvs.hitter[0m:[36m_log_ball_planner_wait_state[0m:[36m694[0m - [1mWaiting for ball estimator: samples=0/31 visible=False ready=False pos=[-0.80009574  0.572271    1.3359871 ] vel=[-3.0023797  2.155706  -0.5305405][0m
[32m2026-06-29 18:04:57.664[0m | [1mINFO    [0m | [36menvs.hitter[0m:[36m_log_ball_planner_wait_state[0m:[36m694[0m - [1mWaiting for ball estimator: samples=0/31 visible=False ready=False pos=[-0.80009574  0.572271    1.3359871 ] vel=[-3.0023797  2.155706  -0.5305405][0m
[32m2026-06-29 18:04:58.166[0m | [1mINFO    [0m | [36menvs.hitter[0m:[36m_log_ball_planner_wait_state[0m:[36m694[0m - [1mWaiting for ball estimator: samples=0/31 visible=False ready=False pos=[-0.80009574  0.572271    1.3359871 ] vel=[-3.0023797  2.155706  -0.5305405][0m
[32m2026-06-29 18:04:58.670[0m | [1mINFO    [0m | [36menvs.hitter[0m:[36m_log_ball_planner_wait_state[0m:[36m694[0m - [1mWaiting for ball estimator: samples=0/31 visible=False ready=False pos=[-0.80009574  0.572271    1.3359871 ] vel=[-3.0023797  2.155706  -0.5305405][0m
[32m2026-06-29 18:04:59.190[0m | [1mINFO    [0m | [36menvs.hitter[0m:[36m_log_ball_planner_wait_state[0m:[36m694[0m - [1mWaiting for ball estimator: samples=0/31 visible=False ready=False pos=[-0.80009574  0.572271    1.3359871 ] vel=[-3.0023797  2.155706  -0.5305405][0m
[32m2026-06-29 18:04:59.692[0m | [1mINFO    [0m | [36menvs.hitter[0m:[36m_log_ball_planner_wait_state[0m:[36m694[0m - [1mWaiting for ball estimator: samples=0/31 visible=False ready=False pos=[-0.80009574  0.572271    1.3359871 ] vel=[-3.0023797  2.155706  -0.5305405][0m
[32m2026-06-29 18:05:00.194[0m | [1mINFO    [0m | [36menvs.hitter[0m:[36m_log_ball_planner_wait_state[0m:[36m694[0m - [1mWaiting for ball estimator: samples=0/31 visible=False ready=False pos=[-0.80009574  0.572271    1.3359871 ] vel=[-3.0023797  2.155706  -0.5305405][0m
[32m2026-06-29 18:05:00.696[0m | [1mINFO    [0m | [36menvs.hitter[0m:[36m_log_ball_planner_wait_state[0m:[36m694[0m - [1mWaiting for ball estimator: samples=0/31 visible=False ready=False pos=[-0.80009574  0.572271    1.3359871 ] vel=[-3.0023797  2.155706  -0.5305405][0m
[32m2026-06-29 18:05:01.198[0m | [1mINFO    [0m | [36menvs.hitter[0m:[36m_log_ball_planner_wait_state[0m:[36m694[0m - [1mWaiting for ball estimator: samples=0/31 visible=False ready=False pos=[-0.80009574  0.572271    1.3359871 ] vel=[-3.0023797  2.155706  -0.5305405][0m
[32m2026-06-29 18:05:01.703[0m | [1mINFO    [0m | [36menvs.hitter[0m:[36m_log_ball_planner_wait_state[0m:[36m694[0m - [1mWaiting for ball estimator: samples=0/31 visible=False ready=False pos=[-0.80009574  0.572271    1.3359871 ] vel=[-3.0023797  2.155706  -0.5305405][0m
[32m2026-06-29 18:05:02.222[0m | [1mINFO    [0m | [36menvs.hitter[0m:[36m_log_ball_planner_wait_state[0m:[36m694[0m - [1mWaiting for ball estimator: samples=0/31 visible=False ready=False pos=[-0.80009574  0.572271    1.3359871 ] vel=[-3.0023797  2.155706  -0.5305405][0m
[32m2026-06-29 18:05:02.724[0m | [1mINFO    [0m | [36menvs.hitter[0m:[36m_log_ball_planner_wait_state[0m:[36m694[0m - [1mWaiting for ball estimator: samples=0/31 visible=False ready=False pos=[-0.80009574  0.572271    1.3359871 ] vel=[-3.0023797  2.155706  -0.5305405][0m
[32m2026-06-29 18:05:03.226[0m | [1mINFO    [0m | [36menvs.hitter[0m:[36m_log_ball_planner_wait_state[0m:[36m694[0m - [1mWaiting for ball estimator: samples=0/31 visible=False ready=False pos=[-0.80009574  0.572271    1.3359871 ] vel=[-3.0023797  2.155706  -0.5305405][0m
[32m2026-06-29 18:05:03.415[0m | [33m[1mWARNING [0m | [36magents.loco_hitter_agent[0m:[36mrun[0m:[36m270[0m - [33m[1mStep timeout: -0.0116s[0m
[32m2026-06-29 18:05:03.740[0m | [1mINFO    [0m | [36menvs.hitter[0m:[36m_log_ball_planner_wait_state[0m:[36m694[0m - [1mWaiting for ball estimator: samples=0/31 visible=False ready=False pos=[-0.80009574  0.572271    1.3359871 ] vel=[-3.0023797  2.155706  -0.5305405][0m
[32m2026-06-29 18:05:04.241[0m | [1mINFO    [0m | [36menvs.hitter[0m:[36m_log_ball_planner_wait_state[0m:[36m694[0m - [1mWaiting for ball estimator: samples=0/31 visible=False ready=False pos=[-0.80009574  0.572271    1.3359871 ] vel=[-3.0023797  2.155706  -0.5305405][0m
[32m2026-06-29 18:05:04.744[0m | [1mINFO    [0m | [36menvs.hitter[0m:[36m_log_ball_planner_wait_state[0m:[36m694[0m - [1mWaiting for ball estimator: samples=0/31 visible=False ready=False pos=[-0.80009574  0.572271    1.3359871 ] vel=[-3.0023797  2.155706  -0.5305405][0m
[32m2026-06-29 18:05:05.246[0m | [1mINFO    [0m | [36menvs.hitter[0m:[36m_log_ball_planner_wait_state[0m:[36m694[0m - [1mWaiting for ball estimator: samples=0/31 visible=False ready=False pos=[-0.80009574  0.572271    1.3359871 ] vel=[-3.0023797  2.155706  -0.5305405][0m
[32m2026-06-29 18:05:05.748[0m | [1mINFO    [0m | [36menvs.hitter[0m:[36m_log_ball_planner_wait_state[0m:[36m694[0m - [1mWaiting for ball estimator: samples=0/31 visible=False ready=False pos=[-0.80009574  0.572271    1.3359871 ] vel=[-3.0023797  2.155706  -0.5305405][0m
[32m2026-06-29 18:05:06.250[0m | [1mINFO    [0m | [36menvs.hitter[0m:[36m_log_ball_planner_wait_state[0m:[36m694[0m - [1mWaiting for ball estimator: samples=0/31 visible=False ready=False pos=[-0.80009574  0.572271    1.3359871 ] vel=[-3.0023797  2.155706  -0.5305405][0m
[32m2026-06-29 18:05:06.753[0m | [1mINFO    [0m | [36menvs.hitter[0m:[36m_log_ball_planner_wait_state[0m:[36m694[0m - [1mWaiting for ball estimator: samples=0/31 visible=False ready=False pos=[-0.80009574  0.572271    1.3359871 ] vel=[-3.0023797  2.155706  -0.5305405][0m
[32m2026-06-29 18:05:07.255[0m | [1mINFO    [0m | [36menvs.hitter[0m:[36m_log_ball_planner_wait_state[0m:[36m694[0m - [1mWaiting for ball estimator: samples=0/31 visible=False ready=False pos=[-0.80009574  0.572271    1.3359871 ] vel=[-3.0023797  2.155706  -0.5305405][0m
[32m2026-06-29 18:05:07.757[0m | [1mINFO    [0m | [36menvs.hitter[0m:[36m_log_ball_planner_wait_state[0m:[36m694[0m - [1mWaiting for ball estimator: samples=0/31 visible=False ready=False pos=[-0.80009574  0.572271    1.3359871 ] vel=[-3.0023797  2.155706  -0.5305405][0m
[32m2026-06-29 18:05:08.259[0m | [1mINFO    [0m | [36menvs.hitter[0m:[36m_log_ball_planner_wait_state[0m:[36m694[0m - [1mWaiting for ball estimator: samples=0/31 visible=False ready=False pos=[-0.80009574  0.572271    1.3359871 ] vel=[-3.0023797  2.155706  -0.5305405][0m
[32m2026-06-29 18:05:08.760[0m | [1mINFO    [0m | [36menvs.hitter[0m:[36m_log_ball_planner_wait_state[0m:[36m694[0m - [1mWaiting for ball estimator: samples=0/31 visible=False ready=False pos=[-0.80009574  0.572271    1.3359871 ] vel=[-3.0023797  2.155706  -0.5305405][0m
[32m2026-06-29 18:05:09.262[0m | [1mINFO    [0m | [36menvs.hitter[0m:[36m_log_ball_planner_wait_state[0m:[36m694[0m - [1mWaiting for ball estimator: samples=0/31 visible=False ready=False pos=[-0.80009574  0.572271    1.3359871 ] vel=[-3.0023797  2.155706  -0.5305405][0m
[32m2026-06-29 18:05:09.764[0m | [1mINFO    [0m | [36menvs.hitter[0m:[36m_log_ball_planner_wait_state[0m:[36m694[0m - [1mWaiting for ball estimator: samples=0/31 visible=False ready=False pos=[-0.80009574  0.572271    1.3359871 ] vel=[-3.0023797  2.155706  -0.5305405][0m
[32m2026-06-29 18:05:10.205[0m | [33m[1mWARNING [0m | [36magents.loco_hitter_agent[0m:[36mrun[0m:[36m270[0m - [33m[1mStep timeout: -0.0221s[0m
[32m2026-06-29 18:05:10.268[0m | [1mINFO    [0m | [36menvs.hitter[0m:[36m_log_ball_planner_wait_state[0m:[36m694[0m - [1mWaiting for ball estimator: samples=0/31 visible=False ready=False pos=[-0.80009574  0.572271    1.3359871 ] vel=[-3.0023797  2.155706  -0.5305405][0m
[32m2026-06-29 18:05:10.770[0m | [1mINFO    [0m | [36menvs.hitter[0m:[36m_log_ball_planner_wait_state[0m:[36m694[0m - [1mWaiting for ball estimator: samples=0/31 visible=False ready=False pos=[-0.80009574  0.572271    1.3359871 ] vel=[-3.0023797  2.155706  -0.5305405][0m
[32m2026-06-29 18:05:11.272[0m | [1mINFO    [0m | [36menvs.hitter[0m:[36m_log_ball_planner_wait_state[0m:[36m694[0m - [1mWaiting for ball estimator: samples=0/31 visible=False ready=False pos=[-0.80009574  0.572271    1.3359871 ] vel=[-3.0023797  2.155706  -0.5305405][0m
[32m2026-06-29 18:05:11.774[0m | [1mINFO    [0m | [36menvs.hitter[0m:[36m_log_ball_planner_wait_state[0m:[36m694[0m - [1mWaiting for ball estimator: samples=0/31 visible=False ready=False pos=[-0.80009574  0.572271    1.3359871 ] vel=[-3.0023797  2.155706  -0.5305405][0m
[32m2026-06-29 18:05:12.276[0m | [1mINFO    [0m | [36menvs.hitter[0m:[36m_log_ball_planner_wait_state[0m:[36m694[0m - [1mWaiting for ball estimator: samples=0/31 visible=False ready=False pos=[-0.80009574  0.572271    1.3359871 ] vel=[-3.0023797  2.155706  -0.5305405][0m
[32m2026-06-29 18:05:12.779[0m | [1mINFO    [0m | [36menvs.hitter[0m:[36m_log_ball_planner_wait_state[0m:[36m694[0m - [1mWaiting for ball estimator: samples=0/31 visible=False ready=False pos=[-0.80009574  0.572271    1.3359871 ] vel=[-3.0023797  2.155706  -0.5305405][0m
[32m2026-06-29 18:05:13.280[0m | [1mINFO    [0m | [36menvs.hitter[0m:[36m_log_ball_planner_wait_state[0m:[36m694[0m - [1mWaiting for ball estimator: samples=0/31 visible=False ready=False pos=[-0.80009574  0.572271    1.3359871 ] vel=[-3.0023797  2.155706  -0.5305405][0m
[32m2026-06-29 18:05:13.782[0m | [1mINFO    [0m | [36menvs.hitter[0m:[36m_log_ball_planner_wait_state[0m:[36m694[0m - [1mWaiting for ball estimator: samples=0/31 visible=False ready=False pos=[-0.80009574  0.572271    1.3359871 ] vel=[-3.0023797  2.155706  -0.5305405][0m
[32m2026-06-29 18:05:14.283[0m | [1mINFO    [0m | [36menvs.hitter[0m:[36m_log_ball_planner_wait_state[0m:[36m694[0m - [1mWaiting for ball estimator: samples=0/31 visible=False ready=False pos=[-0.80009574  0.572271    1.3359871 ] vel=[-3.0023797  2.155706  -0.5305405][0m
[32m2026-06-29 18:05:14.785[0m | [1mINFO    [0m | [36menvs.hitter[0m:[36m_log_ball_planner_wait_state[0m:[36m694[0m - [1mWaiting for ball estimator: samples=0/31 visible=False ready=False pos=[-0.80009574  0.572271    1.3359871 ] vel=[-3.0023797  2.155706  -0.5305405][0m
[32m2026-06-29 18:05:15.287[0m | [1mINFO    [0m | [36menvs.hitter[0m:[36m_log_ball_planner_wait_state[0m:[36m694[0m - [1mWaiting for ball estimator: samples=0/31 visible=False ready=False pos=[-0.80009574  0.572271    1.3359871 ] vel=[-3.0023797  2.155706  -0.5305405][0m
[32m2026-06-29 18:05:15.789[0m | [1mINFO    [0m | [36menvs.hitter[0m:[36m_log_ball_planner_wait_state[0m:[36m694[0m - [1mWaiting for ball estimator: samples=0/31 visible=False ready=False pos=[-0.80009574  0.572271    1.3359871 ] vel=[-3.0023797  2.155706  -0.5305405][0m
[32m2026-06-29 18:05:16.291[0m | [1mINFO    [0m | [36menvs.hitter[0m:[36m_log_ball_planner_wait_state[0m:[36m694[0m - [1mWaiting for ball estimator: samples=0/31 visible=False ready=False pos=[-0.80009574  0.572271    1.3359871 ] vel=[-3.0023797  2.155706  -0.5305405][0m
[32m2026-06-29 18:05:16.793[0m | [1mINFO    [0m | [36menvs.hitter[0m:[36m_log_ball_planner_wait_state[0m:[36m694[0m - [1mWaiting for ball estimator: samples=0/31 visible=False ready=False pos=[-0.80009574  0.572271    1.3359871 ] vel=[-3.0023797  2.155706  -0.5305405][0m
[32m2026-06-29 18:05:17.295[0m | [1mINFO    [0m | [36menvs.hitter[0m:[36m_log_ball_planner_wait_state[0m:[36m694[0m - [1mWaiting for ball estimator: samples=0/31 visible=False ready=False pos=[-0.80009574  0.572271    1.3359871 ] vel=[-3.0023797  2.155706  -0.5305405][0m
[32m2026-06-29 18:05:17.457[0m | [33m[1mWARNING [0m | [36magents.loco_hitter_agent[0m:[36mrun[0m:[36m270[0m - [33m[1mStep timeout: -0.0049s[0m
[32m2026-06-29 18:05:17.802[0m | [1mINFO    [0m | [36menvs.hitter[0m:[36m_log_ball_planner_wait_state[0m:[36m694[0m - [1mWaiting for ball estimator: samples=0/31 visible=False ready=False pos=[-0.80009574  0.572271    1.3359871 ] vel=[-3.0023797  2.155706  -0.5305405][0m
[32m2026-06-29 18:05:18.304[0m | [1mINFO    [0m | [36menvs.hitter[0m:[36m_log_ball_planner_wait_state[0m:[36m694[0m - [1mWaiting for ball estimator: samples=0/31 visible=False ready=False pos=[-0.80009574  0.572271    1.3359871 ] vel=[-3.0023797  2.155706  -0.5305405][0m
[32m2026-06-29 18:05:18.806[0m | [1mINFO    [0m | [36menvs.hitter[0m:[36m_log_ball_planner_wait_state[0m:[36m694[0m - [1mWaiting for ball estimator: samples=0/31 visible=False ready=False pos=[-0.80009574  0.572271    1.3359871 ] vel=[-3.0023797  2.155706  -0.5305405][0m
[32m2026-06-29 18:05:19.308[0m | [1mINFO    [0m | [36menvs.hitter[0m:[36m_log_ball_planner_wait_state[0m:[36m694[0m - [1mWaiting for ball estimator: samples=0/31 visible=False ready=False pos=[-0.80009574  0.572271    1.3359871 ] vel=[-3.0023797  2.155706  -0.5305405][0m
[32m2026-06-29 18:05:19.810[0m | [1mINFO    [0m | [36menvs.hitter[0m:[36m_log_ball_planner_wait_state[0m:[36m694[0m - [1mWaiting for ball estimator: samples=0/31 visible=False ready=False pos=[-0.80009574  0.572271    1.3359871 ] vel=[-3.0023797  2.155706  -0.5305405][0m
[32m2026-06-29 18:05:20.312[0m | [1mINFO    [0m | [36menvs.hitter[0m:[36m_log_ball_planner_wait_state[0m:[36m694[0m - [1mWaiting for ball estimator: samples=0/31 visible=False ready=False pos=[-0.80009574  0.572271    1.3359871 ] vel=[-3.0023797  2.155706  -0.5305405][0m
[32m2026-06-29 18:05:20.814[0m | [1mINFO    [0m | [36menvs.hitter[0m:[36m_log_ball_planner_wait_state[0m:[36m694[0m - [1mWaiting for ball estimator: samples=0/31 visible=False ready=False pos=[-0.80009574  0.572271    1.3359871 ] vel=[-3.0023797  2.155706  -0.5305405][0m
[32m2026-06-29 18:05:21.316[0m | [1mINFO    [0m | [36menvs.hitter[0m:[36m_log_ball_planner_wait_state[0m:[36m694[0m - [1mWaiting for ball estimator: samples=0/31 visible=False ready=False pos=[-0.80009574  0.572271    1.3359871 ] vel=[-3.0023797  2.155706  -0.5305405][0m
[32m2026-06-29 18:05:21.818[0m | [1mINFO    [0m | [36menvs.hitter[0m:[36m_log_ball_planner_wait_state[0m:[36m694[0m - [1mWaiting for ball estimator: samples=0/31 visible=False ready=False pos=[-0.80009574  0.572271    1.3359871 ] vel=[-3.0023797  2.155706  -0.5305405][0m
[32m2026-06-29 18:05:22.320[0m | [1mINFO    [0m | [36menvs.hitter[0m:[36m_log_ball_planner_wait_state[0m:[36m694[0m - [1mWaiting for ball estimator: samples=0/31 visible=False ready=False pos=[-0.80009574  0.572271    1.3359871 ] vel=[-3.0023797  2.155706  -0.5305405][0m
[32m2026-06-29 18:05:22.823[0m | [1mINFO    [0m | [36menvs.hitter[0m:[36m_log_ball_planner_wait_state[0m:[36m694[0m - [1mWaiting for ball estimator: samples=0/31 visible=False ready=False pos=[-0.80009574  0.572271    1.3359871 ] vel=[-3.0023797  2.155706  -0.5305405][0m
[32m2026-06-29 18:05:23.322[0m | [33m[1mWARNING [0m | [36magents.loco_hitter_agent[0m:[36mrun[0m:[36m270[0m - [33m[1mStep timeout: -0.0208s[0m
[32m2026-06-29 18:05:23.326[0m | [1mINFO    [0m | [36menvs.hitter[0m:[36m_log_ball_planner_wait_state[0m:[36m694[0m - [1mWaiting for ball estimator: samples=0/31 visible=False ready=False pos=[-0.80009574  0.572271    1.3359871 ] vel=[-3.0023797  2.155706  -0.5305405][0m
[32m2026-06-29 18:05:23.827[0m | [1mINFO    [0m | [36menvs.hitter[0m:[36m_log_ball_planner_wait_state[0m:[36m694[0m - [1mWaiting for ball estimator: samples=0/31 visible=False ready=False pos=[-0.80009574  0.572271    1.3359871 ] vel=[-3.0023797  2.155706  -0.5305405][0m
[32m2026-06-29 18:05:24.329[0m | [1mINFO    [0m | [36menvs.hitter[0m:[36m_log_ball_planner_wait_state[0m:[36m694[0m - [1mWaiting for ball estimator: samples=0/31 visible=False ready=False pos=[-0.80009574  0.572271    1.3359871 ] vel=[-3.0023797  2.155706  -0.5305405][0m
[32m2026-06-29 18:05:24.831[0m | [1mINFO    [0m | [36menvs.hitter[0m:[36m_log_ball_planner_wait_state[0m:[36m694[0m - [1mWaiting for ball estimator: samples=0/31 visible=False ready=False pos=[-0.80009574  0.572271    1.3359871 ] vel=[-3.0023797  2.155706  -0.5305405][0m
[32m2026-06-29 18:05:25.333[0m | [1mINFO    [0m | [36menvs.hitter[0m:[36m_log_ball_planner_wait_state[0m:[36m694[0m - [1mWaiting for ball estimator: samples=0/31 visible=False ready=False pos=[-0.80009574  0.572271    1.3359871 ] vel=[-3.0023797  2.155706  -0.5305405][0m
[32m2026-06-29 18:05:25.835[0m | [1mINFO    [0m | [36menvs.hitter[0m:[36m_log_ball_planner_wait_state[0m:[36m694[0m - [1mWaiting for ball estimator: samples=0/31 visible=False ready=False pos=[-0.80009574  0.572271    1.3359871 ] vel=[-3.0023797  2.155706  -0.5305405][0m
[32m2026-06-29 18:05:26.337[0m | [1mINFO    [0m | [36menvs.hitter[0m:[36m_log_ball_planner_wait_state[0m:[36m694[0m - [1mWaiting for ball estimator: samples=0/31 visible=False ready=False pos=[-0.80009574  0.572271    1.3359871 ] vel=[-3.0023797  2.155706  -0.5305405][0m
[32m2026-06-29 18:05:26.838[0m | [1mINFO    [0m | [36menvs.hitter[0m:[36m_log_ball_planner_wait_state[0m:[36m694[0m - [1mWaiting for ball estimator: samples=0/31 visible=False ready=False pos=[-0.80009574  0.572271    1.3359871 ] vel=[-3.0023797  2.155706  -0.5305405][0m
[32m2026-06-29 18:05:27.340[0m | [1mINFO    [0m | [36menvs.hitter[0m:[36m_log_ball_planner_wait_state[0m:[36m694[0m - [1mWaiting for ball estimator: samples=0/31 visible=False ready=False pos=[-0.80009574  0.572271    1.3359871 ] vel=[-3.0023797  2.155706  -0.5305405][0m
[32m2026-06-29 18:05:27.842[0m | [1mINFO    [0m | [36menvs.hitter[0m:[36m_log_ball_planner_wait_state[0m:[36m694[0m - [1mWaiting for ball estimator: samples=0/31 visible=False ready=False pos=[-0.80009574  0.572271    1.3359871 ] vel=[-3.0023797  2.155706  -0.5305405][0m
[32m2026-06-29 18:05:28.344[0m | [1mINFO    [0m | [36menvs.hitter[0m:[36m_log_ball_planner_wait_state[0m:[36m694[0m - [1mWaiting for ball estimator: samples=0/31 visible=False ready=False pos=[-0.80009574  0.572271    1.3359871 ] vel=[-3.0023797  2.155706  -0.5305405][0m
[32m2026-06-29 18:05:28.846[0m | [1mINFO    [0m | [36menvs.hitter[0m:[36m_log_ball_planner_wait_state[0m:[36m694[0m - [1mWaiting for ball estimator: samples=0/31 visible=False ready=False pos=[-0.80009574  0.572271    1.3359871 ] vel=[-3.0023797  2.155706  -0.5305405][0m
[32m2026-06-29 18:05:29.348[0m | [1mINFO    [0m | [36menvs.hitter[0m:[36m_log_ball_planner_wait_state[0m:[36m694[0m - [1mWaiting for ball estimator: samples=0/31 visible=False ready=False pos=[-0.80009574  0.572271    1.3359871 ] vel=[-3.0023797  2.155706  -0.5305405][0m
[32m2026-06-29 18:05:29.850[0m | [1mINFO    [0m | [36menvs.hitter[0m:[36m_log_ball_planner_wait_state[0m:[36m694[0m - [1mWaiting for ball estimator: samples=0/31 visible=False ready=False pos=[-0.80009574  0.572271    1.3359871 ] vel=[-3.0023797  2.155706  -0.5305405][0m
[32m2026-06-29 18:05:30.352[0m | [1mINFO    [0m | [36menvs.hitter[0m:[36m_log_ball_planner_wait_state[0m:[36m694[0m - [1mWaiting for ball estimator: samples=0/31 visible=False ready=False pos=[-0.80009574  0.572271    1.3359871 ] vel=[-3.0023797  2.155706  -0.5305405][0m
[32m2026-06-29 18:05:30.857[0m | [1mINFO    [0m | [36menvs.hitter[0m:[36m_log_ball_planner_wait_state[0m:[36m694[0m - [1mWaiting for ball estimator: samples=0/31 visible=False ready=False pos=[-0.80009574  0.572271    1.3359871 ] vel=[-3.0023797  2.155706  -0.5305405][0m
[32m2026-06-29 18:05:31.376[0m | [1mINFO    [0m | [36menvs.hitter[0m:[36m_log_ball_planner_wait_state[0m:[36m694[0m - [1mWaiting for ball estimator: samples=0/31 visible=False ready=False pos=[-0.80009574  0.572271    1.3359871 ] vel=[-3.0023797  2.155706  -0.5305405][0m
[32m2026-06-29 18:05:31.878[0m | [1mINFO    [0m | [36menvs.hitter[0m:[36m_log_ball_planner_wait_state[0m:[36m694[0m - [1mWaiting for ball estimator: samples=0/31 visible=False ready=False pos=[-0.80009574  0.572271    1.3359871 ] vel=[-3.0023797  2.155706  -0.5305405][0m
[32m2026-06-29 18:05:32.379[0m | [1mINFO    [0m | [36menvs.hitter[0m:[36m_log_ball_planner_wait_state[0m:[36m694[0m - [1mWaiting for ball estimator: samples=0/31 visible=False ready=False pos=[-0.80009574  0.572271    1.3359871 ] vel=[-3.0023797  2.155706  -0.5305405][0m
[32m2026-06-29 18:05:32.882[0m | [1mINFO    [0m | [36menvs.hitter[0m:[36m_log_ball_planner_wait_state[0m:[36m694[0m - [1mWaiting for ball estimator: samples=0/31 visible=False ready=False pos=[-0.80009574  0.572271    1.3359871 ] vel=[-3.0023797  2.155706  -0.5305405][0m
[32m2026-06-29 18:05:33.383[0m | [1mINFO    [0m | [36menvs.hitter[0m:[36m_log_ball_planner_wait_state[0m:[36m694[0m - [1mWaiting for ball estimator: samples=0/31 visible=False ready=False pos=[-0.80009574  0.572271    1.3359871 ] vel=[-3.0023797  2.155706  -0.5305405][0m
[32m2026-06-29 18:05:33.885[0m | [1mINFO    [0m | [36menvs.hitter[0m:[36m_log_ball_planner_wait_state[0m:[36m694[0m - [1mWaiting for ball estimator: samples=0/31 visible=False ready=False pos=[-0.80009574  0.572271    1.3359871 ] vel=[-3.0023797  2.155706  -0.5305405][0m
[32m2026-06-29 18:05:34.387[0m | [1mINFO    [0m | [36menvs.hitter[0m:[36m_log_ball_planner_wait_state[0m:[36m694[0m - [1mWaiting for ball estimator: samples=0/31 visible=False ready=False pos=[-0.80009574  0.572271    1.3359871 ] vel=[-3.0023797  2.155706  -0.5305405][0m
[32m2026-06-29 18:05:34.889[0m | [1mINFO    [0m | [36menvs.hitter[0m:[36m_log_ball_planner_wait_state[0m:[36m694[0m - [1mWaiting for ball estimator: samples=0/31 visible=False ready=False pos=[-0.80009574  0.572271    1.3359871 ] vel=[-3.0023797  2.155706  -0.5305405][0m
[32m2026-06-29 18:05:35.391[0m | [1mINFO    [0m | [36menvs.hitter[0m:[36m_log_ball_planner_wait_state[0m:[36m694[0m - [1mWaiting for ball estimator: samples=0/31 visible=False ready=False pos=[-0.80009574  0.572271    1.3359871 ] vel=[-3.0023797  2.155706  -0.5305405][0m
[32m2026-06-29 18:05:35.893[0m | [1mINFO    [0m | [36menvs.hitter[0m:[36m_log_ball_planner_wait_state[0m:[36m694[0m - [1mWaiting for ball estimator: samples=0/31 visible=False ready=False pos=[-0.80009574  0.572271    1.3359871 ] vel=[-3.0023797  2.155706  -0.5305405][0m
[32m2026-06-29 18:05:36.312[0m | [33m[1mWARNING [0m | [36magents.loco_hitter_agent[0m:[36mrun[0m:[36m270[0m - [33m[1mStep timeout: -0.0211s[0m
[32m2026-06-29 18:05:36.395[0m | [1mINFO    [0m | [36menvs.hitter[0m:[36m_log_ball_planner_wait_state[0m:[36m694[0m - [1mWaiting for ball estimator: samples=0/31 visible=False ready=False pos=[-0.80009574  0.572271    1.3359871 ] vel=[-3.0023797  2.155706  -0.5305405][0m
[32m2026-06-29 18:05:36.897[0m | [1mINFO    [0m | [36menvs.hitter[0m:[36m_log_ball_planner_wait_state[0m:[36m694[0m - [1mWaiting for ball estimator: samples=0/31 visible=False ready=False pos=[-0.80009574  0.572271    1.3359871 ] vel=[-3.0023797  2.155706  -0.5305405][0m
[32m2026-06-29 18:05:37.399[0m | [1mINFO    [0m | [36menvs.hitter[0m:[36m_log_ball_planner_wait_state[0m:[36m694[0m - [1mWaiting for ball estimator: samples=0/31 visible=False ready=False pos=[-0.80009574  0.572271    1.3359871 ] vel=[-3.0023797  2.155706  -0.5305405][0m
[32m2026-06-29 18:05:37.902[0m | [1mINFO    [0m | [36menvs.hitter[0m:[36m_log_ball_planner_wait_state[0m:[36m694[0m - [1mWaiting for ball estimator: samples=0/31 visible=False ready=False pos=[-0.80009574  0.572271    1.3359871 ] vel=[-3.0023797  2.155706  -0.5305405][0m
[32m2026-06-29 18:05:38.403[0m | [1mINFO    [0m | [36menvs.hitter[0m:[36m_log_ball_planner_wait_state[0m:[36m694[0m - [1mWaiting for ball estimator: samples=0/31 visible=False ready=False pos=[-0.80009574  0.572271    1.3359871 ] vel=[-3.0023797  2.155706  -0.5305405][0m
[32m2026-06-29 18:05:38.905[0m | [1mINFO    [0m | [36menvs.hitter[0m:[36m_log_ball_planner_wait_state[0m:[36m694[0m - [1mWaiting for ball estimator: samples=0/31 visible=False ready=False pos=[-0.80009574  0.572271    1.3359871 ] vel=[-3.0023797  2.155706  -0.5305405][0m
[32m2026-06-29 18:05:39.407[0m | [1mINFO    [0m | [36menvs.hitter[0m:[36m_log_ball_planner_wait_state[0m:[36m694[0m - [1mWaiting for ball estimator: samples=0/31 visible=False ready=False pos=[-0.80009574  0.572271    1.3359871 ] vel=[-3.0023797  2.155706  -0.5305405][0m
[32m2026-06-29 18:05:39.909[0m | [1mINFO    [0m | [36menvs.hitter[0m:[36m_log_ball_planner_wait_state[0m:[36m694[0m - [1mWaiting for ball estimator: samples=0/31 visible=False ready=False pos=[-0.80009574  0.572271    1.3359871 ] vel=[-3.0023797  2.155706  -0.5305405][0m
[32m2026-06-29 18:05:40.411[0m | [1mINFO    [0m | [36menvs.hitter[0m:[36m_log_ball_planner_wait_state[0m:[36m694[0m - [1mWaiting for ball estimator: samples=0/31 visible=False ready=False pos=[-0.80009574  0.572271    1.3359871 ] vel=[-3.0023797  2.155706  -0.5305405][0m
[32m2026-06-29 18:05:40.913[0m | [1mINFO    [0m | [36menvs.hitter[0m:[36m_log_ball_planner_wait_state[0m:[36m694[0m - [1mWaiting for ball estimator: samples=0/31 visible=False ready=False pos=[-0.80009574  0.572271    1.3359871 ] vel=[-3.0023797  2.155706  -0.5305405][0m
[32m2026-06-29 18:05:41.414[0m | [1mINFO    [0m | [36menvs.hitter[0m:[36m_log_ball_planner_wait_state[0m:[36m694[0m - [1mWaiting for ball estimator: samples=0/31 visible=False ready=False pos=[-0.80009574  0.572271    1.3359871 ] vel=[-3.0023797  2.155706  -0.5305405][0m
[32m2026-06-29 18:05:41.918[0m | [1mINFO    [0m | [36menvs.hitter[0m:[36m_log_ball_planner_wait_state[0m:[36m694[0m - [1mWaiting for ball estimator: samples=0/31 visible=False ready=False pos=[-0.80009574  0.572271    1.3359871 ] vel=[-3.0023797  2.155706  -0.5305405][0m
[32m2026-06-29 18:05:42.438[0m | [1mINFO    [0m | [36menvs.hitter[0m:[36m_log_ball_planner_wait_state[0m:[36m694[0m - [1mWaiting for ball estimator: samples=0/31 visible=False ready=False pos=[-0.80009574  0.572271    1.3359871 ] vel=[-3.0023797  2.155706  -0.5305405][0m
[32m2026-06-29 18:05:42.940[0m | [1mINFO    [0m | [36menvs.hitter[0m:[36m_log_ball_planner_wait_state[0m:[36m694[0m - [1mWaiting for ball estimator: samples=0/31 visible=False ready=False pos=[-0.80009574  0.572271    1.3359871 ] vel=[-3.0023797  2.155706  -0.5305405][0m
[32m2026-06-29 18:05:43.442[0m | [1mINFO    [0m | [36menvs.hitter[0m:[36m_log_ball_planner_wait_state[0m:[36m694[0m - [1mWaiting for ball estimator: samples=0/31 visible=False ready=False pos=[-0.80009574  0.572271    1.3359871 ] vel=[-3.0023797  2.155706  -0.5305405][0m
[32m2026-06-29 18:05:43.890[0m | [33m[1mWARNING [0m | [36magents.loco_hitter_agent[0m:[36mrun[0m:[36m270[0m - [33m[1mStep timeout: -0.0097s[0m
[32m2026-06-29 18:05:43.954[0m | [1mINFO    [0m | [36menvs.hitter[0m:[36m_log_ball_planner_wait_state[0m:[36m694[0m - [1mWaiting for ball estimator: samples=0/31 visible=False ready=False pos=[-0.80009574  0.572271    1.3359871 ] vel=[-3.0023797  2.155706  -0.5305405][0m
[32m2026-06-29 18:05:44.456[0m | [1mINFO    [0m | [36menvs.hitter[0m:[36m_log_ball_planner_wait_state[0m:[36m694[0m - [1mWaiting for ball estimator: samples=0/31 visible=False ready=False pos=[-0.80009574  0.572271    1.3359871 ] vel=[-3.0023797  2.155706  -0.5305405][0m
[32m2026-06-29 18:05:44.958[0m | [1mINFO    [0m | [36menvs.hitter[0m:[36m_log_ball_planner_wait_state[0m:[36m694[0m - [1mWaiting for ball estimator: samples=0/31 visible=False ready=False pos=[-0.80009574  0.572271    1.3359871 ] vel=[-3.0023797  2.155706  -0.5305405][0m
[32m2026-06-29 18:05:45.460[0m | [1mINFO    [0m | [36menvs.hitter[0m:[36m_log_ball_planner_wait_state[0m:[36m694[0m - [1mWaiting for ball estimator: samples=0/31 visible=False ready=False pos=[-0.80009574  0.572271    1.3359871 ] vel=[-3.0023797  2.155706  -0.5305405][0m
[32m2026-06-29 18:05:45.961[0m | [1mINFO    [0m | [36menvs.hitter[0m:[36m_log_ball_planner_wait_state[0m:[36m694[0m - [1mWaiting for ball estimator: samples=0/31 visible=False ready=False pos=[-0.80009574  0.572271    1.3359871 ] vel=[-3.0023797  2.155706  -0.5305405][0m
[32m2026-06-29 18:05:46.463[0m | [1mINFO    [0m | [36menvs.hitter[0m:[36m_log_ball_planner_wait_state[0m:[36m694[0m - [1mWaiting for ball estimator: samples=0/31 visible=False ready=False pos=[-0.80009574  0.572271    1.3359871 ] vel=[-3.0023797  2.155706  -0.5305405][0m
[32m2026-06-29 18:05:46.965[0m | [1mINFO    [0m | [36menvs.hitter[0m:[36m_log_ball_planner_wait_state[0m:[36m694[0m - [1mWaiting for ball estimator: samples=0/31 visible=False ready=False pos=[-0.80009574  0.572271    1.3359871 ] vel=[-3.0023797  2.155706  -0.5305405][0m
[32m2026-06-29 18:05:47.466[0m | [1mINFO    [0m | [36menvs.hitter[0m:[36m_log_ball_planner_wait_state[0m:[36m694[0m - [1mWaiting for ball estimator: samples=0/31 visible=False ready=False pos=[-0.80009574  0.572271    1.3359871 ] vel=[-3.0023797  2.155706  -0.5305405][0m
[32m2026-06-29 18:05:47.968[0m | [1mINFO    [0m | [36menvs.hitter[0m:[36m_log_ball_planner_wait_state[0m:[36m694[0m - [1mWaiting for ball estimator: samples=0/31 visible=False ready=False pos=[-0.80009574  0.572271    1.3359871 ] vel=[-3.0023797  2.155706  -0.5305405][0m
[32m2026-06-29 18:05:48.471[0m | [1mINFO    [0m | [36menvs.hitter[0m:[36m_log_ball_planner_wait_state[0m:[36m694[0m - [1mWaiting for ball estimator: samples=0/31 visible=False ready=False pos=[-0.80009574  0.572271    1.3359871 ] vel=[-3.0023797  2.155706  -0.5305405][0m
[32m2026-06-29 18:05:48.972[0m | [1mINFO    [0m | [36menvs.hitter[0m:[36m_log_ball_planner_wait_state[0m:[36m694[0m - [1mWaiting for ball estimator: samples=0/31 visible=False ready=False pos=[-0.80009574  0.572271    1.3359871 ] vel=[-3.0023797  2.155706  -0.5305405][0m
[32m2026-06-29 18:05:49.475[0m | [1mINFO    [0m | [36menvs.hitter[0m:[36m_log_ball_planner_wait_state[0m:[36m694[0m - [1mWaiting for ball estimator: samples=0/31 visible=False ready=False pos=[-0.80009574  0.572271    1.3359871 ] vel=[-3.0023797  2.155706  -0.5305405][0m
[32m2026-06-29 18:05:49.533[0m | [33m[1mWARNING [0m | [36magents.loco_hitter_agent[0m:[36mrun[0m:[36m270[0m - [33m[1mStep timeout: -0.0219s[0m
[32m2026-06-29 18:05:49.695[0m | [33m[1mWARNING [0m | [36magents.loco_hitter_agent[0m:[36mrun[0m:[36m270[0m - [33m[1mStep timeout: -0.0019s[0m
[32m2026-06-29 18:05:49.980[0m | [1mINFO    [0m | [36menvs.hitter[0m:[36m_log_ball_planner_wait_state[0m:[36m694[0m - [1mWaiting for ball estimator: samples=0/31 visible=False ready=False pos=[-0.80009574  0.572271    1.3359871 ] vel=[-3.0023797  2.155706  -0.5305405][0m
[32m2026-06-29 18:05:50.481[0m | [1mINFO    [0m | [36menvs.hitter[0m:[36m_log_ball_planner_wait_state[0m:[36m694[0m - [1mWaiting for ball estimator: samples=0/31 visible=False ready=False pos=[-0.80009574  0.572271    1.3359871 ] vel=[-3.0023797  2.155706  -0.5305405][0m
[32m2026-06-29 18:05:50.983[0m | [1mINFO    [0m | [36menvs.hitter[0m:[36m_log_ball_planner_wait_state[0m:[36m694[0m - [1mWaiting for ball estimator: samples=0/31 visible=False ready=False pos=[-0.80009574  0.572271    1.3359871 ] vel=[-3.0023797  2.155706  -0.5305405][0m
[32m2026-06-29 18:05:51.485[0m | [1mINFO    [0m | [36menvs.hitter[0m:[36m_log_ball_planner_wait_state[0m:[36m694[0m - [1mWaiting for ball estimator: samples=0/31 visible=False ready=False pos=[-0.80009574  0.572271    1.3359871 ] vel=[-3.0023797  2.155706  -0.5305405][0m
[32m2026-06-29 18:05:51.987[0m | [1mINFO    [0m | [36menvs.hitter[0m:[36m_log_ball_planner_wait_state[0m:[36m694[0m - [1mWaiting for ball estimator: samples=0/31 visible=False ready=False pos=[-0.80009574  0.572271    1.3359871 ] vel=[-3.0023797  2.155706  -0.5305405][0m
[32m2026-06-29 18:05:52.489[0m | [1mINFO    [0m | [36menvs.hitter[0m:[36m_log_ball_planner_wait_state[0m:[36m694[0m - [1mWaiting for ball estimator: samples=0/31 visible=False ready=False pos=[-0.80009574  0.572271    1.3359871 ] vel=[-3.0023797  2.155706  -0.5305405][0m
[32m2026-06-29 18:05:52.992[0m | [1mINFO    [0m | [36menvs.hitter[0m:[36m_log_ball_planner_wait_state[0m:[36m694[0m - [1mWaiting for ball estimator: samples=0/31 visible=False ready=False pos=[-0.80009574  0.572271    1.3359871 ] vel=[-3.0023797  2.155706  -0.5305405][0m
[32m2026-06-29 18:05:53.493[0m | [1mINFO    [0m | [36menvs.hitter[0m:[36m_log_ball_planner_wait_state[0m:[36m694[0m - [1mWaiting for ball estimator: samples=0/31 visible=False ready=False pos=[-0.80009574  0.572271    1.3359871 ] vel=[-3.0023797  2.155706  -0.5305405][0m
[32m2026-06-29 18:05:53.999[0m | [1mINFO    [0m | [36menvs.hitter[0m:[36m_log_ball_planner_wait_state[0m:[36m694[0m - [1mWaiting for ball estimator: samples=0/31 visible=False ready=False pos=[-0.80009574  0.572271    1.3359871 ] vel=[-3.0023797  2.155706  -0.5305405][0m
[32m2026-06-29 18:05:54.517[0m | [1mINFO    [0m | [36menvs.hitter[0m:[36m_log_ball_planner_wait_state[0m:[36m694[0m - [1mWaiting for ball estimator: samples=0/31 visible=False ready=False pos=[-0.80009574  0.572271    1.3359871 ] vel=[-3.0023797  2.155706  -0.5305405][0m
[32m2026-06-29 18:05:55.019[0m | [1mINFO    [0m | [36menvs.hitter[0m:[36m_log_ball_planner_wait_state[0m:[36m694[0m - [1mWaiting for ball estimator: samples=0/31 visible=False ready=False pos=[-0.80009574  0.572271    1.3359871 ] vel=[-3.0023797  2.155706  -0.5305405][0m
[32m2026-06-29 18:05:55.521[0m | [1mINFO    [0m | [36menvs.hitter[0m:[36m_log_ball_planner_wait_state[0m:[36m694[0m - [1mWaiting for ball estimator: samples=0/31 visible=False ready=False pos=[-0.80009574  0.572271    1.3359871 ] vel=[-3.0023797  2.155706  -0.5305405][0m
[32m2026-06-29 18:05:56.023[0m | [1mINFO    [0m | [36menvs.hitter[0m:[36m_log_ball_planner_wait_state[0m:[36m694[0m - [1mWaiting for ball estimator: samples=0/31 visible=False ready=False pos=[-0.80009574  0.572271    1.3359871 ] vel=[-3.0023797  2.155706  -0.5305405][0m
[32m2026-06-29 18:05:56.525[0m | [1mINFO    [0m | [36menvs.hitter[0m:[36m_log_ball_planner_wait_state[0m:[36m694[0m - [1mWaiting for ball estimator: samples=0/31 visible=False ready=False pos=[-0.80009574  0.572271    1.3359871 ] vel=[-3.0023797  2.155706  -0.5305405][0m
[32m2026-06-29 18:05:57.027[0m | [1mINFO    [0m | [36menvs.hitter[0m:[36m_log_ball_planner_wait_state[0m:[36m694[0m - [1mWaiting for ball estimator: samples=0/31 visible=False ready=False pos=[-0.80009574  0.572271    1.3359871 ] vel=[-3.0023797  2.155706  -0.5305405][0m
[32m2026-06-29 18:05:57.529[0m | [1mINFO    [0m | [36menvs.hitter[0m:[36m_log_ball_planner_wait_state[0m:[36m694[0m - [1mWaiting for ball estimator: samples=0/31 visible=False ready=False pos=[-0.80009574  0.572271    1.3359871 ] vel=[-3.0023797  2.155706  -0.5305405][0m
[32m2026-06-29 18:05:58.031[0m | [1mINFO    [0m | [36menvs.hitter[0m:[36m_log_ball_planner_wait_state[0m:[36m694[0m - [1mWaiting for ball estimator: samples=0/31 visible=False ready=False pos=[-0.80009574  0.572271    1.3359871 ] vel=[-3.0023797  2.155706  -0.5305405][0m
[32m2026-06-29 18:05:58.533[0m | [1mINFO    [0m | [36menvs.hitter[0m:[36m_log_ball_planner_wait_state[0m:[36m694[0m - [1mWaiting for ball estimator: samples=0/31 visible=False ready=False pos=[-0.80009574  0.572271    1.3359871 ] vel=[-3.0023797  2.155706  -0.5305405][0m
[32m2026-06-29 18:05:59.035[0m | [1mINFO    [0m | [36menvs.hitter[0m:[36m_log_ball_planner_wait_state[0m:[36m694[0m - [1mWaiting for ball estimator: samples=0/31 visible=False ready=False pos=[-0.80009574  0.572271    1.3359871 ] vel=[-3.0023797  2.155706  -0.5305405][0m
[32m2026-06-29 18:05:59.537[0m | [1mINFO    [0m | [36menvs.hitter[0m:[36m_log_ball_planner_wait_state[0m:[36m694[0m - [1mWaiting for ball estimator: samples=0/31 visible=False ready=False pos=[-0.80009574  0.572271    1.3359871 ] vel=[-3.0023797  2.155706  -0.5305405][0m
[32m2026-06-29 18:06:00.039[0m | [1mINFO    [0m | [36menvs.hitter[0m:[36m_log_ball_planner_wait_state[0m:[36m694[0m - [1mWaiting for ball estimator: samples=0/31 visible=False ready=False pos=[-0.80009574  0.572271    1.3359871 ] vel=[-3.0023797  2.155706  -0.5305405][0m
[32m2026-06-29 18:06:00.541[0m | [1mINFO    [0m | [36menvs.hitter[0m:[36m_log_ball_planner_wait_state[0m:[36m694[0m - [1mWaiting for ball estimator: samples=0/31 visible=False ready=False pos=[-0.80009574  0.572271    1.3359871 ] vel=[-3.0023797  2.155706  -0.5305405][0m
[32m2026-06-29 18:06:01.043[0m | [1mINFO    [0m | [36menvs.hitter[0m:[36m_log_ball_planner_wait_state[0m:[36m694[0m - [1mWaiting for ball estimator: samples=0/31 visible=False ready=False pos=[-0.80009574  0.572271    1.3359871 ] vel=[-3.0023797  2.155706  -0.5305405][0m
[32m2026-06-29 18:06:01.545[0m | [1mINFO    [0m | [36menvs.hitter[0m:[36m_log_ball_planner_wait_state[0m:[36m694[0m - [1mWaiting for ball estimator: samples=0/31 visible=False ready=False pos=[-0.80009574  0.572271    1.3359871 ] vel=[-3.0023797  2.155706  -0.5305405][0m
[32m2026-06-29 18:06:02.047[0m | [1mINFO    [0m | [36menvs.hitter[0m:[36m_log_ball_planner_wait_state[0m:[36m694[0m - [1mWaiting for ball estimator: samples=0/31 visible=False ready=False pos=[-0.80009574  0.572271    1.3359871 ] vel=[-3.0023797  2.155706  -0.5305405][0m
[32m2026-06-29 18:06:02.552[0m | [1mINFO    [0m | [36menvs.hitter[0m:[36m_log_ball_planner_wait_state[0m:[36m694[0m - [1mWaiting for ball estimator: samples=0/31 visible=False ready=False pos=[-0.80009574  0.572271    1.3359871 ] vel=[-3.0023797  2.155706  -0.5305405][0m
[32m2026-06-29 18:06:02.727[0m | [33m[1mWARNING [0m | [36magents.loco_hitter_agent[0m:[36mrun[0m:[36m270[0m - [33m[1mStep timeout: -0.0206s[0m
[32m2026-06-29 18:06:03.071[0m | [1mINFO    [0m | [36menvs.hitter[0m:[36m_log_ball_planner_wait_state[0m:[36m694[0m - [1mWaiting for ball estimator: samples=0/31 visible=False ready=False pos=[-0.80009574  0.572271    1.3359871 ] vel=[-3.0023797  2.155706  -0.5305405][0m
[32m2026-06-29 18:06:03.573[0m | [1mINFO    [0m | [36menvs.hitter[0m:[36m_log_ball_planner_wait_state[0m:[36m694[0m - [1mWaiting for ball estimator: samples=0/31 visible=False ready=False pos=[-0.80009574  0.572271    1.3359871 ] vel=[-3.0023797  2.155706  -0.5305405][0m
[32m2026-06-29 18:06:04.075[0m | [1mINFO    [0m | [36menvs.hitter[0m:[36m_log_ball_planner_wait_state[0m:[36m694[0m - [1mWaiting for ball estimator: samples=0/31 visible=False ready=False pos=[-0.80009574  0.572271    1.3359871 ] vel=[-3.0023797  2.155706  -0.5305405][0m
[32m2026-06-29 18:06:04.577[0m | [1mINFO    [0m | [36menvs.hitter[0m:[36m_log_ball_planner_wait_state[0m:[36m694[0m - [1mWaiting for ball estimator: samples=0/31 visible=False ready=False pos=[-0.80009574  0.572271    1.3359871 ] vel=[-3.0023797  2.155706  -0.5305405][0m
[32m2026-06-29 18:06:05.079[0m | [1mINFO    [0m | [36menvs.hitter[0m:[36m_log_ball_planner_wait_state[0m:[36m694[0m - [1mWaiting for ball estimator: samples=0/31 visible=False ready=False pos=[-0.80009574  0.572271    1.3359871 ] vel=[-3.0023797  2.155706  -0.5305405][0m
[32m2026-06-29 18:06:05.581[0m | [1mINFO    [0m | [36menvs.hitter[0m:[36m_log_ball_planner_wait_state[0m:[36m694[0m - [1mWaiting for ball estimator: samples=0/31 visible=False ready=False pos=[-0.80009574  0.572271    1.3359871 ] vel=[-3.0023797  2.155706  -0.5305405][0m
[32m2026-06-29 18:06:06.083[0m | [1mINFO    [0m | [36menvs.hitter[0m:[36m_log_ball_planner_wait_state[0m:[36m694[0m - [1mWaiting for ball estimator: samples=0/31 visible=False ready=False pos=[-0.80009574  0.572271    1.3359871 ] vel=[-3.0023797  2.155706  -0.5305405][0m
[32m2026-06-29 18:06:06.585[0m | [1mINFO    [0m | [36menvs.hitter[0m:[36m_log_ball_planner_wait_state[0m:[36m694[0m - [1mWaiting for ball estimator: samples=0/31 visible=False ready=False pos=[-0.80009574  0.572271    1.3359871 ] vel=[-3.0023797  2.155706  -0.5305405][0m
[32m2026-06-29 18:06:07.087[0m | [1mINFO    [0m | [36menvs.hitter[0m:[36m_log_ball_planner_wait_state[0m:[36m694[0m - [1mWaiting for ball estimator: samples=0/31 visible=False ready=False pos=[-0.80009574  0.572271    1.3359871 ] vel=[-3.0023797  2.155706  -0.5305405][0m
[32m2026-06-29 18:06:07.588[0m | [1mINFO    [0m | [36menvs.hitter[0m:[36m_log_ball_planner_wait_state[0m:[36m694[0m - [1mWaiting for ball estimator: samples=0/31 visible=False ready=False pos=[-0.80009574  0.572271    1.3359871 ] vel=[-3.0023797  2.155706  -0.5305405][0m
[32m2026-06-29 18:06:08.090[0m | [1mINFO    [0m | [36menvs.hitter[0m:[36m_log_ball_planner_wait_state[0m:[36m694[0m - [1mWaiting for ball estimator: samples=0/31 visible=False ready=False pos=[-0.80009574  0.572271    1.3359871 ] vel=[-3.0023797  2.155706  -0.5305405][0m
[32m2026-06-29 18:06:08.592[0m | [1mINFO    [0m | [36menvs.hitter[0m:[36m_log_ball_planner_wait_state[0m:[36m694[0m - [1mWaiting for ball estimator: samples=0/31 visible=False ready=False pos=[-0.80009574  0.572271    1.3359871 ] vel=[-3.0023797  2.155706  -0.5305405][0m
[32m2026-06-29 18:06:09.093[0m | [1mINFO    [0m | [36menvs.hitter[0m:[36m_log_ball_planner_wait_state[0m:[36m694[0m - [1mWaiting for ball estimator: samples=0/31 visible=False ready=False pos=[-0.80009574  0.572271    1.3359871 ] vel=[-3.0023797  2.155706  -0.5305405][0m
[32m2026-06-29 18:06:09.595[0m | [1mINFO    [0m | [36menvs.hitter[0m:[36m_log_ball_planner_wait_state[0m:[36m694[0m - [1mWaiting for ball estimator: samples=0/31 visible=False ready=False pos=[-0.80009574  0.572271    1.3359871 ] vel=[-3.0023797  2.155706  -0.5305405][0m
[32m2026-06-29 18:06:10.097[0m | [1mINFO    [0m | [36menvs.hitter[0m:[36m_log_ball_planner_wait_state[0m:[36m694[0m - [1mWaiting for ball estimator: samples=0/31 visible=False ready=False pos=[-0.80009574  0.572271    1.3359871 ] vel=[-3.0023797  2.155706  -0.5305405][0m
[32m2026-06-29 18:06:10.599[0m | [1mINFO    [0m | [36menvs.hitter[0m:[36m_log_ball_planner_wait_state[0m:[36m694[0m - [1mWaiting for ball estimator: samples=0/31 visible=False ready=False pos=[-0.80009574  0.572271    1.3359871 ] vel=[-3.0023797  2.155706  -0.5305405][0m
[32m2026-06-29 18:06:11.101[0m | [1mINFO    [0m | [36menvs.hitter[0m:[36m_log_ball_planner_wait_state[0m:[36m694[0m - [1mWaiting for ball estimator: samples=0/31 visible=False ready=False pos=[-0.80009574  0.572271    1.3359871 ] vel=[-3.0023797  2.155706  -0.5305405][0m
[32m2026-06-29 18:06:11.603[0m | [1mINFO    [0m | [36menvs.hitter[0m:[36m_log_ball_planner_wait_state[0m:[36m694[0m - [1mWaiting for ball estimator: samples=0/31 visible=False ready=False pos=[-0.80009574  0.572271    1.3359871 ] vel=[-3.0023797  2.155706  -0.5305405][0m
[32m2026-06-29 18:06:12.105[0m | [1mINFO    [0m | [36menvs.hitter[0m:[36m_log_ball_planner_wait_state[0m:[36m694[0m - [1mWaiting for ball estimator: samples=0/31 visible=False ready=False pos=[-0.80009574  0.572271    1.3359871 ] vel=[-3.0023797  2.155706  -0.5305405][0m
[32m2026-06-29 18:06:12.606[0m | [1mINFO    [0m | [36menvs.hitter[0m:[36m_log_ball_planner_wait_state[0m:[36m694[0m - [1mWaiting for ball estimator: samples=0/31 visible=False ready=False pos=[-0.80009574  0.572271    1.3359871 ] vel=[-3.0023797  2.155706  -0.5305405][0m
[32m2026-06-29 18:06:13.108[0m | [1mINFO    [0m | [36menvs.hitter[0m:[36m_log_ball_planner_wait_state[0m:[36m694[0m - [1mWaiting for ball estimator: samples=0/31 visible=False ready=False pos=[-0.80009574  0.572271    1.3359871 ] vel=[-3.0023797  2.155706  -0.5305405][0m
[32m2026-06-29 18:06:13.614[0m | [1mINFO    [0m | [36menvs.hitter[0m:[36m_log_ball_planner_wait_state[0m:[36m694[0m - [1mWaiting for ball estimator: samples=0/31 visible=False ready=False pos=[-0.80009574  0.572271    1.3359871 ] vel=[-3.0023797  2.155706  -0.5305405][0m
[32m2026-06-29 18:06:14.131[0m | [1mINFO    [0m | [36menvs.hitter[0m:[36m_log_ball_planner_wait_state[0m:[36m694[0m - [1mWaiting for ball estimator: samples=0/31 visible=False ready=False pos=[-0.80009574  0.572271    1.3359871 ] vel=[-3.0023797  2.155706  -0.5305405][0m
[32m2026-06-29 18:06:14.633[0m | [1mINFO    [0m | [36menvs.hitter[0m:[36m_log_ball_planner_wait_state[0m:[36m694[0m - [1mWaiting for ball estimator: samples=0/31 visible=False ready=False pos=[-0.80009574  0.572271    1.3359871 ] vel=[-3.0023797  2.155706  -0.5305405][0m
[32m2026-06-29 18:06:15.135[0m | [1mINFO    [0m | [36menvs.hitter[0m:[36m_log_ball_planner_wait_state[0m:[36m694[0m - [1mWaiting for ball estimator: samples=0/31 visible=False ready=False pos=[-0.80009574  0.572271    1.3359871 ] vel=[-3.0023797  2.155706  -0.5305405][0m
[32m2026-06-29 18:06:15.637[0m | [1mINFO    [0m | [36menvs.hitter[0m:[36m_log_ball_planner_wait_state[0m:[36m694[0m - [1mWaiting for ball estimator: samples=0/31 visible=False ready=False pos=[-0.80009574  0.572271    1.3359871 ] vel=[-3.0023797  2.155706  -0.5305405][0m
[32m2026-06-29 18:06:15.935[0m | [33m[1mWARNING [0m | [36magents.loco_hitter_agent[0m:[36mrun[0m:[36m270[0m - [33m[1mStep timeout: -0.0203s[0m
[32m2026-06-29 18:06:16.139[0m | [1mINFO    [0m | [36menvs.hitter[0m:[36m_log_ball_planner_wait_state[0m:[36m694[0m - [1mWaiting for ball estimator: samples=0/31 visible=False ready=False pos=[-0.80009574  0.572271    1.3359871 ] vel=[-3.0023797  2.155706  -0.5305405][0m
[32m2026-06-29 18:06:16.641[0m | [1mINFO    [0m | [36menvs.hitter[0m:[36m_log_ball_planner_wait_state[0m:[36m694[0m - [1mWaiting for ball estimator: samples=0/31 visible=False ready=False pos=[-0.80009574  0.572271    1.3359871 ] vel=[-3.0023797  2.155706  -0.5305405][0m
[32m2026-06-29 18:06:17.143[0m | [1mINFO    [0m | [36menvs.hitter[0m:[36m_log_ball_planner_wait_state[0m:[36m694[0m - [1mWaiting for ball estimator: samples=0/31 visible=False ready=False pos=[-0.80009574  0.572271    1.3359871 ] vel=[-3.0023797  2.155706  -0.5305405][0m
[32m2026-06-29 18:06:17.645[0m | [1mINFO    [0m | [36menvs.hitter[0m:[36m_log_ball_planner_wait_state[0m:[36m694[0m - [1mWaiting for ball estimator: samples=0/31 visible=False ready=False pos=[-0.80009574  0.572271    1.3359871 ] vel=[-3.0023797  2.155706  -0.5305405][0m
[32m2026-06-29 18:06:18.147[0m | [1mINFO    [0m | [36menvs.hitter[0m:[36m_log_ball_planner_wait_state[0m:[36m694[0m - [1mWaiting for ball estimator: samples=0/31 visible=False ready=False pos=[-0.80009574  0.572271    1.3359871 ] vel=[-3.0023797  2.155706  -0.5305405][0m
[32m2026-06-29 18:06:18.649[0m | [1mINFO    [0m | [36menvs.hitter[0m:[36m_log_ball_planner_wait_state[0m:[36m694[0m - [1mWaiting for ball estimator: samples=0/31 visible=False ready=False pos=[-0.80009574  0.572271    1.3359871 ] vel=[-3.0023797  2.155706  -0.5305405][0m
[32m2026-06-29 18:06:19.150[0m | [1mINFO    [0m | [36menvs.hitter[0m:[36m_log_ball_planner_wait_state[0m:[36m694[0m - [1mWaiting for ball estimator: samples=0/31 visible=False ready=False pos=[-0.80009574  0.572271    1.3359871 ] vel=[-3.0023797  2.155706  -0.5305405][0m
[32m2026-06-29 18:06:19.652[0m | [1mINFO    [0m | [36menvs.hitter[0m:[36m_log_ball_planner_wait_state[0m:[36m694[0m - [1mWaiting for ball estimator: samples=0/31 visible=False ready=False pos=[-0.80009574  0.572271    1.3359871 ] vel=[-3.0023797  2.155706  -0.5305405][0m
[32m2026-06-29 18:06:19.811[0m | [33m[1mWARNING [0m | [36magents.loco_hitter_agent[0m:[36mrun[0m:[36m270[0m - [33m[1mStep timeout: -0.0013s[0m
[32m2026-06-29 18:06:20.156[0m | [1mINFO    [0m | [36menvs.hitter[0m:[36m_log_ball_planner_wait_state[0m:[36m694[0m - [1mWaiting for ball estimator: samples=0/31 visible=False ready=False pos=[-0.80009574  0.572271    1.3359871 ] vel=[-3.0023797  2.155706  -0.5305405][0m
[32m2026-06-29 18:06:20.658[0m | [1mINFO    [0m | [36menvs.hitter[0m:[36m_log_ball_planner_wait_state[0m:[36m694[0m - [1mWaiting for ball estimator: samples=0/31 visible=False ready=False pos=[-0.80009574  0.572271    1.3359871 ] vel=[-3.0023797  2.155706  -0.5305405][0m
[32m2026-06-29 18:06:21.160[0m | [1mINFO    [0m | [36menvs.hitter[0m:[36m_log_ball_planner_wait_state[0m:[36m694[0m - [1mWaiting for ball estimator: samples=0/31 visible=False ready=False pos=[-0.80009574  0.572271    1.3359871 ] vel=[-3.0023797  2.155706  -0.5305405][0m
[32m2026-06-29 18:06:21.664[0m | [1mINFO    [0m | [36menvs.hitter[0m:[36m_log_ball_planner_wait_state[0m:[36m694[0m - [1mWaiting for ball estimator: samples=0/31 visible=False ready=False pos=[-0.80009574  0.572271    1.3359871 ] vel=[-3.0023797  2.155706  -0.5305405][0m
[32m2026-06-29 18:06:22.184[0m | [1mINFO    [0m | [36menvs.hitter[0m:[36m_log_ball_planner_wait_state[0m:[36m694[0m - [1mWaiting for ball estimator: samples=0/31 visible=False ready=False pos=[-0.80009574  0.572271    1.3359871 ] vel=[-3.0023797  2.155706  -0.5305405][0m
[32m2026-06-29 18:06:22.686[0m | [1mINFO    [0m | [36menvs.hitter[0m:[36m_log_ball_planner_wait_state[0m:[36m694[0m - [1mWaiting for ball estimator: samples=0/31 visible=False ready=False pos=[-0.80009574  0.572271    1.3359871 ] vel=[-3.0023797  2.155706  -0.5305405][0m
[32m2026-06-29 18:06:23.187[0m | [1mINFO    [0m | [36menvs.hitter[0m:[36m_log_ball_planner_wait_state[0m:[36m694[0m - [1mWaiting for ball estimator: samples=0/31 visible=False ready=False pos=[-0.80009574  0.572271    1.3359871 ] vel=[-3.0023797  2.155706  -0.5305405][0m
[32m2026-06-29 18:06:23.689[0m | [1mINFO    [0m | [36menvs.hitter[0m:[36m_log_ball_planner_wait_state[0m:[36m694[0m - [1mWaiting for ball estimator: samples=0/31 visible=False ready=False pos=[-0.80009574  0.572271    1.3359871 ] vel=[-3.0023797  2.155706  -0.5305405][0m
[32m2026-06-29 18:06:24.191[0m | [1mINFO    [0m | [36menvs.hitter[0m:[36m_log_ball_planner_wait_state[0m:[36m694[0m - [1mWaiting for ball estimator: samples=0/31 visible=False ready=False pos=[-0.80009574  0.572271    1.3359871 ] vel=[-3.0023797  2.155706  -0.5305405][0m
[32m2026-06-29 18:06:24.693[0m | [1mINFO    [0m | [36menvs.hitter[0m:[36m_log_ball_planner_wait_state[0m:[36m694[0m - [1mWaiting for ball estimator: samples=0/31 visible=False ready=False pos=[-0.80009574  0.572271    1.3359871 ] vel=[-3.0023797  2.155706  -0.5305405][0m
[32m2026-06-29 18:06:25.196[0m | [1mINFO    [0m | [36menvs.hitter[0m:[36m_log_ball_planner_wait_state[0m:[36m694[0m - [1mWaiting for ball estimator: samples=0/31 visible=False ready=False pos=[-0.80009574  0.572271    1.3359871 ] vel=[-3.0023797  2.155706  -0.5305405][0m
[32m2026-06-29 18:06:25.697[0m | [1mINFO    [0m | [36menvs.hitter[0m:[36m_log_ball_planner_wait_state[0m:[36m694[0m - [1mWaiting for ball estimator: samples=0/31 visible=False ready=False pos=[-0.80009574  0.572271    1.3359871 ] vel=[-3.0023797  2.155706  -0.5305405][0m
[32m2026-06-29 18:06:26.200[0m | [1mINFO    [0m | [36menvs.hitter[0m:[36m_log_ball_planner_wait_state[0m:[36m694[0m - [1mWaiting for ball estimator: samples=0/31 visible=False ready=False pos=[-0.80009574  0.572271    1.3359871 ] vel=[-3.0023797  2.155706  -0.5305405][0m
[32m2026-06-29 18:06:26.701[0m | [1mINFO    [0m | [36menvs.hitter[0m:[36m_log_ball_planner_wait_state[0m:[36m694[0m - [1mWaiting for ball estimator: samples=0/31 visible=False ready=False pos=[-0.80009574  0.572271    1.3359871 ] vel=[-3.0023797  2.155706  -0.5305405][0m
[32m2026-06-29 18:06:27.206[0m | [1mINFO    [0m | [36menvs.hitter[0m:[36m_log_ball_planner_wait_state[0m:[36m694[0m - [1mWaiting for ball estimator: samples=0/31 visible=False ready=False pos=[-0.80009574  0.572271    1.3359871 ] vel=[-3.0023797  2.155706  -0.5305405][0m
[32m2026-06-29 18:06:27.725[0m | [1mINFO    [0m | [36menvs.hitter[0m:[36m_log_ball_planner_wait_state[0m:[36m694[0m - [1mWaiting for ball estimator: samples=0/31 visible=False ready=False pos=[-0.80009574  0.572271    1.3359871 ] vel=[-3.0023797  2.155706  -0.5305405][0m
[32m2026-06-29 18:06:28.227[0m | [1mINFO    [0m | [36menvs.hitter[0m:[36m_log_ball_planner_wait_state[0m:[36m694[0m - [1mWaiting for ball estimator: samples=0/31 visible=False ready=False pos=[-0.80009574  0.572271    1.3359871 ] vel=[-3.0023797  2.155706  -0.5305405][0m
[32m2026-06-29 18:06:28.729[0m | [1mINFO    [0m | [36menvs.hitter[0m:[36m_log_ball_planner_wait_state[0m:[36m694[0m - [1mWaiting for ball estimator: samples=0/31 visible=False ready=False pos=[-0.80009574  0.572271    1.3359871 ] vel=[-3.0023797  2.155706  -0.5305405][0m
[32m2026-06-29 18:06:29.128[0m | [33m[1mWARNING [0m | [36magents.loco_hitter_agent[0m:[36mrun[0m:[36m270[0m - [33m[1mStep timeout: -0.0214s[0m
[32m2026-06-29 18:06:29.233[0m | [1mINFO    [0m | [36menvs.hitter[0m:[36m_log_ball_planner_wait_state[0m:[36m694[0m - [1mWaiting for ball estimator: samples=0/31 visible=False ready=False pos=[-0.80009574  0.572271    1.3359871 ] vel=[-3.0023797  2.155706  -0.5305405][0m
[32m2026-06-29 18:06:29.734[0m | [1mINFO    [0m | [36menvs.hitter[0m:[36m_log_ball_planner_wait_state[0m:[36m694[0m - [1mWaiting for ball estimator: samples=0/31 visible=False ready=False pos=[-0.80009574  0.572271    1.3359871 ] vel=[-3.0023797  2.155706  -0.5305405][0m
[32m2026-06-29 18:06:30.236[0m | [1mINFO    [0m | [36menvs.hitter[0m:[36m_log_ball_planner_wait_state[0m:[36m694[0m - [1mWaiting for ball estimator: samples=0/31 visible=False ready=False pos=[-0.80009574  0.572271    1.3359871 ] vel=[-3.0023797  2.155706  -0.5305405][0m
[32m2026-06-29 18:06:30.737[0m | [1mINFO    [0m | [36menvs.hitter[0m:[36m_log_ball_planner_wait_state[0m:[36m694[0m - [1mWaiting for ball estimator: samples=0/31 visible=False ready=False pos=[-0.80009574  0.572271    1.3359871 ] vel=[-3.0023797  2.155706  -0.5305405][0m
[32m2026-06-29 18:06:31.239[0m | [1mINFO    [0m | [36menvs.hitter[0m:[36m_log_ball_planner_wait_state[0m:[36m694[0m - [1mWaiting for ball estimator: samples=0/31 visible=False ready=False pos=[-0.80009574  0.572271    1.3359871 ] vel=[-3.0023797  2.155706  -0.5305405][0m
[32m2026-06-29 18:06:31.741[0m | [1mINFO    [0m | [36menvs.hitter[0m:[36m_log_ball_planner_wait_state[0m:[36m694[0m - [1mWaiting for ball estimator: samples=0/31 visible=False ready=False pos=[-0.80009574  0.572271    1.3359871 ] vel=[-3.0023797  2.155706  -0.5305405][0m
[32m2026-06-29 18:06:32.242[0m | [1mINFO    [0m | [36menvs.hitter[0m:[36m_log_ball_planner_wait_state[0m:[36m694[0m - [1mWaiting for ball estimator: samples=0/31 visible=False ready=False pos=[-0.80009574  0.572271    1.3359871 ] vel=[-3.0023797  2.155706  -0.5305405][0m
[32m2026-06-29 18:06:32.744[0m | [1mINFO    [0m | [36menvs.hitter[0m:[36m_log_ball_planner_wait_state[0m:[36m694[0m - [1mWaiting for ball estimator: samples=0/31 visible=False ready=False pos=[-0.80009574  0.572271    1.3359871 ] vel=[-3.0023797  2.155706  -0.5305405][0m
[32m2026-06-29 18:06:33.246[0m | [1mINFO    [0m | [36menvs.hitter[0m:[36m_log_ball_planner_wait_state[0m:[36m694[0m - [1mWaiting for ball estimator: samples=0/31 visible=False ready=False pos=[-0.80009574  0.572271    1.3359871 ] vel=[-3.0023797  2.155706  -0.5305405][0m
[32m2026-06-29 18:06:33.748[0m | [1mINFO    [0m | [36menvs.hitter[0m:[36m_log_ball_planner_wait_state[0m:[36m694[0m - [1mWaiting for ball estimator: samples=0/31 visible=False ready=False pos=[-0.80009574  0.572271    1.3359871 ] vel=[-3.0023797  2.155706  -0.5305405][0m
[32m2026-06-29 18:06:34.249[0m | [1mINFO    [0m | [36menvs.hitter[0m:[36m_log_ball_planner_wait_state[0m:[36m694[0m - [1mWaiting for ball estimator: samples=0/31 visible=False ready=False pos=[-0.80009574  0.572271    1.3359871 ] vel=[-3.0023797  2.155706  -0.5305405][0m
[32m2026-06-29 18:06:34.751[0m | [1mINFO    [0m | [36menvs.hitter[0m:[36m_log_ball_planner_wait_state[0m:[36m694[0m - [1mWaiting for ball estimator: samples=0/31 visible=False ready=False pos=[-0.80009574  0.572271    1.3359871 ] vel=[-3.0023797  2.155706  -0.5305405][0m
[32m2026-06-29 18:06:35.253[0m | [1mINFO    [0m | [36menvs.hitter[0m:[36m_log_ball_planner_wait_state[0m:[36m694[0m - [1mWaiting for ball estimator: samples=0/31 visible=False ready=False pos=[-0.80009574  0.572271    1.3359871 ] vel=[-3.0023797  2.155706  -0.5305405][0m
[32m2026-06-29 18:06:35.449[0m | [33m[1mWARNING [0m | [36magents.loco_hitter_agent[0m:[36mrun[0m:[36m270[0m - [33m[1mStep timeout: -0.0188s[0m
[32m2026-06-29 18:06:35.753[0m | [1mINFO    [0m | [36menvs.hitter[0m:[36m_log_ball_planner_wait_state[0m:[36m694[0m - [1mWaiting for ball estimator: samples=0/31 visible=False ready=False pos=[-0.80009574  0.572271    1.3359871 ] vel=[-3.0023797  2.155706  -0.5305405][0m
[32m2026-06-29 18:06:36.256[0m | [1mINFO    [0m | [36menvs.hitter[0m:[36m_log_ball_planner_wait_state[0m:[36m694[0m - [1mWaiting for ball estimator: samples=0/31 visible=False ready=False pos=[-0.80009574  0.572271    1.3359871 ] vel=[-3.0023797  2.155706  -0.5305405][0m
[32m2026-06-29 18:06:36.758[0m | [1mINFO    [0m | [36menvs.hitter[0m:[36m_log_ball_planner_wait_state[0m:[36m694[0m - [1mWaiting for ball estimator: samples=0/31 visible=False ready=False pos=[-0.80009574  0.572271    1.3359871 ] vel=[-3.0023797  2.155706  -0.5305405][0m
[32m2026-06-29 18:06:37.259[0m | [1mINFO    [0m | [36menvs.hitter[0m:[36m_log_ball_planner_wait_state[0m:[36m694[0m - [1mWaiting for ball estimator: samples=0/31 visible=False ready=False pos=[-0.80009574  0.572271    1.3359871 ] vel=[-3.0023797  2.155706  -0.5305405][0m
[32m2026-06-29 18:06:37.761[0m | [1mINFO    [0m | [36menvs.hitter[0m:[36m_log_ball_planner_wait_state[0m:[36m694[0m - [1mWaiting for ball estimator: samples=0/31 visible=False ready=False pos=[-0.80009574  0.572271    1.3359871 ] vel=[-3.0023797  2.155706  -0.5305405][0m
[32m2026-06-29 18:06:38.263[0m | [1mINFO    [0m | [36menvs.hitter[0m:[36m_log_ball_planner_wait_state[0m:[36m694[0m - [1mWaiting for ball estimator: samples=0/31 visible=False ready=False pos=[-0.80009574  0.572271    1.3359871 ] vel=[-3.0023797  2.155706  -0.5305405][0m
[32m2026-06-29 18:06:38.765[0m | [1mINFO    [0m | [36menvs.hitter[0m:[36m_log_ball_planner_wait_state[0m:[36m694[0m - [1mWaiting for ball estimator: samples=0/31 visible=False ready=False pos=[-0.80009574  0.572271    1.3359871 ] vel=[-3.0023797  2.155706  -0.5305405][0m
[32m2026-06-29 18:06:39.267[0m | [1mINFO    [0m | [36menvs.hitter[0m:[36m_log_ball_planner_wait_state[0m:[36m694[0m - [1mWaiting for ball estimator: samples=0/31 visible=False ready=False pos=[-0.80009574  0.572271    1.3359871 ] vel=[-3.0023797  2.155706  -0.5305405][0m
[32m2026-06-29 18:06:39.769[0m | [1mINFO    [0m | [36menvs.hitter[0m:[36m_log_ball_planner_wait_state[0m:[36m694[0m - [1mWaiting for ball estimator: samples=0/31 visible=False ready=False pos=[-0.80009574  0.572271    1.3359871 ] vel=[-3.0023797  2.155706  -0.5305405][0m
[32m2026-06-29 18:06:40.271[0m | [1mINFO    [0m | [36menvs.hitter[0m:[36m_log_ball_planner_wait_state[0m:[36m694[0m - [1mWaiting for ball estimator: samples=0/31 visible=False ready=False pos=[-0.80009574  0.572271    1.3359871 ] vel=[-3.0023797  2.155706  -0.5305405][0m
[32m2026-06-29 18:06:40.772[0m | [1mINFO    [0m | [36menvs.hitter[0m:[36m_log_ball_planner_wait_state[0m:[36m694[0m - [1mWaiting for ball estimator: samples=0/31 visible=False ready=False pos=[-0.80009574  0.572271    1.3359871 ] vel=[-3.0023797  2.155706  -0.5305405][0m
[32m2026-06-29 18:06:41.274[0m | [1mINFO    [0m | [36menvs.hitter[0m:[36m_log_ball_planner_wait_state[0m:[36m694[0m - [1mWaiting for ball estimator: samples=0/31 visible=False ready=False pos=[-0.80009574  0.572271    1.3359871 ] vel=[-3.0023797  2.155706  -0.5305405][0m
[32m2026-06-29 18:06:41.776[0m | [1mINFO    [0m | [36menvs.hitter[0m:[36m_log_ball_planner_wait_state[0m:[36m694[0m - [1mWaiting for ball estimator: samples=0/31 visible=False ready=False pos=[-0.80009574  0.572271    1.3359871 ] vel=[-3.0023797  2.155706  -0.5305405][0m
[32m2026-06-29 18:06:41.993[0m | [33m[1mWARNING [0m | [36magents.loco_hitter_agent[0m:[36mrun[0m:[36m270[0m - [33m[1mStep timeout: -0.0197s[0m
[32m2026-06-29 18:06:42.278[0m | [1mINFO    [0m | [36menvs.hitter[0m:[36m_log_ball_planner_wait_state[0m:[36m694[0m - [1mWaiting for ball estimator: samples=0/31 visible=False ready=False pos=[-0.80009574  0.572271    1.3359871 ] vel=[-3.0023797  2.155706  -0.5305405][0m
[32m2026-06-29 18:06:42.780[0m | [1mINFO    [0m | [36menvs.hitter[0m:[36m_log_ball_planner_wait_state[0m:[36m694[0m - [1mWaiting for ball estimator: samples=0/31 visible=False ready=False pos=[-0.80009574  0.572271    1.3359871 ] vel=[-3.0023797  2.155706  -0.5305405][0m
[32m2026-06-29 18:06:43.281[0m | [1mINFO    [0m | [36menvs.hitter[0m:[36m_log_ball_planner_wait_state[0m:[36m694[0m - [1mWaiting for ball estimator: samples=0/31 visible=False ready=False pos=[-0.80009574  0.572271    1.3359871 ] vel=[-3.0023797  2.155706  -0.5305405][0m
[32m2026-06-29 18:06:43.784[0m | [1mINFO    [0m | [36menvs.hitter[0m:[36m_log_ball_planner_wait_state[0m:[36m694[0m - [1mWaiting for ball estimator: samples=0/31 visible=False ready=False pos=[-0.80009574  0.572271    1.3359871 ] vel=[-3.0023797  2.155706  -0.5305405][0m
[32m2026-06-29 18:06:44.286[0m | [1mINFO    [0m | [36menvs.hitter[0m:[36m_log_ball_planner_wait_state[0m:[36m694[0m - [1mWaiting for ball estimator: samples=0/31 visible=False ready=False pos=[-0.80009574  0.572271    1.3359871 ] vel=[-3.0023797  2.155706  -0.5305405][0m
[32m2026-06-29 18:06:44.788[0m | [1mINFO    [0m | [36menvs.hitter[0m:[36m_log_ball_planner_wait_state[0m:[36m694[0m - [1mWaiting for ball estimator: samples=0/31 visible=False ready=False pos=[-0.80009574  0.572271    1.3359871 ] vel=[-3.0023797  2.155706  -0.5305405][0m
[32m2026-06-29 18:06:45.290[0m | [1mINFO    [0m | [36menvs.hitter[0m:[36m_log_ball_planner_wait_state[0m:[36m694[0m - [1mWaiting for ball estimator: samples=0/31 visible=False ready=False pos=[-0.80009574  0.572271    1.3359871 ] vel=[-3.0023797  2.155706  -0.5305405][0m
[32m2026-06-29 18:06:45.793[0m | [1mINFO    [0m | [36menvs.hitter[0m:[36m_log_ball_planner_wait_state[0m:[36m694[0m - [1mWaiting for ball estimator: samples=0/31 visible=False ready=False pos=[-0.80009574  0.572271    1.3359871 ] vel=[-3.0023797  2.155706  -0.5305405][0m
[32m2026-06-29 18:06:45.816[0m | [33m[1mWARNING [0m | [36magents.loco_hitter_agent[0m:[36mrun[0m:[36m270[0m - [33m[1mStep timeout: -0.0077s[0m
[32m2026-06-29 18:06:46.304[0m | [1mINFO    [0m | [36menvs.hitter[0m:[36m_log_ball_planner_wait_state[0m:[36m694[0m - [1mWaiting for ball estimator: samples=0/31 visible=False ready=False pos=[-0.80009574  0.572271    1.3359871 ] vel=[-3.0023797  2.155706  -0.5305405][0m
[32m2026-06-29 18:06:46.824[0m | [1mINFO    [0m | [36menvs.hitter[0m:[36m_log_ball_planner_wait_state[0m:[36m694[0m - [1mWaiting for ball estimator: samples=0/31 visible=False ready=False pos=[-0.80009574  0.572271    1.3359871 ] vel=[-3.0023797  2.155706  -0.5305405][0m
[32m2026-06-29 18:06:47.325[0m | [1mINFO    [0m | [36menvs.hitter[0m:[36m_log_ball_planner_wait_state[0m:[36m694[0m - [1mWaiting for ball estimator: samples=0/31 visible=False ready=False pos=[-0.80009574  0.572271    1.3359871 ] vel=[-3.0023797  2.155706  -0.5305405][0m
[32m2026-06-29 18:06:47.827[0m | [1mINFO    [0m | [36menvs.hitter[0m:[36m_log_ball_planner_wait_state[0m:[36m694[0m - [1mWaiting for ball estimator: samples=0/31 visible=False ready=False pos=[-0.80009574  0.572271    1.3359871 ] vel=[-3.0023797  2.155706  -0.5305405][0m
[32m2026-06-29 18:06:48.330[0m | [1mINFO    [0m | [36menvs.hitter[0m:[36m_log_ball_planner_wait_state[0m:[36m694[0m - [1mWaiting for ball estimator: samples=0/31 visible=False ready=False pos=[-0.80009574  0.572271    1.3359871 ] vel=[-3.0023797  2.155706  -0.5305405][0m
[32m2026-06-29 18:06:48.832[0m | [1mINFO    [0m | [36menvs.hitter[0m:[36m_log_ball_planner_wait_state[0m:[36m694[0m - [1mWaiting for ball estimator: samples=0/31 visible=False ready=False pos=[-0.80009574  0.572271    1.3359871 ] vel=[-3.0023797  2.155706  -0.5305405][0m
[32m2026-06-29 18:06:49.334[0m | [1mINFO    [0m | [36menvs.hitter[0m:[36m_log_ball_planner_wait_state[0m:[36m694[0m - [1mWaiting for ball estimator: samples=0/31 visible=False ready=False pos=[-0.80009574  0.572271    1.3359871 ] vel=[-3.0023797  2.155706  -0.5305405][0m
[32m2026-06-29 18:06:49.837[0m | [1mINFO    [0m | [36menvs.hitter[0m:[36m_log_ball_planner_wait_state[0m:[36m694[0m - [1mWaiting for ball estimator: samples=0/31 visible=False ready=False pos=[-0.80009574  0.572271    1.3359871 ] vel=[-3.0023797  2.155706  -0.5305405][0m
[32m2026-06-29 18:06:50.338[0m | [1mINFO    [0m | [36menvs.hitter[0m:[36m_log_ball_planner_wait_state[0m:[36m694[0m - [1mWaiting for ball estimator: samples=0/31 visible=False ready=False pos=[-0.80009574  0.572271    1.3359871 ] vel=[-3.0023797  2.155706  -0.5305405][0m
[32m2026-06-29 18:06:50.840[0m | [1mINFO    [0m | [36menvs.hitter[0m:[36m_log_ball_planner_wait_state[0m:[36m694[0m - [1mWaiting for ball estimator: samples=0/31 visible=False ready=False pos=[-0.80009574  0.572271    1.3359871 ] vel=[-3.0023797  2.155706  -0.5305405][0m
[32m2026-06-29 18:06:51.342[0m | [1mINFO    [0m | [36menvs.hitter[0m:[36m_log_ball_planner_wait_state[0m:[36m694[0m - [1mWaiting for ball estimator: samples=0/31 visible=False ready=False pos=[-0.80009574  0.572271    1.3359871 ] vel=[-3.0023797  2.155706  -0.5305405][0m
[32m2026-06-29 18:06:51.844[0m | [1mINFO    [0m | [36menvs.hitter[0m:[36m_log_ball_planner_wait_state[0m:[36m694[0m - [1mWaiting for ball estimator: samples=0/31 visible=False ready=False pos=[-0.80009574  0.572271    1.3359871 ] vel=[-3.0023797  2.155706  -0.5305405][0m
[32m2026-06-29 18:06:52.346[0m | [1mINFO    [0m | [36menvs.hitter[0m:[36m_log_ball_planner_wait_state[0m:[36m694[0m - [1mWaiting for ball estimator: samples=0/31 visible=False ready=False pos=[-0.80009574  0.572271    1.3359871 ] vel=[-3.0023797  2.155706  -0.5305405][0m
[32m2026-06-29 18:06:52.847[0m | [1mINFO    [0m | [36menvs.hitter[0m:[36m_log_ball_planner_wait_state[0m:[36m694[0m - [1mWaiting for ball estimator: samples=0/31 visible=False ready=False pos=[-0.80009574  0.572271    1.3359871 ] vel=[-3.0023797  2.155706  -0.5305405][0m
[32m2026-06-29 18:06:53.350[0m | [1mINFO    [0m | [36menvs.hitter[0m:[36m_log_ball_planner_wait_state[0m:[36m694[0m - [1mWaiting for ball estimator: samples=0/31 visible=False ready=False pos=[-0.80009574  0.572271    1.3359871 ] vel=[-3.0023797  2.155706  -0.5305405][0m
[32m2026-06-29 18:06:53.852[0m | [1mINFO    [0m | [36menvs.hitter[0m:[36m_log_ball_planner_wait_state[0m:[36m694[0m - [1mWaiting for ball estimator: samples=0/31 visible=False ready=False pos=[-0.80009574  0.572271    1.3359871 ] vel=[-3.0023797  2.155706  -0.5305405][0m
[32m2026-06-29 18:06:54.354[0m | [1mINFO    [0m | [36menvs.hitter[0m:[36m_log_ball_planner_wait_state[0m:[36m694[0m - [1mWaiting for ball estimator: samples=0/31 visible=False ready=False pos=[-0.80009574  0.572271    1.3359871 ] vel=[-3.0023797  2.155706  -0.5305405][0m
[32m2026-06-29 18:06:54.856[0m | [1mINFO    [0m | [36menvs.hitter[0m:[36m_log_ball_planner_wait_state[0m:[36m694[0m - [1mWaiting for ball estimator: samples=0/31 visible=False ready=False pos=[-0.80009574  0.572271    1.3359871 ] vel=[-3.0023797  2.155706  -0.5305405][0m
[32m2026-06-29 18:06:55.073[0m | [33m[1mWARNING [0m | [36magents.loco_hitter_agent[0m:[36mrun[0m:[36m270[0m - [33m[1mStep timeout: -0.0198s[0m
[32m2026-06-29 18:06:55.357[0m | [1mINFO    [0m | [36menvs.hitter[0m:[36m_log_ball_planner_wait_state[0m:[36m694[0m - [1mWaiting for ball estimator: samples=0/31 visible=False ready=False pos=[-0.80009574  0.572271    1.3359871 ] vel=[-3.0023797  2.155706  -0.5305405][0m
[32m2026-06-29 18:06:55.860[0m | [1mINFO    [0m | [36menvs.hitter[0m:[36m_log_ball_planner_wait_state[0m:[36m694[0m - [1mWaiting for ball estimator: samples=0/31 visible=False ready=False pos=[-0.80009574  0.572271    1.3359871 ] vel=[-3.0023797  2.155706  -0.5305405][0m
[32m2026-06-29 18:06:56.364[0m | [1mINFO    [0m | [36menvs.hitter[0m:[36m_log_ball_planner_wait_state[0m:[36m694[0m - [1mWaiting for ball estimator: samples=0/31 visible=False ready=False pos=[-0.80009574  0.572271    1.3359871 ] vel=[-3.0023797  2.155706  -0.5305405][0m
[32m2026-06-29 18:06:56.864[0m | [1mINFO    [0m | [36menvs.hitter[0m:[36m_log_ball_planner_wait_state[0m:[36m694[0m - [1mWaiting for ball estimator: samples=0/31 visible=False ready=False pos=[-0.80009574  0.572271    1.3359871 ] vel=[-3.0023797  2.155706  -0.5305405][0m
[32m2026-06-29 18:06:57.366[0m | [1mINFO    [0m | [36menvs.hitter[0m:[36m_log_ball_planner_wait_state[0m:[36m694[0m - [1mWaiting for ball estimator: samples=0/31 visible=False ready=False pos=[-0.80009574  0.572271    1.3359871 ] vel=[-3.0023797  2.155706  -0.5305405][0m
[32m2026-06-29 18:06:57.868[0m | [1mINFO    [0m | [36menvs.hitter[0m:[36m_log_ball_planner_wait_state[0m:[36m694[0m - [1mWaiting for ball estimator: samples=0/31 visible=False ready=False pos=[-0.80009574  0.572271    1.3359871 ] vel=[-3.0023797  2.155706  -0.5305405][0m
[32m2026-06-29 18:06:58.370[0m | [1mINFO    [0m | [36menvs.hitter[0m:[36m_log_ball_planner_wait_state[0m:[36m694[0m - [1mWaiting for ball estimator: samples=0/31 visible=False ready=False pos=[-0.80009574  0.572271    1.3359871 ] vel=[-3.0023797  2.155706  -0.5305405][0m
[32m2026-06-29 18:06:58.872[0m | [1mINFO    [0m | [36menvs.hitter[0m:[36m_log_ball_planner_wait_state[0m:[36m694[0m - [1mWaiting for ball estimator: samples=0/31 visible=False ready=False pos=[-0.80009574  0.572271    1.3359871 ] vel=[-3.0023797  2.155706  -0.5305405][0m
[32m2026-06-29 18:06:59.374[0m | [1mINFO    [0m | [36menvs.hitter[0m:[36m_log_ball_planner_wait_state[0m:[36m694[0m - [1mWaiting for ball estimator: samples=0/31 visible=False ready=False pos=[-0.80009574  0.572271    1.3359871 ] vel=[-3.0023797  2.155706  -0.5305405][0m
[32m2026-06-29 18:06:59.879[0m | [1mINFO    [0m | [36menvs.hitter[0m:[36m_log_ball_planner_wait_state[0m:[36m694[0m - [1mWaiting for ball estimator: samples=0/31 visible=False ready=False pos=[-0.80009574  0.572271    1.3359871 ] vel=[-3.0023797  2.155706  -0.5305405][0m
[32m2026-06-29 18:07:00.398[0m | [1mINFO    [0m | [36menvs.hitter[0m:[36m_log_ball_planner_wait_state[0m:[36m694[0m - [1mWaiting for ball estimator: samples=0/31 visible=False ready=False pos=[-0.80009574  0.572271    1.3359871 ] vel=[-3.0023797  2.155706  -0.5305405][0m
[32m2026-06-29 18:07:00.899[0m | [1mINFO    [0m | [36menvs.hitter[0m:[36m_log_ball_planner_wait_state[0m:[36m694[0m - [1mWaiting for ball estimator: samples=0/31 visible=False ready=False pos=[-0.80009574  0.572271    1.3359871 ] vel=[-3.0023797  2.155706  -0.5305405][0m
[32m2026-06-29 18:07:01.404[0m | [1mINFO    [0m | [36menvs.hitter[0m:[36m_log_ball_planner_wait_state[0m:[36m694[0m - [1mWaiting for ball estimator: samples=0/31 visible=False ready=False pos=[-0.80009574  0.572271    1.3359871 ] vel=[-3.0023797  2.155706  -0.5305405][0m
[32m2026-06-29 18:07:01.923[0m | [1mINFO    [0m | [36menvs.hitter[0m:[36m_log_ball_planner_wait_state[0m:[36m694[0m - [1mWaiting for ball estimator: samples=0/31 visible=False ready=False pos=[-0.80009574  0.572271    1.3359871 ] vel=[-3.0023797  2.155706  -0.5305405][0m
[32m2026-06-29 18:07:02.425[0m | [1mINFO    [0m | [36menvs.hitter[0m:[36m_log_ball_planner_wait_state[0m:[36m694[0m - [1mWaiting for ball estimator: samples=0/31 visible=False ready=False pos=[-0.80009574  0.572271    1.3359871 ] vel=[-3.0023797  2.155706  -0.5305405][0m
[32m2026-06-29 18:07:02.624[0m | [33m[1mWARNING [0m | [36magents.loco_hitter_agent[0m:[36mrun[0m:[36m270[0m - [33m[1mStep timeout: -0.0018s[0m
[32m2026-06-29 18:07:02.929[0m | [1mINFO    [0m | [36menvs.hitter[0m:[36m_log_ball_planner_wait_state[0m:[36m694[0m - [1mWaiting for ball estimator: samples=0/31 visible=False ready=False pos=[-0.80009574  0.572271    1.3359871 ] vel=[-3.0023797  2.155706  -0.5305405][0m
[32m2026-06-29 18:07:03.431[0m | [1mINFO    [0m | [36menvs.hitter[0m:[36m_log_ball_planner_wait_state[0m:[36m694[0m - [1mWaiting for ball estimator: samples=0/31 visible=False ready=False pos=[-0.80009574  0.572271    1.3359871 ] vel=[-3.0023797  2.155706  -0.5305405][0m
[32m2026-06-29 18:07:03.933[0m | [1mINFO    [0m | [36menvs.hitter[0m:[36m_log_ball_planner_wait_state[0m:[36m694[0m - [1mWaiting for ball estimator: samples=0/31 visible=False ready=False pos=[-0.80009574  0.572271    1.3359871 ] vel=[-3.0023797  2.155706  -0.5305405][0m
[32m2026-06-29 18:07:04.435[0m | [1mINFO    [0m | [36menvs.hitter[0m:[36m_log_ball_planner_wait_state[0m:[36m694[0m - [1mWaiting for ball estimator: samples=0/31 visible=False ready=False pos=[-0.80009574  0.572271    1.3359871 ] vel=[-3.0023797  2.155706  -0.5305405][0m
[32m2026-06-29 18:07:04.937[0m | [1mINFO    [0m | [36menvs.hitter[0m:[36m_log_ball_planner_wait_state[0m:[36m694[0m - [1mWaiting for ball estimator: samples=0/31 visible=False ready=False pos=[-0.80009574  0.572271    1.3359871 ] vel=[-3.0023797  2.155706  -0.5305405][0m
[32m2026-06-29 18:07:05.439[0m | [1mINFO    [0m | [36menvs.hitter[0m:[36m_log_ball_planner_wait_state[0m:[36m694[0m - [1mWaiting for ball estimator: samples=0/31 visible=False ready=False pos=[-0.80009574  0.572271    1.3359871 ] vel=[-3.0023797  2.155706  -0.5305405][0m
[32m2026-06-29 18:07:05.940[0m | [1mINFO    [0m | [36menvs.hitter[0m:[36m_log_ball_planner_wait_state[0m:[36m694[0m - [1mWaiting for ball estimator: samples=0/31 visible=False ready=False pos=[-0.80009574  0.572271    1.3359871 ] vel=[-3.0023797  2.155706  -0.5305405][0m
[32m2026-06-29 18:07:06.442[0m | [1mINFO    [0m | [36menvs.hitter[0m:[36m_log_ball_planner_wait_state[0m:[36m694[0m - [1mWaiting for ball estimator: samples=0/31 visible=False ready=False pos=[-0.80009574  0.572271    1.3359871 ] vel=[-3.0023797  2.155706  -0.5305405][0m
[32m2026-06-29 18:07:06.944[0m | [1mINFO    [0m | [36menvs.hitter[0m:[36m_log_ball_planner_wait_state[0m:[36m694[0m - [1mWaiting for ball estimator: samples=0/31 visible=False ready=False pos=[-0.80009574  0.572271    1.3359871 ] vel=[-3.0023797  2.155706  -0.5305405][0m
[32m2026-06-29 18:07:07.445[0m | [1mINFO    [0m | [36menvs.hitter[0m:[36m_log_ball_planner_wait_state[0m:[36m694[0m - [1mWaiting for ball estimator: samples=0/31 visible=False ready=False pos=[-0.80009574  0.572271    1.3359871 ] vel=[-3.0023797  2.155706  -0.5305405][0m
[32m2026-06-29 18:07:07.947[0m | [1mINFO    [0m | [36menvs.hitter[0m:[36m_log_ball_planner_wait_state[0m:[36m694[0m - [1mWaiting for ball estimator: samples=0/31 visible=False ready=False pos=[-0.80009574  0.572271    1.3359871 ] vel=[-3.0023797  2.155706  -0.5305405][0m
[32m2026-06-29 18:07:08.113[0m | [33m[1mWARNING [0m | [36magents.loco_hitter_agent[0m:[36mrun[0m:[36m270[0m - [33m[1mStep timeout: -0.0092s[0m
[32m2026-06-29 18:07:08.279[0m | [33m[1mWARNING [0m | [36magents.loco_hitter_agent[0m:[36mrun[0m:[36m270[0m - [33m[1mStep timeout: -0.0246s[0m
[32m2026-06-29 18:07:08.463[0m | [1mINFO    [0m | [36menvs.hitter[0m:[36m_log_ball_planner_wait_state[0m:[36m694[0m - [1mWaiting for ball estimator: samples=0/31 visible=False ready=False pos=[-0.80009574  0.572271    1.3359871 ] vel=[-3.0023797  2.155706  -0.5305405][0m
[32m2026-06-29 18:07:08.965[0m | [1mINFO    [0m | [36menvs.hitter[0m:[36m_log_ball_planner_wait_state[0m:[36m694[0m - [1mWaiting for ball estimator: samples=0/31 visible=False ready=False pos=[-0.80009574  0.572271    1.3359871 ] vel=[-3.0023797  2.155706  -0.5305405][0m
[32m2026-06-29 18:07:09.467[0m | [1mINFO    [0m | [36menvs.hitter[0m:[36m_log_ball_planner_wait_state[0m:[36m694[0m - [1mWaiting for ball estimator: samples=0/31 visible=False ready=False pos=[-0.80009574  0.572271    1.3359871 ] vel=[-3.0023797  2.155706  -0.5305405][0m
[32m2026-06-29 18:07:09.969[0m | [1mINFO    [0m | [36menvs.hitter[0m:[36m_log_ball_planner_wait_state[0m:[36m694[0m - [1mWaiting for ball estimator: samples=0/31 visible=False ready=False pos=[-0.80009574  0.572271    1.3359871 ] vel=[-3.0023797  2.155706  -0.5305405][0m
[32m2026-06-29 18:07:10.471[0m | [1mINFO    [0m | [36menvs.hitter[0m:[36m_log_ball_planner_wait_state[0m:[36m694[0m - [1mWaiting for ball estimator: samples=0/31 visible=False ready=False pos=[-0.80009574  0.572271    1.3359871 ] vel=[-3.0023797  2.155706  -0.5305405][0m
[32m2026-06-29 18:07:10.972[0m | [1mINFO    [0m | [36menvs.hitter[0m:[36m_log_ball_planner_wait_state[0m:[36m694[0m - [1mWaiting for ball estimator: samples=0/31 visible=False ready=False pos=[-0.80009574  0.572271    1.3359871 ] vel=[-3.0023797  2.155706  -0.5305405][0m
[32m2026-06-29 18:07:11.474[0m | [1mINFO    [0m | [36menvs.hitter[0m:[36m_log_ball_planner_wait_state[0m:[36m694[0m - [1mWaiting for ball estimator: samples=0/31 visible=False ready=False pos=[-0.80009574  0.572271    1.3359871 ] vel=[-3.0023797  2.155706  -0.5305405][0m
[32m2026-06-29 18:07:11.976[0m | [1mINFO    [0m | [36menvs.hitter[0m:[36m_log_ball_planner_wait_state[0m:[36m694[0m - [1mWaiting for ball estimator: samples=0/31 visible=False ready=False pos=[-0.80009574  0.572271    1.3359871 ] vel=[-3.0023797  2.155706  -0.5305405][0m
[32m2026-06-29 18:07:12.478[0m | [1mINFO    [0m | [36menvs.hitter[0m:[36m_log_ball_planner_wait_state[0m:[36m694[0m - [1mWaiting for ball estimator: samples=0/31 visible=False ready=False pos=[-0.80009574  0.572271    1.3359871 ] vel=[-3.0023797  2.155706  -0.5305405][0m
[32m2026-06-29 18:07:12.980[0m | [1mINFO    [0m | [36menvs.hitter[0m:[36m_log_ball_planner_wait_state[0m:[36m694[0m - [1mWaiting for ball estimator: samples=0/31 visible=False ready=False pos=[-0.80009574  0.572271    1.3359871 ] vel=[-3.0023797  2.155706  -0.5305405][0m
[32m2026-06-29 18:07:13.482[0m | [1mINFO    [0m | [36menvs.hitter[0m:[36m_log_ball_planner_wait_state[0m:[36m694[0m - [1mWaiting for ball estimator: samples=0/31 visible=False ready=False pos=[-0.80009574  0.572271    1.3359871 ] vel=[-3.0023797  2.155706  -0.5305405][0m
[32m2026-06-29 18:07:13.984[0m | [1mINFO    [0m | [36menvs.hitter[0m:[36m_log_ball_planner_wait_state[0m:[36m694[0m - [1mWaiting for ball estimator: samples=0/31 visible=False ready=False pos=[-0.80009574  0.572271    1.3359871 ] vel=[-3.0023797  2.155706  -0.5305405][0m
[32m2026-06-29 18:07:14.486[0m | [1mINFO    [0m | [36menvs.hitter[0m:[36m_log_ball_planner_wait_state[0m:[36m694[0m - [1mWaiting for ball estimator: samples=0/31 visible=False ready=False pos=[-0.80009574  0.572271    1.3359871 ] vel=[-3.0023797  2.155706  -0.5305405][0m
[32m2026-06-29 18:07:14.987[0m | [1mINFO    [0m | [36menvs.hitter[0m:[36m_log_ball_planner_wait_state[0m:[36m694[0m - [1mWaiting for ball estimator: samples=0/31 visible=False ready=False pos=[-0.80009574  0.572271    1.3359871 ] vel=[-3.0023797  2.155706  -0.5305405][0m
[32m2026-06-29 18:07:15.489[0m | [1mINFO    [0m | [36menvs.hitter[0m:[36m_log_ball_planner_wait_state[0m:[36m694[0m - [1mWaiting for ball estimator: samples=0/31 visible=False ready=False pos=[-0.80009574  0.572271    1.3359871 ] vel=[-3.0023797  2.155706  -0.5305405][0m
[32m2026-06-29 18:07:15.991[0m | [1mINFO    [0m | [36menvs.hitter[0m:[36m_log_ball_planner_wait_state[0m:[36m694[0m - [1mWaiting for ball estimator: samples=0/31 visible=False ready=False pos=[-0.80009574  0.572271    1.3359871 ] vel=[-3.0023797  2.155706  -0.5305405][0m
[32m2026-06-29 18:07:16.493[0m | [1mINFO    [0m | [36menvs.hitter[0m:[36m_log_ball_planner_wait_state[0m:[36m694[0m - [1mWaiting for ball estimator: samples=0/31 visible=False ready=False pos=[-0.80009574  0.572271    1.3359871 ] vel=[-3.0023797  2.155706  -0.5305405][0m
[32m2026-06-29 18:07:16.995[0m | [1mINFO    [0m | [36menvs.hitter[0m:[36m_log_ball_planner_wait_state[0m:[36m694[0m - [1mWaiting for ball estimator: samples=0/31 visible=False ready=False pos=[-0.80009574  0.572271    1.3359871 ] vel=[-3.0023797  2.155706  -0.5305405][0m
[32m2026-06-29 18:07:17.497[0m | [1mINFO    [0m | [36menvs.hitter[0m:[36m_log_ball_planner_wait_state[0m:[36m694[0m - [1mWaiting for ball estimator: samples=0/31 visible=False ready=False pos=[-0.80009574  0.572271    1.3359871 ] vel=[-3.0023797  2.155706  -0.5305405][0m
[32m2026-06-29 18:07:17.999[0m | [1mINFO    [0m | [36menvs.hitter[0m:[36m_log_ball_planner_wait_state[0m:[36m694[0m - [1mWaiting for ball estimator: samples=0/31 visible=False ready=False pos=[-0.80009574  0.572271    1.3359871 ] vel=[-3.0023797  2.155706  -0.5305405][0m
[32m2026-06-29 18:07:18.501[0m | [1mINFO    [0m | [36menvs.hitter[0m:[36m_log_ball_planner_wait_state[0m:[36m694[0m - [1mWaiting for ball estimator: samples=0/31 visible=False ready=False pos=[-0.80009574  0.572271    1.3359871 ] vel=[-3.0023797  2.155706  -0.5305405][0m
[32m2026-06-29 18:07:19.005[0m | [1mINFO    [0m | [36menvs.hitter[0m:[36m_log_ball_planner_wait_state[0m:[36m694[0m - [1mWaiting for ball estimator: samples=0/31 visible=False ready=False pos=[-0.80009574  0.572271    1.3359871 ] vel=[-3.0023797  2.155706  -0.5305405][0m
[32m2026-06-29 18:07:19.507[0m | [1mINFO    [0m | [36menvs.hitter[0m:[36m_log_ball_planner_wait_state[0m:[36m694[0m - [1mWaiting for ball estimator: samples=0/31 visible=False ready=False pos=[-0.80009574  0.572271    1.3359871 ] vel=[-3.0023797  2.155706  -0.5305405][0m
[32m2026-06-29 18:07:19.707[0m | [33m[1mWARNING [0m | [36magents.loco_hitter_agent[0m:[36mrun[0m:[36m270[0m - [33m[1mStep timeout: -0.0054s[0m
[32m2026-06-29 18:07:20.011[0m | [1mINFO    [0m | [36menvs.hitter[0m:[36m_log_ball_planner_wait_state[0m:[36m694[0m - [1mWaiting for ball estimator: samples=0/31 visible=False ready=False pos=[-0.80009574  0.572271    1.3359871 ] vel=[-3.0023797  2.155706  -0.5305405][0m
[32m2026-06-29 18:07:20.514[0m | [1mINFO    [0m | [36menvs.hitter[0m:[36m_log_ball_planner_wait_state[0m:[36m694[0m - [1mWaiting for ball estimator: samples=0/31 visible=False ready=False pos=[-0.80009574  0.572271    1.3359871 ] vel=[-3.0023797  2.155706  -0.5305405][0m
[32m2026-06-29 18:07:21.016[0m | [1mINFO    [0m | [36menvs.hitter[0m:[36m_log_ball_planner_wait_state[0m:[36m694[0m - [1mWaiting for ball estimator: samples=0/31 visible=False ready=False pos=[-0.80009574  0.572271    1.3359871 ] vel=[-3.0023797  2.155706  -0.5305405][0m
[32m2026-06-29 18:07:21.233[0m | [33m[1mWARNING [0m | [36magents.loco_hitter_agent[0m:[36mrun[0m:[36m270[0m - [33m[1mStep timeout: -0.0206s[0m
[32m2026-06-29 18:07:21.517[0m | [1mINFO    [0m | [36menvs.hitter[0m:[36m_log_ball_planner_wait_state[0m:[36m694[0m - [1mWaiting for ball estimator: samples=0/31 visible=False ready=False pos=[-0.80009574  0.572271    1.3359871 ] vel=[-3.0023797  2.155706  -0.5305405][0m
[32m2026-06-29 18:07:22.019[0m | [1mINFO    [0m | [36menvs.hitter[0m:[36m_log_ball_planner_wait_state[0m:[36m694[0m - [1mWaiting for ball estimator: samples=0/31 visible=False ready=False pos=[-0.80009574  0.572271    1.3359871 ] vel=[-3.0023797  2.155706  -0.5305405][0m
[32m2026-06-29 18:07:22.521[0m | [1mINFO    [0m | [36menvs.hitter[0m:[36m_log_ball_planner_wait_state[0m:[36m694[0m - [1mWaiting for ball estimator: samples=0/31 visible=False ready=False pos=[-0.80009574  0.572271    1.3359871 ] vel=[-3.0023797  2.155706  -0.5305405][0m
[32m2026-06-29 18:07:23.023[0m | [1mINFO    [0m | [36menvs.hitter[0m:[36m_log_ball_planner_wait_state[0m:[36m694[0m - [1mWaiting for ball estimator: samples=0/31 visible=False ready=False pos=[-0.80009574  0.572271    1.3359871 ] vel=[-3.0023797  2.155706  -0.5305405][0m
[32m2026-06-29 18:07:23.525[0m | [1mINFO    [0m | [36menvs.hitter[0m:[36m_log_ball_planner_wait_state[0m:[36m694[0m - [1mWaiting for ball estimator: samples=0/31 visible=False ready=False pos=[-0.80009574  0.572271    1.3359871 ] vel=[-3.0023797  2.155706  -0.5305405][0m
[32m2026-06-29 18:07:23.726[0m | [33m[1mWARNING [0m | [36magents.loco_hitter_agent[0m:[36mrun[0m:[36m270[0m - [33m[1mStep timeout: -0.0040s[0m
[32m2026-06-29 18:07:23.752[0m | [33m[1mWARNING [0m | [36magents.loco_hitter_agent[0m:[36mrun[0m:[36m270[0m - [33m[1mStep timeout: -0.0054s[0m
[32m2026-06-29 18:07:24.037[0m | [1mINFO    [0m | [36menvs.hitter[0m:[36m_log_ball_planner_wait_state[0m:[36m694[0m - [1mWaiting for ball estimator: samples=0/31 visible=False ready=False pos=[-0.80009574  0.572271    1.3359871 ] vel=[-3.0023797  2.155706  -0.5305405][0m
[32m2026-06-29 18:07:24.538[0m | [1mINFO    [0m | [36menvs.hitter[0m:[36m_log_ball_planner_wait_state[0m:[36m694[0m - [1mWaiting for ball estimator: samples=0/31 visible=False ready=False pos=[-0.80009574  0.572271    1.3359871 ] vel=[-3.0023797  2.155706  -0.5305405][0m
[32m2026-06-29 18:07:25.040[0m | [1mINFO    [0m | [36menvs.hitter[0m:[36m_log_ball_planner_wait_state[0m:[36m694[0m - [1mWaiting for ball estimator: samples=0/31 visible=False ready=False pos=[-0.80009574  0.572271    1.3359871 ] vel=[-3.0023797  2.155706  -0.5305405][0m
[32m2026-06-29 18:07:25.543[0m | [1mINFO    [0m | [36menvs.hitter[0m:[36m_log_ball_planner_wait_state[0m:[36m694[0m - [1mWaiting for ball estimator: samples=0/31 visible=False ready=False pos=[-0.80009574  0.572271    1.3359871 ] vel=[-3.0023797  2.155706  -0.5305405][0m
[32m2026-06-29 18:07:26.045[0m | [1mINFO    [0m | [36menvs.hitter[0m:[36m_log_ball_planner_wait_state[0m:[36m694[0m - [1mWaiting for ball estimator: samples=0/31 visible=False ready=False pos=[-0.80009574  0.572271    1.3359871 ] vel=[-3.0023797  2.155706  -0.5305405][0m
[32m2026-06-29 18:07:26.547[0m | [1mINFO    [0m | [36menvs.hitter[0m:[36m_log_ball_planner_wait_state[0m:[36m694[0m - [1mWaiting for ball estimator: samples=0/31 visible=False ready=False pos=[-0.80009574  0.572271    1.3359871 ] vel=[-3.0023797  2.155706  -0.5305405][0m
[32m2026-06-29 18:07:27.049[0m | [1mINFO    [0m | [36menvs.hitter[0m:[36m_log_ball_planner_wait_state[0m:[36m694[0m - [1mWaiting for ball estimator: samples=0/31 visible=False ready=False pos=[-0.80009574  0.572271    1.3359871 ] vel=[-3.0023797  2.155706  -0.5305405][0m
[32m2026-06-29 18:07:27.551[0m | [1mINFO    [0m | [36menvs.hitter[0m:[36m_log_ball_planner_wait_state[0m:[36m694[0m - [1mWaiting for ball estimator: samples=0/31 visible=False ready=False pos=[-0.80009574  0.572271    1.3359871 ] vel=[-3.0023797  2.155706  -0.5305405][0m
[32m2026-06-29 18:07:28.053[0m | [1mINFO    [0m | [36menvs.hitter[0m:[36m_log_ball_planner_wait_state[0m:[36m694[0m - [1mWaiting for ball estimator: samples=0/31 visible=False ready=False pos=[-0.80009574  0.572271    1.3359871 ] vel=[-3.0023797  2.155706  -0.5305405][0m
[32m2026-06-29 18:07:28.555[0m | [1mINFO    [0m | [36menvs.hitter[0m:[36m_log_ball_planner_wait_state[0m:[36m694[0m - [1mWaiting for ball estimator: samples=0/31 visible=False ready=False pos=[-0.80009574  0.572271    1.3359871 ] vel=[-3.0023797  2.155706  -0.5305405][0m
[32m2026-06-29 18:07:29.057[0m | [1mINFO    [0m | [36menvs.hitter[0m:[36m_log_ball_planner_wait_state[0m:[36m694[0m - [1mWaiting for ball estimator: samples=0/31 visible=False ready=False pos=[-0.80009574  0.572271    1.3359871 ] vel=[-3.0023797  2.155706  -0.5305405][0m
[32m2026-06-29 18:07:29.559[0m | [1mINFO    [0m | [36menvs.hitter[0m:[36m_log_ball_planner_wait_state[0m:[36m694[0m - [1mWaiting for ball estimator: samples=0/31 visible=False ready=False pos=[-0.80009574  0.572271    1.3359871 ] vel=[-3.0023797  2.155706  -0.5305405][0m
[32m2026-06-29 18:07:30.061[0m | [1mINFO    [0m | [36menvs.hitter[0m:[36m_log_ball_planner_wait_state[0m:[36m694[0m - [1mWaiting for ball estimator: samples=0/31 visible=False ready=False pos=[-0.80009574  0.572271    1.3359871 ] vel=[-3.0023797  2.155706  -0.5305405][0m
[32m2026-06-29 18:07:30.563[0m | [1mINFO    [0m | [36menvs.hitter[0m:[36m_log_ball_planner_wait_state[0m:[36m694[0m - [1mWaiting for ball estimator: samples=0/31 visible=False ready=False pos=[-0.80009574  0.572271    1.3359871 ] vel=[-3.0023797  2.155706  -0.5305405][0m
[32m2026-06-29 18:07:31.065[0m | [1mINFO    [0m | [36menvs.hitter[0m:[36m_log_ball_planner_wait_state[0m:[36m694[0m - [1mWaiting for ball estimator: samples=0/31 visible=False ready=False pos=[-0.80009574  0.572271    1.3359871 ] vel=[-3.0023797  2.155706  -0.5305405][0m
[32m2026-06-29 18:07:31.567[0m | [1mINFO    [0m | [36menvs.hitter[0m:[36m_log_ball_planner_wait_state[0m:[36m694[0m - [1mWaiting for ball estimator: samples=0/31 visible=False ready=False pos=[-0.80009574  0.572271    1.3359871 ] vel=[-3.0023797  2.155706  -0.5305405][0m
[32m2026-06-29 18:07:32.069[0m | [1mINFO    [0m | [36menvs.hitter[0m:[36m_log_ball_planner_wait_state[0m:[36m694[0m - [1mWaiting for ball estimator: samples=0/31 visible=False ready=False pos=[-0.80009574  0.572271    1.3359871 ] vel=[-3.0023797  2.155706  -0.5305405][0m
[32m2026-06-29 18:07:32.573[0m | [1mINFO    [0m | [36menvs.hitter[0m:[36m_log_ball_planner_wait_state[0m:[36m694[0m - [1mWaiting for ball estimator: samples=0/31 visible=False ready=False pos=[-0.80009574  0.572271    1.3359871 ] vel=[-3.0023797  2.155706  -0.5305405][0m
[32m2026-06-29 18:07:33.093[0m | [1mINFO    [0m | [36menvs.hitter[0m:[36m_log_ball_planner_wait_state[0m:[36m694[0m - [1mWaiting for ball estimator: samples=0/31 visible=False ready=False pos=[-0.80009574  0.572271    1.3359871 ] vel=[-3.0023797  2.155706  -0.5305405][0m
[32m2026-06-29 18:07:33.594[0m | [1mINFO    [0m | [36menvs.hitter[0m:[36m_log_ball_planner_wait_state[0m:[36m694[0m - [1mWaiting for ball estimator: samples=0/31 visible=False ready=False pos=[-0.80009574  0.572271    1.3359871 ] vel=[-3.0023797  2.155706  -0.5305405][0m
[32m2026-06-29 18:07:34.077[0m | [33m[1mWARNING [0m | [36magents.loco_hitter_agent[0m:[36mrun[0m:[36m270[0m - [33m[1mStep timeout: -0.0252s[0m
[32m2026-06-29 18:07:34.101[0m | [1mINFO    [0m | [36menvs.hitter[0m:[36m_log_ball_planner_wait_state[0m:[36m694[0m - [1mWaiting for ball estimator: samples=0/31 visible=False ready=False pos=[-0.80009574  0.572271    1.3359871 ] vel=[-3.0023797  2.155706  -0.5305405][0m
[32m2026-06-29 18:07:34.603[0m | [1mINFO    [0m | [36menvs.hitter[0m:[36m_log_ball_planner_wait_state[0m:[36m694[0m - [1mWaiting for ball estimator: samples=0/31 visible=False ready=False pos=[-0.80009574  0.572271    1.3359871 ] vel=[-3.0023797  2.155706  -0.5305405][0m
[32m2026-06-29 18:07:35.105[0m | [1mINFO    [0m | [36menvs.hitter[0m:[36m_log_ball_planner_wait_state[0m:[36m694[0m - [1mWaiting for ball estimator: samples=0/31 visible=False ready=False pos=[-0.80009574  0.572271    1.3359871 ] vel=[-3.0023797  2.155706  -0.5305405][0m
[32m2026-06-29 18:07:35.607[0m | [1mINFO    [0m | [36menvs.hitter[0m:[36m_log_ball_planner_wait_state[0m:[36m694[0m - [1mWaiting for ball estimator: samples=0/31 visible=False ready=False pos=[-0.80009574  0.572271    1.3359871 ] vel=[-3.0023797  2.155706  -0.5305405][0m
[32m2026-06-29 18:07:35.772[0m | [33m[1mWARNING [0m | [36magents.loco_hitter_agent[0m:[36mrun[0m:[36m270[0m - [33m[1mStep timeout: -0.0080s[0m
[32m2026-06-29 18:07:36.117[0m | [1mINFO    [0m | [36menvs.hitter[0m:[36m_log_ball_planner_wait_state[0m:[36m694[0m - [1mWaiting for ball estimator: samples=0/31 visible=False ready=False pos=[-0.80009574  0.572271    1.3359871 ] vel=[-3.0023797  2.155706  -0.5305405][0m
[32m2026-06-29 18:07:36.619[0m | [1mINFO    [0m | [36menvs.hitter[0m:[36m_log_ball_planner_wait_state[0m:[36m694[0m - [1mWaiting for ball estimator: samples=0/31 visible=False ready=False pos=[-0.80009574  0.572271    1.3359871 ] vel=[-3.0023797  2.155706  -0.5305405][0m
[32m2026-06-29 18:07:37.124[0m | [1mINFO    [0m | [36menvs.hitter[0m:[36m_log_ball_planner_wait_state[0m:[36m694[0m - [1mWaiting for ball estimator: samples=0/31 visible=False ready=False pos=[-0.80009574  0.572271    1.3359871 ] vel=[-3.0023797  2.155706  -0.5305405][0m
[32m2026-06-29 18:07:37.625[0m | [1mINFO    [0m | [36menvs.hitter[0m:[36m_log_ball_planner_wait_state[0m:[36m694[0m - [1mWaiting for ball estimator: samples=0/31 visible=False ready=False pos=[-0.80009574  0.572271    1.3359871 ] vel=[-3.0023797  2.155706  -0.5305405][0m
[32m2026-06-29 18:07:38.144[0m | [1mINFO    [0m | [36menvs.hitter[0m:[36m_log_ball_planner_wait_state[0m:[36m694[0m - [1mWaiting for ball estimator: samples=0/31 visible=False ready=False pos=[-0.80009574  0.572271    1.3359871 ] vel=[-3.0023797  2.155706  -0.5305405][0m
[32m2026-06-29 18:07:38.646[0m | [1mINFO    [0m | [36menvs.hitter[0m:[36m_log_ball_planner_wait_state[0m:[36m694[0m - [1mWaiting for ball estimator: samples=0/31 visible=False ready=False pos=[-0.80009574  0.572271    1.3359871 ] vel=[-3.0023797  2.155706  -0.5305405][0m
[32m2026-06-29 18:07:39.148[0m | [1mINFO    [0m | [36menvs.hitter[0m:[36m_log_ball_planner_wait_state[0m:[36m694[0m - [1mWaiting for ball estimator: samples=0/31 visible=False ready=False pos=[-0.80009574  0.572271    1.3359871 ] vel=[-3.0023797  2.155706  -0.5305405][0m
[32m2026-06-29 18:07:39.650[0m | [1mINFO    [0m | [36menvs.hitter[0m:[36m_log_ball_planner_wait_state[0m:[36m694[0m - [1mWaiting for ball estimator: samples=0/31 visible=False ready=False pos=[-0.80009574  0.572271    1.3359871 ] vel=[-3.0023797  2.155706  -0.5305405][0m
[32m2026-06-29 18:07:40.151[0m | [1mINFO    [0m | [36menvs.hitter[0m:[36m_log_ball_planner_wait_state[0m:[36m694[0m - [1mWaiting for ball estimator: samples=0/31 visible=False ready=False pos=[-0.80009574  0.572271    1.3359871 ] vel=[-3.0023797  2.155706  -0.5305405][0m
[32m2026-06-29 18:07:40.653[0m | [1mINFO    [0m | [36menvs.hitter[0m:[36m_log_ball_planner_wait_state[0m:[36m694[0m - [1mWaiting for ball estimator: samples=0/31 visible=False ready=False pos=[-0.80009574  0.572271    1.3359871 ] vel=[-3.0023797  2.155706  -0.5305405][0m
[32m2026-06-29 18:07:41.155[0m | [1mINFO    [0m | [36menvs.hitter[0m:[36m_log_ball_planner_wait_state[0m:[36m694[0m - [1mWaiting for ball estimator: samples=0/31 visible=False ready=False pos=[-0.80009574  0.572271    1.3359871 ] vel=[-3.0023797  2.155706  -0.5305405][0m
[32m2026-06-29 18:07:41.334[0m | [33m[1mWARNING [0m | [36magents.loco_hitter_agent[0m:[36mrun[0m:[36m270[0m - [33m[1mStep timeout: -0.0017s[0m
[32m2026-06-29 18:07:41.659[0m | [1mINFO    [0m | [36menvs.hitter[0m:[36m_log_ball_planner_wait_state[0m:[36m694[0m - [1mWaiting for ball estimator: samples=0/31 visible=False ready=False pos=[-0.80009574  0.572271    1.3359871 ] vel=[-3.0023797  2.155706  -0.5305405][0m
[32m2026-06-29 18:07:42.161[0m | [1mINFO    [0m | [36menvs.hitter[0m:[36m_log_ball_planner_wait_state[0m:[36m694[0m - [1mWaiting for ball estimator: samples=0/31 visible=False ready=False pos=[-0.80009574  0.572271    1.3359871 ] vel=[-3.0023797  2.155706  -0.5305405][0m
[32m2026-06-29 18:07:42.663[0m | [1mINFO    [0m | [36menvs.hitter[0m:[36m_log_ball_planner_wait_state[0m:[36m694[0m - [1mWaiting for ball estimator: samples=0/31 visible=False ready=False pos=[-0.80009574  0.572271    1.3359871 ] vel=[-3.0023797  2.155706  -0.5305405][0m
[32m2026-06-29 18:07:43.165[0m | [1mINFO    [0m | [36menvs.hitter[0m:[36m_log_ball_planner_wait_state[0m:[36m694[0m - [1mWaiting for ball estimator: samples=0/31 visible=False ready=False pos=[-0.80009574  0.572271    1.3359871 ] vel=[-3.0023797  2.155706  -0.5305405][0m
[32m2026-06-29 18:07:43.670[0m | [1mINFO    [0m | [36menvs.hitter[0m:[36m_log_ball_planner_wait_state[0m:[36m694[0m - [1mWaiting for ball estimator: samples=0/31 visible=False ready=False pos=[-0.80009574  0.572271    1.3359871 ] vel=[-3.0023797  2.155706  -0.5305405][0m
[32m2026-06-29 18:07:44.189[0m | [1mINFO    [0m | [36menvs.hitter[0m:[36m_log_ball_planner_wait_state[0m:[36m694[0m - [1mWaiting for ball estimator: samples=0/31 visible=False ready=False pos=[-0.80009574  0.572271    1.3359871 ] vel=[-3.0023797  2.155706  -0.5305405][0m
[32m2026-06-29 18:07:44.695[0m | [1mINFO    [0m | [36menvs.hitter[0m:[36m_log_ball_planner_wait_state[0m:[36m694[0m - [1mWaiting for ball estimator: samples=0/31 visible=False ready=False pos=[-0.80009574  0.572271    1.3359871 ] vel=[-3.0023797  2.155706  -0.5305405][0m
[32m2026-06-29 18:07:45.196[0m | [1mINFO    [0m | [36menvs.hitter[0m:[36m_log_ball_planner_wait_state[0m:[36m694[0m - [1mWaiting for ball estimator: samples=0/31 visible=False ready=False pos=[-0.80009574  0.572271    1.3359871 ] vel=[-3.0023797  2.155706  -0.5305405][0m
[32m2026-06-29 18:07:45.715[0m | [1mINFO    [0m | [36menvs.hitter[0m:[36m_log_ball_planner_wait_state[0m:[36m694[0m - [1mWaiting for ball estimator: samples=0/31 visible=False ready=False pos=[-0.80009574  0.572271    1.3359871 ] vel=[-3.0023797  2.155706  -0.5305405][0m
[32m2026-06-29 18:07:46.218[0m | [1mINFO    [0m | [36menvs.hitter[0m:[36m_log_ball_planner_wait_state[0m:[36m694[0m - [1mWaiting for ball estimator: samples=0/31 visible=False ready=False pos=[-0.80009574  0.572271    1.3359871 ] vel=[-3.0023797  2.155706  -0.5305405][0m
[32m2026-06-29 18:07:46.718[0m | [1mINFO    [0m | [36menvs.hitter[0m:[36m_log_ball_planner_wait_state[0m:[36m694[0m - [1mWaiting for ball estimator: samples=0/31 visible=False ready=False pos=[-0.80009574  0.572271    1.3359871 ] vel=[-3.0023797  2.155706  -0.5305405][0m
[32m2026-06-29 18:07:47.040[0m | [33m[1mWARNING [0m | [36magents.loco_hitter_agent[0m:[36mrun[0m:[36m270[0m - [33m[1mStep timeout: -0.0236s[0m
[32m2026-06-29 18:07:47.224[0m | [1mINFO    [0m | [36menvs.hitter[0m:[36m_log_ball_planner_wait_state[0m:[36m694[0m - [1mWaiting for ball estimator: samples=0/31 visible=False ready=False pos=[-0.80009574  0.572271    1.3359871 ] vel=[-3.0023797  2.155706  -0.5305405][0m
[32m2026-06-29 18:07:47.726[0m | [1mINFO    [0m | [36menvs.hitter[0m:[36m_log_ball_planner_wait_state[0m:[36m694[0m - [1mWaiting for ball estimator: samples=0/31 visible=False ready=False pos=[-0.80009574  0.572271    1.3359871 ] vel=[-3.0023797  2.155706  -0.5305405][0m
[32m2026-06-29 18:07:48.228[0m | [1mINFO    [0m | [36menvs.hitter[0m:[36m_log_ball_planner_wait_state[0m:[36m694[0m - [1mWaiting for ball estimator: samples=0/31 visible=False ready=False pos=[-0.80009574  0.572271    1.3359871 ] vel=[-3.0023797  2.155706  -0.5305405][0m
[32m2026-06-29 18:07:48.730[0m | [1mINFO    [0m | [36menvs.hitter[0m:[36m_log_ball_planner_wait_state[0m:[36m694[0m - [1mWaiting for ball estimator: samples=0/31 visible=False ready=False pos=[-0.80009574  0.572271    1.3359871 ] vel=[-3.0023797  2.155706  -0.5305405][0m
[32m2026-06-29 18:07:49.232[0m | [1mINFO    [0m | [36menvs.hitter[0m:[36m_log_ball_planner_wait_state[0m:[36m694[0m - [1mWaiting for ball estimator: samples=0/31 visible=False ready=False pos=[-0.80009574  0.572271    1.3359871 ] vel=[-3.0023797  2.155706  -0.5305405][0m
[32m2026-06-29 18:07:49.734[0m | [1mINFO    [0m | [36menvs.hitter[0m:[36m_log_ball_planner_wait_state[0m:[36m694[0m - [1mWaiting for ball estimator: samples=0/31 visible=False ready=False pos=[-0.80009574  0.572271    1.3359871 ] vel=[-3.0023797  2.155706  -0.5305405][0m
[32m2026-06-29 18:07:50.236[0m | [1mINFO    [0m | [36menvs.hitter[0m:[36m_log_ball_planner_wait_state[0m:[36m694[0m - [1mWaiting for ball estimator: samples=0/31 visible=False ready=False pos=[-0.80009574  0.572271    1.3359871 ] vel=[-3.0023797  2.155706  -0.5305405][0m
[32m2026-06-29 18:07:50.738[0m | [1mINFO    [0m | [36menvs.hitter[0m:[36m_log_ball_planner_wait_state[0m:[36m694[0m - [1mWaiting for ball estimator: samples=0/31 visible=False ready=False pos=[-0.80009574  0.572271    1.3359871 ] vel=[-3.0023797  2.155706  -0.5305405][0m
[32m2026-06-29 18:07:51.240[0m | [1mINFO    [0m | [36menvs.hitter[0m:[36m_log_ball_planner_wait_state[0m:[36m694[0m - [1mWaiting for ball estimator: samples=0/31 visible=False ready=False pos=[-0.80009574  0.572271    1.3359871 ] vel=[-3.0023797  2.155706  -0.5305405][0m
[32m2026-06-29 18:07:51.742[0m | [1mINFO    [0m | [36menvs.hitter[0m:[36m_log_ball_planner_wait_state[0m:[36m694[0m - [1mWaiting for ball estimator: samples=0/31 visible=False ready=False pos=[-0.80009574  0.572271    1.3359871 ] vel=[-3.0023797  2.155706  -0.5305405][0m
[32m2026-06-29 18:07:52.244[0m | [1mINFO    [0m | [36menvs.hitter[0m:[36m_log_ball_planner_wait_state[0m:[36m694[0m - [1mWaiting for ball estimator: samples=0/31 visible=False ready=False pos=[-0.80009574  0.572271    1.3359871 ] vel=[-3.0023797  2.155706  -0.5305405][0m
[32m2026-06-29 18:07:52.747[0m | [1mINFO    [0m | [36menvs.hitter[0m:[36m_log_ball_planner_wait_state[0m:[36m694[0m - [1mWaiting for ball estimator: samples=0/31 visible=False ready=False pos=[-0.80009574  0.572271    1.3359871 ] vel=[-3.0023797  2.155706  -0.5305405][0m
[32m2026-06-29 18:07:53.247[0m | [1mINFO    [0m | [36menvs.hitter[0m:[36m_log_ball_planner_wait_state[0m:[36m694[0m - [1mWaiting for ball estimator: samples=0/31 visible=False ready=False pos=[-0.80009574  0.572271    1.3359871 ] vel=[-3.0023797  2.155706  -0.5305405][0m
[32m2026-06-29 18:07:53.750[0m | [1mINFO    [0m | [36menvs.hitter[0m:[36m_log_ball_planner_wait_state[0m:[36m694[0m - [1mWaiting for ball estimator: samples=0/31 visible=False ready=False pos=[-0.80009574  0.572271    1.3359871 ] vel=[-3.0023797  2.155706  -0.5305405][0m
[32m2026-06-29 18:07:54.252[0m | [1mINFO    [0m | [36menvs.hitter[0m:[36m_log_ball_planner_wait_state[0m:[36m694[0m - [1mWaiting for ball estimator: samples=0/31 visible=False ready=False pos=[-0.80009574  0.572271    1.3359871 ] vel=[-3.0023797  2.155706  -0.5305405][0m
[32m2026-06-29 18:07:54.753[0m | [1mINFO    [0m | [36menvs.hitter[0m:[36m_log_ball_planner_wait_state[0m:[36m694[0m - [1mWaiting for ball estimator: samples=0/31 visible=False ready=False pos=[-0.80009574  0.572271    1.3359871 ] vel=[-3.0023797  2.155706  -0.5305405][0m
[32m2026-06-29 18:07:55.255[0m | [1mINFO    [0m | [36menvs.hitter[0m:[36m_log_ball_planner_wait_state[0m:[36m694[0m - [1mWaiting for ball estimator: samples=0/31 visible=False ready=False pos=[-0.80009574  0.572271    1.3359871 ] vel=[-3.0023797  2.155706  -0.5305405][0m
[32m2026-06-29 18:07:55.757[0m | [1mINFO    [0m | [36menvs.hitter[0m:[36m_log_ball_planner_wait_state[0m:[36m694[0m - [1mWaiting for ball estimator: samples=0/31 visible=False ready=False pos=[-0.80009574  0.572271    1.3359871 ] vel=[-3.0023797  2.155706  -0.5305405][0m
[32m2026-06-29 18:07:56.259[0m | [1mINFO    [0m | [36menvs.hitter[0m:[36m_log_ball_planner_wait_state[0m:[36m694[0m - [1mWaiting for ball estimator: samples=0/31 visible=False ready=False pos=[-0.80009574  0.572271    1.3359871 ] vel=[-3.0023797  2.155706  -0.5305405][0m
[32m2026-06-29 18:07:56.760[0m | [1mINFO    [0m | [36menvs.hitter[0m:[36m_log_ball_planner_wait_state[0m:[36m694[0m - [1mWaiting for ball estimator: samples=0/31 visible=False ready=False pos=[-0.80009574  0.572271    1.3359871 ] vel=[-3.0023797  2.155706  -0.5305405][0m
[32m2026-06-29 18:07:57.263[0m | [1mINFO    [0m | [36menvs.hitter[0m:[36m_log_ball_planner_wait_state[0m:[36m694[0m - [1mWaiting for ball estimator: samples=0/31 visible=False ready=False pos=[-0.80009574  0.572271    1.3359871 ] vel=[-3.0023797  2.155706  -0.5305405][0m
[32m2026-06-29 18:07:57.765[0m | [1mINFO    [0m | [36menvs.hitter[0m:[36m_log_ball_planner_wait_state[0m:[36m694[0m - [1mWaiting for ball estimator: samples=0/31 visible=False ready=False pos=[-0.80009574  0.572271    1.3359871 ] vel=[-3.0023797  2.155706  -0.5305405][0m
[32m2026-06-29 18:07:58.267[0m | [1mINFO    [0m | [36menvs.hitter[0m:[36m_log_ball_planner_wait_state[0m:[36m694[0m - [1mWaiting for ball estimator: samples=0/31 visible=False ready=False pos=[-0.80009574  0.572271    1.3359871 ] vel=[-3.0023797  2.155706  -0.5305405][0m
[32m2026-06-29 18:07:58.768[0m | [1mINFO    [0m | [36menvs.hitter[0m:[36m_log_ball_planner_wait_state[0m:[36m694[0m - [1mWaiting for ball estimator: samples=0/31 visible=False ready=False pos=[-0.80009574  0.572271    1.3359871 ] vel=[-3.0023797  2.155706  -0.5305405][0m
[32m2026-06-29 18:07:59.270[0m | [1mINFO    [0m | [36menvs.hitter[0m:[36m_log_ball_planner_wait_state[0m:[36m694[0m - [1mWaiting for ball estimator: samples=0/31 visible=False ready=False pos=[-0.80009574  0.572271    1.3359871 ] vel=[-3.0023797  2.155706  -0.5305405][0m
[32m2026-06-29 18:07:59.772[0m | [1mINFO    [0m | [36menvs.hitter[0m:[36m_log_ball_planner_wait_state[0m:[36m694[0m - [1mWaiting for ball estimator: samples=0/31 visible=False ready=False pos=[-0.80009574  0.572271    1.3359871 ] vel=[-3.0023797  2.155706  -0.5305405][0m
[32m2026-06-29 18:08:00.251[0m | [33m[1mWARNING [0m | [36magents.loco_hitter_agent[0m:[36mrun[0m:[36m270[0m - [33m[1mStep timeout: -0.0208s[0m
[32m2026-06-29 18:08:00.276[0m | [1mINFO    [0m | [36menvs.hitter[0m:[36m_log_ball_planner_wait_state[0m:[36m694[0m - [1mWaiting for ball estimator: samples=0/31 visible=False ready=False pos=[-0.80009574  0.572271    1.3359871 ] vel=[-3.0023797  2.155706  -0.5305405][0m
[32m2026-06-29 18:08:00.777[0m | [1mINFO    [0m | [36menvs.hitter[0m:[36m_log_ball_planner_wait_state[0m:[36m694[0m - [1mWaiting for ball estimator: samples=0/31 visible=False ready=False pos=[-0.80009574  0.572271    1.3359871 ] vel=[-3.0023797  2.155706  -0.5305405][0m
[32m2026-06-29 18:08:01.057[0m | [33m[1mWARNING [0m | [36magents.loco_hitter_agent[0m:[36mrun[0m:[36m270[0m - [33m[1mStep timeout: -0.0031s[0m
[32m2026-06-29 18:08:01.281[0m | [1mINFO    [0m | [36menvs.hitter[0m:[36m_log_ball_planner_wait_state[0m:[36m694[0m - [1mWaiting for ball estimator: samples=0/31 visible=False ready=False pos=[-0.80009574  0.572271    1.3359871 ] vel=[-3.0023797  2.155706  -0.5305405][0m
[32m2026-06-29 18:08:01.717[0m | [33m[1mWARNING [0m | [36magents.loco_hitter_agent[0m:[36mrun[0m:[36m270[0m - [33m[1mStep timeout: -0.0178s[0m
[32m2026-06-29 18:08:01.801[0m | [1mINFO    [0m | [36menvs.hitter[0m:[36m_log_ball_planner_wait_state[0m:[36m694[0m - [1mWaiting for ball estimator: samples=0/31 visible=False ready=False pos=[-0.80009574  0.572271    1.3359871 ] vel=[-3.0023797  2.155706  -0.5305405][0m
[32m2026-06-29 18:08:02.303[0m | [1mINFO    [0m | [36menvs.hitter[0m:[36m_log_ball_planner_wait_state[0m:[36m694[0m - [1mWaiting for ball estimator: samples=0/31 visible=False ready=False pos=[-0.80009574  0.572271    1.3359871 ] vel=[-3.0023797  2.155706  -0.5305405][0m
[32m2026-06-29 18:08:02.805[0m | [1mINFO    [0m | [36menvs.hitter[0m:[36m_log_ball_planner_wait_state[0m:[36m694[0m - [1mWaiting for ball estimator: samples=0/31 visible=False ready=False pos=[-0.80009574  0.572271    1.3359871 ] vel=[-3.0023797  2.155706  -0.5305405][0m
[32m2026-06-29 18:08:03.307[0m | [1mINFO    [0m | [36menvs.hitter[0m:[36m_log_ball_planner_wait_state[0m:[36m694[0m - [1mWaiting for ball estimator: samples=0/31 visible=False ready=False pos=[-0.80009574  0.572271    1.3359871 ] vel=[-3.0023797  2.155706  -0.5305405][0m
[32m2026-06-29 18:08:03.809[0m | [1mINFO    [0m | [36menvs.hitter[0m:[36m_log_ball_planner_wait_state[0m:[36m694[0m - [1mWaiting for ball estimator: samples=0/31 visible=False ready=False pos=[-0.80009574  0.572271    1.3359871 ] vel=[-3.0023797  2.155706  -0.5305405][0m
[32m2026-06-29 18:08:04.311[0m | [1mINFO    [0m | [36menvs.hitter[0m:[36m_log_ball_planner_wait_state[0m:[36m694[0m - [1mWaiting for ball estimator: samples=0/31 visible=False ready=False pos=[-0.80009574  0.572271    1.3359871 ] vel=[-3.0023797  2.155706  -0.5305405][0m
[32m2026-06-29 18:08:04.813[0m | [1mINFO    [0m | [36menvs.hitter[0m:[36m_log_ball_planner_wait_state[0m:[36m694[0m - [1mWaiting for ball estimator: samples=0/31 visible=False ready=False pos=[-0.80009574  0.572271    1.3359871 ] vel=[-3.0023797  2.155706  -0.5305405][0m
[32m2026-06-29 18:08:05.315[0m | [1mINFO    [0m | [36menvs.hitter[0m:[36m_log_ball_planner_wait_state[0m:[36m694[0m - [1mWaiting for ball estimator: samples=0/31 visible=False ready=False pos=[-0.80009574  0.572271    1.3359871 ] vel=[-3.0023797  2.155706  -0.5305405][0m
[32m2026-06-29 18:08:05.818[0m | [1mINFO    [0m | [36menvs.hitter[0m:[36m_log_ball_planner_wait_state[0m:[36m694[0m - [1mWaiting for ball estimator: samples=0/31 visible=False ready=False pos=[-0.80009574  0.572271    1.3359871 ] vel=[-3.0023797  2.155706  -0.5305405][0m
[32m2026-06-29 18:08:06.319[0m | [1mINFO    [0m | [36menvs.hitter[0m:[36m_log_ball_planner_wait_state[0m:[36m694[0m - [1mWaiting for ball estimator: samples=0/31 visible=False ready=False pos=[-0.80009574  0.572271    1.3359871 ] vel=[-3.0023797  2.155706  -0.5305405][0m
[32m2026-06-29 18:08:06.821[0m | [1mINFO    [0m | [36menvs.hitter[0m:[36m_log_ball_planner_wait_state[0m:[36m694[0m - [1mWaiting for ball estimator: samples=0/31 visible=False ready=False pos=[-0.80009574  0.572271    1.3359871 ] vel=[-3.0023797  2.155706  -0.5305405][0m
[32m2026-06-29 18:08:07.323[0m | [1mINFO    [0m | [36menvs.hitter[0m:[36m_log_ball_planner_wait_state[0m:[36m694[0m - [1mWaiting for ball estimator: samples=0/31 visible=False ready=False pos=[-0.80009574  0.572271    1.3359871 ] vel=[-3.0023797  2.155706  -0.5305405][0m
[32m2026-06-29 18:08:07.825[0m | [1mINFO    [0m | [36menvs.hitter[0m:[36m_log_ball_planner_wait_state[0m:[36m694[0m - [1mWaiting for ball estimator: samples=0/31 visible=False ready=False pos=[-0.80009574  0.572271    1.3359871 ] vel=[-3.0023797  2.155706  -0.5305405][0m
[32m2026-06-29 18:08:08.328[0m | [1mINFO    [0m | [36menvs.hitter[0m:[36m_log_ball_planner_wait_state[0m:[36m694[0m - [1mWaiting for ball estimator: samples=0/31 visible=False ready=False pos=[-0.80009574  0.572271    1.3359871 ] vel=[-3.0023797  2.155706  -0.5305405][0m
[32m2026-06-29 18:08:08.829[0m | [1mINFO    [0m | [36menvs.hitter[0m:[36m_log_ball_planner_wait_state[0m:[36m694[0m - [1mWaiting for ball estimator: samples=0/31 visible=False ready=False pos=[-0.80009574  0.572271    1.3359871 ] vel=[-3.0023797  2.155706  -0.5305405][0m
[32m2026-06-29 18:08:09.331[0m | [1mINFO    [0m | [36menvs.hitter[0m:[36m_log_ball_planner_wait_state[0m:[36m694[0m - [1mWaiting for ball estimator: samples=0/31 visible=False ready=False pos=[-0.80009574  0.572271    1.3359871 ] vel=[-3.0023797  2.155706  -0.5305405][0m
[32m2026-06-29 18:08:09.833[0m | [1mINFO    [0m | [36menvs.hitter[0m:[36m_log_ball_planner_wait_state[0m:[36m694[0m - [1mWaiting for ball estimator: samples=0/31 visible=False ready=False pos=[-0.80009574  0.572271    1.3359871 ] vel=[-3.0023797  2.155706  -0.5305405][0m
[32m2026-06-29 18:08:10.335[0m | [1mINFO    [0m | [36menvs.hitter[0m:[36m_log_ball_planner_wait_state[0m:[36m694[0m - [1mWaiting for ball estimator: samples=0/31 visible=False ready=False pos=[-0.80009574  0.572271    1.3359871 ] vel=[-3.0023797  2.155706  -0.5305405][0m
[32m2026-06-29 18:08:10.837[0m | [1mINFO    [0m | [36menvs.hitter[0m:[36m_log_ball_planner_wait_state[0m:[36m694[0m - [1mWaiting for ball estimator: samples=0/31 visible=False ready=False pos=[-0.80009574  0.572271    1.3359871 ] vel=[-3.0023797  2.155706  -0.5305405][0m
[32m2026-06-29 18:08:11.338[0m | [1mINFO    [0m | [36menvs.hitter[0m:[36m_log_ball_planner_wait_state[0m:[36m694[0m - [1mWaiting for ball estimator: samples=0/31 visible=False ready=False pos=[-0.80009574  0.572271    1.3359871 ] vel=[-3.0023797  2.155706  -0.5305405][0m
[32m2026-06-29 18:08:11.840[0m | [1mINFO    [0m | [36menvs.hitter[0m:[36m_log_ball_planner_wait_state[0m:[36m694[0m - [1mWaiting for ball estimator: samples=0/31 visible=False ready=False pos=[-0.80009574  0.572271    1.3359871 ] vel=[-3.0023797  2.155706  -0.5305405][0m
[32m2026-06-29 18:08:12.342[0m | [1mINFO    [0m | [36menvs.hitter[0m:[36m_log_ball_planner_wait_state[0m:[36m694[0m - [1mWaiting for ball estimator: samples=0/31 visible=False ready=False pos=[-0.80009574  0.572271    1.3359871 ] vel=[-3.0023797  2.155706  -0.5305405][0m
[32m2026-06-29 18:08:12.844[0m | [1mINFO    [0m | [36menvs.hitter[0m:[36m_log_ball_planner_wait_state[0m:[36m694[0m - [1mWaiting for ball estimator: samples=0/31 visible=False ready=False pos=[-0.80009574  0.572271    1.3359871 ] vel=[-3.0023797  2.155706  -0.5305405][0m
[32m2026-06-29 18:08:13.346[0m | [1mINFO    [0m | [36menvs.hitter[0m:[36m_log_ball_planner_wait_state[0m:[36m694[0m - [1mWaiting for ball estimator: samples=0/31 visible=False ready=False pos=[-0.80009574  0.572271    1.3359871 ] vel=[-3.0023797  2.155706  -0.5305405][0m
[32m2026-06-29 18:08:13.445[0m | [33m[1mWARNING [0m | [36magents.loco_hitter_agent[0m:[36mrun[0m:[36m270[0m - [33m[1mStep timeout: -0.0223s[0m
[32m2026-06-29 18:08:13.850[0m | [1mINFO    [0m | [36menvs.hitter[0m:[36m_log_ball_planner_wait_state[0m:[36m694[0m - [1mWaiting for ball estimator: samples=0/31 visible=False ready=False pos=[-0.80009574  0.572271    1.3359871 ] vel=[-3.0023797  2.155706  -0.5305405][0m
[32m2026-06-29 18:08:14.352[0m | [1mINFO    [0m | [36menvs.hitter[0m:[36m_log_ball_planner_wait_state[0m:[36m694[0m - [1mWaiting for ball estimator: samples=0/31 visible=False ready=False pos=[-0.80009574  0.572271    1.3359871 ] vel=[-3.0023797  2.155706  -0.5305405][0m
[32m2026-06-29 18:08:14.854[0m | [1mINFO    [0m | [36menvs.hitter[0m:[36m_log_ball_planner_wait_state[0m:[36m694[0m - [1mWaiting for ball estimator: samples=0/31 visible=False ready=False pos=[-0.80009574  0.572271    1.3359871 ] vel=[-3.0023797  2.155706  -0.5305405][0m
[32m2026-06-29 18:08:15.356[0m | [1mINFO    [0m | [36menvs.hitter[0m:[36m_log_ball_planner_wait_state[0m:[36m694[0m - [1mWaiting for ball estimator: samples=0/31 visible=False ready=False pos=[-0.80009574  0.572271    1.3359871 ] vel=[-3.0023797  2.155706  -0.5305405][0m
[32m2026-06-29 18:08:15.861[0m | [1mINFO    [0m | [36menvs.hitter[0m:[36m_log_ball_planner_wait_state[0m:[36m694[0m - [1mWaiting for ball estimator: samples=0/31 visible=False ready=False pos=[-0.80009574  0.572271    1.3359871 ] vel=[-3.0023797  2.155706  -0.5305405][0m
[32m2026-06-29 18:08:16.379[0m | [1mINFO    [0m | [36menvs.hitter[0m:[36m_log_ball_planner_wait_state[0m:[36m694[0m - [1mWaiting for ball estimator: samples=0/31 visible=False ready=False pos=[-0.80009574  0.572271    1.3359871 ] vel=[-3.0023797  2.155706  -0.5305405][0m
[32m2026-06-29 18:08:16.582[0m | [33m[1mWARNING [0m | [36magents.loco_hitter_agent[0m:[36mrun[0m:[36m270[0m - [33m[1mStep timeout: -0.0055s[0m
[32m2026-06-29 18:08:16.887[0m | [1mINFO    [0m | [36menvs.hitter[0m:[36m_log_ball_planner_wait_state[0m:[36m694[0m - [1mWaiting for ball estimator: samples=0/31 visible=False ready=False pos=[-0.80009574  0.572271    1.3359871 ] vel=[-3.0023797  2.155706  -0.5305405][0m
[32m2026-06-29 18:08:17.389[0m | [1mINFO    [0m | [36menvs.hitter[0m:[36m_log_ball_planner_wait_state[0m:[36m694[0m - [1mWaiting for ball estimator: samples=0/31 visible=False ready=False pos=[-0.80009574  0.572271    1.3359871 ] vel=[-3.0023797  2.155706  -0.5305405][0m
[32m2026-06-29 18:08:17.891[0m | [1mINFO    [0m | [36menvs.hitter[0m:[36m_log_ball_planner_wait_state[0m:[36m694[0m - [1mWaiting for ball estimator: samples=0/31 visible=False ready=False pos=[-0.80009574  0.572271    1.3359871 ] vel=[-3.0023797  2.155706  -0.5305405][0m
[32m2026-06-29 18:08:18.393[0m | [1mINFO    [0m | [36menvs.hitter[0m:[36m_log_ball_planner_wait_state[0m:[36m694[0m - [1mWaiting for ball estimator: samples=0/31 visible=False ready=False pos=[-0.80009574  0.572271    1.3359871 ] vel=[-3.0023797  2.155706  -0.5305405][0m
[32m2026-06-29 18:08:18.899[0m | [1mINFO    [0m | [36menvs.hitter[0m:[36m_log_ball_planner_wait_state[0m:[36m694[0m - [1mWaiting for ball estimator: samples=0/31 visible=False ready=False pos=[-0.80009574  0.572271    1.3359871 ] vel=[-3.0023797  2.155706  -0.5305405][0m
[32m2026-06-29 18:08:19.417[0m | [1mINFO    [0m | [36menvs.hitter[0m:[36m_log_ball_planner_wait_state[0m:[36m694[0m - [1mWaiting for ball estimator: samples=0/31 visible=False ready=False pos=[-0.80009574  0.572271    1.3359871 ] vel=[-3.0023797  2.155706  -0.5305405][0m
[32m2026-06-29 18:08:19.919[0m | [1mINFO    [0m | [36menvs.hitter[0m:[36m_log_ball_planner_wait_state[0m:[36m694[0m - [1mWaiting for ball estimator: samples=0/31 visible=False ready=False pos=[-0.80009574  0.572271    1.3359871 ] vel=[-3.0023797  2.155706  -0.5305405][0m
[32m2026-06-29 18:08:20.421[0m | [1mINFO    [0m | [36menvs.hitter[0m:[36m_log_ball_planner_wait_state[0m:[36m694[0m - [1mWaiting for ball estimator: samples=0/31 visible=False ready=False pos=[-0.80009574  0.572271    1.3359871 ] vel=[-3.0023797  2.155706  -0.5305405][0m
[32m2026-06-29 18:08:20.926[0m | [1mINFO    [0m | [36menvs.hitter[0m:[36m_log_ball_planner_wait_state[0m:[36m694[0m - [1mWaiting for ball estimator: samples=0/31 visible=False ready=False pos=[-0.80009574  0.572271    1.3359871 ] vel=[-3.0023797  2.155706  -0.5305405][0m
[32m2026-06-29 18:08:21.445[0m | [1mINFO    [0m | [36menvs.hitter[0m:[36m_log_ball_planner_wait_state[0m:[36m694[0m - [1mWaiting for ball estimator: samples=0/31 visible=False ready=False pos=[-0.80009574  0.572271    1.3359871 ] vel=[-3.0023797  2.155706  -0.5305405][0m
[32m2026-06-29 18:08:21.947[0m | [1mINFO    [0m | [36menvs.hitter[0m:[36m_log_ball_planner_wait_state[0m:[36m694[0m - [1mWaiting for ball estimator: samples=0/31 visible=False ready=False pos=[-0.80009574  0.572271    1.3359871 ] vel=[-3.0023797  2.155706  -0.5305405][0m
[32m2026-06-29 18:08:22.448[0m | [1mINFO    [0m | [36menvs.hitter[0m:[36m_log_ball_planner_wait_state[0m:[36m694[0m - [1mWaiting for ball estimator: samples=0/31 visible=False ready=False pos=[-0.80009574  0.572271    1.3359871 ] vel=[-3.0023797  2.155706  -0.5305405][0m
[32m2026-06-29 18:08:22.951[0m | [1mINFO    [0m | [36menvs.hitter[0m:[36m_log_ball_planner_wait_state[0m:[36m694[0m - [1mWaiting for ball estimator: samples=0/31 visible=False ready=False pos=[-0.80009574  0.572271    1.3359871 ] vel=[-3.0023797  2.155706  -0.5305405][0m
[32m2026-06-29 18:08:23.452[0m | [1mINFO    [0m | [36menvs.hitter[0m:[36m_log_ball_planner_wait_state[0m:[36m694[0m - [1mWaiting for ball estimator: samples=0/31 visible=False ready=False pos=[-0.80009574  0.572271    1.3359871 ] vel=[-3.0023797  2.155706  -0.5305405][0m
[32m2026-06-29 18:08:23.954[0m | [1mINFO    [0m | [36menvs.hitter[0m:[36m_log_ball_planner_wait_state[0m:[36m694[0m - [1mWaiting for ball estimator: samples=0/31 visible=False ready=False pos=[-0.80009574  0.572271    1.3359871 ] vel=[-3.0023797  2.155706  -0.5305405][0m
[32m2026-06-29 18:08:24.456[0m | [1mINFO    [0m | [36menvs.hitter[0m:[36m_log_ball_planner_wait_state[0m:[36m694[0m - [1mWaiting for ball estimator: samples=0/31 visible=False ready=False pos=[-0.80009574  0.572271    1.3359871 ] vel=[-3.0023797  2.155706  -0.5305405][0m
[32m2026-06-29 18:08:24.958[0m | [1mINFO    [0m | [36menvs.hitter[0m:[36m_log_ball_planner_wait_state[0m:[36m694[0m - [1mWaiting for ball estimator: samples=0/31 visible=False ready=False pos=[-0.80009574  0.572271    1.3359871 ] vel=[-3.0023797  2.155706  -0.5305405][0m
[32m2026-06-29 18:08:25.460[0m | [1mINFO    [0m | [36menvs.hitter[0m:[36m_log_ball_planner_wait_state[0m:[36m694[0m - [1mWaiting for ball estimator: samples=0/31 visible=False ready=False pos=[-0.80009574  0.572271    1.3359871 ] vel=[-3.0023797  2.155706  -0.5305405][0m
[32m2026-06-29 18:08:25.962[0m | [1mINFO    [0m | [36menvs.hitter[0m:[36m_log_ball_planner_wait_state[0m:[36m694[0m - [1mWaiting for ball estimator: samples=0/31 visible=False ready=False pos=[-0.80009574  0.572271    1.3359871 ] vel=[-3.0023797  2.155706  -0.5305405][0m
[32m2026-06-29 18:08:26.463[0m | [1mINFO    [0m | [36menvs.hitter[0m:[36m_log_ball_planner_wait_state[0m:[36m694[0m - [1mWaiting for ball estimator: samples=0/31 visible=False ready=False pos=[-0.80009574  0.572271    1.3359871 ] vel=[-3.0023797  2.155706  -0.5305405][0m
[32m2026-06-29 18:08:26.661[0m | [33m[1mWARNING [0m | [36magents.loco_hitter_agent[0m:[36mrun[0m:[36m270[0m - [33m[1mStep timeout: -0.0208s[0m
[32m2026-06-29 18:08:26.966[0m | [1mINFO    [0m | [36menvs.hitter[0m:[36m_log_ball_planner_wait_state[0m:[36m694[0m - [1mWaiting for ball estimator: samples=0/31 visible=False ready=False pos=[-0.80009574  0.572271    1.3359871 ] vel=[-3.0023797  2.155706  -0.5305405][0m
[32m2026-06-29 18:08:27.468[0m | [1mINFO    [0m | [36menvs.hitter[0m:[36m_log_ball_planner_wait_state[0m:[36m694[0m - [1mWaiting for ball estimator: samples=0/31 visible=False ready=False pos=[-0.80009574  0.572271    1.3359871 ] vel=[-3.0023797  2.155706  -0.5305405][0m
[32m2026-06-29 18:08:27.970[0m | [1mINFO    [0m | [36menvs.hitter[0m:[36m_log_ball_planner_wait_state[0m:[36m694[0m - [1mWaiting for ball estimator: samples=0/31 visible=False ready=False pos=[-0.80009574  0.572271    1.3359871 ] vel=[-3.0023797  2.155706  -0.5305405][0m
[32m2026-06-29 18:08:28.472[0m | [1mINFO    [0m | [36menvs.hitter[0m:[36m_log_ball_planner_wait_state[0m:[36m694[0m - [1mWaiting for ball estimator: samples=0/31 visible=False ready=False pos=[-0.80009574  0.572271    1.3359871 ] vel=[-3.0023797  2.155706  -0.5305405][0m
[32m2026-06-29 18:08:28.974[0m | [1mINFO    [0m | [36menvs.hitter[0m:[36m_log_ball_planner_wait_state[0m:[36m694[0m - [1mWaiting for ball estimator: samples=0/31 visible=False ready=False pos=[-0.80009574  0.572271    1.3359871 ] vel=[-3.0023797  2.155706  -0.5305405][0m
[32m2026-06-29 18:08:29.476[0m | [1mINFO    [0m | [36menvs.hitter[0m:[36m_log_ball_planner_wait_state[0m:[36m694[0m - [1mWaiting for ball estimator: samples=0/31 visible=False ready=False pos=[-0.80009574  0.572271    1.3359871 ] vel=[-3.0023797  2.155706  -0.5305405][0m
[32m2026-06-29 18:08:29.977[0m | [1mINFO    [0m | [36menvs.hitter[0m:[36m_log_ball_planner_wait_state[0m:[36m694[0m - [1mWaiting for ball estimator: samples=0/31 visible=False ready=False pos=[-0.80009574  0.572271    1.3359871 ] vel=[-3.0023797  2.155706  -0.5305405][0m
[32m2026-06-29 18:08:30.482[0m | [1mINFO    [0m | [36menvs.hitter[0m:[36m_log_ball_planner_wait_state[0m:[36m694[0m - [1mWaiting for ball estimator: samples=0/31 visible=False ready=False pos=[-0.80009574  0.572271    1.3359871 ] vel=[-3.0023797  2.155706  -0.5305405][0m
[32m2026-06-29 18:08:31.001[0m | [1mINFO    [0m | [36menvs.hitter[0m:[36m_log_ball_planner_wait_state[0m:[36m694[0m - [1mWaiting for ball estimator: samples=0/31 visible=False ready=False pos=[-0.80009574  0.572271    1.3359871 ] vel=[-3.0023797  2.155706  -0.5305405][0m
[32m2026-06-29 18:08:31.503[0m | [1mINFO    [0m | [36menvs.hitter[0m:[36m_log_ball_planner_wait_state[0m:[36m694[0m - [1mWaiting for ball estimator: samples=0/31 visible=False ready=False pos=[-0.80009574  0.572271    1.3359871 ] vel=[-3.0023797  2.155706  -0.5305405][0m
[32m2026-06-29 18:08:32.005[0m | [1mINFO    [0m | [36menvs.hitter[0m:[36m_log_ball_planner_wait_state[0m:[36m694[0m - [1mWaiting for ball estimator: samples=0/31 visible=False ready=False pos=[-0.80009574  0.572271    1.3359871 ] vel=[-3.0023797  2.155706  -0.5305405][0m
[32m2026-06-29 18:08:32.507[0m | [1mINFO    [0m | [36menvs.hitter[0m:[36m_log_ball_planner_wait_state[0m:[36m694[0m - [1mWaiting for ball estimator: samples=0/31 visible=False ready=False pos=[-0.80009574  0.572271    1.3359871 ] vel=[-3.0023797  2.155706  -0.5305405][0m
[32m2026-06-29 18:08:32.932[0m | [33m[1mWARNING [0m | [36magents.loco_hitter_agent[0m:[36mrun[0m:[36m270[0m - [33m[1mStep timeout: -0.0069s[0m
[32m2026-06-29 18:08:33.016[0m | [1mINFO    [0m | [36menvs.hitter[0m:[36m_log_ball_planner_wait_state[0m:[36m694[0m - [1mWaiting for ball estimator: samples=0/31 visible=False ready=False pos=[-0.80009574  0.572271    1.3359871 ] vel=[-3.0023797  2.155706  -0.5305405][0m
[32m2026-06-29 18:08:33.518[0m | [1mINFO    [0m | [36menvs.hitter[0m:[36m_log_ball_planner_wait_state[0m:[36m694[0m - [1mWaiting for ball estimator: samples=0/31 visible=False ready=False pos=[-0.80009574  0.572271    1.3359871 ] vel=[-3.0023797  2.155706  -0.5305405][0m
[32m2026-06-29 18:08:34.020[0m | [1mINFO    [0m | [36menvs.hitter[0m:[36m_log_ball_planner_wait_state[0m:[36m694[0m - [1mWaiting for ball estimator: samples=0/31 visible=False ready=False pos=[-0.80009574  0.572271    1.3359871 ] vel=[-3.0023797  2.155706  -0.5305405][0m
[32m2026-06-29 18:08:34.522[0m | [1mINFO    [0m | [36menvs.hitter[0m:[36m_log_ball_planner_wait_state[0m:[36m694[0m - [1mWaiting for ball estimator: samples=0/31 visible=False ready=False pos=[-0.80009574  0.572271    1.3359871 ] vel=[-3.0023797  2.155706  -0.5305405][0m
[32m2026-06-29 18:08:35.024[0m | [1mINFO    [0m | [36menvs.hitter[0m:[36m_log_ball_planner_wait_state[0m:[36m694[0m - [1mWaiting for ball estimator: samples=0/31 visible=False ready=False pos=[-0.80009574  0.572271    1.3359871 ] vel=[-3.0023797  2.155706  -0.5305405][0m
[32m2026-06-29 18:08:35.526[0m | [1mINFO    [0m | [36menvs.hitter[0m:[36m_log_ball_planner_wait_state[0m:[36m694[0m - [1mWaiting for ball estimator: samples=0/31 visible=False ready=False pos=[-0.80009574  0.572271    1.3359871 ] vel=[-3.0023797  2.155706  -0.5305405][0m
[32m2026-06-29 18:08:36.028[0m | [1mINFO    [0m | [36menvs.hitter[0m:[36m_log_ball_planner_wait_state[0m:[36m694[0m - [1mWaiting for ball estimator: samples=0/31 visible=False ready=False pos=[-0.80009574  0.572271    1.3359871 ] vel=[-3.0023797  2.155706  -0.5305405][0m
[32m2026-06-29 18:08:36.530[0m | [1mINFO    [0m | [36menvs.hitter[0m:[36m_log_ball_planner_wait_state[0m:[36m694[0m - [1mWaiting for ball estimator: samples=0/31 visible=False ready=False pos=[-0.80009574  0.572271    1.3359871 ] vel=[-3.0023797  2.155706  -0.5305405][0m
[32m2026-06-29 18:08:37.034[0m | [1mINFO    [0m | [36menvs.hitter[0m:[36m_log_ball_planner_wait_state[0m:[36m694[0m - [1mWaiting for ball estimator: samples=0/31 visible=False ready=False pos=[-0.80009574  0.572271    1.3359871 ] vel=[-3.0023797  2.155706  -0.5305405][0m
[32m2026-06-29 18:08:37.553[0m | [1mINFO    [0m | [36menvs.hitter[0m:[36m_log_ball_planner_wait_state[0m:[36m694[0m - [1mWaiting for ball estimator: samples=0/31 visible=False ready=False pos=[-0.80009574  0.572271    1.3359871 ] vel=[-3.0023797  2.155706  -0.5305405][0m
[32m2026-06-29 18:08:38.056[0m | [1mINFO    [0m | [36menvs.hitter[0m:[36m_log_ball_planner_wait_state[0m:[36m694[0m - [1mWaiting for ball estimator: samples=0/31 visible=False ready=False pos=[-0.80009574  0.572271    1.3359871 ] vel=[-3.0023797  2.155706  -0.5305405][0m
[32m2026-06-29 18:08:38.557[0m | [1mINFO    [0m | [36menvs.hitter[0m:[36m_log_ball_planner_wait_state[0m:[36m694[0m - [1mWaiting for ball estimator: samples=0/31 visible=False ready=False pos=[-0.80009574  0.572271    1.3359871 ] vel=[-3.0023797  2.155706  -0.5305405][0m
[32m2026-06-29 18:08:39.059[0m | [1mINFO    [0m | [36menvs.hitter[0m:[36m_log_ball_planner_wait_state[0m:[36m694[0m - [1mWaiting for ball estimator: samples=0/31 visible=False ready=False pos=[-0.80009574  0.572271    1.3359871 ] vel=[-3.0023797  2.155706  -0.5305405][0m
[32m2026-06-29 18:08:39.458[0m | [33m[1mWARNING [0m | [36magents.loco_hitter_agent[0m:[36mrun[0m:[36m270[0m - [33m[1mStep timeout: -0.0007s[0m
[32m2026-06-29 18:08:39.562[0m | [1mINFO    [0m | [36menvs.hitter[0m:[36m_log_ball_planner_wait_state[0m:[36m694[0m - [1mWaiting for ball estimator: samples=0/31 visible=False ready=False pos=[-0.80009574  0.572271    1.3359871 ] vel=[-3.0023797  2.155706  -0.5305405][0m
[32m2026-06-29 18:08:39.701[0m | [33m[1mWARNING [0m | [36magents.loco_hitter_agent[0m:[36mrun[0m:[36m270[0m - [33m[1mStep timeout: -0.0229s[0m
[32m2026-06-29 18:08:40.066[0m | [1mINFO    [0m | [36menvs.hitter[0m:[36m_log_ball_planner_wait_state[0m:[36m694[0m - [1mWaiting for ball estimator: samples=0/31 visible=False ready=False pos=[-0.80009574  0.572271    1.3359871 ] vel=[-3.0023797  2.155706  -0.5305405][0m
[32m2026-06-29 18:08:40.569[0m | [1mINFO    [0m | [36menvs.hitter[0m:[36m_log_ball_planner_wait_state[0m:[36m694[0m - [1mWaiting for ball estimator: samples=0/31 visible=False ready=False pos=[-0.80009574  0.572271    1.3359871 ] vel=[-3.0023797  2.155706  -0.5305405][0m
[32m2026-06-29 18:08:41.070[0m | [1mINFO    [0m | [36menvs.hitter[0m:[36m_log_ball_planner_wait_state[0m:[36m694[0m - [1mWaiting for ball estimator: samples=0/31 visible=False ready=False pos=[-0.80009574  0.572271    1.3359871 ] vel=[-3.0023797  2.155706  -0.5305405][0m
[32m2026-06-29 18:08:41.572[0m | [1mINFO    [0m | [36menvs.hitter[0m:[36m_log_ball_planner_wait_state[0m:[36m694[0m - [1mWaiting for ball estimator: samples=0/31 visible=False ready=False pos=[-0.80009574  0.572271    1.3359871 ] vel=[-3.0023797  2.155706  -0.5305405][0m
[32m2026-06-29 18:08:42.074[0m | [1mINFO    [0m | [36menvs.hitter[0m:[36m_log_ball_planner_wait_state[0m:[36m694[0m - [1mWaiting for ball estimator: samples=0/31 visible=False ready=False pos=[-0.80009574  0.572271    1.3359871 ] vel=[-3.0023797  2.155706  -0.5305405][0m
[32m2026-06-29 18:08:42.576[0m | [1mINFO    [0m | [36menvs.hitter[0m:[36m_log_ball_planner_wait_state[0m:[36m694[0m - [1mWaiting for ball estimator: samples=0/31 visible=False ready=False pos=[-0.80009574  0.572271    1.3359871 ] vel=[-3.0023797  2.155706  -0.5305405][0m
[32m2026-06-29 18:08:43.036[0m | [33m[1mWARNING [0m | [36magents.loco_hitter_agent[0m:[36mrun[0m:[36m270[0m - [33m[1mStep timeout: -0.0023s[0m
[32m2026-06-29 18:08:43.080[0m | [1mINFO    [0m | [36menvs.hitter[0m:[36m_log_ball_planner_wait_state[0m:[36m694[0m - [1mWaiting for ball estimator: samples=0/31 visible=False ready=False pos=[-0.80009574  0.572271    1.3359871 ] vel=[-3.0023797  2.155706  -0.5305405][0m
[32m2026-06-29 18:08:43.582[0m | [1mINFO    [0m | [36menvs.hitter[0m:[36m_log_ball_planner_wait_state[0m:[36m694[0m - [1mWaiting for ball estimator: samples=0/31 visible=False ready=False pos=[-0.80009574  0.572271    1.3359871 ] vel=[-3.0023797  2.155706  -0.5305405][0m
[32m2026-06-29 18:08:44.083[0m | [1mINFO    [0m | [36menvs.hitter[0m:[36m_log_ball_planner_wait_state[0m:[36m694[0m - [1mWaiting for ball estimator: samples=0/31 visible=False ready=False pos=[-0.80009574  0.572271    1.3359871 ] vel=[-3.0023797  2.155706  -0.5305405][0m
[32m2026-06-29 18:08:44.588[0m | [1mINFO    [0m | [36menvs.hitter[0m:[36m_log_ball_planner_wait_state[0m:[36m694[0m - [1mWaiting for ball estimator: samples=0/31 visible=False ready=False pos=[-0.80009574  0.572271    1.3359871 ] vel=[-3.0023797  2.155706  -0.5305405][0m
[32m2026-06-29 18:08:45.107[0m | [1mINFO    [0m | [36menvs.hitter[0m:[36m_log_ball_planner_wait_state[0m:[36m694[0m - [1mWaiting for ball estimator: samples=0/31 visible=False ready=False pos=[-0.80009574  0.572271    1.3359871 ] vel=[-3.0023797  2.155706  -0.5305405][0m
[32m2026-06-29 18:08:45.303[0m | [33m[1mWARNING [0m | [36magents.loco_hitter_agent[0m:[36mrun[0m:[36m270[0m - [33m[1mStep timeout: -0.0187s[0m
[32m2026-06-29 18:08:45.609[0m | [1mINFO    [0m | [36menvs.hitter[0m:[36m_log_ball_planner_wait_state[0m:[36m694[0m - [1mWaiting for ball estimator: samples=0/31 visible=False ready=False pos=[-0.80009574  0.572271    1.3359871 ] vel=[-3.0023797  2.155706  -0.5305405][0m
[32m2026-06-29 18:08:46.110[0m | [1mINFO    [0m | [36menvs.hitter[0m:[36m_log_ball_planner_wait_state[0m:[36m694[0m - [1mWaiting for ball estimator: samples=0/31 visible=False ready=False pos=[-0.80009574  0.572271    1.3359871 ] vel=[-3.0023797  2.155706  -0.5305405][0m
[32m2026-06-29 18:08:46.612[0m | [1mINFO    [0m | [36menvs.hitter[0m:[36m_log_ball_planner_wait_state[0m:[36m694[0m - [1mWaiting for ball estimator: samples=0/31 visible=False ready=False pos=[-0.80009574  0.572271    1.3359871 ] vel=[-3.0023797  2.155706  -0.5305405][0m
[32m2026-06-29 18:08:47.113[0m | [1mINFO    [0m | [36menvs.hitter[0m:[36m_log_ball_planner_wait_state[0m:[36m694[0m - [1mWaiting for ball estimator: samples=0/31 visible=False ready=False pos=[-0.80009574  0.572271    1.3359871 ] vel=[-3.0023797  2.155706  -0.5305405][0m
[32m2026-06-29 18:08:47.615[0m | [1mINFO    [0m | [36menvs.hitter[0m:[36m_log_ball_planner_wait_state[0m:[36m694[0m - [1mWaiting for ball estimator: samples=0/31 visible=False ready=False pos=[-0.80009574  0.572271    1.3359871 ] vel=[-3.0023797  2.155706  -0.5305405][0m
[32m2026-06-29 18:08:48.080[0m | [33m[1mWARNING [0m | [36magents.loco_hitter_agent[0m:[36mrun[0m:[36m270[0m - [33m[1mStep timeout: -0.0067s[0m
[32m2026-06-29 18:08:48.124[0m | [1mINFO    [0m | [36menvs.hitter[0m:[36m_log_ball_planner_wait_state[0m:[36m694[0m - [1mWaiting for ball estimator: samples=0/31 visible=False ready=False pos=[-0.80009574  0.572271    1.3359871 ] vel=[-3.0023797  2.155706  -0.5305405][0m
[32m2026-06-29 18:08:48.626[0m | [1mINFO    [0m | [36menvs.hitter[0m:[36m_log_ball_planner_wait_state[0m:[36m694[0m - [1mWaiting for ball estimator: samples=0/31 visible=False ready=False pos=[-0.80009574  0.572271    1.3359871 ] vel=[-3.0023797  2.155706  -0.5305405][0m
[32m2026-06-29 18:08:49.128[0m | [1mINFO    [0m | [36menvs.hitter[0m:[36m_log_ball_planner_wait_state[0m:[36m694[0m - [1mWaiting for ball estimator: samples=0/31 visible=False ready=False pos=[-0.80009574  0.572271    1.3359871 ] vel=[-3.0023797  2.155706  -0.5305405][0m
[32m2026-06-29 18:08:49.631[0m | [1mINFO    [0m | [36menvs.hitter[0m:[36m_log_ball_planner_wait_state[0m:[36m694[0m - [1mWaiting for ball estimator: samples=0/31 visible=False ready=False pos=[-0.80009574  0.572271    1.3359871 ] vel=[-3.0023797  2.155706  -0.5305405][0m
[32m2026-06-29 18:08:50.012[0m | [33m[1mWARNING [0m | [36magents.loco_hitter_agent[0m:[36mrun[0m:[36m270[0m - [33m[1mStep timeout: -0.0043s[0m
[32m2026-06-29 18:08:50.033[0m | [33m[1mWARNING [0m | [36magents.loco_hitter_agent[0m:[36mrun[0m:[36m270[0m - [33m[1mStep timeout: -0.0012s[0m
[32m2026-06-29 18:08:50.139[0m | [1mINFO    [0m | [36menvs.hitter[0m:[36m_log_ball_planner_wait_state[0m:[36m694[0m - [1mWaiting for ball estimator: samples=0/31 visible=False ready=False pos=[-0.80009574  0.572271    1.3359871 ] vel=[-3.0023797  2.155706  -0.5305405][0m
[32m2026-06-29 18:08:50.640[0m | [1mINFO    [0m | [36menvs.hitter[0m:[36m_log_ball_planner_wait_state[0m:[36m694[0m - [1mWaiting for ball estimator: samples=0/31 visible=False ready=False pos=[-0.80009574  0.572271    1.3359871 ] vel=[-3.0023797  2.155706  -0.5305405][0m
[32m2026-06-29 18:08:51.141[0m | [1mINFO    [0m | [36menvs.hitter[0m:[36m_log_ball_planner_wait_state[0m:[36m694[0m - [1mWaiting for ball estimator: samples=0/31 visible=False ready=False pos=[-0.80009574  0.572271    1.3359871 ] vel=[-3.0023797  2.155706  -0.5305405][0m
[32m2026-06-29 18:08:51.644[0m | [1mINFO    [0m | [36menvs.hitter[0m:[36m_log_ball_planner_wait_state[0m:[36m694[0m - [1mWaiting for ball estimator: samples=0/31 visible=False ready=False pos=[-0.80009574  0.572271    1.3359871 ] vel=[-3.0023797  2.155706  -0.5305405][0m
[32m2026-06-29 18:08:52.145[0m | [1mINFO    [0m | [36menvs.hitter[0m:[36m_log_ball_planner_wait_state[0m:[36m694[0m - [1mWaiting for ball estimator: samples=0/31 visible=False ready=False pos=[-0.80009574  0.572271    1.3359871 ] vel=[-3.0023797  2.155706  -0.5305405][0m
[32m2026-06-29 18:08:52.647[0m | [1mINFO    [0m | [36menvs.hitter[0m:[36m_log_ball_planner_wait_state[0m:[36m694[0m - [1mWaiting for ball estimator: samples=0/31 visible=False ready=False pos=[-0.80009574  0.572271    1.3359871 ] vel=[-3.0023797  2.155706  -0.5305405][0m
[32m2026-06-29 18:08:52.945[0m | [33m[1mWARNING [0m | [36magents.loco_hitter_agent[0m:[36mrun[0m:[36m270[0m - [33m[1mStep timeout: -0.0215s[0m
[32m2026-06-29 18:08:53.150[0m | [1mINFO    [0m | [36menvs.hitter[0m:[36m_log_ball_planner_wait_state[0m:[36m694[0m - [1mWaiting for ball estimator: samples=0/31 visible=False ready=False pos=[-0.80009574  0.572271    1.3359871 ] vel=[-3.0023797  2.155706  -0.5305405][0m
[32m2026-06-29 18:08:53.652[0m | [1mINFO    [0m | [36menvs.hitter[0m:[36m_log_ball_planner_wait_state[0m:[36m694[0m - [1mWaiting for ball estimator: samples=0/31 visible=False ready=False pos=[-0.80009574  0.572271    1.3359871 ] vel=[-3.0023797  2.155706  -0.5305405][0m
[32m2026-06-29 18:08:54.154[0m | [1mINFO    [0m | [36menvs.hitter[0m:[36m_log_ball_planner_wait_state[0m:[36m694[0m - [1mWaiting for ball estimator: samples=0/31 visible=False ready=False pos=[-0.80009574  0.572271    1.3359871 ] vel=[-3.0023797  2.155706  -0.5305405][0m
[32m2026-06-29 18:08:54.656[0m | [1mINFO    [0m | [36menvs.hitter[0m:[36m_log_ball_planner_wait_state[0m:[36m694[0m - [1mWaiting for ball estimator: samples=0/31 visible=False ready=False pos=[-0.80009574  0.572271    1.3359871 ] vel=[-3.0023797  2.155706  -0.5305405][0m
[32m2026-06-29 18:08:55.157[0m | [1mINFO    [0m | [36menvs.hitter[0m:[36m_log_ball_planner_wait_state[0m:[36m694[0m - [1mWaiting for ball estimator: samples=0/31 visible=False ready=False pos=[-0.80009574  0.572271    1.3359871 ] vel=[-3.0023797  2.155706  -0.5305405][0m
[32m2026-06-29 18:08:55.659[0m | [1mINFO    [0m | [36menvs.hitter[0m:[36m_log_ball_planner_wait_state[0m:[36m694[0m - [1mWaiting for ball estimator: samples=0/31 visible=False ready=False pos=[-0.80009574  0.572271    1.3359871 ] vel=[-3.0023797  2.155706  -0.5305405][0m
[32m2026-06-29 18:08:56.161[0m | [1mINFO    [0m | [36menvs.hitter[0m:[36m_log_ball_planner_wait_state[0m:[36m694[0m - [1mWaiting for ball estimator: samples=0/31 visible=False ready=False pos=[-0.80009574  0.572271    1.3359871 ] vel=[-3.0023797  2.155706  -0.5305405][0m
[32m2026-06-29 18:08:56.662[0m | [1mINFO    [0m | [36menvs.hitter[0m:[36m_log_ball_planner_wait_state[0m:[36m694[0m - [1mWaiting for ball estimator: samples=0/31 visible=False ready=False pos=[-0.80009574  0.572271    1.3359871 ] vel=[-3.0023797  2.155706  -0.5305405][0m
[32m2026-06-29 18:08:57.164[0m | [1mINFO    [0m | [36menvs.hitter[0m:[36m_log_ball_planner_wait_state[0m:[36m694[0m - [1mWaiting for ball estimator: samples=0/31 visible=False ready=False pos=[-0.80009574  0.572271    1.3359871 ] vel=[-3.0023797  2.155706  -0.5305405][0m
[32m2026-06-29 18:08:57.666[0m | [1mINFO    [0m | [36menvs.hitter[0m:[36m_log_ball_planner_wait_state[0m:[36m694[0m - [1mWaiting for ball estimator: samples=0/31 visible=False ready=False pos=[-0.80009574  0.572271    1.3359871 ] vel=[-3.0023797  2.155706  -0.5305405][0m
[32m2026-06-29 18:08:58.171[0m | [1mINFO    [0m | [36menvs.hitter[0m:[36m_log_ball_planner_wait_state[0m:[36m694[0m - [1mWaiting for ball estimator: samples=0/31 visible=False ready=False pos=[-0.80009574  0.572271    1.3359871 ] vel=[-3.0023797  2.155706  -0.5305405][0m
[32m2026-06-29 18:08:58.690[0m | [1mINFO    [0m | [36menvs.hitter[0m:[36m_log_ball_planner_wait_state[0m:[36m694[0m - [1mWaiting for ball estimator: samples=0/31 visible=False ready=False pos=[-0.80009574  0.572271    1.3359871 ] vel=[-3.0023797  2.155706  -0.5305405][0m
[32m2026-06-29 18:08:59.192[0m | [1mINFO    [0m | [36menvs.hitter[0m:[36m_log_ball_planner_wait_state[0m:[36m694[0m - [1mWaiting for ball estimator: samples=0/31 visible=False ready=False pos=[-0.80009574  0.572271    1.3359871 ] vel=[-3.0023797  2.155706  -0.5305405][0m
[32m2026-06-29 18:08:59.436[0m | [33m[1mWARNING [0m | [36magents.loco_hitter_agent[0m:[36mrun[0m:[36m270[0m - [33m[1mStep timeout: -0.0074s[0m
[32m2026-06-29 18:08:59.701[0m | [1mINFO    [0m | [36menvs.hitter[0m:[36m_log_ball_planner_wait_state[0m:[36m694[0m - [1mWaiting for ball estimator: samples=0/31 visible=False ready=False pos=[-0.80009574  0.572271    1.3359871 ] vel=[-3.0023797  2.155706  -0.5305405][0m
[32m2026-06-29 18:09:00.206[0m | [1mINFO    [0m | [36menvs.hitter[0m:[36m_log_ball_planner_wait_state[0m:[36m694[0m - [1mWaiting for ball estimator: samples=0/31 visible=False ready=False pos=[-0.80009574  0.572271    1.3359871 ] vel=[-3.0023797  2.155706  -0.5305405][0m
[32m2026-06-29 18:09:00.321[0m | [33m[1mWARNING [0m | [36magents.loco_hitter_agent[0m:[36mrun[0m:[36m270[0m - [33m[1mStep timeout: -0.0016s[0m
[32m2026-06-29 18:09:00.706[0m | [1mINFO    [0m | [36menvs.hitter[0m:[36m_log_ball_planner_wait_state[0m:[36m694[0m - [1mWaiting for ball estimator: samples=0/31 visible=False ready=False pos=[-0.80009574  0.572271    1.3359871 ] vel=[-3.0023797  2.155706  -0.5305405][0m
[32m2026-06-29 18:09:01.208[0m | [1mINFO    [0m | [36menvs.hitter[0m:[36m_log_ball_planner_wait_state[0m:[36m694[0m - [1mWaiting for ball estimator: samples=0/31 visible=False ready=False pos=[-0.80009574  0.572271    1.3359871 ] vel=[-3.0023797  2.155706  -0.5305405][0m
[32m2026-06-29 18:09:01.710[0m | [1mINFO    [0m | [36menvs.hitter[0m:[36m_log_ball_planner_wait_state[0m:[36m694[0m - [1mWaiting for ball estimator: samples=0/31 visible=False ready=False pos=[-0.80009574  0.572271    1.3359871 ] vel=[-3.0023797  2.155706  -0.5305405][0m
[32m2026-06-29 18:09:02.016[0m | [33m[1mWARNING [0m | [36magents.loco_hitter_agent[0m:[36mrun[0m:[36m270[0m - [33m[1mStep timeout: -0.0087s[0m
[32m2026-06-29 18:09:02.220[0m | [1mINFO    [0m | [36menvs.hitter[0m:[36m_log_ball_planner_wait_state[0m:[36m694[0m - [1mWaiting for ball estimator: samples=0/31 visible=False ready=False pos=[-0.80009574  0.572271    1.3359871 ] vel=[-3.0023797  2.155706  -0.5305405][0m
[32m2026-06-29 18:09:02.722[0m | [1mINFO    [0m | [36menvs.hitter[0m:[36m_log_ball_planner_wait_state[0m:[36m694[0m - [1mWaiting for ball estimator: samples=0/31 visible=False ready=False pos=[-0.80009574  0.572271    1.3359871 ] vel=[-3.0023797  2.155706  -0.5305405][0m
[32m2026-06-29 18:09:03.225[0m | [1mINFO    [0m | [36menvs.hitter[0m:[36m_log_ball_planner_wait_state[0m:[36m694[0m - [1mWaiting for ball estimator: samples=0/31 visible=False ready=False pos=[-0.80009574  0.572271    1.3359871 ] vel=[-3.0023797  2.155706  -0.5305405][0m
[32m2026-06-29 18:09:03.726[0m | [1mINFO    [0m | [36menvs.hitter[0m:[36m_log_ball_planner_wait_state[0m:[36m694[0m - [1mWaiting for ball estimator: samples=0/31 visible=False ready=False pos=[-0.80009574  0.572271    1.3359871 ] vel=[-3.0023797  2.155706  -0.5305405][0m
[32m2026-06-29 18:09:04.230[0m | [1mINFO    [0m | [36menvs.hitter[0m:[36m_log_ball_planner_wait_state[0m:[36m694[0m - [1mWaiting for ball estimator: samples=0/31 visible=False ready=False pos=[-0.80009574  0.572271    1.3359871 ] vel=[-3.0023797  2.155706  -0.5305405][0m
[32m2026-06-29 18:09:04.749[0m | [1mINFO    [0m | [36menvs.hitter[0m:[36m_log_ball_planner_wait_state[0m:[36m694[0m - [1mWaiting for ball estimator: samples=0/31 visible=False ready=False pos=[-0.80009574  0.572271    1.3359871 ] vel=[-3.0023797  2.155706  -0.5305405][0m
[32m2026-06-29 18:09:05.251[0m | [1mINFO    [0m | [36menvs.hitter[0m:[36m_log_ball_planner_wait_state[0m:[36m694[0m - [1mWaiting for ball estimator: samples=0/31 visible=False ready=False pos=[-0.80009574  0.572271    1.3359871 ] vel=[-3.0023797  2.155706  -0.5305405][0m
[32m2026-06-29 18:09:05.756[0m | [1mINFO    [0m | [36menvs.hitter[0m:[36m_log_ball_planner_wait_state[0m:[36m694[0m - [1mWaiting for ball estimator: samples=0/31 visible=False ready=False pos=[-0.80009574  0.572271    1.3359871 ] vel=[-3.0023797  2.155706  -0.5305405][0m
[32m2026-06-29 18:09:06.158[0m | [33m[1mWARNING [0m | [36magents.loco_hitter_agent[0m:[36mrun[0m:[36m270[0m - [33m[1mStep timeout: -0.0265s[0m
[32m2026-06-29 18:09:06.263[0m | [1mINFO    [0m | [36menvs.hitter[0m:[36m_log_ball_planner_wait_state[0m:[36m694[0m - [1mWaiting for ball estimator: samples=0/31 visible=False ready=False pos=[-0.80009574  0.572271    1.3359871 ] vel=[-3.0023797  2.155706  -0.5305405][0m
[32m2026-06-29 18:09:06.783[0m | [1mINFO    [0m | [36menvs.hitter[0m:[36m_log_ball_planner_wait_state[0m:[36m694[0m - [1mWaiting for ball estimator: samples=0/31 visible=False ready=False pos=[-0.80009574  0.572271    1.3359871 ] vel=[-3.0023797  2.155706  -0.5305405][0m
[32m2026-06-29 18:09:07.285[0m | [1mINFO    [0m | [36menvs.hitter[0m:[36m_log_ball_planner_wait_state[0m:[36m694[0m - [1mWaiting for ball estimator: samples=0/31 visible=False ready=False pos=[-0.80009574  0.572271    1.3359871 ] vel=[-3.0023797  2.155706  -0.5305405][0m
[32m2026-06-29 18:09:07.791[0m | [1mINFO    [0m | [36menvs.hitter[0m:[36m_log_ball_planner_wait_state[0m:[36m694[0m - [1mWaiting for ball estimator: samples=0/31 visible=False ready=False pos=[-0.80009574  0.572271    1.3359871 ] vel=[-3.0023797  2.155706  -0.5305405][0m
[32m2026-06-29 18:09:08.308[0m | [1mINFO    [0m | [36menvs.hitter[0m:[36m_log_ball_planner_wait_state[0m:[36m694[0m - [1mWaiting for ball estimator: samples=0/31 visible=False ready=False pos=[-0.80009574  0.572271    1.3359871 ] vel=[-3.0023797  2.155706  -0.5305405][0m
[32m2026-06-29 18:09:08.811[0m | [1mINFO    [0m | [36menvs.hitter[0m:[36m_log_ball_planner_wait_state[0m:[36m694[0m - [1mWaiting for ball estimator: samples=0/31 visible=False ready=False pos=[-0.80009574  0.572271    1.3359871 ] vel=[-3.0023797  2.155706  -0.5305405][0m
[32m2026-06-29 18:09:09.312[0m | [1mINFO    [0m | [36menvs.hitter[0m:[36m_log_ball_planner_wait_state[0m:[36m694[0m - [1mWaiting for ball estimator: samples=0/31 visible=False ready=False pos=[-0.80009574  0.572271    1.3359871 ] vel=[-3.0023797  2.155706  -0.5305405][0m
[32m2026-06-29 18:09:09.815[0m | [1mINFO    [0m | [36menvs.hitter[0m:[36m_log_ball_planner_wait_state[0m:[36m694[0m - [1mWaiting for ball estimator: samples=0/31 visible=False ready=False pos=[-0.80009574  0.572271    1.3359871 ] vel=[-3.0023797  2.155706  -0.5305405][0m
[32m2026-06-29 18:09:10.316[0m | [1mINFO    [0m | [36menvs.hitter[0m:[36m_log_ball_planner_wait_state[0m:[36m694[0m - [1mWaiting for ball estimator: samples=0/31 visible=False ready=False pos=[-0.80009574  0.572271    1.3359871 ] vel=[-3.0023797  2.155706  -0.5305405][0m
[32m2026-06-29 18:09:10.821[0m | [1mINFO    [0m | [36menvs.hitter[0m:[36m_log_ball_planner_wait_state[0m:[36m694[0m - [1mWaiting for ball estimator: samples=0/31 visible=False ready=False pos=[-0.80009574  0.572271    1.3359871 ] vel=[-3.0023797  2.155706  -0.5305405][0m
[32m2026-06-29 18:09:11.340[0m | [1mINFO    [0m | [36menvs.hitter[0m:[36m_log_ball_planner_wait_state[0m:[36m694[0m - [1mWaiting for ball estimator: samples=0/31 visible=False ready=False pos=[-0.80009574  0.572271    1.3359871 ] vel=[-3.0023797  2.155706  -0.5305405][0m
[32m2026-06-29 18:09:11.842[0m | [1mINFO    [0m | [36menvs.hitter[0m:[36m_log_ball_planner_wait_state[0m:[36m694[0m - [1mWaiting for ball estimator: samples=0/31 visible=False ready=False pos=[-0.80009574  0.572271    1.3359871 ] vel=[-3.0023797  2.155706  -0.5305405][0m
[32m2026-06-29 18:09:12.344[0m | [1mINFO    [0m | [36menvs.hitter[0m:[36m_log_ball_planner_wait_state[0m:[36m694[0m - [1mWaiting for ball estimator: samples=0/31 visible=False ready=False pos=[-0.80009574  0.572271    1.3359871 ] vel=[-3.0023797  2.155706  -0.5305405][0m
[32m2026-06-29 18:09:12.846[0m | [1mINFO    [0m | [36menvs.hitter[0m:[36m_log_ball_planner_wait_state[0m:[36m694[0m - [1mWaiting for ball estimator: samples=0/31 visible=False ready=False pos=[-0.80009574  0.572271    1.3359871 ] vel=[-3.0023797  2.155706  -0.5305405][0m
[32m2026-06-29 18:09:13.348[0m | [1mINFO    [0m | [36menvs.hitter[0m:[36m_log_ball_planner_wait_state[0m:[36m694[0m - [1mWaiting for ball estimator: samples=0/31 visible=False ready=False pos=[-0.80009574  0.572271    1.3359871 ] vel=[-3.0023797  2.155706  -0.5305405][0m
[32m2026-06-29 18:09:13.850[0m | [1mINFO    [0m | [36menvs.hitter[0m:[36m_log_ball_planner_wait_state[0m:[36m694[0m - [1mWaiting for ball estimator: samples=0/31 visible=False ready=False pos=[-0.80009574  0.572271    1.3359871 ] vel=[-3.0023797  2.155706  -0.5305405][0m
[32m2026-06-29 18:09:14.352[0m | [1mINFO    [0m | [36menvs.hitter[0m:[36m_log_ball_planner_wait_state[0m:[36m694[0m - [1mWaiting for ball estimator: samples=0/31 visible=False ready=False pos=[-0.80009574  0.572271    1.3359871 ] vel=[-3.0023797  2.155706  -0.5305405][0m
[32m2026-06-29 18:09:14.855[0m | [1mINFO    [0m | [36menvs.hitter[0m:[36m_log_ball_planner_wait_state[0m:[36m694[0m - [1mWaiting for ball estimator: samples=0/31 visible=False ready=False pos=[-0.80009574  0.572271    1.3359871 ] vel=[-3.0023797  2.155706  -0.5305405][0m
[32m2026-06-29 18:09:15.361[0m | [1mINFO    [0m | [36menvs.hitter[0m:[36m_log_ball_planner_wait_state[0m:[36m694[0m - [1mWaiting for ball estimator: samples=0/31 visible=False ready=False pos=[-0.80009574  0.572271    1.3359871 ] vel=[-3.0023797  2.155706  -0.5305405][0m
[32m2026-06-29 18:09:15.878[0m | [1mINFO    [0m | [36menvs.hitter[0m:[36m_log_ball_planner_wait_state[0m:[36m694[0m - [1mWaiting for ball estimator: samples=0/31 visible=False ready=False pos=[-0.80009574  0.572271    1.3359871 ] vel=[-3.0023797  2.155706  -0.5305405][0m
[32m2026-06-29 18:09:16.382[0m | [1mINFO    [0m | [36menvs.hitter[0m:[36m_log_ball_planner_wait_state[0m:[36m694[0m - [1mWaiting for ball estimator: samples=0/31 visible=False ready=False pos=[-0.80009574  0.572271    1.3359871 ] vel=[-3.0023797  2.155706  -0.5305405][0m
[32m2026-06-29 18:09:16.882[0m | [1mINFO    [0m | [36menvs.hitter[0m:[36m_log_ball_planner_wait_state[0m:[36m694[0m - [1mWaiting for ball estimator: samples=0/31 visible=False ready=False pos=[-0.80009574  0.572271    1.3359871 ] vel=[-3.0023797  2.155706  -0.5305405][0m
[32m2026-06-29 18:09:17.387[0m | [1mINFO    [0m | [36menvs.hitter[0m:[36m_log_ball_planner_wait_state[0m:[36m694[0m - [1mWaiting for ball estimator: samples=0/31 visible=False ready=False pos=[-0.80009574  0.572271    1.3359871 ] vel=[-3.0023797  2.155706  -0.5305405][0m
[32m2026-06-29 18:09:17.909[0m | [1mINFO    [0m | [36menvs.hitter[0m:[36m_log_ball_planner_wait_state[0m:[36m694[0m - [1mWaiting for ball estimator: samples=0/31 visible=False ready=False pos=[-0.80009574  0.572271    1.3359871 ] vel=[-3.0023797  2.155706  -0.5305405][0m
[32m2026-06-29 18:09:18.430[0m | [1mINFO    [0m | [36menvs.hitter[0m:[36m_log_ball_planner_wait_state[0m:[36m694[0m - [1mWaiting for ball estimator: samples=0/31 visible=False ready=False pos=[-0.80009574  0.572271    1.3359871 ] vel=[-3.0023797  2.155706  -0.5305405][0m
[32m2026-06-29 18:09:18.930[0m | [1mINFO    [0m | [36menvs.hitter[0m:[36m_log_ball_planner_wait_state[0m:[36m694[0m - [1mWaiting for ball estimator: samples=0/31 visible=False ready=False pos=[-0.80009574  0.572271    1.3359871 ] vel=[-3.0023797  2.155706  -0.5305405][0m
[32m2026-06-29 18:09:19.249[0m | [33m[1mWARNING [0m | [36magents.loco_hitter_agent[0m:[36mrun[0m:[36m270[0m - [33m[1mStep timeout: -0.0215s[0m
[32m2026-06-29 18:09:19.433[0m | [1mINFO    [0m | [36menvs.hitter[0m:[36m_log_ball_planner_wait_state[0m:[36m694[0m - [1mWaiting for ball estimator: samples=0/31 visible=False ready=False pos=[-0.80009574  0.572271    1.3359871 ] vel=[-3.0023797  2.155706  -0.5305405][0m
[32m2026-06-29 18:09:19.935[0m | [1mINFO    [0m | [36menvs.hitter[0m:[36m_log_ball_planner_wait_state[0m:[36m694[0m - [1mWaiting for ball estimator: samples=0/31 visible=False ready=False pos=[-0.80009574  0.572271    1.3359871 ] vel=[-3.0023797  2.155706  -0.5305405][0m
[32m2026-06-29 18:09:20.437[0m | [1mINFO    [0m | [36menvs.hitter[0m:[36m_log_ball_planner_wait_state[0m:[36m694[0m - [1mWaiting for ball estimator: samples=0/31 visible=False ready=False pos=[-0.80009574  0.572271    1.3359871 ] vel=[-3.0023797  2.155706  -0.5305405][0m
[32m2026-06-29 18:09:20.942[0m | [1mINFO    [0m | [36menvs.hitter[0m:[36m_log_ball_planner_wait_state[0m:[36m694[0m - [1mWaiting for ball estimator: samples=0/31 visible=False ready=False pos=[-0.80009574  0.572271    1.3359871 ] vel=[-3.0023797  2.155706  -0.5305405][0m
[32m2026-06-29 18:09:21.461[0m | [1mINFO    [0m | [36menvs.hitter[0m:[36m_log_ball_planner_wait_state[0m:[36m694[0m - [1mWaiting for ball estimator: samples=0/31 visible=False ready=False pos=[-0.80009574  0.572271    1.3359871 ] vel=[-3.0023797  2.155706  -0.5305405][0m
[32m2026-06-29 18:09:21.963[0m | [1mINFO    [0m | [36menvs.hitter[0m:[36m_log_ball_planner_wait_state[0m:[36m694[0m - [1mWaiting for ball estimator: samples=0/31 visible=False ready=False pos=[-0.80009574  0.572271    1.3359871 ] vel=[-3.0023797  2.155706  -0.5305405][0m
[32m2026-06-29 18:09:22.465[0m | [1mINFO    [0m | [36menvs.hitter[0m:[36m_log_ball_planner_wait_state[0m:[36m694[0m - [1mWaiting for ball estimator: samples=0/31 visible=False ready=False pos=[-0.80009574  0.572271    1.3359871 ] vel=[-3.0023797  2.155706  -0.5305405][0m
[32m2026-06-29 18:09:22.967[0m | [1mINFO    [0m | [36menvs.hitter[0m:[36m_log_ball_planner_wait_state[0m:[36m694[0m - [1mWaiting for ball estimator: samples=0/31 visible=False ready=False pos=[-0.80009574  0.572271    1.3359871 ] vel=[-3.0023797  2.155706  -0.5305405][0m
[32m2026-06-29 18:09:23.469[0m | [1mINFO    [0m | [36menvs.hitter[0m:[36m_log_ball_planner_wait_state[0m:[36m694[0m - [1mWaiting for ball estimator: samples=0/31 visible=False ready=False pos=[-0.80009574  0.572271    1.3359871 ] vel=[-3.0023797  2.155706  -0.5305405][0m
[32m2026-06-29 18:09:23.971[0m | [1mINFO    [0m | [36menvs.hitter[0m:[36m_log_ball_planner_wait_state[0m:[36m694[0m - [1mWaiting for ball estimator: samples=0/31 visible=False ready=False pos=[-0.80009574  0.572271    1.3359871 ] vel=[-3.0023797  2.155706  -0.5305405][0m
[32m2026-06-29 18:09:24.473[0m | [1mINFO    [0m | [36menvs.hitter[0m:[36m_log_ball_planner_wait_state[0m:[36m694[0m - [1mWaiting for ball estimator: samples=0/31 visible=False ready=False pos=[-0.80009574  0.572271    1.3359871 ] vel=[-3.0023797  2.155706  -0.5305405][0m
[32m2026-06-29 18:09:24.975[0m | [1mINFO    [0m | [36menvs.hitter[0m:[36m_log_ball_planner_wait_state[0m:[36m694[0m - [1mWaiting for ball estimator: samples=0/31 visible=False ready=False pos=[-0.80009574  0.572271    1.3359871 ] vel=[-3.0023797  2.155706  -0.5305405][0m
[32m2026-06-29 18:09:25.476[0m | [1mINFO    [0m | [36menvs.hitter[0m:[36m_log_ball_planner_wait_state[0m:[36m694[0m - [1mWaiting for ball estimator: samples=0/31 visible=False ready=False pos=[-0.80009574  0.572271    1.3359871 ] vel=[-3.0023797  2.155706  -0.5305405][0m
[32m2026-06-29 18:09:25.978[0m | [1mINFO    [0m | [36menvs.hitter[0m:[36m_log_ball_planner_wait_state[0m:[36m694[0m - [1mWaiting for ball estimator: samples=0/31 visible=False ready=False pos=[-0.80009574  0.572271    1.3359871 ] vel=[-3.0023797  2.155706  -0.5305405][0m
[32m2026-06-29 18:09:26.485[0m | [1mINFO    [0m | [36menvs.hitter[0m:[36m_log_ball_planner_wait_state[0m:[36m694[0m - [1mWaiting for ball estimator: samples=0/31 visible=False ready=False pos=[-0.80009574  0.572271    1.3359871 ] vel=[-3.0023797  2.155706  -0.5305405][0m
[32m2026-06-29 18:09:27.002[0m | [1mINFO    [0m | [36menvs.hitter[0m:[36m_log_ball_planner_wait_state[0m:[36m694[0m - [1mWaiting for ball estimator: samples=0/31 visible=False ready=False pos=[-0.80009574  0.572271    1.3359871 ] vel=[-3.0023797  2.155706  -0.5305405][0m
[32m2026-06-29 18:09:27.293[0m | [33m[1mWARNING [0m | [36magents.loco_hitter_agent[0m:[36mrun[0m:[36m270[0m - [33m[1mStep timeout: -0.0138s[0m
[32m2026-06-29 18:09:27.518[0m | [1mINFO    [0m | [36menvs.hitter[0m:[36m_log_ball_planner_wait_state[0m:[36m694[0m - [1mWaiting for ball estimator: samples=0/31 visible=False ready=False pos=[-0.80009574  0.572271    1.3359871 ] vel=[-3.0023797  2.155706  -0.5305405][0m
[32m2026-06-29 18:09:28.020[0m | [1mINFO    [0m | [36menvs.hitter[0m:[36m_log_ball_planner_wait_state[0m:[36m694[0m - [1mWaiting for ball estimator: samples=0/31 visible=False ready=False pos=[-0.80009574  0.572271    1.3359871 ] vel=[-3.0023797  2.155706  -0.5305405][0m
[32m2026-06-29 18:09:28.521[0m | [1mINFO    [0m | [36menvs.hitter[0m:[36m_log_ball_planner_wait_state[0m:[36m694[0m - [1mWaiting for ball estimator: samples=0/31 visible=False ready=False pos=[-0.80009574  0.572271    1.3359871 ] vel=[-3.0023797  2.155706  -0.5305405][0m
[32m2026-06-29 18:09:29.023[0m | [1mINFO    [0m | [36menvs.hitter[0m:[36m_log_ball_planner_wait_state[0m:[36m694[0m - [1mWaiting for ball estimator: samples=0/31 visible=False ready=False pos=[-0.80009574  0.572271    1.3359871 ] vel=[-3.0023797  2.155706  -0.5305405][0m
[32m2026-06-29 18:09:29.525[0m | [1mINFO    [0m | [36menvs.hitter[0m:[36m_log_ball_planner_wait_state[0m:[36m694[0m - [1mWaiting for ball estimator: samples=0/31 visible=False ready=False pos=[-0.80009574  0.572271    1.3359871 ] vel=[-3.0023797  2.155706  -0.5305405][0m
[32m2026-06-29 18:09:29.946[0m | [33m[1mWARNING [0m | [36magents.loco_hitter_agent[0m:[36mrun[0m:[36m270[0m - [33m[1mStep timeout: -0.0033s[0m
[32m2026-06-29 18:09:30.030[0m | [1mINFO    [0m | [36menvs.hitter[0m:[36m_log_ball_planner_wait_state[0m:[36m694[0m - [1mWaiting for ball estimator: samples=0/31 visible=False ready=False pos=[-0.80009574  0.572271    1.3359871 ] vel=[-3.0023797  2.155706  -0.5305405][0m
[32m2026-06-29 18:09:30.532[0m | [1mINFO    [0m | [36menvs.hitter[0m:[36m_log_ball_planner_wait_state[0m:[36m694[0m - [1mWaiting for ball estimator: samples=0/31 visible=False ready=False pos=[-0.80009574  0.572271    1.3359871 ] vel=[-3.0023797  2.155706  -0.5305405][0m
[32m2026-06-29 18:09:31.033[0m | [1mINFO    [0m | [36menvs.hitter[0m:[36m_log_ball_planner_wait_state[0m:[36m694[0m - [1mWaiting for ball estimator: samples=0/31 visible=False ready=False pos=[-0.80009574  0.572271    1.3359871 ] vel=[-3.0023797  2.155706  -0.5305405][0m
[32m2026-06-29 18:09:31.536[0m | [1mINFO    [0m | [36menvs.hitter[0m:[36m_log_ball_planner_wait_state[0m:[36m694[0m - [1mWaiting for ball estimator: samples=0/31 visible=False ready=False pos=[-0.80009574  0.572271    1.3359871 ] vel=[-3.0023797  2.155706  -0.5305405][0m
[32m2026-06-29 18:09:32.037[0m | [1mINFO    [0m | [36menvs.hitter[0m:[36m_log_ball_planner_wait_state[0m:[36m694[0m - [1mWaiting for ball estimator: samples=0/31 visible=False ready=False pos=[-0.80009574  0.572271    1.3359871 ] vel=[-3.0023797  2.155706  -0.5305405][0m
[32m2026-06-29 18:09:32.140[0m | [33m[1mWARNING [0m | [36magents.loco_hitter_agent[0m:[36mrun[0m:[36m270[0m - [33m[1mStep timeout: -0.0060s[0m
[32m2026-06-29 18:09:32.363[0m | [33m[1mWARNING [0m | [36magents.loco_hitter_agent[0m:[36mrun[0m:[36m270[0m - [33m[1mStep timeout: -0.0224s[0m
[32m2026-06-29 18:09:32.550[0m | [1mINFO    [0m | [36menvs.hitter[0m:[36m_log_ball_planner_wait_state[0m:[36m694[0m - [1mWaiting for ball estimator: samples=0/31 visible=False ready=False pos=[-0.80009574  0.572271    1.3359871 ] vel=[-3.0023797  2.155706  -0.5305405][0m
[32m2026-06-29 18:09:33.069[0m | [1mINFO    [0m | [36menvs.hitter[0m:[36m_log_ball_planner_wait_state[0m:[36m694[0m - [1mWaiting for ball estimator: samples=0/31 visible=False ready=False pos=[-0.80009574  0.572271    1.3359871 ] vel=[-3.0023797  2.155706  -0.5305405][0m
[32m2026-06-29 18:09:33.571[0m | [1mINFO    [0m | [36menvs.hitter[0m:[36m_log_ball_planner_wait_state[0m:[36m694[0m - [1mWaiting for ball estimator: samples=0/31 visible=False ready=False pos=[-0.80009574  0.572271    1.3359871 ] vel=[-3.0023797  2.155706  -0.5305405][0m
[32m2026-06-29 18:09:34.075[0m | [1mINFO    [0m | [36menvs.hitter[0m:[36m_log_ball_planner_wait_state[0m:[36m694[0m - [1mWaiting for ball estimator: samples=0/31 visible=False ready=False pos=[-0.80009574  0.572271    1.3359871 ] vel=[-3.0023797  2.155706  -0.5305405][0m
[32m2026-06-29 18:09:34.595[0m | [1mINFO    [0m | [36menvs.hitter[0m:[36m_log_ball_planner_wait_state[0m:[36m694[0m - [1mWaiting for ball estimator: samples=0/31 visible=False ready=False pos=[-0.80009574  0.572271    1.3359871 ] vel=[-3.0023797  2.155706  -0.5305405][0m
[32m2026-06-29 18:09:35.096[0m | [1mINFO    [0m | [36menvs.hitter[0m:[36m_log_ball_planner_wait_state[0m:[36m694[0m - [1mWaiting for ball estimator: samples=0/31 visible=False ready=False pos=[-0.80009574  0.572271    1.3359871 ] vel=[-3.0023797  2.155706  -0.5305405][0m
[32m2026-06-29 18:09:35.598[0m | [1mINFO    [0m | [36menvs.hitter[0m:[36m_log_ball_planner_wait_state[0m:[36m694[0m - [1mWaiting for ball estimator: samples=0/31 visible=False ready=False pos=[-0.80009574  0.572271    1.3359871 ] vel=[-3.0023797  2.155706  -0.5305405][0m
[32m2026-06-29 18:09:36.100[0m | [1mINFO    [0m | [36menvs.hitter[0m:[36m_log_ball_planner_wait_state[0m:[36m694[0m - [1mWaiting for ball estimator: samples=0/31 visible=False ready=False pos=[-0.80009574  0.572271    1.3359871 ] vel=[-3.0023797  2.155706  -0.5305405][0m
[32m2026-06-29 18:09:36.601[0m | [1mINFO    [0m | [36menvs.hitter[0m:[36m_log_ball_planner_wait_state[0m:[36m694[0m - [1mWaiting for ball estimator: samples=0/31 visible=False ready=False pos=[-0.80009574  0.572271    1.3359871 ] vel=[-3.0023797  2.155706  -0.5305405][0m
[32m2026-06-29 18:09:37.103[0m | [1mINFO    [0m | [36menvs.hitter[0m:[36m_log_ball_planner_wait_state[0m:[36m694[0m - [1mWaiting for ball estimator: samples=0/31 visible=False ready=False pos=[-0.80009574  0.572271    1.3359871 ] vel=[-3.0023797  2.155706  -0.5305405][0m
[32m2026-06-29 18:09:37.605[0m | [1mINFO    [0m | [36menvs.hitter[0m:[36m_log_ball_planner_wait_state[0m:[36m694[0m - [1mWaiting for ball estimator: samples=0/31 visible=False ready=False pos=[-0.80009574  0.572271    1.3359871 ] vel=[-3.0023797  2.155706  -0.5305405][0m
[32m2026-06-29 18:09:38.107[0m | [1mINFO    [0m | [36menvs.hitter[0m:[36m_log_ball_planner_wait_state[0m:[36m694[0m - [1mWaiting for ball estimator: samples=0/31 visible=False ready=False pos=[-0.80009574  0.572271    1.3359871 ] vel=[-3.0023797  2.155706  -0.5305405][0m
[32m2026-06-29 18:09:38.609[0m | [1mINFO    [0m | [36menvs.hitter[0m:[36m_log_ball_planner_wait_state[0m:[36m694[0m - [1mWaiting for ball estimator: samples=0/31 visible=False ready=False pos=[-0.80009574  0.572271    1.3359871 ] vel=[-3.0023797  2.155706  -0.5305405][0m
[32m2026-06-29 18:09:39.111[0m | [1mINFO    [0m | [36menvs.hitter[0m:[36m_log_ball_planner_wait_state[0m:[36m694[0m - [1mWaiting for ball estimator: samples=0/31 visible=False ready=False pos=[-0.80009574  0.572271    1.3359871 ] vel=[-3.0023797  2.155706  -0.5305405][0m
[32m2026-06-29 18:09:39.612[0m | [1mINFO    [0m | [36menvs.hitter[0m:[36m_log_ball_planner_wait_state[0m:[36m694[0m - [1mWaiting for ball estimator: samples=0/31 visible=False ready=False pos=[-0.80009574  0.572271    1.3359871 ] vel=[-3.0023797  2.155706  -0.5305405][0m
[32m2026-06-29 18:09:40.115[0m | [1mINFO    [0m | [36menvs.hitter[0m:[36m_log_ball_planner_wait_state[0m:[36m694[0m - [1mWaiting for ball estimator: samples=0/31 visible=False ready=False pos=[-0.80009574  0.572271    1.3359871 ] vel=[-3.0023797  2.155706  -0.5305405][0m
[32m2026-06-29 18:09:40.617[0m | [1mINFO    [0m | [36menvs.hitter[0m:[36m_log_ball_planner_wait_state[0m:[36m694[0m - [1mWaiting for ball estimator: samples=0/31 visible=False ready=False pos=[-0.80009574  0.572271    1.3359871 ] vel=[-3.0023797  2.155706  -0.5305405][0m
[32m2026-06-29 18:09:41.118[0m | [1mINFO    [0m | [36menvs.hitter[0m:[36m_log_ball_planner_wait_state[0m:[36m694[0m - [1mWaiting for ball estimator: samples=0/31 visible=False ready=False pos=[-0.80009574  0.572271    1.3359871 ] vel=[-3.0023797  2.155706  -0.5305405][0m
[32m2026-06-29 18:09:41.620[0m | [1mINFO    [0m | [36menvs.hitter[0m:[36m_log_ball_planner_wait_state[0m:[36m694[0m - [1mWaiting for ball estimator: samples=0/31 visible=False ready=False pos=[-0.80009574  0.572271    1.3359871 ] vel=[-3.0023797  2.155706  -0.5305405][0m
[32m2026-06-29 18:09:42.122[0m | [1mINFO    [0m | [36menvs.hitter[0m:[36m_log_ball_planner_wait_state[0m:[36m694[0m - [1mWaiting for ball estimator: samples=0/31 visible=False ready=False pos=[-0.80009574  0.572271    1.3359871 ] vel=[-3.0023797  2.155706  -0.5305405][0m
[32m2026-06-29 18:09:42.625[0m | [1mINFO    [0m | [36menvs.hitter[0m:[36m_log_ball_planner_wait_state[0m:[36m694[0m - [1mWaiting for ball estimator: samples=0/31 visible=False ready=False pos=[-0.80009574  0.572271    1.3359871 ] vel=[-3.0023797  2.155706  -0.5305405][0m
[32m2026-06-29 18:09:43.126[0m | [1mINFO    [0m | [36menvs.hitter[0m:[36m_log_ball_planner_wait_state[0m:[36m694[0m - [1mWaiting for ball estimator: samples=0/31 visible=False ready=False pos=[-0.80009574  0.572271    1.3359871 ] vel=[-3.0023797  2.155706  -0.5305405][0m
[32m2026-06-29 18:09:43.628[0m | [1mINFO    [0m | [36menvs.hitter[0m:[36m_log_ball_planner_wait_state[0m:[36m694[0m - [1mWaiting for ball estimator: samples=0/31 visible=False ready=False pos=[-0.80009574  0.572271    1.3359871 ] vel=[-3.0023797  2.155706  -0.5305405][0m
[32m2026-06-29 18:09:44.096[0m | [33m[1mWARNING [0m | [36magents.loco_hitter_agent[0m:[36mrun[0m:[36m270[0m - [33m[1mStep timeout: -0.0097s[0m
[32m2026-06-29 18:09:44.140[0m | [1mINFO    [0m | [36menvs.hitter[0m:[36m_log_ball_planner_wait_state[0m:[36m694[0m - [1mWaiting for ball estimator: samples=0/31 visible=False ready=False pos=[-0.80009574  0.572271    1.3359871 ] vel=[-3.0023797  2.155706  -0.5305405][0m
[32m2026-06-29 18:09:44.641[0m | [1mINFO    [0m | [36menvs.hitter[0m:[36m_log_ball_planner_wait_state[0m:[36m694[0m - [1mWaiting for ball estimator: samples=0/31 visible=False ready=False pos=[-0.80009574  0.572271    1.3359871 ] vel=[-3.0023797  2.155706  -0.5305405][0m
[32m2026-06-29 18:09:45.144[0m | [1mINFO    [0m | [36menvs.hitter[0m:[36m_log_ball_planner_wait_state[0m:[36m694[0m - [1mWaiting for ball estimator: samples=0/31 visible=False ready=False pos=[-0.80009574  0.572271    1.3359871 ] vel=[-3.0023797  2.155706  -0.5305405][0m
[32m2026-06-29 18:09:45.582[0m | [33m[1mWARNING [0m | [36magents.loco_hitter_agent[0m:[36mrun[0m:[36m270[0m - [33m[1mStep timeout: -0.0204s[0m
[32m2026-06-29 18:09:45.646[0m | [1mINFO    [0m | [36menvs.hitter[0m:[36m_log_ball_planner_wait_state[0m:[36m694[0m - [1mWaiting for ball estimator: samples=0/31 visible=False ready=False pos=[-0.80009574  0.572271    1.3359871 ] vel=[-3.0023797  2.155706  -0.5305405][0m
[32m2026-06-29 18:09:46.148[0m | [1mINFO    [0m | [36menvs.hitter[0m:[36m_log_ball_planner_wait_state[0m:[36m694[0m - [1mWaiting for ball estimator: samples=0/31 visible=False ready=False pos=[-0.80009574  0.572271    1.3359871 ] vel=[-3.0023797  2.155706  -0.5305405][0m
[32m2026-06-29 18:09:46.650[0m | [1mINFO    [0m | [36menvs.hitter[0m:[36m_log_ball_planner_wait_state[0m:[36m694[0m - [1mWaiting for ball estimator: samples=0/31 visible=False ready=False pos=[-0.80009574  0.572271    1.3359871 ] vel=[-3.0023797  2.155706  -0.5305405][0m
[32m2026-06-29 18:09:47.152[0m | [1mINFO    [0m | [36menvs.hitter[0m:[36m_log_ball_planner_wait_state[0m:[36m694[0m - [1mWaiting for ball estimator: samples=0/31 visible=False ready=False pos=[-0.80009574  0.572271    1.3359871 ] vel=[-3.0023797  2.155706  -0.5305405][0m
[32m2026-06-29 18:09:47.654[0m | [1mINFO    [0m | [36menvs.hitter[0m:[36m_log_ball_planner_wait_state[0m:[36m694[0m - [1mWaiting for ball estimator: samples=0/31 visible=False ready=False pos=[-0.80009574  0.572271    1.3359871 ] vel=[-3.0023797  2.155706  -0.5305405][0m
[32m2026-06-29 18:09:48.159[0m | [1mINFO    [0m | [36menvs.hitter[0m:[36m_log_ball_planner_wait_state[0m:[36m694[0m - [1mWaiting for ball estimator: samples=0/31 visible=False ready=False pos=[-0.80009574  0.572271    1.3359871 ] vel=[-3.0023797  2.155706  -0.5305405][0m
[32m2026-06-29 18:09:48.678[0m | [1mINFO    [0m | [36menvs.hitter[0m:[36m_log_ball_planner_wait_state[0m:[36m694[0m - [1mWaiting for ball estimator: samples=0/31 visible=False ready=False pos=[-0.80009574  0.572271    1.3359871 ] vel=[-3.0023797  2.155706  -0.5305405][0m
[32m2026-06-29 18:09:49.180[0m | [1mINFO    [0m | [36menvs.hitter[0m:[36m_log_ball_planner_wait_state[0m:[36m694[0m - [1mWaiting for ball estimator: samples=0/31 visible=False ready=False pos=[-0.80009574  0.572271    1.3359871 ] vel=[-3.0023797  2.155706  -0.5305405][0m
[32m2026-06-29 18:09:49.682[0m | [1mINFO    [0m | [36menvs.hitter[0m:[36m_log_ball_planner_wait_state[0m:[36m694[0m - [1mWaiting for ball estimator: samples=0/31 visible=False ready=False pos=[-0.80009574  0.572271    1.3359871 ] vel=[-3.0023797  2.155706  -0.5305405][0m
[32m2026-06-29 18:09:50.184[0m | [1mINFO    [0m | [36menvs.hitter[0m:[36m_log_ball_planner_wait_state[0m:[36m694[0m - [1mWaiting for ball estimator: samples=0/31 visible=False ready=False pos=[-0.80009574  0.572271    1.3359871 ] vel=[-3.0023797  2.155706  -0.5305405][0m
[32m2026-06-29 18:09:50.686[0m | [1mINFO    [0m | [36menvs.hitter[0m:[36m_log_ball_planner_wait_state[0m:[36m694[0m - [1mWaiting for ball estimator: samples=0/31 visible=False ready=False pos=[-0.80009574  0.572271    1.3359871 ] vel=[-3.0023797  2.155706  -0.5305405][0m
[32m2026-06-29 18:09:51.188[0m | [1mINFO    [0m | [36menvs.hitter[0m:[36m_log_ball_planner_wait_state[0m:[36m694[0m - [1mWaiting for ball estimator: samples=0/31 visible=False ready=False pos=[-0.80009574  0.572271    1.3359871 ] vel=[-3.0023797  2.155706  -0.5305405][0m
[32m2026-06-29 18:09:51.689[0m | [1mINFO    [0m | [36menvs.hitter[0m:[36m_log_ball_planner_wait_state[0m:[36m694[0m - [1mWaiting for ball estimator: samples=0/31 visible=False ready=False pos=[-0.80009574  0.572271    1.3359871 ] vel=[-3.0023797  2.155706  -0.5305405][0m
[32m2026-06-29 18:09:52.192[0m | [1mINFO    [0m | [36menvs.hitter[0m:[36m_log_ball_planner_wait_state[0m:[36m694[0m - [1mWaiting for ball estimator: samples=0/31 visible=False ready=False pos=[-0.80009574  0.572271    1.3359871 ] vel=[-3.0023797  2.155706  -0.5305405][0m
[32m2026-06-29 18:09:52.216[0m | [33m[1mWARNING [0m | [36magents.loco_hitter_agent[0m:[36mrun[0m:[36m270[0m - [33m[1mStep timeout: -0.0081s[0m
[32m2026-06-29 18:09:52.701[0m | [1mINFO    [0m | [36menvs.hitter[0m:[36m_log_ball_planner_wait_state[0m:[36m694[0m - [1mWaiting for ball estimator: samples=0/31 visible=False ready=False pos=[-0.80009574  0.572271    1.3359871 ] vel=[-3.0023797  2.155706  -0.5305405][0m
[32m2026-06-29 18:09:53.203[0m | [1mINFO    [0m | [36menvs.hitter[0m:[36m_log_ball_planner_wait_state[0m:[36m694[0m - [1mWaiting for ball estimator: samples=0/31 visible=False ready=False pos=[-0.80009574  0.572271    1.3359871 ] vel=[-3.0023797  2.155706  -0.5305405][0m
[32m2026-06-29 18:09:53.707[0m | [1mINFO    [0m | [36menvs.hitter[0m:[36m_log_ball_planner_wait_state[0m:[36m694[0m - [1mWaiting for ball estimator: samples=0/31 visible=False ready=False pos=[-0.80009574  0.572271    1.3359871 ] vel=[-3.0023797  2.155706  -0.5305405][0m
[32m2026-06-29 18:09:54.227[0m | [1mINFO    [0m | [36menvs.hitter[0m:[36m_log_ball_planner_wait_state[0m:[36m694[0m - [1mWaiting for ball estimator: samples=0/31 visible=False ready=False pos=[-0.80009574  0.572271    1.3359871 ] vel=[-3.0023797  2.155706  -0.5305405][0m
[32m2026-06-29 18:09:54.729[0m | [1mINFO    [0m | [36menvs.hitter[0m:[36m_log_ball_planner_wait_state[0m:[36m694[0m - [1mWaiting for ball estimator: samples=0/31 visible=False ready=False pos=[-0.80009574  0.572271    1.3359871 ] vel=[-3.0023797  2.155706  -0.5305405][0m
[32m2026-06-29 18:09:55.231[0m | [1mINFO    [0m | [36menvs.hitter[0m:[36m_log_ball_planner_wait_state[0m:[36m694[0m - [1mWaiting for ball estimator: samples=0/31 visible=False ready=False pos=[-0.80009574  0.572271    1.3359871 ] vel=[-3.0023797  2.155706  -0.5305405][0m
[32m2026-06-29 18:09:55.733[0m | [1mINFO    [0m | [36menvs.hitter[0m:[36m_log_ball_planner_wait_state[0m:[36m694[0m - [1mWaiting for ball estimator: samples=0/31 visible=False ready=False pos=[-0.80009574  0.572271    1.3359871 ] vel=[-3.0023797  2.155706  -0.5305405][0m
[32m2026-06-29 18:09:56.235[0m | [1mINFO    [0m | [36menvs.hitter[0m:[36m_log_ball_planner_wait_state[0m:[36m694[0m - [1mWaiting for ball estimator: samples=0/31 visible=False ready=False pos=[-0.80009574  0.572271    1.3359871 ] vel=[-3.0023797  2.155706  -0.5305405][0m
[32m2026-06-29 18:09:56.737[0m | [1mINFO    [0m | [36menvs.hitter[0m:[36m_log_ball_planner_wait_state[0m:[36m694[0m - [1mWaiting for ball estimator: samples=0/31 visible=False ready=False pos=[-0.80009574  0.572271    1.3359871 ] vel=[-3.0023797  2.155706  -0.5305405][0m
[32m2026-06-29 18:09:57.239[0m | [1mINFO    [0m | [36menvs.hitter[0m:[36m_log_ball_planner_wait_state[0m:[36m694[0m - [1mWaiting for ball estimator: samples=0/31 visible=False ready=False pos=[-0.80009574  0.572271    1.3359871 ] vel=[-3.0023797  2.155706  -0.5305405][0m
[32m2026-06-29 18:09:57.740[0m | [1mINFO    [0m | [36menvs.hitter[0m:[36m_log_ball_planner_wait_state[0m:[36m694[0m - [1mWaiting for ball estimator: samples=0/31 visible=False ready=False pos=[-0.80009574  0.572271    1.3359871 ] vel=[-3.0023797  2.155706  -0.5305405][0m
[32m2026-06-29 18:09:58.242[0m | [1mINFO    [0m | [36menvs.hitter[0m:[36m_log_ball_planner_wait_state[0m:[36m694[0m - [1mWaiting for ball estimator: samples=0/31 visible=False ready=False pos=[-0.80009574  0.572271    1.3359871 ] vel=[-3.0023797  2.155706  -0.5305405][0m
[32m2026-06-29 18:09:58.744[0m | [1mINFO    [0m | [36menvs.hitter[0m:[36m_log_ball_planner_wait_state[0m:[36m694[0m - [1mWaiting for ball estimator: samples=0/31 visible=False ready=False pos=[-0.80009574  0.572271    1.3359871 ] vel=[-3.0023797  2.155706  -0.5305405][0m
[32m2026-06-29 18:09:58.780[0m | [33m[1mWARNING [0m | [36magents.loco_hitter_agent[0m:[36mrun[0m:[36m270[0m - [33m[1mStep timeout: -0.0193s[0m
[32m2026-06-29 18:09:58.967[0m | [33m[1mWARNING [0m | [36magents.loco_hitter_agent[0m:[36mrun[0m:[36m270[0m - [33m[1mStep timeout: -0.0067s[0m
[32m2026-06-29 18:09:59.254[0m | [1mINFO    [0m | [36menvs.hitter[0m:[36m_log_ball_planner_wait_state[0m:[36m694[0m - [1mWaiting for ball estimator: samples=0/31 visible=False ready=False pos=[-0.80009574  0.572271    1.3359871 ] vel=[-3.0023797  2.155706  -0.5305405][0m
[32m2026-06-29 18:09:59.754[0m | [1mINFO    [0m | [36menvs.hitter[0m:[36m_log_ball_planner_wait_state[0m:[36m694[0m - [1mWaiting for ball estimator: samples=0/31 visible=False ready=False pos=[-0.80009574  0.572271    1.3359871 ] vel=[-3.0023797  2.155706  -0.5305405][0m
[32m2026-06-29 18:10:00.256[0m | [1mINFO    [0m | [36menvs.hitter[0m:[36m_log_ball_planner_wait_state[0m:[36m694[0m - [1mWaiting for ball estimator: samples=0/31 visible=False ready=False pos=[-0.80009574  0.572271    1.3359871 ] vel=[-3.0023797  2.155706  -0.5305405][0m
[32m2026-06-29 18:10:00.758[0m | [1mINFO    [0m | [36menvs.hitter[0m:[36m_log_ball_planner_wait_state[0m:[36m694[0m - [1mWaiting for ball estimator: samples=0/31 visible=False ready=False pos=[-0.80009574  0.572271    1.3359871 ] vel=[-3.0023797  2.155706  -0.5305405][0m
[32m2026-06-29 18:10:01.260[0m | [1mINFO    [0m | [36menvs.hitter[0m:[36m_log_ball_planner_wait_state[0m:[36m694[0m - [1mWaiting for ball estimator: samples=0/31 visible=False ready=False pos=[-0.80009574  0.572271    1.3359871 ] vel=[-3.0023797  2.155706  -0.5305405][0m
[32m2026-06-29 18:10:01.762[0m | [1mINFO    [0m | [36menvs.hitter[0m:[36m_log_ball_planner_wait_state[0m:[36m694[0m - [1mWaiting for ball estimator: samples=0/31 visible=False ready=False pos=[-0.80009574  0.572271    1.3359871 ] vel=[-3.0023797  2.155706  -0.5305405][0m
[32m2026-06-29 18:10:02.264[0m | [1mINFO    [0m | [36menvs.hitter[0m:[36m_log_ball_planner_wait_state[0m:[36m694[0m - [1mWaiting for ball estimator: samples=0/31 visible=False ready=False pos=[-0.80009574  0.572271    1.3359871 ] vel=[-3.0023797  2.155706  -0.5305405][0m
[32m2026-06-29 18:10:02.770[0m | [1mINFO    [0m | [36menvs.hitter[0m:[36m_log_ball_planner_wait_state[0m:[36m694[0m - [1mWaiting for ball estimator: samples=0/31 visible=False ready=False pos=[-0.80009574  0.572271    1.3359871 ] vel=[-3.0023797  2.155706  -0.5305405][0m
[32m2026-06-29 18:10:03.288[0m | [1mINFO    [0m | [36menvs.hitter[0m:[36m_log_ball_planner_wait_state[0m:[36m694[0m - [1mWaiting for ball estimator: samples=0/31 visible=False ready=False pos=[-0.80009574  0.572271    1.3359871 ] vel=[-3.0023797  2.155706  -0.5305405][0m
[32m2026-06-29 18:10:03.790[0m | [1mINFO    [0m | [36menvs.hitter[0m:[36m_log_ball_planner_wait_state[0m:[36m694[0m - [1mWaiting for ball estimator: samples=0/31 visible=False ready=False pos=[-0.80009574  0.572271    1.3359871 ] vel=[-3.0023797  2.155706  -0.5305405][0m
[32m2026-06-29 18:10:04.293[0m | [1mINFO    [0m | [36menvs.hitter[0m:[36m_log_ball_planner_wait_state[0m:[36m694[0m - [1mWaiting for ball estimator: samples=0/31 visible=False ready=False pos=[-0.80009574  0.572271    1.3359871 ] vel=[-3.0023797  2.155706  -0.5305405][0m
[32m2026-06-29 18:10:04.795[0m | [1mINFO    [0m | [36menvs.hitter[0m:[36m_log_ball_planner_wait_state[0m:[36m694[0m - [1mWaiting for ball estimator: samples=0/31 visible=False ready=False pos=[-0.80009574  0.572271    1.3359871 ] vel=[-3.0023797  2.155706  -0.5305405][0m
[32m2026-06-29 18:10:05.297[0m | [1mINFO    [0m | [36menvs.hitter[0m:[36m_log_ball_planner_wait_state[0m:[36m694[0m - [1mWaiting for ball estimator: samples=0/31 visible=False ready=False pos=[-0.80009574  0.572271    1.3359871 ] vel=[-3.0023797  2.155706  -0.5305405][0m
[32m2026-06-29 18:10:05.799[0m | [1mINFO    [0m | [36menvs.hitter[0m:[36m_log_ball_planner_wait_state[0m:[36m694[0m - [1mWaiting for ball estimator: samples=0/31 visible=False ready=False pos=[-0.80009574  0.572271    1.3359871 ] vel=[-3.0023797  2.155706  -0.5305405][0m
[32m2026-06-29 18:10:06.301[0m | [1mINFO    [0m | [36menvs.hitter[0m:[36m_log_ball_planner_wait_state[0m:[36m694[0m - [1mWaiting for ball estimator: samples=0/31 visible=False ready=False pos=[-0.80009574  0.572271    1.3359871 ] vel=[-3.0023797  2.155706  -0.5305405][0m
[32m2026-06-29 18:10:06.803[0m | [1mINFO    [0m | [36menvs.hitter[0m:[36m_log_ball_planner_wait_state[0m:[36m694[0m - [1mWaiting for ball estimator: samples=0/31 visible=False ready=False pos=[-0.80009574  0.572271    1.3359871 ] vel=[-3.0023797  2.155706  -0.5305405][0m
[32m2026-06-29 18:10:07.305[0m | [1mINFO    [0m | [36menvs.hitter[0m:[36m_log_ball_planner_wait_state[0m:[36m694[0m - [1mWaiting for ball estimator: samples=0/31 visible=False ready=False pos=[-0.80009574  0.572271    1.3359871 ] vel=[-3.0023797  2.155706  -0.5305405][0m
[32m2026-06-29 18:10:07.807[0m | [1mINFO    [0m | [36menvs.hitter[0m:[36m_log_ball_planner_wait_state[0m:[36m694[0m - [1mWaiting for ball estimator: samples=0/31 visible=False ready=False pos=[-0.80009574  0.572271    1.3359871 ] vel=[-3.0023797  2.155706  -0.5305405][0m
[32m2026-06-29 18:10:08.309[0m | [1mINFO    [0m | [36menvs.hitter[0m:[36m_log_ball_planner_wait_state[0m:[36m694[0m - [1mWaiting for ball estimator: samples=0/31 visible=False ready=False pos=[-0.80009574  0.572271    1.3359871 ] vel=[-3.0023797  2.155706  -0.5305405][0m
[32m2026-06-29 18:10:08.478[0m | [33m[1mWARNING [0m | [36magents.loco_hitter_agent[0m:[36mrun[0m:[36m270[0m - [33m[1mStep timeout: -0.0114s[0m
[32m2026-06-29 18:10:08.823[0m | [1mINFO    [0m | [36menvs.hitter[0m:[36m_log_ball_planner_wait_state[0m:[36m694[0m - [1mWaiting for ball estimator: samples=0/31 visible=False ready=False pos=[-0.80009574  0.572271    1.3359871 ] vel=[-3.0023797  2.155706  -0.5305405][0m
[32m2026-06-29 18:10:09.324[0m | [1mINFO    [0m | [36menvs.hitter[0m:[36m_log_ball_planner_wait_state[0m:[36m694[0m - [1mWaiting for ball estimator: samples=0/31 visible=False ready=False pos=[-0.80009574  0.572271    1.3359871 ] vel=[-3.0023797  2.155706  -0.5305405][0m
[32m2026-06-29 18:10:09.827[0m | [1mINFO    [0m | [36menvs.hitter[0m:[36m_log_ball_planner_wait_state[0m:[36m694[0m - [1mWaiting for ball estimator: samples=0/31 visible=False ready=False pos=[-0.80009574  0.572271    1.3359871 ] vel=[-3.0023797  2.155706  -0.5305405][0m
[32m2026-06-29 18:10:10.328[0m | [1mINFO    [0m | [36menvs.hitter[0m:[36m_log_ball_planner_wait_state[0m:[36m694[0m - [1mWaiting for ball estimator: samples=0/31 visible=False ready=False pos=[-0.80009574  0.572271    1.3359871 ] vel=[-3.0023797  2.155706  -0.5305405][0m
[32m2026-06-29 18:10:10.830[0m | [1mINFO    [0m | [36menvs.hitter[0m:[36m_log_ball_planner_wait_state[0m:[36m694[0m - [1mWaiting for ball estimator: samples=0/31 visible=False ready=False pos=[-0.80009574  0.572271    1.3359871 ] vel=[-3.0023797  2.155706  -0.5305405][0m
[32m2026-06-29 18:10:11.331[0m | [1mINFO    [0m | [36menvs.hitter[0m:[36m_log_ball_planner_wait_state[0m:[36m694[0m - [1mWaiting for ball estimator: samples=0/31 visible=False ready=False pos=[-0.80009574  0.572271    1.3359871 ] vel=[-3.0023797  2.155706  -0.5305405][0m
[32m2026-06-29 18:10:11.833[0m | [1mINFO    [0m | [36menvs.hitter[0m:[36m_log_ball_planner_wait_state[0m:[36m694[0m - [1mWaiting for ball estimator: samples=0/31 visible=False ready=False pos=[-0.80009574  0.572271    1.3359871 ] vel=[-3.0023797  2.155706  -0.5305405][0m
[32m2026-06-29 18:10:11.992[0m | [33m[1mWARNING [0m | [36magents.loco_hitter_agent[0m:[36mrun[0m:[36m270[0m - [33m[1mStep timeout: -0.0217s[0m
[32m2026-06-29 18:10:12.337[0m | [1mINFO    [0m | [36menvs.hitter[0m:[36m_log_ball_planner_wait_state[0m:[36m694[0m - [1mWaiting for ball estimator: samples=0/31 visible=False ready=False pos=[-0.80009574  0.572271    1.3359871 ] vel=[-3.0023797  2.155706  -0.5305405][0m
[32m2026-06-29 18:10:12.839[0m | [1mINFO    [0m | [36menvs.hitter[0m:[36m_log_ball_planner_wait_state[0m:[36m694[0m - [1mWaiting for ball estimator: samples=0/31 visible=False ready=False pos=[-0.80009574  0.572271    1.3359871 ] vel=[-3.0023797  2.155706  -0.5305405][0m
[32m2026-06-29 18:10:13.341[0m | [1mINFO    [0m | [36menvs.hitter[0m:[36m_log_ball_planner_wait_state[0m:[36m694[0m - [1mWaiting for ball estimator: samples=0/31 visible=False ready=False pos=[-0.80009574  0.572271    1.3359871 ] vel=[-3.0023797  2.155706  -0.5305405][0m
[32m2026-06-29 18:10:13.843[0m | [1mINFO    [0m | [36menvs.hitter[0m:[36m_log_ball_planner_wait_state[0m:[36m694[0m - [1mWaiting for ball estimator: samples=0/31 visible=False ready=False pos=[-0.80009574  0.572271    1.3359871 ] vel=[-3.0023797  2.155706  -0.5305405][0m
[32m2026-06-29 18:10:14.345[0m | [1mINFO    [0m | [36menvs.hitter[0m:[36m_log_ball_planner_wait_state[0m:[36m694[0m - [1mWaiting for ball estimator: samples=0/31 visible=False ready=False pos=[-0.80009574  0.572271    1.3359871 ] vel=[-3.0023797  2.155706  -0.5305405][0m
[32m2026-06-29 18:10:14.847[0m | [1mINFO    [0m | [36menvs.hitter[0m:[36m_log_ball_planner_wait_state[0m:[36m694[0m - [1mWaiting for ball estimator: samples=0/31 visible=False ready=False pos=[-0.80009574  0.572271    1.3359871 ] vel=[-3.0023797  2.155706  -0.5305405][0m
[32m2026-06-29 18:10:15.349[0m | [1mINFO    [0m | [36menvs.hitter[0m:[36m_log_ball_planner_wait_state[0m:[36m694[0m - [1mWaiting for ball estimator: samples=0/31 visible=False ready=False pos=[-0.80009574  0.572271    1.3359871 ] vel=[-3.0023797  2.155706  -0.5305405][0m
[32m2026-06-29 18:10:15.851[0m | [1mINFO    [0m | [36menvs.hitter[0m:[36m_log_ball_planner_wait_state[0m:[36m694[0m - [1mWaiting for ball estimator: samples=0/31 visible=False ready=False pos=[-0.80009574  0.572271    1.3359871 ] vel=[-3.0023797  2.155706  -0.5305405][0m
[32m2026-06-29 18:10:16.017[0m | [33m[1mWARNING [0m | [36magents.loco_hitter_agent[0m:[36mrun[0m:[36m270[0m - [33m[1mStep timeout: -0.0089s[0m
[32m2026-06-29 18:10:16.362[0m | [1mINFO    [0m | [36menvs.hitter[0m:[36m_log_ball_planner_wait_state[0m:[36m694[0m - [1mWaiting for ball estimator: samples=0/31 visible=False ready=False pos=[-0.80009574  0.572271    1.3359871 ] vel=[-3.0023797  2.155706  -0.5305405][0m
[32m2026-06-29 18:10:16.864[0m | [1mINFO    [0m | [36menvs.hitter[0m:[36m_log_ball_planner_wait_state[0m:[36m694[0m - [1mWaiting for ball estimator: samples=0/31 visible=False ready=False pos=[-0.80009574  0.572271    1.3359871 ] vel=[-3.0023797  2.155706  -0.5305405][0m
[32m2026-06-29 18:10:17.366[0m | [1mINFO    [0m | [36menvs.hitter[0m:[36m_log_ball_planner_wait_state[0m:[36m694[0m - [1mWaiting for ball estimator: samples=0/31 visible=False ready=False pos=[-0.80009574  0.572271    1.3359871 ] vel=[-3.0023797  2.155706  -0.5305405][0m
[32m2026-06-29 18:10:17.868[0m | [1mINFO    [0m | [36menvs.hitter[0m:[36m_log_ball_planner_wait_state[0m:[36m694[0m - [1mWaiting for ball estimator: samples=0/31 visible=False ready=False pos=[-0.80009574  0.572271    1.3359871 ] vel=[-3.0023797  2.155706  -0.5305405][0m
[32m2026-06-29 18:10:18.369[0m | [1mINFO    [0m | [36menvs.hitter[0m:[36m_log_ball_planner_wait_state[0m:[36m694[0m - [1mWaiting for ball estimator: samples=0/31 visible=False ready=False pos=[-0.80009574  0.572271    1.3359871 ] vel=[-3.0023797  2.155706  -0.5305405][0m
[32m2026-06-29 18:10:18.871[0m | [1mINFO    [0m | [36menvs.hitter[0m:[36m_log_ball_planner_wait_state[0m:[36m694[0m - [1mWaiting for ball estimator: samples=0/31 visible=False ready=False pos=[-0.80009574  0.572271    1.3359871 ] vel=[-3.0023797  2.155706  -0.5305405][0m
[32m2026-06-29 18:10:19.373[0m | [1mINFO    [0m | [36menvs.hitter[0m:[36m_log_ball_planner_wait_state[0m:[36m694[0m - [1mWaiting for ball estimator: samples=0/31 visible=False ready=False pos=[-0.80009574  0.572271    1.3359871 ] vel=[-3.0023797  2.155706  -0.5305405][0m
[32m2026-06-29 18:10:19.875[0m | [1mINFO    [0m | [36menvs.hitter[0m:[36m_log_ball_planner_wait_state[0m:[36m694[0m - [1mWaiting for ball estimator: samples=0/31 visible=False ready=False pos=[-0.80009574  0.572271    1.3359871 ] vel=[-3.0023797  2.155706  -0.5305405][0m
[32m2026-06-29 18:10:20.377[0m | [1mINFO    [0m | [36menvs.hitter[0m:[36m_log_ball_planner_wait_state[0m:[36m694[0m - [1mWaiting for ball estimator: samples=0/31 visible=False ready=False pos=[-0.80009574  0.572271    1.3359871 ] vel=[-3.0023797  2.155706  -0.5305405][0m
[32m2026-06-29 18:10:20.879[0m | [1mINFO    [0m | [36menvs.hitter[0m:[36m_log_ball_planner_wait_state[0m:[36m694[0m - [1mWaiting for ball estimator: samples=0/31 visible=False ready=False pos=[-0.80009574  0.572271    1.3359871 ] vel=[-3.0023797  2.155706  -0.5305405][0m
[32m2026-06-29 18:10:21.381[0m | [1mINFO    [0m | [36menvs.hitter[0m:[36m_log_ball_planner_wait_state[0m:[36m694[0m - [1mWaiting for ball estimator: samples=0/31 visible=False ready=False pos=[-0.80009574  0.572271    1.3359871 ] vel=[-3.0023797  2.155706  -0.5305405][0m
[32m2026-06-29 18:10:21.883[0m | [1mINFO    [0m | [36menvs.hitter[0m:[36m_log_ball_planner_wait_state[0m:[36m694[0m - [1mWaiting for ball estimator: samples=0/31 visible=False ready=False pos=[-0.80009574  0.572271    1.3359871 ] vel=[-3.0023797  2.155706  -0.5305405][0m
[32m2026-06-29 18:10:22.386[0m | [1mINFO    [0m | [36menvs.hitter[0m:[36m_log_ball_planner_wait_state[0m:[36m694[0m - [1mWaiting for ball estimator: samples=0/31 visible=False ready=False pos=[-0.80009574  0.572271    1.3359871 ] vel=[-3.0023797  2.155706  -0.5305405][0m
[32m2026-06-29 18:10:22.887[0m | [1mINFO    [0m | [36menvs.hitter[0m:[36m_log_ball_planner_wait_state[0m:[36m694[0m - [1mWaiting for ball estimator: samples=0/31 visible=False ready=False pos=[-0.80009574  0.572271    1.3359871 ] vel=[-3.0023797  2.155706  -0.5305405][0m
[32m2026-06-29 18:10:23.389[0m | [1mINFO    [0m | [36menvs.hitter[0m:[36m_log_ball_planner_wait_state[0m:[36m694[0m - [1mWaiting for ball estimator: samples=0/31 visible=False ready=False pos=[-0.80009574  0.572271    1.3359871 ] vel=[-3.0023797  2.155706  -0.5305405][0m
[32m2026-06-29 18:10:23.890[0m | [1mINFO    [0m | [36menvs.hitter[0m:[36m_log_ball_planner_wait_state[0m:[36m694[0m - [1mWaiting for ball estimator: samples=0/31 visible=False ready=False pos=[-0.80009574  0.572271    1.3359871 ] vel=[-3.0023797  2.155706  -0.5305405][0m
[32m2026-06-29 18:10:24.392[0m | [1mINFO    [0m | [36menvs.hitter[0m:[36m_log_ball_planner_wait_state[0m:[36m694[0m - [1mWaiting for ball estimator: samples=0/31 visible=False ready=False pos=[-0.80009574  0.572271    1.3359871 ] vel=[-3.0023797  2.155706  -0.5305405][0m
[32m2026-06-29 18:10:24.894[0m | [1mINFO    [0m | [36menvs.hitter[0m:[36m_log_ball_planner_wait_state[0m:[36m694[0m - [1mWaiting for ball estimator: samples=0/31 visible=False ready=False pos=[-0.80009574  0.572271    1.3359871 ] vel=[-3.0023797  2.155706  -0.5305405][0m
[32m2026-06-29 18:10:25.215[0m | [33m[1mWARNING [0m | [36magents.loco_hitter_agent[0m:[36mrun[0m:[36m270[0m - [33m[1mStep timeout: -0.0228s[0m
[32m2026-06-29 18:10:25.399[0m | [1mINFO    [0m | [36menvs.hitter[0m:[36m_log_ball_planner_wait_state[0m:[36m694[0m - [1mWaiting for ball estimator: samples=0/31 visible=False ready=False pos=[-0.80009574  0.572271    1.3359871 ] vel=[-3.0023797  2.155706  -0.5305405][0m
[32m2026-06-29 18:10:25.901[0m | [1mINFO    [0m | [36menvs.hitter[0m:[36m_log_ball_planner_wait_state[0m:[36m694[0m - [1mWaiting for ball estimator: samples=0/31 visible=False ready=False pos=[-0.80009574  0.572271    1.3359871 ] vel=[-3.0023797  2.155706  -0.5305405][0m
[32m2026-06-29 18:10:26.403[0m | [1mINFO    [0m | [36menvs.hitter[0m:[36m_log_ball_planner_wait_state[0m:[36m694[0m - [1mWaiting for ball estimator: samples=0/31 visible=False ready=False pos=[-0.80009574  0.572271    1.3359871 ] vel=[-3.0023797  2.155706  -0.5305405][0m
[32m2026-06-29 18:10:26.905[0m | [1mINFO    [0m | [36menvs.hitter[0m:[36m_log_ball_planner_wait_state[0m:[36m694[0m - [1mWaiting for ball estimator: samples=0/31 visible=False ready=False pos=[-0.80009574  0.572271    1.3359871 ] vel=[-3.0023797  2.155706  -0.5305405][0m
[32m2026-06-29 18:10:27.407[0m | [1mINFO    [0m | [36menvs.hitter[0m:[36m_log_ball_planner_wait_state[0m:[36m694[0m - [1mWaiting for ball estimator: samples=0/31 visible=False ready=False pos=[-0.80009574  0.572271    1.3359871 ] vel=[-3.0023797  2.155706  -0.5305405][0m
[32m2026-06-29 18:10:27.909[0m | [1mINFO    [0m | [36menvs.hitter[0m:[36m_log_ball_planner_wait_state[0m:[36m694[0m - [1mWaiting for ball estimator: samples=0/31 visible=False ready=False pos=[-0.80009574  0.572271    1.3359871 ] vel=[-3.0023797  2.155706  -0.5305405][0m
[32m2026-06-29 18:10:28.411[0m | [1mINFO    [0m | [36menvs.hitter[0m:[36m_log_ball_planner_wait_state[0m:[36m694[0m - [1mWaiting for ball estimator: samples=0/31 visible=False ready=False pos=[-0.80009574  0.572271    1.3359871 ] vel=[-3.0023797  2.155706  -0.5305405][0m
[32m2026-06-29 18:10:28.912[0m | [1mINFO    [0m | [36menvs.hitter[0m:[36m_log_ball_planner_wait_state[0m:[36m694[0m - [1mWaiting for ball estimator: samples=0/31 visible=False ready=False pos=[-0.80009574  0.572271    1.3359871 ] vel=[-3.0023797  2.155706  -0.5305405][0m
[32m2026-06-29 18:10:29.414[0m | [1mINFO    [0m | [36menvs.hitter[0m:[36m_log_ball_planner_wait_state[0m:[36m694[0m - [1mWaiting for ball estimator: samples=0/31 visible=False ready=False pos=[-0.80009574  0.572271    1.3359871 ] vel=[-3.0023797  2.155706  -0.5305405][0m
[32m2026-06-29 18:10:29.916[0m | [1mINFO    [0m | [36menvs.hitter[0m:[36m_log_ball_planner_wait_state[0m:[36m694[0m - [1mWaiting for ball estimator: samples=0/31 visible=False ready=False pos=[-0.80009574  0.572271    1.3359871 ] vel=[-3.0023797  2.155706  -0.5305405][0m
[32m2026-06-29 18:10:30.418[0m | [1mINFO    [0m | [36menvs.hitter[0m:[36m_log_ball_planner_wait_state[0m:[36m694[0m - [1mWaiting for ball estimator: samples=0/31 visible=False ready=False pos=[-0.80009574  0.572271    1.3359871 ] vel=[-3.0023797  2.155706  -0.5305405][0m
[32m2026-06-29 18:10:30.919[0m | [1mINFO    [0m | [36menvs.hitter[0m:[36m_log_ball_planner_wait_state[0m:[36m694[0m - [1mWaiting for ball estimator: samples=0/31 visible=False ready=False pos=[-0.80009574  0.572271    1.3359871 ] vel=[-3.0023797  2.155706  -0.5305405][0m
[32m2026-06-29 18:10:31.421[0m | [1mINFO    [0m | [36menvs.hitter[0m:[36m_log_ball_planner_wait_state[0m:[36m694[0m - [1mWaiting for ball estimator: samples=0/31 visible=False ready=False pos=[-0.80009574  0.572271    1.3359871 ] vel=[-3.0023797  2.155706  -0.5305405][0m
[32m2026-06-29 18:10:31.926[0m | [1mINFO    [0m | [36menvs.hitter[0m:[36m_log_ball_planner_wait_state[0m:[36m694[0m - [1mWaiting for ball estimator: samples=0/31 visible=False ready=False pos=[-0.80009574  0.572271    1.3359871 ] vel=[-3.0023797  2.155706  -0.5305405][0m
[32m2026-06-29 18:10:32.445[0m | [1mINFO    [0m | [36menvs.hitter[0m:[36m_log_ball_planner_wait_state[0m:[36m694[0m - [1mWaiting for ball estimator: samples=0/31 visible=False ready=False pos=[-0.80009574  0.572271    1.3359871 ] vel=[-3.0023797  2.155706  -0.5305405][0m
[32m2026-06-29 18:10:32.947[0m | [1mINFO    [0m | [36menvs.hitter[0m:[36m_log_ball_planner_wait_state[0m:[36m694[0m - [1mWaiting for ball estimator: samples=0/31 visible=False ready=False pos=[-0.80009574  0.572271    1.3359871 ] vel=[-3.0023797  2.155706  -0.5305405][0m
[32m2026-06-29 18:10:33.448[0m | [1mINFO    [0m | [36menvs.hitter[0m:[36m_log_ball_planner_wait_state[0m:[36m694[0m - [1mWaiting for ball estimator: samples=0/31 visible=False ready=False pos=[-0.80009574  0.572271    1.3359871 ] vel=[-3.0023797  2.155706  -0.5305405][0m
[32m2026-06-29 18:10:33.950[0m | [1mINFO    [0m | [36menvs.hitter[0m:[36m_log_ball_planner_wait_state[0m:[36m694[0m - [1mWaiting for ball estimator: samples=0/31 visible=False ready=False pos=[-0.80009574  0.572271    1.3359871 ] vel=[-3.0023797  2.155706  -0.5305405][0m
[32m2026-06-29 18:10:34.451[0m | [1mINFO    [0m | [36menvs.hitter[0m:[36m_log_ball_planner_wait_state[0m:[36m694[0m - [1mWaiting for ball estimator: samples=0/31 visible=False ready=False pos=[-0.80009574  0.572271    1.3359871 ] vel=[-3.0023797  2.155706  -0.5305405][0m
[32m2026-06-29 18:10:34.953[0m | [1mINFO    [0m | [36menvs.hitter[0m:[36m_log_ball_planner_wait_state[0m:[36m694[0m - [1mWaiting for ball estimator: samples=0/31 visible=False ready=False pos=[-0.80009574  0.572271    1.3359871 ] vel=[-3.0023797  2.155706  -0.5305405][0m
[32m2026-06-29 18:10:35.458[0m | [1mINFO    [0m | [36menvs.hitter[0m:[36m_log_ball_planner_wait_state[0m:[36m694[0m - [1mWaiting for ball estimator: samples=0/31 visible=False ready=False pos=[-0.80009574  0.572271    1.3359871 ] vel=[-3.0023797  2.155706  -0.5305405][0m
[32m2026-06-29 18:10:35.959[0m | [1mINFO    [0m | [36menvs.hitter[0m:[36m_log_ball_planner_wait_state[0m:[36m694[0m - [1mWaiting for ball estimator: samples=0/31 visible=False ready=False pos=[-0.80009574  0.572271    1.3359871 ] vel=[-3.0023797  2.155706  -0.5305405][0m
[32m2026-06-29 18:10:36.479[0m | [1mINFO    [0m | [36menvs.hitter[0m:[36m_log_ball_planner_wait_state[0m:[36m694[0m - [1mWaiting for ball estimator: samples=0/31 visible=False ready=False pos=[-0.80009574  0.572271    1.3359871 ] vel=[-3.0023797  2.155706  -0.5305405][0m
[32m2026-06-29 18:10:36.981[0m | [1mINFO    [0m | [36menvs.hitter[0m:[36m_log_ball_planner_wait_state[0m:[36m694[0m - [1mWaiting for ball estimator: samples=0/31 visible=False ready=False pos=[-0.80009574  0.572271    1.3359871 ] vel=[-3.0023797  2.155706  -0.5305405][0m
[32m2026-06-29 18:10:37.483[0m | [1mINFO    [0m | [36menvs.hitter[0m:[36m_log_ball_planner_wait_state[0m:[36m694[0m - [1mWaiting for ball estimator: samples=0/31 visible=False ready=False pos=[-0.80009574  0.572271    1.3359871 ] vel=[-3.0023797  2.155706  -0.5305405][0m
[32m2026-06-29 18:10:37.985[0m | [1mINFO    [0m | [36menvs.hitter[0m:[36m_log_ball_planner_wait_state[0m:[36m694[0m - [1mWaiting for ball estimator: samples=0/31 visible=False ready=False pos=[-0.80009574  0.572271    1.3359871 ] vel=[-3.0023797  2.155706  -0.5305405][0m
[32m2026-06-29 18:10:38.411[0m | [33m[1mWARNING [0m | [36magents.loco_hitter_agent[0m:[36mrun[0m:[36m270[0m - [33m[1mStep timeout: -0.0275s[0m
[32m2026-06-29 18:10:38.495[0m | [1mINFO    [0m | [36menvs.hitter[0m:[36m_log_ball_planner_wait_state[0m:[36m694[0m - [1mWaiting for ball estimator: samples=0/31 visible=False ready=False pos=[-0.80009574  0.572271    1.3359871 ] vel=[-3.0023797  2.155706  -0.5305405][0m
[32m2026-06-29 18:10:38.997[0m | [1mINFO    [0m | [36menvs.hitter[0m:[36m_log_ball_planner_wait_state[0m:[36m694[0m - [1mWaiting for ball estimator: samples=0/31 visible=False ready=False pos=[-0.80009574  0.572271    1.3359871 ] vel=[-3.0023797  2.155706  -0.5305405][0m
[32m2026-06-29 18:10:39.498[0m | [1mINFO    [0m | [36menvs.hitter[0m:[36m_log_ball_planner_wait_state[0m:[36m694[0m - [1mWaiting for ball estimator: samples=0/31 visible=False ready=False pos=[-0.80009574  0.572271    1.3359871 ] vel=[-3.0023797  2.155706  -0.5305405][0m
[32m2026-06-29 18:10:40.001[0m | [1mINFO    [0m | [36menvs.hitter[0m:[36m_log_ball_planner_wait_state[0m:[36m694[0m - [1mWaiting for ball estimator: samples=0/31 visible=False ready=False pos=[-0.80009574  0.572271    1.3359871 ] vel=[-3.0023797  2.155706  -0.5305405][0m
[32m2026-06-29 18:10:40.502[0m | [1mINFO    [0m | [36menvs.hitter[0m:[36m_log_ball_planner_wait_state[0m:[36m694[0m - [1mWaiting for ball estimator: samples=0/31 visible=False ready=False pos=[-0.80009574  0.572271    1.3359871 ] vel=[-3.0023797  2.155706  -0.5305405][0m
[32m2026-06-29 18:10:41.004[0m | [1mINFO    [0m | [36menvs.hitter[0m:[36m_log_ball_planner_wait_state[0m:[36m694[0m - [1mWaiting for ball estimator: samples=0/31 visible=False ready=False pos=[-0.80009574  0.572271    1.3359871 ] vel=[-3.0023797  2.155706  -0.5305405][0m
[32m2026-06-29 18:10:41.505[0m | [1mINFO    [0m | [36menvs.hitter[0m:[36m_log_ball_planner_wait_state[0m:[36m694[0m - [1mWaiting for ball estimator: samples=0/31 visible=False ready=False pos=[-0.80009574  0.572271    1.3359871 ] vel=[-3.0023797  2.155706  -0.5305405][0m
[32m2026-06-29 18:10:42.007[0m | [1mINFO    [0m | [36menvs.hitter[0m:[36m_log_ball_planner_wait_state[0m:[36m694[0m - [1mWaiting for ball estimator: samples=0/31 visible=False ready=False pos=[-0.80009574  0.572271    1.3359871 ] vel=[-3.0023797  2.155706  -0.5305405][0m
[32m2026-06-29 18:10:42.509[0m | [1mINFO    [0m | [36menvs.hitter[0m:[36m_log_ball_planner_wait_state[0m:[36m694[0m - [1mWaiting for ball estimator: samples=0/31 visible=False ready=False pos=[-0.80009574  0.572271    1.3359871 ] vel=[-3.0023797  2.155706  -0.5305405][0m
[32m2026-06-29 18:10:43.011[0m | [1mINFO    [0m | [36menvs.hitter[0m:[36m_log_ball_planner_wait_state[0m:[36m694[0m - [1mWaiting for ball estimator: samples=0/31 visible=False ready=False pos=[-0.80009574  0.572271    1.3359871 ] vel=[-3.0023797  2.155706  -0.5305405][0m
[32m2026-06-29 18:10:43.168[0m | [33m[1mWARNING [0m | [36magents.loco_hitter_agent[0m:[36mrun[0m:[36m270[0m - [33m[1mStep timeout: -0.0005s[0m
[32m2026-06-29 18:10:43.515[0m | [1mINFO    [0m | [36menvs.hitter[0m:[36m_log_ball_planner_wait_state[0m:[36m694[0m - [1mWaiting for ball estimator: samples=0/31 visible=False ready=False pos=[-0.80009574  0.572271    1.3359871 ] vel=[-3.0023797  2.155706  -0.5305405][0m
[32m2026-06-29 18:10:44.016[0m | [1mINFO    [0m | [36menvs.hitter[0m:[36m_log_ball_planner_wait_state[0m:[36m694[0m - [1mWaiting for ball estimator: samples=0/31 visible=False ready=False pos=[-0.80009574  0.572271    1.3359871 ] vel=[-3.0023797  2.155706  -0.5305405][0m
[32m2026-06-29 18:10:44.517[0m | [1mINFO    [0m | [36menvs.hitter[0m:[36m_log_ball_planner_wait_state[0m:[36m694[0m - [1mWaiting for ball estimator: samples=0/31 visible=False ready=False pos=[-0.80009574  0.572271    1.3359871 ] vel=[-3.0023797  2.155706  -0.5305405][0m
[32m2026-06-29 18:10:45.021[0m | [1mINFO    [0m | [36menvs.hitter[0m:[36m_log_ball_planner_wait_state[0m:[36m694[0m - [1mWaiting for ball estimator: samples=0/31 visible=False ready=False pos=[-0.80009574  0.572271    1.3359871 ] vel=[-3.0023797  2.155706  -0.5305405][0m
[32m2026-06-29 18:10:45.541[0m | [1mINFO    [0m | [36menvs.hitter[0m:[36m_log_ball_planner_wait_state[0m:[36m694[0m - [1mWaiting for ball estimator: samples=0/31 visible=False ready=False pos=[-0.80009574  0.572271    1.3359871 ] vel=[-3.0023797  2.155706  -0.5305405][0m
[32m2026-06-29 18:10:46.043[0m | [1mINFO    [0m | [36menvs.hitter[0m:[36m_log_ball_planner_wait_state[0m:[36m694[0m - [1mWaiting for ball estimator: samples=0/31 visible=False ready=False pos=[-0.80009574  0.572271    1.3359871 ] vel=[-3.0023797  2.155706  -0.5305405][0m
[32m2026-06-29 18:10:46.555[0m | [33m[1mWARNING [0m | [36magents.loco_hitter_agent[0m:[36mrun[0m:[36m270[0m - [33m[1mStep timeout: -0.0139s[0m
[32m2026-06-29 18:10:46.562[0m | [1mINFO    [0m | [36menvs.hitter[0m:[36m_log_ball_planner_wait_state[0m:[36m694[0m - [1mWaiting for ball estimator: samples=0/31 visible=False ready=False pos=[-0.80009574  0.572271    1.3359871 ] vel=[-3.0023797  2.155706  -0.5305405][0m
[32m2026-06-29 18:10:47.082[0m | [1mINFO    [0m | [36menvs.hitter[0m:[36m_log_ball_planner_wait_state[0m:[36m694[0m - [1mWaiting for ball estimator: samples=0/31 visible=False ready=False pos=[-0.80009574  0.572271    1.3359871 ] vel=[-3.0023797  2.155706  -0.5305405][0m
[32m2026-06-29 18:10:47.583[0m | [1mINFO    [0m | [36menvs.hitter[0m:[36m_log_ball_planner_wait_state[0m:[36m694[0m - [1mWaiting for ball estimator: samples=0/31 visible=False ready=False pos=[-0.80009574  0.572271    1.3359871 ] vel=[-3.0023797  2.155706  -0.5305405][0m
[32m2026-06-29 18:10:48.085[0m | [1mINFO    [0m | [36menvs.hitter[0m:[36m_log_ball_planner_wait_state[0m:[36m694[0m - [1mWaiting for ball estimator: samples=0/31 visible=False ready=False pos=[-0.80009574  0.572271    1.3359871 ] vel=[-3.0023797  2.155706  -0.5305405][0m
[32m2026-06-29 18:10:48.587[0m | [1mINFO    [0m | [36menvs.hitter[0m:[36m_log_ball_planner_wait_state[0m:[36m694[0m - [1mWaiting for ball estimator: samples=0/31 visible=False ready=False pos=[-0.80009574  0.572271    1.3359871 ] vel=[-3.0023797  2.155706  -0.5305405][0m
[32m2026-06-29 18:10:49.089[0m | [1mINFO    [0m | [36menvs.hitter[0m:[36m_log_ball_planner_wait_state[0m:[36m694[0m - [1mWaiting for ball estimator: samples=0/31 visible=False ready=False pos=[-0.80009574  0.572271    1.3359871 ] vel=[-3.0023797  2.155706  -0.5305405][0m
[32m2026-06-29 18:10:49.590[0m | [1mINFO    [0m | [36menvs.hitter[0m:[36m_log_ball_planner_wait_state[0m:[36m694[0m - [1mWaiting for ball estimator: samples=0/31 visible=False ready=False pos=[-0.80009574  0.572271    1.3359871 ] vel=[-3.0023797  2.155706  -0.5305405][0m
[32m2026-06-29 18:10:50.092[0m | [1mINFO    [0m | [36menvs.hitter[0m:[36m_log_ball_planner_wait_state[0m:[36m694[0m - [1mWaiting for ball estimator: samples=0/31 visible=False ready=False pos=[-0.80009574  0.572271    1.3359871 ] vel=[-3.0023797  2.155706  -0.5305405][0m
[32m2026-06-29 18:10:50.594[0m | [1mINFO    [0m | [36menvs.hitter[0m:[36m_log_ball_planner_wait_state[0m:[36m694[0m - [1mWaiting for ball estimator: samples=0/31 visible=False ready=False pos=[-0.80009574  0.572271    1.3359871 ] vel=[-3.0023797  2.155706  -0.5305405][0m
[32m2026-06-29 18:10:51.096[0m | [1mINFO    [0m | [36menvs.hitter[0m:[36m_log_ball_planner_wait_state[0m:[36m694[0m - [1mWaiting for ball estimator: samples=0/31 visible=False ready=False pos=[-0.80009574  0.572271    1.3359871 ] vel=[-3.0023797  2.155706  -0.5305405][0m
[32m2026-06-29 18:10:51.181[0m | [33m[1mWARNING [0m | [36magents.loco_hitter_agent[0m:[36mrun[0m:[36m270[0m - [33m[1mStep timeout: -0.0081s[0m
[32m2026-06-29 18:10:51.641[0m | [1mINFO    [0m | [36menvs.hitter[0m:[36m_log_ball_planner_wait_state[0m:[36m694[0m - [1mWaiting for ball estimator: samples=0/31 visible=False ready=False pos=[-0.80009574  0.572271    1.3359871 ] vel=[-3.0023797  2.155706  -0.5305405][0m
[32m2026-06-29 18:10:51.648[0m | [33m[1mWARNING [0m | [36magents.loco_hitter_agent[0m:[36mrun[0m:[36m270[0m - [33m[1mStep timeout: -0.0253s[0m
[32m2026-06-29 18:10:52.153[0m | [1mINFO    [0m | [36menvs.hitter[0m:[36m_log_ball_planner_wait_state[0m:[36m694[0m - [1mWaiting for ball estimator: samples=0/31 visible=False ready=False pos=[-0.80009574  0.572271    1.3359871 ] vel=[-3.0023797  2.155706  -0.5305405][0m
[32m2026-06-29 18:10:52.655[0m | [1mINFO    [0m | [36menvs.hitter[0m:[36m_log_ball_planner_wait_state[0m:[36m694[0m - [1mWaiting for ball estimator: samples=0/31 visible=False ready=False pos=[-0.80009574  0.572271    1.3359871 ] vel=[-3.0023797  2.155706  -0.5305405][0m
[32m2026-06-29 18:10:53.157[0m | [1mINFO    [0m | [36menvs.hitter[0m:[36m_log_ball_planner_wait_state[0m:[36m694[0m - [1mWaiting for ball estimator: samples=0/31 visible=False ready=False pos=[-0.80009574  0.572271    1.3359871 ] vel=[-3.0023797  2.155706  -0.5305405][0m
[32m2026-06-29 18:10:53.659[0m | [1mINFO    [0m | [36menvs.hitter[0m:[36m_log_ball_planner_wait_state[0m:[36m694[0m - [1mWaiting for ball estimator: samples=0/31 visible=False ready=False pos=[-0.80009574  0.572271    1.3359871 ] vel=[-3.0023797  2.155706  -0.5305405][0m
[32m2026-06-29 18:10:54.160[0m | [1mINFO    [0m | [36menvs.hitter[0m:[36m_log_ball_planner_wait_state[0m:[36m694[0m - [1mWaiting for ball estimator: samples=0/31 visible=False ready=False pos=[-0.80009574  0.572271    1.3359871 ] vel=[-3.0023797  2.155706  -0.5305405][0m
[32m2026-06-29 18:10:54.662[0m | [1mINFO    [0m | [36menvs.hitter[0m:[36m_log_ball_planner_wait_state[0m:[36m694[0m - [1mWaiting for ball estimator: samples=0/31 visible=False ready=False pos=[-0.80009574  0.572271    1.3359871 ] vel=[-3.0023797  2.155706  -0.5305405][0m
[32m2026-06-29 18:10:55.164[0m | [1mINFO    [0m | [36menvs.hitter[0m:[36m_log_ball_planner_wait_state[0m:[36m694[0m - [1mWaiting for ball estimator: samples=0/31 visible=False ready=False pos=[-0.80009574  0.572271    1.3359871 ] vel=[-3.0023797  2.155706  -0.5305405][0m
[32m2026-06-29 18:10:55.666[0m | [1mINFO    [0m | [36menvs.hitter[0m:[36m_log_ball_planner_wait_state[0m:[36m694[0m - [1mWaiting for ball estimator: samples=0/31 visible=False ready=False pos=[-0.80009574  0.572271    1.3359871 ] vel=[-3.0023797  2.155706  -0.5305405][0m
[32m2026-06-29 18:10:56.168[0m | [1mINFO    [0m | [36menvs.hitter[0m:[36m_log_ball_planner_wait_state[0m:[36m694[0m - [1mWaiting for ball estimator: samples=0/31 visible=False ready=False pos=[-0.80009574  0.572271    1.3359871 ] vel=[-3.0023797  2.155706  -0.5305405][0m
[32m2026-06-29 18:10:56.670[0m | [1mINFO    [0m | [36menvs.hitter[0m:[36m_log_ball_planner_wait_state[0m:[36m694[0m - [1mWaiting for ball estimator: samples=0/31 visible=False ready=False pos=[-0.80009574  0.572271    1.3359871 ] vel=[-3.0023797  2.155706  -0.5305405][0m
[32m2026-06-29 18:10:57.172[0m | [1mINFO    [0m | [36menvs.hitter[0m:[36m_log_ball_planner_wait_state[0m:[36m694[0m - [1mWaiting for ball estimator: samples=0/31 visible=False ready=False pos=[-0.80009574  0.572271    1.3359871 ] vel=[-3.0023797  2.155706  -0.5305405][0m
[32m2026-06-29 18:10:57.677[0m | [1mINFO    [0m | [36menvs.hitter[0m:[36m_log_ball_planner_wait_state[0m:[36m694[0m - [1mWaiting for ball estimator: samples=0/31 visible=False ready=False pos=[-0.80009574  0.572271    1.3359871 ] vel=[-3.0023797  2.155706  -0.5305405][0m
[32m2026-06-29 18:10:58.196[0m | [1mINFO    [0m | [36menvs.hitter[0m:[36m_log_ball_planner_wait_state[0m:[36m694[0m - [1mWaiting for ball estimator: samples=0/31 visible=False ready=False pos=[-0.80009574  0.572271    1.3359871 ] vel=[-3.0023797  2.155706  -0.5305405][0m
[32m2026-06-29 18:10:58.698[0m | [1mINFO    [0m | [36menvs.hitter[0m:[36m_log_ball_planner_wait_state[0m:[36m694[0m - [1mWaiting for ball estimator: samples=0/31 visible=False ready=False pos=[-0.80009574  0.572271    1.3359871 ] vel=[-3.0023797  2.155706  -0.5305405][0m
[32m2026-06-29 18:10:59.200[0m | [1mINFO    [0m | [36menvs.hitter[0m:[36m_log_ball_planner_wait_state[0m:[36m694[0m - [1mWaiting for ball estimator: samples=0/31 visible=False ready=False pos=[-0.80009574  0.572271    1.3359871 ] vel=[-3.0023797  2.155706  -0.5305405][0m
[32m2026-06-29 18:10:59.702[0m | [1mINFO    [0m | [36menvs.hitter[0m:[36m_log_ball_planner_wait_state[0m:[36m694[0m - [1mWaiting for ball estimator: samples=0/31 visible=False ready=False pos=[-0.80009574  0.572271    1.3359871 ] vel=[-3.0023797  2.155706  -0.5305405][0m
[32m2026-06-29 18:11:00.204[0m | [1mINFO    [0m | [36menvs.hitter[0m:[36m_log_ball_planner_wait_state[0m:[36m694[0m - [1mWaiting for ball estimator: samples=0/31 visible=False ready=False pos=[-0.80009574  0.572271    1.3359871 ] vel=[-3.0023797  2.155706  -0.5305405][0m
[32m2026-06-29 18:11:00.364[0m | [33m[1mWARNING [0m | [36magents.loco_hitter_agent[0m:[36mrun[0m:[36m270[0m - [33m[1mStep timeout: -0.0036s[0m
[32m2026-06-29 18:11:00.709[0m | [1mINFO    [0m | [36menvs.hitter[0m:[36m_log_ball_planner_wait_state[0m:[36m694[0m - [1mWaiting for ball estimator: samples=0/31 visible=False ready=False pos=[-0.80009574  0.572271    1.3359871 ] vel=[-3.0023797  2.155706  -0.5305405][0m
[32m2026-06-29 18:11:01.212[0m | [1mINFO    [0m | [36menvs.hitter[0m:[36m_log_ball_planner_wait_state[0m:[36m694[0m - [1mWaiting for ball estimator: samples=0/31 visible=False ready=False pos=[-0.80009574  0.572271    1.3359871 ] vel=[-3.0023797  2.155706  -0.5305405][0m
[32m2026-06-29 18:11:01.716[0m | [1mINFO    [0m | [36menvs.hitter[0m:[36m_log_ball_planner_wait_state[0m:[36m694[0m - [1mWaiting for ball estimator: samples=0/31 visible=False ready=False pos=[-0.80009574  0.572271    1.3359871 ] vel=[-3.0023797  2.155706  -0.5305405][0m
[32m2026-06-29 18:11:02.235[0m | [1mINFO    [0m | [36menvs.hitter[0m:[36m_log_ball_planner_wait_state[0m:[36m694[0m - [1mWaiting for ball estimator: samples=0/31 visible=False ready=False pos=[-0.80009574  0.572271    1.3359871 ] vel=[-3.0023797  2.155706  -0.5305405][0m
[32m2026-06-29 18:11:02.737[0m | [1mINFO    [0m | [36menvs.hitter[0m:[36m_log_ball_planner_wait_state[0m:[36m694[0m - [1mWaiting for ball estimator: samples=0/31 visible=False ready=False pos=[-0.80009574  0.572271    1.3359871 ] vel=[-3.0023797  2.155706  -0.5305405][0m
[32m2026-06-29 18:11:03.239[0m | [1mINFO    [0m | [36menvs.hitter[0m:[36m_log_ball_planner_wait_state[0m:[36m694[0m - [1mWaiting for ball estimator: samples=0/31 visible=False ready=False pos=[-0.80009574  0.572271    1.3359871 ] vel=[-3.0023797  2.155706  -0.5305405][0m
[32m2026-06-29 18:11:03.741[0m | [1mINFO    [0m | [36menvs.hitter[0m:[36m_log_ball_planner_wait_state[0m:[36m694[0m - [1mWaiting for ball estimator: samples=0/31 visible=False ready=False pos=[-0.80009574  0.572271    1.3359871 ] vel=[-3.0023797  2.155706  -0.5305405][0m
[32m2026-06-29 18:11:04.243[0m | [1mINFO    [0m | [36menvs.hitter[0m:[36m_log_ball_planner_wait_state[0m:[36m694[0m - [1mWaiting for ball estimator: samples=0/31 visible=False ready=False pos=[-0.80009574  0.572271    1.3359871 ] vel=[-3.0023797  2.155706  -0.5305405][0m
[32m2026-06-29 18:11:04.743[0m | [33m[1mWARNING [0m | [36magents.loco_hitter_agent[0m:[36mrun[0m:[36m270[0m - [33m[1mStep timeout: -0.0219s[0m
[32m2026-06-29 18:11:04.749[0m | [1mINFO    [0m | [36menvs.hitter[0m:[36m_log_ball_planner_wait_state[0m:[36m694[0m - [1mWaiting for ball estimator: samples=0/31 visible=False ready=False pos=[-0.80009574  0.572271    1.3359871 ] vel=[-3.0023797  2.155706  -0.5305405][0m
[32m2026-06-29 18:11:05.268[0m | [1mINFO    [0m | [36menvs.hitter[0m:[36m_log_ball_planner_wait_state[0m:[36m694[0m - [1mWaiting for ball estimator: samples=0/31 visible=False ready=False pos=[-0.80009574  0.572271    1.3359871 ] vel=[-3.0023797  2.155706  -0.5305405][0m
[32m2026-06-29 18:11:05.770[0m | [1mINFO    [0m | [36menvs.hitter[0m:[36m_log_ball_planner_wait_state[0m:[36m694[0m - [1mWaiting for ball estimator: samples=0/31 visible=False ready=False pos=[-0.80009574  0.572271    1.3359871 ] vel=[-3.0023797  2.155706  -0.5305405][0m
[32m2026-06-29 18:11:06.272[0m | [1mINFO    [0m | [36menvs.hitter[0m:[36m_log_ball_planner_wait_state[0m:[36m694[0m - [1mWaiting for ball estimator: samples=0/31 visible=False ready=False pos=[-0.80009574  0.572271    1.3359871 ] vel=[-3.0023797  2.155706  -0.5305405][0m
[32m2026-06-29 18:11:06.774[0m | [1mINFO    [0m | [36menvs.hitter[0m:[36m_log_ball_planner_wait_state[0m:[36m694[0m - [1mWaiting for ball estimator: samples=0/31 visible=False ready=False pos=[-0.80009574  0.572271    1.3359871 ] vel=[-3.0023797  2.155706  -0.5305405][0m
[32m2026-06-29 18:11:06.999[0m | [33m[1mWARNING [0m | [36magents.loco_hitter_agent[0m:[36mrun[0m:[36m270[0m - [33m[1mStep timeout: -0.0078s[0m
[32m2026-06-29 18:11:07.020[0m | [33m[1mWARNING [0m | [36magents.loco_hitter_agent[0m:[36mrun[0m:[36m270[0m - [33m[1mStep timeout: -0.0005s[0m
[32m2026-06-29 18:11:07.285[0m | [1mINFO    [0m | [36menvs.hitter[0m:[36m_log_ball_planner_wait_state[0m:[36m694[0m - [1mWaiting for ball estimator: samples=0/31 visible=False ready=False pos=[-0.80009574  0.572271    1.3359871 ] vel=[-3.0023797  2.155706  -0.5305405][0m
[32m2026-06-29 18:11:07.786[0m | [1mINFO    [0m | [36menvs.hitter[0m:[36m_log_ball_planner_wait_state[0m:[36m694[0m - [1mWaiting for ball estimator: samples=0/31 visible=False ready=False pos=[-0.80009574  0.572271    1.3359871 ] vel=[-3.0023797  2.155706  -0.5305405][0m
[32m2026-06-29 18:11:08.288[0m | [1mINFO    [0m | [36menvs.hitter[0m:[36m_log_ball_planner_wait_state[0m:[36m694[0m - [1mWaiting for ball estimator: samples=0/31 visible=False ready=False pos=[-0.80009574  0.572271    1.3359871 ] vel=[-3.0023797  2.155706  -0.5305405][0m
[32m2026-06-29 18:11:08.790[0m | [1mINFO    [0m | [36menvs.hitter[0m:[36m_log_ball_planner_wait_state[0m:[36m694[0m - [1mWaiting for ball estimator: samples=0/31 visible=False ready=False pos=[-0.80009574  0.572271    1.3359871 ] vel=[-3.0023797  2.155706  -0.5305405][0m
[32m2026-06-29 18:11:09.292[0m | [1mINFO    [0m | [36menvs.hitter[0m:[36m_log_ball_planner_wait_state[0m:[36m694[0m - [1mWaiting for ball estimator: samples=0/31 visible=False ready=False pos=[-0.80009574  0.572271    1.3359871 ] vel=[-3.0023797  2.155706  -0.5305405][0m
[32m2026-06-29 18:11:09.794[0m | [1mINFO    [0m | [36menvs.hitter[0m:[36m_log_ball_planner_wait_state[0m:[36m694[0m - [1mWaiting for ball estimator: samples=0/31 visible=False ready=False pos=[-0.80009574  0.572271    1.3359871 ] vel=[-3.0023797  2.155706  -0.5305405][0m
[32m2026-06-29 18:11:09.954[0m | [33m[1mWARNING [0m | [36magents.loco_hitter_agent[0m:[36mrun[0m:[36m270[0m - [33m[1mStep timeout: -0.0033s[0m
[32m2026-06-29 18:11:10.300[0m | [1mINFO    [0m | [36menvs.hitter[0m:[36m_log_ball_planner_wait_state[0m:[36m694[0m - [1mWaiting for ball estimator: samples=0/31 visible=False ready=False pos=[-0.80009574  0.572271    1.3359871 ] vel=[-3.0023797  2.155706  -0.5305405][0m
[32m2026-06-29 18:11:10.801[0m | [1mINFO    [0m | [36menvs.hitter[0m:[36m_log_ball_planner_wait_state[0m:[36m694[0m - [1mWaiting for ball estimator: samples=0/31 visible=False ready=False pos=[-0.80009574  0.572271    1.3359871 ] vel=[-3.0023797  2.155706  -0.5305405][0m
[32m2026-06-29 18:11:11.303[0m | [1mINFO    [0m | [36menvs.hitter[0m:[36m_log_ball_planner_wait_state[0m:[36m694[0m - [1mWaiting for ball estimator: samples=0/31 visible=False ready=False pos=[-0.80009574  0.572271    1.3359871 ] vel=[-3.0023797  2.155706  -0.5305405][0m
[32m2026-06-29 18:11:11.805[0m | [1mINFO    [0m | [36menvs.hitter[0m:[36m_log_ball_planner_wait_state[0m:[36m694[0m - [1mWaiting for ball estimator: samples=0/31 visible=False ready=False pos=[-0.80009574  0.572271    1.3359871 ] vel=[-3.0023797  2.155706  -0.5305405][0m
[32m2026-06-29 18:11:12.308[0m | [1mINFO    [0m | [36menvs.hitter[0m:[36m_log_ball_planner_wait_state[0m:[36m694[0m - [1mWaiting for ball estimator: samples=0/31 visible=False ready=False pos=[-0.80009574  0.572271    1.3359871 ] vel=[-3.0023797  2.155706  -0.5305405][0m
[32m2026-06-29 18:11:12.808[0m | [1mINFO    [0m | [36menvs.hitter[0m:[36m_log_ball_planner_wait_state[0m:[36m694[0m - [1mWaiting for ball estimator: samples=0/31 visible=False ready=False pos=[-0.80009574  0.572271    1.3359871 ] vel=[-3.0023797  2.155706  -0.5305405][0m
[32m2026-06-29 18:11:13.310[0m | [1mINFO    [0m | [36menvs.hitter[0m:[36m_log_ball_planner_wait_state[0m:[36m694[0m - [1mWaiting for ball estimator: samples=0/31 visible=False ready=False pos=[-0.80009574  0.572271    1.3359871 ] vel=[-3.0023797  2.155706  -0.5305405][0m
[32m2026-06-29 18:11:13.812[0m | [1mINFO    [0m | [36menvs.hitter[0m:[36m_log_ball_planner_wait_state[0m:[36m694[0m - [1mWaiting for ball estimator: samples=0/31 visible=False ready=False pos=[-0.80009574  0.572271    1.3359871 ] vel=[-3.0023797  2.155706  -0.5305405][0m
[32m2026-06-29 18:11:14.313[0m | [1mINFO    [0m | [36menvs.hitter[0m:[36m_log_ball_planner_wait_state[0m:[36m694[0m - [1mWaiting for ball estimator: samples=0/31 visible=False ready=False pos=[-0.80009574  0.572271    1.3359871 ] vel=[-3.0023797  2.155706  -0.5305405][0m
[32m2026-06-29 18:11:14.815[0m | [1mINFO    [0m | [36menvs.hitter[0m:[36m_log_ball_planner_wait_state[0m:[36m694[0m - [1mWaiting for ball estimator: samples=0/31 visible=False ready=False pos=[-0.80009574  0.572271    1.3359871 ] vel=[-3.0023797  2.155706  -0.5305405][0m
[32m2026-06-29 18:11:15.319[0m | [1mINFO    [0m | [36menvs.hitter[0m:[36m_log_ball_planner_wait_state[0m:[36m694[0m - [1mWaiting for ball estimator: samples=0/31 visible=False ready=False pos=[-0.80009574  0.572271    1.3359871 ] vel=[-3.0023797  2.155706  -0.5305405][0m
[32m2026-06-29 18:11:15.819[0m | [1mINFO    [0m | [36menvs.hitter[0m:[36m_log_ball_planner_wait_state[0m:[36m694[0m - [1mWaiting for ball estimator: samples=0/31 visible=False ready=False pos=[-0.80009574  0.572271    1.3359871 ] vel=[-3.0023797  2.155706  -0.5305405][0m
[32m2026-06-29 18:11:16.321[0m | [1mINFO    [0m | [36menvs.hitter[0m:[36m_log_ball_planner_wait_state[0m:[36m694[0m - [1mWaiting for ball estimator: samples=0/31 visible=False ready=False pos=[-0.80009574  0.572271    1.3359871 ] vel=[-3.0023797  2.155706  -0.5305405][0m
[32m2026-06-29 18:11:16.826[0m | [1mINFO    [0m | [36menvs.hitter[0m:[36m_log_ball_planner_wait_state[0m:[36m694[0m - [1mWaiting for ball estimator: samples=0/31 visible=False ready=False pos=[-0.80009574  0.572271    1.3359871 ] vel=[-3.0023797  2.155706  -0.5305405][0m
[32m2026-06-29 18:11:17.345[0m | [1mINFO    [0m | [36menvs.hitter[0m:[36m_log_ball_planner_wait_state[0m:[36m694[0m - [1mWaiting for ball estimator: samples=0/31 visible=False ready=False pos=[-0.80009574  0.572271    1.3359871 ] vel=[-3.0023797  2.155706  -0.5305405][0m
[32m2026-06-29 18:11:17.847[0m | [1mINFO    [0m | [36menvs.hitter[0m:[36m_log_ball_planner_wait_state[0m:[36m694[0m - [1mWaiting for ball estimator: samples=0/31 visible=False ready=False pos=[-0.80009574  0.572271    1.3359871 ] vel=[-3.0023797  2.155706  -0.5305405][0m
[32m2026-06-29 18:11:17.966[0m | [33m[1mWARNING [0m | [36magents.loco_hitter_agent[0m:[36mrun[0m:[36m270[0m - [33m[1mStep timeout: -0.0217s[0m
[32m2026-06-29 18:11:18.352[0m | [1mINFO    [0m | [36menvs.hitter[0m:[36m_log_ball_planner_wait_state[0m:[36m694[0m - [1mWaiting for ball estimator: samples=0/31 visible=False ready=False pos=[-0.80009574  0.572271    1.3359871 ] vel=[-3.0023797  2.155706  -0.5305405][0m
[32m2026-06-29 18:11:18.853[0m | [1mINFO    [0m | [36menvs.hitter[0m:[36m_log_ball_planner_wait_state[0m:[36m694[0m - [1mWaiting for ball estimator: samples=0/31 visible=False ready=False pos=[-0.80009574  0.572271    1.3359871 ] vel=[-3.0023797  2.155706  -0.5305405][0m
[32m2026-06-29 18:11:19.355[0m | [1mINFO    [0m | [36menvs.hitter[0m:[36m_log_ball_planner_wait_state[0m:[36m694[0m - [1mWaiting for ball estimator: samples=0/31 visible=False ready=False pos=[-0.80009574  0.572271    1.3359871 ] vel=[-3.0023797  2.155706  -0.5305405][0m
[32m2026-06-29 18:11:19.856[0m | [1mINFO    [0m | [36menvs.hitter[0m:[36m_log_ball_planner_wait_state[0m:[36m694[0m - [1mWaiting for ball estimator: samples=0/31 visible=False ready=False pos=[-0.80009574  0.572271    1.3359871 ] vel=[-3.0023797  2.155706  -0.5305405][0m
[32m2026-06-29 18:11:20.359[0m | [1mINFO    [0m | [36menvs.hitter[0m:[36m_log_ball_planner_wait_state[0m:[36m694[0m - [1mWaiting for ball estimator: samples=0/31 visible=False ready=False pos=[-0.80009574  0.572271    1.3359871 ] vel=[-3.0023797  2.155706  -0.5305405][0m
[32m2026-06-29 18:11:20.860[0m | [1mINFO    [0m | [36menvs.hitter[0m:[36m_log_ball_planner_wait_state[0m:[36m694[0m - [1mWaiting for ball estimator: samples=0/31 visible=False ready=False pos=[-0.80009574  0.572271    1.3359871 ] vel=[-3.0023797  2.155706  -0.5305405][0m
[32m2026-06-29 18:11:21.362[0m | [1mINFO    [0m | [36menvs.hitter[0m:[36m_log_ball_planner_wait_state[0m:[36m694[0m - [1mWaiting for ball estimator: samples=0/31 visible=False ready=False pos=[-0.80009574  0.572271    1.3359871 ] vel=[-3.0023797  2.155706  -0.5305405][0m
[32m2026-06-29 18:11:21.864[0m | [1mINFO    [0m | [36menvs.hitter[0m:[36m_log_ball_planner_wait_state[0m:[36m694[0m - [1mWaiting for ball estimator: samples=0/31 visible=False ready=False pos=[-0.80009574  0.572271    1.3359871 ] vel=[-3.0023797  2.155706  -0.5305405][0m
[32m2026-06-29 18:11:22.366[0m | [1mINFO    [0m | [36menvs.hitter[0m:[36m_log_ball_planner_wait_state[0m:[36m694[0m - [1mWaiting for ball estimator: samples=0/31 visible=False ready=False pos=[-0.80009574  0.572271    1.3359871 ] vel=[-3.0023797  2.155706  -0.5305405][0m
[32m2026-06-29 18:11:22.867[0m | [1mINFO    [0m | [36menvs.hitter[0m:[36m_log_ball_planner_wait_state[0m:[36m694[0m - [1mWaiting for ball estimator: samples=0/31 visible=False ready=False pos=[-0.80009574  0.572271    1.3359871 ] vel=[-3.0023797  2.155706  -0.5305405][0m
[32m2026-06-29 18:11:23.369[0m | [1mINFO    [0m | [36menvs.hitter[0m:[36m_log_ball_planner_wait_state[0m:[36m694[0m - [1mWaiting for ball estimator: samples=0/31 visible=False ready=False pos=[-0.80009574  0.572271    1.3359871 ] vel=[-3.0023797  2.155706  -0.5305405][0m
[32m2026-06-29 18:11:23.874[0m | [1mINFO    [0m | [36menvs.hitter[0m:[36m_log_ball_planner_wait_state[0m:[36m694[0m - [1mWaiting for ball estimator: samples=0/31 visible=False ready=False pos=[-0.80009574  0.572271    1.3359871 ] vel=[-3.0023797  2.155706  -0.5305405][0m
[32m2026-06-29 18:11:24.393[0m | [1mINFO    [0m | [36menvs.hitter[0m:[36m_log_ball_planner_wait_state[0m:[36m694[0m - [1mWaiting for ball estimator: samples=0/31 visible=False ready=False pos=[-0.80009574  0.572271    1.3359871 ] vel=[-3.0023797  2.155706  -0.5305405][0m
[32m2026-06-29 18:11:24.895[0m | [1mINFO    [0m | [36menvs.hitter[0m:[36m_log_ball_planner_wait_state[0m:[36m694[0m - [1mWaiting for ball estimator: samples=0/31 visible=False ready=False pos=[-0.80009574  0.572271    1.3359871 ] vel=[-3.0023797  2.155706  -0.5305405][0m
[32m2026-06-29 18:11:25.396[0m | [1mINFO    [0m | [36menvs.hitter[0m:[36m_log_ball_planner_wait_state[0m:[36m694[0m - [1mWaiting for ball estimator: samples=0/31 visible=False ready=False pos=[-0.80009574  0.572271    1.3359871 ] vel=[-3.0023797  2.155706  -0.5305405][0m
[32m2026-06-29 18:11:25.898[0m | [1mINFO    [0m | [36menvs.hitter[0m:[36m_log_ball_planner_wait_state[0m:[36m694[0m - [1mWaiting for ball estimator: samples=0/31 visible=False ready=False pos=[-0.80009574  0.572271    1.3359871 ] vel=[-3.0023797  2.155706  -0.5305405][0m
[32m2026-06-29 18:11:26.400[0m | [1mINFO    [0m | [36menvs.hitter[0m:[36m_log_ball_planner_wait_state[0m:[36m694[0m - [1mWaiting for ball estimator: samples=0/31 visible=False ready=False pos=[-0.80009574  0.572271    1.3359871 ] vel=[-3.0023797  2.155706  -0.5305405][0m
[32m2026-06-29 18:11:26.902[0m | [1mINFO    [0m | [36menvs.hitter[0m:[36m_log_ball_planner_wait_state[0m:[36m694[0m - [1mWaiting for ball estimator: samples=0/31 visible=False ready=False pos=[-0.80009574  0.572271    1.3359871 ] vel=[-3.0023797  2.155706  -0.5305405][0m
[32m2026-06-29 18:11:27.403[0m | [1mINFO    [0m | [36menvs.hitter[0m:[36m_log_ball_planner_wait_state[0m:[36m694[0m - [1mWaiting for ball estimator: samples=0/31 visible=False ready=False pos=[-0.80009574  0.572271    1.3359871 ] vel=[-3.0023797  2.155706  -0.5305405][0m
[32m2026-06-29 18:11:27.906[0m | [1mINFO    [0m | [36menvs.hitter[0m:[36m_log_ball_planner_wait_state[0m:[36m694[0m - [1mWaiting for ball estimator: samples=0/31 visible=False ready=False pos=[-0.80009574  0.572271    1.3359871 ] vel=[-3.0023797  2.155706  -0.5305405][0m
[32m2026-06-29 18:11:28.407[0m | [1mINFO    [0m | [36menvs.hitter[0m:[36m_log_ball_planner_wait_state[0m:[36m694[0m - [1mWaiting for ball estimator: samples=0/31 visible=False ready=False pos=[-0.80009574  0.572271    1.3359871 ] vel=[-3.0023797  2.155706  -0.5305405][0m
[32m2026-06-29 18:11:28.909[0m | [1mINFO    [0m | [36menvs.hitter[0m:[36m_log_ball_planner_wait_state[0m:[36m694[0m - [1mWaiting for ball estimator: samples=0/31 visible=False ready=False pos=[-0.80009574  0.572271    1.3359871 ] vel=[-3.0023797  2.155706  -0.5305405][0m
[32m2026-06-29 18:11:29.410[0m | [1mINFO    [0m | [36menvs.hitter[0m:[36m_log_ball_planner_wait_state[0m:[36m694[0m - [1mWaiting for ball estimator: samples=0/31 visible=False ready=False pos=[-0.80009574  0.572271    1.3359871 ] vel=[-3.0023797  2.155706  -0.5305405][0m
[32m2026-06-29 18:11:29.912[0m | [1mINFO    [0m | [36menvs.hitter[0m:[36m_log_ball_planner_wait_state[0m:[36m694[0m - [1mWaiting for ball estimator: samples=0/31 visible=False ready=False pos=[-0.80009574  0.572271    1.3359871 ] vel=[-3.0023797  2.155706  -0.5305405][0m
[32m2026-06-29 18:11:30.414[0m | [1mINFO    [0m | [36menvs.hitter[0m:[36m_log_ball_planner_wait_state[0m:[36m694[0m - [1mWaiting for ball estimator: samples=0/31 visible=False ready=False pos=[-0.80009574  0.572271    1.3359871 ] vel=[-3.0023797  2.155706  -0.5305405][0m
[32m2026-06-29 18:11:30.916[0m | [1mINFO    [0m | [36menvs.hitter[0m:[36m_log_ball_planner_wait_state[0m:[36m694[0m - [1mWaiting for ball estimator: samples=0/31 visible=False ready=False pos=[-0.80009574  0.572271    1.3359871 ] vel=[-3.0023797  2.155706  -0.5305405][0m
[32m2026-06-29 18:11:31.115[0m | [33m[1mWARNING [0m | [36magents.loco_hitter_agent[0m:[36mrun[0m:[36m270[0m - [33m[1mStep timeout: -0.0225s[0m
[32m2026-06-29 18:11:31.320[0m | [33m[1mWARNING [0m | [36magents.loco_hitter_agent[0m:[36mrun[0m:[36m270[0m - [33m[1mStep timeout: -0.0040s[0m
[32m2026-06-29 18:11:31.425[0m | [1mINFO    [0m | [36menvs.hitter[0m:[36m_log_ball_planner_wait_state[0m:[36m694[0m - [1mWaiting for ball estimator: samples=0/31 visible=False ready=False pos=[-0.80009574  0.572271    1.3359871 ] vel=[-3.0023797  2.155706  -0.5305405][0m
[32m2026-06-29 18:11:31.926[0m | [1mINFO    [0m | [36menvs.hitter[0m:[36m_log_ball_planner_wait_state[0m:[36m694[0m - [1mWaiting for ball estimator: samples=0/31 visible=False ready=False pos=[-0.80009574  0.572271    1.3359871 ] vel=[-3.0023797  2.155706  -0.5305405][0m
[32m2026-06-29 18:11:32.428[0m | [1mINFO    [0m | [36menvs.hitter[0m:[36m_log_ball_planner_wait_state[0m:[36m694[0m - [1mWaiting for ball estimator: samples=0/31 visible=False ready=False pos=[-0.80009574  0.572271    1.3359871 ] vel=[-3.0023797  2.155706  -0.5305405][0m
[32m2026-06-29 18:11:32.931[0m | [1mINFO    [0m | [36menvs.hitter[0m:[36m_log_ball_planner_wait_state[0m:[36m694[0m - [1mWaiting for ball estimator: samples=0/31 visible=False ready=False pos=[-0.80009574  0.572271    1.3359871 ] vel=[-3.0023797  2.155706  -0.5305405][0m
[32m2026-06-29 18:11:33.431[0m | [1mINFO    [0m | [36menvs.hitter[0m:[36m_log_ball_planner_wait_state[0m:[36m694[0m - [1mWaiting for ball estimator: samples=0/31 visible=False ready=False pos=[-0.80009574  0.572271    1.3359871 ] vel=[-3.0023797  2.155706  -0.5305405][0m
[32m2026-06-29 18:11:33.933[0m | [1mINFO    [0m | [36menvs.hitter[0m:[36m_log_ball_planner_wait_state[0m:[36m694[0m - [1mWaiting for ball estimator: samples=0/31 visible=False ready=False pos=[-0.80009574  0.572271    1.3359871 ] vel=[-3.0023797  2.155706  -0.5305405][0m
[32m2026-06-29 18:11:34.435[0m | [1mINFO    [0m | [36menvs.hitter[0m:[36m_log_ball_planner_wait_state[0m:[36m694[0m - [1mWaiting for ball estimator: samples=0/31 visible=False ready=False pos=[-0.80009574  0.572271    1.3359871 ] vel=[-3.0023797  2.155706  -0.5305405][0m
[32m2026-06-29 18:11:34.936[0m | [1mINFO    [0m | [36menvs.hitter[0m:[36m_log_ball_planner_wait_state[0m:[36m694[0m - [1mWaiting for ball estimator: samples=0/31 visible=False ready=False pos=[-0.80009574  0.572271    1.3359871 ] vel=[-3.0023797  2.155706  -0.5305405][0m
[32m2026-06-29 18:11:35.439[0m | [1mINFO    [0m | [36menvs.hitter[0m:[36m_log_ball_planner_wait_state[0m:[36m694[0m - [1mWaiting for ball estimator: samples=0/31 visible=False ready=False pos=[-0.80009574  0.572271    1.3359871 ] vel=[-3.0023797  2.155706  -0.5305405][0m
[32m2026-06-29 18:11:35.940[0m | [1mINFO    [0m | [36menvs.hitter[0m:[36m_log_ball_planner_wait_state[0m:[36m694[0m - [1mWaiting for ball estimator: samples=0/31 visible=False ready=False pos=[-0.80009574  0.572271    1.3359871 ] vel=[-3.0023797  2.155706  -0.5305405][0m
[32m2026-06-29 18:11:36.442[0m | [1mINFO    [0m | [36menvs.hitter[0m:[36m_log_ball_planner_wait_state[0m:[36m694[0m - [1mWaiting for ball estimator: samples=0/31 visible=False ready=False pos=[-0.80009574  0.572271    1.3359871 ] vel=[-3.0023797  2.155706  -0.5305405][0m
[32m2026-06-29 18:11:36.944[0m | [1mINFO    [0m | [36menvs.hitter[0m:[36m_log_ball_planner_wait_state[0m:[36m694[0m - [1mWaiting for ball estimator: samples=0/31 visible=False ready=False pos=[-0.80009574  0.572271    1.3359871 ] vel=[-3.0023797  2.155706  -0.5305405][0m
[32m2026-06-29 18:11:37.445[0m | [1mINFO    [0m | [36menvs.hitter[0m:[36m_log_ball_planner_wait_state[0m:[36m694[0m - [1mWaiting for ball estimator: samples=0/31 visible=False ready=False pos=[-0.80009574  0.572271    1.3359871 ] vel=[-3.0023797  2.155706  -0.5305405][0m
[32m2026-06-29 18:11:37.625[0m | [33m[1mWARNING [0m | [36magents.loco_hitter_agent[0m:[36mrun[0m:[36m270[0m - [33m[1mStep timeout: -0.0026s[0m
[32m2026-06-29 18:11:37.951[0m | [1mINFO    [0m | [36menvs.hitter[0m:[36m_log_ball_planner_wait_state[0m:[36m694[0m - [1mWaiting for ball estimator: samples=0/31 visible=False ready=False pos=[-0.80009574  0.572271    1.3359871 ] vel=[-3.0023797  2.155706  -0.5305405][0m
[32m2026-06-29 18:11:38.068[0m | [33m[1mWARNING [0m | [36magents.loco_hitter_agent[0m:[36mrun[0m:[36m270[0m - [33m[1mStep timeout: -0.0016s[0m
[32m2026-06-29 18:11:38.454[0m | [1mINFO    [0m | [36menvs.hitter[0m:[36m_log_ball_planner_wait_state[0m:[36m694[0m - [1mWaiting for ball estimator: samples=0/31 visible=False ready=False pos=[-0.80009574  0.572271    1.3359871 ] vel=[-3.0023797  2.155706  -0.5305405][0m
[32m2026-06-29 18:11:38.955[0m | [1mINFO    [0m | [36menvs.hitter[0m:[36m_log_ball_planner_wait_state[0m:[36m694[0m - [1mWaiting for ball estimator: samples=0/31 visible=False ready=False pos=[-0.80009574  0.572271    1.3359871 ] vel=[-3.0023797  2.155706  -0.5305405][0m
[32m2026-06-29 18:11:39.461[0m | [33m[1mWARNING [0m | [36magents.loco_hitter_agent[0m:[36mrun[0m:[36m270[0m - [33m[1mStep timeout: -0.0078s[0m
[32m2026-06-29 18:11:39.466[0m | [1mINFO    [0m | [36menvs.hitter[0m:[36m_log_ball_planner_wait_state[0m:[36m694[0m - [1mWaiting for ball estimator: samples=0/31 visible=False ready=False pos=[-0.80009574  0.572271    1.3359871 ] vel=[-3.0023797  2.155706  -0.5305405][0m
[32m2026-06-29 18:11:39.967[0m | [1mINFO    [0m | [36menvs.hitter[0m:[36m_log_ball_planner_wait_state[0m:[36m694[0m - [1mWaiting for ball estimator: samples=0/31 visible=False ready=False pos=[-0.80009574  0.572271    1.3359871 ] vel=[-3.0023797  2.155706  -0.5305405][0m
[32m2026-06-29 18:11:40.469[0m | [1mINFO    [0m | [36menvs.hitter[0m:[36m_log_ball_planner_wait_state[0m:[36m694[0m - [1mWaiting for ball estimator: samples=0/31 visible=False ready=False pos=[-0.80009574  0.572271    1.3359871 ] vel=[-3.0023797  2.155706  -0.5305405][0m
[32m2026-06-29 18:11:40.971[0m | [1mINFO    [0m | [36menvs.hitter[0m:[36m_log_ball_planner_wait_state[0m:[36m694[0m - [1mWaiting for ball estimator: samples=0/31 visible=False ready=False pos=[-0.80009574  0.572271    1.3359871 ] vel=[-3.0023797  2.155706  -0.5305405][0m
[32m2026-06-29 18:11:41.473[0m | [1mINFO    [0m | [36menvs.hitter[0m:[36m_log_ball_planner_wait_state[0m:[36m694[0m - [1mWaiting for ball estimator: samples=0/31 visible=False ready=False pos=[-0.80009574  0.572271    1.3359871 ] vel=[-3.0023797  2.155706  -0.5305405][0m
[32m2026-06-29 18:11:41.975[0m | [1mINFO    [0m | [36menvs.hitter[0m:[36m_log_ball_planner_wait_state[0m:[36m694[0m - [1mWaiting for ball estimator: samples=0/31 visible=False ready=False pos=[-0.80009574  0.572271    1.3359871 ] vel=[-3.0023797  2.155706  -0.5305405][0m
[32m2026-06-29 18:11:42.476[0m | [1mINFO    [0m | [36menvs.hitter[0m:[36m_log_ball_planner_wait_state[0m:[36m694[0m - [1mWaiting for ball estimator: samples=0/31 visible=False ready=False pos=[-0.80009574  0.572271    1.3359871 ] vel=[-3.0023797  2.155706  -0.5305405][0m
[32m2026-06-29 18:11:42.979[0m | [1mINFO    [0m | [36menvs.hitter[0m:[36m_log_ball_planner_wait_state[0m:[36m694[0m - [1mWaiting for ball estimator: samples=0/31 visible=False ready=False pos=[-0.80009574  0.572271    1.3359871 ] vel=[-3.0023797  2.155706  -0.5305405][0m
[32m2026-06-29 18:11:43.481[0m | [1mINFO    [0m | [36menvs.hitter[0m:[36m_log_ball_planner_wait_state[0m:[36m694[0m - [1mWaiting for ball estimator: samples=0/31 visible=False ready=False pos=[-0.80009574  0.572271    1.3359871 ] vel=[-3.0023797  2.155706  -0.5305405][0m
[32m2026-06-29 18:11:43.982[0m | [1mINFO    [0m | [36menvs.hitter[0m:[36m_log_ball_planner_wait_state[0m:[36m694[0m - [1mWaiting for ball estimator: samples=0/31 visible=False ready=False pos=[-0.80009574  0.572271    1.3359871 ] vel=[-3.0023797  2.155706  -0.5305405][0m
[32m2026-06-29 18:11:44.262[0m | [33m[1mWARNING [0m | [36magents.loco_hitter_agent[0m:[36mrun[0m:[36m270[0m - [33m[1mStep timeout: -0.0218s[0m
[32m2026-06-29 18:11:44.486[0m | [1mINFO    [0m | [36menvs.hitter[0m:[36m_log_ball_planner_wait_state[0m:[36m694[0m - [1mWaiting for ball estimator: samples=0/31 visible=False ready=False pos=[-0.80009574  0.572271    1.3359871 ] vel=[-3.0023797  2.155706  -0.5305405][0m
[32m2026-06-29 18:11:44.988[0m | [1mINFO    [0m | [36menvs.hitter[0m:[36m_log_ball_planner_wait_state[0m:[36m694[0m - [1mWaiting for ball estimator: samples=0/31 visible=False ready=False pos=[-0.80009574  0.572271    1.3359871 ] vel=[-3.0023797  2.155706  -0.5305405][0m
[32m2026-06-29 18:11:45.490[0m | [1mINFO    [0m | [36menvs.hitter[0m:[36m_log_ball_planner_wait_state[0m:[36m694[0m - [1mWaiting for ball estimator: samples=0/31 visible=False ready=False pos=[-0.80009574  0.572271    1.3359871 ] vel=[-3.0023797  2.155706  -0.5305405][0m
[32m2026-06-29 18:11:45.993[0m | [1mINFO    [0m | [36menvs.hitter[0m:[36m_log_ball_planner_wait_state[0m:[36m694[0m - [1mWaiting for ball estimator: samples=0/31 visible=False ready=False pos=[-0.80009574  0.572271    1.3359871 ] vel=[-3.0023797  2.155706  -0.5305405][0m
[32m2026-06-29 18:11:46.493[0m | [1mINFO    [0m | [36menvs.hitter[0m:[36m_log_ball_planner_wait_state[0m:[36m694[0m - [1mWaiting for ball estimator: samples=0/31 visible=False ready=False pos=[-0.80009574  0.572271    1.3359871 ] vel=[-3.0023797  2.155706  -0.5305405][0m
[32m2026-06-29 18:11:46.995[0m | [1mINFO    [0m | [36menvs.hitter[0m:[36m_log_ball_planner_wait_state[0m:[36m694[0m - [1mWaiting for ball estimator: samples=0/31 visible=False ready=False pos=[-0.80009574  0.572271    1.3359871 ] vel=[-3.0023797  2.155706  -0.5305405][0m
[32m2026-06-29 18:11:47.497[0m | [1mINFO    [0m | [36menvs.hitter[0m:[36m_log_ball_planner_wait_state[0m:[36m694[0m - [1mWaiting for ball estimator: samples=0/31 visible=False ready=False pos=[-0.80009574  0.572271    1.3359871 ] vel=[-3.0023797  2.155706  -0.5305405][0m
[32m2026-06-29 18:11:47.999[0m | [1mINFO    [0m | [36menvs.hitter[0m:[36m_log_ball_planner_wait_state[0m:[36m694[0m - [1mWaiting for ball estimator: samples=0/31 visible=False ready=False pos=[-0.80009574  0.572271    1.3359871 ] vel=[-3.0023797  2.155706  -0.5305405][0m
[32m2026-06-29 18:11:48.501[0m | [1mINFO    [0m | [36menvs.hitter[0m:[36m_log_ball_planner_wait_state[0m:[36m694[0m - [1mWaiting for ball estimator: samples=0/31 visible=False ready=False pos=[-0.80009574  0.572271    1.3359871 ] vel=[-3.0023797  2.155706  -0.5305405][0m
[32m2026-06-29 18:11:49.003[0m | [1mINFO    [0m | [36menvs.hitter[0m:[36m_log_ball_planner_wait_state[0m:[36m694[0m - [1mWaiting for ball estimator: samples=0/31 visible=False ready=False pos=[-0.80009574  0.572271    1.3359871 ] vel=[-3.0023797  2.155706  -0.5305405][0m
[32m2026-06-29 18:11:49.506[0m | [1mINFO    [0m | [36menvs.hitter[0m:[36m_log_ball_planner_wait_state[0m:[36m694[0m - [1mWaiting for ball estimator: samples=0/31 visible=False ready=False pos=[-0.80009574  0.572271    1.3359871 ] vel=[-3.0023797  2.155706  -0.5305405][0m
[32m2026-06-29 18:11:50.007[0m | [1mINFO    [0m | [36menvs.hitter[0m:[36m_log_ball_planner_wait_state[0m:[36m694[0m - [1mWaiting for ball estimator: samples=0/31 visible=False ready=False pos=[-0.80009574  0.572271    1.3359871 ] vel=[-3.0023797  2.155706  -0.5305405][0m
[32m2026-06-29 18:11:50.509[0m | [1mINFO    [0m | [36menvs.hitter[0m:[36m_log_ball_planner_wait_state[0m:[36m694[0m - [1mWaiting for ball estimator: samples=0/31 visible=False ready=False pos=[-0.80009574  0.572271    1.3359871 ] vel=[-3.0023797  2.155706  -0.5305405][0m
[32m2026-06-29 18:11:51.011[0m | [1mINFO    [0m | [36menvs.hitter[0m:[36m_log_ball_planner_wait_state[0m:[36m694[0m - [1mWaiting for ball estimator: samples=0/31 visible=False ready=False pos=[-0.80009574  0.572271    1.3359871 ] vel=[-3.0023797  2.155706  -0.5305405][0m
[32m2026-06-29 18:11:51.513[0m | [1mINFO    [0m | [36menvs.hitter[0m:[36m_log_ball_planner_wait_state[0m:[36m694[0m - [1mWaiting for ball estimator: samples=0/31 visible=False ready=False pos=[-0.80009574  0.572271    1.3359871 ] vel=[-3.0023797  2.155706  -0.5305405][0m
[32m2026-06-29 18:11:51.556[0m | [33m[1mWARNING [0m | [36magents.loco_hitter_agent[0m:[36mrun[0m:[36m270[0m - [33m[1mStep timeout: -0.0066s[0m
[32m2026-06-29 18:11:52.022[0m | [1mINFO    [0m | [36menvs.hitter[0m:[36m_log_ball_planner_wait_state[0m:[36m694[0m - [1mWaiting for ball estimator: samples=0/31 visible=False ready=False pos=[-0.80009574  0.572271    1.3359871 ] vel=[-3.0023797  2.155706  -0.5305405][0m
[32m2026-06-29 18:11:52.524[0m | [1mINFO    [0m | [36menvs.hitter[0m:[36m_log_ball_planner_wait_state[0m:[36m694[0m - [1mWaiting for ball estimator: samples=0/31 visible=False ready=False pos=[-0.80009574  0.572271    1.3359871 ] vel=[-3.0023797  2.155706  -0.5305405][0m
[32m2026-06-29 18:11:53.026[0m | [1mINFO    [0m | [36menvs.hitter[0m:[36m_log_ball_planner_wait_state[0m:[36m694[0m - [1mWaiting for ball estimator: samples=0/31 visible=False ready=False pos=[-0.80009574  0.572271    1.3359871 ] vel=[-3.0023797  2.155706  -0.5305405][0m
[32m2026-06-29 18:11:53.528[0m | [1mINFO    [0m | [36menvs.hitter[0m:[36m_log_ball_planner_wait_state[0m:[36m694[0m - [1mWaiting for ball estimator: samples=0/31 visible=False ready=False pos=[-0.80009574  0.572271    1.3359871 ] vel=[-3.0023797  2.155706  -0.5305405][0m
[32m2026-06-29 18:11:54.030[0m | [1mINFO    [0m | [36menvs.hitter[0m:[36m_log_ball_planner_wait_state[0m:[36m694[0m - [1mWaiting for ball estimator: samples=0/31 visible=False ready=False pos=[-0.80009574  0.572271    1.3359871 ] vel=[-3.0023797  2.155706  -0.5305405][0m
[32m2026-06-29 18:11:54.532[0m | [1mINFO    [0m | [36menvs.hitter[0m:[36m_log_ball_planner_wait_state[0m:[36m694[0m - [1mWaiting for ball estimator: samples=0/31 visible=False ready=False pos=[-0.80009574  0.572271    1.3359871 ] vel=[-3.0023797  2.155706  -0.5305405][0m
[32m2026-06-29 18:11:55.034[0m | [1mINFO    [0m | [36menvs.hitter[0m:[36m_log_ball_planner_wait_state[0m:[36m694[0m - [1mWaiting for ball estimator: samples=0/31 visible=False ready=False pos=[-0.80009574  0.572271    1.3359871 ] vel=[-3.0023797  2.155706  -0.5305405][0m
[32m2026-06-29 18:11:55.536[0m | [1mINFO    [0m | [36menvs.hitter[0m:[36m_log_ball_planner_wait_state[0m:[36m694[0m - [1mWaiting for ball estimator: samples=0/31 visible=False ready=False pos=[-0.80009574  0.572271    1.3359871 ] vel=[-3.0023797  2.155706  -0.5305405][0m
[32m2026-06-29 18:11:56.038[0m | [1mINFO    [0m | [36menvs.hitter[0m:[36m_log_ball_planner_wait_state[0m:[36m694[0m - [1mWaiting for ball estimator: samples=0/31 visible=False ready=False pos=[-0.80009574  0.572271    1.3359871 ] vel=[-3.0023797  2.155706  -0.5305405][0m
[32m2026-06-29 18:11:56.540[0m | [1mINFO    [0m | [36menvs.hitter[0m:[36m_log_ball_planner_wait_state[0m:[36m694[0m - [1mWaiting for ball estimator: samples=0/31 visible=False ready=False pos=[-0.80009574  0.572271    1.3359871 ] vel=[-3.0023797  2.155706  -0.5305405][0m
[32m2026-06-29 18:11:57.042[0m | [1mINFO    [0m | [36menvs.hitter[0m:[36m_log_ball_planner_wait_state[0m:[36m694[0m - [1mWaiting for ball estimator: samples=0/31 visible=False ready=False pos=[-0.80009574  0.572271    1.3359871 ] vel=[-3.0023797  2.155706  -0.5305405][0m
[32m2026-06-29 18:11:57.360[0m | [33m[1mWARNING [0m | [36magents.loco_hitter_agent[0m:[36mrun[0m:[36m270[0m - [33m[1mStep timeout: -0.0203s[0m
[32m2026-06-29 18:11:57.544[0m | [1mINFO    [0m | [36menvs.hitter[0m:[36m_log_ball_planner_wait_state[0m:[36m694[0m - [1mWaiting for ball estimator: samples=0/31 visible=False ready=False pos=[-0.80009574  0.572271    1.3359871 ] vel=[-3.0023797  2.155706  -0.5305405][0m
[32m2026-06-29 18:11:58.046[0m | [1mINFO    [0m | [36menvs.hitter[0m:[36m_log_ball_planner_wait_state[0m:[36m694[0m - [1mWaiting for ball estimator: samples=0/31 visible=False ready=False pos=[-0.80009574  0.572271    1.3359871 ] vel=[-3.0023797  2.155706  -0.5305405][0m
[32m2026-06-29 18:11:58.547[0m | [1mINFO    [0m | [36menvs.hitter[0m:[36m_log_ball_planner_wait_state[0m:[36m694[0m - [1mWaiting for ball estimator: samples=0/31 visible=False ready=False pos=[-0.80009574  0.572271    1.3359871 ] vel=[-3.0023797  2.155706  -0.5305405][0m
[32m2026-06-29 18:11:59.049[0m | [1mINFO    [0m | [36menvs.hitter[0m:[36m_log_ball_planner_wait_state[0m:[36m694[0m - [1mWaiting for ball estimator: samples=0/31 visible=False ready=False pos=[-0.80009574  0.572271    1.3359871 ] vel=[-3.0023797  2.155706  -0.5305405][0m
[32m2026-06-29 18:11:59.551[0m | [1mINFO    [0m | [36menvs.hitter[0m:[36m_log_ball_planner_wait_state[0m:[36m694[0m - [1mWaiting for ball estimator: samples=0/31 visible=False ready=False pos=[-0.80009574  0.572271    1.3359871 ] vel=[-3.0023797  2.155706  -0.5305405][0m
[32m2026-06-29 18:12:00.053[0m | [1mINFO    [0m | [36menvs.hitter[0m:[36m_log_ball_planner_wait_state[0m:[36m694[0m - [1mWaiting for ball estimator: samples=0/31 visible=False ready=False pos=[-0.80009574  0.572271    1.3359871 ] vel=[-3.0023797  2.155706  -0.5305405][0m
[32m2026-06-29 18:12:00.555[0m | [1mINFO    [0m | [36menvs.hitter[0m:[36m_log_ball_planner_wait_state[0m:[36m694[0m - [1mWaiting for ball estimator: samples=0/31 visible=False ready=False pos=[-0.80009574  0.572271    1.3359871 ] vel=[-3.0023797  2.155706  -0.5305405][0m
[32m2026-06-29 18:12:01.057[0m | [1mINFO    [0m | [36menvs.hitter[0m:[36m_log_ball_planner_wait_state[0m:[36m694[0m - [1mWaiting for ball estimator: samples=0/31 visible=False ready=False pos=[-0.80009574  0.572271    1.3359871 ] vel=[-3.0023797  2.155706  -0.5305405][0m
[32m2026-06-29 18:12:01.559[0m | [1mINFO    [0m | [36menvs.hitter[0m:[36m_log_ball_planner_wait_state[0m:[36m694[0m - [1mWaiting for ball estimator: samples=0/31 visible=False ready=False pos=[-0.80009574  0.572271    1.3359871 ] vel=[-3.0023797  2.155706  -0.5305405][0m
[32m2026-06-29 18:12:02.061[0m | [1mINFO    [0m | [36menvs.hitter[0m:[36m_log_ball_planner_wait_state[0m:[36m694[0m - [1mWaiting for ball estimator: samples=0/31 visible=False ready=False pos=[-0.80009574  0.572271    1.3359871 ] vel=[-3.0023797  2.155706  -0.5305405][0m
[32m2026-06-29 18:12:02.563[0m | [1mINFO    [0m | [36menvs.hitter[0m:[36m_log_ball_planner_wait_state[0m:[36m694[0m - [1mWaiting for ball estimator: samples=0/31 visible=False ready=False pos=[-0.80009574  0.572271    1.3359871 ] vel=[-3.0023797  2.155706  -0.5305405][0m
[32m2026-06-29 18:12:03.065[0m | [1mINFO    [0m | [36menvs.hitter[0m:[36m_log_ball_planner_wait_state[0m:[36m694[0m - [1mWaiting for ball estimator: samples=0/31 visible=False ready=False pos=[-0.80009574  0.572271    1.3359871 ] vel=[-3.0023797  2.155706  -0.5305405][0m
[32m2026-06-29 18:12:03.567[0m | [1mINFO    [0m | [36menvs.hitter[0m:[36m_log_ball_planner_wait_state[0m:[36m694[0m - [1mWaiting for ball estimator: samples=0/31 visible=False ready=False pos=[-0.80009574  0.572271    1.3359871 ] vel=[-3.0023797  2.155706  -0.5305405][0m
[32m2026-06-29 18:12:04.068[0m | [1mINFO    [0m | [36menvs.hitter[0m:[36m_log_ball_planner_wait_state[0m:[36m694[0m - [1mWaiting for ball estimator: samples=0/31 visible=False ready=False pos=[-0.80009574  0.572271    1.3359871 ] vel=[-3.0023797  2.155706  -0.5305405][0m
[32m2026-06-29 18:12:04.571[0m | [1mINFO    [0m | [36menvs.hitter[0m:[36m_log_ball_planner_wait_state[0m:[36m694[0m - [1mWaiting for ball estimator: samples=0/31 visible=False ready=False pos=[-0.80009574  0.572271    1.3359871 ] vel=[-3.0023797  2.155706  -0.5305405][0m
[32m2026-06-29 18:12:04.735[0m | [33m[1mWARNING [0m | [36magents.loco_hitter_agent[0m:[36mrun[0m:[36m270[0m - [33m[1mStep timeout: -0.0072s[0m
[32m2026-06-29 18:12:05.081[0m | [1mINFO    [0m | [36menvs.hitter[0m:[36m_log_ball_planner_wait_state[0m:[36m694[0m - [1mWaiting for ball estimator: samples=0/31 visible=False ready=False pos=[-0.80009574  0.572271    1.3359871 ] vel=[-3.0023797  2.155706  -0.5305405][0m
[32m2026-06-29 18:12:05.582[0m | [1mINFO    [0m | [36menvs.hitter[0m:[36m_log_ball_planner_wait_state[0m:[36m694[0m - [1mWaiting for ball estimator: samples=0/31 visible=False ready=False pos=[-0.80009574  0.572271    1.3359871 ] vel=[-3.0023797  2.155706  -0.5305405][0m
[32m2026-06-29 18:12:06.084[0m | [1mINFO    [0m | [36menvs.hitter[0m:[36m_log_ball_planner_wait_state[0m:[36m694[0m - [1mWaiting for ball estimator: samples=0/31 visible=False ready=False pos=[-0.80009574  0.572271    1.3359871 ] vel=[-3.0023797  2.155706  -0.5305405][0m
[32m2026-06-29 18:12:06.586[0m | [1mINFO    [0m | [36menvs.hitter[0m:[36m_log_ball_planner_wait_state[0m:[36m694[0m - [1mWaiting for ball estimator: samples=0/31 visible=False ready=False pos=[-0.80009574  0.572271    1.3359871 ] vel=[-3.0023797  2.155706  -0.5305405][0m
[32m2026-06-29 18:12:07.088[0m | [1mINFO    [0m | [36menvs.hitter[0m:[36m_log_ball_planner_wait_state[0m:[36m694[0m - [1mWaiting for ball estimator: samples=0/31 visible=False ready=False pos=[-0.80009574  0.572271    1.3359871 ] vel=[-3.0023797  2.155706  -0.5305405][0m
[32m2026-06-29 18:12:07.589[0m | [1mINFO    [0m | [36menvs.hitter[0m:[36m_log_ball_planner_wait_state[0m:[36m694[0m - [1mWaiting for ball estimator: samples=0/31 visible=False ready=False pos=[-0.80009574  0.572271    1.3359871 ] vel=[-3.0023797  2.155706  -0.5305405][0m
[32m2026-06-29 18:12:08.094[0m | [1mINFO    [0m | [36menvs.hitter[0m:[36m_log_ball_planner_wait_state[0m:[36m694[0m - [1mWaiting for ball estimator: samples=0/31 visible=False ready=False pos=[-0.80009574  0.572271    1.3359871 ] vel=[-3.0023797  2.155706  -0.5305405][0m
[32m2026-06-29 18:12:08.613[0m | [1mINFO    [0m | [36menvs.hitter[0m:[36m_log_ball_planner_wait_state[0m:[36m694[0m - [1mWaiting for ball estimator: samples=0/31 visible=False ready=False pos=[-0.80009574  0.572271    1.3359871 ] vel=[-3.0023797  2.155706  -0.5305405][0m
[32m2026-06-29 18:12:09.115[0m | [1mINFO    [0m | [36menvs.hitter[0m:[36m_log_ball_planner_wait_state[0m:[36m694[0m - [1mWaiting for ball estimator: samples=0/31 visible=False ready=False pos=[-0.80009574  0.572271    1.3359871 ] vel=[-3.0023797  2.155706  -0.5305405][0m
[32m2026-06-29 18:12:09.617[0m | [1mINFO    [0m | [36menvs.hitter[0m:[36m_log_ball_planner_wait_state[0m:[36m694[0m - [1mWaiting for ball estimator: samples=0/31 visible=False ready=False pos=[-0.80009574  0.572271    1.3359871 ] vel=[-3.0023797  2.155706  -0.5305405][0m
[32m2026-06-29 18:12:10.119[0m | [1mINFO    [0m | [36menvs.hitter[0m:[36m_log_ball_planner_wait_state[0m:[36m694[0m - [1mWaiting for ball estimator: samples=0/31 visible=False ready=False pos=[-0.80009574  0.572271    1.3359871 ] vel=[-3.0023797  2.155706  -0.5305405][0m
[32m2026-06-29 18:12:10.320[0m | [33m[1mWARNING [0m | [36magents.loco_hitter_agent[0m:[36mrun[0m:[36m270[0m - [33m[1mStep timeout: -0.0232s[0m
[32m2026-06-29 18:12:10.624[0m | [1mINFO    [0m | [36menvs.hitter[0m:[36m_log_ball_planner_wait_state[0m:[36m694[0m - [1mWaiting for ball estimator: samples=0/31 visible=False ready=False pos=[-0.80009574  0.572271    1.3359871 ] vel=[-3.0023797  2.155706  -0.5305405][0m
[32m2026-06-29 18:12:11.127[0m | [1mINFO    [0m | [36menvs.hitter[0m:[36m_log_ball_planner_wait_state[0m:[36m694[0m - [1mWaiting for ball estimator: samples=0/31 visible=False ready=False pos=[-0.80009574  0.572271    1.3359871 ] vel=[-3.0023797  2.155706  -0.5305405][0m
[32m2026-06-29 18:12:11.291[0m | [33m[1mWARNING [0m | [36magents.loco_hitter_agent[0m:[36mrun[0m:[36m270[0m - [33m[1mStep timeout: -0.0074s[0m
[32m2026-06-29 18:12:11.636[0m | [1mINFO    [0m | [36menvs.hitter[0m:[36m_log_ball_planner_wait_state[0m:[36m694[0m - [1mWaiting for ball estimator: samples=0/31 visible=False ready=False pos=[-0.80009574  0.572271    1.3359871 ] vel=[-3.0023797  2.155706  -0.5305405][0m
[32m2026-06-29 18:12:12.138[0m | [1mINFO    [0m | [36menvs.hitter[0m:[36m_log_ball_planner_wait_state[0m:[36m694[0m - [1mWaiting for ball estimator: samples=0/31 visible=False ready=False pos=[-0.80009574  0.572271    1.3359871 ] vel=[-3.0023797  2.155706  -0.5305405][0m
[32m2026-06-29 18:12:12.640[0m | [1mINFO    [0m | [36menvs.hitter[0m:[36m_log_ball_planner_wait_state[0m:[36m694[0m - [1mWaiting for ball estimator: samples=0/31 visible=False ready=False pos=[-0.80009574  0.572271    1.3359871 ] vel=[-3.0023797  2.155706  -0.5305405][0m
[32m2026-06-29 18:12:13.142[0m | [1mINFO    [0m | [36menvs.hitter[0m:[36m_log_ball_planner_wait_state[0m:[36m694[0m - [1mWaiting for ball estimator: samples=0/31 visible=False ready=False pos=[-0.80009574  0.572271    1.3359871 ] vel=[-3.0023797  2.155706  -0.5305405][0m
[32m2026-06-29 18:12:13.647[0m | [1mINFO    [0m | [36menvs.hitter[0m:[36m_log_ball_planner_wait_state[0m:[36m694[0m - [1mWaiting for ball estimator: samples=0/31 visible=False ready=False pos=[-0.80009574  0.572271    1.3359871 ] vel=[-3.0023797  2.155706  -0.5305405][0m
[32m2026-06-29 18:12:14.166[0m | [1mINFO    [0m | [36menvs.hitter[0m:[36m_log_ball_planner_wait_state[0m:[36m694[0m - [1mWaiting for ball estimator: samples=0/31 visible=False ready=False pos=[-0.80009574  0.572271    1.3359871 ] vel=[-3.0023797  2.155706  -0.5305405][0m
[32m2026-06-29 18:12:14.668[0m | [1mINFO    [0m | [36menvs.hitter[0m:[36m_log_ball_planner_wait_state[0m:[36m694[0m - [1mWaiting for ball estimator: samples=0/31 visible=False ready=False pos=[-0.80009574  0.572271    1.3359871 ] vel=[-3.0023797  2.155706  -0.5305405][0m
[32m2026-06-29 18:12:15.169[0m | [1mINFO    [0m | [36menvs.hitter[0m:[36m_log_ball_planner_wait_state[0m:[36m694[0m - [1mWaiting for ball estimator: samples=0/31 visible=False ready=False pos=[-0.80009574  0.572271    1.3359871 ] vel=[-3.0023797  2.155706  -0.5305405][0m
[32m2026-06-29 18:12:15.672[0m | [1mINFO    [0m | [36menvs.hitter[0m:[36m_log_ball_planner_wait_state[0m:[36m694[0m - [1mWaiting for ball estimator: samples=0/31 visible=False ready=False pos=[-0.80009574  0.572271    1.3359871 ] vel=[-3.0023797  2.155706  -0.5305405][0m
[32m2026-06-29 18:12:16.174[0m | [1mINFO    [0m | [36menvs.hitter[0m:[36m_log_ball_planner_wait_state[0m:[36m694[0m - [1mWaiting for ball estimator: samples=0/31 visible=False ready=False pos=[-0.80009574  0.572271    1.3359871 ] vel=[-3.0023797  2.155706  -0.5305405][0m
[32m2026-06-29 18:12:16.676[0m | [1mINFO    [0m | [36menvs.hitter[0m:[36m_log_ball_planner_wait_state[0m:[36m694[0m - [1mWaiting for ball estimator: samples=0/31 visible=False ready=False pos=[-0.80009574  0.572271    1.3359871 ] vel=[-3.0023797  2.155706  -0.5305405][0m
[32m2026-06-29 18:12:17.178[0m | [1mINFO    [0m | [36menvs.hitter[0m:[36m_log_ball_planner_wait_state[0m:[36m694[0m - [1mWaiting for ball estimator: samples=0/31 visible=False ready=False pos=[-0.80009574  0.572271    1.3359871 ] vel=[-3.0023797  2.155706  -0.5305405][0m
[32m2026-06-29 18:12:17.680[0m | [1mINFO    [0m | [36menvs.hitter[0m:[36m_log_ball_planner_wait_state[0m:[36m694[0m - [1mWaiting for ball estimator: samples=0/31 visible=False ready=False pos=[-0.80009574  0.572271    1.3359871 ] vel=[-3.0023797  2.155706  -0.5305405][0m
[32m2026-06-29 18:12:18.181[0m | [1mINFO    [0m | [36menvs.hitter[0m:[36m_log_ball_planner_wait_state[0m:[36m694[0m - [1mWaiting for ball estimator: samples=0/31 visible=False ready=False pos=[-0.80009574  0.572271    1.3359871 ] vel=[-3.0023797  2.155706  -0.5305405][0m
[32m2026-06-29 18:12:18.683[0m | [1mINFO    [0m | [36menvs.hitter[0m:[36m_log_ball_planner_wait_state[0m:[36m694[0m - [1mWaiting for ball estimator: samples=0/31 visible=False ready=False pos=[-0.80009574  0.572271    1.3359871 ] vel=[-3.0023797  2.155706  -0.5305405][0m
[32m2026-06-29 18:12:19.188[0m | [1mINFO    [0m | [36menvs.hitter[0m:[36m_log_ball_planner_wait_state[0m:[36m694[0m - [1mWaiting for ball estimator: samples=0/31 visible=False ready=False pos=[-0.80009574  0.572271    1.3359871 ] vel=[-3.0023797  2.155706  -0.5305405][0m
[32m2026-06-29 18:12:19.707[0m | [1mINFO    [0m | [36menvs.hitter[0m:[36m_log_ball_planner_wait_state[0m:[36m694[0m - [1mWaiting for ball estimator: samples=0/31 visible=False ready=False pos=[-0.80009574  0.572271    1.3359871 ] vel=[-3.0023797  2.155706  -0.5305405][0m
[32m2026-06-29 18:12:20.208[0m | [1mINFO    [0m | [36menvs.hitter[0m:[36m_log_ball_planner_wait_state[0m:[36m694[0m - [1mWaiting for ball estimator: samples=0/31 visible=False ready=False pos=[-0.80009574  0.572271    1.3359871 ] vel=[-3.0023797  2.155706  -0.5305405][0m
[32m2026-06-29 18:12:20.711[0m | [1mINFO    [0m | [36menvs.hitter[0m:[36m_log_ball_planner_wait_state[0m:[36m694[0m - [1mWaiting for ball estimator: samples=0/31 visible=False ready=False pos=[-0.80009574  0.572271    1.3359871 ] vel=[-3.0023797  2.155706  -0.5305405][0m
[32m2026-06-29 18:12:21.212[0m | [1mINFO    [0m | [36menvs.hitter[0m:[36m_log_ball_planner_wait_state[0m:[36m694[0m - [1mWaiting for ball estimator: samples=0/31 visible=False ready=False pos=[-0.80009574  0.572271    1.3359871 ] vel=[-3.0023797  2.155706  -0.5305405][0m
[32m2026-06-29 18:12:21.714[0m | [1mINFO    [0m | [36menvs.hitter[0m:[36m_log_ball_planner_wait_state[0m:[36m694[0m - [1mWaiting for ball estimator: samples=0/31 visible=False ready=False pos=[-0.80009574  0.572271    1.3359871 ] vel=[-3.0023797  2.155706  -0.5305405][0m
[32m2026-06-29 18:12:22.216[0m | [1mINFO    [0m | [36menvs.hitter[0m:[36m_log_ball_planner_wait_state[0m:[36m694[0m - [1mWaiting for ball estimator: samples=0/31 visible=False ready=False pos=[-0.80009574  0.572271    1.3359871 ] vel=[-3.0023797  2.155706  -0.5305405][0m
[32m2026-06-29 18:12:22.718[0m | [1mINFO    [0m | [36menvs.hitter[0m:[36m_log_ball_planner_wait_state[0m:[36m694[0m - [1mWaiting for ball estimator: samples=0/31 visible=False ready=False pos=[-0.80009574  0.572271    1.3359871 ] vel=[-3.0023797  2.155706  -0.5305405][0m
[32m2026-06-29 18:12:22.876[0m | [33m[1mWARNING [0m | [36magents.loco_hitter_agent[0m:[36mrun[0m:[36m270[0m - [33m[1mStep timeout: -0.0014s[0m
[32m2026-06-29 18:12:23.225[0m | [1mINFO    [0m | [36menvs.hitter[0m:[36m_log_ball_planner_wait_state[0m:[36m694[0m - [1mWaiting for ball estimator: samples=0/31 visible=False ready=False pos=[-0.80009574  0.572271    1.3359871 ] vel=[-3.0023797  2.155706  -0.5305405][0m
[32m2026-06-29 18:12:23.359[0m | [33m[1mWARNING [0m | [36magents.loco_hitter_agent[0m:[36mrun[0m:[36m270[0m - [33m[1mStep timeout: -0.0211s[0m
[32m2026-06-29 18:12:23.744[0m | [1mINFO    [0m | [36menvs.hitter[0m:[36m_log_ball_planner_wait_state[0m:[36m694[0m - [1mWaiting for ball estimator: samples=0/31 visible=False ready=False pos=[-0.80009574  0.572271    1.3359871 ] vel=[-3.0023797  2.155706  -0.5305405][0m
[32m2026-06-29 18:12:24.246[0m | [1mINFO    [0m | [36menvs.hitter[0m:[36m_log_ball_planner_wait_state[0m:[36m694[0m - [1mWaiting for ball estimator: samples=0/31 visible=False ready=False pos=[-0.80009574  0.572271    1.3359871 ] vel=[-3.0023797  2.155706  -0.5305405][0m
[32m2026-06-29 18:12:24.748[0m | [1mINFO    [0m | [36menvs.hitter[0m:[36m_log_ball_planner_wait_state[0m:[36m694[0m - [1mWaiting for ball estimator: samples=0/31 visible=False ready=False pos=[-0.80009574  0.572271    1.3359871 ] vel=[-3.0023797  2.155706  -0.5305405][0m
[32m2026-06-29 18:12:25.252[0m | [1mINFO    [0m | [36menvs.hitter[0m:[36m_log_ball_planner_wait_state[0m:[36m694[0m - [1mWaiting for ball estimator: samples=0/31 visible=False ready=False pos=[-0.80009574  0.572271    1.3359871 ] vel=[-3.0023797  2.155706  -0.5305405][0m
[32m2026-06-29 18:12:25.772[0m | [1mINFO    [0m | [36menvs.hitter[0m:[36m_log_ball_planner_wait_state[0m:[36m694[0m - [1mWaiting for ball estimator: samples=0/31 visible=False ready=False pos=[-0.80009574  0.572271    1.3359871 ] vel=[-3.0023797  2.155706  -0.5305405][0m
[32m2026-06-29 18:12:26.274[0m | [1mINFO    [0m | [36menvs.hitter[0m:[36m_log_ball_planner_wait_state[0m:[36m694[0m - [1mWaiting for ball estimator: samples=0/31 visible=False ready=False pos=[-0.80009574  0.572271    1.3359871 ] vel=[-3.0023797  2.155706  -0.5305405][0m
[32m2026-06-29 18:12:26.776[0m | [1mINFO    [0m | [36menvs.hitter[0m:[36m_log_ball_planner_wait_state[0m:[36m694[0m - [1mWaiting for ball estimator: samples=0/31 visible=False ready=False pos=[-0.80009574  0.572271    1.3359871 ] vel=[-3.0023797  2.155706  -0.5305405][0m
[32m2026-06-29 18:12:27.278[0m | [1mINFO    [0m | [36menvs.hitter[0m:[36m_log_ball_planner_wait_state[0m:[36m694[0m - [1mWaiting for ball estimator: samples=0/31 visible=False ready=False pos=[-0.80009574  0.572271    1.3359871 ] vel=[-3.0023797  2.155706  -0.5305405][0m
[32m2026-06-29 18:12:27.780[0m | [1mINFO    [0m | [36menvs.hitter[0m:[36m_log_ball_planner_wait_state[0m:[36m694[0m - [1mWaiting for ball estimator: samples=0/31 visible=False ready=False pos=[-0.80009574  0.572271    1.3359871 ] vel=[-3.0023797  2.155706  -0.5305405][0m
[32m2026-06-29 18:12:28.282[0m | [1mINFO    [0m | [36menvs.hitter[0m:[36m_log_ball_planner_wait_state[0m:[36m694[0m - [1mWaiting for ball estimator: samples=0/31 visible=False ready=False pos=[-0.80009574  0.572271    1.3359871 ] vel=[-3.0023797  2.155706  -0.5305405][0m
[32m2026-06-29 18:12:28.783[0m | [1mINFO    [0m | [36menvs.hitter[0m:[36m_log_ball_planner_wait_state[0m:[36m694[0m - [1mWaiting for ball estimator: samples=0/31 visible=False ready=False pos=[-0.80009574  0.572271    1.3359871 ] vel=[-3.0023797  2.155706  -0.5305405][0m
[32m2026-06-29 18:12:29.286[0m | [1mINFO    [0m | [36menvs.hitter[0m:[36m_log_ball_planner_wait_state[0m:[36m694[0m - [1mWaiting for ball estimator: samples=0/31 visible=False ready=False pos=[-0.80009574  0.572271    1.3359871 ] vel=[-3.0023797  2.155706  -0.5305405][0m
[32m2026-06-29 18:12:29.787[0m | [1mINFO    [0m | [36menvs.hitter[0m:[36m_log_ball_planner_wait_state[0m:[36m694[0m - [1mWaiting for ball estimator: samples=0/31 visible=False ready=False pos=[-0.80009574  0.572271    1.3359871 ] vel=[-3.0023797  2.155706  -0.5305405][0m
[32m2026-06-29 18:12:30.289[0m | [1mINFO    [0m | [36menvs.hitter[0m:[36m_log_ball_planner_wait_state[0m:[36m694[0m - [1mWaiting for ball estimator: samples=0/31 visible=False ready=False pos=[-0.80009574  0.572271    1.3359871 ] vel=[-3.0023797  2.155706  -0.5305405][0m
[32m2026-06-29 18:12:30.791[0m | [1mINFO    [0m | [36menvs.hitter[0m:[36m_log_ball_planner_wait_state[0m:[36m694[0m - [1mWaiting for ball estimator: samples=0/31 visible=False ready=False pos=[-0.80009574  0.572271    1.3359871 ] vel=[-3.0023797  2.155706  -0.5305405][0m
[32m2026-06-29 18:12:31.293[0m | [1mINFO    [0m | [36menvs.hitter[0m:[36m_log_ball_planner_wait_state[0m:[36m694[0m - [1mWaiting for ball estimator: samples=0/31 visible=False ready=False pos=[-0.80009574  0.572271    1.3359871 ] vel=[-3.0023797  2.155706  -0.5305405][0m
[32m2026-06-29 18:12:31.797[0m | [1mINFO    [0m | [36menvs.hitter[0m:[36m_log_ball_planner_wait_state[0m:[36m694[0m - [1mWaiting for ball estimator: samples=0/31 visible=False ready=False pos=[-0.80009574  0.572271    1.3359871 ] vel=[-3.0023797  2.155706  -0.5305405][0m
[32m2026-06-29 18:12:32.317[0m | [1mINFO    [0m | [36menvs.hitter[0m:[36m_log_ball_planner_wait_state[0m:[36m694[0m - [1mWaiting for ball estimator: samples=0/31 visible=False ready=False pos=[-0.80009574  0.572271    1.3359871 ] vel=[-3.0023797  2.155706  -0.5305405][0m
[32m2026-06-29 18:12:32.819[0m | [1mINFO    [0m | [36menvs.hitter[0m:[36m_log_ball_planner_wait_state[0m:[36m694[0m - [1mWaiting for ball estimator: samples=0/31 visible=False ready=False pos=[-0.80009574  0.572271    1.3359871 ] vel=[-3.0023797  2.155706  -0.5305405][0m
[32m2026-06-29 18:12:33.184[0m | [33m[1mWARNING [0m | [36magents.loco_hitter_agent[0m:[36mrun[0m:[36m270[0m - [33m[1mStep timeout: -0.0074s[0m
[32m2026-06-29 18:12:33.328[0m | [1mINFO    [0m | [36menvs.hitter[0m:[36m_log_ball_planner_wait_state[0m:[36m694[0m - [1mWaiting for ball estimator: samples=0/31 visible=False ready=False pos=[-0.80009574  0.572271    1.3359871 ] vel=[-3.0023797  2.155706  -0.5305405][0m
[32m2026-06-29 18:12:33.830[0m | [1mINFO    [0m | [36menvs.hitter[0m:[36m_log_ball_planner_wait_state[0m:[36m694[0m - [1mWaiting for ball estimator: samples=0/31 visible=False ready=False pos=[-0.80009574  0.572271    1.3359871 ] vel=[-3.0023797  2.155706  -0.5305405][0m
[32m2026-06-29 18:12:34.332[0m | [1mINFO    [0m | [36menvs.hitter[0m:[36m_log_ball_planner_wait_state[0m:[36m694[0m - [1mWaiting for ball estimator: samples=0/31 visible=False ready=False pos=[-0.80009574  0.572271    1.3359871 ] vel=[-3.0023797  2.155706  -0.5305405][0m
[32m2026-06-29 18:12:34.834[0m | [1mINFO    [0m | [36menvs.hitter[0m:[36m_log_ball_planner_wait_state[0m:[36m694[0m - [1mWaiting for ball estimator: samples=0/31 visible=False ready=False pos=[-0.80009574  0.572271    1.3359871 ] vel=[-3.0023797  2.155706  -0.5305405][0m
[32m2026-06-29 18:12:35.335[0m | [1mINFO    [0m | [36menvs.hitter[0m:[36m_log_ball_planner_wait_state[0m:[36m694[0m - [1mWaiting for ball estimator: samples=0/31 visible=False ready=False pos=[-0.80009574  0.572271    1.3359871 ] vel=[-3.0023797  2.155706  -0.5305405][0m
[32m2026-06-29 18:12:35.837[0m | [1mINFO    [0m | [36menvs.hitter[0m:[36m_log_ball_planner_wait_state[0m:[36m694[0m - [1mWaiting for ball estimator: samples=0/31 visible=False ready=False pos=[-0.80009574  0.572271    1.3359871 ] vel=[-3.0023797  2.155706  -0.5305405][0m
[32m2026-06-29 18:12:36.136[0m | [33m[1mWARNING [0m | [36magents.loco_hitter_agent[0m:[36mrun[0m:[36m270[0m - [33m[1mStep timeout: -0.0212s[0m
[32m2026-06-29 18:12:36.343[0m | [1mINFO    [0m | [36menvs.hitter[0m:[36m_log_ball_planner_wait_state[0m:[36m694[0m - [1mWaiting for ball estimator: samples=0/31 visible=False ready=False pos=[-0.80009574  0.572271    1.3359871 ] vel=[-3.0023797  2.155706  -0.5305405][0m
[32m2026-06-29 18:12:36.862[0m | [1mINFO    [0m | [36menvs.hitter[0m:[36m_log_ball_planner_wait_state[0m:[36m694[0m - [1mWaiting for ball estimator: samples=0/31 visible=False ready=False pos=[-0.80009574  0.572271    1.3359871 ] vel=[-3.0023797  2.155706  -0.5305405][0m
[32m2026-06-29 18:12:37.364[0m | [1mINFO    [0m | [36menvs.hitter[0m:[36m_log_ball_planner_wait_state[0m:[36m694[0m - [1mWaiting for ball estimator: samples=0/31 visible=False ready=False pos=[-0.80009574  0.572271    1.3359871 ] vel=[-3.0023797  2.155706  -0.5305405][0m
[32m2026-06-29 18:12:37.865[0m | [1mINFO    [0m | [36menvs.hitter[0m:[36m_log_ball_planner_wait_state[0m:[36m694[0m - [1mWaiting for ball estimator: samples=0/31 visible=False ready=False pos=[-0.80009574  0.572271    1.3359871 ] vel=[-3.0023797  2.155706  -0.5305405][0m
[32m2026-06-29 18:12:38.367[0m | [1mINFO    [0m | [36menvs.hitter[0m:[36m_log_ball_planner_wait_state[0m:[36m694[0m - [1mWaiting for ball estimator: samples=0/31 visible=False ready=False pos=[-0.80009574  0.572271    1.3359871 ] vel=[-3.0023797  2.155706  -0.5305405][0m
[32m2026-06-29 18:12:38.870[0m | [1mINFO    [0m | [36menvs.hitter[0m:[36m_log_ball_planner_wait_state[0m:[36m694[0m - [1mWaiting for ball estimator: samples=0/31 visible=False ready=False pos=[-0.80009574  0.572271    1.3359871 ] vel=[-3.0023797  2.155706  -0.5305405][0m
[32m2026-06-29 18:12:39.371[0m | [1mINFO    [0m | [36menvs.hitter[0m:[36m_log_ball_planner_wait_state[0m:[36m694[0m - [1mWaiting for ball estimator: samples=0/31 visible=False ready=False pos=[-0.80009574  0.572271    1.3359871 ] vel=[-3.0023797  2.155706  -0.5305405][0m
[32m2026-06-29 18:12:39.874[0m | [1mINFO    [0m | [36menvs.hitter[0m:[36m_log_ball_planner_wait_state[0m:[36m694[0m - [1mWaiting for ball estimator: samples=0/31 visible=False ready=False pos=[-0.80009574  0.572271    1.3359871 ] vel=[-3.0023797  2.155706  -0.5305405][0m
[32m2026-06-29 18:12:40.376[0m | [1mINFO    [0m | [36menvs.hitter[0m:[36m_log_ball_planner_wait_state[0m:[36m694[0m - [1mWaiting for ball estimator: samples=0/31 visible=False ready=False pos=[-0.80009574  0.572271    1.3359871 ] vel=[-3.0023797  2.155706  -0.5305405][0m
[32m2026-06-29 18:12:40.878[0m | [1mINFO    [0m | [36menvs.hitter[0m:[36m_log_ball_planner_wait_state[0m:[36m694[0m - [1mWaiting for ball estimator: samples=0/31 visible=False ready=False pos=[-0.80009574  0.572271    1.3359871 ] vel=[-3.0023797  2.155706  -0.5305405][0m
[32m2026-06-29 18:12:41.380[0m | [1mINFO    [0m | [36menvs.hitter[0m:[36m_log_ball_planner_wait_state[0m:[36m694[0m - [1mWaiting for ball estimator: samples=0/31 visible=False ready=False pos=[-0.80009574  0.572271    1.3359871 ] vel=[-3.0023797  2.155706  -0.5305405][0m
[32m2026-06-29 18:12:41.890[0m | [1mINFO    [0m | [36menvs.hitter[0m:[36m_log_ball_planner_wait_state[0m:[36m694[0m - [1mWaiting for ball estimator: samples=0/31 visible=False ready=False pos=[-0.80009574  0.572271    1.3359871 ] vel=[-3.0023797  2.155706  -0.5305405][0m
[32m2026-06-29 18:12:42.404[0m | [1mINFO    [0m | [36menvs.hitter[0m:[36m_log_ball_planner_wait_state[0m:[36m694[0m - [1mWaiting for ball estimator: samples=0/31 visible=False ready=False pos=[-0.80009574  0.572271    1.3359871 ] vel=[-3.0023797  2.155706  -0.5305405][0m
[32m2026-06-29 18:12:42.905[0m | [1mINFO    [0m | [36menvs.hitter[0m:[36m_log_ball_planner_wait_state[0m:[36m694[0m - [1mWaiting for ball estimator: samples=0/31 visible=False ready=False pos=[-0.80009574  0.572271    1.3359871 ] vel=[-3.0023797  2.155706  -0.5305405][0m
[32m2026-06-29 18:12:43.407[0m | [1mINFO    [0m | [36menvs.hitter[0m:[36m_log_ball_planner_wait_state[0m:[36m694[0m - [1mWaiting for ball estimator: samples=0/31 visible=False ready=False pos=[-0.80009574  0.572271    1.3359871 ] vel=[-3.0023797  2.155706  -0.5305405][0m
[32m2026-06-29 18:12:43.909[0m | [1mINFO    [0m | [36menvs.hitter[0m:[36m_log_ball_planner_wait_state[0m:[36m694[0m - [1mWaiting for ball estimator: samples=0/31 visible=False ready=False pos=[-0.80009574  0.572271    1.3359871 ] vel=[-3.0023797  2.155706  -0.5305405][0m
[32m2026-06-29 18:12:44.411[0m | [1mINFO    [0m | [36menvs.hitter[0m:[36m_log_ball_planner_wait_state[0m:[36m694[0m - [1mWaiting for ball estimator: samples=0/31 visible=False ready=False pos=[-0.80009574  0.572271    1.3359871 ] vel=[-3.0023797  2.155706  -0.5305405][0m
[32m2026-06-29 18:12:44.913[0m | [1mINFO    [0m | [36menvs.hitter[0m:[36m_log_ball_planner_wait_state[0m:[36m694[0m - [1mWaiting for ball estimator: samples=0/31 visible=False ready=False pos=[-0.80009574  0.572271    1.3359871 ] vel=[-3.0023797  2.155706  -0.5305405][0m
[32m2026-06-29 18:12:45.415[0m | [1mINFO    [0m | [36menvs.hitter[0m:[36m_log_ball_planner_wait_state[0m:[36m694[0m - [1mWaiting for ball estimator: samples=0/31 visible=False ready=False pos=[-0.80009574  0.572271    1.3359871 ] vel=[-3.0023797  2.155706  -0.5305405][0m
[32m2026-06-29 18:12:45.917[0m | [1mINFO    [0m | [36menvs.hitter[0m:[36m_log_ball_planner_wait_state[0m:[36m694[0m - [1mWaiting for ball estimator: samples=0/31 visible=False ready=False pos=[-0.80009574  0.572271    1.3359871 ] vel=[-3.0023797  2.155706  -0.5305405][0m
[32m2026-06-29 18:12:46.419[0m | [1mINFO    [0m | [36menvs.hitter[0m:[36m_log_ball_planner_wait_state[0m:[36m694[0m - [1mWaiting for ball estimator: samples=0/31 visible=False ready=False pos=[-0.80009574  0.572271    1.3359871 ] vel=[-3.0023797  2.155706  -0.5305405][0m
[32m2026-06-29 18:12:46.921[0m | [1mINFO    [0m | [36menvs.hitter[0m:[36m_log_ball_planner_wait_state[0m:[36m694[0m - [1mWaiting for ball estimator: samples=0/31 visible=False ready=False pos=[-0.80009574  0.572271    1.3359871 ] vel=[-3.0023797  2.155706  -0.5305405][0m
[32m2026-06-29 18:12:47.054[0m | [33m[1mWARNING [0m | [36magents.loco_hitter_agent[0m:[36mrun[0m:[36m270[0m - [33m[1mStep timeout: -0.0159s[0m
[32m2026-06-29 18:12:47.255[0m | [33m[1mWARNING [0m | [36magents.loco_hitter_agent[0m:[36mrun[0m:[36m270[0m - [33m[1mStep timeout: -0.0003s[0m
[32m2026-06-29 18:12:47.361[0m | [33m[1mWARNING [0m | [36magents.loco_hitter_agent[0m:[36mrun[0m:[36m270[0m - [33m[1mStep timeout: -0.0055s[0m
[32m2026-06-29 18:12:47.428[0m | [1mINFO    [0m | [36menvs.hitter[0m:[36m_log_ball_planner_wait_state[0m:[36m694[0m - [1mWaiting for ball estimator: samples=0/31 visible=False ready=False pos=[-0.80009574  0.572271    1.3359871 ] vel=[-3.0023797  2.155706  -0.5305405][0m
[32m2026-06-29 18:12:47.475[0m | [33m[1mWARNING [0m | [36magents.loco_hitter_agent[0m:[36mrun[0m:[36m270[0m - [33m[1mStep timeout: -0.0138s[0m
[32m2026-06-29 18:12:47.941[0m | [1mINFO    [0m | [36menvs.hitter[0m:[36m_log_ball_planner_wait_state[0m:[36m694[0m - [1mWaiting for ball estimator: samples=0/31 visible=False ready=False pos=[-0.80009574  0.572271    1.3359871 ] vel=[-3.0023797  2.155706  -0.5305405][0m
[32m2026-06-29 18:12:48.442[0m | [1mINFO    [0m | [36menvs.hitter[0m:[36m_log_ball_planner_wait_state[0m:[36m694[0m - [1mWaiting for ball estimator: samples=0/31 visible=False ready=False pos=[-0.80009574  0.572271    1.3359871 ] vel=[-3.0023797  2.155706  -0.5305405][0m
[32m2026-06-29 18:12:48.947[0m | [1mINFO    [0m | [36menvs.hitter[0m:[36m_log_ball_planner_wait_state[0m:[36m694[0m - [1mWaiting for ball estimator: samples=0/31 visible=False ready=False pos=[-0.80009574  0.572271    1.3359871 ] vel=[-3.0023797  2.155706  -0.5305405][0m
[32m2026-06-29 18:12:49.343[0m | [33m[1mWARNING [0m | [36magents.loco_hitter_agent[0m:[36mrun[0m:[36m270[0m - [33m[1mStep timeout: -0.0213s[0m
[32m2026-06-29 18:12:49.450[0m | [1mINFO    [0m | [36menvs.hitter[0m:[36m_log_ball_planner_wait_state[0m:[36m694[0m - [1mWaiting for ball estimator: samples=0/31 visible=False ready=False pos=[-0.80009574  0.572271    1.3359871 ] vel=[-3.0023797  2.155706  -0.5305405][0m
[32m2026-06-29 18:12:49.969[0m | [1mINFO    [0m | [36menvs.hitter[0m:[36m_log_ball_planner_wait_state[0m:[36m694[0m - [1mWaiting for ball estimator: samples=0/31 visible=False ready=False pos=[-0.80009574  0.572271    1.3359871 ] vel=[-3.0023797  2.155706  -0.5305405][0m
[32m2026-06-29 18:12:50.471[0m | [1mINFO    [0m | [36menvs.hitter[0m:[36m_log_ball_planner_wait_state[0m:[36m694[0m - [1mWaiting for ball estimator: samples=0/31 visible=False ready=False pos=[-0.80009574  0.572271    1.3359871 ] vel=[-3.0023797  2.155706  -0.5305405][0m
[32m2026-06-29 18:12:50.973[0m | [1mINFO    [0m | [36menvs.hitter[0m:[36m_log_ball_planner_wait_state[0m:[36m694[0m - [1mWaiting for ball estimator: samples=0/31 visible=False ready=False pos=[-0.80009574  0.572271    1.3359871 ] vel=[-3.0023797  2.155706  -0.5305405][0m
[32m2026-06-29 18:12:51.475[0m | [1mINFO    [0m | [36menvs.hitter[0m:[36m_log_ball_planner_wait_state[0m:[36m694[0m - [1mWaiting for ball estimator: samples=0/31 visible=False ready=False pos=[-0.80009574  0.572271    1.3359871 ] vel=[-3.0023797  2.155706  -0.5305405][0m
[32m2026-06-29 18:12:51.977[0m | [1mINFO    [0m | [36menvs.hitter[0m:[36m_log_ball_planner_wait_state[0m:[36m694[0m - [1mWaiting for ball estimator: samples=0/31 visible=False ready=False pos=[-0.80009574  0.572271    1.3359871 ] vel=[-3.0023797  2.155706  -0.5305405][0m
[32m2026-06-29 18:12:52.479[0m | [1mINFO    [0m | [36menvs.hitter[0m:[36m_log_ball_planner_wait_state[0m:[36m694[0m - [1mWaiting for ball estimator: samples=0/31 visible=False ready=False pos=[-0.80009574  0.572271    1.3359871 ] vel=[-3.0023797  2.155706  -0.5305405][0m
[32m2026-06-29 18:12:52.980[0m | [1mINFO    [0m | [36menvs.hitter[0m:[36m_log_ball_planner_wait_state[0m:[36m694[0m - [1mWaiting for ball estimator: samples=0/31 visible=False ready=False pos=[-0.80009574  0.572271    1.3359871 ] vel=[-3.0023797  2.155706  -0.5305405][0m
[32m2026-06-29 18:12:53.482[0m | [1mINFO    [0m | [36menvs.hitter[0m:[36m_log_ball_planner_wait_state[0m:[36m694[0m - [1mWaiting for ball estimator: samples=0/31 visible=False ready=False pos=[-0.80009574  0.572271    1.3359871 ] vel=[-3.0023797  2.155706  -0.5305405][0m
[32m2026-06-29 18:12:53.984[0m | [1mINFO    [0m | [36menvs.hitter[0m:[36m_log_ball_planner_wait_state[0m:[36m694[0m - [1mWaiting for ball estimator: samples=0/31 visible=False ready=False pos=[-0.80009574  0.572271    1.3359871 ] vel=[-3.0023797  2.155706  -0.5305405][0m
[32m2026-06-29 18:12:54.486[0m | [1mINFO    [0m | [36menvs.hitter[0m:[36m_log_ball_planner_wait_state[0m:[36m694[0m - [1mWaiting for ball estimator: samples=0/31 visible=False ready=False pos=[-0.80009574  0.572271    1.3359871 ] vel=[-3.0023797  2.155706  -0.5305405][0m
[32m2026-06-29 18:12:54.989[0m | [1mINFO    [0m | [36menvs.hitter[0m:[36m_log_ball_planner_wait_state[0m:[36m694[0m - [1mWaiting for ball estimator: samples=0/31 visible=False ready=False pos=[-0.80009574  0.572271    1.3359871 ] vel=[-3.0023797  2.155706  -0.5305405][0m
[32m2026-06-29 18:12:55.494[0m | [1mINFO    [0m | [36menvs.hitter[0m:[36m_log_ball_planner_wait_state[0m:[36m694[0m - [1mWaiting for ball estimator: samples=0/31 visible=False ready=False pos=[-0.80009574  0.572271    1.3359871 ] vel=[-3.0023797  2.155706  -0.5305405][0m
[32m2026-06-29 18:12:56.013[0m | [1mINFO    [0m | [36menvs.hitter[0m:[36m_log_ball_planner_wait_state[0m:[36m694[0m - [1mWaiting for ball estimator: samples=0/31 visible=False ready=False pos=[-0.80009574  0.572271    1.3359871 ] vel=[-3.0023797  2.155706  -0.5305405][0m
[32m2026-06-29 18:12:56.514[0m | [1mINFO    [0m | [36menvs.hitter[0m:[36m_log_ball_planner_wait_state[0m:[36m694[0m - [1mWaiting for ball estimator: samples=0/31 visible=False ready=False pos=[-0.80009574  0.572271    1.3359871 ] vel=[-3.0023797  2.155706  -0.5305405][0m
[32m2026-06-29 18:12:57.016[0m | [1mINFO    [0m | [36menvs.hitter[0m:[36m_log_ball_planner_wait_state[0m:[36m694[0m - [1mWaiting for ball estimator: samples=0/31 visible=False ready=False pos=[-0.80009574  0.572271    1.3359871 ] vel=[-3.0023797  2.155706  -0.5305405][0m
[32m2026-06-29 18:12:57.518[0m | [1mINFO    [0m | [36menvs.hitter[0m:[36m_log_ball_planner_wait_state[0m:[36m694[0m - [1mWaiting for ball estimator: samples=0/31 visible=False ready=False pos=[-0.80009574  0.572271    1.3359871 ] vel=[-3.0023797  2.155706  -0.5305405][0m
[32m2026-06-29 18:12:58.020[0m | [1mINFO    [0m | [36menvs.hitter[0m:[36m_log_ball_planner_wait_state[0m:[36m694[0m - [1mWaiting for ball estimator: samples=0/31 visible=False ready=False pos=[-0.80009574  0.572271    1.3359871 ] vel=[-3.0023797  2.155706  -0.5305405][0m
[32m2026-06-29 18:12:58.522[0m | [1mINFO    [0m | [36menvs.hitter[0m:[36m_log_ball_planner_wait_state[0m:[36m694[0m - [1mWaiting for ball estimator: samples=0/31 visible=False ready=False pos=[-0.80009574  0.572271    1.3359871 ] vel=[-3.0023797  2.155706  -0.5305405][0m
[32m2026-06-29 18:12:59.024[0m | [1mINFO    [0m | [36menvs.hitter[0m:[36m_log_ball_planner_wait_state[0m:[36m694[0m - [1mWaiting for ball estimator: samples=0/31 visible=False ready=False pos=[-0.80009574  0.572271    1.3359871 ] vel=[-3.0023797  2.155706  -0.5305405][0m
[32m2026-06-29 18:12:59.526[0m | [1mINFO    [0m | [36menvs.hitter[0m:[36m_log_ball_planner_wait_state[0m:[36m694[0m - [1mWaiting for ball estimator: samples=0/31 visible=False ready=False pos=[-0.80009574  0.572271    1.3359871 ] vel=[-3.0023797  2.155706  -0.5305405][0m
[32m2026-06-29 18:13:00.028[0m | [1mINFO    [0m | [36menvs.hitter[0m:[36m_log_ball_planner_wait_state[0m:[36m694[0m - [1mWaiting for ball estimator: samples=0/31 visible=False ready=False pos=[-0.80009574  0.572271    1.3359871 ] vel=[-3.0023797  2.155706  -0.5305405][0m
[32m2026-06-29 18:13:00.533[0m | [1mINFO    [0m | [36menvs.hitter[0m:[36m_log_ball_planner_wait_state[0m:[36m694[0m - [1mWaiting for ball estimator: samples=0/31 visible=False ready=False pos=[-0.80009574  0.572271    1.3359871 ] vel=[-3.0023797  2.155706  -0.5305405][0m
[32m2026-06-29 18:13:01.051[0m | [1mINFO    [0m | [36menvs.hitter[0m:[36m_log_ball_planner_wait_state[0m:[36m694[0m - [1mWaiting for ball estimator: samples=0/31 visible=False ready=False pos=[-0.80009574  0.572271    1.3359871 ] vel=[-3.0023797  2.155706  -0.5305405][0m
[32m2026-06-29 18:13:01.553[0m | [1mINFO    [0m | [36menvs.hitter[0m:[36m_log_ball_planner_wait_state[0m:[36m694[0m - [1mWaiting for ball estimator: samples=0/31 visible=False ready=False pos=[-0.80009574  0.572271    1.3359871 ] vel=[-3.0023797  2.155706  -0.5305405][0m
[32m2026-06-29 18:13:02.054[0m | [1mINFO    [0m | [36menvs.hitter[0m:[36m_log_ball_planner_wait_state[0m:[36m694[0m - [1mWaiting for ball estimator: samples=0/31 visible=False ready=False pos=[-0.80009574  0.572271    1.3359871 ] vel=[-3.0023797  2.155706  -0.5305405][0m
[32m2026-06-29 18:13:02.534[0m | [33m[1mWARNING [0m | [36magents.loco_hitter_agent[0m:[36mrun[0m:[36m270[0m - [33m[1mStep timeout: -0.0221s[0m
[32m2026-06-29 18:13:02.559[0m | [1mINFO    [0m | [36menvs.hitter[0m:[36m_log_ball_planner_wait_state[0m:[36m694[0m - [1mWaiting for ball estimator: samples=0/31 visible=False ready=False pos=[-0.80009574  0.572271    1.3359871 ] vel=[-3.0023797  2.155706  -0.5305405][0m
[32m2026-06-29 18:13:03.060[0m | [1mINFO    [0m | [36menvs.hitter[0m:[36m_log_ball_planner_wait_state[0m:[36m694[0m - [1mWaiting for ball estimator: samples=0/31 visible=False ready=False pos=[-0.80009574  0.572271    1.3359871 ] vel=[-3.0023797  2.155706  -0.5305405][0m
[32m2026-06-29 18:13:03.562[0m | [1mINFO    [0m | [36menvs.hitter[0m:[36m_log_ball_planner_wait_state[0m:[36m694[0m - [1mWaiting for ball estimator: samples=0/31 visible=False ready=False pos=[-0.80009574  0.572271    1.3359871 ] vel=[-3.0023797  2.155706  -0.5305405][0m
[32m2026-06-29 18:13:04.064[0m | [1mINFO    [0m | [36menvs.hitter[0m:[36m_log_ball_planner_wait_state[0m:[36m694[0m - [1mWaiting for ball estimator: samples=0/31 visible=False ready=False pos=[-0.80009574  0.572271    1.3359871 ] vel=[-3.0023797  2.155706  -0.5305405][0m
[32m2026-06-29 18:13:04.568[0m | [1mINFO    [0m | [36menvs.hitter[0m:[36m_log_ball_planner_wait_state[0m:[36m694[0m - [1mWaiting for ball estimator: samples=0/31 visible=False ready=False pos=[-0.80009574  0.572271    1.3359871 ] vel=[-3.0023797  2.155706  -0.5305405][0m
[32m2026-06-29 18:13:05.088[0m | [1mINFO    [0m | [36menvs.hitter[0m:[36m_log_ball_planner_wait_state[0m:[36m694[0m - [1mWaiting for ball estimator: samples=0/31 visible=False ready=False pos=[-0.80009574  0.572271    1.3359871 ] vel=[-3.0023797  2.155706  -0.5305405][0m
[32m2026-06-29 18:13:05.589[0m | [1mINFO    [0m | [36menvs.hitter[0m:[36m_log_ball_planner_wait_state[0m:[36m694[0m - [1mWaiting for ball estimator: samples=0/31 visible=False ready=False pos=[-0.80009574  0.572271    1.3359871 ] vel=[-3.0023797  2.155706  -0.5305405][0m
[32m2026-06-29 18:13:06.091[0m | [1mINFO    [0m | [36menvs.hitter[0m:[36m_log_ball_planner_wait_state[0m:[36m694[0m - [1mWaiting for ball estimator: samples=0/31 visible=False ready=False pos=[-0.80009574  0.572271    1.3359871 ] vel=[-3.0023797  2.155706  -0.5305405][0m
[32m2026-06-29 18:13:06.592[0m | [1mINFO    [0m | [36menvs.hitter[0m:[36m_log_ball_planner_wait_state[0m:[36m694[0m - [1mWaiting for ball estimator: samples=0/31 visible=False ready=False pos=[-0.80009574  0.572271    1.3359871 ] vel=[-3.0023797  2.155706  -0.5305405][0m
[32m2026-06-29 18:13:07.095[0m | [1mINFO    [0m | [36menvs.hitter[0m:[36m_log_ball_planner_wait_state[0m:[36m694[0m - [1mWaiting for ball estimator: samples=0/31 visible=False ready=False pos=[-0.80009574  0.572271    1.3359871 ] vel=[-3.0023797  2.155706  -0.5305405][0m
[32m2026-06-29 18:13:07.596[0m | [1mINFO    [0m | [36menvs.hitter[0m:[36m_log_ball_planner_wait_state[0m:[36m694[0m - [1mWaiting for ball estimator: samples=0/31 visible=False ready=False pos=[-0.80009574  0.572271    1.3359871 ] vel=[-3.0023797  2.155706  -0.5305405][0m
[32m2026-06-29 18:13:08.103[0m | [1mINFO    [0m | [36menvs.hitter[0m:[36m_log_ball_planner_wait_state[0m:[36m694[0m - [1mWaiting for ball estimator: samples=0/31 visible=False ready=False pos=[-0.80009574  0.572271    1.3359871 ] vel=[-3.0023797  2.155706  -0.5305405][0m
[32m2026-06-29 18:13:08.621[0m | [1mINFO    [0m | [36menvs.hitter[0m:[36m_log_ball_planner_wait_state[0m:[36m694[0m - [1mWaiting for ball estimator: samples=0/31 visible=False ready=False pos=[-0.80009574  0.572271    1.3359871 ] vel=[-3.0023797  2.155706  -0.5305405][0m
[32m2026-06-29 18:13:09.122[0m | [1mINFO    [0m | [36menvs.hitter[0m:[36m_log_ball_planner_wait_state[0m:[36m694[0m - [1mWaiting for ball estimator: samples=0/31 visible=False ready=False pos=[-0.80009574  0.572271    1.3359871 ] vel=[-3.0023797  2.155706  -0.5305405][0m
[32m2026-06-29 18:13:09.624[0m | [1mINFO    [0m | [36menvs.hitter[0m:[36m_log_ball_planner_wait_state[0m:[36m694[0m - [1mWaiting for ball estimator: samples=0/31 visible=False ready=False pos=[-0.80009574  0.572271    1.3359871 ] vel=[-3.0023797  2.155706  -0.5305405][0m
[32m2026-06-29 18:13:10.126[0m | [1mINFO    [0m | [36menvs.hitter[0m:[36m_log_ball_planner_wait_state[0m:[36m694[0m - [1mWaiting for ball estimator: samples=0/31 visible=False ready=False pos=[-0.80009574  0.572271    1.3359871 ] vel=[-3.0023797  2.155706  -0.5305405][0m
[32m2026-06-29 18:13:10.628[0m | [1mINFO    [0m | [36menvs.hitter[0m:[36m_log_ball_planner_wait_state[0m:[36m694[0m - [1mWaiting for ball estimator: samples=0/31 visible=False ready=False pos=[-0.80009574  0.572271    1.3359871 ] vel=[-3.0023797  2.155706  -0.5305405][0m
[32m2026-06-29 18:13:11.130[0m | [1mINFO    [0m | [36menvs.hitter[0m:[36m_log_ball_planner_wait_state[0m:[36m694[0m - [1mWaiting for ball estimator: samples=0/31 visible=False ready=False pos=[-0.80009574  0.572271    1.3359871 ] vel=[-3.0023797  2.155706  -0.5305405][0m
[32m2026-06-29 18:13:11.632[0m | [1mINFO    [0m | [36menvs.hitter[0m:[36m_log_ball_planner_wait_state[0m:[36m694[0m - [1mWaiting for ball estimator: samples=0/31 visible=False ready=False pos=[-0.80009574  0.572271    1.3359871 ] vel=[-3.0023797  2.155706  -0.5305405][0m
[32m2026-06-29 18:13:12.136[0m | [1mINFO    [0m | [36menvs.hitter[0m:[36m_log_ball_planner_wait_state[0m:[36m694[0m - [1mWaiting for ball estimator: samples=0/31 visible=False ready=False pos=[-0.80009574  0.572271    1.3359871 ] vel=[-3.0023797  2.155706  -0.5305405][0m
[32m2026-06-29 18:13:12.655[0m | [1mINFO    [0m | [36menvs.hitter[0m:[36m_log_ball_planner_wait_state[0m:[36m694[0m - [1mWaiting for ball estimator: samples=0/31 visible=False ready=False pos=[-0.80009574  0.572271    1.3359871 ] vel=[-3.0023797  2.155706  -0.5305405][0m
[32m2026-06-29 18:13:13.157[0m | [1mINFO    [0m | [36menvs.hitter[0m:[36m_log_ball_planner_wait_state[0m:[36m694[0m - [1mWaiting for ball estimator: samples=0/31 visible=False ready=False pos=[-0.80009574  0.572271    1.3359871 ] vel=[-3.0023797  2.155706  -0.5305405][0m
[32m2026-06-29 18:13:13.321[0m | [33m[1mWARNING [0m | [36magents.loco_hitter_agent[0m:[36mrun[0m:[36m270[0m - [33m[1mStep timeout: -0.0065s[0m
[32m2026-06-29 18:13:13.665[0m | [1mINFO    [0m | [36menvs.hitter[0m:[36m_log_ball_planner_wait_state[0m:[36m694[0m - [1mWaiting for ball estimator: samples=0/31 visible=False ready=False pos=[-0.80009574  0.572271    1.3359871 ] vel=[-3.0023797  2.155706  -0.5305405][0m
[32m2026-06-29 18:13:14.168[0m | [1mINFO    [0m | [36menvs.hitter[0m:[36m_log_ball_planner_wait_state[0m:[36m694[0m - [1mWaiting for ball estimator: samples=0/31 visible=False ready=False pos=[-0.80009574  0.572271    1.3359871 ] vel=[-3.0023797  2.155706  -0.5305405][0m
[32m2026-06-29 18:13:14.669[0m | [1mINFO    [0m | [36menvs.hitter[0m:[36m_log_ball_planner_wait_state[0m:[36m694[0m - [1mWaiting for ball estimator: samples=0/31 visible=False ready=False pos=[-0.80009574  0.572271    1.3359871 ] vel=[-3.0023797  2.155706  -0.5305405][0m
[32m2026-06-29 18:13:15.171[0m | [1mINFO    [0m | [36menvs.hitter[0m:[36m_log_ball_planner_wait_state[0m:[36m694[0m - [1mWaiting for ball estimator: samples=0/31 visible=False ready=False pos=[-0.80009574  0.572271    1.3359871 ] vel=[-3.0023797  2.155706  -0.5305405][0m
[32m2026-06-29 18:13:15.673[0m | [1mINFO    [0m | [36menvs.hitter[0m:[36m_log_ball_planner_wait_state[0m:[36m694[0m - [1mWaiting for ball estimator: samples=0/31 visible=False ready=False pos=[-0.80009574  0.572271    1.3359871 ] vel=[-3.0023797  2.155706  -0.5305405][0m
[32m2026-06-29 18:13:15.754[0m | [33m[1mWARNING [0m | [36magents.loco_hitter_agent[0m:[36mrun[0m:[36m270[0m - [33m[1mStep timeout: -0.0236s[0m
[32m2026-06-29 18:13:16.179[0m | [1mINFO    [0m | [36menvs.hitter[0m:[36m_log_ball_planner_wait_state[0m:[36m694[0m - [1mWaiting for ball estimator: samples=0/31 visible=False ready=False pos=[-0.80009574  0.572271    1.3359871 ] vel=[-3.0023797  2.155706  -0.5305405][0m
[32m2026-06-29 18:13:16.681[0m | [1mINFO    [0m | [36menvs.hitter[0m:[36m_log_ball_planner_wait_state[0m:[36m694[0m - [1mWaiting for ball estimator: samples=0/31 visible=False ready=False pos=[-0.80009574  0.572271    1.3359871 ] vel=[-3.0023797  2.155706  -0.5305405][0m
[32m2026-06-29 18:13:17.086[0m | [33m[1mWARNING [0m | [36magents.loco_hitter_agent[0m:[36mrun[0m:[36m270[0m - [33m[1mStep timeout: -0.0077s[0m
[32m2026-06-29 18:13:17.190[0m | [1mINFO    [0m | [36menvs.hitter[0m:[36m_log_ball_planner_wait_state[0m:[36m694[0m - [1mWaiting for ball estimator: samples=0/31 visible=False ready=False pos=[-0.80009574  0.572271    1.3359871 ] vel=[-3.0023797  2.155706  -0.5305405][0m
[32m2026-06-29 18:13:17.614[0m | [33m[1mWARNING [0m | [36magents.loco_hitter_agent[0m:[36mrun[0m:[36m270[0m - [33m[1mStep timeout: -0.0054s[0m
[32m2026-06-29 18:13:17.635[0m | [33m[1mWARNING [0m | [36magents.loco_hitter_agent[0m:[36mrun[0m:[36m270[0m - [33m[1mStep timeout: -0.0005s[0m
[32m2026-06-29 18:13:17.699[0m | [1mINFO    [0m | [36menvs.hitter[0m:[36m_log_ball_planner_wait_state[0m:[36m694[0m - [1mWaiting for ball estimator: samples=0/31 visible=False ready=False pos=[-0.80009574  0.572271    1.3359871 ] vel=[-3.0023797  2.155706  -0.5305405][0m
[32m2026-06-29 18:13:18.201[0m | [1mINFO    [0m | [36menvs.hitter[0m:[36m_log_ball_planner_wait_state[0m:[36m694[0m - [1mWaiting for ball estimator: samples=0/31 visible=False ready=False pos=[-0.80009574  0.572271    1.3359871 ] vel=[-3.0023797  2.155706  -0.5305405][0m
[32m2026-06-29 18:13:18.445[0m | [33m[1mWARNING [0m | [36magents.loco_hitter_agent[0m:[36mrun[0m:[36m270[0m - [33m[1mStep timeout: -0.0074s[0m
[32m2026-06-29 18:13:18.712[0m | [1mINFO    [0m | [36menvs.hitter[0m:[36m_log_ball_planner_wait_state[0m:[36m694[0m - [1mWaiting for ball estimator: samples=0/31 visible=False ready=False pos=[-0.80009574  0.572271    1.3359871 ] vel=[-3.0023797  2.155706  -0.5305405][0m
[32m2026-06-29 18:13:19.232[0m | [1mINFO    [0m | [36menvs.hitter[0m:[36m_log_ball_planner_wait_state[0m:[36m694[0m - [1mWaiting for ball estimator: samples=0/31 visible=False ready=False pos=[-0.80009574  0.572271    1.3359871 ] vel=[-3.0023797  2.155706  -0.5305405][0m
[32m2026-06-29 18:13:19.453[0m | [33m[1mWARNING [0m | [36magents.loco_hitter_agent[0m:[36mrun[0m:[36m270[0m - [33m[1mStep timeout: -0.0039s[0m
[32m2026-06-29 18:13:19.738[0m | [1mINFO    [0m | [36menvs.hitter[0m:[36m_log_ball_planner_wait_state[0m:[36m694[0m - [1mWaiting for ball estimator: samples=0/31 visible=False ready=False pos=[-0.80009574  0.572271    1.3359871 ] vel=[-3.0023797  2.155706  -0.5305405][0m
[32m2026-06-29 18:13:20.239[0m | [1mINFO    [0m | [36menvs.hitter[0m:[36m_log_ball_planner_wait_state[0m:[36m694[0m - [1mWaiting for ball estimator: samples=0/31 visible=False ready=False pos=[-0.80009574  0.572271    1.3359871 ] vel=[-3.0023797  2.155706  -0.5305405][0m
[32m2026-06-29 18:13:20.742[0m | [1mINFO    [0m | [36menvs.hitter[0m:[36m_log_ball_planner_wait_state[0m:[36m694[0m - [1mWaiting for ball estimator: samples=0/31 visible=False ready=False pos=[-0.80009574  0.572271    1.3359871 ] vel=[-3.0023797  2.155706  -0.5305405][0m
[32m2026-06-29 18:13:21.243[0m | [1mINFO    [0m | [36menvs.hitter[0m:[36m_log_ball_planner_wait_state[0m:[36m694[0m - [1mWaiting for ball estimator: samples=0/31 visible=False ready=False pos=[-0.80009574  0.572271    1.3359871 ] vel=[-3.0023797  2.155706  -0.5305405][0m
[32m2026-06-29 18:13:21.489[0m | [33m[1mWARNING [0m | [36magents.loco_hitter_agent[0m:[36mrun[0m:[36m270[0m - [33m[1mStep timeout: -0.0285s[0m
[32m2026-06-29 18:13:21.753[0m | [1mINFO    [0m | [36menvs.hitter[0m:[36m_log_ball_planner_wait_state[0m:[36m694[0m - [1mWaiting for ball estimator: samples=0/31 visible=False ready=False pos=[-0.80009574  0.572271    1.3359871 ] vel=[-3.0023797  2.155706  -0.5305405][0m
[32m2026-06-29 18:13:22.255[0m | [1mINFO    [0m | [36menvs.hitter[0m:[36m_log_ball_planner_wait_state[0m:[36m694[0m - [1mWaiting for ball estimator: samples=0/31 visible=False ready=False pos=[-0.80009574  0.572271    1.3359871 ] vel=[-3.0023797  2.155706  -0.5305405][0m
[32m2026-06-29 18:13:22.757[0m | [1mINFO    [0m | [36menvs.hitter[0m:[36m_log_ball_planner_wait_state[0m:[36m694[0m - [1mWaiting for ball estimator: samples=0/31 visible=False ready=False pos=[-0.80009574  0.572271    1.3359871 ] vel=[-3.0023797  2.155706  -0.5305405][0m
[32m2026-06-29 18:13:23.259[0m | [1mINFO    [0m | [36menvs.hitter[0m:[36m_log_ball_planner_wait_state[0m:[36m694[0m - [1mWaiting for ball estimator: samples=0/31 visible=False ready=False pos=[-0.80009574  0.572271    1.3359871 ] vel=[-3.0023797  2.155706  -0.5305405][0m
[32m2026-06-29 18:13:23.761[0m | [1mINFO    [0m | [36menvs.hitter[0m:[36m_log_ball_planner_wait_state[0m:[36m694[0m - [1mWaiting for ball estimator: samples=0/31 visible=False ready=False pos=[-0.80009574  0.572271    1.3359871 ] vel=[-3.0023797  2.155706  -0.5305405][0m
[32m2026-06-29 18:13:24.263[0m | [1mINFO    [0m | [36menvs.hitter[0m:[36m_log_ball_planner_wait_state[0m:[36m694[0m - [1mWaiting for ball estimator: samples=0/31 visible=False ready=False pos=[-0.80009574  0.572271    1.3359871 ] vel=[-3.0023797  2.155706  -0.5305405][0m
[32m2026-06-29 18:13:24.764[0m | [1mINFO    [0m | [36menvs.hitter[0m:[36m_log_ball_planner_wait_state[0m:[36m694[0m - [1mWaiting for ball estimator: samples=0/31 visible=False ready=False pos=[-0.80009574  0.572271    1.3359871 ] vel=[-3.0023797  2.155706  -0.5305405][0m
[32m2026-06-29 18:13:25.266[0m | [1mINFO    [0m | [36menvs.hitter[0m:[36m_log_ball_planner_wait_state[0m:[36m694[0m - [1mWaiting for ball estimator: samples=0/31 visible=False ready=False pos=[-0.80009574  0.572271    1.3359871 ] vel=[-3.0023797  2.155706  -0.5305405][0m
[32m2026-06-29 18:13:25.768[0m | [1mINFO    [0m | [36menvs.hitter[0m:[36m_log_ball_planner_wait_state[0m:[36m694[0m - [1mWaiting for ball estimator: samples=0/31 visible=False ready=False pos=[-0.80009574  0.572271    1.3359871 ] vel=[-3.0023797  2.155706  -0.5305405][0m
[32m2026-06-29 18:13:26.270[0m | [1mINFO    [0m | [36menvs.hitter[0m:[36m_log_ball_planner_wait_state[0m:[36m694[0m - [1mWaiting for ball estimator: samples=0/31 visible=False ready=False pos=[-0.80009574  0.572271    1.3359871 ] vel=[-3.0023797  2.155706  -0.5305405][0m
[32m2026-06-29 18:13:26.772[0m | [1mINFO    [0m | [36menvs.hitter[0m:[36m_log_ball_planner_wait_state[0m:[36m694[0m - [1mWaiting for ball estimator: samples=0/31 visible=False ready=False pos=[-0.80009574  0.572271    1.3359871 ] vel=[-3.0023797  2.155706  -0.5305405][0m
[32m2026-06-29 18:13:27.276[0m | [1mINFO    [0m | [36menvs.hitter[0m:[36m_log_ball_planner_wait_state[0m:[36m694[0m - [1mWaiting for ball estimator: samples=0/31 visible=False ready=False pos=[-0.80009574  0.572271    1.3359871 ] vel=[-3.0023797  2.155706  -0.5305405][0m
[32m2026-06-29 18:13:27.798[0m | [1mINFO    [0m | [36menvs.hitter[0m:[36m_log_ball_planner_wait_state[0m:[36m694[0m - [1mWaiting for ball estimator: samples=0/31 visible=False ready=False pos=[-0.80009574  0.572271    1.3359871 ] vel=[-3.0023797  2.155706  -0.5305405][0m
[32m2026-06-29 18:13:28.317[0m | [1mINFO    [0m | [36menvs.hitter[0m:[36m_log_ball_planner_wait_state[0m:[36m694[0m - [1mWaiting for ball estimator: samples=0/31 visible=False ready=False pos=[-0.80009574  0.572271    1.3359871 ] vel=[-3.0023797  2.155706  -0.5305405][0m
[32m2026-06-29 18:13:28.817[0m | [33m[1mWARNING [0m | [36magents.loco_hitter_agent[0m:[36mrun[0m:[36m270[0m - [33m[1mStep timeout: -0.0219s[0m
[32m2026-06-29 18:13:28.824[0m | [1mINFO    [0m | [36menvs.hitter[0m:[36m_log_ball_planner_wait_state[0m:[36m694[0m - [1mWaiting for ball estimator: samples=0/31 visible=False ready=False pos=[-0.80009574  0.572271    1.3359871 ] vel=[-3.0023797  2.155706  -0.5305405][0m
[32m2026-06-29 18:13:29.343[0m | [1mINFO    [0m | [36menvs.hitter[0m:[36m_log_ball_planner_wait_state[0m:[36m694[0m - [1mWaiting for ball estimator: samples=0/31 visible=False ready=False pos=[-0.80009574  0.572271    1.3359871 ] vel=[-3.0023797  2.155706  -0.5305405][0m
[32m2026-06-29 18:13:29.845[0m | [1mINFO    [0m | [36menvs.hitter[0m:[36m_log_ball_planner_wait_state[0m:[36m694[0m - [1mWaiting for ball estimator: samples=0/31 visible=False ready=False pos=[-0.80009574  0.572271    1.3359871 ] vel=[-3.0023797  2.155706  -0.5305405][0m
[32m2026-06-29 18:13:29.983[0m | [33m[1mWARNING [0m | [36magents.loco_hitter_agent[0m:[36mrun[0m:[36m270[0m - [33m[1mStep timeout: -0.0009s[0m
[32m2026-06-29 18:13:30.348[0m | [1mINFO    [0m | [36menvs.hitter[0m:[36m_log_ball_planner_wait_state[0m:[36m694[0m - [1mWaiting for ball estimator: samples=0/31 visible=False ready=False pos=[-0.80009574  0.572271    1.3359871 ] vel=[-3.0023797  2.155706  -0.5305405][0m
[32m2026-06-29 18:13:30.850[0m | [1mINFO    [0m | [36menvs.hitter[0m:[36m_log_ball_planner_wait_state[0m:[36m694[0m - [1mWaiting for ball estimator: samples=0/31 visible=False ready=False pos=[-0.80009574  0.572271    1.3359871 ] vel=[-3.0023797  2.155706  -0.5305405][0m
[32m2026-06-29 18:13:31.352[0m | [1mINFO    [0m | [36menvs.hitter[0m:[36m_log_ball_planner_wait_state[0m:[36m694[0m - [1mWaiting for ball estimator: samples=0/31 visible=False ready=False pos=[-0.80009574  0.572271    1.3359871 ] vel=[-3.0023797  2.155706  -0.5305405][0m
[32m2026-06-29 18:13:31.854[0m | [1mINFO    [0m | [36menvs.hitter[0m:[36m_log_ball_planner_wait_state[0m:[36m694[0m - [1mWaiting for ball estimator: samples=0/31 visible=False ready=False pos=[-0.80009574  0.572271    1.3359871 ] vel=[-3.0023797  2.155706  -0.5305405][0m
[32m2026-06-29 18:13:32.355[0m | [1mINFO    [0m | [36menvs.hitter[0m:[36m_log_ball_planner_wait_state[0m:[36m694[0m - [1mWaiting for ball estimator: samples=0/31 visible=False ready=False pos=[-0.80009574  0.572271    1.3359871 ] vel=[-3.0023797  2.155706  -0.5305405][0m
[32m2026-06-29 18:13:32.859[0m | [1mINFO    [0m | [36menvs.hitter[0m:[36m_log_ball_planner_wait_state[0m:[36m694[0m - [1mWaiting for ball estimator: samples=0/31 visible=False ready=False pos=[-0.80009574  0.572271    1.3359871 ] vel=[-3.0023797  2.155706  -0.5305405][0m
[32m2026-06-29 18:13:33.379[0m | [1mINFO    [0m | [36menvs.hitter[0m:[36m_log_ball_planner_wait_state[0m:[36m694[0m - [1mWaiting for ball estimator: samples=0/31 visible=False ready=False pos=[-0.80009574  0.572271    1.3359871 ] vel=[-3.0023797  2.155706  -0.5305405][0m
[32m2026-06-29 18:13:33.881[0m | [1mINFO    [0m | [36menvs.hitter[0m:[36m_log_ball_planner_wait_state[0m:[36m694[0m - [1mWaiting for ball estimator: samples=0/31 visible=False ready=False pos=[-0.80009574  0.572271    1.3359871 ] vel=[-3.0023797  2.155706  -0.5305405][0m
[32m2026-06-29 18:13:34.385[0m | [1mINFO    [0m | [36menvs.hitter[0m:[36m_log_ball_planner_wait_state[0m:[36m694[0m - [1mWaiting for ball estimator: samples=0/31 visible=False ready=False pos=[-0.80009574  0.572271    1.3359871 ] vel=[-3.0023797  2.155706  -0.5305405][0m
[32m2026-06-29 18:13:34.904[0m | [1mINFO    [0m | [36menvs.hitter[0m:[36m_log_ball_planner_wait_state[0m:[36m694[0m - [1mWaiting for ball estimator: samples=0/31 visible=False ready=False pos=[-0.80009574  0.572271    1.3359871 ] vel=[-3.0023797  2.155706  -0.5305405][0m
[32m2026-06-29 18:13:35.129[0m | [33m[1mWARNING [0m | [36magents.loco_hitter_agent[0m:[36mrun[0m:[36m270[0m - [33m[1mStep timeout: -0.0071s[0m
[32m2026-06-29 18:13:35.413[0m | [1mINFO    [0m | [36menvs.hitter[0m:[36m_log_ball_planner_wait_state[0m:[36m694[0m - [1mWaiting for ball estimator: samples=0/31 visible=False ready=False pos=[-0.80009574  0.572271    1.3359871 ] vel=[-3.0023797  2.155706  -0.5305405][0m
[32m2026-06-29 18:13:35.915[0m | [1mINFO    [0m | [36menvs.hitter[0m:[36m_log_ball_planner_wait_state[0m:[36m694[0m - [1mWaiting for ball estimator: samples=0/31 visible=False ready=False pos=[-0.80009574  0.572271    1.3359871 ] vel=[-3.0023797  2.155706  -0.5305405][0m
[32m2026-06-29 18:13:36.417[0m | [1mINFO    [0m | [36menvs.hitter[0m:[36m_log_ball_planner_wait_state[0m:[36m694[0m - [1mWaiting for ball estimator: samples=0/31 visible=False ready=False pos=[-0.80009574  0.572271    1.3359871 ] vel=[-3.0023797  2.155706  -0.5305405][0m
[32m2026-06-29 18:13:36.919[0m | [1mINFO    [0m | [36menvs.hitter[0m:[36m_log_ball_planner_wait_state[0m:[36m694[0m - [1mWaiting for ball estimator: samples=0/31 visible=False ready=False pos=[-0.80009574  0.572271    1.3359871 ] vel=[-3.0023797  2.155706  -0.5305405][0m
[32m2026-06-29 18:13:37.420[0m | [1mINFO    [0m | [36menvs.hitter[0m:[36m_log_ball_planner_wait_state[0m:[36m694[0m - [1mWaiting for ball estimator: samples=0/31 visible=False ready=False pos=[-0.80009574  0.572271    1.3359871 ] vel=[-3.0023797  2.155706  -0.5305405][0m
[32m2026-06-29 18:13:37.925[0m | [1mINFO    [0m | [36menvs.hitter[0m:[36m_log_ball_planner_wait_state[0m:[36m694[0m - [1mWaiting for ball estimator: samples=0/31 visible=False ready=False pos=[-0.80009574  0.572271    1.3359871 ] vel=[-3.0023797  2.155706  -0.5305405][0m
[32m2026-06-29 18:13:38.444[0m | [1mINFO    [0m | [36menvs.hitter[0m:[36m_log_ball_planner_wait_state[0m:[36m694[0m - [1mWaiting for ball estimator: samples=0/31 visible=False ready=False pos=[-0.80009574  0.572271    1.3359871 ] vel=[-3.0023797  2.155706  -0.5305405][0m
[32m2026-06-29 18:13:38.946[0m | [1mINFO    [0m | [36menvs.hitter[0m:[36m_log_ball_planner_wait_state[0m:[36m694[0m - [1mWaiting for ball estimator: samples=0/31 visible=False ready=False pos=[-0.80009574  0.572271    1.3359871 ] vel=[-3.0023797  2.155706  -0.5305405][0m
[32m2026-06-29 18:13:39.448[0m | [1mINFO    [0m | [36menvs.hitter[0m:[36m_log_ball_planner_wait_state[0m:[36m694[0m - [1mWaiting for ball estimator: samples=0/31 visible=False ready=False pos=[-0.80009574  0.572271    1.3359871 ] vel=[-3.0023797  2.155706  -0.5305405][0m
[32m2026-06-29 18:13:39.950[0m | [1mINFO    [0m | [36menvs.hitter[0m:[36m_log_ball_planner_wait_state[0m:[36m694[0m - [1mWaiting for ball estimator: samples=0/31 visible=False ready=False pos=[-0.80009574  0.572271    1.3359871 ] vel=[-3.0023797  2.155706  -0.5305405][0m
[32m2026-06-29 18:13:40.452[0m | [1mINFO    [0m | [36menvs.hitter[0m:[36m_log_ball_planner_wait_state[0m:[36m694[0m - [1mWaiting for ball estimator: samples=0/31 visible=False ready=False pos=[-0.80009574  0.572271    1.3359871 ] vel=[-3.0023797  2.155706  -0.5305405][0m
[32m2026-06-29 18:13:40.954[0m | [1mINFO    [0m | [36menvs.hitter[0m:[36m_log_ball_planner_wait_state[0m:[36m694[0m - [1mWaiting for ball estimator: samples=0/31 visible=False ready=False pos=[-0.80009574  0.572271    1.3359871 ] vel=[-3.0023797  2.155706  -0.5305405][0m
[32m2026-06-29 18:13:41.455[0m | [1mINFO    [0m | [36menvs.hitter[0m:[36m_log_ball_planner_wait_state[0m:[36m694[0m - [1mWaiting for ball estimator: samples=0/31 visible=False ready=False pos=[-0.80009574  0.572271    1.3359871 ] vel=[-3.0023797  2.155706  -0.5305405][0m
[32m2026-06-29 18:13:41.873[0m | [33m[1mWARNING [0m | [36magents.loco_hitter_agent[0m:[36mrun[0m:[36m270[0m - [33m[1mStep timeout: -0.0198s[0m
[32m2026-06-29 18:13:41.957[0m | [1mINFO    [0m | [36menvs.hitter[0m:[36m_log_ball_planner_wait_state[0m:[36m694[0m - [1mWaiting for ball estimator: samples=0/31 visible=False ready=False pos=[-0.80009574  0.572271    1.3359871 ] vel=[-3.0023797  2.155706  -0.5305405][0m
[32m2026-06-29 18:13:42.459[0m | [1mINFO    [0m | [36menvs.hitter[0m:[36m_log_ball_planner_wait_state[0m:[36m694[0m - [1mWaiting for ball estimator: samples=0/31 visible=False ready=False pos=[-0.80009574  0.572271    1.3359871 ] vel=[-3.0023797  2.155706  -0.5305405][0m
[32m2026-06-29 18:13:42.960[0m | [1mINFO    [0m | [36menvs.hitter[0m:[36m_log_ball_planner_wait_state[0m:[36m694[0m - [1mWaiting for ball estimator: samples=0/31 visible=False ready=False pos=[-0.80009574  0.572271    1.3359871 ] vel=[-3.0023797  2.155706  -0.5305405][0m
[32m2026-06-29 18:13:43.463[0m | [1mINFO    [0m | [36menvs.hitter[0m:[36m_log_ball_planner_wait_state[0m:[36m694[0m - [1mWaiting for ball estimator: samples=0/31 visible=False ready=False pos=[-0.80009574  0.572271    1.3359871 ] vel=[-3.0023797  2.155706  -0.5305405][0m
[32m2026-06-29 18:13:43.964[0m | [1mINFO    [0m | [36menvs.hitter[0m:[36m_log_ball_planner_wait_state[0m:[36m694[0m - [1mWaiting for ball estimator: samples=0/31 visible=False ready=False pos=[-0.80009574  0.572271    1.3359871 ] vel=[-3.0023797  2.155706  -0.5305405][0m
[32m2026-06-29 18:13:44.469[0m | [1mINFO    [0m | [36menvs.hitter[0m:[36m_log_ball_planner_wait_state[0m:[36m694[0m - [1mWaiting for ball estimator: samples=0/31 visible=False ready=False pos=[-0.80009574  0.572271    1.3359871 ] vel=[-3.0023797  2.155706  -0.5305405][0m
[32m2026-06-29 18:13:44.989[0m | [1mINFO    [0m | [36menvs.hitter[0m:[36m_log_ball_planner_wait_state[0m:[36m694[0m - [1mWaiting for ball estimator: samples=0/31 visible=False ready=False pos=[-0.80009574  0.572271    1.3359871 ] vel=[-3.0023797  2.155706  -0.5305405][0m
[32m2026-06-29 18:13:45.491[0m | [1mINFO    [0m | [36menvs.hitter[0m:[36m_log_ball_planner_wait_state[0m:[36m694[0m - [1mWaiting for ball estimator: samples=0/31 visible=False ready=False pos=[-0.80009574  0.572271    1.3359871 ] vel=[-3.0023797  2.155706  -0.5305405][0m
[32m2026-06-29 18:13:45.993[0m | [1mINFO    [0m | [36menvs.hitter[0m:[36m_log_ball_planner_wait_state[0m:[36m694[0m - [1mWaiting for ball estimator: samples=0/31 visible=False ready=False pos=[-0.80009574  0.572271    1.3359871 ] vel=[-3.0023797  2.155706  -0.5305405][0m
[32m2026-06-29 18:13:46.494[0m | [1mINFO    [0m | [36menvs.hitter[0m:[36m_log_ball_planner_wait_state[0m:[36m694[0m - [1mWaiting for ball estimator: samples=0/31 visible=False ready=False pos=[-0.80009574  0.572271    1.3359871 ] vel=[-3.0023797  2.155706  -0.5305405][0m
[32m2026-06-29 18:13:46.997[0m | [1mINFO    [0m | [36menvs.hitter[0m:[36m_log_ball_planner_wait_state[0m:[36m694[0m - [1mWaiting for ball estimator: samples=0/31 visible=False ready=False pos=[-0.80009574  0.572271    1.3359871 ] vel=[-3.0023797  2.155706  -0.5305405][0m
[32m2026-06-29 18:13:47.235[0m | [33m[1mWARNING [0m | [36magents.loco_hitter_agent[0m:[36mrun[0m:[36m270[0m - [33m[1mStep timeout: -0.0010s[0m
[32m2026-06-29 18:13:47.499[0m | [1mINFO    [0m | [36menvs.hitter[0m:[36m_log_ball_planner_wait_state[0m:[36m694[0m - [1mWaiting for ball estimator: samples=0/31 visible=False ready=False pos=[-0.80009574  0.572271    1.3359871 ] vel=[-3.0023797  2.155706  -0.5305405][0m
[32m2026-06-29 18:13:48.002[0m | [1mINFO    [0m | [36menvs.hitter[0m:[36m_log_ball_planner_wait_state[0m:[36m694[0m - [1mWaiting for ball estimator: samples=0/31 visible=False ready=False pos=[-0.80009574  0.572271    1.3359871 ] vel=[-3.0023797  2.155706  -0.5305405][0m
[32m2026-06-29 18:13:48.503[0m | [1mINFO    [0m | [36menvs.hitter[0m:[36m_log_ball_planner_wait_state[0m:[36m694[0m - [1mWaiting for ball estimator: samples=0/31 visible=False ready=False pos=[-0.80009574  0.572271    1.3359871 ] vel=[-3.0023797  2.155706  -0.5305405][0m
[32m2026-06-29 18:13:49.005[0m | [1mINFO    [0m | [36menvs.hitter[0m:[36m_log_ball_planner_wait_state[0m:[36m694[0m - [1mWaiting for ball estimator: samples=0/31 visible=False ready=False pos=[-0.80009574  0.572271    1.3359871 ] vel=[-3.0023797  2.155706  -0.5305405][0m
[32m2026-06-29 18:13:49.165[0m | [33m[1mWARNING [0m | [36magents.loco_hitter_agent[0m:[36mrun[0m:[36m270[0m - [33m[1mStep timeout: -0.0027s[0m
[32m2026-06-29 18:13:49.510[0m | [1mINFO    [0m | [36menvs.hitter[0m:[36m_log_ball_planner_wait_state[0m:[36m694[0m - [1mWaiting for ball estimator: samples=0/31 visible=False ready=False pos=[-0.80009574  0.572271    1.3359871 ] vel=[-3.0023797  2.155706  -0.5305405][0m
[32m2026-06-29 18:13:50.012[0m | [1mINFO    [0m | [36menvs.hitter[0m:[36m_log_ball_planner_wait_state[0m:[36m694[0m - [1mWaiting for ball estimator: samples=0/31 visible=False ready=False pos=[-0.80009574  0.572271    1.3359871 ] vel=[-3.0023797  2.155706  -0.5305405][0m
[32m2026-06-29 18:13:50.514[0m | [1mINFO    [0m | [36menvs.hitter[0m:[36m_log_ball_planner_wait_state[0m:[36m694[0m - [1mWaiting for ball estimator: samples=0/31 visible=False ready=False pos=[-0.80009574  0.572271    1.3359871 ] vel=[-3.0023797  2.155706  -0.5305405][0m
[32m2026-06-29 18:13:51.016[0m | [1mINFO    [0m | [36menvs.hitter[0m:[36m_log_ball_planner_wait_state[0m:[36m694[0m - [1mWaiting for ball estimator: samples=0/31 visible=False ready=False pos=[-0.80009574  0.572271    1.3359871 ] vel=[-3.0023797  2.155706  -0.5305405][0m
[32m2026-06-29 18:13:51.518[0m | [1mINFO    [0m | [36menvs.hitter[0m:[36m_log_ball_planner_wait_state[0m:[36m694[0m - [1mWaiting for ball estimator: samples=0/31 visible=False ready=False pos=[-0.80009574  0.572271    1.3359871 ] vel=[-3.0023797  2.155706  -0.5305405][0m
[32m2026-06-29 18:13:52.019[0m | [1mINFO    [0m | [36menvs.hitter[0m:[36m_log_ball_planner_wait_state[0m:[36m694[0m - [1mWaiting for ball estimator: samples=0/31 visible=False ready=False pos=[-0.80009574  0.572271    1.3359871 ] vel=[-3.0023797  2.155706  -0.5305405][0m
[32m2026-06-29 18:13:52.523[0m | [1mINFO    [0m | [36menvs.hitter[0m:[36m_log_ball_planner_wait_state[0m:[36m694[0m - [1mWaiting for ball estimator: samples=0/31 visible=False ready=False pos=[-0.80009574  0.572271    1.3359871 ] vel=[-3.0023797  2.155706  -0.5305405][0m
[32m2026-06-29 18:13:53.043[0m | [1mINFO    [0m | [36menvs.hitter[0m:[36m_log_ball_planner_wait_state[0m:[36m694[0m - [1mWaiting for ball estimator: samples=0/31 visible=False ready=False pos=[-0.80009574  0.572271    1.3359871 ] vel=[-3.0023797  2.155706  -0.5305405][0m
[32m2026-06-29 18:13:53.545[0m | [1mINFO    [0m | [36menvs.hitter[0m:[36m_log_ball_planner_wait_state[0m:[36m694[0m - [1mWaiting for ball estimator: samples=0/31 visible=False ready=False pos=[-0.80009574  0.572271    1.3359871 ] vel=[-3.0023797  2.155706  -0.5305405][0m
[32m2026-06-29 18:13:54.047[0m | [1mINFO    [0m | [36menvs.hitter[0m:[36m_log_ball_planner_wait_state[0m:[36m694[0m - [1mWaiting for ball estimator: samples=0/31 visible=False ready=False pos=[-0.80009574  0.572271    1.3359871 ] vel=[-3.0023797  2.155706  -0.5305405][0m
[32m2026-06-29 18:13:54.550[0m | [1mINFO    [0m | [36menvs.hitter[0m:[36m_log_ball_planner_wait_state[0m:[36m694[0m - [1mWaiting for ball estimator: samples=0/31 visible=False ready=False pos=[-0.80009574  0.572271    1.3359871 ] vel=[-3.0023797  2.155706  -0.5305405][0m
[32m2026-06-29 18:13:55.085[0m | [1mINFO    [0m | [36menvs.hitter[0m:[36m_log_ball_planner_wait_state[0m:[36m694[0m - [1mWaiting for ball estimator: samples=0/31 visible=False ready=False pos=[-0.80009574  0.572271    1.3359871 ] vel=[-3.0023797  2.155706  -0.5305405][0m
[32m2026-06-29 18:13:55.090[0m | [33m[1mWARNING [0m | [36magents.loco_hitter_agent[0m:[36mrun[0m:[36m270[0m - [33m[1mStep timeout: -0.0218s[0m
[32m2026-06-29 18:13:55.595[0m | [1mINFO    [0m | [36menvs.hitter[0m:[36m_log_ball_planner_wait_state[0m:[36m694[0m - [1mWaiting for ball estimator: samples=0/31 visible=False ready=False pos=[-0.80009574  0.572271    1.3359871 ] vel=[-3.0023797  2.155706  -0.5305405][0m
[32m2026-06-29 18:13:56.097[0m | [1mINFO    [0m | [36menvs.hitter[0m:[36m_log_ball_planner_wait_state[0m:[36m694[0m - [1mWaiting for ball estimator: samples=0/31 visible=False ready=False pos=[-0.80009574  0.572271    1.3359871 ] vel=[-3.0023797  2.155706  -0.5305405][0m
[32m2026-06-29 18:13:56.599[0m | [1mINFO    [0m | [36menvs.hitter[0m:[36m_log_ball_planner_wait_state[0m:[36m694[0m - [1mWaiting for ball estimator: samples=0/31 visible=False ready=False pos=[-0.80009574  0.572271    1.3359871 ] vel=[-3.0023797  2.155706  -0.5305405][0m
[32m2026-06-29 18:13:57.101[0m | [1mINFO    [0m | [36menvs.hitter[0m:[36m_log_ball_planner_wait_state[0m:[36m694[0m - [1mWaiting for ball estimator: samples=0/31 visible=False ready=False pos=[-0.80009574  0.572271    1.3359871 ] vel=[-3.0023797  2.155706  -0.5305405][0m
[32m2026-06-29 18:13:57.283[0m | [33m[1mWARNING [0m | [36magents.loco_hitter_agent[0m:[36mrun[0m:[36m270[0m - [33m[1mStep timeout: -0.0052s[0m
[32m2026-06-29 18:13:57.306[0m | [33m[1mWARNING [0m | [36magents.loco_hitter_agent[0m:[36mrun[0m:[36m270[0m - [33m[1mStep timeout: -0.0023s[0m
[32m2026-06-29 18:13:57.611[0m | [1mINFO    [0m | [36menvs.hitter[0m:[36m_log_ball_planner_wait_state[0m:[36m694[0m - [1mWaiting for ball estimator: samples=0/31 visible=False ready=False pos=[-0.80009574  0.572271    1.3359871 ] vel=[-3.0023797  2.155706  -0.5305405][0m
[32m2026-06-29 18:13:58.113[0m | [1mINFO    [0m | [36menvs.hitter[0m:[36m_log_ball_planner_wait_state[0m:[36m694[0m - [1mWaiting for ball estimator: samples=0/31 visible=False ready=False pos=[-0.80009574  0.572271    1.3359871 ] vel=[-3.0023797  2.155706  -0.5305405][0m
[32m2026-06-29 18:13:58.615[0m | [1mINFO    [0m | [36menvs.hitter[0m:[36m_log_ball_planner_wait_state[0m:[36m694[0m - [1mWaiting for ball estimator: samples=0/31 visible=False ready=False pos=[-0.80009574  0.572271    1.3359871 ] vel=[-3.0023797  2.155706  -0.5305405][0m
[32m2026-06-29 18:13:59.117[0m | [1mINFO    [0m | [36menvs.hitter[0m:[36m_log_ball_planner_wait_state[0m:[36m694[0m - [1mWaiting for ball estimator: samples=0/31 visible=False ready=False pos=[-0.80009574  0.572271    1.3359871 ] vel=[-3.0023797  2.155706  -0.5305405][0m
[32m2026-06-29 18:13:59.621[0m | [1mINFO    [0m | [36menvs.hitter[0m:[36m_log_ball_planner_wait_state[0m:[36m694[0m - [1mWaiting for ball estimator: samples=0/31 visible=False ready=False pos=[-0.80009574  0.572271    1.3359871 ] vel=[-3.0023797  2.155706  -0.5305405][0m
[32m2026-06-29 18:14:00.141[0m | [1mINFO    [0m | [36menvs.hitter[0m:[36m_log_ball_planner_wait_state[0m:[36m694[0m - [1mWaiting for ball estimator: samples=0/31 visible=False ready=False pos=[-0.80009574  0.572271    1.3359871 ] vel=[-3.0023797  2.155706  -0.5305405][0m
[32m2026-06-29 18:14:00.643[0m | [1mINFO    [0m | [36menvs.hitter[0m:[36m_log_ball_planner_wait_state[0m:[36m694[0m - [1mWaiting for ball estimator: samples=0/31 visible=False ready=False pos=[-0.80009574  0.572271    1.3359871 ] vel=[-3.0023797  2.155706  -0.5305405][0m
[32m2026-06-29 18:14:01.144[0m | [1mINFO    [0m | [36menvs.hitter[0m:[36m_log_ball_planner_wait_state[0m:[36m694[0m - [1mWaiting for ball estimator: samples=0/31 visible=False ready=False pos=[-0.80009574  0.572271    1.3359871 ] vel=[-3.0023797  2.155706  -0.5305405][0m
[32m2026-06-29 18:14:01.646[0m | [1mINFO    [0m | [36menvs.hitter[0m:[36m_log_ball_planner_wait_state[0m:[36m694[0m - [1mWaiting for ball estimator: samples=0/31 visible=False ready=False pos=[-0.80009574  0.572271    1.3359871 ] vel=[-3.0023797  2.155706  -0.5305405][0m
[32m2026-06-29 18:14:02.148[0m | [1mINFO    [0m | [36menvs.hitter[0m:[36m_log_ball_planner_wait_state[0m:[36m694[0m - [1mWaiting for ball estimator: samples=0/31 visible=False ready=False pos=[-0.80009574  0.572271    1.3359871 ] vel=[-3.0023797  2.155706  -0.5305405][0m
[32m2026-06-29 18:14:02.653[0m | [1mINFO    [0m | [36menvs.hitter[0m:[36m_log_ball_planner_wait_state[0m:[36m694[0m - [1mWaiting for ball estimator: samples=0/31 visible=False ready=False pos=[-0.80009574  0.572271    1.3359871 ] vel=[-3.0023797  2.155706  -0.5305405][0m
[32m2026-06-29 18:14:03.172[0m | [1mINFO    [0m | [36menvs.hitter[0m:[36m_log_ball_planner_wait_state[0m:[36m694[0m - [1mWaiting for ball estimator: samples=0/31 visible=False ready=False pos=[-0.80009574  0.572271    1.3359871 ] vel=[-3.0023797  2.155706  -0.5305405][0m
[32m2026-06-29 18:14:03.673[0m | [1mINFO    [0m | [36menvs.hitter[0m:[36m_log_ball_planner_wait_state[0m:[36m694[0m - [1mWaiting for ball estimator: samples=0/31 visible=False ready=False pos=[-0.80009574  0.572271    1.3359871 ] vel=[-3.0023797  2.155706  -0.5305405][0m
[32m2026-06-29 18:14:04.176[0m | [1mINFO    [0m | [36menvs.hitter[0m:[36m_log_ball_planner_wait_state[0m:[36m694[0m - [1mWaiting for ball estimator: samples=0/31 visible=False ready=False pos=[-0.80009574  0.572271    1.3359871 ] vel=[-3.0023797  2.155706  -0.5305405][0m
[32m2026-06-29 18:14:04.677[0m | [1mINFO    [0m | [36menvs.hitter[0m:[36m_log_ball_planner_wait_state[0m:[36m694[0m - [1mWaiting for ball estimator: samples=0/31 visible=False ready=False pos=[-0.80009574  0.572271    1.3359871 ] vel=[-3.0023797  2.155706  -0.5305405][0m
[32m2026-06-29 18:14:05.179[0m | [1mINFO    [0m | [36menvs.hitter[0m:[36m_log_ball_planner_wait_state[0m:[36m694[0m - [1mWaiting for ball estimator: samples=0/31 visible=False ready=False pos=[-0.80009574  0.572271    1.3359871 ] vel=[-3.0023797  2.155706  -0.5305405][0m
[32m2026-06-29 18:14:05.681[0m | [1mINFO    [0m | [36menvs.hitter[0m:[36m_log_ball_planner_wait_state[0m:[36m694[0m - [1mWaiting for ball estimator: samples=0/31 visible=False ready=False pos=[-0.80009574  0.572271    1.3359871 ] vel=[-3.0023797  2.155706  -0.5305405][0m
[32m2026-06-29 18:14:06.183[0m | [1mINFO    [0m | [36menvs.hitter[0m:[36m_log_ball_planner_wait_state[0m:[36m694[0m - [1mWaiting for ball estimator: samples=0/31 visible=False ready=False pos=[-0.80009574  0.572271    1.3359871 ] vel=[-3.0023797  2.155706  -0.5305405][0m
[32m2026-06-29 18:14:06.684[0m | [1mINFO    [0m | [36menvs.hitter[0m:[36m_log_ball_planner_wait_state[0m:[36m694[0m - [1mWaiting for ball estimator: samples=0/31 visible=False ready=False pos=[-0.80009574  0.572271    1.3359871 ] vel=[-3.0023797  2.155706  -0.5305405][0m
[32m2026-06-29 18:14:07.187[0m | [1mINFO    [0m | [36menvs.hitter[0m:[36m_log_ball_planner_wait_state[0m:[36m694[0m - [1mWaiting for ball estimator: samples=0/31 visible=False ready=False pos=[ 2.722461  -0.1116962  1.0708818] vel=[-0.11379014  0.23201934  0.40891057][0m
[32m2026-06-29 18:14:07.689[0m | [1mINFO    [0m | [36menvs.hitter[0m:[36m_log_ball_planner_wait_state[0m:[36m694[0m - [1mWaiting for ball estimator: samples=7/31 visible=True ready=False pos=[2.7085564  0.02402887 1.2193696 ] vel=[-0.08009075  0.277353    0.21165508][0m
[32m2026-06-29 18:14:08.147[0m | [33m[1mWARNING [0m | [36magents.loco_hitter_agent[0m:[36mrun[0m:[36m270[0m - [33m[1mStep timeout: -0.0203s[0m
[32m2026-06-29 18:14:08.194[0m | [1mINFO    [0m | [36menvs.hitter[0m:[36m_log_ball_planner_wait_state[0m:[36m694[0m - [1mWaiting for ball estimator: samples=0/31 visible=False ready=False pos=[2.7060091  0.03685033 1.2290637 ] vel=[0. 0. 0.][0m
[32m2026-06-29 18:14:08.448[0m | [33m[1mWARNING [0m | [36magents.loco_hitter_agent[0m:[36mrun[0m:[36m270[0m - [33m[1mStep timeout: -0.0003s[0m
[32m2026-06-29 18:14:08.713[0m | [1mINFO    [0m | [36menvs.hitter[0m:[36m_log_ball_planner_wait_state[0m:[36m694[0m - [1mWaiting for ball estimator: samples=0/31 visible=False ready=False pos=[2.7060091  0.03685033 1.2290637 ] vel=[0. 0. 0.][0m
[32m2026-06-29 18:14:09.215[0m | [1mINFO    [0m | [36menvs.hitter[0m:[36m_log_ball_planner_wait_state[0m:[36m694[0m - [1mWaiting for ball estimator: samples=0/31 visible=False ready=False pos=[2.7060091  0.03685033 1.2290637 ] vel=[0. 0. 0.][0m
[32m2026-06-29 18:14:09.717[0m | [1mINFO    [0m | [36menvs.hitter[0m:[36m_log_ball_planner_wait_state[0m:[36m694[0m - [1mWaiting for ball estimator: samples=11/31 visible=True ready=False pos=[1.3332373  0.01922261 0.930431  ] vel=[-3.3237443  -0.13671614 -2.617908  ][0m
[32m2026-06-29 18:14:10.220[0m | [1mINFO    [0m | [36menvs.hitter[0m:[36m_log_ball_planner_wait_state[0m:[36m694[0m - [1mWaiting for ball estimator: samples=13/31 visible=True ready=False pos=[-0.10792696 -0.04923557  0.75386083] vel=[-2.227857   -0.14361611 -2.5219507 ][0m
[32m2026-06-29 18:14:10.740[0m | [1mINFO    [0m | [36menvs.hitter[0m:[36m_log_ball_planner_wait_state[0m:[36m694[0m - [1mWaiting for ball estimator: samples=0/31 visible=False ready=False pos=[-0.10792696 -0.04923557  0.75386083] vel=[-2.227857   -0.14361611 -2.5219507 ][0m
[32m2026-06-29 18:14:11.242[0m | [1mINFO    [0m | [36menvs.hitter[0m:[36m_log_ball_planner_wait_state[0m:[36m694[0m - [1mWaiting for ball estimator: samples=0/31 visible=False ready=False pos=[-0.10792696 -0.04923557  0.75386083] vel=[-2.227857   -0.14361611 -2.5219507 ][0m
[32m2026-06-29 18:14:11.744[0m | [1mINFO    [0m | [36menvs.hitter[0m:[36m_log_ball_planner_wait_state[0m:[36m694[0m - [1mWaiting for ball estimator: samples=0/31 visible=False ready=False pos=[-0.10792696 -0.04923557  0.75386083] vel=[-2.227857   -0.14361611 -2.5219507 ][0m
[32m2026-06-29 18:14:12.245[0m | [1mINFO    [0m | [36menvs.hitter[0m:[36m_log_ball_planner_wait_state[0m:[36m694[0m - [1mWaiting for ball estimator: samples=0/31 visible=False ready=False pos=[-0.10792696 -0.04923557  0.75386083] vel=[-2.227857   -0.14361611 -2.5219507 ][0m
[32m2026-06-29 18:14:12.747[0m | [1mINFO    [0m | [36menvs.hitter[0m:[36m_log_ball_planner_wait_state[0m:[36m694[0m - [1mWaiting for ball estimator: samples=0/31 visible=False ready=False pos=[-0.10792696 -0.04923557  0.75386083] vel=[-2.227857   -0.14361611 -2.5219507 ][0m
[32m2026-06-29 18:14:13.249[0m | [1mINFO    [0m | [36menvs.hitter[0m:[36m_log_ball_planner_wait_state[0m:[36m694[0m - [1mWaiting for ball estimator: samples=0/31 visible=False ready=False pos=[-0.10792696 -0.04923557  0.75386083] vel=[-2.227857   -0.14361611 -2.5219507 ][0m
[32m2026-06-29 18:14:13.751[0m | [1mINFO    [0m | [36menvs.hitter[0m:[36m_log_ball_planner_wait_state[0m:[36m694[0m - [1mWaiting for ball estimator: samples=0/31 visible=False ready=False pos=[-0.10792696 -0.04923557  0.75386083] vel=[-2.227857   -0.14361611 -2.5219507 ][0m
[32m2026-06-29 18:14:14.253[0m | [1mINFO    [0m | [36menvs.hitter[0m:[36m_log_ball_planner_wait_state[0m:[36m694[0m - [1mWaiting for ball estimator: samples=0/31 visible=False ready=False pos=[-0.10792696 -0.04923557  0.75386083] vel=[-2.227857   -0.14361611 -2.5219507 ][0m
[32m2026-06-29 18:14:14.755[0m | [1mINFO    [0m | [36menvs.hitter[0m:[36m_log_ball_planner_wait_state[0m:[36m694[0m - [1mWaiting for ball estimator: samples=0/31 visible=False ready=False pos=[-0.10792696 -0.04923557  0.75386083] vel=[-2.227857   -0.14361611 -2.5219507 ][0m
[32m2026-06-29 18:14:15.259[0m | [1mINFO    [0m | [36menvs.hitter[0m:[36m_log_ball_planner_wait_state[0m:[36m694[0m - [1mWaiting for ball estimator: samples=0/31 visible=False ready=False pos=[-0.10792696 -0.04923557  0.75386083] vel=[-2.227857   -0.14361611 -2.5219507 ][0m
[32m2026-06-29 18:14:15.779[0m | [1mINFO    [0m | [36menvs.hitter[0m:[36m_log_ball_planner_wait_state[0m:[36m694[0m - [1mWaiting for ball estimator: samples=0/31 visible=False ready=False pos=[-0.10792696 -0.04923557  0.75386083] vel=[-2.227857   -0.14361611 -2.5219507 ][0m
[32m2026-06-29 18:14:16.283[0m | [1mINFO    [0m | [36menvs.hitter[0m:[36m_log_ball_planner_wait_state[0m:[36m694[0m - [1mWaiting for ball estimator: samples=0/31 visible=False ready=False pos=[-0.10792696 -0.04923557  0.75386083] vel=[-2.227857   -0.14361611 -2.5219507 ][0m
[32m2026-06-29 18:14:16.803[0m | [1mINFO    [0m | [36menvs.hitter[0m:[36m_log_ball_planner_wait_state[0m:[36m694[0m - [1mWaiting for ball estimator: samples=0/31 visible=False ready=False pos=[-0.10792696 -0.04923557  0.75386083] vel=[-2.227857   -0.14361611 -2.5219507 ][0m
[32m2026-06-29 18:14:17.305[0m | [1mINFO    [0m | [36menvs.hitter[0m:[36m_log_ball_planner_wait_state[0m:[36m694[0m - [1mWaiting for ball estimator: samples=0/31 visible=False ready=False pos=[-0.10792696 -0.04923557  0.75386083] vel=[-2.227857   -0.14361611 -2.5219507 ][0m
[32m2026-06-29 18:14:17.630[0m | [33m[1mWARNING [0m | [36magents.loco_hitter_agent[0m:[36mrun[0m:[36m270[0m - [33m[1mStep timeout: -0.0071s[0m
[32m2026-06-29 18:14:17.814[0m | [1mINFO    [0m | [36menvs.hitter[0m:[36m_log_ball_planner_wait_state[0m:[36m694[0m - [1mWaiting for ball estimator: samples=0/31 visible=False ready=False pos=[-0.10792696 -0.04923557  0.75386083] vel=[-2.227857   -0.14361611 -2.5219507 ][0m
[32m2026-06-29 18:14:18.316[0m | [1mINFO    [0m | [36menvs.hitter[0m:[36m_log_ball_planner_wait_state[0m:[36m694[0m - [1mWaiting for ball estimator: samples=0/31 visible=False ready=False pos=[-0.10792696 -0.04923557  0.75386083] vel=[-2.227857   -0.14361611 -2.5219507 ][0m
[32m2026-06-29 18:14:18.817[0m | [1mINFO    [0m | [36menvs.hitter[0m:[36m_log_ball_planner_wait_state[0m:[36m694[0m - [1mWaiting for ball estimator: samples=0/31 visible=False ready=False pos=[-0.10792696 -0.04923557  0.75386083] vel=[-2.227857   -0.14361611 -2.5219507 ][0m
[32m2026-06-29 18:14:19.319[0m | [1mINFO    [0m | [36menvs.hitter[0m:[36m_log_ball_planner_wait_state[0m:[36m694[0m - [1mWaiting for ball estimator: samples=0/31 visible=False ready=False pos=[-0.10792696 -0.04923557  0.75386083] vel=[-2.227857   -0.14361611 -2.5219507 ][0m
[32m2026-06-29 18:14:19.821[0m | [1mINFO    [0m | [36menvs.hitter[0m:[36m_log_ball_planner_wait_state[0m:[36m694[0m - [1mWaiting for ball estimator: samples=0/31 visible=False ready=False pos=[-0.10792696 -0.04923557  0.75386083] vel=[-2.227857   -0.14361611 -2.5219507 ][0m
[32m2026-06-29 18:14:20.322[0m | [1mINFO    [0m | [36menvs.hitter[0m:[36m_log_ball_planner_wait_state[0m:[36m694[0m - [1mWaiting for ball estimator: samples=0/31 visible=False ready=False pos=[-0.10792696 -0.04923557  0.75386083] vel=[-2.227857   -0.14361611 -2.5219507 ][0m
[32m2026-06-29 18:14:20.824[0m | [1mINFO    [0m | [36menvs.hitter[0m:[36m_log_ball_planner_wait_state[0m:[36m694[0m - [1mWaiting for ball estimator: samples=0/31 visible=False ready=False pos=[-0.10792696 -0.04923557  0.75386083] vel=[-2.227857   -0.14361611 -2.5219507 ][0m
[32m2026-06-29 18:14:21.282[0m | [33m[1mWARNING [0m | [36magents.loco_hitter_agent[0m:[36mrun[0m:[36m270[0m - [33m[1mStep timeout: -0.0197s[0m
[32m2026-06-29 18:14:21.326[0m | [1mINFO    [0m | [36menvs.hitter[0m:[36m_log_ball_planner_wait_state[0m:[36m694[0m - [1mWaiting for ball estimator: samples=0/31 visible=False ready=False pos=[-0.10792696 -0.04923557  0.75386083] vel=[-2.227857   -0.14361611 -2.5219507 ][0m
[32m2026-06-29 18:14:21.828[0m | [1mINFO    [0m | [36menvs.hitter[0m:[36m_log_ball_planner_wait_state[0m:[36m694[0m - [1mWaiting for ball estimator: samples=0/31 visible=False ready=False pos=[-0.10792696 -0.04923557  0.75386083] vel=[-2.227857   -0.14361611 -2.5219507 ][0m
[32m2026-06-29 18:14:22.329[0m | [1mINFO    [0m | [36menvs.hitter[0m:[36m_log_ball_planner_wait_state[0m:[36m694[0m - [1mWaiting for ball estimator: samples=0/31 visible=False ready=False pos=[-0.10792696 -0.04923557  0.75386083] vel=[-2.227857   -0.14361611 -2.5219507 ][0m
[32m2026-06-29 18:14:22.831[0m | [1mINFO    [0m | [36menvs.hitter[0m:[36m_log_ball_planner_wait_state[0m:[36m694[0m - [1mWaiting for ball estimator: samples=0/31 visible=False ready=False pos=[-0.10792696 -0.04923557  0.75386083] vel=[-2.227857   -0.14361611 -2.5219507 ][0m
[32m2026-06-29 18:14:23.333[0m | [1mINFO    [0m | [36menvs.hitter[0m:[36m_log_ball_planner_wait_state[0m:[36m694[0m - [1mWaiting for ball estimator: samples=0/31 visible=False ready=False pos=[-0.10792696 -0.04923557  0.75386083] vel=[-2.227857   -0.14361611 -2.5219507 ][0m
[32m2026-06-29 18:14:23.835[0m | [1mINFO    [0m | [36menvs.hitter[0m:[36m_log_ball_planner_wait_state[0m:[36m694[0m - [1mWaiting for ball estimator: samples=0/31 visible=False ready=False pos=[-0.10792696 -0.04923557  0.75386083] vel=[-2.227857   -0.14361611 -2.5219507 ][0m
[32m2026-06-29 18:14:24.337[0m | [1mINFO    [0m | [36menvs.hitter[0m:[36m_log_ball_planner_wait_state[0m:[36m694[0m - [1mWaiting for ball estimator: samples=0/31 visible=False ready=False pos=[-0.10792696 -0.04923557  0.75386083] vel=[-2.227857   -0.14361611 -2.5219507 ][0m
[32m2026-06-29 18:14:24.839[0m | [1mINFO    [0m | [36menvs.hitter[0m:[36m_log_ball_planner_wait_state[0m:[36m694[0m - [1mWaiting for ball estimator: samples=0/31 visible=False ready=False pos=[-0.10792696 -0.04923557  0.75386083] vel=[-2.227857   -0.14361611 -2.5219507 ][0m
[32m2026-06-29 18:14:25.345[0m | [1mINFO    [0m | [36menvs.hitter[0m:[36m_log_ball_planner_wait_state[0m:[36m694[0m - [1mWaiting for ball estimator: samples=0/31 visible=False ready=False pos=[-0.10792696 -0.04923557  0.75386083] vel=[-2.227857   -0.14361611 -2.5219507 ][0m
[32m2026-06-29 18:14:25.862[0m | [1mINFO    [0m | [36menvs.hitter[0m:[36m_log_ball_planner_wait_state[0m:[36m694[0m - [1mWaiting for ball estimator: samples=0/31 visible=False ready=False pos=[-0.10792696 -0.04923557  0.75386083] vel=[-2.227857   -0.14361611 -2.5219507 ][0m
[32m2026-06-29 18:14:26.367[0m | [1mINFO    [0m | [36menvs.hitter[0m:[36m_log_ball_planner_wait_state[0m:[36m694[0m - [1mWaiting for ball estimator: samples=0/31 visible=False ready=False pos=[-0.10792696 -0.04923557  0.75386083] vel=[-2.227857   -0.14361611 -2.5219507 ][0m
[32m2026-06-29 18:14:26.887[0m | [1mINFO    [0m | [36menvs.hitter[0m:[36m_log_ball_planner_wait_state[0m:[36m694[0m - [1mWaiting for ball estimator: samples=0/31 visible=False ready=False pos=[-0.10792696 -0.04923557  0.75386083] vel=[-2.227857   -0.14361611 -2.5219507 ][0m
[32m2026-06-29 18:14:27.391[0m | [1mINFO    [0m | [36menvs.hitter[0m:[36m_log_ball_planner_wait_state[0m:[36m694[0m - [1mWaiting for ball estimator: samples=0/31 visible=False ready=False pos=[-0.10792696 -0.04923557  0.75386083] vel=[-2.227857   -0.14361611 -2.5219507 ][0m
[32m2026-06-29 18:14:27.911[0m | [1mINFO    [0m | [36menvs.hitter[0m:[36m_log_ball_planner_wait_state[0m:[36m694[0m - [1mWaiting for ball estimator: samples=0/31 visible=False ready=False pos=[-0.10792696 -0.04923557  0.75386083] vel=[-2.227857   -0.14361611 -2.5219507 ][0m
[32m2026-06-29 18:14:28.413[0m | [1mINFO    [0m | [36menvs.hitter[0m:[36m_log_ball_planner_wait_state[0m:[36m694[0m - [1mWaiting for ball estimator: samples=0/31 visible=False ready=False pos=[-0.10792696 -0.04923557  0.75386083] vel=[-2.227857   -0.14361611 -2.5219507 ][0m
[32m2026-06-29 18:14:28.915[0m | [1mINFO    [0m | [36menvs.hitter[0m:[36m_log_ball_planner_wait_state[0m:[36m694[0m - [1mWaiting for ball estimator: samples=0/31 visible=False ready=False pos=[-0.10792696 -0.04923557  0.75386083] vel=[-2.227857   -0.14361611 -2.5219507 ][0m
[32m2026-06-29 18:14:29.417[0m | [1mINFO    [0m | [36menvs.hitter[0m:[36m_log_ball_planner_wait_state[0m:[36m694[0m - [1mWaiting for ball estimator: samples=0/31 visible=False ready=False pos=[-0.10792696 -0.04923557  0.75386083] vel=[-2.227857   -0.14361611 -2.5219507 ][0m
[32m2026-06-29 18:14:29.920[0m | [1mINFO    [0m | [36menvs.hitter[0m:[36m_log_ball_planner_wait_state[0m:[36m694[0m - [1mWaiting for ball estimator: samples=0/31 visible=False ready=False pos=[-0.10792696 -0.04923557  0.75386083] vel=[-2.227857   -0.14361611 -2.5219507 ][0m
[32m2026-06-29 18:14:30.421[0m | [1mINFO    [0m | [36menvs.hitter[0m:[36m_log_ball_planner_wait_state[0m:[36m694[0m - [1mWaiting for ball estimator: samples=0/31 visible=False ready=False pos=[-0.10792696 -0.04923557  0.75386083] vel=[-2.227857   -0.14361611 -2.5219507 ][0m
[32m2026-06-29 18:14:30.923[0m | [1mINFO    [0m | [36menvs.hitter[0m:[36m_log_ball_planner_wait_state[0m:[36m694[0m - [1mWaiting for ball estimator: samples=0/31 visible=False ready=False pos=[-0.10792696 -0.04923557  0.75386083] vel=[-2.227857   -0.14361611 -2.5219507 ][0m
[32m2026-06-29 18:14:31.428[0m | [1mINFO    [0m | [36menvs.hitter[0m:[36m_log_ball_planner_wait_state[0m:[36m694[0m - [1mWaiting for ball estimator: samples=0/31 visible=False ready=False pos=[-0.10792696 -0.04923557  0.75386083] vel=[-2.227857   -0.14361611 -2.5219507 ][0m
[32m2026-06-29 18:14:31.948[0m | [1mINFO    [0m | [36menvs.hitter[0m:[36m_log_ball_planner_wait_state[0m:[36m694[0m - [1mWaiting for ball estimator: samples=0/31 visible=False ready=False pos=[-0.10792696 -0.04923557  0.75386083] vel=[-2.227857   -0.14361611 -2.5219507 ][0m
[32m2026-06-29 18:14:32.450[0m | [1mINFO    [0m | [36menvs.hitter[0m:[36m_log_ball_planner_wait_state[0m:[36m694[0m - [1mWaiting for ball estimator: samples=0/31 visible=False ready=False pos=[-0.10792696 -0.04923557  0.75386083] vel=[-2.227857   -0.14361611 -2.5219507 ][0m
[32m2026-06-29 18:14:32.952[0m | [1mINFO    [0m | [36menvs.hitter[0m:[36m_log_ball_planner_wait_state[0m:[36m694[0m - [1mWaiting for ball estimator: samples=0/31 visible=False ready=False pos=[-0.10792696 -0.04923557  0.75386083] vel=[-2.227857   -0.14361611 -2.5219507 ][0m
[32m2026-06-29 18:14:33.456[0m | [1mINFO    [0m | [36menvs.hitter[0m:[36m_log_ball_planner_wait_state[0m:[36m694[0m - [1mWaiting for ball estimator: samples=0/31 visible=False ready=False pos=[-0.10792696 -0.04923557  0.75386083] vel=[-2.227857   -0.14361611 -2.5219507 ][0m
[32m2026-06-29 18:14:33.976[0m | [1mINFO    [0m | [36menvs.hitter[0m:[36m_log_ball_planner_wait_state[0m:[36m694[0m - [1mWaiting for ball estimator: samples=0/31 visible=False ready=False pos=[-0.10792696 -0.04923557  0.75386083] vel=[-2.227857   -0.14361611 -2.5219507 ][0m
[32m2026-06-29 18:14:34.254[0m | [33m[1mWARNING [0m | [36magents.loco_hitter_agent[0m:[36mrun[0m:[36m270[0m - [33m[1mStep timeout: -0.0206s[0m
[32m2026-06-29 18:14:34.478[0m | [1mINFO    [0m | [36menvs.hitter[0m:[36m_log_ball_planner_wait_state[0m:[36m694[0m - [1mWaiting for ball estimator: samples=0/31 visible=False ready=False pos=[-0.10792696 -0.04923557  0.75386083] vel=[-2.227857   -0.14361611 -2.5219507 ][0m
[32m2026-06-29 18:14:34.983[0m | [1mINFO    [0m | [36menvs.hitter[0m:[36m_log_ball_planner_wait_state[0m:[36m694[0m - [1mWaiting for ball estimator: samples=0/31 visible=False ready=False pos=[-0.10792696 -0.04923557  0.75386083] vel=[-2.227857   -0.14361611 -2.5219507 ][0m
[32m2026-06-29 18:14:35.502[0m | [1mINFO    [0m | [36menvs.hitter[0m:[36m_log_ball_planner_wait_state[0m:[36m694[0m - [1mWaiting for ball estimator: samples=0/31 visible=False ready=False pos=[-0.10792696 -0.04923557  0.75386083] vel=[-2.227857   -0.14361611 -2.5219507 ][0m
[32m2026-06-29 18:14:36.005[0m | [1mINFO    [0m | [36menvs.hitter[0m:[36m_log_ball_planner_wait_state[0m:[36m694[0m - [1mWaiting for ball estimator: samples=0/31 visible=False ready=False pos=[-0.10792696 -0.04923557  0.75386083] vel=[-2.227857   -0.14361611 -2.5219507 ][0m
[32m2026-06-29 18:14:36.507[0m | [1mINFO    [0m | [36menvs.hitter[0m:[36m_log_ball_planner_wait_state[0m:[36m694[0m - [1mWaiting for ball estimator: samples=0/31 visible=False ready=False pos=[-0.10792696 -0.04923557  0.75386083] vel=[-2.227857   -0.14361611 -2.5219507 ][0m
[32m2026-06-29 18:14:37.010[0m | [1mINFO    [0m | [36menvs.hitter[0m:[36m_log_ball_planner_wait_state[0m:[36m694[0m - [1mWaiting for ball estimator: samples=0/31 visible=False ready=False pos=[-0.10792696 -0.04923557  0.75386083] vel=[-2.227857   -0.14361611 -2.5219507 ][0m
[32m2026-06-29 18:14:37.511[0m | [1mINFO    [0m | [36menvs.hitter[0m:[36m_log_ball_planner_wait_state[0m:[36m694[0m - [1mWaiting for ball estimator: samples=0/31 visible=False ready=False pos=[-0.10792696 -0.04923557  0.75386083] vel=[-2.227857   -0.14361611 -2.5219507 ][0m
[32m2026-06-29 18:14:38.014[0m | [1mINFO    [0m | [36menvs.hitter[0m:[36m_log_ball_planner_wait_state[0m:[36m694[0m - [1mWaiting for ball estimator: samples=0/31 visible=False ready=False pos=[-0.10792696 -0.04923557  0.75386083] vel=[-2.227857   -0.14361611 -2.5219507 ][0m
[32m2026-06-29 18:14:38.515[0m | [1mINFO    [0m | [36menvs.hitter[0m:[36m_log_ball_planner_wait_state[0m:[36m694[0m - [1mWaiting for ball estimator: samples=0/31 visible=False ready=False pos=[-0.10792696 -0.04923557  0.75386083] vel=[-2.227857   -0.14361611 -2.5219507 ][0m
[32m2026-06-29 18:14:39.019[0m | [1mINFO    [0m | [36menvs.hitter[0m:[36m_log_ball_planner_wait_state[0m:[36m694[0m - [1mWaiting for ball estimator: samples=0/31 visible=False ready=False pos=[-0.10792696 -0.04923557  0.75386083] vel=[-2.227857   -0.14361611 -2.5219507 ][0m
[32m2026-06-29 18:14:39.519[0m | [1mINFO    [0m | [36menvs.hitter[0m:[36m_log_ball_planner_wait_state[0m:[36m694[0m - [1mWaiting for ball estimator: samples=0/31 visible=False ready=False pos=[-0.10792696 -0.04923557  0.75386083] vel=[-2.227857   -0.14361611 -2.5219507 ][0m
[32m2026-06-29 18:14:40.021[0m | [1mINFO    [0m | [36menvs.hitter[0m:[36m_log_ball_planner_wait_state[0m:[36m694[0m - [1mWaiting for ball estimator: samples=0/31 visible=False ready=False pos=[-0.10792696 -0.04923557  0.75386083] vel=[-2.227857   -0.14361611 -2.5219507 ][0m
[32m2026-06-29 18:14:40.523[0m | [1mINFO    [0m | [36menvs.hitter[0m:[36m_log_ball_planner_wait_state[0m:[36m694[0m - [1mWaiting for ball estimator: samples=0/31 visible=False ready=False pos=[-0.10792696 -0.04923557  0.75386083] vel=[-2.227857   -0.14361611 -2.5219507 ][0m
[32m2026-06-29 18:14:41.025[0m | [1mINFO    [0m | [36menvs.hitter[0m:[36m_log_ball_planner_wait_state[0m:[36m694[0m - [1mWaiting for ball estimator: samples=0/31 visible=False ready=False pos=[-0.10792696 -0.04923557  0.75386083] vel=[-2.227857   -0.14361611 -2.5219507 ][0m
[32m2026-06-29 18:14:41.527[0m | [1mINFO    [0m | [36menvs.hitter[0m:[36m_log_ball_planner_wait_state[0m:[36m694[0m - [1mWaiting for ball estimator: samples=0/31 visible=False ready=False pos=[-0.10792696 -0.04923557  0.75386083] vel=[-2.227857   -0.14361611 -2.5219507 ][0m
[32m2026-06-29 18:14:42.028[0m | [1mINFO    [0m | [36menvs.hitter[0m:[36m_log_ball_planner_wait_state[0m:[36m694[0m - [1mWaiting for ball estimator: samples=0/31 visible=False ready=False pos=[-0.10792696 -0.04923557  0.75386083] vel=[-2.227857   -0.14361611 -2.5219507 ][0m
[32m2026-06-29 18:14:42.530[0m | [1mINFO    [0m | [36menvs.hitter[0m:[36m_log_ball_planner_wait_state[0m:[36m694[0m - [1mWaiting for ball estimator: samples=0/31 visible=False ready=False pos=[-0.10792696 -0.04923557  0.75386083] vel=[-2.227857   -0.14361611 -2.5219507 ][0m
[32m2026-06-29 18:14:42.960[0m | [33m[1mWARNING [0m | [36magents.loco_hitter_agent[0m:[36mrun[0m:[36m270[0m - [33m[1mStep timeout: -0.0115s[0m
[32m2026-06-29 18:14:43.044[0m | [1mINFO    [0m | [36menvs.hitter[0m:[36m_log_ball_planner_wait_state[0m:[36m694[0m - [1mWaiting for ball estimator: samples=0/31 visible=False ready=False pos=[-0.10792696 -0.04923557  0.75386083] vel=[-2.227857   -0.14361611 -2.5219507 ][0m
[32m2026-06-29 18:14:43.545[0m | [1mINFO    [0m | [36menvs.hitter[0m:[36m_log_ball_planner_wait_state[0m:[36m694[0m - [1mWaiting for ball estimator: samples=0/31 visible=False ready=False pos=[-0.10792696 -0.04923557  0.75386083] vel=[-2.227857   -0.14361611 -2.5219507 ][0m
[32m2026-06-29 18:14:44.048[0m | [1mINFO    [0m | [36menvs.hitter[0m:[36m_log_ball_planner_wait_state[0m:[36m694[0m - [1mWaiting for ball estimator: samples=0/31 visible=False ready=False pos=[-0.10792696 -0.04923557  0.75386083] vel=[-2.227857   -0.14361611 -2.5219507 ][0m
[32m2026-06-29 18:14:44.552[0m | [1mINFO    [0m | [36menvs.hitter[0m:[36m_log_ball_planner_wait_state[0m:[36m694[0m - [1mWaiting for ball estimator: samples=0/31 visible=False ready=False pos=[-0.10792696 -0.04923557  0.75386083] vel=[-2.227857   -0.14361611 -2.5219507 ][0m
[32m2026-06-29 18:14:45.071[0m | [1mINFO    [0m | [36menvs.hitter[0m:[36m_log_ball_planner_wait_state[0m:[36m694[0m - [1mWaiting for ball estimator: samples=0/31 visible=False ready=False pos=[-0.10792696 -0.04923557  0.75386083] vel=[-2.227857   -0.14361611 -2.5219507 ][0m
[32m2026-06-29 18:14:45.574[0m | [1mINFO    [0m | [36menvs.hitter[0m:[36m_log_ball_planner_wait_state[0m:[36m694[0m - [1mWaiting for ball estimator: samples=0/31 visible=False ready=False pos=[-0.10792696 -0.04923557  0.75386083] vel=[-2.227857   -0.14361611 -2.5219507 ][0m
[32m2026-06-29 18:14:46.075[0m | [1mINFO    [0m | [36menvs.hitter[0m:[36m_log_ball_planner_wait_state[0m:[36m694[0m - [1mWaiting for ball estimator: samples=0/31 visible=False ready=False pos=[-0.10792696 -0.04923557  0.75386083] vel=[-2.227857   -0.14361611 -2.5219507 ][0m
[32m2026-06-29 18:14:46.577[0m | [1mINFO    [0m | [36menvs.hitter[0m:[36m_log_ball_planner_wait_state[0m:[36m694[0m - [1mWaiting for ball estimator: samples=0/31 visible=False ready=False pos=[-0.10792696 -0.04923557  0.75386083] vel=[-2.227857   -0.14361611 -2.5219507 ][0m
[32m2026-06-29 18:14:47.079[0m | [1mINFO    [0m | [36menvs.hitter[0m:[36m_log_ball_planner_wait_state[0m:[36m694[0m - [1mWaiting for ball estimator: samples=0/31 visible=False ready=False pos=[-0.10792696 -0.04923557  0.75386083] vel=[-2.227857   -0.14361611 -2.5219507 ][0m
[32m2026-06-29 18:14:47.476[0m | [33m[1mWARNING [0m | [36magents.loco_hitter_agent[0m:[36mrun[0m:[36m270[0m - [33m[1mStep timeout: -0.0196s[0m
[32m2026-06-29 18:14:47.580[0m | [1mINFO    [0m | [36menvs.hitter[0m:[36m_log_ball_planner_wait_state[0m:[36m694[0m - [1mWaiting for ball estimator: samples=0/31 visible=False ready=False pos=[-0.10792696 -0.04923557  0.75386083] vel=[-2.227857   -0.14361611 -2.5219507 ][0m
[32m2026-06-29 18:14:47.861[0m | [33m[1mWARNING [0m | [36magents.loco_hitter_agent[0m:[36mrun[0m:[36m270[0m - [33m[1mStep timeout: -0.0036s[0m
[32m2026-06-29 18:14:48.086[0m | [1mINFO    [0m | [36menvs.hitter[0m:[36m_log_ball_planner_wait_state[0m:[36m694[0m - [1mWaiting for ball estimator: samples=0/31 visible=False ready=False pos=[-0.10792696 -0.04923557  0.75386083] vel=[-2.227857   -0.14361611 -2.5219507 ][0m
[32m2026-06-29 18:14:48.588[0m | [1mINFO    [0m | [36menvs.hitter[0m:[36m_log_ball_planner_wait_state[0m:[36m694[0m - [1mWaiting for ball estimator: samples=0/31 visible=False ready=False pos=[-0.10792696 -0.04923557  0.75386083] vel=[-2.227857   -0.14361611 -2.5219507 ][0m
[32m2026-06-29 18:14:49.089[0m | [1mINFO    [0m | [36menvs.hitter[0m:[36m_log_ball_planner_wait_state[0m:[36m694[0m - [1mWaiting for ball estimator: samples=0/31 visible=False ready=False pos=[-0.10792696 -0.04923557  0.75386083] vel=[-2.227857   -0.14361611 -2.5219507 ][0m
[32m2026-06-29 18:14:49.591[0m | [1mINFO    [0m | [36menvs.hitter[0m:[36m_log_ball_planner_wait_state[0m:[36m694[0m - [1mWaiting for ball estimator: samples=0/31 visible=False ready=False pos=[-0.10792696 -0.04923557  0.75386083] vel=[-2.227857   -0.14361611 -2.5219507 ][0m
[32m2026-06-29 18:14:50.093[0m | [1mINFO    [0m | [36menvs.hitter[0m:[36m_log_ball_planner_wait_state[0m:[36m694[0m - [1mWaiting for ball estimator: samples=0/31 visible=False ready=False pos=[-0.10792696 -0.04923557  0.75386083] vel=[-2.227857   -0.14361611 -2.5219507 ][0m
[32m2026-06-29 18:14:50.595[0m | [1mINFO    [0m | [36menvs.hitter[0m:[36m_log_ball_planner_wait_state[0m:[36m694[0m - [1mWaiting for ball estimator: samples=0/31 visible=False ready=False pos=[-0.10792696 -0.04923557  0.75386083] vel=[-2.227857   -0.14361611 -2.5219507 ][0m
[32m2026-06-29 18:14:51.097[0m | [1mINFO    [0m | [36menvs.hitter[0m:[36m_log_ball_planner_wait_state[0m:[36m694[0m - [1mWaiting for ball estimator: samples=0/31 visible=False ready=False pos=[-0.10792696 -0.04923557  0.75386083] vel=[-2.227857   -0.14361611 -2.5219507 ][0m
[32m2026-06-29 18:14:51.599[0m | [1mINFO    [0m | [36menvs.hitter[0m:[36m_log_ball_planner_wait_state[0m:[36m694[0m - [1mWaiting for ball estimator: samples=0/31 visible=False ready=False pos=[-0.10792696 -0.04923557  0.75386083] vel=[-2.227857   -0.14361611 -2.5219507 ][0m
[32m2026-06-29 18:14:52.104[0m | [1mINFO    [0m | [36menvs.hitter[0m:[36m_log_ball_planner_wait_state[0m:[36m694[0m - [1mWaiting for ball estimator: samples=0/31 visible=False ready=False pos=[-0.10792696 -0.04923557  0.75386083] vel=[-2.227857   -0.14361611 -2.5219507 ][0m
[32m2026-06-29 18:14:52.623[0m | [1mINFO    [0m | [36menvs.hitter[0m:[36m_log_ball_planner_wait_state[0m:[36m694[0m - [1mWaiting for ball estimator: samples=0/31 visible=False ready=False pos=[-0.10792696 -0.04923557  0.75386083] vel=[-2.227857   -0.14361611 -2.5219507 ][0m
[32m2026-06-29 18:14:52.804[0m | [33m[1mWARNING [0m | [36magents.loco_hitter_agent[0m:[36mrun[0m:[36m270[0m - [33m[1mStep timeout: -0.0036s[0m
[32m2026-06-29 18:14:53.129[0m | [1mINFO    [0m | [36menvs.hitter[0m:[36m_log_ball_planner_wait_state[0m:[36m694[0m - [1mWaiting for ball estimator: samples=0/31 visible=False ready=False pos=[-0.10792696 -0.04923557  0.75386083] vel=[-2.227857   -0.14361611 -2.5219507 ][0m
[32m2026-06-29 18:14:53.631[0m | [1mINFO    [0m | [36menvs.hitter[0m:[36m_log_ball_planner_wait_state[0m:[36m694[0m - [1mWaiting for ball estimator: samples=0/31 visible=False ready=False pos=[-0.10792696 -0.04923557  0.75386083] vel=[-2.227857   -0.14361611 -2.5219507 ][0m
[32m2026-06-29 18:14:54.137[0m | [1mINFO    [0m | [36menvs.hitter[0m:[36m_log_ball_planner_wait_state[0m:[36m694[0m - [1mWaiting for ball estimator: samples=0/31 visible=False ready=False pos=[-0.10792696 -0.04923557  0.75386083] vel=[-2.227857   -0.14361611 -2.5219507 ][0m
[32m2026-06-29 18:14:54.654[0m | [1mINFO    [0m | [36menvs.hitter[0m:[36m_log_ball_planner_wait_state[0m:[36m694[0m - [1mWaiting for ball estimator: samples=0/31 visible=False ready=False pos=[-0.10792696 -0.04923557  0.75386083] vel=[-2.227857   -0.14361611 -2.5219507 ][0m
[32m2026-06-29 18:14:55.156[0m | [1mINFO    [0m | [36menvs.hitter[0m:[36m_log_ball_planner_wait_state[0m:[36m694[0m - [1mWaiting for ball estimator: samples=0/31 visible=False ready=False pos=[-0.10792696 -0.04923557  0.75386083] vel=[-2.227857   -0.14361611 -2.5219507 ][0m
[32m2026-06-29 18:14:55.658[0m | [1mINFO    [0m | [36menvs.hitter[0m:[36m_log_ball_planner_wait_state[0m:[36m694[0m - [1mWaiting for ball estimator: samples=0/31 visible=False ready=False pos=[-0.10792696 -0.04923557  0.75386083] vel=[-2.227857   -0.14361611 -2.5219507 ][0m
[32m2026-06-29 18:14:56.160[0m | [1mINFO    [0m | [36menvs.hitter[0m:[36m_log_ball_planner_wait_state[0m:[36m694[0m - [1mWaiting for ball estimator: samples=0/31 visible=False ready=False pos=[-0.10792696 -0.04923557  0.75386083] vel=[-2.227857   -0.14361611 -2.5219507 ][0m
[32m2026-06-29 18:14:56.662[0m | [1mINFO    [0m | [36menvs.hitter[0m:[36m_log_ball_planner_wait_state[0m:[36m694[0m - [1mWaiting for ball estimator: samples=0/31 visible=False ready=False pos=[-0.10792696 -0.04923557  0.75386083] vel=[-2.227857   -0.14361611 -2.5219507 ][0m
[32m2026-06-29 18:14:57.166[0m | [1mINFO    [0m | [36menvs.hitter[0m:[36m_log_ball_planner_wait_state[0m:[36m694[0m - [1mWaiting for ball estimator: samples=0/31 visible=False ready=False pos=[-0.10792696 -0.04923557  0.75386083] vel=[-2.227857   -0.14361611 -2.5219507 ][0m
[32m2026-06-29 18:14:57.666[0m | [1mINFO    [0m | [36menvs.hitter[0m:[36m_log_ball_planner_wait_state[0m:[36m694[0m - [1mWaiting for ball estimator: samples=0/31 visible=False ready=False pos=[-0.10792696 -0.04923557  0.75386083] vel=[-2.227857   -0.14361611 -2.5219507 ][0m
[32m2026-06-29 18:14:57.707[0m | [33m[1mWARNING [0m | [36magents.loco_hitter_agent[0m:[36mrun[0m:[36m270[0m - [33m[1mStep timeout: -0.0050s[0m
[32m2026-06-29 18:14:58.173[0m | [1mINFO    [0m | [36menvs.hitter[0m:[36m_log_ball_planner_wait_state[0m:[36m694[0m - [1mWaiting for ball estimator: samples=0/31 visible=False ready=False pos=[-0.10792696 -0.04923557  0.75386083] vel=[-2.227857   -0.14361611 -2.5219507 ][0m
[32m2026-06-29 18:14:58.675[0m | [1mINFO    [0m | [36menvs.hitter[0m:[36m_log_ball_planner_wait_state[0m:[36m694[0m - [1mWaiting for ball estimator: samples=0/31 visible=False ready=False pos=[-0.10792696 -0.04923557  0.75386083] vel=[-2.227857   -0.14361611 -2.5219507 ][0m
[32m2026-06-29 18:14:59.177[0m | [1mINFO    [0m | [36menvs.hitter[0m:[36m_log_ball_planner_wait_state[0m:[36m694[0m - [1mWaiting for ball estimator: samples=0/31 visible=False ready=False pos=[-0.10792696 -0.04923557  0.75386083] vel=[-2.227857   -0.14361611 -2.5219507 ][0m
[32m2026-06-29 18:14:59.679[0m | [1mINFO    [0m | [36menvs.hitter[0m:[36m_log_ball_planner_wait_state[0m:[36m694[0m - [1mWaiting for ball estimator: samples=0/31 visible=False ready=False pos=[-0.10792696 -0.04923557  0.75386083] vel=[-2.227857   -0.14361611 -2.5219507 ][0m
[32m2026-06-29 18:15:00.180[0m | [1mINFO    [0m | [36menvs.hitter[0m:[36m_log_ball_planner_wait_state[0m:[36m694[0m - [1mWaiting for ball estimator: samples=0/31 visible=False ready=False pos=[-0.10792696 -0.04923557  0.75386083] vel=[-2.227857   -0.14361611 -2.5219507 ][0m
[32m2026-06-29 18:15:00.599[0m | [33m[1mWARNING [0m | [36magents.loco_hitter_agent[0m:[36mrun[0m:[36m270[0m - [33m[1mStep timeout: -0.0206s[0m
[32m2026-06-29 18:15:00.682[0m | [1mINFO    [0m | [36menvs.hitter[0m:[36m_log_ball_planner_wait_state[0m:[36m694[0m - [1mWaiting for ball estimator: samples=0/31 visible=False ready=False pos=[-0.10792696 -0.04923557  0.75386083] vel=[-2.227857   -0.14361611 -2.5219507 ][0m
[32m2026-06-29 18:15:01.184[0m | [1mINFO    [0m | [36menvs.hitter[0m:[36m_log_ball_planner_wait_state[0m:[36m694[0m - [1mWaiting for ball estimator: samples=0/31 visible=False ready=False pos=[-0.10792696 -0.04923557  0.75386083] vel=[-2.227857   -0.14361611 -2.5219507 ][0m
[32m2026-06-29 18:15:01.689[0m | [1mINFO    [0m | [36menvs.hitter[0m:[36m_log_ball_planner_wait_state[0m:[36m694[0m - [1mWaiting for ball estimator: samples=0/31 visible=False ready=False pos=[-0.10792696 -0.04923557  0.75386083] vel=[-2.227857   -0.14361611 -2.5219507 ][0m
[32m2026-06-29 18:15:02.208[0m | [1mINFO    [0m | [36menvs.hitter[0m:[36m_log_ball_planner_wait_state[0m:[36m694[0m - [1mWaiting for ball estimator: samples=0/31 visible=False ready=False pos=[-0.10792696 -0.04923557  0.75386083] vel=[-2.227857   -0.14361611 -2.5219507 ][0m
[32m2026-06-29 18:15:02.709[0m | [1mINFO    [0m | [36menvs.hitter[0m:[36m_log_ball_planner_wait_state[0m:[36m694[0m - [1mWaiting for ball estimator: samples=0/31 visible=False ready=False pos=[-0.10792696 -0.04923557  0.75386083] vel=[-2.227857   -0.14361611 -2.5219507 ][0m
[32m2026-06-29 18:15:03.212[0m | [1mINFO    [0m | [36menvs.hitter[0m:[36m_log_ball_planner_wait_state[0m:[36m694[0m - [1mWaiting for ball estimator: samples=0/31 visible=False ready=False pos=[-0.10792696 -0.04923557  0.75386083] vel=[-2.227857   -0.14361611 -2.5219507 ][0m
[32m2026-06-29 18:15:03.714[0m | [1mINFO    [0m | [36menvs.hitter[0m:[36m_log_ball_planner_wait_state[0m:[36m694[0m - [1mWaiting for ball estimator: samples=0/31 visible=False ready=False pos=[-0.10792696 -0.04923557  0.75386083] vel=[-2.227857   -0.14361611 -2.5219507 ][0m
[32m2026-06-29 18:15:04.216[0m | [1mINFO    [0m | [36menvs.hitter[0m:[36m_log_ball_planner_wait_state[0m:[36m694[0m - [1mWaiting for ball estimator: samples=0/31 visible=False ready=False pos=[-0.10792696 -0.04923557  0.75386083] vel=[-2.227857   -0.14361611 -2.5219507 ][0m
[32m2026-06-29 18:15:04.718[0m | [1mINFO    [0m | [36menvs.hitter[0m:[36m_log_ball_planner_wait_state[0m:[36m694[0m - [1mWaiting for ball estimator: samples=0/31 visible=False ready=False pos=[-0.10792696 -0.04923557  0.75386083] vel=[-2.227857   -0.14361611 -2.5219507 ][0m
[32m2026-06-29 18:15:05.220[0m | [1mINFO    [0m | [36menvs.hitter[0m:[36m_log_ball_planner_wait_state[0m:[36m694[0m - [1mWaiting for ball estimator: samples=0/31 visible=False ready=False pos=[-0.10792696 -0.04923557  0.75386083] vel=[-2.227857   -0.14361611 -2.5219507 ][0m
[32m2026-06-29 18:15:05.721[0m | [1mINFO    [0m | [36menvs.hitter[0m:[36m_log_ball_planner_wait_state[0m:[36m694[0m - [1mWaiting for ball estimator: samples=0/31 visible=False ready=False pos=[-0.10792696 -0.04923557  0.75386083] vel=[-2.227857   -0.14361611 -2.5219507 ][0m
[32m2026-06-29 18:15:06.223[0m | [1mINFO    [0m | [36menvs.hitter[0m:[36m_log_ball_planner_wait_state[0m:[36m694[0m - [1mWaiting for ball estimator: samples=0/31 visible=False ready=False pos=[-0.10792696 -0.04923557  0.75386083] vel=[-2.227857   -0.14361611 -2.5219507 ][0m
[32m2026-06-29 18:15:06.725[0m | [1mINFO    [0m | [36menvs.hitter[0m:[36m_log_ball_planner_wait_state[0m:[36m694[0m - [1mWaiting for ball estimator: samples=0/31 visible=False ready=False pos=[-0.10792696 -0.04923557  0.75386083] vel=[-2.227857   -0.14361611 -2.5219507 ][0m
[32m2026-06-29 18:15:07.227[0m | [1mINFO    [0m | [36menvs.hitter[0m:[36m_log_ball_planner_wait_state[0m:[36m694[0m - [1mWaiting for ball estimator: samples=0/31 visible=False ready=False pos=[-0.10792696 -0.04923557  0.75386083] vel=[-2.227857   -0.14361611 -2.5219507 ][0m
[32m2026-06-29 18:15:07.729[0m | [1mINFO    [0m | [36menvs.hitter[0m:[36m_log_ball_planner_wait_state[0m:[36m694[0m - [1mWaiting for ball estimator: samples=0/31 visible=False ready=False pos=[-0.10792696 -0.04923557  0.75386083] vel=[-2.227857   -0.14361611 -2.5219507 ][0m
[32m2026-06-29 18:15:07.833[0m | [33m[1mWARNING [0m | [36magents.loco_hitter_agent[0m:[36mrun[0m:[36m270[0m - [33m[1mStep timeout: -0.0064s[0m
[32m2026-06-29 18:15:08.238[0m | [1mINFO    [0m | [36menvs.hitter[0m:[36m_log_ball_planner_wait_state[0m:[36m694[0m - [1mWaiting for ball estimator: samples=0/31 visible=False ready=False pos=[-0.10792696 -0.04923557  0.75386083] vel=[-2.227857   -0.14361611 -2.5219507 ][0m
[32m2026-06-29 18:15:08.740[0m | [1mINFO    [0m | [36menvs.hitter[0m:[36m_log_ball_planner_wait_state[0m:[36m694[0m - [1mWaiting for ball estimator: samples=0/31 visible=False ready=False pos=[-0.10792696 -0.04923557  0.75386083] vel=[-2.227857   -0.14361611 -2.5219507 ][0m
[32m2026-06-29 18:15:09.241[0m | [1mINFO    [0m | [36menvs.hitter[0m:[36m_log_ball_planner_wait_state[0m:[36m694[0m - [1mWaiting for ball estimator: samples=0/31 visible=False ready=False pos=[-0.10792696 -0.04923557  0.75386083] vel=[-2.227857   -0.14361611 -2.5219507 ][0m
[32m2026-06-29 18:15:09.744[0m | [1mINFO    [0m | [36menvs.hitter[0m:[36m_log_ball_planner_wait_state[0m:[36m694[0m - [1mWaiting for ball estimator: samples=0/31 visible=False ready=False pos=[-0.10792696 -0.04923557  0.75386083] vel=[-2.227857   -0.14361611 -2.5219507 ][0m
[32m2026-06-29 18:15:10.245[0m | [1mINFO    [0m | [36menvs.hitter[0m:[36m_log_ball_planner_wait_state[0m:[36m694[0m - [1mWaiting for ball estimator: samples=0/31 visible=False ready=False pos=[-0.10792696 -0.04923557  0.75386083] vel=[-2.227857   -0.14361611 -2.5219507 ][0m
[32m2026-06-29 18:15:10.747[0m | [1mINFO    [0m | [36menvs.hitter[0m:[36m_log_ball_planner_wait_state[0m:[36m694[0m - [1mWaiting for ball estimator: samples=0/31 visible=False ready=False pos=[-0.10792696 -0.04923557  0.75386083] vel=[-2.227857   -0.14361611 -2.5219507 ][0m
[32m2026-06-29 18:15:11.249[0m | [1mINFO    [0m | [36menvs.hitter[0m:[36m_log_ball_planner_wait_state[0m:[36m694[0m - [1mWaiting for ball estimator: samples=0/31 visible=False ready=False pos=[-0.10792696 -0.04923557  0.75386083] vel=[-2.227857   -0.14361611 -2.5219507 ][0m
[32m2026-06-29 18:15:11.751[0m | [1mINFO    [0m | [36menvs.hitter[0m:[36m_log_ball_planner_wait_state[0m:[36m694[0m - [1mWaiting for ball estimator: samples=0/31 visible=False ready=False pos=[-0.10792696 -0.04923557  0.75386083] vel=[-2.227857   -0.14361611 -2.5219507 ][0m
[32m2026-06-29 18:15:12.253[0m | [1mINFO    [0m | [36menvs.hitter[0m:[36m_log_ball_planner_wait_state[0m:[36m694[0m - [1mWaiting for ball estimator: samples=0/31 visible=False ready=False pos=[-0.10792696 -0.04923557  0.75386083] vel=[-2.227857   -0.14361611 -2.5219507 ][0m
[32m2026-06-29 18:15:12.755[0m | [1mINFO    [0m | [36menvs.hitter[0m:[36m_log_ball_planner_wait_state[0m:[36m694[0m - [1mWaiting for ball estimator: samples=0/31 visible=False ready=False pos=[-0.10792696 -0.04923557  0.75386083] vel=[-2.227857   -0.14361611 -2.5219507 ][0m
[32m2026-06-29 18:15:12.923[0m | [33m[1mWARNING [0m | [36magents.loco_hitter_agent[0m:[36mrun[0m:[36m270[0m - [33m[1mStep timeout: -0.0104s[0m
[32m2026-06-29 18:15:13.268[0m | [1mINFO    [0m | [36menvs.hitter[0m:[36m_log_ball_planner_wait_state[0m:[36m694[0m - [1mWaiting for ball estimator: samples=0/31 visible=False ready=False pos=[-0.10792696 -0.04923557  0.75386083] vel=[-2.227857   -0.14361611 -2.5219507 ][0m
[32m2026-06-29 18:15:13.746[0m | [33m[1mWARNING [0m | [36magents.loco_hitter_agent[0m:[36mrun[0m:[36m270[0m - [33m[1mStep timeout: -0.0201s[0m
[32m2026-06-29 18:15:13.770[0m | [1mINFO    [0m | [36menvs.hitter[0m:[36m_log_ball_planner_wait_state[0m:[36m694[0m - [1mWaiting for ball estimator: samples=0/31 visible=False ready=False pos=[-0.10792696 -0.04923557  0.75386083] vel=[-2.227857   -0.14361611 -2.5219507 ][0m
[32m2026-06-29 18:15:14.271[0m | [1mINFO    [0m | [36menvs.hitter[0m:[36m_log_ball_planner_wait_state[0m:[36m694[0m - [1mWaiting for ball estimator: samples=0/31 visible=False ready=False pos=[-0.10792696 -0.04923557  0.75386083] vel=[-2.227857   -0.14361611 -2.5219507 ][0m
[32m2026-06-29 18:15:14.773[0m | [1mINFO    [0m | [36menvs.hitter[0m:[36m_log_ball_planner_wait_state[0m:[36m694[0m - [1mWaiting for ball estimator: samples=0/31 visible=False ready=False pos=[-0.10792696 -0.04923557  0.75386083] vel=[-2.227857   -0.14361611 -2.5219507 ][0m
[32m2026-06-29 18:15:15.279[0m | [1mINFO    [0m | [36menvs.hitter[0m:[36m_log_ball_planner_wait_state[0m:[36m694[0m - [1mWaiting for ball estimator: samples=0/31 visible=False ready=False pos=[-0.10792696 -0.04923557  0.75386083] vel=[-2.227857   -0.14361611 -2.5219507 ][0m
[32m2026-06-29 18:15:15.797[0m | [1mINFO    [0m | [36menvs.hitter[0m:[36m_log_ball_planner_wait_state[0m:[36m694[0m - [1mWaiting for ball estimator: samples=0/31 visible=False ready=False pos=[-0.10792696 -0.04923557  0.75386083] vel=[-2.227857   -0.14361611 -2.5219507 ][0m
[32m2026-06-29 18:15:16.300[0m | [1mINFO    [0m | [36menvs.hitter[0m:[36m_log_ball_planner_wait_state[0m:[36m694[0m - [1mWaiting for ball estimator: samples=0/31 visible=False ready=False pos=[-0.10792696 -0.04923557  0.75386083] vel=[-2.227857   -0.14361611 -2.5219507 ][0m
[32m2026-06-29 18:15:16.801[0m | [1mINFO    [0m | [36menvs.hitter[0m:[36m_log_ball_planner_wait_state[0m:[36m694[0m - [1mWaiting for ball estimator: samples=0/31 visible=False ready=False pos=[-0.10792696 -0.04923557  0.75386083] vel=[-2.227857   -0.14361611 -2.5219507 ][0m
[32m2026-06-29 18:15:17.303[0m | [1mINFO    [0m | [36menvs.hitter[0m:[36m_log_ball_planner_wait_state[0m:[36m694[0m - [1mWaiting for ball estimator: samples=0/31 visible=False ready=False pos=[-0.10792696 -0.04923557  0.75386083] vel=[-2.227857   -0.14361611 -2.5219507 ][0m
[32m2026-06-29 18:15:17.806[0m | [1mINFO    [0m | [36menvs.hitter[0m:[36m_log_ball_planner_wait_state[0m:[36m694[0m - [1mWaiting for ball estimator: samples=0/31 visible=False ready=False pos=[-0.10792696 -0.04923557  0.75386083] vel=[-2.227857   -0.14361611 -2.5219507 ][0m
[32m2026-06-29 18:15:18.308[0m | [1mINFO    [0m | [36menvs.hitter[0m:[36m_log_ball_planner_wait_state[0m:[36m694[0m - [1mWaiting for ball estimator: samples=0/31 visible=False ready=False pos=[-0.10792696 -0.04923557  0.75386083] vel=[-2.227857   -0.14361611 -2.5219507 ][0m
[32m2026-06-29 18:15:18.810[0m | [1mINFO    [0m | [36menvs.hitter[0m:[36m_log_ball_planner_wait_state[0m:[36m694[0m - [1mWaiting for ball estimator: samples=0/31 visible=False ready=False pos=[-0.10792696 -0.04923557  0.75386083] vel=[-2.227857   -0.14361611 -2.5219507 ][0m
[32m2026-06-29 18:15:19.312[0m | [1mINFO    [0m | [36menvs.hitter[0m:[36m_log_ball_planner_wait_state[0m:[36m694[0m - [1mWaiting for ball estimator: samples=0/31 visible=False ready=False pos=[-0.10792696 -0.04923557  0.75386083] vel=[-2.227857   -0.14361611 -2.5219507 ][0m
[32m2026-06-29 18:15:19.813[0m | [1mINFO    [0m | [36menvs.hitter[0m:[36m_log_ball_planner_wait_state[0m:[36m694[0m - [1mWaiting for ball estimator: samples=0/31 visible=False ready=False pos=[-0.10792696 -0.04923557  0.75386083] vel=[-2.227857   -0.14361611 -2.5219507 ][0m
[32m2026-06-29 18:15:20.316[0m | [1mINFO    [0m | [36menvs.hitter[0m:[36m_log_ball_planner_wait_state[0m:[36m694[0m - [1mWaiting for ball estimator: samples=0/31 visible=False ready=False pos=[-0.10792696 -0.04923557  0.75386083] vel=[-2.227857   -0.14361611 -2.5219507 ][0m
[32m2026-06-29 18:15:20.817[0m | [1mINFO    [0m | [36menvs.hitter[0m:[36m_log_ball_planner_wait_state[0m:[36m694[0m - [1mWaiting for ball estimator: samples=0/31 visible=False ready=False pos=[-0.10792696 -0.04923557  0.75386083] vel=[-2.227857   -0.14361611 -2.5219507 ][0m
[32m2026-06-29 18:15:21.319[0m | [1mINFO    [0m | [36menvs.hitter[0m:[36m_log_ball_planner_wait_state[0m:[36m694[0m - [1mWaiting for ball estimator: samples=0/31 visible=False ready=False pos=[-0.10792696 -0.04923557  0.75386083] vel=[-2.227857   -0.14361611 -2.5219507 ][0m
[32m2026-06-29 18:15:21.821[0m | [1mINFO    [0m | [36menvs.hitter[0m:[36m_log_ball_planner_wait_state[0m:[36m694[0m - [1mWaiting for ball estimator: samples=0/31 visible=False ready=False pos=[-0.10792696 -0.04923557  0.75386083] vel=[-2.227857   -0.14361611 -2.5219507 ][0m
[32m2026-06-29 18:15:22.323[0m | [1mINFO    [0m | [36menvs.hitter[0m:[36m_log_ball_planner_wait_state[0m:[36m694[0m - [1mWaiting for ball estimator: samples=0/31 visible=False ready=False pos=[-0.10792696 -0.04923557  0.75386083] vel=[-2.227857   -0.14361611 -2.5219507 ][0m
[32m2026-06-29 18:15:22.824[0m | [1mINFO    [0m | [36menvs.hitter[0m:[36m_log_ball_planner_wait_state[0m:[36m694[0m - [1mWaiting for ball estimator: samples=0/31 visible=False ready=False pos=[-0.10792696 -0.04923557  0.75386083] vel=[-2.227857   -0.14361611 -2.5219507 ][0m
[32m2026-06-29 18:15:23.327[0m | [1mINFO    [0m | [36menvs.hitter[0m:[36m_log_ball_planner_wait_state[0m:[36m694[0m - [1mWaiting for ball estimator: samples=0/31 visible=False ready=False pos=[-0.10792696 -0.04923557  0.75386083] vel=[-2.227857   -0.14361611 -2.5219507 ][0m
[32m2026-06-29 18:15:23.829[0m | [1mINFO    [0m | [36menvs.hitter[0m:[36m_log_ball_planner_wait_state[0m:[36m694[0m - [1mWaiting for ball estimator: samples=0/31 visible=False ready=False pos=[-0.10792696 -0.04923557  0.75386083] vel=[-2.227857   -0.14361611 -2.5219507 ][0m
[32m2026-06-29 18:15:24.331[0m | [1mINFO    [0m | [36menvs.hitter[0m:[36m_log_ball_planner_wait_state[0m:[36m694[0m - [1mWaiting for ball estimator: samples=0/31 visible=False ready=False pos=[-0.10792696 -0.04923557  0.75386083] vel=[-2.227857   -0.14361611 -2.5219507 ][0m
[32m2026-06-29 18:15:24.832[0m | [1mINFO    [0m | [36menvs.hitter[0m:[36m_log_ball_planner_wait_state[0m:[36m694[0m - [1mWaiting for ball estimator: samples=0/31 visible=False ready=False pos=[-0.10792696 -0.04923557  0.75386083] vel=[-2.227857   -0.14361611 -2.5219507 ][0m
[32m2026-06-29 18:15:25.334[0m | [1mINFO    [0m | [36menvs.hitter[0m:[36m_log_ball_planner_wait_state[0m:[36m694[0m - [1mWaiting for ball estimator: samples=0/31 visible=False ready=False pos=[-0.10792696 -0.04923557  0.75386083] vel=[-2.227857   -0.14361611 -2.5219507 ][0m
[32m2026-06-29 18:15:25.836[0m | [1mINFO    [0m | [36menvs.hitter[0m:[36m_log_ball_planner_wait_state[0m:[36m694[0m - [1mWaiting for ball estimator: samples=0/31 visible=False ready=False pos=[-0.10792696 -0.04923557  0.75386083] vel=[-2.227857   -0.14361611 -2.5219507 ][0m
[32m2026-06-29 18:15:26.338[0m | [1mINFO    [0m | [36menvs.hitter[0m:[36m_log_ball_planner_wait_state[0m:[36m694[0m - [1mWaiting for ball estimator: samples=0/31 visible=False ready=False pos=[-0.10792696 -0.04923557  0.75386083] vel=[-2.227857   -0.14361611 -2.5219507 ][0m
[32m2026-06-29 18:15:26.840[0m | [1mINFO    [0m | [36menvs.hitter[0m:[36m_log_ball_planner_wait_state[0m:[36m694[0m - [1mWaiting for ball estimator: samples=0/31 visible=False ready=False pos=[-0.10792696 -0.04923557  0.75386083] vel=[-2.227857   -0.14361611 -2.5219507 ][0m
[32m2026-06-29 18:15:26.958[0m | [33m[1mWARNING [0m | [36magents.loco_hitter_agent[0m:[36mrun[0m:[36m270[0m - [33m[1mStep timeout: -0.0219s[0m
[32m2026-06-29 18:15:27.346[0m | [1mINFO    [0m | [36menvs.hitter[0m:[36m_log_ball_planner_wait_state[0m:[36m694[0m - [1mWaiting for ball estimator: samples=0/31 visible=False ready=False pos=[-0.10792696 -0.04923557  0.75386083] vel=[-2.227857   -0.14361611 -2.5219507 ][0m
[32m2026-06-29 18:15:27.866[0m | [1mINFO    [0m | [36menvs.hitter[0m:[36m_log_ball_planner_wait_state[0m:[36m694[0m - [1mWaiting for ball estimator: samples=0/31 visible=False ready=False pos=[-0.10792696 -0.04923557  0.75386083] vel=[-2.227857   -0.14361611 -2.5219507 ][0m
[32m2026-06-29 18:15:28.367[0m | [1mINFO    [0m | [36menvs.hitter[0m:[36m_log_ball_planner_wait_state[0m:[36m694[0m - [1mWaiting for ball estimator: samples=0/31 visible=False ready=False pos=[-0.10792696 -0.04923557  0.75386083] vel=[-2.227857   -0.14361611 -2.5219507 ][0m
[32m2026-06-29 18:15:28.869[0m | [1mINFO    [0m | [36menvs.hitter[0m:[36m_log_ball_planner_wait_state[0m:[36m694[0m - [1mWaiting for ball estimator: samples=0/31 visible=False ready=False pos=[-0.10792696 -0.04923557  0.75386083] vel=[-2.227857   -0.14361611 -2.5219507 ][0m
[32m2026-06-29 18:15:29.371[0m | [1mINFO    [0m | [36menvs.hitter[0m:[36m_log_ball_planner_wait_state[0m:[36m694[0m - [1mWaiting for ball estimator: samples=0/31 visible=False ready=False pos=[-0.10792696 -0.04923557  0.75386083] vel=[-2.227857   -0.14361611 -2.5219507 ][0m
[32m2026-06-29 18:15:29.873[0m | [1mINFO    [0m | [36menvs.hitter[0m:[36m_log_ball_planner_wait_state[0m:[36m694[0m - [1mWaiting for ball estimator: samples=0/31 visible=False ready=False pos=[-0.10792696 -0.04923557  0.75386083] vel=[-2.227857   -0.14361611 -2.5219507 ][0m
[32m2026-06-29 18:15:30.375[0m | [1mINFO    [0m | [36menvs.hitter[0m:[36m_log_ball_planner_wait_state[0m:[36m694[0m - [1mWaiting for ball estimator: samples=0/31 visible=False ready=False pos=[-0.10792696 -0.04923557  0.75386083] vel=[-2.227857   -0.14361611 -2.5219507 ][0m
[32m2026-06-29 18:15:30.877[0m | [1mINFO    [0m | [36menvs.hitter[0m:[36m_log_ball_planner_wait_state[0m:[36m694[0m - [1mWaiting for ball estimator: samples=0/31 visible=False ready=False pos=[-0.10792696 -0.04923557  0.75386083] vel=[-2.227857   -0.14361611 -2.5219507 ][0m
[32m2026-06-29 18:15:31.379[0m | [1mINFO    [0m | [36menvs.hitter[0m:[36m_log_ball_planner_wait_state[0m:[36m694[0m - [1mWaiting for ball estimator: samples=0/31 visible=False ready=False pos=[-0.10792696 -0.04923557  0.75386083] vel=[-2.227857   -0.14361611 -2.5219507 ][0m
[32m2026-06-29 18:15:31.881[0m | [1mINFO    [0m | [36menvs.hitter[0m:[36m_log_ball_planner_wait_state[0m:[36m694[0m - [1mWaiting for ball estimator: samples=0/31 visible=False ready=False pos=[-0.10792696 -0.04923557  0.75386083] vel=[-2.227857   -0.14361611 -2.5219507 ][0m
[32m2026-06-29 18:15:32.383[0m | [1mINFO    [0m | [36menvs.hitter[0m:[36m_log_ball_planner_wait_state[0m:[36m694[0m - [1mWaiting for ball estimator: samples=0/31 visible=False ready=False pos=[-0.10792696 -0.04923557  0.75386083] vel=[-2.227857   -0.14361611 -2.5219507 ][0m
[32m2026-06-29 18:15:32.885[0m | [1mINFO    [0m | [36menvs.hitter[0m:[36m_log_ball_planner_wait_state[0m:[36m694[0m - [1mWaiting for ball estimator: samples=0/31 visible=False ready=False pos=[-0.10792696 -0.04923557  0.75386083] vel=[-2.227857   -0.14361611 -2.5219507 ][0m
[32m2026-06-29 18:15:33.386[0m | [1mINFO    [0m | [36menvs.hitter[0m:[36m_log_ball_planner_wait_state[0m:[36m694[0m - [1mWaiting for ball estimator: samples=0/31 visible=False ready=False pos=[-0.10792696 -0.04923557  0.75386083] vel=[-2.227857   -0.14361611 -2.5219507 ][0m
[32m2026-06-29 18:15:33.889[0m | [1mINFO    [0m | [36menvs.hitter[0m:[36m_log_ball_planner_wait_state[0m:[36m694[0m - [1mWaiting for ball estimator: samples=0/31 visible=False ready=False pos=[-0.10792696 -0.04923557  0.75386083] vel=[-2.227857   -0.14361611 -2.5219507 ][0m
[32m2026-06-29 18:15:34.390[0m | [1mINFO    [0m | [36menvs.hitter[0m:[36m_log_ball_planner_wait_state[0m:[36m694[0m - [1mWaiting for ball estimator: samples=0/31 visible=False ready=False pos=[-0.10792696 -0.04923557  0.75386083] vel=[-2.227857   -0.14361611 -2.5219507 ][0m
[32m2026-06-29 18:15:34.892[0m | [1mINFO    [0m | [36menvs.hitter[0m:[36m_log_ball_planner_wait_state[0m:[36m694[0m - [1mWaiting for ball estimator: samples=0/31 visible=False ready=False pos=[-0.10792696 -0.04923557  0.75386083] vel=[-2.227857   -0.14361611 -2.5219507 ][0m
[32m2026-06-29 18:15:35.394[0m | [1mINFO    [0m | [36menvs.hitter[0m:[36m_log_ball_planner_wait_state[0m:[36m694[0m - [1mWaiting for ball estimator: samples=0/31 visible=False ready=False pos=[-0.10792696 -0.04923557  0.75386083] vel=[-2.227857   -0.14361611 -2.5219507 ][0m
[32m2026-06-29 18:15:35.896[0m | [1mINFO    [0m | [36menvs.hitter[0m:[36m_log_ball_planner_wait_state[0m:[36m694[0m - [1mWaiting for ball estimator: samples=0/31 visible=False ready=False pos=[-0.10792696 -0.04923557  0.75386083] vel=[-2.227857   -0.14361611 -2.5219507 ][0m
[32m2026-06-29 18:15:36.398[0m | [1mINFO    [0m | [36menvs.hitter[0m:[36m_log_ball_planner_wait_state[0m:[36m694[0m - [1mWaiting for ball estimator: samples=0/31 visible=False ready=False pos=[-0.10792696 -0.04923557  0.75386083] vel=[-2.227857   -0.14361611 -2.5219507 ][0m
[32m2026-06-29 18:15:36.900[0m | [1mINFO    [0m | [36menvs.hitter[0m:[36m_log_ball_planner_wait_state[0m:[36m694[0m - [1mWaiting for ball estimator: samples=0/31 visible=False ready=False pos=[-0.10792696 -0.04923557  0.75386083] vel=[-2.227857   -0.14361611 -2.5219507 ][0m
[32m2026-06-29 18:15:37.402[0m | [1mINFO    [0m | [36menvs.hitter[0m:[36m_log_ball_planner_wait_state[0m:[36m694[0m - [1mWaiting for ball estimator: samples=0/31 visible=False ready=False pos=[-0.10792696 -0.04923557  0.75386083] vel=[-2.227857   -0.14361611 -2.5219507 ][0m
[32m2026-06-29 18:15:37.904[0m | [1mINFO    [0m | [36menvs.hitter[0m:[36m_log_ball_planner_wait_state[0m:[36m694[0m - [1mWaiting for ball estimator: samples=0/31 visible=False ready=False pos=[-0.10792696 -0.04923557  0.75386083] vel=[-2.227857   -0.14361611 -2.5219507 ][0m
[32m2026-06-29 18:15:38.405[0m | [1mINFO    [0m | [36menvs.hitter[0m:[36m_log_ball_planner_wait_state[0m:[36m694[0m - [1mWaiting for ball estimator: samples=0/31 visible=False ready=False pos=[-0.10792696 -0.04923557  0.75386083] vel=[-2.227857   -0.14361611 -2.5219507 ][0m
[32m2026-06-29 18:15:38.907[0m | [1mINFO    [0m | [36menvs.hitter[0m:[36m_log_ball_planner_wait_state[0m:[36m694[0m - [1mWaiting for ball estimator: samples=0/31 visible=False ready=False pos=[-0.10792696 -0.04923557  0.75386083] vel=[-2.227857   -0.14361611 -2.5219507 ][0m
[32m2026-06-29 18:15:39.409[0m | [1mINFO    [0m | [36menvs.hitter[0m:[36m_log_ball_planner_wait_state[0m:[36m694[0m - [1mWaiting for ball estimator: samples=0/31 visible=False ready=False pos=[-0.10792696 -0.04923557  0.75386083] vel=[-2.227857   -0.14361611 -2.5219507 ][0m
[32m2026-06-29 18:15:39.911[0m | [1mINFO    [0m | [36menvs.hitter[0m:[36m_log_ball_planner_wait_state[0m:[36m694[0m - [1mWaiting for ball estimator: samples=0/31 visible=False ready=False pos=[-0.10792696 -0.04923557  0.75386083] vel=[-2.227857   -0.14361611 -2.5219507 ][0m
[32m2026-06-29 18:15:40.149[0m | [33m[1mWARNING [0m | [36magents.loco_hitter_agent[0m:[36mrun[0m:[36m270[0m - [33m[1mStep timeout: -0.0203s[0m
[32m2026-06-29 18:15:40.414[0m | [1mINFO    [0m | [36menvs.hitter[0m:[36m_log_ball_planner_wait_state[0m:[36m694[0m - [1mWaiting for ball estimator: samples=0/31 visible=False ready=False pos=[-0.10792696 -0.04923557  0.75386083] vel=[-2.227857   -0.14361611 -2.5219507 ][0m
[32m2026-06-29 18:15:40.916[0m | [1mINFO    [0m | [36menvs.hitter[0m:[36m_log_ball_planner_wait_state[0m:[36m694[0m - [1mWaiting for ball estimator: samples=0/31 visible=False ready=False pos=[-0.10792696 -0.04923557  0.75386083] vel=[-2.227857   -0.14361611 -2.5219507 ][0m
[32m2026-06-29 18:15:41.418[0m | [1mINFO    [0m | [36menvs.hitter[0m:[36m_log_ball_planner_wait_state[0m:[36m694[0m - [1mWaiting for ball estimator: samples=0/31 visible=False ready=False pos=[-0.10792696 -0.04923557  0.75386083] vel=[-2.227857   -0.14361611 -2.5219507 ][0m
[32m2026-06-29 18:15:41.920[0m | [1mINFO    [0m | [36menvs.hitter[0m:[36m_log_ball_planner_wait_state[0m:[36m694[0m - [1mWaiting for ball estimator: samples=0/31 visible=False ready=False pos=[-0.10792696 -0.04923557  0.75386083] vel=[-2.227857   -0.14361611 -2.5219507 ][0m
[32m2026-06-29 18:15:42.421[0m | [1mINFO    [0m | [36menvs.hitter[0m:[36m_log_ball_planner_wait_state[0m:[36m694[0m - [1mWaiting for ball estimator: samples=0/31 visible=False ready=False pos=[-0.10792696 -0.04923557  0.75386083] vel=[-2.227857   -0.14361611 -2.5219507 ][0m
[32m2026-06-29 18:15:42.923[0m | [1mINFO    [0m | [36menvs.hitter[0m:[36m_log_ball_planner_wait_state[0m:[36m694[0m - [1mWaiting for ball estimator: samples=0/31 visible=False ready=False pos=[-0.10792696 -0.04923557  0.75386083] vel=[-2.227857   -0.14361611 -2.5219507 ][0m
[32m2026-06-29 18:15:43.425[0m | [1mINFO    [0m | [36menvs.hitter[0m:[36m_log_ball_planner_wait_state[0m:[36m694[0m - [1mWaiting for ball estimator: samples=0/31 visible=False ready=False pos=[-0.10792696 -0.04923557  0.75386083] vel=[-2.227857   -0.14361611 -2.5219507 ][0m
[32m2026-06-29 18:15:43.930[0m | [1mINFO    [0m | [36menvs.hitter[0m:[36m_log_ball_planner_wait_state[0m:[36m694[0m - [1mWaiting for ball estimator: samples=0/31 visible=False ready=False pos=[-0.10792696 -0.04923557  0.75386083] vel=[-2.227857   -0.14361611 -2.5219507 ][0m
[32m2026-06-29 18:15:44.449[0m | [1mINFO    [0m | [36menvs.hitter[0m:[36m_log_ball_planner_wait_state[0m:[36m694[0m - [1mWaiting for ball estimator: samples=0/31 visible=False ready=False pos=[-0.10792696 -0.04923557  0.75386083] vel=[-2.227857   -0.14361611 -2.5219507 ][0m
[32m2026-06-29 18:15:44.951[0m | [1mINFO    [0m | [36menvs.hitter[0m:[36m_log_ball_planner_wait_state[0m:[36m694[0m - [1mWaiting for ball estimator: samples=0/31 visible=False ready=False pos=[-0.10792696 -0.04923557  0.75386083] vel=[-2.227857   -0.14361611 -2.5219507 ][0m
[32m2026-06-29 18:15:45.453[0m | [1mINFO    [0m | [36menvs.hitter[0m:[36m_log_ball_planner_wait_state[0m:[36m694[0m - [1mWaiting for ball estimator: samples=0/31 visible=False ready=False pos=[-0.10792696 -0.04923557  0.75386083] vel=[-2.227857   -0.14361611 -2.5219507 ][0m
[32m2026-06-29 18:15:45.955[0m | [1mINFO    [0m | [36menvs.hitter[0m:[36m_log_ball_planner_wait_state[0m:[36m694[0m - [1mWaiting for ball estimator: samples=0/31 visible=False ready=False pos=[-0.10792696 -0.04923557  0.75386083] vel=[-2.227857   -0.14361611 -2.5219507 ][0m
[32m2026-06-29 18:15:46.179[0m | [33m[1mWARNING [0m | [36magents.loco_hitter_agent[0m:[36mrun[0m:[36m270[0m - [33m[1mStep timeout: -0.0070s[0m
[32m2026-06-29 18:15:46.203[0m | [33m[1mWARNING [0m | [36magents.loco_hitter_agent[0m:[36mrun[0m:[36m270[0m - [33m[1mStep timeout: -0.0038s[0m
[32m2026-06-29 18:15:46.467[0m | [1mINFO    [0m | [36menvs.hitter[0m:[36m_log_ball_planner_wait_state[0m:[36m694[0m - [1mWaiting for ball estimator: samples=0/31 visible=False ready=False pos=[-0.10792696 -0.04923557  0.75386083] vel=[-2.227857   -0.14361611 -2.5219507 ][0m
[32m2026-06-29 18:15:46.969[0m | [1mINFO    [0m | [36menvs.hitter[0m:[36m_log_ball_planner_wait_state[0m:[36m694[0m - [1mWaiting for ball estimator: samples=0/31 visible=False ready=False pos=[-0.10792696 -0.04923557  0.75386083] vel=[-2.227857   -0.14361611 -2.5219507 ][0m
[32m2026-06-29 18:15:47.471[0m | [1mINFO    [0m | [36menvs.hitter[0m:[36m_log_ball_planner_wait_state[0m:[36m694[0m - [1mWaiting for ball estimator: samples=0/31 visible=False ready=False pos=[-0.10792696 -0.04923557  0.75386083] vel=[-2.227857   -0.14361611 -2.5219507 ][0m
[32m2026-06-29 18:15:47.974[0m | [1mINFO    [0m | [36menvs.hitter[0m:[36m_log_ball_planner_wait_state[0m:[36m694[0m - [1mWaiting for ball estimator: samples=0/31 visible=False ready=False pos=[-0.10792696 -0.04923557  0.75386083] vel=[-2.227857   -0.14361611 -2.5219507 ][0m
[32m2026-06-29 18:15:48.476[0m | [1mINFO    [0m | [36menvs.hitter[0m:[36m_log_ball_planner_wait_state[0m:[36m694[0m - [1mWaiting for ball estimator: samples=0/31 visible=False ready=False pos=[-0.10792696 -0.04923557  0.75386083] vel=[-2.227857   -0.14361611 -2.5219507 ][0m
[32m2026-06-29 18:15:48.978[0m | [1mINFO    [0m | [36menvs.hitter[0m:[36m_log_ball_planner_wait_state[0m:[36m694[0m - [1mWaiting for ball estimator: samples=0/31 visible=False ready=False pos=[-0.10792696 -0.04923557  0.75386083] vel=[-2.227857   -0.14361611 -2.5219507 ][0m
[32m2026-06-29 18:15:49.480[0m | [1mINFO    [0m | [36menvs.hitter[0m:[36m_log_ball_planner_wait_state[0m:[36m694[0m - [1mWaiting for ball estimator: samples=0/31 visible=False ready=False pos=[-0.10792696 -0.04923557  0.75386083] vel=[-2.227857   -0.14361611 -2.5219507 ][0m
[32m2026-06-29 18:15:49.981[0m | [1mINFO    [0m | [36menvs.hitter[0m:[36m_log_ball_planner_wait_state[0m:[36m694[0m - [1mWaiting for ball estimator: samples=0/31 visible=False ready=False pos=[-0.10792696 -0.04923557  0.75386083] vel=[-2.227857   -0.14361611 -2.5219507 ][0m
[32m2026-06-29 18:15:50.483[0m | [1mINFO    [0m | [36menvs.hitter[0m:[36m_log_ball_planner_wait_state[0m:[36m694[0m - [1mWaiting for ball estimator: samples=0/31 visible=False ready=False pos=[-0.10792696 -0.04923557  0.75386083] vel=[-2.227857   -0.14361611 -2.5219507 ][0m
[32m2026-06-29 18:15:50.985[0m | [1mINFO    [0m | [36menvs.hitter[0m:[36m_log_ball_planner_wait_state[0m:[36m694[0m - [1mWaiting for ball estimator: samples=0/31 visible=False ready=False pos=[-0.10792696 -0.04923557  0.75386083] vel=[-2.227857   -0.14361611 -2.5219507 ][0m
[32m2026-06-29 18:15:51.488[0m | [1mINFO    [0m | [36menvs.hitter[0m:[36m_log_ball_planner_wait_state[0m:[36m694[0m - [1mWaiting for ball estimator: samples=0/31 visible=False ready=False pos=[-0.10792696 -0.04923557  0.75386083] vel=[-2.227857   -0.14361611 -2.5219507 ][0m
[32m2026-06-29 18:15:51.989[0m | [1mINFO    [0m | [36menvs.hitter[0m:[36m_log_ball_planner_wait_state[0m:[36m694[0m - [1mWaiting for ball estimator: samples=0/31 visible=False ready=False pos=[-0.10792696 -0.04923557  0.75386083] vel=[-2.227857   -0.14361611 -2.5219507 ][0m
[32m2026-06-29 18:15:52.491[0m | [1mINFO    [0m | [36menvs.hitter[0m:[36m_log_ball_planner_wait_state[0m:[36m694[0m - [1mWaiting for ball estimator: samples=0/31 visible=False ready=False pos=[-0.10792696 -0.04923557  0.75386083] vel=[-2.227857   -0.14361611 -2.5219507 ][0m
[32m2026-06-29 18:15:52.993[0m | [1mINFO    [0m | [36menvs.hitter[0m:[36m_log_ball_planner_wait_state[0m:[36m694[0m - [1mWaiting for ball estimator: samples=0/31 visible=False ready=False pos=[-0.10792696 -0.04923557  0.75386083] vel=[-2.227857   -0.14361611 -2.5219507 ][0m
[32m2026-06-29 18:15:53.372[0m | [33m[1mWARNING [0m | [36magents.loco_hitter_agent[0m:[36mrun[0m:[36m270[0m - [33m[1mStep timeout: -0.0214s[0m
[32m2026-06-29 18:15:53.496[0m | [1mINFO    [0m | [36menvs.hitter[0m:[36m_log_ball_planner_wait_state[0m:[36m694[0m - [1mWaiting for ball estimator: samples=0/31 visible=False ready=False pos=[-0.10792696 -0.04923557  0.75386083] vel=[-2.227857   -0.14361611 -2.5219507 ][0m
[32m2026-06-29 18:15:53.998[0m | [1mINFO    [0m | [36menvs.hitter[0m:[36m_log_ball_planner_wait_state[0m:[36m694[0m - [1mWaiting for ball estimator: samples=0/31 visible=False ready=False pos=[-0.10792696 -0.04923557  0.75386083] vel=[-2.227857   -0.14361611 -2.5219507 ][0m
[32m2026-06-29 18:15:54.500[0m | [1mINFO    [0m | [36menvs.hitter[0m:[36m_log_ball_planner_wait_state[0m:[36m694[0m - [1mWaiting for ball estimator: samples=0/31 visible=False ready=False pos=[-0.10792696 -0.04923557  0.75386083] vel=[-2.227857   -0.14361611 -2.5219507 ][0m
[32m2026-06-29 18:15:55.002[0m | [1mINFO    [0m | [36menvs.hitter[0m:[36m_log_ball_planner_wait_state[0m:[36m694[0m - [1mWaiting for ball estimator: samples=0/31 visible=False ready=False pos=[-0.10792696 -0.04923557  0.75386083] vel=[-2.227857   -0.14361611 -2.5219507 ][0m
[32m2026-06-29 18:15:55.504[0m | [1mINFO    [0m | [36menvs.hitter[0m:[36m_log_ball_planner_wait_state[0m:[36m694[0m - [1mWaiting for ball estimator: samples=0/31 visible=False ready=False pos=[-0.10792696 -0.04923557  0.75386083] vel=[-2.227857   -0.14361611 -2.5219507 ][0m
[32m2026-06-29 18:15:56.006[0m | [1mINFO    [0m | [36menvs.hitter[0m:[36m_log_ball_planner_wait_state[0m:[36m694[0m - [1mWaiting for ball estimator: samples=0/31 visible=False ready=False pos=[-0.10792696 -0.04923557  0.75386083] vel=[-2.227857   -0.14361611 -2.5219507 ][0m
[32m2026-06-29 18:15:56.508[0m | [1mINFO    [0m | [36menvs.hitter[0m:[36m_log_ball_planner_wait_state[0m:[36m694[0m - [1mWaiting for ball estimator: samples=0/31 visible=False ready=False pos=[-0.10792696 -0.04923557  0.75386083] vel=[-2.227857   -0.14361611 -2.5219507 ][0m
[32m2026-06-29 18:15:57.010[0m | [1mINFO    [0m | [36menvs.hitter[0m:[36m_log_ball_planner_wait_state[0m:[36m694[0m - [1mWaiting for ball estimator: samples=0/31 visible=False ready=False pos=[-0.10792696 -0.04923557  0.75386083] vel=[-2.227857   -0.14361611 -2.5219507 ][0m
[32m2026-06-29 18:15:57.512[0m | [1mINFO    [0m | [36menvs.hitter[0m:[36m_log_ball_planner_wait_state[0m:[36m694[0m - [1mWaiting for ball estimator: samples=0/31 visible=False ready=False pos=[-0.10792696 -0.04923557  0.75386083] vel=[-2.227857   -0.14361611 -2.5219507 ][0m
[32m2026-06-29 18:15:58.014[0m | [1mINFO    [0m | [36menvs.hitter[0m:[36m_log_ball_planner_wait_state[0m:[36m694[0m - [1mWaiting for ball estimator: samples=0/31 visible=False ready=False pos=[-0.10792696 -0.04923557  0.75386083] vel=[-2.227857   -0.14361611 -2.5219507 ][0m
[32m2026-06-29 18:15:58.518[0m | [1mINFO    [0m | [36menvs.hitter[0m:[36m_log_ball_planner_wait_state[0m:[36m694[0m - [1mWaiting for ball estimator: samples=0/31 visible=False ready=False pos=[-0.10792696 -0.04923557  0.75386083] vel=[-2.227857   -0.14361611 -2.5219507 ][0m
[32m2026-06-29 18:15:59.037[0m | [1mINFO    [0m | [36menvs.hitter[0m:[36m_log_ball_planner_wait_state[0m:[36m694[0m - [1mWaiting for ball estimator: samples=0/31 visible=False ready=False pos=[-0.10792696 -0.04923557  0.75386083] vel=[-2.227857   -0.14361611 -2.5219507 ][0m
[32m2026-06-29 18:15:59.539[0m | [1mINFO    [0m | [36menvs.hitter[0m:[36m_log_ball_planner_wait_state[0m:[36m694[0m - [1mWaiting for ball estimator: samples=0/31 visible=False ready=False pos=[-0.10792696 -0.04923557  0.75386083] vel=[-2.227857   -0.14361611 -2.5219507 ][0m
[32m2026-06-29 18:16:00.043[0m | [1mINFO    [0m | [36menvs.hitter[0m:[36m_log_ball_planner_wait_state[0m:[36m694[0m - [1mWaiting for ball estimator: samples=0/31 visible=False ready=False pos=[-0.10792696 -0.04923557  0.75386083] vel=[-2.227857   -0.14361611 -2.5219507 ][0m
[32m2026-06-29 18:16:00.544[0m | [1mINFO    [0m | [36menvs.hitter[0m:[36m_log_ball_planner_wait_state[0m:[36m694[0m - [1mWaiting for ball estimator: samples=0/31 visible=False ready=False pos=[-0.10792696 -0.04923557  0.75386083] vel=[-2.227857   -0.14361611 -2.5219507 ][0m
[32m2026-06-29 18:16:01.046[0m | [1mINFO    [0m | [36menvs.hitter[0m:[36m_log_ball_planner_wait_state[0m:[36m694[0m - [1mWaiting for ball estimator: samples=0/31 visible=False ready=False pos=[-0.10792696 -0.04923557  0.75386083] vel=[-2.227857   -0.14361611 -2.5219507 ][0m
[32m2026-06-29 18:16:01.548[0m | [1mINFO    [0m | [36menvs.hitter[0m:[36m_log_ball_planner_wait_state[0m:[36m694[0m - [1mWaiting for ball estimator: samples=0/31 visible=False ready=False pos=[-0.10792696 -0.04923557  0.75386083] vel=[-2.227857   -0.14361611 -2.5219507 ][0m
[32m2026-06-29 18:16:02.050[0m | [1mINFO    [0m | [36menvs.hitter[0m:[36m_log_ball_planner_wait_state[0m:[36m694[0m - [1mWaiting for ball estimator: samples=0/31 visible=False ready=False pos=[-0.10792696 -0.04923557  0.75386083] vel=[-2.227857   -0.14361611 -2.5219507 ][0m
[32m2026-06-29 18:16:02.552[0m | [1mINFO    [0m | [36menvs.hitter[0m:[36m_log_ball_planner_wait_state[0m:[36m694[0m - [1mWaiting for ball estimator: samples=0/31 visible=False ready=False pos=[-0.10792696 -0.04923557  0.75386083] vel=[-2.227857   -0.14361611 -2.5219507 ][0m
[32m2026-06-29 18:16:03.053[0m | [1mINFO    [0m | [36menvs.hitter[0m:[36m_log_ball_planner_wait_state[0m:[36m694[0m - [1mWaiting for ball estimator: samples=0/31 visible=False ready=False pos=[-0.10792696 -0.04923557  0.75386083] vel=[-2.227857   -0.14361611 -2.5219507 ][0m
[32m2026-06-29 18:16:03.555[0m | [1mINFO    [0m | [36menvs.hitter[0m:[36m_log_ball_planner_wait_state[0m:[36m694[0m - [1mWaiting for ball estimator: samples=0/31 visible=False ready=False pos=[-0.10792696 -0.04923557  0.75386083] vel=[-2.227857   -0.14361611 -2.5219507 ][0m
[32m2026-06-29 18:16:04.057[0m | [1mINFO    [0m | [36menvs.hitter[0m:[36m_log_ball_planner_wait_state[0m:[36m694[0m - [1mWaiting for ball estimator: samples=0/31 visible=False ready=False pos=[-0.10792696 -0.04923557  0.75386083] vel=[-2.227857   -0.14361611 -2.5219507 ][0m
[32m2026-06-29 18:16:04.562[0m | [1mINFO    [0m | [36menvs.hitter[0m:[36m_log_ball_planner_wait_state[0m:[36m694[0m - [1mWaiting for ball estimator: samples=0/31 visible=False ready=False pos=[-0.10792696 -0.04923557  0.75386083] vel=[-2.227857   -0.14361611 -2.5219507 ][0m
[32m2026-06-29 18:16:05.080[0m | [1mINFO    [0m | [36menvs.hitter[0m:[36m_log_ball_planner_wait_state[0m:[36m694[0m - [1mWaiting for ball estimator: samples=0/31 visible=False ready=False pos=[-0.10792696 -0.04923557  0.75386083] vel=[-2.227857   -0.14361611 -2.5219507 ][0m
[32m2026-06-29 18:16:05.586[0m | [1mINFO    [0m | [36menvs.hitter[0m:[36m_log_ball_planner_wait_state[0m:[36m694[0m - [1mWaiting for ball estimator: samples=0/31 visible=False ready=False pos=[-0.10792696 -0.04923557  0.75386083] vel=[-2.227857   -0.14361611 -2.5219507 ][0m
[32m2026-06-29 18:16:06.104[0m | [1mINFO    [0m | [36menvs.hitter[0m:[36m_log_ball_planner_wait_state[0m:[36m694[0m - [1mWaiting for ball estimator: samples=0/31 visible=False ready=False pos=[-0.10792696 -0.04923557  0.75386083] vel=[-2.227857   -0.14361611 -2.5219507 ][0m
[32m2026-06-29 18:16:06.562[0m | [33m[1mWARNING [0m | [36magents.loco_hitter_agent[0m:[36mrun[0m:[36m270[0m - [33m[1mStep timeout: -0.0198s[0m
[32m2026-06-29 18:16:06.606[0m | [1mINFO    [0m | [36menvs.hitter[0m:[36m_log_ball_planner_wait_state[0m:[36m694[0m - [1mWaiting for ball estimator: samples=0/31 visible=False ready=False pos=[-0.10792696 -0.04923557  0.75386083] vel=[-2.227857   -0.14361611 -2.5219507 ][0m
[32m2026-06-29 18:16:07.107[0m | [1mINFO    [0m | [36menvs.hitter[0m:[36m_log_ball_planner_wait_state[0m:[36m694[0m - [1mWaiting for ball estimator: samples=0/31 visible=False ready=False pos=[-0.10792696 -0.04923557  0.75386083] vel=[-2.227857   -0.14361611 -2.5219507 ][0m
[32m2026-06-29 18:16:07.609[0m | [1mINFO    [0m | [36menvs.hitter[0m:[36m_log_ball_planner_wait_state[0m:[36m694[0m - [1mWaiting for ball estimator: samples=0/31 visible=False ready=False pos=[-0.10792696 -0.04923557  0.75386083] vel=[-2.227857   -0.14361611 -2.5219507 ][0m
[32m2026-06-29 18:16:08.113[0m | [1mINFO    [0m | [36menvs.hitter[0m:[36m_log_ball_planner_wait_state[0m:[36m694[0m - [1mWaiting for ball estimator: samples=0/31 visible=False ready=False pos=[-0.10792696 -0.04923557  0.75386083] vel=[-2.227857   -0.14361611 -2.5219507 ][0m
[32m2026-06-29 18:16:08.613[0m | [1mINFO    [0m | [36menvs.hitter[0m:[36m_log_ball_planner_wait_state[0m:[36m694[0m - [1mWaiting for ball estimator: samples=0/31 visible=False ready=False pos=[-0.10792696 -0.04923557  0.75386083] vel=[-2.227857   -0.14361611 -2.5219507 ][0m
[32m2026-06-29 18:16:09.115[0m | [1mINFO    [0m | [36menvs.hitter[0m:[36m_log_ball_planner_wait_state[0m:[36m694[0m - [1mWaiting for ball estimator: samples=0/31 visible=False ready=False pos=[-0.10792696 -0.04923557  0.75386083] vel=[-2.227857   -0.14361611 -2.5219507 ][0m
[32m2026-06-29 18:16:09.617[0m | [1mINFO    [0m | [36menvs.hitter[0m:[36m_log_ball_planner_wait_state[0m:[36m694[0m - [1mWaiting for ball estimator: samples=0/31 visible=False ready=False pos=[-0.10792696 -0.04923557  0.75386083] vel=[-2.227857   -0.14361611 -2.5219507 ][0m
[32m2026-06-29 18:16:10.119[0m | [1mINFO    [0m | [36menvs.hitter[0m:[36m_log_ball_planner_wait_state[0m:[36m694[0m - [1mWaiting for ball estimator: samples=0/31 visible=False ready=False pos=[-0.10792696 -0.04923557  0.75386083] vel=[-2.227857   -0.14361611 -2.5219507 ][0m
[32m2026-06-29 18:16:10.625[0m | [1mINFO    [0m | [36menvs.hitter[0m:[36m_log_ball_planner_wait_state[0m:[36m694[0m - [1mWaiting for ball estimator: samples=0/31 visible=False ready=False pos=[-0.10792696 -0.04923557  0.75386083] vel=[-2.227857   -0.14361611 -2.5219507 ][0m
[32m2026-06-29 18:16:11.144[0m | [1mINFO    [0m | [36menvs.hitter[0m:[36m_log_ball_planner_wait_state[0m:[36m694[0m - [1mWaiting for ball estimator: samples=0/31 visible=False ready=False pos=[-0.10792696 -0.04923557  0.75386083] vel=[-2.227857   -0.14361611 -2.5219507 ][0m
[32m2026-06-29 18:16:11.645[0m | [1mINFO    [0m | [36menvs.hitter[0m:[36m_log_ball_planner_wait_state[0m:[36m694[0m - [1mWaiting for ball estimator: samples=0/31 visible=False ready=False pos=[-0.10792696 -0.04923557  0.75386083] vel=[-2.227857   -0.14361611 -2.5219507 ][0m
[32m2026-06-29 18:16:12.147[0m | [1mINFO    [0m | [36menvs.hitter[0m:[36m_log_ball_planner_wait_state[0m:[36m694[0m - [1mWaiting for ball estimator: samples=0/31 visible=False ready=False pos=[-0.10792696 -0.04923557  0.75386083] vel=[-2.227857   -0.14361611 -2.5219507 ][0m
[32m2026-06-29 18:16:12.649[0m | [1mINFO    [0m | [36menvs.hitter[0m:[36m_log_ball_planner_wait_state[0m:[36m694[0m - [1mWaiting for ball estimator: samples=0/31 visible=False ready=False pos=[-0.10792696 -0.04923557  0.75386083] vel=[-2.227857   -0.14361611 -2.5219507 ][0m
[32m2026-06-29 18:16:13.152[0m | [1mINFO    [0m | [36menvs.hitter[0m:[36m_log_ball_planner_wait_state[0m:[36m694[0m - [1mWaiting for ball estimator: samples=0/31 visible=False ready=False pos=[-0.10792696 -0.04923557  0.75386083] vel=[-2.227857   -0.14361611 -2.5219507 ][0m
[32m2026-06-29 18:16:13.654[0m | [1mINFO    [0m | [36menvs.hitter[0m:[36m_log_ball_planner_wait_state[0m:[36m694[0m - [1mWaiting for ball estimator: samples=0/31 visible=False ready=False pos=[-0.10792696 -0.04923557  0.75386083] vel=[-2.227857   -0.14361611 -2.5219507 ][0m
[32m2026-06-29 18:16:14.156[0m | [1mINFO    [0m | [36menvs.hitter[0m:[36m_log_ball_planner_wait_state[0m:[36m694[0m - [1mWaiting for ball estimator: samples=0/31 visible=False ready=False pos=[-0.10792696 -0.04923557  0.75386083] vel=[-2.227857   -0.14361611 -2.5219507 ][0m
[32m2026-06-29 18:16:14.657[0m | [1mINFO    [0m | [36menvs.hitter[0m:[36m_log_ball_planner_wait_state[0m:[36m694[0m - [1mWaiting for ball estimator: samples=0/31 visible=False ready=False pos=[-0.10792696 -0.04923557  0.75386083] vel=[-2.227857   -0.14361611 -2.5219507 ][0m
[32m2026-06-29 18:16:15.159[0m | [1mINFO    [0m | [36menvs.hitter[0m:[36m_log_ball_planner_wait_state[0m:[36m694[0m - [1mWaiting for ball estimator: samples=0/31 visible=False ready=False pos=[-0.10792696 -0.04923557  0.75386083] vel=[-2.227857   -0.14361611 -2.5219507 ][0m
[32m2026-06-29 18:16:15.661[0m | [1mINFO    [0m | [36menvs.hitter[0m:[36m_log_ball_planner_wait_state[0m:[36m694[0m - [1mWaiting for ball estimator: samples=0/31 visible=False ready=False pos=[-0.10792696 -0.04923557  0.75386083] vel=[-2.227857   -0.14361611 -2.5219507 ][0m
[32m2026-06-29 18:16:16.163[0m | [1mINFO    [0m | [36menvs.hitter[0m:[36m_log_ball_planner_wait_state[0m:[36m694[0m - [1mWaiting for ball estimator: samples=0/31 visible=False ready=False pos=[-0.10792696 -0.04923557  0.75386083] vel=[-2.227857   -0.14361611 -2.5219507 ][0m
[32m2026-06-29 18:16:16.666[0m | [1mINFO    [0m | [36menvs.hitter[0m:[36m_log_ball_planner_wait_state[0m:[36m694[0m - [1mWaiting for ball estimator: samples=0/31 visible=False ready=False pos=[-0.10792696 -0.04923557  0.75386083] vel=[-2.227857   -0.14361611 -2.5219507 ][0m
[32m2026-06-29 18:16:17.166[0m | [1mINFO    [0m | [36menvs.hitter[0m:[36m_log_ball_planner_wait_state[0m:[36m694[0m - [1mWaiting for ball estimator: samples=0/31 visible=False ready=False pos=[-0.10792696 -0.04923557  0.75386083] vel=[-2.227857   -0.14361611 -2.5219507 ][0m
[32m2026-06-29 18:16:17.668[0m | [1mINFO    [0m | [36menvs.hitter[0m:[36m_log_ball_planner_wait_state[0m:[36m694[0m - [1mWaiting for ball estimator: samples=0/31 visible=False ready=False pos=[-0.10792696 -0.04923557  0.75386083] vel=[-2.227857   -0.14361611 -2.5219507 ][0m
[32m2026-06-29 18:16:18.170[0m | [1mINFO    [0m | [36menvs.hitter[0m:[36m_log_ball_planner_wait_state[0m:[36m694[0m - [1mWaiting for ball estimator: samples=0/31 visible=False ready=False pos=[-0.10792696 -0.04923557  0.75386083] vel=[-2.227857   -0.14361611 -2.5219507 ][0m
[32m2026-06-29 18:16:18.672[0m | [1mINFO    [0m | [36menvs.hitter[0m:[36m_log_ball_planner_wait_state[0m:[36m694[0m - [1mWaiting for ball estimator: samples=0/31 visible=False ready=False pos=[-0.10792696 -0.04923557  0.75386083] vel=[-2.227857   -0.14361611 -2.5219507 ][0m
[32m2026-06-29 18:16:19.173[0m | [1mINFO    [0m | [36menvs.hitter[0m:[36m_log_ball_planner_wait_state[0m:[36m694[0m - [1mWaiting for ball estimator: samples=0/31 visible=False ready=False pos=[-0.10792696 -0.04923557  0.75386083] vel=[-2.227857   -0.14361611 -2.5219507 ][0m
[32m2026-06-29 18:16:19.333[0m | [33m[1mWARNING [0m | [36magents.loco_hitter_agent[0m:[36mrun[0m:[36m270[0m - [33m[1mStep timeout: -0.0220s[0m
[32m2026-06-29 18:16:19.677[0m | [1mINFO    [0m | [36menvs.hitter[0m:[36m_log_ball_planner_wait_state[0m:[36m694[0m - [1mWaiting for ball estimator: samples=0/31 visible=False ready=False pos=[-0.10792696 -0.04923557  0.75386083] vel=[-2.227857   -0.14361611 -2.5219507 ][0m
[32m2026-06-29 18:16:20.179[0m | [1mINFO    [0m | [36menvs.hitter[0m:[36m_log_ball_planner_wait_state[0m:[36m694[0m - [1mWaiting for ball estimator: samples=0/31 visible=False ready=False pos=[-0.10792696 -0.04923557  0.75386083] vel=[-2.227857   -0.14361611 -2.5219507 ][0m
[32m2026-06-29 18:16:20.681[0m | [1mINFO    [0m | [36menvs.hitter[0m:[36m_log_ball_planner_wait_state[0m:[36m694[0m - [1mWaiting for ball estimator: samples=0/31 visible=False ready=False pos=[-0.10792696 -0.04923557  0.75386083] vel=[-2.227857   -0.14361611 -2.5219507 ][0m
[32m2026-06-29 18:16:21.183[0m | [1mINFO    [0m | [36menvs.hitter[0m:[36m_log_ball_planner_wait_state[0m:[36m694[0m - [1mWaiting for ball estimator: samples=0/31 visible=False ready=False pos=[-0.10792696 -0.04923557  0.75386083] vel=[-2.227857   -0.14361611 -2.5219507 ][0m
[32m2026-06-29 18:16:21.688[0m | [1mINFO    [0m | [36menvs.hitter[0m:[36m_log_ball_planner_wait_state[0m:[36m694[0m - [1mWaiting for ball estimator: samples=0/31 visible=False ready=False pos=[-0.10792696 -0.04923557  0.75386083] vel=[-2.227857   -0.14361611 -2.5219507 ][0m
[32m2026-06-29 18:16:22.207[0m | [1mINFO    [0m | [36menvs.hitter[0m:[36m_log_ball_planner_wait_state[0m:[36m694[0m - [1mWaiting for ball estimator: samples=0/31 visible=False ready=False pos=[-0.10792696 -0.04923557  0.75386083] vel=[-2.227857   -0.14361611 -2.5219507 ][0m
[32m2026-06-29 18:16:22.708[0m | [1mINFO    [0m | [36menvs.hitter[0m:[36m_log_ball_planner_wait_state[0m:[36m694[0m - [1mWaiting for ball estimator: samples=0/31 visible=False ready=False pos=[-0.10792696 -0.04923557  0.75386083] vel=[-2.227857   -0.14361611 -2.5219507 ][0m
[32m2026-06-29 18:16:23.212[0m | [1mINFO    [0m | [36menvs.hitter[0m:[36m_log_ball_planner_wait_state[0m:[36m694[0m - [1mWaiting for ball estimator: samples=0/31 visible=False ready=False pos=[-0.10792696 -0.04923557  0.75386083] vel=[-2.227857   -0.14361611 -2.5219507 ][0m
[32m2026-06-29 18:16:23.712[0m | [1mINFO    [0m | [36menvs.hitter[0m:[36m_log_ball_planner_wait_state[0m:[36m694[0m - [1mWaiting for ball estimator: samples=0/31 visible=False ready=False pos=[-0.10792696 -0.04923557  0.75386083] vel=[-2.227857   -0.14361611 -2.5219507 ][0m
[32m2026-06-29 18:16:24.213[0m | [1mINFO    [0m | [36menvs.hitter[0m:[36m_log_ball_planner_wait_state[0m:[36m694[0m - [1mWaiting for ball estimator: samples=0/31 visible=False ready=False pos=[-0.10792696 -0.04923557  0.75386083] vel=[-2.227857   -0.14361611 -2.5219507 ][0m
[32m2026-06-29 18:16:24.715[0m | [1mINFO    [0m | [36menvs.hitter[0m:[36m_log_ball_planner_wait_state[0m:[36m694[0m - [1mWaiting for ball estimator: samples=0/31 visible=False ready=False pos=[-0.10792696 -0.04923557  0.75386083] vel=[-2.227857   -0.14361611 -2.5219507 ][0m
[32m2026-06-29 18:16:25.217[0m | [1mINFO    [0m | [36menvs.hitter[0m:[36m_log_ball_planner_wait_state[0m:[36m694[0m - [1mWaiting for ball estimator: samples=0/31 visible=False ready=False pos=[-0.10792696 -0.04923557  0.75386083] vel=[-2.227857   -0.14361611 -2.5219507 ][0m
[32m2026-06-29 18:16:25.718[0m | [1mINFO    [0m | [36menvs.hitter[0m:[36m_log_ball_planner_wait_state[0m:[36m694[0m - [1mWaiting for ball estimator: samples=0/31 visible=False ready=False pos=[-0.10792696 -0.04923557  0.75386083] vel=[-2.227857   -0.14361611 -2.5219507 ][0m
[32m2026-06-29 18:16:25.886[0m | [33m[1mWARNING [0m | [36magents.loco_hitter_agent[0m:[36mrun[0m:[36m270[0m - [33m[1mStep timeout: -0.0106s[0m
[32m2026-06-29 18:16:26.231[0m | [1mINFO    [0m | [36menvs.hitter[0m:[36m_log_ball_planner_wait_state[0m:[36m694[0m - [1mWaiting for ball estimator: samples=0/31 visible=False ready=False pos=[-0.10792696 -0.04923557  0.75386083] vel=[-2.227857   -0.14361611 -2.5219507 ][0m
[32m2026-06-29 18:16:26.733[0m | [1mINFO    [0m | [36menvs.hitter[0m:[36m_log_ball_planner_wait_state[0m:[36m694[0m - [1mWaiting for ball estimator: samples=0/31 visible=False ready=False pos=[-0.10792696 -0.04923557  0.75386083] vel=[-2.227857   -0.14361611 -2.5219507 ][0m
[32m2026-06-29 18:16:27.234[0m | [1mINFO    [0m | [36menvs.hitter[0m:[36m_log_ball_planner_wait_state[0m:[36m694[0m - [1mWaiting for ball estimator: samples=0/31 visible=False ready=False pos=[-0.10792696 -0.04923557  0.75386083] vel=[-2.227857   -0.14361611 -2.5219507 ][0m
[32m2026-06-29 18:16:27.736[0m | [1mINFO    [0m | [36menvs.hitter[0m:[36m_log_ball_planner_wait_state[0m:[36m694[0m - [1mWaiting for ball estimator: samples=0/31 visible=False ready=False pos=[-0.10792696 -0.04923557  0.75386083] vel=[-2.227857   -0.14361611 -2.5219507 ][0m
[32m2026-06-29 18:16:28.238[0m | [1mINFO    [0m | [36menvs.hitter[0m:[36m_log_ball_planner_wait_state[0m:[36m694[0m - [1mWaiting for ball estimator: samples=0/31 visible=False ready=False pos=[-0.10792696 -0.04923557  0.75386083] vel=[-2.227857   -0.14361611 -2.5219507 ][0m
[32m2026-06-29 18:16:28.739[0m | [1mINFO    [0m | [36menvs.hitter[0m:[36m_log_ball_planner_wait_state[0m:[36m694[0m - [1mWaiting for ball estimator: samples=0/31 visible=False ready=False pos=[-0.10792696 -0.04923557  0.75386083] vel=[-2.227857   -0.14361611 -2.5219507 ][0m
[32m2026-06-29 18:16:29.241[0m | [1mINFO    [0m | [36menvs.hitter[0m:[36m_log_ball_planner_wait_state[0m:[36m694[0m - [1mWaiting for ball estimator: samples=0/31 visible=False ready=False pos=[-0.10792696 -0.04923557  0.75386083] vel=[-2.227857   -0.14361611 -2.5219507 ][0m
[32m2026-06-29 18:16:29.743[0m | [1mINFO    [0m | [36menvs.hitter[0m:[36m_log_ball_planner_wait_state[0m:[36m694[0m - [1mWaiting for ball estimator: samples=0/31 visible=False ready=False pos=[-0.10792696 -0.04923557  0.75386083] vel=[-2.227857   -0.14361611 -2.5219507 ][0m
[32m2026-06-29 18:16:30.248[0m | [1mINFO    [0m | [36menvs.hitter[0m:[36m_log_ball_planner_wait_state[0m:[36m694[0m - [1mWaiting for ball estimator: samples=0/31 visible=False ready=False pos=[-0.10792696 -0.04923557  0.75386083] vel=[-2.227857   -0.14361611 -2.5219507 ][0m
[32m2026-06-29 18:16:30.750[0m | [1mINFO    [0m | [36menvs.hitter[0m:[36m_log_ball_planner_wait_state[0m:[36m694[0m - [1mWaiting for ball estimator: samples=0/31 visible=False ready=False pos=[-0.10792696 -0.04923557  0.75386083] vel=[-2.227857   -0.14361611 -2.5219507 ][0m
[32m2026-06-29 18:16:31.268[0m | [1mINFO    [0m | [36menvs.hitter[0m:[36m_log_ball_planner_wait_state[0m:[36m694[0m - [1mWaiting for ball estimator: samples=0/31 visible=False ready=False pos=[-0.10792696 -0.04923557  0.75386083] vel=[-2.227857   -0.14361611 -2.5219507 ][0m
[32m2026-06-29 18:16:31.771[0m | [1mINFO    [0m | [36menvs.hitter[0m:[36m_log_ball_planner_wait_state[0m:[36m694[0m - [1mWaiting for ball estimator: samples=0/31 visible=False ready=False pos=[-0.10792696 -0.04923557  0.75386083] vel=[-2.227857   -0.14361611 -2.5219507 ][0m
[32m2026-06-29 18:16:32.108[0m | [33m[1mWARNING [0m | [36magents.loco_hitter_agent[0m:[36mrun[0m:[36m270[0m - [33m[1mStep timeout: -0.0199s[0m
[32m2026-06-29 18:16:32.273[0m | [1mINFO    [0m | [36menvs.hitter[0m:[36m_log_ball_planner_wait_state[0m:[36m694[0m - [1mWaiting for ball estimator: samples=0/31 visible=False ready=False pos=[-0.10792696 -0.04923557  0.75386083] vel=[-2.227857   -0.14361611 -2.5219507 ][0m
[32m2026-06-29 18:16:32.774[0m | [1mINFO    [0m | [36menvs.hitter[0m:[36m_log_ball_planner_wait_state[0m:[36m694[0m - [1mWaiting for ball estimator: samples=0/31 visible=False ready=False pos=[-0.10792696 -0.04923557  0.75386083] vel=[-2.227857   -0.14361611 -2.5219507 ][0m
[32m2026-06-29 18:16:33.276[0m | [1mINFO    [0m | [36menvs.hitter[0m:[36m_log_ball_planner_wait_state[0m:[36m694[0m - [1mWaiting for ball estimator: samples=0/31 visible=False ready=False pos=[-0.10792696 -0.04923557  0.75386083] vel=[-2.227857   -0.14361611 -2.5219507 ][0m
[32m2026-06-29 18:16:33.778[0m | [1mINFO    [0m | [36menvs.hitter[0m:[36m_log_ball_planner_wait_state[0m:[36m694[0m - [1mWaiting for ball estimator: samples=0/31 visible=False ready=False pos=[-0.10792696 -0.04923557  0.75386083] vel=[-2.227857   -0.14361611 -2.5219507 ][0m
[32m2026-06-29 18:16:34.280[0m | [1mINFO    [0m | [36menvs.hitter[0m:[36m_log_ball_planner_wait_state[0m:[36m694[0m - [1mWaiting for ball estimator: samples=0/31 visible=False ready=False pos=[-0.10792696 -0.04923557  0.75386083] vel=[-2.227857   -0.14361611 -2.5219507 ][0m
[32m2026-06-29 18:16:34.782[0m | [1mINFO    [0m | [36menvs.hitter[0m:[36m_log_ball_planner_wait_state[0m:[36m694[0m - [1mWaiting for ball estimator: samples=0/31 visible=False ready=False pos=[-0.10792696 -0.04923557  0.75386083] vel=[-2.227857   -0.14361611 -2.5219507 ][0m
[32m2026-06-29 18:16:35.284[0m | [1mINFO    [0m | [36menvs.hitter[0m:[36m_log_ball_planner_wait_state[0m:[36m694[0m - [1mWaiting for ball estimator: samples=0/31 visible=False ready=False pos=[-0.10792696 -0.04923557  0.75386083] vel=[-2.227857   -0.14361611 -2.5219507 ][0m
[32m2026-06-29 18:16:35.785[0m | [1mINFO    [0m | [36menvs.hitter[0m:[36m_log_ball_planner_wait_state[0m:[36m694[0m - [1mWaiting for ball estimator: samples=0/31 visible=False ready=False pos=[-0.10792696 -0.04923557  0.75386083] vel=[-2.227857   -0.14361611 -2.5219507 ][0m
[32m2026-06-29 18:16:36.287[0m | [1mINFO    [0m | [36menvs.hitter[0m:[36m_log_ball_planner_wait_state[0m:[36m694[0m - [1mWaiting for ball estimator: samples=0/31 visible=False ready=False pos=[-0.10792696 -0.04923557  0.75386083] vel=[-2.227857   -0.14361611 -2.5219507 ][0m
[32m2026-06-29 18:16:36.789[0m | [1mINFO    [0m | [36menvs.hitter[0m:[36m_log_ball_planner_wait_state[0m:[36m694[0m - [1mWaiting for ball estimator: samples=0/31 visible=False ready=False pos=[-0.10792696 -0.04923557  0.75386083] vel=[-2.227857   -0.14361611 -2.5219507 ][0m
[32m2026-06-29 18:16:37.291[0m | [1mINFO    [0m | [36menvs.hitter[0m:[36m_log_ball_planner_wait_state[0m:[36m694[0m - [1mWaiting for ball estimator: samples=0/31 visible=False ready=False pos=[-0.10792696 -0.04923557  0.75386083] vel=[-2.227857   -0.14361611 -2.5219507 ][0m
[32m2026-06-29 18:16:37.792[0m | [1mINFO    [0m | [36menvs.hitter[0m:[36m_log_ball_planner_wait_state[0m:[36m694[0m - [1mWaiting for ball estimator: samples=0/31 visible=False ready=False pos=[-0.10792696 -0.04923557  0.75386083] vel=[-2.227857   -0.14361611 -2.5219507 ][0m
[32m2026-06-29 18:16:38.294[0m | [1mINFO    [0m | [36menvs.hitter[0m:[36m_log_ball_planner_wait_state[0m:[36m694[0m - [1mWaiting for ball estimator: samples=0/31 visible=False ready=False pos=[-0.10792696 -0.04923557  0.75386083] vel=[-2.227857   -0.14361611 -2.5219507 ][0m
[32m2026-06-29 18:16:38.796[0m | [1mINFO    [0m | [36menvs.hitter[0m:[36m_log_ball_planner_wait_state[0m:[36m694[0m - [1mWaiting for ball estimator: samples=0/31 visible=False ready=False pos=[-0.10792696 -0.04923557  0.75386083] vel=[-2.227857   -0.14361611 -2.5219507 ][0m
[32m2026-06-29 18:16:39.298[0m | [1mINFO    [0m | [36menvs.hitter[0m:[36m_log_ball_planner_wait_state[0m:[36m694[0m - [1mWaiting for ball estimator: samples=0/31 visible=False ready=False pos=[-0.10792696 -0.04923557  0.75386083] vel=[-2.227857   -0.14361611 -2.5219507 ][0m
[32m2026-06-29 18:16:39.800[0m | [1mINFO    [0m | [36menvs.hitter[0m:[36m_log_ball_planner_wait_state[0m:[36m694[0m - [1mWaiting for ball estimator: samples=0/31 visible=False ready=False pos=[-0.10792696 -0.04923557  0.75386083] vel=[-2.227857   -0.14361611 -2.5219507 ][0m
[32m2026-06-29 18:16:40.303[0m | [1mINFO    [0m | [36menvs.hitter[0m:[36m_log_ball_planner_wait_state[0m:[36m694[0m - [1mWaiting for ball estimator: samples=0/31 visible=False ready=False pos=[-0.10792696 -0.04923557  0.75386083] vel=[-2.227857   -0.14361611 -2.5219507 ][0m
[32m2026-06-29 18:16:40.804[0m | [1mINFO    [0m | [36menvs.hitter[0m:[36m_log_ball_planner_wait_state[0m:[36m694[0m - [1mWaiting for ball estimator: samples=0/31 visible=False ready=False pos=[-0.10792696 -0.04923557  0.75386083] vel=[-2.227857   -0.14361611 -2.5219507 ][0m
[32m2026-06-29 18:16:41.306[0m | [1mINFO    [0m | [36menvs.hitter[0m:[36m_log_ball_planner_wait_state[0m:[36m694[0m - [1mWaiting for ball estimator: samples=0/31 visible=False ready=False pos=[-0.10792696 -0.04923557  0.75386083] vel=[-2.227857   -0.14361611 -2.5219507 ][0m
[32m2026-06-29 18:16:41.808[0m | [1mINFO    [0m | [36menvs.hitter[0m:[36m_log_ball_planner_wait_state[0m:[36m694[0m - [1mWaiting for ball estimator: samples=0/31 visible=False ready=False pos=[-0.10792696 -0.04923557  0.75386083] vel=[-2.227857   -0.14361611 -2.5219507 ][0m
[32m2026-06-29 18:16:42.309[0m | [1mINFO    [0m | [36menvs.hitter[0m:[36m_log_ball_planner_wait_state[0m:[36m694[0m - [1mWaiting for ball estimator: samples=0/31 visible=False ready=False pos=[-0.10792696 -0.04923557  0.75386083] vel=[-2.227857   -0.14361611 -2.5219507 ][0m
[32m2026-06-29 18:16:42.812[0m | [1mINFO    [0m | [36menvs.hitter[0m:[36m_log_ball_planner_wait_state[0m:[36m694[0m - [1mWaiting for ball estimator: samples=0/31 visible=False ready=False pos=[-0.10792696 -0.04923557  0.75386083] vel=[-2.227857   -0.14361611 -2.5219507 ][0m
[32m2026-06-29 18:16:43.313[0m | [1mINFO    [0m | [36menvs.hitter[0m:[36m_log_ball_planner_wait_state[0m:[36m694[0m - [1mWaiting for ball estimator: samples=0/31 visible=False ready=False pos=[-0.10792696 -0.04923557  0.75386083] vel=[-2.227857   -0.14361611 -2.5219507 ][0m
[32m2026-06-29 18:16:43.815[0m | [1mINFO    [0m | [36menvs.hitter[0m:[36m_log_ball_planner_wait_state[0m:[36m694[0m - [1mWaiting for ball estimator: samples=0/31 visible=False ready=False pos=[-0.10792696 -0.04923557  0.75386083] vel=[-2.227857   -0.14361611 -2.5219507 ][0m
[32m2026-06-29 18:16:44.317[0m | [1mINFO    [0m | [36menvs.hitter[0m:[36m_log_ball_planner_wait_state[0m:[36m694[0m - [1mWaiting for ball estimator: samples=0/31 visible=False ready=False pos=[-0.10792696 -0.04923557  0.75386083] vel=[-2.227857   -0.14361611 -2.5219507 ][0m
[32m2026-06-29 18:16:44.821[0m | [1mINFO    [0m | [36menvs.hitter[0m:[36m_log_ball_planner_wait_state[0m:[36m694[0m - [1mWaiting for ball estimator: samples=0/31 visible=False ready=False pos=[-0.10792696 -0.04923557  0.75386083] vel=[-2.227857   -0.14361611 -2.5219507 ][0m
[32m2026-06-29 18:16:45.256[0m | [33m[1mWARNING [0m | [36magents.loco_hitter_agent[0m:[36mrun[0m:[36m270[0m - [33m[1mStep timeout: -0.0193s[0m
[32m2026-06-29 18:16:45.339[0m | [1mINFO    [0m | [36menvs.hitter[0m:[36m_log_ball_planner_wait_state[0m:[36m694[0m - [1mWaiting for ball estimator: samples=0/31 visible=False ready=False pos=[-0.10792696 -0.04923557  0.75386083] vel=[-2.227857   -0.14361611 -2.5219507 ][0m
[32m2026-06-29 18:16:45.841[0m | [1mINFO    [0m | [36menvs.hitter[0m:[36m_log_ball_planner_wait_state[0m:[36m694[0m - [1mWaiting for ball estimator: samples=0/31 visible=False ready=False pos=[-0.10792696 -0.04923557  0.75386083] vel=[-2.227857   -0.14361611 -2.5219507 ][0m
[32m2026-06-29 18:16:46.345[0m | [1mINFO    [0m | [36menvs.hitter[0m:[36m_log_ball_planner_wait_state[0m:[36m694[0m - [1mWaiting for ball estimator: samples=0/31 visible=False ready=False pos=[-0.10792696 -0.04923557  0.75386083] vel=[-2.227857   -0.14361611 -2.5219507 ][0m
[32m2026-06-29 18:16:46.846[0m | [1mINFO    [0m | [36menvs.hitter[0m:[36m_log_ball_planner_wait_state[0m:[36m694[0m - [1mWaiting for ball estimator: samples=0/31 visible=False ready=False pos=[-0.10792696 -0.04923557  0.75386083] vel=[-2.227857   -0.14361611 -2.5219507 ][0m
[32m2026-06-29 18:16:47.347[0m | [1mINFO    [0m | [36menvs.hitter[0m:[36m_log_ball_planner_wait_state[0m:[36m694[0m - [1mWaiting for ball estimator: samples=0/31 visible=False ready=False pos=[-0.10792696 -0.04923557  0.75386083] vel=[-2.227857   -0.14361611 -2.5219507 ][0m
[32m2026-06-29 18:16:47.849[0m | [1mINFO    [0m | [36menvs.hitter[0m:[36m_log_ball_planner_wait_state[0m:[36m694[0m - [1mWaiting for ball estimator: samples=0/31 visible=False ready=False pos=[-0.10792696 -0.04923557  0.75386083] vel=[-2.227857   -0.14361611 -2.5219507 ][0m
[32m2026-06-29 18:16:48.351[0m | [1mINFO    [0m | [36menvs.hitter[0m:[36m_log_ball_planner_wait_state[0m:[36m694[0m - [1mWaiting for ball estimator: samples=0/31 visible=False ready=False pos=[-0.10792696 -0.04923557  0.75386083] vel=[-2.227857   -0.14361611 -2.5219507 ][0m
[32m2026-06-29 18:16:48.852[0m | [1mINFO    [0m | [36menvs.hitter[0m:[36m_log_ball_planner_wait_state[0m:[36m694[0m - [1mWaiting for ball estimator: samples=0/31 visible=False ready=False pos=[-0.10792696 -0.04923557  0.75386083] vel=[-2.227857   -0.14361611 -2.5219507 ][0m
[32m2026-06-29 18:16:49.354[0m | [1mINFO    [0m | [36menvs.hitter[0m:[36m_log_ball_planner_wait_state[0m:[36m694[0m - [1mWaiting for ball estimator: samples=0/31 visible=False ready=False pos=[-0.10792696 -0.04923557  0.75386083] vel=[-2.227857   -0.14361611 -2.5219507 ][0m
[32m2026-06-29 18:16:49.859[0m | [1mINFO    [0m | [36menvs.hitter[0m:[36m_log_ball_planner_wait_state[0m:[36m694[0m - [1mWaiting for ball estimator: samples=0/31 visible=False ready=False pos=[-0.10792696 -0.04923557  0.75386083] vel=[-2.227857   -0.14361611 -2.5219507 ][0m
[32m2026-06-29 18:16:50.378[0m | [1mINFO    [0m | [36menvs.hitter[0m:[36m_log_ball_planner_wait_state[0m:[36m694[0m - [1mWaiting for ball estimator: samples=0/31 visible=False ready=False pos=[-0.10792696 -0.04923557  0.75386083] vel=[-2.227857   -0.14361611 -2.5219507 ][0m
[32m2026-06-29 18:16:50.543[0m | [33m[1mWARNING [0m | [36magents.loco_hitter_agent[0m:[36mrun[0m:[36m270[0m - [33m[1mStep timeout: -0.0079s[0m
[32m2026-06-29 18:16:50.889[0m | [1mINFO    [0m | [36menvs.hitter[0m:[36m_log_ball_planner_wait_state[0m:[36m694[0m - [1mWaiting for ball estimator: samples=0/31 visible=False ready=False pos=[-0.10792696 -0.04923557  0.75386083] vel=[-2.227857   -0.14361611 -2.5219507 ][0m
[32m2026-06-29 18:16:51.389[0m | [1mINFO    [0m | [36menvs.hitter[0m:[36m_log_ball_planner_wait_state[0m:[36m694[0m - [1mWaiting for ball estimator: samples=0/31 visible=False ready=False pos=[-0.10792696 -0.04923557  0.75386083] vel=[-2.227857   -0.14361611 -2.5219507 ][0m
[32m2026-06-29 18:16:51.891[0m | [1mINFO    [0m | [36menvs.hitter[0m:[36m_log_ball_planner_wait_state[0m:[36m694[0m - [1mWaiting for ball estimator: samples=0/31 visible=False ready=False pos=[-0.10792696 -0.04923557  0.75386083] vel=[-2.227857   -0.14361611 -2.5219507 ][0m
[32m2026-06-29 18:16:52.195[0m | [33m[1mWARNING [0m | [36magents.loco_hitter_agent[0m:[36mrun[0m:[36m270[0m - [33m[1mStep timeout: -0.0057s[0m
[32m2026-06-29 18:16:52.399[0m | [1mINFO    [0m | [36menvs.hitter[0m:[36m_log_ball_planner_wait_state[0m:[36m694[0m - [1mWaiting for ball estimator: samples=0/31 visible=False ready=False pos=[-0.10792696 -0.04923557  0.75386083] vel=[-2.227857   -0.14361611 -2.5219507 ][0m
[32m2026-06-29 18:16:52.901[0m | [1mINFO    [0m | [36menvs.hitter[0m:[36m_log_ball_planner_wait_state[0m:[36m694[0m - [1mWaiting for ball estimator: samples=0/31 visible=False ready=False pos=[-0.10792696 -0.04923557  0.75386083] vel=[-2.227857   -0.14361611 -2.5219507 ][0m
[32m2026-06-29 18:16:53.403[0m | [1mINFO    [0m | [36menvs.hitter[0m:[36m_log_ball_planner_wait_state[0m:[36m694[0m - [1mWaiting for ball estimator: samples=0/31 visible=False ready=False pos=[-0.10792696 -0.04923557  0.75386083] vel=[-2.227857   -0.14361611 -2.5219507 ][0m
[32m2026-06-29 18:16:53.905[0m | [1mINFO    [0m | [36menvs.hitter[0m:[36m_log_ball_planner_wait_state[0m:[36m694[0m - [1mWaiting for ball estimator: samples=0/31 visible=False ready=False pos=[-0.10792696 -0.04923557  0.75386083] vel=[-2.227857   -0.14361611 -2.5219507 ][0m
[32m2026-06-29 18:16:54.407[0m | [1mINFO    [0m | [36menvs.hitter[0m:[36m_log_ball_planner_wait_state[0m:[36m694[0m - [1mWaiting for ball estimator: samples=0/31 visible=False ready=False pos=[-0.10792696 -0.04923557  0.75386083] vel=[-2.227857   -0.14361611 -2.5219507 ][0m
[32m2026-06-29 18:16:54.909[0m | [1mINFO    [0m | [36menvs.hitter[0m:[36m_log_ball_planner_wait_state[0m:[36m694[0m - [1mWaiting for ball estimator: samples=0/31 visible=False ready=False pos=[-0.10792696 -0.04923557  0.75386083] vel=[-2.227857   -0.14361611 -2.5219507 ][0m
[32m2026-06-29 18:16:55.410[0m | [1mINFO    [0m | [36menvs.hitter[0m:[36m_log_ball_planner_wait_state[0m:[36m694[0m - [1mWaiting for ball estimator: samples=0/31 visible=False ready=False pos=[-0.10792696 -0.04923557  0.75386083] vel=[-2.227857   -0.14361611 -2.5219507 ][0m
[32m2026-06-29 18:16:55.912[0m | [1mINFO    [0m | [36menvs.hitter[0m:[36m_log_ball_planner_wait_state[0m:[36m694[0m - [1mWaiting for ball estimator: samples=0/31 visible=False ready=False pos=[-0.10792696 -0.04923557  0.75386083] vel=[-2.227857   -0.14361611 -2.5219507 ][0m
[32m2026-06-29 18:16:56.091[0m | [33m[1mWARNING [0m | [36magents.loco_hitter_agent[0m:[36mrun[0m:[36m270[0m - [33m[1mStep timeout: -0.0018s[0m
[32m2026-06-29 18:16:56.416[0m | [1mINFO    [0m | [36menvs.hitter[0m:[36m_log_ball_planner_wait_state[0m:[36m694[0m - [1mWaiting for ball estimator: samples=0/31 visible=False ready=False pos=[-0.10792696 -0.04923557  0.75386083] vel=[-2.227857   -0.14361611 -2.5219507 ][0m
[32m2026-06-29 18:16:56.918[0m | [1mINFO    [0m | [36menvs.hitter[0m:[36m_log_ball_planner_wait_state[0m:[36m694[0m - [1mWaiting for ball estimator: samples=0/31 visible=False ready=False pos=[-0.10792696 -0.04923557  0.75386083] vel=[-2.227857   -0.14361611 -2.5219507 ][0m
[32m2026-06-29 18:16:57.423[0m | [1mINFO    [0m | [36menvs.hitter[0m:[36m_log_ball_planner_wait_state[0m:[36m694[0m - [1mWaiting for ball estimator: samples=0/31 visible=False ready=False pos=[-0.10792696 -0.04923557  0.75386083] vel=[-2.227857   -0.14361611 -2.5219507 ][0m
[32m2026-06-29 18:16:57.942[0m | [1mINFO    [0m | [36menvs.hitter[0m:[36m_log_ball_planner_wait_state[0m:[36m694[0m - [1mWaiting for ball estimator: samples=0/31 visible=False ready=False pos=[-0.10792696 -0.04923557  0.75386083] vel=[-2.227857   -0.14361611 -2.5219507 ][0m
[32m2026-06-29 18:16:58.480[0m | [1mINFO    [0m | [36menvs.hitter[0m:[36m_log_ball_planner_wait_state[0m:[36m694[0m - [1mWaiting for ball estimator: samples=0/31 visible=False ready=False pos=[-0.10792696 -0.04923557  0.75386083] vel=[-2.227857   -0.14361611 -2.5219507 ][0m
[32m2026-06-29 18:16:58.485[0m | [33m[1mWARNING [0m | [36magents.loco_hitter_agent[0m:[36mrun[0m:[36m270[0m - [33m[1mStep timeout: -0.0253s[0m
[32m2026-06-29 18:16:58.990[0m | [1mINFO    [0m | [36menvs.hitter[0m:[36m_log_ball_planner_wait_state[0m:[36m694[0m - [1mWaiting for ball estimator: samples=0/31 visible=False ready=False pos=[-0.10792696 -0.04923557  0.75386083] vel=[-2.227857   -0.14361611 -2.5219507 ][0m
[32m2026-06-29 18:16:59.492[0m | [1mINFO    [0m | [36menvs.hitter[0m:[36m_log_ball_planner_wait_state[0m:[36m694[0m - [1mWaiting for ball estimator: samples=0/31 visible=False ready=False pos=[-0.10792696 -0.04923557  0.75386083] vel=[-2.227857   -0.14361611 -2.5219507 ][0m
[32m2026-06-29 18:16:59.994[0m | [1mINFO    [0m | [36menvs.hitter[0m:[36m_log_ball_planner_wait_state[0m:[36m694[0m - [1mWaiting for ball estimator: samples=0/31 visible=False ready=False pos=[-0.10792696 -0.04923557  0.75386083] vel=[-2.227857   -0.14361611 -2.5219507 ][0m
[32m2026-06-29 18:17:00.496[0m | [1mINFO    [0m | [36menvs.hitter[0m:[36m_log_ball_planner_wait_state[0m:[36m694[0m - [1mWaiting for ball estimator: samples=0/31 visible=False ready=False pos=[-0.10792696 -0.04923557  0.75386083] vel=[-2.227857   -0.14361611 -2.5219507 ][0m
[32m2026-06-29 18:17:01.000[0m | [1mINFO    [0m | [36menvs.hitter[0m:[36m_log_ball_planner_wait_state[0m:[36m694[0m - [1mWaiting for ball estimator: samples=0/31 visible=False ready=False pos=[-0.10792696 -0.04923557  0.75386083] vel=[-2.227857   -0.14361611 -2.5219507 ][0m
[32m2026-06-29 18:17:01.500[0m | [1mINFO    [0m | [36menvs.hitter[0m:[36m_log_ball_planner_wait_state[0m:[36m694[0m - [1mWaiting for ball estimator: samples=0/31 visible=False ready=False pos=[-0.10792696 -0.04923557  0.75386083] vel=[-2.227857   -0.14361611 -2.5219507 ][0m
[32m2026-06-29 18:17:02.002[0m | [1mINFO    [0m | [36menvs.hitter[0m:[36m_log_ball_planner_wait_state[0m:[36m694[0m - [1mWaiting for ball estimator: samples=0/31 visible=False ready=False pos=[-0.10792696 -0.04923557  0.75386083] vel=[-2.227857   -0.14361611 -2.5219507 ][0m
[32m2026-06-29 18:17:02.505[0m | [1mINFO    [0m | [36menvs.hitter[0m:[36m_log_ball_planner_wait_state[0m:[36m694[0m - [1mWaiting for ball estimator: samples=0/31 visible=False ready=False pos=[-0.10792696 -0.04923557  0.75386083] vel=[-2.227857   -0.14361611 -2.5219507 ][0m
[32m2026-06-29 18:17:03.007[0m | [1mINFO    [0m | [36menvs.hitter[0m:[36m_log_ball_planner_wait_state[0m:[36m694[0m - [1mWaiting for ball estimator: samples=0/31 visible=False ready=False pos=[-0.10792696 -0.04923557  0.75386083] vel=[-2.227857   -0.14361611 -2.5219507 ][0m
[32m2026-06-29 18:17:03.488[0m | [33m[1mWARNING [0m | [36magents.loco_hitter_agent[0m:[36mrun[0m:[36m270[0m - [33m[1mStep timeout: -0.0033s[0m
[32m2026-06-29 18:17:03.514[0m | [1mINFO    [0m | [36menvs.hitter[0m:[36m_log_ball_planner_wait_state[0m:[36m694[0m - [1mWaiting for ball estimator: samples=0/31 visible=False ready=False pos=[-0.10792696 -0.04923557  0.75386083] vel=[-2.227857   -0.14361611 -2.5219507 ][0m
[32m2026-06-29 18:17:04.034[0m | [1mINFO    [0m | [36menvs.hitter[0m:[36m_log_ball_planner_wait_state[0m:[36m694[0m - [1mWaiting for ball estimator: samples=0/31 visible=False ready=False pos=[-0.10792696 -0.04923557  0.75386083] vel=[-2.227857   -0.14361611 -2.5219507 ][0m
[32m2026-06-29 18:17:04.398[0m | [33m[1mWARNING [0m | [36magents.loco_hitter_agent[0m:[36mrun[0m:[36m270[0m - [33m[1mStep timeout: -0.0066s[0m
[32m2026-06-29 18:17:04.543[0m | [1mINFO    [0m | [36menvs.hitter[0m:[36m_log_ball_planner_wait_state[0m:[36m694[0m - [1mWaiting for ball estimator: samples=0/31 visible=False ready=False pos=[-0.10792696 -0.04923557  0.75386083] vel=[-2.227857   -0.14361611 -2.5219507 ][0m
[32m2026-06-29 18:17:05.046[0m | [1mINFO    [0m | [36menvs.hitter[0m:[36m_log_ball_planner_wait_state[0m:[36m694[0m - [1mWaiting for ball estimator: samples=0/31 visible=False ready=False pos=[-0.10792696 -0.04923557  0.75386083] vel=[-2.227857   -0.14361611 -2.5219507 ][0m
[32m2026-06-29 18:17:05.547[0m | [1mINFO    [0m | [36menvs.hitter[0m:[36m_log_ball_planner_wait_state[0m:[36m694[0m - [1mWaiting for ball estimator: samples=0/31 visible=False ready=False pos=[-0.10792696 -0.04923557  0.75386083] vel=[-2.227857   -0.14361611 -2.5219507 ][0m
[32m2026-06-29 18:17:06.049[0m | [1mINFO    [0m | [36menvs.hitter[0m:[36m_log_ball_planner_wait_state[0m:[36m694[0m - [1mWaiting for ball estimator: samples=0/31 visible=False ready=False pos=[-0.10792696 -0.04923557  0.75386083] vel=[-2.227857   -0.14361611 -2.5219507 ][0m
[32m2026-06-29 18:17:06.551[0m | [1mINFO    [0m | [36menvs.hitter[0m:[36m_log_ball_planner_wait_state[0m:[36m694[0m - [1mWaiting for ball estimator: samples=0/31 visible=False ready=False pos=[-0.10792696 -0.04923557  0.75386083] vel=[-2.227857   -0.14361611 -2.5219507 ][0m
[32m2026-06-29 18:17:07.053[0m | [1mINFO    [0m | [36menvs.hitter[0m:[36m_log_ball_planner_wait_state[0m:[36m694[0m - [1mWaiting for ball estimator: samples=0/31 visible=False ready=False pos=[-0.10792696 -0.04923557  0.75386083] vel=[-2.227857   -0.14361611 -2.5219507 ][0m
[32m2026-06-29 18:17:07.555[0m | [1mINFO    [0m | [36menvs.hitter[0m:[36m_log_ball_planner_wait_state[0m:[36m694[0m - [1mWaiting for ball estimator: samples=0/31 visible=False ready=False pos=[-0.10792696 -0.04923557  0.75386083] vel=[-2.227857   -0.14361611 -2.5219507 ][0m
[32m2026-06-29 18:17:08.057[0m | [1mINFO    [0m | [36menvs.hitter[0m:[36m_log_ball_planner_wait_state[0m:[36m694[0m - [1mWaiting for ball estimator: samples=0/31 visible=False ready=False pos=[-0.10792696 -0.04923557  0.75386083] vel=[-2.227857   -0.14361611 -2.5219507 ][0m
[32m2026-06-29 18:17:08.558[0m | [1mINFO    [0m | [36menvs.hitter[0m:[36m_log_ball_planner_wait_state[0m:[36m694[0m - [1mWaiting for ball estimator: samples=0/31 visible=False ready=False pos=[-0.10792696 -0.04923557  0.75386083] vel=[-2.227857   -0.14361611 -2.5219507 ][0m
[32m2026-06-29 18:17:09.060[0m | [1mINFO    [0m | [36menvs.hitter[0m:[36m_log_ball_planner_wait_state[0m:[36m694[0m - [1mWaiting for ball estimator: samples=0/31 visible=False ready=False pos=[-0.10792696 -0.04923557  0.75386083] vel=[-2.227857   -0.14361611 -2.5219507 ][0m
[32m2026-06-29 18:17:09.563[0m | [1mINFO    [0m | [36menvs.hitter[0m:[36m_log_ball_planner_wait_state[0m:[36m694[0m - [1mWaiting for ball estimator: samples=0/31 visible=False ready=False pos=[-0.10792696 -0.04923557  0.75386083] vel=[-2.227857   -0.14361611 -2.5219507 ][0m
[32m2026-06-29 18:17:10.065[0m | [1mINFO    [0m | [36menvs.hitter[0m:[36m_log_ball_planner_wait_state[0m:[36m694[0m - [1mWaiting for ball estimator: samples=0/31 visible=False ready=False pos=[-0.10792696 -0.04923557  0.75386083] vel=[-2.227857   -0.14361611 -2.5219507 ][0m
[32m2026-06-29 18:17:10.566[0m | [1mINFO    [0m | [36menvs.hitter[0m:[36m_log_ball_planner_wait_state[0m:[36m694[0m - [1mWaiting for ball estimator: samples=0/31 visible=False ready=False pos=[-0.10792696 -0.04923557  0.75386083] vel=[-2.227857   -0.14361611 -2.5219507 ][0m
[32m2026-06-29 18:17:11.068[0m | [1mINFO    [0m | [36menvs.hitter[0m:[36m_log_ball_planner_wait_state[0m:[36m694[0m - [1mWaiting for ball estimator: samples=0/31 visible=False ready=False pos=[-0.10792696 -0.04923557  0.75386083] vel=[-2.227857   -0.14361611 -2.5219507 ][0m
[32m2026-06-29 18:17:11.567[0m | [33m[1mWARNING [0m | [36magents.loco_hitter_agent[0m:[36mrun[0m:[36m270[0m - [33m[1mStep timeout: -0.0205s[0m
[32m2026-06-29 18:17:11.571[0m | [1mINFO    [0m | [36menvs.hitter[0m:[36m_log_ball_planner_wait_state[0m:[36m694[0m - [1mWaiting for ball estimator: samples=0/31 visible=False ready=False pos=[-0.10792696 -0.04923557  0.75386083] vel=[-2.227857   -0.14361611 -2.5219507 ][0m
[32m2026-06-29 18:17:12.072[0m | [1mINFO    [0m | [36menvs.hitter[0m:[36m_log_ball_planner_wait_state[0m:[36m694[0m - [1mWaiting for ball estimator: samples=0/31 visible=False ready=False pos=[-0.10792696 -0.04923557  0.75386083] vel=[-2.227857   -0.14361611 -2.5219507 ][0m
[32m2026-06-29 18:17:12.574[0m | [1mINFO    [0m | [36menvs.hitter[0m:[36m_log_ball_planner_wait_state[0m:[36m694[0m - [1mWaiting for ball estimator: samples=0/31 visible=False ready=False pos=[-0.10792696 -0.04923557  0.75386083] vel=[-2.227857   -0.14361611 -2.5219507 ][0m
[32m2026-06-29 18:17:13.076[0m | [1mINFO    [0m | [36menvs.hitter[0m:[36m_log_ball_planner_wait_state[0m:[36m694[0m - [1mWaiting for ball estimator: samples=0/31 visible=False ready=False pos=[-0.10792696 -0.04923557  0.75386083] vel=[-2.227857   -0.14361611 -2.5219507 ][0m
[32m2026-06-29 18:17:13.578[0m | [1mINFO    [0m | [36menvs.hitter[0m:[36m_log_ball_planner_wait_state[0m:[36m694[0m - [1mWaiting for ball estimator: samples=0/31 visible=False ready=False pos=[-0.10792696 -0.04923557  0.75386083] vel=[-2.227857   -0.14361611 -2.5219507 ][0m
[32m2026-06-29 18:17:14.080[0m | [1mINFO    [0m | [36menvs.hitter[0m:[36m_log_ball_planner_wait_state[0m:[36m694[0m - [1mWaiting for ball estimator: samples=0/31 visible=False ready=False pos=[-0.10792696 -0.04923557  0.75386083] vel=[-2.227857   -0.14361611 -2.5219507 ][0m
[32m2026-06-29 18:17:14.582[0m | [1mINFO    [0m | [36menvs.hitter[0m:[36m_log_ball_planner_wait_state[0m:[36m694[0m - [1mWaiting for ball estimator: samples=0/31 visible=False ready=False pos=[-0.10792696 -0.04923557  0.75386083] vel=[-2.227857   -0.14361611 -2.5219507 ][0m
[32m2026-06-29 18:17:15.084[0m | [1mINFO    [0m | [36menvs.hitter[0m:[36m_log_ball_planner_wait_state[0m:[36m694[0m - [1mWaiting for ball estimator: samples=0/31 visible=False ready=False pos=[-0.10792696 -0.04923557  0.75386083] vel=[-2.227857   -0.14361611 -2.5219507 ][0m
[32m2026-06-29 18:17:15.586[0m | [1mINFO    [0m | [36menvs.hitter[0m:[36m_log_ball_planner_wait_state[0m:[36m694[0m - [1mWaiting for ball estimator: samples=0/31 visible=False ready=False pos=[-0.10792696 -0.04923557  0.75386083] vel=[-2.227857   -0.14361611 -2.5219507 ][0m
[32m2026-06-29 18:17:16.088[0m | [1mINFO    [0m | [36menvs.hitter[0m:[36m_log_ball_planner_wait_state[0m:[36m694[0m - [1mWaiting for ball estimator: samples=0/31 visible=False ready=False pos=[-0.10792696 -0.04923557  0.75386083] vel=[-2.227857   -0.14361611 -2.5219507 ][0m
[32m2026-06-29 18:17:16.591[0m | [1mINFO    [0m | [36menvs.hitter[0m:[36m_log_ball_planner_wait_state[0m:[36m694[0m - [1mWaiting for ball estimator: samples=0/31 visible=False ready=False pos=[-0.10792696 -0.04923557  0.75386083] vel=[-2.227857   -0.14361611 -2.5219507 ][0m
[32m2026-06-29 18:17:17.092[0m | [1mINFO    [0m | [36menvs.hitter[0m:[36m_log_ball_planner_wait_state[0m:[36m694[0m - [1mWaiting for ball estimator: samples=0/31 visible=False ready=False pos=[-0.10792696 -0.04923557  0.75386083] vel=[-2.227857   -0.14361611 -2.5219507 ][0m
[32m2026-06-29 18:17:17.594[0m | [1mINFO    [0m | [36menvs.hitter[0m:[36m_log_ball_planner_wait_state[0m:[36m694[0m - [1mWaiting for ball estimator: samples=0/31 visible=False ready=False pos=[-0.10792696 -0.04923557  0.75386083] vel=[-2.227857   -0.14361611 -2.5219507 ][0m
[32m2026-06-29 18:17:18.098[0m | [1mINFO    [0m | [36menvs.hitter[0m:[36m_log_ball_planner_wait_state[0m:[36m694[0m - [1mWaiting for ball estimator: samples=0/31 visible=False ready=False pos=[-0.10792696 -0.04923557  0.75386083] vel=[-2.227857   -0.14361611 -2.5219507 ][0m
[32m2026-06-29 18:17:18.601[0m | [1mINFO    [0m | [36menvs.hitter[0m:[36m_log_ball_planner_wait_state[0m:[36m694[0m - [1mWaiting for ball estimator: samples=0/31 visible=False ready=False pos=[-0.10792696 -0.04923557  0.75386083] vel=[-2.227857   -0.14361611 -2.5219507 ][0m
[32m2026-06-29 18:17:19.121[0m | [1mINFO    [0m | [36menvs.hitter[0m:[36m_log_ball_planner_wait_state[0m:[36m694[0m - [1mWaiting for ball estimator: samples=0/31 visible=False ready=False pos=[-0.10792696 -0.04923557  0.75386083] vel=[-2.227857   -0.14361611 -2.5219507 ][0m
[32m2026-06-29 18:17:19.622[0m | [1mINFO    [0m | [36menvs.hitter[0m:[36m_log_ball_planner_wait_state[0m:[36m694[0m - [1mWaiting for ball estimator: samples=0/31 visible=False ready=False pos=[-0.10792696 -0.04923557  0.75386083] vel=[-2.227857   -0.14361611 -2.5219507 ][0m
[32m2026-06-29 18:17:20.123[0m | [1mINFO    [0m | [36menvs.hitter[0m:[36m_log_ball_planner_wait_state[0m:[36m694[0m - [1mWaiting for ball estimator: samples=0/31 visible=False ready=False pos=[-0.10792696 -0.04923557  0.75386083] vel=[-2.227857   -0.14361611 -2.5219507 ][0m
[32m2026-06-29 18:17:20.625[0m | [1mINFO    [0m | [36menvs.hitter[0m:[36m_log_ball_planner_wait_state[0m:[36m694[0m - [1mWaiting for ball estimator: samples=0/31 visible=False ready=False pos=[-0.10792696 -0.04923557  0.75386083] vel=[-2.227857   -0.14361611 -2.5219507 ][0m
[32m2026-06-29 18:17:21.128[0m | [1mINFO    [0m | [36menvs.hitter[0m:[36m_log_ball_planner_wait_state[0m:[36m694[0m - [1mWaiting for ball estimator: samples=0/31 visible=False ready=False pos=[-0.10792696 -0.04923557  0.75386083] vel=[-2.227857   -0.14361611 -2.5219507 ][0m
[32m2026-06-29 18:17:21.632[0m | [1mINFO    [0m | [36menvs.hitter[0m:[36m_log_ball_planner_wait_state[0m:[36m694[0m - [1mWaiting for ball estimator: samples=0/31 visible=False ready=False pos=[-0.10792696 -0.04923557  0.75386083] vel=[-2.227857   -0.14361611 -2.5219507 ][0m
[32m2026-06-29 18:17:22.134[0m | [1mINFO    [0m | [36menvs.hitter[0m:[36m_log_ball_planner_wait_state[0m:[36m694[0m - [1mWaiting for ball estimator: samples=0/31 visible=False ready=False pos=[-0.10792696 -0.04923557  0.75386083] vel=[-2.227857   -0.14361611 -2.5219507 ][0m
[32m2026-06-29 18:17:22.653[0m | [1mINFO    [0m | [36menvs.hitter[0m:[36m_log_ball_planner_wait_state[0m:[36m694[0m - [1mWaiting for ball estimator: samples=0/31 visible=False ready=False pos=[-0.10792696 -0.04923557  0.75386083] vel=[-2.227857   -0.14361611 -2.5219507 ][0m
[32m2026-06-29 18:17:23.155[0m | [1mINFO    [0m | [36menvs.hitter[0m:[36m_log_ball_planner_wait_state[0m:[36m694[0m - [1mWaiting for ball estimator: samples=0/31 visible=False ready=False pos=[-0.10792696 -0.04923557  0.75386083] vel=[-2.227857   -0.14361611 -2.5219507 ][0m
[32m2026-06-29 18:17:23.656[0m | [1mINFO    [0m | [36menvs.hitter[0m:[36m_log_ball_planner_wait_state[0m:[36m694[0m - [1mWaiting for ball estimator: samples=0/31 visible=False ready=False pos=[-0.10792696 -0.04923557  0.75386083] vel=[-2.227857   -0.14361611 -2.5219507 ][0m
[32m2026-06-29 18:17:24.159[0m | [1mINFO    [0m | [36menvs.hitter[0m:[36m_log_ball_planner_wait_state[0m:[36m694[0m - [1mWaiting for ball estimator: samples=0/31 visible=False ready=False pos=[-0.10792696 -0.04923557  0.75386083] vel=[-2.227857   -0.14361611 -2.5219507 ][0m
[32m2026-06-29 18:17:24.456[0m | [33m[1mWARNING [0m | [36magents.loco_hitter_agent[0m:[36mrun[0m:[36m270[0m - [33m[1mStep timeout: -0.0201s[0m
[32m2026-06-29 18:17:24.660[0m | [1mINFO    [0m | [36menvs.hitter[0m:[36m_log_ball_planner_wait_state[0m:[36m694[0m - [1mWaiting for ball estimator: samples=0/31 visible=False ready=False pos=[-0.10792696 -0.04923557  0.75386083] vel=[-2.227857   -0.14361611 -2.5219507 ][0m
[32m2026-06-29 18:17:25.162[0m | [1mINFO    [0m | [36menvs.hitter[0m:[36m_log_ball_planner_wait_state[0m:[36m694[0m - [1mWaiting for ball estimator: samples=0/31 visible=False ready=False pos=[-0.10792696 -0.04923557  0.75386083] vel=[-2.227857   -0.14361611 -2.5219507 ][0m
[32m2026-06-29 18:17:25.650[0m | [33m[1mWARNING [0m | [36magents.loco_hitter_agent[0m:[36mrun[0m:[36m270[0m - [33m[1mStep timeout: -0.0103s[0m
[32m2026-06-29 18:17:25.675[0m | [1mINFO    [0m | [36menvs.hitter[0m:[36m_log_ball_planner_wait_state[0m:[36m694[0m - [1mWaiting for ball estimator: samples=0/31 visible=False ready=False pos=[-0.10792696 -0.04923557  0.75386083] vel=[-2.227857   -0.14361611 -2.5219507 ][0m
[32m2026-06-29 18:17:26.176[0m | [1mINFO    [0m | [36menvs.hitter[0m:[36m_log_ball_planner_wait_state[0m:[36m694[0m - [1mWaiting for ball estimator: samples=0/31 visible=False ready=False pos=[-0.10792696 -0.04923557  0.75386083] vel=[-2.227857   -0.14361611 -2.5219507 ][0m
[32m2026-06-29 18:17:26.678[0m | [1mINFO    [0m | [36menvs.hitter[0m:[36m_log_ball_planner_wait_state[0m:[36m694[0m - [1mWaiting for ball estimator: samples=0/31 visible=False ready=False pos=[-0.10792696 -0.04923557  0.75386083] vel=[-2.227857   -0.14361611 -2.5219507 ][0m
[32m2026-06-29 18:17:27.180[0m | [1mINFO    [0m | [36menvs.hitter[0m:[36m_log_ball_planner_wait_state[0m:[36m694[0m - [1mWaiting for ball estimator: samples=0/31 visible=False ready=False pos=[-0.10792696 -0.04923557  0.75386083] vel=[-2.227857   -0.14361611 -2.5219507 ][0m
[32m2026-06-29 18:17:27.681[0m | [1mINFO    [0m | [36menvs.hitter[0m:[36m_log_ball_planner_wait_state[0m:[36m694[0m - [1mWaiting for ball estimator: samples=0/31 visible=False ready=False pos=[-0.10792696 -0.04923557  0.75386083] vel=[-2.227857   -0.14361611 -2.5219507 ][0m
[32m2026-06-29 18:17:28.183[0m | [1mINFO    [0m | [36menvs.hitter[0m:[36m_log_ball_planner_wait_state[0m:[36m694[0m - [1mWaiting for ball estimator: samples=0/31 visible=False ready=False pos=[-0.10792696 -0.04923557  0.75386083] vel=[-2.227857   -0.14361611 -2.5219507 ][0m
[32m2026-06-29 18:17:28.685[0m | [1mINFO    [0m | [36menvs.hitter[0m:[36m_log_ball_planner_wait_state[0m:[36m694[0m - [1mWaiting for ball estimator: samples=0/31 visible=False ready=False pos=[-0.10792696 -0.04923557  0.75386083] vel=[-2.227857   -0.14361611 -2.5219507 ][0m
[32m2026-06-29 18:17:29.188[0m | [1mINFO    [0m | [36menvs.hitter[0m:[36m_log_ball_planner_wait_state[0m:[36m694[0m - [1mWaiting for ball estimator: samples=0/31 visible=False ready=False pos=[-0.10792696 -0.04923557  0.75386083] vel=[-2.227857   -0.14361611 -2.5219507 ][0m
[32m2026-06-29 18:17:29.689[0m | [1mINFO    [0m | [36menvs.hitter[0m:[36m_log_ball_planner_wait_state[0m:[36m694[0m - [1mWaiting for ball estimator: samples=0/31 visible=False ready=False pos=[-0.10792696 -0.04923557  0.75386083] vel=[-2.227857   -0.14361611 -2.5219507 ][0m
[32m2026-06-29 18:17:30.192[0m | [1mINFO    [0m | [36menvs.hitter[0m:[36m_log_ball_planner_wait_state[0m:[36m694[0m - [1mWaiting for ball estimator: samples=0/31 visible=False ready=False pos=[-0.10792696 -0.04923557  0.75386083] vel=[-2.227857   -0.14361611 -2.5219507 ][0m
[32m2026-06-29 18:17:30.694[0m | [1mINFO    [0m | [36menvs.hitter[0m:[36m_log_ball_planner_wait_state[0m:[36m694[0m - [1mWaiting for ball estimator: samples=0/31 visible=False ready=False pos=[-0.10792696 -0.04923557  0.75386083] vel=[-2.227857   -0.14361611 -2.5219507 ][0m
[32m2026-06-29 18:17:31.196[0m | [1mINFO    [0m | [36menvs.hitter[0m:[36m_log_ball_planner_wait_state[0m:[36m694[0m - [1mWaiting for ball estimator: samples=0/31 visible=False ready=False pos=[-0.10792696 -0.04923557  0.75386083] vel=[-2.227857   -0.14361611 -2.5219507 ][0m
[32m2026-06-29 18:17:31.698[0m | [1mINFO    [0m | [36menvs.hitter[0m:[36m_log_ball_planner_wait_state[0m:[36m694[0m - [1mWaiting for ball estimator: samples=0/31 visible=False ready=False pos=[-0.10792696 -0.04923557  0.75386083] vel=[-2.227857   -0.14361611 -2.5219507 ][0m
[32m2026-06-29 18:17:31.860[0m | [33m[1mWARNING [0m | [36magents.loco_hitter_agent[0m:[36mrun[0m:[36m270[0m - [33m[1mStep timeout: -0.0050s[0m
[32m2026-06-29 18:17:32.205[0m | [1mINFO    [0m | [36menvs.hitter[0m:[36m_log_ball_planner_wait_state[0m:[36m694[0m - [1mWaiting for ball estimator: samples=0/31 visible=False ready=False pos=[-0.10792696 -0.04923557  0.75386083] vel=[-2.227857   -0.14361611 -2.5219507 ][0m
[32m2026-06-29 18:17:32.707[0m | [1mINFO    [0m | [36menvs.hitter[0m:[36m_log_ball_planner_wait_state[0m:[36m694[0m - [1mWaiting for ball estimator: samples=0/31 visible=False ready=False pos=[-0.10792696 -0.04923557  0.75386083] vel=[-2.227857   -0.14361611 -2.5219507 ][0m
[32m2026-06-29 18:17:33.208[0m | [1mINFO    [0m | [36menvs.hitter[0m:[36m_log_ball_planner_wait_state[0m:[36m694[0m - [1mWaiting for ball estimator: samples=0/31 visible=False ready=False pos=[-0.10792696 -0.04923557  0.75386083] vel=[-2.227857   -0.14361611 -2.5219507 ][0m
[32m2026-06-29 18:17:33.711[0m | [1mINFO    [0m | [36menvs.hitter[0m:[36m_log_ball_planner_wait_state[0m:[36m694[0m - [1mWaiting for ball estimator: samples=0/31 visible=False ready=False pos=[-0.10792696 -0.04923557  0.75386083] vel=[-2.227857   -0.14361611 -2.5219507 ][0m
[32m2026-06-29 18:17:34.212[0m | [1mINFO    [0m | [36menvs.hitter[0m:[36m_log_ball_planner_wait_state[0m:[36m694[0m - [1mWaiting for ball estimator: samples=0/31 visible=False ready=False pos=[-0.10792696 -0.04923557  0.75386083] vel=[-2.227857   -0.14361611 -2.5219507 ][0m
[32m2026-06-29 18:17:34.722[0m | [1mINFO    [0m | [36menvs.hitter[0m:[36m_log_ball_planner_wait_state[0m:[36m694[0m - [1mWaiting for ball estimator: samples=0/31 visible=False ready=False pos=[-0.10792696 -0.04923557  0.75386083] vel=[-2.227857   -0.14361611 -2.5219507 ][0m
[32m2026-06-29 18:17:35.237[0m | [1mINFO    [0m | [36menvs.hitter[0m:[36m_log_ball_planner_wait_state[0m:[36m694[0m - [1mWaiting for ball estimator: samples=0/31 visible=False ready=False pos=[-0.10792696 -0.04923557  0.75386083] vel=[-2.227857   -0.14361611 -2.5219507 ][0m
[32m2026-06-29 18:17:35.738[0m | [1mINFO    [0m | [36menvs.hitter[0m:[36m_log_ball_planner_wait_state[0m:[36m694[0m - [1mWaiting for ball estimator: samples=0/31 visible=False ready=False pos=[-0.10792696 -0.04923557  0.75386083] vel=[-2.227857   -0.14361611 -2.5219507 ][0m
[32m2026-06-29 18:17:36.241[0m | [1mINFO    [0m | [36menvs.hitter[0m:[36m_log_ball_planner_wait_state[0m:[36m694[0m - [1mWaiting for ball estimator: samples=0/31 visible=False ready=False pos=[-0.10792696 -0.04923557  0.75386083] vel=[-2.227857   -0.14361611 -2.5219507 ][0m
[32m2026-06-29 18:17:36.742[0m | [1mINFO    [0m | [36menvs.hitter[0m:[36m_log_ball_planner_wait_state[0m:[36m694[0m - [1mWaiting for ball estimator: samples=0/31 visible=False ready=False pos=[-0.10792696 -0.04923557  0.75386083] vel=[-2.227857   -0.14361611 -2.5219507 ][0m
[32m2026-06-29 18:17:37.244[0m | [1mINFO    [0m | [36menvs.hitter[0m:[36m_log_ball_planner_wait_state[0m:[36m694[0m - [1mWaiting for ball estimator: samples=0/31 visible=False ready=False pos=[-0.10792696 -0.04923557  0.75386083] vel=[-2.227857   -0.14361611 -2.5219507 ][0m
[32m2026-06-29 18:17:37.682[0m | [33m[1mWARNING [0m | [36magents.loco_hitter_agent[0m:[36mrun[0m:[36m270[0m - [33m[1mStep timeout: -0.0199s[0m
[32m2026-06-29 18:17:37.746[0m | [1mINFO    [0m | [36menvs.hitter[0m:[36m_log_ball_planner_wait_state[0m:[36m694[0m - [1mWaiting for ball estimator: samples=0/31 visible=False ready=False pos=[-0.10792696 -0.04923557  0.75386083] vel=[-2.227857   -0.14361611 -2.5219507 ][0m
[32m2026-06-29 18:17:38.248[0m | [1mINFO    [0m | [36menvs.hitter[0m:[36m_log_ball_planner_wait_state[0m:[36m694[0m - [1mWaiting for ball estimator: samples=0/31 visible=False ready=False pos=[-0.10792696 -0.04923557  0.75386083] vel=[-2.227857   -0.14361611 -2.5219507 ][0m
[32m2026-06-29 18:17:38.750[0m | [1mINFO    [0m | [36menvs.hitter[0m:[36m_log_ball_planner_wait_state[0m:[36m694[0m - [1mWaiting for ball estimator: samples=0/31 visible=False ready=False pos=[-0.10792696 -0.04923557  0.75386083] vel=[-2.227857   -0.14361611 -2.5219507 ][0m
[32m2026-06-29 18:17:39.252[0m | [1mINFO    [0m | [36menvs.hitter[0m:[36m_log_ball_planner_wait_state[0m:[36m694[0m - [1mWaiting for ball estimator: samples=0/31 visible=False ready=False pos=[-0.10792696 -0.04923557  0.75386083] vel=[-2.227857   -0.14361611 -2.5219507 ][0m
[32m2026-06-29 18:17:39.754[0m | [1mINFO    [0m | [36menvs.hitter[0m:[36m_log_ball_planner_wait_state[0m:[36m694[0m - [1mWaiting for ball estimator: samples=0/31 visible=False ready=False pos=[-0.10792696 -0.04923557  0.75386083] vel=[-2.227857   -0.14361611 -2.5219507 ][0m
[32m2026-06-29 18:17:40.256[0m | [1mINFO    [0m | [36menvs.hitter[0m:[36m_log_ball_planner_wait_state[0m:[36m694[0m - [1mWaiting for ball estimator: samples=0/31 visible=False ready=False pos=[-0.10792696 -0.04923557  0.75386083] vel=[-2.227857   -0.14361611 -2.5219507 ][0m
[32m2026-06-29 18:17:40.758[0m | [1mINFO    [0m | [36menvs.hitter[0m:[36m_log_ball_planner_wait_state[0m:[36m694[0m - [1mWaiting for ball estimator: samples=0/31 visible=False ready=False pos=[-0.10792696 -0.04923557  0.75386083] vel=[-2.227857   -0.14361611 -2.5219507 ][0m
[32m2026-06-29 18:17:41.260[0m | [1mINFO    [0m | [36menvs.hitter[0m:[36m_log_ball_planner_wait_state[0m:[36m694[0m - [1mWaiting for ball estimator: samples=0/31 visible=False ready=False pos=[-0.10792696 -0.04923557  0.75386083] vel=[-2.227857   -0.14361611 -2.5219507 ][0m
[32m2026-06-29 18:17:41.762[0m | [1mINFO    [0m | [36menvs.hitter[0m:[36m_log_ball_planner_wait_state[0m:[36m694[0m - [1mWaiting for ball estimator: samples=0/31 visible=False ready=False pos=[-0.10792696 -0.04923557  0.75386083] vel=[-2.227857   -0.14361611 -2.5219507 ][0m
[32m2026-06-29 18:17:42.264[0m | [1mINFO    [0m | [36menvs.hitter[0m:[36m_log_ball_planner_wait_state[0m:[36m694[0m - [1mWaiting for ball estimator: samples=0/31 visible=False ready=False pos=[-0.10792696 -0.04923557  0.75386083] vel=[-2.227857   -0.14361611 -2.5219507 ][0m
[32m2026-06-29 18:17:42.766[0m | [1mINFO    [0m | [36menvs.hitter[0m:[36m_log_ball_planner_wait_state[0m:[36m694[0m - [1mWaiting for ball estimator: samples=0/31 visible=False ready=False pos=[-0.10792696 -0.04923557  0.75386083] vel=[-2.227857   -0.14361611 -2.5219507 ][0m
[32m2026-06-29 18:17:43.268[0m | [1mINFO    [0m | [36menvs.hitter[0m:[36m_log_ball_planner_wait_state[0m:[36m694[0m - [1mWaiting for ball estimator: samples=0/31 visible=False ready=False pos=[-0.10792696 -0.04923557  0.75386083] vel=[-2.227857   -0.14361611 -2.5219507 ][0m
[32m2026-06-29 18:17:43.770[0m | [1mINFO    [0m | [36menvs.hitter[0m:[36m_log_ball_planner_wait_state[0m:[36m694[0m - [1mWaiting for ball estimator: samples=0/31 visible=False ready=False pos=[-0.10792696 -0.04923557  0.75386083] vel=[-2.227857   -0.14361611 -2.5219507 ][0m
[32m2026-06-29 18:17:44.271[0m | [1mINFO    [0m | [36menvs.hitter[0m:[36m_log_ball_planner_wait_state[0m:[36m694[0m - [1mWaiting for ball estimator: samples=0/31 visible=False ready=False pos=[-0.10792696 -0.04923557  0.75386083] vel=[-2.227857   -0.14361611 -2.5219507 ][0m
[32m2026-06-29 18:17:44.773[0m | [1mINFO    [0m | [36menvs.hitter[0m:[36m_log_ball_planner_wait_state[0m:[36m694[0m - [1mWaiting for ball estimator: samples=0/31 visible=False ready=False pos=[-0.10792696 -0.04923557  0.75386083] vel=[-2.227857   -0.14361611 -2.5219507 ][0m
[32m2026-06-29 18:17:45.278[0m | [1mINFO    [0m | [36menvs.hitter[0m:[36m_log_ball_planner_wait_state[0m:[36m694[0m - [1mWaiting for ball estimator: samples=0/31 visible=False ready=False pos=[-0.10792696 -0.04923557  0.75386083] vel=[-2.227857   -0.14361611 -2.5219507 ][0m
[32m2026-06-29 18:17:45.797[0m | [1mINFO    [0m | [36menvs.hitter[0m:[36m_log_ball_planner_wait_state[0m:[36m694[0m - [1mWaiting for ball estimator: samples=0/31 visible=False ready=False pos=[-0.10792696 -0.04923557  0.75386083] vel=[-2.227857   -0.14361611 -2.5219507 ][0m
[32m2026-06-29 18:17:46.299[0m | [1mINFO    [0m | [36menvs.hitter[0m:[36m_log_ball_planner_wait_state[0m:[36m694[0m - [1mWaiting for ball estimator: samples=0/31 visible=False ready=False pos=[-0.10792696 -0.04923557  0.75386083] vel=[-2.227857   -0.14361611 -2.5219507 ][0m
[32m2026-06-29 18:17:46.801[0m | [1mINFO    [0m | [36menvs.hitter[0m:[36m_log_ball_planner_wait_state[0m:[36m694[0m - [1mWaiting for ball estimator: samples=0/31 visible=False ready=False pos=[-0.10792696 -0.04923557  0.75386083] vel=[-2.227857   -0.14361611 -2.5219507 ][0m
[32m2026-06-29 18:17:46.967[0m | [33m[1mWARNING [0m | [36magents.loco_hitter_agent[0m:[36mrun[0m:[36m270[0m - [33m[1mStep timeout: -0.0087s[0m
[32m2026-06-29 18:17:47.312[0m | [1mINFO    [0m | [36menvs.hitter[0m:[36m_log_ball_planner_wait_state[0m:[36m694[0m - [1mWaiting for ball estimator: samples=0/31 visible=False ready=False pos=[-0.10792696 -0.04923557  0.75386083] vel=[-2.227857   -0.14361611 -2.5219507 ][0m
[32m2026-06-29 18:17:47.816[0m | [1mINFO    [0m | [36menvs.hitter[0m:[36m_log_ball_planner_wait_state[0m:[36m694[0m - [1mWaiting for ball estimator: samples=0/31 visible=False ready=False pos=[-0.10792696 -0.04923557  0.75386083] vel=[-2.227857   -0.14361611 -2.5219507 ][0m
[32m2026-06-29 18:17:48.336[0m | [1mINFO    [0m | [36menvs.hitter[0m:[36m_log_ball_planner_wait_state[0m:[36m694[0m - [1mWaiting for ball estimator: samples=0/31 visible=False ready=False pos=[-0.10792696 -0.04923557  0.75386083] vel=[-2.227857   -0.14361611 -2.5219507 ][0m
[32m2026-06-29 18:17:48.838[0m | [1mINFO    [0m | [36menvs.hitter[0m:[36m_log_ball_planner_wait_state[0m:[36m694[0m - [1mWaiting for ball estimator: samples=0/31 visible=False ready=False pos=[-0.10792696 -0.04923557  0.75386083] vel=[-2.227857   -0.14361611 -2.5219507 ][0m
[32m2026-06-29 18:17:49.339[0m | [1mINFO    [0m | [36menvs.hitter[0m:[36m_log_ball_planner_wait_state[0m:[36m694[0m - [1mWaiting for ball estimator: samples=0/31 visible=False ready=False pos=[-0.10792696 -0.04923557  0.75386083] vel=[-2.227857   -0.14361611 -2.5219507 ][0m
[32m2026-06-29 18:17:49.841[0m | [1mINFO    [0m | [36menvs.hitter[0m:[36m_log_ball_planner_wait_state[0m:[36m694[0m - [1mWaiting for ball estimator: samples=0/31 visible=False ready=False pos=[-0.10792696 -0.04923557  0.75386083] vel=[-2.227857   -0.14361611 -2.5219507 ][0m
[32m2026-06-29 18:17:50.343[0m | [1mINFO    [0m | [36menvs.hitter[0m:[36m_log_ball_planner_wait_state[0m:[36m694[0m - [1mWaiting for ball estimator: samples=0/31 visible=False ready=False pos=[-0.10792696 -0.04923557  0.75386083] vel=[-2.227857   -0.14361611 -2.5219507 ][0m
[32m2026-06-29 18:17:50.879[0m | [1mINFO    [0m | [36menvs.hitter[0m:[36m_log_ball_planner_wait_state[0m:[36m694[0m - [1mWaiting for ball estimator: samples=0/31 visible=False ready=False pos=[-0.10792696 -0.04923557  0.75386083] vel=[-2.227857   -0.14361611 -2.5219507 ][0m
[32m2026-06-29 18:17:50.883[0m | [33m[1mWARNING [0m | [36magents.loco_hitter_agent[0m:[36mrun[0m:[36m270[0m - [33m[1mStep timeout: -0.0219s[0m
[32m2026-06-29 18:17:51.389[0m | [1mINFO    [0m | [36menvs.hitter[0m:[36m_log_ball_planner_wait_state[0m:[36m694[0m - [1mWaiting for ball estimator: samples=0/31 visible=False ready=False pos=[-0.10792696 -0.04923557  0.75386083] vel=[-2.227857   -0.14361611 -2.5219507 ][0m
[32m2026-06-29 18:17:51.554[0m | [33m[1mWARNING [0m | [36magents.loco_hitter_agent[0m:[36mrun[0m:[36m270[0m - [33m[1mStep timeout: -0.0081s[0m
[32m2026-06-29 18:17:51.902[0m | [1mINFO    [0m | [36menvs.hitter[0m:[36m_log_ball_planner_wait_state[0m:[36m694[0m - [1mWaiting for ball estimator: samples=0/31 visible=False ready=False pos=[-0.10792696 -0.04923557  0.75386083] vel=[-2.227857   -0.14361611 -2.5219507 ][0m
[32m2026-06-29 18:17:52.404[0m | [1mINFO    [0m | [36menvs.hitter[0m:[36m_log_ball_planner_wait_state[0m:[36m694[0m - [1mWaiting for ball estimator: samples=0/31 visible=False ready=False pos=[-0.10792696 -0.04923557  0.75386083] vel=[-2.227857   -0.14361611 -2.5219507 ][0m
[32m2026-06-29 18:17:52.747[0m | [33m[1mWARNING [0m | [36magents.loco_hitter_agent[0m:[36mrun[0m:[36m270[0m - [33m[1mStep timeout: -0.0045s[0m
[32m2026-06-29 18:17:52.911[0m | [1mINFO    [0m | [36menvs.hitter[0m:[36m_log_ball_planner_wait_state[0m:[36m694[0m - [1mWaiting for ball estimator: samples=0/31 visible=False ready=False pos=[-0.10792696 -0.04923557  0.75386083] vel=[-2.227857   -0.14361611 -2.5219507 ][0m
[32m2026-06-29 18:17:53.413[0m | [1mINFO    [0m | [36menvs.hitter[0m:[36m_log_ball_planner_wait_state[0m:[36m694[0m - [1mWaiting for ball estimator: samples=0/31 visible=False ready=False pos=[-0.10792696 -0.04923557  0.75386083] vel=[-2.227857   -0.14361611 -2.5219507 ][0m
[32m2026-06-29 18:17:53.914[0m | [1mINFO    [0m | [36menvs.hitter[0m:[36m_log_ball_planner_wait_state[0m:[36m694[0m - [1mWaiting for ball estimator: samples=0/31 visible=False ready=False pos=[-0.10792696 -0.04923557  0.75386083] vel=[-2.227857   -0.14361611 -2.5219507 ][0m
[32m2026-06-29 18:17:54.417[0m | [1mINFO    [0m | [36menvs.hitter[0m:[36m_log_ball_planner_wait_state[0m:[36m694[0m - [1mWaiting for ball estimator: samples=0/31 visible=False ready=False pos=[-0.10792696 -0.04923557  0.75386083] vel=[-2.227857   -0.14361611 -2.5219507 ][0m
[32m2026-06-29 18:17:54.778[0m | [33m[1mWARNING [0m | [36magents.loco_hitter_agent[0m:[36mrun[0m:[36m270[0m - [33m[1mStep timeout: -0.0042s[0m
[32m2026-06-29 18:17:54.924[0m | [1mINFO    [0m | [36menvs.hitter[0m:[36m_log_ball_planner_wait_state[0m:[36m694[0m - [1mWaiting for ball estimator: samples=0/31 visible=False ready=False pos=[-0.10792696 -0.04923557  0.75386083] vel=[-2.227857   -0.14361611 -2.5219507 ][0m
[32m2026-06-29 18:17:55.444[0m | [1mINFO    [0m | [36menvs.hitter[0m:[36m_log_ball_planner_wait_state[0m:[36m694[0m - [1mWaiting for ball estimator: samples=0/31 visible=False ready=False pos=[-0.10792696 -0.04923557  0.75386083] vel=[-2.227857   -0.14361611 -2.5219507 ][0m
[32m2026-06-29 18:17:55.946[0m | [1mINFO    [0m | [36menvs.hitter[0m:[36m_log_ball_planner_wait_state[0m:[36m694[0m - [1mWaiting for ball estimator: samples=0/31 visible=False ready=False pos=[-0.10792696 -0.04923557  0.75386083] vel=[-2.227857   -0.14361611 -2.5219507 ][0m
[32m2026-06-29 18:17:56.448[0m | [1mINFO    [0m | [36menvs.hitter[0m:[36m_log_ball_planner_wait_state[0m:[36m694[0m - [1mWaiting for ball estimator: samples=0/31 visible=False ready=False pos=[-0.10792696 -0.04923557  0.75386083] vel=[-2.227857   -0.14361611 -2.5219507 ][0m
[32m2026-06-29 18:17:56.950[0m | [1mINFO    [0m | [36menvs.hitter[0m:[36m_log_ball_planner_wait_state[0m:[36m694[0m - [1mWaiting for ball estimator: samples=0/31 visible=False ready=False pos=[-0.10792696 -0.04923557  0.75386083] vel=[-2.227857   -0.14361611 -2.5219507 ][0m
[32m2026-06-29 18:17:57.452[0m | [1mINFO    [0m | [36menvs.hitter[0m:[36m_log_ball_planner_wait_state[0m:[36m694[0m - [1mWaiting for ball estimator: samples=0/31 visible=False ready=False pos=[-0.10792696 -0.04923557  0.75386083] vel=[-2.227857   -0.14361611 -2.5219507 ][0m
[32m2026-06-29 18:17:57.957[0m | [1mINFO    [0m | [36menvs.hitter[0m:[36m_log_ball_planner_wait_state[0m:[36m694[0m - [1mWaiting for ball estimator: samples=0/31 visible=False ready=False pos=[-0.10792696 -0.04923557  0.75386083] vel=[-2.227857   -0.14361611 -2.5219507 ][0m
[32m2026-06-29 18:17:58.457[0m | [1mINFO    [0m | [36menvs.hitter[0m:[36m_log_ball_planner_wait_state[0m:[36m694[0m - [1mWaiting for ball estimator: samples=0/31 visible=False ready=False pos=[-0.10792696 -0.04923557  0.75386083] vel=[-2.227857   -0.14361611 -2.5219507 ][0m
[32m2026-06-29 18:17:58.958[0m | [1mINFO    [0m | [36menvs.hitter[0m:[36m_log_ball_planner_wait_state[0m:[36m694[0m - [1mWaiting for ball estimator: samples=0/31 visible=False ready=False pos=[-0.10792696 -0.04923557  0.75386083] vel=[-2.227857   -0.14361611 -2.5219507 ][0m
[32m2026-06-29 18:17:59.460[0m | [1mINFO    [0m | [36menvs.hitter[0m:[36m_log_ball_planner_wait_state[0m:[36m694[0m - [1mWaiting for ball estimator: samples=0/31 visible=False ready=False pos=[-0.10792696 -0.04923557  0.75386083] vel=[-2.227857   -0.14361611 -2.5219507 ][0m
[32m2026-06-29 18:17:59.964[0m | [1mINFO    [0m | [36menvs.hitter[0m:[36m_log_ball_planner_wait_state[0m:[36m694[0m - [1mWaiting for ball estimator: samples=0/31 visible=False ready=False pos=[-0.10792696 -0.04923557  0.75386083] vel=[-2.227857   -0.14361611 -2.5219507 ][0m
[32m2026-06-29 18:18:00.464[0m | [1mINFO    [0m | [36menvs.hitter[0m:[36m_log_ball_planner_wait_state[0m:[36m694[0m - [1mWaiting for ball estimator: samples=0/31 visible=False ready=False pos=[-0.10792696 -0.04923557  0.75386083] vel=[-2.227857   -0.14361611 -2.5219507 ][0m
[32m2026-06-29 18:18:00.966[0m | [1mINFO    [0m | [36menvs.hitter[0m:[36m_log_ball_planner_wait_state[0m:[36m694[0m - [1mWaiting for ball estimator: samples=0/31 visible=False ready=False pos=[-0.10792696 -0.04923557  0.75386083] vel=[-2.227857   -0.14361611 -2.5219507 ][0m
[32m2026-06-29 18:18:01.470[0m | [1mINFO    [0m | [36menvs.hitter[0m:[36m_log_ball_planner_wait_state[0m:[36m694[0m - [1mWaiting for ball estimator: samples=0/31 visible=False ready=False pos=[-0.10792696 -0.04923557  0.75386083] vel=[-2.227857   -0.14361611 -2.5219507 ][0m
[32m2026-06-29 18:18:01.990[0m | [1mINFO    [0m | [36menvs.hitter[0m:[36m_log_ball_planner_wait_state[0m:[36m694[0m - [1mWaiting for ball estimator: samples=0/31 visible=False ready=False pos=[-0.10792696 -0.04923557  0.75386083] vel=[-2.227857   -0.14361611 -2.5219507 ][0m
[32m2026-06-29 18:18:02.492[0m | [1mINFO    [0m | [36menvs.hitter[0m:[36m_log_ball_planner_wait_state[0m:[36m694[0m - [1mWaiting for ball estimator: samples=0/31 visible=False ready=False pos=[-0.10792696 -0.04923557  0.75386083] vel=[-2.227857   -0.14361611 -2.5219507 ][0m
[32m2026-06-29 18:18:02.996[0m | [1mINFO    [0m | [36menvs.hitter[0m:[36m_log_ball_planner_wait_state[0m:[36m694[0m - [1mWaiting for ball estimator: samples=0/31 visible=False ready=False pos=[-0.10792696 -0.04923557  0.75386083] vel=[-2.227857   -0.14361611 -2.5219507 ][0m
[32m2026-06-29 18:18:03.516[0m | [1mINFO    [0m | [36menvs.hitter[0m:[36m_log_ball_planner_wait_state[0m:[36m694[0m - [1mWaiting for ball estimator: samples=0/31 visible=False ready=False pos=[-0.10792696 -0.04923557  0.75386083] vel=[-2.227857   -0.14361611 -2.5219507 ][0m
[32m2026-06-29 18:18:04.020[0m | [1mINFO    [0m | [36menvs.hitter[0m:[36m_log_ball_planner_wait_state[0m:[36m694[0m - [1mWaiting for ball estimator: samples=0/31 visible=False ready=False pos=[-0.10792696 -0.04923557  0.75386083] vel=[-2.227857   -0.14361611 -2.5219507 ][0m
[32m2026-06-29 18:18:04.079[0m | [33m[1mWARNING [0m | [36magents.loco_hitter_agent[0m:[36mrun[0m:[36m270[0m - [33m[1mStep timeout: -0.0248s[0m
[32m2026-06-29 18:18:04.524[0m | [1mINFO    [0m | [36menvs.hitter[0m:[36m_log_ball_planner_wait_state[0m:[36m694[0m - [1mWaiting for ball estimator: samples=0/31 visible=False ready=False pos=[-0.10792696 -0.04923557  0.75386083] vel=[-2.227857   -0.14361611 -2.5219507 ][0m
[32m2026-06-29 18:18:05.027[0m | [1mINFO    [0m | [36menvs.hitter[0m:[36m_log_ball_planner_wait_state[0m:[36m694[0m - [1mWaiting for ball estimator: samples=0/31 visible=False ready=False pos=[-0.10792696 -0.04923557  0.75386083] vel=[-2.227857   -0.14361611 -2.5219507 ][0m
[32m2026-06-29 18:18:05.529[0m | [1mINFO    [0m | [36menvs.hitter[0m:[36m_log_ball_planner_wait_state[0m:[36m694[0m - [1mWaiting for ball estimator: samples=0/31 visible=False ready=False pos=[-0.10792696 -0.04923557  0.75386083] vel=[-2.227857   -0.14361611 -2.5219507 ][0m
[32m2026-06-29 18:18:06.030[0m | [1mINFO    [0m | [36menvs.hitter[0m:[36m_log_ball_planner_wait_state[0m:[36m694[0m - [1mWaiting for ball estimator: samples=0/31 visible=False ready=False pos=[-0.10792696 -0.04923557  0.75386083] vel=[-2.227857   -0.14361611 -2.5219507 ][0m
[32m2026-06-29 18:18:06.532[0m | [1mINFO    [0m | [36menvs.hitter[0m:[36m_log_ball_planner_wait_state[0m:[36m694[0m - [1mWaiting for ball estimator: samples=0/31 visible=False ready=False pos=[-0.10792696 -0.04923557  0.75386083] vel=[-2.227857   -0.14361611 -2.5219507 ][0m
[32m2026-06-29 18:18:07.033[0m | [1mINFO    [0m | [36menvs.hitter[0m:[36m_log_ball_planner_wait_state[0m:[36m694[0m - [1mWaiting for ball estimator: samples=0/31 visible=False ready=False pos=[-0.10792696 -0.04923557  0.75386083] vel=[-2.227857   -0.14361611 -2.5219507 ][0m
[32m2026-06-29 18:18:07.536[0m | [1mINFO    [0m | [36menvs.hitter[0m:[36m_log_ball_planner_wait_state[0m:[36m694[0m - [1mWaiting for ball estimator: samples=0/31 visible=False ready=False pos=[-0.10792696 -0.04923557  0.75386083] vel=[-2.227857   -0.14361611 -2.5219507 ][0m
[32m2026-06-29 18:18:08.040[0m | [1mINFO    [0m | [36menvs.hitter[0m:[36m_log_ball_planner_wait_state[0m:[36m694[0m - [1mWaiting for ball estimator: samples=0/31 visible=False ready=False pos=[-0.10792696 -0.04923557  0.75386083] vel=[-2.227857   -0.14361611 -2.5219507 ][0m
[32m2026-06-29 18:18:08.559[0m | [1mINFO    [0m | [36menvs.hitter[0m:[36m_log_ball_planner_wait_state[0m:[36m694[0m - [1mWaiting for ball estimator: samples=0/31 visible=False ready=False pos=[-0.10792696 -0.04923557  0.75386083] vel=[-2.227857   -0.14361611 -2.5219507 ][0m
[32m2026-06-29 18:18:08.877[0m | [33m[1mWARNING [0m | [36magents.loco_hitter_agent[0m:[36mrun[0m:[36m270[0m - [33m[1mStep timeout: -0.0000s[0m
[32m2026-06-29 18:18:09.061[0m | [1mINFO    [0m | [36menvs.hitter[0m:[36m_log_ball_planner_wait_state[0m:[36m694[0m - [1mWaiting for ball estimator: samples=0/31 visible=False ready=False pos=[-0.10792696 -0.04923557  0.75386083] vel=[-2.227857   -0.14361611 -2.5219507 ][0m
[32m2026-06-29 18:18:09.563[0m | [1mINFO    [0m | [36menvs.hitter[0m:[36m_log_ball_planner_wait_state[0m:[36m694[0m - [1mWaiting for ball estimator: samples=0/31 visible=False ready=False pos=[-0.10792696 -0.04923557  0.75386083] vel=[-2.227857   -0.14361611 -2.5219507 ][0m
[32m2026-06-29 18:18:10.066[0m | [1mINFO    [0m | [36menvs.hitter[0m:[36m_log_ball_planner_wait_state[0m:[36m694[0m - [1mWaiting for ball estimator: samples=0/31 visible=False ready=False pos=[-0.10792696 -0.04923557  0.75386083] vel=[-2.227857   -0.14361611 -2.5219507 ][0m
[32m2026-06-29 18:18:10.568[0m | [1mINFO    [0m | [36menvs.hitter[0m:[36m_log_ball_planner_wait_state[0m:[36m694[0m - [1mWaiting for ball estimator: samples=0/31 visible=False ready=False pos=[-0.10792696 -0.04923557  0.75386083] vel=[-2.227857   -0.14361611 -2.5219507 ][0m
[32m2026-06-29 18:18:11.069[0m | [1mINFO    [0m | [36menvs.hitter[0m:[36m_log_ball_planner_wait_state[0m:[36m694[0m - [1mWaiting for ball estimator: samples=0/31 visible=False ready=False pos=[-0.10792696 -0.04923557  0.75386083] vel=[-2.227857   -0.14361611 -2.5219507 ][0m
[32m2026-06-29 18:18:11.572[0m | [1mINFO    [0m | [36menvs.hitter[0m:[36m_log_ball_planner_wait_state[0m:[36m694[0m - [1mWaiting for ball estimator: samples=0/31 visible=False ready=False pos=[-0.10792696 -0.04923557  0.75386083] vel=[-2.227857   -0.14361611 -2.5219507 ][0m
[32m2026-06-29 18:18:12.074[0m | [1mINFO    [0m | [36menvs.hitter[0m:[36m_log_ball_planner_wait_state[0m:[36m694[0m - [1mWaiting for ball estimator: samples=0/31 visible=False ready=False pos=[-0.10792696 -0.04923557  0.75386083] vel=[-2.227857   -0.14361611 -2.5219507 ][0m
[32m2026-06-29 18:18:12.576[0m | [1mINFO    [0m | [36menvs.hitter[0m:[36m_log_ball_planner_wait_state[0m:[36m694[0m - [1mWaiting for ball estimator: samples=0/31 visible=False ready=False pos=[-0.10792696 -0.04923557  0.75386083] vel=[-2.227857   -0.14361611 -2.5219507 ][0m
[32m2026-06-29 18:18:13.077[0m | [1mINFO    [0m | [36menvs.hitter[0m:[36m_log_ball_planner_wait_state[0m:[36m694[0m - [1mWaiting for ball estimator: samples=0/31 visible=False ready=False pos=[-0.10792696 -0.04923557  0.75386083] vel=[-2.227857   -0.14361611 -2.5219507 ][0m
[32m2026-06-29 18:18:13.579[0m | [1mINFO    [0m | [36menvs.hitter[0m:[36m_log_ball_planner_wait_state[0m:[36m694[0m - [1mWaiting for ball estimator: samples=0/31 visible=False ready=False pos=[-0.10792696 -0.04923557  0.75386083] vel=[-2.227857   -0.14361611 -2.5219507 ][0m
[32m2026-06-29 18:18:14.081[0m | [1mINFO    [0m | [36menvs.hitter[0m:[36m_log_ball_planner_wait_state[0m:[36m694[0m - [1mWaiting for ball estimator: samples=0/31 visible=False ready=False pos=[-0.10792696 -0.04923557  0.75386083] vel=[-2.227857   -0.14361611 -2.5219507 ][0m
[32m2026-06-29 18:18:14.583[0m | [1mINFO    [0m | [36menvs.hitter[0m:[36m_log_ball_planner_wait_state[0m:[36m694[0m - [1mWaiting for ball estimator: samples=0/31 visible=False ready=False pos=[-0.10792696 -0.04923557  0.75386083] vel=[-2.227857   -0.14361611 -2.5219507 ][0m
[32m2026-06-29 18:18:15.085[0m | [1mINFO    [0m | [36menvs.hitter[0m:[36m_log_ball_planner_wait_state[0m:[36m694[0m - [1mWaiting for ball estimator: samples=0/31 visible=False ready=False pos=[-0.10792696 -0.04923557  0.75386083] vel=[-2.227857   -0.14361611 -2.5219507 ][0m
[32m2026-06-29 18:18:15.586[0m | [1mINFO    [0m | [36menvs.hitter[0m:[36m_log_ball_planner_wait_state[0m:[36m694[0m - [1mWaiting for ball estimator: samples=0/31 visible=False ready=False pos=[-0.10792696 -0.04923557  0.75386083] vel=[-2.227857   -0.14361611 -2.5219507 ][0m
[32m2026-06-29 18:18:16.088[0m | [1mINFO    [0m | [36menvs.hitter[0m:[36m_log_ball_planner_wait_state[0m:[36m694[0m - [1mWaiting for ball estimator: samples=0/31 visible=False ready=False pos=[-0.10792696 -0.04923557  0.75386083] vel=[-2.227857   -0.14361611 -2.5219507 ][0m
[32m2026-06-29 18:18:16.590[0m | [1mINFO    [0m | [36menvs.hitter[0m:[36m_log_ball_planner_wait_state[0m:[36m694[0m - [1mWaiting for ball estimator: samples=0/31 visible=False ready=False pos=[-0.10792696 -0.04923557  0.75386083] vel=[-2.227857   -0.14361611 -2.5219507 ][0m
[32m2026-06-29 18:18:17.117[0m | [33m[1mWARNING [0m | [36magents.loco_hitter_agent[0m:[36mrun[0m:[36m270[0m - [33m[1mStep timeout: -0.0285s[0m
[32m2026-06-29 18:18:17.126[0m | [1mINFO    [0m | [36menvs.hitter[0m:[36m_log_ball_planner_wait_state[0m:[36m694[0m - [1mWaiting for ball estimator: samples=0/31 visible=False ready=False pos=[-0.10792696 -0.04923557  0.75386083] vel=[-2.227857   -0.14361611 -2.5219507 ][0m
[32m2026-06-29 18:18:17.642[0m | [1mINFO    [0m | [36menvs.hitter[0m:[36m_log_ball_planner_wait_state[0m:[36m694[0m - [1mWaiting for ball estimator: samples=0/31 visible=False ready=False pos=[-0.10792696 -0.04923557  0.75386083] vel=[-2.227857   -0.14361611 -2.5219507 ][0m
[32m2026-06-29 18:18:18.144[0m | [1mINFO    [0m | [36menvs.hitter[0m:[36m_log_ball_planner_wait_state[0m:[36m694[0m - [1mWaiting for ball estimator: samples=0/31 visible=False ready=False pos=[-0.10792696 -0.04923557  0.75386083] vel=[-2.227857   -0.14361611 -2.5219507 ][0m
[32m2026-06-29 18:18:18.647[0m | [1mINFO    [0m | [36menvs.hitter[0m:[36m_log_ball_planner_wait_state[0m:[36m694[0m - [1mWaiting for ball estimator: samples=0/31 visible=False ready=False pos=[-0.10792696 -0.04923557  0.75386083] vel=[-2.227857   -0.14361611 -2.5219507 ][0m
[32m2026-06-29 18:18:19.148[0m | [1mINFO    [0m | [36menvs.hitter[0m:[36m_log_ball_planner_wait_state[0m:[36m694[0m - [1mWaiting for ball estimator: samples=0/31 visible=False ready=False pos=[-0.10792696 -0.04923557  0.75386083] vel=[-2.227857   -0.14361611 -2.5219507 ][0m
[32m2026-06-29 18:18:19.651[0m | [1mINFO    [0m | [36menvs.hitter[0m:[36m_log_ball_planner_wait_state[0m:[36m694[0m - [1mWaiting for ball estimator: samples=0/31 visible=False ready=False pos=[-0.10792696 -0.04923557  0.75386083] vel=[-2.227857   -0.14361611 -2.5219507 ][0m
[32m2026-06-29 18:18:20.152[0m | [1mINFO    [0m | [36menvs.hitter[0m:[36m_log_ball_planner_wait_state[0m:[36m694[0m - [1mWaiting for ball estimator: samples=0/31 visible=False ready=False pos=[-0.10792696 -0.04923557  0.75386083] vel=[-2.227857   -0.14361611 -2.5219507 ][0m
[32m2026-06-29 18:18:20.654[0m | [1mINFO    [0m | [36menvs.hitter[0m:[36m_log_ball_planner_wait_state[0m:[36m694[0m - [1mWaiting for ball estimator: samples=0/31 visible=False ready=False pos=[-0.10792696 -0.04923557  0.75386083] vel=[-2.227857   -0.14361611 -2.5219507 ][0m
[32m2026-06-29 18:18:21.156[0m | [1mINFO    [0m | [36menvs.hitter[0m:[36m_log_ball_planner_wait_state[0m:[36m694[0m - [1mWaiting for ball estimator: samples=0/31 visible=False ready=False pos=[-0.10792696 -0.04923557  0.75386083] vel=[-2.227857   -0.14361611 -2.5219507 ][0m
[32m2026-06-29 18:18:21.659[0m | [1mINFO    [0m | [36menvs.hitter[0m:[36m_log_ball_planner_wait_state[0m:[36m694[0m - [1mWaiting for ball estimator: samples=0/31 visible=False ready=False pos=[-0.10792696 -0.04923557  0.75386083] vel=[-2.227857   -0.14361611 -2.5219507 ][0m
[32m2026-06-29 18:18:22.160[0m | [1mINFO    [0m | [36menvs.hitter[0m:[36m_log_ball_planner_wait_state[0m:[36m694[0m - [1mWaiting for ball estimator: samples=0/31 visible=False ready=False pos=[-0.10792696 -0.04923557  0.75386083] vel=[-2.227857   -0.14361611 -2.5219507 ][0m
[32m2026-06-29 18:18:22.662[0m | [1mINFO    [0m | [36menvs.hitter[0m:[36m_log_ball_planner_wait_state[0m:[36m694[0m - [1mWaiting for ball estimator: samples=0/31 visible=False ready=False pos=[-0.10792696 -0.04923557  0.75386083] vel=[-2.227857   -0.14361611 -2.5219507 ][0m
[32m2026-06-29 18:18:23.166[0m | [1mINFO    [0m | [36menvs.hitter[0m:[36m_log_ball_planner_wait_state[0m:[36m694[0m - [1mWaiting for ball estimator: samples=0/31 visible=False ready=False pos=[-0.10792696 -0.04923557  0.75386083] vel=[-2.227857   -0.14361611 -2.5219507 ][0m
[32m2026-06-29 18:18:23.666[0m | [1mINFO    [0m | [36menvs.hitter[0m:[36m_log_ball_planner_wait_state[0m:[36m694[0m - [1mWaiting for ball estimator: samples=0/31 visible=False ready=False pos=[-0.10792696 -0.04923557  0.75386083] vel=[-2.227857   -0.14361611 -2.5219507 ][0m
[32m2026-06-29 18:18:24.168[0m | [1mINFO    [0m | [36menvs.hitter[0m:[36m_log_ball_planner_wait_state[0m:[36m694[0m - [1mWaiting for ball estimator: samples=0/31 visible=False ready=False pos=[-0.10792696 -0.04923557  0.75386083] vel=[-2.227857   -0.14361611 -2.5219507 ][0m
[32m2026-06-29 18:18:24.670[0m | [1mINFO    [0m | [36menvs.hitter[0m:[36m_log_ball_planner_wait_state[0m:[36m694[0m - [1mWaiting for ball estimator: samples=0/31 visible=False ready=False pos=[-0.10792696 -0.04923557  0.75386083] vel=[-2.227857   -0.14361611 -2.5219507 ][0m
[32m2026-06-29 18:18:25.174[0m | [1mINFO    [0m | [36menvs.hitter[0m:[36m_log_ball_planner_wait_state[0m:[36m694[0m - [1mWaiting for ball estimator: samples=0/31 visible=False ready=False pos=[-0.10792696 -0.04923557  0.75386083] vel=[-2.227857   -0.14361611 -2.5219507 ][0m
[32m2026-06-29 18:18:25.693[0m | [1mINFO    [0m | [36menvs.hitter[0m:[36m_log_ball_planner_wait_state[0m:[36m694[0m - [1mWaiting for ball estimator: samples=0/31 visible=False ready=False pos=[-0.10792696 -0.04923557  0.75386083] vel=[-2.227857   -0.14361611 -2.5219507 ][0m
[32m2026-06-29 18:18:26.197[0m | [1mINFO    [0m | [36menvs.hitter[0m:[36m_log_ball_planner_wait_state[0m:[36m694[0m - [1mWaiting for ball estimator: samples=0/31 visible=False ready=False pos=[-0.10792696 -0.04923557  0.75386083] vel=[-2.227857   -0.14361611 -2.5219507 ][0m
[32m2026-06-29 18:18:26.360[0m | [33m[1mWARNING [0m | [36magents.loco_hitter_agent[0m:[36mrun[0m:[36m270[0m - [33m[1mStep timeout: -0.0078s[0m
[32m2026-06-29 18:18:26.705[0m | [1mINFO    [0m | [36menvs.hitter[0m:[36m_log_ball_planner_wait_state[0m:[36m694[0m - [1mWaiting for ball estimator: samples=0/31 visible=False ready=False pos=[-0.10792696 -0.04923557  0.75386083] vel=[-2.227857   -0.14361611 -2.5219507 ][0m
[32m2026-06-29 18:18:27.207[0m | [1mINFO    [0m | [36menvs.hitter[0m:[36m_log_ball_planner_wait_state[0m:[36m694[0m - [1mWaiting for ball estimator: samples=0/31 visible=False ready=False pos=[-0.10792696 -0.04923557  0.75386083] vel=[-2.227857   -0.14361611 -2.5219507 ][0m
[32m2026-06-29 18:18:27.709[0m | [1mINFO    [0m | [36menvs.hitter[0m:[36m_log_ball_planner_wait_state[0m:[36m694[0m - [1mWaiting for ball estimator: samples=0/31 visible=False ready=False pos=[-0.10792696 -0.04923557  0.75386083] vel=[-2.227857   -0.14361611 -2.5219507 ][0m
[32m2026-06-29 18:18:28.210[0m | [1mINFO    [0m | [36menvs.hitter[0m:[36m_log_ball_planner_wait_state[0m:[36m694[0m - [1mWaiting for ball estimator: samples=0/31 visible=False ready=False pos=[-0.10792696 -0.04923557  0.75386083] vel=[-2.227857   -0.14361611 -2.5219507 ][0m
[32m2026-06-29 18:18:28.715[0m | [1mINFO    [0m | [36menvs.hitter[0m:[36m_log_ball_planner_wait_state[0m:[36m694[0m - [1mWaiting for ball estimator: samples=0/31 visible=False ready=False pos=[-0.10792696 -0.04923557  0.75386083] vel=[-2.227857   -0.14361611 -2.5219507 ][0m
[32m2026-06-29 18:18:29.234[0m | [1mINFO    [0m | [36menvs.hitter[0m:[36m_log_ball_planner_wait_state[0m:[36m694[0m - [1mWaiting for ball estimator: samples=0/31 visible=False ready=False pos=[-0.10792696 -0.04923557  0.75386083] vel=[-2.227857   -0.14361611 -2.5219507 ][0m
[32m2026-06-29 18:18:29.736[0m | [1mINFO    [0m | [36menvs.hitter[0m:[36m_log_ball_planner_wait_state[0m:[36m694[0m - [1mWaiting for ball estimator: samples=0/31 visible=False ready=False pos=[-0.10792696 -0.04923557  0.75386083] vel=[-2.227857   -0.14361611 -2.5219507 ][0m
[32m2026-06-29 18:18:30.237[0m | [1mINFO    [0m | [36menvs.hitter[0m:[36m_log_ball_planner_wait_state[0m:[36m694[0m - [1mWaiting for ball estimator: samples=0/31 visible=False ready=False pos=[-0.10792696 -0.04923557  0.75386083] vel=[-2.227857   -0.14361611 -2.5219507 ][0m
[32m2026-06-29 18:18:30.296[0m | [33m[1mWARNING [0m | [36magents.loco_hitter_agent[0m:[36mrun[0m:[36m270[0m - [33m[1mStep timeout: -0.0223s[0m
[32m2026-06-29 18:18:30.741[0m | [1mINFO    [0m | [36menvs.hitter[0m:[36m_log_ball_planner_wait_state[0m:[36m694[0m - [1mWaiting for ball estimator: samples=0/31 visible=False ready=False pos=[-0.10792696 -0.04923557  0.75386083] vel=[-2.227857   -0.14361611 -2.5219507 ][0m
[32m2026-06-29 18:18:31.244[0m | [1mINFO    [0m | [36menvs.hitter[0m:[36m_log_ball_planner_wait_state[0m:[36m694[0m - [1mWaiting for ball estimator: samples=0/31 visible=False ready=False pos=[-0.10792696 -0.04923557  0.75386083] vel=[-2.227857   -0.14361611 -2.5219507 ][0m
[32m2026-06-29 18:18:31.745[0m | [1mINFO    [0m | [36menvs.hitter[0m:[36m_log_ball_planner_wait_state[0m:[36m694[0m - [1mWaiting for ball estimator: samples=0/31 visible=False ready=False pos=[-0.10792696 -0.04923557  0.75386083] vel=[-2.227857   -0.14361611 -2.5219507 ][0m
[32m2026-06-29 18:18:32.247[0m | [1mINFO    [0m | [36menvs.hitter[0m:[36m_log_ball_planner_wait_state[0m:[36m694[0m - [1mWaiting for ball estimator: samples=0/31 visible=False ready=False pos=[-0.10792696 -0.04923557  0.75386083] vel=[-2.227857   -0.14361611 -2.5219507 ][0m
[32m2026-06-29 18:18:32.749[0m | [1mINFO    [0m | [36menvs.hitter[0m:[36m_log_ball_planner_wait_state[0m:[36m694[0m - [1mWaiting for ball estimator: samples=0/31 visible=False ready=False pos=[-0.10792696 -0.04923557  0.75386083] vel=[-2.227857   -0.14361611 -2.5219507 ][0m
[32m2026-06-29 18:18:33.251[0m | [1mINFO    [0m | [36menvs.hitter[0m:[36m_log_ball_planner_wait_state[0m:[36m694[0m - [1mWaiting for ball estimator: samples=0/31 visible=False ready=False pos=[-0.10792696 -0.04923557  0.75386083] vel=[-2.227857   -0.14361611 -2.5219507 ][0m
[32m2026-06-29 18:18:33.753[0m | [1mINFO    [0m | [36menvs.hitter[0m:[36m_log_ball_planner_wait_state[0m:[36m694[0m - [1mWaiting for ball estimator: samples=0/31 visible=False ready=False pos=[-0.10792696 -0.04923557  0.75386083] vel=[-2.227857   -0.14361611 -2.5219507 ][0m
[32m2026-06-29 18:18:34.255[0m | [1mINFO    [0m | [36menvs.hitter[0m:[36m_log_ball_planner_wait_state[0m:[36m694[0m - [1mWaiting for ball estimator: samples=0/31 visible=False ready=False pos=[-0.10792696 -0.04923557  0.75386083] vel=[-2.227857   -0.14361611 -2.5219507 ][0m
[32m2026-06-29 18:18:34.756[0m | [1mINFO    [0m | [36menvs.hitter[0m:[36m_log_ball_planner_wait_state[0m:[36m694[0m - [1mWaiting for ball estimator: samples=0/31 visible=False ready=False pos=[-0.10792696 -0.04923557  0.75386083] vel=[-2.227857   -0.14361611 -2.5219507 ][0m
[32m2026-06-29 18:18:35.258[0m | [1mINFO    [0m | [36menvs.hitter[0m:[36m_log_ball_planner_wait_state[0m:[36m694[0m - [1mWaiting for ball estimator: samples=0/31 visible=False ready=False pos=[-0.10792696 -0.04923557  0.75386083] vel=[-2.227857   -0.14361611 -2.5219507 ][0m
[32m2026-06-29 18:18:35.761[0m | [1mINFO    [0m | [36menvs.hitter[0m:[36m_log_ball_planner_wait_state[0m:[36m694[0m - [1mWaiting for ball estimator: samples=0/31 visible=False ready=False pos=[-0.10792696 -0.04923557  0.75386083] vel=[-2.227857   -0.14361611 -2.5219507 ][0m
[32m2026-06-29 18:18:36.266[0m | [1mINFO    [0m | [36menvs.hitter[0m:[36m_log_ball_planner_wait_state[0m:[36m694[0m - [1mWaiting for ball estimator: samples=0/31 visible=False ready=False pos=[-0.10792696 -0.04923557  0.75386083] vel=[-2.227857   -0.14361611 -2.5219507 ][0m
[32m2026-06-29 18:18:36.787[0m | [1mINFO    [0m | [36menvs.hitter[0m:[36m_log_ball_planner_wait_state[0m:[36m694[0m - [1mWaiting for ball estimator: samples=0/31 visible=False ready=False pos=[-0.10792696 -0.04923557  0.75386083] vel=[-2.227857   -0.14361611 -2.5219507 ][0m
[32m2026-06-29 18:18:37.307[0m | [1mINFO    [0m | [36menvs.hitter[0m:[36m_log_ball_planner_wait_state[0m:[36m694[0m - [1mWaiting for ball estimator: samples=0/31 visible=False ready=False pos=[-0.10792696 -0.04923557  0.75386083] vel=[-2.227857   -0.14361611 -2.5219507 ][0m
[32m2026-06-29 18:18:37.809[0m | [1mINFO    [0m | [36menvs.hitter[0m:[36m_log_ball_planner_wait_state[0m:[36m694[0m - [1mWaiting for ball estimator: samples=0/31 visible=False ready=False pos=[-0.10792696 -0.04923557  0.75386083] vel=[-2.227857   -0.14361611 -2.5219507 ][0m
[32m2026-06-29 18:18:38.310[0m | [1mINFO    [0m | [36menvs.hitter[0m:[36m_log_ball_planner_wait_state[0m:[36m694[0m - [1mWaiting for ball estimator: samples=0/31 visible=False ready=False pos=[-0.10792696 -0.04923557  0.75386083] vel=[-2.227857   -0.14361611 -2.5219507 ][0m
[32m2026-06-29 18:18:38.812[0m | [1mINFO    [0m | [36menvs.hitter[0m:[36m_log_ball_planner_wait_state[0m:[36m694[0m - [1mWaiting for ball estimator: samples=0/31 visible=False ready=False pos=[-0.10792696 -0.04923557  0.75386083] vel=[-2.227857   -0.14361611 -2.5219507 ][0m
[32m2026-06-29 18:18:39.314[0m | [1mINFO    [0m | [36menvs.hitter[0m:[36m_log_ball_planner_wait_state[0m:[36m694[0m - [1mWaiting for ball estimator: samples=0/31 visible=False ready=False pos=[-0.10792696 -0.04923557  0.75386083] vel=[-2.227857   -0.14361611 -2.5219507 ][0m
[32m2026-06-29 18:18:39.816[0m | [1mINFO    [0m | [36menvs.hitter[0m:[36m_log_ball_planner_wait_state[0m:[36m694[0m - [1mWaiting for ball estimator: samples=0/31 visible=False ready=False pos=[-0.10792696 -0.04923557  0.75386083] vel=[-2.227857   -0.14361611 -2.5219507 ][0m
[32m2026-06-29 18:18:40.317[0m | [1mINFO    [0m | [36menvs.hitter[0m:[36m_log_ball_planner_wait_state[0m:[36m694[0m - [1mWaiting for ball estimator: samples=0/31 visible=False ready=False pos=[-0.10792696 -0.04923557  0.75386083] vel=[-2.227857   -0.14361611 -2.5219507 ][0m
[32m2026-06-29 18:18:40.725[0m | [33m[1mWARNING [0m | [36magents.loco_hitter_agent[0m:[36mrun[0m:[36m270[0m - [33m[1mStep timeout: -0.0097s[0m
[32m2026-06-29 18:18:40.829[0m | [1mINFO    [0m | [36menvs.hitter[0m:[36m_log_ball_planner_wait_state[0m:[36m694[0m - [1mWaiting for ball estimator: samples=0/31 visible=False ready=False pos=[-0.10792696 -0.04923557  0.75386083] vel=[-2.227857   -0.14361611 -2.5219507 ][0m
[32m2026-06-29 18:18:41.331[0m | [1mINFO    [0m | [36menvs.hitter[0m:[36m_log_ball_planner_wait_state[0m:[36m694[0m - [1mWaiting for ball estimator: samples=0/31 visible=False ready=False pos=[-0.10792696 -0.04923557  0.75386083] vel=[-2.227857   -0.14361611 -2.5219507 ][0m
[32m2026-06-29 18:18:41.833[0m | [1mINFO    [0m | [36menvs.hitter[0m:[36m_log_ball_planner_wait_state[0m:[36m694[0m - [1mWaiting for ball estimator: samples=0/31 visible=False ready=False pos=[-0.10792696 -0.04923557  0.75386083] vel=[-2.227857   -0.14361611 -2.5219507 ][0m
[32m2026-06-29 18:18:42.335[0m | [1mINFO    [0m | [36menvs.hitter[0m:[36m_log_ball_planner_wait_state[0m:[36m694[0m - [1mWaiting for ball estimator: samples=0/31 visible=False ready=False pos=[-0.10792696 -0.04923557  0.75386083] vel=[-2.227857   -0.14361611 -2.5219507 ][0m
[32m2026-06-29 18:18:42.837[0m | [1mINFO    [0m | [36menvs.hitter[0m:[36m_log_ball_planner_wait_state[0m:[36m694[0m - [1mWaiting for ball estimator: samples=0/31 visible=False ready=False pos=[-0.10792696 -0.04923557  0.75386083] vel=[-2.227857   -0.14361611 -2.5219507 ][0m
[32m2026-06-29 18:18:43.358[0m | [33m[1mWARNING [0m | [36magents.loco_hitter_agent[0m:[36mrun[0m:[36m270[0m - [33m[1mStep timeout: -0.0218s[0m
[32m2026-06-29 18:18:43.362[0m | [1mINFO    [0m | [36menvs.hitter[0m:[36m_log_ball_planner_wait_state[0m:[36m694[0m - [1mWaiting for ball estimator: samples=0/31 visible=False ready=False pos=[-0.10792696 -0.04923557  0.75386083] vel=[-2.227857   -0.14361611 -2.5219507 ][0m
[32m2026-06-29 18:18:43.864[0m | [1mINFO    [0m | [36menvs.hitter[0m:[36m_log_ball_planner_wait_state[0m:[36m694[0m - [1mWaiting for ball estimator: samples=0/31 visible=False ready=False pos=[-0.10792696 -0.04923557  0.75386083] vel=[-2.227857   -0.14361611 -2.5219507 ][0m
[32m2026-06-29 18:18:44.265[0m | [33m[1mWARNING [0m | [36magents.loco_hitter_agent[0m:[36mrun[0m:[36m270[0m - [33m[1mStep timeout: -0.0032s[0m
[32m2026-06-29 18:18:44.369[0m | [1mINFO    [0m | [36menvs.hitter[0m:[36m_log_ball_planner_wait_state[0m:[36m694[0m - [1mWaiting for ball estimator: samples=0/31 visible=False ready=False pos=[-0.10792696 -0.04923557  0.75386083] vel=[-2.227857   -0.14361611 -2.5219507 ][0m
[32m2026-06-29 18:18:44.871[0m | [1mINFO    [0m | [36menvs.hitter[0m:[36m_log_ball_planner_wait_state[0m:[36m694[0m - [1mWaiting for ball estimator: samples=0/31 visible=False ready=False pos=[-0.10792696 -0.04923557  0.75386083] vel=[-2.227857   -0.14361611 -2.5219507 ][0m
[32m2026-06-29 18:18:45.372[0m | [1mINFO    [0m | [36menvs.hitter[0m:[36m_log_ball_planner_wait_state[0m:[36m694[0m - [1mWaiting for ball estimator: samples=0/31 visible=False ready=False pos=[-0.10792696 -0.04923557  0.75386083] vel=[-2.227857   -0.14361611 -2.5219507 ][0m
[32m2026-06-29 18:18:45.874[0m | [1mINFO    [0m | [36menvs.hitter[0m:[36m_log_ball_planner_wait_state[0m:[36m694[0m - [1mWaiting for ball estimator: samples=0/31 visible=False ready=False pos=[-0.10792696 -0.04923557  0.75386083] vel=[-2.227857   -0.14361611 -2.5219507 ][0m
[32m2026-06-29 18:18:46.376[0m | [1mINFO    [0m | [36menvs.hitter[0m:[36m_log_ball_planner_wait_state[0m:[36m694[0m - [1mWaiting for ball estimator: samples=0/31 visible=False ready=False pos=[-0.10792696 -0.04923557  0.75386083] vel=[-2.227857   -0.14361611 -2.5219507 ][0m
[32m2026-06-29 18:18:46.878[0m | [1mINFO    [0m | [36menvs.hitter[0m:[36m_log_ball_planner_wait_state[0m:[36m694[0m - [1mWaiting for ball estimator: samples=0/31 visible=False ready=False pos=[-0.10792696 -0.04923557  0.75386083] vel=[-2.227857   -0.14361611 -2.5219507 ][0m
[32m2026-06-29 18:18:47.380[0m | [1mINFO    [0m | [36menvs.hitter[0m:[36m_log_ball_planner_wait_state[0m:[36m694[0m - [1mWaiting for ball estimator: samples=0/31 visible=False ready=False pos=[-0.10792696 -0.04923557  0.75386083] vel=[-2.227857   -0.14361611 -2.5219507 ][0m
[32m2026-06-29 18:18:47.882[0m | [1mINFO    [0m | [36menvs.hitter[0m:[36m_log_ball_planner_wait_state[0m:[36m694[0m - [1mWaiting for ball estimator: samples=0/31 visible=False ready=False pos=[-0.10792696 -0.04923557  0.75386083] vel=[-2.227857   -0.14361611 -2.5219507 ][0m
[32m2026-06-29 18:18:48.383[0m | [1mINFO    [0m | [36menvs.hitter[0m:[36m_log_ball_planner_wait_state[0m:[36m694[0m - [1mWaiting for ball estimator: samples=0/31 visible=False ready=False pos=[-0.10792696 -0.04923557  0.75386083] vel=[-2.227857   -0.14361611 -2.5219507 ][0m
[32m2026-06-29 18:18:48.885[0m | [1mINFO    [0m | [36menvs.hitter[0m:[36m_log_ball_planner_wait_state[0m:[36m694[0m - [1mWaiting for ball estimator: samples=0/31 visible=False ready=False pos=[-0.10792696 -0.04923557  0.75386083] vel=[-2.227857   -0.14361611 -2.5219507 ][0m
[32m2026-06-29 18:18:49.387[0m | [1mINFO    [0m | [36menvs.hitter[0m:[36m_log_ball_planner_wait_state[0m:[36m694[0m - [1mWaiting for ball estimator: samples=0/31 visible=False ready=False pos=[-0.10792696 -0.04923557  0.75386083] vel=[-2.227857   -0.14361611 -2.5219507 ][0m
[32m2026-06-29 18:18:49.889[0m | [1mINFO    [0m | [36menvs.hitter[0m:[36m_log_ball_planner_wait_state[0m:[36m694[0m - [1mWaiting for ball estimator: samples=0/31 visible=False ready=False pos=[-0.10792696 -0.04923557  0.75386083] vel=[-2.227857   -0.14361611 -2.5219507 ][0m
[32m2026-06-29 18:18:50.390[0m | [1mINFO    [0m | [36menvs.hitter[0m:[36m_log_ball_planner_wait_state[0m:[36m694[0m - [1mWaiting for ball estimator: samples=0/31 visible=False ready=False pos=[-0.10792696 -0.04923557  0.75386083] vel=[-2.227857   -0.14361611 -2.5219507 ][0m
[32m2026-06-29 18:18:50.893[0m | [1mINFO    [0m | [36menvs.hitter[0m:[36m_log_ball_planner_wait_state[0m:[36m694[0m - [1mWaiting for ball estimator: samples=0/31 visible=False ready=False pos=[-0.10792696 -0.04923557  0.75386083] vel=[-2.227857   -0.14361611 -2.5219507 ][0m
[32m2026-06-29 18:18:51.011[0m | [33m[1mWARNING [0m | [36magents.loco_hitter_agent[0m:[36mrun[0m:[36m270[0m - [33m[1mStep timeout: -0.0016s[0m
[32m2026-06-29 18:18:51.396[0m | [1mINFO    [0m | [36menvs.hitter[0m:[36m_log_ball_planner_wait_state[0m:[36m694[0m - [1mWaiting for ball estimator: samples=0/31 visible=False ready=False pos=[-0.10792696 -0.04923557  0.75386083] vel=[-2.227857   -0.14361611 -2.5219507 ][0m
[32m2026-06-29 18:18:51.897[0m | [1mINFO    [0m | [36menvs.hitter[0m:[36m_log_ball_planner_wait_state[0m:[36m694[0m - [1mWaiting for ball estimator: samples=0/31 visible=False ready=False pos=[-0.10792696 -0.04923557  0.75386083] vel=[-2.227857   -0.14361611 -2.5219507 ][0m
[32m2026-06-29 18:18:52.399[0m | [1mINFO    [0m | [36menvs.hitter[0m:[36m_log_ball_planner_wait_state[0m:[36m694[0m - [1mWaiting for ball estimator: samples=0/31 visible=False ready=False pos=[-0.10792696 -0.04923557  0.75386083] vel=[-2.227857   -0.14361611 -2.5219507 ][0m
[32m2026-06-29 18:18:52.901[0m | [1mINFO    [0m | [36menvs.hitter[0m:[36m_log_ball_planner_wait_state[0m:[36m694[0m - [1mWaiting for ball estimator: samples=0/31 visible=False ready=False pos=[-0.10792696 -0.04923557  0.75386083] vel=[-2.227857   -0.14361611 -2.5219507 ][0m
[32m2026-06-29 18:18:53.058[0m | [33m[1mWARNING [0m | [36magents.loco_hitter_agent[0m:[36mrun[0m:[36m270[0m - [33m[1mStep timeout: -0.0003s[0m
[32m2026-06-29 18:18:53.403[0m | [1mINFO    [0m | [36menvs.hitter[0m:[36m_log_ball_planner_wait_state[0m:[36m694[0m - [1mWaiting for ball estimator: samples=0/31 visible=False ready=False pos=[-0.10792696 -0.04923557  0.75386083] vel=[-2.227857   -0.14361611 -2.5219507 ][0m
[32m2026-06-29 18:18:53.905[0m | [1mINFO    [0m | [36menvs.hitter[0m:[36m_log_ball_planner_wait_state[0m:[36m694[0m - [1mWaiting for ball estimator: samples=0/31 visible=False ready=False pos=[-0.10792696 -0.04923557  0.75386083] vel=[-2.227857   -0.14361611 -2.5219507 ][0m
[32m2026-06-29 18:18:54.407[0m | [1mINFO    [0m | [36menvs.hitter[0m:[36m_log_ball_planner_wait_state[0m:[36m694[0m - [1mWaiting for ball estimator: samples=0/31 visible=False ready=False pos=[-0.10792696 -0.04923557  0.75386083] vel=[-2.227857   -0.14361611 -2.5219507 ][0m
[32m2026-06-29 18:18:54.908[0m | [1mINFO    [0m | [36menvs.hitter[0m:[36m_log_ball_planner_wait_state[0m:[36m694[0m - [1mWaiting for ball estimator: samples=0/31 visible=False ready=False pos=[-0.10792696 -0.04923557  0.75386083] vel=[-2.227857   -0.14361611 -2.5219507 ][0m
[32m2026-06-29 18:18:55.410[0m | [1mINFO    [0m | [36menvs.hitter[0m:[36m_log_ball_planner_wait_state[0m:[36m694[0m - [1mWaiting for ball estimator: samples=0/31 visible=False ready=False pos=[-0.10792696 -0.04923557  0.75386083] vel=[-2.227857   -0.14361611 -2.5219507 ][0m
[32m2026-06-29 18:18:55.912[0m | [1mINFO    [0m | [36menvs.hitter[0m:[36m_log_ball_planner_wait_state[0m:[36m694[0m - [1mWaiting for ball estimator: samples=0/31 visible=False ready=False pos=[-0.10792696 -0.04923557  0.75386083] vel=[-2.227857   -0.14361611 -2.5219507 ][0m
[32m2026-06-29 18:18:56.291[0m | [33m[1mWARNING [0m | [36magents.loco_hitter_agent[0m:[36mrun[0m:[36m270[0m - [33m[1mStep timeout: -0.0217s[0m
[32m2026-06-29 18:18:56.415[0m | [1mINFO    [0m | [36menvs.hitter[0m:[36m_log_ball_planner_wait_state[0m:[36m694[0m - [1mWaiting for ball estimator: samples=0/31 visible=False ready=False pos=[-0.10792696 -0.04923557  0.75386083] vel=[-2.227857   -0.14361611 -2.5219507 ][0m
[32m2026-06-29 18:18:56.917[0m | [1mINFO    [0m | [36menvs.hitter[0m:[36m_log_ball_planner_wait_state[0m:[36m694[0m - [1mWaiting for ball estimator: samples=0/31 visible=False ready=False pos=[-0.10792696 -0.04923557  0.75386083] vel=[-2.227857   -0.14361611 -2.5219507 ][0m
[32m2026-06-29 18:18:57.418[0m | [1mINFO    [0m | [36menvs.hitter[0m:[36m_log_ball_planner_wait_state[0m:[36m694[0m - [1mWaiting for ball estimator: samples=0/31 visible=False ready=False pos=[-0.10792696 -0.04923557  0.75386083] vel=[-2.227857   -0.14361611 -2.5219507 ][0m
[32m2026-06-29 18:18:57.920[0m | [1mINFO    [0m | [36menvs.hitter[0m:[36m_log_ball_planner_wait_state[0m:[36m694[0m - [1mWaiting for ball estimator: samples=0/31 visible=False ready=False pos=[-0.10792696 -0.04923557  0.75386083] vel=[-2.227857   -0.14361611 -2.5219507 ][0m
[32m2026-06-29 18:18:58.422[0m | [1mINFO    [0m | [36menvs.hitter[0m:[36m_log_ball_planner_wait_state[0m:[36m694[0m - [1mWaiting for ball estimator: samples=0/31 visible=False ready=False pos=[-0.10792696 -0.04923557  0.75386083] vel=[-2.227857   -0.14361611 -2.5219507 ][0m
[32m2026-06-29 18:18:58.924[0m | [1mINFO    [0m | [36menvs.hitter[0m:[36m_log_ball_planner_wait_state[0m:[36m694[0m - [1mWaiting for ball estimator: samples=0/31 visible=False ready=False pos=[-0.10792696 -0.04923557  0.75386083] vel=[-2.227857   -0.14361611 -2.5219507 ][0m
[32m2026-06-29 18:18:59.426[0m | [1mINFO    [0m | [36menvs.hitter[0m:[36m_log_ball_planner_wait_state[0m:[36m694[0m - [1mWaiting for ball estimator: samples=0/31 visible=False ready=False pos=[-0.10792696 -0.04923557  0.75386083] vel=[-2.227857   -0.14361611 -2.5219507 ][0m
[32m2026-06-29 18:18:59.927[0m | [1mINFO    [0m | [36menvs.hitter[0m:[36m_log_ball_planner_wait_state[0m:[36m694[0m - [1mWaiting for ball estimator: samples=0/31 visible=False ready=False pos=[-0.10792696 -0.04923557  0.75386083] vel=[-2.227857   -0.14361611 -2.5219507 ][0m
[32m2026-06-29 18:19:00.429[0m | [1mINFO    [0m | [36menvs.hitter[0m:[36m_log_ball_planner_wait_state[0m:[36m694[0m - [1mWaiting for ball estimator: samples=0/31 visible=False ready=False pos=[-0.10792696 -0.04923557  0.75386083] vel=[-2.227857   -0.14361611 -2.5219507 ][0m
[32m2026-06-29 18:19:00.931[0m | [1mINFO    [0m | [36menvs.hitter[0m:[36m_log_ball_planner_wait_state[0m:[36m694[0m - [1mWaiting for ball estimator: samples=0/31 visible=False ready=False pos=[-0.10792696 -0.04923557  0.75386083] vel=[-2.227857   -0.14361611 -2.5219507 ][0m
[32m2026-06-29 18:19:01.128[0m | [33m[1mWARNING [0m | [36magents.loco_hitter_agent[0m:[36mrun[0m:[36m270[0m - [33m[1mStep timeout: -0.0004s[0m
[32m2026-06-29 18:19:01.436[0m | [1mINFO    [0m | [36menvs.hitter[0m:[36m_log_ball_planner_wait_state[0m:[36m694[0m - [1mWaiting for ball estimator: samples=0/31 visible=False ready=False pos=[-0.10792696 -0.04923557  0.75386083] vel=[-2.227857   -0.14361611 -2.5219507 ][0m
[32m2026-06-29 18:19:01.937[0m | [1mINFO    [0m | [36menvs.hitter[0m:[36m_log_ball_planner_wait_state[0m:[36m694[0m - [1mWaiting for ball estimator: samples=0/31 visible=False ready=False pos=[-0.10792696 -0.04923557  0.75386083] vel=[-2.227857   -0.14361611 -2.5219507 ][0m
[32m2026-06-29 18:19:02.456[0m | [1mINFO    [0m | [36menvs.hitter[0m:[36m_log_ball_planner_wait_state[0m:[36m694[0m - [1mWaiting for ball estimator: samples=0/31 visible=False ready=False pos=[-0.10792696 -0.04923557  0.75386083] vel=[-2.227857   -0.14361611 -2.5219507 ][0m
[32m2026-06-29 18:19:02.958[0m | [1mINFO    [0m | [36menvs.hitter[0m:[36m_log_ball_planner_wait_state[0m:[36m694[0m - [1mWaiting for ball estimator: samples=0/31 visible=False ready=False pos=[-0.10792696 -0.04923557  0.75386083] vel=[-2.227857   -0.14361611 -2.5219507 ][0m
[32m2026-06-29 18:19:03.460[0m | [1mINFO    [0m | [36menvs.hitter[0m:[36m_log_ball_planner_wait_state[0m:[36m694[0m - [1mWaiting for ball estimator: samples=0/31 visible=False ready=False pos=[-0.10792696 -0.04923557  0.75386083] vel=[-2.227857   -0.14361611 -2.5219507 ][0m
[32m2026-06-29 18:19:03.962[0m | [1mINFO    [0m | [36menvs.hitter[0m:[36m_log_ball_planner_wait_state[0m:[36m694[0m - [1mWaiting for ball estimator: samples=0/31 visible=False ready=False pos=[-0.10792696 -0.04923557  0.75386083] vel=[-2.227857   -0.14361611 -2.5219507 ][0m
[32m2026-06-29 18:19:04.464[0m | [1mINFO    [0m | [36menvs.hitter[0m:[36m_log_ball_planner_wait_state[0m:[36m694[0m - [1mWaiting for ball estimator: samples=0/31 visible=False ready=False pos=[-0.10792696 -0.04923557  0.75386083] vel=[-2.227857   -0.14361611 -2.5219507 ][0m
[32m2026-06-29 18:19:04.967[0m | [1mINFO    [0m | [36menvs.hitter[0m:[36m_log_ball_planner_wait_state[0m:[36m694[0m - [1mWaiting for ball estimator: samples=0/31 visible=False ready=False pos=[-0.10792696 -0.04923557  0.75386083] vel=[-2.227857   -0.14361611 -2.5219507 ][0m
[32m2026-06-29 18:19:05.487[0m | [1mINFO    [0m | [36menvs.hitter[0m:[36m_log_ball_planner_wait_state[0m:[36m694[0m - [1mWaiting for ball estimator: samples=0/31 visible=False ready=False pos=[-0.10792696 -0.04923557  0.75386083] vel=[-2.227857   -0.14361611 -2.5219507 ][0m
[32m2026-06-29 18:19:05.989[0m | [1mINFO    [0m | [36menvs.hitter[0m:[36m_log_ball_planner_wait_state[0m:[36m694[0m - [1mWaiting for ball estimator: samples=0/31 visible=False ready=False pos=[-0.10792696 -0.04923557  0.75386083] vel=[-2.227857   -0.14361611 -2.5219507 ][0m
[32m2026-06-29 18:19:06.491[0m | [1mINFO    [0m | [36menvs.hitter[0m:[36m_log_ball_planner_wait_state[0m:[36m694[0m - [1mWaiting for ball estimator: samples=0/31 visible=False ready=False pos=[-0.10792696 -0.04923557  0.75386083] vel=[-2.227857   -0.14361611 -2.5219507 ][0m
[32m2026-06-29 18:19:06.993[0m | [1mINFO    [0m | [36menvs.hitter[0m:[36m_log_ball_planner_wait_state[0m:[36m694[0m - [1mWaiting for ball estimator: samples=0/31 visible=False ready=False pos=[-0.10792696 -0.04923557  0.75386083] vel=[-2.227857   -0.14361611 -2.5219507 ][0m
[32m2026-06-29 18:19:07.495[0m | [1mINFO    [0m | [36menvs.hitter[0m:[36m_log_ball_planner_wait_state[0m:[36m694[0m - [1mWaiting for ball estimator: samples=0/31 visible=False ready=False pos=[-0.10792696 -0.04923557  0.75386083] vel=[-2.227857   -0.14361611 -2.5219507 ][0m
[32m2026-06-29 18:19:07.997[0m | [1mINFO    [0m | [36menvs.hitter[0m:[36m_log_ball_planner_wait_state[0m:[36m694[0m - [1mWaiting for ball estimator: samples=0/31 visible=False ready=False pos=[-0.10792696 -0.04923557  0.75386083] vel=[-2.227857   -0.14361611 -2.5219507 ][0m
[32m2026-06-29 18:19:08.499[0m | [1mINFO    [0m | [36menvs.hitter[0m:[36m_log_ball_planner_wait_state[0m:[36m694[0m - [1mWaiting for ball estimator: samples=0/31 visible=False ready=False pos=[-0.10792696 -0.04923557  0.75386083] vel=[-2.227857   -0.14361611 -2.5219507 ][0m
[32m2026-06-29 18:19:09.001[0m | [1mINFO    [0m | [36menvs.hitter[0m:[36m_log_ball_planner_wait_state[0m:[36m694[0m - [1mWaiting for ball estimator: samples=0/31 visible=False ready=False pos=[-0.10792696 -0.04923557  0.75386083] vel=[-2.227857   -0.14361611 -2.5219507 ][0m
[32m2026-06-29 18:19:09.480[0m | [33m[1mWARNING [0m | [36magents.loco_hitter_agent[0m:[36mrun[0m:[36m270[0m - [33m[1mStep timeout: -0.0217s[0m
[32m2026-06-29 18:19:09.504[0m | [1mINFO    [0m | [36menvs.hitter[0m:[36m_log_ball_planner_wait_state[0m:[36m694[0m - [1mWaiting for ball estimator: samples=0/31 visible=False ready=False pos=[-0.10792696 -0.04923557  0.75386083] vel=[-2.227857   -0.14361611 -2.5219507 ][0m
[32m2026-06-29 18:19:10.005[0m | [1mINFO    [0m | [36menvs.hitter[0m:[36m_log_ball_planner_wait_state[0m:[36m694[0m - [1mWaiting for ball estimator: samples=0/31 visible=False ready=False pos=[-0.10792696 -0.04923557  0.75386083] vel=[-2.227857   -0.14361611 -2.5219507 ][0m
[32m2026-06-29 18:19:10.507[0m | [1mINFO    [0m | [36menvs.hitter[0m:[36m_log_ball_planner_wait_state[0m:[36m694[0m - [1mWaiting for ball estimator: samples=0/31 visible=False ready=False pos=[-0.10792696 -0.04923557  0.75386083] vel=[-2.227857   -0.14361611 -2.5219507 ][0m
[32m2026-06-29 18:19:11.012[0m | [1mINFO    [0m | [36menvs.hitter[0m:[36m_log_ball_planner_wait_state[0m:[36m694[0m - [1mWaiting for ball estimator: samples=0/31 visible=False ready=False pos=[-0.10792696 -0.04923557  0.75386083] vel=[-2.227857   -0.14361611 -2.5219507 ][0m
[32m2026-06-29 18:19:11.532[0m | [1mINFO    [0m | [36menvs.hitter[0m:[36m_log_ball_planner_wait_state[0m:[36m694[0m - [1mWaiting for ball estimator: samples=0/31 visible=False ready=False pos=[-0.10792696 -0.04923557  0.75386083] vel=[-2.227857   -0.14361611 -2.5219507 ][0m
[32m2026-06-29 18:19:12.033[0m | [1mINFO    [0m | [36menvs.hitter[0m:[36m_log_ball_planner_wait_state[0m:[36m694[0m - [1mWaiting for ball estimator: samples=0/31 visible=False ready=False pos=[-0.10792696 -0.04923557  0.75386083] vel=[-2.227857   -0.14361611 -2.5219507 ][0m
[32m2026-06-29 18:19:12.456[0m | [33m[1mWARNING [0m | [36magents.loco_hitter_agent[0m:[36mrun[0m:[36m270[0m - [33m[1mStep timeout: -0.0044s[0m
[32m2026-06-29 18:19:12.540[0m | [1mINFO    [0m | [36menvs.hitter[0m:[36m_log_ball_planner_wait_state[0m:[36m694[0m - [1mWaiting for ball estimator: samples=0/31 visible=False ready=False pos=[-0.10792696 -0.04923557  0.75386083] vel=[-2.227857   -0.14361611 -2.5219507 ][0m
[32m2026-06-29 18:19:13.042[0m | [1mINFO    [0m | [36menvs.hitter[0m:[36m_log_ball_planner_wait_state[0m:[36m694[0m - [1mWaiting for ball estimator: samples=0/31 visible=False ready=False pos=[-0.10792696 -0.04923557  0.75386083] vel=[-2.227857   -0.14361611 -2.5219507 ][0m
[32m2026-06-29 18:19:13.543[0m | [1mINFO    [0m | [36menvs.hitter[0m:[36m_log_ball_planner_wait_state[0m:[36m694[0m - [1mWaiting for ball estimator: samples=0/31 visible=False ready=False pos=[-0.10792696 -0.04923557  0.75386083] vel=[-2.227857   -0.14361611 -2.5219507 ][0m
[32m2026-06-29 18:19:14.045[0m | [1mINFO    [0m | [36menvs.hitter[0m:[36m_log_ball_planner_wait_state[0m:[36m694[0m - [1mWaiting for ball estimator: samples=0/31 visible=False ready=False pos=[-0.10792696 -0.04923557  0.75386083] vel=[-2.227857   -0.14361611 -2.5219507 ][0m
[32m2026-06-29 18:19:14.547[0m | [1mINFO    [0m | [36menvs.hitter[0m:[36m_log_ball_planner_wait_state[0m:[36m694[0m - [1mWaiting for ball estimator: samples=0/31 visible=False ready=False pos=[-0.10792696 -0.04923557  0.75386083] vel=[-2.227857   -0.14361611 -2.5219507 ][0m
[32m2026-06-29 18:19:15.049[0m | [1mINFO    [0m | [36menvs.hitter[0m:[36m_log_ball_planner_wait_state[0m:[36m694[0m - [1mWaiting for ball estimator: samples=0/31 visible=False ready=False pos=[-0.10792696 -0.04923557  0.75386083] vel=[-2.227857   -0.14361611 -2.5219507 ][0m
[32m2026-06-29 18:19:15.237[0m | [33m[1mWARNING [0m | [36magents.loco_hitter_agent[0m:[36mrun[0m:[36m270[0m - [33m[1mStep timeout: -0.0103s[0m
[32m2026-06-29 18:19:15.562[0m | [1mINFO    [0m | [36menvs.hitter[0m:[36m_log_ball_planner_wait_state[0m:[36m694[0m - [1mWaiting for ball estimator: samples=0/31 visible=False ready=False pos=[-0.10792696 -0.04923557  0.75386083] vel=[-2.227857   -0.14361611 -2.5219507 ][0m
[32m2026-06-29 18:19:16.066[0m | [1mINFO    [0m | [36menvs.hitter[0m:[36m_log_ball_planner_wait_state[0m:[36m694[0m - [1mWaiting for ball estimator: samples=0/31 visible=False ready=False pos=[-0.10792696 -0.04923557  0.75386083] vel=[-2.227857   -0.14361611 -2.5219507 ][0m
[32m2026-06-29 18:19:16.588[0m | [1mINFO    [0m | [36menvs.hitter[0m:[36m_log_ball_planner_wait_state[0m:[36m694[0m - [1mWaiting for ball estimator: samples=0/31 visible=False ready=False pos=[-0.10792696 -0.04923557  0.75386083] vel=[-2.227857   -0.14361611 -2.5219507 ][0m
[32m2026-06-29 18:19:17.107[0m | [1mINFO    [0m | [36menvs.hitter[0m:[36m_log_ball_planner_wait_state[0m:[36m694[0m - [1mWaiting for ball estimator: samples=0/31 visible=False ready=False pos=[-0.10792696 -0.04923557  0.75386083] vel=[-2.227857   -0.14361611 -2.5219507 ][0m
[32m2026-06-29 18:19:17.609[0m | [1mINFO    [0m | [36menvs.hitter[0m:[36m_log_ball_planner_wait_state[0m:[36m694[0m - [1mWaiting for ball estimator: samples=0/31 visible=False ready=False pos=[-0.10792696 -0.04923557  0.75386083] vel=[-2.227857   -0.14361611 -2.5219507 ][0m
[32m2026-06-29 18:19:18.111[0m | [1mINFO    [0m | [36menvs.hitter[0m:[36m_log_ball_planner_wait_state[0m:[36m694[0m - [1mWaiting for ball estimator: samples=0/31 visible=False ready=False pos=[-0.10792696 -0.04923557  0.75386083] vel=[-2.227857   -0.14361611 -2.5219507 ][0m
[32m2026-06-29 18:19:18.613[0m | [1mINFO    [0m | [36menvs.hitter[0m:[36m_log_ball_planner_wait_state[0m:[36m694[0m - [1mWaiting for ball estimator: samples=0/31 visible=False ready=False pos=[-0.10792696 -0.04923557  0.75386083] vel=[-2.227857   -0.14361611 -2.5219507 ][0m
[32m2026-06-29 18:19:19.115[0m | [1mINFO    [0m | [36menvs.hitter[0m:[36m_log_ball_planner_wait_state[0m:[36m694[0m - [1mWaiting for ball estimator: samples=0/31 visible=False ready=False pos=[-0.10792696 -0.04923557  0.75386083] vel=[-2.227857   -0.14361611 -2.5219507 ][0m
[32m2026-06-29 18:19:19.617[0m | [1mINFO    [0m | [36menvs.hitter[0m:[36m_log_ball_planner_wait_state[0m:[36m694[0m - [1mWaiting for ball estimator: samples=0/31 visible=False ready=False pos=[-0.10792696 -0.04923557  0.75386083] vel=[-2.227857   -0.14361611 -2.5219507 ][0m
[32m2026-06-29 18:19:20.119[0m | [1mINFO    [0m | [36menvs.hitter[0m:[36m_log_ball_planner_wait_state[0m:[36m694[0m - [1mWaiting for ball estimator: samples=0/31 visible=False ready=False pos=[-0.10792696 -0.04923557  0.75386083] vel=[-2.227857   -0.14361611 -2.5219507 ][0m
[32m2026-06-29 18:19:20.621[0m | [1mINFO    [0m | [36menvs.hitter[0m:[36m_log_ball_planner_wait_state[0m:[36m694[0m - [1mWaiting for ball estimator: samples=0/31 visible=False ready=False pos=[-0.10792696 -0.04923557  0.75386083] vel=[-2.227857   -0.14361611 -2.5219507 ][0m
[32m2026-06-29 18:19:20.645[0m | [33m[1mWARNING [0m | [36magents.loco_hitter_agent[0m:[36mrun[0m:[36m270[0m - [33m[1mStep timeout: -0.0077s[0m
[32m2026-06-29 18:19:21.131[0m | [1mINFO    [0m | [36menvs.hitter[0m:[36m_log_ball_planner_wait_state[0m:[36m694[0m - [1mWaiting for ball estimator: samples=0/31 visible=False ready=False pos=[-0.10792696 -0.04923557  0.75386083] vel=[-2.227857   -0.14361611 -2.5219507 ][0m
[32m2026-06-29 18:19:21.295[0m | [33m[1mWARNING [0m | [36magents.loco_hitter_agent[0m:[36mrun[0m:[36m270[0m - [33m[1mStep timeout: -0.0075s[0m
[32m2026-06-29 18:19:21.558[0m | [33m[1mWARNING [0m | [36magents.loco_hitter_agent[0m:[36mrun[0m:[36m270[0m - [33m[1mStep timeout: -0.0014s[0m
[32m2026-06-29 18:19:21.642[0m | [1mINFO    [0m | [36menvs.hitter[0m:[36m_log_ball_planner_wait_state[0m:[36m694[0m - [1mWaiting for ball estimator: samples=0/31 visible=False ready=False pos=[-0.10792696 -0.04923557  0.75386083] vel=[-2.227857   -0.14361611 -2.5219507 ][0m
[32m2026-06-29 18:19:22.143[0m | [1mINFO    [0m | [36menvs.hitter[0m:[36m_log_ball_planner_wait_state[0m:[36m694[0m - [1mWaiting for ball estimator: samples=0/31 visible=False ready=False pos=[-0.10792696 -0.04923557  0.75386083] vel=[-2.227857   -0.14361611 -2.5219507 ][0m
[32m2026-06-29 18:19:22.625[0m | [33m[1mWARNING [0m | [36magents.loco_hitter_agent[0m:[36mrun[0m:[36m270[0m - [33m[1mStep timeout: -0.0233s[0m
[32m2026-06-29 18:19:22.649[0m | [1mINFO    [0m | [36menvs.hitter[0m:[36m_log_ball_planner_wait_state[0m:[36m694[0m - [1mWaiting for ball estimator: samples=0/31 visible=False ready=False pos=[-0.10792696 -0.04923557  0.75386083] vel=[-2.227857   -0.14361611 -2.5219507 ][0m
[32m2026-06-29 18:19:23.151[0m | [1mINFO    [0m | [36menvs.hitter[0m:[36m_log_ball_planner_wait_state[0m:[36m694[0m - [1mWaiting for ball estimator: samples=0/31 visible=False ready=False pos=[-0.10792696 -0.04923557  0.75386083] vel=[-2.227857   -0.14361611 -2.5219507 ][0m
[32m2026-06-29 18:19:23.653[0m | [1mINFO    [0m | [36menvs.hitter[0m:[36m_log_ball_planner_wait_state[0m:[36m694[0m - [1mWaiting for ball estimator: samples=0/31 visible=False ready=False pos=[-0.10792696 -0.04923557  0.75386083] vel=[-2.227857   -0.14361611 -2.5219507 ][0m
[32m2026-06-29 18:19:24.158[0m | [1mINFO    [0m | [36menvs.hitter[0m:[36m_log_ball_planner_wait_state[0m:[36m694[0m - [1mWaiting for ball estimator: samples=0/31 visible=False ready=False pos=[-0.10792696 -0.04923557  0.75386083] vel=[-2.227857   -0.14361611 -2.5219507 ][0m
[32m2026-06-29 18:19:24.677[0m | [1mINFO    [0m | [36menvs.hitter[0m:[36m_log_ball_planner_wait_state[0m:[36m694[0m - [1mWaiting for ball estimator: samples=0/31 visible=False ready=False pos=[-0.10792696 -0.04923557  0.75386083] vel=[-2.227857   -0.14361611 -2.5219507 ][0m
[32m2026-06-29 18:19:25.182[0m | [1mINFO    [0m | [36menvs.hitter[0m:[36m_log_ball_planner_wait_state[0m:[36m694[0m - [1mWaiting for ball estimator: samples=0/31 visible=False ready=False pos=[-0.10792696 -0.04923557  0.75386083] vel=[-2.227857   -0.14361611 -2.5219507 ][0m
[32m2026-06-29 18:19:25.702[0m | [1mINFO    [0m | [36menvs.hitter[0m:[36m_log_ball_planner_wait_state[0m:[36m694[0m - [1mWaiting for ball estimator: samples=0/31 visible=False ready=False pos=[-0.10792696 -0.04923557  0.75386083] vel=[-2.227857   -0.14361611 -2.5219507 ][0m
[32m2026-06-29 18:19:25.866[0m | [33m[1mWARNING [0m | [36magents.loco_hitter_agent[0m:[36mrun[0m:[36m270[0m - [33m[1mStep timeout: -0.0071s[0m
[32m2026-06-29 18:19:26.211[0m | [1mINFO    [0m | [36menvs.hitter[0m:[36m_log_ball_planner_wait_state[0m:[36m694[0m - [1mWaiting for ball estimator: samples=0/31 visible=False ready=False pos=[-0.10792696 -0.04923557  0.75386083] vel=[-2.227857   -0.14361611 -2.5219507 ][0m
[32m2026-06-29 18:19:26.713[0m | [1mINFO    [0m | [36menvs.hitter[0m:[36m_log_ball_planner_wait_state[0m:[36m694[0m - [1mWaiting for ball estimator: samples=0/31 visible=False ready=False pos=[-0.10792696 -0.04923557  0.75386083] vel=[-2.227857   -0.14361611 -2.5219507 ][0m
[32m2026-06-29 18:19:27.215[0m | [1mINFO    [0m | [36menvs.hitter[0m:[36m_log_ball_planner_wait_state[0m:[36m694[0m - [1mWaiting for ball estimator: samples=0/31 visible=False ready=False pos=[-0.10792696 -0.04923557  0.75386083] vel=[-2.227857   -0.14361611 -2.5219507 ][0m
[32m2026-06-29 18:19:27.717[0m | [1mINFO    [0m | [36menvs.hitter[0m:[36m_log_ball_planner_wait_state[0m:[36m694[0m - [1mWaiting for ball estimator: samples=0/31 visible=False ready=False pos=[-0.10792696 -0.04923557  0.75386083] vel=[-2.227857   -0.14361611 -2.5219507 ][0m
[32m2026-06-29 18:19:27.942[0m | [33m[1mWARNING [0m | [36magents.loco_hitter_agent[0m:[36mrun[0m:[36m270[0m - [33m[1mStep timeout: -0.0079s[0m
[32m2026-06-29 18:19:28.231[0m | [1mINFO    [0m | [36menvs.hitter[0m:[36m_log_ball_planner_wait_state[0m:[36m694[0m - [1mWaiting for ball estimator: samples=0/31 visible=False ready=False pos=[-0.10792696 -0.04923557  0.75386083] vel=[-2.227857   -0.14361611 -2.5219507 ][0m
[32m2026-06-29 18:19:28.749[0m | [1mINFO    [0m | [36menvs.hitter[0m:[36m_log_ball_planner_wait_state[0m:[36m694[0m - [1mWaiting for ball estimator: samples=0/31 visible=False ready=False pos=[-0.10792696 -0.04923557  0.75386083] vel=[-2.227857   -0.14361611 -2.5219507 ][0m
[32m2026-06-29 18:19:29.251[0m | [1mINFO    [0m | [36menvs.hitter[0m:[36m_log_ball_planner_wait_state[0m:[36m694[0m - [1mWaiting for ball estimator: samples=0/31 visible=False ready=False pos=[-0.10792696 -0.04923557  0.75386083] vel=[-2.227857   -0.14361611 -2.5219507 ][0m
[32m2026-06-29 18:19:29.753[0m | [1mINFO    [0m | [36menvs.hitter[0m:[36m_log_ball_planner_wait_state[0m:[36m694[0m - [1mWaiting for ball estimator: samples=0/31 visible=False ready=False pos=[-0.10792696 -0.04923557  0.75386083] vel=[-2.227857   -0.14361611 -2.5219507 ][0m
[32m2026-06-29 18:19:30.255[0m | [1mINFO    [0m | [36menvs.hitter[0m:[36m_log_ball_planner_wait_state[0m:[36m694[0m - [1mWaiting for ball estimator: samples=0/31 visible=False ready=False pos=[-0.10792696 -0.04923557  0.75386083] vel=[-2.227857   -0.14361611 -2.5219507 ][0m
[32m2026-06-29 18:19:30.414[0m | [33m[1mWARNING [0m | [36magents.loco_hitter_agent[0m:[36mrun[0m:[36m270[0m - [33m[1mStep timeout: -0.0026s[0m
[32m2026-06-29 18:19:30.762[0m | [1mINFO    [0m | [36menvs.hitter[0m:[36m_log_ball_planner_wait_state[0m:[36m694[0m - [1mWaiting for ball estimator: samples=0/31 visible=False ready=False pos=[-0.10792696 -0.04923557  0.75386083] vel=[-2.227857   -0.14361611 -2.5219507 ][0m
[32m2026-06-29 18:19:31.281[0m | [1mINFO    [0m | [36menvs.hitter[0m:[36m_log_ball_planner_wait_state[0m:[36m694[0m - [1mWaiting for ball estimator: samples=0/31 visible=False ready=False pos=[-0.10792696 -0.04923557  0.75386083] vel=[-2.227857   -0.14361611 -2.5219507 ][0m
[32m2026-06-29 18:19:31.367[0m | [33m[1mWARNING [0m | [36magents.loco_hitter_agent[0m:[36mrun[0m:[36m270[0m - [33m[1mStep timeout: -0.0087s[0m
[32m2026-06-29 18:19:31.792[0m | [1mINFO    [0m | [36menvs.hitter[0m:[36m_log_ball_planner_wait_state[0m:[36m694[0m - [1mWaiting for ball estimator: samples=0/31 visible=False ready=False pos=[-0.10792696 -0.04923557  0.75386083] vel=[-2.227857   -0.14361611 -2.5219507 ][0m
[32m2026-06-29 18:19:32.294[0m | [1mINFO    [0m | [36menvs.hitter[0m:[36m_log_ball_planner_wait_state[0m:[36m694[0m - [1mWaiting for ball estimator: samples=0/31 visible=False ready=False pos=[-0.10792696 -0.04923557  0.75386083] vel=[-2.227857   -0.14361611 -2.5219507 ][0m
[32m2026-06-29 18:19:32.795[0m | [1mINFO    [0m | [36menvs.hitter[0m:[36m_log_ball_planner_wait_state[0m:[36m694[0m - [1mWaiting for ball estimator: samples=0/31 visible=False ready=False pos=[-0.10792696 -0.04923557  0.75386083] vel=[-2.227857   -0.14361611 -2.5219507 ][0m
[32m2026-06-29 18:19:33.297[0m | [1mINFO    [0m | [36menvs.hitter[0m:[36m_log_ball_planner_wait_state[0m:[36m694[0m - [1mWaiting for ball estimator: samples=0/31 visible=False ready=False pos=[-0.10792696 -0.04923557  0.75386083] vel=[-2.227857   -0.14361611 -2.5219507 ][0m
[32m2026-06-29 18:19:33.799[0m | [1mINFO    [0m | [36menvs.hitter[0m:[36m_log_ball_planner_wait_state[0m:[36m694[0m - [1mWaiting for ball estimator: samples=0/31 visible=False ready=False pos=[-0.10792696 -0.04923557  0.75386083] vel=[-2.227857   -0.14361611 -2.5219507 ][0m
[32m2026-06-29 18:19:34.301[0m | [1mINFO    [0m | [36menvs.hitter[0m:[36m_log_ball_planner_wait_state[0m:[36m694[0m - [1mWaiting for ball estimator: samples=0/31 visible=False ready=False pos=[-0.10792696 -0.04923557  0.75386083] vel=[-2.227857   -0.14361611 -2.5219507 ][0m
[32m2026-06-29 18:19:34.573[0m | [33m[1mWARNING [0m | [36magents.loco_hitter_agent[0m:[36mrun[0m:[36m270[0m - [33m[1mStep timeout: -0.0143s[0m
[32m2026-06-29 18:19:34.820[0m | [1mINFO    [0m | [36menvs.hitter[0m:[36m_log_ball_planner_wait_state[0m:[36m694[0m - [1mWaiting for ball estimator: samples=0/31 visible=False ready=False pos=[-0.10792696 -0.04923557  0.75386083] vel=[-2.227857   -0.14361611 -2.5219507 ][0m
[32m2026-06-29 18:19:34.922[0m | [33m[1mWARNING [0m | [36magents.loco_hitter_agent[0m:[36mrun[0m:[36m270[0m - [33m[1mStep timeout: -0.0072s[0m
[32m2026-06-29 18:19:35.327[0m | [1mINFO    [0m | [36menvs.hitter[0m:[36m_log_ball_planner_wait_state[0m:[36m694[0m - [1mWaiting for ball estimator: samples=0/31 visible=False ready=False pos=[-0.10792696 -0.04923557  0.75386083] vel=[-2.227857   -0.14361611 -2.5219507 ][0m
[32m2026-06-29 18:19:35.524[0m | [33m[1mWARNING [0m | [36magents.loco_hitter_agent[0m:[36mrun[0m:[36m270[0m - [33m[1mStep timeout: -0.0200s[0m
[32m2026-06-29 18:19:35.830[0m | [1mINFO    [0m | [36menvs.hitter[0m:[36m_log_ball_planner_wait_state[0m:[36m694[0m - [1mWaiting for ball estimator: samples=0/31 visible=False ready=False pos=[-0.10792696 -0.04923557  0.75386083] vel=[-2.227857   -0.14361611 -2.5219507 ][0m
[32m2026-06-29 18:19:36.331[0m | [1mINFO    [0m | [36menvs.hitter[0m:[36m_log_ball_planner_wait_state[0m:[36m694[0m - [1mWaiting for ball estimator: samples=0/31 visible=False ready=False pos=[-0.10792696 -0.04923557  0.75386083] vel=[-2.227857   -0.14361611 -2.5219507 ][0m
[32m2026-06-29 18:19:36.833[0m | [1mINFO    [0m | [36menvs.hitter[0m:[36m_log_ball_planner_wait_state[0m:[36m694[0m - [1mWaiting for ball estimator: samples=0/31 visible=False ready=False pos=[-0.10792696 -0.04923557  0.75386083] vel=[-2.227857   -0.14361611 -2.5219507 ][0m
[32m2026-06-29 18:19:37.335[0m | [1mINFO    [0m | [36menvs.hitter[0m:[36m_log_ball_planner_wait_state[0m:[36m694[0m - [1mWaiting for ball estimator: samples=0/31 visible=False ready=False pos=[-0.10792696 -0.04923557  0.75386083] vel=[-2.227857   -0.14361611 -2.5219507 ][0m
[32m2026-06-29 18:19:37.837[0m | [1mINFO    [0m | [36menvs.hitter[0m:[36m_log_ball_planner_wait_state[0m:[36m694[0m - [1mWaiting for ball estimator: samples=0/31 visible=False ready=False pos=[-0.10792696 -0.04923557  0.75386083] vel=[-2.227857   -0.14361611 -2.5219507 ][0m
[32m2026-06-29 18:19:38.338[0m | [1mINFO    [0m | [36menvs.hitter[0m:[36m_log_ball_planner_wait_state[0m:[36m694[0m - [1mWaiting for ball estimator: samples=0/31 visible=False ready=False pos=[-0.10792696 -0.04923557  0.75386083] vel=[-2.227857   -0.14361611 -2.5219507 ][0m
[32m2026-06-29 18:19:38.840[0m | [1mINFO    [0m | [36menvs.hitter[0m:[36m_log_ball_planner_wait_state[0m:[36m694[0m - [1mWaiting for ball estimator: samples=0/31 visible=False ready=False pos=[-0.10792696 -0.04923557  0.75386083] vel=[-2.227857   -0.14361611 -2.5219507 ][0m
[32m2026-06-29 18:19:39.342[0m | [1mINFO    [0m | [36menvs.hitter[0m:[36m_log_ball_planner_wait_state[0m:[36m694[0m - [1mWaiting for ball estimator: samples=0/31 visible=False ready=False pos=[-0.10792696 -0.04923557  0.75386083] vel=[-2.227857   -0.14361611 -2.5219507 ][0m
[32m2026-06-29 18:19:39.845[0m | [1mINFO    [0m | [36menvs.hitter[0m:[36m_log_ball_planner_wait_state[0m:[36m694[0m - [1mWaiting for ball estimator: samples=0/31 visible=False ready=False pos=[-0.10792696 -0.04923557  0.75386083] vel=[-2.227857   -0.14361611 -2.5219507 ][0m
[32m2026-06-29 18:19:40.346[0m | [1mINFO    [0m | [36menvs.hitter[0m:[36m_log_ball_planner_wait_state[0m:[36m694[0m - [1mWaiting for ball estimator: samples=0/31 visible=False ready=False pos=[-0.10792696 -0.04923557  0.75386083] vel=[-2.227857   -0.14361611 -2.5219507 ][0m
[32m2026-06-29 18:19:40.848[0m | [1mINFO    [0m | [36menvs.hitter[0m:[36m_log_ball_planner_wait_state[0m:[36m694[0m - [1mWaiting for ball estimator: samples=0/31 visible=False ready=False pos=[-0.10792696 -0.04923557  0.75386083] vel=[-2.227857   -0.14361611 -2.5219507 ][0m
[32m2026-06-29 18:19:41.349[0m | [1mINFO    [0m | [36menvs.hitter[0m:[36m_log_ball_planner_wait_state[0m:[36m694[0m - [1mWaiting for ball estimator: samples=0/31 visible=False ready=False pos=[-0.10792696 -0.04923557  0.75386083] vel=[-2.227857   -0.14361611 -2.5219507 ][0m
[32m2026-06-29 18:19:41.852[0m | [1mINFO    [0m | [36menvs.hitter[0m:[36m_log_ball_planner_wait_state[0m:[36m694[0m - [1mWaiting for ball estimator: samples=0/31 visible=False ready=False pos=[-0.10792696 -0.04923557  0.75386083] vel=[-2.227857   -0.14361611 -2.5219507 ][0m
[32m2026-06-29 18:19:42.354[0m | [1mINFO    [0m | [36menvs.hitter[0m:[36m_log_ball_planner_wait_state[0m:[36m694[0m - [1mWaiting for ball estimator: samples=0/31 visible=False ready=False pos=[-0.10792696 -0.04923557  0.75386083] vel=[-2.227857   -0.14361611 -2.5219507 ][0m
[32m2026-06-29 18:19:42.856[0m | [1mINFO    [0m | [36menvs.hitter[0m:[36m_log_ball_planner_wait_state[0m:[36m694[0m - [1mWaiting for ball estimator: samples=0/31 visible=False ready=False pos=[-0.10792696 -0.04923557  0.75386083] vel=[-2.227857   -0.14361611 -2.5219507 ][0m
[32m2026-06-29 18:19:43.357[0m | [1mINFO    [0m | [36menvs.hitter[0m:[36m_log_ball_planner_wait_state[0m:[36m694[0m - [1mWaiting for ball estimator: samples=0/31 visible=False ready=False pos=[-0.10792696 -0.04923557  0.75386083] vel=[-2.227857   -0.14361611 -2.5219507 ][0m
[32m2026-06-29 18:19:43.860[0m | [1mINFO    [0m | [36menvs.hitter[0m:[36m_log_ball_planner_wait_state[0m:[36m694[0m - [1mWaiting for ball estimator: samples=0/31 visible=False ready=False pos=[-0.10792696 -0.04923557  0.75386083] vel=[-2.227857   -0.14361611 -2.5219507 ][0m
[32m2026-06-29 18:19:44.361[0m | [1mINFO    [0m | [36menvs.hitter[0m:[36m_log_ball_planner_wait_state[0m:[36m694[0m - [1mWaiting for ball estimator: samples=0/31 visible=False ready=False pos=[-0.10792696 -0.04923557  0.75386083] vel=[-2.227857   -0.14361611 -2.5219507 ][0m
[32m2026-06-29 18:19:44.863[0m | [1mINFO    [0m | [36menvs.hitter[0m:[36m_log_ball_planner_wait_state[0m:[36m694[0m - [1mWaiting for ball estimator: samples=0/31 visible=False ready=False pos=[-0.10792696 -0.04923557  0.75386083] vel=[-2.227857   -0.14361611 -2.5219507 ][0m
[32m2026-06-29 18:19:45.365[0m | [1mINFO    [0m | [36menvs.hitter[0m:[36m_log_ball_planner_wait_state[0m:[36m694[0m - [1mWaiting for ball estimator: samples=0/31 visible=False ready=False pos=[-0.10792696 -0.04923557  0.75386083] vel=[-2.227857   -0.14361611 -2.5219507 ][0m
[32m2026-06-29 18:19:45.867[0m | [1mINFO    [0m | [36menvs.hitter[0m:[36m_log_ball_planner_wait_state[0m:[36m694[0m - [1mWaiting for ball estimator: samples=0/31 visible=False ready=False pos=[-0.10792696 -0.04923557  0.75386083] vel=[-2.227857   -0.14361611 -2.5219507 ][0m
[32m2026-06-29 18:19:46.369[0m | [1mINFO    [0m | [36menvs.hitter[0m:[36m_log_ball_planner_wait_state[0m:[36m694[0m - [1mWaiting for ball estimator: samples=0/31 visible=False ready=False pos=[-0.10792696 -0.04923557  0.75386083] vel=[-2.227857   -0.14361611 -2.5219507 ][0m
[32m2026-06-29 18:19:46.871[0m | [1mINFO    [0m | [36menvs.hitter[0m:[36m_log_ball_planner_wait_state[0m:[36m694[0m - [1mWaiting for ball estimator: samples=0/31 visible=False ready=False pos=[-0.10792696 -0.04923557  0.75386083] vel=[-2.227857   -0.14361611 -2.5219507 ][0m
[32m2026-06-29 18:19:47.373[0m | [1mINFO    [0m | [36menvs.hitter[0m:[36m_log_ball_planner_wait_state[0m:[36m694[0m - [1mWaiting for ball estimator: samples=0/31 visible=False ready=False pos=[-0.10792696 -0.04923557  0.75386083] vel=[-2.227857   -0.14361611 -2.5219507 ][0m
[32m2026-06-29 18:19:47.875[0m | [1mINFO    [0m | [36menvs.hitter[0m:[36m_log_ball_planner_wait_state[0m:[36m694[0m - [1mWaiting for ball estimator: samples=0/31 visible=False ready=False pos=[-0.10792696 -0.04923557  0.75386083] vel=[-2.227857   -0.14361611 -2.5219507 ][0m
[32m2026-06-29 18:19:48.046[0m | [33m[1mWARNING [0m | [36magents.loco_hitter_agent[0m:[36mrun[0m:[36m270[0m - [33m[1mStep timeout: -0.0144s[0m
[32m2026-06-29 18:19:48.391[0m | [1mINFO    [0m | [36menvs.hitter[0m:[36m_log_ball_planner_wait_state[0m:[36m694[0m - [1mWaiting for ball estimator: samples=0/31 visible=False ready=False pos=[-0.10792696 -0.04923557  0.75386083] vel=[-2.227857   -0.14361611 -2.5219507 ][0m
[32m2026-06-29 18:19:48.758[0m | [33m[1mWARNING [0m | [36magents.loco_hitter_agent[0m:[36mrun[0m:[36m270[0m - [33m[1mStep timeout: -0.0297s[0m
[32m2026-06-29 18:19:48.903[0m | [1mINFO    [0m | [36menvs.hitter[0m:[36m_log_ball_planner_wait_state[0m:[36m694[0m - [1mWaiting for ball estimator: samples=0/31 visible=False ready=False pos=[-0.10792696 -0.04923557  0.75386083] vel=[-2.227857   -0.14361611 -2.5219507 ][0m
[32m2026-06-29 18:19:49.405[0m | [1mINFO    [0m | [36menvs.hitter[0m:[36m_log_ball_planner_wait_state[0m:[36m694[0m - [1mWaiting for ball estimator: samples=0/31 visible=False ready=False pos=[-0.10792696 -0.04923557  0.75386083] vel=[-2.227857   -0.14361611 -2.5219507 ][0m
[32m2026-06-29 18:19:49.906[0m | [1mINFO    [0m | [36menvs.hitter[0m:[36m_log_ball_planner_wait_state[0m:[36m694[0m - [1mWaiting for ball estimator: samples=0/31 visible=False ready=False pos=[-0.10792696 -0.04923557  0.75386083] vel=[-2.227857   -0.14361611 -2.5219507 ][0m
[32m2026-06-29 18:19:50.408[0m | [1mINFO    [0m | [36menvs.hitter[0m:[36m_log_ball_planner_wait_state[0m:[36m694[0m - [1mWaiting for ball estimator: samples=0/31 visible=False ready=False pos=[-0.10792696 -0.04923557  0.75386083] vel=[-2.227857   -0.14361611 -2.5219507 ][0m
[32m2026-06-29 18:19:50.910[0m | [1mINFO    [0m | [36menvs.hitter[0m:[36m_log_ball_planner_wait_state[0m:[36m694[0m - [1mWaiting for ball estimator: samples=0/31 visible=False ready=False pos=[-0.10792696 -0.04923557  0.75386083] vel=[-2.227857   -0.14361611 -2.5219507 ][0m
[32m2026-06-29 18:19:51.412[0m | [1mINFO    [0m | [36menvs.hitter[0m:[36m_log_ball_planner_wait_state[0m:[36m694[0m - [1mWaiting for ball estimator: samples=0/31 visible=False ready=False pos=[-0.10792696 -0.04923557  0.75386083] vel=[-2.227857   -0.14361611 -2.5219507 ][0m
[32m2026-06-29 18:19:51.914[0m | [1mINFO    [0m | [36menvs.hitter[0m:[36m_log_ball_planner_wait_state[0m:[36m694[0m - [1mWaiting for ball estimator: samples=0/31 visible=False ready=False pos=[-0.10792696 -0.04923557  0.75386083] vel=[-2.227857   -0.14361611 -2.5219507 ][0m
[32m2026-06-29 18:19:52.415[0m | [1mINFO    [0m | [36menvs.hitter[0m:[36m_log_ball_planner_wait_state[0m:[36m694[0m - [1mWaiting for ball estimator: samples=0/31 visible=False ready=False pos=[-0.10792696 -0.04923557  0.75386083] vel=[-2.227857   -0.14361611 -2.5219507 ][0m
[32m2026-06-29 18:19:52.920[0m | [1mINFO    [0m | [36menvs.hitter[0m:[36m_log_ball_planner_wait_state[0m:[36m694[0m - [1mWaiting for ball estimator: samples=0/31 visible=False ready=False pos=[-0.10792696 -0.04923557  0.75386083] vel=[-2.227857   -0.14361611 -2.5219507 ][0m
[32m2026-06-29 18:19:53.440[0m | [1mINFO    [0m | [36menvs.hitter[0m:[36m_log_ball_planner_wait_state[0m:[36m694[0m - [1mWaiting for ball estimator: samples=0/31 visible=False ready=False pos=[-0.10792696 -0.04923557  0.75386083] vel=[-2.227857   -0.14361611 -2.5219507 ][0m
[32m2026-06-29 18:19:53.941[0m | [1mINFO    [0m | [36menvs.hitter[0m:[36m_log_ball_planner_wait_state[0m:[36m694[0m - [1mWaiting for ball estimator: samples=0/31 visible=False ready=False pos=[-0.10792696 -0.04923557  0.75386083] vel=[-2.227857   -0.14361611 -2.5219507 ][0m
[32m2026-06-29 18:19:54.443[0m | [1mINFO    [0m | [36menvs.hitter[0m:[36m_log_ball_planner_wait_state[0m:[36m694[0m - [1mWaiting for ball estimator: samples=0/31 visible=False ready=False pos=[-0.10792696 -0.04923557  0.75386083] vel=[-2.227857   -0.14361611 -2.5219507 ][0m
[32m2026-06-29 18:19:54.748[0m | [33m[1mWARNING [0m | [36magents.loco_hitter_agent[0m:[36mrun[0m:[36m270[0m - [33m[1mStep timeout: -0.0071s[0m
[32m2026-06-29 18:19:54.953[0m | [1mINFO    [0m | [36menvs.hitter[0m:[36m_log_ball_planner_wait_state[0m:[36m694[0m - [1mWaiting for ball estimator: samples=0/31 visible=False ready=False pos=[-0.10792696 -0.04923557  0.75386083] vel=[-2.227857   -0.14361611 -2.5219507 ][0m
[32m2026-06-29 18:19:55.454[0m | [1mINFO    [0m | [36menvs.hitter[0m:[36m_log_ball_planner_wait_state[0m:[36m694[0m - [1mWaiting for ball estimator: samples=0/31 visible=False ready=False pos=[-0.10792696 -0.04923557  0.75386083] vel=[-2.227857   -0.14361611 -2.5219507 ][0m
[32m2026-06-29 18:19:55.956[0m | [1mINFO    [0m | [36menvs.hitter[0m:[36m_log_ball_planner_wait_state[0m:[36m694[0m - [1mWaiting for ball estimator: samples=0/31 visible=False ready=False pos=[-0.10792696 -0.04923557  0.75386083] vel=[-2.227857   -0.14361611 -2.5219507 ][0m
[32m2026-06-29 18:19:56.458[0m | [1mINFO    [0m | [36menvs.hitter[0m:[36m_log_ball_planner_wait_state[0m:[36m694[0m - [1mWaiting for ball estimator: samples=0/31 visible=False ready=False pos=[-0.10792696 -0.04923557  0.75386083] vel=[-2.227857   -0.14361611 -2.5219507 ][0m
[32m2026-06-29 18:19:56.960[0m | [1mINFO    [0m | [36menvs.hitter[0m:[36m_log_ball_planner_wait_state[0m:[36m694[0m - [1mWaiting for ball estimator: samples=0/31 visible=False ready=False pos=[-0.10792696 -0.04923557  0.75386083] vel=[-2.227857   -0.14361611 -2.5219507 ][0m
[32m2026-06-29 18:19:57.462[0m | [1mINFO    [0m | [36menvs.hitter[0m:[36m_log_ball_planner_wait_state[0m:[36m694[0m - [1mWaiting for ball estimator: samples=0/31 visible=False ready=False pos=[-0.10792696 -0.04923557  0.75386083] vel=[-2.227857   -0.14361611 -2.5219507 ][0m
[32m2026-06-29 18:19:57.964[0m | [1mINFO    [0m | [36menvs.hitter[0m:[36m_log_ball_planner_wait_state[0m:[36m694[0m - [1mWaiting for ball estimator: samples=0/31 visible=False ready=False pos=[-0.10792696 -0.04923557  0.75386083] vel=[-2.227857   -0.14361611 -2.5219507 ][0m
[32m2026-06-29 18:19:58.466[0m | [1mINFO    [0m | [36menvs.hitter[0m:[36m_log_ball_planner_wait_state[0m:[36m694[0m - [1mWaiting for ball estimator: samples=0/31 visible=False ready=False pos=[-0.10792696 -0.04923557  0.75386083] vel=[-2.227857   -0.14361611 -2.5219507 ][0m
[32m2026-06-29 18:19:58.971[0m | [1mINFO    [0m | [36menvs.hitter[0m:[36m_log_ball_planner_wait_state[0m:[36m694[0m - [1mWaiting for ball estimator: samples=0/31 visible=False ready=False pos=[-0.10792696 -0.04923557  0.75386083] vel=[-2.227857   -0.14361611 -2.5219507 ][0m
[32m2026-06-29 18:19:59.490[0m | [1mINFO    [0m | [36menvs.hitter[0m:[36m_log_ball_planner_wait_state[0m:[36m694[0m - [1mWaiting for ball estimator: samples=0/31 visible=False ready=False pos=[-0.10792696 -0.04923557  0.75386083] vel=[-2.227857   -0.14361611 -2.5219507 ][0m
[32m2026-06-29 18:19:59.992[0m | [1mINFO    [0m | [36menvs.hitter[0m:[36m_log_ball_planner_wait_state[0m:[36m694[0m - [1mWaiting for ball estimator: samples=0/31 visible=False ready=False pos=[-0.10792696 -0.04923557  0.75386083] vel=[-2.227857   -0.14361611 -2.5219507 ][0m
[32m2026-06-29 18:20:00.494[0m | [1mINFO    [0m | [36menvs.hitter[0m:[36m_log_ball_planner_wait_state[0m:[36m694[0m - [1mWaiting for ball estimator: samples=0/31 visible=False ready=False pos=[-0.10792696 -0.04923557  0.75386083] vel=[-2.227857   -0.14361611 -2.5219507 ][0m
[32m2026-06-29 18:20:00.996[0m | [1mINFO    [0m | [36menvs.hitter[0m:[36m_log_ball_planner_wait_state[0m:[36m694[0m - [1mWaiting for ball estimator: samples=0/31 visible=False ready=False pos=[-0.10792696 -0.04923557  0.75386083] vel=[-2.227857   -0.14361611 -2.5219507 ][0m
[32m2026-06-29 18:20:01.498[0m | [1mINFO    [0m | [36menvs.hitter[0m:[36m_log_ball_planner_wait_state[0m:[36m694[0m - [1mWaiting for ball estimator: samples=0/31 visible=False ready=False pos=[-0.10792696 -0.04923557  0.75386083] vel=[-2.227857   -0.14361611 -2.5219507 ][0m
[32m2026-06-29 18:20:01.957[0m | [33m[1mWARNING [0m | [36magents.loco_hitter_agent[0m:[36mrun[0m:[36m270[0m - [33m[1mStep timeout: -0.0209s[0m
[32m2026-06-29 18:20:02.000[0m | [1mINFO    [0m | [36menvs.hitter[0m:[36m_log_ball_planner_wait_state[0m:[36m694[0m - [1mWaiting for ball estimator: samples=0/31 visible=False ready=False pos=[-0.10792696 -0.04923557  0.75386083] vel=[-2.227857   -0.14361611 -2.5219507 ][0m
[32m2026-06-29 18:20:02.502[0m | [1mINFO    [0m | [36menvs.hitter[0m:[36m_log_ball_planner_wait_state[0m:[36m694[0m - [1mWaiting for ball estimator: samples=0/31 visible=False ready=False pos=[-0.10792696 -0.04923557  0.75386083] vel=[-2.227857   -0.14361611 -2.5219507 ][0m
[32m2026-06-29 18:20:03.004[0m | [1mINFO    [0m | [36menvs.hitter[0m:[36m_log_ball_planner_wait_state[0m:[36m694[0m - [1mWaiting for ball estimator: samples=0/31 visible=False ready=False pos=[-0.10792696 -0.04923557  0.75386083] vel=[-2.227857   -0.14361611 -2.5219507 ][0m
[32m2026-06-29 18:20:03.506[0m | [1mINFO    [0m | [36menvs.hitter[0m:[36m_log_ball_planner_wait_state[0m:[36m694[0m - [1mWaiting for ball estimator: samples=0/31 visible=False ready=False pos=[-0.10792696 -0.04923557  0.75386083] vel=[-2.227857   -0.14361611 -2.5219507 ][0m
[32m2026-06-29 18:20:04.012[0m | [1mINFO    [0m | [36menvs.hitter[0m:[36m_log_ball_planner_wait_state[0m:[36m694[0m - [1mWaiting for ball estimator: samples=0/31 visible=False ready=False pos=[-0.10792696 -0.04923557  0.75386083] vel=[-2.227857   -0.14361611 -2.5219507 ][0m
[32m2026-06-29 18:20:04.530[0m | [1mINFO    [0m | [36menvs.hitter[0m:[36m_log_ball_planner_wait_state[0m:[36m694[0m - [1mWaiting for ball estimator: samples=0/31 visible=False ready=False pos=[-0.10792696 -0.04923557  0.75386083] vel=[-2.227857   -0.14361611 -2.5219507 ][0m
[32m2026-06-29 18:20:05.032[0m | [1mINFO    [0m | [36menvs.hitter[0m:[36m_log_ball_planner_wait_state[0m:[36m694[0m - [1mWaiting for ball estimator: samples=0/31 visible=False ready=False pos=[-0.10792696 -0.04923557  0.75386083] vel=[-2.227857   -0.14361611 -2.5219507 ][0m
[32m2026-06-29 18:20:05.534[0m | [1mINFO    [0m | [36menvs.hitter[0m:[36m_log_ball_planner_wait_state[0m:[36m694[0m - [1mWaiting for ball estimator: samples=0/31 visible=False ready=False pos=[-0.10792696 -0.04923557  0.75386083] vel=[-2.227857   -0.14361611 -2.5219507 ][0m
[32m2026-06-29 18:20:06.039[0m | [1mINFO    [0m | [36menvs.hitter[0m:[36m_log_ball_planner_wait_state[0m:[36m694[0m - [1mWaiting for ball estimator: samples=0/31 visible=False ready=False pos=[-0.10792696 -0.04923557  0.75386083] vel=[-2.227857   -0.14361611 -2.5219507 ][0m
[32m2026-06-29 18:20:06.558[0m | [1mINFO    [0m | [36menvs.hitter[0m:[36m_log_ball_planner_wait_state[0m:[36m694[0m - [1mWaiting for ball estimator: samples=0/31 visible=False ready=False pos=[-0.10792696 -0.04923557  0.75386083] vel=[-2.227857   -0.14361611 -2.5219507 ][0m
[32m2026-06-29 18:20:07.060[0m | [1mINFO    [0m | [36menvs.hitter[0m:[36m_log_ball_planner_wait_state[0m:[36m694[0m - [1mWaiting for ball estimator: samples=0/31 visible=False ready=False pos=[-0.10792696 -0.04923557  0.75386083] vel=[-2.227857   -0.14361611 -2.5219507 ][0m
[32m2026-06-29 18:20:07.563[0m | [1mINFO    [0m | [36menvs.hitter[0m:[36m_log_ball_planner_wait_state[0m:[36m694[0m - [1mWaiting for ball estimator: samples=0/31 visible=False ready=False pos=[-0.10792696 -0.04923557  0.75386083] vel=[-2.227857   -0.14361611 -2.5219507 ][0m
[32m2026-06-29 18:20:08.064[0m | [1mINFO    [0m | [36menvs.hitter[0m:[36m_log_ball_planner_wait_state[0m:[36m694[0m - [1mWaiting for ball estimator: samples=0/31 visible=False ready=False pos=[-0.10792696 -0.04923557  0.75386083] vel=[-2.227857   -0.14361611 -2.5219507 ][0m
[32m2026-06-29 18:20:08.566[0m | [1mINFO    [0m | [36menvs.hitter[0m:[36m_log_ball_planner_wait_state[0m:[36m694[0m - [1mWaiting for ball estimator: samples=0/31 visible=False ready=False pos=[-0.10792696 -0.04923557  0.75386083] vel=[-2.227857   -0.14361611 -2.5219507 ][0m
[32m2026-06-29 18:20:09.068[0m | [1mINFO    [0m | [36menvs.hitter[0m:[36m_log_ball_planner_wait_state[0m:[36m694[0m - [1mWaiting for ball estimator: samples=0/31 visible=False ready=False pos=[-0.10792696 -0.04923557  0.75386083] vel=[-2.227857   -0.14361611 -2.5219507 ][0m
[32m2026-06-29 18:20:09.570[0m | [1mINFO    [0m | [36menvs.hitter[0m:[36m_log_ball_planner_wait_state[0m:[36m694[0m - [1mWaiting for ball estimator: samples=0/31 visible=False ready=False pos=[-0.10792696 -0.04923557  0.75386083] vel=[-2.227857   -0.14361611 -2.5219507 ][0m
[32m2026-06-29 18:20:10.072[0m | [1mINFO    [0m | [36menvs.hitter[0m:[36m_log_ball_planner_wait_state[0m:[36m694[0m - [1mWaiting for ball estimator: samples=0/31 visible=False ready=False pos=[-0.10792696 -0.04923557  0.75386083] vel=[-2.227857   -0.14361611 -2.5219507 ][0m
[32m2026-06-29 18:20:10.577[0m | [1mINFO    [0m | [36menvs.hitter[0m:[36m_log_ball_planner_wait_state[0m:[36m694[0m - [1mWaiting for ball estimator: samples=0/31 visible=False ready=False pos=[-0.10792696 -0.04923557  0.75386083] vel=[-2.227857   -0.14361611 -2.5219507 ][0m
[32m2026-06-29 18:20:10.776[0m | [33m[1mWARNING [0m | [36magents.loco_hitter_agent[0m:[36mrun[0m:[36m270[0m - [33m[1mStep timeout: -0.0040s[0m
[32m2026-06-29 18:20:11.080[0m | [1mINFO    [0m | [36menvs.hitter[0m:[36m_log_ball_planner_wait_state[0m:[36m694[0m - [1mWaiting for ball estimator: samples=0/31 visible=False ready=False pos=[-0.10792696 -0.04923557  0.75386083] vel=[-2.227857   -0.14361611 -2.5219507 ][0m
[32m2026-06-29 18:20:11.583[0m | [1mINFO    [0m | [36menvs.hitter[0m:[36m_log_ball_planner_wait_state[0m:[36m694[0m - [1mWaiting for ball estimator: samples=0/31 visible=False ready=False pos=[-0.10792696 -0.04923557  0.75386083] vel=[-2.227857   -0.14361611 -2.5219507 ][0m
[32m2026-06-29 18:20:12.085[0m | [1mINFO    [0m | [36menvs.hitter[0m:[36m_log_ball_planner_wait_state[0m:[36m694[0m - [1mWaiting for ball estimator: samples=0/31 visible=False ready=False pos=[-0.10792696 -0.04923557  0.75386083] vel=[-2.227857   -0.14361611 -2.5219507 ][0m
[32m2026-06-29 18:20:12.587[0m | [1mINFO    [0m | [36menvs.hitter[0m:[36m_log_ball_planner_wait_state[0m:[36m694[0m - [1mWaiting for ball estimator: samples=0/31 visible=False ready=False pos=[-0.10792696 -0.04923557  0.75386083] vel=[-2.227857   -0.14361611 -2.5219507 ][0m
[32m2026-06-29 18:20:13.091[0m | [1mINFO    [0m | [36menvs.hitter[0m:[36m_log_ball_planner_wait_state[0m:[36m694[0m - [1mWaiting for ball estimator: samples=0/31 visible=False ready=False pos=[-0.10792696 -0.04923557  0.75386083] vel=[-2.227857   -0.14361611 -2.5219507 ][0m
[32m2026-06-29 18:20:13.611[0m | [1mINFO    [0m | [36menvs.hitter[0m:[36m_log_ball_planner_wait_state[0m:[36m694[0m - [1mWaiting for ball estimator: samples=0/31 visible=False ready=False pos=[-0.10792696 -0.04923557  0.75386083] vel=[-2.227857   -0.14361611 -2.5219507 ][0m
[32m2026-06-29 18:20:14.113[0m | [1mINFO    [0m | [36menvs.hitter[0m:[36m_log_ball_planner_wait_state[0m:[36m694[0m - [1mWaiting for ball estimator: samples=0/31 visible=False ready=False pos=[-0.10792696 -0.04923557  0.75386083] vel=[-2.227857   -0.14361611 -2.5219507 ][0m
[32m2026-06-29 18:20:14.615[0m | [1mINFO    [0m | [36menvs.hitter[0m:[36m_log_ball_planner_wait_state[0m:[36m694[0m - [1mWaiting for ball estimator: samples=0/31 visible=False ready=False pos=[-0.10792696 -0.04923557  0.75386083] vel=[-2.227857   -0.14361611 -2.5219507 ][0m
[32m2026-06-29 18:20:15.117[0m | [1mINFO    [0m | [36menvs.hitter[0m:[36m_log_ball_planner_wait_state[0m:[36m694[0m - [1mWaiting for ball estimator: samples=0/31 visible=False ready=False pos=[-0.10792696 -0.04923557  0.75386083] vel=[-2.227857   -0.14361611 -2.5219507 ][0m
[32m2026-06-29 18:20:15.154[0m | [33m[1mWARNING [0m | [36magents.loco_hitter_agent[0m:[36mrun[0m:[36m270[0m - [33m[1mStep timeout: -0.0205s[0m
[32m2026-06-29 18:20:15.620[0m | [1mINFO    [0m | [36menvs.hitter[0m:[36m_log_ball_planner_wait_state[0m:[36m694[0m - [1mWaiting for ball estimator: samples=0/31 visible=False ready=False pos=[-0.10792696 -0.04923557  0.75386083] vel=[-2.227857   -0.14361611 -2.5219507 ][0m
[32m2026-06-29 18:20:16.121[0m | [1mINFO    [0m | [36menvs.hitter[0m:[36m_log_ball_planner_wait_state[0m:[36m694[0m - [1mWaiting for ball estimator: samples=0/31 visible=False ready=False pos=[-0.10792696 -0.04923557  0.75386083] vel=[-2.227857   -0.14361611 -2.5219507 ][0m
[32m2026-06-29 18:20:16.623[0m | [1mINFO    [0m | [36menvs.hitter[0m:[36m_log_ball_planner_wait_state[0m:[36m694[0m - [1mWaiting for ball estimator: samples=0/31 visible=False ready=False pos=[-0.10792696 -0.04923557  0.75386083] vel=[-2.227857   -0.14361611 -2.5219507 ][0m
[32m2026-06-29 18:20:17.125[0m | [1mINFO    [0m | [36menvs.hitter[0m:[36m_log_ball_planner_wait_state[0m:[36m694[0m - [1mWaiting for ball estimator: samples=0/31 visible=False ready=False pos=[-0.10792696 -0.04923557  0.75386083] vel=[-2.227857   -0.14361611 -2.5219507 ][0m
[32m2026-06-29 18:20:17.627[0m | [1mINFO    [0m | [36menvs.hitter[0m:[36m_log_ball_planner_wait_state[0m:[36m694[0m - [1mWaiting for ball estimator: samples=0/31 visible=False ready=False pos=[-0.10792696 -0.04923557  0.75386083] vel=[-2.227857   -0.14361611 -2.5219507 ][0m
[32m2026-06-29 18:20:18.130[0m | [1mINFO    [0m | [36menvs.hitter[0m:[36m_log_ball_planner_wait_state[0m:[36m694[0m - [1mWaiting for ball estimator: samples=0/31 visible=False ready=False pos=[-0.10792696 -0.04923557  0.75386083] vel=[-2.227857   -0.14361611 -2.5219507 ][0m
[32m2026-06-29 18:20:18.514[0m | [33m[1mWARNING [0m | [36magents.loco_hitter_agent[0m:[36mrun[0m:[36m270[0m - [33m[1mStep timeout: -0.0069s[0m
[32m2026-06-29 18:20:18.638[0m | [1mINFO    [0m | [36menvs.hitter[0m:[36m_log_ball_planner_wait_state[0m:[36m694[0m - [1mWaiting for ball estimator: samples=0/31 visible=False ready=False pos=[-0.10792696 -0.04923557  0.75386083] vel=[-2.227857   -0.14361611 -2.5219507 ][0m
[32m2026-06-29 18:20:19.140[0m | [1mINFO    [0m | [36menvs.hitter[0m:[36m_log_ball_planner_wait_state[0m:[36m694[0m - [1mWaiting for ball estimator: samples=0/31 visible=False ready=False pos=[-0.10792696 -0.04923557  0.75386083] vel=[-2.227857   -0.14361611 -2.5219507 ][0m
[32m2026-06-29 18:20:19.641[0m | [1mINFO    [0m | [36menvs.hitter[0m:[36m_log_ball_planner_wait_state[0m:[36m694[0m - [1mWaiting for ball estimator: samples=0/31 visible=False ready=False pos=[-0.10792696 -0.04923557  0.75386083] vel=[-2.227857   -0.14361611 -2.5219507 ][0m
[32m2026-06-29 18:20:20.143[0m | [1mINFO    [0m | [36menvs.hitter[0m:[36m_log_ball_planner_wait_state[0m:[36m694[0m - [1mWaiting for ball estimator: samples=0/31 visible=False ready=False pos=[-0.10792696 -0.04923557  0.75386083] vel=[-2.227857   -0.14361611 -2.5219507 ][0m
[32m2026-06-29 18:20:20.645[0m | [1mINFO    [0m | [36menvs.hitter[0m:[36m_log_ball_planner_wait_state[0m:[36m694[0m - [1mWaiting for ball estimator: samples=0/31 visible=False ready=False pos=[-0.10792696 -0.04923557  0.75386083] vel=[-2.227857   -0.14361611 -2.5219507 ][0m
[32m2026-06-29 18:20:21.147[0m | [1mINFO    [0m | [36menvs.hitter[0m:[36m_log_ball_planner_wait_state[0m:[36m694[0m - [1mWaiting for ball estimator: samples=0/31 visible=False ready=False pos=[-0.10792696 -0.04923557  0.75386083] vel=[-2.227857   -0.14361611 -2.5219507 ][0m
[32m2026-06-29 18:20:21.649[0m | [1mINFO    [0m | [36menvs.hitter[0m:[36m_log_ball_planner_wait_state[0m:[36m694[0m - [1mWaiting for ball estimator: samples=0/31 visible=False ready=False pos=[-0.10792696 -0.04923557  0.75386083] vel=[-2.227857   -0.14361611 -2.5219507 ][0m
[32m2026-06-29 18:20:22.151[0m | [1mINFO    [0m | [36menvs.hitter[0m:[36m_log_ball_planner_wait_state[0m:[36m694[0m - [1mWaiting for ball estimator: samples=0/31 visible=False ready=False pos=[-0.10792696 -0.04923557  0.75386083] vel=[-2.227857   -0.14361611 -2.5219507 ][0m
[32m2026-06-29 18:20:22.654[0m | [1mINFO    [0m | [36menvs.hitter[0m:[36m_log_ball_planner_wait_state[0m:[36m694[0m - [1mWaiting for ball estimator: samples=0/31 visible=False ready=False pos=[-0.10792696 -0.04923557  0.75386083] vel=[-2.227857   -0.14361611 -2.5219507 ][0m
[32m2026-06-29 18:20:23.154[0m | [1mINFO    [0m | [36menvs.hitter[0m:[36m_log_ball_planner_wait_state[0m:[36m694[0m - [1mWaiting for ball estimator: samples=0/31 visible=False ready=False pos=[-0.10792696 -0.04923557  0.75386083] vel=[-2.227857   -0.14361611 -2.5219507 ][0m
[32m2026-06-29 18:20:23.656[0m | [1mINFO    [0m | [36menvs.hitter[0m:[36m_log_ball_planner_wait_state[0m:[36m694[0m - [1mWaiting for ball estimator: samples=0/31 visible=False ready=False pos=[-0.10792696 -0.04923557  0.75386083] vel=[-2.227857   -0.14361611 -2.5219507 ][0m
[32m2026-06-29 18:20:24.158[0m | [1mINFO    [0m | [36menvs.hitter[0m:[36m_log_ball_planner_wait_state[0m:[36m694[0m - [1mWaiting for ball estimator: samples=0/31 visible=False ready=False pos=[-0.10792696 -0.04923557  0.75386083] vel=[-2.227857   -0.14361611 -2.5219507 ][0m
[32m2026-06-29 18:20:24.660[0m | [1mINFO    [0m | [36menvs.hitter[0m:[36m_log_ball_planner_wait_state[0m:[36m694[0m - [1mWaiting for ball estimator: samples=0/31 visible=False ready=False pos=[-0.10792696 -0.04923557  0.75386083] vel=[-2.227857   -0.14361611 -2.5219507 ][0m
[32m2026-06-29 18:20:25.164[0m | [1mINFO    [0m | [36menvs.hitter[0m:[36m_log_ball_planner_wait_state[0m:[36m694[0m - [1mWaiting for ball estimator: samples=0/31 visible=False ready=False pos=[-0.10792696 -0.04923557  0.75386083] vel=[-2.227857   -0.14361611 -2.5219507 ][0m
[32m2026-06-29 18:20:25.684[0m | [1mINFO    [0m | [36menvs.hitter[0m:[36m_log_ball_planner_wait_state[0m:[36m694[0m - [1mWaiting for ball estimator: samples=0/31 visible=False ready=False pos=[-0.10792696 -0.04923557  0.75386083] vel=[-2.227857   -0.14361611 -2.5219507 ][0m
[32m2026-06-29 18:20:26.186[0m | [1mINFO    [0m | [36menvs.hitter[0m:[36m_log_ball_planner_wait_state[0m:[36m694[0m - [1mWaiting for ball estimator: samples=0/31 visible=False ready=False pos=[-0.10792696 -0.04923557  0.75386083] vel=[-2.227857   -0.14361611 -2.5219507 ][0m
[32m2026-06-29 18:20:26.689[0m | [1mINFO    [0m | [36menvs.hitter[0m:[36m_log_ball_planner_wait_state[0m:[36m694[0m - [1mWaiting for ball estimator: samples=0/31 visible=False ready=False pos=[-0.10792696 -0.04923557  0.75386083] vel=[-2.227857   -0.14361611 -2.5219507 ][0m
[32m2026-06-29 18:20:27.190[0m | [1mINFO    [0m | [36menvs.hitter[0m:[36m_log_ball_planner_wait_state[0m:[36m694[0m - [1mWaiting for ball estimator: samples=0/31 visible=False ready=False pos=[-0.10792696 -0.04923557  0.75386083] vel=[-2.227857   -0.14361611 -2.5219507 ][0m
[32m2026-06-29 18:20:27.692[0m | [1mINFO    [0m | [36menvs.hitter[0m:[36m_log_ball_planner_wait_state[0m:[36m694[0m - [1mWaiting for ball estimator: samples=0/31 visible=False ready=False pos=[-0.10792696 -0.04923557  0.75386083] vel=[-2.227857   -0.14361611 -2.5219507 ][0m
[32m2026-06-29 18:20:27.930[0m | [33m[1mWARNING [0m | [36magents.loco_hitter_agent[0m:[36mrun[0m:[36m270[0m - [33m[1mStep timeout: -0.0209s[0m
[32m2026-06-29 18:20:28.195[0m | [1mINFO    [0m | [36menvs.hitter[0m:[36m_log_ball_planner_wait_state[0m:[36m694[0m - [1mWaiting for ball estimator: samples=0/31 visible=False ready=False pos=[-0.10792696 -0.04923557  0.75386083] vel=[-2.227857   -0.14361611 -2.5219507 ][0m
[32m2026-06-29 18:20:28.696[0m | [1mINFO    [0m | [36menvs.hitter[0m:[36m_log_ball_planner_wait_state[0m:[36m694[0m - [1mWaiting for ball estimator: samples=0/31 visible=False ready=False pos=[-0.10792696 -0.04923557  0.75386083] vel=[-2.227857   -0.14361611 -2.5219507 ][0m
[32m2026-06-29 18:20:28.901[0m | [33m[1mWARNING [0m | [36magents.loco_hitter_agent[0m:[36mrun[0m:[36m270[0m - [33m[1mStep timeout: -0.0074s[0m
[32m2026-06-29 18:20:29.206[0m | [1mINFO    [0m | [36menvs.hitter[0m:[36m_log_ball_planner_wait_state[0m:[36m694[0m - [1mWaiting for ball estimator: samples=0/31 visible=False ready=False pos=[-0.10792696 -0.04923557  0.75386083] vel=[-2.227857   -0.14361611 -2.5219507 ][0m
[32m2026-06-29 18:20:29.708[0m | [1mINFO    [0m | [36menvs.hitter[0m:[36m_log_ball_planner_wait_state[0m:[36m694[0m - [1mWaiting for ball estimator: samples=0/31 visible=False ready=False pos=[-0.10792696 -0.04923557  0.75386083] vel=[-2.227857   -0.14361611 -2.5219507 ][0m
[32m2026-06-29 18:20:30.210[0m | [1mINFO    [0m | [36menvs.hitter[0m:[36m_log_ball_planner_wait_state[0m:[36m694[0m - [1mWaiting for ball estimator: samples=0/31 visible=False ready=False pos=[-0.10792696 -0.04923557  0.75386083] vel=[-2.227857   -0.14361611 -2.5219507 ][0m
[32m2026-06-29 18:20:30.711[0m | [1mINFO    [0m | [36menvs.hitter[0m:[36m_log_ball_planner_wait_state[0m:[36m694[0m - [1mWaiting for ball estimator: samples=0/31 visible=False ready=False pos=[-0.10792696 -0.04923557  0.75386083] vel=[-2.227857   -0.14361611 -2.5219507 ][0m
[32m2026-06-29 18:20:31.217[0m | [1mINFO    [0m | [36menvs.hitter[0m:[36m_log_ball_planner_wait_state[0m:[36m694[0m - [1mWaiting for ball estimator: samples=0/31 visible=False ready=False pos=[-0.10792696 -0.04923557  0.75386083] vel=[-2.227857   -0.14361611 -2.5219507 ][0m
[32m2026-06-29 18:20:31.735[0m | [1mINFO    [0m | [36menvs.hitter[0m:[36m_log_ball_planner_wait_state[0m:[36m694[0m - [1mWaiting for ball estimator: samples=0/31 visible=False ready=False pos=[-0.10792696 -0.04923557  0.75386083] vel=[-2.227857   -0.14361611 -2.5219507 ][0m
[32m2026-06-29 18:20:32.237[0m | [1mINFO    [0m | [36menvs.hitter[0m:[36m_log_ball_planner_wait_state[0m:[36m694[0m - [1mWaiting for ball estimator: samples=0/31 visible=False ready=False pos=[-0.10792696 -0.04923557  0.75386083] vel=[-2.227857   -0.14361611 -2.5219507 ][0m
[32m2026-06-29 18:20:32.739[0m | [1mINFO    [0m | [36menvs.hitter[0m:[36m_log_ball_planner_wait_state[0m:[36m694[0m - [1mWaiting for ball estimator: samples=0/31 visible=False ready=False pos=[-0.10792696 -0.04923557  0.75386083] vel=[-2.227857   -0.14361611 -2.5219507 ][0m
[32m2026-06-29 18:20:33.241[0m | [1mINFO    [0m | [36menvs.hitter[0m:[36m_log_ball_planner_wait_state[0m:[36m694[0m - [1mWaiting for ball estimator: samples=0/31 visible=False ready=False pos=[-0.10792696 -0.04923557  0.75386083] vel=[-2.227857   -0.14361611 -2.5219507 ][0m
[32m2026-06-29 18:20:33.400[0m | [33m[1mWARNING [0m | [36magents.loco_hitter_agent[0m:[36mrun[0m:[36m270[0m - [33m[1mStep timeout: -0.0023s[0m
[32m2026-06-29 18:20:33.746[0m | [1mINFO    [0m | [36menvs.hitter[0m:[36m_log_ball_planner_wait_state[0m:[36m694[0m - [1mWaiting for ball estimator: samples=0/31 visible=False ready=False pos=[-0.10792696 -0.04923557  0.75386083] vel=[-2.227857   -0.14361611 -2.5219507 ][0m
[32m2026-06-29 18:20:34.247[0m | [1mINFO    [0m | [36menvs.hitter[0m:[36m_log_ball_planner_wait_state[0m:[36m694[0m - [1mWaiting for ball estimator: samples=0/31 visible=False ready=False pos=[-0.10792696 -0.04923557  0.75386083] vel=[-2.227857   -0.14361611 -2.5219507 ][0m
[32m2026-06-29 18:20:34.749[0m | [1mINFO    [0m | [36menvs.hitter[0m:[36m_log_ball_planner_wait_state[0m:[36m694[0m - [1mWaiting for ball estimator: samples=0/31 visible=False ready=False pos=[-0.10792696 -0.04923557  0.75386083] vel=[-2.227857   -0.14361611 -2.5219507 ][0m
[32m2026-06-29 18:20:35.251[0m | [1mINFO    [0m | [36menvs.hitter[0m:[36m_log_ball_planner_wait_state[0m:[36m694[0m - [1mWaiting for ball estimator: samples=0/31 visible=False ready=False pos=[-0.10792696 -0.04923557  0.75386083] vel=[-2.227857   -0.14361611 -2.5219507 ][0m
[32m2026-06-29 18:20:35.753[0m | [1mINFO    [0m | [36menvs.hitter[0m:[36m_log_ball_planner_wait_state[0m:[36m694[0m - [1mWaiting for ball estimator: samples=0/31 visible=False ready=False pos=[-0.10792696 -0.04923557  0.75386083] vel=[-2.227857   -0.14361611 -2.5219507 ][0m
[32m2026-06-29 18:20:36.255[0m | [1mINFO    [0m | [36menvs.hitter[0m:[36m_log_ball_planner_wait_state[0m:[36m694[0m - [1mWaiting for ball estimator: samples=0/31 visible=False ready=False pos=[-0.10792696 -0.04923557  0.75386083] vel=[-2.227857   -0.14361611 -2.5219507 ][0m
[32m2026-06-29 18:20:36.756[0m | [1mINFO    [0m | [36menvs.hitter[0m:[36m_log_ball_planner_wait_state[0m:[36m694[0m - [1mWaiting for ball estimator: samples=0/31 visible=False ready=False pos=[-0.10792696 -0.04923557  0.75386083] vel=[-2.227857   -0.14361611 -2.5219507 ][0m
[32m2026-06-29 18:20:37.259[0m | [1mINFO    [0m | [36menvs.hitter[0m:[36m_log_ball_planner_wait_state[0m:[36m694[0m - [1mWaiting for ball estimator: samples=0/31 visible=False ready=False pos=[-0.10792696 -0.04923557  0.75386083] vel=[-2.227857   -0.14361611 -2.5219507 ][0m
[32m2026-06-29 18:20:37.542[0m | [33m[1mWARNING [0m | [36magents.loco_hitter_agent[0m:[36mrun[0m:[36m270[0m - [33m[1mStep timeout: -0.0060s[0m
[32m2026-06-29 18:20:37.766[0m | [1mINFO    [0m | [36menvs.hitter[0m:[36m_log_ball_planner_wait_state[0m:[36m694[0m - [1mWaiting for ball estimator: samples=0/31 visible=False ready=False pos=[-0.10792696 -0.04923557  0.75386083] vel=[-2.227857   -0.14361611 -2.5219507 ][0m
[32m2026-06-29 18:20:38.268[0m | [1mINFO    [0m | [36menvs.hitter[0m:[36m_log_ball_planner_wait_state[0m:[36m694[0m - [1mWaiting for ball estimator: samples=0/31 visible=False ready=False pos=[-0.10792696 -0.04923557  0.75386083] vel=[-2.227857   -0.14361611 -2.5219507 ][0m
[32m2026-06-29 18:20:38.770[0m | [1mINFO    [0m | [36menvs.hitter[0m:[36m_log_ball_planner_wait_state[0m:[36m694[0m - [1mWaiting for ball estimator: samples=0/31 visible=False ready=False pos=[-0.10792696 -0.04923557  0.75386083] vel=[-2.227857   -0.14361611 -2.5219507 ][0m
[32m2026-06-29 18:20:39.272[0m | [1mINFO    [0m | [36menvs.hitter[0m:[36m_log_ball_planner_wait_state[0m:[36m694[0m - [1mWaiting for ball estimator: samples=0/31 visible=False ready=False pos=[-0.10792696 -0.04923557  0.75386083] vel=[-2.227857   -0.14361611 -2.5219507 ][0m
[32m2026-06-29 18:20:39.774[0m | [1mINFO    [0m | [36menvs.hitter[0m:[36m_log_ball_planner_wait_state[0m:[36m694[0m - [1mWaiting for ball estimator: samples=0/31 visible=False ready=False pos=[-0.10792696 -0.04923557  0.75386083] vel=[-2.227857   -0.14361611 -2.5219507 ][0m
[32m2026-06-29 18:20:40.276[0m | [1mINFO    [0m | [36menvs.hitter[0m:[36m_log_ball_planner_wait_state[0m:[36m694[0m - [1mWaiting for ball estimator: samples=0/31 visible=False ready=False pos=[-0.10792696 -0.04923557  0.75386083] vel=[-2.227857   -0.14361611 -2.5219507 ][0m
[32m2026-06-29 18:20:40.714[0m | [33m[1mWARNING [0m | [36magents.loco_hitter_agent[0m:[36mrun[0m:[36m270[0m - [33m[1mStep timeout: -0.0199s[0m
[32m2026-06-29 18:20:40.777[0m | [1mINFO    [0m | [36menvs.hitter[0m:[36m_log_ball_planner_wait_state[0m:[36m694[0m - [1mWaiting for ball estimator: samples=0/31 visible=False ready=False pos=[-0.10792696 -0.04923557  0.75386083] vel=[-2.227857   -0.14361611 -2.5219507 ][0m
[32m2026-06-29 18:20:41.279[0m | [1mINFO    [0m | [36menvs.hitter[0m:[36m_log_ball_planner_wait_state[0m:[36m694[0m - [1mWaiting for ball estimator: samples=0/31 visible=False ready=False pos=[-0.10792696 -0.04923557  0.75386083] vel=[-2.227857   -0.14361611 -2.5219507 ][0m
[32m2026-06-29 18:20:41.782[0m | [1mINFO    [0m | [36menvs.hitter[0m:[36m_log_ball_planner_wait_state[0m:[36m694[0m - [1mWaiting for ball estimator: samples=0/31 visible=False ready=False pos=[-0.10792696 -0.04923557  0.75386083] vel=[-2.227857   -0.14361611 -2.5219507 ][0m
[32m2026-06-29 18:20:42.283[0m | [1mINFO    [0m | [36menvs.hitter[0m:[36m_log_ball_planner_wait_state[0m:[36m694[0m - [1mWaiting for ball estimator: samples=0/31 visible=False ready=False pos=[-0.10792696 -0.04923557  0.75386083] vel=[-2.227857   -0.14361611 -2.5219507 ][0m
[32m2026-06-29 18:20:42.785[0m | [1mINFO    [0m | [36menvs.hitter[0m:[36m_log_ball_planner_wait_state[0m:[36m694[0m - [1mWaiting for ball estimator: samples=0/31 visible=False ready=False pos=[-0.10792696 -0.04923557  0.75386083] vel=[-2.227857   -0.14361611 -2.5219507 ][0m
[32m2026-06-29 18:20:42.849[0m | [33m[1mWARNING [0m | [36magents.loco_hitter_agent[0m:[36mrun[0m:[36m270[0m - [33m[1mStep timeout: -0.0072s[0m
[32m2026-06-29 18:20:43.295[0m | [1mINFO    [0m | [36menvs.hitter[0m:[36m_log_ball_planner_wait_state[0m:[36m694[0m - [1mWaiting for ball estimator: samples=0/31 visible=False ready=False pos=[-0.10792696 -0.04923557  0.75386083] vel=[-2.227857   -0.14361611 -2.5219507 ][0m
[32m2026-06-29 18:20:43.797[0m | [1mINFO    [0m | [36menvs.hitter[0m:[36m_log_ball_planner_wait_state[0m:[36m694[0m - [1mWaiting for ball estimator: samples=0/31 visible=False ready=False pos=[-0.10792696 -0.04923557  0.75386083] vel=[-2.227857   -0.14361611 -2.5219507 ][0m
[32m2026-06-29 18:20:44.299[0m | [1mINFO    [0m | [36menvs.hitter[0m:[36m_log_ball_planner_wait_state[0m:[36m694[0m - [1mWaiting for ball estimator: samples=0/31 visible=False ready=False pos=[-0.10792696 -0.04923557  0.75386083] vel=[-2.227857   -0.14361611 -2.5219507 ][0m
[32m2026-06-29 18:20:44.801[0m | [1mINFO    [0m | [36menvs.hitter[0m:[36m_log_ball_planner_wait_state[0m:[36m694[0m - [1mWaiting for ball estimator: samples=0/31 visible=False ready=False pos=[-0.10792696 -0.04923557  0.75386083] vel=[-2.227857   -0.14361611 -2.5219507 ][0m
[32m2026-06-29 18:20:45.302[0m | [1mINFO    [0m | [36menvs.hitter[0m:[36m_log_ball_planner_wait_state[0m:[36m694[0m - [1mWaiting for ball estimator: samples=0/31 visible=False ready=False pos=[-0.10792696 -0.04923557  0.75386083] vel=[-2.227857   -0.14361611 -2.5219507 ][0m
[32m2026-06-29 18:20:45.805[0m | [1mINFO    [0m | [36menvs.hitter[0m:[36m_log_ball_planner_wait_state[0m:[36m694[0m - [1mWaiting for ball estimator: samples=0/31 visible=False ready=False pos=[-0.10792696 -0.04923557  0.75386083] vel=[-2.227857   -0.14361611 -2.5219507 ][0m
[32m2026-06-29 18:20:46.307[0m | [1mINFO    [0m | [36menvs.hitter[0m:[36m_log_ball_planner_wait_state[0m:[36m694[0m - [1mWaiting for ball estimator: samples=0/31 visible=False ready=False pos=[-0.10792696 -0.04923557  0.75386083] vel=[-2.227857   -0.14361611 -2.5219507 ][0m
[32m2026-06-29 18:20:46.808[0m | [1mINFO    [0m | [36menvs.hitter[0m:[36m_log_ball_planner_wait_state[0m:[36m694[0m - [1mWaiting for ball estimator: samples=0/31 visible=False ready=False pos=[-0.10792696 -0.04923557  0.75386083] vel=[-2.227857   -0.14361611 -2.5219507 ][0m
[32m2026-06-29 18:20:47.310[0m | [1mINFO    [0m | [36menvs.hitter[0m:[36m_log_ball_planner_wait_state[0m:[36m694[0m - [1mWaiting for ball estimator: samples=0/31 visible=False ready=False pos=[-0.10792696 -0.04923557  0.75386083] vel=[-2.227857   -0.14361611 -2.5219507 ][0m
[32m2026-06-29 18:20:47.813[0m | [1mINFO    [0m | [36menvs.hitter[0m:[36m_log_ball_planner_wait_state[0m:[36m694[0m - [1mWaiting for ball estimator: samples=0/31 visible=False ready=False pos=[-0.10792696 -0.04923557  0.75386083] vel=[-2.227857   -0.14361611 -2.5219507 ][0m
[32m2026-06-29 18:20:48.316[0m | [1mINFO    [0m | [36menvs.hitter[0m:[36m_log_ball_planner_wait_state[0m:[36m694[0m - [1mWaiting for ball estimator: samples=0/31 visible=False ready=False pos=[-0.10792696 -0.04923557  0.75386083] vel=[-2.227857   -0.14361611 -2.5219507 ][0m
[32m2026-06-29 18:20:48.817[0m | [1mINFO    [0m | [36menvs.hitter[0m:[36m_log_ball_planner_wait_state[0m:[36m694[0m - [1mWaiting for ball estimator: samples=0/31 visible=False ready=False pos=[-0.10792696 -0.04923557  0.75386083] vel=[-2.227857   -0.14361611 -2.5219507 ][0m
[32m2026-06-29 18:20:49.317[0m | [1mINFO    [0m | [36menvs.hitter[0m:[36m_log_ball_planner_wait_state[0m:[36m694[0m - [1mWaiting for ball estimator: samples=0/31 visible=False ready=False pos=[-0.10792696 -0.04923557  0.75386083] vel=[-2.227857   -0.14361611 -2.5219507 ][0m
[32m2026-06-29 18:20:49.819[0m | [1mINFO    [0m | [36menvs.hitter[0m:[36m_log_ball_planner_wait_state[0m:[36m694[0m - [1mWaiting for ball estimator: samples=0/31 visible=False ready=False pos=[-0.10792696 -0.04923557  0.75386083] vel=[-2.227857   -0.14361611 -2.5219507 ][0m
[32m2026-06-29 18:20:50.328[0m | [1mINFO    [0m | [36menvs.hitter[0m:[36m_log_ball_planner_wait_state[0m:[36m694[0m - [1mWaiting for ball estimator: samples=0/31 visible=False ready=False pos=[-0.10792696 -0.04923557  0.75386083] vel=[-2.227857   -0.14361611 -2.5219507 ][0m
[32m2026-06-29 18:20:50.843[0m | [1mINFO    [0m | [36menvs.hitter[0m:[36m_log_ball_planner_wait_state[0m:[36m694[0m - [1mWaiting for ball estimator: samples=0/31 visible=False ready=False pos=[-0.10792696 -0.04923557  0.75386083] vel=[-2.227857   -0.14361611 -2.5219507 ][0m
[32m2026-06-29 18:20:50.861[0m | [33m[1mWARNING [0m | [36magents.loco_hitter_agent[0m:[36mrun[0m:[36m270[0m - [33m[1mStep timeout: -0.0019s[0m
[32m2026-06-29 18:20:51.348[0m | [1mINFO    [0m | [36menvs.hitter[0m:[36m_log_ball_planner_wait_state[0m:[36m694[0m - [1mWaiting for ball estimator: samples=0/31 visible=False ready=False pos=[-0.10792696 -0.04923557  0.75386083] vel=[-2.227857   -0.14361611 -2.5219507 ][0m
[32m2026-06-29 18:20:51.848[0m | [1mINFO    [0m | [36menvs.hitter[0m:[36m_log_ball_planner_wait_state[0m:[36m694[0m - [1mWaiting for ball estimator: samples=0/31 visible=False ready=False pos=[-0.10792696 -0.04923557  0.75386083] vel=[-2.227857   -0.14361611 -2.5219507 ][0m
[32m2026-06-29 18:20:52.351[0m | [1mINFO    [0m | [36menvs.hitter[0m:[36m_log_ball_planner_wait_state[0m:[36m694[0m - [1mWaiting for ball estimator: samples=0/31 visible=False ready=False pos=[-0.10792696 -0.04923557  0.75386083] vel=[-2.227857   -0.14361611 -2.5219507 ][0m
[32m2026-06-29 18:20:52.852[0m | [1mINFO    [0m | [36menvs.hitter[0m:[36m_log_ball_planner_wait_state[0m:[36m694[0m - [1mWaiting for ball estimator: samples=0/31 visible=False ready=False pos=[-0.10792696 -0.04923557  0.75386083] vel=[-2.227857   -0.14361611 -2.5219507 ][0m
[32m2026-06-29 18:20:53.354[0m | [1mINFO    [0m | [36menvs.hitter[0m:[36m_log_ball_planner_wait_state[0m:[36m694[0m - [1mWaiting for ball estimator: samples=0/31 visible=False ready=False pos=[-0.10792696 -0.04923557  0.75386083] vel=[-2.227857   -0.14361611 -2.5219507 ][0m
[32m2026-06-29 18:20:53.511[0m | [33m[1mWARNING [0m | [36magents.loco_hitter_agent[0m:[36mrun[0m:[36m270[0m - [33m[1mStep timeout: -0.0203s[0m
[32m2026-06-29 18:20:53.857[0m | [1mINFO    [0m | [36menvs.hitter[0m:[36m_log_ball_planner_wait_state[0m:[36m694[0m - [1mWaiting for ball estimator: samples=0/31 visible=False ready=False pos=[-0.10792696 -0.04923557  0.75386083] vel=[-2.227857   -0.14361611 -2.5219507 ][0m
[32m2026-06-29 18:20:54.358[0m | [1mINFO    [0m | [36menvs.hitter[0m:[36m_log_ball_planner_wait_state[0m:[36m694[0m - [1mWaiting for ball estimator: samples=0/31 visible=False ready=False pos=[-0.10792696 -0.04923557  0.75386083] vel=[-2.227857   -0.14361611 -2.5219507 ][0m
[32m2026-06-29 18:20:54.860[0m | [1mINFO    [0m | [36menvs.hitter[0m:[36m_log_ball_planner_wait_state[0m:[36m694[0m - [1mWaiting for ball estimator: samples=0/31 visible=False ready=False pos=[-0.10792696 -0.04923557  0.75386083] vel=[-2.227857   -0.14361611 -2.5219507 ][0m
[32m2026-06-29 18:20:55.069[0m | [33m[1mWARNING [0m | [36magents.loco_hitter_agent[0m:[36mrun[0m:[36m270[0m - [33m[1mStep timeout: -0.0115s[0m
[32m2026-06-29 18:20:55.373[0m | [1mINFO    [0m | [36menvs.hitter[0m:[36m_log_ball_planner_wait_state[0m:[36m694[0m - [1mWaiting for ball estimator: samples=0/31 visible=False ready=False pos=[-0.10792696 -0.04923557  0.75386083] vel=[-2.227857   -0.14361611 -2.5219507 ][0m
[32m2026-06-29 18:20:55.875[0m | [1mINFO    [0m | [36menvs.hitter[0m:[36m_log_ball_planner_wait_state[0m:[36m694[0m - [1mWaiting for ball estimator: samples=0/31 visible=False ready=False pos=[-0.10792696 -0.04923557  0.75386083] vel=[-2.227857   -0.14361611 -2.5219507 ][0m
[32m2026-06-29 18:20:56.377[0m | [1mINFO    [0m | [36menvs.hitter[0m:[36m_log_ball_planner_wait_state[0m:[36m694[0m - [1mWaiting for ball estimator: samples=0/31 visible=False ready=False pos=[-0.10792696 -0.04923557  0.75386083] vel=[-2.227857   -0.14361611 -2.5219507 ][0m
[32m2026-06-29 18:20:56.879[0m | [1mINFO    [0m | [36menvs.hitter[0m:[36m_log_ball_planner_wait_state[0m:[36m694[0m - [1mWaiting for ball estimator: samples=0/31 visible=False ready=False pos=[-0.10792696 -0.04923557  0.75386083] vel=[-2.227857   -0.14361611 -2.5219507 ][0m
[32m2026-06-29 18:20:57.381[0m | [1mINFO    [0m | [36menvs.hitter[0m:[36m_log_ball_planner_wait_state[0m:[36m694[0m - [1mWaiting for ball estimator: samples=0/31 visible=False ready=False pos=[-0.10792696 -0.04923557  0.75386083] vel=[-2.227857   -0.14361611 -2.5219507 ][0m
[32m2026-06-29 18:20:57.882[0m | [1mINFO    [0m | [36menvs.hitter[0m:[36m_log_ball_planner_wait_state[0m:[36m694[0m - [1mWaiting for ball estimator: samples=0/31 visible=False ready=False pos=[-0.10792696 -0.04923557  0.75386083] vel=[-2.227857   -0.14361611 -2.5219507 ][0m
[32m2026-06-29 18:20:58.384[0m | [1mINFO    [0m | [36menvs.hitter[0m:[36m_log_ball_planner_wait_state[0m:[36m694[0m - [1mWaiting for ball estimator: samples=0/31 visible=False ready=False pos=[-0.10792696 -0.04923557  0.75386083] vel=[-2.227857   -0.14361611 -2.5219507 ][0m
[32m2026-06-29 18:20:58.886[0m | [1mINFO    [0m | [36menvs.hitter[0m:[36m_log_ball_planner_wait_state[0m:[36m694[0m - [1mWaiting for ball estimator: samples=0/31 visible=False ready=False pos=[-0.10792696 -0.04923557  0.75386083] vel=[-2.227857   -0.14361611 -2.5219507 ][0m
[32m2026-06-29 18:20:59.388[0m | [1mINFO    [0m | [36menvs.hitter[0m:[36m_log_ball_planner_wait_state[0m:[36m694[0m - [1mWaiting for ball estimator: samples=0/31 visible=False ready=False pos=[-0.10792696 -0.04923557  0.75386083] vel=[-2.227857   -0.14361611 -2.5219507 ][0m
[32m2026-06-29 18:20:59.890[0m | [1mINFO    [0m | [36menvs.hitter[0m:[36m_log_ball_planner_wait_state[0m:[36m694[0m - [1mWaiting for ball estimator: samples=0/31 visible=False ready=False pos=[-0.10792696 -0.04923557  0.75386083] vel=[-2.227857   -0.14361611 -2.5219507 ][0m
[32m2026-06-29 18:21:00.392[0m | [1mINFO    [0m | [36menvs.hitter[0m:[36m_log_ball_planner_wait_state[0m:[36m694[0m - [1mWaiting for ball estimator: samples=0/31 visible=False ready=False pos=[-0.10792696 -0.04923557  0.75386083] vel=[-2.227857   -0.14361611 -2.5219507 ][0m
[32m2026-06-29 18:21:00.894[0m | [1mINFO    [0m | [36menvs.hitter[0m:[36m_log_ball_planner_wait_state[0m:[36m694[0m - [1mWaiting for ball estimator: samples=0/31 visible=False ready=False pos=[-0.10792696 -0.04923557  0.75386083] vel=[-2.227857   -0.14361611 -2.5219507 ][0m
[32m2026-06-29 18:21:01.396[0m | [1mINFO    [0m | [36menvs.hitter[0m:[36m_log_ball_planner_wait_state[0m:[36m694[0m - [1mWaiting for ball estimator: samples=0/31 visible=False ready=False pos=[-0.10792696 -0.04923557  0.75386083] vel=[-2.227857   -0.14361611 -2.5219507 ][0m
[32m2026-06-29 18:21:01.558[0m | [33m[1mWARNING [0m | [36magents.loco_hitter_agent[0m:[36mrun[0m:[36m270[0m - [33m[1mStep timeout: -0.0048s[0m
[32m2026-06-29 18:21:01.904[0m | [1mINFO    [0m | [36menvs.hitter[0m:[36m_log_ball_planner_wait_state[0m:[36m694[0m - [1mWaiting for ball estimator: samples=0/31 visible=False ready=False pos=[-0.10792696 -0.04923557  0.75386083] vel=[-2.227857   -0.14361611 -2.5219507 ][0m
[32m2026-06-29 18:21:02.405[0m | [1mINFO    [0m | [36menvs.hitter[0m:[36m_log_ball_planner_wait_state[0m:[36m694[0m - [1mWaiting for ball estimator: samples=0/31 visible=False ready=False pos=[-0.10792696 -0.04923557  0.75386083] vel=[-2.227857   -0.14361611 -2.5219507 ][0m
[32m2026-06-29 18:21:02.907[0m | [1mINFO    [0m | [36menvs.hitter[0m:[36m_log_ball_planner_wait_state[0m:[36m694[0m - [1mWaiting for ball estimator: samples=0/31 visible=False ready=False pos=[-0.10792696 -0.04923557  0.75386083] vel=[-2.227857   -0.14361611 -2.5219507 ][0m
[32m2026-06-29 18:21:03.085[0m | [33m[1mWARNING [0m | [36magents.loco_hitter_agent[0m:[36mrun[0m:[36m270[0m - [33m[1mStep timeout: -0.0012s[0m
[32m2026-06-29 18:21:03.410[0m | [1mINFO    [0m | [36menvs.hitter[0m:[36m_log_ball_planner_wait_state[0m:[36m694[0m - [1mWaiting for ball estimator: samples=0/31 visible=False ready=False pos=[-0.10792696 -0.04923557  0.75386083] vel=[-2.227857   -0.14361611 -2.5219507 ][0m
[32m2026-06-29 18:21:03.912[0m | [1mINFO    [0m | [36menvs.hitter[0m:[36m_log_ball_planner_wait_state[0m:[36m694[0m - [1mWaiting for ball estimator: samples=0/31 visible=False ready=False pos=[-0.10792696 -0.04923557  0.75386083] vel=[-2.227857   -0.14361611 -2.5219507 ][0m
[32m2026-06-29 18:21:04.414[0m | [1mINFO    [0m | [36menvs.hitter[0m:[36m_log_ball_planner_wait_state[0m:[36m694[0m - [1mWaiting for ball estimator: samples=0/31 visible=False ready=False pos=[-0.10792696 -0.04923557  0.75386083] vel=[-2.227857   -0.14361611 -2.5219507 ][0m
[32m2026-06-29 18:21:04.916[0m | [1mINFO    [0m | [36menvs.hitter[0m:[36m_log_ball_planner_wait_state[0m:[36m694[0m - [1mWaiting for ball estimator: samples=0/31 visible=False ready=False pos=[-0.10792696 -0.04923557  0.75386083] vel=[-2.227857   -0.14361611 -2.5219507 ][0m
[32m2026-06-29 18:21:05.420[0m | [1mINFO    [0m | [36menvs.hitter[0m:[36m_log_ball_planner_wait_state[0m:[36m694[0m - [1mWaiting for ball estimator: samples=0/31 visible=False ready=False pos=[-0.10792696 -0.04923557  0.75386083] vel=[-2.227857   -0.14361611 -2.5219507 ][0m
[32m2026-06-29 18:21:05.819[0m | [33m[1mWARNING [0m | [36magents.loco_hitter_agent[0m:[36mrun[0m:[36m270[0m - [33m[1mStep timeout: -0.0031s[0m
[32m2026-06-29 18:21:05.923[0m | [1mINFO    [0m | [36menvs.hitter[0m:[36m_log_ball_planner_wait_state[0m:[36m694[0m - [1mWaiting for ball estimator: samples=0/31 visible=False ready=False pos=[-0.10792696 -0.04923557  0.75386083] vel=[-2.227857   -0.14361611 -2.5219507 ][0m
[32m2026-06-29 18:21:05.985[0m | [33m[1mWARNING [0m | [36magents.loco_hitter_agent[0m:[36mrun[0m:[36m270[0m - [33m[1mStep timeout: -0.0053s[0m
[32m2026-06-29 18:21:06.047[0m | [33m[1mWARNING [0m | [36magents.loco_hitter_agent[0m:[36mrun[0m:[36m270[0m - [33m[1mStep timeout: -0.0021s[0m
[32m2026-06-29 18:21:06.432[0m | [1mINFO    [0m | [36menvs.hitter[0m:[36m_log_ball_planner_wait_state[0m:[36m694[0m - [1mWaiting for ball estimator: samples=0/31 visible=False ready=False pos=[-0.10792696 -0.04923557  0.75386083] vel=[-2.227857   -0.14361611 -2.5219507 ][0m
[32m2026-06-29 18:21:06.634[0m | [33m[1mWARNING [0m | [36magents.loco_hitter_agent[0m:[36mrun[0m:[36m270[0m - [33m[1mStep timeout: -0.0247s[0m
[32m2026-06-29 18:21:06.939[0m | [1mINFO    [0m | [36menvs.hitter[0m:[36m_log_ball_planner_wait_state[0m:[36m694[0m - [1mWaiting for ball estimator: samples=0/31 visible=False ready=False pos=[-0.10792696 -0.04923557  0.75386083] vel=[-2.227857   -0.14361611 -2.5219507 ][0m
[32m2026-06-29 18:21:07.444[0m | [1mINFO    [0m | [36menvs.hitter[0m:[36m_log_ball_planner_wait_state[0m:[36m694[0m - [1mWaiting for ball estimator: samples=0/31 visible=False ready=False pos=[-0.10792696 -0.04923557  0.75386083] vel=[-2.227857   -0.14361611 -2.5219507 ][0m
[32m2026-06-29 18:21:07.963[0m | [1mINFO    [0m | [36menvs.hitter[0m:[36m_log_ball_planner_wait_state[0m:[36m694[0m - [1mWaiting for ball estimator: samples=0/31 visible=False ready=False pos=[-0.10792696 -0.04923557  0.75386083] vel=[-2.227857   -0.14361611 -2.5219507 ][0m
[32m2026-06-29 18:21:08.465[0m | [1mINFO    [0m | [36menvs.hitter[0m:[36m_log_ball_planner_wait_state[0m:[36m694[0m - [1mWaiting for ball estimator: samples=0/31 visible=False ready=False pos=[-0.10792696 -0.04923557  0.75386083] vel=[-2.227857   -0.14361611 -2.5219507 ][0m
[32m2026-06-29 18:21:08.967[0m | [1mINFO    [0m | [36menvs.hitter[0m:[36m_log_ball_planner_wait_state[0m:[36m694[0m - [1mWaiting for ball estimator: samples=0/31 visible=False ready=False pos=[-0.10792696 -0.04923557  0.75386083] vel=[-2.227857   -0.14361611 -2.5219507 ][0m
[32m2026-06-29 18:21:09.469[0m | [1mINFO    [0m | [36menvs.hitter[0m:[36m_log_ball_planner_wait_state[0m:[36m694[0m - [1mWaiting for ball estimator: samples=0/31 visible=False ready=False pos=[-0.10792696 -0.04923557  0.75386083] vel=[-2.227857   -0.14361611 -2.5219507 ][0m
[32m2026-06-29 18:21:09.970[0m | [1mINFO    [0m | [36menvs.hitter[0m:[36m_log_ball_planner_wait_state[0m:[36m694[0m - [1mWaiting for ball estimator: samples=0/31 visible=False ready=False pos=[-0.10792696 -0.04923557  0.75386083] vel=[-2.227857   -0.14361611 -2.5219507 ][0m
[32m2026-06-29 18:21:10.473[0m | [1mINFO    [0m | [36menvs.hitter[0m:[36m_log_ball_planner_wait_state[0m:[36m694[0m - [1mWaiting for ball estimator: samples=0/31 visible=False ready=False pos=[-0.10792696 -0.04923557  0.75386083] vel=[-2.227857   -0.14361611 -2.5219507 ][0m
[32m2026-06-29 18:21:10.975[0m | [1mINFO    [0m | [36menvs.hitter[0m:[36m_log_ball_planner_wait_state[0m:[36m694[0m - [1mWaiting for ball estimator: samples=0/31 visible=False ready=False pos=[-0.10792696 -0.04923557  0.75386083] vel=[-2.227857   -0.14361611 -2.5219507 ][0m
[32m2026-06-29 18:21:11.476[0m | [1mINFO    [0m | [36menvs.hitter[0m:[36m_log_ball_planner_wait_state[0m:[36m694[0m - [1mWaiting for ball estimator: samples=0/31 visible=False ready=False pos=[-0.10792696 -0.04923557  0.75386083] vel=[-2.227857   -0.14361611 -2.5219507 ][0m
[32m2026-06-29 18:21:11.979[0m | [1mINFO    [0m | [36menvs.hitter[0m:[36m_log_ball_planner_wait_state[0m:[36m694[0m - [1mWaiting for ball estimator: samples=0/31 visible=False ready=False pos=[-0.10792696 -0.04923557  0.75386083] vel=[-2.227857   -0.14361611 -2.5219507 ][0m
[32m2026-06-29 18:21:12.480[0m | [1mINFO    [0m | [36menvs.hitter[0m:[36m_log_ball_planner_wait_state[0m:[36m694[0m - [1mWaiting for ball estimator: samples=0/31 visible=False ready=False pos=[-0.10792696 -0.04923557  0.75386083] vel=[-2.227857   -0.14361611 -2.5219507 ][0m
[32m2026-06-29 18:21:12.983[0m | [1mINFO    [0m | [36menvs.hitter[0m:[36m_log_ball_planner_wait_state[0m:[36m694[0m - [1mWaiting for ball estimator: samples=0/31 visible=False ready=False pos=[-0.10792696 -0.04923557  0.75386083] vel=[-2.227857   -0.14361611 -2.5219507 ][0m
[32m2026-06-29 18:21:13.484[0m | [1mINFO    [0m | [36menvs.hitter[0m:[36m_log_ball_planner_wait_state[0m:[36m694[0m - [1mWaiting for ball estimator: samples=0/31 visible=False ready=False pos=[-0.10792696 -0.04923557  0.75386083] vel=[-2.227857   -0.14361611 -2.5219507 ][0m
[32m2026-06-29 18:21:13.990[0m | [1mINFO    [0m | [36menvs.hitter[0m:[36m_log_ball_planner_wait_state[0m:[36m694[0m - [1mWaiting for ball estimator: samples=0/31 visible=False ready=False pos=[-0.10792696 -0.04923557  0.75386083] vel=[-2.227857   -0.14361611 -2.5219507 ][0m
[32m2026-06-29 18:21:14.508[0m | [1mINFO    [0m | [36menvs.hitter[0m:[36m_log_ball_planner_wait_state[0m:[36m694[0m - [1mWaiting for ball estimator: samples=0/31 visible=False ready=False pos=[-0.10792696 -0.04923557  0.75386083] vel=[-2.227857   -0.14361611 -2.5219507 ][0m
[32m2026-06-29 18:21:14.632[0m | [33m[1mWARNING [0m | [36magents.loco_hitter_agent[0m:[36mrun[0m:[36m270[0m - [33m[1mStep timeout: -0.0077s[0m
[32m2026-06-29 18:21:14.661[0m | [33m[1mWARNING [0m | [36magents.loco_hitter_agent[0m:[36mrun[0m:[36m270[0m - [33m[1mStep timeout: -0.0083s[0m
[32m2026-06-29 18:21:15.008[0m | [1mINFO    [0m | [36menvs.hitter[0m:[36m_log_ball_planner_wait_state[0m:[36m694[0m - [1mWaiting for ball estimator: samples=0/31 visible=False ready=False pos=[-0.10792696 -0.04923557  0.75386083] vel=[-2.227857   -0.14361611 -2.5219507 ][0m
[32m2026-06-29 18:21:15.528[0m | [1mINFO    [0m | [36menvs.hitter[0m:[36m_log_ball_planner_wait_state[0m:[36m694[0m - [1mWaiting for ball estimator: samples=0/31 visible=False ready=False pos=[-0.10792696 -0.04923557  0.75386083] vel=[-2.227857   -0.14361611 -2.5219507 ][0m
[32m2026-06-29 18:21:16.030[0m | [1mINFO    [0m | [36menvs.hitter[0m:[36m_log_ball_planner_wait_state[0m:[36m694[0m - [1mWaiting for ball estimator: samples=0/31 visible=False ready=False pos=[-0.10792696 -0.04923557  0.75386083] vel=[-2.227857   -0.14361611 -2.5219507 ][0m
[32m2026-06-29 18:21:16.532[0m | [1mINFO    [0m | [36menvs.hitter[0m:[36m_log_ball_planner_wait_state[0m:[36m694[0m - [1mWaiting for ball estimator: samples=0/31 visible=False ready=False pos=[-0.10792696 -0.04923557  0.75386083] vel=[-2.227857   -0.14361611 -2.5219507 ][0m
[32m2026-06-29 18:21:17.034[0m | [1mINFO    [0m | [36menvs.hitter[0m:[36m_log_ball_planner_wait_state[0m:[36m694[0m - [1mWaiting for ball estimator: samples=0/31 visible=False ready=False pos=[-0.10792696 -0.04923557  0.75386083] vel=[-2.227857   -0.14361611 -2.5219507 ][0m
[32m2026-06-29 18:21:17.535[0m | [1mINFO    [0m | [36menvs.hitter[0m:[36m_log_ball_planner_wait_state[0m:[36m694[0m - [1mWaiting for ball estimator: samples=0/31 visible=False ready=False pos=[-0.10792696 -0.04923557  0.75386083] vel=[-2.227857   -0.14361611 -2.5219507 ][0m
[32m2026-06-29 18:21:18.038[0m | [1mINFO    [0m | [36menvs.hitter[0m:[36m_log_ball_planner_wait_state[0m:[36m694[0m - [1mWaiting for ball estimator: samples=0/31 visible=False ready=False pos=[-0.10792696 -0.04923557  0.75386083] vel=[-2.227857   -0.14361611 -2.5219507 ][0m
[32m2026-06-29 18:21:18.539[0m | [1mINFO    [0m | [36menvs.hitter[0m:[36m_log_ball_planner_wait_state[0m:[36m694[0m - [1mWaiting for ball estimator: samples=0/31 visible=False ready=False pos=[-0.10792696 -0.04923557  0.75386083] vel=[-2.227857   -0.14361611 -2.5219507 ][0m
[32m2026-06-29 18:21:19.041[0m | [1mINFO    [0m | [36menvs.hitter[0m:[36m_log_ball_planner_wait_state[0m:[36m694[0m - [1mWaiting for ball estimator: samples=0/31 visible=False ready=False pos=[-0.10792696 -0.04923557  0.75386083] vel=[-2.227857   -0.14361611 -2.5219507 ][0m
[32m2026-06-29 18:21:19.543[0m | [1mINFO    [0m | [36menvs.hitter[0m:[36m_log_ball_planner_wait_state[0m:[36m694[0m - [1mWaiting for ball estimator: samples=0/31 visible=False ready=False pos=[-0.10792696 -0.04923557  0.75386083] vel=[-2.227857   -0.14361611 -2.5219507 ][0m
[32m2026-06-29 18:21:19.747[0m | [33m[1mWARNING [0m | [36magents.loco_hitter_agent[0m:[36mrun[0m:[36m270[0m - [33m[1mStep timeout: -0.0071s[0m
[32m2026-06-29 18:21:19.868[0m | [33m[1mWARNING [0m | [36magents.loco_hitter_agent[0m:[36mrun[0m:[36m270[0m - [33m[1mStep timeout: -0.0200s[0m
[32m2026-06-29 18:21:20.052[0m | [1mINFO    [0m | [36menvs.hitter[0m:[36m_log_ball_planner_wait_state[0m:[36m694[0m - [1mWaiting for ball estimator: samples=0/31 visible=False ready=False pos=[-0.10792696 -0.04923557  0.75386083] vel=[-2.227857   -0.14361611 -2.5219507 ][0m
[32m2026-06-29 18:21:20.553[0m | [1mINFO    [0m | [36menvs.hitter[0m:[36m_log_ball_planner_wait_state[0m:[36m694[0m - [1mWaiting for ball estimator: samples=0/31 visible=False ready=False pos=[-0.10792696 -0.04923557  0.75386083] vel=[-2.227857   -0.14361611 -2.5219507 ][0m
[32m2026-06-29 18:21:21.055[0m | [1mINFO    [0m | [36menvs.hitter[0m:[36m_log_ball_planner_wait_state[0m:[36m694[0m - [1mWaiting for ball estimator: samples=0/31 visible=False ready=False pos=[-0.10792696 -0.04923557  0.75386083] vel=[-2.227857   -0.14361611 -2.5219507 ][0m
[32m2026-06-29 18:21:21.557[0m | [1mINFO    [0m | [36menvs.hitter[0m:[36m_log_ball_planner_wait_state[0m:[36m694[0m - [1mWaiting for ball estimator: samples=0/31 visible=False ready=False pos=[-0.10792696 -0.04923557  0.75386083] vel=[-2.227857   -0.14361611 -2.5219507 ][0m
[32m2026-06-29 18:21:22.059[0m | [1mINFO    [0m | [36menvs.hitter[0m:[36m_log_ball_planner_wait_state[0m:[36m694[0m - [1mWaiting for ball estimator: samples=0/31 visible=False ready=False pos=[-0.10792696 -0.04923557  0.75386083] vel=[-2.227857   -0.14361611 -2.5219507 ][0m
[32m2026-06-29 18:21:22.561[0m | [1mINFO    [0m | [36menvs.hitter[0m:[36m_log_ball_planner_wait_state[0m:[36m694[0m - [1mWaiting for ball estimator: samples=0/31 visible=False ready=False pos=[-0.10792696 -0.04923557  0.75386083] vel=[-2.227857   -0.14361611 -2.5219507 ][0m
[32m2026-06-29 18:21:23.068[0m | [1mINFO    [0m | [36menvs.hitter[0m:[36m_log_ball_planner_wait_state[0m:[36m694[0m - [1mWaiting for ball estimator: samples=0/31 visible=False ready=False pos=[-0.10792696 -0.04923557  0.75386083] vel=[-2.227857   -0.14361611 -2.5219507 ][0m
[32m2026-06-29 18:21:23.588[0m | [1mINFO    [0m | [36menvs.hitter[0m:[36m_log_ball_planner_wait_state[0m:[36m694[0m - [1mWaiting for ball estimator: samples=0/31 visible=False ready=False pos=[-0.10792696 -0.04923557  0.75386083] vel=[-2.227857   -0.14361611 -2.5219507 ][0m
[32m2026-06-29 18:21:24.090[0m | [1mINFO    [0m | [36menvs.hitter[0m:[36m_log_ball_planner_wait_state[0m:[36m694[0m - [1mWaiting for ball estimator: samples=0/31 visible=False ready=False pos=[-0.10792696 -0.04923557  0.75386083] vel=[-2.227857   -0.14361611 -2.5219507 ][0m
[32m2026-06-29 18:21:24.609[0m | [1mINFO    [0m | [36menvs.hitter[0m:[36m_log_ball_planner_wait_state[0m:[36m694[0m - [1mWaiting for ball estimator: samples=0/31 visible=False ready=False pos=[-0.10792696 -0.04923557  0.75386083] vel=[-2.227857   -0.14361611 -2.5219507 ][0m
[32m2026-06-29 18:21:25.111[0m | [1mINFO    [0m | [36menvs.hitter[0m:[36m_log_ball_planner_wait_state[0m:[36m694[0m - [1mWaiting for ball estimator: samples=0/31 visible=False ready=False pos=[-0.10792696 -0.04923557  0.75386083] vel=[-2.227857   -0.14361611 -2.5219507 ][0m
[32m2026-06-29 18:21:25.615[0m | [1mINFO    [0m | [36menvs.hitter[0m:[36m_log_ball_planner_wait_state[0m:[36m694[0m - [1mWaiting for ball estimator: samples=0/31 visible=False ready=False pos=[-0.10792696 -0.04923557  0.75386083] vel=[-2.227857   -0.14361611 -2.5219507 ][0m
[32m2026-06-29 18:21:26.135[0m | [1mINFO    [0m | [36menvs.hitter[0m:[36m_log_ball_planner_wait_state[0m:[36m694[0m - [1mWaiting for ball estimator: samples=0/31 visible=False ready=False pos=[-0.10792696 -0.04923557  0.75386083] vel=[-2.227857   -0.14361611 -2.5219507 ][0m
[32m2026-06-29 18:21:26.637[0m | [1mINFO    [0m | [36menvs.hitter[0m:[36m_log_ball_planner_wait_state[0m:[36m694[0m - [1mWaiting for ball estimator: samples=0/31 visible=False ready=False pos=[-0.10792696 -0.04923557  0.75386083] vel=[-2.227857   -0.14361611 -2.5219507 ][0m
[32m2026-06-29 18:21:27.138[0m | [1mINFO    [0m | [36menvs.hitter[0m:[36m_log_ball_planner_wait_state[0m:[36m694[0m - [1mWaiting for ball estimator: samples=0/31 visible=False ready=False pos=[-0.10792696 -0.04923557  0.75386083] vel=[-2.227857   -0.14361611 -2.5219507 ][0m
[32m2026-06-29 18:21:27.640[0m | [1mINFO    [0m | [36menvs.hitter[0m:[36m_log_ball_planner_wait_state[0m:[36m694[0m - [1mWaiting for ball estimator: samples=0/31 visible=False ready=False pos=[-0.10792696 -0.04923557  0.75386083] vel=[-2.227857   -0.14361611 -2.5219507 ][0m
[32m2026-06-29 18:21:28.142[0m | [1mINFO    [0m | [36menvs.hitter[0m:[36m_log_ball_planner_wait_state[0m:[36m694[0m - [1mWaiting for ball estimator: samples=0/31 visible=False ready=False pos=[-0.10792696 -0.04923557  0.75386083] vel=[-2.227857   -0.14361611 -2.5219507 ][0m
[32m2026-06-29 18:21:28.645[0m | [1mINFO    [0m | [36menvs.hitter[0m:[36m_log_ball_planner_wait_state[0m:[36m694[0m - [1mWaiting for ball estimator: samples=0/31 visible=False ready=False pos=[-0.10792696 -0.04923557  0.75386083] vel=[-2.227857   -0.14361611 -2.5219507 ][0m
[32m2026-06-29 18:21:29.149[0m | [1mINFO    [0m | [36menvs.hitter[0m:[36m_log_ball_planner_wait_state[0m:[36m694[0m - [1mWaiting for ball estimator: samples=0/31 visible=False ready=False pos=[-0.10792696 -0.04923557  0.75386083] vel=[-2.227857   -0.14361611 -2.5219507 ][0m
[32m2026-06-29 18:21:29.668[0m | [1mINFO    [0m | [36menvs.hitter[0m:[36m_log_ball_planner_wait_state[0m:[36m694[0m - [1mWaiting for ball estimator: samples=0/31 visible=False ready=False pos=[-0.10792696 -0.04923557  0.75386083] vel=[-2.227857   -0.14361611 -2.5219507 ][0m
[32m2026-06-29 18:21:30.170[0m | [1mINFO    [0m | [36menvs.hitter[0m:[36m_log_ball_planner_wait_state[0m:[36m694[0m - [1mWaiting for ball estimator: samples=0/31 visible=False ready=False pos=[-0.10792696 -0.04923557  0.75386083] vel=[-2.227857   -0.14361611 -2.5219507 ][0m
[32m2026-06-29 18:21:30.672[0m | [1mINFO    [0m | [36menvs.hitter[0m:[36m_log_ball_planner_wait_state[0m:[36m694[0m - [1mWaiting for ball estimator: samples=0/31 visible=False ready=False pos=[-0.10792696 -0.04923557  0.75386083] vel=[-2.227857   -0.14361611 -2.5219507 ][0m
[32m2026-06-29 18:21:31.174[0m | [1mINFO    [0m | [36menvs.hitter[0m:[36m_log_ball_planner_wait_state[0m:[36m694[0m - [1mWaiting for ball estimator: samples=0/31 visible=False ready=False pos=[-0.10792696 -0.04923557  0.75386083] vel=[-2.227857   -0.14361611 -2.5219507 ][0m
[32m2026-06-29 18:21:31.679[0m | [1mINFO    [0m | [36menvs.hitter[0m:[36m_log_ball_planner_wait_state[0m:[36m694[0m - [1mWaiting for ball estimator: samples=0/31 visible=False ready=False pos=[-0.10792696 -0.04923557  0.75386083] vel=[-2.227857   -0.14361611 -2.5219507 ][0m
[32m2026-06-29 18:21:31.754[0m | [33m[1mWARNING [0m | [36magents.loco_hitter_agent[0m:[36mrun[0m:[36m270[0m - [33m[1mStep timeout: -0.0013s[0m
[32m2026-06-29 18:21:32.180[0m | [1mINFO    [0m | [36menvs.hitter[0m:[36m_log_ball_planner_wait_state[0m:[36m694[0m - [1mWaiting for ball estimator: samples=0/31 visible=False ready=False pos=[-0.10792696 -0.04923557  0.75386083] vel=[-2.227857   -0.14361611 -2.5219507 ][0m
[32m2026-06-29 18:21:32.682[0m | [1mINFO    [0m | [36menvs.hitter[0m:[36m_log_ball_planner_wait_state[0m:[36m694[0m - [1mWaiting for ball estimator: samples=0/31 visible=False ready=False pos=[-0.10792696 -0.04923557  0.75386083] vel=[-2.227857   -0.14361611 -2.5219507 ][0m
[32m2026-06-29 18:21:33.061[0m | [33m[1mWARNING [0m | [36magents.loco_hitter_agent[0m:[36mrun[0m:[36m270[0m - [33m[1mStep timeout: -0.0215s[0m
[32m2026-06-29 18:21:33.185[0m | [1mINFO    [0m | [36menvs.hitter[0m:[36m_log_ball_planner_wait_state[0m:[36m694[0m - [1mWaiting for ball estimator: samples=0/31 visible=False ready=False pos=[-0.10792696 -0.04923557  0.75386083] vel=[-2.227857   -0.14361611 -2.5219507 ][0m
[32m2026-06-29 18:21:33.687[0m | [1mINFO    [0m | [36menvs.hitter[0m:[36m_log_ball_planner_wait_state[0m:[36m694[0m - [1mWaiting for ball estimator: samples=0/31 visible=False ready=False pos=[-0.10792696 -0.04923557  0.75386083] vel=[-2.227857   -0.14361611 -2.5219507 ][0m
[32m2026-06-29 18:21:34.189[0m | [1mINFO    [0m | [36menvs.hitter[0m:[36m_log_ball_planner_wait_state[0m:[36m694[0m - [1mWaiting for ball estimator: samples=0/31 visible=False ready=False pos=[-0.10792696 -0.04923557  0.75386083] vel=[-2.227857   -0.14361611 -2.5219507 ][0m
[32m2026-06-29 18:21:34.691[0m | [1mINFO    [0m | [36menvs.hitter[0m:[36m_log_ball_planner_wait_state[0m:[36m694[0m - [1mWaiting for ball estimator: samples=0/31 visible=False ready=False pos=[-0.10792696 -0.04923557  0.75386083] vel=[-2.227857   -0.14361611 -2.5219507 ][0m
[32m2026-06-29 18:21:35.193[0m | [1mINFO    [0m | [36menvs.hitter[0m:[36m_log_ball_planner_wait_state[0m:[36m694[0m - [1mWaiting for ball estimator: samples=0/31 visible=False ready=False pos=[-0.10792696 -0.04923557  0.75386083] vel=[-2.227857   -0.14361611 -2.5219507 ][0m
[32m2026-06-29 18:21:35.695[0m | [1mINFO    [0m | [36menvs.hitter[0m:[36m_log_ball_planner_wait_state[0m:[36m694[0m - [1mWaiting for ball estimator: samples=0/31 visible=False ready=False pos=[-0.10792696 -0.04923557  0.75386083] vel=[-2.227857   -0.14361611 -2.5219507 ][0m
[32m2026-06-29 18:21:36.197[0m | [1mINFO    [0m | [36menvs.hitter[0m:[36m_log_ball_planner_wait_state[0m:[36m694[0m - [1mWaiting for ball estimator: samples=0/31 visible=False ready=False pos=[-0.10792696 -0.04923557  0.75386083] vel=[-2.227857   -0.14361611 -2.5219507 ][0m
[32m2026-06-29 18:21:36.702[0m | [1mINFO    [0m | [36menvs.hitter[0m:[36m_log_ball_planner_wait_state[0m:[36m694[0m - [1mWaiting for ball estimator: samples=0/31 visible=False ready=False pos=[-0.10792696 -0.04923557  0.75386083] vel=[-2.227857   -0.14361611 -2.5219507 ][0m
[32m2026-06-29 18:21:37.224[0m | [1mINFO    [0m | [36menvs.hitter[0m:[36m_log_ball_planner_wait_state[0m:[36m694[0m - [1mWaiting for ball estimator: samples=0/31 visible=False ready=False pos=[-0.10792696 -0.04923557  0.75386083] vel=[-2.227857   -0.14361611 -2.5219507 ][0m
[32m2026-06-29 18:21:37.744[0m | [1mINFO    [0m | [36menvs.hitter[0m:[36m_log_ball_planner_wait_state[0m:[36m694[0m - [1mWaiting for ball estimator: samples=0/31 visible=False ready=False pos=[-0.10792696 -0.04923557  0.75386083] vel=[-2.227857   -0.14361611 -2.5219507 ][0m
[32m2026-06-29 18:21:38.246[0m | [1mINFO    [0m | [36menvs.hitter[0m:[36m_log_ball_planner_wait_state[0m:[36m694[0m - [1mWaiting for ball estimator: samples=0/31 visible=False ready=False pos=[-0.10792696 -0.04923557  0.75386083] vel=[-2.227857   -0.14361611 -2.5219507 ][0m
[32m2026-06-29 18:21:38.748[0m | [1mINFO    [0m | [36menvs.hitter[0m:[36m_log_ball_planner_wait_state[0m:[36m694[0m - [1mWaiting for ball estimator: samples=0/31 visible=False ready=False pos=[-0.10792696 -0.04923557  0.75386083] vel=[-2.227857   -0.14361611 -2.5219507 ][0m
[32m2026-06-29 18:21:39.250[0m | [1mINFO    [0m | [36menvs.hitter[0m:[36m_log_ball_planner_wait_state[0m:[36m694[0m - [1mWaiting for ball estimator: samples=0/31 visible=False ready=False pos=[-0.10792696 -0.04923557  0.75386083] vel=[-2.227857   -0.14361611 -2.5219507 ][0m
[32m2026-06-29 18:21:39.752[0m | [1mINFO    [0m | [36menvs.hitter[0m:[36m_log_ball_planner_wait_state[0m:[36m694[0m - [1mWaiting for ball estimator: samples=0/31 visible=False ready=False pos=[-0.10792696 -0.04923557  0.75386083] vel=[-2.227857   -0.14361611 -2.5219507 ][0m
[32m2026-06-29 18:21:40.254[0m | [1mINFO    [0m | [36menvs.hitter[0m:[36m_log_ball_planner_wait_state[0m:[36m694[0m - [1mWaiting for ball estimator: samples=0/31 visible=False ready=False pos=[-0.10792696 -0.04923557  0.75386083] vel=[-2.227857   -0.14361611 -2.5219507 ][0m
[32m2026-06-29 18:21:40.756[0m | [1mINFO    [0m | [36menvs.hitter[0m:[36m_log_ball_planner_wait_state[0m:[36m694[0m - [1mWaiting for ball estimator: samples=0/31 visible=False ready=False pos=[-0.10792696 -0.04923557  0.75386083] vel=[-2.227857   -0.14361611 -2.5219507 ][0m
[32m2026-06-29 18:21:41.258[0m | [1mINFO    [0m | [36menvs.hitter[0m:[36m_log_ball_planner_wait_state[0m:[36m694[0m - [1mWaiting for ball estimator: samples=0/31 visible=False ready=False pos=[-0.10792696 -0.04923557  0.75386083] vel=[-2.227857   -0.14361611 -2.5219507 ][0m
[32m2026-06-29 18:21:41.760[0m | [1mINFO    [0m | [36menvs.hitter[0m:[36m_log_ball_planner_wait_state[0m:[36m694[0m - [1mWaiting for ball estimator: samples=0/31 visible=False ready=False pos=[-0.10792696 -0.04923557  0.75386083] vel=[-2.227857   -0.14361611 -2.5219507 ][0m
[32m2026-06-29 18:21:42.262[0m | [1mINFO    [0m | [36menvs.hitter[0m:[36m_log_ball_planner_wait_state[0m:[36m694[0m - [1mWaiting for ball estimator: samples=0/31 visible=False ready=False pos=[-0.10792696 -0.04923557  0.75386083] vel=[-2.227857   -0.14361611 -2.5219507 ][0m
[32m2026-06-29 18:21:42.764[0m | [1mINFO    [0m | [36menvs.hitter[0m:[36m_log_ball_planner_wait_state[0m:[36m694[0m - [1mWaiting for ball estimator: samples=0/31 visible=False ready=False pos=[-0.10792696 -0.04923557  0.75386083] vel=[-2.227857   -0.14361611 -2.5219507 ][0m
[32m2026-06-29 18:21:43.266[0m | [1mINFO    [0m | [36menvs.hitter[0m:[36m_log_ball_planner_wait_state[0m:[36m694[0m - [1mWaiting for ball estimator: samples=0/31 visible=False ready=False pos=[-0.10792696 -0.04923557  0.75386083] vel=[-2.227857   -0.14361611 -2.5219507 ][0m
[32m2026-06-29 18:21:43.768[0m | [1mINFO    [0m | [36menvs.hitter[0m:[36m_log_ball_planner_wait_state[0m:[36m694[0m - [1mWaiting for ball estimator: samples=0/31 visible=False ready=False pos=[-0.10792696 -0.04923557  0.75386083] vel=[-2.227857   -0.14361611 -2.5219507 ][0m
[32m2026-06-29 18:21:44.270[0m | [1mINFO    [0m | [36menvs.hitter[0m:[36m_log_ball_planner_wait_state[0m:[36m694[0m - [1mWaiting for ball estimator: samples=0/31 visible=False ready=False pos=[-0.10792696 -0.04923557  0.75386083] vel=[-2.227857   -0.14361611 -2.5219507 ][0m
[32m2026-06-29 18:21:44.775[0m | [1mINFO    [0m | [36menvs.hitter[0m:[36m_log_ball_planner_wait_state[0m:[36m694[0m - [1mWaiting for ball estimator: samples=0/31 visible=False ready=False pos=[-0.10792696 -0.04923557  0.75386083] vel=[-2.227857   -0.14361611 -2.5219507 ][0m
[32m2026-06-29 18:21:45.294[0m | [1mINFO    [0m | [36menvs.hitter[0m:[36m_log_ball_planner_wait_state[0m:[36m694[0m - [1mWaiting for ball estimator: samples=0/31 visible=False ready=False pos=[-0.10792696 -0.04923557  0.75386083] vel=[-2.227857   -0.14361611 -2.5219507 ][0m
[32m2026-06-29 18:21:45.797[0m | [1mINFO    [0m | [36menvs.hitter[0m:[36m_log_ball_planner_wait_state[0m:[36m694[0m - [1mWaiting for ball estimator: samples=0/31 visible=False ready=False pos=[-0.10792696 -0.04923557  0.75386083] vel=[-2.227857   -0.14361611 -2.5219507 ][0m
[32m2026-06-29 18:21:46.153[0m | [33m[1mWARNING [0m | [36magents.loco_hitter_agent[0m:[36mrun[0m:[36m270[0m - [33m[1mStep timeout: -0.0190s[0m
[32m2026-06-29 18:21:46.298[0m | [1mINFO    [0m | [36menvs.hitter[0m:[36m_log_ball_planner_wait_state[0m:[36m694[0m - [1mWaiting for ball estimator: samples=0/31 visible=False ready=False pos=[-0.10792696 -0.04923557  0.75386083] vel=[-2.227857   -0.14361611 -2.5219507 ][0m
[32m2026-06-29 18:21:46.799[0m | [1mINFO    [0m | [36menvs.hitter[0m:[36m_log_ball_planner_wait_state[0m:[36m694[0m - [1mWaiting for ball estimator: samples=0/31 visible=False ready=False pos=[-0.10792696 -0.04923557  0.75386083] vel=[-2.227857   -0.14361611 -2.5219507 ][0m
[32m2026-06-29 18:21:47.301[0m | [1mINFO    [0m | [36menvs.hitter[0m:[36m_log_ball_planner_wait_state[0m:[36m694[0m - [1mWaiting for ball estimator: samples=0/31 visible=False ready=False pos=[-0.10792696 -0.04923557  0.75386083] vel=[-2.227857   -0.14361611 -2.5219507 ][0m
[32m2026-06-29 18:21:47.803[0m | [1mINFO    [0m | [36menvs.hitter[0m:[36m_log_ball_planner_wait_state[0m:[36m694[0m - [1mWaiting for ball estimator: samples=0/31 visible=False ready=False pos=[-0.10792696 -0.04923557  0.75386083] vel=[-2.227857   -0.14361611 -2.5219507 ][0m
[32m2026-06-29 18:21:47.962[0m | [33m[1mWARNING [0m | [36magents.loco_hitter_agent[0m:[36mrun[0m:[36m270[0m - [33m[1mStep timeout: -0.0024s[0m
[32m2026-06-29 18:21:48.307[0m | [1mINFO    [0m | [36menvs.hitter[0m:[36m_log_ball_planner_wait_state[0m:[36m694[0m - [1mWaiting for ball estimator: samples=0/31 visible=False ready=False pos=[-0.10792696 -0.04923557  0.75386083] vel=[-2.227857   -0.14361611 -2.5219507 ][0m
[32m2026-06-29 18:21:48.809[0m | [1mINFO    [0m | [36menvs.hitter[0m:[36m_log_ball_planner_wait_state[0m:[36m694[0m - [1mWaiting for ball estimator: samples=0/31 visible=False ready=False pos=[-0.10792696 -0.04923557  0.75386083] vel=[-2.227857   -0.14361611 -2.5219507 ][0m
[32m2026-06-29 18:21:49.311[0m | [1mINFO    [0m | [36menvs.hitter[0m:[36m_log_ball_planner_wait_state[0m:[36m694[0m - [1mWaiting for ball estimator: samples=0/31 visible=False ready=False pos=[-0.10792696 -0.04923557  0.75386083] vel=[-2.227857   -0.14361611 -2.5219507 ][0m
[32m2026-06-29 18:21:49.813[0m | [1mINFO    [0m | [36menvs.hitter[0m:[36m_log_ball_planner_wait_state[0m:[36m694[0m - [1mWaiting for ball estimator: samples=0/31 visible=False ready=False pos=[-0.10792696 -0.04923557  0.75386083] vel=[-2.227857   -0.14361611 -2.5219507 ][0m
[32m2026-06-29 18:21:50.315[0m | [1mINFO    [0m | [36menvs.hitter[0m:[36m_log_ball_planner_wait_state[0m:[36m694[0m - [1mWaiting for ball estimator: samples=0/31 visible=False ready=False pos=[-0.10792696 -0.04923557  0.75386083] vel=[-2.227857   -0.14361611 -2.5219507 ][0m
[32m2026-06-29 18:21:50.817[0m | [1mINFO    [0m | [36menvs.hitter[0m:[36m_log_ball_planner_wait_state[0m:[36m694[0m - [1mWaiting for ball estimator: samples=0/31 visible=False ready=False pos=[-0.10792696 -0.04923557  0.75386083] vel=[-2.227857   -0.14361611 -2.5219507 ][0m
[32m2026-06-29 18:21:51.319[0m | [1mINFO    [0m | [36menvs.hitter[0m:[36m_log_ball_planner_wait_state[0m:[36m694[0m - [1mWaiting for ball estimator: samples=0/31 visible=False ready=False pos=[-0.10792696 -0.04923557  0.75386083] vel=[-2.227857   -0.14361611 -2.5219507 ][0m
[32m2026-06-29 18:21:51.821[0m | [1mINFO    [0m | [36menvs.hitter[0m:[36m_log_ball_planner_wait_state[0m:[36m694[0m - [1mWaiting for ball estimator: samples=0/31 visible=False ready=False pos=[-0.10792696 -0.04923557  0.75386083] vel=[-2.227857   -0.14361611 -2.5219507 ][0m
[32m2026-06-29 18:21:52.323[0m | [1mINFO    [0m | [36menvs.hitter[0m:[36m_log_ball_planner_wait_state[0m:[36m694[0m - [1mWaiting for ball estimator: samples=0/31 visible=False ready=False pos=[-0.10792696 -0.04923557  0.75386083] vel=[-2.227857   -0.14361611 -2.5219507 ][0m
[32m2026-06-29 18:21:52.825[0m | [1mINFO    [0m | [36menvs.hitter[0m:[36m_log_ball_planner_wait_state[0m:[36m694[0m - [1mWaiting for ball estimator: samples=0/31 visible=False ready=False pos=[-0.10792696 -0.04923557  0.75386083] vel=[-2.227857   -0.14361611 -2.5219507 ][0m
[32m2026-06-29 18:21:53.328[0m | [1mINFO    [0m | [36menvs.hitter[0m:[36m_log_ball_planner_wait_state[0m:[36m694[0m - [1mWaiting for ball estimator: samples=0/31 visible=False ready=False pos=[-0.10792696 -0.04923557  0.75386083] vel=[-2.227857   -0.14361611 -2.5219507 ][0m
[32m2026-06-29 18:21:53.830[0m | [1mINFO    [0m | [36menvs.hitter[0m:[36m_log_ball_planner_wait_state[0m:[36m694[0m - [1mWaiting for ball estimator: samples=0/31 visible=False ready=False pos=[-0.10792696 -0.04923557  0.75386083] vel=[-2.227857   -0.14361611 -2.5219507 ][0m
[32m2026-06-29 18:21:54.332[0m | [1mINFO    [0m | [36menvs.hitter[0m:[36m_log_ball_planner_wait_state[0m:[36m694[0m - [1mWaiting for ball estimator: samples=0/31 visible=False ready=False pos=[-0.10792696 -0.04923557  0.75386083] vel=[-2.227857   -0.14361611 -2.5219507 ][0m
[32m2026-06-29 18:21:54.834[0m | [1mINFO    [0m | [36menvs.hitter[0m:[36m_log_ball_planner_wait_state[0m:[36m694[0m - [1mWaiting for ball estimator: samples=0/31 visible=False ready=False pos=[-0.10792696 -0.04923557  0.75386083] vel=[-2.227857   -0.14361611 -2.5219507 ][0m
[32m2026-06-29 18:21:55.336[0m | [1mINFO    [0m | [36menvs.hitter[0m:[36m_log_ball_planner_wait_state[0m:[36m694[0m - [1mWaiting for ball estimator: samples=0/31 visible=False ready=False pos=[-0.10792696 -0.04923557  0.75386083] vel=[-2.227857   -0.14361611 -2.5219507 ][0m
[32m2026-06-29 18:21:55.838[0m | [1mINFO    [0m | [36menvs.hitter[0m:[36m_log_ball_planner_wait_state[0m:[36m694[0m - [1mWaiting for ball estimator: samples=0/31 visible=False ready=False pos=[-0.10792696 -0.04923557  0.75386083] vel=[-2.227857   -0.14361611 -2.5219507 ][0m
[32m2026-06-29 18:21:56.340[0m | [1mINFO    [0m | [36menvs.hitter[0m:[36m_log_ball_planner_wait_state[0m:[36m694[0m - [1mWaiting for ball estimator: samples=0/31 visible=False ready=False pos=[-0.10792696 -0.04923557  0.75386083] vel=[-2.227857   -0.14361611 -2.5219507 ][0m
[32m2026-06-29 18:21:56.842[0m | [1mINFO    [0m | [36menvs.hitter[0m:[36m_log_ball_planner_wait_state[0m:[36m694[0m - [1mWaiting for ball estimator: samples=0/31 visible=False ready=False pos=[-0.10792696 -0.04923557  0.75386083] vel=[-2.227857   -0.14361611 -2.5219507 ][0m
[32m2026-06-29 18:21:57.345[0m | [1mINFO    [0m | [36menvs.hitter[0m:[36m_log_ball_planner_wait_state[0m:[36m694[0m - [1mWaiting for ball estimator: samples=0/31 visible=False ready=False pos=[-0.10792696 -0.04923557  0.75386083] vel=[-2.227857   -0.14361611 -2.5219507 ][0m
[32m2026-06-29 18:21:57.846[0m | [1mINFO    [0m | [36menvs.hitter[0m:[36m_log_ball_planner_wait_state[0m:[36m694[0m - [1mWaiting for ball estimator: samples=0/31 visible=False ready=False pos=[-0.10792696 -0.04923557  0.75386083] vel=[-2.227857   -0.14361611 -2.5219507 ][0m
[32m2026-06-29 18:21:58.351[0m | [1mINFO    [0m | [36menvs.hitter[0m:[36m_log_ball_planner_wait_state[0m:[36m694[0m - [1mWaiting for ball estimator: samples=0/31 visible=False ready=False pos=[-0.10792696 -0.04923557  0.75386083] vel=[-2.227857   -0.14361611 -2.5219507 ][0m
[32m2026-06-29 18:21:58.853[0m | [1mINFO    [0m | [36menvs.hitter[0m:[36m_log_ball_planner_wait_state[0m:[36m694[0m - [1mWaiting for ball estimator: samples=0/31 visible=False ready=False pos=[-0.10792696 -0.04923557  0.75386083] vel=[-2.227857   -0.14361611 -2.5219507 ][0m
[32m2026-06-29 18:21:59.368[0m | [1mINFO    [0m | [36menvs.hitter[0m:[36m_log_ball_planner_wait_state[0m:[36m694[0m - [1mWaiting for ball estimator: samples=0/31 visible=False ready=False pos=[-0.10792696 -0.04923557  0.75386083] vel=[-2.227857   -0.14361611 -2.5219507 ][0m
[32m2026-06-29 18:21:59.373[0m | [33m[1mWARNING [0m | [36magents.loco_hitter_agent[0m:[36mrun[0m:[36m270[0m - [33m[1mStep timeout: -0.0240s[0m
[32m2026-06-29 18:21:59.878[0m | [1mINFO    [0m | [36menvs.hitter[0m:[36m_log_ball_planner_wait_state[0m:[36m694[0m - [1mWaiting for ball estimator: samples=0/31 visible=False ready=False pos=[-0.10792696 -0.04923557  0.75386083] vel=[-2.227857   -0.14361611 -2.5219507 ][0m
[32m2026-06-29 18:22:00.380[0m | [1mINFO    [0m | [36menvs.hitter[0m:[36m_log_ball_planner_wait_state[0m:[36m694[0m - [1mWaiting for ball estimator: samples=0/31 visible=False ready=False pos=[-0.10792696 -0.04923557  0.75386083] vel=[-2.227857   -0.14361611 -2.5219507 ][0m
[32m2026-06-29 18:22:00.882[0m | [1mINFO    [0m | [36menvs.hitter[0m:[36m_log_ball_planner_wait_state[0m:[36m694[0m - [1mWaiting for ball estimator: samples=0/31 visible=False ready=False pos=[-0.10792696 -0.04923557  0.75386083] vel=[-2.227857   -0.14361611 -2.5219507 ][0m
[32m2026-06-29 18:22:01.384[0m | [1mINFO    [0m | [36menvs.hitter[0m:[36m_log_ball_planner_wait_state[0m:[36m694[0m - [1mWaiting for ball estimator: samples=0/31 visible=False ready=False pos=[-0.10792696 -0.04923557  0.75386083] vel=[-2.227857   -0.14361611 -2.5219507 ][0m
[32m2026-06-29 18:22:01.886[0m | [1mINFO    [0m | [36menvs.hitter[0m:[36m_log_ball_planner_wait_state[0m:[36m694[0m - [1mWaiting for ball estimator: samples=0/31 visible=False ready=False pos=[-0.10792696 -0.04923557  0.75386083] vel=[-2.227857   -0.14361611 -2.5219507 ][0m
[32m2026-06-29 18:22:02.388[0m | [1mINFO    [0m | [36menvs.hitter[0m:[36m_log_ball_planner_wait_state[0m:[36m694[0m - [1mWaiting for ball estimator: samples=0/31 visible=False ready=False pos=[-0.10792696 -0.04923557  0.75386083] vel=[-2.227857   -0.14361611 -2.5219507 ][0m
[32m2026-06-29 18:22:02.890[0m | [1mINFO    [0m | [36menvs.hitter[0m:[36m_log_ball_planner_wait_state[0m:[36m694[0m - [1mWaiting for ball estimator: samples=0/31 visible=False ready=False pos=[-0.10792696 -0.04923557  0.75386083] vel=[-2.227857   -0.14361611 -2.5219507 ][0m
[32m2026-06-29 18:22:03.394[0m | [1mINFO    [0m | [36menvs.hitter[0m:[36m_log_ball_planner_wait_state[0m:[36m694[0m - [1mWaiting for ball estimator: samples=0/31 visible=False ready=False pos=[-0.10792696 -0.04923557  0.75386083] vel=[-2.227857   -0.14361611 -2.5219507 ][0m
[32m2026-06-29 18:22:03.894[0m | [1mINFO    [0m | [36menvs.hitter[0m:[36m_log_ball_planner_wait_state[0m:[36m694[0m - [1mWaiting for ball estimator: samples=0/31 visible=False ready=False pos=[-0.10792696 -0.04923557  0.75386083] vel=[-2.227857   -0.14361611 -2.5219507 ][0m
[32m2026-06-29 18:22:04.396[0m | [1mINFO    [0m | [36menvs.hitter[0m:[36m_log_ball_planner_wait_state[0m:[36m694[0m - [1mWaiting for ball estimator: samples=0/31 visible=False ready=False pos=[-0.10792696 -0.04923557  0.75386083] vel=[-2.227857   -0.14361611 -2.5219507 ][0m
[32m2026-06-29 18:22:04.558[0m | [33m[1mWARNING [0m | [36magents.loco_hitter_agent[0m:[36mrun[0m:[36m270[0m - [33m[1mStep timeout: -0.0048s[0m
[32m2026-06-29 18:22:04.903[0m | [1mINFO    [0m | [36menvs.hitter[0m:[36m_log_ball_planner_wait_state[0m:[36m694[0m - [1mWaiting for ball estimator: samples=0/31 visible=False ready=False pos=[-0.10792696 -0.04923557  0.75386083] vel=[-2.227857   -0.14361611 -2.5219507 ][0m
[32m2026-06-29 18:22:05.406[0m | [1mINFO    [0m | [36menvs.hitter[0m:[36m_log_ball_planner_wait_state[0m:[36m694[0m - [1mWaiting for ball estimator: samples=0/31 visible=False ready=False pos=[-0.10792696 -0.04923557  0.75386083] vel=[-2.227857   -0.14361611 -2.5219507 ][0m
[32m2026-06-29 18:22:05.907[0m | [1mINFO    [0m | [36menvs.hitter[0m:[36m_log_ball_planner_wait_state[0m:[36m694[0m - [1mWaiting for ball estimator: samples=0/31 visible=False ready=False pos=[-0.10792696 -0.04923557  0.75386083] vel=[-2.227857   -0.14361611 -2.5219507 ][0m
[32m2026-06-29 18:22:06.411[0m | [1mINFO    [0m | [36menvs.hitter[0m:[36m_log_ball_planner_wait_state[0m:[36m694[0m - [1mWaiting for ball estimator: samples=0/31 visible=False ready=False pos=[-0.10792696 -0.04923557  0.75386083] vel=[-2.227857   -0.14361611 -2.5219507 ][0m
[32m2026-06-29 18:22:06.911[0m | [1mINFO    [0m | [36menvs.hitter[0m:[36m_log_ball_planner_wait_state[0m:[36m694[0m - [1mWaiting for ball estimator: samples=0/31 visible=False ready=False pos=[-0.10792696 -0.04923557  0.75386083] vel=[-2.227857   -0.14361611 -2.5219507 ][0m
[32m2026-06-29 18:22:07.413[0m | [1mINFO    [0m | [36menvs.hitter[0m:[36m_log_ball_planner_wait_state[0m:[36m694[0m - [1mWaiting for ball estimator: samples=0/31 visible=False ready=False pos=[-0.10792696 -0.04923557  0.75386083] vel=[-2.227857   -0.14361611 -2.5219507 ][0m
[32m2026-06-29 18:22:07.915[0m | [1mINFO    [0m | [36menvs.hitter[0m:[36m_log_ball_planner_wait_state[0m:[36m694[0m - [1mWaiting for ball estimator: samples=0/31 visible=False ready=False pos=[-0.10792696 -0.04923557  0.75386083] vel=[-2.227857   -0.14361611 -2.5219507 ][0m
[32m2026-06-29 18:22:08.417[0m | [1mINFO    [0m | [36menvs.hitter[0m:[36m_log_ball_planner_wait_state[0m:[36m694[0m - [1mWaiting for ball estimator: samples=0/31 visible=False ready=False pos=[-0.10792696 -0.04923557  0.75386083] vel=[-2.227857   -0.14361611 -2.5219507 ][0m
[32m2026-06-29 18:22:08.918[0m | [1mINFO    [0m | [36menvs.hitter[0m:[36m_log_ball_planner_wait_state[0m:[36m694[0m - [1mWaiting for ball estimator: samples=0/31 visible=False ready=False pos=[-0.10792696 -0.04923557  0.75386083] vel=[-2.227857   -0.14361611 -2.5219507 ][0m
[32m2026-06-29 18:22:09.421[0m | [1mINFO    [0m | [36menvs.hitter[0m:[36m_log_ball_planner_wait_state[0m:[36m694[0m - [1mWaiting for ball estimator: samples=0/31 visible=False ready=False pos=[-0.10792696 -0.04923557  0.75386083] vel=[-2.227857   -0.14361611 -2.5219507 ][0m
[32m2026-06-29 18:22:09.923[0m | [1mINFO    [0m | [36menvs.hitter[0m:[36m_log_ball_planner_wait_state[0m:[36m694[0m - [1mWaiting for ball estimator: samples=0/31 visible=False ready=False pos=[-0.10792696 -0.04923557  0.75386083] vel=[-2.227857   -0.14361611 -2.5219507 ][0m
[32m2026-06-29 18:22:10.424[0m | [1mINFO    [0m | [36menvs.hitter[0m:[36m_log_ball_planner_wait_state[0m:[36m694[0m - [1mWaiting for ball estimator: samples=0/31 visible=False ready=False pos=[-0.10792696 -0.04923557  0.75386083] vel=[-2.227857   -0.14361611 -2.5219507 ][0m
[32m2026-06-29 18:22:10.927[0m | [1mINFO    [0m | [36menvs.hitter[0m:[36m_log_ball_planner_wait_state[0m:[36m694[0m - [1mWaiting for ball estimator: samples=0/31 visible=False ready=False pos=[-0.10792696 -0.04923557  0.75386083] vel=[-2.227857   -0.14361611 -2.5219507 ][0m
[32m2026-06-29 18:22:11.429[0m | [1mINFO    [0m | [36menvs.hitter[0m:[36m_log_ball_planner_wait_state[0m:[36m694[0m - [1mWaiting for ball estimator: samples=0/31 visible=False ready=False pos=[-0.10792696 -0.04923557  0.75386083] vel=[-2.227857   -0.14361611 -2.5219507 ][0m
[32m2026-06-29 18:22:11.931[0m | [1mINFO    [0m | [36menvs.hitter[0m:[36m_log_ball_planner_wait_state[0m:[36m694[0m - [1mWaiting for ball estimator: samples=0/31 visible=False ready=False pos=[-0.10792696 -0.04923557  0.75386083] vel=[-2.227857   -0.14361611 -2.5219507 ][0m
[32m2026-06-29 18:22:12.433[0m | [1mINFO    [0m | [36menvs.hitter[0m:[36m_log_ball_planner_wait_state[0m:[36m694[0m - [1mWaiting for ball estimator: samples=0/31 visible=False ready=False pos=[-0.10792696 -0.04923557  0.75386083] vel=[-2.227857   -0.14361611 -2.5219507 ][0m
[32m2026-06-29 18:22:12.510[0m | [33m[1mWARNING [0m | [36magents.loco_hitter_agent[0m:[36mrun[0m:[36m270[0m - [33m[1mStep timeout: -0.0210s[0m
[32m2026-06-29 18:22:12.677[0m | [33m[1mWARNING [0m | [36magents.loco_hitter_agent[0m:[36mrun[0m:[36m270[0m - [33m[1mStep timeout: -0.0060s[0m
[32m2026-06-29 18:22:12.697[0m | [33m[1mWARNING [0m | [36magents.loco_hitter_agent[0m:[36mrun[0m:[36m270[0m - [33m[1mStep timeout: -0.0001s[0m
[32m2026-06-29 18:22:12.941[0m | [1mINFO    [0m | [36menvs.hitter[0m:[36m_log_ball_planner_wait_state[0m:[36m694[0m - [1mWaiting for ball estimator: samples=0/31 visible=False ready=False pos=[-0.10792696 -0.04923557  0.75386083] vel=[-2.227857   -0.14361611 -2.5219507 ][0m
[32m2026-06-29 18:22:13.145[0m | [33m[1mWARNING [0m | [36magents.loco_hitter_agent[0m:[36mrun[0m:[36m270[0m - [33m[1mStep timeout: -0.0063s[0m
[32m2026-06-29 18:22:13.450[0m | [1mINFO    [0m | [36menvs.hitter[0m:[36m_log_ball_planner_wait_state[0m:[36m694[0m - [1mWaiting for ball estimator: samples=0/31 visible=False ready=False pos=[-0.10792696 -0.04923557  0.75386083] vel=[-2.227857   -0.14361611 -2.5219507 ][0m
[32m2026-06-29 18:22:13.952[0m | [1mINFO    [0m | [36menvs.hitter[0m:[36m_log_ball_planner_wait_state[0m:[36m694[0m - [1mWaiting for ball estimator: samples=0/31 visible=False ready=False pos=[-0.10792696 -0.04923557  0.75386083] vel=[-2.227857   -0.14361611 -2.5219507 ][0m
[32m2026-06-29 18:22:14.454[0m | [1mINFO    [0m | [36menvs.hitter[0m:[36m_log_ball_planner_wait_state[0m:[36m694[0m - [1mWaiting for ball estimator: samples=0/31 visible=False ready=False pos=[-0.10792696 -0.04923557  0.75386083] vel=[-2.227857   -0.14361611 -2.5219507 ][0m
[32m2026-06-29 18:22:14.955[0m | [1mINFO    [0m | [36menvs.hitter[0m:[36m_log_ball_planner_wait_state[0m:[36m694[0m - [1mWaiting for ball estimator: samples=0/31 visible=False ready=False pos=[-0.10792696 -0.04923557  0.75386083] vel=[-2.227857   -0.14361611 -2.5219507 ][0m
[32m2026-06-29 18:22:15.457[0m | [1mINFO    [0m | [36menvs.hitter[0m:[36m_log_ball_planner_wait_state[0m:[36m694[0m - [1mWaiting for ball estimator: samples=0/31 visible=False ready=False pos=[-0.10792696 -0.04923557  0.75386083] vel=[-2.227857   -0.14361611 -2.5219507 ][0m
[32m2026-06-29 18:22:15.959[0m | [1mINFO    [0m | [36menvs.hitter[0m:[36m_log_ball_planner_wait_state[0m:[36m694[0m - [1mWaiting for ball estimator: samples=0/31 visible=False ready=False pos=[-0.10792696 -0.04923557  0.75386083] vel=[-2.227857   -0.14361611 -2.5219507 ][0m
[32m2026-06-29 18:22:16.461[0m | [1mINFO    [0m | [36menvs.hitter[0m:[36m_log_ball_planner_wait_state[0m:[36m694[0m - [1mWaiting for ball estimator: samples=0/31 visible=False ready=False pos=[-0.10792696 -0.04923557  0.75386083] vel=[-2.227857   -0.14361611 -2.5219507 ][0m
[32m2026-06-29 18:22:16.963[0m | [1mINFO    [0m | [36menvs.hitter[0m:[36m_log_ball_planner_wait_state[0m:[36m694[0m - [1mWaiting for ball estimator: samples=0/31 visible=False ready=False pos=[-0.10792696 -0.04923557  0.75386083] vel=[-2.227857   -0.14361611 -2.5219507 ][0m
[32m2026-06-29 18:22:17.466[0m | [1mINFO    [0m | [36menvs.hitter[0m:[36m_log_ball_planner_wait_state[0m:[36m694[0m - [1mWaiting for ball estimator: samples=0/31 visible=False ready=False pos=[-0.10792696 -0.04923557  0.75386083] vel=[-2.227857   -0.14361611 -2.5219507 ][0m
[32m2026-06-29 18:22:17.967[0m | [1mINFO    [0m | [36menvs.hitter[0m:[36m_log_ball_planner_wait_state[0m:[36m694[0m - [1mWaiting for ball estimator: samples=0/31 visible=False ready=False pos=[-0.10792696 -0.04923557  0.75386083] vel=[-2.227857   -0.14361611 -2.5219507 ][0m
[32m2026-06-29 18:22:18.468[0m | [1mINFO    [0m | [36menvs.hitter[0m:[36m_log_ball_planner_wait_state[0m:[36m694[0m - [1mWaiting for ball estimator: samples=0/31 visible=False ready=False pos=[-0.10792696 -0.04923557  0.75386083] vel=[-2.227857   -0.14361611 -2.5219507 ][0m
[32m2026-06-29 18:22:18.970[0m | [1mINFO    [0m | [36menvs.hitter[0m:[36m_log_ball_planner_wait_state[0m:[36m694[0m - [1mWaiting for ball estimator: samples=0/31 visible=False ready=False pos=[-0.10792696 -0.04923557  0.75386083] vel=[-2.227857   -0.14361611 -2.5219507 ][0m
[32m2026-06-29 18:22:19.472[0m | [1mINFO    [0m | [36menvs.hitter[0m:[36m_log_ball_planner_wait_state[0m:[36m694[0m - [1mWaiting for ball estimator: samples=0/31 visible=False ready=False pos=[-0.10792696 -0.04923557  0.75386083] vel=[-2.227857   -0.14361611 -2.5219507 ][0m
[32m2026-06-29 18:22:19.975[0m | [1mINFO    [0m | [36menvs.hitter[0m:[36m_log_ball_planner_wait_state[0m:[36m694[0m - [1mWaiting for ball estimator: samples=0/31 visible=False ready=False pos=[-0.10792696 -0.04923557  0.75386083] vel=[-2.227857   -0.14361611 -2.5219507 ][0m
[32m2026-06-29 18:22:20.477[0m | [1mINFO    [0m | [36menvs.hitter[0m:[36m_log_ball_planner_wait_state[0m:[36m694[0m - [1mWaiting for ball estimator: samples=0/31 visible=False ready=False pos=[-0.10792696 -0.04923557  0.75386083] vel=[-2.227857   -0.14361611 -2.5219507 ][0m
[32m2026-06-29 18:22:20.979[0m | [1mINFO    [0m | [36menvs.hitter[0m:[36m_log_ball_planner_wait_state[0m:[36m694[0m - [1mWaiting for ball estimator: samples=0/31 visible=False ready=False pos=[-0.10792696 -0.04923557  0.75386083] vel=[-2.227857   -0.14361611 -2.5219507 ][0m
[32m2026-06-29 18:22:21.481[0m | [1mINFO    [0m | [36menvs.hitter[0m:[36m_log_ball_planner_wait_state[0m:[36m694[0m - [1mWaiting for ball estimator: samples=0/31 visible=False ready=False pos=[-0.10792696 -0.04923557  0.75386083] vel=[-2.227857   -0.14361611 -2.5219507 ][0m
[32m2026-06-29 18:22:21.983[0m | [1mINFO    [0m | [36menvs.hitter[0m:[36m_log_ball_planner_wait_state[0m:[36m694[0m - [1mWaiting for ball estimator: samples=0/31 visible=False ready=False pos=[-0.10792696 -0.04923557  0.75386083] vel=[-2.227857   -0.14361611 -2.5219507 ][0m
[32m2026-06-29 18:22:22.485[0m | [1mINFO    [0m | [36menvs.hitter[0m:[36m_log_ball_planner_wait_state[0m:[36m694[0m - [1mWaiting for ball estimator: samples=0/31 visible=False ready=False pos=[-0.10792696 -0.04923557  0.75386083] vel=[-2.227857   -0.14361611 -2.5219507 ][0m
[32m2026-06-29 18:22:22.986[0m | [1mINFO    [0m | [36menvs.hitter[0m:[36m_log_ball_planner_wait_state[0m:[36m694[0m - [1mWaiting for ball estimator: samples=0/31 visible=False ready=False pos=[-0.10792696 -0.04923557  0.75386083] vel=[-2.227857   -0.14361611 -2.5219507 ][0m
[32m2026-06-29 18:22:23.488[0m | [1mINFO    [0m | [36menvs.hitter[0m:[36m_log_ball_planner_wait_state[0m:[36m694[0m - [1mWaiting for ball estimator: samples=0/31 visible=False ready=False pos=[-0.10792696 -0.04923557  0.75386083] vel=[-2.227857   -0.14361611 -2.5219507 ][0m
[32m2026-06-29 18:22:23.990[0m | [1mINFO    [0m | [36menvs.hitter[0m:[36m_log_ball_planner_wait_state[0m:[36m694[0m - [1mWaiting for ball estimator: samples=0/31 visible=False ready=False pos=[-0.10792696 -0.04923557  0.75386083] vel=[-2.227857   -0.14361611 -2.5219507 ][0m
[32m2026-06-29 18:22:24.492[0m | [1mINFO    [0m | [36menvs.hitter[0m:[36m_log_ball_planner_wait_state[0m:[36m694[0m - [1mWaiting for ball estimator: samples=0/31 visible=False ready=False pos=[-0.10792696 -0.04923557  0.75386083] vel=[-2.227857   -0.14361611 -2.5219507 ][0m
[32m2026-06-29 18:22:24.994[0m | [1mINFO    [0m | [36menvs.hitter[0m:[36m_log_ball_planner_wait_state[0m:[36m694[0m - [1mWaiting for ball estimator: samples=0/31 visible=False ready=False pos=[-0.10792696 -0.04923557  0.75386083] vel=[-2.227857   -0.14361611 -2.5219507 ][0m
[32m2026-06-29 18:22:25.496[0m | [1mINFO    [0m | [36menvs.hitter[0m:[36m_log_ball_planner_wait_state[0m:[36m694[0m - [1mWaiting for ball estimator: samples=0/31 visible=False ready=False pos=[-0.10792696 -0.04923557  0.75386083] vel=[-2.227857   -0.14361611 -2.5219507 ][0m
[32m2026-06-29 18:22:25.695[0m | [33m[1mWARNING [0m | [36magents.loco_hitter_agent[0m:[36mrun[0m:[36m270[0m - [33m[1mStep timeout: -0.0220s[0m
[32m2026-06-29 18:22:25.931[0m | [33m[1mWARNING [0m | [36magents.loco_hitter_agent[0m:[36mrun[0m:[36m270[0m - [33m[1mStep timeout: -0.0151s[0m
[32m2026-06-29 18:22:26.015[0m | [1mINFO    [0m | [36menvs.hitter[0m:[36m_log_ball_planner_wait_state[0m:[36m694[0m - [1mWaiting for ball estimator: samples=0/31 visible=False ready=False pos=[-0.10792696 -0.04923557  0.75386083] vel=[-2.227857   -0.14361611 -2.5219507 ][0m
[32m2026-06-29 18:22:26.517[0m | [1mINFO    [0m | [36menvs.hitter[0m:[36m_log_ball_planner_wait_state[0m:[36m694[0m - [1mWaiting for ball estimator: samples=0/31 visible=False ready=False pos=[-0.10792696 -0.04923557  0.75386083] vel=[-2.227857   -0.14361611 -2.5219507 ][0m
[32m2026-06-29 18:22:27.019[0m | [1mINFO    [0m | [36menvs.hitter[0m:[36m_log_ball_planner_wait_state[0m:[36m694[0m - [1mWaiting for ball estimator: samples=0/31 visible=False ready=False pos=[-0.10792696 -0.04923557  0.75386083] vel=[-2.227857   -0.14361611 -2.5219507 ][0m
[32m2026-06-29 18:22:27.521[0m | [1mINFO    [0m | [36menvs.hitter[0m:[36m_log_ball_planner_wait_state[0m:[36m694[0m - [1mWaiting for ball estimator: samples=0/31 visible=False ready=False pos=[-0.10792696 -0.04923557  0.75386083] vel=[-2.227857   -0.14361611 -2.5219507 ][0m
[32m2026-06-29 18:22:28.023[0m | [1mINFO    [0m | [36menvs.hitter[0m:[36m_log_ball_planner_wait_state[0m:[36m694[0m - [1mWaiting for ball estimator: samples=0/31 visible=False ready=False pos=[-0.10792696 -0.04923557  0.75386083] vel=[-2.227857   -0.14361611 -2.5219507 ][0m
[32m2026-06-29 18:22:28.528[0m | [1mINFO    [0m | [36menvs.hitter[0m:[36m_log_ball_planner_wait_state[0m:[36m694[0m - [1mWaiting for ball estimator: samples=0/31 visible=False ready=False pos=[-0.10792696 -0.04923557  0.75386083] vel=[-2.227857   -0.14361611 -2.5219507 ][0m
[32m2026-06-29 18:22:29.050[0m | [1mINFO    [0m | [36menvs.hitter[0m:[36m_log_ball_planner_wait_state[0m:[36m694[0m - [1mWaiting for ball estimator: samples=0/31 visible=False ready=False pos=[-0.10792696 -0.04923557  0.75386083] vel=[-2.227857   -0.14361611 -2.5219507 ][0m
[32m2026-06-29 18:22:29.569[0m | [1mINFO    [0m | [36menvs.hitter[0m:[36m_log_ball_planner_wait_state[0m:[36m694[0m - [1mWaiting for ball estimator: samples=0/31 visible=False ready=False pos=[-0.10792696 -0.04923557  0.75386083] vel=[-2.227857   -0.14361611 -2.5219507 ][0m
[32m2026-06-29 18:22:30.072[0m | [1mINFO    [0m | [36menvs.hitter[0m:[36m_log_ball_planner_wait_state[0m:[36m694[0m - [1mWaiting for ball estimator: samples=0/31 visible=False ready=False pos=[-0.10792696 -0.04923557  0.75386083] vel=[-2.227857   -0.14361611 -2.5219507 ][0m
[32m2026-06-29 18:22:30.574[0m | [1mINFO    [0m | [36menvs.hitter[0m:[36m_log_ball_planner_wait_state[0m:[36m694[0m - [1mWaiting for ball estimator: samples=0/31 visible=False ready=False pos=[-0.10792696 -0.04923557  0.75386083] vel=[-2.227857   -0.14361611 -2.5219507 ][0m
[32m2026-06-29 18:22:31.075[0m | [1mINFO    [0m | [36menvs.hitter[0m:[36m_log_ball_planner_wait_state[0m:[36m694[0m - [1mWaiting for ball estimator: samples=0/31 visible=False ready=False pos=[-0.10792696 -0.04923557  0.75386083] vel=[-2.227857   -0.14361611 -2.5219507 ][0m
[32m2026-06-29 18:22:31.237[0m | [33m[1mWARNING [0m | [36magents.loco_hitter_agent[0m:[36mrun[0m:[36m270[0m - [33m[1mStep timeout: -0.0045s[0m
[32m2026-06-29 18:22:31.582[0m | [1mINFO    [0m | [36menvs.hitter[0m:[36m_log_ball_planner_wait_state[0m:[36m694[0m - [1mWaiting for ball estimator: samples=0/31 visible=False ready=False pos=[-0.10792696 -0.04923557  0.75386083] vel=[-2.227857   -0.14361611 -2.5219507 ][0m
[32m2026-06-29 18:22:32.084[0m | [1mINFO    [0m | [36menvs.hitter[0m:[36m_log_ball_planner_wait_state[0m:[36m694[0m - [1mWaiting for ball estimator: samples=0/31 visible=False ready=False pos=[-0.10792696 -0.04923557  0.75386083] vel=[-2.227857   -0.14361611 -2.5219507 ][0m
[32m2026-06-29 18:22:32.585[0m | [1mINFO    [0m | [36menvs.hitter[0m:[36m_log_ball_planner_wait_state[0m:[36m694[0m - [1mWaiting for ball estimator: samples=0/31 visible=False ready=False pos=[-0.10792696 -0.04923557  0.75386083] vel=[-2.227857   -0.14361611 -2.5219507 ][0m
[32m2026-06-29 18:22:33.087[0m | [1mINFO    [0m | [36menvs.hitter[0m:[36m_log_ball_planner_wait_state[0m:[36m694[0m - [1mWaiting for ball estimator: samples=0/31 visible=False ready=False pos=[-0.10792696 -0.04923557  0.75386083] vel=[-2.227857   -0.14361611 -2.5219507 ][0m
[32m2026-06-29 18:22:33.589[0m | [1mINFO    [0m | [36menvs.hitter[0m:[36m_log_ball_planner_wait_state[0m:[36m694[0m - [1mWaiting for ball estimator: samples=0/31 visible=False ready=False pos=[-0.10792696 -0.04923557  0.75386083] vel=[-2.227857   -0.14361611 -2.5219507 ][0m
[32m2026-06-29 18:22:34.090[0m | [1mINFO    [0m | [36menvs.hitter[0m:[36m_log_ball_planner_wait_state[0m:[36m694[0m - [1mWaiting for ball estimator: samples=0/31 visible=False ready=False pos=[-0.10792696 -0.04923557  0.75386083] vel=[-2.227857   -0.14361611 -2.5219507 ][0m
[32m2026-06-29 18:22:34.593[0m | [1mINFO    [0m | [36menvs.hitter[0m:[36m_log_ball_planner_wait_state[0m:[36m694[0m - [1mWaiting for ball estimator: samples=0/31 visible=False ready=False pos=[-0.10792696 -0.04923557  0.75386083] vel=[-2.227857   -0.14361611 -2.5219507 ][0m
[32m2026-06-29 18:22:35.095[0m | [1mINFO    [0m | [36menvs.hitter[0m:[36m_log_ball_planner_wait_state[0m:[36m694[0m - [1mWaiting for ball estimator: samples=0/31 visible=False ready=False pos=[-0.10792696 -0.04923557  0.75386083] vel=[-2.227857   -0.14361611 -2.5219507 ][0m
[32m2026-06-29 18:22:35.597[0m | [1mINFO    [0m | [36menvs.hitter[0m:[36m_log_ball_planner_wait_state[0m:[36m694[0m - [1mWaiting for ball estimator: samples=0/31 visible=False ready=False pos=[-0.10792696 -0.04923557  0.75386083] vel=[-2.227857   -0.14361611 -2.5219507 ][0m
[32m2026-06-29 18:22:36.098[0m | [1mINFO    [0m | [36menvs.hitter[0m:[36m_log_ball_planner_wait_state[0m:[36m694[0m - [1mWaiting for ball estimator: samples=0/31 visible=False ready=False pos=[-0.10792696 -0.04923557  0.75386083] vel=[-2.227857   -0.14361611 -2.5219507 ][0m
[32m2026-06-29 18:22:36.603[0m | [1mINFO    [0m | [36menvs.hitter[0m:[36m_log_ball_planner_wait_state[0m:[36m694[0m - [1mWaiting for ball estimator: samples=0/31 visible=False ready=False pos=[-0.10792696 -0.04923557  0.75386083] vel=[-2.227857   -0.14361611 -2.5219507 ][0m
[32m2026-06-29 18:22:37.122[0m | [1mINFO    [0m | [36menvs.hitter[0m:[36m_log_ball_planner_wait_state[0m:[36m694[0m - [1mWaiting for ball estimator: samples=0/31 visible=False ready=False pos=[-0.10792696 -0.04923557  0.75386083] vel=[-2.227857   -0.14361611 -2.5219507 ][0m
[32m2026-06-29 18:22:37.624[0m | [1mINFO    [0m | [36menvs.hitter[0m:[36m_log_ball_planner_wait_state[0m:[36m694[0m - [1mWaiting for ball estimator: samples=0/31 visible=False ready=False pos=[-0.10792696 -0.04923557  0.75386083] vel=[-2.227857   -0.14361611 -2.5219507 ][0m
[32m2026-06-29 18:22:38.126[0m | [1mINFO    [0m | [36menvs.hitter[0m:[36m_log_ball_planner_wait_state[0m:[36m694[0m - [1mWaiting for ball estimator: samples=0/31 visible=False ready=False pos=[-0.10792696 -0.04923557  0.75386083] vel=[-2.227857   -0.14361611 -2.5219507 ][0m
[32m2026-06-29 18:22:38.483[0m | [33m[1mWARNING [0m | [36magents.loco_hitter_agent[0m:[36mrun[0m:[36m270[0m - [33m[1mStep timeout: -0.0197s[0m
[32m2026-06-29 18:22:38.628[0m | [1mINFO    [0m | [36menvs.hitter[0m:[36m_log_ball_planner_wait_state[0m:[36m694[0m - [1mWaiting for ball estimator: samples=0/31 visible=False ready=False pos=[-0.10792696 -0.04923557  0.75386083] vel=[-2.227857   -0.14361611 -2.5219507 ][0m
[32m2026-06-29 18:22:39.129[0m | [1mINFO    [0m | [36menvs.hitter[0m:[36m_log_ball_planner_wait_state[0m:[36m694[0m - [1mWaiting for ball estimator: samples=0/31 visible=False ready=False pos=[-0.10792696 -0.04923557  0.75386083] vel=[-2.227857   -0.14361611 -2.5219507 ][0m
[32m2026-06-29 18:22:39.632[0m | [1mINFO    [0m | [36menvs.hitter[0m:[36m_log_ball_planner_wait_state[0m:[36m694[0m - [1mWaiting for ball estimator: samples=0/31 visible=False ready=False pos=[-0.10792696 -0.04923557  0.75386083] vel=[-2.227857   -0.14361611 -2.5219507 ][0m
[32m2026-06-29 18:22:39.650[0m | [33m[1mWARNING [0m | [36magents.loco_hitter_agent[0m:[36mrun[0m:[36m270[0m - [33m[1mStep timeout: -0.0029s[0m
[32m2026-06-29 18:22:40.136[0m | [1mINFO    [0m | [36menvs.hitter[0m:[36m_log_ball_planner_wait_state[0m:[36m694[0m - [1mWaiting for ball estimator: samples=0/31 visible=False ready=False pos=[-0.10792696 -0.04923557  0.75386083] vel=[-2.227857   -0.14361611 -2.5219507 ][0m
[32m2026-06-29 18:22:40.638[0m | [1mINFO    [0m | [36menvs.hitter[0m:[36m_log_ball_planner_wait_state[0m:[36m694[0m - [1mWaiting for ball estimator: samples=0/31 visible=False ready=False pos=[-0.10792696 -0.04923557  0.75386083] vel=[-2.227857   -0.14361611 -2.5219507 ][0m
[32m2026-06-29 18:22:41.139[0m | [1mINFO    [0m | [36menvs.hitter[0m:[36m_log_ball_planner_wait_state[0m:[36m694[0m - [1mWaiting for ball estimator: samples=0/31 visible=False ready=False pos=[-0.10792696 -0.04923557  0.75386083] vel=[-2.227857   -0.14361611 -2.5219507 ][0m
[32m2026-06-29 18:22:41.642[0m | [1mINFO    [0m | [36menvs.hitter[0m:[36m_log_ball_planner_wait_state[0m:[36m694[0m - [1mWaiting for ball estimator: samples=0/31 visible=False ready=False pos=[-0.10792696 -0.04923557  0.75386083] vel=[-2.227857   -0.14361611 -2.5219507 ][0m
[32m2026-06-29 18:22:42.143[0m | [1mINFO    [0m | [36menvs.hitter[0m:[36m_log_ball_planner_wait_state[0m:[36m694[0m - [1mWaiting for ball estimator: samples=0/31 visible=False ready=False pos=[-0.10792696 -0.04923557  0.75386083] vel=[-2.227857   -0.14361611 -2.5219507 ][0m
[32m2026-06-29 18:22:42.645[0m | [1mINFO    [0m | [36menvs.hitter[0m:[36m_log_ball_planner_wait_state[0m:[36m694[0m - [1mWaiting for ball estimator: samples=0/31 visible=False ready=False pos=[-0.10792696 -0.04923557  0.75386083] vel=[-2.227857   -0.14361611 -2.5219507 ][0m
[32m2026-06-29 18:22:43.147[0m | [1mINFO    [0m | [36menvs.hitter[0m:[36m_log_ball_planner_wait_state[0m:[36m694[0m - [1mWaiting for ball estimator: samples=0/31 visible=False ready=False pos=[-0.10792696 -0.04923557  0.75386083] vel=[-2.227857   -0.14361611 -2.5219507 ][0m
[32m2026-06-29 18:22:43.649[0m | [1mINFO    [0m | [36menvs.hitter[0m:[36m_log_ball_planner_wait_state[0m:[36m694[0m - [1mWaiting for ball estimator: samples=0/31 visible=False ready=False pos=[-0.10792696 -0.04923557  0.75386083] vel=[-2.227857   -0.14361611 -2.5219507 ][0m
[32m2026-06-29 18:22:43.834[0m | [33m[1mWARNING [0m | [36magents.loco_hitter_agent[0m:[36mrun[0m:[36m270[0m - [33m[1mStep timeout: -0.0076s[0m
[32m2026-06-29 18:22:44.159[0m | [1mINFO    [0m | [36menvs.hitter[0m:[36m_log_ball_planner_wait_state[0m:[36m694[0m - [1mWaiting for ball estimator: samples=0/31 visible=False ready=False pos=[-0.10792696 -0.04923557  0.75386083] vel=[-2.227857   -0.14361611 -2.5219507 ][0m
[32m2026-06-29 18:22:44.661[0m | [1mINFO    [0m | [36menvs.hitter[0m:[36m_log_ball_planner_wait_state[0m:[36m694[0m - [1mWaiting for ball estimator: samples=0/31 visible=False ready=False pos=[-0.10792696 -0.04923557  0.75386083] vel=[-2.227857   -0.14361611 -2.5219507 ][0m
[32m2026-06-29 18:22:45.162[0m | [1mINFO    [0m | [36menvs.hitter[0m:[36m_log_ball_planner_wait_state[0m:[36m694[0m - [1mWaiting for ball estimator: samples=0/31 visible=False ready=False pos=[-0.10792696 -0.04923557  0.75386083] vel=[-2.227857   -0.14361611 -2.5219507 ][0m
[32m2026-06-29 18:22:45.664[0m | [1mINFO    [0m | [36menvs.hitter[0m:[36m_log_ball_planner_wait_state[0m:[36m694[0m - [1mWaiting for ball estimator: samples=0/31 visible=False ready=False pos=[-0.10792696 -0.04923557  0.75386083] vel=[-2.227857   -0.14361611 -2.5219507 ][0m
[32m2026-06-29 18:22:46.166[0m | [1mINFO    [0m | [36menvs.hitter[0m:[36m_log_ball_planner_wait_state[0m:[36m694[0m - [1mWaiting for ball estimator: samples=0/31 visible=False ready=False pos=[-0.10792696 -0.04923557  0.75386083] vel=[-2.227857   -0.14361611 -2.5219507 ][0m
[32m2026-06-29 18:22:46.668[0m | [1mINFO    [0m | [36menvs.hitter[0m:[36m_log_ball_planner_wait_state[0m:[36m694[0m - [1mWaiting for ball estimator: samples=0/31 visible=False ready=False pos=[-0.10792696 -0.04923557  0.75386083] vel=[-2.227857   -0.14361611 -2.5219507 ][0m
[32m2026-06-29 18:22:47.170[0m | [1mINFO    [0m | [36menvs.hitter[0m:[36m_log_ball_planner_wait_state[0m:[36m694[0m - [1mWaiting for ball estimator: samples=0/31 visible=False ready=False pos=[-0.10792696 -0.04923557  0.75386083] vel=[-2.227857   -0.14361611 -2.5219507 ][0m
[32m2026-06-29 18:22:47.671[0m | [1mINFO    [0m | [36menvs.hitter[0m:[36m_log_ball_planner_wait_state[0m:[36m694[0m - [1mWaiting for ball estimator: samples=0/31 visible=False ready=False pos=[-0.10792696 -0.04923557  0.75386083] vel=[-2.227857   -0.14361611 -2.5219507 ][0m
[32m2026-06-29 18:22:48.173[0m | [1mINFO    [0m | [36menvs.hitter[0m:[36m_log_ball_planner_wait_state[0m:[36m694[0m - [1mWaiting for ball estimator: samples=0/31 visible=False ready=False pos=[-0.10792696 -0.04923557  0.75386083] vel=[-2.227857   -0.14361611 -2.5219507 ][0m
[32m2026-06-29 18:22:48.675[0m | [1mINFO    [0m | [36menvs.hitter[0m:[36m_log_ball_planner_wait_state[0m:[36m694[0m - [1mWaiting for ball estimator: samples=0/31 visible=False ready=False pos=[-0.10792696 -0.04923557  0.75386083] vel=[-2.227857   -0.14361611 -2.5219507 ][0m
[32m2026-06-29 18:22:49.181[0m | [1mINFO    [0m | [36menvs.hitter[0m:[36m_log_ball_planner_wait_state[0m:[36m694[0m - [1mWaiting for ball estimator: samples=0/31 visible=False ready=False pos=[-0.10792696 -0.04923557  0.75386083] vel=[-2.227857   -0.14361611 -2.5219507 ][0m
[32m2026-06-29 18:22:49.700[0m | [1mINFO    [0m | [36menvs.hitter[0m:[36m_log_ball_planner_wait_state[0m:[36m694[0m - [1mWaiting for ball estimator: samples=0/31 visible=False ready=False pos=[-0.10792696 -0.04923557  0.75386083] vel=[-2.227857   -0.14361611 -2.5219507 ][0m
[32m2026-06-29 18:22:50.201[0m | [1mINFO    [0m | [36menvs.hitter[0m:[36m_log_ball_planner_wait_state[0m:[36m694[0m - [1mWaiting for ball estimator: samples=0/31 visible=False ready=False pos=[-0.10792696 -0.04923557  0.75386083] vel=[-2.227857   -0.14361611 -2.5219507 ][0m
[32m2026-06-29 18:22:50.704[0m | [1mINFO    [0m | [36menvs.hitter[0m:[36m_log_ball_planner_wait_state[0m:[36m694[0m - [1mWaiting for ball estimator: samples=0/31 visible=False ready=False pos=[-0.10792696 -0.04923557  0.75386083] vel=[-2.227857   -0.14361611 -2.5219507 ][0m
[32m2026-06-29 18:22:51.206[0m | [1mINFO    [0m | [36menvs.hitter[0m:[36m_log_ball_planner_wait_state[0m:[36m694[0m - [1mWaiting for ball estimator: samples=0/31 visible=False ready=False pos=[-0.10792696 -0.04923557  0.75386083] vel=[-2.227857   -0.14361611 -2.5219507 ][0m
[32m2026-06-29 18:22:51.284[0m | [33m[1mWARNING [0m | [36magents.loco_hitter_agent[0m:[36mrun[0m:[36m270[0m - [33m[1mStep timeout: -0.0219s[0m
[32m2026-06-29 18:22:51.709[0m | [1mINFO    [0m | [36menvs.hitter[0m:[36m_log_ball_planner_wait_state[0m:[36m694[0m - [1mWaiting for ball estimator: samples=0/31 visible=False ready=False pos=[-0.10792696 -0.04923557  0.75386083] vel=[-2.227857   -0.14361611 -2.5219507 ][0m
[32m2026-06-29 18:22:51.790[0m | [33m[1mWARNING [0m | [36magents.loco_hitter_agent[0m:[36mrun[0m:[36m270[0m - [33m[1mStep timeout: -0.0036s[0m
[32m2026-06-29 18:22:52.078[0m | [33m[1mWARNING [0m | [36magents.loco_hitter_agent[0m:[36mrun[0m:[36m270[0m - [33m[1mStep timeout: -0.0072s[0m
[32m2026-06-29 18:22:52.222[0m | [1mINFO    [0m | [36menvs.hitter[0m:[36m_log_ball_planner_wait_state[0m:[36m694[0m - [1mWaiting for ball estimator: samples=0/31 visible=False ready=False pos=[-0.10792696 -0.04923557  0.75386083] vel=[-2.227857   -0.14361611 -2.5219507 ][0m
[32m2026-06-29 18:22:52.725[0m | [1mINFO    [0m | [36menvs.hitter[0m:[36m_log_ball_planner_wait_state[0m:[36m694[0m - [1mWaiting for ball estimator: samples=0/31 visible=False ready=False pos=[-0.10792696 -0.04923557  0.75386083] vel=[-2.227857   -0.14361611 -2.5219507 ][0m
[32m2026-06-29 18:22:53.226[0m | [1mINFO    [0m | [36menvs.hitter[0m:[36m_log_ball_planner_wait_state[0m:[36m694[0m - [1mWaiting for ball estimator: samples=0/31 visible=False ready=False pos=[-0.10792696 -0.04923557  0.75386083] vel=[-2.227857   -0.14361611 -2.5219507 ][0m
[32m2026-06-29 18:22:53.728[0m | [1mINFO    [0m | [36menvs.hitter[0m:[36m_log_ball_planner_wait_state[0m:[36m694[0m - [1mWaiting for ball estimator: samples=0/31 visible=False ready=False pos=[-0.10792696 -0.04923557  0.75386083] vel=[-2.227857   -0.14361611 -2.5219507 ][0m
[32m2026-06-29 18:22:54.230[0m | [1mINFO    [0m | [36menvs.hitter[0m:[36m_log_ball_planner_wait_state[0m:[36m694[0m - [1mWaiting for ball estimator: samples=0/31 visible=False ready=False pos=[-0.10792696 -0.04923557  0.75386083] vel=[-2.227857   -0.14361611 -2.5219507 ][0m
[32m2026-06-29 18:22:54.733[0m | [1mINFO    [0m | [36menvs.hitter[0m:[36m_log_ball_planner_wait_state[0m:[36m694[0m - [1mWaiting for ball estimator: samples=0/31 visible=False ready=False pos=[-0.10792696 -0.04923557  0.75386083] vel=[-2.227857   -0.14361611 -2.5219507 ][0m
[32m2026-06-29 18:22:55.234[0m | [1mINFO    [0m | [36menvs.hitter[0m:[36m_log_ball_planner_wait_state[0m:[36m694[0m - [1mWaiting for ball estimator: samples=0/31 visible=False ready=False pos=[-0.10792696 -0.04923557  0.75386083] vel=[-2.227857   -0.14361611 -2.5219507 ][0m
[32m2026-06-29 18:22:55.736[0m | [1mINFO    [0m | [36menvs.hitter[0m:[36m_log_ball_planner_wait_state[0m:[36m694[0m - [1mWaiting for ball estimator: samples=0/31 visible=False ready=False pos=[-0.10792696 -0.04923557  0.75386083] vel=[-2.227857   -0.14361611 -2.5219507 ][0m
[32m2026-06-29 18:22:56.237[0m | [1mINFO    [0m | [36menvs.hitter[0m:[36m_log_ball_planner_wait_state[0m:[36m694[0m - [1mWaiting for ball estimator: samples=0/31 visible=False ready=False pos=[-0.10792696 -0.04923557  0.75386083] vel=[-2.227857   -0.14361611 -2.5219507 ][0m
[32m2026-06-29 18:22:56.739[0m | [1mINFO    [0m | [36menvs.hitter[0m:[36m_log_ball_planner_wait_state[0m:[36m694[0m - [1mWaiting for ball estimator: samples=0/31 visible=False ready=False pos=[-0.10792696 -0.04923557  0.75386083] vel=[-2.227857   -0.14361611 -2.5219507 ][0m
[32m2026-06-29 18:22:57.241[0m | [1mINFO    [0m | [36menvs.hitter[0m:[36m_log_ball_planner_wait_state[0m:[36m694[0m - [1mWaiting for ball estimator: samples=0/31 visible=False ready=False pos=[-0.10792696 -0.04923557  0.75386083] vel=[-2.227857   -0.14361611 -2.5219507 ][0m
[32m2026-06-29 18:22:57.743[0m | [1mINFO    [0m | [36menvs.hitter[0m:[36m_log_ball_planner_wait_state[0m:[36m694[0m - [1mWaiting for ball estimator: samples=0/31 visible=False ready=False pos=[-0.10792696 -0.04923557  0.75386083] vel=[-2.227857   -0.14361611 -2.5219507 ][0m
[32m2026-06-29 18:22:58.245[0m | [1mINFO    [0m | [36menvs.hitter[0m:[36m_log_ball_planner_wait_state[0m:[36m694[0m - [1mWaiting for ball estimator: samples=0/31 visible=False ready=False pos=[-0.10792696 -0.04923557  0.75386083] vel=[-2.227857   -0.14361611 -2.5219507 ][0m
[32m2026-06-29 18:22:58.746[0m | [1mINFO    [0m | [36menvs.hitter[0m:[36m_log_ball_planner_wait_state[0m:[36m694[0m - [1mWaiting for ball estimator: samples=0/31 visible=False ready=False pos=[-0.10792696 -0.04923557  0.75386083] vel=[-2.227857   -0.14361611 -2.5219507 ][0m
[32m2026-06-29 18:22:59.249[0m | [1mINFO    [0m | [36menvs.hitter[0m:[36m_log_ball_planner_wait_state[0m:[36m694[0m - [1mWaiting for ball estimator: samples=0/31 visible=False ready=False pos=[-0.10792696 -0.04923557  0.75386083] vel=[-2.227857   -0.14361611 -2.5219507 ][0m
[32m2026-06-29 18:22:59.751[0m | [1mINFO    [0m | [36menvs.hitter[0m:[36m_log_ball_planner_wait_state[0m:[36m694[0m - [1mWaiting for ball estimator: samples=0/31 visible=False ready=False pos=[-0.10792696 -0.04923557  0.75386083] vel=[-2.227857   -0.14361611 -2.5219507 ][0m
[32m2026-06-29 18:23:00.255[0m | [1mINFO    [0m | [36menvs.hitter[0m:[36m_log_ball_planner_wait_state[0m:[36m694[0m - [1mWaiting for ball estimator: samples=0/31 visible=False ready=False pos=[-0.10792696 -0.04923557  0.75386083] vel=[-2.227857   -0.14361611 -2.5219507 ][0m
[32m2026-06-29 18:23:00.774[0m | [1mINFO    [0m | [36menvs.hitter[0m:[36m_log_ball_planner_wait_state[0m:[36m694[0m - [1mWaiting for ball estimator: samples=0/31 visible=False ready=False pos=[-0.10792696 -0.04923557  0.75386083] vel=[-2.227857   -0.14361611 -2.5219507 ][0m
[32m2026-06-29 18:23:01.278[0m | [1mINFO    [0m | [36menvs.hitter[0m:[36m_log_ball_planner_wait_state[0m:[36m694[0m - [1mWaiting for ball estimator: samples=0/31 visible=False ready=False pos=[-0.10792696 -0.04923557  0.75386083] vel=[-2.227857   -0.14361611 -2.5219507 ][0m
[32m2026-06-29 18:23:01.778[0m | [1mINFO    [0m | [36menvs.hitter[0m:[36m_log_ball_planner_wait_state[0m:[36m694[0m - [1mWaiting for ball estimator: samples=0/31 visible=False ready=False pos=[-0.10792696 -0.04923557  0.75386083] vel=[-2.227857   -0.14361611 -2.5219507 ][0m
[32m2026-06-29 18:23:02.280[0m | [1mINFO    [0m | [36menvs.hitter[0m:[36m_log_ball_planner_wait_state[0m:[36m694[0m - [1mWaiting for ball estimator: samples=0/31 visible=False ready=False pos=[-0.10792696 -0.04923557  0.75386083] vel=[-2.227857   -0.14361611 -2.5219507 ][0m
[32m2026-06-29 18:23:02.738[0m | [33m[1mWARNING [0m | [36magents.loco_hitter_agent[0m:[36mrun[0m:[36m270[0m - [33m[1mStep timeout: -0.0003s[0m
[32m2026-06-29 18:23:02.781[0m | [1mINFO    [0m | [36menvs.hitter[0m:[36m_log_ball_planner_wait_state[0m:[36m694[0m - [1mWaiting for ball estimator: samples=0/31 visible=False ready=False pos=[-0.10792696 -0.04923557  0.75386083] vel=[-2.227857   -0.14361611 -2.5219507 ][0m
[32m2026-06-29 18:23:03.283[0m | [1mINFO    [0m | [36menvs.hitter[0m:[36m_log_ball_planner_wait_state[0m:[36m694[0m - [1mWaiting for ball estimator: samples=0/31 visible=False ready=False pos=[-0.10792696 -0.04923557  0.75386083] vel=[-2.227857   -0.14361611 -2.5219507 ][0m
[32m2026-06-29 18:23:03.785[0m | [1mINFO    [0m | [36menvs.hitter[0m:[36m_log_ball_planner_wait_state[0m:[36m694[0m - [1mWaiting for ball estimator: samples=0/31 visible=False ready=False pos=[-0.10792696 -0.04923557  0.75386083] vel=[-2.227857   -0.14361611 -2.5219507 ][0m
[32m2026-06-29 18:23:04.063[0m | [33m[1mWARNING [0m | [36magents.loco_hitter_agent[0m:[36mrun[0m:[36m270[0m - [33m[1mStep timeout: -0.0207s[0m
[32m2026-06-29 18:23:04.287[0m | [1mINFO    [0m | [36menvs.hitter[0m:[36m_log_ball_planner_wait_state[0m:[36m694[0m - [1mWaiting for ball estimator: samples=0/31 visible=False ready=False pos=[-0.10792696 -0.04923557  0.75386083] vel=[-2.227857   -0.14361611 -2.5219507 ][0m
[32m2026-06-29 18:23:04.789[0m | [1mINFO    [0m | [36menvs.hitter[0m:[36m_log_ball_planner_wait_state[0m:[36m694[0m - [1mWaiting for ball estimator: samples=0/31 visible=False ready=False pos=[-0.10792696 -0.04923557  0.75386083] vel=[-2.227857   -0.14361611 -2.5219507 ][0m
[32m2026-06-29 18:23:05.291[0m | [1mINFO    [0m | [36menvs.hitter[0m:[36m_log_ball_planner_wait_state[0m:[36m694[0m - [1mWaiting for ball estimator: samples=0/31 visible=False ready=False pos=[-0.10792696 -0.04923557  0.75386083] vel=[-2.227857   -0.14361611 -2.5219507 ][0m
[32m2026-06-29 18:23:05.793[0m | [1mINFO    [0m | [36menvs.hitter[0m:[36m_log_ball_planner_wait_state[0m:[36m694[0m - [1mWaiting for ball estimator: samples=0/31 visible=False ready=False pos=[-0.10792696 -0.04923557  0.75386083] vel=[-2.227857   -0.14361611 -2.5219507 ][0m
[32m2026-06-29 18:23:06.295[0m | [1mINFO    [0m | [36menvs.hitter[0m:[36m_log_ball_planner_wait_state[0m:[36m694[0m - [1mWaiting for ball estimator: samples=0/31 visible=False ready=False pos=[-0.10792696 -0.04923557  0.75386083] vel=[-2.227857   -0.14361611 -2.5219507 ][0m
[32m2026-06-29 18:23:06.800[0m | [1mINFO    [0m | [36menvs.hitter[0m:[36m_log_ball_planner_wait_state[0m:[36m694[0m - [1mWaiting for ball estimator: samples=0/31 visible=False ready=False pos=[-0.10792696 -0.04923557  0.75386083] vel=[-2.227857   -0.14361611 -2.5219507 ][0m
[32m2026-06-29 18:23:07.319[0m | [1mINFO    [0m | [36menvs.hitter[0m:[36m_log_ball_planner_wait_state[0m:[36m694[0m - [1mWaiting for ball estimator: samples=0/31 visible=False ready=False pos=[-0.10792696 -0.04923557  0.75386083] vel=[-2.227857   -0.14361611 -2.5219507 ][0m
[32m2026-06-29 18:23:07.821[0m | [1mINFO    [0m | [36menvs.hitter[0m:[36m_log_ball_planner_wait_state[0m:[36m694[0m - [1mWaiting for ball estimator: samples=0/31 visible=False ready=False pos=[-0.10792696 -0.04923557  0.75386083] vel=[-2.227857   -0.14361611 -2.5219507 ][0m
[32m2026-06-29 18:23:08.004[0m | [33m[1mWARNING [0m | [36magents.loco_hitter_agent[0m:[36mrun[0m:[36m270[0m - [33m[1mStep timeout: -0.0059s[0m
[32m2026-06-29 18:23:08.329[0m | [1mINFO    [0m | [36menvs.hitter[0m:[36m_log_ball_planner_wait_state[0m:[36m694[0m - [1mWaiting for ball estimator: samples=0/31 visible=False ready=False pos=[-0.10792696 -0.04923557  0.75386083] vel=[-2.227857   -0.14361611 -2.5219507 ][0m
[32m2026-06-29 18:23:08.831[0m | [1mINFO    [0m | [36menvs.hitter[0m:[36m_log_ball_planner_wait_state[0m:[36m694[0m - [1mWaiting for ball estimator: samples=0/31 visible=False ready=False pos=[-0.10792696 -0.04923557  0.75386083] vel=[-2.227857   -0.14361611 -2.5219507 ][0m
[32m2026-06-29 18:23:09.332[0m | [1mINFO    [0m | [36menvs.hitter[0m:[36m_log_ball_planner_wait_state[0m:[36m694[0m - [1mWaiting for ball estimator: samples=0/31 visible=False ready=False pos=[-0.10792696 -0.04923557  0.75386083] vel=[-2.227857   -0.14361611 -2.5219507 ][0m
[32m2026-06-29 18:23:09.835[0m | [1mINFO    [0m | [36menvs.hitter[0m:[36m_log_ball_planner_wait_state[0m:[36m694[0m - [1mWaiting for ball estimator: samples=0/31 visible=False ready=False pos=[-0.10792696 -0.04923557  0.75386083] vel=[-2.227857   -0.14361611 -2.5219507 ][0m
[32m2026-06-29 18:23:10.337[0m | [1mINFO    [0m | [36menvs.hitter[0m:[36m_log_ball_planner_wait_state[0m:[36m694[0m - [1mWaiting for ball estimator: samples=0/31 visible=False ready=False pos=[-0.10792696 -0.04923557  0.75386083] vel=[-2.227857   -0.14361611 -2.5219507 ][0m
[32m2026-06-29 18:23:10.841[0m | [1mINFO    [0m | [36menvs.hitter[0m:[36m_log_ball_planner_wait_state[0m:[36m694[0m - [1mWaiting for ball estimator: samples=0/31 visible=False ready=False pos=[-0.10792696 -0.04923557  0.75386083] vel=[-2.227857   -0.14361611 -2.5219507 ][0m
[32m2026-06-29 18:23:11.360[0m | [1mINFO    [0m | [36menvs.hitter[0m:[36m_log_ball_planner_wait_state[0m:[36m694[0m - [1mWaiting for ball estimator: samples=0/31 visible=False ready=False pos=[-0.10792696 -0.04923557  0.75386083] vel=[-2.227857   -0.14361611 -2.5219507 ][0m
[32m2026-06-29 18:23:11.862[0m | [1mINFO    [0m | [36menvs.hitter[0m:[36m_log_ball_planner_wait_state[0m:[36m694[0m - [1mWaiting for ball estimator: samples=0/31 visible=False ready=False pos=[-0.10792696 -0.04923557  0.75386083] vel=[-2.227857   -0.14361611 -2.5219507 ][0m
[32m2026-06-29 18:23:12.364[0m | [1mINFO    [0m | [36menvs.hitter[0m:[36m_log_ball_planner_wait_state[0m:[36m694[0m - [1mWaiting for ball estimator: samples=0/31 visible=False ready=False pos=[-0.10792696 -0.04923557  0.75386083] vel=[-2.227857   -0.14361611 -2.5219507 ][0m
[32m2026-06-29 18:23:12.566[0m | [33m[1mWARNING [0m | [36magents.loco_hitter_agent[0m:[36mrun[0m:[36m270[0m - [33m[1mStep timeout: -0.0045s[0m
[32m2026-06-29 18:23:12.870[0m | [1mINFO    [0m | [36menvs.hitter[0m:[36m_log_ball_planner_wait_state[0m:[36m694[0m - [1mWaiting for ball estimator: samples=0/31 visible=False ready=False pos=[-0.10792696 -0.04923557  0.75386083] vel=[-2.227857   -0.14361611 -2.5219507 ][0m
[32m2026-06-29 18:23:13.372[0m | [1mINFO    [0m | [36menvs.hitter[0m:[36m_log_ball_planner_wait_state[0m:[36m694[0m - [1mWaiting for ball estimator: samples=0/31 visible=False ready=False pos=[-0.10792696 -0.04923557  0.75386083] vel=[-2.227857   -0.14361611 -2.5219507 ][0m
[32m2026-06-29 18:23:13.874[0m | [1mINFO    [0m | [36menvs.hitter[0m:[36m_log_ball_planner_wait_state[0m:[36m694[0m - [1mWaiting for ball estimator: samples=0/31 visible=False ready=False pos=[-0.10792696 -0.04923557  0.75386083] vel=[-2.227857   -0.14361611 -2.5219507 ][0m
[32m2026-06-29 18:23:14.376[0m | [1mINFO    [0m | [36menvs.hitter[0m:[36m_log_ball_planner_wait_state[0m:[36m694[0m - [1mWaiting for ball estimator: samples=0/31 visible=False ready=False pos=[-0.10792696 -0.04923557  0.75386083] vel=[-2.227857   -0.14361611 -2.5219507 ][0m
[32m2026-06-29 18:23:14.878[0m | [1mINFO    [0m | [36menvs.hitter[0m:[36m_log_ball_planner_wait_state[0m:[36m694[0m - [1mWaiting for ball estimator: samples=0/31 visible=False ready=False pos=[-0.10792696 -0.04923557  0.75386083] vel=[-2.227857   -0.14361611 -2.5219507 ][0m
[32m2026-06-29 18:23:15.380[0m | [1mINFO    [0m | [36menvs.hitter[0m:[36m_log_ball_planner_wait_state[0m:[36m694[0m - [1mWaiting for ball estimator: samples=0/31 visible=False ready=False pos=[-0.10792696 -0.04923557  0.75386083] vel=[-2.227857   -0.14361611 -2.5219507 ][0m
[32m2026-06-29 18:23:15.882[0m | [1mINFO    [0m | [36menvs.hitter[0m:[36m_log_ball_planner_wait_state[0m:[36m694[0m - [1mWaiting for ball estimator: samples=0/31 visible=False ready=False pos=[-0.10792696 -0.04923557  0.75386083] vel=[-2.227857   -0.14361611 -2.5219507 ][0m
[32m2026-06-29 18:23:16.384[0m | [1mINFO    [0m | [36menvs.hitter[0m:[36m_log_ball_planner_wait_state[0m:[36m694[0m - [1mWaiting for ball estimator: samples=0/31 visible=False ready=False pos=[-0.10792696 -0.04923557  0.75386083] vel=[-2.227857   -0.14361611 -2.5219507 ][0m
[32m2026-06-29 18:23:16.886[0m | [1mINFO    [0m | [36menvs.hitter[0m:[36m_log_ball_planner_wait_state[0m:[36m694[0m - [1mWaiting for ball estimator: samples=0/31 visible=False ready=False pos=[-0.10792696 -0.04923557  0.75386083] vel=[-2.227857   -0.14361611 -2.5219507 ][0m
[32m2026-06-29 18:23:16.925[0m | [33m[1mWARNING [0m | [36magents.loco_hitter_agent[0m:[36mrun[0m:[36m270[0m - [33m[1mStep timeout: -0.0220s[0m
[32m2026-06-29 18:23:17.328[0m | [33m[1mWARNING [0m | [36magents.loco_hitter_agent[0m:[36mrun[0m:[36m270[0m - [33m[1mStep timeout: -0.0020s[0m
[32m2026-06-29 18:23:17.392[0m | [1mINFO    [0m | [36menvs.hitter[0m:[36m_log_ball_planner_wait_state[0m:[36m694[0m - [1mWaiting for ball estimator: samples=0/31 visible=False ready=False pos=[-0.10792696 -0.04923557  0.75386083] vel=[-2.227857   -0.14361611 -2.5219507 ][0m
[32m2026-06-29 18:23:17.894[0m | [1mINFO    [0m | [36menvs.hitter[0m:[36m_log_ball_planner_wait_state[0m:[36m694[0m - [1mWaiting for ball estimator: samples=0/31 visible=False ready=False pos=[-0.10792696 -0.04923557  0.75386083] vel=[-2.227857   -0.14361611 -2.5219507 ][0m
[32m2026-06-29 18:23:18.396[0m | [1mINFO    [0m | [36menvs.hitter[0m:[36m_log_ball_planner_wait_state[0m:[36m694[0m - [1mWaiting for ball estimator: samples=0/31 visible=False ready=False pos=[-0.10792696 -0.04923557  0.75386083] vel=[-2.227857   -0.14361611 -2.5219507 ][0m
[32m2026-06-29 18:23:18.898[0m | [1mINFO    [0m | [36menvs.hitter[0m:[36m_log_ball_planner_wait_state[0m:[36m694[0m - [1mWaiting for ball estimator: samples=0/31 visible=False ready=False pos=[-0.10792696 -0.04923557  0.75386083] vel=[-2.227857   -0.14361611 -2.5219507 ][0m
[32m2026-06-29 18:23:19.400[0m | [1mINFO    [0m | [36menvs.hitter[0m:[36m_log_ball_planner_wait_state[0m:[36m694[0m - [1mWaiting for ball estimator: samples=0/31 visible=False ready=False pos=[-0.10792696 -0.04923557  0.75386083] vel=[-2.227857   -0.14361611 -2.5219507 ][0m
[32m2026-06-29 18:23:19.902[0m | [1mINFO    [0m | [36menvs.hitter[0m:[36m_log_ball_planner_wait_state[0m:[36m694[0m - [1mWaiting for ball estimator: samples=0/31 visible=False ready=False pos=[-0.10792696 -0.04923557  0.75386083] vel=[-2.227857   -0.14361611 -2.5219507 ][0m
[32m2026-06-29 18:23:20.083[0m | [33m[1mWARNING [0m | [36magents.loco_hitter_agent[0m:[36mrun[0m:[36m270[0m - [33m[1mStep timeout: -0.0041s[0m
[32m2026-06-29 18:23:20.408[0m | [1mINFO    [0m | [36menvs.hitter[0m:[36m_log_ball_planner_wait_state[0m:[36m694[0m - [1mWaiting for ball estimator: samples=0/31 visible=False ready=False pos=[-0.10792696 -0.04923557  0.75386083] vel=[-2.227857   -0.14361611 -2.5219507 ][0m
[32m2026-06-29 18:23:20.910[0m | [1mINFO    [0m | [36menvs.hitter[0m:[36m_log_ball_planner_wait_state[0m:[36m694[0m - [1mWaiting for ball estimator: samples=0/31 visible=False ready=False pos=[-0.10792696 -0.04923557  0.75386083] vel=[-2.227857   -0.14361611 -2.5219507 ][0m
[32m2026-06-29 18:23:21.412[0m | [1mINFO    [0m | [36menvs.hitter[0m:[36m_log_ball_planner_wait_state[0m:[36m694[0m - [1mWaiting for ball estimator: samples=0/31 visible=False ready=False pos=[-0.10792696 -0.04923557  0.75386083] vel=[-2.227857   -0.14361611 -2.5219507 ][0m
[32m2026-06-29 18:23:21.914[0m | [1mINFO    [0m | [36menvs.hitter[0m:[36m_log_ball_planner_wait_state[0m:[36m694[0m - [1mWaiting for ball estimator: samples=0/31 visible=False ready=False pos=[-0.10792696 -0.04923557  0.75386083] vel=[-2.227857   -0.14361611 -2.5219507 ][0m
[32m2026-06-29 18:23:22.416[0m | [1mINFO    [0m | [36menvs.hitter[0m:[36m_log_ball_planner_wait_state[0m:[36m694[0m - [1mWaiting for ball estimator: samples=0/31 visible=False ready=False pos=[-0.10792696 -0.04923557  0.75386083] vel=[-2.227857   -0.14361611 -2.5219507 ][0m
[32m2026-06-29 18:23:22.918[0m | [1mINFO    [0m | [36menvs.hitter[0m:[36m_log_ball_planner_wait_state[0m:[36m694[0m - [1mWaiting for ball estimator: samples=0/31 visible=False ready=False pos=[-0.10792696 -0.04923557  0.75386083] vel=[-2.227857   -0.14361611 -2.5219507 ][0m
[32m2026-06-29 18:23:23.420[0m | [1mINFO    [0m | [36menvs.hitter[0m:[36m_log_ball_planner_wait_state[0m:[36m694[0m - [1mWaiting for ball estimator: samples=0/31 visible=False ready=False pos=[-0.10792696 -0.04923557  0.75386083] vel=[-2.227857   -0.14361611 -2.5219507 ][0m
[32m2026-06-29 18:23:23.922[0m | [1mINFO    [0m | [36menvs.hitter[0m:[36m_log_ball_planner_wait_state[0m:[36m694[0m - [1mWaiting for ball estimator: samples=0/31 visible=False ready=False pos=[-0.10792696 -0.04923557  0.75386083] vel=[-2.227857   -0.14361611 -2.5219507 ][0m
[32m2026-06-29 18:23:24.425[0m | [1mINFO    [0m | [36menvs.hitter[0m:[36m_log_ball_planner_wait_state[0m:[36m694[0m - [1mWaiting for ball estimator: samples=0/31 visible=False ready=False pos=[-0.10792696 -0.04923557  0.75386083] vel=[-2.227857   -0.14361611 -2.5219507 ][0m
[32m2026-06-29 18:23:24.925[0m | [1mINFO    [0m | [36menvs.hitter[0m:[36m_log_ball_planner_wait_state[0m:[36m694[0m - [1mWaiting for ball estimator: samples=0/31 visible=False ready=False pos=[-0.10792696 -0.04923557  0.75386083] vel=[-2.227857   -0.14361611 -2.5219507 ][0m
[32m2026-06-29 18:23:25.427[0m | [1mINFO    [0m | [36menvs.hitter[0m:[36m_log_ball_planner_wait_state[0m:[36m694[0m - [1mWaiting for ball estimator: samples=0/31 visible=False ready=False pos=[-0.10792696 -0.04923557  0.75386083] vel=[-2.227857   -0.14361611 -2.5219507 ][0m
[32m2026-06-29 18:23:25.929[0m | [1mINFO    [0m | [36menvs.hitter[0m:[36m_log_ball_planner_wait_state[0m:[36m694[0m - [1mWaiting for ball estimator: samples=0/31 visible=False ready=False pos=[-0.10792696 -0.04923557  0.75386083] vel=[-2.227857   -0.14361611 -2.5219507 ][0m
[32m2026-06-29 18:23:26.431[0m | [1mINFO    [0m | [36menvs.hitter[0m:[36m_log_ball_planner_wait_state[0m:[36m694[0m - [1mWaiting for ball estimator: samples=0/31 visible=False ready=False pos=[-0.10792696 -0.04923557  0.75386083] vel=[-2.227857   -0.14361611 -2.5219507 ][0m
[32m2026-06-29 18:23:26.777[0m | [33m[1mWARNING [0m | [36magents.loco_hitter_agent[0m:[36mrun[0m:[36m270[0m - [33m[1mStep timeout: -0.0086s[0m
[32m2026-06-29 18:23:26.942[0m | [1mINFO    [0m | [36menvs.hitter[0m:[36m_log_ball_planner_wait_state[0m:[36m694[0m - [1mWaiting for ball estimator: samples=0/31 visible=False ready=False pos=[-0.10792696 -0.04923557  0.75386083] vel=[-2.227857   -0.14361611 -2.5219507 ][0m
[32m2026-06-29 18:23:27.443[0m | [1mINFO    [0m | [36menvs.hitter[0m:[36m_log_ball_planner_wait_state[0m:[36m694[0m - [1mWaiting for ball estimator: samples=0/31 visible=False ready=False pos=[-0.10792696 -0.04923557  0.75386083] vel=[-2.227857   -0.14361611 -2.5219507 ][0m
[32m2026-06-29 18:23:27.945[0m | [1mINFO    [0m | [36menvs.hitter[0m:[36m_log_ball_planner_wait_state[0m:[36m694[0m - [1mWaiting for ball estimator: samples=0/31 visible=False ready=False pos=[-0.10792696 -0.04923557  0.75386083] vel=[-2.227857   -0.14361611 -2.5219507 ][0m
[32m2026-06-29 18:23:28.447[0m | [1mINFO    [0m | [36menvs.hitter[0m:[36m_log_ball_planner_wait_state[0m:[36m694[0m - [1mWaiting for ball estimator: samples=0/31 visible=False ready=False pos=[-0.10792696 -0.04923557  0.75386083] vel=[-2.227857   -0.14361611 -2.5219507 ][0m
[32m2026-06-29 18:23:28.950[0m | [1mINFO    [0m | [36menvs.hitter[0m:[36m_log_ball_planner_wait_state[0m:[36m694[0m - [1mWaiting for ball estimator: samples=0/31 visible=False ready=False pos=[-0.10792696 -0.04923557  0.75386083] vel=[-2.227857   -0.14361611 -2.5219507 ][0m
[32m2026-06-29 18:23:29.451[0m | [1mINFO    [0m | [36menvs.hitter[0m:[36m_log_ball_planner_wait_state[0m:[36m694[0m - [1mWaiting for ball estimator: samples=0/31 visible=False ready=False pos=[-0.10792696 -0.04923557  0.75386083] vel=[-2.227857   -0.14361611 -2.5219507 ][0m
[32m2026-06-29 18:23:29.953[0m | [1mINFO    [0m | [36menvs.hitter[0m:[36m_log_ball_planner_wait_state[0m:[36m694[0m - [1mWaiting for ball estimator: samples=0/31 visible=False ready=False pos=[-0.10792696 -0.04923557  0.75386083] vel=[-2.227857   -0.14361611 -2.5219507 ][0m
[32m2026-06-29 18:23:30.092[0m | [33m[1mWARNING [0m | [36magents.loco_hitter_agent[0m:[36mrun[0m:[36m270[0m - [33m[1mStep timeout: -0.0217s[0m
[32m2026-06-29 18:23:30.456[0m | [1mINFO    [0m | [36menvs.hitter[0m:[36m_log_ball_planner_wait_state[0m:[36m694[0m - [1mWaiting for ball estimator: samples=0/31 visible=False ready=False pos=[-0.10792696 -0.04923557  0.75386083] vel=[-2.227857   -0.14361611 -2.5219507 ][0m
[32m2026-06-29 18:23:30.958[0m | [1mINFO    [0m | [36menvs.hitter[0m:[36m_log_ball_planner_wait_state[0m:[36m694[0m - [1mWaiting for ball estimator: samples=0/31 visible=False ready=False pos=[-0.10792696 -0.04923557  0.75386083] vel=[-2.227857   -0.14361611 -2.5219507 ][0m
[32m2026-06-29 18:23:31.178[0m | [33m[1mWARNING [0m | [36magents.loco_hitter_agent[0m:[36mrun[0m:[36m270[0m - [33m[1mStep timeout: -0.0030s[0m
[32m2026-06-29 18:23:31.463[0m | [1mINFO    [0m | [36menvs.hitter[0m:[36m_log_ball_planner_wait_state[0m:[36m694[0m - [1mWaiting for ball estimator: samples=0/31 visible=False ready=False pos=[-0.10792696 -0.04923557  0.75386083] vel=[-2.227857   -0.14361611 -2.5219507 ][0m
[32m2026-06-29 18:23:31.965[0m | [1mINFO    [0m | [36menvs.hitter[0m:[36m_log_ball_planner_wait_state[0m:[36m694[0m - [1mWaiting for ball estimator: samples=0/31 visible=False ready=False pos=[-0.10792696 -0.04923557  0.75386083] vel=[-2.227857   -0.14361611 -2.5219507 ][0m
[32m2026-06-29 18:23:32.467[0m | [1mINFO    [0m | [36menvs.hitter[0m:[36m_log_ball_planner_wait_state[0m:[36m694[0m - [1mWaiting for ball estimator: samples=0/31 visible=False ready=False pos=[-0.10792696 -0.04923557  0.75386083] vel=[-2.227857   -0.14361611 -2.5219507 ][0m
[32m2026-06-29 18:23:32.970[0m | [1mINFO    [0m | [36menvs.hitter[0m:[36m_log_ball_planner_wait_state[0m:[36m694[0m - [1mWaiting for ball estimator: samples=0/31 visible=False ready=False pos=[-0.10792696 -0.04923557  0.75386083] vel=[-2.227857   -0.14361611 -2.5219507 ][0m
[32m2026-06-29 18:23:33.470[0m | [1mINFO    [0m | [36menvs.hitter[0m:[36m_log_ball_planner_wait_state[0m:[36m694[0m - [1mWaiting for ball estimator: samples=0/31 visible=False ready=False pos=[-0.10792696 -0.04923557  0.75386083] vel=[-2.227857   -0.14361611 -2.5219507 ][0m
[32m2026-06-29 18:23:33.972[0m | [1mINFO    [0m | [36menvs.hitter[0m:[36m_log_ball_planner_wait_state[0m:[36m694[0m - [1mWaiting for ball estimator: samples=0/31 visible=False ready=False pos=[-0.10792696 -0.04923557  0.75386083] vel=[-2.227857   -0.14361611 -2.5219507 ][0m
[32m2026-06-29 18:23:34.473[0m | [1mINFO    [0m | [36menvs.hitter[0m:[36m_log_ball_planner_wait_state[0m:[36m694[0m - [1mWaiting for ball estimator: samples=0/31 visible=False ready=False pos=[-0.10792696 -0.04923557  0.75386083] vel=[-2.227857   -0.14361611 -2.5219507 ][0m
[32m2026-06-29 18:23:34.975[0m | [1mINFO    [0m | [36menvs.hitter[0m:[36m_log_ball_planner_wait_state[0m:[36m694[0m - [1mWaiting for ball estimator: samples=0/31 visible=False ready=False pos=[-0.10792696 -0.04923557  0.75386083] vel=[-2.227857   -0.14361611 -2.5219507 ][0m
[32m2026-06-29 18:23:35.477[0m | [1mINFO    [0m | [36menvs.hitter[0m:[36m_log_ball_planner_wait_state[0m:[36m694[0m - [1mWaiting for ball estimator: samples=0/31 visible=False ready=False pos=[-0.10792696 -0.04923557  0.75386083] vel=[-2.227857   -0.14361611 -2.5219507 ][0m
[32m2026-06-29 18:23:35.981[0m | [1mINFO    [0m | [36menvs.hitter[0m:[36m_log_ball_planner_wait_state[0m:[36m694[0m - [1mWaiting for ball estimator: samples=0/31 visible=False ready=False pos=[-0.10792696 -0.04923557  0.75386083] vel=[-2.227857   -0.14361611 -2.5219507 ][0m
[32m2026-06-29 18:23:36.125[0m | [33m[1mWARNING [0m | [36magents.loco_hitter_agent[0m:[36mrun[0m:[36m270[0m - [33m[1mStep timeout: -0.0093s[0m
[32m2026-06-29 18:23:36.490[0m | [1mINFO    [0m | [36menvs.hitter[0m:[36m_log_ball_planner_wait_state[0m:[36m694[0m - [1mWaiting for ball estimator: samples=0/31 visible=False ready=False pos=[-0.10792696 -0.04923557  0.75386083] vel=[-2.227857   -0.14361611 -2.5219507 ][0m
[32m2026-06-29 18:23:36.992[0m | [1mINFO    [0m | [36menvs.hitter[0m:[36m_log_ball_planner_wait_state[0m:[36m694[0m - [1mWaiting for ball estimator: samples=0/31 visible=False ready=False pos=[-0.10792696 -0.04923557  0.75386083] vel=[-2.227857   -0.14361611 -2.5219507 ][0m
[32m2026-06-29 18:23:37.493[0m | [1mINFO    [0m | [36menvs.hitter[0m:[36m_log_ball_planner_wait_state[0m:[36m694[0m - [1mWaiting for ball estimator: samples=0/31 visible=False ready=False pos=[-0.10792696 -0.04923557  0.75386083] vel=[-2.227857   -0.14361611 -2.5219507 ][0m
[32m2026-06-29 18:23:37.996[0m | [1mINFO    [0m | [36menvs.hitter[0m:[36m_log_ball_planner_wait_state[0m:[36m694[0m - [1mWaiting for ball estimator: samples=0/31 visible=False ready=False pos=[-0.10792696 -0.04923557  0.75386083] vel=[-2.227857   -0.14361611 -2.5219507 ][0m
[32m2026-06-29 18:23:38.497[0m | [1mINFO    [0m | [36menvs.hitter[0m:[36m_log_ball_planner_wait_state[0m:[36m694[0m - [1mWaiting for ball estimator: samples=0/31 visible=False ready=False pos=[-0.10792696 -0.04923557  0.75386083] vel=[-2.227857   -0.14361611 -2.5219507 ][0m
[32m2026-06-29 18:23:38.999[0m | [1mINFO    [0m | [36menvs.hitter[0m:[36m_log_ball_planner_wait_state[0m:[36m694[0m - [1mWaiting for ball estimator: samples=0/31 visible=False ready=False pos=[-0.10792696 -0.04923557  0.75386083] vel=[-2.227857   -0.14361611 -2.5219507 ][0m
[32m2026-06-29 18:23:39.501[0m | [1mINFO    [0m | [36menvs.hitter[0m:[36m_log_ball_planner_wait_state[0m:[36m694[0m - [1mWaiting for ball estimator: samples=0/31 visible=False ready=False pos=[-0.10792696 -0.04923557  0.75386083] vel=[-2.227857   -0.14361611 -2.5219507 ][0m
[32m2026-06-29 18:23:40.006[0m | [1mINFO    [0m | [36menvs.hitter[0m:[36m_log_ball_planner_wait_state[0m:[36m694[0m - [1mWaiting for ball estimator: samples=0/31 visible=False ready=False pos=[-0.10792696 -0.04923557  0.75386083] vel=[-2.227857   -0.14361611 -2.5219507 ][0m
[32m2026-06-29 18:23:40.525[0m | [1mINFO    [0m | [36menvs.hitter[0m:[36m_log_ball_planner_wait_state[0m:[36m694[0m - [1mWaiting for ball estimator: samples=0/31 visible=False ready=False pos=[-0.10792696 -0.04923557  0.75386083] vel=[-2.227857   -0.14361611 -2.5219507 ][0m
[32m2026-06-29 18:23:41.027[0m | [1mINFO    [0m | [36menvs.hitter[0m:[36m_log_ball_planner_wait_state[0m:[36m694[0m - [1mWaiting for ball estimator: samples=0/31 visible=False ready=False pos=[-0.10792696 -0.04923557  0.75386083] vel=[-2.227857   -0.14361611 -2.5219507 ][0m
[32m2026-06-29 18:23:41.529[0m | [1mINFO    [0m | [36menvs.hitter[0m:[36m_log_ball_planner_wait_state[0m:[36m694[0m - [1mWaiting for ball estimator: samples=0/31 visible=False ready=False pos=[-0.10792696 -0.04923557  0.75386083] vel=[-2.227857   -0.14361611 -2.5219507 ][0m
[32m2026-06-29 18:23:42.031[0m | [1mINFO    [0m | [36menvs.hitter[0m:[36m_log_ball_planner_wait_state[0m:[36m694[0m - [1mWaiting for ball estimator: samples=0/31 visible=False ready=False pos=[-0.10792696 -0.04923557  0.75386083] vel=[-2.227857   -0.14361611 -2.5219507 ][0m
[32m2026-06-29 18:23:42.532[0m | [1mINFO    [0m | [36menvs.hitter[0m:[36m_log_ball_planner_wait_state[0m:[36m694[0m - [1mWaiting for ball estimator: samples=0/31 visible=False ready=False pos=[-0.10792696 -0.04923557  0.75386083] vel=[-2.227857   -0.14361611 -2.5219507 ][0m
Terminated
