host_time_s,elapsed_s,frame_number,channel,name,ball_valid,ball_occluded,ball_x_m,ball_y_m,ball_z_m,ball_qx,ball_qy,ball_qz,ball_qw,base_valid,base_x_m,base_y_m,base_z_m,base_qx,base_qy,base_qz,base_qw,clean_segment_id
1782463479.570080280,21.734777451,6060,vicon_state_data,ball,1,0,3.090581987,-0.204920873,0.862986393,0.000000000,0.000000000,0.000000000,1.000000000,1,-0.862958225,-0.377766244,0.819838329,0.000000000,0.000000000,0.001506142,0.999998866,7
1782463479.573506832,21.738204002,6061,vicon_state_data,ball,1,0,3.090141259,-0.202707097,0.866705460,0.000000000,0.000000000,0.000000000,1.000000000,1,-0.862949929,-0.377776602,0.819849741,0.000000000,0.000000000,0.001506350,0.999998865,7
1782463479.576742649,21.741439819,6062,vicon_state_data,ball,1,0,3.089719337,-0.200356588,0.870577529,0.000000000,0.000000000,0.000000000,1.000000000,1,-0.862938015,-0.377802643,0.819835688,0.000000000,0.000000000,0.001356971,0.999999079,7
1782463479.579969645,21.744666815,6063,vicon_state_data,ball,1,0,3.089326732,-0.198385343,0.874170596,0.000000000,0.000000000,0.000000000,1.000000000,1,-0.862964728,-0.377814491,0.819834022,0.000000000,0.000000000,0.001433845,0.999998972,7
1782463479.583290100,21.747987270,6064,vicon_state_data,ball,1,0,3.088913619,-0.196080854,0.877986146,0.000000000,0.000000000,0.000000000,1.000000000,1,-0.862941091,-0.377793275,0.819842231,0.000000000,0.000000000,0.001423453,0.999998987,7
1782463479.586783409,21.751480579,6065,vicon_state_data,ball,1,0,3.088466392,-0.194089392,0.881526127,0.000000000,0.000000000,0.000000000,1.000000000,1,-0.862928559,-0.377821533,0.819846419,0.000000000,0.000000000,0.001409561,0.999999007,7
1782463479.590049982,21.754747152,6066,vicon_state_data,ball,1,0,3.087971565,-0.191736107,0.885364685,0.000000000,0.000000000,0.000000000,1.000000000,1,-0.862927884,-0.377825536,0.819828323,0.000000000,0.000000000,0.001276616,0.999999185,7
1782463479.593446732,21.758143902,6067,vicon_state_data,ball,1,0,3.087402404,-0.189721987,0.888918737,0.000000000,0.000000000,0.000000000,1.000000000,1,-0.862943408,-0.377869832,0.819829700,0.000000000,0.000000000,0.001287789,0.999999171,7
1782463479.596639156,21.761336327,6068,vicon_state_data,ball,1,0,3.086854939,-0.187361725,0.892657924,0.000000000,0.000000000,0.000000000,1.000000000,1,-0.862919540,-0.377853839,0.819836402,0.000000000,0.000000000,0.001341646,0.999999100,7
1782463479.599882841,21.764580011,6069,vicon_state_data,ball,1,0,3.086308330,-0.185501823,0.896076271,0.000000000,0.000000000,0.000000000,1.000000000,1,-0.862912899,-0.377851879,0.819837706,0.000000000,0.000000000,0.001283625,0.999999176,7
1782463479.603309393,21.768006563,6070,vicon_state_data,ball,1,0,3.085688234,-0.182768770,0.899605713,0.000000000,0.000000000,0.000000000,1.000000000,1,-0.862928497,-0.377916338,0.819807422,0.000000000,0.000000000,0.001231119,0.999999242,7
1782463479.606693029,21.771390200,6071,vicon_state_data,ball,1,0,3.085034429,-0.180563256,0.903218598,0.000000000,0.000000000,0.000000000,1.000000000,1,-0.862924032,-0.377906928,0.819803723,0.000000000,0.000000000,0.001263726,0.999999201,7
1782463479.610166550,21.774863720,6072,vicon_state_data,ball,1,0,3.084403776,-0.179080019,0.906740476,0.000000000,0.000000000,0.000000000,1.000000000,1,-0.862922392,-0.377942419,0.819790264,0.000000000,0.000000000,0.001218881,0.999999257,7
1782463479.613388777,21.778085947,6073,vicon_state_data,ball,1,0,3.083604517,-0.176035742,0.910355434,0.000000000,0.000000000,0.000000000,1.000000000,1,-0.862896970,-0.377920516,0.819789848,0.000000000,0.000000000,0.001210063,0.999999268,7
1782463479.616609335,21.781306505,6074,vicon_state_data,ball,1,0,3.082998076,-0.175063427,0.913469457,0.000000000,0.000000000,0.000000000,1.000000000,1,-0.862913253,-0.377962478,0.819787738,0.000000000,0.000000000,0.001171922,0.999999313,7
1782463479.620022297,21.784719467,6075,vicon_state_data,ball,1,0,3.082225129,-0.172622296,0.916705121,0.000000000,0.000000000,0.000000000,1.000000000,1,-0.862907561,-0.377957024,0.819806733,0.000000000,0.000000000,0.001120378,0.999999372,7
1782463479.623331547,21.788028717,6076,vicon_state_data,ball,1,0,3.081389230,-0.170220105,0.920331013,0.000000000,0.000000000,0.000000000,1.000000000,1,-0.862899925,-0.377953677,0.819789523,0.000000000,0.000000000,0.001037983,0.999999461,7
1782463479.626693487,21.791390657,6077,vicon_state_data,ball,1,0,3.077801031,-0.163879045,0.923593200,0.000000000,0.000000000,0.000000000,1.000000000,1,-0.862882778,-0.377953094,0.819797970,0.000000000,0.000000000,0.001078344,0.999999419,7
1782463479.630011320,21.794708490,6078,vicon_state_data,ball,1,0,3.077554573,-0.162622715,0.926384747,0.000000000,0.000000000,0.000000000,1.000000000,1,-0.862901762,-0.378024699,0.819771278,0.000000000,0.000000000,0.000943482,0.999999555,7
1782463479.633390188,21.798087358,6079,vicon_state_data,ball,1,0,3.077698541,-0.161857641,0.928515478,0.000000000,0.000000000,0.000000000,1.000000000,1,-0.862901225,-0.378035196,0.819782749,0.000000000,0.000000000,0.001035654,0.999999464,7
1782463479.636578560,21.801275730,6080,vicon_state_data,ball,1,0,3.076058962,-0.159171987,0.932387482,0.000000000,0.000000000,0.000000000,1.000000000,1,-0.862894503,-0.378061866,0.819790104,0.000000000,0.000000000,0.000957534,0.999999542,7
1782463479.639956236,21.804653406,6081,vicon_state_data,ball,1,0,3.075793738,-0.158019653,0.935202110,0.000000000,0.000000000,0.000000000,1.000000000,1,-0.862879695,-0.377987416,0.819800130,0.000000000,0.000000000,0.000901971,0.999999593,7
1782463479.643361330,21.808058500,6082,vicon_state_data,ball,1,0,3.074523672,-0.155767601,0.938461674,0.000000000,0.000000000,0.000000000,1.000000000,1,-0.862867539,-0.378039707,0.819804227,0.000000000,0.000000000,0.000898789,0.999999596,7
1782463479.646591663,21.811288834,6083,vicon_state_data,ball,1,0,3.072860160,-0.153203131,0.942145275,0.000000000,0.000000000,0.000000000,1.000000000,1,-0.862870280,-0.378049591,0.819828858,0.000000000,0.000000000,0.000898250,0.999999597,7
1782463479.650214434,21.814911604,6084,vicon_state_data,ball,1,0,3.074379623,-0.154866192,0.944683739,0.000000000,0.000000000,0.000000000,1.000000000,1,-0.862868309,-0.378049923,0.819812155,0.000000000,0.000000000,0.000869669,0.999999622,7
1782463479.653435469,21.818132639,6085,vicon_state_data,ball,1,0,3.071573800,-0.150284750,0.947664316,0.000000000,0.000000000,0.000000000,1.000000000,1,-0.862866797,-0.378048610,0.819843946,0.000000000,0.000000000,0.000880027,0.999999613,7
1782463479.656850100,21.821547270,6086,vicon_state_data,ball,1,0,3.069118073,-0.146490794,0.951685640,0.000000000,0.000000000,0.000000000,1.000000000,1,-0.862864293,-0.378064138,0.819843309,0.000000000,0.000000000,0.000857323,0.999999632,7
1782463479.660072565,21.824769735,6087,vicon_state_data,ball,1,0,3.067174577,-0.143959699,0.955757162,0.000000000,0.000000000,0.000000000,1.000000000,1,-0.862864434,-0.378093873,0.819844653,0.000000000,0.000000000,0.000787735,0.999999690,7
1782463479.663271666,21.827968836,6088,vicon_state_data,ball,1,0,3.068263096,-0.144320683,0.956596803,0.000000000,0.000000000,0.000000000,1.000000000,1,-0.862848186,-0.378153459,0.819858758,0.000000000,0.000000000,0.000686123,0.999999765,7
1782463479.666664362,21.831361532,6089,vicon_state_data,ball,1,0,3.073604891,-0.146179192,0.957311471,0.000000000,0.000000000,0.000000000,1.000000000,1,-0.862858360,-0.378131832,0.819876620,0.000000000,0.000000000,0.000775543,0.999999699,7
1782463479.669997931,21.834695101,6090,vicon_state_data,ball,1,0,3.064042304,-0.138325147,0.964331543,0.000000000,0.000000000,0.000000000,1.000000000,1,-0.862857150,-0.378171737,0.819877418,0.000000000,0.000000000,0.000669450,0.999999776,7
1782463479.673313856,21.838011026,6091,vicon_state_data,ball,1,0,3.063387860,-0.136967014,0.966725129,0.000000000,0.000000000,0.000000000,1.000000000,1,-0.862848570,-0.378196945,0.819871425,0.000000000,0.000000000,0.000670477,0.999999775,7
1782463479.676943541,21.841640711,6092,vicon_state_data,ball,1,0,3.070607819,-0.141813230,0.965537470,0.000000000,0.000000000,0.000000000,1.000000000,1,-0.862853740,-0.378226558,0.819862956,0.000000000,0.000000000,0.000659035,0.999999783,7
1782463479.680061340,21.844758511,6093,vicon_state_data,ball,1,0,3.069589097,-0.140356649,0.968292541,0.000000000,0.000000000,0.000000000,1.000000000,1,-0.862884107,-0.378073022,0.819856768,0.000000000,0.000000000,0.000954331,0.999999545,7
1782463479.683371544,21.848068714,6094,vicon_state_data,ball,1,0,3.068774881,-0.138841930,0.971099500,0.000000000,0.000000000,0.000000000,1.000000000,1,-0.862857362,-0.378211143,0.819857916,0.000000000,0.000000000,0.000717781,0.999999742,7
1782463479.686704397,21.851401567,6095,vicon_state_data,ball,1,0,3.067676468,-0.137037998,0.973249721,0.000000000,0.000000000,0.000000000,1.000000000,1,-0.862864438,-0.378255869,0.819858847,0.000000000,0.000000000,0.000628497,0.999999802,7
1782463479.689957857,21.854655027,6096,vicon_state_data,ball,1,0,3.066691011,-0.135979923,0.976119954,0.000000000,0.000000000,0.000000000,1.000000000,1,-0.862868480,-0.378207683,0.819850104,0.000000000,0.000000000,0.000758645,0.999999712,7
1782463479.693291187,21.857988358,6097,vicon_state_data,ball,1,0,3.065522298,-0.134877890,0.978621129,0.000000000,0.000000000,0.000000000,1.000000000,1,-0.862860362,-0.378329493,0.819843127,0.000000000,0.000000000,0.000583784,0.999999830,7
1782463479.696589231,21.861286402,6098,vicon_state_data,ball,1,0,3.064878458,-0.132526952,0.981047591,0.000000000,0.000000000,0.000000000,1.000000000,1,-0.862860972,-0.378344172,0.819850431,0.000000000,0.000000000,0.000478093,0.999999886,7
1782463479.699987411,21.864684582,6099,vicon_state_data,ball,1,0,3.063684884,-0.131375570,0.983453965,0.000000000,0.000000000,0.000000000,1.000000000,1,-0.862876487,-0.378277915,0.819837366,0.000000000,0.000000000,0.000658805,0.999999783,7
1782463479.703264713,21.867961884,6100,vicon_state_data,ball,1,0,3.062800252,-0.129789725,0.985953197,0.000000000,0.000000000,0.000000000,1.000000000,1,-0.862863075,-0.378395625,0.819848140,0.000000000,0.000000000,0.000514179,0.999999868,7
1782463479.706581354,21.871278524,6101,vicon_state_data,ball,1,0,3.061662872,-0.128367052,0.988269762,0.000000000,0.000000000,0.000000000,1.000000000,1,-0.862867276,-0.378422292,0.819833975,0.000000000,0.000000000,0.000436160,0.999999905,7
1782463479.709954977,21.874652147,6102,vicon_state_data,ball,1,0,3.060567671,-0.126933262,0.990486923,0.000000000,0.000000000,0.000000000,1.000000000,1,-0.862868036,-0.378467560,0.819834551,0.000000000,0.000000000,0.000431579,0.999999907,7
1782463479.713448524,21.878145695,6103,vicon_state_data,ball,1,0,3.058956095,-0.124705720,0.992899764,0.000000000,0.000000000,0.000000000,1.000000000,1,-0.862876333,-0.378513408,0.819827378,0.000000000,0.000000000,0.000440518,0.999999903,7
1782463479.717011929,21.881709099,6104,vicon_state_data,ball,1,0,3.057778150,-0.123654601,0.995416860,0.000000000,0.000000000,0.000000000,1.000000000,1,-0.862874446,-0.378504007,0.819814191,0.000000000,0.000000000,0.000353779,0.999999937,7
1782463479.720166206,21.884863377,6105,vicon_state_data,ball,1,0,3.056804711,-0.122451865,0.997912247,0.000000000,0.000000000,0.000000000,1.000000000,1,-0.862892566,-0.378580533,0.819832101,0.000000000,0.000000000,0.000327769,0.999999946,7
1782463479.723313093,21.888010263,6106,vicon_state_data,ball,1,0,3.055628065,-0.121197564,1.000461640,0.000000000,0.000000000,0.000000000,1.000000000,1,-0.862879937,-0.378584662,0.819824307,0.000000000,0.000000000,0.000354053,0.999999937,7
1782463479.726711035,21.891408205,6107,vicon_state_data,ball,1,0,3.054131407,-0.120144612,1.002625642,0.000000000,0.000000000,0.000000000,1.000000000,1,-0.862885302,-0.378599432,0.819833181,0.000000000,0.000000000,0.000281137,0.999999960,7
1782463479.730074406,21.894771576,6108,vicon_state_data,ball,1,0,3.053109268,-0.118951584,1.005287564,0.000000000,0.000000000,0.000000000,1.000000000,1,-0.862882155,-0.378621876,0.819839771,0.000000000,0.000000000,0.000227185,0.999999974,7
1782463479.733319521,21.898016691,6109,vicon_state_data,ball,1,0,3.051799656,-0.117711237,1.007331021,0.000000000,0.000000000,0.000000000,1.000000000,1,-0.862891392,-0.378649798,0.819839137,0.000000000,0.000000000,0.000181228,0.999999984,7
1782463479.736601591,21.901298761,6110,vicon_state_data,ball,1,0,3.050822949,-0.116338063,1.009591455,0.000000000,0.000000000,0.000000000,1.000000000,1,-0.862891373,-0.378672857,0.819849112,0.000000000,0.000000000,0.000186071,0.999999983,7
1782463479.739906073,21.904603243,6111,vicon_state_data,ball,1,0,3.049586142,-0.115029067,1.011624650,0.000000000,0.000000000,0.000000000,1.000000000,1,-0.862907587,-0.378762095,0.819857588,0.000000000,0.000000000,0.000100784,0.999999995,7
1782463479.743377924,21.908075094,6112,vicon_state_data,ball,1,0,3.048436283,-0.113764798,1.014009869,0.000000000,0.000000000,0.000000000,1.000000000,1,-0.862908590,-0.378797108,0.819859561,0.000000000,0.000000000,0.000031869,0.999999999,7
1782463479.746929407,21.911626577,6113,vicon_state_data,ball,1,0,3.047341574,-0.112429457,1.016265114,0.000000000,0.000000000,0.000000000,1.000000000,1,-0.862918918,-0.378841959,0.819867029,0.000000000,0.000000000,0.000016494,1.000000000,7
1782463479.750256300,21.914953470,6114,vicon_state_data,ball,1,0,3.046284343,-0.111042296,1.018661177,0.000000000,0.000000000,0.000000000,1.000000000,1,-0.862909636,-0.378877589,0.819878260,0.000000000,0.000000000,-0.000095582,0.999999995,7
1782463479.753329754,21.918026924,6115,vicon_state_data,ball,1,0,3.045202486,-0.109875368,1.020570705,0.000000000,0.000000000,0.000000000,1.000000000,1,-0.862920083,-0.378913015,0.819878089,0.000000000,0.000000000,-0.000191203,0.999999982,7
1782463479.756570816,21.921267986,6116,vicon_state_data,ball,1,0,3.043787549,-0.108917338,1.022618530,0.000000000,0.000000000,0.000000000,1.000000000,1,-0.862926175,-0.378879162,0.819884327,0.000000000,0.000000000,-0.000114330,0.999999993,7
1782463479.759962559,21.924659729,6117,vicon_state_data,ball,1,0,3.042740987,-0.107598454,1.024924403,0.000000000,0.000000000,0.000000000,1.000000000,1,-0.862934087,-0.378939476,0.819877672,0.000000000,0.000000000,-0.000173888,0.999999985,7
1782463479.763696194,21.928393364,6118,vicon_state_data,ball,1,0,3.041715268,-0.106362047,1.027002878,0.000000000,0.000000000,0.000000000,1.000000000,1,-0.862928844,-0.378996060,0.819860926,0.000000000,0.000000000,-0.000292345,0.999999957,7
1782463479.766921043,21.931618214,6119,vicon_state_data,ball,1,0,3.040594243,-0.105190978,1.029270838,0.000000000,0.000000000,0.000000000,1.000000000,1,-0.862941748,-0.379023500,0.819874458,0.000000000,0.000000000,-0.000267426,0.999999964,7
1782463479.770088673,21.934785843,6120,vicon_state_data,ball,1,0,3.039400466,-0.103996529,1.031762761,0.000000000,0.000000000,0.000000000,1.000000000,1,-0.862935392,-0.379063372,0.819860813,0.000000000,0.000000000,-0.000300165,0.999999955,7
1782463479.773264885,21.937962055,6121,vicon_state_data,ball,1,0,3.038422232,-0.102822659,1.033859736,0.000000000,0.000000000,0.000000000,1.000000000,1,-0.862936866,-0.379133484,0.819850534,0.000000000,0.000000000,-0.000400982,0.999999920,7
1782463479.776692629,21.941389799,6122,vicon_state_data,ball,1,0,3.037500312,-0.101536408,1.036146190,0.000000000,0.000000000,0.000000000,1.000000000,1,-0.862944814,-0.379156331,0.819868858,0.000000000,0.000000000,-0.000426438,0.999999909,7
1782463479.779979229,21.944676399,6123,vicon_state_data,ball,1,0,3.036544899,-0.102046216,1.038596113,0.000000000,0.000000000,0.000000000,1.000000000,1,-0.862953376,-0.379192511,0.819865385,0.000000000,0.000000000,-0.000451661,0.999999898,7
1782463479.783267021,21.947964191,6124,vicon_state_data,ball,1,0,3.035518065,-0.100976313,1.040945048,0.000000000,0.000000000,0.000000000,1.000000000,1,-0.862960073,-0.379228803,0.819873806,0.000000000,0.000000000,-0.000382252,0.999999927,7
1782463479.786843061,21.951540232,6125,vicon_state_data,ball,1,0,3.034304979,-0.098681106,1.043081998,0.000000000,0.000000000,0.000000000,1.000000000,1,-0.862961424,-0.379290148,0.819847237,0.000000000,0.000000000,-0.000455900,0.999999896,7
1782463479.790096045,21.954793215,6126,vicon_state_data,ball,1,0,3.033481102,-0.098884452,1.045749879,0.000000000,0.000000000,0.000000000,1.000000000,1,-0.862953269,-0.379300134,0.819857726,0.000000000,0.000000000,-0.000458068,0.999999895,7
1782463479.793400526,21.958097696,6127,vicon_state_data,ball,1,0,3.032428410,-0.097930201,1.048162571,0.000000000,0.000000000,0.000000000,1.000000000,1,-0.862964257,-0.379337581,0.819845604,0.000000000,0.000000000,-0.000515544,0.999999867,7
1782463479.796705008,21.961402178,6128,vicon_state_data,ball,1,0,3.031434971,-0.096885337,1.050625905,0.000000000,0.000000000,0.000000000,1.000000000,1,-0.862967956,-0.379410815,0.819855337,0.000000000,0.000000000,-0.000481529,0.999999884,7
1782463479.799953222,21.964650393,6129,vicon_state_data,ball,1,0,3.030481667,-0.095844189,1.053175738,0.000000000,0.000000000,0.000000000,1.000000000,1,-0.862970526,-0.379389116,0.819850214,0.000000000,0.000000000,-0.000455732,0.999999896,7
1782463479.803273678,21.967970848,6130,vicon_state_data,ball,1,0,3.029468832,-0.094903657,1.055729430,0.000000000,0.000000000,0.000000000,1.000000000,1,-0.862983530,-0.379345943,0.819853512,0.000000000,0.000000000,-0.000360484,0.999999935,7
1782463479.806555033,21.971252203,6131,vicon_state_data,ball,1,0,3.028478705,-0.094042935,1.058336969,0.000000000,0.000000000,0.000000000,1.000000000,1,-0.862984444,-0.379476289,0.819859193,0.000000000,0.000000000,-0.000587841,0.999999827,7
1782463479.810187578,21.974884748,6132,vicon_state_data,ball,1,0,3.027406549,-0.093266985,1.060984607,0.000000000,0.000000000,0.000000000,1.000000000,1,-0.862980708,-0.379515656,0.819873513,0.000000000,0.000000000,-0.000550792,0.999999848,7
1782463479.813271761,21.977968931,6133,vicon_state_data,ball,1,0,3.026440954,-0.092326991,1.063681926,0.000000000,0.000000000,0.000000000,1.000000000,1,-0.862981894,-0.379589278,0.819876385,0.000000000,0.000000000,-0.000645216,0.999999792,7
1782463479.816645622,21.981342793,6134,vicon_state_data,ball,1,0,3.025474977,-0.091481718,1.066431043,0.000000000,0.000000000,0.000000000,1.000000000,1,-0.863002953,-0.379516702,0.819888800,0.000000000,0.000000000,-0.000456509,0.999999896,7
1782463479.820191145,21.984888315,6135,vicon_state_data,ball,1,0,3.024457121,-0.090850673,1.069319908,0.000000000,0.000000000,0.000000000,1.000000000,1,-0.863000608,-0.379579644,0.819865631,0.000000000,0.000000000,-0.000669364,0.999999776,7
1782463479.823395252,21.988092422,6136,vicon_state_data,ball,1,0,3.023512255,-0.090151726,1.072203268,0.000000000,0.000000000,0.000000000,1.000000000,1,-0.862999958,-0.379594784,0.819889884,0.000000000,0.000000000,-0.000648607,0.999999790,7
1782463479.826840639,21.991537809,6137,vicon_state_data,ball,1,0,3.022555143,-0.089437757,1.075202259,0.000000000,0.000000000,0.000000000,1.000000000,1,-0.863002539,-0.379635815,0.819900625,0.000000000,0.000000000,-0.000619152,0.999999808,7
1782463479.829972506,21.994669676,6138,vicon_state_data,ball,1,0,3.021558339,-0.088809005,1.078187904,0.000000000,0.000000000,0.000000000,1.000000000,1,-0.863011333,-0.379673450,0.819921860,0.000000000,0.000000000,-0.000696776,0.999999757,7
1782463479.833350420,21.998047590,6139,vicon_state_data,ball,1,0,3.020553995,-0.088352220,1.081217375,0.000000000,0.000000000,0.000000000,1.000000000,1,-0.863011737,-0.379712068,0.819921379,0.000000000,0.000000000,-0.000698699,0.999999756,7
1782463479.836579084,22.001276255,6140,vicon_state_data,ball,1,0,3.019665467,-0.087695455,1.084356444,0.000000000,0.000000000,0.000000000,1.000000000,1,-0.863037991,-0.379734421,0.819937557,0.000000000,0.000000000,-0.000551816,0.999999848,7
1782463479.840040922,22.004738092,6141,vicon_state_data,ball,1,0,3.018707107,-0.087389904,1.087497912,0.000000000,0.000000000,0.000000000,1.000000000,1,-0.863061096,-0.379773290,0.819934530,0.000000000,0.000000000,-0.000442970,0.999999902,7
1782463479.843703032,22.008400202,6142,vicon_state_data,ball,1,0,3.017889056,-0.086760384,1.090703755,0.000000000,0.000000000,0.000000000,1.000000000,1,-0.863073256,-0.379752692,0.819954988,0.000000000,0.000000000,-0.000301832,0.999999954,7
1782463479.846832752,22.011529922,6143,vicon_state_data,ball,1,0,3.016992000,-0.086477542,1.093964604,0.000000000,0.000000000,0.000000000,1.000000000,1,-0.863107273,-0.379789870,0.819966507,0.000000000,0.000000000,-0.000033447,0.999999999,7
1782463479.849983215,22.014680386,6144,vicon_state_data,ball,1,0,3.016096604,-0.086167228,1.097212392,0.000000000,0.000000000,0.000000000,1.000000000,1,-0.863139088,-0.379758486,0.820004235,0.000000000,0.000000000,0.000292509,0.999999957,7
1782463479.853323221,22.018020391,6145,vicon_state_data,ball,1,0,3.015302968,-0.085864999,1.100494650,0.000000000,0.000000000,0.000000000,1.000000000,1,-0.863180285,-0.379752380,0.820033781,0.000000000,0.000000000,0.000694343,0.999999759,7
1782463479.856569529,22.021266699,6146,vicon_state_data,ball,1,0,3.014581641,-0.085504919,1.103886346,0.000000000,0.000000000,0.000000000,1.000000000,1,-0.863221252,-0.379735911,0.820077444,0.000000000,0.000000000,0.001087574,0.999999409,7
1782463479.860068321,22.024765491,6147,vicon_state_data,ball,1,0,3.013877673,-0.085312435,1.107281992,0.000000000,0.000000000,0.000000000,1.000000000,1,-0.863286786,-0.379711581,0.820110748,0.000000000,0.000000000,0.001633484,0.999998666,7
1782463479.863245726,22.027942896,6148,vicon_state_data,ball,1,0,3.013127852,-0.085202957,1.110623280,0.000000000,0.000000000,0.000000000,1.000000000,1,-0.863333183,-0.379686869,0.820154858,0.000000000,0.000000000,0.002073056,0.999997851,7
1782463479.866806269,22.031503439,6149,vicon_state_data,ball,1,0,3.012402009,-0.085148751,1.114002751,0.000000000,0.000000000,0.000000000,1.000000000,1,-0.863385256,-0.379667987,0.820179609,0.000000000,0.000000000,0.002602225,0.999996614,7
1782463479.870259762,22.034956932,6150,vicon_state_data,ball,1,0,3.011772617,-0.085072770,1.117380911,0.000000000,0.000000000,0.000000000,1.000000000,1,-0.863423741,-0.379656473,0.820193958,0.000000000,0.000000000,0.002855747,0.999995922,7
1782463479.873597622,22.038294792,6151,vicon_state_data,ball,1,0,3.011148560,-0.084979514,1.120681854,0.000000000,0.000000000,0.000000000,1.000000000,1,-0.863040027,-0.380188930,0.819920197,0.000000000,0.000000000,-0.001507170,0.999998864,7
1782463479.876872301,22.041569471,6152,vicon_state_data,ball,1,0,3.010617367,-0.085078732,1.124164119,0.000000000,0.000000000,0.000000000,1.000000000,1,-0.863050619,-0.380244138,0.819936685,0.000000000,0.000000000,-0.001497598,0.999998879,7
1782463479.880104542,22.044801712,6153,vicon_state_data,ball,1,0,3.010088315,-0.085161136,1.127512324,0.000000000,0.000000000,0.000000000,1.000000000,1,-0.863064838,-0.380216200,0.819951626,0.000000000,0.000000000,-0.001456320,0.999998940,7
1782463479.883246422,22.047943592,6154,vicon_state_data,ball,1,0,3.009526084,-0.085236125,1.130816737,0.000000000,0.000000000,0.000000000,1.000000000,1,-0.863061843,-0.380310671,0.819916169,0.000000000,0.000000000,-0.001683446,0.999998583,7
1782463479.886592627,22.051289797,6155,vicon_state_data,ball,1,0,3.009034417,-0.085381331,1.134149702,0.000000000,0.000000000,0.000000000,1.000000000,1,-0.863084482,-0.380321942,0.819965012,0.000000000,0.000000000,-0.001573952,0.999998761,7
1782463479.890394449,22.055091619,6156,vicon_state_data,ball,1,0,3.008534845,-0.085449871,1.137366205,0.000000000,0.000000000,0.000000000,1.000000000,1,-0.863099011,-0.380356456,0.819937945,0.000000000,0.000000000,-0.001589163,0.999998737,7
1782463479.893577814,22.058274984,6157,vicon_state_data,ball,1,0,3.007945726,-0.085716411,1.140546920,0.000000000,0.000000000,0.000000000,1.000000000,1,-0.863097799,-0.380428461,0.819925263,0.000000000,0.000000000,-0.001689229,0.999998573,7
1782463479.896744013,22.061441183,6158,vicon_state_data,ball,1,0,3.007441682,-0.085859817,1.143566023,0.000000000,0.000000000,0.000000000,1.000000000,1,-0.863112606,-0.380465907,0.819954019,0.000000000,0.000000000,-0.001603385,0.999998715,7
1782463479.900038719,22.064735889,6159,vicon_state_data,ball,1,0,3.006900632,-0.086190251,1.146697092,0.000000000,0.000000000,0.000000000,1.000000000,1,-0.863123360,-0.380511558,0.819928894,0.000000000,0.000000000,-0.001814773,0.999998353,7
1782463479.903276205,22.067973375,6160,vicon_state_data,ball,1,0,3.006386049,-0.086414946,1.149720429,0.000000000,0.000000000,0.000000000,1.000000000,1,-0.863122660,-0.380527796,0.819954555,0.000000000,0.000000000,-0.001716271,0.999998527,7
1782463479.906770468,22.071467638,6161,vicon_state_data,ball,1,0,3.005932374,-0.086737139,1.152774114,0.000000000,0.000000000,0.000000000,1.000000000,1,-0.863141902,-0.380544335,0.819963459,0.000000000,0.000000000,-0.001692446,0.999998568,7
1782463479.910111189,22.074808359,6162,vicon_state_data,ball,1,0,3.005358861,-0.087201124,1.155665652,0.000000000,0.000000000,0.000000000,1.000000000,1,-0.863150285,-0.380652590,0.819979430,0.000000000,0.000000000,-0.001788135,0.999998401,7
1782463479.913229227,22.077926397,6163,vicon_state_data,ball,1,0,3.004879704,-0.087578371,1.158571973,0.000000000,0.000000000,0.000000000,1.000000000,1,-0.863166267,-0.380669807,0.819977629,0.000000000,0.000000000,-0.001774562,0.999998425,7
1782463479.916576862,22.081274033,6164,vicon_state_data,ball,1,0,3.004339078,-0.088115531,1.161350042,0.000000000,0.000000000,0.000000000,1.000000000,1,-0.863155369,-0.380734716,0.819962937,0.000000000,0.000000000,-0.001899500,0.999998196,7
1782463479.919960737,22.084657907,6165,vicon_state_data,ball,1,0,3.003859676,-0.088578019,1.164051288,0.000000000,0.000000000,0.000000000,1.000000000,1,-0.863184819,-0.380746663,0.819968441,0.000000000,0.000000000,-0.001749986,0.999998469,7
1782463479.923483849,22.088181019,6166,vicon_state_data,ball,1,0,3.003373293,-0.089064058,1.166699808,0.000000000,0.000000000,0.000000000,1.000000000,1,-0.863187698,-0.380783171,0.819957925,0.000000000,0.000000000,-0.001819302,0.999998345,7
1782463479.926798582,22.091495752,6167,vicon_state_data,ball,1,0,3.002898513,-0.089603474,1.169247139,0.000000000,0.000000000,0.000000000,1.000000000,1,-0.863202357,-0.380776728,0.819984631,0.000000000,0.000000000,-0.001710617,0.999998537,7
1782463479.929919958,22.094617128,6168,vicon_state_data,ball,1,0,3.002496208,-0.090110287,1.171701204,0.000000000,0.000000000,0.000000000,1.000000000,1,-0.863223479,-0.380832932,0.819975007,0.000000000,0.000000000,-0.001620287,0.999998687,7
1782463479.933202267,22.097899437,6169,vicon_state_data,ball,1,0,3.001966634,-0.090784469,1.174122523,0.000000000,0.000000000,0.000000000,1.000000000,1,-0.863236691,-0.380885038,0.819974724,0.000000000,0.000000000,-0.001627485,0.999998676,7
1782463479.936700106,22.101397276,6170,vicon_state_data,ball,1,0,3.001554602,-0.091241107,1.176437669,0.000000000,0.000000000,0.000000000,1.000000000,1,-0.863247894,-0.380904957,0.819991070,0.000000000,0.000000000,-0.001602843,0.999998715,7
1782463479.939960241,22.104657412,6171,vicon_state_data,ball,1,0,3.001030231,-0.091903155,1.178619724,0.000000000,0.000000000,0.000000000,1.000000000,1,-0.863265122,-0.380881925,0.819975321,0.000000000,0.000000000,-0.001507079,0.999998864,7
1782463479.943252325,22.107949495,6172,vicon_state_data,ball,1,0,3.000546706,-0.092529078,1.180704548,0.000000000,0.000000000,0.000000000,1.000000000,1,-0.863275571,-0.381017265,0.820048319,0.000000000,0.000000000,-0.001867286,0.999998257,7
1782463479.947005033,22.111702204,6173,vicon_state_data,ball,1,0,3.000115944,-0.093051296,1.182668125,0.000000000,0.000000000,0.000000000,1.000000000,1,-0.863289246,-0.380974365,0.819993868,0.000000000,0.000000000,-0.001482842,0.999998901,7
1782463479.950239897,22.114937067,6174,vicon_state_data,ball,1,0,2.999588340,-0.093601138,1.184427190,0.000000000,0.000000000,0.000000000,1.000000000,1,-0.863307853,-0.381030461,0.819991930,0.000000000,0.000000000,-0.001482846,0.999998901,7
1782463479.953874588,22.118571758,6175,vicon_state_data,ball,1,0,2.999058159,-0.094296066,1.186151626,0.000000000,0.000000000,0.000000000,1.000000000,1,-0.863335157,-0.381058527,0.819999984,0.000000000,0.000000000,-0.001459741,0.999998935,7
1782463479.956836462,22.121533632,6176,vicon_state_data,ball,1,0,2.998625390,-0.094887858,1.187750170,0.000000000,0.000000000,0.000000000,1.000000000,1,-0.863337809,-0.381084529,0.819987360,0.000000000,0.000000000,-0.001458359,0.999998937,7
1782463479.960215330,22.124912500,6177,vicon_state_data,ball,1,0,2.998155559,-0.095512905,1.189237468,0.000000000,0.000000000,0.000000000,1.000000000,1,-0.863354507,-0.381084936,0.820012072,0.000000000,0.000000000,-0.001305020,0.999999148,7
1782463479.963397980,22.128095150,6178,vicon_state_data,ball,1,0,2.997699692,-0.095992074,1.190606472,0.000000000,0.000000000,0.000000000,1.000000000,1,-0.863332318,-0.381247490,0.819955334,0.000000000,0.000000000,-0.002104484,0.999997786,7
1782463479.966782808,22.131479979,6179,vicon_state_data,ball,1,0,2.997303839,-0.096507572,1.191778710,0.000000000,0.000000000,0.000000000,1.000000000,1,-0.863400839,-0.381241411,0.820027235,0.000000000,0.000000000,-0.001460388,0.999998934,7
1782463479.970576286,22.135273457,6180,vicon_state_data,ball,1,0,2.996858627,-0.097009550,1.192869113,0.000000000,0.000000000,0.000000000,1.000000000,1,-0.863409504,-0.381151239,0.820012270,0.000000000,0.000000000,-0.001151285,0.999999337,7
1782463479.973574400,22.138271570,6181,vicon_state_data,ball,1,0,2.996417503,-0.097579509,1.193904257,0.000000000,0.000000000,0.000000000,1.000000000,1,-0.863422453,-0.381161682,0.820003098,0.000000000,0.000000000,-0.001079366,0.999999417,7
1782463479.977183342,22.141880512,6182,vicon_state_data,ball,1,0,2.995989496,-0.098223733,1.194907956,0.000000000,0.000000000,0.000000000,1.000000000,1,-0.863418901,-0.381213960,0.819989588,0.000000000,0.000000000,-0.001259454,0.999999207,7
1782463479.980445862,22.145143032,6183,vicon_state_data,ball,1,0,2.995569210,-0.098862980,1.195820351,0.000000000,0.000000000,0.000000000,1.000000000,1,-0.863430444,-0.381281159,0.819986519,0.000000000,0.000000000,-0.001326762,0.999999120,7
1782463479.983504057,22.148201227,6184,vicon_state_data,ball,1,0,2.995086226,-0.099590091,1.196582204,0.000000000,0.000000000,0.000000000,1.000000000,1,-0.863444270,-0.381344415,0.820006389,0.000000000,0.000000000,-0.001388249,0.999999036,7
1782463479.986828804,22.151525974,6185,vicon_state_data,ball,1,0,2.994657658,-0.100307210,1.197266288,0.000000000,0.000000000,0.000000000,1.000000000,1,-0.863433514,-0.381463081,0.820054044,0.000000000,0.000000000,-0.001787013,0.999998403,7
1782463479.990173578,22.154870749,6186,vicon_state_data,ball,1,0,2.994205083,-0.100909637,1.197772477,0.000000000,0.000000000,0.000000000,1.000000000,1,-0.863491003,-0.381482696,0.820029584,0.000000000,0.000000000,-0.001578910,0.999998754,7
1782463479.993465424,22.158162594,6187,vicon_state_data,ball,1,0,2.994156799,-0.100673588,1.197826916,0.000000000,0.000000000,0.000000000,1.000000000,1,-0.863461900,-0.381482780,0.820067618,0.000000000,0.000000000,-0.001639735,0.999998656,7
1782463479.996731281,22.161428452,6188,vicon_state_data,ball,1,0,2.993668873,-0.101429588,1.198144175,0.000000000,0.000000000,0.000000000,1.000000000,1,-0.863447753,-0.381510867,0.819924568,0.000000000,0.000000000,-0.001757023,0.999998456,7
1782463479.999978781,22.164675951,6189,vicon_state_data,ball,1,0,2.992912044,-0.101511112,1.198793365,0.000000000,0.000000000,0.000000000,1.000000000,1,-0.863455149,-0.381581218,0.819950696,0.000000000,0.000000000,-0.001876457,0.999998239,7
1782463480.003540516,22.168237686,6190,vicon_state_data,ball,1,0,2.992810410,-0.102683296,1.198500289,0.000000000,0.000000000,0.000000000,1.000000000,1,-0.863487516,-0.381610530,0.820026201,0.000000000,0.000000000,-0.001854365,0.999998281,7
1782463480.007008791,22.171705961,6191,vicon_state_data,ball,1,0,2.992336025,-0.103372182,1.198471227,0.000000000,0.000000000,0.000000000,1.000000000,1,-0.863473903,-0.381752891,0.819919397,0.000000000,0.000000000,-0.002007306,0.999997985,7
1782463480.010479450,22.175176620,6192,vicon_state_data,ball,1,0,2.991919276,-0.103944615,1.198401107,0.000000000,0.000000000,0.000000000,1.000000000,1,-0.863478132,-0.381860739,0.819978294,0.000000000,0.000000000,-0.002495800,0.999996885,7
1782463480.013617516,22.178314686,6193,vicon_state_data,ball,1,0,2.991438038,-0.104713890,1.198147042,0.000000000,0.000000000,0.000000000,1.000000000,1,-0.863493629,-0.381753781,0.819922744,0.000000000,0.000000000,-0.002055500,0.999997887,7
1782463480.016732454,22.181429625,6194,vicon_state_data,ball,1,0,2.991042645,-0.105206740,1.197909013,0.000000000,0.000000000,0.000000000,1.000000000,1,-0.863516345,-0.381786822,0.819934973,0.000000000,0.000000000,-0.001920659,0.999998156,7
1782463480.020050526,22.184747696,6195,vicon_state_data,ball,1,0,2.990592027,-0.105938058,1.197479703,0.000000000,0.000000000,0.000000000,1.000000000,1,-0.863541703,-0.381821835,0.820005563,0.000000000,0.000000000,-0.001972779,0.999998054,7
1782463480.023454428,22.188151598,6196,vicon_state_data,ball,1,0,2.990141698,-0.106604848,1.196944395,0.000000000,0.000000000,0.000000000,1.000000000,1,-0.863535245,-0.381932879,0.819961255,0.000000000,0.000000000,-0.002283454,0.999997393,7
1782463480.027100563,22.191797733,6197,vicon_state_data,ball,1,0,2.989614277,-0.107344390,1.196290834,0.000000000,0.000000000,0.000000000,1.000000000,1,-0.863584648,-0.381833116,0.819999738,0.000000000,0.000000000,-0.001680196,0.999998588,7
1782463480.030221224,22.194918394,6198,vicon_state_data,ball,1,0,2.989204999,-0.107915748,1.195565140,0.000000000,0.000000000,0.000000000,1.000000000,1,-0.863597753,-0.381896053,0.820034738,0.000000000,0.000000000,-0.001755666,0.999998459,7
1782463480.033455133,22.198152304,6199,vicon_state_data,ball,1,0,2.988743521,-0.108629092,1.194718638,0.000000000,0.000000000,0.000000000,1.000000000,1,-0.863626455,-0.381643486,0.820002696,0.000000000,0.000000000,-0.001293832,0.999999163,7
1782463480.036580563,22.201277733,6200,vicon_state_data,ball,1,0,2.988279606,-0.109263314,1.193785894,0.000000000,0.000000000,0.000000000,1.000000000,1,-0.863767719,-0.381593860,0.820202252,0.000000000,0.000000000,0.000114457,0.999999993,7
1782463480.040029764,22.204726934,6201,vicon_state_data,ball,1,0,2.987824537,-0.109942180,1.192705591,0.000000000,0.000000000,0.000000000,1.000000000,1,-0.863808437,-0.381605213,0.820200380,0.000000000,0.000000000,0.000280070,0.999999961,7
1782463480.043786526,22.208483696,6202,vicon_state_data,ball,1,0,2.987402241,-0.110579348,1.191544209,0.000000000,0.000000000,0.000000000,1.000000000,1,-0.863818623,-0.381613317,0.820218849,0.000000000,0.000000000,0.000211172,0.999999978,7
1782463480.047111988,22.211809158,6203,vicon_state_data,ball,1,0,2.986860435,-0.111439533,1.190226888,0.000000000,0.000000000,0.000000000,1.000000000,1,-0.863807569,-0.381790255,0.820124681,0.000000000,0.000000000,-0.000710831,0.999999747,7
1782463480.050117731,22.214814901,6204,vicon_state_data,ball,1,0,2.986460693,-0.111850923,1.188897105,0.000000000,0.000000000,0.000000000,1.000000000,1,-0.864020475,-0.381490923,0.820362653,0.000000000,0.000000000,0.001616754,0.999998693,7
1782463480.053293467,22.217990637,6205,vicon_state_data,ball,1,0,2.986004931,-0.112529488,1.187384800,0.000000000,0.000000000,0.000000000,1.000000000,1,-0.864136026,-0.381492458,0.820452181,0.000000000,0.000000000,0.002172315,0.999997641,7
1782463480.056631088,22.221328259,6206,vicon_state_data,ball,1,0,2.985518056,-0.113223462,1.185810649,0.000000000,0.000000000,0.000000000,1.000000000,1,-0.864230998,-0.381471348,0.820563169,0.000000000,0.000000000,0.002881421,0.999995849,7
1782463480.060144663,22.224841833,6207,vicon_state_data,ball,1,0,2.985005017,-0.114027285,1.184021396,0.000000000,0.000000000,0.000000000,1.000000000,1,-0.863934899,-0.381862581,0.820647420,0.000000000,0.000000000,0.001324069,0.999999123,7
1782463480.063517332,22.228214502,6208,vicon_state_data,ball,1,0,2.984582673,-0.114541509,1.182196181,0.000000000,0.000000000,0.000000000,1.000000000,1,-0.864030416,-0.381816581,0.820723626,0.000000000,0.000000000,0.001919181,0.999998158,7
1782463480.066987276,22.231684446,6209,vicon_state_data,ball,1,0,2.984096236,-0.115272427,1.180253893,0.000000000,0.000000000,0.000000000,1.000000000,1,-0.864118808,-0.381771147,0.820770210,0.000000000,0.000000000,0.002491905,0.999996895,7
1782463480.070295811,22.234992981,6210,vicon_state_data,ball,1,0,2.983603422,-0.115896859,1.178208814,0.000000000,0.000000000,0.000000000,1.000000000,1,-0.863819937,-0.382031734,0.820195848,0.000000000,0.000000000,-0.000825848,0.999999659,7
1782463480.073656559,22.238353729,6211,vicon_state_data,ball,1,0,2.983081499,-0.116649901,1.176023327,0.000000000,0.000000000,0.000000000,1.000000000,1,-0.864271722,-0.381668585,0.820931154,0.000000000,0.000000000,0.003618060,0.999993455,7
1782463480.077057838,22.241755009,6212,vicon_state_data,ball,1,0,2.982463441,-0.117271384,1.173741190,0.000000000,0.000000000,0.000000000,1.000000000,1,-0.863939821,-0.381991917,0.820238638,0.000000000,0.000000000,-0.000250285,0.999999969,7
1782463480.080088854,22.244786024,6213,vicon_state_data,ball,1,0,2.970924444,-0.117268528,1.169342080,0.000000000,0.000000000,0.000000000,1.000000000,1,-0.863242904,-0.383136320,0.819713124,0.000000000,0.000000000,-0.005503870,0.999984854,7
1782463480.083463430,22.248160601,6214,vicon_state_data,ball,1,0,2.958183839,-0.117882005,1.164740802,0.000000000,0.000000000,0.000000000,1.000000000,1,-0.863281225,-0.382990439,0.819604673,0.000000000,0.000000000,-0.006090892,0.999981450,7
1782463480.086790085,22.251487255,6215,vicon_state_data,ball,1,0,2.945527158,-0.118650845,1.160330107,0.000000000,0.000000000,0.000000000,1.000000000,1,-0.863089739,-0.383449690,0.819644066,0.000000000,0.000000000,-0.007731836,0.999970109,7
1782463480.090412378,22.255109549,6216,vicon_state_data,ball,1,0,2.933025081,-0.119063898,1.155717911,0.000000000,0.000000000,0.000000000,1.000000000,1,-0.863268650,-0.383156554,0.819567055,0.000000000,0.000000000,-0.006516968,0.999978764,7
1782463480.094141722,22.258838892,6217,vicon_state_data,ball,1,0,2.920379367,-0.119694813,1.150891972,0.000000000,0.000000000,0.000000000,1.000000000,1,-0.864295784,-0.381749612,0.820410821,0.000000000,0.000000000,0.001316865,0.999999133,7
1782463480.096969128,22.261666298,6218,vicon_state_data,ball,1,0,2.907870372,-0.120212207,1.145847684,0.000000000,0.000000000,0.000000000,1.000000000,1,-0.863174327,-0.384369929,0.820453979,0.000000000,0.000000000,0.000000000,1.000000000,7
1782463480.100415707,22.265112877,6219,vicon_state_data,ball,1,0,2.895318699,-0.120540685,1.140408204,0.000000000,0.000000000,0.000000000,1.000000000,1,-0.863446217,-0.383412420,0.819624940,0.000000000,0.000000000,-0.003045963,0.999995361,7
1782463480.103415489,22.268112659,6220,vicon_state_data,ball,1,0,2.882545939,-0.120700877,1.134736653,0.000000000,0.000000000,0.000000000,1.000000000,1,-0.863451219,-0.383667416,0.819849928,0.000000000,0.000000000,-0.006790006,0.999976948,7
1782463480.107039452,22.271736622,6221,vicon_state_data,ball,1,0,2.869629365,-0.121056363,1.129211501,0.000000000,0.000000000,0.000000000,1.000000000,1,-0.863590994,-0.383271466,0.819838145,0.000000000,0.000000000,-0.005279832,0.999986062,7
1782463480.110468388,22.275165558,6222,vicon_state_data,ball,1,0,2.856704861,-0.121641024,1.123670009,0.000000000,0.000000000,0.000000000,1.000000000,1,-0.863323360,-0.383413817,0.819540170,0.000000000,0.000000000,-0.007040103,0.999975218,7
1782463480.113636494,22.278333664,6223,vicon_state_data,ball,1,0,2.843708065,-0.121949514,1.118096874,0.000000000,0.000000000,0.000000000,1.000000000,1,-0.863619966,-0.383401999,0.819895030,0.000000000,0.000000000,-0.005309762,0.999985903,7
1782463480.116851091,22.281548262,6224,vicon_state_data,ball,1,0,2.830672624,-0.122516199,1.112777715,0.000000000,0.000000000,0.000000000,1.000000000,1,-0.863174327,-0.384369929,0.820453979,0.000000000,0.000000000,0.000000000,1.000000000,7
1782463480.119881630,22.284578800,6225,vicon_state_data,ball,1,0,2.817811785,-0.122930375,1.107330780,0.000000000,0.000000000,0.000000000,1.000000000,1,-0.863174327,-0.384369929,0.820453979,0.000000000,0.000000000,0.000000000,1.000000000,7
1782463480.123252630,22.287949800,6226,vicon_state_data,ball,1,0,2.805042874,-0.123143915,1.101872680,0.000000000,0.000000000,0.000000000,1.000000000,1,-0.863174327,-0.384369929,0.820453979,0.000000000,0.000000000,0.000000000,1.000000000,7
1782463480.126633167,22.291330338,6227,vicon_state_data,ball,1,0,2.792344349,-0.123321616,1.096146566,0.000000000,0.000000000,0.000000000,1.000000000,1,-0.863174327,-0.384369929,0.820453979,0.000000000,0.000000000,0.000000000,1.000000000,7
1782463480.129986048,22.294683218,6228,vicon_state_data,ball,1,0,2.779631185,-0.123391419,1.090131219,0.000000000,0.000000000,0.000000000,1.000000000,1,-0.863174327,-0.384369929,0.820453979,0.000000000,0.000000000,0.000000000,1.000000000,7
1782463480.133220434,22.297917604,6229,vicon_state_data,ball,1,0,2.766825398,-0.123466098,1.083898596,0.000000000,0.000000000,0.000000000,1.000000000,1,-0.863174327,-0.384369929,0.820453979,0.000000000,0.000000000,0.000000000,1.000000000,7
1782463480.136617184,22.301314354,6230,vicon_state_data,ball,1,0,2.754027143,-0.123505776,1.077678555,0.000000000,0.000000000,0.000000000,1.000000000,1,-0.863174327,-0.384369929,0.820453979,0.000000000,0.000000000,0.000000000,1.000000000,7
1782463480.139905214,22.304602385,6231,vicon_state_data,ball,1,0,2.741568848,-0.123649565,1.071570235,0.000000000,0.000000000,0.000000000,1.000000000,1,-0.863174327,-0.384369929,0.820453979,0.000000000,0.000000000,0.000000000,1.000000000,7
1782463480.143289089,22.307986259,6232,vicon_state_data,ball,1,0,2.728966768,-0.124396687,1.065539579,0.000000000,0.000000000,0.000000000,1.000000000,1,-0.863174327,-0.384369929,0.820453979,0.000000000,0.000000000,0.000000000,1.000000000,7
1782463480.146631002,22.311328173,6233,vicon_state_data,ball,1,0,2.716247020,-0.124250794,1.059060211,0.000000000,0.000000000,0.000000000,1.000000000,1,-0.863174327,-0.384369929,0.820453979,0.000000000,0.000000000,0.000000000,1.000000000,7
1782463480.149859667,22.314556837,6234,vicon_state_data,ball,1,0,2.703777681,-0.124904849,1.052536811,0.000000000,0.000000000,0.000000000,1.000000000,1,-0.863174327,-0.384369929,0.820453979,0.000000000,0.000000000,0.000000000,1.000000000,7
1782463480.153238058,22.317935228,6235,vicon_state_data,ball,1,0,2.691387597,-0.125518869,1.045936545,0.000000000,0.000000000,0.000000000,1.000000000,1,-0.863174327,-0.384369929,0.820453979,0.000000000,0.000000000,0.000000000,1.000000000,7
1782463480.156489372,22.321186543,6236,vicon_state_data,ball,1,0,2.679111075,-0.125889570,1.038655261,0.000000000,0.000000000,0.000000000,1.000000000,1,-0.863174327,-0.384369929,0.820453979,0.000000000,0.000000000,0.000000000,1.000000000,7
1782463480.159857988,22.324555159,6237,vicon_state_data,ball,1,0,2.666370419,-0.126055315,1.031378811,0.000000000,0.000000000,0.000000000,1.000000000,1,-0.863174327,-0.384369929,0.820453979,0.000000000,0.000000000,0.000000000,1.000000000,7
1782463480.163435459,22.328132629,6238,vicon_state_data,ball,1,0,2.653545981,-0.126377800,1.024232769,0.000000000,0.000000000,0.000000000,1.000000000,1,-0.863174327,-0.384369929,0.820453979,0.000000000,0.000000000,0.000000000,1.000000000,7
1782463480.166643620,22.331340790,6239,vicon_state_data,ball,1,0,2.640853650,-0.126829540,1.017214089,0.000000000,0.000000000,0.000000000,1.000000000,1,-0.863174327,-0.384369929,0.820453979,0.000000000,0.000000000,0.000000000,1.000000000,7
1782463480.169943810,22.334640980,6240,vicon_state_data,ball,1,0,2.627972207,-0.127123815,1.010310937,0.000000000,0.000000000,0.000000000,1.000000000,1,-0.863174327,-0.384369929,0.820453979,0.000000000,0.000000000,0.000000000,1.000000000,7
1782463480.173157454,22.337854624,6241,vicon_state_data,ball,1,0,2.614599247,-0.127898528,1.004255407,0.000000000,0.000000000,0.000000000,1.000000000,1,-0.863174327,-0.384369929,0.820453979,0.000000000,0.000000000,0.000000000,1.000000000,7
1782463480.176628113,22.341325283,6242,vicon_state_data,ball,1,0,2.602012164,-0.127899102,0.997135129,0.000000000,0.000000000,0.000000000,1.000000000,1,-0.863174327,-0.384369929,0.820453979,0.000000000,0.000000000,0.000000000,1.000000000,7
1782463480.179969311,22.344666481,6243,vicon_state_data,ball,1,0,2.589637529,-0.127995585,0.989974048,0.000000000,0.000000000,0.000000000,1.000000000,1,-0.863174327,-0.384369929,0.820453979,0.000000000,0.000000000,0.000000000,1.000000000,7
1782463480.183490038,22.348187208,6244,vicon_state_data,ball,1,0,2.577565729,-0.128528673,0.982160263,0.000000000,0.000000000,0.000000000,1.000000000,1,-0.863815633,-0.384812672,0.819961749,0.000000000,0.000000000,-0.005416009,0.999985333,7
1782463480.186639309,22.351336479,6245,vicon_state_data,ball,1,0,2.564831304,-0.128317298,0.974530788,0.000000000,0.000000000,0.000000000,1.000000000,1,-0.863824090,-0.384884931,0.819930554,0.000000000,0.000000000,-0.005474393,0.999985015,7
1782463480.189925909,22.354623079,6246,vicon_state_data,ball,1,0,2.552008773,-0.128044656,0.967088419,0.000000000,0.000000000,0.000000000,1.000000000,1,-0.863833274,-0.384924378,0.819934576,0.000000000,0.000000000,-0.005490268,0.999984928,7
1782463480.193356514,22.358053684,6247,vicon_state_data,ball,1,0,2.539208925,-0.127985731,0.959568662,0.000000000,0.000000000,0.000000000,1.000000000,1,-0.863892231,-0.385005280,0.820016020,0.000000000,0.000000000,-0.005392453,0.999985461,7
1782463480.196632147,22.361329317,6248,vicon_state_data,ball,1,0,2.526977665,-0.128152238,0.951827384,0.000000000,0.000000000,0.000000000,1.000000000,1,-0.863900049,-0.385041665,0.820048559,0.000000000,0.000000000,-0.005484181,0.999984962,7
1782463480.199921131,22.364618301,6249,vicon_state_data,ball,1,0,2.514796905,-0.128136371,0.943766268,0.000000000,0.000000000,0.000000000,1.000000000,1,-0.863858015,-0.385108490,0.819938020,0.000000000,0.000000000,-0.005655726,0.999984006,7
1782463480.203326464,22.368023634,6250,vicon_state_data,ball,1,0,2.502452047,-0.128107725,0.935787288,0.000000000,0.000000000,0.000000000,1.000000000,1,-0.863929254,-0.385138912,0.820026826,0.000000000,0.000000000,-0.005369805,0.999985582,7
1782463480.206653357,22.371350527,6251,vicon_state_data,ball,1,0,2.490636463,-0.128482804,0.927707103,0.000000000,0.000000000,0.000000000,1.000000000,1,-0.863869141,-0.385212035,0.819925342,0.000000000,0.000000000,-0.005875048,0.999982742,7
1782463480.210041761,22.374738932,6252,vicon_state_data,ball,1,0,2.478386687,-0.128437003,0.919474940,0.000000000,0.000000000,0.000000000,1.000000000,1,-0.863881338,-0.385291695,0.819922257,0.000000000,0.000000000,-0.005837168,0.999982964,7
1782463480.213290930,22.377988100,6253,vicon_state_data,ball,1,0,2.466665575,-0.128514706,0.909636659,0.000000000,0.000000000,0.000000000,1.000000000,1,-0.863949549,-0.385368818,0.820018558,0.000000000,0.000000000,-0.005768154,0.999983364,7
1782463480.217069626,22.381766796,6254,vicon_state_data,ball,1,0,2.453775103,-0.129334900,0.901576354,0.000000000,0.000000000,0.000000000,1.000000000,1,-0.863934874,-0.385256010,0.819955872,0.000000000,0.000000000,-0.005970882,0.999982174,7
1782463480.220096111,22.384793282,6255,vicon_state_data,ball,1,0,2.441248614,-0.129407203,0.892956157,0.000000000,0.000000000,0.000000000,1.000000000,1,-0.863966556,-0.385428605,0.819982364,0.000000000,0.000000000,-0.005876610,0.999982733,7
1782463480.223374367,22.388071537,6256,vicon_state_data,ball,1,0,2.428912352,-0.129763302,0.884481724,0.000000000,0.000000000,0.000000000,1.000000000,1,-0.863940764,-0.385366129,0.819922656,0.000000000,0.000000000,-0.006077739,0.999981530,7
1782463480.226917982,22.391615152,6257,vicon_state_data,ball,1,0,2.416152804,-0.129928611,0.876013235,0.000000000,0.000000000,0.000000000,1.000000000,1,-0.863743099,-0.385710799,0.819987102,0.000000000,0.000000000,-0.008502802,0.999963851,7
1782463480.230271816,22.394968987,6258,vicon_state_data,ball,1,0,2.403364158,-0.130011685,0.867721999,0.000000000,0.000000000,0.000000000,1.000000000,1,-0.864023278,-0.385518669,0.819981540,0.000000000,0.000000000,-0.005781770,0.999983285,7
1782463480.234180689,22.398877859,6259,vicon_state_data,ball,1,0,2.390669800,-0.130388042,0.859967074,0.000000000,0.000000000,0.000000000,1.000000000,1,-0.864015012,-0.385560203,0.819949032,0.000000000,0.000000000,-0.005828925,0.999983012,7
1782463480.236936331,22.401633501,6260,vicon_state_data,ball,1,0,2.378388866,-0.130580283,0.851205932,0.000000000,0.000000000,0.000000000,1.000000000,1,-0.864044713,-0.385541922,0.819988944,0.000000000,0.000000000,-0.006039964,0.999981759,7
1782463480.240220070,22.404917240,6261,vicon_state_data,ball,1,0,2.366675777,-0.130530211,0.841854407,0.000000000,0.000000000,0.000000000,1.000000000,1,-0.864040387,-0.385659120,0.819938835,0.000000000,0.000000000,-0.005946271,0.999982321,7
1782463480.243604183,22.408301353,6262,vicon_state_data,ball,1,0,2.354100058,-0.130015631,0.833020413,0.000000000,0.000000000,0.000000000,1.000000000,1,-0.864058829,-0.385762178,0.819940303,0.000000000,0.000000000,-0.006139017,0.999981156,7
1782463480.247040987,22.411738157,6263,vicon_state_data,ball,1,0,2.341711606,-0.129849179,0.823907851,0.000000000,0.000000000,0.000000000,1.000000000,1,-0.864060457,-0.385667204,0.819924451,0.000000000,0.000000000,-0.006044917,0.999981729,7
1782463480.250046968,22.414744139,6264,vicon_state_data,ball,1,0,2.328987428,-0.129564503,0.815343538,0.000000000,0.000000000,0.000000000,1.000000000,1,-0.864106071,-0.385742862,0.819944897,0.000000000,0.000000000,-0.006023866,0.999981856,7
1782463480.253344536,22.418041706,6265,vicon_state_data,ball,1,0,2.316826753,-0.129798330,0.806133997,0.000000000,0.000000000,0.000000000,1.000000000,1,-0.864263296,-0.385849395,0.820363469,0.000000000,0.000000000,-0.005887773,0.999982667,7
1782463480.256776810,22.421473980,6266,vicon_state_data,ball,1,0,2.304776393,-0.129688467,0.796514594,0.000000000,0.000000000,0.000000000,1.000000000,1,-0.864327490,-0.385730912,0.820105063,0.000000000,0.000000000,-0.004930352,0.999987846,7
1782463480.260101318,22.424798489,6267,vicon_state_data,ball,1,0,2.292390826,-0.130177006,0.787064119,0.000000000,0.000000000,0.000000000,1.000000000,1,-0.864286493,-0.385776786,0.820042596,0.000000000,0.000000000,-0.005120304,0.999986891,7
1782463480.263391018,22.428088188,6268,vicon_state_data,ball,1,0,2.281097956,-0.130549655,0.777590843,0.000000000,0.000000000,0.000000000,1.000000000,1,-0.864187270,-0.385951099,0.819974203,0.000000000,0.000000000,-0.006093023,0.999981437,7
1782463480.266688347,22.431385517,6269,vicon_state_data,ball,1,0,2.268863776,-0.130626667,0.767722664,0.000000000,0.000000000,0.000000000,1.000000000,1,-0.864392207,-0.385846719,0.820149456,0.000000000,0.000000000,-0.004830186,0.999988335,7
1782463480.270177364,22.434874535,6270,vicon_state_data,ball,1,0,2.257158099,-0.130849703,0.757326897,0.000000000,0.000000000,0.000000000,1.000000000,1,-0.864232084,-0.385954973,0.819980442,0.000000000,0.000000000,-0.005921462,0.999982468,7
1782463480.273375273,22.438072443,6271,vicon_state_data,ball,1,0,2.246005808,-0.130898830,0.760908720,0.000000000,0.000000000,0.000000000,1.000000000,1,-0.864228734,-0.386011956,0.819955388,0.000000000,0.000000000,-0.006007159,0.999981957,7
1782463480.276859283,22.441556454,6272,vicon_state_data,ball,1,0,2.235447928,-0.130539207,0.769258016,0.000000000,0.000000000,0.000000000,1.000000000,1,-0.864406851,-0.386152540,0.820462468,0.000000000,0.000000000,-0.005738686,0.999983534,7
1782463480.280096054,22.444793224,6273,vicon_state_data,ball,1,0,2.224934577,-0.130625627,0.777410126,0.000000000,0.000000000,0.000000000,1.000000000,1,-0.864422444,-0.386226443,0.820506422,0.000000000,0.000000000,-0.005815220,0.999983091,7
1782463480.283317089,22.448014259,6274,vicon_state_data,ball,1,0,2.214501396,-0.130735829,0.785770750,0.000000000,0.000000000,0.000000000,1.000000000,1,-0.864488477,-0.386090987,0.820211283,0.000000000,0.000000000,-0.004912387,0.999987934,7
1782463480.286617517,22.451314688,6275,vicon_state_data,ball,1,0,2.203954281,-0.130799471,0.794207104,0.000000000,0.000000000,0.000000000,1.000000000,1,-0.864470740,-0.386326199,0.820555435,0.000000000,0.000000000,-0.005805449,0.999983148,7
1782463480.290009499,22.454706669,6276,vicon_state_data,ball,1,0,2.193340437,-0.130746814,0.802445249,0.000000000,0.000000000,0.000000000,1.000000000,1,-0.864437806,-0.386189209,0.820101285,0.000000000,0.000000000,-0.005349753,0.999985690,7
1782463480.293504238,22.458201408,6277,vicon_state_data,ball,1,0,2.182851399,-0.130415810,0.810681928,0.000000000,0.000000000,0.000000000,1.000000000,1,-0.864523804,-0.386197694,0.820207122,0.000000000,0.000000000,-0.005004712,0.999987476,7
1782463480.296889782,22.461586952,6278,vicon_state_data,ball,1,0,2.172388070,-0.130471855,0.818721556,0.000000000,0.000000000,0.000000000,1.000000000,1,-0.864453293,-0.386463881,0.820503670,0.000000000,0.000000000,-0.006322865,0.999980010,7
1782463480.300103426,22.464800596,6279,vicon_state_data,ball,1,0,2.162123205,-0.130141051,0.826772552,0.000000000,0.000000000,0.000000000,1.000000000,1,-0.864492452,-0.386580559,0.820514055,0.000000000,0.000000000,-0.006161902,0.999981015,7
1782463480.303293705,22.467990875,6280,vicon_state_data,ball,1,0,2.151661952,-0.130386559,0.835049593,0.000000000,0.000000000,0.000000000,1.000000000,1,-0.864527453,-0.386513317,0.820527653,0.000000000,0.000000000,-0.006084117,0.999981492,7
1782463480.306690216,22.471387386,6281,vicon_state_data,ball,1,0,2.141697165,-0.129803288,0.842303214,0.000000000,0.000000000,0.000000000,1.000000000,1,-0.864535574,-0.386544422,0.820543468,0.000000000,0.000000000,-0.006055462,0.999981666,7
1782463480.310108662,22.474805832,6282,vicon_state_data,ball,1,0,2.131533340,-0.129702091,0.849839633,0.000000000,0.000000000,0.000000000,1.000000000,1,-0.864530351,-0.386574469,0.820515868,0.000000000,0.000000000,-0.006147395,0.999981105,7
1782463480.313319445,22.478016615,6283,vicon_state_data,ball,1,0,2.121305711,-0.129402577,0.857307137,0.000000000,0.000000000,0.000000000,1.000000000,1,-0.864433206,-0.386767113,0.820395663,0.000000000,0.000000000,-0.007031175,0.999975281,7
1782463480.316623449,22.481320620,6284,vicon_state_data,ball,1,0,2.111157575,-0.129654975,0.864521037,0.000000000,0.000000000,0.000000000,1.000000000,1,-0.864604110,-0.386740345,0.820579884,0.000000000,0.000000000,-0.006064733,0.999981609,7
1782463480.320028067,22.484725237,6285,vicon_state_data,ball,1,0,2.100875190,-0.129150902,0.871091222,0.000000000,0.000000000,0.000000000,1.000000000,1,-0.864534751,-0.386850087,0.820481845,0.000000000,0.000000000,-0.006650360,0.999977886,7
1782463480.323378801,22.488075972,6286,vicon_state_data,ball,1,0,2.090703315,-0.128941833,0.878307422,0.000000000,0.000000000,0.000000000,1.000000000,1,-0.864541603,-0.386862013,0.820485785,0.000000000,0.000000000,-0.006676789,0.999977710,7
1782463480.326866388,22.491563559,6287,vicon_state_data,ball,1,0,2.080248404,-0.128232888,0.885185938,0.000000000,0.000000000,0.000000000,1.000000000,1,-0.864536724,-0.386896755,0.820483269,0.000000000,0.000000000,-0.006738457,0.999977296,7
1782463480.329998732,22.494695902,6288,vicon_state_data,ball,1,0,2.070323465,-0.128095057,0.891476067,0.000000000,0.000000000,0.000000000,1.000000000,1,-0.864598016,-0.386907223,0.820501644,0.000000000,0.000000000,-0.006496972,0.999978894,7
1782463480.333503962,22.498201132,6289,vicon_state_data,ball,1,0,2.060073056,-0.128345564,0.897889006,0.000000000,0.000000000,0.000000000,1.000000000,1,-0.864575965,-0.386814322,0.820140384,0.000000000,0.000000000,-0.006128474,0.999981221,7
1782463480.336774588,22.501471758,6290,vicon_state_data,ball,1,0,2.050089447,-0.128563697,0.904475263,0.000000000,0.000000000,0.000000000,1.000000000,1,-0.864567271,-0.387017654,0.820439226,0.000000000,0.000000000,-0.006855879,0.999976498,7
1782463480.340712309,22.505409479,6291,vicon_state_data,ball,1,0,2.039897877,-0.128770111,0.910825788,0.000000000,0.000000000,0.000000000,1.000000000,1,-0.864549778,-0.386952790,0.820128101,0.000000000,0.000000000,-0.006358905,0.999979782,7
1782463480.343650103,22.508347273,6292,vicon_state_data,ball,1,0,2.030203692,-0.128948027,0.916924040,0.000000000,0.000000000,0.000000000,1.000000000,1,-0.864563166,-0.387097191,0.820360534,0.000000000,0.000000000,-0.007082842,0.999974916,7
1782463480.346784592,22.511481762,6293,vicon_state_data,ball,1,0,2.020360870,-0.128849359,0.922733920,0.000000000,0.000000000,0.000000000,1.000000000,1,-0.864290435,-0.387368609,0.820063457,0.000000000,0.000000000,-0.009285309,0.999956891,7
1782463480.349982500,22.514679670,6294,vicon_state_data,ball,1,0,2.010259379,-0.128194017,0.928346053,0.000000000,0.000000000,0.000000000,1.000000000,1,-0.864318045,-0.387357741,0.820014726,0.000000000,0.000000000,-0.009110865,0.999958495,7
1782463480.353372812,22.518069983,6295,vicon_state_data,ball,1,0,2.000704060,-0.128831689,0.933724063,0.000000000,0.000000000,0.000000000,1.000000000,1,-0.864349994,-0.387360963,0.820047616,0.000000000,0.000000000,-0.009053015,0.999959021,7
1782463480.356855869,22.521553040,6296,vicon_state_data,ball,1,0,1.990551463,-0.128617868,0.939296519,0.000000000,0.000000000,0.000000000,1.000000000,1,-0.864681689,-0.387228201,0.820494241,0.000000000,0.000000000,-0.006780510,0.999977012,7
1782463480.360066652,22.524763823,6297,vicon_state_data,ball,1,0,1.980435316,-0.128169306,0.944933530,0.000000000,0.000000000,0.000000000,1.000000000,1,-0.864731346,-0.387254367,0.820470639,0.000000000,0.000000000,-0.006685052,0.999977655,7
1782463480.363603354,22.528300524,6298,vicon_state_data,ball,1,0,1.970313242,-0.128257021,0.950402214,0.000000000,0.000000000,0.000000000,1.000000000,1,-0.864739660,-0.387341491,0.820520168,0.000000000,0.000000000,-0.006745130,0.999977251,7
1782463480.367151260,22.531848431,6299,vicon_state_data,ball,1,0,1.960142012,-0.128302116,0.955625648,0.000000000,0.000000000,0.000000000,1.000000000,1,-0.864737206,-0.387379695,0.820480761,0.000000000,0.000000000,-0.006854277,0.999976509,7
1782463480.370543242,22.535240412,6300,vicon_state_data,ball,1,0,1.950029127,-0.128190934,0.961297194,0.000000000,0.000000000,0.000000000,1.000000000,1,-0.864591067,-0.387464487,0.820282323,0.000000000,0.000000000,-0.007887455,0.999968894,7
1782463480.373453379,22.538150549,6301,vicon_state_data,ball,1,0,1.939730725,-0.128129442,0.966306705,0.000000000,0.000000000,0.000000000,1.000000000,1,-0.864807719,-0.387231985,0.820203208,0.000000000,0.000000000,-0.005924387,0.999982451,7
1782463480.376654387,22.541351557,6302,vicon_state_data,ball,1,0,1.929711337,-0.127891909,0.971823774,0.000000000,0.000000000,0.000000000,1.000000000,1,-0.864797266,-0.387281755,0.820196714,0.000000000,0.000000000,-0.006060209,0.999981637,7
1782463480.379976988,22.544674158,6303,vicon_state_data,ball,1,0,1.919723428,-0.127696739,0.977033320,0.000000000,0.000000000,0.000000000,1.000000000,1,-0.864826180,-0.387353726,0.820249574,0.000000000,0.000000000,-0.006169467,0.999980969,7
1782463480.383267879,22.547965050,6304,vicon_state_data,ball,1,0,1.909756286,-0.127543255,0.982450510,0.000000000,0.000000000,0.000000000,1.000000000,1,-0.864690045,-0.387588988,0.820361940,0.000000000,0.000000000,-0.007820538,0.999969419,7
1782463480.386888981,22.551586151,6305,vicon_state_data,ball,1,0,1.899986038,-0.127553612,0.987514839,0.000000000,0.000000000,0.000000000,1.000000000,1,-0.864756131,-0.387461327,0.820448785,0.000000000,0.000000000,-0.007227322,0.999973883,7
1782463480.389978886,22.554676056,6306,vicon_state_data,ball,1,0,1.890249710,-0.127551411,0.992143692,0.000000000,0.000000000,0.000000000,1.000000000,1,-0.864710246,-0.387551160,0.820345460,0.000000000,0.000000000,-0.007720782,0.999970194,7
1782463480.393381357,22.558078527,6307,vicon_state_data,ball,1,0,1.880459896,-0.127014803,0.996564704,0.000000000,0.000000000,0.000000000,1.000000000,1,-0.864840504,-0.387386373,0.820206711,0.000000000,0.000000000,-0.006241831,0.999980520,7
1782463480.396803617,22.561500788,6308,vicon_state_data,ball,1,0,1.870530139,-0.126350251,1.001140909,0.000000000,0.000000000,0.000000000,1.000000000,1,-0.864802493,-0.387447557,0.820120973,0.000000000,0.000000000,-0.006547851,0.999978563,7
1782463480.399887562,22.564584732,6309,vicon_state_data,ball,1,0,1.860768943,-0.126292157,1.005806688,0.000000000,0.000000000,0.000000000,1.000000000,1,-0.864892775,-0.387479625,0.820213941,0.000000000,0.000000000,-0.006378428,0.999979658,7
1782463480.403389931,22.568087101,6310,vicon_state_data,ball,1,0,1.850841689,-0.126077062,1.010022760,0.000000000,0.000000000,0.000000000,1.000000000,1,-0.864895466,-0.387475778,0.820200378,0.000000000,0.000000000,-0.006165175,0.999980995,7
1782463480.406695843,22.571393013,6311,vicon_state_data,ball,1,0,1.840821404,-0.126089577,1.014128427,0.000000000,0.000000000,0.000000000,1.000000000,1,-0.864897128,-0.387529184,0.820178743,0.000000000,0.000000000,-0.006439135,0.999979269,7
1782463480.410131931,22.574829102,6312,vicon_state_data,ball,1,0,1.831013352,-0.125876053,1.018036557,0.000000000,0.000000000,0.000000000,1.000000000,1,-0.864905855,-0.387785175,0.820448160,0.000000000,0.000000000,-0.007107960,0.999974738,7
1782463480.413466454,22.578163624,6313,vicon_state_data,ball,1,0,1.821385030,-0.125820280,1.021933801,0.000000000,0.000000000,0.000000000,1.000000000,1,-0.864927131,-0.387567843,0.820147733,0.000000000,0.000000000,-0.006345282,0.999979868,7
1782463480.416973114,22.581670284,6314,vicon_state_data,ball,1,0,1.811584817,-0.125954319,1.025694155,0.000000000,0.000000000,0.000000000,1.000000000,1,-0.864964063,-0.387623362,0.820186237,0.000000000,0.000000000,-0.006262856,0.999980388,7
1782463480.420268774,22.584965944,6315,vicon_state_data,ball,1,0,1.801488055,-0.125943868,1.029550818,0.000000000,0.000000000,0.000000000,1.000000000,1,-0.864974794,-0.387616738,0.820153289,0.000000000,0.000000000,-0.006066791,0.999981597,7
1782463480.423415899,22.588113070,6316,vicon_state_data,ball,1,0,1.792268961,-0.126092808,1.032921848,0.000000000,0.000000000,0.000000000,1.000000000,1,-0.865036134,-0.387738815,0.820424617,0.000000000,0.000000000,-0.006724504,0.999977390,7
1782463480.426936388,22.591633558,6317,vicon_state_data,ball,1,0,1.783237258,-0.126133621,1.036311325,0.000000000,0.000000000,0.000000000,1.000000000,1,-0.865083160,-0.387733803,0.820283754,0.000000000,0.000000000,-0.005873320,0.999982752,7
1782463480.430194378,22.594891548,6318,vicon_state_data,ball,1,0,1.773410305,-0.126047047,1.039789295,0.000000000,0.000000000,0.000000000,1.000000000,1,-0.865039956,-0.387684618,0.820160260,0.000000000,0.000000000,-0.005896624,0.999982615,7
1782463480.433352232,22.598049402,6319,vicon_state_data,ball,1,0,1.764255017,-0.126375734,1.042699207,0.000000000,0.000000000,0.000000000,1.000000000,1,-0.864972178,-0.387937513,0.820372540,0.000000000,0.000000000,-0.007339589,0.999973065,7
1782463480.436663628,22.601360798,6320,vicon_state_data,ball,1,0,1.754594762,-0.126183972,1.045640164,0.000000000,0.000000000,0.000000000,1.000000000,1,-0.865086647,-0.387878975,0.820460743,0.000000000,0.000000000,-0.006631813,0.999978009,7
1782463480.440068722,22.604765892,6321,vicon_state_data,ball,1,0,1.745001338,-0.125887915,1.048209890,0.000000000,0.000000000,0.000000000,1.000000000,1,-0.865107126,-0.388005457,0.820539361,0.000000000,0.000000000,-0.006735675,0.999977315,7
1782463480.443857193,22.608554363,6322,vicon_state_data,ball,1,0,1.735243182,-0.125498939,1.051187052,0.000000000,0.000000000,0.000000000,1.000000000,1,-0.864806572,-0.387845600,0.819806662,0.000000000,0.000000000,-0.007455826,0.999972205,7
1782463480.446704149,22.611401320,6323,vicon_state_data,ball,1,0,1.725444916,-0.125159856,1.054135805,0.000000000,0.000000000,0.000000000,1.000000000,1,-0.864651305,-0.388111557,0.819889243,0.000000000,0.000000000,-0.009501397,0.999954861,7
1782463480.450563908,22.615261078,6324,vicon_state_data,ball,1,0,1.715670366,-0.125302039,1.056924459,0.000000000,0.000000000,0.000000000,1.000000000,1,-0.864651064,-0.388177194,0.819841190,0.000000000,0.000000000,-0.009838091,0.999951605,7
1782463480.453474522,22.618171692,6325,vicon_state_data,ball,1,0,1.705904007,-0.125077898,1.059539576,0.000000000,0.000000000,0.000000000,1.000000000,1,-0.864652609,-0.388182129,0.819836312,0.000000000,0.000000000,-0.009880325,0.999951188,7
1782463480.456755400,22.621452570,6326,vicon_state_data,ball,1,0,1.696149817,-0.124863426,1.062166659,0.000000000,0.000000000,0.000000000,1.000000000,1,-0.864885437,-0.387907662,0.819837232,0.000000000,0.000000000,-0.007343436,0.999973037,7
1782463480.460040092,22.624737263,6327,vicon_state_data,ball,1,0,1.686301224,-0.124934025,1.065046714,0.000000000,0.000000000,0.000000000,1.000000000,1,-0.864654543,-0.388284543,0.819846398,0.000000000,0.000000000,-0.010040671,0.999949591,7
1782463480.463354588,22.628051758,6328,vicon_state_data,ball,1,0,1.676699225,-0.124767570,1.067883236,0.000000000,0.000000000,0.000000000,1.000000000,1,-0.864657719,-0.388346460,0.819830351,0.000000000,0.000000000,-0.010239413,0.999947576,7
1782463480.466888428,22.631585598,6329,vicon_state_data,ball,1,0,1.667019871,-0.124475032,1.070357327,0.000000000,0.000000000,0.000000000,1.000000000,1,-0.864633002,-0.388440454,0.819787133,0.000000000,0.000000000,-0.010622321,0.999943582,7
1782463480.470349073,22.635046244,6330,vicon_state_data,ball,1,0,1.657686847,-0.124519768,1.072406308,0.000000000,0.000000000,0.000000000,1.000000000,1,-0.864668045,-0.388599436,0.819846576,0.000000000,0.000000000,-0.010685490,0.999942909,7
1782463480.473517656,22.638214827,6331,vicon_state_data,ball,1,0,1.648249132,-0.123986013,1.074473065,0.000000000,0.000000000,0.000000000,1.000000000,1,-0.864667041,-0.388628199,0.819819470,0.000000000,0.000000000,-0.010871487,0.999940904,7
1782463480.477220058,22.641917229,6332,vicon_state_data,ball,1,0,1.638811324,-0.123726419,1.076214066,0.000000000,0.000000000,0.000000000,1.000000000,1,-0.864921574,-0.388289745,0.819854863,0.000000000,0.000000000,-0.007826970,0.999969369,7
1782463480.480058432,22.644755602,6333,vicon_state_data,ball,1,0,1.629461757,-0.123317915,1.078096982,0.000000000,0.000000000,0.000000000,1.000000000,1,-0.864715328,-0.388644000,0.819833383,0.000000000,0.000000000,-0.010668576,0.999943089,7
1782463480.483472347,22.648169518,6334,vicon_state_data,ball,1,0,1.619949759,-0.123118626,1.079771990,0.000000000,0.000000000,0.000000000,1.000000000,1,-0.864675616,-0.388618204,0.819833534,0.000000000,0.000000000,-0.010808256,0.999941589,7
1782463480.486777782,22.651474953,6335,vicon_state_data,ball,1,0,1.610393771,-0.122403271,1.081555600,0.000000000,0.000000000,0.000000000,1.000000000,1,-0.864723015,-0.388721088,0.819835392,0.000000000,0.000000000,-0.010787937,0.999941809,7
1782463480.490062952,22.654760122,6336,vicon_state_data,ball,1,0,1.600757919,-0.122738270,1.083236873,0.000000000,0.000000000,0.000000000,1.000000000,1,-0.864754782,-0.388824509,0.819832142,0.000000000,0.000000000,-0.010685876,0.999942904,7
1782463480.493500471,22.658197641,6337,vicon_state_data,ball,1,0,1.590944580,-0.122130137,1.084796376,0.000000000,0.000000000,0.000000000,1.000000000,1,-0.864753544,-0.388792085,0.819858842,0.000000000,0.000000000,-0.010816796,0.999941497,7
1782463480.496874332,22.661571503,6338,vicon_state_data,ball,1,0,1.581643393,-0.122617353,1.085873999,0.000000000,0.000000000,0.000000000,1.000000000,1,-0.864701757,-0.388906177,0.819784826,0.000000000,0.000000000,-0.011352753,0.999935555,7
1782463480.500015020,22.664712191,6339,vicon_state_data,ball,1,0,1.571927698,-0.122033401,1.086838976,0.000000000,0.000000000,0.000000000,1.000000000,1,-0.864718191,-0.388977754,0.819819914,0.000000000,0.000000000,-0.011351079,0.999935574,7
1782463480.503408194,22.668105364,6340,vicon_state_data,ball,1,0,1.562406252,-0.121975328,1.088064587,0.000000000,0.000000000,0.000000000,1.000000000,1,-0.864740952,-0.388988060,0.819835964,0.000000000,0.000000000,-0.011141159,0.999937935,7
1782463480.506603241,22.671300411,6341,vicon_state_data,ball,1,0,1.553384482,-0.121937535,1.088860060,0.000000000,0.000000000,0.000000000,1.000000000,1,-0.864767388,-0.388975715,0.819837711,0.000000000,0.000000000,-0.010976969,0.999939751,7
1782463480.510051012,22.674748182,6342,vicon_state_data,ball,1,0,1.544275687,-0.121745013,1.089510736,0.000000000,0.000000000,0.000000000,1.000000000,1,-0.864992092,-0.388694206,0.819800005,0.000000000,0.000000000,-0.008297287,0.999965577,7
1782463480.513500929,22.678198099,6343,vicon_state_data,ball,1,0,1.535316657,-0.122126989,1.090243919,0.000000000,0.000000000,0.000000000,1.000000000,1,-0.864744205,-0.389164378,0.819815775,0.000000000,0.000000000,-0.011592034,0.999932810,7
1782463480.516791344,22.681488514,6344,vicon_state_data,ball,1,0,1.525945503,-0.121938344,1.090766298,0.000000000,0.000000000,0.000000000,1.000000000,1,-0.864767342,-0.389015196,0.819842079,0.000000000,0.000000000,-0.011188049,0.999937412,7
1782463480.520186424,22.684883595,6345,vicon_state_data,ball,1,0,1.516725962,-0.121587255,1.090627538,0.000000000,0.000000000,0.000000000,1.000000000,1,-0.864757846,-0.389084536,0.819839922,0.000000000,0.000000000,-0.011359647,0.999935477,7
1782463480.523374796,22.688071966,6346,vicon_state_data,ball,1,0,1.507184161,-0.121179887,1.090906820,0.000000000,0.000000000,0.000000000,1.000000000,1,-0.864812364,-0.389058859,0.819874827,0.000000000,0.000000000,-0.011132656,0.999938030,7
1782463480.526835442,22.691532612,6347,vicon_state_data,ball,1,0,1.497573790,-0.120823832,1.091226038,0.000000000,0.000000000,0.000000000,1.000000000,1,-0.865024843,-0.388786352,0.819775558,0.000000000,0.000000000,-0.008565929,0.999963312,7
1782463480.530265093,22.694962263,6348,vicon_state_data,ball,1,0,1.488005715,-0.120709589,1.091423604,0.000000000,0.000000000,0.000000000,1.000000000,1,-0.864856363,-0.389232457,0.819900426,0.000000000,0.000000000,-0.011110374,0.999938278,7
1782463480.533481121,22.698178291,6349,vicon_state_data,ball,1,0,1.478468444,-0.120489995,1.091541870,0.000000000,0.000000000,0.000000000,1.000000000,1,-0.865055303,-0.388826429,0.819767342,0.000000000,0.000000000,-0.008572524,0.999963255,7
1782463480.536748886,22.701446056,6350,vicon_state_data,ball,1,0,1.469099490,-0.120155411,1.091908961,0.000000000,0.000000000,0.000000000,1.000000000,1,-0.864898104,-0.389239211,0.819855079,0.000000000,0.000000000,-0.011032797,0.999939137,7
1782463480.540016413,22.704713583,6351,vicon_state_data,ball,1,0,1.459611964,-0.120036265,1.091802592,0.000000000,0.000000000,0.000000000,1.000000000,1,-0.864907190,-0.389319103,0.819864186,0.000000000,0.000000000,-0.011440917,0.999934551,7
1782463480.543473005,22.708170176,6352,vicon_state_data,ball,1,0,1.450145146,-0.119907094,1.092001982,0.000000000,0.000000000,0.000000000,1.000000000,1,-0.864944553,-0.389276543,0.819879799,0.000000000,0.000000000,-0.010955303,0.999939989,7
1782463480.546747208,22.711444378,6353,vicon_state_data,ball,1,0,1.440664134,-0.119735651,1.092120242,0.000000000,0.000000000,0.000000000,1.000000000,1,-0.864966309,-0.389333821,0.819888838,0.000000000,0.000000000,-0.011029613,0.999939172,7
1782463480.549983025,22.714680195,6354,vicon_state_data,ball,1,0,1.431269871,-0.119510431,1.091941152,0.000000000,0.000000000,0.000000000,1.000000000,1,-0.864944086,-0.389364614,0.819845065,0.000000000,0.000000000,-0.011331537,0.999935796,7
1782463480.553236008,22.717933178,6355,vicon_state_data,ball,1,0,1.422152384,-0.118997775,1.091259676,0.000000000,0.000000000,0.000000000,1.000000000,1,-0.864961784,-0.389437896,0.819883512,0.000000000,0.000000000,-0.011305234,0.999936094,7
1782463480.556601048,22.721298218,6356,vicon_state_data,ball,1,0,1.412906047,-0.118704528,1.090781212,0.000000000,0.000000000,0.000000000,1.000000000,1,-0.865023342,-0.389584120,0.819969561,0.000000000,0.000000000,-0.011222463,0.999937026,7
1782463480.560201883,22.724899054,6357,vicon_state_data,ball,1,0,1.403680410,-0.118337799,1.089957451,0.000000000,0.000000000,0.000000000,1.000000000,1,-0.865014291,-0.389457439,0.819890814,0.000000000,0.000000000,-0.011069461,0.999938732,7
1782463480.563477755,22.728174925,6358,vicon_state_data,ball,1,0,1.394477547,-0.117950996,1.089207224,0.000000000,0.000000000,0.000000000,1.000000000,1,-0.864959393,-0.389609405,0.819853778,0.000000000,0.000000000,-0.011699711,0.999931556,7
1782463480.567135334,22.731832504,6359,vicon_state_data,ball,1,0,1.385242456,-0.117553418,1.088410702,0.000000000,0.000000000,0.000000000,1.000000000,1,-0.865091522,-0.389567582,0.819914812,0.000000000,0.000000000,-0.011044404,0.999939009,7
1782463480.570097446,22.734794617,6360,vicon_state_data,ball,1,0,1.375916129,-0.117264992,1.087510537,0.000000000,0.000000000,0.000000000,1.000000000,1,-0.865096345,-0.389646125,0.819895321,0.000000000,0.000000000,-0.011179824,0.999937504,7
1782463480.573376417,22.738073587,6361,vicon_state_data,ball,1,0,1.366355329,-0.116604934,1.086633598,0.000000000,0.000000000,0.000000000,1.000000000,1,-0.865312218,-0.389394521,0.819824518,0.000000000,0.000000000,-0.008268384,0.999965816,7
1782463480.576955557,22.741652727,6362,vicon_state_data,ball,1,0,1.356964865,-0.116589222,1.085524376,0.000000000,0.000000000,0.000000000,1.000000000,1,-0.865156287,-0.389698756,0.819889349,0.000000000,0.000000000,-0.010892605,0.999940674,7
1782463480.580264807,22.744961977,6363,vicon_state_data,ball,1,0,1.347698110,-0.116831480,1.084104847,0.000000000,0.000000000,0.000000000,1.000000000,1,-0.865165008,-0.389762764,0.819924072,0.000000000,0.000000000,-0.011083715,0.999938574,7
1782463480.583369493,22.748066664,6364,vicon_state_data,ball,1,0,1.338386202,-0.116292498,1.082541178,0.000000000,0.000000000,0.000000000,1.000000000,1,-0.865336772,-0.389487499,0.819852511,0.000000000,0.000000000,-0.008616915,0.999962874,7
1782463480.586820364,22.751517534,6365,vicon_state_data,ball,1,0,1.329043974,-0.115986318,1.081059396,0.000000000,0.000000000,0.000000000,1.000000000,1,-0.865205173,-0.389811865,0.819960902,0.000000000,0.000000000,-0.011026749,0.999939204,7
1782463480.590367794,22.755064964,6366,vicon_state_data,ball,1,0,1.320071611,-0.115865102,1.079381711,0.000000000,0.000000000,0.000000000,1.000000000,1,-0.865314918,-0.389462628,0.819781624,0.000000000,0.000000000,-0.008850222,0.999960836,7
1782463480.593699932,22.758397102,6367,vicon_state_data,ball,1,0,1.311343821,-0.116101882,1.077504969,0.000000000,0.000000000,0.000000000,1.000000000,1,-0.865202225,-0.389902859,0.819929504,0.000000000,0.000000000,-0.011277324,0.999936409,7
1782463480.596905708,22.761602879,6368,vicon_state_data,ball,1,0,1.302264351,-0.115821844,1.075484838,0.000000000,0.000000000,0.000000000,1.000000000,1,-0.865202803,-0.389961753,0.819969967,0.000000000,0.000000000,-0.011383101,0.999935210,7
1782463480.600051880,22.764749050,6369,vicon_state_data,ball,1,0,1.293073527,-0.115624001,1.073358552,0.000000000,0.000000000,0.000000000,1.000000000,1,-0.865215961,-0.389968522,0.819932263,0.000000000,0.000000000,-0.011353260,0.999935550,7
1782463480.603307962,22.768005133,6370,vicon_state_data,ball,1,0,1.283940835,-0.115266034,1.070849833,0.000000000,0.000000000,0.000000000,1.000000000,1,-0.865238177,-0.389990614,0.819968260,0.000000000,0.000000000,-0.011277981,0.999936402,7
1782463480.606872082,22.771569252,6371,vicon_state_data,ball,1,0,1.274663911,-0.114746516,1.068350818,0.000000000,0.000000000,0.000000000,1.000000000,1,-0.865411006,-0.389663876,0.819827449,0.000000000,0.000000000,-0.008772431,0.999961521,7
1782463480.610130548,22.774827719,6372,vicon_state_data,ball,1,0,1.265255784,-0.114406501,1.066058753,0.000000000,0.000000000,0.000000000,1.000000000,1,-0.865272684,-0.390064108,0.820054200,0.000000000,0.000000000,-0.011292290,0.999936240,7
1782463480.613452196,22.778149366,6373,vicon_state_data,ball,1,0,1.255802213,-0.114208861,1.063528401,0.000000000,0.000000000,0.000000000,1.000000000,1,-0.865278064,-0.390049167,0.819984173,0.000000000,0.000000000,-0.011317977,0.999935950,7
1782463480.616653919,22.781351089,6374,vicon_state_data,ball,1,0,1.246562543,-0.113925621,1.061186943,0.000000000,0.000000000,0.000000000,1.000000000,1,-0.865491165,-0.389664489,0.819919111,0.000000000,0.000000000,-0.008453334,0.999964270,7
1782463480.620049715,22.784746885,6375,vicon_state_data,ball,1,0,1.237421775,-0.113538799,1.058955263,0.000000000,0.000000000,0.000000000,1.000000000,1,-0.865293561,-0.390147343,0.820053446,0.000000000,0.000000000,-0.011456214,0.999934375,7
1782463480.623365402,22.788062572,6376,vicon_state_data,ball,1,0,1.228219837,-0.113229425,1.056343427,0.000000000,0.000000000,0.000000000,1.000000000,1,-0.865437995,-0.389817634,0.819886328,0.000000000,0.000000000,-0.009064234,0.999958919,7
1782463480.626778841,22.791476011,6377,vicon_state_data,ball,1,0,1.218924365,-0.113075976,1.053963708,0.000000000,0.000000000,0.000000000,1.000000000,1,-0.865330689,-0.390156627,0.820058762,0.000000000,0.000000000,-0.011456403,0.999934373,7
1782463480.630070448,22.794767618,6378,vicon_state_data,ball,1,0,1.209682303,-0.112916971,1.051498335,0.000000000,0.000000000,0.000000000,1.000000000,1,-0.865310850,-0.390198479,0.820011223,0.000000000,0.000000000,-0.011676368,0.999931829,7
1782463480.633481741,22.798178911,6379,vicon_state_data,ball,1,0,1.200558515,-0.112423797,1.048596986,0.000000000,0.000000000,0.000000000,1.000000000,1,-0.865361103,-0.390161278,0.820067019,0.000000000,0.000000000,-0.011436115,0.999934605,7
1782463480.636811495,22.801508665,6380,vicon_state_data,ball,1,0,1.191567262,-0.111850582,1.045397267,0.000000000,0.000000000,0.000000000,1.000000000,1,-0.865486940,-0.389814367,0.819907756,0.000000000,0.000000000,-0.008925331,0.999960168,7
1782463480.640483618,22.805180788,6381,vicon_state_data,ball,1,0,1.182493895,-0.111443876,1.042324875,0.000000000,0.000000000,0.000000000,1.000000000,1,-0.865491340,-0.389829301,0.819898198,0.000000000,0.000000000,-0.008956811,0.999959887,7
1782463480.643423557,22.808120728,6382,vicon_state_data,ball,1,0,1.173444801,-0.111133256,1.039089684,0.000000000,0.000000000,0.000000000,1.000000000,1,-0.865327399,-0.390220971,0.820016115,0.000000000,0.000000000,-0.011748600,0.999930983,7
1782463480.646709442,22.811406612,6383,vicon_state_data,ball,1,0,1.164419281,-0.110567764,1.035692175,0.000000000,0.000000000,0.000000000,1.000000000,1,-0.865603886,-0.389853494,0.820029963,0.000000000,0.000000000,-0.008419064,0.999964559,7
1782463480.650304794,22.815001965,6384,vicon_state_data,ball,1,0,1.155347290,-0.110149296,1.032261528,0.000000000,0.000000000,0.000000000,1.000000000,1,-0.865593605,-0.389828379,0.819954594,0.000000000,0.000000000,-0.008495023,0.999963917,7
1782463480.653356791,22.818053961,6385,vicon_state_data,ball,1,0,1.146221195,-0.109785772,1.028880847,0.000000000,0.000000000,0.000000000,1.000000000,1,-0.865612239,-0.389856866,0.819962652,0.000000000,0.000000000,-0.008507090,0.999963814,7
1782463480.656756878,22.821454048,6386,vicon_state_data,ball,1,0,1.137032922,-0.109471174,1.025527573,0.000000000,0.000000000,0.000000000,1.000000000,1,-0.865385552,-0.390225092,0.819987686,0.000000000,0.000000000,-0.011635348,0.999932307,7
1782463480.660235167,22.824932337,6387,vicon_state_data,ball,1,0,1.127816815,-0.109036736,1.021812955,0.000000000,0.000000000,0.000000000,1.000000000,1,-0.865641605,-0.389861638,0.819999150,0.000000000,0.000000000,-0.008437151,0.999964407,7
1782463480.663396358,22.828093529,6388,vicon_state_data,ball,1,0,1.118525727,-0.108440466,1.017715047,0.000000000,0.000000000,0.000000000,1.000000000,1,-0.865394253,-0.390312020,0.820010089,0.000000000,0.000000000,-0.011690336,0.999931666,7
1782463480.666628122,22.831325293,6389,vicon_state_data,ball,1,0,1.109383524,-0.108140017,1.013653140,0.000000000,0.000000000,0.000000000,1.000000000,1,-0.865703431,-0.389921069,0.820090940,0.000000000,0.000000000,-0.008250527,0.999965964,7
1782463480.670032501,22.834729671,6390,vicon_state_data,ball,1,0,1.100290080,-0.107884408,1.009605628,0.000000000,0.000000000,0.000000000,1.000000000,1,-0.865705868,-0.389923361,0.820040797,0.000000000,0.000000000,-0.008368178,0.999964986,7
1782463480.673441648,22.838138819,6391,vicon_state_data,ball,1,0,1.091650556,-0.108108871,1.005314536,0.000000000,0.000000000,0.000000000,1.000000000,1,-0.865590225,-0.389999375,0.819909416,0.000000000,0.000000000,-0.009113580,0.999958470,7
1782463480.677041054,22.841738224,6392,vicon_state_data,ball,1,0,1.082737080,-0.107419306,1.000639206,0.000000000,0.000000000,0.000000000,1.000000000,1,-0.865697898,-0.389933670,0.819994963,0.000000000,0.000000000,-0.008455023,0.999964256,7
1782463480.680272102,22.844969273,6393,vicon_state_data,ball,1,0,1.073938721,-0.107524406,0.996247199,0.000000000,0.000000000,0.000000000,1.000000000,1,-0.865689674,-0.389986531,0.819994136,0.000000000,0.000000000,-0.008475186,0.999964085,7
1782463480.683547497,22.848244667,6394,vicon_state_data,ball,1,0,1.064915218,-0.107146164,0.991533441,0.000000000,0.000000000,0.000000000,1.000000000,1,-0.865450517,-0.390392192,0.820056489,0.000000000,0.000000000,-0.011622201,0.999932460,7
1782463480.686877728,22.851574898,6395,vicon_state_data,ball,1,0,1.055893881,-0.106645828,0.986523526,0.000000000,0.000000000,0.000000000,1.000000000,1,-0.865507255,-0.390373410,0.820083541,0.000000000,0.000000000,-0.011370714,0.999935351,7
1782463480.690112352,22.854809523,6396,vicon_state_data,ball,1,0,1.046785068,-0.106121051,0.981620661,0.000000000,0.000000000,0.000000000,1.000000000,1,-0.865491025,-0.390359850,0.820046436,0.000000000,0.000000000,-0.011511113,0.999933745,7
1782463480.693374395,22.858071566,6397,vicon_state_data,ball,1,0,1.037564566,-0.105709982,0.976735384,0.000000000,0.000000000,0.000000000,1.000000000,1,-0.865521842,-0.390375265,0.820095662,0.000000000,0.000000000,-0.011371091,0.999935347,7
1782463480.696959972,22.861657143,6398,vicon_state_data,ball,1,0,1.028376951,-0.105288731,0.971800901,0.000000000,0.000000000,0.000000000,1.000000000,1,-0.865582418,-0.390331174,0.820095495,0.000000000,0.000000000,-0.011018836,0.999939291,7
1782463480.700322151,22.865019321,6399,vicon_state_data,ball,1,0,1.019380439,-0.104897992,0.966939808,0.000000000,0.000000000,0.000000000,1.000000000,1,-0.865835340,-0.389917165,0.819967727,0.000000000,0.000000000,-0.008114636,0.999967076,7
1782463480.703378439,22.868075609,6400,vicon_state_data,ball,1,0,1.010409727,-0.104486495,0.962010356,0.000000000,0.000000000,0.000000000,1.000000000,1,-0.865835214,-0.390113248,0.820277144,0.000000000,0.000000000,-0.008966559,0.999959800,7
1782463480.707017660,22.871714830,6401,vicon_state_data,ball,1,0,1.001314609,-0.104121547,0.957249064,0.000000000,0.000000000,0.000000000,1.000000000,1,-0.865920261,-0.390040536,0.820299227,0.000000000,0.000000000,-0.008262159,0.999965868,7
1782463480.710278749,22.874975920,6402,vicon_state_data,ball,1,0,0.992198722,-0.103846073,0.952180283,0.000000000,0.000000000,0.000000000,1.000000000,1,-0.865921876,-0.389894433,0.820019415,0.000000000,0.000000000,-0.007511012,0.999971792,7
1782463480.713321447,22.878018618,6403,vicon_state_data,ball,1,0,0.983340947,-0.103276360,0.946502155,0.000000000,0.000000000,0.000000000,1.000000000,1,-0.865955776,-0.390044714,0.820361154,0.000000000,0.000000000,-0.008192423,0.999966442,7
1782463480.716630697,22.881327868,6404,vicon_state_data,ball,1,0,0.974223121,-0.102840539,0.941473765,0.000000000,0.000000000,0.000000000,1.000000000,1,-0.865957967,-0.390046152,0.820316157,0.000000000,0.000000000,-0.008268523,0.999965815,7
1782463480.720396757,22.885093927,6405,vicon_state_data,ball,1,0,0.965427679,-0.102138331,0.935675037,0.000000000,0.000000000,0.000000000,1.000000000,1,-0.866546646,-0.389460476,0.820440707,0.000000000,0.000000000,-0.004304596,0.999990735,7
1782463480.723601341,22.888298512,6406,vicon_state_data,ball,1,0,0.956505214,-0.101641467,0.930101221,0.000000000,0.000000000,0.000000000,1.000000000,1,-0.866434600,-0.389591680,0.820372337,0.000000000,0.000000000,-0.005847438,0.999982904,7
1782463480.726963758,22.891660929,6407,vicon_state_data,ball,1,0,0.947648901,-0.101089310,0.924359711,0.000000000,0.000000000,0.000000000,1.000000000,1,-0.866286503,-0.389727358,0.820271379,0.000000000,0.000000000,-0.006656245,0.999977847,7
1782463480.730095387,22.894792557,6408,vicon_state_data,ball,1,0,0.938754084,-0.100473338,0.918388993,0.000000000,0.000000000,0.000000000,1.000000000,1,-0.866325056,-0.389530029,0.820179132,0.000000000,0.000000000,-0.005675319,0.999983895,7
1782463480.733525276,22.898222446,6409,vicon_state_data,ball,1,0,0.929876007,-0.099924714,0.912557091,0.000000000,0.000000000,0.000000000,1.000000000,1,-0.866430554,-0.389513743,0.820326758,0.000000000,0.000000000,-0.004997645,0.999987512,7
1782463480.737296104,22.901993275,6410,vicon_state_data,ball,1,0,0.920875814,-0.099546644,0.906664354,0.000000000,0.000000000,0.000000000,1.000000000,1,-0.866329400,-0.389673390,0.820280012,0.000000000,0.000000000,-0.006431878,0.999979315,7
1782463480.740441084,22.905138254,6411,vicon_state_data,ball,1,0,0.911923614,-0.099023000,0.900765609,0.000000000,0.000000000,0.000000000,1.000000000,1,-0.866369713,-0.389623379,0.820305608,0.000000000,0.000000000,-0.006250003,0.999980469,7
1782463480.743637800,22.908334970,6412,vicon_state_data,ball,1,0,0.902938425,-0.098402564,0.894562875,0.000000000,0.000000000,0.000000000,1.000000000,1,-0.866347704,-0.389527315,0.820171717,0.000000000,0.000000000,-0.005700510,0.999983752,7
1782463480.746962547,22.911659718,6413,vicon_state_data,ball,1,0,0.893911945,-0.097758799,0.888047493,0.000000000,0.000000000,0.000000000,1.000000000,1,-0.866322043,-0.389648383,0.820257456,0.000000000,0.000000000,-0.006529611,0.999978682,7
1782463480.750347614,22.915044785,6414,vicon_state_data,ball,1,0,0.884839362,-0.097179206,0.881428890,0.000000000,0.000000000,0.000000000,1.000000000,1,-0.866324190,-0.389617188,0.820232375,0.000000000,0.000000000,-0.006463521,0.999979111,7
1782463480.753396273,22.918093443,6415,vicon_state_data,ball,1,0,0.875908885,-0.096911575,0.874854805,0.000000000,0.000000000,0.000000000,1.000000000,1,-0.866334004,-0.389614342,0.820184533,0.000000000,0.000000000,-0.006457857,0.999979148,7
1782463480.756633759,22.921330929,6416,vicon_state_data,ball,1,0,0.867198508,-0.096603946,0.867950165,0.000000000,0.000000000,0.000000000,1.000000000,1,-0.866336373,-0.389637245,0.820208652,0.000000000,0.000000000,-0.006389258,0.999979588,7
1782463480.760138750,22.924835920,6417,vicon_state_data,ball,1,0,0.858797376,-0.096567779,0.860929567,0.000000000,0.000000000,0.000000000,1.000000000,1,-0.866339753,-0.389602029,0.820206119,0.000000000,0.000000000,-0.006329272,0.999979970,7
1782463480.763611078,22.928308249,6418,vicon_state_data,ball,1,0,0.849988586,-0.096094426,0.853958421,0.000000000,0.000000000,0.000000000,1.000000000,1,-0.866446795,-0.389468651,0.820167543,0.000000000,0.000000000,-0.005156767,0.999986704,7
1782463480.766829252,22.931526423,6419,vicon_state_data,ball,1,0,0.841091456,-0.095599605,0.846769797,0.000000000,0.000000000,0.000000000,1.000000000,1,-0.866353281,-0.389618893,0.820146720,0.000000000,0.000000000,-0.006403667,0.999979496,7
1782463480.770116329,22.934813499,6420,vicon_state_data,ball,1,0,0.832202674,-0.095034871,0.839509212,0.000000000,0.000000000,0.000000000,1.000000000,1,-0.866365389,-0.389499651,0.820077246,0.000000000,0.000000000,-0.005723295,0.999983622,7
1782463480.773388863,22.938086033,6421,vicon_state_data,ball,1,0,0.823309936,-0.094334677,0.832051990,0.000000000,0.000000000,0.000000000,1.000000000,1,-0.866378943,-0.389626228,0.820144474,0.000000000,0.000000000,-0.006402758,0.999979502,7
1782463480.776738405,22.941435575,6422,vicon_state_data,ball,1,0,0.814303161,-0.093777711,0.824841629,0.000000000,0.000000000,0.000000000,1.000000000,1,-0.866383298,-0.389625313,0.820167690,0.000000000,0.000000000,-0.006332073,0.999979952,7
1782463480.780145407,22.944842577,6423,vicon_state_data,ball,1,0,0.805381352,-0.093255490,0.817572253,0.000000000,0.000000000,0.000000000,1.000000000,1,-0.866423366,-0.389503369,0.820092159,0.000000000,0.000000000,-0.005493990,0.999984908,7
1782463480.783610344,22.948307514,6424,vicon_state_data,ball,1,0,0.796562218,-0.092713650,0.810211621,0.000000000,0.000000000,0.000000000,1.000000000,1,-0.866509510,-0.389497261,0.820223099,0.000000000,0.000000000,-0.005088910,0.999987051,7
1782463480.786879539,22.951576710,6425,vicon_state_data,ball,1,0,0.787758470,-0.092223185,0.802739909,0.000000000,0.000000000,0.000000000,1.000000000,1,-0.866445176,-0.389630350,0.820212179,0.000000000,0.000000000,-0.006264252,0.999980379,7
1782463480.790012598,22.954709768,6426,vicon_state_data,ball,1,0,0.778704792,-0.091796490,0.795657161,0.000000000,0.000000000,0.000000000,1.000000000,1,-0.866515843,-0.389508494,0.820215154,0.000000000,0.000000000,-0.005141328,0.999986783,7
1782463480.793370485,22.958067656,6427,vicon_state_data,ball,1,0,0.769706355,-0.091102561,0.787831526,0.000000000,0.000000000,0.000000000,1.000000000,1,-0.866400334,-0.389663196,0.820180451,0.000000000,0.000000000,-0.006552248,0.999978534,7
1782463480.796739340,22.961436510,6428,vicon_state_data,ball,1,0,0.761146339,-0.091116473,0.780360500,0.000000000,0.000000000,0.000000000,1.000000000,1,-0.866487356,-0.389496296,0.820159956,0.000000000,0.000000000,-0.005327049,0.999985811,7
1782463480.800230503,22.964927673,6429,vicon_state_data,ball,1,0,0.752324346,-0.090539215,0.772530331,0.000000000,0.000000000,0.000000000,1.000000000,1,-0.866407023,-0.389653304,0.820143259,0.000000000,0.000000000,-0.006594618,0.999978255,7
1782463480.803619862,22.968317032,6430,vicon_state_data,ball,1,0,0.743875516,-0.089796275,0.768855817,0.000000000,0.000000000,0.000000000,1.000000000,1,-0.866418674,-0.389659611,0.820131173,0.000000000,0.000000000,-0.006694533,0.999977591,7
1782463480.806689262,22.971386433,6431,vicon_state_data,ball,1,0,0.736596012,-0.088590436,0.775461976,0.000000000,0.000000000,0.000000000,1.000000000,1,-0.866441115,-0.389658233,0.820134581,0.000000000,0.000000000,-0.006554445,0.999978519,7
1782463480.810469151,22.975166321,6432,vicon_state_data,ball,1,0,0.729329375,-0.087855148,0.782608021,0.000000000,0.000000000,0.000000000,1.000000000,1,-0.866435595,-0.389553474,0.820077504,0.000000000,0.000000000,-0.006106664,0.999981354,7
1782463480.813356400,22.978053570,6433,vicon_state_data,ball,1,0,0.722146090,-0.087224831,0.789697982,0.000000000,0.000000000,0.000000000,1.000000000,1,-0.866433835,-0.389616818,0.820125038,0.000000000,0.000000000,-0.006631383,0.999978012,7
1782463480.816610575,22.981307745,6434,vicon_state_data,ball,1,0,0.714953521,-0.086599341,0.796638041,0.000000000,0.000000000,0.000000000,1.000000000,1,-0.866429660,-0.389622026,0.820098165,0.000000000,0.000000000,-0.006681337,0.999977680,7
1782463480.819936752,22.984633923,6435,vicon_state_data,ball,1,0,0.707719702,-0.085992487,0.803475791,0.000000000,0.000000000,0.000000000,1.000000000,1,-0.866443198,-0.389604137,0.820088992,0.000000000,0.000000000,-0.006604037,0.999978193,7
1782463480.823327065,22.988024235,6436,vicon_state_data,ball,1,0,0.700454981,-0.085348368,0.810291240,0.000000000,0.000000000,0.000000000,1.000000000,1,-0.866428318,-0.389496931,0.819999214,0.000000000,0.000000000,-0.006054773,0.999981670,7
1782463480.826725006,22.991422176,6437,vicon_state_data,ball,1,0,0.693230130,-0.084849825,0.817044329,0.000000000,0.000000000,0.000000000,1.000000000,1,-0.866458102,-0.389612287,0.820105696,0.000000000,0.000000000,-0.006567467,0.999978434,7
1782463480.829961538,22.994658709,6438,vicon_state_data,ball,1,0,0.685924968,-0.084539591,0.823823230,0.000000000,0.000000000,0.000000000,1.000000000,1,-0.866457539,-0.389603013,0.820076307,0.000000000,0.000000000,-0.006578239,0.999978363,7
1782463480.833282709,22.997979879,6439,vicon_state_data,ball,1,0,0.678670828,-0.084045565,0.830286230,0.000000000,0.000000000,0.000000000,1.000000000,1,-0.866472436,-0.389570101,0.820128142,0.000000000,0.000000000,-0.006477452,0.999979021,7
1782463480.836651802,23.001348972,6440,vicon_state_data,ball,1,0,0.671446434,-0.083522862,0.836415457,0.000000000,0.000000000,0.000000000,1.000000000,1,-0.866453602,-0.389583315,0.820076184,0.000000000,0.000000000,-0.006579347,0.999978356,7
1782463480.840107203,23.004804373,6441,vicon_state_data,ball,1,0,0.664269278,-0.083071475,0.842425800,0.000000000,0.000000000,0.000000000,1.000000000,1,-0.866464512,-0.389543781,0.820091227,0.000000000,0.000000000,-0.006466230,0.999979094,7
1782463480.843616724,23.008313894,6442,vicon_state_data,ball,1,0,0.656980921,-0.082255717,0.848317452,0.000000000,0.000000000,0.000000000,1.000000000,1,-0.866468059,-0.389533330,0.820085368,0.000000000,0.000000000,-0.006565759,0.999978445,7
1782463480.846926689,23.011623859,6443,vicon_state_data,ball,1,0,0.650032901,-0.082080907,0.854325223,0.000000000,0.000000000,0.000000000,1.000000000,1,-0.866472304,-0.389545055,0.820077737,0.000000000,0.000000000,-0.006523653,0.999978721,7
1782463480.850143194,23.014840364,6444,vicon_state_data,ball,1,0,0.643051520,-0.081566526,0.860212601,0.000000000,0.000000000,0.000000000,1.000000000,1,-0.866566143,-0.389389113,0.820090443,0.000000000,0.000000000,-0.005277856,0.999986072,7
1782463480.853612185,23.018309355,6445,vicon_state_data,ball,1,0,0.636057429,-0.081077732,0.865894064,0.000000000,0.000000000,0.000000000,1.000000000,1,-0.866492781,-0.389537620,0.820114795,0.000000000,0.000000000,-0.006459728,0.999979136,7
1782463480.857008219,23.021705389,6446,vicon_state_data,ball,1,0,0.629042887,-0.080544744,0.871382896,0.000000000,0.000000000,0.000000000,1.000000000,1,-0.866471728,-0.389531168,0.820082481,0.000000000,0.000000000,-0.006480953,0.999978998,7
1782463480.860168695,23.024865866,6447,vicon_state_data,ball,1,0,0.621993971,-0.080010240,0.876723825,0.000000000,0.000000000,0.000000000,1.000000000,1,-0.866505372,-0.389520846,0.820119527,0.000000000,0.000000000,-0.006457057,0.999979153,7
1782463480.863362074,23.028059244,6448,vicon_state_data,ball,1,0,0.614965791,-0.079521182,0.881933155,0.000000000,0.000000000,0.000000000,1.000000000,1,-0.866513143,-0.389534154,0.820157736,0.000000000,0.000000000,-0.006517611,0.999978760,7
1782463480.867138147,23.031835318,6449,vicon_state_data,ball,1,0,0.607710736,-0.078907148,0.887116997,0.000000000,0.000000000,0.000000000,1.000000000,1,-0.866478543,-0.389522660,0.820120126,0.000000000,0.000000000,-0.006590672,0.999978281,7
1782463480.870292187,23.034989357,6450,vicon_state_data,ball,1,0,0.600539487,-0.078257795,0.892045819,0.000000000,0.000000000,0.000000000,1.000000000,1,-0.866485095,-0.389513699,0.820115580,0.000000000,0.000000000,-0.006670855,0.999977750,7
1782463480.873639107,23.038336277,6451,vicon_state_data,ball,1,0,0.593350610,-0.077523953,0.896852672,0.000000000,0.000000000,0.000000000,1.000000000,1,-0.866474092,-0.389485752,0.820108490,0.000000000,0.000000000,-0.006600491,0.999978217,7
1782463480.876881123,23.041578293,6452,vicon_state_data,ball,1,0,0.586089665,-0.076921614,0.901823314,0.000000000,0.000000000,0.000000000,1.000000000,1,-0.866485122,-0.389397668,0.820004903,0.000000000,0.000000000,-0.006125807,0.999981237,7
1782463480.880032539,23.044729710,6453,vicon_state_data,ball,1,0,0.578814404,-0.076203383,0.906695245,0.000000000,0.000000000,0.000000000,1.000000000,1,-0.866487320,-0.389458992,0.820114825,0.000000000,0.000000000,-0.006590495,0.999978282,7
1782463480.883389711,23.048086882,6454,vicon_state_data,ball,1,0,0.571537602,-0.075505494,0.911475440,0.000000000,0.000000000,0.000000000,1.000000000,1,-0.866488904,-0.389421891,0.820115779,0.000000000,0.000000000,-0.006561786,0.999978471,7
1782463480.886718512,23.051415682,6455,vicon_state_data,ball,1,0,0.564424082,-0.074797454,0.916109273,0.000000000,0.000000000,0.000000000,1.000000000,1,-0.866498268,-0.389416436,0.820135250,0.000000000,0.000000000,-0.006596168,0.999978245,7
1782463480.890089512,23.054786682,6456,vicon_state_data,ball,1,0,0.557290103,-0.074120806,0.920580249,0.000000000,0.000000000,0.000000000,1.000000000,1,-0.866515843,-0.389364940,0.820150245,0.000000000,0.000000000,-0.006413336,0.999979434,7
1782463480.893520117,23.058217287,6457,vicon_state_data,ball,1,0,0.549998860,-0.073386317,0.925231725,0.000000000,0.000000000,0.000000000,1.000000000,1,-0.866487456,-0.389268018,0.820007666,0.000000000,0.000000000,-0.006072786,0.999981560,7
1782463480.896760941,23.061458111,6458,vicon_state_data,ball,1,0,0.542796446,-0.072934158,0.929376448,0.000000000,0.000000000,0.000000000,1.000000000,1,-0.866492430,-0.389334842,0.820091504,0.000000000,0.000000000,-0.006578575,0.999978361,7
1782463480.900359154,23.065056324,6459,vicon_state_data,ball,1,0,0.535667554,-0.072403819,0.933027827,0.000000000,0.000000000,0.000000000,1.000000000,1,-0.866489207,-0.389213840,0.820012330,0.000000000,0.000000000,-0.005979003,0.999982126,7
1782463480.903612852,23.068310022,6460,vicon_state_data,ball,1,0,0.528553693,-0.071827857,0.937026302,0.000000000,0.000000000,0.000000000,1.000000000,1,-0.866494538,-0.389277367,0.820088589,0.000000000,0.000000000,-0.006509919,0.999978810,7
1782463480.906835318,23.071532488,6461,vicon_state_data,ball,1,0,0.521379134,-0.071413399,0.941206962,0.000000000,0.000000000,0.000000000,1.000000000,1,-0.866498340,-0.389262953,0.820134557,0.000000000,0.000000000,-0.006489301,0.999978944,7
1782463480.910093546,23.074790716,6462,vicon_state_data,ball,1,0,0.514465715,-0.070644362,0.944625974,0.000000000,0.000000000,0.000000000,1.000000000,1,-0.866505903,-0.389209596,0.820127190,0.000000000,0.000000000,-0.006464552,0.999979105,7
1782463480.913410187,23.078107357,6463,vicon_state_data,ball,1,0,0.507395346,-0.069966940,0.948307282,0.000000000,0.000000000,0.000000000,1.000000000,1,-0.866516378,-0.389088024,0.820054741,0.000000000,0.000000000,-0.005802838,0.999983163,7
1782463480.916654110,23.081351280,6464,vicon_state_data,ball,1,0,0.500407195,-0.069334263,0.951965177,0.000000000,0.000000000,0.000000000,1.000000000,1,-0.866499570,-0.389237016,0.820115659,0.000000000,0.000000000,-0.006480764,0.999979000,7
1782463480.920016527,23.084713697,6465,vicon_state_data,ball,1,0,0.493421018,-0.068579568,0.955430696,0.000000000,0.000000000,0.000000000,1.000000000,1,-0.866478170,-0.389199493,0.820130012,0.000000000,0.000000000,-0.006642652,0.999977937,7
1782463480.923453331,23.088150501,6466,vicon_state_data,ball,1,0,0.486410045,-0.067825194,0.958717645,0.000000000,0.000000000,0.000000000,1.000000000,1,-0.866503575,-0.389178606,0.820143387,0.000000000,0.000000000,-0.006516736,0.999978766,7
1782463480.927140951,23.091838121,6467,vicon_state_data,ball,1,0,0.479407605,-0.067135092,0.961983024,0.000000000,0.000000000,0.000000000,1.000000000,1,-0.866486452,-0.389057290,0.820057366,0.000000000,0.000000000,-0.005909449,0.999982539,7
1782463480.930090189,23.094787359,6468,vicon_state_data,ball,1,0,0.472457712,-0.066500203,0.965089919,0.000000000,0.000000000,0.000000000,1.000000000,1,-0.866488563,-0.389131327,0.820149942,0.000000000,0.000000000,-0.006555590,0.999978512,7
1782463480.933560610,23.098257780,6469,vicon_state_data,ball,1,0,0.465442239,-0.065857110,0.968089594,0.000000000,0.000000000,0.000000000,1.000000000,1,-0.866500693,-0.389065192,0.820138601,0.000000000,0.000000000,-0.006373571,0.999979689,7
1782463480.936743736,23.101440907,6470,vicon_state_data,ball,1,0,0.458387283,-0.065155423,0.971062446,0.000000000,0.000000000,0.000000000,1.000000000,1,-0.866477492,-0.388956184,0.820031021,0.000000000,0.000000000,-0.005881696,0.999982703,7
1782463480.940016985,23.104714155,6471,vicon_state_data,ball,1,0,0.451318616,-0.064636080,0.973969507,0.000000000,0.000000000,0.000000000,1.000000000,1,-0.867074408,-0.388190323,0.820551338,0.000000000,0.000000000,0.000430776,0.999999907,7
1782463480.943381786,23.108078957,6472,vicon_state_data,ball,1,0,0.444259465,-0.064164868,0.976791305,0.000000000,0.000000000,0.000000000,1.000000000,1,-0.867003593,-0.388257028,0.820456287,0.000000000,0.000000000,-0.000352608,0.999999938,7
1782463480.946713686,23.111410856,6473,vicon_state_data,ball,1,0,0.437190308,-0.063566941,0.979350931,0.000000000,0.000000000,0.000000000,1.000000000,1,-0.866921032,-0.388320693,0.820420217,0.000000000,0.000000000,-0.001172918,0.999999312,7
1782463480.950376749,23.115073919,6474,vicon_state_data,ball,1,0,0.430146609,-0.062969272,0.981646264,0.000000000,0.000000000,0.000000000,1.000000000,1,-0.866877377,-0.388357616,0.820385401,0.000000000,0.000000000,-0.001554719,0.999998791,7
1782463480.953513384,23.118210554,6475,vicon_state_data,ball,1,0,0.423200273,-0.062404992,0.983819673,0.000000000,0.000000000,0.000000000,1.000000000,1,-0.866846228,-0.388393470,0.820355968,0.000000000,0.000000000,-0.001885445,0.999998223,7
1782463480.956786633,23.121483803,6476,vicon_state_data,ball,1,0,0.416284579,-0.061819095,0.985988930,0.000000000,0.000000000,0.000000000,1.000000000,1,-0.866843826,-0.388364062,0.820376733,0.000000000,0.000000000,-0.002068467,0.999997861,7
1782463480.960048676,23.124745846,6477,vicon_state_data,ball,1,0,0.409407914,-0.061201167,0.988096107,0.000000000,0.000000000,0.000000000,1.000000000,1,-0.866845259,-0.388366256,0.820363466,0.000000000,0.000000000,-0.002107964,0.999997778,7
1782463480.963365555,23.128062725,6478,vicon_state_data,ball,1,0,0.402596200,-0.060628760,0.990076055,0.000000000,0.000000000,0.000000000,1.000000000,1,-0.866812178,-0.388404589,0.820351646,0.000000000,0.000000000,-0.002463856,0.999996965,7
1782463480.966668606,23.131365776,6479,vicon_state_data,ball,1,0,0.395848614,-0.060069023,0.991822551,0.000000000,0.000000000,0.000000000,1.000000000,1,-0.866770303,-0.388365712,0.820330295,0.000000000,0.000000000,-0.002680233,0.999996408,7
1782463480.969999313,23.134696484,6480,vicon_state_data,ball,1,0,0.389112523,-0.059416530,0.993450208,0.000000000,0.000000000,0.000000000,1.000000000,1,-0.866743975,-0.388365187,0.820313592,0.000000000,0.000000000,-0.002933403,0.999995698,7
1782463480.973233700,23.137930870,6481,vicon_state_data,ball,1,0,0.382296917,-0.058801558,0.995001046,0.000000000,0.000000000,0.000000000,1.000000000,1,-0.866723631,-0.388389406,0.820264225,0.000000000,0.000000000,-0.003275557,0.999994635,7
1782463480.976632118,23.141329288,6482,vicon_state_data,ball,1,0,0.375401530,-0.058139882,0.996419453,0.000000000,0.000000000,0.000000000,1.000000000,1,-0.866692602,-0.388376383,0.820244433,0.000000000,0.000000000,-0.003518845,0.999993809,7
1782463480.980372190,23.145069361,6483,vicon_state_data,ball,1,0,0.368392701,-0.057419982,0.997787327,0.000000000,0.000000000,0.000000000,1.000000000,1,-0.866668764,-0.388395267,0.820227983,0.000000000,0.000000000,-0.003755085,0.999992950,7
1782463480.983613253,23.148310423,6484,vicon_state_data,ball,1,0,0.361260519,-0.056677027,0.999051428,0.000000000,0.000000000,0.000000000,1.000000000,1,-0.866661060,-0.388428288,0.820238655,0.000000000,0.000000000,-0.003948085,0.999992206,7
1782463480.987003088,23.151700258,6485,vicon_state_data,ball,1,0,0.354251940,-0.055916993,1.000322476,0.000000000,0.000000000,0.000000000,1.000000000,1,-0.866637580,-0.388410452,0.820251871,0.000000000,0.000000000,-0.004102344,0.999991585,7
1782463480.990334511,23.155031681,6486,vicon_state_data,ball,1,0,0.347251440,-0.055141719,1.001546398,0.000000000,0.000000000,0.000000000,1.000000000,1,-0.866622130,-0.388423012,0.820226984,0.000000000,0.000000000,-0.004304096,0.999990737,7
1782463480.993417501,23.158114672,6487,vicon_state_data,ball,1,0,0.340209729,-0.054354983,1.002720412,0.000000000,0.000000000,0.000000000,1.000000000,1,-0.866628435,-0.388413761,0.820238833,0.000000000,0.000000000,-0.004459184,0.999990058,7
1782463480.996794462,23.161491632,6488,vicon_state_data,ball,1,0,0.333228165,-0.053568914,1.003763195,0.000000000,0.000000000,0.000000000,1.000000000,1,-0.866603912,-0.388422235,0.820198506,0.000000000,0.000000000,-0.004498792,0.999989880,7
1782463481.000332594,23.165029764,6489,vicon_state_data,ball,1,0,0.326342919,-0.052820990,1.004676017,0.000000000,0.000000000,0.000000000,1.000000000,1,-0.866576512,-0.388374025,0.820150739,0.000000000,0.000000000,-0.004728940,0.999988819,7
1782463481.003455162,23.168152332,6490,vicon_state_data,ball,1,0,0.319486233,-0.052083898,1.005429640,0.000000000,0.000000000,0.000000000,1.000000000,1,-0.866584799,-0.388382998,0.820223891,0.000000000,0.000000000,-0.004654511,0.999989168,7
1782463481.006717682,23.171414852,6491,vicon_state_data,ball,1,0,0.312497244,-0.051353003,1.006000267,0.000000000,0.000000000,0.000000000,1.000000000,1,-0.866571085,-0.388371668,0.820183508,0.000000000,0.000000000,-0.004803634,0.999988462,7
1782463481.010209560,23.174906731,6492,vicon_state_data,ball,1,0,0.305447137,-0.050697145,1.006313184,0.000000000,0.000000000,0.000000000,1.000000000,1,-0.866552331,-0.388339402,0.820159332,0.000000000,0.000000000,-0.004946836,0.999987764,7
1782463481.013474226,23.178171396,6493,vicon_state_data,ball,1,0,0.298456957,-0.050148198,1.006613511,0.000000000,0.000000000,0.000000000,1.000000000,1,-0.866554607,-0.388339994,0.820175245,0.000000000,0.000000000,-0.004970902,0.999987645,7
1782463481.016665697,23.181362867,6494,vicon_state_data,ball,1,0,0.291543152,-0.049496252,1.006874504,0.000000000,0.000000000,0.000000000,1.000000000,1,-0.866517514,-0.388059947,0.820136944,0.000000000,0.000000000,-0.004980474,0.999987597,7
1782463481.019985676,23.184682846,6495,vicon_state_data,ball,1,0,0.284713288,-0.048865908,1.007033192,0.000000000,0.000000000,0.000000000,1.000000000,1,-0.866503889,-0.388205421,0.820148145,0.000000000,0.000000000,-0.005103681,0.999986976,7
1782463481.023271799,23.187968969,6496,vicon_state_data,ball,1,0,0.277851679,-0.048164656,1.007126180,0.000000000,0.000000000,0.000000000,1.000000000,1,-0.866567276,-0.387761581,0.820253315,0.000000000,0.000000000,-0.004403081,0.999990306,7
1782463481.027044296,23.191741467,6497,vicon_state_data,ball,1,0,0.271072723,-0.047454868,1.007139390,0.000000000,0.000000000,0.000000000,1.000000000,1,-0.866531221,-0.388068313,0.820151956,0.000000000,0.000000000,-0.004850949,0.999988234,7
1782463481.030144930,23.194842100,6498,vicon_state_data,ball,1,0,0.264265616,-0.046692961,1.007116605,0.000000000,0.000000000,0.000000000,1.000000000,1,-0.866486798,-0.388040672,0.820094868,0.000000000,0.000000000,-0.005007563,0.999987462,7
1782463481.033316612,23.198013783,6499,vicon_state_data,ball,1,0,0.257471470,-0.045877413,1.006874591,0.000000000,0.000000000,0.000000000,1.000000000,1,-0.866511357,-0.387711474,0.820233963,0.000000000,0.000000000,-0.004456770,0.999990069,7
1782463481.036623001,23.201320171,6500,vicon_state_data,ball,1,0,0.250695735,-0.045094278,1.006542220,0.000000000,0.000000000,0.000000000,1.000000000,1,-0.866511879,-0.387708075,0.820230899,0.000000000,0.000000000,-0.004461300,0.999990048,7
1782463481.039932966,23.204630136,6501,vicon_state_data,ball,1,0,0.243878658,-0.044312647,1.006145666,0.000000000,0.000000000,0.000000000,1.000000000,1,-0.866504806,-0.387708419,0.820255081,0.000000000,0.000000000,-0.004532338,0.999989729,7
1782463481.043381453,23.208078623,6502,vicon_state_data,ball,1,0,0.237166673,-0.043618747,1.005612226,0.000000000,0.000000000,0.000000000,1.000000000,1,-0.866488394,-0.387676737,0.820254772,0.000000000,0.000000000,-0.004588017,0.999989475,7
1782463481.046844006,23.211541176,6503,vicon_state_data,ball,1,0,0.230356643,-0.042852320,1.005016981,0.000000000,0.000000000,0.000000000,1.000000000,1,-0.866451964,-0.387577536,0.820209187,0.000000000,0.000000000,-0.004823203,0.999988368,7
1782463481.050129652,23.214826822,6504,vicon_state_data,ball,1,0,0.223519145,-0.042175241,1.004296133,0.000000000,0.000000000,0.000000000,1.000000000,1,-0.866481861,-0.387674709,0.820250539,0.000000000,0.000000000,-0.004876048,0.999988112,7
1782463481.053287506,23.217984676,6505,vicon_state_data,ball,1,0,0.216613713,-0.041599925,1.003618806,0.000000000,0.000000000,0.000000000,1.000000000,1,-0.866459889,-0.387649296,0.820243008,0.000000000,0.000000000,-0.004896061,0.999988014,7
1782463481.056709051,23.221406221,6506,vicon_state_data,ball,1,0,0.209593879,-0.040991346,1.002481249,0.000000000,0.000000000,0.000000000,1.000000000,1,-0.866481933,-0.387603112,0.820257694,0.000000000,0.000000000,-0.004686852,0.999989017,7
1782463481.060302258,23.224999428,6507,vicon_state_data,ball,1,0,0.202756638,-0.040368722,1.001336452,0.000000000,0.000000000,0.000000000,1.000000000,1,-0.866442387,-0.387572224,0.820216640,0.000000000,0.000000000,-0.004795377,0.999988502,7
1782463481.063338757,23.228035927,6508,vicon_state_data,ball,1,0,0.195929240,-0.039717940,0.999970678,0.000000000,0.000000000,0.000000000,1.000000000,1,-0.866461955,-0.387549840,0.820249323,0.000000000,0.000000000,-0.004722613,0.999988848,7
1782463481.066588640,23.231285810,6509,vicon_state_data,ball,1,0,0.189078286,-0.038985630,0.998527460,0.000000000,0.000000000,0.000000000,1.000000000,1,-0.866459295,-0.387496839,0.820259175,0.000000000,0.000000000,-0.004666670,0.999989111,7
1782463481.070006371,23.234703541,6510,vicon_state_data,ball,1,0,0.182353308,-0.038274398,0.997150901,0.000000000,0.000000000,0.000000000,1.000000000,1,-0.866456421,-0.387478369,0.820236999,0.000000000,0.000000000,-0.004654731,0.999989167,7
1782463481.073335886,23.238033056,6511,vicon_state_data,ball,1,0,0.175395207,-0.037464708,0.995538459,0.000000000,0.000000000,0.000000000,1.000000000,1,-0.866432757,-0.387421399,0.820180468,0.000000000,0.000000000,-0.004570297,0.999989556,7
1782463481.077082396,23.241779566,6512,vicon_state_data,ball,1,0,0.168633871,-0.036718415,0.993809533,0.000000000,0.000000000,0.000000000,1.000000000,1,-0.866420597,-0.387354813,0.820189743,0.000000000,0.000000000,-0.004616321,0.999989345,7
1782463481.080161095,23.244858265,6513,vicon_state_data,ball,1,0,0.162017163,-0.035951383,0.991935960,0.000000000,0.000000000,0.000000000,1.000000000,1,-0.866399455,-0.387309758,0.820141395,0.000000000,0.000000000,-0.004721219,0.999988855,7
1782463481.083526373,23.248223543,6514,vicon_state_data,ball,1,0,0.155530546,-0.035262702,0.989928041,0.000000000,0.000000000,0.000000000,1.000000000,1,-0.866388610,-0.387330350,0.820122785,0.000000000,0.000000000,-0.004611407,0.999989367,7
1782463481.086714983,23.251412153,6515,vicon_state_data,ball,1,0,0.148814305,-0.034406587,0.987897591,0.000000000,0.000000000,0.000000000,1.000000000,1,-0.866347764,-0.387160139,0.820082294,0.000000000,0.000000000,-0.004699266,0.999988958,7
1782463481.089996815,23.254693985,6516,vicon_state_data,ball,1,0,0.142703022,-0.034224124,0.985779929,0.000000000,0.000000000,0.000000000,1.000000000,1,-0.866366342,-0.387198852,0.820089947,0.000000000,0.000000000,-0.004600982,0.999989415,7
1782463481.093534470,23.258231640,6517,vicon_state_data,ball,1,0,0.135842561,-0.033427087,0.983545632,0.000000000,0.000000000,0.000000000,1.000000000,1,-0.866364707,-0.387144140,0.820121513,0.000000000,0.000000000,-0.004717250,0.999988874,7
1782463481.096730471,23.261427641,6518,vicon_state_data,ball,1,0,0.128752464,-0.032550310,0.981117068,0.000000000,0.000000000,0.000000000,1.000000000,1,-0.866322973,-0.387144818,0.820092649,0.000000000,0.000000000,-0.004842505,0.999988275,7
1782463481.099896431,23.264593601,6519,vicon_state_data,ball,1,0,0.122072378,-0.031883646,0.978855476,0.000000000,0.000000000,0.000000000,1.000000000,1,-0.866349701,-0.387151232,0.820125287,0.000000000,0.000000000,-0.004532919,0.999989726,7
1782463481.103290796,23.267987967,6520,vicon_state_data,ball,1,0,0.115355431,-0.031157185,0.976594004,0.000000000,0.000000000,0.000000000,1.000000000,1,-0.866317549,-0.387147499,0.820096352,0.000000000,0.000000000,-0.004810367,0.999988430,7
1782463481.107292891,23.271990061,6521,vicon_state_data,ball,1,0,0.108448419,-0.030305036,0.974052455,0.000000000,0.000000000,0.000000000,1.000000000,1,-0.866313912,-0.387017528,0.820116961,0.000000000,0.000000000,-0.004761042,0.999988666,7
1782463481.110677719,23.275374889,6522,vicon_state_data,ball,1,0,0.101561394,-0.029329686,0.971525549,0.000000000,0.000000000,0.000000000,1.000000000,1,-0.866314807,-0.387040444,0.820121632,0.000000000,0.000000000,-0.004705922,0.999988927,7
1782463481.113565683,23.278262854,6523,vicon_state_data,ball,1,0,0.094836283,-0.028519856,0.968756725,0.000000000,0.000000000,0.000000000,1.000000000,1,-0.866315371,-0.387016066,0.820138787,0.000000000,0.000000000,-0.004560585,0.999989600,7
1782463481.116825104,23.281522274,6524,vicon_state_data,ball,1,0,0.088212135,-0.028076446,0.965681903,0.000000000,0.000000000,0.000000000,1.000000000,1,-0.866268505,-0.386940886,0.820115316,0.000000000,0.000000000,-0.004615716,0.999989348,7
1782463481.120083809,23.284780979,6525,vicon_state_data,ball,1,0,0.081280581,-0.027266266,0.962538514,0.000000000,0.000000000,0.000000000,1.000000000,1,-0.866230314,-0.386845137,0.820085358,0.000000000,0.000000000,-0.004780741,0.999988572,7
1782463481.123540878,23.288238049,6526,vicon_state_data,ball,1,0,0.074375174,-0.026477876,0.959362157,0.000000000,0.000000000,0.000000000,1.000000000,1,-0.866267050,-0.386874602,0.820153454,0.000000000,0.000000000,-0.004748777,0.999988724,7
1782463481.126790285,23.291487455,6527,vicon_state_data,ball,1,0,0.067817254,-0.025979539,0.956248519,0.000000000,0.000000000,0.000000000,1.000000000,1,-0.866271065,-0.386919060,0.820168770,0.000000000,0.000000000,-0.004679407,0.999989052,7
1782463481.130140781,23.294837952,6528,vicon_state_data,ball,1,0,0.060761972,-0.024935755,0.952754303,0.000000000,0.000000000,0.000000000,1.000000000,1,-0.866228633,-0.386920195,0.820104344,0.000000000,0.000000000,-0.004789863,0.999988529,7
1782463481.133422375,23.298119545,6529,vicon_state_data,ball,1,0,0.054026614,-0.024194685,0.949231098,0.000000000,0.000000000,0.000000000,1.000000000,1,-0.866238105,-0.386933402,0.820141675,0.000000000,0.000000000,-0.004748539,0.999988726,7
1782463481.136876583,23.301573753,6530,vicon_state_data,ball,1,0,0.047323104,-0.023438157,0.945637731,0.000000000,0.000000000,0.000000000,1.000000000,1,-0.866216443,-0.386794309,0.820135726,0.000000000,0.000000000,-0.004658908,0.999989147,7
1782463481.140468121,23.305165291,6531,vicon_state_data,ball,1,0,0.040723328,-0.022647694,0.942083479,0.000000000,0.000000000,0.000000000,1.000000000,1,-0.866198181,-0.386786225,0.820119267,0.000000000,0.000000000,-0.004732009,0.999988804,7
1782463481.143601894,23.308299065,6532,vicon_state_data,ball,1,0,0.034109592,-0.021803530,0.938398632,0.000000000,0.000000000,0.000000000,1.000000000,1,-0.866192365,-0.386755026,0.820091165,0.000000000,0.000000000,-0.004768894,0.999988629,7
1782463481.146796227,23.311493397,6533,vicon_state_data,ball,1,0,0.027453684,-0.020927015,0.934579018,0.000000000,0.000000000,0.000000000,1.000000000,1,-0.866170351,-0.386812807,0.820073754,0.000000000,0.000000000,-0.004938210,0.999987807,7
1782463481.149954319,23.314651489,6534,vicon_state_data,ball,1,0,0.020834143,-0.020031624,0.930739768,0.000000000,0.000000000,0.000000000,1.000000000,1,-0.866152153,-0.386763123,0.820063067,0.000000000,0.000000000,-0.004935856,0.999987819,7
1782463481.153316259,23.318013430,6535,vicon_state_data,ball,1,0,0.016402279,-0.020186168,0.928183281,0.000000000,0.000000000,0.000000000,1.000000000,1,-0.866149988,-0.386783690,0.820051477,0.000000000,0.000000000,-0.004983107,0.999987584,7
1782463481.156824827,23.321521997,6536,vicon_state_data,ball,1,0,0.016019783,-0.022283498,0.927421296,0.000000000,0.000000000,0.000000000,1.000000000,1,-0.866159144,-0.386580675,0.820073945,0.000000000,0.000000000,-0.004579118,0.999989516,7
1782463481.160044193,23.324741364,6537,vicon_state_data,ball,1,0,0.016033658,-0.024498645,0.926922122,0.000000000,0.000000000,0.000000000,1.000000000,1,-0.866155284,-0.386602095,0.820064496,0.000000000,0.000000000,-0.004723057,0.999988846,7
1782463481.163344622,23.328041792,6538,vicon_state_data,ball,1,0,0.016026034,-0.026710507,0.926355020,0.000000000,0.000000000,0.000000000,1.000000000,1,-0.866142731,-0.386528503,0.820048639,0.000000000,0.000000000,-0.004680287,0.999989047,7
1782463481.166871309,23.331568480,6539,vicon_state_data,ball,1,0,0.015995981,-0.029016087,0.925787760,0.000000000,0.000000000,0.000000000,1.000000000,1,-0.866134634,-0.386528036,0.820047640,0.000000000,0.000000000,-0.004668204,0.999989104,7
1782463481.170044184,23.334741354,6540,vicon_state_data,ball,1,0,0.015973154,-0.031340858,0.925324245,0.000000000,0.000000000,0.000000000,1.000000000,1,-0.866128842,-0.386499586,0.820031899,0.000000000,0.000000000,-0.004657646,0.999989153,7
1782463481.173641205,23.338338375,6541,vicon_state_data,ball,1,0,0.015956021,-0.033340109,0.924974178,0.000000000,0.000000000,0.000000000,1.000000000,1,-0.866121605,-0.386467253,0.820025475,0.000000000,0.000000000,-0.004638805,0.999989241,7
1782463481.176781893,23.341479063,6542,vicon_state_data,ball,1,0,0.016322970,-0.034589862,0.925392084,0.000000000,0.000000000,0.000000000,1.000000000,1,-0.866100463,-0.386427656,0.820032791,0.000000000,0.000000000,-0.004618686,0.999989334,7
1782463481.180056334,23.344753504,6543,vicon_state_data,ball,1,0,0.017062372,-0.035017240,0.926842346,0.000000000,0.000000000,0.000000000,1.000000000,1,-0.866094501,-0.386409536,0.820032166,0.000000000,0.000000000,-0.004638224,0.999989243,7
1782463481.183311701,23.348008871,6544,vicon_state_data,ball,1,0,0.017807594,-0.035929684,0.928090166,0.000000000,0.000000000,0.000000000,1.000000000,1,-0.866078652,-0.386419322,0.820037917,0.000000000,0.000000000,-0.004726106,0.999988832,7
1782463481.186772585,23.351469755,6545,vicon_state_data,ball,1,0,0.018834279,-0.035965343,0.929676773,0.000000000,0.000000000,0.000000000,1.000000000,1,-0.866063294,-0.386391966,0.820038793,0.000000000,0.000000000,-0.004804029,0.999988461,7
1782463481.190107346,23.354804516,6546,vicon_state_data,ball,1,0,0.019422383,-0.036160569,0.930638081,0.000000000,0.000000000,0.000000000,1.000000000,1,-0.866045673,-0.386387272,0.820080618,0.000000000,0.000000000,-0.004843754,0.999988269,7
1782463481.193646431,23.358343601,6547,vicon_state_data,ball,1,0,0.019352203,-0.034439858,0.932075536,0.000000000,0.000000000,0.000000000,1.000000000,1,-0.866038051,-0.386322074,0.820066955,0.000000000,0.000000000,-0.004811389,0.999988425,7
1782463481.196820259,23.361517429,6548,vicon_state_data,ball,1,0,0.018616141,-0.031375143,0.933805933,0.000000000,0.000000000,0.000000000,1.000000000,1,-0.866031276,-0.386352624,0.820082732,0.000000000,0.000000000,-0.004914355,0.999987924,7
1782463481.200000763,23.364697933,6549,vicon_state_data,ball,1,0,0.017560307,-0.028870119,0.934962371,0.000000000,0.000000000,0.000000000,1.000000000,1,-0.866019358,-0.386370528,0.820106841,0.000000000,0.000000000,-0.004924688,0.999987874,7
1782463481.203428268,23.368125439,6550,vicon_state_data,ball,1,0,0.016649914,-0.025884401,0.936549014,0.000000000,0.000000000,0.000000000,1.000000000,1,-0.866016555,-0.386322067,0.820138578,0.000000000,0.000000000,-0.004963235,0.999987683,7
1782463481.206662893,23.371360064,6551,vicon_state_data,ball,1,0,0.015814381,-0.022870168,0.938121878,0.000000000,0.000000000,0.000000000,1.000000000,1,-0.866013428,-0.386288713,0.820145031,0.000000000,0.000000000,-0.004971474,0.999987642,7
1782463481.209974527,23.374671698,6552,vicon_state_data,ball,1,0,0.014890893,-0.019859060,0.939764907,0.000000000,0.000000000,0.000000000,1.000000000,1,-0.866011251,-0.386247143,0.820165418,0.000000000,0.000000000,-0.004938404,0.999987806,7
1782463481.213356256,23.378053427,6553,vicon_state_data,ball,1,0,0.012822827,-0.018170472,0.940730354,0.000000000,0.000000000,0.000000000,1.000000000,1,-0.866009079,-0.386271875,0.820194546,0.000000000,0.000000000,-0.005063381,0.999987181,7
1782463481.216810703,23.381507874,6554,vicon_state_data,ball,1,0,0.010426833,-0.016576195,0.942263939,0.000000000,0.000000000,0.000000000,1.000000000,1,-0.866004103,-0.386211139,0.820174210,0.000000000,0.000000000,-0.005013465,0.999987433,7
1782463481.220360041,23.385057211,6555,vicon_state_data,ball,1,0,0.007458302,-0.015712202,0.944095966,0.000000000,0.000000000,0.000000000,1.000000000,1,-0.865982493,-0.386160209,0.820171766,0.000000000,0.000000000,-0.005032052,0.999987339,7
1782463481.223419666,23.388116837,6556,vicon_state_data,ball,1,0,0.004135388,-0.015440322,0.946064739,0.000000000,0.000000000,0.000000000,1.000000000,1,-0.865981280,-0.386143682,0.820175388,0.000000000,0.000000000,-0.004995741,0.999987521,7
1782463481.226720095,23.391417265,6557,vicon_state_data,ball,1,0,0.000561405,-0.015618288,0.948249170,0.000000000,0.000000000,0.000000000,1.000000000,1,-0.865981131,-0.386142826,0.820198525,0.000000000,0.000000000,-0.005109275,0.999986948,7
1782463481.230030298,23.394727468,6558,vicon_state_data,ball,1,0,0.002852665,-0.019199729,0.946774806,0.000000000,0.000000000,0.000000000,1.000000000,1,-0.865977775,-0.386082567,0.820227139,0.000000000,0.000000000,-0.005040455,0.999987297,7
1782463481.233289719,23.397986889,6559,vicon_state_data,ball,1,0,-0.002037179,-0.018409573,0.949322427,0.000000000,0.000000000,0.000000000,1.000000000,1,-0.865977607,-0.386050891,0.820262643,0.000000000,0.000000000,-0.004962742,0.999987686,7
