host_time_s,elapsed_s,frame_number,channel,name,ball_valid,ball_occluded,ball_x_m,ball_y_m,ball_z_m,ball_qx,ball_qy,ball_qz,ball_qw,base_valid,base_x_m,base_y_m,base_z_m,base_qx,base_qy,base_qz,base_qw,clean_segment_id
1782463492.330179930,34.494877100,9888,vicon_state_data,ball,1,0,2.973243509,0.061567752,1.195612109,0.000000000,0.000000000,0.000000000,1.000000000,1,-0.864178208,-0.378247770,0.820621250,0.000000000,0.000000000,0.014690130,0.999892094,11
1782463492.333348274,34.498045444,9889,vicon_state_data,ball,1,0,2.974065452,0.061223134,1.197870400,0.000000000,0.000000000,0.000000000,1.000000000,1,-0.864285026,-0.378259358,0.820630815,0.000000000,0.000000000,0.014837836,0.999889913,11
1782463492.336729050,34.501426220,9890,vicon_state_data,ball,1,0,2.974720778,0.060929114,1.200020254,0.000000000,0.000000000,0.000000000,1.000000000,1,-0.864328362,-0.378286836,0.820546098,0.000000000,0.000000000,0.014758346,0.999891090,11
1782463492.340042591,34.504739761,9891,vicon_state_data,ball,1,0,2.975288543,0.060675884,1.202127732,0.000000000,0.000000000,0.000000000,1.000000000,1,-0.864262836,-0.378305987,0.820304442,0.000000000,0.000000000,0.014306488,0.999897657,11
1782463492.343294859,34.507992029,9892,vicon_state_data,ball,1,0,2.975769711,0.060434800,1.204139089,0.000000000,0.000000000,0.000000000,1.000000000,1,-0.864299557,-0.378309104,0.820384160,0.000000000,0.000000000,0.014722239,0.999891622,11
1782463492.347136259,34.511833429,9893,vicon_state_data,ball,1,0,2.976195186,0.060186595,1.206150285,0.000000000,0.000000000,0.000000000,1.000000000,1,-0.864328099,-0.378327445,0.820454520,0.000000000,0.000000000,0.014717111,0.999891697,11
1782463492.350104332,34.514801502,9894,vicon_state_data,ball,1,0,2.976693844,0.059990746,1.207964353,0.000000000,0.000000000,0.000000000,1.000000000,1,-0.864345695,-0.378343682,0.820462433,0.000000000,0.000000000,0.014767897,0.999890949,11
1782463492.353496552,34.518193722,9895,vicon_state_data,ball,1,0,2.977177265,0.059710834,1.209823594,0.000000000,0.000000000,0.000000000,1.000000000,1,-0.864351404,-0.378364933,0.820480340,0.000000000,0.000000000,0.014697699,0.999891983,11
1782463492.356706142,34.521403313,9896,vicon_state_data,ball,1,0,2.977626193,0.059584849,1.211454925,0.000000000,0.000000000,0.000000000,1.000000000,1,-0.864370286,-0.378381689,0.820503165,0.000000000,0.000000000,0.014738867,0.999891377,11
1782463492.359970331,34.524667501,9897,vicon_state_data,ball,1,0,2.978169279,0.059237584,1.213104079,0.000000000,0.000000000,0.000000000,1.000000000,1,-0.864379587,-0.378424207,0.820502661,0.000000000,0.000000000,0.014721697,0.999891630,11
1782463492.363506079,34.528203249,9898,vicon_state_data,ball,1,0,2.978633742,0.059040192,1.214642245,0.000000000,0.000000000,0.000000000,1.000000000,1,-0.864573805,-0.377915006,0.820865335,0.000000000,0.000000000,0.007726559,0.999970150,11
1782463492.366907358,34.531604528,9899,vicon_state_data,ball,1,0,2.979204721,0.058678635,1.216103339,0.000000000,0.000000000,0.000000000,1.000000000,1,-0.864519657,-0.378039179,0.820968488,0.000000000,0.000000000,0.007611387,0.999971033,11
1782463492.370454550,34.535151720,9900,vicon_state_data,ball,1,0,2.979697327,0.058310759,1.217577672,0.000000000,0.000000000,0.000000000,1.000000000,1,-0.864280404,-0.378598840,0.820349433,0.000000000,0.000000000,0.013865869,0.999903864,11
1782463492.373587132,34.538284302,9901,vicon_state_data,ball,1,0,2.980190568,0.058002917,1.218962678,0.000000000,0.000000000,0.000000000,1.000000000,1,-0.864581526,-0.378447130,0.820597261,0.000000000,0.000000000,0.015094355,0.999886074,11
1782463492.377093554,34.541790724,9902,vicon_state_data,ball,1,0,2.980693362,0.057685010,1.220291817,0.000000000,0.000000000,0.000000000,1.000000000,1,-0.864211421,-0.378628918,0.820204465,0.000000000,0.000000000,0.013389934,0.999910351,11
1782463492.380114317,34.544811487,9903,vicon_state_data,ball,1,0,2.981257072,0.057243504,1.221660999,0.000000000,0.000000000,0.000000000,1.000000000,1,-0.864531378,-0.378102959,0.820809295,0.000000000,0.000000000,0.007326931,0.999973158,11
1782463492.383369207,34.548066378,9904,vicon_state_data,ball,1,0,2.981756262,0.056893269,1.222914132,0.000000000,0.000000000,0.000000000,1.000000000,1,-0.864666665,-0.378080692,0.820536364,0.000000000,0.000000000,0.015617723,0.999878036,11
1782463492.386795759,34.551492929,9905,vicon_state_data,ball,1,0,2.982274844,0.056518578,1.224077226,0.000000000,0.000000000,0.000000000,1.000000000,1,-0.864763925,-0.378489350,0.820737614,0.000000000,0.000000000,0.015640109,0.999877686,11
1782463492.389946699,34.554643869,9906,vicon_state_data,ball,1,0,2.982825953,0.056050021,1.225352068,0.000000000,0.000000000,0.000000000,1.000000000,1,-0.864757535,-0.378517884,0.820778647,0.000000000,0.000000000,0.015544922,0.999879170,11
1782463492.393445730,34.558142900,9907,vicon_state_data,ball,1,0,2.983335576,0.055770767,1.226587868,0.000000000,0.000000000,0.000000000,1.000000000,1,-0.864731906,-0.378525528,0.820689289,0.000000000,0.000000000,0.015284405,0.999883187,11
1782463492.396968365,34.561665535,9908,vicon_state_data,ball,1,0,2.983874233,0.055456030,1.227652573,0.000000000,0.000000000,0.000000000,1.000000000,1,-0.864726829,-0.378529474,0.820625904,0.000000000,0.000000000,0.015180020,0.999884777,11
1782463492.400089502,34.564786673,9909,vicon_state_data,ball,1,0,2.984519317,0.055092990,1.228786101,0.000000000,0.000000000,0.000000000,1.000000000,1,-0.864785389,-0.378554191,0.820723765,0.000000000,0.000000000,0.015564234,0.999878870,11
1782463492.403785229,34.568482399,9910,vicon_state_data,ball,1,0,2.985088830,0.054756659,1.229853971,0.000000000,0.000000000,0.000000000,1.000000000,1,-0.864737006,-0.378216798,0.820503135,0.000000000,0.000000000,0.015292356,0.999883065,11
1782463492.406865835,34.571563005,9911,vicon_state_data,ball,1,0,2.985682451,0.054486727,1.230951478,0.000000000,0.000000000,0.000000000,1.000000000,1,-0.864552611,-0.378348384,0.820305896,0.000000000,0.000000000,0.013690438,0.999906282,11
1782463492.410133362,34.574830532,9912,vicon_state_data,ball,1,0,2.986270209,0.054146802,1.232016150,0.000000000,0.000000000,0.000000000,1.000000000,1,-0.864584549,-0.378686388,0.820375730,0.000000000,0.000000000,0.013551555,0.999908173,11
1782463492.413344145,34.578041315,9913,vicon_state_data,ball,1,0,2.986930549,0.053738500,1.233005658,0.000000000,0.000000000,0.000000000,1.000000000,1,-0.864589198,-0.378739734,0.820313838,0.000000000,0.000000000,0.013177537,0.999913172,11
1782463492.416621208,34.581318378,9914,vicon_state_data,ball,1,0,2.987551056,0.053661489,1.234066937,0.000000000,0.000000000,0.000000000,1.000000000,1,-0.864605846,-0.378730751,0.820360642,0.000000000,0.000000000,0.013476405,0.999909189,11
1782463492.420341969,34.585039139,9915,vicon_state_data,ball,1,0,2.988134046,0.053285730,1.235022579,0.000000000,0.000000000,0.000000000,1.000000000,1,-0.864628024,-0.378743058,0.820370590,0.000000000,0.000000000,0.013816413,0.999904549,11
1782463492.423603058,34.588300228,9916,vicon_state_data,ball,1,0,2.988842080,0.052962288,1.235938669,0.000000000,0.000000000,0.000000000,1.000000000,1,-0.864638586,-0.378849059,0.820347471,0.000000000,0.000000000,0.013284768,0.999911754,11
1782463492.426928282,34.591625452,9917,vicon_state_data,ball,1,0,2.989498981,0.052633875,1.236852694,0.000000000,0.000000000,0.000000000,1.000000000,1,-0.864621952,-0.378883097,0.820302181,0.000000000,0.000000000,0.013067450,0.999914617,11
1782463492.430106163,34.594803333,9918,vicon_state_data,ball,1,0,2.990154306,0.052346170,1.237776347,0.000000000,0.000000000,0.000000000,1.000000000,1,-0.864710220,-0.378842754,0.820407087,0.000000000,0.000000000,0.013702714,0.999906113,11
1782463492.433463335,34.598160505,9919,vicon_state_data,ball,1,0,2.990686615,0.051987080,1.238609424,0.000000000,0.000000000,0.000000000,1.000000000,1,-0.864889509,-0.378595284,0.820475435,0.000000000,0.000000000,0.015865227,0.999874139,11
1782463492.436891079,34.601588249,9920,vicon_state_data,ball,1,0,2.991429326,0.051859944,1.239660638,0.000000000,0.000000000,0.000000000,1.000000000,1,-0.864739606,-0.378859619,0.820351130,0.000000000,0.000000000,0.013856521,0.999903994,11
1782463492.440551281,34.605248451,9921,vicon_state_data,ball,1,0,2.992113418,0.051569741,1.240418167,0.000000000,0.000000000,0.000000000,1.000000000,1,-0.865229538,-0.378452987,0.820938146,0.000000000,0.000000000,0.019065927,0.999818229,11
1782463492.444190979,34.608888149,9922,vicon_state_data,ball,1,0,2.992760106,0.051393098,1.241358135,0.000000000,0.000000000,0.000000000,1.000000000,1,-0.864766153,-0.378939549,0.820401008,0.000000000,0.000000000,0.013762558,0.999905292,11
1782463492.447314262,34.612011433,9923,vicon_state_data,ball,1,0,2.993270078,0.051047866,1.242019530,0.000000000,0.000000000,0.000000000,1.000000000,1,-0.865269936,-0.378462894,0.820937691,0.000000000,0.000000000,0.019208716,0.999815496,11
1782463492.450404882,34.615102053,9924,vicon_state_data,ball,1,0,2.993895517,0.050613869,1.242833075,0.000000000,0.000000000,0.000000000,1.000000000,1,-0.864772532,-0.379020917,0.820359635,0.000000000,0.000000000,0.013489565,0.999909012,11
1782463492.453593016,34.618290186,9925,vicon_state_data,ball,1,0,2.994728348,0.050704588,1.243855734,0.000000000,0.000000000,0.000000000,1.000000000,1,-0.865313818,-0.378533698,0.821018177,0.000000000,0.000000000,0.019265277,0.999814407,11
1782463492.456828356,34.621525526,9926,vicon_state_data,ball,1,0,2.995137234,0.049953970,1.244547785,0.000000000,0.000000000,0.000000000,1.000000000,1,-0.865346824,-0.378583718,0.821028270,0.000000000,0.000000000,0.019245987,0.999814779,11
1782463492.460103273,34.624800444,9927,vicon_state_data,ball,1,0,2.995793434,0.049865831,1.245338059,0.000000000,0.000000000,0.000000000,1.000000000,1,-0.864827489,-0.379105668,0.820389781,0.000000000,0.000000000,0.013667306,0.999906598,11
1782463492.463476419,34.628173590,9928,vicon_state_data,ball,1,0,2.996432431,0.049478861,1.246126060,0.000000000,0.000000000,0.000000000,1.000000000,1,-0.865013635,-0.378858560,0.820476046,0.000000000,0.000000000,0.015819726,0.999874860,11
1782463492.466895580,34.631592751,9929,vicon_state_data,ball,1,0,2.997164883,0.049742916,1.247272043,0.000000000,0.000000000,0.000000000,1.000000000,1,-0.865048920,-0.378887379,0.820503610,0.000000000,0.000000000,0.015799309,0.999875183,11
1782463492.470221281,34.634918451,9930,vicon_state_data,ball,1,0,2.997645434,0.049335855,1.248024377,0.000000000,0.000000000,0.000000000,1.000000000,1,-0.865382654,-0.378700501,0.821024902,0.000000000,0.000000000,0.019115702,0.999817278,11
1782463492.473592997,34.638290167,9931,vicon_state_data,ball,1,0,2.998240187,0.049014998,1.248837117,0.000000000,0.000000000,0.000000000,1.000000000,1,-0.865292244,-0.378828103,0.820919255,0.000000000,0.000000000,0.018246271,0.999833523,11
1782463492.476705074,34.641402245,9932,vicon_state_data,ball,1,0,2.998904924,0.048650030,1.249507387,0.000000000,0.000000000,0.000000000,1.000000000,1,-0.865356060,-0.378810307,0.820948036,0.000000000,0.000000000,0.018508536,0.999828702,11
1782463492.480027437,34.644724607,9933,vicon_state_data,ball,1,0,2.999516453,0.048616365,1.250335084,0.000000000,0.000000000,0.000000000,1.000000000,1,-0.865465301,-0.378766429,0.821040802,0.000000000,0.000000000,0.019194647,0.999815766,11
1782463492.483627081,34.648324251,9934,vicon_state_data,ball,1,0,3.000052375,0.047910043,1.250944394,0.000000000,0.000000000,0.000000000,1.000000000,1,-0.865447849,-0.378778841,0.820962413,0.000000000,0.000000000,0.019065917,0.999818229,11
1782463492.486890316,34.651587486,9935,vicon_state_data,ball,1,0,3.000771285,0.048109421,1.252044306,0.000000000,0.000000000,0.000000000,1.000000000,1,-0.865462885,-0.378847668,0.820955263,0.000000000,0.000000000,0.018999936,0.999819485,11
1782463492.490372181,34.655069351,9936,vicon_state_data,ball,1,0,3.001307512,0.047632568,1.252577015,0.000000000,0.000000000,0.000000000,1.000000000,1,-0.865159407,-0.379061245,0.820424343,0.000000000,0.000000000,0.015778190,0.999875517,11
1782463492.493671179,34.658368349,9937,vicon_state_data,ball,1,0,3.001999587,0.047387027,1.253420723,0.000000000,0.000000000,0.000000000,1.000000000,1,-0.865564918,-0.378892048,0.821008546,0.000000000,0.000000000,0.019285239,0.999814022,11
1782463492.496756315,34.661453485,9938,vicon_state_data,ball,1,0,3.002657668,0.047068530,1.254249955,0.000000000,0.000000000,0.000000000,1.000000000,1,-0.865557062,-0.378963802,0.820995312,0.000000000,0.000000000,0.019258113,0.999814545,11
1782463492.500039339,34.664736509,9939,vicon_state_data,ball,1,0,3.003027170,0.046348754,1.254653056,0.000000000,0.000000000,0.000000000,1.000000000,1,-0.865539428,-0.378935894,0.820917831,0.000000000,0.000000000,0.019071474,0.999818123,11
1782463492.503633738,34.668330908,9940,vicon_state_data,ball,1,0,3.003749895,0.046494457,1.255323811,0.000000000,0.000000000,0.000000000,1.000000000,1,-0.865238548,-0.379224114,0.820411644,0.000000000,0.000000000,0.015869192,0.999874076,11
1782463492.506870747,34.671567917,9941,vicon_state_data,ball,1,0,3.004261144,0.045808309,1.255940415,0.000000000,0.000000000,0.000000000,1.000000000,1,-0.865587699,-0.379074811,0.820977089,0.000000000,0.000000000,0.019119851,0.999817199,11
1782463492.510196686,34.674893856,9942,vicon_state_data,ball,1,0,3.004852784,0.045477310,1.256553328,0.000000000,0.000000000,0.000000000,1.000000000,1,-0.864915630,-0.379475160,0.820019908,0.000000000,0.000000000,0.014330821,0.999897309,11
1782463492.513373137,34.678070307,9943,vicon_state_data,ball,1,0,3.005344317,0.045129771,1.257035337,0.000000000,0.000000000,0.000000000,1.000000000,1,-0.865248898,-0.379417012,0.820712051,0.000000000,0.000000000,0.016997081,0.999855539,11
1782463492.516829967,34.681527138,9944,vicon_state_data,ball,1,0,3.005913788,0.044668865,1.257441227,0.000000000,0.000000000,0.000000000,1.000000000,1,-0.865282791,-0.379363725,0.820675284,0.000000000,0.000000000,0.017249587,0.999851215,11
1782463492.520126581,34.684823751,9945,vicon_state_data,ball,1,0,3.006449245,0.044312892,1.257649967,0.000000000,0.000000000,0.000000000,1.000000000,1,-0.864930343,-0.379660108,0.820017751,0.000000000,0.000000000,0.013864153,0.999903888,11
1782463492.523372650,34.688069820,9946,vicon_state_data,ball,1,0,3.006921987,0.043775781,1.257923344,0.000000000,0.000000000,0.000000000,1.000000000,1,-0.865286107,-0.379531298,0.820727390,0.000000000,0.000000000,0.016963653,0.999856107,11
1782463492.526744843,34.691442013,9947,vicon_state_data,ball,1,0,3.007440316,0.043120418,1.258089891,0.000000000,0.000000000,0.000000000,1.000000000,1,-0.864966646,-0.379730139,0.820047972,0.000000000,0.000000000,0.013969254,0.999902425,11
1782463492.529880524,34.694577694,9948,vicon_state_data,ball,1,0,3.008081594,0.042759267,1.257909513,0.000000000,0.000000000,0.000000000,1.000000000,1,-0.865344816,-0.379590884,0.820801788,0.000000000,0.000000000,0.017071002,0.999854280,11
1782463492.533298254,34.697995424,9949,vicon_state_data,ball,1,0,3.008716681,0.042291789,1.257746137,0.000000000,0.000000000,0.000000000,1.000000000,1,-0.865347432,-0.379642505,0.820765081,0.000000000,0.000000000,0.017042304,0.999854769,11
1782463492.536813021,34.701510191,9950,vicon_state_data,ball,1,0,3.009309294,0.042053120,1.257465728,0.000000000,0.000000000,0.000000000,1.000000000,1,-0.865381250,-0.379632248,0.820808175,0.000000000,0.000000000,0.017127694,0.999853310,11
1782463492.539967060,34.704664230,9951,vicon_state_data,ball,1,0,3.009868411,0.041565840,1.257112272,0.000000000,0.000000000,0.000000000,1.000000000,1,-0.865355801,-0.379562881,0.820752130,0.000000000,0.000000000,0.017367319,0.999849177,11
1782463492.543425798,34.708122969,9952,vicon_state_data,ball,1,0,3.010347412,0.041065882,1.256717471,0.000000000,0.000000000,0.000000000,1.000000000,1,-0.865415789,-0.379713706,0.820822904,0.000000000,0.000000000,0.017006539,0.999855378,11
1782463492.546867132,34.711564302,9953,vicon_state_data,ball,1,0,3.010852506,0.040642495,1.256122515,0.000000000,0.000000000,0.000000000,1.000000000,1,-0.865420898,-0.379737276,0.820816931,0.000000000,0.000000000,0.016988741,0.999855681,11
1782463492.550472260,34.715169430,9954,vicon_state_data,ball,1,0,3.011427968,0.040260631,1.255524302,0.000000000,0.000000000,0.000000000,1.000000000,1,-0.865071794,-0.379963177,0.820082152,0.000000000,0.000000000,0.013655701,0.999906757,11
1782463492.553558588,34.718255758,9955,vicon_state_data,ball,1,0,3.011952085,0.039850893,1.254861006,0.000000000,0.000000000,0.000000000,1.000000000,1,-0.865423117,-0.379673536,0.820758511,0.000000000,0.000000000,0.017291500,0.999850491,11
1782463492.556689978,34.721387148,9956,vicon_state_data,ball,1,0,3.012464192,0.039424458,1.253926058,0.000000000,0.000000000,0.000000000,1.000000000,1,-0.865494280,-0.379797684,0.820786924,0.000000000,0.000000000,0.017054966,0.999854553,11
1782463492.560110092,34.724807262,9957,vicon_state_data,ball,1,0,3.013029978,0.039171264,1.253017839,0.000000000,0.000000000,0.000000000,1.000000000,1,-0.865142611,-0.380019067,0.820059423,0.000000000,0.000000000,0.013725272,0.999905804,11
1782463492.563399315,34.728096485,9958,vicon_state_data,ball,1,0,3.013345277,0.039189047,1.251997595,0.000000000,0.000000000,0.000000000,1.000000000,1,-0.863174327,-0.384369929,0.820453979,0.000000000,0.000000000,0.000000000,1.000000000,11
1782463492.567088127,34.731785297,9959,vicon_state_data,ball,1,0,3.014360947,0.038917082,1.250101946,0.000000000,0.000000000,0.000000000,1.000000000,1,-0.865517806,-0.379904254,0.820778390,0.000000000,0.000000000,0.016896512,0.999857244,11
1782463492.570312977,34.735010147,9960,vicon_state_data,ball,1,0,3.014877222,0.038217184,1.248815208,0.000000000,0.000000000,0.000000000,1.000000000,1,-0.865153439,-0.380149446,0.820011701,0.000000000,0.000000000,0.013397939,0.999910244,11
1782463492.573547840,34.738245010,9961,vicon_state_data,ball,1,0,3.015524674,0.038109945,1.247663615,0.000000000,0.000000000,0.000000000,1.000000000,1,-0.865572580,-0.379893147,0.820756032,0.000000000,0.000000000,0.016981847,0.999855798,11
1782463492.576907158,34.741604328,9962,vicon_state_data,ball,1,0,3.015951096,0.037431365,1.245988126,0.000000000,0.000000000,0.000000000,1.000000000,1,-0.865560962,-0.379837876,0.820750097,0.000000000,0.000000000,0.017293416,0.999850458,11
1782463492.580127239,34.744824409,9963,vicon_state_data,ball,1,0,3.016592892,0.037177013,1.244392654,0.000000000,0.000000000,0.000000000,1.000000000,1,-0.865223477,-0.380214572,0.820010831,0.000000000,0.000000000,0.013477054,0.999909180,11
1782463492.583376169,34.748073339,9964,vicon_state_data,ball,1,0,3.017110964,0.036677633,1.242732977,0.000000000,0.000000000,0.000000000,1.000000000,1,-0.865246136,-0.380216276,0.820057805,0.000000000,0.000000000,0.013621800,0.999907219,11
1782463492.586748838,34.751446009,9965,vicon_state_data,ball,1,0,3.017686478,0.036275190,1.241024814,0.000000000,0.000000000,0.000000000,1.000000000,1,-0.865267141,-0.380269149,0.819997793,0.000000000,0.000000000,0.013476088,0.999909193,11
1782463492.590129852,34.754827023,9966,vicon_state_data,ball,1,0,3.018119117,0.035469409,1.238963422,0.000000000,0.000000000,0.000000000,1.000000000,1,-0.865694450,-0.380021235,0.820788320,0.000000000,0.000000000,0.017342528,0.999849607,11
1782463492.593332291,34.758029461,9967,vicon_state_data,ball,1,0,3.018650445,0.035002560,1.236868192,0.000000000,0.000000000,0.000000000,1.000000000,1,-0.865734680,-0.380011179,0.820799327,0.000000000,0.000000000,0.017534326,0.999846262,11
1782463492.596910954,34.761608124,9968,vicon_state_data,ball,1,0,3.019239125,0.034962639,1.234637906,0.000000000,0.000000000,0.000000000,1.000000000,1,-0.865721641,-0.380081853,0.820774007,0.000000000,0.000000000,0.017364542,0.999849225,11
1782463492.600044489,34.764741659,9969,vicon_state_data,ball,1,0,3.019707548,0.034167927,1.232396876,0.000000000,0.000000000,0.000000000,1.000000000,1,-0.865791379,-0.380151476,0.820794794,0.000000000,0.000000000,0.017634365,0.999844503,11
1782463492.603667736,34.768364906,9970,vicon_state_data,ball,1,0,3.020358184,0.034144128,1.230106737,0.000000000,0.000000000,0.000000000,1.000000000,1,-0.865804466,-0.380162595,0.820778013,0.000000000,0.000000000,0.017752491,0.999842412,11
1782463492.606802225,34.771499395,9971,vicon_state_data,ball,1,0,3.020781873,0.033346175,1.227581798,0.000000000,0.000000000,0.000000000,1.000000000,1,-0.865340719,-0.380416744,0.819985317,0.000000000,0.000000000,0.013721200,0.999905860,11
1782463492.610176325,34.774873495,9972,vicon_state_data,ball,1,0,3.021245187,0.032802069,1.224787381,0.000000000,0.000000000,0.000000000,1.000000000,1,-0.865394457,-0.380515703,0.820032628,0.000000000,0.000000000,0.013635362,0.999907034,11
1782463492.613589764,34.778286934,9973,vicon_state_data,ball,1,0,3.021789147,0.032355705,1.222291820,0.000000000,0.000000000,0.000000000,1.000000000,1,-0.865849747,-0.380280038,0.820762049,0.000000000,0.000000000,0.017620240,0.999844752,11
1782463492.616867065,34.781564236,9974,vicon_state_data,ball,1,0,3.017895369,0.032281821,1.218403284,0.000000000,0.000000000,0.000000000,1.000000000,1,-0.865455275,-0.380620488,0.820002070,0.000000000,0.000000000,0.013796116,0.999904829,11
1782463492.620229959,34.784927130,9975,vicon_state_data,ball,1,0,3.005283674,0.032352523,1.212487653,0.000000000,0.000000000,0.000000000,1.000000000,1,-0.865528860,-0.380582277,0.820109721,0.000000000,0.000000000,0.014074215,0.999900953,11
1782463492.623730659,34.788427830,9976,vicon_state_data,ball,1,0,2.992400740,0.032560957,1.206244405,0.000000000,0.000000000,0.000000000,1.000000000,1,-0.865526882,-0.380650454,0.820102765,0.000000000,0.000000000,0.013988239,0.999902160,11
1782463492.627236605,34.791933775,9977,vicon_state_data,ball,1,0,2.979353180,0.032630136,1.199826167,0.000000000,0.000000000,0.000000000,1.000000000,1,-0.865855324,-0.380498692,0.820678650,0.000000000,0.000000000,0.017017611,0.999855190,11
1782463492.630258083,34.794955254,9978,vicon_state_data,ball,1,0,2.966090290,0.033072847,1.193335315,0.000000000,0.000000000,0.000000000,1.000000000,1,-0.865541961,-0.380729312,0.820084865,0.000000000,0.000000000,0.013877647,0.999903701,11
1782463492.633355618,34.798052788,9979,vicon_state_data,ball,1,0,2.952817937,0.033510156,1.186924848,0.000000000,0.000000000,0.000000000,1.000000000,1,-0.865572526,-0.380783598,0.820053994,0.000000000,0.000000000,0.014071099,0.999900997,11
1782463492.636659145,34.801356316,9980,vicon_state_data,ball,1,0,2.939871622,0.034106530,1.180451902,0.000000000,0.000000000,0.000000000,1.000000000,1,-0.865622024,-0.380731354,0.820082641,0.000000000,0.000000000,0.014053771,0.999901241,11
1782463492.639983654,34.804680824,9981,vicon_state_data,ball,1,0,2.926878769,0.034446199,1.174002194,0.000000000,0.000000000,0.000000000,1.000000000,1,-0.865641969,-0.380866096,0.820120566,0.000000000,0.000000000,0.014173969,0.999899544,11
1782463492.643539906,34.808237076,9982,vicon_state_data,ball,1,0,2.913950072,0.034292026,1.167558200,0.000000000,0.000000000,0.000000000,1.000000000,1,-0.865672872,-0.380888826,0.820130014,0.000000000,0.000000000,0.014090150,0.999900729,11
1782463492.646938324,34.811635494,9983,vicon_state_data,ball,1,0,2.901067722,0.034267284,1.161116932,0.000000000,0.000000000,0.000000000,1.000000000,1,-0.865585731,-0.380977792,0.820103302,0.000000000,0.000000000,0.013394406,0.999910291,11
1782463492.650116920,34.814814091,9984,vicon_state_data,ball,1,0,2.888185677,0.034386485,1.154426487,0.000000000,0.000000000,0.000000000,1.000000000,1,-0.865639478,-0.381053251,0.820120761,0.000000000,0.000000000,0.013603449,0.999907469,11
1782463492.653630495,34.818327665,9985,vicon_state_data,ball,1,0,2.875268087,0.034489040,1.147469583,0.000000000,0.000000000,0.000000000,1.000000000,1,-0.865433311,-0.381377097,0.819982289,0.000000000,0.000000000,0.011996643,0.999928038,11
1782463492.656584263,34.821281433,9986,vicon_state_data,ball,1,0,2.862379398,0.034719524,1.140230535,0.000000000,0.000000000,0.000000000,1.000000000,1,-0.865466590,-0.381347110,0.819999574,0.000000000,0.000000000,0.012267833,0.999924747,11
1782463492.660062551,34.824759722,9987,vicon_state_data,ball,1,0,2.849325405,0.034908537,1.132889676,0.000000000,0.000000000,0.000000000,1.000000000,1,-0.865955213,-0.380899700,0.820406577,0.000000000,0.000000000,0.015467038,0.999880378,11
1782463492.663483620,34.828180790,9988,vicon_state_data,ball,1,0,2.836283850,0.035038583,1.125631292,0.000000000,0.000000000,0.000000000,1.000000000,1,-0.865953314,-0.380908224,0.820369948,0.000000000,0.000000000,0.015587780,0.999878503,11
1782463492.666800976,34.831498146,9989,vicon_state_data,ball,1,0,2.823217867,0.035186512,1.118238750,0.000000000,0.000000000,0.000000000,1.000000000,1,-0.865954114,-0.381007388,0.820373441,0.000000000,0.000000000,0.015439838,0.999880799,11
1782463492.670370102,34.835067272,9990,vicon_state_data,ball,1,0,2.810237942,0.035213745,1.111100467,0.000000000,0.000000000,0.000000000,1.000000000,1,-0.865978086,-0.380981651,0.820424556,0.000000000,0.000000000,0.015440493,0.999880788,11
1782463492.673428297,34.838125467,9991,vicon_state_data,ball,1,0,2.797460622,0.035200208,1.103835326,0.000000000,0.000000000,0.000000000,1.000000000,1,-0.865986176,-0.381105531,0.820397929,0.000000000,0.000000000,0.015363351,0.999881977,11
1782463492.676764727,34.841461897,9992,vicon_state_data,ball,1,0,2.784719338,0.034426980,1.096831100,0.000000000,0.000000000,0.000000000,1.000000000,1,-0.866024670,-0.381113559,0.820445892,0.000000000,0.000000000,0.015612357,0.999878120,11
1782463492.679987669,34.844684839,9993,vicon_state_data,ball,1,0,2.771837503,0.034955880,1.089026335,0.000000000,0.000000000,0.000000000,1.000000000,1,-0.866020161,-0.381168445,0.820428738,0.000000000,0.000000000,0.015132341,0.999885500,11
1782463492.683389187,34.848086357,9994,vicon_state_data,ball,1,0,2.759029172,0.035702119,1.080991858,0.000000000,0.000000000,0.000000000,1.000000000,1,-0.866059594,-0.381184858,0.820466393,0.000000000,0.000000000,0.015131292,0.999885515,11
1782463492.686719656,34.851416826,9995,vicon_state_data,ball,1,0,2.746204384,0.035092891,1.072393230,0.000000000,0.000000000,0.000000000,1.000000000,1,-0.866056504,-0.381286430,0.820465548,0.000000000,0.000000000,0.014850017,0.999889732,11
1782463492.690394402,34.855091572,9996,vicon_state_data,ball,1,0,2.733034436,0.035348562,1.064147163,0.000000000,0.000000000,0.000000000,1.000000000,1,-0.866086506,-0.381318834,0.820477442,0.000000000,0.000000000,0.014959937,0.999888094,11
1782463492.693714619,34.858411789,9997,vicon_state_data,ball,1,0,2.719929510,0.035763046,1.056055292,0.000000000,0.000000000,0.000000000,1.000000000,1,-0.866079527,-0.381341210,0.820394732,0.000000000,0.000000000,0.015233173,0.999883968,11
1782463492.696743727,34.861440897,9998,vicon_state_data,ball,1,0,2.707219314,0.036442845,1.047942569,0.000000000,0.000000000,0.000000000,1.000000000,1,-0.866096814,-0.381434723,0.820402045,0.000000000,0.000000000,0.015143940,0.999885324,11
1782463492.700109482,34.864806652,9999,vicon_state_data,ball,1,0,2.694148027,0.036506242,1.040293996,0.000000000,0.000000000,0.000000000,1.000000000,1,-0.866092693,-0.381457475,0.820364842,0.000000000,0.000000000,0.015180955,0.999884763,11
1782463492.703393459,34.868090630,10000,vicon_state_data,ball,1,0,2.681558894,0.036421853,1.031948091,0.000000000,0.000000000,0.000000000,1.000000000,1,-0.866143216,-0.381462911,0.820399955,0.000000000,0.000000000,0.014992242,0.999887610,11
1782463492.706838608,34.871535778,10001,vicon_state_data,ball,1,0,2.669087835,0.036347066,1.023557884,0.000000000,0.000000000,0.000000000,1.000000000,1,-0.866120209,-0.381478415,0.820325964,0.000000000,0.000000000,0.014849551,0.999889739,11
1782463492.710145473,34.874842644,10002,vicon_state_data,ball,1,0,2.656464401,0.036629427,1.015068713,0.000000000,0.000000000,0.000000000,1.000000000,1,-0.865989545,-0.381642984,0.820181090,0.000000000,0.000000000,0.013733655,0.999905689,11
1782463492.713693380,34.878390551,10003,vicon_state_data,ball,1,0,2.644010116,0.037271332,1.005994304,0.000000000,0.000000000,0.000000000,1.000000000,1,-0.866012064,-0.381669050,0.820199424,0.000000000,0.000000000,0.013667564,0.999906594,11
1782463492.716857433,34.881554604,10004,vicon_state_data,ball,1,0,2.631335285,0.036538882,0.997389654,0.000000000,0.000000000,0.000000000,1.000000000,1,-0.866595955,-0.381253758,0.821119982,0.000000000,0.000000000,0.019021193,0.999819081,11
1782463492.720365524,34.885062695,10005,vicon_state_data,ball,1,0,2.618417413,0.036701292,0.988451956,0.000000000,0.000000000,0.000000000,1.000000000,1,-0.866195169,-0.381666173,0.820368711,0.000000000,0.000000000,0.014822203,0.999890145,11
1782463492.723472357,34.888169527,10006,vicon_state_data,ball,1,0,2.605577253,0.036777821,0.979414612,0.000000000,0.000000000,0.000000000,1.000000000,1,-0.866610348,-0.381346180,0.821076755,0.000000000,0.000000000,0.018945745,0.999820513,11
1782463492.726722002,34.891419172,10007,vicon_state_data,ball,1,0,2.592815867,0.036827096,0.970603730,0.000000000,0.000000000,0.000000000,1.000000000,1,-0.866259108,-0.381772979,0.820406500,0.000000000,0.000000000,0.014785031,0.999890695,11
1782463492.729998112,34.894695282,10008,vicon_state_data,ball,1,0,2.580092359,0.036881722,0.961805984,0.000000000,0.000000000,0.000000000,1.000000000,1,-0.866103153,-0.381922773,0.820199174,0.000000000,0.000000000,0.013465887,0.999909331,11
1782463492.733464003,34.898161173,10009,vicon_state_data,ball,1,0,2.567596414,0.036898298,0.953044101,0.000000000,0.000000000,0.000000000,1.000000000,1,-0.866288523,-0.381867137,0.820449579,0.000000000,0.000000000,0.014712859,0.999891760,11
1782463492.736880302,34.901577473,10010,vicon_state_data,ball,1,0,2.555189500,0.036107359,0.944506645,0.000000000,0.000000000,0.000000000,1.000000000,1,-0.866699679,-0.381543019,0.821153247,0.000000000,0.000000000,0.018835020,0.999822605,11
1782463492.740702868,34.905400038,10011,vicon_state_data,ball,1,0,2.542536141,0.036518527,0.935209988,0.000000000,0.000000000,0.000000000,1.000000000,1,-0.866264530,-0.381954678,0.820390036,0.000000000,0.000000000,0.014341106,0.999897161,11
1782463492.743455172,34.908152342,10012,vicon_state_data,ball,1,0,2.530088294,0.036944919,0.925208044,0.000000000,0.000000000,0.000000000,1.000000000,1,-0.866172176,-0.382107029,0.820292105,0.000000000,0.000000000,0.013346608,0.999910930,11
1782463492.746681929,34.911379099,10013,vicon_state_data,ball,1,0,2.517305780,0.037073361,0.915497221,0.000000000,0.000000000,0.000000000,1.000000000,1,-0.866297982,-0.382055558,0.820400968,0.000000000,0.000000000,0.014421080,0.999896011,11
1782463492.749993563,34.914690733,10014,vicon_state_data,ball,1,0,2.504460862,0.037432712,0.905730240,0.000000000,0.000000000,0.000000000,1.000000000,1,-0.866354444,-0.382135729,0.820458850,0.000000000,0.000000000,0.014354978,0.999896962,11
1782463492.753531218,34.918228388,10015,vicon_state_data,ball,1,0,2.491524860,0.037751288,0.896022273,0.000000000,0.000000000,0.000000000,1.000000000,1,-0.866326777,-0.382225544,0.820413878,0.000000000,0.000000000,0.014140574,0.999900017,11
1782463492.756674767,34.921371937,10016,vicon_state_data,ball,1,0,2.479230708,0.038642118,0.886510213,0.000000000,0.000000000,0.000000000,1.000000000,1,-0.866366983,-0.382234247,0.820443789,0.000000000,0.000000000,0.014388405,0.999896482,11
1782463492.759965181,34.924662352,10017,vicon_state_data,ball,1,0,2.466307747,0.038629595,0.877479620,0.000000000,0.000000000,0.000000000,1.000000000,1,-0.866371343,-0.382286641,0.820381979,0.000000000,0.000000000,0.014393127,0.999896414,11
1782463492.763319254,34.928016424,10018,vicon_state_data,ball,1,0,2.453966531,0.038540049,0.867644329,0.000000000,0.000000000,0.000000000,1.000000000,1,-0.866419532,-0.382335753,0.820456261,0.000000000,0.000000000,0.014361709,0.999896865,11
1782463492.766775131,34.931472301,10019,vicon_state_data,ball,1,0,2.441762518,0.038630313,0.857818422,0.000000000,0.000000000,0.000000000,1.000000000,1,-0.866373759,-0.382342414,0.820400273,0.000000000,0.000000000,0.013932122,0.999902943,11
1782463492.770194292,34.934891462,10020,vicon_state_data,ball,1,0,2.429426915,0.039000227,0.847913703,0.000000000,0.000000000,0.000000000,1.000000000,1,-0.866436845,-0.382332107,0.820428926,0.000000000,0.000000000,0.014589942,0.999893561,11
1782463492.773435831,34.938133001,10021,vicon_state_data,ball,1,0,2.417172201,0.039653982,0.837260076,0.000000000,0.000000000,0.000000000,1.000000000,1,-0.866442649,-0.382414001,0.820434879,0.000000000,0.000000000,0.014463825,0.999895393,11
1782463492.776712894,34.941410065,10022,vicon_state_data,ball,1,0,2.404787137,0.039008773,0.827040922,0.000000000,0.000000000,0.000000000,1.000000000,1,-0.866418435,-0.382354588,0.820374531,0.000000000,0.000000000,0.014235792,0.999898666,11
1782463492.780052900,34.944750071,10023,vicon_state_data,ball,1,0,2.392143698,0.039299897,0.816536019,0.000000000,0.000000000,0.000000000,1.000000000,1,-0.866320166,-0.382398529,0.820204026,0.000000000,0.000000000,0.013619833,0.999907246,11
1782463492.783318281,34.948015451,10024,vicon_state_data,ball,1,0,2.379435262,0.039451672,0.806107035,0.000000000,0.000000000,0.000000000,1.000000000,1,-0.866817888,-0.382096737,0.821085333,0.000000000,0.000000000,0.018436590,0.999830032,11
1782463492.787301302,34.951998472,10025,vicon_state_data,ball,1,0,2.366868126,0.039471882,0.795819906,0.000000000,0.000000000,0.000000000,1.000000000,1,-0.866820804,-0.382157973,0.821064731,0.000000000,0.000000000,0.018322520,0.999832129,11
1782463492.790211439,34.954908609,10026,vicon_state_data,ball,1,0,2.354355130,0.039522031,0.785648137,0.000000000,0.000000000,0.000000000,1.000000000,1,-0.866351692,-0.382577698,0.820188582,0.000000000,0.000000000,0.013653432,0.999906788,11
1782463492.793484449,34.958181620,10027,vicon_state_data,ball,1,0,2.342013521,0.039690796,0.775408928,0.000000000,0.000000000,0.000000000,1.000000000,1,-0.866891450,-0.382176924,0.821087780,0.000000000,0.000000000,0.018778262,0.999823673,11
1782463492.796804905,34.961502075,10028,vicon_state_data,ball,1,0,2.329670071,0.039111193,0.765254750,0.000000000,0.000000000,0.000000000,1.000000000,1,-0.866858198,-0.382308621,0.821070604,0.000000000,0.000000000,0.018457049,0.999829654,11
1782463492.800186396,34.964883566,10029,vicon_state_data,ball,1,0,2.317422417,0.039480801,0.754871867,0.000000000,0.000000000,0.000000000,1.000000000,1,-0.866894736,-0.382299105,0.821055678,0.000000000,0.000000000,0.018675951,0.999825589,11
1782463492.803620577,34.968317747,10030,vicon_state_data,ball,1,0,2.306750528,0.040051208,0.763551046,0.000000000,0.000000000,0.000000000,1.000000000,1,-0.866952133,-0.382413169,0.821088382,0.000000000,0.000000000,0.018662868,0.999825834,11
1782463492.806691885,34.971389055,10031,vicon_state_data,ball,1,0,2.296588492,0.040126718,0.772387368,0.000000000,0.000000000,0.000000000,1.000000000,1,-0.866932021,-0.382391573,0.821073052,0.000000000,0.000000000,0.018624101,0.999826556,11
1782463492.810305119,34.975002289,10032,vicon_state_data,ball,1,0,2.286112876,0.040332945,0.781753858,0.000000000,0.000000000,0.000000000,1.000000000,1,-0.866950688,-0.382417527,0.821082758,0.000000000,0.000000000,0.018664500,0.999825803,11
1782463492.813572645,34.978269815,10033,vicon_state_data,ball,1,0,2.275589896,0.040579037,0.790739481,0.000000000,0.000000000,0.000000000,1.000000000,1,-0.866960116,-0.382515252,0.821103870,0.000000000,0.000000000,0.018609946,0.999826820,11
1782463492.816922188,34.981619358,10034,vicon_state_data,ball,1,0,2.264979610,0.040901713,0.799660097,0.000000000,0.000000000,0.000000000,1.000000000,1,-0.866984441,-0.382548249,0.821097310,0.000000000,0.000000000,0.018722504,0.999824719,11
1782463492.820363045,34.985060215,10035,vicon_state_data,ball,1,0,2.254493358,0.041223068,0.808541569,0.000000000,0.000000000,0.000000000,1.000000000,1,-0.866995860,-0.382600888,0.821127043,0.000000000,0.000000000,0.018703105,0.999825082,11
1782463492.823383331,34.988080502,10036,vicon_state_data,ball,1,0,2.244225991,0.041654687,0.817357421,0.000000000,0.000000000,0.000000000,1.000000000,1,-0.866986389,-0.382697255,0.821122383,0.000000000,0.000000000,0.018555602,0.999827830,11
1782463492.826751709,34.991448879,10037,vicon_state_data,ball,1,0,2.233879577,0.042110650,0.826214712,0.000000000,0.000000000,0.000000000,1.000000000,1,-0.866452635,-0.383181086,0.820181694,0.000000000,0.000000000,0.013501316,0.999908853,11
1782463492.829992533,34.994689703,10038,vicon_state_data,ball,1,0,2.223128320,0.042132393,0.835468817,0.000000000,0.000000000,0.000000000,1.000000000,1,-0.867038222,-0.382917319,0.821158503,0.000000000,0.000000000,0.018430378,0.999830146,11
1782463492.833448172,34.998145342,10039,vicon_state_data,ball,1,0,2.212814253,0.041985118,0.843598093,0.000000000,0.000000000,0.000000000,1.000000000,1,-0.867022418,-0.382881901,0.821126476,0.000000000,0.000000000,0.018265261,0.999833176,11
1782463492.836740255,35.001437426,10040,vicon_state_data,ball,1,0,2.202715905,0.042346248,0.852107268,0.000000000,0.000000000,0.000000000,1.000000000,1,-0.867037599,-0.382923015,0.821136662,0.000000000,0.000000000,0.018273614,0.999833024,11
1782463492.840054274,35.004751444,10041,vicon_state_data,ball,1,0,2.192475471,0.042433840,0.860402834,0.000000000,0.000000000,0.000000000,1.000000000,1,-0.867047686,-0.382986227,0.821131915,0.000000000,0.000000000,0.018167484,0.999834958,11
1782463492.843254089,35.007951260,10042,vicon_state_data,ball,1,0,2.182323479,0.042673937,0.868538664,0.000000000,0.000000000,0.000000000,1.000000000,1,-0.867071570,-0.382967834,0.821169626,0.000000000,0.000000000,0.018339530,0.999831817,11
1782463492.846884966,35.011582136,10043,vicon_state_data,ball,1,0,2.172226871,0.042932370,0.876426333,0.000000000,0.000000000,0.000000000,1.000000000,1,-0.866858959,-0.383288741,0.820922366,0.000000000,0.000000000,0.016488591,0.999864054,11
1782463492.850118399,35.014815569,10044,vicon_state_data,ball,1,0,2.162211386,0.043258636,0.883987148,0.000000000,0.000000000,0.000000000,1.000000000,1,-0.866901872,-0.383294084,0.820924174,0.000000000,0.000000000,0.016714459,0.999860304,11
1782463492.853550911,35.018248081,10045,vicon_state_data,ball,1,0,2.151954516,0.043659814,0.891602149,0.000000000,0.000000000,0.000000000,1.000000000,1,-0.866441053,-0.383800052,0.820121089,0.000000000,0.000000000,0.012509550,0.999921753,11
1782463492.856770039,35.021467209,10046,vicon_state_data,ball,1,0,2.141840585,0.044167311,0.899343626,0.000000000,0.000000000,0.000000000,1.000000000,1,-0.866910955,-0.383583041,0.820976155,0.000000000,0.000000000,0.016356210,0.999866228,11
1782463492.860007524,35.024704695,10047,vicon_state_data,ball,1,0,2.131617909,0.044452804,0.906607884,0.000000000,0.000000000,0.000000000,1.000000000,1,-0.866869685,-0.383567003,0.820930106,0.000000000,0.000000000,0.016061478,0.999871006,11
1782463492.863754988,35.028452158,10048,vicon_state_data,ball,1,0,2.121352085,0.044727282,0.913796662,0.000000000,0.000000000,0.000000000,1.000000000,1,-0.866412461,-0.383894578,0.820091484,0.000000000,0.000000000,0.012245508,0.999925021,11
1782463492.867146730,35.031843901,10049,vicon_state_data,ball,1,0,2.111163527,0.044854604,0.920947131,0.000000000,0.000000000,0.000000000,1.000000000,1,-0.866448638,-0.384066646,0.820146223,0.000000000,0.000000000,0.012195372,0.999925634,11
1782463492.870216131,35.034913301,10050,vicon_state_data,ball,1,0,2.101330991,0.044632051,0.927973341,0.000000000,0.000000000,0.000000000,1.000000000,1,-0.866408427,-0.384001536,0.820070981,0.000000000,0.000000000,0.011884741,0.999929374,11
1782463492.873570919,35.038268089,10051,vicon_state_data,ball,1,0,2.091792939,0.044257494,0.934943059,0.000000000,0.000000000,0.000000000,1.000000000,1,-0.866840229,-0.383835776,0.820897044,0.000000000,0.000000000,0.015281746,0.999883227,11
1782463492.876682043,35.041379213,10052,vicon_state_data,ball,1,0,2.081715968,0.044364463,0.942013246,0.000000000,0.000000000,0.000000000,1.000000000,1,-0.866857168,-0.384012434,0.820932799,0.000000000,0.000000000,0.015150097,0.999885231,11
1782463492.880070448,35.044767618,10053,vicon_state_data,ball,1,0,2.071609049,0.044670709,0.948925230,0.000000000,0.000000000,0.000000000,1.000000000,1,-0.866813997,-0.383955282,0.820861486,0.000000000,0.000000000,0.014924941,0.999888617,11
1782463492.883523703,35.048220873,10054,vicon_state_data,ball,1,0,2.061255048,0.045041951,0.955808403,0.000000000,0.000000000,0.000000000,1.000000000,1,-0.866810327,-0.384007747,0.820836939,0.000000000,0.000000000,0.014710341,0.999891797,11
1782463492.886867762,35.051564932,10055,vicon_state_data,ball,1,0,2.051287804,0.044898464,0.962807021,0.000000000,0.000000000,0.000000000,1.000000000,1,-0.866814441,-0.384184346,0.820815865,0.000000000,0.000000000,0.014548092,0.999894171,11
1782463492.890060186,35.054757357,10056,vicon_state_data,ball,1,0,2.041338358,0.045379539,0.969289092,0.000000000,0.000000000,0.000000000,1.000000000,1,-0.866424904,-0.384433459,0.820055023,0.000000000,0.000000000,0.011300491,0.999936147,11
1782463492.893543720,35.058240891,10057,vicon_state_data,ball,1,0,2.031436964,0.045824324,0.975630854,0.000000000,0.000000000,0.000000000,1.000000000,1,-0.866788940,-0.384339954,0.820771486,0.000000000,0.000000000,0.014041673,0.999901411,11
1782463492.896803141,35.061500311,10058,vicon_state_data,ball,1,0,2.021820338,0.046260079,0.981302943,0.000000000,0.000000000,0.000000000,1.000000000,1,-0.866438362,-0.384564513,0.820048890,0.000000000,0.000000000,0.011230215,0.999936939,11
1782463492.900072813,35.064769983,10059,vicon_state_data,ball,1,0,2.011783075,0.046530496,0.987192274,0.000000000,0.000000000,0.000000000,1.000000000,1,-0.866446588,-0.384583205,0.820071935,0.000000000,0.000000000,0.011298590,0.999936169,11
1782463492.903397083,35.068094254,10060,vicon_state_data,ball,1,0,2.001738260,0.046728346,0.993188793,0.000000000,0.000000000,0.000000000,1.000000000,1,-0.866457151,-0.384640952,0.820080748,0.000000000,0.000000000,0.011236749,0.999936866,11
1782463492.906733513,35.071430683,10061,vicon_state_data,ball,1,0,1.991766682,0.046962049,0.999300717,0.000000000,0.000000000,0.000000000,1.000000000,1,-0.866801885,-0.384563925,0.820782707,0.000000000,0.000000000,0.013765346,0.999905253,11
1782463492.910270929,35.074968100,10062,vicon_state_data,ball,1,0,1.981655297,0.047584690,1.004737495,0.000000000,0.000000000,0.000000000,1.000000000,1,-0.866185456,-0.385060549,0.819942309,0.000000000,0.000000000,0.009164478,0.999958005,11
1782463492.913322926,35.078020096,10063,vicon_state_data,ball,1,0,1.971600559,0.047967061,1.010366386,0.000000000,0.000000000,0.000000000,1.000000000,1,-0.866171828,-0.385009745,0.819888716,0.000000000,0.000000000,0.008918608,0.999960228,11
1782463492.916674614,35.081371784,10064,vicon_state_data,ball,1,0,1.961826055,0.048495180,1.016098482,0.000000000,0.000000000,0.000000000,1.000000000,1,-0.866210495,-0.385127116,0.819942393,0.000000000,0.000000000,0.009099432,0.999958599,11
1782463492.920501471,35.085198641,10065,vicon_state_data,ball,1,0,1.951867125,0.048600557,1.021579427,0.000000000,0.000000000,0.000000000,1.000000000,1,-0.866264013,-0.385300361,0.820346125,0.000000000,0.000000000,0.009089626,0.999958688,11
1782463492.923589706,35.088286877,10066,vicon_state_data,ball,1,0,1.941495602,0.048290335,1.027507415,0.000000000,0.000000000,0.000000000,1.000000000,1,-0.866280540,-0.385325431,0.820365758,0.000000000,0.000000000,0.009199566,0.999957683,11
1782463492.926904202,35.091601372,10067,vicon_state_data,ball,1,0,1.931905577,0.048402696,1.032811787,0.000000000,0.000000000,0.000000000,1.000000000,1,-0.866255442,-0.385437134,0.820352548,0.000000000,0.000000000,0.008745215,0.999961760,11
1782463492.930433989,35.095131159,10068,vicon_state_data,ball,1,0,1.922301039,0.048753268,1.038006481,0.000000000,0.000000000,0.000000000,1.000000000,1,-0.866221672,-0.385332442,0.819990585,0.000000000,0.000000000,0.008896169,0.999960428,11
1782463492.933462381,35.098159552,10069,vicon_state_data,ball,1,0,1.912645550,0.048915081,1.043112764,0.000000000,0.000000000,0.000000000,1.000000000,1,-0.866247606,-0.385557838,0.820362999,0.000000000,0.000000000,0.008429954,0.999964467,11
1782463492.936797380,35.101494551,10070,vicon_state_data,ball,1,0,1.902992440,0.049210610,1.048010823,0.000000000,0.000000000,0.000000000,1.000000000,1,-0.866195485,-0.385357274,0.819920083,0.000000000,0.000000000,0.008362026,0.999965038,11
1782463492.940042257,35.104739428,10071,vicon_state_data,ball,1,0,1.893487434,0.049505577,1.052791566,0.000000000,0.000000000,0.000000000,1.000000000,1,-0.866233863,-0.385454230,0.820003548,0.000000000,0.000000000,0.008497846,0.999963893,11
1782463492.943576813,35.108273983,10072,vicon_state_data,ball,1,0,1.883884629,0.049840445,1.057230623,0.000000000,0.000000000,0.000000000,1.000000000,1,-0.866181943,-0.385479931,0.819970448,0.000000000,0.000000000,0.008118772,0.999967042,11
1782463492.946784973,35.111482143,10073,vicon_state_data,ball,1,0,1.874117933,0.049797866,1.062046122,0.000000000,0.000000000,0.000000000,1.000000000,1,-0.866190702,-0.385722766,0.820314363,0.000000000,0.000000000,0.007603386,0.999971094,11
1782463492.950273991,35.114971161,10074,vicon_state_data,ball,1,0,1.864426720,0.050316227,1.066641421,0.000000000,0.000000000,0.000000000,1.000000000,1,-0.866228394,-0.385877835,0.820401095,0.000000000,0.000000000,0.007626256,0.999970920,11
1782463492.953608036,35.118305206,10075,vicon_state_data,ball,1,0,1.854702399,0.050816388,1.070980675,0.000000000,0.000000000,0.000000000,1.000000000,1,-0.866245277,-0.385908940,0.820383719,0.000000000,0.000000000,0.007675871,0.999970540,11
1782463492.956969976,35.121667147,10076,vicon_state_data,ball,1,0,1.844839742,0.051176865,1.075274210,0.000000000,0.000000000,0.000000000,1.000000000,1,-0.866230125,-0.385848559,0.820363610,0.000000000,0.000000000,0.007672988,0.999970562,11
1782463492.960080624,35.124777794,10077,vicon_state_data,ball,1,0,1.834551273,0.051360958,1.080186658,0.000000000,0.000000000,0.000000000,1.000000000,1,-0.866246118,-0.385879626,0.820378359,0.000000000,0.000000000,0.007677047,0.999970531,11
1782463492.963392496,35.128089666,10078,vicon_state_data,ball,1,0,1.824876871,0.051332502,1.084132708,0.000000000,0.000000000,0.000000000,1.000000000,1,-0.866262944,-0.385944650,0.820441482,0.000000000,0.000000000,0.007587708,0.999971213,11
1782463492.966717243,35.131414413,10079,vicon_state_data,ball,1,0,1.814950391,0.051568811,1.087989769,0.000000000,0.000000000,0.000000000,1.000000000,1,-0.866286424,-0.385912010,0.820375388,0.000000000,0.000000000,0.007818044,0.999969439,11
1782463492.970119476,35.134816647,10080,vicon_state_data,ball,1,0,1.805455396,0.051886728,1.091994860,0.000000000,0.000000000,0.000000000,1.000000000,1,-0.866260117,-0.385796719,0.819966430,0.000000000,0.000000000,0.007895428,0.999968831,11
1782463492.973441839,35.138139009,10081,vicon_state_data,ball,1,0,1.796350314,0.052038148,1.096085599,0.000000000,0.000000000,0.000000000,1.000000000,1,-0.866282272,-0.385997786,0.820351474,0.000000000,0.000000000,0.007599444,0.999971124,11
1782463492.976634979,35.141332150,10082,vicon_state_data,ball,1,0,1.787043625,0.052024068,1.099562661,0.000000000,0.000000000,0.000000000,1.000000000,1,-0.866305901,-0.385960288,0.820310770,0.000000000,0.000000000,0.007852385,0.999969170,11
1782463492.980020523,35.144717693,10083,vicon_state_data,ball,1,0,1.777867719,0.052069442,1.103081617,0.000000000,0.000000000,0.000000000,1.000000000,1,-0.866315748,-0.386003091,0.820328163,0.000000000,0.000000000,0.007882616,0.999968932,11
1782463492.983439207,35.148136377,10084,vicon_state_data,ball,1,0,1.768417383,0.052786330,1.106349674,0.000000000,0.000000000,0.000000000,1.000000000,1,-0.866315870,-0.385935626,0.819981103,0.000000000,0.000000000,0.008123583,0.999967003,11
1782463492.986841679,35.151538849,10085,vicon_state_data,ball,1,0,1.759145409,0.053017850,1.109770780,0.000000000,0.000000000,0.000000000,1.000000000,1,-0.866307517,-0.385965504,0.819942110,0.000000000,0.000000000,0.007974021,0.999968207,11
1782463492.990102768,35.154799938,10086,vicon_state_data,ball,1,0,1.749710510,0.053298027,1.112809418,0.000000000,0.000000000,0.000000000,1.000000000,1,-0.866406386,-0.385891156,0.820019245,0.000000000,0.000000000,0.008542658,0.999963511,11
1782463492.993357658,35.158054829,10087,vicon_state_data,ball,1,0,1.740123893,0.053707164,1.115621504,0.000000000,0.000000000,0.000000000,1.000000000,1,-0.866394271,-0.385934647,0.820002617,0.000000000,0.000000000,0.008363562,0.999965025,11
1782463492.996666193,35.161363363,10088,vicon_state_data,ball,1,0,1.730733413,0.054449241,1.118283993,0.000000000,0.000000000,0.000000000,1.000000000,1,-0.866411769,-0.385966391,0.820023916,0.000000000,0.000000000,0.008501352,0.999963863,11
1782463493.000514746,35.165211916,10089,vicon_state_data,ball,1,0,1.721178187,0.055198982,1.121114698,0.000000000,0.000000000,0.000000000,1.000000000,1,-0.866362989,-0.386292562,0.820322758,0.000000000,0.000000000,0.007788996,0.999969665,11
1782463493.003715754,35.168412924,10090,vicon_state_data,ball,1,0,1.711297711,0.055244728,1.123589659,0.000000000,0.000000000,0.000000000,1.000000000,1,-0.866506867,-0.386156569,0.820165600,0.000000000,0.000000000,0.008696163,0.999962188,11
1782463493.007239819,35.171936989,10091,vicon_state_data,ball,1,0,1.701614005,0.055804829,1.126363739,0.000000000,0.000000000,0.000000000,1.000000000,1,-0.866466921,-0.386117358,0.820112909,0.000000000,0.000000000,0.008829033,0.999961023,11
1782463493.010117531,35.174814701,10092,vicon_state_data,ball,1,0,1.692023832,0.056170347,1.129067121,0.000000000,0.000000000,0.000000000,1.000000000,1,-0.866491971,-0.386169121,0.820116808,0.000000000,0.000000000,0.008473854,0.999964096,11
1782463493.013418674,35.178115845,10093,vicon_state_data,ball,1,0,1.682353686,0.056070245,1.131454428,0.000000000,0.000000000,0.000000000,1.000000000,1,-0.866510763,-0.386150612,0.820102870,0.000000000,0.000000000,0.008611684,0.999962919,11
1782463493.016630173,35.181327343,10094,vicon_state_data,ball,1,0,1.672577084,0.056063886,1.134534217,0.000000000,0.000000000,0.000000000,1.000000000,1,-0.866544031,-0.386337277,0.820145483,0.000000000,0.000000000,0.008640187,0.999962673,11
1782463493.020111799,35.184808969,10095,vicon_state_data,ball,1,0,1.663347261,0.056349222,1.136873527,0.000000000,0.000000000,0.000000000,1.000000000,1,-0.866529233,-0.386169603,0.820094985,0.000000000,0.000000000,0.008914276,0.999960267,11
1782463493.023311138,35.188008308,10096,vicon_state_data,ball,1,0,1.654063321,0.056735466,1.139025258,0.000000000,0.000000000,0.000000000,1.000000000,1,-0.866471189,-0.386206186,0.820039393,0.000000000,0.000000000,0.008628154,0.999962777,11
1782463493.026646614,35.191343784,10097,vicon_state_data,ball,1,0,1.644637290,0.056995597,1.141209127,0.000000000,0.000000000,0.000000000,1.000000000,1,-0.866539216,-0.386323613,0.820157084,0.000000000,0.000000000,0.008665109,0.999962457,11
1782463493.030007362,35.194704533,10098,vicon_state_data,ball,1,0,1.635343218,0.057463984,1.143073161,0.000000000,0.000000000,0.000000000,1.000000000,1,-0.866526753,-0.386374413,0.820124196,0.000000000,0.000000000,0.008772085,0.999961525,11
1782463493.033280849,35.197978020,10099,vicon_state_data,ball,1,0,1.626038238,0.057848876,1.144609092,0.000000000,0.000000000,0.000000000,1.000000000,1,-0.866491346,-0.386286601,0.820048213,0.000000000,0.000000000,0.008589536,0.999963109,11
1782463493.036892891,35.201590061,10100,vicon_state_data,ball,1,0,1.616876560,0.057852272,1.146614339,0.000000000,0.000000000,0.000000000,1.000000000,1,-0.866577472,-0.386513436,0.820174401,0.000000000,0.000000000,0.008771777,0.999961527,11
1782463493.040005207,35.204702377,10101,vicon_state_data,ball,1,0,1.607457826,0.058287448,1.148350752,0.000000000,0.000000000,0.000000000,1.000000000,1,-0.866555899,-0.386488838,0.820174123,0.000000000,0.000000000,0.008768813,0.999961553,11
1782463493.043559074,35.208256245,10102,vicon_state_data,ball,1,0,1.597967287,0.058763561,1.149788542,0.000000000,0.000000000,0.000000000,1.000000000,1,-0.866560501,-0.386524511,0.820175253,0.000000000,0.000000000,0.008730622,0.999961887,11
1782463493.046790361,35.211487532,10103,vicon_state_data,ball,1,0,1.588502305,0.059111195,1.150964753,0.000000000,0.000000000,0.000000000,1.000000000,1,-0.866557945,-0.386581667,0.820180550,0.000000000,0.000000000,0.008660202,0.999962500,11
1782463493.051352262,35.216049433,10104,vicon_state_data,ball,1,0,1.578886162,0.059598175,1.152202863,0.000000000,0.000000000,0.000000000,1.000000000,1,-0.866611205,-0.386675270,0.820213159,0.000000000,0.000000000,0.008526725,0.999963647,11
1782463493.056487083,35.221184254,10105,vicon_state_data,ball,1,0,1.568753432,0.059668752,1.153870895,0.000000000,0.000000000,0.000000000,1.000000000,1,-0.866597939,-0.386593527,0.820167507,0.000000000,0.000000000,0.008778344,0.999961470,11
1782463493.057384253,35.222081423,10106,vicon_state_data,ball,1,0,1.559305256,0.059993417,1.155004936,0.000000000,0.000000000,0.000000000,1.000000000,1,-0.866595501,-0.386658040,0.820183197,0.000000000,0.000000000,0.008796259,0.999961312,11
1782463493.060304642,35.225001812,10107,vicon_state_data,ball,1,0,1.549817098,0.060331495,1.156107887,0.000000000,0.000000000,0.000000000,1.000000000,1,-0.866548496,-0.386702987,0.820138836,0.000000000,0.000000000,0.008626796,0.999962789,11
1782463493.063452482,35.228149652,10108,vicon_state_data,ball,1,0,1.540747616,0.060724470,1.157270302,0.000000000,0.000000000,0.000000000,1.000000000,1,-0.866536262,-0.386715405,0.820068914,0.000000000,0.000000000,0.008482300,0.999964025,11
1782463493.066810608,35.231507778,10109,vicon_state_data,ball,1,0,1.531716643,0.060809583,1.158164294,0.000000000,0.000000000,0.000000000,1.000000000,1,-0.866561627,-0.386670696,0.820061583,0.000000000,0.000000000,0.008836121,0.999960961,11
1782463493.070360661,35.235057831,10110,vicon_state_data,ball,1,0,1.522810711,0.060959495,1.158985591,0.000000000,0.000000000,0.000000000,1.000000000,1,-0.866634507,-0.386813055,0.820196327,0.000000000,0.000000000,0.008711052,0.999962058,11
1782463493.073645115,35.238342285,10111,vicon_state_data,ball,1,0,1.513732342,0.061475477,1.159371786,0.000000000,0.000000000,0.000000000,1.000000000,1,-0.866534703,-0.386797977,0.820036968,0.000000000,0.000000000,0.008491617,0.999963946,11
1782463493.076881170,35.241578341,10112,vicon_state_data,ball,1,0,1.504685784,0.061891046,1.160108187,0.000000000,0.000000000,0.000000000,1.000000000,1,-0.866490288,-0.386839993,0.819995547,0.000000000,0.000000000,0.008263524,0.999965857,11
1782463493.080032587,35.244729757,10113,vicon_state_data,ball,1,0,1.495698057,0.062128415,1.160354709,0.000000000,0.000000000,0.000000000,1.000000000,1,-0.866509956,-0.387051463,0.820261193,0.000000000,0.000000000,0.007925051,0.999968596,11
1782463493.083474636,35.248171806,10114,vicon_state_data,ball,1,0,1.486565662,0.062449483,1.160480991,0.000000000,0.000000000,0.000000000,1.000000000,1,-0.866443413,-0.387054332,0.820211496,0.000000000,0.000000000,0.007787141,0.999969680,11
1782463493.087061644,35.251758814,10115,vicon_state_data,ball,1,0,1.477267465,0.063105528,1.160467826,0.000000000,0.000000000,0.000000000,1.000000000,1,-0.866501219,-0.386891619,0.820001192,0.000000000,0.000000000,0.008327408,0.999965327,11
1782463493.090215206,35.254912376,10116,vicon_state_data,ball,1,0,1.468012154,0.063696369,1.160211812,0.000000000,0.000000000,0.000000000,1.000000000,1,-0.866422957,-0.387205935,0.820222007,0.000000000,0.000000000,0.007421389,0.999972461,11
1782463493.093585253,35.258282423,10117,vicon_state_data,ball,1,0,1.458672538,0.064350260,1.160087988,0.000000000,0.000000000,0.000000000,1.000000000,1,-0.866625883,-0.387070791,0.820213167,0.000000000,0.000000000,0.008710851,0.999962060,11
1782463493.096766949,35.261464119,10118,vicon_state_data,ball,1,0,1.449199860,0.065004768,1.159988744,0.000000000,0.000000000,0.000000000,1.000000000,1,-0.866638007,-0.387134141,0.820185272,0.000000000,0.000000000,0.008787335,0.999961391,11
1782463493.100282431,35.264979601,10119,vicon_state_data,ball,1,0,1.439631489,0.065169004,1.159607398,0.000000000,0.000000000,0.000000000,1.000000000,1,-0.866549605,-0.387085819,0.820092608,0.000000000,0.000000000,0.008391311,0.999964792,11
1782463493.103599548,35.268296719,10120,vicon_state_data,ball,1,0,1.430085710,0.065091932,1.158961801,0.000000000,0.000000000,0.000000000,1.000000000,1,-0.866571009,-0.387097532,0.820084411,0.000000000,0.000000000,0.008440996,0.999964374,11
1782463493.106755733,35.271452904,10121,vicon_state_data,ball,1,0,1.420475383,0.065155985,1.159106131,0.000000000,0.000000000,0.000000000,1.000000000,1,-0.866473840,-0.387325380,0.820287462,0.000000000,0.000000000,0.007576188,0.999971300,11
1782463493.110098124,35.274795294,10122,vicon_state_data,ball,1,0,1.411320037,0.065529432,1.158901093,0.000000000,0.000000000,0.000000000,1.000000000,1,-0.866662605,-0.387314529,0.820238674,0.000000000,0.000000000,0.008637005,0.999962700,11
1782463493.113464117,35.278161287,10123,vicon_state_data,ball,1,0,1.402364933,0.065853577,1.158184902,0.000000000,0.000000000,0.000000000,1.000000000,1,-0.866492366,-0.387429398,0.820326806,0.000000000,0.000000000,0.007452043,0.999972233,11
1782463493.116655588,35.281352758,10124,vicon_state_data,ball,1,0,1.393397994,0.066216433,1.157620965,0.000000000,0.000000000,0.000000000,1.000000000,1,-0.867025867,-0.387576809,0.820908016,0.000000000,0.000000000,0.010481079,0.999945072,11
1782463493.120031118,35.284728289,10125,vicon_state_data,ball,1,0,1.384154417,0.066745015,1.156854074,0.000000000,0.000000000,0.000000000,1.000000000,1,-0.866035634,-0.388004482,0.819811228,0.000000000,0.000000000,0.003414818,0.999994169,11
1782463493.123565912,35.288263083,10126,vicon_state_data,ball,1,0,1.375111376,0.066993505,1.155961481,0.000000000,0.000000000,0.000000000,1.000000000,1,-0.866073869,-0.387997192,0.819856770,0.000000000,0.000000000,0.003550244,0.999993698,11
1782463493.126767159,35.291464329,10127,vicon_state_data,ball,1,0,1.365963040,0.067676183,1.154611126,0.000000000,0.000000000,0.000000000,1.000000000,1,-0.866078568,-0.388044432,0.819839230,0.000000000,0.000000000,0.003605804,0.999993499,11
1782463493.130309820,35.295006990,10128,vicon_state_data,ball,1,0,1.356920518,0.067590018,1.153525243,0.000000000,0.000000000,0.000000000,1.000000000,1,-0.866095167,-0.388090696,0.819821331,0.000000000,0.000000000,0.003845159,0.999992607,11
1782463493.133364201,35.298061371,10129,vicon_state_data,ball,1,0,1.347750758,0.068103972,1.152329882,0.000000000,0.000000000,0.000000000,1.000000000,1,-0.866424615,-0.387686380,0.820187967,0.000000000,0.000000000,0.006539493,0.999978617,11
1782463493.136762619,35.301459789,10130,vicon_state_data,ball,1,0,1.338353017,0.068791242,1.151361701,0.000000000,0.000000000,0.000000000,1.000000000,1,-0.866454272,-0.387793806,0.820201210,0.000000000,0.000000000,0.006774781,0.999977051,11
1782463493.140189886,35.304887056,10131,vicon_state_data,ball,1,0,1.329387814,0.069247468,1.149386811,0.000000000,0.000000000,0.000000000,1.000000000,1,-0.866390513,-0.387848506,0.820161537,0.000000000,0.000000000,0.006168203,0.999980976,11
1782463493.143462658,35.308159828,10132,vicon_state_data,ball,1,0,1.319471655,0.069718262,1.148398860,0.000000000,0.000000000,0.000000000,1.000000000,1,-0.866450373,-0.387825198,0.820173216,0.000000000,0.000000000,0.006867067,0.999976421,11
1782463493.146943092,35.311640263,10133,vicon_state_data,ball,1,0,1.310023342,0.069815366,1.146583459,0.000000000,0.000000000,0.000000000,1.000000000,1,-0.866443294,-0.387837569,0.820200076,0.000000000,0.000000000,0.006595890,0.999978247,11
1782463493.150387049,35.315084219,10134,vicon_state_data,ball,1,0,1.300755333,0.070116061,1.144730288,0.000000000,0.000000000,0.000000000,1.000000000,1,-0.866519250,-0.387651652,0.820012562,0.000000000,0.000000000,0.007584694,0.999971236,11
1782463493.153477907,35.318175077,10135,vicon_state_data,ball,1,0,1.291528337,0.070708210,1.142975676,0.000000000,0.000000000,0.000000000,1.000000000,1,-0.866430642,-0.387974928,0.820233933,0.000000000,0.000000000,0.006495960,0.999978901,11
1782463493.156930208,35.321627378,10136,vicon_state_data,ball,1,0,1.282608292,0.071076121,1.141084183,0.000000000,0.000000000,0.000000000,1.000000000,1,-0.866397136,-0.388105581,0.820221167,0.000000000,0.000000000,0.006213279,0.999980697,11
1782463493.160275459,35.324972630,10137,vicon_state_data,ball,1,0,1.273844561,0.071277946,1.139140497,0.000000000,0.000000000,0.000000000,1.000000000,1,-0.866487010,-0.387815534,0.819939566,0.000000000,0.000000000,0.007386463,0.999972720,11
1782463493.163466215,35.328163385,10138,vicon_state_data,ball,1,0,1.265156194,0.071368007,1.136888280,0.000000000,0.000000000,0.000000000,1.000000000,1,-0.866493674,-0.387818909,0.819969479,0.000000000,0.000000000,0.007395007,0.999972657,11
1782463493.166763306,35.331460476,10139,vicon_state_data,ball,1,0,1.256409476,0.071570097,1.134639733,0.000000000,0.000000000,0.000000000,1.000000000,1,-0.866463257,-0.387944977,0.819953257,0.000000000,0.000000000,0.007148567,0.999974449,11
1782463493.170081139,35.334778309,10140,vicon_state_data,ball,1,0,1.247431453,0.072346093,1.132220322,0.000000000,0.000000000,0.000000000,1.000000000,1,-0.866469033,-0.388075736,0.820228468,0.000000000,0.000000000,0.006790668,0.999976943,11
1782463493.173440456,35.338137627,10141,vicon_state_data,ball,1,0,1.238563354,0.072631378,1.129643686,0.000000000,0.000000000,0.000000000,1.000000000,1,-0.866432507,-0.388136229,0.820207154,0.000000000,0.000000000,0.006767156,0.999977103,11
1782463493.176875591,35.341572762,10142,vicon_state_data,ball,1,0,1.229593847,0.072956230,1.126856383,0.000000000,0.000000000,0.000000000,1.000000000,1,-0.866484114,-0.387959489,0.819994859,0.000000000,0.000000000,0.007489599,0.999971953,11
1782463493.180381536,35.345078707,10143,vicon_state_data,ball,1,0,1.220487342,0.073674775,1.123977444,0.000000000,0.000000000,0.000000000,1.000000000,1,-0.866404418,-0.388236117,0.820208065,0.000000000,0.000000000,0.006573767,0.999978393,11
1782463493.183631897,35.348329067,10144,vicon_state_data,ball,1,0,1.211433476,0.074461680,1.120833395,0.000000000,0.000000000,0.000000000,1.000000000,1,-0.866472577,-0.388012686,0.819962495,0.000000000,0.000000000,0.007345027,0.999973025,11
1782463493.187039375,35.351736546,10145,vicon_state_data,ball,1,0,1.202214085,0.074994536,1.117717736,0.000000000,0.000000000,0.000000000,1.000000000,1,-0.866486779,-0.388220114,0.820323927,0.000000000,0.000000000,0.007041824,0.999975206,11
1782463493.190247774,35.354944944,10146,vicon_state_data,ball,1,0,1.192866353,0.076053607,1.115358050,0.000000000,0.000000000,0.000000000,1.000000000,1,-0.866460923,-0.388104085,0.819997463,0.000000000,0.000000000,0.007281686,0.999973488,11
1782463493.193578959,35.358276129,10147,vicon_state_data,ball,1,0,1.183518786,0.076193225,1.111939123,0.000000000,0.000000000,0.000000000,1.000000000,1,-0.866476764,-0.388354717,0.820285319,0.000000000,0.000000000,0.007024575,0.999975327,11
1782463493.197099447,35.361796618,10148,vicon_state_data,ball,1,0,1.174296119,0.076320343,1.108375542,0.000000000,0.000000000,0.000000000,1.000000000,1,-0.866538123,-0.388262168,0.820317811,0.000000000,0.000000000,0.007478044,0.999972039,11
1782463493.200181007,35.364878178,10149,vicon_state_data,ball,1,0,1.164914789,0.076487349,1.105638899,0.000000000,0.000000000,0.000000000,1.000000000,1,-0.866454928,-0.388360551,0.820236744,0.000000000,0.000000000,0.007083042,0.999974915,11
1782463493.203568459,35.368265629,10150,vicon_state_data,ball,1,0,1.155944750,0.076825560,1.102286391,0.000000000,0.000000000,0.000000000,1.000000000,1,-0.866432195,-0.388325443,0.819943653,0.000000000,0.000000000,0.006976900,0.999975661,11
1782463493.206809521,35.371506691,10151,vicon_state_data,ball,1,0,1.147248059,0.077291768,1.098719553,0.000000000,0.000000000,0.000000000,1.000000000,1,-0.866414545,-0.388397642,0.820225624,0.000000000,0.000000000,0.006597960,0.999978233,11
1782463493.210249901,35.374947071,10152,vicon_state_data,ball,1,0,1.138521202,0.077825868,1.095006725,0.000000000,0.000000000,0.000000000,1.000000000,1,-0.866420458,-0.388272386,0.819931810,0.000000000,0.000000000,0.006895730,0.999976224,11
1782463493.213376760,35.378073931,10153,vicon_state_data,ball,1,0,1.129419371,0.078235211,1.091476099,0.000000000,0.000000000,0.000000000,1.000000000,1,-0.866451019,-0.388345358,0.820177030,0.000000000,0.000000000,0.006995234,0.999975533,11
1782463493.216719151,35.381416321,10154,vicon_state_data,ball,1,0,1.120590703,0.078503189,1.087514844,0.000000000,0.000000000,0.000000000,1.000000000,1,-0.866587286,-0.388136221,0.820280542,0.000000000,0.000000000,0.008454494,0.999964260,11
1782463493.220375299,35.385072470,10155,vicon_state_data,ball,1,0,1.111697949,0.078850977,1.083568089,0.000000000,0.000000000,0.000000000,1.000000000,1,-0.866503138,-0.388156521,0.819909411,0.000000000,0.000000000,0.007574150,0.999971316,11
1782463493.223482132,35.388179302,10156,vicon_state_data,ball,1,0,1.102751268,0.079305453,1.079498128,0.000000000,0.000000000,0.000000000,1.000000000,1,-0.867443968,-0.387250301,0.821216798,0.000000000,0.000000000,0.015312395,0.999882758,11
1782463493.226603508,35.391300678,10157,vicon_state_data,ball,1,0,1.093721786,0.079921629,1.075577861,0.000000000,0.000000000,0.000000000,1.000000000,1,-0.867453660,-0.387252989,0.821178652,0.000000000,0.000000000,0.015406145,0.999881318,11
1782463493.230144501,35.394841671,10158,vicon_state_data,ball,1,0,1.084701342,0.080610575,1.071276189,0.000000000,0.000000000,0.000000000,1.000000000,1,-0.867477146,-0.387251088,0.821230036,0.000000000,0.000000000,0.015539065,0.999879261,11
1782463493.233293772,35.397990942,10159,vicon_state_data,ball,1,0,1.075344114,0.081501499,1.067350932,0.000000000,0.000000000,0.000000000,1.000000000,1,-0.867450173,-0.387349113,0.821202734,0.000000000,0.000000000,0.015324085,0.999882579,11
1782463493.236825705,35.401522875,10160,vicon_state_data,ball,1,0,1.066062140,0.081807425,1.062924273,0.000000000,0.000000000,0.000000000,1.000000000,1,-0.866982957,-0.387686933,0.820329180,0.000000000,0.000000000,0.010785932,0.999941830,11
1782463493.240204573,35.404901743,10161,vicon_state_data,ball,1,0,1.056842868,0.082057873,1.058257115,0.000000000,0.000000000,0.000000000,1.000000000,1,-0.867476415,-0.387334691,0.821225975,0.000000000,0.000000000,0.015557537,0.999878974,11
1782463493.243545532,35.408242702,10162,vicon_state_data,ball,1,0,1.047719432,0.082542543,1.053638640,0.000000000,0.000000000,0.000000000,1.000000000,1,-0.867527657,-0.387391567,0.821261417,0.000000000,0.000000000,0.015975063,0.999872391,11
1782463493.246983051,35.411680222,10163,vicon_state_data,ball,1,0,1.038779175,0.083178111,1.049064006,0.000000000,0.000000000,0.000000000,1.000000000,1,-0.867530965,-0.387290940,0.821269805,0.000000000,0.000000000,0.016029694,0.999871516,11
1782463493.250126839,35.414824009,10164,vicon_state_data,ball,1,0,1.030059377,0.083543450,1.044349027,0.000000000,0.000000000,0.000000000,1.000000000,1,-0.867505759,-0.387386932,0.821299094,0.000000000,0.000000000,0.015835354,0.999874613,11
1782463493.253388405,35.418085575,10165,vicon_state_data,ball,1,0,1.021425971,0.083828004,1.039575095,0.000000000,0.000000000,0.000000000,1.000000000,1,-0.867518902,-0.387368969,0.821292202,0.000000000,0.000000000,0.015858955,0.999874239,11
1782463493.256771803,35.421468973,10166,vicon_state_data,ball,1,0,1.012884867,0.084003615,1.034529439,0.000000000,0.000000000,0.000000000,1.000000000,1,-0.867578330,-0.387374871,0.821345900,0.000000000,0.000000000,0.016295252,0.999867224,11
1782463493.260276794,35.424973965,10167,vicon_state_data,ball,1,0,1.004179488,0.084748572,1.029279216,0.000000000,0.000000000,0.000000000,1.000000000,1,-0.867067172,-0.387949905,0.820537110,0.000000000,0.000000000,0.011151327,0.999937822,11
1782463493.263364553,35.428061724,10168,vicon_state_data,ball,1,0,0.995566257,0.085183241,1.024067517,0.000000000,0.000000000,0.000000000,1.000000000,1,-0.867527635,-0.387523491,0.821345792,0.000000000,0.000000000,0.016045164,0.999871268,11
1782463493.266804457,35.431501627,10169,vicon_state_data,ball,1,0,0.986848179,0.085509297,1.018600752,0.000000000,0.000000000,0.000000000,1.000000000,1,-0.867031333,-0.387806377,0.820374982,0.000000000,0.000000000,0.011205902,0.999937212,11
1782463493.270253897,35.434951067,10170,vicon_state_data,ball,1,0,0.978001710,0.085959727,1.013026727,0.000000000,0.000000000,0.000000000,1.000000000,1,-0.866402592,-0.388489482,0.819984251,0.000000000,0.000000000,0.006950808,0.999975843,11
1782463493.273665190,35.438362360,10171,vicon_state_data,ball,1,0,0.969047873,0.086682728,1.007312377,0.000000000,0.000000000,0.000000000,1.000000000,1,-0.866010843,-0.389194487,0.819930606,0.000000000,0.000000000,0.003488225,0.999993916,11
1782463493.277024984,35.441722155,10172,vicon_state_data,ball,1,0,0.960164337,0.087435049,1.001212562,0.000000000,0.000000000,0.000000000,1.000000000,1,-0.867352597,-0.387619427,0.821273928,0.000000000,0.000000000,0.014819085,0.999890191,11
1782463493.280132532,35.444829702,10173,vicon_state_data,ball,1,0,0.951070479,0.087980237,0.995261541,0.000000000,0.000000000,0.000000000,1.000000000,1,-0.867524008,-0.387442570,0.821310269,0.000000000,0.000000000,0.016331585,0.999866631,11
1782463493.283477783,35.448174953,10174,vicon_state_data,ball,1,0,0.942110513,0.089137827,0.989848793,0.000000000,0.000000000,0.000000000,1.000000000,1,-0.867252088,-0.387772903,0.820967179,0.000000000,0.000000000,0.013938667,0.999902852,11
1782463493.286746740,35.451443911,10175,vicon_state_data,ball,1,0,0.932828776,0.089347265,0.984368712,0.000000000,0.000000000,0.000000000,1.000000000,1,-0.867434487,-0.387458378,0.821276616,0.000000000,0.000000000,0.015756642,0.999875856,11
1782463493.290020704,35.454717875,10176,vicon_state_data,ball,1,0,0.923622768,0.089788185,0.978149094,0.000000000,0.000000000,0.000000000,1.000000000,1,-0.866000626,-0.389172273,0.819944571,0.000000000,0.000000000,0.003655055,0.999993320,11
1782463493.293460846,35.458158016,10177,vicon_state_data,ball,1,0,0.914698557,0.090094247,0.972234416,0.000000000,0.000000000,0.000000000,1.000000000,1,-0.866267425,-0.388758576,0.819951020,0.000000000,0.000000000,0.006168215,0.999980976,11
1782463493.296822309,35.461519480,10178,vicon_state_data,ball,1,0,0.905972669,0.090460216,0.966005594,0.000000000,0.000000000,0.000000000,1.000000000,1,-0.866983192,-0.388042030,0.820795357,0.000000000,0.000000000,0.012044546,0.999927462,11
1782463493.300462246,35.465159416,10179,vicon_state_data,ball,1,0,0.897396485,0.091053181,0.959711929,0.000000000,0.000000000,0.000000000,1.000000000,1,-0.866957380,-0.388043786,0.820747666,0.000000000,0.000000000,0.011889106,0.999929322,11
1782463493.303473234,35.468170404,10180,vicon_state_data,ball,1,0,0.888786222,0.091616519,0.953278315,0.000000000,0.000000000,0.000000000,1.000000000,1,-0.866539157,-0.388403134,0.820051782,0.000000000,0.000000000,0.008189691,0.999966464,11
1782463493.306764364,35.471461535,10181,vicon_state_data,ball,1,0,0.879945919,0.092249671,0.946890787,0.000000000,0.000000000,0.000000000,1.000000000,1,-0.866832933,-0.388211593,0.820695631,0.000000000,0.000000000,0.011010812,0.999939379,11
1782463493.310206175,35.474903345,10182,vicon_state_data,ball,1,0,0.871311850,0.092570424,0.940078832,0.000000000,0.000000000,0.000000000,1.000000000,1,-0.867575634,-0.386858380,0.820806254,0.000000000,0.000000000,0.016072709,0.999870826,11
1782463493.313466787,35.478163958,10183,vicon_state_data,ball,1,0,0.862536168,0.093035246,0.933334862,0.000000000,0.000000000,0.000000000,1.000000000,1,-0.867479687,-0.386931339,0.820740364,0.000000000,0.000000000,0.015262294,0.999883524,11
1782463493.316819906,35.481517076,10184,vicon_state_data,ball,1,0,0.853747936,0.093637517,0.926523375,0.000000000,0.000000000,0.000000000,1.000000000,1,-0.867412799,-0.387061277,0.820695642,0.000000000,0.000000000,0.014945123,0.999888315,11
1782463493.320248604,35.484945774,10185,vicon_state_data,ball,1,0,0.844851139,0.094321363,0.919720224,0.000000000,0.000000000,0.000000000,1.000000000,1,-0.867313470,-0.387134388,0.820661494,0.000000000,0.000000000,0.014265224,0.999898247,11
1782463493.323464870,35.488162041,10186,vicon_state_data,ball,1,0,0.836013650,0.095121587,0.912589139,0.000000000,0.000000000,0.000000000,1.000000000,1,-0.867064449,-0.387544841,0.820484287,0.000000000,0.000000000,0.010832901,0.999941322,11
1782463493.326700449,35.491397619,10187,vicon_state_data,ball,1,0,0.826820104,0.095989825,0.905976131,0.000000000,0.000000000,0.000000000,1.000000000,1,-0.867011814,-0.387585593,0.820472083,0.000000000,0.000000000,0.010696236,0.999942794,11
1782463493.329949141,35.494646311,10188,vicon_state_data,ball,1,0,0.817723228,0.096364651,0.898807384,0.000000000,0.000000000,0.000000000,1.000000000,1,-0.867073158,-0.387463835,0.820531043,0.000000000,0.000000000,0.012569248,0.999921004,11
1782463493.333595991,35.498293161,10189,vicon_state_data,ball,1,0,0.808662016,0.096757766,0.891447680,0.000000000,0.000000000,0.000000000,1.000000000,1,-0.867027025,-0.387539646,0.820538232,0.000000000,0.000000000,0.012295765,0.999924404,11
1782463493.336930752,35.501627922,10190,vicon_state_data,ball,1,0,0.799767764,0.097423422,0.884100811,0.000000000,0.000000000,0.000000000,1.000000000,1,-0.866974131,-0.387592793,0.820502656,0.000000000,0.000000000,0.011908528,0.999929091,11
1782463493.340193748,35.504890919,10191,vicon_state_data,ball,1,0,0.790891580,0.098139632,0.876776561,0.000000000,0.000000000,0.000000000,1.000000000,1,-0.866851413,-0.387810764,0.820390573,0.000000000,0.000000000,0.009926527,0.999950731,11
1782463493.343395472,35.508092642,10192,vicon_state_data,ball,1,0,0.782392022,0.098464353,0.869272891,0.000000000,0.000000000,0.000000000,1.000000000,1,-0.866895046,-0.387700650,0.820456393,0.000000000,0.000000000,0.011486497,0.999934028,11
1782463493.346760750,35.511457920,10193,vicon_state_data,ball,1,0,0.773927322,0.098960038,0.861709672,0.000000000,0.000000000,0.000000000,1.000000000,1,-0.866860210,-0.387769614,0.820448902,0.000000000,0.000000000,0.011280761,0.999936370,11
1782463493.350028992,35.514726162,10194,vicon_state_data,ball,1,0,0.765672053,0.099354509,0.853731889,0.000000000,0.000000000,0.000000000,1.000000000,1,-0.866817503,-0.387834431,0.820402199,0.000000000,0.000000000,0.010998899,0.999939510,11
1782463493.353572607,35.518269777,10195,vicon_state_data,ball,1,0,0.757096530,0.100029575,0.845956807,0.000000000,0.000000000,0.000000000,1.000000000,1,-0.866693834,-0.388007800,0.820273400,0.000000000,0.000000000,0.009293933,0.999956810,11
1782463493.356686831,35.521384001,10196,vicon_state_data,ball,1,0,0.748551420,0.100477287,0.837913155,0.000000000,0.000000000,0.000000000,1.000000000,1,-0.866729611,-0.387894462,0.820371804,0.000000000,0.000000000,0.010574377,0.999944090,11
1782463493.359945297,35.524642467,10197,vicon_state_data,ball,1,0,0.739990736,0.100950612,0.829734705,0.000000000,0.000000000,0.000000000,1.000000000,1,-0.866723039,-0.387847929,0.820382010,0.000000000,0.000000000,0.010736057,0.999942367,11
1782463493.363866806,35.528563976,10198,vicon_state_data,ball,1,0,0.731278141,0.101543988,0.821437290,0.000000000,0.000000000,0.000000000,1.000000000,1,-0.866679937,-0.387920140,0.820372550,0.000000000,0.000000000,0.010376253,0.999946165,11
1782463493.366949320,35.531646490,10199,vicon_state_data,ball,1,0,0.722517047,0.102407405,0.812972458,0.000000000,0.000000000,0.000000000,1.000000000,1,-0.866676532,-0.387979667,0.820371963,0.000000000,0.000000000,0.010469762,0.999945191,11
1782463493.370210648,35.534907818,10200,vicon_state_data,ball,1,0,0.713681103,0.103197156,0.804324456,0.000000000,0.000000000,0.000000000,1.000000000,1,-0.866646552,-0.388004995,0.820365549,0.000000000,0.000000000,0.010081495,0.999949180,11
1782463493.373495102,35.538192272,10201,vicon_state_data,ball,1,0,0.704755506,0.103959798,0.795809051,0.000000000,0.000000000,0.000000000,1.000000000,1,-0.866620864,-0.388021330,0.820346984,0.000000000,0.000000000,0.009954396,0.999950454,11
1782463493.376928091,35.541625261,10202,vicon_state_data,ball,1,0,0.695818602,0.104910819,0.787554239,0.000000000,0.000000000,0.000000000,1.000000000,1,-0.866532705,-0.388156495,0.820182508,0.000000000,0.000000000,0.008591467,0.999963093,11
1782463493.380650282,35.545347452,10203,vicon_state_data,ball,1,0,0.686854886,0.105540217,0.778932041,0.000000000,0.000000000,0.000000000,1.000000000,1,-0.866604956,-0.388074240,0.820304345,0.000000000,0.000000000,0.010217840,0.999947797,11
1782463493.383710623,35.548407793,10204,vicon_state_data,ball,1,0,0.677778576,0.105981678,0.770386624,0.000000000,0.000000000,0.000000000,1.000000000,1,-0.866513403,-0.388172991,0.820162375,0.000000000,0.000000000,0.008602557,0.999962997,11
1782463493.386805296,35.551502466,10205,vicon_state_data,ball,1,0,0.669555838,0.106452286,0.768307714,0.000000000,0.000000000,0.000000000,1.000000000,1,-0.866558304,-0.388075155,0.820302391,0.000000000,0.000000000,0.009841968,0.999951567,11
1782463493.390110016,35.554807186,10206,vicon_state_data,ball,1,0,0.662456156,0.106888163,0.776297123,0.000000000,0.000000000,0.000000000,1.000000000,1,-0.866481323,-0.388195278,0.820147129,0.000000000,0.000000000,0.008511016,0.999963781,11
1782463493.393553734,35.558250904,10207,vicon_state_data,ball,1,0,0.655394986,0.107400693,0.784169211,0.000000000,0.000000000,0.000000000,1.000000000,1,-0.866463100,-0.388233938,0.820160451,0.000000000,0.000000000,0.008437159,0.999964407,11
1782463493.396886826,35.561583996,10208,vicon_state_data,ball,1,0,0.648424046,0.107977900,0.791918915,0.000000000,0.000000000,0.000000000,1.000000000,1,-0.866542782,-0.388046894,0.820349926,0.000000000,0.000000000,0.010009099,0.999949908,11
1782463493.400153160,35.564850330,10209,vicon_state_data,ball,1,0,0.641477807,0.108634542,0.799636676,0.000000000,0.000000000,0.000000000,1.000000000,1,-0.866436648,-0.388233235,0.820161171,0.000000000,0.000000000,0.008284317,0.999965684,11
1782463493.403529882,35.568227053,10210,vicon_state_data,ball,1,0,0.634527338,0.109099130,0.807181041,0.000000000,0.000000000,0.000000000,1.000000000,1,-0.866497969,-0.388140284,0.820334680,0.000000000,0.000000000,0.009568706,0.999954219,11
1782463493.406801701,35.571498871,10211,vicon_state_data,ball,1,0,0.627349545,0.109703056,0.814919089,0.000000000,0.000000000,0.000000000,1.000000000,1,-0.866493622,-0.388144614,0.820326974,0.000000000,0.000000000,0.009560958,0.999954293,11
1782463493.410247326,35.574944496,10212,vicon_state_data,ball,1,0,0.620370590,0.110030444,0.822264634,0.000000000,0.000000000,0.000000000,1.000000000,1,-0.866474913,-0.388146029,0.820313228,0.000000000,0.000000000,0.009567768,0.999954228,11
1782463493.413409233,35.578106403,10213,vicon_state_data,ball,1,0,0.613470780,0.110677442,0.829088796,0.000000000,0.000000000,0.000000000,1.000000000,1,-0.866473077,-0.388218457,0.820312529,0.000000000,0.000000000,0.009596670,0.999953951,11
1782463493.416768789,35.581465960,10214,vicon_state_data,ball,1,0,0.606458665,0.111184813,0.836102796,0.000000000,0.000000000,0.000000000,1.000000000,1,-0.866383687,-0.388326191,0.820137277,0.000000000,0.000000000,0.008285232,0.999965677,11
1782463493.420131922,35.584829092,10215,vicon_state_data,ball,1,0,0.599459652,0.111683169,0.842951340,0.000000000,0.000000000,0.000000000,1.000000000,1,-0.866408010,-0.388223600,0.820286504,0.000000000,0.000000000,0.009176270,0.999957897,11
1782463493.423391581,35.588088751,10216,vicon_state_data,ball,1,0,0.592453557,0.112157922,0.849730598,0.000000000,0.000000000,0.000000000,1.000000000,1,-0.866394750,-0.388234521,0.820287138,0.000000000,0.000000000,0.009097825,0.999958614,11
1782463493.426832438,35.591529608,10217,vicon_state_data,ball,1,0,0.585458171,0.112650667,0.856457285,0.000000000,0.000000000,0.000000000,1.000000000,1,-0.866399321,-0.388302649,0.820292970,0.000000000,0.000000000,0.009205416,0.999957629,11
1782463493.430159330,35.594856501,10218,vicon_state_data,ball,1,0,0.578450560,0.113257666,0.863144221,0.000000000,0.000000000,0.000000000,1.000000000,1,-0.866402553,-0.388186813,0.820306445,0.000000000,0.000000000,0.009315262,0.999956612,11
1782463493.433759928,35.598457098,10219,vicon_state_data,ball,1,0,0.571414825,0.114148081,0.869824212,0.000000000,0.000000000,0.000000000,1.000000000,1,-0.866294531,-0.388378883,0.820138936,0.000000000,0.000000000,0.007606236,0.999971072,11
1782463493.436795473,35.601492643,10220,vicon_state_data,ball,1,0,0.564442503,0.114978083,0.876206440,0.000000000,0.000000000,0.000000000,1.000000000,1,-0.866374574,-0.388377417,0.820292130,0.000000000,0.000000000,0.008996573,0.999959530,11
1782463493.440028429,35.604725599,10221,vicon_state_data,ball,1,0,0.557322197,0.115957576,0.882724860,0.000000000,0.000000000,0.000000000,1.000000000,1,-0.866353881,-0.388350841,0.820279789,0.000000000,0.000000000,0.009018616,0.999959331,11
1782463493.444212914,35.608910084,10222,vicon_state_data,ball,1,0,0.550296376,0.116335289,0.888635004,0.000000000,0.000000000,0.000000000,1.000000000,1,-0.866325629,-0.388390089,0.820265822,0.000000000,0.000000000,0.008585566,0.999963143,11
1782463493.446988344,35.611685514,10223,vicon_state_data,ball,1,0,0.543164796,0.116937634,0.894529804,0.000000000,0.000000000,0.000000000,1.000000000,1,-0.866248323,-0.388382738,0.820115836,0.000000000,0.000000000,0.007503592,0.999971848,11
1782463493.450341463,35.615038633,10224,vicon_state_data,ball,1,0,0.536116000,0.117491646,0.900230122,0.000000000,0.000000000,0.000000000,1.000000000,1,-0.866331455,-0.388221778,0.820271918,0.000000000,0.000000000,0.009176111,0.999957899,11
1782463493.453818560,35.618515730,10225,vicon_state_data,ball,1,0,0.529015948,0.118087335,0.906338736,0.000000000,0.000000000,0.000000000,1.000000000,1,-0.866314437,-0.388228724,0.820275084,0.000000000,0.000000000,0.009076430,0.999958808,11
1782463493.457216024,35.621913195,10226,vicon_state_data,ball,1,0,0.522068805,0.118430273,0.912043537,0.000000000,0.000000000,0.000000000,1.000000000,1,-0.866198343,-0.388405031,0.820069966,0.000000000,0.000000000,0.007446455,0.999972275,11
1782463493.460344315,35.625041485,10227,vicon_state_data,ball,1,0,0.515108300,0.119051187,0.917538331,0.000000000,0.000000000,0.000000000,1.000000000,1,-0.866181239,-0.388539223,0.820083398,0.000000000,0.000000000,0.007255205,0.999973681,11
1782463493.463346720,35.628043890,10228,vicon_state_data,ball,1,0,0.508171636,0.119524653,0.922868130,0.000000000,0.000000000,0.000000000,1.000000000,1,-0.866298562,-0.388376368,0.820276817,0.000000000,0.000000000,0.009083880,0.999958741,11
1782463493.466736078,35.631433249,10229,vicon_state_data,ball,1,0,0.501329384,0.120038217,0.928047121,0.000000000,0.000000000,0.000000000,1.000000000,1,-0.866152582,-0.388512637,0.820079106,0.000000000,0.000000000,0.007154078,0.999974409,11
1782463493.470046997,35.634744167,10230,vicon_state_data,ball,1,0,0.494516905,0.120651452,0.933198677,0.000000000,0.000000000,0.000000000,1.000000000,1,-0.866236693,-0.388554582,0.820272880,0.000000000,0.000000000,0.008522126,0.999963686,11
1782463493.473491669,35.638188839,10231,vicon_state_data,ball,1,0,0.487575420,0.121082912,0.938625304,0.000000000,0.000000000,0.000000000,1.000000000,1,-0.866225559,-0.388555060,0.820334669,0.000000000,0.000000000,0.008554991,0.999963405,11
1782463493.476810932,35.641508102,10232,vicon_state_data,ball,1,0,0.480807564,0.121520511,0.943455672,0.000000000,0.000000000,0.000000000,1.000000000,1,-0.866108133,-0.388627766,0.820125573,0.000000000,0.000000000,0.007058837,0.999975086,11
1782463493.480215073,35.644912243,10233,vicon_state_data,ball,1,0,0.473918707,0.122136228,0.948360713,0.000000000,0.000000000,0.000000000,1.000000000,1,-0.866166360,-0.388574783,0.820324855,0.000000000,0.000000000,0.008157766,0.999966725,11
1782463493.483378410,35.648075581,10234,vicon_state_data,ball,1,0,0.467033323,0.122704022,0.953068037,0.000000000,0.000000000,0.000000000,1.000000000,1,-0.866153604,-0.388628858,0.820358248,0.000000000,0.000000000,0.008036486,0.999967707,11
1782463493.486734867,35.651432037,10235,vicon_state_data,ball,1,0,0.460145982,0.123217230,0.957617783,0.000000000,0.000000000,0.000000000,1.000000000,1,-0.866125701,-0.388725222,0.820301372,0.000000000,0.000000000,0.008057959,0.999967534,11
1782463493.490258932,35.654956102,10236,vicon_state_data,ball,1,0,0.453254722,0.123825613,0.962023387,0.000000000,0.000000000,0.000000000,1.000000000,1,-0.866101146,-0.388668206,0.820307591,0.000000000,0.000000000,0.007767663,0.999969831,11
1782463493.493465900,35.658163071,10237,vicon_state_data,ball,1,0,0.446347817,0.124368592,0.966262879,0.000000000,0.000000000,0.000000000,1.000000000,1,-0.866076611,-0.388714380,0.820314368,0.000000000,0.000000000,0.007651801,0.999970725,11
1782463493.496766090,35.661463261,10238,vicon_state_data,ball,1,0,0.439408593,0.124866985,0.970450698,0.000000000,0.000000000,0.000000000,1.000000000,1,-0.865986033,-0.388768009,0.820118720,0.000000000,0.000000000,0.006763421,0.999977128,11
1782463493.500010252,35.664707422,10239,vicon_state_data,ball,1,0,0.432462083,0.125468316,0.974587488,0.000000000,0.000000000,0.000000000,1.000000000,1,-0.866050439,-0.388817726,0.820323795,0.000000000,0.000000000,0.007629394,0.999970896,11
1782463493.503904343,35.668601513,10240,vicon_state_data,ball,1,0,0.425466504,0.126250922,0.978563249,0.000000000,0.000000000,0.000000000,1.000000000,1,-0.865976842,-0.388827338,0.820169393,0.000000000,0.000000000,0.006871517,0.999976391,11
1782463493.506805182,35.671502352,10241,vicon_state_data,ball,1,0,0.418471418,0.127094373,0.982455483,0.000000000,0.000000000,0.000000000,1.000000000,1,-0.866010385,-0.388752543,0.820339853,0.000000000,0.000000000,0.007315630,0.999973240,11
1782463493.510303736,35.675000906,10242,vicon_state_data,ball,1,0,0.411508280,0.127973273,0.986224440,0.000000000,0.000000000,0.000000000,1.000000000,1,-0.865963046,-0.388813219,0.820193375,0.000000000,0.000000000,0.006846191,0.999976565,11
1782463493.513399839,35.678097010,10243,vicon_state_data,ball,1,0,0.404522758,0.128799884,0.989919120,0.000000000,0.000000000,0.000000000,1.000000000,1,-0.866003556,-0.388744344,0.820388813,0.000000000,0.000000000,0.007340743,0.999973056,11
1782463493.516754866,35.681452036,10244,vicon_state_data,ball,1,0,0.397411848,0.129751272,0.993781718,0.000000000,0.000000000,0.000000000,1.000000000,1,-0.865911177,-0.388678881,0.820169817,0.000000000,0.000000000,0.006698818,0.999977563,11
1782463493.520194530,35.684891701,10245,vicon_state_data,ball,1,0,0.390383670,0.130254028,0.997207100,0.000000000,0.000000000,0.000000000,1.000000000,1,-0.865982557,-0.388737270,0.820352057,0.000000000,0.000000000,0.007428581,0.999972408,11
1782463493.523398876,35.688096046,10246,vicon_state_data,ball,1,0,0.383293149,0.130783564,1.000416101,0.000000000,0.000000000,0.000000000,1.000000000,1,-0.865956785,-0.388645749,0.820329633,0.000000000,0.000000000,0.007291892,0.999973414,11
1782463493.526612997,35.691310167,10247,vicon_state_data,ball,1,0,0.376415675,0.131305042,1.003635987,0.000000000,0.000000000,0.000000000,1.000000000,1,-0.865976696,-0.388652424,0.820345382,0.000000000,0.000000000,0.007635365,0.999970850,11
1782463493.530027628,35.694724798,10248,vicon_state_data,ball,1,0,0.369556601,0.131822191,1.007013838,0.000000000,0.000000000,0.000000000,1.000000000,1,-0.865976481,-0.388597034,0.820419584,0.000000000,0.000000000,0.007478673,0.999972034,11
1782463493.533396959,35.698094130,10249,vicon_state_data,ball,1,0,0.362774570,0.132449663,1.010025253,0.000000000,0.000000000,0.000000000,1.000000000,1,-0.865983154,-0.388683783,0.820393384,0.000000000,0.000000000,0.007542577,0.999971554,11
1782463493.537386417,35.702083588,10250,vicon_state_data,ball,1,0,0.355993900,0.133298692,1.012982222,0.000000000,0.000000000,0.000000000,1.000000000,1,-0.865884071,-0.388651298,0.820231242,0.000000000,0.000000000,0.006827735,0.999976691,11
1782463493.540413141,35.705110312,10251,vicon_state_data,ball,1,0,0.349313371,0.133885314,1.015828758,0.000000000,0.000000000,0.000000000,1.000000000,1,-0.865939178,-0.388571225,0.820423235,0.000000000,0.000000000,0.007412569,0.999972527,11
1782463493.543473721,35.708170891,10252,vicon_state_data,ball,1,0,0.342619024,0.134464603,1.018636841,0.000000000,0.000000000,0.000000000,1.000000000,1,-0.865792482,-0.388565723,0.820175531,0.000000000,0.000000000,0.006633617,0.999977997,11
1782463493.546652079,35.711349249,10253,vicon_state_data,ball,1,0,0.335869660,0.135029029,1.021336661,0.000000000,0.000000000,0.000000000,1.000000000,1,-0.865861798,-0.388603898,0.820375007,0.000000000,0.000000000,0.007096790,0.999974817,11
1782463493.550191402,35.714888573,10254,vicon_state_data,ball,1,0,0.329089591,0.135655918,1.023896231,0.000000000,0.000000000,0.000000000,1.000000000,1,-0.865779424,-0.388576303,0.820212041,0.000000000,0.000000000,0.006531709,0.999978668,11
1782463493.553612471,35.718309641,10255,vicon_state_data,ball,1,0,0.322320958,0.136330552,1.026316953,0.000000000,0.000000000,0.000000000,1.000000000,1,-0.865814042,-0.388540906,0.820343294,0.000000000,0.000000000,0.007097654,0.999974811,11
1782463493.556799889,35.721497059,10256,vicon_state_data,ball,1,0,0.315527617,0.136936641,1.028631745,0.000000000,0.000000000,0.000000000,1.000000000,1,-0.865749544,-0.388531387,0.820181298,0.000000000,0.000000000,0.006459511,0.999979137,11
1782463493.560192108,35.724889278,10257,vicon_state_data,ball,1,0,0.308758605,0.137609545,1.030826265,0.000000000,0.000000000,0.000000000,1.000000000,1,-0.865718309,-0.388564414,0.820172120,0.000000000,0.000000000,0.006370433,0.999979709,11
1782463493.563464403,35.728161573,10258,vicon_state_data,ball,1,0,0.302009875,0.138191243,1.032767548,0.000000000,0.000000000,0.000000000,1.000000000,1,-0.865716743,-0.388501568,0.820196843,0.000000000,0.000000000,0.006461944,0.999979121,11
1782463493.566682577,35.731379747,10259,vicon_state_data,ball,1,0,0.295259981,0.138773328,1.034659435,0.000000000,0.000000000,0.000000000,1.000000000,1,-0.865687545,-0.388459398,0.820156249,0.000000000,0.000000000,0.006463362,0.999979112,11
1782463493.570097923,35.734795094,10260,vicon_state_data,ball,1,0,0.288491763,0.139405422,1.036499441,0.000000000,0.000000000,0.000000000,1.000000000,1,-0.865716004,-0.388412556,0.820283534,0.000000000,0.000000000,0.007051935,0.999975135,11
1782463493.573495150,35.738192320,10261,vicon_state_data,ball,1,0,0.281720969,0.140168621,1.038377374,0.000000000,0.000000000,0.000000000,1.000000000,1,-0.865690495,-0.388387606,0.820235612,0.000000000,0.000000000,0.007050951,0.999975142,11
1782463493.576671600,35.741368771,10262,vicon_state_data,ball,1,0,0.274961122,0.141136610,1.040159728,0.000000000,0.000000000,0.000000000,1.000000000,1,-0.865682631,-0.388419597,0.820248800,0.000000000,0.000000000,0.006920264,0.999976055,11
1782463493.580313444,35.745010614,10263,vicon_state_data,ball,1,0,0.268235066,0.141993769,1.041586638,0.000000000,0.000000000,0.000000000,1.000000000,1,-0.865621283,-0.388382165,0.820093603,0.000000000,0.000000000,0.006423479,0.999979369,11
1782463493.583530188,35.748227358,10264,vicon_state_data,ball,1,0,0.261402106,0.142869488,1.043070264,0.000000000,0.000000000,0.000000000,1.000000000,1,-0.865620782,-0.388437005,0.820100674,0.000000000,0.000000000,0.006538959,0.999978621,11
1782463493.586822510,35.751519680,10265,vicon_state_data,ball,1,0,0.254551022,0.143674215,1.044408875,0.000000000,0.000000000,0.000000000,1.000000000,1,-0.865578731,-0.388396798,0.820080481,0.000000000,0.000000000,0.006197722,0.999980794,11
1782463493.590085983,35.754783154,10266,vicon_state_data,ball,1,0,0.247647191,0.144289008,1.045561554,0.000000000,0.000000000,0.000000000,1.000000000,1,-0.865610189,-0.388369992,0.820250132,0.000000000,0.000000000,0.006772866,0.999977064,11
1782463493.593361616,35.758058786,10267,vicon_state_data,ball,1,0,0.240824764,0.144918649,1.046689369,0.000000000,0.000000000,0.000000000,1.000000000,1,-0.865540250,-0.388332379,0.820085176,0.000000000,0.000000000,0.006140063,0.999981150,11
1782463493.596640825,35.761337996,10268,vicon_state_data,ball,1,0,0.234097916,0.145544580,1.047658652,0.000000000,0.000000000,0.000000000,1.000000000,1,-0.865546332,-0.388290109,0.820107106,0.000000000,0.000000000,0.006214316,0.999980691,11
1782463493.600494146,35.765191317,10269,vicon_state_data,ball,1,0,0.227365791,0.146146839,1.048627996,0.000000000,0.000000000,0.000000000,1.000000000,1,-0.865564049,-0.388300929,0.820239972,0.000000000,0.000000000,0.006625707,0.999978050,11
1782463493.603738308,35.768435478,10270,vicon_state_data,ball,1,0,0.220638340,0.146761798,1.049469007,0.000000000,0.000000000,0.000000000,1.000000000,1,-0.865509813,-0.388251132,0.820091249,0.000000000,0.000000000,0.006176352,0.999980926,11
1782463493.607048273,35.771745443,10271,vicon_state_data,ball,1,0,0.213926594,0.147315642,1.050212198,0.000000000,0.000000000,0.000000000,1.000000000,1,-0.865536081,-0.388243304,0.820224988,0.000000000,0.000000000,0.006676491,0.999977712,11
1782463493.610152721,35.774849892,10272,vicon_state_data,ball,1,0,0.207295183,0.147853271,1.050865649,0.000000000,0.000000000,0.000000000,1.000000000,1,-0.865520798,-0.388195040,0.820206548,0.000000000,0.000000000,0.006776278,0.999977041,11
1782463493.613717079,35.778414249,10273,vicon_state_data,ball,1,0,0.200651284,0.148332788,1.051429846,0.000000000,0.000000000,0.000000000,1.000000000,1,-0.865500071,-0.388191019,0.820220135,0.000000000,0.000000000,0.006649421,0.999977892,11
1782463493.616753578,35.781450748,10274,vicon_state_data,ball,1,0,0.194059886,0.148915104,1.051844603,0.000000000,0.000000000,0.000000000,1.000000000,1,-0.865471296,-0.388216027,0.820222320,0.000000000,0.000000000,0.006460545,0.999979130,11
1782463493.620388508,35.785085678,10275,vicon_state_data,ball,1,0,0.187430823,0.149601467,1.052168519,0.000000000,0.000000000,0.000000000,1.000000000,1,-0.865420040,-0.388132835,0.820085487,0.000000000,0.000000000,0.006249907,0.999980469,11
1782463493.623496532,35.788193703,10276,vicon_state_data,ball,1,0,0.180772658,0.150278488,1.052396014,0.000000000,0.000000000,0.000000000,1.000000000,1,-0.865395101,-0.388246603,0.820094811,0.000000000,0.000000000,0.006064382,0.999981611,11
1782463493.626767635,35.791464806,10277,vicon_state_data,ball,1,0,0.174103284,0.150876510,1.052447214,0.000000000,0.000000000,0.000000000,1.000000000,1,-0.865441460,-0.388270137,0.820249971,0.000000000,0.000000000,0.006333266,0.999979945,11
1782463493.630054951,35.794752121,10278,vicon_state_data,ball,1,0,0.167363606,0.151520248,1.052346401,0.000000000,0.000000000,0.000000000,1.000000000,1,-0.865410349,-0.388247161,0.820190332,0.000000000,0.000000000,0.006244623,0.999980502,11
1782463493.633551598,35.798248768,10279,vicon_state_data,ball,1,0,0.160666011,0.152133941,1.052105069,0.000000000,0.000000000,0.000000000,1.000000000,1,-0.865335981,-0.388119695,0.820037126,0.000000000,0.000000000,0.006095740,0.999981421,11
1782463493.637014627,35.801711798,10280,vicon_state_data,ball,1,0,0.153853409,0.152701355,1.051500357,0.000000000,0.000000000,0.000000000,1.000000000,1,-0.865376773,-0.388216595,0.820201870,0.000000000,0.000000000,0.006142030,0.999981138,11
1782463493.640521049,35.805218220,10281,vicon_state_data,ball,1,0,0.147210636,0.153209073,1.050955543,0.000000000,0.000000000,0.000000000,1.000000000,1,-0.865348564,-0.388143850,0.820218753,0.000000000,0.000000000,0.006293287,0.999980197,11
1782463493.643509865,35.808207035,10282,vicon_state_data,ball,1,0,0.140394797,0.153981078,1.050479907,0.000000000,0.000000000,0.000000000,1.000000000,1,-0.865351889,-0.388177542,0.820247521,0.000000000,0.000000000,0.006141718,0.999981139,11
1782463493.647413254,35.812110424,10283,vicon_state_data,ball,1,0,0.133738180,0.154572264,1.049817527,0.000000000,0.000000000,0.000000000,1.000000000,1,-0.865360634,-0.388089817,0.820269920,0.000000000,0.000000000,0.006438926,0.999979270,11
1782463493.650204182,35.814901352,10284,vicon_state_data,ball,1,0,0.127104076,0.155536850,1.049326665,0.000000000,0.000000000,0.000000000,1.000000000,1,-0.865258396,-0.387961720,0.820027048,0.000000000,0.000000000,0.006038250,0.999981770,11
1782463493.653457165,35.818154335,10285,vicon_state_data,ball,1,0,0.120176857,0.156687805,1.048473646,0.000000000,0.000000000,0.000000000,1.000000000,1,-0.865276237,-0.388011035,0.820061319,0.000000000,0.000000000,0.005858906,0.999982836,11
1782463493.656853437,35.821550608,10286,vicon_state_data,ball,1,0,0.113386665,0.157613124,1.047547776,0.000000000,0.000000000,0.000000000,1.000000000,1,-0.865317626,-0.388063174,0.820262716,0.000000000,0.000000000,0.006186853,0.999980861,11
1782463493.660144806,35.824841976,10287,vicon_state_data,ball,1,0,0.106593718,0.158402513,1.046457674,0.000000000,0.000000000,0.000000000,1.000000000,1,-0.865220674,-0.387896723,0.820074489,0.000000000,0.000000000,0.005970970,0.999982174,11
1782463493.663387537,35.828084707,10288,vicon_state_data,ball,1,0,0.099718125,0.158998358,1.045278900,0.000000000,0.000000000,0.000000000,1.000000000,1,-0.865297941,-0.387984990,0.820279243,0.000000000,0.000000000,0.006237843,0.999980544,11
1782463493.667027473,35.831724644,10289,vicon_state_data,ball,1,0,0.092891211,0.159633356,1.043926276,0.000000000,0.000000000,0.000000000,1.000000000,1,-0.865242342,-0.387990128,0.820239138,0.000000000,0.000000000,0.006023903,0.999981856,11
1782463493.670204163,35.834901333,10290,vicon_state_data,ball,1,0,0.086141759,0.160324985,1.042702981,0.000000000,0.000000000,0.000000000,1.000000000,1,-0.865187967,-0.387880739,0.820198327,0.000000000,0.000000000,0.006166661,0.999980986,11
1782463493.673600912,35.838298082,10291,vicon_state_data,ball,1,0,0.079500871,0.161042692,1.041427668,0.000000000,0.000000000,0.000000000,1.000000000,1,-0.865229633,-0.387878977,0.820232744,0.000000000,0.000000000,0.006109817,0.999981335,11
1782463493.676776648,35.841473818,10292,vicon_state_data,ball,1,0,0.072902633,0.161722176,1.039925594,0.000000000,0.000000000,0.000000000,1.000000000,1,-0.865209304,-0.387912030,0.820234236,0.000000000,0.000000000,0.005894541,0.999982627,11
1782463493.680011511,35.844708681,10293,vicon_state_data,ball,1,0,0.066318414,0.162526449,1.038458695,0.000000000,0.000000000,0.000000000,1.000000000,1,-0.865170578,-0.387870410,0.820215810,0.000000000,0.000000000,0.005892767,0.999982637,11
1782463493.683495998,35.848193169,10294,vicon_state_data,ball,1,0,0.059755529,0.163155769,1.036824345,0.000000000,0.000000000,0.000000000,1.000000000,1,-0.865113931,-0.387747555,0.820172086,0.000000000,0.000000000,0.006110041,0.999981334,11
1782463493.686841965,35.851539135,10295,vicon_state_data,ball,1,0,0.053194899,0.163826719,1.035034561,0.000000000,0.000000000,0.000000000,1.000000000,1,-0.865125622,-0.387876582,0.820234116,0.000000000,0.000000000,0.005700325,0.999983753,11
1782463493.690047503,35.854744673,10296,vicon_state_data,ball,1,0,0.046631119,0.164447285,1.033107508,0.000000000,0.000000000,0.000000000,1.000000000,1,-0.865091364,-0.387637495,0.820228213,0.000000000,0.000000000,0.006189365,0.999980846,11
1782463493.693412066,35.858109236,10297,vicon_state_data,ball,1,0,0.040002851,0.165136387,1.031024390,0.000000000,0.000000000,0.000000000,1.000000000,1,-0.865133208,-0.387765476,0.820285764,0.000000000,0.000000000,0.005772068,0.999983341,11
1782463493.696608543,35.861305714,10298,vicon_state_data,ball,1,0,0.033392737,0.165838065,1.028888415,0.000000000,0.000000000,0.000000000,1.000000000,1,-0.865080753,-0.387867291,0.820270984,0.000000000,0.000000000,0.005324418,0.999985825,11
1782463493.700131893,35.864829063,10299,vicon_state_data,ball,1,0,0.026797296,0.166547295,1.026607173,0.000000000,0.000000000,0.000000000,1.000000000,1,-0.865027995,-0.387781444,0.820131534,0.000000000,0.000000000,0.004983698,0.999987581,11
1782463493.703620672,35.868317842,10300,vicon_state_data,ball,1,0,0.020156280,0.167216769,1.024231658,0.000000000,0.000000000,0.000000000,1.000000000,1,-0.865056900,-0.387657254,0.820245510,0.000000000,0.000000000,0.005807481,0.999983136,11
1782463493.706975937,35.871673107,10301,vicon_state_data,ball,1,0,0.013644977,0.167896606,1.021608038,0.000000000,0.000000000,0.000000000,1.000000000,1,-0.864907401,-0.387681890,0.820047964,0.000000000,0.000000000,0.004682125,0.999989039,11
1782463493.710117817,35.874814987,10302,vicon_state_data,ball,1,0,0.007068299,0.168520148,1.018860949,0.000000000,0.000000000,0.000000000,1.000000000,1,-0.864995425,-0.387556748,0.820257217,0.000000000,0.000000000,0.005902771,0.999982578,11
1782463493.713418484,35.878115654,10303,vicon_state_data,ball,1,0,0.000445791,0.169247581,1.016143549,0.000000000,0.000000000,0.000000000,1.000000000,1,-0.865020874,-0.387654274,0.820287908,0.000000000,0.000000000,0.005547731,0.999984611,11
1782463493.716965914,35.881663084,10304,vicon_state_data,ball,1,0,-0.006130102,0.170074183,1.013429601,0.000000000,0.000000000,0.000000000,1.000000000,1,-0.864957475,-0.387441908,0.820249652,0.000000000,0.000000000,0.005954008,0.999982275,11
1782463493.720147371,35.884844542,10305,vicon_state_data,ball,1,0,-0.012710690,0.171114223,1.010569178,0.000000000,0.000000000,0.000000000,1.000000000,1,-0.864987155,-0.387593155,0.820242485,0.000000000,0.000000000,0.005288208,0.999986017,11
1782463493.723540068,35.888237238,10306,vicon_state_data,ball,1,0,-0.019274115,0.172019389,1.007482445,0.000000000,0.000000000,0.000000000,1.000000000,1,-0.864955881,-0.387619421,0.820264911,0.000000000,0.000000000,0.004958163,0.999987708,11
1782463493.726849556,35.891546726,10307,vicon_state_data,ball,1,0,-0.025980901,0.172925719,1.004439487,0.000000000,0.000000000,0.000000000,1.000000000,1,-0.864930202,-0.387593278,0.820237909,0.000000000,0.000000000,0.004903110,0.999987980,11
1782463493.730148077,35.894845247,10308,vicon_state_data,ball,1,0,-0.032692826,0.173717030,1.001270684,0.000000000,0.000000000,0.000000000,1.000000000,1,-0.864825982,-0.387536891,0.820125205,0.000000000,0.000000000,0.004622257,0.999989317,11
1782463493.733415127,35.898112297,10309,vicon_state_data,ball,1,0,-0.039342320,0.174334005,0.998026200,0.000000000,0.000000000,0.000000000,1.000000000,1,-0.864826526,-0.387455133,0.820156966,0.000000000,0.000000000,0.004867484,0.999988154,11
1782463493.736902475,35.901599646,10310,vicon_state_data,ball,1,0,-0.045894145,0.174492666,0.995096252,0.000000000,0.000000000,0.000000000,1.000000000,1,-0.864758087,-0.387383001,0.820115185,0.000000000,0.000000000,0.004789337,0.999988531,11
1782463493.740125418,35.904822588,10311,vicon_state_data,ball,1,0,-0.052965394,0.175386289,0.991013635,0.000000000,0.000000000,0.000000000,1.000000000,1,-0.864746793,-0.387362021,0.820277892,0.000000000,0.000000000,0.005117664,0.999986905,11
1782463493.743580103,35.908277273,10312,vicon_state_data,ball,1,0,-0.056002798,0.176000640,0.993524348,0.000000000,0.000000000,0.000000000,1.000000000,1,-0.864735192,-0.387334219,0.820148405,0.000000000,0.000000000,0.004858628,0.999988197,11
1782463493.746991873,35.911689043,10313,vicon_state_data,ball,1,0,-0.058444730,0.176771403,0.997062645,0.000000000,0.000000000,0.000000000,1.000000000,1,-0.864710761,-0.387305048,0.820172970,0.000000000,0.000000000,0.004753384,0.999988703,11
1782463493.750337601,35.915034771,10314,vicon_state_data,ball,1,0,-0.060841184,0.177522335,1.000504158,0.000000000,0.000000000,0.000000000,1.000000000,1,-0.864693861,-0.387321653,0.820178782,0.000000000,0.000000000,0.004601820,0.999989412,11
1782463493.753711939,35.918409109,10315,vicon_state_data,ball,1,0,-0.063288113,0.178258139,1.003980162,0.000000000,0.000000000,0.000000000,1.000000000,1,-0.864743654,-0.387337824,0.820269880,0.000000000,0.000000000,0.004792549,0.999988516,11
1782463493.756751060,35.921448231,10316,vicon_state_data,ball,1,0,-0.065709645,0.179009990,1.007474183,0.000000000,0.000000000,0.000000000,1.000000000,1,-0.864740091,-0.387354168,0.820272586,0.000000000,0.000000000,0.004634687,0.999989260,11
1782463493.760108709,35.924805880,10317,vicon_state_data,ball,1,0,-0.068239912,0.179673015,1.010867609,0.000000000,0.000000000,0.000000000,1.000000000,1,-0.864751650,-0.387359983,0.820328157,0.000000000,0.000000000,0.004676982,0.999989063,11
1782463493.763511896,35.928209066,10318,vicon_state_data,ball,1,0,-0.070666440,0.180377798,1.014296085,0.000000000,0.000000000,0.000000000,1.000000000,1,-0.864608254,-0.387256566,0.820138335,0.000000000,0.000000000,0.004252888,0.999990956,11
1782463493.766649961,35.931347132,10319,vicon_state_data,ball,1,0,-0.072997890,0.181044432,1.017751072,0.000000000,0.000000000,0.000000000,1.000000000,1,-0.864589406,-0.387152665,0.820132599,0.000000000,0.000000000,0.004632418,0.999989270,11
1782463493.770153284,35.934850454,10320,vicon_state_data,ball,1,0,-0.074389667,0.182585767,1.021150472,0.000000000,0.000000000,0.000000000,1.000000000,1,-0.864637575,-0.387263199,0.820338557,0.000000000,0.000000000,0.004614842,0.999989352,11
1782463493.773587465,35.938284636,10321,vicon_state_data,ball,1,0,-0.077443614,0.182541627,1.025013288,0.000000000,0.000000000,0.000000000,1.000000000,1,-0.864666089,-0.387234892,0.820288257,0.000000000,0.000000000,0.004808621,0.999988439,11
1782463493.776808500,35.941505671,10322,vicon_state_data,ball,1,0,-0.080896930,0.182251063,1.029309630,0.000000000,0.000000000,0.000000000,1.000000000,1,-0.864639648,-0.387211014,0.820278572,0.000000000,0.000000000,0.004640615,0.999989232,11
1782463493.780466795,35.945163965,10323,vicon_state_data,ball,1,0,-0.084514714,0.181978646,1.033719520,0.000000000,0.000000000,0.000000000,1.000000000,1,-0.864622797,-0.387179876,0.820289921,0.000000000,0.000000000,0.004594560,0.999989445,11
1782463493.783432484,35.948129654,10324,vicon_state_data,ball,1,0,-0.087819190,0.182210447,1.038209639,0.000000000,0.000000000,0.000000000,1.000000000,1,-0.864628195,-0.387151368,0.820311362,0.000000000,0.000000000,0.004724758,0.999988838,11
