host_time_s,elapsed_s,frame_number,channel,name,ball_valid,ball_occluded,ball_x_m,ball_y_m,ball_z_m,ball_qx,ball_qy,ball_qz,ball_qw,base_valid,base_x_m,base_y_m,base_z_m,base_qx,base_qy,base_qz,base_qw,clean_segment_id
1782463489.103514433,31.268211603,8920,vicon_state_data,ball,1,0,-0.288361889,0.140450083,1.244285890,0.000000000,0.000000000,0.000000000,1.000000000,1,-0.863028939,-0.382824005,0.819692051,0.000000000,0.000000000,-0.005099969,0.999986995,10
1782463489.106856346,31.271553516,8921,vicon_state_data,ball,1,0,-0.287256144,0.140947986,1.242710598,0.000000000,0.000000000,0.000000000,1.000000000,1,-0.863017530,-0.382729829,0.819712897,0.000000000,0.000000000,-0.005115045,0.999986918,10
1782463489.110015631,31.274712801,8922,vicon_state_data,ball,1,0,-0.287952991,0.140132763,1.242900440,0.000000000,0.000000000,0.000000000,1.000000000,1,-0.863027499,-0.382648649,0.819764000,0.000000000,0.000000000,-0.004831084,0.999988330,10
1782463489.113304615,31.278001785,8923,vicon_state_data,ball,1,0,-0.287766539,0.139914730,1.242259076,0.000000000,0.000000000,0.000000000,1.000000000,1,-0.863010400,-0.382612574,0.819751541,0.000000000,0.000000000,-0.004780514,0.999988573,10
1782463489.116706848,31.281404018,8924,vicon_state_data,ball,1,0,-0.287062601,0.139613663,1.241564156,0.000000000,0.000000000,0.000000000,1.000000000,1,-0.862736666,-0.382923504,0.819650013,0.000000000,0.000000000,-0.008011015,0.999967911,10
1782463489.120351791,31.285048962,8925,vicon_state_data,ball,1,0,-0.286684096,0.140068586,1.240427703,0.000000000,0.000000000,0.000000000,1.000000000,1,-0.863015835,-0.382492255,0.819747369,0.000000000,0.000000000,-0.004701887,0.999988946,10
1782463489.123630285,31.288327456,8926,vicon_state_data,ball,1,0,-0.286602345,0.139840685,1.239949067,0.000000000,0.000000000,0.000000000,1.000000000,1,-0.863025170,-0.382431037,0.819794263,0.000000000,0.000000000,-0.004440905,0.999990139,10
1782463489.127051353,31.291748524,8927,vicon_state_data,ball,1,0,-0.286472062,0.139614887,1.239477309,0.000000000,0.000000000,0.000000000,1.000000000,1,-0.862708126,-0.382815875,0.819639334,0.000000000,0.000000000,-0.007956246,0.999968349,10
1782463489.130135536,31.294832706,8928,vicon_state_data,ball,1,0,-0.286483245,0.138759904,1.239171936,0.000000000,0.000000000,0.000000000,1.000000000,1,-0.862989161,-0.382391780,0.819808286,0.000000000,0.000000000,-0.004437719,0.999990153,10
1782463489.133344173,31.298041344,8929,vicon_state_data,ball,1,0,-0.286375281,0.138531957,1.238616586,0.000000000,0.000000000,0.000000000,1.000000000,1,-0.862989729,-0.382320271,0.819789449,0.000000000,0.000000000,-0.004345029,0.999990560,10
1782463489.136748314,31.301445484,8930,vicon_state_data,ball,1,0,-0.286223003,0.138349316,1.238118471,0.000000000,0.000000000,0.000000000,1.000000000,1,-0.862766826,-0.382573197,0.819701760,0.000000000,0.000000000,-0.006978565,0.999975650,10
1782463489.140360355,31.305057526,8931,vicon_state_data,ball,1,0,-0.285986541,0.138741953,1.237474596,0.000000000,0.000000000,0.000000000,1.000000000,1,-0.862970675,-0.382223310,0.819782357,0.000000000,0.000000000,-0.004250317,0.999990967,10
1782463489.143584490,31.308281660,8932,vicon_state_data,ball,1,0,-0.285873424,0.138555699,1.237020839,0.000000000,0.000000000,0.000000000,1.000000000,1,-0.862706294,-0.382554143,0.819665615,0.000000000,0.000000000,-0.007343382,0.999973037,10
1782463489.146759272,31.311456442,8933,vicon_state_data,ball,1,0,-0.285696326,0.138355930,1.236427761,0.000000000,0.000000000,0.000000000,1.000000000,1,-0.862677819,-0.382563255,0.819757035,0.000000000,0.000000000,-0.007484667,0.999971989,10
1782463489.150109291,31.314806461,8934,vicon_state_data,ball,1,0,-0.285600669,0.137574717,1.235831168,0.000000000,0.000000000,0.000000000,1.000000000,1,-0.863007180,-0.381976765,0.819835923,0.000000000,0.000000000,-0.003639176,0.999993378,10
1782463489.153422832,31.318120003,8935,vicon_state_data,ball,1,0,-0.285486044,0.137466888,1.235279007,0.000000000,0.000000000,0.000000000,1.000000000,1,-0.862938321,-0.382046982,0.819835184,0.000000000,0.000000000,-0.004063697,0.999991743,10
1782463489.156724215,31.321421385,8936,vicon_state_data,ball,1,0,-0.285338275,0.137359130,1.234627677,0.000000000,0.000000000,0.000000000,1.000000000,1,-0.862707446,-0.382356192,0.819774110,0.000000000,0.000000000,-0.006994743,0.999975536,10
1782463489.160078287,31.324775457,8937,vicon_state_data,ball,1,0,-0.285145181,0.137808117,1.234013902,0.000000000,0.000000000,0.000000000,1.000000000,1,-0.862697561,-0.382290935,0.819755642,0.000000000,0.000000000,-0.007067107,0.999975028,10
1782463489.163536549,31.328233719,8938,vicon_state_data,ball,1,0,-0.284989019,0.137789974,1.233365286,0.000000000,0.000000000,0.000000000,1.000000000,1,-0.862633638,-0.382317899,0.819684132,0.000000000,0.000000000,-0.007510762,0.999971794,10
1782463489.166999340,31.331696510,8939,vicon_state_data,ball,1,0,-0.284815326,0.137781963,1.232662096,0.000000000,0.000000000,0.000000000,1.000000000,1,-0.862613048,-0.382291325,0.819635130,0.000000000,0.000000000,-0.007680463,0.999970505,10
1782463489.170316696,31.335013866,8940,vicon_state_data,ball,1,0,-0.284623342,0.137228120,1.231723617,0.000000000,0.000000000,0.000000000,1.000000000,1,-0.862617955,-0.382224335,0.819673963,0.000000000,0.000000000,-0.007501831,0.999971861,10
1782463489.173431873,31.338129044,8941,vicon_state_data,ball,1,0,-0.284491613,0.137275356,1.230941920,0.000000000,0.000000000,0.000000000,1.000000000,1,-0.862558409,-0.382260858,0.819619831,0.000000000,0.000000000,-0.008034184,0.999967725,10
1782463489.176687717,31.341384888,8942,vicon_state_data,ball,1,0,-0.284279225,0.137387231,1.230088100,0.000000000,0.000000000,0.000000000,1.000000000,1,-0.862791959,-0.381828955,0.819703418,0.000000000,0.000000000,-0.004636441,0.999989252,10
1782463489.179995537,31.344692707,8943,vicon_state_data,ball,1,0,-0.284053361,0.137817595,1.229261995,0.000000000,0.000000000,0.000000000,1.000000000,1,-0.862787753,-0.381745370,0.819718483,0.000000000,0.000000000,-0.004526916,0.999989753,10
1782463489.183480978,31.348178148,8944,vicon_state_data,ball,1,0,-0.283891836,0.137964034,1.228366731,0.000000000,0.000000000,0.000000000,1.000000000,1,-0.862445468,-0.382193645,0.819495451,0.000000000,0.000000000,-0.008724186,0.999961944,10
1782463489.186750412,31.351447582,8945,vicon_state_data,ball,1,0,-0.283723734,0.137725976,1.227290654,0.000000000,0.000000000,0.000000000,1.000000000,1,-0.862439228,-0.382180044,0.819544541,0.000000000,0.000000000,-0.008613037,0.999962907,10
1782463489.190265656,31.354962826,8946,vicon_state_data,ball,1,0,-0.283503224,0.137928136,1.226324779,0.000000000,0.000000000,0.000000000,1.000000000,1,-0.862432448,-0.382127242,0.819551249,0.000000000,0.000000000,-0.008508400,0.999963803,10
1782463489.193666458,31.358363628,8947,vicon_state_data,ball,1,0,-0.283304453,0.137957172,1.225191867,0.000000000,0.000000000,0.000000000,1.000000000,1,-0.862420359,-0.382081947,0.819535475,0.000000000,0.000000000,-0.008550020,0.999963448,10
1782463489.196774721,31.361471891,8948,vicon_state_data,ball,1,0,-0.283042912,0.138416269,1.224149787,0.000000000,0.000000000,0.000000000,1.000000000,1,-0.862744476,-0.381609422,0.819754500,0.000000000,0.000000000,-0.004507988,0.999989839,10
1782463489.200360298,31.365057468,8949,vicon_state_data,ball,1,0,-0.282829717,0.138558725,1.222993127,0.000000000,0.000000000,0.000000000,1.000000000,1,-0.862428021,-0.382038342,0.819610008,0.000000000,0.000000000,-0.008346292,0.999965169,10
1782463489.203467369,31.368164539,8950,vicon_state_data,ball,1,0,-0.282624685,0.138395936,1.221734143,0.000000000,0.000000000,0.000000000,1.000000000,1,-0.862424038,-0.381993862,0.819614010,0.000000000,0.000000000,-0.008301743,0.999965540,10
1782463489.206764460,31.371461630,8951,vicon_state_data,ball,1,0,-0.282443469,0.138673328,1.220551380,0.000000000,0.000000000,0.000000000,1.000000000,1,-0.862377771,-0.381983115,0.819559730,0.000000000,0.000000000,-0.008482694,0.999964021,10
1782463489.210076809,31.374773979,8952,vicon_state_data,ball,1,0,-0.282253549,0.138907779,1.219317883,0.000000000,0.000000000,0.000000000,1.000000000,1,-0.862735313,-0.381469914,0.819786257,0.000000000,0.000000000,-0.004311617,0.999990705,10
1782463489.213284254,31.377981424,8953,vicon_state_data,ball,1,0,-0.282000977,0.139467340,1.218075276,0.000000000,0.000000000,0.000000000,1.000000000,1,-0.862655408,-0.381488621,0.819688148,0.000000000,0.000000000,-0.004724629,0.999988839,10
1782463489.216870546,31.381567717,8954,vicon_state_data,ball,1,0,-0.281802491,0.139466803,1.216681076,0.000000000,0.000000000,0.000000000,1.000000000,1,-0.862951705,-0.381350219,0.820014309,0.000000000,0.000000000,-0.003124689,0.999995118,10
1782463489.220138550,31.384835720,8955,vicon_state_data,ball,1,0,-0.281573301,0.139757943,1.215346232,0.000000000,0.000000000,0.000000000,1.000000000,1,-0.862833701,-0.381316331,0.819857694,0.000000000,0.000000000,-0.003580850,0.999993589,10
1782463489.223296881,31.387994051,8956,vicon_state_data,ball,1,0,-0.281367287,0.139998454,1.213921393,0.000000000,0.000000000,0.000000000,1.000000000,1,-0.862933537,-0.381279126,0.820034696,0.000000000,0.000000000,-0.003086832,0.999995236,10
1782463489.226705074,31.391402245,8957,vicon_state_data,ball,1,0,-0.281216713,0.140594930,1.212518536,0.000000000,0.000000000,0.000000000,1.000000000,1,-0.862428561,-0.381748440,0.819656935,0.000000000,0.000000000,-0.007953399,0.999968371,10
1782463489.229989529,31.394686699,8958,vicon_state_data,ball,1,0,-0.281064445,0.140857918,1.211052173,0.000000000,0.000000000,0.000000000,1.000000000,1,-0.862739405,-0.381349617,0.819863742,0.000000000,0.000000000,-0.004102059,0.999991587,10
1782463489.233441830,31.398139000,8959,vicon_state_data,ball,1,0,-0.280886628,0.141188845,1.209517001,0.000000000,0.000000000,0.000000000,1.000000000,1,-0.862746971,-0.381319053,0.819913574,0.000000000,0.000000000,-0.003988603,0.999992045,10
1782463489.236707211,31.401404381,8960,vicon_state_data,ball,1,0,-0.280731610,0.141610515,1.207979064,0.000000000,0.000000000,0.000000000,1.000000000,1,-0.862734902,-0.381272850,0.819888117,0.000000000,0.000000000,-0.003906820,0.999992368,10
1782463489.239943504,31.404640675,8961,vicon_state_data,ball,1,0,-0.280514503,0.141948517,1.206355416,0.000000000,0.000000000,0.000000000,1.000000000,1,-0.862718911,-0.381242140,0.819888425,0.000000000,0.000000000,-0.003873871,0.999992497,10
1782463489.243303061,31.408000231,8962,vicon_state_data,ball,1,0,-0.280398276,0.142366251,1.204746321,0.000000000,0.000000000,0.000000000,1.000000000,1,-0.862697633,-0.381232032,0.819861702,0.000000000,0.000000000,-0.003989862,0.999992040,10
1782463489.246952295,31.411649466,8963,vicon_state_data,ball,1,0,-0.280251324,0.142779704,1.203112487,0.000000000,0.000000000,0.000000000,1.000000000,1,-0.862709092,-0.381173578,0.819880478,0.000000000,0.000000000,-0.003869594,0.999992513,10
1782463489.250751257,31.415448427,8964,vicon_state_data,ball,1,0,-0.280113932,0.143203280,1.201325238,0.000000000,0.000000000,0.000000000,1.000000000,1,-0.862692978,-0.381116970,0.819884923,0.000000000,0.000000000,-0.003851519,0.999992583,10
1782463489.253443480,31.418140650,8965,vicon_state_data,ball,1,0,-0.280046739,0.143656891,1.199732960,0.000000000,0.000000000,0.000000000,1.000000000,1,-0.862683619,-0.381094822,0.819870564,0.000000000,0.000000000,-0.003890098,0.999992434,10
1782463489.256635427,31.421332598,8966,vicon_state_data,ball,1,0,-0.279853983,0.143984127,1.197698686,0.000000000,0.000000000,0.000000000,1.000000000,1,-0.862679896,-0.381057123,0.819864916,0.000000000,0.000000000,-0.003886433,0.999992448,10
1782463489.259917498,31.424614668,8967,vicon_state_data,ball,1,0,-0.279670380,0.144268631,1.195757109,0.000000000,0.000000000,0.000000000,1.000000000,1,-0.862645440,-0.381019896,0.819834340,0.000000000,0.000000000,-0.003943190,0.999992226,10
1782463489.263636827,31.428333998,8968,vicon_state_data,ball,1,0,-0.279607592,0.144818396,1.193926692,0.000000000,0.000000000,0.000000000,1.000000000,1,-0.862691237,-0.380959113,0.819905093,0.000000000,0.000000000,-0.003585040,0.999993574,10
1782463489.267043352,31.431740522,8969,vicon_state_data,ball,1,0,-0.279525495,0.145278849,1.192036459,0.000000000,0.000000000,0.000000000,1.000000000,1,-0.862783181,-0.380874214,0.819985751,0.000000000,0.000000000,-0.003172816,0.999994967,10
1782463489.270163059,31.434860229,8970,vicon_state_data,ball,1,0,-0.279453423,0.145806587,1.190156342,0.000000000,0.000000000,0.000000000,1.000000000,1,-0.862659641,-0.380916094,0.819876754,0.000000000,0.000000000,-0.003678711,0.999993234,10
1782463489.273427486,31.438124657,8971,vicon_state_data,ball,1,0,-0.279349571,0.146340069,1.188217833,0.000000000,0.000000000,0.000000000,1.000000000,1,-0.862954738,-0.380673600,0.820135382,0.000000000,0.000000000,-0.001887824,0.999998218,10
1782463489.276610374,31.441307545,8972,vicon_state_data,ball,1,0,-0.279341319,0.146869451,1.186261831,0.000000000,0.000000000,0.000000000,1.000000000,1,-0.862849185,-0.380724523,0.820049363,0.000000000,0.000000000,-0.002391015,0.999997142,10
1782463489.280282974,31.444980145,8973,vicon_state_data,ball,1,0,-0.279266464,0.147371944,1.184285897,0.000000000,0.000000000,0.000000000,1.000000000,1,-0.863045952,-0.380570217,0.820243286,0.000000000,0.000000000,-0.001342563,0.999999099,10
1782463489.283797026,31.448494196,8974,vicon_state_data,ball,1,0,-0.279237163,0.147963794,1.182283237,0.000000000,0.000000000,0.000000000,1.000000000,1,-0.862859300,-0.380674697,0.820052264,0.000000000,0.000000000,-0.002278012,0.999997405,10
1782463489.286761522,31.451458693,8975,vicon_state_data,ball,1,0,-0.279206498,0.148522616,1.180223732,0.000000000,0.000000000,0.000000000,1.000000000,1,-0.863032477,-0.380545442,0.820232220,0.000000000,0.000000000,-0.001316464,0.999999133,10
1782463489.290095329,31.454792500,8976,vicon_state_data,ball,1,0,-0.279224021,0.149111044,1.178214454,0.000000000,0.000000000,0.000000000,1.000000000,1,-0.862858404,-0.380622575,0.820089392,0.000000000,0.000000000,-0.002079918,0.999997837,10
1782463489.293541670,31.458238840,8977,vicon_state_data,ball,1,0,-0.279204908,0.149738200,1.176152247,0.000000000,0.000000000,0.000000000,1.000000000,1,-0.863026277,-0.380460912,0.820241575,0.000000000,0.000000000,-0.001161716,0.999999325,10
1782463489.296762705,31.461459875,8978,vicon_state_data,ball,1,0,-0.279164524,0.150313185,1.174102011,0.000000000,0.000000000,0.000000000,1.000000000,1,-0.863033479,-0.380411826,0.820261684,0.000000000,0.000000000,-0.001037904,0.999999461,10
1782463489.300166845,31.464864016,8979,vicon_state_data,ball,1,0,-0.279206357,0.150963951,1.172004024,0.000000000,0.000000000,0.000000000,1.000000000,1,-0.862823626,-0.380448737,0.820062293,0.000000000,0.000000000,-0.001908297,0.999998179,10
1782463489.303367853,31.468065023,8980,vicon_state_data,ball,1,0,-0.279165788,0.151536370,1.169980541,0.000000000,0.000000000,0.000000000,1.000000000,1,-0.862832084,-0.380456134,0.820070426,0.000000000,0.000000000,-0.001900598,0.999998194,10
1782463489.306705475,31.471402645,8981,vicon_state_data,ball,1,0,-0.279195831,0.152158344,1.167938663,0.000000000,0.000000000,0.000000000,1.000000000,1,-0.862802268,-0.380395058,0.820061976,0.000000000,0.000000000,-0.001898501,0.999998198,10
1782463489.310001135,31.474698305,8982,vicon_state_data,ball,1,0,-0.279227100,0.152817088,1.165966424,0.000000000,0.000000000,0.000000000,1.000000000,1,-0.863028528,-0.380291724,0.820352970,0.000000000,0.000000000,-0.000832079,0.999999654,10
1782463489.313365936,31.478063107,8983,vicon_state_data,ball,1,0,-0.279215098,0.153469543,1.163989233,0.000000000,0.000000000,0.000000000,1.000000000,1,-0.862847425,-0.380352515,0.820132442,0.000000000,0.000000000,-0.001732943,0.999998498,10
1782463489.316917419,31.481614590,8984,vicon_state_data,ball,1,0,-0.279096591,0.154002452,1.161766647,0.000000000,0.000000000,0.000000000,1.000000000,1,-0.862806649,-0.380336721,0.820120614,0.000000000,0.000000000,-0.001875121,0.999998242,10
1782463489.320170403,31.484867573,8985,vicon_state_data,ball,1,0,-0.279296288,0.154670228,1.160038385,0.000000000,0.000000000,0.000000000,1.000000000,1,-0.862792095,-0.380265065,0.820122097,0.000000000,0.000000000,-0.001873323,0.999998245,10
1782463489.323387861,31.488085032,8986,vicon_state_data,ball,1,0,-0.279312068,0.155329865,1.158162609,0.000000000,0.000000000,0.000000000,1.000000000,1,-0.862744265,-0.380274912,0.820062706,0.000000000,0.000000000,-0.002139817,0.999997711,10
1782463489.326860428,31.491557598,8987,vicon_state_data,ball,1,0,-0.279354407,0.156012063,1.156332898,0.000000000,0.000000000,0.000000000,1.000000000,1,-0.862738189,-0.380203806,0.820091874,0.000000000,0.000000000,-0.002032801,0.999997934,10
1782463489.330151320,31.494848490,8988,vicon_state_data,ball,1,0,-0.279392287,0.156650461,1.154540780,0.000000000,0.000000000,0.000000000,1.000000000,1,-0.862730024,-0.380158109,0.820056444,0.000000000,0.000000000,-0.002031568,0.999997936,10
1782463489.333587408,31.498284578,8989,vicon_state_data,ball,1,0,-0.279455697,0.157332305,1.152777236,0.000000000,0.000000000,0.000000000,1.000000000,1,-0.862723090,-0.380146141,0.820077308,0.000000000,0.000000000,-0.002165304,0.999997656,10
1782463489.336736202,31.501433372,8990,vicon_state_data,ball,1,0,-0.279495625,0.158053276,1.151025132,0.000000000,0.000000000,0.000000000,1.000000000,1,-0.862585559,-0.380131528,0.819921141,0.000000000,0.000000000,-0.002992821,0.999995522,10
1782463489.340040922,31.504738092,8991,vicon_state_data,ball,1,0,-0.279539998,0.158712010,1.149323903,0.000000000,0.000000000,0.000000000,1.000000000,1,-0.862609138,-0.380081284,0.819924457,0.000000000,0.000000000,-0.002774579,0.999996151,10
1782463489.343486309,31.508183479,8992,vicon_state_data,ball,1,0,-0.279392616,0.159190740,1.147190930,0.000000000,0.000000000,0.000000000,1.000000000,1,-0.862569628,-0.380051087,0.819909805,0.000000000,0.000000000,-0.002933285,0.999995698,10
1782463489.347011089,31.511708260,8993,vicon_state_data,ball,1,0,-0.279551948,0.160088733,1.145853233,0.000000000,0.000000000,0.000000000,1.000000000,1,-0.862453957,-0.380314074,0.819993998,0.000000000,0.000000000,-0.004787485,0.999988540,10
1782463489.350290060,31.514987230,8994,vicon_state_data,ball,1,0,-0.279594309,0.160839017,1.144168293,0.000000000,0.000000000,0.000000000,1.000000000,1,-0.862386813,-0.380327138,0.819947898,0.000000000,0.000000000,-0.005174444,0.999986612,10
1782463489.353668928,31.518366098,8995,vicon_state_data,ball,1,0,-0.279585252,0.161569956,1.142467987,0.000000000,0.000000000,0.000000000,1.000000000,1,-0.862394280,-0.380283757,0.819947281,0.000000000,0.000000000,-0.005002901,0.999987485,10
1782463489.356814146,31.521511316,8996,vicon_state_data,ball,1,0,-0.279631440,0.162349483,1.140774205,0.000000000,0.000000000,0.000000000,1.000000000,1,-0.862420673,-0.380256549,0.820014673,0.000000000,0.000000000,-0.004823638,0.999988366,10
1782463489.360114574,31.524811745,8997,vicon_state_data,ball,1,0,-0.279636352,0.163142164,1.139103356,0.000000000,0.000000000,0.000000000,1.000000000,1,-0.862431817,-0.380195225,0.820010484,0.000000000,0.000000000,-0.004585683,0.999989486,10
1782463489.363515854,31.528213024,8998,vicon_state_data,ball,1,0,-0.279488537,0.163661664,1.136981438,0.000000000,0.000000000,0.000000000,1.000000000,1,-0.862522757,-0.379901000,0.819828922,0.000000000,0.000000000,-0.002957166,0.999995628,10
1782463489.367192030,31.531889200,8999,vicon_state_data,ball,1,0,-0.279658742,0.164745840,1.135683713,0.000000000,0.000000000,0.000000000,1.000000000,1,-0.862532061,-0.379870375,0.819850693,0.000000000,0.000000000,-0.002769733,0.999996164,10
1782463489.370055199,31.534752369,9000,vicon_state_data,ball,1,0,-0.279642704,0.165589269,1.133956967,0.000000000,0.000000000,0.000000000,1.000000000,1,-0.862411547,-0.380099188,0.819978046,0.000000000,0.000000000,-0.004507550,0.999989841,10
1782463489.373367548,31.538064718,9001,vicon_state_data,ball,1,0,-0.279657648,0.166431061,1.132229852,0.000000000,0.000000000,0.000000000,1.000000000,1,-0.862379718,-0.380080209,0.819894974,0.000000000,0.000000000,-0.004744038,0.999988747,10
1782463489.377015591,31.541712761,9002,vicon_state_data,ball,1,0,-0.279640737,0.167295079,1.130559615,0.000000000,0.000000000,0.000000000,1.000000000,1,-0.862454521,-0.379965202,0.819993425,0.000000000,0.000000000,-0.004054286,0.999991781,10
1782463489.380175114,31.544872284,9003,vicon_state_data,ball,1,0,-0.279579284,0.168106378,1.128801564,0.000000000,0.000000000,0.000000000,1.000000000,1,-0.862462150,-0.379911006,0.820008381,0.000000000,0.000000000,-0.003920446,0.999992315,10
1782463489.383452415,31.548149586,9004,vicon_state_data,ball,1,0,-0.279506517,0.168900946,1.127090092,0.000000000,0.000000000,0.000000000,1.000000000,1,-0.862417982,-0.379932339,0.819961251,0.000000000,0.000000000,-0.004204101,0.999991163,10
1782463489.386855125,31.551552296,9005,vicon_state_data,ball,1,0,-0.279713273,0.169406974,1.125349141,0.000000000,0.000000000,0.000000000,1.000000000,1,-0.862419618,-0.379873811,0.819931100,0.000000000,0.000000000,-0.004085048,0.999991656,10
1782463489.390340805,31.555037975,9006,vicon_state_data,ball,1,0,-0.279375597,0.170543951,1.123598206,0.000000000,0.000000000,0.000000000,1.000000000,1,-0.862535175,-0.379579418,0.819798394,0.000000000,0.000000000,-0.002290058,0.999997378,10
1782463489.393384695,31.558081865,9007,vicon_state_data,ball,1,0,-0.279295452,0.171373148,1.121883899,0.000000000,0.000000000,0.000000000,1.000000000,1,-0.862536253,-0.379497389,0.819792743,0.000000000,0.000000000,-0.002174580,0.999997636,10
1782463489.397023916,31.561721087,9008,vicon_state_data,ball,1,0,-0.279248077,0.172331250,1.120338613,0.000000000,0.000000000,0.000000000,1.000000000,1,-0.862416815,-0.379774963,0.819936354,0.000000000,0.000000000,-0.004077810,0.999991686,10
1782463489.400134325,31.564831495,9009,vicon_state_data,ball,1,0,-0.279193290,0.173262847,1.118787568,0.000000000,0.000000000,0.000000000,1.000000000,1,-0.862401794,-0.379732936,0.819893890,0.000000000,0.000000000,-0.004167816,0.999991315,10
1782463489.403395176,31.568092346,9010,vicon_state_data,ball,1,0,-0.279117662,0.174214447,1.117283487,0.000000000,0.000000000,0.000000000,1.000000000,1,-0.862396655,-0.379733441,0.819889301,0.000000000,0.000000000,-0.004248479,0.999990975,10
1782463489.406917334,31.571614504,9011,vicon_state_data,ball,1,0,-0.279022515,0.175220545,1.115880861,0.000000000,0.000000000,0.000000000,1.000000000,1,-0.862532306,-0.379380799,0.819764560,0.000000000,0.000000000,-0.002125328,0.999997741,10
1782463489.410142660,31.574839830,9012,vicon_state_data,ball,1,0,-0.278917329,0.176186804,1.114443932,0.000000000,0.000000000,0.000000000,1.000000000,1,-0.862443570,-0.379547862,0.819926242,0.000000000,0.000000000,-0.003607409,0.999993493,10
1782463489.413872242,31.578569412,9013,vicon_state_data,ball,1,0,-0.278755610,0.177222386,1.113131376,0.000000000,0.000000000,0.000000000,1.000000000,1,-0.862445637,-0.379526600,0.819952189,0.000000000,0.000000000,-0.003589375,0.999993558,10
1782463489.416951180,31.581648350,9014,vicon_state_data,ball,1,0,-0.278574255,0.178227313,1.111831933,0.000000000,0.000000000,0.000000000,1.000000000,1,-0.862434277,-0.379419160,0.819951535,0.000000000,0.000000000,-0.003324598,0.999994474,10
1782463489.420320511,31.585017681,9015,vicon_state_data,ball,1,0,-0.278410542,0.179322759,1.110663455,0.000000000,0.000000000,0.000000000,1.000000000,1,-0.862516453,-0.379159359,0.819757215,0.000000000,0.000000000,-0.001953116,0.999998093,10
1782463489.423441410,31.588138580,9016,vicon_state_data,ball,1,0,-0.278169229,0.180315961,1.109430844,0.000000000,0.000000000,0.000000000,1.000000000,1,-0.862421205,-0.379454138,0.819857554,0.000000000,0.000000000,-0.003709089,0.999993121,10
1782463489.426779985,31.591477156,9017,vicon_state_data,ball,1,0,-0.277913926,0.181428095,1.108382194,0.000000000,0.000000000,0.000000000,1.000000000,1,-0.862541588,-0.379085719,0.819772768,0.000000000,0.000000000,-0.001726648,0.999998509,10
1782463489.429954290,31.594651461,9018,vicon_state_data,ball,1,0,-0.277596133,0.182449875,1.107275299,0.000000000,0.000000000,0.000000000,1.000000000,1,-0.862407919,-0.379448720,0.819835823,0.000000000,0.000000000,-0.003817192,0.999992714,10
1782463489.433341980,31.598039150,9019,vicon_state_data,ball,1,0,-0.277289066,0.183568143,1.106292208,0.000000000,0.000000000,0.000000000,1.000000000,1,-0.862404758,-0.379415419,0.819795022,0.000000000,0.000000000,-0.003737445,0.999993016,10
1782463489.436801434,31.601498604,9020,vicon_state_data,ball,1,0,-0.276880848,0.184671145,1.105280502,0.000000000,0.000000000,0.000000000,1.000000000,1,-0.862443375,-0.379375326,0.819849848,0.000000000,0.000000000,-0.003421376,0.999994147,10
1782463489.439974070,31.604671240,9021,vicon_state_data,ball,1,0,-0.276481534,0.185734227,1.104350319,0.000000000,0.000000000,0.000000000,1.000000000,1,-0.862425898,-0.379370211,0.819818616,0.000000000,0.000000000,-0.003491171,0.999993906,10
1782463489.443513870,31.608211040,9022,vicon_state_data,ball,1,0,-0.276067467,0.186891082,1.103542519,0.000000000,0.000000000,0.000000000,1.000000000,1,-0.862581000,-0.379048499,0.819697992,0.000000000,0.000000000,-0.001428533,0.999998980,10
1782463489.446863174,31.611560345,9023,vicon_state_data,ball,1,0,-0.275471136,0.188008704,1.102637013,0.000000000,0.000000000,0.000000000,1.000000000,1,-0.862475447,-0.379263539,0.819839862,0.000000000,0.000000000,-0.003080638,0.999995255,10
1782463489.450266361,31.614963531,9024,vicon_state_data,ball,1,0,-0.274873894,0.189166930,1.101888916,0.000000000,0.000000000,0.000000000,1.000000000,1,-0.862478867,-0.379175004,0.819885347,0.000000000,0.000000000,-0.002786386,0.999996118,10
1782463489.453741550,31.618438721,9025,vicon_state_data,ball,1,0,-0.274267942,0.190264490,1.101125920,0.000000000,0.000000000,0.000000000,1.000000000,1,-0.862573590,-0.378925870,0.819739470,0.000000000,0.000000000,-0.001225377,0.999999249,10
1782463489.456863403,31.621560574,9026,vicon_state_data,ball,1,0,-0.273559351,0.191429720,1.100420492,0.000000000,0.000000000,0.000000000,1.000000000,1,-0.862483318,-0.379130852,0.819932176,0.000000000,0.000000000,-0.002655907,0.999996473,10
1782463489.460171223,31.624868393,9027,vicon_state_data,ball,1,0,-0.272830893,0.192604791,1.099749764,0.000000000,0.000000000,0.000000000,1.000000000,1,-0.862515291,-0.379123545,0.819982462,0.000000000,0.000000000,-0.002492044,0.999996895,10
1782463489.463331699,31.628028870,9028,vicon_state_data,ball,1,0,-0.272022557,0.193781505,1.099147269,0.000000000,0.000000000,0.000000000,1.000000000,1,-0.862471088,-0.379105599,0.819938882,0.000000000,0.000000000,-0.002722028,0.999996295,10
1782463489.466955185,31.631652355,9029,vicon_state_data,ball,1,0,-0.271158590,0.194858864,1.098344947,0.000000000,0.000000000,0.000000000,1.000000000,1,-0.862476532,-0.379081220,0.819946208,0.000000000,0.000000000,-0.002718633,0.999996305,10
1782463489.470225573,31.634922743,9030,vicon_state_data,ball,1,0,-0.270394329,0.196064606,1.097822061,0.000000000,0.000000000,0.000000000,1.000000000,1,-0.862461907,-0.379050457,0.819945149,0.000000000,0.000000000,-0.002716030,0.999996312,10
1782463489.473473072,31.638170242,9031,vicon_state_data,ball,1,0,-0.269505990,0.197244599,1.097205284,0.000000000,0.000000000,0.000000000,1.000000000,1,-0.862432337,-0.379039873,0.819882314,0.000000000,0.000000000,-0.002966965,0.999995599,10
1782463489.476633549,31.641330719,9032,vicon_state_data,ball,1,0,-0.268454067,0.198262964,1.096412294,0.000000000,0.000000000,0.000000000,1.000000000,1,-0.862454909,-0.378996989,0.819948599,0.000000000,0.000000000,-0.002733537,0.999996264,10
1782463489.479949236,31.644646406,9033,vicon_state_data,ball,1,0,-0.267513327,0.199477299,1.095896835,0.000000000,0.000000000,0.000000000,1.000000000,1,-0.862453032,-0.379007088,0.819970399,0.000000000,0.000000000,-0.002775712,0.999996148,10
1782463489.483437777,31.648134947,9034,vicon_state_data,ball,1,0,-0.265620612,0.199725253,1.094114839,0.000000000,0.000000000,0.000000000,1.000000000,1,-0.862599466,-0.378615888,0.819974027,0.000000000,0.000000000,-0.001029894,0.999999470,10
1782463489.486704826,31.651401997,9035,vicon_state_data,ball,1,0,-0.264559865,0.200901617,1.093560120,0.000000000,0.000000000,0.000000000,1.000000000,1,-0.862470667,-0.378870875,0.819932282,0.000000000,0.000000000,-0.002490879,0.999996898,10
1782463489.490024567,31.654721737,9036,vicon_state_data,ball,1,0,-0.263489300,0.202068556,1.093005384,0.000000000,0.000000000,0.000000000,1.000000000,1,-0.862540953,-0.378688199,0.819762297,0.000000000,0.000000000,-0.001439982,0.999998963,10
1782463489.493306398,31.658003569,9037,vicon_state_data,ball,1,0,-0.262342837,0.203204275,1.092551057,0.000000000,0.000000000,0.000000000,1.000000000,1,-0.862446099,-0.378878615,0.819907609,0.000000000,0.000000000,-0.002585334,0.999996658,10
1782463489.496594191,31.661291361,9038,vicon_state_data,ball,1,0,-0.261227846,0.204448426,1.092092046,0.000000000,0.000000000,0.000000000,1.000000000,1,-0.862617511,-0.378484919,0.819950162,0.000000000,0.000000000,-0.000802726,0.999999678,10
1782463489.500402689,31.665099859,9039,vicon_state_data,ball,1,0,-0.260066329,0.205609767,1.091661847,0.000000000,0.000000000,0.000000000,1.000000000,1,-0.862487386,-0.378856443,0.819887169,0.000000000,0.000000000,-0.002627289,0.999996549,10
1782463489.503479242,31.668176413,9040,vicon_state_data,ball,1,0,-0.258849074,0.206760593,1.091339205,0.000000000,0.000000000,0.000000000,1.000000000,1,-0.862458296,-0.378804291,0.819910255,0.000000000,0.000000000,-0.002456859,0.999996982,10
1782463489.506967306,31.671664476,9041,vicon_state_data,ball,1,0,-0.257664206,0.208045709,1.091086650,0.000000000,0.000000000,0.000000000,1.000000000,1,-0.862560236,-0.378639645,0.819722614,0.000000000,0.000000000,-0.001498954,0.999998877,10
1782463489.510088205,31.674785376,9042,vicon_state_data,ball,1,0,-0.256425351,0.209161452,1.090821000,0.000000000,0.000000000,0.000000000,1.000000000,1,-0.862658561,-0.378386664,0.819711380,0.000000000,0.000000000,-0.000679801,0.999999769,10
1782463489.513276815,31.677973986,9043,vicon_state_data,ball,1,0,-0.255170253,0.210372638,1.090698629,0.000000000,0.000000000,0.000000000,1.000000000,1,-0.862508334,-0.378744037,0.819894536,0.000000000,0.000000000,-0.002257530,0.999997452,10
1782463489.517024040,31.681721210,9044,vicon_state_data,ball,1,0,-0.253873007,0.211609468,1.090671818,0.000000000,0.000000000,0.000000000,1.000000000,1,-0.862647268,-0.378417191,0.820020881,0.000000000,0.000000000,-0.000584317,0.999999829,10
1782463489.520033121,31.684730291,9045,vicon_state_data,ball,1,0,-0.252558438,0.212794221,1.090615290,0.000000000,0.000000000,0.000000000,1.000000000,1,-0.862498859,-0.378718817,0.819970050,0.000000000,0.000000000,-0.002187858,0.999997607,10
1782463489.523352385,31.688049555,9046,vicon_state_data,ball,1,0,-0.251239351,0.213986142,1.090703340,0.000000000,0.000000000,0.000000000,1.000000000,1,-0.862558856,-0.378552862,0.819762004,0.000000000,0.000000000,-0.001288052,0.999999170,10
1782463489.526593447,31.691290617,9047,vicon_state_data,ball,1,0,-0.249867348,0.215175673,1.090848725,0.000000000,0.000000000,0.000000000,1.000000000,1,-0.862597090,-0.378503478,0.819798754,0.000000000,0.000000000,-0.001033074,0.999999466,10
1782463489.529935360,31.694632530,9048,vicon_state_data,ball,1,0,-0.248535181,0.216343933,1.091050250,0.000000000,0.000000000,0.000000000,1.000000000,1,-0.862525788,-0.378679566,0.820015093,0.000000000,0.000000000,-0.001983446,0.999998033,10
1782463489.534084320,31.698781490,9049,vicon_state_data,ball,1,0,-0.247166899,0.217630767,1.091421796,0.000000000,0.000000000,0.000000000,1.000000000,1,-0.862544127,-0.378689215,0.820035660,0.000000000,0.000000000,-0.001883271,0.999998227,10
1782463489.536813498,31.701510668,9050,vicon_state_data,ball,1,0,-0.245719327,0.218739556,1.091731073,0.000000000,0.000000000,0.000000000,1.000000000,1,-0.862624342,-0.378467841,0.819844018,0.000000000,0.000000000,-0.000817708,0.999999666,10
1782463489.540207148,31.704904318,9051,vicon_state_data,ball,1,0,-0.244320151,0.219949134,1.092169653,0.000000000,0.000000000,0.000000000,1.000000000,1,-0.862558012,-0.378623705,0.820011078,0.000000000,0.000000000,-0.001673276,0.999998600,10
1782463489.543482304,31.708179474,9052,vicon_state_data,ball,1,0,-0.242898780,0.221169127,1.092743009,0.000000000,0.000000000,0.000000000,1.000000000,1,-0.862539344,-0.378656419,0.820026522,0.000000000,0.000000000,-0.001905318,0.999998185,10
1782463489.547137022,31.711834192,9053,vicon_state_data,ball,1,0,-0.241441143,0.222308891,1.093344773,0.000000000,0.000000000,0.000000000,1.000000000,1,-0.862581919,-0.378615868,0.820048033,0.000000000,0.000000000,-0.001617847,0.999998691,10
1782463489.550462246,31.715159416,9054,vicon_state_data,ball,1,0,-0.240005826,0.223543340,1.094113919,0.000000000,0.000000000,0.000000000,1.000000000,1,-0.862573250,-0.378637786,0.820039651,0.000000000,0.000000000,-0.001755535,0.999998459,10
1782463489.553813934,31.718511105,9055,vicon_state_data,ball,1,0,-0.238549836,0.224709561,1.094825378,0.000000000,0.000000000,0.000000000,1.000000000,1,-0.862595133,-0.378626979,0.820081170,0.000000000,0.000000000,-0.001611613,0.999998701,10
1782463489.556878567,31.721575737,9056,vicon_state_data,ball,1,0,-0.237122712,0.225885632,1.095731481,0.000000000,0.000000000,0.000000000,1.000000000,1,-0.862606080,-0.378627380,0.820091983,0.000000000,0.000000000,-0.001627664,0.999998675,10
1782463489.560207605,31.724904776,9057,vicon_state_data,ball,1,0,-0.235694613,0.227091031,1.096664660,0.000000000,0.000000000,0.000000000,1.000000000,1,-0.862698142,-0.378450523,0.819932584,0.000000000,0.000000000,-0.000439019,0.999999904,10
1782463489.563424587,31.728121758,9058,vicon_state_data,ball,1,0,-0.234200204,0.228248256,1.097679057,0.000000000,0.000000000,0.000000000,1.000000000,1,-0.862621993,-0.378621900,0.820046060,0.000000000,0.000000000,-0.001562291,0.999998780,10
1782463489.566693306,31.731390476,9059,vicon_state_data,ball,1,0,-0.232794703,0.229472673,1.098762998,0.000000000,0.000000000,0.000000000,1.000000000,1,-0.862615106,-0.378629830,0.820053480,0.000000000,0.000000000,-0.001591632,0.999998733,10
1782463489.570013523,31.734710693,9060,vicon_state_data,ball,1,0,-0.231326196,0.230635705,1.099968573,0.000000000,0.000000000,0.000000000,1.000000000,1,-0.862618320,-0.378621230,0.820031112,0.000000000,0.000000000,-0.001510494,0.999998859,10
1782463489.573680878,31.738378048,9061,vicon_state_data,ball,1,0,-0.229857543,0.231753160,1.101138237,0.000000000,0.000000000,0.000000000,1.000000000,1,-0.862728971,-0.378392541,0.819911135,0.000000000,0.000000000,-0.000246811,0.999999970,10
1782463489.576803923,31.741501093,9062,vicon_state_data,ball,1,0,-0.228416323,0.232980776,1.102540004,0.000000000,0.000000000,0.000000000,1.000000000,1,-0.862659725,-0.378547388,0.820083115,0.000000000,0.000000000,-0.001204372,0.999999275,10
1782463489.579998732,31.744695902,9063,vicon_state_data,ball,1,0,-0.226961786,0.234181181,1.103928028,0.000000000,0.000000000,0.000000000,1.000000000,1,-0.862631178,-0.378577707,0.820054491,0.000000000,0.000000000,-0.001436515,0.999998968,10
1782463489.583399057,31.748096228,9064,vicon_state_data,ball,1,0,-0.225521995,0.235333806,1.105399707,0.000000000,0.000000000,0.000000000,1.000000000,1,-0.862644628,-0.378554355,0.820062866,0.000000000,0.000000000,-0.001371142,0.999999060,10
1782463489.586827993,31.751525164,9065,vicon_state_data,ball,1,0,-0.224153348,0.236517309,1.106957813,0.000000000,0.000000000,0.000000000,1.000000000,1,-0.862734761,-0.378377678,0.819905426,0.000000000,0.000000000,-0.000338418,0.999999943,10
1782463489.589927912,31.754625082,9066,vicon_state_data,ball,1,0,-0.222757790,0.237724349,1.108553255,0.000000000,0.000000000,0.000000000,1.000000000,1,-0.862767258,-0.378339962,0.819904512,0.000000000,0.000000000,-0.000089448,0.999999996,10
1782463489.593329430,31.758026600,9067,vicon_state_data,ball,1,0,-0.221402117,0.238920833,1.110254910,0.000000000,0.000000000,0.000000000,1.000000000,1,-0.862688118,-0.378547155,0.820053508,0.000000000,0.000000000,-0.001173364,0.999999312,10
1782463489.596998930,31.761696100,9068,vicon_state_data,ball,1,0,-0.220030147,0.239998958,1.111987475,0.000000000,0.000000000,0.000000000,1.000000000,1,-0.862710331,-0.378511909,0.820054790,0.000000000,0.000000000,-0.001051747,0.999999447,10
1782463489.600203514,31.764900684,9069,vicon_state_data,ball,1,0,-0.218693966,0.241184019,1.113778956,0.000000000,0.000000000,0.000000000,1.000000000,1,-0.862720422,-0.378501465,0.820050058,0.000000000,0.000000000,-0.001034472,0.999999465,10
1782463489.603590965,31.768288136,9070,vicon_state_data,ball,1,0,-0.217380802,0.242298207,1.115657676,0.000000000,0.000000000,0.000000000,1.000000000,1,-0.862737621,-0.378475765,0.820047116,0.000000000,0.000000000,-0.000905533,0.999999590,10
1782463489.606778622,31.771475792,9071,vicon_state_data,ball,1,0,-0.216085081,0.243444804,1.117629096,0.000000000,0.000000000,0.000000000,1.000000000,1,-0.862793551,-0.378310313,0.819881353,0.000000000,0.000000000,0.000127743,0.999999992,10
1782463489.609998941,31.774696112,9072,vicon_state_data,ball,1,0,-0.214758857,0.244552778,1.119639225,0.000000000,0.000000000,0.000000000,1.000000000,1,-0.862810759,-0.378293452,0.819884685,0.000000000,0.000000000,0.000230940,0.999999973,10
1782463489.613243341,31.777940512,9073,vicon_state_data,ball,1,0,-0.213475552,0.245605157,1.121710533,0.000000000,0.000000000,0.000000000,1.000000000,1,-0.862743523,-0.378501316,0.820004814,0.000000000,0.000000000,-0.000898296,0.999999597,10
1782463489.616638660,31.781335831,9074,vicon_state_data,ball,1,0,-0.212195204,0.246679396,1.123820423,0.000000000,0.000000000,0.000000000,1.000000000,1,-0.862761966,-0.378459785,0.820040387,0.000000000,0.000000000,-0.000684323,0.999999766,10
1782463489.620017767,31.784714937,9075,vicon_state_data,ball,1,0,-0.210927288,0.247792617,1.126040454,0.000000000,0.000000000,0.000000000,1.000000000,1,-0.862743393,-0.378513671,0.820036018,0.000000000,0.000000000,-0.000930679,0.999999567,10
1782463489.623331547,31.788028717,9076,vicon_state_data,ball,1,0,-0.209645906,0.248887366,1.128305304,0.000000000,0.000000000,0.000000000,1.000000000,1,-0.862796541,-0.378473659,0.820030811,0.000000000,0.000000000,-0.000576404,0.999999834,10
1782463489.627032280,31.791729450,9077,vicon_state_data,ball,1,0,-0.208398669,0.249936143,1.130618851,0.000000000,0.000000000,0.000000000,1.000000000,1,-0.862792102,-0.378490013,0.820047951,0.000000000,0.000000000,-0.000690395,0.999999762,10
1782463489.629953623,31.794650793,9078,vicon_state_data,ball,1,0,-0.207133643,0.250900806,1.132965075,0.000000000,0.000000000,0.000000000,1.000000000,1,-0.862804656,-0.378493563,0.820057537,0.000000000,0.000000000,-0.000619832,0.999999808,10
1782463489.633307934,31.798005104,9079,vicon_state_data,ball,1,0,-0.205901643,0.251969644,1.135402105,0.000000000,0.000000000,0.000000000,1.000000000,1,-0.862779065,-0.378520113,0.819996790,0.000000000,0.000000000,-0.000853607,0.999999636,10
1782463489.636987925,31.801685095,9080,vicon_state_data,ball,1,0,-0.205211210,0.253821993,1.138122438,0.000000000,0.000000000,0.000000000,1.000000000,1,-0.862865149,-0.378284622,0.819811198,0.000000000,0.000000000,0.000391391,0.999999923,10
1782463489.640075922,31.804773092,9081,vicon_state_data,ball,1,0,-0.203475667,0.254031059,1.140329717,0.000000000,0.000000000,0.000000000,1.000000000,1,-0.862852713,-0.378295985,0.819815313,0.000000000,0.000000000,0.000403960,0.999999918,10
1782463489.643350363,31.808047533,9082,vicon_state_data,ball,1,0,-0.202277653,0.255058886,1.142891875,0.000000000,0.000000000,0.000000000,1.000000000,1,-0.862775463,-0.378517841,0.819964604,0.000000000,0.000000000,-0.000924491,0.999999573,10
1782463489.646683693,31.811380863,9083,vicon_state_data,ball,1,0,-0.201127805,0.256007306,1.145443214,0.000000000,0.000000000,0.000000000,1.000000000,1,-0.862814707,-0.378521618,0.819935275,0.000000000,0.000000000,-0.000868133,0.999999623,10
1782463489.650202036,31.814899206,9084,vicon_state_data,ball,1,0,-0.199941952,0.257044027,1.148011355,0.000000000,0.000000000,0.000000000,1.000000000,1,-0.862817761,-0.378500818,0.819981555,0.000000000,0.000000000,-0.000746116,0.999999722,10
1782463489.653523684,31.818220854,9085,vicon_state_data,ball,1,0,-0.198782955,0.258030127,1.150576397,0.000000000,0.000000000,0.000000000,1.000000000,1,-0.862816620,-0.378542175,0.819942313,0.000000000,0.000000000,-0.001048996,0.999999450,10
1782463489.656877041,31.821574211,9086,vicon_state_data,ball,1,0,-0.197640294,0.258913464,1.153140962,0.000000000,0.000000000,0.000000000,1.000000000,1,-0.862816730,-0.378543496,0.819937927,0.000000000,0.000000000,-0.001030136,0.999999469,10
1782463489.660141230,31.824838400,9087,vicon_state_data,ball,1,0,-0.196562357,0.259940479,1.155767003,0.000000000,0.000000000,0.000000000,1.000000000,1,-0.862918597,-0.378275962,0.819857262,0.000000000,0.000000000,0.000584678,0.999999829,10
1782463489.663518190,31.828215361,9088,vicon_state_data,ball,1,0,-0.195760283,0.261133248,1.158792178,0.000000000,0.000000000,0.000000000,1.000000000,1,-0.862907473,-0.378269196,0.819844971,0.000000000,0.000000000,0.000535291,0.999999857,10
1782463489.666892767,31.831589937,9089,vicon_state_data,ball,1,0,-0.194420200,0.261784562,1.160942755,0.000000000,0.000000000,0.000000000,1.000000000,1,-0.862795469,-0.378574525,0.819891218,0.000000000,0.000000000,-0.001310097,0.999999142,10
1782463489.670088053,31.834785223,9090,vicon_state_data,ball,1,0,-0.193380221,0.262743273,1.163542638,0.000000000,0.000000000,0.000000000,1.000000000,1,-0.862778072,-0.378560210,0.819902609,0.000000000,0.000000000,-0.001322799,0.999999125,10
1782463489.673393250,31.838090420,9091,vicon_state_data,ball,1,0,-0.192345485,0.263654336,1.166093366,0.000000000,0.000000000,0.000000000,1.000000000,1,-0.862921208,-0.378299616,0.819829917,0.000000000,0.000000000,0.000477369,0.999999886,10
1782463489.676702738,31.841399908,9092,vicon_state_data,ball,1,0,-0.191339506,0.264547829,1.168694927,0.000000000,0.000000000,0.000000000,1.000000000,1,-0.862847156,-0.378569494,0.819936521,0.000000000,0.000000000,-0.001041388,0.999999458,10
1782463489.680052280,31.844749451,9093,vicon_state_data,ball,1,0,-0.190354073,0.265411209,1.171238866,0.000000000,0.000000000,0.000000000,1.000000000,1,-0.862858732,-0.378523658,0.819956232,0.000000000,0.000000000,-0.000782200,0.999999694,10
1782463489.683718920,31.848416090,9094,vicon_state_data,ball,1,0,-0.189367314,0.266565288,1.173484874,0.000000000,0.000000000,0.000000000,1.000000000,1,-0.862977622,-0.378319599,0.819839339,0.000000000,0.000000000,0.000741758,0.999999725,10
1782463489.687045336,31.851742506,9095,vicon_state_data,ball,1,0,-0.188478545,0.267272584,1.176366333,0.000000000,0.000000000,0.000000000,1.000000000,1,-0.862916344,-0.378583443,0.819955557,0.000000000,0.000000000,-0.000634652,0.999999799,10
1782463489.690055132,31.854752302,9096,vicon_state_data,ball,1,0,-0.187566400,0.268118528,1.178934675,0.000000000,0.000000000,0.000000000,1.000000000,1,-0.862999241,-0.378322394,0.819843172,0.000000000,0.000000000,0.000815665,0.999999667,10
1782463489.693372488,31.858069658,9097,vicon_state_data,ball,1,0,-0.186660258,0.269042311,1.181456717,0.000000000,0.000000000,0.000000000,1.000000000,1,-0.862926129,-0.378528739,0.819994744,0.000000000,0.000000000,-0.000414040,0.999999914,10
1782463489.697081089,31.861778259,9098,vicon_state_data,ball,1,0,-0.185789597,0.269815562,1.184004409,0.000000000,0.000000000,0.000000000,1.000000000,1,-0.863009704,-0.378351366,0.819805746,0.000000000,0.000000000,0.000775851,0.999999699,10
1782463489.700458527,31.865155697,9099,vicon_state_data,ball,1,0,-0.184950242,0.270681802,1.186516941,0.000000000,0.000000000,0.000000000,1.000000000,1,-0.862943345,-0.378608069,0.819944523,0.000000000,0.000000000,-0.000605857,0.999999816,10
1782463489.703569651,31.868266821,9100,vicon_state_data,ball,1,0,-0.184104072,0.271493372,1.188957164,0.000000000,0.000000000,0.000000000,1.000000000,1,-0.862938779,-0.378612412,0.819965962,0.000000000,0.000000000,-0.000508454,0.999999871,10
1782463489.707013845,31.871711016,9101,vicon_state_data,ball,1,0,-0.183314841,0.272320232,1.191440109,0.000000000,0.000000000,0.000000000,1.000000000,1,-0.862914841,-0.378676086,0.819963671,0.000000000,0.000000000,-0.000748251,0.999999720,10
1782463489.710237980,31.874935150,9102,vicon_state_data,ball,1,0,-0.182564556,0.273088580,1.193902437,0.000000000,0.000000000,0.000000000,1.000000000,1,-0.863067848,-0.378372213,0.819856428,0.000000000,0.000000000,0.000958996,0.999999540,10
1782463489.713654995,31.878352165,9103,vicon_state_data,ball,1,0,-0.181798853,0.273923209,1.196331247,0.000000000,0.000000000,0.000000000,1.000000000,1,-0.863074101,-0.378388042,0.819863124,0.000000000,0.000000000,0.000930142,0.999999567,10
1782463489.716969967,31.881667137,9104,vicon_state_data,ball,1,0,-0.181157730,0.274788336,1.198790066,0.000000000,0.000000000,0.000000000,1.000000000,1,-0.863108362,-0.378362061,0.819895095,0.000000000,0.000000000,0.001099266,0.999999396,10
1782463489.720110178,31.884807348,9105,vicon_state_data,ball,1,0,-0.180497727,0.275596547,1.201231284,0.000000000,0.000000000,0.000000000,1.000000000,1,-0.863037224,-0.378654765,0.820010235,0.000000000,0.000000000,-0.000207694,0.999999978,10
1782463489.723509550,31.888206720,9106,vicon_state_data,ball,1,0,-0.179867155,0.276429455,1.203604073,0.000000000,0.000000000,0.000000000,1.000000000,1,-0.863116504,-0.378480806,0.819865829,0.000000000,0.000000000,0.000960262,0.999999539,10
1782463489.726699829,31.891396999,9107,vicon_state_data,ball,1,0,-0.179334239,0.277275158,1.206014808,0.000000000,0.000000000,0.000000000,1.000000000,1,-0.863149779,-0.378384559,0.819922509,0.000000000,0.000000000,0.001254342,0.999999213,10
1782463489.730006218,31.894703388,9108,vicon_state_data,ball,1,0,-0.178835650,0.278122492,1.208431109,0.000000000,0.000000000,0.000000000,1.000000000,1,-0.863127418,-0.378459034,0.819899645,0.000000000,0.000000000,0.001063942,0.999999434,10
1782463489.733460188,31.898157358,9109,vicon_state_data,ball,1,0,-0.178309698,0.278936013,1.210708838,0.000000000,0.000000000,0.000000000,1.000000000,1,-0.863060605,-0.378630562,0.820039183,0.000000000,0.000000000,0.000093138,0.999999996,10
1782463489.736715794,31.901412964,9110,vicon_state_data,ball,1,0,-0.177803706,0.279657845,1.212938385,0.000000000,0.000000000,0.000000000,1.000000000,1,-0.863167411,-0.378434688,0.819925681,0.000000000,0.000000000,0.001289978,0.999999168,10
1782463489.739963055,31.904660225,9111,vicon_state_data,ball,1,0,-0.177344424,0.280469071,1.215217774,0.000000000,0.000000000,0.000000000,1.000000000,1,-0.863101763,-0.378650247,0.820097133,0.000000000,0.000000000,0.000239043,0.999999971,10
1782463489.743308783,31.908005953,9112,vicon_state_data,ball,1,0,-0.176937760,0.281235900,1.217523107,0.000000000,0.000000000,0.000000000,1.000000000,1,-0.863092109,-0.378665964,0.820087183,0.000000000,0.000000000,0.000083966,0.999999996,10
1782463489.747364521,31.912061691,9113,vicon_state_data,ball,1,0,-0.177352335,0.282934681,1.220781892,0.000000000,0.000000000,0.000000000,1.000000000,1,-0.863170594,-0.378519209,0.819915686,0.000000000,0.000000000,0.001084452,0.999999412,10
1782463489.750323772,31.915020943,9114,vicon_state_data,ball,1,0,-0.176994968,0.283658911,1.222958914,0.000000000,0.000000000,0.000000000,1.000000000,1,-0.863130016,-0.378718460,0.820107628,0.000000000,0.000000000,0.000252512,0.999999968,10
1782463489.753552437,31.918249607,9115,vicon_state_data,ball,1,0,-0.176648198,0.284376486,1.225138973,0.000000000,0.000000000,0.000000000,1.000000000,1,-0.863179431,-0.378577623,0.819928148,0.000000000,0.000000000,0.001109739,0.999999384,10
1782463489.756656408,31.921353579,9116,vicon_state_data,ball,1,0,-0.176258219,0.285027752,1.227227817,0.000000000,0.000000000,0.000000000,1.000000000,1,-0.863127720,-0.378706456,0.820102015,0.000000000,0.000000000,0.000261837,0.999999966,10
1782463489.759959698,31.924656868,9117,vicon_state_data,ball,1,0,-0.175909214,0.285729508,1.229347751,0.000000000,0.000000000,0.000000000,1.000000000,1,-0.863136735,-0.378763135,0.820093460,0.000000000,0.000000000,0.000116236,0.999999993,10
1782463489.763480902,31.928178072,9118,vicon_state_data,ball,1,0,-0.175637435,0.286446654,1.231512436,0.000000000,0.000000000,0.000000000,1.000000000,1,-0.863182183,-0.378742371,0.820127025,0.000000000,0.000000000,0.000464484,0.999999892,10
1782463489.767233133,31.931930304,9119,vicon_state_data,ball,1,0,-0.175414339,0.287098816,1.233581764,0.000000000,0.000000000,0.000000000,1.000000000,1,-0.863244722,-0.378628567,0.819912748,0.000000000,0.000000000,0.001162470,0.999999324,10
1782463489.770255327,31.934952497,9120,vicon_state_data,ball,1,0,-0.175141151,0.287765495,1.235595576,0.000000000,0.000000000,0.000000000,1.000000000,1,-0.863270175,-0.378561428,0.819941726,0.000000000,0.000000000,0.001536912,0.999998819,10
1782463489.773430586,31.938127756,9121,vicon_state_data,ball,1,0,-0.174941967,0.288385568,1.237597028,0.000000000,0.000000000,0.000000000,1.000000000,1,-0.863205850,-0.378792120,0.820138158,0.000000000,0.000000000,0.000411766,0.999999915,10
1782463489.776699305,31.941396475,9122,vicon_state_data,ball,1,0,-0.174876293,0.289022594,1.239692507,0.000000000,0.000000000,0.000000000,1.000000000,1,-0.863164581,-0.378861109,0.820069257,0.000000000,0.000000000,0.000091747,0.999999996,10
1782463489.780180216,31.944877386,9123,vicon_state_data,ball,1,0,-0.174733622,0.289671347,1.241656545,0.000000000,0.000000000,0.000000000,1.000000000,1,-0.863239841,-0.378871427,0.820112969,0.000000000,0.000000000,0.000366846,0.999999933,10
1782463489.783471346,31.948168516,9124,vicon_state_data,ball,1,0,-0.174558896,0.290260941,1.243487460,0.000000000,0.000000000,0.000000000,1.000000000,1,-0.863889057,-0.378070537,0.820324242,0.000000000,0.000000000,0.006890402,0.999976261,10
1782463489.786781549,31.951478720,9125,vicon_state_data,ball,1,0,-0.174507472,0.290835827,1.245431177,0.000000000,0.000000000,0.000000000,1.000000000,1,-0.864128851,-0.377880341,0.820484256,0.000000000,0.000000000,0.008756740,0.999961659,10
1782463489.789990664,31.954687834,9126,vicon_state_data,ball,1,0,-0.174509466,0.291471426,1.247179711,0.000000000,0.000000000,0.000000000,1.000000000,1,-0.864329828,-0.377701563,0.820617978,0.000000000,0.000000000,0.010385275,0.999946072,10
1782463489.793323755,31.958020926,9127,vicon_state_data,ball,1,0,-0.174489313,0.292074909,1.248901979,0.000000000,0.000000000,0.000000000,1.000000000,1,-0.864420016,-0.377654136,0.820628418,0.000000000,0.000000000,0.011051113,0.999938935,10
1782463489.796816826,31.961513996,9128,vicon_state_data,ball,1,0,-0.174502551,0.292678516,1.250556768,0.000000000,0.000000000,0.000000000,1.000000000,1,-0.863211829,-0.378974868,0.820066485,0.000000000,0.000000000,0.000236347,0.999999972,10
1782463489.800232887,31.964930058,9129,vicon_state_data,ball,1,0,-0.174591839,0.293353182,1.252231650,0.000000000,0.000000000,0.000000000,1.000000000,1,-0.863680083,-0.379318281,0.820515427,0.000000000,0.000000000,0.000482638,0.999999884,10
1782463489.803449154,31.968146324,9130,vicon_state_data,ball,1,0,-0.174686474,0.293962259,1.253770981,0.000000000,0.000000000,0.000000000,1.000000000,1,-0.863233167,-0.379037496,0.820061026,0.000000000,0.000000000,0.000168077,0.999999986,10
1782463489.806852818,31.971549988,9131,vicon_state_data,ball,1,0,-0.174807420,0.294608413,1.255246584,0.000000000,0.000000000,0.000000000,1.000000000,1,-0.863247374,-0.379011214,0.820005571,0.000000000,0.000000000,0.000185230,0.999999983,10
1782463489.810426712,31.975123882,9132,vicon_state_data,ball,1,0,-0.175090026,0.295313461,1.256840440,0.000000000,0.000000000,0.000000000,1.000000000,1,-0.863737068,-0.379407331,0.820482543,0.000000000,0.000000000,0.000415087,0.999999914,10
1782463489.813536406,31.978233576,9133,vicon_state_data,ball,1,0,-0.175284414,0.295927164,1.258168111,0.000000000,0.000000000,0.000000000,1.000000000,1,-0.863684106,-0.379328757,0.820379201,0.000000000,0.000000000,0.000720465,0.999999740,10
1782463489.816926241,31.981623411,9134,vicon_state_data,ball,1,0,-0.175586192,0.296583008,1.259486044,0.000000000,0.000000000,0.000000000,1.000000000,1,-0.863691844,-0.379278113,0.820335703,0.000000000,0.000000000,0.001056624,0.999999442,10
1782463489.820039988,31.984737158,9135,vicon_state_data,ball,1,0,-0.175992280,0.297305839,1.260824284,0.000000000,0.000000000,0.000000000,1.000000000,1,-0.863301305,-0.379206954,0.819992000,0.000000000,0.000000000,-0.000273699,0.999999963,10
1782463489.823395252,31.988092422,9136,vicon_state_data,ball,1,0,-0.176427082,0.297982010,1.262045193,0.000000000,0.000000000,0.000000000,1.000000000,1,-0.863703277,-0.379456242,0.820373684,0.000000000,0.000000000,0.000314854,0.999999950,10
1782463489.826729059,31.991426229,9137,vicon_state_data,ball,1,0,-0.176891314,0.298672862,1.263206028,0.000000000,0.000000000,0.000000000,1.000000000,1,-0.863302153,-0.379284868,0.819969504,0.000000000,0.000000000,-0.000443299,0.999999902,10
1782463489.830007553,31.994704723,9138,vicon_state_data,ball,1,0,-0.177500608,0.299427032,1.264342768,0.000000000,0.000000000,0.000000000,1.000000000,1,-0.863317705,-0.379338164,0.820033249,0.000000000,0.000000000,-0.000434535,0.999999906,10
1782463489.833642721,31.998339891,9139,vicon_state_data,ball,1,0,-0.178099970,0.300171329,1.265367809,0.000000000,0.000000000,0.000000000,1.000000000,1,-0.863345400,-0.379299000,0.819975307,0.000000000,0.000000000,-0.000302982,0.999999954,10
1782463489.837063789,32.001760960,9140,vicon_state_data,ball,1,0,-0.178778938,0.300989415,1.266460067,0.000000000,0.000000000,0.000000000,1.000000000,1,-0.863390379,-0.379295005,0.820015019,0.000000000,0.000000000,-0.000028078,1.000000000,10
1782463489.840186834,32.004884005,9141,vicon_state_data,ball,1,0,-0.179514743,0.301731282,1.267392915,0.000000000,0.000000000,0.000000000,1.000000000,1,-0.863391850,-0.379315724,0.819991432,0.000000000,0.000000000,-0.000062742,0.999999998,10
1782463489.843759537,32.008456707,9142,vicon_state_data,ball,1,0,-0.180330417,0.302495529,1.268313304,0.000000000,0.000000000,0.000000000,1.000000000,1,-0.863425501,-0.379353064,0.820041505,0.000000000,0.000000000,-0.000010443,1.000000000,10
1782463489.846757174,32.011454344,9143,vicon_state_data,ball,1,0,-0.181197664,0.303314272,1.269195037,0.000000000,0.000000000,0.000000000,1.000000000,1,-0.863444379,-0.379406372,0.820008576,0.000000000,0.000000000,-0.000092339,0.999999996,10
1782463489.850036144,32.014733315,9144,vicon_state_data,ball,1,0,-0.182086475,0.304128456,1.269990149,0.000000000,0.000000000,0.000000000,1.000000000,1,-0.863462748,-0.379365880,0.820031110,0.000000000,0.000000000,0.000171153,0.999999985,10
1782463489.853383541,32.018080711,9145,vicon_state_data,ball,1,0,-0.183118742,0.304989220,1.270760111,0.000000000,0.000000000,0.000000000,1.000000000,1,-0.863478199,-0.379449859,0.820034583,0.000000000,0.000000000,0.000063177,0.999999998,10
1782463489.856756687,32.021453857,9146,vicon_state_data,ball,1,0,-0.184174362,0.305840704,1.271427852,0.000000000,0.000000000,0.000000000,1.000000000,1,-0.863485343,-0.379432908,0.819968714,0.000000000,0.000000000,0.000005548,1.000000000,10
1782463489.860403061,32.025100231,9147,vicon_state_data,ball,1,0,-0.185255894,0.306667799,1.272018698,0.000000000,0.000000000,0.000000000,1.000000000,1,-0.863518327,-0.379421198,0.820018899,0.000000000,0.000000000,0.000342406,0.999999941,10
1782463489.863464594,32.028161764,9148,vicon_state_data,ball,1,0,-0.186453817,0.307578513,1.272614969,0.000000000,0.000000000,0.000000000,1.000000000,1,-0.863501153,-0.379478534,0.819968760,0.000000000,0.000000000,0.000115732,0.999999993,10
1782463489.867020130,32.031717300,9149,vicon_state_data,ball,1,0,-0.187670588,0.308498259,1.273109524,0.000000000,0.000000000,0.000000000,1.000000000,1,-0.863564099,-0.379469736,0.820035498,0.000000000,0.000000000,0.000517567,0.999999866,10
1782463489.870146513,32.034843683,9150,vicon_state_data,ball,1,0,-0.188964333,0.309412097,1.273586338,0.000000000,0.000000000,0.000000000,1.000000000,1,-0.863568715,-0.379506974,0.820020831,0.000000000,0.000000000,0.000451839,0.999999898,10
1782463489.873506069,32.038203239,9151,vicon_state_data,ball,1,0,-0.190337270,0.310371307,1.273953280,0.000000000,0.000000000,0.000000000,1.000000000,1,-0.863617271,-0.379466454,0.820088455,0.000000000,0.000000000,0.000758557,0.999999712,10
1782463489.876820803,32.041517973,9152,vicon_state_data,ball,1,0,-0.191764325,0.311333657,1.274340096,0.000000000,0.000000000,0.000000000,1.000000000,1,-0.863587411,-0.379549198,0.820032674,0.000000000,0.000000000,0.000471219,0.999999889,10
1782463489.880051136,32.044748306,9153,vicon_state_data,ball,1,0,-0.193166783,0.312280740,1.274562531,0.000000000,0.000000000,0.000000000,1.000000000,1,-0.863569312,-0.379639930,0.820050670,0.000000000,0.000000000,0.000239067,0.999999971,10
1782463489.883441210,32.048138380,9154,vicon_state_data,ball,1,0,-0.194712274,0.313296561,1.274837841,0.000000000,0.000000000,0.000000000,1.000000000,1,-0.863634199,-0.379576348,0.820039620,0.000000000,0.000000000,0.000611279,0.999999813,10
1782463489.886870384,32.051567554,9155,vicon_state_data,ball,1,0,-0.196256202,0.314275921,1.275014730,0.000000000,0.000000000,0.000000000,1.000000000,1,-0.863622465,-0.379615570,0.819996340,0.000000000,0.000000000,0.000474876,0.999999887,10
1782463489.890880585,32.055577755,9156,vicon_state_data,ball,1,0,-0.197953918,0.315339084,1.275160790,0.000000000,0.000000000,0.000000000,1.000000000,1,-0.863652111,-0.379607332,0.820027031,0.000000000,0.000000000,0.000601275,0.999999819,10
1782463489.893723965,32.058421135,9157,vicon_state_data,ball,1,0,-0.199620310,0.316330132,1.275162253,0.000000000,0.000000000,0.000000000,1.000000000,1,-0.863646339,-0.379704907,0.820070097,0.000000000,0.000000000,0.000420678,0.999999912,10
1782463489.896772146,32.061469316,9158,vicon_state_data,ball,1,0,-0.201398070,0.317422907,1.275163626,0.000000000,0.000000000,0.000000000,1.000000000,1,-0.863704649,-0.379682105,0.820039026,0.000000000,0.000000000,0.000726429,0.999999736,10
1782463489.900111675,32.064808846,9159,vicon_state_data,ball,1,0,-0.203221100,0.318490273,1.275058762,0.000000000,0.000000000,0.000000000,1.000000000,1,-0.863691678,-0.379725346,0.820063939,0.000000000,0.000000000,0.000665581,0.999999779,10
1782463489.903387070,32.068084240,9160,vicon_state_data,ball,1,0,-0.205187984,0.319610899,1.274996845,0.000000000,0.000000000,0.000000000,1.000000000,1,-0.863735330,-0.379690340,0.820093088,0.000000000,0.000000000,0.000948806,0.999999550,10
1782463489.906879902,32.071577072,9161,vicon_state_data,ball,1,0,-0.207120798,0.320626216,1.274683081,0.000000000,0.000000000,0.000000000,1.000000000,1,-0.863762160,-0.379782607,0.820103633,0.000000000,0.000000000,0.000956951,0.999999542,10
1782463489.910177946,32.074875116,9162,vicon_state_data,ball,1,0,-0.209191512,0.321790764,1.274451439,0.000000000,0.000000000,0.000000000,1.000000000,1,-0.863747506,-0.379825026,0.820080946,0.000000000,0.000000000,0.000854619,0.999999635,10
1782463489.913976908,32.078674078,9163,vicon_state_data,ball,1,0,-0.211288015,0.322938274,1.274108166,0.000000000,0.000000000,0.000000000,1.000000000,1,-0.863761152,-0.379910910,0.820093827,0.000000000,0.000000000,0.000780982,0.999999695,10
1782463489.916878700,32.081575871,9164,vicon_state_data,ball,1,0,-0.213546405,0.324141298,1.273763136,0.000000000,0.000000000,0.000000000,1.000000000,1,-0.863782475,-0.379904055,0.820096236,0.000000000,0.000000000,0.000838856,0.999999648,10
1782463489.920374870,32.085072041,9165,vicon_state_data,ball,1,0,-0.215775858,0.325245435,1.273215187,0.000000000,0.000000000,0.000000000,1.000000000,1,-0.863836653,-0.379928927,0.820165065,0.000000000,0.000000000,0.001185496,0.999999297,10
1782463489.923452854,32.088150024,9166,vicon_state_data,ball,1,0,-0.218214512,0.326490405,1.272805759,0.000000000,0.000000000,0.000000000,1.000000000,1,-0.863847067,-0.379956527,0.820149333,0.000000000,0.000000000,0.001151401,0.999999337,10
1782463489.926729441,32.091426611,9167,vicon_state_data,ball,1,0,-0.220617950,0.327648592,1.272168938,0.000000000,0.000000000,0.000000000,1.000000000,1,-0.863887382,-0.379965703,0.820164825,0.000000000,0.000000000,0.001415289,0.999998998,10
1782463489.930272102,32.094969273,9168,vicon_state_data,ball,1,0,-0.223173017,0.328885692,1.271570672,0.000000000,0.000000000,0.000000000,1.000000000,1,-0.864083575,-0.379855008,0.820290693,0.000000000,0.000000000,0.002437067,0.999997030,10
1782463489.933496714,32.098193884,9169,vicon_state_data,ball,1,0,-0.225740707,0.330047391,1.270862309,0.000000000,0.000000000,0.000000000,1.000000000,1,-0.863908261,-0.380101690,0.820171497,0.000000000,0.000000000,0.001322571,0.999999125,10
1782463489.936996460,32.101693630,9170,vicon_state_data,ball,1,0,-0.228445836,0.331208311,1.270114663,0.000000000,0.000000000,0.000000000,1.000000000,1,-0.863902490,-0.380083092,0.820154166,0.000000000,0.000000000,0.001231180,0.999999242,10
1782463489.940116882,32.104814053,9171,vicon_state_data,ball,1,0,-0.231252108,0.332479400,1.269413683,0.000000000,0.000000000,0.000000000,1.000000000,1,-0.863940767,-0.380177540,0.820208585,0.000000000,0.000000000,0.001362334,0.999999072,10
1782463489.943363667,32.108060837,9172,vicon_state_data,ball,1,0,-0.234079244,0.333600859,1.268503219,0.000000000,0.000000000,0.000000000,1.000000000,1,-0.863920041,-0.380173575,0.820199148,0.000000000,0.000000000,0.001295361,0.999999161,10
1782463489.946754217,32.111451387,9173,vicon_state_data,ball,1,0,-0.237066809,0.334807232,1.267682857,0.000000000,0.000000000,0.000000000,1.000000000,1,-0.864903066,-0.378926319,0.820433004,0.000000000,0.000000000,0.011153551,0.999937797,10
1782463489.950022936,32.114720106,9174,vicon_state_data,ball,1,0,-0.239543507,0.335164138,1.266061876,0.000000000,0.000000000,0.000000000,1.000000000,1,-0.864901891,-0.378999650,0.820458667,0.000000000,0.000000000,0.010940615,0.999940150,10
1782463489.953535795,32.118232965,9175,vicon_state_data,ball,1,0,-0.242687831,0.336392924,1.265165138,0.000000000,0.000000000,0.000000000,1.000000000,1,-0.864816319,-0.379152116,0.820414816,0.000000000,0.000000000,0.009944670,0.999950551,10
1782463489.956834793,32.121531963,9176,vicon_state_data,ball,1,0,-0.245860172,0.337519959,1.264136245,0.000000000,0.000000000,0.000000000,1.000000000,1,-0.864700131,-0.379381529,0.820369179,0.000000000,0.000000000,0.008804675,0.999961238,10
1782463489.960169792,32.124866962,9177,vicon_state_data,ball,1,0,-0.249126464,0.338628992,1.263119053,0.000000000,0.000000000,0.000000000,1.000000000,1,-0.864541290,-0.379633761,0.820269263,0.000000000,0.000000000,0.007044942,0.999975184,10
1782463489.963659763,32.128356934,9178,vicon_state_data,ball,1,0,-0.252457066,0.339735472,1.262089340,0.000000000,0.000000000,0.000000000,1.000000000,1,-0.864386356,-0.379792551,0.820160939,0.000000000,0.000000000,0.005486457,0.999984949,10
1782463489.966805935,32.131503105,9179,vicon_state_data,ball,1,0,-0.255835429,0.340742498,1.260932454,0.000000000,0.000000000,0.000000000,1.000000000,1,-0.864225173,-0.380040046,0.820049613,0.000000000,0.000000000,0.004033981,0.999991863,10
1782463489.970070601,32.134767771,9180,vicon_state_data,ball,1,0,-0.259276973,0.341768575,1.259732741,0.000000000,0.000000000,0.000000000,1.000000000,1,-0.864012336,-0.380516936,0.820169990,0.000000000,0.000000000,0.001126947,0.999999365,10
1782463489.973405838,32.138103008,9181,vicon_state_data,ball,1,0,-0.262757521,0.342715717,1.258465915,0.000000000,0.000000000,0.000000000,1.000000000,1,-0.864062842,-0.380496186,0.820215449,0.000000000,0.000000000,0.001513188,0.999998855,10
1782463489.976749659,32.141446829,9182,vicon_state_data,ball,1,0,-0.266342297,0.343735963,1.257180589,0.000000000,0.000000000,0.000000000,1.000000000,1,-0.864072238,-0.380302949,0.819921166,0.000000000,0.000000000,0.002258585,0.999997449,10
1782463489.980359316,32.145056486,9183,vicon_state_data,ball,1,0,-0.269952657,0.344764819,1.255852740,0.000000000,0.000000000,0.000000000,1.000000000,1,-0.864128510,-0.380344787,0.819965231,0.000000000,0.000000000,0.002460745,0.999996972,10
1782463489.983608007,32.148305178,9184,vicon_state_data,ball,1,0,-0.273601831,0.345711265,1.254447910,0.000000000,0.000000000,0.000000000,1.000000000,1,-0.864114428,-0.380596950,0.820176255,0.000000000,0.000000000,0.001512937,0.999998856,10
1782463489.987016678,32.151713848,9185,vicon_state_data,ball,1,0,-0.277252205,0.346538101,1.252934595,0.000000000,0.000000000,0.000000000,1.000000000,1,-0.864085341,-0.380692646,0.820155698,0.000000000,0.000000000,0.001215789,0.999999261,10
1782463489.990200758,32.154897928,9186,vicon_state_data,ball,1,0,-0.281034240,0.347530192,1.251457881,0.000000000,0.000000000,0.000000000,1.000000000,1,-0.864177757,-0.380652448,0.820224580,0.000000000,0.000000000,0.001834403,0.999998317,10
1782463489.993442297,32.158139467,9187,vicon_state_data,ball,1,0,-0.284801974,0.348358994,1.249866786,0.000000000,0.000000000,0.000000000,1.000000000,1,-0.864290741,-0.380430049,0.820092963,0.000000000,0.000000000,0.003251335,0.999994714,10
1782463489.997062922,32.161760092,9188,vicon_state_data,ball,1,0,-0.288619470,0.349203231,1.248210919,0.000000000,0.000000000,0.000000000,1.000000000,1,-0.864185268,-0.380860153,0.820300444,0.000000000,0.000000000,0.001610999,0.999998702,10
1782463490.000511408,32.165208578,9189,vicon_state_data,ball,1,0,-0.292531952,0.350007390,1.246505005,0.000000000,0.000000000,0.000000000,1.000000000,1,-0.864302961,-0.380603008,0.820129497,0.000000000,0.000000000,0.003258322,0.999994692,10
1782463490.003675222,32.168372393,9190,vicon_state_data,ball,1,0,-0.296489079,0.351018076,1.244838068,0.000000000,0.000000000,0.000000000,1.000000000,1,-0.864234780,-0.380847032,0.820212474,0.000000000,0.000000000,0.001710706,0.999998537,10
1782463490.006807089,32.171504259,9191,vicon_state_data,ball,1,0,-0.300401768,0.351804042,1.242927342,0.000000000,0.000000000,0.000000000,1.000000000,1,-0.864344729,-0.380586020,0.820080967,0.000000000,0.000000000,0.003416205,0.999994165,10
1782463490.010170221,32.174867392,9192,vicon_state_data,ball,1,0,-0.304565737,0.353218331,1.241365638,0.000000000,0.000000000,0.000000000,1.000000000,1,-0.864288686,-0.380667553,0.819989465,0.000000000,0.000000000,0.002944360,0.999995665,10
1782463490.013423443,32.178120613,9193,vicon_state_data,ball,1,0,-0.308596090,0.353921925,1.239261326,0.000000000,0.000000000,0.000000000,1.000000000,1,-0.864455760,-0.380633175,0.820224876,0.000000000,0.000000000,0.003822503,0.999992694,10
1782463490.016792536,32.181489706,9194,vicon_state_data,ball,1,0,-0.312477608,0.354100668,1.236946705,0.000000000,0.000000000,0.000000000,1.000000000,1,-0.864431399,-0.380646503,0.820145458,0.000000000,0.000000000,0.003726093,0.999993058,10
1782463490.020482063,32.185179234,9195,vicon_state_data,ball,1,0,-0.316584388,0.354862971,1.234909516,0.000000000,0.000000000,0.000000000,1.000000000,1,-0.864492405,-0.380710855,0.820239521,0.000000000,0.000000000,0.003891753,0.999992427,10
1782463490.023494959,32.188192129,9196,vicon_state_data,ball,1,0,-0.320676318,0.355534557,1.232760799,0.000000000,0.000000000,0.000000000,1.000000000,1,-0.864473037,-0.380855397,0.820240521,0.000000000,0.000000000,0.003645344,0.999993356,10
1782463490.027061462,32.191758633,9197,vicon_state_data,ball,1,0,-0.324682207,0.356542011,1.230385475,0.000000000,0.000000000,0.000000000,1.000000000,1,-0.864489445,-0.380842715,0.820232802,0.000000000,0.000000000,0.003821848,0.999992697,10
1782463490.030144215,32.194841385,9198,vicon_state_data,ball,1,0,-0.328924784,0.357112592,1.228218667,0.000000000,0.000000000,0.000000000,1.000000000,1,-0.864547616,-0.380785008,0.820272028,0.000000000,0.000000000,0.004183970,0.999991247,10
1782463490.033432245,32.198129416,9199,vicon_state_data,ball,1,0,-0.333368609,0.358197729,1.226022864,0.000000000,0.000000000,0.000000000,1.000000000,1,-0.864562879,-0.380845350,0.820233047,0.000000000,0.000000000,0.004056231,0.999991773,10
1782463490.036859751,32.201556921,9200,vicon_state_data,ball,1,0,-0.337496039,0.358958407,1.223559470,0.000000000,0.000000000,0.000000000,1.000000000,1,-0.864581350,-0.380894945,0.820265629,0.000000000,0.000000000,0.004098726,0.999991600,10
1782463490.040062904,32.204760075,9201,vicon_state_data,ball,1,0,-0.341403450,0.359949643,1.220773780,0.000000000,0.000000000,0.000000000,1.000000000,1,-0.864577179,-0.380966836,0.820248951,0.000000000,0.000000000,0.004028594,0.999991885,10
1782463490.043358803,32.208055973,9202,vicon_state_data,ball,1,0,-0.345434570,0.360343525,1.218073773,0.000000000,0.000000000,0.000000000,1.000000000,1,-0.864606756,-0.381018352,0.820283231,0.000000000,0.000000000,0.004072774,0.999991706,10
1782463490.047191620,32.211888790,9203,vicon_state_data,ball,1,0,-0.349141131,0.360816753,1.214829735,0.000000000,0.000000000,0.000000000,1.000000000,1,-0.864645443,-0.381053939,0.820289589,0.000000000,0.000000000,0.004117282,0.999991524,10
1782463490.050698757,32.215395927,9204,vicon_state_data,ball,1,0,-0.352957909,0.361385685,1.211464019,0.000000000,0.000000000,0.000000000,1.000000000,1,-0.864661229,-0.381087927,0.820282849,0.000000000,0.000000000,0.003989621,0.999992041,10
1782463490.053633213,32.218330383,9205,vicon_state_data,ball,1,0,-0.356891651,0.361940890,1.208303044,0.000000000,0.000000000,0.000000000,1.000000000,1,-0.864678183,-0.381179004,0.820283237,0.000000000,0.000000000,0.003926399,0.999992292,10
1782463490.057069778,32.221766949,9206,vicon_state_data,ball,1,0,-0.360901188,0.362426640,1.204997942,0.000000000,0.000000000,0.000000000,1.000000000,1,-0.864669364,-0.381209220,0.820269837,0.000000000,0.000000000,0.003964270,0.999992142,10
1782463490.060108185,32.224805355,9207,vicon_state_data,ball,1,0,-0.364863289,0.363016131,1.201659262,0.000000000,0.000000000,0.000000000,1.000000000,1,-0.864722462,-0.381226276,0.820317385,0.000000000,0.000000000,0.004204431,0.999991161,10
1782463490.063446522,32.228143692,9208,vicon_state_data,ball,1,0,-0.368894880,0.363669615,1.198227015,0.000000000,0.000000000,0.000000000,1.000000000,1,-0.864736739,-0.381285141,0.820292931,0.000000000,0.000000000,0.004225355,0.999991073,10
1782463490.066749096,32.231446266,9209,vicon_state_data,ball,1,0,-0.372940780,0.364310566,1.194709488,0.000000000,0.000000000,0.000000000,1.000000000,1,-0.864758602,-0.381271095,0.820246523,0.000000000,0.000000000,0.004184308,0.999991246,10
1782463490.070110321,32.234807491,9210,vicon_state_data,ball,1,0,-0.376957771,0.365008389,1.191079286,0.000000000,0.000000000,0.000000000,1.000000000,1,-0.864760566,-0.381343824,0.820278361,0.000000000,0.000000000,0.004109001,0.999991558,10
1782463490.073625803,32.238322973,9211,vicon_state_data,ball,1,0,-0.380985402,0.365669579,1.187304746,0.000000000,0.000000000,0.000000000,1.000000000,1,-0.864745098,-0.381431355,0.820271523,0.000000000,0.000000000,0.004033246,0.999991866,10
1782463490.076980591,32.241677761,9212,vicon_state_data,ball,1,0,-0.385036170,0.366342679,1.183446159,0.000000000,0.000000000,0.000000000,1.000000000,1,-0.864742207,-0.381582141,0.820225392,0.000000000,0.000000000,0.003915835,0.999992333,10
1782463490.080295086,32.244992256,9213,vicon_state_data,ball,1,0,-0.389013701,0.366997184,1.179479258,0.000000000,0.000000000,0.000000000,1.000000000,1,-0.864823098,-0.381445783,0.820304840,0.000000000,0.000000000,0.004477200,0.999989977,10
1782463490.083499432,32.248196602,9214,vicon_state_data,ball,1,0,-0.393035291,0.367687380,1.175393119,0.000000000,0.000000000,0.000000000,1.000000000,1,-0.864779789,-0.381587746,0.820243778,0.000000000,0.000000000,0.004098900,0.999991599,10
1782463490.086924791,32.251621962,9215,vicon_state_data,ball,1,0,-0.397043076,0.368345788,1.171185210,0.000000000,0.000000000,0.000000000,1.000000000,1,-0.864825201,-0.381618442,0.820241677,0.000000000,0.000000000,0.004498044,0.999989884,10
1782463490.090211391,32.254908562,9216,vicon_state_data,ball,1,0,-0.401082865,0.368987310,1.166873181,0.000000000,0.000000000,0.000000000,1.000000000,1,-0.864842710,-0.381677116,0.820234447,0.000000000,0.000000000,0.004423495,0.999990216,10
1782463490.093600988,32.258298159,9217,vicon_state_data,ball,1,0,-0.405057260,0.369694961,1.162526399,0.000000000,0.000000000,0.000000000,1.000000000,1,-0.864858256,-0.381606857,0.820178192,0.000000000,0.000000000,0.004707268,0.999988921,10
1782463490.096906662,32.261603832,9218,vicon_state_data,ball,1,0,-0.408997514,0.370330581,1.157814935,0.000000000,0.000000000,0.000000000,1.000000000,1,-0.864858414,-0.381750402,0.820171030,0.000000000,0.000000000,0.004576053,0.999989530,10
1782463490.100303888,32.265001059,9219,vicon_state_data,ball,1,0,-0.413099556,0.370896213,1.153345146,0.000000000,0.000000000,0.000000000,1.000000000,1,-0.864781539,-0.381739116,0.820034794,0.000000000,0.000000000,0.004373331,0.999990437,10
1782463490.103513002,32.268210173,9220,vicon_state_data,ball,1,0,-0.417192520,0.371552330,1.148884942,0.000000000,0.000000000,0.000000000,1.000000000,1,-0.864819671,-0.381808823,0.820081148,0.000000000,0.000000000,0.004356135,0.999990512,10
1782463490.106949806,32.271646976,9221,vicon_state_data,ball,1,0,-0.421184560,0.372205981,1.144077264,0.000000000,0.000000000,0.000000000,1.000000000,1,-0.864855026,-0.381746013,0.820113022,0.000000000,0.000000000,0.004506326,0.999989846,10
1782463490.110038280,32.274735451,9222,vicon_state_data,ball,1,0,-0.425119135,0.372709601,1.138871953,0.000000000,0.000000000,0.000000000,1.000000000,1,-0.864536731,-0.381906964,0.819712251,0.000000000,0.000000000,0.002915164,0.999995751,10
1782463490.113372087,32.278069258,9223,vicon_state_data,ball,1,0,-0.429192056,0.373404964,1.134072387,0.000000000,0.000000000,0.000000000,1.000000000,1,-0.864854621,-0.381822148,0.820055372,0.000000000,0.000000000,0.004320848,0.999990665,10
1782463490.116731644,32.281428814,9224,vicon_state_data,ball,1,0,-0.433208414,0.374052790,1.128979222,0.000000000,0.000000000,0.000000000,1.000000000,1,-0.864540049,-0.382031766,0.819713529,0.000000000,0.000000000,0.002761786,0.999996186,10
1782463490.120234013,32.284931183,9225,vicon_state_data,ball,1,0,-0.437186076,0.374707667,1.123760781,0.000000000,0.000000000,0.000000000,1.000000000,1,-0.864626928,-0.382013352,0.819792132,0.000000000,0.000000000,0.003137213,0.999995079,10
1782463490.123762846,32.288460016,9226,vicon_state_data,ball,1,0,-0.441166696,0.375351519,1.118416574,0.000000000,0.000000000,0.000000000,1.000000000,1,-0.864636646,-0.382083933,0.819795092,0.000000000,0.000000000,0.003010448,0.999995469,10
1782463490.126834631,32.291531801,9227,vicon_state_data,ball,1,0,-0.445118911,0.375998020,1.112980899,0.000000000,0.000000000,0.000000000,1.000000000,1,-0.864637978,-0.382080170,0.819799086,0.000000000,0.000000000,0.002893798,0.999995813,10
1782463490.130188942,32.294886112,9228,vicon_state_data,ball,1,0,-0.449072119,0.376645355,1.107430557,0.000000000,0.000000000,0.000000000,1.000000000,1,-0.864233727,-0.382690523,0.819536654,0.000000000,0.000000000,-0.001116339,0.999999377,10
1782463490.133445263,32.298142433,9229,vicon_state_data,ball,1,0,-0.453005078,0.377306950,1.101771048,0.000000000,0.000000000,0.000000000,1.000000000,1,-0.864706764,-0.382319602,0.819997382,0.000000000,0.000000000,0.002527701,0.999996805,10
1782463490.136846066,32.301543236,9230,vicon_state_data,ball,1,0,-0.456865889,0.378037254,1.096108502,0.000000000,0.000000000,0.000000000,1.000000000,1,-0.864585586,-0.382259620,0.819643616,0.000000000,0.000000000,0.002585876,0.999996657,10
1782463490.140111208,32.304808378,9231,vicon_state_data,ball,1,0,-0.460597235,0.378624913,1.090601107,0.000000000,0.000000000,0.000000000,1.000000000,1,-0.864931828,-0.382063672,0.819972423,0.000000000,0.000000000,0.004622419,0.999989317,10
1782463490.143512249,32.308209419,9232,vicon_state_data,ball,1,0,-0.464514919,0.379280413,1.084659580,0.000000000,0.000000000,0.000000000,1.000000000,1,-0.864664008,-0.382312656,0.819730268,0.000000000,0.000000000,0.002615173,0.999996580,10
1782463490.146804333,32.311501503,9233,vicon_state_data,ball,1,0,-0.468182567,0.380021727,1.078686711,0.000000000,0.000000000,0.000000000,1.000000000,1,-0.864378574,-0.382770537,0.819602734,0.000000000,0.000000000,-0.000488391,0.999999881,10
1782463490.150093555,32.314790726,9234,vicon_state_data,ball,1,0,-0.472903936,0.380179639,1.072109455,0.000000000,0.000000000,0.000000000,1.000000000,1,-0.864878495,-0.382196200,0.819858703,0.000000000,0.000000000,0.003863019,0.999992539,10
1782463490.153548241,32.318245411,9235,vicon_state_data,ball,1,0,-0.473075986,0.380185352,1.066565640,0.000000000,0.000000000,0.000000000,1.000000000,1,-0.864871266,-0.382262820,0.819845358,0.000000000,0.000000000,0.003802897,0.999992769,10
1782463490.156783581,32.321480751,9236,vicon_state_data,ball,1,0,-0.457189743,0.377593999,1.064233247,0.000000000,0.000000000,0.000000000,1.000000000,1,-0.864783936,-0.382579448,0.820008011,0.000000000,0.000000000,0.002331035,0.999997283,10
1782463490.160181284,32.324878454,9237,vicon_state_data,ball,1,0,-0.440165724,0.376052181,1.062599533,0.000000000,0.000000000,0.000000000,1.000000000,1,-0.864798699,-0.382647194,0.820001689,0.000000000,0.000000000,0.002220042,0.999997536,10
1782463490.163681746,32.328378916,9238,vicon_state_data,ball,1,0,-0.423109566,0.374070126,1.060536758,0.000000000,0.000000000,0.000000000,1.000000000,1,-0.864945333,-0.382383372,0.819895745,0.000000000,0.000000000,0.003946454,0.999992213,10
1782463490.166897297,32.331594467,9239,vicon_state_data,ball,1,0,-0.407732299,0.370726038,1.057404638,0.000000000,0.000000000,0.000000000,1.000000000,1,-0.865056609,-0.382451360,0.820059589,0.000000000,0.000000000,0.004339272,0.999990585,10
1782463490.170272827,32.334969997,9240,vicon_state_data,ball,1,0,-0.391537823,0.368002658,1.054782137,0.000000000,0.000000000,0.000000000,1.000000000,1,-0.864986775,-0.382456749,0.819901017,0.000000000,0.000000000,0.004044813,0.999991820,10
1782463490.173394442,32.338091612,9241,vicon_state_data,ball,1,0,-0.375116323,0.365203139,1.051834121,0.000000000,0.000000000,0.000000000,1.000000000,1,-0.865029283,-0.382458628,0.819918744,0.000000000,0.000000000,0.004190016,0.999991222,10
1782463490.176629543,32.341326714,9242,vicon_state_data,ball,1,0,-0.358825676,0.362651137,1.048593556,0.000000000,0.000000000,0.000000000,1.000000000,1,-0.864956966,-0.382809193,0.820128084,0.000000000,0.000000000,0.002857485,0.999995917,10
1782463490.180213213,32.344910383,9243,vicon_state_data,ball,1,0,-0.342431265,0.360658361,1.045531224,0.000000000,0.000000000,0.000000000,1.000000000,1,-0.865077801,-0.382599923,0.819951111,0.000000000,0.000000000,0.004232684,0.999991042,10
1782463490.183357954,32.348055124,9244,vicon_state_data,ball,1,0,-0.326033960,0.358620987,1.042088412,0.000000000,0.000000000,0.000000000,1.000000000,1,-0.865024408,-0.382831992,0.820166227,0.000000000,0.000000000,0.003226297,0.999994795,10
1782463490.187376499,32.352073669,9245,vicon_state_data,ball,1,0,-0.309628904,0.355743808,1.039046858,0.000000000,0.000000000,0.000000000,1.000000000,1,-0.865190629,-0.382669421,0.820082812,0.000000000,0.000000000,0.004758707,0.999988677,10
1782463490.190222263,32.354919434,9246,vicon_state_data,ball,1,0,-0.293166808,0.352984257,1.035935965,0.000000000,0.000000000,0.000000000,1.000000000,1,-0.865050815,-0.382911238,0.820179958,0.000000000,0.000000000,0.003410146,0.999994185,10
1782463490.193712950,32.358410120,9247,vicon_state_data,ball,1,0,-0.276822403,0.350487840,1.032193618,0.000000000,0.000000000,0.000000000,1.000000000,1,-0.865072916,-0.382967924,0.820195942,0.000000000,0.000000000,0.003382524,0.999994279,10
1782463490.197097778,32.361794949,9248,vicon_state_data,ball,1,0,-0.260695376,0.347889062,1.028445491,0.000000000,0.000000000,0.000000000,1.000000000,1,-0.865090317,-0.383028800,0.820210656,0.000000000,0.000000000,0.003416752,0.999994163,10
1782463490.200294971,32.364992142,9249,vicon_state_data,ball,1,0,-0.244724040,0.345579043,1.024643026,0.000000000,0.000000000,0.000000000,1.000000000,1,-0.865170297,-0.382810751,0.819975060,0.000000000,0.000000000,0.004341724,0.999990575,10
1782463490.203506708,32.368203878,9250,vicon_state_data,ball,1,0,-0.228680077,0.343457485,1.020978013,0.000000000,0.000000000,0.000000000,1.000000000,1,-0.865170001,-0.382859080,0.819960599,0.000000000,0.000000000,0.004336830,0.999990596,10
1782463490.207019091,32.371716261,9251,vicon_state_data,ball,1,0,-0.212507814,0.341060750,1.017234314,0.000000000,0.000000000,0.000000000,1.000000000,1,-0.865179141,-0.382906012,0.819973462,0.000000000,0.000000000,0.004239496,0.999991013,10
1782463490.210101843,32.374799013,9252,vicon_state_data,ball,1,0,-0.196585163,0.338427820,1.013061363,0.000000000,0.000000000,0.000000000,1.000000000,1,-0.865132344,-0.383178985,0.820212999,0.000000000,0.000000000,0.003403768,0.999994207,10
1782463490.213698387,32.378395557,9253,vicon_state_data,ball,1,0,-0.180744057,0.335707088,1.008859619,0.000000000,0.000000000,0.000000000,1.000000000,1,-0.865195794,-0.383031923,0.819956991,0.000000000,0.000000000,0.004231661,0.999991046,10
1782463490.217003107,32.381700277,9254,vicon_state_data,ball,1,0,-0.164739278,0.332902235,1.004423128,0.000000000,0.000000000,0.000000000,1.000000000,1,-0.865166782,-0.383262043,0.820181908,0.000000000,0.000000000,0.003576521,0.999993604,10
1782463490.220249891,32.384947062,9255,vicon_state_data,ball,1,0,-0.148703012,0.330428044,1.000033057,0.000000000,0.000000000,0.000000000,1.000000000,1,-0.865175768,-0.383277825,0.820179167,0.000000000,0.000000000,0.003658938,0.999993306,10
1782463490.223519325,32.388216496,9256,vicon_state_data,ball,1,0,-0.132745514,0.328203297,0.995655288,0.000000000,0.000000000,0.000000000,1.000000000,1,-0.865215240,-0.383315238,0.820215971,0.000000000,0.000000000,0.003880513,0.999992471,10
1782463490.227217436,32.391914606,9257,vicon_state_data,ball,1,0,-0.116843593,0.326000487,0.990714598,0.000000000,0.000000000,0.000000000,1.000000000,1,-0.865195630,-0.383417625,0.820183916,0.000000000,0.000000000,0.003573149,0.999993616,10
1782463490.230176926,32.394874096,9258,vicon_state_data,ball,1,0,-0.100997885,0.323167413,0.986081254,0.000000000,0.000000000,0.000000000,1.000000000,1,-0.865213391,-0.383419352,0.820182610,0.000000000,0.000000000,0.003750182,0.999992968,10
1782463490.233611107,32.398308277,9259,vicon_state_data,ball,1,0,-0.085257711,0.320389738,0.981248012,0.000000000,0.000000000,0.000000000,1.000000000,1,-0.865240511,-0.383468611,0.820206408,0.000000000,0.000000000,0.003717145,0.999993091,10
1782463490.236967325,32.401664495,9260,vicon_state_data,ball,1,0,-0.069425873,0.317699805,0.976213169,0.000000000,0.000000000,0.000000000,1.000000000,1,-0.865334241,-0.383307740,0.820020489,0.000000000,0.000000000,0.004753529,0.999988702,10
1782463490.240104198,32.404801369,9261,vicon_state_data,ball,1,0,-0.053680936,0.315158415,0.971030239,0.000000000,0.000000000,0.000000000,1.000000000,1,-0.865258429,-0.383609895,0.820260642,0.000000000,0.000000000,0.003672995,0.999993255,10
1782463490.243419170,32.408116341,9262,vicon_state_data,ball,1,0,-0.038109978,0.313000652,0.965938474,0.000000000,0.000000000,0.000000000,1.000000000,1,-0.865267047,-0.383679878,0.820255410,0.000000000,0.000000000,0.003687792,0.999993200,10
1782463490.246762514,32.411459684,9263,vicon_state_data,ball,1,0,-0.022423471,0.310845940,0.960919841,0.000000000,0.000000000,0.000000000,1.000000000,1,-0.865337410,-0.383553325,0.820026947,0.000000000,0.000000000,0.004463911,0.999990037,10
1782463490.250419378,32.415116549,9264,vicon_state_data,ball,1,0,-0.006604555,0.308539990,0.955637354,0.000000000,0.000000000,0.000000000,1.000000000,1,-0.865366917,-0.383566536,0.820083638,0.000000000,0.000000000,0.004761489,0.999988664,10
1782463490.253532410,32.418229580,9265,vicon_state_data,ball,1,0,0.008647828,0.305875997,0.950196085,0.000000000,0.000000000,0.000000000,1.000000000,1,-0.865551015,-0.383241348,0.820225841,0.000000000,0.000000000,0.005456567,0.999985113,10
1782463490.256926060,32.421623230,9266,vicon_state_data,ball,1,0,0.024453549,0.303054335,0.944498739,0.000000000,0.000000000,0.000000000,1.000000000,1,-0.865631845,-0.383087601,0.820181595,0.000000000,0.000000000,0.006041596,0.999981749,10
1782463490.260111809,32.424808979,9267,vicon_state_data,ball,1,0,0.040222439,0.300388192,0.938652353,0.000000000,0.000000000,0.000000000,1.000000000,1,-0.865270882,-0.383809031,0.820174871,0.000000000,0.000000000,0.003463216,0.999994003,10
1782463490.263550997,32.428248167,9268,vicon_state_data,ball,1,0,0.055851642,0.298045733,0.932950202,0.000000000,0.000000000,0.000000000,1.000000000,1,-0.865397797,-0.383761808,0.820015280,0.000000000,0.000000000,0.004732121,0.999988803,10
1782463490.266772747,32.431469917,9269,vicon_state_data,ball,1,0,0.071387864,0.295973580,0.927005319,0.000000000,0.000000000,0.000000000,1.000000000,1,-0.865427133,-0.383770610,0.820028565,0.000000000,0.000000000,0.004771608,0.999988616,10
1782463490.270092964,32.434790134,9270,vicon_state_data,ball,1,0,0.086504178,0.294032951,0.920618757,0.000000000,0.000000000,0.000000000,1.000000000,1,-0.865423647,-0.383855248,0.819999656,0.000000000,0.000000000,0.004740322,0.999988765,10
1782463490.273378611,32.438075781,9271,vicon_state_data,ball,1,0,0.101727477,0.291293760,0.914394571,0.000000000,0.000000000,0.000000000,1.000000000,1,-0.865441574,-0.383864045,0.820032976,0.000000000,0.000000000,0.004807493,0.999988444,10
1782463490.276696205,32.441393375,9272,vicon_state_data,ball,1,0,0.117280258,0.288725878,0.908088523,0.000000000,0.000000000,0.000000000,1.000000000,1,-0.865410962,-0.383882300,0.819968305,0.000000000,0.000000000,0.004467806,0.999990019,10
1782463490.280337811,32.445034981,9273,vicon_state_data,ball,1,0,0.132398714,0.286055868,0.901401514,0.000000000,0.000000000,0.000000000,1.000000000,1,-0.865393060,-0.383957936,0.819926115,0.000000000,0.000000000,0.004310586,0.999990709,10
1782463490.283777952,32.448475122,9274,vicon_state_data,ball,1,0,0.147777214,0.283691653,0.894811333,0.000000000,0.000000000,0.000000000,1.000000000,1,-0.865383557,-0.384012222,0.819912176,0.000000000,0.000000000,0.004267903,0.999990892,10
1782463490.286851645,32.451548815,9275,vicon_state_data,ball,1,0,0.163049788,0.281618197,0.888272363,0.000000000,0.000000000,0.000000000,1.000000000,1,-0.865314374,-0.384282018,0.820160431,0.000000000,0.000000000,0.003133372,0.999995091,10
1782463490.290397167,32.455094337,9276,vicon_state_data,ball,1,0,0.178329813,0.279442611,0.881652008,0.000000000,0.000000000,0.000000000,1.000000000,1,-0.865420855,-0.384109027,0.819929558,0.000000000,0.000000000,0.004355169,0.999990516,10
1782463490.293515921,32.458213091,9277,vicon_state_data,ball,1,0,0.193259910,0.277220290,0.874431600,0.000000000,0.000000000,0.000000000,1.000000000,1,-0.865332092,-0.384423795,0.820186539,0.000000000,0.000000000,0.003124569,0.999995119,10
1782463490.296924353,32.461621523,9278,vicon_state_data,ball,1,0,0.207686781,0.274867208,0.867611711,0.000000000,0.000000000,0.000000000,1.000000000,1,-0.865361054,-0.384463752,0.820219265,0.000000000,0.000000000,0.003197527,0.999994888,10
1782463490.300173759,32.464870930,9279,vicon_state_data,ball,1,0,0.222888487,0.272336453,0.860711084,0.000000000,0.000000000,0.000000000,1.000000000,1,-0.865360975,-0.384522063,0.820227119,0.000000000,0.000000000,0.003151726,0.999995033,10
1782463490.303418636,32.468115807,9280,vicon_state_data,ball,1,0,0.238214357,0.269756986,0.853427688,0.000000000,0.000000000,0.000000000,1.000000000,1,-0.865420033,-0.384359509,0.819913084,0.000000000,0.000000000,0.004053922,0.999991783,10
1782463490.306774855,32.471472025,9281,vicon_state_data,ball,1,0,0.253319608,0.267540328,0.846265008,0.000000000,0.000000000,0.000000000,1.000000000,1,-0.865411155,-0.384434882,0.819925188,0.000000000,0.000000000,0.004008225,0.999991967,10
1782463490.310096741,32.474793911,9282,vicon_state_data,ball,1,0,0.268541062,0.265328988,0.838817841,0.000000000,0.000000000,0.000000000,1.000000000,1,-0.865375537,-0.384717777,0.820256373,0.000000000,0.000000000,0.002954265,0.999995636,10
1782463490.313577652,32.478274822,9283,vicon_state_data,ball,1,0,0.283764845,0.262787384,0.831200687,0.000000000,0.000000000,0.000000000,1.000000000,1,-0.865400809,-0.384798400,0.820271478,0.000000000,0.000000000,0.002918211,0.999995742,10
1782463490.317110777,32.481807947,9284,vicon_state_data,ball,1,0,0.297819190,0.260800863,0.823684865,0.000000000,0.000000000,0.000000000,1.000000000,1,-0.865378913,-0.384927260,0.820281999,0.000000000,0.000000000,0.002698280,0.999996360,10
1782463490.320128679,32.484825850,9285,vicon_state_data,ball,1,0,0.312931683,0.258064800,0.815768638,0.000000000,0.000000000,0.000000000,1.000000000,1,-0.865437428,-0.384927212,0.820300135,0.000000000,0.000000000,0.003099640,0.999995196,10
1782463490.323572397,32.488269567,9286,vicon_state_data,ball,1,0,0.327760119,0.255512077,0.807841763,0.000000000,0.000000000,0.000000000,1.000000000,1,-0.865446202,-0.385003357,0.820303553,0.000000000,0.000000000,0.003126221,0.999995113,10
1782463490.326914787,32.491611958,9287,vicon_state_data,ball,1,0,0.342232285,0.253424885,0.799403565,0.000000000,0.000000000,0.000000000,1.000000000,1,-0.865483536,-0.384777163,0.819935684,0.000000000,0.000000000,0.004182171,0.999991255,10
1782463490.330188751,32.494885921,9288,vicon_state_data,ball,1,0,0.357034549,0.251527807,0.791605689,0.000000000,0.000000000,0.000000000,1.000000000,1,-0.865453004,-0.385134266,0.820312001,0.000000000,0.000000000,0.002973649,0.999995579,10
1782463490.333626270,32.498323441,9289,vicon_state_data,ball,1,0,0.371795273,0.249330995,0.783580612,0.000000000,0.000000000,0.000000000,1.000000000,1,-0.865526525,-0.384892049,0.819984564,0.000000000,0.000000000,0.004266459,0.999990899,10
1782463490.336866856,32.501564026,9290,vicon_state_data,ball,1,0,0.386330343,0.246804058,0.775679863,0.000000000,0.000000000,0.000000000,1.000000000,1,-0.865548089,-0.384939978,0.819976497,0.000000000,0.000000000,0.004279717,0.999990842,10
1782463490.340353012,32.505050182,9291,vicon_state_data,ball,1,0,0.400611094,0.244381008,0.767316697,0.000000000,0.000000000,0.000000000,1.000000000,1,-0.865600161,-0.384937605,0.819990609,0.000000000,0.000000000,0.004498125,0.999989883,10
1782463490.343797922,32.508495092,9292,vicon_state_data,ball,1,0,0.413802368,0.242354907,0.771932349,0.000000000,0.000000000,0.000000000,1.000000000,1,-0.865571349,-0.385255179,0.820345387,0.000000000,0.000000000,0.003454816,0.999994032,10
1782463490.346901655,32.511598825,9293,vicon_state_data,ball,1,0,0.426948884,0.240117658,0.779741015,0.000000000,0.000000000,0.000000000,1.000000000,1,-0.865622555,-0.385403825,0.820360524,0.000000000,0.000000000,0.003544105,0.999993720,10
1782463490.350048780,32.514745951,9294,vicon_state_data,ball,1,0,0.439661278,0.238524300,0.787684501,0.000000000,0.000000000,0.000000000,1.000000000,1,-0.865584189,-0.385355294,0.820340287,0.000000000,0.000000000,0.003401747,0.999994214,10
1782463490.353804827,32.518501997,9295,vicon_state_data,ball,1,0,0.452249254,0.236465802,0.795562712,0.000000000,0.000000000,0.000000000,1.000000000,1,-0.865664419,-0.385203653,0.820022133,0.000000000,0.000000000,0.004751866,0.999988710,10
1782463490.356913090,32.521610260,9296,vicon_state_data,ball,1,0,0.464783999,0.234497904,0.802911731,0.000000000,0.000000000,0.000000000,1.000000000,1,-0.865625835,-0.385596559,0.820377559,0.000000000,0.000000000,0.003419155,0.999994155,10
1782463490.360124826,32.524821997,9297,vicon_state_data,ball,1,0,0.477645829,0.232152891,0.810168176,0.000000000,0.000000000,0.000000000,1.000000000,1,-0.865606857,-0.385510647,0.820321565,0.000000000,0.000000000,0.003525693,0.999993785,10
1782463490.363397121,32.528094292,9298,vicon_state_data,ball,1,0,0.490325692,0.230298408,0.817237824,0.000000000,0.000000000,0.000000000,1.000000000,1,-0.865665966,-0.385245851,0.819950508,0.000000000,0.000000000,0.004778901,0.999988581,10
1782463490.366662025,32.531359196,9299,vicon_state_data,ball,1,0,0.502868443,0.228778529,0.824395845,0.000000000,0.000000000,0.000000000,1.000000000,1,-0.865650586,-0.385589978,0.820374732,0.000000000,0.000000000,0.003698033,0.999993162,10
1782463490.370000839,32.534698009,9300,vicon_state_data,ball,1,0,0.515472405,0.227117507,0.831896402,0.000000000,0.000000000,0.000000000,1.000000000,1,-0.865728265,-0.385692740,0.820426395,0.000000000,0.000000000,0.004068995,0.999991722,10
1782463490.373637915,32.538335085,9301,vicon_state_data,ball,1,0,0.527806313,0.224869073,0.839035076,0.000000000,0.000000000,0.000000000,1.000000000,1,-0.865758240,-0.385394234,0.820050281,0.000000000,0.000000000,0.005269984,0.999986114,10
1782463490.376773119,32.541470289,9302,vicon_state_data,ball,1,0,0.540225965,0.222741244,0.845814120,0.000000000,0.000000000,0.000000000,1.000000000,1,-0.865746797,-0.385775294,0.820399589,0.000000000,0.000000000,0.004030989,0.999991876,10
1782463490.380334377,32.545031548,9303,vicon_state_data,ball,1,0,0.552993186,0.220809136,0.852392050,0.000000000,0.000000000,0.000000000,1.000000000,1,-0.865777691,-0.385483712,0.820039829,0.000000000,0.000000000,0.005375317,0.999985553,10
1782463490.383558750,32.548255920,9304,vicon_state_data,ball,1,0,0.565784075,0.218861098,0.859002961,0.000000000,0.000000000,0.000000000,1.000000000,1,-0.865810120,-0.385497751,0.820066668,0.000000000,0.000000000,0.005660634,0.999983978,10
1782463490.387106419,32.551803589,9305,vicon_state_data,ball,1,0,0.578136246,0.217237332,0.865775537,0.000000000,0.000000000,0.000000000,1.000000000,1,-0.865816937,-0.385578760,0.820048207,0.000000000,0.000000000,0.005723668,0.999983620,10
1782463490.390119314,32.554816484,9306,vicon_state_data,ball,1,0,0.590539759,0.215128849,0.871687150,0.000000000,0.000000000,0.000000000,1.000000000,1,-0.865820359,-0.385890926,0.820458909,0.000000000,0.000000000,0.004768245,0.999988632,10
1782463490.393257141,32.557954311,9307,vicon_state_data,ball,1,0,0.602993258,0.212983151,0.877727026,0.000000000,0.000000000,0.000000000,1.000000000,1,-0.865809803,-0.385950456,0.820463386,0.000000000,0.000000000,0.004613293,0.999989359,10
1782463490.396584511,32.561281681,9308,vicon_state_data,ball,1,0,0.615614547,0.210784530,0.883539360,0.000000000,0.000000000,0.000000000,1.000000000,1,-0.865851508,-0.385978066,0.820460134,0.000000000,0.000000000,0.004771438,0.999988617,10
1782463490.400028706,32.564725876,9309,vicon_state_data,ball,1,0,0.628060080,0.209066814,0.889295079,0.000000000,0.000000000,0.000000000,1.000000000,1,-0.865842702,-0.385882693,0.820432911,0.000000000,0.000000000,0.004889657,0.999988046,10
1782463490.403889894,32.568587065,9310,vicon_state_data,ball,1,0,0.640474670,0.207493331,0.894939281,0.000000000,0.000000000,0.000000000,1.000000000,1,-0.865887441,-0.385997874,0.820477917,0.000000000,0.000000000,0.005029373,0.999987353,10
1782463490.409848213,32.574545383,9311,vicon_state_data,ball,1,0,0.652689532,0.205765001,0.900767067,0.000000000,0.000000000,0.000000000,1.000000000,1,-0.865931836,-0.385748400,0.820125508,0.000000000,0.000000000,0.006290093,0.999980217,10
1782463490.412126303,32.576823473,9312,vicon_state_data,ball,1,0,0.664706733,0.203538371,0.906590903,0.000000000,0.000000000,0.000000000,1.000000000,1,-0.865914526,-0.386072813,0.820487103,0.000000000,0.000000000,0.005159989,0.999986687,10
1782463490.414378643,32.579075813,9313,vicon_state_data,ball,1,0,0.677272302,0.201323160,0.911790812,0.000000000,0.000000000,0.000000000,1.000000000,1,-0.865919093,-0.386134671,0.820456978,0.000000000,0.000000000,0.005159940,0.999986687,10
1782463490.417124271,32.581821442,9314,vicon_state_data,ball,1,0,0.689977357,0.199473466,0.916965399,0.000000000,0.000000000,0.000000000,1.000000000,1,-0.865961635,-0.385853657,0.820091862,0.000000000,0.000000000,0.006422456,0.999979376,10
1782463490.420109510,32.584806681,9315,vicon_state_data,ball,1,0,0.702317521,0.197694498,0.922466287,0.000000000,0.000000000,0.000000000,1.000000000,1,-0.865947623,-0.386157318,0.820434865,0.000000000,0.000000000,0.005411194,0.999985359,10
1782463490.423402786,32.588099957,9316,vicon_state_data,ball,1,0,0.714414885,0.195761099,0.927556353,0.000000000,0.000000000,0.000000000,1.000000000,1,-0.865914244,-0.386104424,0.820388439,0.000000000,0.000000000,0.005421456,0.999985304,10
1782463490.426718235,32.591415405,9317,vicon_state_data,ball,1,0,0.726502979,0.193842393,0.932357433,0.000000000,0.000000000,0.000000000,1.000000000,1,-0.865941008,-0.386195676,0.820419853,0.000000000,0.000000000,0.005547311,0.999984614,10
1782463490.430086374,32.594783545,9318,vicon_state_data,ball,1,0,0.738984036,0.191655397,0.937052725,0.000000000,0.000000000,0.000000000,1.000000000,1,-0.865930738,-0.385904749,0.820020061,0.000000000,0.000000000,0.006303028,0.999980136,10
1782463490.433357239,32.598054409,9319,vicon_state_data,ball,1,0,0.751396734,0.189600620,0.941477662,0.000000000,0.000000000,0.000000000,1.000000000,1,-0.865929583,-0.385947664,0.819973853,0.000000000,0.000000000,0.006242663,0.999980514,10
1782463490.436715603,32.601412773,9320,vicon_state_data,ball,1,0,0.763611248,0.188131183,0.945810104,0.000000000,0.000000000,0.000000000,1.000000000,1,-0.865945209,-0.385972424,0.819998790,0.000000000,0.000000000,0.006366849,0.999979731,10
1782463490.440110445,32.604807615,9321,vicon_state_data,ball,1,0,0.775780193,0.186429738,0.950234836,0.000000000,0.000000000,0.000000000,1.000000000,1,-0.865919189,-0.386227146,0.820348136,0.000000000,0.000000000,0.005509394,0.999984823,10
1782463490.443426847,32.608124018,9322,vicon_state_data,ball,1,0,0.787553944,0.184533210,0.954716373,0.000000000,0.000000000,0.000000000,1.000000000,1,-0.866039144,-0.385980091,0.820106092,0.000000000,0.000000000,0.006899554,0.999976198,10
1782463490.446701288,32.611398458,9323,vicon_state_data,ball,1,0,0.799652453,0.182268726,0.959176697,0.000000000,0.000000000,0.000000000,1.000000000,1,-0.866093400,-0.386033326,0.820176096,0.000000000,0.000000000,0.006866750,0.999976424,10
1782463490.450113773,32.614810944,9324,vicon_state_data,ball,1,0,0.812079693,0.180509504,0.963164186,0.000000000,0.000000000,0.000000000,1.000000000,1,-0.866106093,-0.386161834,0.820202229,0.000000000,0.000000000,0.007043899,0.999975191,10
1782463490.453733206,32.618430376,9325,vicon_state_data,ball,1,0,0.824490582,0.178529857,0.967173977,0.000000000,0.000000000,0.000000000,1.000000000,1,-0.866118966,-0.386092460,0.820188048,0.000000000,0.000000000,0.006995177,0.999975533,10
1782463490.456602573,32.621299744,9326,vicon_state_data,ball,1,0,0.836464027,0.176912203,0.971269187,0.000000000,0.000000000,0.000000000,1.000000000,1,-0.866160669,-0.386134219,0.820212234,0.000000000,0.000000000,0.007060678,0.999975073,10
1782463490.460113525,32.624810696,9327,vicon_state_data,ball,1,0,0.848372490,0.175113001,0.974530287,0.000000000,0.000000000,0.000000000,1.000000000,1,-0.866136358,-0.386238160,0.820189978,0.000000000,0.000000000,0.006774812,0.999977051,10
1782463490.463468075,32.628165245,9328,vicon_state_data,ball,1,0,0.860543293,0.172866825,0.978163395,0.000000000,0.000000000,0.000000000,1.000000000,1,-0.866167903,-0.386286301,0.820239496,0.000000000,0.000000000,0.006885831,0.999976292,10
1782463490.466777325,32.631474495,9329,vicon_state_data,ball,1,0,0.872793340,0.170630574,0.981476666,0.000000000,0.000000000,0.000000000,1.000000000,1,-0.866170356,-0.386331022,0.820255263,0.000000000,0.000000000,0.006860402,0.999976467,10
1782463490.470027447,32.634724617,9330,vicon_state_data,ball,1,0,0.884933820,0.169047275,0.984433629,0.000000000,0.000000000,0.000000000,1.000000000,1,-0.866194906,-0.386352581,0.820223236,0.000000000,0.000000000,0.006926916,0.999976009,10
1782463490.473337650,32.638034821,9331,vicon_state_data,ball,1,0,0.896932143,0.167501196,0.987345271,0.000000000,0.000000000,0.000000000,1.000000000,1,-0.866197249,-0.386366752,0.820223182,0.000000000,0.000000000,0.006924725,0.999976024,10
1782463490.476757050,32.641454220,9332,vicon_state_data,ball,1,0,0.908936012,0.165846008,0.990930237,0.000000000,0.000000000,0.000000000,1.000000000,1,-0.866144991,-0.386309405,0.820143573,0.000000000,0.000000000,0.007012038,0.999975415,10
1782463490.480131149,32.644828320,9333,vicon_state_data,ball,1,0,0.920470528,0.163757650,0.994073304,0.000000000,0.000000000,0.000000000,1.000000000,1,-0.866213569,-0.386481274,0.820240900,0.000000000,0.000000000,0.006878945,0.999976340,10
1782463490.483698845,32.648396015,9334,vicon_state_data,ball,1,0,0.932557840,0.161828912,0.996613685,0.000000000,0.000000000,0.000000000,1.000000000,1,-0.866236805,-0.386572828,0.820217800,0.000000000,0.000000000,0.007096618,0.999974819,10
1782463490.486983776,32.651680946,9335,vicon_state_data,ball,1,0,0.944900165,0.159874826,0.999288256,0.000000000,0.000000000,0.000000000,1.000000000,1,-0.866202411,-0.386521633,0.820191543,0.000000000,0.000000000,0.007236411,0.999973817,10
1782463490.489983797,32.654680967,9336,vicon_state_data,ball,1,0,0.956854886,0.158202011,1.002107329,0.000000000,0.000000000,0.000000000,1.000000000,1,-0.866297262,-0.386624942,0.820317105,0.000000000,0.000000000,0.007388751,0.999972703,10
1782463490.493258953,32.657956123,9337,vicon_state_data,ball,1,0,0.968572591,0.156586776,1.004580310,0.000000000,0.000000000,0.000000000,1.000000000,1,-0.866273576,-0.386613542,0.820262180,0.000000000,0.000000000,0.007159135,0.999974373,10
1782463490.496716499,32.661413670,9338,vicon_state_data,ball,1,0,0.980301300,0.154596620,1.006662115,0.000000000,0.000000000,0.000000000,1.000000000,1,-0.866246787,-0.386607092,0.820213269,0.000000000,0.000000000,0.007400434,0.999972616,10
1782463490.500010490,32.664707661,9339,vicon_state_data,ball,1,0,0.992421245,0.152439005,1.008880168,0.000000000,0.000000000,0.000000000,1.000000000,1,-0.866245605,-0.386651221,0.820184834,0.000000000,0.000000000,0.007355957,0.999972945,10
1782463490.503603220,32.668300390,9340,vicon_state_data,ball,1,0,1.004540125,0.150448527,1.010763861,0.000000000,0.000000000,0.000000000,1.000000000,1,-0.866262217,-0.386674765,0.820192345,0.000000000,0.000000000,0.007150734,0.999974433,10
1782463490.506839752,32.671536922,9341,vicon_state_data,ball,1,0,1.016465918,0.149001333,1.012277247,0.000000000,0.000000000,0.000000000,1.000000000,1,-0.866304888,-0.386767051,0.820205229,0.000000000,0.000000000,0.007371154,0.999972833,10
1782463490.510060072,32.674757242,9342,vicon_state_data,ball,1,0,1.028146403,0.147262207,1.014054580,0.000000000,0.000000000,0.000000000,1.000000000,1,-0.866320133,-0.386832461,0.820257700,0.000000000,0.000000000,0.007465155,0.999972135,10
1782463490.513490200,32.678187370,9343,vicon_state_data,ball,1,0,1.039741324,0.145525220,1.015780227,0.000000000,0.000000000,0.000000000,1.000000000,1,-0.866327905,-0.386842689,0.820256511,0.000000000,0.000000000,0.007534544,0.999971615,10
1782463490.516819477,32.681516647,9344,vicon_state_data,ball,1,0,1.051388135,0.143347731,1.018105755,0.000000000,0.000000000,0.000000000,1.000000000,1,-0.866272221,-0.386760792,0.820146597,0.000000000,0.000000000,0.007585345,0.999971231,10
1782463490.520079613,32.684776783,9345,vicon_state_data,ball,1,0,1.063504974,0.141686991,1.019566580,0.000000000,0.000000000,0.000000000,1.000000000,1,-0.866256850,-0.386768652,0.820122704,0.000000000,0.000000000,0.007707535,0.999970297,10
1782463490.523428917,32.688126087,9346,vicon_state_data,ball,1,0,1.075471728,0.139867847,1.020947757,0.000000000,0.000000000,0.000000000,1.000000000,1,-0.866230033,-0.386796952,0.820077707,0.000000000,0.000000000,0.007537474,0.999971593,10
1782463490.526715994,32.691413164,9347,vicon_state_data,ball,1,0,1.087171889,0.138157818,1.022505179,0.000000000,0.000000000,0.000000000,1.000000000,1,-0.866240560,-0.386875570,0.820100009,0.000000000,0.000000000,0.007533216,0.999971625,10
1782463490.530036926,32.694734097,9348,vicon_state_data,ball,1,0,1.098651832,0.136416690,1.023273074,0.000000000,0.000000000,0.000000000,1.000000000,1,-0.866256004,-0.386873043,0.820110001,0.000000000,0.000000000,0.007603301,0.999971094,10
1782463490.533780575,32.698477745,9349,vicon_state_data,ball,1,0,1.110388820,0.134334646,1.024368978,0.000000000,0.000000000,0.000000000,1.000000000,1,-0.866260558,-0.386901577,0.820121571,0.000000000,0.000000000,0.007581829,0.999971258,10
1782463490.536826611,32.701523781,9350,vicon_state_data,ball,1,0,1.122374639,0.132217663,1.025188013,0.000000000,0.000000000,0.000000000,1.000000000,1,-0.866264680,-0.386966148,0.820100545,0.000000000,0.000000000,0.007609618,0.999971046,10
1782463490.540105820,32.704802990,9351,vicon_state_data,ball,1,0,1.134257747,0.130451583,1.025628601,0.000000000,0.000000000,0.000000000,1.000000000,1,-0.866349069,-0.387112359,0.820212699,0.000000000,0.000000000,0.007695118,0.999970392,10
1782463490.543381214,32.708078384,9352,vicon_state_data,ball,1,0,1.145933342,0.128921276,1.026040612,0.000000000,0.000000000,0.000000000,1.000000000,1,-0.866346055,-0.387177283,0.820199282,0.000000000,0.000000000,0.007513985,0.999971770,10
1782463490.546977758,32.711674929,9353,vicon_state_data,ball,1,0,1.157454017,0.127344376,1.026462525,0.000000000,0.000000000,0.000000000,1.000000000,1,-0.866339630,-0.387160474,0.820183535,0.000000000,0.000000000,0.007711197,0.999970268,10
1782463490.550216198,32.714913368,9354,vicon_state_data,ball,1,0,1.168658130,0.125234045,1.027481639,0.000000000,0.000000000,0.000000000,1.000000000,1,-0.866314970,-0.387175951,0.820112933,0.000000000,0.000000000,0.007752425,0.999969950,10
1782463490.553454161,32.718151331,9355,vicon_state_data,ball,1,0,1.180565760,0.123384487,1.027868460,0.000000000,0.000000000,0.000000000,1.000000000,1,-0.866403942,-0.387254043,0.820195865,0.000000000,0.000000000,0.007948729,0.999968408,10
1782463490.557262897,32.721960068,9356,vicon_state_data,ball,1,0,1.192412478,0.121613630,1.027953308,0.000000000,0.000000000,0.000000000,1.000000000,1,-0.866344288,-0.387241401,0.820095384,0.000000000,0.000000000,0.007835038,0.999969306,10
1782463490.560444117,32.725141287,9357,vicon_state_data,ball,1,0,1.204071953,0.119869690,1.028310298,0.000000000,0.000000000,0.000000000,1.000000000,1,-0.866328203,-0.387232964,0.820042106,0.000000000,0.000000000,0.007805231,0.999969539,10
1782463490.563767433,32.728464603,9358,vicon_state_data,ball,1,0,1.215467975,0.118336867,1.028093077,0.000000000,0.000000000,0.000000000,1.000000000,1,-0.866294796,-0.387468362,0.820291708,0.000000000,0.000000000,0.007157717,0.999974383,10
1782463490.566912651,32.731609821,9359,vicon_state_data,ball,1,0,1.226774369,0.116502211,1.027816032,0.000000000,0.000000000,0.000000000,1.000000000,1,-0.866246318,-0.387488400,0.820217649,0.000000000,0.000000000,0.007035551,0.999975250,10
1782463490.570128679,32.734825850,9360,vicon_state_data,ball,1,0,1.238491359,0.114325944,1.027629268,0.000000000,0.000000000,0.000000000,1.000000000,1,-0.866245395,-0.387510505,0.820193497,0.000000000,0.000000000,0.007149209,0.999974444,10
1782463490.573303461,32.738000631,9361,vicon_state_data,ball,1,0,1.250263800,0.112559286,1.027065209,0.000000000,0.000000000,0.000000000,1.000000000,1,-0.866282384,-0.387618844,0.820266123,0.000000000,0.000000000,0.007035890,0.999975248,10
1782463490.576759338,32.741456509,9362,vicon_state_data,ball,1,0,1.261955788,0.110893043,1.026065635,0.000000000,0.000000000,0.000000000,1.000000000,1,-0.866382638,-0.387428003,0.820130054,0.000000000,0.000000000,0.008039928,0.999967679,10
1782463490.580098629,32.744795799,9363,vicon_state_data,ball,1,0,1.273382836,0.109219734,1.025472166,0.000000000,0.000000000,0.000000000,1.000000000,1,-0.866423948,-0.387483347,0.820193399,0.000000000,0.000000000,0.008101952,0.999967179,10
1782463490.583351851,32.748049021,9364,vicon_state_data,ball,1,0,1.284557238,0.107621988,1.024570295,0.000000000,0.000000000,0.000000000,1.000000000,1,-0.866297179,-0.387650319,0.820264369,0.000000000,0.000000000,0.007185419,0.999974185,10
1782463490.586699724,32.751396894,9365,vicon_state_data,ball,1,0,1.295788332,0.105457388,1.024536717,0.000000000,0.000000000,0.000000000,1.000000000,1,-0.866334652,-0.387685010,0.820335026,0.000000000,0.000000000,0.007252170,0.999973703,10
1782463490.589924097,32.754621267,9366,vicon_state_data,ball,1,0,1.307530010,0.103838603,1.023571802,0.000000000,0.000000000,0.000000000,1.000000000,1,-0.866304005,-0.387700585,0.820272634,0.000000000,0.000000000,0.007157792,0.999974383,10
1782463490.593431473,32.758128643,9367,vicon_state_data,ball,1,0,1.319073482,0.102336668,1.022413902,0.000000000,0.000000000,0.000000000,1.000000000,1,-0.866203343,-0.387809718,0.819968709,0.000000000,0.000000000,0.006680522,0.999977685,10
1782463490.596765757,32.761462927,9368,vicon_state_data,ball,1,0,1.330508216,0.100497558,1.021616142,0.000000000,0.000000000,0.000000000,1.000000000,1,-0.866252236,-0.387838759,0.820189917,0.000000000,0.000000000,0.006812533,0.999976794,10
1782463490.600027800,32.764724970,9369,vicon_state_data,ball,1,0,1.341623026,0.098855064,1.019879961,0.000000000,0.000000000,0.000000000,1.000000000,1,-0.866096518,-0.387932986,0.819839506,0.000000000,0.000000000,0.005994774,0.999982031,10
1782463490.603409290,32.768106461,9370,vicon_state_data,ball,1,0,1.352957956,0.096844785,1.018483269,0.000000000,0.000000000,0.000000000,1.000000000,1,-0.865820245,-0.388370877,0.819727027,0.000000000,0.000000000,0.002896200,0.999995806,10
1782463490.606914759,32.771611929,9371,vicon_state_data,ball,1,0,1.364640706,0.094561905,1.016922274,0.000000000,0.000000000,0.000000000,1.000000000,1,-0.866199153,-0.388053825,0.819967547,0.000000000,0.000000000,0.006560659,0.999978479,10
1782463490.610068798,32.774765968,9372,vicon_state_data,ball,1,0,1.376128040,0.092959317,1.014931679,0.000000000,0.000000000,0.000000000,1.000000000,1,-0.866306835,-0.387794585,0.820209832,0.000000000,0.000000000,0.007584533,0.999971237,10
1782463490.613723755,32.778420925,9373,vicon_state_data,ball,1,0,1.387536656,0.091499081,1.012890009,0.000000000,0.000000000,0.000000000,1.000000000,1,-0.865803664,-0.388608372,0.819755982,0.000000000,0.000000000,0.002901202,0.999995792,10
1782463490.617057085,32.781754255,9374,vicon_state_data,ball,1,0,1.398684362,0.089868353,1.010927708,0.000000000,0.000000000,0.000000000,1.000000000,1,-0.866302293,-0.387909239,0.820196574,0.000000000,0.000000000,0.007387779,0.999972710,10
1782463490.620147705,32.784844875,9375,vicon_state_data,ball,1,0,1.409521895,0.087988042,1.009276102,0.000000000,0.000000000,0.000000000,1.000000000,1,-0.866261414,-0.387978877,0.820244721,0.000000000,0.000000000,0.007149228,0.999974444,10
1782463490.623560667,32.788257837,9376,vicon_state_data,ball,1,0,1.420950412,0.086253778,1.007603632,0.000000000,0.000000000,0.000000000,1.000000000,1,-0.866322271,-0.387785815,0.820000561,0.000000000,0.000000000,0.007947311,0.999968420,10
1782463490.626888752,32.791585922,9377,vicon_state_data,ball,1,0,1.432486715,0.084323500,1.005174812,0.000000000,0.000000000,0.000000000,1.000000000,1,-0.866392436,-0.387817803,0.820015387,0.000000000,0.000000000,0.008301526,0.999965542,10
1782463490.630078793,32.794775963,9378,vicon_state_data,ball,1,0,1.443808566,0.082842440,1.003029418,0.000000000,0.000000000,0.000000000,1.000000000,1,-0.866367581,-0.387780737,0.820004452,0.000000000,0.000000000,0.008224796,0.999966176,10
1782463490.633340836,32.798038006,9379,vicon_state_data,ball,1,0,1.454852807,0.081536378,1.000450583,0.000000000,0.000000000,0.000000000,1.000000000,1,-0.865783562,-0.388734916,0.819760432,0.000000000,0.000000000,0.002850026,0.999995939,10
1782463490.637069225,32.801766396,9380,vicon_state_data,ball,1,0,1.465733021,0.079474777,0.997690406,0.000000000,0.000000000,0.000000000,1.000000000,1,-0.866110781,-0.388243053,0.819849807,0.000000000,0.000000000,0.006286404,0.999980240,10
1782463490.640422821,32.805119991,9381,vicon_state_data,ball,1,0,1.477024597,0.077463864,0.995226470,0.000000000,0.000000000,0.000000000,1.000000000,1,-0.866451091,-0.387684599,0.820005537,0.000000000,0.000000000,0.009069933,0.999958867,10
1782463490.643495321,32.808192492,9382,vicon_state_data,ball,1,0,1.488443342,0.075718326,0.992145068,0.000000000,0.000000000,0.000000000,1.000000000,1,-0.866566757,-0.387703617,0.820421687,0.000000000,0.000000000,0.010224536,0.999947728,10
1782463490.646836042,32.811533213,9383,vicon_state_data,ball,1,0,1.499863972,0.074092614,0.988955823,0.000000000,0.000000000,0.000000000,1.000000000,1,-0.866534676,-0.387747033,0.820057990,0.000000000,0.000000000,0.009767299,0.999952299,10
1782463490.650090218,32.814787388,9384,vicon_state_data,ball,1,0,1.510900675,0.072472173,0.985819098,0.000000000,0.000000000,0.000000000,1.000000000,1,-0.866682157,-0.387776742,0.820547868,0.000000000,0.000000000,0.011071415,0.999938710,10
1782463490.653544426,32.818241596,9385,vicon_state_data,ball,1,0,1.521705363,0.071007093,0.982534146,0.000000000,0.000000000,0.000000000,1.000000000,1,-0.866810165,-0.387707624,0.820669701,0.000000000,0.000000000,0.011823012,0.999930106,10
1782463490.656869888,32.821567059,9386,vicon_state_data,ball,1,0,1.532522941,0.068839655,0.980137587,0.000000000,0.000000000,0.000000000,1.000000000,1,-0.866781416,-0.387694578,0.820629704,0.000000000,0.000000000,0.011714440,0.999931384,10
1782463490.660178900,32.824876070,9387,vicon_state_data,ball,1,0,1.543813865,0.067291092,0.976822809,0.000000000,0.000000000,0.000000000,1.000000000,1,-0.866601383,-0.387741761,0.820104382,0.000000000,0.000000000,0.010146790,0.999948520,10
1782463490.663425684,32.828122854,9388,vicon_state_data,ball,1,0,1.555074138,0.065668471,0.973253110,0.000000000,0.000000000,0.000000000,1.000000000,1,-0.866977922,-0.387667445,0.820800743,0.000000000,0.000000000,0.012984814,0.999915694,10
1782463490.666733027,32.831430197,9389,vicon_state_data,ball,1,0,1.566177383,0.064213234,0.969851219,0.000000000,0.000000000,0.000000000,1.000000000,1,-0.866951475,-0.387673319,0.820836900,0.000000000,0.000000000,0.012723562,0.999919052,10
1782463490.670306921,32.835004091,9390,vicon_state_data,ball,1,0,1.576772862,0.062581326,0.965871237,0.000000000,0.000000000,0.000000000,1.000000000,1,-0.866965856,-0.387660307,0.820781165,0.000000000,0.000000000,0.013467938,0.999909303,10
1782463490.673374414,32.838071585,9391,vicon_state_data,ball,1,0,1.587642159,0.060674736,0.962113914,0.000000000,0.000000000,0.000000000,1.000000000,1,-0.867022183,-0.387565483,0.820832090,0.000000000,0.000000000,0.013760396,0.999905321,10
1782463490.676836014,32.841533184,9392,vicon_state_data,ball,1,0,1.598916578,0.058435283,0.958294832,0.000000000,0.000000000,0.000000000,1.000000000,1,-0.866630235,-0.387875049,0.820141524,0.000000000,0.000000000,0.010465158,0.999945239,10
1782463490.679975510,32.844672680,9393,vicon_state_data,ball,1,0,1.610134101,0.056846844,0.954041842,0.000000000,0.000000000,0.000000000,1.000000000,1,-0.866998759,-0.387605860,0.820826605,0.000000000,0.000000000,0.013870350,0.999903802,10
1782463490.683774471,32.848471642,9394,vicon_state_data,ball,1,0,1.621198607,0.055363811,0.949563401,0.000000000,0.000000000,0.000000000,1.000000000,1,-0.866663761,-0.387870852,0.820150112,0.000000000,0.000000000,0.010671308,0.999943060,10
1782463490.686867237,32.851564407,9395,vicon_state_data,ball,1,0,1.632023137,0.053914199,0.945497000,0.000000000,0.000000000,0.000000000,1.000000000,1,-0.866984926,-0.387765938,0.820775242,0.000000000,0.000000000,0.013788516,0.999904934,10
1782463490.690158367,32.854855537,9396,vicon_state_data,ball,1,0,1.642467547,0.052073228,0.941127117,0.000000000,0.000000000,0.000000000,1.000000000,1,-0.866973856,-0.387785423,0.820728278,0.000000000,0.000000000,0.013658436,0.999906719,10
1782463490.694019318,32.858716488,9397,vicon_state_data,ball,1,0,1.653379598,0.050292249,0.937251370,0.000000000,0.000000000,0.000000000,1.000000000,1,-0.866919926,-0.387813673,0.820720555,0.000000000,0.000000000,0.013216339,0.999912660,10
1782463490.697027683,32.861724854,9398,vicon_state_data,ball,1,0,1.664553512,0.048714582,0.932596581,0.000000000,0.000000000,0.000000000,1.000000000,1,-0.866907288,-0.387831724,0.820699571,0.000000000,0.000000000,0.013214145,0.999912689,10
1782463490.700096846,32.864794016,9399,vicon_state_data,ball,1,0,1.675443285,0.047245013,0.928125875,0.000000000,0.000000000,0.000000000,1.000000000,1,-0.867403945,-0.387343525,0.821307319,0.000000000,0.000000000,0.017175710,0.999852487,10
1782463490.703492403,32.868189573,9400,vicon_state_data,ball,1,0,1.686054920,0.045937222,0.923646993,0.000000000,0.000000000,0.000000000,1.000000000,1,-0.866696266,-0.387957033,0.820157114,0.000000000,0.000000000,0.011130386,0.999938055,10
1782463490.706765890,32.871463060,9401,vicon_state_data,ball,1,0,1.696640923,0.044037797,0.918018996,0.000000000,0.000000000,0.000000000,1.000000000,1,-0.867046846,-0.387787336,0.820837284,0.000000000,0.000000000,0.014284609,0.999897970,10
1782463490.710014105,32.874711275,9402,vicon_state_data,ball,1,0,1.707304519,0.042121018,0.913248993,0.000000000,0.000000000,0.000000000,1.000000000,1,-0.866644654,-0.388110612,0.820136675,0.000000000,0.000000000,0.010784983,0.999941840,10
1782463490.713412046,32.878109217,9403,vicon_state_data,ball,1,0,1.718309861,0.040234852,0.907913103,0.000000000,0.000000000,0.000000000,1.000000000,1,-0.866670465,-0.388096773,0.820131014,0.000000000,0.000000000,0.011157507,0.999937753,10
1782463490.717060328,32.881757498,9404,vicon_state_data,ball,1,0,1.729350746,0.038667717,0.902412076,0.000000000,0.000000000,0.000000000,1.000000000,1,-0.866995066,-0.387935283,0.820785580,0.000000000,0.000000000,0.014158444,0.999899764,10
1782463490.720376492,32.885073662,9405,vicon_state_data,ball,1,0,1.740099481,0.036979040,0.896923355,0.000000000,0.000000000,0.000000000,1.000000000,1,-0.866637487,-0.388165340,0.820146089,0.000000000,0.000000000,0.010829185,0.999941363,10
1782463490.723455191,32.888152361,9406,vicon_state_data,ball,1,0,1.750468802,0.035679456,0.891555783,0.000000000,0.000000000,0.000000000,1.000000000,1,-0.866633252,-0.388207370,0.820175503,0.000000000,0.000000000,0.010748994,0.999942228,10
1782463490.726792336,32.891489506,9407,vicon_state_data,ball,1,0,1.760822035,0.033922862,0.886484176,0.000000000,0.000000000,0.000000000,1.000000000,1,-0.866886164,-0.387896503,0.820415706,0.000000000,0.000000000,0.012677006,0.999919644,10
1782463490.730060816,32.894757986,9408,vicon_state_data,ball,1,0,1.771645724,0.032233944,0.881149454,0.000000000,0.000000000,0.000000000,1.000000000,1,-0.867007916,-0.387969472,0.820888524,0.000000000,0.000000000,0.014354285,0.999896972,10
1782463490.733438253,32.898135424,9409,vicon_state_data,ball,1,0,1.782501923,0.030604177,0.875253058,0.000000000,0.000000000,0.000000000,1.000000000,1,-0.866856592,-0.387990863,0.820404477,0.000000000,0.000000000,0.012535313,0.999921430,10
1782463490.736782312,32.901479483,9410,vicon_state_data,ball,1,0,1.793117671,0.029420241,0.869485211,0.000000000,0.000000000,0.000000000,1.000000000,1,-0.866618743,-0.388366683,0.820166730,0.000000000,0.000000000,0.011003037,0.999939465,10
1782463490.740212440,32.904909611,9411,vicon_state_data,ball,1,0,1.803353291,0.028033459,0.863427945,0.000000000,0.000000000,0.000000000,1.000000000,1,-0.866814077,-0.388102509,0.820393411,0.000000000,0.000000000,0.012336042,0.999923908,10
1782463490.743637323,32.908334494,9412,vicon_state_data,ball,1,0,1.813570442,0.025935730,0.857190355,0.000000000,0.000000000,0.000000000,1.000000000,1,-0.866965759,-0.388183623,0.820860607,0.000000000,0.000000000,0.014172085,0.999899571,10
1782463490.747008801,32.911705971,9413,vicon_state_data,ball,1,0,1.824359409,0.023983517,0.851064514,0.000000000,0.000000000,0.000000000,1.000000000,1,-0.867343491,-0.387707225,0.821333758,0.000000000,0.000000000,0.017227039,0.999851604,10
1782463490.750517607,32.915214777,9414,vicon_state_data,ball,1,0,1.835194005,0.022426597,0.844463168,0.000000000,0.000000000,0.000000000,1.000000000,1,-0.867341402,-0.387732731,0.821324772,0.000000000,0.000000000,0.017273681,0.999850799,10
1782463490.753450871,32.918148041,9415,vicon_state_data,ball,1,0,1.845929662,0.020866497,0.838107930,0.000000000,0.000000000,0.000000000,1.000000000,1,-0.867316786,-0.387775898,0.821322590,0.000000000,0.000000000,0.017109165,0.999853628,10
1782463490.756689310,32.921386480,9416,vicon_state_data,ball,1,0,1.856110984,0.019082909,0.831996765,0.000000000,0.000000000,0.000000000,1.000000000,1,-0.867323327,-0.387787363,0.821331439,0.000000000,0.000000000,0.017058147,0.999854499,10
1782463490.760146618,32.924843788,9417,vicon_state_data,ball,1,0,1.866059532,0.017564326,0.825284241,0.000000000,0.000000000,0.000000000,1.000000000,1,-0.867321720,-0.387858730,0.821327864,0.000000000,0.000000000,0.017253353,0.999851150,10
1782463490.763971806,32.928668976,9418,vicon_state_data,ball,1,0,1.876532506,0.015826659,0.819062212,0.000000000,0.000000000,0.000000000,1.000000000,1,-0.866886584,-0.388352443,0.820836211,0.000000000,0.000000000,0.013786233,0.999904965,10
1782463490.766854048,32.931551218,9419,vicon_state_data,ball,1,0,1.887253845,0.014383590,0.812130177,0.000000000,0.000000000,0.000000000,1.000000000,1,-0.866219884,-0.388927366,0.819923907,0.000000000,0.000000000,0.008328058,0.999965321,10
1782463490.770150661,32.934847832,9420,vicon_state_data,ball,1,0,1.897697644,0.013063855,0.805270208,0.000000000,0.000000000,0.000000000,1.000000000,1,-0.866322853,-0.388993865,0.820297480,0.000000000,0.000000000,0.009265932,0.999957070,10
1782463490.773422241,32.938119411,9421,vicon_state_data,ball,1,0,1.907826782,0.011784482,0.798583640,0.000000000,0.000000000,0.000000000,1.000000000,1,-0.866272956,-0.388999780,0.820299512,0.000000000,0.000000000,0.008895828,0.999960431,10
1782463490.776668787,32.941365957,9422,vicon_state_data,ball,1,0,1.917998555,0.009980263,0.790701359,0.000000000,0.000000000,0.000000000,1.000000000,1,-0.866328597,-0.388927660,0.820318090,0.000000000,0.000000000,0.009358850,0.999956205,10
1782463490.780132771,32.944829941,9423,vicon_state_data,ball,1,0,1.928025759,0.008162354,0.783745966,0.000000000,0.000000000,0.000000000,1.000000000,1,-0.866291639,-0.389063549,0.820266458,0.000000000,0.000000000,0.009105254,0.999958546,10
1782463490.783309460,32.948006630,9424,vicon_state_data,ball,1,0,1.938723283,0.006304796,0.776219342,0.000000000,0.000000000,0.000000000,1.000000000,1,-0.866297979,-0.389068735,0.820299347,0.000000000,0.000000000,0.009232160,0.999957383,10
1782463490.787246943,32.951944113,9425,vicon_state_data,ball,1,0,1.949233253,0.004760560,0.768651140,0.000000000,0.000000000,0.000000000,1.000000000,1,-0.866220724,-0.389002772,0.819920423,0.000000000,0.000000000,0.008428109,0.999964483,10
1782463490.790189981,32.954887152,9426,vicon_state_data,ball,1,0,1.959510047,0.003022220,0.761055288,0.000000000,0.000000000,0.000000000,1.000000000,1,-0.866241910,-0.389120153,0.820299117,0.000000000,0.000000000,0.008759492,0.999961635,10
1782463490.793445110,32.958142281,9427,vicon_state_data,ball,1,0,1.969572097,0.001405094,0.758065914,0.000000000,0.000000000,0.000000000,1.000000000,1,-0.866230852,-0.389142290,0.820282190,0.000000000,0.000000000,0.008769686,0.999961546,10
1782463490.796630859,32.961328030,9428,vicon_state_data,ball,1,0,1.979934421,-0.000076878,0.765000538,0.000000000,0.000000000,0.000000000,1.000000000,1,-0.866388435,-0.388879305,0.820381656,0.000000000,0.000000000,0.010294859,0.999947007,10
1782463490.800200701,32.964897871,9429,vicon_state_data,ball,1,0,1.990820481,-0.001693497,0.771315565,0.000000000,0.000000000,0.000000000,1.000000000,1,-0.866218706,-0.389051816,0.819948258,0.000000000,0.000000000,0.008949423,0.999959953,10
1782463490.803636551,32.968333721,9430,vicon_state_data,ball,1,0,2.001907333,-0.003130198,0.777144441,0.000000000,0.000000000,0.000000000,1.000000000,1,-0.866261424,-0.389128359,0.820367724,0.000000000,0.000000000,0.009188745,0.999957783,10
1782463490.807345390,32.972042561,9431,vicon_state_data,ball,1,0,2.012939848,-0.004389642,0.782554989,0.000000000,0.000000000,0.000000000,1.000000000,1,-0.866221070,-0.389026499,0.819998557,0.000000000,0.000000000,0.008932251,0.999960107,10
1782463490.810302973,32.975000143,9432,vicon_state_data,ball,1,0,2.023774904,-0.005958759,0.787842346,0.000000000,0.000000000,0.000000000,1.000000000,1,-0.866222813,-0.389027625,0.819991878,0.000000000,0.000000000,0.009012619,0.999959386,10
1782463490.813395023,32.978092194,9433,vicon_state_data,ball,1,0,2.034142829,-0.007437397,0.793694712,0.000000000,0.000000000,0.000000000,1.000000000,1,-0.866289019,-0.389157077,0.820383519,0.000000000,0.000000000,0.009785571,0.999952120,10
1782463490.816663742,32.981360912,9434,vicon_state_data,ball,1,0,2.044425383,-0.009064503,0.799541706,0.000000000,0.000000000,0.000000000,1.000000000,1,-0.866192270,-0.389134297,0.820004212,0.000000000,0.000000000,0.008844361,0.999960888,10
1782463490.820105314,32.984802485,9435,vicon_state_data,ball,1,0,2.055344305,-0.010884166,0.804966598,0.000000000,0.000000000,0.000000000,1.000000000,1,-0.866193637,-0.389131053,0.820018029,0.000000000,0.000000000,0.008862737,0.999960725,10
1782463490.823562860,32.988260031,9436,vicon_state_data,ball,1,0,2.066382824,-0.012347526,0.809938866,0.000000000,0.000000000,0.000000000,1.000000000,1,-0.866235596,-0.389193171,0.820362598,0.000000000,0.000000000,0.009341715,0.999956365,10
1782463490.827049732,32.991746902,9437,vicon_state_data,ball,1,0,2.077224743,-0.014272056,0.815042461,0.000000000,0.000000000,0.000000000,1.000000000,1,-0.866196979,-0.389293653,0.820359901,0.000000000,0.000000000,0.009008535,0.999959422,10
1782463490.830069542,32.994766712,9438,vicon_state_data,ball,1,0,2.087746907,-0.015987076,0.819989285,0.000000000,0.000000000,0.000000000,1.000000000,1,-0.866163930,-0.389212615,0.819970886,0.000000000,0.000000000,0.009046062,0.999959084,10
1782463490.833521605,32.998218775,9439,vicon_state_data,ball,1,0,2.098019363,-0.017132000,0.824738004,0.000000000,0.000000000,0.000000000,1.000000000,1,-0.866216809,-0.389271141,0.820358010,0.000000000,0.000000000,0.009503432,0.999954841,10
1782463490.836919069,33.001616240,9440,vicon_state_data,ball,1,0,2.108360990,-0.018746800,0.830773064,0.000000000,0.000000000,0.000000000,1.000000000,1,-0.866331990,-0.388923958,0.820051872,0.000000000,0.000000000,0.010364442,0.999946288,10
1782463490.840310812,33.005007982,9441,vicon_state_data,ball,1,0,2.119165836,-0.020280721,0.835378912,0.000000000,0.000000000,0.000000000,1.000000000,1,-0.866228506,-0.389233461,0.820328210,0.000000000,0.000000000,0.009883964,0.999951152,10
1782463490.843520880,33.008218050,9442,vicon_state_data,ball,1,0,2.130051875,-0.021688653,0.839768579,0.000000000,0.000000000,0.000000000,1.000000000,1,-0.866162535,-0.389141023,0.819977983,0.000000000,0.000000000,0.009269048,0.999957041,10
1782463490.846768141,33.011465311,9443,vicon_state_data,ball,1,0,2.140730426,-0.023242716,0.844150099,0.000000000,0.000000000,0.000000000,1.000000000,1,-0.866169016,-0.389162819,0.819986638,0.000000000,0.000000000,0.009274408,0.999956992,10
1782463490.850097895,33.014795065,9444,vicon_state_data,ball,1,0,2.151474367,-0.024681173,0.847723302,0.000000000,0.000000000,0.000000000,1.000000000,1,-0.866182236,-0.389268706,0.820353793,0.000000000,0.000000000,0.009457493,0.999955277,10
1782463490.853561878,33.018259048,9445,vicon_state_data,ball,1,0,2.161436914,-0.026262261,0.852704171,0.000000000,0.000000000,0.000000000,1.000000000,1,-0.866520761,-0.388806182,0.820593152,0.000000000,0.000000000,0.012544511,0.999921315,10
1782463490.856722832,33.021420002,9446,vicon_state_data,ball,1,0,2.171794438,-0.027816760,0.856697431,0.000000000,0.000000000,0.000000000,1.000000000,1,-0.866201572,-0.389178551,0.820344839,0.000000000,0.000000000,0.009904664,0.999950948,10
1782463490.860246897,33.024944067,9447,vicon_state_data,ball,1,0,2.182668026,-0.029500692,0.860478633,0.000000000,0.000000000,0.000000000,1.000000000,1,-0.866209270,-0.389251345,0.820338356,0.000000000,0.000000000,0.010092273,0.999949072,10
1782463490.863629341,33.028326511,9448,vicon_state_data,ball,1,0,2.193525939,-0.031019587,0.863950307,0.000000000,0.000000000,0.000000000,1.000000000,1,-0.866134684,-0.389113132,0.819964585,0.000000000,0.000000000,0.009467911,0.999955178,10
1782463490.866819143,33.031516314,9449,vicon_state_data,ball,1,0,2.204011464,-0.033300973,0.867459107,0.000000000,0.000000000,0.000000000,1.000000000,1,-0.866185449,-0.389215266,0.820352854,0.000000000,0.000000000,0.010083736,0.999949158,10
1782463490.870150566,33.034847736,9450,vicon_state_data,ball,1,0,2.214221099,-0.034528979,0.871565441,0.000000000,0.000000000,0.000000000,1.000000000,1,-0.866268623,-0.388958858,0.820044660,0.000000000,0.000000000,0.010766173,0.999942043,10
1782463490.873288631,33.037985802,9451,vicon_state_data,ball,1,0,2.224207751,-0.036144045,0.875722558,0.000000000,0.000000000,0.000000000,1.000000000,1,-0.866299903,-0.389039377,0.820478844,0.000000000,0.000000000,0.011171363,0.999937598,10
1782463490.876752615,33.041449785,9452,vicon_state_data,ball,1,0,2.234796783,-0.037530735,0.879112921,0.000000000,0.000000000,0.000000000,1.000000000,1,-0.866265105,-0.388964919,0.820067302,0.000000000,0.000000000,0.010877639,0.999940837,10
1782463490.880125761,33.044822931,9453,vicon_state_data,ball,1,0,2.245404105,-0.039066817,0.882180368,0.000000000,0.000000000,0.000000000,1.000000000,1,-0.866123316,-0.389137241,0.819990625,0.000000000,0.000000000,0.009932151,0.999950675,10
1782463490.883409500,33.048106670,9454,vicon_state_data,ball,1,0,2.256340317,-0.040041704,0.884804578,0.000000000,0.000000000,0.000000000,1.000000000,1,-0.866096319,-0.389172749,0.820004015,0.000000000,0.000000000,0.009901363,0.999950980,10
1782463490.887072802,33.051769972,9455,vicon_state_data,ball,1,0,2.266895481,-0.041745289,0.887555533,0.000000000,0.000000000,0.000000000,1.000000000,1,-0.866120417,-0.389283817,0.820406115,0.000000000,0.000000000,0.009919497,0.999950801,10
1782463490.890008926,33.054706097,9456,vicon_state_data,ball,1,0,2.277156768,-0.043593998,0.890544213,0.000000000,0.000000000,0.000000000,1.000000000,1,-0.866122739,-0.389246156,0.820385328,0.000000000,0.000000000,0.010007135,0.999949927,10
1782463490.893313646,33.058010817,9457,vicon_state_data,ball,1,0,2.287328723,-0.045335392,0.893590420,0.000000000,0.000000000,0.000000000,1.000000000,1,-0.866083389,-0.389295058,0.820401088,0.000000000,0.000000000,0.009795600,0.999952022,10
1782463490.896650314,33.061347485,9458,vicon_state_data,ball,1,0,2.297632115,-0.046978371,0.896412512,0.000000000,0.000000000,0.000000000,1.000000000,1,-0.866081088,-0.389160157,0.820041075,0.000000000,0.000000000,0.009996362,0.999950035,10
1782463490.899997473,33.064694643,9459,vicon_state_data,ball,1,0,2.308415074,-0.048278693,0.898585590,0.000000000,0.000000000,0.000000000,1.000000000,1,-0.866096425,-0.389284726,0.820401135,0.000000000,0.000000000,0.010112332,0.999948869,10
1782463490.903390408,33.068087578,9460,vicon_state_data,ball,1,0,2.318761965,-0.049939526,0.901640372,0.000000000,0.000000000,0.000000000,1.000000000,1,-0.866066139,-0.389266938,0.820411098,0.000000000,0.000000000,0.009903908,0.999950955,10
1782463490.906775713,33.071472883,9461,vicon_state_data,ball,1,0,2.329024433,-0.051799956,0.903605848,0.000000000,0.000000000,0.000000000,1.000000000,1,-0.866065836,-0.389255576,0.820428888,0.000000000,0.000000000,0.010025885,0.999949740,10
1782463490.909899712,33.074596882,9462,vicon_state_data,ball,1,0,2.338817947,-0.053373404,0.906736272,0.000000000,0.000000000,0.000000000,1.000000000,1,-0.866021530,-0.389303030,0.820427976,0.000000000,0.000000000,0.009750692,0.999952461,10
1782463490.913546324,33.078243494,9463,vicon_state_data,ball,1,0,2.349133044,-0.055034492,0.908957443,0.000000000,0.000000000,0.000000000,1.000000000,1,-0.865978453,-0.389199028,0.820027102,0.000000000,0.000000000,0.009529209,0.999954596,10
1782463490.917023182,33.081720352,9464,vicon_state_data,ball,1,0,2.359635285,-0.056311568,0.910586780,0.000000000,0.000000000,0.000000000,1.000000000,1,-0.865953707,-0.389225726,0.820038570,0.000000000,0.000000000,0.009482647,0.999955039,10
1782463490.922406197,33.087103367,9465,vicon_state_data,ball,1,0,2.370344688,-0.057676851,0.912581722,0.000000000,0.000000000,0.000000000,1.000000000,1,-0.865949816,-0.389218406,0.819997357,0.000000000,0.000000000,0.009712542,0.999952832,10
1782463490.923555613,33.088252783,9466,vicon_state_data,ball,1,0,2.380956859,-0.058661770,0.913620146,0.000000000,0.000000000,0.000000000,1.000000000,1,-0.865964935,-0.389301887,0.820351316,0.000000000,0.000000000,0.009706056,0.999952895,10
1782463490.926809072,33.091506243,9467,vicon_state_data,ball,1,0,2.391198952,-0.060720636,0.914900692,0.000000000,0.000000000,0.000000000,1.000000000,1,-0.865914816,-0.389262186,0.819957555,0.000000000,0.000000000,0.009546229,0.999954434,10
1782463490.929989100,33.094686270,9468,vicon_state_data,ball,1,0,2.400931855,-0.062244444,0.917314103,0.000000000,0.000000000,0.000000000,1.000000000,1,-0.865925005,-0.389204621,0.819986131,0.000000000,0.000000000,0.009776337,0.999952210,10
1782463490.933481693,33.098178864,9469,vicon_state_data,ball,1,0,2.410984252,-0.063602960,0.918972580,0.000000000,0.000000000,0.000000000,1.000000000,1,-0.866025428,-0.389178494,0.820357113,0.000000000,0.000000000,0.010496521,0.999944910,10
1782463490.937237263,33.101934433,9470,vicon_state_data,ball,1,0,2.421595223,-0.065340429,0.920060851,0.000000000,0.000000000,0.000000000,1.000000000,1,-0.865904769,-0.389188746,0.819988660,0.000000000,0.000000000,0.009535516,0.999954536,10
1782463490.940066099,33.104763269,9471,vicon_state_data,ball,1,0,2.432296271,-0.066547504,0.920704068,0.000000000,0.000000000,0.000000000,1.000000000,1,-0.865903116,-0.389191349,0.819992948,0.000000000,0.000000000,0.009690096,0.999953050,10
1782463490.943484783,33.108181953,9472,vicon_state_data,ball,1,0,2.442221072,-0.068623993,0.922195192,0.000000000,0.000000000,0.000000000,1.000000000,1,-0.865947699,-0.389252371,0.820371469,0.000000000,0.000000000,0.010098475,0.999949009,10
1782463490.946896553,33.111593723,9473,vicon_state_data,ball,1,0,2.452208402,-0.070255069,0.923153729,0.000000000,0.000000000,0.000000000,1.000000000,1,-0.865915096,-0.389278908,0.820396385,0.000000000,0.000000000,0.009956246,0.999950435,10
1782463490.950129747,33.114826918,9474,vicon_state_data,ball,1,0,2.461974867,-0.072050595,0.924481539,0.000000000,0.000000000,0.000000000,1.000000000,1,-0.865935597,-0.389233090,0.820398921,0.000000000,0.000000000,0.010169818,0.999948286,10
1782463490.953447819,33.118144989,9475,vicon_state_data,ball,1,0,2.472209225,-0.073554465,0.925383324,0.000000000,0.000000000,0.000000000,1.000000000,1,-0.865978232,-0.388996563,0.820037048,0.000000000,0.000000000,0.010524330,0.999944618,10
1782463490.956664324,33.121361494,9476,vicon_state_data,ball,1,0,2.482778991,-0.074905460,0.925716590,0.000000000,0.000000000,0.000000000,1.000000000,1,-0.865951825,-0.389096746,0.820376570,0.000000000,0.000000000,0.010667458,0.999943101,10
1782463490.960049868,33.124747038,9477,vicon_state_data,ball,1,0,2.493546212,-0.076056818,0.925349891,0.000000000,0.000000000,0.000000000,1.000000000,1,-0.865982124,-0.389010762,0.820084199,0.000000000,0.000000000,0.010878753,0.999940825,10
1782463490.963651657,33.128348827,9478,vicon_state_data,ball,1,0,2.503529616,-0.077468053,0.925496037,0.000000000,0.000000000,0.000000000,1.000000000,1,-0.866062075,-0.389005111,0.820167981,0.000000000,0.000000000,0.011177997,0.999937524,10
1782463490.966747046,33.131444216,9479,vicon_state_data,ball,1,0,2.513590185,-0.079608511,0.925443772,0.000000000,0.000000000,0.000000000,1.000000000,1,-0.866120647,-0.388914693,0.820542981,0.000000000,0.000000000,0.012321831,0.999924083,10
1782463490.970232487,33.134929657,9480,vicon_state_data,ball,1,0,2.522923184,-0.080879738,0.926798111,0.000000000,0.000000000,0.000000000,1.000000000,1,-0.866116472,-0.388925226,0.820531853,0.000000000,0.000000000,0.012507403,0.999921779,10
1782463490.973525763,33.138222933,9481,vicon_state_data,ball,1,0,2.533005856,-0.082270961,0.926866976,0.000000000,0.000000000,0.000000000,1.000000000,1,-0.866127717,-0.388877768,0.820591555,0.000000000,0.000000000,0.012624637,0.999920306,10
1782463490.976819515,33.141516685,9482,vicon_state_data,ball,1,0,2.543613498,-0.083898888,0.926455364,0.000000000,0.000000000,0.000000000,1.000000000,1,-0.866166867,-0.388800183,0.820614901,0.000000000,0.000000000,0.012996793,0.999915538,10
1782463490.980224609,33.144921780,9483,vicon_state_data,ball,1,0,2.553773368,-0.085571843,0.926495931,0.000000000,0.000000000,0.000000000,1.000000000,1,-0.865927214,-0.388905516,0.820070771,0.000000000,0.000000000,0.010963549,0.999939898,10
1782463490.983392954,33.148090124,9484,vicon_state_data,ball,1,0,2.563811859,-0.087456693,0.925719595,0.000000000,0.000000000,0.000000000,1.000000000,1,-0.866140030,-0.388852708,0.820593092,0.000000000,0.000000000,0.013024081,0.999915183,10
1782463490.986950636,33.151647806,9485,vicon_state_data,ball,1,0,2.573668486,-0.089019871,0.925162913,0.000000000,0.000000000,0.000000000,1.000000000,1,-0.865958670,-0.388900967,0.820089579,0.000000000,0.000000000,0.011402163,0.999934993,10
1782463490.989977837,33.154675007,9486,vicon_state_data,ball,1,0,2.583645151,-0.090150888,0.924763580,0.000000000,0.000000000,0.000000000,1.000000000,1,-0.866248983,-0.388704677,0.820729632,0.000000000,0.000000000,0.014115765,0.999900368,10
1782463490.993348598,33.158045769,9487,vicon_state_data,ball,1,0,2.593724246,-0.091905037,0.924593711,0.000000000,0.000000000,0.000000000,1.000000000,1,-0.866238206,-0.388608819,0.820725327,0.000000000,0.000000000,0.014051483,0.999901273,10
1782463490.996798992,33.161496162,9488,vicon_state_data,ball,1,0,2.604056392,-0.093103485,0.923821090,0.000000000,0.000000000,0.000000000,1.000000000,1,-0.865939758,-0.388790089,0.820125829,0.000000000,0.000000000,0.011432351,0.999934649,10
1782463491.000600815,33.165297985,9489,vicon_state_data,ball,1,0,2.614274613,-0.094190521,0.922277758,0.000000000,0.000000000,0.000000000,1.000000000,1,-0.866213577,-0.388610375,0.820740789,0.000000000,0.000000000,0.014064540,0.999901089,10
1782463491.003574133,33.168271303,9490,vicon_state_data,ball,1,0,2.624174967,-0.096417448,0.920895394,0.000000000,0.000000000,0.000000000,1.000000000,1,-0.866193378,-0.388593820,0.820722024,0.000000000,0.000000000,0.014038178,0.999901460,10
1782463491.006935835,33.171633005,9491,vicon_state_data,ball,1,0,2.634073240,-0.098164067,0.919867363,0.000000000,0.000000000,0.000000000,1.000000000,1,-0.865923206,-0.388776394,0.820122433,0.000000000,0.000000000,0.011568000,0.999933088,10
1782463491.010322571,33.175019741,9492,vicon_state_data,ball,1,0,2.643699630,-0.099646243,0.918895691,0.000000000,0.000000000,0.000000000,1.000000000,1,-0.865953563,-0.388723779,0.820196867,0.000000000,0.000000000,0.011899100,0.999929203,10
1782463491.013314962,33.178012133,9493,vicon_state_data,ball,1,0,2.653464304,-0.101020286,0.918233034,0.000000000,0.000000000,0.000000000,1.000000000,1,-0.866460090,-0.388335835,0.820966421,0.000000000,0.000000000,0.016370099,0.999866001,10
1782463491.016649485,33.181346655,9494,vicon_state_data,ball,1,0,2.663899961,-0.102401249,0.916593458,0.000000000,0.000000000,0.000000000,1.000000000,1,-0.866436809,-0.388314900,0.820940392,0.000000000,0.000000000,0.016392264,0.999865638,10
1782463491.020066977,33.184764147,9495,vicon_state_data,ball,1,0,2.673839544,-0.104488729,0.915015334,0.000000000,0.000000000,0.000000000,1.000000000,1,-0.866084918,-0.388517336,0.820283472,0.000000000,0.000000000,0.013050901,0.999914833,10
1782463491.023525238,33.188222408,9496,vicon_state_data,ball,1,0,2.683444027,-0.106087713,0.913262193,0.000000000,0.000000000,0.000000000,1.000000000,1,-0.866441703,-0.388196051,0.820990385,0.000000000,0.000000000,0.016622966,0.999861829,10
1782463491.027082920,33.191780090,9497,vicon_state_data,ball,1,0,2.693105290,-0.107461369,0.911613298,0.000000000,0.000000000,0.000000000,1.000000000,1,-0.866434895,-0.388171255,0.820974085,0.000000000,0.000000000,0.016720563,0.999860202,10
1782463491.030208826,33.194905996,9498,vicon_state_data,ball,1,0,2.702984336,-0.108564298,0.909773992,0.000000000,0.000000000,0.000000000,1.000000000,1,-0.866459633,-0.388161376,0.821021787,0.000000000,0.000000000,0.016840258,0.999858193,10
1782463491.033554077,33.198251247,9499,vicon_state_data,ball,1,0,2.712990929,-0.110493418,0.908191229,0.000000000,0.000000000,0.000000000,1.000000000,1,-0.866019271,-0.388485514,0.820228559,0.000000000,0.000000000,0.013098745,0.999914208,10
1782463491.036949396,33.201646566,9500,vicon_state_data,ball,1,0,2.723151206,-0.111669776,0.905808206,0.000000000,0.000000000,0.000000000,1.000000000,1,-0.866409162,-0.388148614,0.820981617,0.000000000,0.000000000,0.016814769,0.999858622,10
1782463491.040309191,33.205006361,9501,vicon_state_data,ball,1,0,2.733074795,-0.113092383,0.902998292,0.000000000,0.000000000,0.000000000,1.000000000,1,-0.866423858,-0.388093516,0.821028276,0.000000000,0.000000000,0.017050420,0.999854631,10
1782463491.043842793,33.208539963,9502,vicon_state_data,ball,1,0,2.742750907,-0.115432760,0.900319713,0.000000000,0.000000000,0.000000000,1.000000000,1,-0.866414981,-0.388090981,0.821018325,0.000000000,0.000000000,0.017016264,0.999855213,10
1782463491.046801090,33.211498260,9503,vicon_state_data,ball,1,0,2.752383731,-0.116848940,0.898067535,0.000000000,0.000000000,0.000000000,1.000000000,1,-0.866414927,-0.388101745,0.821034924,0.000000000,0.000000000,0.016865350,0.999857770,10
1782463491.049997568,33.214694738,9504,vicon_state_data,ball,1,0,2.761789140,-0.118334523,0.895821185,0.000000000,0.000000000,0.000000000,1.000000000,1,-0.866399048,-0.388013788,0.821002913,0.000000000,0.000000000,0.017163234,0.999852701,10
1782463491.053480864,33.218178034,9505,vicon_state_data,ball,1,0,2.771668861,-0.119766593,0.893707571,0.000000000,0.000000000,0.000000000,1.000000000,1,-0.865937728,-0.388305718,0.820238801,0.000000000,0.000000000,0.013248024,0.999912241,10
1782463491.056682825,33.221379995,9506,vicon_state_data,ball,1,0,2.781926769,-0.120954221,0.890445485,0.000000000,0.000000000,0.000000000,1.000000000,1,-0.865928057,-0.388283898,0.820211613,0.000000000,0.000000000,0.013250766,0.999912205,10
1782463491.060181618,33.224878788,9507,vicon_state_data,ball,1,0,2.791396265,-0.123143595,0.887699578,0.000000000,0.000000000,0.000000000,1.000000000,1,-0.866375894,-0.387926480,0.821045754,0.000000000,0.000000000,0.017374243,0.999849056,10
1782463491.063342094,33.228039265,9508,vicon_state_data,ball,1,0,2.800728381,-0.124632657,0.884727171,0.000000000,0.000000000,0.000000000,1.000000000,1,-0.866420731,-0.387872453,0.821091848,0.000000000,0.000000000,0.017582035,0.999845424,10
1782463491.066727161,33.231424332,9509,vicon_state_data,ball,1,0,2.810346043,-0.125900630,0.881649469,0.000000000,0.000000000,0.000000000,1.000000000,1,-0.866367783,-0.387849983,0.821055491,0.000000000,0.000000000,0.017633746,0.999844513,10
1782463491.070228815,33.234925985,9510,vicon_state_data,ball,1,0,2.820039832,-0.127593650,0.878882764,0.000000000,0.000000000,0.000000000,1.000000000,1,-0.865883218,-0.388161778,0.820251669,0.000000000,0.000000000,0.013342848,0.999910980,10
1782463491.073367357,33.238064528,9511,vicon_state_data,ball,1,0,2.830021923,-0.128865555,0.875571602,0.000000000,0.000000000,0.000000000,1.000000000,1,-0.866375434,-0.387832807,0.821150169,0.000000000,0.000000000,0.017464717,0.999847480,10
1782463491.076662779,33.241359949,9512,vicon_state_data,ball,1,0,2.840073280,-0.129855287,0.871443576,0.000000000,0.000000000,0.000000000,1.000000000,1,-0.866341481,-0.387787606,0.821083108,0.000000000,0.000000000,0.017577625,0.999845502,10
1782463491.080066919,33.244764090,9513,vicon_state_data,ball,1,0,2.849690661,-0.131944774,0.867503569,0.000000000,0.000000000,0.000000000,1.000000000,1,-0.866302647,-0.387787114,0.821058790,0.000000000,0.000000000,0.017474268,0.999847313,10
1782463491.083658695,33.248355865,9514,vicon_state_data,ball,1,0,2.859168604,-0.134077834,0.863713295,0.000000000,0.000000000,0.000000000,1.000000000,1,-0.866297716,-0.387712845,0.821051135,0.000000000,0.000000000,0.017679260,0.999843710,10
1782463491.086941957,33.251639128,9515,vicon_state_data,ball,1,0,2.868401601,-0.135333233,0.860219789,0.000000000,0.000000000,0.000000000,1.000000000,1,-0.865862746,-0.387990966,0.820295751,0.000000000,0.000000000,0.013608905,0.999907395,10
1782463491.090180874,33.254878044,9516,vicon_state_data,ball,1,0,2.877556974,-0.136622660,0.857253248,0.000000000,0.000000000,0.000000000,1.000000000,1,-0.865801251,-0.388004571,0.820234674,0.000000000,0.000000000,0.013496667,0.999908916,10
1782463491.093453646,33.258150816,9517,vicon_state_data,ball,1,0,2.887656593,-0.138097068,0.853126853,0.000000000,0.000000000,0.000000000,1.000000000,1,-0.866287004,-0.387651033,0.821098720,0.000000000,0.000000000,0.017662778,0.999844001,10
1782463491.096813202,33.261510372,9518,vicon_state_data,ball,1,0,2.897478803,-0.139815531,0.848953386,0.000000000,0.000000000,0.000000000,1.000000000,1,-0.865771214,-0.387944445,0.820196904,0.000000000,0.000000000,0.013622207,0.999907213,10
1782463491.100033283,33.264730453,9519,vicon_state_data,ball,1,0,2.906804600,-0.141372322,0.844528064,0.000000000,0.000000000,0.000000000,1.000000000,1,-0.865780901,-0.387914659,0.820235672,0.000000000,0.000000000,0.013587707,0.999907683,10
1782463491.103447437,33.268144608,9520,vicon_state_data,ball,1,0,2.915968950,-0.142884422,0.840299195,0.000000000,0.000000000,0.000000000,1.000000000,1,-0.866208801,-0.387604461,0.821009654,0.000000000,0.000000000,0.017524163,0.999846440,10
1782463491.107251167,33.271948338,9521,vicon_state_data,ball,1,0,2.925517496,-0.143957606,0.835836401,0.000000000,0.000000000,0.000000000,1.000000000,1,-0.865726853,-0.387902857,0.820197393,0.000000000,0.000000000,0.013590731,0.999907642,10
1782463491.110304356,33.275001526,9522,vicon_state_data,ball,1,0,2.935157357,-0.145758315,0.831738316,0.000000000,0.000000000,0.000000000,1.000000000,1,-0.866161722,-0.387590085,0.820982355,0.000000000,0.000000000,0.017396691,0.999848666,10
1782463491.113479376,33.278176546,9523,vicon_state_data,ball,1,0,2.944939087,-0.146895239,0.827046667,0.000000000,0.000000000,0.000000000,1.000000000,1,-0.866165520,-0.387572847,0.820979903,0.000000000,0.000000000,0.017450046,0.999847736,10
1782463491.116704226,33.281401396,9524,vicon_state_data,ball,1,0,2.954778804,-0.148058554,0.821517865,0.000000000,0.000000000,0.000000000,1.000000000,1,-0.865748557,-0.387814862,0.820272050,0.000000000,0.000000000,0.013694357,0.999906228,10
1782463491.120088339,33.284785509,9525,vicon_state_data,ball,1,0,2.964141687,-0.150349679,0.816376085,0.000000000,0.000000000,0.000000000,1.000000000,1,-0.866130377,-0.387536199,0.821045750,0.000000000,0.000000000,0.017534600,0.999846257,10
1782463491.123556137,33.288253307,9526,vicon_state_data,ball,1,0,2.973422693,-0.152037190,0.811534836,0.000000000,0.000000000,0.000000000,1.000000000,1,-0.865734725,-0.387803165,0.820324466,0.000000000,0.000000000,0.013824443,0.999904438,10
1782463491.127195835,33.291893005,9527,vicon_state_data,ball,1,0,2.982352442,-0.153372545,0.806661441,0.000000000,0.000000000,0.000000000,1.000000000,1,-0.866189156,-0.387525288,0.821178216,0.000000000,0.000000000,0.017603438,0.999845047,10
1782463491.130159140,33.294856310,9528,vicon_state_data,ball,1,0,2.991774941,-0.154540011,0.801979883,0.000000000,0.000000000,0.000000000,1.000000000,1,-0.866118064,-0.387450205,0.821076985,0.000000000,0.000000000,0.017704305,0.999843267,10
1782463491.133339882,33.298037052,9529,vicon_state_data,ball,1,0,3.001502183,-0.156106333,0.796811644,0.000000000,0.000000000,0.000000000,1.000000000,1,-0.866156738,-0.387520603,0.821177105,0.000000000,0.000000000,0.017467871,0.999847425,10
1782463491.136949539,33.301646709,9530,vicon_state_data,ball,1,0,3.010984731,-0.157846085,0.791281642,0.000000000,0.000000000,0.000000000,1.000000000,1,-0.866137582,-0.387427733,0.821147792,0.000000000,0.000000000,0.017619306,0.999844768,10
1782463491.140192509,33.304889679,9531,vicon_state_data,ball,1,0,3.019973663,-0.159345930,0.785707581,0.000000000,0.000000000,0.000000000,1.000000000,1,-0.865671884,-0.387715561,0.820350526,0.000000000,0.000000000,0.013818995,0.999904513,10
1782463491.143378019,33.308075190,9532,vicon_state_data,ball,1,0,3.029069161,-0.160720011,0.780201227,0.000000000,0.000000000,0.000000000,1.000000000,1,-0.865991861,-0.387340427,0.820982189,0.000000000,0.000000000,0.017681064,0.999843678,10
1782463491.147097588,33.311794758,9533,vicon_state_data,ball,1,0,3.038533661,-0.161665514,0.774379828,0.000000000,0.000000000,0.000000000,1.000000000,1,-0.865610391,-0.387630038,0.820267107,0.000000000,0.000000000,0.014024483,0.999901652,10
1782463491.150197983,33.314895153,9534,vicon_state_data,ball,1,0,3.048134896,-0.162932268,0.768570517,0.000000000,0.000000000,0.000000000,1.000000000,1,-0.866011089,-0.387317491,0.821097991,0.000000000,0.000000000,0.017634646,0.999844498,10
1782463491.153679609,33.318376780,9535,vicon_state_data,ball,1,0,3.057759238,-0.164414943,0.762419858,0.000000000,0.000000000,0.000000000,1.000000000,1,-0.865584580,-0.387648609,0.820320337,0.000000000,0.000000000,0.013682499,0.999906390,10
1782463491.156894445,33.321591616,9536,vicon_state_data,ball,1,0,3.067191805,-0.166189794,0.756113967,0.000000000,0.000000000,0.000000000,1.000000000,1,-0.865970885,-0.387292082,0.821051724,0.000000000,0.000000000,0.017627020,0.999844632,10
1782463491.160106182,33.324803352,9537,vicon_state_data,ball,1,0,3.075278972,-0.167749730,0.750347751,0.000000000,0.000000000,0.000000000,1.000000000,1,-0.865492124,-0.387535623,0.820230571,0.000000000,0.000000000,0.013922803,0.999903073,10
1782463491.163337708,33.328034878,9538,vicon_state_data,ball,1,0,3.083658973,-0.168078224,0.749364361,0.000000000,0.000000000,0.000000000,1.000000000,1,-0.865846863,-0.387292453,0.820943463,0.000000000,0.000000000,0.017232893,0.999851503,10
1782463491.166934490,33.331631660,9539,vicon_state_data,ball,1,0,3.088061357,-0.166770280,0.754049870,0.000000000,0.000000000,0.000000000,1.000000000,1,-0.865819601,-0.386885432,0.820847355,0.000000000,0.000000000,0.006605880,0.999978181,10
1782463491.170345783,33.335042953,9540,vicon_state_data,ball,1,0,3.092519450,-0.165070539,0.759189640,0.000000000,0.000000000,0.000000000,1.000000000,1,-0.865573186,-0.387496872,0.820394299,0.000000000,0.000000000,0.014043611,0.999901384,10
1782463491.173388958,33.338086128,9541,vicon_state_data,ball,1,0,3.097056049,-0.163503544,0.764182541,0.000000000,0.000000000,0.000000000,1.000000000,1,-0.865531999,-0.387522615,0.820367137,0.000000000,0.000000000,0.013887454,0.999903565,10
1782463491.176979303,33.341676474,9542,vicon_state_data,ball,1,0,3.101562759,-0.161844012,0.769190876,0.000000000,0.000000000,0.000000000,1.000000000,1,-0.865570459,-0.387448081,0.820405906,0.000000000,0.000000000,0.013982577,0.999902239,10
1782463491.180241346,33.344938517,9543,vicon_state_data,ball,1,0,3.106328589,-0.160257177,0.773826601,0.000000000,0.000000000,0.000000000,1.000000000,1,-0.865519970,-0.387429954,0.820369457,0.000000000,0.000000000,0.014109570,0.999900455,10
1782463491.184069633,33.348766804,9544,vicon_state_data,ball,1,0,3.111178083,-0.158675430,0.778341994,0.000000000,0.000000000,0.000000000,1.000000000,1,-0.865573943,-0.387371239,0.820404836,0.000000000,0.000000000,0.014364187,0.999896830,10
1782463491.187324047,33.352021217,9545,vicon_state_data,ball,1,0,3.115820944,-0.157013577,0.782663010,0.000000000,0.000000000,0.000000000,1.000000000,1,-0.865551676,-0.387233236,0.820407479,0.000000000,0.000000000,0.014667067,0.999892433,10
1782463491.190091848,33.354789019,9546,vicon_state_data,ball,1,0,3.120292082,-0.155289033,0.787009117,0.000000000,0.000000000,0.000000000,1.000000000,1,-0.865586198,-0.387264172,0.820452446,0.000000000,0.000000000,0.014655834,0.999892597,10
1782463491.193289518,33.357986689,9547,vicon_state_data,ball,1,0,3.124778830,-0.153791468,0.791155892,0.000000000,0.000000000,0.000000000,1.000000000,1,-0.865574023,-0.387178463,0.820424254,0.000000000,0.000000000,0.014884486,0.999889220,10
1782463491.196590185,33.361287355,9548,vicon_state_data,ball,1,0,3.129506469,-0.151644315,0.795434754,0.000000000,0.000000000,0.000000000,1.000000000,1,-0.865518894,-0.387249456,0.820431569,0.000000000,0.000000000,0.014403551,0.999896263,10
1782463491.200063705,33.364760876,9549,vicon_state_data,ball,1,0,3.134282117,-0.150151807,0.799075630,0.000000000,0.000000000,0.000000000,1.000000000,1,-0.865525916,-0.387195131,0.820423753,0.000000000,0.000000000,0.014523359,0.999894530,10
1782463491.203484774,33.368181944,9550,vicon_state_data,ball,1,0,3.138923763,-0.148858157,0.802754464,0.000000000,0.000000000,0.000000000,1.000000000,1,-0.865511263,-0.387160169,0.820418857,0.000000000,0.000000000,0.014578011,0.999893735,10
1782463491.207102299,33.371799469,9551,vicon_state_data,ball,1,0,3.143689481,-0.147222660,0.806307874,0.000000000,0.000000000,0.000000000,1.000000000,1,-0.865483941,-0.387170430,0.820421428,0.000000000,0.000000000,0.014445687,0.999895656,10
1782463491.210401535,33.375098705,9552,vicon_state_data,ball,1,0,3.148641306,-0.145221687,0.810189573,0.000000000,0.000000000,0.000000000,1.000000000,1,-0.865457351,-0.387115399,0.820386316,0.000000000,0.000000000,0.014630469,0.999892969,10
1782463491.213513374,33.378210545,9553,vicon_state_data,ball,1,0,3.153517958,-0.143579377,0.813693148,0.000000000,0.000000000,0.000000000,1.000000000,1,-0.865472972,-0.387107771,0.820442742,0.000000000,0.000000000,0.014761096,0.999891049,10
1782463491.216861486,33.381558657,9554,vicon_state_data,ball,1,0,3.158192887,-0.141811001,0.817116739,0.000000000,0.000000000,0.000000000,1.000000000,1,-0.865434907,-0.387042158,0.820420166,0.000000000,0.000000000,0.014796346,0.999890528,10
1782463491.220070362,33.384767532,9555,vicon_state_data,ball,1,0,3.162657437,-0.140104261,0.820508757,0.000000000,0.000000000,0.000000000,1.000000000,1,-0.865416181,-0.387039794,0.820435338,0.000000000,0.000000000,0.014748295,0.999891238,10
1782463491.223371267,33.388068438,9556,vicon_state_data,ball,1,0,3.167086270,-0.138403264,0.824035882,0.000000000,0.000000000,0.000000000,1.000000000,1,-0.865413438,-0.386990172,0.820437114,0.000000000,0.000000000,0.014786021,0.999890681,10
1782463491.226684332,33.391381502,9557,vicon_state_data,ball,1,0,3.171696964,-0.137485430,0.827616319,0.000000000,0.000000000,0.000000000,1.000000000,1,-0.865395482,-0.386929456,0.820433195,0.000000000,0.000000000,0.014972945,0.999887899,10
1782463491.230137348,33.394834518,9558,vicon_state_data,ball,1,0,3.176473609,-0.136961161,0.830059096,0.000000000,0.000000000,0.000000000,1.000000000,1,-0.865402730,-0.386840041,0.820462724,0.000000000,0.000000000,0.015144016,0.999885323,10
1782463491.233369350,33.398066521,9559,vicon_state_data,ball,1,0,3.182338469,-0.137684906,0.833174447,0.000000000,0.000000000,0.000000000,1.000000000,1,-0.865409309,-0.386893877,0.820486699,0.000000000,0.000000000,0.014951763,0.999888216,10
1782463491.236714602,33.401411772,9560,vicon_state_data,ball,1,0,3.188676894,-0.139062552,0.836169845,0.000000000,0.000000000,0.000000000,1.000000000,1,-0.865364966,-0.386889826,0.820446618,0.000000000,0.000000000,0.014857574,0.999889620,10
1782463491.240332365,33.405029535,9561,vicon_state_data,ball,1,0,3.195314518,-0.140694062,0.839445277,0.000000000,0.000000000,0.000000000,1.000000000,1,-0.865340636,-0.386832434,0.820442967,0.000000000,0.000000000,0.014972055,0.999887913,10
1782463491.243545294,33.408242464,9562,vicon_state_data,ball,1,0,3.202803452,-0.143149200,0.841995159,0.000000000,0.000000000,0.000000000,1.000000000,1,-0.865303584,-0.386846131,0.820423526,0.000000000,0.000000000,0.014812243,0.999890293,10
1782463491.247772694,33.412469864,9563,vicon_state_data,ball,1,0,3.210619667,-0.146104581,0.844654488,0.000000000,0.000000000,0.000000000,1.000000000,1,-0.865280594,-0.386784161,0.820417727,0.000000000,0.000000000,0.014894982,0.999889064,10
1782463491.250204563,33.414901733,9564,vicon_state_data,ball,1,0,3.218680519,-0.149430665,0.847161420,0.000000000,0.000000000,0.000000000,1.000000000,1,-0.865267780,-0.386736398,0.820427395,0.000000000,0.000000000,0.015091833,0.999886112,10
1782463491.253524780,33.418221951,9565,vicon_state_data,ball,1,0,3.226954982,-0.152895248,0.849535576,0.000000000,0.000000000,0.000000000,1.000000000,1,-0.865248781,-0.386675483,0.820435968,0.000000000,0.000000000,0.015186805,0.999884674,10
1782463491.256683111,33.421380281,9566,vicon_state_data,ball,1,0,3.235351144,-0.156693242,0.851689619,0.000000000,0.000000000,0.000000000,1.000000000,1,-0.865204382,-0.386630247,0.820381849,0.000000000,0.000000000,0.015133900,0.999885476,10
1782463491.260138035,33.424835205,9567,vicon_state_data,ball,1,0,3.243751470,-0.160385204,0.853650271,0.000000000,0.000000000,0.000000000,1.000000000,1,-0.865203133,-0.386622048,0.820399730,0.000000000,0.000000000,0.015058097,0.999886620,10
1782463491.263375521,33.428072691,9568,vicon_state_data,ball,1,0,3.251926491,-0.164203668,0.855540545,0.000000000,0.000000000,0.000000000,1.000000000,1,-0.865140801,-0.386552662,0.820321184,0.000000000,0.000000000,0.015141187,0.999885366,10
1782463491.266844749,33.431541920,9569,vicon_state_data,ball,1,0,3.259140367,-0.167502273,0.857618684,0.000000000,0.000000000,0.000000000,1.000000000,1,-0.865147544,-0.386510831,0.820339689,0.000000000,0.000000000,0.015268080,0.999883436,10
1782463491.270077467,33.434774637,9570,vicon_state_data,ball,1,0,3.263408922,-0.169484850,0.859395973,0.000000000,0.000000000,0.000000000,1.000000000,1,-0.865170722,-0.386545102,0.820420934,0.000000000,0.000000000,0.015080674,0.999886280,10
1782463491.273308516,33.438005686,9571,vicon_state_data,ball,1,0,3.262984041,-0.170863589,0.860210316,0.000000000,0.000000000,0.000000000,1.000000000,1,-0.865027261,-0.386394199,0.820252902,0.000000000,0.000000000,0.015057562,0.999886628,10
1782463491.276682854,33.441380024,9572,vicon_state_data,ball,1,0,3.261786718,-0.172701960,0.860847319,0.000000000,0.000000000,0.000000000,1.000000000,1,-0.865114069,-0.386457231,0.820375424,0.000000000,0.000000000,0.015280298,0.999883249,10
1782463491.279930353,33.444627523,9573,vicon_state_data,ball,1,0,3.259461540,-0.174463526,0.862062983,0.000000000,0.000000000,0.000000000,1.000000000,1,-0.865010311,-0.386355157,0.820286327,0.000000000,0.000000000,0.015179260,0.999884788,10
