host_time_s,elapsed_s,frame_number,channel,name,ball_valid,ball_occluded,ball_x_m,ball_y_m,ball_z_m,ball_qx,ball_qy,ball_qz,ball_qw,base_valid,base_x_m,base_y_m,base_z_m,base_qx,base_qy,base_qz,base_qw,clean_segment_id
1782463493.990190506,36.154887676,10386,vicon_state_data,ball,1,0,-0.158393673,0.180317504,1.198582839,0.000000000,0.000000000,0.000000000,1.000000000,1,-0.863324000,-0.385308555,0.820258111,0.000000000,0.000000000,0.001459706,0.999998935,12
1782463493.993405104,36.158102274,10387,vicon_state_data,ball,1,0,-0.158061224,0.180935225,1.199527953,0.000000000,0.000000000,0.000000000,1.000000000,1,-0.863345554,-0.385193376,0.820246598,0.000000000,0.000000000,0.001685153,0.999998580,12
1782463493.996746778,36.161443949,10388,vicon_state_data,ball,1,0,-0.153239070,0.168984577,1.211052922,0.000000000,0.000000000,0.000000000,1.000000000,1,-0.863278451,-0.385091838,0.819955648,0.000000000,0.000000000,0.001539061,0.999998816,12
1782463493.999997616,36.164694786,10389,vicon_state_data,ball,1,0,-0.152787252,0.169235442,1.212479315,0.000000000,0.000000000,0.000000000,1.000000000,1,-0.863336076,-0.385150105,0.820283341,0.000000000,0.000000000,0.001650614,0.999998638,12
1782463494.003688097,36.168385267,10390,vicon_state_data,ball,1,0,-0.152449109,0.169669035,1.213723298,0.000000000,0.000000000,0.000000000,1.000000000,1,-0.863320508,-0.385116928,0.820298018,0.000000000,0.000000000,0.001592851,0.999998731,12
1782463494.006863117,36.171560287,10391,vicon_state_data,ball,1,0,-0.152095070,0.170017322,1.215072825,0.000000000,0.000000000,0.000000000,1.000000000,1,-0.863235498,-0.384976295,0.819949856,0.000000000,0.000000000,0.001388479,0.999999036,12
1782463494.010275841,36.174973011,10392,vicon_state_data,ball,1,0,-0.151797617,0.170416712,1.216483954,0.000000000,0.000000000,0.000000000,1.000000000,1,-0.863216352,-0.384943370,0.819937581,0.000000000,0.000000000,0.001336582,0.999999107,12
1782463494.013541222,36.178238392,10393,vicon_state_data,ball,1,0,-0.152590739,0.172092580,1.217738087,0.000000000,0.000000000,0.000000000,1.000000000,1,-0.863379943,-0.384824083,0.820301974,0.000000000,0.000000000,0.002680377,0.999996408,12
1782463494.016723394,36.181420565,10394,vicon_state_data,ball,1,0,-0.152521672,0.172653164,1.218932481,0.000000000,0.000000000,0.000000000,1.000000000,1,-0.863292760,-0.384882961,0.820319211,0.000000000,0.000000000,0.002106350,0.999997782,12
1782463494.020311594,36.185008764,10395,vicon_state_data,ball,1,0,-0.152525813,0.173313182,1.220067356,0.000000000,0.000000000,0.000000000,1.000000000,1,-0.863277317,-0.384463609,0.820189349,0.000000000,0.000000000,0.001569392,0.999998769,12
1782463494.023390532,36.188087702,10396,vicon_state_data,ball,1,0,-0.152504415,0.173940005,1.221279272,0.000000000,0.000000000,0.000000000,1.000000000,1,-0.862947858,-0.385102006,0.820117252,0.000000000,0.000000000,-0.001334909,0.999999109,12
1782463494.026749611,36.191446781,10397,vicon_state_data,ball,1,0,-0.152477559,0.174444524,1.222555994,0.000000000,0.000000000,0.000000000,1.000000000,1,-0.863030731,-0.384811278,0.819944489,0.000000000,0.000000000,0.000040035,0.999999999,12
1782463494.030069351,36.194766521,10398,vicon_state_data,ball,1,0,-0.152471949,0.174975687,1.223899278,0.000000000,0.000000000,0.000000000,1.000000000,1,-0.862958007,-0.384957823,0.820140787,0.000000000,0.000000000,-0.001032706,0.999999467,12
1782463494.033668280,36.198365450,10399,vicon_state_data,ball,1,0,-0.151252834,0.173653829,1.226236545,0.000000000,0.000000000,0.000000000,1.000000000,1,-0.863302291,-0.384160834,0.820177951,0.000000000,0.000000000,0.002264185,0.999997437,12
1782463494.036717892,36.201415062,10400,vicon_state_data,ball,1,0,-0.151270005,0.174135035,1.227774946,0.000000000,0.000000000,0.000000000,1.000000000,1,-0.862915515,-0.384818803,0.820125421,0.000000000,0.000000000,-0.000967316,0.999999532,12
1782463494.040519238,36.205216408,10401,vicon_state_data,ball,1,0,-0.151393022,0.174484530,1.229254092,0.000000000,0.000000000,0.000000000,1.000000000,1,-0.863292114,-0.384065664,0.820219715,0.000000000,0.000000000,0.002063022,0.999997872,12
1782463494.043355703,36.208052874,10402,vicon_state_data,ball,1,0,-0.151569750,0.174835681,1.230670875,0.000000000,0.000000000,0.000000000,1.000000000,1,-0.863284504,-0.384064794,0.820222182,0.000000000,0.000000000,0.002277798,0.999997406,12
1782463494.046735048,36.211432219,10403,vicon_state_data,ball,1,0,-0.151678640,0.175161732,1.232130866,0.000000000,0.000000000,0.000000000,1.000000000,1,-0.863221264,-0.384179047,0.820282740,0.000000000,0.000000000,0.001405424,0.999999012,12
1782463494.050237417,36.214934587,10404,vicon_state_data,ball,1,0,-0.151801393,0.175470159,1.233700774,0.000000000,0.000000000,0.000000000,1.000000000,1,-0.863215844,-0.384115484,0.820256567,0.000000000,0.000000000,0.001399558,0.999999021,12
1782463494.053832769,36.218529940,10405,vicon_state_data,ball,1,0,-0.152032536,0.175781194,1.235202739,0.000000000,0.000000000,0.000000000,1.000000000,1,-0.863174327,-0.384369929,0.820453979,0.000000000,0.000000000,0.000000000,1.000000000,12
1782463494.056703806,36.221400976,10406,vicon_state_data,ball,1,0,-0.152270160,0.176026439,1.236667433,0.000000000,0.000000000,0.000000000,1.000000000,1,-0.863174327,-0.384369929,0.820453979,0.000000000,0.000000000,0.000000000,1.000000000,12
1782463494.059884310,36.224581480,10407,vicon_state_data,ball,1,0,-0.152555683,0.176218626,1.238234288,0.000000000,0.000000000,0.000000000,1.000000000,1,-0.863174327,-0.384369929,0.820453979,0.000000000,0.000000000,0.000000000,1.000000000,12
1782463494.063246965,36.227944136,10408,vicon_state_data,ball,1,0,-0.152884417,0.176424560,1.239781828,0.000000000,0.000000000,0.000000000,1.000000000,1,-0.863174327,-0.384369929,0.820453979,0.000000000,0.000000000,0.000000000,1.000000000,12
1782463494.066595554,36.231292725,10409,vicon_state_data,ball,1,0,-0.153109830,0.176658428,1.241343226,0.000000000,0.000000000,0.000000000,1.000000000,1,-0.863174327,-0.384369929,0.820453979,0.000000000,0.000000000,0.000000000,1.000000000,12
1782463494.070103407,36.234800577,10410,vicon_state_data,ball,1,0,-0.153334026,0.176861561,1.242895971,0.000000000,0.000000000,0.000000000,1.000000000,1,-0.863042032,-0.383885466,0.820112679,0.000000000,0.000000000,0.000852720,0.999999636,12
1782463494.073419333,36.238116503,10411,vicon_state_data,ball,1,0,-0.153726690,0.176869938,1.244485270,0.000000000,0.000000000,0.000000000,1.000000000,1,-0.863175679,-0.383644156,0.820161544,0.000000000,0.000000000,0.002086371,0.999997824,12
1782463494.076687098,36.241384268,10412,vicon_state_data,ball,1,0,-0.154435576,0.176724987,1.246078011,0.000000000,0.000000000,0.000000000,1.000000000,1,-0.863123007,-0.383569318,0.820138451,0.000000000,0.000000000,0.001664622,0.999998615,12
1782463494.080064297,36.244761467,10413,vicon_state_data,ball,1,0,-0.154746865,0.177487081,1.247363003,0.000000000,0.000000000,0.000000000,1.000000000,1,-0.863072498,-0.383668180,0.820149876,0.000000000,0.000000000,0.000959701,0.999999539,12
1782463494.083682775,36.248379946,10414,vicon_state_data,ball,1,0,-0.155262441,0.177112509,1.249086713,0.000000000,0.000000000,0.000000000,1.000000000,1,-0.863095876,-0.383475237,0.820083428,0.000000000,0.000000000,0.001822134,0.999998340,12
1782463494.086807966,36.251505136,10415,vicon_state_data,ball,1,0,-0.155692961,0.178043900,1.250479538,0.000000000,0.000000000,0.000000000,1.000000000,1,-0.863034179,-0.383558430,0.820109302,0.000000000,0.000000000,0.000867102,0.999999624,12
1782463494.090059757,36.254756927,10416,vicon_state_data,ball,1,0,-0.156162597,0.178009853,1.252094320,0.000000000,0.000000000,0.000000000,1.000000000,1,-0.862953304,-0.383516415,0.820012152,0.000000000,0.000000000,0.000562292,0.999999842,12
1782463494.093374491,36.258071661,10417,vicon_state_data,ball,1,0,-0.157348488,0.179525239,1.252976946,0.000000000,0.000000000,0.000000000,1.000000000,1,-0.863020205,-0.383543020,0.820106520,0.000000000,0.000000000,0.000284194,0.999999960,12
1782463494.096693039,36.261390209,10418,vicon_state_data,ball,1,0,-0.157005615,0.178851818,1.253237902,0.000000000,0.000000000,0.000000000,1.000000000,1,-0.862985485,-0.383469890,0.820070641,0.000000000,0.000000000,0.000232974,0.999999973,12
1782463494.100020409,36.264717579,10419,vicon_state_data,ball,1,0,-0.157912850,0.178064285,1.256150247,0.000000000,0.000000000,0.000000000,1.000000000,1,-0.862949652,-0.383671247,0.820221799,0.000000000,0.000000000,0.000058504,0.999999998,12
1782463494.103680611,36.268377781,10420,vicon_state_data,ball,1,0,-0.162537175,0.182796375,1.260566914,0.000000000,0.000000000,0.000000000,1.000000000,1,-0.863029552,-0.383461963,0.820208276,0.000000000,0.000000000,0.001510197,0.999998860,12
1782463494.106862307,36.271559477,10421,vicon_state_data,ball,1,0,-0.164837267,0.185362419,1.262374569,0.000000000,0.000000000,0.000000000,1.000000000,1,-0.862643754,-0.383801780,0.820080381,0.000000000,0.000000000,-0.001242732,0.999999228,12
1782463494.110004902,36.274702072,10422,vicon_state_data,ball,1,0,-0.165229016,0.185082361,1.263850482,0.000000000,0.000000000,0.000000000,1.000000000,1,-0.862677119,-0.383706291,0.820101142,0.000000000,0.000000000,-0.000942667,0.999999556,12
1782463494.113290787,36.277987957,10423,vicon_state_data,ball,1,0,-0.165562097,0.184638630,1.265220275,0.000000000,0.000000000,0.000000000,1.000000000,1,-0.862670748,-0.383539858,0.820089619,0.000000000,0.000000000,-0.000941589,0.999999557,12
1782463494.116789579,36.281486750,10424,vicon_state_data,ball,1,0,-0.165816719,0.184350029,1.266523817,0.000000000,0.000000000,0.000000000,1.000000000,1,-0.862690248,-0.383611055,0.820119119,0.000000000,0.000000000,-0.000753615,0.999999716,12
1782463494.120512962,36.285210133,10425,vicon_state_data,ball,1,0,-0.160619429,0.178593469,1.264485886,0.000000000,0.000000000,0.000000000,1.000000000,1,-0.862707116,-0.383228117,0.819890752,0.000000000,0.000000000,0.000454090,0.999999897,12
1782463494.123427629,36.288124800,10426,vicon_state_data,ball,1,0,-0.166835082,0.183956420,1.269522410,0.000000000,0.000000000,0.000000000,1.000000000,1,-0.862709692,-0.383230416,0.819916981,0.000000000,0.000000000,0.000331887,0.999999945,12
1782463494.126739740,36.291436911,10427,vicon_state_data,ball,1,0,-0.167124624,0.183623525,1.270740615,0.000000000,0.000000000,0.000000000,1.000000000,1,-0.862606016,-0.383397771,0.820037412,0.000000000,0.000000000,-0.001049636,0.999999449,12
1782463494.130233526,36.294930696,10428,vicon_state_data,ball,1,0,-0.167827252,0.183600570,1.272264724,0.000000000,0.000000000,0.000000000,1.000000000,1,-0.862692340,-0.383166840,0.819930762,0.000000000,0.000000000,0.000390552,0.999999924,12
1782463494.133418322,36.298115492,10429,vicon_state_data,ball,1,0,-0.168310939,0.183481740,1.273485464,0.000000000,0.000000000,0.000000000,1.000000000,1,-0.862874043,-0.383043728,0.820100462,0.000000000,0.000000000,0.001311334,0.999999140,12
1782463494.136779785,36.301476955,10430,vicon_state_data,ball,1,0,-0.168799360,0.183273003,1.274778935,0.000000000,0.000000000,0.000000000,1.000000000,1,-0.862549902,-0.383385929,0.820049282,0.000000000,0.000000000,-0.001504542,0.999998868,12
1782463494.140080929,36.304778099,10431,vicon_state_data,ball,1,0,-0.169274300,0.183098997,1.276118656,0.000000000,0.000000000,0.000000000,1.000000000,1,-0.862575628,-0.383307796,0.820060938,0.000000000,0.000000000,-0.001279071,0.999999182,12
1782463494.143306971,36.308004141,10432,vicon_state_data,ball,1,0,-0.169787886,0.182973420,1.277381674,0.000000000,0.000000000,0.000000000,1.000000000,1,-0.862553971,-0.383351654,0.820032413,0.000000000,0.000000000,-0.001473099,0.999998915,12
1782463494.146725893,36.311423063,10433,vicon_state_data,ball,1,0,-0.169923494,0.182612974,1.278485424,0.000000000,0.000000000,0.000000000,1.000000000,1,-0.862521791,-0.383177924,0.820017156,0.000000000,0.000000000,-0.001430474,0.999998977,12
1782463494.150731325,36.315428495,10434,vicon_state_data,ball,1,0,-0.170428160,0.182482411,1.279783473,0.000000000,0.000000000,0.000000000,1.000000000,1,-0.862628235,-0.382900152,0.819930407,0.000000000,0.000000000,0.000257485,0.999999967,12
1782463494.153865576,36.318562746,10435,vicon_state_data,ball,1,0,-0.171283628,0.182769472,1.281294976,0.000000000,0.000000000,0.000000000,1.000000000,1,-0.862473499,-0.383048512,0.819989437,0.000000000,0.000000000,-0.001229101,0.999999245,12
1782463494.156815052,36.321512222,10436,vicon_state_data,ball,1,0,-0.171543425,0.182413243,1.282455090,0.000000000,0.000000000,0.000000000,1.000000000,1,-0.862498858,-0.383048719,0.820028374,0.000000000,0.000000000,-0.001527330,0.999998834,12
1782463494.160048246,36.324745417,10437,vicon_state_data,ball,1,0,-0.171743992,0.181912368,1.283464051,0.000000000,0.000000000,0.000000000,1.000000000,1,-0.862417234,-0.382930047,0.819960791,0.000000000,0.000000000,-0.001480426,0.999998904,12
1782463494.163634539,36.328331709,10438,vicon_state_data,ball,1,0,-0.172531922,0.181959105,1.284873791,0.000000000,0.000000000,0.000000000,1.000000000,1,-0.862441561,-0.383012433,0.819956659,0.000000000,0.000000000,-0.001908234,0.999998179,12
1782463494.166826010,36.331523180,10439,vicon_state_data,ball,1,0,-0.173106948,0.181755447,1.286114902,0.000000000,0.000000000,0.000000000,1.000000000,1,-0.862563080,-0.382681419,0.819872288,0.000000000,0.000000000,-0.000159005,0.999999987,12
1782463494.170136213,36.334833384,10440,vicon_state_data,ball,1,0,-0.173473429,0.181326761,1.287041407,0.000000000,0.000000000,0.000000000,1.000000000,1,-0.862412612,-0.382957584,0.819983519,0.000000000,0.000000000,-0.002005888,0.999997988,12
1782463494.173568487,36.338265657,10441,vicon_state_data,ball,1,0,-0.174210672,0.181307902,1.288382390,0.000000000,0.000000000,0.000000000,1.000000000,1,-0.862397363,-0.382920615,0.819979613,0.000000000,0.000000000,-0.002029780,0.999997940,12
1782463494.176620483,36.341317654,10442,vicon_state_data,ball,1,0,-0.165052387,0.178526694,1.293179483,0.000000000,0.000000000,0.000000000,1.000000000,1,-0.862381906,-0.382886830,0.819986884,0.000000000,0.000000000,-0.002134250,0.999997722,12
1782463494.180141449,36.344838619,10443,vicon_state_data,ball,1,0,-0.175514961,0.180732393,1.290786467,0.000000000,0.000000000,0.000000000,1.000000000,1,-0.862454638,-0.382596702,0.819852171,0.000000000,0.000000000,-0.000554172,0.999999846,12
1782463494.183370829,36.348067999,10444,vicon_state_data,ball,1,0,-0.174710895,0.181021465,1.290552715,0.000000000,0.000000000,0.000000000,1.000000000,1,-0.862471878,-0.382571507,0.819894540,0.000000000,0.000000000,-0.000449992,0.999999899,12
1782463494.186655283,36.351352453,10445,vicon_state_data,ball,1,0,-0.168392438,0.177628104,1.296841276,0.000000000,0.000000000,0.000000000,1.000000000,1,-0.861876196,-0.383043197,0.819486035,0.000000000,0.000000000,-0.005460575,0.999985091,12
1782463494.190037012,36.354734182,10446,vicon_state_data,ball,1,0,-0.175466407,0.179451438,1.294094091,0.000000000,0.000000000,0.000000000,1.000000000,1,-0.862265297,-0.382704578,0.819938336,0.000000000,0.000000000,-0.002348750,0.999997242,12
1782463494.193287134,36.357984304,10447,vicon_state_data,ball,1,0,-0.178476020,0.180200337,1.295877481,0.000000000,0.000000000,0.000000000,1.000000000,1,-0.861845502,-0.382975813,0.819497306,0.000000000,0.000000000,-0.005549249,0.999984603,12
1782463494.196869373,36.361566544,10448,vicon_state_data,ball,1,0,-0.177766708,0.179653872,1.296415250,0.000000000,0.000000000,0.000000000,1.000000000,1,-0.862186928,-0.382613233,0.819682529,0.000000000,0.000000000,-0.002271440,0.999997420,12
1782463494.200438499,36.365135670,10449,vicon_state_data,ball,1,0,-0.169823875,0.176096431,1.301072296,0.000000000,0.000000000,0.000000000,1.000000000,1,-0.862331503,-0.382380470,0.819792020,0.000000000,0.000000000,-0.000876794,0.999999616,12
1782463494.203554153,36.368251324,10450,vicon_state_data,ball,1,0,-0.179121006,0.178997919,1.298884299,0.000000000,0.000000000,0.000000000,1.000000000,1,-0.862390970,-0.382407929,0.819855909,0.000000000,0.000000000,-0.000987200,0.999999513,12
1782463494.206747532,36.371444702,10451,vicon_state_data,ball,1,0,-0.179174208,0.178528701,1.299839686,0.000000000,0.000000000,0.000000000,1.000000000,1,-0.862205747,-0.382553342,0.819761813,0.000000000,0.000000000,-0.002168492,0.999997649,12
1782463494.209945440,36.374642611,10452,vicon_state_data,ball,1,0,-0.172777841,0.174904574,1.304689320,0.000000000,0.000000000,0.000000000,1.000000000,1,-0.862214216,-0.382442863,0.819751623,0.000000000,0.000000000,-0.002038402,0.999997922,12
1782463494.213765860,36.378463030,10453,vicon_state_data,ball,1,0,-0.179995193,0.177671011,1.302160848,0.000000000,0.000000000,0.000000000,1.000000000,1,-0.862190534,-0.382458807,0.819772416,0.000000000,0.000000000,-0.002122630,0.999997747,12
1782463494.217302799,36.381999969,10454,vicon_state_data,ball,1,0,-0.180351415,0.177293768,1.303212394,0.000000000,0.000000000,0.000000000,1.000000000,1,-0.862052135,-0.382388693,0.819572403,0.000000000,0.000000000,-0.002616413,0.999996577,12
1782463494.220307827,36.385004997,10455,vicon_state_data,ball,1,0,-0.180938373,0.177019851,1.304317796,0.000000000,0.000000000,0.000000000,1.000000000,1,-0.862164508,-0.382402672,0.819719497,0.000000000,0.000000000,-0.002403140,0.999997112,12
1782463494.223462343,36.388159513,10456,vicon_state_data,ball,1,0,-0.173373435,0.172961357,1.308430798,0.000000000,0.000000000,0.000000000,1.000000000,1,-0.861893623,-0.382664868,0.819545319,0.000000000,0.000000000,-0.005440796,0.999985199,12
1782463494.226874352,36.391571522,10457,vicon_state_data,ball,1,0,-0.182077175,0.176645284,1.306513952,0.000000000,0.000000000,0.000000000,1.000000000,1,-0.862185190,-0.382303796,0.819713263,0.000000000,0.000000000,-0.002184905,0.999997613,12
1782463494.230025768,36.394722939,10458,vicon_state_data,ball,1,0,-0.182597630,0.176530402,1.307425375,0.000000000,0.000000000,0.000000000,1.000000000,1,-0.862228459,-0.382274054,0.819816291,0.000000000,0.000000000,-0.002054561,0.999997889,12
1782463494.233476639,36.398173809,10459,vicon_state_data,ball,1,0,-0.176796468,0.172654215,1.311749491,0.000000000,0.000000000,0.000000000,1.000000000,1,-0.862092846,-0.382275802,0.819610312,0.000000000,0.000000000,-0.002866201,0.999995892,12
1782463494.236785650,36.401482821,10460,vicon_state_data,ball,1,0,-0.183485133,0.175903747,1.309469607,0.000000000,0.000000000,0.000000000,1.000000000,1,-0.862204652,-0.382175668,0.819770498,0.000000000,0.000000000,-0.002118261,0.999997756,12
1782463494.240124702,36.404821873,10461,vicon_state_data,ball,1,0,-0.178721789,0.172573824,1.313451612,0.000000000,0.000000000,0.000000000,1.000000000,1,-0.862227141,-0.382092861,0.819796494,0.000000000,0.000000000,-0.001871493,0.999998249,12
1782463494.243626595,36.408323765,10462,vicon_state_data,ball,1,0,-0.184908368,0.175726111,1.311722548,0.000000000,0.000000000,0.000000000,1.000000000,1,-0.862222598,-0.382075334,0.819776174,0.000000000,0.000000000,-0.001936449,0.999998125,12
1782463494.246667624,36.411364794,10463,vicon_state_data,ball,1,0,-0.185463617,0.175572091,1.312754079,0.000000000,0.000000000,0.000000000,1.000000000,1,-0.862218387,-0.382043906,0.819814485,0.000000000,0.000000000,-0.002056771,0.999997885,12
1782463494.249997139,36.414694309,10464,vicon_state_data,ball,1,0,-0.185957384,0.175464934,1.313768677,0.000000000,0.000000000,0.000000000,1.000000000,1,-0.862218492,-0.382013617,0.819813831,0.000000000,0.000000000,-0.002080061,0.999997837,12
1782463494.253331900,36.418029070,10465,vicon_state_data,ball,1,0,-0.186544766,0.175366664,1.314890678,0.000000000,0.000000000,0.000000000,1.000000000,1,-0.862202495,-0.381974178,0.819840878,0.000000000,0.000000000,-0.002107661,0.999997779,12
1782463494.256811857,36.421509027,10466,vicon_state_data,ball,1,0,-0.187140964,0.175268255,1.316002900,0.000000000,0.000000000,0.000000000,1.000000000,1,-0.862204876,-0.381956121,0.819861909,0.000000000,0.000000000,-0.002164772,0.999997657,12
1782463494.260068178,36.424765348,10467,vicon_state_data,ball,1,0,-0.187434251,0.175014239,1.317051633,0.000000000,0.000000000,0.000000000,1.000000000,1,-0.862195420,-0.381922909,0.819817575,0.000000000,0.000000000,-0.002233343,0.999997506,12
1782463494.263349533,36.428046703,10468,vicon_state_data,ball,1,0,-0.187776007,0.174519045,1.318525508,0.000000000,0.000000000,0.000000000,1.000000000,1,-0.862174633,-0.381899349,0.819796001,0.000000000,0.000000000,-0.002357256,0.999997222,12
1782463494.266597748,36.431294918,10469,vicon_state_data,ball,1,0,-0.188681391,0.174659816,1.319241365,0.000000000,0.000000000,0.000000000,1.000000000,1,-0.862198092,-0.381833420,0.819857769,0.000000000,0.000000000,-0.002121038,0.999997751,12
1782463494.270071268,36.434768438,10470,vicon_state_data,ball,1,0,-0.189390198,0.174475529,1.320332148,0.000000000,0.000000000,0.000000000,1.000000000,1,-0.862551108,-0.381612371,0.820188004,0.000000000,0.000000000,-0.000135167,0.999999991,12
1782463494.273438454,36.438135624,10471,vicon_state_data,ball,1,0,-0.190454864,0.174319233,1.321508853,0.000000000,0.000000000,0.000000000,1.000000000,1,-0.862399829,-0.381670277,0.820028694,0.000000000,0.000000000,-0.000928091,0.999999569,12
1782463494.276707411,36.441404581,10472,vicon_state_data,ball,1,0,-0.191277295,0.174068819,1.322696585,0.000000000,0.000000000,0.000000000,1.000000000,1,-0.862198791,-0.381782235,0.819871328,0.000000000,0.000000000,-0.002191346,0.999997599,12
1782463494.280228376,36.444925547,10473,vicon_state_data,ball,1,0,-0.194306744,0.174171406,1.324565248,0.000000000,0.000000000,0.000000000,1.000000000,1,-0.862205142,-0.381719707,0.819864831,0.000000000,0.000000000,-0.002066091,0.999997866,12
1782463494.283434868,36.448132038,10474,vicon_state_data,ball,1,0,-0.194731143,0.173801578,1.325589308,0.000000000,0.000000000,0.000000000,1.000000000,1,-0.862607954,-0.381441177,0.820262521,0.000000000,0.000000000,0.000157891,0.999999988,12
1782463494.286760807,36.451457977,10475,vicon_state_data,ball,1,0,-0.195172837,0.173403586,1.326677400,0.000000000,0.000000000,0.000000000,1.000000000,1,-0.862512065,-0.381452596,0.820165086,0.000000000,0.000000000,-0.000304999,0.999999953,12
1782463494.290285349,36.454982519,10476,vicon_state_data,ball,1,0,-0.195775641,0.173237797,1.327767579,0.000000000,0.000000000,0.000000000,1.000000000,1,-0.862376723,-0.381499639,0.820030321,0.000000000,0.000000000,-0.000923838,0.999999573,12
1782463494.293401241,36.458098412,10477,vicon_state_data,ball,1,0,-0.196245763,0.172910046,1.328779007,0.000000000,0.000000000,0.000000000,1.000000000,1,-0.862402669,-0.381437114,0.820048964,0.000000000,0.000000000,-0.000788930,0.999999689,12
1782463494.296606779,36.461303949,10478,vicon_state_data,ball,1,0,-0.196676323,0.172604671,1.329815856,0.000000000,0.000000000,0.000000000,1.000000000,1,-0.862368937,-0.381409792,0.819993518,0.000000000,0.000000000,-0.000955258,0.999999544,12
1782463494.299939394,36.464636564,10479,vicon_state_data,ball,1,0,-0.197456305,0.172269336,1.331202951,0.000000000,0.000000000,0.000000000,1.000000000,1,-0.862381473,-0.381359402,0.820003157,0.000000000,0.000000000,-0.000780385,0.999999695,12
1782463494.303343773,36.468040943,10480,vicon_state_data,ball,1,0,-0.197657126,0.171983382,1.331771380,0.000000000,0.000000000,0.000000000,1.000000000,1,-0.862381875,-0.381326122,0.819995172,0.000000000,0.000000000,-0.000799081,0.999999681,12
1782463494.306886673,36.471583843,10481,vicon_state_data,ball,1,0,-0.197982330,0.171655541,1.332722264,0.000000000,0.000000000,0.000000000,1.000000000,1,-0.862393330,-0.381298457,0.820009734,0.000000000,0.000000000,-0.000754135,0.999999716,12
1782463494.310029268,36.474726439,10482,vicon_state_data,ball,1,0,-0.198390390,0.171295714,1.333678134,0.000000000,0.000000000,0.000000000,1.000000000,1,-0.862379363,-0.381260415,0.820012191,0.000000000,0.000000000,-0.000865354,0.999999626,12
1782463494.313253403,36.477950573,10483,vicon_state_data,ball,1,0,-0.198841266,0.170944277,1.334518503,0.000000000,0.000000000,0.000000000,1.000000000,1,-0.862372754,-0.381230696,0.820003395,0.000000000,0.000000000,-0.000955974,0.999999543,12
1782463494.316594601,36.481291771,10484,vicon_state_data,ball,1,0,-0.199174142,0.170562613,1.335347212,0.000000000,0.000000000,0.000000000,1.000000000,1,-0.862411782,-0.381191650,0.820060849,0.000000000,0.000000000,-0.000661655,0.999999781,12
1782463494.320274353,36.484971523,10485,vicon_state_data,ball,1,0,-0.199654766,0.170283561,1.336265557,0.000000000,0.000000000,0.000000000,1.000000000,1,-0.862369664,-0.381162446,0.820016264,0.000000000,0.000000000,-0.001002479,0.999999498,12
1782463494.323540688,36.488237858,10486,vicon_state_data,ball,1,0,-0.200057118,0.169926638,1.337154427,0.000000000,0.000000000,0.000000000,1.000000000,1,-0.862525910,-0.381053569,0.820200169,0.000000000,0.000000000,-0.000208903,0.999999978,12
1782463494.326671600,36.491368771,10487,vicon_state_data,ball,1,0,-0.200563502,0.169671751,1.338095271,0.000000000,0.000000000,0.000000000,1.000000000,1,-0.862514024,-0.381025967,0.820178036,0.000000000,0.000000000,-0.000315951,0.999999950,12
1782463494.330036163,36.494733334,10488,vicon_state_data,ball,1,0,-0.200968021,0.169343160,1.338888714,0.000000000,0.000000000,0.000000000,1.000000000,1,-0.862373148,-0.381062261,0.820024821,0.000000000,0.000000000,-0.001028490,0.999999471,12
1782463494.333617926,36.498315096,10489,vicon_state_data,ball,1,0,-0.201361612,0.169001080,1.339702629,0.000000000,0.000000000,0.000000000,1.000000000,1,-0.862521732,-0.380952434,0.820208311,0.000000000,0.000000000,-0.000311882,0.999999951,12
1782463494.336911201,36.501608372,10490,vicon_state_data,ball,1,0,-0.201787075,0.168708431,1.340499357,0.000000000,0.000000000,0.000000000,1.000000000,1,-0.862369403,-0.380998908,0.820045385,0.000000000,0.000000000,-0.001001892,0.999999498,12
1782463494.340667725,36.505364895,10491,vicon_state_data,ball,1,0,-0.202191028,0.168440344,1.341217518,0.000000000,0.000000000,0.000000000,1.000000000,1,-0.862367494,-0.380923217,0.820033637,0.000000000,0.000000000,-0.000918471,0.999999578,12
1782463494.343490839,36.508188009,10492,vicon_state_data,ball,1,0,-0.202680350,0.168176750,1.342016814,0.000000000,0.000000000,0.000000000,1.000000000,1,-0.862512585,-0.380838519,0.820190671,0.000000000,0.000000000,-0.000258300,0.999999967,12
1782463494.346664906,36.511362076,10493,vicon_state_data,ball,1,0,-0.203072237,0.167911811,1.342824620,0.000000000,0.000000000,0.000000000,1.000000000,1,-0.862361002,-0.380887861,0.820037029,0.000000000,0.000000000,-0.001004741,0.999999495,12
1782463494.349995613,36.514692783,10494,vicon_state_data,ball,1,0,-0.203422877,0.167592419,1.343551558,0.000000000,0.000000000,0.000000000,1.000000000,1,-0.862327871,-0.380832942,0.820013814,0.000000000,0.000000000,-0.001084651,0.999999412,12
1782463494.353513002,36.518210173,10495,vicon_state_data,ball,1,0,-0.203719595,0.167298912,1.344282875,0.000000000,0.000000000,0.000000000,1.000000000,1,-0.862369396,-0.380806987,0.820043542,0.000000000,0.000000000,-0.000915356,0.999999581,12
1782463494.357033730,36.521730900,10496,vicon_state_data,ball,1,0,-0.203952956,0.167009551,1.344947263,0.000000000,0.000000000,0.000000000,1.000000000,1,-0.862244977,-0.380789808,0.819895671,0.000000000,0.000000000,-0.001706548,0.999998544,12
1782463494.360206604,36.524903774,10497,vicon_state_data,ball,1,0,-0.204365704,0.166749298,1.345674563,0.000000000,0.000000000,0.000000000,1.000000000,1,-0.862275603,-0.380722287,0.819890556,0.000000000,0.000000000,-0.001428285,0.999998980,12
1782463494.363575697,36.528272867,10498,vicon_state_data,ball,1,0,-0.204717396,0.166431205,1.346420838,0.000000000,0.000000000,0.000000000,1.000000000,1,-0.862279062,-0.380651313,0.819897169,0.000000000,0.000000000,-0.001445298,0.999998956,12
1782463494.366998434,36.531695604,10499,vicon_state_data,ball,1,0,-0.205040823,0.166142658,1.347025894,0.000000000,0.000000000,0.000000000,1.000000000,1,-0.862276168,-0.380619753,0.819931327,0.000000000,0.000000000,-0.001370603,0.999999061,12
1782463494.370256424,36.534953594,10500,vicon_state_data,ball,1,0,-0.205337525,0.165888923,1.347667668,0.000000000,0.000000000,0.000000000,1.000000000,1,-0.862289731,-0.380554036,0.819919823,0.000000000,0.000000000,-0.001372708,0.999999058,12
1782463494.373581409,36.538278580,10501,vicon_state_data,ball,1,0,-0.205763151,0.165668568,1.348298820,0.000000000,0.000000000,0.000000000,1.000000000,1,-0.862270487,-0.380551667,0.819850019,0.000000000,0.000000000,-0.001664914,0.999998614,12
1782463494.376683235,36.541380405,10502,vicon_state_data,ball,1,0,-0.206086180,0.165384519,1.348882710,0.000000000,0.000000000,0.000000000,1.000000000,1,-0.862276218,-0.380550305,0.819873656,0.000000000,0.000000000,-0.001548792,0.999998801,12
1782463494.380015612,36.544712782,10503,vicon_state_data,ball,1,0,-0.206530560,0.165102123,1.349529046,0.000000000,0.000000000,0.000000000,1.000000000,1,-0.862254950,-0.380531481,0.819817668,0.000000000,0.000000000,-0.001759745,0.999998452,12
1782463494.383404016,36.548101187,10504,vicon_state_data,ball,1,0,-0.206932919,0.164813851,1.350050157,0.000000000,0.000000000,0.000000000,1.000000000,1,-0.862147469,-0.380789581,0.820007003,0.000000000,0.000000000,-0.003626013,0.999993426,12
1782463494.386917830,36.551615000,10505,vicon_state_data,ball,1,0,-0.207279468,0.164424551,1.350585862,0.000000000,0.000000000,0.000000000,1.000000000,1,-0.862233165,-0.380438116,0.819850611,0.000000000,0.000000000,-0.001883264,0.999998227,12
1782463494.390080214,36.554777384,10506,vicon_state_data,ball,1,0,-0.207761927,0.164098939,1.351243412,0.000000000,0.000000000,0.000000000,1.000000000,1,-0.862227667,-0.380392621,0.819843316,0.000000000,0.000000000,-0.001919285,0.999998158,12
1782463494.393406391,36.558103561,10507,vicon_state_data,ball,1,0,-0.208184673,0.163777444,1.351780271,0.000000000,0.000000000,0.000000000,1.000000000,1,-0.862133937,-0.380655012,0.820027478,0.000000000,0.000000000,-0.003699053,0.999993158,12
1782463494.396664143,36.561361313,10508,vicon_state_data,ball,1,0,-0.208535173,0.163442036,1.352337287,0.000000000,0.000000000,0.000000000,1.000000000,1,-0.862145363,-0.380612295,0.820073027,0.000000000,0.000000000,-0.003608251,0.999993490,12
1782463494.400128603,36.564825773,10509,vicon_state_data,ball,1,0,-0.208899572,0.163055630,1.352790207,0.000000000,0.000000000,0.000000000,1.000000000,1,-0.862120532,-0.380604732,0.820023325,0.000000000,0.000000000,-0.003880753,0.999992470,12
1782463494.403581142,36.568278313,10510,vicon_state_data,ball,1,0,-0.209201644,0.162596229,1.353252147,0.000000000,0.000000000,0.000000000,1.000000000,1,-0.862237934,-0.380303973,0.819901777,0.000000000,0.000000000,-0.002121571,0.999997749,12
1782463494.406745434,36.571442604,10511,vicon_state_data,ball,1,0,-0.209672557,0.162378577,1.353736273,0.000000000,0.000000000,0.000000000,1.000000000,1,-0.862117736,-0.380574357,0.820020174,0.000000000,0.000000000,-0.004062659,0.999991747,12
1782463494.410038233,36.574735403,10512,vicon_state_data,ball,1,0,-0.210065436,0.162012099,1.354213966,0.000000000,0.000000000,0.000000000,1.000000000,1,-0.862100077,-0.380587967,0.819986265,0.000000000,0.000000000,-0.004334485,0.999990606,12
1782463494.413603067,36.578300238,10513,vicon_state_data,ball,1,0,-0.210443071,0.161632930,1.354633747,0.000000000,0.000000000,0.000000000,1.000000000,1,-0.862101304,-0.380549161,0.819957295,0.000000000,0.000000000,-0.004327674,0.999990636,12
1782463494.417635441,36.582332611,10514,vicon_state_data,ball,1,0,-0.210866996,0.161334580,1.355061379,0.000000000,0.000000000,0.000000000,1.000000000,1,-0.862058504,-0.380550425,0.819931604,0.000000000,0.000000000,-0.004557463,0.999989615,12
1782463494.420275927,36.584973097,10515,vicon_state_data,ball,1,0,-0.211274776,0.160991592,1.355430017,0.000000000,0.000000000,0.000000000,1.000000000,1,-0.862189848,-0.380169158,0.819783737,0.000000000,0.000000000,-0.002503319,0.999996867,12
1782463494.423532963,36.588230133,10516,vicon_state_data,ball,1,0,-0.211589069,0.160454670,1.355733162,0.000000000,0.000000000,0.000000000,1.000000000,1,-0.862088298,-0.380397910,0.819959520,0.000000000,0.000000000,-0.004253913,0.999990952,12
1782463494.426742554,36.591439724,10517,vicon_state_data,ball,1,0,-0.211885743,0.160048746,1.355986841,0.000000000,0.000000000,0.000000000,1.000000000,1,-0.862187861,-0.380130596,0.819775734,0.000000000,0.000000000,-0.002589941,0.999996646,12
1782463494.430418491,36.595115662,10518,vicon_state_data,ball,1,0,-0.212078293,0.159589946,1.356192171,0.000000000,0.000000000,0.000000000,1.000000000,1,-0.862203611,-0.380091100,0.819815339,0.000000000,0.000000000,-0.002620660,0.999996566,12
1782463494.433573961,36.598271132,10519,vicon_state_data,ball,1,0,-0.212403904,0.159187711,1.356434040,0.000000000,0.000000000,0.000000000,1.000000000,1,-0.862059727,-0.380371136,0.819944983,0.000000000,0.000000000,-0.004673874,0.999989077,12
1782463494.436999798,36.601696968,10520,vicon_state_data,ball,1,0,-0.209682536,0.155842104,1.354711090,0.000000000,0.000000000,0.000000000,1.000000000,1,-0.862095186,-0.380325062,0.819987776,0.000000000,0.000000000,-0.004463514,0.999990038,12
1782463494.440225124,36.604922295,10521,vicon_state_data,ball,1,0,-0.210620750,0.156491804,1.355386842,0.000000000,0.000000000,0.000000000,1.000000000,1,-0.862120220,-0.380273477,0.819988445,0.000000000,0.000000000,-0.004349267,0.999990542,12
1782463494.443409920,36.608107090,10522,vicon_state_data,ball,1,0,-0.210996195,0.156273003,1.355621783,0.000000000,0.000000000,0.000000000,1.000000000,1,-0.862198795,-0.380016065,0.819785440,0.000000000,0.000000000,-0.002939194,0.999995681,12
1782463494.447177649,36.611874819,10523,vicon_state_data,ball,1,0,-0.211333298,0.156054452,1.355820762,0.000000000,0.000000000,0.000000000,1.000000000,1,-0.862089825,-0.380148651,0.819880978,0.000000000,0.000000000,-0.004488527,0.999989927,12
1782463494.450381041,36.615078211,10524,vicon_state_data,ball,1,0,-0.211765223,0.155839590,1.356146555,0.000000000,0.000000000,0.000000000,1.000000000,1,-0.862116201,-0.380210611,0.819962994,0.000000000,0.000000000,-0.004571959,0.999989549,12
1782463494.453431606,36.618128777,10525,vicon_state_data,ball,1,0,-0.212656237,0.155901069,1.356799350,0.000000000,0.000000000,0.000000000,1.000000000,1,-0.862093503,-0.380167997,0.819956666,0.000000000,0.000000000,-0.004725405,0.999988835,12
1782463494.457120419,36.621817589,10526,vicon_state_data,ball,1,0,-0.212623521,0.155490126,1.356655682,0.000000000,0.000000000,0.000000000,1.000000000,1,-0.862176926,-0.379903935,0.819777965,0.000000000,0.000000000,-0.003197705,0.999994887,12
1782463494.460440397,36.625137568,10527,vicon_state_data,ball,1,0,-0.213364960,0.155411484,1.357176557,0.000000000,0.000000000,0.000000000,1.000000000,1,-0.862087567,-0.380129099,0.819958115,0.000000000,0.000000000,-0.004880236,0.999988092,12
1782463494.463548899,36.628246069,10528,vicon_state_data,ball,1,0,-0.213366184,0.155053896,1.357068636,0.000000000,0.000000000,0.000000000,1.000000000,1,-0.862188972,-0.379855400,0.819817596,0.000000000,0.000000000,-0.003327728,0.999994463,12
1782463494.466708899,36.631406069,10529,vicon_state_data,ball,1,0,-0.213775621,0.154957977,1.357221958,0.000000000,0.000000000,0.000000000,1.000000000,1,-0.862087829,-0.380040295,0.819996701,0.000000000,0.000000000,-0.004862511,0.999988178,12
1782463494.470276356,36.634973526,10530,vicon_state_data,ball,1,0,-0.214064417,0.154732760,1.357179802,0.000000000,0.000000000,0.000000000,1.000000000,1,-0.862200491,-0.379840423,0.819845701,0.000000000,0.000000000,-0.003409209,0.999994189,12
1782463494.473453522,36.638150692,10531,vicon_state_data,ball,1,0,-0.214493016,0.154516515,1.357436066,0.000000000,0.000000000,0.000000000,1.000000000,1,-0.862092372,-0.379979061,0.819995238,0.000000000,0.000000000,-0.004958104,0.999987709,12
1782463494.476968765,36.641665936,10532,vicon_state_data,ball,1,0,-0.214796533,0.154378058,1.357426250,0.000000000,0.000000000,0.000000000,1.000000000,1,-0.862212566,-0.379770437,0.819813959,0.000000000,0.000000000,-0.003411517,0.999994181,12
1782463494.480167150,36.644864321,10533,vicon_state_data,ball,1,0,-0.215095561,0.154243758,1.357434132,0.000000000,0.000000000,0.000000000,1.000000000,1,-0.862170833,-0.379771655,0.819727904,0.000000000,0.000000000,-0.003711873,0.999993111,12
1782463494.483457088,36.648154259,10534,vicon_state_data,ball,1,0,-0.215438102,0.154141603,1.357500150,0.000000000,0.000000000,0.000000000,1.000000000,1,-0.862127306,-0.379942336,0.819883793,0.000000000,0.000000000,-0.004966615,0.999987666,12
1782463494.486807108,36.651504278,10535,vicon_state_data,ball,1,0,-0.215770486,0.154059866,1.357568024,0.000000000,0.000000000,0.000000000,1.000000000,1,-0.862235822,-0.379672059,0.819764508,0.000000000,0.000000000,-0.003346915,0.999994399,12
1782463494.490338326,36.655035496,10536,vicon_state_data,ball,1,0,-0.216077799,0.153944262,1.357477933,0.000000000,0.000000000,0.000000000,1.000000000,1,-0.862183924,-0.379916603,0.819937988,0.000000000,0.000000000,-0.004764026,0.999988652,12
1782463494.493688345,36.658385515,10537,vicon_state_data,ball,1,0,-0.216384500,0.153873074,1.357568869,0.000000000,0.000000000,0.000000000,1.000000000,1,-0.862152215,-0.379834353,0.819860416,0.000000000,0.000000000,-0.004926049,0.999987867,12
1782463494.496867180,36.661564350,10538,vicon_state_data,ball,1,0,-0.216088515,0.153597467,1.358197371,0.000000000,0.000000000,0.000000000,1.000000000,1,-0.862185460,-0.379878004,0.819899983,0.000000000,0.000000000,-0.004813455,0.999988415,12
1782463494.500160217,36.664857388,10539,vicon_state_data,ball,1,0,-0.216731430,0.153680126,1.357595306,0.000000000,0.000000000,0.000000000,1.000000000,1,-0.862217847,-0.379805842,0.819909066,0.000000000,0.000000000,-0.004710549,0.999988905,12
1782463494.503355503,36.668052673,10540,vicon_state_data,ball,1,0,-0.216685207,0.153744881,1.357221006,0.000000000,0.000000000,0.000000000,1.000000000,1,-0.862210402,-0.379773656,0.819908521,0.000000000,0.000000000,-0.004803127,0.999988465,12
1782463494.507347822,36.672044992,10541,vicon_state_data,ball,1,0,-0.216601379,0.153761502,1.356947832,0.000000000,0.000000000,0.000000000,1.000000000,1,-0.862186748,-0.379749220,0.819885025,0.000000000,0.000000000,-0.004985540,0.999987572,12
1782463494.510273933,36.674971104,10542,vicon_state_data,ball,1,0,-0.215546671,0.153199846,1.356439332,0.000000000,0.000000000,0.000000000,1.000000000,1,-0.862235726,-0.379708873,0.819927762,0.000000000,0.000000000,-0.004730090,0.999988813,12
1782463494.513519764,36.678216934,10543,vicon_state_data,ball,1,0,-0.215640079,0.153020172,1.356350732,0.000000000,0.000000000,0.000000000,1.000000000,1,-0.862259056,-0.379710771,0.819939988,0.000000000,0.000000000,-0.004758771,0.999988677,12
1782463494.516829252,36.681526423,10544,vicon_state_data,ball,1,0,-0.215705507,0.152799353,1.356243454,0.000000000,0.000000000,0.000000000,1.000000000,1,-0.862249546,-0.379673716,0.819919153,0.000000000,0.000000000,-0.004733284,0.999988798,12
1782463494.520075321,36.684772491,10545,vicon_state_data,ball,1,0,-0.215776097,0.152614654,1.356128589,0.000000000,0.000000000,0.000000000,1.000000000,1,-0.862360190,-0.379389388,0.819742679,0.000000000,0.000000000,-0.003140526,0.999995069,12
1782463494.523394346,36.688091516,10546,vicon_state_data,ball,1,0,-0.215844420,0.152412939,1.356002913,0.000000000,0.000000000,0.000000000,1.000000000,1,-0.862258423,-0.379624282,0.819881572,0.000000000,0.000000000,-0.004786829,0.999988543,12
1782463494.526640654,36.691337824,10547,vicon_state_data,ball,1,0,-0.215935309,0.152229381,1.355886880,0.000000000,0.000000000,0.000000000,1.000000000,1,-0.862265936,-0.379659692,0.819928532,0.000000000,0.000000000,-0.004879221,0.999988097,12
1782463494.530020952,36.694718122,10548,vicon_state_data,ball,1,0,-0.216028604,0.152027524,1.355785345,0.000000000,0.000000000,0.000000000,1.000000000,1,-0.862356611,-0.379343325,0.819737513,0.000000000,0.000000000,-0.003190484,0.999994910,12
1782463494.533358812,36.698055983,10549,vicon_state_data,ball,1,0,-0.216130315,0.151832555,1.355636788,0.000000000,0.000000000,0.000000000,1.000000000,1,-0.862249979,-0.379628361,0.819861496,0.000000000,0.000000000,-0.005214076,0.999986407,12
1782463494.536674023,36.701371193,10550,vicon_state_data,ball,1,0,-0.216266939,0.151622037,1.355506681,0.000000000,0.000000000,0.000000000,1.000000000,1,-0.862382240,-0.379308359,0.819759051,0.000000000,0.000000000,-0.003325978,0.999994469,12
1782463494.540323496,36.705020666,10551,vicon_state_data,ball,1,0,-0.216404982,0.151430841,1.355329009,0.000000000,0.000000000,0.000000000,1.000000000,1,-0.862229012,-0.379560161,0.819844403,0.000000000,0.000000000,-0.005415808,0.999985334,12
1782463494.543504477,36.708201647,10552,vicon_state_data,ball,1,0,-0.216562426,0.151246491,1.355166305,0.000000000,0.000000000,0.000000000,1.000000000,1,-0.862279123,-0.379534024,0.819869887,0.000000000,0.000000000,-0.005206089,0.999986448,12
1782463494.546806335,36.711503506,10553,vicon_state_data,ball,1,0,-0.216710587,0.151133527,1.355043688,0.000000000,0.000000000,0.000000000,1.000000000,1,-0.862285040,-0.379419835,0.819922668,0.000000000,0.000000000,-0.004868002,0.999988151,12
1782463494.550046682,36.714743853,10554,vicon_state_data,ball,1,0,-0.216880930,0.151002819,1.354851701,0.000000000,0.000000000,0.000000000,1.000000000,1,-0.862311090,-0.379471428,0.819893858,0.000000000,0.000000000,-0.005099374,0.999986998,12
1782463494.553422451,36.718119621,10555,vicon_state_data,ball,1,0,-0.217035657,0.150914785,1.354714666,0.000000000,0.000000000,0.000000000,1.000000000,1,-0.862353261,-0.379435146,0.819956419,0.000000000,0.000000000,-0.004853568,0.999988221,12
1782463494.556809425,36.721506596,10556,vicon_state_data,ball,1,0,-0.217162939,0.150799908,1.354508108,0.000000000,0.000000000,0.000000000,1.000000000,1,-0.862451083,-0.379162064,0.819765415,0.000000000,0.000000000,-0.003268893,0.999994657,12
1782463494.560006618,36.724703789,10557,vicon_state_data,ball,1,0,-0.217316618,0.150730811,1.354276636,0.000000000,0.000000000,0.000000000,1.000000000,1,-0.862343537,-0.379415464,0.819900630,0.000000000,0.000000000,-0.005141708,0.999986781,12
1782463494.563502550,36.728199720,10558,vicon_state_data,ball,1,0,-0.217367412,0.150675009,1.353978718,0.000000000,0.000000000,0.000000000,1.000000000,1,-0.862462814,-0.379092648,0.819749618,0.000000000,0.000000000,-0.003302903,0.999994545,12
1782463494.566790819,36.731487989,10559,vicon_state_data,ball,1,0,-0.217252738,0.150511833,1.353633590,0.000000000,0.000000000,0.000000000,1.000000000,1,-0.862364485,-0.379350903,0.819889134,0.000000000,0.000000000,-0.005125694,0.999986864,12
1782463494.570297718,36.734994888,10560,vicon_state_data,ball,1,0,-0.217337251,0.150524635,1.353316821,0.000000000,0.000000000,0.000000000,1.000000000,1,-0.862470222,-0.379071164,0.819740674,0.000000000,0.000000000,-0.003465673,0.999993995,12
1782463494.573732615,36.738429785,10561,vicon_state_data,ball,1,0,-0.217318085,0.150438820,1.352985190,0.000000000,0.000000000,0.000000000,1.000000000,1,-0.862466588,-0.379047162,0.819703911,0.000000000,0.000000000,-0.003559632,0.999993664,12
1782463494.576708317,36.741405487,10562,vicon_state_data,ball,1,0,-0.217293518,0.150396599,1.352595808,0.000000000,0.000000000,0.000000000,1.000000000,1,-0.862336815,-0.379337060,0.819831192,0.000000000,0.000000000,-0.005575933,0.999984454,12
1782463494.580030918,36.744728088,10563,vicon_state_data,ball,1,0,-0.217228510,0.150343239,1.352193356,0.000000000,0.000000000,0.000000000,1.000000000,1,-0.862475976,-0.378929059,0.819718273,0.000000000,0.000000000,-0.003502669,0.999993866,12
1782463494.583612204,36.748309374,10564,vicon_state_data,ball,1,0,-0.217099722,0.150299361,1.351729431,0.000000000,0.000000000,0.000000000,1.000000000,1,-0.862509616,-0.378874857,0.819884054,0.000000000,0.000000000,-0.003521341,0.999993800,12
1782463494.587322950,36.752020121,10565,vicon_state_data,ball,1,0,-0.217025482,0.150289930,1.351285831,0.000000000,0.000000000,0.000000000,1.000000000,1,-0.862527719,-0.378851428,0.819887100,0.000000000,0.000000000,-0.003518926,0.999993809,12
1782463494.590384483,36.755081654,10566,vicon_state_data,ball,1,0,-0.216899796,0.150304325,1.350847989,0.000000000,0.000000000,0.000000000,1.000000000,1,-0.862528864,-0.378859526,0.819752290,0.000000000,0.000000000,-0.003177680,0.999994951,12
1782463494.593422651,36.758119822,10567,vicon_state_data,ball,1,0,-0.216811992,0.150294552,1.350398905,0.000000000,0.000000000,0.000000000,1.000000000,1,-0.862426245,-0.379148199,0.819813338,0.000000000,0.000000000,-0.005107933,0.999986954,12
1782463494.596717358,36.761414528,10568,vicon_state_data,ball,1,0,-0.216805960,0.150352447,1.349970329,0.000000000,0.000000000,0.000000000,1.000000000,1,-0.862411081,-0.379149807,0.819770119,0.000000000,0.000000000,-0.005235678,0.999986294,12
1782463494.599955559,36.764652729,10569,vicon_state_data,ball,1,0,-0.216761377,0.150378705,1.349575030,0.000000000,0.000000000,0.000000000,1.000000000,1,-0.862427618,-0.379141852,0.819780620,0.000000000,0.000000000,-0.005237575,0.999986284,12
1782463494.603492975,36.768190145,10570,vicon_state_data,ball,1,0,-0.216694547,0.150400901,1.349161823,0.000000000,0.000000000,0.000000000,1.000000000,1,-0.862455235,-0.379123633,0.819832571,0.000000000,0.000000000,-0.005094616,0.999987022,12
1782463494.607179165,36.771876335,10571,vicon_state_data,ball,1,0,-0.216768855,0.150529886,1.348826117,0.000000000,0.000000000,0.000000000,1.000000000,1,-0.862437224,-0.379159146,0.819753010,0.000000000,0.000000000,-0.005425281,0.999985283,12
1782463494.610320330,36.775017500,10572,vicon_state_data,ball,1,0,-0.216765233,0.150498337,1.348466721,0.000000000,0.000000000,0.000000000,1.000000000,1,-0.862661917,-0.378775794,0.819853252,0.000000000,0.000000000,-0.003328426,0.999994461,12
1782463494.613371611,36.778068781,10573,vicon_state_data,ball,1,0,-0.216868726,0.150562538,1.348146823,0.000000000,0.000000000,0.000000000,1.000000000,1,-0.862470589,-0.379099052,0.819764265,0.000000000,0.000000000,-0.005367422,0.999985595,12
1782463494.616621494,36.781318665,10574,vicon_state_data,ball,1,0,-0.216995913,0.150629227,1.347854101,0.000000000,0.000000000,0.000000000,1.000000000,1,-0.862508618,-0.379047566,0.819760244,0.000000000,0.000000000,-0.005157964,0.999986698,12
1782463494.620081902,36.784779072,10575,vicon_state_data,ball,1,0,-0.217145940,0.150713869,1.347611657,0.000000000,0.000000000,0.000000000,1.000000000,1,-0.862520767,-0.379058571,0.819764938,0.000000000,0.000000000,-0.005182237,0.999986572,12
1782463494.623589277,36.788286448,10576,vicon_state_data,ball,1,0,-0.217229803,0.150731834,1.347352282,0.000000000,0.000000000,0.000000000,1.000000000,1,-0.862551953,-0.379006821,0.819828492,0.000000000,0.000000000,-0.005041678,0.999987291,12
1782463494.626931190,36.791628361,10577,vicon_state_data,ball,1,0,-0.217439577,0.150842514,1.347137613,0.000000000,0.000000000,0.000000000,1.000000000,1,-0.862703607,-0.378718376,0.819712572,0.000000000,0.000000000,-0.003259381,0.999994688,12
1782463494.630048752,36.794745922,10578,vicon_state_data,ball,1,0,-0.217549357,0.150895288,1.346876024,0.000000000,0.000000000,0.000000000,1.000000000,1,-0.862581396,-0.378987415,0.819757820,0.000000000,0.000000000,-0.005070919,0.999987143,12
1782463494.633458853,36.798156023,10579,vicon_state_data,ball,1,0,-0.217743239,0.151023573,1.346664419,0.000000000,0.000000000,0.000000000,1.000000000,1,-0.862579799,-0.379011643,0.819778815,0.000000000,0.000000000,-0.005220734,0.999986372,12
1782463494.636743784,36.801440954,10580,vicon_state_data,ball,1,0,-0.218032199,0.151170543,1.346443563,0.000000000,0.000000000,0.000000000,1.000000000,1,-0.862730295,-0.378743889,0.819727062,0.000000000,0.000000000,-0.003341808,0.999994416,12
1782463494.640107870,36.804805040,10581,vicon_state_data,ball,1,0,-0.218371390,0.151328503,1.346263885,0.000000000,0.000000000,0.000000000,1.000000000,1,-0.862571844,-0.379049593,0.819802298,0.000000000,0.000000000,-0.005444589,0.999985178,12
1782463494.643568277,36.808265448,10582,vicon_state_data,ball,1,0,-0.218605235,0.151486942,1.346074186,0.000000000,0.000000000,0.000000000,1.000000000,1,-0.862576769,-0.379043778,0.819804244,0.000000000,0.000000000,-0.005630632,0.999984148,12
1782463494.646816730,36.811513901,10583,vicon_state_data,ball,1,0,-0.218850054,0.151629308,1.345834175,0.000000000,0.000000000,0.000000000,1.000000000,1,-0.862756409,-0.378713791,0.819765609,0.000000000,0.000000000,-0.003433779,0.999994105,12
1782463494.650315285,36.815012455,10584,vicon_state_data,ball,1,0,-0.218745084,0.151817164,1.345387885,0.000000000,0.000000000,0.000000000,1.000000000,1,-0.862754154,-0.378737439,0.819771643,0.000000000,0.000000000,-0.003587819,0.999993564,12
1782463494.653453350,36.818150520,10585,vicon_state_data,ball,1,0,-0.219130496,0.152017123,1.345217985,0.000000000,0.000000000,0.000000000,1.000000000,1,-0.862555427,-0.379000044,0.819848299,0.000000000,0.000000000,-0.005815798,0.999983088,12
1782463494.656660318,36.821357489,10586,vicon_state_data,ball,1,0,-0.219485817,0.152165321,1.344992989,0.000000000,0.000000000,0.000000000,1.000000000,1,-0.862583947,-0.379072957,0.819809765,0.000000000,0.000000000,-0.006000729,0.999981995,12
1782463494.659966230,36.824663401,10587,vicon_state_data,ball,1,0,-0.219898097,0.152379248,1.344849853,0.000000000,0.000000000,0.000000000,1.000000000,1,-0.862605272,-0.379021389,0.819801560,0.000000000,0.000000000,-0.005789622,0.999983240,12
1782463494.663392067,36.828089237,10588,vicon_state_data,ball,1,0,-0.220216295,0.152571022,1.344620709,0.000000000,0.000000000,0.000000000,1.000000000,1,-0.862595955,-0.379081468,0.819812631,0.000000000,0.000000000,-0.006055839,0.999981663,12
1782463494.666934967,36.831632137,10589,vicon_state_data,ball,1,0,-0.220546823,0.152755593,1.344412193,0.000000000,0.000000000,0.000000000,1.000000000,1,-0.862648912,-0.379009707,0.819802912,0.000000000,0.000000000,-0.005721991,0.999983629,12
1782463494.669996738,36.834693909,10590,vicon_state_data,ball,1,0,-0.220817505,0.152959572,1.344034757,0.000000000,0.000000000,0.000000000,1.000000000,1,-0.862680114,-0.378970380,0.819781252,0.000000000,0.000000000,-0.005621220,0.999984201,12
1782463494.673375845,36.838073015,10591,vicon_state_data,ball,1,0,-0.221274476,0.153129195,1.344012692,0.000000000,0.000000000,0.000000000,1.000000000,1,-0.862864098,-0.378666948,0.819816126,0.000000000,0.000000000,-0.003829897,0.999992666,12
1782463494.676636934,36.841334105,10592,vicon_state_data,ball,1,0,-0.221615009,0.153386444,1.343810302,0.000000000,0.000000000,0.000000000,1.000000000,1,-0.862744900,-0.378914975,0.819748595,0.000000000,0.000000000,-0.005303892,0.999985934,12
1782463494.680002451,36.844699621,10593,vicon_state_data,ball,1,0,-0.221912549,0.153509419,1.343571821,0.000000000,0.000000000,0.000000000,1.000000000,1,-0.862868844,-0.378706284,0.819642286,0.000000000,0.000000000,-0.003685271,0.999993209,12
1782463494.683300972,36.847998142,10594,vicon_state_data,ball,1,0,-0.222169528,0.153668349,1.343377770,0.000000000,0.000000000,0.000000000,1.000000000,1,-0.862917370,-0.378640260,0.819680342,0.000000000,0.000000000,-0.003490231,0.999993909,12
1782463494.687114477,36.851811647,10595,vicon_state_data,ball,1,0,-0.222436340,0.153847798,1.343170810,0.000000000,0.000000000,0.000000000,1.000000000,1,-0.862757815,-0.378955690,0.819733316,0.000000000,0.000000000,-0.005584721,0.999984405,12
1782463494.690352917,36.855050087,10596,vicon_state_data,ball,1,0,-0.222763380,0.154084059,1.342972852,0.000000000,0.000000000,0.000000000,1.000000000,1,-0.862774081,-0.378997355,0.819758844,0.000000000,0.000000000,-0.005633914,0.999984129,12
1782463494.693475723,36.858172894,10597,vicon_state_data,ball,1,0,-0.223018622,0.154214144,1.342714586,0.000000000,0.000000000,0.000000000,1.000000000,1,-0.862917426,-0.378736199,0.819691927,0.000000000,0.000000000,-0.003839412,0.999992629,12
1782463494.696616888,36.861314058,10598,vicon_state_data,ball,1,0,-0.223265721,0.154379175,1.342482297,0.000000000,0.000000000,0.000000000,1.000000000,1,-0.862789822,-0.378981951,0.819692073,0.000000000,0.000000000,-0.005841880,0.999982936,12
1782463494.700162888,36.864860058,10599,vicon_state_data,ball,1,0,-0.223495761,0.154581165,1.342277747,0.000000000,0.000000000,0.000000000,1.000000000,1,-0.862917423,-0.378758796,0.819631270,0.000000000,0.000000000,-0.004107933,0.999991562,12
1782463494.703327179,36.868024349,10600,vicon_state_data,ball,1,0,-0.223739567,0.154785968,1.342064974,0.000000000,0.000000000,0.000000000,1.000000000,1,-0.862941290,-0.378761543,0.819674722,0.000000000,0.000000000,-0.004081473,0.999991671,12
1782463494.706737995,36.871435165,10601,vicon_state_data,ball,1,0,-0.223951282,0.154965340,1.341815337,0.000000000,0.000000000,0.000000000,1.000000000,1,-0.862806719,-0.379038483,0.819715568,0.000000000,0.000000000,-0.006052417,0.999981684,12
1782463494.710070133,36.874767303,10602,vicon_state_data,ball,1,0,-0.224189903,0.155184078,1.341533823,0.000000000,0.000000000,0.000000000,1.000000000,1,-0.862934335,-0.378826059,0.819681076,0.000000000,0.000000000,-0.004464777,0.999990033,12
1782463494.713464022,36.878161192,10603,vicon_state_data,ball,1,0,-0.224449125,0.155374393,1.341254509,0.000000000,0.000000000,0.000000000,1.000000000,1,-0.862780099,-0.379131986,0.819724043,0.000000000,0.000000000,-0.006635466,0.999977985,12
1782463494.716817617,36.881514788,10604,vicon_state_data,ball,1,0,-0.224737367,0.155658447,1.340969074,0.000000000,0.000000000,0.000000000,1.000000000,1,-0.862989037,-0.378777133,0.819696810,0.000000000,0.000000000,-0.004386477,0.999990379,12
1782463494.720017195,36.884714365,10605,vicon_state_data,ball,1,0,-0.225028320,0.155883581,1.340659529,0.000000000,0.000000000,0.000000000,1.000000000,1,-0.862945135,-0.378860695,0.819693961,0.000000000,0.000000000,-0.004800754,0.999988476,12
1782463494.723661661,36.888358831,10606,vicon_state_data,ball,1,0,-0.225336559,0.156294032,1.339850767,0.000000000,0.000000000,0.000000000,1.000000000,1,-0.862816893,-0.379103327,0.819751664,0.000000000,0.000000000,-0.006756254,0.999977176,12
1782463494.726722479,36.891419649,10607,vicon_state_data,ball,1,0,-0.225295393,0.156044602,1.339547432,0.000000000,0.000000000,0.000000000,1.000000000,1,-0.862817432,-0.379128884,0.819741431,0.000000000,0.000000000,-0.006819363,0.999976748,12
1782463494.730032206,36.894729376,10608,vicon_state_data,ball,1,0,-0.225562911,0.156330407,1.339092605,0.000000000,0.000000000,0.000000000,1.000000000,1,-0.862868163,-0.379067533,0.819762529,0.000000000,0.000000000,-0.006532764,0.999978661,12
1782463494.733379126,36.898076296,10609,vicon_state_data,ball,1,0,-0.226095618,0.157041432,1.339065523,0.000000000,0.000000000,0.000000000,1.000000000,1,-0.862897687,-0.379082729,0.819778645,0.000000000,0.000000000,-0.006546916,0.999978569,12
1782463494.736557484,36.901254654,10610,vicon_state_data,ball,1,0,-0.226604121,0.157627937,1.338848645,0.000000000,0.000000000,0.000000000,1.000000000,1,-0.863094693,-0.378724831,0.819830640,0.000000000,0.000000000,-0.004584391,0.999989492,12
1782463494.740193844,36.904891014,10611,vicon_state_data,ball,1,0,-0.226689496,0.157699943,1.338004982,0.000000000,0.000000000,0.000000000,1.000000000,1,-0.863043218,-0.378822036,0.819665810,0.000000000,0.000000000,-0.004826156,0.999988354,12
1782463494.743381739,36.908078909,10612,vicon_state_data,ball,1,0,-0.226722886,0.157671324,1.336983262,0.000000000,0.000000000,0.000000000,1.000000000,1,-0.862972540,-0.379031751,0.819733122,0.000000000,0.000000000,-0.006297729,0.999980169,12
1782463494.746834278,36.911531448,10613,vicon_state_data,ball,1,0,-0.227399515,0.158692799,1.336691503,0.000000000,0.000000000,0.000000000,1.000000000,1,-0.862991949,-0.379019164,0.819733769,0.000000000,0.000000000,-0.006293877,0.999980193,12
1782463494.750123501,36.914820671,10614,vicon_state_data,ball,1,0,-0.227835740,0.159392931,1.336207536,0.000000000,0.000000000,0.000000000,1.000000000,1,-0.863117783,-0.378831015,0.819672795,0.000000000,0.000000000,-0.004749594,0.999988721,12
1782463494.753671646,36.918368816,10615,vicon_state_data,ball,1,0,-0.227783761,0.159175387,1.334733821,0.000000000,0.000000000,0.000000000,1.000000000,1,-0.863135765,-0.378840193,0.819660118,0.000000000,0.000000000,-0.004797912,0.999988490,12
1782463494.756819487,36.921516657,10616,vicon_state_data,ball,1,0,-0.228105575,0.159786866,1.333907968,0.000000000,0.000000000,0.000000000,1.000000000,1,-0.863045308,-0.379041643,0.819718998,0.000000000,0.000000000,-0.006333765,0.999979942,12
1782463494.760132790,36.924829960,10617,vicon_state_data,ball,1,0,-0.228790285,0.161048710,1.333476831,0.000000000,0.000000000,0.000000000,1.000000000,1,-0.863079300,-0.379032192,0.819739183,0.000000000,0.000000000,-0.006194698,0.999980813,12
1782463494.763325453,36.928022623,10618,vicon_state_data,ball,1,0,-0.228707743,0.161052223,1.331985577,0.000000000,0.000000000,0.000000000,1.000000000,1,-0.863077214,-0.379013842,0.819694461,0.000000000,0.000000000,-0.006333049,0.999979946,12
1782463494.766599894,36.931297064,10619,vicon_state_data,ball,1,0,-0.229176270,0.162253525,1.331256999,0.000000000,0.000000000,0.000000000,1.000000000,1,-0.863103978,-0.379080135,0.819738232,0.000000000,0.000000000,-0.006251144,0.999980461,12
1782463494.769940853,36.934638023,10620,vicon_state_data,ball,1,0,-0.229365879,0.162905838,1.330260500,0.000000000,0.000000000,0.000000000,1.000000000,1,-0.863223334,-0.378851741,0.819629732,0.000000000,0.000000000,-0.004698471,0.999988962,12
1782463494.773456573,36.938153744,10621,vicon_state_data,ball,1,0,-0.229214458,0.162901216,1.328593625,0.000000000,0.000000000,0.000000000,1.000000000,1,-0.863141995,-0.379144478,0.819773100,0.000000000,0.000000000,-0.006292502,0.999980202,12
1782463494.777024984,36.941722155,10622,vicon_state_data,ball,1,0,-0.229334230,0.163573500,1.327437671,0.000000000,0.000000000,0.000000000,1.000000000,1,-0.863124395,-0.379126655,0.819702106,0.000000000,0.000000000,-0.006549188,0.999978554,12
1782463494.780059099,36.944756269,10623,vicon_state_data,ball,1,0,-0.229555123,0.164932752,1.326420813,0.000000000,0.000000000,0.000000000,1.000000000,1,-0.863187147,-0.379021771,0.819829026,0.000000000,0.000000000,-0.005940885,0.999982353,12
1782463494.783612967,36.948310137,10624,vicon_state_data,ball,1,0,-0.229180755,0.164835881,1.324692521,0.000000000,0.000000000,0.000000000,1.000000000,1,-0.863356285,-0.378854288,0.819739699,0.000000000,0.000000000,-0.004244833,0.999990991,12
1782463494.786966085,36.951663256,10625,vicon_state_data,ball,1,0,-0.229167867,0.165561141,1.323286578,0.000000000,0.000000000,0.000000000,1.000000000,1,-0.863208768,-0.379153255,0.819811899,0.000000000,0.000000000,-0.006310979,0.999980086,12
1782463494.790197611,36.954894781,10626,vicon_state_data,ball,1,0,-0.228989547,0.166360739,1.321818409,0.000000000,0.000000000,0.000000000,1.000000000,1,-0.863338847,-0.378905611,0.819712725,0.000000000,0.000000000,-0.004465442,0.999990030,12
1782463494.793398857,36.958096027,10627,vicon_state_data,ball,1,0,-0.228983318,0.167694577,1.320539499,0.000000000,0.000000000,0.000000000,1.000000000,1,-0.863383663,-0.378878162,0.819772546,0.000000000,0.000000000,-0.004380114,0.999990407,12
1782463494.796741486,36.961438656,10628,vicon_state_data,ball,1,0,-0.228510419,0.167699944,1.318573714,0.000000000,0.000000000,0.000000000,1.000000000,1,-0.863404726,-0.378864201,0.819746364,0.000000000,0.000000000,-0.004310426,0.999990710,12
1782463494.799999475,36.964696646,10629,vicon_state_data,ball,1,0,-0.228229278,0.168442509,1.316908856,0.000000000,0.000000000,0.000000000,1.000000000,1,-0.863420757,-0.378877763,0.819764203,0.000000000,0.000000000,-0.004284373,0.999990822,12
1782463494.803706646,36.968403816,10630,vicon_state_data,ball,1,0,-0.227916975,0.169190567,1.315043334,0.000000000,0.000000000,0.000000000,1.000000000,1,-0.863431556,-0.378890037,0.819790524,0.000000000,0.000000000,-0.004269203,0.999990887,12
1782463494.806994915,36.971692085,10631,vicon_state_data,ball,1,0,-0.227682332,0.170764604,1.313482230,0.000000000,0.000000000,0.000000000,1.000000000,1,-0.863341160,-0.379143503,0.819909992,0.000000000,0.000000000,-0.006179722,0.999980905,12
1782463494.810420275,36.975117445,10632,vicon_state_data,ball,1,0,-0.227046983,0.170859787,1.311224994,0.000000000,0.000000000,0.000000000,1.000000000,1,-0.863367097,-0.379176878,0.819915473,0.000000000,0.000000000,-0.006203485,0.999980758,12
1782463494.813614368,36.978311539,10633,vicon_state_data,ball,1,0,-0.226798837,0.172440836,1.309413954,0.000000000,0.000000000,0.000000000,1.000000000,1,-0.863479226,-0.378869322,0.819772111,0.000000000,0.000000000,-0.004497001,0.999989888,12
1782463494.816642046,36.981339216,10634,vicon_state_data,ball,1,0,-0.226088931,0.172526644,1.306941665,0.000000000,0.000000000,0.000000000,1.000000000,1,-0.863517972,-0.378885343,0.819787037,0.000000000,0.000000000,-0.004349379,0.999990541,12
1782463494.819960117,36.984657288,10635,vicon_state_data,ball,1,0,-0.225528029,0.173369754,1.304603933,0.000000000,0.000000000,0.000000000,1.000000000,1,-0.863344327,-0.379229038,0.819816633,0.000000000,0.000000000,-0.006808610,0.999976821,12
1782463494.823412895,36.988110065,10636,vicon_state_data,ball,1,0,-0.224954036,0.174279695,1.302262180,0.000000000,0.000000000,0.000000000,1.000000000,1,-0.863321587,-0.379230085,0.819730368,0.000000000,0.000000000,-0.007075979,0.999974965,12
1782463494.827570915,36.992268085,10637,vicon_state_data,ball,1,0,-0.224302894,0.175152150,1.299732122,0.000000000,0.000000000,0.000000000,1.000000000,1,-0.863330017,-0.379245213,0.819740298,0.000000000,0.000000000,-0.007207671,0.999974024,12
1782463494.830247164,36.994944334,10638,vicon_state_data,ball,1,0,-0.223617060,0.176107955,1.297167292,0.000000000,0.000000000,0.000000000,1.000000000,1,-0.863327341,-0.379271126,0.819700173,0.000000000,0.000000000,-0.007285179,0.999973463,12
1782463494.833290577,36.997987747,10639,vicon_state_data,ball,1,0,-0.222927112,0.177001414,1.294427814,0.000000000,0.000000000,0.000000000,1.000000000,1,-0.863538448,-0.378965359,0.819753739,0.000000000,0.000000000,-0.004680673,0.999989046,12
1782463494.836617947,37.001315117,10640,vicon_state_data,ball,1,0,-0.222135566,0.177940640,1.291647441,0.000000000,0.000000000,0.000000000,1.000000000,1,-0.863545547,-0.378943637,0.819714880,0.000000000,0.000000000,-0.004678779,0.999989054,12
1782463494.840188503,37.004885674,10641,vicon_state_data,ball,1,0,-0.221445606,0.178847323,1.288757639,0.000000000,0.000000000,0.000000000,1.000000000,1,-0.863394126,-0.379284133,0.819740308,0.000000000,0.000000000,-0.007249457,0.999973722,12
1782463494.843439341,37.008136511,10642,vicon_state_data,ball,1,0,-0.220688962,0.180613670,1.285881933,0.000000000,0.000000000,0.000000000,1.000000000,1,-0.863382357,-0.379319314,0.819675821,0.000000000,0.000000000,-0.007510268,0.999971798,12
1782463494.846692562,37.011389732,10643,vicon_state_data,ball,1,0,-0.219760751,0.180843457,1.282661652,0.000000000,0.000000000,0.000000000,1.000000000,1,-0.863626187,-0.378955368,0.819718197,0.000000000,0.000000000,-0.004515501,0.999989805,12
1782463494.850045443,37.014742613,10644,vicon_state_data,ball,1,0,-0.218473796,0.181833382,1.279446019,0.000000000,0.000000000,0.000000000,1.000000000,1,-0.863449998,-0.379337970,0.819705805,0.000000000,0.000000000,-0.007260002,0.999973646,12
1782463494.853496313,37.018193483,10645,vicon_state_data,ball,1,0,-0.217973866,0.182693575,1.276265994,0.000000000,0.000000000,0.000000000,1.000000000,1,-0.863458740,-0.379396334,0.819713849,0.000000000,0.000000000,-0.007367076,0.999972863,12
1782463494.857047796,37.021744967,10646,vicon_state_data,ball,1,0,-0.217095742,0.183547033,1.272966929,0.000000000,0.000000000,0.000000000,1.000000000,1,-0.863473878,-0.379423946,0.819718374,0.000000000,0.000000000,-0.007352766,0.999972968,12
1782463494.860013485,37.024710655,10647,vicon_state_data,ball,1,0,-0.215835717,0.184448359,1.269417638,0.000000000,0.000000000,0.000000000,1.000000000,1,-0.863517497,-0.379423716,0.819762408,0.000000000,0.000000000,-0.007225387,0.999973897,12
1782463494.863361597,37.028058767,10648,vicon_state_data,ball,1,0,-0.214775730,0.185092494,1.265841750,0.000000000,0.000000000,0.000000000,1.000000000,1,-0.863546280,-0.379435478,0.819766953,0.000000000,0.000000000,-0.007163486,0.999974342,12
1782463494.866645098,37.031342268,10649,vicon_state_data,ball,1,0,-0.214038359,0.186152855,1.262335576,0.000000000,0.000000000,0.000000000,1.000000000,1,-0.863526852,-0.379463223,0.819757030,0.000000000,0.000000000,-0.007441793,0.999972309,12
1782463494.870519638,37.035216808,10650,vicon_state_data,ball,1,0,-0.212895645,0.186582032,1.258591630,0.000000000,0.000000000,0.000000000,1.000000000,1,-0.863514382,-0.379381021,0.819744258,0.000000000,0.000000000,-0.007238383,0.999973803,12
1782463494.873547316,37.038244486,10651,vicon_state_data,ball,1,0,-0.211958284,0.187420714,1.254909518,0.000000000,0.000000000,0.000000000,1.000000000,1,-0.863542162,-0.379547875,0.819768626,0.000000000,0.000000000,-0.007676545,0.999970535,12
1782463494.877146959,37.041844130,10652,vicon_state_data,ball,1,0,-0.210947391,0.187930437,1.251078810,0.000000000,0.000000000,0.000000000,1.000000000,1,-0.863620042,-0.379489452,0.819816918,0.000000000,0.000000000,-0.007208923,0.999974015,12
1782463494.881681204,37.046378374,10653,vicon_state_data,ball,1,0,-0.209964101,0.188789656,1.247342012,0.000000000,0.000000000,0.000000000,1.000000000,1,-0.863602062,-0.379544817,0.819768324,0.000000000,0.000000000,-0.007560655,0.999971418,12
1782463494.883570433,37.048267603,10654,vicon_state_data,ball,1,0,-0.208911550,0.189405051,1.243420248,0.000000000,0.000000000,0.000000000,1.000000000,1,-0.863660115,-0.379515959,0.819819855,0.000000000,0.000000000,-0.007267762,0.999973589,12
1782463494.886793375,37.051490545,10655,vicon_state_data,ball,1,0,-0.208570646,0.191524132,1.240426307,0.000000000,0.000000000,0.000000000,1.000000000,1,-0.863567632,-0.379478342,0.819775488,0.000000000,0.000000000,-0.007609917,0.999971044,12
1782463494.890056849,37.054754019,10656,vicon_state_data,ball,1,0,-0.207460064,0.191860440,1.236371463,0.000000000,0.000000000,0.000000000,1.000000000,1,-0.863625497,-0.379587402,0.819758171,0.000000000,0.000000000,-0.007762858,0.999969869,12
1782463494.893397093,37.058094263,10657,vicon_state_data,ball,1,0,-0.206675903,0.192916556,1.232792767,0.000000000,0.000000000,0.000000000,1.000000000,1,-0.863799199,-0.379179885,0.819771489,0.000000000,0.000000000,-0.005046516,0.999987266,12
1782463494.896633625,37.061330795,10658,vicon_state_data,ball,1,0,-0.205692788,0.193622712,1.229016272,0.000000000,0.000000000,0.000000000,1.000000000,1,-0.863839227,-0.379300454,0.819757683,0.000000000,0.000000000,-0.005207429,0.999986441,12
1782463494.899971724,37.064668894,10659,vicon_state_data,ball,1,0,-0.204730461,0.194349621,1.225240098,0.000000000,0.000000000,0.000000000,1.000000000,1,-0.863669916,-0.379629705,0.819727934,0.000000000,0.000000000,-0.007989696,0.999968082,12
1782463494.903383732,37.068080902,10660,vicon_state_data,ball,1,0,-0.203894762,0.195067803,1.221380212,0.000000000,0.000000000,0.000000000,1.000000000,1,-0.863681150,-0.379685061,0.819732663,0.000000000,0.000000000,-0.008026312,0.999967789,12
1782463494.906741619,37.071438789,10661,vicon_state_data,ball,1,0,-0.203073898,0.195729449,1.217458708,0.000000000,0.000000000,0.000000000,1.000000000,1,-0.863657551,-0.379609242,0.819713984,0.000000000,0.000000000,-0.008007898,0.999967936,12
1782463494.910141230,37.074838400,10662,vicon_state_data,ball,1,0,-0.202198477,0.196200918,1.213463134,0.000000000,0.000000000,0.000000000,1.000000000,1,-0.863880222,-0.379294240,0.819697536,0.000000000,0.000000000,-0.005418085,0.999985322,12
1782463494.913344145,37.078041315,10663,vicon_state_data,ball,1,0,-0.201335609,0.196731075,1.209529696,0.000000000,0.000000000,0.000000000,1.000000000,1,-0.863894094,-0.379338037,0.819701580,0.000000000,0.000000000,-0.005397728,0.999985432,12
1782463494.916800022,37.081497192,10664,vicon_state_data,ball,1,0,-0.200385804,0.197144302,1.205596131,0.000000000,0.000000000,0.000000000,1.000000000,1,-0.863705027,-0.379708472,0.819732413,0.000000000,0.000000000,-0.008025095,0.999967798,12
1782463494.920183897,37.084881067,10665,vicon_state_data,ball,1,0,-0.199537845,0.197554023,1.201671225,0.000000000,0.000000000,0.000000000,1.000000000,1,-0.863915717,-0.379400123,0.819699162,0.000000000,0.000000000,-0.005421411,0.999985304,12
1782463494.923411608,37.088108778,10666,vicon_state_data,ball,1,0,-0.198714952,0.197912709,1.197713463,0.000000000,0.000000000,0.000000000,1.000000000,1,-0.863798836,-0.379848736,0.819748846,0.000000000,0.000000000,-0.008027428,0.999967780,12
1782463494.927075624,37.091772795,10667,vicon_state_data,ball,1,0,-0.197857846,0.198221092,1.193798695,0.000000000,0.000000000,0.000000000,1.000000000,1,-0.864083545,-0.379520382,0.819830273,0.000000000,0.000000000,-0.004885211,0.999988067,12
1782463494.930475473,37.095172644,10668,vicon_state_data,ball,1,0,-0.197097369,0.198612730,1.189958907,0.000000000,0.000000000,0.000000000,1.000000000,1,-0.863894005,-0.379909867,0.819836035,0.000000000,0.000000000,-0.007617146,0.999970989,12
1782463494.934116364,37.098813534,10669,vicon_state_data,ball,1,0,-0.196339025,0.198829724,1.186045079,0.000000000,0.000000000,0.000000000,1.000000000,1,-0.863878494,-0.379966074,0.819778637,0.000000000,0.000000000,-0.007933018,0.999968533,12
1782463494.936871052,37.101568222,10670,vicon_state_data,ball,1,0,-0.195621370,0.199092185,1.182250960,0.000000000,0.000000000,0.000000000,1.000000000,1,-0.863886504,-0.379971253,0.819773542,0.000000000,0.000000000,-0.007988751,0.999968089,12
1782463494.940128803,37.104825974,10671,vicon_state_data,ball,1,0,-0.194902999,0.199303181,1.178503926,0.000000000,0.000000000,0.000000000,1.000000000,1,-0.864121565,-0.379565409,0.819815785,0.000000000,0.000000000,-0.005015399,0.999987423,12
1782463494.943356276,37.108053446,10672,vicon_state_data,ball,1,0,-0.194256361,0.199509389,1.174764946,0.000000000,0.000000000,0.000000000,1.000000000,1,-0.863958500,-0.379899106,0.819839246,0.000000000,0.000000000,-0.007457388,0.999972193,12
1782463494.946750164,37.111447334,10673,vicon_state_data,ball,1,0,-0.194372126,0.200467045,1.171883486,0.000000000,0.000000000,0.000000000,1.000000000,1,-0.864779813,-0.379748711,0.820287928,0.000000000,0.000000000,-0.001951172,0.999998096,12
1782463494.950428963,37.115126133,10674,vicon_state_data,ball,1,0,-0.193101014,0.199832299,1.167453946,0.000000000,0.000000000,0.000000000,1.000000000,1,-0.864697001,-0.379792908,0.820253804,0.000000000,0.000000000,-0.002604983,0.999996607,12
1782463494.953441143,37.118138313,10675,vicon_state_data,ball,1,0,-0.192556738,0.199924942,1.163864980,0.000000000,0.000000000,0.000000000,1.000000000,1,-0.864652404,-0.379672769,0.820166460,0.000000000,0.000000000,-0.002589485,0.999996647,12
1782463494.956905842,37.121603012,10676,vicon_state_data,ball,1,0,-0.192087895,0.200004154,1.160356648,0.000000000,0.000000000,0.000000000,1.000000000,1,-0.864767112,-0.379821011,0.820289627,0.000000000,0.000000000,-0.002523293,0.999996816,12
1782463494.960086823,37.124783993,10677,vicon_state_data,ball,1,0,-0.191644527,0.200082723,1.156964951,0.000000000,0.000000000,0.000000000,1.000000000,1,-0.864723239,-0.379799320,0.820258850,0.000000000,0.000000000,-0.002686093,0.999996392,12
1782463494.963888168,37.128585339,10678,vicon_state_data,ball,1,0,-0.191211239,0.200127869,1.153547895,0.000000000,0.000000000,0.000000000,1.000000000,1,-0.864767591,-0.379897987,0.820306533,0.000000000,0.000000000,-0.002714061,0.999996317,12
1782463494.966886044,37.131583214,10679,vicon_state_data,ball,1,0,-0.190835114,0.200184201,1.150311340,0.000000000,0.000000000,0.000000000,1.000000000,1,-0.864690209,-0.379882855,0.820259239,0.000000000,0.000000000,-0.003194355,0.999994898,12
1782463494.970059633,37.134756804,10680,vicon_state_data,ball,1,0,-0.190472155,0.200205681,1.147093694,0.000000000,0.000000000,0.000000000,1.000000000,1,-0.864213589,-0.380092200,0.819891016,0.000000000,0.000000000,-0.006112917,0.999981316,12
1782463494.973428965,37.138126135,10681,vicon_state_data,ball,1,0,-0.190844193,0.201037967,1.144512854,0.000000000,0.000000000,0.000000000,1.000000000,1,-0.864256497,-0.380169444,0.819888320,0.000000000,0.000000000,-0.006203235,0.999980760,12
1782463494.976707697,37.141404867,10682,vicon_state_data,ball,1,0,-0.189876891,0.200223374,1.140912522,0.000000000,0.000000000,0.000000000,1.000000000,1,-0.864493324,-0.380040294,0.820122228,0.000000000,0.000000000,-0.004993457,0.999987533,12
1782463494.980141878,37.144839048,10683,vicon_state_data,ball,1,0,-0.189612247,0.200230745,1.137954416,0.000000000,0.000000000,0.000000000,1.000000000,1,-0.864291314,-0.380207302,0.819914620,0.000000000,0.000000000,-0.006141613,0.999981140,12
1782463494.983489513,37.148186684,10684,vicon_state_data,ball,1,0,-0.189393650,0.200180137,1.135117997,0.000000000,0.000000000,0.000000000,1.000000000,1,-0.864457323,-0.380006073,0.820022344,0.000000000,0.000000000,-0.005201645,0.999986471,12
1782463494.987119198,37.151816368,10685,vicon_state_data,ball,1,0,-0.189167356,0.200163865,1.132345455,0.000000000,0.000000000,0.000000000,1.000000000,1,-0.864543664,-0.380041522,0.820099701,0.000000000,0.000000000,-0.004891738,0.999988035,12
1782463494.990068436,37.154765606,10686,vicon_state_data,ball,1,0,-0.188967459,0.200170705,1.129754910,0.000000000,0.000000000,0.000000000,1.000000000,1,-0.864353363,-0.380233356,0.819873835,0.000000000,0.000000000,-0.006085665,0.999981482,12
1782463494.993296385,37.157993555,10687,vicon_state_data,ball,1,0,-0.188783888,0.200125711,1.127183265,0.000000000,0.000000000,0.000000000,1.000000000,1,-0.864317269,-0.380228829,0.819824997,0.000000000,0.000000000,-0.006311043,0.999980085,12
1782463494.996758223,37.161455393,10688,vicon_state_data,ball,1,0,-0.188670095,0.200011478,1.124742938,0.000000000,0.000000000,0.000000000,1.000000000,1,-0.864345638,-0.380235346,0.819827364,0.000000000,0.000000000,-0.006239431,0.999980535,12
1782463494.999904871,37.164602041,10689,vicon_state_data,ball,1,0,-0.188538917,0.199999022,1.122412433,0.000000000,0.000000000,0.000000000,1.000000000,1,-0.864398663,-0.380330903,0.819860551,0.000000000,0.000000000,-0.006267201,0.999980361,12
1782463495.003230810,37.167927980,10690,vicon_state_data,ball,1,0,-0.188448339,0.199921705,1.120142837,0.000000000,0.000000000,0.000000000,1.000000000,1,-0.864404922,-0.380362949,0.819859046,0.000000000,0.000000000,-0.006236238,0.999980554,12
1782463495.006853342,37.171550512,10691,vicon_state_data,ball,1,0,-0.188353088,0.199871951,1.117919459,0.000000000,0.000000000,0.000000000,1.000000000,1,-0.864425083,-0.380387912,0.819843247,0.000000000,0.000000000,-0.006422230,0.999979377,12
1782463495.010195255,37.174892426,10692,vicon_state_data,ball,1,0,-0.188328796,0.199796319,1.115820086,0.000000000,0.000000000,0.000000000,1.000000000,1,-0.864449897,-0.380323170,0.819834958,0.000000000,0.000000000,-0.006181778,0.999980893,12
1782463495.013461351,37.178158522,10693,vicon_state_data,ball,1,0,-0.188299015,0.199785973,1.113820043,0.000000000,0.000000000,0.000000000,1.000000000,1,-0.864507335,-0.380415639,0.819917915,0.000000000,0.000000000,-0.006105845,0.999981359,12
1782463495.016814947,37.181512117,10694,vicon_state_data,ball,1,0,-0.188343155,0.199790859,1.111927106,0.000000000,0.000000000,0.000000000,1.000000000,1,-0.864535672,-0.380447136,0.819920788,0.000000000,0.000000000,-0.006012620,0.999981924,12
1782463495.020024776,37.184721947,10695,vicon_state_data,ball,1,0,-0.188375624,0.199719118,1.110092152,0.000000000,0.000000000,0.000000000,1.000000000,1,-0.864565332,-0.380486161,0.819922163,0.000000000,0.000000000,-0.005958550,0.999982248,12
1782463495.023492336,37.188189507,10696,vicon_state_data,ball,1,0,-0.188430891,0.199754966,1.108400157,0.000000000,0.000000000,0.000000000,1.000000000,1,-0.864587534,-0.380523142,0.819955620,0.000000000,0.000000000,-0.005930344,0.999982415,12
1782463495.026948452,37.191645622,10697,vicon_state_data,ball,1,0,-0.188533729,0.199814559,1.106820481,0.000000000,0.000000000,0.000000000,1.000000000,1,-0.864630370,-0.380552818,0.819983266,0.000000000,0.000000000,-0.005855011,0.999982859,12
1782463495.030214071,37.194911242,10698,vicon_state_data,ball,1,0,-0.188609496,0.199741377,1.105251265,0.000000000,0.000000000,0.000000000,1.000000000,1,-0.864792070,-0.380407044,0.820141656,0.000000000,0.000000000,-0.004925424,0.999987870,12
1782463495.033414364,37.198111534,10699,vicon_state_data,ball,1,0,-0.188718611,0.199845576,1.103825408,0.000000000,0.000000000,0.000000000,1.000000000,1,-0.864845585,-0.380468915,0.820199277,0.000000000,0.000000000,-0.004906950,0.999987961,12
1782463495.036641836,37.201339006,10700,vicon_state_data,ball,1,0,-0.188824882,0.199856085,1.102476244,0.000000000,0.000000000,0.000000000,1.000000000,1,-0.864692717,-0.380646625,0.820025031,0.000000000,0.000000000,-0.005862427,0.999982816,12
1782463495.040025234,37.204722404,10701,vicon_state_data,ball,1,0,-0.188934429,0.199952350,1.101219814,0.000000000,0.000000000,0.000000000,1.000000000,1,-0.864850058,-0.380569496,0.820182536,0.000000000,0.000000000,-0.005079708,0.999987098,12
1782463495.043896437,37.208593607,10702,vicon_state_data,ball,1,0,-0.189029253,0.200006325,1.099975137,0.000000000,0.000000000,0.000000000,1.000000000,1,-0.864831157,-0.380571541,0.820134708,0.000000000,0.000000000,-0.005225319,0.999986348,12
1782463495.046798706,37.211495876,10703,vicon_state_data,ball,1,0,-0.189150281,0.200099279,1.098860180,0.000000000,0.000000000,0.000000000,1.000000000,1,-0.864727112,-0.380656913,0.819989960,0.000000000,0.000000000,-0.005697483,0.999983769,12
1782463495.050343513,37.215040684,10704,vicon_state_data,ball,1,0,-0.189190672,0.200251640,1.097809113,0.000000000,0.000000000,0.000000000,1.000000000,1,-0.864754177,-0.380656351,0.819984636,0.000000000,0.000000000,-0.005658618,0.999983990,12
1782463495.053379059,37.218076229,10705,vicon_state_data,ball,1,0,-0.189285933,0.200364209,1.096792604,0.000000000,0.000000000,0.000000000,1.000000000,1,-0.864733646,-0.380724758,0.819958278,0.000000000,0.000000000,-0.005811312,0.999983114,12
1782463495.056743860,37.221441031,10706,vicon_state_data,ball,1,0,-0.190207665,0.201563679,1.096772827,0.000000000,0.000000000,0.000000000,1.000000000,1,-0.864790861,-0.380737770,0.819991120,0.000000000,0.000000000,-0.005747941,0.999983480,12
1782463495.060039759,37.224736929,10707,vicon_state_data,ball,1,0,-0.190248103,0.201680626,1.096059030,0.000000000,0.000000000,0.000000000,1.000000000,1,-0.864762966,-0.380787995,0.819921120,0.000000000,0.000000000,-0.005958218,0.999982250,12
1782463495.063436985,37.228134155,10708,vicon_state_data,ball,1,0,-0.189363503,0.200783060,1.094303825,0.000000000,0.000000000,0.000000000,1.000000000,1,-0.864776604,-0.380753711,0.819882468,0.000000000,0.000000000,-0.005816874,0.999983082,12
1782463495.066668034,37.231365204,10709,vicon_state_data,ball,1,0,-0.189329591,0.200975744,1.093626494,0.000000000,0.000000000,0.000000000,1.000000000,1,-0.864745204,-0.380788323,0.819824639,0.000000000,0.000000000,-0.006030974,0.999981814,12
1782463495.069982052,37.234679222,10710,vicon_state_data,ball,1,0,-0.189265364,0.201211822,1.093006555,0.000000000,0.000000000,0.000000000,1.000000000,1,-0.864723499,-0.380907622,0.819802911,0.000000000,0.000000000,-0.006268789,0.999980351,12
1782463495.073694944,37.238392115,10711,vicon_state_data,ball,1,0,-0.189180089,0.201476055,1.092512828,0.000000000,0.000000000,0.000000000,1.000000000,1,-0.864775251,-0.380923728,0.819847685,0.000000000,0.000000000,-0.006132231,0.999981198,12
1782463495.076868057,37.241565228,10712,vicon_state_data,ball,1,0,-0.189069099,0.201676481,1.092039025,0.000000000,0.000000000,0.000000000,1.000000000,1,-0.864739151,-0.380932190,0.819755246,0.000000000,0.000000000,-0.006288938,0.999980224,12
1782463495.080039024,37.244736195,10713,vicon_state_data,ball,1,0,-0.188891707,0.201931982,1.091594062,0.000000000,0.000000000,0.000000000,1.000000000,1,-0.864480802,-0.381409587,0.819695937,0.000000000,0.000000000,-0.009842061,0.999951566,12
1782463495.083426714,37.248123884,10714,vicon_state_data,ball,1,0,-0.188644857,0.202234511,1.091290578,0.000000000,0.000000000,0.000000000,1.000000000,1,-0.864496032,-0.381410113,0.819613201,0.000000000,0.000000000,-0.009919506,0.999950800,12
1782463495.086806059,37.251503229,10715,vicon_state_data,ball,1,0,-0.188406859,0.202474599,1.091026831,0.000000000,0.000000000,0.000000000,1.000000000,1,-0.864538625,-0.381406777,0.819682590,0.000000000,0.000000000,-0.009537344,0.999954519,12
1782463495.090488672,37.255185843,10716,vicon_state_data,ball,1,0,-0.188092580,0.202761769,1.090849571,0.000000000,0.000000000,0.000000000,1.000000000,1,-0.864558264,-0.381425318,0.819682696,0.000000000,0.000000000,-0.009554291,0.999954357,12
1782463495.093556404,37.258253574,10717,vicon_state_data,ball,1,0,-0.187743239,0.203044980,1.090751626,0.000000000,0.000000000,0.000000000,1.000000000,1,-0.864876276,-0.381029163,0.819807512,0.000000000,0.000000000,-0.005931597,0.999982408,12
1782463495.096826315,37.261523485,10718,vicon_state_data,ball,1,0,-0.187350432,0.203400795,1.090777220,0.000000000,0.000000000,0.000000000,1.000000000,1,-0.864670593,-0.381481761,0.819718594,0.000000000,0.000000000,-0.009007908,0.999959428,12
1782463495.100122929,37.264820099,10719,vicon_state_data,ball,1,0,-0.186916059,0.203710638,1.090867340,0.000000000,0.000000000,0.000000000,1.000000000,1,-0.864644493,-0.381511135,0.819748224,0.000000000,0.000000000,-0.009352677,0.999956263,12
1782463495.103455067,37.268152237,10720,vicon_state_data,ball,1,0,-0.186418517,0.204053314,1.091001181,0.000000000,0.000000000,0.000000000,1.000000000,1,-0.865014115,-0.381156406,0.820003477,0.000000000,0.000000000,-0.005447438,0.999985163,12
1782463495.106795311,37.271492481,10721,vicon_state_data,ball,1,0,-0.185898613,0.204409658,1.091244638,0.000000000,0.000000000,0.000000000,1.000000000,1,-0.864709306,-0.381632330,0.819816848,0.000000000,0.000000000,-0.009105055,0.999958548,12
1782463495.110411167,37.275108337,10722,vicon_state_data,ball,1,0,-0.185366625,0.204737423,1.091462238,0.000000000,0.000000000,0.000000000,1.000000000,1,-0.865111029,-0.381181707,0.820070555,0.000000000,0.000000000,-0.005252848,0.999986204,12
1782463495.113506079,37.278203249,10723,vicon_state_data,ball,1,0,-0.184795624,0.205113443,1.091803812,0.000000000,0.000000000,0.000000000,1.000000000,1,-0.865095827,-0.381188682,0.820015757,0.000000000,0.000000000,-0.005227865,0.999986335,12
1782463495.116829157,37.281526327,10724,vicon_state_data,ball,1,0,-0.184131836,0.205474254,1.092165239,0.000000000,0.000000000,0.000000000,1.000000000,1,-0.864790368,-0.381680740,0.819880966,0.000000000,0.000000000,-0.008810204,0.999961189,12
1782463495.120299339,37.284996510,10725,vicon_state_data,ball,1,0,-0.183925911,0.206259219,1.093337807,0.000000000,0.000000000,0.000000000,1.000000000,1,-0.865034691,-0.381287221,0.819900562,0.000000000,0.000000000,-0.005854072,0.999982865,12
1782463495.123615980,37.288313150,10726,vicon_state_data,ball,1,0,-0.182768133,0.206261110,1.093184796,0.000000000,0.000000000,0.000000000,1.000000000,1,-0.865101228,-0.381367700,0.819996131,0.000000000,0.000000000,-0.005690586,0.999983808,12
1782463495.126834869,37.291532040,10727,vicon_state_data,ball,1,0,-0.182001077,0.206653746,1.093759078,0.000000000,0.000000000,0.000000000,1.000000000,1,-0.865078765,-0.381364750,0.819876731,0.000000000,0.000000000,-0.005872030,0.999982759,12
1782463495.130024672,37.294721842,10728,vicon_state_data,ball,1,0,-0.181244394,0.207124013,1.094414425,0.000000000,0.000000000,0.000000000,1.000000000,1,-0.865050840,-0.381488454,0.819850402,0.000000000,0.000000000,-0.006156626,0.999981048,12
1782463495.133424044,37.298121214,10729,vicon_state_data,ball,1,0,-0.180442327,0.207547291,1.095128581,0.000000000,0.000000000,0.000000000,1.000000000,1,-0.864785135,-0.381894370,0.819770875,0.000000000,0.000000000,-0.009722705,0.999952733,12
1782463495.136893988,37.301591158,10730,vicon_state_data,ball,1,0,-0.179600950,0.207986621,1.095930863,0.000000000,0.000000000,0.000000000,1.000000000,1,-0.864797674,-0.381881566,0.819756241,0.000000000,0.000000000,-0.009675789,0.999953188,12
1782463495.140330791,37.305027962,10731,vicon_state_data,ball,1,0,-0.178654434,0.208396253,1.096733174,0.000000000,0.000000000,0.000000000,1.000000000,1,-0.865054647,-0.381594104,0.819782927,0.000000000,0.000000000,-0.006719379,0.999977425,12
1782463495.143602610,37.308299780,10732,vicon_state_data,ball,1,0,-0.177738151,0.208878859,1.097596763,0.000000000,0.000000000,0.000000000,1.000000000,1,-0.864787497,-0.382015101,0.819699333,0.000000000,0.000000000,-0.010166839,0.999948316,12
1782463495.146761894,37.311459064,10733,vicon_state_data,ball,1,0,-0.176767875,0.209297179,1.098536321,0.000000000,0.000000000,0.000000000,1.000000000,1,-0.865032408,-0.381671018,0.819669283,0.000000000,0.000000000,-0.007122763,0.999974633,12
1782463495.150096655,37.314793825,10734,vicon_state_data,ball,1,0,-0.175716582,0.209749791,1.099488774,0.000000000,0.000000000,0.000000000,1.000000000,1,-0.864817412,-0.382064093,0.819649060,0.000000000,0.000000000,-0.010118342,0.999948808,12
1782463495.153482914,37.318180084,10735,vicon_state_data,ball,1,0,-0.174636859,0.210142910,1.100465167,0.000000000,0.000000000,0.000000000,1.000000000,1,-0.865104812,-0.381697043,0.819699367,0.000000000,0.000000000,-0.006781158,0.999977008,12
1782463495.156781673,37.321478844,10736,vicon_state_data,ball,1,0,-0.173552526,0.210728075,1.101587409,0.000000000,0.000000000,0.000000000,1.000000000,1,-0.865051103,-0.382032696,0.819842831,0.000000000,0.000000000,-0.008851971,0.999960821,12
1782463495.160011292,37.324708462,10737,vicon_state_data,ball,1,0,-0.172359186,0.211140272,1.102704503,0.000000000,0.000000000,0.000000000,1.000000000,1,-0.864915403,-0.382109303,0.819684703,0.000000000,0.000000000,-0.009822420,0.999951759,12
1782463495.163473368,37.328170538,10738,vicon_state_data,ball,1,0,-0.171118288,0.211570952,1.103782938,0.000000000,0.000000000,0.000000000,1.000000000,1,-0.865135111,-0.382058103,0.819894534,0.000000000,0.000000000,-0.008493057,0.999963933,12
1782463495.167071342,37.331768513,10739,vicon_state_data,ball,1,0,-0.169903933,0.212117985,1.105050378,0.000000000,0.000000000,0.000000000,1.000000000,1,-0.865100421,-0.382159739,0.819811016,0.000000000,0.000000000,-0.008772299,0.999961523,12
1782463495.170571327,37.335268497,10740,vicon_state_data,ball,1,0,-0.168588802,0.212440799,1.106189280,0.000000000,0.000000000,0.000000000,1.000000000,1,-0.864970871,-0.382234339,0.819633068,0.000000000,0.000000000,-0.009694925,0.999953003,12
1782463495.173798800,37.338495970,10741,vicon_state_data,ball,1,0,-0.167314551,0.212988623,1.107547187,0.000000000,0.000000000,0.000000000,1.000000000,1,-0.865002169,-0.382259398,0.819651660,0.000000000,0.000000000,-0.009554427,0.999954355,12
1782463495.176855326,37.341552496,10742,vicon_state_data,ball,1,0,-0.166029574,0.213409794,1.108781409,0.000000000,0.000000000,0.000000000,1.000000000,1,-0.865181676,-0.382269320,0.819861924,0.000000000,0.000000000,-0.008591079,0.999963096,12
1782463495.180053234,37.344750404,10743,vicon_state_data,ball,1,0,-0.164676574,0.213877329,1.110101076,0.000000000,0.000000000,0.000000000,1.000000000,1,-0.864973883,-0.382418732,0.819615584,0.000000000,0.000000000,-0.010187098,0.999948110,12
1782463495.183799505,37.348496675,10744,vicon_state_data,ball,1,0,-0.163393879,0.214417717,1.111511333,0.000000000,0.000000000,0.000000000,1.000000000,1,-0.865214078,-0.382378049,0.819837953,0.000000000,0.000000000,-0.008504650,0.999963835,12
1782463495.186900139,37.351597309,10745,vicon_state_data,ball,1,0,-0.162013268,0.214845283,1.112887633,0.000000000,0.000000000,0.000000000,1.000000000,1,-0.865352409,-0.382111568,0.819755806,0.000000000,0.000000000,-0.006674873,0.999977723,12
1782463495.190149784,37.354846954,10746,vicon_state_data,ball,1,0,-0.160672547,0.215360203,1.114381767,0.000000000,0.000000000,0.000000000,1.000000000,1,-0.865399966,-0.382156293,0.819723725,0.000000000,0.000000000,-0.006344228,0.999979875,12
1782463495.193453550,37.358150721,10747,vicon_state_data,ball,1,0,-0.159278104,0.215797531,1.115818085,0.000000000,0.000000000,0.000000000,1.000000000,1,-0.865067898,-0.382530000,0.819632674,0.000000000,0.000000000,-0.010029387,0.999949704,12
1782463495.196693420,37.361390591,10748,vicon_state_data,ball,1,0,-0.157831011,0.216306644,1.117377694,0.000000000,0.000000000,0.000000000,1.000000000,1,-0.865269952,-0.382471018,0.819801687,0.000000000,0.000000000,-0.008598574,0.999963032,12
1782463495.200193644,37.364890814,10749,vicon_state_data,ball,1,0,-0.156468512,0.216784270,1.118891154,0.000000000,0.000000000,0.000000000,1.000000000,1,-0.865097530,-0.382612292,0.819610574,0.000000000,0.000000000,-0.009980972,0.999950189,12
1782463495.203498125,37.368195295,10750,vicon_state_data,ball,1,0,-0.154942551,0.217279053,1.120458054,0.000000000,0.000000000,0.000000000,1.000000000,1,-0.865375799,-0.382300515,0.819680117,0.000000000,0.000000000,-0.007025348,0.999975322,12
1782463495.206787586,37.371484756,10751,vicon_state_data,ball,1,0,-0.153469813,0.217804033,1.122097697,0.000000000,0.000000000,0.000000000,1.000000000,1,-0.865097746,-0.382722070,0.819586892,0.000000000,0.000000000,-0.010433949,0.999945565,12
1782463495.210276842,37.374974012,10752,vicon_state_data,ball,1,0,-0.151958423,0.218361723,1.123794222,0.000000000,0.000000000,0.000000000,1.000000000,1,-0.865275549,-0.382684998,0.819738045,0.000000000,0.000000000,-0.009213012,0.999957559,12
1782463495.213467598,37.378164768,10753,vicon_state_data,ball,1,0,-0.150457495,0.218839593,1.125439494,0.000000000,0.000000000,0.000000000,1.000000000,1,-0.865274337,-0.382723638,0.819704535,0.000000000,0.000000000,-0.009187365,0.999957795,12
1782463495.216752291,37.381449461,10754,vicon_state_data,ball,1,0,-0.149436243,0.219964470,1.127801684,0.000000000,0.000000000,0.000000000,1.000000000,1,-0.865280583,-0.382783699,0.819711875,0.000000000,0.000000000,-0.009499262,0.999954881,12
1782463495.220210075,37.384907246,10755,vicon_state_data,ball,1,0,-0.147896941,0.220427574,1.129417426,0.000000000,0.000000000,0.000000000,1.000000000,1,-0.865313527,-0.382781621,0.819733001,0.000000000,0.000000000,-0.009328112,0.999956492,12
1782463495.223448277,37.388145447,10756,vicon_state_data,ball,1,0,-0.146366688,0.220934830,1.131073359,0.000000000,0.000000000,0.000000000,1.000000000,1,-0.865337057,-0.382839442,0.819736939,0.000000000,0.000000000,-0.009342487,0.999956358,12
1782463495.226758003,37.391455173,10757,vicon_state_data,ball,1,0,-0.144814705,0.221448428,1.132786516,0.000000000,0.000000000,0.000000000,1.000000000,1,-0.865325398,-0.382757396,0.819743775,0.000000000,0.000000000,-0.009334100,0.999956436,12
1782463495.230113745,37.394810915,10758,vicon_state_data,ball,1,0,-0.143234157,0.221928544,1.134520454,0.000000000,0.000000000,0.000000000,1.000000000,1,-0.865195966,-0.382934822,0.819587631,0.000000000,0.000000000,-0.010443119,0.999945469,12
1782463495.233378887,37.398076057,10759,vicon_state_data,ball,1,0,-0.141691787,0.222355646,1.136200767,0.000000000,0.000000000,0.000000000,1.000000000,1,-0.865203402,-0.382991325,0.819581393,0.000000000,0.000000000,-0.010470637,0.999945181,12
1782463495.236689806,37.401386976,10760,vicon_state_data,ball,1,0,-0.140142511,0.222878690,1.137981666,0.000000000,0.000000000,0.000000000,1.000000000,1,-0.865424718,-0.382910750,0.819764544,0.000000000,0.000000000,-0.009005174,0.999959453,12
1782463495.240312338,37.405009508,10761,vicon_state_data,ball,1,0,-0.138535525,0.223354231,1.139800451,0.000000000,0.000000000,0.000000000,1.000000000,1,-0.865451351,-0.382959778,0.819788367,0.000000000,0.000000000,-0.008890273,0.999960481,12
1782463495.243511200,37.408208370,10762,vicon_state_data,ball,1,0,-0.136970649,0.223876062,1.141648292,0.000000000,0.000000000,0.000000000,1.000000000,1,-0.865483972,-0.382980228,0.819793417,0.000000000,0.000000000,-0.008703469,0.999962124,12
1782463495.247267485,37.411964655,10763,vicon_state_data,ball,1,0,-0.135454138,0.224321267,1.143477976,0.000000000,0.000000000,0.000000000,1.000000000,1,-0.865323605,-0.383120409,0.819619022,0.000000000,0.000000000,-0.010047144,0.999949526,12
1782463495.250172377,37.414869547,10764,vicon_state_data,ball,1,0,-0.133859036,0.224847804,1.145354547,0.000000000,0.000000000,0.000000000,1.000000000,1,-0.865336269,-0.383181102,0.819624711,0.000000000,0.000000000,-0.010096729,0.999949027,12
1782463495.253422737,37.418119907,10765,vicon_state_data,ball,1,0,-0.132360450,0.225295334,1.147213378,0.000000000,0.000000000,0.000000000,1.000000000,1,-0.865378432,-0.383198465,0.819635570,0.000000000,0.000000000,-0.009884939,0.999951143,12
1782463495.256889582,37.421586752,10766,vicon_state_data,ball,1,0,-0.130819146,0.225834497,1.149170324,0.000000000,0.000000000,0.000000000,1.000000000,1,-0.865404837,-0.383242672,0.819658230,0.000000000,0.000000000,-0.009727690,0.999952685,12
1782463495.260073662,37.424770832,10767,vicon_state_data,ball,1,0,-0.129356026,0.226296107,1.151012517,0.000000000,0.000000000,0.000000000,1.000000000,1,-0.865585839,-0.383232735,0.819851393,0.000000000,0.000000000,-0.008591028,0.999963096,12
1782463495.263375521,37.428072691,10768,vicon_state_data,ball,1,0,-0.127857151,0.226837056,1.152975857,0.000000000,0.000000000,0.000000000,1.000000000,1,-0.865611876,-0.383250011,0.819854465,0.000000000,0.000000000,-0.008500546,0.999963870,12
1782463495.267001867,37.431699038,10769,vicon_state_data,ball,1,0,-0.126393854,0.227295058,1.154803585,0.000000000,0.000000000,0.000000000,1.000000000,1,-0.865449292,-0.383388641,0.819684296,0.000000000,0.000000000,-0.009842813,0.999951558,12
1782463495.270158291,37.434855461,10770,vicon_state_data,ball,1,0,-0.124979306,0.227881811,1.156782363,0.000000000,0.000000000,0.000000000,1.000000000,1,-0.865623883,-0.383319871,0.819845106,0.000000000,0.000000000,-0.008622103,0.999962829,12
1782463495.273514509,37.438211679,10771,vicon_state_data,ball,1,0,-0.123580236,0.228376246,1.158622984,0.000000000,0.000000000,0.000000000,1.000000000,1,-0.865508631,-0.383419579,0.819748501,0.000000000,0.000000000,-0.009529814,0.999954590,12
1782463495.276821613,37.441518784,10772,vicon_state_data,ball,1,0,-0.122214816,0.228965012,1.160624680,0.000000000,0.000000000,0.000000000,1.000000000,1,-0.865622037,-0.383448676,0.819841372,0.000000000,0.000000000,-0.008906476,0.999960337,12
1782463495.280041218,37.444738388,10773,vicon_state_data,ball,1,0,-0.120953184,0.229501709,1.162516475,0.000000000,0.000000000,0.000000000,1.000000000,1,-0.865594244,-0.383537067,0.819849687,0.000000000,0.000000000,-0.009225940,0.999957440,12
1782463495.283492327,37.448189497,10774,vicon_state_data,ball,1,0,-0.119662795,0.230074143,1.164483403,0.000000000,0.000000000,0.000000000,1.000000000,1,-0.865629393,-0.383580562,0.819865138,0.000000000,0.000000000,-0.009101013,0.999958585,12
1782463495.286780357,37.451477528,10775,vicon_state_data,ball,1,0,-0.118457871,0.230723896,1.166426149,0.000000000,0.000000000,0.000000000,1.000000000,1,-0.865823661,-0.383273527,0.819850848,0.000000000,0.000000000,-0.006552548,0.999978532,12
1782463495.290211916,37.454909086,10776,vicon_state_data,ball,1,0,-0.117298977,0.231379776,1.168436961,0.000000000,0.000000000,0.000000000,1.000000000,1,-0.865617562,-0.383708271,0.819833009,0.000000000,0.000000000,-0.009495751,0.999954914,12
1782463495.293503761,37.458200932,10777,vicon_state_data,ball,1,0,-0.116189414,0.231911570,1.170288480,0.000000000,0.000000000,0.000000000,1.000000000,1,-0.865852813,-0.383351530,0.819879128,0.000000000,0.000000000,-0.006669358,0.999977760,12
1782463495.296651602,37.461348772,10778,vicon_state_data,ball,1,0,-0.115067102,0.232665626,1.172324624,0.000000000,0.000000000,0.000000000,1.000000000,1,-0.865614977,-0.383779686,0.819824384,0.000000000,0.000000000,-0.009554348,0.999954356,12
1782463495.300158739,37.464855909,10779,vicon_state_data,ball,1,0,-0.114044322,0.233333680,1.174225026,0.000000000,0.000000000,0.000000000,1.000000000,1,-0.865634528,-0.383829476,0.819841501,0.000000000,0.000000000,-0.009681486,0.999953133,12
1782463495.303633690,37.468330860,10780,vicon_state_data,ball,1,0,-0.113033405,0.234067718,1.176205527,0.000000000,0.000000000,0.000000000,1.000000000,1,-0.865864496,-0.383525482,0.819859390,0.000000000,0.000000000,-0.006783105,0.999976994,12
1782463495.306871653,37.471568823,10781,vicon_state_data,ball,1,0,-0.112140838,0.234757114,1.178136056,0.000000000,0.000000000,0.000000000,1.000000000,1,-0.865720119,-0.383850974,0.819890225,0.000000000,0.000000000,-0.009156576,0.999958078,12
1782463495.310198784,37.474895954,10782,vicon_state_data,ball,1,0,-0.111278200,0.235525075,1.180093115,0.000000000,0.000000000,0.000000000,1.000000000,1,-0.865687804,-0.383950228,0.819853525,0.000000000,0.000000000,-0.009494163,0.999954929,12
1782463495.313344002,37.478041172,10783,vicon_state_data,ball,1,0,-0.110437060,0.236318839,1.182051795,0.000000000,0.000000000,0.000000000,1.000000000,1,-0.865721452,-0.384038868,0.819923075,0.000000000,0.000000000,-0.009389122,0.999955921,12
1782463495.316707850,37.481405020,10784,vicon_state_data,ball,1,0,-0.109638867,0.237116487,1.184005231,0.000000000,0.000000000,0.000000000,1.000000000,1,-0.865716670,-0.384079463,0.819896876,0.000000000,0.000000000,-0.009533141,0.999954559,12
1782463495.320109606,37.484806776,10785,vicon_state_data,ball,1,0,-0.108908630,0.237926119,1.185931789,0.000000000,0.000000000,0.000000000,1.000000000,1,-0.865957482,-0.383739684,0.819898312,0.000000000,0.000000000,-0.006572026,0.999978404,12
1782463495.323662519,37.488359690,10786,vicon_state_data,ball,1,0,-0.108266440,0.238742983,1.187829032,0.000000000,0.000000000,0.000000000,1.000000000,1,-0.865800010,-0.384139715,0.819952155,0.000000000,0.000000000,-0.009112766,0.999958478,12
1782463495.326783419,37.491480589,10787,vicon_state_data,ball,1,0,-0.107618036,0.239702327,1.189845462,0.000000000,0.000000000,0.000000000,1.000000000,1,-0.865782048,-0.384234161,0.819916290,0.000000000,0.000000000,-0.009356825,0.999956224,12
1782463495.330215216,37.494912386,10788,vicon_state_data,ball,1,0,-0.107067373,0.240506279,1.191741453,0.000000000,0.000000000,0.000000000,1.000000000,1,-0.865858640,-0.384264514,0.820010724,0.000000000,0.000000000,-0.008923871,0.999960181,12
1782463495.333610058,37.498307228,10789,vicon_state_data,ball,1,0,-0.106537778,0.241445866,1.193692874,0.000000000,0.000000000,0.000000000,1.000000000,1,-0.865881420,-0.384312419,0.820016465,0.000000000,0.000000000,-0.008852905,0.999960812,12
1782463495.336933374,37.501630545,10790,vicon_state_data,ball,1,0,-0.106096897,0.242360746,1.195585040,0.000000000,0.000000000,0.000000000,1.000000000,1,-0.865922470,-0.384359433,0.820061216,0.000000000,0.000000000,-0.008660702,0.999962495,12
1782463495.340233564,37.504930735,10791,vicon_state_data,ball,1,0,-0.105691707,0.243250241,1.197503776,0.000000000,0.000000000,0.000000000,1.000000000,1,-0.865940950,-0.384391045,0.820092506,0.000000000,0.000000000,-0.008558177,0.999963378,12
1782463495.343510628,37.508207798,10792,vicon_state_data,ball,1,0,-0.105291738,0.244267898,1.199477063,0.000000000,0.000000000,0.000000000,1.000000000,1,-0.866101438,-0.384097049,0.819950066,0.000000000,0.000000000,-0.006111724,0.999981323,12
1782463495.346713781,37.511410952,10793,vicon_state_data,ball,1,0,-0.105017366,0.245194421,1.201381857,0.000000000,0.000000000,0.000000000,1.000000000,1,-0.865945607,-0.384514708,0.820129342,0.000000000,0.000000000,-0.008708971,0.999962076,12
1782463495.349997997,37.514695168,10794,vicon_state_data,ball,1,0,-0.104749380,0.246170467,1.203334756,0.000000000,0.000000000,0.000000000,1.000000000,1,-0.865919433,-0.384577161,0.820079510,0.000000000,0.000000000,-0.008932269,0.999960106,12
1782463495.353578091,37.518275261,10795,vicon_state_data,ball,1,0,-0.104539083,0.247150274,1.205238722,0.000000000,0.000000000,0.000000000,1.000000000,1,-0.865849514,-0.384759991,0.819985731,0.000000000,0.000000000,-0.009609202,0.999953831,12
1782463495.356993675,37.521690845,10796,vicon_state_data,ball,1,0,-0.104396169,0.248223197,1.207220750,0.000000000,0.000000000,0.000000000,1.000000000,1,-0.866101048,-0.384354307,0.819957430,0.000000000,0.000000000,-0.006401326,0.999979511,12
1782463495.360112429,37.524809599,10797,vicon_state_data,ball,1,0,-0.104256594,0.249288071,1.209123562,0.000000000,0.000000000,0.000000000,1.000000000,1,-0.865930809,-0.384777937,0.820056824,0.000000000,0.000000000,-0.009163978,0.999958010,12
1782463495.363534451,37.528231621,10798,vicon_state_data,ball,1,0,-0.104241978,0.250351891,1.211087884,0.000000000,0.000000000,0.000000000,1.000000000,1,-0.866121953,-0.384426405,0.819924409,0.000000000,0.000000000,-0.006479212,0.999979010,12
1782463495.366778851,37.531476021,10799,vicon_state_data,ball,1,0,-0.104239917,0.251429685,1.213006620,0.000000000,0.000000000,0.000000000,1.000000000,1,-0.865938346,-0.384885744,0.820062340,0.000000000,0.000000000,-0.009317024,0.999956596,12
1782463495.370244980,37.534942150,10800,vicon_state_data,ball,1,0,-0.104273211,0.252511502,1.214882771,0.000000000,0.000000000,0.000000000,1.000000000,1,-0.865938070,-0.384930627,0.820015202,0.000000000,0.000000000,-0.009412744,0.999955699,12
1782463495.373615503,37.538312674,10801,vicon_state_data,ball,1,0,-0.104397490,0.253665611,1.216892041,0.000000000,0.000000000,0.000000000,1.000000000,1,-0.865966883,-0.384838874,0.820055306,0.000000000,0.000000000,-0.008891055,0.999960474,12
1782463495.376906633,37.541603804,10802,vicon_state_data,ball,1,0,-0.104561115,0.254835001,1.218852117,0.000000000,0.000000000,0.000000000,1.000000000,1,-0.865988777,-0.384997193,0.820036880,0.000000000,0.000000000,-0.009227181,0.999957429,12
1782463495.380164385,37.544861555,10803,vicon_state_data,ball,1,0,-0.104812569,0.256013318,1.220719958,0.000000000,0.000000000,0.000000000,1.000000000,1,-0.865938422,-0.385092421,0.819967400,0.000000000,0.000000000,-0.009667068,0.999953273,12
1782463495.383477211,37.548174381,10804,vicon_state_data,ball,1,0,-0.105096273,0.257230479,1.222663723,0.000000000,0.000000000,0.000000000,1.000000000,1,-0.866227963,-0.384749915,0.820001495,0.000000000,0.000000000,-0.006364063,0.999979749,12
1782463495.386779785,37.551476955,10805,vicon_state_data,ball,1,0,-0.105412191,0.258463634,1.224588023,0.000000000,0.000000000,0.000000000,1.000000000,1,-0.866125719,-0.384822680,0.819853941,0.000000000,0.000000000,-0.006962891,0.999975759,12
1782463495.390160084,37.554857254,10806,vicon_state_data,ball,1,0,-0.105857054,0.259717681,1.226487742,0.000000000,0.000000000,0.000000000,1.000000000,1,-0.866234604,-0.384793310,0.819983303,0.000000000,0.000000000,-0.006312030,0.999980079,12
1782463495.393345356,37.558042526,10807,vicon_state_data,ball,1,0,-0.106323488,0.261052630,1.228393718,0.000000000,0.000000000,0.000000000,1.000000000,1,-0.866538632,-0.384784246,0.820240689,0.000000000,0.000000000,-0.004713681,0.999988891,12
1782463495.396740913,37.561438084,10808,vicon_state_data,ball,1,0,-0.106849852,0.262341665,1.230280257,0.000000000,0.000000000,0.000000000,1.000000000,1,-0.866492853,-0.384799606,0.820185526,0.000000000,0.000000000,-0.004904610,0.999987972,12
1782463495.399984121,37.564681292,10809,vicon_state_data,ball,1,0,-0.107485032,0.263678842,1.232095151,0.000000000,0.000000000,0.000000000,1.000000000,1,-0.866556184,-0.384879726,0.820242458,0.000000000,0.000000000,-0.004683258,0.999989033,12
1782463495.403958082,37.568655252,10810,vicon_state_data,ball,1,0,-0.108154622,0.265048001,1.233954670,0.000000000,0.000000000,0.000000000,1.000000000,1,-0.866529144,-0.384986956,0.820221045,0.000000000,0.000000000,-0.005040346,0.999987297,12
1782463495.406894922,37.571592093,10811,vicon_state_data,ball,1,0,-0.108879204,0.266444931,1.235838577,0.000000000,0.000000000,0.000000000,1.000000000,1,-0.866552667,-0.385050778,0.820223296,0.000000000,0.000000000,-0.005001609,0.999987492,12
1782463495.410173655,37.574870825,10812,vicon_state_data,ball,1,0,-0.109744393,0.267856573,1.237582992,0.000000000,0.000000000,0.000000000,1.000000000,1,-0.866558737,-0.385073156,0.820243599,0.000000000,0.000000000,-0.004987381,0.999987563,12
1782463495.413452625,37.578149796,10813,vicon_state_data,ball,1,0,-0.110589791,0.269298673,1.239417083,0.000000000,0.000000000,0.000000000,1.000000000,1,-0.866581584,-0.385097332,0.820242767,0.000000000,0.000000000,-0.004841214,0.999988281,12
1782463495.416771173,37.581468344,10814,vicon_state_data,ball,1,0,-0.111565857,0.270806354,1.241196686,0.000000000,0.000000000,0.000000000,1.000000000,1,-0.866585746,-0.385139511,0.820264484,0.000000000,0.000000000,-0.004752202,0.999988708,12
1782463495.420039892,37.584737062,10815,vicon_state_data,ball,1,0,-0.112557234,0.272207407,1.242892962,0.000000000,0.000000000,0.000000000,1.000000000,1,-0.866602661,-0.385178950,0.820283601,0.000000000,0.000000000,-0.004784032,0.999988556,12
1782463495.423440933,37.588138103,10816,vicon_state_data,ball,1,0,-0.113666279,0.273772829,1.244600457,0.000000000,0.000000000,0.000000000,1.000000000,1,-0.866602873,-0.385187538,0.820284574,0.000000000,0.000000000,-0.004876870,0.999988108,12
1782463495.426715851,37.591413021,10817,vicon_state_data,ball,1,0,-0.115145999,0.275420274,1.246572480,0.000000000,0.000000000,0.000000000,1.000000000,1,-0.866626660,-0.385234746,0.820330596,0.000000000,0.000000000,-0.004885532,0.999988066,12
1782463495.430110455,37.594807625,10818,vicon_state_data,ball,1,0,-0.116371280,0.277010558,1.248351985,0.000000000,0.000000000,0.000000000,1.000000000,1,-0.866626742,-0.385325977,0.820337899,0.000000000,0.000000000,-0.005006006,0.999987470,12
1782463495.433517456,37.598214626,10819,vicon_state_data,ball,1,0,-0.117361695,0.278329096,1.249724760,0.000000000,0.000000000,0.000000000,1.000000000,1,-0.866599077,-0.385365277,0.820288867,0.000000000,0.000000000,-0.005311436,0.999985894,12
1782463495.436810017,37.601507187,10820,vicon_state_data,ball,1,0,-0.118756639,0.280059499,1.251537657,0.000000000,0.000000000,0.000000000,1.000000000,1,-0.866623677,-0.385395643,0.820333865,0.000000000,0.000000000,-0.005149701,0.999986740,12
1782463495.440187931,37.604885101,10821,vicon_state_data,ball,1,0,-0.120572586,0.281784950,1.253458565,0.000000000,0.000000000,0.000000000,1.000000000,1,-0.866636110,-0.385439135,0.820351478,0.000000000,0.000000000,-0.005119207,0.999986897,12
1782463495.443400860,37.608098030,10822,vicon_state_data,ball,1,0,-0.121839924,0.283348834,1.254912805,0.000000000,0.000000000,0.000000000,1.000000000,1,-0.866662752,-0.385458349,0.820381498,0.000000000,0.000000000,-0.005185553,0.999986555,12
1782463495.447062492,37.611759663,10823,vicon_state_data,ball,1,0,-0.123398662,0.284993961,1.256537556,0.000000000,0.000000000,0.000000000,1.000000000,1,-0.866645412,-0.385487235,0.820334034,0.000000000,0.000000000,-0.005244475,0.999986248,12
1782463495.450263739,37.614960909,10824,vicon_state_data,ball,1,0,-0.125062374,0.286658341,1.258160472,0.000000000,0.000000000,0.000000000,1.000000000,1,-0.866664422,-0.385536551,0.820300043,0.000000000,0.000000000,-0.005318957,0.999985854,12
1782463495.453352451,37.618049622,10825,vicon_state_data,ball,1,0,-0.127164070,0.288432131,1.259994728,0.000000000,0.000000000,0.000000000,1.000000000,1,-0.866641251,-0.385496945,0.820268158,0.000000000,0.000000000,-0.005133011,0.999986826,12
1782463495.456798553,37.621495724,10826,vicon_state_data,ball,1,0,-0.129020023,0.290192258,1.261584641,0.000000000,0.000000000,0.000000000,1.000000000,1,-0.866678315,-0.385574756,0.820298334,0.000000000,0.000000000,-0.005178271,0.999986593,12
1782463495.460025549,37.624722719,10827,vicon_state_data,ball,1,0,-0.130598848,0.291924209,1.262992539,0.000000000,0.000000000,0.000000000,1.000000000,1,-0.866657249,-0.385639155,0.820288945,0.000000000,0.000000000,-0.005319933,0.999985849,12
1782463495.463586330,37.628283501,10828,vicon_state_data,ball,1,0,-0.132608452,0.293304830,1.264406910,0.000000000,0.000000000,0.000000000,1.000000000,1,-0.866679039,-0.385675848,0.820312807,0.000000000,0.000000000,-0.005205545,0.999986451,12
1782463495.466797590,37.631494761,10829,vicon_state_data,ball,1,0,-0.134997484,0.295461247,1.266319129,0.000000000,0.000000000,0.000000000,1.000000000,1,-0.866673518,-0.385680899,0.820287390,0.000000000,0.000000000,-0.005204959,0.999986454,12
1782463495.470251322,37.634948492,10830,vicon_state_data,ball,1,0,-0.137140671,0.296859357,1.267666900,0.000000000,0.000000000,0.000000000,1.000000000,1,-0.866721108,-0.385758726,0.820378396,0.000000000,0.000000000,-0.004903725,0.999987977,12
1782463495.473578691,37.638275862,10831,vicon_state_data,ball,1,0,-0.139421913,0.299000184,1.269370869,0.000000000,0.000000000,0.000000000,1.000000000,1,-0.866697047,-0.385747288,0.820312455,0.000000000,0.000000000,-0.004946321,0.999987767,12
1782463495.476757526,37.641454697,10832,vicon_state_data,ball,1,0,-0.141751652,0.300790762,1.270857931,0.000000000,0.000000000,0.000000000,1.000000000,1,-0.866698034,-0.385784893,0.820264732,0.000000000,0.000000000,-0.004930578,0.999987845,12
1782463495.479990482,37.644687653,10833,vicon_state_data,ball,1,0,-0.144072150,0.302356573,1.272154268,0.000000000,0.000000000,0.000000000,1.000000000,1,-0.866739819,-0.385837965,0.820301721,0.000000000,0.000000000,-0.004767651,0.999988635,12
1782463495.483294010,37.647991180,10834,vicon_state_data,ball,1,0,-0.146590203,0.304070431,1.273648541,0.000000000,0.000000000,0.000000000,1.000000000,1,-0.866695900,-0.385904477,0.820309695,0.000000000,0.000000000,-0.005010822,0.999987446,12
1782463495.486666441,37.651363611,10835,vicon_state_data,ball,1,0,-0.148826521,0.306281966,1.275080688,0.000000000,0.000000000,0.000000000,1.000000000,1,-0.866745325,-0.385957525,0.820347290,0.000000000,0.000000000,-0.004737788,0.999988777,12
1782463495.490073204,37.654770374,10836,vicon_state_data,ball,1,0,-0.151728043,0.307777947,1.276473727,0.000000000,0.000000000,0.000000000,1.000000000,1,-0.866771439,-0.385983508,0.820383005,0.000000000,0.000000000,-0.004726301,0.999988831,12
1782463495.493443251,37.658140421,10837,vicon_state_data,ball,1,0,-0.154376634,0.309555609,1.277798170,0.000000000,0.000000000,0.000000000,1.000000000,1,-0.866753328,-0.386043046,0.820362037,0.000000000,0.000000000,-0.004816951,0.999988398,12
1782463495.496902227,37.661599398,10838,vicon_state_data,ball,1,0,-0.157161444,0.311483602,1.279255481,0.000000000,0.000000000,0.000000000,1.000000000,1,-0.866781808,-0.386068141,0.820399936,0.000000000,0.000000000,-0.004723109,0.999988846,12
1782463495.500084400,37.664781570,10839,vicon_state_data,ball,1,0,-0.160059435,0.313582936,1.280761900,0.000000000,0.000000000,0.000000000,1.000000000,1,-0.866805066,-0.386106454,0.820427030,0.000000000,0.000000000,-0.004531568,0.999989732,12
1782463495.503532171,37.668229342,10840,vicon_state_data,ball,1,0,-0.162871559,0.315061266,1.281909139,0.000000000,0.000000000,0.000000000,1.000000000,1,-0.866805651,-0.386147916,0.820422719,0.000000000,0.000000000,-0.004572484,0.999989546,12
1782463495.506955624,37.671652794,10841,vicon_state_data,ball,1,0,-0.165813962,0.316738519,1.283157817,0.000000000,0.000000000,0.000000000,1.000000000,1,-0.866783615,-0.386196580,0.820380564,0.000000000,0.000000000,-0.004704562,0.999988933,12
1782463495.510161638,37.674858809,10842,vicon_state_data,ball,1,0,-0.168793566,0.318497805,1.284314340,0.000000000,0.000000000,0.000000000,1.000000000,1,-0.866837172,-0.386246631,0.820480480,0.000000000,0.000000000,-0.004602358,0.999989409,12
1782463495.513488054,37.678185225,10843,vicon_state_data,ball,1,0,-0.171967222,0.320230627,1.285685244,0.000000000,0.000000000,0.000000000,1.000000000,1,-0.866761693,-0.386398923,0.820654398,0.000000000,0.000000000,-0.005422677,0.999985297,12
1782463495.516889334,37.681586504,10844,vicon_state_data,ball,1,0,-0.175121232,0.322429449,1.287041843,0.000000000,0.000000000,0.000000000,1.000000000,1,-0.866832214,-0.386270049,0.820435720,0.000000000,0.000000000,-0.004470565,0.999990007,12
1782463495.520317078,37.685014248,10845,vicon_state_data,ball,1,0,-0.178247372,0.324169954,1.288120666,0.000000000,0.000000000,0.000000000,1.000000000,1,-0.866687741,-0.386314249,0.820228742,0.000000000,0.000000000,-0.005222217,0.999986364,12
1782463495.523774385,37.688471556,10846,vicon_state_data,ball,1,0,-0.181513955,0.325891184,1.289204178,0.000000000,0.000000000,0.000000000,1.000000000,1,-0.866722951,-0.386525161,0.820600770,0.000000000,0.000000000,-0.005773062,0.999983336,12
1782463495.526827574,37.691524744,10847,vicon_state_data,ball,1,0,-0.184728803,0.327256776,1.290112614,0.000000000,0.000000000,0.000000000,1.000000000,1,-0.866741584,-0.386519037,0.820616293,0.000000000,0.000000000,-0.005599094,0.999984325,12
1782463495.530072212,37.694769382,10848,vicon_state_data,ball,1,0,-0.188058509,0.329359150,1.291159125,0.000000000,0.000000000,0.000000000,1.000000000,1,-0.866772202,-0.386563410,0.820685151,0.000000000,0.000000000,-0.005456343,0.999985114,12
1782463495.533483744,37.698180914,10849,vicon_state_data,ball,1,0,-0.191500589,0.330706102,1.292175341,0.000000000,0.000000000,0.000000000,1.000000000,1,-0.866711167,-0.386396203,0.820258418,0.000000000,0.000000000,-0.005042888,0.999987285,12
1782463495.536642551,37.701339722,10850,vicon_state_data,ball,1,0,-0.194902206,0.332712600,1.293100622,0.000000000,0.000000000,0.000000000,1.000000000,1,-0.866251220,-0.386806362,0.819998336,0.000000000,0.000000000,-0.009044161,0.999959101,12
1782463495.540065527,37.704762697,10851,vicon_state_data,ball,1,0,-0.198389068,0.334405278,1.293984553,0.000000000,0.000000000,0.000000000,1.000000000,1,-0.866235924,-0.386845360,0.819973954,0.000000000,0.000000000,-0.009181425,0.999957850,12
1782463495.543612719,37.708309889,10852,vicon_state_data,ball,1,0,-0.201943567,0.336061361,1.294804699,0.000000000,0.000000000,0.000000000,1.000000000,1,-0.866372382,-0.386769855,0.820142702,0.000000000,0.000000000,-0.008002148,0.999967982,12
1782463495.546755552,37.711452723,10853,vicon_state_data,ball,1,0,-0.205531839,0.337668059,1.295615531,0.000000000,0.000000000,0.000000000,1.000000000,1,-0.866363486,-0.386807066,0.820105762,0.000000000,0.000000000,-0.008152076,0.999966771,12
1782463495.549982309,37.714679480,10854,vicon_state_data,ball,1,0,-0.209268643,0.338938489,1.296513076,0.000000000,0.000000000,0.000000000,1.000000000,1,-0.866333707,-0.386862540,0.820056858,0.000000000,0.000000000,-0.008279641,0.999965723,12
1782463495.553279638,37.717976809,10855,vicon_state_data,ball,1,0,-0.212904739,0.340832171,1.297179645,0.000000000,0.000000000,0.000000000,1.000000000,1,-0.866481074,-0.386816554,0.820217353,0.000000000,0.000000000,-0.007250796,0.999973713,12
1782463495.556877851,37.721575022,10856,vicon_state_data,ball,1,0,-0.216730827,0.342038039,1.297991281,0.000000000,0.000000000,0.000000000,1.000000000,1,-0.866232427,-0.387012630,0.819919656,0.000000000,0.000000000,-0.009069863,0.999958868,12
1782463495.560063124,37.724760294,10857,vicon_state_data,ball,1,0,-0.220407291,0.343855230,1.298495405,0.000000000,0.000000000,0.000000000,1.000000000,1,-0.866351879,-0.386975387,0.820057626,0.000000000,0.000000000,-0.008192191,0.999966443,12
1782463495.563276291,37.727973461,10858,vicon_state_data,ball,1,0,-0.224337052,0.345083044,1.299317142,0.000000000,0.000000000,0.000000000,1.000000000,1,-0.866258678,-0.387066725,0.819909427,0.000000000,0.000000000,-0.008957645,0.999959879,12
1782463495.566632032,37.731329203,10859,vicon_state_data,ball,1,0,-0.228184118,0.346523269,1.299876562,0.000000000,0.000000000,0.000000000,1.000000000,1,-0.866257572,-0.387095436,0.819927399,0.000000000,0.000000000,-0.008908402,0.999960319,12
1782463495.570235252,37.734932423,10860,vicon_state_data,ball,1,0,-0.231965999,0.348195125,1.300173128,0.000000000,0.000000000,0.000000000,1.000000000,1,-0.866289283,-0.387094603,0.819946101,0.000000000,0.000000000,-0.008596414,0.999963050,12
1782463495.573575974,37.738273144,10861,vicon_state_data,ball,1,0,-0.236096522,0.349402924,1.300997151,0.000000000,0.000000000,0.000000000,1.000000000,1,-0.866268019,-0.387137401,0.819890087,0.000000000,0.000000000,-0.008803594,0.999961248,12
1782463495.576807261,37.741504431,10862,vicon_state_data,ball,1,0,-0.239904065,0.350997464,1.301149780,0.000000000,0.000000000,0.000000000,1.000000000,1,-0.866278516,-0.387156202,0.819946740,0.000000000,0.000000000,-0.008717594,0.999962001,12
1782463495.580106497,37.744803667,10863,vicon_state_data,ball,1,0,-0.243906455,0.352255057,1.301475319,0.000000000,0.000000000,0.000000000,1.000000000,1,-0.866309849,-0.387158918,0.819905143,0.000000000,0.000000000,-0.008520122,0.999963703,12
1782463495.583463669,37.748160839,10864,vicon_state_data,ball,1,0,-0.248219353,0.353380762,1.302244972,0.000000000,0.000000000,0.000000000,1.000000000,1,-0.866292791,-0.387223947,0.819890644,0.000000000,0.000000000,-0.008692301,0.999962221,12
1782463495.586731434,37.751428604,10865,vicon_state_data,ball,1,0,-0.252190295,0.354813517,1.302302237,0.000000000,0.000000000,0.000000000,1.000000000,1,-0.866297750,-0.387241040,0.819912963,0.000000000,0.000000000,-0.008633850,0.999962728,12
1782463495.590299368,37.754996538,10866,vicon_state_data,ball,1,0,-0.256244339,0.355982266,1.302465923,0.000000000,0.000000000,0.000000000,1.000000000,1,-0.866274685,-0.387308835,0.819859598,0.000000000,0.000000000,-0.008896677,0.999960424,12
1782463495.593467236,37.758164406,10867,vicon_state_data,ball,1,0,-0.260691408,0.357066969,1.303115065,0.000000000,0.000000000,0.000000000,1.000000000,1,-0.866311406,-0.387332703,0.819876174,0.000000000,0.000000000,-0.008779815,0.999961457,12
1782463495.596611261,37.761308432,10868,vicon_state_data,ball,1,0,-0.264980437,0.358152087,1.303323247,0.000000000,0.000000000,0.000000000,1.000000000,1,-0.866311482,-0.387364869,0.819840526,0.000000000,0.000000000,-0.008755808,0.999961667,12
1782463495.600041866,37.764739037,10869,vicon_state_data,ball,1,0,-0.269044048,0.359352934,1.303099531,0.000000000,0.000000000,0.000000000,1.000000000,1,-0.866287324,-0.387411624,0.819826909,0.000000000,0.000000000,-0.008931236,0.999960116,12
1782463495.603695869,37.768393040,10870,vicon_state_data,ball,1,0,-0.273493962,0.360350998,1.303425982,0.000000000,0.000000000,0.000000000,1.000000000,1,-0.866326415,-0.387396270,0.819871565,0.000000000,0.000000000,-0.008541454,0.999963521,12
1782463495.606932878,37.771630049,10871,vicon_state_data,ball,1,0,-0.277904399,0.361311364,1.303516439,0.000000000,0.000000000,0.000000000,1.000000000,1,-0.866269191,-0.387464208,0.819777099,0.000000000,0.000000000,-0.009141717,0.999958214,12
1782463495.609989166,37.774686337,10872,vicon_state_data,ball,1,0,-0.282228007,0.362336947,1.303305522,0.000000000,0.000000000,0.000000000,1.000000000,1,-0.866304341,-0.387400930,0.819816365,0.000000000,0.000000000,-0.008668139,0.999962431,12
1782463495.613351107,37.778048277,10873,vicon_state_data,ball,1,0,-0.286675854,0.363197635,1.303164851,0.000000000,0.000000000,0.000000000,1.000000000,1,-0.866466169,-0.387190652,0.819778989,0.000000000,0.000000000,-0.006530019,0.999978679,12
1782463495.616817713,37.781514883,10874,vicon_state_data,ball,1,0,-0.291127395,0.364081475,1.303072032,0.000000000,0.000000000,0.000000000,1.000000000,1,-0.866303277,-0.387471036,0.819795356,0.000000000,0.000000000,-0.008837306,0.999960950,12
1782463495.620283127,37.784980297,10875,vicon_state_data,ball,1,0,-0.295622348,0.364839580,1.302833356,0.000000000,0.000000000,0.000000000,1.000000000,1,-0.866286970,-0.387527734,0.819756777,0.000000000,0.000000000,-0.008780266,0.999961453,12
1782463495.623470068,37.788167238,10876,vicon_state_data,ball,1,0,-0.300110057,0.365682735,1.302620903,0.000000000,0.000000000,0.000000000,1.000000000,1,-0.866292047,-0.387479689,0.819777689,0.000000000,0.000000000,-0.008656748,0.999962530,12
1782463495.626740694,37.791437864,10877,vicon_state_data,ball,1,0,-0.304659352,0.366470444,1.302348355,0.000000000,0.000000000,0.000000000,1.000000000,1,-0.866285904,-0.387569575,0.819782693,0.000000000,0.000000000,-0.008858854,0.999960760,12
1782463495.630121946,37.794819117,10878,vicon_state_data,ball,1,0,-0.309083459,0.367226433,1.301823548,0.000000000,0.000000000,0.000000000,1.000000000,1,-0.866481639,-0.387283869,0.819799008,0.000000000,0.000000000,-0.006392203,0.999979570,12
1782463495.633443117,37.798140287,10879,vicon_state_data,ball,1,0,-0.313479937,0.367933579,1.301098747,0.000000000,0.000000000,0.000000000,1.000000000,1,-0.866371459,-0.387499071,0.819862199,0.000000000,0.000000000,-0.008096469,0.999967223,12
1782463495.636898518,37.801595688,10880,vicon_state_data,ball,1,0,-0.318069797,0.368779945,1.300503598,0.000000000,0.000000000,0.000000000,1.000000000,1,-0.866310878,-0.387591264,0.819804694,0.000000000,0.000000000,-0.008552673,0.999963425,12
1782463495.640497923,37.805195093,10881,vicon_state_data,ball,1,0,-0.322503826,0.369570833,1.299712113,0.000000000,0.000000000,0.000000000,1.000000000,1,-0.866283799,-0.387665671,0.819801090,0.000000000,0.000000000,-0.008797955,0.999961297,12
1782463495.643680096,37.808377266,10882,vicon_state_data,ball,1,0,-0.326956890,0.370297982,1.298756244,0.000000000,0.000000000,0.000000000,1.000000000,1,-0.866292138,-0.387674335,0.819827383,0.000000000,0.000000000,-0.008759003,0.999961639,12
1782463495.646703720,37.811400890,10883,vicon_state_data,ball,1,0,-0.331654122,0.371046958,1.298049115,0.000000000,0.000000000,0.000000000,1.000000000,1,-0.866298330,-0.387723890,0.819849413,0.000000000,0.000000000,-0.008556114,0.999963396,12
1782463495.650151730,37.814848900,10884,vicon_state_data,ball,1,0,-0.336334069,0.371982601,1.297410746,0.000000000,0.000000000,0.000000000,1.000000000,1,-0.866494637,-0.387463066,0.819920299,0.000000000,0.000000000,-0.006038442,0.999981768,12
1782463495.653588057,37.818285227,10885,vicon_state_data,ball,1,0,-0.340539117,0.372853926,1.296235428,0.000000000,0.000000000,0.000000000,1.000000000,1,-0.866279010,-0.387820100,0.819882400,0.000000000,0.000000000,-0.008697380,0.999962177,12
1782463495.656725168,37.821422338,10886,vicon_state_data,ball,1,0,-0.344447622,0.373359681,1.294625249,0.000000000,0.000000000,0.000000000,1.000000000,1,-0.866253603,-0.387824597,0.819874475,0.000000000,0.000000000,-0.008766456,0.999961574,12
1782463495.660049438,37.824746609,10887,vicon_state_data,ball,1,0,-0.348694721,0.373831886,1.293095868,0.000000000,0.000000000,0.000000000,1.000000000,1,-0.866245066,-0.387872703,0.819902191,0.000000000,0.000000000,-0.008763627,0.999961599,12
1782463495.663549662,37.828246832,10888,vicon_state_data,ball,1,0,-0.353076785,0.374490477,1.291574494,0.000000000,0.000000000,0.000000000,1.000000000,1,-0.866218718,-0.387921531,0.819874639,0.000000000,0.000000000,-0.008874575,0.999960620,12
1782463495.666912794,37.831609964,10889,vicon_state_data,ball,1,0,-0.357765246,0.375430870,1.290082194,0.000000000,0.000000000,0.000000000,1.000000000,1,-0.866422929,-0.387596562,0.819872519,0.000000000,0.000000000,-0.006586699,0.999978307,12
1782463495.670030355,37.834727526,10890,vicon_state_data,ball,1,0,-0.362509844,0.376476979,1.288654891,0.000000000,0.000000000,0.000000000,1.000000000,1,-0.866244186,-0.387926948,0.819834955,0.000000000,0.000000000,-0.008709974,0.999962067,12
1782463495.673489571,37.838186741,10891,vicon_state_data,ball,1,0,-0.366973712,0.377203386,1.286881264,0.000000000,0.000000000,0.000000000,1.000000000,1,-0.866214293,-0.387951049,0.819795196,0.000000000,0.000000000,-0.008966335,0.999959802,12
1782463495.676723957,37.841421127,10892,vicon_state_data,ball,1,0,-0.371417011,0.377843797,1.284972980,0.000000000,0.000000000,0.000000000,1.000000000,1,-0.866404417,-0.387765883,0.819825079,0.000000000,0.000000000,-0.006596438,0.999978243,12
1782463495.680338621,37.845035791,10893,vicon_state_data,ball,1,0,-0.375963937,0.378330468,1.282885774,0.000000000,0.000000000,0.000000000,1.000000000,1,-0.866236692,-0.388004688,0.819891396,0.000000000,0.000000000,-0.008616059,0.999962881,12
1782463495.684150934,37.848848104,10894,vicon_state_data,ball,1,0,-0.380369150,0.379370957,1.281008919,0.000000000,0.000000000,0.000000000,1.000000000,1,-0.866377140,-0.387837489,0.819850885,0.000000000,0.000000000,-0.006781778,0.999977003,12
1782463495.686924458,37.851621628,10895,vicon_state_data,ball,1,0,-0.384689177,0.380145329,1.278383794,0.000000000,0.000000000,0.000000000,1.000000000,1,-0.866350302,-0.387893754,0.819831323,0.000000000,0.000000000,-0.007074770,0.999974974,12
1782463495.690432072,37.855129242,10896,vicon_state_data,ball,1,0,-0.389410118,0.381001339,1.276563191,0.000000000,0.000000000,0.000000000,1.000000000,1,-0.866136129,-0.388205056,0.819828009,0.000000000,0.000000000,-0.009507874,0.999954799,12
1782463495.693403721,37.858100891,10897,vicon_state_data,ball,1,0,-0.394071421,0.381726694,1.274482348,0.000000000,0.000000000,0.000000000,1.000000000,1,-0.866074791,-0.388296850,0.819758782,0.000000000,0.000000000,-0.009827099,0.999951713,12
1782463495.696643114,37.861340284,10898,vicon_state_data,ball,1,0,-0.398614971,0.382525631,1.272104215,0.000000000,0.000000000,0.000000000,1.000000000,1,-0.866090423,-0.388307175,0.819807994,0.000000000,0.000000000,-0.009757243,0.999952397,12
1782463495.700022459,37.864719629,10899,vicon_state_data,ball,1,0,-0.403148406,0.383364676,1.269592816,0.000000000,0.000000000,0.000000000,1.000000000,1,-0.866055296,-0.388434160,0.819775073,0.000000000,0.000000000,-0.010110872,0.999948884,12
1782463495.703524828,37.868221998,10900,vicon_state_data,ball,1,0,-0.407682634,0.384216069,1.266987995,0.000000000,0.000000000,0.000000000,1.000000000,1,-0.866272610,-0.388118924,0.819837828,0.000000000,0.000000000,-0.007515803,0.999971756,12
1782463495.706686020,37.871383190,10901,vicon_state_data,ball,1,0,-0.412250818,0.385079431,1.264324834,0.000000000,0.000000000,0.000000000,1.000000000,1,-0.866121630,-0.388331208,0.819847830,0.000000000,0.000000000,-0.009372189,0.999956080,12
1782463495.709958315,37.874655485,10902,vicon_state_data,ball,1,0,-0.416722849,0.385876431,1.261413476,0.000000000,0.000000000,0.000000000,1.000000000,1,-0.866140597,-0.388362080,0.819901291,0.000000000,0.000000000,-0.009184110,0.999957825,12
1782463495.713401556,37.878098726,10903,vicon_state_data,ball,1,0,-0.421181836,0.386716160,1.258285137,0.000000000,0.000000000,0.000000000,1.000000000,1,-0.866103548,-0.388480041,0.819904995,0.000000000,0.000000000,-0.009477792,0.999955085,12
1782463495.716861486,37.881558657,10904,vicon_state_data,ball,1,0,-0.425805678,0.387554134,1.254420161,0.000000000,0.000000000,0.000000000,1.000000000,1,-0.866188629,-0.388506085,0.820023479,0.000000000,0.000000000,-0.009065385,0.999958909,12
1782463495.720015287,37.884712458,10905,vicon_state_data,ball,1,0,-0.430004915,0.388823239,1.251739573,0.000000000,0.000000000,0.000000000,1.000000000,1,-0.866070290,-0.388566445,0.819922523,0.000000000,0.000000000,-0.009682767,0.999953121,12
1782463495.723436356,37.888133526,10906,vicon_state_data,ball,1,0,-0.434657987,0.389221807,1.248473201,0.000000000,0.000000000,0.000000000,1.000000000,1,-0.866041790,-0.388646891,0.819925843,0.000000000,0.000000000,-0.009829445,0.999951690,12
1782463495.726734161,37.891431332,10907,vicon_state_data,ball,1,0,-0.439119131,0.389995616,1.245069068,0.000000000,0.000000000,0.000000000,1.000000000,1,-0.866053405,-0.388626222,0.819920612,0.000000000,0.000000000,-0.009680541,0.999953142,12
1782463495.730024815,37.894721985,10908,vicon_state_data,ball,1,0,-0.443573404,0.390752286,1.241493165,0.000000000,0.000000000,0.000000000,1.000000000,1,-0.866030929,-0.388666177,0.819924967,0.000000000,0.000000000,-0.009858107,0.999951408,12
1782463495.733298779,37.897995949,10909,vicon_state_data,ball,1,0,-0.448010664,0.391541695,1.237787180,0.000000000,0.000000000,0.000000000,1.000000000,1,-0.866025705,-0.388721790,0.819915275,0.000000000,0.000000000,-0.009773313,0.999952240,12
1782463495.736736536,37.901433706,10910,vicon_state_data,ball,1,0,-0.451844277,0.392616007,1.234488330,0.000000000,0.000000000,0.000000000,1.000000000,1,-0.866008471,-0.388770067,0.819919707,0.000000000,0.000000000,-0.009936106,0.999950636,12
1782463495.740209579,37.904906750,10911,vicon_state_data,ball,1,0,-0.456980162,0.392821310,1.230591733,0.000000000,0.000000000,0.000000000,1.000000000,1,-0.866216910,-0.388463853,0.819897764,0.000000000,0.000000000,-0.007341146,0.999973053,12
1782463495.743309736,37.908006907,10912,vicon_state_data,ball,1,0,-0.461375954,0.393569452,1.226499806,0.000000000,0.000000000,0.000000000,1.000000000,1,-0.865966918,-0.388875237,0.819892353,0.000000000,0.000000000,-0.010232317,0.999947648,12
1782463495.746870756,37.911567926,10913,vicon_state_data,ball,1,0,-0.456688442,0.392635350,1.223393431,0.000000000,0.000000000,0.000000000,1.000000000,1,-0.865969568,-0.388894970,0.819883357,0.000000000,0.000000000,-0.010065552,0.999949341,12
1782463495.750053644,37.914750814,10914,vicon_state_data,ball,1,0,-0.441837952,0.389822072,1.221332690,0.000000000,0.000000000,0.000000000,1.000000000,1,-0.866180549,-0.388544608,0.819854019,0.000000000,0.000000000,-0.007524621,0.999971690,12
1782463495.753323317,37.918020487,10915,vicon_state_data,ball,1,0,-0.426741145,0.387017077,1.218949490,0.000000000,0.000000000,0.000000000,1.000000000,1,-0.866189544,-0.388542076,0.819827156,0.000000000,0.000000000,-0.007458418,0.999972186,12
1782463495.756844521,37.921541691,10916,vicon_state_data,ball,1,0,-0.411809084,0.384376132,1.216554669,0.000000000,0.000000000,0.000000000,1.000000000,1,-0.865950668,-0.388920302,0.819880785,0.000000000,0.000000000,-0.010245307,0.999947515,12
1782463495.760221004,37.924918175,10917,vicon_state_data,ball,1,0,-0.397323502,0.381454941,1.213650343,0.000000000,0.000000000,0.000000000,1.000000000,1,-0.865943920,-0.388980099,0.819905501,0.000000000,0.000000000,-0.010245048,0.999947518,12
1782463495.763688564,37.928385735,10918,vicon_state_data,ball,1,0,-0.382904267,0.378598867,1.211111981,0.000000000,0.000000000,0.000000000,1.000000000,1,-0.865892236,-0.389048955,0.819850645,0.000000000,0.000000000,-0.010727484,0.999942459,12
1782463495.766744852,37.931442022,10919,vicon_state_data,ball,1,0,-0.368200569,0.375875663,1.208631528,0.000000000,0.000000000,0.000000000,1.000000000,1,-0.865928344,-0.389043621,0.819913255,0.000000000,0.000000000,-0.010242061,0.999947549,12
1782463495.770036459,37.934733629,10920,vicon_state_data,ball,1,0,-0.353543215,0.373241575,1.205979098,0.000000000,0.000000000,0.000000000,1.000000000,1,-0.865920062,-0.389054095,0.819898319,0.000000000,0.000000000,-0.010269452,0.999947268,12
1782463495.773346901,37.938044071,10921,vicon_state_data,ball,1,0,-0.338896328,0.370531910,1.203541192,0.000000000,0.000000000,0.000000000,1.000000000,1,-0.865883333,-0.389149853,0.819864423,0.000000000,0.000000000,-0.010527714,0.999944582,12
1782463495.776630640,37.941327810,10922,vicon_state_data,ball,1,0,-0.324263630,0.367927486,1.200862209,0.000000000,0.000000000,0.000000000,1.000000000,1,-0.865891856,-0.389075468,0.819794912,0.000000000,0.000000000,-0.010524139,0.999944620,12
1782463495.780326366,37.945023537,10923,vicon_state_data,ball,1,0,-0.309611932,0.365281674,1.198078431,0.000000000,0.000000000,0.000000000,1.000000000,1,-0.866083454,-0.388848585,0.819828790,0.000000000,0.000000000,-0.007847594,0.999969207,12
1782463495.783618212,37.948315382,10924,vicon_state_data,ball,1,0,-0.294946920,0.362629729,1.195123625,0.000000000,0.000000000,0.000000000,1.000000000,1,-0.866394419,-0.388305040,0.819961840,0.000000000,0.000000000,-0.005270404,0.999986111,12
1782463495.786781549,37.951478720,10925,vicon_state_data,ball,1,0,-0.280187669,0.360116732,1.192049481,0.000000000,0.000000000,0.000000000,1.000000000,1,-0.865995889,-0.389013610,0.819913667,0.000000000,0.000000000,-0.008954610,0.999959907,12
1782463495.790084600,37.954781771,10926,vicon_state_data,ball,1,0,-0.265546250,0.357581668,1.188760855,0.000000000,0.000000000,0.000000000,1.000000000,1,-0.865994660,-0.389018857,0.819844782,0.000000000,0.000000000,-0.008981455,0.999959666,12
1782463495.793437719,37.958134890,10927,vicon_state_data,ball,1,0,-0.251142657,0.354734661,1.185217923,0.000000000,0.000000000,0.000000000,1.000000000,1,-0.866010826,-0.388928010,0.819826705,0.000000000,0.000000000,-0.008626019,0.999962795,12
1782463495.796837568,37.961534739,10928,vicon_state_data,ball,1,0,-0.236664788,0.351878540,1.181553228,0.000000000,0.000000000,0.000000000,1.000000000,1,-0.866129293,-0.388794444,0.819792636,0.000000000,0.000000000,-0.006863174,0.999976448,12
1782463495.800032616,37.964729786,10929,vicon_state_data,ball,1,0,-0.222149689,0.349159715,1.177750617,0.000000000,0.000000000,0.000000000,1.000000000,1,-0.866012154,-0.388973085,0.819846160,0.000000000,0.000000000,-0.008490224,0.999963957,12
1782463495.803357840,37.968055010,10930,vicon_state_data,ball,1,0,-0.207689778,0.346374480,1.173749176,0.000000000,0.000000000,0.000000000,1.000000000,1,-0.865999198,-0.389066402,0.819913922,0.000000000,0.000000000,-0.008533225,0.999963591,12
1782463495.806871891,37.971569061,10931,vicon_state_data,ball,1,0,-0.193263389,0.343651665,1.169695751,0.000000000,0.000000000,0.000000000,1.000000000,1,-0.865993396,-0.389121943,0.819878978,0.000000000,0.000000000,-0.008608757,0.999962944,12
1782463495.810198307,37.974895477,10932,vicon_state_data,ball,1,0,-0.178883121,0.340867673,1.165528366,0.000000000,0.000000000,0.000000000,1.000000000,1,-0.865974010,-0.389144445,0.819861869,0.000000000,0.000000000,-0.008677340,0.999962351,12
1782463495.813604832,37.978302002,10933,vicon_state_data,ball,1,0,-0.164521492,0.338295679,1.161144636,0.000000000,0.000000000,0.000000000,1.000000000,1,-0.866148690,-0.388801513,0.819810908,0.000000000,0.000000000,-0.006370428,0.999979709,12
1782463495.816717386,37.981414557,10934,vicon_state_data,ball,1,0,-0.150172261,0.335933623,1.156621067,0.000000000,0.000000000,0.000000000,1.000000000,1,-0.865920080,-0.389197925,0.819838119,0.000000000,0.000000000,-0.009014118,0.999959372,12
1782463495.819993258,37.984690428,10935,vicon_state_data,ball,1,0,-0.135971576,0.333425004,1.152266969,0.000000000,0.000000000,0.000000000,1.000000000,1,-0.865883942,-0.389233172,0.819847923,0.000000000,0.000000000,-0.009114947,0.999958458,12
1782463495.823425770,37.988122940,10936,vicon_state_data,ball,1,0,-0.121805815,0.330987915,1.147825019,0.000000000,0.000000000,0.000000000,1.000000000,1,-0.865876360,-0.389272853,0.819826676,0.000000000,0.000000000,-0.009191584,0.999957756,12
1782463495.826781034,37.991478205,10937,vicon_state_data,ball,1,0,-0.107657904,0.328543442,1.143240186,0.000000000,0.000000000,0.000000000,1.000000000,1,-0.865856932,-0.389281167,0.819805831,0.000000000,0.000000000,-0.009339441,0.999956386,12
1782463495.830170631,37.994867802,10938,vicon_state_data,ball,1,0,-0.093563064,0.326080271,1.138613400,0.000000000,0.000000000,0.000000000,1.000000000,1,-0.866038409,-0.389004720,0.819817828,0.000000000,0.000000000,-0.006792033,0.999976934,12
1782463495.833405733,37.998102903,10939,vicon_state_data,ball,1,0,-0.079529352,0.323607079,1.133945350,0.000000000,0.000000000,0.000000000,1.000000000,1,-0.865820941,-0.389282775,0.819834186,0.000000000,0.000000000,-0.009345080,0.999956334,12
1782463495.836780310,38.001477480,10940,vicon_state_data,ball,1,0,-0.065478953,0.321125092,1.129190433,0.000000000,0.000000000,0.000000000,1.000000000,1,-0.865803791,-0.389354770,0.819842181,0.000000000,0.000000000,-0.009442854,0.999955415,12
1782463495.840384007,38.005081177,10941,vicon_state_data,ball,1,0,-0.051428964,0.318661221,1.124312691,0.000000000,0.000000000,0.000000000,1.000000000,1,-0.865750227,-0.389459970,0.819836871,0.000000000,0.000000000,-0.009899843,0.999950995,12
1782463495.844598055,38.009295225,10942,vicon_state_data,ball,1,0,-0.037318014,0.316193293,1.119294983,0.000000000,0.000000000,0.000000000,1.000000000,1,-0.865730534,-0.389463594,0.819853335,0.000000000,0.000000000,-0.009893808,0.999951055,12
1782463495.846814394,38.011511564,10943,vicon_state_data,ball,1,0,-0.023249535,0.313710387,1.114199423,0.000000000,0.000000000,0.000000000,1.000000000,1,-0.865714638,-0.389464153,0.819840591,0.000000000,0.000000000,-0.009888301,0.999951110,12
1782463495.850231409,38.014928579,10944,vicon_state_data,ball,1,0,-0.009230294,0.311277063,1.108976763,0.000000000,0.000000000,0.000000000,1.000000000,1,-0.865697218,-0.389496928,0.819817529,0.000000000,0.000000000,-0.009911654,0.999950878,12
1782463495.853401899,38.018099070,10945,vicon_state_data,ball,1,0,0.004789669,0.308810779,1.103681169,0.000000000,0.000000000,0.000000000,1.000000000,1,-0.865704163,-0.389425975,0.819787135,0.000000000,0.000000000,-0.009802743,0.999951952,12
1782463495.856922388,38.021619558,10946,vicon_state_data,ball,1,0,0.018879950,0.306291237,1.098170180,0.000000000,0.000000000,0.000000000,1.000000000,1,-0.865697647,-0.389450686,0.819803096,0.000000000,0.000000000,-0.009769385,0.999952278,12
1782463495.860052586,38.024749756,10947,vicon_state_data,ball,1,0,0.032902255,0.303775337,1.092494184,0.000000000,0.000000000,0.000000000,1.000000000,1,-0.865668192,-0.389489864,0.819814519,0.000000000,0.000000000,-0.009899439,0.999950999,12
1782463495.863507032,38.028204203,10948,vicon_state_data,ball,1,0,0.046911334,0.301205607,1.086601865,0.000000000,0.000000000,0.000000000,1.000000000,1,-0.865853193,-0.389161210,0.819769909,0.000000000,0.000000000,-0.007126652,0.999974605,12
1782463495.866944075,38.031641245,10949,vicon_state_data,ball,1,0,0.060967484,0.298596190,1.080515194,0.000000000,0.000000000,0.000000000,1.000000000,1,-0.865794047,-0.389514471,0.819943359,0.000000000,0.000000000,-0.008897524,0.999960416,12
1782463495.870384932,38.035082102,10950,vicon_state_data,ball,1,0,0.075512845,0.295509220,1.073886790,0.000000000,0.000000000,0.000000000,1.000000000,1,-0.865847294,-0.389167874,0.819783759,0.000000000,0.000000000,-0.006991966,0.999975556,12
1782463495.873802185,38.038499355,10951,vicon_state_data,ball,1,0,0.088913727,0.293495789,1.068094705,0.000000000,0.000000000,0.000000000,1.000000000,1,-0.865615416,-0.389571785,0.819794076,0.000000000,0.000000000,-0.009835745,0.999951628,12
1782463495.876827240,38.041524410,10952,vicon_state_data,ball,1,0,0.102747579,0.290978805,1.061882668,0.000000000,0.000000000,0.000000000,1.000000000,1,-0.865809003,-0.389212097,0.819758661,0.000000000,0.000000000,-0.007180367,0.999974221,12
1782463495.879966021,38.044663191,10953,vicon_state_data,ball,1,0,0.116481379,0.288528515,1.055744032,0.000000000,0.000000000,0.000000000,1.000000000,1,-0.865562214,-0.389624160,0.819798709,0.000000000,0.000000000,-0.010099383,0.999949000,12
1782463495.883427143,38.048124313,10954,vicon_state_data,ball,1,0,0.130335404,0.286093509,1.049310923,0.000000000,0.000000000,0.000000000,1.000000000,1,-0.865760587,-0.389261566,0.819736723,0.000000000,0.000000000,-0.007212950,0.999973986,12
1782463495.886687279,38.051384449,10955,vicon_state_data,ball,1,0,0.144135995,0.283695282,1.042721313,0.000000000,0.000000000,0.000000000,1.000000000,1,-0.865565433,-0.389611274,0.819831538,0.000000000,0.000000000,-0.009711685,0.999952840,12
1782463495.890051126,38.054748297,10956,vicon_state_data,ball,1,0,0.157995916,0.281051220,1.035935066,0.000000000,0.000000000,0.000000000,1.000000000,1,-0.865526042,-0.389674657,0.819807851,0.000000000,0.000000000,-0.010019067,0.999949808,12
1782463495.893346548,38.058043718,10957,vicon_state_data,ball,1,0,0.171603251,0.278722611,1.029221767,0.000000000,0.000000000,0.000000000,1.000000000,1,-0.865481303,-0.389760368,0.819808065,0.000000000,0.000000000,-0.010317730,0.999946771,12
1782463495.896618843,38.061316013,10958,vicon_state_data,ball,1,0,0.185125186,0.276263788,1.022165919,0.000000000,0.000000000,0.000000000,1.000000000,1,-0.865680097,-0.389335037,0.819741326,0.000000000,0.000000000,-0.007365672,0.999972873,12
1782463495.900160789,38.064857960,10959,vicon_state_data,ball,1,0,0.198749641,0.274000986,1.015571763,0.000000000,0.000000000,0.000000000,1.000000000,1,-0.865468588,-0.389682907,0.819828611,0.000000000,0.000000000,-0.010037388,0.999949624,12
1782463495.903530121,38.068227291,10960,vicon_state_data,ball,1,0,0.212429656,0.271623623,1.008640023,0.000000000,0.000000000,0.000000000,1.000000000,1,-0.865423054,-0.389740073,0.819756142,0.000000000,0.000000000,-0.010418300,0.999945728,12
1782463495.907263994,38.071961164,10961,vicon_state_data,ball,1,0,0.226013754,0.269273145,1.001609238,0.000000000,0.000000000,0.000000000,1.000000000,1,-0.865446494,-0.389703098,0.819823104,0.000000000,0.000000000,-0.010048048,0.999949517,12
1782463495.910190582,38.074887753,10962,vicon_state_data,ball,1,0,0.239515267,0.267022364,0.994504408,0.000000000,0.000000000,0.000000000,1.000000000,1,-0.865410059,-0.389699939,0.819787619,0.000000000,0.000000000,-0.010063682,0.999949360,12
1782463495.913502932,38.078200102,10963,vicon_state_data,ball,1,0,0.253318954,0.264466743,0.987144741,0.000000000,0.000000000,0.000000000,1.000000000,1,-0.865374534,-0.389795810,0.819793510,0.000000000,0.000000000,-0.010414419,0.999945768,12
1782463495.916657209,38.081354380,10964,vicon_state_data,ball,1,0,0.266843065,0.262317366,0.980094181,0.000000000,0.000000000,0.000000000,1.000000000,1,-0.865315725,-0.389864177,0.819768625,0.000000000,0.000000000,-0.010808540,0.999941586,12
1782463495.920067072,38.084764242,10965,vicon_state_data,ball,1,0,0.280506440,0.259887022,0.972700244,0.000000000,0.000000000,0.000000000,1.000000000,1,-0.865490538,-0.389778561,0.819940832,0.000000000,0.000000000,-0.009468198,0.999955176,12
1782463495.923556566,38.088253736,10966,vicon_state_data,ball,1,0,0.294071032,0.257411632,0.965297916,0.000000000,0.000000000,0.000000000,1.000000000,1,-0.865344341,-0.389778573,0.819828847,0.000000000,0.000000000,-0.010194143,0.999948038,12
1782463495.926727533,38.091424704,10967,vicon_state_data,ball,1,0,0.307698666,0.255086362,0.957333482,0.000000000,0.000000000,0.000000000,1.000000000,1,-0.865303992,-0.389838608,0.819847826,0.000000000,0.000000000,-0.010463314,0.999945258,12
1782463495.930547237,38.095244408,10968,vicon_state_data,ball,1,0,0.321255591,0.252670204,0.949090527,0.000000000,0.000000000,0.000000000,1.000000000,1,-0.865286500,-0.389829738,0.819817210,0.000000000,0.000000000,-0.010496872,0.999944906,12
1782463495.933415174,38.098112345,10969,vicon_state_data,ball,1,0,0.334689278,0.250145226,0.941526533,0.000000000,0.000000000,0.000000000,1.000000000,1,-0.865292095,-0.389772471,0.819849783,0.000000000,0.000000000,-0.010225845,0.999947715,12
1782463495.936933279,38.101630449,10970,vicon_state_data,ball,1,0,0.348363181,0.247507274,0.933065261,0.000000000,0.000000000,0.000000000,1.000000000,1,-0.865505136,-0.389451743,0.819826474,0.000000000,0.000000000,-0.007545563,0.999971532,12
1782463495.940192699,38.104889870,10971,vicon_state_data,ball,1,0,0.361551259,0.244987553,0.924492800,0.000000000,0.000000000,0.000000000,1.000000000,1,-0.865265512,-0.389799832,0.819847281,0.000000000,0.000000000,-0.010353688,0.999946399,12
1782463495.943405390,38.108102560,10972,vicon_state_data,ball,1,0,0.375117521,0.242633015,0.916335065,0.000000000,0.000000000,0.000000000,1.000000000,1,-0.865284474,-0.389770819,0.819880839,0.000000000,0.000000000,-0.010184593,0.999948136,12
1782463495.946642876,38.111340046,10973,vicon_state_data,ball,1,0,0.388597932,0.240539628,0.907618760,0.000000000,0.000000000,0.000000000,1.000000000,1,-0.865216803,-0.389834187,0.819814576,0.000000000,0.000000000,-0.010444464,0.999945455,12
1782463495.949975967,38.114673138,10974,vicon_state_data,ball,1,0,0.401864925,0.238293591,0.899137539,0.000000000,0.000000000,0.000000000,1.000000000,1,-0.865212539,-0.389836858,0.819825926,0.000000000,0.000000000,-0.010447964,0.999945419,12
1782463495.953580379,38.118277550,10975,vicon_state_data,ball,1,0,0.415092734,0.236080818,0.890539772,0.000000000,0.000000000,0.000000000,1.000000000,1,-0.865225745,-0.389795963,0.819855587,0.000000000,0.000000000,-0.010146614,0.999948522,12
1782463495.956848860,38.121546030,10976,vicon_state_data,ball,1,0,0.428253088,0.233866551,0.881880771,0.000000000,0.000000000,0.000000000,1.000000000,1,-0.865203344,-0.389840701,0.819840315,0.000000000,0.000000000,-0.010290305,0.999947053,12
1782463495.960172653,38.124869823,10977,vicon_state_data,ball,1,0,0.441372912,0.231655106,0.873070515,0.000000000,0.000000000,0.000000000,1.000000000,1,-0.865239327,-0.389800466,0.819920265,0.000000000,0.000000000,-0.009781287,0.999952162,12
1782463495.963406563,38.128103733,10978,vicon_state_data,ball,1,0,0.454454345,0.229354042,0.864232528,0.000000000,0.000000000,0.000000000,1.000000000,1,-0.865405550,-0.389482156,0.819837700,0.000000000,0.000000000,-0.007364734,0.999972880,12
1782463495.966707706,38.131404877,10979,vicon_state_data,ball,1,0,0.467579879,0.227102582,0.855388390,0.000000000,0.000000000,0.000000000,1.000000000,1,-0.865195013,-0.389855981,0.819916980,0.000000000,0.000000000,-0.009954071,0.999950457,12
1782463495.970345974,38.135043144,10980,vicon_state_data,ball,1,0,0.480676237,0.224745780,0.846430107,0.000000000,0.000000000,0.000000000,1.000000000,1,-0.865366901,-0.389527316,0.819828965,0.000000000,0.000000000,-0.007339170,0.999973068,12
1782463495.973632097,38.138329268,10981,vicon_state_data,ball,1,0,0.493759700,0.222379445,0.837332098,0.000000000,0.000000000,0.000000000,1.000000000,1,-0.865162896,-0.389820287,0.819881617,0.000000000,0.000000000,-0.009895300,0.999951040,12
1782463495.976700068,38.141397238,10982,vicon_state_data,ball,1,0,0.506852739,0.220024482,0.828148863,0.000000000,0.000000000,0.000000000,1.000000000,1,-0.865154502,-0.389815715,0.819912185,0.000000000,0.000000000,-0.009742765,0.999952538,12
1782463495.980242252,38.144939423,10983,vicon_state_data,ball,1,0,0.519952822,0.217723262,0.818841175,0.000000000,0.000000000,0.000000000,1.000000000,1,-0.865148263,-0.389797656,0.819896789,0.000000000,0.000000000,-0.009583675,0.999954076,12
1782463495.983875990,38.148573160,10984,vicon_state_data,ball,1,0,0.533018079,0.215531866,0.809569118,0.000000000,0.000000000,0.000000000,1.000000000,1,-0.865108766,-0.389855094,0.819903176,0.000000000,0.000000000,-0.009802861,0.999951951,12
1782463495.986900806,38.151597977,10985,vicon_state_data,ball,1,0,0.546173161,0.212921748,0.799826807,0.000000000,0.000000000,0.000000000,1.000000000,1,-0.865134566,-0.389771298,0.819932784,0.000000000,0.000000000,-0.009511288,0.999954767,12
1782463495.990307808,38.155004978,10986,vicon_state_data,ball,1,0,0.559221634,0.210489234,0.790077055,0.000000000,0.000000000,0.000000000,1.000000000,1,-0.865061969,-0.389835499,0.819900854,0.000000000,0.000000000,-0.009837693,0.999951609,12
1782463495.993592262,38.158289433,10987,vicon_state_data,ball,1,0,0.572299969,0.208037608,0.780122767,0.000000000,0.000000000,0.000000000,1.000000000,1,-0.865243464,-0.389538502,0.819826433,0.000000000,0.000000000,-0.007503633,0.999971847,12
1782463495.996708393,38.161405563,10988,vicon_state_data,ball,1,0,0.585276784,0.205594200,0.770073121,0.000000000,0.000000000,0.000000000,1.000000000,1,-0.865055975,-0.389784502,0.819888467,0.000000000,0.000000000,-0.009704592,0.999952909,12
1782463496.000023603,38.164720774,10989,vicon_state_data,ball,1,0,0.597483560,0.203424015,0.768857420,0.000000000,0.000000000,0.000000000,1.000000000,1,-0.865053114,-0.389775983,0.819911018,0.000000000,0.000000000,-0.009603085,0.999953889,12
1782463496.003727436,38.168424606,10990,vicon_state_data,ball,1,0,0.608817664,0.201502911,0.777488614,0.000000000,0.000000000,0.000000000,1.000000000,1,-0.865223820,-0.389448039,0.819831237,0.000000000,0.000000000,-0.007213758,0.999973981,12
1782463496.006767511,38.171464682,10991,vicon_state_data,ball,1,0,0.620065467,0.199764559,0.786197546,0.000000000,0.000000000,0.000000000,1.000000000,1,-0.865012711,-0.389761939,0.819867687,0.000000000,0.000000000,-0.009726048,0.999952701,12
1782463496.010078907,38.174776077,10992,vicon_state_data,ball,1,0,0.631075824,0.198149824,0.795041061,0.000000000,0.000000000,0.000000000,1.000000000,1,-0.864961071,-0.389802381,0.819854630,0.000000000,0.000000000,-0.010044438,0.999949553,12
1782463496.013453007,38.178150177,10993,vicon_state_data,ball,1,0,0.642190344,0.196226550,0.803184556,0.000000000,0.000000000,0.000000000,1.000000000,1,-0.865151605,-0.389474759,0.819830807,0.000000000,0.000000000,-0.007368197,0.999972854,12
1782463496.016889095,38.181586266,10994,vicon_state_data,ball,1,0,0.652888282,0.194638158,0.811815894,0.000000000,0.000000000,0.000000000,1.000000000,1,-0.864940684,-0.389779844,0.819862981,0.000000000,0.000000000,-0.009836939,0.999951616,12
1782463496.020143509,38.184840679,10995,vicon_state_data,ball,1,0,0.663882617,0.192795814,0.820202416,0.000000000,0.000000000,0.000000000,1.000000000,1,-0.865104346,-0.389463191,0.819787729,0.000000000,0.000000000,-0.007455971,0.999972204,12
1782463496.023567915,38.188265085,10996,vicon_state_data,ball,1,0,0.675008012,0.191002614,0.828554806,0.000000000,0.000000000,0.000000000,1.000000000,1,-0.864907196,-0.389774993,0.819848686,0.000000000,0.000000000,-0.009857909,0.999951410,12
1782463496.026783228,38.191480398,10997,vicon_state_data,ball,1,0,0.686257532,0.189231335,0.836753174,0.000000000,0.000000000,0.000000000,1.000000000,1,-0.864860586,-0.389831049,0.819802798,0.000000000,0.000000000,-0.010075097,0.999949245,12
1782463496.030414820,38.195111990,10998,vicon_state_data,ball,1,0,0.697630810,0.187378361,0.844701322,0.000000000,0.000000000,0.000000000,1.000000000,1,-0.864880416,-0.389739799,0.819822904,0.000000000,0.000000000,-0.009758987,0.999952380,12
1782463496.033613205,38.198310375,10999,vicon_state_data,ball,1,0,0.708958478,0.185509586,0.852188043,0.000000000,0.000000000,0.000000000,1.000000000,1,-0.865060119,-0.389434529,0.819788317,0.000000000,0.000000000,-0.007177502,0.999974241,12
1782463496.036735058,38.201432228,11000,vicon_state_data,ball,1,0,0.720023762,0.183830504,0.859641101,0.000000000,0.000000000,0.000000000,1.000000000,1,-0.864822059,-0.389789515,0.819786254,0.000000000,0.000000000,-0.009952245,0.999950475,12
1782463496.040044308,38.204741478,11001,vicon_state_data,ball,1,0,0.731274628,0.182072955,0.866773485,0.000000000,0.000000000,0.000000000,1.000000000,1,-0.864844951,-0.389715094,0.819835001,0.000000000,0.000000000,-0.009541020,0.999954483,12
1782463496.043339729,38.208036900,11002,vicon_state_data,ball,1,0,0.742433139,0.180330187,0.873737927,0.000000000,0.000000000,0.000000000,1.000000000,1,-0.864833619,-0.389762357,0.819813603,0.000000000,0.000000000,-0.009295172,0.999956799,12
1782463496.046658039,38.211355209,11003,vicon_state_data,ball,1,0,0.753271190,0.178896528,0.880964305,0.000000000,0.000000000,0.000000000,1.000000000,1,-0.864817037,-0.389717995,0.819828069,0.000000000,0.000000000,-0.009406957,0.999955754,12
1782463496.050031662,38.214728832,11004,vicon_state_data,ball,1,0,0.763968627,0.177468043,0.888003815,0.000000000,0.000000000,0.000000000,1.000000000,1,-0.864811287,-0.389674148,0.819849729,0.000000000,0.000000000,-0.009183495,0.999957831,12
1782463496.053394318,38.218091488,11005,vicon_state_data,ball,1,0,0.774648096,0.175874701,0.895387964,0.000000000,0.000000000,0.000000000,1.000000000,1,-0.864777378,-0.389672426,0.819782777,0.000000000,0.000000000,-0.009282542,0.999956916,12
1782463496.056957006,38.221654177,11006,vicon_state_data,ball,1,0,0.785542409,0.173979493,0.902433325,0.000000000,0.000000000,0.000000000,1.000000000,1,-0.864781026,-0.389649339,0.819861121,0.000000000,0.000000000,-0.009112324,0.999958482,12
1782463496.060052395,38.224749565,11007,vicon_state_data,ball,1,0,0.796505136,0.172056798,0.909320018,0.000000000,0.000000000,0.000000000,1.000000000,1,-0.864748623,-0.389668262,0.819835646,0.000000000,0.000000000,-0.009250300,0.999957215,12
1782463496.063489676,38.228186846,11008,vicon_state_data,ball,1,0,0.807380722,0.170483102,0.916154100,0.000000000,0.000000000,0.000000000,1.000000000,1,-0.864932274,-0.389321818,0.819787634,0.000000000,0.000000000,-0.006584144,0.999978324,12
1782463496.066723585,38.231420755,11009,vicon_state_data,ball,1,0,0.818485650,0.168751840,0.922436803,0.000000000,0.000000000,0.000000000,1.000000000,1,-0.864933141,-0.389301198,0.819805248,0.000000000,0.000000000,-0.006497281,0.999978892,12
1782463496.070056200,38.234753370,11010,vicon_state_data,ball,1,0,0.829501631,0.166866544,0.928576569,0.000000000,0.000000000,0.000000000,1.000000000,1,-0.864725446,-0.389584418,0.819871766,0.000000000,0.000000000,-0.009058934,0.999958967,12
1782463496.073411703,38.238108873,11011,vicon_state_data,ball,1,0,0.840470988,0.164956379,0.934576886,0.000000000,0.000000000,0.000000000,1.000000000,1,-0.864678936,-0.389589520,0.819856147,0.000000000,0.000000000,-0.009195690,0.999957719,12
1782463496.076667309,38.241364479,11012,vicon_state_data,ball,1,0,0.851398554,0.163142534,0.940556007,0.000000000,0.000000000,0.000000000,1.000000000,1,-0.864656437,-0.389597483,0.819864453,0.000000000,0.000000000,-0.009257572,0.999957148,12
1782463496.080028772,38.244725943,11013,vicon_state_data,ball,1,0,0.862249606,0.161458256,0.946503490,0.000000000,0.000000000,0.000000000,1.000000000,1,-0.864866190,-0.389215256,0.819823783,0.000000000,0.000000000,-0.006399870,0.999979521,12
1782463496.083591938,38.248289108,11014,vicon_state_data,ball,1,0,0.873027703,0.159913348,0.952285081,0.000000000,0.000000000,0.000000000,1.000000000,1,-0.864645586,-0.389631486,0.819843000,0.000000000,0.000000000,-0.009046779,0.999959077,12
1782463496.086749554,38.251446724,11015,vicon_state_data,ball,1,0,0.883606353,0.158352140,0.958142393,0.000000000,0.000000000,0.000000000,1.000000000,1,-0.864630131,-0.389531453,0.819907528,0.000000000,0.000000000,-0.008969103,0.999959777,12
1782463496.090044975,38.254742146,11016,vicon_state_data,ball,1,0,0.894139265,0.156796161,0.963911203,0.000000000,0.000000000,0.000000000,1.000000000,1,-0.864605070,-0.389602456,0.819814531,0.000000000,0.000000000,-0.008996528,0.999959530,12
1782463496.093286991,38.257984161,11017,vicon_state_data,ball,1,0,0.904744322,0.155175158,0.969508543,0.000000000,0.000000000,0.000000000,1.000000000,1,-0.864566403,-0.389538878,0.819863101,0.000000000,0.000000000,-0.009199003,0.999957688,12
1782463496.096696138,38.261393309,11018,vicon_state_data,ball,1,0,0.915512275,0.153519810,0.974955114,0.000000000,0.000000000,0.000000000,1.000000000,1,-0.864549485,-0.389500930,0.819825756,0.000000000,0.000000000,-0.009040079,0.999959138,12
1782463496.100002289,38.264699459,11019,vicon_state_data,ball,1,0,0.926159201,0.151869311,0.980638475,0.000000000,0.000000000,0.000000000,1.000000000,1,-0.864541214,-0.389586015,0.819832426,0.000000000,0.000000000,-0.009018969,0.999959328,12
1782463496.103299618,38.267996788,11020,vicon_state_data,ball,1,0,0.937177937,0.150127483,0.985765388,0.000000000,0.000000000,0.000000000,1.000000000,1,-0.864512924,-0.389481554,0.819820174,0.000000000,0.000000000,-0.009076640,0.999958806,12
1782463496.106741667,38.271438837,11021,vicon_state_data,ball,1,0,0.948064881,0.148470552,0.990585892,0.000000000,0.000000000,0.000000000,1.000000000,1,-0.864507693,-0.389418711,0.819852324,0.000000000,0.000000000,-0.008823390,0.999961073,12
1782463496.110490084,38.275187254,11022,vicon_state_data,ball,1,0,0.958879587,0.146651300,0.995388578,0.000000000,0.000000000,0.000000000,1.000000000,1,-0.864486897,-0.389410003,0.819829977,0.000000000,0.000000000,-0.008788863,0.999961377,12
1782463496.113616943,38.278314114,11023,vicon_state_data,ball,1,0,0.969604110,0.145037863,0.999914502,0.000000000,0.000000000,0.000000000,1.000000000,1,-0.864444284,-0.389435331,0.819806939,0.000000000,0.000000000,-0.008970586,0.999959763,12
1782463496.116977453,38.281674623,11024,vicon_state_data,ball,1,0,0.980372395,0.143769321,1.004035351,0.000000000,0.000000000,0.000000000,1.000000000,1,-0.864673525,-0.389004941,0.819815237,0.000000000,0.000000000,-0.005825864,0.999983030,12
1782463496.120096445,38.284793615,11025,vicon_state_data,ball,1,0,0.991194025,0.141829910,1.008488903,0.000000000,0.000000000,0.000000000,1.000000000,1,-0.864426528,-0.389359617,0.819823651,0.000000000,0.000000000,-0.008776624,0.999961485,12
1782463496.123376369,38.288073540,11026,vicon_state_data,ball,1,0,1.001586739,0.140524742,1.012738925,0.000000000,0.000000000,0.000000000,1.000000000,1,-0.864423517,-0.389362705,0.819874837,0.000000000,0.000000000,-0.008622067,0.999962829,12
1782463496.126702309,38.291399479,11027,vicon_state_data,ball,1,0,1.012055986,0.139005457,1.017037674,0.000000000,0.000000000,0.000000000,1.000000000,1,-0.864418976,-0.389308776,0.819833258,0.000000000,0.000000000,-0.008519439,0.999963709,12
1782463496.130034447,38.294731617,11028,vicon_state_data,ball,1,0,1.022504551,0.137210560,1.021684507,0.000000000,0.000000000,0.000000000,1.000000000,1,-0.864539194,-0.389207923,0.819930689,0.000000000,0.000000000,-0.007869261,0.999969037,12
1782463496.133427382,38.298124552,11029,vicon_state_data,ball,1,0,1.033066556,0.135474933,1.025907282,0.000000000,0.000000000,0.000000000,1.000000000,1,-0.864398417,-0.389400972,0.819914470,0.000000000,0.000000000,-0.008275766,0.999965755,12
1782463496.136696815,38.301393986,11030,vicon_state_data,ball,1,0,1.043732046,0.133825735,1.029857260,0.000000000,0.000000000,0.000000000,1.000000000,1,-0.864373532,-0.389263701,0.819837095,0.000000000,0.000000000,-0.008399670,0.999964722,12
1782463496.140073061,38.304770231,11031,vicon_state_data,ball,1,0,1.054400325,0.132001686,1.033702281,0.000000000,0.000000000,0.000000000,1.000000000,1,-0.864536732,-0.388968680,0.819843183,0.000000000,0.000000000,-0.005840276,0.999982945,12
1782463496.143805265,38.308502436,11032,vicon_state_data,ball,1,0,1.065085844,0.130098215,1.037177342,0.000000000,0.000000000,0.000000000,1.000000000,1,-0.864334105,-0.389245744,0.819853952,0.000000000,0.000000000,-0.008455085,0.999964255,12
1782463496.146916151,38.311613321,11033,vicon_state_data,ball,1,0,1.075754440,0.128150229,1.040508350,0.000000000,0.000000000,0.000000000,1.000000000,1,-0.864248478,-0.389332611,0.819874173,0.000000000,0.000000000,-0.008883645,0.999960540,12
1782463496.150060892,38.314758062,11034,vicon_state_data,ball,1,0,1.086421615,0.126406098,1.043833016,0.000000000,0.000000000,0.000000000,1.000000000,1,-0.864245152,-0.389288230,0.819877320,0.000000000,0.000000000,-0.008883550,0.999960540,12
1782463496.153401375,38.318098545,11035,vicon_state_data,ball,1,0,1.096987195,0.124728768,1.047105870,0.000000000,0.000000000,0.000000000,1.000000000,1,-0.864213836,-0.389268415,0.819869346,0.000000000,0.000000000,-0.008889697,0.999960486,12
1782463496.156928301,38.321625471,11036,vicon_state_data,ball,1,0,1.107482241,0.123170521,1.050316244,0.000000000,0.000000000,0.000000000,1.000000000,1,-0.864178371,-0.389304533,0.819899498,0.000000000,0.000000000,-0.009204077,0.999957642,12
1782463496.160170794,38.324867964,11037,vicon_state_data,ball,1,0,1.117939049,0.121584838,1.053350304,0.000000000,0.000000000,0.000000000,1.000000000,1,-0.864138315,-0.389336125,0.819956434,0.000000000,0.000000000,-0.009308412,0.999956676,12
1782463496.163554192,38.328251362,11038,vicon_state_data,ball,1,0,1.128254413,0.120235236,1.056486994,0.000000000,0.000000000,0.000000000,1.000000000,1,-0.864116332,-0.389294938,0.819929988,0.000000000,0.000000000,-0.009406614,0.999955757,12
1782463496.166804314,38.331501484,11039,vicon_state_data,ball,1,0,1.138561903,0.118708363,1.059374133,0.000000000,0.000000000,0.000000000,1.000000000,1,-0.864525317,-0.388745719,0.820072334,0.000000000,0.000000000,-0.005426818,0.999985275,12
1782463496.169957161,38.334654331,11040,vicon_state_data,ball,1,0,1.149074257,0.117060078,1.062103398,0.000000000,0.000000000,0.000000000,1.000000000,1,-0.863998826,-0.389274244,0.819872411,0.000000000,0.000000000,-0.009475401,0.999955107,12
1782463496.173475266,38.338172436,11041,vicon_state_data,ball,1,0,1.159514553,0.115541887,1.064936726,0.000000000,0.000000000,0.000000000,1.000000000,1,-0.864017200,-0.389314382,0.819921127,0.000000000,0.000000000,-0.009665516,0.999953288,12
1782463496.176741838,38.341439009,11042,vicon_state_data,ball,1,0,1.170088696,0.113802614,1.067570010,0.000000000,0.000000000,0.000000000,1.000000000,1,-0.864179930,-0.389100349,0.819977175,0.000000000,0.000000000,-0.008653158,0.999962561,12
1782463496.180098295,38.344795465,11043,vicon_state_data,ball,1,0,1.180670327,0.112162955,1.069679489,0.000000000,0.000000000,0.000000000,1.000000000,1,-0.864101369,-0.388999600,0.819931853,0.000000000,0.000000000,-0.008533791,0.999963587,12
1782463496.183401108,38.348098278,11044,vicon_state_data,ball,1,0,1.191157743,0.110499731,1.072036626,0.000000000,0.000000000,0.000000000,1.000000000,1,-0.863949422,-0.389092283,0.819882152,0.000000000,0.000000000,-0.009133578,0.999958288,12
1782463496.186650038,38.351347208,11045,vicon_state_data,ball,1,0,1.201750032,0.108891715,1.073825924,0.000000000,0.000000000,0.000000000,1.000000000,1,-0.863977200,-0.389128309,0.819909965,0.000000000,0.000000000,-0.009177592,0.999957885,12
1782463496.190116405,38.354813576,11046,vicon_state_data,ball,1,0,1.212225621,0.107259670,1.075662849,0.000000000,0.000000000,0.000000000,1.000000000,1,-0.863872332,-0.389081091,0.819837559,0.000000000,0.000000000,-0.009412498,0.999955701,12
1782463496.193407536,38.358104706,11047,vicon_state_data,ball,1,0,1.222535552,0.106327938,1.077338159,0.000000000,0.000000000,0.000000000,1.000000000,1,-0.863861779,-0.389039547,0.819831717,0.000000000,0.000000000,-0.009219610,0.999957498,12
1782463496.196738482,38.361435652,11048,vicon_state_data,ball,1,0,1.233001356,0.104641087,1.078771312,0.000000000,0.000000000,0.000000000,1.000000000,1,-0.863882491,-0.389128745,0.819853049,0.000000000,0.000000000,-0.009518688,0.999954696,12
1782463496.199928999,38.364626169,11049,vicon_state_data,ball,1,0,1.243212746,0.103281704,1.080415674,0.000000000,0.000000000,0.000000000,1.000000000,1,-0.863891467,-0.389065773,0.819875657,0.000000000,0.000000000,-0.009210895,0.999957579,12
1782463496.203499556,38.368196726,11050,vicon_state_data,ball,1,0,1.253535377,0.101733022,1.082095387,0.000000000,0.000000000,0.000000000,1.000000000,1,-0.863782112,-0.389048867,0.819833684,0.000000000,0.000000000,-0.009442681,0.999955417,12
1782463496.206987619,38.371684790,11051,vicon_state_data,ball,1,0,1.263695935,0.099777299,1.084101456,0.000000000,0.000000000,0.000000000,1.000000000,1,-0.864112083,-0.388717943,0.819904706,0.000000000,0.000000000,-0.006019833,0.999981881,12
1782463496.210094690,38.374791861,11052,vicon_state_data,ball,1,0,1.273965369,0.098473448,1.085568315,0.000000000,0.000000000,0.000000000,1.000000000,1,-0.863852185,-0.389026251,0.819879278,0.000000000,0.000000000,-0.009011255,0.999959398,12
1782463496.213298321,38.377995491,11053,vicon_state_data,ball,1,0,1.284353171,0.096862634,1.086769591,0.000000000,0.000000000,0.000000000,1.000000000,1,-0.863816715,-0.388857783,0.819821447,0.000000000,0.000000000,-0.008600062,0.999963019,12
1782463496.216681480,38.381378651,11054,vicon_state_data,ball,1,0,1.294889799,0.094745382,1.087691448,0.000000000,0.000000000,0.000000000,1.000000000,1,-0.864007613,-0.388507234,0.819770488,0.000000000,0.000000000,-0.005937556,0.999982373,12
1782463496.220077038,38.384774208,11055,vicon_state_data,ball,1,0,1.305332533,0.093047925,1.088248191,0.000000000,0.000000000,0.000000000,1.000000000,1,-0.863821040,-0.388911183,0.819868715,0.000000000,0.000000000,-0.008719305,0.999961986,12
1782463496.223381281,38.388078451,11056,vicon_state_data,ball,1,0,1.315681461,0.091279354,1.088958964,0.000000000,0.000000000,0.000000000,1.000000000,1,-0.863801593,-0.388884343,0.819855293,0.000000000,0.000000000,-0.008734167,0.999961856,12
1782463496.226748705,38.391445875,11057,vicon_state_data,ball,1,0,1.325992704,0.089743153,1.089598281,0.000000000,0.000000000,0.000000000,1.000000000,1,-0.863849470,-0.388789648,0.819866968,0.000000000,0.000000000,-0.008310148,0.999965470,12
1782463496.230038881,38.394736052,11058,vicon_state_data,ball,1,0,1.336251855,0.088315596,1.090197055,0.000000000,0.000000000,0.000000000,1.000000000,1,-0.864001949,-0.388506567,0.819865277,0.000000000,0.000000000,-0.005911164,0.999982529,12
1782463496.233278513,38.397975683,11059,vicon_state_data,ball,1,0,1.346521401,0.086951159,1.090804412,0.000000000,0.000000000,0.000000000,1.000000000,1,-0.864006942,-0.388429132,0.819841045,0.000000000,0.000000000,-0.005635006,0.999984123,12
1782463496.237056494,38.401753664,11060,vicon_state_data,ball,1,0,1.356716304,0.085447086,1.091093788,0.000000000,0.000000000,0.000000000,1.000000000,1,-0.863722462,-0.388800036,0.819831857,0.000000000,0.000000000,-0.008673964,0.999962380,12
1782463496.241469860,38.406167030,11061,vicon_state_data,ball,1,0,1.366845395,0.084197158,1.091453284,0.000000000,0.000000000,0.000000000,1.000000000,1,-0.863715719,-0.388594621,0.819816773,0.000000000,0.000000000,-0.007942790,0.999968456,12
1782463496.243833780,38.408530951,11062,vicon_state_data,ball,1,0,1.376889896,0.082728983,1.091629504,0.000000000,0.000000000,0.000000000,1.000000000,1,-0.864021688,-0.388327507,0.819940051,0.000000000,0.000000000,-0.005254337,0.999986196,12
1782463496.246976137,38.411673307,11063,vicon_state_data,ball,1,0,1.387057371,0.081172296,1.091768890,0.000000000,0.000000000,0.000000000,1.000000000,1,-0.863925315,-0.388355222,0.819857218,0.000000000,0.000000000,-0.005761339,0.999983403,12
1782463496.250315189,38.415012360,11064,vicon_state_data,ball,1,0,1.397283788,0.079487691,1.091940327,0.000000000,0.000000000,0.000000000,1.000000000,1,-0.863982426,-0.388327883,0.819950813,0.000000000,0.000000000,-0.005448854,0.999985155,12
1782463496.253602743,38.418299913,11065,vicon_state_data,ball,1,0,1.407572200,0.077815114,1.091507261,0.000000000,0.000000000,0.000000000,1.000000000,1,-0.863668068,-0.388577079,0.819800826,0.000000000,0.000000000,-0.008260694,0.999965880,12
1782463496.256948471,38.421645641,11066,vicon_state_data,ball,1,0,1.417659007,0.076252812,1.091063141,0.000000000,0.000000000,0.000000000,1.000000000,1,-0.863661999,-0.388552162,0.819830573,0.000000000,0.000000000,-0.008236302,0.999966081,12
1782463496.260355949,38.425053120,11067,vicon_state_data,ball,1,0,1.427846692,0.074705378,1.090565016,0.000000000,0.000000000,0.000000000,1.000000000,1,-0.863999431,-0.388128256,0.819941299,0.000000000,0.000000000,-0.004836187,0.999988306,12
1782463496.263557911,38.428255081,11068,vicon_state_data,ball,1,0,1.438228154,0.073437967,1.089526037,0.000000000,0.000000000,0.000000000,1.000000000,1,-0.863773405,-0.388388978,0.819984127,0.000000000,0.000000000,-0.007034689,0.999975256,12
1782463496.267371178,38.432068348,11069,vicon_state_data,ball,1,0,1.448354106,0.072221151,1.089056726,0.000000000,0.000000000,0.000000000,1.000000000,1,-0.863681522,-0.388329080,0.819902107,0.000000000,0.000000000,-0.007187202,0.999974172,12
1782463496.270415306,38.435112476,11070,vicon_state_data,ball,1,0,1.458374774,0.071461142,1.087895877,0.000000000,0.000000000,0.000000000,1.000000000,1,-0.863873777,-0.388068075,0.819867115,0.000000000,0.000000000,-0.005140432,0.999986788,12
1782463496.273833990,38.438531160,11071,vicon_state_data,ball,1,0,1.468463641,0.069934903,1.087019648,0.000000000,0.000000000,0.000000000,1.000000000,1,-0.863706169,-0.388302898,0.819967451,0.000000000,0.000000000,-0.007124354,0.999974621,12
1782463496.276848555,38.441545725,11072,vicon_state_data,ball,1,0,1.478315125,0.067811404,1.086771341,0.000000000,0.000000000,0.000000000,1.000000000,1,-0.863666125,-0.388302879,0.819943238,0.000000000,0.000000000,-0.007288109,0.999973441,12
1782463496.280038118,38.444735289,11073,vicon_state_data,ball,1,0,1.488419323,0.065866374,1.085853598,0.000000000,0.000000000,0.000000000,1.000000000,1,-0.863850353,-0.387948061,0.819892382,0.000000000,0.000000000,-0.004832772,0.999988322,12
1782463496.283459425,38.448156595,11074,vicon_state_data,ball,1,0,1.498525553,0.064253949,1.084646457,0.000000000,0.000000000,0.000000000,1.000000000,1,-0.863809877,-0.387943586,0.819874956,0.000000000,0.000000000,-0.004899966,0.999987995,12
1782463496.286699295,38.451396465,11075,vicon_state_data,ball,1,0,1.508858703,0.062626430,1.083063410,0.000000000,0.000000000,0.000000000,1.000000000,1,-0.863626287,-0.388232634,0.819951261,0.000000000,0.000000000,-0.007158941,0.999974374,12
1782463496.290100336,38.454797506,11076,vicon_state_data,ball,1,0,1.518832096,0.061075776,1.081631429,0.000000000,0.000000000,0.000000000,1.000000000,1,-0.863622936,-0.388165175,0.819961271,0.000000000,0.000000000,-0.006956470,0.999975803,12
1782463496.293311834,38.458009005,11077,vicon_state_data,ball,1,0,1.529169202,0.059015064,1.079681317,0.000000000,0.000000000,0.000000000,1.000000000,1,-0.863607116,-0.388131203,0.819954244,0.000000000,0.000000000,-0.006910145,0.999976125,12
1782463496.296744347,38.461441517,11078,vicon_state_data,ball,1,0,1.539127302,0.057651778,1.077798919,0.000000000,0.000000000,0.000000000,1.000000000,1,-0.863595662,-0.388109933,0.819953983,0.000000000,0.000000000,-0.006943671,0.999975892,12
1782463496.300475836,38.465173006,11079,vicon_state_data,ball,1,0,1.549206727,0.056212820,1.076013427,0.000000000,0.000000000,0.000000000,1.000000000,1,-0.863570567,-0.388086106,0.819964385,0.000000000,0.000000000,-0.006925527,0.999976018,12
1782463496.303497791,38.468194962,11080,vicon_state_data,ball,1,0,1.559177432,0.054797283,1.074053292,0.000000000,0.000000000,0.000000000,1.000000000,1,-0.863731056,-0.387739178,0.819909695,0.000000000,0.000000000,-0.004561191,0.999989598,12
1782463496.306921244,38.471618414,11081,vicon_state_data,ball,1,0,1.569116305,0.053411531,1.072083672,0.000000000,0.000000000,0.000000000,1.000000000,1,-0.863706384,-0.387708294,0.819912347,0.000000000,0.000000000,-0.004604859,0.999989398,12
1782463496.310025692,38.474722862,11082,vicon_state_data,ball,1,0,1.579102794,0.052041044,1.069788360,0.000000000,0.000000000,0.000000000,1.000000000,1,-0.863545720,-0.387952086,0.820036257,0.000000000,0.000000000,-0.006605074,0.999978186,12
1782463496.313435078,38.478132248,11083,vicon_state_data,ball,1,0,1.589198866,0.050765131,1.067503963,0.000000000,0.000000000,0.000000000,1.000000000,1,-0.863516799,-0.387962262,0.820035145,0.000000000,0.000000000,-0.006748877,0.999977226,12
1782463496.316807508,38.481504679,11084,vicon_state_data,ball,1,0,1.599196813,0.049214831,1.064956121,0.000000000,0.000000000,0.000000000,1.000000000,1,-0.863453290,-0.387967061,0.819977929,0.000000000,0.000000000,-0.006992045,0.999975555,12
1782463496.319998980,38.484696150,11085,vicon_state_data,ball,1,0,1.608750048,0.048133535,1.063093823,0.000000000,0.000000000,0.000000000,1.000000000,1,-0.863470533,-0.387883309,0.819997807,0.000000000,0.000000000,-0.006637359,0.999977972,12
1782463496.323856592,38.488553762,11086,vicon_state_data,ball,1,0,1.618554805,0.046411533,1.060541712,0.000000000,0.000000000,0.000000000,1.000000000,1,-0.863426601,-0.387885672,0.819995050,0.000000000,0.000000000,-0.006822096,0.999976729,12
1782463496.326925039,38.491622210,11087,vicon_state_data,ball,1,0,1.628309065,0.044838754,1.057925075,0.000000000,0.000000000,0.000000000,1.000000000,1,-0.863394923,-0.387845470,0.819972949,0.000000000,0.000000000,-0.006904242,0.999976165,12
1782463496.330183983,38.494881153,11088,vicon_state_data,ball,1,0,1.638204456,0.043269983,1.054974181,0.000000000,0.000000000,0.000000000,1.000000000,1,-0.863395983,-0.387774194,0.819972963,0.000000000,0.000000000,-0.006830015,0.999976675,12
1782463496.333372593,38.498069763,11089,vicon_state_data,ball,1,0,1.648288352,0.041973084,1.052028015,0.000000000,0.000000000,0.000000000,1.000000000,1,-0.863360399,-0.387769347,0.819927812,0.000000000,0.000000000,-0.006879158,0.999976338,12
1782463496.336597443,38.501294613,11090,vicon_state_data,ball,1,0,1.657949829,0.040241696,1.048796284,0.000000000,0.000000000,0.000000000,1.000000000,1,-0.863371256,-0.387702146,0.819968297,0.000000000,0.000000000,-0.006664962,0.999977789,12
1782463496.340518236,38.505215406,11091,vicon_state_data,ball,1,0,1.667758760,0.038780174,1.045628300,0.000000000,0.000000000,0.000000000,1.000000000,1,-0.863375042,-0.387606469,0.820006077,0.000000000,0.000000000,-0.006324518,0.999980000,12
1782463496.343617201,38.508314371,11092,vicon_state_data,ball,1,0,1.677671268,0.037721727,1.042185976,0.000000000,0.000000000,0.000000000,1.000000000,1,-0.863350444,-0.387626761,0.820018399,0.000000000,0.000000000,-0.006515423,0.999978774,12
1782463496.347081661,38.511778831,11093,vicon_state_data,ball,1,0,1.687623521,0.036943699,1.038735770,0.000000000,0.000000000,0.000000000,1.000000000,1,-0.863336632,-0.387563487,0.820007361,0.000000000,0.000000000,-0.006378995,0.999979654,12
1782463496.350012064,38.514709234,11094,vicon_state_data,ball,1,0,1.697272006,0.035395644,1.035470696,0.000000000,0.000000000,0.000000000,1.000000000,1,-0.863303226,-0.387553318,0.820008494,0.000000000,0.000000000,-0.006489495,0.999978943,12
1782463496.353312016,38.518009186,11095,vicon_state_data,ball,1,0,1.707111346,0.033403830,1.032326646,0.000000000,0.000000000,0.000000000,1.000000000,1,-0.863516398,-0.387270702,0.820031970,0.000000000,0.000000000,-0.004332905,0.999990613,12
1782463496.356748819,38.521445990,11096,vicon_state_data,ball,1,0,1.717129096,0.031929570,1.028177558,0.000000000,0.000000000,0.000000000,1.000000000,1,-0.863483359,-0.387247533,0.819978522,0.000000000,0.000000000,-0.004396802,0.999990334,12
1782463496.359937191,38.524634361,11097,vicon_state_data,ball,1,0,1.726809306,0.030218989,1.024674050,0.000000000,0.000000000,0.000000000,1.000000000,1,-0.863485256,-0.387224317,0.820031075,0.000000000,0.000000000,-0.004290049,0.999990798,12
1782463496.363498688,38.528195858,11098,vicon_state_data,ball,1,0,1.736733466,0.028412994,1.020636411,0.000000000,0.000000000,0.000000000,1.000000000,1,-0.863459753,-0.387157604,0.820019131,0.000000000,0.000000000,-0.004061063,0.999991754,12
1782463496.366713524,38.531410694,11099,vicon_state_data,ball,1,0,1.746524181,0.026590544,1.016297930,0.000000000,0.000000000,0.000000000,1.000000000,1,-0.863473974,-0.387130611,0.820044736,0.000000000,0.000000000,-0.003994417,0.999992022,12
1782463496.370044947,38.534742117,11100,vicon_state_data,ball,1,0,1.756388678,0.025087052,1.011813554,0.000000000,0.000000000,0.000000000,1.000000000,1,-0.863393624,-0.387117726,0.819961523,0.000000000,0.000000000,-0.004152969,0.999991376,12
1782463496.373505592,38.538202763,11101,vicon_state_data,ball,1,0,1.765978088,0.023821322,1.007703164,0.000000000,0.000000000,0.000000000,1.000000000,1,-0.863466716,-0.387098805,0.820106230,0.000000000,0.000000000,-0.003936074,0.999992254,12
1782463496.377310991,38.542008162,11102,vicon_state_data,ball,1,0,1.775612785,0.022389482,1.003250752,0.000000000,0.000000000,0.000000000,1.000000000,1,-0.863317845,-0.387265112,0.820250723,0.000000000,0.000000000,-0.005414871,0.999985339,12
1782463496.380534410,38.545231581,11103,vicon_state_data,ball,1,0,1.785228839,0.021117524,0.998738294,0.000000000,0.000000000,0.000000000,1.000000000,1,-0.863351682,-0.386971432,0.819963960,0.000000000,0.000000000,-0.004009388,0.999991962,12
1782463496.383543730,38.548240900,11104,vicon_state_data,ball,1,0,1.794949038,0.019929542,0.994248445,0.000000000,0.000000000,0.000000000,1.000000000,1,-0.863405537,-0.386920690,0.820073832,0.000000000,0.000000000,-0.003649624,0.999993340,12
1782463496.386843443,38.551540613,11105,vicon_state_data,ball,1,0,1.804710115,0.018608542,0.989349758,0.000000000,0.000000000,0.000000000,1.000000000,1,-0.863450323,-0.386924476,0.820141160,0.000000000,0.000000000,-0.003496863,0.999993886,12
1782463496.390206814,38.554903984,11106,vicon_state_data,ball,1,0,1.814439319,0.017259158,0.984544624,0.000000000,0.000000000,0.000000000,1.000000000,1,-0.863410218,-0.386873791,0.820135224,0.000000000,0.000000000,-0.003494868,0.999993893,12
1782463496.393477201,38.558174372,11107,vicon_state_data,ball,1,0,1.824154826,0.015791026,0.979214599,0.000000000,0.000000000,0.000000000,1.000000000,1,-0.863392023,-0.386865837,0.820130277,0.000000000,0.000000000,-0.003542078,0.999993727,12
1782463496.397216797,38.561913967,11108,vicon_state_data,ball,1,0,1.833732657,0.014292086,0.974146696,0.000000000,0.000000000,0.000000000,1.000000000,1,-0.863356968,-0.386850765,0.820114386,0.000000000,0.000000000,-0.003669876,0.999993266,12
1782463496.400182009,38.564879179,11109,vicon_state_data,ball,1,0,1.842546550,0.012969665,0.969715154,0.000000000,0.000000000,0.000000000,1.000000000,1,-0.863352257,-0.386784633,0.820118445,0.000000000,0.000000000,-0.003529988,0.999993770,12
1782463496.403620720,38.568317890,11110,vicon_state_data,ball,1,0,1.852033587,0.011468144,0.964347307,0.000000000,0.000000000,0.000000000,1.000000000,1,-0.863326923,-0.386748809,0.820097672,0.000000000,0.000000000,-0.003546820,0.999993710,12
1782463496.406989336,38.571686506,11111,vicon_state_data,ball,1,0,1.861493598,0.009998806,0.958966894,0.000000000,0.000000000,0.000000000,1.000000000,1,-0.863317263,-0.386671801,0.820079325,0.000000000,0.000000000,-0.003436818,0.999994094,12
1782463496.410118818,38.574815989,11112,vicon_state_data,ball,1,0,1.870962021,0.008480888,0.953369950,0.000000000,0.000000000,0.000000000,1.000000000,1,-0.863288083,-0.386676229,0.820072247,0.000000000,0.000000000,-0.003564923,0.999993646,12
1782463496.413481951,38.578179121,11113,vicon_state_data,ball,1,0,1.880673002,0.007289612,0.948250898,0.000000000,0.000000000,0.000000000,1.000000000,1,-0.863133135,-0.386921524,0.820218421,0.000000000,0.000000000,-0.005475723,0.999985008,12
1782463496.416846037,38.581543207,11114,vicon_state_data,ball,1,0,1.890328750,0.006139448,0.942486020,0.000000000,0.000000000,0.000000000,1.000000000,1,-0.863285499,-0.386640034,0.820113630,0.000000000,0.000000000,-0.003632912,0.999993401,12
1782463496.420572996,38.585270166,11115,vicon_state_data,ball,1,0,1.899642402,0.005070421,0.936756206,0.000000000,0.000000000,0.000000000,1.000000000,1,-0.863320953,-0.386571124,0.820177347,0.000000000,0.000000000,-0.003365205,0.999994338,12
1782463496.424303770,38.589000940,11116,vicon_state_data,ball,1,0,1.909105951,0.003778814,0.930834410,0.000000000,0.000000000,0.000000000,1.000000000,1,-0.863248743,-0.386580438,0.820115375,0.000000000,0.000000000,-0.003572242,0.999993620,12
1782463496.426998854,38.591696024,11117,vicon_state_data,ball,1,0,1.918491542,0.002161708,0.925137967,0.000000000,0.000000000,0.000000000,1.000000000,1,-0.863196279,-0.386543135,0.820063509,0.000000000,0.000000000,-0.003736621,0.999993019,12
1782463496.430074692,38.594771862,11118,vicon_state_data,ball,1,0,1.927918701,0.000728221,0.919143187,0.000000000,0.000000000,0.000000000,1.000000000,1,-0.863209033,-0.386500265,0.820110825,0.000000000,0.000000000,-0.003541673,0.999993728,12
1782463496.433565378,38.598262548,11119,vicon_state_data,ball,1,0,1.937647735,-0.001332497,0.912622230,0.000000000,0.000000000,0.000000000,1.000000000,1,-0.863168216,-0.386481932,0.820081027,0.000000000,0.000000000,-0.003697639,0.999993164,12
1782463496.436855555,38.601552725,11120,vicon_state_data,ball,1,0,1.947048241,-0.003002562,0.906463345,0.000000000,0.000000000,0.000000000,1.000000000,1,-0.863184897,-0.386423260,0.820094488,0.000000000,0.000000000,-0.003414173,0.999994172,12
1782463496.440892696,38.605589867,11121,vicon_state_data,ball,1,0,1.956585767,-0.004858554,0.899723694,0.000000000,0.000000000,0.000000000,1.000000000,1,-0.863220177,-0.386343417,0.820121785,0.000000000,0.000000000,-0.003145455,0.999995053,12
1782463496.443478107,38.608175278,11122,vicon_state_data,ball,1,0,1.965976576,-0.006387683,0.892838305,0.000000000,0.000000000,0.000000000,1.000000000,1,-0.863141580,-0.386366909,0.820042336,0.000000000,0.000000000,-0.003519879,0.999993805,12
1782463496.446701765,38.611398935,11123,vicon_state_data,ball,1,0,1.975116766,-0.007475952,0.886139745,0.000000000,0.000000000,0.000000000,1.000000000,1,-0.863088858,-0.386368396,0.819986801,0.000000000,0.000000000,-0.003682749,0.999993219,12
1782463496.449946880,38.614644051,11124,vicon_state_data,ball,1,0,1.984486805,-0.008718133,0.879472021,0.000000000,0.000000000,0.000000000,1.000000000,1,-0.863138515,-0.386214962,0.820039346,0.000000000,0.000000000,-0.003015217,0.999995454,12
1782463496.453308105,38.618005276,11125,vicon_state_data,ball,1,0,1.993734403,-0.009987320,0.872641321,0.000000000,0.000000000,0.000000000,1.000000000,1,-0.863108296,-0.386221890,0.820056936,0.000000000,0.000000000,-0.003169716,0.999994976,12
1782463496.458456278,38.623153448,11126,vicon_state_data,ball,1,0,2.003027274,-0.011179172,0.865647461,0.000000000,0.000000000,0.000000000,1.000000000,1,-0.863117161,-0.386190909,0.820086740,0.000000000,0.000000000,-0.003000720,0.999995498,12
1782463496.460895777,38.625592947,11127,vicon_state_data,ball,1,0,2.012396051,-0.012528751,0.858360786,0.000000000,0.000000000,0.000000000,1.000000000,1,-0.863120600,-0.386173566,0.820120012,0.000000000,0.000000000,-0.003112642,0.999995156,12
1782463496.463492393,38.628189564,11128,vicon_state_data,ball,1,0,2.021827934,-0.013988324,0.850775902,0.000000000,0.000000000,0.000000000,1.000000000,1,-0.863051122,-0.386143007,0.820088848,0.000000000,0.000000000,-0.003212940,0.999994838,12
1782463496.466786146,38.631483316,11129,vicon_state_data,ball,1,0,2.031192242,-0.015221641,0.843531912,0.000000000,0.000000000,0.000000000,1.000000000,1,-0.863018667,-0.386125619,0.820071554,0.000000000,0.000000000,-0.003319630,0.999994490,12
1782463496.470084906,38.634782076,11130,vicon_state_data,ball,1,0,2.040370215,-0.016605027,0.835968115,0.000000000,0.000000000,0.000000000,1.000000000,1,-0.862992532,-0.386037330,0.820028246,0.000000000,0.000000000,-0.003242159,0.999994744,12
1782463496.473769426,38.638466597,11131,vicon_state_data,ball,1,0,2.048512706,-0.017763313,0.829713110,0.000000000,0.000000000,0.000000000,1.000000000,1,-0.862776601,-0.386417920,0.820133130,0.000000000,0.000000000,-0.005879500,0.999982716,12
1782463496.476760626,38.641457796,11132,vicon_state_data,ball,1,0,2.057757634,-0.019242748,0.821636617,0.000000000,0.000000000,0.000000000,1.000000000,1,-0.862963993,-0.385971367,0.820054350,0.000000000,0.000000000,-0.003253229,0.999994708,12
1782463496.480179787,38.644876957,11133,vicon_state_data,ball,1,0,2.066828170,-0.020576195,0.813864403,0.000000000,0.000000000,0.000000000,1.000000000,1,-0.862940572,-0.385966932,0.820062696,0.000000000,0.000000000,-0.003480880,0.999993942,12
1782463496.483614445,38.648311615,11134,vicon_state_data,ball,1,0,2.076014473,-0.022100680,0.806302857,0.000000000,0.000000000,0.000000000,1.000000000,1,-0.862910115,-0.385941718,0.820023676,0.000000000,0.000000000,-0.003578841,0.999993596,12
1782463496.486891031,38.651588202,11135,vicon_state_data,ball,1,0,2.085168775,-0.023560740,0.798505650,0.000000000,0.000000000,0.000000000,1.000000000,1,-0.862879897,-0.385870474,0.820009573,0.000000000,0.000000000,-0.003529398,0.999993772,12
1782463496.490092993,38.654790163,11136,vicon_state_data,ball,1,0,2.094514184,-0.024520847,0.790291297,0.000000000,0.000000000,0.000000000,1.000000000,1,-0.862695786,-0.386141855,0.820099495,0.000000000,0.000000000,-0.005827031,0.999983023,12
1782463496.493448973,38.658146143,11137,vicon_state_data,ball,1,0,2.103512145,-0.025457265,0.782264946,0.000000000,0.000000000,0.000000000,1.000000000,1,-0.862662655,-0.386096646,0.820119800,0.000000000,0.000000000,-0.005880499,0.999982710,12
1782463496.496682167,38.661379337,11138,vicon_state_data,ball,1,0,2.112505768,-0.026681045,0.774094611,0.000000000,0.000000000,0.000000000,1.000000000,1,-0.862759676,-0.385723434,0.819922251,0.000000000,0.000000000,-0.004090506,0.999991634,12
1782463496.500018120,38.664715290,11139,vicon_state_data,ball,1,0,2.121363326,-0.028037845,0.766040677,0.000000000,0.000000000,0.000000000,1.000000000,1,-0.862839570,-0.385659458,0.820071668,0.000000000,0.000000000,-0.003293396,0.999994577,12
1782463496.503590107,38.668287277,11140,vicon_state_data,ball,1,0,2.130274241,-0.029373846,0.757850710,0.000000000,0.000000000,0.000000000,1.000000000,1,-0.862684367,-0.385699574,0.819856278,0.000000000,0.000000000,-0.004281284,0.999990835,12
1782463496.506794214,38.671491385,11141,vicon_state_data,ball,1,0,2.138409917,-0.030901193,0.762698333,0.000000000,0.000000000,0.000000000,1.000000000,1,-0.862572685,-0.385929611,0.820050099,0.000000000,0.000000000,-0.005967975,0.999982191,12
1782463496.510097980,38.674795151,11142,vicon_state_data,ball,1,0,2.146215693,-0.033231729,0.770004748,0.000000000,0.000000000,0.000000000,1.000000000,1,-0.862613983,-0.385493673,0.819790723,0.000000000,0.000000000,-0.004531725,0.999989732,12
1782463496.513337374,38.678034544,11143,vicon_state_data,ball,1,0,2.153722732,-0.034215017,0.776975796,0.000000000,0.000000000,0.000000000,1.000000000,1,-0.862595133,-0.385481329,0.819781948,0.000000000,0.000000000,-0.004514248,0.999989811,12
1782463496.516813755,38.681510925,11144,vicon_state_data,ball,1,0,2.161273180,-0.035328450,0.784212232,0.000000000,0.000000000,0.000000000,1.000000000,1,-0.862519142,-0.385785180,0.820026607,0.000000000,0.000000000,-0.005966538,0.999982200,12
1782463496.519968033,38.684665203,11145,vicon_state_data,ball,1,0,2.168748982,-0.036344633,0.791352036,0.000000000,0.000000000,0.000000000,1.000000000,1,-0.862485536,-0.385656714,0.819998754,0.000000000,0.000000000,-0.005859897,0.999982831,12
1782463496.523458719,38.688155890,11146,vicon_state_data,ball,1,0,2.176209895,-0.037433252,0.798253308,0.000000000,0.000000000,0.000000000,1.000000000,1,-0.862618760,-0.385408560,0.819823592,0.000000000,0.000000000,-0.003916712,0.999992330,12
1782463496.526761770,38.691458941,11147,vicon_state_data,ball,1,0,2.184049346,-0.038575107,0.804618863,0.000000000,0.000000000,0.000000000,1.000000000,1,-0.862611862,-0.385378748,0.819842869,0.000000000,0.000000000,-0.003875106,0.999992492,12
1782463496.530410528,38.695107698,11148,vicon_state_data,ball,1,0,2.189908991,-0.038112173,0.813523553,0.000000000,0.000000000,0.000000000,1.000000000,1,-0.862665410,-0.385296822,0.819929311,0.000000000,0.000000000,-0.003375026,0.999994305,12
1782463496.533582926,38.698280096,11149,vicon_state_data,ball,1,0,2.197561253,-0.039569697,0.820143358,0.000000000,0.000000000,0.000000000,1.000000000,1,-0.862653017,-0.385234934,0.819913800,0.000000000,0.000000000,-0.003336055,0.999994435,12
1782463496.536643505,38.701340675,11150,vicon_state_data,ball,1,0,2.205289434,-0.041342817,0.825999566,0.000000000,0.000000000,0.000000000,1.000000000,1,-0.862496182,-0.385429453,0.819956268,0.000000000,0.000000000,-0.005376462,0.999985547,12
1782463496.540016413,38.704713583,11151,vicon_state_data,ball,1,0,2.212814048,-0.042498468,0.832218310,0.000000000,0.000000000,0.000000000,1.000000000,1,-0.862736494,-0.385219580,0.820165595,0.000000000,0.000000000,-0.004119607,0.999991514,12
1782463496.543357372,38.708054543,11152,vicon_state_data,ball,1,0,2.220257889,-0.043789539,0.838600008,0.000000000,0.000000000,0.000000000,1.000000000,1,-0.862441060,-0.385390038,0.819891848,0.000000000,0.000000000,-0.005353500,0.999985670,12
1782463496.546813965,38.711511135,11153,vicon_state_data,ball,1,0,2.227976912,-0.045014181,0.844733835,0.000000000,0.000000000,0.000000000,1.000000000,1,-0.862396244,-0.385376774,0.819894936,0.000000000,0.000000000,-0.005719307,0.999983645,12
1782463496.550254583,38.714951754,11154,vicon_state_data,ball,1,0,2.235366013,-0.045568656,0.850891933,0.000000000,0.000000000,0.000000000,1.000000000,1,-0.862505576,-0.385035858,0.819783891,0.000000000,0.000000000,-0.003660177,0.999993302,12
1782463496.553528070,38.718225241,11155,vicon_state_data,ball,1,0,2.242695484,-0.046627849,0.857000874,0.000000000,0.000000000,0.000000000,1.000000000,1,-0.862537560,-0.384929216,0.819803905,0.000000000,0.000000000,-0.003432516,0.999994109,12
1782463496.556741476,38.721438646,11156,vicon_state_data,ball,1,0,2.250139953,-0.047961763,0.863233758,0.000000000,0.000000000,0.000000000,1.000000000,1,-0.862515431,-0.384914236,0.819821164,0.000000000,0.000000000,-0.003454870,0.999994032,12
1782463496.559950590,38.724647760,11157,vicon_state_data,ball,1,0,2.257937332,-0.050008946,0.868841354,0.000000000,0.000000000,0.000000000,1.000000000,1,-0.862335864,-0.385179913,0.819850006,0.000000000,0.000000000,-0.005683265,0.999983850,12
1782463496.563463926,38.728161097,11158,vicon_state_data,ball,1,0,2.265515385,-0.051533495,0.874163636,0.000000000,0.000000000,0.000000000,1.000000000,1,-0.862696502,-0.384657175,0.819904497,0.000000000,0.000000000,-0.001524372,0.999998838,12
1782463496.566710472,38.731407642,11159,vicon_state_data,ball,1,0,2.272832399,-0.052852302,0.879517766,0.000000000,0.000000000,0.000000000,1.000000000,1,-0.862744901,-0.384516036,0.820039535,0.000000000,0.000000000,-0.003008511,0.999995474,12
1782463496.569954395,38.734651566,11160,vicon_state_data,ball,1,0,2.280249858,-0.054017565,0.884807518,0.000000000,0.000000000,0.000000000,1.000000000,1,-0.862691734,-0.384404832,0.819987578,0.000000000,0.000000000,-0.003387985,0.999994261,12
1782463496.573831081,38.738528252,11161,vicon_state_data,ball,1,0,2.287578667,-0.055194009,0.889945184,0.000000000,0.000000000,0.000000000,1.000000000,1,-0.862651711,-0.384307368,0.819932799,0.000000000,0.000000000,-0.003297063,0.999994565,12
1782463496.576876640,38.741573811,11162,vicon_state_data,ball,1,0,2.294783596,-0.055741262,0.895007641,0.000000000,0.000000000,0.000000000,1.000000000,1,-0.862812191,-0.384125510,0.820081841,0.000000000,0.000000000,-0.001280566,0.999999180,12
1782463496.580393076,38.745090246,11163,vicon_state_data,ball,1,0,2.302775277,-0.057103525,0.899374385,0.000000000,0.000000000,0.000000000,1.000000000,1,-0.862651447,-0.384314063,0.819952747,0.000000000,0.000000000,-0.003224985,0.999994800,12
1782463496.583513021,38.748210192,11164,vicon_state_data,ball,1,0,2.310136570,-0.058401367,0.903836089,0.000000000,0.000000000,0.000000000,1.000000000,1,-0.862636998,-0.384271402,0.819954600,0.000000000,0.000000000,-0.003176210,0.999994956,12
1782463496.586648941,38.751346111,11165,vicon_state_data,ball,1,0,2.317287098,-0.059572621,0.908255102,0.000000000,0.000000000,0.000000000,1.000000000,1,-0.862659521,-0.384245041,0.819998029,0.000000000,0.000000000,-0.002939720,0.999995679,12
1782463496.590093374,38.754790545,11166,vicon_state_data,ball,1,0,2.323691390,-0.060438010,0.914097275,0.000000000,0.000000000,0.000000000,1.000000000,1,-0.862811180,-0.383949857,0.820128259,0.000000000,0.000000000,-0.000796066,0.999999683,12
1782463496.593316078,38.758013248,11167,vicon_state_data,ball,1,0,2.331035472,-0.061639312,0.918477676,0.000000000,0.000000000,0.000000000,1.000000000,1,-0.862782968,-0.383941034,0.820104549,0.000000000,0.000000000,-0.000866541,0.999999625,12
1782463496.596788406,38.761485577,11168,vicon_state_data,ball,1,0,2.338452153,-0.062690895,0.923062175,0.000000000,0.000000000,0.000000000,1.000000000,1,-0.862606617,-0.384160237,0.819976487,0.000000000,0.000000000,-0.002868551,0.999995886,12
1782463496.599990606,38.764687777,11169,vicon_state_data,ball,1,0,2.346034485,-0.063954460,0.927451549,0.000000000,0.000000000,0.000000000,1.000000000,1,-0.862616552,-0.384035880,0.820049411,0.000000000,0.000000000,-0.002833552,0.999995985,12
1782463496.603404999,38.768102169,11170,vicon_state_data,ball,1,0,2.353451599,-0.064620786,0.931528274,0.000000000,0.000000000,0.000000000,1.000000000,1,-0.862654381,-0.384002810,0.820086131,0.000000000,0.000000000,-0.002344416,0.999997252,12
1782463496.606938362,38.771635532,11171,vicon_state_data,ball,1,0,2.360583024,-0.065473726,0.935841564,0.000000000,0.000000000,0.000000000,1.000000000,1,-0.862639843,-0.383952695,0.820090852,0.000000000,0.000000000,-0.002297827,0.999997360,12
1782463496.610169411,38.774866581,11172,vicon_state_data,ball,1,0,2.367751643,-0.066542571,0.939868910,0.000000000,0.000000000,0.000000000,1.000000000,1,-0.862762464,-0.383694726,0.820164921,0.000000000,0.000000000,-0.000492726,0.999999879,12
1782463496.613816738,38.778513908,11173,vicon_state_data,ball,1,0,2.375375546,-0.068003319,0.943365909,0.000000000,0.000000000,0.000000000,1.000000000,1,-0.862756491,-0.383550454,0.820182446,0.000000000,0.000000000,-0.000394745,0.999999922,12
1782463496.616816998,38.781514168,11174,vicon_state_data,ball,1,0,2.382713546,-0.070267780,0.947214068,0.000000000,0.000000000,0.000000000,1.000000000,1,-0.862727007,-0.383587826,0.820129444,0.000000000,0.000000000,-0.000465553,0.999999892,12
1782463496.619970083,38.784667253,11175,vicon_state_data,ball,1,0,2.389932089,-0.071548728,0.950714664,0.000000000,0.000000000,0.000000000,1.000000000,1,-0.862510999,-0.383659769,0.819948952,0.000000000,0.000000000,-0.002502886,0.999996868,12
1782463496.623404503,38.788101673,11176,vicon_state_data,ball,1,0,2.396973438,-0.072657618,0.954442449,0.000000000,0.000000000,0.000000000,1.000000000,1,-0.862564862,-0.383645522,0.820000929,0.000000000,0.000000000,-0.002106367,0.999997782,12
1782463496.626685619,38.791382790,11177,vicon_state_data,ball,1,0,2.404469102,-0.073859985,0.957667273,0.000000000,0.000000000,0.000000000,1.000000000,1,-0.862503225,-0.383547462,0.819954520,0.000000000,0.000000000,-0.002435931,0.999997033,12
1782463496.630086422,38.794783592,11178,vicon_state_data,ball,1,0,2.411798558,-0.074841884,0.960805683,0.000000000,0.000000000,0.000000000,1.000000000,1,-0.862650042,-0.383369075,0.820063804,0.000000000,0.000000000,-0.000403341,0.999999919,12
1782463496.633559465,38.798256636,11179,vicon_state_data,ball,1,0,2.419391356,-0.075815142,0.963187921,0.000000000,0.000000000,0.000000000,1.000000000,1,-0.862279324,-0.383913653,0.820009382,0.000000000,0.000000000,-0.003661437,0.999993297,12
1782463496.636803865,38.801501036,11180,vicon_state_data,ball,1,0,2.426574005,-0.077055195,0.965804443,0.000000000,0.000000000,0.000000000,1.000000000,1,-0.862379006,-0.383736799,0.819894583,0.000000000,0.000000000,-0.001869215,0.999998253,12
1782463496.640195131,38.804892302,11181,vicon_state_data,ball,1,0,2.433560308,-0.078254249,0.968404876,0.000000000,0.000000000,0.000000000,1.000000000,1,-0.862254784,-0.383921678,0.819985534,0.000000000,0.000000000,-0.003688492,0.999993197,12
1782463496.643723011,38.808420181,11182,vicon_state_data,ball,1,0,2.440376007,-0.079401505,0.971051813,0.000000000,0.000000000,0.000000000,1.000000000,1,-0.862342452,-0.383608696,0.819873555,0.000000000,0.000000000,-0.001936767,0.999998124,12
1782463496.646722078,38.811419249,11183,vicon_state_data,ball,1,0,2.446831024,-0.080119218,0.975069330,0.000000000,0.000000000,0.000000000,1.000000000,1,-0.862197626,-0.383857141,0.819926464,0.000000000,0.000000000,-0.003928377,0.999992284,12
1782463496.650000811,38.814697981,11184,vicon_state_data,ball,1,0,2.454184565,-0.081126179,0.977796762,0.000000000,0.000000000,0.000000000,1.000000000,1,-0.862214011,-0.383785523,0.819950790,0.000000000,0.000000000,-0.003697275,0.999993165,12
1782463496.653450251,38.818147421,11185,vicon_state_data,ball,1,0,2.461871653,-0.082506492,0.980490951,0.000000000,0.000000000,0.000000000,1.000000000,1,-0.862150462,-0.383690828,0.819935591,0.000000000,0.000000000,-0.003931180,0.999992273,12
1782463496.656704664,38.821401834,11186,vicon_state_data,ball,1,0,2.469201653,-0.083265065,0.982841452,0.000000000,0.000000000,0.000000000,1.000000000,1,-0.862146233,-0.383504977,0.819953495,0.000000000,0.000000000,-0.003313726,0.999994510,12
1782463496.660464048,38.825161219,11187,vicon_state_data,ball,1,0,2.476291135,-0.084113599,0.985351058,0.000000000,0.000000000,0.000000000,1.000000000,1,-0.862162889,-0.383603112,0.819922184,0.000000000,0.000000000,-0.003709665,0.999993119,12
1782463496.663569212,38.828266382,11188,vicon_state_data,ball,1,0,2.483301651,-0.085023083,0.987467370,0.000000000,0.000000000,0.000000000,1.000000000,1,-0.862100762,-0.383438066,0.819898741,0.000000000,0.000000000,-0.003444853,0.999994066,12
1782463496.666692257,38.831389427,11189,vicon_state_data,ball,1,0,2.490672481,-0.086418021,0.989314694,0.000000000,0.000000000,0.000000000,1.000000000,1,-0.862059011,-0.383470913,0.819910865,0.000000000,0.000000000,-0.003715187,0.999993099,12
1782463496.669909477,38.834606647,11190,vicon_state_data,ball,1,0,2.498038560,-0.088608037,0.991274018,0.000000000,0.000000000,0.000000000,1.000000000,1,-0.861581673,-0.383788659,0.819395367,0.000000000,0.000000000,-0.007383846,0.999972739,12
1782463496.673592329,38.838289499,11191,vicon_state_data,ball,1,0,2.505037526,-0.089917675,0.992954508,0.000000000,0.000000000,0.000000000,1.000000000,1,-0.862033994,-0.383504670,0.819713343,0.000000000,0.000000000,-0.003547351,0.999993708,12
1782463496.676743031,38.841440201,11192,vicon_state_data,ball,1,0,2.511986967,-0.091189838,0.995003359,0.000000000,0.000000000,0.000000000,1.000000000,1,-0.861891585,-0.383271791,0.819526588,0.000000000,0.000000000,-0.003666425,0.999993279,12
1782463496.679943085,38.844640255,11193,vicon_state_data,ball,1,0,2.519213289,-0.092154802,0.996464081,0.000000000,0.000000000,0.000000000,1.000000000,1,-0.862136509,-0.383278765,0.819833074,0.000000000,0.000000000,-0.002969601,0.999995591,12
1782463496.683294773,38.847991943,11194,vicon_state_data,ball,1,0,2.526537848,-0.093240335,0.997757401,0.000000000,0.000000000,0.000000000,1.000000000,1,-0.862071327,-0.383272193,0.819769359,0.000000000,0.000000000,-0.003228616,0.999994788,12
1782463496.686855078,38.851552248,11195,vicon_state_data,ball,1,0,2.534068245,-0.094071517,0.998227282,0.000000000,0.000000000,0.000000000,1.000000000,1,-0.861995693,-0.383260460,0.819684674,0.000000000,0.000000000,-0.003496080,0.999993889,12
1782463496.690463066,38.855160236,11196,vicon_state_data,ball,1,0,2.541160668,-0.095272351,0.998944770,0.000000000,0.000000000,0.000000000,1.000000000,1,-0.862021948,-0.383148702,0.819714081,0.000000000,0.000000000,-0.003078277,0.999995262,12
1782463496.693463326,38.858160496,11197,vicon_state_data,ball,1,0,2.547972861,-0.096374994,0.999672397,0.000000000,0.000000000,0.000000000,1.000000000,1,-0.862109337,-0.383067110,0.819778142,0.000000000,0.000000000,-0.002672601,0.999996429,12
1782463496.696693182,38.861390352,11198,vicon_state_data,ball,1,0,2.554747254,-0.097370120,1.000465967,0.000000000,0.000000000,0.000000000,1.000000000,1,-0.862012106,-0.383067647,0.819719481,0.000000000,0.000000000,-0.003109605,0.999995165,12
1782463496.699971437,38.864668608,11199,vicon_state_data,ball,1,0,2.560923669,-0.098196332,1.002737245,0.000000000,0.000000000,0.000000000,1.000000000,1,-0.861803147,-0.383328938,0.819627832,0.000000000,0.000000000,-0.005973635,0.999982158,12
1782463496.703281403,38.867978573,11200,vicon_state_data,ball,1,0,2.568106890,-0.099292126,1.003596238,0.000000000,0.000000000,0.000000000,1.000000000,1,-0.861833035,-0.383246353,0.819656648,0.000000000,0.000000000,-0.005576800,0.999984450,12
1782463496.706931114,38.871628284,11201,vicon_state_data,ball,1,0,2.575534384,-0.100432767,1.004348386,0.000000000,0.000000000,0.000000000,1.000000000,1,-0.862124234,-0.382749154,0.819849026,0.000000000,0.000000000,-0.002075506,0.999997846,12
1782463496.710030079,38.874727249,11202,vicon_state_data,ball,1,0,2.582834126,-0.101260771,1.004940285,0.000000000,0.000000000,0.000000000,1.000000000,1,-0.862144310,-0.382811332,0.819886950,0.000000000,0.000000000,-0.002172446,0.999997640,12
1782463496.713282108,38.877979279,11203,vicon_state_data,ball,1,0,2.589898270,-0.102088580,1.005588265,0.000000000,0.000000000,0.000000000,1.000000000,1,-0.862152850,-0.382790016,0.819927922,0.000000000,0.000000000,-0.002206945,0.999997565,12
1782463496.716796875,38.881494045,11204,vicon_state_data,ball,1,0,2.596894364,-0.103067568,1.005884396,0.000000000,0.000000000,0.000000000,1.000000000,1,-0.862060688,-0.382854458,0.819862264,0.000000000,0.000000000,-0.002811079,0.999996049,12
1782463496.720263720,38.884960890,11205,vicon_state_data,ball,1,0,2.603854395,-0.104243983,1.006018618,0.000000000,0.000000000,0.000000000,1.000000000,1,-0.862008470,-0.382817158,0.819784464,0.000000000,0.000000000,-0.002879485,0.999995854,12
1782463496.723708153,38.888405323,11206,vicon_state_data,ball,1,0,2.611250900,-0.106549658,1.006193357,0.000000000,0.000000000,0.000000000,1.000000000,1,-0.862075498,-0.382740714,0.819900090,0.000000000,0.000000000,-0.002471569,0.999996946,12
1782463496.726793051,38.891490221,11207,vicon_state_data,ball,1,0,2.618092933,-0.107871497,1.006010267,0.000000000,0.000000000,0.000000000,1.000000000,1,-0.861642033,-0.383131294,0.819545409,0.000000000,0.000000000,-0.006576266,0.999978376,12
1782463496.730063200,38.894760370,11208,vicon_state_data,ball,1,0,2.624900284,-0.109196174,1.006317133,0.000000000,0.000000000,0.000000000,1.000000000,1,-0.861903660,-0.382677762,0.819674752,0.000000000,0.000000000,-0.003227964,0.999994790,12
1782463496.733268738,38.897965908,11209,vicon_state_data,ball,1,0,2.631960338,-0.110243119,1.006208554,0.000000000,0.000000000,0.000000000,1.000000000,1,-0.861925031,-0.382657943,0.819685267,0.000000000,0.000000000,-0.003079555,0.999995258,12
1782463496.736750603,38.901447773,11210,vicon_state_data,ball,1,0,2.639171330,-0.111069678,1.005525399,0.000000000,0.000000000,0.000000000,1.000000000,1,-0.861955098,-0.382605331,0.819735565,0.000000000,0.000000000,-0.002867481,0.999995889,12
1782463496.740787268,38.905484438,11211,vicon_state_data,ball,1,0,2.646412839,-0.112689769,1.005139701,0.000000000,0.000000000,0.000000000,1.000000000,1,-0.861596026,-0.382988343,0.819533377,0.000000000,0.000000000,-0.006635810,0.999977983,12
1782463496.743845224,38.908542395,11212,vicon_state_data,ball,1,0,2.653726460,-0.113067645,1.003289780,0.000000000,0.000000000,0.000000000,1.000000000,1,-0.861903256,-0.382606831,0.819694548,0.000000000,0.000000000,-0.003295876,0.999994569,12
1782463496.747050524,38.911747694,11213,vicon_state_data,ball,1,0,2.660390966,-0.114219411,1.002197790,0.000000000,0.000000000,0.000000000,1.000000000,1,-0.861930423,-0.382520828,0.819781664,0.000000000,0.000000000,-0.002896390,0.999995805,12
1782463496.750183105,38.914880276,11214,vicon_state_data,ball,1,0,2.667101966,-0.115104688,1.001236762,0.000000000,0.000000000,0.000000000,1.000000000,1,-0.861592378,-0.382871225,0.819473385,0.000000000,0.000000000,-0.006745190,0.999977251,12
1782463496.753457069,38.918154240,11215,vicon_state_data,ball,1,0,2.673811303,-0.116033872,1.000601254,0.000000000,0.000000000,0.000000000,1.000000000,1,-0.861599734,-0.382820307,0.819497900,0.000000000,0.000000000,-0.006619898,0.999978088,12
1782463496.756898403,38.921595573,11216,vicon_state_data,ball,1,0,2.680059510,-0.117081371,1.000637517,0.000000000,0.000000000,0.000000000,1.000000000,1,-0.861870035,-0.382390625,0.819630599,0.000000000,0.000000000,-0.003274711,0.999994638,12
1782463496.760179520,38.924876690,11217,vicon_state_data,ball,1,0,2.687260748,-0.118336142,0.999703020,0.000000000,0.000000000,0.000000000,1.000000000,1,-0.861870163,-0.382309396,0.819626452,0.000000000,0.000000000,-0.003145214,0.999995054,12
1782463496.763594389,38.928291559,11218,vicon_state_data,ball,1,0,2.694407673,-0.119154843,0.998545640,0.000000000,0.000000000,0.000000000,1.000000000,1,-0.861943561,-0.382242474,0.819730217,0.000000000,0.000000000,-0.002648343,0.999996493,12
1782463496.766715288,38.931412458,11219,vicon_state_data,ball,1,0,2.701366230,-0.120000798,0.997409653,0.000000000,0.000000000,0.000000000,1.000000000,1,-0.861603878,-0.382634404,0.819527667,0.000000000,0.000000000,-0.006254077,0.999980443,12
1782463496.770150185,38.934847355,11220,vicon_state_data,ball,1,0,2.708006632,-0.120996002,0.996123921,0.000000000,0.000000000,0.000000000,1.000000000,1,-0.861992700,-0.382189532,0.819827935,0.000000000,0.000000000,-0.002321869,0.999997304,12
1782463496.773850441,38.938547611,11221,vicon_state_data,ball,1,0,2.714551462,-0.122071614,0.994673056,0.000000000,0.000000000,0.000000000,1.000000000,1,-0.861624891,-0.382516632,0.819596830,0.000000000,0.000000000,-0.005848002,0.999982900,12
1782463496.776761532,38.941458702,11222,vicon_state_data,ball,1,0,2.722150467,-0.122393728,0.992554204,0.000000000,0.000000000,0.000000000,1.000000000,1,-0.861983875,-0.382151840,0.819810822,0.000000000,0.000000000,-0.002455056,0.999996986,12
1782463496.779954433,38.944651604,11223,vicon_state_data,ball,1,0,2.729506793,-0.124888861,0.990256339,0.000000000,0.000000000,0.000000000,1.000000000,1,-0.862136483,-0.381951971,0.819953902,0.000000000,0.000000000,-0.001276741,0.999999185,12
1782463496.783291817,38.947988987,11224,vicon_state_data,ball,1,0,2.736326006,-0.125965707,0.988292124,0.000000000,0.000000000,0.000000000,1.000000000,1,-0.861953253,-0.382025365,0.819776706,0.000000000,0.000000000,-0.002264252,0.999997437,12
1782463496.786764622,38.951461792,11225,vicon_state_data,ball,1,0,2.743127416,-0.127305882,0.986460526,0.000000000,0.000000000,0.000000000,1.000000000,1,-0.861947092,-0.382028024,0.819791761,0.000000000,0.000000000,-0.002318152,0.999997313,12
1782463496.790194035,38.954891205,11226,vicon_state_data,ball,1,0,2.750116918,-0.128614666,0.984443210,0.000000000,0.000000000,0.000000000,1.000000000,1,-0.862124647,-0.381856965,0.819950048,0.000000000,0.000000000,-0.001144063,0.999999346,12
1782463496.793315411,38.958012581,11227,vicon_state_data,ball,1,0,2.757098900,-0.129770402,0.982055116,0.000000000,0.000000000,0.000000000,1.000000000,1,-0.862034430,-0.381854767,0.819837281,0.000000000,0.000000000,-0.001670193,0.999998605,12
1782463496.796707392,38.961404562,11228,vicon_state_data,ball,1,0,2.763978637,-0.131807601,0.979730575,0.000000000,0.000000000,0.000000000,1.000000000,1,-0.862130567,-0.381806522,0.820006046,0.000000000,0.000000000,-0.001120797,0.999999372,12
1782463496.800476789,38.965173960,11229,vicon_state_data,ball,1,0,2.770807108,-0.132021703,0.976503642,0.000000000,0.000000000,0.000000000,1.000000000,1,-0.862089799,-0.381772694,0.819967610,0.000000000,0.000000000,-0.001265534,0.999999199,12
1782463496.803841829,38.968539000,11230,vicon_state_data,ball,1,0,2.777368916,-0.132805044,0.973798293,0.000000000,0.000000000,0.000000000,1.000000000,1,-0.862146032,-0.381733279,0.820035598,0.000000000,0.000000000,-0.000976274,0.999999523,12
1782463496.806927919,38.971625090,11231,vicon_state_data,ball,1,0,2.784021224,-0.133699146,0.971222903,0.000000000,0.000000000,0.000000000,1.000000000,1,-0.861980831,-0.381938076,0.820051410,0.000000000,0.000000000,-0.002768231,0.999996168,12
1782463496.810065269,38.974762440,11232,vicon_state_data,ball,1,0,2.790318430,-0.134606693,0.969343321,0.000000000,0.000000000,0.000000000,1.000000000,1,-0.861977387,-0.381893161,0.820046058,0.000000000,0.000000000,-0.002774408,0.999996151,12
1782463496.813424349,38.978121519,11233,vicon_state_data,ball,1,0,2.797242404,-0.135802415,0.966796447,0.000000000,0.000000000,0.000000000,1.000000000,1,-0.862201020,-0.381588039,0.820068032,0.000000000,0.000000000,-0.000509446,0.999999870,12
1782463496.816684246,38.981381416,11234,vicon_state_data,ball,1,0,2.804307402,-0.136871862,0.963800333,0.000000000,0.000000000,0.000000000,1.000000000,1,-0.862131376,-0.381566089,0.819989657,0.000000000,0.000000000,-0.000838461,0.999999648,12
1782463496.819958925,38.984656096,11235,vicon_state_data,ball,1,0,2.811207833,-0.137842162,0.960764371,0.000000000,0.000000000,0.000000000,1.000000000,1,-0.862197019,-0.381538042,0.820086529,0.000000000,0.000000000,-0.000424247,0.999999910,12
1782463496.823469400,38.988166571,11236,vicon_state_data,ball,1,0,2.817743884,-0.138954147,0.957535056,0.000000000,0.000000000,0.000000000,1.000000000,1,-0.862209114,-0.381495880,0.820065784,0.000000000,0.000000000,-0.000446530,0.999999900,12
1782463496.826678514,38.991375685,11237,vicon_state_data,ball,1,0,2.824899275,-0.139847404,0.953954617,0.000000000,0.000000000,0.000000000,1.000000000,1,-0.862206960,-0.381430849,0.820064683,0.000000000,0.000000000,-0.000244490,0.999999970,12
1782463496.830086708,38.994783878,11238,vicon_state_data,ball,1,0,2.831472814,-0.140835319,0.950521894,0.000000000,0.000000000,0.000000000,1.000000000,1,-0.862195623,-0.381385263,0.820078348,0.000000000,0.000000000,-0.000232388,0.999999973,12
1782463496.833273888,38.997971058,11239,vicon_state_data,ball,1,0,2.839197113,-0.142568478,0.946268052,0.000000000,0.000000000,0.000000000,1.000000000,1,-0.862180780,-0.381333308,0.820003930,0.000000000,0.000000000,-0.000276811,0.999999962,12
1782463496.836600065,39.001297235,11240,vicon_state_data,ball,1,0,2.845357161,-0.143633416,0.942660980,0.000000000,0.000000000,0.000000000,1.000000000,1,-0.862204743,-0.381295858,0.820058724,0.000000000,0.000000000,-0.000149293,0.999999989,12
1782463496.840369463,39.005066633,11241,vicon_state_data,ball,1,0,2.851761504,-0.144919368,0.939176929,0.000000000,0.000000000,0.000000000,1.000000000,1,-0.862201018,-0.381273323,0.820088107,0.000000000,0.000000000,-0.000124643,0.999999992,12
1782463496.843573809,39.008270979,11242,vicon_state_data,ball,1,0,2.858478887,-0.146119258,0.935604400,0.000000000,0.000000000,0.000000000,1.000000000,1,-0.862226104,-0.381245956,0.820109693,0.000000000,0.000000000,-0.000015620,1.000000000,12
1782463496.847150326,39.011847496,11243,vicon_state_data,ball,1,0,2.865393924,-0.147409034,0.931647748,0.000000000,0.000000000,0.000000000,1.000000000,1,-0.861873681,-0.381396915,0.819769285,0.000000000,0.000000000,-0.001991127,0.999998018,12
1782463496.850159407,39.014856577,11244,vicon_state_data,ball,1,0,2.872270153,-0.148683918,0.927271257,0.000000000,0.000000000,0.000000000,1.000000000,1,-0.862015820,-0.381329815,0.819920796,0.000000000,0.000000000,-0.001327315,0.999999119,12
1782463496.853434324,39.018131495,11245,vicon_state_data,ball,1,0,2.878925139,-0.149702437,0.922689442,0.000000000,0.000000000,0.000000000,1.000000000,1,-0.862052688,-0.381209036,0.819955857,0.000000000,0.000000000,-0.000943930,0.999999554,12
1782463496.856770515,39.021467686,11246,vicon_state_data,ball,1,0,2.885410693,-0.150423750,0.918257957,0.000000000,0.000000000,0.000000000,1.000000000,1,-0.862083551,-0.381123944,0.819913418,0.000000000,0.000000000,-0.000523670,0.999999863,12
1782463496.860024691,39.024721861,11247,vicon_state_data,ball,1,0,2.891855652,-0.151292084,0.913888269,0.000000000,0.000000000,0.000000000,1.000000000,1,-0.862139469,-0.381078871,0.819979363,0.000000000,0.000000000,-0.000277040,0.999999962,12
1782463496.863533735,39.028230906,11248,vicon_state_data,ball,1,0,2.898514261,-0.152316300,0.909596868,0.000000000,0.000000000,0.000000000,1.000000000,1,-0.862140337,-0.381045450,0.819979405,0.000000000,0.000000000,-0.000204838,0.999999979,12
1782463496.867074490,39.031771660,11249,vicon_state_data,ball,1,0,2.905304794,-0.153360126,0.905341143,0.000000000,0.000000000,0.000000000,1.000000000,1,-0.862149601,-0.381020785,0.820000487,0.000000000,0.000000000,-0.000196992,0.999999981,12
1782463496.870134592,39.034831762,11250,vicon_state_data,ball,1,0,2.912461400,-0.154853894,0.900775081,0.000000000,0.000000000,0.000000000,1.000000000,1,-0.862130904,-0.380989681,0.819965738,0.000000000,0.000000000,-0.000340241,0.999999942,12
1782463496.873444557,39.038141727,11251,vicon_state_data,ball,1,0,2.919416857,-0.156096940,0.895883071,0.000000000,0.000000000,0.000000000,1.000000000,1,-0.862131313,-0.380934931,0.819953428,0.000000000,0.000000000,-0.000332280,0.999999945,12
1782463496.876657724,39.041354895,11252,vicon_state_data,ball,1,0,2.926369225,-0.157020437,0.890638986,0.000000000,0.000000000,0.000000000,1.000000000,1,-0.862193443,-0.380902041,0.820030184,0.000000000,0.000000000,0.000037133,0.999999999,12
1782463496.880428314,39.045125484,11253,vicon_state_data,ball,1,0,2.933198664,-0.158003881,0.885281223,0.000000000,0.000000000,0.000000000,1.000000000,1,-0.862173807,-0.380852539,0.819993735,0.000000000,0.000000000,-0.000077444,0.999999997,12
1782463496.883757830,39.048455000,11254,vicon_state_data,ball,1,0,2.940077186,-0.158810611,0.880180938,0.000000000,0.000000000,0.000000000,1.000000000,1,-0.861993166,-0.381168668,0.820057804,0.000000000,0.000000000,-0.002271610,0.999997420,12
1782463496.887111664,39.051808834,11255,vicon_state_data,ball,1,0,2.947409347,-0.158633566,0.877291350,0.000000000,0.000000000,0.000000000,1.000000000,1,-0.862197265,-0.380762512,0.820020402,0.000000000,0.000000000,0.000123134,0.999999992,12
1782463496.890330076,39.055027246,11256,vicon_state_data,ball,1,0,2.954229898,-0.157028337,0.874161648,0.000000000,0.000000000,0.000000000,1.000000000,1,-0.862221253,-0.380791572,0.820085955,0.000000000,0.000000000,0.000101448,0.999999995,12
1782463496.893428802,39.058125973,11257,vicon_state_data,ball,1,0,2.961404477,-0.154828362,0.870692511,0.000000000,0.000000000,0.000000000,1.000000000,1,-0.862232951,-0.380745924,0.820115695,0.000000000,0.000000000,0.000178709,0.999999984,12
1782463496.896933079,39.061630249,11258,vicon_state_data,ball,1,0,2.969783244,-0.153654752,0.870187914,0.000000000,0.000000000,0.000000000,1.000000000,1,-0.862186064,-0.380702120,0.820025209,0.000000000,0.000000000,0.000076366,0.999999997,12
1782463496.900298357,39.064995527,11259,vicon_state_data,ball,1,0,2.978402555,-0.153324076,0.871786265,0.000000000,0.000000000,0.000000000,1.000000000,1,-0.862217204,-0.380706142,0.820073166,0.000000000,0.000000000,0.000045563,0.999999999,12
1782463496.903994322,39.068691492,11260,vicon_state_data,ball,1,0,2.985822901,-0.149793550,0.875758613,0.000000000,0.000000000,0.000000000,1.000000000,1,-0.862206563,-0.380661102,0.820022486,0.000000000,0.000000000,0.000153239,0.999999988,12
1782463496.907333612,39.072030783,11261,vicon_state_data,ball,1,0,2.996135629,-0.149487849,0.877036505,0.000000000,0.000000000,0.000000000,1.000000000,1,-0.862215352,-0.380612000,0.820030142,0.000000000,0.000000000,0.000185820,0.999999983,12
1782463496.910249710,39.074946880,11262,vicon_state_data,ball,1,0,3.007376561,-0.151237952,0.876173157,0.000000000,0.000000000,0.000000000,1.000000000,1,-0.862217556,-0.380563905,0.820044918,0.000000000,0.000000000,0.000248460,0.999999969,12
1782463496.913524628,39.078221798,11263,vicon_state_data,ball,1,0,3.017023220,-0.150491986,0.877103568,0.000000000,0.000000000,0.000000000,1.000000000,1,-0.862203212,-0.380575869,0.820000338,0.000000000,0.000000000,0.000064393,0.999999998,12
1782463496.916869164,39.081566334,11264,vicon_state_data,ball,1,0,3.026595627,-0.148734394,0.877489131,0.000000000,0.000000000,0.000000000,1.000000000,1,-0.862104113,-0.380568048,0.819829861,0.000000000,0.000000000,-0.000600013,0.999999820,12
1782463496.920116186,39.084813356,11265,vicon_state_data,ball,1,0,3.036189344,-0.147508917,0.878572128,0.000000000,0.000000000,0.000000000,1.000000000,1,-0.862028804,-0.380833305,0.820033161,0.000000000,0.000000000,-0.002129819,0.999997732,12
1782463496.923434734,39.088131905,11266,vicon_state_data,ball,1,0,3.045960479,-0.146737397,0.879636804,0.000000000,0.000000000,0.000000000,1.000000000,1,-0.862042831,-0.380812984,0.820063867,0.000000000,0.000000000,-0.002043759,0.999997912,12
1782463496.926787138,39.091484308,11267,vicon_state_data,ball,1,0,3.056021011,-0.146296825,0.880605870,0.000000000,0.000000000,0.000000000,1.000000000,1,-0.862165406,-0.380469437,0.819924102,0.000000000,0.000000000,-0.000121856,0.999999993,12
1782463496.929984093,39.094681263,11268,vicon_state_data,ball,1,0,3.067104148,-0.145795230,0.881232112,0.000000000,0.000000000,0.000000000,1.000000000,1,-0.862163871,-0.380431439,0.819914277,0.000000000,0.000000000,-0.000104034,0.999999995,12
1782463496.933487654,39.098184824,11269,vicon_state_data,ball,1,0,3.077335268,-0.145002635,0.881692091,0.000000000,0.000000000,0.000000000,1.000000000,1,-0.862113376,-0.380437082,0.819836193,0.000000000,0.000000000,-0.000535103,0.999999857,12
1782463496.936819553,39.101516724,11270,vicon_state_data,ball,1,0,3.087764722,-0.144043172,0.881989761,0.000000000,0.000000000,0.000000000,1.000000000,1,-0.862158209,-0.380394747,0.819869166,0.000000000,0.000000000,-0.000289143,0.999999958,12
1782463496.940678358,39.105375528,11271,vicon_state_data,ball,1,0,3.096999277,-0.144647345,0.883180051,0.000000000,0.000000000,0.000000000,1.000000000,1,-0.862065058,-0.380684715,0.820053539,0.000000000,0.000000000,-0.002028789,0.999997942,12
1782463496.943781853,39.108479023,11272,vicon_state_data,ball,1,0,3.105867368,-0.145190252,0.883244866,0.000000000,0.000000000,0.000000000,1.000000000,1,-0.862087077,-0.380584678,0.820051183,0.000000000,0.000000000,-0.001784567,0.999998408,12
1782463496.946892977,39.111590147,11273,vicon_state_data,ball,1,0,3.116000583,-0.143527628,0.885244292,0.000000000,0.000000000,0.000000000,1.000000000,1,-0.862096220,-0.380582950,0.820048993,0.000000000,0.000000000,-0.001756926,0.999998457,12
1782463496.950098753,39.114795923,11274,vicon_state_data,ball,1,0,3.124387248,-0.141717670,0.885634813,0.000000000,0.000000000,0.000000000,1.000000000,1,-0.862187771,-0.380268472,0.819808277,0.000000000,0.000000000,-0.000202384,0.999999980,12
