host_time_s,elapsed_s,frame_number,channel,name,ball_valid,ball_occluded,ball_x_m,ball_y_m,ball_z_m,ball_qx,ball_qy,ball_qz,ball_qw,base_valid,base_x_m,base_y_m,base_z_m,base_qx,base_qy,base_qz,base_qw,clean_segment_id
1782463497.293339491,39.458036661,11377,vicon_state_data,ball,1,0,3.121347603,-0.202130349,0.886264742,0.000000000,0.000000000,0.000000000,1.000000000,1,-0.863533839,-0.378713454,0.819921629,0.000000000,0.000000000,0.002698443,0.999996359,13
1782463497.296596289,39.461293459,11378,vicon_state_data,ball,1,0,3.120667029,-0.201700599,0.884522995,0.000000000,0.000000000,0.000000000,1.000000000,1,-0.863517590,-0.378965677,0.820085368,0.000000000,0.000000000,0.001587430,0.999998740,13
1782463497.300105333,39.464802504,11379,vicon_state_data,ball,1,0,3.120087957,-0.202160850,0.882322594,0.000000000,0.000000000,0.000000000,1.000000000,1,-0.863526833,-0.378957381,0.820081988,0.000000000,0.000000000,0.001560239,0.999998783,13
1782463497.303393841,39.468091011,11380,vicon_state_data,ball,1,0,3.119313283,-0.201477644,0.880730925,0.000000000,0.000000000,0.000000000,1.000000000,1,-0.863614400,-0.378758713,0.819890632,0.000000000,0.000000000,0.002659859,0.999996463,13
1782463497.306922197,39.471619368,11381,vicon_state_data,ball,1,0,3.118712295,-0.202049914,0.878377476,0.000000000,0.000000000,0.000000000,1.000000000,1,-0.863581072,-0.378985948,0.820100181,0.000000000,0.000000000,0.001612537,0.999998700,13
1782463497.310149431,39.474846601,11382,vicon_state_data,ball,1,0,3.117977616,-0.201621444,0.876679518,0.000000000,0.000000000,0.000000000,1.000000000,1,-0.863650164,-0.378776357,0.819899482,0.000000000,0.000000000,0.002620277,0.999996567,13
1782463497.313350677,39.478047848,11383,vicon_state_data,ball,1,0,3.117220071,-0.201230976,0.875004680,0.000000000,0.000000000,0.000000000,1.000000000,1,-0.863595294,-0.379017262,0.820050994,0.000000000,0.000000000,0.001487494,0.999998894,13
1782463497.316717863,39.481415033,11384,vicon_state_data,ball,1,0,3.116452342,-0.201020085,0.872998859,0.000000000,0.000000000,0.000000000,1.000000000,1,-0.863691022,-0.378745417,0.819865907,0.000000000,0.000000000,0.002784590,0.999996123,13
1782463497.320031881,39.484729052,11385,vicon_state_data,ball,1,0,3.115614187,-0.200646837,0.871218521,0.000000000,0.000000000,0.000000000,1.000000000,1,-0.863644397,-0.379001440,0.820030526,0.000000000,0.000000000,0.001625432,0.999998679,13
1782463497.323435545,39.488132715,11386,vicon_state_data,ball,1,0,3.114791070,-0.199932640,0.869642813,0.000000000,0.000000000,0.000000000,1.000000000,1,-0.863664558,-0.379013466,0.820065162,0.000000000,0.000000000,0.001681135,0.999998587,13
1782463497.326705456,39.491402626,11387,vicon_state_data,ball,1,0,3.113931366,-0.199196892,0.868009552,0.000000000,0.000000000,0.000000000,1.000000000,1,-0.863680292,-0.379038333,0.820007879,0.000000000,0.000000000,0.001612546,0.999998700,13
1782463497.330245733,39.494942904,11388,vicon_state_data,ball,1,0,3.112980990,-0.198671845,0.866365216,0.000000000,0.000000000,0.000000000,1.000000000,1,-0.863711538,-0.379051428,0.820039182,0.000000000,0.000000000,0.001724078,0.999998514,13
1782463497.333494186,39.498191357,11389,vicon_state_data,ball,1,0,3.112023059,-0.197686345,0.864920175,0.000000000,0.000000000,0.000000000,1.000000000,1,-0.863724211,-0.379038946,0.820014264,0.000000000,0.000000000,0.001642329,0.999998651,13
1782463497.337041616,39.501738787,11390,vicon_state_data,ball,1,0,3.111076248,-0.196715196,0.863463542,0.000000000,0.000000000,0.000000000,1.000000000,1,-0.863830675,-0.378826901,0.819892524,0.000000000,0.000000000,0.003011534,0.999995465,13
1782463497.340261698,39.504958868,11391,vicon_state_data,ball,1,0,3.110012975,-0.195795048,0.861859965,0.000000000,0.000000000,0.000000000,1.000000000,1,-0.863744451,-0.379109706,0.820007721,0.000000000,0.000000000,0.001411950,0.999999003,13
1782463497.343424082,39.508121252,11392,vicon_state_data,ball,1,0,3.108933100,-0.194494650,0.860670519,0.000000000,0.000000000,0.000000000,1.000000000,1,-0.863761940,-0.379134047,0.820002742,0.000000000,0.000000000,0.001415525,0.999998998,13
1782463497.346662998,39.511360168,11393,vicon_state_data,ball,1,0,3.107961304,-0.193804242,0.858955414,0.000000000,0.000000000,0.000000000,1.000000000,1,-0.863805833,-0.379125166,0.820027223,0.000000000,0.000000000,0.001646549,0.999998644,13
1782463497.350266933,39.514964104,11394,vicon_state_data,ball,1,0,3.106739322,-0.192281638,0.857903914,0.000000000,0.000000000,0.000000000,1.000000000,1,-0.863802928,-0.379146790,0.819991148,0.000000000,0.000000000,0.001496898,0.999998880,13
1782463497.353496313,39.518193483,11395,vicon_state_data,ball,1,0,3.105606070,-0.191049743,0.856516825,0.000000000,0.000000000,0.000000000,1.000000000,1,-0.863811254,-0.379132974,0.819980533,0.000000000,0.000000000,0.001478161,0.999998908,13
1782463497.356874704,39.521571875,11396,vicon_state_data,ball,1,0,3.104532345,-0.189921412,0.855204999,0.000000000,0.000000000,0.000000000,1.000000000,1,-0.863919779,-0.378874654,0.819851002,0.000000000,0.000000000,0.003012882,0.999995461,13
1782463497.360359430,39.525056601,11397,vicon_state_data,ball,1,0,3.103290876,-0.188337821,0.854012465,0.000000000,0.000000000,0.000000000,1.000000000,1,-0.863937437,-0.378858559,0.819841572,0.000000000,0.000000000,0.003040223,0.999995379,13
1782463497.363470554,39.528167725,11398,vicon_state_data,ball,1,0,3.102094938,-0.186897592,0.852839972,0.000000000,0.000000000,0.000000000,1.000000000,1,-0.863855587,-0.379145340,0.819963985,0.000000000,0.000000000,0.001570484,0.999998767,13
1782463497.366879463,39.531576633,11399,vicon_state_data,ball,1,0,3.100877872,-0.185277047,0.851741592,0.000000000,0.000000000,0.000000000,1.000000000,1,-0.863991562,-0.378896857,0.819854751,0.000000000,0.000000000,0.003078377,0.999995262,13
1782463497.369973421,39.534670591,11400,vicon_state_data,ball,1,0,3.099627740,-0.183332716,0.850828599,0.000000000,0.000000000,0.000000000,1.000000000,1,-0.863915724,-0.379162890,0.819951647,0.000000000,0.000000000,0.001599725,0.999998720,13
1782463497.373293400,39.537990570,11401,vicon_state_data,ball,1,0,3.098518601,-0.181913173,0.849478048,0.000000000,0.000000000,0.000000000,1.000000000,1,-0.863942786,-0.379171934,0.819992594,0.000000000,0.000000000,0.001671815,0.999998603,13
1782463497.376592875,39.541290045,11402,vicon_state_data,ball,1,0,3.097374738,-0.180275900,0.848295610,0.000000000,0.000000000,0.000000000,1.000000000,1,-0.863944679,-0.379168529,0.819981255,0.000000000,0.000000000,0.001613999,0.999998698,13
1782463497.380102396,39.544799566,11403,vicon_state_data,ball,1,0,3.096167437,-0.177931426,0.847623194,0.000000000,0.000000000,0.000000000,1.000000000,1,-0.863961584,-0.379201291,0.819960415,0.000000000,0.000000000,0.001570964,0.999998766,13
1782463497.383578777,39.548275948,11404,vicon_state_data,ball,1,0,3.095225763,-0.176298676,0.846419365,0.000000000,0.000000000,0.000000000,1.000000000,1,-0.864074191,-0.378936547,0.819825793,0.000000000,0.000000000,0.003092959,0.999995217,13
1782463497.386642694,39.551339865,11405,vicon_state_data,ball,1,0,3.094188476,-0.174030883,0.845803005,0.000000000,0.000000000,0.000000000,1.000000000,1,-0.863958778,-0.379222730,0.819888173,0.000000000,0.000000000,0.001322901,0.999999125,13
1782463497.390003443,39.554700613,11406,vicon_state_data,ball,1,0,3.093268584,-0.171670752,0.845223523,0.000000000,0.000000000,0.000000000,1.000000000,1,-0.864111454,-0.378932216,0.819845217,0.000000000,0.000000000,0.003278392,0.999994626,13
1782463497.393364906,39.558062077,11407,vicon_state_data,ball,1,0,3.092598607,-0.169795028,0.844466210,0.000000000,0.000000000,0.000000000,1.000000000,1,-0.864248003,-0.378795528,0.819986520,0.000000000,0.000000000,0.001566132,0.999998774,13
1782463497.396865845,39.561563015,11408,vicon_state_data,ball,1,0,3.091873608,-0.167136362,0.844191229,0.000000000,0.000000000,0.000000000,1.000000000,1,-0.864481517,-0.378882557,0.820167046,0.000000000,0.000000000,0.004580960,0.999989507,13
1782463497.400371790,39.565068960,11409,vicon_state_data,ball,1,0,3.091263474,-0.165060574,0.843725261,0.000000000,0.000000000,0.000000000,1.000000000,1,-0.864516944,-0.378877806,0.820193652,0.000000000,0.000000000,0.004647561,0.999989200,13
1782463497.403399706,39.568096876,11410,vicon_state_data,ball,1,0,3.090670186,-0.163188849,0.842933838,0.000000000,0.000000000,0.000000000,1.000000000,1,-0.864436452,-0.378950528,0.820071194,0.000000000,0.000000000,0.004261527,0.999990920,13
1782463497.406724215,39.571421385,11411,vicon_state_data,ball,1,0,3.089989120,-0.161037645,0.842434015,0.000000000,0.000000000,0.000000000,1.000000000,1,-0.864561117,-0.378961225,0.820182568,0.000000000,0.000000000,0.004630513,0.999989279,13
1782463497.409994602,39.574691772,11412,vicon_state_data,ball,1,0,3.089336775,-0.158761920,0.842135733,0.000000000,0.000000000,0.000000000,1.000000000,1,-0.864487208,-0.379217683,0.820228596,0.000000000,0.000000000,0.003285962,0.999994601,13
1782463497.413769960,39.578467131,11413,vicon_state_data,ball,1,0,3.088680089,-0.156717519,0.841461770,0.000000000,0.000000000,0.000000000,1.000000000,1,-0.864504100,-0.379225292,0.820225660,0.000000000,0.000000000,0.003290021,0.999994588,13
1782463497.416879654,39.581576824,11414,vicon_state_data,ball,1,0,3.087922535,-0.153834059,0.841550332,0.000000000,0.000000000,0.000000000,1.000000000,1,-0.864612002,-0.378917369,0.820133779,0.000000000,0.000000000,0.004774722,0.999988601,13
1782463497.420100451,39.584797621,11415,vicon_state_data,ball,1,0,3.087106846,-0.150850060,0.841638357,0.000000000,0.000000000,0.000000000,1.000000000,1,-0.864667039,-0.379000494,0.820207754,0.000000000,0.000000000,0.004935510,0.999987820,13
1782463497.423763514,39.588460684,11416,vicon_state_data,ball,1,0,3.086400014,-0.148978354,0.840849051,0.000000000,0.000000000,0.000000000,1.000000000,1,-0.864612204,-0.379029874,0.820117669,0.000000000,0.000000000,0.004663757,0.999989125,13
1782463497.426778555,39.591475725,11417,vicon_state_data,ball,1,0,3.085568727,-0.146652636,0.840519941,0.000000000,0.000000000,0.000000000,1.000000000,1,-0.864707975,-0.379012018,0.820233513,0.000000000,0.000000000,0.005017918,0.999987410,13
1782463497.430153131,39.594850302,11418,vicon_state_data,ball,1,0,3.084737843,-0.143916459,0.840362455,0.000000000,0.000000000,0.000000000,1.000000000,1,-0.864626274,-0.379256013,0.820243931,0.000000000,0.000000000,0.003733393,0.999993031,13
1782463497.433441162,39.598138332,11419,vicon_state_data,ball,1,0,3.083818421,-0.140893511,0.840509303,0.000000000,0.000000000,0.000000000,1.000000000,1,-0.864668972,-0.379217930,0.820237339,0.000000000,0.000000000,0.003828130,0.999992673,13
1782463497.436753035,39.601450205,11420,vicon_state_data,ball,1,0,3.082911700,-0.138528537,0.840155079,0.000000000,0.000000000,0.000000000,1.000000000,1,-0.864769395,-0.379032472,0.820227712,0.000000000,0.000000000,0.005087891,0.999987057,13
1782463497.440122843,39.604820013,11421,vicon_state_data,ball,1,0,3.081970129,-0.135896970,0.839889850,0.000000000,0.000000000,0.000000000,1.000000000,1,-0.864784478,-0.379083516,0.820236619,0.000000000,0.000000000,0.004977389,0.999987613,13
1782463497.443618059,39.608315229,11422,vicon_state_data,ball,1,0,3.080983869,-0.132471853,0.840317851,0.000000000,0.000000000,0.000000000,1.000000000,1,-0.864700308,-0.379356958,0.820287354,0.000000000,0.000000000,0.003658685,0.999993307,13
1782463497.446860075,39.611557245,11423,vicon_state_data,ball,1,0,3.080060829,-0.129957268,0.839710146,0.000000000,0.000000000,0.000000000,1.000000000,1,-0.864755738,-0.379338409,0.820328661,0.000000000,0.000000000,0.003896646,0.999992408,13
1782463497.450073242,39.614770412,11424,vicon_state_data,ball,1,0,3.079023794,-0.127108227,0.839903678,0.000000000,0.000000000,0.000000000,1.000000000,1,-0.864793993,-0.379352146,0.820341003,0.000000000,0.000000000,0.003954248,0.999992182,13
1782463497.453287840,39.617985010,11425,vicon_state_data,ball,1,0,3.078044228,-0.123993985,0.839873811,0.000000000,0.000000000,0.000000000,1.000000000,1,-0.864809699,-0.379361917,0.820348675,0.000000000,0.000000000,0.003961603,0.999992153,13
1782463497.456685781,39.621382952,11426,vicon_state_data,ball,1,0,3.077108312,-0.121174362,0.839959180,0.000000000,0.000000000,0.000000000,1.000000000,1,-0.864866065,-0.379199942,0.820247516,0.000000000,0.000000000,0.004828920,0.999988341,13
1782463497.460002899,39.624700069,11427,vicon_state_data,ball,1,0,3.076096724,-0.118063097,0.840411248,0.000000000,0.000000000,0.000000000,1.000000000,1,-0.864770474,-0.379408530,0.820244259,0.000000000,0.000000000,0.003682998,0.999993218,13
1782463497.463488340,39.628185511,11428,vicon_state_data,ball,1,0,3.075008238,-0.115191724,0.840986545,0.000000000,0.000000000,0.000000000,1.000000000,1,-0.864804234,-0.379474623,0.820331724,0.000000000,0.000000000,0.003652267,0.999993330,13
1782463497.466891289,39.631588459,11429,vicon_state_data,ball,1,0,3.074107489,-0.114113069,0.840720458,0.000000000,0.000000000,0.000000000,1.000000000,1,-0.864912382,-0.379277570,0.820250273,0.000000000,0.000000000,0.004749210,0.999988722,13
1782463497.470019579,39.634716749,11430,vicon_state_data,ball,1,0,3.073014938,-0.112185295,0.841053625,0.000000000,0.000000000,0.000000000,1.000000000,1,-0.864870883,-0.379515552,0.820344430,0.000000000,0.000000000,0.003783289,0.999992843,13
1782463497.473417997,39.638115168,11431,vicon_state_data,ball,1,0,3.071501510,-0.106629709,0.843820417,0.000000000,0.000000000,0.000000000,1.000000000,1,-0.864957265,-0.379313442,0.820272308,0.000000000,0.000000000,0.004853874,0.999988220,13
1782463497.476856947,39.641554117,11432,vicon_state_data,ball,1,0,3.070229678,-0.103677849,0.845362761,0.000000000,0.000000000,0.000000000,1.000000000,1,-0.864885025,-0.379630286,0.820360075,0.000000000,0.000000000,0.003629265,0.999993414,13
1782463497.480145216,39.644842386,11433,vicon_state_data,ball,1,0,3.068910407,-0.101097013,0.846030094,0.000000000,0.000000000,0.000000000,1.000000000,1,-0.864991126,-0.379388827,0.820297062,0.000000000,0.000000000,0.004900103,0.999987994,13
1782463497.483741999,39.648439169,11434,vicon_state_data,ball,1,0,3.067484904,-0.097816859,0.847906763,0.000000000,0.000000000,0.000000000,1.000000000,1,-0.865003055,-0.379399258,0.820277166,0.000000000,0.000000000,0.004908024,0.999987956,13
1782463497.486801147,39.651498318,11435,vicon_state_data,ball,1,0,3.066193789,-0.095892741,0.848679874,0.000000000,0.000000000,0.000000000,1.000000000,1,-0.865049217,-0.379414709,0.820289719,0.000000000,0.000000000,0.004995279,0.999987524,13
1782463497.490067244,39.654764414,11436,vicon_state_data,ball,1,0,3.064787516,-0.093493040,0.849782032,0.000000000,0.000000000,0.000000000,1.000000000,1,-0.864963262,-0.379677920,0.820356340,0.000000000,0.000000000,0.003818263,0.999992710,13
1782463497.493542671,39.658239841,11437,vicon_state_data,ball,1,0,3.063194297,-0.089828730,0.851837956,0.000000000,0.000000000,0.000000000,1.000000000,1,-0.865019314,-0.379728233,0.820421509,0.000000000,0.000000000,0.004109108,0.999991558,13
1782463497.496682644,39.661379814,11438,vicon_state_data,ball,1,0,3.061805559,-0.088212039,0.852575113,0.000000000,0.000000000,0.000000000,1.000000000,1,-0.865017678,-0.379752608,0.820385992,0.000000000,0.000000000,0.004037531,0.999991849,13
1782463497.500006676,39.664703846,11439,vicon_state_data,ball,1,0,3.060153489,-0.084178510,0.855124672,0.000000000,0.000000000,0.000000000,1.000000000,1,-0.865082834,-0.379768172,0.820394075,0.000000000,0.000000000,0.004249873,0.999990969,13
1782463497.503427029,39.668124199,11440,vicon_state_data,ball,1,0,3.058715094,-0.082851035,0.855804185,0.000000000,0.000000000,0.000000000,1.000000000,1,-0.865081193,-0.379790962,0.820360317,0.000000000,0.000000000,0.004188616,0.999991228,13
1782463497.507063627,39.671760798,11441,vicon_state_data,ball,1,0,3.057091361,-0.079535624,0.857979548,0.000000000,0.000000000,0.000000000,1.000000000,1,-0.865099917,-0.379856164,0.820390099,0.000000000,0.000000000,0.004228334,0.999991061,13
1782463497.510173798,39.674870968,11442,vicon_state_data,ball,1,0,3.055435557,-0.076506606,0.859969069,0.000000000,0.000000000,0.000000000,1.000000000,1,-0.865134282,-0.379834244,0.820364057,0.000000000,0.000000000,0.004243192,0.999990998,13
1782463497.513330221,39.678027391,11443,vicon_state_data,ball,1,0,3.053854865,-0.074376887,0.861473490,0.000000000,0.000000000,0.000000000,1.000000000,1,-0.865139236,-0.379861887,0.820348858,0.000000000,0.000000000,0.004188479,0.999991228,13
1782463497.516722441,39.681419611,11444,vicon_state_data,ball,1,0,3.052175890,-0.071205241,0.863731099,0.000000000,0.000000000,0.000000000,1.000000000,1,-0.865156189,-0.379862016,0.820330638,0.000000000,0.000000000,0.004248967,0.999990973,13
1782463497.519957781,39.684654951,11445,vicon_state_data,ball,1,0,3.051215181,-0.069516706,0.864381451,0.000000000,0.000000000,0.000000000,1.000000000,1,-0.865216546,-0.379879306,0.820383886,0.000000000,0.000000000,0.004467205,0.999990022,13
1782463497.523635864,39.688333035,11446,vicon_state_data,ball,1,0,3.048948394,-0.066410029,0.867403584,0.000000000,0.000000000,0.000000000,1.000000000,1,-0.865173022,-0.379976714,0.820328163,0.000000000,0.000000000,0.004007557,0.999991970,13
1782463497.526778460,39.691475630,11447,vicon_state_data,ball,1,0,3.047336930,-0.064012356,0.869275994,0.000000000,0.000000000,0.000000000,1.000000000,1,-0.864863642,-0.380116882,0.819874113,0.000000000,0.000000000,0.003243181,0.999994741,13
1782463497.529958963,39.694656134,11448,vicon_state_data,ball,1,0,3.045567882,-0.060125562,0.872488240,0.000000000,0.000000000,0.000000000,1.000000000,1,-0.864881187,-0.380392785,0.820189245,0.000000000,0.000000000,0.002415696,0.999997082,13
1782463497.533528328,39.698225498,11449,vicon_state_data,ball,1,0,3.044082060,-0.058454698,0.874000598,0.000000000,0.000000000,0.000000000,1.000000000,1,-0.864954205,-0.380143811,0.819950909,0.000000000,0.000000000,0.003593632,0.999993543,13
1782463497.536829233,39.701526403,11450,vicon_state_data,ball,1,0,3.042558032,-0.056317689,0.875940555,0.000000000,0.000000000,0.000000000,1.000000000,1,-0.864964208,-0.380310791,0.820187450,0.000000000,0.000000000,0.002845936,0.999995950,13
1782463497.541043282,39.705740452,11451,vicon_state_data,ball,1,0,3.040946298,-0.053372063,0.878445476,0.000000000,0.000000000,0.000000000,1.000000000,1,-0.865040700,-0.380114356,0.819926125,0.000000000,0.000000000,0.003841631,0.999992621,13
1782463497.543791056,39.708488226,11452,vicon_state_data,ball,1,0,3.039394247,-0.050549268,0.881091257,0.000000000,0.000000000,0.000000000,1.000000000,1,-0.864953221,-0.380452385,0.820161215,0.000000000,0.000000000,0.002554522,0.999996737,13
1782463497.546911955,39.711609125,11453,vicon_state_data,ball,1,0,3.037836581,-0.048080565,0.883441613,0.000000000,0.000000000,0.000000000,1.000000000,1,-0.865034223,-0.380256726,0.819922723,0.000000000,0.000000000,0.003663457,0.999993290,13
1782463497.550029993,39.714727163,11454,vicon_state_data,ball,1,0,3.036333552,-0.045432335,0.886124110,0.000000000,0.000000000,0.000000000,1.000000000,1,-0.865063451,-0.380243609,0.819922516,0.000000000,0.000000000,0.003798043,0.999992787,13
1782463497.553249598,39.717946768,11455,vicon_state_data,ball,1,0,3.034801607,-0.042464406,0.889057237,0.000000000,0.000000000,0.000000000,1.000000000,1,-0.865037662,-0.380526706,0.820208897,0.000000000,0.000000000,0.002822328,0.999996017,13
1782463497.556902409,39.721599579,11456,vicon_state_data,ball,1,0,3.033343799,-0.039627600,0.891922905,0.000000000,0.000000000,0.000000000,1.000000000,1,-0.865091921,-0.380413246,0.820165979,0.000000000,0.000000000,0.003185271,0.999994927,13
1782463497.560279369,39.724976540,11457,vicon_state_data,ball,1,0,3.031899767,-0.037396553,0.894512192,0.000000000,0.000000000,0.000000000,1.000000000,1,-0.865114708,-0.380459635,0.820179497,0.000000000,0.000000000,0.003262518,0.999994678,13
1782463497.563401699,39.728098869,11458,vicon_state_data,ball,1,0,3.031115438,-0.036333999,0.896792497,0.000000000,0.000000000,0.000000000,1.000000000,1,-0.865092386,-0.380602755,0.820226098,0.000000000,0.000000000,0.002939316,0.999995680,13
1782463497.566902161,39.731599331,11459,vicon_state_data,ball,1,0,3.029089348,-0.032264427,0.900464704,0.000000000,0.000000000,0.000000000,1.000000000,1,-0.865106287,-0.380643199,0.820237608,0.000000000,0.000000000,0.002969863,0.999995590,13
1782463497.570037842,39.734735012,11460,vicon_state_data,ball,1,0,3.027653651,-0.028639094,0.904141966,0.000000000,0.000000000,0.000000000,1.000000000,1,-0.865152816,-0.380641195,0.820251690,0.000000000,0.000000000,0.003187366,0.999994920,13
1782463497.573536158,39.738233328,11461,vicon_state_data,ball,1,0,3.026346053,-0.026665051,0.906844115,0.000000000,0.000000000,0.000000000,1.000000000,1,-0.865197125,-0.380444198,0.819929416,0.000000000,0.000000000,0.004151784,0.999991381,13
1782463497.576869726,39.741566896,11462,vicon_state_data,ball,1,0,3.025032974,-0.023979638,0.910088964,0.000000000,0.000000000,0.000000000,1.000000000,1,-0.865209119,-0.380454768,0.819930712,0.000000000,0.000000000,0.004136028,0.999991447,13
1782463497.580096483,39.744793653,11463,vicon_state_data,ball,1,0,3.024300040,-0.023426892,0.912384426,0.000000000,0.000000000,0.000000000,1.000000000,1,-0.865157584,-0.380774249,0.820152915,0.000000000,0.000000000,0.002869022,0.999995884,13
1782463497.583573580,39.748270750,11464,vicon_state_data,ball,1,0,3.023007945,-0.021048278,0.915724088,0.000000000,0.000000000,0.000000000,1.000000000,1,-0.865211638,-0.380766899,0.820181237,0.000000000,0.000000000,0.003121985,0.999995127,13
1782463497.586752176,39.751449347,11465,vicon_state_data,ball,1,0,3.021137684,-0.016330855,0.920180894,0.000000000,0.000000000,0.000000000,1.000000000,1,-0.865193924,-0.380817302,0.820150438,0.000000000,0.000000000,0.002864895,0.999995896,13
1782463497.590244293,39.754941463,11466,vicon_state_data,ball,1,0,3.020129177,-0.014987802,0.922877076,0.000000000,0.000000000,0.000000000,1.000000000,1,-0.865282303,-0.380591846,0.819910272,0.000000000,0.000000000,0.004123376,0.999991499,13
1782463497.593369484,39.758066654,11467,vicon_state_data,ball,1,0,3.018805008,-0.011778720,0.926934094,0.000000000,0.000000000,0.000000000,1.000000000,1,-0.865253815,-0.380834303,0.820159320,0.000000000,0.000000000,0.003187459,0.999994920,13
1782463497.596906185,39.761603355,11468,vicon_state_data,ball,1,0,3.017721904,-0.009623530,0.930310216,0.000000000,0.000000000,0.000000000,1.000000000,1,-0.865310320,-0.380608897,0.819881401,0.000000000,0.000000000,0.004215409,0.999991115,13
1782463497.600152731,39.764849901,11469,vicon_state_data,ball,1,0,3.016495648,-0.006481803,0.934392488,0.000000000,0.000000000,0.000000000,1.000000000,1,-0.865346242,-0.380649296,0.819949693,0.000000000,0.000000000,0.004389028,0.999990368,13
1782463497.603908062,39.768605232,11470,vicon_state_data,ball,1,0,3.015530030,-0.005394293,0.937273782,0.000000000,0.000000000,0.000000000,1.000000000,1,-0.865322369,-0.380912197,0.820184527,0.000000000,0.000000000,0.003309415,0.999994524,13
1782463497.606953144,39.771650314,11471,vicon_state_data,ball,1,0,3.014431343,-0.002285985,0.941588739,0.000000000,0.000000000,0.000000000,1.000000000,1,-0.865350547,-0.380757648,0.819881284,0.000000000,0.000000000,0.004195349,0.999991199,13
1782463497.610137939,39.774835110,11472,vicon_state_data,ball,1,0,3.013371555,-0.000675919,0.945028856,0.000000000,0.000000000,0.000000000,1.000000000,1,-0.865374532,-0.380741329,0.819863303,0.000000000,0.000000000,0.004205765,0.999991156,13
1782463497.613349915,39.778047085,11473,vicon_state_data,ball,1,0,3.012370706,0.001757412,0.949053623,0.000000000,0.000000000,0.000000000,1.000000000,1,-0.865375416,-0.380800249,0.819850686,0.000000000,0.000000000,0.004062975,0.999991746,13
1782463497.617157936,39.781855106,11474,vicon_state_data,ball,1,0,3.011308558,0.004016917,0.953182155,0.000000000,0.000000000,0.000000000,1.000000000,1,-0.865484826,-0.380770884,0.820007136,0.000000000,0.000000000,0.004822438,0.999988372,13
1782463497.620270729,39.784967899,11475,vicon_state_data,ball,1,0,3.010408925,0.005724549,0.956899792,0.000000000,0.000000000,0.000000000,1.000000000,1,-0.865513762,-0.380774098,0.819967519,0.000000000,0.000000000,0.004921366,0.999987890,13
1782463497.623682737,39.788379908,11476,vicon_state_data,ball,1,0,3.009495829,0.007626171,0.960923832,0.000000000,0.000000000,0.000000000,1.000000000,1,-0.865529831,-0.380868996,0.820010801,0.000000000,0.000000000,0.004732870,0.999988800,13
1782463497.626784325,39.791481495,11477,vicon_state_data,ball,1,0,3.008477742,0.010328242,0.965554633,0.000000000,0.000000000,0.000000000,1.000000000,1,-0.865563754,-0.380854503,0.819969231,0.000000000,0.000000000,0.004941740,0.999987790,13
1782463497.630012751,39.794709921,11478,vicon_state_data,ball,1,0,3.007664278,0.011526164,0.969293951,0.000000000,0.000000000,0.000000000,1.000000000,1,-0.865559142,-0.380898333,0.819944990,0.000000000,0.000000000,0.004831399,0.999988329,13
1782463497.633621216,39.798318386,11479,vicon_state_data,ball,1,0,3.006744238,0.013932056,0.973959096,0.000000000,0.000000000,0.000000000,1.000000000,1,-0.865631563,-0.380911576,0.819995847,0.000000000,0.000000000,0.005192404,0.999986519,13
1782463497.636901617,39.801598787,11480,vicon_state_data,ball,1,0,3.005780052,0.016722753,0.979185659,0.000000000,0.000000000,0.000000000,1.000000000,1,-0.865624468,-0.380905141,0.819936318,0.000000000,0.000000000,0.005253250,0.999986202,13
1782463497.640077829,39.804775000,11481,vicon_state_data,ball,1,0,3.005068992,0.018118945,0.983103219,0.000000000,0.000000000,0.000000000,1.000000000,1,-0.865632899,-0.380953060,0.819936099,0.000000000,0.000000000,0.005241111,0.999986265,13
1782463497.643459797,39.808156967,11482,vicon_state_data,ball,1,0,3.004243596,0.019730961,0.987684451,0.000000000,0.000000000,0.000000000,1.000000000,1,-0.865649914,-0.381062091,0.819936826,0.000000000,0.000000000,0.005371508,0.999985573,13
1782463497.646701097,39.811398268,11483,vicon_state_data,ball,1,0,3.003519424,0.020825893,0.991850288,0.000000000,0.000000000,0.000000000,1.000000000,1,-0.865688817,-0.381050835,0.819968797,0.000000000,0.000000000,0.005415968,0.999985334,13
1782463497.650265694,39.814962864,11484,vicon_state_data,ball,1,0,3.002730571,0.023058248,0.996868539,0.000000000,0.000000000,0.000000000,1.000000000,1,-0.865736275,-0.381046471,0.819972238,0.000000000,0.000000000,0.005553810,0.999984577,13
1782463497.653486490,39.818183661,11485,vicon_state_data,ball,1,0,3.002077150,0.024526731,1.001278109,0.000000000,0.000000000,0.000000000,1.000000000,1,-0.865497303,-0.381304652,0.819784193,0.000000000,0.000000000,0.003833360,0.999992653,13
1782463497.656811237,39.821508408,11486,vicon_state_data,ball,1,0,3.001462750,0.025922707,1.006164136,0.000000000,0.000000000,0.000000000,1.000000000,1,-0.865567565,-0.381372989,0.819838927,0.000000000,0.000000000,0.004189925,0.999991222,13
1782463497.660045385,39.824742556,11487,vicon_state_data,ball,1,0,3.000996430,0.029104041,1.012060824,0.000000000,0.000000000,0.000000000,1.000000000,1,-0.865602604,-0.381388931,0.819835018,0.000000000,0.000000000,0.004296716,0.999990769,13
1782463497.663371086,39.828068256,11488,vicon_state_data,ball,1,0,3.000280962,0.029861307,1.016226430,0.000000000,0.000000000,0.000000000,1.000000000,1,-0.865592539,-0.381402452,0.819836771,0.000000000,0.000000000,0.004209740,0.999991139,13
1782463497.666826725,39.831523895,11489,vicon_state_data,ball,1,0,2.999969117,0.032170914,1.021664114,0.000000000,0.000000000,0.000000000,1.000000000,1,-0.865628702,-0.381425562,0.819843813,0.000000000,0.000000000,0.004200149,0.999991179,13
1782463497.669988871,39.834686041,11490,vicon_state_data,ball,1,0,2.999406635,0.033140159,1.026316121,0.000000000,0.000000000,0.000000000,1.000000000,1,-0.865634449,-0.381445627,0.819845634,0.000000000,0.000000000,0.004275632,0.999990859,13
1782463497.673399448,39.838096619,11491,vicon_state_data,ball,1,0,2.998694527,0.033529867,1.030762341,0.000000000,0.000000000,0.000000000,1.000000000,1,-0.865651936,-0.381468997,0.819847955,0.000000000,0.000000000,0.004370766,0.999990448,13
1782463497.676711798,39.841408968,11492,vicon_state_data,ball,1,0,2.998386497,0.035344555,1.035724737,0.000000000,0.000000000,0.000000000,1.000000000,1,-0.865656734,-0.381520248,0.819856690,0.000000000,0.000000000,0.004286259,0.999990814,13
1782463497.680059671,39.844756842,11493,vicon_state_data,ball,1,0,2.997878687,0.036198451,1.040453237,0.000000000,0.000000000,0.000000000,1.000000000,1,-0.865693168,-0.381506010,0.819868475,0.000000000,0.000000000,0.004673440,0.999989079,13
1782463497.683507919,39.848205090,11494,vicon_state_data,ball,1,0,2.997509479,0.037186675,1.045390507,0.000000000,0.000000000,0.000000000,1.000000000,1,-0.865708145,-0.381592375,0.819856782,0.000000000,0.000000000,0.004361109,0.999990490,13
1782463497.686777353,39.851474524,11495,vicon_state_data,ball,1,0,2.996951110,0.037956811,1.049865116,0.000000000,0.000000000,0.000000000,1.000000000,1,-0.865720687,-0.381537094,0.819808303,0.000000000,0.000000000,0.004581402,0.999989505,13
1782463497.690071106,39.854768276,11496,vicon_state_data,ball,1,0,2.996581300,0.038785288,1.054889133,0.000000000,0.000000000,0.000000000,1.000000000,1,-0.865745286,-0.381652945,0.819852942,0.000000000,0.000000000,0.004280767,0.999990837,13
1782463497.693518877,39.858216047,11497,vicon_state_data,ball,1,0,2.996175668,0.039600401,1.059599093,0.000000000,0.000000000,0.000000000,1.000000000,1,-0.865766696,-0.381701756,0.819860068,0.000000000,0.000000000,0.004427309,0.999990199,13
1782463497.696674824,39.861371994,11498,vicon_state_data,ball,1,0,2.995743517,0.040242395,1.064278483,0.000000000,0.000000000,0.000000000,1.000000000,1,-0.865798288,-0.381718278,0.819850577,0.000000000,0.000000000,0.004371033,0.999990447,13
1782463497.700082064,39.864779234,11499,vicon_state_data,ball,1,0,2.995374582,0.040958472,1.068925960,0.000000000,0.000000000,0.000000000,1.000000000,1,-0.865421873,-0.382130856,0.819591191,0.000000000,0.000000000,0.000980269,0.999999520,13
1782463497.703385830,39.868083000,11500,vicon_state_data,ball,1,0,2.994930172,0.041684527,1.073583889,0.000000000,0.000000000,0.000000000,1.000000000,1,-0.865853046,-0.381743900,0.819861747,0.000000000,0.000000000,0.004763384,0.999988655,13
1782463497.707329512,39.872026682,11501,vicon_state_data,ball,1,0,2.994632871,0.042340322,1.078149960,0.000000000,0.000000000,0.000000000,1.000000000,1,-0.865824922,-0.381954240,0.819854183,0.000000000,0.000000000,0.004335015,0.999990604,13
1782463497.710193634,39.874890804,11502,vicon_state_data,ball,1,0,2.994267308,0.043019776,1.082689211,0.000000000,0.000000000,0.000000000,1.000000000,1,-0.865848304,-0.381998944,0.819855554,0.000000000,0.000000000,0.004432254,0.999990178,13
1782463497.713717699,39.878414869,11503,vicon_state_data,ball,1,0,2.993901684,0.043680133,1.087206154,0.000000000,0.000000000,0.000000000,1.000000000,1,-0.865864784,-0.381944975,0.819836890,0.000000000,0.000000000,0.004376479,0.999990423,13
1782463497.716785431,39.881482601,11504,vicon_state_data,ball,1,0,2.993642634,0.044352396,1.091580887,0.000000000,0.000000000,0.000000000,1.000000000,1,-0.865898940,-0.381984313,0.819889096,0.000000000,0.000000000,0.004527573,0.999989750,13
1782463497.719981909,39.884679079,11505,vicon_state_data,ball,1,0,2.993256661,0.044868216,1.095921550,0.000000000,0.000000000,0.000000000,1.000000000,1,-0.865905172,-0.382066754,0.819820095,0.000000000,0.000000000,0.004625846,0.999989301,13
1782463497.723660707,39.888357878,11506,vicon_state_data,ball,1,0,2.993063901,0.045608563,1.100223603,0.000000000,0.000000000,0.000000000,1.000000000,1,-0.865893116,-0.382081883,0.819824189,0.000000000,0.000000000,0.004303011,0.999990742,13
1782463497.727092743,39.891789913,11507,vicon_state_data,ball,1,0,2.992818960,0.046182181,1.104378163,0.000000000,0.000000000,0.000000000,1.000000000,1,-0.865958723,-0.382092735,0.819878187,0.000000000,0.000000000,0.004525194,0.999989761,13
1782463497.730162859,39.894860029,11508,vicon_state_data,ball,1,0,2.992476226,0.046688284,1.108456123,0.000000000,0.000000000,0.000000000,1.000000000,1,-0.866079819,-0.382146373,0.819991133,0.000000000,0.000000000,0.005352457,0.999985675,13
1782463497.733697176,39.898394346,11509,vicon_state_data,ball,1,0,2.991968091,0.047844532,1.111975609,0.000000000,0.000000000,0.000000000,1.000000000,1,-0.865992854,-0.382138443,0.819857174,0.000000000,0.000000000,0.004872103,0.999988131,13
1782463497.736747742,39.901444912,11510,vicon_state_data,ball,1,0,2.991727777,0.048346988,1.115863939,0.000000000,0.000000000,0.000000000,1.000000000,1,-0.866032434,-0.382130126,0.819894700,0.000000000,0.000000000,0.005046980,0.999987264,13
1782463497.740077972,39.904775143,11511,vicon_state_data,ball,1,0,2.991654068,0.048428782,1.120001015,0.000000000,0.000000000,0.000000000,1.000000000,1,-0.866074047,-0.382179167,0.819911229,0.000000000,0.000000000,0.005253057,0.999986203,13
1782463497.743676662,39.908373833,11512,vicon_state_data,ball,1,0,2.991142475,0.049216092,1.123394965,0.000000000,0.000000000,0.000000000,1.000000000,1,-0.865873482,-0.382564860,0.819964717,0.000000000,0.000000000,0.003051071,0.999995345,13
1782463497.746772051,39.911469221,11513,vicon_state_data,ball,1,0,2.990943340,0.049756918,1.127135333,0.000000000,0.000000000,0.000000000,1.000000000,1,-0.866212926,-0.382281463,0.820101671,0.000000000,0.000000000,0.005751981,0.999983457,13
1782463497.750069857,39.914767027,11514,vicon_state_data,ball,1,0,2.990711264,0.050201163,1.130477078,0.000000000,0.000000000,0.000000000,1.000000000,1,-0.866199307,-0.382294328,0.820058176,0.000000000,0.000000000,0.005718404,0.999983650,13
1782463497.753491163,39.918188334,11515,vicon_state_data,ball,1,0,2.990441696,0.050499314,1.133910363,0.000000000,0.000000000,0.000000000,1.000000000,1,-0.866228061,-0.382356539,0.820048559,0.000000000,0.000000000,0.005890919,0.999982648,13
1782463497.757173300,39.921870470,11516,vicon_state_data,ball,1,0,2.990210247,0.050929110,1.137317965,0.000000000,0.000000000,0.000000000,1.000000000,1,-0.866275924,-0.382350405,0.820111014,0.000000000,0.000000000,0.005996100,0.999982023,13
1782463497.760530710,39.925227880,11517,vicon_state_data,ball,1,0,2.989981265,0.051076476,1.140757570,0.000000000,0.000000000,0.000000000,1.000000000,1,-0.866320557,-0.382419960,0.820121202,0.000000000,0.000000000,0.006263365,0.999980385,13
1782463497.764272690,39.928969860,11518,vicon_state_data,ball,1,0,2.989772928,0.051163471,1.144045074,0.000000000,0.000000000,0.000000000,1.000000000,1,-0.866337316,-0.382473357,0.820105795,0.000000000,0.000000000,0.006368534,0.999979721,13
1782463497.766783953,39.931481123,11519,vicon_state_data,ball,1,0,2.989505763,0.051314999,1.147036058,0.000000000,0.000000000,0.000000000,1.000000000,1,-0.866385909,-0.382494932,0.820199308,0.000000000,0.000000000,0.006251378,0.999980460,13
1782463497.769970655,39.934667826,11520,vicon_state_data,ball,1,0,2.989168533,0.051190436,1.150006833,0.000000000,0.000000000,0.000000000,1.000000000,1,-0.866395143,-0.382498899,0.820169463,0.000000000,0.000000000,0.006451784,0.999979187,13
1782463497.773504972,39.938202143,11521,vicon_state_data,ball,1,0,2.989034986,0.051237772,1.153027320,0.000000000,0.000000000,0.000000000,1.000000000,1,-0.866403460,-0.382582927,0.820149063,0.000000000,0.000000000,0.006299771,0.999980156,13
1782463497.776712179,39.941409349,11522,vicon_state_data,ball,1,0,2.988824268,0.051136399,1.155788911,0.000000000,0.000000000,0.000000000,1.000000000,1,-0.866444528,-0.382620969,0.820191606,0.000000000,0.000000000,0.006320906,0.999980023,13
1782463497.780008793,39.944705963,11523,vicon_state_data,ball,1,0,2.988656157,0.051127036,1.158552155,0.000000000,0.000000000,0.000000000,1.000000000,1,-0.866337588,-0.382686297,0.820029132,0.000000000,0.000000000,0.005727805,0.999983596,13
1782463497.783288479,39.947985649,11524,vicon_state_data,ball,1,0,2.988446743,0.050819222,1.161279000,0.000000000,0.000000000,0.000000000,1.000000000,1,-0.866336113,-0.382722138,0.820019705,0.000000000,0.000000000,0.005769445,0.999983357,13
1782463497.786926746,39.951623917,11525,vicon_state_data,ball,1,0,2.988321061,0.050931315,1.163573357,0.000000000,0.000000000,0.000000000,1.000000000,1,-0.866336448,-0.382713936,0.819965541,0.000000000,0.000000000,0.005742353,0.999983513,13
1782463497.790460110,39.955157280,11526,vicon_state_data,ball,1,0,2.988156325,0.050671788,1.165993191,0.000000000,0.000000000,0.000000000,1.000000000,1,-0.866827054,-0.382808407,0.820728392,0.000000000,0.000000000,0.008575877,0.999963226,13
1782463497.793542862,39.958240032,11527,vicon_state_data,ball,1,0,2.988005619,0.050463963,1.168315318,0.000000000,0.000000000,0.000000000,1.000000000,1,-0.866492392,-0.382763961,0.820144277,0.000000000,0.000000000,0.006599824,0.999978221,13
1782463497.796764374,39.961461544,11528,vicon_state_data,ball,1,0,2.987873788,0.050250702,1.170551472,0.000000000,0.000000000,0.000000000,1.000000000,1,-0.866834843,-0.382891962,0.820727673,0.000000000,0.000000000,0.008320006,0.999965388,13
1782463497.800111771,39.964808941,11529,vicon_state_data,ball,1,0,2.987754161,0.049727090,1.172960416,0.000000000,0.000000000,0.000000000,1.000000000,1,-0.866537440,-0.382873467,0.820179781,0.000000000,0.000000000,0.006752810,0.999977200,13
1782463497.803347349,39.968044519,11530,vicon_state_data,ball,1,0,2.987599059,0.049368223,1.175086146,0.000000000,0.000000000,0.000000000,1.000000000,1,-0.866424506,-0.383163020,0.820345961,0.000000000,0.000000000,0.005434012,0.999985236,13
1782463497.806988478,39.971685648,11531,vicon_state_data,ball,1,0,2.987422884,0.049199079,1.176906703,0.000000000,0.000000000,0.000000000,1.000000000,1,-0.866908761,-0.382997222,0.820799064,0.000000000,0.000000000,0.008627864,0.999962779,13
1782463497.810314655,39.975011826,11532,vicon_state_data,ball,1,0,2.987247449,0.049148211,1.178552195,0.000000000,0.000000000,0.000000000,1.000000000,1,-0.866763602,-0.382952240,0.820279782,0.000000000,0.000000000,0.007919676,0.999968639,13
1782463497.813477039,39.978174210,11533,vicon_state_data,ball,1,0,2.987008406,0.048855554,1.180245126,0.000000000,0.000000000,0.000000000,1.000000000,1,-0.866426391,-0.383246819,0.820291718,0.000000000,0.000000000,0.005305084,0.999985928,13
1782463497.816780090,39.981477261,11534,vicon_state_data,ball,1,0,2.986820582,0.048592406,1.181833143,0.000000000,0.000000000,0.000000000,1.000000000,1,-0.866468369,-0.383039832,0.820021818,0.000000000,0.000000000,0.006156661,0.999981048,13
1782463497.820008516,39.984705687,11535,vicon_state_data,ball,1,0,2.986631209,0.048260454,1.183379062,0.000000000,0.000000000,0.000000000,1.000000000,1,-0.866490855,-0.383120140,0.820061911,0.000000000,0.000000000,0.006306124,0.999980116,13
1782463497.823316574,39.988013744,11536,vicon_state_data,ball,1,0,2.986476140,0.048024658,1.184850290,0.000000000,0.000000000,0.000000000,1.000000000,1,-0.867005068,-0.383252738,0.820867031,0.000000000,0.000000000,0.008991882,0.999959572,13
1782463497.826673746,39.991370916,11537,vicon_state_data,ball,1,0,2.986265728,0.047557512,1.186128400,0.000000000,0.000000000,0.000000000,1.000000000,1,-0.866432009,-0.383488597,0.820302140,0.000000000,0.000000000,0.005063833,0.999987179,13
1782463497.830084324,39.994781494,11538,vicon_state_data,ball,1,0,2.986076630,0.047242534,1.187261305,0.000000000,0.000000000,0.000000000,1.000000000,1,-0.866437786,-0.383281661,0.819983544,0.000000000,0.000000000,0.005777084,0.999983313,13
1782463497.833441257,39.998138428,11539,vicon_state_data,ball,1,0,2.985892885,0.046891023,1.188362236,0.000000000,0.000000000,0.000000000,1.000000000,1,-0.866832036,-0.383257002,0.820271181,0.000000000,0.000000000,0.008020093,0.999967839,13
1782463497.836678505,40.001375675,11540,vicon_state_data,ball,1,0,2.985731083,0.046592926,1.189402408,0.000000000,0.000000000,0.000000000,1.000000000,1,-0.866480232,-0.383230807,0.819965553,0.000000000,0.000000000,0.006257327,0.999980423,13
1782463497.840452671,40.005149841,11541,vicon_state_data,ball,1,0,2.985542044,0.046295478,1.190288760,0.000000000,0.000000000,0.000000000,1.000000000,1,-0.866469305,-0.383297809,0.819934174,0.000000000,0.000000000,0.006105417,0.999981362,13
1782463497.843597889,40.008295059,11542,vicon_state_data,ball,1,0,2.985353170,0.045984240,1.191000039,0.000000000,0.000000000,0.000000000,1.000000000,1,-0.866957066,-0.383533859,0.820337908,0.000000000,0.000000000,0.008616736,0.999962875,13
1782463497.846863985,40.011561155,11543,vicon_state_data,ball,1,0,2.985174241,0.045609538,1.191614420,0.000000000,0.000000000,0.000000000,1.000000000,1,-0.866433028,-0.383565326,0.820171868,0.000000000,0.000000000,0.005257805,0.999986178,13
1782463497.850208282,40.014905453,11544,vicon_state_data,ball,1,0,2.985017114,0.045308935,1.192232740,0.000000000,0.000000000,0.000000000,1.000000000,1,-0.866479769,-0.383411545,0.819892388,0.000000000,0.000000000,0.006078497,0.999981526,13
1782463497.853364706,40.018061876,11545,vicon_state_data,ball,1,0,2.984816986,0.044894579,1.192648922,0.000000000,0.000000000,0.000000000,1.000000000,1,-0.866441504,-0.383659098,0.820154371,0.000000000,0.000000000,0.005110811,0.999986940,13
1782463497.856784105,40.021481276,11546,vicon_state_data,ball,1,0,2.984648364,0.044651281,1.192966026,0.000000000,0.000000000,0.000000000,1.000000000,1,-0.866490987,-0.383461989,0.819858976,0.000000000,0.000000000,0.006102328,0.999981381,13
1782463497.860048532,40.024745703,11547,vicon_state_data,ball,1,0,2.984482125,0.044352453,1.193202935,0.000000000,0.000000000,0.000000000,1.000000000,1,-0.866434901,-0.383759533,0.820136361,0.000000000,0.000000000,0.005061220,0.999987192,13
1782463497.863425016,40.028122187,11548,vicon_state_data,ball,1,0,2.984265293,0.043882792,1.193253571,0.000000000,0.000000000,0.000000000,1.000000000,1,-0.866462864,-0.383727122,0.820112771,0.000000000,0.000000000,0.005310576,0.999985899,13
1782463497.866909742,40.031606913,11549,vicon_state_data,ball,1,0,2.984091270,0.043630235,1.193333919,0.000000000,0.000000000,0.000000000,1.000000000,1,-0.866478151,-0.383800637,0.820134354,0.000000000,0.000000000,0.005274616,0.999986089,13
1782463497.869982719,40.034679890,11550,vicon_state_data,ball,1,0,2.983917066,0.043358990,1.193235753,0.000000000,0.000000000,0.000000000,1.000000000,1,-0.866506354,-0.383779573,0.820100281,0.000000000,0.000000000,0.005514043,0.999984798,13
1782463497.873418808,40.038115978,11551,vicon_state_data,ball,1,0,2.983715291,0.043019920,1.193013650,0.000000000,0.000000000,0.000000000,1.000000000,1,-0.866558559,-0.383619204,0.819863585,0.000000000,0.000000000,0.006397885,0.999979533,13
1782463497.876714230,40.041411400,11552,vicon_state_data,ball,1,0,2.983554540,0.042719168,1.192766503,0.000000000,0.000000000,0.000000000,1.000000000,1,-0.866566290,-0.383663944,0.819867560,0.000000000,0.000000000,0.006409510,0.999979459,13
1782463497.880012989,40.044710159,11553,vicon_state_data,ball,1,0,2.983368976,0.042403427,1.192306397,0.000000000,0.000000000,0.000000000,1.000000000,1,-0.866590463,-0.383730156,0.819904587,0.000000000,0.000000000,0.006452456,0.999979183,13
1782463497.885497570,40.050194740,11554,vicon_state_data,ball,1,0,2.983165121,0.042101477,1.191800041,0.000000000,0.000000000,0.000000000,1.000000000,1,-0.866521196,-0.384028038,0.820137456,0.000000000,0.000000000,0.005306278,0.999985922,13
1782463497.887044430,40.051741600,11555,vicon_state_data,ball,1,0,2.982965940,0.041670878,1.191138757,0.000000000,0.000000000,0.000000000,1.000000000,1,-0.866566145,-0.383891707,0.819901168,0.000000000,0.000000000,0.006236426,0.999980553,13
1782463497.890070677,40.054767847,11556,vicon_state_data,ball,1,0,2.982756548,0.041240479,1.190389112,0.000000000,0.000000000,0.000000000,1.000000000,1,-0.866531712,-0.384205006,0.820191716,0.000000000,0.000000000,0.005164059,0.999986666,13
1782463497.893544436,40.058241606,11557,vicon_state_data,ball,1,0,2.982542149,0.040850152,1.189478297,0.000000000,0.000000000,0.000000000,1.000000000,1,-0.866517041,-0.384227437,0.820200478,0.000000000,0.000000000,0.005131713,0.999986833,13
1782463497.896791220,40.061488390,11558,vicon_state_data,ball,1,0,2.982337231,0.040579313,1.188466091,0.000000000,0.000000000,0.000000000,1.000000000,1,-0.866572742,-0.383909272,0.819934325,0.000000000,0.000000000,0.006121267,0.999981265,13
1782463497.899991274,40.064688444,11559,vicon_state_data,ball,1,0,2.982195966,0.040366768,1.187547291,0.000000000,0.000000000,0.000000000,1.000000000,1,-0.866508182,-0.384248649,0.820221257,0.000000000,0.000000000,0.004878612,0.999988099,13
1782463497.903439760,40.068136930,11560,vicon_state_data,ball,1,0,2.981950395,0.039861832,1.186307736,0.000000000,0.000000000,0.000000000,1.000000000,1,-0.866534699,-0.384450539,0.820254122,0.000000000,0.000000000,0.004792728,0.999988515,13
1782463497.906787395,40.071484566,11561,vicon_state_data,ball,1,0,2.981750631,0.039601475,1.185014184,0.000000000,0.000000000,0.000000000,1.000000000,1,-0.866589554,-0.384351340,0.820228581,0.000000000,0.000000000,0.005335418,0.999985767,13
1782463497.910415173,40.075112343,11562,vicon_state_data,ball,1,0,2.981544996,0.039310102,1.183615773,0.000000000,0.000000000,0.000000000,1.000000000,1,-0.866557248,-0.384483912,0.820248312,0.000000000,0.000000000,0.004989906,0.999987550,13
1782463497.914211273,40.078908443,11563,vicon_state_data,ball,1,0,2.981289769,0.039001650,1.182077523,0.000000000,0.000000000,0.000000000,1.000000000,1,-0.866600252,-0.384270770,0.819884748,0.000000000,0.000000000,0.006056359,0.999981660,13
1782463497.916921616,40.081618786,11564,vicon_state_data,ball,1,0,2.981071856,0.038596047,1.180461882,0.000000000,0.000000000,0.000000000,1.000000000,1,-0.866590746,-0.384343376,0.819875034,0.000000000,0.000000000,0.005916401,0.999982498,13
1782463497.920198441,40.084895611,11565,vicon_state_data,ball,1,0,2.972720606,0.037174063,1.177482363,0.000000000,0.000000000,0.000000000,1.000000000,1,-0.866612611,-0.384598083,0.820219261,0.000000000,0.000000000,0.005266741,0.999986131,13
1782463497.923559189,40.088256359,11566,vicon_state_data,ball,1,0,2.960846891,0.035331043,1.173939087,0.000000000,0.000000000,0.000000000,1.000000000,1,-0.866639645,-0.384624976,0.820225007,0.000000000,0.000000000,0.005387980,0.999985485,13
1782463497.926794291,40.091491461,11567,vicon_state_data,ball,1,0,2.948926246,0.033577267,1.170347188,0.000000000,0.000000000,0.000000000,1.000000000,1,-0.866608297,-0.384767990,0.820212079,0.000000000,0.000000000,0.004927785,0.999987858,13
1782463497.930232286,40.094929457,11568,vicon_state_data,ball,1,0,2.936920788,0.031985901,1.166404724,0.000000000,0.000000000,0.000000000,1.000000000,1,-0.866631581,-0.384758709,0.820235350,0.000000000,0.000000000,0.005305555,0.999985925,13
1782463497.933441639,40.098138809,11569,vicon_state_data,ball,1,0,2.924971527,0.030449665,1.162373429,0.000000000,0.000000000,0.000000000,1.000000000,1,-0.866628796,-0.384812809,0.820262926,0.000000000,0.000000000,0.005197895,0.999986491,13
1782463497.936645031,40.101342201,11570,vicon_state_data,ball,1,0,2.912845393,0.028542962,1.158103003,0.000000000,0.000000000,0.000000000,1.000000000,1,-0.866660049,-0.384885892,0.820335696,0.000000000,0.000000000,0.005268562,0.999986121,13
1782463497.940088749,40.104785919,11571,vicon_state_data,ball,1,0,2.900948825,0.027019481,1.153817319,0.000000000,0.000000000,0.000000000,1.000000000,1,-0.866643404,-0.384896402,0.820264723,0.000000000,0.000000000,0.005218739,0.999986382,13
1782463497.943385363,40.108082533,11572,vicon_state_data,ball,1,0,2.888802331,0.025204033,1.149845678,0.000000000,0.000000000,0.000000000,1.000000000,1,-0.866672271,-0.384956158,0.820306615,0.000000000,0.000000000,0.005369052,0.999985587,13
1782463497.946996689,40.111693859,11573,vicon_state_data,ball,1,0,2.876671787,0.023202899,1.145561514,0.000000000,0.000000000,0.000000000,1.000000000,1,-0.866676733,-0.384771668,0.819921302,0.000000000,0.000000000,0.006001013,0.999981994,13
1782463497.950117826,40.114814997,11574,vicon_state_data,ball,1,0,2.864399921,0.021282331,1.141223479,0.000000000,0.000000000,0.000000000,1.000000000,1,-0.866668370,-0.384858756,0.819923790,0.000000000,0.000000000,0.005861193,0.999982823,13
1782463497.953397989,40.118095160,11575,vicon_state_data,ball,1,0,2.852170033,0.019422655,1.136860242,0.000000000,0.000000000,0.000000000,1.000000000,1,-0.866680907,-0.385114453,0.820321341,0.000000000,0.000000000,0.005266719,0.999986131,13
1782463497.956981897,40.121679068,11576,vicon_state_data,ball,1,0,2.839957194,0.017488663,1.132308115,0.000000000,0.000000000,0.000000000,1.000000000,1,-0.866720290,-0.384931685,0.819962792,0.000000000,0.000000000,0.006172525,0.999980950,13
1782463497.960105658,40.124802828,11577,vicon_state_data,ball,1,0,2.827781691,0.016027126,1.127720375,0.000000000,0.000000000,0.000000000,1.000000000,1,-0.866700014,-0.385212620,0.820328607,0.000000000,0.000000000,0.005269525,0.999986116,13
1782463497.963440180,40.128137350,11578,vicon_state_data,ball,1,0,2.815636299,0.014819804,1.123008178,0.000000000,0.000000000,0.000000000,1.000000000,1,-0.866729536,-0.385258720,0.820365258,0.000000000,0.000000000,0.005480613,0.999984981,13
1782463497.966683149,40.131380320,11579,vicon_state_data,ball,1,0,2.803591305,0.013661283,1.118195428,0.000000000,0.000000000,0.000000000,1.000000000,1,-0.866733106,-0.385319709,0.820371033,0.000000000,0.000000000,0.005316288,0.999985868,13
1782463497.969926357,40.134623528,11580,vicon_state_data,ball,1,0,2.791634689,0.012316812,1.113350569,0.000000000,0.000000000,0.000000000,1.000000000,1,-0.866715840,-0.385392052,0.820383062,0.000000000,0.000000000,0.005174874,0.999986610,13
1782463497.973463774,40.138160944,11581,vicon_state_data,ball,1,0,2.779817229,0.010874702,1.108387573,0.000000000,0.000000000,0.000000000,1.000000000,1,-0.866723393,-0.385360403,0.820339707,0.000000000,0.000000000,0.005353313,0.999985671,13
1782463497.976772308,40.141469479,11582,vicon_state_data,ball,1,0,2.768061832,0.009256691,1.103301069,0.000000000,0.000000000,0.000000000,1.000000000,1,-0.866747190,-0.385404438,0.820383237,0.000000000,0.000000000,0.005492276,0.999984917,13
1782463497.980125666,40.144822836,11583,vicon_state_data,ball,1,0,2.756345179,0.007490963,1.098043432,0.000000000,0.000000000,0.000000000,1.000000000,1,-0.866771085,-0.385205794,0.820034545,0.000000000,0.000000000,0.006320385,0.999980026,13
1782463497.983309507,40.148006678,11584,vicon_state_data,ball,1,0,2.744562814,0.005679680,1.092598743,0.000000000,0.000000000,0.000000000,1.000000000,1,-0.866748854,-0.385134909,0.819975343,0.000000000,0.000000000,0.006213552,0.999980696,13
1782463497.986941099,40.151638269,11585,vicon_state_data,ball,1,0,2.732641044,0.003976196,1.087006127,0.000000000,0.000000000,0.000000000,1.000000000,1,-0.866753703,-0.385396595,0.820371190,0.000000000,0.000000000,0.005561720,0.999984534,13
1782463497.990551949,40.155249119,11586,vicon_state_data,ball,1,0,2.720731765,0.002362564,1.081106745,0.000000000,0.000000000,0.000000000,1.000000000,1,-0.866759262,-0.385432608,0.820321334,0.000000000,0.000000000,0.005675056,0.999983897,13
1782463497.994124651,40.158821821,11587,vicon_state_data,ball,1,0,2.708687635,0.000711068,1.075224492,0.000000000,0.000000000,0.000000000,1.000000000,1,-0.866747859,-0.385465365,0.820375520,0.000000000,0.000000000,0.005643228,0.999984077,13
1782463497.997056007,40.161753178,11588,vicon_state_data,ball,1,0,2.697383715,-0.000145504,1.069037262,0.000000000,0.000000000,0.000000000,1.000000000,1,-0.866745055,-0.385290418,0.819946051,0.000000000,0.000000000,0.006033380,0.999981799,13
1782463498.000211239,40.164908409,11589,vicon_state_data,ball,1,0,2.684536397,-0.001616362,1.063922964,0.000000000,0.000000000,0.000000000,1.000000000,1,-0.866759958,-0.385310123,0.819942483,0.000000000,0.000000000,0.006125302,0.999981240,13
1782463498.003508329,40.168205500,11590,vicon_state_data,ball,1,0,2.672979366,-0.003351531,1.057565916,0.000000000,0.000000000,0.000000000,1.000000000,1,-0.866781538,-0.385522886,0.820360543,0.000000000,0.000000000,0.005880850,0.999982708,13
1782463498.007168293,40.171865463,11591,vicon_state_data,ball,1,0,2.660900428,-0.004952009,1.051612197,0.000000000,0.000000000,0.000000000,1.000000000,1,-0.866777618,-0.385531208,0.820337026,0.000000000,0.000000000,0.005936673,0.999982378,13
1782463498.010198355,40.174895525,11592,vicon_state_data,ball,1,0,2.649273601,-0.007591098,1.045342095,0.000000000,0.000000000,0.000000000,1.000000000,1,-0.866790657,-0.385380172,0.819974620,0.000000000,0.000000000,0.006341973,0.999979889,13
1782463498.013377428,40.178074598,11593,vicon_state_data,ball,1,0,2.637289961,-0.009334241,1.039101938,0.000000000,0.000000000,0.000000000,1.000000000,1,-0.866781532,-0.385600954,0.820329489,0.000000000,0.000000000,0.005974422,0.999982153,13
1782463498.016790628,40.181487799,11594,vicon_state_data,ball,1,0,2.625289429,-0.010959593,1.032732054,0.000000000,0.000000000,0.000000000,1.000000000,1,-0.866844349,-0.385682264,0.820364547,0.000000000,0.000000000,0.006236496,0.999980553,13
1782463498.020395517,40.185092688,11595,vicon_state_data,ball,1,0,2.613328680,-0.012176458,1.026304319,0.000000000,0.000000000,0.000000000,1.000000000,1,-0.866786291,-0.385699107,0.820352896,0.000000000,0.000000000,0.005985704,0.999982086,13
1782463498.024024487,40.188721657,11596,vicon_state_data,ball,1,0,2.601440530,-0.013332575,1.019800772,0.000000000,0.000000000,0.000000000,1.000000000,1,-0.866816122,-0.385529263,0.819983027,0.000000000,0.000000000,0.006388530,0.999979593,13
1782463498.026810169,40.191507339,11597,vicon_state_data,ball,1,0,2.589578912,-0.014507517,1.013299922,0.000000000,0.000000000,0.000000000,1.000000000,1,-0.866813889,-0.385569954,0.819961681,0.000000000,0.000000000,0.006455827,0.999979161,13
1782463498.030000687,40.194697857,11598,vicon_state_data,ball,1,0,2.577863808,-0.015801522,1.006759810,0.000000000,0.000000000,0.000000000,1.000000000,1,-0.866818901,-0.385762398,0.820331067,0.000000000,0.000000000,0.006255740,0.999980433,13
1782463498.033274651,40.197971821,11599,vicon_state_data,ball,1,0,2.566210585,-0.017708819,1.000577072,0.000000000,0.000000000,0.000000000,1.000000000,1,-0.866842471,-0.385783305,0.820377330,0.000000000,0.000000000,0.006449390,0.999979202,13
1782463498.036618948,40.201316118,11600,vicon_state_data,ball,1,0,2.554671818,-0.019214228,0.993815701,0.000000000,0.000000000,0.000000000,1.000000000,1,-0.866821451,-0.385801876,0.820315593,0.000000000,0.000000000,0.006443148,0.999979243,13
1782463498.040244341,40.204941511,11601,vicon_state_data,ball,1,0,2.543019906,-0.020800340,0.987000618,0.000000000,0.000000000,0.000000000,1.000000000,1,-0.866873430,-0.385650628,0.820021485,0.000000000,0.000000000,0.007050647,0.999975144,13
1782463498.043504238,40.208201408,11602,vicon_state_data,ball,1,0,2.531682059,-0.022211439,0.979395756,0.000000000,0.000000000,0.000000000,1.000000000,1,-0.866908895,-0.385661903,0.820054519,0.000000000,0.000000000,0.007275305,0.999973535,13
1782463498.046761513,40.211458683,11603,vicon_state_data,ball,1,0,2.519947768,-0.023688072,0.972133489,0.000000000,0.000000000,0.000000000,1.000000000,1,-0.866940122,-0.385687097,0.820083344,0.000000000,0.000000000,0.007492885,0.999971928,13
1782463498.050024509,40.214721680,11604,vicon_state_data,ball,1,0,2.508217316,-0.025094028,0.964691349,0.000000000,0.000000000,0.000000000,1.000000000,1,-0.866843172,-0.385915129,0.820333028,0.000000000,0.000000000,0.006627600,0.999978037,13
1782463498.053416967,40.218114138,11605,vicon_state_data,ball,1,0,2.496545325,-0.026413148,0.957130148,0.000000000,0.000000000,0.000000000,1.000000000,1,-0.866898366,-0.385770808,0.820025097,0.000000000,0.000000000,0.007285747,0.999973459,13
1782463498.056934834,40.221632004,11606,vicon_state_data,ball,1,0,2.484123947,-0.027083326,0.950666477,0.000000000,0.000000000,0.000000000,1.000000000,1,-0.866955290,-0.385804279,0.820109624,0.000000000,0.000000000,0.007660560,0.999970657,13
1782463498.060207605,40.224904776,11607,vicon_state_data,ball,1,0,2.472758997,-0.029001295,0.942713919,0.000000000,0.000000000,0.000000000,1.000000000,1,-0.866963728,-0.385828009,0.820087408,0.000000000,0.000000000,0.007745515,0.999970003,13
1782463498.063345909,40.228043079,11608,vicon_state_data,ball,1,0,2.461165181,-0.030606314,0.935014707,0.000000000,0.000000000,0.000000000,1.000000000,1,-0.866981755,-0.385842695,0.820103845,0.000000000,0.000000000,0.007829978,0.999969345,13
1782463498.066655636,40.231352806,11609,vicon_state_data,ball,1,0,2.449310122,-0.032355701,0.927263841,0.000000000,0.000000000,0.000000000,1.000000000,1,-0.866999505,-0.385853936,0.820102549,0.000000000,0.000000000,0.008059612,0.999967521,13
1782463498.070094824,40.234791994,11610,vicon_state_data,ball,1,0,2.437790435,-0.034556515,0.919787805,0.000000000,0.000000000,0.000000000,1.000000000,1,-0.866987171,-0.385876556,0.820082271,0.000000000,0.000000000,0.008083977,0.999967324,13
1782463498.073446512,40.238143682,11611,vicon_state_data,ball,1,0,2.425986030,-0.035982208,0.911912725,0.000000000,0.000000000,0.000000000,1.000000000,1,-0.867000589,-0.385920164,0.820121738,0.000000000,0.000000000,0.008096836,0.999967220,13
1782463498.077058077,40.241755247,11612,vicon_state_data,ball,1,0,2.413898622,-0.037323336,0.904478722,0.000000000,0.000000000,0.000000000,1.000000000,1,-0.867031702,-0.385912600,0.820151903,0.000000000,0.000000000,0.008243320,0.999966023,13
1782463498.080145359,40.244842529,11613,vicon_state_data,ball,1,0,2.402200806,-0.038746268,0.896191875,0.000000000,0.000000000,0.000000000,1.000000000,1,-0.867024156,-0.385922969,0.820124626,0.000000000,0.000000000,0.008248446,0.999965981,13
1782463498.083383322,40.248080492,11614,vicon_state_data,ball,1,0,2.390641350,-0.039868733,0.887625425,0.000000000,0.000000000,0.000000000,1.000000000,1,-0.867017317,-0.386058299,0.820161916,0.000000000,0.000000000,0.008070002,0.999967437,13
1782463498.086842299,40.251539469,11615,vicon_state_data,ball,1,0,2.378947790,-0.041039522,0.879485928,0.000000000,0.000000000,0.000000000,1.000000000,1,-0.867037016,-0.386023230,0.820163757,0.000000000,0.000000000,0.008354131,0.999965104,13
1782463498.090177298,40.254874468,11616,vicon_state_data,ball,1,0,2.367419491,-0.042875989,0.872058027,0.000000000,0.000000000,0.000000000,1.000000000,1,-0.867157829,-0.385865431,0.820169290,0.000000000,0.000000000,0.009067080,0.999958893,13
1782463498.093438625,40.258135796,11617,vicon_state_data,ball,1,0,2.355891681,-0.044132129,0.863516289,0.000000000,0.000000000,0.000000000,1.000000000,1,-0.867001678,-0.385886999,0.820038379,0.000000000,0.000000000,0.008677689,0.999962348,13
1782463498.096614838,40.261312008,11618,vicon_state_data,ball,1,0,2.344390094,-0.045328342,0.855160929,0.000000000,0.000000000,0.000000000,1.000000000,1,-0.867041931,-0.386052540,0.820093537,0.000000000,0.000000000,0.008941413,0.999960025,13
1782463498.100124121,40.264821291,11619,vicon_state_data,ball,1,0,2.332973223,-0.046723277,0.846682880,0.000000000,0.000000000,0.000000000,1.000000000,1,-0.867111856,-0.386170305,0.820189223,0.000000000,0.000000000,0.008927354,0.999960150,13
1782463498.103415728,40.268112898,11620,vicon_state_data,ball,1,0,2.321772613,-0.048200599,0.837685055,0.000000000,0.000000000,0.000000000,1.000000000,1,-0.867095982,-0.386203384,0.820183915,0.000000000,0.000000000,0.008946213,0.999959982,13
1782463498.106817722,40.271514893,11621,vicon_state_data,ball,1,0,2.310247379,-0.049616193,0.829031211,0.000000000,0.000000000,0.000000000,1.000000000,1,-0.867109538,-0.386257186,0.820201244,0.000000000,0.000000000,0.009048770,0.999959059,13
1782463498.110206366,40.274903536,11622,vicon_state_data,ball,1,0,2.298268912,-0.050641507,0.820364858,0.000000000,0.000000000,0.000000000,1.000000000,1,-0.867060932,-0.386217500,0.820149578,0.000000000,0.000000000,0.008787395,0.999961390,13
1782463498.113451719,40.278148890,11623,vicon_state_data,ball,1,0,2.286681530,-0.051893000,0.811317016,0.000000000,0.000000000,0.000000000,1.000000000,1,-0.867065608,-0.386284015,0.820166697,0.000000000,0.000000000,0.008775395,0.999961495,13
1782463498.116798401,40.281495571,11624,vicon_state_data,ball,1,0,2.275065855,-0.053207647,0.802149617,0.000000000,0.000000000,0.000000000,1.000000000,1,-0.867102999,-0.386374083,0.820216274,0.000000000,0.000000000,0.008928185,0.999960143,13
1782463498.120033741,40.284730911,11625,vicon_state_data,ball,1,0,2.263728711,-0.054725501,0.792874115,0.000000000,0.000000000,0.000000000,1.000000000,1,-0.867098174,-0.386434019,0.820235680,0.000000000,0.000000000,0.008929469,0.999960131,13
1782463498.123513460,40.288210630,11626,vicon_state_data,ball,1,0,2.252071166,-0.055915278,0.783794818,0.000000000,0.000000000,0.000000000,1.000000000,1,-0.867038932,-0.386421619,0.820188633,0.000000000,0.000000000,0.008981174,0.999959668,13
1782463498.126742363,40.291439533,11627,vicon_state_data,ball,1,0,2.240880552,-0.058068805,0.774482315,0.000000000,0.000000000,0.000000000,1.000000000,1,-0.867032335,-0.386495801,0.820208635,0.000000000,0.000000000,0.008877681,0.999960593,13
1782463498.130032301,40.294729471,11628,vicon_state_data,ball,1,0,2.229161257,-0.058992468,0.764992106,0.000000000,0.000000000,0.000000000,1.000000000,1,-0.866985918,-0.386509372,0.820132786,0.000000000,0.000000000,0.008858990,0.999960758,13
1782463498.134527922,40.299225092,11629,vicon_state_data,ball,1,0,2.217826557,-0.060919629,0.755810968,0.000000000,0.000000000,0.000000000,1.000000000,1,-0.867072298,-0.386613545,0.820262941,0.000000000,0.000000000,0.008901418,0.999960382,13
1782463498.137445927,40.302143097,11630,vicon_state_data,ball,1,0,2.207792368,-0.061907542,0.763441959,0.000000000,0.000000000,0.000000000,1.000000000,1,-0.867008518,-0.386597375,0.820177347,0.000000000,0.000000000,0.008978830,0.999959689,13
1782463498.140183926,40.304881096,11631,vicon_state_data,ball,1,0,2.197555219,-0.062729911,0.772141473,0.000000000,0.000000000,0.000000000,1.000000000,1,-0.867067754,-0.386700086,0.820265268,0.000000000,0.000000000,0.009055650,0.999958997,13
1782463498.143514156,40.308211327,11632,vicon_state_data,ball,1,0,2.188154445,-0.063695984,0.779297714,0.000000000,0.000000000,0.000000000,1.000000000,1,-0.867056356,-0.386717338,0.820246398,0.000000000,0.000000000,0.009059173,0.999958965,13
1782463498.146650553,40.311347723,11633,vicon_state_data,ball,1,0,2.178290530,-0.064545079,0.787064277,0.000000000,0.000000000,0.000000000,1.000000000,1,-0.867046161,-0.386779862,0.820254422,0.000000000,0.000000000,0.008957052,0.999959885,13
1782463498.150248528,40.314945698,11634,vicon_state_data,ball,1,0,2.168461029,-0.065451106,0.794768364,0.000000000,0.000000000,0.000000000,1.000000000,1,-0.866998197,-0.386735721,0.820190613,0.000000000,0.000000000,0.008991055,0.999959580,13
1782463498.153407574,40.318104744,11635,vicon_state_data,ball,1,0,2.158850266,-0.066272398,0.801768835,0.000000000,0.000000000,0.000000000,1.000000000,1,-0.867020974,-0.386827597,0.820254055,0.000000000,0.000000000,0.008880721,0.999960566,13
1782463498.156967878,40.321665049,11636,vicon_state_data,ball,1,0,2.148836437,-0.067505302,0.810145975,0.000000000,0.000000000,0.000000000,1.000000000,1,-0.867030129,-0.386857189,0.820270410,0.000000000,0.000000000,0.009042938,0.999959112,13
1782463498.160247803,40.324944973,11637,vicon_state_data,ball,1,0,2.139396260,-0.068635481,0.817836472,0.000000000,0.000000000,0.000000000,1.000000000,1,-0.867050293,-0.386897865,0.820322530,0.000000000,0.000000000,0.009107897,0.999958522,13
1782463498.163610935,40.328308105,11638,vicon_state_data,ball,1,0,2.129796096,-0.069420250,0.825360104,0.000000000,0.000000000,0.000000000,1.000000000,1,-0.867007037,-0.386926604,0.820261218,0.000000000,0.000000000,0.008885657,0.999960522,13
1782463498.166824341,40.331521511,11639,vicon_state_data,ball,1,0,2.120240253,-0.070280426,0.832663510,0.000000000,0.000000000,0.000000000,1.000000000,1,-0.866799015,-0.387212010,0.820071540,0.000000000,0.000000000,0.007453897,0.999972219,13
1782463498.169983149,40.334680319,11640,vicon_state_data,ball,1,0,2.110972938,-0.071429033,0.839834221,0.000000000,0.000000000,0.000000000,1.000000000,1,-0.866969962,-0.387057333,0.820210890,0.000000000,0.000000000,0.008602652,0.999962997,13
1782463498.173598289,40.338295460,11641,vicon_state_data,ball,1,0,2.101577070,-0.072545432,0.846808353,0.000000000,0.000000000,0.000000000,1.000000000,1,-0.866979752,-0.387107909,0.820207206,0.000000000,0.000000000,0.008976436,0.999959711,13
1782463498.176829100,40.341526270,11642,vicon_state_data,ball,1,0,2.092179182,-0.073680072,0.853180778,0.000000000,0.000000000,0.000000000,1.000000000,1,-0.866968404,-0.387064642,0.820222281,0.000000000,0.000000000,0.008762228,0.999961611,13
1782463498.180221796,40.344918966,11643,vicon_state_data,ball,1,0,2.082545393,-0.074816946,0.859588339,0.000000000,0.000000000,0.000000000,1.000000000,1,-0.866913783,-0.387057279,0.820165136,0.000000000,0.000000000,0.008838949,0.999960936,13
1782463498.183726072,40.348423243,11644,vicon_state_data,ball,1,0,2.073070544,-0.075675034,0.866100606,0.000000000,0.000000000,0.000000000,1.000000000,1,-0.866939164,-0.387107242,0.820209558,0.000000000,0.000000000,0.008924960,0.999960172,13
1782463498.186838627,40.351535797,11645,vicon_state_data,ball,1,0,2.063414795,-0.076927440,0.872709588,0.000000000,0.000000000,0.000000000,1.000000000,1,-0.866931273,-0.387142615,0.820173764,0.000000000,0.000000000,0.008874480,0.999960621,13
1782463498.190192938,40.354890108,11646,vicon_state_data,ball,1,0,2.053749160,-0.077845432,0.879043931,0.000000000,0.000000000,0.000000000,1.000000000,1,-0.866913380,-0.387173854,0.820173205,0.000000000,0.000000000,0.008913034,0.999960278,13
1782463498.193443298,40.358140469,11647,vicon_state_data,ball,1,0,2.044137380,-0.078784632,0.885195177,0.000000000,0.000000000,0.000000000,1.000000000,1,-0.866865745,-0.387175856,0.820088930,0.000000000,0.000000000,0.008744542,0.999961766,13
1782463498.196875572,40.361572742,11648,vicon_state_data,ball,1,0,2.034543073,-0.079802049,0.891277545,0.000000000,0.000000000,0.000000000,1.000000000,1,-0.866897426,-0.387231291,0.820157591,0.000000000,0.000000000,0.008867286,0.999960685,13
1782463498.200052023,40.364749193,11649,vicon_state_data,ball,1,0,2.024745942,-0.080909946,0.897011788,0.000000000,0.000000000,0.000000000,1.000000000,1,-0.866912388,-0.387251000,0.820169002,0.000000000,0.000000000,0.009024413,0.999959279,13
1782463498.203433752,40.368130922,11650,vicon_state_data,ball,1,0,2.014830338,-0.081276726,0.902775278,0.000000000,0.000000000,0.000000000,1.000000000,1,-0.866815523,-0.387305625,0.820038125,0.000000000,0.000000000,0.008347960,0.999965155,13
1782463498.206727028,40.371424198,11651,vicon_state_data,ball,1,0,2.005698184,-0.082682658,0.908408183,0.000000000,0.000000000,0.000000000,1.000000000,1,-0.867196270,-0.387623295,0.820760768,0.000000000,0.000000000,0.010418196,0.999945729,13
1782463498.210127354,40.374824524,11652,vicon_state_data,ball,1,0,1.996247724,-0.083545855,0.913976221,0.000000000,0.000000000,0.000000000,1.000000000,1,-0.866895039,-0.387495817,0.820201962,0.000000000,0.000000000,0.008635853,0.999962710,13
1782463498.213702679,40.378399849,11653,vicon_state_data,ball,1,0,1.986796173,-0.084533741,0.919411117,0.000000000,0.000000000,0.000000000,1.000000000,1,-0.866896359,-0.387475762,0.820231692,0.000000000,0.000000000,0.008905958,0.999960341,13
1782463498.216921091,40.381618261,11654,vicon_state_data,ball,1,0,1.977087902,-0.085512970,0.924673798,0.000000000,0.000000000,0.000000000,1.000000000,1,-0.866914973,-0.387478993,0.820200213,0.000000000,0.000000000,0.009212348,0.999957565,13
1782463498.220112562,40.384809732,11655,vicon_state_data,ball,1,0,1.967570238,-0.086355649,0.929950132,0.000000000,0.000000000,0.000000000,1.000000000,1,-0.866869740,-0.387513216,0.820196713,0.000000000,0.000000000,0.008749863,0.999961719,13
1782463498.223452330,40.388149500,11656,vicon_state_data,ball,1,0,1.958089352,-0.087224111,0.934640969,0.000000000,0.000000000,0.000000000,1.000000000,1,-0.866788706,-0.387577746,0.820137905,0.000000000,0.000000000,0.008387350,0.999964826,13
1782463498.226911306,40.391608477,11657,vicon_state_data,ball,1,0,1.948691123,-0.087816821,0.939513778,0.000000000,0.000000000,0.000000000,1.000000000,1,-0.866619667,-0.387753182,0.820170610,0.000000000,0.000000000,0.007366639,0.999972866,13
1782463498.230117559,40.394814730,11658,vicon_state_data,ball,1,0,1.939436807,-0.088925022,0.943427940,0.000000000,0.000000000,0.000000000,1.000000000,1,-0.866646755,-0.387772659,0.820202168,0.000000000,0.000000000,0.007537249,0.999971595,13
1782463498.233415127,40.398112297,11659,vicon_state_data,ball,1,0,1.929870039,-0.089353436,0.948134032,0.000000000,0.000000000,0.000000000,1.000000000,1,-0.866676548,-0.387733235,0.820002343,0.000000000,0.000000000,0.008125488,0.999966988,13
1782463498.236875772,40.401572943,11660,vicon_state_data,ball,1,0,1.920294301,-0.090263560,0.952944613,0.000000000,0.000000000,0.000000000,1.000000000,1,-0.866557066,-0.387924241,0.819941165,0.000000000,0.000000000,0.007052545,0.999975130,13
1782463498.240048885,40.404746056,11661,vicon_state_data,ball,1,0,1.910843762,-0.090921310,0.957953440,0.000000000,0.000000000,0.000000000,1.000000000,1,-0.866599215,-0.387870577,0.820143131,0.000000000,0.000000000,0.007360756,0.999972909,13
1782463498.243751764,40.408448935,11662,vicon_state_data,ball,1,0,1.901180901,-0.091981806,0.963220134,0.000000000,0.000000000,0.000000000,1.000000000,1,-0.866752726,-0.387659037,0.820070940,0.000000000,0.000000000,0.008817897,0.999961122,13
1782463498.247075796,40.411772966,11663,vicon_state_data,ball,1,0,1.891943633,-0.092822763,0.967885517,0.000000000,0.000000000,0.000000000,1.000000000,1,-0.866588380,-0.387989431,0.820091784,0.000000000,0.000000000,0.007499523,0.999971878,13
1782463498.250109196,40.414806366,11664,vicon_state_data,ball,1,0,1.882636618,-0.093534719,0.972389652,0.000000000,0.000000000,0.000000000,1.000000000,1,-0.866122132,-0.388528270,0.819668135,0.000000000,0.000000000,0.003282583,0.999994612,13
1782463498.253411055,40.418108225,11665,vicon_state_data,ball,1,0,1.873463295,-0.094143712,0.976714440,0.000000000,0.000000000,0.000000000,1.000000000,1,-0.866579000,-0.387983541,0.820168612,0.000000000,0.000000000,0.007573543,0.999971320,13
1782463498.256803751,40.421500921,11666,vicon_state_data,ball,1,0,1.864615092,-0.095192074,0.980618783,0.000000000,0.000000000,0.000000000,1.000000000,1,-0.866735452,-0.387806841,0.820066578,0.000000000,0.000000000,0.008984611,0.999959638,13
1782463498.260263920,40.424961090,11667,vicon_state_data,ball,1,0,1.855458255,-0.096350486,0.984509153,0.000000000,0.000000000,0.000000000,1.000000000,1,-0.866744060,-0.387891530,0.820119460,0.000000000,0.000000000,0.009088655,0.999958697,13
1782463498.263579130,40.428276300,11668,vicon_state_data,ball,1,0,1.846370030,-0.097164156,0.988292765,0.000000000,0.000000000,0.000000000,1.000000000,1,-0.866707480,-0.387804845,0.820080815,0.000000000,0.000000000,0.009018327,0.999959334,13
1782463498.266959429,40.431656599,11669,vicon_state_data,ball,1,0,1.837140030,-0.098172430,0.991992548,0.000000000,0.000000000,0.000000000,1.000000000,1,-0.866486652,-0.388194020,0.819917616,0.000000000,0.000000000,0.007236077,0.999973819,13
1782463498.270167589,40.434864759,11670,vicon_state_data,ball,1,0,1.827783414,-0.098869251,0.995595801,0.000000000,0.000000000,0.000000000,1.000000000,1,-0.866569942,-0.387986940,0.819945967,0.000000000,0.000000000,0.008535310,0.999963574,13
1782463498.273586988,40.438284159,11671,vicon_state_data,ball,1,0,1.818654614,-0.099706268,0.999279325,0.000000000,0.000000000,0.000000000,1.000000000,1,-0.866403939,-0.388283257,0.819820615,0.000000000,0.000000000,0.007355886,0.999972945,13
1782463498.276870251,40.441567421,11672,vicon_state_data,ball,1,0,1.809248622,-0.100670214,1.002554319,0.000000000,0.000000000,0.000000000,1.000000000,1,-0.866360133,-0.388293252,0.819805466,0.000000000,0.000000000,0.006920515,0.999976053,13
1782463498.280080557,40.444777727,11673,vicon_state_data,ball,1,0,1.799931350,-0.101660180,1.006169705,0.000000000,0.000000000,0.000000000,1.000000000,1,-0.866359089,-0.388332361,0.819833782,0.000000000,0.000000000,0.006868940,0.999976409,13
1782463498.283650875,40.448348045,11674,vicon_state_data,ball,1,0,1.790550609,-0.102620443,1.009334818,0.000000000,0.000000000,0.000000000,1.000000000,1,-0.866677256,-0.387994914,0.820342560,0.000000000,0.000000000,0.009387455,0.999955937,13
1782463498.286885738,40.451582909,11675,vicon_state_data,ball,1,0,1.781264551,-0.103414399,1.012281046,0.000000000,0.000000000,0.000000000,1.000000000,1,-0.866560039,-0.388046781,0.819934840,0.000000000,0.000000000,0.008907415,0.999960328,13
1782463498.290748119,40.455445290,11676,vicon_state_data,ball,1,0,1.771734776,-0.103600982,1.015184228,0.000000000,0.000000000,0.000000000,1.000000000,1,-0.866639071,-0.388029086,0.820079546,0.000000000,0.000000000,0.009155297,0.999958089,13
1782463498.293631554,40.458328724,11677,vicon_state_data,ball,1,0,1.762995382,-0.104982080,1.018080094,0.000000000,0.000000000,0.000000000,1.000000000,1,-0.867056713,-0.387493470,0.820666453,0.000000000,0.000000000,0.013171048,0.999913258,13
1782463498.296827793,40.461524963,11678,vicon_state_data,ball,1,0,1.753888102,-0.105768079,1.020843937,0.000000000,0.000000000,0.000000000,1.000000000,1,-0.866981761,-0.387606831,0.820612887,0.000000000,0.000000000,0.012664945,0.999919796,13
1782463498.300133228,40.464830399,11679,vicon_state_data,ball,1,0,1.744690283,-0.106624680,1.023501033,0.000000000,0.000000000,0.000000000,1.000000000,1,-0.866758484,-0.387751728,0.820056967,0.000000000,0.000000000,0.010806064,0.999941613,13
1782463498.303474903,40.468172073,11680,vicon_state_data,ball,1,0,1.735614663,-0.107387138,1.026047001,0.000000000,0.000000000,0.000000000,1.000000000,1,-0.867001696,-0.387649334,0.820627678,0.000000000,0.000000000,0.013174099,0.999913218,13
1782463498.307149172,40.471846342,11681,vicon_state_data,ball,1,0,1.726486531,-0.108202672,1.028260919,0.000000000,0.000000000,0.000000000,1.000000000,1,-0.867085808,-0.387642798,0.820793588,0.000000000,0.000000000,0.013568005,0.999907950,13
1782463498.310267448,40.474964619,11682,vicon_state_data,ball,1,0,1.717588623,-0.108821771,1.029734714,0.000000000,0.000000000,0.000000000,1.000000000,1,-0.867605758,-0.387050260,0.821367769,0.000000000,0.000000000,0.017961960,0.999838671,13
1782463498.313719034,40.478416204,11683,vicon_state_data,ball,1,0,1.708362216,-0.109300402,1.032092069,0.000000000,0.000000000,0.000000000,1.000000000,1,-0.867177538,-0.387440342,0.820893232,0.000000000,0.000000000,0.014624656,0.999893054,13
1782463498.316914082,40.481611252,11684,vicon_state_data,ball,1,0,1.699045978,-0.109948152,1.033727582,0.000000000,0.000000000,0.000000000,1.000000000,1,-0.866866732,-0.387660901,0.820262992,0.000000000,0.000000000,0.011566344,0.999933108,13
1782463498.320013523,40.484710693,11685,vicon_state_data,ball,1,0,1.689712575,-0.110787621,1.035795800,0.000000000,0.000000000,0.000000000,1.000000000,1,-0.867250818,-0.387393387,0.820972674,0.000000000,0.000000000,0.015248564,0.999883734,13
1782463498.323637247,40.488334417,11686,vicon_state_data,ball,1,0,1.680546880,-0.111465190,1.037931053,0.000000000,0.000000000,0.000000000,1.000000000,1,-0.866866141,-0.387702337,0.820244593,0.000000000,0.000000000,0.012021503,0.999927739,13
1782463498.326785803,40.491482973,11687,vicon_state_data,ball,1,0,1.671375663,-0.112186556,1.040092336,0.000000000,0.000000000,0.000000000,1.000000000,1,-0.867270768,-0.387411509,0.821039163,0.000000000,0.000000000,0.015471974,0.999880302,13
1782463498.330329180,40.495026350,11688,vicon_state_data,ball,1,0,1.662172181,-0.113278246,1.042400713,0.000000000,0.000000000,0.000000000,1.000000000,1,-0.866856846,-0.387626713,0.820259671,0.000000000,0.000000000,0.012114380,0.999926618,13
1782463498.333539486,40.498236656,11689,vicon_state_data,ball,1,0,1.653125602,-0.113888704,1.044393159,0.000000000,0.000000000,0.000000000,1.000000000,1,-0.867245534,-0.387441310,0.821017274,0.000000000,0.000000000,0.015557011,0.999878982,13
1782463498.336899996,40.501597166,11690,vicon_state_data,ball,1,0,1.644310980,-0.114482676,1.046053610,0.000000000,0.000000000,0.000000000,1.000000000,1,-0.866771345,-0.387658913,0.820167659,0.000000000,0.000000000,0.012080224,0.999927031,13
1782463498.340255260,40.504952431,11691,vicon_state_data,ball,1,0,1.635310150,-0.115027290,1.047626182,0.000000000,0.000000000,0.000000000,1.000000000,1,-0.867180751,-0.387447454,0.820915507,0.000000000,0.000000000,0.015918909,0.999873286,13
1782463498.343426466,40.508123636,11692,vicon_state_data,ball,1,0,1.626673595,-0.116101547,1.048717492,0.000000000,0.000000000,0.000000000,1.000000000,1,-0.866770541,-0.387767306,0.820242572,0.000000000,0.000000000,0.012276981,0.999924635,13
1782463498.346777916,40.511475086,11693,vicon_state_data,ball,1,0,1.617804091,-0.117064399,1.049895361,0.000000000,0.000000000,0.000000000,1.000000000,1,-0.867133388,-0.387541259,0.820930064,0.000000000,0.000000000,0.015616283,0.999878058,13
1782463498.350044966,40.514742136,11694,vicon_state_data,ball,1,0,1.608913310,-0.117962129,1.050905090,0.000000000,0.000000000,0.000000000,1.000000000,1,-0.867093329,-0.387541620,0.820970346,0.000000000,0.000000000,0.015421129,0.999881087,13
1782463498.353482008,40.518179178,11695,vicon_state_data,ball,1,0,1.599909301,-0.118729146,1.051813413,0.000000000,0.000000000,0.000000000,1.000000000,1,-0.866671163,-0.387815166,0.820195375,0.000000000,0.000000000,0.011860801,0.999929658,13
1782463498.356791019,40.521488190,11696,vicon_state_data,ball,1,0,1.590901285,-0.119380911,1.052743159,0.000000000,0.000000000,0.000000000,1.000000000,1,-0.867106609,-0.387663267,0.820999033,0.000000000,0.000000000,0.015469613,0.999880338,13
1782463498.360138416,40.524835587,11697,vicon_state_data,ball,1,0,1.581831455,-0.120097467,1.053615184,0.000000000,0.000000000,0.000000000,1.000000000,1,-0.866668923,-0.387836019,0.820232390,0.000000000,0.000000000,0.012018321,0.999927777,13
1782463498.363547802,40.528244972,11698,vicon_state_data,ball,1,0,1.572606052,-0.120969476,1.054296565,0.000000000,0.000000000,0.000000000,1.000000000,1,-0.867099565,-0.387639106,0.821020328,0.000000000,0.000000000,0.015813285,0.999874962,13
1782463498.366991282,40.531688452,11699,vicon_state_data,ball,1,0,1.563428862,-0.121869898,1.055039425,0.000000000,0.000000000,0.000000000,1.000000000,1,-0.866621487,-0.387921621,0.820204842,0.000000000,0.000000000,0.012241239,0.999925073,13
1782463498.370037079,40.534734249,11700,vicon_state_data,ball,1,0,1.554253647,-0.122661845,1.055431142,0.000000000,0.000000000,0.000000000,1.000000000,1,-0.867031191,-0.387565559,0.820979864,0.000000000,0.000000000,0.015997801,0.999872027,13
1782463498.373509884,40.538207054,11701,vicon_state_data,ball,1,0,1.545048886,-0.122942143,1.055706304,0.000000000,0.000000000,0.000000000,1.000000000,1,-0.866670696,-0.387859609,0.820255607,0.000000000,0.000000000,0.012579949,0.999920869,13
1782463498.376759768,40.541456938,11702,vicon_state_data,ball,1,0,1.536457736,-0.123931535,1.056002715,0.000000000,0.000000000,0.000000000,1.000000000,1,-0.867013525,-0.387707104,0.820966789,0.000000000,0.000000000,0.015969732,0.999872476,13
1782463498.380015373,40.544712543,11703,vicon_state_data,ball,1,0,1.527588043,-0.124760067,1.056087818,0.000000000,0.000000000,0.000000000,1.000000000,1,-0.866958516,-0.387681378,0.820933603,0.000000000,0.000000000,0.015574898,0.999878704,13
1782463498.383703947,40.548401117,11704,vicon_state_data,ball,1,0,1.518705606,-0.125482226,1.056170406,0.000000000,0.000000000,0.000000000,1.000000000,1,-0.866889686,-0.387815938,0.820919262,0.000000000,0.000000000,0.014902671,0.999888949,13
1782463498.387045860,40.551743031,11705,vicon_state_data,ball,1,0,1.509770343,-0.126281421,1.056009361,0.000000000,0.000000000,0.000000000,1.000000000,1,-0.866578860,-0.387916420,0.820254604,0.000000000,0.000000000,0.012276180,0.999924645,13
1782463498.390633106,40.555330276,11706,vicon_state_data,ball,1,0,1.500981147,-0.127040093,1.055481383,0.000000000,0.000000000,0.000000000,1.000000000,1,-0.866550324,-0.387945885,0.820220132,0.000000000,0.000000000,0.012235520,0.999925143,13
1782463498.393519878,40.558217049,11707,vicon_state_data,ball,1,0,1.492264196,-0.127556033,1.054554835,0.000000000,0.000000000,0.000000000,1.000000000,1,-0.866529987,-0.388045717,0.820190685,0.000000000,0.000000000,0.012183422,0.999925779,13
1782463498.396760464,40.561457634,11708,vicon_state_data,ball,1,0,1.483195544,-0.128020131,1.054044010,0.000000000,0.000000000,0.000000000,1.000000000,1,-0.866549651,-0.388067892,0.820233507,0.000000000,0.000000000,0.012330465,0.999923977,13
1782463498.400177002,40.564874172,11709,vicon_state_data,ball,1,0,1.474088335,-0.128577788,1.053328778,0.000000000,0.000000000,0.000000000,1.000000000,1,-0.866883751,-0.387830698,0.820906367,0.000000000,0.000000000,0.015513259,0.999879662,13
1782463498.403449774,40.568146944,11710,vicon_state_data,ball,1,0,1.465003337,-0.129129956,1.052654122,0.000000000,0.000000000,0.000000000,1.000000000,1,-0.866906428,-0.387814265,0.820920390,0.000000000,0.000000000,0.016103064,0.999870337,13
1782463498.406992435,40.571689606,11711,vicon_state_data,ball,1,0,1.455924060,-0.129838008,1.052023409,0.000000000,0.000000000,0.000000000,1.000000000,1,-0.866439735,-0.388051072,0.820189407,0.000000000,0.000000000,0.012136850,0.999926346,13
1782463498.410182476,40.574879646,11712,vicon_state_data,ball,1,0,1.446918516,-0.130448709,1.051402082,0.000000000,0.000000000,0.000000000,1.000000000,1,-0.866767744,-0.387929569,0.820841664,0.000000000,0.000000000,0.015244935,0.999883789,13
1782463498.413638592,40.578335762,11713,vicon_state_data,ball,1,0,1.437954567,-0.131046063,1.050842674,0.000000000,0.000000000,0.000000000,1.000000000,1,-0.866388478,-0.388105223,0.820169022,0.000000000,0.000000000,0.012094472,0.999926859,13
1782463498.416848183,40.581545353,11714,vicon_state_data,ball,1,0,1.428862450,-0.131633378,1.050416339,0.000000000,0.000000000,0.000000000,1.000000000,1,-0.866395564,-0.388105404,0.820155372,0.000000000,0.000000000,0.012204443,0.999925523,13
1782463498.420575380,40.585272551,11715,vicon_state_data,ball,1,0,1.420301012,-0.132456283,1.049353248,0.000000000,0.000000000,0.000000000,1.000000000,1,-0.866692824,-0.387933468,0.820830575,0.000000000,0.000000000,0.015117974,0.999885717,13
1782463498.423630953,40.588328123,11716,vicon_state_data,ball,1,0,1.411603681,-0.133215551,1.048399463,0.000000000,0.000000000,0.000000000,1.000000000,1,-0.866705330,-0.388014237,0.820776785,0.000000000,0.000000000,0.015323683,0.999882585,13
1782463498.427030563,40.591727734,11717,vicon_state_data,ball,1,0,1.402950203,-0.133999389,1.047191944,0.000000000,0.000000000,0.000000000,1.000000000,1,-0.866328313,-0.388168267,0.820150991,0.000000000,0.000000000,0.012166878,0.999925981,13
1782463498.430039406,40.594736576,11718,vicon_state_data,ball,1,0,1.394243584,-0.134913925,1.045798248,0.000000000,0.000000000,0.000000000,1.000000000,1,-0.866634472,-0.387960864,0.820746750,0.000000000,0.000000000,0.015167082,0.999884973,13
1782463498.433373928,40.598071098,11719,vicon_state_data,ball,1,0,1.385475634,-0.135784377,1.044200410,0.000000000,0.000000000,0.000000000,1.000000000,1,-0.866634564,-0.388020511,0.820778715,0.000000000,0.000000000,0.015080925,0.999886276,13
1782463498.436717033,40.601414204,11720,vicon_state_data,ball,1,0,1.376781330,-0.136589504,1.042583763,0.000000000,0.000000000,0.000000000,1.000000000,1,-0.866625671,-0.387999417,0.820808538,0.000000000,0.000000000,0.015308052,0.999882825,13
1782463498.440111637,40.604808807,11721,vicon_state_data,ball,1,0,1.367931482,-0.137175654,1.040860593,0.000000000,0.000000000,0.000000000,1.000000000,1,-0.866614432,-0.388034497,0.820808204,0.000000000,0.000000000,0.015252776,0.999883670,13
1782463498.443471670,40.608168840,11722,vicon_state_data,ball,1,0,1.359052129,-0.137744530,1.039113095,0.000000000,0.000000000,0.000000000,1.000000000,1,-0.866270603,-0.388233018,0.820122854,0.000000000,0.000000000,0.012263872,0.999924796,13
1782463498.447100163,40.611797333,11723,vicon_state_data,ball,1,0,1.350096937,-0.138424329,1.037346572,0.000000000,0.000000000,0.000000000,1.000000000,1,-0.866223311,-0.388276656,0.820111177,0.000000000,0.000000000,0.012098705,0.999926808,13
1782463498.450121880,40.614819050,11724,vicon_state_data,ball,1,0,1.341054655,-0.139140930,1.035287432,0.000000000,0.000000000,0.000000000,1.000000000,1,-0.866214304,-0.388321853,0.820133992,0.000000000,0.000000000,0.012082271,0.999927007,13
1782463498.453446150,40.618143320,11725,vicon_state_data,ball,1,0,1.332022954,-0.139841489,1.033270218,0.000000000,0.000000000,0.000000000,1.000000000,1,-0.866266643,-0.388315836,0.820174711,0.000000000,0.000000000,0.012344786,0.999923800,13
1782463498.456761122,40.621458292,11726,vicon_state_data,ball,1,0,1.323166967,-0.140470300,1.031091478,0.000000000,0.000000000,0.000000000,1.000000000,1,-0.866187273,-0.388305168,0.820140253,0.000000000,0.000000000,0.012110523,0.999926665,13
1782463498.460190773,40.624887943,11727,vicon_state_data,ball,1,0,1.314366839,-0.141166766,1.028673349,0.000000000,0.000000000,0.000000000,1.000000000,1,-0.866166464,-0.388412754,0.820106979,0.000000000,0.000000000,0.012116907,0.999926588,13
1782463498.463432789,40.628129959,11728,vicon_state_data,ball,1,0,1.305677710,-0.141858334,1.026194812,0.000000000,0.000000000,0.000000000,1.000000000,1,-0.866529830,-0.388140932,0.820828291,0.000000000,0.000000000,0.015539199,0.999879259,13
1782463498.466754198,40.631451368,11729,vicon_state_data,ball,1,0,1.297024553,-0.142569707,1.023607908,0.000000000,0.000000000,0.000000000,1.000000000,1,-0.866464670,-0.388170507,0.820821403,0.000000000,0.000000000,0.015045642,0.999886808,13
1782463498.470048428,40.634745598,11730,vicon_state_data,ball,1,0,1.288245220,-0.143270498,1.020988199,0.000000000,0.000000000,0.000000000,1.000000000,1,-0.866507999,-0.388141626,0.820866154,0.000000000,0.000000000,0.015508998,0.999879728,13
1782463498.473324776,40.638021946,11731,vicon_state_data,ball,1,0,1.279654728,-0.143988591,1.017778332,0.000000000,0.000000000,0.000000000,1.000000000,1,-0.866450425,-0.388236386,0.820846552,0.000000000,0.000000000,0.015187097,0.999884669,13
1782463498.477195024,40.641892195,11732,vicon_state_data,ball,1,0,1.271063221,-0.144412707,1.014379993,0.000000000,0.000000000,0.000000000,1.000000000,1,-0.866054876,-0.388382565,0.820129393,0.000000000,0.000000000,0.011836514,0.999929946,13
1782463498.480112791,40.644809961,11733,vicon_state_data,ball,1,0,1.262112468,-0.144928174,1.011264268,0.000000000,0.000000000,0.000000000,1.000000000,1,-0.866442222,-0.388147818,0.820915874,0.000000000,0.000000000,0.015480191,0.999880175,13
1782463498.483436584,40.648133755,11734,vicon_state_data,ball,1,0,1.253200602,-0.145360037,1.008155784,0.000000000,0.000000000,0.000000000,1.000000000,1,-0.866407572,-0.388137224,0.820870070,0.000000000,0.000000000,0.015335709,0.999882401,13
1782463498.486672878,40.651370049,11735,vicon_state_data,ball,1,0,1.244310000,-0.145822669,1.004907924,0.000000000,0.000000000,0.000000000,1.000000000,1,-0.866398425,-0.388162645,0.820897495,0.000000000,0.000000000,0.015371077,0.999881858,13
1782463498.490065098,40.654762268,11736,vicon_state_data,ball,1,0,1.235361172,-0.146307769,1.001564041,0.000000000,0.000000000,0.000000000,1.000000000,1,-0.865985184,-0.388494746,0.820156995,0.000000000,0.000000000,0.011891099,0.999929298,13
1782463498.493665218,40.658362389,11737,vicon_state_data,ball,1,0,1.226511720,-0.146819843,0.998305506,0.000000000,0.000000000,0.000000000,1.000000000,1,-0.866327531,-0.388210439,0.820864135,0.000000000,0.000000000,0.015084802,0.999886218,13
1782463498.496761560,40.661458731,11738,vicon_state_data,ball,1,0,1.217664591,-0.147332081,0.995043703,0.000000000,0.000000000,0.000000000,1.000000000,1,-0.866335549,-0.388179898,0.820891973,0.000000000,0.000000000,0.015275278,0.999883326,13
1782463498.500118017,40.664815187,11739,vicon_state_data,ball,1,0,1.208884154,-0.147860183,0.991722399,0.000000000,0.000000000,0.000000000,1.000000000,1,-0.865936940,-0.388438668,0.820177026,0.000000000,0.000000000,0.011708285,0.999931456,13
1782463498.503599405,40.668296576,11740,vicon_state_data,ball,1,0,1.200197848,-0.148503907,0.988435836,0.000000000,0.000000000,0.000000000,1.000000000,1,-0.866317760,-0.388129624,0.820881553,0.000000000,0.000000000,0.015504131,0.999879804,13
1782463498.507519960,40.672217131,11741,vicon_state_data,ball,1,0,1.191575378,-0.149158106,0.984990585,0.000000000,0.000000000,0.000000000,1.000000000,1,-0.866289679,-0.388112357,0.820873982,0.000000000,0.000000000,0.015586947,0.999878516,13
1782463498.510505438,40.675202608,11742,vicon_state_data,ball,1,0,1.183021760,-0.149835688,0.981275082,0.000000000,0.000000000,0.000000000,1.000000000,1,-0.866318003,-0.388053168,0.820904706,0.000000000,0.000000000,0.015901675,0.999873560,13
1782463498.513558865,40.678256035,11743,vicon_state_data,ball,1,0,1.174484808,-0.150639981,0.977365679,0.000000000,0.000000000,0.000000000,1.000000000,1,-0.865881195,-0.388374831,0.820144836,0.000000000,0.000000000,0.012146071,0.999926234,13
1782463498.516792774,40.681489944,11744,vicon_state_data,ball,1,0,1.165920355,-0.151426978,0.973259183,0.000000000,0.000000000,0.000000000,1.000000000,1,-0.866296672,-0.388093903,0.820921438,0.000000000,0.000000000,0.015839974,0.999874540,13
1782463498.520082235,40.684779406,11745,vicon_state_data,ball,1,0,1.157311124,-0.152225798,0.969091971,0.000000000,0.000000000,0.000000000,1.000000000,1,-0.865904125,-0.388342685,0.820218184,0.000000000,0.000000000,0.012518519,0.999921640,13
1782463498.523932457,40.688629627,11746,vicon_state_data,ball,1,0,1.148637533,-0.152838005,0.964762231,0.000000000,0.000000000,0.000000000,1.000000000,1,-0.865870505,-0.388350907,0.820204489,0.000000000,0.000000000,0.012286472,0.999924518,13
1782463498.526907444,40.691604614,11747,vicon_state_data,ball,1,0,1.139931472,-0.153302580,0.960474578,0.000000000,0.000000000,0.000000000,1.000000000,1,-0.865879780,-0.388367452,0.820239621,0.000000000,0.000000000,0.012527843,0.999921523,13
1782463498.530067205,40.694764376,11748,vicon_state_data,ball,1,0,1.131104888,-0.153847975,0.956112487,0.000000000,0.000000000,0.000000000,1.000000000,1,-0.865852123,-0.388399470,0.820249886,0.000000000,0.000000000,0.012417346,0.999922902,13
1782463498.533493519,40.698190689,11749,vicon_state_data,ball,1,0,1.122252330,-0.154358350,0.951642684,0.000000000,0.000000000,0.000000000,1.000000000,1,-0.865827946,-0.388375212,0.820242894,0.000000000,0.000000000,0.012657379,0.999919892,13
1782463498.536925077,40.701622248,11750,vicon_state_data,ball,1,0,1.113413252,-0.154836141,0.947161445,0.000000000,0.000000000,0.000000000,1.000000000,1,-0.866187763,-0.388077296,0.820881713,0.000000000,0.000000000,0.015941534,0.999872926,13
1782463498.540344477,40.705041647,11751,vicon_state_data,ball,1,0,1.104571475,-0.155419262,0.942508048,0.000000000,0.000000000,0.000000000,1.000000000,1,-0.866168485,-0.388075084,0.820905547,0.000000000,0.000000000,0.015991549,0.999872127,13
1782463498.543439150,40.708136320,11752,vicon_state_data,ball,1,0,1.095886812,-0.155939494,0.937592947,0.000000000,0.000000000,0.000000000,1.000000000,1,-0.865854172,-0.388343151,0.820349307,0.000000000,0.000000000,0.012908939,0.999916676,13
1782463498.546764851,40.711462021,11753,vicon_state_data,ball,1,0,1.087292225,-0.156522359,0.932608308,0.000000000,0.000000000,0.000000000,1.000000000,1,-0.865775450,-0.388345618,0.820245885,0.000000000,0.000000000,0.012683750,0.999919558,13
1782463498.549980164,40.714677334,11754,vicon_state_data,ball,1,0,1.078690360,-0.157118277,0.927474773,0.000000000,0.000000000,0.000000000,1.000000000,1,-0.866083110,-0.388047209,0.820868686,0.000000000,0.000000000,0.016180109,0.999869093,13
1782463498.553618670,40.718315840,11755,vicon_state_data,ball,1,0,1.070127800,-0.157759002,0.922274938,0.000000000,0.000000000,0.000000000,1.000000000,1,-0.866103984,-0.388043962,0.820928173,0.000000000,0.000000000,0.016215696,0.999868517,13
1782463498.557186842,40.721884012,11756,vicon_state_data,ball,1,0,1.061670713,-0.158364162,0.916778140,0.000000000,0.000000000,0.000000000,1.000000000,1,-0.865737633,-0.388295326,0.820291462,0.000000000,0.000000000,0.012971121,0.999915871,13
1782463498.560224056,40.724921227,11757,vicon_state_data,ball,1,0,1.053286212,-0.158785425,0.910590334,0.000000000,0.000000000,0.000000000,1.000000000,1,-0.865693193,-0.388246271,0.820225794,0.000000000,0.000000000,0.012808799,0.999917964,13
1782463498.563538313,40.728235483,11758,vicon_state_data,ball,1,0,1.044517895,-0.159235762,0.904971132,0.000000000,0.000000000,0.000000000,1.000000000,1,-0.865720193,-0.388285764,0.820312832,0.000000000,0.000000000,0.012990786,0.999915616,13
1782463498.566808224,40.731505394,11759,vicon_state_data,ball,1,0,1.035677395,-0.159592671,0.899295618,0.000000000,0.000000000,0.000000000,1.000000000,1,-0.865646001,-0.388227689,0.820242536,0.000000000,0.000000000,0.012977326,0.999915791,13
1782463498.570057631,40.734754801,11760,vicon_state_data,ball,1,0,1.026909910,-0.159929640,0.893602598,0.000000000,0.000000000,0.000000000,1.000000000,1,-0.865647507,-0.388203870,0.820262370,0.000000000,0.000000000,0.013167670,0.999913302,13
1782463498.573346376,40.738043547,11761,vicon_state_data,ball,1,0,1.018125342,-0.160285985,0.887850063,0.000000000,0.000000000,0.000000000,1.000000000,1,-0.865996489,-0.387937652,0.820929619,0.000000000,0.000000000,0.016378514,0.999865863,13
1782463498.576772928,40.741470098,11762,vicon_state_data,ball,1,0,1.009392725,-0.160552966,0.882006769,0.000000000,0.000000000,0.000000000,1.000000000,1,-0.865638090,-0.388153873,0.820275547,0.000000000,0.000000000,0.013269213,0.999911960,13
1782463498.580565691,40.745262861,11763,vicon_state_data,ball,1,0,1.000747584,-0.160940645,0.876090461,0.000000000,0.000000000,0.000000000,1.000000000,1,-0.865553648,-0.388176591,0.820193896,0.000000000,0.000000000,0.013064109,0.999914661,13
1782463498.583775759,40.748472929,11764,vicon_state_data,ball,1,0,0.992044230,-0.161356604,0.870287387,0.000000000,0.000000000,0.000000000,1.000000000,1,-0.865609864,-0.388166683,0.820306520,0.000000000,0.000000000,0.013038018,0.999915001,13
1782463498.586817980,40.751515150,11765,vicon_state_data,ball,1,0,0.983461474,-0.161930458,0.864463992,0.000000000,0.000000000,0.000000000,1.000000000,1,-0.866061923,-0.387886232,0.821122129,0.000000000,0.000000000,0.016971801,0.999855969,13
1782463498.590080738,40.754777908,11766,vicon_state_data,ball,1,0,0.974988339,-0.162515873,0.858498783,0.000000000,0.000000000,0.000000000,1.000000000,1,-0.866013731,-0.387923240,0.821115452,0.000000000,0.000000000,0.016744399,0.999859803,13
1782463498.593473673,40.758170843,11767,vicon_state_data,ball,1,0,0.966538772,-0.163054755,0.852310234,0.000000000,0.000000000,0.000000000,1.000000000,1,-0.865946500,-0.387869349,0.821030404,0.000000000,0.000000000,0.016735324,0.999859955,13
1782463498.596698284,40.761395454,11768,vicon_state_data,ball,1,0,0.958091492,-0.163746195,0.845969999,0.000000000,0.000000000,0.000000000,1.000000000,1,-0.865891143,-0.387807709,0.820943980,0.000000000,0.000000000,0.016943206,0.999856454,13
1782463498.600103378,40.764800549,11769,vicon_state_data,ball,1,0,0.949616507,-0.164446470,0.839430249,0.000000000,0.000000000,0.000000000,1.000000000,1,-0.865536045,-0.388044943,0.820337060,0.000000000,0.000000000,0.013561204,0.999908043,13
1782463498.603711128,40.768408298,11770,vicon_state_data,ball,1,0,0.941129020,-0.165085541,0.832773489,0.000000000,0.000000000,0.000000000,1.000000000,1,-0.865490934,-0.388086045,0.820311683,0.000000000,0.000000000,0.013495471,0.999908932,13
1782463498.606828213,40.771525383,11771,vicon_state_data,ball,1,0,0.932569299,-0.165683158,0.825983665,0.000000000,0.000000000,0.000000000,1.000000000,1,-0.865504026,-0.388096547,0.820387737,0.000000000,0.000000000,0.013440061,0.999909678,13
1782463498.610326290,40.775023460,11772,vicon_state_data,ball,1,0,0.924063590,-0.166026491,0.819163664,0.000000000,0.000000000,0.000000000,1.000000000,1,-0.865377287,-0.388041261,0.820239954,0.000000000,0.000000000,0.013498331,0.999908893,13
1782463498.613503933,40.778201103,11773,vicon_state_data,ball,1,0,0.915408376,-0.166403121,0.812328663,0.000000000,0.000000000,0.000000000,1.000000000,1,-0.865761285,-0.387775308,0.820964993,0.000000000,0.000000000,0.016852438,0.999857988,13
1782463498.616803646,40.781500816,11774,vicon_state_data,ball,1,0,0.906672676,-0.166810969,0.805361398,0.000000000,0.000000000,0.000000000,1.000000000,1,-0.865717302,-0.387826263,0.820941336,0.000000000,0.000000000,0.016641471,0.999861521,13
1782463498.620058775,40.784755945,11775,vicon_state_data,ball,1,0,0.897968303,-0.167132962,0.798304304,0.000000000,0.000000000,0.000000000,1.000000000,1,-0.865682294,-0.387816334,0.820898206,0.000000000,0.000000000,0.016552427,0.999862999,13
1782463498.623515844,40.788213015,11776,vicon_state_data,ball,1,0,0.889335568,-0.167564663,0.791309878,0.000000000,0.000000000,0.000000000,1.000000000,1,-0.865313022,-0.388029012,0.820270047,0.000000000,0.000000000,0.013227125,0.999912518,13
1782463498.627078772,40.791775942,11777,vicon_state_data,ball,1,0,0.880712441,-0.167931250,0.784148623,0.000000000,0.000000000,0.000000000,1.000000000,1,-0.863174327,-0.384369929,0.820453979,0.000000000,0.000000000,0.000000000,1.000000000,13
1782463498.630253315,40.794950485,11778,vicon_state_data,ball,1,0,0.872202645,-0.168402159,0.776705678,0.000000000,0.000000000,0.000000000,1.000000000,1,-0.865518133,-0.387833839,0.820852443,0.000000000,0.000000000,0.016108500,0.999870250,13
1782463498.633579731,40.798276901,11779,vicon_state_data,ball,1,0,0.863740113,-0.168842888,0.769158803,0.000000000,0.000000000,0.000000000,1.000000000,1,-0.865540280,-0.387821341,0.820927581,0.000000000,0.000000000,0.016159335,0.999869429,13
1782463498.636985064,40.801682234,11780,vicon_state_data,ball,1,0,0.856256510,-0.169163394,0.771895150,0.000000000,0.000000000,0.000000000,1.000000000,1,-0.865107333,-0.388071740,0.820173004,0.000000000,0.000000000,0.012732402,0.999918940,13
1782463498.640148401,40.804845572,11781,vicon_state_data,ball,1,0,0.849236937,-0.169476689,0.778620379,0.000000000,0.000000000,0.000000000,1.000000000,1,-0.865552456,-0.387807135,0.820996077,0.000000000,0.000000000,0.015978488,0.999872336,13
1782463498.643769026,40.808466196,11782,vicon_state_data,ball,1,0,0.842210358,-0.169810909,0.785244755,0.000000000,0.000000000,0.000000000,1.000000000,1,-0.865456663,-0.387729673,0.820886258,0.000000000,0.000000000,0.016055272,0.999871106,13
1782463498.646916151,40.811613321,11783,vicon_state_data,ball,1,0,0.835271615,-0.170139419,0.791673855,0.000000000,0.000000000,0.000000000,1.000000000,1,-0.865510028,-0.387792963,0.821021204,0.000000000,0.000000000,0.015889709,0.999873751,13
1782463498.650485516,40.815182686,11784,vicon_state_data,ball,1,0,0.828269896,-0.170406487,0.797927663,0.000000000,0.000000000,0.000000000,1.000000000,1,-0.865097069,-0.387950143,0.820262649,0.000000000,0.000000000,0.012909176,0.999916673,13
1782463498.653463364,40.818160534,11785,vicon_state_data,ball,1,0,0.821443664,-0.170478816,0.803810213,0.000000000,0.000000000,0.000000000,1.000000000,1,-0.865097563,-0.387864668,0.820222838,0.000000000,0.000000000,0.013132466,0.999913765,13
1782463498.656755209,40.821452379,11786,vicon_state_data,ball,1,0,0.814357162,-0.170589315,0.810057622,0.000000000,0.000000000,0.000000000,1.000000000,1,-0.865093473,-0.387779950,0.820204718,0.000000000,0.000000000,0.013359708,0.999910755,13
1782463498.660198689,40.824895859,11787,vicon_state_data,ball,1,0,0.807286803,-0.170754777,0.816274947,0.000000000,0.000000000,0.000000000,1.000000000,1,-0.865071343,-0.387804217,0.820184867,0.000000000,0.000000000,0.013242407,0.999912315,13
1782463498.663603783,40.828300953,11788,vicon_state_data,ball,1,0,0.800211956,-0.170899647,0.822312568,0.000000000,0.000000000,0.000000000,1.000000000,1,-0.865040606,-0.387797781,0.820195004,0.000000000,0.000000000,0.013116868,0.999913970,13
1782463498.666736364,40.831433535,11789,vicon_state_data,ball,1,0,0.793184969,-0.171016309,0.828308228,0.000000000,0.000000000,0.000000000,1.000000000,1,-0.865143807,-0.387790271,0.820361362,0.000000000,0.000000000,0.013431128,0.999909798,13
1782463498.670045137,40.834742308,11790,vicon_state_data,ball,1,0,0.786156889,-0.171121202,0.834178264,0.000000000,0.000000000,0.000000000,1.000000000,1,-0.865536091,-0.387553960,0.821124718,0.000000000,0.000000000,0.016995552,0.999855565,13
1782463498.673672438,40.838369608,11791,vicon_state_data,ball,1,0,0.779157264,-0.171277347,0.839892718,0.000000000,0.000000000,0.000000000,1.000000000,1,-0.865062449,-0.387846458,0.820363092,0.000000000,0.000000000,0.013061358,0.999914697,13
1782463498.677102804,40.841799974,11792,vicon_state_data,ball,1,0,0.772182821,-0.171497237,0.845522523,0.000000000,0.000000000,0.000000000,1.000000000,1,-0.865053620,-0.387752470,0.820377993,0.000000000,0.000000000,0.013306720,0.999911462,13
1782463498.680266380,40.844963551,11793,vicon_state_data,ball,1,0,0.765260721,-0.171671278,0.851046008,0.000000000,0.000000000,0.000000000,1.000000000,1,-0.865427124,-0.387520635,0.821106137,0.000000000,0.000000000,0.016869369,0.999857702,13
1782463498.683429718,40.848126888,11794,vicon_state_data,ball,1,0,0.758319882,-0.171825229,0.856525397,0.000000000,0.000000000,0.000000000,1.000000000,1,-0.865462641,-0.387494280,0.821182982,0.000000000,0.000000000,0.017154458,0.999852851,13
1782463498.686874151,40.851571321,11795,vicon_state_data,ball,1,0,0.751352976,-0.172113845,0.861698099,0.000000000,0.000000000,0.000000000,1.000000000,1,-0.865063736,-0.387783250,0.820459666,0.000000000,0.000000000,0.013500676,0.999908862,13
1782463498.690082788,40.854779959,11796,vicon_state_data,ball,1,0,0.744465263,-0.172343263,0.866961130,0.000000000,0.000000000,0.000000000,1.000000000,1,-0.864960027,-0.387764012,0.820344933,0.000000000,0.000000000,0.013123664,0.999913881,13
1782463498.693632841,40.858330011,11797,vicon_state_data,ball,1,0,0.737514553,-0.172667704,0.872029824,0.000000000,0.000000000,0.000000000,1.000000000,1,-0.865411512,-0.387431094,0.821163632,0.000000000,0.000000000,0.017326038,0.999849893,13
1782463498.696784019,40.861481190,11798,vicon_state_data,ball,1,0,0.730468447,-0.173030890,0.876911817,0.000000000,0.000000000,0.000000000,1.000000000,1,-0.865391778,-0.387343704,0.821115896,0.000000000,0.000000000,0.017449468,0.999847746,13
1782463498.700496912,40.865194082,11799,vicon_state_data,ball,1,0,0.723513002,-0.173355103,0.881675444,0.000000000,0.000000000,0.000000000,1.000000000,1,-0.865241623,-0.387399704,0.820978806,0.000000000,0.000000000,0.016741395,0.999859853,13
1782463498.703481913,40.868179083,11800,vicon_state_data,ball,1,0,0.716507225,-0.173648619,0.886346807,0.000000000,0.000000000,0.000000000,1.000000000,1,-0.864780711,-0.387722658,0.820228023,0.000000000,0.000000000,0.012856739,0.999917349,13
1782463498.706933737,40.871630907,11801,vicon_state_data,ball,1,0,0.709528890,-0.173888841,0.890859963,0.000000000,0.000000000,0.000000000,1.000000000,1,-0.864862431,-0.387724053,0.820355843,0.000000000,0.000000000,0.013178602,0.999913158,13
1782463498.710194826,40.874891996,11802,vicon_state_data,ball,1,0,0.702576381,-0.174002319,0.895285810,0.000000000,0.000000000,0.000000000,1.000000000,1,-0.864806808,-0.387618222,0.820333944,0.000000000,0.000000000,0.013155717,0.999913460,13
1782463498.713451862,40.878149033,11803,vicon_state_data,ball,1,0,0.695604178,-0.174122112,0.899518138,0.000000000,0.000000000,0.000000000,1.000000000,1,-0.864830445,-0.387577583,0.820338605,0.000000000,0.000000000,0.013531041,0.999908451,13
1782463498.716731071,40.881428242,11804,vicon_state_data,ball,1,0,0.688736879,-0.174182817,0.903663722,0.000000000,0.000000000,0.000000000,1.000000000,1,-0.864872580,-0.387596751,0.820418727,0.000000000,0.000000000,0.013417741,0.999909978,13
1782463498.720085621,40.884782791,11805,vicon_state_data,ball,1,0,0.681857242,-0.174272794,0.907823473,0.000000000,0.000000000,0.000000000,1.000000000,1,-0.864840309,-0.387575888,0.820412353,0.000000000,0.000000000,0.013503072,0.999908829,13
1782463498.723684311,40.888381481,11806,vicon_state_data,ball,1,0,0.674967951,-0.174401233,0.911923493,0.000000000,0.000000000,0.000000000,1.000000000,1,-0.864707714,-0.387568850,0.820240063,0.000000000,0.000000000,0.012813540,0.999917903,13
1782463498.726802349,40.891499519,11807,vicon_state_data,ball,1,0,0.668071886,-0.174510764,0.915939146,0.000000000,0.000000000,0.000000000,1.000000000,1,-0.864688212,-0.387456408,0.820251799,0.000000000,0.000000000,0.013546821,0.999908238,13
1782463498.730149269,40.894846439,11808,vicon_state_data,ball,1,0,0.661203401,-0.174614571,0.919796432,0.000000000,0.000000000,0.000000000,1.000000000,1,-0.864727499,-0.387556096,0.820345518,0.000000000,0.000000000,0.013250017,0.999912215,13
1782463498.733491659,40.898188829,11809,vicon_state_data,ball,1,0,0.654359639,-0.174752349,0.923491438,0.000000000,0.000000000,0.000000000,1.000000000,1,-0.864700661,-0.387464622,0.820311838,0.000000000,0.000000000,0.013505995,0.999908790,13
1782463498.736791372,40.901488543,11810,vicon_state_data,ball,1,0,0.647506743,-0.174916085,0.927082526,0.000000000,0.000000000,0.000000000,1.000000000,1,-0.864671206,-0.387476932,0.820276685,0.000000000,0.000000000,0.013403748,0.999910166,13
1782463498.740154982,40.904852152,11811,vicon_state_data,ball,1,0,0.640674518,-0.175096503,0.930623808,0.000000000,0.000000000,0.000000000,1.000000000,1,-0.864881166,-0.387229373,0.820366139,0.000000000,0.000000000,0.014903541,0.999888936,13
1782463498.743396282,40.908093452,11812,vicon_state_data,ball,1,0,0.633811653,-0.175376277,0.934102790,0.000000000,0.000000000,0.000000000,1.000000000,1,-0.864840387,-0.387273684,0.820397529,0.000000000,0.000000000,0.014760930,0.999891052,13
1782463498.747114897,40.911812067,11813,vicon_state_data,ball,1,0,0.626956675,-0.175547032,0.937441103,0.000000000,0.000000000,0.000000000,1.000000000,1,-0.864755266,-0.387195864,0.820345282,0.000000000,0.000000000,0.014632156,0.999892944,13
1782463498.750202179,40.914899349,11814,vicon_state_data,ball,1,0,0.620157616,-0.175811827,0.940624859,0.000000000,0.000000000,0.000000000,1.000000000,1,-0.864640081,-0.387443245,0.820338876,0.000000000,0.000000000,0.013480834,0.999909129,13
1782463498.753419638,40.918116808,11815,vicon_state_data,ball,1,0,0.613359639,-0.176006382,0.943673148,0.000000000,0.000000000,0.000000000,1.000000000,1,-0.864744479,-0.387253304,0.820393031,0.000000000,0.000000000,0.014492322,0.999894981,13
1782463498.756767035,40.921464205,11816,vicon_state_data,ball,1,0,0.606586528,-0.176199736,0.946458445,0.000000000,0.000000000,0.000000000,1.000000000,1,-0.864694897,-0.387340611,0.820406045,0.000000000,0.000000000,0.014079453,0.999900880,13
1782463498.760380268,40.925077438,11817,vicon_state_data,ball,1,0,0.599793016,-0.176414987,0.949228216,0.000000000,0.000000000,0.000000000,1.000000000,1,-0.864618483,-0.387232129,0.820415396,0.000000000,0.000000000,0.014073704,0.999900961,13
1782463498.763864279,40.928561449,11818,vicon_state_data,ball,1,0,0.592935629,-0.176679551,0.951782023,0.000000000,0.000000000,0.000000000,1.000000000,1,-0.864600152,-0.387344694,0.820401404,0.000000000,0.000000000,0.013773161,0.999905146,13
1782463498.767009020,40.931706190,11819,vicon_state_data,ball,1,0,0.586219597,-0.176970654,0.954237908,0.000000000,0.000000000,0.000000000,1.000000000,1,-0.864540245,-0.387320186,0.820374061,0.000000000,0.000000000,0.013695352,0.999906214,13
1782463498.770303011,40.935000181,11820,vicon_state_data,ball,1,0,0.579437066,-0.177294664,0.956538810,0.000000000,0.000000000,0.000000000,1.000000000,1,-0.864469223,-0.387364149,0.820334265,0.000000000,0.000000000,0.013307940,0.999911445,13
1782463498.773477077,40.938174248,11821,vicon_state_data,ball,1,0,0.572657961,-0.177528111,0.958676526,0.000000000,0.000000000,0.000000000,1.000000000,1,-0.864431003,-0.387314291,0.820324808,0.000000000,0.000000000,0.013289041,0.999911697,13
1782463498.776844263,40.941541433,11822,vicon_state_data,ball,1,0,0.565813554,-0.177696260,0.960767765,0.000000000,0.000000000,0.000000000,1.000000000,1,-0.864399571,-0.387290303,0.820337878,0.000000000,0.000000000,0.013331040,0.999911138,13
1782463498.780123234,40.944820404,11823,vicon_state_data,ball,1,0,0.559024588,-0.177779818,0.962658776,0.000000000,0.000000000,0.000000000,1.000000000,1,-0.864267533,-0.387260553,0.820170678,0.000000000,0.000000000,0.013140307,0.999913662,13
1782463498.783370495,40.948067665,11824,vicon_state_data,ball,1,0,0.552188460,-0.177834977,0.964659412,0.000000000,0.000000000,0.000000000,1.000000000,1,-0.864282442,-0.387247025,0.820243048,0.000000000,0.000000000,0.013079946,0.999914454,13
1782463498.786738396,40.951435566,11825,vicon_state_data,ball,1,0,0.545340029,-0.177929142,0.966639097,0.000000000,0.000000000,0.000000000,1.000000000,1,-0.864201886,-0.387249936,0.820198048,0.000000000,0.000000000,0.012830951,0.999917680,13
1782463498.790202618,40.954899788,11826,vicon_state_data,ball,1,0,0.538522658,-0.178009228,0.968501327,0.000000000,0.000000000,0.000000000,1.000000000,1,-0.864163821,-0.387270753,0.820234922,0.000000000,0.000000000,0.012510318,0.999921743,13
1782463498.793729305,40.958426476,11827,vicon_state_data,ball,1,0,0.531767201,-0.178072297,0.970281518,0.000000000,0.000000000,0.000000000,1.000000000,1,-0.864078539,-0.387213565,0.820147110,0.000000000,0.000000000,0.012521726,0.999921600,13
1782463498.796993256,40.961690426,11828,vicon_state_data,ball,1,0,0.525006112,-0.178155315,0.971891046,0.000000000,0.000000000,0.000000000,1.000000000,1,-0.864010623,-0.387301759,0.820124724,0.000000000,0.000000000,0.011605287,0.999932656,13
1782463498.800215721,40.964912891,11829,vicon_state_data,ball,1,0,0.518255115,-0.178241954,0.973397893,0.000000000,0.000000000,0.000000000,1.000000000,1,-0.864058386,-0.387178735,0.820190110,0.000000000,0.000000000,0.012325237,0.999924041,13
1782463498.803594351,40.968291521,11830,vicon_state_data,ball,1,0,0.511545730,-0.178415013,0.974773917,0.000000000,0.000000000,0.000000000,1.000000000,1,-0.864028422,-0.387120798,0.820177673,0.000000000,0.000000000,0.012422409,0.999922839,13
1782463498.807018280,40.971715450,11831,vicon_state_data,ball,1,0,0.504860294,-0.178545778,0.976101838,0.000000000,0.000000000,0.000000000,1.000000000,1,-0.864030153,-0.387095295,0.820216220,0.000000000,0.000000000,0.012462624,0.999922338,13
1782463498.810360909,40.975058079,11832,vicon_state_data,ball,1,0,0.498169875,-0.178801543,0.977223086,0.000000000,0.000000000,0.000000000,1.000000000,1,-0.863994709,-0.387061638,0.820157719,0.000000000,0.000000000,0.012408897,0.999923007,13
1782463498.813672304,40.978369474,11833,vicon_state_data,ball,1,0,0.491501905,-0.179104750,0.978321466,0.000000000,0.000000000,0.000000000,1.000000000,1,-0.863912989,-0.386941499,0.820067733,0.000000000,0.000000000,0.012657829,0.999919886,13
1782463498.816726208,40.981423378,11834,vicon_state_data,ball,1,0,0.484790953,-0.179441307,0.979244666,0.000000000,0.000000000,0.000000000,1.000000000,1,-0.863932814,-0.386963709,0.820107582,0.000000000,0.000000000,0.012763217,0.999918547,13
1782463498.820057869,40.984755039,11835,vicon_state_data,ball,1,0,0.478059437,-0.179708720,0.980052893,0.000000000,0.000000000,0.000000000,1.000000000,1,-0.864019297,-0.386773366,0.820263825,0.000000000,0.000000000,0.013643328,0.999906925,13
1782463498.823629618,40.988326788,11836,vicon_state_data,ball,1,0,0.471315717,-0.180004946,0.980724950,0.000000000,0.000000000,0.000000000,1.000000000,1,-0.863887764,-0.386836118,0.820096211,0.000000000,0.000000000,0.012920875,0.999916522,13
1782463498.826989651,40.991686821,11837,vicon_state_data,ball,1,0,0.464543942,-0.180273942,0.981278758,0.000000000,0.000000000,0.000000000,1.000000000,1,-0.863996965,-0.386694035,0.820283311,0.000000000,0.000000000,0.013707148,0.999906053,13
1782463498.830173254,40.994870424,11838,vicon_state_data,ball,1,0,0.457817990,-0.180477061,0.981646161,0.000000000,0.000000000,0.000000000,1.000000000,1,-0.863978010,-0.386680474,0.820287284,0.000000000,0.000000000,0.013720064,0.999905875,13
1782463498.833825827,40.998522997,11839,vicon_state_data,ball,1,0,0.451063272,-0.180603778,0.982002769,0.000000000,0.000000000,0.000000000,1.000000000,1,-0.864182937,-0.386474816,0.820809465,0.000000000,0.000000000,0.016274714,0.999867558,13
1782463498.837040424,41.001737595,11840,vicon_state_data,ball,1,0,0.444302548,-0.180758471,0.982241156,0.000000000,0.000000000,0.000000000,1.000000000,1,-0.864394867,-0.386285993,0.820591642,0.000000000,0.000000000,0.015816334,0.999874914,13
1782463498.840493679,41.005190849,11841,vicon_state_data,ball,1,0,0.437606227,-0.180786944,0.982312816,0.000000000,0.000000000,0.000000000,1.000000000,1,-0.863921362,-0.386571380,0.820254856,0.000000000,0.000000000,0.013926941,0.999903015,13
1782463498.843650103,41.008347273,11842,vicon_state_data,ball,1,0,0.430884449,-0.180947049,0.982501805,0.000000000,0.000000000,0.000000000,1.000000000,1,-0.863822412,-0.386564765,0.820141419,0.000000000,0.000000000,0.013417285,0.999909984,13
1782463498.846903086,41.011600256,11843,vicon_state_data,ball,1,0,0.424230273,-0.181066395,0.982575534,0.000000000,0.000000000,0.000000000,1.000000000,1,-0.864461874,-0.386015238,0.820860855,0.000000000,0.000000000,0.018430715,0.999830140,13
1782463498.850358009,41.015055180,11844,vicon_state_data,ball,1,0,0.417574353,-0.181167757,0.982646516,0.000000000,0.000000000,0.000000000,1.000000000,1,-0.864441114,-0.386006484,0.820880044,0.000000000,0.000000000,0.018240864,0.999833622,13
1782463498.854019642,41.018716812,11845,vicon_state_data,ball,1,0,0.410933696,-0.181230549,0.982579661,0.000000000,0.000000000,0.000000000,1.000000000,1,-0.864361718,-0.386026858,0.820828642,0.000000000,0.000000000,0.018020818,0.999837612,13
1782463498.859479904,41.024177074,11846,vicon_state_data,ball,1,0,0.404258078,-0.181372661,0.982395705,0.000000000,0.000000000,0.000000000,1.000000000,1,-0.864320125,-0.385981548,0.820816388,0.000000000,0.000000000,0.017967206,0.999838577,13
1782463498.861054897,41.025752068,11847,vicon_state_data,ball,1,0,0.397662151,-0.181584656,0.982078772,0.000000000,0.000000000,0.000000000,1.000000000,1,-0.864270997,-0.385998818,0.820787604,0.000000000,0.000000000,0.017751899,0.999842423,13
1782463498.863823652,41.028520823,11848,vicon_state_data,ball,1,0,0.391020639,-0.181689383,0.981725156,0.000000000,0.000000000,0.000000000,1.000000000,1,-0.863980856,-0.386194577,0.820344734,0.000000000,0.000000000,0.014674154,0.999892329,13
1782463498.867305040,41.032002211,11849,vicon_state_data,ball,1,0,0.384479261,-0.181892772,0.981216935,0.000000000,0.000000000,0.000000000,1.000000000,1,-0.863943513,-0.386137442,0.820332802,0.000000000,0.000000000,0.014717331,0.999891694,13
1782463498.870371342,41.035068512,11850,vicon_state_data,ball,1,0,0.377870758,-0.182105715,0.980654774,0.000000000,0.000000000,0.000000000,1.000000000,1,-0.863932607,-0.386130631,0.820321040,0.000000000,0.000000000,0.014556717,0.999894045,13
1782463498.873596430,41.038293600,11851,vicon_state_data,ball,1,0,0.371278698,-0.182333194,0.979950166,0.000000000,0.000000000,0.000000000,1.000000000,1,-0.863940693,-0.386052122,0.820350301,0.000000000,0.000000000,0.014923629,0.999888636,13
1782463498.877003193,41.041700363,11852,vicon_state_data,ball,1,0,0.364696874,-0.182483653,0.979065103,0.000000000,0.000000000,0.000000000,1.000000000,1,-0.864168209,-0.385851403,0.820797224,0.000000000,0.000000000,0.017629410,0.999844590,13
1782463498.880171299,41.044868469,11853,vicon_state_data,ball,1,0,0.358198374,-0.182709632,0.977958268,0.000000000,0.000000000,0.000000000,1.000000000,1,-0.864138002,-0.385804963,0.820748601,0.000000000,0.000000000,0.017584538,0.999845380,13
1782463498.883756876,41.048454046,11854,vicon_state_data,ball,1,0,0.351650905,-0.182900205,0.976759230,0.000000000,0.000000000,0.000000000,1.000000000,1,-0.864121276,-0.385784623,0.820717674,0.000000000,0.000000000,0.017554219,0.999845913,13
1782463498.887502193,41.052199364,11855,vicon_state_data,ball,1,0,0.345060572,-0.183159988,0.975404283,0.000000000,0.000000000,0.000000000,1.000000000,1,-0.864108498,-0.385733662,0.820719777,0.000000000,0.000000000,0.017588837,0.999845304,13
1782463498.890982866,41.055680037,11856,vicon_state_data,ball,1,0,0.338501886,-0.183451681,0.973945551,0.000000000,0.000000000,0.000000000,1.000000000,1,-0.864082719,-0.385739671,0.820681376,0.000000000,0.000000000,0.017470170,0.999847385,13
1782463498.894010067,41.058707237,11857,vicon_state_data,ball,1,0,0.331875599,-0.183715258,0.972350162,0.000000000,0.000000000,0.000000000,1.000000000,1,-0.863788381,-0.385927539,0.820221541,0.000000000,0.000000000,0.014430441,0.999895876,13
1782463498.896950722,41.061647892,11858,vicon_state_data,ball,1,0,0.325272589,-0.184051341,0.970553935,0.000000000,0.000000000,0.000000000,1.000000000,1,-0.864048265,-0.385641376,0.820697517,0.000000000,0.000000000,0.017536571,0.999846223,13
1782463498.900181293,41.064878464,11859,vicon_state_data,ball,1,0,0.318613832,-0.184200250,0.968736378,0.000000000,0.000000000,0.000000000,1.000000000,1,-0.864030630,-0.385648019,0.820695812,0.000000000,0.000000000,0.017392787,0.999848734,13
1782463498.903725863,41.068423033,11860,vicon_state_data,ball,1,0,0.311904722,-0.184312065,0.966970199,0.000000000,0.000000000,0.000000000,1.000000000,1,-0.863986149,-0.385587426,0.820663213,0.000000000,0.000000000,0.017335087,0.999849736,13
1782463498.907129526,41.071826696,11861,vicon_state_data,ball,1,0,0.305298509,-0.184351275,0.964894114,0.000000000,0.000000000,0.000000000,1.000000000,1,-0.863947870,-0.385631924,0.820648498,0.000000000,0.000000000,0.017139938,0.999853100,13
1782463498.911124229,41.075821400,11862,vicon_state_data,ball,1,0,0.298700418,-0.184330037,0.962866328,0.000000000,0.000000000,0.000000000,1.000000000,1,-0.864250821,-0.385066100,0.820739217,0.000000000,0.000000000,0.020313597,0.999793658,13
1782463498.913946629,41.078643799,11863,vicon_state_data,ball,1,0,0.292031876,-0.184330402,0.960779059,0.000000000,0.000000000,0.000000000,1.000000000,1,-0.864031782,-0.385303653,0.820544919,0.000000000,0.000000000,0.018351757,0.999831592,13
1782463498.917265654,41.081962824,11864,vicon_state_data,ball,1,0,0.285446784,-0.184329391,0.958618127,0.000000000,0.000000000,0.000000000,1.000000000,1,-0.863953021,-0.385362094,0.820491178,0.000000000,0.000000000,0.017711746,0.999843135,13
1782463498.920891762,41.085588932,11865,vicon_state_data,ball,1,0,0.278862065,-0.184345784,0.956341205,0.000000000,0.000000000,0.000000000,1.000000000,1,-0.863849939,-0.385416013,0.820425107,0.000000000,0.000000000,0.016938917,0.999856526,13
1782463498.923782110,41.088479280,11866,vicon_state_data,ball,1,0,0.272287767,-0.184392249,0.953948295,0.000000000,0.000000000,0.000000000,1.000000000,1,-0.863757162,-0.385470941,0.820347306,0.000000000,0.000000000,0.016161248,0.999869399,13
1782463498.927085638,41.091782808,11867,vicon_state_data,ball,1,0,0.265740879,-0.184504676,0.951403787,0.000000000,0.000000000,0.000000000,1.000000000,1,-0.863657013,-0.385538011,0.820256262,0.000000000,0.000000000,0.015346381,0.999882237,13
1782463498.930473566,41.095170736,11868,vicon_state_data,ball,1,0,0.259220016,-0.184612677,0.948765760,0.000000000,0.000000000,0.000000000,1.000000000,1,-0.863581856,-0.385576849,0.820225843,0.000000000,0.000000000,0.014903072,0.999888943,13
1782463498.933948994,41.098646164,11869,vicon_state_data,ball,1,0,0.252682604,-0.184769161,0.946008747,0.000000000,0.000000000,0.000000000,1.000000000,1,-0.863535738,-0.385646727,0.820194447,0.000000000,0.000000000,0.014523778,0.999894524,13
1782463498.936817169,41.101514339,11870,vicon_state_data,ball,1,0,0.246187384,-0.185001693,0.943232463,0.000000000,0.000000000,0.000000000,1.000000000,1,-0.863498356,-0.385583267,0.820195054,0.000000000,0.000000000,0.014452477,0.999895558,13
1782463498.940352440,41.105049610,11871,vicon_state_data,ball,1,0,0.239702169,-0.185226093,0.940255559,0.000000000,0.000000000,0.000000000,1.000000000,1,-0.863433942,-0.385736484,0.820139623,0.000000000,0.000000000,0.013920548,0.999903104,13
1782463498.943821669,41.108518839,11872,vicon_state_data,ball,1,0,0.233127577,-0.185433669,0.937182693,0.000000000,0.000000000,0.000000000,1.000000000,1,-0.863426655,-0.385656575,0.820171526,0.000000000,0.000000000,0.014032376,0.999901541,13
1782463498.946970224,41.111667395,11873,vicon_state_data,ball,1,0,0.226802071,-0.185991893,0.934031861,0.000000000,0.000000000,0.000000000,1.000000000,1,-0.863416076,-0.385630902,0.820201346,0.000000000,0.000000000,0.013766689,0.999905235,13
1782463498.950690508,41.115387678,11874,vicon_state_data,ball,1,0,0.219951657,-0.185808992,0.930495134,0.000000000,0.000000000,0.000000000,1.000000000,1,-0.863392781,-0.385795212,0.820179016,0.000000000,0.000000000,0.013464753,0.999909346,13
1782463498.954199791,41.118896961,11875,vicon_state_data,ball,1,0,0.213323203,-0.185961127,0.926925989,0.000000000,0.000000000,0.000000000,1.000000000,1,-0.863344035,-0.385710348,0.820141772,0.000000000,0.000000000,0.013372815,0.999910580,13
1782463498.957144737,41.121841908,11876,vicon_state_data,ball,1,0,0.206691448,-0.186038550,0.923239896,0.000000000,0.000000000,0.000000000,1.000000000,1,-0.863352100,-0.385802519,0.820159140,0.000000000,0.000000000,0.013272416,0.999911918,13
1782463498.960445881,41.125143051,11877,vicon_state_data,ball,1,0,0.200090974,-0.186088119,0.919424692,0.000000000,0.000000000,0.000000000,1.000000000,1,-0.863309466,-0.385761438,0.820141742,0.000000000,0.000000000,0.013152085,0.999913508,13
1782463498.963662624,41.128359795,11878,vicon_state_data,ball,1,0,0.193454418,-0.186116015,0.915643820,0.000000000,0.000000000,0.000000000,1.000000000,1,-0.863305693,-0.385813741,0.820136729,0.000000000,0.000000000,0.013033604,0.999915059,13
1782463498.966885805,41.131582975,11879,vicon_state_data,ball,1,0,0.186812764,-0.186140021,0.911841316,0.000000000,0.000000000,0.000000000,1.000000000,1,-0.863317356,-0.385853693,0.820186405,0.000000000,0.000000000,0.012927637,0.999916435,13
1782463498.970189333,41.134886503,11880,vicon_state_data,ball,1,0,0.180254525,-0.186136858,0.908041062,0.000000000,0.000000000,0.000000000,1.000000000,1,-0.863266428,-0.385803371,0.820127163,0.000000000,0.000000000,0.012933521,0.999916359,13
1782463498.973361254,41.138058424,11881,vicon_state_data,ball,1,0,0.173713909,-0.186065610,0.904176500,0.000000000,0.000000000,0.000000000,1.000000000,1,-0.863195065,-0.385818930,0.820064160,0.000000000,0.000000000,0.012509444,0.999921754,13
1782463498.976702690,41.141399860,11882,vicon_state_data,ball,1,0,0.167707221,-0.186611138,0.900195423,0.000000000,0.000000000,0.000000000,1.000000000,1,-0.863186146,-0.385851354,0.820048433,0.000000000,0.000000000,0.012574551,0.999920937,13
1782463498.980087519,41.144784689,11883,vicon_state_data,ball,1,0,0.161227511,-0.186367703,0.896217399,0.000000000,0.000000000,0.000000000,1.000000000,1,-0.863167426,-0.385789686,0.820054504,0.000000000,0.000000000,0.012439310,0.999922629,13
1782463498.983639002,41.148336172,11884,vicon_state_data,ball,1,0,0.154952853,-0.185504613,0.892878815,0.000000000,0.000000000,0.000000000,1.000000000,1,-0.863089548,-0.385640465,0.819998096,0.000000000,0.000000000,0.012304290,0.999924299,13
1782463498.986839294,41.151536465,11885,vicon_state_data,ball,1,0,0.149476063,-0.183010252,0.891384246,0.000000000,0.000000000,0.000000000,1.000000000,1,-0.863075469,-0.385615410,0.820022917,0.000000000,0.000000000,0.012318924,0.999924119,13
1782463498.990126610,41.154823780,11886,vicon_state_data,ball,1,0,0.149414578,-0.181402292,0.893571589,0.000000000,0.000000000,0.000000000,1.000000000,1,-0.863069930,-0.385527885,0.820039070,0.000000000,0.000000000,0.012445716,0.999922549,13
1782463498.993420601,41.158117771,11887,vicon_state_data,ball,1,0,0.149511888,-0.180262649,0.895974432,0.000000000,0.000000000,0.000000000,1.000000000,1,-0.863030324,-0.385519054,0.820004742,0.000000000,0.000000000,0.012416576,0.999922911,13
1782463498.996830702,41.161527872,11888,vicon_state_data,ball,1,0,0.149492892,-0.179122714,0.898446901,0.000000000,0.000000000,0.000000000,1.000000000,1,-0.863026017,-0.385442581,0.820025167,0.000000000,0.000000000,0.012403378,0.999923075,13
1782463499.000133514,41.164830685,11889,vicon_state_data,ball,1,0,0.149909863,-0.177649895,0.900535313,0.000000000,0.000000000,0.000000000,1.000000000,1,-0.863036024,-0.385347813,0.820116744,0.000000000,0.000000000,0.012436646,0.999922662,13
1782463499.003561497,41.168258667,11890,vicon_state_data,ball,1,0,0.150079125,-0.176373609,0.902891953,0.000000000,0.000000000,0.000000000,1.000000000,1,-0.863017000,-0.385322903,0.820086939,0.000000000,0.000000000,0.012507203,0.999921782,13
1782463499.006885052,41.171582222,11891,vicon_state_data,ball,1,0,0.149848633,-0.175218351,0.906063995,0.000000000,0.000000000,0.000000000,1.000000000,1,-0.862979046,-0.385258906,0.820070885,0.000000000,0.000000000,0.012552994,0.999921208,13
1782463499.010100842,41.174798012,11892,vicon_state_data,ball,1,0,0.150162291,-0.175193807,0.908450455,0.000000000,0.000000000,0.000000000,1.000000000,1,-0.862968977,-0.385236720,0.820100033,0.000000000,0.000000000,0.012544576,0.999921314,13
1782463499.013882160,41.178579330,11893,vicon_state_data,ball,1,0,0.149313904,-0.173642471,0.911962651,0.000000000,0.000000000,0.000000000,1.000000000,1,-0.862981725,-0.385120157,0.820167714,0.000000000,0.000000000,0.012738166,0.999918866,13
1782463499.016888857,41.181586027,11894,vicon_state_data,ball,1,0,0.147330181,-0.170747886,0.916135209,0.000000000,0.000000000,0.000000000,1.000000000,1,-0.862941626,-0.385108996,0.820111769,0.000000000,0.000000000,0.012586309,0.999920789,13
