host_time_s,elapsed_s,frame_number,channel,name,ball_valid,ball_occluded,ball_x_m,ball_y_m,ball_z_m,ball_qx,ball_qy,ball_qz,ball_qw,base_valid,base_x_m,base_y_m,base_z_m,base_qx,base_qy,base_qz,base_qw,clean_segment_id
1782463486.246953964,28.411651134,8063,vicon_state_data,ball,1,0,3.028441472,-0.292227989,0.605037878,0.000000000,0.000000000,0.000000000,1.000000000,1,-0.865115658,-0.386843168,0.820196537,0.000000000,0.000000000,0.005072733,0.999987134,9
1782463486.250569105,28.415266275,8064,vicon_state_data,ball,1,0,3.029337665,-0.288912317,0.612175907,0.000000000,0.000000000,0.000000000,1.000000000,1,-0.865138897,-0.386815126,0.820230130,0.000000000,0.000000000,0.005204611,0.999986456,9
1782463486.253469706,28.418166876,8065,vicon_state_data,ball,1,0,3.030339961,-0.287923558,0.617403565,0.000000000,0.000000000,0.000000000,1.000000000,1,-0.865125035,-0.386800953,0.820243009,0.000000000,0.000000000,0.005172743,0.999986621,9
1782463486.256814480,28.421511650,8066,vicon_state_data,ball,1,0,3.031227628,-0.286398459,0.622814858,0.000000000,0.000000000,0.000000000,1.000000000,1,-0.865095394,-0.386816993,0.820230468,0.000000000,0.000000000,0.004942382,0.999987786,9
1782463486.260133743,28.424830914,8067,vicon_state_data,ball,1,0,3.032001900,-0.283620007,0.629365370,0.000000000,0.000000000,0.000000000,1.000000000,1,-0.865078186,-0.386769948,0.820213159,0.000000000,0.000000000,0.004867387,0.999988154,9
1782463486.263348579,28.428045750,8068,vicon_state_data,ball,1,0,3.032826418,-0.281726760,0.634962074,0.000000000,0.000000000,0.000000000,1.000000000,1,-0.865098130,-0.386736079,0.820252831,0.000000000,0.000000000,0.005065089,0.999987172,9
1782463486.266798496,28.431495667,8069,vicon_state_data,ball,1,0,3.033578618,-0.280244572,0.640282646,0.000000000,0.000000000,0.000000000,1.000000000,1,-0.865118027,-0.386692858,0.820286757,0.000000000,0.000000000,0.005246366,0.999986238,9
1782463486.270118475,28.434815645,8070,vicon_state_data,ball,1,0,3.034224092,-0.277889047,0.646122701,0.000000000,0.000000000,0.000000000,1.000000000,1,-0.865109109,-0.386670891,0.820300591,0.000000000,0.000000000,0.005155775,0.999986709,9
1782463486.273272991,28.437970161,8071,vicon_state_data,ball,1,0,3.034850352,-0.276012072,0.651656657,0.000000000,0.000000000,0.000000000,1.000000000,1,-0.865081453,-0.386652356,0.820279790,0.000000000,0.000000000,0.004962382,0.999987687,9
1782463486.276948452,28.441645622,8072,vicon_state_data,ball,1,0,3.035455642,-0.274249955,0.657098786,0.000000000,0.000000000,0.000000000,1.000000000,1,-0.865059909,-0.386609062,0.820241997,0.000000000,0.000000000,0.004968286,0.999987658,9
1782463486.280282974,28.444980145,8073,vicon_state_data,ball,1,0,3.036003185,-0.272531737,0.662375413,0.000000000,0.000000000,0.000000000,1.000000000,1,-0.865067536,-0.386558173,0.820272365,0.000000000,0.000000000,0.005163231,0.999986670,9
1782463486.283598423,28.448295593,8074,vicon_state_data,ball,1,0,3.036509067,-0.270184656,0.668010752,0.000000000,0.000000000,0.000000000,1.000000000,1,-0.865031812,-0.386513297,0.820252980,0.000000000,0.000000000,0.004986232,0.999987569,9
1782463486.286760330,28.451457500,8075,vicon_state_data,ball,1,0,3.036997696,-0.268486926,0.673281285,0.000000000,0.000000000,0.000000000,1.000000000,1,-0.864986411,-0.386518782,0.820235922,0.000000000,0.000000000,0.004809199,0.999988436,9
1782463486.289987564,28.454684734,8076,vicon_state_data,ball,1,0,3.037360952,-0.266665777,0.678477950,0.000000000,0.000000000,0.000000000,1.000000000,1,-0.864992543,-0.386460058,0.820245393,0.000000000,0.000000000,0.004884000,0.999988073,9
1782463486.293317080,28.458014250,8077,vicon_state_data,ball,1,0,3.037646419,-0.264552508,0.683930523,0.000000000,0.000000000,0.000000000,1.000000000,1,-0.864879987,-0.386682285,0.820432227,0.000000000,0.000000000,0.003465383,0.999993996,9
1782463486.296785831,28.461483002,8078,vicon_state_data,ball,1,0,3.037948556,-0.262788693,0.689128117,0.000000000,0.000000000,0.000000000,1.000000000,1,-0.864972340,-0.386409897,0.820249386,0.000000000,0.000000000,0.004633973,0.999989263,9
1782463486.300022364,28.464719534,8079,vicon_state_data,ball,1,0,3.038182350,-0.261033868,0.694172300,0.000000000,0.000000000,0.000000000,1.000000000,1,-0.864958962,-0.386384824,0.820220750,0.000000000,0.000000000,0.004654238,0.999989169,9
1782463486.303256750,28.467953920,8080,vicon_state_data,ball,1,0,3.038353784,-0.259295183,0.699305675,0.000000000,0.000000000,0.000000000,1.000000000,1,-0.864950050,-0.386320602,0.820229732,0.000000000,0.000000000,0.004645473,0.999989210,9
1782463486.306793213,28.471490383,8081,vicon_state_data,ball,1,0,3.038496672,-0.257598601,0.704344997,0.000000000,0.000000000,0.000000000,1.000000000,1,-0.864948731,-0.386261578,0.820233998,0.000000000,0.000000000,0.004776730,0.999988591,9
1782463486.309996128,28.474693298,8082,vicon_state_data,ball,1,0,3.038564418,-0.255407771,0.709687574,0.000000000,0.000000000,0.000000000,1.000000000,1,-0.864934489,-0.386238850,0.820258051,0.000000000,0.000000000,0.004735639,0.999988787,9
1782463486.313344002,28.478041172,8083,vicon_state_data,ball,1,0,3.038595977,-0.253799016,0.714570600,0.000000000,0.000000000,0.000000000,1.000000000,1,-0.864908108,-0.386259443,0.820279268,0.000000000,0.000000000,0.004570107,0.999989557,9
1782463486.316688299,28.481385469,8084,vicon_state_data,ball,1,0,3.038635101,-0.251905662,0.719560468,0.000000000,0.000000000,0.000000000,1.000000000,1,-0.864885678,-0.386249812,0.820254537,0.000000000,0.000000000,0.004432457,0.999990177,9
1782463486.319946527,28.484643698,8085,vicon_state_data,ball,1,0,3.038625059,-0.250249428,0.724316907,0.000000000,0.000000000,0.000000000,1.000000000,1,-0.864886963,-0.386194861,0.820281326,0.000000000,0.000000000,0.004600241,0.999989419,9
1782463486.323278427,28.487975597,8086,vicon_state_data,ball,1,0,3.038528859,-0.248243641,0.729271091,0.000000000,0.000000000,0.000000000,1.000000000,1,-0.864847998,-0.386179393,0.820233682,0.000000000,0.000000000,0.004371769,0.999990444,9
1782463486.326610088,28.491307259,8087,vicon_state_data,ball,1,0,3.038465842,-0.246501547,0.733924826,0.000000000,0.000000000,0.000000000,1.000000000,1,-0.864859156,-0.386107098,0.820243605,0.000000000,0.000000000,0.004497641,0.999989886,9
1782463486.330220699,28.494917870,8088,vicon_state_data,ball,1,0,3.038310250,-0.244687266,0.738533697,0.000000000,0.000000000,0.000000000,1.000000000,1,-0.864822524,-0.386073954,0.820211085,0.000000000,0.000000000,0.004370671,0.999990449,9
1782463486.333406687,28.498103857,8089,vicon_state_data,ball,1,0,3.038185974,-0.242921286,0.743095987,0.000000000,0.000000000,0.000000000,1.000000000,1,-0.864801000,-0.386011138,0.820191354,0.000000000,0.000000000,0.004382541,0.999990397,9
1782463486.336865425,28.501562595,8090,vicon_state_data,ball,1,0,3.037980646,-0.241185563,0.747528428,0.000000000,0.000000000,0.000000000,1.000000000,1,-0.864779169,-0.385970262,0.820186179,0.000000000,0.000000000,0.004332272,0.999990616,9
1782463486.340033531,28.504730701,8091,vicon_state_data,ball,1,0,3.037741720,-0.239285920,0.752015926,0.000000000,0.000000000,0.000000000,1.000000000,1,-0.864707056,-0.385960262,0.820100424,0.000000000,0.000000000,0.003977895,0.999992088,9
1782463486.343475819,28.508172989,8092,vicon_state_data,ball,1,0,3.037505032,-0.237579105,0.756275603,0.000000000,0.000000000,0.000000000,1.000000000,1,-0.864640377,-0.385931755,0.820033396,0.000000000,0.000000000,0.003617833,0.999993456,9
1782463486.346840620,28.511537790,8093,vicon_state_data,ball,1,0,3.037252508,-0.235504302,0.760734276,0.000000000,0.000000000,0.000000000,1.000000000,1,-0.864597444,-0.385916099,0.819989792,0.000000000,0.000000000,0.003186057,0.999994925,9
1782463486.350016594,28.514713764,8094,vicon_state_data,ball,1,0,3.036960595,-0.233832817,0.764799193,0.000000000,0.000000000,0.000000000,1.000000000,1,-0.864570655,-0.386138178,0.820336740,0.000000000,0.000000000,0.002236853,0.999997498,9
1782463486.353457928,28.518155098,8095,vicon_state_data,ball,1,0,3.036668275,-0.231855693,0.769046763,0.000000000,0.000000000,0.000000000,1.000000000,1,-0.864526327,-0.386139269,0.820325830,0.000000000,0.000000000,0.001922747,0.999998152,9
1782463486.356735945,28.521433115,8096,vicon_state_data,ball,1,0,3.036328180,-0.230155640,0.772942014,0.000000000,0.000000000,0.000000000,1.000000000,1,-0.864502991,-0.386029776,0.820310938,0.000000000,0.000000000,0.001964830,0.999998070,9
1782463486.360133648,28.524830818,8097,vicon_state_data,ball,1,0,3.035975140,-0.228133351,0.777178788,0.000000000,0.000000000,0.000000000,1.000000000,1,-0.864474003,-0.386034000,0.820323559,0.000000000,0.000000000,0.001727781,0.999998507,9
1782463486.363523245,28.528220415,8098,vicon_state_data,ball,1,0,3.035559824,-0.226411798,0.781039674,0.000000000,0.000000000,0.000000000,1.000000000,1,-0.864493706,-0.385699530,0.819953872,0.000000000,0.000000000,0.002906147,0.999995777,9
1782463486.366766453,28.531463623,8099,vicon_state_data,ball,1,0,3.035173972,-0.224603869,0.784963839,0.000000000,0.000000000,0.000000000,1.000000000,1,-0.864452965,-0.385911654,0.820296783,0.000000000,0.000000000,0.001664678,0.999998614,9
1782463486.369982719,28.534679890,8100,vicon_state_data,ball,1,0,3.034738031,-0.222908173,0.788765607,0.000000000,0.000000000,0.000000000,1.000000000,1,-0.864413991,-0.385891057,0.820311442,0.000000000,0.000000000,0.001472963,0.999998915,9
1782463486.373585939,28.538283110,8101,vicon_state_data,ball,1,0,3.034242202,-0.220956060,0.792705341,0.000000000,0.000000000,0.000000000,1.000000000,1,-0.864397513,-0.385846443,0.820291577,0.000000000,0.000000000,0.001436907,0.999998968,9
1782463486.376790762,28.541487932,8102,vicon_state_data,ball,1,0,3.033710205,-0.219076209,0.796635363,0.000000000,0.000000000,0.000000000,1.000000000,1,-0.864408568,-0.385758629,0.820287868,0.000000000,0.000000000,0.001595117,0.999998728,9
1782463486.380259275,28.544956446,8103,vicon_state_data,ball,1,0,3.033081252,-0.217227250,0.800399034,0.000000000,0.000000000,0.000000000,1.000000000,1,-0.864411974,-0.385488863,0.819978655,0.000000000,0.000000000,0.002629518,0.999996543,9
1782463486.383408546,28.548105717,8104,vicon_state_data,ball,1,0,3.032478892,-0.215323559,0.804250372,0.000000000,0.000000000,0.000000000,1.000000000,1,-0.864352251,-0.385714452,0.820285404,0.000000000,0.000000000,0.001367122,0.999999065,9
1782463486.386693716,28.551390886,8105,vicon_state_data,ball,1,0,3.031862167,-0.213453147,0.807956749,0.000000000,0.000000000,0.000000000,1.000000000,1,-0.864340009,-0.385250253,0.819899020,0.000000000,0.000000000,0.002458836,0.999996977,9
1782463486.389949799,28.554646969,8106,vicon_state_data,ball,1,0,3.031163156,-0.211331886,0.811808385,0.000000000,0.000000000,0.000000000,1.000000000,1,-0.864367152,-0.385300253,0.819965501,0.000000000,0.000000000,0.002692697,0.999996375,9
1782463486.393357992,28.558055162,8107,vicon_state_data,ball,1,0,3.030465823,-0.209673961,0.815225970,0.000000000,0.000000000,0.000000000,1.000000000,1,-0.864295121,-0.385581900,0.820257501,0.000000000,0.000000000,0.001129885,0.999999362,9
1782463486.396717072,28.561414242,8108,vicon_state_data,ball,1,0,3.029730283,-0.207390079,0.819033630,0.000000000,0.000000000,0.000000000,1.000000000,1,-0.864326348,-0.385216461,0.819926971,0.000000000,0.000000000,0.002607493,0.999996600,9
1782463486.400363922,28.565061092,8109,vicon_state_data,ball,1,0,3.029044507,-0.205732868,0.822375800,0.000000000,0.000000000,0.000000000,1.000000000,1,-0.864225303,-0.385352632,0.820191890,0.000000000,0.000000000,0.001145503,0.999999344,9
1782463486.403695822,28.568392992,8110,vicon_state_data,ball,1,0,3.028246520,-0.203482296,0.826064155,0.000000000,0.000000000,0.000000000,1.000000000,1,-0.864234638,-0.385426567,0.820215512,0.000000000,0.000000000,0.001108525,0.999999386,9
1782463486.407031298,28.571728468,8111,vicon_state_data,ball,1,0,3.027443144,-0.201563839,0.829467883,0.000000000,0.000000000,0.000000000,1.000000000,1,-0.864210161,-0.385407832,0.820191197,0.000000000,0.000000000,0.000941117,0.999999557,9
1782463486.410124540,28.574821711,8112,vicon_state_data,ball,1,0,3.026667140,-0.199564101,0.832881635,0.000000000,0.000000000,0.000000000,1.000000000,1,-0.864213506,-0.385312009,0.820206057,0.000000000,0.000000000,0.001148635,0.999999340,9
1782463486.413339138,28.578036308,8113,vicon_state_data,ball,1,0,3.025844716,-0.197437728,0.836464065,0.000000000,0.000000000,0.000000000,1.000000000,1,-0.864153743,-0.385200917,0.820203291,0.000000000,0.000000000,0.000954592,0.999999544,9
1782463486.416785955,28.581483126,8114,vicon_state_data,ball,1,0,3.024974631,-0.195793952,0.839628403,0.000000000,0.000000000,0.000000000,1.000000000,1,-0.864175844,-0.385232026,0.820229526,0.000000000,0.000000000,0.000793992,0.999999685,9
1782463486.420382500,28.585079670,8115,vicon_state_data,ball,1,0,3.024042960,-0.193537131,0.843240467,0.000000000,0.000000000,0.000000000,1.000000000,1,-0.864162268,-0.385216290,0.820247609,0.000000000,0.000000000,0.000927703,0.999999570,9
1782463486.423372746,28.588069916,8116,vicon_state_data,ball,1,0,3.023199264,-0.191751559,0.846513710,0.000000000,0.000000000,0.000000000,1.000000000,1,-0.864175699,-0.385116752,0.820259555,0.000000000,0.000000000,0.001069327,0.999999428,9
1782463486.426817894,28.591515064,8117,vicon_state_data,ball,1,0,3.022209746,-0.189633023,0.850072520,0.000000000,0.000000000,0.000000000,1.000000000,1,-0.864126047,-0.384957167,0.820197273,0.000000000,0.000000000,0.001005619,0.999999494,9
1782463486.429945230,28.594642401,8118,vicon_state_data,ball,1,0,3.021238117,-0.187751670,0.853405027,0.000000000,0.000000000,0.000000000,1.000000000,1,-0.864144594,-0.384823368,0.820232738,0.000000000,0.000000000,0.001303138,0.999999151,9
1782463486.433396578,28.598093748,8119,vicon_state_data,ball,1,0,3.020287393,-0.186087655,0.856704997,0.000000000,0.000000000,0.000000000,1.000000000,1,-0.864188596,-0.384520828,0.819926538,0.000000000,0.000000000,0.002443165,0.999997015,9
1782463486.436610222,28.601307392,8120,vicon_state_data,ball,1,0,3.019307855,-0.184018939,0.860250966,0.000000000,0.000000000,0.000000000,1.000000000,1,-0.864158129,-0.384828433,0.820284243,0.000000000,0.000000000,0.001246962,0.999999223,9
1782463486.439994097,28.604691267,8121,vicon_state_data,ball,1,0,3.018332619,-0.182385753,0.863516836,0.000000000,0.000000000,0.000000000,1.000000000,1,-0.864072929,-0.384667542,0.820169060,0.000000000,0.000000000,0.001024160,0.999999476,9
1782463486.443252325,28.607949495,8122,vicon_state_data,ball,1,0,3.017356194,-0.180661002,0.866812708,0.000000000,0.000000000,0.000000000,1.000000000,1,-0.864083903,-0.384749179,0.820225825,0.000000000,0.000000000,0.001025423,0.999999474,9
1782463486.446583748,28.611280918,8123,vicon_state_data,ball,1,0,3.016376903,-0.178639002,0.870412839,0.000000000,0.000000000,0.000000000,1.000000000,1,-0.864093269,-0.384614489,0.820243265,0.000000000,0.000000000,0.001250612,0.999999218,9
1782463486.449984789,28.614681959,8124,vicon_state_data,ball,1,0,3.015481500,-0.177133994,0.873657983,0.000000000,0.000000000,0.000000000,1.000000000,1,-0.864073239,-0.384614989,0.820243341,0.000000000,0.000000000,0.001074992,0.999999422,9
1782463486.453400850,28.618098021,8125,vicon_state_data,ball,1,0,3.014605873,-0.175649211,0.876932712,0.000000000,0.000000000,0.000000000,1.000000000,1,-0.864062395,-0.384542358,0.820227306,0.000000000,0.000000000,0.001173988,0.999999311,9
1782463486.456715584,28.621412754,8126,vicon_state_data,ball,1,0,3.013714866,-0.173900334,0.880423505,0.000000000,0.000000000,0.000000000,1.000000000,1,-0.864036687,-0.384493139,0.820250903,0.000000000,0.000000000,0.001123929,0.999999368,9
1782463486.460069418,28.624766588,8127,vicon_state_data,ball,1,0,3.012732798,-0.171322743,0.884468873,0.000000000,0.000000000,0.000000000,1.000000000,1,-0.864389398,-0.383814449,0.820404699,0.000000000,0.000000000,0.001613685,0.999998698,9
1782463486.463253260,28.627950430,8128,vicon_state_data,ball,1,0,3.012109376,-0.170801257,0.886895153,0.000000000,0.000000000,0.000000000,1.000000000,1,-0.864365730,-0.383746943,0.820362074,0.000000000,0.000000000,0.001587448,0.999998740,9
1782463486.466776609,28.631473780,8129,vicon_state_data,ball,1,0,3.011312273,-0.169347955,0.890021500,0.000000000,0.000000000,0.000000000,1.000000000,1,-0.864373467,-0.383713724,0.820395218,0.000000000,0.000000000,0.001641193,0.999998653,9
1782463486.470188618,28.634885788,8130,vicon_state_data,ball,1,0,3.010478933,-0.167867181,0.893158247,0.000000000,0.000000000,0.000000000,1.000000000,1,-0.863174327,-0.384369929,0.820453979,0.000000000,0.000000000,0.000000000,1.000000000,9
1782463486.473350286,28.638047457,8131,vicon_state_data,ball,1,0,3.009678145,-0.166315359,0.896298139,0.000000000,0.000000000,0.000000000,1.000000000,1,-0.863174327,-0.384369929,0.820453979,0.000000000,0.000000000,0.000000000,1.000000000,9
1782463486.476734400,28.641431570,8132,vicon_state_data,ball,1,0,3.008855593,-0.164866584,0.899389378,0.000000000,0.000000000,0.000000000,1.000000000,1,-0.863174327,-0.384369929,0.820453979,0.000000000,0.000000000,0.000000000,1.000000000,9
1782463486.479940653,28.644637823,8133,vicon_state_data,ball,1,0,3.007978309,-0.163564228,0.902355235,0.000000000,0.000000000,0.000000000,1.000000000,1,-0.863174327,-0.384369929,0.820453979,0.000000000,0.000000000,0.000000000,1.000000000,9
1782463486.483239412,28.647936583,8134,vicon_state_data,ball,1,0,3.006875015,-0.161929099,0.905627171,0.000000000,0.000000000,0.000000000,1.000000000,1,-0.863174327,-0.384369929,0.820453979,0.000000000,0.000000000,0.000000000,1.000000000,9
1782463486.486539125,28.651236296,8135,vicon_state_data,ball,1,0,3.006480186,-0.161087143,0.908252100,0.000000000,0.000000000,0.000000000,1.000000000,1,-0.863174327,-0.384369929,0.820453979,0.000000000,0.000000000,0.000000000,1.000000000,9
1782463486.489828587,28.654525757,8136,vicon_state_data,ball,1,0,3.005639799,-0.160734097,0.910576841,0.000000000,0.000000000,0.000000000,1.000000000,1,-0.863174327,-0.384369929,0.820453979,0.000000000,0.000000000,0.000000000,1.000000000,9
1782463486.493311644,28.658008814,8137,vicon_state_data,ball,1,0,3.004200972,-0.157896941,0.914726248,0.000000000,0.000000000,0.000000000,1.000000000,1,-0.863174327,-0.384369929,0.820453979,0.000000000,0.000000000,0.000000000,1.000000000,9
1782463486.496587992,28.661285162,8138,vicon_state_data,ball,1,0,3.002365936,-0.155842285,0.918206253,0.000000000,0.000000000,0.000000000,1.000000000,1,-0.863174327,-0.384369929,0.820453979,0.000000000,0.000000000,0.000000000,1.000000000,9
1782463486.500011921,28.664709091,8139,vicon_state_data,ball,1,0,3.001900823,-0.154698515,0.921179233,0.000000000,0.000000000,0.000000000,1.000000000,1,-0.863174327,-0.384369929,0.820453979,0.000000000,0.000000000,0.000000000,1.000000000,9
1782463486.503205061,28.667902231,8140,vicon_state_data,ball,1,0,3.000959623,-0.153671310,0.923889978,0.000000000,0.000000000,0.000000000,1.000000000,1,-0.863174327,-0.384369929,0.820453979,0.000000000,0.000000000,0.000000000,1.000000000,9
1782463486.506523609,28.671220779,8141,vicon_state_data,ball,1,0,2.999937936,-0.152633306,0.926747199,0.000000000,0.000000000,0.000000000,1.000000000,1,-0.863174327,-0.384369929,0.820453979,0.000000000,0.000000000,0.000000000,1.000000000,9
1782463486.509866953,28.674564123,8142,vicon_state_data,ball,1,0,2.998897868,-0.151456519,0.929590979,0.000000000,0.000000000,0.000000000,1.000000000,1,-0.863174327,-0.384369929,0.820453979,0.000000000,0.000000000,0.000000000,1.000000000,9
1782463486.513190985,28.677888155,8143,vicon_state_data,ball,1,0,2.997762164,-0.150080301,0.932591137,0.000000000,0.000000000,0.000000000,1.000000000,1,-0.863174327,-0.384369929,0.820453979,0.000000000,0.000000000,0.000000000,1.000000000,9
1782463486.516617060,28.681314230,8144,vicon_state_data,ball,1,0,2.996630275,-0.148763386,0.935567449,0.000000000,0.000000000,0.000000000,1.000000000,1,-0.863174327,-0.384369929,0.820453979,0.000000000,0.000000000,0.000000000,1.000000000,9
1782463486.519840240,28.684537411,8145,vicon_state_data,ball,1,0,2.995410456,-0.147220143,0.938685712,0.000000000,0.000000000,0.000000000,1.000000000,1,-0.863174327,-0.384369929,0.820453979,0.000000000,0.000000000,0.000000000,1.000000000,9
1782463486.523757219,28.688454390,8146,vicon_state_data,ball,1,0,2.994336015,-0.146309621,0.941349413,0.000000000,0.000000000,0.000000000,1.000000000,1,-0.863801030,-0.383470546,0.820123445,0.000000000,0.000000000,0.001267813,0.999999196,9
1782463486.526733160,28.691430330,8147,vicon_state_data,ball,1,0,2.993194555,-0.144713656,0.944476452,0.000000000,0.000000000,0.000000000,1.000000000,1,-0.863828970,-0.383241680,0.819898506,0.000000000,0.000000000,0.002089631,0.999997817,9
1782463486.530145884,28.694843054,8148,vicon_state_data,ball,1,0,2.991954074,-0.143228055,0.947547852,0.000000000,0.000000000,0.000000000,1.000000000,1,-0.863822968,-0.383114223,0.819895358,0.000000000,0.000000000,0.001997361,0.999998005,9
1782463486.533758402,28.698455572,8149,vicon_state_data,ball,1,0,2.990845186,-0.141965814,0.950407085,0.000000000,0.000000000,0.000000000,1.000000000,1,-0.863830311,-0.383107511,0.819884101,0.000000000,0.000000000,0.002169095,0.999997648,9
1782463486.536697626,28.701394796,8150,vicon_state_data,ball,1,0,2.989632970,-0.140874752,0.953265062,0.000000000,0.000000000,0.000000000,1.000000000,1,-0.863738840,-0.383180637,0.820047675,0.000000000,0.000000000,0.001037719,0.999999462,9
1782463486.540075779,28.704772949,8151,vicon_state_data,ball,1,0,2.988469223,-0.139236432,0.956403401,0.000000000,0.000000000,0.000000000,1.000000000,1,-0.863870173,-0.383023489,0.819966648,0.000000000,0.000000000,0.002458492,0.999996978,9
1782463486.543265343,28.707962513,8152,vicon_state_data,ball,1,0,2.987253184,-0.137920170,0.959439449,0.000000000,0.000000000,0.000000000,1.000000000,1,-0.863728336,-0.383160430,0.820016357,0.000000000,0.000000000,0.001161662,0.999999325,9
1782463486.546658039,28.711355209,8153,vicon_state_data,ball,1,0,2.986069937,-0.136513766,0.962443013,0.000000000,0.000000000,0.000000000,1.000000000,1,-0.863713892,-0.383121443,0.820027319,0.000000000,0.000000000,0.001101807,0.999999393,9
1782463486.550390005,28.715087175,8154,vicon_state_data,ball,1,0,2.984877797,-0.134925073,0.965708618,0.000000000,0.000000000,0.000000000,1.000000000,1,-0.863729767,-0.382855977,0.819813026,0.000000000,0.000000000,0.001772857,0.999998428,9
1782463486.553565264,28.718262434,8155,vicon_state_data,ball,1,0,2.983747964,-0.133563690,0.968843819,0.000000000,0.000000000,0.000000000,1.000000000,1,-0.863724293,-0.382829948,0.819805813,0.000000000,0.000000000,0.001955035,0.999998089,9
1782463486.556634426,28.721331596,8156,vicon_state_data,ball,1,0,2.982669779,-0.132016578,0.972049199,0.000000000,0.000000000,0.000000000,1.000000000,1,-0.863661570,-0.383003444,0.819982607,0.000000000,0.000000000,0.000997782,0.999999502,9
1782463486.559992552,28.724689722,8157,vicon_state_data,ball,1,0,2.981597880,-0.130666966,0.975299771,0.000000000,0.000000000,0.000000000,1.000000000,1,-0.863705241,-0.382763695,0.819804825,0.000000000,0.000000000,0.001954919,0.999998089,9
1782463486.563384056,28.728081226,8158,vicon_state_data,ball,1,0,2.980639360,-0.129320425,0.978508161,0.000000000,0.000000000,0.000000000,1.000000000,1,-0.863719209,-0.382668888,0.819830049,0.000000000,0.000000000,0.002262702,0.999997440,9
1782463486.566605091,28.731302261,8159,vicon_state_data,ball,1,0,2.979649533,-0.127828910,0.981886694,0.000000000,0.000000000,0.000000000,1.000000000,1,-0.863647709,-0.382822812,0.820006399,0.000000000,0.000000000,0.001152800,0.999999336,9
1782463486.569995165,28.734692335,8160,vicon_state_data,ball,1,0,2.978759481,-0.126503509,0.985215018,0.000000000,0.000000000,0.000000000,1.000000000,1,-0.863762174,-0.382534971,0.820001781,0.000000000,0.000000000,0.002481077,0.999996922,9
1782463486.573338270,28.738035440,8161,vicon_state_data,ball,1,0,2.977881793,-0.125145009,0.988637891,0.000000000,0.000000000,0.000000000,1.000000000,1,-0.863618705,-0.382746387,0.820067521,0.000000000,0.000000000,0.000990239,0.999999510,9
1782463486.576727152,28.741424322,8162,vicon_state_data,ball,1,0,2.977024643,-0.123802659,0.992140711,0.000000000,0.000000000,0.000000000,1.000000000,1,-0.863610431,-0.382763528,0.820057510,0.000000000,0.000000000,0.001002918,0.999999497,9
1782463486.579990387,28.744687557,8163,vicon_state_data,ball,1,0,2.976250577,-0.122658333,0.995536138,0.000000000,0.000000000,0.000000000,1.000000000,1,-0.863773469,-0.382524694,0.820077297,0.000000000,0.000000000,0.002488150,0.999996905,9
1782463486.583285093,28.747982264,8164,vicon_state_data,ball,1,0,2.975477023,-0.121217467,0.999135638,0.000000000,0.000000000,0.000000000,1.000000000,1,-0.863733735,-0.382459102,0.820047938,0.000000000,0.000000000,0.002534746,0.999996788,9
1782463486.586608648,28.751305819,8165,vicon_state_data,ball,1,0,2.974689606,-0.119999378,1.002672655,0.000000000,0.000000000,0.000000000,1.000000000,1,-0.863703494,-0.382400230,0.820015145,0.000000000,0.000000000,0.002568135,0.999996702,9
1782463486.589947701,28.754644871,8166,vicon_state_data,ball,1,0,2.973981121,-0.118621276,1.006463345,0.000000000,0.000000000,0.000000000,1.000000000,1,-0.863608053,-0.382636829,0.820141842,0.000000000,0.000000000,0.001191917,0.999999290,9
1782463486.593442917,28.758140087,8167,vicon_state_data,ball,1,0,2.973255998,-0.117505179,1.010090309,0.000000000,0.000000000,0.000000000,1.000000000,1,-0.863694306,-0.382355326,0.820032499,0.000000000,0.000000000,0.002559414,0.999996725,9
1782463486.596947432,28.761644602,8168,vicon_state_data,ball,1,0,2.972617080,-0.116457323,1.013760941,0.000000000,0.000000000,0.000000000,1.000000000,1,-0.863709191,-0.382342047,0.820060736,0.000000000,0.000000000,0.002622389,0.999996562,9
1782463486.600269079,28.764966249,8169,vicon_state_data,ball,1,0,2.971977525,-0.115115351,1.017648998,0.000000000,0.000000000,0.000000000,1.000000000,1,-0.863692969,-0.382322169,0.820039801,0.000000000,0.000000000,0.002507884,0.999996855,9
1782463486.603466988,28.768164158,8170,vicon_state_data,ball,1,0,2.971394296,-0.114281398,1.021335099,0.000000000,0.000000000,0.000000000,1.000000000,1,-0.863674984,-0.382172801,0.820058486,0.000000000,0.000000000,0.002360785,0.999997213,9
1782463486.606862783,28.771559954,8171,vicon_state_data,ball,1,0,2.970816398,-0.112969911,1.025279938,0.000000000,0.000000000,0.000000000,1.000000000,1,-0.863660696,-0.382140152,0.820048225,0.000000000,0.000000000,0.002330516,0.999997284,9
1782463486.610124826,28.774821997,8172,vicon_state_data,ball,1,0,2.971061629,-0.112621855,1.028673370,0.000000000,0.000000000,0.000000000,1.000000000,1,-0.863608333,-0.382084337,0.819957061,0.000000000,0.000000000,0.002157261,0.999997673,9
1782463486.613416195,28.778113365,8173,vicon_state_data,ball,1,0,2.970776414,-0.111614607,1.032564061,0.000000000,0.000000000,0.000000000,1.000000000,1,-0.863528608,-0.382313379,0.820087562,0.000000000,0.000000000,0.000945313,0.999999553,9
1782463486.616724253,28.781421423,8174,vicon_state_data,ball,1,0,2.970390797,-0.110785679,1.036413998,0.000000000,0.000000000,0.000000000,1.000000000,1,-0.863637642,-0.382107602,0.820052262,0.000000000,0.000000000,0.002248687,0.999997472,9
1782463486.619946718,28.784643888,8175,vicon_state_data,ball,1,0,2.970074266,-0.109684392,1.040504768,0.000000000,0.000000000,0.000000000,1.000000000,1,-0.863535855,-0.381993351,0.819901172,0.000000000,0.000000000,0.001883279,0.999998227,9
1782463486.623281240,28.787978411,8176,vicon_state_data,ball,1,0,2.969934324,-0.108934004,1.044376209,0.000000000,0.000000000,0.000000000,1.000000000,1,-0.863642483,-0.381992841,0.820062560,0.000000000,0.000000000,0.002459211,0.999996976,9
1782463486.626925707,28.791622877,8177,vicon_state_data,ball,1,0,2.968820509,-0.107776651,1.049236524,0.000000000,0.000000000,0.000000000,1.000000000,1,-0.863594120,-0.381899794,0.820026754,0.000000000,0.000000000,0.002203050,0.999997573,9
1782463486.630125523,28.794822693,8178,vicon_state_data,ball,1,0,2.968966284,-0.107152299,1.053119404,0.000000000,0.000000000,0.000000000,1.000000000,1,-0.863603997,-0.381824101,0.820065330,0.000000000,0.000000000,0.002365085,0.999997203,9
1782463486.633332253,28.798029423,8179,vicon_state_data,ball,1,0,2.968896711,-0.106228696,1.057213204,0.000000000,0.000000000,0.000000000,1.000000000,1,-0.863580315,-0.381796081,0.820097642,0.000000000,0.000000000,0.002264416,0.999997436,9
1782463486.636617899,28.801315069,8180,vicon_state_data,ball,1,0,2.968693105,-0.105306073,1.061429162,0.000000000,0.000000000,0.000000000,1.000000000,1,-0.863560628,-0.381730897,0.820095040,0.000000000,0.000000000,0.002209525,0.999997559,9
1782463486.639942884,28.804640055,8181,vicon_state_data,ball,1,0,2.968577510,-0.104399878,1.065774331,0.000000000,0.000000000,0.000000000,1.000000000,1,-0.863598319,-0.381728136,0.820199918,0.000000000,0.000000000,0.002316452,0.999997317,9
1782463486.643595457,28.808292627,8182,vicon_state_data,ball,1,0,2.968439812,-0.103563676,1.070023306,0.000000000,0.000000000,0.000000000,1.000000000,1,-0.863594329,-0.381689489,0.820194857,0.000000000,0.000000000,0.002377973,0.999997173,9
1782463486.646831989,28.811529160,8183,vicon_state_data,ball,1,0,2.968347398,-0.102786865,1.074342341,0.000000000,0.000000000,0.000000000,1.000000000,1,-0.863575325,-0.381603912,0.820133176,0.000000000,0.000000000,0.002375974,0.999997177,9
1782463486.650149107,28.814846277,8184,vicon_state_data,ball,1,0,2.968223540,-0.101788399,1.078829807,0.000000000,0.000000000,0.000000000,1.000000000,1,-0.863597801,-0.381607283,0.820202026,0.000000000,0.000000000,0.002268114,0.999997428,9
1782463486.653281689,28.817978859,8185,vicon_state_data,ball,1,0,2.968107104,-0.100998516,1.083160970,0.000000000,0.000000000,0.000000000,1.000000000,1,-0.863569130,-0.381482314,0.820175258,0.000000000,0.000000000,0.002561735,0.999996719,9
1782463486.656970024,28.821667194,8186,vicon_state_data,ball,1,0,2.968111578,-0.100183721,1.087784351,0.000000000,0.000000000,0.000000000,1.000000000,1,-0.863600538,-0.381522716,0.820237194,0.000000000,0.000000000,0.002334975,0.999997274,9
1782463486.662702084,28.827399254,8187,vicon_state_data,ball,1,0,2.967881641,-0.099399627,1.091946982,0.000000000,0.000000000,0.000000000,1.000000000,1,-0.863509545,-0.381456559,0.820160836,0.000000000,0.000000000,0.002280154,0.999997400,9
1782463486.663472176,28.828169346,8188,vicon_state_data,ball,1,0,2.967844824,-0.098497452,1.096454754,0.000000000,0.000000000,0.000000000,1.000000000,1,-0.863725755,-0.381385244,0.820416219,0.000000000,0.000000000,0.002987257,0.999995538,9
1782463486.666865349,28.831562519,8189,vicon_state_data,ball,1,0,2.967809696,-0.097813538,1.100769049,0.000000000,0.000000000,0.000000000,1.000000000,1,-0.863561810,-0.381435939,0.820272140,0.000000000,0.000000000,0.002229656,0.999997514,9
1782463486.669976950,28.834674120,8190,vicon_state_data,ball,1,0,2.967748338,-0.097128230,1.104997169,0.000000000,0.000000000,0.000000000,1.000000000,1,-0.863573829,-0.381416491,0.820294801,0.000000000,0.000000000,0.002309225,0.999997334,9
1782463486.673366308,28.838063478,8191,vicon_state_data,ball,1,0,2.967846023,-0.096362250,1.109494530,0.000000000,0.000000000,0.000000000,1.000000000,1,-0.863545134,-0.381355439,0.820267603,0.000000000,0.000000000,0.002248164,0.999997473,9
1782463486.676695108,28.841392279,8192,vicon_state_data,ball,1,0,2.967749063,-0.095731993,1.113610728,0.000000000,0.000000000,0.000000000,1.000000000,1,-0.863528728,-0.381376754,0.820244909,0.000000000,0.000000000,0.002076480,0.999997844,9
1782463486.679953575,28.844650745,8193,vicon_state_data,ball,1,0,2.967793906,-0.095031843,1.117893562,0.000000000,0.000000000,0.000000000,1.000000000,1,-0.863540180,-0.381309304,0.820292462,0.000000000,0.000000000,0.002221636,0.999997532,9
1782463486.683767319,28.848464489,8194,vicon_state_data,ball,1,0,2.967800362,-0.094526644,1.121868401,0.000000000,0.000000000,0.000000000,1.000000000,1,-0.863502746,-0.381252653,0.820245145,0.000000000,0.000000000,0.002019385,0.999997961,9
1782463486.686757088,28.851454258,8195,vicon_state_data,ball,1,0,2.967787314,-0.093918954,1.125997180,0.000000000,0.000000000,0.000000000,1.000000000,1,-0.863482919,-0.381234597,0.820256637,0.000000000,0.000000000,0.002025581,0.999997949,9
1782463486.690134287,28.854831457,8196,vicon_state_data,ball,1,0,2.967836481,-0.093391183,1.130096056,0.000000000,0.000000000,0.000000000,1.000000000,1,-0.863486152,-0.381173912,0.820279030,0.000000000,0.000000000,0.002075411,0.999997846,9
1782463486.693452120,28.858149290,8197,vicon_state_data,ball,1,0,2.967874628,-0.092726429,1.134221744,0.000000000,0.000000000,0.000000000,1.000000000,1,-0.863463253,-0.381168695,0.820254674,0.000000000,0.000000000,0.001944838,0.999998109,9
1782463486.696748734,28.861445904,8198,vicon_state_data,ball,1,0,2.967962170,-0.092073018,1.137927066,0.000000000,0.000000000,0.000000000,1.000000000,1,-0.863498001,-0.381138819,0.820321740,0.000000000,0.000000000,0.002159087,0.999997669,9
1782463486.700023413,28.864720583,8199,vicon_state_data,ball,1,0,2.967914744,-0.091765972,1.142109829,0.000000000,0.000000000,0.000000000,1.000000000,1,-0.863457775,-0.381081061,0.820291492,0.000000000,0.000000000,0.002076504,0.999997844,9
1782463486.703451157,28.868148327,8200,vicon_state_data,ball,1,0,2.968088005,-0.091005903,1.145533109,0.000000000,0.000000000,0.000000000,1.000000000,1,-0.863435829,-0.381067905,0.820337638,0.000000000,0.000000000,0.001909331,0.999998177,9
1782463486.706984043,28.871681213,8201,vicon_state_data,ball,1,0,2.968001635,-0.090895015,1.149830862,0.000000000,0.000000000,0.000000000,1.000000000,1,-0.863615571,-0.380922045,0.820520210,0.000000000,0.000000000,0.002842737,0.999995959,9
1782463486.710231543,28.874928713,8202,vicon_state_data,ball,1,0,2.968036356,-0.090136330,1.153217663,0.000000000,0.000000000,0.000000000,1.000000000,1,-0.863596164,-0.380867938,0.820501190,0.000000000,0.000000000,0.002869594,0.999995883,9
1782463486.713335752,28.878032923,8203,vicon_state_data,ball,1,0,2.967986998,-0.090126418,1.157351772,0.000000000,0.000000000,0.000000000,1.000000000,1,-0.863636816,-0.380819738,0.820562067,0.000000000,0.000000000,0.003049141,0.999995351,9
1782463486.716692686,28.881389856,8204,vicon_state_data,ball,1,0,2.968027014,-0.089530235,1.160499566,0.000000000,0.000000000,0.000000000,1.000000000,1,-0.863622322,-0.380782564,0.820556699,0.000000000,0.000000000,0.002918431,0.999995741,9
1782463486.719986677,28.884683847,8205,vicon_state_data,ball,1,0,2.968015584,-0.089113965,1.164039702,0.000000000,0.000000000,0.000000000,1.000000000,1,-0.863636767,-0.380773258,0.820565749,0.000000000,0.000000000,0.003027635,0.999995417,9
1782463486.723365545,28.888062716,8206,vicon_state_data,ball,1,0,2.968070286,-0.088815266,1.167454653,0.000000000,0.000000000,0.000000000,1.000000000,1,-0.863596923,-0.380757186,0.820551881,0.000000000,0.000000000,0.002776796,0.999996145,9
1782463486.726620436,28.891317606,8207,vicon_state_data,ball,1,0,2.967995826,-0.088579159,1.170687868,0.000000000,0.000000000,0.000000000,1.000000000,1,-0.863595364,-0.380708103,0.820536377,0.000000000,0.000000000,0.002797576,0.999996087,9
1782463486.730114222,28.894811392,8208,vicon_state_data,ball,1,0,2.968129464,-0.088287129,1.174034585,0.000000000,0.000000000,0.000000000,1.000000000,1,-0.863603291,-0.380659159,0.820525144,0.000000000,0.000000000,0.002850741,0.999995937,9
1782463486.733499765,28.898196936,8209,vicon_state_data,ball,1,0,2.968060826,-0.087977588,1.177088054,0.000000000,0.000000000,0.000000000,1.000000000,1,-0.863600432,-0.380625171,0.820544704,0.000000000,0.000000000,0.002850758,0.999995937,9
1782463486.737205505,28.901902676,8210,vicon_state_data,ball,1,0,2.968039775,-0.087719542,1.180235529,0.000000000,0.000000000,0.000000000,1.000000000,1,-0.863605543,-0.380550487,0.820516354,0.000000000,0.000000000,0.002995820,0.999995513,9
1782463486.740111828,28.904808998,8211,vicon_state_data,ball,1,0,2.968037506,-0.087391788,1.183173951,0.000000000,0.000000000,0.000000000,1.000000000,1,-0.863233113,-0.380757425,0.820188089,0.000000000,0.000000000,0.000603471,0.999999818,9
1782463486.743281603,28.907978773,8212,vicon_state_data,ball,1,0,2.968070252,-0.087226131,1.186037936,0.000000000,0.000000000,0.000000000,1.000000000,1,-0.863273508,-0.380670151,0.820237793,0.000000000,0.000000000,0.000871054,0.999999621,9
1782463486.746799469,28.911496639,8213,vicon_state_data,ball,1,0,2.968127277,-0.087049911,1.188605165,0.000000000,0.000000000,0.000000000,1.000000000,1,-0.863239023,-0.380663778,0.820218692,0.000000000,0.000000000,0.000771491,0.999999702,9
1782463486.750263691,28.914960861,8214,vicon_state_data,ball,1,0,2.968019151,-0.086712629,1.191354106,0.000000000,0.000000000,0.000000000,1.000000000,1,-0.863505771,-0.380444185,0.820433420,0.000000000,0.000000000,0.002415288,0.999997083,9
1782463486.753747940,28.918445110,8215,vicon_state_data,ball,1,0,2.968079984,-0.086533132,1.193853087,0.000000000,0.000000000,0.000000000,1.000000000,1,-0.863468906,-0.380366498,0.820375059,0.000000000,0.000000000,0.002567630,0.999996704,9
1782463486.756834269,28.921531439,8216,vicon_state_data,ball,1,0,2.968104535,-0.086444506,1.196290799,0.000000000,0.000000000,0.000000000,1.000000000,1,-0.863359407,-0.380333343,0.820232203,0.000000000,0.000000000,0.001849586,0.999998290,9
1782463486.759999037,28.924696207,8217,vicon_state_data,ball,1,0,2.968271338,-0.086110946,1.198218235,0.000000000,0.000000000,0.000000000,1.000000000,1,-0.863257122,-0.380547832,0.820272167,0.000000000,0.000000000,0.000163674,0.999999987,9
1782463486.763436079,28.928133249,8218,vicon_state_data,ball,1,0,2.968289088,-0.085934348,1.200350859,0.000000000,0.000000000,0.000000000,1.000000000,1,-0.863314120,-0.380246526,0.820206591,0.000000000,0.000000000,0.001813868,0.999998355,9
1782463486.766810656,28.931507826,8219,vicon_state_data,ball,1,0,2.968312099,-0.085828757,1.202519379,0.000000000,0.000000000,0.000000000,1.000000000,1,-0.863270703,-0.380481410,0.820331995,0.000000000,0.000000000,0.000276867,0.999999962,9
1782463486.770081997,28.934779167,8220,vicon_state_data,ball,1,0,2.968340816,-0.085446698,1.204432539,0.000000000,0.000000000,0.000000000,1.000000000,1,-0.863336089,-0.380176956,0.820280693,0.000000000,0.000000000,0.001773612,0.999998427,9
1782463486.773360491,28.938057661,8221,vicon_state_data,ball,1,0,2.968301159,-0.085278905,1.206484304,0.000000000,0.000000000,0.000000000,1.000000000,1,-0.863411073,-0.380108172,0.820410467,0.000000000,0.000000000,0.002320010,0.999997309,9
1782463486.776618719,28.941315889,8222,vicon_state_data,ball,1,0,2.968353483,-0.085200047,1.208246755,0.000000000,0.000000000,0.000000000,1.000000000,1,-0.863275767,-0.380361810,0.820409806,0.000000000,0.000000000,0.000403523,0.999999919,9
1782463486.779990196,28.944687366,8223,vicon_state_data,ball,1,0,2.968471098,-0.084965316,1.209746521,0.000000000,0.000000000,0.000000000,1.000000000,1,-0.863271717,-0.380344819,0.820401027,0.000000000,0.000000000,0.000457280,0.999999895,9
1782463486.783946037,28.948643208,8224,vicon_state_data,ball,1,0,2.968397921,-0.084846832,1.211480873,0.000000000,0.000000000,0.000000000,1.000000000,1,-0.863262489,-0.380321706,0.820417704,0.000000000,0.000000000,0.000430062,0.999999908,9
1782463486.787225246,28.951922417,8225,vicon_state_data,ball,1,0,2.968378974,-0.084513367,1.213004998,0.000000000,0.000000000,0.000000000,1.000000000,1,-0.863248191,-0.380267102,0.820418050,0.000000000,0.000000000,0.000422773,0.999999911,9
1782463486.790259123,28.954956293,8226,vicon_state_data,ball,1,0,2.968495630,-0.084354904,1.214263346,0.000000000,0.000000000,0.000000000,1.000000000,1,-0.863254364,-0.379999827,0.820246433,0.000000000,0.000000000,0.001443707,0.999998958,9
1782463486.793413401,28.958110571,8227,vicon_state_data,ball,1,0,2.968584390,-0.084321376,1.215533288,0.000000000,0.000000000,0.000000000,1.000000000,1,-0.863221322,-0.380178230,0.820403277,0.000000000,0.000000000,0.000397422,0.999999921,9
1782463486.796671629,28.961368799,8228,vicon_state_data,ball,1,0,2.968680954,-0.084045067,1.216587093,0.000000000,0.000000000,0.000000000,1.000000000,1,-0.863243321,-0.380097171,0.820391230,0.000000000,0.000000000,0.000540360,0.999999854,9
1782463486.800125360,28.964822531,8229,vicon_state_data,ball,1,0,2.968708521,-0.083895901,1.217587612,0.000000000,0.000000000,0.000000000,1.000000000,1,-0.863239218,-0.379940533,0.820253972,0.000000000,0.000000000,0.001265726,0.999999199,9
1782463486.803307056,28.968004227,8230,vicon_state_data,ball,1,0,2.968689535,-0.083837499,1.218599816,0.000000000,0.000000000,0.000000000,1.000000000,1,-0.863214417,-0.380086972,0.820367651,0.000000000,0.000000000,0.000330079,0.999999946,9
1782463486.806754112,28.971451283,8231,vicon_state_data,ball,1,0,2.968729174,-0.083623778,1.219343623,0.000000000,0.000000000,0.000000000,1.000000000,1,-0.863181939,-0.380060238,0.820339091,0.000000000,0.000000000,0.000146520,0.999999989,9
1782463486.810300112,28.974997282,8232,vicon_state_data,ball,1,0,2.968741739,-0.083516596,1.220112549,0.000000000,0.000000000,0.000000000,1.000000000,1,-0.863214971,-0.379781976,0.820201519,0.000000000,0.000000000,0.001278718,0.999999182,9
1782463486.813583136,28.978280306,8233,vicon_state_data,ball,1,0,2.968770454,-0.083322392,1.220671350,0.000000000,0.000000000,0.000000000,1.000000000,1,-0.863155919,-0.379968090,0.820284102,0.000000000,0.000000000,0.000048642,0.999999999,9
1782463486.816776276,28.981473446,8234,vicon_state_data,ball,1,0,2.968691165,-0.083034752,1.221227362,0.000000000,0.000000000,0.000000000,1.000000000,1,-0.863239547,-0.379728402,0.820223589,0.000000000,0.000000000,0.001375312,0.999999054,9
1782463486.820167780,28.984864950,8235,vicon_state_data,ball,1,0,2.968713228,-0.082989980,1.221613013,0.000000000,0.000000000,0.000000000,1.000000000,1,-0.863240403,-0.379704374,0.820220183,0.000000000,0.000000000,0.001315430,0.999999135,9
1782463486.823517323,28.988214493,8236,vicon_state_data,ball,1,0,2.968757676,-0.082787185,1.221925707,0.000000000,0.000000000,0.000000000,1.000000000,1,-0.863191246,-0.379933707,0.820356316,0.000000000,0.000000000,0.000031723,0.999999999,9
1782463486.826847553,28.991544724,8237,vicon_state_data,ball,1,0,2.968787897,-0.082684513,1.222093467,0.000000000,0.000000000,0.000000000,1.000000000,1,-0.863114673,-0.379865355,0.820263074,0.000000000,0.000000000,-0.000230168,0.999999974,9
1782463486.830173492,28.994870663,8238,vicon_state_data,ball,1,0,2.968819996,-0.082552467,1.222121460,0.000000000,0.000000000,0.000000000,1.000000000,1,-0.863152031,-0.379590952,0.820170080,0.000000000,0.000000000,0.000970316,0.999999529,9
1782463486.833461523,28.998158693,8239,vicon_state_data,ball,1,0,2.968822944,-0.082346526,1.222104732,0.000000000,0.000000000,0.000000000,1.000000000,1,-0.863123145,-0.379799366,0.820299499,0.000000000,0.000000000,-0.000214038,0.999999977,9
1782463486.836750507,29.001447678,8240,vicon_state_data,ball,1,0,2.968786915,-0.082064173,1.221979620,0.000000000,0.000000000,0.000000000,1.000000000,1,-0.863178835,-0.379474156,0.820250427,0.000000000,0.000000000,0.001081935,0.999999415,9
1782463486.840040207,29.004737377,8241,vicon_state_data,ball,1,0,2.968774739,-0.081788547,1.221767926,0.000000000,0.000000000,0.000000000,1.000000000,1,-0.863042131,-0.379735164,0.820236775,0.000000000,0.000000000,-0.000700187,0.999999755,9
1782463486.843485594,29.008182764,8242,vicon_state_data,ball,1,0,2.969134221,-0.081343130,1.220818715,0.000000000,0.000000000,0.000000000,1.000000000,1,-0.863051203,-0.379633583,0.820274321,0.000000000,0.000000000,-0.000362805,0.999999934,9
1782463486.847257376,29.011954546,8243,vicon_state_data,ball,1,0,2.969101248,-0.081242333,1.220369290,0.000000000,0.000000000,0.000000000,1.000000000,1,-0.862669289,-0.379831571,0.819984397,0.000000000,0.000000000,-0.002335599,0.999997272,9
1782463486.850330591,29.015027761,8244,vicon_state_data,ball,1,0,2.969068108,-0.081156349,1.219773253,0.000000000,0.000000000,0.000000000,1.000000000,1,-0.862627279,-0.379870151,0.819978228,0.000000000,0.000000000,-0.002684605,0.999996396,9
1782463486.853440046,29.018137217,8245,vicon_state_data,ball,1,0,2.969125746,-0.080898600,1.219094098,0.000000000,0.000000000,0.000000000,1.000000000,1,-0.862723882,-0.379551306,0.819804147,0.000000000,0.000000000,-0.000953480,0.999999545,9
1782463486.857017040,29.021714211,8246,vicon_state_data,ball,1,0,2.969128887,-0.080761542,1.218304196,0.000000000,0.000000000,0.000000000,1.000000000,1,-0.862624210,-0.379753190,0.819972020,0.000000000,0.000000000,-0.002591394,0.999996642,9
1782463486.860209942,29.024907112,8247,vicon_state_data,ball,1,0,2.969102697,-0.080579224,1.217461284,0.000000000,0.000000000,0.000000000,1.000000000,1,-0.862621043,-0.379725625,0.819990161,0.000000000,0.000000000,-0.002623246,0.999996559,9
1782463486.863399029,29.028096199,8248,vicon_state_data,ball,1,0,2.969094871,-0.080487180,1.216452172,0.000000000,0.000000000,0.000000000,1.000000000,1,-0.862671779,-0.379626865,0.820041203,0.000000000,0.000000000,-0.002205088,0.999997569,9
1782463486.866813183,29.031510353,8249,vicon_state_data,ball,1,0,2.969078674,-0.080342485,1.215352916,0.000000000,0.000000000,0.000000000,1.000000000,1,-0.862643200,-0.379648130,0.820029878,0.000000000,0.000000000,-0.002357696,0.999997221,9
1782463486.869997501,29.034694672,8250,vicon_state_data,ball,1,0,2.969059051,-0.080127505,1.214163140,0.000000000,0.000000000,0.000000000,1.000000000,1,-0.862741649,-0.379324432,0.819843762,0.000000000,0.000000000,-0.000788560,0.999999689,9
1782463486.873267174,29.037964344,8251,vicon_state_data,ball,1,0,2.969057070,-0.079997221,1.212815588,0.000000000,0.000000000,0.000000000,1.000000000,1,-0.862682328,-0.379569002,0.820102655,0.000000000,0.000000000,-0.002090648,0.999997815,9
1782463486.876586676,29.041283846,8252,vicon_state_data,ball,1,0,2.968993214,-0.079820282,1.211366072,0.000000000,0.000000000,0.000000000,1.000000000,1,-0.862664835,-0.379535644,0.820000603,0.000000000,0.000000000,-0.002195843,0.999997589,9
1782463486.879919052,29.044616222,8253,vicon_state_data,ball,1,0,2.968967162,-0.079706610,1.209838109,0.000000000,0.000000000,0.000000000,1.000000000,1,-0.862676163,-0.379491564,0.820000140,0.000000000,0.000000000,-0.002068820,0.999997860,9
1782463486.883984566,29.048681736,8254,vicon_state_data,ball,1,0,2.968885882,-0.079576979,1.208112248,0.000000000,0.000000000,0.000000000,1.000000000,1,-0.862742266,-0.379192017,0.819784603,0.000000000,0.000000000,-0.000737872,0.999999728,9
1782463486.886764765,29.051461935,8255,vicon_state_data,ball,1,0,2.968837297,-0.079390311,1.206354247,0.000000000,0.000000000,0.000000000,1.000000000,1,-0.862727563,-0.379170579,0.819781446,0.000000000,0.000000000,-0.000826071,0.999999659,9
1782463486.890241385,29.054938555,8256,vicon_state_data,ball,1,0,2.968225089,-0.079178972,1.204636880,0.000000000,0.000000000,0.000000000,1.000000000,1,-0.862735753,-0.379147308,0.819779325,0.000000000,0.000000000,-0.000722733,0.999999739,9
1782463486.893354416,29.058051586,8257,vicon_state_data,ball,1,0,2.957101324,-0.078817256,1.200484588,0.000000000,0.000000000,0.000000000,1.000000000,1,-0.862620485,-0.379360439,0.819975220,0.000000000,0.000000000,-0.002080381,0.999997836,9
1782463486.896605730,29.061302900,8258,vicon_state_data,ball,1,0,2.942837697,-0.078514165,1.195759981,0.000000000,0.000000000,0.000000000,1.000000000,1,-0.862650136,-0.379337309,0.819973756,0.000000000,0.000000000,-0.002040679,0.999997918,9
1782463486.899970770,29.064667940,8259,vicon_state_data,ball,1,0,2.928159912,-0.078367886,1.190962155,0.000000000,0.000000000,0.000000000,1.000000000,1,-0.862669724,-0.379320369,0.820015393,0.000000000,0.000000000,-0.001932489,0.999998133,9
1782463486.903355122,29.068052292,8260,vicon_state_data,ball,1,0,2.913245200,-0.078236286,1.185935944,0.000000000,0.000000000,0.000000000,1.000000000,1,-0.862696815,-0.379000250,0.819814796,0.000000000,0.000000000,-0.000694129,0.999999759,9
1782463486.906916380,29.071613550,8261,vicon_state_data,ball,1,0,2.898681627,-0.077696921,1.181301923,0.000000000,0.000000000,0.000000000,1.000000000,1,-0.862699187,-0.378994995,0.819832066,0.000000000,0.000000000,-0.000617493,0.999999809,9
1782463486.910151958,29.074849129,8262,vicon_state_data,ball,1,0,2.883942886,-0.077233339,1.176447450,0.000000000,0.000000000,0.000000000,1.000000000,1,-0.862638323,-0.379150549,0.820006693,0.000000000,0.000000000,-0.001897350,0.999998200,9
1782463486.913452625,29.078149796,8263,vicon_state_data,ball,1,0,2.869238952,-0.076751226,1.171489595,0.000000000,0.000000000,0.000000000,1.000000000,1,-0.862607241,-0.379274939,0.820002467,0.000000000,0.000000000,-0.002432572,0.999997041,9
1782463486.916748762,29.081445932,8264,vicon_state_data,ball,1,0,2.854677924,-0.076436611,1.166571651,0.000000000,0.000000000,0.000000000,1.000000000,1,-0.862607533,-0.379138318,0.820012926,0.000000000,0.000000000,-0.002122783,0.999997747,9
1782463486.920058012,29.084755182,8265,vicon_state_data,ball,1,0,2.840243147,-0.075954770,1.161565225,0.000000000,0.000000000,0.000000000,1.000000000,1,-0.862686445,-0.378884212,0.819821262,0.000000000,0.000000000,-0.000952028,0.999999547,9
1782463486.923626661,29.088323832,8266,vicon_state_data,ball,1,0,2.825753466,-0.075389092,1.156482273,0.000000000,0.000000000,0.000000000,1.000000000,1,-0.862604849,-0.379093944,0.820027232,0.000000000,0.000000000,-0.002296092,0.999997364,9
1782463486.926889181,29.091586351,8267,vicon_state_data,ball,1,0,2.811328876,-0.074900128,1.151275329,0.000000000,0.000000000,0.000000000,1.000000000,1,-0.862755007,-0.378739405,0.819990664,0.000000000,0.000000000,-0.000668474,0.999999777,9
1782463486.930799961,29.095497131,8268,vicon_state_data,ball,1,0,2.796807274,-0.074532630,1.145895878,0.000000000,0.000000000,0.000000000,1.000000000,1,-0.862554531,-0.379014484,0.819928211,0.000000000,0.000000000,-0.002342065,0.999997257,9
1782463486.933696032,29.098393202,8269,vicon_state_data,ball,1,0,2.782348147,-0.074338276,1.140304560,0.000000000,0.000000000,0.000000000,1.000000000,1,-0.862558972,-0.378991471,0.819962344,0.000000000,0.000000000,-0.002330087,0.999997285,9
1782463486.936932564,29.101629734,8270,vicon_state_data,ball,1,0,2.767798999,-0.074131787,1.134541980,0.000000000,0.000000000,0.000000000,1.000000000,1,-0.862669192,-0.378719227,0.819796603,0.000000000,0.000000000,-0.000967054,0.999999532,9
1782463486.940269232,29.104966402,8271,vicon_state_data,ball,1,0,2.753268250,-0.073926773,1.128682885,0.000000000,0.000000000,0.000000000,1.000000000,1,-0.862662492,-0.378745714,0.819787617,0.000000000,0.000000000,-0.000982425,0.999999517,9
1782463486.943377733,29.108074903,8272,vicon_state_data,ball,1,0,2.738872586,-0.073633472,1.122630855,0.000000000,0.000000000,0.000000000,1.000000000,1,-0.862639950,-0.378731021,0.819779914,0.000000000,0.000000000,-0.001096143,0.999999399,9
1782463486.946684599,29.111381769,8273,vicon_state_data,ball,1,0,2.724598826,-0.073193306,1.116692967,0.000000000,0.000000000,0.000000000,1.000000000,1,-0.862567441,-0.378960358,0.819868909,0.000000000,0.000000000,-0.002635987,0.999996526,9
1782463486.950114965,29.114812136,8274,vicon_state_data,ball,1,0,2.710021129,-0.073149453,1.111198360,0.000000000,0.000000000,0.000000000,1.000000000,1,-0.862640785,-0.378694613,0.819758670,0.000000000,0.000000000,-0.001079922,0.999999417,9
1782463486.953525066,29.118222237,8275,vicon_state_data,ball,1,0,2.695885056,-0.072830988,1.104852585,0.000000000,0.000000000,0.000000000,1.000000000,1,-0.862651447,-0.378673467,0.819780863,0.000000000,0.000000000,-0.000989833,0.999999510,9
1782463486.956880331,29.121577501,8276,vicon_state_data,ball,1,0,2.681796174,-0.072800058,1.098385591,0.000000000,0.000000000,0.000000000,1.000000000,1,-0.862651654,-0.378693747,0.819789015,0.000000000,0.000000000,-0.001077467,0.999999420,9
1782463486.960131645,29.124828815,8277,vicon_state_data,ball,1,0,2.667602015,-0.072094475,1.091333723,0.000000000,0.000000000,0.000000000,1.000000000,1,-0.862707719,-0.378440451,0.819736090,0.000000000,0.000000000,-0.000510989,0.999999869,9
1782463486.963671923,29.128369093,8278,vicon_state_data,ball,1,0,2.653070199,-0.072062875,1.084603810,0.000000000,0.000000000,0.000000000,1.000000000,1,-0.862559806,-0.378796285,0.819914523,0.000000000,0.000000000,-0.002361705,0.999997211,9
1782463486.966944218,29.131641388,8279,vicon_state_data,ball,1,0,2.638459043,-0.071986321,1.077813114,0.000000000,0.000000000,0.000000000,1.000000000,1,-0.862553508,-0.378812605,0.819934998,0.000000000,0.000000000,-0.002372827,0.999997185,9
1782463486.970295668,29.134992838,8280,vicon_state_data,ball,1,0,2.623965913,-0.071710153,1.071176568,0.000000000,0.000000000,0.000000000,1.000000000,1,-0.862560880,-0.378820752,0.819974245,0.000000000,0.000000000,-0.002387448,0.999997150,9
1782463486.973564386,29.138261557,8281,vicon_state_data,ball,1,0,2.609703090,-0.071289886,1.064685096,0.000000000,0.000000000,0.000000000,1.000000000,1,-0.862559654,-0.378799298,0.819956647,0.000000000,0.000000000,-0.002380215,0.999997167,9
1782463486.976904631,29.141601801,8282,vicon_state_data,ball,1,0,2.595018014,-0.071019437,1.058504458,0.000000000,0.000000000,0.000000000,1.000000000,1,-0.862634799,-0.378614914,0.819792719,0.000000000,0.000000000,-0.001179781,0.999999304,9
1782463486.980050325,29.144747496,8283,vicon_state_data,ball,1,0,2.580812157,-0.070705936,1.051756111,0.000000000,0.000000000,0.000000000,1.000000000,1,-0.862555243,-0.378790341,0.819944915,0.000000000,0.000000000,-0.002529822,0.999996800,9
1782463486.983484983,29.148182154,8284,vicon_state_data,ball,1,0,2.566810191,-0.070803750,1.044837767,0.000000000,0.000000000,0.000000000,1.000000000,1,-0.862707988,-0.378455370,0.819997794,0.000000000,0.000000000,-0.000799010,0.999999681,9
1782463486.986692190,29.151389360,8285,vicon_state_data,ball,1,0,2.552705257,-0.070651945,1.038005012,0.000000000,0.000000000,0.000000000,1.000000000,1,-0.862576557,-0.378704026,0.819942392,0.000000000,0.000000000,-0.002245968,0.999997478,9
1782463486.989986420,29.154683590,8286,vicon_state_data,ball,1,0,2.538632754,-0.070172234,1.031116451,0.000000000,0.000000000,0.000000000,1.000000000,1,-0.862634235,-0.378557595,0.819789710,0.000000000,0.000000000,-0.001323442,0.999999124,9
1782463486.993345976,29.158043146,8287,vicon_state_data,ball,1,0,2.524710295,-0.069502498,1.023679278,0.000000000,0.000000000,0.000000000,1.000000000,1,-0.862629725,-0.378568575,0.819801480,0.000000000,0.000000000,-0.001425850,0.999998983,9
1782463486.996802568,29.161499739,8288,vicon_state_data,ball,1,0,2.510592679,-0.069361066,1.016388574,0.000000000,0.000000000,0.000000000,1.000000000,1,-0.862638724,-0.378536709,0.819769165,0.000000000,0.000000000,-0.001446185,0.999998954,9
1782463487.000185251,29.164882421,8289,vicon_state_data,ball,1,0,2.496489544,-0.069168953,1.008983437,0.000000000,0.000000000,0.000000000,1.000000000,1,-0.862551865,-0.378786967,0.819886902,0.000000000,0.000000000,-0.002975752,0.999995572,9
1782463487.003494740,29.168191910,8290,vicon_state_data,ball,1,0,2.482404811,-0.068954506,1.001499313,0.000000000,0.000000000,0.000000000,1.000000000,1,-0.862622360,-0.378545522,0.819752268,0.000000000,0.000000000,-0.001664227,0.999998615,9
1782463487.006622553,29.171319723,8291,vicon_state_data,ball,1,0,2.468412327,-0.068799051,0.993779271,0.000000000,0.000000000,0.000000000,1.000000000,1,-0.862650458,-0.378563980,0.819772739,0.000000000,0.000000000,-0.001642366,0.999998651,9
1782463487.010014296,29.174711466,8292,vicon_state_data,ball,1,0,2.454699823,-0.068492080,0.986120640,0.000000000,0.000000000,0.000000000,1.000000000,1,-0.862619269,-0.378542783,0.819769830,0.000000000,0.000000000,-0.001719160,0.999998522,9
1782463487.013461590,29.178158760,8293,vicon_state_data,ball,1,0,2.440367344,-0.068275876,0.979076575,0.000000000,0.000000000,0.000000000,1.000000000,1,-0.862644791,-0.378500003,0.819794398,0.000000000,0.000000000,-0.001592182,0.999998732,9
1782463487.016713142,29.181410313,8294,vicon_state_data,ball,1,0,2.426648306,-0.067955190,0.971191289,0.000000000,0.000000000,0.000000000,1.000000000,1,-0.862659181,-0.378481466,0.819824146,0.000000000,0.000000000,-0.001557695,0.999998787,9
1782463487.020135880,29.184833050,8295,vicon_state_data,ball,1,0,2.412947171,-0.067779687,0.963134570,0.000000000,0.000000000,0.000000000,1.000000000,1,-0.862652899,-0.378485590,0.819822718,0.000000000,0.000000000,-0.001659244,0.999998623,9
1782463487.023252010,29.187949181,8296,vicon_state_data,ball,1,0,2.399154645,-0.067140263,0.954113895,0.000000000,0.000000000,0.000000000,1.000000000,1,-0.862538580,-0.378675752,0.819957090,0.000000000,0.000000000,-0.003149202,0.999995041,9
1782463487.026687145,29.191384315,8297,vicon_state_data,ball,1,0,2.385020813,-0.066771103,0.946055017,0.000000000,0.000000000,0.000000000,1.000000000,1,-0.862656419,-0.378468595,0.819840277,0.000000000,0.000000000,-0.001754784,0.999998460,9
1782463487.029971123,29.194668293,8298,vicon_state_data,ball,1,0,2.370806291,-0.066437287,0.937692465,0.000000000,0.000000000,0.000000000,1.000000000,1,-0.862549663,-0.378631194,0.819952404,0.000000000,0.000000000,-0.003146984,0.999995048,9
1782463487.033351421,29.198048592,8299,vicon_state_data,ball,1,0,2.356749262,-0.066043573,0.929445307,0.000000000,0.000000000,0.000000000,1.000000000,1,-0.862546486,-0.378662424,0.819958329,0.000000000,0.000000000,-0.003237996,0.999994758,9
1782463487.036627769,29.201324940,8300,vicon_state_data,ball,1,0,2.342869869,-0.065616296,0.921289191,0.000000000,0.000000000,0.000000000,1.000000000,1,-0.862497360,-0.378679950,0.819910092,0.000000000,0.000000000,-0.003620550,0.999993446,9
1782463487.039887190,29.204584360,8301,vicon_state_data,ball,1,0,2.328554219,-0.065346149,0.913543647,0.000000000,0.000000000,0.000000000,1.000000000,1,-0.862511369,-0.378618566,0.819894428,0.000000000,0.000000000,-0.003547052,0.999993709,9
1782463487.043858767,29.208555937,8302,vicon_state_data,ball,1,0,2.314652486,-0.065138810,0.905220669,0.000000000,0.000000000,0.000000000,1.000000000,1,-0.862535121,-0.378650200,0.819943161,0.000000000,0.000000000,-0.003350856,0.999994386,9
1782463487.046768665,29.211465836,8303,vicon_state_data,ball,1,0,2.300865436,-0.064823388,0.896651197,0.000000000,0.000000000,0.000000000,1.000000000,1,-0.862552269,-0.378645328,0.820022414,0.000000000,0.000000000,-0.003363438,0.999994344,9
1782463487.050404072,29.215101242,8304,vicon_state_data,ball,1,0,2.287145303,-0.064578915,0.888205825,0.000000000,0.000000000,0.000000000,1.000000000,1,-0.862552902,-0.378616735,0.819977494,0.000000000,0.000000000,-0.003379237,0.999994290,9
1782463487.053380966,29.218078136,8305,vicon_state_data,ball,1,0,2.273511531,-0.064362984,0.879589297,0.000000000,0.000000000,0.000000000,1.000000000,1,-0.862554786,-0.378637425,0.819971633,0.000000000,0.000000000,-0.003389128,0.999994257,9
1782463487.056608200,29.221305370,8306,vicon_state_data,ball,1,0,2.259849134,-0.063401018,0.870557424,0.000000000,0.000000000,0.000000000,1.000000000,1,-0.862546061,-0.378668381,0.819994863,0.000000000,0.000000000,-0.003521810,0.999993798,9
1782463487.060092211,29.224789381,8307,vicon_state_data,ball,1,0,2.246169405,-0.062732830,0.861755474,0.000000000,0.000000000,0.000000000,1.000000000,1,-0.862675340,-0.378414639,0.819843570,0.000000000,0.000000000,-0.001977141,0.999998045,9
1782463487.063362837,29.228060007,8308,vicon_state_data,ball,1,0,2.232400874,-0.062334962,0.852756813,0.000000000,0.000000000,0.000000000,1.000000000,1,-0.862563639,-0.378603948,0.819964572,0.000000000,0.000000000,-0.003522766,0.999993795,9
1782463487.066722393,29.231419563,8309,vicon_state_data,ball,1,0,2.218549840,-0.061979477,0.843719705,0.000000000,0.000000000,0.000000000,1.000000000,1,-0.862681468,-0.378418672,0.819836835,0.000000000,0.000000000,-0.002028016,0.999997944,9
1782463487.069909096,29.234606266,8310,vicon_state_data,ball,1,0,2.204892670,-0.061691264,0.834425497,0.000000000,0.000000000,0.000000000,1.000000000,1,-0.862587122,-0.378645078,0.820009565,0.000000000,0.000000000,-0.003405463,0.999994201,9
1782463487.073458672,29.238155842,8311,vicon_state_data,ball,1,0,2.191588444,-0.061445355,0.824747015,0.000000000,0.000000000,0.000000000,1.000000000,1,-0.862577166,-0.378628212,0.819968284,0.000000000,0.000000000,-0.003534934,0.999993752,9
1782463487.076956511,29.241653681,8312,vicon_state_data,ball,1,0,2.177446108,-0.060969479,0.816259098,0.000000000,0.000000000,0.000000000,1.000000000,1,-0.862579411,-0.378649739,0.819952271,0.000000000,0.000000000,-0.003714124,0.999993103,9
1782463487.080385685,29.245082855,8313,vicon_state_data,ball,1,0,2.164249055,-0.060464235,0.806667674,0.000000000,0.000000000,0.000000000,1.000000000,1,-0.862609336,-0.378572535,0.820015806,0.000000000,0.000000000,-0.003334812,0.999994439,9
1782463487.083518982,29.248216152,8314,vicon_state_data,ball,1,0,2.150744841,-0.060081454,0.797282456,0.000000000,0.000000000,0.000000000,1.000000000,1,-0.862557312,-0.378621595,0.819906510,0.000000000,0.000000000,-0.003770387,0.999992892,9
1782463487.086736917,29.251434088,8315,vicon_state_data,ball,1,0,2.137535175,-0.059291901,0.787101066,0.000000000,0.000000000,0.000000000,1.000000000,1,-0.862695840,-0.378326390,0.819812680,0.000000000,0.000000000,-0.002085468,0.999997825,9
1782463487.090018272,29.254715443,8316,vicon_state_data,ball,1,0,2.123680447,-0.058624282,0.777261430,0.000000000,0.000000000,0.000000000,1.000000000,1,-0.862708360,-0.378330046,0.819808594,0.000000000,0.000000000,-0.002011020,0.999997978,9
1782463487.093261242,29.257958412,8317,vicon_state_data,ball,1,0,2.109766127,-0.058118409,0.767522332,0.000000000,0.000000000,0.000000000,1.000000000,1,-0.862688810,-0.378387681,0.819764792,0.000000000,0.000000000,-0.002343897,0.999997253,9
1782463487.096616030,29.261313200,8318,vicon_state_data,ball,1,0,2.095982137,-0.057524857,0.757699076,0.000000000,0.000000000,0.000000000,1.000000000,1,-0.862663423,-0.378351481,0.819757932,0.000000000,0.000000000,-0.002386819,0.999997152,9
1782463487.100130320,29.264827490,8319,vicon_state_data,ball,1,0,2.083453467,-0.057110762,0.760620395,0.000000000,0.000000000,0.000000000,1.000000000,1,-0.862692025,-0.378323425,0.819821367,0.000000000,0.000000000,-0.002168034,0.999997650,9
1782463487.103551626,29.268248796,8320,vicon_state_data,ball,1,0,2.071515659,-0.056690079,0.769190684,0.000000000,0.000000000,0.000000000,1.000000000,1,-0.862709022,-0.378363888,0.819821449,0.000000000,0.000000000,-0.002197059,0.999997586,9
1782463487.106743097,29.271440268,8321,vicon_state_data,ball,1,0,2.059500289,-0.056113510,0.778210664,0.000000000,0.000000000,0.000000000,1.000000000,1,-0.862699632,-0.378376065,0.819781483,0.000000000,0.000000000,-0.002358142,0.999997220,9
1782463487.109963894,29.274661064,8322,vicon_state_data,ball,1,0,2.047710819,-0.055660554,0.786690069,0.000000000,0.000000000,0.000000000,1.000000000,1,-0.862689228,-0.378330815,0.819794329,0.000000000,0.000000000,-0.002338880,0.999997265,9
1782463487.113384485,29.278081656,8323,vicon_state_data,ball,1,0,2.035960944,-0.055049508,0.794881082,0.000000000,0.000000000,0.000000000,1.000000000,1,-0.862727522,-0.378344370,0.819826138,0.000000000,0.000000000,-0.002260405,0.999997445,9
1782463487.116687059,29.281384230,8324,vicon_state_data,ball,1,0,2.024458073,-0.054661325,0.803220859,0.000000000,0.000000000,0.000000000,1.000000000,1,-0.862679306,-0.378383181,0.819763048,0.000000000,0.000000000,-0.002630637,0.999996540,9
1782463487.119883299,29.284580469,8325,vicon_state_data,ball,1,0,2.012954042,-0.054273310,0.811413040,0.000000000,0.000000000,0.000000000,1.000000000,1,-0.862713243,-0.378358142,0.819798129,0.000000000,0.000000000,-0.002396332,0.999997129,9
1782463487.123279572,29.287976742,8326,vicon_state_data,ball,1,0,2.001270310,-0.053481225,0.819359548,0.000000000,0.000000000,0.000000000,1.000000000,1,-0.862690097,-0.378381514,0.819760157,0.000000000,0.000000000,-0.002641412,0.999996511,9
1782463487.127221346,29.291918516,8327,vicon_state_data,ball,1,0,1.989789831,-0.053089667,0.827259199,0.000000000,0.000000000,0.000000000,1.000000000,1,-0.862559927,-0.378640870,0.819819411,0.000000000,0.000000000,-0.004590297,0.999989465,9
1782463487.130114079,29.294811249,8328,vicon_state_data,ball,1,0,1.978108533,-0.052198534,0.834962211,0.000000000,0.000000000,0.000000000,1.000000000,1,-0.862564747,-0.378654911,0.819801224,0.000000000,0.000000000,-0.004606207,0.999989391,9
1782463487.133604050,29.298301220,8329,vicon_state_data,ball,1,0,1.966655904,-0.051589293,0.842084893,0.000000000,0.000000000,0.000000000,1.000000000,1,-0.862562831,-0.378663389,0.819825605,0.000000000,0.000000000,-0.004711742,0.999988900,9
1782463487.136707783,29.301404953,8330,vicon_state_data,ball,1,0,1.955014994,-0.050928298,0.849494499,0.000000000,0.000000000,0.000000000,1.000000000,1,-0.862709665,-0.378382659,0.819747213,0.000000000,0.000000000,-0.002685908,0.999996393,9
1782463487.139926434,29.304623604,8331,vicon_state_data,ball,1,0,1.943424771,-0.050248032,0.856859775,0.000000000,0.000000000,0.000000000,1.000000000,1,-0.862585078,-0.378667654,0.819797447,0.000000000,0.000000000,-0.004738587,0.999988773,9
1782463487.143402100,29.308099270,8332,vicon_state_data,ball,1,0,1.931643108,-0.049864827,0.863892589,0.000000000,0.000000000,0.000000000,1.000000000,1,-0.862579121,-0.378711832,0.819830463,0.000000000,0.000000000,-0.004830286,0.999988334,9
1782463487.146781683,29.311478853,8333,vicon_state_data,ball,1,0,1.919475176,-0.049028381,0.870914075,0.000000000,0.000000000,0.000000000,1.000000000,1,-0.862588411,-0.378677494,0.819761649,0.000000000,0.000000000,-0.004803607,0.999988463,9
1782463487.150102854,29.314800024,8334,vicon_state_data,ball,1,0,1.907569113,-0.048730273,0.877675343,0.000000000,0.000000000,0.000000000,1.000000000,1,-0.862740315,-0.378385998,0.819728369,0.000000000,0.000000000,-0.002728669,0.999996277,9
1782463487.153762341,29.318459511,8335,vicon_state_data,ball,1,0,1.895333089,-0.048025585,0.884583535,0.000000000,0.000000000,0.000000000,1.000000000,1,-0.862743113,-0.378393685,0.819713106,0.000000000,0.000000000,-0.002770202,0.999996163,9
1782463487.156799078,29.321496248,8336,vicon_state_data,ball,1,0,1.884813800,-0.047594837,0.891155694,0.000000000,0.000000000,0.000000000,1.000000000,1,-0.862637386,-0.378633921,0.819808421,0.000000000,0.000000000,-0.004552652,0.999989637,9
1782463487.160032272,29.324729443,8337,vicon_state_data,ball,1,0,1.873996795,-0.047296602,0.897401992,0.000000000,0.000000000,0.000000000,1.000000000,1,-0.862769422,-0.378359300,0.819746223,0.000000000,0.000000000,-0.002700020,0.999996355,9
1782463487.163343668,29.328040838,8338,vicon_state_data,ball,1,0,1.862523094,-0.046359779,0.903699729,0.000000000,0.000000000,0.000000000,1.000000000,1,-0.862645584,-0.378637731,0.819803801,0.000000000,0.000000000,-0.004566993,0.999989571,9
1782463487.166787148,29.331484318,8339,vicon_state_data,ball,1,0,1.851264762,-0.045640623,0.909953302,0.000000000,0.000000000,0.000000000,1.000000000,1,-0.862761590,-0.378399836,0.819736415,0.000000000,0.000000000,-0.002807927,0.999996058,9
1782463487.170185804,29.334882975,8340,vicon_state_data,ball,1,0,1.840253672,-0.045174145,0.916163002,0.000000000,0.000000000,0.000000000,1.000000000,1,-0.862654653,-0.378680538,0.819824547,0.000000000,0.000000000,-0.004779051,0.999988580,9
1782463487.173504353,29.338201523,8341,vicon_state_data,ball,1,0,1.829119976,-0.044776268,0.921905993,0.000000000,0.000000000,0.000000000,1.000000000,1,-0.862650919,-0.378687538,0.819797347,0.000000000,0.000000000,-0.004789362,0.999988531,9
1782463487.176965714,29.341662884,8342,vicon_state_data,ball,1,0,1.817686076,-0.043543983,0.927036250,0.000000000,0.000000000,0.000000000,1.000000000,1,-0.862800430,-0.378415106,0.819724356,0.000000000,0.000000000,-0.002890911,0.999995821,9
1782463487.180183887,29.344881058,8343,vicon_state_data,ball,1,0,1.806062685,-0.042772059,0.932825762,0.000000000,0.000000000,0.000000000,1.000000000,1,-0.862693135,-0.378657278,0.819835715,0.000000000,0.000000000,-0.004665429,0.999989117,9
1782463487.183415413,29.348112583,8344,vicon_state_data,ball,1,0,1.794591042,-0.041954983,0.938674992,0.000000000,0.000000000,0.000000000,1.000000000,1,-0.862647313,-0.378736513,0.819723495,0.000000000,0.000000000,-0.005120115,0.999986892,9
1782463487.186642647,29.351339817,8345,vicon_state_data,ball,1,0,1.783084647,-0.041241132,0.944202561,0.000000000,0.000000000,0.000000000,1.000000000,1,-0.862688934,-0.378724557,0.819783037,0.000000000,0.000000000,-0.004929221,0.999987851,9
1782463487.189980507,29.354677677,8346,vicon_state_data,ball,1,0,1.771762921,-0.040410681,0.950004637,0.000000000,0.000000000,0.000000000,1.000000000,1,-0.862831203,-0.378425331,0.819718731,0.000000000,0.000000000,-0.002931861,0.999995702,9
1782463487.193277836,29.357975006,8347,vicon_state_data,ball,1,0,1.760127768,-0.040091561,0.955113603,0.000000000,0.000000000,0.000000000,1.000000000,1,-0.862716115,-0.378725055,0.819825010,0.000000000,0.000000000,-0.004815810,0.999988404,9
1782463487.196595192,29.361292362,8348,vicon_state_data,ball,1,0,1.748602948,-0.039528891,0.960867424,0.000000000,0.000000000,0.000000000,1.000000000,1,-0.862702214,-0.378759283,0.819832059,0.000000000,0.000000000,-0.004889033,0.999988049,9
1782463487.200045109,29.364742279,8349,vicon_state_data,ball,1,0,1.737299561,-0.039171863,0.966214002,0.000000000,0.000000000,0.000000000,1.000000000,1,-0.862731863,-0.378730780,0.819847450,0.000000000,0.000000000,-0.004846660,0.999988255,9
1782463487.203617573,29.368314743,8350,vicon_state_data,ball,1,0,1.726184105,-0.038443548,0.971483592,0.000000000,0.000000000,0.000000000,1.000000000,1,-0.862722741,-0.378771937,0.819831324,0.000000000,0.000000000,-0.004962065,0.999987689,9
1782463487.206907511,29.371604681,8351,vicon_state_data,ball,1,0,1.715163340,-0.037970476,0.976575338,0.000000000,0.000000000,0.000000000,1.000000000,1,-0.862752826,-0.378783521,0.819849348,0.000000000,0.000000000,-0.004927988,0.999987857,9
1782463487.209969997,29.374667168,8352,vicon_state_data,ball,1,0,1.704225338,-0.037473164,0.981608420,0.000000000,0.000000000,0.000000000,1.000000000,1,-0.862722447,-0.378843926,0.819782488,0.000000000,0.000000000,-0.005217266,0.999986390,9
1782463487.213258743,29.377955914,8353,vicon_state_data,ball,1,0,1.693072308,-0.036706477,0.986465729,0.000000000,0.000000000,0.000000000,1.000000000,1,-0.862722031,-0.378808846,0.819726764,0.000000000,0.000000000,-0.005327037,0.999985811,9
1782463487.216668129,29.381365299,8354,vicon_state_data,ball,1,0,1.681994942,-0.036267244,0.991204864,0.000000000,0.000000000,0.000000000,1.000000000,1,-0.862709216,-0.378888486,0.819713922,0.000000000,0.000000000,-0.005510456,0.999984817,9
1782463487.219906092,29.384603262,8355,vicon_state_data,ball,1,0,1.671085146,-0.035665444,0.995416518,0.000000000,0.000000000,0.000000000,1.000000000,1,-0.862752156,-0.378841900,0.819790515,0.000000000,0.000000000,-0.005208830,0.999986434,9
1782463487.223360062,29.388057232,8356,vicon_state_data,ball,1,0,1.659972143,-0.034896907,0.999868767,0.000000000,0.000000000,0.000000000,1.000000000,1,-0.862744171,-0.378882487,0.819797543,0.000000000,0.000000000,-0.005383758,0.999985507,9
1782463487.226638556,29.391335726,8357,vicon_state_data,ball,1,0,1.648776806,-0.034070667,1.004252126,0.000000000,0.000000000,0.000000000,1.000000000,1,-0.862757470,-0.378934261,0.819875512,0.000000000,0.000000000,-0.005471157,0.999985033,9
1782463487.230077982,29.394775152,8358,vicon_state_data,ball,1,0,1.637600729,-0.033216843,1.008641294,0.000000000,0.000000000,0.000000000,1.000000000,1,-0.862884223,-0.378584669,0.819750368,0.000000000,0.000000000,-0.003336891,0.999994433,9
1782463487.233396292,29.398093462,8359,vicon_state_data,ball,1,0,1.626365977,-0.032519157,1.012833690,0.000000000,0.000000000,0.000000000,1.000000000,1,-0.862772329,-0.378931886,0.819867566,0.000000000,0.000000000,-0.005422692,0.999985297,9
1782463487.236658573,29.401355743,8360,vicon_state_data,ball,1,0,1.614629305,-0.031510656,1.016764783,0.000000000,0.000000000,0.000000000,1.000000000,1,-0.862950619,-0.378509621,0.819866969,0.000000000,0.000000000,-0.003354700,0.999994373,9
1782463487.239955664,29.404652834,8361,vicon_state_data,ball,1,0,1.603361613,-0.031018238,1.020636247,0.000000000,0.000000000,0.000000000,1.000000000,1,-0.862771392,-0.378865342,0.819777933,0.000000000,0.000000000,-0.005239719,0.999986273,9
1782463487.243367195,29.408064365,8362,vicon_state_data,ball,1,0,1.591978356,-0.030389354,1.024599071,0.000000000,0.000000000,0.000000000,1.000000000,1,-0.862943071,-0.378654251,0.819702450,0.000000000,0.000000000,-0.003501862,0.999993868,9
1782463487.246784687,29.411481857,8363,vicon_state_data,ball,1,0,1.581246523,-0.029652475,1.028258651,0.000000000,0.000000000,0.000000000,1.000000000,1,-0.863000676,-0.378608325,0.819899820,0.000000000,0.000000000,-0.003448822,0.999994053,9
1782463487.250500679,29.415197849,8364,vicon_state_data,ball,1,0,1.570724143,-0.029194902,1.031785244,0.000000000,0.000000000,0.000000000,1.000000000,1,-0.862844027,-0.378929791,0.819820916,0.000000000,0.000000000,-0.005198442,0.999986488,9
1782463487.254562616,29.419259787,8365,vicon_state_data,ball,1,0,1.559867094,-0.028221678,1.035188910,0.000000000,0.000000000,0.000000000,1.000000000,1,-0.862829721,-0.378965006,0.819793393,0.000000000,0.000000000,-0.005257819,0.999986178,9
1782463487.256670713,29.421367884,8366,vicon_state_data,ball,1,0,1.549536031,-0.027836895,1.038017575,0.000000000,0.000000000,0.000000000,1.000000000,1,-0.862854922,-0.378980919,0.819811359,0.000000000,0.000000000,-0.005251821,0.999986209,9
1782463487.260063648,29.424760818,8367,vicon_state_data,ball,1,0,1.538645702,-0.026927922,1.041441363,0.000000000,0.000000000,0.000000000,1.000000000,1,-0.862952700,-0.378822392,0.819662940,0.000000000,0.000000000,-0.003810098,0.999992742,9
1782463487.263325691,29.428022861,8368,vicon_state_data,ball,1,0,1.528089890,-0.026679361,1.044212955,0.000000000,0.000000000,0.000000000,1.000000000,1,-0.862981023,-0.378811334,0.819668245,0.000000000,0.000000000,-0.003683903,0.999993214,9
1782463487.266737461,29.431434631,8369,vicon_state_data,ball,1,0,1.517193059,-0.025225440,1.046567509,0.000000000,0.000000000,0.000000000,1.000000000,1,-0.862977367,-0.378876275,0.819657120,0.000000000,0.000000000,-0.003922400,0.999992307,9
1782463487.270068169,29.434765339,8370,vicon_state_data,ball,1,0,1.506081948,-0.024467959,1.049348726,0.000000000,0.000000000,0.000000000,1.000000000,1,-0.862857802,-0.379133802,0.819745017,0.000000000,0.000000000,-0.005730738,0.999983579,9
1782463487.273318291,29.438015461,8371,vicon_state_data,ball,1,0,1.495043480,-0.023535362,1.052260708,0.000000000,0.000000000,0.000000000,1.000000000,1,-0.862878787,-0.379133993,0.819713811,0.000000000,0.000000000,-0.005696469,0.999983775,9
1782463487.276815653,29.441512823,8372,vicon_state_data,ball,1,0,1.483972574,-0.022747054,1.054919103,0.000000000,0.000000000,0.000000000,1.000000000,1,-0.862883209,-0.379183682,0.819736403,0.000000000,0.000000000,-0.005817861,0.999983076,9
1782463487.280117750,29.444814920,8373,vicon_state_data,ball,1,0,1.472984127,-0.021849316,1.057632108,0.000000000,0.000000000,0.000000000,1.000000000,1,-0.863032429,-0.378939487,0.819670900,0.000000000,0.000000000,-0.004004091,0.999991984,9
1782463487.283970356,29.448667526,8374,vicon_state_data,ball,1,0,1.461913194,-0.021118050,1.060095589,0.000000000,0.000000000,0.000000000,1.000000000,1,-0.862903921,-0.379243388,0.819731152,0.000000000,0.000000000,-0.005972718,0.999982163,9
1782463487.286807060,29.451504230,8375,vicon_state_data,ball,1,0,1.450885933,-0.020573196,1.062469210,0.000000000,0.000000000,0.000000000,1.000000000,1,-0.863004734,-0.379076671,0.819654511,0.000000000,0.000000000,-0.004399827,0.999990321,9
1782463487.289986610,29.454683781,8376,vicon_state_data,ball,1,0,1.439928412,-0.020140900,1.065234861,0.000000000,0.000000000,0.000000000,1.000000000,1,-0.862920101,-0.379357117,0.819796626,0.000000000,0.000000000,-0.005993474,0.999982039,9
1782463487.293272495,29.457969666,8377,vicon_state_data,ball,1,0,1.429140323,-0.019372738,1.067464935,0.000000000,0.000000000,0.000000000,1.000000000,1,-0.862941010,-0.379422262,0.819828502,0.000000000,0.000000000,-0.006113917,0.999981310,9
1782463487.296720982,29.461418152,8378,vicon_state_data,ball,1,0,1.418603127,-0.018710591,1.069714758,0.000000000,0.000000000,0.000000000,1.000000000,1,-0.863046722,-0.379157505,0.819715679,0.000000000,0.000000000,-0.004355401,0.999990515,9
1782463487.300463676,29.465160847,8379,vicon_state_data,ball,1,0,1.407927909,-0.018032966,1.071803297,0.000000000,0.000000000,0.000000000,1.000000000,1,-0.863050240,-0.379205142,0.819735936,0.000000000,0.000000000,-0.004431202,0.999990182,9
1782463487.303493023,29.468190193,8380,vicon_state_data,ball,1,0,1.397184578,-0.017041295,1.073808212,0.000000000,0.000000000,0.000000000,1.000000000,1,-0.862920754,-0.379543303,0.819836802,0.000000000,0.000000000,-0.006504049,0.999978848,9
1782463487.306784630,29.471481800,8381,vicon_state_data,ball,1,0,1.386672805,-0.016661210,1.075416198,0.000000000,0.000000000,0.000000000,1.000000000,1,-0.862965133,-0.379606875,0.819903288,0.000000000,0.000000000,-0.006410842,0.999979450,9
1782463487.309947729,29.474644899,8382,vicon_state_data,ball,1,0,1.375926814,-0.016048188,1.076973207,0.000000000,0.000000000,0.000000000,1.000000000,1,-0.862946986,-0.379634975,0.819840069,0.000000000,0.000000000,-0.006594655,0.999978255,9
1782463487.313258410,29.477955580,8383,vicon_state_data,ball,1,0,1.365199585,-0.015190362,1.078571679,0.000000000,0.000000000,0.000000000,1.000000000,1,-0.862928307,-0.379546547,0.819885002,0.000000000,0.000000000,-0.006450211,0.999979197,9
1782463487.316816807,29.481513977,8384,vicon_state_data,ball,1,0,1.354390602,-0.014212086,1.080072809,0.000000000,0.000000000,0.000000000,1.000000000,1,-0.863069385,-0.379370648,0.819755761,0.000000000,0.000000000,-0.004648673,0.999989195,9
1782463487.320319414,29.485016584,8385,vicon_state_data,ball,1,0,1.343557916,-0.013295665,1.081560888,0.000000000,0.000000000,0.000000000,1.000000000,1,-0.863079904,-0.379407366,0.819757111,0.000000000,0.000000000,-0.004709390,0.999988911,9
1782463487.323471069,29.488168240,8386,vicon_state_data,ball,1,0,1.332621230,-0.012277549,1.082895714,0.000000000,0.000000000,0.000000000,1.000000000,1,-0.862924423,-0.379769504,0.819784202,0.000000000,0.000000000,-0.007114458,0.999974692,9
1782463487.326766729,29.491463900,8387,vicon_state_data,ball,1,0,1.321444638,-0.011164433,1.083959769,0.000000000,0.000000000,0.000000000,1.000000000,1,-0.862963690,-0.379767765,0.819792816,0.000000000,0.000000000,-0.006929712,0.999975989,9
1782463487.330309153,29.495006323,8388,vicon_state_data,ball,1,0,1.310470012,-0.010637956,1.084894674,0.000000000,0.000000000,0.000000000,1.000000000,1,-0.862935100,-0.379661387,0.819754475,0.000000000,0.000000000,-0.006874817,0.999976368,9
1782463487.333487034,29.498184204,8389,vicon_state_data,ball,1,0,1.299591926,-0.009711030,1.085948842,0.000000000,0.000000000,0.000000000,1.000000000,1,-0.862985147,-0.379819049,0.819772318,0.000000000,0.000000000,-0.007043948,0.999975191,9
1782463487.336678505,29.501375675,8390,vicon_state_data,ball,1,0,1.288850938,-0.008875038,1.086898409,0.000000000,0.000000000,0.000000000,1.000000000,1,-0.862973103,-0.379793251,0.819765304,0.000000000,0.000000000,-0.007010483,0.999975426,9
1782463487.339964151,29.504661322,8391,vicon_state_data,ball,1,0,1.278753887,-0.008552368,1.087505825,0.000000000,0.000000000,0.000000000,1.000000000,1,-0.862979972,-0.379818446,0.819688177,0.000000000,0.000000000,-0.007202467,0.999974062,9
1782463487.343373299,29.508070469,8392,vicon_state_data,ball,1,0,1.268202799,-0.007530831,1.087974841,0.000000000,0.000000000,0.000000000,1.000000000,1,-0.862993020,-0.379876981,0.819722567,0.000000000,0.000000000,-0.007267653,0.999973590,9
1782463487.348611832,29.513309002,8393,vicon_state_data,ball,1,0,1.258038456,-0.006757883,1.088034460,0.000000000,0.000000000,0.000000000,1.000000000,1,-0.863047902,-0.379822510,0.819781960,0.000000000,0.000000000,-0.006867696,0.999976417,9
1782463487.350625038,29.515322208,8394,vicon_state_data,ball,1,0,1.247355895,-0.005880283,1.088657601,0.000000000,0.000000000,0.000000000,1.000000000,1,-0.863077217,-0.379874863,0.819770069,0.000000000,0.000000000,-0.006826705,0.999976698,9
1782463487.353718519,29.518415689,8395,vicon_state_data,ball,1,0,1.236980947,-0.004929118,1.088396932,0.000000000,0.000000000,0.000000000,1.000000000,1,-0.863139063,-0.379844345,0.819869617,0.000000000,0.000000000,-0.006399679,0.999979522,9
1782463487.357044458,29.521741629,8396,vicon_state_data,ball,1,0,1.226459235,-0.003908795,1.088097704,0.000000000,0.000000000,0.000000000,1.000000000,1,-0.863134876,-0.379938306,0.819930121,0.000000000,0.000000000,-0.006591129,0.999978278,9
1782463487.360222101,29.524919271,8397,vicon_state_data,ball,1,0,1.215706666,-0.003010409,1.088087692,0.000000000,0.000000000,0.000000000,1.000000000,1,-0.863182034,-0.379911109,0.819951784,0.000000000,0.000000000,-0.006364309,0.999979748,9
1782463487.363528728,29.528225899,8398,vicon_state_data,ball,1,0,1.204948913,-0.002105949,1.088100954,0.000000000,0.000000000,0.000000000,1.000000000,1,-0.863145007,-0.380009829,0.819916923,0.000000000,0.000000000,-0.006695268,0.999977586,9
1782463487.367219448,29.531916618,8399,vicon_state_data,ball,1,0,1.194258038,-0.001105792,1.088011961,0.000000000,0.000000000,0.000000000,1.000000000,1,-0.863336721,-0.379691223,0.819898947,0.000000000,0.000000000,-0.004241052,0.999991007,9
1782463487.370340347,29.535037518,8400,vicon_state_data,ball,1,0,1.183577239,-0.000095627,1.087849278,0.000000000,0.000000000,0.000000000,1.000000000,1,-0.863152282,-0.380000453,0.819957625,0.000000000,0.000000000,-0.006616024,0.999978114,9
1782463487.373602390,29.538299561,8401,vicon_state_data,ball,1,0,1.172820437,0.000763675,1.087501935,0.000000000,0.000000000,0.000000000,1.000000000,1,-0.863392399,-0.379723104,0.820005157,0.000000000,0.000000000,-0.003977401,0.999992090,9
1782463487.376777172,29.541474342,8402,vicon_state_data,ball,1,0,1.162094208,0.001421124,1.087198705,0.000000000,0.000000000,0.000000000,1.000000000,1,-0.863193398,-0.380039427,0.820028026,0.000000000,0.000000000,-0.006421861,0.999979380,9
1782463487.380653620,29.545350790,8403,vicon_state_data,ball,1,0,1.151440906,0.002066762,1.086855447,0.000000000,0.000000000,0.000000000,1.000000000,1,-0.863480428,-0.379785353,0.820054518,0.000000000,0.000000000,-0.003695903,0.999993170,9
1782463487.383610725,29.548307896,8404,vicon_state_data,ball,1,0,1.140981700,0.002793211,1.086401654,0.000000000,0.000000000,0.000000000,1.000000000,1,-0.863497095,-0.379847479,0.820083013,0.000000000,0.000000000,-0.003748676,0.999992974,9
1782463487.386884212,29.551581383,8405,vicon_state_data,ball,1,0,1.130628232,0.003572998,1.085720276,0.000000000,0.000000000,0.000000000,1.000000000,1,-0.863462975,-0.379883526,0.820047760,0.000000000,0.000000000,-0.004000338,0.999991999,9
1782463487.390056372,29.554753542,8406,vicon_state_data,ball,1,0,1.120363174,0.004233090,1.084990540,0.000000000,0.000000000,0.000000000,1.000000000,1,-0.863482695,-0.379919857,0.820045763,0.000000000,0.000000000,-0.003970087,0.999992119,9
1782463487.393304348,29.558001518,8407,vicon_state_data,ball,1,0,1.109888322,0.005268656,1.084280454,0.000000000,0.000000000,0.000000000,1.000000000,1,-0.863516816,-0.379946085,0.820070381,0.000000000,0.000000000,-0.003946211,0.999992214,9
1782463487.396658897,29.561356068,8408,vicon_state_data,ball,1,0,1.099603411,0.005845095,1.083047206,0.000000000,0.000000000,0.000000000,1.000000000,1,-0.863478111,-0.379907253,0.819944810,0.000000000,0.000000000,-0.004218392,0.999991103,9
1782463487.400023699,29.564720869,8409,vicon_state_data,ball,1,0,1.089214101,0.006603289,1.081877300,0.000000000,0.000000000,0.000000000,1.000000000,1,-0.863450872,-0.379956883,0.819952576,0.000000000,0.000000000,-0.004554628,0.999989628,9
1782463487.403304338,29.568001509,8410,vicon_state_data,ball,1,0,1.078755813,0.007532613,1.080524211,0.000000000,0.000000000,0.000000000,1.000000000,1,-0.863523783,-0.380056481,0.819992660,0.000000000,0.000000000,-0.004446489,0.999990114,9
1782463487.406900644,29.571597815,8411,vicon_state_data,ball,1,0,1.068216808,0.008558462,1.079189321,0.000000000,0.000000000,0.000000000,1.000000000,1,-0.863372735,-0.380180560,0.819895368,0.000000000,0.000000000,-0.005436668,0.999985221,9
1782463487.410506964,29.575204134,8412,vicon_state_data,ball,1,0,1.057666817,0.009547412,1.077878409,0.000000000,0.000000000,0.000000000,1.000000000,1,-0.863373714,-0.380246302,0.819857053,0.000000000,0.000000000,-0.005620111,0.999984207,9
1782463487.413405418,29.578102589,8413,vicon_state_data,ball,1,0,1.047068194,0.010700777,1.076465903,0.000000000,0.000000000,0.000000000,1.000000000,1,-0.863396357,-0.380247823,0.819836158,0.000000000,0.000000000,-0.005413551,0.999985347,9
1782463487.416646481,29.581343651,8414,vicon_state_data,ball,1,0,1.036165376,0.011935621,1.074844708,0.000000000,0.000000000,0.000000000,1.000000000,1,-0.863425513,-0.380250133,0.819853042,0.000000000,0.000000000,-0.005456693,0.999985112,9
1782463487.420010805,29.584707975,8415,vicon_state_data,ball,1,0,1.025490425,0.012817353,1.072833700,0.000000000,0.000000000,0.000000000,1.000000000,1,-0.863437773,-0.380272241,0.819838491,0.000000000,0.000000000,-0.005419408,0.999985315,9
1782463487.423400640,29.588097811,8416,vicon_state_data,ball,1,0,1.015045932,0.013456202,1.070980503,0.000000000,0.000000000,0.000000000,1.000000000,1,-0.863444481,-0.380183036,0.819832789,0.000000000,0.000000000,-0.005255088,0.999986192,9
1782463487.426665068,29.591362238,8417,vicon_state_data,ball,1,0,1.004479853,0.014592163,1.069236164,0.000000000,0.000000000,0.000000000,1.000000000,1,-0.863449004,-0.380245210,0.819818987,0.000000000,0.000000000,-0.005426601,0.999985276,9
1782463487.430072069,29.594769239,8418,vicon_state_data,ball,1,0,0.994352703,0.015260597,1.067117578,0.000000000,0.000000000,0.000000000,1.000000000,1,-0.863501380,-0.380361270,0.819862365,0.000000000,0.000000000,-0.005423242,0.999985294,9
1782463487.433443069,29.598140240,8419,vicon_state_data,ball,1,0,0.984354925,0.015936776,1.064786357,0.000000000,0.000000000,0.000000000,1.000000000,1,-0.863514409,-0.380378665,0.819876497,0.000000000,0.000000000,-0.005360712,0.999985631,9
1782463487.436779737,29.601476908,8420,vicon_state_data,ball,1,0,0.974410694,0.017096417,1.061685969,0.000000000,0.000000000,0.000000000,1.000000000,1,-0.863529009,-0.380443286,0.819907999,0.000000000,0.000000000,-0.005312112,0.999985891,9
1782463487.440124512,29.604821682,8421,vicon_state_data,ball,1,0,0.964015395,0.017981822,1.059570764,0.000000000,0.000000000,0.000000000,1.000000000,1,-0.863504668,-0.380445396,0.819866565,0.000000000,0.000000000,-0.005483178,0.999984967,9
1782463487.443554163,29.608251333,8422,vicon_state_data,ball,1,0,0.953720415,0.019013693,1.056866040,0.000000000,0.000000000,0.000000000,1.000000000,1,-0.863738243,-0.380441507,0.820088147,0.000000000,0.000000000,-0.004576563,0.999989527,9
1782463487.446701288,29.611398458,8423,vicon_state_data,ball,1,0,0.943366286,0.020108441,1.053860221,0.000000000,0.000000000,0.000000000,1.000000000,1,-0.863760817,-0.380465788,0.820109688,0.000000000,0.000000000,-0.004479515,0.999989967,9
1782463487.450142145,29.614839315,8424,vicon_state_data,ball,1,0,0.932908212,0.021116911,1.050975492,0.000000000,0.000000000,0.000000000,1.000000000,1,-0.863569153,-0.380643554,0.819880274,0.000000000,0.000000000,-0.005546723,0.999984617,9
1782463487.453348875,29.618046045,8425,vicon_state_data,ball,1,0,0.922418604,0.022218272,1.048226873,0.000000000,0.000000000,0.000000000,1.000000000,1,-0.863595999,-0.380633743,0.819863781,0.000000000,0.000000000,-0.005453345,0.999985130,9
1782463487.456601620,29.621298790,8426,vicon_state_data,ball,1,0,0.912034314,0.023351782,1.045386646,0.000000000,0.000000000,0.000000000,1.000000000,1,-0.863739708,-0.380587544,0.819975185,0.000000000,0.000000000,-0.004869062,0.999988146,9
1782463487.460226297,29.624923468,8427,vicon_state_data,ball,1,0,0.901718920,0.024455704,1.042395914,0.000000000,0.000000000,0.000000000,1.000000000,1,-0.863614663,-0.380724007,0.819834946,0.000000000,0.000000000,-0.005559115,0.999984548,9
1782463487.463534832,29.628232002,8428,vicon_state_data,ball,1,0,0.891336029,0.025552452,1.039298248,0.000000000,0.000000000,0.000000000,1.000000000,1,-0.863623641,-0.380784464,0.819849604,0.000000000,0.000000000,-0.005618920,0.999984214,9
1782463487.466987610,29.631684780,8429,vicon_state_data,ball,1,0,0.880873014,0.026374123,1.036018759,0.000000000,0.000000000,0.000000000,1.000000000,1,-0.863685901,-0.380750767,0.819899067,0.000000000,0.000000000,-0.005340677,0.999985738,9
1782463487.470161676,29.634858847,8430,vicon_state_data,ball,1,0,0.870442207,0.027166090,1.032926319,0.000000000,0.000000000,0.000000000,1.000000000,1,-0.863761301,-0.380742115,0.819945941,0.000000000,0.000000000,-0.005014684,0.999987426,9
1782463487.473443508,29.638140678,8431,vicon_state_data,ball,1,0,0.860171866,0.027861263,1.029669367,0.000000000,0.000000000,0.000000000,1.000000000,1,-0.863676102,-0.380875542,0.819853117,0.000000000,0.000000000,-0.005566134,0.999984509,9
1782463487.476722956,29.641420126,8432,vicon_state_data,ball,1,0,0.850048140,0.028632500,1.026261289,0.000000000,0.000000000,0.000000000,1.000000000,1,-0.863667770,-0.380873165,0.819805937,0.000000000,0.000000000,-0.005603845,0.999984298,9
1782463487.480011463,29.644708633,8433,vicon_state_data,ball,1,0,0.840001152,0.029522623,1.022733891,0.000000000,0.000000000,0.000000000,1.000000000,1,-0.863641028,-0.380854274,0.819693836,0.000000000,0.000000000,-0.005682682,0.999983853,9
1782463487.483743906,29.648441076,8434,vicon_state_data,ball,1,0,0.829901218,0.030525482,1.018981503,0.000000000,0.000000000,0.000000000,1.000000000,1,-0.863719410,-0.380901684,0.819804881,0.000000000,0.000000000,-0.005587930,0.999984387,9
1782463487.487081051,29.651778221,8435,vicon_state_data,ball,1,0,0.819726192,0.031326192,1.015205099,0.000000000,0.000000000,0.000000000,1.000000000,1,-0.863761027,-0.380916469,0.819843547,0.000000000,0.000000000,-0.005339067,0.999985747,9
1782463487.490506172,29.655203342,8436,vicon_state_data,ball,1,0,0.809590064,0.032186411,1.011243160,0.000000000,0.000000000,0.000000000,1.000000000,1,-0.863311773,-0.381413053,0.819440269,0.000000000,0.000000000,-0.010053934,0.999949458,9
1782463487.493525743,29.658222914,8437,vicon_state_data,ball,1,0,0.799456908,0.033172841,1.007131687,0.000000000,0.000000000,0.000000000,1.000000000,1,-0.863730648,-0.380969251,0.819753945,0.000000000,0.000000000,-0.005533629,0.999984689,9
1782463487.496762514,29.661459684,8438,vicon_state_data,ball,1,0,0.789153895,0.034209508,1.003008328,0.000000000,0.000000000,0.000000000,1.000000000,1,-0.863377034,-0.381504374,0.819567154,0.000000000,0.000000000,-0.009911906,0.999950876,9
1782463487.500278711,29.664975882,8439,vicon_state_data,ball,1,0,0.778813423,0.035322219,0.998899425,0.000000000,0.000000000,0.000000000,1.000000000,1,-0.863798635,-0.381044663,0.819826328,0.000000000,0.000000000,-0.005383898,0.999985507,9
1782463487.503386736,29.668083906,8440,vicon_state_data,ball,1,0,0.768496744,0.036468974,0.994743410,0.000000000,0.000000000,0.000000000,1.000000000,1,-0.863832942,-0.381126013,0.819899909,0.000000000,0.000000000,-0.005495230,0.999984901,9
1782463487.506827116,29.671524286,8441,vicon_state_data,ball,1,0,0.758062756,0.037637838,0.990406281,0.000000000,0.000000000,0.000000000,1.000000000,1,-0.863883775,-0.381195154,0.819954738,0.000000000,0.000000000,-0.005350470,0.999985686,9
1782463487.510068655,29.674765825,8442,vicon_state_data,ball,1,0,0.747521775,0.038941455,0.985803591,0.000000000,0.000000000,0.000000000,1.000000000,1,-0.863875560,-0.381205539,0.819943287,0.000000000,0.000000000,-0.005499941,0.999984875,9
1782463487.513772488,29.678469658,8443,vicon_state_data,ball,1,0,0.737179349,0.039935683,0.981152644,0.000000000,0.000000000,0.000000000,1.000000000,1,-0.864011146,-0.381224403,0.820091210,0.000000000,0.000000000,-0.005048243,0.999987258,9
1782463487.516840935,29.681538105,8444,vicon_state_data,ball,1,0,0.727035264,0.040834154,0.976513333,0.000000000,0.000000000,0.000000000,1.000000000,1,-0.863894820,-0.381311009,0.819914693,0.000000000,0.000000000,-0.005612375,0.999984250,9
1782463487.520134926,29.684832096,8445,vicon_state_data,ball,1,0,0.716971995,0.041875026,0.971652920,0.000000000,0.000000000,0.000000000,1.000000000,1,-0.863924890,-0.381392738,0.819955469,0.000000000,0.000000000,-0.005730066,0.999983583,9
1782463487.523512602,29.688209772,8446,vicon_state_data,ball,1,0,0.707289721,0.042463256,0.966473139,0.000000000,0.000000000,0.000000000,1.000000000,1,-0.863925093,-0.381409237,0.819939874,0.000000000,0.000000000,-0.005727300,0.999983599,9
1782463487.526921272,29.691618443,8447,vicon_state_data,ball,1,0,0.697375390,0.043751514,0.961040266,0.000000000,0.000000000,0.000000000,1.000000000,1,-0.863883085,-0.381385265,0.819815690,0.000000000,0.000000000,-0.005780456,0.999983293,9
1782463487.529962301,29.694659472,8448,vicon_state_data,ball,1,0,0.687425155,0.044785337,0.955700786,0.000000000,0.000000000,0.000000000,1.000000000,1,-0.864004122,-0.381458263,0.819969454,0.000000000,0.000000000,-0.005566342,0.999984508,9
1782463487.533334494,29.698031664,8449,vicon_state_data,ball,1,0,0.677297001,0.045981192,0.950384609,0.000000000,0.000000000,0.000000000,1.000000000,1,-0.863989434,-0.381472967,0.819945290,0.000000000,0.000000000,-0.005592648,0.999984361,9
1782463487.536689043,29.701386213,8450,vicon_state_data,ball,1,0,0.667144411,0.047152694,0.944744999,0.000000000,0.000000000,0.000000000,1.000000000,1,-0.863936668,-0.381515084,0.819837681,0.000000000,0.000000000,-0.005811498,0.999983113,9
1782463487.540097952,29.704795122,8451,vicon_state_data,ball,1,0,0.656970136,0.048393324,0.939115162,0.000000000,0.000000000,0.000000000,1.000000000,1,-0.863627389,-0.381921354,0.819626626,0.000000000,0.000000000,-0.009584882,0.999954064,9
1782463487.543445349,29.708142519,8452,vicon_state_data,ball,1,0,0.646751932,0.049563664,0.933612586,0.000000000,0.000000000,0.000000000,1.000000000,1,-0.864035698,-0.381586109,0.819958029,0.000000000,0.000000000,-0.005799121,0.999983185,9
1782463487.546834946,29.711532116,8453,vicon_state_data,ball,1,0,0.636619504,0.050735239,0.928020095,0.000000000,0.000000000,0.000000000,1.000000000,1,-0.864037303,-0.381595385,0.819913956,0.000000000,0.000000000,-0.005771136,0.999983347,9
1782463487.550189257,29.714886427,8454,vicon_state_data,ball,1,0,0.626555620,0.051960314,0.922343355,0.000000000,0.000000000,0.000000000,1.000000000,1,-0.864025301,-0.381687147,0.819919168,0.000000000,0.000000000,-0.005919412,0.999982480,9
1782463487.553389549,29.718086720,8455,vicon_state_data,ball,1,0,0.616457167,0.053122640,0.916480077,0.000000000,0.000000000,0.000000000,1.000000000,1,-0.864036773,-0.381728194,0.819929097,0.000000000,0.000000000,-0.006031150,0.999981812,9
1782463487.556645870,29.721343040,8456,vicon_state_data,ball,1,0,0.606194794,0.054147998,0.910778798,0.000000000,0.000000000,0.000000000,1.000000000,1,-0.864070012,-0.381744525,0.819982532,0.000000000,0.000000000,-0.005875398,0.999982740,9
1782463487.560041189,29.724738359,8457,vicon_state_data,ball,1,0,0.595993601,0.054977289,0.904658140,0.000000000,0.000000000,0.000000000,1.000000000,1,-0.863721158,-0.382120913,0.819700033,0.000000000,0.000000000,-0.009452967,0.999955320,9
1782463487.563346863,29.728044033,8458,vicon_state_data,ball,1,0,0.585948064,0.055816902,0.898519465,0.000000000,0.000000000,0.000000000,1.000000000,1,-0.864066276,-0.381801952,0.819918534,0.000000000,0.000000000,-0.006031902,0.999981808,9
1782463487.567167997,29.731865168,8459,vicon_state_data,ball,1,0,0.576106529,0.056594426,0.892349448,0.000000000,0.000000000,0.000000000,1.000000000,1,-0.864119722,-0.381847206,0.820004941,0.000000000,0.000000000,-0.005869017,0.999982777,9
1782463487.570514441,29.735211611,8460,vicon_state_data,ball,1,0,0.566166184,0.057731271,0.886182227,0.000000000,0.000000000,0.000000000,1.000000000,1,-0.864092384,-0.381836633,0.819931449,0.000000000,0.000000000,-0.005869181,0.999982776,9
1782463487.573480606,29.738177776,8461,vicon_state_data,ball,1,0,0.556313897,0.058795990,0.879620465,0.000000000,0.000000000,0.000000000,1.000000000,1,-0.864112777,-0.381868299,0.819948582,0.000000000,0.000000000,-0.005912194,0.999982523,9
1782463487.576770782,29.741467953,8462,vicon_state_data,ball,1,0,0.546368922,0.059773663,0.873135606,0.000000000,0.000000000,0.000000000,1.000000000,1,-0.864137064,-0.381905532,0.819975545,0.000000000,0.000000000,-0.005892489,0.999982639,9
1782463487.579961538,29.744658709,8463,vicon_state_data,ball,1,0,0.536484217,0.060676625,0.866495352,0.000000000,0.000000000,0.000000000,1.000000000,1,-0.863778127,-0.382379202,0.819687420,0.000000000,0.000000000,-0.009769717,0.999952275,9
1782463487.583767891,29.748465061,8464,vicon_state_data,ball,1,0,0.526557449,0.061758867,0.859775561,0.000000000,0.000000000,0.000000000,1.000000000,1,-0.864064520,-0.381996747,0.819834074,0.000000000,0.000000000,-0.006415817,0.999979418,9
1782463487.586708546,29.751405716,8465,vicon_state_data,ball,1,0,0.516509238,0.062840113,0.852921352,0.000000000,0.000000000,0.000000000,1.000000000,1,-0.864138713,-0.382124300,0.819917156,0.000000000,0.000000000,-0.006297977,0.999980168,9
1782463487.590018749,29.754715919,8466,vicon_state_data,ball,1,0,0.506424761,0.064014484,0.846061133,0.000000000,0.000000000,0.000000000,1.000000000,1,-0.864159058,-0.382074881,0.819897010,0.000000000,0.000000000,-0.006068229,0.999981588,9
1782463487.593638897,29.758336067,8467,vicon_state_data,ball,1,0,0.496335256,0.065326516,0.839215084,0.000000000,0.000000000,0.000000000,1.000000000,1,-0.864174497,-0.382175703,0.819951750,0.000000000,0.000000000,-0.006220056,0.999980655,9
1782463487.596727610,29.761424780,8468,vicon_state_data,ball,1,0,0.486197364,0.066594379,0.832206952,0.000000000,0.000000000,0.000000000,1.000000000,1,-0.863815726,-0.382608904,0.819622774,0.000000000,0.000000000,-0.010195934,0.999948020,9
1782463487.600150108,29.764847279,8469,vicon_state_data,ball,1,0,0.476031561,0.067828859,0.824972890,0.000000000,0.000000000,0.000000000,1.000000000,1,-0.864166013,-0.382317404,0.819861788,0.000000000,0.000000000,-0.006357657,0.999979790,9
1782463487.603438139,29.768135309,8470,vicon_state_data,ball,1,0,0.465960363,0.068993490,0.817589252,0.000000000,0.000000000,0.000000000,1.000000000,1,-0.863866687,-0.382710222,0.819620213,0.000000000,0.000000000,-0.010050834,0.999949489,9
1782463487.606653929,29.771351099,8471,vicon_state_data,ball,1,0,0.455912897,0.070379038,0.810124967,0.000000000,0.000000000,0.000000000,1.000000000,1,-0.863864831,-0.382734721,0.819595008,0.000000000,0.000000000,-0.010073872,0.999949257,9
1782463487.609984159,29.774681330,8472,vicon_state_data,ball,1,0,0.446047124,0.071430975,0.802667775,0.000000000,0.000000000,0.000000000,1.000000000,1,-0.863888277,-0.382716146,0.819592012,0.000000000,0.000000000,-0.009970286,0.999950295,9
1782463487.613561392,29.778258562,8473,vicon_state_data,ball,1,0,0.436321060,0.072438087,0.794928030,0.000000000,0.000000000,0.000000000,1.000000000,1,-0.864181566,-0.382400313,0.819697874,0.000000000,0.000000000,-0.006632374,0.999978006,9
1782463487.616983414,29.781680584,8474,vicon_state_data,ball,1,0,0.426818451,0.073562787,0.786666273,0.000000000,0.000000000,0.000000000,1.000000000,1,-0.863971097,-0.382746562,0.819592196,0.000000000,0.000000000,-0.009565771,0.999954247,9
1782463487.620180845,29.784878016,8475,vicon_state_data,ball,1,0,0.417045808,0.074672191,0.778673453,0.000000000,0.000000000,0.000000000,1.000000000,1,-0.863932251,-0.382876645,0.819551587,0.000000000,0.000000000,-0.010076003,0.999949236,9
1782463487.623356104,29.788053274,8476,vicon_state_data,ball,1,0,0.407169347,0.076035683,0.771028835,0.000000000,0.000000000,0.000000000,1.000000000,1,-0.863940675,-0.382913000,0.819537123,0.000000000,0.000000000,-0.009964572,0.999950352,9
1782463487.626621962,29.791319132,8477,vicon_state_data,ball,1,0,0.397878172,0.077264398,0.769193020,0.000000000,0.000000000,0.000000000,1.000000000,1,-0.863953322,-0.382941071,0.819544478,0.000000000,0.000000000,-0.010089327,0.999949101,9
1782463487.629987478,29.794684649,8478,vicon_state_data,ball,1,0,0.389447740,0.078478115,0.776165958,0.000000000,0.000000000,0.000000000,1.000000000,1,-0.863943035,-0.383002906,0.819526549,0.000000000,0.000000000,-0.010192482,0.999948055,9
1782463487.633658886,29.798356056,8479,vicon_state_data,ball,1,0,0.381043241,0.079700987,0.783007872,0.000000000,0.000000000,0.000000000,1.000000000,1,-0.864269043,-0.382646312,0.819687130,0.000000000,0.000000000,-0.006805699,0.999976841,9
1782463487.636861324,29.801558495,8480,vicon_state_data,ball,1,0,0.372683455,0.080841292,0.789886313,0.000000000,0.000000000,0.000000000,1.000000000,1,-0.863988225,-0.383053384,0.819511634,0.000000000,0.000000000,-0.010271568,0.999947246,9
1782463487.639988661,29.804685831,8481,vicon_state_data,ball,1,0,0.364356650,0.082007952,0.796735552,0.000000000,0.000000000,0.000000000,1.000000000,1,-0.863972164,-0.383149183,0.819486308,0.000000000,0.000000000,-0.010457448,0.999945319,9
1782463487.643453121,29.808150291,8482,vicon_state_data,ball,1,0,0.356055668,0.083171877,0.803546136,0.000000000,0.000000000,0.000000000,1.000000000,1,-0.864292464,-0.382766144,0.819682067,0.000000000,0.000000000,-0.006769282,0.999977088,9
1782463487.646752119,29.811449289,8483,vicon_state_data,ball,1,0,0.347774117,0.084228650,0.810225460,0.000000000,0.000000000,0.000000000,1.000000000,1,-0.863997042,-0.383223766,0.819501987,0.000000000,0.000000000,-0.010398697,0.999945932,9
1782463487.650521755,29.815218925,8484,vicon_state_data,ball,1,0,0.339510866,0.085242049,0.816817410,0.000000000,0.000000000,0.000000000,1.000000000,1,-0.864336727,-0.382824756,0.819669343,0.000000000,0.000000000,-0.006577359,0.999978369,9
1782463487.653487444,29.818184614,8485,vicon_state_data,ball,1,0,0.331190024,0.086268577,0.823149005,0.000000000,0.000000000,0.000000000,1.000000000,1,-0.864479439,-0.382821652,0.819786532,0.000000000,0.000000000,-0.005982197,0.999982107,9
1782463487.656962633,29.821659803,8486,vicon_state_data,ball,1,0,0.322780244,0.087209901,0.829259636,0.000000000,0.000000000,0.000000000,1.000000000,1,-0.864279676,-0.383186748,0.819716688,0.000000000,0.000000000,-0.008637961,0.999962692,9
1782463487.660088062,29.824785233,8487,vicon_state_data,ball,1,0,0.314346847,0.088215977,0.835220218,0.000000000,0.000000000,0.000000000,1.000000000,1,-0.864299483,-0.383244973,0.819693823,0.000000000,0.000000000,-0.008645371,0.999962628,9
1782463487.663502932,29.828200102,8488,vicon_state_data,ball,1,0,0.305959597,0.089237340,0.841114177,0.000000000,0.000000000,0.000000000,1.000000000,1,-0.864325222,-0.383261161,0.819691278,0.000000000,0.000000000,-0.008591391,0.999963093,9
1782463487.667038679,29.831735849,8489,vicon_state_data,ball,1,0,0.297524082,0.090210939,0.846888762,0.000000000,0.000000000,0.000000000,1.000000000,1,-0.864548242,-0.382978176,0.819700232,0.000000000,0.000000000,-0.005907780,0.999982549,9
1782463487.670041800,29.834738970,8490,vicon_state_data,ball,1,0,0.289144281,0.091161006,0.852393092,0.000000000,0.000000000,0.000000000,1.000000000,1,-0.864595812,-0.382803794,0.819641470,0.000000000,0.000000000,-0.006936650,0.999975941,9
1782463487.673680782,29.838377953,8491,vicon_state_data,ball,1,0,0.280618826,0.092274506,0.858146112,0.000000000,0.000000000,0.000000000,1.000000000,1,-0.864362148,-0.383373576,0.819642243,0.000000000,0.000000000,-0.008661195,0.999962491,9
1782463487.676734924,29.841432095,8492,vicon_state_data,ball,1,0,0.272338484,0.093337298,0.863653799,0.000000000,0.000000000,0.000000000,1.000000000,1,-0.864391835,-0.383390995,0.819680194,0.000000000,0.000000000,-0.008516842,0.999963731,9
1782463487.681296110,29.845993280,8493,vicon_state_data,ball,1,0,0.264154666,0.094331884,0.869172830,0.000000000,0.000000000,0.000000000,1.000000000,1,-0.864433333,-0.383442564,0.819704971,0.000000000,0.000000000,-0.008382481,0.999964866,9
1782463487.683728218,29.848425388,8494,vicon_state_data,ball,1,0,0.255918703,0.095397939,0.874527107,0.000000000,0.000000000,0.000000000,1.000000000,1,-0.863174327,-0.384369929,0.820453979,0.000000000,0.000000000,0.000000000,1.000000000,9
1782463487.686645508,29.851342678,8495,vicon_state_data,ball,1,0,0.247848773,0.096832387,0.879372034,0.000000000,0.000000000,0.000000000,1.000000000,1,-0.863174327,-0.384369929,0.820453979,0.000000000,0.000000000,0.000000000,1.000000000,9
1782463487.689870119,29.854567289,8496,vicon_state_data,ball,1,0,0.239754667,0.098038259,0.884445856,0.000000000,0.000000000,0.000000000,1.000000000,1,-0.863174327,-0.384369929,0.820453979,0.000000000,0.000000000,0.000000000,1.000000000,9
1782463487.693428755,29.858125925,8497,vicon_state_data,ball,1,0,0.231699204,0.099217401,0.889422355,0.000000000,0.000000000,0.000000000,1.000000000,1,-0.863174327,-0.384369929,0.820453979,0.000000000,0.000000000,0.000000000,1.000000000,9
1782463487.696608305,29.861305475,8498,vicon_state_data,ball,1,0,0.224088861,0.099783119,0.894287826,0.000000000,0.000000000,0.000000000,1.000000000,1,-0.863174327,-0.384369929,0.820453979,0.000000000,0.000000000,0.000000000,1.000000000,9
1782463487.699923992,29.864621162,8499,vicon_state_data,ball,1,0,0.215949378,0.100950026,0.899108733,0.000000000,0.000000000,0.000000000,1.000000000,1,-0.863174327,-0.384369929,0.820453979,0.000000000,0.000000000,0.000000000,1.000000000,9
1782463487.703382492,29.868079662,8500,vicon_state_data,ball,1,0,0.207753975,0.102084385,0.903763171,0.000000000,0.000000000,0.000000000,1.000000000,1,-0.863174327,-0.384369929,0.820453979,0.000000000,0.000000000,0.000000000,1.000000000,9
1782463487.706665993,29.871363163,8501,vicon_state_data,ball,1,0,0.199605326,0.103115012,0.908317765,0.000000000,0.000000000,0.000000000,1.000000000,1,-0.863174327,-0.384369929,0.820453979,0.000000000,0.000000000,0.000000000,1.000000000,9
1782463487.710048437,29.874745607,8502,vicon_state_data,ball,1,0,0.191441917,0.104145430,0.912847981,0.000000000,0.000000000,0.000000000,1.000000000,1,-0.863174327,-0.384369929,0.820453979,0.000000000,0.000000000,0.000000000,1.000000000,9
1782463487.713227272,29.877924442,8503,vicon_state_data,ball,1,0,0.183271355,0.105200159,0.917089465,0.000000000,0.000000000,0.000000000,1.000000000,1,-0.863174327,-0.384369929,0.820453979,0.000000000,0.000000000,0.000000000,1.000000000,9
1782463487.716672421,29.881369591,8504,vicon_state_data,ball,1,0,0.175118593,0.106338223,0.921193772,0.000000000,0.000000000,0.000000000,1.000000000,1,-0.863174327,-0.384369929,0.820453979,0.000000000,0.000000000,0.000000000,1.000000000,9
1782463487.720048428,29.884745598,8505,vicon_state_data,ball,1,0,0.166850307,0.107562559,0.925194075,0.000000000,0.000000000,0.000000000,1.000000000,1,-0.864936317,-0.383565971,0.820039756,0.000000000,0.000000000,-0.006551696,0.999978537,9
1782463487.723292112,29.887989283,8506,vicon_state_data,ball,1,0,0.158622314,0.108753772,0.929030405,0.000000000,0.000000000,0.000000000,1.000000000,1,-0.863174327,-0.384369929,0.820453979,0.000000000,0.000000000,0.000000000,1.000000000,9
1782463487.726560593,29.891257763,8507,vicon_state_data,ball,1,0,0.150347750,0.109952569,0.932738538,0.000000000,0.000000000,0.000000000,1.000000000,1,-0.863174327,-0.384369929,0.820453979,0.000000000,0.000000000,0.000000000,1.000000000,9
1782463487.729946613,29.894643784,8508,vicon_state_data,ball,1,0,0.142344055,0.111031393,0.936236689,0.000000000,0.000000000,0.000000000,1.000000000,1,-0.863174327,-0.384369929,0.820453979,0.000000000,0.000000000,0.000000000,1.000000000,9
1782463487.733561039,29.898258209,8509,vicon_state_data,ball,1,0,0.134336818,0.112098557,0.939667553,0.000000000,0.000000000,0.000000000,1.000000000,1,-0.863174327,-0.384369929,0.820453979,0.000000000,0.000000000,0.000000000,1.000000000,9
1782463487.736664057,29.901361227,8510,vicon_state_data,ball,1,0,0.126285370,0.113230595,0.943027352,0.000000000,0.000000000,0.000000000,1.000000000,1,-0.863174327,-0.384369929,0.820453979,0.000000000,0.000000000,0.000000000,1.000000000,9
1782463487.739980459,29.904677629,8511,vicon_state_data,ball,1,0,0.118245377,0.114392998,0.946289047,0.000000000,0.000000000,0.000000000,1.000000000,1,-0.863174327,-0.384369929,0.820453979,0.000000000,0.000000000,0.000000000,1.000000000,9
1782463487.743232727,29.907929897,8512,vicon_state_data,ball,1,0,0.110266030,0.115564974,0.949551644,0.000000000,0.000000000,0.000000000,1.000000000,1,-0.863174327,-0.384369929,0.820453979,0.000000000,0.000000000,0.000000000,1.000000000,9
1782463487.746581554,29.911278725,8513,vicon_state_data,ball,1,0,0.102246961,0.116783230,0.952709499,0.000000000,0.000000000,0.000000000,1.000000000,1,-0.863174327,-0.384369929,0.820453979,0.000000000,0.000000000,0.000000000,1.000000000,9
1782463487.749901295,29.914598465,8514,vicon_state_data,ball,1,0,0.094251893,0.117963077,0.955702486,0.000000000,0.000000000,0.000000000,1.000000000,1,-0.863174327,-0.384369929,0.820453979,0.000000000,0.000000000,0.000000000,1.000000000,9
1782463487.753165007,29.917862177,8515,vicon_state_data,ball,1,0,0.086234461,0.119143654,0.958509481,0.000000000,0.000000000,0.000000000,1.000000000,1,-0.863174327,-0.384369929,0.820453979,0.000000000,0.000000000,0.000000000,1.000000000,9
1782463487.756707907,29.921405077,8516,vicon_state_data,ball,1,0,0.078205672,0.120282669,0.961234449,0.000000000,0.000000000,0.000000000,1.000000000,1,-0.863174327,-0.384369929,0.820453979,0.000000000,0.000000000,0.000000000,1.000000000,9
1782463487.759857655,29.924554825,8517,vicon_state_data,ball,1,0,0.070152467,0.121492687,0.963903142,0.000000000,0.000000000,0.000000000,1.000000000,1,-0.863174327,-0.384369929,0.820453979,0.000000000,0.000000000,0.000000000,1.000000000,9
1782463487.763322115,29.928019285,8518,vicon_state_data,ball,1,0,0.062101677,0.122649511,0.966609477,0.000000000,0.000000000,0.000000000,1.000000000,1,-0.863174327,-0.384369929,0.820453979,0.000000000,0.000000000,0.000000000,1.000000000,9
1782463487.766593695,29.931290865,8519,vicon_state_data,ball,1,0,0.054017212,0.123819123,0.969129955,0.000000000,0.000000000,0.000000000,1.000000000,1,-0.863174327,-0.384369929,0.820453979,0.000000000,0.000000000,0.000000000,1.000000000,9
1782463487.769860506,29.934557676,8520,vicon_state_data,ball,1,0,0.045954310,0.124972993,0.971591794,0.000000000,0.000000000,0.000000000,1.000000000,1,-0.863174327,-0.384369929,0.820453979,0.000000000,0.000000000,0.000000000,1.000000000,9
1782463487.773240566,29.937937737,8521,vicon_state_data,ball,1,0,0.037985278,0.126055821,0.973891426,0.000000000,0.000000000,0.000000000,1.000000000,1,-0.863174327,-0.384369929,0.820453979,0.000000000,0.000000000,0.000000000,1.000000000,9
1782463487.776816845,29.941514015,8522,vicon_state_data,ball,1,0,0.029999160,0.126953286,0.975942882,0.000000000,0.000000000,0.000000000,1.000000000,1,-0.865137736,-0.384738938,0.820130323,0.000000000,0.000000000,-0.005965742,0.999982205,9
1782463487.780166864,29.944864035,8523,vicon_state_data,ball,1,0,0.021933112,0.127891018,0.977722891,0.000000000,0.000000000,0.000000000,1.000000000,1,-0.865157668,-0.384805666,0.820143966,0.000000000,0.000000000,-0.005980121,0.999982119,9
1782463487.783522606,29.948219776,8524,vicon_state_data,ball,1,0,0.013889737,0.128974019,0.979511434,0.000000000,0.000000000,0.000000000,1.000000000,1,-0.865185033,-0.384850539,0.820192019,0.000000000,0.000000000,-0.005900953,0.999982589,9
1782463487.787327766,29.952024937,8525,vicon_state_data,ball,1,0,0.005767500,0.130021483,0.981212592,0.000000000,0.000000000,0.000000000,1.000000000,1,-0.865187965,-0.384889318,0.820163609,0.000000000,0.000000000,-0.005970158,0.999982178,9
1782463487.790115595,29.954812765,8526,vicon_state_data,ball,1,0,-0.002974803,0.131492475,0.982577404,0.000000000,0.000000000,0.000000000,1.000000000,1,-0.865195720,-0.384988508,0.820146846,0.000000000,0.000000000,-0.006137526,0.999981165,9
1782463487.793367386,29.958064556,8527,vicon_state_data,ball,1,0,-0.011066544,0.132569420,0.983954264,0.000000000,0.000000000,0.000000000,1.000000000,1,-0.865226062,-0.385000766,0.820196839,0.000000000,0.000000000,-0.006003221,0.999981981,9
1782463487.797228575,29.961925745,8528,vicon_state_data,ball,1,0,-0.019093017,0.133680922,0.985258561,0.000000000,0.000000000,0.000000000,1.000000000,1,-0.865225444,-0.385091455,0.820173246,0.000000000,0.000000000,-0.006151672,0.999981078,9
1782463487.800354242,29.965051413,8529,vicon_state_data,ball,1,0,-0.027087580,0.134878703,0.986694500,0.000000000,0.000000000,0.000000000,1.000000000,1,-0.865230410,-0.385138811,0.820158233,0.000000000,0.000000000,-0.006200592,0.999980776,9
1782463487.803626537,29.968323708,8530,vicon_state_data,ball,1,0,-0.035060072,0.136055659,0.988067477,0.000000000,0.000000000,0.000000000,1.000000000,1,-0.865268869,-0.385178744,0.820180377,0.000000000,0.000000000,-0.006006162,0.999981963,9
1782463487.807300806,29.971997976,8531,vicon_state_data,ball,1,0,-0.043047623,0.137276274,0.989378491,0.000000000,0.000000000,0.000000000,1.000000000,1,-0.865261954,-0.385261368,0.820126170,0.000000000,0.000000000,-0.006174140,0.999980940,9
1782463487.810150146,29.974847317,8532,vicon_state_data,ball,1,0,-0.050911997,0.138556958,0.990493054,0.000000000,0.000000000,0.000000000,1.000000000,1,-0.865249435,-0.385318728,0.820096427,0.000000000,0.000000000,-0.006411540,0.999979446,9
1782463487.813440084,29.978137255,8533,vicon_state_data,ball,1,0,-0.058688458,0.139858658,0.991455602,0.000000000,0.000000000,0.000000000,1.000000000,1,-0.865283963,-0.385376846,0.820130273,0.000000000,0.000000000,-0.006298840,0.999980162,9
1782463487.816758156,29.981455326,8534,vicon_state_data,ball,1,0,-0.066492643,0.141073481,0.992424571,0.000000000,0.000000000,0.000000000,1.000000000,1,-0.865289586,-0.385431811,0.820128908,0.000000000,0.000000000,-0.006311152,0.999980084,9
1782463487.820253849,29.984951019,8535,vicon_state_data,ball,1,0,-0.074301187,0.142268727,0.993300194,0.000000000,0.000000000,0.000000000,1.000000000,1,-0.865302374,-0.385437472,0.820108253,0.000000000,0.000000000,-0.006335380,0.999979931,9
1782463487.823816538,29.988513708,8536,vicon_state_data,ball,1,0,-0.082102129,0.143457066,0.994063166,0.000000000,0.000000000,0.000000000,1.000000000,1,-0.865315515,-0.385493084,0.820077414,0.000000000,0.000000000,-0.006426988,0.999979347,9
1782463487.827106714,29.991803885,8537,vicon_state_data,ball,1,0,-0.089916724,0.144648919,0.994724197,0.000000000,0.000000000,0.000000000,1.000000000,1,-0.865300181,-0.385526225,0.820042232,0.000000000,0.000000000,-0.006466825,0.999979090,9
1782463487.830111027,29.994808197,8538,vicon_state_data,ball,1,0,-0.097756370,0.145768371,0.995221363,0.000000000,0.000000000,0.000000000,1.000000000,1,-0.865333423,-0.385578939,0.820089127,0.000000000,0.000000000,-0.006421349,0.999979383,9
1782463487.833600760,29.998297930,8539,vicon_state_data,ball,1,0,-0.105588718,0.146888785,0.995599015,0.000000000,0.000000000,0.000000000,1.000000000,1,-0.865339703,-0.385618299,0.820091723,0.000000000,0.000000000,-0.006473534,0.999979046,9
1782463487.836999893,30.001697063,8540,vicon_state_data,ball,1,0,-0.113451730,0.148047141,0.995822889,0.000000000,0.000000000,0.000000000,1.000000000,1,-0.865343026,-0.385673171,0.820062206,0.000000000,0.000000000,-0.006631667,0.999978010,9
1782463487.840433836,30.005131006,8541,vicon_state_data,ball,1,0,-0.121320497,0.149192613,0.995922120,0.000000000,0.000000000,0.000000000,1.000000000,1,-0.865413619,-0.385635960,0.820126898,0.000000000,0.000000000,-0.006174526,0.999980937,9
1782463487.843706369,30.008403540,8542,vicon_state_data,ball,1,0,-0.129208931,0.150300609,0.995900707,0.000000000,0.000000000,0.000000000,1.000000000,1,-0.865389151,-0.385718330,0.820109300,0.000000000,0.000000000,-0.006465529,0.999979098,9
1782463487.846818447,30.011515617,8543,vicon_state_data,ball,1,0,-0.137110381,0.151407494,0.995728320,0.000000000,0.000000000,0.000000000,1.000000000,1,-0.865385711,-0.385767455,0.820059531,0.000000000,0.000000000,-0.006490951,0.999978934,9
1782463487.850471735,30.015168905,8544,vicon_state_data,ball,1,0,-0.144959167,0.152554284,0.995394197,0.000000000,0.000000000,0.000000000,1.000000000,1,-0.865425927,-0.385774098,0.820082656,0.000000000,0.000000000,-0.006359027,0.999979781,9
1782463487.853952408,30.018649578,8545,vicon_state_data,ball,1,0,-0.152834089,0.153706069,0.994965920,0.000000000,0.000000000,0.000000000,1.000000000,1,-0.865406265,-0.385787197,0.820042883,0.000000000,0.000000000,-0.006415633,0.999979420,9
1782463487.856806517,30.021503687,8546,vicon_state_data,ball,1,0,-0.160647193,0.154885720,0.994412328,0.000000000,0.000000000,0.000000000,1.000000000,1,-0.865444962,-0.385884505,0.820115084,0.000000000,0.000000000,-0.006272351,0.999980329,9
1782463487.860078096,30.024775267,8547,vicon_state_data,ball,1,0,-0.168459704,0.156113308,0.993767674,0.000000000,0.000000000,0.000000000,1.000000000,1,-0.865645393,-0.385841010,0.820294427,0.000000000,0.000000000,-0.005356486,0.999985654,9
1782463487.863488436,30.028185606,8548,vicon_state_data,ball,1,0,-0.176227669,0.157325996,0.993038994,0.000000000,0.000000000,0.000000000,1.000000000,1,-0.865650787,-0.385915377,0.820304286,0.000000000,0.000000000,-0.005326482,0.999985814,9
1782463487.867055178,30.031752348,8549,vicon_state_data,ball,1,0,-0.184015352,0.158610037,0.992204209,0.000000000,0.000000000,0.000000000,1.000000000,1,-0.865505401,-0.385969925,0.820134177,0.000000000,0.000000000,-0.006209541,0.999980721,9
1782463487.870207548,30.034904718,8550,vicon_state_data,ball,1,0,-0.191760906,0.159868828,0.991224329,0.000000000,0.000000000,0.000000000,1.000000000,1,-0.865389218,-0.386301313,0.820306503,0.000000000,0.000000000,-0.008105855,0.999967147,9
1782463487.873429298,30.038126469,8551,vicon_state_data,ball,1,0,-0.199602303,0.161051130,0.990178654,0.000000000,0.000000000,0.000000000,1.000000000,1,-0.865691461,-0.386128567,0.820635704,0.000000000,0.000000000,-0.005961155,0.999982232,9
1782463487.877028704,30.041725874,8552,vicon_state_data,ball,1,0,-0.207390695,0.162205426,0.988994127,0.000000000,0.000000000,0.000000000,1.000000000,1,-0.865732053,-0.386005738,0.820333571,0.000000000,0.000000000,-0.005097317,0.999987009,9
1782463487.880105257,30.044802427,8553,vicon_state_data,ball,1,0,-0.215189704,0.163418794,0.987788820,0.000000000,0.000000000,0.000000000,1.000000000,1,-0.865684583,-0.386284015,0.820619771,0.000000000,0.000000000,-0.006359652,0.999979777,9
1782463487.883625031,30.048322201,8554,vicon_state_data,ball,1,0,-0.222973412,0.164662247,0.986506667,0.000000000,0.000000000,0.000000000,1.000000000,1,-0.865708104,-0.386079554,0.820275267,0.000000000,0.000000000,-0.005355036,0.999985662,9
1782463487.886803150,30.051500320,8555,vicon_state_data,ball,1,0,-0.230772603,0.165839567,0.985152033,0.000000000,0.000000000,0.000000000,1.000000000,1,-0.865775452,-0.386109370,0.820351374,0.000000000,0.000000000,-0.005178869,0.999986590,9
1782463487.890377760,30.055074930,8556,vicon_state_data,ball,1,0,-0.238555306,0.166893934,0.983686555,0.000000000,0.000000000,0.000000000,1.000000000,1,-0.865694986,-0.386156406,0.820218231,0.000000000,0.000000000,-0.005554534,0.999984573,9
1782463487.893491268,30.058188438,8557,vicon_state_data,ball,1,0,-0.246338990,0.168032278,0.982063275,0.000000000,0.000000000,0.000000000,1.000000000,1,-0.865766258,-0.386159930,0.820320603,0.000000000,0.000000000,-0.005227891,0.999986334,9
1782463487.896756411,30.061453581,8558,vicon_state_data,ball,1,0,-0.254103648,0.169113970,0.980243268,0.000000000,0.000000000,0.000000000,1.000000000,1,-0.865776481,-0.386214440,0.820306306,0.000000000,0.000000000,-0.005250043,0.999986218,9
1782463487.900644541,30.065341711,8559,vicon_state_data,ball,1,0,-0.262004419,0.170266615,0.978216158,0.000000000,0.000000000,0.000000000,1.000000000,1,-0.865776886,-0.386453278,0.820640266,0.000000000,0.000000000,-0.006102212,0.999981381,9
1782463487.903861523,30.068558693,8560,vicon_state_data,ball,1,0,-0.269912621,0.171451196,0.976100443,0.000000000,0.000000000,0.000000000,1.000000000,1,-0.865797401,-0.386499356,0.820631169,0.000000000,0.000000000,-0.006147590,0.999981103,9
1782463487.906933784,30.071630955,8561,vicon_state_data,ball,1,0,-0.277818056,0.172684875,0.973923241,0.000000000,0.000000000,0.000000000,1.000000000,1,-0.865838643,-0.386499428,0.820673767,0.000000000,0.000000000,-0.005911360,0.999982528,9
1782463487.910242081,30.074939251,8562,vicon_state_data,ball,1,0,-0.285750387,0.173915195,0.971680793,0.000000000,0.000000000,0.000000000,1.000000000,1,-0.865797905,-0.386326392,0.820251913,0.000000000,0.000000000,-0.005245793,0.999986241,9
1782463487.913685083,30.078382254,8563,vicon_state_data,ball,1,0,-0.293441291,0.175099471,0.969581525,0.000000000,0.000000000,0.000000000,1.000000000,1,-0.865756968,-0.386360788,0.820177874,0.000000000,0.000000000,-0.005507546,0.999984833,9
1782463487.916963577,30.081660748,8564,vicon_state_data,ball,1,0,-0.301316187,0.176167741,0.966983830,0.000000000,0.000000000,0.000000000,1.000000000,1,-0.865828035,-0.386601290,0.820586057,0.000000000,0.000000000,-0.006173187,0.999980946,9
1782463487.920144796,30.084841967,8565,vicon_state_data,ball,1,0,-0.309134797,0.177497182,0.964456716,0.000000000,0.000000000,0.000000000,1.000000000,1,-0.865832235,-0.386600684,0.820595960,0.000000000,0.000000000,-0.006017062,0.999981897,9
1782463487.923617125,30.088314295,8566,vicon_state_data,ball,1,0,-0.316895786,0.178833678,0.961720408,0.000000000,0.000000000,0.000000000,1.000000000,1,-0.865821825,-0.386445391,0.820237386,0.000000000,0.000000000,-0.005194759,0.999986507,9
1782463487.927054167,30.091751337,8567,vicon_state_data,ball,1,0,-0.324818872,0.180416581,0.958662220,0.000000000,0.000000000,0.000000000,1.000000000,1,-0.865829748,-0.386486197,0.820236522,0.000000000,0.000000000,-0.005112529,0.999986931,9
1782463487.930300236,30.094997406,8568,vicon_state_data,ball,1,0,-0.332480369,0.181826227,0.956091574,0.000000000,0.000000000,0.000000000,1.000000000,1,-0.865831655,-0.386736622,0.820595348,0.000000000,0.000000000,-0.006179154,0.999980909,9
1782463487.933520794,30.098217964,8569,vicon_state_data,ball,1,0,-0.338370759,0.182183183,0.955256868,0.000000000,0.000000000,0.000000000,1.000000000,1,-0.865837983,-0.386741247,0.820547405,0.000000000,0.000000000,-0.006157204,0.999981044,9
1782463487.936726332,30.101423502,8570,vicon_state_data,ball,1,0,-0.339279143,0.182117317,0.957678422,0.000000000,0.000000000,0.000000000,1.000000000,1,-0.865865412,-0.386776307,0.820604129,0.000000000,0.000000000,-0.006086630,0.999981476,9
1782463487.940020084,30.104717255,8571,vicon_state_data,ball,1,0,-0.339576048,0.181914612,0.960433390,0.000000000,0.000000000,0.000000000,1.000000000,1,-0.865904130,-0.386767671,0.820617015,0.000000000,0.000000000,-0.005780898,0.999983290,9
1782463487.943397284,30.108094454,8572,vicon_state_data,ball,1,0,-0.339967265,0.181704479,0.963175794,0.000000000,0.000000000,0.000000000,1.000000000,1,-0.865860525,-0.386832586,0.820552891,0.000000000,0.000000000,-0.006200854,0.999980775,9
1782463487.947006226,30.111703396,8573,vicon_state_data,ball,1,0,-0.340214602,0.181397705,0.965789073,0.000000000,0.000000000,0.000000000,1.000000000,1,-0.865868354,-0.386862357,0.820569530,0.000000000,0.000000000,-0.006159929,0.999981027,9
1782463487.950332403,30.115029573,8574,vicon_state_data,ball,1,0,-0.340631850,0.181219823,0.968165706,0.000000000,0.000000000,0.000000000,1.000000000,1,-0.865882221,-0.386637471,0.820234461,0.000000000,0.000000000,-0.005031979,0.999987340,9
1782463487.954042912,30.118740082,8575,vicon_state_data,ball,1,0,-0.341300575,0.181458213,0.969695732,0.000000000,0.000000000,0.000000000,1.000000000,1,-0.865837355,-0.386682584,0.820172659,0.000000000,0.000000000,-0.005295179,0.999985980,9
1782463487.956809759,30.121506929,8576,vicon_state_data,ball,1,0,-0.341654283,0.181327851,0.971908607,0.000000000,0.000000000,0.000000000,1.000000000,1,-0.865862072,-0.386950999,0.820508795,0.000000000,0.000000000,-0.006318118,0.999980040,9
1782463487.960120678,30.124817848,8577,vicon_state_data,ball,1,0,-0.341957844,0.180962414,0.974548281,0.000000000,0.000000000,0.000000000,1.000000000,1,-0.865825855,-0.386993874,0.820465848,0.000000000,0.000000000,-0.006568604,0.999978426,9
1782463487.963499546,30.128196716,8578,vicon_state_data,ball,1,0,-0.342341832,0.180445260,0.977044526,0.000000000,0.000000000,0.000000000,1.000000000,1,-0.865731971,-0.387056867,0.820307676,0.000000000,0.000000000,-0.007226374,0.999973889,9
1782463487.966759205,30.131456375,8579,vicon_state_data,ball,1,0,-0.343565253,0.180913661,0.980066827,0.000000000,0.000000000,0.000000000,1.000000000,1,-0.865799806,-0.387083013,0.820407352,0.000000000,0.000000000,-0.006895121,0.999976228,9
1782463487.970213890,30.134911060,8580,vicon_state_data,ball,1,0,-0.344930579,0.180126752,0.985161161,0.000000000,0.000000000,0.000000000,1.000000000,1,-0.865761552,-0.387145048,0.820339876,0.000000000,0.000000000,-0.007229975,0.999973863,9
1782463487.973546505,30.138243675,8581,vicon_state_data,ball,1,0,-0.346494181,0.179298473,0.990425087,0.000000000,0.000000000,0.000000000,1.000000000,1,-0.865419622,-0.387321951,0.819881546,0.000000000,0.000000000,-0.009647065,0.999953466,9
