host_time_s,elapsed_s,frame_number,channel,name,ball_valid,ball_occluded,ball_x_m,ball_y_m,ball_z_m,ball_qx,ball_qy,ball_qz,ball_qw,base_valid,base_x_m,base_y_m,base_z_m,base_qx,base_qy,base_qz,base_qw,clean_segment_id
1782463460.889890671,3.054587841,903,vicon_state_data,ball,1,0,2.999309530,-0.165474480,0.882322584,0.000000000,0.000000000,0.000000000,1.000000000,1,-0.867393041,-0.386674256,0.820194457,0.000000000,0.000000000,0.000780048,0.999999696,1
1782463460.893548250,3.058245420,904,vicon_state_data,ball,1,0,2.997996208,-0.165125537,0.882130412,0.000000000,0.000000000,0.000000000,1.000000000,1,-0.867020760,-0.386944690,0.819787347,0.000000000,0.000000000,-0.002202629,0.999997574,1
1782463460.896640301,3.061337471,905,vicon_state_data,ball,1,0,2.996655558,-0.164026392,0.882590265,0.000000000,0.000000000,0.000000000,1.000000000,1,-0.867135663,-0.386771600,0.819876457,0.000000000,0.000000000,-0.001236341,0.999999236,1
1782463460.899966955,3.064664125,906,vicon_state_data,ball,1,0,2.995405110,-0.164317056,0.881992157,0.000000000,0.000000000,0.000000000,1.000000000,1,-0.867111342,-0.386791239,0.819852695,0.000000000,0.000000000,-0.001587526,0.999998740,1
1782463460.903448820,3.068145990,907,vicon_state_data,ball,1,0,2.994090274,-0.163329558,0.882479420,0.000000000,0.000000000,0.000000000,1.000000000,1,-0.867457480,-0.386384220,0.819995004,0.000000000,0.000000000,0.001693767,0.999998566,1
1782463460.906644821,3.071341991,908,vicon_state_data,ball,1,0,2.992697443,-0.161994392,0.883151136,0.000000000,0.000000000,0.000000000,1.000000000,1,-0.867649086,-0.386196003,0.820139638,0.000000000,0.000000000,0.002924343,0.999995724,1
1782463460.910048246,3.074745417,909,vicon_state_data,ball,1,0,2.991357863,-0.161173591,0.883422374,0.000000000,0.000000000,0.000000000,1.000000000,1,-0.867705766,-0.386142906,0.820205748,0.000000000,0.000000000,0.003364434,0.999994340,1
1782463460.913722515,3.078419685,910,vicon_state_data,ball,1,0,2.989975507,-0.160182489,0.883837826,0.000000000,0.000000000,0.000000000,1.000000000,1,-0.867731843,-0.386112686,0.820210208,0.000000000,0.000000000,0.003346865,0.999994399,1
1782463460.916637659,3.081334829,911,vicon_state_data,ball,1,0,2.988664346,-0.159359176,0.884306953,0.000000000,0.000000000,0.000000000,1.000000000,1,-0.867772518,-0.386108274,0.820241415,0.000000000,0.000000000,0.003395012,0.999994237,1
1782463460.919962645,3.084659815,912,vicon_state_data,ball,1,0,2.987328860,-0.158703563,0.884527272,0.000000000,0.000000000,0.000000000,1.000000000,1,-0.867776632,-0.386075341,0.820248950,0.000000000,0.000000000,0.003341820,0.999994416,1
1782463460.923257828,3.087954998,913,vicon_state_data,ball,1,0,2.986006541,-0.157901229,0.884956641,0.000000000,0.000000000,0.000000000,1.000000000,1,-0.867808718,-0.386049391,0.820288041,0.000000000,0.000000000,0.003441989,0.999994076,1
1782463460.926882744,3.091579914,914,vicon_state_data,ball,1,0,2.984658492,-0.157063724,0.885416332,0.000000000,0.000000000,0.000000000,1.000000000,1,-0.867835719,-0.386023686,0.820292127,0.000000000,0.000000000,0.003526553,0.999993782,1
1782463460.930037498,3.094734669,915,vicon_state_data,ball,1,0,2.983297482,-0.155890255,0.886033913,0.000000000,0.000000000,0.000000000,1.000000000,1,-0.867854623,-0.385996322,0.820295598,0.000000000,0.000000000,0.003567979,0.999993635,1
1782463460.933412075,3.098109245,916,vicon_state_data,ball,1,0,2.982007200,-0.155311076,0.886380000,0.000000000,0.000000000,0.000000000,1.000000000,1,-0.867890704,-0.385954898,0.820322062,0.000000000,0.000000000,0.003755944,0.999992946,1
1782463460.936554670,3.101251841,917,vicon_state_data,ball,1,0,2.980618056,-0.153853334,0.887271758,0.000000000,0.000000000,0.000000000,1.000000000,1,-0.867883647,-0.385924411,0.820272095,0.000000000,0.000000000,0.003708450,0.999993124,1
1782463460.939922333,3.104619503,918,vicon_state_data,ball,1,0,2.979330887,-0.152958714,0.887790002,0.000000000,0.000000000,0.000000000,1.000000000,1,-0.867910931,-0.385897455,0.820312397,0.000000000,0.000000000,0.003764343,0.999992915,1
1782463460.943604469,3.108301640,919,vicon_state_data,ball,1,0,2.978023985,-0.152274742,0.888287302,0.000000000,0.000000000,0.000000000,1.000000000,1,-0.867930933,-0.385871896,0.820319696,0.000000000,0.000000000,0.003774135,0.999992878,1
1782463460.947406054,3.112103224,920,vicon_state_data,ball,1,0,2.976750722,-0.151057901,0.889018020,0.000000000,0.000000000,0.000000000,1.000000000,1,-0.867957926,-0.385823209,0.820320260,0.000000000,0.000000000,0.003987234,0.999992051,1
1782463460.950174570,3.114871740,921,vicon_state_data,ball,1,0,2.975444634,-0.149999986,0.889729923,0.000000000,0.000000000,0.000000000,1.000000000,1,-0.867966816,-0.385796085,0.820291337,0.000000000,0.000000000,0.003962118,0.999992151,1
1782463460.953480005,3.118177176,922,vicon_state_data,ball,1,0,2.974177878,-0.149088421,0.890325285,0.000000000,0.000000000,0.000000000,1.000000000,1,-0.867964787,-0.385796954,0.820292031,0.000000000,0.000000000,0.003799046,0.999992784,1
1782463460.956634521,3.121331692,923,vicon_state_data,ball,1,0,2.972924277,-0.148320476,0.890856141,0.000000000,0.000000000,0.000000000,1.000000000,1,-0.867969473,-0.385755630,0.820248775,0.000000000,0.000000000,0.003768792,0.999992898,1
1782463460.960119724,3.124816895,924,vicon_state_data,ball,1,0,2.971603212,-0.146780728,0.891921158,0.000000000,0.000000000,0.000000000,1.000000000,1,-0.867985674,-0.385704154,0.820261700,0.000000000,0.000000000,0.003901842,0.999992388,1
1782463460.963617563,3.128314734,925,vicon_state_data,ball,1,0,2.970376834,-0.145748119,0.892600537,0.000000000,0.000000000,0.000000000,1.000000000,1,-0.867990006,-0.385671480,0.820227623,0.000000000,0.000000000,0.003880046,0.999992473,1
1782463460.966705561,3.131402731,926,vicon_state_data,ball,1,0,2.969118695,-0.144928109,0.893246422,0.000000000,0.000000000,0.000000000,1.000000000,1,-0.868014738,-0.385614688,0.820205642,0.000000000,0.000000000,0.004052232,0.999991790,1
1782463460.970093727,3.134790897,927,vicon_state_data,ball,1,0,2.967951945,-0.144030409,0.893872683,0.000000000,0.000000000,0.000000000,1.000000000,1,-0.868021518,-0.385600446,0.820210921,0.000000000,0.000000000,0.003928433,0.999992284,1
1782463460.973333836,3.138031006,928,vicon_state_data,ball,1,0,2.966669264,-0.142600618,0.894886612,0.000000000,0.000000000,0.000000000,1.000000000,1,-0.868005074,-0.385538340,0.820156290,0.000000000,0.000000000,0.004035675,0.999991857,1
1782463460.976732254,3.141429424,929,vicon_state_data,ball,1,0,2.965515258,-0.141823016,0.895533194,0.000000000,0.000000000,0.000000000,1.000000000,1,-0.868002552,-0.385511371,0.820155949,0.000000000,0.000000000,0.003945170,0.999992218,1
1782463460.980034590,3.144731760,930,vicon_state_data,ball,1,0,2.964294094,-0.140469255,0.896563922,0.000000000,0.000000000,0.000000000,1.000000000,1,-0.868004491,-0.385452023,0.820165097,0.000000000,0.000000000,0.004110941,0.999991550,1
1782463460.983419418,3.148116589,931,vicon_state_data,ball,1,0,2.963099606,-0.139576302,0.897255597,0.000000000,0.000000000,0.000000000,1.000000000,1,-0.868026982,-0.385429772,0.820193075,0.000000000,0.000000000,0.003962947,0.999992147,1
1782463460.986607075,3.151304245,932,vicon_state_data,ball,1,0,2.961932919,-0.138298642,0.898270350,0.000000000,0.000000000,0.000000000,1.000000000,1,-0.868016362,-0.385394157,0.820160268,0.000000000,0.000000000,0.003885152,0.999992453,1
1782463460.989946127,3.154643297,933,vicon_state_data,ball,1,0,2.960762780,-0.137188835,0.899233617,0.000000000,0.000000000,0.000000000,1.000000000,1,-0.867885958,-0.385564717,0.820343328,0.000000000,0.000000000,0.002706259,0.999996338,1
1782463460.993605137,3.158302307,934,vicon_state_data,ball,1,0,2.959619964,-0.135768354,0.900383074,0.000000000,0.000000000,0.000000000,1.000000000,1,-0.867899159,-0.385511406,0.820320272,0.000000000,0.000000000,0.002749505,0.999996220,1
1782463460.996665955,3.161363125,935,vicon_state_data,ball,1,0,2.958478618,-0.134900043,0.901225459,0.000000000,0.000000000,0.000000000,1.000000000,1,-0.867884027,-0.385488866,0.820284042,0.000000000,0.000000000,0.002619949,0.999996568,1
1782463461.000476837,3.165174007,936,vicon_state_data,ball,1,0,2.957335143,-0.132965196,0.902073646,0.000000000,0.000000000,0.000000000,1.000000000,1,-0.867929467,-0.385177204,0.820008401,0.000000000,0.000000000,0.003641536,0.999993370,1
1782463461.003524542,3.168221712,937,vicon_state_data,ball,1,0,2.956519478,-0.133122678,0.902906780,0.000000000,0.000000000,0.000000000,1.000000000,1,-0.867918912,-0.385387467,0.820335366,0.000000000,0.000000000,0.002765836,0.999996175,1
1782463461.006657600,3.171354771,938,vicon_state_data,ball,1,0,2.955844359,-0.133030651,0.903398841,0.000000000,0.000000000,0.000000000,1.000000000,1,-0.867915457,-0.385348068,0.820332080,0.000000000,0.000000000,0.002701309,0.999996351,1
1782463461.010044098,3.174741268,939,vicon_state_data,ball,1,0,2.954874347,-0.132292361,0.904277201,0.000000000,0.000000000,0.000000000,1.000000000,1,-0.867913955,-0.385286452,0.820317185,0.000000000,0.000000000,0.002671374,0.999996432,1
1782463461.013283253,3.177980423,940,vicon_state_data,ball,1,0,2.953846029,-0.131380800,0.905185859,0.000000000,0.000000000,0.000000000,1.000000000,1,-0.867908518,-0.385265814,0.820303285,0.000000000,0.000000000,0.002610592,0.999996592,1
1782463461.016544342,3.181241512,941,vicon_state_data,ball,1,0,2.952809076,-0.130159867,0.906566354,0.000000000,0.000000000,0.000000000,1.000000000,1,-0.867906135,-0.385196402,0.820280290,0.000000000,0.000000000,0.002569487,0.999996699,1
1782463461.019814968,3.184512138,942,vicon_state_data,ball,1,0,2.951676068,-0.128997493,0.907763735,0.000000000,0.000000000,0.000000000,1.000000000,1,-0.867897715,-0.385181774,0.820289881,0.000000000,0.000000000,0.002501315,0.999996872,1
1782463461.023234367,3.187931538,943,vicon_state_data,ball,1,0,2.950508075,-0.127886431,0.909087843,0.000000000,0.000000000,0.000000000,1.000000000,1,-0.867933851,-0.385125969,0.820315360,0.000000000,0.000000000,0.002697461,0.999996362,1
1782463461.026806355,3.191503525,944,vicon_state_data,ball,1,0,2.949570050,-0.126725108,0.910333930,0.000000000,0.000000000,0.000000000,1.000000000,1,-0.867940328,-0.384902159,0.819965258,0.000000000,0.000000000,0.003448340,0.999994054,1
1782463461.030018568,3.194715738,945,vicon_state_data,ball,1,0,2.948440667,-0.125522487,0.911649756,0.000000000,0.000000000,0.000000000,1.000000000,1,-0.867929766,-0.385071413,0.820275680,0.000000000,0.000000000,0.002631633,0.999996537,1
1782463461.033533812,3.198230982,946,vicon_state_data,ball,1,0,2.947426480,-0.124214285,0.913084147,0.000000000,0.000000000,0.000000000,1.000000000,1,-0.867931363,-0.384800301,0.819905864,0.000000000,0.000000000,0.003381294,0.999994283,1
1782463461.036566257,3.201263428,947,vicon_state_data,ball,1,0,2.946334000,-0.122921356,0.914594096,0.000000000,0.000000000,0.000000000,1.000000000,1,-0.867938256,-0.384698227,0.819888710,0.000000000,0.000000000,0.003538472,0.999993740,1
1782463461.039920807,3.204617977,948,vicon_state_data,ball,1,0,2.945266912,-0.121870001,0.915997444,0.000000000,0.000000000,0.000000000,1.000000000,1,-0.867929251,-0.384697552,0.819914858,0.000000000,0.000000000,0.003417329,0.999994161,1
1782463461.043274164,3.207971334,949,vicon_state_data,ball,1,0,2.944128189,-0.120540773,0.917626546,0.000000000,0.000000000,0.000000000,1.000000000,1,-0.867906304,-0.384860706,0.820187008,0.000000000,0.000000000,0.002573093,0.999996690,1
1782463461.046628714,3.211325884,950,vicon_state_data,ball,1,0,2.943127262,-0.119368532,0.919221898,0.000000000,0.000000000,0.000000000,1.000000000,1,-0.867904826,-0.384804312,0.820176503,0.000000000,0.000000000,0.002633099,0.999996533,1
1782463461.049844742,3.214541912,951,vicon_state_data,ball,1,0,2.942121352,-0.117898643,0.921059444,0.000000000,0.000000000,0.000000000,1.000000000,1,-0.867900239,-0.384738726,0.820164339,0.000000000,0.000000000,0.002673230,0.999996427,1
1782463461.053277016,3.217974186,952,vicon_state_data,ball,1,0,2.940939561,-0.116539691,0.922692219,0.000000000,0.000000000,0.000000000,1.000000000,1,-0.867907476,-0.384709373,0.820191730,0.000000000,0.000000000,0.002662693,0.999996455,1
1782463461.057109594,3.221806765,953,vicon_state_data,ball,1,0,2.939878982,-0.115276111,0.924423763,0.000000000,0.000000000,0.000000000,1.000000000,1,-0.867926499,-0.384687161,0.820211379,0.000000000,0.000000000,0.002728402,0.999996278,1
1782463461.060468674,3.225165844,954,vicon_state_data,ball,1,0,2.938772990,-0.113967752,0.926277491,0.000000000,0.000000000,0.000000000,1.000000000,1,-0.867909335,-0.384609480,0.820205216,0.000000000,0.000000000,0.002716320,0.999996311,1
1782463461.063386917,3.228084087,955,vicon_state_data,ball,1,0,2.937773832,-0.112583945,0.928180885,0.000000000,0.000000000,0.000000000,1.000000000,1,-0.867935317,-0.384311057,0.819911522,0.000000000,0.000000000,0.003710082,0.999993118,1
1782463461.066547394,3.231244564,956,vicon_state_data,ball,1,0,2.936698265,-0.111339499,0.930079785,0.000000000,0.000000000,0.000000000,1.000000000,1,-0.867881894,-0.384527617,0.820198864,0.000000000,0.000000000,0.002678462,0.999996413,1
1782463461.069999933,3.234697104,957,vicon_state_data,ball,1,0,2.935740145,-0.109992685,0.932003483,0.000000000,0.000000000,0.000000000,1.000000000,1,-0.867925254,-0.384435417,0.820234692,0.000000000,0.000000000,0.002993951,0.999995518,1
1782463461.073277950,3.237975121,958,vicon_state_data,ball,1,0,2.934668961,-0.108565599,0.934204886,0.000000000,0.000000000,0.000000000,1.000000000,1,-0.867905201,-0.384406050,0.820246994,0.000000000,0.000000000,0.002831017,0.999995993,1
1782463461.076593637,3.241290808,959,vicon_state_data,ball,1,0,2.933579948,-0.107088069,0.936274528,0.000000000,0.000000000,0.000000000,1.000000000,1,-0.867900210,-0.384365929,0.820252038,0.000000000,0.000000000,0.002693497,0.999996373,1
1782463461.080168486,3.244865656,960,vicon_state_data,ball,1,0,2.932575661,-0.105783845,0.938504401,0.000000000,0.000000000,0.000000000,1.000000000,1,-0.867936170,-0.384305475,0.820279826,0.000000000,0.000000000,0.002909637,0.999995767,1
1782463461.083685398,3.248382568,961,vicon_state_data,ball,1,0,2.931657402,-0.104468826,0.940745671,0.000000000,0.000000000,0.000000000,1.000000000,1,-0.867970739,-0.384019194,0.819966081,0.000000000,0.000000000,0.003849085,0.999992592,1
1782463461.087009907,3.251707077,962,vicon_state_data,ball,1,0,2.930520041,-0.103007799,0.942945618,0.000000000,0.000000000,0.000000000,1.000000000,1,-0.867964874,-0.384174529,0.820270716,0.000000000,0.000000000,0.003147371,0.999995047,1
1782463461.090312243,3.255009413,963,vicon_state_data,ball,1,0,2.929650354,-0.101792530,0.945263645,0.000000000,0.000000000,0.000000000,1.000000000,1,-0.867983492,-0.383887994,0.819966008,0.000000000,0.000000000,0.004015776,0.999991937,1
1782463461.093305111,3.258002281,964,vicon_state_data,ball,1,0,2.928635831,-0.100261420,0.947833205,0.000000000,0.000000000,0.000000000,1.000000000,1,-0.867984690,-0.384015683,0.820250688,0.000000000,0.000000000,0.003414778,0.999994170,1
1782463461.096559286,3.261256456,965,vicon_state_data,ball,1,0,2.927697669,-0.098937482,0.950139452,0.000000000,0.000000000,0.000000000,1.000000000,1,-0.868011015,-0.383986109,0.820305318,0.000000000,0.000000000,0.003435082,0.999994100,1
1782463461.099845886,3.264543056,966,vicon_state_data,ball,1,0,2.926739734,-0.097561442,0.952684120,0.000000000,0.000000000,0.000000000,1.000000000,1,-0.867979075,-0.383890265,0.820211749,0.000000000,0.000000000,0.003546245,0.999993712,1
1782463461.103219986,3.267917156,967,vicon_state_data,ball,1,0,2.925924923,-0.096214608,0.955261974,0.000000000,0.000000000,0.000000000,1.000000000,1,-0.868036893,-0.383811988,0.820255251,0.000000000,0.000000000,0.003688681,0.999993197,1
1782463461.106619596,3.271316767,968,vicon_state_data,ball,1,0,2.925011030,-0.094843767,0.957906365,0.000000000,0.000000000,0.000000000,1.000000000,1,-0.867985677,-0.383795564,0.820174709,0.000000000,0.000000000,0.003644391,0.999993359,1
1782463461.109834671,3.274531841,969,vicon_state_data,ball,1,0,2.924145334,-0.093462367,0.960539204,0.000000000,0.000000000,0.000000000,1.000000000,1,-0.867986218,-0.383750033,0.820178856,0.000000000,0.000000000,0.003661671,0.999993296,1
1782463461.113239527,3.277936697,970,vicon_state_data,ball,1,0,2.923289795,-0.092147287,0.963294820,0.000000000,0.000000000,0.000000000,1.000000000,1,-0.868068088,-0.383564620,0.820170064,0.000000000,0.000000000,0.004433971,0.999990170,1
1782463461.116652727,3.281349897,971,vicon_state_data,ball,1,0,2.922415502,-0.090832140,0.966022476,0.000000000,0.000000000,0.000000000,1.000000000,1,-0.868072590,-0.383512103,0.820176668,0.000000000,0.000000000,0.004550759,0.999989645,1
1782463461.120144129,3.284841299,972,vicon_state_data,ball,1,0,2.921680022,-0.089364930,0.968867105,0.000000000,0.000000000,0.000000000,1.000000000,1,-0.868077778,-0.383475690,0.820180104,0.000000000,0.000000000,0.004600490,0.999989418,1
1782463461.123388052,3.288085222,973,vicon_state_data,ball,1,0,2.920786107,-0.087843170,0.971832707,0.000000000,0.000000000,0.000000000,1.000000000,1,-0.868103854,-0.383257319,0.819930250,0.000000000,0.000000000,0.005245558,0.999986242,1
1782463461.126594782,3.291291952,974,vicon_state_data,ball,1,0,2.920056080,-0.086524970,0.974723809,0.000000000,0.000000000,0.000000000,1.000000000,1,-0.868293362,-0.383017562,0.820251271,0.000000000,0.000000000,0.006921149,0.999976049,1
1782463461.129933357,3.294630527,975,vicon_state_data,ball,1,0,2.919364273,-0.085376383,0.977616877,0.000000000,0.000000000,0.000000000,1.000000000,1,-0.868279762,-0.382987921,0.820214697,0.000000000,0.000000000,0.006873751,0.999976375,1
1782463461.133388996,3.298086166,976,vicon_state_data,ball,1,0,2.918553898,-0.083906674,0.980748133,0.000000000,0.000000000,0.000000000,1.000000000,1,-0.868125636,-0.383045445,0.819888431,0.000000000,0.000000000,0.005857634,0.999982844,1
1782463461.136895657,3.301592827,977,vicon_state_data,ball,1,0,2.917866876,-0.082404160,0.983947022,0.000000000,0.000000000,0.000000000,1.000000000,1,-0.868134353,-0.382984959,0.819870645,0.000000000,0.000000000,0.005895970,0.999982619,1
1782463461.139892817,3.304589987,978,vicon_state_data,ball,1,0,2.917126244,-0.081191076,0.987012673,0.000000000,0.000000000,0.000000000,1.000000000,1,-0.868146398,-0.382924971,0.819879594,0.000000000,0.000000000,0.005987199,0.999982077,1
1782463461.143778801,3.308475971,979,vicon_state_data,ball,1,0,2.916489946,-0.079783737,0.990216418,0.000000000,0.000000000,0.000000000,1.000000000,1,-0.868202176,-0.382928364,0.820222523,0.000000000,0.000000000,0.006245459,0.999980497,1
1782463461.146912336,3.311609507,980,vicon_state_data,ball,1,0,2.915839448,-0.078362429,0.993642089,0.000000000,0.000000000,0.000000000,1.000000000,1,-0.868217243,-0.382874327,0.820240575,0.000000000,0.000000000,0.006368947,0.999979718,1
1782463461.150111914,3.314809084,981,vicon_state_data,ball,1,0,2.915237619,-0.076984095,0.996950854,0.000000000,0.000000000,0.000000000,1.000000000,1,-0.868203411,-0.382821911,0.820178711,0.000000000,0.000000000,0.006333354,0.999979944,1
1782463461.153340340,3.318037510,982,vicon_state_data,ball,1,0,2.914670290,-0.075594740,1.000445781,0.000000000,0.000000000,0.000000000,1.000000000,1,-0.868163466,-0.382688952,0.819867475,0.000000000,0.000000000,0.006216053,0.999980680,1
1782463461.156559706,3.321256876,983,vicon_state_data,ball,1,0,2.913979671,-0.074503540,1.003845754,0.000000000,0.000000000,0.000000000,1.000000000,1,-0.868228367,-0.382680138,0.820226260,0.000000000,0.000000000,0.006709799,0.999977489,1
1782463461.159903288,3.324600458,984,vicon_state_data,ball,1,0,2.913376027,-0.072991882,1.007588709,0.000000000,0.000000000,0.000000000,1.000000000,1,-0.868168226,-0.382751452,0.820209624,0.000000000,0.000000000,0.006133593,0.999981189,1
1782463461.163348198,3.328045368,985,vicon_state_data,ball,1,0,2.912860672,-0.072170061,1.011135840,0.000000000,0.000000000,0.000000000,1.000000000,1,-0.868183850,-0.382486201,0.819906391,0.000000000,0.000000000,0.006570510,0.999978414,1
1782463461.166652918,3.331350088,986,vicon_state_data,ball,1,0,2.911795766,-0.068257667,1.015297044,0.000000000,0.000000000,0.000000000,1.000000000,1,-0.868170424,-0.382459889,0.819911374,0.000000000,0.000000000,0.006650351,0.999977886,1
1782463461.169925690,3.334622860,987,vicon_state_data,ball,1,0,2.911362996,-0.066963187,1.018847902,0.000000000,0.000000000,0.000000000,1.000000000,1,-0.868151331,-0.382608742,0.820166351,0.000000000,0.000000000,0.006142395,0.999981135,1
1782463461.173205614,3.337902784,988,vicon_state_data,ball,1,0,2.910938161,-0.065684133,1.022567036,0.000000000,0.000000000,0.000000000,1.000000000,1,-0.868204542,-0.382437966,0.820151523,0.000000000,0.000000000,0.006736495,0.999977310,1
1782463461.176661968,3.341359138,989,vicon_state_data,ball,1,0,2.910564536,-0.064573482,1.026179940,0.000000000,0.000000000,0.000000000,1.000000000,1,-0.868121529,-0.382385390,0.819879461,0.000000000,0.000000000,0.006319949,0.999980029,1
1782463461.180240631,3.344937801,990,vicon_state_data,ball,1,0,2.910197849,-0.063183364,1.030025759,0.000000000,0.000000000,0.000000000,1.000000000,1,-0.868106729,-0.382389022,0.819917123,0.000000000,0.000000000,0.006215862,0.999980681,1
1782463461.183310747,3.348007917,991,vicon_state_data,ball,1,0,2.909824346,-0.061903757,1.033882306,0.000000000,0.000000000,0.000000000,1.000000000,1,-0.868099808,-0.382419978,0.820080308,0.000000000,0.000000000,0.005904188,0.999982570,1
1782463461.186838388,3.351535559,992,vicon_state_data,ball,1,0,2.909576405,-0.060839260,1.037589357,0.000000000,0.000000000,0.000000000,1.000000000,1,-0.868074594,-0.382419134,0.820075149,0.000000000,0.000000000,0.005778319,0.999983305,1
1782463461.189990044,3.354687214,993,vicon_state_data,ball,1,0,2.909257799,-0.059408704,1.041572488,0.000000000,0.000000000,0.000000000,1.000000000,1,-0.868069297,-0.382206316,0.819847053,0.000000000,0.000000000,0.006309761,0.999980093,1
1782463461.193344831,3.358042002,994,vicon_state_data,ball,1,0,2.908983262,-0.058289587,1.045432230,0.000000000,0.000000000,0.000000000,1.000000000,1,-0.868047208,-0.382282181,0.820042382,0.000000000,0.000000000,0.005825591,0.999983031,1
1782463461.197324276,3.362021446,995,vicon_state_data,ball,1,0,2.908734479,-0.057213230,1.049302989,0.000000000,0.000000000,0.000000000,1.000000000,1,-0.868055903,-0.382252405,0.820090207,0.000000000,0.000000000,0.006081122,0.999981510,1
1782463461.200011969,3.364709139,996,vicon_state_data,ball,1,0,2.908487696,-0.056340969,1.053111897,0.000000000,0.000000000,0.000000000,1.000000000,1,-0.867991796,-0.382123253,0.820031753,0.000000000,0.000000000,0.006023010,0.999981862,1
1782463461.203228951,3.367926121,997,vicon_state_data,ball,1,0,2.908304659,-0.055308429,1.057039528,0.000000000,0.000000000,0.000000000,1.000000000,1,-0.868009615,-0.382223927,0.820040134,0.000000000,0.000000000,0.005760637,0.999983407,1
1782463461.206526518,3.371223688,998,vicon_state_data,ball,1,0,2.908128843,-0.054225525,1.060981907,0.000000000,0.000000000,0.000000000,1.000000000,1,-0.868081563,-0.382055800,0.820102710,0.000000000,0.000000000,0.006638552,0.999977965,1
1782463461.210421324,3.375118494,999,vicon_state_data,ball,1,0,2.907975276,-0.053322861,1.064872391,0.000000000,0.000000000,0.000000000,1.000000000,1,-0.868079295,-0.381945654,0.819926890,0.000000000,0.000000000,0.006828458,0.999976686,1
1782463461.213571787,3.378268957,1000,vicon_state_data,ball,1,0,2.908554897,-0.053257031,1.068211409,0.000000000,0.000000000,0.000000000,1.000000000,1,-0.868011224,-0.382088346,0.820088526,0.000000000,0.000000000,0.006122436,0.999981258,1
1782463461.216965914,3.381663084,1001,vicon_state_data,ball,1,0,2.907654465,-0.051009518,1.073116642,0.000000000,0.000000000,0.000000000,1.000000000,1,-0.868118721,-0.381890739,0.819967942,0.000000000,0.000000000,0.007036806,0.999975241,1
1782463461.219913006,3.384610176,1002,vicon_state_data,ball,1,0,2.907572275,-0.050093048,1.077166924,0.000000000,0.000000000,0.000000000,1.000000000,1,-0.868004524,-0.382005035,0.820063804,0.000000000,0.000000000,0.006288501,0.999980227,1
1782463461.223264217,3.387961388,1003,vicon_state_data,ball,1,0,2.907550355,-0.049574919,1.080766774,0.000000000,0.000000000,0.000000000,1.000000000,1,-0.868090020,-0.381764410,0.819943208,0.000000000,0.000000000,0.007233446,0.999973838,1
1782463461.226688862,3.391386032,1004,vicon_state_data,ball,1,0,2.908233538,-0.049546997,1.084126772,0.000000000,0.000000000,0.000000000,1.000000000,1,-0.868104285,-0.381664182,0.819945157,0.000000000,0.000000000,0.007511485,0.999971788,1
1782463461.229928970,3.394626141,1005,vicon_state_data,ball,1,0,2.908247799,-0.048628994,1.088083460,0.000000000,0.000000000,0.000000000,1.000000000,1,-0.868101646,-0.381725366,0.819997368,0.000000000,0.000000000,0.007373170,0.999972818,1
1782463461.233395100,3.398092270,1006,vicon_state_data,ball,1,0,2.908481358,-0.048312696,1.091691836,0.000000000,0.000000000,0.000000000,1.000000000,1,-0.868005692,-0.381683591,0.819906530,0.000000000,0.000000000,0.007119254,0.999974658,1
1782463461.236597061,3.401294231,1007,vicon_state_data,ball,1,0,2.908683280,-0.047677598,1.095510272,0.000000000,0.000000000,0.000000000,1.000000000,1,-0.867916571,-0.381711166,0.819798463,0.000000000,0.000000000,0.006496623,0.999978897,1
1782463461.240066528,3.404763699,1008,vicon_state_data,ball,1,0,2.908823988,-0.046865937,1.099416599,0.000000000,0.000000000,0.000000000,1.000000000,1,-0.867967649,-0.381669433,0.819918216,0.000000000,0.000000000,0.007004918,0.999975465,1
1782463461.243586779,3.408283949,1009,vicon_state_data,ball,1,0,2.908978046,-0.046383467,1.103261087,0.000000000,0.000000000,0.000000000,1.000000000,1,-0.867849330,-0.381872417,0.820046321,0.000000000,0.000000000,0.005699263,0.999983759,1
1782463461.246728897,3.411426067,1010,vicon_state_data,ball,1,0,2.909189544,-0.045886557,1.107043290,0.000000000,0.000000000,0.000000000,1.000000000,1,-0.868020571,-0.381609460,0.820025067,0.000000000,0.000000000,0.007378734,0.999972777,1
1782463461.250051022,3.414748192,1011,vicon_state_data,ball,1,0,2.909339936,-0.045375325,1.110935140,0.000000000,0.000000000,0.000000000,1.000000000,1,-0.867813962,-0.381854378,0.820078771,0.000000000,0.000000000,0.005763536,0.999983391,1
1782463461.253351212,3.418048382,1012,vicon_state_data,ball,1,0,2.909588968,-0.044733763,1.114762185,0.000000000,0.000000000,0.000000000,1.000000000,1,-0.867979722,-0.381589130,0.820061007,0.000000000,0.000000000,0.007316512,0.999973234,1
1782463461.256696463,3.421393633,1013,vicon_state_data,ball,1,0,2.909746467,-0.044088748,1.118530082,0.000000000,0.000000000,0.000000000,1.000000000,1,-0.867961178,-0.381574622,0.820073719,0.000000000,0.000000000,0.007258518,0.999973657,1
1782463461.260081768,3.424778938,1014,vicon_state_data,ball,1,0,2.909725968,-0.043693529,1.122387586,0.000000000,0.000000000,0.000000000,1.000000000,1,-0.867987243,-0.381552851,0.820142269,0.000000000,0.000000000,0.007507482,0.999971818,1
1782463461.263505936,3.428203106,1015,vicon_state_data,ball,1,0,2.909890157,-0.043225615,1.126090985,0.000000000,0.000000000,0.000000000,1.000000000,1,-0.867930725,-0.381470258,0.820069736,0.000000000,0.000000000,0.007499058,0.999971882,1
1782463461.266770363,3.431467533,1016,vicon_state_data,ball,1,0,2.910011731,-0.042761598,1.129884431,0.000000000,0.000000000,0.000000000,1.000000000,1,-0.867918576,-0.381473253,0.820068525,0.000000000,0.000000000,0.007428807,0.999972406,1
1782463461.270151377,3.434848547,1017,vicon_state_data,ball,1,0,2.910119590,-0.042379991,1.133521167,0.000000000,0.000000000,0.000000000,1.000000000,1,-0.867909689,-0.381484606,0.820082838,0.000000000,0.000000000,0.007387365,0.999972713,1
1782463461.273348570,3.438045740,1018,vicon_state_data,ball,1,0,2.910234780,-0.042016465,1.137315936,0.000000000,0.000000000,0.000000000,1.000000000,1,-0.867905120,-0.381431813,0.820091120,0.000000000,0.000000000,0.007363877,0.999972886,1
1782463461.276592016,3.441289186,1019,vicon_state_data,ball,1,0,2.910264963,-0.041750006,1.140891169,0.000000000,0.000000000,0.000000000,1.000000000,1,-0.867674368,-0.381624736,0.819897875,0.000000000,0.000000000,0.005837641,0.999982961,1
1782463461.280047178,3.444744349,1020,vicon_state_data,ball,1,0,2.910566402,-0.041357365,1.144301579,0.000000000,0.000000000,0.000000000,1.000000000,1,-0.867861698,-0.381360331,0.820076440,0.000000000,0.000000000,0.007352979,0.999972966,1
1782463461.283246517,3.447943687,1021,vicon_state_data,ball,1,0,2.910559998,-0.041149799,1.147895339,0.000000000,0.000000000,0.000000000,1.000000000,1,-0.867644953,-0.381530051,0.819891552,0.000000000,0.000000000,0.006091960,0.999981444,1
1782463461.287174225,3.451871395,1022,vicon_state_data,ball,1,0,2.910796844,-0.040817301,1.151195457,0.000000000,0.000000000,0.000000000,1.000000000,1,-0.867818582,-0.381304874,0.820060165,0.000000000,0.000000000,0.007440531,0.999972319,1
1782463461.290031433,3.454728603,1023,vicon_state_data,ball,1,0,2.910927542,-0.040652303,1.154522352,0.000000000,0.000000000,0.000000000,1.000000000,1,-0.867619168,-0.381454233,0.819868988,0.000000000,0.000000000,0.006243044,0.999980512,1
1782463461.293311596,3.458008766,1024,vicon_state_data,ball,1,0,2.910966043,-0.040518788,1.157967960,0.000000000,0.000000000,0.000000000,1.000000000,1,-0.867633693,-0.381419092,0.819920465,0.000000000,0.000000000,0.006300177,0.999980154,1
1782463461.296756268,3.461453438,1025,vicon_state_data,ball,1,0,2.911162334,-0.040389312,1.161185366,0.000000000,0.000000000,0.000000000,1.000000000,1,-0.867608815,-0.381489295,0.819922419,0.000000000,0.000000000,0.005915243,0.999982505,1
1782463461.300016165,3.464713335,1026,vicon_state_data,ball,1,0,2.911880661,-0.040096124,1.163740467,0.000000000,0.000000000,0.000000000,1.000000000,1,-0.867543547,-0.381435513,0.819849744,0.000000000,0.000000000,0.005955067,0.999982268,1
1782463461.303367138,3.468064308,1027,vicon_state_data,ball,1,0,2.912127571,-0.040006047,1.166853975,0.000000000,0.000000000,0.000000000,1.000000000,1,-0.867579052,-0.381425420,0.819952696,0.000000000,0.000000000,0.005986831,0.999982079,1
1782463461.306587219,3.471284389,1028,vicon_state_data,ball,1,0,2.912375524,-0.040020685,1.169926650,0.000000000,0.000000000,0.000000000,1.000000000,1,-0.867550396,-0.381382024,0.819933322,0.000000000,0.000000000,0.006243674,0.999980508,1
1782463461.309948444,3.474645615,1029,vicon_state_data,ball,1,0,2.912654920,-0.040028970,1.172952687,0.000000000,0.000000000,0.000000000,1.000000000,1,-0.867539323,-0.381391900,0.819920737,0.000000000,0.000000000,0.006052412,0.999981684,1
1782463461.313688517,3.478385687,1030,vicon_state_data,ball,1,0,2.912921485,-0.040083318,1.175880881,0.000000000,0.000000000,0.000000000,1.000000000,1,-0.867519580,-0.381348759,0.819901825,0.000000000,0.000000000,0.006070047,0.999981577,1
1782463461.316725254,3.481422424,1031,vicon_state_data,ball,1,0,2.913166903,-0.040226109,1.178775374,0.000000000,0.000000000,0.000000000,1.000000000,1,-0.867507971,-0.381299726,0.819911165,0.000000000,0.000000000,0.006351907,0.999979826,1
1782463461.320137024,3.484834194,1032,vicon_state_data,ball,1,0,2.913470133,-0.040223403,1.181541149,0.000000000,0.000000000,0.000000000,1.000000000,1,-0.867498341,-0.381268268,0.819929645,0.000000000,0.000000000,0.006127649,0.999981226,1
1782463461.323342800,3.488039970,1033,vicon_state_data,ball,1,0,2.913755143,-0.040269039,1.184129367,0.000000000,0.000000000,0.000000000,1.000000000,1,-0.867451101,-0.381220938,0.819874498,0.000000000,0.000000000,0.006313227,0.999980071,1
1782463461.326941729,3.491638899,1034,vicon_state_data,ball,1,0,2.913985175,-0.040465286,1.186806584,0.000000000,0.000000000,0.000000000,1.000000000,1,-0.867437835,-0.381219284,0.819905441,0.000000000,0.000000000,0.006160057,0.999981027,1
1782463461.330368042,3.495065212,1035,vicon_state_data,ball,1,0,2.914353865,-0.040433481,1.189205881,0.000000000,0.000000000,0.000000000,1.000000000,1,-0.867415928,-0.381176578,0.819892712,0.000000000,0.000000000,0.006203124,0.999980760,1
1782463461.333576679,3.498273849,1036,vicon_state_data,ball,1,0,2.914599038,-0.040575143,1.191581531,0.000000000,0.000000000,0.000000000,1.000000000,1,-0.867375188,-0.381177373,0.819875040,0.000000000,0.000000000,0.006003175,0.999981981,1
1782463461.337082386,3.501779556,1037,vicon_state_data,ball,1,0,2.914920388,-0.040513934,1.193830514,0.000000000,0.000000000,0.000000000,1.000000000,1,-0.867538494,-0.380964011,0.820048799,0.000000000,0.000000000,0.007207180,0.999974028,1
1782463461.340124607,3.504821777,1038,vicon_state_data,ball,1,0,2.915193924,-0.040637940,1.195987247,0.000000000,0.000000000,0.000000000,1.000000000,1,-0.867348384,-0.381205874,0.819915329,0.000000000,0.000000000,0.005834346,0.999982980,1
1782463461.343321562,3.508018732,1039,vicon_state_data,ball,1,0,2.915457340,-0.040797865,1.197955847,0.000000000,0.000000000,0.000000000,1.000000000,1,-0.867251741,-0.381128284,0.819816894,0.000000000,0.000000000,0.005725683,0.999983608,1
1782463461.346649408,3.511346579,1040,vicon_state_data,ball,1,0,2.915790436,-0.040792051,1.199878423,0.000000000,0.000000000,0.000000000,1.000000000,1,-0.867436614,-0.380928927,0.820007307,0.000000000,0.000000000,0.006945307,0.999975881,1
1782463461.350020409,3.514717579,1041,vicon_state_data,ball,1,0,2.916051997,-0.040987384,1.201734342,0.000000000,0.000000000,0.000000000,1.000000000,1,-0.867402595,-0.380900014,0.819999132,0.000000000,0.000000000,0.006938707,0.999975927,1
1782463461.353509903,3.518207073,1042,vicon_state_data,ball,1,0,2.916375297,-0.041031875,1.203429599,0.000000000,0.000000000,0.000000000,1.000000000,1,-0.867370160,-0.380872552,0.819957913,0.000000000,0.000000000,0.006780049,0.999977015,1
1782463461.356846094,3.521543264,1043,vicon_state_data,ball,1,0,2.916671287,-0.041112745,1.205037899,0.000000000,0.000000000,0.000000000,1.000000000,1,-0.867365999,-0.380807934,0.819967513,0.000000000,0.000000000,0.006961178,0.999975771,1
1782463461.360508680,3.525205851,1044,vicon_state_data,ball,1,0,2.916893930,-0.041368641,1.206528717,0.000000000,0.000000000,0.000000000,1.000000000,1,-0.867284535,-0.380773533,0.819891377,0.000000000,0.000000000,0.006879636,0.999976335,1
1782463461.363474369,3.528171539,1045,vicon_state_data,ball,1,0,2.917181840,-0.041516770,1.207944681,0.000000000,0.000000000,0.000000000,1.000000000,1,-0.867293630,-0.380747250,0.819903510,0.000000000,0.000000000,0.006800074,0.999976879,1
1782463461.366711140,3.531408310,1046,vicon_state_data,ball,1,0,2.917453192,-0.041647211,1.209191675,0.000000000,0.000000000,0.000000000,1.000000000,1,-0.867151073,-0.380962974,0.820061305,0.000000000,0.000000000,0.005469251,0.999985044,1
1782463461.369899750,3.534596920,1047,vicon_state_data,ball,1,0,2.917731070,-0.041781288,1.210383940,0.000000000,0.000000000,0.000000000,1.000000000,1,-0.867129640,-0.380914407,0.820005143,0.000000000,0.000000000,0.005572309,0.999984475,1
1782463461.373292685,3.537989855,1048,vicon_state_data,ball,1,0,2.918049492,-0.041810676,1.211456551,0.000000000,0.000000000,0.000000000,1.000000000,1,-0.867155629,-0.380643721,0.819744379,0.000000000,0.000000000,0.006531827,0.999978667,1
1782463461.376740932,3.541438103,1049,vicon_state_data,ball,1,0,2.918274809,-0.042059055,1.212343906,0.000000000,0.000000000,0.000000000,1.000000000,1,-0.867102532,-0.380866390,0.820012229,0.000000000,0.000000000,0.005609260,0.999984268,1
1782463461.380037308,3.544734478,1050,vicon_state_data,ball,1,0,2.918662309,-0.041950721,1.213201138,0.000000000,0.000000000,0.000000000,1.000000000,1,-0.867132296,-0.380597517,0.819713020,0.000000000,0.000000000,0.006641906,0.999977942,1
1782463461.383375406,3.548072577,1051,vicon_state_data,ball,1,0,2.918917091,-0.042148559,1.213891668,0.000000000,0.000000000,0.000000000,1.000000000,1,-0.867118577,-0.380782906,0.820059352,0.000000000,0.000000000,0.006036536,0.999981780,1
1782463461.386663437,3.551360607,1052,vicon_state_data,ball,1,0,2.919144156,-0.042357134,1.214497070,0.000000000,0.000000000,0.000000000,1.000000000,1,-0.867105879,-0.380730994,0.820080267,0.000000000,0.000000000,0.006312305,0.999980077,1
1782463461.390004635,3.554701805,1053,vicon_state_data,ball,1,0,2.919543987,-0.042280490,1.215109672,0.000000000,0.000000000,0.000000000,1.000000000,1,-0.867115056,-0.380438334,0.819778488,0.000000000,0.000000000,0.007276850,0.999973523,1
1782463461.393337011,3.558034182,1054,vicon_state_data,ball,1,0,2.919777278,-0.042480672,1.215469836,0.000000000,0.000000000,0.000000000,1.000000000,1,-0.867087959,-0.380425051,0.819773854,0.000000000,0.000000000,0.007230067,0.999973863,1
1782463461.396607637,3.561304808,1055,vicon_state_data,ball,1,0,2.920032366,-0.042633278,1.215820829,0.000000000,0.000000000,0.000000000,1.000000000,1,-0.867064287,-0.380377205,0.819748104,0.000000000,0.000000000,0.007223424,0.999973911,1
1782463461.399983168,3.564680338,1056,vicon_state_data,ball,1,0,2.920317931,-0.042734600,1.216002691,0.000000000,0.000000000,0.000000000,1.000000000,1,-0.867080665,-0.380331937,0.819808908,0.000000000,0.000000000,0.007418280,0.999972484,1
1782463461.403543949,3.568241119,1057,vicon_state_data,ball,1,0,2.920598876,-0.042833311,1.216153725,0.000000000,0.000000000,0.000000000,1.000000000,1,-0.867040072,-0.380316008,0.819793220,0.000000000,0.000000000,0.007411354,0.999972536,1
1782463461.406708717,3.571405888,1058,vicon_state_data,ball,1,0,2.920961801,-0.042751134,1.216024211,0.000000000,0.000000000,0.000000000,1.000000000,1,-0.867021500,-0.380266701,0.819820870,0.000000000,0.000000000,0.007452476,0.999972230,1
1782463461.410244465,3.574941635,1059,vicon_state_data,ball,1,0,2.921100827,-0.043113255,1.215969960,0.000000000,0.000000000,0.000000000,1.000000000,1,-0.867027631,-0.380243828,0.819829305,0.000000000,0.000000000,0.007673693,0.999970557,1
1782463461.413444042,3.578141212,1060,vicon_state_data,ball,1,0,2.921352230,-0.043259303,1.215772580,0.000000000,0.000000000,0.000000000,1.000000000,1,-0.866989250,-0.380191436,0.819826355,0.000000000,0.000000000,0.007558925,0.999971431,1
1782463461.416945219,3.581642389,1061,vicon_state_data,ball,1,0,2.921671067,-0.043263386,1.215450962,0.000000000,0.000000000,0.000000000,1.000000000,1,-0.866895654,-0.380426382,0.820060003,0.000000000,0.000000000,0.006332415,0.999979950,1
1782463461.420242548,3.584939718,1062,vicon_state_data,ball,1,0,2.921899527,-0.043476170,1.214901204,0.000000000,0.000000000,0.000000000,1.000000000,1,-0.866868874,-0.380451275,0.820053211,0.000000000,0.000000000,0.006241380,0.999980522,1
1782463461.423362017,3.588059187,1063,vicon_state_data,ball,1,0,2.922208133,-0.043514500,1.214388096,0.000000000,0.000000000,0.000000000,1.000000000,1,-0.866857460,-0.380346230,0.820050274,0.000000000,0.000000000,0.006456523,0.999979156,1
1782463461.426824331,3.591521502,1064,vicon_state_data,ball,1,0,2.922420442,-0.043800725,1.213763822,0.000000000,0.000000000,0.000000000,1.000000000,1,-0.866807574,-0.380342873,0.820034047,0.000000000,0.000000000,0.006218864,0.999980663,1
1782463461.430384398,3.595081568,1065,vicon_state_data,ball,1,0,2.922764627,-0.043662364,1.212903248,0.000000000,0.000000000,0.000000000,1.000000000,1,-0.866801949,-0.380282612,0.820041227,0.000000000,0.000000000,0.006381870,0.999979636,1
1782463461.433309555,3.598006725,1066,vicon_state_data,ball,1,0,2.922926715,-0.043969890,1.212072771,0.000000000,0.000000000,0.000000000,1.000000000,1,-0.866807884,-0.380212334,0.820059800,0.000000000,0.000000000,0.006596771,0.999978241,1
1782463461.436649799,3.601346970,1067,vicon_state_data,ball,1,0,2.923250410,-0.043942804,1.211082378,0.000000000,0.000000000,0.000000000,1.000000000,1,-0.866847598,-0.379925879,0.819812418,0.000000000,0.000000000,0.008009111,0.999967927,1
1782463461.439909220,3.604606390,1068,vicon_state_data,ball,1,0,2.923423043,-0.044283789,1.209999964,0.000000000,0.000000000,0.000000000,1.000000000,1,-0.866736798,-0.380132950,0.820004071,0.000000000,0.000000000,0.006539705,0.999978616,1
1782463461.443352461,3.608049631,1069,vicon_state_data,ball,1,0,2.923734561,-0.044318667,1.208793521,0.000000000,0.000000000,0.000000000,1.000000000,1,-0.866748427,-0.380074359,0.820047845,0.000000000,0.000000000,0.006715598,0.999977450,1
1782463461.446828604,3.611525774,1070,vicon_state_data,ball,1,0,2.923937694,-0.044550692,1.207422472,0.000000000,0.000000000,0.000000000,1.000000000,1,-0.866781165,-0.379775323,0.819798638,0.000000000,0.000000000,0.008043334,0.999967652,1
1782463461.449911118,3.614608288,1071,vicon_state_data,ball,1,0,2.924203104,-0.044642373,1.206040312,0.000000000,0.000000000,0.000000000,1.000000000,1,-0.866709589,-0.380003012,0.820007293,0.000000000,0.000000000,0.006984643,0.999975607,1
1782463461.453689337,3.618386507,1072,vicon_state_data,ball,1,0,2.924491751,-0.044625311,1.204555671,0.000000000,0.000000000,0.000000000,1.000000000,1,-0.866673796,-0.379987612,0.819997866,0.000000000,0.000000000,0.007065750,0.999975037,1
1782463461.456880569,3.621577740,1073,vicon_state_data,ball,1,0,2.924743950,-0.044806856,1.202883294,0.000000000,0.000000000,0.000000000,1.000000000,1,-0.866735287,-0.379679402,0.819736446,0.000000000,0.000000000,0.008337624,0.999965241,1
1782463461.459976196,3.624673367,1074,vicon_state_data,ball,1,0,2.925002476,-0.044833420,1.201022725,0.000000000,0.000000000,0.000000000,1.000000000,1,-0.866625749,-0.379945138,0.819967048,0.000000000,0.000000000,0.006989956,0.999975570,1
1782463461.463399649,3.628096819,1075,vicon_state_data,ball,1,0,2.925309811,-0.044882389,1.199234524,0.000000000,0.000000000,0.000000000,1.000000000,1,-0.866645829,-0.379839399,0.819968677,0.000000000,0.000000000,0.007351060,0.999972981,1
1782463461.466666698,3.631363869,1076,vicon_state_data,ball,1,0,2.925467584,-0.045013679,1.197186318,0.000000000,0.000000000,0.000000000,1.000000000,1,-0.866605676,-0.379842901,0.819972351,0.000000000,0.000000000,0.007238417,0.999973802,1
1782463461.469945669,3.634642839,1077,vicon_state_data,ball,1,0,2.915846748,-0.044615771,1.193663320,0.000000000,0.000000000,0.000000000,1.000000000,1,-0.866574132,-0.379839541,0.819969776,0.000000000,0.000000000,0.007239712,0.999973793,1
1782463461.473303080,3.638000250,1078,vicon_state_data,ball,1,0,2.904983066,-0.044016165,1.189888241,0.000000000,0.000000000,0.000000000,1.000000000,1,-0.866563293,-0.379769230,0.819939847,0.000000000,0.000000000,0.007387305,0.999972713,1
1782463461.476613283,3.641310453,1079,vicon_state_data,ball,1,0,2.893931344,-0.043681221,1.185820129,0.000000000,0.000000000,0.000000000,1.000000000,1,-0.866488315,-0.379835731,0.819936241,0.000000000,0.000000000,0.006970361,0.999975707,1
1782463461.480134249,3.644831419,1080,vicon_state_data,ball,1,0,2.882727036,-0.043338781,1.181700795,0.000000000,0.000000000,0.000000000,1.000000000,1,-0.866555741,-0.379526288,0.819725537,0.000000000,0.000000000,0.008267091,0.999965827,1
1782463461.483206034,3.647903204,1081,vicon_state_data,ball,1,0,2.871286382,-0.043269337,1.177556446,0.000000000,0.000000000,0.000000000,1.000000000,1,-0.866427558,-0.379815873,0.819925640,0.000000000,0.000000000,0.007012366,0.999975413,1
1782463461.486699104,3.651396275,1082,vicon_state_data,ball,1,0,2.859778175,-0.043215229,1.173426733,0.000000000,0.000000000,0.000000000,1.000000000,1,-0.866409801,-0.379753078,0.819939325,0.000000000,0.000000000,0.007125641,0.999974612,1
1782463461.490033627,3.654730797,1083,vicon_state_data,ball,1,0,2.848278733,-0.042607172,1.169462658,0.000000000,0.000000000,0.000000000,1.000000000,1,-0.866411517,-0.379683673,0.819974305,0.000000000,0.000000000,0.007531892,0.999971635,1
1782463461.493523121,3.658220291,1084,vicon_state_data,ball,1,0,2.836717234,-0.042404921,1.165359034,0.000000000,0.000000000,0.000000000,1.000000000,1,-0.866366469,-0.379657968,0.819965553,0.000000000,0.000000000,0.007319068,0.999973215,1
1782463461.496619463,3.661316633,1085,vicon_state_data,ball,1,0,2.825334144,-0.041892257,1.161325833,0.000000000,0.000000000,0.000000000,1.000000000,1,-0.866328707,-0.379647963,0.819998311,0.000000000,0.000000000,0.007286552,0.999973453,1
1782463461.500183105,3.664880276,1086,vicon_state_data,ball,1,0,2.814226360,-0.041308602,1.157042283,0.000000000,0.000000000,0.000000000,1.000000000,1,-0.866278426,-0.379649471,0.819937642,0.000000000,0.000000000,0.007003295,0.999975477,1
1782463461.503270864,3.667968035,1087,vicon_state_data,ball,1,0,2.803119351,-0.040773063,1.152493006,0.000000000,0.000000000,0.000000000,1.000000000,1,-0.866261458,-0.379582845,0.819983564,0.000000000,0.000000000,0.007299165,0.999973361,1
1782463461.506791830,3.671489000,1088,vicon_state_data,ball,1,0,2.792020787,-0.040280047,1.147840206,0.000000000,0.000000000,0.000000000,1.000000000,1,-0.866245185,-0.379517365,0.819938292,0.000000000,0.000000000,0.007293123,0.999973405,1
1782463461.510192156,3.674889326,1089,vicon_state_data,ball,1,0,2.780839831,-0.039671220,1.142855360,0.000000000,0.000000000,0.000000000,1.000000000,1,-0.866209171,-0.379536029,0.819965232,0.000000000,0.000000000,0.007162004,0.999974353,1
1782463461.513446569,3.678143740,1090,vicon_state_data,ball,1,0,2.769440277,-0.039166520,1.137873678,0.000000000,0.000000000,0.000000000,1.000000000,1,-0.866296339,-0.379132284,0.819755472,0.000000000,0.000000000,0.008728214,0.999961908,1
1782463461.516821623,3.681518793,1091,vicon_state_data,ball,1,0,2.758071066,-0.038599866,1.132875823,0.000000000,0.000000000,0.000000000,1.000000000,1,-0.866243853,-0.379179830,0.819749800,0.000000000,0.000000000,0.008473753,0.999964097,1
1782463461.520147800,3.684844971,1092,vicon_state_data,ball,1,0,2.746767533,-0.038163145,1.127829487,0.000000000,0.000000000,0.000000000,1.000000000,1,-0.866236903,-0.379122996,0.819787287,0.000000000,0.000000000,0.008546164,0.999963481,1
1782463461.523621559,3.688318729,1093,vicon_state_data,ball,1,0,2.735526475,-0.037817597,1.122597126,0.000000000,0.000000000,0.000000000,1.000000000,1,-0.866090215,-0.379403630,0.819930747,0.000000000,0.000000000,0.007166861,0.999974318,1
1782463461.526988268,3.691685438,1094,vicon_state_data,ball,1,0,2.724653748,-0.037196526,1.117388211,0.000000000,0.000000000,0.000000000,1.000000000,1,-0.866275575,-0.378887623,0.819790475,0.000000000,0.000000000,0.009383653,0.999955973,1
1782463461.530040503,3.694737673,1095,vicon_state_data,ball,1,0,2.713522831,-0.036622565,1.112396187,0.000000000,0.000000000,0.000000000,1.000000000,1,-0.866234397,-0.378926046,0.819809773,0.000000000,0.000000000,0.009202227,0.999957659,1
1782463461.533425570,3.698122740,1096,vicon_state_data,ball,1,0,2.702662149,-0.036264393,1.107036560,0.000000000,0.000000000,0.000000000,1.000000000,1,-0.866572746,-0.378562911,0.820326162,0.000000000,0.000000000,0.012224879,0.999925273,1
1782463461.536621571,3.701318741,1097,vicon_state_data,ball,1,0,2.692250340,-0.035778307,1.100363902,0.000000000,0.000000000,0.000000000,1.000000000,1,-0.866513425,-0.378565456,0.820289545,0.000000000,0.000000000,0.012060700,0.999927267,1
1782463461.540004015,3.704701185,1098,vicon_state_data,ball,1,0,2.681157039,-0.035484426,1.094252596,0.000000000,0.000000000,0.000000000,1.000000000,1,-0.866528881,-0.378523335,0.820330449,0.000000000,0.000000000,0.012366767,0.999923529,1
1782463461.543401718,3.708098888,1099,vicon_state_data,ball,1,0,2.669872345,-0.035316929,1.088230912,0.000000000,0.000000000,0.000000000,1.000000000,1,-0.866382939,-0.378490348,0.819916276,0.000000000,0.000000000,0.011178895,0.999937514,1
1782463461.546819925,3.711517096,1100,vicon_state_data,ball,1,0,2.658528146,-0.035214383,1.082333841,0.000000000,0.000000000,0.000000000,1.000000000,1,-0.866393498,-0.378424787,0.819914714,0.000000000,0.000000000,0.011399142,0.999935028,1
1782463461.550212383,3.714909554,1101,vicon_state_data,ball,1,0,2.647126521,-0.034937133,1.076423707,0.000000000,0.000000000,0.000000000,1.000000000,1,-0.866357301,-0.378416112,0.819915806,0.000000000,0.000000000,0.011475811,0.999934151,1
1782463461.553328037,3.718025208,1102,vicon_state_data,ball,1,0,2.635424532,-0.034537060,1.070939381,0.000000000,0.000000000,0.000000000,1.000000000,1,-0.866547879,-0.378305016,0.820409146,0.000000000,0.000000000,0.013578797,0.999907804,1
1782463461.556779861,3.721477032,1103,vicon_state_data,ball,1,0,2.624074180,-0.034296263,1.065188945,0.000000000,0.000000000,0.000000000,1.000000000,1,-0.866538433,-0.378259745,0.820421346,0.000000000,0.000000000,0.013827376,0.999904397,1
1782463461.559979439,3.724676609,1104,vicon_state_data,ball,1,0,2.613051074,-0.033824071,1.059237092,0.000000000,0.000000000,0.000000000,1.000000000,1,-0.866559762,-0.378195370,0.820462423,0.000000000,0.000000000,0.014237406,0.999898643,1
1782463461.563322306,3.728019476,1105,vicon_state_data,ball,1,0,2.602309991,-0.033590004,1.052893257,0.000000000,0.000000000,0.000000000,1.000000000,1,-0.866564199,-0.378149595,0.820472316,0.000000000,0.000000000,0.014472506,0.999895268,1
1782463461.566876173,3.731573343,1106,vicon_state_data,ball,1,0,2.591456934,-0.033113398,1.046404363,0.000000000,0.000000000,0.000000000,1.000000000,1,-0.866525938,-0.378162938,0.820473095,0.000000000,0.000000000,0.014449034,0.999895607,1
1782463461.570243597,3.734940767,1107,vicon_state_data,ball,1,0,2.580645275,-0.032274971,1.039464344,0.000000000,0.000000000,0.000000000,1.000000000,1,-0.866461926,-0.378131431,0.820425409,0.000000000,0.000000000,0.014324726,0.999897396,1
1782463461.573654413,3.738351583,1108,vicon_state_data,ball,1,0,2.569496041,-0.031761797,1.032668883,0.000000000,0.000000000,0.000000000,1.000000000,1,-0.866747566,-0.377465311,0.820477723,0.000000000,0.000000000,0.016536854,0.999863257,1
1782463461.576853275,3.741550446,1109,vicon_state_data,ball,1,0,2.558281099,-0.031225005,1.025961346,0.000000000,0.000000000,0.000000000,1.000000000,1,-0.866706695,-0.377449533,0.820452714,0.000000000,0.000000000,0.016466639,0.999864416,1
1782463461.580042124,3.744739294,1110,vicon_state_data,ball,1,0,2.547117701,-0.030828678,1.019220390,0.000000000,0.000000000,0.000000000,1.000000000,1,-0.866802299,-0.377304719,0.820561174,0.000000000,0.000000000,0.017467198,0.999847437,1
1782463461.583476067,3.748173237,1111,vicon_state_data,ball,1,0,2.536052043,-0.030494256,1.012417237,0.000000000,0.000000000,0.000000000,1.000000000,1,-0.866459817,-0.377590876,0.820127588,0.000000000,0.000000000,0.013708933,0.999906028,1
1782463461.586699009,3.751396179,1112,vicon_state_data,ball,1,0,2.524933225,-0.030345172,1.006138768,0.000000000,0.000000000,0.000000000,1.000000000,1,-0.866645014,-0.377336800,0.820480112,0.000000000,0.000000000,0.016798212,0.999858900,1
1782463461.589948177,3.754645348,1113,vicon_state_data,ball,1,0,2.514434352,-0.029912522,0.999148414,0.000000000,0.000000000,0.000000000,1.000000000,1,-0.866458161,-0.377543558,0.820203937,0.000000000,0.000000000,0.014079900,0.999900873,1
1782463461.593285084,3.757982254,1114,vicon_state_data,ball,1,0,2.503864662,-0.029452894,0.991876110,0.000000000,0.000000000,0.000000000,1.000000000,1,-0.866449438,-0.377569743,0.820226497,0.000000000,0.000000000,0.014044815,0.999901367,1
1782463461.596793652,3.761490822,1115,vicon_state_data,ball,1,0,2.493789247,-0.028679409,0.983656422,0.000000000,0.000000000,0.000000000,1.000000000,1,-0.866682359,-0.377251942,0.820646394,0.000000000,0.000000000,0.017612955,0.999844880,1
1782463461.600027323,3.764724493,1116,vicon_state_data,ball,1,0,2.482828130,-0.028293915,0.975930504,0.000000000,0.000000000,0.000000000,1.000000000,1,-0.866641037,-0.377266917,0.820608585,0.000000000,0.000000000,0.017525708,0.999846413,1
1782463461.603487253,3.768184423,1117,vicon_state_data,ball,1,0,2.471794598,-0.028096438,0.968265099,0.000000000,0.000000000,0.000000000,1.000000000,1,-0.866400887,-0.377506527,0.820301672,0.000000000,0.000000000,0.014406393,0.999896223,1
1782463461.606687069,3.771384239,1118,vicon_state_data,ball,1,0,2.460692670,-0.027913168,0.960627980,0.000000000,0.000000000,0.000000000,1.000000000,1,-0.866379968,-0.377486670,0.820314448,0.000000000,0.000000000,0.014507986,0.999894754,1
1782463461.610004902,3.774702072,1119,vicon_state_data,ball,1,0,2.449532204,-0.027636185,0.953142434,0.000000000,0.000000000,0.000000000,1.000000000,1,-0.866602953,-0.377239848,0.820711433,0.000000000,0.000000000,0.017702718,0.999843295,1
1782463461.613243818,3.777940989,1120,vicon_state_data,ball,1,0,2.438235544,-0.027410475,0.945599975,0.000000000,0.000000000,0.000000000,1.000000000,1,-0.866625844,-0.377220159,0.820781027,0.000000000,0.000000000,0.018041873,0.999837232,1
1782463461.616575480,3.781272650,1121,vicon_state_data,ball,1,0,2.426735413,-0.026942617,0.938753922,0.000000000,0.000000000,0.000000000,1.000000000,1,-0.866592300,-0.377174286,0.820761901,0.000000000,0.000000000,0.018083077,0.999836488,1
1782463461.619928837,3.784626007,1122,vicon_state_data,ball,1,0,2.415793018,-0.026597179,0.931221196,0.000000000,0.000000000,0.000000000,1.000000000,1,-0.866566147,-0.377174726,0.820774836,0.000000000,0.000000000,0.018152408,0.999835231,1
1782463461.623310804,3.788007975,1123,vicon_state_data,ball,1,0,2.405213803,-0.026309686,0.923396593,0.000000000,0.000000000,0.000000000,1.000000000,1,-0.866272981,-0.377469419,0.820397671,0.000000000,0.000000000,0.014813660,0.999890272,1
1782463461.626507521,3.791204691,1124,vicon_state_data,ball,1,0,2.394437643,-0.025939424,0.915294419,0.000000000,0.000000000,0.000000000,1.000000000,1,-0.866512980,-0.377145561,0.820776554,0.000000000,0.000000000,0.018191145,0.999834527,1
1782463461.630053043,3.794750214,1125,vicon_state_data,ball,1,0,2.383624049,-0.024664853,0.907111229,0.000000000,0.000000000,0.000000000,1.000000000,1,-0.866237311,-0.377413931,0.820374316,0.000000000,0.000000000,0.014981234,0.999887775,1
1782463461.633228302,3.797925472,1126,vicon_state_data,ball,1,0,2.373094105,-0.024643890,0.898390198,0.000000000,0.000000000,0.000000000,1.000000000,1,-0.866457503,-0.377485747,0.820804483,0.000000000,0.000000000,0.017709248,0.999843179,1
1782463461.636599064,3.801296234,1127,vicon_state_data,ball,1,0,2.362046756,-0.024089303,0.889985150,0.000000000,0.000000000,0.000000000,1.000000000,1,-0.866269339,-0.377062008,0.820483414,0.000000000,0.000000000,0.017763948,0.999842209,1
1782463461.639910936,3.804608107,1128,vicon_state_data,ball,1,0,2.350958588,-0.023594063,0.881670542,0.000000000,0.000000000,0.000000000,1.000000000,1,-0.863174327,-0.384369929,0.820453979,0.000000000,0.000000000,0.000000000,1.000000000,1
1782463461.643300772,3.807997942,1129,vicon_state_data,ball,1,0,2.340068153,-0.023261270,0.873368683,0.000000000,0.000000000,0.000000000,1.000000000,1,-0.863174327,-0.384369929,0.820453979,0.000000000,0.000000000,0.000000000,1.000000000,1
1782463461.646497726,3.811194897,1130,vicon_state_data,ball,1,0,2.329342267,-0.022955065,0.864829831,0.000000000,0.000000000,0.000000000,1.000000000,1,-0.863174327,-0.384369929,0.820453979,0.000000000,0.000000000,0.000000000,1.000000000,1
1782463461.650177240,3.814874411,1131,vicon_state_data,ball,1,0,2.318471805,-0.022645084,0.857019288,0.000000000,0.000000000,0.000000000,1.000000000,1,-0.863174327,-0.384369929,0.820453979,0.000000000,0.000000000,0.000000000,1.000000000,1
1782463461.653695822,3.818392992,1132,vicon_state_data,ball,1,0,2.308972368,-0.022309528,0.847166681,0.000000000,0.000000000,0.000000000,1.000000000,1,-0.863174327,-0.384369929,0.820453979,0.000000000,0.000000000,0.000000000,1.000000000,1
1782463461.656681061,3.821378231,1133,vicon_state_data,ball,1,0,2.298527514,-0.021823857,0.838102612,0.000000000,0.000000000,0.000000000,1.000000000,1,-0.863174327,-0.384369929,0.820453979,0.000000000,0.000000000,0.000000000,1.000000000,1
1782463461.659971476,3.824668646,1134,vicon_state_data,ball,1,0,2.287584084,-0.021435313,0.829049272,0.000000000,0.000000000,0.000000000,1.000000000,1,-0.863174327,-0.384369929,0.820453979,0.000000000,0.000000000,0.000000000,1.000000000,1
1782463461.663173199,3.827870369,1135,vicon_state_data,ball,1,0,2.276556611,-0.021140321,0.819705443,0.000000000,0.000000000,0.000000000,1.000000000,1,-0.863174327,-0.384369929,0.820453979,0.000000000,0.000000000,0.000000000,1.000000000,1
1782463461.666777849,3.831475019,1136,vicon_state_data,ball,1,0,2.265930092,-0.020626932,0.810622556,0.000000000,0.000000000,0.000000000,1.000000000,1,-0.865922378,-0.377089095,0.820379191,0.000000000,0.000000000,0.017468541,0.999847413,1
1782463461.669912338,3.834609509,1137,vicon_state_data,ball,1,0,2.255001142,-0.020336675,0.801497955,0.000000000,0.000000000,0.000000000,1.000000000,1,-0.863174327,-0.384369929,0.820453979,0.000000000,0.000000000,0.000000000,1.000000000,1
1782463461.673586607,3.838283777,1138,vicon_state_data,ball,1,0,2.243847816,-0.020027517,0.792350776,0.000000000,0.000000000,0.000000000,1.000000000,1,-0.863174327,-0.384369929,0.820453979,0.000000000,0.000000000,0.000000000,1.000000000,1
1782463461.676470995,3.841168165,1139,vicon_state_data,ball,1,0,2.232422733,-0.019550444,0.783732593,0.000000000,0.000000000,0.000000000,1.000000000,1,-0.863174327,-0.384369929,0.820453979,0.000000000,0.000000000,0.000000000,1.000000000,1
1782463461.680185318,3.844882488,1140,vicon_state_data,ball,1,0,2.221726779,-0.018943927,0.774525093,0.000000000,0.000000000,0.000000000,1.000000000,1,-0.863174327,-0.384369929,0.820453979,0.000000000,0.000000000,0.000000000,1.000000000,1
1782463461.683200359,3.847897530,1141,vicon_state_data,ball,1,0,2.210800810,-0.018902738,0.765403293,0.000000000,0.000000000,0.000000000,1.000000000,1,-0.863174327,-0.384369929,0.820453979,0.000000000,0.000000000,0.000000000,1.000000000,1
1782463461.686433792,3.851130962,1142,vicon_state_data,ball,1,0,2.200365412,-0.018438824,0.755965507,0.000000000,0.000000000,0.000000000,1.000000000,1,-0.863174327,-0.384369929,0.820453979,0.000000000,0.000000000,0.000000000,1.000000000,1
1782463461.689786673,3.854483843,1143,vicon_state_data,ball,1,0,2.191238753,-0.017823027,0.763091183,0.000000000,0.000000000,0.000000000,1.000000000,1,-0.863174327,-0.384369929,0.820453979,0.000000000,0.000000000,0.000000000,1.000000000,1
1782463461.693218470,3.857915640,1144,vicon_state_data,ball,1,0,2.182192667,-0.017182126,0.771756111,0.000000000,0.000000000,0.000000000,1.000000000,1,-0.863174327,-0.384369929,0.820453979,0.000000000,0.000000000,0.000000000,1.000000000,1
1782463461.696578026,3.861275196,1145,vicon_state_data,ball,1,0,2.173621918,-0.016757924,0.779667284,0.000000000,0.000000000,0.000000000,1.000000000,1,-0.863174327,-0.384369929,0.820453979,0.000000000,0.000000000,0.000000000,1.000000000,1
1782463461.699845314,3.864542484,1146,vicon_state_data,ball,1,0,2.164538891,-0.016388606,0.788015987,0.000000000,0.000000000,0.000000000,1.000000000,1,-0.863174327,-0.384369929,0.820453979,0.000000000,0.000000000,0.000000000,1.000000000,1
1782463461.703297377,3.867994547,1147,vicon_state_data,ball,1,0,2.155491680,-0.015661888,0.796409635,0.000000000,0.000000000,0.000000000,1.000000000,1,-0.863174327,-0.384369929,0.820453979,0.000000000,0.000000000,0.000000000,1.000000000,1
1782463461.706474543,3.871171713,1148,vicon_state_data,ball,1,0,2.146343378,-0.015125285,0.804610834,0.000000000,0.000000000,0.000000000,1.000000000,1,-0.863174327,-0.384369929,0.820453979,0.000000000,0.000000000,0.000000000,1.000000000,1
1782463461.709751844,3.874449015,1149,vicon_state_data,ball,1,0,2.137255383,-0.014619240,0.812803001,0.000000000,0.000000000,0.000000000,1.000000000,1,-0.863174327,-0.384369929,0.820453979,0.000000000,0.000000000,0.000000000,1.000000000,1
1782463461.713493109,3.878190279,1150,vicon_state_data,ball,1,0,2.128276613,-0.014217311,0.820872909,0.000000000,0.000000000,0.000000000,1.000000000,1,-0.863174327,-0.384369929,0.820453979,0.000000000,0.000000000,0.000000000,1.000000000,1
1782463461.716529608,3.881226778,1151,vicon_state_data,ball,1,0,2.119312275,-0.014116333,0.828549850,0.000000000,0.000000000,0.000000000,1.000000000,1,-0.863174327,-0.384369929,0.820453979,0.000000000,0.000000000,0.000000000,1.000000000,1
1782463461.720041275,3.884738445,1152,vicon_state_data,ball,1,0,2.109783857,-0.013207281,0.837300067,0.000000000,0.000000000,0.000000000,1.000000000,1,-0.863174327,-0.384369929,0.820453979,0.000000000,0.000000000,0.000000000,1.000000000,1
1782463461.723180532,3.887877703,1153,vicon_state_data,ball,1,0,2.101195985,-0.012789397,0.844829114,0.000000000,0.000000000,0.000000000,1.000000000,1,-0.863174327,-0.384369929,0.820453979,0.000000000,0.000000000,0.000000000,1.000000000,1
1782463461.726572752,3.891269922,1154,vicon_state_data,ball,1,0,2.092680665,-0.012420060,0.852263975,0.000000000,0.000000000,0.000000000,1.000000000,1,-0.865245697,-0.377562257,0.820638217,0.000000000,0.000000000,0.017204610,0.999851990,1
1782463461.729959965,3.894657135,1155,vicon_state_data,ball,1,0,2.084269703,-0.012084687,0.859478085,0.000000000,0.000000000,0.000000000,1.000000000,1,-0.865183384,-0.377561929,0.820603337,0.000000000,0.000000000,0.017156860,0.999852810,1
1782463461.733255148,3.897952318,1156,vicon_state_data,ball,1,0,2.075686188,-0.011624008,0.866782089,0.000000000,0.000000000,0.000000000,1.000000000,1,-0.865008651,-0.378027355,0.820350451,0.000000000,0.000000000,0.013567860,0.999907952,1
1782463461.736585617,3.901282787,1157,vicon_state_data,ball,1,0,2.068256238,-0.011277000,0.872880380,0.000000000,0.000000000,0.000000000,1.000000000,1,-0.864565768,-0.378118689,0.819905236,0.000000000,0.000000000,0.011104883,0.999938339,1
1782463461.739909410,3.904606581,1158,vicon_state_data,ball,1,0,2.059446918,-0.010969459,0.879793250,0.000000000,0.000000000,0.000000000,1.000000000,1,-0.864891862,-0.378008372,0.820294994,0.000000000,0.000000000,0.013646263,0.999906885,1
1782463461.743365526,3.908062696,1159,vicon_state_data,ball,1,0,2.050390103,-0.010682763,0.886589749,0.000000000,0.000000000,0.000000000,1.000000000,1,-0.864867632,-0.378025797,0.820325248,0.000000000,0.000000000,0.013692242,0.999906257,1
1782463461.746977091,3.911674261,1160,vicon_state_data,ball,1,0,2.041343503,-0.010409792,0.893239330,0.000000000,0.000000000,0.000000000,1.000000000,1,-0.864849446,-0.378059835,0.820319276,0.000000000,0.000000000,0.013501721,0.999908848,1
1782463461.750044346,3.914741516,1161,vicon_state_data,ball,1,0,2.032308165,-0.009853264,0.899540287,0.000000000,0.000000000,0.000000000,1.000000000,1,-0.864774014,-0.377758929,0.820051688,0.000000000,0.000000000,0.014578277,0.999893731,1
1782463461.753248453,3.917945623,1162,vicon_state_data,ball,1,0,2.023482157,-0.009292441,0.906205363,0.000000000,0.000000000,0.000000000,1.000000000,1,-0.864482498,-0.378225231,0.819939102,0.000000000,0.000000000,0.011264911,0.999936549,1
1782463461.756530762,3.921227932,1163,vicon_state_data,ball,1,0,2.014526880,-0.008850515,0.912670663,0.000000000,0.000000000,0.000000000,1.000000000,1,-0.864487562,-0.378197988,0.819980757,0.000000000,0.000000000,0.011676335,0.999931829,1
1782463461.759997845,3.924695015,1164,vicon_state_data,ball,1,0,2.005486667,-0.008487340,0.919016840,0.000000000,0.000000000,0.000000000,1.000000000,1,-0.864690336,-0.378051289,0.820244361,0.000000000,0.000000000,0.013598754,0.999907533,1
1782463461.763794899,3.928492069,1165,vicon_state_data,ball,1,0,1.996387195,-0.008089621,0.925446259,0.000000000,0.000000000,0.000000000,1.000000000,1,-0.864459246,-0.378224688,0.820029640,0.000000000,0.000000000,0.011750980,0.999930955,1
1782463461.766686440,3.931383610,1166,vicon_state_data,ball,1,0,1.987165599,-0.007446691,0.931733031,0.000000000,0.000000000,0.000000000,1.000000000,1,-0.864626003,-0.378055453,0.820250703,0.000000000,0.000000000,0.013798325,0.999904799,1
1782463461.769987345,3.934684515,1167,vicon_state_data,ball,1,0,1.978233287,-0.006899841,0.938076379,0.000000000,0.000000000,0.000000000,1.000000000,1,-0.864395375,-0.378263354,0.819984116,0.000000000,0.000000000,0.011613120,0.999932565,1
1782463461.773194551,3.937891722,1168,vicon_state_data,ball,1,0,1.969405592,-0.006478965,0.944212721,0.000000000,0.000000000,0.000000000,1.000000000,1,-0.864544621,-0.378137366,0.820178903,0.000000000,0.000000000,0.013160309,0.999913399,1
1782463461.776789665,3.941486835,1169,vicon_state_data,ball,1,0,1.960711993,-0.006097223,0.950079011,0.000000000,0.000000000,0.000000000,1.000000000,1,-0.864550207,-0.378155490,0.820260303,0.000000000,0.000000000,0.013379251,0.999910494,1
1782463461.780230045,3.944927216,1170,vicon_state_data,ball,1,0,1.952128470,-0.005715177,0.955791712,0.000000000,0.000000000,0.000000000,1.000000000,1,-0.864467769,-0.378180561,0.820155671,0.000000000,0.000000000,0.012879292,0.999917058,1
1782463461.783377171,3.948074341,1171,vicon_state_data,ball,1,0,1.943532944,-0.005082070,0.961285535,0.000000000,0.000000000,0.000000000,1.000000000,1,-0.864255561,-0.378320855,0.819934326,0.000000000,0.000000000,0.011401154,0.999935005,1
1782463461.786667347,3.951364517,1172,vicon_state_data,ball,1,0,1.935002974,-0.004412877,0.966688929,0.000000000,0.000000000,0.000000000,1.000000000,1,-0.864849236,-0.377704187,0.820751237,0.000000000,0.000000000,0.017898532,0.999839808,1
1782463461.789946318,3.954643488,1173,vicon_state_data,ball,1,0,1.926636108,-0.003972980,0.971642845,0.000000000,0.000000000,0.000000000,1.000000000,1,-0.864558407,-0.378196579,0.820304709,0.000000000,0.000000000,0.013658176,0.999906723,1
1782463461.793312788,3.958009958,1174,vicon_state_data,ball,1,0,1.918046125,-0.003365510,0.976763270,0.000000000,0.000000000,0.000000000,1.000000000,1,-0.864526392,-0.378194896,0.820288710,0.000000000,0.000000000,0.013763996,0.999905272,1
1782463461.796640158,3.961337328,1175,vicon_state_data,ball,1,0,1.909263413,-0.002979108,0.981607178,0.000000000,0.000000000,0.000000000,1.000000000,1,-0.864744779,-0.377294706,0.820725044,0.000000000,0.000000000,0.007969086,0.999968246,1
1782463461.800057650,3.964754820,1176,vicon_state_data,ball,1,0,1.900470370,-0.002360133,0.986648033,0.000000000,0.000000000,0.000000000,1.000000000,1,-0.864783754,-0.377210939,0.820367948,0.000000000,0.000000000,0.017228022,0.999851587,1
1782463461.803513765,3.968210936,1177,vicon_state_data,ball,1,0,1.891655722,-0.001887019,0.991369821,0.000000000,0.000000000,0.000000000,1.000000000,1,-0.864434264,-0.378114488,0.820408908,0.000000000,0.000000000,0.014402714,0.999896276,1
1782463461.806930780,3.971627951,1178,vicon_state_data,ball,1,0,1.882466310,-0.000937881,0.997352882,0.000000000,0.000000000,0.000000000,1.000000000,1,-0.864514233,-0.378005415,0.820495099,0.000000000,0.000000000,0.015043370,0.999886842,1
1782463461.810184956,3.974882126,1179,vicon_state_data,ball,1,0,1.873742748,-0.000587676,1.001596217,0.000000000,0.000000000,0.000000000,1.000000000,1,-0.864234270,-0.378164087,0.820166930,0.000000000,0.000000000,0.013139073,0.999913679,1
1782463461.813370466,3.978067636,1180,vicon_state_data,ball,1,0,1.864761271,-0.000043979,1.006510876,0.000000000,0.000000000,0.000000000,1.000000000,1,-0.864863447,-0.377295422,0.821258882,0.000000000,0.000000000,0.009063214,0.999958928,1
1782463461.816631794,3.981328964,1181,vicon_state_data,ball,1,0,1.856329506,0.000554748,1.011036089,0.000000000,0.000000000,0.000000000,1.000000000,1,-0.864210175,-0.378170317,0.820247140,0.000000000,0.000000000,0.014143761,0.999899972,1
1782463461.819915771,3.984612942,1182,vicon_state_data,ball,1,0,1.848101808,0.001013187,1.015463688,0.000000000,0.000000000,0.000000000,1.000000000,1,-0.864797713,-0.377287744,0.821336294,0.000000000,0.000000000,0.009238981,0.999957320,1
1782463461.823250294,3.987947464,1183,vicon_state_data,ball,1,0,1.839969938,0.001502865,1.019585132,0.000000000,0.000000000,0.000000000,1.000000000,1,-0.864764525,-0.377360535,0.821232221,0.000000000,0.000000000,0.008999695,0.999959502,1
1782463461.826918602,3.991615772,1184,vicon_state_data,ball,1,0,1.831993492,0.001924373,1.023605102,0.000000000,0.000000000,0.000000000,1.000000000,1,-0.864358495,-0.377786081,0.820659879,0.000000000,0.000000000,0.006974187,0.999975680,1
1782463461.830183983,3.994881153,1185,vicon_state_data,ball,1,0,1.823372295,0.002547423,1.027890463,0.000000000,0.000000000,0.000000000,1.000000000,1,-0.864451768,-0.377701657,0.820536340,0.000000000,0.000000000,0.015983823,0.999872251,1
1782463461.833286762,3.997983932,1186,vicon_state_data,ball,1,0,1.816294032,0.002597865,1.030327678,0.000000000,0.000000000,0.000000000,1.000000000,1,-0.864107666,-0.378271382,0.820342368,0.000000000,0.000000000,0.014184051,0.999899401,1
1782463461.836791277,4.001488447,1187,vicon_state_data,ball,1,0,1.806891220,0.003636865,1.034638410,0.000000000,0.000000000,0.000000000,1.000000000,1,-0.864195797,-0.378145512,0.820475204,0.000000000,0.000000000,0.015063581,0.999886538,1
1782463461.839984417,4.004681587,1188,vicon_state_data,ball,1,0,1.799098769,0.003567096,1.037522806,0.000000000,0.000000000,0.000000000,1.000000000,1,-0.864012529,-0.378318365,0.820262972,0.000000000,0.000000000,0.013967663,0.999902447,1
1782463461.843252182,4.007949352,1189,vicon_state_data,ball,1,0,1.790482945,0.004243300,1.041030425,0.000000000,0.000000000,0.000000000,1.000000000,1,-0.863780688,-0.378528997,0.820022288,0.000000000,0.000000000,0.011921505,0.999928936,1
1782463461.846601009,4.011298180,1190,vicon_state_data,ball,1,0,1.781901688,0.004733903,1.044495939,0.000000000,0.000000000,0.000000000,1.000000000,1,-0.863943483,-0.378260010,0.820289694,0.000000000,0.000000000,0.013750233,0.999905461,1
1782463461.849891901,4.014589071,1191,vicon_state_data,ball,1,0,1.773217265,0.005138503,1.047586644,0.000000000,0.000000000,0.000000000,1.000000000,1,-0.863875222,-0.378347298,0.820178651,0.000000000,0.000000000,0.013326804,0.999911194,1
1782463461.853296995,4.017994165,1192,vicon_state_data,ball,1,0,1.764595672,0.005617564,1.050913913,0.000000000,0.000000000,0.000000000,1.000000000,1,-0.864013599,-0.378041150,0.820175938,0.000000000,0.000000000,0.012950834,0.999916134,1
1782463461.856802464,4.021499634,1193,vicon_state_data,ball,1,0,1.755930875,0.005811304,1.053961098,0.000000000,0.000000000,0.000000000,1.000000000,1,-0.863812020,-0.378356291,0.820100423,0.000000000,0.000000000,0.012868819,0.999917193,1
1782463461.860311270,4.025008440,1194,vicon_state_data,ball,1,0,1.746921361,0.006911833,1.058109008,0.000000000,0.000000000,0.000000000,1.000000000,1,-0.864286610,-0.377593741,0.820906420,0.000000000,0.000000000,0.008228289,0.999966147,1
1782463461.863311291,4.028008461,1195,vicon_state_data,ball,1,0,1.738574117,0.007273709,1.061134915,0.000000000,0.000000000,0.000000000,1.000000000,1,-0.864300054,-0.377578570,0.820988941,0.000000000,0.000000000,0.008484470,0.999964006,1
1782463461.866643906,4.031341076,1196,vicon_state_data,ball,1,0,1.730120400,0.007737623,1.064099403,0.000000000,0.000000000,0.000000000,1.000000000,1,-0.863718970,-0.378335700,0.820162661,0.000000000,0.000000000,0.013623054,0.999907202,1
1782463461.870241642,4.034938812,1197,vicon_state_data,ball,1,0,1.721753857,0.008106000,1.066790716,0.000000000,0.000000000,0.000000000,1.000000000,1,-0.863757141,-0.378356404,0.820248736,0.000000000,0.000000000,0.013477476,0.999909175,1
1782463461.873445034,4.038142204,1198,vicon_state_data,ball,1,0,1.713571601,0.008545862,1.069492711,0.000000000,0.000000000,0.000000000,1.000000000,1,-0.864152011,-0.377547234,0.820878163,0.000000000,0.000000000,0.008413695,0.999964604,1
1782463461.876662731,4.041359901,1199,vicon_state_data,ball,1,0,1.705253559,0.009139260,1.071987209,0.000000000,0.000000000,0.000000000,1.000000000,1,-0.863601807,-0.378356260,0.820074931,0.000000000,0.000000000,0.013545394,0.999908257,1
1782463461.880174875,4.044872046,1200,vicon_state_data,ball,1,0,1.697282395,0.009412485,1.074023214,0.000000000,0.000000000,0.000000000,1.000000000,1,-0.864080490,-0.377648918,0.820515492,0.000000000,0.000000000,0.016984073,0.999855760,1
1782463461.883403540,4.048100710,1201,vicon_state_data,ball,1,0,1.689084747,0.009924073,1.076364015,0.000000000,0.000000000,0.000000000,1.000000000,1,-0.863745983,-0.378225865,0.820420864,0.000000000,0.000000000,0.015467284,0.999880374,1
1782463461.886858702,4.051555872,1202,vicon_state_data,ball,1,0,1.680692979,0.010413235,1.078525668,0.000000000,0.000000000,0.000000000,1.000000000,1,-0.863801976,-0.378122387,0.820516944,0.000000000,0.000000000,0.016416284,0.999865244,1
1782463461.890337706,4.055034876,1203,vicon_state_data,ball,1,0,1.672311464,0.011043518,1.080618168,0.000000000,0.000000000,0.000000000,1.000000000,1,-0.863800357,-0.378154817,0.820578426,0.000000000,0.000000000,0.016385285,0.999865752,1
1782463461.893342972,4.058040142,1204,vicon_state_data,ball,1,0,1.663836848,0.011715515,1.082456602,0.000000000,0.000000000,0.000000000,1.000000000,1,-0.863766089,-0.378246892,0.820513286,0.000000000,0.000000000,0.016040373,0.999871345,1
1782463461.896641016,4.061338186,1205,vicon_state_data,ball,1,0,1.655252522,0.012207549,1.084310031,0.000000000,0.000000000,0.000000000,1.000000000,1,-0.863781246,-0.378284972,0.820581521,0.000000000,0.000000000,0.016102798,0.999870342,1
1782463461.899943352,4.064640522,1206,vicon_state_data,ball,1,0,1.646570159,0.012913005,1.086224025,0.000000000,0.000000000,0.000000000,1.000000000,1,-0.864081749,-0.377624538,0.821433493,0.000000000,0.000000000,0.009677993,0.999953167,1
1782463461.903349400,4.068046570,1207,vicon_state_data,ball,1,0,1.637888339,0.013361287,1.088228398,0.000000000,0.000000000,0.000000000,1.000000000,1,-0.863702853,-0.378337802,0.820560250,0.000000000,0.000000000,0.016269985,0.999867635,1
1782463461.906613827,4.071310997,1208,vicon_state_data,ball,1,0,1.629192379,0.013855364,1.089800977,0.000000000,0.000000000,0.000000000,1.000000000,1,-0.863672520,-0.378405989,0.820615076,0.000000000,0.000000000,0.016207772,0.999868645,1
1782463461.910250187,4.074947357,1209,vicon_state_data,ball,1,0,1.621073019,0.014510244,1.091473867,0.000000000,0.000000000,0.000000000,1.000000000,1,-0.863661449,-0.378376124,0.820785235,0.000000000,0.000000000,0.016586085,0.999862441,1
1782463461.913416386,4.078113556,1210,vicon_state_data,ball,1,0,1.613073865,0.015004666,1.092840121,0.000000000,0.000000000,0.000000000,1.000000000,1,-0.863698162,-0.378378978,0.820646765,0.000000000,0.000000000,0.016572554,0.999862666,1
1782463461.916640520,4.081337690,1211,vicon_state_data,ball,1,0,1.605130186,0.015450091,1.094009947,0.000000000,0.000000000,0.000000000,1.000000000,1,-0.863977743,-0.377743076,0.821483450,0.000000000,0.000000000,0.009780355,0.999952171,1
1782463461.920358896,4.085056067,1212,vicon_state_data,ball,1,0,1.597346552,0.015957143,1.095036911,0.000000000,0.000000000,0.000000000,1.000000000,1,-0.864010114,-0.378264057,0.821021803,0.000000000,0.000000000,0.018251286,0.999833431,1
1782463461.923400164,4.088097334,1213,vicon_state_data,ball,1,0,1.589400266,0.016427149,1.096099969,0.000000000,0.000000000,0.000000000,1.000000000,1,-0.863599539,-0.378422206,0.820685167,0.000000000,0.000000000,0.016813701,0.999858640,1
1782463461.927055359,4.091752529,1214,vicon_state_data,ball,1,0,1.580918552,0.016989877,1.097242535,0.000000000,0.000000000,0.000000000,1.000000000,1,-0.863544342,-0.378509255,0.820545678,0.000000000,0.000000000,0.016375753,0.999865908,1
1782463461.930015564,4.094712734,1215,vicon_state_data,ball,1,0,1.572660155,0.017817770,1.097671635,0.000000000,0.000000000,0.000000000,1.000000000,1,-0.863535804,-0.378529030,0.820630426,0.000000000,0.000000000,0.016528773,0.999863391,1
1782463461.933573008,4.098270178,1216,vicon_state_data,ball,1,0,1.565340919,0.017613401,1.097266804,0.000000000,0.000000000,0.000000000,1.000000000,1,-0.863495881,-0.378517471,0.820622588,0.000000000,0.000000000,0.016536822,0.999863257,1
1782463461.936874390,4.101571560,1217,vicon_state_data,ball,1,0,1.557059101,0.018082241,1.097848824,0.000000000,0.000000000,0.000000000,1.000000000,1,-0.863803580,-0.377963506,0.820760511,0.000000000,0.000000000,0.018483405,0.999829167,1
1782463461.939980745,4.104677916,1218,vicon_state_data,ball,1,0,1.548674335,0.018710260,1.098259562,0.000000000,0.000000000,0.000000000,1.000000000,1,-0.863759150,-0.377961471,0.820681105,0.000000000,0.000000000,0.018315134,0.999832264,1
1782463461.943279028,4.107976198,1219,vicon_state_data,ball,1,0,1.540200285,0.019147595,1.098353824,0.000000000,0.000000000,0.000000000,1.000000000,1,-0.863454516,-0.378526344,0.820570583,0.000000000,0.000000000,0.016839389,0.999858207,1
1782463461.946706295,4.111403465,1220,vicon_state_data,ball,1,0,1.531788772,0.019635868,1.098462491,0.000000000,0.000000000,0.000000000,1.000000000,1,-0.863462817,-0.378553518,0.820606977,0.000000000,0.000000000,0.016722913,0.999860162,1
1782463461.950119495,4.114816666,1221,vicon_state_data,ball,1,0,1.523438567,0.020147667,1.098732482,0.000000000,0.000000000,0.000000000,1.000000000,1,-0.863420718,-0.378531738,0.820512360,0.000000000,0.000000000,0.017006952,0.999855371,1
1782463461.953418732,4.118115902,1222,vicon_state_data,ball,1,0,1.514882563,0.020760742,1.099611434,0.000000000,0.000000000,0.000000000,1.000000000,1,-0.863303283,-0.378749919,0.820496110,0.000000000,0.000000000,0.016088825,0.999870566,1
1782463461.956775904,4.121473074,1223,vicon_state_data,ball,1,0,1.506649222,0.021223169,1.099646960,0.000000000,0.000000000,0.000000000,1.000000000,1,-0.863368588,-0.378575146,0.820560026,0.000000000,0.000000000,0.017195525,0.999852146,1
1782463461.960038424,4.124735594,1224,vicon_state_data,ball,1,0,1.498457258,0.021649344,1.099893871,0.000000000,0.000000000,0.000000000,1.000000000,1,-0.863336621,-0.378640463,0.820545408,0.000000000,0.000000000,0.017078841,0.999854146,1
1782463461.963580370,4.128277540,1225,vicon_state_data,ball,1,0,1.490301955,0.022042795,1.099780530,0.000000000,0.000000000,0.000000000,1.000000000,1,-0.862992248,-0.378713249,0.820127552,0.000000000,0.000000000,0.015136020,0.999885444,1
1782463461.966706991,4.131404161,1226,vicon_state_data,ball,1,0,1.482247645,0.022371084,1.099549293,0.000000000,0.000000000,0.000000000,1.000000000,1,-0.862935627,-0.378811158,0.820116840,0.000000000,0.000000000,0.014997579,0.999887530,1
1782463461.970008612,4.134705782,1227,vicon_state_data,ball,1,0,1.474273979,0.022828310,1.099108905,0.000000000,0.000000000,0.000000000,1.000000000,1,-0.863030702,-0.378795017,0.820282109,0.000000000,0.000000000,0.015923111,0.999873219,1
1782463461.973207951,4.137905121,1228,vicon_state_data,ball,1,0,1.466077906,0.023457730,1.098540309,0.000000000,0.000000000,0.000000000,1.000000000,1,-0.863020616,-0.378779147,0.820347211,0.000000000,0.000000000,0.016248771,0.999867980,1
1782463461.976705313,4.141402483,1229,vicon_state_data,ball,1,0,1.458323832,0.023715477,1.097639926,0.000000000,0.000000000,0.000000000,1.000000000,1,-0.862968921,-0.378867974,0.820310733,0.000000000,0.000000000,0.016112800,0.999870180,1
1782463461.980040550,4.144737720,1230,vicon_state_data,ball,1,0,1.450200833,0.024200282,1.096839658,0.000000000,0.000000000,0.000000000,1.000000000,1,-0.862834152,-0.378968983,0.820187140,0.000000000,0.000000000,0.015236040,0.999883925,1
1782463461.983265877,4.147963047,1231,vicon_state_data,ball,1,0,1.441957676,0.024907413,1.096110938,0.000000000,0.000000000,0.000000000,1.000000000,1,-0.862948449,-0.378915106,0.820348180,0.000000000,0.000000000,0.016241079,0.999868105,1
1782463461.986984968,4.151682138,1232,vicon_state_data,ball,1,0,1.433709726,0.025482849,1.095326869,0.000000000,0.000000000,0.000000000,1.000000000,1,-0.862911772,-0.378983939,0.820330136,0.000000000,0.000000000,0.016085681,0.999870617,1
1782463461.990014553,4.154711723,1233,vicon_state_data,ball,1,0,1.425521068,0.026002221,1.093921628,0.000000000,0.000000000,0.000000000,1.000000000,1,-0.862928323,-0.378994650,0.820394167,0.000000000,0.000000000,0.016324441,0.999866747,1
1782463461.993586063,4.158283234,1234,vicon_state_data,ball,1,0,1.416986631,0.026663234,1.093057265,0.000000000,0.000000000,0.000000000,1.000000000,1,-0.862878981,-0.379030799,0.820324724,0.000000000,0.000000000,0.016023794,0.999871611,1
1782463461.997122765,4.161819935,1235,vicon_state_data,ball,1,0,1.408476567,0.027193057,1.091828085,0.000000000,0.000000000,0.000000000,1.000000000,1,-0.862877798,-0.379064937,0.820377826,0.000000000,0.000000000,0.016261048,0.999867780,1
1782463462.000017166,4.164714336,1236,vicon_state_data,ball,1,0,1.400052658,0.027776773,1.090503362,0.000000000,0.000000000,0.000000000,1.000000000,1,-0.862825954,-0.379090635,0.820325861,0.000000000,0.000000000,0.016077498,0.999870749,1
1782463462.003368616,4.168065786,1237,vicon_state_data,ball,1,0,1.392028498,0.028247279,1.089118124,0.000000000,0.000000000,0.000000000,1.000000000,1,-0.862856686,-0.379115747,0.820416967,0.000000000,0.000000000,0.016507833,0.999863736,1
1782463462.006580830,4.171278000,1238,vicon_state_data,ball,1,0,1.384014541,0.028784455,1.087650515,0.000000000,0.000000000,0.000000000,1.000000000,1,-0.862866478,-0.379151417,0.820440581,0.000000000,0.000000000,0.016614417,0.999861971,1
1782463462.010100842,4.174798012,1239,vicon_state_data,ball,1,0,1.376256808,0.029387327,1.085989933,0.000000000,0.000000000,0.000000000,1.000000000,1,-0.862821089,-0.379186416,0.820423309,0.000000000,0.000000000,0.016506870,0.999863752,1
1782463462.013806343,4.178503513,1240,vicon_state_data,ball,1,0,1.368659900,0.029820092,1.084080521,0.000000000,0.000000000,0.000000000,1.000000000,1,-0.862834464,-0.379194482,0.820502004,0.000000000,0.000000000,0.016747344,0.999859753,1
1782463462.016741991,4.181439161,1241,vicon_state_data,ball,1,0,1.360843768,0.030159364,1.082112970,0.000000000,0.000000000,0.000000000,1.000000000,1,-0.862775115,-0.379246301,0.820422952,0.000000000,0.000000000,0.016556407,0.999862933,1
1782463462.019983768,4.184680939,1242,vicon_state_data,ball,1,0,1.352953497,0.030637982,1.080039338,0.000000000,0.000000000,0.000000000,1.000000000,1,-0.862729365,-0.379263601,0.820421584,0.000000000,0.000000000,0.016521260,0.999863515,1
1782463462.023214340,4.187911510,1243,vicon_state_data,ball,1,0,1.345054283,0.031105292,1.077455219,0.000000000,0.000000000,0.000000000,1.000000000,1,-0.862750974,-0.379286036,0.820428323,0.000000000,0.000000000,0.016652353,0.999861340,1
1782463462.026691914,4.191389084,1244,vicon_state_data,ball,1,0,1.337162462,0.031558624,1.074848165,0.000000000,0.000000000,0.000000000,1.000000000,1,-0.862582980,-0.379477137,0.820239628,0.000000000,0.000000000,0.015624582,0.999877929,1
1782463462.029969931,4.194667101,1245,vicon_state_data,ball,1,0,1.328997960,0.032022642,1.072488912,0.000000000,0.000000000,0.000000000,1.000000000,1,-0.862388176,-0.379520535,0.820044936,0.000000000,0.000000000,0.014598784,0.999893432,1
1782463462.033378124,4.198075294,1246,vicon_state_data,ball,1,0,1.320875090,0.032567668,1.070029095,0.000000000,0.000000000,0.000000000,1.000000000,1,-0.862519408,-0.379393316,0.820274064,0.000000000,0.000000000,0.015928695,0.999873130,1
1782463462.036774158,4.201471329,1247,vicon_state_data,ball,1,0,1.312644325,0.033102749,1.067377467,0.000000000,0.000000000,0.000000000,1.000000000,1,-0.862490557,-0.379452692,0.820230971,0.000000000,0.000000000,0.015807942,0.999875047,1
1782463462.040049076,4.204746246,1248,vicon_state_data,ball,1,0,1.304389885,0.033596295,1.064529813,0.000000000,0.000000000,0.000000000,1.000000000,1,-0.862450626,-0.379479464,0.820190523,0.000000000,0.000000000,0.015766129,0.999875707,1
1782463462.043572664,4.208269835,1249,vicon_state_data,ball,1,0,1.296149683,0.034134444,1.061788257,0.000000000,0.000000000,0.000000000,1.000000000,1,-0.862356044,-0.379571600,0.820083448,0.000000000,0.000000000,0.015140301,0.999885379,1
1782463462.046701670,4.211398840,1250,vicon_state_data,ball,1,0,1.287763948,0.034645353,1.059607346,0.000000000,0.000000000,0.000000000,1.000000000,1,-0.862305367,-0.379679675,0.820052403,0.000000000,0.000000000,0.015145219,0.999885305,1
1782463462.049991608,4.214688778,1251,vicon_state_data,ball,1,0,1.279693145,0.035169497,1.056865555,0.000000000,0.000000000,0.000000000,1.000000000,1,-0.862447826,-0.379507154,0.820235520,0.000000000,0.000000000,0.016394127,0.999865607,1
1782463462.053213120,4.217910290,1252,vicon_state_data,ball,1,0,1.271628849,0.035506276,1.054094997,0.000000000,0.000000000,0.000000000,1.000000000,1,-0.862259690,-0.379722956,0.819986480,0.000000000,0.000000000,0.014933782,0.999888485,1
1782463462.056715965,4.221413136,1253,vicon_state_data,ball,1,0,1.263624633,0.036059453,1.051152983,0.000000000,0.000000000,0.000000000,1.000000000,1,-0.862244757,-0.379743775,0.819990278,0.000000000,0.000000000,0.014947891,0.999888274,1
1782463462.060355902,4.225053072,1254,vicon_state_data,ball,1,0,1.255677418,0.036420240,1.048095185,0.000000000,0.000000000,0.000000000,1.000000000,1,-0.862270191,-0.379700216,0.820061902,0.000000000,0.000000000,0.015565739,0.999878847,1
1782463462.063405752,4.228102922,1255,vicon_state_data,ball,1,0,1.247892198,0.036599372,1.044754985,0.000000000,0.000000000,0.000000000,1.000000000,1,-0.862385596,-0.379609692,0.820257097,0.000000000,0.000000000,0.016666045,0.999861112,1
1782463462.066607952,4.231305122,1256,vicon_state_data,ball,1,0,1.239986163,0.037348113,1.041117304,0.000000000,0.000000000,0.000000000,1.000000000,1,-0.862251672,-0.379739940,0.820117622,0.000000000,0.000000000,0.015901276,0.999873567,1
1782463462.069875717,4.234572887,1257,vicon_state_data,ball,1,0,1.232094260,0.037716877,1.037531470,0.000000000,0.000000000,0.000000000,1.000000000,1,-0.862269428,-0.379724976,0.820152854,0.000000000,0.000000000,0.016149574,0.999869587,1
1782463462.073340654,4.238037825,1258,vicon_state_data,ball,1,0,1.224232457,0.038243710,1.033889140,0.000000000,0.000000000,0.000000000,1.000000000,1,-0.862294164,-0.379743067,0.820214588,0.000000000,0.000000000,0.016510763,0.999863688,1
1782463462.076535702,4.241232872,1259,vicon_state_data,ball,1,0,1.216221151,0.038815806,1.030157062,0.000000000,0.000000000,0.000000000,1.000000000,1,-0.862305034,-0.379757413,0.820279059,0.000000000,0.000000000,0.016838013,0.999858231,1
1782463462.079947710,4.244644880,1260,vicon_state_data,ball,1,0,1.208199691,0.039509796,1.026333692,0.000000000,0.000000000,0.000000000,1.000000000,1,-0.862212930,-0.379824217,0.820180194,0.000000000,0.000000000,0.016286910,0.999867359,1
1782463462.083245993,4.247943163,1261,vicon_state_data,ball,1,0,1.200092606,0.040055323,1.022372069,0.000000000,0.000000000,0.000000000,1.000000000,1,-0.862215063,-0.379849872,0.820179505,0.000000000,0.000000000,0.016403839,0.999865448,1
1782463462.086757898,4.251455069,1262,vicon_state_data,ball,1,0,1.191837666,0.040731680,1.018603081,0.000000000,0.000000000,0.000000000,1.000000000,1,-0.862198288,-0.379868354,0.820245313,0.000000000,0.000000000,0.016663667,0.999861151,1
1782463462.090360165,4.255057335,1263,vicon_state_data,ball,1,0,1.183474627,0.041344225,1.014695481,0.000000000,0.000000000,0.000000000,1.000000000,1,-0.862202856,-0.379881346,0.820286685,0.000000000,0.000000000,0.016946296,0.999856401,1
1782463462.093398809,4.258095980,1264,vicon_state_data,ball,1,0,1.175299700,0.042017473,1.010525466,0.000000000,0.000000000,0.000000000,1.000000000,1,-0.862216399,-0.379873375,0.820318362,0.000000000,0.000000000,0.017207003,0.999851949,1
1782463462.096818447,4.261515617,1265,vicon_state_data,ball,1,0,1.167149623,0.042572357,1.006193044,0.000000000,0.000000000,0.000000000,1.000000000,1,-0.862155522,-0.379945563,0.820237730,0.000000000,0.000000000,0.016871691,0.999857663,1
1782463462.099921227,4.264618397,1266,vicon_state_data,ball,1,0,1.159387978,0.042927573,1.001872788,0.000000000,0.000000000,0.000000000,1.000000000,1,-0.862104476,-0.380018540,0.820150982,0.000000000,0.000000000,0.016455319,0.999864602,1
1782463462.103174686,4.267871857,1267,vicon_state_data,ball,1,0,1.151587044,0.043571546,0.997386162,0.000000000,0.000000000,0.000000000,1.000000000,1,-0.862134564,-0.379999313,0.820225673,0.000000000,0.000000000,0.017070766,0.999854284,1
1782463462.106654644,4.271351814,1268,vicon_state_data,ball,1,0,1.143938930,0.044154050,0.992688678,0.000000000,0.000000000,0.000000000,1.000000000,1,-0.862074487,-0.380072075,0.820130097,0.000000000,0.000000000,0.016576110,0.999862607,1
1782463462.109848976,4.274546146,1269,vicon_state_data,ball,1,0,1.136286283,0.044672636,0.987889270,0.000000000,0.000000000,0.000000000,1.000000000,1,-0.862129204,-0.380037763,0.820270494,0.000000000,0.000000000,0.017392321,0.999848742,1
1782463462.113352776,4.278049946,1270,vicon_state_data,ball,1,0,1.128562730,0.044948144,0.983017914,0.000000000,0.000000000,0.000000000,1.000000000,1,-0.861920299,-0.380255714,0.820016157,0.000000000,0.000000000,0.015913742,0.999873368,1
1782463462.116602659,4.281299829,1271,vicon_state_data,ball,1,0,1.120771499,0.045539838,0.977737012,0.000000000,0.000000000,0.000000000,1.000000000,1,-0.861942142,-0.380277646,0.819966024,0.000000000,0.000000000,0.015644434,0.999877618,1
1782463462.119888783,4.284585953,1272,vicon_state_data,ball,1,0,1.112889682,0.045988534,0.972344090,0.000000000,0.000000000,0.000000000,1.000000000,1,-0.861969950,-0.380220225,0.820053769,0.000000000,0.000000000,0.016371587,0.999865977,1
1782463462.123390913,4.288088083,1273,vicon_state_data,ball,1,0,1.105055988,0.046585917,0.966952117,0.000000000,0.000000000,0.000000000,1.000000000,1,-0.861952335,-0.380257553,0.820085030,0.000000000,0.000000000,0.016469205,0.999864373,1
1782463462.126662254,4.291359425,1274,vicon_state_data,ball,1,0,1.097060377,0.047121048,0.961657968,0.000000000,0.000000000,0.000000000,1.000000000,1,-0.861944936,-0.380293439,0.820053802,0.000000000,0.000000000,0.016292614,0.999867267,1
1782463462.130023479,4.294720650,1275,vicon_state_data,ball,1,0,1.088997304,0.047694543,0.956125938,0.000000000,0.000000000,0.000000000,1.000000000,1,-0.861926512,-0.380316538,0.820053256,0.000000000,0.000000000,0.016474273,0.999864290,1
1782463462.133276463,4.297973633,1276,vicon_state_data,ball,1,0,1.080964473,0.048308693,0.950580190,0.000000000,0.000000000,0.000000000,1.000000000,1,-0.861948215,-0.380277733,0.820125075,0.000000000,0.000000000,0.017041112,0.999854790,1
1782463462.136626482,4.301323652,1277,vicon_state_data,ball,1,0,1.072870038,0.048864972,0.944874082,0.000000000,0.000000000,0.000000000,1.000000000,1,-0.861897389,-0.380378366,0.820059447,0.000000000,0.000000000,0.016493666,0.999863970,1
1782463462.140514612,4.305211782,1278,vicon_state_data,ball,1,0,1.064813924,0.049394828,0.939317763,0.000000000,0.000000000,0.000000000,1.000000000,1,-0.861879638,-0.380421356,0.820067644,0.000000000,0.000000000,0.016543520,0.999863147,1
1782463462.143521309,4.308218479,1279,vicon_state_data,ball,1,0,1.056574683,0.049923468,0.934346271,0.000000000,0.000000000,0.000000000,1.000000000,1,-0.862460396,-0.379888491,0.821031686,0.000000000,0.000000000,0.022819261,0.999739607,1
1782463462.146943331,4.311640501,1280,vicon_state_data,ball,1,0,1.048694271,0.050420514,0.928627198,0.000000000,0.000000000,0.000000000,1.000000000,1,-0.861828798,-0.380408981,0.820104963,0.000000000,0.000000000,0.016960590,0.999856159,1
1782463462.149930000,4.314627171,1281,vicon_state_data,ball,1,0,1.040769309,0.050963668,0.922961578,0.000000000,0.000000000,0.000000000,1.000000000,1,-0.861842620,-0.380409100,0.820171186,0.000000000,0.000000000,0.017266502,0.999850923,1
1782463462.153388023,4.318085194,1282,vicon_state_data,ball,1,0,1.032966856,0.051473838,0.917057498,0.000000000,0.000000000,0.000000000,1.000000000,1,-0.861783743,-0.380508775,0.820072683,0.000000000,0.000000000,0.016600843,0.999862197,1
1782463462.156638861,4.321336031,1283,vicon_state_data,ball,1,0,1.025277922,0.051683962,0.910991737,0.000000000,0.000000000,0.000000000,1.000000000,1,-0.861770376,-0.380536179,0.820056811,0.000000000,0.000000000,0.016650194,0.999861376,1
1782463462.159935236,4.324632406,1284,vicon_state_data,ball,1,0,1.017566898,0.052147413,0.904657241,0.000000000,0.000000000,0.000000000,1.000000000,1,-0.861778777,-0.380524609,0.820118614,0.000000000,0.000000000,0.016992179,0.999855623,1
1782463462.163310528,4.328007698,1285,vicon_state_data,ball,1,0,1.009800455,0.052760767,0.898219378,0.000000000,0.000000000,0.000000000,1.000000000,1,-0.861769154,-0.380572207,0.820157034,0.000000000,0.000000000,0.017066714,0.999854353,1
1782463462.166564941,4.331262112,1286,vicon_state_data,ball,1,0,1.002030204,0.053211291,0.891710684,0.000000000,0.000000000,0.000000000,1.000000000,1,-0.861788835,-0.380666506,0.820160395,0.000000000,0.000000000,0.017140387,0.999853093,1
1782463462.170028448,4.334725618,1287,vicon_state_data,ball,1,0,0.994200036,0.053846275,0.885220104,0.000000000,0.000000000,0.000000000,1.000000000,1,-0.861726632,-0.380792817,0.820041795,0.000000000,0.000000000,0.016373092,0.999865952,1
1782463462.173345804,4.338042974,1288,vicon_state_data,ball,1,0,0.986276496,0.054548491,0.878616498,0.000000000,0.000000000,0.000000000,1.000000000,1,-0.862330545,-0.380201644,0.821067356,0.000000000,0.000000000,0.022977013,0.999735994,1
1782463462.176849842,4.341547012,1289,vicon_state_data,ball,1,0,0.978194055,0.055316541,0.872216498,0.000000000,0.000000000,0.000000000,1.000000000,1,-0.862079832,-0.380506522,0.820763128,0.000000000,0.000000000,0.021076919,0.999777857,1
1782463462.179995537,4.344692707,1290,vicon_state_data,ball,1,0,0.970314985,0.055839781,0.865164112,0.000000000,0.000000000,0.000000000,1.000000000,1,-0.862035786,-0.380435321,0.820714826,0.000000000,0.000000000,0.021265313,0.999773868,1
1782463462.183579445,4.348276615,1291,vicon_state_data,ball,1,0,0.962106112,0.056737424,0.858700182,0.000000000,0.000000000,0.000000000,1.000000000,1,-0.861743740,-0.380745343,0.820074297,0.000000000,0.000000000,0.017945320,0.999838970,1
1782463462.186686039,4.351383209,1292,vicon_state_data,ball,1,0,0.954121961,0.057172301,0.851762284,0.000000000,0.000000000,0.000000000,1.000000000,1,-0.862055573,-0.380552086,0.820707777,0.000000000,0.000000000,0.021222193,0.999774784,1
1782463462.189965725,4.354662895,1293,vicon_state_data,ball,1,0,0.946036953,0.057894198,0.844809663,0.000000000,0.000000000,0.000000000,1.000000000,1,-0.861964206,-0.380700521,0.820619094,0.000000000,0.000000000,0.020547793,0.999788872,1
1782463462.193326473,4.358023643,1294,vicon_state_data,ball,1,0,0.938090734,0.058524184,0.837534039,0.000000000,0.000000000,0.000000000,1.000000000,1,-0.862019638,-0.380608072,0.820662857,0.000000000,0.000000000,0.021153238,0.999776245,1
1782463462.196931839,4.361629009,1295,vicon_state_data,ball,1,0,0.930413548,0.059181330,0.830318330,0.000000000,0.000000000,0.000000000,1.000000000,1,-0.861949967,-0.380721453,0.820600340,0.000000000,0.000000000,0.020672209,0.999786307,1
1782463462.200048208,4.364745378,1296,vicon_state_data,ball,1,0,0.922735475,0.059772733,0.822969249,0.000000000,0.000000000,0.000000000,1.000000000,1,-0.861940146,-0.380741930,0.820608928,0.000000000,0.000000000,0.020743224,0.999784836,1
1782463462.203615427,4.368312597,1297,vicon_state_data,ball,1,0,0.915304924,0.060247456,0.815334872,0.000000000,0.000000000,0.000000000,1.000000000,1,-0.861964759,-0.380785543,0.820660387,0.000000000,0.000000000,0.020887604,0.999781830,1
1782463462.206646204,4.371343374,1298,vicon_state_data,ball,1,0,0.907595462,0.060800739,0.807759082,0.000000000,0.000000000,0.000000000,1.000000000,1,-0.862229665,-0.380598102,0.821059715,0.000000000,0.000000000,0.022997213,0.999735529,1
1782463462.210004330,4.374701500,1299,vicon_state_data,ball,1,0,0.899692755,0.061371828,0.800249186,0.000000000,0.000000000,0.000000000,1.000000000,1,-0.861805234,-0.380879569,0.820245373,0.000000000,0.000000000,0.019151533,0.999816593,1
1782463462.213264227,4.377961397,1300,vicon_state_data,ball,1,0,0.891848365,0.062192137,0.792143003,0.000000000,0.000000000,0.000000000,1.000000000,1,-0.861977540,-0.380912425,0.820840350,0.000000000,0.000000000,0.021277142,0.999773616,1
1782463462.216829300,4.381526470,1301,vicon_state_data,ball,1,0,0.884095936,0.062759499,0.784037280,0.000000000,0.000000000,0.000000000,1.000000000,1,-0.861667729,-0.381112778,0.820113503,0.000000000,0.000000000,0.018164565,0.999835011,1
1782463462.219890356,4.384587526,1302,vicon_state_data,ball,1,0,0.876604424,0.063067405,0.775482318,0.000000000,0.000000000,0.000000000,1.000000000,1,-0.861661022,-0.381102431,0.820182109,0.000000000,0.000000000,0.018368115,0.999831292,1
1782463462.223308802,4.388005972,1303,vicon_state_data,ball,1,0,0.868773727,0.063729656,0.767378985,0.000000000,0.000000000,0.000000000,1.000000000,1,-0.861627867,-0.381248750,0.820154836,0.000000000,0.000000000,0.018062901,0.999836853,1
1782463462.226669550,4.391366720,1304,vicon_state_data,ball,1,0,0.861749948,0.064317466,0.768083882,0.000000000,0.000000000,0.000000000,1.000000000,1,-0.862196149,-0.380771570,0.821104636,0.000000000,0.000000000,0.023408771,0.999725977,1
1782463462.230435610,4.395132780,1305,vicon_state_data,ball,1,0,0.855238130,0.064955268,0.775101032,0.000000000,0.000000000,0.000000000,1.000000000,1,-0.861611219,-0.381346439,0.820181218,0.000000000,0.000000000,0.017986219,0.999838235,1
1782463462.233314276,4.398011446,1306,vicon_state_data,ball,1,0,0.848974049,0.065554209,0.781601362,0.000000000,0.000000000,0.000000000,1.000000000,1,-0.862172230,-0.380964373,0.821185562,0.000000000,0.000000000,0.023155402,0.999731878,1
1782463462.236606359,4.401303530,1307,vicon_state_data,ball,1,0,0.842573083,0.066179216,0.788272022,0.000000000,0.000000000,0.000000000,1.000000000,1,-0.861705055,-0.381343456,0.820307318,0.000000000,0.000000000,0.018767606,0.999823873,1
1782463462.239952326,4.404649496,1308,vicon_state_data,ball,1,0,0.836214566,0.066781787,0.794784652,0.000000000,0.000000000,0.000000000,1.000000000,1,-0.861943529,-0.381343968,0.820929607,0.000000000,0.000000000,0.021234534,0.999774522,1
1782463462.243201971,4.407899141,1309,vicon_state_data,ball,1,0,0.829860915,0.067353114,0.801244070,0.000000000,0.000000000,0.000000000,1.000000000,1,-0.861933619,-0.381385571,0.820962419,0.000000000,0.000000000,0.021328358,0.999772525,1
1782463462.247278929,4.411976099,1310,vicon_state_data,ball,1,0,0.823373374,0.067779995,0.808098864,0.000000000,0.000000000,0.000000000,1.000000000,1,-0.861533660,-0.381706155,0.820119957,0.000000000,0.000000000,0.017504356,0.999846787,1
1782463462.250362158,4.415059328,1311,vicon_state_data,ball,1,0,0.817011683,0.068349109,0.814392095,0.000000000,0.000000000,0.000000000,1.000000000,1,-0.861515713,-0.381695802,0.820148675,0.000000000,0.000000000,0.017743567,0.999842571,1
1782463462.253324270,4.418021441,1312,vicon_state_data,ball,1,0,0.810746231,0.068837701,0.820525713,0.000000000,0.000000000,0.000000000,1.000000000,1,-0.861908493,-0.381537152,0.820933027,0.000000000,0.000000000,0.021293943,0.999773258,1
1782463462.256705761,4.421402931,1313,vicon_state_data,ball,1,0,0.804427160,0.069527211,0.826510325,0.000000000,0.000000000,0.000000000,1.000000000,1,-0.861480530,-0.381790868,0.820085923,0.000000000,0.000000000,0.017666535,0.999843935,1
1782463462.259954691,4.424651861,1314,vicon_state_data,ball,1,0,0.798115363,0.069964544,0.832507623,0.000000000,0.000000000,0.000000000,1.000000000,1,-0.861853477,-0.381566253,0.820817803,0.000000000,0.000000000,0.021296209,0.999773210,1
1782463462.263371229,4.428068399,1315,vicon_state_data,ball,1,0,0.791906652,0.070406045,0.838243006,0.000000000,0.000000000,0.000000000,1.000000000,1,-0.861585423,-0.381825124,0.820249386,0.000000000,0.000000000,0.018500741,0.999828847,1
1782463462.266559124,4.431256294,1316,vicon_state_data,ball,1,0,0.785646415,0.071013918,0.843900791,0.000000000,0.000000000,0.000000000,1.000000000,1,-0.861626410,-0.381927099,0.820374397,0.000000000,0.000000000,0.018459523,0.999829608,1
1782463462.269859314,4.434556484,1317,vicon_state_data,ball,1,0,0.779374035,0.071686845,0.849482968,0.000000000,0.000000000,0.000000000,1.000000000,1,-0.861614572,-0.381925682,0.820290199,0.000000000,0.000000000,0.018470673,0.999829403,1
1782463462.273245811,4.437942982,1318,vicon_state_data,ball,1,0,0.773229255,0.072045258,0.854911467,0.000000000,0.000000000,0.000000000,1.000000000,1,-0.861598713,-0.382032265,0.820348063,0.000000000,0.000000000,0.018343075,0.999831752,1
1782463462.276553869,4.441251040,1319,vicon_state_data,ball,1,0,0.767044796,0.072415862,0.860246784,0.000000000,0.000000000,0.000000000,1.000000000,1,-0.861572381,-0.381981680,0.820311946,0.000000000,0.000000000,0.018531663,0.999828274,1
1782463462.279933691,4.444630861,1320,vicon_state_data,ball,1,0,0.760875047,0.073007222,0.865302847,0.000000000,0.000000000,0.000000000,1.000000000,1,-0.861581775,-0.382077340,0.820322067,0.000000000,0.000000000,0.018298301,0.999832572,1
1782463462.283681393,4.448378563,1321,vicon_state_data,ball,1,0,0.754659215,0.073496320,0.870426385,0.000000000,0.000000000,0.000000000,1.000000000,1,-0.861570683,-0.382094984,0.820299765,0.000000000,0.000000000,0.018413571,0.999830456,1
1782463462.286685705,4.451382875,1322,vicon_state_data,ball,1,0,0.748432942,0.074329042,0.875170406,0.000000000,0.000000000,0.000000000,1.000000000,1,-0.861601662,-0.382133165,0.820373896,0.000000000,0.000000000,0.018519849,0.999828493,1
1782463462.290088415,4.454785585,1323,vicon_state_data,ball,1,0,0.742224828,0.074837217,0.879995025,0.000000000,0.000000000,0.000000000,1.000000000,1,-0.861607534,-0.382179361,0.820426825,0.000000000,0.000000000,0.018526647,0.999828367,1
1782463462.293308735,4.458005905,1324,vicon_state_data,ball,1,0,0.735992057,0.075399488,0.884737376,0.000000000,0.000000000,0.000000000,1.000000000,1,-0.861580947,-0.382242173,0.820401869,0.000000000,0.000000000,0.018427742,0.999830195,1
1782463462.296650648,4.461347818,1325,vicon_state_data,ball,1,0,0.729812452,0.075951064,0.889337964,0.000000000,0.000000000,0.000000000,1.000000000,1,-0.861585771,-0.382321936,0.820450711,0.000000000,0.000000000,0.018398851,0.999830727,1
1782463462.299853086,4.464550257,1326,vicon_state_data,ball,1,0,0.723607790,0.076560648,0.893844119,0.000000000,0.000000000,0.000000000,1.000000000,1,-0.861552862,-0.382371513,0.820410056,0.000000000,0.000000000,0.018360872,0.999831425,1
1782463462.303188562,4.467885733,1327,vicon_state_data,ball,1,0,0.717392417,0.077190960,0.898280166,0.000000000,0.000000000,0.000000000,1.000000000,1,-0.861540803,-0.382419211,0.820410106,0.000000000,0.000000000,0.018215400,0.999834086,1
1782463462.306559324,4.471256495,1328,vicon_state_data,ball,1,0,0.711169797,0.077822166,0.902571915,0.000000000,0.000000000,0.000000000,1.000000000,1,-0.861509822,-0.382486372,0.820385881,0.000000000,0.000000000,0.017956137,0.999838776,1
1782463462.310095310,4.474792480,1329,vicon_state_data,ball,1,0,0.704891724,0.078420149,0.906802095,0.000000000,0.000000000,0.000000000,1.000000000,1,-0.861524844,-0.382537924,0.820412165,0.000000000,0.000000000,0.018125305,0.999835723,1
1782463462.313524008,4.478221178,1330,vicon_state_data,ball,1,0,0.698646586,0.079058731,0.910953048,0.000000000,0.000000000,0.000000000,1.000000000,1,-0.861546516,-0.382543377,0.820392865,0.000000000,0.000000000,0.018309747,0.999832363,1
1782463462.316644430,4.481341600,1331,vicon_state_data,ball,1,0,0.692402946,0.079693368,0.914999279,0.000000000,0.000000000,0.000000000,1.000000000,1,-0.861530436,-0.382609595,0.820385298,0.000000000,0.000000000,0.018264372,0.999833192,1
1782463462.319927216,4.484624386,1332,vicon_state_data,ball,1,0,0.686152079,0.080401618,0.918913872,0.000000000,0.000000000,0.000000000,1.000000000,1,-0.861518064,-0.382626409,0.820340658,0.000000000,0.000000000,0.018178692,0.999834754,1
1782463462.323207378,4.487904549,1333,vicon_state_data,ball,1,0,0.679904778,0.081075465,0.922657601,0.000000000,0.000000000,0.000000000,1.000000000,1,-0.861505976,-0.382703055,0.820320068,0.000000000,0.000000000,0.018132194,0.999835598,1
1782463462.326540232,4.491237402,1334,vicon_state_data,ball,1,0,0.673658245,0.081729628,0.926320857,0.000000000,0.000000000,0.000000000,1.000000000,1,-0.861456741,-0.382737607,0.820245067,0.000000000,0.000000000,0.018176440,0.999834795,1
1782463462.330000162,4.494697332,1335,vicon_state_data,ball,1,0,0.667477120,0.082374042,0.929858329,0.000000000,0.000000000,0.000000000,1.000000000,1,-0.861470256,-0.382788354,0.820263206,0.000000000,0.000000000,0.018054588,0.999837003,1
1782463462.333186388,4.497883558,1336,vicon_state_data,ball,1,0,0.661303332,0.083042982,0.933238072,0.000000000,0.000000000,0.000000000,1.000000000,1,-0.861472104,-0.382779293,0.820228001,0.000000000,0.000000000,0.018386858,0.999830947,1
1782463462.336928844,4.501626015,1337,vicon_state_data,ball,1,0,0.655152148,0.083702746,0.936528206,0.000000000,0.000000000,0.000000000,1.000000000,1,-0.861625033,-0.382208518,0.820812565,0.000000000,0.000000000,0.008837233,0.999960951,1
1782463462.340539932,4.505237103,1338,vicon_state_data,ball,1,0,0.648938766,0.084354753,0.939691317,0.000000000,0.000000000,0.000000000,1.000000000,1,-0.861629449,-0.382282169,0.820819520,0.000000000,0.000000000,0.008775155,0.999961498,1
1782463462.343587160,4.508284330,1339,vicon_state_data,ball,1,0,0.642783818,0.084986038,0.942753748,0.000000000,0.000000000,0.000000000,1.000000000,1,-0.861625969,-0.382293256,0.820818312,0.000000000,0.000000000,0.008867796,0.999960680,1
1782463462.346735954,4.511433125,1340,vicon_state_data,ball,1,0,0.636620330,0.085611915,0.945589153,0.000000000,0.000000000,0.000000000,1.000000000,1,-0.861550831,-0.382405847,0.820645245,0.000000000,0.000000000,0.008409888,0.999964636,1
1782463462.349947214,4.514644384,1341,vicon_state_data,ball,1,0,0.630384040,0.086527808,0.948346935,0.000000000,0.000000000,0.000000000,1.000000000,1,-0.861574326,-0.382387166,0.820712706,0.000000000,0.000000000,0.008682558,0.999962306,1
1782463462.353274107,4.517971277,1342,vicon_state_data,ball,1,0,0.624375099,0.086853483,0.951075163,0.000000000,0.000000000,0.000000000,1.000000000,1,-0.861348008,-0.382967298,0.820570675,0.000000000,0.000000000,0.007263892,0.999973618,1
1782463462.357053757,4.521750927,1343,vicon_state_data,ball,1,0,0.618279739,0.087551750,0.953649041,0.000000000,0.000000000,0.000000000,1.000000000,1,-0.863174327,-0.384369929,0.820453979,0.000000000,0.000000000,0.000000000,1.000000000,1
1782463462.359976292,4.524673462,1344,vicon_state_data,ball,1,0,0.612170658,0.088081531,0.956028420,0.000000000,0.000000000,0.000000000,1.000000000,1,-0.863174327,-0.384369929,0.820453979,0.000000000,0.000000000,0.000000000,1.000000000,1
1782463462.363358498,4.528055668,1345,vicon_state_data,ball,1,0,0.606084419,0.088688381,0.958345416,0.000000000,0.000000000,0.000000000,1.000000000,1,-0.863174327,-0.384369929,0.820453979,0.000000000,0.000000000,0.000000000,1.000000000,1
1782463462.366740704,4.531437874,1346,vicon_state_data,ball,1,0,0.599970663,0.089292950,0.960515707,0.000000000,0.000000000,0.000000000,1.000000000,1,-0.863174327,-0.384369929,0.820453979,0.000000000,0.000000000,0.000000000,1.000000000,1
1782463462.370335817,4.535032988,1347,vicon_state_data,ball,1,0,0.593882428,0.089825526,0.962611304,0.000000000,0.000000000,0.000000000,1.000000000,1,-0.861842214,-0.383094121,0.820847689,0.000000000,0.000000000,0.019030542,0.999818903,1
1782463462.373431921,4.538129091,1348,vicon_state_data,ball,1,0,0.587831871,0.090467790,0.964681729,0.000000000,0.000000000,0.000000000,1.000000000,1,-0.861272163,-0.383428410,0.820505437,0.000000000,0.000000000,0.006837278,0.999976626,1
1782463462.376646042,4.541343212,1349,vicon_state_data,ball,1,0,0.581729599,0.091110826,0.966566331,0.000000000,0.000000000,0.000000000,1.000000000,1,-0.861490831,-0.383211526,0.821211667,0.000000000,0.000000000,0.008449453,0.999964303,1
1782463462.380189180,4.544886351,1350,vicon_state_data,ball,1,0,0.575622379,0.091764430,0.968342815,0.000000000,0.000000000,0.000000000,1.000000000,1,-0.861302252,-0.383445227,0.820603167,0.000000000,0.000000000,0.007122076,0.999974638,1
1782463462.383334637,4.548031807,1351,vicon_state_data,ball,1,0,0.569542915,0.092443206,0.969911288,0.000000000,0.000000000,0.000000000,1.000000000,1,-0.861504537,-0.383302170,0.820964603,0.000000000,0.000000000,0.008193053,0.999966436,1
1782463462.386701584,4.551398754,1352,vicon_state_data,ball,1,0,0.563472898,0.093079001,0.971353712,0.000000000,0.000000000,0.000000000,1.000000000,1,-0.861695924,-0.383316648,0.820647973,0.000000000,0.000000000,0.018507209,0.999828727,1
1782463462.390007019,4.554704189,1353,vicon_state_data,ball,1,0,0.557323239,0.093712872,0.972882999,0.000000000,0.000000000,0.000000000,1.000000000,1,-0.861362949,-0.383511100,0.820695123,0.000000000,0.000000000,0.007491694,0.999971937,1
1782463462.393273354,4.557970524,1354,vicon_state_data,ball,1,0,0.551204664,0.094366764,0.974297446,0.000000000,0.000000000,0.000000000,1.000000000,1,-0.861695695,-0.383385783,0.820594914,0.000000000,0.000000000,0.018477333,0.999829280,1
1782463462.397227764,4.561924934,1355,vicon_state_data,ball,1,0,0.545087403,0.095111361,0.975580632,0.000000000,0.000000000,0.000000000,1.000000000,1,-0.861468078,-0.383537718,0.820879095,0.000000000,0.000000000,0.007998814,0.999968009,1
1782463462.400203466,4.564900637,1356,vicon_state_data,ball,1,0,0.538956915,0.095848232,0.976784558,0.000000000,0.000000000,0.000000000,1.000000000,1,-0.861690660,-0.383499832,0.820480332,0.000000000,0.000000000,0.018324808,0.999832087,1
1782463462.403322458,4.568019629,1357,vicon_state_data,ball,1,0,0.532865048,0.096576804,0.977843554,0.000000000,0.000000000,0.000000000,1.000000000,1,-0.861512907,-0.383769718,0.820389160,0.000000000,0.000000000,0.017090522,0.999853946,1
1782463462.406640053,4.571337223,1358,vicon_state_data,ball,1,0,0.526779158,0.097278015,0.978789966,0.000000000,0.000000000,0.000000000,1.000000000,1,-0.861594683,-0.383691596,0.820818587,0.000000000,0.000000000,0.008023862,0.999967808,1
1782463462.409953594,4.574650764,1359,vicon_state_data,ball,1,0,0.520762754,0.097975060,0.979671964,0.000000000,0.000000000,0.000000000,1.000000000,1,-0.861194964,-0.384548280,0.820085765,0.000000000,0.000000000,0.013868125,0.999903833,1
1782463462.413300037,4.577997208,1360,vicon_state_data,ball,1,0,0.514638136,0.098689407,0.980416309,0.000000000,0.000000000,0.000000000,1.000000000,1,-0.860534872,-0.385089089,0.820070495,0.000000000,0.000000000,0.003741557,0.999993000,1
1782463462.416718960,4.581416130,1361,vicon_state_data,ball,1,0,0.508607852,0.099316318,0.981038900,0.000000000,0.000000000,0.000000000,1.000000000,1,-0.861067622,-0.384777681,0.819951575,0.000000000,0.000000000,0.012481801,0.999922099,1
1782463462.420114279,4.584811449,1362,vicon_state_data,ball,1,0,0.502503023,0.099994519,0.981575261,0.000000000,0.000000000,0.000000000,1.000000000,1,-0.861208097,-0.384742534,0.820143349,0.000000000,0.000000000,0.013928083,0.999903000,1
1782463462.423634291,4.588331461,1363,vicon_state_data,ball,1,0,0.496412544,0.100577987,0.981990389,0.000000000,0.000000000,0.000000000,1.000000000,1,-0.861214398,-0.384763015,0.820183305,0.000000000,0.000000000,0.014053677,0.999901242,1
1782463462.426633835,4.591331005,1364,vicon_state_data,ball,1,0,0.490370224,0.101173002,0.982425310,0.000000000,0.000000000,0.000000000,1.000000000,1,-0.861173993,-0.384765829,0.820080555,0.000000000,0.000000000,0.014060616,0.999901145,1
1782463462.429982901,4.594680071,1365,vicon_state_data,ball,1,0,0.484250150,0.101743467,0.982814100,0.000000000,0.000000000,0.000000000,1.000000000,1,-0.861033044,-0.384968037,0.819871096,0.000000000,0.000000000,0.013118708,0.999913946,1
1782463462.433304071,4.598001242,1366,vicon_state_data,ball,1,0,0.478242317,0.102292199,0.983025076,0.000000000,0.000000000,0.000000000,1.000000000,1,-0.861344826,-0.384987392,0.820270469,0.000000000,0.000000000,0.014418844,0.999896043,1
1782463462.436748028,4.601445198,1367,vicon_state_data,ball,1,0,0.472154377,0.102868038,0.983117926,0.000000000,0.000000000,0.000000000,1.000000000,1,-0.860774531,-0.385734166,0.819763988,0.000000000,0.000000000,0.011743341,0.999931045,1
1782463462.439853668,4.604550838,1368,vicon_state_data,ball,1,0,0.466149852,0.103391516,0.983060714,0.000000000,0.000000000,0.000000000,1.000000000,1,-0.860568671,-0.385744262,0.819563004,0.000000000,0.000000000,0.010533094,0.999944525,1
1782463462.443245411,4.607942581,1369,vicon_state_data,ball,1,0,0.460084594,0.104000181,0.982906674,0.000000000,0.000000000,0.000000000,1.000000000,1,-0.860533891,-0.385866927,0.819523026,0.000000000,0.000000000,0.010304096,0.999946911,1
1782463462.446696758,4.611393929,1370,vicon_state_data,ball,1,0,0.454100710,0.104630077,0.982635660,0.000000000,0.000000000,0.000000000,1.000000000,1,-0.860579991,-0.385918398,0.819598872,0.000000000,0.000000000,0.010452392,0.999945372,1
1782463462.449937344,4.614634514,1371,vicon_state_data,ball,1,0,0.448067818,0.105208035,0.982291534,0.000000000,0.000000000,0.000000000,1.000000000,1,-0.860581329,-0.385992248,0.819584079,0.000000000,0.000000000,0.010185322,0.999948128,1
1782463462.453641653,4.618338823,1372,vicon_state_data,ball,1,0,0.442028464,0.105793997,0.981803616,0.000000000,0.000000000,0.000000000,1.000000000,1,-0.860586559,-0.385988470,0.819560524,0.000000000,0.000000000,0.010361812,0.999946315,1
1782463462.456620693,4.621317863,1373,vicon_state_data,ball,1,0,0.436031248,0.106439581,0.981246834,0.000000000,0.000000000,0.000000000,1.000000000,1,-0.860559487,-0.386038004,0.819514904,0.000000000,0.000000000,0.010216430,0.999947811,1
1782463462.459842443,4.624539614,1374,vicon_state_data,ball,1,0,0.430001328,0.107040814,0.980569992,0.000000000,0.000000000,0.000000000,1.000000000,1,-0.862581619,-0.385599201,0.821166072,0.000000000,0.000000000,0.023345649,0.999727453,1
1782463462.463718653,4.628415823,1375,vicon_state_data,ball,1,0,0.424024158,0.107599305,0.979754233,0.000000000,0.000000000,0.000000000,1.000000000,1,-0.860588645,-0.386112660,0.819482206,0.000000000,0.000000000,0.010742970,0.999942293,1
1782463462.466945171,4.631642342,1376,vicon_state_data,ball,1,0,0.418005578,0.108208997,0.978788118,0.000000000,0.000000000,0.000000000,1.000000000,1,-0.862595348,-0.385540943,0.821129057,0.000000000,0.000000000,0.023899518,0.999714366,1
1782463462.470105171,4.634802341,1377,vicon_state_data,ball,1,0,0.411996679,0.108775874,0.977753901,0.000000000,0.000000000,0.000000000,1.000000000,1,-0.860970832,-0.385412267,0.819732271,0.000000000,0.000000000,0.013221316,0.999912595,1
1782463462.473586798,4.638283968,1378,vicon_state_data,ball,1,0,0.406026308,0.109430095,0.976577764,0.000000000,0.000000000,0.000000000,1.000000000,1,-0.861293096,-0.385072367,0.820009005,0.000000000,0.000000000,0.016076531,0.999870764,1
1782463462.476615906,4.641313076,1379,vicon_state_data,ball,1,0,0.400040559,0.110046542,0.975353153,0.000000000,0.000000000,0.000000000,1.000000000,1,-0.861248799,-0.385055754,0.819946678,0.000000000,0.000000000,0.016079306,0.999870720,1
1782463462.480041265,4.644738436,1380,vicon_state_data,ball,1,0,0.394031989,0.110815726,0.974019064,0.000000000,0.000000000,0.000000000,1.000000000,1,-0.860565677,-0.386364684,0.819515098,0.000000000,0.000000000,0.010279555,0.999947164,1
1782463462.483580351,4.648277521,1381,vicon_state_data,ball,1,0,0.388006406,0.111497818,0.972606369,0.000000000,0.000000000,0.000000000,1.000000000,1,-0.860943460,-0.385807266,0.819697454,0.000000000,0.000000000,0.014248592,0.999898484,1
1782463462.486743927,4.651441097,1382,vicon_state_data,ball,1,0,0.381962042,0.112202586,0.971085198,0.000000000,0.000000000,0.000000000,1.000000000,1,-0.860911859,-0.385852804,0.819665479,0.000000000,0.000000000,0.014020445,0.999901709,1
1782463462.489975214,4.654672384,1383,vicon_state_data,ball,1,0,0.375903081,0.112876943,0.969498167,0.000000000,0.000000000,0.000000000,1.000000000,1,-0.860869448,-0.385833603,0.819608868,0.000000000,0.000000000,0.014038881,0.999901450,1
1782463462.493244886,4.657942057,1384,vicon_state_data,ball,1,0,0.369900799,0.113558476,0.967782490,0.000000000,0.000000000,0.000000000,1.000000000,1,-0.860946753,-0.385579742,0.819654182,0.000000000,0.000000000,0.013119332,0.999913938,1
1782463462.496692181,4.661389351,1385,vicon_state_data,ball,1,0,0.363850937,0.114258526,0.966015065,0.000000000,0.000000000,0.000000000,1.000000000,1,-0.862248234,-0.384485277,0.820892189,0.000000000,0.000000000,0.023585147,0.999721832,1
1782463462.500038624,4.664735794,1386,vicon_state_data,ball,1,0,0.357836870,0.114934018,0.964140334,0.000000000,0.000000000,0.000000000,1.000000000,1,-0.862088753,-0.384477171,0.820973270,0.000000000,0.000000000,0.023978686,0.999712470,1
1782463462.503272295,4.667969465,1387,vicon_state_data,ball,1,0,0.351826934,0.115639557,0.962163001,0.000000000,0.000000000,0.000000000,1.000000000,1,-0.861695393,-0.384890269,0.820221727,0.000000000,0.000000000,0.019699035,0.999805955,1
1782463462.506658554,4.671355724,1388,vicon_state_data,ball,1,0,0.345878631,0.116313536,0.960070965,0.000000000,0.000000000,0.000000000,1.000000000,1,-0.861670561,-0.385005053,0.820170517,0.000000000,0.000000000,0.019457358,0.999810688,1
1782463462.509887695,4.674584866,1389,vicon_state_data,ball,1,0,0.339889310,0.117034644,0.957821815,0.000000000,0.000000000,0.000000000,1.000000000,1,-0.862075450,-0.384768061,0.820950730,0.000000000,0.000000000,0.023327003,0.999727888,1
1782463462.513368607,4.678065777,1390,vicon_state_data,ball,1,0,0.333893130,0.117750833,0.955480358,0.000000000,0.000000000,0.000000000,1.000000000,1,-0.862063538,-0.384746501,0.820955538,0.000000000,0.000000000,0.023415050,0.999725830,1
1782463462.516587734,4.681284904,1391,vicon_state_data,ball,1,0,0.327952387,0.118424412,0.952957691,0.000000000,0.000000000,0.000000000,1.000000000,1,-0.862071690,-0.384915149,0.820961847,0.000000000,0.000000000,0.022950556,0.999736601,1
1782463462.519930124,4.684627295,1392,vicon_state_data,ball,1,0,0.321984089,0.119114712,0.950347614,0.000000000,0.000000000,0.000000000,1.000000000,1,-0.862082526,-0.385070294,0.820932147,0.000000000,0.000000000,0.022797282,0.999740108,1
1782463462.523263931,4.687961102,1393,vicon_state_data,ball,1,0,0.316029867,0.119767655,0.947624903,0.000000000,0.000000000,0.000000000,1.000000000,1,-0.862035301,-0.385044136,0.820931036,0.000000000,0.000000000,0.022550135,0.999745713,1
1782463462.526529074,4.691226244,1394,vicon_state_data,ball,1,0,0.310055249,0.120470360,0.944780847,0.000000000,0.000000000,0.000000000,1.000000000,1,-0.862012690,-0.385203776,0.820862022,0.000000000,0.000000000,0.022301111,0.999751299,1
1782463462.530171394,4.694868565,1395,vicon_state_data,ball,1,0,0.304062185,0.121104398,0.941806190,0.000000000,0.000000000,0.000000000,1.000000000,1,-0.861674462,-0.385422906,0.820176664,0.000000000,0.000000000,0.018871657,0.999821914,1
1782463462.533282280,4.697979450,1396,vicon_state_data,ball,1,0,0.298100000,0.121796053,0.938693504,0.000000000,0.000000000,0.000000000,1.000000000,1,-0.861981055,-0.385290367,0.820831892,0.000000000,0.000000000,0.021921168,0.999759702,1
1782463462.536812067,4.701509237,1397,vicon_state_data,ball,1,0,0.292149865,0.122392916,0.935387975,0.000000000,0.000000000,0.000000000,1.000000000,1,-0.862015091,-0.385410488,0.820882098,0.000000000,0.000000000,0.021889612,0.999760394,1
1782463462.539932966,4.704630136,1398,vicon_state_data,ball,1,0,0.286204628,0.123041466,0.932013936,0.000000000,0.000000000,0.000000000,1.000000000,1,-0.861982671,-0.385356488,0.820843462,0.000000000,0.000000000,0.021757129,0.999763286,1
1782463462.543378592,4.708075762,1399,vicon_state_data,ball,1,0,0.279955851,0.123826344,0.928283202,0.000000000,0.000000000,0.000000000,1.000000000,1,-0.861656368,-0.385638661,0.820139941,0.000000000,0.000000000,0.018374231,0.999831180,1
1782463462.546933651,4.711630821,1400,vicon_state_data,ball,1,0,0.274161608,0.124339239,0.924928744,0.000000000,0.000000000,0.000000000,1.000000000,1,-0.861913947,-0.385495099,0.820754028,0.000000000,0.000000000,0.021107301,0.999777216,1
1782463462.549962044,4.714659214,1401,vicon_state_data,ball,1,0,0.268038574,0.125098100,0.921174142,0.000000000,0.000000000,0.000000000,1.000000000,1,-0.861914730,-0.385539519,0.820741080,0.000000000,0.000000000,0.021067255,0.999778061,1
1782463462.553333998,4.718031168,1402,vicon_state_data,ball,1,0,0.262072864,0.125755766,0.917405987,0.000000000,0.000000000,0.000000000,1.000000000,1,-0.861630189,-0.385770158,0.820086850,0.000000000,0.000000000,0.018012398,0.999837764,1
1782463462.556560040,4.721257210,1403,vicon_state_data,ball,1,0,0.256163749,0.126410810,0.913552950,0.000000000,0.000000000,0.000000000,1.000000000,1,-0.861951941,-0.385699661,0.820762142,0.000000000,0.000000000,0.021045792,0.999778513,1
1782463462.560069084,4.724766254,1404,vicon_state_data,ball,1,0,0.250246290,0.126934795,0.909810580,0.000000000,0.000000000,0.000000000,1.000000000,1,-0.861940516,-0.385622869,0.820727303,0.000000000,0.000000000,0.021001357,0.999779447,1
1782463462.563766718,4.728463888,1405,vicon_state_data,ball,1,0,0.245446042,0.128010057,0.908048936,0.000000000,0.000000000,0.000000000,1.000000000,1,-0.861659356,-0.385938065,0.820078744,0.000000000,0.000000000,0.017706008,0.999843236,1
1782463462.566697359,4.731394529,1406,vicon_state_data,ball,1,0,0.241514416,0.129710297,0.908010911,0.000000000,0.000000000,0.000000000,1.000000000,1,-0.861664990,-0.385967426,0.820067651,0.000000000,0.000000000,0.017763835,0.999842211,1
1782463462.570005655,4.734702826,1407,vicon_state_data,ball,1,0,0.237563620,0.131312751,0.907733995,0.000000000,0.000000000,0.000000000,1.000000000,1,-0.861668976,-0.386074275,0.820021444,0.000000000,0.000000000,0.017859436,0.999840508,1
1782463462.573266983,4.737964153,1408,vicon_state_data,ball,1,0,0.233527909,0.133081640,0.907475278,0.000000000,0.000000000,0.000000000,1.000000000,1,-0.862007765,-0.385877783,0.820730922,0.000000000,0.000000000,0.020692543,0.999785886,1
1782463462.576689482,4.741386652,1409,vicon_state_data,ball,1,0,0.229705653,0.134883841,0.907061141,0.000000000,0.000000000,0.000000000,1.000000000,1,-0.861953381,-0.385892686,0.820655597,0.000000000,0.000000000,0.020525932,0.999789321,1
1782463462.580276012,4.744973183,1410,vicon_state_data,ball,1,0,0.225932528,0.136826747,0.906585725,0.000000000,0.000000000,0.000000000,1.000000000,1,-0.862000267,-0.385984571,0.820660791,0.000000000,0.000000000,0.020768949,0.999784302,1
1782463462.583380222,4.748077393,1411,vicon_state_data,ball,1,0,0.221947515,0.138819468,0.906100419,0.000000000,0.000000000,0.000000000,1.000000000,1,-0.862000332,-0.385973431,0.820666556,0.000000000,0.000000000,0.020571222,0.999788390,1
1782463462.586654425,4.751351595,1412,vicon_state_data,ball,1,0,0.218283512,0.139842830,0.906523427,0.000000000,0.000000000,0.000000000,1.000000000,1,-0.862696399,-0.384739391,0.820939630,0.000000000,0.000000000,0.025003652,0.999687360,1
1782463462.589957714,4.754654884,1413,vicon_state_data,ball,1,0,0.215593192,0.140347203,0.908295232,0.000000000,0.000000000,0.000000000,1.000000000,1,-0.862091240,-0.386000003,0.820681142,0.000000000,0.000000000,0.021151969,0.999776272,1
1782463462.593254089,4.757951260,1414,vicon_state_data,ball,1,0,0.212695397,0.140465639,0.910019682,0.000000000,0.000000000,0.000000000,1.000000000,1,-0.862079983,-0.386001842,0.820637745,0.000000000,0.000000000,0.020938211,0.999780772,1
1782463462.596659422,4.761356592,1415,vicon_state_data,ball,1,0,0.211046005,0.141131519,0.912822090,0.000000000,0.000000000,0.000000000,1.000000000,1,-0.862652856,-0.385024542,0.820871294,0.000000000,0.000000000,0.024519807,0.999699344,1
1782463462.599959612,4.764656782,1416,vicon_state_data,ball,1,0,0.208384992,0.141926544,0.914354635,0.000000000,0.000000000,0.000000000,1.000000000,1,-0.862647889,-0.385171047,0.820890477,0.000000000,0.000000000,0.024244821,0.999706051,1
1782463462.603250027,4.767947197,1417,vicon_state_data,ball,1,0,0.205260371,0.141633297,0.915463085,0.000000000,0.000000000,0.000000000,1.000000000,1,-0.862523526,-0.385496115,0.820694939,0.000000000,0.000000000,0.023427124,0.999725547,1
1782463462.606837749,4.771534920,1418,vicon_state_data,ball,1,0,0.201601997,0.142014090,0.915647393,0.000000000,0.000000000,0.000000000,1.000000000,1,-0.862370106,-0.385593928,0.820432618,0.000000000,0.000000000,0.020454519,0.999790784,1
1782463462.610391140,4.775088310,1419,vicon_state_data,ball,1,0,0.199886695,0.142561739,0.918463650,0.000000000,0.000000000,0.000000000,1.000000000,1,-0.862426611,-0.385745445,0.820512454,0.000000000,0.000000000,0.022426491,0.999748495,1
1782463462.613388777,4.778085947,1420,vicon_state_data,ball,1,0,0.196985244,0.142889383,0.919696524,0.000000000,0.000000000,0.000000000,1.000000000,1,-0.862509059,-0.385702901,0.820646523,0.000000000,0.000000000,0.023065671,0.999733952,1
1782463462.616696358,4.781393528,1421,vicon_state_data,ball,1,0,0.192991514,0.142734321,0.920493255,0.000000000,0.000000000,0.000000000,1.000000000,1,-0.862239366,-0.386106847,0.820167927,0.000000000,0.000000000,0.019364543,0.999812490,1
1782463462.619874239,4.784571409,1422,vicon_state_data,ball,1,0,0.190103129,0.141823652,0.922345777,0.000000000,0.000000000,0.000000000,1.000000000,1,-0.862220131,-0.386139583,0.820110537,0.000000000,0.000000000,0.019410694,0.999811595,1
1782463462.623482227,4.788179398,1423,vicon_state_data,ball,1,0,0.187336319,0.141087264,0.924747446,0.000000000,0.000000000,0.000000000,1.000000000,1,-0.862445401,-0.386015944,0.820481444,0.000000000,0.000000000,0.021915560,0.999759825,1
1782463462.626946449,4.791643620,1424,vicon_state_data,ball,1,0,0.184182262,0.140304505,0.926984281,0.000000000,0.000000000,0.000000000,1.000000000,1,-0.862471122,-0.386078510,0.820511333,0.000000000,0.000000000,0.021898904,0.999760190,1
1782463462.630206823,4.794903994,1425,vicon_state_data,ball,1,0,0.181788324,0.139993910,0.930586875,0.000000000,0.000000000,0.000000000,1.000000000,1,-0.862289781,-0.386291857,0.820119088,0.000000000,0.000000000,0.019284033,0.999814046,1
