host_time_s,elapsed_s,frame_number,channel,name,ball_valid,ball_occluded,ball_x_m,ball_y_m,ball_z_m,ball_qx,ball_qy,ball_qz,ball_qw,base_valid,base_x_m,base_y_m,base_z_m,base_qx,base_qy,base_qz,base_qw,clean_segment_id
1782463466.249998093,8.414695263,2511,vicon_state_data,ball,1,0,3.022821840,-0.230475114,0.849633293,0.000000000,0.000000000,0.000000000,1.000000000,1,-0.867104478,-0.383169122,0.820161306,0.000000000,0.000000000,-0.011162225,0.999937700,3
1782463466.253356457,8.418053627,2512,vicon_state_data,ball,1,0,3.021738249,-0.230101736,0.848967603,0.000000000,0.000000000,0.000000000,1.000000000,1,-0.867175153,-0.383152999,0.820242303,0.000000000,0.000000000,-0.010752093,0.999942195,3
1782463466.257285595,8.421982765,2513,vicon_state_data,ball,1,0,3.020482206,-0.228787399,0.848807160,0.000000000,0.000000000,0.000000000,1.000000000,1,-0.867165350,-0.383018771,0.820219937,0.000000000,0.000000000,-0.010682825,0.999942937,3
1782463466.260325670,8.425022840,2514,vicon_state_data,ball,1,0,3.019257658,-0.227918816,0.848471988,0.000000000,0.000000000,0.000000000,1.000000000,1,-0.867186364,-0.383032612,0.820265001,0.000000000,0.000000000,-0.010617136,0.999943637,3
1782463466.263287544,8.427984715,2515,vicon_state_data,ball,1,0,3.017977733,-0.226870042,0.848194115,0.000000000,0.000000000,0.000000000,1.000000000,1,-0.867080188,-0.382998067,0.820151852,0.000000000,0.000000000,-0.011190623,0.999937383,3
1782463466.266782761,8.431479931,2516,vicon_state_data,ball,1,0,3.016539900,-0.225066292,0.848254164,0.000000000,0.000000000,0.000000000,1.000000000,1,-0.866624975,-0.383096343,0.819565261,0.000000000,0.000000000,-0.014196157,0.999899229,3
1782463466.269962072,8.434659243,2517,vicon_state_data,ball,1,0,3.015158766,-0.223621897,0.848192208,0.000000000,0.000000000,0.000000000,1.000000000,1,-0.866594732,-0.383072054,0.819574569,0.000000000,0.000000000,-0.014313749,0.999897553,3
1782463466.273268223,8.437965393,2518,vicon_state_data,ball,1,0,3.013639895,-0.221975015,0.848150553,0.000000000,0.000000000,0.000000000,1.000000000,1,-0.866633037,-0.382956355,0.819633738,0.000000000,0.000000000,-0.013864678,0.999903881,3
1782463466.276600599,8.441297770,2519,vicon_state_data,ball,1,0,3.012186270,-0.220143531,0.848211484,0.000000000,0.000000000,0.000000000,1.000000000,1,-0.866602911,-0.382952291,0.819618569,0.000000000,0.000000000,-0.014047984,0.999901322,3
1782463466.279871941,8.444569111,2520,vicon_state_data,ball,1,0,3.010606332,-0.218210743,0.848559571,0.000000000,0.000000000,0.000000000,1.000000000,1,-0.866563173,-0.382964530,0.819585811,0.000000000,0.000000000,-0.014412627,0.999896133,3
1782463466.283727169,8.448424339,2521,vicon_state_data,ball,1,0,3.009126541,-0.216911471,0.848446368,0.000000000,0.000000000,0.000000000,1.000000000,1,-0.866554757,-0.383013224,0.819577877,0.000000000,0.000000000,-0.014598016,0.999893443,3
1782463466.286910295,8.451607466,2522,vicon_state_data,ball,1,0,3.007421079,-0.214393710,0.849092300,0.000000000,0.000000000,0.000000000,1.000000000,1,-0.866548599,-0.382991960,0.819602603,0.000000000,0.000000000,-0.014667055,0.999892433,3
1782463466.290418863,8.455116034,2523,vicon_state_data,ball,1,0,3.005776953,-0.212427258,0.849450421,0.000000000,0.000000000,0.000000000,1.000000000,1,-0.866563169,-0.382917807,0.819649760,0.000000000,0.000000000,-0.014400430,0.999896308,3
1782463466.294622421,8.459319592,2524,vicon_state_data,ball,1,0,3.004061087,-0.210304883,0.850032801,0.000000000,0.000000000,0.000000000,1.000000000,1,-0.866550962,-0.382876689,0.819662173,0.000000000,0.000000000,-0.014459727,0.999895453,3
1782463466.296685457,8.461382627,2525,vicon_state_data,ball,1,0,3.002341208,-0.208493621,0.850311282,0.000000000,0.000000000,0.000000000,1.000000000,1,-0.866809025,-0.382427671,0.819739057,0.000000000,0.000000000,-0.010962453,0.999939911,3
1782463466.299936771,8.464633942,2526,vicon_state_data,ball,1,0,3.000681771,-0.206598253,0.850817423,0.000000000,0.000000000,0.000000000,1.000000000,1,-0.866543026,-0.382798583,0.819671886,0.000000000,0.000000000,-0.014404871,0.999896244,3
1782463466.303353071,8.468050241,2527,vicon_state_data,ball,1,0,2.998888881,-0.204382128,0.851666544,0.000000000,0.000000000,0.000000000,1.000000000,1,-0.866499926,-0.382801986,0.819679706,0.000000000,0.000000000,-0.014625558,0.999893041,3
1782463466.306763887,8.471461058,2528,vicon_state_data,ball,1,0,2.997162720,-0.202332315,0.852305900,0.000000000,0.000000000,0.000000000,1.000000000,1,-0.866511768,-0.382743651,0.819651345,0.000000000,0.000000000,-0.014604644,0.999893347,3
1782463466.309900761,8.474597931,2529,vicon_state_data,ball,1,0,2.995388549,-0.200187822,0.853052288,0.000000000,0.000000000,0.000000000,1.000000000,1,-0.866509723,-0.382684760,0.819709589,0.000000000,0.000000000,-0.014450746,0.999895583,3
1782463466.313351393,8.478048563,2530,vicon_state_data,ball,1,0,2.993539505,-0.197940439,0.854008667,0.000000000,0.000000000,0.000000000,1.000000000,1,-0.866474745,-0.382686082,0.819672559,0.000000000,0.000000000,-0.014682918,0.999892200,3
1782463466.316678286,8.481375456,2531,vicon_state_data,ball,1,0,2.991759572,-0.195655985,0.855033152,0.000000000,0.000000000,0.000000000,1.000000000,1,-0.866474040,-0.382604091,0.819653604,0.000000000,0.000000000,-0.014509976,0.999894725,3
1782463466.319917679,8.484614849,2532,vicon_state_data,ball,1,0,2.989977133,-0.193398610,0.856117368,0.000000000,0.000000000,0.000000000,1.000000000,1,-0.866460620,-0.382561712,0.819673399,0.000000000,0.000000000,-0.014516952,0.999894624,3
1782463466.323229074,8.487926245,2533,vicon_state_data,ball,1,0,2.988173883,-0.191174370,0.857231386,0.000000000,0.000000000,0.000000000,1.000000000,1,-0.866461745,-0.382484899,0.819652992,0.000000000,0.000000000,-0.014474929,0.999895233,3
1782463466.326615095,8.491312265,2534,vicon_state_data,ball,1,0,2.986386888,-0.188713803,0.858544099,0.000000000,0.000000000,0.000000000,1.000000000,1,-0.866683091,-0.382090864,0.819696380,0.000000000,0.000000000,-0.011296384,0.999936194,3
1782463466.329955101,8.494652271,2535,vicon_state_data,ball,1,0,2.984548498,-0.186548388,0.859720866,0.000000000,0.000000000,0.000000000,1.000000000,1,-0.866425109,-0.382424576,0.819678073,0.000000000,0.000000000,-0.014583706,0.999893652,3
1782463466.333363295,8.498060465,2536,vicon_state_data,ball,1,0,2.982779673,-0.184204140,0.861021806,0.000000000,0.000000000,0.000000000,1.000000000,1,-0.866472147,-0.382437353,0.819716404,0.000000000,0.000000000,-0.014240567,0.999898598,3
1782463466.336814165,8.501511335,2537,vicon_state_data,ball,1,0,2.981034729,-0.181966506,0.862415792,0.000000000,0.000000000,0.000000000,1.000000000,1,-0.866675878,-0.382039107,0.819732933,0.000000000,0.000000000,-0.011118729,0.999938185,3
1782463466.339964867,8.504662037,2538,vicon_state_data,ball,1,0,2.979189755,-0.179321772,0.864071631,0.000000000,0.000000000,0.000000000,1.000000000,1,-0.866435984,-0.382389206,0.819674127,0.000000000,0.000000000,-0.014409227,0.999896182,3
1782463466.343249559,8.507946730,2539,vicon_state_data,ball,1,0,2.977465871,-0.176886933,0.865611318,0.000000000,0.000000000,0.000000000,1.000000000,1,-0.866431531,-0.382323689,0.819704341,0.000000000,0.000000000,-0.014304906,0.999897680,3
1782463466.346727133,8.511424303,2540,vicon_state_data,ball,1,0,2.975724120,-0.174737495,0.866986691,0.000000000,0.000000000,0.000000000,1.000000000,1,-0.866652929,-0.381909836,0.819725593,0.000000000,0.000000000,-0.011026957,0.999939201,3
1782463466.350086451,8.514783621,2541,vicon_state_data,ball,1,0,2.973964383,-0.172061811,0.868775812,0.000000000,0.000000000,0.000000000,1.000000000,1,-0.866396720,-0.382277243,0.819674660,0.000000000,0.000000000,-0.014471164,0.999895287,3
1782463466.353457689,8.518154860,2542,vicon_state_data,ball,1,0,2.972267884,-0.169239423,0.870808037,0.000000000,0.000000000,0.000000000,1.000000000,1,-0.866640843,-0.381798321,0.819708923,0.000000000,0.000000000,-0.010925215,0.999940318,3
1782463466.356862068,8.521559238,2543,vicon_state_data,ball,1,0,2.970553426,-0.166986378,0.872477943,0.000000000,0.000000000,0.000000000,1.000000000,1,-0.866408459,-0.382151109,0.819708880,0.000000000,0.000000000,-0.014118456,0.999900330,3
1782463466.360066414,8.524763584,2544,vicon_state_data,ball,1,0,2.968975449,-0.164410148,0.874416353,0.000000000,0.000000000,0.000000000,1.000000000,1,-0.866383093,-0.382146556,0.819705519,0.000000000,0.000000000,-0.014172770,0.999899561,3
1782463466.363399506,8.528096676,2545,vicon_state_data,ball,1,0,2.967345295,-0.161838384,0.876401257,0.000000000,0.000000000,0.000000000,1.000000000,1,-0.866376664,-0.382094460,0.819742698,0.000000000,0.000000000,-0.014160107,0.999899741,3
1782463466.366652250,8.531349421,2546,vicon_state_data,ball,1,0,2.965858404,-0.159082232,0.878627498,0.000000000,0.000000000,0.000000000,1.000000000,1,-0.866311913,-0.381993785,0.819700772,0.000000000,0.000000000,-0.014347327,0.999897072,3
1782463466.370044231,8.534741402,2547,vicon_state_data,ball,1,0,2.964382742,-0.156758491,0.880500487,0.000000000,0.000000000,0.000000000,1.000000000,1,-0.866558235,-0.381568159,0.819804119,0.000000000,0.000000000,-0.010876978,0.999940844,3
1782463466.373220444,8.537917614,2548,vicon_state_data,ball,1,0,2.962989276,-0.154190199,0.882663279,0.000000000,0.000000000,0.000000000,1.000000000,1,-0.866307367,-0.381750905,0.819759323,0.000000000,0.000000000,-0.013792219,0.999904883,3
1782463466.376695395,8.541392565,2549,vicon_state_data,ball,1,0,2.961543263,-0.151338931,0.885007466,0.000000000,0.000000000,0.000000000,1.000000000,1,-0.866247236,-0.381775727,0.819720531,0.000000000,0.000000000,-0.014144773,0.999899958,3
1782463466.380435705,8.545132875,2550,vicon_state_data,ball,1,0,2.960147657,-0.148916866,0.887074976,0.000000000,0.000000000,0.000000000,1.000000000,1,-0.866441185,-0.381430693,0.819712200,0.000000000,0.000000000,-0.011326959,0.999935848,3
1782463466.383862257,8.548559427,2551,vicon_state_data,ball,1,0,2.958756184,-0.146450903,0.889343231,0.000000000,0.000000000,0.000000000,1.000000000,1,-0.866201186,-0.381738634,0.819694828,0.000000000,0.000000000,-0.014279593,0.999898041,3
1782463466.387073040,8.551770210,2552,vicon_state_data,ball,1,0,2.957287025,-0.143733447,0.891756217,0.000000000,0.000000000,0.000000000,1.000000000,1,-0.866193399,-0.381660780,0.819734489,0.000000000,0.000000000,-0.014083279,0.999900826,3
1782463466.390166759,8.554863930,2553,vicon_state_data,ball,1,0,2.956040332,-0.141517325,0.893953179,0.000000000,0.000000000,0.000000000,1.000000000,1,-0.866420811,-0.381256013,0.819696337,0.000000000,0.000000000,-0.011223991,0.999937009,3
1782463466.393328667,8.558025837,2554,vicon_state_data,ball,1,0,2.954518625,-0.138952378,0.896424681,0.000000000,0.000000000,0.000000000,1.000000000,1,-0.866156668,-0.381570218,0.819660175,0.000000000,0.000000000,-0.014210416,0.999899027,3
1782463466.396637678,8.561334848,2555,vicon_state_data,ball,1,0,2.953086902,-0.136349185,0.898955122,0.000000000,0.000000000,0.000000000,1.000000000,1,-0.866167712,-0.381646521,0.819768622,0.000000000,0.000000000,-0.014117140,0.999900348,3
1782463466.400168896,8.564866066,2556,vicon_state_data,ball,1,0,2.951666009,-0.133930107,0.901457404,0.000000000,0.000000000,0.000000000,1.000000000,1,-0.866123883,-0.381612871,0.819718689,0.000000000,0.000000000,-0.014246757,0.999898510,3
1782463466.403432131,8.568129301,2557,vicon_state_data,ball,1,0,2.950271541,-0.131596033,0.903996713,0.000000000,0.000000000,0.000000000,1.000000000,1,-0.866115271,-0.381588323,0.819726645,0.000000000,0.000000000,-0.014271824,0.999898152,3
1782463466.407233715,8.571930885,2558,vicon_state_data,ball,1,0,2.948777797,-0.129181752,0.906546707,0.000000000,0.000000000,0.000000000,1.000000000,1,-0.866310915,-0.381193700,0.819659041,0.000000000,0.000000000,-0.011451649,0.999934428,3
1782463466.410051107,8.574748278,2559,vicon_state_data,ball,1,0,2.947390590,-0.126824090,0.909109298,0.000000000,0.000000000,0.000000000,1.000000000,1,-0.866048964,-0.381527521,0.819706235,0.000000000,0.000000000,-0.014452246,0.999895561,3
1782463466.413460970,8.578158140,2560,vicon_state_data,ball,1,0,2.945949070,-0.124123638,0.911995213,0.000000000,0.000000000,0.000000000,1.000000000,1,-0.866034352,-0.381476054,0.819641444,0.000000000,0.000000000,-0.014522100,0.999894549,3
1782463466.416728020,8.581425190,2561,vicon_state_data,ball,1,0,2.944522942,-0.121814750,0.914669550,0.000000000,0.000000000,0.000000000,1.000000000,1,-0.866024175,-0.381422332,0.819658757,0.000000000,0.000000000,-0.014302181,0.999897719,3
1782463466.419960976,8.584658146,2562,vicon_state_data,ball,1,0,2.943096298,-0.119521173,0.917411331,0.000000000,0.000000000,0.000000000,1.000000000,1,-0.866260174,-0.381083796,0.819716598,0.000000000,0.000000000,-0.011580535,0.999932943,3
1782463466.423259974,8.587957144,2563,vicon_state_data,ball,1,0,2.941613618,-0.116860147,0.920463289,0.000000000,0.000000000,0.000000000,1.000000000,1,-0.866191618,-0.381043295,0.819689282,0.000000000,0.000000000,-0.011560401,0.999933176,3
1782463466.426663399,8.591360569,2564,vicon_state_data,ball,1,0,2.940195898,-0.114485757,0.923407807,0.000000000,0.000000000,0.000000000,1.000000000,1,-0.865936072,-0.381391006,0.819703052,0.000000000,0.000000000,-0.014597320,0.999893453,3
1782463466.430125237,8.594822407,2565,vicon_state_data,ball,1,0,2.938790855,-0.111918011,0.926447903,0.000000000,0.000000000,0.000000000,1.000000000,1,-0.865889183,-0.381399246,0.819683224,0.000000000,0.000000000,-0.014855345,0.999889653,3
1782463466.433422804,8.598119974,2566,vicon_state_data,ball,1,0,2.937380285,-0.109713392,0.929352961,0.000000000,0.000000000,0.000000000,1.000000000,1,-0.865881678,-0.381328050,0.819693030,0.000000000,0.000000000,-0.014610320,0.999893264,3
1782463466.436730862,8.601428032,2567,vicon_state_data,ball,1,0,2.935988041,-0.107263806,0.932504848,0.000000000,0.000000000,0.000000000,1.000000000,1,-0.865823638,-0.381371080,0.819638185,0.000000000,0.000000000,-0.015024668,0.999887123,3
1782463466.439920187,8.604617357,2568,vicon_state_data,ball,1,0,2.934590721,-0.104944774,0.935662900,0.000000000,0.000000000,0.000000000,1.000000000,1,-0.865844337,-0.381271315,0.819658837,0.000000000,0.000000000,-0.014622712,0.999893082,3
1782463466.443361044,8.608058214,2569,vicon_state_data,ball,1,0,2.933253298,-0.102662232,0.938897118,0.000000000,0.000000000,0.000000000,1.000000000,1,-0.865817863,-0.381275733,0.819700402,0.000000000,0.000000000,-0.014714818,0.999891731,3
1782463466.446662903,8.611360073,2570,vicon_state_data,ball,1,0,2.931857132,-0.100214950,0.942212333,0.000000000,0.000000000,0.000000000,1.000000000,1,-0.866094577,-0.380884839,0.819752322,0.000000000,0.000000000,-0.011285527,0.999936316,3
1782463466.450002432,8.614699602,2571,vicon_state_data,ball,1,0,2.930520814,-0.097772580,0.945692018,0.000000000,0.000000000,0.000000000,1.000000000,1,-0.866077596,-0.380814821,0.819729587,0.000000000,0.000000000,-0.011212460,0.999937138,3
1782463466.453531742,8.618228912,2572,vicon_state_data,ball,1,0,2.929190927,-0.095737017,0.948957047,0.000000000,0.000000000,0.000000000,1.000000000,1,-0.866057169,-0.380790429,0.819758385,0.000000000,0.000000000,-0.011162929,0.999937693,3
1782463466.456774950,8.621472120,2573,vicon_state_data,ball,1,0,2.928444457,-0.094933092,0.951863162,0.000000000,0.000000000,0.000000000,1.000000000,1,-0.866052764,-0.380813469,0.819747984,0.000000000,0.000000000,-0.011241720,0.999936810,3
1782463466.460210085,8.624907255,2574,vicon_state_data,ball,1,0,2.926557823,-0.090903271,0.956129733,0.000000000,0.000000000,0.000000000,1.000000000,1,-0.866031364,-0.380792477,0.819749750,0.000000000,0.000000000,-0.011085006,0.999938559,3
1782463466.463365555,8.628062725,2575,vicon_state_data,ball,1,0,2.925900364,-0.090459353,0.959031322,0.000000000,0.000000000,0.000000000,1.000000000,1,-0.865704628,-0.381108706,0.819656405,0.000000000,0.000000000,-0.014628682,0.999892995,3
1782463466.466791391,8.631488562,2576,vicon_state_data,ball,1,0,2.924050069,-0.086297077,0.963552073,0.000000000,0.000000000,0.000000000,1.000000000,1,-0.866000428,-0.380690562,0.819731106,0.000000000,0.000000000,-0.010961658,0.999939919,3
1782463466.469962597,8.634659767,2577,vicon_state_data,ball,1,0,2.923361479,-0.085957517,0.966438385,0.000000000,0.000000000,0.000000000,1.000000000,1,-0.865603340,-0.381060378,0.819597546,0.000000000,0.000000000,-0.015321069,0.999882626,3
1782463466.473357677,8.638054848,2578,vicon_state_data,ball,1,0,2.922125337,-0.083931505,0.970183111,0.000000000,0.000000000,0.000000000,1.000000000,1,-0.865589576,-0.381049193,0.819575901,0.000000000,0.000000000,-0.015119454,0.999885695,3
1782463466.476723671,8.641420841,2579,vicon_state_data,ball,1,0,2.921000398,-0.081606336,0.974084553,0.000000000,0.000000000,0.000000000,1.000000000,1,-0.865935776,-0.380490811,0.819772626,0.000000000,0.000000000,-0.011190739,0.999937382,3
1782463466.480052948,8.644750118,2580,vicon_state_data,ball,1,0,2.919698257,-0.079659065,0.977868456,0.000000000,0.000000000,0.000000000,1.000000000,1,-0.865597302,-0.380909392,0.819643661,0.000000000,0.000000000,-0.014830445,0.999890023,3
1782463466.483488083,8.648185253,2581,vicon_state_data,ball,1,0,2.918588664,-0.077587404,0.981661804,0.000000000,0.000000000,0.000000000,1.000000000,1,-0.865914687,-0.380416296,0.819780022,0.000000000,0.000000000,-0.010873386,0.999940883,3
1782463466.486672163,8.651369333,2582,vicon_state_data,ball,1,0,2.917450632,-0.075541886,0.985651221,0.000000000,0.000000000,0.000000000,1.000000000,1,-0.865815215,-0.380381657,0.819651561,0.000000000,0.000000000,-0.011482955,0.999934069,3
1782463466.489965916,8.654663086,2583,vicon_state_data,ball,1,0,2.916447421,-0.073616867,0.989501192,0.000000000,0.000000000,0.000000000,1.000000000,1,-0.865537635,-0.380779459,0.819640126,0.000000000,0.000000000,-0.014820672,0.999890168,3
1782463466.493497133,8.658194304,2584,vicon_state_data,ball,1,0,2.915255506,-0.071580679,0.993547583,0.000000000,0.000000000,0.000000000,1.000000000,1,-0.865746824,-0.380374360,0.819663938,0.000000000,0.000000000,-0.011569020,0.999933077,3
1782463466.496803045,8.661500216,2585,vicon_state_data,ball,1,0,2.914326821,-0.069564530,0.997517734,0.000000000,0.000000000,0.000000000,1.000000000,1,-0.865899542,-0.380198688,0.819876442,0.000000000,0.000000000,-0.010466943,0.999945220,3
1782463466.500217676,8.664914846,2586,vicon_state_data,ball,1,0,2.913291258,-0.067705508,1.001492726,0.000000000,0.000000000,0.000000000,1.000000000,1,-0.865880263,-0.380098344,0.819910195,0.000000000,0.000000000,-0.010565818,0.999944180,3
1782463466.503297329,8.667994499,2587,vicon_state_data,ball,1,0,2.912419027,-0.065719845,1.005600687,0.000000000,0.000000000,0.000000000,1.000000000,1,-0.865892283,-0.380055048,0.819950152,0.000000000,0.000000000,-0.010437758,0.999945525,3
1782463466.506554604,8.671251774,2588,vicon_state_data,ball,1,0,2.911310996,-0.063945013,1.009604695,0.000000000,0.000000000,0.000000000,1.000000000,1,-0.865831462,-0.380130403,0.819897459,0.000000000,0.000000000,-0.010616743,0.999943641,3
1782463466.509963751,8.674660921,2589,vicon_state_data,ball,1,0,2.910878714,-0.061757302,1.014120864,0.000000000,0.000000000,0.000000000,1.000000000,1,-0.865959215,-0.379937952,0.820067543,0.000000000,0.000000000,-0.009874395,0.999951247,3
1782463466.513463736,8.678160906,2590,vicon_state_data,ball,1,0,2.909788151,-0.060498630,1.017838294,0.000000000,0.000000000,0.000000000,1.000000000,1,-0.865726295,-0.380151261,0.819856131,0.000000000,0.000000000,-0.010887376,0.999940731,3
1782463466.516837835,8.681535006,2591,vicon_state_data,ball,1,0,2.908663513,-0.057537406,1.022582172,0.000000000,0.000000000,0.000000000,1.000000000,1,-0.865665461,-0.380035521,0.819779138,0.000000000,0.000000000,-0.011103489,0.999938354,3
1782463466.519993782,8.684690952,2592,vicon_state_data,ball,1,0,2.907989983,-0.055864267,1.026567841,0.000000000,0.000000000,0.000000000,1.000000000,1,-0.865663489,-0.379982415,0.819824959,0.000000000,0.000000000,-0.010930581,0.999940259,3
1782463466.523562908,8.688260078,2593,vicon_state_data,ball,1,0,2.907591248,-0.054048329,1.030820512,0.000000000,0.000000000,0.000000000,1.000000000,1,-0.865876514,-0.379812373,0.820037283,0.000000000,0.000000000,-0.009800400,0.999951975,3
1782463466.526712418,8.691409588,2594,vicon_state_data,ball,1,0,2.907165568,-0.052577063,1.034864952,0.000000000,0.000000000,0.000000000,1.000000000,1,-0.865697019,-0.379880382,0.819863726,0.000000000,0.000000000,-0.010566258,0.999944176,3
1782463466.530040264,8.694737434,2595,vicon_state_data,ball,1,0,2.906663258,-0.051029857,1.038979892,0.000000000,0.000000000,0.000000000,1.000000000,1,-0.865655833,-0.379937218,0.819835525,0.000000000,0.000000000,-0.010860873,0.999941019,3
1782463466.533239603,8.697936773,2596,vicon_state_data,ball,1,0,2.906238296,-0.049494119,1.043155878,0.000000000,0.000000000,0.000000000,1.000000000,1,-0.865681275,-0.379908097,0.819829179,0.000000000,0.000000000,-0.010448794,0.999945410,3
1782463466.536628246,8.701325417,2597,vicon_state_data,ball,1,0,2.905807170,-0.048202144,1.047278416,0.000000000,0.000000000,0.000000000,1.000000000,1,-0.865628945,-0.379872020,0.819814299,0.000000000,0.000000000,-0.010505635,0.999944814,3
1782463466.540026903,8.704724073,2598,vicon_state_data,ball,1,0,2.905386491,-0.046677025,1.051424660,0.000000000,0.000000000,0.000000000,1.000000000,1,-0.865645880,-0.379824333,0.819877454,0.000000000,0.000000000,-0.010244015,0.999947529,3
1782463466.543665171,8.708362341,2599,vicon_state_data,ball,1,0,2.905046341,-0.045158710,1.055605667,0.000000000,0.000000000,0.000000000,1.000000000,1,-0.865547849,-0.379779914,0.819747930,0.000000000,0.000000000,-0.010463473,0.999945256,3
1782463466.546708107,8.711405277,2600,vicon_state_data,ball,1,0,2.904612771,-0.043793974,1.059825846,0.000000000,0.000000000,0.000000000,1.000000000,1,-0.865569535,-0.379811360,0.819814697,0.000000000,0.000000000,-0.010503773,0.999944834,3
1782463466.550125122,8.714822292,2601,vicon_state_data,ball,1,0,2.904311973,-0.042254580,1.064066726,0.000000000,0.000000000,0.000000000,1.000000000,1,-0.865562221,-0.379709714,0.819863559,0.000000000,0.000000000,-0.010603919,0.999943777,3
1782463466.553601027,8.718298197,2602,vicon_state_data,ball,1,0,2.903932015,-0.041088082,1.068230672,0.000000000,0.000000000,0.000000000,1.000000000,1,-0.865533612,-0.379796351,0.819853945,0.000000000,0.000000000,-0.010584393,0.999943984,3
1782463466.556631327,8.721328497,2603,vicon_state_data,ball,1,0,2.903708685,-0.039702295,1.072615140,0.000000000,0.000000000,0.000000000,1.000000000,1,-0.865510840,-0.379788744,0.819854560,0.000000000,0.000000000,-0.010780035,0.999941894,3
1782463466.559883118,8.724580288,2604,vicon_state_data,ball,1,0,2.903402686,-0.038523918,1.076746059,0.000000000,0.000000000,0.000000000,1.000000000,1,-0.865493898,-0.379745502,0.819876871,0.000000000,0.000000000,-0.010673130,0.999943041,3
1782463466.563284874,8.727982044,2605,vicon_state_data,ball,1,0,2.903139613,-0.037329390,1.080975277,0.000000000,0.000000000,0.000000000,1.000000000,1,-0.865478314,-0.379752610,0.819899115,0.000000000,0.000000000,-0.010594683,0.999943875,3
1782463466.567074299,8.731771469,2606,vicon_state_data,ball,1,0,2.902881535,-0.036218444,1.085207793,0.000000000,0.000000000,0.000000000,1.000000000,1,-0.865482857,-0.379671776,0.819909087,0.000000000,0.000000000,-0.010436940,0.999945534,3
1782463466.570175886,8.734873056,2607,vicon_state_data,ball,1,0,2.902713664,-0.035081730,1.089530677,0.000000000,0.000000000,0.000000000,1.000000000,1,-0.865405123,-0.379619917,0.819894344,0.000000000,0.000000000,-0.010710641,0.999942639,3
1782463466.573431969,8.738129139,2608,vicon_state_data,ball,1,0,2.902480163,-0.034069507,1.093810434,0.000000000,0.000000000,0.000000000,1.000000000,1,-0.865327104,-0.379547234,0.819844448,0.000000000,0.000000000,-0.010733268,0.999942397,3
1782463466.576763630,8.741460800,2609,vicon_state_data,ball,1,0,2.902362030,-0.032827089,1.098195624,0.000000000,0.000000000,0.000000000,1.000000000,1,-0.865362316,-0.379556678,0.819897789,0.000000000,0.000000000,-0.010561746,0.999944223,3
1782463466.579946518,8.744643688,2610,vicon_state_data,ball,1,0,2.902219732,-0.031935558,1.102379207,0.000000000,0.000000000,0.000000000,1.000000000,1,-0.865306676,-0.379630264,0.819831019,0.000000000,0.000000000,-0.011019732,0.999939281,3
1782463466.584014654,8.748711824,2611,vicon_state_data,ball,1,0,2.902097118,-0.030778065,1.106722291,0.000000000,0.000000000,0.000000000,1.000000000,1,-0.865306653,-0.379535718,0.819857837,0.000000000,0.000000000,-0.010842263,0.999941221,3
1782463466.586888790,8.751585960,2612,vicon_state_data,ball,1,0,2.901979172,-0.029979949,1.111010331,0.000000000,0.000000000,0.000000000,1.000000000,1,-0.865226955,-0.379478439,0.819806455,0.000000000,0.000000000,-0.010856568,0.999941066,3
1782463466.590194941,8.754892111,2613,vicon_state_data,ball,1,0,2.901951699,-0.028994414,1.115321284,0.000000000,0.000000000,0.000000000,1.000000000,1,-0.865254550,-0.379480495,0.819834429,0.000000000,0.000000000,-0.010730156,0.999942430,3
1782463466.593468904,8.758166075,2614,vicon_state_data,ball,1,0,2.901849462,-0.028277438,1.119507974,0.000000000,0.000000000,0.000000000,1.000000000,1,-0.865158257,-0.379432268,0.819764388,0.000000000,0.000000000,-0.010991622,0.999939590,3
1782463466.596717358,8.761414528,2615,vicon_state_data,ball,1,0,2.901800467,-0.027428406,1.123725154,0.000000000,0.000000000,0.000000000,1.000000000,1,-0.865201964,-0.379447870,0.819810044,0.000000000,0.000000000,-0.010951829,0.999940027,3
1782463466.600313425,8.765010595,2616,vicon_state_data,ball,1,0,2.901711982,-0.026679339,1.127984853,0.000000000,0.000000000,0.000000000,1.000000000,1,-0.865175705,-0.379413600,0.819812196,0.000000000,0.000000000,-0.010854953,0.999941083,3
1782463466.603484869,8.768182039,2617,vicon_state_data,ball,1,0,2.901763311,-0.025639780,1.131997065,0.000000000,0.000000000,0.000000000,1.000000000,1,-0.865138698,-0.379392056,0.819798186,0.000000000,0.000000000,-0.010764301,0.999942063,3
1782463466.606654644,8.771351814,2618,vicon_state_data,ball,1,0,2.901733821,-0.024866065,1.136253249,0.000000000,0.000000000,0.000000000,1.000000000,1,-0.865107267,-0.379386185,0.819774605,0.000000000,0.000000000,-0.010876715,0.999940847,3
1782463466.610249996,8.774947166,2619,vicon_state_data,ball,1,0,2.901531731,-0.023431488,1.140603087,0.000000000,0.000000000,0.000000000,1.000000000,1,-0.865048981,-0.379219174,0.819683858,0.000000000,0.000000000,-0.011152376,0.999937810,3
1782463466.613552809,8.778249979,2620,vicon_state_data,ball,1,0,2.901606655,-0.022351586,1.145024532,0.000000000,0.000000000,0.000000000,1.000000000,1,-0.865046719,-0.379277162,0.819764985,0.000000000,0.000000000,-0.010840343,0.999941242,3
1782463466.616981030,8.781678200,2621,vicon_state_data,ball,1,0,2.901473298,-0.021787738,1.148661544,0.000000000,0.000000000,0.000000000,1.000000000,1,-0.865009828,-0.379236766,0.819700778,0.000000000,0.000000000,-0.010846410,0.999941176,3
1782463466.619958878,8.784656048,2622,vicon_state_data,ball,1,0,2.901449216,-0.021072181,1.152557268,0.000000000,0.000000000,0.000000000,1.000000000,1,-0.865011536,-0.379181279,0.819715055,0.000000000,0.000000000,-0.010790341,0.999941783,3
1782463466.623215199,8.787912369,2623,vicon_state_data,ball,1,0,2.901532644,-0.020277699,1.156727449,0.000000000,0.000000000,0.000000000,1.000000000,1,-0.864951700,-0.379202334,0.819691126,0.000000000,0.000000000,-0.010948092,0.999940068,3
1782463466.626650333,8.791347504,2624,vicon_state_data,ball,1,0,2.901471697,-0.019563206,1.160550721,0.000000000,0.000000000,0.000000000,1.000000000,1,-0.864941033,-0.379129376,0.819716702,0.000000000,0.000000000,-0.010720333,0.999942536,3
1782463466.630012989,8.794710159,2625,vicon_state_data,ball,1,0,2.901639589,-0.018749720,1.163959530,0.000000000,0.000000000,0.000000000,1.000000000,1,-0.864926920,-0.379144026,0.819758587,0.000000000,0.000000000,-0.010799174,0.999941687,3
1782463466.633395910,8.798093081,2626,vicon_state_data,ball,1,0,2.901637114,-0.018031090,1.167567826,0.000000000,0.000000000,0.000000000,1.000000000,1,-0.864841478,-0.379070897,0.819689481,0.000000000,0.000000000,-0.010903154,0.999940559,3
1782463466.636685848,8.801383018,2627,vicon_state_data,ball,1,0,2.901559013,-0.017474222,1.171005730,0.000000000,0.000000000,0.000000000,1.000000000,1,-0.864901284,-0.379097193,0.819781244,0.000000000,0.000000000,-0.010700239,0.999942751,3
1782463466.640033960,8.804731131,2628,vicon_state_data,ball,1,0,2.901469772,-0.016925235,1.174351036,0.000000000,0.000000000,0.000000000,1.000000000,1,-0.864873823,-0.379106530,0.819814779,0.000000000,0.000000000,-0.010739688,0.999942328,3
1782463466.643253803,8.807950974,2629,vicon_state_data,ball,1,0,2.901324986,-0.016400634,1.177906402,0.000000000,0.000000000,0.000000000,1.000000000,1,-0.864843444,-0.379085729,0.819816175,0.000000000,0.000000000,-0.010776949,0.999941927,3
1782463466.646628141,8.811325312,2630,vicon_state_data,ball,1,0,2.901325266,-0.015815015,1.181175505,0.000000000,0.000000000,0.000000000,1.000000000,1,-0.864809062,-0.379088700,0.819808110,0.000000000,0.000000000,-0.010885929,0.999940747,3
1782463466.650063038,8.814760208,2631,vicon_state_data,ball,1,0,2.901443819,-0.015176486,1.184069474,0.000000000,0.000000000,0.000000000,1.000000000,1,-0.864793236,-0.379069077,0.819826540,0.000000000,0.000000000,-0.010839954,0.999941246,3
1782463466.653232336,8.817929506,2632,vicon_state_data,ball,1,0,2.901334391,-0.014776320,1.187321957,0.000000000,0.000000000,0.000000000,1.000000000,1,-0.864749907,-0.378978535,0.819769708,0.000000000,0.000000000,-0.010592768,0.999943895,3
1782463466.656600475,8.821297646,2633,vicon_state_data,ball,1,0,2.901521100,-0.014136628,1.190041636,0.000000000,0.000000000,0.000000000,1.000000000,1,-0.864714515,-0.379015466,0.819763883,0.000000000,0.000000000,-0.010732357,0.999942407,3
1782463466.660000801,8.824697971,2634,vicon_state_data,ball,1,0,2.901550591,-0.013747813,1.192778694,0.000000000,0.000000000,0.000000000,1.000000000,1,-0.864655137,-0.378881173,0.819720453,0.000000000,0.000000000,-0.010568174,0.999944155,3
1782463466.663424015,8.828121185,2635,vicon_state_data,ball,1,0,2.901606065,-0.013305088,1.195455637,0.000000000,0.000000000,0.000000000,1.000000000,1,-0.864646909,-0.378933059,0.819722409,0.000000000,0.000000000,-0.010668312,0.999943092,3
1782463466.667075157,8.831772327,2636,vicon_state_data,ball,1,0,2.901727620,-0.012842951,1.198164763,0.000000000,0.000000000,0.000000000,1.000000000,1,-0.864192860,-0.379395111,0.819322821,0.000000000,0.000000000,-0.015611608,0.999878131,3
1782463466.670370102,8.835067272,2637,vicon_state_data,ball,1,0,2.901759452,-0.012428383,1.200591365,0.000000000,0.000000000,0.000000000,1.000000000,1,-0.864522480,-0.378884592,0.819600784,0.000000000,0.000000000,-0.011028559,0.999939184,3
1782463466.673478365,8.838175535,2638,vicon_state_data,ball,1,0,2.901858799,-0.012038551,1.203001605,0.000000000,0.000000000,0.000000000,1.000000000,1,-0.864511870,-0.378855223,0.819576796,0.000000000,0.000000000,-0.011065444,0.999938776,3
1782463466.676922321,8.841619492,2639,vicon_state_data,ball,1,0,2.901943372,-0.011628712,1.205368933,0.000000000,0.000000000,0.000000000,1.000000000,1,-0.864176720,-0.379233648,0.819384797,0.000000000,0.000000000,-0.014997552,0.999887530,3
1782463466.680051804,8.844748974,2640,vicon_state_data,ball,1,0,2.902786284,-0.010810393,1.206382762,0.000000000,0.000000000,0.000000000,1.000000000,1,-0.864169563,-0.379191799,0.819389752,0.000000000,0.000000000,-0.014804660,0.999890405,3
1782463466.683486700,8.848183870,2641,vicon_state_data,ball,1,0,2.902435453,-0.011113853,1.209451354,0.000000000,0.000000000,0.000000000,1.000000000,1,-0.864471083,-0.378712990,0.819587749,0.000000000,0.000000000,-0.010700963,0.999942743,3
1782463466.686532259,8.851229429,2642,vicon_state_data,ball,1,0,2.902617998,-0.010661468,1.211313023,0.000000000,0.000000000,0.000000000,1.000000000,1,-0.864493589,-0.378742551,0.819687875,0.000000000,0.000000000,-0.010509280,0.999944776,3
1782463466.690002441,8.854699612,2643,vicon_state_data,ball,1,0,2.902944410,-0.009913349,1.212726043,0.000000000,0.000000000,0.000000000,1.000000000,1,-0.864120050,-0.379123589,0.819426198,0.000000000,0.000000000,-0.014575570,0.999893771,3
1782463466.693235636,8.857932806,2644,vicon_state_data,ball,1,0,2.903022179,-0.009659959,1.214652236,0.000000000,0.000000000,0.000000000,1.000000000,1,-0.864109097,-0.379076048,0.819426267,0.000000000,0.000000000,-0.014392531,0.999896422,3
1782463466.696881056,8.861578226,2645,vicon_state_data,ball,1,0,2.903128954,-0.009174996,1.216263650,0.000000000,0.000000000,0.000000000,1.000000000,1,-0.864096964,-0.379054695,0.819463991,0.000000000,0.000000000,-0.014329167,0.999897332,3
1782463466.700100183,8.864797354,2646,vicon_state_data,ball,1,0,2.903197604,-0.008891287,1.217903796,0.000000000,0.000000000,0.000000000,1.000000000,1,-0.864088012,-0.379011608,0.819495635,0.000000000,0.000000000,-0.014024227,0.999901656,3
1782463466.703379393,8.868076563,2647,vicon_state_data,ball,1,0,2.903296366,-0.008491443,1.219403268,0.000000000,0.000000000,0.000000000,1.000000000,1,-0.864096121,-0.379003750,0.819515814,0.000000000,0.000000000,-0.013874357,0.999903746,3
1782463466.706793070,8.871490240,2648,vicon_state_data,ball,1,0,2.903402807,-0.008020952,1.220756552,0.000000000,0.000000000,0.000000000,1.000000000,1,-0.864353613,-0.378586755,0.819660631,0.000000000,0.000000000,-0.010337089,0.999946571,3
1782463466.709934473,8.874631643,2649,vicon_state_data,ball,1,0,2.903495898,-0.007485863,1.221987466,0.000000000,0.000000000,0.000000000,1.000000000,1,-0.864010430,-0.379005261,0.819431188,0.000000000,0.000000000,-0.014157302,0.999899780,3
1782463466.713309526,8.878006697,2650,vicon_state_data,ball,1,0,2.903567394,-0.006977986,1.223040271,0.000000000,0.000000000,0.000000000,1.000000000,1,-0.864046239,-0.378925176,0.819552135,0.000000000,0.000000000,-0.013597403,0.999907551,3
1782463466.716638327,8.881335497,2651,vicon_state_data,ball,1,0,2.903619982,-0.006548980,1.224036483,0.000000000,0.000000000,0.000000000,1.000000000,1,-0.863957817,-0.379007908,0.819479508,0.000000000,0.000000000,-0.014213227,0.999898987,3
1782463466.719997883,8.884695053,2652,vicon_state_data,ball,1,0,2.903709719,-0.006175414,1.225021842,0.000000000,0.000000000,0.000000000,1.000000000,1,-0.864219130,-0.378589862,0.819643790,0.000000000,0.000000000,-0.010425542,0.999945653,3
1782463466.723635197,8.888332367,2653,vicon_state_data,ball,1,0,2.903777057,-0.005896224,1.225891545,0.000000000,0.000000000,0.000000000,1.000000000,1,-0.863956543,-0.378892755,0.819522467,0.000000000,0.000000000,-0.013663115,0.999906655,3
1782463466.726886511,8.891583681,2654,vicon_state_data,ball,1,0,2.903885425,-0.005595243,1.226685653,0.000000000,0.000000000,0.000000000,1.000000000,1,-0.863865463,-0.378983647,0.819430447,0.000000000,0.000000000,-0.014242634,0.999898569,3
1782463466.730209827,8.894906998,2655,vicon_state_data,ball,1,0,2.903979074,-0.005357794,1.227343959,0.000000000,0.000000000,0.000000000,1.000000000,1,-0.863875209,-0.378920625,0.819447166,0.000000000,0.000000000,-0.013910396,0.999903246,3
1782463466.733470440,8.898167610,2656,vicon_state_data,ball,1,0,2.904090218,-0.004993534,1.227935294,0.000000000,0.000000000,0.000000000,1.000000000,1,-0.863905326,-0.378996276,0.819515890,0.000000000,0.000000000,-0.013762931,0.999905286,3
1782463466.736683846,8.901381016,2657,vicon_state_data,ball,1,0,2.904192375,-0.004682060,1.228379104,0.000000000,0.000000000,0.000000000,1.000000000,1,-0.864115973,-0.378497958,0.819650020,0.000000000,0.000000000,-0.010174086,0.999948243,3
1782463466.739965200,8.904662371,2658,vicon_state_data,ball,1,0,2.904329575,-0.004274678,1.228712506,0.000000000,0.000000000,0.000000000,1.000000000,1,-0.863783118,-0.378876431,0.819420948,0.000000000,0.000000000,-0.014030936,0.999901562,3
1782463466.743409157,8.908106327,2659,vicon_state_data,ball,1,0,2.904412659,-0.003944925,1.228923504,0.000000000,0.000000000,0.000000000,1.000000000,1,-0.864071035,-0.378441521,0.819600554,0.000000000,0.000000000,-0.010090544,0.999949089,3
1782463466.746611357,8.911308527,2660,vicon_state_data,ball,1,0,2.904519628,-0.003649271,1.229005090,0.000000000,0.000000000,0.000000000,1.000000000,1,-0.863704839,-0.378882242,0.819342111,0.000000000,0.000000000,-0.014180281,0.999899455,3
1782463466.750082731,8.914779902,2661,vicon_state_data,ball,1,0,2.904634064,-0.003307057,1.229067132,0.000000000,0.000000000,0.000000000,1.000000000,1,-0.863726428,-0.378795926,0.819384021,0.000000000,0.000000000,-0.013784811,0.999904985,3
1782463466.753320694,8.918017864,2662,vicon_state_data,ball,1,0,2.904719997,-0.003035084,1.228990978,0.000000000,0.000000000,0.000000000,1.000000000,1,-0.863690396,-0.378807299,0.819361708,0.000000000,0.000000000,-0.013961339,0.999902536,3
1782463466.756709337,8.921406507,2663,vicon_state_data,ball,1,0,2.904829017,-0.002702216,1.228791016,0.000000000,0.000000000,0.000000000,1.000000000,1,-0.863623442,-0.378869344,0.819340655,0.000000000,0.000000000,-0.014368363,0.999896770,3
1782463466.760019779,8.924716949,2664,vicon_state_data,ball,1,0,2.904924637,-0.002419138,1.228522485,0.000000000,0.000000000,0.000000000,1.000000000,1,-0.863983774,-0.378418411,0.819592979,0.000000000,0.000000000,-0.009864617,0.999951343,3
1782463466.763338566,8.928035736,2665,vicon_state_data,ball,1,0,2.905025583,-0.002149435,1.228104312,0.000000000,0.000000000,0.000000000,1.000000000,1,-0.863710682,-0.378811965,0.819478179,0.000000000,0.000000000,-0.013498928,0.999908885,3
1782463466.766746521,8.931443691,2666,vicon_state_data,ball,1,0,2.905125199,-0.001794701,1.227521672,0.000000000,0.000000000,0.000000000,1.000000000,1,-0.863675241,-0.378834152,0.819454017,0.000000000,0.000000000,-0.013650641,0.999906826,3
1782463466.771772385,8.936469555,2667,vicon_state_data,ball,1,0,2.905217783,-0.001453881,1.226908598,0.000000000,0.000000000,0.000000000,1.000000000,1,-0.863596522,-0.378744939,0.819444024,0.000000000,0.000000000,-0.013647412,0.999906870,3
1782463466.774531126,8.939228296,2668,vicon_state_data,ball,1,0,2.905262058,-0.001358495,1.226194244,0.000000000,0.000000000,0.000000000,1.000000000,1,-0.863586593,-0.378894970,0.819499618,0.000000000,0.000000000,-0.013967824,0.999902445,3
1782463466.776946783,8.941643953,2669,vicon_state_data,ball,1,0,2.905367310,-0.001007945,1.225350408,0.000000000,0.000000000,0.000000000,1.000000000,1,-0.863559412,-0.378872188,0.819465963,0.000000000,0.000000000,-0.013821632,0.999904477,3
1782463466.780038118,8.944735289,2670,vicon_state_data,ball,1,0,2.905457265,-0.000651874,1.224408550,0.000000000,0.000000000,0.000000000,1.000000000,1,-0.863536201,-0.378886192,0.819493928,0.000000000,0.000000000,-0.013920786,0.999903101,3
1782463466.783340216,8.948037386,2671,vicon_state_data,ball,1,0,2.905534372,-0.000325108,1.223370828,0.000000000,0.000000000,0.000000000,1.000000000,1,-0.863505574,-0.378902054,0.819476077,0.000000000,0.000000000,-0.014018402,0.999901737,3
1782463466.786659479,8.951356649,2672,vicon_state_data,ball,1,0,2.905616087,-0.000090451,1.222270451,0.000000000,0.000000000,0.000000000,1.000000000,1,-0.863400548,-0.378843432,0.819389256,0.000000000,0.000000000,-0.014294282,0.999897832,3
1782463466.789883614,8.954580784,2673,vicon_state_data,ball,1,0,2.905728574,0.000260530,1.221027151,0.000000000,0.000000000,0.000000000,1.000000000,1,-0.863406859,-0.378797110,0.819420267,0.000000000,0.000000000,-0.014091169,0.999900715,3
1782463466.793285131,8.957982302,2674,vicon_state_data,ball,1,0,2.905763343,0.000499010,1.219570664,0.000000000,0.000000000,0.000000000,1.000000000,1,-0.863404641,-0.378775242,0.819420508,0.000000000,0.000000000,-0.013912469,0.999903217,3
1782463466.796742439,8.961439610,2675,vicon_state_data,ball,1,0,2.905837208,0.000651271,1.218112988,0.000000000,0.000000000,0.000000000,1.000000000,1,-0.863420692,-0.378837685,0.819436089,0.000000000,0.000000000,-0.013804748,0.999904710,3
1782463466.800425768,8.965122938,2676,vicon_state_data,ball,1,0,2.905949188,0.001022079,1.216529178,0.000000000,0.000000000,0.000000000,1.000000000,1,-0.863263176,-0.378886254,0.819341016,0.000000000,0.000000000,-0.014672419,0.999892354,3
1782463466.803776503,8.968473673,2677,vicon_state_data,ball,1,0,2.906020610,0.001367223,1.214783317,0.000000000,0.000000000,0.000000000,1.000000000,1,-0.863299944,-0.378775607,0.819411604,0.000000000,0.000000000,-0.014005628,0.999901916,3
1782463466.806663752,8.971360922,2678,vicon_state_data,ball,1,0,2.906113846,0.001622823,1.213063575,0.000000000,0.000000000,0.000000000,1.000000000,1,-0.863279175,-0.378763645,0.819374024,0.000000000,0.000000000,-0.014045168,0.999901362,3
1782463466.809918880,8.974616051,2679,vicon_state_data,ball,1,0,2.906184669,0.001985487,1.211057775,0.000000000,0.000000000,0.000000000,1.000000000,1,-0.863233314,-0.378842553,0.819398700,0.000000000,0.000000000,-0.014253451,0.999898414,3
1782463466.813374996,8.978072166,2680,vicon_state_data,ball,1,0,2.906280183,0.002367766,1.209020486,0.000000000,0.000000000,0.000000000,1.000000000,1,-0.863515223,-0.378364254,0.819574287,0.000000000,0.000000000,-0.010313894,0.999946810,3
1782463466.816891909,8.981589079,2681,vicon_state_data,ball,1,0,2.906339482,0.002701953,1.206929956,0.000000000,0.000000000,0.000000000,1.000000000,1,-0.863472481,-0.378403977,0.819564328,0.000000000,0.000000000,-0.010416925,0.999945742,3
1782463466.819963932,8.984661102,2682,vicon_state_data,ball,1,0,2.906408992,0.002996340,1.204708668,0.000000000,0.000000000,0.000000000,1.000000000,1,-0.863144616,-0.378782517,0.819331709,0.000000000,0.000000000,-0.014297290,0.999897789,3
1782463466.823272943,8.987970114,2683,vicon_state_data,ball,1,0,2.906448352,0.003329720,1.202331237,0.000000000,0.000000000,0.000000000,1.000000000,1,-0.863455341,-0.378340887,0.819592255,0.000000000,0.000000000,-0.010260729,0.999947357,3
1782463466.826604366,8.991301537,2684,vicon_state_data,ball,1,0,2.906431422,0.003522494,1.199837035,0.000000000,0.000000000,0.000000000,1.000000000,1,-0.863449752,-0.378337136,0.819602813,0.000000000,0.000000000,-0.010194077,0.999948039,3
1782463466.829848289,8.994545460,2685,vicon_state_data,ball,1,0,2.899092311,0.003588820,1.195394939,0.000000000,0.000000000,0.000000000,1.000000000,1,-0.863123083,-0.378756665,0.819453940,0.000000000,0.000000000,-0.013848198,0.999904109,3
1782463466.833753824,8.998450994,2686,vicon_state_data,ball,1,0,2.888570274,0.003590331,1.190125697,0.000000000,0.000000000,0.000000000,1.000000000,1,-0.863456645,-0.378397223,0.819672060,0.000000000,0.000000000,-0.009946240,0.999950535,3
1782463466.836875200,9.001572371,2687,vicon_state_data,ball,1,0,2.877861118,0.003514261,1.184676457,0.000000000,0.000000000,0.000000000,1.000000000,1,-0.863186303,-0.378760147,0.819510160,0.000000000,0.000000000,-0.013351803,0.999910861,3
1782463466.840101480,9.004798651,2688,vicon_state_data,ball,1,0,2.866875681,0.003365115,1.179178968,0.000000000,0.000000000,0.000000000,1.000000000,1,-0.863171242,-0.378765014,0.819547776,0.000000000,0.000000000,-0.013169861,0.999913274,3
1782463466.843261242,9.007958412,2689,vicon_state_data,ball,1,0,2.855936749,0.003241191,1.173707374,0.000000000,0.000000000,0.000000000,1.000000000,1,-0.863160336,-0.378724891,0.819528746,0.000000000,0.000000000,-0.013015888,0.999915290,3
1782463466.846591234,9.011288404,2690,vicon_state_data,ball,1,0,2.845139689,0.003557010,1.168446840,0.000000000,0.000000000,0.000000000,1.000000000,1,-0.863110933,-0.378777242,0.819503869,0.000000000,0.000000000,-0.013175720,0.999913196,3
1782463466.850479126,9.015176296,2691,vicon_state_data,ball,1,0,2.834264655,0.003345998,1.163114053,0.000000000,0.000000000,0.000000000,1.000000000,1,-0.863096254,-0.378760236,0.819541834,0.000000000,0.000000000,-0.013044141,0.999914922,3
1782463466.853406429,9.018103600,2692,vicon_state_data,ball,1,0,2.823542064,0.003265572,1.157619765,0.000000000,0.000000000,0.000000000,1.000000000,1,-0.863011125,-0.378717006,0.819535274,0.000000000,0.000000000,-0.013301715,0.999911528,3
1782463466.856660128,9.021357298,2693,vicon_state_data,ball,1,0,2.812813608,0.003116495,1.151986361,0.000000000,0.000000000,0.000000000,1.000000000,1,-0.863047216,-0.378782770,0.819567100,0.000000000,0.000000000,-0.013053193,0.999914803,3
1782463466.860264301,9.024961472,2694,vicon_state_data,ball,1,0,2.801991831,0.003072619,1.146234851,0.000000000,0.000000000,0.000000000,1.000000000,1,-0.863301634,-0.378376439,0.819689226,0.000000000,0.000000000,-0.009433309,0.999955505,3
1782463466.863349676,9.028046846,2695,vicon_state_data,ball,1,0,2.791127096,0.003095595,1.140186976,0.000000000,0.000000000,0.000000000,1.000000000,1,-0.863012654,-0.378803888,0.819555118,0.000000000,0.000000000,-0.013022764,0.999915200,3
1782463466.866676569,9.031373739,2696,vicon_state_data,ball,1,0,2.780196985,0.003479450,1.134091190,0.000000000,0.000000000,0.000000000,1.000000000,1,-0.863251357,-0.378424084,0.819715497,0.000000000,0.000000000,-0.009573545,0.999954173,3
1782463466.869953394,9.034650564,2697,vicon_state_data,ball,1,0,2.769254946,0.003828732,1.128010004,0.000000000,0.000000000,0.000000000,1.000000000,1,-0.862977285,-0.378833195,0.819596714,0.000000000,0.000000000,-0.012908182,0.999916686,3
1782463466.873225689,9.037922859,2698,vicon_state_data,ball,1,0,2.758447639,0.004091807,1.121733845,0.000000000,0.000000000,0.000000000,1.000000000,1,-0.862951465,-0.378833533,0.819591128,0.000000000,0.000000000,-0.012888457,0.999916940,3
1782463466.876904011,9.041601181,2699,vicon_state_data,ball,1,0,2.747862488,0.004427095,1.115487260,0.000000000,0.000000000,0.000000000,1.000000000,1,-0.863187569,-0.378485142,0.819723991,0.000000000,0.000000000,-0.009512177,0.999954758,3
1782463466.880192995,9.044890165,2700,vicon_state_data,ball,1,0,2.737487096,0.004685031,1.109072679,0.000000000,0.000000000,0.000000000,1.000000000,1,-0.862902210,-0.378847794,0.819578191,0.000000000,0.000000000,-0.012861980,0.999917281,3
1782463466.883546591,9.048243761,2701,vicon_state_data,ball,1,0,2.727160760,0.004713492,1.102479124,0.000000000,0.000000000,0.000000000,1.000000000,1,-0.862878756,-0.378887408,0.819587100,0.000000000,0.000000000,-0.012832496,0.999917660,3
1782463466.886842012,9.051539183,2702,vicon_state_data,ball,1,0,2.716749842,0.004627725,1.095577024,0.000000000,0.000000000,0.000000000,1.000000000,1,-0.862866778,-0.378876998,0.819575902,0.000000000,0.000000000,-0.012826477,0.999917737,3
1782463466.890035152,9.054732323,2703,vicon_state_data,ball,1,0,2.706148302,0.004527924,1.088440671,0.000000000,0.000000000,0.000000000,1.000000000,1,-0.863098303,-0.378513600,0.819694734,0.000000000,0.000000000,-0.009555692,0.999954343,3
1782463466.893235445,9.057932615,2704,vicon_state_data,ball,1,0,2.695189467,0.004223976,1.081076767,0.000000000,0.000000000,0.000000000,1.000000000,1,-0.862788394,-0.378964204,0.819616270,0.000000000,0.000000000,-0.013069832,0.999914586,3
1782463466.896941662,9.061638832,2705,vicon_state_data,ball,1,0,2.684312211,0.004112868,1.074009455,0.000000000,0.000000000,0.000000000,1.000000000,1,-0.863015951,-0.378561149,0.819703048,0.000000000,0.000000000,-0.009671399,0.999953231,3
1782463466.900016308,9.064713478,2706,vicon_state_data,ball,1,0,2.673759062,0.004420290,1.067142464,0.000000000,0.000000000,0.000000000,1.000000000,1,-0.862788952,-0.378868707,0.819564864,0.000000000,0.000000000,-0.012705001,0.999919288,3
1782463466.903329849,9.068027020,2707,vicon_state_data,ball,1,0,2.662561568,0.004072682,1.060753865,0.000000000,0.000000000,0.000000000,1.000000000,1,-0.862734810,-0.378957171,0.819655351,0.000000000,0.000000000,-0.012853494,0.999917390,3
1782463466.907054901,9.071752071,2708,vicon_state_data,ball,1,0,2.651933160,0.004310787,1.053589225,0.000000000,0.000000000,0.000000000,1.000000000,1,-0.862707355,-0.378980513,0.819591338,0.000000000,0.000000000,-0.012959531,0.999916022,3
1782463466.910409689,9.075106859,2709,vicon_state_data,ball,1,0,2.641605020,0.004505752,1.046001570,0.000000000,0.000000000,0.000000000,1.000000000,1,-0.862998994,-0.378469631,0.819570821,0.000000000,0.000000000,-0.009212448,0.999957565,3
1782463466.913676977,9.078374147,2710,vicon_state_data,ball,1,0,2.631238507,0.004399677,1.038372926,0.000000000,0.000000000,0.000000000,1.000000000,1,-0.862691372,-0.378959235,0.819593042,0.000000000,0.000000000,-0.012576700,0.999920910,3
1782463466.916686535,9.081383705,2711,vicon_state_data,ball,1,0,2.620536583,0.003879534,1.030999665,0.000000000,0.000000000,0.000000000,1.000000000,1,-0.862653838,-0.379020022,0.819582318,0.000000000,0.000000000,-0.012715325,0.999919157,3
1782463466.919988155,9.084685326,2712,vicon_state_data,ball,1,0,2.609791539,0.004077815,1.023357400,0.000000000,0.000000000,0.000000000,1.000000000,1,-0.862639718,-0.379011899,0.819591991,0.000000000,0.000000000,-0.012735204,0.999918904,3
1782463466.923301220,9.087998390,2713,vicon_state_data,ball,1,0,2.598980109,0.004441348,1.015682459,0.000000000,0.000000000,0.000000000,1.000000000,1,-0.862606092,-0.379053475,0.819591732,0.000000000,0.000000000,-0.012779154,0.999918343,3
1782463466.926743269,9.091440439,2714,vicon_state_data,ball,1,0,2.588246648,0.004647668,1.008035464,0.000000000,0.000000000,0.000000000,1.000000000,1,-0.862572147,-0.379086980,0.819559364,0.000000000,0.000000000,-0.012825833,0.999917746,3
1782463466.930193186,9.094890356,2715,vicon_state_data,ball,1,0,2.577639745,0.004876311,1.000340253,0.000000000,0.000000000,0.000000000,1.000000000,1,-0.862786884,-0.378695529,0.819639846,0.000000000,0.000000000,-0.009741807,0.999952547,3
1782463466.933331013,9.098028183,2716,vicon_state_data,ball,1,0,2.567438344,0.005136458,0.992575691,0.000000000,0.000000000,0.000000000,1.000000000,1,-0.862518232,-0.379116762,0.819562553,0.000000000,0.000000000,-0.012970116,0.999915885,3
1782463466.936828136,9.101525307,2717,vicon_state_data,ball,1,0,2.557141008,0.004664836,0.985085793,0.000000000,0.000000000,0.000000000,1.000000000,1,-0.862727052,-0.378779777,0.819640154,0.000000000,0.000000000,-0.009802993,0.999951950,3
1782463466.940005302,9.104702473,2718,vicon_state_data,ball,1,0,2.547076861,0.005170745,0.976595807,0.000000000,0.000000000,0.000000000,1.000000000,1,-0.862650328,-0.378861916,0.819626509,0.000000000,0.000000000,-0.011246722,0.999936754,3
1782463466.943695307,9.108392477,2719,vicon_state_data,ball,1,0,2.536838348,0.005102673,0.967749346,0.000000000,0.000000000,0.000000000,1.000000000,1,-0.862460699,-0.379142997,0.819544913,0.000000000,0.000000000,-0.012884603,0.999916990,3
1782463466.946899414,9.111596584,2720,vicon_state_data,ball,1,0,2.526155854,0.005028700,0.959061160,0.000000000,0.000000000,0.000000000,1.000000000,1,-0.862594008,-0.378915964,0.819601066,0.000000000,0.000000000,-0.011311888,0.999936019,3
1782463466.950103760,9.114800930,2721,vicon_state_data,ball,1,0,2.515242294,0.004767460,0.950394168,0.000000000,0.000000000,0.000000000,1.000000000,1,-0.862633333,-0.378855754,0.819611685,0.000000000,0.000000000,-0.009813674,0.999951845,3
1782463466.953298330,9.117995501,2722,vicon_state_data,ball,1,0,2.505002019,0.005146846,0.942168000,0.000000000,0.000000000,0.000000000,1.000000000,1,-0.862390127,-0.379219258,0.819567907,0.000000000,0.000000000,-0.012854796,0.999917374,3
1782463466.956522226,9.121219397,2723,vicon_state_data,ball,1,0,2.493992940,0.005008375,0.934457612,0.000000000,0.000000000,0.000000000,1.000000000,1,-0.862509420,-0.379002928,0.819590072,0.000000000,0.000000000,-0.011390002,0.999935132,3
1782463466.960022688,9.124719858,2724,vicon_state_data,ball,1,0,2.483367425,0.005195815,0.925980789,0.000000000,0.000000000,0.000000000,1.000000000,1,-0.862540798,-0.378940864,0.819603824,0.000000000,0.000000000,-0.009989816,0.999950101,3
1782463466.963295937,9.127993107,2725,vicon_state_data,ball,1,0,2.473082067,0.005431154,0.917130343,0.000000000,0.000000000,0.000000000,1.000000000,1,-0.862602724,-0.378788265,0.819577240,0.000000000,0.000000000,-0.009389455,0.999955918,3
1782463466.966760635,9.131457806,2726,vicon_state_data,ball,1,0,2.463006307,0.005170447,0.908120965,0.000000000,0.000000000,0.000000000,1.000000000,1,-0.862276031,-0.379334834,0.819559381,0.000000000,0.000000000,-0.013038563,0.999914994,3
1782463466.970057487,9.134754658,2727,vicon_state_data,ball,1,0,2.452731404,0.004801285,0.899083042,0.000000000,0.000000000,0.000000000,1.000000000,1,-0.862537791,-0.378868610,0.819543275,0.000000000,0.000000000,-0.009532523,0.999954564,3
1782463466.973542690,9.138239861,2728,vicon_state_data,ball,1,0,2.442171031,0.005002762,0.889918347,0.000000000,0.000000000,0.000000000,1.000000000,1,-0.862258453,-0.379318095,0.819595247,0.000000000,0.000000000,-0.012801390,0.999918059,3
1782463466.977085590,9.141782761,2729,vicon_state_data,ball,1,0,2.431498638,0.005407502,0.880808616,0.000000000,0.000000000,0.000000000,1.000000000,1,-0.862254085,-0.379313254,0.819587246,0.000000000,0.000000000,-0.012626689,0.999920280,3
1782463466.980049610,9.144746780,2730,vicon_state_data,ball,1,0,2.420897327,0.005629009,0.871698715,0.000000000,0.000000000,0.000000000,1.000000000,1,-0.862363289,-0.379102426,0.819591097,0.000000000,0.000000000,-0.011265504,0.999936542,3
1782463466.983577490,9.148274660,2731,vicon_state_data,ball,1,0,2.410282132,0.005743109,0.862525264,0.000000000,0.000000000,0.000000000,1.000000000,1,-0.862427366,-0.378985966,0.819594743,0.000000000,0.000000000,-0.009593430,0.999953982,3
1782463466.986665487,9.151362658,2732,vicon_state_data,ball,1,0,2.400095017,0.006003927,0.853487532,0.000000000,0.000000000,0.000000000,1.000000000,1,-0.862204696,-0.379317632,0.819546836,0.000000000,0.000000000,-0.012389515,0.999923247,3
1782463466.990289927,9.154987097,2733,vicon_state_data,ball,1,0,2.389823934,0.005390823,0.844553284,0.000000000,0.000000000,0.000000000,1.000000000,1,-0.862170061,-0.379380411,0.819554509,0.000000000,0.000000000,-0.012474985,0.999922184,3
1782463466.993402719,9.158099890,2734,vicon_state_data,ball,1,0,2.380242099,0.005820400,0.834421323,0.000000000,0.000000000,0.000000000,1.000000000,1,-0.862135833,-0.379418434,0.819501515,0.000000000,0.000000000,-0.012584054,0.999920818,3
1782463466.997018814,9.161715984,2735,vicon_state_data,ball,1,0,2.370173114,0.005913822,0.824519704,0.000000000,0.000000000,0.000000000,1.000000000,1,-0.862154409,-0.379371938,0.819548267,0.000000000,0.000000000,-0.012142222,0.999926281,3
1782463467.000208139,9.164905310,2736,vicon_state_data,ball,1,0,2.359765517,0.005999863,0.814735768,0.000000000,0.000000000,0.000000000,1.000000000,1,-0.862270696,-0.379165530,0.819558620,0.000000000,0.000000000,-0.010658913,0.999943192,3
1782463467.003436089,9.168133259,2737,vicon_state_data,ball,1,0,2.349111140,0.006065499,0.804843568,0.000000000,0.000000000,0.000000000,1.000000000,1,-0.862132899,-0.379422240,0.819563682,0.000000000,0.000000000,-0.011991502,0.999928099,3
1782463467.006746292,9.171443462,2738,vicon_state_data,ball,1,0,2.338656129,0.006109517,0.795053636,0.000000000,0.000000000,0.000000000,1.000000000,1,-0.862298643,-0.379143007,0.819595313,0.000000000,0.000000000,-0.009242727,0.999957285,3
1782463467.010030746,9.174727917,2739,vicon_state_data,ball,1,0,2.328464038,0.006021568,0.785337749,0.000000000,0.000000000,0.000000000,1.000000000,1,-0.862099902,-0.379499498,0.819593357,0.000000000,0.000000000,-0.011986012,0.999928165,3
1782463467.013263941,9.177961111,2740,vicon_state_data,ball,1,0,2.317289170,0.006044726,0.776175606,0.000000000,0.000000000,0.000000000,1.000000000,1,-0.862040221,-0.379555924,0.819555223,0.000000000,0.000000000,-0.012209905,0.999925456,3
1782463467.016633272,9.181330442,2741,vicon_state_data,ball,1,0,2.306946293,0.006460521,0.766259935,0.000000000,0.000000000,0.000000000,1.000000000,1,-0.862037560,-0.379556334,0.819603198,0.000000000,0.000000000,-0.012010338,0.999927873,3
1782463467.020185709,9.184882879,2742,vicon_state_data,ball,1,0,2.296984746,0.006209590,0.755824157,0.000000000,0.000000000,0.000000000,1.000000000,1,-0.862020816,-0.379572406,0.819608542,0.000000000,0.000000000,-0.012026775,0.999927676,3
1782463467.023702621,9.188399792,2743,vicon_state_data,ball,1,0,2.288398146,0.006266314,0.762035049,0.000000000,0.000000000,0.000000000,1.000000000,1,-0.861983058,-0.379659805,0.819590912,0.000000000,0.000000000,-0.012198569,0.999925595,3
1782463467.026936054,9.191633224,2744,vicon_state_data,ball,1,0,2.279502610,0.006500254,0.771272582,0.000000000,0.000000000,0.000000000,1.000000000,1,-0.862180019,-0.379287715,0.819580379,0.000000000,0.000000000,-0.009064229,0.999958919,3
1782463467.030084372,9.194781542,2745,vicon_state_data,ball,1,0,2.271559264,0.006456539,0.780231828,0.000000000,0.000000000,0.000000000,1.000000000,1,-0.861958068,-0.379671521,0.819615390,0.000000000,0.000000000,-0.011954838,0.999928538,3
1782463467.033359528,9.198056698,2746,vicon_state_data,ball,1,0,2.262989044,0.006906648,0.788750953,0.000000000,0.000000000,0.000000000,1.000000000,1,-0.861927906,-0.379699687,0.819595113,0.000000000,0.000000000,-0.012099449,0.999926799,3
1782463467.037098169,9.201795340,2747,vicon_state_data,ball,1,0,2.254390917,0.007263480,0.797522269,0.000000000,0.000000000,0.000000000,1.000000000,1,-0.862147098,-0.379338891,0.819636258,0.000000000,0.000000000,-0.008982003,0.999959661,3
1782463467.040419579,9.205116749,2748,vicon_state_data,ball,1,0,2.245801681,0.007480962,0.806243547,0.000000000,0.000000000,0.000000000,1.000000000,1,-0.862068893,-0.379453474,0.819623174,0.000000000,0.000000000,-0.010358681,0.999946347,3
1782463467.043566227,9.208263397,2749,vicon_state_data,ball,1,0,2.237292453,0.007638654,0.814838019,0.000000000,0.000000000,0.000000000,1.000000000,1,-0.861914718,-0.379693623,0.819616337,0.000000000,0.000000000,-0.011676238,0.999931830,3
1782463467.046703577,9.211400747,2750,vicon_state_data,ball,1,0,2.228910849,0.007674289,0.823260321,0.000000000,0.000000000,0.000000000,1.000000000,1,-0.861877930,-0.379778712,0.819598298,0.000000000,0.000000000,-0.011925756,0.999928886,3
1782463467.050124884,9.214822054,2751,vicon_state_data,ball,1,0,2.220454585,0.007836900,0.831797056,0.000000000,0.000000000,0.000000000,1.000000000,1,-0.862061422,-0.379452522,0.819594101,0.000000000,0.000000000,-0.009128611,0.999958333,3
1782463467.053279400,9.217976570,2752,vicon_state_data,ball,1,0,2.211902457,0.007869260,0.840825430,0.000000000,0.000000000,0.000000000,1.000000000,1,-0.861826169,-0.379839820,0.819553585,0.000000000,0.000000000,-0.012053094,0.999927359,3
1782463467.056627989,9.221325159,2753,vicon_state_data,ball,1,0,2.203543425,0.008027633,0.849074223,0.000000000,0.000000000,0.000000000,1.000000000,1,-0.861807301,-0.379866487,0.819496373,0.000000000,0.000000000,-0.012119808,0.999926552,3
1782463467.060151815,9.224848986,2754,vicon_state_data,ball,1,0,2.195587644,0.008014990,0.857201236,0.000000000,0.000000000,0.000000000,1.000000000,1,-0.862055231,-0.379558076,0.819664781,0.000000000,0.000000000,-0.008720529,0.999961975,3
1782463467.063481092,9.228178263,2755,vicon_state_data,ball,1,0,2.187356077,0.008440320,0.865145929,0.000000000,0.000000000,0.000000000,1.000000000,1,-0.861752643,-0.379940177,0.819534263,0.000000000,0.000000000,-0.012193261,0.999925659,3
1782463467.066745520,9.231442690,2756,vicon_state_data,ball,1,0,2.179198642,0.008502733,0.872916724,0.000000000,0.000000000,0.000000000,1.000000000,1,-0.862035095,-0.379621372,0.819663371,0.000000000,0.000000000,-0.008711850,0.999962051,3
1782463467.069957495,9.234654665,2757,vicon_state_data,ball,1,0,2.171345017,0.008739415,0.879809802,0.000000000,0.000000000,0.000000000,1.000000000,1,-0.861979160,-0.379680162,0.819649125,0.000000000,0.000000000,-0.008818897,0.999961113,3
1782463467.073275089,9.237972260,2758,vicon_state_data,ball,1,0,2.162983402,0.008922835,0.887214154,0.000000000,0.000000000,0.000000000,1.000000000,1,-0.861679745,-0.380127510,0.819546309,0.000000000,0.000000000,-0.012425018,0.999922806,3
1782463467.076755524,9.241452694,2759,vicon_state_data,ball,1,0,2.154666347,0.009280793,0.894852506,0.000000000,0.000000000,0.000000000,1.000000000,1,-0.861896230,-0.379767718,0.819541542,0.000000000,0.000000000,-0.009322584,0.999956544,3
1782463467.080179453,9.244876623,2760,vicon_state_data,ball,1,0,2.146275088,0.009610491,0.902163090,0.000000000,0.000000000,0.000000000,1.000000000,1,-0.861634265,-0.380247135,0.819566113,0.000000000,0.000000000,-0.012587828,0.999920770,3
1782463467.083322525,9.248019695,2761,vicon_state_data,ball,1,0,2.137904720,0.009872418,0.909278633,0.000000000,0.000000000,0.000000000,1.000000000,1,-0.861621437,-0.380282626,0.819528800,0.000000000,0.000000000,-0.012580134,0.999920867,3
1782463467.086817503,9.251514673,2762,vicon_state_data,ball,1,0,2.129668036,0.009885547,0.916310964,0.000000000,0.000000000,0.000000000,1.000000000,1,-0.861610513,-0.380282447,0.819548914,0.000000000,0.000000000,-0.012564954,0.999921058,3
1782463467.090160131,9.254857302,2763,vicon_state_data,ball,1,0,2.120836998,0.010006240,0.923903482,0.000000000,0.000000000,0.000000000,1.000000000,1,-0.861634561,-0.380271131,0.819574918,0.000000000,0.000000000,-0.012258188,0.999924866,3
1782463467.093275547,9.257972717,2764,vicon_state_data,ball,1,0,2.112555515,0.010232885,0.930786567,0.000000000,0.000000000,0.000000000,1.000000000,1,-0.861632342,-0.380283726,0.819564078,0.000000000,0.000000000,-0.012093262,0.999926874,3
1782463467.096551418,9.261248589,2765,vicon_state_data,ball,1,0,2.104175190,0.010582475,0.937220400,0.000000000,0.000000000,0.000000000,1.000000000,1,-0.861581594,-0.380341189,0.819545314,0.000000000,0.000000000,-0.012447610,0.999922526,3
1782463467.099992752,9.264689922,2766,vicon_state_data,ball,1,0,2.096241887,0.010754376,0.943838587,0.000000000,0.000000000,0.000000000,1.000000000,1,-0.861626721,-0.380335895,0.819599674,0.000000000,0.000000000,-0.011933312,0.999928795,3
1782463467.103500843,9.268198013,2767,vicon_state_data,ball,1,0,2.088340282,0.010572500,0.950213522,0.000000000,0.000000000,0.000000000,1.000000000,1,-0.861578014,-0.380459697,0.819615219,0.000000000,0.000000000,-0.012218557,0.999925351,3
1782463467.106815338,9.271512508,2768,vicon_state_data,ball,1,0,2.080208723,0.010736281,0.956512164,0.000000000,0.000000000,0.000000000,1.000000000,1,-0.861571401,-0.380449002,0.819584483,0.000000000,0.000000000,-0.012183947,0.999925773,3
1782463467.110139608,9.274836779,2769,vicon_state_data,ball,1,0,2.072286616,0.010782944,0.962538767,0.000000000,0.000000000,0.000000000,1.000000000,1,-0.861749523,-0.380141973,0.819616491,0.000000000,0.000000000,-0.009265290,0.999957076,3
1782463467.113375187,9.278072357,2770,vicon_state_data,ball,1,0,2.064092383,0.011331973,0.968652750,0.000000000,0.000000000,0.000000000,1.000000000,1,-0.861507482,-0.380577863,0.819636486,0.000000000,0.000000000,-0.012377751,0.999923393,3
1782463467.116884470,9.281581640,2771,vicon_state_data,ball,1,0,2.055824353,0.011870115,0.974599794,0.000000000,0.000000000,0.000000000,1.000000000,1,-0.861762734,-0.380137925,0.819688862,0.000000000,0.000000000,-0.008835120,0.999960970,3
1782463467.119950533,9.284647703,2772,vicon_state_data,ball,1,0,2.047435956,0.012266055,0.980448243,0.000000000,0.000000000,0.000000000,1.000000000,1,-0.861500545,-0.380556077,0.819624105,0.000000000,0.000000000,-0.012127007,0.999926465,3
1782463467.123356342,9.288053513,2773,vicon_state_data,ball,1,0,2.039197361,0.012604052,0.986281892,0.000000000,0.000000000,0.000000000,1.000000000,1,-0.861812592,-0.380162849,0.819766140,0.000000000,0.000000000,-0.008490985,0.999963951,3
1782463467.126615047,9.291312218,2774,vicon_state_data,ball,1,0,2.030953956,0.012731256,0.991927666,0.000000000,0.000000000,0.000000000,1.000000000,1,-0.861512893,-0.380552737,0.819654984,0.000000000,0.000000000,-0.011852779,0.999929753,3
1782463467.130035877,9.294733047,2775,vicon_state_data,ball,1,0,2.022703202,0.012902860,0.997606783,0.000000000,0.000000000,0.000000000,1.000000000,1,-0.861467379,-0.380689704,0.819642621,0.000000000,0.000000000,-0.012183784,0.999925775,3
1782463467.133949041,9.298646212,2776,vicon_state_data,ball,1,0,2.014622795,0.013195297,1.003011678,0.000000000,0.000000000,0.000000000,1.000000000,1,-0.861766396,-0.380277626,0.819767729,0.000000000,0.000000000,-0.008312557,0.999965450,3
1782463467.136739731,9.301436901,2777,vicon_state_data,ball,1,0,2.006325228,0.013420209,1.009327107,0.000000000,0.000000000,0.000000000,1.000000000,1,-0.861441587,-0.380728267,0.819660924,0.000000000,0.000000000,-0.012027065,0.999927672,3
1782463467.139987707,9.304684877,2778,vicon_state_data,ball,1,0,1.998312860,0.013489054,1.014647868,0.000000000,0.000000000,0.000000000,1.000000000,1,-0.861751713,-0.380389150,0.819797216,0.000000000,0.000000000,-0.008298155,0.999965570,3
1782463467.143244982,9.307942152,2779,vicon_state_data,ball,1,0,1.990571833,0.013746184,1.019976350,0.000000000,0.000000000,0.000000000,1.000000000,1,-0.861731445,-0.380415878,0.819775535,0.000000000,0.000000000,-0.008343513,0.999965192,3
1782463467.146524668,9.311221838,2780,vicon_state_data,ball,1,0,1.982797313,0.014296234,1.025015193,0.000000000,0.000000000,0.000000000,1.000000000,1,-0.861740317,-0.380443469,0.819797998,0.000000000,0.000000000,-0.008281700,0.999965706,3
1782463467.150125504,9.314822674,2781,vicon_state_data,ball,1,0,1.974875061,0.014480463,1.029957570,0.000000000,0.000000000,0.000000000,1.000000000,1,-0.861396846,-0.380857760,0.819638618,0.000000000,0.000000000,-0.011939282,0.999928724,3
1782463467.153485537,9.318182707,2782,vicon_state_data,ball,1,0,1.966949506,0.014424847,1.034524631,0.000000000,0.000000000,0.000000000,1.000000000,1,-0.861742794,-0.380489707,0.819829756,0.000000000,0.000000000,-0.008141109,0.999966861,3
1782463467.156912804,9.321609974,2783,vicon_state_data,ball,1,0,1.958931554,0.014901537,1.039187951,0.000000000,0.000000000,0.000000000,1.000000000,1,-0.861708521,-0.380583720,0.819825903,0.000000000,0.000000000,-0.008219896,0.999966216,3
1782463467.160161018,9.324858189,2784,vicon_state_data,ball,1,0,1.950963964,0.015422822,1.044143094,0.000000000,0.000000000,0.000000000,1.000000000,1,-0.861384125,-0.380924422,0.819655870,0.000000000,0.000000000,-0.011629408,0.999932376,3
1782463467.163405657,9.328102827,2785,vicon_state_data,ball,1,0,1.942829085,0.015857781,1.048623895,0.000000000,0.000000000,0.000000000,1.000000000,1,-0.861692992,-0.380622732,0.819814527,0.000000000,0.000000000,-0.008053056,0.999967574,3
1782463467.166744947,9.331442118,2786,vicon_state_data,ball,1,0,1.934134579,0.016445279,1.054084498,0.000000000,0.000000000,0.000000000,1.000000000,1,-0.861700759,-0.380605851,0.819806543,0.000000000,0.000000000,-0.007922038,0.999968620,3
1782463467.169918060,9.334615231,2787,vicon_state_data,ball,1,0,1.926049360,0.016246525,1.058070918,0.000000000,0.000000000,0.000000000,1.000000000,1,-0.861664983,-0.380632924,0.819770938,0.000000000,0.000000000,-0.008044903,0.999967639,3
1782463467.173511982,9.338209152,2788,vicon_state_data,ball,1,0,1.917998259,0.016044916,1.061685919,0.000000000,0.000000000,0.000000000,1.000000000,1,-0.861669341,-0.380666286,0.819784327,0.000000000,0.000000000,-0.007812368,0.999969483,3
1782463467.176674128,9.341371298,2789,vicon_state_data,ball,1,0,1.910014201,0.016435987,1.065799462,0.000000000,0.000000000,0.000000000,1.000000000,1,-0.861363701,-0.381073584,0.819729003,0.000000000,0.000000000,-0.011141764,0.999937929,3
1782463467.180238962,9.344936132,2790,vicon_state_data,ball,1,0,1.902163212,0.016910517,1.069895993,0.000000000,0.000000000,0.000000000,1.000000000,1,-0.861672181,-0.380750174,0.819848762,0.000000000,0.000000000,-0.007764820,0.999969853,3
1782463467.183426619,9.348123789,2791,vicon_state_data,ball,1,0,1.894584229,0.016942083,1.073611439,0.000000000,0.000000000,0.000000000,1.000000000,1,-0.861692541,-0.380768939,0.819887098,0.000000000,0.000000000,-0.007631813,0.999970877,3
1782463467.186694622,9.351391792,2792,vicon_state_data,ball,1,0,1.887051078,0.016838839,1.077359560,0.000000000,0.000000000,0.000000000,1.000000000,1,-0.861627750,-0.380794375,0.819822395,0.000000000,0.000000000,-0.007756978,0.999969914,3
1782463467.189925909,9.354623079,2793,vicon_state_data,ball,1,0,1.879124717,0.017201173,1.081107113,0.000000000,0.000000000,0.000000000,1.000000000,1,-0.861624514,-0.380872710,0.819840029,0.000000000,0.000000000,-0.007876050,0.999968983,3
1782463467.193202972,9.357900143,2794,vicon_state_data,ball,1,0,1.871356702,0.017284672,1.084461065,0.000000000,0.000000000,0.000000000,1.000000000,1,-0.861639762,-0.380851928,0.819874505,0.000000000,0.000000000,-0.007657513,0.999970681,3
1782463467.196604729,9.361301899,2795,vicon_state_data,ball,1,0,1.863412311,0.017644014,1.087952382,0.000000000,0.000000000,0.000000000,1.000000000,1,-0.861620857,-0.380920713,0.819882076,0.000000000,0.000000000,-0.007762216,0.999969874,3
1782463467.200374126,9.365071297,2796,vicon_state_data,ball,1,0,1.855480677,0.017930132,1.090778174,0.000000000,0.000000000,0.000000000,1.000000000,1,-0.861583631,-0.380974058,0.819826598,0.000000000,0.000000000,-0.007912621,0.999968695,3
1782463467.203370810,9.368067980,2797,vicon_state_data,ball,1,0,1.847545616,0.018348376,1.093431835,0.000000000,0.000000000,0.000000000,1.000000000,1,-0.861599325,-0.380998166,0.819850120,0.000000000,0.000000000,-0.007810931,0.999969494,3
1782463467.206823349,9.371520519,2798,vicon_state_data,ball,1,0,1.839582317,0.018894401,1.097086985,0.000000000,0.000000000,0.000000000,1.000000000,1,-0.861593044,-0.381008902,0.819826214,0.000000000,0.000000000,-0.007641123,0.999970806,3
1782463467.210053921,9.374751091,2799,vicon_state_data,ball,1,0,1.831327459,0.019089008,1.100254340,0.000000000,0.000000000,0.000000000,1.000000000,1,-0.861582351,-0.381050153,0.819855264,0.000000000,0.000000000,-0.007561852,0.999971409,3
1782463467.213366508,9.378063679,2800,vicon_state_data,ball,1,0,1.823306068,0.019037414,1.102924036,0.000000000,0.000000000,0.000000000,1.000000000,1,-0.861537566,-0.381092914,0.819808275,0.000000000,0.000000000,-0.007767147,0.999969835,3
1782463467.217002153,9.381699324,2801,vicon_state_data,ball,1,0,1.815026798,0.019526806,1.106748410,0.000000000,0.000000000,0.000000000,1.000000000,1,-0.861389010,-0.381165161,0.819679175,0.000000000,0.000000000,-0.008601670,0.999963005,3
1782463467.220056534,9.384753704,2802,vicon_state_data,ball,1,0,1.807371318,0.019843055,1.109696281,0.000000000,0.000000000,0.000000000,1.000000000,1,-0.861422386,-0.381185137,0.819735450,0.000000000,0.000000000,-0.008296659,0.999965582,3
1782463467.223242998,9.387940168,2803,vicon_state_data,ball,1,0,1.799843860,0.020150787,1.112292684,0.000000000,0.000000000,0.000000000,1.000000000,1,-0.861398081,-0.381234749,0.819716466,0.000000000,0.000000000,-0.008397788,0.999964738,3
1782463467.226608038,9.391305208,2804,vicon_state_data,ball,1,0,1.792299314,0.020511861,1.114979881,0.000000000,0.000000000,0.000000000,1.000000000,1,-0.861393943,-0.381275477,0.819712970,0.000000000,0.000000000,-0.008386171,0.999964835,3
1782463467.230096102,9.394793272,2805,vicon_state_data,ball,1,0,1.784583649,0.020893865,1.117442940,0.000000000,0.000000000,0.000000000,1.000000000,1,-0.861380098,-0.381315147,0.819684420,0.000000000,0.000000000,-0.008377566,0.999964908,3
1782463467.233888626,9.398585796,2806,vicon_state_data,ball,1,0,1.777151777,0.021010566,1.119270753,0.000000000,0.000000000,0.000000000,1.000000000,1,-0.861381216,-0.381401531,0.819729761,0.000000000,0.000000000,-0.008475730,0.999964080,3
1782463467.236642361,9.401339531,2807,vicon_state_data,ball,1,0,1.769454676,0.021293795,1.121351409,0.000000000,0.000000000,0.000000000,1.000000000,1,-0.861385196,-0.381417099,0.819743893,0.000000000,0.000000000,-0.008252246,0.999965950,3
1782463467.239878654,9.404575825,2808,vicon_state_data,ball,1,0,1.761644008,0.021689265,1.123401808,0.000000000,0.000000000,0.000000000,1.000000000,1,-0.861375247,-0.381476029,0.819729666,0.000000000,0.000000000,-0.008325075,0.999965346,3
1782463467.243169546,9.407866716,2809,vicon_state_data,ball,1,0,1.753833535,0.022200536,1.125543890,0.000000000,0.000000000,0.000000000,1.000000000,1,-0.861380883,-0.381556729,0.819765478,0.000000000,0.000000000,-0.008460309,0.999964211,3
1782463467.246719837,9.411417007,2810,vicon_state_data,ball,1,0,1.745429495,0.023077792,1.128212202,0.000000000,0.000000000,0.000000000,1.000000000,1,-0.861396830,-0.381612625,0.819822067,0.000000000,0.000000000,-0.008457604,0.999964234,3
1782463467.250207663,9.414904833,2811,vicon_state_data,ball,1,0,1.737372886,0.022991909,1.130041703,0.000000000,0.000000000,0.000000000,1.000000000,1,-0.861351992,-0.381699131,0.819758817,0.000000000,0.000000000,-0.008535407,0.999963573,3
1782463467.253410816,9.418107986,2812,vicon_state_data,ball,1,0,1.729310719,0.022773758,1.130993174,0.000000000,0.000000000,0.000000000,1.000000000,1,-0.861374233,-0.381689881,0.819776829,0.000000000,0.000000000,-0.008319484,0.999965392,3
1782463467.256696463,9.421393633,2813,vicon_state_data,ball,1,0,1.721591861,0.022868850,1.132265385,0.000000000,0.000000000,0.000000000,1.000000000,1,-0.861373544,-0.381721140,0.819793107,0.000000000,0.000000000,-0.008066048,0.999967469,3
1782463467.260018110,9.424715281,2814,vicon_state_data,ball,1,0,1.713867406,0.023425182,1.133787583,0.000000000,0.000000000,0.000000000,1.000000000,1,-0.861378932,-0.381721821,0.819794598,0.000000000,0.000000000,-0.008064818,0.999967479,3
1782463467.263376474,9.428073645,2815,vicon_state_data,ball,1,0,1.706233886,0.023879056,1.135088099,0.000000000,0.000000000,0.000000000,1.000000000,1,-0.861382702,-0.381791688,0.819795016,0.000000000,0.000000000,-0.008028986,0.999967767,3
1782463467.266718626,9.431415796,2816,vicon_state_data,ball,1,0,1.699032683,0.023800197,1.136190996,0.000000000,0.000000000,0.000000000,1.000000000,1,-0.861386688,-0.381829944,0.819812848,0.000000000,0.000000000,-0.007977047,0.999968183,3
1782463467.270032644,9.434729815,2817,vicon_state_data,ball,1,0,1.691530469,0.023944400,1.137172010,0.000000000,0.000000000,0.000000000,1.000000000,1,-0.861412109,-0.381894329,0.819823226,0.000000000,0.000000000,-0.008096670,0.999967221,3
1782463467.273395061,9.438092232,2818,vicon_state_data,ball,1,0,1.683971049,0.024512461,1.138129273,0.000000000,0.000000000,0.000000000,1.000000000,1,-0.861385958,-0.381934765,0.819776059,0.000000000,0.000000000,-0.008090173,0.999967274,3
1782463467.276821613,9.441518784,2819,vicon_state_data,ball,1,0,1.676246330,0.024539287,1.139138023,0.000000000,0.000000000,0.000000000,1.000000000,1,-0.861369823,-0.382051851,0.819807492,0.000000000,0.000000000,-0.008340981,0.999965213,3
1782463467.279959440,9.444656610,2820,vicon_state_data,ball,1,0,1.668475431,0.024936896,1.139806414,0.000000000,0.000000000,0.000000000,1.000000000,1,-0.861382660,-0.382083722,0.819830501,0.000000000,0.000000000,-0.008075054,0.999967396,3
1782463467.283382416,9.448079586,2821,vicon_state_data,ball,1,0,1.660868134,0.025539904,1.139796301,0.000000000,0.000000000,0.000000000,1.000000000,1,-0.861384538,-0.382095392,0.819810974,0.000000000,0.000000000,-0.007949681,0.999968401,3
1782463467.286624670,9.451321840,2822,vicon_state_data,ball,1,0,1.652889373,0.025780845,1.140219649,0.000000000,0.000000000,0.000000000,1.000000000,1,-0.861399778,-0.382119764,0.819829218,0.000000000,0.000000000,-0.007890993,0.999968866,3
1782463467.290195227,9.454892397,2823,vicon_state_data,ball,1,0,1.644941513,0.026066269,1.140644888,0.000000000,0.000000000,0.000000000,1.000000000,1,-0.861368298,-0.382104030,0.819778100,0.000000000,0.000000000,-0.007732182,0.999970106,3
1782463467.293347836,9.458045006,2824,vicon_state_data,ball,1,0,1.636937523,0.026225301,1.141131895,0.000000000,0.000000000,0.000000000,1.000000000,1,-0.861419183,-0.382177081,0.819864790,0.000000000,0.000000000,-0.007683383,0.999970482,3
1782463467.296660185,9.461357355,2825,vicon_state_data,ball,1,0,1.629150537,0.026502390,1.141561222,0.000000000,0.000000000,0.000000000,1.000000000,1,-0.861402369,-0.382219033,0.819844494,0.000000000,0.000000000,-0.007669984,0.999970585,3
1782463467.300255775,9.464952946,2826,vicon_state_data,ball,1,0,1.621220429,0.027134104,1.142806310,0.000000000,0.000000000,0.000000000,1.000000000,1,-0.861377418,-0.382199269,0.819779932,0.000000000,0.000000000,-0.007526087,0.999971679,3
1782463467.303469896,9.468167067,2827,vicon_state_data,ball,1,0,1.613713753,0.027338633,1.143119635,0.000000000,0.000000000,0.000000000,1.000000000,1,-0.861004068,-0.382624595,0.819503204,0.000000000,0.000000000,-0.011415644,0.999934839,3
1782463467.306812763,9.471509933,2828,vicon_state_data,ball,1,0,1.606299750,0.027747148,1.143044187,0.000000000,0.000000000,0.000000000,1.000000000,1,-0.861361627,-0.382231336,0.819774614,0.000000000,0.000000000,-0.007331860,0.999973122,3
1782463467.310044527,9.474741697,2829,vicon_state_data,ball,1,0,1.598814741,0.028293866,1.143246238,0.000000000,0.000000000,0.000000000,1.000000000,1,-0.861074539,-0.382612229,0.819555432,0.000000000,0.000000000,-0.010713729,0.999942606,3
1782463467.313324451,9.478021622,2830,vicon_state_data,ball,1,0,1.591385822,0.028505262,1.142826972,0.000000000,0.000000000,0.000000000,1.000000000,1,-0.861047178,-0.382700998,0.819498920,0.000000000,0.000000000,-0.010967760,0.999939852,3
1782463467.316704750,9.481401920,2831,vicon_state_data,ball,1,0,1.584138217,0.028864544,1.141861020,0.000000000,0.000000000,0.000000000,1.000000000,1,-0.861051090,-0.382759320,0.819534403,0.000000000,0.000000000,-0.010919797,0.999940377,3
1782463467.320166111,9.484863281,2832,vicon_state_data,ball,1,0,1.576483978,0.029068025,1.141621805,0.000000000,0.000000000,0.000000000,1.000000000,1,-0.861345750,-0.382345298,0.819712519,0.000000000,0.000000000,-0.007169717,0.999974297,3
1782463467.323457241,9.488154411,2833,vicon_state_data,ball,1,0,1.568793871,0.029367664,1.141031190,0.000000000,0.000000000,0.000000000,1.000000000,1,-0.861372304,-0.382427048,0.819774279,0.000000000,0.000000000,-0.007189612,0.999974154,3
1782463467.326661587,9.491358757,2834,vicon_state_data,ball,1,0,1.561191169,0.029877253,1.140473496,0.000000000,0.000000000,0.000000000,1.000000000,1,-0.861068591,-0.382826549,0.819592798,0.000000000,0.000000000,-0.010541313,0.999944439,3
1782463467.330091715,9.494788885,2835,vicon_state_data,ball,1,0,1.552877017,0.030270261,1.140188936,0.000000000,0.000000000,0.000000000,1.000000000,1,-0.861369898,-0.382540573,0.819777524,0.000000000,0.000000000,-0.007213266,0.999973984,3
1782463467.333332300,9.498029470,2836,vicon_state_data,ball,1,0,1.544801000,0.030333666,1.139165426,0.000000000,0.000000000,0.000000000,1.000000000,1,-0.861368336,-0.382610220,0.819831428,0.000000000,0.000000000,-0.007350264,0.999972986,3
1782463467.336631298,9.501328468,2837,vicon_state_data,ball,1,0,1.537087176,0.030478963,1.137823118,0.000000000,0.000000000,0.000000000,1.000000000,1,-0.861442830,-0.382568521,0.819907587,0.000000000,0.000000000,-0.006660368,0.999977820,3
1782463467.340207338,9.504904509,2838,vicon_state_data,ball,1,0,1.529648517,0.031007500,1.136841285,0.000000000,0.000000000,0.000000000,1.000000000,1,-0.861398918,-0.382618459,0.819830238,0.000000000,0.000000000,-0.006857593,0.999976486,3
1782463467.343348503,9.508045673,2839,vicon_state_data,ball,1,0,1.521998293,0.031487224,1.135606825,0.000000000,0.000000000,0.000000000,1.000000000,1,-0.861181487,-0.382983782,0.819722095,0.000000000,0.000000000,-0.009832519,0.999951660,3
1782463467.346760988,9.511458158,2840,vicon_state_data,ball,1,0,1.514662686,0.031720222,1.134200588,0.000000000,0.000000000,0.000000000,1.000000000,1,-0.861270070,-0.382918180,0.819718072,0.000000000,0.000000000,-0.009088068,0.999958703,3
1782463467.350445271,9.515142441,2841,vicon_state_data,ball,1,0,1.507470237,0.031716466,1.132900917,0.000000000,0.000000000,0.000000000,1.000000000,1,-0.861100520,-0.383185677,0.819625668,0.000000000,0.000000000,-0.010672836,0.999943044,3
1782463467.353507996,9.518205166,2842,vicon_state_data,ball,1,0,1.500074095,0.032100648,1.131405023,0.000000000,0.000000000,0.000000000,1.000000000,1,-0.861261799,-0.383027545,0.819719163,0.000000000,0.000000000,-0.009278901,0.999956950,3
1782463467.356748581,9.521445751,2843,vicon_state_data,ball,1,0,1.492819827,0.032392673,1.129727609,0.000000000,0.000000000,0.000000000,1.000000000,1,-0.861532167,-0.382713175,0.819952423,0.000000000,0.000000000,-0.005864159,0.999982806,3
1782463467.360052586,9.524749756,2844,vicon_state_data,ball,1,0,1.485099810,0.032783042,1.128132736,0.000000000,0.000000000,0.000000000,1.000000000,1,-0.861244134,-0.383197226,0.819706205,0.000000000,0.000000000,-0.009549004,0.999954407,3
1782463467.363252640,9.527949810,2845,vicon_state_data,ball,1,0,1.477601949,0.033258269,1.125887043,0.000000000,0.000000000,0.000000000,1.000000000,1,-0.861177182,-0.383319261,0.819632220,0.000000000,0.000000000,-0.010121691,0.999948774,3
1782463467.366761684,9.531458855,2846,vicon_state_data,ball,1,0,1.469964190,0.033875212,1.123752566,0.000000000,0.000000000,0.000000000,1.000000000,1,-0.861159212,-0.383382165,0.819662223,0.000000000,0.000000000,-0.010233412,0.999947637,3
1782463467.370349169,9.535046339,2847,vicon_state_data,ball,1,0,1.462161550,0.034295590,1.121626136,0.000000000,0.000000000,0.000000000,1.000000000,1,-0.861256904,-0.383398373,0.819759336,0.000000000,0.000000000,-0.009778214,0.999952192,3
1782463467.373449564,9.538146734,2848,vicon_state_data,ball,1,0,1.454243373,0.034477738,1.119238352,0.000000000,0.000000000,0.000000000,1.000000000,1,-0.861194973,-0.383435814,0.819674759,0.000000000,0.000000000,-0.010012545,0.999949873,3
1782463467.376855612,9.541552782,2849,vicon_state_data,ball,1,0,1.446490944,0.034861184,1.117077957,0.000000000,0.000000000,0.000000000,1.000000000,1,-0.861528013,-0.383044471,0.819953655,0.000000000,0.000000000,-0.005773818,0.999983331,3
1782463467.379991770,9.544688940,2850,vicon_state_data,ball,1,0,1.438875252,0.035188454,1.115069939,0.000000000,0.000000000,0.000000000,1.000000000,1,-0.861300906,-0.383505334,0.819731081,0.000000000,0.000000000,-0.009338630,0.999956394,3
1782463467.383392096,9.548089266,2851,vicon_state_data,ball,1,0,1.431142052,0.035705122,1.113690660,0.000000000,0.000000000,0.000000000,1.000000000,1,-0.861186432,-0.383612552,0.819637547,0.000000000,0.000000000,-0.010068871,0.999949308,3
1782463467.386945486,9.551642656,2852,vicon_state_data,ball,1,0,1.423810181,0.035938203,1.111299734,0.000000000,0.000000000,0.000000000,1.000000000,1,-0.861137899,-0.383531227,0.819571388,0.000000000,0.000000000,-0.009735059,0.999952613,3
1782463467.389958620,9.554655790,2853,vicon_state_data,ball,1,0,1.416670679,0.036205652,1.108709736,0.000000000,0.000000000,0.000000000,1.000000000,1,-0.861176512,-0.383533295,0.819615349,0.000000000,0.000000000,-0.009347399,0.999956312,3
1782463467.393385649,9.558082819,2854,vicon_state_data,ball,1,0,1.409270750,0.036896218,1.106282359,0.000000000,0.000000000,0.000000000,1.000000000,1,-0.861156770,-0.383650500,0.819574156,0.000000000,0.000000000,-0.009666394,0.999953279,3
1782463467.396696091,9.561393261,2855,vicon_state_data,ball,1,0,1.402004645,0.037096108,1.103250168,0.000000000,0.000000000,0.000000000,1.000000000,1,-0.861218625,-0.383345351,0.819543108,0.000000000,0.000000000,-0.006831991,0.999976662,3
1782463467.400196552,9.564893723,2856,vicon_state_data,ball,1,0,1.394715496,0.037336107,1.100052391,0.000000000,0.000000000,0.000000000,1.000000000,1,-0.861064851,-0.383662613,0.819449849,0.000000000,0.000000000,-0.009658328,0.999953357,3
1782463467.403341532,9.568038702,2857,vicon_state_data,ball,1,0,1.387230743,0.037714947,1.096987084,0.000000000,0.000000000,0.000000000,1.000000000,1,-0.861310001,-0.383462972,0.819625725,0.000000000,0.000000000,-0.006640790,0.999977950,3
1782463467.406585932,9.571283102,2858,vicon_state_data,ball,1,0,1.379708666,0.038203633,1.093912496,0.000000000,0.000000000,0.000000000,1.000000000,1,-0.861081206,-0.383953485,0.819462409,0.000000000,0.000000000,-0.010361578,0.999946317,3
1782463467.410017252,9.574714422,2859,vicon_state_data,ball,1,0,1.371994450,0.038894172,1.090806743,0.000000000,0.000000000,0.000000000,1.000000000,1,-0.861014352,-0.383978246,0.819475858,0.000000000,0.000000000,-0.010316698,0.999946781,3
1782463467.413405657,9.578102827,2860,vicon_state_data,ball,1,0,1.363983481,0.039105121,1.087721065,0.000000000,0.000000000,0.000000000,1.000000000,1,-0.860928189,-0.384008313,0.819395246,0.000000000,0.000000000,-0.010479572,0.999945088,3
1782463467.417061806,9.581758976,2861,vicon_state_data,ball,1,0,1.356067224,0.039113687,1.084098213,0.000000000,0.000000000,0.000000000,1.000000000,1,-0.860968085,-0.384161377,0.819406628,0.000000000,0.000000000,-0.010896212,0.999940635,3
1782463467.420027733,9.584724903,2862,vicon_state_data,ball,1,0,1.348563455,0.039472632,1.080344811,0.000000000,0.000000000,0.000000000,1.000000000,1,-0.860892794,-0.384336949,0.819370476,0.000000000,0.000000000,-0.011582503,0.999932921,3
1782463467.423317194,9.588014364,2863,vicon_state_data,ball,1,0,1.341129016,0.039948131,1.076787296,0.000000000,0.000000000,0.000000000,1.000000000,1,-0.860900958,-0.384366765,0.819337946,0.000000000,0.000000000,-0.011530622,0.999933520,3
1782463467.426635742,9.591332912,2864,vicon_state_data,ball,1,0,1.333776853,0.040524885,1.073090375,0.000000000,0.000000000,0.000000000,1.000000000,1,-0.861056247,-0.384315013,0.819461469,0.000000000,0.000000000,-0.010772424,0.999941976,3
1782463467.429909468,9.594606638,2865,vicon_state_data,ball,1,0,1.326616310,0.040749869,1.069166225,0.000000000,0.000000000,0.000000000,1.000000000,1,-0.860916148,-0.384452129,0.819376298,0.000000000,0.000000000,-0.011382072,0.999935222,3
1782463467.433540583,9.598237753,2866,vicon_state_data,ball,1,0,1.319605726,0.040790482,1.065109196,0.000000000,0.000000000,0.000000000,1.000000000,1,-0.861403852,-0.383924658,0.819768754,0.000000000,0.000000000,-0.006255621,0.999980433,3
1782463467.436831236,9.601528406,2867,vicon_state_data,ball,1,0,1.312189219,0.041284262,1.061193497,0.000000000,0.000000000,0.000000000,1.000000000,1,-0.860916034,-0.384543241,0.819394269,0.000000000,0.000000000,-0.011340893,0.999935690,3
1782463467.440262318,9.604959488,2868,vicon_state_data,ball,1,0,1.304932359,0.041549586,1.056871564,0.000000000,0.000000000,0.000000000,1.000000000,1,-0.861393293,-0.384104307,0.819731576,0.000000000,0.000000000,-0.006360815,0.999979770,3
1782463467.443558216,9.608255386,2869,vicon_state_data,ball,1,0,1.297360366,0.042068384,1.052663772,0.000000000,0.000000000,0.000000000,1.000000000,1,-0.861404522,-0.384060077,0.819763907,0.000000000,0.000000000,-0.006328297,0.999979976,3
1782463467.446998119,9.611695290,2870,vicon_state_data,ball,1,0,1.290082066,0.042744046,1.047627330,0.000000000,0.000000000,0.000000000,1.000000000,1,-0.860855518,-0.384799930,0.819322447,0.000000000,0.000000000,-0.012079529,0.999927040,3
1782463467.450191021,9.614888191,2871,vicon_state_data,ball,1,0,1.282412782,0.043340978,1.043211038,0.000000000,0.000000000,0.000000000,1.000000000,1,-0.860880991,-0.384814225,0.819345132,0.000000000,0.000000000,-0.011882707,0.999929398,3
1782463467.453329802,9.618026972,2872,vicon_state_data,ball,1,0,1.274697888,0.043759614,1.038529326,0.000000000,0.000000000,0.000000000,1.000000000,1,-0.860891562,-0.384851391,0.819361498,0.000000000,0.000000000,-0.011799067,0.999930389,3
1782463467.456897259,9.621594429,2873,vicon_state_data,ball,1,0,1.266965758,0.044021464,1.033633401,0.000000000,0.000000000,0.000000000,1.000000000,1,-0.861031888,-0.384807466,0.819443149,0.000000000,0.000000000,-0.011069549,0.999938731,3
1782463467.460044861,9.624742031,2874,vicon_state_data,ball,1,0,1.259231039,0.044376360,1.029059495,0.000000000,0.000000000,0.000000000,1.000000000,1,-0.861015254,-0.384910946,0.819400958,0.000000000,0.000000000,-0.011477345,0.999934133,3
1782463467.463453770,9.628150940,2875,vicon_state_data,ball,1,0,1.251515563,0.044914049,1.025262823,0.000000000,0.000000000,0.000000000,1.000000000,1,-0.861049545,-0.385038064,0.819417863,0.000000000,0.000000000,-0.011257023,0.999936638,3
1782463467.467000246,9.631697416,2876,vicon_state_data,ball,1,0,1.244374124,0.045303436,1.020521554,0.000000000,0.000000000,0.000000000,1.000000000,1,-0.861461946,-0.384400965,0.819797487,0.000000000,0.000000000,-0.006210253,0.999980716,3
1782463467.470173597,9.634870768,2877,vicon_state_data,ball,1,0,1.237149893,0.045724301,1.015477240,0.000000000,0.000000000,0.000000000,1.000000000,1,-0.861186980,-0.385039418,0.819519242,0.000000000,0.000000000,-0.010694331,0.999942814,3
1782463467.473463297,9.638160467,2878,vicon_state_data,ball,1,0,1.230067292,0.046193445,1.010423375,0.000000000,0.000000000,0.000000000,1.000000000,1,-0.861290486,-0.384683979,0.819428418,0.000000000,0.000000000,-0.009809666,0.999951884,3
1782463467.476702452,9.641399622,2879,vicon_state_data,ball,1,0,1.222785317,0.046665365,1.005473399,0.000000000,0.000000000,0.000000000,1.000000000,1,-0.861266045,-0.385036994,0.819524520,0.000000000,0.000000000,-0.010113867,0.999948854,3
1782463467.480014801,9.644711971,2880,vicon_state_data,ball,1,0,1.215629920,0.047000949,0.999866598,0.000000000,0.000000000,0.000000000,1.000000000,1,-0.861243425,-0.385026764,0.819549536,0.000000000,0.000000000,-0.010282532,0.999947133,3
1782463467.483552694,9.648249865,2881,vicon_state_data,ball,1,0,1.208435454,0.047212994,0.994150521,0.000000000,0.000000000,0.000000000,1.000000000,1,-0.861286665,-0.385054308,0.819575268,0.000000000,0.000000000,-0.010008474,0.999949914,3
1782463467.486745358,9.651442528,2882,vicon_state_data,ball,1,0,1.201074923,0.047646443,0.988609035,0.000000000,0.000000000,0.000000000,1.000000000,1,-0.861335018,-0.385059763,0.819635602,0.000000000,0.000000000,-0.009627648,0.999953653,3
1782463467.490310431,9.655007601,2883,vicon_state_data,ball,1,0,1.193660863,0.048270772,0.983047088,0.000000000,0.000000000,0.000000000,1.000000000,1,-0.861713209,-0.384739566,0.819977055,0.000000000,0.000000000,-0.005191948,0.999986522,3
1782463467.493598700,9.658295870,2884,vicon_state_data,ball,1,0,1.185941720,0.049356867,0.977838156,0.000000000,0.000000000,0.000000000,1.000000000,1,-0.861719925,-0.384716089,0.820004695,0.000000000,0.000000000,-0.005181763,0.999986575,3
1782463467.496673584,9.661370754,2885,vicon_state_data,ball,1,0,1.178149626,0.049270294,0.971976057,0.000000000,0.000000000,0.000000000,1.000000000,1,-0.861384980,-0.385319181,0.819649996,0.000000000,0.000000000,-0.009501070,0.999954864,3
1782463467.500187159,9.664884329,2886,vicon_state_data,ball,1,0,1.170383426,0.049388104,0.965575121,0.000000000,0.000000000,0.000000000,1.000000000,1,-0.861742031,-0.384892749,0.820045392,0.000000000,0.000000000,-0.005240974,0.999986266,3
1782463467.503382444,9.668079615,2887,vicon_state_data,ball,1,0,1.163034794,0.049801547,0.959346541,0.000000000,0.000000000,0.000000000,1.000000000,1,-0.861416005,-0.385387516,0.819765069,0.000000000,0.000000000,-0.009392611,0.999955888,3
1782463467.506964684,9.671661854,2888,vicon_state_data,ball,1,0,1.155685350,0.050424218,0.953348944,0.000000000,0.000000000,0.000000000,1.000000000,1,-0.861455333,-0.385366395,0.819762386,0.000000000,0.000000000,-0.009097623,0.999958616,3
1782463467.510241508,9.674938679,2889,vicon_state_data,ball,1,0,1.148497661,0.051002191,0.947099853,0.000000000,0.000000000,0.000000000,1.000000000,1,-0.861732573,-0.385049280,0.820016826,0.000000000,0.000000000,-0.005406117,0.999985387,3
1782463467.513448000,9.678145170,2890,vicon_state_data,ball,1,0,1.141514008,0.051177554,0.940671395,0.000000000,0.000000000,0.000000000,1.000000000,1,-0.861416033,-0.385570780,0.819699305,0.000000000,0.000000000,-0.009687448,0.999953076,3
1782463467.516784906,9.681482077,2891,vicon_state_data,ball,1,0,1.134507987,0.051354495,0.934245531,0.000000000,0.000000000,0.000000000,1.000000000,1,-0.861455404,-0.385603792,0.819714822,0.000000000,0.000000000,-0.009488790,0.999954980,3
1782463467.520016670,9.684713840,2892,vicon_state_data,ball,1,0,1.127395049,0.051929305,0.927381690,0.000000000,0.000000000,0.000000000,1.000000000,1,-0.861897445,-0.385174180,0.820117190,0.000000000,0.000000000,-0.004359670,0.999990497,3
1782463467.523300171,9.687997341,2893,vicon_state_data,ball,1,0,1.120019412,0.052434039,0.920858171,0.000000000,0.000000000,0.000000000,1.000000000,1,-0.861917174,-0.385198813,0.820101404,0.000000000,0.000000000,-0.004387079,0.999990377,3
1782463467.526868105,9.691565275,2894,vicon_state_data,ball,1,0,1.112598263,0.053023398,0.914078159,0.000000000,0.000000000,0.000000000,1.000000000,1,-0.861893060,-0.385273009,0.820112159,0.000000000,0.000000000,-0.004681284,0.999989043,3
1782463467.530015469,9.694712639,2895,vicon_state_data,ball,1,0,1.105346487,0.053606762,0.906568621,0.000000000,0.000000000,0.000000000,1.000000000,1,-0.861911380,-0.385317646,0.820148118,0.000000000,0.000000000,-0.004700928,0.999988951,3
1782463467.533330202,9.698027372,2896,vicon_state_data,ball,1,0,1.097713251,0.054310525,0.899689921,0.000000000,0.000000000,0.000000000,1.000000000,1,-0.861897972,-0.385317671,0.820121389,0.000000000,0.000000000,-0.004594684,0.999989444,3
1782463467.536718845,9.701416016,2897,vicon_state_data,ball,1,0,1.090066856,0.054898217,0.892849989,0.000000000,0.000000000,0.000000000,1.000000000,1,-0.861908319,-0.385421023,0.820116653,0.000000000,0.000000000,-0.004559410,0.999989606,3
1782463467.540058851,9.704756021,2898,vicon_state_data,ball,1,0,1.082404804,0.055309900,0.885478139,0.000000000,0.000000000,0.000000000,1.000000000,1,-0.862065639,-0.385311163,0.820200790,0.000000000,0.000000000,-0.003730805,0.999993041,3
1782463467.543349504,9.708046675,2899,vicon_state_data,ball,1,0,1.074757234,0.055794596,0.878596094,0.000000000,0.000000000,0.000000000,1.000000000,1,-0.861953370,-0.385454772,0.820135486,0.000000000,0.000000000,-0.004466141,0.999990027,3
1782463467.546680689,9.711377859,2900,vicon_state_data,ball,1,0,1.067279658,0.056302258,0.871991260,0.000000000,0.000000000,0.000000000,1.000000000,1,-0.862163628,-0.385421218,0.820329696,0.000000000,0.000000000,-0.003501923,0.999993868,3
1782463467.549962997,9.714660168,2901,vicon_state_data,ball,1,0,1.060318196,0.056795415,0.864746243,0.000000000,0.000000000,0.000000000,1.000000000,1,-0.861848695,-0.385828150,0.820062780,0.000000000,0.000000000,-0.006801793,0.999976868,3
1782463467.553376198,9.718073368,2902,vicon_state_data,ball,1,0,1.053240145,0.057201262,0.857290147,0.000000000,0.000000000,0.000000000,1.000000000,1,-0.862115993,-0.385563197,0.820230474,0.000000000,0.000000000,-0.003474659,0.999993963,3
1782463467.556804895,9.721502066,2903,vicon_state_data,ball,1,0,1.046228783,0.057862971,0.849775345,0.000000000,0.000000000,0.000000000,1.000000000,1,-0.861990809,-0.385753057,0.820113209,0.000000000,0.000000000,-0.004267625,0.999990894,3
1782463467.560208321,9.724905491,2904,vicon_state_data,ball,1,0,1.039041703,0.058357536,0.842333222,0.000000000,0.000000000,0.000000000,1.000000000,1,-0.861888634,-0.385934218,0.820049414,0.000000000,0.000000000,-0.006513281,0.999978788,3
1782463467.563438177,9.728135347,2905,vicon_state_data,ball,1,0,1.031971205,0.058612503,0.834201410,0.000000000,0.000000000,0.000000000,1.000000000,1,-0.862143076,-0.385758925,0.820200884,0.000000000,0.000000000,-0.003461959,0.999994007,3
1782463467.566703796,9.731400967,2906,vicon_state_data,ball,1,0,1.024824158,0.058971591,0.826002408,0.000000000,0.000000000,0.000000000,1.000000000,1,-0.861590156,-0.386419811,0.819908840,0.000000000,0.000000000,-0.008075634,0.999967392,3
1782463467.570022821,9.734719992,2907,vicon_state_data,ball,1,0,1.017528464,0.059577457,0.818107315,0.000000000,0.000000000,0.000000000,1.000000000,1,-0.861636040,-0.386400825,0.819975808,0.000000000,0.000000000,-0.007695038,0.999970393,3
1782463467.573537827,9.738234997,2908,vicon_state_data,ball,1,0,1.010023986,0.060495498,0.810399010,0.000000000,0.000000000,0.000000000,1.000000000,1,-0.861777238,-0.386132216,0.819829277,0.000000000,0.000000000,-0.005525520,0.999984734,3
1782463467.576752424,9.741449594,2909,vicon_state_data,ball,1,0,1.002597322,0.061180438,0.802450894,0.000000000,0.000000000,0.000000000,1.000000000,1,-0.861655939,-0.386501984,0.819976303,0.000000000,0.000000000,-0.007896072,0.999968826,3
1782463467.579952478,9.744649649,2910,vicon_state_data,ball,1,0,0.994908388,0.061341753,0.794027759,0.000000000,0.000000000,0.000000000,1.000000000,1,-0.861823225,-0.386202459,0.819837961,0.000000000,0.000000000,-0.005337133,0.999985757,3
1782463467.583289385,9.747986555,2911,vicon_state_data,ball,1,0,0.987303459,0.061757043,0.785373448,0.000000000,0.000000000,0.000000000,1.000000000,1,-0.861659903,-0.386652731,0.819934816,0.000000000,0.000000000,-0.007738311,0.999970059,3
1782463467.586921453,9.751618624,2912,vicon_state_data,ball,1,0,0.980038104,0.062212252,0.776778219,0.000000000,0.000000000,0.000000000,1.000000000,1,-0.861843187,-0.386302065,0.819831164,0.000000000,0.000000000,-0.005332196,0.999985784,3
1782463467.589965582,9.754662752,2913,vicon_state_data,ball,1,0,0.972732479,0.062988944,0.768418995,0.000000000,0.000000000,0.000000000,1.000000000,1,-0.861719898,-0.386670214,0.819918329,0.000000000,0.000000000,-0.007694911,0.999970394,3
1782463467.593309164,9.758006334,2914,vicon_state_data,ball,1,0,0.966569700,0.063438298,0.768569651,0.000000000,0.000000000,0.000000000,1.000000000,1,-0.861746753,-0.386700021,0.819965348,0.000000000,0.000000000,-0.007644682,0.999970779,3
1782463467.596554041,9.761251211,2915,vicon_state_data,ball,1,0,0.961158718,0.063812984,0.775980448,0.000000000,0.000000000,0.000000000,1.000000000,1,-0.861783690,-0.386739144,0.819981847,0.000000000,0.000000000,-0.007498499,0.999971886,3
1782463467.600328207,9.765025377,2916,vicon_state_data,ball,1,0,0.955695678,0.064215013,0.783412807,0.000000000,0.000000000,0.000000000,1.000000000,1,-0.861894387,-0.386458452,0.819792888,0.000000000,0.000000000,-0.005217332,0.999986390,3
1782463467.603346586,9.768043756,2917,vicon_state_data,ball,1,0,0.950354153,0.064633986,0.790757576,0.000000000,0.000000000,0.000000000,1.000000000,1,-0.861792957,-0.386786405,0.819925699,0.000000000,0.000000000,-0.007473347,0.999972074,3
1782463467.606695652,9.771392822,2918,vicon_state_data,ball,1,0,0.944870339,0.065348028,0.797563128,0.000000000,0.000000000,0.000000000,1.000000000,1,-0.861933362,-0.386513259,0.819822515,0.000000000,0.000000000,-0.005169913,0.999986636,3
1782463467.609936476,9.774633646,2919,vicon_state_data,ball,1,0,0.939370028,0.065802508,0.804548949,0.000000000,0.000000000,0.000000000,1.000000000,1,-0.861978974,-0.386546986,0.819855582,0.000000000,0.000000000,-0.005019337,0.999987403,3
1782463467.613183260,9.777880430,2920,vicon_state_data,ball,1,0,0.933866815,0.066300442,0.811454128,0.000000000,0.000000000,0.000000000,1.000000000,1,-0.861841359,-0.386928802,0.819982035,0.000000000,0.000000000,-0.007429362,0.999972402,3
1782463467.616826773,9.781523943,2921,vicon_state_data,ball,1,0,0.928249847,0.066896186,0.818330989,0.000000000,0.000000000,0.000000000,1.000000000,1,-0.861878793,-0.386956799,0.820019387,0.000000000,0.000000000,-0.007284317,0.999973469,3
1782463467.620003223,9.784700394,2922,vicon_state_data,ball,1,0,0.922788167,0.067643637,0.824933147,0.000000000,0.000000000,0.000000000,1.000000000,1,-0.861899032,-0.387003209,0.819999398,0.000000000,0.000000000,-0.007149068,0.999974445,3
1782463467.623660803,9.788357973,2923,vicon_state_data,ball,1,0,0.917335224,0.068377490,0.831164604,0.000000000,0.000000000,0.000000000,1.000000000,1,-0.862042528,-0.386692163,0.819864566,0.000000000,0.000000000,-0.004909632,0.999987948,3
1782463467.626668215,9.791365385,2924,vicon_state_data,ball,1,0,0.911658974,0.068978176,0.837640908,0.000000000,0.000000000,0.000000000,1.000000000,1,-0.862060287,-0.386709477,0.819841095,0.000000000,0.000000000,-0.004791053,0.999988523,3
1782463467.629976988,9.794674158,2925,vicon_state_data,ball,1,0,0.906016902,0.069576911,0.843958641,0.000000000,0.000000000,0.000000000,1.000000000,1,-0.861979135,-0.387096531,0.820018653,0.000000000,0.000000000,-0.006832085,0.999976661,3
1782463467.633517742,9.798214912,2926,vicon_state_data,ball,1,0,0.900390157,0.070233419,0.850275408,0.000000000,0.000000000,0.000000000,1.000000000,1,-0.862006772,-0.387135806,0.820037428,0.000000000,0.000000000,-0.006839905,0.999976608,3
1782463467.636890411,9.801587582,2927,vicon_state_data,ball,1,0,0.894735359,0.070927648,0.856548562,0.000000000,0.000000000,0.000000000,1.000000000,1,-0.862143623,-0.386837371,0.819829607,0.000000000,0.000000000,-0.004683271,0.999989033,3
1782463467.639943600,9.804640770,2928,vicon_state_data,ball,1,0,0.888894835,0.071474971,0.862725095,0.000000000,0.000000000,0.000000000,1.000000000,1,-0.862017901,-0.387217446,0.819965490,0.000000000,0.000000000,-0.006862221,0.999976455,3
1782463467.643393755,9.808090925,2929,vicon_state_data,ball,1,0,0.882963255,0.072084614,0.868983558,0.000000000,0.000000000,0.000000000,1.000000000,1,-0.862060023,-0.387254500,0.820009823,0.000000000,0.000000000,-0.007037877,0.999975234,3
1782463467.646646500,9.811343670,2930,vicon_state_data,ball,1,0,0.877314142,0.072536274,0.874853575,0.000000000,0.000000000,0.000000000,1.000000000,1,-0.862270759,-0.386945439,0.819970806,0.000000000,0.000000000,-0.004053006,0.999991787,3
1782463467.650315762,9.815012932,2931,vicon_state_data,ball,1,0,0.871872089,0.072974550,0.880561428,0.000000000,0.000000000,0.000000000,1.000000000,1,-0.862217800,-0.386959315,0.819859699,0.000000000,0.000000000,-0.004298844,0.999990760,3
1782463467.653308630,9.818005800,2932,vicon_state_data,ball,1,0,0.866481300,0.073425408,0.886171973,0.000000000,0.000000000,0.000000000,1.000000000,1,-0.862122484,-0.387306828,0.820020264,0.000000000,0.000000000,-0.006330724,0.999979961,3
1782463467.656805038,9.821502209,2933,vicon_state_data,ball,1,0,0.861160742,0.073793271,0.891649566,0.000000000,0.000000000,0.000000000,1.000000000,1,-0.862125965,-0.387309370,0.820014714,0.000000000,0.000000000,-0.006298228,0.999980166,3
1782463467.660058737,9.824755907,2934,vicon_state_data,ball,1,0,0.855859303,0.074329017,0.897062647,0.000000000,0.000000000,0.000000000,1.000000000,1,-0.862138268,-0.387336871,0.819965988,0.000000000,0.000000000,-0.006391556,0.999979574,3
1782463467.663584948,9.828282118,2935,vicon_state_data,ball,1,0,0.850662867,0.074714891,0.902138844,0.000000000,0.000000000,0.000000000,1.000000000,1,-0.862309791,-0.387036816,0.819849642,0.000000000,0.000000000,-0.004008134,0.999991967,3
1782463467.666764975,9.831462145,2936,vicon_state_data,ball,1,0,0.845400878,0.075003890,0.907303282,0.000000000,0.000000000,0.000000000,1.000000000,1,-0.862322598,-0.387104366,0.819854821,0.000000000,0.000000000,-0.003994195,0.999992023,3
1782463467.669978857,9.834676027,2937,vicon_state_data,ball,1,0,0.839926584,0.075755449,0.912448400,0.000000000,0.000000000,0.000000000,1.000000000,1,-0.862167927,-0.387440081,0.819942241,0.000000000,0.000000000,-0.006323985,0.999980003,3
1782463467.673280001,9.837977171,2938,vicon_state_data,ball,1,0,0.834504326,0.076295477,0.917342295,0.000000000,0.000000000,0.000000000,1.000000000,1,-0.862428856,-0.387160418,0.819977892,0.000000000,0.000000000,-0.003700317,0.999993154,3
1782463467.676596642,9.841293812,2939,vicon_state_data,ball,1,0,0.829058887,0.076769038,0.922129022,0.000000000,0.000000000,0.000000000,1.000000000,1,-0.862235846,-0.387429595,0.819998932,0.000000000,0.000000000,-0.005894639,0.999982626,3
1782463467.680056810,9.844753981,2940,vicon_state_data,ball,1,0,0.823634014,0.077229030,0.926797360,0.000000000,0.000000000,0.000000000,1.000000000,1,-0.862222847,-0.387533977,0.819958798,0.000000000,0.000000000,-0.006125432,0.999981239,3
1782463467.683268547,9.847965717,2941,vicon_state_data,ball,1,0,0.818220728,0.077682755,0.931361487,0.000000000,0.000000000,0.000000000,1.000000000,1,-0.862264098,-0.387527295,0.819981024,0.000000000,0.000000000,-0.005929028,0.999982423,3
1782463467.686589479,9.851286650,2942,vicon_state_data,ball,1,0,0.812747789,0.078253489,0.935782779,0.000000000,0.000000000,0.000000000,1.000000000,1,-0.862309345,-0.387511482,0.820037363,0.000000000,0.000000000,-0.005621560,0.999984199,3
1782463467.690460920,9.855158091,2943,vicon_state_data,ball,1,0,0.807262349,0.078903420,0.940153526,0.000000000,0.000000000,0.000000000,1.000000000,1,-0.862526539,-0.387286094,0.820049907,0.000000000,0.000000000,-0.003527875,0.999993777,3
1782463467.693389416,9.858086586,2944,vicon_state_data,ball,1,0,0.801741298,0.079634482,0.944497202,0.000000000,0.000000000,0.000000000,1.000000000,1,-0.862324086,-0.387602847,0.820022652,0.000000000,0.000000000,-0.005891786,0.999982643,3
1782463467.697668791,9.862365961,2945,vicon_state_data,ball,1,0,0.796081429,0.080581603,0.948911539,0.000000000,0.000000000,0.000000000,1.000000000,1,-0.862500044,-0.387326537,0.819944181,0.000000000,0.000000000,-0.003689950,0.999993192,3
1782463467.700264215,9.864961386,2946,vicon_state_data,ball,1,0,0.790619067,0.081205934,0.952855193,0.000000000,0.000000000,0.000000000,1.000000000,1,-0.862576687,-0.387430001,0.820040307,0.000000000,0.000000000,-0.003608997,0.999993488,3
1782463467.703349352,9.868046522,2947,vicon_state_data,ball,1,0,0.784804057,0.081825669,0.956705289,0.000000000,0.000000000,0.000000000,1.000000000,1,-0.862509619,-0.387443897,0.819896828,0.000000000,0.000000000,-0.003939636,0.999992240,3
1782463467.706610441,9.871307611,2948,vicon_state_data,ball,1,0,0.779070544,0.082119560,0.960398770,0.000000000,0.000000000,0.000000000,1.000000000,1,-0.862577524,-0.387530360,0.819982410,0.000000000,0.000000000,-0.003803524,0.999992767,3
1782463467.709969521,9.874666691,2949,vicon_state_data,ball,1,0,0.773573616,0.082600946,0.963917048,0.000000000,0.000000000,0.000000000,1.000000000,1,-0.862519831,-0.387563184,0.819880548,0.000000000,0.000000000,-0.004051725,0.999991792,3
1782463467.713371992,9.878069162,2950,vicon_state_data,ball,1,0,0.768082927,0.083261472,0.967532028,0.000000000,0.000000000,0.000000000,1.000000000,1,-0.862597090,-0.387580302,0.819934381,0.000000000,0.000000000,-0.003716557,0.999993094,3
1782463467.716628075,9.881325245,2951,vicon_state_data,ball,1,0,0.762632649,0.083981094,0.970973278,0.000000000,0.000000000,0.000000000,1.000000000,1,-0.862722704,-0.387561072,0.820031807,0.000000000,0.000000000,-0.003149461,0.999995040,3
1782463467.719939947,9.884637117,2952,vicon_state_data,ball,1,0,0.757257591,0.084676271,0.974345762,0.000000000,0.000000000,0.000000000,1.000000000,1,-0.862603970,-0.387664031,0.819926882,0.000000000,0.000000000,-0.003664561,0.999993285,3
1782463467.723498821,9.888195992,2953,vicon_state_data,ball,1,0,0.752014192,0.085229613,0.977538350,0.000000000,0.000000000,0.000000000,1.000000000,1,-0.862478087,-0.387906114,0.819983845,0.000000000,0.000000000,-0.005459835,0.999985095,3
1782463467.727090359,9.891787529,2954,vicon_state_data,ball,1,0,0.746779284,0.085759429,0.980649725,0.000000000,0.000000000,0.000000000,1.000000000,1,-0.862544949,-0.387946315,0.819994139,0.000000000,0.000000000,-0.005333603,0.999985776,3
1782463467.730559349,9.895256519,2955,vicon_state_data,ball,1,0,0.741526614,0.086369689,0.983496482,0.000000000,0.000000000,0.000000000,1.000000000,1,-0.862620208,-0.387825284,0.819851904,0.000000000,0.000000000,-0.003845156,0.999992607,3
1782463467.733704090,9.898401260,2956,vicon_state_data,ball,1,0,0.736300125,0.086811568,0.986395578,0.000000000,0.000000000,0.000000000,1.000000000,1,-0.862620156,-0.387851343,0.819823513,0.000000000,0.000000000,-0.003924433,0.999992299,3
1782463467.736894131,9.901591301,2957,vicon_state_data,ball,1,0,0.731077490,0.087300473,0.989134775,0.000000000,0.000000000,0.000000000,1.000000000,1,-0.862505775,-0.388106606,0.819925937,0.000000000,0.000000000,-0.005563464,0.999984524,3
1782463467.740129948,9.904827118,2958,vicon_state_data,ball,1,0,0.725770809,0.087836209,0.991779448,0.000000000,0.000000000,0.000000000,1.000000000,1,-0.862535781,-0.388146736,0.819959649,0.000000000,0.000000000,-0.005503717,0.999984854,3
1782463467.744332314,9.909029484,2959,vicon_state_data,ball,1,0,0.720373679,0.088485445,0.994339045,0.000000000,0.000000000,0.000000000,1.000000000,1,-0.862727597,-0.387943984,0.819899666,0.000000000,0.000000000,-0.003430128,0.999994117,3
1782463467.747190475,9.911887646,2960,vicon_state_data,ball,1,0,0.714943567,0.089210042,0.996780393,0.000000000,0.000000000,0.000000000,1.000000000,1,-0.862553287,-0.388278536,0.819919081,0.000000000,0.000000000,-0.005643766,0.999984074,3
1782463467.750321865,9.915019035,2961,vicon_state_data,ball,1,0,0.709652536,0.089982942,0.998892422,0.000000000,0.000000000,0.000000000,1.000000000,1,-0.862554128,-0.388345514,0.819914821,0.000000000,0.000000000,-0.005752066,0.999983457,3
1782463467.753492832,9.918190002,2962,vicon_state_data,ball,1,0,0.704232778,0.090670605,1.000987615,0.000000000,0.000000000,0.000000000,1.000000000,1,-0.862605518,-0.388309071,0.819956025,0.000000000,0.000000000,-0.005400139,0.999985419,3
1782463467.756805420,9.921502590,2963,vicon_state_data,ball,1,0,0.698743806,0.091357692,1.003106199,0.000000000,0.000000000,0.000000000,1.000000000,1,-0.862634811,-0.388378661,0.819958768,0.000000000,0.000000000,-0.005419299,0.999985315,3
1782463467.760508776,9.925205946,2964,vicon_state_data,ball,1,0,0.693275230,0.092078380,1.005132804,0.000000000,0.000000000,0.000000000,1.000000000,1,-0.862796928,-0.388122321,0.819880005,0.000000000,0.000000000,-0.003431815,0.999994111,3
1782463467.763438225,9.928135395,2965,vicon_state_data,ball,1,0,0.687837553,0.092820349,1.007134769,0.000000000,0.000000000,0.000000000,1.000000000,1,-0.862681747,-0.388399844,0.819996276,0.000000000,0.000000000,-0.005188430,0.999986540,3
1782463467.767364025,9.932061195,2966,vicon_state_data,ball,1,0,0.682348943,0.093438994,1.008985434,0.000000000,0.000000000,0.000000000,1.000000000,1,-0.862855931,-0.388141527,0.819883651,0.000000000,0.000000000,-0.003166996,0.999994985,3
1782463467.770067930,9.934765100,2967,vicon_state_data,ball,1,0,0.676799751,0.094009940,1.010760504,0.000000000,0.000000000,0.000000000,1.000000000,1,-0.862715237,-0.388510321,0.819964210,0.000000000,0.000000000,-0.005145264,0.999986763,3
1782463467.773588657,9.938285828,2968,vicon_state_data,ball,1,0,0.670981679,0.094790686,1.012692706,0.000000000,0.000000000,0.000000000,1.000000000,1,-0.862947811,-0.388207424,0.819960583,0.000000000,0.000000000,-0.002779384,0.999996138,3
1782463467.776705742,9.941402912,2969,vicon_state_data,ball,1,0,0.665516714,0.095368460,1.014316461,0.000000000,0.000000000,0.000000000,1.000000000,1,-0.862986207,-0.388286054,0.819965284,0.000000000,0.000000000,-0.002771885,0.999996158,3
1782463467.779981375,9.944678545,2970,vicon_state_data,ball,1,0,0.660229876,0.095841944,1.015795672,0.000000000,0.000000000,0.000000000,1.000000000,1,-0.862841086,-0.388544871,0.819996321,0.000000000,0.000000000,-0.004632355,0.999989271,3
1782463467.783457756,9.948154926,2971,vicon_state_data,ball,1,0,0.654956904,0.096486560,1.017058408,0.000000000,0.000000000,0.000000000,1.000000000,1,-0.862814959,-0.388642062,0.819968075,0.000000000,0.000000000,-0.004971364,0.999987643,3
1782463467.786881447,9.951578617,2972,vicon_state_data,ball,1,0,0.649880810,0.096718317,1.018364420,0.000000000,0.000000000,0.000000000,1.000000000,1,-0.862820768,-0.388541882,0.819954933,0.000000000,0.000000000,-0.004579328,0.999989515,3
1782463467.790115833,9.954813004,2973,vicon_state_data,ball,1,0,0.644743073,0.097225051,1.019498705,0.000000000,0.000000000,0.000000000,1.000000000,1,-0.862877661,-0.388659698,0.819974375,0.000000000,0.000000000,-0.004756411,0.999988688,3
1782463467.793354511,9.958051682,2974,vicon_state_data,ball,1,0,0.639641812,0.097705376,1.020420155,0.000000000,0.000000000,0.000000000,1.000000000,1,-0.862854858,-0.388646688,0.819966695,0.000000000,0.000000000,-0.004599623,0.999989422,3
1782463467.796683311,9.961380482,2975,vicon_state_data,ball,1,0,0.634381260,0.098331591,1.021414587,0.000000000,0.000000000,0.000000000,1.000000000,1,-0.863065613,-0.388491430,0.819927348,0.000000000,0.000000000,-0.002771867,0.999996158,3
1782463467.800043583,9.964740753,2976,vicon_state_data,ball,1,0,0.629139761,0.098899542,1.022224384,0.000000000,0.000000000,0.000000000,1.000000000,1,-0.863100678,-0.388464798,0.819908190,0.000000000,0.000000000,-0.002639013,0.999996518,3
1782463467.803319216,9.968016386,2977,vicon_state_data,ball,1,0,0.623861848,0.099438451,1.022904067,0.000000000,0.000000000,0.000000000,1.000000000,1,-0.862960395,-0.388664975,0.820035554,0.000000000,0.000000000,-0.004098402,0.999991602,3
1782463467.806837559,9.971534729,2978,vicon_state_data,ball,1,0,0.618449383,0.100155808,1.023555056,0.000000000,0.000000000,0.000000000,1.000000000,1,-0.862968568,-0.388672016,0.819998440,0.000000000,0.000000000,-0.004042413,0.999991829,3
1782463467.810524464,9.975221634,2979,vicon_state_data,ball,1,0,0.613337892,0.100443412,1.024096447,0.000000000,0.000000000,0.000000000,1.000000000,1,-0.863003412,-0.388735976,0.820030686,0.000000000,0.000000000,-0.003958764,0.999992164,3
1782463467.813456297,9.978153467,2980,vicon_state_data,ball,1,0,0.607971313,0.100984889,1.024212483,0.000000000,0.000000000,0.000000000,1.000000000,1,-0.863087819,-0.388899056,0.820110458,0.000000000,0.000000000,-0.004124971,0.999991492,3
1782463467.816938639,9.981635809,2981,vicon_state_data,ball,1,0,0.602672824,0.101550881,1.024416253,0.000000000,0.000000000,0.000000000,1.000000000,1,-0.863114770,-0.388915309,0.820135532,0.000000000,0.000000000,-0.004014243,0.999991943,3
1782463467.820237160,9.984934330,2982,vicon_state_data,ball,1,0,0.597320084,0.102232913,1.024561679,0.000000000,0.000000000,0.000000000,1.000000000,1,-0.863267727,-0.388666917,0.819981718,0.000000000,0.000000000,-0.002209370,0.999997559,3
1782463467.823515892,9.988213062,2983,vicon_state_data,ball,1,0,0.591987526,0.102998879,1.024644670,0.000000000,0.000000000,0.000000000,1.000000000,1,-0.863149445,-0.388831668,0.820152584,0.000000000,0.000000000,-0.003473882,0.999993966,3
1782463467.826951981,9.991649151,2984,vicon_state_data,ball,1,0,0.586642240,0.103701108,1.024651826,0.000000000,0.000000000,0.000000000,1.000000000,1,-0.863285434,-0.388958941,0.820227524,0.000000000,0.000000000,-0.003362045,0.999994348,3
1782463467.830112457,9.994809628,2985,vicon_state_data,ball,1,0,0.581169200,0.104359114,1.024408690,0.000000000,0.000000000,0.000000000,1.000000000,1,-0.863216092,-0.389078218,0.820192114,0.000000000,0.000000000,-0.003816942,0.999992715,3
1782463467.833606005,9.998303175,2986,vicon_state_data,ball,1,0,0.575465674,0.105137441,1.024166279,0.000000000,0.000000000,0.000000000,1.000000000,1,-0.863633963,-0.388657757,0.820441611,0.000000000,0.000000000,-0.000667447,0.999999777,3
1782463467.837144375,10.001841545,2987,vicon_state_data,ball,1,0,0.569894036,0.105550939,1.023696949,0.000000000,0.000000000,0.000000000,1.000000000,1,-0.863549900,-0.388926704,0.820422447,0.000000000,0.000000000,-0.001477058,0.999998909,3
1782463467.840244055,10.004941225,2988,vicon_state_data,ball,1,0,0.564545326,0.106113318,1.023037054,0.000000000,0.000000000,0.000000000,1.000000000,1,-0.863583442,-0.388950269,0.820409381,0.000000000,0.000000000,-0.001503812,0.999998869,3
1782463467.843588352,10.008285522,2989,vicon_state_data,ball,1,0,0.559183232,0.106717679,1.022626493,0.000000000,0.000000000,0.000000000,1.000000000,1,-0.863631055,-0.388937894,0.820385406,0.000000000,0.000000000,-0.001255700,0.999999212,3
1782463467.846731186,10.011428356,2990,vicon_state_data,ball,1,0,0.553841354,0.107503829,1.021935972,0.000000000,0.000000000,0.000000000,1.000000000,1,-0.863684986,-0.388951233,0.820426652,0.000000000,0.000000000,-0.001047000,0.999999452,3
1782463467.850094080,10.014791250,2991,vicon_state_data,ball,1,0,0.548725162,0.108099206,1.021013528,0.000000000,0.000000000,0.000000000,1.000000000,1,-0.863672593,-0.388969812,0.820373680,0.000000000,0.000000000,-0.001208271,0.999999270,3
1782463467.853518486,10.018215656,2992,vicon_state_data,ball,1,0,0.543726428,0.108565827,1.019875697,0.000000000,0.000000000,0.000000000,1.000000000,1,-0.863645042,-0.388879650,0.820029313,0.000000000,0.000000000,-0.000922165,0.999999575,3
1782463467.856710434,10.021407604,2993,vicon_state_data,ball,1,0,0.538553523,0.109129904,1.018895553,0.000000000,0.000000000,0.000000000,1.000000000,1,-0.863747530,-0.388962857,0.820354896,0.000000000,0.000000000,-0.000862051,0.999999628,3
1782463467.860499144,10.025196314,2994,vicon_state_data,ball,1,0,0.533377033,0.109703770,1.017745938,0.000000000,0.000000000,0.000000000,1.000000000,1,-0.863721729,-0.388426135,0.820009249,0.000000000,0.000000000,0.000005196,1.000000000,3
1782463467.863611221,10.028308392,2995,vicon_state_data,ball,1,0,0.528241372,0.110266358,1.016451307,0.000000000,0.000000000,0.000000000,1.000000000,1,-0.863881839,-0.388207003,0.820471690,0.000000000,0.000000000,0.001866536,0.999998258,3
1782463467.867189646,10.031886816,2996,vicon_state_data,ball,1,0,0.523215676,0.110793763,1.014978953,0.000000000,0.000000000,0.000000000,1.000000000,1,-0.863887406,-0.388241662,0.820435873,0.000000000,0.000000000,0.001735120,0.999998495,3
1782463467.870392323,10.035089493,2997,vicon_state_data,ball,1,0,0.518023717,0.111390999,1.013421119,0.000000000,0.000000000,0.000000000,1.000000000,1,-0.863776449,-0.388490351,0.819984948,0.000000000,0.000000000,0.000024398,1.000000000,3
1782463467.873338461,10.038035631,2998,vicon_state_data,ball,1,0,0.512760472,0.112031774,1.011771221,0.000000000,0.000000000,0.000000000,1.000000000,1,-0.863943330,-0.388403671,0.820409661,0.000000000,0.000000000,0.001334550,0.999999109,3
1782463467.876646757,10.041343927,2999,vicon_state_data,ball,1,0,0.507454980,0.112825960,1.010002413,0.000000000,0.000000000,0.000000000,1.000000000,1,-0.863938669,-0.388504219,0.820389071,0.000000000,0.000000000,0.001115012,0.999999378,3
1782463467.880090714,10.044787884,3000,vicon_state_data,ball,1,0,0.502251791,0.113627702,1.007968865,0.000000000,0.000000000,0.000000000,1.000000000,1,-0.863865748,-0.388498919,0.820013417,0.000000000,0.000000000,0.000404950,0.999999918,3
1782463467.883482695,10.048179865,3001,vicon_state_data,ball,1,0,0.496898078,0.114335472,1.006097692,0.000000000,0.000000000,0.000000000,1.000000000,1,-0.863960016,-0.388538007,0.820372240,0.000000000,0.000000000,0.001078022,0.999999419,3
1782463467.886794567,10.051491737,3002,vicon_state_data,ball,1,0,0.491493712,0.115061594,1.004015709,0.000000000,0.000000000,0.000000000,1.000000000,1,-0.863972923,-0.388573869,0.820379444,0.000000000,0.000000000,0.000997632,0.999999502,3
1782463467.890080929,10.054778099,3003,vicon_state_data,ball,1,0,0.486114802,0.115784974,1.001931735,0.000000000,0.000000000,0.000000000,1.000000000,1,-0.863911838,-0.388611702,0.819999198,0.000000000,0.000000000,0.000317481,0.999999950,3
1782463467.893262148,10.057959318,3004,vicon_state_data,ball,1,0,0.480833827,0.116514681,0.999782470,0.000000000,0.000000000,0.000000000,1.000000000,1,-0.863879474,-0.388564952,0.819937346,0.000000000,0.000000000,0.000197970,0.999999980,3
1782463467.896612167,10.061309338,3005,vicon_state_data,ball,1,0,0.475486193,0.117179300,0.997492566,0.000000000,0.000000000,0.000000000,1.000000000,1,-0.863937795,-0.388663237,0.819988145,0.000000000,0.000000000,0.000238887,0.999999971,3
1782463467.900049686,10.064746857,3006,vicon_state_data,ball,1,0,0.469833506,0.117996010,0.995403838,0.000000000,0.000000000,0.000000000,1.000000000,1,-0.864649995,-0.388063701,0.820547810,0.000000000,0.000000000,0.004230630,0.999991051,3
1782463467.903277636,10.067974806,3007,vicon_state_data,ball,1,0,0.464402611,0.118537353,0.992863755,0.000000000,0.000000000,0.000000000,1.000000000,1,-0.864736220,-0.387333893,0.820544036,0.000000000,0.000000000,0.005821518,0.999983055,3
1782463467.906796217,10.071493387,3008,vicon_state_data,ball,1,0,0.459101075,0.119074212,0.990414794,0.000000000,0.000000000,0.000000000,1.000000000,1,-0.864121820,-0.388684562,0.820340084,0.000000000,0.000000000,0.001230460,0.999999243,3
1782463467.910052061,10.074749231,3009,vicon_state_data,ball,1,0,0.453887308,0.119699269,0.987669229,0.000000000,0.000000000,0.000000000,1.000000000,1,-0.864745244,-0.387608370,0.820544332,0.000000000,0.000000000,0.005316031,0.999985870,3
1782463467.913293600,10.077990770,3010,vicon_state_data,ball,1,0,0.448810318,0.120146724,0.984842548,0.000000000,0.000000000,0.000000000,1.000000000,1,-0.864705646,-0.387985606,0.820431220,0.000000000,0.000000000,0.004330370,0.999990624,3
1782463467.916921854,10.081619024,3011,vicon_state_data,ball,1,0,0.443728370,0.120733952,0.982113961,0.000000000,0.000000000,0.000000000,1.000000000,1,-0.864696780,-0.387712502,0.820499855,0.000000000,0.000000000,0.005124047,0.999986872,3
